race_id,date,venue,race_no,race_name,surface,distance,turn,weather,going,race_class,field_size,prize1,chaku,waku,umaban,horse,sex,age,kinryo,jockey,time_sec,margin,ninki,odds,agari,passage,trainer,weight,weight_diff,status
202406050201,2024-12-01,中山,1,2歳未勝利,ダ,1200,右,晴,良,"5回 中山 2日目 サラ系２歳 未勝利       [指] 馬齢 16頭 本賞金:550,220,140,83,55万円",16,550.0,1,3,6,レーヴレジェンド,牡,2,56.0,菊沢,72.6,,2,3.7,37.9,1-1,美浦 金成,494,8,
202406050201,2024-12-01,中山,1,2歳未勝利,ダ,1200,右,晴,良,"5回 中山 2日目 サラ系２歳 未勝利       [指] 馬齢 16頭 本賞金:550,220,140,83,55万円",16,550.0,2,6,12,サードウインド,牝,2,55.0,丹内,72.8,1.1/4,1,2.1,37.6,4-4,美浦 西田,458,4,
202406050201,2024-12-01,中山,1,2歳未勝利,ダ,1200,右,晴,良,"5回 中山 2日目 サラ系２歳 未勝利       [指] 馬齢 16頭 本賞金:550,220,140,83,55万円",16,550.0,3,7,13,ダイチラポール,牡,2,53.0,▲長浜,73.2,2.1/2,3,6.0,38.2,2-2,美浦 蛯名利,466,2,
202406050201,2024-12-01,中山,1,2歳未勝利,ダ,1200,右,晴,良,"5回 中山 2日目 サラ系２歳 未勝利       [指] 馬齢 16頭 本賞金:550,220,140,83,55万円",16,550.0,4,6,11,ダングラール,牡,2,56.0,マーカ,73.4,1.1/4,4,8.0,38.5,2-2,美浦 田中博,462,2,
202406050201,2024-12-01,中山,1,2歳未勝利,ダ,1200,右,晴,良,"5回 中山 2日目 サラ系２歳 未勝利       [指] 馬齢 16頭 本賞金:550,220,140,83,55万円",16,550.0,5,2,4,ミルトオーケストラ,牡,2,56.0,石橋脩,74.0,3.1/2,7,38.7,38.6,8-6,美浦 武市,448,2,
202406050201,2024-12-01,中山,1,2歳未勝利,ダ,1200,右,晴,良,"5回 中山 2日目 サラ系２歳 未勝利       [指] 馬齢 16頭 本賞金:550,220,140,83,55万円",16,550.0,6,7,14,クールマーロウ,牡,2,56.0,荻野極,74.4,2,10,140.2,39.1,7-6,美浦 矢野,440,14,
202406050201,2024-12-01,中山,1,2歳未勝利,ダ,1200,右,晴,良,"5回 中山 2日目 サラ系２歳 未勝利       [指] 馬齢 16頭 本賞金:550,220,140,83,55万円",16,550.0,7,5,9,イサチルカムカム,牡,2,56.0,木幡初,74.4,アタマ,8,113.8,38.4,12-12,美浦 竹内,424,6,
202406050201,2024-12-01,中山,1,2歳未勝利,ダ,1200,右,晴,良,"5回 中山 2日目 サラ系２歳 未勝利       [指] 馬齢 16頭 本賞金:550,220,140,83,55万円",16,550.0,8,1,2,コットンフラワー,牝,2,55.0,木幡育,74.4,クビ,12,191.3,38.6,11-11,美浦 松永康,430,4,
202406050201,2024-12-01,中山,1,2歳未勝利,ダ,1200,右,晴,良,"5回 中山 2日目 サラ系２歳 未勝利       [指] 馬齢 16頭 本賞金:550,220,140,83,55万円",16,550.0,9,8,15,モルフェヴォロンテ,牝,2,55.0,内田博,75.1,4,11,156.2,39.7,8-8,美浦 小手川,478,16,
202406050201,2024-12-01,中山,1,2歳未勝利,ダ,1200,右,晴,良,"5回 中山 2日目 サラ系２歳 未勝利       [指] 馬齢 16頭 本賞金:550,220,140,83,55万円",16,550.0,10,4,8,キタノライブリー,牝,2,55.0,鮫島駿,75.1,クビ,5,8.7,38.4,15-14,美浦 本間,446,-2,
202406050201,2024-12-01,中山,1,2歳未勝利,ダ,1200,右,晴,良,"5回 中山 2日目 サラ系２歳 未勝利       [指] 馬齢 16頭 本賞金:550,220,140,83,55万円",16,550.0,11,3,5,モーニングスター,牝,2,52.0,▲石神道,75.4,1.3/4,9,126.7,39.3,12-12,美浦 加藤和,430,-2,
202406050201,2024-12-01,中山,1,2歳未勝利,ダ,1200,右,晴,良,"5回 中山 2日目 サラ系２歳 未勝利       [指] 馬齢 16頭 本賞金:550,220,140,83,55万円",16,550.0,12,1,1,スターオブガイア,牡,2,56.0,丸田,75.6,3/4,13,238.7,39.0,15-16,美浦 南田,450,8,
202406050201,2024-12-01,中山,1,2歳未勝利,ダ,1200,右,晴,良,"5回 中山 2日目 サラ系２歳 未勝利       [指] 馬齢 16頭 本賞金:550,220,140,83,55万円",16,550.0,13,5,10,フェスティヴレッツ,牝,2,53.0,△小林脩,75.8,1,16,433.0,40.7,4-5,美浦 田島,456,-10,
202406050201,2024-12-01,中山,1,2歳未勝利,ダ,1200,右,晴,良,"5回 中山 2日目 サラ系２歳 未勝利       [指] 馬齢 16頭 本賞金:550,220,140,83,55万円",16,550.0,14,8,16,ゼロファイター,牡,2,56.0,柴田大,75.8,アタマ,14,370.2,40.3,8-8,美浦 和田雄,414,16,
202406050201,2024-12-01,中山,1,2歳未勝利,ダ,1200,右,晴,良,"5回 中山 2日目 サラ系２歳 未勝利       [指] 馬齢 16頭 本賞金:550,220,140,83,55万円",16,550.0,15,2,3,グレイトフルトップ,セ,2,56.0,原田和,75.9,1/2,15,378.5,39.6,14-14,美浦 天間,446,4,
202406050201,2024-12-01,中山,1,2歳未勝利,ダ,1200,右,晴,良,"5回 中山 2日目 サラ系２歳 未勝利       [指] 馬齢 16頭 本賞金:550,220,140,83,55万円",16,550.0,16,4,7,ディラードテソーロ,牡,2,56.0,木幡巧,76.2,1.3/4,6,19.0,41.1,4-10,美浦 畠山,436,4,
202406050202,2024-12-01,中山,2,2歳未勝利,ダ,1800,右,晴,良,"5回 中山 2日目 サラ系２歳 未勝利       [指] 馬齢 16頭 本賞金:550,220,140,83,55万円",16,550.0,1,5,10,バタール,牡,2,56.0,江田照,115.8,,1,3.2,39.0,3-3-3-3,美浦 鹿戸,540,12,
202406050202,2024-12-01,中山,2,2歳未勝利,ダ,1800,右,晴,良,"5回 中山 2日目 サラ系２歳 未勝利       [指] 馬齢 16頭 本賞金:550,220,140,83,55万円",16,550.0,2,8,15,マンボルンバ,牡,2,56.0,岩田康,115.8,クビ,7,26.9,39.2,2-2-2-1,美浦 加藤征,518,-4,
202406050202,2024-12-01,中山,2,2歳未勝利,ダ,1800,右,晴,良,"5回 中山 2日目 サラ系２歳 未勝利       [指] 馬齢 16頭 本賞金:550,220,140,83,55万円",16,550.0,3,7,14,イトウ,牡,2,56.0,マーカ,116.2,2.1/2,4,8.2,39.1,9-9-6-6,美浦 高柳瑞,490,-2,
202406050202,2024-12-01,中山,2,2歳未勝利,ダ,1800,右,晴,良,"5回 中山 2日目 サラ系２歳 未勝利       [指] 馬齢 16頭 本賞金:550,220,140,83,55万円",16,550.0,4,4,7,カゼノタカトシ,牡,2,56.0,田辺,116.3,1/2,3,5.0,39.0,9-9-8-8,美浦 久保田,470,2,
202406050202,2024-12-01,中山,2,2歳未勝利,ダ,1800,右,晴,良,"5回 中山 2日目 サラ系２歳 未勝利       [指] 馬齢 16頭 本賞金:550,220,140,83,55万円",16,550.0,5,3,5,スティーヴバローズ,牡,2,56.0,石橋脩,116.5,1.1/4,2,3.2,39.6,3-5-4-4,美浦 上原佑,472,8,
202406050202,2024-12-01,中山,2,2歳未勝利,ダ,1800,右,晴,良,"5回 中山 2日目 サラ系２歳 未勝利       [指] 馬齢 16頭 本賞金:550,220,140,83,55万円",16,550.0,6,8,16,ピジョンポイント,牡,2,56.0,津村,116.8,2,5,8.5,39.7,6-6-6-6,美浦 岩戸,482,6,
202406050202,2024-12-01,中山,2,2歳未勝利,ダ,1800,右,晴,良,"5回 中山 2日目 サラ系２歳 未勝利       [指] 馬齢 16頭 本賞金:550,220,140,83,55万円",16,550.0,7,3,6,ノーブルプライム,牡,2,53.0,▲土田,116.8,ハナ,9,85.6,39.4,11-11-10-10,美浦 田村,468,12,
202406050202,2024-12-01,中山,2,2歳未勝利,ダ,1800,右,晴,良,"5回 中山 2日目 サラ系２歳 未勝利       [指] 馬齢 16頭 本賞金:550,220,140,83,55万円",16,550.0,8,1,2,ニシノブレイゼスト,牡,2,56.0,荻野極,117.5,4,6,9.7,40.6,3-3-4-4,美浦 高木,494,0,
202406050202,2024-12-01,中山,2,2歳未勝利,ダ,1800,右,晴,良,"5回 中山 2日目 サラ系２歳 未勝利       [指] 馬齢 16頭 本賞金:550,220,140,83,55万円",16,550.0,9,2,3,カイトリヒト,牡,2,56.0,木幡初,117.8,1.1/2,13,377.7,41.2,1-1-1-2,美浦 武市,500,4,
202406050202,2024-12-01,中山,2,2歳未勝利,ダ,1800,右,晴,良,"5回 中山 2日目 サラ系２歳 未勝利       [指] 馬齢 16頭 本賞金:550,220,140,83,55万円",16,550.0,10,1,1,ダブルメッセージ,牡,2,53.0,▲石神道,117.9,1/2,10,265.4,40.3,6-6-11-11,美浦 和田郎,478,4,
202406050202,2024-12-01,中山,2,2歳未勝利,ダ,1800,右,晴,良,"5回 中山 2日目 サラ系２歳 未勝利       [指] 馬齢 16頭 本賞金:550,220,140,83,55万円",16,550.0,11,6,11,カンタベリーバイク,牡,2,54.0,△小林脩,117.9,クビ,15,578.6,40.7,8-8-8-9,美浦 的場,450,-4,
202406050202,2024-12-01,中山,2,2歳未勝利,ダ,1800,右,晴,良,"5回 中山 2日目 サラ系２歳 未勝利       [指] 馬齢 16頭 本賞金:550,220,140,83,55万円",16,550.0,12,4,8,ベイビーベリッシモ,牡,2,56.0,大野,118.4,3,12,299.5,40.1,15-15-15-14,美浦 大和田,494,-2,
202406050202,2024-12-01,中山,2,2歳未勝利,ダ,1800,右,晴,良,"5回 中山 2日目 サラ系２歳 未勝利       [指] 馬齢 16頭 本賞金:550,220,140,83,55万円",16,550.0,13,7,13,ネオシャクナゲ,牡,2,56.0,小林凌,118.7,1.3/4,11,277.7,41.2,12-12-11-11,美浦 小西,492,-2,
202406050202,2024-12-01,中山,2,2歳未勝利,ダ,1800,右,晴,良,"5回 中山 2日目 サラ系２歳 未勝利       [指] 馬齢 16頭 本賞金:550,220,140,83,55万円",16,550.0,14,5,9,レジェンダイズ,牡,2,56.0,丹内,119.7,6,8,27.8,41.7,16-16-14-15,美浦 黒岩,452,10,
202406050202,2024-12-01,中山,2,2歳未勝利,ダ,1800,右,晴,良,"5回 中山 2日目 サラ系２歳 未勝利       [指] 馬齢 16頭 本賞金:550,220,140,83,55万円",16,550.0,15,2,4,センノアバドン,牡,2,56.0,柴田大,119.8,1/2,14,546.6,41.6,13-13-15-15,美浦 南田,506,-10,
202406050202,2024-12-01,中山,2,2歳未勝利,ダ,1800,右,晴,良,"5回 中山 2日目 サラ系２歳 未勝利       [指] 馬齢 16頭 本賞金:550,220,140,83,55万円",16,550.0,16,6,12,ロイヤルカスタマー,牡,2,56.0,杉原,120.0,1.1/4,16,605.1,42.1,13-14-13-13,美浦 加藤和,492,0,
202406050203,2024-12-01,中山,3,2歳未勝利,芝,1600,右,晴,良,"5回 中山 2日目 サラ系２歳 未勝利       [指] 馬齢 15頭 本賞金:550,220,140,83,55万円",15,550.0,1,3,4,ジョイフルニュース,牝,2,55.0,大野,93.4,,1,2.1,34.9,1-1-1,美浦 大竹,442,-12,
202406050203,2024-12-01,中山,3,2歳未勝利,芝,1600,右,晴,良,"5回 中山 2日目 サラ系２歳 未勝利       [指] 馬齢 15頭 本賞金:550,220,140,83,55万円",15,550.0,2,4,7,ライラ,牝,2,55.0,木幡巧,93.6,1,4,8.1,35.1,2-2-2,美浦 牧,456,4,
202406050203,2024-12-01,中山,3,2歳未勝利,芝,1600,右,晴,良,"5回 中山 2日目 サラ系２歳 未勝利       [指] 馬齢 15頭 本賞金:550,220,140,83,55万円",15,550.0,3,7,13,スペシャルバニー,牝,2,55.0,荻野極,94.2,4,8,38.5,34.9,8-9-8,美浦 田村,400,12,
202406050203,2024-12-01,中山,3,2歳未勝利,芝,1600,右,晴,良,"5回 中山 2日目 サラ系２歳 未勝利       [指] 馬齢 15頭 本賞金:550,220,140,83,55万円",15,550.0,4,6,10,カツコノヒヤザケ,牡,2,56.0,原田和,94.3,3/4,5,12.9,35.0,11-9-8,美浦 伊藤伸,444,4,
202406050203,2024-12-01,中山,3,2歳未勝利,芝,1600,右,晴,良,"5回 中山 2日目 サラ系２歳 未勝利       [指] 馬齢 15頭 本賞金:550,220,140,83,55万円",15,550.0,5,7,12,ソレイケギンチャン,牝,2,51.0,★小林美,94.4,1/2,12,217.6,35.8,3-3-3,美浦 天間,432,-14,
202406050203,2024-12-01,中山,3,2歳未勝利,芝,1600,右,晴,良,"5回 中山 2日目 サラ系２歳 未勝利       [指] 馬齢 15頭 本賞金:550,220,140,83,55万円",15,550.0,6,4,6,ジェイエルハーバー,牡,2,56.0,田辺,94.4,クビ,11,72.2,34.7,8-11-11,美浦 小西,404,-2,
202406050203,2024-12-01,中山,3,2歳未勝利,芝,1600,右,晴,良,"5回 中山 2日目 サラ系２歳 未勝利       [指] 馬齢 15頭 本賞金:550,220,140,83,55万円",15,550.0,7,1,1,ヴェロニカペルシカ,牝,2,54.0,☆原,95.0,3.1/2,9,44.3,36.2,4-4-4,美浦 田島,420,6,
202406050203,2024-12-01,中山,3,2歳未勝利,芝,1600,右,晴,良,"5回 中山 2日目 サラ系２歳 未勝利       [指] 馬齢 15頭 本賞金:550,220,140,83,55万円",15,550.0,8,2,3,アグネスサンキ,牡,2,56.0,鮫島駿,95.1,1/2,7,23.1,35.5,13-11-11,美浦 和田勇,464,14,
202406050203,2024-12-01,中山,3,2歳未勝利,芝,1600,右,晴,良,"5回 中山 2日目 サラ系２歳 未勝利       [指] 馬齢 15頭 本賞金:550,220,140,83,55万円",15,550.0,9,5,8,アドベントシーズン,牡,2,53.0,▲長浜,95.2,1/2,2,4.4,36.3,4-4-5,美浦 畠山,434,6,
202406050203,2024-12-01,中山,3,2歳未勝利,芝,1600,右,晴,良,"5回 中山 2日目 サラ系２歳 未勝利       [指] 馬齢 15頭 本賞金:550,220,140,83,55万円",15,550.0,10,2,2,リュウゼツラン,牝,2,55.0,丹内,95.2,ハナ,10,71.8,35.2,13-13-11,美浦 水野,452,-2,
202406050203,2024-12-01,中山,3,2歳未勝利,芝,1600,右,晴,良,"5回 中山 2日目 サラ系２歳 未勝利       [指] 馬齢 15頭 本賞金:550,220,140,83,55万円",15,550.0,11,6,11,サヤヒメ,牝,2,55.0,菊沢,95.5,2,14,417.4,35.5,13-13-14,美浦 青木,468,2,
202406050203,2024-12-01,中山,3,2歳未勝利,芝,1600,右,晴,良,"5回 中山 2日目 サラ系２歳 未勝利       [指] 馬齢 15頭 本賞金:550,220,140,83,55万円",15,550.0,12,8,14,トーケンサワー,牝,2,55.0,柴田善,95.5,アタマ,3,6.3,36.4,8-7-8,美浦 根本,434,-4,
202406050203,2024-12-01,中山,3,2歳未勝利,芝,1600,右,晴,良,"5回 中山 2日目 サラ系２歳 未勝利       [指] 馬齢 15頭 本賞金:550,220,140,83,55万円",15,550.0,13,5,9,ミヤイグアス,牝,2,53.0,△小林脩,95.8,1.1/2,15,479.5,36.7,4-7-7,美浦 青木,428,2,
202406050203,2024-12-01,中山,3,2歳未勝利,芝,1600,右,晴,良,"5回 中山 2日目 サラ系２歳 未勝利       [指] 馬齢 15頭 本賞金:550,220,140,83,55万円",15,550.0,14,3,5,ウラチャチャ,牡,2,56.0,嶋田,95.8,クビ,13,286.6,35.7,11-13-14,美浦 小野,466,20,
202406050203,2024-12-01,中山,3,2歳未勝利,芝,1600,右,晴,良,"5回 中山 2日目 サラ系２歳 未勝利       [指] 馬齢 15頭 本賞金:550,220,140,83,55万円",15,550.0,15,8,15,フクチャンサクラ,牝,2,55.0,マーカ,96.0,1.1/4,6,15.4,37.1,4-4-5,美浦 加藤征,480,-2,
202406050204,2024-12-01,中山,4,2歳新馬,ダ,1200,右,晴,良,"5回 中山 2日目 サラ系２歳 新馬       (混)[指] 馬齢 15頭 本賞金:720,290,180,110,72万円",15,720.0,1,5,8,トニケンサンバ,牡,2,56.0,菅原明,73.3,,1,2.0,36.8,4-4,美浦 西田,502,0,
202406050204,2024-12-01,中山,4,2歳新馬,ダ,1200,右,晴,良,"5回 中山 2日目 サラ系２歳 新馬       (混)[指] 馬齢 15頭 本賞金:720,290,180,110,72万円",15,720.0,2,2,2,フレーズボンボン,牝,2,54.0,☆原,73.3,クビ,3,7.6,36.5,6-6,美浦 中舘,438,0,
202406050204,2024-12-01,中山,4,2歳新馬,ダ,1200,右,晴,良,"5回 中山 2日目 サラ系２歳 新馬       (混)[指] 馬齢 15頭 本賞金:720,290,180,110,72万円",15,720.0,3,6,11,バースフラワー,牝,2,55.0,鮫島駿,73.9,3.1/2,4,7.8,37.8,1-1,美浦 小手川,442,0,
202406050204,2024-12-01,中山,4,2歳新馬,ダ,1200,右,晴,良,"5回 中山 2日目 サラ系２歳 新馬       (混)[指] 馬齢 15頭 本賞金:720,290,180,110,72万円",15,720.0,4,7,12,フェスタリア,牡,2,56.0,大野,74.0,クビ,2,4.1,37.5,4-4,美浦 矢野,450,0,
202406050204,2024-12-01,中山,4,2歳新馬,ダ,1200,右,晴,良,"5回 中山 2日目 サラ系２歳 新馬       (混)[指] 馬齢 15頭 本賞金:720,290,180,110,72万円",15,720.0,5,8,14,エリュテイア,牝,2,52.0,▲長浜,74.0,クビ,5,12.7,37.9,2-2,美浦 深山,478,0,
202406050204,2024-12-01,中山,4,2歳新馬,ダ,1200,右,晴,良,"5回 中山 2日目 サラ系２歳 新馬       (混)[指] 馬齢 15頭 本賞金:720,290,180,110,72万円",15,720.0,6,4,6,マニーシーン,牝,2,52.0,▲佐藤,74.6,3.1/2,11,118.3,38.4,3-2,美浦 小手川,466,0,
202406050204,2024-12-01,中山,4,2歳新馬,ダ,1200,右,晴,良,"5回 中山 2日目 サラ系２歳 新馬       (混)[指] 馬齢 15頭 本賞金:720,290,180,110,72万円",15,720.0,7,5,9,ジェイエルケープ,牝,2,55.0,小林凌,75.1,3,10,78.8,37.4,12-10,美浦 小西,416,0,
202406050204,2024-12-01,中山,4,2歳新馬,ダ,1200,右,晴,良,"5回 中山 2日目 サラ系２歳 新馬       (混)[指] 馬齢 15頭 本賞金:720,290,180,110,72万円",15,720.0,8,8,15,ノーシーリング,牡,2,56.0,黛,75.2,1/2,8,28.6,37.7,10-7,美浦 堀内,476,0,
202406050204,2024-12-01,中山,4,2歳新馬,ダ,1200,右,晴,良,"5回 中山 2日目 サラ系２歳 新馬       (混)[指] 馬齢 15頭 本賞金:720,290,180,110,72万円",15,720.0,9,6,10,エウクレイア,牝,2,55.0,嶋田,75.7,3,13,155.4,37.2,14-13,美浦 伊坂,490,0,
202406050204,2024-12-01,中山,4,2歳新馬,ダ,1200,右,晴,良,"5回 中山 2日目 サラ系２歳 新馬       (混)[指] 馬齢 15頭 本賞金:720,290,180,110,72万円",15,720.0,10,7,13,ゴールデンサンダー,牡,2,52.0,★小林美,75.9,1.1/2,9,65.1,37.9,13-13,美浦 相沢,436,0,
202406050204,2024-12-01,中山,4,2歳新馬,ダ,1200,右,晴,良,"5回 中山 2日目 サラ系２歳 新馬       (混)[指] 馬齢 15頭 本賞金:720,290,180,110,72万円",15,720.0,11,3,4,タマモクロッシェ,牝,2,55.0,角田和,76.2,1.1/2,6,20.8,39.1,7-8,美浦 水野,432,0,
202406050204,2024-12-01,中山,4,2歳新馬,ダ,1200,右,晴,良,"5回 中山 2日目 サラ系２歳 新馬       (混)[指] 馬齢 15頭 本賞金:720,290,180,110,72万円",15,720.0,12,1,1,サイモンシュバリエ,牡,2,56.0,川須,76.3,1,7,25.2,38.8,10-12,栗東 梅田,482,0,
202406050204,2024-12-01,中山,4,2歳新馬,ダ,1200,右,晴,良,"5回 中山 2日目 サラ系２歳 新馬       (混)[指] 馬齢 15頭 本賞金:720,290,180,110,72万円",15,720.0,13,2,3,グリームスター,牡,2,56.0,木幡巧,76.4,クビ,14,160.3,39.0,9-11,美浦 勢司,460,0,
202406050204,2024-12-01,中山,4,2歳新馬,ダ,1200,右,晴,良,"5回 中山 2日目 サラ系２歳 新馬       (混)[指] 馬齢 15頭 本賞金:720,290,180,110,72万円",15,720.0,14,3,5,ブラックビート,牡,2,53.0,▲石神道,76.7,2,15,162.6,39.7,7-8,美浦 深山,442,0,
202406050204,2024-12-01,中山,4,2歳新馬,ダ,1200,右,晴,良,"5回 中山 2日目 サラ系２歳 新馬       (混)[指] 馬齢 15頭 本賞金:720,290,180,110,72万円",15,720.0,15,4,7,アスコットロマン,牡,2,56.0,江田照,77.8,7,12,137.4,39.2,15-15,美浦 天間,472,0,
202406050205,2024-12-01,中山,5,2歳新馬,芝,2000,右,晴,良,"5回 中山 2日目 サラ系２歳 新馬       (混)[指] 馬齢 18頭 本賞金:720,290,180,110,72万円",18,720.0,1,2,3,スモーキーゴッド,牡,2,56.0,マーカ,121.1,,3,5.7,34.3,1-1-1-1,美浦 萩原,442,0,
202406050205,2024-12-01,中山,5,2歳新馬,芝,2000,右,晴,良,"5回 中山 2日目 サラ系２歳 新馬       (混)[指] 馬齢 18頭 本賞金:720,290,180,110,72万円",18,720.0,2,1,1,レッドサジェス,牡,2,56.0,鮫島駿,121.4,2,1,2.8,34.0,6-6-7-7,栗東 清水久,488,0,
202406050205,2024-12-01,中山,5,2歳新馬,芝,2000,右,晴,良,"5回 中山 2日目 サラ系２歳 新馬       (混)[指] 馬齢 18頭 本賞金:720,290,180,110,72万円",18,720.0,3,2,4,サンリットアワーズ,牡,2,56.0,津村,121.8,2,2,4.9,34.7,4-4-3-3,栗東 中内田,484,0,
202406050205,2024-12-01,中山,5,2歳新馬,芝,2000,右,晴,良,"5回 中山 2日目 サラ系２歳 新馬       (混)[指] 馬齢 18頭 本賞金:720,290,180,110,72万円",18,720.0,4,6,11,ウアーシュプルング,牝,2,55.0,石川,122.0,1.1/2,5,13.4,34.1,10-11-11-11,美浦 鹿戸,456,0,
202406050205,2024-12-01,中山,5,2歳新馬,芝,2000,右,晴,良,"5回 中山 2日目 サラ系２歳 新馬       (混)[指] 馬齢 18頭 本賞金:720,290,180,110,72万円",18,720.0,5,1,2,マイネルアウルム,牡,2,56.0,柴田大,122.1,クビ,14,72.6,34.4,10-9-10-8,美浦 加藤士,434,0,
202406050205,2024-12-01,中山,5,2歳新馬,芝,2000,右,晴,良,"5回 中山 2日目 サラ系２歳 新馬       (混)[指] 馬齢 18頭 本賞金:720,290,180,110,72万円",18,720.0,6,4,8,ピコラ,牝,2,52.0,▲長浜,122.1,クビ,6,17.4,35.0,2-2-3-3,美浦 黒岩,434,0,
202406050205,2024-12-01,中山,5,2歳新馬,芝,2000,右,晴,良,"5回 中山 2日目 サラ系２歳 新馬       (混)[指] 馬齢 18頭 本賞金:720,290,180,110,72万円",18,720.0,7,3,6,ゲンジ,牡,2,56.0,江田照,122.2,クビ,10,47.5,35.3,2-2-2-2,美浦 尾形,412,0,
202406050205,2024-12-01,中山,5,2歳新馬,芝,2000,右,晴,良,"5回 中山 2日目 サラ系２歳 新馬       (混)[指] 馬齢 18頭 本賞金:720,290,180,110,72万円",18,720.0,8,8,16,ベストセラー,牝,2,55.0,荻野極,122.3,1/2,8,32.9,35.0,8-6-6-5,美浦 森一,432,0,
202406050205,2024-12-01,中山,5,2歳新馬,芝,2000,右,晴,良,"5回 中山 2日目 サラ系２歳 新馬       (混)[指] 馬齢 18頭 本賞金:720,290,180,110,72万円",18,720.0,9,4,7,ベニハンマード,牡,2,56.0,ビュイ,122.5,1.1/2,4,5.8,34.5,12-12-11-12,美浦 栗田,484,0,
202406050205,2024-12-01,中山,5,2歳新馬,芝,2000,右,晴,良,"5回 中山 2日目 サラ系２歳 新馬       (混)[指] 馬齢 18頭 本賞金:720,290,180,110,72万円",18,720.0,10,7,14,プロメテドール,牝,2,55.0,菅原明,122.6,1/2,7,23.5,35.0,8-9-9-8,美浦 久保田,444,0,
202406050205,2024-12-01,中山,5,2歳新馬,芝,2000,右,晴,良,"5回 中山 2日目 サラ系２歳 新馬       (混)[指] 馬齢 18頭 本賞金:720,290,180,110,72万円",18,720.0,11,5,9,スターライトナイト,牝,2,55.0,Ｈドイ,122.7,1,11,54.1,34.5,13-13-13-12,美浦 伊藤大,424,0,
202406050205,2024-12-01,中山,5,2歳新馬,芝,2000,右,晴,良,"5回 中山 2日目 サラ系２歳 新馬       (混)[指] 馬齢 18頭 本賞金:720,290,180,110,72万円",18,720.0,12,7,13,トーセンネオ,牡,2,56.0,原田和,123.0,1.1/2,18,333.9,35.5,6-6-7-8,美浦 小野,434,0,
202406050205,2024-12-01,中山,5,2歳新馬,芝,2000,右,晴,良,"5回 中山 2日目 サラ系２歳 新馬       (混)[指] 馬齢 18頭 本賞金:720,290,180,110,72万円",18,720.0,13,6,12,コンサートツアー,牝,2,55.0,丹内,123.2,1.1/4,12,54.3,36.0,5-4-5-5,美浦 武井,446,0,
202406050205,2024-12-01,中山,5,2歳新馬,芝,2000,右,晴,良,"5回 中山 2日目 サラ系２歳 新馬       (混)[指] 馬齢 18頭 本賞金:720,290,180,110,72万円",18,720.0,14,5,10,フライハイ,牡,2,56.0,石橋脩,123.3,1/2,17,199.0,35.1,16-16-13-14,美浦 中川,464,0,
202406050205,2024-12-01,中山,5,2歳新馬,芝,2000,右,晴,良,"5回 中山 2日目 サラ系２歳 新馬       (混)[指] 馬齢 18頭 本賞金:720,290,180,110,72万円",18,720.0,15,7,15,インターステラ,牡,2,56.0,大野,123.6,2,13,59.1,35.0,14-14-15-15,美浦 中舘,482,0,
202406050205,2024-12-01,中山,5,2歳新馬,芝,2000,右,晴,良,"5回 中山 2日目 サラ系２歳 新馬       (混)[指] 馬齢 18頭 本賞金:720,290,180,110,72万円",18,720.0,16,3,5,ソアトアメーム,牝,2,55.0,武藤,123.6,アタマ,16,131.2,34.8,17-17-17-16,美浦 武藤,420,0,
202406050205,2024-12-01,中山,5,2歳新馬,芝,2000,右,晴,良,"5回 中山 2日目 サラ系２歳 新馬       (混)[指] 馬齢 18頭 本賞金:720,290,180,110,72万円",18,720.0,17,8,18,シップオブラヴ,牡,2,56.0,内田博,123.9,2,15,75.4,34.9,18-18-18-18,美浦 鈴木慎,430,0,
202406050205,2024-12-01,中山,5,2歳新馬,芝,2000,右,晴,良,"5回 中山 2日目 サラ系２歳 新馬       (混)[指] 馬齢 18頭 本賞金:720,290,180,110,72万円",18,720.0,18,8,17,エスキモーギャル,牝,2,55.0,岩田康,124.6,4,9,33.4,36.0,15-15-15-16,美浦 杉浦,522,0,
202406050206,2024-12-01,中山,6,2歳1勝クラス,ダ,1200,右,晴,良,"5回 中山 2日目 サラ系２歳 １勝クラス       (混)(特指) 馬齢 9頭 本賞金:780,310,200,120,78万円",9,780.0,1,4,4,フレッシュラン,牝,2,55.0,津村,71.4,,4,5.5,36.7,2-2,美浦 尾形,466,8,
202406050206,2024-12-01,中山,6,2歳1勝クラス,ダ,1200,右,晴,良,"5回 中山 2日目 サラ系２歳 １勝クラス       (混)(特指) 馬齢 9頭 本賞金:780,310,200,120,78万円",9,780.0,2,8,9,ゴメンネジロー,牡,2,53.0,▲長浜,71.8,2.1/2,3,4.7,36.7,7-7,栗東 谷,464,-8,
202406050206,2024-12-01,中山,6,2歳1勝クラス,ダ,1200,右,晴,良,"5回 中山 2日目 サラ系２歳 １勝クラス       (混)(特指) 馬齢 9頭 本賞金:780,310,200,120,78万円",9,780.0,3,8,8,モジャーリオ,牡,2,56.0,マーカ,72.0,1.1/2,1,2.9,37.0,4-4,美浦 斎藤誠,448,-8,
202406050206,2024-12-01,中山,6,2歳1勝クラス,ダ,1200,右,晴,良,"5回 中山 2日目 サラ系２歳 １勝クラス       (混)(特指) 馬齢 9頭 本賞金:780,310,200,120,78万円",9,780.0,4,5,5,ルークススペイ,牡,2,56.0,丹内,72.7,4,2,3.4,37.8,4-4,美浦 伊藤圭,478,-2,
202406050206,2024-12-01,中山,6,2歳1勝クラス,ダ,1200,右,晴,良,"5回 中山 2日目 サラ系２歳 １勝クラス       (混)(特指) 馬齢 9頭 本賞金:780,310,200,120,78万円",9,780.0,5,7,7,オカメノコイ,牝,2,55.0,大野,72.8,1/2,8,36.7,38.0,3-3,美浦 小笠,452,-14,
202406050206,2024-12-01,中山,6,2歳1勝クラス,ダ,1200,右,晴,良,"5回 中山 2日目 サラ系２歳 １勝クラス       (混)(特指) 馬齢 9頭 本賞金:780,310,200,120,78万円",9,780.0,6,2,2,ケイツーギルダー,牡,2,56.0,柴田善,73.4,4,5,7.7,38.5,4-4,美浦 千葉,496,-4,
202406050206,2024-12-01,中山,6,2歳1勝クラス,ダ,1200,右,晴,良,"5回 中山 2日目 サラ系２歳 １勝クラス       (混)(特指) 馬齢 9頭 本賞金:780,310,200,120,78万円",9,780.0,7,3,3,ベンメリア,セ,2,56.0,丸田,73.8,2.1/2,9,267.5,38.3,9-8,美浦 高橋文,486,-2,
202406050206,2024-12-01,中山,6,2歳1勝クラス,ダ,1200,右,晴,良,"5回 中山 2日目 サラ系２歳 １勝クラス       (混)(特指) 馬齢 9頭 本賞金:780,310,200,120,78万円",9,780.0,8,1,1,ブラックトルネード,牡,2,56.0,菊沢,74.0,3/4,6,26.2,39.4,1-1,美浦 佐藤吉,462,10,
202406050206,2024-12-01,中山,6,2歳1勝クラス,ダ,1200,右,晴,良,"5回 中山 2日目 サラ系２歳 １勝クラス       (混)(特指) 馬齢 9頭 本賞金:780,310,200,120,78万円",9,780.0,9,6,6,ヴァリアントマーチ,牝,2,55.0,菅原明,75.1,7,7,34.4,39.8,8-9,美浦 林,448,-4,
202406050207,2024-12-01,中山,7,3歳以上1勝クラス,ダ,1800,右,晴,良,"5回 中山 2日目 サラ系３歳以上 １勝クラス       牝[指] 定量 13頭 本賞金:800,320,200,120,80万円",13,800.0,1,5,7,サツキノジョウ,牝,3,54.0,丹内,113.1,,2,4.1,37.4,4-3-3-3,美浦 武井,446,-2,
202406050207,2024-12-01,中山,7,3歳以上1勝クラス,ダ,1800,右,晴,良,"5回 中山 2日目 サラ系３歳以上 １勝クラス       牝[指] 定量 13頭 本賞金:800,320,200,120,80万円",13,800.0,2,3,3,カフェアローロ,牝,3,54.0,Ｈドイ,113.3,1.1/2,5,13.5,37.9,2-2-2-1,美浦 古賀,506,10,
202406050207,2024-12-01,中山,7,3歳以上1勝クラス,ダ,1800,右,晴,良,"5回 中山 2日目 サラ系３歳以上 １勝クラス       牝[指] 定量 13頭 本賞金:800,320,200,120,80万円",13,800.0,3,7,10,ロフティーイデアル,牝,4,56.0,津村,113.8,2.1/2,1,2.6,38.2,3-3-3-3,美浦 林,474,-2,
202406050207,2024-12-01,中山,7,3歳以上1勝クラス,ダ,1800,右,晴,良,"5回 中山 2日目 サラ系３歳以上 １勝クラス       牝[指] 定量 13頭 本賞金:800,320,200,120,80万円",13,800.0,4,6,8,ベルフィーヌ,牝,3,54.0,松岡,113.8,アタマ,9,26.2,38.0,5-5-5-5,美浦 堀内,512,0,
202406050207,2024-12-01,中山,7,3歳以上1勝クラス,ダ,1800,右,晴,良,"5回 中山 2日目 サラ系３歳以上 １勝クラス       牝[指] 定量 13頭 本賞金:800,320,200,120,80万円",13,800.0,5,1,1,ランスノーブル,牝,4,53.0,▲長浜,113.8,クビ,4,10.7,37.8,6-6-6-7,美浦 上原博,468,-4,
202406050207,2024-12-01,中山,7,3歳以上1勝クラス,ダ,1800,右,晴,良,"5回 中山 2日目 サラ系３歳以上 １勝クラス       牝[指] 定量 13頭 本賞金:800,320,200,120,80万円",13,800.0,6,5,6,アステロイドメア,牝,4,56.0,岩田康,113.9,クビ,7,19.4,37.9,6-6-6-5,美浦 武市,496,-6,
202406050207,2024-12-01,中山,7,3歳以上1勝クラス,ダ,1800,右,晴,良,"5回 中山 2日目 サラ系３歳以上 １勝クラス       牝[指] 定量 13頭 本賞金:800,320,200,120,80万円",13,800.0,7,4,4,グランコネクシオン,牝,3,53.0,☆原,114.7,5,8,20.7,38.0,11-11-11-10,美浦 畠山,434,-10,
202406050207,2024-12-01,中山,7,3歳以上1勝クラス,ダ,1800,右,晴,良,"5回 中山 2日目 サラ系３歳以上 １勝クラス       牝[指] 定量 13頭 本賞金:800,320,200,120,80万円",13,800.0,8,6,9,ミツカネヴィーナス,牝,5,56.0,菊沢,114.9,1.1/2,3,4.6,38.7,9-8-8-8,美浦 鈴木伸,462,-6,
202406050207,2024-12-01,中山,7,3歳以上1勝クラス,ダ,1800,右,晴,良,"5回 中山 2日目 サラ系３歳以上 １勝クラス       牝[指] 定量 13頭 本賞金:800,320,200,120,80万円",13,800.0,9,8,12,サンロレンツォ,牝,3,54.0,鮫島駿,115.3,2.1/2,10,30.0,39.0,10-10-8-8,美浦 武藤,496,2,
202406050207,2024-12-01,中山,7,3歳以上1勝クラス,ダ,1800,右,晴,良,"5回 中山 2日目 サラ系３歳以上 １勝クラス       牝[指] 定量 13頭 本賞金:800,320,200,120,80万円",13,800.0,10,4,5,キャンディレイ,牝,3,54.0,丸田,115.4,1/2,11,36.6,38.4,12-12-12-11,美浦 武市,508,4,
202406050207,2024-12-01,中山,7,3歳以上1勝クラス,ダ,1800,右,晴,良,"5回 中山 2日目 サラ系３歳以上 １勝クラス       牝[指] 定量 13頭 本賞金:800,320,200,120,80万円",13,800.0,11,2,2,メラヴィリオーザ,牝,4,52.0,★小林美,115.6,1.1/4,6,17.9,40.2,1-1-1-2,美浦 栗田,460,-18,
202406050207,2024-12-01,中山,7,3歳以上1勝クラス,ダ,1800,右,晴,良,"5回 中山 2日目 サラ系３歳以上 １勝クラス       牝[指] 定量 13頭 本賞金:800,320,200,120,80万円",13,800.0,12,8,13,ミランカ,牝,3,54.0,柴田大,116.1,3,12,185.2,39.6,6-8-10-12,美浦 岩戸,472,2,
202406050207,2024-12-01,中山,7,3歳以上1勝クラス,ダ,1800,右,晴,良,"5回 中山 2日目 サラ系３歳以上 １勝クラス       牝[指] 定量 13頭 本賞金:800,320,200,120,80万円",13,800.0,,7,11,イッツナッシング,牝,3,54.0,木幡巧,,,,,,,美浦 水野,,,取消
202406050208,2024-12-01,中山,8,3歳以上2勝クラス,芝,2500,右,晴,良,"5回 中山 2日目 サラ系３歳以上 ２勝クラス       (混)(特指) 定量 11頭 本賞金:1140,460,290,170,114万円",11,1140.0,1,6,7,ホウオウムサシ,牡,4,58.0,菅原明,150.2,,3,4.0,34.8,9-9-8-8,美浦 蛯名正,450,-6,
202406050208,2024-12-01,中山,8,3歳以上2勝クラス,芝,2500,右,晴,良,"5回 中山 2日目 サラ系３歳以上 ２勝クラス       (混)(特指) 定量 11頭 本賞金:1140,460,290,170,114万円",11,1140.0,2,4,4,アイザックバローズ,牡,4,58.0,マーカ,150.6,2,2,3.9,35.5,6-6-6-6,栗東 友道,474,-6,
202406050208,2024-12-01,中山,8,3歳以上2勝クラス,芝,2500,右,晴,良,"5回 中山 2日目 サラ系３歳以上 ２勝クラス       (混)(特指) 定量 11頭 本賞金:1140,460,290,170,114万円",11,1140.0,3,8,11,レイデラルース,牡,3,56.0,津村,150.8,1.1/4,4,9.2,36.2,3-3-3-3,美浦 手塚,486,0,
202406050208,2024-12-01,中山,8,3歳以上2勝クラス,芝,2500,右,晴,良,"5回 中山 2日目 サラ系３歳以上 ２勝クラス       (混)(特指) 定量 11頭 本賞金:1140,460,290,170,114万円",11,1140.0,4,3,3,ノーブルクライ,牡,4,58.0,丹内,150.8,アタマ,8,24.0,35.8,6-6-6-6,美浦 田村,508,6,
202406050208,2024-12-01,中山,8,3歳以上2勝クラス,芝,2500,右,晴,良,"5回 中山 2日目 サラ系３歳以上 ２勝クラス       (混)(特指) 定量 11頭 本賞金:1140,460,290,170,114万円",11,1140.0,5,1,1,ソワドリヨン,牝,4,56.0,ビュイ,150.8,クビ,6,11.4,36.1,3-3-4-3,美浦 古賀,470,-4,
202406050208,2024-12-01,中山,8,3歳以上2勝クラス,芝,2500,右,晴,良,"5回 中山 2日目 サラ系３歳以上 ２勝クラス       (混)(特指) 定量 11頭 本賞金:1140,460,290,170,114万円",11,1140.0,6,7,8,ボーンイングランデ,牡,4,58.0,池添,151.0,3/4,10,57.9,35.4,11-11-10-10,栗東 吉田,468,2,
202406050208,2024-12-01,中山,8,3歳以上2勝クラス,芝,2500,右,晴,良,"5回 中山 2日目 サラ系３歳以上 ２勝クラス       (混)(特指) 定量 11頭 本賞金:1140,460,290,170,114万円",11,1140.0,7,2,2,ダノンジャッカル,牡,5,58.0,Ｈドイ,151.0,クビ,7,18.2,36.6,2-2-2-1,栗東 中内田,464,0,
202406050208,2024-12-01,中山,8,3歳以上2勝クラス,芝,2500,右,晴,良,"5回 中山 2日目 サラ系３歳以上 ２勝クラス       (混)(特指) 定量 11頭 本賞金:1140,460,290,170,114万円",11,1140.0,8,7,9,エメリヨン,牝,4,56.0,田辺,151.2,1,1,3.0,36.4,5-3-5-5,美浦 加藤士,462,4,
202406050208,2024-12-01,中山,8,3歳以上2勝クラス,芝,2500,右,晴,良,"5回 中山 2日目 サラ系３歳以上 ２勝クラス       (混)(特指) 定量 11頭 本賞金:1140,460,290,170,114万円",11,1140.0,9,8,10,ストキャスティーク,牝,5,53.0,▲長浜,151.2,ハナ,11,114.6,35.6,10-10-10-8,美浦 大竹,448,-2,
202406050208,2024-12-01,中山,8,3歳以上2勝クラス,芝,2500,右,晴,良,"5回 中山 2日目 サラ系３歳以上 ２勝クラス       (混)(特指) 定量 11頭 本賞金:1140,460,290,170,114万円",11,1140.0,10,5,5,オウケンボルト,牡,5,58.0,吉田豊,151.5,2,5,11.3,37.2,1-1-1-2,美浦 土田,450,0,
202406050208,2024-12-01,中山,8,3歳以上2勝クラス,芝,2500,右,晴,良,"5回 中山 2日目 サラ系３歳以上 ２勝クラス       (混)(特指) 定量 11頭 本賞金:1140,460,290,170,114万円",11,1140.0,11,6,6,レヴォルタード,セ,4,58.0,杉原,154.5,大,9,53.8,39.1,8-8-8-11,美浦 手塚,506,-14,
202406050209,2024-12-01,中山,9,南総S,芝,1200,右,晴,良,"5回 中山 2日目 サラ系３歳以上 ３勝クラス       (混)(特指) 定量 16頭 本賞金:1840,740,460,280,184万円",16,1840.0,1,1,1,カピリナ,牝,3,55.0,鮫島駿,67.1,,1,1.9,33.7,5-5,美浦 田島,478,-8,
202406050209,2024-12-01,中山,9,南総S,芝,1200,右,晴,良,"5回 中山 2日目 サラ系３歳以上 ３勝クラス       (混)(特指) 定量 16頭 本賞金:1840,740,460,280,184万円",16,1840.0,2,7,14,マイネルレノン,牡,5,58.0,菅原明,67.4,1.3/4,12,57.7,34.0,5-5,栗東 宮,470,2,
202406050209,2024-12-01,中山,9,南総S,芝,1200,右,晴,良,"5回 中山 2日目 サラ系３歳以上 ３勝クラス       (混)(特指) 定量 16頭 本賞金:1840,740,460,280,184万円",16,1840.0,3,2,3,エコロレジーナ,牝,4,56.0,菊沢,67.5,クビ,9,30.7,33.3,11-11,美浦 菊沢,500,10,
202406050209,2024-12-01,中山,9,南総S,芝,1200,右,晴,良,"5回 中山 2日目 サラ系３歳以上 ３勝クラス       (混)(特指) 定量 16頭 本賞金:1840,740,460,280,184万円",16,1840.0,4,5,10,エイシンエイト,牝,4,56.0,大野,67.5,クビ,7,25.2,33.9,7-7,美浦 田中剛,508,2,
202406050209,2024-12-01,中山,9,南総S,芝,1200,右,晴,良,"5回 中山 2日目 サラ系３歳以上 ３勝クラス       (混)(特指) 定量 16頭 本賞金:1840,740,460,280,184万円",16,1840.0,5,6,12,フィオライア,牝,3,55.0,石橋脩,67.6,3/4,3,5.8,34.5,2-2,栗東 西園正,470,12,
202406050209,2024-12-01,中山,9,南総S,芝,1200,右,晴,良,"5回 中山 2日目 サラ系３歳以上 ３勝クラス       (混)(特指) 定量 16頭 本賞金:1840,740,460,280,184万円",16,1840.0,6,8,16,タガノシャーンス,牝,4,56.0,川須,67.7,クビ,4,15.7,34.5,3-3,栗東 中尾,458,2,
202406050209,2024-12-01,中山,9,南総S,芝,1200,右,晴,良,"5回 中山 2日目 サラ系３歳以上 ３勝クラス       (混)(特指) 定量 16頭 本賞金:1840,740,460,280,184万円",16,1840.0,7,6,11,フロムダスク,牡,4,58.0,岩田康,67.8,1/2,13,72.7,32.8,16-16,栗東 森秀,512,6,
202406050209,2024-12-01,中山,9,南総S,芝,1200,右,晴,良,"5回 中山 2日目 サラ系３歳以上 ３勝クラス       (混)(特指) 定量 16頭 本賞金:1840,740,460,280,184万円",16,1840.0,8,7,13,オックスリップ,牝,4,56.0,津村,67.8,クビ,8,28.9,33.2,14-13,栗東 杉山晴,464,-2,
202406050209,2024-12-01,中山,9,南総S,芝,1200,右,晴,良,"5回 中山 2日目 サラ系３歳以上 ３勝クラス       (混)(特指) 定量 16頭 本賞金:1840,740,460,280,184万円",16,1840.0,9,5,9,クロスマジェスティ,牝,5,56.0,武藤,67.8,アタマ,15,173.5,34.1,8-7,美浦 水野,492,12,
202406050209,2024-12-01,中山,9,南総S,芝,1200,右,晴,良,"5回 中山 2日目 サラ系３歳以上 ３勝クラス       (混)(特指) 定量 16頭 本賞金:1840,740,460,280,184万円",16,1840.0,10,4,7,ラキエータ,牝,5,56.0,Ｈドイ,67.9,アタマ,6,18.9,34.0,9-9,栗東 音無,424,2,
202406050209,2024-12-01,中山,9,南総S,芝,1200,右,晴,良,"5回 中山 2日目 サラ系３歳以上 ３勝クラス       (混)(特指) 定量 16頭 本賞金:1840,740,460,280,184万円",16,1840.0,11,4,8,ブルースピリット,セ,6,58.0,田辺,67.9,アタマ,5,17.9,33.7,11-11,美浦 岩戸,494,-6,
202406050209,2024-12-01,中山,9,南総S,芝,1200,右,晴,良,"5回 中山 2日目 サラ系３歳以上 ３勝クラス       (混)(特指) 定量 16頭 本賞金:1840,740,460,280,184万円",16,1840.0,12,8,15,ラウラーナ,牝,4,56.0,荻野極,68.1,1,16,372.9,33.9,11-13,美浦 宗像,436,4,
202406050209,2024-12-01,中山,9,南総S,芝,1200,右,晴,良,"5回 中山 2日目 サラ系３歳以上 ３勝クラス       (混)(特指) 定量 16頭 本賞金:1840,740,460,280,184万円",16,1840.0,13,1,2,ハヤブサジェット,セ,4,58.0,小林脩,68.1,クビ,14,122.3,34.8,3-3,美浦 青木,458,6,
202406050209,2024-12-01,中山,9,南総S,芝,1200,右,晴,良,"5回 中山 2日目 サラ系３歳以上 ３勝クラス       (混)(特指) 定量 16頭 本賞金:1840,740,460,280,184万円",16,1840.0,14,2,4,ランドオブラヴ,牝,4,56.0,丹内,68.1,アタマ,2,5.0,34.2,9-9,美浦 蛯名正,430,0,
202406050209,2024-12-01,中山,9,南総S,芝,1200,右,晴,良,"5回 中山 2日目 サラ系３歳以上 ３勝クラス       (混)(特指) 定量 16頭 本賞金:1840,740,460,280,184万円",16,1840.0,15,3,5,ウォータールグラン,牝,5,56.0,池添,68.2,クビ,11,41.5,35.3,1-1,栗東 河内,510,-10,
202406050209,2024-12-01,中山,9,南総S,芝,1200,右,晴,良,"5回 中山 2日目 サラ系３歳以上 ３勝クラス       (混)(特指) 定量 16頭 本賞金:1840,740,460,280,184万円",16,1840.0,16,3,6,オードゥメール,牝,5,56.0,石川,68.5,1.3/4,10,34.3,33.9,14-13,美浦 斎藤誠,492,12,
202406050210,2024-12-01,中山,10,市川S,ダ,1800,右,晴,良,"5回 中山 2日目 サラ系３歳以上 ３勝クラス       (混)[指] ハンデ 16頭 本賞金:1840,740,460,280,184万円",16,1840.0,1,4,7,クインズミモザ,牝,6,54.0,石川,112.1,,7,15.0,37.2,15-15-16-14,美浦 池上,526,0,
202406050210,2024-12-01,中山,10,市川S,ダ,1800,右,晴,良,"5回 中山 2日目 サラ系３歳以上 ３勝クラス       (混)[指] ハンデ 16頭 本賞金:1840,740,460,280,184万円",16,1840.0,2,6,12,スノーグレース,牝,5,53.0,鮫島駿,112.3,1.1/4,10,38.5,38.7,6-6-1-1,美浦 中舘,484,2,
202406050210,2024-12-01,中山,10,市川S,ダ,1800,右,晴,良,"5回 中山 2日目 サラ系３歳以上 ３勝クラス       (混)[指] ハンデ 16頭 本賞金:1840,740,460,280,184万円",16,1840.0,3,3,5,バンドマスター,牡,4,56.0,マーカ,112.3,アタマ,4,11.5,38.5,1-1-4-3,栗東 茶木,498,0,
202406050210,2024-12-01,中山,10,市川S,ダ,1800,右,晴,良,"5回 中山 2日目 サラ系３歳以上 ３勝クラス       (混)[指] ハンデ 16頭 本賞金:1840,740,460,280,184万円",16,1840.0,4,8,15,マンマリアーレ,牝,4,54.0,荻野極,112.5,1,3,4.1,38.8,3-3-2-3,美浦 高木,472,2,
202406050210,2024-12-01,中山,10,市川S,ダ,1800,右,晴,良,"5回 中山 2日目 サラ系３歳以上 ３勝クラス       (混)[指] ハンデ 16頭 本賞金:1840,740,460,280,184万円",16,1840.0,5,4,8,グランツアーテム,牡,6,57.0,菅原明,112.5,ハナ,9,30.1,38.3,9-9-7-7,美浦 中川,522,6,
202406050210,2024-12-01,中山,10,市川S,ダ,1800,右,晴,良,"5回 中山 2日目 サラ系３歳以上 ３勝クラス       (混)[指] ハンデ 16頭 本賞金:1840,740,460,280,184万円",16,1840.0,6,8,16,メイショウオーロラ,牝,4,53.0,横山典,112.6,1/2,6,14.1,38.9,4-4-2-2,栗東 本田,512,28,
202406050210,2024-12-01,中山,10,市川S,ダ,1800,右,晴,良,"5回 中山 2日目 サラ系３歳以上 ３勝クラス       (混)[指] ハンデ 16頭 本賞金:1840,740,460,280,184万円",16,1840.0,7,7,14,サンカルパ,牝,5,53.0,Ｈドイ,112.9,2,11,58.7,38.9,9-9-5-5,美浦 上原佑,490,-10,
202406050210,2024-12-01,中山,10,市川S,ダ,1800,右,晴,良,"5回 中山 2日目 サラ系３歳以上 ３勝クラス       (混)[指] ハンデ 16頭 本賞金:1840,740,460,280,184万円",16,1840.0,8,1,2,コンティノアール,牡,4,57.0,津村,113.1,1.1/4,8,18.4,38.7,9-9-11-10,栗東 矢作,546,2,
202406050210,2024-12-01,中山,10,市川S,ダ,1800,右,晴,良,"5回 中山 2日目 サラ系３歳以上 ３勝クラス       (混)[指] ハンデ 16頭 本賞金:1840,740,460,280,184万円",16,1840.0,9,2,3,スズノテレサ,牝,5,52.0,内田博,113.2,クビ,12,88.4,38.6,12-12-14-14,美浦 深山,444,2,
202406050210,2024-12-01,中山,10,市川S,ダ,1800,右,晴,良,"5回 中山 2日目 サラ系３歳以上 ３勝クラス       (混)[指] ハンデ 16頭 本賞金:1840,740,460,280,184万円",16,1840.0,10,6,11,グラウンドビート,牡,3,56.0,丹内,113.4,1.1/4,2,3.8,39.5,6-6-5-5,美浦 田村,496,-6,
202406050210,2024-12-01,中山,10,市川S,ダ,1800,右,晴,良,"5回 中山 2日目 サラ系３歳以上 ３勝クラス       (混)[指] ハンデ 16頭 本賞金:1840,740,460,280,184万円",16,1840.0,11,3,6,アイファーエポック,牡,5,54.0,野中,113.4,ハナ,15,205.4,39.1,14-14-9-9,美浦 根本,488,10,
202406050210,2024-12-01,中山,10,市川S,ダ,1800,右,晴,良,"5回 中山 2日目 サラ系３歳以上 ３勝クラス       (混)[指] ハンデ 16頭 本賞金:1840,740,460,280,184万円",16,1840.0,12,5,10,エスティメート,牡,5,54.0,大野,113.6,1.1/4,14,178.0,39.1,12-12-13-10,美浦 大和田,468,2,
202406050210,2024-12-01,中山,10,市川S,ダ,1800,右,晴,良,"5回 中山 2日目 サラ系３歳以上 ３勝クラス       (混)[指] ハンデ 16頭 本賞金:1840,740,460,280,184万円",16,1840.0,13,7,13,メイショウカゲカツ,牡,5,56.0,石橋脩,113.9,1.1/2,5,12.9,39.5,2-2-11-16,栗東 西園正,502,-4,
202406050210,2024-12-01,中山,10,市川S,ダ,1800,右,晴,良,"5回 中山 2日目 サラ系３歳以上 ３勝クラス       (混)[指] ハンデ 16頭 本賞金:1840,740,460,280,184万円",16,1840.0,14,1,1,ペンティメント,牡,4,57.0,ビュイ,113.9,クビ,1,3.5,39.7,4-4-7-7,美浦 嘉藤,508,2,
202406050210,2024-12-01,中山,10,市川S,ダ,1800,右,晴,良,"5回 中山 2日目 サラ系３歳以上 ３勝クラス       (混)[指] ハンデ 16頭 本賞金:1840,740,460,280,184万円",16,1840.0,15,5,9,リフレクトザムーン,牝,3,52.0,木幡巧,114.1,1,13,96.1,39.8,6-6-9-10,美浦 尾形,458,-4,
202406050210,2024-12-01,中山,10,市川S,ダ,1800,右,晴,良,"5回 中山 2日目 サラ系３歳以上 ３勝クラス       (混)[指] ハンデ 16頭 本賞金:1840,740,460,280,184万円",16,1840.0,16,2,4,カシノブレンド,セ,8,53.0,原,114.3,1.1/4,16,313.5,39.7,15-15-14-13,美浦 蛯名利,472,0,
202406050211,2024-12-01,中山,11,ラピスラズリS,芝,1200,右,晴,良,"5回 中山 2日目 サラ系３歳以上 オープン       (国際)(特指) 別定 16頭 本賞金:2700,1100,680,410,270万円",16,2700.0,1,5,9,ペアポルックス,牡,3,56.0,岩田康,67.2,,1,4.5,33.5,1-1,栗東 梅田,478,4,
202406050211,2024-12-01,中山,11,ラピスラズリS,芝,1200,右,晴,良,"5回 中山 2日目 サラ系３歳以上 オープン       (国際)(特指) 別定 16頭 本賞金:2700,1100,680,410,270万円",16,2700.0,2,2,3,ナナオ,牝,3,55.0,津村,67.3,3/4,5,7.2,33.2,6-5,栗東 小栗,436,-14,
202406050211,2024-12-01,中山,11,ラピスラズリS,芝,1200,右,晴,良,"5回 中山 2日目 サラ系３歳以上 オープン       (国際)(特指) 別定 16頭 本賞金:2700,1100,680,410,270万円",16,2700.0,3,4,7,ウインモナーク,牡,5,57.0,松岡,67.5,1.1/4,3,5.4,33.6,2-2,美浦 奥平,498,-2,
202406050211,2024-12-01,中山,11,ラピスラズリS,芝,1200,右,晴,良,"5回 中山 2日目 サラ系３歳以上 オープン       (国際)(特指) 別定 16頭 本賞金:2700,1100,680,410,270万円",16,2700.0,4,1,1,ミルトクレイモー,牡,4,57.0,丹内,67.6,1/2,8,18.2,33.2,9-7,栗東 中村,514,-4,
202406050211,2024-12-01,中山,11,ラピスラズリS,芝,1200,右,晴,良,"5回 中山 2日目 サラ系３歳以上 オープン       (国際)(特指) 別定 16頭 本賞金:2700,1100,680,410,270万円",16,2700.0,5,3,6,ミッキーハーモニー,牝,5,55.0,大野,67.7,3/4,12,48.6,32.7,15-13,美浦 萩原,464,2,
202406050211,2024-12-01,中山,11,ラピスラズリS,芝,1200,右,晴,良,"5回 中山 2日目 サラ系３歳以上 オープン       (国際)(特指) 別定 16頭 本賞金:2700,1100,680,410,270万円",16,2700.0,6,7,14,スズハローム,牡,4,58.0,鮫島駿,67.8,クビ,4,6.1,33.5,8-9,栗東 牧田,452,-2,
202406050211,2024-12-01,中山,11,ラピスラズリS,芝,1200,右,晴,良,"5回 中山 2日目 サラ系３歳以上 オープン       (国際)(特指) 別定 16頭 本賞金:2700,1100,680,410,270万円",16,2700.0,7,2,4,アネゴハダ,牝,5,55.0,角田和,67.8,クビ,11,30.9,33.8,3-3,栗東 佐々木,452,-24,
202406050211,2024-12-01,中山,11,ラピスラズリS,芝,1200,右,晴,良,"5回 中山 2日目 サラ系３歳以上 オープン       (国際)(特指) 別定 16頭 本賞金:2700,1100,680,410,270万円",16,2700.0,8,1,2,サウザンサニー,牡,4,57.0,マーカ,67.9,1/2,2,5.1,33.2,12-10,美浦 岩戸,518,-2,
202406050211,2024-12-01,中山,11,ラピスラズリS,芝,1200,右,晴,良,"5回 中山 2日目 サラ系３歳以上 オープン       (国際)(特指) 別定 16頭 本賞金:2700,1100,680,410,270万円",16,2700.0,9,5,10,キミワクイーン,牝,5,57.0,田辺,68.1,1.1/2,7,16.6,34.1,3-3,美浦 奥村武,452,6,
202406050211,2024-12-01,中山,11,ラピスラズリS,芝,1200,右,晴,良,"5回 中山 2日目 サラ系３歳以上 オープン       (国際)(特指) 別定 16頭 本賞金:2700,1100,680,410,270万円",16,2700.0,10,4,8,ブーケファロス,牡,4,57.0,杉原,68.3,1.1/4,13,83.5,33.8,9-10,美浦 清水英,450,4,
202406050211,2024-12-01,中山,11,ラピスラズリS,芝,1200,右,晴,良,"5回 中山 2日目 サラ系３歳以上 オープン       (国際)(特指) 別定 16頭 本賞金:2700,1100,680,410,270万円",16,2700.0,11,3,5,エエヤン,牡,4,59.0,菅原明,68.3,アタマ,6,14.0,34.1,6-7,美浦 伊藤大,490,4,
202406050211,2024-12-01,中山,11,ラピスラズリS,芝,1200,右,晴,良,"5回 中山 2日目 サラ系３歳以上 オープン       (国際)(特指) 別定 16頭 本賞金:2700,1100,680,410,270万円",16,2700.0,12,6,11,マスクオールウィン,牝,3,54.0,木幡巧,68.4,クビ,10,27.2,33.7,12-10,美浦 牧,502,-2,
202406050211,2024-12-01,中山,11,ラピスラズリS,芝,1200,右,晴,良,"5回 中山 2日目 サラ系３歳以上 オープン       (国際)(特指) 別定 16頭 本賞金:2700,1100,680,410,270万円",16,2700.0,13,8,16,サンライズオネスト,牡,7,58.0,吉田豊,68.5,1/2,14,105.6,33.5,15-13,栗東 河内,464,-8,
202406050211,2024-12-01,中山,11,ラピスラズリS,芝,1200,右,晴,良,"5回 中山 2日目 サラ系３歳以上 オープン       (国際)(特指) 別定 16頭 本賞金:2700,1100,680,410,270万円",16,2700.0,14,6,12,テーオーシリウス,牡,6,58.0,城戸,68.7,1,15,185.7,34.1,11-13,栗東 奥村豊,462,-6,
202406050211,2024-12-01,中山,11,ラピスラズリS,芝,1200,右,晴,良,"5回 中山 2日目 サラ系３歳以上 オープン       (国際)(特指) 別定 16頭 本賞金:2700,1100,680,410,270万円",16,2700.0,15,8,15,ヴィズサクセス,牡,7,58.0,内田博,68.7,クビ,16,362.9,34.7,3-5,美浦 奥村武,494,4,
202406050211,2024-12-01,中山,11,ラピスラズリS,芝,1200,右,晴,良,"5回 中山 2日目 サラ系３歳以上 オープン       (国際)(特指) 別定 16頭 本賞金:2700,1100,680,410,270万円",16,2700.0,16,7,13,ティニア,牡,4,57.0,ビュイ,68.8,クビ,9,21.5,34.0,14-16,栗東 池江,508,6,
202406050212,2024-12-01,中山,12,3歳以上2勝クラス,ダ,1200,右,晴,良,"5回 中山 2日目 サラ系３歳以上 ２勝クラス       (混)[指] 定量 16頭 本賞金:1140,460,290,170,114万円",16,1140.0,1,5,9,アメリカンマーチ,牡,3,57.0,ビュイ,70.8,,1,3.4,36.7,1-1,栗東 池江,486,-2,
202406050212,2024-12-01,中山,12,3歳以上2勝クラス,ダ,1200,右,晴,良,"5回 中山 2日目 サラ系３歳以上 ２勝クラス       (混)[指] 定量 16頭 本賞金:1140,460,290,170,114万円",16,1140.0,2,8,15,ショウナンアビアス,牡,4,58.0,池添,71.0,1.1/4,2,3.8,36.4,7-5,美浦 加藤士,508,-2,
202406050212,2024-12-01,中山,12,3歳以上2勝クラス,ダ,1200,右,晴,良,"5回 中山 2日目 サラ系３歳以上 ２勝クラス       (混)[指] 定量 16頭 本賞金:1140,460,290,170,114万円",16,1140.0,3,5,10,アイアムユウシュン,牡,3,57.0,柴田善,71.0,ハナ,3,4.8,36.3,8-8,美浦 奥平,512,2,
202406050212,2024-12-01,中山,12,3歳以上2勝クラス,ダ,1200,右,晴,良,"5回 中山 2日目 サラ系３歳以上 ２勝クラス       (混)[指] 定量 16頭 本賞金:1140,460,290,170,114万円",16,1140.0,4,4,8,サザンステート,牡,5,58.0,石橋脩,71.3,2,11,55.7,36.4,10-8,美浦 上原佑,500,8,
202406050212,2024-12-01,中山,12,3歳以上2勝クラス,ダ,1200,右,晴,良,"5回 中山 2日目 サラ系３歳以上 ２勝クラス       (混)[指] 定量 16頭 本賞金:1140,460,290,170,114万円",16,1140.0,5,2,3,シークレットヴァウ,牡,3,57.0,武藤,71.4,アタマ,4,7.2,37.1,4-3,美浦 武藤,460,8,
202406050212,2024-12-01,中山,12,3歳以上2勝クラス,ダ,1200,右,晴,良,"5回 中山 2日目 サラ系３歳以上 ２勝クラス       (混)[指] 定量 16頭 本賞金:1140,460,290,170,114万円",16,1140.0,6,3,5,ワークソング,牡,3,57.0,松岡,71.5,3/4,9,26.1,37.0,5-5,栗東 牧浦,480,0,
202406050212,2024-12-01,中山,12,3歳以上2勝クラス,ダ,1200,右,晴,良,"5回 中山 2日目 サラ系３歳以上 ２勝クラス       (混)[指] 定量 16頭 本賞金:1140,460,290,170,114万円",16,1140.0,7,7,14,グレタ,牝,5,56.0,菊沢,71.8,1.3/4,5,13.1,37.4,5-5,美浦 清水英,478,4,
202406050212,2024-12-01,中山,12,3歳以上2勝クラス,ダ,1200,右,晴,良,"5回 中山 2日目 サラ系３歳以上 ２勝クラス       (混)[指] 定量 16頭 本賞金:1140,460,290,170,114万円",16,1140.0,8,1,1,ドンデンガエシ,牡,4,58.0,大野,71.9,3/4,12,79.0,36.6,14-14,美浦 尾関,494,20,
202406050212,2024-12-01,中山,12,3歳以上2勝クラス,ダ,1200,右,晴,良,"5回 中山 2日目 サラ系３歳以上 ２勝クラス       (混)[指] 定量 16頭 本賞金:1140,460,290,170,114万円",16,1140.0,9,4,7,ニルアドミラリ,セ,6,55.0,▲石神道,72.0,3/4,14,250.7,36.8,11-10,美浦 和田郎,562,4,
202406050212,2024-12-01,中山,12,3歳以上2勝クラス,ダ,1200,右,晴,良,"5回 中山 2日目 サラ系３歳以上 ２勝クラス       (混)[指] 定量 16頭 本賞金:1140,460,290,170,114万円",16,1140.0,10,6,11,トモジャミ,牝,4,52.0,★小林美,72.1,3/4,10,44.5,36.8,14-10,美浦 鈴木伸,518,10,
202406050212,2024-12-01,中山,12,3歳以上2勝クラス,ダ,1200,右,晴,良,"5回 中山 2日目 サラ系３歳以上 ２勝クラス       (混)[指] 定量 16頭 本賞金:1140,460,290,170,114万円",16,1140.0,11,8,16,マイネルディレクト,牡,3,57.0,丹内,72.2,クビ,6,13.7,38.0,2-3,美浦 伊藤大,508,4,
202406050212,2024-12-01,中山,12,3歳以上2勝クラス,ダ,1200,右,晴,良,"5回 中山 2日目 サラ系３歳以上 ２勝クラス       (混)[指] 定量 16頭 本賞金:1140,460,290,170,114万円",16,1140.0,12,2,4,ピカリエ,牝,5,56.0,伊藤,72.4,1.1/2,8,24.3,36.9,16-14,美浦 金成,506,16,
202406050212,2024-12-01,中山,12,3歳以上2勝クラス,ダ,1200,右,晴,良,"5回 中山 2日目 サラ系３歳以上 ２勝クラス       (混)[指] 定量 16頭 本賞金:1140,460,290,170,114万円",16,1140.0,13,3,6,ヒストリアイ,セ,3,57.0,鮫島駿,72.8,2.1/2,7,18.0,37.6,11-16,美浦 堀,540,0,
202406050212,2024-12-01,中山,12,3歳以上2勝クラス,ダ,1200,右,晴,良,"5回 中山 2日目 サラ系３歳以上 ２勝クラス       (混)[指] 定量 16頭 本賞金:1140,460,290,170,114万円",16,1140.0,14,6,12,プルスウルトラ,牡,6,58.0,嶋田,72.8,アタマ,16,268.0,37.7,11-13,美浦 高橋文,536,2,
202406050212,2024-12-01,中山,12,3歳以上2勝クラス,ダ,1200,右,晴,良,"5回 中山 2日目 サラ系３歳以上 ２勝クラス       (混)[指] 定量 16頭 本賞金:1140,460,290,170,114万円",16,1140.0,15,7,13,ダラムキャッスル,牝,4,56.0,野中,73.3,3,13,179.4,39.1,2-2,美浦 斎藤誠,518,10,
202406050212,2024-12-01,中山,12,3歳以上2勝クラス,ダ,1200,右,晴,良,"5回 中山 2日目 サラ系３歳以上 ２勝クラス       (混)[指] 定量 16頭 本賞金:1140,460,290,170,114万円",16,1140.0,16,1,2,バサラ,牝,4,56.0,小林凌,73.6,1.3/4,15,260.4,38.8,8-10,美浦 伊藤圭,456,4,
202407040201,2024-12-01,中京,1,2歳未勝利,ダ,1800,左,晴,良,"4回 中京 2日目 サラ系２歳 未勝利       (混)[指] 馬齢 12頭 本賞金:550,220,140,83,55万円",12,550.0,1,6,7,ミライヘノカギ,牡,2,56.0,川田,113.2,,2,4.5,37.0,2-2-2-2,美浦 上原佑,526,4,
202407040201,2024-12-01,中京,1,2歳未勝利,ダ,1800,左,晴,良,"4回 中京 2日目 サラ系２歳 未勝利       (混)[指] 馬齢 12頭 本賞金:550,220,140,83,55万円",12,550.0,2,8,12,メイショウズイウン,牡,2,56.0,武豊,113.4,1,3,6.4,37.3,1-1-1-1,栗東 本田,500,0,
202407040201,2024-12-01,中京,1,2歳未勝利,ダ,1800,左,晴,良,"4回 中京 2日目 サラ系２歳 未勝利       (混)[指] 馬齢 12頭 本賞金:550,220,140,83,55万円",12,550.0,3,7,9,ダノンヴェステル,牡,2,56.0,ムーア,114.2,5,1,1.4,37.7,5-5-4-2,栗東 高柳大,474,-2,
202407040201,2024-12-01,中京,1,2歳未勝利,ダ,1800,左,晴,良,"4回 中京 2日目 サラ系２歳 未勝利       (混)[指] 馬齢 12頭 本賞金:550,220,140,83,55万円",12,550.0,4,6,8,ロードシュヴァリエ,牡,2,56.0,中井,114.7,3,8,92.1,38.0,6-6-5-5,栗東 森田,488,2,
202407040201,2024-12-01,中京,1,2歳未勝利,ダ,1800,左,晴,良,"4回 中京 2日目 サラ系２歳 未勝利       (混)[指] 馬齢 12頭 本賞金:550,220,140,83,55万円",12,550.0,5,7,10,ウィズマスタング,牡,2,56.0,岩田望,115.2,3,6,38.3,38.9,2-3-2-2,栗東 西園翔,444,8,
202407040201,2024-12-01,中京,1,2歳未勝利,ダ,1800,左,晴,良,"4回 中京 2日目 サラ系２歳 未勝利       (混)[指] 馬齢 12頭 本賞金:550,220,140,83,55万円",12,550.0,6,5,6,エポエポサン,牡,2,56.0,Ｃデム,115.3,1/2,4,15.4,38.7,8-6-5-5,栗東 須貝,470,-4,
202407040201,2024-12-01,中京,1,2歳未勝利,ダ,1800,左,晴,良,"4回 中京 2日目 サラ系２歳 未勝利       (混)[指] 馬齢 12頭 本賞金:550,220,140,83,55万円",12,550.0,7,3,3,タナハシ,牡,2,56.0,横山武,116.3,6,5,36.8,39.4,4-3-7-9,美浦 伊坂,506,4,
202407040201,2024-12-01,中京,1,2歳未勝利,ダ,1800,左,晴,良,"4回 中京 2日目 サラ系２歳 未勝利       (混)[指] 馬齢 12頭 本賞金:550,220,140,83,55万円",12,550.0,8,1,1,サヨノミッキー,牡,2,56.0,坂井,116.8,2.1/2,7,63.9,39.7,7-6-8-7,栗東 羽月,464,4,
202407040201,2024-12-01,中京,1,2歳未勝利,ダ,1800,左,晴,良,"4回 中京 2日目 サラ系２歳 未勝利       (混)[指] 馬齢 12頭 本賞金:550,220,140,83,55万円",12,550.0,9,4,4,タイセイルシエル,牡,2,56.0,国分優,117.0,1.1/4,11,265.3,39.9,12-12-8-7,栗東 松下,422,-10,
202407040201,2024-12-01,中京,1,2歳未勝利,ダ,1800,左,晴,良,"4回 中京 2日目 サラ系２歳 未勝利       (混)[指] 馬齢 12頭 本賞金:550,220,140,83,55万円",12,550.0,10,2,2,ゲンタツ,牡,2,54.0,◇永島,117.1,クビ,10,181.6,39.5,10-10-11-11,栗東 中竹,498,8,
202407040201,2024-12-01,中京,1,2歳未勝利,ダ,1800,左,晴,良,"4回 中京 2日目 サラ系２歳 未勝利       (混)[指] 馬齢 12頭 本賞金:550,220,140,83,55万円",12,550.0,11,5,5,アスタイクウス,牡,2,56.0,長岡,118.3,7,9,95.6,40.6,8-9-11-11,栗東 岡田,484,6,
202407040201,2024-12-01,中京,1,2歳未勝利,ダ,1800,左,晴,良,"4回 中京 2日目 サラ系２歳 未勝利       (混)[指] 馬齢 12頭 本賞金:550,220,140,83,55万円",12,550.0,12,8,11,シャトーホークビル,牡,2,52.0,★河原田,119.9,10,12,503.7,42.6,10-10-10-10,美浦 加藤和,436,-8,
202407040202,2024-12-01,中京,2,3歳以上1勝クラス,ダ,1400,左,晴,良,"4回 中京 2日目 サラ系３歳以上 １勝クラス       牝[指] 定量 16頭 本賞金:800,320,200,120,80万円",16,800.0,1,6,12,ディクレアブルーム,牝,4,54.0,◇永島,85.2,,6,10.1,37.2,2-1,栗東 辻野,484,0,
202407040202,2024-12-01,中京,2,3歳以上1勝クラス,ダ,1400,左,晴,良,"4回 中京 2日目 サラ系３歳以上 １勝クラス       牝[指] 定量 16頭 本賞金:800,320,200,120,80万円",16,800.0,2,6,11,フォルテローザ,牝,3,55.0,Ｃデム,85.5,2,1,3.5,37.3,3-3,栗東 斉藤崇,442,-4,
202407040202,2024-12-01,中京,2,3歳以上1勝クラス,ダ,1400,左,晴,良,"4回 中京 2日目 サラ系３歳以上 １勝クラス       牝[指] 定量 16頭 本賞金:800,320,200,120,80万円",16,800.0,3,5,10,ルミッキ,牝,3,55.0,菱田,85.6,クビ,8,20.5,37.0,8-8,栗東 橋口,450,-8,
202407040202,2024-12-01,中京,2,3歳以上1勝クラス,ダ,1400,左,晴,良,"4回 中京 2日目 サラ系３歳以上 １勝クラス       牝[指] 定量 16頭 本賞金:800,320,200,120,80万円",16,800.0,4,2,4,プウスカンドゥール,牝,4,56.0,国分優,85.8,1.1/2,2,5.4,37.1,8-8,栗東 坂口,464,4,
202407040202,2024-12-01,中京,2,3歳以上1勝クラス,ダ,1400,左,晴,良,"4回 中京 2日目 サラ系３歳以上 １勝クラス       牝[指] 定量 16頭 本賞金:800,320,200,120,80万円",16,800.0,5,4,8,レーヴドレフォン,牝,3,55.0,坂井,85.9,3/4,4,6.0,37.0,11-11,栗東 矢作,468,2,
202407040202,2024-12-01,中京,2,3歳以上1勝クラス,ダ,1400,左,晴,良,"4回 中京 2日目 サラ系３歳以上 １勝クラス       牝[指] 定量 16頭 本賞金:800,320,200,120,80万円",16,800.0,6,2,3,イッツオンリーユー,牝,4,56.0,横山武,85.9,ハナ,5,8.3,37.6,4-3,美浦 矢嶋,480,6,
202407040202,2024-12-01,中京,2,3歳以上1勝クラス,ダ,1400,左,晴,良,"4回 中京 2日目 サラ系３歳以上 １勝クラス       牝[指] 定量 16頭 本賞金:800,320,200,120,80万円",16,800.0,7,8,15,イリディセント,牝,3,55.0,北村宏,86.0,クビ,9,32.6,36.3,16-15,美浦 田中剛,464,2,
202407040202,2024-12-01,中京,2,3歳以上1勝クラス,ダ,1400,左,晴,良,"4回 中京 2日目 サラ系３歳以上 １勝クラス       牝[指] 定量 16頭 本賞金:800,320,200,120,80万円",16,800.0,8,8,16,ロンシャンクイーン,牝,4,53.0,▲鷲頭,86.0,クビ,3,5.5,37.6,6-8,栗東 野中,438,-2,
202407040202,2024-12-01,中京,2,3歳以上1勝クラス,ダ,1400,左,晴,良,"4回 中京 2日目 サラ系３歳以上 １勝クラス       牝[指] 定量 16頭 本賞金:800,320,200,120,80万円",16,800.0,9,1,1,シュテルンロット,牝,4,56.0,秋山稔,86.1,1/2,14,240.8,36.8,14-13,栗東 高橋康,446,0,
202407040202,2024-12-01,中京,2,3歳以上1勝クラス,ダ,1400,左,晴,良,"4回 中京 2日目 サラ系３歳以上 １勝クラス       牝[指] 定量 16頭 本賞金:800,320,200,120,80万円",16,800.0,10,3,5,ラピダリア,牝,3,55.0,松山,86.1,ハナ,10,37.1,37.5,8-7,栗東 吉田,454,-2,
202407040202,2024-12-01,中京,2,3歳以上1勝クラス,ダ,1400,左,晴,良,"4回 中京 2日目 サラ系３歳以上 １勝クラス       牝[指] 定量 16頭 本賞金:800,320,200,120,80万円",16,800.0,11,7,13,ホワイトターフ,牝,5,56.0,岩田望,86.2,1/2,12,51.9,37.9,4-5,美浦 清水英,460,4,
202407040202,2024-12-01,中京,2,3歳以上1勝クラス,ダ,1400,左,晴,良,"4回 中京 2日目 サラ系３歳以上 １勝クラス       牝[指] 定量 16頭 本賞金:800,320,200,120,80万円",16,800.0,12,5,9,ホウオウジュビリー,牝,4,56.0,横山和,86.4,1,11,42.1,38.0,6-5,美浦 西田,482,4,
202407040202,2024-12-01,中京,2,3歳以上1勝クラス,ダ,1400,左,晴,良,"4回 中京 2日目 サラ系３歳以上 １勝クラス       牝[指] 定量 16頭 本賞金:800,320,200,120,80万円",16,800.0,13,7,14,エレガントギフト,牝,4,56.0,ルメー,86.7,1.3/4,7,18.6,37.3,14-15,栗東 千田,436,-4,
202407040202,2024-12-01,中京,2,3歳以上1勝クラス,ダ,1400,左,晴,良,"4回 中京 2日目 サラ系３歳以上 １勝クラス       牝[指] 定量 16頭 本賞金:800,320,200,120,80万円",16,800.0,14,4,7,リオサラ,牝,3,55.0,国分恭,86.7,クビ,16,288.6,37.9,11-11,美浦 的場,474,0,
202407040202,2024-12-01,中京,2,3歳以上1勝クラス,ダ,1400,左,晴,良,"4回 中京 2日目 サラ系３歳以上 １勝クラス       牝[指] 定量 16頭 本賞金:800,320,200,120,80万円",16,800.0,15,1,2,ジャンヌローサ,牝,3,55.0,長岡,86.9,1,13,110.3,39.0,1-2,美浦 蛯名正,450,-6,
202407040202,2024-12-01,中京,2,3歳以上1勝クラス,ダ,1400,左,晴,良,"4回 中京 2日目 サラ系３歳以上 １勝クラス       牝[指] 定量 16頭 本賞金:800,320,200,120,80万円",16,800.0,16,3,6,シウン,牝,5,56.0,斎藤,87.1,1.1/4,15,246.8,37.9,13-13,美浦 矢野,468,2,
202407040203,2024-12-01,中京,3,3歳以上1勝クラス,ダ,1900,左,晴,良,"4回 中京 2日目 サラ系３歳以上 １勝クラス       [指] 定量 9頭 本賞金:800,320,200,120,80万円",9,800.0,1,5,5,セレクティオ,牡,4,58.0,菱田,119.7,,7,51.2,37.7,4-5-7-6,栗東 橋口,488,8,
202407040203,2024-12-01,中京,3,3歳以上1勝クラス,ダ,1900,左,晴,良,"4回 中京 2日目 サラ系３歳以上 １勝クラス       [指] 定量 9頭 本賞金:800,320,200,120,80万円",9,800.0,2,7,7,ペンナヴェローチェ,牡,3,56.0,ムーア,119.9,3/4,2,2.3,38.1,5-4-4-4,栗東 須貝,496,10,
202407040203,2024-12-01,中京,3,3歳以上1勝クラス,ダ,1900,左,晴,良,"4回 中京 2日目 サラ系３歳以上 １勝クラス       [指] 定量 9頭 本賞金:800,320,200,120,80万円",9,800.0,3,2,2,ダブルジャッジ,牡,3,56.0,坂井,120.5,4,3,5.6,39.1,1-1-2-2,栗東 笹田,504,2,
202407040203,2024-12-01,中京,3,3歳以上1勝クラス,ダ,1900,左,晴,良,"4回 中京 2日目 サラ系３歳以上 １勝クラス       [指] 定量 9頭 本賞金:800,320,200,120,80万円",9,800.0,4,3,3,バナマンテソーロ,牡,3,56.0,横山武,120.8,2,1,1.9,39.5,2-2-1-1,美浦 加藤士,494,-4,
202407040203,2024-12-01,中京,3,3歳以上1勝クラス,ダ,1900,左,晴,良,"4回 中京 2日目 サラ系３歳以上 １勝クラス       [指] 定量 9頭 本賞金:800,320,200,120,80万円",9,800.0,5,1,1,リリーアロー,牡,5,56.0,◇永島,121.1,1.3/4,6,50.9,39.2,6-6-5-4,栗東 平田,492,4,
202407040203,2024-12-01,中京,3,3歳以上1勝クラス,ダ,1900,左,晴,良,"4回 中京 2日目 サラ系３歳以上 １勝クラス       [指] 定量 9頭 本賞金:800,320,200,120,80万円",9,800.0,6,6,6,タケルゴールド,牡,3,56.0,岩田望,121.2,クビ,4,17.6,39.7,3-3-2-3,美浦 加藤征,460,6,
202407040203,2024-12-01,中京,3,3歳以上1勝クラス,ダ,1900,左,晴,良,"4回 中京 2日目 サラ系３歳以上 １勝クラス       [指] 定量 9頭 本賞金:800,320,200,120,80万円",9,800.0,7,4,4,ジーティージン,牡,3,52.0,★河原田,122.5,8,8,296.2,39.8,8-8-8-8,美浦 石栗,480,4,
202407040203,2024-12-01,中京,3,3歳以上1勝クラス,ダ,1900,左,晴,良,"4回 中京 2日目 サラ系３歳以上 １勝クラス       [指] 定量 9頭 本賞金:800,320,200,120,80万円",9,800.0,8,8,8,カシノインディード,牡,4,55.0,▲鷲頭,123.5,6,9,351.9,40.9,8-8-8-8,美浦 天間,482,-4,
202407040203,2024-12-01,中京,3,3歳以上1勝クラス,ダ,1900,左,晴,良,"4回 中京 2日目 サラ系３歳以上 １勝クラス       [指] 定量 9頭 本賞金:800,320,200,120,80万円",9,800.0,9,8,9,モルトヴェローチェ,牡,4,58.0,北村宏,123.6,1/2,5,23.8,41.7,7-6-5-7,美浦 大竹,464,4,
202407040204,2024-12-01,中京,4,2歳未勝利,芝,1600,左,晴,良,"4回 中京 2日目 サラ系２歳 未勝利       (混)[指] 馬齢 15頭 本賞金:550,220,140,83,55万円",15,550.0,1,3,4,ラージギャラリー,牝,2,55.0,ルメー,94.9,,4,7.1,34.4,1-1-1,栗東 高橋亮,470,2,
202407040204,2024-12-01,中京,4,2歳未勝利,芝,1600,左,晴,良,"4回 中京 2日目 サラ系２歳 未勝利       (混)[指] 馬齢 15頭 本賞金:550,220,140,83,55万円",15,550.0,2,6,10,シドニーホバート,牡,2,56.0,坂井,95.4,3,3,7.1,34.7,2-2-2,栗東 杉山佳,504,0,
202407040204,2024-12-01,中京,4,2歳未勝利,芝,1600,左,晴,良,"4回 中京 2日目 サラ系２歳 未勝利       (混)[指] 馬齢 15頭 本賞金:550,220,140,83,55万円",15,550.0,3,3,5,ラトラース,牡,2,56.0,川田,95.4,アタマ,1,1.7,34.3,3-5-5,栗東 中内田,474,12,
202407040204,2024-12-01,中京,4,2歳未勝利,芝,1600,左,晴,良,"4回 中京 2日目 サラ系２歳 未勝利       (混)[指] 馬齢 15頭 本賞金:550,220,140,83,55万円",15,550.0,4,8,14,エスタンシア,牝,2,55.0,Ｃデム,95.8,2.1/2,2,6.2,34.3,10-9-10,栗東 松下,444,-4,
202407040204,2024-12-01,中京,4,2歳未勝利,芝,1600,左,晴,良,"4回 中京 2日目 サラ系２歳 未勝利       (混)[指] 馬齢 15頭 本賞金:550,220,140,83,55万円",15,550.0,5,2,2,ポッドデューク,牡,2,56.0,菱田,95.8,ハナ,7,28.6,34.8,6-5-5,栗東 辻野,480,4,
202407040204,2024-12-01,中京,4,2歳未勝利,芝,1600,左,晴,良,"4回 中京 2日目 サラ系２歳 未勝利       (混)[指] 馬齢 15頭 本賞金:550,220,140,83,55万円",15,550.0,6,4,7,バントック,牡,2,56.0,武豊,95.9,1/2,5,12.8,34.6,10-9-7,栗東 浜田,450,16,
202407040204,2024-12-01,中京,4,2歳未勝利,芝,1600,左,晴,良,"4回 中京 2日目 サラ系２歳 未勝利       (混)[指] 馬齢 15頭 本賞金:550,220,140,83,55万円",15,550.0,7,5,8,シティオブロンドン,牡,2,56.0,川又,96.1,1,8,60.6,34.8,8-7-7,栗東 吉村,518,10,
202407040204,2024-12-01,中京,4,2歳未勝利,芝,1600,左,晴,良,"4回 中京 2日目 サラ系２歳 未勝利       (混)[指] 馬齢 15頭 本賞金:550,220,140,83,55万円",15,550.0,8,7,12,フィーユチャン,牝,2,55.0,松山,96.2,1/2,6,13.7,35.4,3-3-3,美浦 斎藤誠,438,-4,
202407040204,2024-12-01,中京,4,2歳未勝利,芝,1600,左,晴,良,"4回 中京 2日目 サラ系２歳 未勝利       (混)[指] 馬齢 15頭 本賞金:550,220,140,83,55万円",15,550.0,9,2,3,セラヴィーナス,牝,2,52.0,▲古川奈,96.4,1.1/4,9,94.5,34.7,14-11-11,美浦 矢嶋,472,8,
202407040204,2024-12-01,中京,4,2歳未勝利,芝,1600,左,晴,良,"4回 中京 2日目 サラ系２歳 未勝利       (混)[指] 馬齢 15頭 本賞金:550,220,140,83,55万円",15,550.0,10,5,9,ヒルノガリシア,牡,2,56.0,北村宏,96.5,1/2,14,550.0,35.2,6-7-7,栗東 北出,442,-6,
202407040204,2024-12-01,中京,4,2歳未勝利,芝,1600,左,晴,良,"4回 中京 2日目 サラ系２歳 未勝利       (混)[指] 馬齢 15頭 本賞金:550,220,140,83,55万円",15,550.0,11,6,11,ディープカインズ,牡,2,52.0,★河原田,96.6,3/4,11,220.9,34.6,12-14-14,栗東 本田,434,4,
202407040204,2024-12-01,中京,4,2歳未勝利,芝,1600,左,晴,良,"4回 中京 2日目 サラ系２歳 未勝利       (混)[指] 馬齢 15頭 本賞金:550,220,140,83,55万円",15,550.0,12,1,1,ジェイルブレイク,牡,2,56.0,秋山稔,96.8,1.1/4,12,323.8,36.0,3-3-3,美浦 蛯名利,440,-4,
202407040204,2024-12-01,中京,4,2歳未勝利,芝,1600,左,晴,良,"4回 中京 2日目 サラ系２歳 未勝利       (混)[指] 馬齢 15頭 本賞金:550,220,140,83,55万円",15,550.0,13,7,13,スティルシャイニン,牡,2,56.0,斎藤,97.3,3,13,443.6,35.6,8-11-11,美浦 天間,458,4,
202407040204,2024-12-01,中京,4,2歳未勝利,芝,1600,左,晴,良,"4回 中京 2日目 サラ系２歳 未勝利       (混)[指] 馬齢 15頭 本賞金:550,220,140,83,55万円",15,550.0,14,8,15,シンゼンマルノスケ,牡,2,56.0,国分恭,97.6,1.3/4,15,607.7,35.8,12-11-11,栗東 荒川,482,12,
202407040204,2024-12-01,中京,4,2歳未勝利,芝,1600,左,晴,良,"4回 中京 2日目 サラ系２歳 未勝利       (混)[指] 馬齢 15頭 本賞金:550,220,140,83,55万円",15,550.0,15,4,6,オオイリブクロ,牡,2,54.0,◇永島,99.7,大,10,210.8,37.0,15-15-15,栗東 高橋一,422,12,
202407040205,2024-12-01,中京,5,2歳未勝利,芝,2000,左,晴,良,"4回 中京 2日目 サラ系２歳 未勝利       (混)[指] 馬齢 8頭 本賞金:550,220,140,83,55万円",8,550.0,1,7,7,インターポーザー,牡,2,56.0,Ｃデム,122.7,,1,2.2,34.2,7-7-7-3,栗東 高野,486,12,
202407040205,2024-12-01,中京,5,2歳未勝利,芝,2000,左,晴,良,"4回 中京 2日目 サラ系２歳 未勝利       (混)[指] 馬齢 8頭 本賞金:550,220,140,83,55万円",8,550.0,2,8,8,エリーナストーム,牝,2,55.0,ルメー,123.0,1.3/4,2,2.6,34.4,6-6-5-7,美浦 鹿戸,512,-4,
202407040205,2024-12-01,中京,5,2歳未勝利,芝,2000,左,晴,良,"4回 中京 2日目 サラ系２歳 未勝利       (混)[指] 馬齢 8頭 本賞金:550,220,140,83,55万円",8,550.0,3,1,1,ロードアルディート,牡,2,56.0,松山,123.5,3,3,4.4,35.1,4-4-2-3,栗東 杉山晴,454,4,
202407040205,2024-12-01,中京,5,2歳未勝利,芝,2000,左,晴,良,"4回 中京 2日目 サラ系２歳 未勝利       (混)[指] 馬齢 8頭 本賞金:550,220,140,83,55万円",8,550.0,4,5,5,メイショウアゴナス,牡,2,54.0,◇永島,123.5,クビ,5,16.7,34.8,8-8-8-8,栗東 本田,462,4,
202407040205,2024-12-01,中京,5,2歳未勝利,芝,2000,左,晴,良,"4回 中京 2日目 サラ系２歳 未勝利       (混)[指] 馬齢 8頭 本賞金:550,220,140,83,55万円",8,550.0,5,6,6,オデット,牝,2,55.0,国分優,123.9,2.1/2,7,108.2,35.6,2-2-2-2,栗東 緒方,446,0,
202407040205,2024-12-01,中京,5,2歳未勝利,芝,2000,左,晴,良,"4回 中京 2日目 サラ系２歳 未勝利       (混)[指] 馬齢 8頭 本賞金:550,220,140,83,55万円",8,550.0,6,3,3,スイッチビスケット,牡,2,56.0,岩田望,124.1,1.1/4,4,9.9,35.7,2-3-4-3,栗東 森田,476,10,
202407040205,2024-12-01,中京,5,2歳未勝利,芝,2000,左,晴,良,"4回 中京 2日目 サラ系２歳 未勝利       (混)[指] 馬齢 8頭 本賞金:550,220,140,83,55万円",8,550.0,7,2,2,ニシノミチアキ,牡,2,56.0,北村宏,124.4,2,8,174.4,35.9,5-5-5-3,栗東 吉村,476,6,
202407040205,2024-12-01,中京,5,2歳未勝利,芝,2000,左,晴,良,"4回 中京 2日目 サラ系２歳 未勝利       (混)[指] 馬齢 8頭 本賞金:550,220,140,83,55万円",8,550.0,8,4,4,ペプチドシナノ,牡,2,56.0,横山和,125.6,7,6,25.7,37.4,1-1-1-1,栗東 武英,470,8,
202407040206,2024-12-01,中京,6,3歳以上1勝クラス,ダ,1200,左,晴,良,"4回 中京 2日目 サラ系３歳以上 １勝クラス       [指] 定量 16頭 本賞金:800,320,200,120,80万円",16,800.0,1,1,2,ズバットマサムネ,牡,3,57.0,川又,72.4,,4,7.9,36.4,2-2,栗東 杉山佳,498,-2,
202407040206,2024-12-01,中京,6,3歳以上1勝クラス,ダ,1200,左,晴,良,"4回 中京 2日目 サラ系３歳以上 １勝クラス       [指] 定量 16頭 本賞金:800,320,200,120,80万円",16,800.0,2,1,1,クールソル,牝,3,55.0,岩田望,72.6,1.1/4,3,7.9,36.7,1-1,美浦 斎藤誠,466,8,
202407040206,2024-12-01,中京,6,3歳以上1勝クラス,ダ,1200,左,晴,良,"4回 中京 2日目 サラ系３歳以上 １勝クラス       [指] 定量 16頭 本賞金:800,320,200,120,80万円",16,800.0,3,4,8,ケロシンドリームズ,牡,3,57.0,Ｃデム,72.8,1,5,8.5,36.5,4-4,栗東 新谷,512,-8,
202407040206,2024-12-01,中京,6,3歳以上1勝クラス,ダ,1200,左,晴,良,"4回 中京 2日目 サラ系３歳以上 １勝クラス       [指] 定量 16頭 本賞金:800,320,200,120,80万円",16,800.0,4,4,7,グランプレジール,セ,5,58.0,ムーア,73.0,1.1/4,1,2.2,36.9,3-3,美浦 堀,526,10,
202407040206,2024-12-01,中京,6,3歳以上1勝クラス,ダ,1200,左,晴,良,"4回 中京 2日目 サラ系３歳以上 １勝クラス       [指] 定量 16頭 本賞金:800,320,200,120,80万円",16,800.0,5,5,9,レーベンヘルツ,牡,3,57.0,国分恭,73.1,1/2,7,20.0,36.8,4-4,栗東 西園翔,460,0,
202407040206,2024-12-01,中京,6,3歳以上1勝クラス,ダ,1200,左,晴,良,"4回 中京 2日目 サラ系３歳以上 １勝クラス       [指] 定量 16頭 本賞金:800,320,200,120,80万円",16,800.0,6,8,15,ゴルデールスカー,牡,4,58.0,松山,73.1,アタマ,9,32.2,35.5,15-13,栗東 大久保,470,6,
202407040206,2024-12-01,中京,6,3歳以上1勝クラス,ダ,1200,左,晴,良,"4回 中京 2日目 サラ系３歳以上 １勝クラス       [指] 定量 16頭 本賞金:800,320,200,120,80万円",16,800.0,7,5,10,ノーブルミステリー,牝,4,56.0,宮崎,73.2,1/2,12,111.2,36.5,7-7,美浦 菊川,454,2,
202407040206,2024-12-01,中京,6,3歳以上1勝クラス,ダ,1200,左,晴,良,"4回 中京 2日目 サラ系３歳以上 １勝クラス       [指] 定量 16頭 本賞金:800,320,200,120,80万円",16,800.0,8,7,14,ノアスペシャル,牝,3,55.0,秋山稔,73.2,アタマ,14,147.7,35.9,13-13,美浦 鈴木慎,436,4,
202407040206,2024-12-01,中京,6,3歳以上1勝クラス,ダ,1200,左,晴,良,"4回 中京 2日目 サラ系３歳以上 １勝クラス       [指] 定量 16頭 本賞金:800,320,200,120,80万円",16,800.0,9,8,16,トルーマンテソーロ,牡,5,58.0,横山武,73.2,クビ,2,6.9,36.2,12-10,美浦 小手川,528,0,
202407040206,2024-12-01,中京,6,3歳以上1勝クラス,ダ,1200,左,晴,良,"4回 中京 2日目 サラ系３歳以上 １勝クラス       [指] 定量 16頭 本賞金:800,320,200,120,80万円",16,800.0,10,6,11,ペプチドヒナタ,牡,3,57.0,北村宏,73.3,クビ,6,9.8,36.4,9-9,栗東 武英,478,-10,
202407040206,2024-12-01,中京,6,3歳以上1勝クラス,ダ,1200,左,晴,良,"4回 中京 2日目 サラ系３歳以上 １勝クラス       [指] 定量 16頭 本賞金:800,320,200,120,80万円",16,800.0,11,3,5,レッドフランカー,セ,6,56.0,◇永島,73.3,クビ,8,25.8,36.6,7-7,栗東 音無,476,20,
202407040206,2024-12-01,中京,6,3歳以上1勝クラス,ダ,1200,左,晴,良,"4回 中京 2日目 サラ系３歳以上 １勝クラス       [指] 定量 16頭 本賞金:800,320,200,120,80万円",16,800.0,12,3,6,テンホワイトラブ,牝,4,56.0,横山和,73.5,1.1/4,11,109.6,35.6,16-16,美浦 小西,512,-4,
202407040206,2024-12-01,中京,6,3歳以上1勝クラス,ダ,1200,左,晴,良,"4回 中京 2日目 サラ系３歳以上 １勝クラス       [指] 定量 16頭 本賞金:800,320,200,120,80万円",16,800.0,13,2,4,グレイスカリヨン,牝,4,53.0,▲鷲頭,73.6,3/4,10,34.1,36.3,13-10,美浦 堀内,444,-12,
202407040206,2024-12-01,中京,6,3歳以上1勝クラス,ダ,1200,左,晴,良,"4回 中京 2日目 サラ系３歳以上 １勝クラス       [指] 定量 16頭 本賞金:800,320,200,120,80万円",16,800.0,14,6,12,メイプルリーフラグ,牝,4,52.0,★河原田,74.5,5,15,347.6,38.3,4-4,美浦 的場,450,0,
202407040206,2024-12-01,中京,6,3歳以上1勝クラス,ダ,1200,左,晴,良,"4回 中京 2日目 サラ系３歳以上 １勝クラス       [指] 定量 16頭 本賞金:800,320,200,120,80万円",16,800.0,15,7,13,シャドウダッチェス,牝,4,56.0,長岡,74.7,1.1/4,13,141.5,37.8,9-13,美浦 深山,488,4,
202407040206,2024-12-01,中京,6,3歳以上1勝クラス,ダ,1200,左,晴,良,"4回 中京 2日目 サラ系３歳以上 １勝クラス       [指] 定量 16頭 本賞金:800,320,200,120,80万円",16,800.0,16,2,3,ヴォルスパシアル,セ,5,58.0,国分優,75.8,7,16,583.0,38.9,9-10,美浦 加藤和,518,2,
202407040207,2024-12-01,中京,7,3歳以上1勝クラス,ダ,1800,左,晴,良,"4回 中京 2日目 サラ系３歳以上 １勝クラス       (混)[指] 定量 12頭 本賞金:800,320,200,120,80万円",12,800.0,1,7,10,ホークフィールド,牡,3,56.0,Ｃデム,111.9,,1,2.2,36.8,2-3-4-3,栗東 武英,484,2,
202407040207,2024-12-01,中京,7,3歳以上1勝クラス,ダ,1800,左,晴,良,"4回 中京 2日目 サラ系３歳以上 １勝クラス       (混)[指] 定量 12頭 本賞金:800,320,200,120,80万円",12,800.0,2,2,2,ストーンズ,牡,3,56.0,ムーア,111.9,クビ,2,3.1,36.9,5-3-3-3,栗東 友道,498,0,
202407040207,2024-12-01,中京,7,3歳以上1勝クラス,ダ,1800,左,晴,良,"4回 中京 2日目 サラ系３歳以上 １勝クラス       (混)[指] 定量 12頭 本賞金:800,320,200,120,80万円",12,800.0,3,6,8,プルナチャンドラ,牡,3,56.0,横山和,112.1,1.1/4,6,20.4,36.8,4-5-5-5,美浦 小野,504,0,
202407040207,2024-12-01,中京,7,3歳以上1勝クラス,ダ,1800,左,晴,良,"4回 中京 2日目 サラ系３歳以上 １勝クラス       (混)[指] 定量 12頭 本賞金:800,320,200,120,80万円",12,800.0,4,3,3,アークドール,牡,3,56.0,菱田,112.5,2,8,63.4,36.5,12-12-8-8,栗東 松永幹,434,-4,
202407040207,2024-12-01,中京,7,3歳以上1勝クラス,ダ,1800,左,晴,良,"4回 中京 2日目 サラ系３歳以上 １勝クラス       (混)[指] 定量 12頭 本賞金:800,320,200,120,80万円",12,800.0,5,8,11,タナバタ,牡,3,56.0,北村宏,113.4,5,5,13.1,38.6,2-2-2-2,美浦 武井,498,-4,
202407040207,2024-12-01,中京,7,3歳以上1勝クラス,ダ,1800,左,晴,良,"4回 中京 2日目 サラ系３歳以上 １勝クラス       (混)[指] 定量 12頭 本賞金:800,320,200,120,80万円",12,800.0,6,5,5,サーティファイド,牡,5,58.0,斎藤,113.6,1.1/4,7,27.3,36.9,9-9-10-10,栗東 鮫島,484,-4,
202407040207,2024-12-01,中京,7,3歳以上1勝クラス,ダ,1800,左,晴,良,"4回 中京 2日目 サラ系３歳以上 １勝クラス       (混)[指] 定量 12頭 本賞金:800,320,200,120,80万円",12,800.0,7,4,4,デスティノ,牡,4,58.0,岩田望,114.1,3,4,8.7,38.7,6-6-6-6,美浦 矢野,536,-4,
202407040207,2024-12-01,中京,7,3歳以上1勝クラス,ダ,1800,左,晴,良,"4回 中京 2日目 サラ系３歳以上 １勝クラス       (混)[指] 定量 12頭 本賞金:800,320,200,120,80万円",12,800.0,8,6,7,ダオラダオラ,セ,4,58.0,長岡,114.1,ハナ,11,195.5,38.0,8-8-9-9,栗東 羽月,472,-6,
202407040207,2024-12-01,中京,7,3歳以上1勝クラス,ダ,1800,左,晴,良,"4回 中京 2日目 サラ系３歳以上 １勝クラス       (混)[指] 定量 12頭 本賞金:800,320,200,120,80万円",12,800.0,9,7,9,エースアビリティ,牡,3,56.0,ルメー,114.9,5,3,5.6,39.3,6-6-7-7,美浦 堀内,494,-14,
202407040207,2024-12-01,中京,7,3歳以上1勝クラス,ダ,1800,左,晴,良,"4回 中京 2日目 サラ系３歳以上 １勝クラス       (混)[指] 定量 12頭 本賞金:800,320,200,120,80万円",12,800.0,10,1,1,サノノゴールド,牡,3,54.0,◇永島,115.0,1/2,9,84.9,38.1,9-10-11-11,美浦 栗田,498,-2,
202407040207,2024-12-01,中京,7,3歳以上1勝クラス,ダ,1800,左,晴,良,"4回 中京 2日目 サラ系３歳以上 １勝クラス       (混)[指] 定量 12頭 本賞金:800,320,200,120,80万円",12,800.0,11,8,12,ポジティブガール,牝,5,56.0,国分恭,115.6,4,10,177.0,41.8,1-1-1-1,栗東 緒方,462,2,
202407040207,2024-12-01,中京,7,3歳以上1勝クラス,ダ,1800,左,晴,良,"4回 中京 2日目 サラ系３歳以上 １勝クラス       (混)[指] 定量 12頭 本賞金:800,320,200,120,80万円",12,800.0,12,5,6,レリッシュ,牝,3,51.0,▲鷲頭,116.3,4,12,488.3,39.4,11-11-11-12,美浦 天間,466,-4,
202407040208,2024-12-01,中京,8,3歳以上1勝クラス,芝,1400,左,晴,良,"4回 中京 2日目 サラ系３歳以上 １勝クラス       [指] 定量 18頭 本賞金:800,320,200,120,80万円",18,800.0,1,5,10,グロリアラウス,セ,3,57.0,Ｃデム,80.7,,1,3.9,34.3,2-2,栗東 斉藤崇,490,6,
202407040208,2024-12-01,中京,8,3歳以上1勝クラス,芝,1400,左,晴,良,"4回 中京 2日目 サラ系３歳以上 １勝クラス       [指] 定量 18頭 本賞金:800,320,200,120,80万円",18,800.0,2,2,3,ソルトクィーン,牝,3,55.0,藤岡佑,80.7,クビ,7,13.5,34.4,1-1,栗東 武英,446,2,
202407040208,2024-12-01,中京,8,3歳以上1勝クラス,芝,1400,左,晴,良,"4回 中京 2日目 サラ系３歳以上 １勝クラス       [指] 定量 18頭 本賞金:800,320,200,120,80万円",18,800.0,3,8,16,ビダーヤ,牡,3,57.0,坂井,81.2,3,2,3.9,34.6,3-3,栗東 矢作,490,0,
202407040208,2024-12-01,中京,8,3歳以上1勝クラス,芝,1400,左,晴,良,"4回 中京 2日目 サラ系３歳以上 １勝クラス       [指] 定量 18頭 本賞金:800,320,200,120,80万円",18,800.0,4,7,15,ビーグラッド,牝,3,55.0,武豊,81.4,1,6,8.9,34.3,9-9,栗東 岡田,436,0,
202407040208,2024-12-01,中京,8,3歳以上1勝クラス,芝,1400,左,晴,良,"4回 中京 2日目 サラ系３歳以上 １勝クラス       [指] 定量 18頭 本賞金:800,320,200,120,80万円",18,800.0,5,6,11,アウクソー,牝,4,56.0,秋山稔,81.6,1.1/4,13,235.2,34.7,7-6,栗東 平田,428,2,
202407040208,2024-12-01,中京,8,3歳以上1勝クラス,芝,1400,左,晴,良,"4回 中京 2日目 サラ系３歳以上 １勝クラス       [指] 定量 18頭 本賞金:800,320,200,120,80万円",18,800.0,6,3,5,アストラッド,牝,3,55.0,ルメー,81.6,クビ,5,8.9,34.9,4-3,美浦 和田郎,410,-10,
202407040208,2024-12-01,中京,8,3歳以上1勝クラス,芝,1400,左,晴,良,"4回 中京 2日目 サラ系３歳以上 １勝クラス       [指] 定量 18頭 本賞金:800,320,200,120,80万円",18,800.0,7,6,12,マーシーラン,牝,3,51.0,★河原田,81.7,1/2,3,5.1,34.2,12-12,栗東 渡辺,464,14,
202407040208,2024-12-01,中京,8,3歳以上1勝クラス,芝,1400,左,晴,良,"4回 中京 2日目 サラ系３歳以上 １勝クラス       [指] 定量 18頭 本賞金:800,320,200,120,80万円",18,800.0,8,7,14,シュブロンレーヴル,牝,3,55.0,岩田望,81.7,ハナ,11,198.2,34.8,6-6,栗東 杉山佳,414,6,
202407040208,2024-12-01,中京,8,3歳以上1勝クラス,芝,1400,左,晴,良,"4回 中京 2日目 サラ系３歳以上 １勝クラス       [指] 定量 18頭 本賞金:800,320,200,120,80万円",18,800.0,9,1,1,モラトリアム,牝,6,56.0,斎藤,81.9,1.1/4,8,73.1,35.2,4-3,栗東 河内,458,-6,
202407040208,2024-12-01,中京,8,3歳以上1勝クラス,芝,1400,左,晴,良,"4回 中京 2日目 サラ系３歳以上 １勝クラス       [指] 定量 18頭 本賞金:800,320,200,120,80万円",18,800.0,10,3,6,ブライテン,牝,4,56.0,国分優,81.9,ハナ,17,320.9,33.8,16-16,栗東 高橋亮,432,-13,
202407040208,2024-12-01,中京,8,3歳以上1勝クラス,芝,1400,左,晴,良,"4回 中京 2日目 サラ系３歳以上 １勝クラス       [指] 定量 18頭 本賞金:800,320,200,120,80万円",18,800.0,11,5,9,トモジャシーマ,牡,4,58.0,横山武,82.0,3/4,4,5.5,34.3,13-13,美浦 鈴木伸,508,2,
202407040208,2024-12-01,中京,8,3歳以上1勝クラス,芝,1400,左,晴,良,"4回 中京 2日目 サラ系３歳以上 １勝クラス       [指] 定量 18頭 本賞金:800,320,200,120,80万円",18,800.0,12,4,8,ポマール,牝,3,55.0,長岡,82.1,1/2,16,293.8,35.2,8-6,栗東 小栗,440,-12,
202407040208,2024-12-01,中京,8,3歳以上1勝クラス,芝,1400,左,晴,良,"4回 中京 2日目 サラ系３歳以上 １勝クラス       [指] 定量 18頭 本賞金:800,320,200,120,80万円",18,800.0,13,7,13,フーレイ,牝,5,53.0,▲古川奈,82.2,クビ,15,273.2,34.9,9-10,栗東 藤沢,468,3,
202407040208,2024-12-01,中京,8,3歳以上1勝クラス,芝,1400,左,晴,良,"4回 中京 2日目 サラ系３歳以上 １勝クラス       [指] 定量 18頭 本賞金:800,320,200,120,80万円",18,800.0,14,8,17,グローリーアテイン,牡,3,57.0,松山,82.7,3,9,88.7,34.6,17-16,美浦 金成,488,-4,
202407040208,2024-12-01,中京,8,3歳以上1勝クラス,芝,1400,左,晴,良,"4回 中京 2日目 サラ系３歳以上 １勝クラス       [指] 定量 18頭 本賞金:800,320,200,120,80万円",18,800.0,15,2,4,アフィリオン,セ,3,57.0,浜中,82.7,ハナ,10,101.3,35.4,11-10,美浦 古賀,472,-12,
202407040208,2024-12-01,中京,8,3歳以上1勝クラス,芝,1400,左,晴,良,"4回 中京 2日目 サラ系３歳以上 １勝クラス       [指] 定量 18頭 本賞金:800,320,200,120,80万円",18,800.0,16,8,18,エンブレムコード,牝,6,56.0,北村宏,82.7,ハナ,12,220.4,34.9,14-14,美浦 尾関,460,-18,
202407040208,2024-12-01,中京,8,3歳以上1勝クラス,芝,1400,左,晴,良,"4回 中京 2日目 サラ系３歳以上 １勝クラス       [指] 定量 18頭 本賞金:800,320,200,120,80万円",18,800.0,17,1,2,ハウファアイルゴー,牝,5,53.0,▲鷲頭,82.8,3/4,18,408.5,34.9,14-14,美浦 天間,464,0,
202407040208,2024-12-01,中京,8,3歳以上1勝クラス,芝,1400,左,晴,良,"4回 中京 2日目 サラ系３歳以上 １勝クラス       [指] 定量 18頭 本賞金:800,320,200,120,80万円",18,800.0,18,4,7,ヴェラグエリエロ,牡,4,58.0,菱田,83.2,2,14,239.0,34.9,17-18,美浦 辻,448,4,
202407040209,2024-12-01,中京,9,こうやまき賞,芝,1600,左,晴,良,"4回 中京 2日目 サラ系２歳 １勝クラス       (混)(特指) 馬齢 7頭 本賞金:1070,430,270,160,107万円",7,1070.0,1,4,4,カラマティアノス,牡,2,56.0,川田,95.1,,2,4.5,34.2,6-4-4,美浦 奥村武,462,4,
202407040209,2024-12-01,中京,9,こうやまき賞,芝,1600,左,晴,良,"4回 中京 2日目 サラ系２歳 １勝クラス       (混)(特指) 馬齢 7頭 本賞金:1070,430,270,160,107万円",7,1070.0,2,2,2,ワース,牡,2,56.0,松山,95.1,クビ,4,5.5,34.4,2-2-2,美浦 上原佑,492,4,
202407040209,2024-12-01,中京,9,こうやまき賞,芝,1600,左,晴,良,"4回 中京 2日目 サラ系２歳 １勝クラス       (混)(特指) 馬齢 7頭 本賞金:1070,430,270,160,107万円",7,1070.0,3,1,1,ネーブルオレンジ,牝,2,55.0,坂井,95.5,2,6,13.2,34.9,1-1-1,栗東 杉山佳,464,8,
202407040209,2024-12-01,中京,9,こうやまき賞,芝,1600,左,晴,良,"4回 中京 2日目 サラ系２歳 １勝クラス       (混)(特指) 馬齢 7頭 本賞金:1070,430,270,160,107万円",7,1070.0,4,5,5,シルバーレイン,牡,2,56.0,ルメー,95.6,1,1,2.2,34.5,5-6-5,美浦 萩原,470,-2,
202407040209,2024-12-01,中京,9,こうやまき賞,芝,1600,左,晴,良,"4回 中京 2日目 サラ系２歳 １勝クラス       (混)(特指) 馬齢 7頭 本賞金:1070,430,270,160,107万円",7,1070.0,5,3,3,ダイシンラー,牡,2,56.0,岩田望,95.7,クビ,5,7.8,34.9,3-3-2,栗東 梅田,504,0,
202407040209,2024-12-01,中京,9,こうやまき賞,芝,1600,左,晴,良,"4回 中京 2日目 サラ系２歳 １勝クラス       (混)(特指) 馬齢 7頭 本賞金:1070,430,270,160,107万円",7,1070.0,6,6,6,サウンドバッハ,牡,2,56.0,北村宏,96.6,5,7,138.2,35.4,6-6-7,美浦 根本,488,10,
202407040209,2024-12-01,中京,9,こうやまき賞,芝,1600,左,晴,良,"4回 中京 2日目 サラ系２歳 １勝クラス       (混)(特指) 馬齢 7頭 本賞金:1070,430,270,160,107万円",7,1070.0,7,7,7,プロクレイア,牝,2,55.0,Ｃデム,96.6,クビ,3,4.9,35.6,4-4-5,栗東 小林,454,-8,
202407040210,2024-12-01,中京,10,クロフネC,ダ,1200,左,晴,良,"4回 中京 2日目 サラ系３歳以上 ２勝クラス       (混)[指] 定量 16頭 本賞金:1550,620,390,230,155万円",16,1550.0,1,3,5,ライジン,牡,4,58.0,岩田望,70.9,,3,6.4,36.3,2-2,栗東 池添,492,4,
202407040210,2024-12-01,中京,10,クロフネC,ダ,1200,左,晴,良,"4回 中京 2日目 サラ系３歳以上 ２勝クラス       (混)[指] 定量 16頭 本賞金:1550,620,390,230,155万円",16,1550.0,2,7,14,ドゥータップ,牡,3,57.0,ルメー,71.0,1/2,1,2.8,36.4,2-3,栗東 藤原,504,0,
202407040210,2024-12-01,中京,10,クロフネC,ダ,1200,左,晴,良,"4回 中京 2日目 サラ系３歳以上 ２勝クラス       (混)[指] 定量 16頭 本賞金:1550,620,390,230,155万円",16,1550.0,3,3,6,エブリモーメント,牡,3,57.0,松山,71.3,1.3/4,5,11.3,36.5,4-5,栗東 牧田,496,2,
202407040210,2024-12-01,中京,10,クロフネC,ダ,1200,左,晴,良,"4回 中京 2日目 サラ系３歳以上 ２勝クラス       (混)[指] 定量 16頭 本賞金:1550,620,390,230,155万円",16,1550.0,4,2,4,ロンズデーライト,牡,6,58.0,Ｃデム,71.3,クビ,8,18.2,35.6,11-10,栗東 高橋一,516,0,
202407040210,2024-12-01,中京,10,クロフネC,ダ,1200,左,晴,良,"4回 中京 2日目 サラ系３歳以上 ２勝クラス       (混)[指] 定量 16頭 本賞金:1550,620,390,230,155万円",16,1550.0,5,2,3,ルージュスタニング,牝,3,55.0,ムーア,71.5,1.1/4,2,5.7,36.0,10-10,栗東 友道,510,4,
202407040210,2024-12-01,中京,10,クロフネC,ダ,1200,左,晴,良,"4回 中京 2日目 サラ系３歳以上 ２勝クラス       (混)[指] 定量 16頭 本賞金:1550,620,390,230,155万円",16,1550.0,6,6,11,ヒルノピレネー,牡,4,58.0,浜中,71.6,3/4,6,17.9,35.3,15-14,栗東 北出,460,4,
202407040210,2024-12-01,中京,10,クロフネC,ダ,1200,左,晴,良,"4回 中京 2日目 サラ系３歳以上 ２勝クラス       (混)[指] 定量 16頭 本賞金:1550,620,390,230,155万円",16,1550.0,7,4,7,タイキエクセロン,牡,5,58.0,国分恭,71.8,1.1/2,11,72.3,35.8,13-12,栗東 西園翔,504,2,
202407040210,2024-12-01,中京,10,クロフネC,ダ,1200,左,晴,良,"4回 中京 2日目 サラ系３歳以上 ２勝クラス       (混)[指] 定量 16頭 本賞金:1550,620,390,230,155万円",16,1550.0,8,5,9,サイレンスゴールド,牡,4,58.0,秋山稔,71.9,クビ,13,83.0,36.9,7-7,栗東 杉山佳,514,2,
202407040210,2024-12-01,中京,10,クロフネC,ダ,1200,左,晴,良,"4回 中京 2日目 サラ系３歳以上 ２勝クラス       (混)[指] 定量 16頭 本賞金:1550,620,390,230,155万円",16,1550.0,9,4,8,フィルムアクトレス,牝,4,56.0,武豊,71.9,ハナ,4,6.6,36.7,8-7,栗東 石橋,496,0,
202407040210,2024-12-01,中京,10,クロフネC,ダ,1200,左,晴,良,"4回 中京 2日目 サラ系３歳以上 ２勝クラス       (混)[指] 定量 16頭 本賞金:1550,620,390,230,155万円",16,1550.0,10,8,16,ペプチドシュチク,牡,3,57.0,菱田,72.1,1,10,41.2,37.3,4-5,栗東 武英,490,12,
202407040210,2024-12-01,中京,10,クロフネC,ダ,1200,左,晴,良,"4回 中京 2日目 サラ系３歳以上 ２勝クラス       (混)[指] 定量 16頭 本賞金:1550,620,390,230,155万円",16,1550.0,11,8,15,アイファースキャン,牡,4,58.0,永島,72.2,1,15,233.3,35.8,15-15,美浦 根本,488,2,
202407040210,2024-12-01,中京,10,クロフネC,ダ,1200,左,晴,良,"4回 中京 2日目 サラ系３歳以上 ２勝クラス       (混)[指] 定量 16頭 本賞金:1550,620,390,230,155万円",16,1550.0,12,1,2,ウインアウォード,牡,5,58.0,長岡,72.3,クビ,14,95.3,37.5,4-3,栗東 西園翔,514,-6,
202407040210,2024-12-01,中京,10,クロフネC,ダ,1200,左,晴,良,"4回 中京 2日目 サラ系３歳以上 ２勝クラス       (混)[指] 定量 16頭 本賞金:1550,620,390,230,155万円",16,1550.0,13,5,10,ウォルラス,牡,4,58.0,宮崎,72.4,1/2,12,75.1,37.1,9-9,美浦 中川,506,2,
202407040210,2024-12-01,中京,10,クロフネC,ダ,1200,左,晴,良,"4回 中京 2日目 サラ系３歳以上 ２勝クラス       (混)[指] 定量 16頭 本賞金:1550,620,390,230,155万円",16,1550.0,14,6,12,タカネノハナコサン,牝,4,56.0,国分優,72.5,3/4,7,18.1,38.0,1-1,栗東 緒方,486,-6,
202407040210,2024-12-01,中京,10,クロフネC,ダ,1200,左,晴,良,"4回 中京 2日目 サラ系３歳以上 ２勝クラス       (混)[指] 定量 16頭 本賞金:1550,620,390,230,155万円",16,1550.0,15,1,1,マヴォロンテ,牝,4,56.0,坂井,72.9,2.1/2,9,36.4,37.0,12-12,栗東 松永幹,472,6,
202407040210,2024-12-01,中京,10,クロフネC,ダ,1200,左,晴,良,"4回 中京 2日目 サラ系３歳以上 ２勝クラス       (混)[指] 定量 16頭 本賞金:1550,620,390,230,155万円",16,1550.0,16,7,13,ライブリームーラン,牝,4,56.0,北村宏,73.3,2,16,416.7,37.3,13-15,美浦 大竹,524,14,
202407040211,2024-12-01,中京,11,チャンピオンズC,ダ,1800,左,晴,良,"4回 中京 2日目 サラ系３歳以上 オープン       (国際)(指) 定量 16頭 本賞金:12000,4800,3000,1800,1200万円",16,12000.0,1,1,2,レモンポップ,牡,6,58.0,坂井,110.1,,1,2.2,36.9,2-1-1-1,美浦 田中博,516,2,
202407040211,2024-12-01,中京,11,チャンピオンズC,ダ,1800,左,晴,良,"4回 中京 2日目 サラ系３歳以上 オープン       (国際)(指) 定量 16頭 本賞金:12000,4800,3000,1800,1200万円",16,12000.0,2,4,8,ウィルソンテソーロ,牡,5,58.0,川田,110.1,ハナ,2,5.5,36.2,11-8-11-10,美浦 小手川,482,-4,
202407040211,2024-12-01,中京,11,チャンピオンズC,ダ,1800,左,晴,良,"4回 中京 2日目 サラ系３歳以上 オープン       (国際)(指) 定量 16頭 本賞金:12000,4800,3000,1800,1200万円",16,12000.0,3,3,6,ドゥラエレーデ,牡,4,58.0,ムーア,110.4,1.1/2,9,42.6,36.4,13-11-13-10,栗東 池添,512,-6,
202407040211,2024-12-01,中京,11,チャンピオンズC,ダ,1800,左,晴,良,"4回 中京 2日目 サラ系３歳以上 オープン       (国際)(指) 定量 16頭 本賞金:12000,4800,3000,1800,1200万円",16,12000.0,4,2,3,ハギノアレグリアス,牡,7,58.0,岩田望,110.5,3/4,6,15.3,36.7,7-5-11-8,栗東 四位,498,2,
202407040211,2024-12-01,中京,11,チャンピオンズC,ダ,1800,左,晴,良,"4回 中京 2日目 サラ系３歳以上 オープン       (国際)(指) 定量 16頭 本賞金:12000,4800,3000,1800,1200万円",16,12000.0,5,2,4,ペプチドナイル,牡,6,58.0,藤岡佑,110.5,ハナ,3,6.8,37.1,3-3-2-2,栗東 武英,534,4,
202407040211,2024-12-01,中京,11,チャンピオンズC,ダ,1800,左,晴,良,"4回 中京 2日目 サラ系３歳以上 オープン       (国際)(指) 定量 16頭 本賞金:12000,4800,3000,1800,1200万円",16,12000.0,6,6,12,サンライズジパング,牡,3,56.0,武豊,110.6,1/2,4,7.4,37.1,9-11-4-4,栗東 音無,520,8,
202407040211,2024-12-01,中京,11,チャンピオンズC,ダ,1800,左,晴,良,"4回 中京 2日目 サラ系３歳以上 オープン       (国際)(指) 定量 16頭 本賞金:12000,4800,3000,1800,1200万円",16,12000.0,7,5,10,アーテルアストレア,牝,5,56.0,菱田,110.6,クビ,12,82.9,36.3,16-16-15-15,栗東 橋口,476,2,
202407040211,2024-12-01,中京,11,チャンピオンズC,ダ,1800,左,晴,良,"4回 中京 2日目 サラ系３歳以上 オープン       (国際)(指) 定量 16頭 本賞金:12000,4800,3000,1800,1200万円",16,12000.0,8,3,5,ペイシャエス,牡,5,58.0,横山和,110.8,1,11,72.7,37.1,5-5-6-6,美浦 小西,500,2,
202407040211,2024-12-01,中京,11,チャンピオンズC,ダ,1800,左,晴,良,"4回 中京 2日目 サラ系３歳以上 オープン       (国際)(指) 定量 16頭 本賞金:12000,4800,3000,1800,1200万円",16,12000.0,9,8,15,グロリアムンディ,牡,6,58.0,北村宏,111.3,3,16,258.0,37.6,5-5-6-6,栗東 大久保,502,2,
202407040211,2024-12-01,中京,11,チャンピオンズC,ダ,1800,左,晴,良,"4回 中京 2日目 サラ系３歳以上 オープン       (国際)(指) 定量 16頭 本賞金:12000,4800,3000,1800,1200万円",16,12000.0,10,6,11,ミトノオー,牡,4,58.0,松山,111.4,1,15,167.5,38.1,1-2-2-2,美浦 牧,514,12,
202407040211,2024-12-01,中京,11,チャンピオンズC,ダ,1800,左,晴,良,"4回 中京 2日目 サラ系３歳以上 オープン       (国際)(指) 定量 16頭 本賞金:12000,4800,3000,1800,1200万円",16,12000.0,11,1,1,クラウンプライド,牡,5,58.0,横山武,112.0,3.1/2,7,16.6,38.4,3-3-4-4,栗東 新谷,508,4,
202407040211,2024-12-01,中京,11,チャンピオンズC,ダ,1800,左,晴,良,"4回 中京 2日目 サラ系３歳以上 オープン       (国際)(指) 定量 16頭 本賞金:12000,4800,3000,1800,1200万円",16,12000.0,12,4,7,セラフィックコール,牡,4,58.0,Ｃデム,112.4,2,8,18.3,38.7,11-13-6-8,栗東 寺島,538,0,
202407040211,2024-12-01,中京,11,チャンピオンズC,ダ,1800,左,晴,良,"4回 中京 2日目 サラ系３歳以上 オープン       (国際)(指) 定量 16頭 本賞金:12000,4800,3000,1800,1200万円",16,12000.0,13,7,13,ミックファイア,牡,4,58.0,ルメー,112.4,クビ,10,60.5,37.9,15-15-16-15,地方 渡辺和,500,-5,
202407040211,2024-12-01,中京,11,チャンピオンズC,ダ,1800,左,晴,良,"4回 中京 2日目 サラ系３歳以上 オープン       (国際)(指) 定量 16頭 本賞金:12000,4800,3000,1800,1200万円",16,12000.0,14,5,9,テーオードレフォン,牡,5,58.0,三浦,112.8,2.1/2,14,107.7,38.8,9-8-13-13,栗東 梅田,494,2,
202407040211,2024-12-01,中京,11,チャンピオンズC,ダ,1800,左,晴,良,"4回 中京 2日目 サラ系３歳以上 オープン       (国際)(指) 定量 16頭 本賞金:12000,4800,3000,1800,1200万円",16,12000.0,15,8,16,ガイアフォース,牡,5,58.0,長岡,113.7,5,5,13.7,40.0,13-13-6-10,栗東 杉山晴,496,2,
202407040211,2024-12-01,中京,11,チャンピオンズC,ダ,1800,左,晴,良,"4回 中京 2日目 サラ系３歳以上 オープン       (国際)(指) 定量 16頭 本賞金:12000,4800,3000,1800,1200万円",16,12000.0,16,7,14,スレイマン,牡,6,58.0,斎藤,113.8,1/2,13,107.1,40.1,7-8-6-13,栗東 池添,548,6,
202407040212,2024-12-01,中京,12,栄特別,芝,2200,左,晴,良,"4回 中京 2日目 サラ系３歳以上 １勝クラス       (混)[指] 定量 16頭 本賞金:1110,440,280,170,111万円",16,1110.0,1,2,3,オルトパラティウム,牡,3,56.0,ムーア,132.6,,1,1.9,34.9,3-2-4-3,栗東 安田,508,4,
202407040212,2024-12-01,中京,12,栄特別,芝,2200,左,晴,良,"4回 中京 2日目 サラ系３歳以上 １勝クラス       (混)[指] 定量 16頭 本賞金:1110,440,280,170,111万円",16,1110.0,2,2,4,キャントウェイト,牡,3,56.0,国分優,132.8,1.1/4,6,23.7,34.9,5-6-7-7,美浦 萱野,462,14,
202407040212,2024-12-01,中京,12,栄特別,芝,2200,左,晴,良,"4回 中京 2日目 サラ系３歳以上 １勝クラス       (混)[指] 定量 16頭 本賞金:1110,440,280,170,111万円",16,1110.0,3,4,7,グラヴィス,牡,3,56.0,坂井,132.9,3/4,4,10.8,35.1,5-6-5-5,栗東 矢作,492,-12,
202407040212,2024-12-01,中京,12,栄特別,芝,2200,左,晴,良,"4回 中京 2日目 サラ系３歳以上 １勝クラス       (混)[指] 定量 16頭 本賞金:1110,440,280,170,111万円",16,1110.0,4,4,8,アメジストブラック,牡,5,58.0,藤岡佑,133.2,1.3/4,8,30.2,34.9,12-12-10-10,栗東 小椋,528,-4,
202407040212,2024-12-01,中京,12,栄特別,芝,2200,左,晴,良,"4回 中京 2日目 サラ系３歳以上 １勝クラス       (混)[指] 定量 16頭 本賞金:1110,440,280,170,111万円",16,1110.0,5,6,12,ミッキーキャンバス,牡,4,58.0,浜中,133.3,1/2,2,5.6,35.2,9-8-8-8,栗東 池江,506,14,
202407040212,2024-12-01,中京,12,栄特別,芝,2200,左,晴,良,"4回 中京 2日目 サラ系３歳以上 １勝クラス       (混)[指] 定量 16頭 本賞金:1110,440,280,170,111万円",16,1110.0,6,7,14,ダイヤモンドレイン,牝,3,54.0,Ｃデム,133.5,1.1/4,3,6.2,36.0,5-4-2-2,栗東 池添,496,-4,
202407040212,2024-12-01,中京,12,栄特別,芝,2200,左,晴,良,"4回 中京 2日目 サラ系３歳以上 １勝クラス       (混)[指] 定量 16頭 本賞金:1110,440,280,170,111万円",16,1110.0,7,3,5,ジャスティンライズ,牡,3,56.0,北村宏,133.6,1/2,10,37.1,35.2,9-10-10-10,栗東 吉岡,528,-2,
202407040212,2024-12-01,中京,12,栄特別,芝,2200,左,晴,良,"4回 中京 2日目 サラ系３歳以上 １勝クラス       (混)[指] 定量 16頭 本賞金:1110,440,280,170,111万円",16,1110.0,8,8,15,サラトガチップス,牡,3,56.0,横山武,133.8,1.1/4,7,25.4,34.9,13-13-13-13,栗東 新谷,434,2,
202407040212,2024-12-01,中京,12,栄特別,芝,2200,左,晴,良,"4回 中京 2日目 サラ系３歳以上 １勝クラス       (混)[指] 定量 16頭 本賞金:1110,440,280,170,111万円",16,1110.0,9,6,11,ジェロニモス,牡,3,56.0,岩田望,133.8,アタマ,11,40.9,35.7,8-8-8-8,栗東 中村,468,-18,
202407040212,2024-12-01,中京,12,栄特別,芝,2200,左,晴,良,"4回 中京 2日目 サラ系３歳以上 １勝クラス       (混)[指] 定量 16頭 本賞金:1110,440,280,170,111万円",16,1110.0,10,8,16,ナムラブーニン,牡,3,56.0,武豊,133.9,1/2,5,17.3,34.8,14-14-14-14,栗東 高橋一,462,2,
202407040212,2024-12-01,中京,12,栄特別,芝,2200,左,晴,良,"4回 中京 2日目 サラ系３歳以上 １勝クラス       (混)[指] 定量 16頭 本賞金:1110,440,280,170,111万円",16,1110.0,11,1,2,フェスティヴビーム,牡,4,58.0,秋山稔,133.9,クビ,15,218.2,36.5,1-1-1-1,美浦 畠山,466,0,
202407040212,2024-12-01,中京,12,栄特別,芝,2200,左,晴,良,"4回 中京 2日目 サラ系３歳以上 １勝クラス       (混)[指] 定量 16頭 本賞金:1110,440,280,170,111万円",16,1110.0,12,5,9,イケイケドンドン,牡,4,58.0,斎藤,134.0,クビ,12,64.5,36.2,4-4-5-5,美浦 松山,474,0,
202407040212,2024-12-01,中京,12,栄特別,芝,2200,左,晴,良,"4回 中京 2日目 サラ系３歳以上 １勝クラス       (混)[指] 定量 16頭 本賞金:1110,440,280,170,111万円",16,1110.0,13,5,10,タナサンブラック,牡,4,58.0,長岡,134.3,2,9,30.6,36.7,2-2-3-3,美浦 伊坂,500,-2,
202407040212,2024-12-01,中京,12,栄特別,芝,2200,左,晴,良,"4回 中京 2日目 サラ系３歳以上 １勝クラス       (混)[指] 定量 16頭 本賞金:1110,440,280,170,111万円",16,1110.0,14,7,13,デザートスター,セ,5,58.0,菱田,134.6,2,14,207.8,35.1,15-15-16-16,栗東 笹田,464,2,
202407040212,2024-12-01,中京,12,栄特別,芝,2200,左,晴,良,"4回 中京 2日目 サラ系３歳以上 １勝クラス       (混)[指] 定量 16頭 本賞金:1110,440,280,170,111万円",16,1110.0,15,3,6,ヴァンデスト,牝,5,56.0,永島,134.9,1.3/4,13,87.7,35.7,16-16-14-15,栗東 藤沢,416,-2,
202407040212,2024-12-01,中京,12,栄特別,芝,2200,左,晴,良,"4回 中京 2日目 サラ系３歳以上 １勝クラス       (混)[指] 定量 16頭 本賞金:1110,440,280,170,111万円",16,1110.0,16,1,1,マコトヴィエルジ,牝,3,54.0,国分恭,135.2,1.3/4,16,326.2,36.8,9-11-12-10,美浦 大竹,470,0,
202408070201,2024-12-01,京都,1,2歳未勝利,ダ,1200,右,晴,良,"7回 京都 2日目 サラ系２歳 未勝利       [指] 馬齢 15頭 本賞金:550,220,140,83,55万円",15,550.0,1,7,12,ペイシャケイプ,牡,2,56.0,酒井,73.4,,1,3.9,35.9,13-13,栗東 高橋康,538,10,
202408070201,2024-12-01,京都,1,2歳未勝利,ダ,1200,右,晴,良,"7回 京都 2日目 サラ系２歳 未勝利       [指] 馬齢 15頭 本賞金:550,220,140,83,55万円",15,550.0,2,6,11,ロイヤルイブキ,牡,2,55.0,☆小沢,74.1,4,8,17.5,37.8,3-3,栗東 大根田,482,-2,
202408070201,2024-12-01,京都,1,2歳未勝利,ダ,1200,右,晴,良,"7回 京都 2日目 サラ系２歳 未勝利       [指] 馬齢 15頭 本賞金:550,220,140,83,55万円",15,550.0,3,8,15,ミキノバカラ,牡,2,55.0,☆田口,74.2,1/2,3,6.4,38.1,2-1,栗東 大橋,476,18,
202408070201,2024-12-01,京都,1,2歳未勝利,ダ,1200,右,晴,良,"7回 京都 2日目 サラ系２歳 未勝利       [指] 馬齢 15頭 本賞金:550,220,140,83,55万円",15,550.0,4,4,6,タガノテツ,牡,2,56.0,田中健,74.2,ハナ,9,27.4,37.2,9-8,栗東 荒川,456,0,
202408070201,2024-12-01,京都,1,2歳未勝利,ダ,1200,右,晴,良,"7回 京都 2日目 サラ系２歳 未勝利       [指] 馬齢 15頭 本賞金:550,220,140,83,55万円",15,550.0,5,3,4,スレッドザニードル,牡,2,54.0,△吉村,74.5,1.1/2,6,12.1,37.4,11-11,栗東 佐々木,480,-4,
202408070201,2024-12-01,京都,1,2歳未勝利,ダ,1200,右,晴,良,"7回 京都 2日目 サラ系２歳 未勝利       [指] 馬齢 15頭 本賞金:550,220,140,83,55万円",15,550.0,6,4,7,アイファーモービル,牡,2,56.0,藤懸,74.5,ハナ,11,67.7,37.0,13-14,栗東 鮫島,466,6,
202408070201,2024-12-01,京都,1,2歳未勝利,ダ,1200,右,晴,良,"7回 京都 2日目 サラ系２歳 未勝利       [指] 馬齢 15頭 本賞金:550,220,140,83,55万円",15,550.0,7,2,3,スキャットメロディ,牡,2,53.0,▲柴田裕,74.5,ハナ,12,73.6,37.6,7-8,栗東 中竹,456,0,
202408070201,2024-12-01,京都,1,2歳未勝利,ダ,1200,右,晴,良,"7回 京都 2日目 サラ系２歳 未勝利       [指] 馬齢 15頭 本賞金:550,220,140,83,55万円",15,550.0,8,8,14,モズノセイギ,牡,2,56.0,団野,74.5,クビ,7,17.2,37.6,7-5,栗東 荒川,460,4,
202408070201,2024-12-01,京都,1,2歳未勝利,ダ,1200,右,晴,良,"7回 京都 2日目 サラ系２歳 未勝利       [指] 馬齢 15頭 本賞金:550,220,140,83,55万円",15,550.0,9,3,5,テーオーヴァルナイ,牝,2,55.0,西村淳,74.9,2,2,4.5,38.1,5-5,栗東 浜田,440,-2,
202408070201,2024-12-01,京都,1,2歳未勝利,ダ,1200,右,晴,良,"7回 京都 2日目 サラ系２歳 未勝利       [指] 馬齢 15頭 本賞金:550,220,140,83,55万円",15,550.0,10,2,2,グレイスフルマーチ,牡,2,56.0,戸崎圭,74.9,アタマ,5,6.7,37.9,11-10,栗東 中村,464,-2,
202408070201,2024-12-01,京都,1,2歳未勝利,ダ,1200,右,晴,良,"7回 京都 2日目 サラ系２歳 未勝利       [指] 馬齢 15頭 本賞金:550,220,140,83,55万円",15,550.0,11,1,1,ブルドッグワイルド,牡,2,53.0,▲橋木,75.6,4,4,6.5,39.0,5-5,栗東 西園正,472,0,
202408070201,2024-12-01,京都,1,2歳未勝利,ダ,1200,右,晴,良,"7回 京都 2日目 サラ系２歳 未勝利       [指] 馬齢 15頭 本賞金:550,220,140,83,55万円",15,550.0,12,6,10,コパノジェームス,牡,2,54.0,△高杉,75.7,3/4,10,27.9,39.4,3-3,栗東 村山,500,-10,
202408070201,2024-12-01,京都,1,2歳未勝利,ダ,1200,右,晴,良,"7回 京都 2日目 サラ系２歳 未勝利       [指] 馬齢 15頭 本賞金:550,220,140,83,55万円",15,550.0,13,5,8,セカンドフラッシュ,牝,2,55.0,古川吉,76.0,1.3/4,14,123.3,38.5,13-14,栗東 木原,458,-4,
202408070201,2024-12-01,京都,1,2歳未勝利,ダ,1200,右,晴,良,"7回 京都 2日目 サラ系２歳 未勝利       [指] 馬齢 15頭 本賞金:550,220,140,83,55万円",15,550.0,14,5,9,ニシノオーブ,牝,2,55.0,幸,76.3,2,13,73.6,39.2,9-11,栗東 谷,462,2,
202408070201,2024-12-01,京都,1,2歳未勝利,ダ,1200,右,晴,良,"7回 京都 2日目 サラ系２歳 未勝利       [指] 馬齢 15頭 本賞金:550,220,140,83,55万円",15,550.0,15,7,13,レディココア,牝,2,54.0,☆西塚,77.7,8,15,292.2,41.8,1-2,栗東 杉山佳,436,-4,
202408070202,2024-12-01,京都,2,2歳未勝利,芝,1600,右,晴,良,"7回 京都 2日目 サラ系２歳 未勝利       牝[指] 馬齢 10頭 本賞金:550,220,140,83,55万円",10,550.0,1,5,5,ブーディガ,牝,2,55.0,西村淳,96.0,,3,6.0,34.2,2-2,栗東 奥村豊,478,6,
202408070202,2024-12-01,京都,2,2歳未勝利,芝,1600,右,晴,良,"7回 京都 2日目 サラ系２歳 未勝利       牝[指] 馬齢 10頭 本賞金:550,220,140,83,55万円",10,550.0,2,8,10,アメリータ,牝,2,53.0,△吉村,96.5,3,6,27.3,34.8,1-1,栗東 今野,426,-2,
202408070202,2024-12-01,京都,2,2歳未勝利,芝,1600,右,晴,良,"7回 京都 2日目 サラ系２歳 未勝利       牝[指] 馬齢 10頭 本賞金:550,220,140,83,55万円",10,550.0,3,6,6,キントラダンサー,牝,2,54.0,☆西塚,96.5,ハナ,1,1.5,34.4,5-4,栗東 長谷川,462,2,
202408070202,2024-12-01,京都,2,2歳未勝利,芝,1600,右,晴,良,"7回 京都 2日目 サラ系２歳 未勝利       牝[指] 馬齢 10頭 本賞金:550,220,140,83,55万円",10,550.0,4,7,8,オリージネアリア,牝,2,54.0,☆田口,96.7,1.1/2,4,12.5,34.8,3-3,栗東 吉村,430,4,
202408070202,2024-12-01,京都,2,2歳未勝利,芝,1600,右,晴,良,"7回 京都 2日目 サラ系２歳 未勝利       牝[指] 馬齢 10頭 本賞金:550,220,140,83,55万円",10,550.0,5,2,2,エリカサンタモニカ,牝,2,55.0,団野,96.8,クビ,2,4.1,34.5,7-7,栗東 茶木,460,-4,
202408070202,2024-12-01,京都,2,2歳未勝利,芝,1600,右,晴,良,"7回 京都 2日目 サラ系２歳 未勝利       牝[指] 馬齢 10頭 本賞金:550,220,140,83,55万円",10,550.0,6,1,1,グリフォン,牝,2,54.0,☆小沢,96.9,1/2,8,116.6,34.9,3-4,栗東 小椋,426,10,
202408070202,2024-12-01,京都,2,2歳未勝利,芝,1600,右,晴,良,"7回 京都 2日目 サラ系２歳 未勝利       牝[指] 馬齢 10頭 本賞金:550,220,140,83,55万円",10,550.0,7,7,7,ジャニーヌ,牝,2,55.0,北村友,97.0,1/2,5,23.2,34.9,5-4,栗東 坂口,414,-2,
202408070202,2024-12-01,京都,2,2歳未勝利,芝,1600,右,晴,良,"7回 京都 2日目 サラ系２歳 未勝利       牝[指] 馬齢 10頭 本賞金:550,220,140,83,55万円",10,550.0,8,8,9,アニュレス,牝,2,55.0,田中健,97.3,1.3/4,9,117.1,34.7,9-9,栗東 佐々木,450,-8,
202408070202,2024-12-01,京都,2,2歳未勝利,芝,1600,右,晴,良,"7回 京都 2日目 サラ系２歳 未勝利       牝[指] 馬齢 10頭 本賞金:550,220,140,83,55万円",10,550.0,9,3,3,ジーティーパール,牝,2,53.0,△高杉,97.4,1,7,32.7,34.8,9-10,栗東 石坂,436,4,
202408070202,2024-12-01,京都,2,2歳未勝利,芝,1600,右,晴,良,"7回 京都 2日目 サラ系２歳 未勝利       牝[指] 馬齢 10頭 本賞金:550,220,140,83,55万円",10,550.0,10,4,4,タウングー,牝,2,55.0,酒井,97.6,1.1/4,10,263.8,35.3,7-7,栗東 藤沢,438,0,
202408070203,2024-12-01,京都,3,2歳未勝利,芝,1800,右,晴,良,"7回 京都 2日目 サラ系２歳 未勝利       (混)[指] 馬齢 11頭 本賞金:550,220,140,83,55万円",11,550.0,1,4,4,サタデーサンライズ,牝,2,53.0,△吉村,108.5,,4,8.7,34.1,2-2,栗東 石坂,446,-4,
202408070203,2024-12-01,京都,3,2歳未勝利,芝,1800,右,晴,良,"7回 京都 2日目 サラ系２歳 未勝利       (混)[指] 馬齢 11頭 本賞金:550,220,140,83,55万円",11,550.0,2,8,10,サヴォンリンナ,牝,2,55.0,北村友,108.5,アタマ,6,52.8,34.1,1-1,栗東 田中克,446,0,
202408070203,2024-12-01,京都,3,2歳未勝利,芝,1800,右,晴,良,"7回 京都 2日目 サラ系２歳 未勝利       (混)[指] 馬齢 11頭 本賞金:550,220,140,83,55万円",11,550.0,3,3,3,キタサンハナビラ,牝,2,55.0,団野,109.0,2.1/2,1,1.4,34.2,4-4,栗東 斉藤崇,452,4,
202408070203,2024-12-01,京都,3,2歳未勝利,芝,1800,右,晴,良,"7回 京都 2日目 サラ系２歳 未勝利       (混)[指] 馬齢 11頭 本賞金:550,220,140,83,55万円",11,550.0,4,1,1,プチプランス,牡,2,54.0,△高杉,109.1,1/2,3,7.3,34.4,4-4,栗東 藤岡,482,-2,
202408070203,2024-12-01,京都,3,2歳未勝利,芝,1800,右,晴,良,"7回 京都 2日目 サラ系２歳 未勝利       (混)[指] 馬齢 11頭 本賞金:550,220,140,83,55万円",11,550.0,5,5,5,ザカリナン,牡,2,56.0,西村淳,109.2,1/2,2,4.8,34.6,3-3,栗東 小栗,440,2,
202408070203,2024-12-01,京都,3,2歳未勝利,芝,1800,右,晴,良,"7回 京都 2日目 サラ系２歳 未勝利       (混)[指] 馬齢 11頭 本賞金:550,220,140,83,55万円",11,550.0,6,8,11,ハイアップグレード,牡,2,53.0,▲柴田裕,109.6,2.1/2,5,30.7,34.4,8-10,栗東 谷,474,-6,
202408070203,2024-12-01,京都,3,2歳未勝利,芝,1800,右,晴,良,"7回 京都 2日目 サラ系２歳 未勝利       (混)[指] 馬齢 11頭 本賞金:550,220,140,83,55万円",11,550.0,7,7,8,ディニテ,牡,2,56.0,小崎,109.8,1,7,56.5,34.7,10-10,栗東 辻野,496,4,
202408070203,2024-12-01,京都,3,2歳未勝利,芝,1800,右,晴,良,"7回 京都 2日目 サラ系２歳 未勝利       (混)[指] 馬齢 11頭 本賞金:550,220,140,83,55万円",11,550.0,8,7,9,カガセブンスター,牡,2,56.0,幸,109.8,クビ,10,231.3,34.6,10-8,栗東 安達,456,2,
202408070203,2024-12-01,京都,3,2歳未勝利,芝,1800,右,晴,良,"7回 京都 2日目 サラ系２歳 未勝利       (混)[指] 馬齢 11頭 本賞金:550,220,140,83,55万円",11,550.0,9,6,7,セイノスケ,牡,2,56.0,吉田隼,110.0,1.1/4,9,137.3,35.1,8-6,栗東 清水久,458,2,
202408070203,2024-12-01,京都,3,2歳未勝利,芝,1800,右,晴,良,"7回 京都 2日目 サラ系２歳 未勝利       (混)[指] 馬齢 11頭 本賞金:550,220,140,83,55万円",11,550.0,10,6,6,ジョウショーサクラ,牝,2,54.0,☆西塚,110.2,1.1/4,11,243.0,35.1,6-8,栗東 中尾,454,2,
202408070203,2024-12-01,京都,3,2歳未勝利,芝,1800,右,晴,良,"7回 京都 2日目 サラ系２歳 未勝利       (混)[指] 馬齢 11頭 本賞金:550,220,140,83,55万円",11,550.0,11,2,2,ナムラブルータス,牡,2,55.0,☆田口,110.3,クビ,8,76.0,35.4,6-6,栗東 大橋,474,-6,
202408070204,2024-12-01,京都,4,3歳以上障害未勝利,障,2910,,晴,良,"7回 京都 2日目 障害３歳以上 未勝利       (混) 定量 13頭 本賞金:790,320,200,120,79万円",13,790.0,1,8,13,テイエムエメラルド,牝,6,58.0,小野寺,200.0,,3,11.8,13.7,4-4-3-3,栗東 小椋,476,8,
202408070204,2024-12-01,京都,4,3歳以上障害未勝利,障,2910,,晴,良,"7回 京都 2日目 障害３歳以上 未勝利       (混) 定量 13頭 本賞金:790,320,200,120,79万円",13,790.0,2,5,7,バーンパッション,牡,7,60.0,大江圭,200.2,1.1/4,1,2.2,13.8,2-2-2-2,美浦 天間,472,-2,
202408070204,2024-12-01,京都,4,3歳以上障害未勝利,障,2910,,晴,良,"7回 京都 2日目 障害３歳以上 未勝利       (混) 定量 13頭 本賞金:790,320,200,120,79万円",13,790.0,3,7,11,カイトレッド,牝,7,58.0,上野,201.1,5,2,3.4,13.8,1-1-1-1,美浦 和田雄,482,0,
202408070204,2024-12-01,京都,4,3歳以上障害未勝利,障,2910,,晴,良,"7回 京都 2日目 障害３歳以上 未勝利       (混) 定量 13頭 本賞金:790,320,200,120,79万円",13,790.0,4,7,10,フジフォンテ,セ,5,60.0,石神深,203.1,大,10,32.7,14.0,10-10-6-6,美浦 粕谷,462,4,
202408070204,2024-12-01,京都,4,3歳以上障害未勝利,障,2910,,晴,良,"7回 京都 2日目 障害３歳以上 未勝利       (混) 定量 13頭 本賞金:790,320,200,120,79万円",13,790.0,5,1,1,アルデドゥオーモ,牡,3,58.0,五十嵐,203.6,3,4,13.9,14.0,6-6-4-5,美浦 矢野,484,-2,
202408070204,2024-12-01,京都,4,3歳以上障害未勝利,障,2910,,晴,良,"7回 京都 2日目 障害３歳以上 未勝利       (混) 定量 13頭 本賞金:790,320,200,120,79万円",13,790.0,6,3,3,アースブレイブ,セ,7,60.0,江田勇,204.1,3,5,15.6,14.0,3-3-4-4,美浦 宗像,466,2,
202408070204,2024-12-01,京都,4,3歳以上障害未勝利,障,2910,,晴,良,"7回 京都 2日目 障害３歳以上 未勝利       (混) 定量 13頭 本賞金:790,320,200,120,79万円",13,790.0,7,5,6,マイネルメサイア,牡,5,60.0,草野,204.3,1.1/4,9,27.3,14.0,7-9-10-9,美浦 水野,478,-2,
202408070204,2024-12-01,京都,4,3歳以上障害未勝利,障,2910,,晴,良,"7回 京都 2日目 障害３歳以上 未勝利       (混) 定量 13頭 本賞金:790,320,200,120,79万円",13,790.0,8,8,12,グラヴィテ,牝,6,58.0,黒岩,204.3,ハナ,13,45.8,14.0,5-5-6-7,栗東 鮫島,494,6,
202408070204,2024-12-01,京都,4,3歳以上障害未勝利,障,2910,,晴,良,"7回 京都 2日目 障害３歳以上 未勝利       (混) 定量 13頭 本賞金:790,320,200,120,79万円",13,790.0,9,6,8,ペイシャモノノフ,牡,4,60.0,田村,206.4,大,6,17.3,14.2,7-7-8-10,栗東 畑端,482,10,
202408070204,2024-12-01,京都,4,3歳以上障害未勝利,障,2910,,晴,良,"7回 京都 2日目 障害３歳以上 未勝利       (混) 定量 13頭 本賞金:790,320,200,120,79万円",13,790.0,10,2,2,ヘイセイメジャー,牡,7,60.0,中村,207.6,7,8,26.5,14.3,7-7-8-8,栗東 木原,502,4,
202408070204,2024-12-01,京都,4,3歳以上障害未勝利,障,2910,,晴,良,"7回 京都 2日目 障害３歳以上 未勝利       (混) 定量 13頭 本賞金:790,320,200,120,79万円",13,790.0,11,4,5,スペクトログラム,牡,5,60.0,小牧加,208.5,5,7,18.8,14.3,11-11-11-11,栗東 池江,502,2,
202408070204,2024-12-01,京都,4,3歳以上障害未勝利,障,2910,,晴,良,"7回 京都 2日目 障害３歳以上 未勝利       (混) 定量 13頭 本賞金:790,320,200,120,79万円",13,790.0,12,4,4,クラウンアラビアン,牡,3,58.0,小坂,210.2,10,12,41.3,14.4,13-13-13-13,栗東 角田,476,4,
202408070204,2024-12-01,京都,4,3歳以上障害未勝利,障,2910,,晴,良,"7回 京都 2日目 障害３歳以上 未勝利       (混) 定量 13頭 本賞金:790,320,200,120,79万円",13,790.0,13,6,9,マテンロウナイト,牡,4,60.0,西谷誠,211.0,5,11,33.6,14.5,12-12-12-12,栗東 坂口,478,12,
202408070205,2024-12-01,京都,5,2歳新馬,芝,1400,右,晴,良,"7回 京都 2日目 サラ系２歳 新馬       (混)[指] 馬齢 9頭 本賞金:720,290,180,110,72万円",9,720.0,1,7,7,ランスオブカオス,牡,2,54.0,△吉村,82.5,,2,4.3,33.6,8-6,栗東 奥村豊,502,0,
202408070205,2024-12-01,京都,5,2歳新馬,芝,1400,右,晴,良,"7回 京都 2日目 サラ系２歳 新馬       (混)[指] 馬齢 9頭 本賞金:720,290,180,110,72万円",9,720.0,2,4,4,ジーティーエスピ,牡,2,56.0,戸崎圭,82.9,2.1/2,1,1.6,34.8,2-2,栗東 中村,470,0,
202408070205,2024-12-01,京都,5,2歳新馬,芝,1400,右,晴,良,"7回 京都 2日目 サラ系２歳 新馬       (混)[指] 馬齢 9頭 本賞金:720,290,180,110,72万円",9,720.0,3,8,8,パヴィーア,牝,2,55.0,北村友,83.1,1,3,6.0,34.7,3-4,栗東 田中克,462,0,
202408070205,2024-12-01,京都,5,2歳新馬,芝,1400,右,晴,良,"7回 京都 2日目 サラ系２歳 新馬       (混)[指] 馬齢 9頭 本賞金:720,290,180,110,72万円",9,720.0,4,6,6,ハーイバービー,牝,2,55.0,幸,83.2,3/4,6,25.5,34.6,6-5,栗東 畑端,462,0,
202408070205,2024-12-01,京都,5,2歳新馬,芝,1400,右,晴,良,"7回 京都 2日目 サラ系２歳 新馬       (混)[指] 馬齢 9頭 本賞金:720,290,180,110,72万円",9,720.0,5,3,3,エンチャントリバー,牝,2,53.0,△高杉,83.4,1.1/4,7,47.7,34.2,9-9,栗東 高橋亮,430,0,
202408070205,2024-12-01,京都,5,2歳新馬,芝,1400,右,晴,良,"7回 京都 2日目 サラ系２歳 新馬       (混)[指] 馬齢 9頭 本賞金:720,290,180,110,72万円",9,720.0,6,5,5,スパニッシュソング,牝,2,55.0,西村淳,83.4,クビ,4,7.7,34.7,6-6,栗東 中内田,434,0,
202408070205,2024-12-01,京都,5,2歳新馬,芝,1400,右,晴,良,"7回 京都 2日目 サラ系２歳 新馬       (混)[指] 馬齢 9頭 本賞金:720,290,180,110,72万円",9,720.0,7,8,9,サウンドルーチェ,牝,2,55.0,団野,83.6,1,5,17.8,35.3,3-3,栗東 渡辺,450,0,
202408070205,2024-12-01,京都,5,2歳新馬,芝,1400,右,晴,良,"7回 京都 2日目 サラ系２歳 新馬       (混)[指] 馬齢 9頭 本賞金:720,290,180,110,72万円",9,720.0,8,1,1,リケアアッサム,牝,2,54.0,☆田口,84.9,8,8,101.6,36.5,3-6,美浦 小野,440,0,
202408070205,2024-12-01,京都,5,2歳新馬,芝,1400,右,晴,良,"7回 京都 2日目 サラ系２歳 新馬       (混)[指] 馬齢 9頭 本賞金:720,290,180,110,72万円",9,720.0,9,2,2,ワンダーエルピス,牝,2,54.0,☆小沢,85.5,3.1/2,9,167.2,37.4,1-1,栗東 牧田,398,0,
202408070206,2024-12-01,京都,6,2歳新馬,ダ,1800,右,晴,良,"7回 京都 2日目 サラ系２歳 新馬       [指] 馬齢 7頭 本賞金:720,290,180,110,72万円",7,720.0,1,6,6,ソニックステップ,牡,2,56.0,西村淳,114.8,,1,1.8,36.4,2-2-2-2,栗東 高野,506,0,
202408070206,2024-12-01,京都,6,2歳新馬,ダ,1800,右,晴,良,"7回 京都 2日目 サラ系２歳 新馬       [指] 馬齢 7頭 本賞金:720,290,180,110,72万円",7,720.0,2,7,7,シュドゥン,牝,2,55.0,団野,114.9,クビ,4,7.2,36.7,1-1-1-1,栗東 上村,466,0,
202408070206,2024-12-01,京都,6,2歳新馬,ダ,1800,右,晴,良,"7回 京都 2日目 サラ系２歳 新馬       [指] 馬齢 7頭 本賞金:720,290,180,110,72万円",7,720.0,3,1,1,タイセイバンクール,牡,2,56.0,戸崎圭,116.1,7,2,3.0,37.6,3-3-2-3,栗東 西村,454,0,
202408070206,2024-12-01,京都,6,2歳新馬,ダ,1800,右,晴,良,"7回 京都 2日目 サラ系２歳 新馬       [指] 馬齢 7頭 本賞金:720,290,180,110,72万円",7,720.0,4,2,2,クラヴィウス,牡,2,56.0,幸,117.2,7,3,6.0,38.6,3-3-4-4,栗東 緒方,496,0,
202408070206,2024-12-01,京都,6,2歳新馬,ダ,1800,右,晴,良,"7回 京都 2日目 サラ系２歳 新馬       [指] 馬齢 7頭 本賞金:720,290,180,110,72万円",7,720.0,5,5,5,ジンガブリッツ,牡,2,56.0,吉田隼,117.3,1/2,6,43.5,38.6,5-5-5-4,栗東 森田,422,0,
202408070206,2024-12-01,京都,6,2歳新馬,ダ,1800,右,晴,良,"7回 京都 2日目 サラ系２歳 新馬       [指] 馬齢 7頭 本賞金:720,290,180,110,72万円",7,720.0,6,4,4,ニホンピロカミーノ,牡,2,55.0,☆田口,120.0,大,5,28.4,38.9,6-6-7-7,栗東 安達,476,0,
202408070206,2024-12-01,京都,6,2歳新馬,ダ,1800,右,晴,良,"7回 京都 2日目 サラ系２歳 新馬       [指] 馬齢 7頭 本賞金:720,290,180,110,72万円",7,720.0,7,3,3,エルピーゾ,牝,2,55.0,水口,121.8,大,7,50.7,42.4,6-6-6-6,栗東 安達,486,0,
202408070207,2024-12-01,京都,7,3歳以上1勝クラス,ダ,1200,右,晴,良,"7回 京都 2日目 サラ系３歳以上 １勝クラス       牝[指] 定量 14頭 本賞金:800,320,200,120,80万円",14,800.0,1,7,12,モイラ,牝,3,54.0,☆田口,72.7,,10,17.4,36.7,3-3,栗東 鈴木孝,464,2,
202408070207,2024-12-01,京都,7,3歳以上1勝クラス,ダ,1200,右,晴,良,"7回 京都 2日目 サラ系３歳以上 １勝クラス       牝[指] 定量 14頭 本賞金:800,320,200,120,80万円",14,800.0,2,8,14,ペレグリン,牝,3,55.0,西村淳,72.7,クビ,8,13.9,36.7,2-2,栗東 河嶋,430,-2,
202408070207,2024-12-01,京都,7,3歳以上1勝クラス,ダ,1200,右,晴,良,"7回 京都 2日目 サラ系３歳以上 １勝クラス       牝[指] 定量 14頭 本賞金:800,320,200,120,80万円",14,800.0,3,6,9,ゴッドカインド,牝,3,52.0,▲今村,72.7,アタマ,11,18.0,36.4,5-5,栗東 飯田,400,2,
202408070207,2024-12-01,京都,7,3歳以上1勝クラス,ダ,1200,右,晴,良,"7回 京都 2日目 サラ系３歳以上 １勝クラス       牝[指] 定量 14頭 本賞金:800,320,200,120,80万円",14,800.0,4,8,13,ワイノナオミ,牝,3,52.0,▲川端,73.0,1.1/2,2,6.5,36.0,13-12,栗東 畑端,460,0,
202408070207,2024-12-01,京都,7,3歳以上1勝クラス,ダ,1200,右,晴,良,"7回 京都 2日目 サラ系３歳以上 １勝クラス       牝[指] 定量 14頭 本賞金:800,320,200,120,80万円",14,800.0,5,4,6,ランスオブセヘル,牝,3,55.0,戸崎圭,73.4,2.1/2,1,3.9,37.6,1-1,栗東 奥村豊,496,10,
202408070207,2024-12-01,京都,7,3歳以上1勝クラス,ダ,1200,右,晴,良,"7回 京都 2日目 サラ系３歳以上 １勝クラス       牝[指] 定量 14頭 本賞金:800,320,200,120,80万円",14,800.0,6,6,10,チアフルヴォイス,牝,3,55.0,団野,73.5,1,6,10.1,36.8,11-9,栗東 坂口,462,12,
202408070207,2024-12-01,京都,7,3歳以上1勝クラス,ダ,1200,右,晴,良,"7回 京都 2日目 サラ系３歳以上 １勝クラス       牝[指] 定量 14頭 本賞金:800,320,200,120,80万円",14,800.0,7,5,7,カルネヴァーレ,牝,3,53.0,△高杉,73.8,1.1/2,7,10.3,37.3,8-9,美浦 菊沢,506,-8,
202408070207,2024-12-01,京都,7,3歳以上1勝クラス,ダ,1200,右,晴,良,"7回 京都 2日目 サラ系３歳以上 １勝クラス       牝[指] 定量 14頭 本賞金:800,320,200,120,80万円",14,800.0,8,3,3,エピファドール,牝,3,55.0,酒井,74.1,2,3,7.0,37.7,7-5,栗東 石橋,470,0,
202408070207,2024-12-01,京都,7,3歳以上1勝クラス,ダ,1200,右,晴,良,"7回 京都 2日目 サラ系３歳以上 １勝クラス       牝[指] 定量 14頭 本賞金:800,320,200,120,80万円",14,800.0,9,4,5,セットリスト,牝,5,56.0,幸,74.1,クビ,12,68.7,38.0,3-3,栗東 畑端,494,-4,
202408070207,2024-12-01,京都,7,3歳以上1勝クラス,ダ,1200,右,晴,良,"7回 京都 2日目 サラ系３歳以上 １勝クラス       牝[指] 定量 14頭 本賞金:800,320,200,120,80万円",14,800.0,10,2,2,ピリー,牝,3,53.0,△吉村,74.4,1.1/2,5,9.7,38.2,5-5,栗東 西園正,504,6,
202408070207,2024-12-01,京都,7,3歳以上1勝クラス,ダ,1200,右,晴,良,"7回 京都 2日目 サラ系３歳以上 １勝クラス       牝[指] 定量 14頭 本賞金:800,320,200,120,80万円",14,800.0,11,3,4,アイスリンディ,牝,3,55.0,亀田,74.4,ハナ,9,15.1,37.9,8-8,栗東 高柳大,452,4,
202408070207,2024-12-01,京都,7,3歳以上1勝クラス,ダ,1200,右,晴,良,"7回 京都 2日目 サラ系３歳以上 １勝クラス       牝[指] 定量 14頭 本賞金:800,320,200,120,80万円",14,800.0,12,5,8,ディアマンドロップ,牝,3,55.0,太宰,74.4,クビ,14,195.3,37.4,13-12,栗東 昆,462,-20,
202408070207,2024-12-01,京都,7,3歳以上1勝クラス,ダ,1200,右,晴,良,"7回 京都 2日目 サラ系３歳以上 １勝クラス       牝[指] 定量 14頭 本賞金:800,320,200,120,80万円",14,800.0,13,7,11,アムールリーベ,牝,3,55.0,荻野琢,74.6,1,4,7.6,37.9,8-9,栗東 宮地,478,-12,
202408070207,2024-12-01,京都,7,3歳以上1勝クラス,ダ,1200,右,晴,良,"7回 京都 2日目 サラ系３歳以上 １勝クラス       牝[指] 定量 14頭 本賞金:800,320,200,120,80万円",14,800.0,14,1,1,ソアラ,牝,4,55.0,☆西塚,74.8,1.1/2,13,177.9,38.0,12-12,栗東 高橋康,498,8,
202408070208,2024-12-01,京都,8,3歳以上2勝クラス,ダ,1400,右,晴,良,"7回 京都 2日目 サラ系３歳以上 ２勝クラス       (混)[指] 定量 16頭 本賞金:1140,460,290,170,114万円",16,1140.0,1,5,10,ジャーヴィス,牡,4,58.0,Ｍデム,84.2,,8,23.2,36.0,3-3,栗東 千田,488,0,
202408070208,2024-12-01,京都,8,3歳以上2勝クラス,ダ,1400,右,晴,良,"7回 京都 2日目 サラ系３歳以上 ２勝クラス       (混)[指] 定量 16頭 本賞金:1140,460,290,170,114万円",16,1140.0,2,5,9,サザーランド,牝,4,56.0,藤懸,84.4,1.1/2,1,3.3,36.5,2-2,栗東 小林,460,8,
202408070208,2024-12-01,京都,8,3歳以上2勝クラス,ダ,1400,右,晴,良,"7回 京都 2日目 サラ系３歳以上 ２勝クラス       (混)[指] 定量 16頭 本賞金:1140,460,290,170,114万円",16,1140.0,3,6,12,フェンダー,牡,3,55.0,△吉村,85.0,3.1/2,3,5.9,36.4,7-6,栗東 斉藤崇,516,0,
202408070208,2024-12-01,京都,8,3歳以上2勝クラス,ダ,1400,右,晴,良,"7回 京都 2日目 サラ系３歳以上 ２勝クラス       (混)[指] 定量 16頭 本賞金:1140,460,290,170,114万円",16,1140.0,4,4,8,ペプチドハドソン,牡,4,58.0,西村淳,85.0,ハナ,6,10.9,37.2,1-1,栗東 小椋,490,-4,
202408070208,2024-12-01,京都,8,3歳以上2勝クラス,ダ,1400,右,晴,良,"7回 京都 2日目 サラ系３歳以上 ２勝クラス       (混)[指] 定量 16頭 本賞金:1140,460,290,170,114万円",16,1140.0,5,7,14,コブラ,牡,5,58.0,戸崎圭,85.1,1/2,4,7.2,35.9,10-10,美浦 菊沢,488,-4,
202408070208,2024-12-01,京都,8,3歳以上2勝クラス,ダ,1400,右,晴,良,"7回 京都 2日目 サラ系３歳以上 ２勝クラス       (混)[指] 定量 16頭 本賞金:1140,460,290,170,114万円",16,1140.0,6,4,7,アストラカ,セ,3,57.0,吉田隼,85.1,クビ,5,10.4,36.0,10-10,栗東 田中克,494,4,
202408070208,2024-12-01,京都,8,3歳以上2勝クラス,ダ,1400,右,晴,良,"7回 京都 2日目 サラ系３歳以上 ２勝クラス       (混)[指] 定量 16頭 本賞金:1140,460,290,170,114万円",16,1140.0,7,6,11,マイド,牡,4,58.0,団野,85.2,1/2,2,5.2,36.3,9-9,栗東 野中,474,-2,
202408070208,2024-12-01,京都,8,3歳以上2勝クラス,ダ,1400,右,晴,良,"7回 京都 2日目 サラ系３歳以上 ２勝クラス       (混)[指] 定量 16頭 本賞金:1140,460,290,170,114万円",16,1140.0,8,1,2,ワーズワース,牡,6,58.0,北村友,85.3,クビ,13,57.6,35.9,14-12,栗東 清水久,502,0,
202408070208,2024-12-01,京都,8,3歳以上2勝クラス,ダ,1400,右,晴,良,"7回 京都 2日目 サラ系３歳以上 ２勝クラス       (混)[指] 定量 16頭 本賞金:1140,460,290,170,114万円",16,1140.0,9,8,15,ケンキョ,牡,4,58.0,酒井,85.4,1/2,7,11.9,36.0,12-12,美浦 高橋文,458,-8,
202408070208,2024-12-01,京都,8,3歳以上2勝クラス,ダ,1400,右,晴,良,"7回 京都 2日目 サラ系３歳以上 ２勝クラス       (混)[指] 定量 16頭 本賞金:1140,460,290,170,114万円",16,1140.0,10,3,5,ロードオルデン,牡,5,57.0,☆小沢,85.4,クビ,14,70.8,36.1,12-12,栗東 辻野,488,-2,
202408070208,2024-12-01,京都,8,3歳以上2勝クラス,ダ,1400,右,晴,良,"7回 京都 2日目 サラ系３歳以上 ２勝クラス       (混)[指] 定量 16頭 本賞金:1140,460,290,170,114万円",16,1140.0,11,7,13,ミロワール,牝,5,55.0,☆西塚,85.4,クビ,15,107.7,36.9,6-6,栗東 河嶋,476,-6,
202408070208,2024-12-01,京都,8,3歳以上2勝クラス,ダ,1400,右,晴,良,"7回 京都 2日目 サラ系３歳以上 ２勝クラス       (混)[指] 定量 16頭 本賞金:1140,460,290,170,114万円",16,1140.0,12,1,1,サラサハウプリティ,牝,4,55.0,☆田口,85.5,3/4,10,37.5,35.4,16-16,栗東 岡田,458,12,
202408070208,2024-12-01,京都,8,3歳以上2勝クラス,ダ,1400,右,晴,良,"7回 京都 2日目 サラ系３歳以上 ２勝クラス       (混)[指] 定量 16頭 本賞金:1140,460,290,170,114万円",16,1140.0,13,2,3,レオスパーク,牡,3,54.0,▲柴田裕,85.6,1/2,12,54.0,37.5,3-3,美浦 牧,500,-4,
202408070208,2024-12-01,京都,8,3歳以上2勝クラス,ダ,1400,右,晴,良,"7回 京都 2日目 サラ系３歳以上 ２勝クラス       (混)[指] 定量 16頭 本賞金:1140,460,290,170,114万円",16,1140.0,14,3,6,タイセイウォリアー,牡,4,58.0,幸,85.9,1.3/4,9,36.5,37.7,3-3,栗東 大橋,506,8,
202408070208,2024-12-01,京都,8,3歳以上2勝クラス,ダ,1400,右,晴,良,"7回 京都 2日目 サラ系３歳以上 ２勝クラス       (混)[指] 定量 16頭 本賞金:1140,460,290,170,114万円",16,1140.0,15,2,4,シンゼンイズモ,牡,4,56.0,△高杉,85.9,アタマ,11,48.8,37.3,7-8,栗東 荒川,530,0,
202408070208,2024-12-01,京都,8,3歳以上2勝クラス,ダ,1400,右,晴,良,"7回 京都 2日目 サラ系３歳以上 ２勝クラス       (混)[指] 定量 16頭 本賞金:1140,460,290,170,114万円",16,1140.0,16,8,16,ベルシャンソン,牝,4,55.0,☆松本,86.4,3,16,216.3,36.8,15-15,美浦 西田,476,-6,
202408070209,2024-12-01,京都,9,聚楽第特別,ダ,1800,右,晴,良,"7回 京都 2日目 サラ系３歳以上 ２勝クラス       (混)[指] 定量 11頭 本賞金:1550,620,390,230,155万円",11,1550.0,1,2,2,サンライズパスカル,牡,4,58.0,高杉,114.0,,3,4.7,37.1,1-1-1-1,栗東 石坂,538,-6,
202408070209,2024-12-01,京都,9,聚楽第特別,ダ,1800,右,晴,良,"7回 京都 2日目 サラ系３歳以上 ２勝クラス       (混)[指] 定量 11頭 本賞金:1550,620,390,230,155万円",11,1550.0,2,5,5,トゥルブレンシア,セ,7,58.0,団野,114.1,クビ,5,12.1,36.8,5-5-5-4,栗東 藤沢,466,-2,
202408070209,2024-12-01,京都,9,聚楽第特別,ダ,1800,右,晴,良,"7回 京都 2日目 サラ系３歳以上 ２勝クラス       (混)[指] 定量 11頭 本賞金:1550,620,390,230,155万円",11,1550.0,3,3,3,グーヴェルナイユ,牡,3,56.0,戸崎圭,114.2,1/2,2,3.8,37.2,2-2-2-2,栗東 武幸,462,2,
202408070209,2024-12-01,京都,9,聚楽第特別,ダ,1800,右,晴,良,"7回 京都 2日目 サラ系３歳以上 ２勝クラス       (混)[指] 定量 11頭 本賞金:1550,620,390,230,155万円",11,1550.0,4,1,1,エアサンサーラ,牡,3,56.0,幸,114.4,1.1/2,1,2.0,37.2,3-3-3-4,栗東 辻野,580,-4,
202408070209,2024-12-01,京都,9,聚楽第特別,ダ,1800,右,晴,良,"7回 京都 2日目 サラ系３歳以上 ２勝クラス       (混)[指] 定量 11頭 本賞金:1550,620,390,230,155万円",11,1550.0,5,6,7,メジャークオリティ,牡,5,58.0,小沢,114.4,アタマ,10,194.0,37.2,3-3-3-3,栗東 西園正,484,-10,
202408070209,2024-12-01,京都,9,聚楽第特別,ダ,1800,右,晴,良,"7回 京都 2日目 サラ系３歳以上 ２勝クラス       (混)[指] 定量 11頭 本賞金:1550,620,390,230,155万円",11,1550.0,6,8,10,アセレラシオン,牡,3,56.0,西村淳,114.6,1.1/4,4,7.6,37.2,5-5-5-4,栗東 浜田,518,-12,
202408070209,2024-12-01,京都,9,聚楽第特別,ダ,1800,右,晴,良,"7回 京都 2日目 サラ系３歳以上 ２勝クラス       (混)[指] 定量 11頭 本賞金:1550,620,390,230,155万円",11,1550.0,7,7,9,ヒノデテイオー,牡,5,58.0,西塚,114.6,ハナ,6,38.4,36.8,9-9-10-10,栗東 河内,460,0,
202408070209,2024-12-01,京都,9,聚楽第特別,ダ,1800,右,晴,良,"7回 京都 2日目 サラ系３歳以上 ２勝クラス       (混)[指] 定量 11頭 本賞金:1550,620,390,230,155万円",11,1550.0,8,4,4,ルーパステソーロ,牡,6,58.0,亀田,114.6,ハナ,9,100.5,37.1,7-7-7-7,美浦 千葉,548,-8,
202408070209,2024-12-01,京都,9,聚楽第特別,ダ,1800,右,晴,良,"7回 京都 2日目 サラ系３歳以上 ２勝クラス       (混)[指] 定量 11頭 本賞金:1550,620,390,230,155万円",11,1550.0,9,6,6,ウインメイフラワー,牝,5,56.0,田口,115.1,2.1/2,7,43.7,37.6,7-7-7-8,栗東 梅田,490,0,
202408070209,2024-12-01,京都,9,聚楽第特別,ダ,1800,右,晴,良,"7回 京都 2日目 サラ系３歳以上 ２勝クラス       (混)[指] 定量 11頭 本賞金:1550,620,390,230,155万円",11,1550.0,10,7,8,キタノセレナード,牡,5,58.0,酒井,115.1,クビ,11,303.1,37.4,9-9-9-8,栗東 坂口,448,0,
202408070209,2024-12-01,京都,9,聚楽第特別,ダ,1800,右,晴,良,"7回 京都 2日目 サラ系３歳以上 ２勝クラス       (混)[指] 定量 11頭 本賞金:1550,620,390,230,155万円",11,1550.0,11,8,11,エスシーヤマト,牝,3,54.0,北村友,116.9,大,8,51.9,38.0,11-11-11-11,美浦 加藤士,446,-8,
202408070210,2024-12-01,京都,10,嵯峨野S,芝,1800,右,晴,良,"7回 京都 2日目 サラ系３歳以上 ３勝クラス       (混)(特指) 定量 13頭 本賞金:1840,740,460,280,184万円",13,1840.0,1,2,2,オールナット,牡,3,56.0,北村友,105.9,,3,5.4,33.4,3-3,栗東 高野,526,2,
202408070210,2024-12-01,京都,10,嵯峨野S,芝,1800,右,晴,良,"7回 京都 2日目 サラ系３歳以上 ３勝クラス       (混)(特指) 定量 13頭 本賞金:1840,740,460,280,184万円",13,1840.0,2,8,13,タガノエルピーダ,牝,3,54.0,西村淳,106.0,1/2,2,3.3,33.7,2-2,栗東 斉藤崇,456,-2,
202408070210,2024-12-01,京都,10,嵯峨野S,芝,1800,右,晴,良,"7回 京都 2日目 サラ系３歳以上 ３勝クラス       (混)(特指) 定量 13頭 本賞金:1840,740,460,280,184万円",13,1840.0,3,4,5,ココナッツブラウン,牝,4,56.0,幸,106.1,1/2,4,6.0,33.3,5-5,栗東 上村,460,-10,
202408070210,2024-12-01,京都,10,嵯峨野S,芝,1800,右,晴,良,"7回 京都 2日目 サラ系３歳以上 ３勝クラス       (混)(特指) 定量 13頭 本賞金:1840,740,460,280,184万円",13,1840.0,4,1,1,シュタールヴィント,牡,4,58.0,西塚,106.6,3.1/2,9,91.0,34.3,1-1,栗東 矢作,450,8,
202408070210,2024-12-01,京都,10,嵯峨野S,芝,1800,右,晴,良,"7回 京都 2日目 サラ系３歳以上 ３勝クラス       (混)(特指) 定量 13頭 本賞金:1840,740,460,280,184万円",13,1840.0,5,4,4,ドットクルー,牡,4,58.0,小沢,106.7,クビ,13,216.8,33.7,8-7,栗東 笹田,466,-8,
202408070210,2024-12-01,京都,10,嵯峨野S,芝,1800,右,晴,良,"7回 京都 2日目 サラ系３歳以上 ３勝クラス       (混)(特指) 定量 13頭 本賞金:1840,740,460,280,184万円",13,1840.0,6,7,10,カナテープ,牝,5,56.0,小崎,106.8,1/2,7,53.2,33.9,8-7,美浦 堀,460,-12,
202408070210,2024-12-01,京都,10,嵯峨野S,芝,1800,右,晴,良,"7回 京都 2日目 サラ系３歳以上 ３勝クラス       (混)(特指) 定量 13頭 本賞金:1840,740,460,280,184万円",13,1840.0,7,3,3,ライトバック,牝,3,54.0,団野,106.8,クビ,1,2.3,33.7,10-11,栗東 茶木,482,6,
202408070210,2024-12-01,京都,10,嵯峨野S,芝,1800,右,晴,良,"7回 京都 2日目 サラ系３歳以上 ３勝クラス       (混)(特指) 定量 13頭 本賞金:1840,740,460,280,184万円",13,1840.0,8,5,6,バールデュヴァン,牡,4,58.0,古川吉,106.9,3/4,12,121.0,33.7,10-11,栗東 浜田,518,6,
202408070210,2024-12-01,京都,10,嵯峨野S,芝,1800,右,晴,良,"7回 京都 2日目 サラ系３歳以上 ３勝クラス       (混)(特指) 定量 13頭 本賞金:1840,740,460,280,184万円",13,1840.0,9,6,8,フェステスバント,牝,4,56.0,高杉,107.1,3/4,10,97.7,34.6,3-3,栗東 藤岡,438,-6,
202408070210,2024-12-01,京都,10,嵯峨野S,芝,1800,右,晴,良,"7回 京都 2日目 サラ系３歳以上 ３勝クラス       (混)(特指) 定量 13頭 本賞金:1840,740,460,280,184万円",13,1840.0,10,8,12,ホウオウラスカーズ,牝,6,56.0,田口,107.2,1/2,11,98.0,34.3,10-7,美浦 高木,454,-2,
202408070210,2024-12-01,京都,10,嵯峨野S,芝,1800,右,晴,良,"7回 京都 2日目 サラ系３歳以上 ３勝クラス       (混)(特指) 定量 13頭 本賞金:1840,740,460,280,184万円",13,1840.0,11,7,11,ワイドアラジン,牡,4,58.0,戸崎圭,107.2,アタマ,6,39.1,34.5,5-5,栗東 奥村豊,490,0,
202408070210,2024-12-01,京都,10,嵯峨野S,芝,1800,右,晴,良,"7回 京都 2日目 サラ系３歳以上 ３勝クラス       (混)(特指) 定量 13頭 本賞金:1840,740,460,280,184万円",13,1840.0,12,5,7,セブンサミット,牡,6,58.0,亀田,107.5,2,8,67.6,34.4,10-11,栗東 西村,520,4,
202408070210,2024-12-01,京都,10,嵯峨野S,芝,1800,右,晴,良,"7回 京都 2日目 サラ系３歳以上 ３勝クラス       (混)(特指) 定量 13頭 本賞金:1840,740,460,280,184万円",13,1840.0,13,6,9,スミ,牝,5,56.0,Ｍデム,107.8,1.3/4,5,13.3,34.9,7-7,栗東 高橋亮,492,4,
202408070211,2024-12-01,京都,11,ギャラクシーS,ダ,1400,右,晴,良,"7回 京都 2日目 サラ系３歳以上 オープン       (国際)(特指) ハンデ 16頭 本賞金:2200,880,550,330,220万円",16,2200.0,1,5,10,アルファマム,牝,5,56.0,北村友,84.0,,3,6.1,35.0,15-15,栗東 佐々木,464,2,
202408070211,2024-12-01,京都,11,ギャラクシーS,ダ,1400,右,晴,良,"7回 京都 2日目 サラ系３歳以上 オープン       (国際)(特指) ハンデ 16頭 本賞金:2200,880,550,330,220万円",16,2200.0,2,6,12,ウェイワードアクト,牡,4,56.0,戸崎圭,84.0,クビ,1,2.3,36.5,5-4,美浦 田中博,538,-4,
202408070211,2024-12-01,京都,11,ギャラクシーS,ダ,1400,右,晴,良,"7回 京都 2日目 サラ系３歳以上 オープン       (国際)(特指) ハンデ 16頭 本賞金:2200,880,550,330,220万円",16,2200.0,3,7,14,ロードアウォード,セ,4,56.0,幸,84.0,アタマ,6,17.8,36.8,3-2,栗東 吉岡,478,22,
202408070211,2024-12-01,京都,11,ギャラクシーS,ダ,1400,右,晴,良,"7回 京都 2日目 サラ系３歳以上 オープン       (国際)(特指) ハンデ 16頭 本賞金:2200,880,550,330,220万円",16,2200.0,4,2,4,ベルダーイメル,牡,7,57.5,太宰,84.4,2.1/2,8,33.9,35.8,12-10,栗東 本田,474,10,
202408070211,2024-12-01,京都,11,ギャラクシーS,ダ,1400,右,晴,良,"7回 京都 2日目 サラ系３歳以上 オープン       (国際)(特指) ハンデ 16頭 本賞金:2200,880,550,330,220万円",16,2200.0,5,3,6,ロードヴァレンチ,セ,5,55.0,吉田隼,84.4,クビ,10,40.8,37.3,2-2,美浦 中舘,492,2,
202408070211,2024-12-01,京都,11,ギャラクシーS,ダ,1400,右,晴,良,"7回 京都 2日目 サラ系３歳以上 オープン       (国際)(特指) ハンデ 16頭 本賞金:2200,880,550,330,220万円",16,2200.0,6,1,2,テイエムリステット,牡,3,55.0,酒井,84.5,1/2,2,3.1,37.5,1-1,栗東 木原,478,2,
202408070211,2024-12-01,京都,11,ギャラクシーS,ダ,1400,右,晴,良,"7回 京都 2日目 サラ系３歳以上 オープン       (国際)(特指) ハンデ 16頭 本賞金:2200,880,550,330,220万円",16,2200.0,7,7,13,アーバンイェーガー,牡,10,54.0,藤懸,84.8,2,12,168.3,35.9,14-14,美浦 高橋文,506,2,
202408070211,2024-12-01,京都,11,ギャラクシーS,ダ,1400,右,晴,良,"7回 京都 2日目 サラ系３歳以上 オープン       (国際)(特指) ハンデ 16頭 本賞金:2200,880,550,330,220万円",16,2200.0,8,1,1,マルモリスペシャル,牡,5,56.0,田口,84.9,クビ,9,36.7,36.9,9-6,栗東 大橋,554,6,
202408070211,2024-12-01,京都,11,ギャラクシーS,ダ,1400,右,晴,良,"7回 京都 2日目 サラ系３歳以上 オープン       (国際)(特指) ハンデ 16頭 本賞金:2200,880,550,330,220万円",16,2200.0,9,8,16,カズプレスト,牡,5,55.0,西塚,84.9,ハナ,7,20.9,37.0,8-8,栗東 高柳大,518,0,
202408070211,2024-12-01,京都,11,ギャラクシーS,ダ,1400,右,晴,良,"7回 京都 2日目 サラ系３歳以上 オープン       (国際)(特指) ハンデ 16頭 本賞金:2200,880,550,330,220万円",16,2200.0,10,5,9,アッティーヴォ,牡,10,53.0,古川吉,84.9,アタマ,14,169.4,36.4,10-12,栗東 大根田,466,-4,
202408070211,2024-12-01,京都,11,ギャラクシーS,ダ,1400,右,晴,良,"7回 京都 2日目 サラ系３歳以上 オープン       (国際)(特指) ハンデ 16頭 本賞金:2200,880,550,330,220万円",16,2200.0,11,6,11,エクロジャイト,セ,4,55.0,小沢,86.7,大,13,168.8,38.1,12-12,栗東 福永,524,8,
202408070211,2024-12-01,京都,11,ギャラクシーS,ダ,1400,右,晴,良,"7回 京都 2日目 サラ系３歳以上 オープン       (国際)(特指) ハンデ 16頭 本賞金:2200,880,550,330,220万円",16,2200.0,12,4,8,ピアシック,牡,8,55.0,吉村,86.8,1/2,15,211.3,38.5,10-10,栗東 森秀,510,-2,
202408070211,2024-12-01,京都,11,ギャラクシーS,ダ,1400,右,晴,良,"7回 京都 2日目 サラ系３歳以上 オープン       (国際)(特指) ハンデ 16頭 本賞金:2200,880,550,330,220万円",16,2200.0,13,3,5,パウオレ,牝,5,54.0,団野,87.1,1.1/2,4,14.9,39.7,4-5,美浦 嘉藤,464,-4,
202408070211,2024-12-01,京都,11,ギャラクシーS,ダ,1400,右,晴,良,"7回 京都 2日目 サラ系３歳以上 オープン       (国際)(特指) ハンデ 16頭 本賞金:2200,880,550,330,220万円",16,2200.0,14,8,15,サンライズジーク,牡,4,56.0,西村淳,87.1,クビ,5,16.9,39.5,5-6,栗東 矢作,522,14,
202408070211,2024-12-01,京都,11,ギャラクシーS,ダ,1400,右,晴,良,"7回 京都 2日目 サラ系３歳以上 オープン       (国際)(特指) ハンデ 16頭 本賞金:2200,880,550,330,220万円",16,2200.0,15,2,3,メイショウテンスイ,牡,7,57.0,荻野琢,87.2,3/4,11,45.3,39.5,5-8,栗東 河内,540,12,
202408070211,2024-12-01,京都,11,ギャラクシーS,ダ,1400,右,晴,良,"7回 京都 2日目 サラ系３歳以上 オープン       (国際)(特指) ハンデ 16頭 本賞金:2200,880,550,330,220万円",16,2200.0,,4,7,シゲルホサヤク,牡,6,54.0,高倉,,,,,,,栗東 藤沢,476,-4,除外
202408070212,2024-12-01,京都,12,3歳以上2勝クラス,芝,1400,右,晴,良,"7回 京都 2日目 サラ系３歳以上 ２勝クラス       (混)[指] 定量 12頭 本賞金:1140,460,290,170,114万円",12,1140.0,1,5,6,ウルトラソニック,牡,6,55.0,▲柴田裕,80.9,,10,34.6,33.8,2-2,栗東 中尾,482,4,
202408070212,2024-12-01,京都,12,3歳以上2勝クラス,芝,1400,右,晴,良,"7回 京都 2日目 サラ系３歳以上 ２勝クラス       (混)[指] 定量 12頭 本賞金:1140,460,290,170,114万円",12,1140.0,2,5,5,メイショウカイト,牝,6,56.0,幸,81.0,1/2,9,31.2,33.7,6-3,栗東 荒川,468,-2,
202408070212,2024-12-01,京都,12,3歳以上2勝クラス,芝,1400,右,晴,良,"7回 京都 2日目 サラ系３歳以上 ２勝クラス       (混)[指] 定量 12頭 本賞金:1140,460,290,170,114万円",12,1140.0,3,4,4,テラステラ,牡,4,58.0,北村友,81.1,1/2,1,2.7,33.7,6-5,栗東 矢作,482,2,
202408070212,2024-12-01,京都,12,3歳以上2勝クラス,芝,1400,右,晴,良,"7回 京都 2日目 サラ系３歳以上 ２勝クラス       (混)[指] 定量 12頭 本賞金:1140,460,290,170,114万円",12,1140.0,4,7,9,クイックバイオ,牝,3,54.0,☆田口,81.3,1.1/4,2,4.7,33.7,4-6,栗東 須貝,494,10,
202408070212,2024-12-01,京都,12,3歳以上2勝クラス,芝,1400,右,晴,良,"7回 京都 2日目 サラ系３歳以上 ２勝クラス       (混)[指] 定量 12頭 本賞金:1140,460,290,170,114万円",12,1140.0,5,2,2,ルヴァンノワール,牝,6,55.0,☆小沢,81.4,3/4,7,27.7,33.6,8-7,栗東 庄野,466,10,
202408070212,2024-12-01,京都,12,3歳以上2勝クラス,芝,1400,右,晴,良,"7回 京都 2日目 サラ系３歳以上 ２勝クラス       (混)[指] 定量 12頭 本賞金:1140,460,290,170,114万円",12,1140.0,6,3,3,レッドバレンティア,牡,4,58.0,西村淳,81.5,3/4,8,30.8,33.6,8-9,美浦 矢嶋,456,0,
202408070212,2024-12-01,京都,12,3歳以上2勝クラス,芝,1400,右,晴,良,"7回 京都 2日目 サラ系３歳以上 ２勝クラス       (混)[指] 定量 12頭 本賞金:1140,460,290,170,114万円",12,1140.0,7,8,12,モズアンタレス,牝,4,56.0,Ｍデム,81.7,1.1/4,3,5.2,34.5,2-3,栗東 飯田,492,0,
202408070212,2024-12-01,京都,12,3歳以上2勝クラス,芝,1400,右,晴,良,"7回 京都 2日目 サラ系３歳以上 ２勝クラス       (混)[指] 定量 12頭 本賞金:1140,460,290,170,114万円",12,1140.0,8,6,8,システムリブート,牡,4,56.0,△吉村,81.9,1.1/2,5,9.8,34.9,1-1,栗東 吉岡,512,4,
202408070212,2024-12-01,京都,12,3歳以上2勝クラス,芝,1400,右,晴,良,"7回 京都 2日目 サラ系３歳以上 ２勝クラス       (混)[指] 定量 12頭 本賞金:1140,460,290,170,114万円",12,1140.0,9,8,11,ヴァンヴィーヴ,牡,3,55.0,△高杉,82.0,クビ,4,5.4,34.3,4-7,栗東 牧浦,504,6,
202408070212,2024-12-01,京都,12,3歳以上2勝クラス,芝,1400,右,晴,良,"7回 京都 2日目 サラ系３歳以上 ２勝クラス       (混)[指] 定量 12頭 本賞金:1140,460,290,170,114万円",12,1140.0,10,1,1,ベジェサ,牝,5,56.0,戸崎圭,82.2,1,6,16.2,33.8,11-11,栗東 飯田,486,6,
202408070212,2024-12-01,京都,12,3歳以上2勝クラス,芝,1400,右,晴,良,"7回 京都 2日目 サラ系３歳以上 ２勝クラス       (混)[指] 定量 12頭 本賞金:1140,460,290,170,114万円",12,1140.0,11,7,10,メイショウハボタン,牝,6,55.0,☆西塚,82.3,3/4,11,92.5,33.9,11-12,栗東 本田,486,4,
202408070212,2024-12-01,京都,12,3歳以上2勝クラス,芝,1400,右,晴,良,"7回 京都 2日目 サラ系３歳以上 ２勝クラス       (混)[指] 定量 12頭 本賞金:1140,460,290,170,114万円",12,1140.0,12,6,7,フォルガイル,牡,3,54.0,▲川端,82.3,クビ,12,310.5,34.4,8-9,美浦 加藤和,424,-14,
202406050301,2024-12-07,中山,1,2歳未勝利,ダ,1200,右,晴,良,"5回 中山 3日目 サラ系２歳 未勝利       牝[指] 馬齢 16頭 本賞金:550,220,140,83,55万円",16,550.0,1,3,5,ヴィンブルレー,牝,2,55.0,戸崎圭,72.0,,1,2.2,37.3,6-5,美浦 矢野,458,4,
202406050301,2024-12-07,中山,1,2歳未勝利,ダ,1200,右,晴,良,"5回 中山 3日目 サラ系２歳 未勝利       牝[指] 馬齢 16頭 本賞金:550,220,140,83,55万円",16,550.0,2,8,16,ジュリスタ,牝,2,55.0,吉田豊,72.5,3,3,5.1,38.5,2-2,美浦 稲垣,458,-8,
202406050301,2024-12-07,中山,1,2歳未勝利,ダ,1200,右,晴,良,"5回 中山 3日目 サラ系２歳 未勝利       牝[指] 馬齢 16頭 本賞金:550,220,140,83,55万円",16,550.0,3,3,6,コウソクグルーヴ,牝,2,55.0,マーカ,72.8,2,6,16.0,38.5,3-3,美浦 中舘,430,0,
202406050301,2024-12-07,中山,1,2歳未勝利,ダ,1200,右,晴,良,"5回 中山 3日目 サラ系２歳 未勝利       牝[指] 馬齢 16頭 本賞金:550,220,140,83,55万円",16,550.0,4,7,13,ミヤマイルス,牝,2,55.0,横山和,73.0,3/4,2,4.1,39.1,1-1,美浦 伊藤圭,490,12,
202406050301,2024-12-07,中山,1,2歳未勝利,ダ,1200,右,晴,良,"5回 中山 3日目 サラ系２歳 未勝利       牝[指] 馬齢 16頭 本賞金:550,220,140,83,55万円",16,550.0,5,5,9,スマイルディシー,牝,2,55.0,杉原,73.1,1/2,15,492.8,37.5,14-11,美浦 中川,458,4,
202406050301,2024-12-07,中山,1,2歳未勝利,ダ,1200,右,晴,良,"5回 中山 3日目 サラ系２歳 未勝利       牝[指] 馬齢 16頭 本賞金:550,220,140,83,55万円",16,550.0,6,8,15,パーティーガール,牝,2,52.0,▲長浜,73.1,クビ,4,8.7,38.5,4-4,美浦 根本,464,-6,
202406050301,2024-12-07,中山,1,2歳未勝利,ダ,1200,右,晴,良,"5回 中山 3日目 サラ系２歳 未勝利       牝[指] 馬齢 16頭 本賞金:550,220,140,83,55万円",16,550.0,7,1,2,ポップグルーヴ,牝,2,52.0,▲佐藤,73.3,3/4,7,19.7,38.3,8-6,美浦 小手川,400,6,
202406050301,2024-12-07,中山,1,2歳未勝利,ダ,1200,右,晴,良,"5回 中山 3日目 サラ系２歳 未勝利       牝[指] 馬齢 16頭 本賞金:550,220,140,83,55万円",16,550.0,8,5,10,イエスユイキャン,牝,2,51.0,★小林美,73.7,2.1/2,8,78.1,39.1,4-6,美浦 竹内,432,-2,
202406050301,2024-12-07,中山,1,2歳未勝利,ダ,1200,右,晴,良,"5回 中山 3日目 サラ系２歳 未勝利       牝[指] 馬齢 16頭 本賞金:550,220,140,83,55万円",16,550.0,9,2,4,フェリスナビダ,牝,2,55.0,丸田,73.8,3/4,14,303.9,38.5,10-9,美浦 本間,452,0,
202406050301,2024-12-07,中山,1,2歳未勝利,ダ,1200,右,晴,良,"5回 中山 3日目 サラ系２歳 未勝利       牝[指] 馬齢 16頭 本賞金:550,220,140,83,55万円",16,550.0,10,2,3,ユリオプスイエロー,牝,2,55.0,菊沢,74.1,1.1/2,11,228.2,39.0,8-9,美浦 武市,440,10,
202406050301,2024-12-07,中山,1,2歳未勝利,ダ,1200,右,晴,良,"5回 中山 3日目 サラ系２歳 未勝利       牝[指] 馬齢 16頭 本賞金:550,220,140,83,55万円",16,550.0,11,4,8,ブルーオブウインド,牝,2,55.0,木幡巧,74.2,1,12,237.4,38.1,15-14,美浦 的場,432,4,
202406050301,2024-12-07,中山,1,2歳未勝利,ダ,1200,右,晴,良,"5回 中山 3日目 サラ系２歳 未勝利       牝[指] 馬齢 16頭 本賞金:550,220,140,83,55万円",16,550.0,12,1,1,コスモシンテイ,牝,2,55.0,野中,74.4,1.1/4,10,214.0,39.0,12-11,美浦 金成,496,0,
202406050301,2024-12-07,中山,1,2歳未勝利,ダ,1200,右,晴,良,"5回 中山 3日目 サラ系２歳 未勝利       牝[指] 馬齢 16頭 本賞金:550,220,140,83,55万円",16,550.0,13,4,7,セイカエイレーネー,牝,2,55.0,石橋脩,74.5,1/2,16,654.0,38.4,15-14,美浦 南田,432,-2,
202406050301,2024-12-07,中山,1,2歳未勝利,ダ,1200,右,晴,良,"5回 中山 3日目 サラ系２歳 未勝利       牝[指] 馬齢 16頭 本賞金:550,220,140,83,55万円",16,550.0,14,6,12,サスペンスクィーン,牝,2,54.0,☆原,74.5,ハナ,9,140.6,39.1,12-11,美浦 和田雄,458,-8,
202406050301,2024-12-07,中山,1,2歳未勝利,ダ,1200,右,晴,良,"5回 中山 3日目 サラ系２歳 未勝利       牝[指] 馬齢 16頭 本賞金:550,220,140,83,55万円",16,550.0,15,6,11,ピエノダモーレ,牝,2,55.0,原田和,76.4,大,13,282.0,41.1,10-14,美浦 松山,470,0,
202406050301,2024-12-07,中山,1,2歳未勝利,ダ,1200,右,晴,良,"5回 中山 3日目 サラ系２歳 未勝利       牝[指] 馬齢 16頭 本賞金:550,220,140,83,55万円",16,550.0,16,7,14,ミリオンヒット,牝,2,55.0,菅原明,76.4,クビ,5,9.7,41.6,6-8,美浦 伊坂,408,-4,
202406050302,2024-12-07,中山,2,2歳未勝利,ダ,1800,右,晴,良,"5回 中山 3日目 サラ系２歳 未勝利       [指] 馬齢 12頭 本賞金:550,220,140,83,55万円",12,550.0,1,6,7,ルグランヴァン,牡,2,56.0,菅原明,115.1,,1,2.4,38.8,6-6-5-3,美浦 高木,488,0,
202406050302,2024-12-07,中山,2,2歳未勝利,ダ,1800,右,晴,良,"5回 中山 3日目 サラ系２歳 未勝利       [指] 馬齢 12頭 本賞金:550,220,140,83,55万円",12,550.0,2,3,3,オストラヴァ,牡,2,56.0,津村,115.1,ハナ,2,2.6,39.0,8-8-2-1,美浦 林,474,18,
202406050302,2024-12-07,中山,2,2歳未勝利,ダ,1800,右,晴,良,"5回 中山 3日目 サラ系２歳 未勝利       [指] 馬齢 12頭 本賞金:550,220,140,83,55万円",12,550.0,3,6,8,フィーチャリング,牡,2,56.0,石川,115.4,1.3/4,4,8.1,38.6,5-5-9-9,美浦 和田郎,476,0,
202406050302,2024-12-07,中山,2,2歳未勝利,ダ,1800,右,晴,良,"5回 中山 3日目 サラ系２歳 未勝利       [指] 馬齢 12頭 本賞金:550,220,140,83,55万円",12,550.0,4,7,9,スマートクオーレ,牡,2,56.0,木幡初,116.5,7,11,447.2,39.3,12-12-11-11,美浦 粕谷,492,0,
202406050302,2024-12-07,中山,2,2歳未勝利,ダ,1800,右,晴,良,"5回 中山 3日目 サラ系２歳 未勝利       [指] 馬齢 12頭 本賞金:550,220,140,83,55万円",12,550.0,5,5,6,ロードスカイブルー,牡,2,56.0,横山和,116.7,1.1/4,8,55.4,40.4,11-11-5-6,美浦 和田勇,464,18,
202406050302,2024-12-07,中山,2,2歳未勝利,ダ,1800,右,晴,良,"5回 中山 3日目 サラ系２歳 未勝利       [指] 馬齢 12頭 本賞金:550,220,140,83,55万円",12,550.0,6,1,1,ノイシュタット,牡,2,56.0,木幡巧,116.9,1.1/4,7,47.4,40.6,6-6-5-7,美浦 牧,490,6,
202406050302,2024-12-07,中山,2,2歳未勝利,ダ,1800,右,晴,良,"5回 中山 3日目 サラ系２歳 未勝利       [指] 馬齢 12頭 本賞金:550,220,140,83,55万円",12,550.0,7,2,2,グリーンエリクサー,牡,2,56.0,野中,117.2,1.1/2,9,78.3,41.2,1-1-1-2,美浦 青木,504,8,
202406050302,2024-12-07,中山,2,2歳未勝利,ダ,1800,右,晴,良,"5回 中山 3日目 サラ系２歳 未勝利       [指] 馬齢 12頭 本賞金:550,220,140,83,55万円",12,550.0,8,8,12,アリアルブラック,牡,2,56.0,マーカ,117.4,1.1/2,3,5.5,41.3,2-2-2-3,美浦 久保田,496,-2,
202406050302,2024-12-07,中山,2,2歳未勝利,ダ,1800,右,晴,良,"5回 中山 3日目 サラ系２歳 未勝利       [指] 馬齢 12頭 本賞金:550,220,140,83,55万円",12,550.0,9,7,10,クラインシュミット,牝,2,55.0,北村宏,117.5,クビ,6,29.2,41.4,3-3-2-3,美浦 木村,460,-4,
202406050302,2024-12-07,中山,2,2歳未勝利,ダ,1800,右,晴,良,"5回 中山 3日目 サラ系２歳 未勝利       [指] 馬齢 12頭 本賞金:550,220,140,83,55万円",12,550.0,10,4,4,アイアンオバーカム,牝,2,55.0,柴田大,118.1,3.1/2,12,525.3,41.8,3-3-5-7,美浦 南田,458,-12,
202406050302,2024-12-07,中山,2,2歳未勝利,ダ,1800,右,晴,良,"5回 中山 3日目 サラ系２歳 未勝利       [指] 馬齢 12頭 本賞金:550,220,140,83,55万円",12,550.0,11,5,5,ボンボニエーレ,牝,2,55.0,小林凌,118.4,2,10,278.8,41.5,10-10-10-10,美浦 土田,430,-2,
202406050302,2024-12-07,中山,2,2歳未勝利,ダ,1800,右,晴,良,"5回 中山 3日目 サラ系２歳 未勝利       [指] 馬齢 12頭 本賞金:550,220,140,83,55万円",12,550.0,12,8,11,セミコンダクター,牡,2,55.0,☆原,121.9,大,5,16.3,44.7,8-8-11-12,美浦 伊藤伸,496,4,
202406050303,2024-12-07,中山,3,2歳未勝利,芝,2000,右,晴,良,"5回 中山 3日目 サラ系２歳 未勝利       [指] 馬齢 15頭 本賞金:550,220,140,83,55万円",15,550.0,1,1,1,ガンバルマン,牡,2,55.0,☆原,121.3,,1,2.5,35.5,13-13-9-7,美浦 萱野,462,-4,
202406050303,2024-12-07,中山,3,2歳未勝利,芝,2000,右,晴,良,"5回 中山 3日目 サラ系２歳 未勝利       [指] 馬齢 15頭 本賞金:550,220,140,83,55万円",15,550.0,2,5,9,リギーロ,牡,2,56.0,荻野極,121.4,3/4,2,3.6,36.1,3-2-2-2,美浦 栗田,462,0,
202406050303,2024-12-07,中山,3,2歳未勝利,芝,2000,右,晴,良,"5回 中山 3日目 サラ系２歳 未勝利       [指] 馬齢 15頭 本賞金:550,220,140,83,55万円",15,550.0,3,8,15,ファンタズマ,牡,2,56.0,マーカ,121.8,2,4,9.9,36.6,1-1-1-1,美浦 上原佑,454,8,
202406050303,2024-12-07,中山,3,2歳未勝利,芝,2000,右,晴,良,"5回 中山 3日目 サラ系２歳 未勝利       [指] 馬齢 15頭 本賞金:550,220,140,83,55万円",15,550.0,4,7,13,マイネルアズーロ,牡,2,56.0,杉原,121.8,アタマ,11,82.0,36.1,8-8-7-3,美浦 鹿戸,444,6,
202406050303,2024-12-07,中山,3,2歳未勝利,芝,2000,右,晴,良,"5回 中山 3日目 サラ系２歳 未勝利       [指] 馬齢 15頭 本賞金:550,220,140,83,55万円",15,550.0,5,4,6,タッセル,牡,2,56.0,戸崎圭,122.0,1.1/4,10,54.1,36.1,9-9-10-7,美浦 菊川,470,8,
202406050303,2024-12-07,中山,3,2歳未勝利,芝,2000,右,晴,良,"5回 中山 3日目 サラ系２歳 未勝利       [指] 馬齢 15頭 本賞金:550,220,140,83,55万円",15,550.0,6,6,10,アクデニズ,牡,2,56.0,大野,122.3,1.1/2,14,116.8,36.8,2-3-3-3,美浦 小笠,484,-4,
202406050303,2024-12-07,中山,3,2歳未勝利,芝,2000,右,晴,良,"5回 中山 3日目 サラ系２歳 未勝利       [指] 馬齢 15頭 本賞金:550,220,140,83,55万円",15,550.0,7,2,3,ガスパール,牡,2,56.0,丸山,122.3,クビ,12,91.6,36.1,11-11-12-11,美浦 金成,488,4,
202406050303,2024-12-07,中山,3,2歳未勝利,芝,2000,右,晴,良,"5回 中山 3日目 サラ系２歳 未勝利       [指] 馬齢 15頭 本賞金:550,220,140,83,55万円",15,550.0,8,4,7,アウルムレガリア,牝,2,55.0,菅原明,122.4,クビ,5,11.5,36.2,12-11-12-11,美浦 池上,414,-6,
202406050303,2024-12-07,中山,3,2歳未勝利,芝,2000,右,晴,良,"5回 中山 3日目 サラ系２歳 未勝利       [指] 馬齢 15頭 本賞金:550,220,140,83,55万円",15,550.0,9,7,12,ディアイライザ,牝,2,52.0,▲長浜,122.5,1,7,27.9,36.6,9-9-10-10,美浦 加藤和,418,-4,
202406050303,2024-12-07,中山,3,2歳未勝利,芝,2000,右,晴,良,"5回 中山 3日目 サラ系２歳 未勝利       [指] 馬齢 15頭 本賞金:550,220,140,83,55万円",15,550.0,10,6,11,カフェロワドール,牡,2,56.0,横山和,122.6,クビ,3,5.2,35.9,14-14-14-14,美浦 嘉藤,486,0,
202406050303,2024-12-07,中山,3,2歳未勝利,芝,2000,右,晴,良,"5回 中山 3日目 サラ系２歳 未勝利       [指] 馬齢 15頭 本賞金:550,220,140,83,55万円",15,550.0,11,2,2,ローレン,牝,2,55.0,柴田大,122.6,ハナ,6,20.3,36.9,7-7-7-7,美浦 上原博,452,-6,
202406050303,2024-12-07,中山,3,2歳未勝利,芝,2000,右,晴,良,"5回 中山 3日目 サラ系２歳 未勝利       [指] 馬齢 15頭 本賞金:550,220,140,83,55万円",15,550.0,12,3,5,シャインフリーリー,牡,2,56.0,嶋田,122.6,ハナ,13,105.8,37.0,4-4-5-11,美浦 矢嶋,476,4,
202406050303,2024-12-07,中山,3,2歳未勝利,芝,2000,右,晴,良,"5回 中山 3日目 サラ系２歳 未勝利       [指] 馬齢 15頭 本賞金:550,220,140,83,55万円",15,550.0,13,5,8,パリモード,牝,2,55.0,的場,122.7,1,8,34.6,37.2,6-6-3-3,美浦 的場,420,-2,
202406050303,2024-12-07,中山,3,2歳未勝利,芝,2000,右,晴,良,"5回 中山 3日目 サラ系２歳 未勝利       [指] 馬齢 15頭 本賞金:550,220,140,83,55万円",15,550.0,14,8,14,ゴダルティチェコ,牝,2,55.0,丸田,122.9,1,15,330.6,35.9,15-15-15-14,美浦 武市,412,-8,
202406050303,2024-12-07,中山,3,2歳未勝利,芝,2000,右,晴,良,"5回 中山 3日目 サラ系２歳 未勝利       [指] 馬齢 15頭 本賞金:550,220,140,83,55万円",15,550.0,15,3,4,アライアンスデイ,牡,2,56.0,菊沢,122.9,クビ,9,36.4,37.3,4-4-5-3,美浦 村田,468,6,
202406050304,2024-12-07,中山,4,2歳未勝利,ダ,1800,右,晴,良,"5回 中山 3日目 サラ系２歳 未勝利       [指] 馬齢 12頭 本賞金:550,220,140,83,55万円",12,550.0,1,3,3,オタマジャクシ,牡,2,56.0,木幡育,114.3,,2,3.5,39.1,4-3-5-4,美浦 松永康,482,2,
202406050304,2024-12-07,中山,4,2歳未勝利,ダ,1800,右,晴,良,"5回 中山 3日目 サラ系２歳 未勝利       [指] 馬齢 12頭 本賞金:550,220,140,83,55万円",12,550.0,2,6,7,アイオリア,牡,2,56.0,横山和,114.8,3,3,4.3,40.2,12-12-1-1,美浦 奥村武,514,12,
202406050304,2024-12-07,中山,4,2歳未勝利,ダ,1800,右,晴,良,"5回 中山 3日目 サラ系２歳 未勝利       [指] 馬齢 12頭 本賞金:550,220,140,83,55万円",12,550.0,3,6,8,ロンパイア,牡,2,56.0,戸崎圭,115.0,1.1/2,5,12.7,39.6,10-10-6-6,美浦 尾関,476,-2,
202406050304,2024-12-07,中山,4,2歳未勝利,ダ,1800,右,晴,良,"5回 中山 3日目 サラ系２歳 未勝利       [指] 馬齢 12頭 本賞金:550,220,140,83,55万円",12,550.0,4,2,2,ジーティートゥルー,牡,2,56.0,大野,115.9,5,7,21.3,40.0,8-7-12-10,美浦 田島,454,2,
202406050304,2024-12-07,中山,4,2歳未勝利,ダ,1800,右,晴,良,"5回 中山 3日目 サラ系２歳 未勝利       [指] 馬齢 12頭 本賞金:550,220,140,83,55万円",12,550.0,5,4,4,グラスビジョン,牡,2,56.0,木幡巧,116.1,1.1/4,9,96.8,40.4,8-9-10-8,美浦 佐藤吉,430,2,
202406050304,2024-12-07,中山,4,2歳未勝利,ダ,1800,右,晴,良,"5回 中山 3日目 サラ系２歳 未勝利       [指] 馬齢 12頭 本賞金:550,220,140,83,55万円",12,550.0,6,5,6,ランフォザプライド,牡,2,56.0,菅原明,116.1,クビ,4,5.3,41.3,1-1-2-2,美浦 高木,502,0,
202406050304,2024-12-07,中山,4,2歳未勝利,ダ,1800,右,晴,良,"5回 中山 3日目 サラ系２歳 未勝利       [指] 馬齢 12頭 本賞金:550,220,140,83,55万円",12,550.0,7,7,9,ミスティマウンテン,牡,2,56.0,内田博,116.4,2,8,34.9,41.0,11-10-6-6,美浦 池上,456,6,
202406050304,2024-12-07,中山,4,2歳未勝利,ダ,1800,右,晴,良,"5回 中山 3日目 サラ系２歳 未勝利       [指] 馬齢 12頭 本賞金:550,220,140,83,55万円",12,550.0,8,8,12,スティーヴバローズ,牡,2,56.0,石橋脩,116.8,2,1,3.1,41.9,2-2-2-3,美浦 上原佑,474,2,
202406050304,2024-12-07,中山,4,2歳未勝利,ダ,1800,右,晴,良,"5回 中山 3日目 サラ系２歳 未勝利       [指] 馬齢 12頭 本賞金:550,220,140,83,55万円",12,550.0,9,7,10,ショウナンタハティ,牡,2,56.0,マーカ,117.1,2,6,20.5,42.1,3-3-4-4,美浦 大竹,490,4,
202406050304,2024-12-07,中山,4,2歳未勝利,ダ,1800,右,晴,良,"5回 中山 3日目 サラ系２歳 未勝利       [指] 馬齢 12頭 本賞金:550,220,140,83,55万円",12,550.0,10,8,11,ヒソカ,牡,2,53.0,▲佐藤,117.6,3,12,312.8,42.1,7-7-8-8,美浦 杉浦,476,4,
202406050304,2024-12-07,中山,4,2歳未勝利,ダ,1800,右,晴,良,"5回 中山 3日目 サラ系２歳 未勝利       [指] 馬齢 12頭 本賞金:550,220,140,83,55万円",12,550.0,11,1,1,ガトリンテソーロ,牡,2,55.0,☆原,119.1,9,10,100.8,43.6,4-3-8-11,美浦 小手川,474,2,
202406050304,2024-12-07,中山,4,2歳未勝利,ダ,1800,右,晴,良,"5回 中山 3日目 サラ系２歳 未勝利       [指] 馬齢 12頭 本賞金:550,220,140,83,55万円",12,550.0,12,5,5,キャバリエクエスト,牡,2,56.0,菊沢,119.3,1.1/4,11,136.2,43.5,4-6-10-12,美浦 大和田,470,4,
202406050305,2024-12-07,中山,5,2歳新馬,芝,1600,右,晴,良,"5回 中山 3日目 サラ系２歳 新馬       [指] 馬齢 16頭 本賞金:720,290,180,110,72万円",16,720.0,1,6,11,ギフテッド,牝,2,55.0,菅原明,96.7,,2,4.4,34.8,3-2-3,美浦 武井,458,0,
202406050305,2024-12-07,中山,5,2歳新馬,芝,1600,右,晴,良,"5回 中山 3日目 サラ系２歳 新馬       [指] 馬齢 16頭 本賞金:720,290,180,110,72万円",16,720.0,2,7,13,リポサンテ,牝,2,55.0,横山和,96.9,3/4,6,15.8,34.8,5-5-4,美浦 蛯名正,432,0,
202406050305,2024-12-07,中山,5,2歳新馬,芝,1600,右,晴,良,"5回 中山 3日目 サラ系２歳 新馬       [指] 馬齢 16頭 本賞金:720,290,180,110,72万円",16,720.0,3,4,7,アッサジャン,牝,2,55.0,荻野極,96.9,ハナ,3,5.0,34.9,3-4-4,美浦 国枝,458,0,
202406050305,2024-12-07,中山,5,2歳新馬,芝,1600,右,晴,良,"5回 中山 3日目 サラ系２歳 新馬       [指] 馬齢 16頭 本賞金:720,290,180,110,72万円",16,720.0,4,4,8,トーセンアシュリー,牝,2,55.0,丸田,97.0,3/4,9,36.3,34.8,5-5-4,美浦 宗像,506,0,
202406050305,2024-12-07,中山,5,2歳新馬,芝,1600,右,晴,良,"5回 中山 3日目 サラ系２歳 新馬       [指] 馬齢 16頭 本賞金:720,290,180,110,72万円",16,720.0,5,2,4,スリーセンス,牝,2,55.0,北村宏,97.0,クビ,4,11.4,34.5,8-10-10,栗東 中竹,442,0,
202406050305,2024-12-07,中山,5,2歳新馬,芝,1600,右,晴,良,"5回 中山 3日目 サラ系２歳 新馬       [指] 馬齢 16頭 本賞金:720,290,180,110,72万円",16,720.0,6,3,5,ブルスカメンテ,牝,2,55.0,石川,97.1,クビ,5,12.6,34.8,5-8-8,美浦 黒岩,412,0,
202406050305,2024-12-07,中山,5,2歳新馬,芝,1600,右,晴,良,"5回 中山 3日目 サラ系２歳 新馬       [指] 馬齢 16頭 本賞金:720,290,180,110,72万円",16,720.0,7,8,15,ユナホークパワー,牝,2,55.0,小林凌,97.1,ハナ,14,80.5,34.9,8-5-4,美浦 小西,460,0,
202406050305,2024-12-07,中山,5,2歳新馬,芝,1600,右,晴,良,"5回 中山 3日目 サラ系２歳 新馬       [指] 馬齢 16頭 本賞金:720,290,180,110,72万円",16,720.0,8,6,12,ルナルーチェット,牝,2,55.0,津村,97.1,クビ,1,2.4,34.8,8-8-8,美浦 国枝,430,0,
202406050305,2024-12-07,中山,5,2歳新馬,芝,1600,右,晴,良,"5回 中山 3日目 サラ系２歳 新馬       [指] 馬齢 16頭 本賞金:720,290,180,110,72万円",16,720.0,9,1,2,ヴェリーヌ,牝,2,55.0,柴田大,97.2,クビ,10,38.5,35.5,2-1-1,美浦 上原博,402,0,
202406050305,2024-12-07,中山,5,2歳新馬,芝,1600,右,晴,良,"5回 中山 3日目 サラ系２歳 新馬       [指] 馬齢 16頭 本賞金:720,290,180,110,72万円",16,720.0,10,5,9,アイアムルンルン,牝,2,51.0,★小林美,97.2,ハナ,11,64.3,35.4,1-2-2,美浦 奥平,384,0,
202406050305,2024-12-07,中山,5,2歳新馬,芝,1600,右,晴,良,"5回 中山 3日目 サラ系２歳 新馬       [指] 馬齢 16頭 本賞金:720,290,180,110,72万円",16,720.0,11,3,6,オロスコピオ,牝,2,54.0,☆原,97.4,1.1/2,13,78.5,34.7,12-13-12,美浦 青木,434,0,
202406050305,2024-12-07,中山,5,2歳新馬,芝,1600,右,晴,良,"5回 中山 3日目 サラ系２歳 新馬       [指] 馬齢 16頭 本賞金:720,290,180,110,72万円",16,720.0,12,7,14,ココモナカ,牝,2,55.0,大野,97.4,ハナ,7,27.8,34.7,12-13-12,美浦 和田勇,408,0,
202406050305,2024-12-07,中山,5,2歳新馬,芝,1600,右,晴,良,"5回 中山 3日目 サラ系２歳 新馬       [指] 馬齢 16頭 本賞金:720,290,180,110,72万円",16,720.0,13,1,1,オーセンティアン,牝,2,55.0,内田博,97.7,1.1/2,12,68.2,35.2,11-10-12,美浦 高橋文,458,0,
202406050305,2024-12-07,中山,5,2歳新馬,芝,1600,右,晴,良,"5回 中山 3日目 サラ系２歳 新馬       [指] 馬齢 16頭 本賞金:720,290,180,110,72万円",16,720.0,14,5,10,ラルービーズ,牝,2,55.0,江田照,97.7,クビ,8,32.3,35.2,12-10-10,美浦 鹿戸,438,0,
202406050305,2024-12-07,中山,5,2歳新馬,芝,1600,右,晴,良,"5回 中山 3日目 サラ系２歳 新馬       [指] 馬齢 16頭 本賞金:720,290,180,110,72万円",16,720.0,15,8,16,キョウエイレッド,牝,2,55.0,菊沢,98.6,5,15,239.1,35.5,12-15-15,美浦 武市,400,0,
202406050305,2024-12-07,中山,5,2歳新馬,芝,1600,右,晴,良,"5回 中山 3日目 サラ系２歳 新馬       [指] 馬齢 16頭 本賞金:720,290,180,110,72万円",16,720.0,16,2,3,イザヨイ,牝,2,55.0,嶋田,105.1,大,16,258.0,40.9,16-16-16,美浦 小笠,432,0,
202406050306,2024-12-07,中山,6,2歳新馬,ダ,1800,右,晴,良,"5回 中山 3日目 サラ系２歳 新馬       牝[指] 馬齢 12頭 本賞金:720,290,180,110,72万円",12,720.0,1,8,12,タマモカンパネラ,牝,2,55.0,戸崎圭,116.9,,2,3.9,40.3,3-3-3-3,美浦 伊藤圭,502,0,
202406050306,2024-12-07,中山,6,2歳新馬,ダ,1800,右,晴,良,"5回 中山 3日目 サラ系２歳 新馬       牝[指] 馬齢 12頭 本賞金:720,290,180,110,72万円",12,720.0,2,1,1,シナツヒメ,牝,2,55.0,木幡巧,117.2,1.1/2,6,29.5,40.2,8-7-6-8,美浦 牧,446,0,
202406050306,2024-12-07,中山,6,2歳新馬,ダ,1800,右,晴,良,"5回 中山 3日目 サラ系２歳 新馬       牝[指] 馬齢 12頭 本賞金:720,290,180,110,72万円",12,720.0,3,4,4,クインズエクレア,牝,2,55.0,横山和,117.4,1.1/4,3,5.2,40.7,4-3-4-3,美浦 加藤征,486,0,
202406050306,2024-12-07,中山,6,2歳新馬,ダ,1800,右,晴,良,"5回 中山 3日目 サラ系２歳 新馬       牝[指] 馬齢 12頭 本賞金:720,290,180,110,72万円",12,720.0,4,6,8,シルフラ,牝,2,55.0,津村,117.4,クビ,1,2.2,40.9,2-2-2-2,美浦 大竹,454,0,
202406050306,2024-12-07,中山,6,2歳新馬,ダ,1800,右,晴,良,"5回 中山 3日目 サラ系２歳 新馬       牝[指] 馬齢 12頭 本賞金:720,290,180,110,72万円",12,720.0,5,7,10,ヴァイオパイシーズ,牝,2,55.0,大野,117.4,ハナ,5,13.2,40.5,4-5-6-5,美浦 和田勇,462,0,
202406050306,2024-12-07,中山,6,2歳新馬,ダ,1800,右,晴,良,"5回 中山 3日目 サラ系２歳 新馬       牝[指] 馬齢 12頭 本賞金:720,290,180,110,72万円",12,720.0,6,5,6,カシマスウィープ,牝,2,55.0,原田和,117.5,クビ,11,97.7,40.5,7-7-6-5,美浦 伊藤伸,500,0,
202406050306,2024-12-07,中山,6,2歳新馬,ダ,1800,右,晴,良,"5回 中山 3日目 サラ系２歳 新馬       牝[指] 馬齢 12頭 本賞金:720,290,180,110,72万円",12,720.0,7,7,9,プラウドモーメント,牝,2,55.0,マーカ,117.5,クビ,4,7.4,40.7,6-5-4-5,美浦 林,476,0,
202406050306,2024-12-07,中山,6,2歳新馬,ダ,1800,右,晴,良,"5回 中山 3日目 サラ系２歳 新馬       牝[指] 馬齢 12頭 本賞金:720,290,180,110,72万円",12,720.0,8,6,7,ランメルスベルグ,牝,2,55.0,野中,117.9,2,9,38.0,40.5,9-9-9-9,美浦 宮田,532,0,
202406050306,2024-12-07,中山,6,2歳新馬,ダ,1800,右,晴,良,"5回 中山 3日目 サラ系２歳 新馬       牝[指] 馬齢 12頭 本賞金:720,290,180,110,72万円",12,720.0,9,3,3,サーフプラチナム,牝,2,55.0,内田博,119.8,大,12,132.6,42.0,11-11-11-10,美浦 古賀,460,0,
202406050306,2024-12-07,中山,6,2歳新馬,ダ,1800,右,晴,良,"5回 中山 3日目 サラ系２歳 新馬       牝[指] 馬齢 12頭 本賞金:720,290,180,110,72万円",12,720.0,10,8,11,キラフォーニア,牝,2,55.0,菊沢,120.0,1.1/4,7,32.4,42.5,9-9-9-11,美浦 菊沢,490,0,
202406050306,2024-12-07,中山,6,2歳新馬,ダ,1800,右,晴,良,"5回 中山 3日目 サラ系２歳 新馬       牝[指] 馬齢 12頭 本賞金:720,290,180,110,72万円",12,720.0,11,2,2,アンタンシオン,牝,2,55.0,斎藤,120.1,クビ,8,33.3,43.7,1-1-1-1,栗東 杉山佳,494,0,
202406050306,2024-12-07,中山,6,2歳新馬,ダ,1800,右,晴,良,"5回 中山 3日目 サラ系２歳 新馬       牝[指] 馬齢 12頭 本賞金:720,290,180,110,72万円",12,720.0,12,5,5,エファセデリエール,牝,2,55.0,荻野極,121.9,大,10,60.8,40.5,12-12-12-12,美浦 伊坂,472,0,
202406050307,2024-12-07,中山,7,3歳以上1勝クラス,芝,1800,右,晴,良,"5回 中山 3日目 サラ系３歳以上 １勝クラス       [指] 定量 16頭 本賞金:800,320,200,120,80万円",16,800.0,1,5,10,オルノア,牝,4,56.0,横山和,107.7,,1,3.0,34.8,1-1-1-1,栗東 新谷,494,2,
202406050307,2024-12-07,中山,7,3歳以上1勝クラス,芝,1800,右,晴,良,"5回 中山 3日目 サラ系３歳以上 １勝クラス       [指] 定量 16頭 本賞金:800,320,200,120,80万円",16,800.0,2,2,3,パンジャ,牡,3,57.0,丸山,107.9,1.1/2,4,7.6,34.4,5-5-8-8,美浦 金成,490,8,
202406050307,2024-12-07,中山,7,3歳以上1勝クラス,芝,1800,右,晴,良,"5回 中山 3日目 サラ系３歳以上 １勝クラス       [指] 定量 16頭 本賞金:800,320,200,120,80万円",16,800.0,3,4,8,ラパンラピッド,セ,4,58.0,マーカ,108.0,クビ,6,17.5,34.9,2-2-2-2,美浦 武井,486,6,
202406050307,2024-12-07,中山,7,3歳以上1勝クラス,芝,1800,右,晴,良,"5回 中山 3日目 サラ系３歳以上 １勝クラス       [指] 定量 16頭 本賞金:800,320,200,120,80万円",16,800.0,4,7,13,バードウォッチャー,牡,3,57.0,荻野極,108.0,ハナ,5,11.9,33.9,14-13-14-12,美浦 国枝,484,0,
202406050307,2024-12-07,中山,7,3歳以上1勝クラス,芝,1800,右,晴,良,"5回 中山 3日目 サラ系３歳以上 １勝クラス       [指] 定量 16頭 本賞金:800,320,200,120,80万円",16,800.0,5,8,15,ケイツークローン,セ,4,58.0,菊沢,108.1,クビ,7,22.1,34.2,12-11-12-10,美浦 清水英,476,14,
202406050307,2024-12-07,中山,7,3歳以上1勝クラス,芝,1800,右,晴,良,"5回 中山 3日目 サラ系３歳以上 １勝クラス       [指] 定量 16頭 本賞金:800,320,200,120,80万円",16,800.0,6,1,2,バランスダンサー,牝,3,55.0,戸崎圭,108.2,1/2,2,4.1,35.0,2-4-3-3,美浦 久保田,466,-6,
202406050307,2024-12-07,中山,7,3歳以上1勝クラス,芝,1800,右,晴,良,"5回 中山 3日目 サラ系３歳以上 １勝クラス       [指] 定量 16頭 本賞金:800,320,200,120,80万円",16,800.0,7,3,5,ファイナルヒート,牡,4,58.0,内田博,108.3,3/4,11,50.0,34.4,10-10-12-14,美浦 古賀,522,26,
202406050307,2024-12-07,中山,7,3歳以上1勝クラス,芝,1800,右,晴,良,"5回 中山 3日目 サラ系３歳以上 １勝クラス       [指] 定量 16頭 本賞金:800,320,200,120,80万円",16,800.0,8,4,7,クラウドセイル,牡,4,58.0,石川,108.3,クビ,12,61.5,34.0,15-15-15-14,美浦 堀内,478,-6,
202406050307,2024-12-07,中山,7,3歳以上1勝クラス,芝,1800,右,晴,良,"5回 中山 3日目 サラ系３歳以上 １勝クラス       [指] 定量 16頭 本賞金:800,320,200,120,80万円",16,800.0,9,1,1,ヴァンガーズハート,セ,5,58.0,北村宏,108.4,1/2,3,4.7,35.2,4-3-3-4,美浦 鹿戸,528,4,
202406050307,2024-12-07,中山,7,3歳以上1勝クラス,芝,1800,右,晴,良,"5回 中山 3日目 サラ系３歳以上 １勝クラス       [指] 定量 16頭 本賞金:800,320,200,120,80万円",16,800.0,10,6,11,パーセルペーパー,牡,3,57.0,柴田大,108.5,1/2,16,410.3,35.1,5-5-6-6,美浦 和田雄,444,0,
202406050307,2024-12-07,中山,7,3歳以上1勝クラス,芝,1800,右,晴,良,"5回 中山 3日目 サラ系３歳以上 １勝クラス       [指] 定量 16頭 本賞金:800,320,200,120,80万円",16,800.0,11,3,6,ステラデルシエロ,セ,4,57.0,☆原,108.5,クビ,10,43.5,35.3,12-13-3-4,美浦 加藤士,462,-6,
202406050307,2024-12-07,中山,7,3歳以上1勝クラス,芝,1800,右,晴,良,"5回 中山 3日目 サラ系３歳以上 １勝クラス       [指] 定量 16頭 本賞金:800,320,200,120,80万円",16,800.0,12,8,16,ロードヴェスパー,牡,3,57.0,大野,108.5,ハナ,13,95.9,34.0,16-16-16-16,美浦 和田勇,446,-2,
202406050307,2024-12-07,中山,7,3歳以上1勝クラス,芝,1800,右,晴,良,"5回 中山 3日目 サラ系３歳以上 １勝クラス       [指] 定量 16頭 本賞金:800,320,200,120,80万円",16,800.0,13,7,14,マイネルモメンタム,牡,3,57.0,津村,108.7,1,8,29.1,35.1,10-11-8-8,美浦 相沢,486,10,
202406050307,2024-12-07,中山,7,3歳以上1勝クラス,芝,1800,右,晴,良,"5回 中山 3日目 サラ系３歳以上 １勝クラス       [指] 定量 16頭 本賞金:800,320,200,120,80万円",16,800.0,14,5,9,サトノメルベイユ,牝,3,55.0,菅原明,108.7,クビ,9,29.2,34.9,8-9-11-12,美浦 高柳瑞,388,2,
202406050307,2024-12-07,中山,7,3歳以上1勝クラス,芝,1800,右,晴,良,"5回 中山 3日目 サラ系３歳以上 １勝クラス       [指] 定量 16頭 本賞金:800,320,200,120,80万円",16,800.0,15,2,4,デオヴォレンティ,牝,4,53.0,▲長浜,109.1,2.1/2,15,139.7,35.5,5-5-8-10,美浦 蛯名利,472,16,
202406050307,2024-12-07,中山,7,3歳以上1勝クラス,芝,1800,右,晴,良,"5回 中山 3日目 サラ系３歳以上 １勝クラス       [指] 定量 16頭 本賞金:800,320,200,120,80万円",16,800.0,16,6,12,ララヴィエルジュ,牝,3,55.0,丸田,109.1,アタマ,14,103.9,35.7,8-8-6-6,美浦 堀内,416,12,
202406050308,2024-12-07,中山,8,3歳以上1勝クラス,ダ,1800,右,晴,良,"5回 中山 3日目 サラ系３歳以上 １勝クラス       (混)[指] 定量 16頭 本賞金:800,320,200,120,80万円",16,800.0,1,6,11,エッグスラット,牡,4,58.0,石橋脩,113.8,,7,42.2,37.8,10-9-1-1,美浦 矢野,502,0,
202406050308,2024-12-07,中山,8,3歳以上1勝クラス,ダ,1800,右,晴,良,"5回 中山 3日目 サラ系３歳以上 １勝クラス       (混)[指] 定量 16頭 本賞金:800,320,200,120,80万円",16,800.0,2,5,10,ドバイブルース,牡,3,57.0,戸崎圭,113.9,1/2,3,7.0,37.7,2-3-2-2,美浦 加藤征,508,4,
202406050308,2024-12-07,中山,8,3歳以上1勝クラス,ダ,1800,右,晴,良,"5回 中山 3日目 サラ系３歳以上 １勝クラス       (混)[指] 定量 16頭 本賞金:800,320,200,120,80万円",16,800.0,3,7,14,ソレルビュレット,牡,3,57.0,マーカ,114.1,1.1/4,1,1.8,37.7,4-5-4-3,美浦 宮田,522,-2,
202406050308,2024-12-07,中山,8,3歳以上1勝クラス,ダ,1800,右,晴,良,"5回 中山 3日目 サラ系３歳以上 １勝クラス       (混)[指] 定量 16頭 本賞金:800,320,200,120,80万円",16,800.0,4,1,1,サンドブラスト,牡,3,57.0,菅原明,114.6,3.1/2,5,18.6,38.1,4-3-4-4,美浦 鈴木慎,502,0,
202406050308,2024-12-07,中山,8,3歳以上1勝クラス,ダ,1800,右,晴,良,"5回 中山 3日目 サラ系３歳以上 １勝クラス       (混)[指] 定量 16頭 本賞金:800,320,200,120,80万円",16,800.0,5,3,5,ブレットフライ,牡,5,58.0,内田博,115.1,2.1/2,14,169.8,37.9,14-13-12-11,美浦 萱野,514,6,
202406050308,2024-12-07,中山,8,3歳以上1勝クラス,ダ,1800,右,晴,良,"5回 中山 3日目 サラ系３歳以上 １勝クラス       (混)[指] 定量 16頭 本賞金:800,320,200,120,80万円",16,800.0,6,7,13,セザンワールド,牡,4,56.0,△小林脩,115.1,クビ,16,466.8,38.1,9-9-10-11,美浦 蛯名利,512,0,
202406050308,2024-12-07,中山,8,3歳以上1勝クラス,ダ,1800,右,晴,良,"5回 中山 3日目 サラ系３歳以上 １勝クラス       (混)[指] 定量 16頭 本賞金:800,320,200,120,80万円",16,800.0,7,1,2,アースイオス,牡,3,57.0,小林凌,115.2,クビ,13,130.7,37.3,16-16-16-16,美浦 小西,520,-8,
202406050308,2024-12-07,中山,8,3歳以上1勝クラス,ダ,1800,右,晴,良,"5回 中山 3日目 サラ系３歳以上 １勝クラス       (混)[指] 定量 16頭 本賞金:800,320,200,120,80万円",16,800.0,8,5,9,ナチュラルリバー,牡,4,58.0,荻野極,115.2,クビ,10,71.9,38.6,7-7-7-5,栗東 宮地,470,-4,
202406050308,2024-12-07,中山,8,3歳以上1勝クラス,ダ,1800,右,晴,良,"5回 中山 3日目 サラ系３歳以上 １勝クラス       (混)[指] 定量 16頭 本賞金:800,320,200,120,80万円",16,800.0,9,3,6,バンドネオン,セ,4,58.0,嶋田,115.4,1.1/4,15,220.2,38.0,15-15-14-13,美浦 手塚,522,14,
202406050308,2024-12-07,中山,8,3歳以上1勝クラス,ダ,1800,右,晴,良,"5回 中山 3日目 サラ系３歳以上 １勝クラス       (混)[指] 定量 16頭 本賞金:800,320,200,120,80万円",16,800.0,10,8,15,ベイビールビオ,牡,5,58.0,杉原,115.7,1.3/4,11,90.5,38.8,10-9-10-7,美浦 田村,494,4,
202406050308,2024-12-07,中山,8,3歳以上1勝クラス,ダ,1800,右,晴,良,"5回 中山 3日目 サラ系３歳以上 １勝クラス       (混)[指] 定量 16頭 本賞金:800,320,200,120,80万円",16,800.0,11,8,16,ホウオウベルクソン,牡,3,57.0,丸田,115.7,クビ,4,12.0,38.3,13-13-14-13,美浦 大竹,530,6,
202406050308,2024-12-07,中山,8,3歳以上1勝クラス,ダ,1800,右,晴,良,"5回 中山 3日目 サラ系３歳以上 １勝クラス       (混)[指] 定量 16頭 本賞金:800,320,200,120,80万円",16,800.0,12,2,4,サンキャメロン,牝,3,52.0,▲長浜,115.7,ハナ,6,28.9,39.0,4-5-7-7,美浦 上原博,458,8,
202406050308,2024-12-07,中山,8,3歳以上1勝クラス,ダ,1800,右,晴,良,"5回 中山 3日目 サラ系３歳以上 １勝クラス       (混)[指] 定量 16頭 本賞金:800,320,200,120,80万円",16,800.0,13,2,3,ファイントパーズ,牝,3,51.0,★小林美,115.7,ハナ,12,108.3,39.6,1-1-2-5,美浦 鈴木伸,482,28,
202406050308,2024-12-07,中山,8,3歳以上1勝クラス,ダ,1800,右,晴,良,"5回 中山 3日目 サラ系３歳以上 １勝クラス       (混)[指] 定量 16頭 本賞金:800,320,200,120,80万円",16,800.0,14,6,12,クレイヴィンオナー,牡,3,57.0,横山和,115.8,クビ,2,3.6,39.0,8-8-9-7,美浦 嘉藤,536,2,
202406050308,2024-12-07,中山,8,3歳以上1勝クラス,ダ,1800,右,晴,良,"5回 中山 3日目 サラ系３歳以上 １勝クラス       (混)[指] 定量 16頭 本賞金:800,320,200,120,80万円",16,800.0,15,4,8,スカパラダイス,牡,4,58.0,津村,116.7,5,9,64.4,39.5,10-12-12-13,美浦 大和田,472,0,
202406050308,2024-12-07,中山,8,3歳以上1勝クラス,ダ,1800,右,晴,良,"5回 中山 3日目 サラ系３歳以上 １勝クラス       (混)[指] 定量 16頭 本賞金:800,320,200,120,80万円",16,800.0,16,4,7,レゲエビーチ,牡,3,57.0,斎藤,118.4,10,8,46.0,42.0,2-2-4-7,美浦 斎藤誠,528,2,
202406050309,2024-12-07,中山,9,黒松賞,芝,1200,右,晴,良,"5回 中山 3日目 サラ系２歳 １勝クラス       (混)(特指) 馬齢 13頭 本賞金:1070,430,270,160,107万円",13,1070.0,1,5,7,サウスバンク,牝,2,55.0,北村宏,67.7,,6,9.0,34.3,4-4,栗東 吉岡,490,-8,
202406050309,2024-12-07,中山,9,黒松賞,芝,1200,右,晴,良,"5回 中山 3日目 サラ系２歳 １勝クラス       (混)(特指) 馬齢 13頭 本賞金:1070,430,270,160,107万円",13,1070.0,2,4,5,カンシン,牡,2,56.0,マーカ,67.8,クビ,2,3.8,34.1,5-5,栗東 西園翔,466,4,
202406050309,2024-12-07,中山,9,黒松賞,芝,1200,右,晴,良,"5回 中山 3日目 サラ系２歳 １勝クラス       (混)(特指) 馬齢 13頭 本賞金:1070,430,270,160,107万円",13,1070.0,3,8,13,ヴァージル,牡,2,56.0,横山和,67.8,クビ,3,4.0,34.5,3-3,栗東 杉山晴,454,0,
202406050309,2024-12-07,中山,9,黒松賞,芝,1200,右,晴,良,"5回 中山 3日目 サラ系２歳 １勝クラス       (混)(特指) 馬齢 13頭 本賞金:1070,430,270,160,107万円",13,1070.0,4,6,8,マキシマムドライブ,牡,2,56.0,服部茂,67.9,1/2,7,24.7,34.9,2-1,地方 田中淳,524,-2,
202406050309,2024-12-07,中山,9,黒松賞,芝,1200,右,晴,良,"5回 中山 3日目 サラ系２歳 １勝クラス       (混)(特指) 馬齢 13頭 本賞金:1070,430,270,160,107万円",13,1070.0,5,7,11,レイピア,牡,2,56.0,戸崎圭,67.9,ハナ,1,3.0,35.0,1-2,栗東 中竹,484,0,
202406050309,2024-12-07,中山,9,黒松賞,芝,1200,右,晴,良,"5回 中山 3日目 サラ系２歳 １勝クラス       (混)(特指) 馬齢 13頭 本賞金:1070,430,270,160,107万円",13,1070.0,6,4,4,セイウンビッグバン,牡,2,56.0,菅原明,68.4,2.1/2,4,8.1,34.2,10-10,美浦 萱野,436,2,
202406050309,2024-12-07,中山,9,黒松賞,芝,1200,右,晴,良,"5回 中山 3日目 サラ系２歳 １勝クラス       (混)(特指) 馬齢 13頭 本賞金:1070,430,270,160,107万円",13,1070.0,7,2,2,アリオーンスマイル,牡,2,56.0,木幡巧,68.5,3/4,13,369.1,34.5,8-8,美浦 土田,442,-8,
202406050309,2024-12-07,中山,9,黒松賞,芝,1200,右,晴,良,"5回 中山 3日目 サラ系２歳 １勝クラス       (混)(特指) 馬齢 13頭 本賞金:1070,430,270,160,107万円",13,1070.0,8,5,6,ニシノクードクール,牝,2,55.0,武藤,68.9,2,5,9.0,35.3,5-5,美浦 武藤,444,6,
202406050309,2024-12-07,中山,9,黒松賞,芝,1200,右,晴,良,"5回 中山 3日目 サラ系２歳 １勝クラス       (混)(特指) 馬齢 13頭 本賞金:1070,430,270,160,107万円",13,1070.0,9,8,12,チョングク,牡,2,56.0,小林脩,68.9,クビ,11,277.1,34.2,12-12,美浦 南田,468,0,
202406050309,2024-12-07,中山,9,黒松賞,芝,1200,右,晴,良,"5回 中山 3日目 サラ系２歳 １勝クラス       (混)(特指) 馬齢 13頭 本賞金:1070,430,270,160,107万円",13,1070.0,10,6,9,リケアコンパンナ,牡,2,56.0,菊沢,69.0,3/4,10,219.1,34.9,9-8,美浦 小野,462,-2,
202406050309,2024-12-07,中山,9,黒松賞,芝,1200,右,晴,良,"5回 中山 3日目 サラ系２歳 １勝クラス       (混)(特指) 馬齢 13頭 本賞金:1070,430,270,160,107万円",13,1070.0,11,7,10,カガバベル,牡,2,56.0,石川,69.3,1.1/2,8,89.2,34.8,11-11,美浦 萱野,524,10,
202406050309,2024-12-07,中山,9,黒松賞,芝,1200,右,晴,良,"5回 中山 3日目 サラ系２歳 １勝クラス       (混)(特指) 馬齢 13頭 本賞金:1070,430,270,160,107万円",13,1070.0,12,1,1,ラインパシオン,牝,2,55.0,津村,69.3,クビ,9,218.9,35.6,5-5,美浦 水野,398,-2,
202406050309,2024-12-07,中山,9,黒松賞,芝,1200,右,晴,良,"5回 中山 3日目 サラ系２歳 １勝クラス       (混)(特指) 馬齢 13頭 本賞金:1070,430,270,160,107万円",13,1070.0,13,3,3,ファビエンヌ,牝,2,55.0,ミシェ,69.5,1,12,293.9,34.2,13-13,地方 佐宗応,432,-5,
202406050310,2024-12-07,中山,10,アクアラインS,ダ,1200,右,晴,良,"5回 中山 3日目 サラ系３歳以上 ３勝クラス       (混)[指] ハンデ 16頭 本賞金:1840,740,460,280,184万円",16,1840.0,1,6,11,グッジョブ,牡,4,55.0,マーカ,70.2,,3,6.7,35.7,10-10,栗東 牧浦,442,0,
202406050310,2024-12-07,中山,10,アクアラインS,ダ,1200,右,晴,良,"5回 中山 3日目 サラ系３歳以上 ３勝クラス       (混)[指] ハンデ 16頭 本賞金:1840,740,460,280,184万円",16,1840.0,2,1,2,ムーヴ,牡,5,56.0,荻野極,70.3,クビ,7,13.1,35.8,10-10,美浦 池上,482,0,
202406050310,2024-12-07,中山,10,アクアラインS,ダ,1200,右,晴,良,"5回 中山 3日目 サラ系３歳以上 ３勝クラス       (混)[指] ハンデ 16頭 本賞金:1840,740,460,280,184万円",16,1840.0,3,1,1,オウバイトウリ,牝,3,54.0,津村,70.8,3,6,12.9,36.9,6-3,栗東 武幸,478,18,
202406050310,2024-12-07,中山,10,アクアラインS,ダ,1200,右,晴,良,"5回 中山 3日目 サラ系３歳以上 ３勝クラス       (混)[指] ハンデ 16頭 本賞金:1840,740,460,280,184万円",16,1840.0,4,2,3,ブルーシンフォニー,牡,6,56.0,戸崎圭,70.8,クビ,12,34.4,36.6,8-7,美浦 伊藤圭,482,4,
202406050310,2024-12-07,中山,10,アクアラインS,ダ,1200,右,晴,良,"5回 中山 3日目 サラ系３歳以上 ３勝クラス       (混)[指] ハンデ 16頭 本賞金:1840,740,460,280,184万円",16,1840.0,5,7,14,カンパニョーラ,牝,5,53.0,石川,70.8,ハナ,5,9.1,35.6,16-16,美浦 伊坂,456,-4,
202406050310,2024-12-07,中山,10,アクアラインS,ダ,1200,右,晴,良,"5回 中山 3日目 サラ系３歳以上 ３勝クラス       (混)[指] ハンデ 16頭 本賞金:1840,740,460,280,184万円",16,1840.0,6,3,5,ウナギノボリ,牡,5,53.0,斎藤,70.9,クビ,15,61.2,36.1,12-12,栗東 音無,484,-2,
202406050310,2024-12-07,中山,10,アクアラインS,ダ,1200,右,晴,良,"5回 中山 3日目 サラ系３歳以上 ３勝クラス       (混)[指] ハンデ 16頭 本賞金:1840,740,460,280,184万円",16,1840.0,7,8,16,タイセイブリリオ,牡,5,57.0,北村宏,71.0,1/2,8,15.2,36.9,8-7,栗東 大橋,474,4,
202406050310,2024-12-07,中山,10,アクアラインS,ダ,1200,右,晴,良,"5回 中山 3日目 サラ系３歳以上 ３勝クラス       (混)[指] ハンデ 16頭 本賞金:1840,740,460,280,184万円",16,1840.0,8,3,6,グラスシフォン,牝,4,53.0,木幡巧,71.1,3/4,9,16.0,36.2,13-13,美浦 松山,438,2,
202406050310,2024-12-07,中山,10,アクアラインS,ダ,1200,右,晴,良,"5回 中山 3日目 サラ系３歳以上 ３勝クラス       (混)[指] ハンデ 16頭 本賞金:1840,740,460,280,184万円",16,1840.0,9,4,8,グッドウッドガイ,牡,5,55.0,原,71.2,1/2,11,33.0,36.3,13-13,栗東 村山,518,10,
202406050310,2024-12-07,中山,10,アクアラインS,ダ,1200,右,晴,良,"5回 中山 3日目 サラ系３歳以上 ３勝クラス       (混)[指] ハンデ 16頭 本賞金:1840,740,460,280,184万円",16,1840.0,10,2,4,グランフォーブル,牡,4,55.0,吉田豊,71.3,クビ,2,5.8,37.6,3-3,美浦 土田,476,4,
202406050310,2024-12-07,中山,10,アクアラインS,ダ,1200,右,晴,良,"5回 中山 3日目 サラ系３歳以上 ３勝クラス       (混)[指] ハンデ 16頭 本賞金:1840,740,460,280,184万円",16,1840.0,11,4,7,メイショウフジタカ,牡,6,55.0,横山和,71.3,クビ,13,34.8,36.2,15-13,栗東 飯田,494,-2,
202406050310,2024-12-07,中山,10,アクアラインS,ダ,1200,右,晴,良,"5回 中山 3日目 サラ系３歳以上 ３勝クラス       (混)[指] ハンデ 16頭 本賞金:1840,740,460,280,184万円",16,1840.0,12,7,13,オーロベルディ,牝,5,52.0,内田博,71.5,3/4,16,205.3,37.8,3-3,栗東 緒方,492,-2,
202406050310,2024-12-07,中山,10,アクアラインS,ダ,1200,右,晴,良,"5回 中山 3日目 サラ系３歳以上 ３勝クラス       (混)[指] ハンデ 16頭 本賞金:1840,740,460,280,184万円",16,1840.0,13,8,15,エコロアイ,牝,4,55.0,菅原明,71.6,1/2,4,7.8,37.8,3-3,栗東 森秀,520,-4,
202406050310,2024-12-07,中山,10,アクアラインS,ダ,1200,右,晴,良,"5回 中山 3日目 サラ系３歳以上 ３勝クラス       (混)[指] ハンデ 16頭 本賞金:1840,740,460,280,184万円",16,1840.0,14,5,9,メイショウイジゲン,牡,6,54.0,菊沢,71.8,1,14,59.5,37.8,7-7,栗東 牧浦,454,4,
202406050310,2024-12-07,中山,10,アクアラインS,ダ,1200,右,晴,良,"5回 中山 3日目 サラ系３歳以上 ３勝クラス       (混)[指] ハンデ 16頭 本賞金:1840,740,460,280,184万円",16,1840.0,15,5,10,アロットドリーム,牝,4,55.0,丸山,71.9,3/4,1,4.4,38.3,2-2,栗東 本田,460,18,
202406050310,2024-12-07,中山,10,アクアラインS,ダ,1200,右,晴,良,"5回 中山 3日目 サラ系３歳以上 ３勝クラス       (混)[指] ハンデ 16頭 本賞金:1840,740,460,280,184万円",16,1840.0,16,6,12,トーアアイギス,牝,3,53.0,江田照,72.5,3.1/2,10,16.0,39.0,1-1,美浦 村田,482,0,
202406050311,2024-12-07,中山,11,常総S,芝,1800,右,晴,良,"5回 中山 3日目 サラ系３歳以上 ３勝クラス       (混)(特指) 定量 15頭 本賞金:1840,740,460,280,184万円",15,1840.0,1,2,3,ディオスバリエンテ,セ,6,58.0,大野,108.3,,6,22.2,34.5,2-2-2-2,美浦 堀,478,-2,
202406050311,2024-12-07,中山,11,常総S,芝,1800,右,晴,良,"5回 中山 3日目 サラ系３歳以上 ３勝クラス       (混)(特指) 定量 15頭 本賞金:1840,740,460,280,184万円",15,1840.0,2,1,1,セブンマジシャン,牡,4,58.0,斎藤,108.4,クビ,3,3.4,34.3,6-4-4-4,栗東 高野,500,-8,
202406050311,2024-12-07,中山,11,常総S,芝,1800,右,晴,良,"5回 中山 3日目 サラ系３歳以上 ３勝クラス       (混)(特指) 定量 15頭 本賞金:1840,740,460,280,184万円",15,1840.0,3,4,7,デコラシオン,牡,5,58.0,菅原明,108.4,クビ,1,3.2,33.9,11-12-10-9,美浦 高木,526,-2,
202406050311,2024-12-07,中山,11,常総S,芝,1800,右,晴,良,"5回 中山 3日目 サラ系３歳以上 ３勝クラス       (混)(特指) 定量 15頭 本賞金:1840,740,460,280,184万円",15,1840.0,4,8,15,ホウオウスーペリア,牡,4,58.0,戸崎圭,108.5,クビ,4,7.5,34.4,4-4-4-4,栗東 吉岡,476,-4,
202406050311,2024-12-07,中山,11,常総S,芝,1800,右,晴,良,"5回 中山 3日目 サラ系３歳以上 ３勝クラス       (混)(特指) 定量 15頭 本賞金:1840,740,460,280,184万円",15,1840.0,5,5,9,ウィステリアリヴァ,牡,4,58.0,石橋脩,108.5,ハナ,10,64.3,34.6,3-3-3-3,美浦 小野,506,8,
202406050311,2024-12-07,中山,11,常総S,芝,1800,右,晴,良,"5回 中山 3日目 サラ系３歳以上 ３勝クラス       (混)(特指) 定量 15頭 本賞金:1840,740,460,280,184万円",15,1840.0,6,4,6,ウインエクレール,牝,5,56.0,津村,108.6,3/4,7,34.0,34.3,9-7-7-6,美浦 畠山,494,-2,
202406050311,2024-12-07,中山,11,常総S,芝,1800,右,晴,良,"5回 中山 3日目 サラ系３歳以上 ３勝クラス       (混)(特指) 定量 15頭 本賞金:1840,740,460,280,184万円",15,1840.0,7,7,13,エリオトローピオ,牝,5,56.0,石川,108.7,クビ,15,282.4,33.9,14-14-13-13,美浦 深山,418,-2,
202406050311,2024-12-07,中山,11,常総S,芝,1800,右,晴,良,"5回 中山 3日目 サラ系３歳以上 ３勝クラス       (混)(特指) 定量 15頭 本賞金:1840,740,460,280,184万円",15,1840.0,8,6,10,マイネルニコラス,牡,5,58.0,柴田大,108.8,3/4,11,88.5,34.4,6-7-7-6,美浦 畠山,516,2,
202406050311,2024-12-07,中山,11,常総S,芝,1800,右,晴,良,"5回 中山 3日目 サラ系３歳以上 ３勝クラス       (混)(特指) 定量 15頭 本賞金:1840,740,460,280,184万円",15,1840.0,9,6,11,カヨウネンカ,牝,5,56.0,丸田,108.8,クビ,9,62.1,34.2,9-10-11-12,美浦 斎藤誠,460,-6,
202406050311,2024-12-07,中山,11,常総S,芝,1800,右,晴,良,"5回 中山 3日目 サラ系３歳以上 ３勝クラス       (混)(特指) 定量 15頭 本賞金:1840,740,460,280,184万円",15,1840.0,10,7,12,ホウオウプロサンゲ,牡,3,57.0,マーカ,108.8,ハナ,2,3.3,33.9,11-13-14-13,栗東 矢作,492,4,
202406050311,2024-12-07,中山,11,常総S,芝,1800,右,晴,良,"5回 中山 3日目 サラ系３歳以上 ３勝クラス       (混)(特指) 定量 15頭 本賞金:1840,740,460,280,184万円",15,1840.0,11,3,5,パトリックハンサム,牡,5,58.0,内田博,108.9,クビ,12,92.7,34.5,8-7-7-9,美浦 菊沢,468,2,
202406050311,2024-12-07,中山,11,常総S,芝,1800,右,晴,良,"5回 中山 3日目 サラ系３歳以上 ３勝クラス       (混)(特指) 定量 15頭 本賞金:1840,740,460,280,184万円",15,1840.0,11,5,8,エレクトリックブギ,牡,3,57.0,荻野極,108.9,クビ,5,19.2,34.2,11-10-11-9,美浦 鹿戸,438,4,
202406050311,2024-12-07,中山,11,常総S,芝,1800,右,晴,良,"5回 中山 3日目 サラ系３歳以上 ３勝クラス       (混)(特指) 定量 15頭 本賞金:1840,740,460,280,184万円",15,1840.0,13,3,4,ロジマンボ,牡,5,58.0,北村宏,108.9,ハナ,8,38.0,33.7,15-15-15-15,美浦 古賀,486,0,
202406050311,2024-12-07,中山,11,常総S,芝,1800,右,晴,良,"5回 中山 3日目 サラ系３歳以上 ３勝クラス       (混)(特指) 定量 15頭 本賞金:1840,740,460,280,184万円",15,1840.0,14,2,2,サウンドウォリアー,牡,6,58.0,原,109.4,3,14,197.6,35.3,4-4-4-6,栗東 高橋康,506,2,
202406050311,2024-12-07,中山,11,常総S,芝,1800,右,晴,良,"5回 中山 3日目 サラ系３歳以上 ３勝クラス       (混)(特指) 定量 15頭 本賞金:1840,740,460,280,184万円",15,1840.0,15,8,14,トラベログ,牝,4,56.0,野中,109.8,2.1/2,13,149.6,36.1,1-1-1-1,美浦 岩戸,472,-8,
202406050312,2024-12-07,中山,12,3歳以上2勝クラス,ダ,1800,右,晴,良,"5回 中山 3日目 サラ系３歳以上 ２勝クラス       (混)(特指) 定量 16頭 本賞金:1140,460,290,170,114万円",16,1140.0,1,4,8,ゴールドアローン,牝,3,55.0,戸崎圭,113.5,,1,3.4,38.0,12-13-12-9,美浦 青木,466,0,
202406050312,2024-12-07,中山,12,3歳以上2勝クラス,ダ,1800,右,晴,良,"5回 中山 3日目 サラ系３歳以上 ２勝クラス       (混)(特指) 定量 16頭 本賞金:1140,460,290,170,114万円",16,1140.0,2,8,15,アラレタバシル,牡,3,57.0,野中,113.5,クビ,2,4.9,37.7,15-15-14-14,美浦 根本,454,2,
202406050312,2024-12-07,中山,12,3歳以上2勝クラス,ダ,1800,右,晴,良,"5回 中山 3日目 サラ系３歳以上 ２勝クラス       (混)(特指) 定量 16頭 本賞金:1140,460,290,170,114万円",16,1140.0,3,7,13,ホウキボシ,セ,4,57.0,☆原,113.6,1/2,3,6.0,38.9,3-3-2-1,美浦 堀,508,-2,
202406050312,2024-12-07,中山,12,3歳以上2勝クラス,ダ,1800,右,晴,良,"5回 中山 3日目 サラ系３歳以上 ２勝クラス       (混)(特指) 定量 16頭 本賞金:1140,460,290,170,114万円",16,1140.0,4,5,9,グレノークス,牝,4,56.0,丸山,114.0,2,8,19.0,38.7,9-9-8-8,美浦 宮田,488,8,
202406050312,2024-12-07,中山,12,3歳以上2勝クラス,ダ,1800,右,晴,良,"5回 中山 3日目 サラ系３歳以上 ２勝クラス       (混)(特指) 定量 16頭 本賞金:1140,460,290,170,114万円",16,1140.0,5,7,14,バニシングポイント,セ,6,58.0,杉原,114.0,ハナ,9,23.8,38.6,9-9-11-9,美浦 古賀,496,-2,
202406050312,2024-12-07,中山,12,3歳以上2勝クラス,ダ,1800,右,晴,良,"5回 中山 3日目 サラ系３歳以上 ２勝クラス       (混)(特指) 定量 16頭 本賞金:1140,460,290,170,114万円",16,1140.0,6,3,5,アッティラ,牡,4,58.0,石川,114.3,2,10,66.4,38.6,14-14-14-13,美浦 相沢,460,10,
202406050312,2024-12-07,中山,12,3歳以上2勝クラス,ダ,1800,右,晴,良,"5回 中山 3日目 サラ系３歳以上 ２勝クラス       (混)(特指) 定量 16頭 本賞金:1140,460,290,170,114万円",16,1140.0,7,2,4,レオカクテル,牡,6,58.0,丸田,114.4,1/2,11,67.8,38.3,16-16-16-14,美浦 萱野,510,2,
202406050312,2024-12-07,中山,12,3歳以上2勝クラス,ダ,1800,右,晴,良,"5回 中山 3日目 サラ系３歳以上 ２勝クラス       (混)(特指) 定量 16頭 本賞金:1140,460,290,170,114万円",16,1140.0,8,6,12,シゲルカミカゼ,牡,4,58.0,大野,114.6,3/4,5,7.9,39.4,4-7-8-6,美浦 松山,534,8,
202406050312,2024-12-07,中山,12,3歳以上2勝クラス,ダ,1800,右,晴,良,"5回 中山 3日目 サラ系３歳以上 ２勝クラス       (混)(特指) 定量 16頭 本賞金:1140,460,290,170,114万円",16,1140.0,9,2,3,デルマタモン,牡,6,58.0,北村宏,114.8,1.1/2,16,394.3,39.2,12-12-12-14,美浦 勢司,510,4,
202406050312,2024-12-07,中山,12,3歳以上2勝クラス,ダ,1800,右,晴,良,"5回 中山 3日目 サラ系３歳以上 ２勝クラス       (混)(特指) 定量 16頭 本賞金:1140,460,290,170,114万円",16,1140.0,10,1,2,デフィニティーボ,牡,3,57.0,横山和,114.8,ハナ,4,6.8,39.8,11-11-4-3,美浦 上原佑,488,12,
202406050312,2024-12-07,中山,12,3歳以上2勝クラス,ダ,1800,右,晴,良,"5回 中山 3日目 サラ系３歳以上 ２勝クラス       (混)(特指) 定量 16頭 本賞金:1140,460,290,170,114万円",16,1140.0,11,8,16,カンジ,牡,3,57.0,マーカ,114.9,1/2,6,9.6,39.9,4-4-4-3,美浦 武井,512,6,
202406050312,2024-12-07,中山,12,3歳以上2勝クラス,ダ,1800,右,晴,良,"5回 中山 3日目 サラ系３歳以上 ２勝クラス       (混)(特指) 定量 16頭 本賞金:1140,460,290,170,114万円",16,1140.0,12,5,10,ジャックパール,牡,4,55.0,▲長浜,115.2,1.3/4,13,142.2,40.5,2-2-1-2,美浦 鈴木慎,460,0,
202406050312,2024-12-07,中山,12,3歳以上2勝クラス,ダ,1800,右,晴,良,"5回 中山 3日目 サラ系３歳以上 ２勝クラス       (混)(特指) 定量 16頭 本賞金:1140,460,290,170,114万円",16,1140.0,13,6,11,ササヤキ,セ,4,58.0,柴田大,115.7,3,12,96.0,40.5,8-8-8-9,美浦 田中剛,506,4,
202406050312,2024-12-07,中山,12,3歳以上2勝クラス,ダ,1800,右,晴,良,"5回 中山 3日目 サラ系３歳以上 ２勝クラス       (混)(特指) 定量 16頭 本賞金:1140,460,290,170,114万円",16,1140.0,14,1,1,ラオラシオン,牡,3,57.0,斎藤,115.7,クビ,7,15.2,40.6,4-4-4-9,美浦 斎藤誠,494,10,
202406050312,2024-12-07,中山,12,3歳以上2勝クラス,ダ,1800,右,晴,良,"5回 中山 3日目 サラ系３歳以上 ２勝クラス       (混)(特指) 定量 16頭 本賞金:1140,460,290,170,114万円",16,1140.0,15,3,6,デルマオシダシ,牝,4,56.0,菊沢,117.2,9,14,183.4,42.2,4-4-4-5,美浦 鈴木慎,476,4,
202406050312,2024-12-07,中山,12,3歳以上2勝クラス,ダ,1800,右,晴,良,"5回 中山 3日目 サラ系３歳以上 ２勝クラス       (混)(特指) 定量 16頭 本賞金:1140,460,290,170,114万円",16,1140.0,16,4,7,セイウンハルカニ,牡,5,55.0,▲佐藤,118.4,7,15,241.7,43.6,1-1-2-6,美浦 竹内,480,2,
202407040301,2024-12-07,中京,1,2歳未勝利,ダ,1800,左,曇,良,"4回 中京 3日目 サラ系２歳 未勝利       牝[指] 馬齢 10頭 本賞金:550,220,140,83,55万円",10,550.0,1,3,3,プリンセッサ,牝,2,55.0,鮫島駿,114.5,,1,1.1,37.4,2-2-1-1,栗東 牧田,496,-10,
202407040301,2024-12-07,中京,1,2歳未勝利,ダ,1800,左,曇,良,"4回 中京 3日目 サラ系２歳 未勝利       牝[指] 馬齢 10頭 本賞金:550,220,140,83,55万円",10,550.0,2,8,9,シウダーエヴィータ,牝,2,55.0,Ｈドイ,115.8,8,2,8.3,38.3,6-7-3-3,美浦 田中博,456,-12,
202407040301,2024-12-07,中京,1,2歳未勝利,ダ,1800,左,曇,良,"4回 中京 3日目 サラ系２歳 未勝利       牝[指] 馬齢 10頭 本賞金:550,220,140,83,55万円",10,550.0,3,8,10,マンノミューズ,牝,2,55.0,角田和,116.4,3.1/2,3,37.3,38.5,9-8-6-5,栗東 角田,422,-4,
202407040301,2024-12-07,中京,1,2歳未勝利,ダ,1800,左,曇,良,"4回 中京 3日目 サラ系２歳 未勝利       牝[指] 馬齢 10頭 本賞金:550,220,140,83,55万円",10,550.0,4,5,5,トリュフチョコ,牝,2,55.0,丹内,116.6,1.1/4,4,37.9,38.4,10-10-8-7,美浦 林,430,-4,
202407040301,2024-12-07,中京,1,2歳未勝利,ダ,1800,左,曇,良,"4回 中京 3日目 サラ系２歳 未勝利       牝[指] 馬齢 10頭 本賞金:550,220,140,83,55万円",10,550.0,5,7,8,デスティニーホープ,牝,2,54.0,☆小沢,116.7,アタマ,7,79.9,39.1,3-3-5-5,美浦 松山,428,-4,
202407040301,2024-12-07,中京,1,2歳未勝利,ダ,1800,左,曇,良,"4回 中京 3日目 サラ系２歳 未勝利       牝[指] 馬齢 10頭 本賞金:550,220,140,83,55万円",10,550.0,6,4,4,ミルキーハニー,牝,2,52.0,▲石田,117.0,2,9,300.0,39.5,1-1-3-3,美浦 尾形,468,2,
202407040301,2024-12-07,中京,1,2歳未勝利,ダ,1800,左,曇,良,"4回 中京 3日目 サラ系２歳 未勝利       牝[指] 馬齢 10頭 本賞金:550,220,140,83,55万円",10,550.0,7,7,7,モンサンヴデット,牝,2,55.0,池添,117.4,2.1/2,5,39.1,40.1,6-3-2-2,栗東 平田,448,-10,
202407040301,2024-12-07,中京,1,2歳未勝利,ダ,1800,左,曇,良,"4回 中京 3日目 サラ系２歳 未勝利       牝[指] 馬齢 10頭 本賞金:550,220,140,83,55万円",10,550.0,8,1,1,カネトシエテルノ,牝,2,53.0,△高杉,118.8,8,8,121.5,39.9,6-8-10-10,栗東 大橋,488,0,
202407040301,2024-12-07,中京,1,2歳未勝利,ダ,1800,左,曇,良,"4回 中京 3日目 サラ系２歳 未勝利       牝[指] 馬齢 10頭 本賞金:550,220,140,83,55万円",10,550.0,9,2,2,ダイタヴァルキリー,牝,2,52.0,▲石神道,120.1,8,10,491.5,41.9,3-3-8-8,美浦 和田雄,462,-8,
202407040301,2024-12-07,中京,1,2歳未勝利,ダ,1800,左,曇,良,"4回 中京 3日目 サラ系２歳 未勝利       牝[指] 馬齢 10頭 本賞金:550,220,140,83,55万円",10,550.0,10,6,6,ジーナアクトレス,牝,2,52.0,▲川端,120.1,クビ,6,52.1,42.1,3-3-6-9,栗東 高橋忠,474,-6,
202407040302,2024-12-07,中京,2,3歳以上1勝クラス,ダ,1400,左,曇,良,"4回 中京 3日目 サラ系３歳以上 １勝クラス       [指] 定量 13頭 本賞金:800,320,200,120,80万円",13,800.0,1,6,8,トクシーカイザー,牡,4,58.0,Ｍデム,84.0,,2,2.5,36.7,1-1,美浦 小島,482,0,
202407040302,2024-12-07,中京,2,3歳以上1勝クラス,ダ,1400,左,曇,良,"4回 中京 3日目 サラ系３歳以上 １勝クラス       [指] 定量 13頭 本賞金:800,320,200,120,80万円",13,800.0,2,7,11,マクミランテソーロ,牡,3,57.0,松山,84.4,2.1/2,3,3.3,36.9,2-2,美浦 田中剛,478,6,
202407040302,2024-12-07,中京,2,3歳以上1勝クラス,ダ,1400,左,曇,良,"4回 中京 3日目 サラ系３歳以上 １勝クラス       [指] 定量 13頭 本賞金:800,320,200,120,80万円",13,800.0,3,8,12,ベンダバール,牡,3,57.0,国分恭,85.2,5,5,47.5,37.4,6-5,栗東 牧浦,466,7,
202407040302,2024-12-07,中京,2,3歳以上1勝クラス,ダ,1400,左,曇,良,"4回 中京 3日目 サラ系３歳以上 １勝クラス       [指] 定量 13頭 本賞金:800,320,200,120,80万円",13,800.0,4,7,10,ハリウッドブルース,牡,3,57.0,西村淳,85.6,2.1/2,1,2.4,37.6,7-8,栗東 浜田,458,-2,
202407040302,2024-12-07,中京,2,3歳以上1勝クラス,ダ,1400,左,曇,良,"4回 中京 3日目 サラ系３歳以上 １勝クラス       [指] 定量 13頭 本賞金:800,320,200,120,80万円",13,800.0,5,1,1,ドリームクルーズ,牝,3,55.0,松岡,85.8,1.1/2,4,21.9,37.9,7-5,美浦 戸田,484,-12,
202407040302,2024-12-07,中京,2,3歳以上1勝クラス,ダ,1400,左,曇,良,"4回 中京 3日目 サラ系３歳以上 １勝クラス       [指] 定量 13頭 本賞金:800,320,200,120,80万円",13,800.0,6,3,3,フォンメイリー,牝,5,54.0,◇永島,85.9,1/2,8,78.2,38.2,3-3,美浦 粕谷,486,-4,
202407040302,2024-12-07,中京,2,3歳以上1勝クラス,ダ,1400,左,曇,良,"4回 中京 3日目 サラ系３歳以上 １勝クラス       [指] 定量 13頭 本賞金:800,320,200,120,80万円",13,800.0,7,4,4,ドンアレス,牡,3,57.0,小崎,86.0,1/2,12,264.0,37.8,9-9,栗東 牧浦,484,10,
202407040302,2024-12-07,中京,2,3歳以上1勝クラス,ダ,1400,左,曇,良,"4回 中京 3日目 サラ系３歳以上 １勝クラス       [指] 定量 13頭 本賞金:800,320,200,120,80万円",13,800.0,8,4,5,リゼレインボー,牡,5,57.0,☆小沢,86.0,ハナ,7,53.9,37.5,13-11,美浦 松山,494,-2,
202407040302,2024-12-07,中京,2,3歳以上1勝クラス,ダ,1400,左,曇,良,"4回 中京 3日目 サラ系３歳以上 １勝クラス       [指] 定量 13頭 本賞金:800,320,200,120,80万円",13,800.0,9,2,2,スナイチゴールド,牡,4,58.0,角田和,86.5,3,9,100.9,38.2,11-9,美浦 加藤和,544,4,
202407040302,2024-12-07,中京,2,3歳以上1勝クラス,ダ,1400,左,曇,良,"4回 中京 3日目 サラ系３歳以上 １勝クラス       [指] 定量 13頭 本賞金:800,320,200,120,80万円",13,800.0,10,6,9,マイネルトゥルネー,牡,3,57.0,丹内,87.3,5,10,190.4,39.6,3-4,栗東 梅田,494,8,
202407040302,2024-12-07,中京,2,3歳以上1勝クラス,ダ,1400,左,曇,良,"4回 中京 3日目 サラ系３歳以上 １勝クラス       [指] 定量 13頭 本賞金:800,320,200,120,80万円",13,800.0,11,5,6,ケンヴァイザッハ,牡,4,57.0,☆西塚,87.7,2.1/2,11,255.9,39.4,11-11,美浦 石栗,442,-4,
202407040302,2024-12-07,中京,2,3歳以上1勝クラス,ダ,1400,左,曇,良,"4回 中京 3日目 サラ系３歳以上 １勝クラス       [指] 定量 13頭 本賞金:800,320,200,120,80万円",13,800.0,12,5,7,エルプロフェッサー,牝,3,55.0,酒井,87.8,クビ,6,50.2,39.7,9-11,栗東 高橋康,418,-2,
202407040302,2024-12-07,中京,2,3歳以上1勝クラス,ダ,1400,左,曇,良,"4回 中京 3日目 サラ系３歳以上 １勝クラス       [指] 定量 13頭 本賞金:800,320,200,120,80万円",13,800.0,13,8,13,インセプション,牡,4,55.0,▲石神道,89.6,大,13,533.4,41.9,3-5,美浦 和田雄,462,0,
202407040303,2024-12-07,中京,3,3歳以上1勝クラス,ダ,1800,左,曇,良,"4回 中京 3日目 サラ系３歳以上 １勝クラス       牝[指] 定量 8頭 本賞金:800,320,200,120,80万円",8,800.0,1,4,4,モモンウールー,牝,3,55.0,松山,113.5,,1,1.3,36.6,4-4-4-4,栗東 池添,454,-4,
202407040303,2024-12-07,中京,3,3歳以上1勝クラス,ダ,1800,左,曇,良,"4回 中京 3日目 サラ系３歳以上 １勝クラス       牝[指] 定量 8頭 本賞金:800,320,200,120,80万円",8,800.0,2,7,7,サクソンジェンヌ,牝,3,55.0,団野,113.5,クビ,2,3.7,36.5,6-6-5-5,栗東 高橋忠,456,2,
202407040303,2024-12-07,中京,3,3歳以上1勝クラス,ダ,1800,左,曇,良,"4回 中京 3日目 サラ系３歳以上 １勝クラス       牝[指] 定量 8頭 本賞金:800,320,200,120,80万円",8,800.0,3,6,6,ヒラリーステップ,牝,4,56.0,丹内,114.4,5,8,104.9,38.0,7-7-2-1,美浦 天間,482,0,
202407040303,2024-12-07,中京,3,3歳以上1勝クラス,ダ,1800,左,曇,良,"4回 中京 3日目 サラ系３歳以上 １勝クラス       牝[指] 定量 8頭 本賞金:800,320,200,120,80万円",8,800.0,4,8,8,ブルーペクトライト,牝,4,56.0,Ｍデム,114.6,1.1/4,4,26.2,36.9,8-8-8-8,栗東 宮地,486,4,
202407040303,2024-12-07,中京,3,3歳以上1勝クラス,ダ,1800,左,曇,良,"4回 中京 3日目 サラ系３歳以上 １勝クラス       牝[指] 定量 8頭 本賞金:800,320,200,120,80万円",8,800.0,5,5,5,タマモネモフィラ,牝,4,54.0,△高杉,114.8,1.1/4,6,33.0,37.7,3-3-5-7,栗東 大橋,482,-2,
202407040303,2024-12-07,中京,3,3歳以上1勝クラス,ダ,1800,左,曇,良,"4回 中京 3日目 サラ系３歳以上 １勝クラス       牝[指] 定量 8頭 本賞金:800,320,200,120,80万円",8,800.0,6,1,1,タガノエクレール,牝,3,52.0,▲橋木,115.0,1.1/4,5,32.0,38.3,2-2-3-3,栗東 西園正,466,4,
202407040303,2024-12-07,中京,3,3歳以上1勝クラス,ダ,1800,左,曇,良,"4回 中京 3日目 サラ系３歳以上 １勝クラス       牝[指] 定量 8頭 本賞金:800,320,200,120,80万円",8,800.0,7,3,3,ショーヴァロンス,牝,3,55.0,横山武,115.5,3,7,56.4,38.5,4-4-5-5,美浦 鈴木伸,456,-8,
202407040303,2024-12-07,中京,3,3歳以上1勝クラス,ダ,1800,左,曇,良,"4回 中京 3日目 サラ系３歳以上 １勝クラス       牝[指] 定量 8頭 本賞金:800,320,200,120,80万円",8,800.0,8,2,2,ルージュルリアン,牝,3,54.0,☆西塚,117.8,大,3,8.8,41.4,1-1-1-2,栗東 藤原,486,2,
202407040304,2024-12-07,中京,4,2歳未勝利,芝,2000,左,曇,良,"4回 中京 3日目 サラ系２歳 未勝利       [指] 馬齢 10頭 本賞金:550,220,140,83,55万円",10,550.0,1,5,5,マテンロウムーブ,牡,2,56.0,横山典,121.5,,3,3.6,34.2,9-9-7-6,栗東 松永幹,492,4,
202407040304,2024-12-07,中京,4,2歳未勝利,芝,2000,左,曇,良,"4回 中京 3日目 サラ系２歳 未勝利       [指] 馬齢 10頭 本賞金:550,220,140,83,55万円",10,550.0,2,6,6,ロードレジェロ,牡,2,56.0,西村淳,121.5,クビ,1,2.1,35.0,1-1-1-1,栗東 藤野,478,-10,
202407040304,2024-12-07,中京,4,2歳未勝利,芝,2000,左,曇,良,"4回 中京 3日目 サラ系２歳 未勝利       [指] 馬齢 10頭 本賞金:550,220,140,83,55万円",10,550.0,3,8,9,プレミアシップ,牡,2,56.0,松山,122.4,5,2,3.2,35.3,8-6-5-4,栗東 吉岡,498,10,
202407040304,2024-12-07,中京,4,2歳未勝利,芝,2000,左,曇,良,"4回 中京 3日目 サラ系２歳 未勝利       [指] 馬齢 10頭 本賞金:550,220,140,83,55万円",10,550.0,4,7,7,ヴィーデ,牡,2,56.0,丹内,122.8,2,4,15.5,36.2,2-2-2-2,美浦 戸田,474,-4,
202407040304,2024-12-07,中京,4,2歳未勝利,芝,2000,左,曇,良,"4回 中京 3日目 サラ系２歳 未勝利       [指] 馬齢 10頭 本賞金:550,220,140,83,55万円",10,550.0,5,7,8,プロスペクトパーク,牡,2,56.0,横山武,122.8,クビ,7,29.1,35.5,6-7-7-6,美浦 高柳瑞,498,6,
202407040304,2024-12-07,中京,4,2歳未勝利,芝,2000,左,曇,良,"4回 中京 3日目 サラ系２歳 未勝利       [指] 馬齢 10頭 本賞金:550,220,140,83,55万円",10,550.0,6,3,3,ショウリュウアサヒ,牡,2,56.0,角田和,123.0,1.1/4,6,27.4,35.9,4-4-4-4,栗東 四位,452,-2,
202407040304,2024-12-07,中京,4,2歳未勝利,芝,2000,左,曇,良,"4回 中京 3日目 サラ系２歳 未勝利       [指] 馬齢 10頭 本賞金:550,220,140,83,55万円",10,550.0,7,1,1,コパカバーナ,牝,2,54.0,☆小沢,123.2,1,8,63.4,35.6,6-7-9-9,栗東 森田,392,-2,
202407040304,2024-12-07,中京,4,2歳未勝利,芝,2000,左,曇,良,"4回 中京 3日目 サラ系２歳 未勝利       [指] 馬齢 10頭 本賞金:550,220,140,83,55万円",10,550.0,8,8,10,ジェットエアー,牡,2,56.0,岩田望,123.2,クビ,5,19.1,36.3,2-3-2-3,栗東 清水久,508,0,
202407040304,2024-12-07,中京,4,2歳未勝利,芝,2000,左,曇,良,"4回 中京 3日目 サラ系２歳 未勝利       [指] 馬齢 10頭 本賞金:550,220,140,83,55万円",10,550.0,9,4,4,エイシンカーバイン,牡,2,56.0,Ｈドイ,123.8,3.1/2,9,216.5,36.1,10-10-10-9,栗東 吉村,456,-2,
202407040304,2024-12-07,中京,4,2歳未勝利,芝,2000,左,曇,良,"4回 中京 3日目 サラ系２歳 未勝利       [指] 馬齢 10頭 本賞金:550,220,140,83,55万円",10,550.0,10,2,2,チョウハチ,牡,2,54.0,△高杉,124.1,1.3/4,10,255.7,36.6,4-4-6-8,栗東 高橋一,452,0,
202407040305,2024-12-07,中京,5,2歳新馬,ダ,1400,左,曇,良,"4回 中京 3日目 サラ系２歳 新馬       (混)[指] 馬齢 16頭 本賞金:720,290,180,110,72万円",16,720.0,1,4,7,トゥロン,牝,2,55.0,西村淳,85.2,,4,8.6,36.8,5-4,栗東 佐々木,522,0,
202407040305,2024-12-07,中京,5,2歳新馬,ダ,1400,左,曇,良,"4回 中京 3日目 サラ系２歳 新馬       (混)[指] 馬齢 16頭 本賞金:720,290,180,110,72万円",16,720.0,2,1,1,ゲイルライダー,牡,2,54.0,△高杉,85.2,クビ,1,2.9,36.2,7-6,栗東 牧浦,490,0,
202407040305,2024-12-07,中京,5,2歳新馬,ダ,1400,左,曇,良,"4回 中京 3日目 サラ系２歳 新馬       (混)[指] 馬齢 16頭 本賞金:720,290,180,110,72万円",16,720.0,3,2,4,ジュエルハウス,牝,2,55.0,国分恭,85.7,3,2,4.7,37.6,2-2,栗東 西園翔,470,0,
202407040305,2024-12-07,中京,5,2歳新馬,ダ,1400,左,曇,良,"4回 中京 3日目 サラ系２歳 新馬       (混)[指] 馬齢 16頭 本賞金:720,290,180,110,72万円",16,720.0,4,8,15,エコロレオナ,牝,2,55.0,岩田康,85.8,1/2,7,18.9,37.8,1-1,栗東 森秀,434,0,
202407040305,2024-12-07,中京,5,2歳新馬,ダ,1400,左,曇,良,"4回 中京 3日目 サラ系２歳 新馬       (混)[指] 馬齢 16頭 本賞金:720,290,180,110,72万円",16,720.0,5,6,12,オキョンピー,牡,2,54.0,◇永島,86.5,4,10,33.8,37.0,9-9,美浦 高柳瑞,438,0,
202407040305,2024-12-07,中京,5,2歳新馬,ダ,1400,左,曇,良,"4回 中京 3日目 サラ系２歳 新馬       (混)[指] 馬齢 16頭 本賞金:720,290,180,110,72万円",16,720.0,6,7,13,レインボーラッキー,牝,2,55.0,岩田望,86.6,1/2,5,8.7,38.5,2-2,美浦 斎藤誠,440,0,
202407040305,2024-12-07,中京,5,2歳新馬,ダ,1400,左,曇,良,"4回 中京 3日目 サラ系２歳 新馬       (混)[指] 馬齢 16頭 本賞金:720,290,180,110,72万円",16,720.0,7,3,6,ウインエンデバー,牡,2,56.0,松山,87.1,3,3,6.9,38.3,6-7,栗東 吉田,456,0,
202407040305,2024-12-07,中京,5,2歳新馬,ダ,1400,左,曇,良,"4回 中京 3日目 サラ系２歳 新馬       (混)[指] 馬齢 16頭 本賞金:720,290,180,110,72万円",16,720.0,8,4,8,フェアゴー,牡,2,56.0,古川吉,87.2,3/4,14,77.6,36.6,16-16,美浦 西田,502,0,
202407040305,2024-12-07,中京,5,2歳新馬,ダ,1400,左,曇,良,"4回 中京 3日目 サラ系２歳 新馬       (混)[指] 馬齢 16頭 本賞金:720,290,180,110,72万円",16,720.0,9,1,2,ホシクズロンリネス,牝,2,55.0,Ｍデム,87.2,アタマ,9,26.2,39.0,4-4,栗東 藤野,466,0,
202407040305,2024-12-07,中京,5,2歳新馬,ダ,1400,左,曇,良,"4回 中京 3日目 サラ系２歳 新馬       (混)[指] 馬齢 16頭 本賞金:720,290,180,110,72万円",16,720.0,10,5,10,ララアヴリル,牡,2,56.0,団野,87.3,1/2,6,11.9,38.3,7-8,栗東 斉藤崇,472,0,
202407040305,2024-12-07,中京,5,2歳新馬,ダ,1400,左,曇,良,"4回 中京 3日目 サラ系２歳 新馬       (混)[指] 馬齢 16頭 本賞金:720,290,180,110,72万円",16,720.0,11,2,3,スマートクラビ,牡,2,55.0,☆小沢,87.9,3.1/2,11,47.1,38.5,9-9,栗東 中村,490,0,
202407040305,2024-12-07,中京,5,2歳新馬,ダ,1400,左,曇,良,"4回 中京 3日目 サラ系２歳 新馬       (混)[指] 馬齢 16頭 本賞金:720,290,180,110,72万円",16,720.0,12,5,9,デザフィアドール,牝,2,55.0,池添,88.1,1.1/2,13,64.6,38.5,12-12,栗東 宮本,436,0,
202407040305,2024-12-07,中京,5,2歳新馬,ダ,1400,左,曇,良,"4回 中京 3日目 サラ系２歳 新馬       (混)[指] 馬齢 16頭 本賞金:720,290,180,110,72万円",16,720.0,13,3,5,ラクスノカミカザリ,牝,2,52.0,▲石神道,88.4,1.1/2,15,211.1,38.4,14-14,美浦 加藤和,424,0,
202407040305,2024-12-07,中京,5,2歳新馬,ダ,1400,左,曇,良,"4回 中京 3日目 サラ系２歳 新馬       (混)[指] 馬齢 16頭 本賞金:720,290,180,110,72万円",16,720.0,14,8,16,シヴァガミ,牡,2,56.0,松岡,88.7,2,8,23.9,38.4,15-14,美浦 小野,478,0,
202407040305,2024-12-07,中京,5,2歳新馬,ダ,1400,左,曇,良,"4回 中京 3日目 サラ系２歳 新馬       (混)[指] 馬齢 16頭 本賞金:720,290,180,110,72万円",16,720.0,15,6,11,ゼンダンマイウェイ,牝,2,55.0,小崎,89.3,3.1/2,16,221.1,39.9,9-9,栗東 小崎,422,0,
202407040305,2024-12-07,中京,5,2歳新馬,ダ,1400,左,曇,良,"4回 中京 3日目 サラ系２歳 新馬       (混)[指] 馬齢 16頭 本賞金:720,290,180,110,72万円",16,720.0,16,7,14,カナメイシ,牝,2,55.0,亀田,89.5,1.1/2,12,51.5,39.9,12-12,栗東 北出,452,0,
202407040306,2024-12-07,中京,6,3歳以上1勝クラス,ダ,1900,左,曇,良,"4回 中京 3日目 サラ系３歳以上 １勝クラス       (混)[指] 定量 16頭 本賞金:800,320,200,120,80万円",16,800.0,1,8,15,ジャスパーワールド,セ,4,56.0,△高杉,119.4,,12,64.9,37.2,1-1-4-4,栗東 森秀,532,20,
202407040306,2024-12-07,中京,6,3歳以上1勝クラス,ダ,1900,左,曇,良,"4回 中京 3日目 サラ系３歳以上 １勝クラス       (混)[指] 定量 16頭 本賞金:800,320,200,120,80万円",16,800.0,2,1,2,レイワサンサン,牡,3,57.0,鮫島駿,120.0,3.1/2,2,3.1,38.9,5-5-2-2,栗東 高柳大,484,-6,
202407040306,2024-12-07,中京,6,3歳以上1勝クラス,ダ,1900,左,曇,良,"4回 中京 3日目 サラ系３歳以上 １勝クラス       (混)[指] 定量 16頭 本賞金:800,320,200,120,80万円",16,800.0,3,3,5,サンノーブル,セ,3,56.0,☆松本,120.4,2.1/2,16,122.2,37.7,7-7-6-6,栗東 谷,470,-10,
202407040306,2024-12-07,中京,6,3歳以上1勝クラス,ダ,1900,左,曇,良,"4回 中京 3日目 サラ系３歳以上 １勝クラス       (混)[指] 定量 16頭 本賞金:800,320,200,120,80万円",16,800.0,4,7,14,レッドライトニング,牡,3,57.0,Ｈドイ,120.5,1/2,8,29.4,38.9,3-3-3-3,美浦 鹿戸,466,0,
202407040306,2024-12-07,中京,6,3歳以上1勝クラス,ダ,1900,左,曇,良,"4回 中京 3日目 サラ系３歳以上 １勝クラス       (混)[指] 定量 16頭 本賞金:800,320,200,120,80万円",16,800.0,5,6,12,メイショウコナン,牡,3,57.0,団野,120.6,1/2,7,21.3,37.7,9-9-8-8,栗東 荒川,504,-2,
202407040306,2024-12-07,中京,6,3歳以上1勝クラス,ダ,1900,左,曇,良,"4回 中京 3日目 サラ系３歳以上 １勝クラス       (混)[指] 定量 16頭 本賞金:800,320,200,120,80万円",16,800.0,6,7,13,ファルコンミノル,牡,4,58.0,田辺,120.8,1.1/2,4,10.6,37.0,12-13-14-13,美浦 中舘,448,4,
202407040306,2024-12-07,中京,6,3歳以上1勝クラス,ダ,1900,左,曇,良,"4回 中京 3日目 サラ系３歳以上 １勝クラス       (混)[指] 定量 16頭 本賞金:800,320,200,120,80万円",16,800.0,7,3,6,ヒットアンドロール,牡,3,54.0,▲石田,121.0,1.1/4,6,19.4,38.1,14-14-8-9,美浦 宗像,446,4,
202407040306,2024-12-07,中京,6,3歳以上1勝クラス,ダ,1900,左,曇,良,"4回 中京 3日目 サラ系３歳以上 １勝クラス       (混)[指] 定量 16頭 本賞金:800,320,200,120,80万円",16,800.0,8,6,11,マテンロウタイム,牡,3,57.0,横山典,121.1,3/4,5,13.5,38.7,3-3-5-5,栗東 昆,480,0,
202407040306,2024-12-07,中京,6,3歳以上1勝クラス,ダ,1900,左,曇,良,"4回 中京 3日目 サラ系３歳以上 １勝クラス       (混)[指] 定量 16頭 本賞金:800,320,200,120,80万円",16,800.0,9,5,9,コレクテイニア,牡,4,58.0,古川吉,121.3,1,11,63.8,37.5,15-14-14-13,美浦 戸田,468,-2,
202407040306,2024-12-07,中京,6,3歳以上1勝クラス,ダ,1900,左,曇,良,"4回 中京 3日目 サラ系３歳以上 １勝クラス       (混)[指] 定量 16頭 本賞金:800,320,200,120,80万円",16,800.0,10,5,10,メイショウソウタ,牡,3,57.0,松山,121.6,2,3,4.9,38.8,7-7-6-6,栗東 岡田,534,4,
202407040306,2024-12-07,中京,6,3歳以上1勝クラス,ダ,1900,左,曇,良,"4回 中京 3日目 サラ系３歳以上 １勝クラス       (混)[指] 定量 16頭 本賞金:800,320,200,120,80万円",16,800.0,11,8,16,ヒロノラメール,牡,3,57.0,西村淳,121.7,アタマ,1,3.0,40.6,2-2-1-1,栗東 宮地,478,0,
202407040306,2024-12-07,中京,6,3歳以上1勝クラス,ダ,1900,左,曇,良,"4回 中京 3日目 サラ系３歳以上 １勝クラス       (混)[指] 定量 16頭 本賞金:800,320,200,120,80万円",16,800.0,12,2,4,ホウオウプレシャス,牡,4,58.0,丹内,121.7,クビ,15,108.8,38.2,9-9-12-11,美浦 天間,490,2,
202407040306,2024-12-07,中京,6,3歳以上1勝クラス,ダ,1900,左,曇,良,"4回 中京 3日目 サラ系３歳以上 １勝クラス       (混)[指] 定量 16頭 本賞金:800,320,200,120,80万円",16,800.0,13,4,8,サーティファイド,牡,5,57.0,☆小沢,121.8,クビ,13,86.9,38.3,11-11-12-11,栗東 鮫島,492,8,
202407040306,2024-12-07,中京,6,3歳以上1勝クラス,ダ,1900,左,曇,良,"4回 中京 3日目 サラ系３歳以上 １勝クラス       (混)[指] 定量 16頭 本賞金:800,320,200,120,80万円",16,800.0,14,1,1,タケルルーク,牡,4,58.0,Ｍデム,122.2,2.1/2,9,58.0,38.2,16-16-16-16,美浦 小島,482,14,
202407040306,2024-12-07,中京,6,3歳以上1勝クラス,ダ,1900,左,曇,良,"4回 中京 3日目 サラ系３歳以上 １勝クラス       (混)[指] 定量 16頭 本賞金:800,320,200,120,80万円",16,800.0,15,2,3,ダノンタイムリー,牡,3,57.0,岩田望,122.8,3.1/2,10,59.8,39.6,12-11-10-9,美浦 尾関,448,2,
202407040306,2024-12-07,中京,6,3歳以上1勝クラス,ダ,1900,左,曇,良,"4回 中京 3日目 サラ系３歳以上 １勝クラス       (混)[指] 定量 16頭 本賞金:800,320,200,120,80万円",16,800.0,16,4,7,ピンクイーグル,牡,3,54.0,▲川端,123.0,1.1/2,14,95.8,39.8,5-5-10-13,栗東 森秀,512,10,
202407040307,2024-12-07,中京,7,3歳以上1勝クラス,芝,2200,左,曇,良,"4回 中京 3日目 サラ系３歳以上 １勝クラス       [指] 定量 18頭 本賞金:800,320,200,120,80万円",18,800.0,1,8,17,ファミリータイム,牡,3,56.0,鮫島駿,131.8,,5,8.9,35.2,12-12-10-6,栗東 石坂,472,0,
202407040307,2024-12-07,中京,7,3歳以上1勝クラス,芝,2200,左,曇,良,"4回 中京 3日目 サラ系３歳以上 １勝クラス       [指] 定量 18頭 本賞金:800,320,200,120,80万円",18,800.0,2,7,13,レジェンドシップ,セ,4,58.0,西村淳,131.9,1/2,8,23.8,35.5,6-6-5-5,栗東 奥村豊,446,10,
202407040307,2024-12-07,中京,7,3歳以上1勝クラス,芝,2200,左,曇,良,"4回 中京 3日目 サラ系３歳以上 １勝クラス       [指] 定量 18頭 本賞金:800,320,200,120,80万円",18,800.0,3,1,2,マイネルフランツ,牡,3,56.0,丹内,132.1,1.1/4,2,5.1,35.8,2-2-2-2,美浦 和田郎,478,-4,
202407040307,2024-12-07,中京,7,3歳以上1勝クラス,芝,2200,左,曇,良,"4回 中京 3日目 サラ系３歳以上 １勝クラス       [指] 定量 18頭 本賞金:800,320,200,120,80万円",18,800.0,4,2,4,オメガナビゲーター,セ,3,56.0,岩田康,132.2,クビ,4,8.0,35.6,6-6-5-6,栗東 安田,500,16,
202407040307,2024-12-07,中京,7,3歳以上1勝クラス,芝,2200,左,曇,良,"4回 中京 3日目 サラ系３歳以上 １勝クラス       [指] 定量 18頭 本賞金:800,320,200,120,80万円",18,800.0,5,7,15,アラナコア,牡,3,55.0,☆小沢,132.3,3/4,3,5.8,35.6,9-10-10-10,栗東 田中克,490,0,
202407040307,2024-12-07,中京,7,3歳以上1勝クラス,芝,2200,左,曇,良,"4回 中京 3日目 サラ系３歳以上 １勝クラス       [指] 定量 18頭 本賞金:800,320,200,120,80万円",18,800.0,6,3,5,ショウナンガチ,牡,3,56.0,池添,132.6,1.3/4,1,4.3,35.5,15-15-16-15,栗東 須貝,506,6,
202407040307,2024-12-07,中京,7,3歳以上1勝クラス,芝,2200,左,曇,良,"4回 中京 3日目 サラ系３歳以上 １勝クラス       [指] 定量 18頭 本賞金:800,320,200,120,80万円",18,800.0,7,3,6,グルーヴビート,牡,6,58.0,松山,132.7,3/4,12,40.1,35.5,17-17-17-17,栗東 中村,496,18,
202407040307,2024-12-07,中京,7,3歳以上1勝クラス,芝,2200,左,曇,良,"4回 中京 3日目 サラ系３歳以上 １勝クラス       [指] 定量 18頭 本賞金:800,320,200,120,80万円",18,800.0,8,2,3,フェスティヴビーム,牡,4,58.0,黛弘人,132.8,クビ,16,162.8,36.0,9-10-8-10,美浦 畠山,462,-4,
202407040307,2024-12-07,中京,7,3歳以上1勝クラス,芝,2200,左,曇,良,"4回 中京 3日目 サラ系３歳以上 １勝クラス       [指] 定量 18頭 本賞金:800,320,200,120,80万円",18,800.0,9,4,7,グランアトミカ,牝,3,54.0,角田和,132.9,1,11,25.6,36.0,13-13-13-12,美浦 手塚,554,14,
202407040307,2024-12-07,中京,7,3歳以上1勝クラス,芝,2200,左,曇,良,"4回 中京 3日目 サラ系３歳以上 １勝クラス       [指] 定量 18頭 本賞金:800,320,200,120,80万円",18,800.0,10,6,11,カシノインディード,牡,4,55.0,▲石神道,133.0,1/2,18,521.0,36.1,15-16-13-12,美浦 天間,476,-6,
202407040307,2024-12-07,中京,7,3歳以上1勝クラス,芝,2200,左,曇,良,"4回 中京 3日目 サラ系３歳以上 １勝クラス       [指] 定量 18頭 本賞金:800,320,200,120,80万円",18,800.0,11,5,9,マイネルシーマー,牡,5,58.0,団野,133.1,3/4,15,98.5,36.6,9-9-8-6,美浦 青木,490,14,
202407040307,2024-12-07,中京,7,3歳以上1勝クラス,芝,2200,左,曇,良,"4回 中京 3日目 サラ系３歳以上 １勝クラス       [指] 定量 18頭 本賞金:800,320,200,120,80万円",18,800.0,12,1,1,ロードオールライト,牡,3,56.0,Ｈドイ,133.2,クビ,10,25.5,36.2,13-13-13-12,栗東 中内田,516,-12,
202407040307,2024-12-07,中京,7,3歳以上1勝クラス,芝,2200,左,曇,良,"4回 中京 3日目 サラ系３歳以上 １勝クラス       [指] 定量 18頭 本賞金:800,320,200,120,80万円",18,800.0,13,6,12,マグマオーシャン,牡,5,58.0,吉田隼,133.2,クビ,14,65.8,37.2,1-1-1-1,美浦 武藤,510,0,
202407040307,2024-12-07,中京,7,3歳以上1勝クラス,芝,2200,左,曇,良,"4回 中京 3日目 サラ系３歳以上 １勝クラス       [指] 定量 18頭 本賞金:800,320,200,120,80万円",18,800.0,14,8,16,アレナリア,牝,5,56.0,岩田望,133.2,ハナ,7,14.1,36.9,4-4-2-2,栗東 西園翔,438,8,
202407040307,2024-12-07,中京,7,3歳以上1勝クラス,芝,2200,左,曇,良,"4回 中京 3日目 サラ系３歳以上 １勝クラス       [指] 定量 18頭 本賞金:800,320,200,120,80万円",18,800.0,15,5,10,ディーガレジェンド,牡,3,55.0,☆西塚,133.4,1.1/4,6,9.4,36.9,4-4-5-6,栗東 藤原,468,10,
202407040307,2024-12-07,中京,7,3歳以上1勝クラス,芝,2200,左,曇,良,"4回 中京 3日目 サラ系３歳以上 １勝クラス       [指] 定量 18頭 本賞金:800,320,200,120,80万円",18,800.0,16,7,14,マウリノ,牡,3,54.0,△高杉,135.7,大,17,169.0,39.5,2-2-2-2,美浦 水野,452,-9,
202407040307,2024-12-07,中京,7,3歳以上1勝クラス,芝,2200,左,曇,良,"4回 中京 3日目 サラ系３歳以上 １勝クラス       [指] 定量 18頭 本賞金:800,320,200,120,80万円",18,800.0,17,4,8,リアルファインド,牡,3,54.0,◇永島,136.0,1.3/4,13,47.7,38.0,18-18-18-18,美浦 栗田,508,0,
202407040307,2024-12-07,中京,7,3歳以上1勝クラス,芝,2200,左,曇,良,"4回 中京 3日目 サラ系３歳以上 １勝クラス       [指] 定量 18頭 本賞金:800,320,200,120,80万円",18,800.0,,8,18,クラッシファイド,牡,3,56.0,横山武,,,9,24.8,,6-6-10-15,美浦 黒岩,468,-2,中止
202407040308,2024-12-07,中京,8,3歳以上1勝クラス,ダ,1200,左,曇,良,"4回 中京 3日目 サラ系３歳以上 １勝クラス       (混)[指] 定量 15頭 本賞金:800,320,200,120,80万円",15,800.0,1,3,4,カツラノキサノキ,牡,3,57.0,岩田康,72.1,,4,9.5,35.9,9-9,栗東 庄野,492,4,
202407040308,2024-12-07,中京,8,3歳以上1勝クラス,ダ,1200,左,曇,良,"4回 中京 3日目 サラ系３歳以上 １勝クラス       (混)[指] 定量 15頭 本賞金:800,320,200,120,80万円",15,800.0,2,8,14,ヨドノゴールド,牡,6,55.0,▲橋木,72.2,クビ,6,18.8,36.8,1-1,栗東 西園正,470,0,
202407040308,2024-12-07,中京,8,3歳以上1勝クラス,ダ,1200,左,曇,良,"4回 中京 3日目 サラ系３歳以上 １勝クラス       (混)[指] 定量 15頭 本賞金:800,320,200,120,80万円",15,800.0,3,6,10,ザウリ,牡,5,58.0,岩田望,72.3,1/2,2,5.0,36.0,9-9,栗東 森田,538,18,
202407040308,2024-12-07,中京,8,3歳以上1勝クラス,ダ,1200,左,曇,良,"4回 中京 3日目 サラ系３歳以上 １勝クラス       (混)[指] 定量 15頭 本賞金:800,320,200,120,80万円",15,800.0,4,3,5,ヨシノヤッタルデー,牡,3,54.0,▲柴田裕,72.3,アタマ,1,2.0,36.3,7-8,栗東 中竹,450,-2,
202407040308,2024-12-07,中京,8,3歳以上1勝クラス,ダ,1200,左,曇,良,"4回 中京 3日目 サラ系３歳以上 １勝クラス       (混)[指] 定量 15頭 本賞金:800,320,200,120,80万円",15,800.0,5,1,1,トモジャアルマンド,牡,7,57.0,☆小沢,72.3,クビ,5,15.3,36.7,3-3,栗東 大根田,506,6,
202407040308,2024-12-07,中京,8,3歳以上1勝クラス,ダ,1200,左,曇,良,"4回 中京 3日目 サラ系３歳以上 １勝クラス       (混)[指] 定量 15頭 本賞金:800,320,200,120,80万円",15,800.0,6,4,7,ムコウジマランプ,牡,4,58.0,黛弘人,72.5,3/4,7,23.5,35.3,14-14,美浦 森一,510,4,
202407040308,2024-12-07,中京,8,3歳以上1勝クラス,ダ,1200,左,曇,良,"4回 中京 3日目 サラ系３歳以上 １勝クラス       (混)[指] 定量 15頭 本賞金:800,320,200,120,80万円",15,800.0,7,7,12,パレフォーコン,牡,5,56.0,△高杉,72.7,1.1/4,9,34.9,36.7,7-7,栗東 鮫島,444,-2,
202407040308,2024-12-07,中京,8,3歳以上1勝クラス,ダ,1200,左,曇,良,"4回 中京 3日目 サラ系３歳以上 １勝クラス       (混)[指] 定量 15頭 本賞金:800,320,200,120,80万円",15,800.0,8,2,2,フェスティヴルディ,牡,3,57.0,丹内,72.7,ハナ,15,214.4,36.8,5-5,美浦 清水英,496,2,
202407040308,2024-12-07,中京,8,3歳以上1勝クラス,ダ,1200,左,曇,良,"4回 中京 3日目 サラ系３歳以上 １勝クラス       (混)[指] 定量 15頭 本賞金:800,320,200,120,80万円",15,800.0,9,5,9,テイエムタリスマ,牡,3,54.0,▲古川奈,72.7,クビ,10,35.5,36.9,5-5,栗東 木原,468,-6,
202407040308,2024-12-07,中京,8,3歳以上1勝クラス,ダ,1200,左,曇,良,"4回 中京 3日目 サラ系３歳以上 １勝クラス       (混)[指] 定量 15頭 本賞金:800,320,200,120,80万円",15,800.0,10,4,6,ピカリ,牝,3,55.0,西村淳,73.1,2.1/2,3,6.2,37.7,2-2,栗東 森秀,500,18,
202407040308,2024-12-07,中京,8,3歳以上1勝クラス,ダ,1200,左,曇,良,"4回 中京 3日目 サラ系３歳以上 １勝クラス       (混)[指] 定量 15頭 本賞金:800,320,200,120,80万円",15,800.0,11,2,3,ボタニカルガーデン,牝,4,55.0,☆西塚,73.2,クビ,8,32.1,36.7,11-11,栗東 緒方,442,-3,
202407040308,2024-12-07,中京,8,3歳以上1勝クラス,ダ,1200,左,曇,良,"4回 中京 3日目 サラ系３歳以上 １勝クラス       (混)[指] 定量 15頭 本賞金:800,320,200,120,80万円",15,800.0,12,6,11,ロマンスライト,牝,3,52.0,▲石田,73.4,1.1/2,12,95.9,36.8,11-11,美浦 宗像,440,-8,
202407040308,2024-12-07,中京,8,3歳以上1勝クラス,ダ,1200,左,曇,良,"4回 中京 3日目 サラ系３歳以上 １勝クラス       (混)[指] 定量 15頭 本賞金:800,320,200,120,80万円",15,800.0,13,7,13,コウユーユメノヨウ,牝,3,55.0,古川吉,73.8,2.1/2,14,204.6,37.3,11-13,美浦 竹内,446,-8,
202407040308,2024-12-07,中京,8,3歳以上1勝クラス,ダ,1200,左,曇,良,"4回 中京 3日目 サラ系３歳以上 １勝クラス       (混)[指] 定量 15頭 本賞金:800,320,200,120,80万円",15,800.0,14,5,8,フルラインナップ,セ,4,58.0,Ｍデム,75.0,7,13,168.5,37.8,14-15,美浦 小島,438,-10,
202407040308,2024-12-07,中京,8,3歳以上1勝クラス,ダ,1200,左,曇,良,"4回 中京 3日目 サラ系３歳以上 １勝クラス       (混)[指] 定量 15頭 本賞金:800,320,200,120,80万円",15,800.0,15,8,15,サクソフィーナ,牝,3,55.0,Ｈドイ,75.3,2,11,52.0,39.8,3-3,美浦 田中博,490,-2,
202407040309,2024-12-07,中京,9,つわぶき賞,芝,1400,左,曇,良,"4回 中京 3日目 サラ系２歳 １勝クラス       (混) 牝(特指) 馬齢 12頭 本賞金:1070,430,270,160,107万円",12,1070.0,1,7,9,ルージュラナキラ,牝,2,55.0,岩田康,81.9,,7,13.6,35.1,12-11,美浦 加藤征,466,0,
202407040309,2024-12-07,中京,9,つわぶき賞,芝,1400,左,曇,良,"4回 中京 3日目 サラ系２歳 １勝クラス       (混) 牝(特指) 馬齢 12頭 本賞金:1070,430,270,160,107万円",12,1070.0,2,4,4,ナムラクララ,牝,2,55.0,西村淳,81.9,クビ,2,3.8,35.6,3-3,栗東 長谷川,472,-6,
202407040309,2024-12-07,中京,9,つわぶき賞,芝,1400,左,曇,良,"4回 中京 3日目 サラ系２歳 １勝クラス       (混) 牝(特指) 馬齢 12頭 本賞金:1070,430,270,160,107万円",12,1070.0,3,2,2,ピコローズ,牝,2,55.0,田辺,82.1,1.1/4,5,11.9,35.7,8-6,美浦 伊藤大,434,0,
202407040309,2024-12-07,中京,9,つわぶき賞,芝,1400,左,曇,良,"4回 中京 3日目 サラ系２歳 １勝クラス       (混) 牝(特指) 馬齢 12頭 本賞金:1070,430,270,160,107万円",12,1070.0,4,1,1,テレサ,牝,2,55.0,松山,82.1,アタマ,1,2.9,35.9,3-3,栗東 吉岡,424,-4,
202407040309,2024-12-07,中京,9,つわぶき賞,芝,1400,左,曇,良,"4回 中京 3日目 サラ系２歳 １勝クラス       (混) 牝(特指) 馬齢 12頭 本賞金:1070,430,270,160,107万円",12,1070.0,5,8,12,ウィルサヴァイブ,牝,2,55.0,団野,82.2,1/2,8,16.8,35.6,8-10,栗東 須貝,430,-6,
202407040309,2024-12-07,中京,9,つわぶき賞,芝,1400,左,曇,良,"4回 中京 3日目 サラ系２歳 １勝クラス       (混) 牝(特指) 馬齢 12頭 本賞金:1070,430,270,160,107万円",12,1070.0,6,8,11,キョウエイボニータ,牝,2,55.0,酒井学,82.4,1.1/4,9,17.4,36.0,8-6,美浦 伊藤伸,444,-2,
202407040309,2024-12-07,中京,9,つわぶき賞,芝,1400,左,曇,良,"4回 中京 3日目 サラ系２歳 １勝クラス       (混) 牝(特指) 馬齢 12頭 本賞金:1070,430,270,160,107万円",12,1070.0,7,3,3,ウォーターガーベラ,牝,2,55.0,西塚,82.6,1.1/4,3,7.8,35.9,8-11,栗東 河内,446,0,
202407040309,2024-12-07,中京,9,つわぶき賞,芝,1400,左,曇,良,"4回 中京 3日目 サラ系２歳 １勝クラス       (混) 牝(特指) 馬齢 12頭 本賞金:1070,430,270,160,107万円",12,1070.0,8,5,5,イリフィ,牝,2,55.0,鮫島駿,82.9,2,4,10.4,36.4,6-6,栗東 高野,418,-6,
202407040309,2024-12-07,中京,9,つわぶき賞,芝,1400,左,曇,良,"4回 中京 3日目 サラ系２歳 １勝クラス       (混) 牝(特指) 馬齢 12頭 本賞金:1070,430,270,160,107万円",12,1070.0,9,6,7,アスタールフナ,牝,2,55.0,柴田裕,83.3,2.1/2,11,42.9,37.4,1-1,栗東 中竹,440,0,
202407040309,2024-12-07,中京,9,つわぶき賞,芝,1400,左,曇,良,"4回 中京 3日目 サラ系２歳 １勝クラス       (混) 牝(特指) 馬齢 12頭 本賞金:1070,430,270,160,107万円",12,1070.0,10,5,6,クロユキ,牝,2,55.0,高杉,83.5,1.1/4,6,12.4,37.1,6-6,栗東 松永幹,422,-10,
202407040309,2024-12-07,中京,9,つわぶき賞,芝,1400,左,曇,良,"4回 中京 3日目 サラ系２歳 １勝クラス       (混) 牝(特指) 馬齢 12頭 本賞金:1070,430,270,160,107万円",12,1070.0,11,7,10,ラヴェンデル,牝,2,55.0,岩田望,83.8,1.3/4,10,37.8,37.8,2-2,栗東 吉村,424,2,
202407040309,2024-12-07,中京,9,つわぶき賞,芝,1400,左,曇,良,"4回 中京 3日目 サラ系２歳 １勝クラス       (混) 牝(特指) 馬齢 12頭 本賞金:1070,430,270,160,107万円",12,1070.0,12,6,8,サンナイアガラ,牝,2,55.0,松本,83.9,1/2,12,43.4,37.7,3-3,栗東 宮本,480,-8,
202407040310,2024-12-07,中京,10,鳴海特別,ダ,1800,左,曇,良,"4回 中京 3日目 サラ系３歳以上 ２勝クラス       (混)[指] 定量 16頭 本賞金:1550,620,390,230,155万円",16,1550.0,1,3,5,スナークラファエロ,セ,3,57.0,西村淳,112.0,,2,2.9,36.9,1-1-1-1,栗東 野中,486,12,
202407040310,2024-12-07,中京,10,鳴海特別,ダ,1800,左,曇,良,"4回 中京 3日目 サラ系３歳以上 ２勝クラス       (混)[指] 定量 16頭 本賞金:1550,620,390,230,155万円",16,1550.0,2,7,13,アルファヒディ,セ,5,58.0,亀田,112.3,1.3/4,3,6.3,36.7,5-5-5-6,栗東 石坂,476,-4,
202407040310,2024-12-07,中京,10,鳴海特別,ダ,1800,左,曇,良,"4回 中京 3日目 サラ系３歳以上 ２勝クラス       (混)[指] 定量 16頭 本賞金:1550,620,390,230,155万円",16,1550.0,3,1,1,シャパリュ,セ,3,57.0,吉田隼,112.5,1.1/4,4,8.2,36.7,7-7-7-6,美浦 菊沢,520,0,
202407040310,2024-12-07,中京,10,鳴海特別,ダ,1800,左,曇,良,"4回 中京 3日目 サラ系３歳以上 ２勝クラス       (混)[指] 定量 16頭 本賞金:1550,620,390,230,155万円",16,1550.0,4,6,11,メイショウジェンマ,牡,4,58.0,小沢,112.9,2.1/2,5,17.8,36.7,11-11-13-11,栗東 飯田,460,4,
202407040310,2024-12-07,中京,10,鳴海特別,ダ,1800,左,曇,良,"4回 中京 3日目 サラ系３歳以上 ２勝クラス       (混)[指] 定量 16頭 本賞金:1550,620,390,230,155万円",16,1550.0,5,2,4,コスモオピニオン,牡,4,58.0,丹内,113.0,1/2,7,23.5,37.5,5-5-5-5,美浦 黒岩,506,0,
202407040310,2024-12-07,中京,10,鳴海特別,ダ,1800,左,曇,良,"4回 中京 3日目 サラ系３歳以上 ２勝クラス       (混)[指] 定量 16頭 本賞金:1550,620,390,230,155万円",16,1550.0,6,5,9,プレイサーゴールド,牡,4,58.0,鮫島駿,113.0,クビ,6,22.9,36.9,12-11-10-8,栗東 今野,504,2,
202407040310,2024-12-07,中京,10,鳴海特別,ダ,1800,左,曇,良,"4回 中京 3日目 サラ系３歳以上 ２勝クラス       (混)[指] 定量 16頭 本賞金:1550,620,390,230,155万円",16,1550.0,7,8,16,クロドラバール,セ,3,57.0,高倉,113.1,1/2,13,103.1,37.9,2-2-2-2,栗東 杉山晴,520,4,
202407040310,2024-12-07,中京,10,鳴海特別,ダ,1800,左,曇,良,"4回 中京 3日目 サラ系３歳以上 ２勝クラス       (混)[指] 定量 16頭 本賞金:1550,620,390,230,155万円",16,1550.0,8,6,12,ショウサンキズナ,牡,5,58.0,松本,113.1,クビ,15,192.6,36.4,15-15-16-15,栗東 松下,528,6,
202407040310,2024-12-07,中京,10,鳴海特別,ダ,1800,左,曇,良,"4回 中京 3日目 サラ系３歳以上 ２勝クラス       (混)[指] 定量 16頭 本賞金:1550,620,390,230,155万円",16,1550.0,9,4,8,アルベリック,牡,3,57.0,柴田裕,113.2,クビ,8,33.8,37.3,7-7-8-8,栗東 中竹,464,-6,
202407040310,2024-12-07,中京,10,鳴海特別,ダ,1800,左,曇,良,"4回 中京 3日目 サラ系３歳以上 ２勝クラス       (混)[指] 定量 16頭 本賞金:1550,620,390,230,155万円",16,1550.0,10,7,14,ヘヴンリーハンド,セ,3,57.0,黛,113.2,クビ,11,90.7,36.8,16-15-14-11,美浦 武井,504,0,
202407040310,2024-12-07,中京,10,鳴海特別,ダ,1800,左,曇,良,"4回 中京 3日目 サラ系３歳以上 ２勝クラス       (混)[指] 定量 16頭 本賞金:1550,620,390,230,155万円",16,1550.0,11,8,15,レッドリベルタ,牡,3,57.0,松山,113.4,1.1/4,1,2.8,37.3,7-7-10-10,栗東 庄野,450,-2,
202407040310,2024-12-07,中京,10,鳴海特別,ダ,1800,左,曇,良,"4回 中京 3日目 サラ系３歳以上 ２勝クラス       (混)[指] 定量 16頭 本賞金:1550,620,390,230,155万円",16,1550.0,12,2,3,タイセイミッション,牡,3,57.0,酒井,113.9,2.1/2,12,96.2,38.5,3-4-3-3,美浦 伊藤圭,524,10,
202407040310,2024-12-07,中京,10,鳴海特別,ダ,1800,左,曇,良,"4回 中京 3日目 サラ系３歳以上 ２勝クラス       (混)[指] 定量 16頭 本賞金:1550,620,390,230,155万円",16,1550.0,13,4,7,ラミアストラーダ,牡,4,58.0,高杉,114.6,4,9,34.9,38.7,10-10-8-11,栗東 田中克,484,8,
202407040310,2024-12-07,中京,10,鳴海特別,ダ,1800,左,曇,良,"4回 中京 3日目 サラ系３歳以上 ２勝クラス       (混)[指] 定量 16頭 本賞金:1550,620,390,230,155万円",16,1550.0,14,1,2,メイショウフウドウ,牡,3,57.0,西塚,114.7,3/4,10,36.1,39.3,3-2-3-3,栗東 藤原,488,0,
202407040310,2024-12-07,中京,10,鳴海特別,ダ,1800,左,曇,良,"4回 中京 3日目 サラ系３歳以上 ２勝クラス       (混)[指] 定量 16頭 本賞金:1550,620,390,230,155万円",16,1550.0,15,3,6,スタボーンイメル,牡,4,58.0,小崎,114.9,1,16,280.8,38.5,13-13-14-16,栗東 高橋忠,512,6,
202407040310,2024-12-07,中京,10,鳴海特別,ダ,1800,左,曇,良,"4回 中京 3日目 サラ系３歳以上 ２勝クラス       (混)[指] 定量 16頭 本賞金:1550,620,390,230,155万円",16,1550.0,16,5,10,バンブーグローブ,牡,4,58.0,Ｍデム,115.1,1.1/2,14,140.3,39.0,13-14-10-14,美浦 斎藤誠,514,12,
202407040311,2024-12-07,中京,11,中日新聞杯,芝,2000,左,曇,良,"4回 中京 3日目 サラ系３歳以上 オープン       (国際)(特指) ハンデ 18頭 本賞金:4300,1700,1100,650,430万円",18,4300.0,1,4,8,デシエルト,牡,5,58.0,岩田康,118.4,,3,5.2,35.6,1-1-1-1,栗東 安田,532,4,
202407040311,2024-12-07,中京,11,中日新聞杯,芝,2000,左,曇,良,"4回 中京 3日目 サラ系３歳以上 オープン       (国際)(特指) ハンデ 18頭 本賞金:4300,1700,1100,650,430万円",18,4300.0,2,5,10,ロードデルレイ,牡,4,57.5,西村淳,118.8,2,1,3.7,35.1,9-11-7-7,栗東 中内田,486,0,
202407040311,2024-12-07,中京,11,中日新聞杯,芝,2000,左,曇,良,"4回 中京 3日目 サラ系３歳以上 オープン       (国際)(特指) ハンデ 18頭 本賞金:4300,1700,1100,650,430万円",18,4300.0,3,1,2,マテンロウレオ,牡,5,58.5,横山典,118.8,アタマ,6,14.2,35.0,9-8-10-9,栗東 昆,482,4,
202407040311,2024-12-07,中京,11,中日新聞杯,芝,2000,左,曇,良,"4回 中京 3日目 サラ系３歳以上 オープン       (国際)(特指) ハンデ 18頭 本賞金:4300,1700,1100,650,430万円",18,4300.0,4,3,5,トーセンリョウ,牡,5,55.0,団野,118.8,アタマ,5,12.8,34.8,12-11-11-12,美浦 加藤征,462,2,
202407040311,2024-12-07,中京,11,中日新聞杯,芝,2000,左,曇,良,"4回 中京 3日目 サラ系３歳以上 オープン       (国際)(特指) ハンデ 18頭 本賞金:4300,1700,1100,650,430万円",18,4300.0,5,2,3,キングズパレス,牡,5,57.5,Ｍ．デ,118.9,1/2,4,6.5,34.3,17-17-17-17,美浦 戸田,502,2,
202407040311,2024-12-07,中京,11,中日新聞杯,芝,2000,左,曇,良,"4回 中京 3日目 サラ系３歳以上 オープン       (国際)(特指) ハンデ 18頭 本賞金:4300,1700,1100,650,430万円",18,4300.0,6,5,9,コスモキュランダ,牡,3,58.0,横山武,119.1,1.1/4,2,4.5,35.6,14-13-5-5,美浦 加藤士,504,-8,
202407040311,2024-12-07,中京,11,中日新聞杯,芝,2000,左,曇,良,"4回 中京 3日目 サラ系３歳以上 オープン       (国際)(特指) ハンデ 18頭 本賞金:4300,1700,1100,650,430万円",18,4300.0,7,8,16,クルゼイロドスル,牡,4,57.0,Ｈドイ,119.4,1.1/2,13,54.8,35.4,8-8-11-12,栗東 高橋忠,500,12,
202407040311,2024-12-07,中京,11,中日新聞杯,芝,2000,左,曇,良,"4回 中京 3日目 サラ系３歳以上 オープン       (国際)(特指) ハンデ 18頭 本賞金:4300,1700,1100,650,430万円",18,4300.0,8,7,15,ジェイパームス,セ,4,56.0,鮫島駿,119.5,クビ,8,23.6,35.8,5-5-7-7,美浦 堀,502,-6,
202407040311,2024-12-07,中京,11,中日新聞杯,芝,2000,左,曇,良,"4回 中京 3日目 サラ系３歳以上 オープン       (国際)(特指) ハンデ 18頭 本賞金:4300,1700,1100,650,430万円",18,4300.0,9,6,12,エヒト,牡,7,59.0,浜中,119.7,1.1/4,9,28.7,36.7,2-2-2-2,栗東 森秀,,,
202407040311,2024-12-07,中京,11,中日新聞杯,芝,2000,左,曇,良,"4回 中京 3日目 サラ系３歳以上 オープン       (国際)(特指) ハンデ 18頭 本賞金:4300,1700,1100,650,430万円",18,4300.0,10,7,14,ドクタードリトル,牡,4,56.0,松山,119.7,クビ,7,18.8,35.7,9-8-11-12,栗東 今野,462,2,
202407040311,2024-12-07,中京,11,中日新聞杯,芝,2000,左,曇,良,"4回 中京 3日目 サラ系３歳以上 オープン       (国際)(特指) ハンデ 18頭 本賞金:4300,1700,1100,650,430万円",18,4300.0,11,8,17,マコトヴェリーキー,牡,4,55.0,岩田望,119.8,1,10,33.9,36.0,12-13-11-9,栗東 上村,480,-4,
202407040311,2024-12-07,中京,11,中日新聞杯,芝,2000,左,曇,良,"4回 中京 3日目 サラ系３歳以上 オープン       (国際)(特指) ハンデ 18頭 本賞金:4300,1700,1100,650,430万円",18,4300.0,12,7,13,フライライクバード,セ,7,57.0,小崎,119.8,ハナ,11,38.4,36.6,3-3-3-3,栗東 福永,458,2,
202407040311,2024-12-07,中京,11,中日新聞杯,芝,2000,左,曇,良,"4回 中京 3日目 サラ系３歳以上 オープン       (国際)(特指) ハンデ 18頭 本賞金:4300,1700,1100,650,430万円",18,4300.0,13,6,11,マイネルメモリー,牡,4,55.0,丹内,119.8,ハナ,12,48.0,35.4,15-16-16-16,栗東 宮,468,2,
202407040311,2024-12-07,中京,11,中日新聞杯,芝,2000,左,曇,良,"4回 中京 3日目 サラ系３歳以上 オープン       (国際)(特指) ハンデ 18頭 本賞金:4300,1700,1100,650,430万円",18,4300.0,14,3,6,エリカヴァレリア,牝,6,53.0,池添,120.1,1.1/2,16,102.7,36.2,5-5-7-9,美浦 久保田,476,4,
202407040311,2024-12-07,中京,11,中日新聞杯,芝,2000,左,曇,良,"4回 中京 3日目 サラ系３歳以上 オープン       (国際)(特指) ハンデ 18頭 本賞金:4300,1700,1100,650,430万円",18,4300.0,15,1,1,ベリーヴィーナス,牝,5,53.0,藤懸,120.4,2,15,84.8,36.9,5-5-5-5,栗東 鈴木孝,510,14,
202407040311,2024-12-07,中京,11,中日新聞杯,芝,2000,左,曇,良,"4回 中京 3日目 サラ系３歳以上 オープン       (国際)(特指) ハンデ 18頭 本賞金:4300,1700,1100,650,430万円",18,4300.0,16,8,18,アドマイヤハレー,牡,6,55.0,田辺,120.5,クビ,14,77.4,36.4,15-15-15-15,美浦 宮田,466,-2,
202407040311,2024-12-07,中京,11,中日新聞杯,芝,2000,左,曇,良,"4回 中京 3日目 サラ系３歳以上 オープン       (国際)(特指) ハンデ 18頭 本賞金:4300,1700,1100,650,430万円",18,4300.0,17,4,7,タマモブラックタイ,牡,4,55.0,角田和,121.1,3.1/2,17,207.7,37.9,3-3-3-3,栗東 角田,522,4,
202407040311,2024-12-07,中京,11,中日新聞杯,芝,2000,左,曇,良,"4回 中京 3日目 サラ系３歳以上 オープン       (国際)(特指) ハンデ 18頭 本賞金:4300,1700,1100,650,430万円",18,4300.0,18,2,4,アスクワイルドモア,牡,5,54.0,西塚,121.6,3,18,249.3,36.0,18-18-18-18,栗東 藤原,486,10,
202407040312,2024-12-07,中京,12,3歳以上1勝クラス,芝,1200,左,曇,良,"4回 中京 3日目 サラ系３歳以上 １勝クラス       (混)[指] 定量 18頭 本賞金:800,320,200,120,80万円",18,800.0,1,2,4,アイルドリアン,牝,3,55.0,Ｈドイ,69.8,,2,5.5,34.0,1-1,栗東 音無,492,-8,
202407040312,2024-12-07,中京,12,3歳以上1勝クラス,芝,1200,左,曇,良,"4回 中京 3日目 サラ系３歳以上 １勝クラス       (混)[指] 定量 18頭 本賞金:800,320,200,120,80万円",18,800.0,2,5,10,シルバーダイヤ,牝,4,54.0,△高杉,70.0,1.1/2,8,19.2,34.0,2-2,美浦 小野,466,2,
202407040312,2024-12-07,中京,12,3歳以上1勝クラス,芝,1200,左,曇,良,"4回 中京 3日目 サラ系３歳以上 １勝クラス       (混)[指] 定量 18頭 本賞金:800,320,200,120,80万円",18,800.0,3,4,8,ガットネロ,牝,4,56.0,岩田望,70.2,1.1/4,1,3.0,34.0,5-5,栗東 上村,488,-2,
202407040312,2024-12-07,中京,12,3歳以上1勝クラス,芝,1200,左,曇,良,"4回 中京 3日目 サラ系３歳以上 １勝クラス       (混)[指] 定量 18頭 本賞金:800,320,200,120,80万円",18,800.0,4,3,5,ソレントフレイバー,牡,5,58.0,亀田,70.4,1,4,8.3,34.0,8-7,美浦 久保田,492,-2,
202407040312,2024-12-07,中京,12,3歳以上1勝クラス,芝,1200,左,曇,良,"4回 中京 3日目 サラ系３歳以上 １勝クラス       (混)[指] 定量 18頭 本賞金:800,320,200,120,80万円",18,800.0,5,7,15,スピニングマーリン,牝,4,56.0,丹内,70.5,1/2,17,355.6,34.5,2-2,美浦 西田,486,0,
202407040312,2024-12-07,中京,12,3歳以上1勝クラス,芝,1200,左,曇,良,"4回 中京 3日目 サラ系３歳以上 １勝クラス       (混)[指] 定量 18頭 本賞金:800,320,200,120,80万円",18,800.0,6,6,11,フライングブレード,牡,4,58.0,浜中,70.5,クビ,3,6.3,33.9,12-11,栗東 飯田,490,-2,
202407040312,2024-12-07,中京,12,3歳以上1勝クラス,芝,1200,左,曇,良,"4回 中京 3日目 サラ系３歳以上 １勝クラス       (混)[指] 定量 18頭 本賞金:800,320,200,120,80万円",18,800.0,7,6,12,クレセントウイング,セ,4,57.0,☆西塚,70.5,アタマ,9,28.1,33.5,16-15,美浦 高橋文,458,-2,
202407040312,2024-12-07,中京,12,3歳以上1勝クラス,芝,1200,左,曇,良,"4回 中京 3日目 サラ系３歳以上 １勝クラス       (混)[指] 定量 18頭 本賞金:800,320,200,120,80万円",18,800.0,8,5,9,セリオーソ,牝,4,55.0,☆小沢,70.6,クビ,16,223.5,34.2,8-7,美浦 高柳瑞,440,-12,
202407040312,2024-12-07,中京,12,3歳以上1勝クラス,芝,1200,左,曇,良,"4回 中京 3日目 サラ系３歳以上 １勝クラス       (混)[指] 定量 18頭 本賞金:800,320,200,120,80万円",18,800.0,9,1,1,オベイユアマスター,牡,3,57.0,古川吉,70.7,1,7,17.4,34.3,8-7,栗東 昆,456,-2,
202407040312,2024-12-07,中京,12,3歳以上1勝クラス,芝,1200,左,曇,良,"4回 中京 3日目 サラ系３歳以上 １勝クラス       (混)[指] 定量 18頭 本賞金:800,320,200,120,80万円",18,800.0,10,7,13,スプリングデイ,牝,3,55.0,黛,70.8,1/2,13,43.3,34.1,11-11,美浦 伊藤大,428,2,
202407040312,2024-12-07,中京,12,3歳以上1勝クラス,芝,1200,左,曇,良,"4回 中京 3日目 サラ系３歳以上 １勝クラス       (混)[指] 定量 18頭 本賞金:800,320,200,120,80万円",18,800.0,11,3,6,ノースディーバ,牡,4,58.0,鮫島駿,70.9,1/2,5,8.8,34.6,5-5,栗東 鮫島,540,4,
202407040312,2024-12-07,中京,12,3歳以上1勝クラス,芝,1200,左,曇,良,"4回 中京 3日目 サラ系３歳以上 １勝クラス       (混)[指] 定量 18頭 本賞金:800,320,200,120,80万円",18,800.0,12,7,14,ベルタソ,牝,4,56.0,藤懸,71.0,3/4,15,61.5,33.8,18-17,栗東 小崎,458,16,
202407040312,2024-12-07,中京,12,3歳以上1勝クラス,芝,1200,左,曇,良,"4回 中京 3日目 サラ系３歳以上 １勝クラス       (混)[指] 定量 18頭 本賞金:800,320,200,120,80万円",18,800.0,13,1,2,ニシノトキメキ,牝,4,56.0,高倉,71.0,ハナ,11,41.8,34.9,4-4,栗東 北出,480,6,
202407040312,2024-12-07,中京,12,3歳以上1勝クラス,芝,1200,左,曇,良,"4回 中京 3日目 サラ系３歳以上 １勝クラス       (混)[指] 定量 18頭 本賞金:800,320,200,120,80万円",18,800.0,14,2,3,セレッソフレイム,牝,6,56.0,和田翼,71.1,1/2,18,476.8,34.5,12-11,栗東 小椋,458,13,
202407040312,2024-12-07,中京,12,3歳以上1勝クラス,芝,1200,左,曇,良,"4回 中京 3日目 サラ系３歳以上 １勝クラス       (混)[指] 定量 18頭 本賞金:800,320,200,120,80万円",18,800.0,15,8,16,ラブカムーン,牝,3,51.0,★河原田,71.1,ハナ,10,35.3,34.7,5-7,栗東 千田,462,-2,
202407040312,2024-12-07,中京,12,3歳以上1勝クラス,芝,1200,左,曇,良,"4回 中京 3日目 サラ系３歳以上 １勝クラス       (混)[指] 定量 18頭 本賞金:800,320,200,120,80万円",18,800.0,16,4,7,ダイヤモンドフジ,牡,5,58.0,国分恭,71.3,1.1/4,6,16.4,34.6,12-11,栗東 宮本,462,4,
202407040312,2024-12-07,中京,12,3歳以上1勝クラス,芝,1200,左,曇,良,"4回 中京 3日目 サラ系３歳以上 １勝クラス       (混)[指] 定量 18頭 本賞金:800,320,200,120,80万円",18,800.0,17,8,17,モンレーヴ,牝,3,55.0,Ｍデム,71.5,1.1/2,14,51.2,34.6,15-15,美浦 金成,476,12,
202407040312,2024-12-07,中京,12,3歳以上1勝クラス,芝,1200,左,曇,良,"4回 中京 3日目 サラ系３歳以上 １勝クラス       (混)[指] 定量 18頭 本賞金:800,320,200,120,80万円",18,800.0,18,8,18,ギヴイットアゴー,牝,3,55.0,横山典,71.8,1.1/2,12,42.4,34.7,16-17,栗東 昆,484,32,
202408070301,2024-12-07,京都,1,2歳未勝利,ダ,1400,右,晴,良,"7回 京都 3日目 サラ系２歳 未勝利       牝[指] 馬齢 13頭 本賞金:550,220,140,83,55万円",13,550.0,1,1,1,ヒミノエトワール,牝,2,55.0,ルメー,88.3,,1,1.5,38.0,6-7,栗東 宮地,442,-6,
202408070301,2024-12-07,京都,1,2歳未勝利,ダ,1400,右,晴,良,"7回 京都 3日目 サラ系２歳 未勝利       牝[指] 馬齢 13頭 本賞金:550,220,140,83,55万円",13,550.0,2,5,6,ナリタヒカリ,牝,2,55.0,幸,88.3,ハナ,4,14.9,38.3,3-3,栗東 荒川,432,-2,
202408070301,2024-12-07,京都,1,2歳未勝利,ダ,1400,右,晴,良,"7回 京都 3日目 サラ系２歳 未勝利       牝[指] 馬齢 13頭 本賞金:550,220,140,83,55万円",13,550.0,3,8,12,ボヌールキャッツ,牝,2,55.0,北村友,88.9,3.1/2,6,33.8,38.7,5-5,栗東 浜田,434,-2,
202408070301,2024-12-07,京都,1,2歳未勝利,ダ,1400,右,晴,良,"7回 京都 3日目 サラ系２歳 未勝利       牝[指] 馬齢 13頭 本賞金:550,220,140,83,55万円",13,550.0,4,6,9,アイドルアイズ,牝,2,55.0,坂井,89.1,1.1/4,5,24.5,39.2,2-2,栗東 新谷,426,-10,
202408070301,2024-12-07,京都,1,2歳未勝利,ダ,1400,右,晴,良,"7回 京都 3日目 サラ系２歳 未勝利       牝[指] 馬齢 13頭 本賞金:550,220,140,83,55万円",13,550.0,5,7,10,モメン,牝,2,55.0,Ｃデム,89.3,1.1/4,3,6.2,39.0,6-5,栗東 高橋亮,448,0,
202408070301,2024-12-07,京都,1,2歳未勝利,ダ,1400,右,晴,良,"7回 京都 3日目 サラ系２歳 未勝利       牝[指] 馬齢 13頭 本賞金:550,220,140,83,55万円",13,550.0,6,7,11,ベルシエル,牝,2,54.0,☆田口,89.3,ハナ,11,201.1,39.3,3-4,栗東 高橋忠,428,2,
202408070301,2024-12-07,京都,1,2歳未勝利,ダ,1400,右,晴,良,"7回 京都 3日目 サラ系２歳 未勝利       牝[指] 馬齢 13頭 本賞金:550,220,140,83,55万円",13,550.0,7,4,5,ベレーザフィン,牝,2,53.0,△吉村,89.5,1.1/4,13,360.7,38.6,11-10,栗東 音無,412,-4,
202408070301,2024-12-07,京都,1,2歳未勝利,ダ,1400,右,晴,良,"7回 京都 3日目 サラ系２歳 未勝利       牝[指] 馬齢 13頭 本賞金:550,220,140,83,55万円",13,550.0,8,3,3,インピッシュ,牝,2,55.0,菱田,89.6,クビ,8,42.1,38.3,13-13,栗東 小林,476,4,
202408070301,2024-12-07,京都,1,2歳未勝利,ダ,1400,右,晴,良,"7回 京都 3日目 サラ系２歳 未勝利       牝[指] 馬齢 13頭 本賞金:550,220,140,83,55万円",13,550.0,9,5,7,サラダ,牝,2,55.0,藤岡佑,89.6,アタマ,10,112.2,38.6,11-12,栗東 武英,444,-4,
202408070301,2024-12-07,京都,1,2歳未勝利,ダ,1400,右,晴,良,"7回 京都 3日目 サラ系２歳 未勝利       牝[指] 馬齢 13頭 本賞金:550,220,140,83,55万円",13,550.0,10,2,2,ドクターサクラ,牝,2,55.0,鮫島良,89.7,クビ,12,314.4,39.0,9-8,栗東 河嶋,438,2,
202408070301,2024-12-07,京都,1,2歳未勝利,ダ,1400,右,晴,良,"7回 京都 3日目 サラ系２歳 未勝利       牝[指] 馬齢 13頭 本賞金:550,220,140,83,55万円",13,550.0,11,8,13,ルジャーダ,牝,2,55.0,三浦,90.4,4,2,4.0,40.7,1-1,栗東 河内,490,8,
202408070301,2024-12-07,京都,1,2歳未勝利,ダ,1400,右,晴,良,"7回 京都 3日目 サラ系２歳 未勝利       牝[指] 馬齢 13頭 本賞金:550,220,140,83,55万円",13,550.0,12,6,8,ウィッシュソング,牝,2,55.0,田中健,90.6,1.1/2,9,70.7,39.8,9-11,栗東 中村,494,-10,
202408070301,2024-12-07,京都,1,2歳未勝利,ダ,1400,右,晴,良,"7回 京都 3日目 サラ系２歳 未勝利       牝[指] 馬齢 13頭 本賞金:550,220,140,83,55万円",13,550.0,13,4,4,マーゴットジェム,牝,2,55.0,長岡,91.2,3.1/2,7,37.7,40.6,8-8,栗東 今野,464,26,
202408070302,2024-12-07,京都,2,2歳未勝利,ダ,1800,右,晴,良,"7回 京都 3日目 サラ系２歳 未勝利       [指] 馬齢 7頭 本賞金:550,220,140,83,55万円",7,550.0,1,7,7,カナルビーグル,牡,2,56.0,Ｃデム,113.9,,2,3.4,36.1,3-3-3-2,栗東 音無,490,0,
202408070302,2024-12-07,京都,2,2歳未勝利,ダ,1800,右,晴,良,"7回 京都 3日目 サラ系２歳 未勝利       [指] 馬齢 7頭 本賞金:550,220,140,83,55万円",7,550.0,2,1,1,ポッドフォルク,牡,2,56.0,中井,115.2,8,1,1.7,37.7,1-1-1-2,栗東 西園正,488,2,
202408070302,2024-12-07,京都,2,2歳未勝利,ダ,1800,右,晴,良,"7回 京都 3日目 サラ系２歳 未勝利       [指] 馬齢 7頭 本賞金:550,220,140,83,55万円",7,550.0,3,4,4,スーパージョック,牡,2,56.0,坂井,115.2,クビ,3,3.9,37.6,2-2-2-1,栗東 佐々木,482,0,
202408070302,2024-12-07,京都,2,2歳未勝利,ダ,1800,右,晴,良,"7回 京都 3日目 サラ系２歳 未勝利       [指] 馬齢 7頭 本賞金:550,220,140,83,55万円",7,550.0,4,3,3,キンセンオー,牡,2,56.0,幸,117.0,大,5,53.8,39.2,5-5-3-4,栗東 中尾,474,4,
202408070302,2024-12-07,京都,2,2歳未勝利,ダ,1800,右,晴,良,"7回 京都 3日目 サラ系２歳 未勝利       [指] 馬齢 7頭 本賞金:550,220,140,83,55万円",7,550.0,5,5,5,キタノロジック,牡,2,56.0,菱田,117.5,3,6,68.0,39.4,6-6-5-6,栗東 畑端,492,2,
202408070302,2024-12-07,京都,2,2歳未勝利,ダ,1800,右,晴,良,"7回 京都 3日目 サラ系２歳 未勝利       [指] 馬齢 7頭 本賞金:550,220,140,83,55万円",7,550.0,6,2,2,セイフウサツキ,牡,2,56.0,武豊,117.9,2.1/2,4,10.3,39.8,4-4-5-4,栗東 松永幹,448,0,
202408070302,2024-12-07,京都,2,2歳未勝利,ダ,1800,右,晴,良,"7回 京都 3日目 サラ系２歳 未勝利       [指] 馬齢 7頭 本賞金:550,220,140,83,55万円",7,550.0,7,6,6,ベンガルバローズ,牡,2,55.0,☆田口,120.1,大,7,142.6,41.4,7-7-7-7,栗東 松下,468,4,
202408070303,2024-12-07,京都,3,2歳未勝利,ダ,1200,右,晴,良,"7回 京都 3日目 サラ系２歳 未勝利       [指] 馬齢 14頭 本賞金:550,220,140,83,55万円",14,550.0,1,4,6,ピーチマカロン,牝,2,55.0,水口,74.5,,11,337.7,37.5,9-8,栗東 大根田,472,-6,
202408070303,2024-12-07,京都,3,2歳未勝利,ダ,1200,右,晴,良,"7回 京都 3日目 サラ系２歳 未勝利       [指] 馬齢 14頭 本賞金:550,220,140,83,55万円",14,550.0,2,8,13,ドナポンド,牝,2,55.0,坂井,74.6,1/2,3,4.5,38.6,3-3,栗東 小林,490,2,
202408070303,2024-12-07,京都,3,2歳未勝利,ダ,1200,右,晴,良,"7回 京都 3日目 サラ系２歳 未勝利       [指] 馬齢 14頭 本賞金:550,220,140,83,55万円",14,550.0,3,7,11,メイショウヨンク,牡,2,56.0,太宰,74.7,クビ,9,116.4,36.9,12-12,栗東 藤沢,464,2,
202408070303,2024-12-07,京都,3,2歳未勝利,ダ,1200,右,晴,良,"7回 京都 3日目 サラ系２歳 未勝利       [指] 馬齢 14頭 本賞金:550,220,140,83,55万円",14,550.0,4,5,7,フクノフィアーノン,牝,2,55.0,武豊,74.7,ハナ,1,2.3,37.2,10-10,栗東 武英,412,-8,
202408070303,2024-12-07,京都,3,2歳未勝利,ダ,1200,右,晴,良,"7回 京都 3日目 サラ系２歳 未勝利       [指] 馬齢 14頭 本賞金:550,220,140,83,55万円",14,550.0,5,1,1,ワンダーブリング,牡,2,53.0,▲鷲頭,74.8,1/2,13,429.9,37.2,11-10,栗東 石橋,544,-10,
202408070303,2024-12-07,京都,3,2歳未勝利,ダ,1200,右,晴,良,"7回 京都 3日目 サラ系２歳 未勝利       [指] 馬齢 14頭 本賞金:550,220,140,83,55万円",14,550.0,6,3,3,ビーアイフォルテ,牝,2,55.0,川又,74.9,クビ,7,81.9,38.6,6-5,栗東 牧田,448,2,
202408070303,2024-12-07,京都,3,2歳未勝利,ダ,1200,右,晴,良,"7回 京都 3日目 サラ系２歳 未勝利       [指] 馬齢 14頭 本賞金:550,220,140,83,55万円",14,550.0,7,5,8,ロードヴァルカン,牡,2,56.0,田中健,74.9,クビ,2,3.2,38.3,7-7,栗東 中村,452,0,
202408070303,2024-12-07,京都,3,2歳未勝利,ダ,1200,右,晴,良,"7回 京都 3日目 サラ系２歳 未勝利       [指] 馬齢 14頭 本賞金:550,220,140,83,55万円",14,550.0,8,6,10,マルモリスパークル,牡,2,55.0,☆田口,75.0,アタマ,4,5.5,39.4,1-1,栗東 大橋,472,-4,
202408070303,2024-12-07,京都,3,2歳未勝利,ダ,1200,右,晴,良,"7回 京都 3日目 サラ系２歳 未勝利       [指] 馬齢 14頭 本賞金:550,220,140,83,55万円",14,550.0,9,3,4,モーリシャスアロマ,牝,2,53.0,△吉村,75.0,クビ,5,30.7,38.1,8-8,栗東 新谷,464,2,
202408070303,2024-12-07,京都,3,2歳未勝利,ダ,1200,右,晴,良,"7回 京都 3日目 サラ系２歳 未勝利       [指] 馬齢 14頭 本賞金:550,220,140,83,55万円",14,550.0,10,2,2,テーオーテバルディ,牝,2,55.0,幸,75.0,ハナ,8,82.5,39.0,4-4,栗東 藤野,458,10,
202408070303,2024-12-07,京都,3,2歳未勝利,ダ,1200,右,晴,良,"7回 京都 3日目 サラ系２歳 未勝利       [指] 馬齢 14頭 本賞金:550,220,140,83,55万円",14,550.0,11,8,14,ピースシャイニー,牡,2,56.0,川須,75.5,3,6,39.0,39.2,5-5,栗東 河嶋,480,14,
202408070303,2024-12-07,京都,3,2歳未勝利,ダ,1200,右,晴,良,"7回 京都 3日目 サラ系２歳 未勝利       [指] 馬齢 14頭 本賞金:550,220,140,83,55万円",14,550.0,12,4,5,フェリスチカ,牝,2,55.0,菱田,76.4,5,12,352.3,37.4,13-13,栗東 音無,408,6,
202408070303,2024-12-07,京都,3,2歳未勝利,ダ,1200,右,晴,良,"7回 京都 3日目 サラ系２歳 未勝利       [指] 馬齢 14頭 本賞金:550,220,140,83,55万円",14,550.0,13,7,12,コパノハーン,牡,2,56.0,秋山稔,76.8,2.1/2,10,144.9,41.1,2-2,栗東 村山,478,4,
202408070303,2024-12-07,京都,3,2歳未勝利,ダ,1200,右,晴,良,"7回 京都 3日目 サラ系２歳 未勝利       [指] 馬齢 14頭 本賞金:550,220,140,83,55万円",14,550.0,14,6,9,ダストボウル,牡,2,56.0,中井,79.0,大,14,821.8,39.3,14-14,栗東 安達,450,0,
202408070304,2024-12-07,京都,4,3歳以上障害OP,障,3170,,晴,良,"7回 京都 3日目 障害３歳以上 オープン       (混) 別定 11頭 本賞金:1350,540,340,200,135万円",11,1350.0,1,5,5,インプレス,牡,5,61.0,小牧加,215.4,,1,1.7,13.6,2-2-3-3,栗東 佐々木,526,-2,
202408070304,2024-12-07,京都,4,3歳以上障害OP,障,3170,,晴,良,"7回 京都 3日目 障害３歳以上 オープン       (混) 別定 11頭 本賞金:1350,540,340,200,135万円",11,1350.0,2,2,2,ナリノモンターニュ,牡,7,61.0,五十嵐,215.9,3.1/2,4,12.4,13.6,5-5-4-2,美浦 上原博,518,-2,
202408070304,2024-12-07,京都,4,3歳以上障害OP,障,3170,,晴,良,"7回 京都 3日目 障害３歳以上 オープン       (混) 別定 11頭 本賞金:1350,540,340,200,135万円",11,1350.0,3,8,11,アンクルブラック,牡,4,60.0,高田,215.9,アタマ,2,3.7,13.6,6-7-6-6,栗東 高橋亮,484,10,
202408070304,2024-12-07,京都,4,3歳以上障害OP,障,3170,,晴,良,"7回 京都 3日目 障害３歳以上 オープン       (混) 別定 11頭 本賞金:1350,540,340,200,135万円",11,1350.0,4,1,1,ゴールドブリーズ,牡,6,60.0,石神深,216.5,3.1/2,6,15.9,13.7,1-1-1-1,美浦 深山,514,-2,
202408070304,2024-12-07,京都,4,3歳以上障害OP,障,3170,,晴,良,"7回 京都 3日目 障害３歳以上 オープン       (混) 別定 11頭 本賞金:1350,540,340,200,135万円",11,1350.0,5,8,10,アスターディゴン,牡,5,61.0,黒岩,218.4,大,5,13.5,13.8,10-11-9-9,栗東 中竹,484,-6,
202408070304,2024-12-07,京都,4,3歳以上障害OP,障,3170,,晴,良,"7回 京都 3日目 障害３歳以上 オープン       (混) 別定 11頭 本賞金:1350,540,340,200,135万円",11,1350.0,6,6,6,トーセンオリジン,牡,7,60.0,上野,218.8,2.1/2,7,27.4,13.8,6-6-8-8,美浦 和田雄,448,-8,
202408070304,2024-12-07,京都,4,3歳以上障害OP,障,3170,,晴,良,"7回 京都 3日目 障害３歳以上 オープン       (混) 別定 11頭 本賞金:1350,540,340,200,135万円",11,1350.0,7,3,3,ブリエヴェール,牡,6,60.0,大江圭,218.9,1/2,10,130.5,13.8,9-8-6-5,美浦 小笠,452,6,
202408070304,2024-12-07,京都,4,3歳以上障害OP,障,3170,,晴,良,"7回 京都 3日目 障害３歳以上 オープン       (混) 別定 11頭 本賞金:1350,540,340,200,135万円",11,1350.0,8,7,8,ガイフウカイセイ,牡,5,60.0,草野,218.9,クビ,11,157.9,13.8,4-4-2-3,美浦 松山,534,2,
202408070304,2024-12-07,京都,4,3歳以上障害OP,障,3170,,晴,良,"7回 京都 3日目 障害３歳以上 オープン       (混) 別定 11頭 本賞金:1350,540,340,200,135万円",11,1350.0,9,4,4,スヴァルナ,セ,9,61.0,森一,219.1,1,3,8.4,13.8,2-2-5-7,栗東 池江,520,16,
202408070304,2024-12-07,京都,4,3歳以上障害OP,障,3170,,晴,良,"7回 京都 3日目 障害３歳以上 オープン       (混) 別定 11頭 本賞金:1350,540,340,200,135万円",11,1350.0,10,7,9,デシマルサーガ,牡,4,60.0,伴,220.1,6,8,41.4,13.9,10-10-9-9,美浦 粕谷,474,2,
202408070304,2024-12-07,京都,4,3歳以上障害OP,障,3170,,晴,良,"7回 京都 3日目 障害３歳以上 オープン       (混) 別定 11頭 本賞金:1350,540,340,200,135万円",11,1350.0,11,6,7,メルテミア,牡,6,60.0,小坂,223.0,大,9,81.3,14.1,8-8-11-11,栗東 小栗,492,14,
202408070305,2024-12-07,京都,5,2歳新馬,芝,1200,右,晴,良,"7回 京都 3日目 サラ系２歳 新馬       (混)[指] 馬齢 10頭 本賞金:720,290,180,110,72万円",10,720.0,1,7,8,ガンマジーティーピ,牡,2,56.0,武豊,69.7,,1,2.0,33.5,4-2,栗東 渡辺,454,0,
202408070305,2024-12-07,京都,5,2歳新馬,芝,1200,右,晴,良,"7回 京都 3日目 サラ系２歳 新馬       (混)[指] 馬齢 10頭 本賞金:720,290,180,110,72万円",10,720.0,2,8,9,ユキノエミリオ,牡,2,56.0,三浦,69.9,1.1/4,2,3.9,33.8,2-2,美浦 竹内,430,0,
202408070305,2024-12-07,京都,5,2歳新馬,芝,1200,右,晴,良,"7回 京都 3日目 サラ系２歳 新馬       (混)[指] 馬齢 10頭 本賞金:720,290,180,110,72万円",10,720.0,3,3,3,アジアンテーラー,牝,2,55.0,坂井,70.4,3,3,5.6,35.2,1-1,栗東 緒方,422,0,
202408070305,2024-12-07,京都,5,2歳新馬,芝,1200,右,晴,良,"7回 京都 3日目 サラ系２歳 新馬       (混)[指] 馬齢 10頭 本賞金:720,290,180,110,72万円",10,720.0,4,7,7,カネトシブレーブ,牡,2,56.0,川又,70.8,2.1/2,4,5.7,34.8,2-2,栗東 寺島,470,0,
202408070305,2024-12-07,京都,5,2歳新馬,芝,1200,右,晴,良,"7回 京都 3日目 サラ系２歳 新馬       (混)[指] 馬齢 10頭 本賞金:720,290,180,110,72万円",10,720.0,5,8,10,レジポッセ,牝,2,55.0,菱田,71.3,3,5,24.2,34.8,7-6,栗東 角田,430,0,
202408070305,2024-12-07,京都,5,2歳新馬,芝,1200,右,晴,良,"7回 京都 3日目 サラ系２歳 新馬       (混)[指] 馬齢 10頭 本賞金:720,290,180,110,72万円",10,720.0,6,4,4,レイリースピリット,牡,2,56.0,幸,71.4,1/2,7,30.5,34.9,7-8,栗東 浜田,418,0,
202408070305,2024-12-07,京都,5,2歳新馬,芝,1200,右,晴,良,"7回 京都 3日目 サラ系２歳 新馬       (混)[指] 馬齢 10頭 本賞金:720,290,180,110,72万円",10,720.0,7,6,6,クインズパフェ,牝,2,53.0,△吉村,72.5,7,6,27.3,35.3,9-9,栗東 藤野,442,0,
202408070305,2024-12-07,京都,5,2歳新馬,芝,1200,右,晴,良,"7回 京都 3日目 サラ系２歳 新馬       (混)[指] 馬齢 10頭 本賞金:720,290,180,110,72万円",10,720.0,8,2,2,ラベンサラ,牝,2,52.0,▲鷲頭,73.1,4,10,138.6,36.8,4-5,栗東 大根田,376,0,
202408070305,2024-12-07,京都,5,2歳新馬,芝,1200,右,晴,良,"7回 京都 3日目 サラ系２歳 新馬       (混)[指] 馬齢 10頭 本賞金:720,290,180,110,72万円",10,720.0,9,5,5,メイショウハント,牡,2,55.0,☆田口,74.2,7,9,65.4,37.9,4-6,栗東 石橋,436,0,
202408070305,2024-12-07,京都,5,2歳新馬,芝,1200,右,晴,良,"7回 京都 3日目 サラ系２歳 新馬       (混)[指] 馬齢 10頭 本賞金:720,290,180,110,72万円",10,720.0,10,1,1,ハイフォーエバー,牝,2,55.0,藤岡佑,87.6,大,8,48.9,44.3,10-10,美浦 村田,436,0,
202408070306,2024-12-07,京都,6,2歳新馬,ダ,1800,右,晴,良,"7回 京都 3日目 サラ系２歳 新馬       (混)[指] 馬齢 9頭 本賞金:720,290,180,110,72万円",9,720.0,1,8,9,グランドプラージュ,牡,2,56.0,川田,113.6,,1,1.7,37.0,1-2-1-1,栗東 杉山晴,524,0,
202408070306,2024-12-07,京都,6,2歳新馬,ダ,1800,右,晴,良,"7回 京都 3日目 サラ系２歳 新馬       (混)[指] 馬齢 9頭 本賞金:720,290,180,110,72万円",9,720.0,2,7,7,ロッシニアーナ,牡,2,56.0,ルメー,113.9,1.3/4,2,2.6,37.1,3-3-3-3,美浦 木村,526,0,
202408070306,2024-12-07,京都,6,2歳新馬,ダ,1800,右,晴,良,"7回 京都 3日目 サラ系２歳 新馬       (混)[指] 馬齢 9頭 本賞金:720,290,180,110,72万円",9,720.0,3,6,6,オーレアミスト,牡,2,56.0,武豊,115.9,大,3,7.2,39.0,4-4-3-4,栗東 友道,496,0,
202408070306,2024-12-07,京都,6,2歳新馬,ダ,1800,右,晴,良,"7回 京都 3日目 サラ系２歳 新馬       (混)[指] 馬齢 9頭 本賞金:720,290,180,110,72万円",9,720.0,4,5,5,メイショウアイナ,牡,2,56.0,菱田,116.4,2.1/2,5,25.0,39.0,9-9-6-6,栗東 河内,494,0,
202408070306,2024-12-07,京都,6,2歳新馬,ダ,1800,右,晴,良,"7回 京都 3日目 サラ系２歳 新馬       (混)[指] 馬齢 9頭 本賞金:720,290,180,110,72万円",9,720.0,5,1,1,サンディエゴ,牡,2,56.0,三浦,116.4,ハナ,4,14.4,38.6,7-8-8-7,栗東 清水久,496,0,
202408070306,2024-12-07,京都,6,2歳新馬,ダ,1800,右,晴,良,"7回 京都 3日目 サラ系２歳 新馬       (混)[指] 馬齢 9頭 本賞金:720,290,180,110,72万円",9,720.0,6,4,4,アニュスノーバス,牡,2,56.0,秋山稔,117.1,4,9,136.7,39.5,5-5-7-7,栗東 高橋忠,460,0,
202408070306,2024-12-07,京都,6,2歳新馬,ダ,1800,右,晴,良,"7回 京都 3日目 サラ系２歳 新馬       (混)[指] 馬齢 9頭 本賞金:720,290,180,110,72万円",9,720.0,7,2,2,メイショウゲキハ,牡,2,56.0,幸,117.2,3/4,6,34.6,40.6,2-1-2-2,栗東 藤原,526,0,
202408070306,2024-12-07,京都,6,2歳新馬,ダ,1800,右,晴,良,"7回 京都 3日目 サラ系２歳 新馬       (混)[指] 馬齢 9頭 本賞金:720,290,180,110,72万円",9,720.0,8,3,3,コパノディラン,牡,2,56.0,荻野琢,117.8,3.1/2,8,83.0,40.7,7-6-5-5,栗東 梅田,496,0,
202408070306,2024-12-07,京都,6,2歳新馬,ダ,1800,右,晴,良,"7回 京都 3日目 サラ系２歳 新馬       (混)[指] 馬齢 9頭 本賞金:720,290,180,110,72万円",9,720.0,9,8,8,アドバンスオーセン,牡,2,54.0,△吉村,120.5,大,7,66.9,42.4,6-6-9-9,栗東 森秀,428,0,
202408070307,2024-12-07,京都,7,2歳未勝利,芝,2000,右,晴,良,"7回 京都 3日目 サラ系２歳 未勝利       (混)[指] 馬齢 10頭 本賞金:550,220,140,83,55万円",10,550.0,1,7,8,ダノンシーマ,牡,2,56.0,川田,121.0,,1,1.9,34.5,3-3-2-2,栗東 中内田,486,6,
202408070307,2024-12-07,京都,7,2歳未勝利,芝,2000,右,晴,良,"7回 京都 3日目 サラ系２歳 未勝利       (混)[指] 馬齢 10頭 本賞金:550,220,140,83,55万円",10,550.0,2,2,2,メイショウヤシマ,牡,2,56.0,太宰,121.3,2,6,19.6,34.9,1-1-1-1,栗東 高橋亮,468,12,
202408070307,2024-12-07,京都,7,2歳未勝利,芝,2000,右,晴,良,"7回 京都 3日目 サラ系２歳 未勝利       (混)[指] 馬齢 10頭 本賞金:550,220,140,83,55万円",10,550.0,3,1,1,エンスエーニョ,牝,2,55.0,Ｃデム,121.5,1.1/2,3,5.3,34.8,4-3-4-4,栗東 斉藤崇,514,-2,
202408070307,2024-12-07,京都,7,2歳未勝利,芝,2000,右,晴,良,"7回 京都 3日目 サラ系２歳 未勝利       (混)[指] 馬齢 10頭 本賞金:550,220,140,83,55万円",10,550.0,4,3,3,オーシンエス,牡,2,56.0,坂井,121.8,1.1/2,7,51.2,35.0,4-5-5-4,栗東 宮,468,30,
202408070307,2024-12-07,京都,7,2歳未勝利,芝,2000,右,晴,良,"7回 京都 3日目 サラ系２歳 未勝利       (混)[指] 馬齢 10頭 本賞金:550,220,140,83,55万円",10,550.0,5,8,10,カミノレアル,牡,2,56.0,菱田,121.9,3/4,4,8.2,34.3,8-8-7-7,栗東 今野,512,0,
202408070307,2024-12-07,京都,7,2歳未勝利,芝,2000,右,晴,良,"7回 京都 3日目 サラ系２歳 未勝利       (混)[指] 馬齢 10頭 本賞金:550,220,140,83,55万円",10,550.0,6,5,5,コジオスコ,牡,2,56.0,ルメー,122.4,3,2,3.6,34.5,10-10-8-8,栗東 武幸,482,-12,
202408070307,2024-12-07,京都,7,2歳未勝利,芝,2000,右,晴,良,"7回 京都 3日目 サラ系２歳 未勝利       (混)[指] 馬齢 10頭 本賞金:550,220,140,83,55万円",10,550.0,7,8,9,ミンストレルソング,牝,2,53.0,△吉村,122.5,1/2,5,15.0,36.0,2-2-2-2,栗東 音無,452,4,
202408070307,2024-12-07,京都,7,2歳未勝利,芝,2000,右,晴,良,"7回 京都 3日目 サラ系２歳 未勝利       (混)[指] 馬齢 10頭 本賞金:550,220,140,83,55万円",10,550.0,8,6,6,ダイヤノエース,牡,2,56.0,幸,122.6,3/4,8,59.4,35.2,6-6-6-6,栗東 清水久,528,-8,
202408070307,2024-12-07,京都,7,2歳未勝利,芝,2000,右,晴,良,"7回 京都 3日目 サラ系２歳 未勝利       (混)[指] 馬齢 10頭 本賞金:550,220,140,83,55万円",10,550.0,9,4,4,マイネルルッチョラ,牡,2,55.0,☆田口,124.0,8,9,291.2,36.2,7-7-8-8,栗東 西園翔,450,4,
202408070307,2024-12-07,京都,7,2歳未勝利,芝,2000,右,晴,良,"7回 京都 3日目 サラ系２歳 未勝利       (混)[指] 馬齢 10頭 本賞金:550,220,140,83,55万円",10,550.0,10,7,7,クリノレガシー,牡,2,56.0,荻野琢,124.2,1,10,312.9,36.2,9-9-10-10,栗東 藤沢,430,4,
202408070308,2024-12-07,京都,8,3歳以上1勝クラス,ダ,1200,右,晴,良,"7回 京都 3日目 サラ系３歳以上 １勝クラス       (混)[指] 定量 13頭 本賞金:800,320,200,120,80万円",13,800.0,1,1,1,メイショウヤーキス,牡,3,57.0,藤岡佑,72.4,,3,5.2,35.9,7-8,栗東 飯田,446,0,
202408070308,2024-12-07,京都,8,3歳以上1勝クラス,ダ,1200,右,晴,良,"7回 京都 3日目 サラ系３歳以上 １勝クラス       (混)[指] 定量 13頭 本賞金:800,320,200,120,80万円",13,800.0,2,6,8,セールヴォラン,牡,3,57.0,幸,72.7,2,7,31.4,36.5,5-5,栗東 北出,446,4,
202408070308,2024-12-07,京都,8,3歳以上1勝クラス,ダ,1200,右,晴,良,"7回 京都 3日目 サラ系３歳以上 １勝クラス       (混)[指] 定量 13頭 本賞金:800,320,200,120,80万円",13,800.0,3,6,9,ローガンパス,牡,3,57.0,Ｃデム,72.9,1,5,8.6,37.0,3-3,栗東 奥村豊,496,4,
202408070308,2024-12-07,京都,8,3歳以上1勝クラス,ダ,1200,右,晴,良,"7回 京都 3日目 サラ系３歳以上 １勝クラス       (混)[指] 定量 13頭 本賞金:800,320,200,120,80万円",13,800.0,4,5,6,ゴイゴイスー,牡,6,58.0,川須,72.9,クビ,8,36.9,36.1,9-9,栗東 中尾,512,-10,
202408070308,2024-12-07,京都,8,3歳以上1勝クラス,ダ,1200,右,晴,良,"7回 京都 3日目 サラ系３歳以上 １勝クラス       (混)[指] 定量 13頭 本賞金:800,320,200,120,80万円",13,800.0,5,5,7,ビバップ,牡,3,55.0,△吉村,73.0,クビ,2,3.4,37.3,2-2,栗東 清水久,490,12,
202408070308,2024-12-07,京都,8,3歳以上1勝クラス,ダ,1200,右,晴,良,"7回 京都 3日目 サラ系３歳以上 １勝クラス       (混)[指] 定量 13頭 本賞金:800,320,200,120,80万円",13,800.0,6,3,3,イナフセド,牡,4,58.0,秋山稔,73.1,1/2,6,12.2,37.2,3-3,栗東 小林,482,10,
202408070308,2024-12-07,京都,8,3歳以上1勝クラス,ダ,1200,右,晴,良,"7回 京都 3日目 サラ系３歳以上 １勝クラス       (混)[指] 定量 13頭 本賞金:800,320,200,120,80万円",13,800.0,7,7,10,ボブズヤアンクル,セ,5,58.0,デット,73.4,1.3/4,1,3.2,36.9,7-6,栗東 大久保,536,0,
202408070308,2024-12-07,京都,8,3歳以上1勝クラス,ダ,1200,右,晴,良,"7回 京都 3日目 サラ系３歳以上 １勝クラス       (混)[指] 定量 13頭 本賞金:800,320,200,120,80万円",13,800.0,8,4,4,モーデン,牡,6,58.0,荻野琢,73.8,2.1/2,10,59.8,36.6,11-11,栗東 藤沢,490,6,
202408070308,2024-12-07,京都,8,3歳以上1勝クラス,ダ,1200,右,晴,良,"7回 京都 3日目 サラ系３歳以上 １勝クラス       (混)[指] 定量 13頭 本賞金:800,320,200,120,80万円",13,800.0,9,2,2,タイセイアレス,牡,3,56.0,☆田口,74.3,2.1/2,9,38.3,38.7,1-1,栗東 西村,484,-4,
202408070308,2024-12-07,京都,8,3歳以上1勝クラス,ダ,1200,右,晴,良,"7回 京都 3日目 サラ系３歳以上 １勝クラス       (混)[指] 定量 13頭 本賞金:800,320,200,120,80万円",13,800.0,10,8,13,グレアミラージュ,牡,7,58.0,北村友,74.5,1.1/4,12,196.3,37.3,11-12,栗東 笹田,464,-6,
202408070308,2024-12-07,京都,8,3歳以上1勝クラス,ダ,1200,右,晴,良,"7回 京都 3日目 サラ系３歳以上 １勝クラス       (混)[指] 定量 13頭 本賞金:800,320,200,120,80万円",13,800.0,11,8,12,プロテア,セ,4,58.0,坂井,74.5,クビ,4,6.7,38.3,5-6,栗東 宮本,478,10,
202408070308,2024-12-07,京都,8,3歳以上1勝クラス,ダ,1200,右,晴,良,"7回 京都 3日目 サラ系３歳以上 １勝クラス       (混)[指] 定量 13頭 本賞金:800,320,200,120,80万円",13,800.0,12,4,5,ジュエルドレーサー,牡,3,57.0,菱田,75.7,7,11,104.4,38.9,9-9,栗東 小林,494,8,
202408070308,2024-12-07,京都,8,3歳以上1勝クラス,ダ,1200,右,晴,良,"7回 京都 3日目 サラ系３歳以上 １勝クラス       (混)[指] 定量 13頭 本賞金:800,320,200,120,80万円",13,800.0,,7,11,オコタンペ,牡,3,57.0,武豊,,,,,,,栗東 須貝,492,2,除外
202408070309,2024-12-07,京都,9,エリカ賞,芝,2000,右,晴,良,"7回 京都 3日目 サラ系２歳 １勝クラス       (混)(特指) 馬齢 7頭 本賞金:1070,430,270,160,107万円",7,1070.0,1,2,2,ナグルファル,牡,2,56.0,坂井,120.6,,1,1.9,34.0,2-2-2-2,栗東 杉山晴,502,0,
202408070309,2024-12-07,京都,9,エリカ賞,芝,2000,右,晴,良,"7回 京都 3日目 サラ系２歳 １勝クラス       (混)(特指) 馬齢 7頭 本賞金:1070,430,270,160,107万円",7,1070.0,2,4,4,ワンモアスマイル,牡,2,56.0,デット,121.3,4,3,3.9,34.6,5-4-3-3,栗東 藤岡,456,8,
202408070309,2024-12-07,京都,9,エリカ賞,芝,2000,右,晴,良,"7回 京都 3日目 サラ系２歳 １勝クラス       (混)(特指) 馬齢 7頭 本賞金:1070,430,270,160,107万円",7,1070.0,3,7,7,イガッチ,牡,2,56.0,三浦,121.4,3/4,6,27.3,35.0,1-1-1-1,栗東 笹田,482,20,
202408070309,2024-12-07,京都,9,エリカ賞,芝,2000,右,晴,良,"7回 京都 3日目 サラ系２歳 １勝クラス       (混)(特指) 馬齢 7頭 本賞金:1070,430,270,160,107万円",7,1070.0,4,5,5,トリポリタニア,牡,2,56.0,Ｃデム,121.5,クビ,4,18.9,34.7,5-6-5-3,栗東 上村,468,-12,
202408070309,2024-12-07,京都,9,エリカ賞,芝,2000,右,晴,良,"7回 京都 3日目 サラ系２歳 １勝クラス       (混)(特指) 馬齢 7頭 本賞金:1070,430,270,160,107万円",7,1070.0,5,1,1,ラッキーベイ,牡,2,56.0,菱田,122.2,4,7,68.5,35.0,7-7-7-7,栗東 今野,458,4,
202408070309,2024-12-07,京都,9,エリカ賞,芝,2000,右,晴,良,"7回 京都 3日目 サラ系２歳 １勝クラス       (混)(特指) 馬齢 7頭 本賞金:1070,430,270,160,107万円",7,1070.0,6,6,6,カレンラップスター,牡,2,56.0,武豊,122.3,クビ,5,23.9,35.5,4-4-5-6,栗東 小林,498,-2,
202408070309,2024-12-07,京都,9,エリカ賞,芝,2000,右,晴,良,"7回 京都 3日目 サラ系２歳 １勝クラス       (混)(特指) 馬齢 7頭 本賞金:1070,430,270,160,107万円",7,1070.0,7,3,3,サトノクローザー,牡,2,56.0,ルメー,123.4,7,2,2.8,36.6,3-3-3-3,栗東 友道,520,2,
202408070310,2024-12-07,京都,10,花見小路特別,ダ,1900,右,晴,良,"7回 京都 3日目 サラ系３歳以上 ２勝クラス       (混)[指] ハンデ 14頭 本賞金:1550,620,390,230,155万円",14,1550.0,1,4,5,ロードクロンヌ,牡,3,55.0,藤岡佑,118.8,,2,2.8,37.7,2-2-2-2,栗東 四位,484,2,
202408070310,2024-12-07,京都,10,花見小路特別,ダ,1900,右,晴,良,"7回 京都 3日目 サラ系３歳以上 ２勝クラス       (混)[指] ハンデ 14頭 本賞金:1550,620,390,230,155万円",14,1550.0,2,6,10,クールブロン,牡,4,55.0,菱田,120.2,8,7,35.6,38.9,5-5-3-3,栗東 武幸,534,12,
202408070310,2024-12-07,京都,10,花見小路特別,ダ,1900,右,晴,良,"7回 京都 3日目 サラ系３歳以上 ２勝クラス       (混)[指] ハンデ 14頭 本賞金:1550,620,390,230,155万円",14,1550.0,3,3,3,ジョータルマエ,セ,4,55.0,鮫島良,120.2,アタマ,3,5.1,39.3,1-1-1-1,栗東 河嶋,494,0,
202408070310,2024-12-07,京都,10,花見小路特別,ダ,1900,右,晴,良,"7回 京都 3日目 サラ系３歳以上 ２勝クラス       (混)[指] ハンデ 14頭 本賞金:1550,620,390,230,155万円",14,1550.0,4,6,9,ダディーズトリップ,牡,8,56.0,幸,120.5,2,4,18.0,38.2,6-6-6-5,栗東 千田,478,18,
202408070310,2024-12-07,京都,10,花見小路特別,ダ,1900,右,晴,良,"7回 京都 3日目 サラ系３歳以上 ２勝クラス       (混)[指] ハンデ 14頭 本賞金:1550,620,390,230,155万円",14,1550.0,5,2,2,スカイドゥエラー,牡,6,52.0,田中健,120.6,クビ,11,126.0,37.0,10-9-12-10,栗東 谷,452,-2,
202408070310,2024-12-07,京都,10,花見小路特別,ダ,1900,右,晴,良,"7回 京都 3日目 サラ系３歳以上 ２勝クラス       (混)[指] ハンデ 14頭 本賞金:1550,620,390,230,155万円",14,1550.0,6,8,13,シュプリンガー,セ,5,54.0,長岡,120.6,アタマ,6,22.5,36.6,9-9-14-14,栗東 小栗,502,4,
202408070310,2024-12-07,京都,10,花見小路特別,ダ,1900,右,晴,良,"7回 京都 3日目 サラ系３歳以上 ２勝クラス       (混)[指] ハンデ 14頭 本賞金:1550,620,390,230,155万円",14,1550.0,7,1,1,オペラプラージュ,牡,3,55.0,ルメー,120.6,クビ,1,2.2,37.2,8-8-8-9,栗東 新谷,494,-8,
202408070310,2024-12-07,京都,10,花見小路特別,ダ,1900,右,晴,良,"7回 京都 3日目 サラ系３歳以上 ２勝クラス       (混)[指] ハンデ 14頭 本賞金:1550,620,390,230,155万円",14,1550.0,8,8,14,フォーワンセルフ,牡,5,53.0,荻野琢,120.7,1/2,14,273.6,37.4,10-11-8-8,美浦 小手川,516,-14,
202408070310,2024-12-07,京都,10,花見小路特別,ダ,1900,右,晴,良,"7回 京都 3日目 サラ系３歳以上 ２勝クラス       (混)[指] ハンデ 14頭 本賞金:1550,620,390,230,155万円",14,1550.0,9,3,4,タッチャブル,牡,4,54.0,三浦,121.3,3.1/2,9,59.8,38.4,6-7-7-7,栗東 中村,516,-2,
202408070310,2024-12-07,京都,10,花見小路特別,ダ,1900,右,晴,良,"7回 京都 3日目 サラ系３歳以上 ２勝クラス       (混)[指] ハンデ 14頭 本賞金:1550,620,390,230,155万円",14,1550.0,10,5,7,キングダムウイナー,牡,7,51.0,秋山稔,121.6,1.3/4,10,106.9,38.0,13-13-10-10,栗東 藤野,498,-4,
202408070310,2024-12-07,京都,10,花見小路特別,ダ,1900,右,晴,良,"7回 京都 3日目 サラ系３歳以上 ２勝クラス       (混)[指] ハンデ 14頭 本賞金:1550,620,390,230,155万円",14,1550.0,11,7,12,イルミネーター,牡,7,54.0,水口,121.7,1/2,12,154.0,38.1,12-12-12-10,栗東 羽月,478,0,
202408070310,2024-12-07,京都,10,花見小路特別,ダ,1900,右,晴,良,"7回 京都 3日目 サラ系３歳以上 ２勝クラス       (混)[指] ハンデ 14頭 本賞金:1550,620,390,230,155万円",14,1550.0,12,5,8,サイモンルモンド,セ,7,52.0,今村,121.8,1/2,13,237.7,38.1,13-13-10-13,美浦 根本,464,4,
202408070310,2024-12-07,京都,10,花見小路特別,ダ,1900,右,晴,良,"7回 京都 3日目 サラ系３歳以上 ２勝クラス       (混)[指] ハンデ 14頭 本賞金:1550,620,390,230,155万円",14,1550.0,13,7,11,キュピドン,牡,4,54.0,吉村,123.0,7,8,48.8,41.3,4-4-5-5,栗東 森秀,516,0,
202408070310,2024-12-07,京都,10,花見小路特別,ダ,1900,右,晴,良,"7回 京都 3日目 サラ系３歳以上 ２勝クラス       (混)[指] ハンデ 14頭 本賞金:1550,620,390,230,155万円",14,1550.0,14,4,6,タイガースパーク,牡,4,55.0,田口,123.1,クビ,5,18.4,41.8,3-3-3-4,栗東 大橋,468,20,
202408070311,2024-12-07,京都,11,リゲルS,芝,1600,右,晴,良,"7回 京都 3日目 サラ系３歳以上 オープン       (国際)(特指) 別定 13頭 本賞金:2700,1100,680,410,270万円",13,2700.0,1,8,12,シャドウフューリー,牡,4,57.0,ルメー,92.9,,4,5.3,34.1,2-2,栗東 杉山晴,484,2,
202408070311,2024-12-07,京都,11,リゲルS,芝,1600,右,晴,良,"7回 京都 3日目 サラ系３歳以上 オープン       (国際)(特指) 別定 13頭 本賞金:2700,1100,680,410,270万円",13,2700.0,2,8,13,セッション,牡,4,58.0,坂井,93.0,3/4,5,7.3,34.2,2-2,栗東 斉藤崇,522,0,
202408070311,2024-12-07,京都,11,リゲルS,芝,1600,右,晴,良,"7回 京都 3日目 サラ系３歳以上 オープン       (国際)(特指) 別定 13頭 本賞金:2700,1100,680,410,270万円",13,2700.0,3,1,1,キープカルム,牡,3,56.0,三浦,93.1,1/2,1,2.9,33.9,6-6,栗東 中竹,500,2,
202408070311,2024-12-07,京都,11,リゲルS,芝,1600,右,晴,良,"7回 京都 3日目 サラ系３歳以上 オープン       (国際)(特指) 別定 13頭 本賞金:2700,1100,680,410,270万円",13,2700.0,4,3,3,グラティアス,牡,6,57.0,北村友,93.3,1.1/2,10,86.6,34.3,4-4,栗東 安田,508,-2,
202408070311,2024-12-07,京都,11,リゲルS,芝,1600,右,晴,良,"7回 京都 3日目 サラ系３歳以上 オープン       (国際)(特指) 別定 13頭 本賞金:2700,1100,680,410,270万円",13,2700.0,5,4,5,バレエマスター,牡,5,57.0,幸,93.4,1/2,9,72.8,34.0,8-7,栗東 梅田,476,4,
202408070311,2024-12-07,京都,11,リゲルS,芝,1600,右,晴,良,"7回 京都 3日目 サラ系３歳以上 オープン       (国際)(特指) 別定 13頭 本賞金:2700,1100,680,410,270万円",13,2700.0,6,6,8,アサヒ,牡,5,57.0,田口,93.5,1/2,7,29.0,34.3,6-7,美浦 金成,506,0,
202408070311,2024-12-07,京都,11,リゲルS,芝,1600,右,晴,良,"7回 京都 3日目 サラ系３歳以上 オープン       (国際)(特指) 別定 13頭 本賞金:2700,1100,680,410,270万円",13,2700.0,7,2,2,スコールユニバンス,牝,5,55.0,吉村,93.7,1,12,266.4,34.3,8-7,栗東 矢作,462,4,
202408070311,2024-12-07,京都,11,リゲルS,芝,1600,右,晴,良,"7回 京都 3日目 サラ系３歳以上 オープン       (国際)(特指) 別定 13頭 本賞金:2700,1100,680,410,270万円",13,2700.0,8,7,11,トランキリテ,牡,5,57.0,武豊,93.7,ハナ,3,5.1,34.2,8-10,栗東 松永幹,468,-4,
202408070311,2024-12-07,京都,11,リゲルS,芝,1600,右,晴,良,"7回 京都 3日目 サラ系３歳以上 オープン       (国際)(特指) 別定 13頭 本賞金:2700,1100,680,410,270万円",13,2700.0,9,7,10,シーズンリッチ,牡,4,57.0,菱田,93.9,1.1/4,8,65.6,34.2,12-11,美浦 久保田,498,-8,
202408070311,2024-12-07,京都,11,リゲルS,芝,1600,右,晴,良,"7回 京都 3日目 サラ系３歳以上 オープン       (国際)(特指) 別定 13頭 本賞金:2700,1100,680,410,270万円",13,2700.0,10,5,7,ゴンバデカーブース,牡,3,56.0,デット,94.1,1.1/4,2,3.7,34.4,11-11,美浦 堀,468,-10,
202408070311,2024-12-07,京都,11,リゲルS,芝,1600,右,晴,良,"7回 京都 3日目 サラ系３歳以上 オープン       (国際)(特指) 別定 13頭 本賞金:2700,1100,680,410,270万円",13,2700.0,11,6,9,シリウスコルト,牡,3,56.0,藤岡佑,94.7,4,6,23.9,35.6,4-4,美浦 宗像,488,10,
202408070311,2024-12-07,京都,11,リゲルS,芝,1600,右,晴,良,"7回 京都 3日目 サラ系３歳以上 オープン       (国際)(特指) 別定 13頭 本賞金:2700,1100,680,410,270万円",13,2700.0,12,4,4,ベラジオソノダラブ,牡,4,57.0,中井,94.8,クビ,13,308.4,35.0,12-11,栗東 小椋,478,2,
202408070311,2024-12-07,京都,11,リゲルS,芝,1600,右,晴,良,"7回 京都 3日目 サラ系３歳以上 オープン       (国際)(特指) 別定 13頭 本賞金:2700,1100,680,410,270万円",13,2700.0,13,5,6,セッタレダスト,牡,5,57.0,荻野琢,96.5,10,11,181.5,38.0,1-1,美浦 嘉藤,508,-2,
202408070312,2024-12-07,京都,12,3歳以上2勝クラス,芝,2400,右,晴,良,"7回 京都 3日目 サラ系３歳以上 ２勝クラス       (混)(特指) 定量 10頭 本賞金:1140,460,290,170,114万円",10,1140.0,1,5,5,ギャンブルルーム,牡,3,56.0,デット,144.7,,1,2.4,34.6,3-3-4-3,栗東 大久保,496,8,
202408070312,2024-12-07,京都,12,3歳以上2勝クラス,芝,2400,右,晴,良,"7回 京都 3日目 サラ系３歳以上 ２勝クラス       (混)(特指) 定量 10頭 本賞金:1140,460,290,170,114万円",10,1140.0,2,6,6,グランアルティスタ,牡,3,56.0,武豊,145.3,3.1/2,2,3.1,35.0,4-4-6-6,栗東 寺島,522,2,
202408070312,2024-12-07,京都,12,3歳以上2勝クラス,芝,2400,右,晴,良,"7回 京都 3日目 サラ系３歳以上 ２勝クラス       (混)(特指) 定量 10頭 本賞金:1140,460,290,170,114万円",10,1140.0,3,8,10,プレイリードリーム,牡,8,58.0,幸,145.6,1.3/4,7,36.3,35.1,7-8-8-8,栗東 安達,472,12,
202408070312,2024-12-07,京都,12,3歳以上2勝クラス,芝,2400,右,晴,良,"7回 京都 3日目 サラ系３歳以上 ２勝クラス       (混)(特指) 定量 10頭 本賞金:1140,460,290,170,114万円",10,1140.0,4,2,2,マイノワール,牡,3,56.0,北村友,145.7,1/2,6,15.8,35.6,4-4-6-3,栗東 笹田,472,0,
202408070312,2024-12-07,京都,12,3歳以上2勝クラス,芝,2400,右,晴,良,"7回 京都 3日目 サラ系３歳以上 ２勝クラス       (混)(特指) 定量 10頭 本賞金:1140,460,290,170,114万円",10,1140.0,5,7,7,プリティユニバンス,牝,7,56.0,秋山稔,146.0,2,8,96.4,35.8,4-4-4-6,栗東 村山,470,0,
202408070312,2024-12-07,京都,12,3歳以上2勝クラス,芝,2400,右,晴,良,"7回 京都 3日目 サラ系３歳以上 ２勝クラス       (混)(特指) 定量 10頭 本賞金:1140,460,290,170,114万円",10,1140.0,6,8,9,シーグラス,牝,5,56.0,菱田,146.1,3/4,9,102.5,35.4,9-9-9-9,美浦 武藤,450,-12,
202408070312,2024-12-07,京都,12,3歳以上2勝クラス,芝,2400,右,晴,良,"7回 京都 3日目 サラ系３歳以上 ２勝クラス       (混)(特指) 定量 10頭 本賞金:1140,460,290,170,114万円",10,1140.0,7,7,8,ダンツエスプリ,牡,5,56.0,△吉村,146.1,クビ,4,12.0,35.2,10-10-10-10,栗東 本田,488,-2,
202408070312,2024-12-07,京都,12,3歳以上2勝クラス,芝,2400,右,晴,良,"7回 京都 3日目 サラ系３歳以上 ２勝クラス       (混)(特指) 定量 10頭 本賞金:1140,460,290,170,114万円",10,1140.0,8,3,3,リッチブラック,牡,5,58.0,坂井,146.6,3,3,3.7,37.0,2-2-2-2,栗東 西村,466,2,
202408070312,2024-12-07,京都,12,3歳以上2勝クラス,芝,2400,右,晴,良,"7回 京都 3日目 サラ系３歳以上 ２勝クラス       (混)(特指) 定量 10頭 本賞金:1140,460,290,170,114万円",10,1140.0,9,4,4,プリマヴィータ,牝,5,56.0,荻野琢,146.9,1.1/2,10,123.6,38.5,1-1-1-1,栗東 藤沢,458,-4,
202408070312,2024-12-07,京都,12,3歳以上2勝クラス,芝,2400,右,晴,良,"7回 京都 3日目 サラ系３歳以上 ２勝クラス       (混)(特指) 定量 10頭 本賞金:1140,460,290,170,114万円",10,1140.0,10,1,1,ショウナンハウル,牡,3,55.0,☆田口,146.9,ハナ,5,15.3,36.9,8-7-2-5,栗東 松下,506,-4,
202406050401,2024-12-08,中山,1,2歳未勝利,ダ,1200,右,晴,良,"5回 中山 4日目 サラ系２歳 未勝利       (混)[指] 馬齢 15頭 本賞金:550,220,140,83,55万円",15,550.0,1,2,3,テイオームサシ,牡,2,56.0,斎藤,72.7,,3,5.5,38.7,2-2,美浦 斎藤誠,486,0,
202406050401,2024-12-08,中山,1,2歳未勝利,ダ,1200,右,晴,良,"5回 中山 4日目 サラ系２歳 未勝利       (混)[指] 馬齢 15頭 本賞金:550,220,140,83,55万円",15,550.0,2,3,5,トリリオンボーイ,牡,2,56.0,吉田隼,72.8,1/2,2,3.2,37.4,7-7,美浦 武井,468,2,
202406050401,2024-12-08,中山,1,2歳未勝利,ダ,1200,右,晴,良,"5回 中山 4日目 サラ系２歳 未勝利       (混)[指] 馬齢 15頭 本賞金:550,220,140,83,55万円",15,550.0,3,1,1,レイオーバー,牡,2,56.0,内田博,73.1,2,1,2.2,39.2,1-1,美浦 本間,464,4,
202406050401,2024-12-08,中山,1,2歳未勝利,ダ,1200,右,晴,良,"5回 中山 4日目 サラ系２歳 未勝利       (混)[指] 馬齢 15頭 本賞金:550,220,140,83,55万円",15,550.0,4,4,7,サラサエンペラー,牡,2,56.0,横山和,73.3,1.1/4,4,6.2,39.1,3-3,美浦 村田,466,0,
202406050401,2024-12-08,中山,1,2歳未勝利,ダ,1200,右,晴,良,"5回 中山 4日目 サラ系２歳 未勝利       (混)[指] 馬齢 15頭 本賞金:550,220,140,83,55万円",15,550.0,5,6,11,ジルクン,牡,2,52.0,★小林美,73.7,2,9,87.2,37.6,10-10,美浦 鈴木慎,406,-2,
202406050401,2024-12-08,中山,1,2歳未勝利,ダ,1200,右,晴,良,"5回 中山 4日目 サラ系２歳 未勝利       (混)[指] 馬齢 15頭 本賞金:550,220,140,83,55万円",15,550.0,6,7,13,クールマーロウ,牡,2,56.0,石橋脩,73.7,ハナ,11,152.4,38.5,6-5,美浦 矢野,438,-2,
202406050401,2024-12-08,中山,1,2歳未勝利,ダ,1200,右,晴,良,"5回 中山 4日目 サラ系２歳 未勝利       (混)[指] 馬齢 15頭 本賞金:550,220,140,83,55万円",15,550.0,7,2,2,ミュージックマン,牡,2,56.0,杉原,73.9,1.1/4,12,183.5,38.4,8-8,美浦 大和田,464,10,
202406050401,2024-12-08,中山,1,2歳未勝利,ダ,1200,右,晴,良,"5回 中山 4日目 サラ系２歳 未勝利       (混)[指] 馬齢 15頭 本賞金:550,220,140,83,55万円",15,550.0,8,6,10,セイウンヤタガラス,牡,2,56.0,三浦,74.0,1,7,42.8,39.3,4-4,美浦 堀内,428,0,
202406050401,2024-12-08,中山,1,2歳未勝利,ダ,1200,右,晴,良,"5回 中山 4日目 サラ系２歳 未勝利       (混)[指] 馬齢 15頭 本賞金:550,220,140,83,55万円",15,550.0,9,7,12,テイエムファラオ,牡,2,53.0,▲石田,74.5,3,10,127.8,38.9,9-9,美浦 伊藤圭,458,-2,
202406050401,2024-12-08,中山,1,2歳未勝利,ダ,1200,右,晴,良,"5回 中山 4日目 サラ系２歳 未勝利       (混)[指] 馬齢 15頭 本賞金:550,220,140,83,55万円",15,550.0,10,5,9,ベアショット,牝,2,52.0,▲佐藤,75.5,6,13,219.4,39.2,12-11,美浦 杉浦,470,2,
202406050401,2024-12-08,中山,1,2歳未勝利,ダ,1200,右,晴,良,"5回 中山 4日目 サラ系２歳 未勝利       (混)[指] 馬齢 15頭 本賞金:550,220,140,83,55万円",15,550.0,11,4,6,グレイトフルトップ,セ,2,56.0,原田和,75.6,クビ,15,494.9,39.5,10-11,美浦 天間,448,2,
202406050401,2024-12-08,中山,1,2歳未勝利,ダ,1200,右,晴,良,"5回 中山 4日目 サラ系２歳 未勝利       (混)[指] 馬齢 15頭 本賞金:550,220,140,83,55万円",15,550.0,12,3,4,スターオブガイア,牡,2,56.0,丸田,75.7,1/2,14,346.3,39.2,13-13,美浦 南田,450,0,
202406050401,2024-12-08,中山,1,2歳未勝利,ダ,1200,右,晴,良,"5回 中山 4日目 サラ系２歳 未勝利       (混)[指] 馬齢 15頭 本賞金:550,220,140,83,55万円",15,550.0,13,8,15,ノーブルオーク,牡,2,56.0,津村,75.7,クビ,5,21.4,39.2,13-14,美浦 鈴木伸,510,4,
202406050401,2024-12-08,中山,1,2歳未勝利,ダ,1200,右,晴,良,"5回 中山 4日目 サラ系２歳 未勝利       (混)[指] 馬齢 15頭 本賞金:550,220,140,83,55万円",15,550.0,14,5,8,クァンタムリード,牡,2,56.0,丹内,75.9,1.1/4,6,36.7,40.9,5-6,美浦 蛯名正,426,10,
202406050401,2024-12-08,中山,1,2歳未勝利,ダ,1200,右,晴,良,"5回 中山 4日目 サラ系２歳 未勝利       (混)[指] 馬齢 15頭 本賞金:550,220,140,83,55万円",15,550.0,15,8,14,ヨドノエース,牡,2,56.0,菊沢,77.1,7,8,49.7,40.6,13-14,美浦 萱野,482,-2,
202406050402,2024-12-08,中山,2,2歳未勝利,芝,1200,右,晴,良,"5回 中山 4日目 サラ系２歳 未勝利       (混)[指] 馬齢 16頭 本賞金:550,220,140,83,55万円",16,550.0,1,7,14,マイネルステラート,牡,2,56.0,横山武,68.6,,1,2.1,34.8,2-2,美浦 高木,456,0,
202406050402,2024-12-08,中山,2,2歳未勝利,芝,1200,右,晴,良,"5回 中山 4日目 サラ系２歳 未勝利       (混)[指] 馬齢 16頭 本賞金:550,220,140,83,55万円",16,550.0,2,7,13,フウセツ,牡,2,56.0,津村,68.8,1.1/4,2,3.5,35.2,1-1,美浦 鈴木慎,480,2,
202406050402,2024-12-08,中山,2,2歳未勝利,芝,1200,右,晴,良,"5回 中山 4日目 サラ系２歳 未勝利       (混)[指] 馬齢 16頭 本賞金:550,220,140,83,55万円",16,550.0,3,8,16,シルフレイ,牝,2,55.0,横山和,69.1,1.1/2,4,9.5,35.2,3-3,美浦 千葉,432,4,
202406050402,2024-12-08,中山,2,2歳未勝利,芝,1200,右,晴,良,"5回 中山 4日目 サラ系２歳 未勝利       (混)[指] 馬齢 16頭 本賞金:550,220,140,83,55万円",16,550.0,4,2,3,オカゲサン,牡,2,52.0,★小林美,69.2,3/4,3,4.9,35.0,5-5,美浦 尾形,500,2,
202406050402,2024-12-08,中山,2,2歳未勝利,芝,1200,右,晴,良,"5回 中山 4日目 サラ系２歳 未勝利       (混)[指] 馬齢 16頭 本賞金:550,220,140,83,55万円",16,550.0,5,4,8,ペタルブランシュ,牝,2,55.0,横山典,69.5,1.1/2,6,24.6,34.9,9-9,美浦 村田,406,0,
202406050402,2024-12-08,中山,2,2歳未勝利,芝,1200,右,晴,良,"5回 中山 4日目 サラ系２歳 未勝利       (混)[指] 馬齢 16頭 本賞金:550,220,140,83,55万円",16,550.0,6,1,2,ランニングホット,牝,2,54.0,☆原,69.7,1.1/2,7,55.1,34.6,13-13,美浦 田村,400,10,
202406050402,2024-12-08,中山,2,2歳未勝利,芝,1200,右,晴,良,"5回 中山 4日目 サラ系２歳 未勝利       (混)[指] 馬齢 16頭 本賞金:550,220,140,83,55万円",16,550.0,7,4,7,ノーブルオリンポス,セ,2,56.0,武藤,69.8,1/2,11,130.3,35.1,11-11,美浦 武藤,426,-6,
202406050402,2024-12-08,中山,2,2歳未勝利,芝,1200,右,晴,良,"5回 中山 4日目 サラ系２歳 未勝利       (混)[指] 馬齢 16頭 本賞金:550,220,140,83,55万円",16,550.0,8,3,6,ジェンダアネモス,牝,2,55.0,丹内,69.9,1/2,5,10.3,36.0,3-3,美浦 伊坂,434,-10,
202406050402,2024-12-08,中山,2,2歳未勝利,芝,1200,右,晴,良,"5回 中山 4日目 サラ系２歳 未勝利       (混)[指] 馬齢 16頭 本賞金:550,220,140,83,55万円",16,550.0,9,5,10,クラウンフリード,牡,2,56.0,原田和,69.9,クビ,14,357.4,35.0,12-11,美浦 小野,446,14,
202406050402,2024-12-08,中山,2,2歳未勝利,芝,1200,右,晴,良,"5回 中山 4日目 サラ系２歳 未勝利       (混)[指] 馬齢 16頭 本賞金:550,220,140,83,55万円",16,550.0,10,1,1,アミグダラ,牝,2,55.0,嶋田,70.0,クビ,9,109.1,35.6,6-6,美浦 岩戸,436,0,
202406050402,2024-12-08,中山,2,2歳未勝利,芝,1200,右,晴,良,"5回 中山 4日目 サラ系２歳 未勝利       (混)[指] 馬齢 16頭 本賞金:550,220,140,83,55万円",16,550.0,11,8,15,ニシノライオネス,牝,2,55.0,田辺,70.1,1,10,120.6,35.6,7-7,美浦 嘉藤,452,-24,
202406050402,2024-12-08,中山,2,2歳未勝利,芝,1200,右,晴,良,"5回 中山 4日目 サラ系２歳 未勝利       (混)[指] 馬齢 16頭 本賞金:550,220,140,83,55万円",16,550.0,12,6,12,タワークライマー,牡,2,56.0,内田博,70.1,アタマ,8,89.6,35.5,9-9,美浦 嘉藤,468,2,
202406050402,2024-12-08,中山,2,2歳未勝利,芝,1200,右,晴,良,"5回 中山 4日目 サラ系２歳 未勝利       (混)[指] 馬齢 16頭 本賞金:550,220,140,83,55万円",16,550.0,13,3,5,ドゥフトブリューテ,牡,2,56.0,丸田,70.5,2.1/2,12,223.3,35.3,14-13,美浦 武市,442,8,
202406050402,2024-12-08,中山,2,2歳未勝利,芝,1200,右,晴,良,"5回 中山 4日目 サラ系２歳 未勝利       (混)[指] 馬齢 16頭 本賞金:550,220,140,83,55万円",16,550.0,14,5,9,リュウノドラゴン,牡,2,56.0,小林凌,71.0,3,13,229.4,35.1,16-15,美浦 小西,516,20,
202406050402,2024-12-08,中山,2,2歳未勝利,芝,1200,右,晴,良,"5回 中山 4日目 サラ系２歳 未勝利       (混)[指] 馬齢 16頭 本賞金:550,220,140,83,55万円",16,550.0,15,6,11,ベストヒューマ,牡,2,53.0,▲石田,71.0,ハナ,16,465.8,35.2,15-15,美浦 佐藤吉,430,14,
202406050402,2024-12-08,中山,2,2歳未勝利,芝,1200,右,晴,良,"5回 中山 4日目 サラ系２歳 未勝利       (混)[指] 馬齢 16頭 本賞金:550,220,140,83,55万円",16,550.0,16,2,4,サクラジマ,セ,2,56.0,木幡育,71.3,2,15,439.4,36.8,7-7,美浦 高橋文,436,10,
202406050403,2024-12-08,中山,3,2歳未勝利,芝,1800,右,晴,良,"5回 中山 4日目 サラ系２歳 未勝利       (混)[指] 馬齢 12頭 本賞金:550,220,140,83,55万円",12,550.0,1,7,10,ニシノエージェント,牡,2,56.0,津村,108.4,,1,3.2,34.5,5-5-4-4,美浦 千葉,470,0,
202406050403,2024-12-08,中山,3,2歳未勝利,芝,1800,右,晴,良,"5回 中山 4日目 サラ系２歳 未勝利       (混)[指] 馬齢 12頭 本賞金:550,220,140,83,55万円",12,550.0,2,5,5,ルールーリマ,牝,2,55.0,三浦,108.5,1,2,5.0,34.1,9-9-8-8,美浦 大竹,408,-8,
202406050403,2024-12-08,中山,3,2歳未勝利,芝,1800,右,晴,良,"5回 中山 4日目 サラ系２歳 未勝利       (混)[指] 馬齢 12頭 本賞金:550,220,140,83,55万円",12,550.0,3,1,1,マイネルアレス,牡,2,56.0,横山武,108.8,1.3/4,4,5.4,34.7,5-5-6-6,美浦 相沢,438,-2,
202406050403,2024-12-08,中山,3,2歳未勝利,芝,1800,右,晴,良,"5回 中山 4日目 サラ系２歳 未勝利       (混)[指] 馬齢 12頭 本賞金:550,220,140,83,55万円",12,550.0,4,8,11,ベールドインパクト,牡,2,56.0,横山和,109.0,1,3,5.1,35.4,3-3-3-2,美浦 小島,446,2,
202406050403,2024-12-08,中山,3,2歳未勝利,芝,1800,右,晴,良,"5回 中山 4日目 サラ系２歳 未勝利       (混)[指] 馬齢 12頭 本賞金:550,220,140,83,55万円",12,550.0,5,5,6,コスモマガラニカ,牡,2,56.0,丹内,109.1,1/2,6,7.9,35.3,3-3-4-4,美浦 加藤士,446,0,
202406050403,2024-12-08,中山,3,2歳未勝利,芝,1800,右,晴,良,"5回 中山 4日目 サラ系２歳 未勝利       (混)[指] 馬齢 12頭 本賞金:550,220,140,83,55万円",12,550.0,6,4,4,ゴガツノアマノガワ,牡,2,56.0,石橋脩,109.1,クビ,9,176.4,35.6,2-2-2-1,美浦 清水英,446,0,
202406050403,2024-12-08,中山,3,2歳未勝利,芝,1800,右,晴,良,"5回 中山 4日目 サラ系２歳 未勝利       (混)[指] 馬齢 12頭 本賞金:550,220,140,83,55万円",12,550.0,7,6,7,ピコシー,牡,2,56.0,岩田康,109.2,1/2,7,13.8,35.0,7-7-7-6,美浦 奥村武,464,-2,
202406050403,2024-12-08,中山,3,2歳未勝利,芝,1800,右,晴,良,"5回 中山 4日目 サラ系２歳 未勝利       (混)[指] 馬齢 12頭 本賞金:550,220,140,83,55万円",12,550.0,8,8,12,レイヤードレッド,牡,2,56.0,嶋田,109.3,1/2,5,6.8,34.9,10-9-8-9,美浦 手塚,476,4,
202406050403,2024-12-08,中山,3,2歳未勝利,芝,1800,右,晴,良,"5回 中山 4日目 サラ系２歳 未勝利       (混)[指] 馬齢 12頭 本賞金:550,220,140,83,55万円",12,550.0,9,3,3,ドリフトウッド,牡,2,56.0,丸田,109.8,3,11,225.4,35.4,7-7-8-9,美浦 南田,450,4,
202406050403,2024-12-08,中山,3,2歳未勝利,芝,1800,右,晴,良,"5回 中山 4日目 サラ系２歳 未勝利       (混)[指] 馬齢 12頭 本賞金:550,220,140,83,55万円",12,550.0,10,2,2,ヤマノインパクト,牡,2,56.0,内田博,110.7,5,8,127.4,37.2,1-1-1-2,美浦 本間,466,16,
202406050403,2024-12-08,中山,3,2歳未勝利,芝,1800,右,晴,良,"5回 中山 4日目 サラ系２歳 未勝利       (混)[指] 馬齢 12頭 本賞金:550,220,140,83,55万円",12,550.0,11,7,9,レッツハイファイヴ,牡,2,56.0,柴田大,110.8,1,10,186.3,36.0,12-11-11-11,美浦 奥平,414,-2,
202406050403,2024-12-08,中山,3,2歳未勝利,芝,1800,右,晴,良,"5回 中山 4日目 サラ系２歳 未勝利       (混)[指] 馬齢 12頭 本賞金:550,220,140,83,55万円",12,550.0,12,6,8,ココマドンナ,牝,2,55.0,原田和,111.8,6,12,333.4,37.0,11-11-11-11,美浦 南田,414,6,
202406050404,2024-12-08,中山,4,3歳以上障害未勝利,障,2880,,晴,良,"5回 中山 4日目 障害３歳以上 未勝利       (混) 定量 11頭 本賞金:790,320,200,120,79万円",11,790.0,1,2,2,ヤマタケアオイバラ,牡,4,60.0,上野,197.8,,10,36.7,13.7,4-3-4-2,美浦 萱野,460,6,
202406050404,2024-12-08,中山,4,3歳以上障害未勝利,障,2880,,晴,良,"5回 中山 4日目 障害３歳以上 未勝利       (混) 定量 11頭 本賞金:790,320,200,120,79万円",11,790.0,2,8,10,テンメジャーガール,牝,5,58.0,小野寺,197.8,ハナ,4,8.9,13.7,6-5-5-4,栗東 高柳大,500,0,
202406050404,2024-12-08,中山,4,3歳以上障害未勝利,障,2880,,晴,良,"5回 中山 4日目 障害３歳以上 未勝利       (混) 定量 11頭 本賞金:790,320,200,120,79万円",11,790.0,3,8,11,シュハリ,牡,4,60.0,江田勇,197.8,クビ,11,178.0,13.7,2-2-1-1,美浦 粕谷,454,2,
202406050404,2024-12-08,中山,4,3歳以上障害未勝利,障,2880,,晴,良,"5回 中山 4日目 障害３歳以上 未勝利       (混) 定量 11頭 本賞金:790,320,200,120,79万円",11,790.0,4,1,1,アルカンサス,牡,5,57.0,▲土田,197.9,1/2,5,14.3,13.7,7-7-5-4,美浦 土田,484,14,
202406050404,2024-12-08,中山,4,3歳以上障害未勝利,障,2880,,晴,良,"5回 中山 4日目 障害３歳以上 未勝利       (混) 定量 11頭 本賞金:790,320,200,120,79万円",11,790.0,5,3,3,サルサロッサ,牝,5,58.0,伴,198.9,6,2,3.4,13.8,5-5-7-6,美浦 高柳瑞,458,16,
202406050404,2024-12-08,中山,4,3歳以上障害未勝利,障,2880,,晴,良,"5回 中山 4日目 障害３歳以上 未勝利       (混) 定量 11頭 本賞金:790,320,200,120,79万円",11,790.0,6,7,8,ザスリーサーティ,牡,9,60.0,石神深,199.6,4,1,2.3,13.9,7-8-7-7,美浦 尾形,492,8,
202406050404,2024-12-08,中山,4,3歳以上障害未勝利,障,2880,,晴,良,"5回 中山 4日目 障害３歳以上 未勝利       (混) 定量 11頭 本賞金:790,320,200,120,79万円",11,790.0,7,6,6,サニーオーシャン,セ,6,60.0,草野,199.9,2,3,6.7,13.9,3-3-3-2,美浦 杉浦,452,8,
202406050404,2024-12-08,中山,4,3歳以上障害未勝利,障,2880,,晴,良,"5回 中山 4日目 障害３歳以上 未勝利       (混) 定量 11頭 本賞金:790,320,200,120,79万円",11,790.0,8,4,4,スズノイナズマ,セ,6,60.0,大江圭,200.3,2,8,23.2,13.9,10-9-9-9,美浦 深山,482,6,
202406050404,2024-12-08,中山,4,3歳以上障害未勝利,障,2880,,晴,良,"5回 中山 4日目 障害３歳以上 未勝利       (混) 定量 11頭 本賞金:790,320,200,120,79万円",11,790.0,9,5,5,ニシノレバンテ,牡,5,60.0,五十嵐,200.7,2.1/2,7,23.1,13.9,1-1-2-7,美浦 栗田,500,14,
202406050404,2024-12-08,中山,4,3歳以上障害未勝利,障,2880,,晴,良,"5回 中山 4日目 障害３歳以上 未勝利       (混) 定量 11頭 本賞金:790,320,200,120,79万円",11,790.0,10,7,9,ポリトナリティー,牝,3,56.0,森一,204.8,大,9,28.5,14.2,9-9-10-10,美浦 和田雄,410,4,
202406050404,2024-12-08,中山,4,3歳以上障害未勝利,障,2880,,晴,良,"5回 中山 4日目 障害３歳以上 未勝利       (混) 定量 11頭 本賞金:790,320,200,120,79万円",11,790.0,11,6,7,エクセレントタイム,セ,6,60.0,金子,219.2,大,6,21.9,15.2,11-11-11-11,美浦 中川,506,24,
202406050405,2024-12-08,中山,5,2歳新馬,芝,1800,右,晴,良,"5回 中山 4日目 サラ系２歳 新馬       (混)[指] 馬齢 16頭 本賞金:720,290,180,110,72万円",16,720.0,1,2,4,バースライト,牡,2,56.0,浜中,109.4,,1,1.9,35.2,10-10-4-4,栗東 武幸,506,0,
202406050405,2024-12-08,中山,5,2歳新馬,芝,1800,右,晴,良,"5回 中山 4日目 サラ系２歳 新馬       (混)[指] 馬齢 16頭 本賞金:720,290,180,110,72万円",16,720.0,2,5,10,セレニティ,牝,2,55.0,岩田康,109.6,1.1/4,9,32.6,35.4,3-3-4-5,美浦 鹿戸,382,0,
202406050405,2024-12-08,中山,5,2歳新馬,芝,1800,右,晴,良,"5回 中山 4日目 サラ系２歳 新馬       (混)[指] 馬齢 16頭 本賞金:720,290,180,110,72万円",16,720.0,3,8,15,ラヴァフォール,牝,2,55.0,横山武,109.6,ハナ,4,8.2,35.6,2-2-2-1,美浦 鈴木伸,406,0,
202406050405,2024-12-08,中山,5,2歳新馬,芝,1800,右,晴,良,"5回 中山 4日目 サラ系２歳 新馬       (混)[指] 馬齢 16頭 本賞金:720,290,180,110,72万円",16,720.0,4,7,14,スイートグルーヴ,牝,2,55.0,杉原,109.8,1.1/4,2,6.0,35.5,5-6-4-7,美浦 青木,446,0,
202406050405,2024-12-08,中山,5,2歳新馬,芝,1800,右,晴,良,"5回 中山 4日目 サラ系２歳 新馬       (混)[指] 馬齢 16頭 本賞金:720,290,180,110,72万円",16,720.0,5,7,13,コスモトロイメル,牝,2,55.0,丹内,109.9,クビ,7,21.4,35.9,3-3-2-2,美浦 田島,454,0,
202406050405,2024-12-08,中山,5,2歳新馬,芝,1800,右,晴,良,"5回 中山 4日目 サラ系２歳 新馬       (混)[指] 馬齢 16頭 本賞金:720,290,180,110,72万円",16,720.0,6,1,2,パヴェリング,牝,2,55.0,津村,109.9,アタマ,6,19.3,35.5,8-8-8-9,美浦 蛯名正,458,0,
202406050405,2024-12-08,中山,5,2歳新馬,芝,1800,右,晴,良,"5回 中山 4日目 サラ系２歳 新馬       (混)[指] 馬齢 16頭 本賞金:720,290,180,110,72万円",16,720.0,7,6,12,オリオアルセーリオ,牝,2,55.0,北村宏,110.1,1,5,13.0,35.3,11-11-11-10,美浦 木村,398,0,
202406050405,2024-12-08,中山,5,2歳新馬,芝,1800,右,晴,良,"5回 中山 4日目 サラ系２歳 新馬       (混)[指] 馬齢 16頭 本賞金:720,290,180,110,72万円",16,720.0,8,5,9,ブラックモノリス,牝,2,55.0,菊沢,110.2,1,12,88.9,35.7,8-9-8-7,美浦 青木,464,0,
202406050405,2024-12-08,中山,5,2歳新馬,芝,1800,右,晴,良,"5回 中山 4日目 サラ系２歳 新馬       (混)[指] 馬齢 16頭 本賞金:720,290,180,110,72万円",16,720.0,9,3,6,マイネルライゼン,牡,2,56.0,柴田大,110.4,1,11,73.0,36.2,5-5-4-5,美浦 和田勇,404,0,
202406050405,2024-12-08,中山,5,2歳新馬,芝,1800,右,晴,良,"5回 中山 4日目 サラ系２歳 新馬       (混)[指] 馬齢 16頭 本賞金:720,290,180,110,72万円",16,720.0,10,4,8,サンダーフレア,牝,2,55.0,吉田隼,110.6,1.1/4,8,27.8,35.1,15-15-15-15,美浦 久保田,458,0,
202406050405,2024-12-08,中山,5,2歳新馬,芝,1800,右,晴,良,"5回 中山 4日目 サラ系２歳 新馬       (混)[指] 馬齢 16頭 本賞金:720,290,180,110,72万円",16,720.0,11,1,1,サイモンバズユー,牡,2,56.0,内田博,110.6,ハナ,14,135.3,36.1,7-6-8-10,栗東 牧浦,500,0,
202406050405,2024-12-08,中山,5,2歳新馬,芝,1800,右,晴,良,"5回 中山 4日目 サラ系２歳 新馬       (混)[指] 馬齢 16頭 本賞金:720,290,180,110,72万円",16,720.0,12,6,11,ムチャスエルテ,牡,2,56.0,嶋田,110.6,ハナ,15,139.7,35.5,14-13-13-13,美浦 手塚,474,0,
202406050405,2024-12-08,中山,5,2歳新馬,芝,1800,右,晴,良,"5回 中山 4日目 サラ系２歳 新馬       (混)[指] 馬齢 16頭 本賞金:720,290,180,110,72万円",16,720.0,13,2,3,マーゴットコマチ,牝,2,55.0,田辺,110.7,1/2,10,34.3,35.9,12-11-11-12,美浦 伊坂,408,0,
202406050405,2024-12-08,中山,5,2歳新馬,芝,1800,右,晴,良,"5回 中山 4日目 サラ系２歳 新馬       (混)[指] 馬齢 16頭 本賞金:720,290,180,110,72万円",16,720.0,14,8,16,ノメンターノ,牝,2,55.0,野中,110.8,1/2,16,159.3,35.6,12-13-13-13,美浦 武市,436,0,
202406050405,2024-12-08,中山,5,2歳新馬,芝,1800,右,晴,良,"5回 中山 4日目 サラ系２歳 新馬       (混)[指] 馬齢 16頭 本賞金:720,290,180,110,72万円",16,720.0,15,4,7,アグネス,牝,2,55.0,横山和,111.0,1.1/2,3,7.4,37.1,1-1-1-2,美浦 上原佑,434,0,
202406050405,2024-12-08,中山,5,2歳新馬,芝,1800,右,晴,良,"5回 中山 4日目 サラ系２歳 新馬       (混)[指] 馬齢 16頭 本賞金:720,290,180,110,72万円",16,720.0,16,3,5,エリナ,牝,2,55.0,武藤,112.0,6,13,104.8,36.1,16-16-16-16,美浦 戸田,420,0,
202406050406,2024-12-08,中山,6,2歳新馬,ダ,1800,右,晴,良,"5回 中山 4日目 サラ系２歳 新馬       (混)[指] 馬齢 13頭 本賞金:720,290,180,110,72万円",13,720.0,1,8,12,ミツカネリブラ,牡,2,56.0,菊沢,118.3,,7,14.8,41.2,7-8-4-3,美浦 清水英,474,0,
202406050406,2024-12-08,中山,6,2歳新馬,ダ,1800,右,晴,良,"5回 中山 4日目 サラ系２歳 新馬       (混)[指] 馬齢 13頭 本賞金:720,290,180,110,72万円",13,720.0,2,4,5,ルージュキャルト,牝,2,55.0,横山武,118.4,クビ,3,6.2,41.5,3-3-3-1,栗東 矢作,464,0,
202406050406,2024-12-08,中山,6,2歳新馬,ダ,1800,右,晴,良,"5回 中山 4日目 サラ系２歳 新馬       (混)[指] 馬齢 13頭 本賞金:720,290,180,110,72万円",13,720.0,3,5,6,ヴィラスターリ,牡,2,56.0,内田博,118.4,クビ,2,4.8,41.3,4-6-4-6,美浦 矢野,466,0,
202406050406,2024-12-08,中山,6,2歳新馬,ダ,1800,右,晴,良,"5回 中山 4日目 サラ系２歳 新馬       (混)[指] 馬齢 13頭 本賞金:720,290,180,110,72万円",13,720.0,4,1,1,レッドボブ,牡,2,56.0,浜中,118.5,クビ,4,6.3,41.5,7-6-4-4,栗東 田中克,528,0,
202406050406,2024-12-08,中山,6,2歳新馬,ダ,1800,右,晴,良,"5回 中山 4日目 サラ系２歳 新馬       (混)[指] 馬齢 13頭 本賞金:720,290,180,110,72万円",13,720.0,5,7,11,ルクスエクレール,牡,2,56.0,杉原,118.7,1,11,45.5,41.1,10-10-7-7,美浦 大和田,428,0,
202406050406,2024-12-08,中山,6,2歳新馬,ダ,1800,右,晴,良,"5回 中山 4日目 サラ系２歳 新馬       (混)[指] 馬齢 13頭 本賞金:720,290,180,110,72万円",13,720.0,6,8,13,ワウワウワウ,牡,2,56.0,木幡巧,119.6,5,6,9.8,42.9,2-2-2-2,美浦 牧,510,0,
202406050406,2024-12-08,中山,6,2歳新馬,ダ,1800,右,晴,良,"5回 中山 4日目 サラ系２歳 新馬       (混)[指] 馬齢 13頭 本賞金:720,290,180,110,72万円",13,720.0,7,6,9,サンライズジュピタ,牡,2,56.0,藤懸,120.4,5,5,7.6,42.8,12-11-7-7,栗東 石坂,500,0,
202406050406,2024-12-08,中山,6,2歳新馬,ダ,1800,右,晴,良,"5回 中山 4日目 サラ系２歳 新馬       (混)[指] 馬齢 13頭 本賞金:720,290,180,110,72万円",13,720.0,8,5,7,サンマルストロング,牡,2,56.0,津村,120.9,3,13,162.2,41.7,13-13-13-11,美浦 土田,532,0,
202406050406,2024-12-08,中山,6,2歳新馬,ダ,1800,右,晴,良,"5回 中山 4日目 サラ系２歳 新馬       (混)[指] 馬齢 13頭 本賞金:720,290,180,110,72万円",13,720.0,9,2,2,ラトラディシオン,牝,2,55.0,三浦,121.7,5,12,85.1,43.7,11-11-10-9,美浦 小手川,494,0,
202406050406,2024-12-08,中山,6,2歳新馬,ダ,1800,右,晴,良,"5回 中山 4日目 サラ系２歳 新馬       (混)[指] 馬齢 13頭 本賞金:720,290,180,110,72万円",13,720.0,10,7,10,ララヴァンダンジュ,牝,2,55.0,岩田康,122.6,5,1,3.4,45.9,1-1-1-4,美浦 大竹,454,0,
202406050406,2024-12-08,中山,6,2歳新馬,ダ,1800,右,晴,良,"5回 中山 4日目 サラ系２歳 新馬       (混)[指] 馬齢 13頭 本賞金:720,290,180,110,72万円",13,720.0,11,3,3,ラースアルアイン,牡,2,56.0,岩部,124.5,大,8,21.8,46.8,4-4-7-10,美浦 中川,532,0,
202406050406,2024-12-08,中山,6,2歳新馬,ダ,1800,右,晴,良,"5回 中山 4日目 サラ系２歳 新馬       (混)[指] 馬齢 13頭 本賞金:720,290,180,110,72万円",13,720.0,12,4,4,セイウンオスミウム,牡,2,56.0,武藤,131.6,大,10,43.8,52.6,4-5-11-12,美浦 水野,566,0,
202406050406,2024-12-08,中山,6,2歳新馬,ダ,1800,右,晴,良,"5回 中山 4日目 サラ系２歳 新馬       (混)[指] 馬齢 13頭 本賞金:720,290,180,110,72万円",13,720.0,13,6,8,サクラトップワード,牡,2,56.0,丹内,133.3,10,9,41.7,54.2,7-8-11-13,美浦 武市,560,0,
202406050407,2024-12-08,中山,7,2歳1勝クラス,ダ,1800,右,晴,良,"5回 中山 4日目 サラ系２歳 １勝クラス       (混)(特指) 馬齢 13頭 本賞金:780,310,200,120,78万円",13,780.0,1,1,1,ジャナドリア,牡,2,56.0,横山武,114.1,,2,4.9,37.9,12-12-12-7,美浦 武井,518,16,
202406050407,2024-12-08,中山,7,2歳1勝クラス,ダ,1800,右,晴,良,"5回 中山 4日目 サラ系２歳 １勝クラス       (混)(特指) 馬齢 13頭 本賞金:780,310,200,120,78万円",13,780.0,2,7,10,ベリタバグス,牡,2,56.0,黛,114.4,1.3/4,1,1.9,39.3,3-3-2-2,美浦 森一,484,8,
202406050407,2024-12-08,中山,7,2歳1勝クラス,ダ,1800,右,晴,良,"5回 中山 4日目 サラ系２歳 １勝クラス       (混)(特指) 馬齢 13頭 本賞金:780,310,200,120,78万円",13,780.0,3,4,5,シャイニーシップ,牡,2,56.0,丹内,114.8,2.1/2,5,9.4,39.3,10-9-6-2,美浦 畠山,486,0,
202406050407,2024-12-08,中山,7,2歳1勝クラス,ダ,1800,右,晴,良,"5回 中山 4日目 サラ系２歳 １勝クラス       (混)(特指) 馬齢 13頭 本賞金:780,310,200,120,78万円",13,780.0,4,5,6,レッドルイナール,牡,2,56.0,岩田康,115.3,3,4,8.4,39.9,5-5-4-5,美浦 加藤征,486,-4,
202406050407,2024-12-08,中山,7,2歳1勝クラス,ダ,1800,右,晴,良,"5回 中山 4日目 サラ系２歳 １勝クラス       (混)(特指) 馬齢 13頭 本賞金:780,310,200,120,78万円",13,780.0,5,3,3,マタミカンサン,牝,2,55.0,田辺,115.4,3/4,7,65.4,40.1,4-4-4-5,美浦 加藤士,472,6,
202406050407,2024-12-08,中山,7,2歳1勝クラス,ダ,1800,右,晴,良,"5回 中山 4日目 サラ系２歳 １勝クラス       (混)(特指) 馬齢 13頭 本賞金:780,310,200,120,78万円",13,780.0,6,8,12,レッドベルダンス,牡,2,56.0,嶋田,115.7,2,6,13.7,39.6,12-12-11-11,美浦 手塚,474,10,
202406050407,2024-12-08,中山,7,2歳1勝クラス,ダ,1800,右,晴,良,"5回 中山 4日目 サラ系２歳 １勝クラス       (混)(特指) 馬齢 13頭 本賞金:780,310,200,120,78万円",13,780.0,7,5,7,ニヒトツーゼーア,牡,2,56.0,菱田,115.8,1/2,10,87.0,40.8,2-2-2-1,栗東 中竹,504,2,
202406050407,2024-12-08,中山,7,2歳1勝クラス,ダ,1800,右,晴,良,"5回 中山 4日目 サラ系２歳 １勝クラス       (混)(特指) 馬齢 13頭 本賞金:780,310,200,120,78万円",13,780.0,8,7,11,スワッガー,牡,2,56.0,丸田,116.2,2.1/2,9,71.9,40.5,6-6-8-7,美浦 武市,536,6,
202406050407,2024-12-08,中山,7,2歳1勝クラス,ダ,1800,右,晴,良,"5回 中山 4日目 サラ系２歳 １勝クラス       (混)(特指) 馬齢 13頭 本賞金:780,310,200,120,78万円",13,780.0,9,6,9,アルマグラース,牝,2,55.0,津村,116.2,アタマ,12,203.0,40.4,11-11-9-7,美浦 水野,456,2,
202406050407,2024-12-08,中山,7,2歳1勝クラス,ダ,1800,右,晴,良,"5回 中山 4日目 サラ系２歳 １勝クラス       (混)(特指) 馬齢 13頭 本賞金:780,310,200,120,78万円",13,780.0,10,6,8,タイヨウフレア,牝,2,54.0,☆原,116.6,2.1/2,11,112.1,41.0,8-8-6-7,美浦 杉浦,502,16,
202406050407,2024-12-08,中山,7,2歳1勝クラス,ダ,1800,右,晴,良,"5回 中山 4日目 サラ系２歳 １勝クラス       (混)(特指) 馬齢 13頭 本賞金:780,310,200,120,78万円",13,780.0,11,2,2,ケイアイマハナ,牡,2,56.0,北村宏,117.7,7,8,71.6,41.4,8-9-12-13,栗東 村山,492,6,
202406050407,2024-12-08,中山,7,2歳1勝クラス,ダ,1800,右,晴,良,"5回 中山 4日目 サラ系２歳 １勝クラス       (混)(特指) 馬齢 13頭 本賞金:780,310,200,120,78万円",13,780.0,12,8,13,ドゥカート,牡,2,56.0,横山和,117.9,1,3,5.6,42.9,1-1-1-2,美浦 宮田,468,6,
202406050407,2024-12-08,中山,7,2歳1勝クラス,ダ,1800,右,晴,良,"5回 中山 4日目 サラ系２歳 １勝クラス       (混)(特指) 馬齢 13頭 本賞金:780,310,200,120,78万円",13,780.0,13,4,4,パナランギン,牡,2,56.0,大野,118.0,1/2,13,251.8,42.2,6-6-9-12,美浦 松山,490,-4,
202406050408,2024-12-08,中山,8,3歳以上1勝クラス,ダ,2500,右,晴,良,"5回 中山 4日目 サラ系３歳以上 １勝クラス       [指] 定量 14頭 本賞金:800,320,200,120,80万円",14,800.0,1,1,1,レヴォントゥレット,牡,3,56.0,横山武,163.1,,1,2.4,40.6,2-2-2-1,栗東 矢作,494,14,
202406050408,2024-12-08,中山,8,3歳以上1勝クラス,ダ,2500,右,晴,良,"5回 中山 4日目 サラ系３歳以上 １勝クラス       [指] 定量 14頭 本賞金:800,320,200,120,80万円",14,800.0,2,2,2,シーリュウシー,牡,3,56.0,菱田,163.2,1/2,3,8.0,40.1,13-13-9-3,栗東 岡田,500,2,
202406050408,2024-12-08,中山,8,3歳以上1勝クラス,ダ,2500,右,晴,良,"5回 中山 4日目 サラ系３歳以上 １勝クラス       [指] 定量 14頭 本賞金:800,320,200,120,80万円",14,800.0,3,5,7,コスモジンバック,牡,3,56.0,石橋脩,165.0,大,8,21.0,42.5,4-4-2-2,美浦 相沢,484,10,
202406050408,2024-12-08,中山,8,3歳以上1勝クラス,ダ,2500,右,晴,良,"5回 中山 4日目 サラ系３歳以上 １勝クラス       [指] 定量 14頭 本賞金:800,320,200,120,80万円",14,800.0,4,7,12,トゥザヒロイン,牝,5,56.0,大野,165.1,1/2,10,40.4,41.4,12-12-11-5,美浦 辻,534,-2,
202406050408,2024-12-08,中山,8,3歳以上1勝クラス,ダ,2500,右,晴,良,"5回 中山 4日目 サラ系３歳以上 １勝クラス       [指] 定量 14頭 本賞金:800,320,200,120,80万円",14,800.0,5,6,10,ブレイヴアロウ,牡,4,58.0,斎藤,165.1,クビ,11,43.1,42.3,10-10-4-3,美浦 辻,502,14,
202406050408,2024-12-08,中山,8,3歳以上1勝クラス,ダ,2500,右,晴,良,"5回 中山 4日目 サラ系３歳以上 １勝クラス       [指] 定量 14頭 本賞金:800,320,200,120,80万円",14,800.0,6,8,13,パッカパッカブー,牡,3,56.0,丸田,165.2,1/2,6,12.8,42.3,7-8-8-9,美浦 堀内,496,2,
202406050408,2024-12-08,中山,8,3歳以上1勝クラス,ダ,2500,右,晴,良,"5回 中山 4日目 サラ系３歳以上 １勝クラス       [指] 定量 14頭 本賞金:800,320,200,120,80万円",14,800.0,7,3,3,テトラード,牡,3,56.0,石川,165.6,2,12,87.0,41.8,13-14-13-5,栗東 坂口,464,4,
202406050408,2024-12-08,中山,8,3歳以上1勝クラス,ダ,2500,右,晴,良,"5回 中山 4日目 サラ系３歳以上 １勝クラス       [指] 定量 14頭 本賞金:800,320,200,120,80万円",14,800.0,8,8,14,エアロソニック,牡,3,56.0,菊沢,166.4,5,5,11.5,43.6,4-4-4-9,美浦 鈴木慎,538,-2,
202406050408,2024-12-08,中山,8,3歳以上1勝クラス,ダ,2500,右,晴,良,"5回 中山 4日目 サラ系３歳以上 １勝クラス       [指] 定量 14頭 本賞金:800,320,200,120,80万円",14,800.0,9,3,4,ダノンペドロ,セ,4,58.0,田辺,166.7,2,2,4.7,43.6,7-7-9-12,栗東 寺島,484,0,
202406050408,2024-12-08,中山,8,3歳以上1勝クラス,ダ,2500,右,晴,良,"5回 中山 4日目 サラ系３歳以上 １勝クラス       [指] 定量 14頭 本賞金:800,320,200,120,80万円",14,800.0,10,4,5,アドアプローズ,牡,3,55.0,☆原,167.3,3.1/2,13,87.2,43.7,10-9-11-12,美浦 小手川,462,-3,
202406050408,2024-12-08,中山,8,3歳以上1勝クラス,ダ,2500,右,晴,良,"5回 中山 4日目 サラ系３歳以上 １勝クラス       [指] 定量 14頭 本賞金:800,320,200,120,80万円",14,800.0,11,7,11,ハンデンカイザー,牡,3,56.0,木幡巧,167.9,4,4,8.1,45.2,4-4-4-5,美浦 牧,506,-2,
202406050408,2024-12-08,中山,8,3歳以上1勝クラス,ダ,2500,右,晴,良,"5回 中山 4日目 サラ系３歳以上 １勝クラス       [指] 定量 14頭 本賞金:800,320,200,120,80万円",14,800.0,12,6,9,セイウンガレオン,セ,5,58.0,藤懸,168.3,2,9,23.1,45.9,1-1-1-5,美浦 奥平,528,-12,
202406050408,2024-12-08,中山,8,3歳以上1勝クラス,ダ,2500,右,晴,良,"5回 中山 4日目 サラ系３歳以上 １勝クラス       [指] 定量 14頭 本賞金:800,320,200,120,80万円",14,800.0,13,4,6,エーデル,牝,3,54.0,丹内,168.3,クビ,7,16.3,45.6,3-3-4-9,美浦 金成,460,2,
202406050408,2024-12-08,中山,8,3歳以上1勝クラス,ダ,2500,右,晴,良,"5回 中山 4日目 サラ系３歳以上 １勝クラス       [指] 定量 14頭 本賞金:800,320,200,120,80万円",14,800.0,14,5,8,フォールロワ,セ,5,54.0,★小林美,175.7,大,14,237.1,49.3,9-11-14-14,美浦 奥平,460,2,
202406050409,2024-12-08,中山,9,チバテレ杯,芝,2000,右,晴,良,"5回 中山 4日目 サラ系３歳以上 ２勝クラス       (混) 牝[指] 定量 16頭 本賞金:1550,620,390,230,155万円",16,1550.0,1,5,9,ガジュノリ,牝,3,55.0,丹内,119.9,,2,4.4,35.5,7-7-7-7,美浦 尾形,476,10,
202406050409,2024-12-08,中山,9,チバテレ杯,芝,2000,右,晴,良,"5回 中山 4日目 サラ系３歳以上 ２勝クラス       (混) 牝[指] 定量 16頭 本賞金:1550,620,390,230,155万円",16,1550.0,2,1,1,ビターグラッセ,牝,4,56.0,田辺,120.0,クビ,5,7.3,35.6,8-7-7-7,美浦 栗田,504,0,
202406050409,2024-12-08,中山,9,チバテレ杯,芝,2000,右,晴,良,"5回 中山 4日目 サラ系３歳以上 ２勝クラス       (混) 牝[指] 定量 16頭 本賞金:1550,620,390,230,155万円",16,1550.0,3,8,15,フラミニア,牝,4,56.0,石川,120.1,1/2,4,7.2,35.3,10-11-10-10,美浦 森一,466,-2,
202406050409,2024-12-08,中山,9,チバテレ杯,芝,2000,右,晴,良,"5回 中山 4日目 サラ系３歳以上 ２勝クラス       (混) 牝[指] 定量 16頭 本賞金:1550,620,390,230,155万円",16,1550.0,4,3,5,レディベル,牝,5,56.0,内田博,120.1,クビ,13,83.9,35.4,10-10-10-10,美浦 辻,532,-16,
202406050409,2024-12-08,中山,9,チバテレ杯,芝,2000,右,晴,良,"5回 中山 4日目 サラ系３歳以上 ２勝クラス       (混) 牝[指] 定量 16頭 本賞金:1550,620,390,230,155万円",16,1550.0,5,4,7,レミージュ,牝,4,56.0,三浦,120.2,1/2,9,39.0,36.3,1-1-1-1,栗東 松永幹,448,0,
202406050409,2024-12-08,中山,9,チバテレ杯,芝,2000,右,晴,良,"5回 中山 4日目 サラ系３歳以上 ２勝クラス       (混) 牝[指] 定量 16頭 本賞金:1550,620,390,230,155万円",16,1550.0,6,6,12,ピンクジン,牝,4,56.0,丸田,120.3,クビ,12,61.0,35.8,9-9-7-4,美浦 南田,448,4,
202406050409,2024-12-08,中山,9,チバテレ杯,芝,2000,右,晴,良,"5回 中山 4日目 サラ系３歳以上 ２勝クラス       (混) 牝[指] 定量 16頭 本賞金:1550,620,390,230,155万円",16,1550.0,7,4,8,アトミックフレア,牝,6,56.0,菱田,120.3,クビ,15,217.3,35.3,12-12-12-12,栗東 渡辺,442,-2,
202406050409,2024-12-08,中山,9,チバテレ杯,芝,2000,右,晴,良,"5回 中山 4日目 サラ系３歳以上 ２勝クラス       (混) 牝[指] 定量 16頭 本賞金:1550,620,390,230,155万円",16,1550.0,8,6,11,ヴァイルマティ,牝,4,56.0,斎藤,120.4,1/2,11,49.3,35.2,12-13-13-13,美浦 鹿戸,512,2,
202406050409,2024-12-08,中山,9,チバテレ杯,芝,2000,右,晴,良,"5回 中山 4日目 サラ系３歳以上 ２勝クラス       (混) 牝[指] 定量 16頭 本賞金:1550,620,390,230,155万円",16,1550.0,9,2,3,カテリーナ,牝,3,55.0,津村,120.4,クビ,3,5.4,36.2,5-5-4-4,栗東 田中克,468,-2,
202406050409,2024-12-08,中山,9,チバテレ杯,芝,2000,右,晴,良,"5回 中山 4日目 サラ系３歳以上 ２勝クラス       (混) 牝[指] 定量 16頭 本賞金:1550,620,390,230,155万円",16,1550.0,10,1,2,アマイ,牝,4,56.0,大野,120.6,3/4,7,19.6,36.4,4-3-4-4,美浦 伊藤大,458,2,
202406050409,2024-12-08,中山,9,チバテレ杯,芝,2000,右,晴,良,"5回 中山 4日目 サラ系３歳以上 ２勝クラス       (混) 牝[指] 定量 16頭 本賞金:1550,620,390,230,155万円",16,1550.0,11,8,16,ティンク,牝,3,55.0,吉田隼,120.7,3/4,6,12.2,36.6,3-3-2-2,美浦 久保田,502,6,
202406050409,2024-12-08,中山,9,チバテレ杯,芝,2000,右,晴,良,"5回 中山 4日目 サラ系３歳以上 ２勝クラス       (混) 牝[指] 定量 16頭 本賞金:1550,620,390,230,155万円",16,1550.0,12,5,10,マスキュリン,牝,4,56.0,原,120.7,ハナ,10,42.6,35.3,14-14-14-14,栗東 新谷,442,-8,
202406050409,2024-12-08,中山,9,チバテレ杯,芝,2000,右,晴,良,"5回 中山 4日目 サラ系３歳以上 ２勝クラス       (混) 牝[指] 定量 16頭 本賞金:1550,620,390,230,155万円",16,1550.0,13,2,4,テリオスマナ,牝,6,56.0,藤懸,120.8,クビ,14,112.2,35.1,15-15-15-14,栗東 松下,464,0,
202406050409,2024-12-08,中山,9,チバテレ杯,芝,2000,右,晴,良,"5回 中山 4日目 サラ系３歳以上 ２勝クラス       (混) 牝[指] 定量 16頭 本賞金:1550,620,390,230,155万円",16,1550.0,14,7,14,エバーハンティング,牝,5,56.0,吉田豊,120.8,クビ,8,32.1,36.5,5-5-6-7,美浦 小島,424,-2,
202406050409,2024-12-08,中山,9,チバテレ杯,芝,2000,右,晴,良,"5回 中山 4日目 サラ系３歳以上 ２勝クラス       (混) 牝[指] 定量 16頭 本賞金:1550,620,390,230,155万円",16,1550.0,15,3,6,ガールズレジェンド,牝,4,56.0,横山武,121.2,2,1,3.4,37.2,2-2-2-2,美浦 上原佑,464,-4,
202406050409,2024-12-08,中山,9,チバテレ杯,芝,2000,右,晴,良,"5回 中山 4日目 サラ系３歳以上 ２勝クラス       (混) 牝[指] 定量 16頭 本賞金:1550,620,390,230,155万円",16,1550.0,16,7,13,コルベイユ,牝,5,56.0,石田,122.5,8,16,413.4,36.3,16-16-16-16,美浦 新開,456,8,
202406050410,2024-12-08,中山,10,師走S,ダ,1800,右,晴,良,"5回 中山 4日目 サラ系３歳以上 オープン       (国際)(特指) ハンデ 16頭 本賞金:2400,960,600,360,240万円",16,2400.0,1,6,12,ロードアヴニール,牡,4,57.5,横山和,111.8,,1,2.0,37.9,5-5-4-4,栗東 野中,484,-4,
202406050410,2024-12-08,中山,10,師走S,ダ,1800,右,晴,良,"5回 中山 4日目 サラ系３歳以上 オープン       (国際)(特指) ハンデ 16頭 本賞金:2400,960,600,360,240万円",16,2400.0,2,7,14,サンデーファンデー,牡,4,54.0,浜中,111.8,クビ,7,18.5,38.2,1-1-1-1,栗東 音無,524,4,
202406050410,2024-12-08,中山,10,師走S,ダ,1800,右,晴,良,"5回 中山 4日目 サラ系３歳以上 オープン       (国際)(特指) ハンデ 16頭 本賞金:2400,960,600,360,240万円",16,2400.0,3,5,9,アクションプラン,牡,4,56.0,内田博,112.2,2.1/2,6,12.6,38.5,3-3-2-2,美浦 池上,514,8,
202406050410,2024-12-08,中山,10,師走S,ダ,1800,右,晴,良,"5回 中山 4日目 サラ系３歳以上 オープン       (国際)(特指) ハンデ 16頭 本賞金:2400,960,600,360,240万円",16,2400.0,4,7,13,チュウワハート,牡,4,55.0,三浦,112.3,1/2,3,8.3,38.3,5-5-4-4,栗東 大久保,520,-6,
202406050410,2024-12-08,中山,10,師走S,ダ,1800,右,晴,良,"5回 中山 4日目 サラ系３歳以上 オープン       (国際)(特指) ハンデ 16頭 本賞金:2400,960,600,360,240万円",16,2400.0,5,8,16,キタノリューオー,牡,6,57.0,津村,112.3,アタマ,9,35.5,37.9,11-12-10-9,美浦 萱野,478,3,
202406050410,2024-12-08,中山,10,師走S,ダ,1800,右,晴,良,"5回 中山 4日目 サラ系３歳以上 オープン       (国際)(特指) ハンデ 16頭 本賞金:2400,960,600,360,240万円",16,2400.0,6,4,7,ブレイクフォース,牡,5,57.5,田辺,112.4,1/2,2,5.2,37.5,14-14-13-11,美浦 中舘,502,10,
202406050410,2024-12-08,中山,10,師走S,ダ,1800,右,晴,良,"5回 中山 4日目 サラ系３歳以上 オープン       (国際)(特指) ハンデ 16頭 本賞金:2400,960,600,360,240万円",16,2400.0,7,3,6,ニューモニュメント,牡,8,57.0,石橋脩,112.6,3/4,16,194.9,37.1,15-15-15-15,栗東 小崎,500,12,
202406050410,2024-12-08,中山,10,師走S,ダ,1800,右,晴,良,"5回 中山 4日目 サラ系３歳以上 オープン       (国際)(特指) ハンデ 16頭 本賞金:2400,960,600,360,240万円",16,2400.0,8,2,3,メイショウフンジン,牡,6,58.0,菱田,112.7,1/2,5,12.0,39.0,2-2-2-2,栗東 西園正,516,-1,
202406050410,2024-12-08,中山,10,師走S,ダ,1800,右,晴,良,"5回 中山 4日目 サラ系３歳以上 オープン       (国際)(特指) ハンデ 16頭 本賞金:2400,960,600,360,240万円",16,2400.0,9,3,5,カンピオーネ,牡,5,55.0,横山武,112.9,1,4,11.2,38.0,13-13-13-13,美浦 栗田,524,8,
202406050410,2024-12-08,中山,10,師走S,ダ,1800,右,晴,良,"5回 中山 4日目 サラ系３歳以上 オープン       (国際)(特指) ハンデ 16頭 本賞金:2400,960,600,360,240万円",16,2400.0,10,8,15,アイファーテイオー,牡,4,54.0,藤懸,113.0,1/2,13,92.1,38.7,11-11-10-6,栗東 鮫島,472,6,
202406050410,2024-12-08,中山,10,師走S,ダ,1800,右,晴,良,"5回 中山 4日目 サラ系３歳以上 オープン       (国際)(特指) ハンデ 16頭 本賞金:2400,960,600,360,240万円",16,2400.0,11,5,10,ゲンパチルシファー,牡,8,57.0,大野,113.3,2,15,156.3,39.1,9-9-7-6,栗東 佐々木,506,0,
202406050410,2024-12-08,中山,10,師走S,ダ,1800,右,晴,良,"5回 中山 4日目 サラ系３歳以上 オープン       (国際)(特指) ハンデ 16頭 本賞金:2400,960,600,360,240万円",16,2400.0,12,2,4,エクセスリターン,牡,5,55.0,石川,113.6,1.3/4,14,111.1,37.7,16-16-16-16,栗東 野中,536,10,
202406050410,2024-12-08,中山,10,師走S,ダ,1800,右,晴,良,"5回 中山 4日目 サラ系３歳以上 オープン       (国際)(特指) ハンデ 16頭 本賞金:2400,960,600,360,240万円",16,2400.0,13,4,8,ピースオブザライフ,牝,4,53.0,斎藤,113.6,アタマ,11,49.1,39.4,8-8-7-6,栗東 野中,480,-8,
202406050410,2024-12-08,中山,10,師走S,ダ,1800,右,晴,良,"5回 中山 4日目 サラ系３歳以上 オープン       (国際)(特指) ハンデ 16頭 本賞金:2400,960,600,360,240万円",16,2400.0,14,1,1,ナチュラルハイ,牡,4,57.0,原,114.0,2,10,35.7,39.8,7-7-7-11,美浦 黒岩,484,6,
202406050410,2024-12-08,中山,10,師走S,ダ,1800,右,晴,良,"5回 中山 4日目 サラ系３歳以上 オープン       (国際)(特指) ハンデ 16頭 本賞金:2400,960,600,360,240万円",16,2400.0,15,6,11,ヒューゴ,牡,4,54.0,岩田康,114.2,1.1/4,8,33.2,39.7,10-10-12-13,美浦 加藤征,456,0,
202406050410,2024-12-08,中山,10,師走S,ダ,1800,右,晴,良,"5回 中山 4日目 サラ系３歳以上 オープン       (国際)(特指) ハンデ 16頭 本賞金:2400,960,600,360,240万円",16,2400.0,16,1,2,クラヴィコード,牝,3,51.0,酒井,115.6,8,12,61.1,41.7,3-3-4-9,栗東 中村,486,6,
202406050411,2024-12-08,中山,11,カペラS,ダ,1200,右,晴,良,"5回 中山 4日目 サラ系３歳以上 オープン       (国際)(指) 別定 16頭 本賞金:3800,1500,950,570,380万円",16,3800.0,1,3,6,ガビーズシスター,牝,3,54.0,吉田隼,70.1,,1,3.3,36.3,7-7,美浦 森一,460,0,
202406050411,2024-12-08,中山,11,カペラS,ダ,1200,右,晴,良,"5回 中山 4日目 サラ系３歳以上 オープン       (国際)(指) 別定 16頭 本賞金:3800,1500,950,570,380万円",16,3800.0,2,5,9,クロジシジョー,牡,5,57.0,浜中,70.1,クビ,7,15.1,35.9,10-9,栗東 岡田,452,-6,
202406050411,2024-12-08,中山,11,カペラS,ダ,1200,右,晴,良,"5回 中山 4日目 サラ系３歳以上 オープン       (国際)(指) 別定 16頭 本賞金:3800,1500,950,570,380万円",16,3800.0,3,2,4,ジレトール,牡,5,57.0,大野,70.2,クビ,9,29.1,36.1,9-9,栗東 松永幹,476,-4,
202406050411,2024-12-08,中山,11,カペラS,ダ,1200,右,晴,良,"5回 中山 4日目 サラ系３歳以上 オープン       (国際)(指) 別定 16頭 本賞金:3800,1500,950,570,380万円",16,3800.0,4,7,14,サンライズアムール,牡,5,57.0,斎藤,70.3,1/2,5,6.9,37.3,3-3,栗東 小林,516,2,
202406050411,2024-12-08,中山,11,カペラS,ダ,1200,右,晴,良,"5回 中山 4日目 サラ系３歳以上 オープン       (国際)(指) 別定 16頭 本賞金:3800,1500,950,570,380万円",16,3800.0,5,5,10,エティエンヌ,セ,5,57.0,津村,70.3,アタマ,14,109.3,36.0,11-11,栗東 吉田,518,-4,
202406050411,2024-12-08,中山,11,カペラS,ダ,1200,右,晴,良,"5回 中山 4日目 サラ系３歳以上 オープン       (国際)(指) 別定 16頭 本賞金:3800,1500,950,570,380万円",16,3800.0,6,6,11,チカッパ,牡,3,58.0,横山典,70.3,ハナ,2,5.1,35.7,12-11,栗東 中竹,500,3,
202406050411,2024-12-08,中山,11,カペラS,ダ,1200,右,晴,良,"5回 中山 4日目 サラ系３歳以上 オープン       (国際)(指) 別定 16頭 本賞金:3800,1500,950,570,380万円",16,3800.0,7,4,8,インビンシブルパパ,牡,3,55.0,三浦,70.5,1,4,6.9,37.2,5-5,美浦 伊藤大,530,-6,
202406050411,2024-12-08,中山,11,カペラS,ダ,1200,右,晴,良,"5回 中山 4日目 サラ系３歳以上 オープン       (国際)(指) 別定 16頭 本賞金:3800,1500,950,570,380万円",16,3800.0,8,1,1,ナムラフランク,牡,5,57.0,菱田,70.5,アタマ,12,76.0,37.1,5-5,栗東 鈴木孝,490,-12,
202406050411,2024-12-08,中山,11,カペラS,ダ,1200,右,晴,良,"5回 中山 4日目 サラ系３歳以上 オープン       (国際)(指) 別定 16頭 本賞金:3800,1500,950,570,380万円",16,3800.0,9,1,2,インユアパレス,牡,3,56.0,横山武,70.6,3/4,3,6.0,36.7,7-8,栗東 須貝,482,4,
202406050411,2024-12-08,中山,11,カペラS,ダ,1200,右,晴,良,"5回 中山 4日目 サラ系３歳以上 オープン       (国際)(指) 別定 16頭 本賞金:3800,1500,950,570,380万円",16,3800.0,10,4,7,クインズメリッサ,牝,6,55.0,藤懸,70.6,クビ,10,50.7,35.8,13-13,栗東 宮本,488,-6,
202406050411,2024-12-08,中山,11,カペラS,ダ,1200,右,晴,良,"5回 中山 4日目 サラ系３歳以上 オープン       (国際)(指) 別定 16頭 本賞金:3800,1500,950,570,380万円",16,3800.0,11,8,16,イスラアネーロ,牡,5,57.0,川又,70.9,2,13,86.8,37.9,3-3,栗東 吉村,452,-2,
202406050411,2024-12-08,中山,11,カペラS,ダ,1200,右,晴,良,"5回 中山 4日目 サラ系３歳以上 オープン       (国際)(指) 別定 16頭 本賞金:3800,1500,950,570,380万円",16,3800.0,12,7,13,スズカコテキタイ,牡,5,57.0,岩田康,71.2,1.1/2,8,16.3,36.4,13-13,美浦 奥村武,500,2,
202406050411,2024-12-08,中山,11,カペラS,ダ,1200,右,晴,良,"5回 中山 4日目 サラ系３歳以上 オープン       (国際)(指) 別定 16頭 本賞金:3800,1500,950,570,380万円",16,3800.0,13,8,15,テイエムトッキュウ,牡,6,58.0,田辺,72.4,7,6,13.0,39.8,2-1,栗東 木原,494,-19,
202406050411,2024-12-08,中山,11,カペラS,ダ,1200,右,晴,良,"5回 中山 4日目 サラ系３歳以上 オープン       (国際)(指) 別定 16頭 本賞金:3800,1500,950,570,380万円",16,3800.0,14,6,12,チェイスザドリーム,牝,5,55.0,吉田豊,72.9,3.1/2,11,74.7,40.4,1-2,栗東 矢作,474,-6,
202406050411,2024-12-08,中山,11,カペラS,ダ,1200,右,晴,良,"5回 中山 4日目 サラ系３歳以上 オープン       (国際)(指) 別定 16頭 本賞金:3800,1500,950,570,380万円",16,3800.0,15,2,3,リベイクフルシティ,セ,4,57.0,和田譲,73.8,5,15,435.2,37.3,15-15,地方 宗形竹,506,1,
202406050411,2024-12-08,中山,11,カペラS,ダ,1200,右,晴,良,"5回 中山 4日目 サラ系３歳以上 オープン       (国際)(指) 別定 16頭 本賞金:3800,1500,950,570,380万円",16,3800.0,,3,5,エスカル,牡,3,56.0,横山和,,,,,,,栗東 森秀,,,取消
202406050412,2024-12-08,中山,12,3歳以上2勝クラス,芝,1600,右,晴,良,"5回 中山 4日目 サラ系３歳以上 ２勝クラス       (混)[指] 定量 16頭 本賞金:1140,460,290,170,114万円",16,1140.0,1,5,9,マルチャン,牡,4,58.0,丸田,93.7,,5,10.9,35.0,7-9-6,美浦 武市,474,2,
202406050412,2024-12-08,中山,12,3歳以上2勝クラス,芝,1600,右,晴,良,"5回 中山 4日目 サラ系３歳以上 ２勝クラス       (混)[指] 定量 16頭 本賞金:1140,460,290,170,114万円",16,1140.0,2,2,4,ラテラルシンキング,牡,4,58.0,石川,93.9,3/4,12,67.4,35.7,7-5-6,美浦 黒岩,434,0,
202406050412,2024-12-08,中山,12,3歳以上2勝クラス,芝,1600,右,晴,良,"5回 中山 4日目 サラ系３歳以上 ２勝クラス       (混)[指] 定量 16頭 本賞金:1140,460,290,170,114万円",16,1140.0,3,6,12,ケイケイ,セ,3,57.0,大野,93.9,クビ,7,25.6,35.2,10-9-11,美浦 杉浦,476,18,
202406050412,2024-12-08,中山,12,3歳以上2勝クラス,芝,1600,右,晴,良,"5回 中山 4日目 サラ系３歳以上 ２勝クラス       (混)[指] 定量 16頭 本賞金:1140,460,290,170,114万円",16,1140.0,4,7,14,プレジャークルーズ,牝,4,56.0,吉田隼,94.0,クビ,13,67.7,36.6,1-1-1,美浦 大竹,504,4,
202406050412,2024-12-08,中山,12,3歳以上2勝クラス,芝,1600,右,晴,良,"5回 中山 4日目 サラ系３歳以上 ２勝クラス       (混)[指] 定量 16頭 本賞金:1140,460,290,170,114万円",16,1140.0,5,7,13,サクセスカラー,牝,3,55.0,田辺,94.0,アタマ,1,2.9,35.8,7-5-5,美浦 久保田,468,-4,
202406050412,2024-12-08,中山,12,3歳以上2勝クラス,芝,1600,右,晴,良,"5回 中山 4日目 サラ系３歳以上 ２勝クラス       (混)[指] 定量 16頭 本賞金:1140,460,290,170,114万円",16,1140.0,6,8,16,ブルトンクール,牝,5,53.0,▲石田,94.0,クビ,11,63.8,36.4,2-2-2,美浦 新開,458,8,
202406050412,2024-12-08,中山,12,3歳以上2勝クラス,芝,1600,右,晴,良,"5回 中山 4日目 サラ系３歳以上 ２勝クラス       (混)[指] 定量 16頭 本賞金:1140,460,290,170,114万円",16,1140.0,7,2,3,エコロマーズ,牡,3,57.0,岩田康,94.1,クビ,2,3.8,36.2,3-3-3,栗東 牧浦,496,12,
202406050412,2024-12-08,中山,12,3歳以上2勝クラス,芝,1600,右,晴,良,"5回 中山 4日目 サラ系３歳以上 ２勝クラス       (混)[指] 定量 16頭 本賞金:1140,460,290,170,114万円",16,1140.0,8,5,10,トーセントラム,牡,4,58.0,菊沢,94.1,ハナ,15,115.7,35.2,13-12-11,美浦 佐藤吉,454,10,
202406050412,2024-12-08,中山,12,3歳以上2勝クラス,芝,1600,右,晴,良,"5回 中山 4日目 サラ系３歳以上 ２勝クラス       (混)[指] 定量 16頭 本賞金:1140,460,290,170,114万円",16,1140.0,9,6,11,エポックヴィーナス,牝,3,55.0,横山武,94.1,アタマ,3,5.2,34.7,14-15-14,栗東 新谷,434,-4,
202406050412,2024-12-08,中山,12,3歳以上2勝クラス,芝,1600,右,晴,良,"5回 中山 4日目 サラ系３歳以上 ２勝クラス       (混)[指] 定量 16頭 本賞金:1140,460,290,170,114万円",16,1140.0,10,4,8,スペンサーバローズ,牡,4,57.0,☆原,94.2,1/2,14,68.4,35.7,5-8-6,美浦 蛯名正,494,2,
202406050412,2024-12-08,中山,12,3歳以上2勝クラス,芝,1600,右,晴,良,"5回 中山 4日目 サラ系３歳以上 ２勝クラス       (混)[指] 定量 16頭 本賞金:1140,460,290,170,114万円",16,1140.0,11,3,6,ロゼル,牡,4,58.0,杉原,94.2,アタマ,4,7.3,35.0,12-14-14,美浦 大和田,486,0,
202406050412,2024-12-08,中山,12,3歳以上2勝クラス,芝,1600,右,晴,良,"5回 中山 4日目 サラ系３歳以上 ２勝クラス       (混)[指] 定量 16頭 本賞金:1140,460,290,170,114万円",16,1140.0,12,1,1,エリーズダイヤ,牝,4,56.0,吉田豊,94.2,アタマ,8,28.4,35.5,11-9-11,美浦 戸田,482,2,
202406050412,2024-12-08,中山,12,3歳以上2勝クラス,芝,1600,右,晴,良,"5回 中山 4日目 サラ系３歳以上 ２勝クラス       (混)[指] 定量 16頭 本賞金:1140,460,290,170,114万円",16,1140.0,13,1,2,ボルタドマール,セ,5,58.0,丹内,94.4,1.1/4,9,36.4,36.5,3-3-3,美浦 黒岩,520,8,
202406050412,2024-12-08,中山,12,3歳以上2勝クラス,芝,1600,右,晴,良,"5回 中山 4日目 サラ系３歳以上 ２勝クラス       (混)[指] 定量 16頭 本賞金:1140,460,290,170,114万円",16,1140.0,14,8,15,ステラバルセロナ,牝,4,56.0,横山和,94.5,クビ,6,23.1,35.6,14-12-9,美浦 菊川,428,16,
202406050412,2024-12-08,中山,12,3歳以上2勝クラス,芝,1600,右,晴,良,"5回 中山 4日目 サラ系３歳以上 ２勝クラス       (混)[指] 定量 16頭 本賞金:1140,460,290,170,114万円",16,1140.0,15,4,7,セラフィナイト,牡,6,58.0,野中,94.6,3/4,16,165.2,35.2,16-15-14,美浦 矢嶋,448,0,
202406050412,2024-12-08,中山,12,3歳以上2勝クラス,芝,1600,右,晴,良,"5回 中山 4日目 サラ系３歳以上 ２勝クラス       (混)[指] 定量 16頭 本賞金:1140,460,290,170,114万円",16,1140.0,16,3,5,ノーダブルディップ,牡,6,58.0,北村宏,94.6,アタマ,10,52.3,36.2,5-7-9,美浦 古賀,550,6,
202407040401,2024-12-08,中京,1,2歳未勝利,ダ,1200,左,晴,良,"4回 中京 4日目 サラ系２歳 未勝利       [指] 馬齢 12頭 本賞金:550,220,140,83,55万円",12,550.0,1,6,7,モズタチアガレ,牡,2,53.0,▲柴田裕,73.0,,1,2.0,37.3,2-3,栗東 中尾,480,10,
202407040401,2024-12-08,中京,1,2歳未勝利,ダ,1200,左,晴,良,"4回 中京 4日目 サラ系２歳 未勝利       [指] 馬齢 12頭 本賞金:550,220,140,83,55万円",12,550.0,2,2,2,リクエイ,牝,2,55.0,長岡,73.2,1.1/4,4,15.4,37.5,2-2,美浦 竹内,420,4,
202407040401,2024-12-08,中京,1,2歳未勝利,ダ,1200,左,晴,良,"4回 中京 4日目 サラ系２歳 未勝利       [指] 馬齢 12頭 本賞金:550,220,140,83,55万円",12,550.0,3,8,12,テイエムバゴオウ,牡,2,56.0,田中健,73.6,2.1/2,5,16.0,37.3,7-7,栗東 木原,462,10,
202407040401,2024-12-08,中京,1,2歳未勝利,ダ,1200,左,晴,良,"4回 中京 4日目 サラ系２歳 未勝利       [指] 馬齢 12頭 本賞金:550,220,140,83,55万円",12,550.0,4,5,6,コンパクトファイト,牡,2,53.0,▲石神道,73.6,クビ,9,121.1,36.9,10-9,美浦 天間,422,-2,
202407040401,2024-12-08,中京,1,2歳未勝利,ダ,1200,左,晴,良,"4回 中京 4日目 サラ系２歳 未勝利       [指] 馬齢 12頭 本賞金:550,220,140,83,55万円",12,550.0,5,1,1,ハルサメ,牝,2,53.0,△高杉,73.8,1.1/4,3,5.6,37.7,5-6,栗東 西園翔,416,-4,
202407040401,2024-12-08,中京,1,2歳未勝利,ダ,1200,左,晴,良,"4回 中京 4日目 サラ系２歳 未勝利       [指] 馬齢 12頭 本賞金:550,220,140,83,55万円",12,550.0,6,7,10,ビアンカネーヴェ,牝,2,55.0,亀田,74.0,1,2,2.4,38.4,1-1,栗東 北出,462,6,
202407040401,2024-12-08,中京,1,2歳未勝利,ダ,1200,左,晴,良,"4回 中京 4日目 サラ系２歳 未勝利       [指] 馬齢 12頭 本賞金:550,220,140,83,55万円",12,550.0,7,5,5,スマートピリカ,牝,2,51.0,★河原田,74.1,1/2,11,210.3,37.7,8-8,栗東 渡辺,478,-2,
202407040401,2024-12-08,中京,1,2歳未勝利,ダ,1200,左,晴,良,"4回 中京 4日目 サラ系２歳 未勝利       [指] 馬齢 12頭 本賞金:550,220,140,83,55万円",12,550.0,8,4,4,フォラメン,牝,2,55.0,川須,74.2,1/2,8,96.9,38.3,4-4,栗東 森田,428,2,
202407040401,2024-12-08,中京,1,2歳未勝利,ダ,1200,左,晴,良,"4回 中京 4日目 サラ系２歳 未勝利       [指] 馬齢 12頭 本賞金:550,220,140,83,55万円",12,550.0,9,3,3,ヘッズアップ,牡,2,55.0,☆小沢,74.2,クビ,6,95.8,38.0,5-4,美浦 松山,458,14,
202407040401,2024-12-08,中京,1,2歳未勝利,ダ,1200,左,晴,良,"4回 中京 4日目 サラ系２歳 未勝利       [指] 馬齢 12頭 本賞金:550,220,140,83,55万円",12,550.0,10,8,11,シュガープリンセス,牝,2,52.0,▲長浜,74.3,クビ,10,164.2,37.7,9-9,美浦 萱野,426,-6,
202407040401,2024-12-08,中京,1,2歳未勝利,ダ,1200,左,晴,良,"4回 中京 4日目 サラ系２歳 未勝利       [指] 馬齢 12頭 本賞金:550,220,140,83,55万円",12,550.0,11,7,9,ジークマインド,牝,2,52.0,▲川端,74.4,1,12,266.1,37.4,11-12,美浦 和田雄,456,0,
202407040401,2024-12-08,中京,1,2歳未勝利,ダ,1200,左,晴,良,"4回 中京 4日目 サラ系２歳 未勝利       [指] 馬齢 12頭 本賞金:550,220,140,83,55万円",12,550.0,12,6,8,リノベーション,牡,2,53.0,▲古川奈,74.5,クビ,7,96.1,37.6,11-11,美浦 青木,460,18,
202407040402,2024-12-08,中京,2,2歳未勝利,ダ,1800,左,晴,良,"4回 中京 4日目 サラ系２歳 未勝利       (混)[指] 馬齢 16頭 本賞金:550,220,140,83,55万円",16,550.0,1,6,12,タイセイレグノ,牡,2,54.0,△高杉,115.9,,1,2.3,40.1,1-2-2-2,栗東 浜田,470,6,
202407040402,2024-12-08,中京,2,2歳未勝利,ダ,1800,左,晴,良,"4回 中京 4日目 サラ系２歳 未勝利       (混)[指] 馬齢 16頭 本賞金:550,220,140,83,55万円",16,550.0,2,2,4,ロードトルネード,牡,2,56.0,長岡,115.9,クビ,3,6.1,39.7,6-5-4-5,栗東 辻野,472,-4,
202407040402,2024-12-08,中京,2,2歳未勝利,ダ,1800,左,晴,良,"4回 中京 4日目 サラ系２歳 未勝利       (混)[指] 馬齢 16頭 本賞金:550,220,140,83,55万円",16,550.0,3,4,7,トーアジョウトウ,牡,2,56.0,江田照,117.3,8,8,27.8,41.2,4-3-4-4,美浦 村田,492,0,
202407040402,2024-12-08,中京,2,2歳未勝利,ダ,1800,左,晴,良,"4回 中京 4日目 サラ系２歳 未勝利       (混)[指] 馬齢 16頭 本賞金:550,220,140,83,55万円",16,550.0,4,2,3,シュタールペスカ,牡,2,55.0,☆小沢,117.8,3,5,12.7,41.0,7-7-7-7,栗東 福永,500,14,
202407040402,2024-12-08,中京,2,2歳未勝利,ダ,1800,左,晴,良,"4回 中京 4日目 サラ系２歳 未勝利       (混)[指] 馬齢 16頭 本賞金:550,220,140,83,55万円",16,550.0,5,8,16,チェンジオブハート,牡,2,56.0,Ｈドイ,117.9,クビ,2,3.6,42.0,2-3-2-2,美浦 田中博,482,2,
202407040402,2024-12-08,中京,2,2歳未勝利,ダ,1800,左,晴,良,"4回 中京 4日目 サラ系２歳 未勝利       (混)[指] 馬齢 16頭 本賞金:550,220,140,83,55万円",16,550.0,6,5,9,バレアリックシー,牡,2,56.0,亀田,118.0,1,6,14.5,41.4,7-7-6-6,美浦 菊沢,474,8,
202407040402,2024-12-08,中京,2,2歳未勝利,ダ,1800,左,晴,良,"4回 中京 4日目 サラ系２歳 未勝利       (混)[指] 馬齢 16頭 本賞金:550,220,140,83,55万円",16,550.0,7,3,5,トーセンディーン,牡,2,56.0,荻野極,118.1,クビ,9,32.2,41.1,10-9-9-10,美浦 池上,460,-12,
202407040402,2024-12-08,中京,2,2歳未勝利,ダ,1800,左,晴,良,"4回 中京 4日目 サラ系２歳 未勝利       (混)[指] 馬齢 16頭 本賞金:550,220,140,83,55万円",16,550.0,8,6,11,アルヴェッター,牡,2,53.0,▲長浜,118.3,1.1/4,7,19.4,41.2,7-9-11-12,美浦 辻,466,4,
202407040402,2024-12-08,中京,2,2歳未勝利,ダ,1800,左,晴,良,"4回 中京 4日目 サラ系２歳 未勝利       (混)[指] 馬齢 16頭 本賞金:550,220,140,83,55万円",16,550.0,9,1,2,ルグランシャリオ,牡,2,56.0,秋山稔,118.4,1/2,14,239.9,41.0,15-14-13-10,美浦 石栗,524,-6,
202407040402,2024-12-08,中京,2,2歳未勝利,ダ,1800,左,晴,良,"4回 中京 4日目 サラ系２歳 未勝利       (混)[指] 馬齢 16頭 本賞金:550,220,140,83,55万円",16,550.0,10,5,10,ブレイクバウンズ,牡,2,56.0,伊藤,118.9,3,10,143.1,43.1,2-1-1-1,美浦 林,482,-4,
202407040402,2024-12-08,中京,2,2歳未勝利,ダ,1800,左,晴,良,"4回 中京 4日目 サラ系２歳 未勝利       (混)[指] 馬齢 16頭 本賞金:550,220,140,83,55万円",16,550.0,11,1,1,イエヤス,牡,2,54.0,△小林脩,118.9,アタマ,12,158.4,41.8,12-11-11-7,美浦 杉浦,478,4,
202407040402,2024-12-08,中京,2,2歳未勝利,ダ,1800,左,晴,良,"4回 中京 4日目 サラ系２歳 未勝利       (混)[指] 馬齢 16頭 本賞金:550,220,140,83,55万円",16,550.0,12,3,6,カスミヅキ,牡,2,53.0,▲石神道,120.8,大,15,306.7,43.4,12-13-13-12,美浦 和田雄,442,-2,
202407040402,2024-12-08,中京,2,2歳未勝利,ダ,1800,左,晴,良,"4回 中京 4日目 サラ系２歳 未勝利       (混)[指] 馬齢 16頭 本賞金:550,220,140,83,55万円",16,550.0,13,7,14,アクロスザリバー,牡,2,55.0,☆西塚,120.8,アタマ,11,158.2,43.9,10-12-7-9,美浦 田島,428,-6,
202407040402,2024-12-08,中京,2,2歳未勝利,ダ,1800,左,晴,良,"4回 中京 4日目 サラ系２歳 未勝利       (混)[指] 馬齢 16頭 本賞金:550,220,140,83,55万円",16,550.0,14,7,13,オッフェンバック,牡,2,56.0,国分優,121.7,5,13,211.5,44.2,16-15-15-14,美浦 小笠,446,-2,
202407040402,2024-12-08,中京,2,2歳未勝利,ダ,1800,左,晴,良,"4回 中京 4日目 サラ系２歳 未勝利       (混)[指] 馬齢 16頭 本賞金:550,220,140,83,55万円",16,550.0,15,4,8,メリトーリアス,牡,2,53.0,▲今村,122.5,5,4,10.5,44.9,12-15-15-16,栗東 寺島,520,12,
202407040402,2024-12-08,中京,2,2歳未勝利,ダ,1800,左,晴,良,"4回 中京 4日目 サラ系２歳 未勝利       (混)[指] 馬齢 16頭 本賞金:550,220,140,83,55万円",16,550.0,16,8,15,シンゼンマルノスケ,牡,2,56.0,城戸,124.3,大,16,340.7,47.3,4-6-9-14,栗東 荒川,476,-6,
202407040403,2024-12-08,中京,3,3歳以上1勝クラス,ダ,1200,左,晴,良,"4回 中京 4日目 サラ系３歳以上 １勝クラス       牝[指] 定量 16頭 本賞金:800,320,200,120,80万円",16,800.0,1,4,8,ゼンノツキヨミ,牝,3,55.0,荻野極,72.5,,2,7.3,37.1,5-4,栗東 武幸,442,8,
202407040403,2024-12-08,中京,3,3歳以上1勝クラス,ダ,1200,左,晴,良,"4回 中京 4日目 サラ系３歳以上 １勝クラス       牝[指] 定量 16頭 本賞金:800,320,200,120,80万円",16,800.0,2,2,3,マケズギライ,牝,3,53.0,△小林脩,72.5,アタマ,3,7.6,37.0,8-7,美浦 石栗,456,4,
202407040403,2024-12-08,中京,3,3歳以上1勝クラス,ダ,1200,左,晴,良,"4回 中京 4日目 サラ系３歳以上 １勝クラス       牝[指] 定量 16頭 本賞金:800,320,200,120,80万円",16,800.0,3,7,13,ソーニャシュニク,牝,3,52.0,▲今村,72.8,1.3/4,4,15.9,37.9,2-2,美浦 武井,456,-10,
202407040403,2024-12-08,中京,3,3歳以上1勝クラス,ダ,1200,左,晴,良,"4回 中京 4日目 サラ系３歳以上 １勝クラス       牝[指] 定量 16頭 本賞金:800,320,200,120,80万円",16,800.0,4,8,15,ペイシャスウィフト,牝,3,52.0,▲柴田裕,72.8,クビ,9,50.5,37.5,5-4,美浦 本間,494,4,
202407040403,2024-12-08,中京,3,3歳以上1勝クラス,ダ,1200,左,晴,良,"4回 中京 4日目 サラ系３歳以上 １勝クラス       牝[指] 定量 16頭 本賞金:800,320,200,120,80万円",16,800.0,5,3,5,ヤマカツパトリシア,牝,7,56.0,丸山,73.2,2.1/2,6,22.8,36.7,13-13,栗東 谷,476,0,
202407040403,2024-12-08,中京,3,3歳以上1勝クラス,ダ,1200,左,晴,良,"4回 中京 4日目 サラ系３歳以上 １勝クラス       牝[指] 定量 16頭 本賞金:800,320,200,120,80万円",16,800.0,6,4,7,グリモワール,牝,5,56.0,川須,73.4,3/4,15,189.3,37.1,11-10,美浦 奥平,494,-8,
202407040403,2024-12-08,中京,3,3歳以上1勝クラス,ダ,1200,左,晴,良,"4回 中京 4日目 サラ系３歳以上 １勝クラス       牝[指] 定量 16頭 本賞金:800,320,200,120,80万円",16,800.0,7,6,11,ドレシャス,牝,3,52.0,▲橋木,73.5,1/2,11,75.6,37.5,10-10,栗東 西園正,478,8,
202407040403,2024-12-08,中京,3,3歳以上1勝クラス,ダ,1200,左,晴,良,"4回 中京 4日目 サラ系３歳以上 １勝クラス       牝[指] 定量 16頭 本賞金:800,320,200,120,80万円",16,800.0,8,7,14,オンザヴィーナス,牝,3,55.0,Ｈドイ,73.5,クビ,8,36.5,38.4,3-3,美浦 大和田,430,-2,
202407040403,2024-12-08,中京,3,3歳以上1勝クラス,ダ,1200,左,晴,良,"4回 中京 4日目 サラ系３歳以上 １勝クラス       牝[指] 定量 16頭 本賞金:800,320,200,120,80万円",16,800.0,9,1,1,サクラファシナンテ,牝,6,54.0,△高杉,73.5,ハナ,12,77.0,37.7,9-9,美浦 尾関,526,8,
202407040403,2024-12-08,中京,3,3歳以上1勝クラス,ダ,1200,左,晴,良,"4回 中京 4日目 サラ系３歳以上 １勝クラス       牝[指] 定量 16頭 本賞金:800,320,200,120,80万円",16,800.0,10,8,16,シュヴァルツリーベ,牝,4,56.0,伊藤,73.7,1,5,21.4,39.3,1-1,美浦 林,448,-2,
202407040403,2024-12-08,中京,3,3歳以上1勝クラス,ダ,1200,左,晴,良,"4回 中京 4日目 サラ系３歳以上 １勝クラス       牝[指] 定量 16頭 本賞金:800,320,200,120,80万円",16,800.0,11,6,12,サンダーアリュール,牝,3,54.0,☆西塚,73.8,3/4,7,24.7,37.5,11-10,美浦 菊川,442,-6,
202407040403,2024-12-08,中京,3,3歳以上1勝クラス,ダ,1200,左,晴,良,"4回 中京 4日目 サラ系３歳以上 １勝クラス       牝[指] 定量 16頭 本賞金:800,320,200,120,80万円",16,800.0,12,1,2,ベニシア,牝,3,52.0,▲川端,74.1,1.3/4,10,61.0,36.8,15-14,美浦 加藤士,434,-2,
202407040403,2024-12-08,中京,3,3歳以上1勝クラス,ダ,1200,左,晴,良,"4回 中京 4日目 サラ系３歳以上 １勝クラス       牝[指] 定量 16頭 本賞金:800,320,200,120,80万円",16,800.0,13,5,10,サンマルブーケ,牝,3,55.0,秋山稔,74.2,1/2,14,153.8,39.1,3-4,美浦 中川,484,-6,
202407040403,2024-12-08,中京,3,3歳以上1勝クラス,ダ,1200,左,晴,良,"4回 中京 4日目 サラ系３歳以上 １勝クラス       牝[指] 定量 16頭 本賞金:800,320,200,120,80万円",16,800.0,14,5,9,ブルーデイジー,牝,5,53.0,▲古川奈,74.5,1.3/4,16,376.8,37.5,14-14,美浦 的場,456,-2,
202407040403,2024-12-08,中京,3,3歳以上1勝クラス,ダ,1200,左,晴,良,"4回 中京 4日目 サラ系３歳以上 １勝クラス       牝[指] 定量 16頭 本賞金:800,320,200,120,80万円",16,800.0,15,2,4,カンフーダンス,牝,4,55.0,☆小沢,75.4,5,13,112.6,40.0,5-7,栗東 平田,494,8,
202407040403,2024-12-08,中京,3,3歳以上1勝クラス,ダ,1200,左,晴,良,"4回 中京 4日目 サラ系３歳以上 １勝クラス       牝[指] 定量 16頭 本賞金:800,320,200,120,80万円",16,800.0,,3,6,イノセントキャット,牝,3,52.0,▲長浜,,,1,1.4,,,美浦 久保田,452,-4,中止
202407040404,2024-12-08,中京,4,2歳未勝利,芝,1400,左,晴,良,"4回 中京 4日目 サラ系２歳 未勝利       (混)[指] 馬齢 15頭 本賞金:550,220,140,83,55万円",15,550.0,1,5,8,デリュージョン,牡,2,55.0,☆西塚,82.7,,2,3.0,35.6,3-3,栗東 奥村豊,464,-6,
202407040404,2024-12-08,中京,4,2歳未勝利,芝,1400,左,晴,良,"4回 中京 4日目 サラ系２歳 未勝利       (混)[指] 馬齢 15頭 本賞金:550,220,140,83,55万円",15,550.0,2,6,10,ユーティジャーニー,牝,2,55.0,丸山,82.8,1/2,5,12.1,36.0,2-2,美浦 矢嶋,418,-6,
202407040404,2024-12-08,中京,4,2歳未勝利,芝,1400,左,晴,良,"4回 中京 4日目 サラ系２歳 未勝利       (混)[指] 馬齢 15頭 本賞金:550,220,140,83,55万円",15,550.0,3,3,5,ガジュノリホワイト,牡,2,52.0,★河原田,83.3,2.1/2,3,4.7,36.3,3-3,美浦 尾形,456,0,
202407040404,2024-12-08,中京,4,2歳未勝利,芝,1400,左,晴,良,"4回 中京 4日目 サラ系２歳 未勝利       (混)[指] 馬齢 15頭 本賞金:550,220,140,83,55万円",15,550.0,4,2,3,エコロディーナ,牝,2,53.0,△高杉,83.5,1.1/4,4,11.6,35.7,13-10,栗東 牧浦,444,2,
202407040404,2024-12-08,中京,4,2歳未勝利,芝,1400,左,晴,良,"4回 中京 4日目 サラ系２歳 未勝利       (混)[指] 馬齢 15頭 本賞金:550,220,140,83,55万円",15,550.0,5,6,11,シーク,牡,2,55.0,☆小沢,83.6,1/2,6,23.3,35.6,13-12,栗東 角田,510,-4,
202407040404,2024-12-08,中京,4,2歳未勝利,芝,1400,左,晴,良,"4回 中京 4日目 サラ系２歳 未勝利       (混)[指] 馬齢 15頭 本賞金:550,220,140,83,55万円",15,550.0,6,7,13,ニューウォーク,牝,2,53.0,△小林脩,83.7,3/4,13,343.8,36.3,6-6,美浦 粕谷,440,4,
202407040404,2024-12-08,中京,4,2歳未勝利,芝,1400,左,晴,良,"4回 中京 4日目 サラ系２歳 未勝利       (混)[指] 馬齢 15頭 本賞金:550,220,140,83,55万円",15,550.0,7,5,9,プレミアブルー,牡,2,53.0,▲柴田裕,83.7,ハナ,7,33.6,36.0,8-8,美浦 菊川,450,0,
202407040404,2024-12-08,中京,4,2歳未勝利,芝,1400,左,晴,良,"4回 中京 4日目 サラ系２歳 未勝利       (混)[指] 馬齢 15頭 本賞金:550,220,140,83,55万円",15,550.0,8,1,1,カリヨンベル,牝,2,55.0,国分優,83.8,クビ,14,359.2,35.4,15-15,美浦 萱野,428,-6,
202407040404,2024-12-08,中京,4,2歳未勝利,芝,1400,左,晴,良,"4回 中京 4日目 サラ系２歳 未勝利       (混)[指] 馬齢 15頭 本賞金:550,220,140,83,55万円",15,550.0,9,4,7,トーアローダンテ,牝,2,52.0,▲古川奈,83.8,アタマ,10,94.2,37.0,1-1,栗東 羽月,438,4,
202407040404,2024-12-08,中京,4,2歳未勝利,芝,1400,左,晴,良,"4回 中京 4日目 サラ系２歳 未勝利       (混)[指] 馬齢 15頭 本賞金:550,220,140,83,55万円",15,550.0,10,2,2,コスモヴェントゥス,牡,2,56.0,川須,83.8,アタマ,12,303.4,36.5,6-6,美浦 宗像,436,-2,
202407040404,2024-12-08,中京,4,2歳未勝利,芝,1400,左,晴,良,"4回 中京 4日目 サラ系２歳 未勝利       (混)[指] 馬齢 15頭 本賞金:550,220,140,83,55万円",15,550.0,11,8,15,グレートシューター,牡,2,53.0,▲ 橋木太,83.9,1/2,8,43.9,36.0,10-12,美浦 伊藤伸,438,0,
202407040404,2024-12-08,中京,4,2歳未勝利,芝,1400,左,晴,良,"4回 中京 4日目 サラ系２歳 未勝利       (混)[指] 馬齢 15頭 本賞金:550,220,140,83,55万円",15,550.0,12,3,4,ネーヴェフレスカ,牝,2,55.0,Ｈドイ,83.9,1/2,1,2.4,36.3,8-8,栗東 石坂,438,2,
202407040404,2024-12-08,中京,4,2歳未勝利,芝,1400,左,晴,良,"4回 中京 4日目 サラ系２歳 未勝利       (混)[指] 馬齢 15頭 本賞金:550,220,140,83,55万円",15,550.0,13,7,12,プロメトル,牝,2,55.0,荻野極,84.1,1,9,75.5,36.3,10-10,栗東 武幸,432,-2,
202407040404,2024-12-08,中京,4,2歳未勝利,芝,1400,左,晴,良,"4回 中京 4日目 サラ系２歳 未勝利       (混)[指] 馬齢 15頭 本賞金:550,220,140,83,55万円",15,550.0,14,4,6,ビップマリン,牝,2,52.0,▲今村,84.9,5,11,207.4,37.0,10-12,美浦 高柳瑞,380,-10,
202407040404,2024-12-08,中京,4,2歳未勝利,芝,1400,左,晴,良,"4回 中京 4日目 サラ系２歳 未勝利       (混)[指] 馬齢 15頭 本賞金:550,220,140,83,55万円",15,550.0,15,8,14,エンジェルスター,牝,2,52.0,▲石神道,85.5,3.1/2,15,409.9,38.3,3-5,美浦 伊藤伸,442,0,
202407040405,2024-12-08,中京,5,2歳新馬,芝,2000,左,晴,良,"4回 中京 4日目 サラ系２歳 新馬       [指] 馬齢 12頭 本賞金:720,290,180,110,72万円",12,720.0,1,5,6,エムズ,牡,2,56.0,荻野極,123.9,,1,1.3,34.6,5-5-4-5,栗東 池江,438,0,
202407040405,2024-12-08,中京,5,2歳新馬,芝,2000,左,晴,良,"4回 中京 4日目 サラ系２歳 新馬       [指] 馬齢 12頭 本賞金:720,290,180,110,72万円",12,720.0,2,6,7,フェアリーライク,牝,2,55.0,秋山稔,124.0,3/4,8,40.0,34.4,12-12-10-9,栗東 笹田,458,0,
202407040405,2024-12-08,中京,5,2歳新馬,芝,2000,左,晴,良,"4回 中京 4日目 サラ系２歳 新馬       [指] 馬齢 12頭 本賞金:720,290,180,110,72万円",12,720.0,3,2,2,アメリカンバー,牡,2,56.0,亀田,124.4,2.1/2,2,6.3,35.4,2-2-2-2,栗東 宮地,496,0,
202407040405,2024-12-08,中京,5,2歳新馬,芝,2000,左,晴,良,"4回 中京 4日目 サラ系２歳 新馬       [指] 馬齢 12頭 本賞金:720,290,180,110,72万円",12,720.0,4,8,12,レジーテソーロ,牡,2,55.0,☆西塚,124.6,1.1/4,4,14.6,35.4,3-3-4-3,美浦 加藤士,486,0,
202407040405,2024-12-08,中京,5,2歳新馬,芝,2000,左,晴,良,"4回 中京 4日目 サラ系２歳 新馬       [指] 馬齢 12頭 本賞金:720,290,180,110,72万円",12,720.0,5,1,1,ドゥマーヴェリック,牡,2,54.0,△高杉,124.7,1/2,5,20.6,35.8,1-1-1-1,美浦 萩原,472,0,
202407040405,2024-12-08,中京,5,2歳新馬,芝,2000,左,晴,良,"4回 中京 4日目 サラ系２歳 新馬       [指] 馬齢 12頭 本賞金:720,290,180,110,72万円",12,720.0,6,6,8,ポテチ,牡,2,52.0,★河原田,124.9,1.1/2,9,53.0,35.4,8-7-7-7,栗東 鈴木孝,396,0,
202407040405,2024-12-08,中京,5,2歳新馬,芝,2000,左,晴,良,"4回 中京 4日目 サラ系２歳 新馬       [指] 馬齢 12頭 本賞金:720,290,180,110,72万円",12,720.0,7,3,3,グラースオショコラ,牝,2,55.0,川須,125.3,2,11,87.7,35.7,8-9-7-9,栗東 小林,464,0,
202407040405,2024-12-08,中京,5,2歳新馬,芝,2000,左,晴,良,"4回 中京 4日目 サラ系２歳 新馬       [指] 馬齢 12頭 本賞金:720,290,180,110,72万円",12,720.0,8,7,10,ルナティックアイ,牡,2,56.0,江田照,125.3,クビ,10,56.3,36.1,3-3-2-3,美浦 村田,432,0,
202407040405,2024-12-08,中京,5,2歳新馬,芝,2000,左,晴,良,"4回 中京 4日目 サラ系２歳 新馬       [指] 馬齢 12頭 本賞金:720,290,180,110,72万円",12,720.0,9,7,9,スパイラルビジョン,牡,2,55.0,☆小沢,125.7,2,3,11.4,36.3,7-7-7-7,栗東 佐々木,486,0,
202407040405,2024-12-08,中京,5,2歳新馬,芝,2000,左,晴,良,"4回 中京 4日目 サラ系２歳 新馬       [指] 馬齢 12頭 本賞金:720,290,180,110,72万円",12,720.0,10,8,11,ララエキリーブル,牡,2,56.0,国分優,125.8,3/4,6,26.4,36.5,5-6-4-5,栗東 坂口,442,0,
202407040405,2024-12-08,中京,5,2歳新馬,芝,2000,左,晴,良,"4回 中京 4日目 サラ系２歳 新馬       [指] 馬齢 12頭 本賞金:720,290,180,110,72万円",12,720.0,11,5,5,カーラ,牝,2,52.0,▲柴田裕,126.4,3.1/2,12,183.3,36.4,8-10-10-12,栗東 森田,390,0,
202407040405,2024-12-08,中京,5,2歳新馬,芝,2000,左,晴,良,"4回 中京 4日目 サラ系２歳 新馬       [指] 馬齢 12頭 本賞金:720,290,180,110,72万円",12,720.0,12,4,4,セブンスプリングス,牡,2,56.0,Ｈドイ,127.1,4,7,36.6,37.3,11-10-10-11,栗東 中村,488,0,
202407040406,2024-12-08,中京,6,3歳以上1勝クラス,ダ,1800,左,晴,良,"4回 中京 4日目 サラ系３歳以上 １勝クラス       見習騎手 定量 11頭 本賞金:800,320,200,120,80万円",11,800.0,1,8,11,アスクデビューモア,牡,3,54.0,▲今村,113.7,,2,3.0,37.6,9-9-10-8,栗東 福永,468,0,
202407040406,2024-12-08,中京,6,3歳以上1勝クラス,ダ,1800,左,晴,良,"4回 中京 4日目 サラ系３歳以上 １勝クラス       見習騎手 定量 11頭 本賞金:800,320,200,120,80万円",11,800.0,2,8,10,ルフトクス,牝,3,55.0,亀田,113.7,ハナ,5,12.2,38.2,4-4-4-4,栗東 杉山佳,458,-2,
202407040406,2024-12-08,中京,6,3歳以上1勝クラス,ダ,1800,左,晴,良,"4回 中京 4日目 サラ系３歳以上 １勝クラス       見習騎手 定量 11頭 本賞金:800,320,200,120,80万円",11,800.0,3,1,1,クヴェレ,牡,3,54.0,▲川端,114.7,6,11,215.7,38.7,9-9-7-8,栗東 鈴木孝,448,0,
202407040406,2024-12-08,中京,6,3歳以上1勝クラス,ダ,1800,左,晴,良,"4回 中京 4日目 サラ系３歳以上 １勝クラス       見習騎手 定量 11頭 本賞金:800,320,200,120,80万円",11,800.0,4,6,7,ゼンダンスカイ,牡,3,54.0,▲柴田裕,114.8,クビ,1,2.1,39.6,3-3-2-2,栗東 角田,456,-8,
202407040406,2024-12-08,中京,6,3歳以上1勝クラス,ダ,1800,左,晴,良,"4回 中京 4日目 サラ系３歳以上 １勝クラス       見習騎手 定量 11頭 本賞金:800,320,200,120,80万円",11,800.0,5,7,9,ロストボール,セ,5,54.0,★河原田,114.9,1/2,8,58.5,38.9,8-8-7-8,美浦 加藤和,446,8,
202407040406,2024-12-08,中京,6,3歳以上1勝クラス,ダ,1800,左,晴,良,"4回 中京 4日目 サラ系３歳以上 １勝クラス       見習騎手 定量 11頭 本賞金:800,320,200,120,80万円",11,800.0,6,4,4,エスオーライジング,牡,3,56.0,☆小沢,115.2,2,7,38.2,39.4,6-6-6-6,栗東 木原,468,-2,
202407040406,2024-12-08,中京,6,3歳以上1勝クラス,ダ,1800,左,晴,良,"4回 中京 4日目 サラ系３歳以上 １勝クラス       見習騎手 定量 11頭 本賞金:800,320,200,120,80万円",11,800.0,7,2,2,サンライズウェーヴ,牡,3,55.0,△小林脩,115.2,クビ,10,109.4,39.7,4-4-4-4,栗東 石坂,488,-6,
202407040406,2024-12-08,中京,6,3歳以上1勝クラス,ダ,1800,左,晴,良,"4回 中京 4日目 サラ系３歳以上 １勝クラス       見習騎手 定量 11頭 本賞金:800,320,200,120,80万円",11,800.0,8,3,3,リヴァイデント,牝,3,52.0,▲石神道,115.3,1/2,9,94.5,39.3,6-6-7-6,美浦 畠山,406,0,
202407040406,2024-12-08,中京,6,3歳以上1勝クラス,ダ,1800,左,晴,良,"4回 中京 4日目 サラ系３歳以上 １勝クラス       見習騎手 定量 11頭 本賞金:800,320,200,120,80万円",11,800.0,9,5,5,アルプスオジョー,牝,3,52.0,▲長浜,115.5,1.1/4,6,36.2,37.7,11-11-11-11,美浦 小西,510,0,
202407040406,2024-12-08,中京,6,3歳以上1勝クラス,ダ,1800,左,晴,良,"4回 中京 4日目 サラ系３歳以上 １勝クラス       見習騎手 定量 11頭 本賞金:800,320,200,120,80万円",11,800.0,10,7,8,レッドクレメンス,牡,3,55.0,△高杉,117.0,9,3,6.4,41.9,1-2-2-2,栗東 茶木,490,2,
202407040406,2024-12-08,中京,6,3歳以上1勝クラス,ダ,1800,左,晴,良,"4回 中京 4日目 サラ系３歳以上 １勝クラス       見習騎手 定量 11頭 本賞金:800,320,200,120,80万円",11,800.0,11,6,6,ウヌボレヤサン,牡,3,56.0,☆西塚,117.9,5,4,8.0,42.8,2-1-1-1,美浦 本間,420,-4,
202407040407,2024-12-08,中京,7,3歳以上1勝クラス,芝,2000,左,晴,良,"4回 中京 4日目 サラ系３歳以上 １勝クラス       牝[指] 定量 18頭 本賞金:800,320,200,120,80万円",18,800.0,1,4,7,スズカミエール,牝,3,55.0,川須,121.4,,4,16.1,34.7,4-5-6-6,栗東 吉村,478,8,
202407040407,2024-12-08,中京,7,3歳以上1勝クラス,芝,2000,左,晴,良,"4回 中京 4日目 サラ系３歳以上 １勝クラス       牝[指] 定量 18頭 本賞金:800,320,200,120,80万円",18,800.0,2,1,1,オリーボーレン,牝,3,53.0,△高杉,121.5,1/2,3,4.7,35.3,1-1-1-1,栗東 藤岡,462,0,
202407040407,2024-12-08,中京,7,3歳以上1勝クラス,芝,2000,左,晴,良,"4回 中京 4日目 サラ系３歳以上 １勝クラス       牝[指] 定量 18頭 本賞金:800,320,200,120,80万円",18,800.0,3,3,6,ジョセフィーナ,牝,3,54.0,☆小沢,121.6,1/2,7,43.3,35.1,3-3-3-4,栗東 今野,394,-4,
202407040407,2024-12-08,中京,7,3歳以上1勝クラス,芝,2000,左,晴,良,"4回 中京 4日目 サラ系３歳以上 １勝クラス       牝[指] 定量 18頭 本賞金:800,320,200,120,80万円",18,800.0,4,8,18,ナムララジベラ,牝,4,54.0,△小林脩,121.9,1.1/2,16,169.0,35.1,9-10-9-9,美浦 石栗,476,-2,
202407040407,2024-12-08,中京,7,3歳以上1勝クラス,芝,2000,左,晴,良,"4回 中京 4日目 サラ系３歳以上 １勝クラス       牝[指] 定量 18頭 本賞金:800,320,200,120,80万円",18,800.0,5,7,14,ウインデイジー,牝,3,55.0,長岡,122.0,3/4,12,82.0,35.1,11-10-10-11,栗東 宮,446,0,
202407040407,2024-12-08,中京,7,3歳以上1勝クラス,芝,2000,左,晴,良,"4回 中京 4日目 サラ系３歳以上 １勝クラス       牝[指] 定量 18頭 本賞金:800,320,200,120,80万円",18,800.0,6,1,2,キヨラ,牝,6,56.0,Ｈドイ,122.0,アタマ,9,53.9,34.6,18-18-17-17,美浦 堀内,478,-4,
202407040407,2024-12-08,中京,7,3歳以上1勝クラス,芝,2000,左,晴,良,"4回 中京 4日目 サラ系３歳以上 １勝クラス       牝[指] 定量 18頭 本賞金:800,320,200,120,80万円",18,800.0,7,7,13,レイピカケ,牝,3,52.0,▲川端,122.1,3/4,5,17.2,35.3,16-16-10-9,栗東 野中,462,12,
202407040407,2024-12-08,中京,7,3歳以上1勝クラス,芝,2000,左,晴,良,"4回 中京 4日目 サラ系３歳以上 １勝クラス       牝[指] 定量 18頭 本賞金:800,320,200,120,80万円",18,800.0,8,2,3,アクアヴァーナル,牝,3,55.0,荻野極,122.2,1/2,2,3.1,35.8,2-2-2-2,栗東 四位,464,24,
202407040407,2024-12-08,中京,7,3歳以上1勝クラス,芝,2000,左,晴,良,"4回 中京 4日目 サラ系３歳以上 １勝クラス       牝[指] 定量 18頭 本賞金:800,320,200,120,80万円",18,800.0,9,8,16,ウインリュクス,牝,4,56.0,秋山稔,122.2,ハナ,14,94.3,35.2,12-12-13-11,栗東 吉田,438,18,
202407040407,2024-12-08,中京,7,3歳以上1勝クラス,芝,2000,左,晴,良,"4回 中京 4日目 サラ系３歳以上 １勝クラス       牝[指] 定量 18頭 本賞金:800,320,200,120,80万円",18,800.0,10,5,10,スノーディザイア,牝,5,56.0,亀田,122.3,1/2,17,258.1,35.4,9-8-10-11,美浦 粕谷,480,6,
202407040407,2024-12-08,中京,7,3歳以上1勝クラス,芝,2000,左,晴,良,"4回 中京 4日目 サラ系３歳以上 １勝クラス       牝[指] 定量 18頭 本賞金:800,320,200,120,80万円",18,800.0,11,5,9,ラルンエベール,牝,3,55.0,中井,122.3,ハナ,13,85.0,35.1,15-14-13-14,美浦 田島,428,-4,
202407040407,2024-12-08,中京,7,3歳以上1勝クラス,芝,2000,左,晴,良,"4回 中京 4日目 サラ系３歳以上 １勝クラス       牝[指] 定量 18頭 本賞金:800,320,200,120,80万円",18,800.0,12,4,8,オーパンバル,牝,6,55.0,☆西塚,122.4,クビ,8,47.8,35.0,16-17-17-17,栗東 野中,466,2,
202407040407,2024-12-08,中京,7,3歳以上1勝クラス,芝,2000,左,晴,良,"4回 中京 4日目 サラ系３歳以上 １勝クラス       牝[指] 定量 18頭 本賞金:800,320,200,120,80万円",18,800.0,13,6,12,キトゥンヒール,牝,3,55.0,江田照,122.4,クビ,10,63.5,35.7,7-8-6-6,美浦 村田,450,-12,
202407040407,2024-12-08,中京,7,3歳以上1勝クラス,芝,2000,左,晴,良,"4回 中京 4日目 サラ系３歳以上 １勝クラス       牝[指] 定量 18頭 本賞金:800,320,200,120,80万円",18,800.0,14,8,17,ラガークイン,牝,3,52.0,▲柴田裕,122.4,アタマ,6,17.5,35.9,7-7-3-4,栗東 大久保,422,26,
202407040407,2024-12-08,中京,7,3歳以上1勝クラス,芝,2000,左,晴,良,"4回 中京 4日目 サラ系３歳以上 １勝クラス       牝[指] 定量 18頭 本賞金:800,320,200,120,80万円",18,800.0,15,6,11,ウマピョイ,牝,4,53.0,▲今村,122.5,クビ,11,64.1,35.3,14-14-15-14,美浦 萱野,432,-10,
202407040407,2024-12-08,中京,7,3歳以上1勝クラス,芝,2000,左,晴,良,"4回 中京 4日目 サラ系３歳以上 １勝クラス       牝[指] 定量 18頭 本賞金:800,320,200,120,80万円",18,800.0,16,7,15,トロピカルティー,牝,3,55.0,丸山,122.8,1.3/4,1,2.5,36.4,4-4-3-2,美浦 林,432,0,
202407040407,2024-12-08,中京,7,3歳以上1勝クラス,芝,2000,左,晴,良,"4回 中京 4日目 サラ系３歳以上 １勝クラス       牝[指] 定量 18頭 本賞金:800,320,200,120,80万円",18,800.0,17,2,4,アンジェリカル,牝,4,56.0,国分優,123.2,2.1/2,15,166.5,36.0,12-12-15-14,栗東 河嶋,450,-11,
202407040407,2024-12-08,中京,7,3歳以上1勝クラス,芝,2000,左,晴,良,"4回 中京 4日目 サラ系３歳以上 １勝クラス       牝[指] 定量 18頭 本賞金:800,320,200,120,80万円",18,800.0,18,3,5,コスモエスメラルダ,牝,3,52.0,▲石神道,123.6,2.1/2,18,315.9,36.9,4-5-6-6,美浦 畠山,510,10,
202407040408,2024-12-08,中京,8,3歳以上1勝クラス,ダ,1400,左,晴,良,"4回 中京 4日目 サラ系３歳以上 １勝クラス       [指] 定量 16頭 本賞金:800,320,200,120,80万円",16,800.0,1,1,2,エチャケナ,牝,3,55.0,伊藤,85.5,,7,26.3,38.6,4-3,美浦 金成,442,-6,
202407040408,2024-12-08,中京,8,3歳以上1勝クラス,ダ,1400,左,晴,良,"4回 中京 4日目 サラ系３歳以上 １勝クラス       [指] 定量 16頭 本賞金:800,320,200,120,80万円",16,800.0,2,2,3,フレイムジョーカー,牡,5,58.0,長岡,85.5,アタマ,5,16.2,38.0,10-8,美浦 岩戸,488,2,
202407040408,2024-12-08,中京,8,3歳以上1勝クラス,ダ,1400,左,晴,良,"4回 中京 4日目 サラ系３歳以上 １勝クラス       [指] 定量 16頭 本賞金:800,320,200,120,80万円",16,800.0,3,4,8,メイショウマジック,牡,4,55.0,▲川端,85.8,1.3/4,4,6.8,37.9,14-14,栗東 四位,490,-6,
202407040408,2024-12-08,中京,8,3歳以上1勝クラス,ダ,1400,左,晴,良,"4回 中京 4日目 サラ系３歳以上 １勝クラス       [指] 定量 16頭 本賞金:800,320,200,120,80万円",16,800.0,4,7,14,ノルドヴェスト,牡,4,58.0,丸山,85.9,クビ,1,3.3,38.7,7-7,美浦 萩原,468,-4,
202407040408,2024-12-08,中京,8,3歳以上1勝クラス,ダ,1400,左,晴,良,"4回 中京 4日目 サラ系３歳以上 １勝クラス       [指] 定量 16頭 本賞金:800,320,200,120,80万円",16,800.0,5,3,5,メッエフアパラ,牡,3,53.0,★河原田,86.3,2,3,4.2,39.7,2-2,美浦 辻,466,0,
202407040408,2024-12-08,中京,8,3歳以上1勝クラス,ダ,1400,左,晴,良,"4回 中京 4日目 サラ系３歳以上 １勝クラス       [指] 定量 16頭 本賞金:800,320,200,120,80万円",16,800.0,6,3,6,カネコメファミリー,牝,3,52.0,▲柴田裕,86.6,2,9,37.8,39.5,6-8,栗東 中尾,492,6,
202407040408,2024-12-08,中京,8,3歳以上1勝クラス,ダ,1400,左,晴,良,"4回 中京 4日目 サラ系３歳以上 １勝クラス       [指] 定量 16頭 本賞金:800,320,200,120,80万円",16,800.0,7,6,12,ブリッツクリーク,牡,3,57.0,秋山稔,86.8,1,2,3.4,39.8,4-5,栗東 北出,510,0,
202407040408,2024-12-08,中京,8,3歳以上1勝クラス,ダ,1400,左,晴,良,"4回 中京 4日目 サラ系３歳以上 １勝クラス       [指] 定量 16頭 本賞金:800,320,200,120,80万円",16,800.0,8,7,13,エテルネル,牝,4,56.0,荻野極,86.9,1/2,8,32.4,39.6,8-5,美浦 池上,486,-6,
202407040408,2024-12-08,中京,8,3歳以上1勝クラス,ダ,1400,左,晴,良,"4回 中京 4日目 サラ系３歳以上 １勝クラス       [指] 定量 16頭 本賞金:800,320,200,120,80万円",16,800.0,9,4,7,エコロカレン,牝,3,54.0,☆西塚,86.9,クビ,11,40.4,38.8,15-14,美浦 奥平,468,-6,
202407040408,2024-12-08,中京,8,3歳以上1勝クラス,ダ,1400,左,晴,良,"4回 中京 4日目 サラ系３歳以上 １勝クラス       [指] 定量 16頭 本賞金:800,320,200,120,80万円",16,800.0,10,6,11,ジャーニーメモリー,牡,4,56.0,△小林脩,87.2,1.1/2,16,412.1,39.7,10-11,美浦 粕谷,474,2,
202407040408,2024-12-08,中京,8,3歳以上1勝クラス,ダ,1400,左,晴,良,"4回 中京 4日目 サラ系３歳以上 １勝クラス       [指] 定量 16頭 本賞金:800,320,200,120,80万円",16,800.0,11,8,15,クリノミニスター,牡,5,58.0,城戸,87.4,1.1/2,14,164.4,39.7,12-11,栗東 荒川,462,0,
202407040408,2024-12-08,中京,8,3歳以上1勝クラス,ダ,1400,左,晴,良,"4回 中京 4日目 サラ系３歳以上 １勝クラス       [指] 定量 16頭 本賞金:800,320,200,120,80万円",16,800.0,12,5,10,ポルトドール,牡,4,57.0,☆小沢,87.4,クビ,12,56.7,40.7,3-3,栗東 小栗,466,14,
202407040408,2024-12-08,中京,8,3歳以上1勝クラス,ダ,1400,左,晴,良,"4回 中京 4日目 サラ系３歳以上 １勝クラス       [指] 定量 16頭 本賞金:800,320,200,120,80万円",16,800.0,13,1,1,ミッキードラマー,牡,3,57.0,亀田,87.5,アタマ,10,40.4,40.9,1-1,美浦 菊沢,528,0,
202407040408,2024-12-08,中京,8,3歳以上1勝クラス,ダ,1400,左,晴,良,"4回 中京 4日目 サラ系３歳以上 １勝クラス       [指] 定量 16頭 本賞金:800,320,200,120,80万円",16,800.0,14,5,9,エンドレスロード,牡,5,56.0,△高杉,87.6,3/4,6,26.2,39.9,12-11,栗東 高橋一,482,-2,
202407040408,2024-12-08,中京,8,3歳以上1勝クラス,ダ,1400,左,晴,良,"4回 中京 4日目 サラ系３歳以上 １勝クラス       [指] 定量 16頭 本賞金:800,320,200,120,80万円",16,800.0,15,8,16,ヨドノルミナス,牝,3,55.0,中井,87.8,1,13,150.7,40.5,8-10,美浦 杉浦,466,-14,
202407040408,2024-12-08,中京,8,3歳以上1勝クラス,ダ,1400,左,晴,良,"4回 中京 4日目 サラ系３歳以上 １勝クラス       [指] 定量 16頭 本賞金:800,320,200,120,80万円",16,800.0,16,2,4,マリヨンヌ,牝,5,56.0,江田照,88.0,1.1/4,15,177.6,39.6,16-16,美浦 本間,440,2,
202407040409,2024-12-08,中京,9,大須特別,ダ,1800,左,晴,良,"4回 中京 4日目 サラ系３歳以上 １勝クラス       [指] 定量 9頭 本賞金:1110,440,280,170,111万円",9,1110.0,1,8,8,キングオブフジ,牡,3,57.0,中井,113.6,,3,4.7,37.7,4-4-5-5,栗東 角田,502,8,
202407040409,2024-12-08,中京,9,大須特別,ダ,1800,左,晴,良,"4回 中京 4日目 サラ系３歳以上 １勝クラス       [指] 定量 9頭 本賞金:1110,440,280,170,111万円",9,1110.0,2,5,5,ヒヒーン,牝,3,55.0,丸山,114.1,3,2,3.6,38.8,3-3-3-2,栗東 須貝,474,0,
202407040409,2024-12-08,中京,9,大須特別,ダ,1800,左,晴,良,"4回 中京 4日目 サラ系３歳以上 １勝クラス       [指] 定量 9頭 本賞金:1110,440,280,170,111万円",9,1110.0,3,2,2,ワンパット,牡,3,57.0,長岡,114.2,クビ,1,3.4,38.3,5-5-5-5,栗東 高橋亮,484,6,
202407040409,2024-12-08,中京,9,大須特別,ダ,1800,左,晴,良,"4回 中京 4日目 サラ系３歳以上 １勝クラス       [指] 定量 9頭 本賞金:1110,440,280,170,111万円",9,1110.0,4,1,1,アイファーキャップ,牡,3,57.0,小沢,114.8,3.1/2,8,38.2,38.5,7-8-8-8,栗東 鮫島,458,2,
202407040409,2024-12-08,中京,9,大須特別,ダ,1800,左,晴,良,"4回 中京 4日目 サラ系３歳以上 １勝クラス       [指] 定量 9頭 本賞金:1110,440,280,170,111万円",9,1110.0,5,4,4,ビルンバウム,牡,3,57.0,亀田,114.9,クビ,7,17.3,39.8,2-1-1-1,栗東 渡辺,558,-8,
202407040409,2024-12-08,中京,9,大須特別,ダ,1800,左,晴,良,"4回 中京 4日目 サラ系３歳以上 １勝クラス       [指] 定量 9頭 本賞金:1110,440,280,170,111万円",9,1110.0,6,3,3,スマートリアファル,牡,3,57.0,西塚,115.2,1.3/4,4,5.7,39.8,1-2-4-4,栗東 辻野,496,12,
202407040409,2024-12-08,中京,9,大須特別,ダ,1800,左,晴,良,"4回 中京 4日目 サラ系３歳以上 １勝クラス       [指] 定量 9頭 本賞金:1110,440,280,170,111万円",9,1110.0,7,8,9,キャストロペペ,牡,3,57.0,国分優,115.2,クビ,6,10.0,39.2,5-5-7-7,美浦 堀内,474,8,
202407040409,2024-12-08,中京,9,大須特別,ダ,1800,左,晴,良,"4回 中京 4日目 サラ系３歳以上 １勝クラス       [指] 定量 9頭 本賞金:1110,440,280,170,111万円",9,1110.0,8,6,6,レリッシュ,牝,3,55.0,石神道,116.2,6,9,357.0,39.5,7-8-9-9,美浦 天間,466,0,
202407040409,2024-12-08,中京,9,大須特別,ダ,1800,左,晴,良,"4回 中京 4日目 サラ系３歳以上 １勝クラス       [指] 定量 9頭 本賞金:1110,440,280,170,111万円",9,1110.0,9,7,7,ブライテストドーン,セ,4,58.0,荻野極,116.5,2,5,8.1,41.3,9-7-2-2,美浦 田島,520,4,
202407040410,2024-12-08,中京,10,名古屋日刊スポーツ杯,芝,2000,左,晴,良,"4回 中京 4日目 サラ系３歳以上 ２勝クラス       (混)(特指) 定量 16頭 本賞金:1550,620,390,230,155万円",16,1550.0,1,4,7,ナヴォーナ,牡,4,58.0,川端,120.9,,4,12.9,35.8,5-7-4-4,栗東 矢作,484,4,
202407040410,2024-12-08,中京,10,名古屋日刊スポーツ杯,芝,2000,左,晴,良,"4回 中京 4日目 サラ系３歳以上 ２勝クラス       (混)(特指) 定量 16頭 本賞金:1550,620,390,230,155万円",16,1550.0,2,7,14,ナイトスラッガー,牡,3,57.0,中井,121.0,クビ,2,3.7,35.9,16-16-4-4,栗東 小栗,524,-2,
202407040410,2024-12-08,中京,10,名古屋日刊スポーツ杯,芝,2000,左,晴,良,"4回 中京 4日目 サラ系３歳以上 ２勝クラス       (混)(特指) 定量 16頭 本賞金:1550,620,390,230,155万円",16,1550.0,3,1,1,インテグレイト,牡,3,57.0,荻野極,121.2,1.1/4,1,3.0,35.9,13-12-8-7,栗東 四位,514,-2,
202407040410,2024-12-08,中京,10,名古屋日刊スポーツ杯,芝,2000,左,晴,良,"4回 中京 4日目 サラ系３歳以上 ２勝クラス       (混)(特指) 定量 16頭 本賞金:1550,620,390,230,155万円",16,1550.0,4,1,2,ヴィゴラスダンサー,牝,5,56.0,西塚,121.4,1.1/4,7,20.7,36.3,2-3-4-4,栗東 友道,454,4,
202407040410,2024-12-08,中京,10,名古屋日刊スポーツ杯,芝,2000,左,晴,良,"4回 中京 4日目 サラ系３歳以上 ２勝クラス       (混)(特指) 定量 16頭 本賞金:1550,620,390,230,155万円",16,1550.0,5,5,9,グランドゴールド,牡,5,58.0,国分優,121.4,ハナ,13,55.8,35.9,14-14-13-12,栗東 羽月,470,8,
202407040410,2024-12-08,中京,10,名古屋日刊スポーツ杯,芝,2000,左,晴,良,"4回 中京 4日目 サラ系３歳以上 ２勝クラス       (混)(特指) 定量 16頭 本賞金:1550,620,390,230,155万円",16,1550.0,6,4,8,マイネルオーシャン,牡,3,57.0,丸山,121.4,クビ,3,4.2,36.5,2-3-2-2,美浦 鹿戸,460,-4,
202407040410,2024-12-08,中京,10,名古屋日刊スポーツ杯,芝,2000,左,晴,良,"4回 中京 4日目 サラ系３歳以上 ２勝クラス       (混)(特指) 定量 16頭 本賞金:1550,620,390,230,155万円",16,1550.0,7,2,3,メイショウラナキラ,牡,5,58.0,江田照,121.6,3/4,11,44.2,35.9,8-9-13-14,栗東 高橋亮,464,6,
202407040410,2024-12-08,中京,10,名古屋日刊スポーツ杯,芝,2000,左,晴,良,"4回 中京 4日目 サラ系３歳以上 ２勝クラス       (混)(特指) 定量 16頭 本賞金:1550,620,390,230,155万円",16,1550.0,8,2,4,バンフィエルド,牡,5,58.0,長岡,121.6,ハナ,16,169.8,36.1,10-9-12-12,栗東 緒方,424,-6,
202407040410,2024-12-08,中京,10,名古屋日刊スポーツ杯,芝,2000,左,晴,良,"4回 中京 4日目 サラ系３歳以上 ２勝クラス       (混)(特指) 定量 16頭 本賞金:1550,620,390,230,155万円",16,1550.0,9,5,10,コレオグラファー,牡,4,58.0,柴田裕,121.6,クビ,14,63.1,36.3,6-5-8-7,栗東 高柳大,482,2,
202407040410,2024-12-08,中京,10,名古屋日刊スポーツ杯,芝,2000,左,晴,良,"4回 中京 4日目 サラ系３歳以上 ２勝クラス       (混)(特指) 定量 16頭 本賞金:1550,620,390,230,155万円",16,1550.0,10,6,11,ウン,牡,5,58.0,川須,121.6,アタマ,15,109.5,36.3,11-11-8-7,栗東 吉田,484,2,
202407040410,2024-12-08,中京,10,名古屋日刊スポーツ杯,芝,2000,左,晴,良,"4回 中京 4日目 サラ系３歳以上 ２勝クラス       (混)(特指) 定量 16頭 本賞金:1550,620,390,230,155万円",16,1550.0,11,3,5,ロードプレイヤー,牡,4,58.0,長浜,122.0,2.1/2,12,47.5,36.1,14-14-15-15,美浦 尾形,462,0,
202407040410,2024-12-08,中京,10,名古屋日刊スポーツ杯,芝,2000,左,晴,良,"4回 中京 4日目 サラ系３歳以上 ２勝クラス       (混)(特指) 定量 16頭 本賞金:1550,620,390,230,155万円",16,1550.0,12,3,6,エルディアブロ,牡,6,58.0,小沢,122.1,クビ,8,39.0,36.8,8-8-8-7,栗東 佐々木,454,4,
202407040410,2024-12-08,中京,10,名古屋日刊スポーツ杯,芝,2000,左,晴,良,"4回 中京 4日目 サラ系３歳以上 ２勝クラス       (混)(特指) 定量 16頭 本賞金:1550,620,390,230,155万円",16,1550.0,13,7,13,タケトンボ,牝,5,56.0,秋山稔,122.3,1,5,13.1,37.4,2-2-1-2,栗東 宮,450,6,
202407040410,2024-12-08,中京,10,名古屋日刊スポーツ杯,芝,2000,左,晴,良,"4回 中京 4日目 サラ系３歳以上 ２勝クラス       (混)(特指) 定量 16頭 本賞金:1550,620,390,230,155万円",16,1550.0,14,8,16,クレバーテースト,セ,5,58.0,亀田,122.4,3/4,6,17.3,37.6,1-1-2-1,栗東 武幸,454,6,
202407040410,2024-12-08,中京,10,名古屋日刊スポーツ杯,芝,2000,左,晴,良,"4回 中京 4日目 サラ系３歳以上 ２勝クラス       (混)(特指) 定量 16頭 本賞金:1550,620,390,230,155万円",16,1550.0,15,8,15,レゾンドゥスリール,セ,6,58.0,Ｈドイ,123.0,3.1/2,10,43.1,37.7,6-5-4-7,栗東 辻野,454,-6,
202407040410,2024-12-08,中京,10,名古屋日刊スポーツ杯,芝,2000,左,晴,良,"4回 中京 4日目 サラ系３歳以上 ２勝クラス       (混)(特指) 定量 16頭 本賞金:1550,620,390,230,155万円",16,1550.0,16,6,12,ハイディージェン,牡,3,57.0,高杉,123.3,2,9,42.1,37.4,12-12-15-15,栗東 森田,484,2,
202407040411,2024-12-08,中京,11,知立S,芝,1200,左,晴,良,"4回 中京 4日目 サラ系３歳以上 ３勝クラス       (混)(特指) 定量 13頭 本賞金:1840,740,460,280,184万円",13,1840.0,1,8,12,スリーアイランド,牝,4,56.0,Ｈドイ,68.8,,2,3.2,34.4,4-3,栗東 中竹,492,-4,
202407040411,2024-12-08,中京,11,知立S,芝,1200,左,晴,良,"4回 中京 4日目 サラ系３歳以上 ３勝クラス       (混)(特指) 定量 13頭 本賞金:1840,740,460,280,184万円",13,1840.0,2,4,5,アンクルクロス,牡,3,57.0,長岡,68.8,ハナ,1,3.1,34.2,5-5,栗東 高橋亮,468,0,
202407040411,2024-12-08,中京,11,知立S,芝,1200,左,晴,良,"4回 中京 4日目 サラ系３歳以上 ３勝クラス       (混)(特指) 定量 13頭 本賞金:1840,740,460,280,184万円",13,1840.0,3,5,7,ヤマニンアンフィル,牝,5,56.0,亀田,69.1,1.3/4,3,5.3,34.5,5-5,栗東 斉藤崇,488,8,
202407040411,2024-12-08,中京,11,知立S,芝,1200,左,晴,良,"4回 中京 4日目 サラ系３歳以上 ３勝クラス       (混)(特指) 定量 13頭 本賞金:1840,740,460,280,184万円",13,1840.0,4,7,10,アドヴァイス,牝,5,56.0,田中健,69.3,1.1/2,8,34.9,35.1,2-2,栗東 中村,496,4,
202407040411,2024-12-08,中京,11,知立S,芝,1200,左,晴,良,"4回 中京 4日目 サラ系３歳以上 ３勝クラス       (混)(特指) 定量 13頭 本賞金:1840,740,460,280,184万円",13,1840.0,5,5,6,プロスペリダード,牝,4,56.0,西塚,69.6,1.1/2,6,12.3,35.3,3-3,栗東 西園翔,446,-6,
202407040411,2024-12-08,中京,11,知立S,芝,1200,左,晴,良,"4回 中京 4日目 サラ系３歳以上 ３勝クラス       (混)(特指) 定量 13頭 本賞金:1840,740,460,280,184万円",13,1840.0,6,3,3,トーホウディアス,牡,6,58.0,中井,69.7,3/4,5,10.9,34.7,9-9,栗東 小栗,468,8,
202407040411,2024-12-08,中京,11,知立S,芝,1200,左,晴,良,"4回 中京 4日目 サラ系３歳以上 ３勝クラス       (混)(特指) 定量 13頭 本賞金:1840,740,460,280,184万円",13,1840.0,7,1,1,スーサンアッシャー,牡,5,58.0,城戸,69.7,ハナ,9,57.4,33.9,13-13,栗東 鈴木孝,470,4,
202407040411,2024-12-08,中京,11,知立S,芝,1200,左,晴,良,"4回 中京 4日目 サラ系３歳以上 ３勝クラス       (混)(特指) 定量 13頭 本賞金:1840,740,460,280,184万円",13,1840.0,8,4,4,ヴェールアンレーヴ,牝,5,56.0,荻野極,69.8,クビ,7,28.9,35.0,7-7,美浦 宮田,452,2,
202407040411,2024-12-08,中京,11,知立S,芝,1200,左,晴,良,"4回 中京 4日目 サラ系３歳以上 ３勝クラス       (混)(特指) 定量 13頭 本賞金:1840,740,460,280,184万円",13,1840.0,9,8,13,シュヴェルトライテ,牝,5,56.0,高杉,69.8,ハナ,11,123.1,35.0,7-7,美浦 池上,446,-2,
202407040411,2024-12-08,中京,11,知立S,芝,1200,左,晴,良,"4回 中京 4日目 サラ系３歳以上 ３勝クラス       (混)(特指) 定量 13頭 本賞金:1840,740,460,280,184万円",13,1840.0,10,7,11,タイセイキューティ,牝,4,56.0,小沢,69.9,1/2,12,133.8,34.3,12-12,美浦 奥村武,460,0,
202407040411,2024-12-08,中京,11,知立S,芝,1200,左,晴,良,"4回 中京 4日目 サラ系３歳以上 ３勝クラス       (混)(特指) 定量 13頭 本賞金:1840,740,460,280,184万円",13,1840.0,11,2,2,メイショウツツジ,牝,6,56.0,国分優,70.0,1,13,184.3,34.9,10-10,栗東 木原,444,4,
202407040411,2024-12-08,中京,11,知立S,芝,1200,左,晴,良,"4回 中京 4日目 サラ系３歳以上 ３勝クラス       (混)(特指) 定量 13頭 本賞金:1840,740,460,280,184万円",13,1840.0,12,6,8,アシャカタカ,牡,4,58.0,丸山,70.0,クビ,4,6.5,35.9,1-1,美浦 鈴木伸,472,-4,
202407040411,2024-12-08,中京,11,知立S,芝,1200,左,晴,良,"4回 中京 4日目 サラ系３歳以上 ３勝クラス       (混)(特指) 定量 13頭 本賞金:1840,740,460,280,184万円",13,1840.0,13,6,9,アスクビギンアゲン,牡,5,58.0,川須,70.5,3,10,83.1,35.4,10-10,栗東 梅田,564,-2,
202407040412,2024-12-08,中京,12,3歳以上1勝クラス,芝,1600,左,晴,良,"4回 中京 4日目 サラ系３歳以上 １勝クラス       [指] 定量 16頭 本賞金:800,320,200,120,80万円",16,800.0,1,8,15,アルトゥーム,牡,3,55.0,△高杉,95.0,,2,4.1,35.6,3-3-2,栗東 藤岡,426,2,
202407040412,2024-12-08,中京,12,3歳以上1勝クラス,芝,1600,左,晴,良,"4回 中京 4日目 サラ系３歳以上 １勝クラス       [指] 定量 16頭 本賞金:800,320,200,120,80万円",16,800.0,2,8,16,ダークブロンド,牝,4,53.0,▲川端,95.3,2,8,52.0,35.7,9-7-6,栗東 高橋亮,420,-2,
202407040412,2024-12-08,中京,12,3歳以上1勝クラス,芝,1600,左,晴,良,"4回 中京 4日目 サラ系３歳以上 １勝クラス       [指] 定量 16頭 本賞金:800,320,200,120,80万円",16,800.0,3,6,11,レオンバローズ,牡,5,58.0,丸山,95.3,クビ,9,62.0,35.8,5-5-2,栗東 渡辺,480,8,
202407040412,2024-12-08,中京,12,3歳以上1勝クラス,芝,1600,左,晴,良,"4回 中京 4日目 サラ系３歳以上 １勝クラス       [指] 定量 16頭 本賞金:800,320,200,120,80万円",16,800.0,4,5,10,シャンパンマーク,牡,3,57.0,荻野極,95.3,アタマ,3,7.3,35.5,11-9-10,美浦 蛯名正,492,0,
202407040412,2024-12-08,中京,12,3歳以上1勝クラス,芝,1600,左,晴,良,"4回 中京 4日目 サラ系３歳以上 １勝クラス       [指] 定量 16頭 本賞金:800,320,200,120,80万円",16,800.0,5,3,6,オトコギアンパン,牡,3,56.0,☆西塚,95.4,クビ,12,102.1,36.0,5-3-2,栗東 小栗,488,4,
202407040412,2024-12-08,中京,12,3歳以上1勝クラス,芝,1600,左,晴,良,"4回 中京 4日目 サラ系３歳以上 １勝クラス       [指] 定量 16頭 本賞金:800,320,200,120,80万円",16,800.0,6,6,12,デルシエロ,牡,3,54.0,▲古川奈,95.6,1,4,10.4,35.2,14-15-13,栗東 清水久,412,-2,
202407040412,2024-12-08,中京,12,3歳以上1勝クラス,芝,1600,左,晴,良,"4回 中京 4日目 サラ系３歳以上 １勝クラス       [指] 定量 16頭 本賞金:800,320,200,120,80万円",16,800.0,7,5,9,アイファーバトル,牡,3,54.0,▲長浜,95.6,ハナ,6,16.1,35.1,12-15-16,美浦 根本,462,8,
202407040412,2024-12-08,中京,12,3歳以上1勝クラス,芝,1600,左,晴,良,"4回 中京 4日目 サラ系３歳以上 １勝クラス       [指] 定量 16頭 本賞金:800,320,200,120,80万円",16,800.0,8,4,7,バレルターン,牡,3,57.0,Ｈドイ,95.6,ハナ,1,2.0,35.4,16-12-12,栗東 茶木,484,12,
202407040412,2024-12-08,中京,12,3歳以上1勝クラス,芝,1600,左,晴,良,"4回 中京 4日目 サラ系３歳以上 １勝クラス       [指] 定量 16頭 本賞金:800,320,200,120,80万円",16,800.0,9,4,8,ホウオウバローロ,牡,3,57.0,川須,95.6,クビ,7,26.1,35.9,9-9-7,栗東 音無,458,0,
202407040412,2024-12-08,中京,12,3歳以上1勝クラス,芝,1600,左,晴,良,"4回 中京 4日目 サラ系３歳以上 １勝クラス       [指] 定量 16頭 本賞金:800,320,200,120,80万円",16,800.0,10,1,2,サンライズタイソン,牡,4,57.0,☆小沢,95.7,クビ,10,70.8,35.8,8-9-10,栗東 平田,422,0,
202407040412,2024-12-08,中京,12,3歳以上1勝クラス,芝,1600,左,晴,良,"4回 中京 4日目 サラ系３歳以上 １勝クラス       [指] 定量 16頭 本賞金:800,320,200,120,80万円",16,800.0,11,3,5,シャイニースイフト,牡,4,56.0,△小林脩,95.8,1,11,79.7,36.1,5-7-7,美浦 菊川,432,-4,
202407040412,2024-12-08,中京,12,3歳以上1勝クラス,芝,1600,左,晴,良,"4回 中京 4日目 サラ系３歳以上 １勝クラス       [指] 定量 16頭 本賞金:800,320,200,120,80万円",16,800.0,12,2,3,クリノゴッホ,セ,4,55.0,▲柴田裕,95.9,3/4,13,140.8,36.2,3-5-7,美浦 岩戸,462,0,
202407040412,2024-12-08,中京,12,3歳以上1勝クラス,芝,1600,左,晴,良,"4回 中京 4日目 サラ系３歳以上 １勝クラス       [指] 定量 16頭 本賞金:800,320,200,120,80万円",16,800.0,13,7,14,クィーンズハット,牝,3,55.0,長岡,97.4,9,14,175.6,37.1,12-12-13,美浦 石毛,474,-6,
202407040412,2024-12-08,中京,12,3歳以上1勝クラス,芝,1600,左,晴,良,"4回 中京 4日目 サラ系３歳以上 １勝クラス       [指] 定量 16頭 本賞金:800,320,200,120,80万円",16,800.0,14,1,1,レアリゼアンレーヴ,牝,3,55.0,亀田,97.7,2,15,243.1,38.5,1-1-1,栗東 高橋一,422,-10,
202407040412,2024-12-08,中京,12,3歳以上1勝クラス,芝,1600,左,晴,良,"4回 中京 4日目 サラ系３歳以上 １勝クラス       [指] 定量 16頭 本賞金:800,320,200,120,80万円",16,800.0,15,2,4,アスキステソーロ,牡,4,58.0,秋山稔,97.7,クビ,16,256.0,37.3,14-12-13,美浦 千葉,494,6,
202407040412,2024-12-08,中京,12,3歳以上1勝クラス,芝,1600,左,晴,良,"4回 中京 4日目 サラ系３歳以上 １勝クラス       [指] 定量 16頭 本賞金:800,320,200,120,80万円",16,800.0,16,7,13,ニックオブタイム,セ,3,57.0,中井,99.1,8,5,11.3,39.7,2-2-2,栗東 中内田,486,14,
202408070401,2024-12-08,京都,1,2歳未勝利,ダ,1400,右,晴,良,"7回 京都 4日目 サラ系２歳 未勝利       (混)[指] 馬齢 11頭 本賞金:550,220,140,83,55万円",11,550.0,1,6,6,ベルジュロネット,牡,2,56.0,鮫島駿,85.5,,1,1.8,37.3,5-5,栗東 大久保,538,6,
202408070401,2024-12-08,京都,1,2歳未勝利,ダ,1400,右,晴,良,"7回 京都 4日目 サラ系２歳 未勝利       (混)[指] 馬齢 11頭 本賞金:550,220,140,83,55万円",11,550.0,2,8,11,イマージョン,牡,2,56.0,北村友,86.3,5,2,4.4,38.3,2-3,栗東 高野,508,0,
202408070401,2024-12-08,京都,1,2歳未勝利,ダ,1400,右,晴,良,"7回 京都 4日目 サラ系２歳 未勝利       (混)[指] 馬齢 11頭 本賞金:550,220,140,83,55万円",11,550.0,3,2,2,メイショウサトノヒ,牡,2,55.0,☆田口,86.9,3.1/2,6,19.6,38.8,5-5,栗東 長谷川,506,4,
202408070401,2024-12-08,京都,1,2歳未勝利,ダ,1400,右,晴,良,"7回 京都 4日目 サラ系２歳 未勝利       (混)[指] 馬齢 11頭 本賞金:550,220,140,83,55万円",11,550.0,4,6,7,ニシノジェダイ,牡,2,56.0,藤岡佑,87.1,1.1/4,4,8.8,38.4,10-9,栗東 宮本,462,2,
202408070401,2024-12-08,京都,1,2歳未勝利,ダ,1400,右,晴,良,"7回 京都 4日目 サラ系２歳 未勝利       (混)[指] 馬齢 11頭 本賞金:550,220,140,83,55万円",11,550.0,5,4,4,セルズパワー,牡,2,56.0,団野,87.2,1/2,8,37.5,38.9,7-7,栗東 牧田,462,2,
202408070401,2024-12-08,京都,1,2歳未勝利,ダ,1400,右,晴,良,"7回 京都 4日目 サラ系２歳 未勝利       (混)[指] 馬齢 11頭 本賞金:550,220,140,83,55万円",11,550.0,6,5,5,キャットデイ,牝,2,55.0,岩田望,87.5,1.3/4,5,14.5,39.6,2-2,栗東 吉村,422,8,
202408070401,2024-12-08,京都,1,2歳未勝利,ダ,1400,右,晴,良,"7回 京都 4日目 サラ系２歳 未勝利       (混)[指] 馬齢 11頭 本賞金:550,220,140,83,55万円",11,550.0,7,7,8,コパノマロン,牝,2,53.0,△吉村,88.1,3.1/2,7,22.6,39.7,7-7,栗東 村山,438,0,
202408070401,2024-12-08,京都,1,2歳未勝利,ダ,1400,右,晴,良,"7回 京都 4日目 サラ系２歳 未勝利       (混)[指] 馬齢 11頭 本賞金:550,220,140,83,55万円",11,550.0,8,8,10,クールロジック,牡,2,55.0,☆松本,88.8,4,9,70.0,40.7,2-3,栗東 松下,450,0,
202408070401,2024-12-08,京都,1,2歳未勝利,ダ,1400,右,晴,良,"7回 京都 4日目 サラ系２歳 未勝利       (混)[指] 馬齢 11頭 本賞金:550,220,140,83,55万円",11,550.0,9,1,1,アメリカンクール,牡,2,56.0,坂井,89.3,3,3,6.7,41.5,1-1,栗東 今野,496,-24,
202408070401,2024-12-08,京都,1,2歳未勝利,ダ,1400,右,晴,良,"7回 京都 4日目 サラ系２歳 未勝利       (混)[指] 馬齢 11頭 本賞金:550,220,140,83,55万円",11,550.0,10,3,3,キタノボンボヤージ,牡,2,56.0,高倉,90.0,4,10,212.8,41.0,11-11,栗東 吉田,434,0,
202408070401,2024-12-08,京都,1,2歳未勝利,ダ,1400,右,晴,良,"7回 京都 4日目 サラ系２歳 未勝利       (混)[指] 馬齢 11頭 本賞金:550,220,140,83,55万円",11,550.0,11,7,9,ルーティーン,牡,2,54.0,◇永島,90.7,4,11,248.1,42.3,7-9,栗東 高橋康,460,6,
202408070402,2024-12-08,京都,2,2歳未勝利,ダ,1800,右,晴,良,"7回 京都 4日目 サラ系２歳 未勝利       [指] 馬齢 12頭 本賞金:550,220,140,83,55万円",12,550.0,1,3,3,ラマンシュ,牡,2,56.0,幸,115.8,,2,3.5,38.6,3-3-3-3,栗東 音無,418,4,
202408070402,2024-12-08,京都,2,2歳未勝利,ダ,1800,右,晴,良,"7回 京都 4日目 サラ系２歳 未勝利       [指] 馬齢 12頭 本賞金:550,220,140,83,55万円",12,550.0,2,1,1,マーウォルス,牡,2,56.0,松山,116.3,3,8,64.8,38.9,7-5-7-5,栗東 茶木,474,4,
202408070402,2024-12-08,京都,2,2歳未勝利,ダ,1800,右,晴,良,"7回 京都 4日目 サラ系２歳 未勝利       [指] 馬齢 12頭 本賞金:550,220,140,83,55万円",12,550.0,3,8,12,サトノセーブル,牡,2,56.0,鮫島駿,116.3,アタマ,3,4.7,38.9,5-5-5-3,栗東 橋口,500,0,
202408070402,2024-12-08,京都,2,2歳未勝利,ダ,1800,右,晴,良,"7回 京都 4日目 サラ系２歳 未勝利       [指] 馬齢 12頭 本賞金:550,220,140,83,55万円",12,550.0,4,5,6,ザイル,牡,2,56.0,ルメー,116.8,3,1,2.5,39.9,1-1-1-1,栗東 小栗,488,-6,
202408070402,2024-12-08,京都,2,2歳未勝利,ダ,1800,右,晴,良,"7回 京都 4日目 サラ系２歳 未勝利       [指] 馬齢 12頭 本賞金:550,220,140,83,55万円",12,550.0,5,7,10,レアルシチー,牡,2,54.0,△吉村,116.8,アタマ,9,69.1,38.8,11-11-11-9,栗東 羽月,510,8,
202408070402,2024-12-08,京都,2,2歳未勝利,ダ,1800,右,晴,良,"7回 京都 4日目 サラ系２歳 未勝利       [指] 馬齢 12頭 本賞金:550,220,140,83,55万円",12,550.0,6,4,4,ガンナール,牡,2,56.0,Ｍデム,116.9,クビ,5,15.3,38.6,12-12-12-9,栗東 宮本,490,4,
202408070402,2024-12-08,京都,2,2歳未勝利,ダ,1800,右,晴,良,"7回 京都 4日目 サラ系２歳 未勝利       [指] 馬齢 12頭 本賞金:550,220,140,83,55万円",12,550.0,7,2,2,バッドガール,牝,2,55.0,岩田望,117.1,1.1/4,4,6.3,39.3,9-8-9-9,栗東 安田,444,-4,
202408070402,2024-12-08,京都,2,2歳未勝利,ダ,1800,右,晴,良,"7回 京都 4日目 サラ系２歳 未勝利       [指] 馬齢 12頭 本賞金:550,220,140,83,55万円",12,550.0,8,5,5,ダイゴセイリュウ,牡,2,56.0,古川吉,117.4,1.3/4,6,18.4,40.0,5-5-5-5,栗東 鮫島,472,2,
202408070402,2024-12-08,京都,2,2歳未勝利,ダ,1800,右,晴,良,"7回 京都 4日目 サラ系２歳 未勝利       [指] 馬齢 12頭 本賞金:550,220,140,83,55万円",12,550.0,9,6,7,ダンツアトム,牡,2,56.0,太宰,119.7,大,11,153.3,42.6,2-2-2-2,栗東 本田,510,0,
202408070402,2024-12-08,京都,2,2歳未勝利,ダ,1800,右,晴,良,"7回 京都 4日目 サラ系２歳 未勝利       [指] 馬齢 12頭 本賞金:550,220,140,83,55万円",12,550.0,10,8,11,ホワイトアッシュ,牡,2,55.0,☆田口,120.3,3.1/2,10,103.7,43.1,3-3-3-5,栗東 宮地,494,24,
202408070402,2024-12-08,京都,2,2歳未勝利,ダ,1800,右,晴,良,"7回 京都 4日目 サラ系２歳 未勝利       [指] 馬齢 12頭 本賞金:550,220,140,83,55万円",12,550.0,11,7,9,アーバンキング,牡,2,56.0,戸崎圭,120.6,1.3/4,7,26.4,42.6,10-10-9-12,栗東 千田,508,-2,
202408070402,2024-12-08,京都,2,2歳未勝利,ダ,1800,右,晴,良,"7回 京都 4日目 サラ系２歳 未勝利       [指] 馬齢 12頭 本賞金:550,220,140,83,55万円",12,550.0,12,6,8,ジャコエンペラー,牡,2,56.0,団野,121.0,2.1/2,12,356.9,43.3,7-8-8-8,栗東 荒川,502,14,
202408070403,2024-12-08,京都,3,2歳未勝利,芝,1600,右,晴,良,"7回 京都 4日目 サラ系２歳 未勝利       (混)[指] 馬齢 10頭 本賞金:550,220,140,83,55万円",10,550.0,1,6,6,モンテシート,牡,2,56.0,ルメー,94.9,,1,1.1,35.8,2-2,栗東 牧田,500,12,
202408070403,2024-12-08,京都,3,2歳未勝利,芝,1600,右,晴,良,"7回 京都 4日目 サラ系２歳 未勝利       (混)[指] 馬齢 10頭 本賞金:550,220,140,83,55万円",10,550.0,2,1,1,セクシーマージュ,牝,2,55.0,団野,95.1,1.1/2,5,37.2,36.2,1-1,栗東 小椋,424,-2,
202408070403,2024-12-08,京都,3,2歳未勝利,芝,1600,右,晴,良,"7回 京都 4日目 サラ系２歳 未勝利       (混)[指] 馬齢 10頭 本賞金:550,220,140,83,55万円",10,550.0,3,4,4,リアルフォルゴーレ,牡,2,55.0,☆田口,95.4,1.1/2,6,41.0,36.1,4-3,栗東 大橋,480,0,
202408070403,2024-12-08,京都,3,2歳未勝利,芝,1600,右,晴,良,"7回 京都 4日目 サラ系２歳 未勝利       (混)[指] 馬齢 10頭 本賞金:550,220,140,83,55万円",10,550.0,4,8,10,タウングー,牝,2,53.0,◇永島,96.2,5,8,195.6,35.8,8-8,栗東 藤沢,434,-4,
202408070403,2024-12-08,京都,3,2歳未勝利,芝,1600,右,晴,良,"7回 京都 4日目 サラ系２歳 未勝利       (混)[指] 馬齢 10頭 本賞金:550,220,140,83,55万円",10,550.0,5,8,9,ノボリディアマン,牡,2,56.0,幸,96.3,1/2,2,11.1,36.9,4-5,栗東 緒方,456,14,
202408070403,2024-12-08,京都,3,2歳未勝利,芝,1600,右,晴,良,"7回 京都 4日目 サラ系２歳 未勝利       (混)[指] 馬齢 10頭 本賞金:550,220,140,83,55万円",10,550.0,6,3,3,ツーエムクロノス,牡,2,56.0,太宰,96.4,1,4,19.8,35.6,10-10,栗東 本田,500,-2,
202408070403,2024-12-08,京都,3,2歳未勝利,芝,1600,右,晴,良,"7回 京都 4日目 サラ系２歳 未勝利       (混)[指] 馬齢 10頭 本賞金:550,220,140,83,55万円",10,550.0,7,7,7,ゲレル,牝,2,55.0,松山,96.9,2.1/2,3,18.1,37.6,3-3,栗東 長谷川,440,-2,
202408070403,2024-12-08,京都,3,2歳未勝利,芝,1600,右,晴,良,"7回 京都 4日目 サラ系２歳 未勝利       (混)[指] 馬齢 10頭 本賞金:550,220,140,83,55万円",10,550.0,8,7,8,ソルトミラクル,牡,2,56.0,高倉,96.9,ハナ,9,197.8,37.3,6-6,栗東 武英,458,-2,
202408070403,2024-12-08,京都,3,2歳未勝利,芝,1600,右,晴,良,"7回 京都 4日目 サラ系２歳 未勝利       (混)[指] 馬齢 10頭 本賞金:550,220,140,83,55万円",10,550.0,9,2,2,ハウリングウィンド,牡,2,56.0,北村友,97.0,3/4,7,74.4,36.5,9-9,栗東 安田,510,-4,
202408070403,2024-12-08,京都,3,2歳未勝利,芝,1600,右,晴,良,"7回 京都 4日目 サラ系２歳 未勝利       (混)[指] 馬齢 10頭 本賞金:550,220,140,83,55万円",10,550.0,10,5,5,プライムクオリティ,牡,2,56.0,国分恭,97.2,1.1/4,10,331.4,37.5,7-6,栗東 西園翔,478,12,
202408070404,2024-12-08,京都,4,2歳新馬,ダ,1400,右,晴,良,"7回 京都 4日目 サラ系２歳 新馬       牝[指] 馬齢 16頭 本賞金:720,290,180,110,72万円",16,720.0,1,6,12,ヤマニンバロネス,牝,2,55.0,武豊,86.6,,2,4.4,37.4,4-2,栗東 千田,462,0,
202408070404,2024-12-08,京都,4,2歳新馬,ダ,1400,右,晴,良,"7回 京都 4日目 サラ系２歳 新馬       牝[指] 馬齢 16頭 本賞金:720,290,180,110,72万円",16,720.0,2,7,13,アオイレーギーナ,牝,2,55.0,鮫島駿,88.0,8,9,37.6,39.1,1-1,栗東 宮地,474,0,
202408070404,2024-12-08,京都,4,2歳新馬,ダ,1400,右,晴,良,"7回 京都 4日目 サラ系２歳 新馬       牝[指] 馬齢 16頭 本賞金:720,290,180,110,72万円",16,720.0,3,4,8,トップレディー,牝,2,55.0,池添,88.0,ハナ,4,11.2,38.7,5-5,栗東 北出,520,0,
202408070404,2024-12-08,京都,4,2歳新馬,ダ,1400,右,晴,良,"7回 京都 4日目 サラ系２歳 新馬       牝[指] 馬齢 16頭 本賞金:720,290,180,110,72万円",16,720.0,4,7,14,スマートイザナミ,牝,2,55.0,幸,88.2,1.1/2,8,34.9,38.7,8-7,栗東 谷,446,0,
202408070404,2024-12-08,京都,4,2歳新馬,ダ,1400,右,晴,良,"7回 京都 4日目 サラ系２歳 新馬       牝[指] 馬齢 16頭 本賞金:720,290,180,110,72万円",16,720.0,5,5,10,イーサンペガサス,牝,2,55.0,岩田望,88.6,2.1/2,13,114.1,39.6,2-2,栗東 西園正,488,0,
202408070404,2024-12-08,京都,4,2歳新馬,ダ,1400,右,晴,良,"7回 京都 4日目 サラ系２歳 新馬       牝[指] 馬齢 16頭 本賞金:720,290,180,110,72万円",16,720.0,6,2,3,ヤマニンレセディ,牝,2,55.0,団野,88.6,ハナ,5,15.1,39.3,5-5,栗東 長谷川,466,0,
202408070404,2024-12-08,京都,4,2歳新馬,ダ,1400,右,晴,良,"7回 京都 4日目 サラ系２歳 新馬       牝[指] 馬齢 16頭 本賞金:720,290,180,110,72万円",16,720.0,7,5,9,オースミライト,牝,2,55.0,加藤,88.6,アタマ,7,17.1,38.1,12-11,栗東 宮本,476,0,
202408070404,2024-12-08,京都,4,2歳新馬,ダ,1400,右,晴,良,"7回 京都 4日目 サラ系２歳 新馬       牝[指] 馬齢 16頭 本賞金:720,290,180,110,72万円",16,720.0,8,8,16,テイエムドリーマー,牝,2,55.0,太宰,89.0,2.1/2,14,150.6,38.0,14-14,栗東 畑端,478,0,
202408070404,2024-12-08,京都,4,2歳新馬,ダ,1400,右,晴,良,"7回 京都 4日目 サラ系２歳 新馬       牝[指] 馬齢 16頭 本賞金:720,290,180,110,72万円",16,720.0,9,3,6,ブテラ,牝,2,55.0,戸崎圭,89.0,アタマ,12,92.7,38.5,12-11,栗東 坂口,496,0,
202408070404,2024-12-08,京都,4,2歳新馬,ダ,1400,右,晴,良,"7回 京都 4日目 サラ系２歳 新馬       牝[指] 馬齢 16頭 本賞金:720,290,180,110,72万円",16,720.0,10,1,2,エスシーレベッカ,牝,2,55.0,荻野琢,89.2,1,11,52.1,39.9,5-7,美浦 加藤士,458,0,
202408070404,2024-12-08,京都,4,2歳新馬,ダ,1400,右,晴,良,"7回 京都 4日目 サラ系２歳 新馬       牝[指] 馬齢 16頭 本賞金:720,290,180,110,72万円",16,720.0,11,8,15,プリマドンナアスク,牝,2,55.0,坂井,89.3,1/2,6,16.2,39.1,10-9,栗東 矢作,468,0,
202408070404,2024-12-08,京都,4,2歳新馬,ダ,1400,右,晴,良,"7回 京都 4日目 サラ系２歳 新馬       牝[指] 馬齢 16頭 本賞金:720,290,180,110,72万円",16,720.0,12,3,5,スフレ,牝,2,52.0,▲鷲頭,89.3,アタマ,15,181.7,37.8,15-15,栗東 野中,432,0,
202408070404,2024-12-08,京都,4,2歳新馬,ダ,1400,右,晴,良,"7回 京都 4日目 サラ系２歳 新馬       牝[指] 馬齢 16頭 本賞金:720,290,180,110,72万円",16,720.0,13,2,4,サンスノーホワイト,牝,2,55.0,古川吉,89.4,1/2,10,43.7,39.2,11-11,栗東 四位,432,0,
202408070404,2024-12-08,京都,4,2歳新馬,ダ,1400,右,晴,良,"7回 京都 4日目 サラ系２歳 新馬       牝[指] 馬齢 16頭 本賞金:720,290,180,110,72万円",16,720.0,14,6,11,ライクアカプチーノ,牝,2,55.0,ルメー,89.8,2.1/2,1,1.9,40.8,2-2,栗東 西園翔,516,0,
202408070404,2024-12-08,京都,4,2歳新馬,ダ,1400,右,晴,良,"7回 京都 4日目 サラ系２歳 新馬       牝[指] 馬齢 16頭 本賞金:720,290,180,110,72万円",16,720.0,15,1,1,メイショウクレピス,牝,2,55.0,角田和,90.8,6,16,199.7,39.1,16-16,栗東 本田,500,0,
202408070404,2024-12-08,京都,4,2歳新馬,ダ,1400,右,晴,良,"7回 京都 4日目 サラ系２歳 新馬       牝[指] 馬齢 16頭 本賞金:720,290,180,110,72万円",16,720.0,16,4,7,シャインステラ,牝,2,55.0,国分恭,93.3,大,3,10.6,43.4,9-9,栗東 鈴木孝,454,0,
202408070405,2024-12-08,京都,5,2歳新馬,芝,1800,右,曇,良,"7回 京都 4日目 サラ系２歳 新馬       (混)[指] 馬齢 10頭 本賞金:720,290,180,110,72万円",10,720.0,1,8,10,エリカアンディーヴ,牝,2,55.0,松山,110.4,,4,5.8,33.7,3-2,栗東 吉岡,484,0,
202408070405,2024-12-08,京都,5,2歳新馬,芝,1800,右,曇,良,"7回 京都 4日目 サラ系２歳 新馬       (混)[指] 馬齢 10頭 本賞金:720,290,180,110,72万円",10,720.0,2,5,5,レッドフェルメール,牡,2,56.0,デット,110.5,1/2,2,3.3,33.5,3-4,栗東 藤原,470,0,
202408070405,2024-12-08,京都,5,2歳新馬,芝,1800,右,曇,良,"7回 京都 4日目 サラ系２歳 新馬       (混)[指] 馬齢 10頭 本賞金:720,290,180,110,72万円",10,720.0,3,8,9,ホウオウチェスター,牡,2,56.0,ルメー,110.6,1,3,4.0,33.6,5-4,栗東 安田,454,0,
202408070405,2024-12-08,京都,5,2歳新馬,芝,1800,右,曇,良,"7回 京都 4日目 サラ系２歳 新馬       (混)[指] 馬齢 10頭 本賞金:720,290,180,110,72万円",10,720.0,4,6,6,ニホンピロデヴィン,牡,2,55.0,☆田口,110.7,クビ,7,57.1,34.0,1-1,栗東 緒方,434,0,
202408070405,2024-12-08,京都,5,2歳新馬,芝,1800,右,曇,良,"7回 京都 4日目 サラ系２歳 新馬       (混)[指] 馬齢 10頭 本賞金:720,290,180,110,72万円",10,720.0,5,4,4,ヴァリディシームス,牡,2,56.0,岩田望,110.7,クビ,5,8.3,33.8,6-4,栗東 中内田,472,0,
202408070405,2024-12-08,京都,5,2歳新馬,芝,1800,右,曇,良,"7回 京都 4日目 サラ系２歳 新馬       (混)[指] 馬齢 10頭 本賞金:720,290,180,110,72万円",10,720.0,6,7,8,シャインベック,牡,2,56.0,国分恭,110.7,ハナ,10,143.7,33.4,8-7,栗東 北出,452,0,
202408070405,2024-12-08,京都,5,2歳新馬,芝,1800,右,曇,良,"7回 京都 4日目 サラ系２歳 新馬       (混)[指] 馬齢 10頭 本賞金:720,290,180,110,72万円",10,720.0,7,7,7,ギフテッドアベリア,牝,2,55.0,幸,111.1,2.1/2,6,25.1,34.4,2-2,栗東 松下,468,0,
202408070405,2024-12-08,京都,5,2歳新馬,芝,1800,右,曇,良,"7回 京都 4日目 サラ系２歳 新馬       (混)[指] 馬齢 10頭 本賞金:720,290,180,110,72万円",10,720.0,8,1,1,ラムセス,牡,2,56.0,団野,111.8,4,8,101.8,34.5,8-7,栗東 清水久,466,0,
202408070405,2024-12-08,京都,5,2歳新馬,芝,1800,右,曇,良,"7回 京都 4日目 サラ系２歳 新馬       (混)[指] 馬齢 10頭 本賞金:720,290,180,110,72万円",10,720.0,9,3,3,スティレセイル,牝,2,55.0,坂井,112.3,3,1,3.0,35.2,6-7,栗東 福永,466,0,
202408070405,2024-12-08,京都,5,2歳新馬,芝,1800,右,曇,良,"7回 京都 4日目 サラ系２歳 新馬       (混)[指] 馬齢 10頭 本賞金:720,290,180,110,72万円",10,720.0,10,2,2,プティミニョン,牝,2,53.0,◇永島,114.1,大,9,109.9,36.0,10-10,栗東 高橋康,408,0,
202408070406,2024-12-08,京都,6,2歳1勝クラス,ダ,1200,右,曇,良,"7回 京都 4日目 サラ系２歳 １勝クラス       (混)(特指) 馬齢 10頭 本賞金:780,310,200,120,78万円",10,780.0,1,8,10,アメリカンステージ,牡,2,56.0,坂井,71.2,,2,2.2,36.1,1-1,栗東 矢作,506,0,
202408070406,2024-12-08,京都,6,2歳1勝クラス,ダ,1200,右,曇,良,"7回 京都 4日目 サラ系２歳 １勝クラス       (混)(特指) 馬齢 10頭 本賞金:780,310,200,120,78万円",10,780.0,2,4,4,ヤマニンチェルキ,牡,2,56.0,鮫島駿,71.9,4,5,21.0,36.6,2-2,栗東 木原,528,-2,
202408070406,2024-12-08,京都,6,2歳1勝クラス,ダ,1200,右,曇,良,"7回 京都 4日目 サラ系２歳 １勝クラス       (混)(特指) 馬齢 10頭 本賞金:780,310,200,120,78万円",10,780.0,3,7,8,モカラマーズ,牡,2,55.0,☆田口,72.5,3.1/2,8,106.0,36.3,7-7,栗東 高柳大,472,0,
202408070406,2024-12-08,京都,6,2歳1勝クラス,ダ,1200,右,曇,良,"7回 京都 4日目 サラ系２歳 １勝クラス       (混)(特指) 馬齢 10頭 本賞金:780,310,200,120,78万円",10,780.0,4,5,5,フェデラー,牡,2,56.0,武豊,72.6,1/2,1,1.6,36.8,6-4,栗東 石橋,508,8,
202408070406,2024-12-08,京都,6,2歳1勝クラス,ダ,1200,右,曇,良,"7回 京都 4日目 サラ系２歳 １勝クラス       (混)(特指) 馬齢 10頭 本賞金:780,310,200,120,78万円",10,780.0,5,8,9,ジャスパーソレイユ,牡,2,54.0,△吉村,73.2,3.1/2,4,20.8,37.5,5-5,栗東 森秀,464,8,
202408070406,2024-12-08,京都,6,2歳1勝クラス,ダ,1200,右,曇,良,"7回 京都 4日目 サラ系２歳 １勝クラス       (混)(特指) 馬齢 10頭 本賞金:780,310,200,120,78万円",10,780.0,6,2,2,フェニーチェドーロ,牝,2,55.0,松山,73.3,1/2,3,14.6,36.9,9-7,栗東 宮本,452,2,
202408070406,2024-12-08,京都,6,2歳1勝クラス,ダ,1200,右,曇,良,"7回 京都 4日目 サラ系２歳 １勝クラス       (混)(特指) 馬齢 10頭 本賞金:780,310,200,120,78万円",10,780.0,7,1,1,レーンアジリティ,牡,2,56.0,団野,74.0,4,6,79.5,37.3,10-10,栗東 中尾,462,-4,
202408070406,2024-12-08,京都,6,2歳1勝クラス,ダ,1200,右,曇,良,"7回 京都 4日目 サラ系２歳 １勝クラス       (混)(特指) 馬齢 10頭 本賞金:780,310,200,120,78万円",10,780.0,8,3,3,シャインミラカナ,牡,2,56.0,幸,74.7,4,10,223.9,39.3,4-2,栗東 北出,476,-8,
202408070406,2024-12-08,京都,6,2歳1勝クラス,ダ,1200,右,曇,良,"7回 京都 4日目 サラ系２歳 １勝クラス       (混)(特指) 馬齢 10頭 本賞金:780,310,200,120,78万円",10,780.0,9,7,7,サニーサルサ,牝,2,53.0,◇永島,74.7,クビ,9,112.5,38.3,8-9,栗東 高橋康,460,2,
202408070406,2024-12-08,京都,6,2歳1勝クラス,ダ,1200,右,曇,良,"7回 京都 4日目 サラ系２歳 １勝クラス       (混)(特指) 馬齢 10頭 本賞金:780,310,200,120,78万円",10,780.0,10,6,6,ゼンダンタカ,牝,2,55.0,角田和,76.5,大,7,94.9,41.1,2-5,栗東 角田,436,-2,
202408070407,2024-12-08,京都,7,3歳以上1勝クラス,ダ,1800,右,曇,良,"7回 京都 4日目 サラ系３歳以上 １勝クラス       [指] 定量 10頭 本賞金:800,320,200,120,80万円",10,800.0,1,7,8,レーウィン,セ,3,57.0,デット,114.1,,1,2.4,39.1,7-6-2-1,栗東 上村,508,-4,
202408070407,2024-12-08,京都,7,3歳以上1勝クラス,ダ,1800,右,曇,良,"7回 京都 4日目 サラ系３歳以上 １勝クラス       [指] 定量 10頭 本賞金:800,320,200,120,80万円",10,800.0,2,7,7,ジュンラトゥール,牡,3,57.0,松山,114.2,1,2,3.8,38.8,2-2-4-4,栗東 浜田,464,-2,
202408070407,2024-12-08,京都,7,3歳以上1勝クラス,ダ,1800,右,曇,良,"7回 京都 4日目 サラ系３歳以上 １勝クラス       [指] 定量 10頭 本賞金:800,320,200,120,80万円",10,800.0,3,1,1,テイエムシップ,牡,5,58.0,鮫島良,114.3,クビ,7,25.9,38.7,6-7-8-5,栗東 河嶋,524,0,
202408070407,2024-12-08,京都,7,3歳以上1勝クラス,ダ,1800,右,曇,良,"7回 京都 4日目 サラ系３歳以上 １勝クラス       [指] 定量 10頭 本賞金:800,320,200,120,80万円",10,800.0,4,6,6,ダノンケイツー,牡,3,57.0,岩田望,114.3,クビ,3,4.7,38.7,8-8-6-5,栗東 寺島,452,-2,
202408070407,2024-12-08,京都,7,3歳以上1勝クラス,ダ,1800,右,曇,良,"7回 京都 4日目 サラ系３歳以上 １勝クラス       [指] 定量 10頭 本賞金:800,320,200,120,80万円",10,800.0,5,2,2,ショーケン,セ,4,58.0,国分恭,114.9,3.1/2,5,12.4,40.0,1-1-1-2,栗東 鮫島,504,6,
202408070407,2024-12-08,京都,7,3歳以上1勝クラス,ダ,1800,右,曇,良,"7回 京都 4日目 サラ系３歳以上 １勝クラス       [指] 定量 10頭 本賞金:800,320,200,120,80万円",10,800.0,6,8,10,リネアグローリア,牡,3,57.0,鮫島駿,115.7,5,4,9.3,40.5,5-5-4-3,栗東 小崎,482,6,
202408070407,2024-12-08,京都,7,3歳以上1勝クラス,ダ,1800,右,曇,良,"7回 京都 4日目 サラ系３歳以上 １勝クラス       [指] 定量 10頭 本賞金:800,320,200,120,80万円",10,800.0,7,5,5,ガウロン,牡,4,58.0,幸,116.1,2.1/2,8,38.4,40.1,9-9-10-9,栗東 大根田,532,0,
202408070407,2024-12-08,京都,7,3歳以上1勝クラス,ダ,1800,右,曇,良,"7回 京都 4日目 サラ系３歳以上 １勝クラス       [指] 定量 10頭 本賞金:800,320,200,120,80万円",10,800.0,8,3,3,ペロ,牡,3,57.0,池添,116.4,1.1/2,10,59.8,41.2,2-2-3-5,栗東 橋口,488,4,
202408070407,2024-12-08,京都,7,3歳以上1勝クラス,ダ,1800,右,曇,良,"7回 京都 4日目 サラ系３歳以上 １勝クラス       [指] 定量 10頭 本賞金:800,320,200,120,80万円",10,800.0,9,4,4,キングツェッペリン,牡,3,55.0,△吉村,116.4,クビ,6,14.0,40.8,2-4-6-8,栗東 牧田,458,16,
202408070407,2024-12-08,京都,7,3歳以上1勝クラス,ダ,1800,右,曇,良,"7回 京都 4日目 サラ系３歳以上 １勝クラス       [指] 定量 10頭 本賞金:800,320,200,120,80万円",10,800.0,10,8,9,ティエラサンタ,牡,4,58.0,団野,116.6,3/4,9,51.7,40.9,9-9-8-9,栗東 西村,526,14,
202408070408,2024-12-08,京都,8,3歳以上2勝クラス,ダ,1200,右,曇,良,"7回 京都 4日目 サラ系３歳以上 ２勝クラス       (混)[指] 定量 15頭 本賞金:1140,460,290,170,114万円",15,1140.0,1,4,7,メイショウタイゲイ,牡,5,58.0,武豊,72.2,,4,6.7,35.8,12-13,栗東 荒川,462,0,
202408070408,2024-12-08,京都,8,3歳以上2勝クラス,ダ,1200,右,曇,良,"7回 京都 4日目 サラ系３歳以上 ２勝クラス       (混)[指] 定量 15頭 本賞金:1140,460,290,170,114万円",15,1140.0,2,6,11,ノットファウンド,牝,4,56.0,ルメー,72.4,1,1,2.7,36.7,6-5,美浦 国枝,500,-4,
202408070408,2024-12-08,京都,8,3歳以上2勝クラス,ダ,1200,右,曇,良,"7回 京都 4日目 サラ系３歳以上 ２勝クラス       (混)[指] 定量 15頭 本賞金:1140,460,290,170,114万円",15,1140.0,3,2,3,ブルーノート,牡,5,58.0,荻野琢,72.6,1.1/4,15,256.4,36.3,12-11,栗東 梅田,500,-4,
202408070408,2024-12-08,京都,8,3歳以上2勝クラス,ダ,1200,右,曇,良,"7回 京都 4日目 サラ系３歳以上 ２勝クラス       (混)[指] 定量 15頭 本賞金:1140,460,290,170,114万円",15,1140.0,4,3,4,スターペスカオリ,牝,4,56.0,角田和,72.7,3/4,13,108.1,36.8,10-8,栗東 石橋,458,-2,
202408070408,2024-12-08,京都,8,3歳以上2勝クラス,ダ,1200,右,曇,良,"7回 京都 4日目 サラ系３歳以上 ２勝クラス       (混)[指] 定量 15頭 本賞金:1140,460,290,170,114万円",15,1140.0,5,4,6,アガシ,セ,3,56.0,☆田口,72.7,アタマ,3,6.1,36.8,8-8,栗東 庄野,490,6,
202408070408,2024-12-08,京都,8,3歳以上2勝クラス,ダ,1200,右,曇,良,"7回 京都 4日目 サラ系３歳以上 ２勝クラス       (混)[指] 定量 15頭 本賞金:1140,460,290,170,114万円",15,1140.0,6,7,13,マリブパイン,牝,5,53.0,▲鷲頭,72.7,クビ,8,33.4,37.9,2-2,栗東 大根田,500,2,
202408070408,2024-12-08,京都,8,3歳以上2勝クラス,ダ,1200,右,曇,良,"7回 京都 4日目 サラ系３歳以上 ２勝クラス       (混)[指] 定量 15頭 本賞金:1140,460,290,170,114万円",15,1140.0,7,5,8,ゴキゲンサン,牝,4,56.0,戸崎圭,73.1,2.1/2,12,70.6,36.4,15-14,美浦 伊藤大,510,12,
202408070408,2024-12-08,京都,8,3歳以上2勝クラス,ダ,1200,右,曇,良,"7回 京都 4日目 サラ系３歳以上 ２勝クラス       (混)[指] 定量 15頭 本賞金:1140,460,290,170,114万円",15,1140.0,8,2,2,ブライトルピナス,牝,3,55.0,団野,73.1,ハナ,7,29.6,37.3,8-8,栗東 鮫島,474,6,
202408070408,2024-12-08,京都,8,3歳以上2勝クラス,ダ,1200,右,曇,良,"7回 京都 4日目 サラ系３歳以上 ２勝クラス       (混)[指] 定量 15頭 本賞金:1140,460,290,170,114万円",15,1140.0,9,3,5,クリノオリーブ,牝,3,55.0,幸,73.5,2,2,3.2,38.8,1-1,栗東 谷,466,0,
202408070408,2024-12-08,京都,8,3歳以上2勝クラス,ダ,1200,右,曇,良,"7回 京都 4日目 サラ系３歳以上 ２勝クラス       (混)[指] 定量 15頭 本賞金:1140,460,290,170,114万円",15,1140.0,10,6,10,ヘルメース,牡,3,55.0,◇永島,73.5,ハナ,6,27.6,38.4,4-4,美浦 伊藤圭,484,0,
202408070408,2024-12-08,京都,8,3歳以上2勝クラス,ダ,1200,右,曇,良,"7回 京都 4日目 サラ系３歳以上 ２勝クラス       (混)[指] 定量 15頭 本賞金:1140,460,290,170,114万円",15,1140.0,11,1,1,ノボリショウリュウ,牡,3,57.0,岩田望,73.5,ハナ,10,40.4,37.5,11-11,栗東 石橋,462,8,
202408070408,2024-12-08,京都,8,3歳以上2勝クラス,ダ,1200,右,曇,良,"7回 京都 4日目 サラ系３歳以上 ２勝クラス       (混)[指] 定量 15頭 本賞金:1140,460,290,170,114万円",15,1140.0,12,8,14,テイエムヒショウ,牡,4,56.0,△吉村,73.5,クビ,11,50.9,38.6,3-3,栗東 浜田,500,14,
202408070408,2024-12-08,京都,8,3歳以上2勝クラス,ダ,1200,右,曇,良,"7回 京都 4日目 サラ系３歳以上 ２勝クラス       (混)[指] 定量 15頭 本賞金:1140,460,290,170,114万円",15,1140.0,13,7,12,アマルナ,牝,4,56.0,鮫島駿,73.5,ハナ,5,16.0,37.8,6-7,栗東 田中克,464,10,
202408070408,2024-12-08,京都,8,3歳以上2勝クラス,ダ,1200,右,曇,良,"7回 京都 4日目 サラ系３歳以上 ２勝クラス       (混)[指] 定量 15頭 本賞金:1140,460,290,170,114万円",15,1140.0,14,5,9,ヴィアドロローサ,牡,5,58.0,北村友,74.3,5,14,224.8,37.8,12-15,栗東 高橋一,452,4,
202408070408,2024-12-08,京都,8,3歳以上2勝クラス,ダ,1200,右,曇,良,"7回 京都 4日目 サラ系３歳以上 ２勝クラス       (混)[指] 定量 15頭 本賞金:1140,460,290,170,114万円",15,1140.0,15,8,15,プレヴィスト,牝,3,55.0,松山,74.6,1.1/2,9,37.5,39.2,5-5,栗東 池添,466,18,
202408070409,2024-12-08,京都,9,オリオンS,芝,2200,右,小雨,良,"7回 京都 4日目 サラ系３歳以上 ３勝クラス       (混)(特指) 定量 12頭 本賞金:1840,740,460,280,184万円",12,1840.0,1,6,7,マイネルエンペラー,牡,4,58.0,デット,133.8,,2,4.0,33.5,2-2-2-2,栗東 清水久,480,2,
202408070409,2024-12-08,京都,9,オリオンS,芝,2200,右,小雨,良,"7回 京都 4日目 サラ系３歳以上 ３勝クラス       (混)(特指) 定量 12頭 本賞金:1840,740,460,280,184万円",12,1840.0,2,5,6,シェイクユアハート,牡,4,58.0,古川吉,133.8,クビ,3,7.2,33.3,4-6-5-3,栗東 宮,452,2,
202408070409,2024-12-08,京都,9,オリオンS,芝,2200,右,小雨,良,"7回 京都 4日目 サラ系３歳以上 ３勝クラス       (混)(特指) 定量 12頭 本賞金:1840,740,460,280,184万円",12,1840.0,3,1,1,メイショウゲキリン,牡,5,58.0,池添,134.2,2,4,14.0,34.1,1-1-1-1,栗東 笹田,510,4,
202408070409,2024-12-08,京都,9,オリオンS,芝,2200,右,小雨,良,"7回 京都 4日目 サラ系３歳以上 ３勝クラス       (混)(特指) 定量 12頭 本賞金:1840,740,460,280,184万円",12,1840.0,4,7,9,サブマリーナ,牡,3,56.0,武豊,134.4,1.1/2,1,1.5,33.7,7-7-6-6,栗東 庄野,470,-4,
202408070409,2024-12-08,京都,9,オリオンS,芝,2200,右,小雨,良,"7回 京都 4日目 サラ系３歳以上 ３勝クラス       (混)(特指) 定量 12頭 本賞金:1840,740,460,280,184万円",12,1840.0,5,6,8,ミタマ,牝,4,56.0,小崎,134.6,1.1/4,10,277.9,34.1,4-4-3-3,栗東 小崎,484,2,
202408070409,2024-12-08,京都,9,オリオンS,芝,2200,右,小雨,良,"7回 京都 4日目 サラ系３歳以上 ３勝クラス       (混)(特指) 定量 12頭 本賞金:1840,740,460,280,184万円",12,1840.0,6,4,4,カネフラ,牡,4,58.0,藤岡佑,134.7,1/2,8,78.0,34.2,2-3-3-3,栗東 高橋康,452,4,
202408070409,2024-12-08,京都,9,オリオンS,芝,2200,右,小雨,良,"7回 京都 4日目 サラ系３歳以上 ３勝クラス       (混)(特指) 定量 12頭 本賞金:1840,740,460,280,184万円",12,1840.0,7,8,11,ニホンピロタイズ,牡,6,58.0,田口,134.9,1,12,328.2,33.9,10-9-9-9,栗東 大橋,516,10,
202408070409,2024-12-08,京都,9,オリオンS,芝,2200,右,小雨,良,"7回 京都 4日目 サラ系３歳以上 ３勝クラス       (混)(特指) 定量 12頭 本賞金:1840,740,460,280,184万円",12,1840.0,8,8,12,オープンファイア,牡,4,58.0,団野,135.1,1.1/2,5,17.5,33.9,12-12-12-11,栗東 斉藤崇,498,-10,
202408070409,2024-12-08,京都,9,オリオンS,芝,2200,右,小雨,良,"7回 京都 4日目 サラ系３歳以上 ３勝クラス       (混)(特指) 定量 12頭 本賞金:1840,740,460,280,184万円",12,1840.0,9,2,2,ロードプレジール,牡,6,58.0,松山,135.3,1,7,40.1,34.6,4-4-6-6,栗東 中内田,496,4,
202408070409,2024-12-08,京都,9,オリオンS,芝,2200,右,小雨,良,"7回 京都 4日目 サラ系３歳以上 ３勝クラス       (混)(特指) 定量 12頭 本賞金:1840,740,460,280,184万円",12,1840.0,10,5,5,ココクレーター,牝,4,56.0,ルメー,135.5,1.1/4,6,22.4,34.8,8-7-6-6,美浦 木村,428,-2,
202408070409,2024-12-08,京都,9,オリオンS,芝,2200,右,小雨,良,"7回 京都 4日目 サラ系３歳以上 ３勝クラス       (混)(特指) 定量 12頭 本賞金:1840,740,460,280,184万円",12,1840.0,11,7,10,シルキーヴォイス,牡,6,58.0,水口,135.9,2,11,313.7,34.7,11-11-11-11,栗東 池江,498,16,
202408070409,2024-12-08,京都,9,オリオンS,芝,2200,右,小雨,良,"7回 京都 4日目 サラ系３歳以上 ３勝クラス       (混)(特指) 定量 12頭 本賞金:1840,740,460,280,184万円",12,1840.0,12,3,3,コスモサガルマータ,牡,4,58.0,戸崎圭,137.4,9,9,120.8,36.4,9-9-9-10,栗東 梅田,508,14,
202408070410,2024-12-08,京都,10,ブエナビスタC,ダ,1900,右,小雨,良,"7回 京都 4日目 サラ系３歳以上 ３勝クラス       (混)(特指) 定量 10頭 本賞金:1840,740,460,280,184万円",10,1840.0,1,7,8,ムルソー,牡,3,57.0,団野,117.3,,1,1.7,36.7,2-2-2-1,栗東 斉藤崇,506,-8,
202408070410,2024-12-08,京都,10,ブエナビスタC,ダ,1900,右,小雨,良,"7回 京都 4日目 サラ系３歳以上 ３勝クラス       (混)(特指) 定量 10頭 本賞金:1840,740,460,280,184万円",10,1840.0,2,4,4,テリフィックプラン,牡,3,57.0,ルメー,118.5,7,2,2.8,37.6,3-3-4-3,美浦 萩原,494,2,
202408070410,2024-12-08,京都,10,ブエナビスタC,ダ,1900,右,小雨,良,"7回 京都 4日目 サラ系３歳以上 ３勝クラス       (混)(特指) 定量 10頭 本賞金:1840,740,460,280,184万円",10,1840.0,3,1,1,マーブルロック,牡,4,58.0,田口,119.5,6,6,47.4,39.0,1-1-1-2,栗東 西園正,512,6,
202408070410,2024-12-08,京都,10,ブエナビスタC,ダ,1900,右,小雨,良,"7回 京都 4日目 サラ系３歳以上 ３勝クラス       (混)(特指) 定量 10頭 本賞金:1840,740,460,280,184万円",10,1840.0,4,6,6,ネッケツシャチョウ,牡,4,58.0,荻野琢,119.9,2.1/2,3,8.2,37.8,9-9-9-7,栗東 藤沢,562,6,
202408070410,2024-12-08,京都,10,ブエナビスタC,ダ,1900,右,小雨,良,"7回 京都 4日目 サラ系３歳以上 ３勝クラス       (混)(特指) 定量 10頭 本賞金:1840,740,460,280,184万円",10,1840.0,5,8,10,ダスク,牡,4,58.0,松山弘,120.0,1/2,7,58.2,38.6,5-5-5-5,栗東 石坂,462,0,
202408070410,2024-12-08,京都,10,ブエナビスタC,ダ,1900,右,小雨,良,"7回 京都 4日目 サラ系３歳以上 ３勝クラス       (混)(特指) 定量 10頭 本賞金:1840,740,460,280,184万円",10,1840.0,6,3,3,マオノアラシ,牡,4,58.0,戸崎圭,120.2,1.1/4,4,23.6,38.4,7-7-7-5,美浦 加藤士,490,-4,
202408070410,2024-12-08,京都,10,ブエナビスタC,ダ,1900,右,小雨,良,"7回 京都 4日目 サラ系３歳以上 ３勝クラス       (混)(特指) 定量 10頭 本賞金:1840,740,460,280,184万円",10,1840.0,7,7,7,イーサンバーニング,牡,5,58.0,古川吉,121.1,5,8,74.5,38.7,10-10-10-10,栗東 藤野,514,-8,
202408070410,2024-12-08,京都,10,ブエナビスタC,ダ,1900,右,小雨,良,"7回 京都 4日目 サラ系３歳以上 ３勝クラス       (混)(特指) 定量 10頭 本賞金:1840,740,460,280,184万円",10,1840.0,8,8,9,レアンダー,牡,3,57.0,幸,121.2,クビ,5,43.9,40.3,3-3-3-4,栗東 大根田,466,4,
202408070410,2024-12-08,京都,10,ブエナビスタC,ダ,1900,右,小雨,良,"7回 京都 4日目 サラ系３歳以上 ３勝クラス       (混)(特指) 定量 10頭 本賞金:1840,740,460,280,184万円",10,1840.0,9,2,2,ダイメイセブン,牡,4,58.0,太宰,122.0,5,10,229.3,40.2,5-5-7-7,栗東 本田,522,6,
202408070410,2024-12-08,京都,10,ブエナビスタC,ダ,1900,右,小雨,良,"7回 京都 4日目 サラ系３歳以上 ３勝クラス       (混)(特指) 定量 10頭 本賞金:1840,740,460,280,184万円",10,1840.0,10,5,5,マイネルクロンヌ,牡,7,58.0,鮫島駿,123.0,6,9,178.9,41.4,7-7-6-7,美浦 青木,512,8,
202408070411,2024-12-08,京都,11,阪神JF,芝,1600,右,曇,良,"7回 京都 4日目 サラ系２歳 オープン       (国際) 牝(指) 馬齢 18頭 本賞金:6500,2600,1600,980,650万円",18,6500.0,1,6,12,アルマヴェローチェ,牝,2,55.0,岩田望,93.4,,5,10.5,34.3,7-9,栗東 上村,484,0,
202408070411,2024-12-08,京都,11,阪神JF,芝,1600,右,曇,良,"7回 京都 4日目 サラ系２歳 オープン       (国際) 牝(指) 馬齢 18頭 本賞金:6500,2600,1600,980,650万円",18,6500.0,2,1,1,ビップデイジー,牝,2,55.0,幸,93.6,1.1/4,8,18.3,34.4,12-9,栗東 松下,436,-2,
202408070411,2024-12-08,京都,11,阪神JF,芝,1600,右,曇,良,"7回 京都 4日目 サラ系２歳 オープン       (国際) 牝(指) 馬齢 18頭 本賞金:6500,2600,1600,980,650万円",18,6500.0,3,1,2,テリオスララ,牝,2,55.0,Ｍデム,93.9,1.3/4,7,16.3,35.1,5-5,美浦 田島,486,-10,
202408070411,2024-12-08,京都,11,阪神JF,芝,1600,右,曇,良,"7回 京都 4日目 サラ系２歳 オープン       (国際) 牝(指) 馬齢 18頭 本賞金:6500,2600,1600,980,650万円",18,6500.0,4,5,9,ショウナンザナドゥ,牝,2,55.0,池添,93.9,アタマ,2,4.5,35.2,3-3,栗東 松下,438,0,
202408070411,2024-12-08,京都,11,阪神JF,芝,1600,右,曇,良,"7回 京都 4日目 サラ系２歳 オープン       (国際) 牝(指) 馬齢 18頭 本賞金:6500,2600,1600,980,650万円",18,6500.0,5,8,16,スリールミニョン,牝,2,55.0,永島,94.2,1.1/2,16,170.6,34.6,14-16,栗東 高橋康,434,2,
202408070411,2024-12-08,京都,11,阪神JF,芝,1600,右,曇,良,"7回 京都 4日目 サラ系２歳 オープン       (国際) 牝(指) 馬齢 18頭 本賞金:6500,2600,1600,980,650万円",18,6500.0,6,7,13,コートアリシアン,牝,2,55.0,戸崎圭,94.2,アタマ,3,7.1,34.4,17-16,美浦 伊藤大,442,8,
202408070411,2024-12-08,京都,11,阪神JF,芝,1600,右,曇,良,"7回 京都 4日目 サラ系２歳 オープン       (国際) 牝(指) 馬齢 18頭 本賞金:6500,2600,1600,980,650万円",18,6500.0,7,8,18,ミーントゥビー,牝,2,55.0,古川吉,94.3,1/2,18,269.4,34.9,12-13,美浦 堀内,442,4,
202408070411,2024-12-08,京都,11,阪神JF,芝,1600,右,曇,良,"7回 京都 4日目 サラ系２歳 オープン       (国際) 牝(指) 馬齢 18頭 本賞金:6500,2600,1600,980,650万円",18,6500.0,8,4,7,ミストレス,牝,2,55.0,坂井,94.3,アタマ,6,11.9,35.8,1-1,栗東 矢作,492,-4,
202408070411,2024-12-08,京都,11,阪神JF,芝,1600,右,曇,良,"7回 京都 4日目 サラ系２歳 オープン       (国際) 牝(指) 馬齢 18頭 本賞金:6500,2600,1600,980,650万円",18,6500.0,9,3,6,モズナナスター,牝,2,55.0,田口,94.4,1/2,15,133.8,35.7,3-3,栗東 矢作,448,0,
202408070411,2024-12-08,京都,11,阪神JF,芝,1600,右,曇,良,"7回 京都 4日目 サラ系２歳 オープン       (国際) 牝(指) 馬齢 18頭 本賞金:6500,2600,1600,980,650万円",18,6500.0,10,2,4,ジャルディニエ,牝,2,55.0,北村友,94.5,3/4,13,54.7,34.9,14-13,栗東 奥村豊,450,-4,
202408070411,2024-12-08,京都,11,阪神JF,芝,1600,右,曇,良,"7回 京都 4日目 サラ系２歳 オープン       (国際) 牝(指) 馬齢 18頭 本賞金:6500,2600,1600,980,650万円",18,6500.0,11,7,14,ランフォーヴァウ,牝,2,55.0,松山,94.5,アタマ,10,26.5,35.3,9-9,栗東 福永,448,-2,
202408070411,2024-12-08,京都,11,阪神JF,芝,1600,右,曇,良,"7回 京都 4日目 サラ系２歳 オープン       (国際) 牝(指) 馬齢 18頭 本賞金:6500,2600,1600,980,650万円",18,6500.0,12,7,15,リリーフィールド,牝,2,55.0,武豊,94.5,アタマ,12,36.1,35.9,2-2,栗東 小崎,434,6,
202408070411,2024-12-08,京都,11,阪神JF,芝,1600,右,曇,良,"7回 京都 4日目 サラ系２歳 オープン       (国際) 牝(指) 馬齢 18頭 本賞金:6500,2600,1600,980,650万円",18,6500.0,13,8,17,メイデイレディ,牝,2,55.0,デット,94.7,1.1/4,4,9.2,35.9,5-6,海外 リー,,,
202408070411,2024-12-08,京都,11,阪神JF,芝,1600,右,曇,良,"7回 京都 4日目 サラ系２歳 オープン       (国際) 牝(指) 馬齢 18頭 本賞金:6500,2600,1600,980,650万円",18,6500.0,14,6,11,クリノメイ,牝,2,55.0,荻野琢,94.9,1.1/4,14,103.5,35.1,17-16,栗東 須貝,448,4,
202408070411,2024-12-08,京都,11,阪神JF,芝,1600,右,曇,良,"7回 京都 4日目 サラ系２歳 オープン       (国際) 牝(指) 馬齢 18頭 本賞金:6500,2600,1600,980,650万円",18,6500.0,15,3,5,ジューンエオス,牝,2,55.0,藤岡佑,95.0,3/4,17,243.9,35.4,16-15,栗東 武英,486,8,
202408070411,2024-12-08,京都,11,阪神JF,芝,1600,右,曇,良,"7回 京都 4日目 サラ系２歳 オープン       (国際) 牝(指) 馬齢 18頭 本賞金:6500,2600,1600,980,650万円",18,6500.0,16,5,10,ブラウンラチェット,牝,2,55.0,ルメー,95.1,1/2,1,3.4,35.9,11-12,美浦 手塚,428,-12,
202408070411,2024-12-08,京都,11,阪神JF,芝,1600,右,曇,良,"7回 京都 4日目 サラ系２歳 オープン       (国際) 牝(指) 馬齢 18頭 本賞金:6500,2600,1600,980,650万円",18,6500.0,17,2,3,ダンツエラン,牝,2,55.0,団野,95.5,2.1/2,9,22.2,36.4,9-6,栗東 本田,482,-4,
202408070411,2024-12-08,京都,11,阪神JF,芝,1600,右,曇,良,"7回 京都 4日目 サラ系２歳 オープン       (国際) 牝(指) 馬齢 18頭 本賞金:6500,2600,1600,980,650万円",18,6500.0,18,4,8,カワキタマナレア,牝,2,55.0,鮫島駿,96.0,3,11,27.8,37.1,7-6,栗東 杉山佳,430,6,
202408070412,2024-12-08,京都,12,鹿ケ谷特別,芝,1200,右,曇,良,"7回 京都 4日目 サラ系３歳以上 ２勝クラス       (混)[指] 定量 11頭 本賞金:1550,620,390,230,155万円",11,1550.0,1,5,5,イサチルシーサイド,牡,3,57.0,木幡初,68.7,,4,6.0,34.1,2-2,美浦 竹内,484,4,
202408070412,2024-12-08,京都,12,鹿ケ谷特別,芝,1200,右,曇,良,"7回 京都 4日目 サラ系３歳以上 ２勝クラス       (混)[指] 定量 11頭 本賞金:1550,620,390,230,155万円",11,1550.0,2,4,4,ワンダーキサラ,牝,5,56.0,太宰,68.8,3/4,2,4.6,34.3,1-1,栗東 石橋,462,0,
202408070412,2024-12-08,京都,12,鹿ケ谷特別,芝,1200,右,曇,良,"7回 京都 4日目 サラ系３歳以上 ２勝クラス       (混)[指] 定量 11頭 本賞金:1550,620,390,230,155万円",11,1550.0,3,7,8,インプロバイザー,牡,5,58.0,幸,68.8,クビ,5,7.8,34.0,3-3,栗東 音無,492,0,
202408070412,2024-12-08,京都,12,鹿ケ谷特別,芝,1200,右,曇,良,"7回 京都 4日目 サラ系３歳以上 ２勝クラス       (混)[指] 定量 11頭 本賞金:1550,620,390,230,155万円",11,1550.0,4,1,1,バシレウスシチー,牡,5,58.0,国分恭,68.9,1/2,6,12.4,34.1,3-3,栗東 岡田,454,2,
202408070412,2024-12-08,京都,12,鹿ケ谷特別,芝,1200,右,曇,良,"7回 京都 4日目 サラ系３歳以上 ２勝クラス       (混)[指] 定量 11頭 本賞金:1550,620,390,230,155万円",11,1550.0,5,2,2,テンジュイン,牝,7,56.0,戸崎圭,69.1,1.1/4,10,132.9,34.0,6-5,栗東 千田,466,4,
202408070412,2024-12-08,京都,12,鹿ケ谷特別,芝,1200,右,曇,良,"7回 京都 4日目 サラ系３歳以上 ２勝クラス       (混)[指] 定量 11頭 本賞金:1550,620,390,230,155万円",11,1550.0,6,3,3,キャンシーエンゼル,牝,3,55.0,松山,69.1,クビ,3,5.8,33.8,9-10,栗東 鈴木孝,472,0,
202408070412,2024-12-08,京都,12,鹿ケ谷特別,芝,1200,右,曇,良,"7回 京都 4日目 サラ系３歳以上 ２勝クラス       (混)[指] 定量 11頭 本賞金:1550,620,390,230,155万円",11,1550.0,7,6,7,アスクキングコング,セ,6,58.0,荻野琢,69.2,1/2,9,67.8,33.8,9-10,栗東 梅田,470,2,
202408070412,2024-12-08,京都,12,鹿ケ谷特別,芝,1200,右,曇,良,"7回 京都 4日目 サラ系３歳以上 ２勝クラス       (混)[指] 定量 11頭 本賞金:1550,620,390,230,155万円",11,1550.0,8,6,6,サンドロナイト,牝,3,54.0,北村友,69.2,アタマ,1,2.8,33.9,11-8,栗東 茶木,454,4,
202408070412,2024-12-08,京都,12,鹿ケ谷特別,芝,1200,右,曇,良,"7回 京都 4日目 サラ系３歳以上 ２勝クラス       (混)[指] 定量 11頭 本賞金:1550,620,390,230,155万円",11,1550.0,9,8,11,タガノスペルノヴァ,牡,6,58.0,団野,69.2,クビ,8,24.4,34.0,6-8,栗東 中尾,436,12,
202408070412,2024-12-08,京都,12,鹿ケ谷特別,芝,1200,右,曇,良,"7回 京都 4日目 サラ系３歳以上 ２勝クラス       (混)[指] 定量 11頭 本賞金:1550,620,390,230,155万円",11,1550.0,10,8,10,キングクー,牡,5,58.0,岩田望,69.3,クビ,7,12.5,34.3,5-5,美浦 根本,532,4,
202408070412,2024-12-08,京都,12,鹿ケ谷特別,芝,1200,右,曇,良,"7回 京都 4日目 サラ系３歳以上 ２勝クラス       (混)[指] 定量 11頭 本賞金:1550,620,390,230,155万円",11,1550.0,11,7,9,クラリティスケール,牝,5,56.0,古川吉,69.8,3,11,199.4,34.7,6-5,栗東 藤野,466,4,
202406050501,2024-12-14,中山,1,2歳未勝利,ダ,1200,右,晴,良,"5回 中山 5日目 サラ系２歳 未勝利       牝[指] 馬齢 16頭 本賞金:550,220,140,83,55万円",16,550.0,1,6,12,タッカージーティー,牝,2,55.0,横山武,72.5,,3,5.8,38.4,2-2,美浦 鈴木伸,486,0,
202406050501,2024-12-14,中山,1,2歳未勝利,ダ,1200,右,晴,良,"5回 中山 5日目 サラ系２歳 未勝利       牝[指] 馬齢 16頭 本賞金:550,220,140,83,55万円",16,550.0,2,3,5,シュレン,牝,2,55.0,菊沢,72.9,2.1/2,11,60.5,37.7,12-11,美浦 千葉,376,0,
202406050501,2024-12-14,中山,1,2歳未勝利,ダ,1200,右,晴,良,"5回 中山 5日目 サラ系２歳 未勝利       牝[指] 馬齢 16頭 本賞金:550,220,140,83,55万円",16,550.0,3,7,14,アイアンソリッド,牝,2,55.0,菅原明,73.1,1.1/4,5,7.3,38.6,6-6,美浦 本間,454,2,
202406050501,2024-12-14,中山,1,2歳未勝利,ダ,1200,右,晴,良,"5回 中山 5日目 サラ系２歳 未勝利       牝[指] 馬齢 16頭 本賞金:550,220,140,83,55万円",16,550.0,4,7,13,コオリナラグーン,牝,2,55.0,ルメー,73.1,アタマ,7,15.2,38.5,7-7,美浦 古賀,422,2,
202406050501,2024-12-14,中山,1,2歳未勝利,ダ,1200,右,晴,良,"5回 中山 5日目 サラ系２歳 未勝利       牝[指] 馬齢 16頭 本賞金:550,220,140,83,55万円",16,550.0,5,2,3,ライズトゥザトップ,牝,2,55.0,木幡巧,73.2,3/4,8,24.4,38.9,4-3,美浦 牧,488,0,
202406050501,2024-12-14,中山,1,2歳未勝利,ダ,1200,右,晴,良,"5回 中山 5日目 サラ系２歳 未勝利       牝[指] 馬齢 16頭 本賞金:550,220,140,83,55万円",16,550.0,6,8,15,サードウインド,牝,2,55.0,丹内,73.4,1,1,3.1,39.2,3-3,美浦 西田,458,0,
202406050501,2024-12-14,中山,1,2歳未勝利,ダ,1200,右,晴,良,"5回 中山 5日目 サラ系２歳 未勝利       牝[指] 馬齢 16頭 本賞金:550,220,140,83,55万円",16,550.0,7,5,10,サブアトミック,牝,2,55.0,佐々木,73.5,3/4,9,48.5,38.7,8-7,美浦 伊藤圭,462,2,
202406050501,2024-12-14,中山,1,2歳未勝利,ダ,1200,右,晴,良,"5回 中山 5日目 サラ系２歳 未勝利       牝[指] 馬齢 16頭 本賞金:550,220,140,83,55万円",16,550.0,8,6,11,サトノエバー,牝,2,55.0,三浦,73.6,アタマ,4,7.2,38.9,8-7,美浦 高柳瑞,446,4,
202406050501,2024-12-14,中山,1,2歳未勝利,ダ,1200,右,晴,良,"5回 中山 5日目 サラ系２歳 未勝利       牝[指] 馬齢 16頭 本賞金:550,220,140,83,55万円",16,550.0,9,3,6,ヒルビリーエレジー,牝,2,55.0,吉田豊,73.8,1.1/4,10,50.2,38.8,10-10,美浦 戸田,440,0,
202406050501,2024-12-14,中山,1,2歳未勝利,ダ,1200,右,晴,良,"5回 中山 5日目 サラ系２歳 未勝利       牝[指] 馬齢 16頭 本賞金:550,220,140,83,55万円",16,550.0,10,8,16,レオネッサ,牝,2,55.0,内田博,73.8,アタマ,12,134.2,38.8,10-12,美浦 池上,458,6,
202406050501,2024-12-14,中山,1,2歳未勝利,ダ,1200,右,晴,良,"5回 中山 5日目 サラ系２歳 未勝利       牝[指] 馬齢 16頭 本賞金:550,220,140,83,55万円",16,550.0,11,2,4,ショウナンバシリス,牝,2,55.0,戸崎圭,73.8,ハナ,6,11.1,39.8,1-1,美浦 尾関,474,12,
202406050501,2024-12-14,中山,1,2歳未勝利,ダ,1200,右,晴,良,"5回 中山 5日目 サラ系２歳 未勝利       牝[指] 馬齢 16頭 本賞金:550,220,140,83,55万円",16,550.0,12,1,1,フレーズボンボン,牝,2,54.0,☆原,74.1,2,2,4.6,39.8,4-3,美浦 中舘,436,-2,
202406050501,2024-12-14,中山,1,2歳未勝利,ダ,1200,右,晴,良,"5回 中山 5日目 サラ系２歳 未勝利       牝[指] 馬齢 16頭 本賞金:550,220,140,83,55万円",16,550.0,13,4,8,コットンフラワー,牝,2,55.0,木幡育,74.2,クビ,16,525.8,38.6,14-13,美浦 松永康,426,-4,
202406050501,2024-12-14,中山,1,2歳未勝利,ダ,1200,右,晴,良,"5回 中山 5日目 サラ系２歳 未勝利       牝[指] 馬齢 16頭 本賞金:550,220,140,83,55万円",16,550.0,14,1,2,テイエムシェボン,牝,2,55.0,柴田大,74.3,1/2,15,469.2,38.8,13-13,美浦 石栗,488,2,
202406050501,2024-12-14,中山,1,2歳未勝利,ダ,1200,右,晴,良,"5回 中山 5日目 サラ系２歳 未勝利       牝[指] 馬齢 16頭 本賞金:550,220,140,83,55万円",16,550.0,15,5,9,ジェイエルケープ,牝,2,55.0,小林凌,75.3,6,14,374.4,39.5,15-15,美浦 小西,412,-4,
202406050501,2024-12-14,中山,1,2歳未勝利,ダ,1200,右,晴,良,"5回 中山 5日目 サラ系２歳 未勝利       牝[指] 馬齢 16頭 本賞金:550,220,140,83,55万円",16,550.0,16,4,7,サンパギータチャン,牝,2,51.0,★小林美,76.0,4,13,269.7,38.9,16-16,美浦 杉浦,390,2,
202406050502,2024-12-14,中山,2,2歳未勝利,ダ,1800,右,晴,良,"5回 中山 5日目 サラ系２歳 未勝利       [指] 馬齢 16頭 本賞金:550,220,140,83,55万円",16,550.0,1,6,12,ニシノケンタマン,牡,2,56.0,内田博,116.7,,7,20.0,40.0,3-3-2-2,美浦 深山,454,8,
202406050502,2024-12-14,中山,2,2歳未勝利,ダ,1800,右,晴,良,"5回 中山 5日目 サラ系２歳 未勝利       [指] 馬齢 16頭 本賞金:550,220,140,83,55万円",16,550.0,2,7,13,フィーリウス,牡,2,56.0,木幡巧,116.8,1/2,6,14.5,39.3,9-9-7-5,美浦 手塚,498,4,
202406050502,2024-12-14,中山,2,2歳未勝利,ダ,1800,右,晴,良,"5回 中山 5日目 サラ系２歳 未勝利       [指] 馬齢 16頭 本賞金:550,220,140,83,55万円",16,550.0,3,5,9,オオタチ,牡,2,56.0,野中,116.8,ハナ,4,6.8,39.5,8-7-4-3,美浦 久保田,454,4,
202406050502,2024-12-14,中山,2,2歳未勝利,ダ,1800,右,晴,良,"5回 中山 5日目 サラ系２歳 未勝利       [指] 馬齢 16頭 本賞金:550,220,140,83,55万円",16,550.0,4,2,4,ミュークチェルシー,牝,2,55.0,吉田豊,117.2,2.1/2,2,3.4,40.6,2-2-1-1,美浦 稲垣,460,-2,
202406050502,2024-12-14,中山,2,2歳未勝利,ダ,1800,右,晴,良,"5回 中山 5日目 サラ系２歳 未勝利       [指] 馬齢 16頭 本賞金:550,220,140,83,55万円",16,550.0,5,3,6,キャピタルリッチ,牡,2,56.0,菅原明,118.0,5,5,8.8,40.4,9-9-7-5,美浦 小笠,464,2,
202406050502,2024-12-14,中山,2,2歳未勝利,ダ,1800,右,晴,良,"5回 中山 5日目 サラ系２歳 未勝利       [指] 馬齢 16頭 本賞金:550,220,140,83,55万円",16,550.0,6,5,10,ヒサエノオモカゲ,牝,2,55.0,横山武,118.1,クビ,9,68.2,41.0,4-4-3-4,美浦 千葉,480,8,
202406050502,2024-12-14,中山,2,2歳未勝利,ダ,1800,右,晴,良,"5回 中山 5日目 サラ系２歳 未勝利       [指] 馬齢 16頭 本賞金:550,220,140,83,55万円",16,550.0,7,7,14,ジーティーエンジン,牡,2,56.0,田辺,118.5,2.1/2,3,4.8,40.2,14-13-15-10,美浦 伊藤圭,512,2,
202406050502,2024-12-14,中山,2,2歳未勝利,ダ,1800,右,晴,良,"5回 中山 5日目 サラ系２歳 未勝利       [指] 馬齢 16頭 本賞金:550,220,140,83,55万円",16,550.0,8,2,3,ウィンスタンリー,牡,2,56.0,北村宏,118.6,1,1,3.4,40.8,15-15-10-9,美浦 黒岩,484,4,
202406050502,2024-12-14,中山,2,2歳未勝利,ダ,1800,右,晴,良,"5回 中山 5日目 サラ系２歳 未勝利       [指] 馬齢 16頭 本賞金:550,220,140,83,55万円",16,550.0,9,6,11,タイキクリエイター,牡,2,56.0,菊沢,119.4,5,11,114.4,42.1,7-7-4-7,美浦 矢野,582,0,
202406050502,2024-12-14,中山,2,2歳未勝利,ダ,1800,右,晴,良,"5回 中山 5日目 サラ系２歳 未勝利       [指] 馬齢 16頭 本賞金:550,220,140,83,55万円",16,550.0,10,4,7,ルディシャ,牡,2,55.0,☆原,119.9,3,8,29.6,42.4,12-13-7-8,美浦 田中博,460,4,
202406050502,2024-12-14,中山,2,2歳未勝利,ダ,1800,右,晴,良,"5回 中山 5日目 サラ系２歳 未勝利       [指] 馬齢 16頭 本賞金:550,220,140,83,55万円",16,550.0,11,8,16,ナックシュバリエ,牡,2,56.0,大野,120.8,5,12,174.3,42.8,12-12-12-11,美浦 杉浦,488,4,
202406050502,2024-12-14,中山,2,2歳未勝利,ダ,1800,右,晴,良,"5回 中山 5日目 サラ系２歳 未勝利       [指] 馬齢 16頭 本賞金:550,220,140,83,55万円",16,550.0,12,1,1,サマーツアー,牡,2,56.0,津村,121.2,2.1/2,10,70.2,43.1,5-4-12-14,美浦 矢嶋,490,2,
202406050502,2024-12-14,中山,2,2歳未勝利,ダ,1800,右,晴,良,"5回 中山 5日目 サラ系２歳 未勝利       [指] 馬齢 16頭 本賞金:550,220,140,83,55万円",16,550.0,13,3,5,ゼロファイター,牡,2,56.0,柴田大,121.7,2.1/2,15,456.4,43.7,11-11-12-13,美浦 和田雄,408,-6,
202406050502,2024-12-14,中山,2,2歳未勝利,ダ,1800,右,晴,良,"5回 中山 5日目 サラ系２歳 未勝利       [指] 馬齢 16頭 本賞金:550,220,140,83,55万円",16,550.0,14,4,8,ウラチャチャ,牡,2,56.0,嶋田,123.5,大,14,422.5,46.2,5-4-4-11,美浦 小野,470,4,
202406050502,2024-12-14,中山,2,2歳未勝利,ダ,1800,右,晴,良,"5回 中山 5日目 サラ系２歳 未勝利       [指] 馬齢 16頭 本賞金:550,220,140,83,55万円",16,550.0,15,8,15,チェリースカヤ,牡,2,56.0,小林凌,123.7,3/4,16,502.1,45.3,16-16-16-14,美浦 小西,482,-2,
202406050502,2024-12-14,中山,2,2歳未勝利,ダ,1800,右,晴,良,"5回 中山 5日目 サラ系２歳 未勝利       [指] 馬齢 16頭 本賞金:550,220,140,83,55万円",16,550.0,16,1,2,テリオスラキ,牡,2,55.0,☆横山琉,128.5,大,13,224.3,50.6,1-1-11-16,美浦 田島,492,4,
202406050503,2024-12-14,中山,3,2歳未勝利,ダ,1200,右,晴,良,"5回 中山 5日目 サラ系２歳 未勝利       [指] 馬齢 16頭 本賞金:550,220,140,83,55万円",16,550.0,1,7,14,ヤマメキング,牡,2,56.0,戸崎圭,73.1,,7,16.6,38.2,6-6,美浦 田島,490,0,
202406050503,2024-12-14,中山,3,2歳未勝利,ダ,1200,右,晴,良,"5回 中山 5日目 サラ系２歳 未勝利       [指] 馬齢 16頭 本賞金:550,220,140,83,55万円",16,550.0,2,7,13,ショウナンラリー,牡,2,56.0,吉田豊,73.4,1.3/4,3,4.6,38.2,8-7,美浦 嘉藤,480,2,
202406050503,2024-12-14,中山,3,2歳未勝利,ダ,1200,右,晴,良,"5回 中山 5日目 サラ系２歳 未勝利       [指] 馬齢 16頭 本賞金:550,220,140,83,55万円",16,550.0,3,2,4,メイユウ,牡,2,56.0,石川,73.7,1.3/4,5,9.7,38.5,8-8,美浦 蛯名正,466,0,
202406050503,2024-12-14,中山,3,2歳未勝利,ダ,1200,右,晴,良,"5回 中山 5日目 サラ系２歳 未勝利       [指] 馬齢 16頭 本賞金:550,220,140,83,55万円",16,550.0,4,3,5,エリュテイア,牝,2,55.0,三浦,73.7,クビ,8,56.8,39.6,2-2,美浦 深山,476,-2,
202406050503,2024-12-14,中山,3,2歳未勝利,ダ,1200,右,晴,良,"5回 中山 5日目 サラ系２歳 未勝利       [指] 馬齢 16頭 本賞金:550,220,140,83,55万円",16,550.0,5,6,12,ハクサンリバーブ,牡,2,56.0,内田博,73.8,クビ,10,98.0,38.4,10-10,美浦 松山,472,0,
202406050503,2024-12-14,中山,3,2歳未勝利,ダ,1200,右,晴,良,"5回 中山 5日目 サラ系２歳 未勝利       [指] 馬齢 16頭 本賞金:550,220,140,83,55万円",16,550.0,6,1,2,ウインレアリゼ,牝,2,53.0,◇永島,73.8,クビ,13,183.6,37.9,13-12,美浦 小手川,458,4,
202406050503,2024-12-14,中山,3,2歳未勝利,ダ,1200,右,晴,良,"5回 中山 5日目 サラ系２歳 未勝利       [指] 馬齢 16頭 本賞金:550,220,140,83,55万円",16,550.0,7,6,11,ミトノキャット,牝,2,55.0,木幡巧,73.9,クビ,1,3.3,39.7,2-3,美浦 牧,448,6,
202406050503,2024-12-14,中山,3,2歳未勝利,ダ,1200,右,晴,良,"5回 中山 5日目 サラ系２歳 未勝利       [指] 馬齢 16頭 本賞金:550,220,140,83,55万円",16,550.0,8,8,15,チュッチュポッポ,牝,2,55.0,武藤,74.0,3/4,9,90.0,39.5,4-4,美浦 武藤,472,-2,
202406050503,2024-12-14,中山,3,2歳未勝利,ダ,1200,右,晴,良,"5回 中山 5日目 サラ系２歳 未勝利       [指] 馬齢 16頭 本賞金:550,220,140,83,55万円",16,550.0,9,2,3,マグネシアブリック,牡,2,56.0,ルメー,74.4,2,4,7.0,40.3,1-1,美浦 中舘,458,2,
202406050503,2024-12-14,中山,3,2歳未勝利,ダ,1200,右,晴,良,"5回 中山 5日目 サラ系２歳 未勝利       [指] 馬齢 16頭 本賞金:550,220,140,83,55万円",16,550.0,10,1,1,ポッドロルフ,牡,2,55.0,☆原,74.9,3.1/2,12,165.7,39.3,11-10,美浦 小野,464,6,
202406050503,2024-12-14,中山,3,2歳未勝利,ダ,1200,右,晴,良,"5回 中山 5日目 サラ系２歳 未勝利       [指] 馬齢 16頭 本賞金:550,220,140,83,55万円",16,550.0,11,8,16,バックアップアゲン,牝,2,55.0,横山武,75.4,3,6,12.0,40.4,7-9,美浦 千葉,466,2,
202406050503,2024-12-14,中山,3,2歳未勝利,ダ,1200,右,晴,良,"5回 中山 5日目 サラ系２歳 未勝利       [指] 馬齢 16頭 本賞金:550,220,140,83,55万円",16,550.0,12,4,8,ルラクソント,牡,2,56.0,丹内,75.6,1.1/4,11,124.6,41.0,4-5,美浦 中川,478,6,
202406050503,2024-12-14,中山,3,2歳未勝利,ダ,1200,右,晴,良,"5回 中山 5日目 サラ系２歳 未勝利       [指] 馬齢 16頭 本賞金:550,220,140,83,55万円",16,550.0,13,5,10,スパーク,牡,2,56.0,石橋脩,75.9,1.1/2,15,519.4,39.1,16-16,美浦 池上,492,14,
202406050503,2024-12-14,中山,3,2歳未勝利,ダ,1200,右,晴,良,"5回 中山 5日目 サラ系２歳 未勝利       [指] 馬齢 16頭 本賞金:550,220,140,83,55万円",16,550.0,14,5,9,ピーターライズ,牡,2,56.0,佐々木,75.9,ハナ,2,3.5,39.5,15-14,美浦 伊藤圭,502,4,
202406050503,2024-12-14,中山,3,2歳未勝利,ダ,1200,右,晴,良,"5回 中山 5日目 サラ系２歳 未勝利       [指] 馬齢 16頭 本賞金:550,220,140,83,55万円",16,550.0,15,3,6,チョウノミツツボ,牝,2,53.0,△小林脩,76.3,2.1/2,14,476.2,40.6,11-13,美浦 奥平,404,-2,
202406050503,2024-12-14,中山,3,2歳未勝利,ダ,1200,右,晴,良,"5回 中山 5日目 サラ系２歳 未勝利       [指] 馬齢 16頭 本賞金:550,220,140,83,55万円",16,550.0,16,4,7,サノノダンサー,牝,2,54.0,☆横山琉,77.0,4,16,730.9,41.0,13-14,美浦 尾形,412,-12,
202406050504,2024-12-14,中山,4,2歳未勝利,ダ,1800,右,晴,良,"5回 中山 5日目 サラ系２歳 未勝利       (混)[指] 馬齢 16頭 本賞金:550,220,140,83,55万円",16,550.0,1,8,15,ソクヅモドラドラ,牡,2,56.0,横山和,116.9,,3,5.3,40.6,3-3-2-2,美浦 上原佑,498,0,
202406050504,2024-12-14,中山,4,2歳未勝利,ダ,1800,右,晴,良,"5回 中山 5日目 サラ系２歳 未勝利       (混)[指] 馬齢 16頭 本賞金:550,220,140,83,55万円",16,550.0,2,4,7,ハクシンブライアン,牡,2,56.0,大野,117.0,3/4,1,2.6,40.5,5-5-4-4,美浦 松山,490,2,
202406050504,2024-12-14,中山,4,2歳未勝利,ダ,1800,右,晴,良,"5回 中山 5日目 サラ系２歳 未勝利       (混)[指] 馬齢 16頭 本賞金:550,220,140,83,55万円",16,550.0,3,1,2,ヴィジブルライト,牡,2,56.0,マーカ,117.0,ハナ,2,2.7,40.5,3-3-4-4,美浦 和田郎,486,12,
202406050504,2024-12-14,中山,4,2歳未勝利,ダ,1800,右,晴,良,"5回 中山 5日目 サラ系２歳 未勝利       (混)[指] 馬齢 16頭 本賞金:550,220,140,83,55万円",16,550.0,4,7,13,オーレオリン,牡,2,56.0,柴田大,118.0,6,10,85.5,41.5,5-5-4-4,美浦 黒岩,474,2,
202406050504,2024-12-14,中山,4,2歳未勝利,ダ,1800,右,晴,良,"5回 中山 5日目 サラ系２歳 未勝利       (混)[指] 馬齢 16頭 本賞金:550,220,140,83,55万円",16,550.0,5,3,5,ハルノアラシ,牡,2,56.0,石川,118.1,1/2,4,9.5,41.2,8-8-9-7,美浦 相沢,508,-8,
202406050504,2024-12-14,中山,4,2歳未勝利,ダ,1800,右,晴,良,"5回 中山 5日目 サラ系２歳 未勝利       (混)[指] 馬齢 16頭 本賞金:550,220,140,83,55万円",16,550.0,6,7,14,マブアンドフェール,牡,2,56.0,内田博,118.5,2,12,292.9,40.5,14-15-14-14,美浦 古賀,526,6,
202406050504,2024-12-14,中山,4,2歳未勝利,ダ,1800,右,晴,良,"5回 中山 5日目 サラ系２歳 未勝利       (混)[指] 馬齢 16頭 本賞金:550,220,140,83,55万円",16,550.0,7,1,1,オンザバサラ,牡,2,56.0,横山武,119.0,3,9,80.8,41.8,7-7-10-10,美浦 大和田,478,2,
202406050504,2024-12-14,中山,4,2歳未勝利,ダ,1800,右,晴,良,"5回 中山 5日目 サラ系２歳 未勝利       (混)[指] 馬齢 16頭 本賞金:550,220,140,83,55万円",16,550.0,8,5,10,カイトリヒト,牡,2,56.0,木幡初,119.2,3/4,11,257.7,42.9,2-2-2-2,美浦 武市,500,0,
202406050504,2024-12-14,中山,4,2歳未勝利,ダ,1800,右,晴,良,"5回 中山 5日目 サラ系２歳 未勝利       (混)[指] 馬齢 16頭 本賞金:550,220,140,83,55万円",16,550.0,9,5,9,ユナクイーン,牝,2,55.0,木幡育,119.3,クビ,7,49.0,41.6,11-12-12-12,美浦 松永康,488,-6,
202406050504,2024-12-14,中山,4,2歳未勝利,ダ,1800,右,晴,良,"5回 中山 5日目 サラ系２歳 未勝利       (混)[指] 馬齢 16頭 本賞金:550,220,140,83,55万円",16,550.0,10,3,6,リュウゼツラン,牝,2,55.0,丹内,119.4,1/2,8,52.5,42.9,11-11-4-7,美浦 水野,450,-2,
202406050504,2024-12-14,中山,4,2歳未勝利,ダ,1800,右,晴,良,"5回 中山 5日目 サラ系２歳 未勝利       (混)[指] 馬齢 16頭 本賞金:550,220,140,83,55万円",16,550.0,11,6,11,ブラーブデシジョン,牡,2,56.0,木幡巧,119.4,ハナ,5,10.0,42.9,9-8-4-7,美浦 牧,462,-4,
202406050504,2024-12-14,中山,4,2歳未勝利,ダ,1800,右,晴,良,"5回 中山 5日目 サラ系２歳 未勝利       (混)[指] 馬齢 16頭 本賞金:550,220,140,83,55万円",16,550.0,12,2,3,ロイヤルカスタマー,牡,2,54.0,◇永島,119.5,1/2,13,344.7,41.8,14-14-12-13,美浦 加藤和,490,-2,
202406050504,2024-12-14,中山,4,2歳未勝利,ダ,1800,右,晴,良,"5回 中山 5日目 サラ系２歳 未勝利       (混)[指] 馬齢 16頭 本賞金:550,220,140,83,55万円",16,550.0,13,4,8,タドウリョク,牝,2,55.0,菊沢,119.8,1.3/4,16,565.1,41.9,13-13-14-14,美浦 岩戸,444,-2,
202406050504,2024-12-14,中山,4,2歳未勝利,ダ,1800,右,晴,良,"5回 中山 5日目 サラ系２歳 未勝利       (混)[指] 馬齢 16頭 本賞金:550,220,140,83,55万円",16,550.0,14,6,12,エイブリー,牝,2,55.0,吉田豊,120.0,1.1/4,14,393.6,42.8,9-10-10-10,美浦 土田,508,-6,
202406050504,2024-12-14,中山,4,2歳未勝利,ダ,1800,右,晴,良,"5回 中山 5日目 サラ系２歳 未勝利       (混)[指] 馬齢 16頭 本賞金:550,220,140,83,55万円",16,550.0,15,8,16,ショーモッシュ,牡,2,56.0,野中,120.3,2,6,26.4,44.1,1-1-1-1,美浦 鈴木伸,506,-6,
202406050504,2024-12-14,中山,4,2歳未勝利,ダ,1800,右,晴,良,"5回 中山 5日目 サラ系２歳 未勝利       (混)[指] 馬齢 16頭 本賞金:550,220,140,83,55万円",16,550.0,16,2,4,ネオシャクナゲ,牡,2,56.0,小林凌,120.3,ハナ,15,534.0,42.1,14-15-16-16,美浦 小西,492,0,
202406050505,2024-12-14,中山,5,2歳新馬,芝,2000,右,晴,良,"5回 中山 5日目 サラ系２歳 新馬       [指] 馬齢 15頭 本賞金:720,290,180,110,72万円",15,720.0,1,1,1,トリプルコーク,牡,2,56.0,ルメー,121.0,,1,1.9,34.3,6-6-6-6,美浦 黒岩,460,0,
202406050505,2024-12-14,中山,5,2歳新馬,芝,2000,右,晴,良,"5回 中山 5日目 サラ系２歳 新馬       [指] 馬齢 15頭 本賞金:720,290,180,110,72万円",15,720.0,2,6,10,ハニードレス,牝,2,55.0,木幡巧,121.3,1.3/4,4,10.5,35.0,3-3-3-4,美浦 牧,436,0,
202406050505,2024-12-14,中山,5,2歳新馬,芝,2000,右,晴,良,"5回 中山 5日目 サラ系２歳 新馬       [指] 馬齢 15頭 本賞金:720,290,180,110,72万円",15,720.0,3,4,6,ロールザダイス,牡,2,56.0,三浦,121.3,アタマ,3,6.7,34.8,4-5-5-3,栗東 池江,476,0,
202406050505,2024-12-14,中山,5,2歳新馬,芝,2000,右,晴,良,"5回 中山 5日目 サラ系２歳 新馬       [指] 馬齢 15頭 本賞金:720,290,180,110,72万円",15,720.0,4,7,12,オブラマエストラ,牡,2,56.0,Ｃデム,121.6,2,5,10.6,35.5,2-2-2-2,栗東 池添,452,0,
202406050505,2024-12-14,中山,5,2歳新馬,芝,2000,右,晴,良,"5回 中山 5日目 サラ系２歳 新馬       [指] 馬齢 15頭 本賞金:720,290,180,110,72万円",15,720.0,5,8,15,ジェノヴィーノ,牝,2,55.0,大野,122.0,2,10,85.3,35.2,6-7-6-7,美浦 中舘,408,0,
202406050505,2024-12-14,中山,5,2歳新馬,芝,2000,右,晴,良,"5回 中山 5日目 サラ系２歳 新馬       [指] 馬齢 15頭 本賞金:720,290,180,110,72万円",15,720.0,6,2,3,ロードソルスティス,牡,2,56.0,斎藤,122.2,1.1/2,6,17.3,36.2,1-1-1-1,美浦 斎藤誠,498,0,
202406050505,2024-12-14,中山,5,2歳新馬,芝,2000,右,晴,良,"5回 中山 5日目 サラ系２歳 新馬       [指] 馬齢 15頭 本賞金:720,290,180,110,72万円",15,720.0,7,2,2,ナスノソナタ,牡,2,56.0,横山武,122.2,ハナ,8,31.0,35.2,10-10-8-7,美浦 武井,470,0,
202406050505,2024-12-14,中山,5,2歳新馬,芝,2000,右,晴,良,"5回 中山 5日目 サラ系２歳 新馬       [指] 馬齢 15頭 本賞金:720,290,180,110,72万円",15,720.0,8,5,9,チェントポルテ,牝,2,55.0,マーカ,122.2,ハナ,7,30.9,35.8,4-4-4-4,美浦 上原佑,412,0,
202406050505,2024-12-14,中山,5,2歳新馬,芝,2000,右,晴,良,"5回 中山 5日目 サラ系２歳 新馬       [指] 馬齢 15頭 本賞金:720,290,180,110,72万円",15,720.0,9,7,13,レイデアンジェロ,牡,2,56.0,ムーア,122.7,3,2,4.3,35.7,9-8-8-9,美浦 国枝,508,0,
202406050505,2024-12-14,中山,5,2歳新馬,芝,2000,右,晴,良,"5回 中山 5日目 サラ系２歳 新馬       [指] 馬齢 15頭 本賞金:720,290,180,110,72万円",15,720.0,10,3,5,ホウオウブライツ,牡,2,56.0,菅原明,122.9,1,11,132.5,35.8,10-11-10-10,美浦 稲垣,470,0,
202406050505,2024-12-14,中山,5,2歳新馬,芝,2000,右,晴,良,"5回 中山 5日目 サラ系２歳 新馬       [指] 馬齢 15頭 本賞金:720,290,180,110,72万円",15,720.0,11,4,7,キタノアルペジオ,牡,2,56.0,柴田大,123.4,3.1/2,14,369.3,35.7,13-13-13-11,美浦 粕谷,420,0,
202406050505,2024-12-14,中山,5,2歳新馬,芝,2000,右,晴,良,"5回 中山 5日目 サラ系２歳 新馬       [指] 馬齢 15頭 本賞金:720,290,180,110,72万円",15,720.0,12,5,8,マイネルアース,牡,2,56.0,丹内,124.6,7,12,182.0,36.6,15-15-14-13,美浦 金成,484,0,
202406050505,2024-12-14,中山,5,2歳新馬,芝,2000,右,晴,良,"5回 中山 5日目 サラ系２歳 新馬       [指] 馬齢 15頭 本賞金:720,290,180,110,72万円",15,720.0,13,3,4,マイネルゲミュート,牡,2,56.0,佐々木,125.2,4,13,266.4,37.7,8-8-11-12,美浦 清水英,418,0,
202406050505,2024-12-14,中山,5,2歳新馬,芝,2000,右,晴,良,"5回 中山 5日目 サラ系２歳 新馬       [指] 馬齢 15頭 本賞金:720,290,180,110,72万円",15,720.0,14,8,14,スアーウィス,牝,2,55.0,津村,131.8,大,15,426.7,43.5,14-14-15-14,美浦 水野,482,0,
202406050505,2024-12-14,中山,5,2歳新馬,芝,2000,右,晴,良,"5回 中山 5日目 サラ系２歳 新馬       [指] 馬齢 15頭 本賞金:720,290,180,110,72万円",15,720.0,,6,11,イデアリサール,牝,2,55.0,戸崎圭,,,9,67.3,,12-11-11,美浦 田島,434,0,中止
202406050506,2024-12-14,中山,6,2歳新馬,ダ,1800,右,晴,良,"5回 中山 5日目 サラ系２歳 新馬       [指] 馬齢 15頭 本賞金:720,290,180,110,72万円",15,720.0,1,8,14,ワンカードフェロー,牡,2,56.0,ルメー,117.0,,1,1.9,39.2,3-3-3-2,美浦 嘉藤,488,0,
202406050506,2024-12-14,中山,6,2歳新馬,ダ,1800,右,晴,良,"5回 中山 5日目 サラ系２歳 新馬       [指] 馬齢 15頭 本賞金:720,290,180,110,72万円",15,720.0,2,7,12,ジェシーテソーロ,牡,2,56.0,木幡巧,117.0,アタマ,10,64.4,38.8,8-8-6-2,美浦 牧,478,0,
202406050506,2024-12-14,中山,6,2歳新馬,ダ,1800,右,晴,良,"5回 中山 5日目 サラ系２歳 新馬       [指] 馬齢 15頭 本賞金:720,290,180,110,72万円",15,720.0,3,6,11,タイセイデクスター,牡,2,56.0,横山武,117.0,アタマ,8,42.7,39.0,7-7-5-6,美浦 伊藤圭,494,0,
202406050506,2024-12-14,中山,6,2歳新馬,ダ,1800,右,晴,良,"5回 中山 5日目 サラ系２歳 新馬       [指] 馬齢 15頭 本賞金:720,290,180,110,72万円",15,720.0,4,8,15,ナムラジミー,牡,2,55.0,☆原,117.8,5,11,72.2,39.0,11-11-10-8,美浦 武市,498,0,
202406050506,2024-12-14,中山,6,2歳新馬,ダ,1800,右,晴,良,"5回 中山 5日目 サラ系２歳 新馬       [指] 馬齢 15頭 本賞金:720,290,180,110,72万円",15,720.0,5,3,4,フィールザゴールド,牡,2,56.0,丹内,118.1,1.3/4,7,24.2,40.3,3-3-3-2,美浦 岩戸,440,0,
202406050506,2024-12-14,中山,6,2歳新馬,ダ,1800,右,晴,良,"5回 中山 5日目 サラ系２歳 新馬       [指] 馬齢 15頭 本賞金:720,290,180,110,72万円",15,720.0,6,4,6,アスクデッドヒート,牡,2,56.0,ムーア,118.3,1.1/2,2,4.7,39.9,5-5-9-8,栗東 矢作,494,0,
202406050506,2024-12-14,中山,6,2歳新馬,ダ,1800,右,晴,良,"5回 中山 5日目 サラ系２歳 新馬       [指] 馬齢 15頭 本賞金:720,290,180,110,72万円",15,720.0,7,5,9,ミッシオーネ,牝,2,55.0,マーカ,118.4,1/2,4,8.0,40.9,1-1-1-1,栗東 西園正,406,0,
202406050506,2024-12-14,中山,6,2歳新馬,ダ,1800,右,晴,良,"5回 中山 5日目 サラ系２歳 新馬       [指] 馬齢 15頭 本賞金:720,290,180,110,72万円",15,720.0,8,2,2,タイキオーベロン,牡,2,56.0,津村,118.9,3,5,17.4,40.6,10-10-8-7,美浦 高木,450,0,
202406050506,2024-12-14,中山,6,2歳新馬,ダ,1800,右,晴,良,"5回 中山 5日目 サラ系２歳 新馬       [指] 馬齢 15頭 本賞金:720,290,180,110,72万円",15,720.0,9,7,13,ルージュメアート,牝,2,55.0,石橋脩,119.1,1,9,45.9,40.0,13-13-12-10,美浦 高柳瑞,528,0,
202406050506,2024-12-14,中山,6,2歳新馬,ダ,1800,右,晴,良,"5回 中山 5日目 サラ系２歳 新馬       [指] 馬齢 15頭 本賞金:720,290,180,110,72万円",15,720.0,10,6,10,ラヴアンドライク,牝,2,55.0,佐々木,119.2,1/2,6,17.9,41.6,2-2-2-2,美浦 稲垣,490,0,
202406050506,2024-12-14,中山,6,2歳新馬,ダ,1800,右,晴,良,"5回 中山 5日目 サラ系２歳 新馬       [指] 馬齢 15頭 本賞金:720,290,180,110,72万円",15,720.0,11,3,5,アイスヴィレッジ,牡,2,56.0,菅原明,120.6,9,3,6.7,41.6,8-8-11-12,美浦 鈴木慎,498,0,
202406050506,2024-12-14,中山,6,2歳新馬,ダ,1800,右,晴,良,"5回 中山 5日目 サラ系２歳 新馬       [指] 馬齢 15頭 本賞金:720,290,180,110,72万円",15,720.0,12,2,3,オメガフリーク,セ,2,56.0,戸崎圭,121.2,3.1/2,12,82.0,41.8,13-14-13-13,美浦 大和田,418,0,
202406050506,2024-12-14,中山,6,2歳新馬,ダ,1800,右,晴,良,"5回 中山 5日目 サラ系２歳 新馬       [指] 馬齢 15頭 本賞金:720,290,180,110,72万円",15,720.0,13,1,1,カスカナノゾミ,牝,2,55.0,菊沢,122.5,8,13,172.0,42.8,12-11-14-14,美浦 堀内,468,0,
202406050506,2024-12-14,中山,6,2歳新馬,ダ,1800,右,晴,良,"5回 中山 5日目 サラ系２歳 新馬       [指] 馬齢 15頭 本賞金:720,290,180,110,72万円",15,720.0,14,5,8,アスピノール,牡,2,56.0,岩部,123.8,8,15,330.6,43.6,15-15-15-14,美浦 南田,482,0,
202406050506,2024-12-14,中山,6,2歳新馬,ダ,1800,右,晴,良,"5回 中山 5日目 サラ系２歳 新馬       [指] 馬齢 15頭 本賞金:720,290,180,110,72万円",15,720.0,15,4,7,ノイシュロス,牡,2,56.0,内田博,124.8,6,14,309.4,46.6,5-5-6-10,美浦 清水英,492,0,
202406050507,2024-12-14,中山,7,2歳未勝利,芝,1800,右,晴,良,"5回 中山 5日目 サラ系２歳 未勝利       牝[指] 馬齢 16頭 本賞金:550,220,140,83,55万円",16,550.0,1,3,5,ノビリシマビジョン,牝,2,55.0,ルメー,108.2,,2,5.3,35.1,7-7-5-6,美浦 青木,480,8,
202406050507,2024-12-14,中山,7,2歳未勝利,芝,1800,右,晴,良,"5回 中山 5日目 サラ系２歳 未勝利       牝[指] 馬齢 16頭 本賞金:550,220,140,83,55万円",16,550.0,2,3,6,ニシノエピカリ,牝,2,55.0,田辺,108.2,ハナ,4,6.1,35.4,2-2-2-2,美浦 手塚,410,2,
202406050507,2024-12-14,中山,7,2歳未勝利,芝,1800,右,晴,良,"5回 中山 5日目 サラ系２歳 未勝利       牝[指] 馬齢 16頭 本賞金:550,220,140,83,55万円",16,550.0,3,7,13,ヴォンフレ,牝,2,55.0,松岡,108.6,2.1/2,11,81.7,35.9,1-1-1-1,美浦 村田,466,-4,
202406050507,2024-12-14,中山,7,2歳未勝利,芝,1800,右,晴,良,"5回 中山 5日目 サラ系２歳 未勝利       牝[指] 馬齢 16頭 本賞金:550,220,140,83,55万円",16,550.0,4,6,11,ミライヘノハナ,牝,2,55.0,北村宏,108.9,2,1,2.7,36.0,5-5-4-3,美浦 伊藤大,442,4,
202406050507,2024-12-14,中山,7,2歳未勝利,芝,1800,右,晴,良,"5回 中山 5日目 サラ系２歳 未勝利       牝[指] 馬齢 16頭 本賞金:550,220,140,83,55万円",16,550.0,5,4,8,マキャベリー,牝,2,55.0,菅原明,109.0,3/4,9,42.7,35.8,4-5-8-6,美浦 黒岩,466,4,
202406050507,2024-12-14,中山,7,2歳未勝利,芝,1800,右,晴,良,"5回 中山 5日目 サラ系２歳 未勝利       牝[指] 馬齢 16頭 本賞金:550,220,140,83,55万円",16,550.0,6,6,12,ウィアステーラ,牝,2,55.0,津村,109.1,クビ,7,22.4,35.8,10-11-9-9,美浦 田島,432,-10,
202406050507,2024-12-14,中山,7,2歳未勝利,芝,1800,右,晴,良,"5回 中山 5日目 サラ系２歳 未勝利       牝[指] 馬齢 16頭 本賞金:550,220,140,83,55万円",16,550.0,7,1,1,ヴォルヴァ,牝,2,53.0,◇永島,109.1,クビ,12,94.0,35.4,14-13-13-13,美浦 尾形,420,2,
202406050507,2024-12-14,中山,7,2歳未勝利,芝,1800,右,晴,良,"5回 中山 5日目 サラ系２歳 未勝利       牝[指] 馬齢 16頭 本賞金:550,220,140,83,55万円",16,550.0,8,2,4,ミラクルダンサー,牝,2,55.0,Ｃデム,109.1,ハナ,3,5.5,36.1,5-3-5-3,美浦 尾関,500,-8,
202406050507,2024-12-14,中山,7,2歳未勝利,芝,1800,右,晴,良,"5回 中山 5日目 サラ系２歳 未勝利       牝[指] 馬齢 16頭 本賞金:550,220,140,83,55万円",16,550.0,9,5,9,セラドピラール,牝,2,55.0,マーカ,109.2,クビ,10,47.6,35.9,10-10-9-10,美浦 稲垣,502,0,
202406050507,2024-12-14,中山,7,2歳未勝利,芝,1800,右,晴,良,"5回 中山 5日目 サラ系２歳 未勝利       牝[指] 馬齢 16頭 本賞金:550,220,140,83,55万円",16,550.0,10,5,10,ベアリミッション,牝,2,55.0,横山武,109.2,アタマ,6,13.2,35.6,12-12-12-11,美浦 杉浦,430,-4,
202406050507,2024-12-14,中山,7,2歳未勝利,芝,1800,右,晴,良,"5回 中山 5日目 サラ系２歳 未勝利       牝[指] 馬齢 16頭 本賞金:550,220,140,83,55万円",16,550.0,11,8,15,ロワゾブルー,牝,2,55.0,西村淳,109.8,3.1/2,8,23.4,36.7,7-8-5-6,美浦 小島,436,-2,
202406050507,2024-12-14,中山,7,2歳未勝利,芝,1800,右,晴,良,"5回 中山 5日目 サラ系２歳 未勝利       牝[指] 馬齢 16頭 本賞金:550,220,140,83,55万円",16,550.0,12,4,7,クリールスル,牝,2,55.0,戸崎圭,110.3,3.1/2,5,8.9,37.5,2-3-2-3,美浦 矢野,466,0,
202406050507,2024-12-14,中山,7,2歳未勝利,芝,1800,右,晴,良,"5回 中山 5日目 サラ系２歳 未勝利       牝[指] 馬齢 16頭 本賞金:550,220,140,83,55万円",16,550.0,13,8,16,チャーミングドール,牝,2,55.0,大野,110.3,ハナ,15,485.3,36.4,13-13-15-15,美浦 上原博,432,2,
202406050507,2024-12-14,中山,7,2歳未勝利,芝,1800,右,晴,良,"5回 中山 5日目 サラ系２歳 未勝利       牝[指] 馬齢 16頭 本賞金:550,220,140,83,55万円",16,550.0,14,7,14,ステレオプシス,牝,2,54.0,☆原,110.9,3.1/2,13,131.2,37.2,14-13-13-14,美浦 尾関,466,-2,
202406050507,2024-12-14,中山,7,2歳未勝利,芝,1800,右,晴,良,"5回 中山 5日目 サラ系２歳 未勝利       牝[指] 馬齢 16頭 本賞金:550,220,140,83,55万円",16,550.0,15,2,3,ダイユウルージュ,牝,2,55.0,木幡育,111.7,5,16,764.7,36.8,16-16-16-16,美浦 松永康,418,-10,
202406050507,2024-12-14,中山,7,2歳未勝利,芝,1800,右,晴,良,"5回 中山 5日目 サラ系２歳 未勝利       牝[指] 馬齢 16頭 本賞金:550,220,140,83,55万円",16,550.0,16,1,2,ミシュリーヌ,牝,2,55.0,菱田,112.0,1.3/4,14,439.6,38.7,7-8-9-11,美浦 小西,460,10,
202406050508,2024-12-14,中山,8,3歳以上1勝クラス,ダ,1800,右,晴,良,"5回 中山 5日目 サラ系３歳以上 １勝クラス       [指] 定量 16頭 本賞金:800,320,200,120,80万円",16,800.0,1,8,16,フリーマントル,牡,3,57.0,斎藤,115.1,,7,15.4,38.8,3-3-4-4,美浦 斎藤誠,502,10,
202406050508,2024-12-14,中山,8,3歳以上1勝クラス,ダ,1800,右,晴,良,"5回 中山 5日目 サラ系３歳以上 １勝クラス       [指] 定量 16頭 本賞金:800,320,200,120,80万円",16,800.0,2,2,4,チザルピーノ,セ,3,57.0,ムーア,115.2,クビ,2,4.1,39.4,2-2-2-2,美浦 堀,468,0,
202406050508,2024-12-14,中山,8,3歳以上1勝クラス,ダ,1800,右,晴,良,"5回 中山 5日目 サラ系３歳以上 １勝クラス       [指] 定量 16頭 本賞金:800,320,200,120,80万円",16,800.0,3,5,10,ジャクソン,牡,4,58.0,木幡初,115.2,クビ,10,32.7,38.8,7-7-6-4,美浦 武市,524,6,
202406050508,2024-12-14,中山,8,3歳以上1勝クラス,ダ,1800,右,晴,良,"5回 中山 5日目 サラ系３歳以上 １勝クラス       [指] 定量 16頭 本賞金:800,320,200,120,80万円",16,800.0,4,6,12,ライジンマル,牡,3,57.0,津村,115.3,1/2,1,3.2,39.3,4-3-3-3,美浦 竹内,532,4,
202406050508,2024-12-14,中山,8,3歳以上1勝クラス,ダ,1800,右,晴,良,"5回 中山 5日目 サラ系３歳以上 １勝クラス       [指] 定量 16頭 本賞金:800,320,200,120,80万円",16,800.0,5,7,13,ホウオウベルクソン,牡,3,57.0,マーカ,115.5,3/4,9,25.2,38.7,9-9-10-8,美浦 大竹,528,-2,
202406050508,2024-12-14,中山,8,3歳以上1勝クラス,ダ,1800,右,晴,良,"5回 中山 5日目 サラ系３歳以上 １勝クラス       [指] 定量 16頭 本賞金:800,320,200,120,80万円",16,800.0,6,1,2,アスクハッピーモア,牡,3,57.0,横山和,115.5,クビ,3,4.7,39.8,1-1-1-1,美浦 田村,532,0,
202406050508,2024-12-14,中山,8,3歳以上1勝クラス,ダ,1800,右,晴,良,"5回 中山 5日目 サラ系３歳以上 １勝クラス       [指] 定量 16頭 本賞金:800,320,200,120,80万円",16,800.0,7,7,14,コスモフレディ,牡,3,57.0,戸崎圭,115.6,クビ,6,12.6,39.3,5-5-4-4,美浦 水野,464,14,
202406050508,2024-12-14,中山,8,3歳以上1勝クラス,ダ,1800,右,晴,良,"5回 中山 5日目 サラ系３歳以上 １勝クラス       [指] 定量 16頭 本賞金:800,320,200,120,80万円",16,800.0,8,5,9,プラムダンディ,牡,3,57.0,丹内,115.6,アタマ,5,11.9,39.1,7-8-7-7,美浦 尾形,454,2,
202406050508,2024-12-14,中山,8,3歳以上1勝クラス,ダ,1800,右,晴,良,"5回 中山 5日目 サラ系３歳以上 １勝クラス       [指] 定量 16頭 本賞金:800,320,200,120,80万円",16,800.0,9,2,3,イデアユウシン,牡,4,58.0,北村宏,116.1,3,13,137.5,38.3,15-15-15-15,美浦 松永康,558,8,
202406050508,2024-12-14,中山,8,3歳以上1勝クラス,ダ,1800,右,晴,良,"5回 中山 5日目 サラ系３歳以上 １勝クラス       [指] 定量 16頭 本賞金:800,320,200,120,80万円",16,800.0,10,1,1,アスプリージャ,牡,3,57.0,田辺,116.1,クビ,4,11.7,39.6,14-13-7-8,美浦 中舘,482,4,
202406050508,2024-12-14,中山,8,3歳以上1勝クラス,ダ,1800,右,晴,良,"5回 中山 5日目 サラ系３歳以上 １勝クラス       [指] 定量 16頭 本賞金:800,320,200,120,80万円",16,800.0,11,4,7,フリッパー,牡,4,58.0,北村友,116.1,アタマ,11,33.5,39.4,10-10-10-8,美浦 戸田,502,0,
202406050508,2024-12-14,中山,8,3歳以上1勝クラス,ダ,1800,右,晴,良,"5回 中山 5日目 サラ系３歳以上 １勝クラス       [指] 定量 16頭 本賞金:800,320,200,120,80万円",16,800.0,12,4,8,スパークインザアイ,セ,7,57.0,☆横山琉,116.8,4,14,230.8,40.2,5-6-9-8,美浦 小島,486,-12,
202406050508,2024-12-14,中山,8,3歳以上1勝クラス,ダ,1800,右,晴,良,"5回 中山 5日目 サラ系３歳以上 １勝クラス       [指] 定量 16頭 本賞金:800,320,200,120,80万円",16,800.0,13,3,6,アドアプローズ,牡,3,56.0,☆原,117.0,1.1/2,15,330.4,39.9,10-11-12-12,美浦 小手川,464,2,
202406050508,2024-12-14,中山,8,3歳以上1勝クラス,ダ,1800,右,晴,良,"5回 中山 5日目 サラ系３歳以上 １勝クラス       [指] 定量 16頭 本賞金:800,320,200,120,80万円",16,800.0,14,8,15,メジャーレーベル,牡,3,57.0,ルメー,117.2,1,8,20.2,40.1,10-11-12-13,美浦 木村,440,-6,
202406050508,2024-12-14,中山,8,3歳以上1勝クラス,ダ,1800,右,晴,良,"5回 中山 5日目 サラ系３歳以上 １勝クラス       [指] 定量 16頭 本賞金:800,320,200,120,80万円",16,800.0,15,6,11,グランドハーバー,牝,3,55.0,三浦,117.5,1.3/4,12,102.6,40.1,13-13-14-14,美浦 鹿戸,502,-10,
202406050508,2024-12-14,中山,8,3歳以上1勝クラス,ダ,1800,右,晴,良,"5回 中山 5日目 サラ系３歳以上 １勝クラス       [指] 定量 16頭 本賞金:800,320,200,120,80万円",16,800.0,16,3,5,キセキノエンジェル,牝,5,56.0,丸田,117.7,1,16,373.7,39.4,16-16-16-16,美浦 石毛,470,4,
202406050509,2024-12-14,中山,9,ひいらぎ賞,芝,1600,右,晴,良,"5回 中山 5日目 サラ系２歳 １勝クラス       (混)(特指) 馬齢 13頭 本賞金:1070,430,270,160,107万円",13,1070.0,1,3,3,デンクマール,牡,2,56.0,ルメー,92.4,,1,1.4,35.1,1-1-1,美浦 田中博,548,4,
202406050509,2024-12-14,中山,9,ひいらぎ賞,芝,1600,右,晴,良,"5回 中山 5日目 サラ系２歳 １勝クラス       (混)(特指) 馬齢 13頭 本賞金:1070,430,270,160,107万円",13,1070.0,2,7,10,イミグラントソング,牡,2,56.0,マーカ,92.5,1/2,2,4.3,34.6,8-7-7,美浦 辻,490,10,
202406050509,2024-12-14,中山,9,ひいらぎ賞,芝,1600,右,晴,良,"5回 中山 5日目 サラ系２歳 １勝クラス       (混)(特指) 馬齢 13頭 本賞金:1070,430,270,160,107万円",13,1070.0,3,4,5,ベストシーン,牡,2,56.0,戸崎圭,92.8,2,4,15.4,35.0,8-7-7,美浦 手塚,464,0,
202406050509,2024-12-14,中山,9,ひいらぎ賞,芝,1600,右,晴,良,"5回 中山 5日目 サラ系２歳 １勝クラス       (混)(特指) 馬齢 13頭 本賞金:1070,430,270,160,107万円",13,1070.0,4,6,8,ティラトーレ,牝,2,55.0,木幡巧,93.0,1,3,12.9,35.5,4-4-3,美浦 牧,486,2,
202406050509,2024-12-14,中山,9,ひいらぎ賞,芝,1600,右,晴,良,"5回 中山 5日目 サラ系２歳 １勝クラス       (混)(特指) 馬齢 13頭 本賞金:1070,430,270,160,107万円",13,1070.0,5,5,6,ロードリベラシオン,牡,2,56.0,佐々木,93.3,2,7,23.3,35.6,6-5-3,美浦 尾形,494,4,
202406050509,2024-12-14,中山,9,ひいらぎ賞,芝,1600,右,晴,良,"5回 中山 5日目 サラ系２歳 １勝クラス       (混)(特指) 馬齢 13頭 本賞金:1070,430,270,160,107万円",13,1070.0,6,2,2,ブルーミングローズ,牝,2,55.0,Ｃデム,93.5,1,8,33.8,35.9,6-5-3,栗東 高野,448,-8,
202406050509,2024-12-14,中山,9,ひいらぎ賞,芝,1600,右,晴,良,"5回 中山 5日目 サラ系２歳 １勝クラス       (混)(特指) 馬齢 13頭 本賞金:1070,430,270,160,107万円",13,1070.0,7,4,4,ルージュナリッシュ,牝,2,55.0,横山和,93.7,1,5,17.8,36.3,2-2-2,美浦 国枝,452,-2,
202406050509,2024-12-14,中山,9,ひいらぎ賞,芝,1600,右,晴,良,"5回 中山 5日目 サラ系２歳 １勝クラス       (混)(特指) 馬齢 13頭 本賞金:1070,430,270,160,107万円",13,1070.0,8,5,7,イノキ,牡,2,56.0,丹内,93.9,1.1/4,9,65.4,36.5,2-2-3,美浦 岩戸,484,4,
202406050509,2024-12-14,中山,9,ひいらぎ賞,芝,1600,右,晴,良,"5回 中山 5日目 サラ系２歳 １勝クラス       (混)(特指) 馬齢 13頭 本賞金:1070,430,270,160,107万円",13,1070.0,9,8,12,バセリーナ,牡,2,56.0,野中,93.9,クビ,11,266.3,35.7,11-11-10,美浦 松山,454,16,
202406050509,2024-12-14,中山,9,ひいらぎ賞,芝,1600,右,晴,良,"5回 中山 5日目 サラ系２歳 １勝クラス       (混)(特指) 馬齢 13頭 本賞金:1070,430,270,160,107万円",13,1070.0,10,7,11,ソードマスター,牡,2,56.0,横山武,93.9,クビ,6,20.0,36.1,8-7-7,美浦 斎藤誠,464,4,
202406050509,2024-12-14,中山,9,ひいらぎ賞,芝,1600,右,晴,良,"5回 中山 5日目 サラ系２歳 １勝クラス       (混)(特指) 馬齢 13頭 本賞金:1070,430,270,160,107万円",13,1070.0,11,6,9,ナイトダンサー,牡,2,56.0,大野,94.4,3,12,272.7,35.8,13-13-13,美浦 佐藤吉,452,2,
202406050509,2024-12-14,中山,9,ひいらぎ賞,芝,1600,右,晴,良,"5回 中山 5日目 サラ系２歳 １勝クラス       (混)(特指) 馬齢 13頭 本賞金:1070,430,270,160,107万円",13,1070.0,12,8,13,アタラシイカドデニ,牡,2,56.0,原,94.7,1.3/4,13,386.4,36.5,12-11-12,美浦 上原博,498,7,
202406050509,2024-12-14,中山,9,ひいらぎ賞,芝,1600,右,晴,良,"5回 中山 5日目 サラ系２歳 １勝クラス       (混)(特指) 馬齢 13頭 本賞金:1070,430,270,160,107万円",13,1070.0,13,1,1,ソルエパトリオット,牡,2,56.0,横山琉,95.6,5,10,265.3,37.8,4-7-11,美浦 尾形,404,4,
202406050510,2024-12-14,中山,10,霞ヶ浦特別,芝,1800,右,晴,良,"5回 中山 5日目 サラ系３歳以上 ２勝クラス       (混)(特指) 定量 16頭 本賞金:1550,620,390,230,155万円",16,1550.0,1,6,12,ルクスビッグスター,牡,4,58.0,ムーア,107.4,,8,38.0,36.3,8-8-9-6,栗東 清水久,480,-8,
202406050510,2024-12-14,中山,10,霞ヶ浦特別,芝,1800,右,晴,良,"5回 中山 5日目 サラ系３歳以上 ２勝クラス       (混)(特指) 定量 16頭 本賞金:1550,620,390,230,155万円",16,1550.0,2,8,15,イルチルコ,牝,5,56.0,横山武,107.6,1.1/4,9,41.2,36.1,11-11-11-10,美浦 田村,496,2,
202406050510,2024-12-14,中山,10,霞ヶ浦特別,芝,1800,右,晴,良,"5回 中山 5日目 サラ系３歳以上 ２勝クラス       (混)(特指) 定量 16頭 本賞金:1550,620,390,230,155万円",16,1550.0,3,7,13,マイネルブリックス,牡,3,57.0,丹内,107.6,クビ,7,37.2,35.9,12-11-12-12,美浦 黒岩,458,4,
202406050510,2024-12-14,中山,10,霞ヶ浦特別,芝,1800,右,晴,良,"5回 中山 5日目 サラ系３歳以上 ２勝クラス       (混)(特指) 定量 16頭 本賞金:1550,620,390,230,155万円",16,1550.0,4,1,2,ネイビースター,牡,4,58.0,佐々木,107.7,クビ,6,28.5,37.3,3-3-3-3,美浦 林,546,6,
202406050510,2024-12-14,中山,10,霞ヶ浦特別,芝,1800,右,晴,良,"5回 中山 5日目 サラ系３歳以上 ２勝クラス       (混)(特指) 定量 16頭 本賞金:1550,620,390,230,155万円",16,1550.0,4,3,6,サクセスドレーク,牡,5,58.0,北村友,107.7,クビ,12,106.3,36.0,14-14-12-14,栗東 野中,500,-10,
202406050510,2024-12-14,中山,10,霞ヶ浦特別,芝,1800,右,晴,良,"5回 中山 5日目 サラ系３歳以上 ２勝クラス       (混)(特指) 定量 16頭 本賞金:1550,620,390,230,155万円",16,1550.0,6,5,10,コスモスプモーニ,牡,4,58.0,野中,107.7,ハナ,13,243.0,37.5,2-2-2-2,美浦 松山,490,6,
202406050510,2024-12-14,中山,10,霞ヶ浦特別,芝,1800,右,晴,良,"5回 中山 5日目 サラ系３歳以上 ２勝クラス       (混)(特指) 定量 16頭 本賞金:1550,620,390,230,155万円",16,1550.0,7,2,4,ブエナオンダ,牡,3,57.0,Ｃデム,107.7,ハナ,2,5.5,36.7,10-8-7-9,栗東 須貝,456,-2,
202406050510,2024-12-14,中山,10,霞ヶ浦特別,芝,1800,右,晴,良,"5回 中山 5日目 サラ系３歳以上 ２勝クラス       (混)(特指) 定量 16頭 本賞金:1550,620,390,230,155万円",16,1550.0,8,5,9,ロードマンハイム,牡,4,58.0,マーカ,107.7,ハナ,5,13.5,37.0,6-5-4-3,栗東 友道,508,-2,
202406050510,2024-12-14,中山,10,霞ヶ浦特別,芝,1800,右,晴,良,"5回 中山 5日目 サラ系３歳以上 ２勝クラス       (混)(特指) 定量 16頭 本賞金:1550,620,390,230,155万円",16,1550.0,9,6,11,ネビュルーズ,牡,4,58.0,菅原明,107.9,1.1/4,11,75.5,36.5,8-8-10-11,美浦 鹿戸,488,6,
202406050510,2024-12-14,中山,10,霞ヶ浦特別,芝,1800,右,晴,良,"5回 中山 5日目 サラ系３歳以上 ２勝クラス       (混)(特指) 定量 16頭 本賞金:1550,620,390,230,155万円",16,1550.0,10,1,1,ハミング,牝,3,55.0,西村淳,108.0,クビ,3,7.8,37.2,7-5-6-6,栗東 中内田,422,-6,
202406050510,2024-12-14,中山,10,霞ヶ浦特別,芝,1800,右,晴,良,"5回 中山 5日目 サラ系３歳以上 ２勝クラス       (混)(特指) 定量 16頭 本賞金:1550,620,390,230,155万円",16,1550.0,11,7,14,ウインアクトゥール,牡,3,57.0,横山和,108.2,1.1/2,10,67.5,37.5,3-4-4-5,美浦 栗田,442,6,
202406050510,2024-12-14,中山,10,霞ヶ浦特別,芝,1800,右,晴,良,"5回 中山 5日目 サラ系３歳以上 ２勝クラス       (混)(特指) 定量 16頭 本賞金:1550,620,390,230,155万円",16,1550.0,12,8,16,マイネルダグラス,牡,6,58.0,石川,108.2,アタマ,15,414.5,36.5,14-14-12-12,美浦 相沢,518,6,
202406050510,2024-12-14,中山,10,霞ヶ浦特別,芝,1800,右,晴,良,"5回 中山 5日目 サラ系３歳以上 ２勝クラス       (混)(特指) 定量 16頭 本賞金:1550,620,390,230,155万円",16,1550.0,13,4,8,チェルノボーグ,セ,5,58.0,戸崎圭,108.3,クビ,4,9.0,37.4,5-5-7-6,栗東 藤原,478,-12,
202406050510,2024-12-14,中山,10,霞ヶ浦特別,芝,1800,右,晴,良,"5回 中山 5日目 サラ系３歳以上 ２勝クラス       (混)(特指) 定量 16頭 本賞金:1550,620,390,230,155万円",16,1550.0,14,2,3,シルバープリペット,牡,4,58.0,丸田,108.3,クビ,16,454.2,36.4,12-13-15-15,美浦 松山,480,8,
202406050510,2024-12-14,中山,10,霞ヶ浦特別,芝,1800,右,晴,良,"5回 中山 5日目 サラ系３歳以上 ２勝クラス       (混)(特指) 定量 16頭 本賞金:1550,620,390,230,155万円",16,1550.0,15,4,7,ヤマニンアドホック,牡,3,57.0,津村,109.2,5,1,1.6,39.9,1-1-1-1,美浦 辻,460,4,
202406050510,2024-12-14,中山,10,霞ヶ浦特別,芝,1800,右,晴,良,"5回 中山 5日目 サラ系３歳以上 ２勝クラス       (混)(特指) 定量 16頭 本賞金:1550,620,390,230,155万円",16,1550.0,16,3,5,ベラジオボッキーニ,セ,5,58.0,柴田大,110.2,6,14,332.1,38.1,16-16-16-16,美浦 粕谷,510,0,
202406050511,2024-12-14,中山,11,ターコイズS,芝,1600,右,晴,良,"5回 中山 5日目 サラ系３歳以上 オープン       (国際) 牝(特指) ハンデ 16頭 本賞金:3800,1500,950,570,380万円",16,3800.0,1,3,6,アルジーヌ,牝,4,55.5,西村淳,93.2,,2,5.3,34.4,8-7-7,栗東 中内田,452,-2,
202406050511,2024-12-14,中山,11,ターコイズS,芝,1600,右,晴,良,"5回 中山 5日目 サラ系３歳以上 オープン       (国際) 牝(特指) ハンデ 16頭 本賞金:3800,1500,950,570,380万円",16,3800.0,2,6,12,ビヨンドザヴァレー,牝,4,53.0,菱田,93.3,1,6,10.5,34.9,2-3-2,栗東 橋口,470,-4,
202406050511,2024-12-14,中山,11,ターコイズS,芝,1600,右,晴,良,"5回 中山 5日目 サラ系３歳以上 オープン       (国際) 牝(特指) ハンデ 16頭 本賞金:3800,1500,950,570,380万円",16,3800.0,3,7,14,ドゥアイズ,牝,4,55.5,Ｃデム,93.4,クビ,3,5.4,34.8,4-5-2,栗東 庄野,480,6,
202406050511,2024-12-14,中山,11,ターコイズS,芝,1600,右,晴,良,"5回 中山 5日目 サラ系３歳以上 オープン       (国際) 牝(特指) ハンデ 16頭 本賞金:3800,1500,950,570,380万円",16,3800.0,4,1,1,モズゴールドバレル,牝,5,53.0,丹内,93.4,アタマ,15,113.9,35.0,6-3-5,栗東 藤岡,454,0,
202406050511,2024-12-14,中山,11,ターコイズS,芝,1600,右,晴,良,"5回 中山 5日目 サラ系３歳以上 オープン       (国際) 牝(特指) ハンデ 16頭 本賞金:3800,1500,950,570,380万円",16,3800.0,5,1,2,アドマイヤベル,牝,3,54.0,横山武,93.4,アタマ,8,18.2,34.4,9-8-8,美浦 加藤征,496,0,
202406050511,2024-12-14,中山,11,ターコイズS,芝,1600,右,晴,良,"5回 中山 5日目 サラ系３歳以上 オープン       (国際) 牝(特指) ハンデ 16頭 本賞金:3800,1500,950,570,380万円",16,3800.0,6,2,4,イフェイオン,牝,3,54.0,戸崎圭,93.4,クビ,5,9.2,35.1,2-2-2,栗東 杉山佳,482,-2,
202406050511,2024-12-14,中山,11,ターコイズS,芝,1600,右,晴,良,"5回 中山 5日目 サラ系３歳以上 オープン       (国際) 牝(特指) ハンデ 16頭 本賞金:3800,1500,950,570,380万円",16,3800.0,7,3,5,フィールシンパシー,牝,5,54.0,横山琉,93.4,ハナ,4,9.1,34.9,4-5-5,美浦 小島,458,2,
202406050511,2024-12-14,中山,11,ターコイズS,芝,1600,右,晴,良,"5回 中山 5日目 サラ系３歳以上 オープン       (国際) 牝(特指) ハンデ 16頭 本賞金:3800,1500,950,570,380万円",16,3800.0,8,4,7,ミアネーロ,牝,3,54.5,ルメー,93.5,1/2,1,2.9,34.1,12-12-14,美浦 林,480,2,
202406050511,2024-12-14,中山,11,ターコイズS,芝,1600,右,晴,良,"5回 中山 5日目 サラ系３歳以上 オープン       (国際) 牝(特指) ハンデ 16頭 本賞金:3800,1500,950,570,380万円",16,3800.0,9,8,15,シングザットソング,牝,4,55.0,斎藤,93.6,クビ,10,33.3,34.7,6-8-8,栗東 高野,440,0,
202406050511,2024-12-14,中山,11,ターコイズS,芝,1600,右,晴,良,"5回 中山 5日目 サラ系３歳以上 オープン       (国際) 牝(特指) ハンデ 16頭 本賞金:3800,1500,950,570,380万円",16,3800.0,10,6,11,ワイドラトゥール,牝,3,53.0,北村友,93.6,アタマ,7,18.1,34.5,9-10-10,栗東 藤原,430,6,
202406050511,2024-12-14,中山,11,ターコイズS,芝,1600,右,晴,良,"5回 中山 5日目 サラ系３歳以上 オープン       (国際) 牝(特指) ハンデ 16頭 本賞金:3800,1500,950,570,380万円",16,3800.0,11,5,10,ミシシッピテソーロ,牝,4,53.0,木幡巧,93.8,1.1/2,14,107.2,34.4,14-12-11,美浦 畠山,448,0,
202406050511,2024-12-14,中山,11,ターコイズS,芝,1600,右,晴,良,"5回 中山 5日目 サラ系３歳以上 オープン       (国際) 牝(特指) ハンデ 16頭 本賞金:3800,1500,950,570,380万円",16,3800.0,12,7,13,セントカメリア,牝,5,53.0,松岡,93.9,1/2,13,99.6,34.2,15-15-15,栗東 高野,462,-2,
202406050511,2024-12-14,中山,11,ターコイズS,芝,1600,右,晴,良,"5回 中山 5日目 サラ系３歳以上 オープン       (国際) 牝(特指) ハンデ 16頭 本賞金:3800,1500,950,570,380万円",16,3800.0,13,4,8,ペイシャフラワー,牝,4,52.0,永島,94.1,1.1/4,9,33.2,34.2,15-16-16,栗東 高橋康,466,-2,
202406050511,2024-12-14,中山,11,ターコイズS,芝,1600,右,晴,良,"5回 中山 5日目 サラ系３歳以上 オープン       (国際) 牝(特指) ハンデ 16頭 本賞金:3800,1500,950,570,380万円",16,3800.0,14,2,3,キタウイング,牝,4,52.0,丸田,94.2,1/2,12,83.5,34.9,12-12-11,美浦 小島,442,2,
202406050511,2024-12-14,中山,11,ターコイズS,芝,1600,右,晴,良,"5回 中山 5日目 サラ系３歳以上 オープン       (国際) 牝(特指) ハンデ 16頭 本賞金:3800,1500,950,570,380万円",16,3800.0,15,8,16,コナコースト,牝,4,55.0,三浦,94.6,2.1/2,11,67.1,35.4,9-10-11,栗東 清水久,472,-4,
202406050511,2024-12-14,中山,11,ターコイズS,芝,1600,右,晴,良,"5回 中山 5日目 サラ系３歳以上 オープン       (国際) 牝(特指) ハンデ 16頭 本賞金:3800,1500,950,570,380万円",16,3800.0,16,5,9,マメコ,牝,5,53.0,津村,95.2,3.1/2,16,248.4,37.1,1-1-1,栗東 武英,466,0,
202406050512,2024-12-14,中山,12,3歳以上2勝クラス,ダ,1200,右,晴,良,"5回 中山 5日目 サラ系３歳以上 ２勝クラス       (混)[指] 定量 16頭 本賞金:1140,460,290,170,114万円",16,1140.0,1,7,13,サザンステート,牡,5,58.0,石橋脩,72.0,,5,12.0,37.7,3-3,美浦 上原佑,500,0,
202406050512,2024-12-14,中山,12,3歳以上2勝クラス,ダ,1200,右,晴,良,"5回 中山 5日目 サラ系３歳以上 ２勝クラス       (混)[指] 定量 16頭 本賞金:1140,460,290,170,114万円",16,1140.0,2,8,15,ウィンダミア,牡,5,58.0,戸崎圭,72.0,クビ,2,5.4,37.6,5-5,美浦 林,462,2,
202406050512,2024-12-14,中山,12,3歳以上2勝クラス,ダ,1200,右,晴,良,"5回 中山 5日目 サラ系３歳以上 ２勝クラス       (混)[指] 定量 16頭 本賞金:1140,460,290,170,114万円",16,1140.0,3,4,7,ニットウバジル,牡,4,58.0,吉田豊,72.3,1.1/2,1,2.2,37.6,9-8,美浦 高橋文,516,10,
202406050512,2024-12-14,中山,12,3歳以上2勝クラス,ダ,1200,右,晴,良,"5回 中山 5日目 サラ系３歳以上 ２勝クラス       (混)[指] 定量 16頭 本賞金:1140,460,290,170,114万円",16,1140.0,4,1,1,デュードメール,牝,5,56.0,津村,72.3,ハナ,7,14.2,37.1,14-14,美浦 辻,476,0,
202406050512,2024-12-14,中山,12,3歳以上2勝クラス,ダ,1200,右,晴,良,"5回 中山 5日目 サラ系３歳以上 ２勝クラス       (混)[指] 定量 16頭 本賞金:1140,460,290,170,114万円",16,1140.0,5,5,9,メイデンタワー,牝,4,56.0,丹内,72.4,1/2,6,13.4,37.9,5-7,美浦 稲垣,458,4,
202406050512,2024-12-14,中山,12,3歳以上2勝クラス,ダ,1200,右,晴,良,"5回 中山 5日目 サラ系３歳以上 ２勝クラス       (混)[指] 定量 16頭 本賞金:1140,460,290,170,114万円",16,1140.0,6,7,14,メモリーグラス,牡,4,58.0,三浦,72.4,クビ,9,36.7,37.5,12-13,美浦 松永康,496,8,
202406050512,2024-12-14,中山,12,3歳以上2勝クラス,ダ,1200,右,晴,良,"5回 中山 5日目 サラ系３歳以上 ２勝クラス       (混)[指] 定量 16頭 本賞金:1140,460,290,170,114万円",16,1140.0,7,6,12,ヤングワールド,牡,4,58.0,内田博,72.6,1,12,142.5,38.5,2-1,美浦 手塚,568,-2,
202406050512,2024-12-14,中山,12,3歳以上2勝クラス,ダ,1200,右,晴,良,"5回 中山 5日目 サラ系３歳以上 ２勝クラス       (混)[指] 定量 16頭 本賞金:1140,460,290,170,114万円",16,1140.0,8,2,3,ブレーザー,牡,3,57.0,マーカ,72.7,1/2,4,10.2,38.6,1-2,美浦 伊坂,522,10,
202406050512,2024-12-14,中山,12,3歳以上2勝クラス,ダ,1200,右,晴,良,"5回 中山 5日目 サラ系３歳以上 ２勝クラス       (混)[指] 定量 16頭 本賞金:1140,460,290,170,114万円",16,1140.0,9,3,6,ノーブルゲイル,牡,3,57.0,菅原明,72.8,1/2,8,15.5,38.0,11-10,美浦 中川,482,2,
202406050512,2024-12-14,中山,12,3歳以上2勝クラス,ダ,1200,右,晴,良,"5回 中山 5日目 サラ系３歳以上 ２勝クラス       (混)[指] 定量 16頭 本賞金:1140,460,290,170,114万円",16,1140.0,10,3,5,サフランヒーロー,牡,3,57.0,佐々木,72.9,3/4,3,6.2,38.6,3-3,美浦 森一,458,10,
202406050512,2024-12-14,中山,12,3歳以上2勝クラス,ダ,1200,右,晴,良,"5回 中山 5日目 サラ系３歳以上 ２勝クラス       (混)[指] 定量 16頭 本賞金:1140,460,290,170,114万円",16,1140.0,11,5,10,ニフェーデービル,セ,4,58.0,西村淳,72.9,ハナ,11,132.2,38.4,5-8,美浦 中舘,478,-10,
202406050512,2024-12-14,中山,12,3歳以上2勝クラス,ダ,1200,右,晴,良,"5回 中山 5日目 サラ系３歳以上 ２勝クラス       (混)[指] 定量 16頭 本賞金:1140,460,290,170,114万円",16,1140.0,12,1,2,ターニングアップ,牡,6,58.0,黛,73.4,3,16,257.4,39.0,5-5,美浦 石毛,488,14,
202406050512,2024-12-14,中山,12,3歳以上2勝クラス,ダ,1200,右,晴,良,"5回 中山 5日目 サラ系３歳以上 ２勝クラス       (混)[指] 定量 16頭 本賞金:1140,460,290,170,114万円",16,1140.0,13,6,11,フェズカズマ,牡,5,56.0,◇永島,73.5,1/2,13,145.0,38.3,14-14,美浦 栗田,492,6,
202406050512,2024-12-14,中山,12,3歳以上2勝クラス,ダ,1200,右,晴,良,"5回 中山 5日目 サラ系３歳以上 ２勝クラス       (混)[指] 定量 16頭 本賞金:1140,460,290,170,114万円",16,1140.0,14,2,4,セリエル,牝,3,55.0,木幡巧,73.6,アタマ,10,61.4,38.7,12-10,美浦 杉浦,476,12,
202406050512,2024-12-14,中山,12,3歳以上2勝クラス,ダ,1200,右,晴,良,"5回 中山 5日目 サラ系３歳以上 ２勝クラス       (混)[指] 定量 16頭 本賞金:1140,460,290,170,114万円",16,1140.0,15,8,16,ネバレチュゴー,牡,4,56.0,△小林脩,73.8,1.1/4,14,169.0,39.1,9-10,美浦 西田,528,-8,
202406050512,2024-12-14,中山,12,3歳以上2勝クラス,ダ,1200,右,晴,良,"5回 中山 5日目 サラ系３歳以上 ２勝クラス       (混)[指] 定量 16頭 本賞金:1140,460,290,170,114万円",16,1140.0,16,4,8,リッキーヤスオカ,牡,5,58.0,斎藤,74.4,3.1/2,15,210.9,38.8,16-16,栗東 高橋一,516,18,
202407040501,2024-12-14,中京,1,2歳未勝利,ダ,1400,左,晴,良,"4回 中京 5日目 サラ系２歳 未勝利       (混)[指] 馬齢 16頭 本賞金:550,220,140,83,55万円",16,550.0,1,4,8,カペルブリュッケ,牡,2,54.0,△高杉,86.1,,1,2.5,38.0,5-5,栗東 浜田,456,4,
202407040501,2024-12-14,中京,1,2歳未勝利,ダ,1400,左,晴,良,"4回 中京 5日目 サラ系２歳 未勝利       (混)[指] 馬齢 16頭 本賞金:550,220,140,83,55万円",16,550.0,2,6,12,セルズパワー,牡,2,56.0,岩田康,86.3,1.1/4,8,29.2,37.4,13-12,栗東 牧田,464,2,
202407040501,2024-12-14,中京,1,2歳未勝利,ダ,1400,左,晴,良,"4回 中京 5日目 サラ系２歳 未勝利       (混)[指] 馬齢 16頭 本賞金:550,220,140,83,55万円",16,550.0,3,8,15,ショウナンヤッホー,牡,2,55.0,☆田口,86.4,1/2,2,3.3,38.6,2-2,美浦 栗田,480,0,
202407040501,2024-12-14,中京,1,2歳未勝利,ダ,1400,左,晴,良,"4回 中京 5日目 サラ系２歳 未勝利       (混)[指] 馬齢 16頭 本賞金:550,220,140,83,55万円",16,550.0,4,3,5,スマートテンペスト,牡,2,56.0,荻野極,86.6,1.1/2,6,15.4,38.9,1-1,栗東 西園翔,476,6,
202407040501,2024-12-14,中京,1,2歳未勝利,ダ,1400,左,晴,良,"4回 中京 5日目 サラ系２歳 未勝利       (混)[指] 馬齢 16頭 本賞金:550,220,140,83,55万円",16,550.0,5,5,9,ボーヌロマネ,牡,2,56.0,鮫島駿,86.7,クビ,7,20.1,37.6,14-12,栗東 橋口,448,0,
202407040501,2024-12-14,中京,1,2歳未勝利,ダ,1400,左,晴,良,"4回 中京 5日目 サラ系２歳 未勝利       (混)[指] 馬齢 16頭 本賞金:550,220,140,83,55万円",16,550.0,6,7,14,クリプトス,牡,2,56.0,Ｈドイ,87.1,2.1/2,4,11.3,38.7,7-7,美浦 和田勇,476,-4,
202407040501,2024-12-14,中京,1,2歳未勝利,ダ,1400,左,晴,良,"4回 中京 5日目 サラ系２歳 未勝利       (混)[指] 馬齢 16頭 本賞金:550,220,140,83,55万円",16,550.0,7,1,1,ボル,牡,2,52.0,★河原田,87.5,2.1/2,3,5.3,39.6,4-4,栗東 河内,440,2,
202407040501,2024-12-14,中京,1,2歳未勝利,ダ,1400,左,晴,良,"4回 中京 5日目 サラ系２歳 未勝利       (混)[指] 馬齢 16頭 本賞金:550,220,140,83,55万円",16,550.0,8,6,11,エコロスヴァル,牡,2,53.0,▲川端,87.6,クビ,5,12.5,39.2,7-14,栗東 森秀,502,0,
202407040501,2024-12-14,中京,1,2歳未勝利,ダ,1400,左,晴,良,"4回 中京 5日目 サラ系２歳 未勝利       (混)[指] 馬齢 16頭 本賞金:550,220,140,83,55万円",16,550.0,9,7,13,マニーヒーロー,牡,2,56.0,長岡,87.9,2,10,93.5,39.6,7-7,栗東 寺島,474,-2,
202407040501,2024-12-14,中京,1,2歳未勝利,ダ,1400,左,晴,良,"4回 中京 5日目 サラ系２歳 未勝利       (混)[指] 馬齢 16頭 本賞金:550,220,140,83,55万円",16,550.0,10,4,7,クラウンジュエル,牡,2,53.0,▲長浜,88.0,クビ,12,171.1,39.4,10-11,美浦 尾関,480,8,
202407040501,2024-12-14,中京,1,2歳未勝利,ダ,1400,左,晴,良,"4回 中京 5日目 サラ系２歳 未勝利       (混)[指] 馬齢 16頭 本賞金:550,220,140,83,55万円",16,550.0,11,5,10,ポッドバディ,牡,2,56.0,亀田,88.0,アタマ,11,169.8,39.3,12-9,美浦 畠山,480,0,
202407040501,2024-12-14,中京,1,2歳未勝利,ダ,1400,左,晴,良,"4回 中京 5日目 サラ系２歳 未勝利       (混)[指] 馬齢 16頭 本賞金:550,220,140,83,55万円",16,550.0,12,2,4,メイショウテンテン,牡,2,53.0,▲柴田裕,88.2,1.1/2,9,57.9,38.7,15-15,栗東 牧浦,464,16,
202407040501,2024-12-14,中京,1,2歳未勝利,ダ,1400,左,晴,良,"4回 中京 5日目 サラ系２歳 未勝利       (混)[指] 馬齢 16頭 本賞金:550,220,140,83,55万円",16,550.0,13,3,6,コウバイ,牝,2,52.0,▲石田,88.4,1.1/4,13,225.5,40.2,6-5,美浦 宗像,430,4,
202407040501,2024-12-14,中京,1,2歳未勝利,ダ,1400,左,晴,良,"4回 中京 5日目 サラ系２歳 未勝利       (混)[指] 馬齢 16頭 本賞金:550,220,140,83,55万円",16,550.0,14,8,16,シバノストムキット,牡,2,53.0,▲佐藤,88.7,1.1/2,15,378.9,40.9,2-2,美浦 大和田,466,-2,
202407040501,2024-12-14,中京,1,2歳未勝利,ダ,1400,左,晴,良,"4回 中京 5日目 サラ系２歳 未勝利       (混)[指] 馬齢 16頭 本賞金:550,220,140,83,55万円",16,550.0,15,2,3,テイエムファルクス,牡,2,56.0,古川吉,91.0,大,14,243.9,41.2,16-16,栗東 鈴木孝,488,8,
202407040501,2024-12-14,中京,1,2歳未勝利,ダ,1400,左,晴,良,"4回 中京 5日目 サラ系２歳 未勝利       (混)[指] 馬齢 16頭 本賞金:550,220,140,83,55万円",16,550.0,16,1,2,ナックカイザー,牡,2,56.0,原田和,91.3,1.3/4,16,408.0,42.8,10-9,美浦 小野,458,8,
202407040502,2024-12-14,中京,2,3歳以上1勝クラス,ダ,1800,左,晴,良,"4回 中京 5日目 サラ系３歳以上 １勝クラス       牝[指] 定量 16頭 本賞金:800,320,200,120,80万円",16,800.0,1,2,3,サイモンブーケ,牝,4,53.0,▲古川奈,112.9,,2,3.8,37.6,3-3-4-4,栗東 梅田,514,0,
202407040502,2024-12-14,中京,2,3歳以上1勝クラス,ダ,1800,左,晴,良,"4回 中京 5日目 サラ系３歳以上 １勝クラス       牝[指] 定量 16頭 本賞金:800,320,200,120,80万円",16,800.0,2,8,15,ヒヒーン,牝,3,55.0,丸山,113.0,3/4,1,2.3,38.0,2-2-3-2,栗東 須貝,472,-2,
202407040502,2024-12-14,中京,2,3歳以上1勝クラス,ダ,1800,左,晴,良,"4回 中京 5日目 サラ系３歳以上 １勝クラス       牝[指] 定量 16頭 本賞金:800,320,200,120,80万円",16,800.0,3,1,2,スターチョウサン,牝,3,55.0,江田照,113.6,3.1/2,11,66.3,37.9,9-9-7-7,美浦 小島,490,4,
202407040502,2024-12-14,中京,2,3歳以上1勝クラス,ダ,1800,左,晴,良,"4回 中京 5日目 サラ系３歳以上 １勝クラス       牝[指] 定量 16頭 本賞金:800,320,200,120,80万円",16,800.0,4,3,5,エーリアル,牝,3,55.0,杉原,113.7,1/2,3,4.3,38.1,3-5-5-6,美浦 西田,498,-2,
202407040502,2024-12-14,中京,2,3歳以上1勝クラス,ダ,1800,左,晴,良,"4回 中京 5日目 サラ系３歳以上 １勝クラス       牝[指] 定量 16頭 本賞金:800,320,200,120,80万円",16,800.0,5,6,12,ホウオウシンデレラ,牝,3,55.0,岩田康,113.9,1,5,18.6,38.2,7-7-7-5,美浦 奥村武,470,7,
202407040502,2024-12-14,中京,2,3歳以上1勝クラス,ダ,1800,左,晴,良,"4回 中京 5日目 サラ系３歳以上 １勝クラス       牝[指] 定量 16頭 本賞金:800,320,200,120,80万円",16,800.0,6,7,14,サイモンコーラル,牝,4,56.0,長岡,114.0,1/2,12,69.1,38.0,10-10-9-9,栗東 羽月,464,-4,
202407040502,2024-12-14,中京,2,3歳以上1勝クラス,ダ,1800,左,晴,良,"4回 中京 5日目 サラ系３歳以上 １勝クラス       牝[指] 定量 16頭 本賞金:800,320,200,120,80万円",16,800.0,7,4,7,オールウェズキズナ,牝,3,55.0,国分恭,114.7,4,9,47.2,38.1,13-12-11-11,栗東 音無,456,8,
202407040502,2024-12-14,中京,2,3歳以上1勝クラス,ダ,1800,左,晴,良,"4回 中京 5日目 サラ系３歳以上 １勝クラス       牝[指] 定量 16頭 本賞金:800,320,200,120,80万円",16,800.0,8,7,13,シゲルオトヒメ,牝,5,53.0,▲柴田裕,114.7,アタマ,7,22.4,38.2,15-14-11-11,栗東 谷,434,2,
202407040502,2024-12-14,中京,2,3歳以上1勝クラス,ダ,1800,左,晴,良,"4回 中京 5日目 サラ系３歳以上 １勝クラス       牝[指] 定量 16頭 本賞金:800,320,200,120,80万円",16,800.0,9,2,4,パルメリータ,牝,4,56.0,亀田,115.0,2,6,21.2,40.1,1-1-2-2,栗東 西園正,498,-4,
202407040502,2024-12-14,中京,2,3歳以上1勝クラス,ダ,1800,左,晴,良,"4回 中京 5日目 サラ系３歳以上 １勝クラス       牝[指] 定量 16頭 本賞金:800,320,200,120,80万円",16,800.0,10,1,1,アシセバイラ,牝,3,52.0,▲川端,115.2,3/4,13,177.8,38.1,13-14-13-13,美浦 辻,490,0,
202407040502,2024-12-14,中京,2,3歳以上1勝クラス,ダ,1800,左,晴,良,"4回 中京 5日目 サラ系３歳以上 １勝クラス       牝[指] 定量 16頭 本賞金:800,320,200,120,80万円",16,800.0,11,6,11,サンマルソムニア,牝,5,53.0,▲石田,115.5,1.1/2,14,180.5,38.0,16-16-16-14,美浦 佐藤吉,466,16,
202407040502,2024-12-14,中京,2,3歳以上1勝クラス,ダ,1800,左,晴,良,"4回 中京 5日目 サラ系３歳以上 １勝クラス       牝[指] 定量 16頭 本賞金:800,320,200,120,80万円",16,800.0,12,5,10,イッツオンリーユー,牝,4,56.0,荻野極,115.6,1/2,4,12.1,40.9,3-3-1-1,美浦 矢嶋,484,4,
202407040502,2024-12-14,中京,2,3歳以上1勝クラス,ダ,1800,左,晴,良,"4回 中京 5日目 サラ系３歳以上 １勝クラス       牝[指] 定量 16頭 本賞金:800,320,200,120,80万円",16,800.0,13,4,8,キューティクローム,牝,3,52.0,▲長浜,115.7,1/2,8,36.2,38.4,10-12-15-16,美浦 中舘,436,-2,
202407040502,2024-12-14,中京,2,3歳以上1勝クラス,ダ,1800,左,晴,良,"4回 中京 5日目 サラ系３歳以上 １勝クラス       牝[指] 定量 16頭 本賞金:800,320,200,120,80万円",16,800.0,14,3,6,ホーリーホック,牝,4,55.0,☆田口,116.0,1.3/4,10,61.4,40.0,8-8-9-9,栗東 小崎,480,-2,
202407040502,2024-12-14,中京,2,3歳以上1勝クラス,ダ,1800,左,晴,良,"4回 中京 5日目 サラ系３歳以上 １勝クラス       牝[指] 定量 16頭 本賞金:800,320,200,120,80万円",16,800.0,15,5,9,フィルムスコア,牝,6,55.0,☆小沢,116.8,5,15,382.5,41.2,6-6-5-7,栗東 平田,454,0,
202407040502,2024-12-14,中京,2,3歳以上1勝クラス,ダ,1800,左,晴,良,"4回 中京 5日目 サラ系３歳以上 １勝クラス       牝[指] 定量 16頭 本賞金:800,320,200,120,80万円",16,800.0,16,8,16,マコトヴィエルジ,牝,3,55.0,古川吉,117.2,2.1/2,16,429.5,40.1,10-11-13-14,美浦 大竹,472,2,
202407040503,2024-12-14,中京,3,3歳以上1勝クラス,ダ,1200,左,晴,良,"4回 中京 5日目 サラ系３歳以上 １勝クラス       [指] 定量 16頭 本賞金:800,320,200,120,80万円",16,800.0,1,5,9,ビバップ,牡,3,57.0,鮫島駿,71.6,,1,1.9,36.4,1-1,栗東 清水久,486,-4,
202407040503,2024-12-14,中京,3,3歳以上1勝クラス,ダ,1200,左,晴,良,"4回 中京 5日目 サラ系３歳以上 １勝クラス       [指] 定量 16頭 本賞金:800,320,200,120,80万円",16,800.0,2,7,14,ニホンピロトッティ,牝,3,54.0,☆田口,71.9,1.3/4,4,13.9,36.5,2-2,栗東 緒方,400,0,
202407040503,2024-12-14,中京,3,3歳以上1勝クラス,ダ,1200,左,晴,良,"4回 中京 5日目 サラ系３歳以上 １勝クラス       [指] 定量 16頭 本賞金:800,320,200,120,80万円",16,800.0,3,1,2,ケイエイト,牡,4,55.0,▲川端,72.1,1.1/2,6,19.5,35.8,7-6,栗東 羽月,470,4,
202407040503,2024-12-14,中京,3,3歳以上1勝クラス,ダ,1200,左,晴,良,"4回 中京 5日目 サラ系３歳以上 １勝クラス       [指] 定量 16頭 本賞金:800,320,200,120,80万円",16,800.0,4,6,11,ミスエル,牡,3,54.0,▲石神道,72.5,2.1/2,7,19.6,36.5,4-5,美浦 菊沢,472,4,
202407040503,2024-12-14,中京,3,3歳以上1勝クラス,ダ,1200,左,晴,良,"4回 中京 5日目 サラ系３歳以上 １勝クラス       [指] 定量 16頭 本賞金:800,320,200,120,80万円",16,800.0,5,5,10,フェールブリエ,牡,3,56.0,☆小沢,72.6,1/2,8,42.1,36.7,4-3,栗東 鮫島,434,2,
202407040503,2024-12-14,中京,3,3歳以上1勝クラス,ダ,1200,左,晴,良,"4回 中京 5日目 サラ系３歳以上 １勝クラス       [指] 定量 16頭 本賞金:800,320,200,120,80万円",16,800.0,6,2,4,チェイスザウェイ,牝,4,53.0,▲石田,72.9,1.3/4,12,144.4,36.4,9-9,美浦 伊藤圭,470,-4,
202407040503,2024-12-14,中京,3,3歳以上1勝クラス,ダ,1200,左,晴,良,"4回 中京 5日目 サラ系３歳以上 １勝クラス       [指] 定量 16頭 本賞金:800,320,200,120,80万円",16,800.0,7,4,7,メイショウイヌワシ,牡,5,57.0,☆泉谷,72.9,ハナ,3,9.1,36.0,11-9,栗東 石橋,514,10,
202407040503,2024-12-14,中京,3,3歳以上1勝クラス,ダ,1200,左,晴,良,"4回 中京 5日目 サラ系３歳以上 １勝クラス       [指] 定量 16頭 本賞金:800,320,200,120,80万円",16,800.0,8,7,13,レッドカメリア,牝,4,56.0,長岡,73.0,1/2,13,178.6,36.7,7-8,美浦 佐藤吉,448,0,
202407040503,2024-12-14,中京,3,3歳以上1勝クラス,ダ,1200,左,晴,良,"4回 中京 5日目 サラ系３歳以上 １勝クラス       [指] 定量 16頭 本賞金:800,320,200,120,80万円",16,800.0,9,8,15,スターザサンライズ,牝,5,55.0,☆西塚,73.1,1,2,3.3,34.9,13-13,栗東 小椋,464,0,
202407040503,2024-12-14,中京,3,3歳以上1勝クラス,ダ,1200,左,晴,良,"4回 中京 5日目 サラ系３歳以上 １勝クラス       [指] 定量 16頭 本賞金:800,320,200,120,80万円",16,800.0,10,6,12,ドントレットゴー,牝,3,53.0,△高杉,73.1,クビ,10,52.5,37.4,3-3,栗東 藤野,440,-6,
202407040503,2024-12-14,中京,3,3歳以上1勝クラス,ダ,1200,左,晴,良,"4回 中京 5日目 サラ系３歳以上 １勝クラス       [指] 定量 16頭 本賞金:800,320,200,120,80万円",16,800.0,11,3,6,サリーピルエット,牡,4,55.0,▲佐藤,73.3,3/4,14,239.3,35.8,12-12,美浦 鈴木伸,514,16,
202407040503,2024-12-14,中京,3,3歳以上1勝クラス,ダ,1200,左,晴,良,"4回 中京 5日目 サラ系３歳以上 １勝クラス       [指] 定量 16頭 本賞金:800,320,200,120,80万円",16,800.0,12,4,8,トロピカルヒーロー,牡,4,55.0,▲長浜,73.6,2,5,17.3,35.4,13-13,美浦 根本,522,-8,
202407040503,2024-12-14,中京,3,3歳以上1勝クラス,ダ,1200,左,晴,良,"4回 中京 5日目 サラ系３歳以上 １勝クラス       [指] 定量 16頭 本賞金:800,320,200,120,80万円",16,800.0,13,3,5,ヒデシンイメル,牡,3,57.0,高倉,74.0,2.1/2,11,94.3,37.3,10-9,栗東 武英,472,12,
202407040503,2024-12-14,中京,3,3歳以上1勝クラス,ダ,1200,左,晴,良,"4回 中京 5日目 サラ系３歳以上 １勝クラス       [指] 定量 16頭 本賞金:800,320,200,120,80万円",16,800.0,14,2,3,バスケットカウント,牝,4,56.0,古川吉,74.5,3,16,456.5,36.0,15-15,美浦 的場,464,-6,
202407040503,2024-12-14,中京,3,3歳以上1勝クラス,ダ,1200,左,晴,良,"4回 中京 5日目 サラ系３歳以上 １勝クラス       [指] 定量 16頭 本賞金:800,320,200,120,80万円",16,800.0,15,8,16,フーレイ,牝,5,53.0,▲古川奈,75.2,4,15,255.5,39.2,4-6,栗東 藤沢,472,4,
202407040503,2024-12-14,中京,3,3歳以上1勝クラス,ダ,1200,左,晴,良,"4回 中京 5日目 サラ系３歳以上 １勝クラス       [指] 定量 16頭 本賞金:800,320,200,120,80万円",16,800.0,,1,1,ブリスフル,牡,3,57.0,藤懸,,,9,42.8,,,美浦 武市,492,-4,中止
202407040504,2024-12-14,中京,4,2歳未勝利,芝,1400,左,晴,良,"4回 中京 5日目 サラ系２歳 未勝利       牝[指] 馬齢 18頭 本賞金:550,220,140,83,55万円",18,550.0,1,6,12,コルドンブルー,牝,2,55.0,鮫島駿,82.3,,1,2.2,35.1,8-8,栗東 松永幹,438,0,
202407040504,2024-12-14,中京,4,2歳未勝利,芝,1400,左,晴,良,"4回 中京 5日目 サラ系２歳 未勝利       牝[指] 馬齢 18頭 本賞金:550,220,140,83,55万円",18,550.0,2,3,6,ロイヤルウィル,牝,2,52.0,▲橋木,82.6,1.1/2,6,18.6,36.0,2-2,栗東 村山,452,-6,
202407040504,2024-12-14,中京,4,2歳未勝利,芝,1400,左,晴,良,"4回 中京 5日目 サラ系２歳 未勝利       牝[指] 馬齢 18頭 本賞金:550,220,140,83,55万円",18,550.0,3,8,16,セイプリーズ,牝,2,55.0,古川吉,82.6,クビ,9,44.0,35.6,6-6,栗東 宮,428,-8,
202407040504,2024-12-14,中京,4,2歳未勝利,芝,1400,左,晴,良,"4回 中京 5日目 サラ系２歳 未勝利       牝[指] 馬齢 18頭 本賞金:550,220,140,83,55万円",18,550.0,4,3,5,セレーネアステール,牝,2,55.0,岩田康,82.6,クビ,7,22.6,35.2,9-9,栗東 武幸,410,2,
202407040504,2024-12-14,中京,4,2歳未勝利,芝,1400,左,晴,良,"4回 中京 5日目 サラ系２歳 未勝利       牝[指] 馬齢 18頭 本賞金:550,220,140,83,55万円",18,550.0,5,4,7,エイプリルインパリ,牝,2,55.0,小崎,82.6,アタマ,4,10.2,35.5,6-6,栗東 高橋忠,458,16,
202407040504,2024-12-14,中京,4,2歳未勝利,芝,1400,左,晴,良,"4回 中京 5日目 サラ系２歳 未勝利       牝[指] 馬齢 18頭 本賞金:550,220,140,83,55万円",18,550.0,6,2,3,ハーモニーソング,牝,2,52.0,▲長浜,83.0,2.1/2,2,4.1,35.3,11-11,美浦 田島,450,2,
202407040504,2024-12-14,中京,4,2歳未勝利,芝,1400,左,晴,良,"4回 中京 5日目 サラ系２歳 未勝利       牝[指] 馬齢 18頭 本賞金:550,220,140,83,55万円",18,550.0,7,2,4,ブラックケリー,牝,2,54.0,☆西塚,83.1,1/2,3,7.1,36.7,1-1,栗東 長谷川,432,0,
202407040504,2024-12-14,中京,4,2歳未勝利,芝,1400,左,晴,良,"4回 中京 5日目 サラ系２歳 未勝利       牝[指] 馬齢 18頭 本賞金:550,220,140,83,55万円",18,550.0,8,7,13,ネティフラウ,牝,2,55.0,亀田,83.2,クビ,13,73.1,35.7,9-9,栗東 音無,482,16,
202407040504,2024-12-14,中京,4,2歳未勝利,芝,1400,左,晴,良,"4回 中京 5日目 サラ系２歳 未勝利       牝[指] 馬齢 18頭 本賞金:550,220,140,83,55万円",18,550.0,9,4,8,ミッシングユー,牝,2,54.0,☆小沢,83.2,アタマ,10,52.3,35.3,13-13,栗東 橋口,466,-10,
202407040504,2024-12-14,中京,4,2歳未勝利,芝,1400,左,晴,良,"4回 中京 5日目 サラ系２歳 未勝利       牝[指] 馬齢 18頭 本賞金:550,220,140,83,55万円",18,550.0,10,8,17,リッスンクロース,牝,2,52.0,▲川端,83.2,クビ,14,97.2,34.8,18-17,美浦 林,440,-2,
202407040504,2024-12-14,中京,4,2歳未勝利,芝,1400,左,晴,良,"4回 中京 5日目 サラ系２歳 未勝利       牝[指] 馬齢 18頭 本賞金:550,220,140,83,55万円",18,550.0,11,6,11,ブラックティンカー,牝,2,52.0,▲石神道,83.3,クビ,18,294.7,36.5,3-3,美浦 和田雄,440,-2,
202407040504,2024-12-14,中京,4,2歳未勝利,芝,1400,左,晴,良,"4回 中京 5日目 サラ系２歳 未勝利       牝[指] 馬齢 18頭 本賞金:550,220,140,83,55万円",18,550.0,12,7,15,ハーフェン,牝,2,52.0,▲石田,83.3,クビ,8,26.5,35.5,13-13,美浦 新開,398,-8,
202407040504,2024-12-14,中京,4,2歳未勝利,芝,1400,左,晴,良,"4回 中京 5日目 サラ系２歳 未勝利       牝[指] 馬齢 18頭 本賞金:550,220,140,83,55万円",18,550.0,13,7,14,カルミアクラウン,牝,2,55.0,Ｈドイ,83.6,1.3/4,11,62.1,35.7,13-13,栗東 吉岡,432,-12,
202407040504,2024-12-14,中京,4,2歳未勝利,芝,1400,左,晴,良,"4回 中京 5日目 サラ系２歳 未勝利       牝[指] 馬齢 18頭 本賞金:550,220,140,83,55万円",18,550.0,14,5,9,エリカサンタモニカ,牝,2,55.0,長岡,83.9,2,5,15.6,36.2,11-11,栗東 茶木,466,6,
202407040504,2024-12-14,中京,4,2歳未勝利,芝,1400,左,晴,良,"4回 中京 5日目 サラ系２歳 未勝利       牝[指] 馬齢 18頭 本賞金:550,220,140,83,55万円",18,550.0,15,5,10,ドラゴンガール,牝,2,55.0,藤懸,84.0,クビ,16,159.0,35.6,17-17,栗東 鈴木孝,468,0,
202407040504,2024-12-14,中京,4,2歳未勝利,芝,1400,左,晴,良,"4回 中京 5日目 サラ系２歳 未勝利       牝[指] 馬齢 18頭 本賞金:550,220,140,83,55万円",18,550.0,16,1,2,リュウノハミング,牝,2,52.0,▲佐藤,84.0,クビ,17,165.6,37.2,5-3,美浦 伊藤伸,444,-8,
202407040504,2024-12-14,中京,4,2歳未勝利,芝,1400,左,晴,良,"4回 中京 5日目 サラ系２歳 未勝利       牝[指] 馬齢 18頭 本賞金:550,220,140,83,55万円",18,550.0,17,1,1,コトリノウタウウタ,牝,2,54.0,☆田口,84.5,3,12,72.1,37.7,3-3,栗東 庄野,418,-12,
202407040504,2024-12-14,中京,4,2歳未勝利,芝,1400,左,晴,良,"4回 中京 5日目 サラ系２歳 未勝利       牝[指] 馬齢 18頭 本賞金:550,220,140,83,55万円",18,550.0,18,8,18,ルージュフレイヤ,牝,2,55.0,荻野極,84.8,2,15,132.2,36.9,13-13,美浦 鹿戸,420,-2,
202407040505,2024-12-14,中京,5,2歳未勝利,芝,2000,左,晴,良,"4回 中京 5日目 サラ系２歳 未勝利       (混)[指] 馬齢 18頭 本賞金:550,220,140,83,55万円",18,550.0,1,5,10,ノラリクラリ,牡,2,54.0,△高杉,122.6,,4,6.6,35.0,3-4-3-3,栗東 藤岡,438,12,
202407040505,2024-12-14,中京,5,2歳未勝利,芝,2000,左,晴,良,"4回 中京 5日目 サラ系２歳 未勝利       (混)[指] 馬齢 18頭 本賞金:550,220,140,83,55万円",18,550.0,2,5,9,ロカヒ,牡,2,56.0,荻野極,122.7,1/2,3,6.1,35.3,5-6-2-2,栗東 飯田,466,0,
202407040505,2024-12-14,中京,5,2歳未勝利,芝,2000,左,晴,良,"4回 中京 5日目 サラ系２歳 未勝利       (混)[指] 馬齢 18頭 本賞金:550,220,140,83,55万円",18,550.0,3,4,8,レッドサジェス,牡,2,56.0,鮫島駿,123.0,1.1/2,1,1.6,35.2,7-7-6-5,栗東 清水久,494,6,
202407040505,2024-12-14,中京,5,2歳未勝利,芝,2000,左,晴,良,"4回 中京 5日目 サラ系２歳 未勝利       (混)[指] 馬齢 18頭 本賞金:550,220,140,83,55万円",18,550.0,4,7,15,エキサイトバイオ,牡,2,55.0,☆小沢,123.0,ハナ,5,38.2,35.3,9-9-6-5,栗東 今野,476,-2,
202407040505,2024-12-14,中京,5,2歳未勝利,芝,2000,左,晴,良,"4回 中京 5日目 サラ系２歳 未勝利       (混)[指] 馬齢 18頭 本賞金:550,220,140,83,55万円",18,550.0,5,3,6,レーヌマロン,牝,2,55.0,長岡,123.6,4,8,81.4,35.4,9-10-12-12,栗東 小栗,434,0,
202407040505,2024-12-14,中京,5,2歳未勝利,芝,2000,左,晴,良,"4回 中京 5日目 サラ系２歳 未勝利       (混)[指] 馬齢 18頭 本賞金:550,220,140,83,55万円",18,550.0,6,7,13,マイネルビスマルク,牡,2,56.0,丸山,123.6,ハナ,9,90.5,35.6,15-15-10-9,栗東 梅田,482,-2,
202407040505,2024-12-14,中京,5,2歳未勝利,芝,2000,左,晴,良,"4回 中京 5日目 サラ系２歳 未勝利       (混)[指] 馬齢 18頭 本賞金:550,220,140,83,55万円",18,550.0,7,2,4,クラリヴィデンシア,牡,2,55.0,☆西塚,123.8,1,2,4.9,36.0,7-7-6-5,栗東 野中,458,6,
202407040505,2024-12-14,中京,5,2歳未勝利,芝,2000,左,晴,良,"4回 中京 5日目 サラ系２歳 未勝利       (混)[指] 馬齢 18頭 本賞金:550,220,140,83,55万円",18,550.0,8,6,11,エルモドンナ,牝,2,55.0,高倉,123.9,1/2,16,159.2,35.6,12-12-12-12,栗東 杉山晴,466,6,
202407040505,2024-12-14,中京,5,2歳未勝利,芝,2000,左,晴,良,"4回 中京 5日目 サラ系２歳 未勝利       (混)[指] 馬齢 18頭 本賞金:550,220,140,83,55万円",18,550.0,9,3,5,メイショウアゴナス,牡,2,53.0,▲長浜,123.9,クビ,6,45.0,35.2,16-15-16-17,栗東 本田,462,0,
202407040505,2024-12-14,中京,5,2歳未勝利,芝,2000,左,晴,良,"4回 中京 5日目 サラ系２歳 未勝利       (混)[指] 馬齢 18頭 本賞金:550,220,140,83,55万円",18,550.0,10,8,16,レネガード,牡,2,53.0,▲石神道,124.0,3/4,17,593.9,36.7,1-1-1-1,美浦 土田,478,-2,
202407040505,2024-12-14,中京,5,2歳未勝利,芝,2000,左,晴,良,"4回 中京 5日目 サラ系２歳 未勝利       (混)[指] 馬齢 18頭 本賞金:550,220,140,83,55万円",18,550.0,11,2,3,セラヴィーナス,牝,2,55.0,岩田康,124.1,3/4,7,53.7,35.7,12-12-14-14,美浦 矢嶋,470,-2,
202407040505,2024-12-14,中京,5,2歳未勝利,芝,2000,左,晴,良,"4回 中京 5日目 サラ系２歳 未勝利       (混)[指] 馬齢 18頭 本賞金:550,220,140,83,55万円",18,550.0,12,8,18,ホウオウアーネスト,牡,2,55.0,☆松本,124.2,クビ,13,141.5,35.5,18-18-18-17,栗東 安田,512,-2,
202407040505,2024-12-14,中京,5,2歳未勝利,芝,2000,左,晴,良,"4回 中京 5日目 サラ系２歳 未勝利       (混)[指] 馬齢 18頭 本賞金:550,220,140,83,55万円",18,550.0,13,6,12,ココレカ,牝,2,54.0,☆田口,124.2,クビ,10,107.6,36.2,9-10-10-9,栗東 小椋,476,-4,
202407040505,2024-12-14,中京,5,2歳未勝利,芝,2000,左,晴,良,"4回 中京 5日目 サラ系２歳 未勝利       (混)[指] 馬齢 18頭 本賞金:550,220,140,83,55万円",18,550.0,14,1,2,バーニングフレーム,牝,2,55.0,古川吉,124.4,1,12,133.1,36.8,2-2-3-3,美浦 鈴木慎,462,-12,
202407040505,2024-12-14,中京,5,2歳未勝利,芝,2000,左,晴,良,"4回 中京 5日目 サラ系２歳 未勝利       (混)[指] 馬齢 18頭 本賞金:550,220,140,83,55万円",18,550.0,15,4,7,エポカルモナーク,牡,2,56.0,亀田,124.8,2.1/2,15,153.6,36.4,12-12-14-14,美浦 堀内,450,0,
202407040505,2024-12-14,中京,5,2歳未勝利,芝,2000,左,晴,良,"4回 中京 5日目 サラ系２歳 未勝利       (混)[指] 馬齢 18頭 本賞金:550,220,140,83,55万円",18,550.0,16,8,17,ソアトアメーム,牝,2,55.0,杉原,124.9,3/4,18,619.0,36.3,16-17-16-16,美浦 武藤,418,-2,
202407040505,2024-12-14,中京,5,2歳未勝利,芝,2000,左,晴,良,"4回 中京 5日目 サラ系２歳 未勝利       (混)[指] 馬齢 18頭 本賞金:550,220,140,83,55万円",18,550.0,17,7,14,シャインローザ,牝,2,55.0,中井,125.5,4,11,128.6,37.8,3-2-5-5,栗東 中村,464,-2,
202407040505,2024-12-14,中京,5,2歳未勝利,芝,2000,左,晴,良,"4回 中京 5日目 サラ系２歳 未勝利       (混)[指] 馬齢 18頭 本賞金:550,220,140,83,55万円",18,550.0,18,1,1,コンサートツアー,牝,2,55.0,江田照,125.5,アタマ,14,152.2,37.5,5-4-6-9,美浦 武井,450,4,
202407040506,2024-12-14,中京,6,3歳以上1勝クラス,ダ,1400,左,晴,良,"4回 中京 5日目 サラ系３歳以上 １勝クラス       (混)[指] 定量 16頭 本賞金:800,320,200,120,80万円",16,800.0,1,4,8,ミッドナイトラスタ,牝,3,55.0,岩田康,84.1,,6,12.2,37.3,5-5,美浦 加藤征,480,-16,
202407040506,2024-12-14,中京,6,3歳以上1勝クラス,ダ,1400,左,晴,良,"4回 中京 5日目 サラ系３歳以上 １勝クラス       (混)[指] 定量 16頭 本賞金:800,320,200,120,80万円",16,800.0,2,1,2,ララマルシュドロワ,セ,4,58.0,中井,84.3,1,2,4.2,38.3,1-1,栗東 坂口,480,0,
202407040506,2024-12-14,中京,6,3歳以上1勝クラス,ダ,1400,左,晴,良,"4回 中京 5日目 サラ系３歳以上 １勝クラス       (混)[指] 定量 16頭 本賞金:800,320,200,120,80万円",16,800.0,3,3,5,アオカミ,セ,5,58.0,原田和,84.5,1.1/2,14,138.1,37.1,9-9,美浦 松山,480,2,
202407040506,2024-12-14,中京,6,3歳以上1勝クラス,ダ,1400,左,晴,良,"4回 中京 5日目 サラ系３歳以上 １勝クラス       (混)[指] 定量 16頭 本賞金:800,320,200,120,80万円",16,800.0,4,6,12,メイプルギャング,牡,3,54.0,▲柴田裕,84.8,2,11,18.0,38.4,3-3,栗東 中竹,498,6,
202407040506,2024-12-14,中京,6,3歳以上1勝クラス,ダ,1400,左,晴,良,"4回 中京 5日目 サラ系３歳以上 １勝クラス       (混)[指] 定量 16頭 本賞金:800,320,200,120,80万円",16,800.0,5,7,14,グランデスフィーダ,牡,4,58.0,水口,85.0,3/4,1,4.2,38.5,3-3,栗東 池江,556,2,
202407040506,2024-12-14,中京,6,3歳以上1勝クラス,ダ,1400,左,晴,良,"4回 中京 5日目 サラ系３歳以上 １勝クラス       (混)[指] 定量 16頭 本賞金:800,320,200,120,80万円",16,800.0,6,2,4,ゴンザーゴ,牡,3,57.0,Ｈドイ,85.0,クビ,5,12.0,37.3,11-11,美浦 黒岩,462,4,
202407040506,2024-12-14,中京,6,3歳以上1勝クラス,ダ,1400,左,晴,良,"4回 中京 5日目 サラ系３歳以上 １勝クラス       (混)[指] 定量 16頭 本賞金:800,320,200,120,80万円",16,800.0,7,7,13,ジーベック,牡,3,54.0,▲古川奈,85.1,クビ,9,17.2,37.0,13-14,栗東 矢作,466,12,
202407040506,2024-12-14,中京,6,3歳以上1勝クラス,ダ,1400,左,晴,良,"4回 中京 5日目 サラ系３歳以上 １勝クラス       (混)[指] 定量 16頭 本賞金:800,320,200,120,80万円",16,800.0,8,1,1,イエルバブエナ,牡,4,58.0,江田照,85.1,クビ,12,51.6,37.4,11-11,美浦 村田,472,-12,
202407040506,2024-12-14,中京,6,3歳以上1勝クラス,ダ,1400,左,晴,良,"4回 中京 5日目 サラ系３歳以上 １勝クラス       (混)[指] 定量 16頭 本賞金:800,320,200,120,80万円",16,800.0,9,8,16,モアリジット,牡,3,57.0,杉原,85.2,クビ,7,15.0,37.6,10-10,栗東 西村,494,10,
202407040506,2024-12-14,中京,6,3歳以上1勝クラス,ダ,1400,左,晴,良,"4回 中京 5日目 サラ系３歳以上 １勝クラス       (混)[指] 定量 16頭 本賞金:800,320,200,120,80万円",16,800.0,10,5,9,ディバイングレース,牝,4,56.0,丸山,85.2,クビ,8,15.3,37.0,13-13,美浦 蛯名正,434,-6,
202407040506,2024-12-14,中京,6,3歳以上1勝クラス,ダ,1400,左,晴,良,"4回 中京 5日目 サラ系３歳以上 １勝クラス       (混)[指] 定量 16頭 本賞金:800,320,200,120,80万円",16,800.0,11,2,3,ウインアルドーレ,牡,3,57.0,鮫島駿,85.3,1/2,4,12.0,38.0,8-7,栗東 西園翔,480,4,
202407040506,2024-12-14,中京,6,3歳以上1勝クラス,ダ,1400,左,晴,良,"4回 中京 5日目 サラ系３歳以上 １勝クラス       (混)[指] 定量 16頭 本賞金:800,320,200,120,80万円",16,800.0,12,4,7,クインズアトリア,牝,3,55.0,藤懸,85.5,1.1/4,3,5.4,39.3,2-2,栗東 吉岡,464,10,
202407040506,2024-12-14,中京,6,3歳以上1勝クラス,ダ,1400,左,晴,良,"4回 中京 5日目 サラ系３歳以上 １勝クラス       (混)[指] 定量 16頭 本賞金:800,320,200,120,80万円",16,800.0,13,3,6,ドゥライト,牡,4,55.0,▲長浜,86.8,8,15,152.2,37.8,16-16,美浦 堀内,504,-2,
202407040506,2024-12-14,中京,6,3歳以上1勝クラス,ダ,1400,左,晴,良,"4回 中京 5日目 サラ系３歳以上 １勝クラス       (混)[指] 定量 16頭 本賞金:800,320,200,120,80万円",16,800.0,14,8,15,テイエムボビーダン,牡,3,57.0,古川吉,87.0,1,16,398.0,38.3,15-15,栗東 木原,496,-19,
202407040506,2024-12-14,中京,6,3歳以上1勝クラス,ダ,1400,左,晴,良,"4回 中京 5日目 サラ系３歳以上 １勝クラス       (混)[指] 定量 16頭 本賞金:800,320,200,120,80万円",16,800.0,15,5,10,コネッシオーネ,牝,3,54.0,☆泉谷,88.0,6,10,17.8,41.2,5-6,栗東 杉山晴,452,-4,
202407040506,2024-12-14,中京,6,3歳以上1勝クラス,ダ,1400,左,晴,良,"4回 中京 5日目 サラ系３歳以上 １勝クラス       (混)[指] 定量 16頭 本賞金:800,320,200,120,80万円",16,800.0,,6,11,ウィウィルウィン,牡,3,57.0,荻野極,,,13,124.4,,7-7,美浦 中川,522,10,中止
202407040507,2024-12-14,中京,7,3歳以上1勝クラス,ダ,1800,左,晴,良,"4回 中京 5日目 サラ系３歳以上 １勝クラス       (混)[指] 定量 16頭 本賞金:800,320,200,120,80万円",16,800.0,1,7,13,アークドール,牡,3,57.0,丸山,114.3,,2,3.8,38.3,13-12-4-3,栗東 松永幹,434,0,
202407040507,2024-12-14,中京,7,3歳以上1勝クラス,ダ,1800,左,晴,良,"4回 中京 5日目 サラ系３歳以上 １勝クラス       (混)[指] 定量 16頭 本賞金:800,320,200,120,80万円",16,800.0,2,2,3,カレンワッツアップ,牡,3,57.0,鮫島駿,114.3,クビ,1,3.1,38.6,1-1-1-1,栗東 小林,468,-10,
202407040507,2024-12-14,中京,7,3歳以上1勝クラス,ダ,1800,左,晴,良,"4回 中京 5日目 サラ系３歳以上 １勝クラス       (混)[指] 定量 16頭 本賞金:800,320,200,120,80万円",16,800.0,3,6,11,テイエムデンセツ,牡,3,56.0,☆田口,114.6,1.1/2,6,18.3,38.9,2-2-2-2,栗東 木原,488,20,
202407040507,2024-12-14,中京,7,3歳以上1勝クラス,ダ,1800,左,晴,良,"4回 中京 5日目 サラ系３歳以上 １勝クラス       (混)[指] 定量 16頭 本賞金:800,320,200,120,80万円",16,800.0,4,8,15,ベルイストワール,牝,3,55.0,杉原,114.6,クビ,7,34.2,36.9,13-14-15-14,美浦 宮田,538,4,
202407040507,2024-12-14,中京,7,3歳以上1勝クラス,ダ,1800,左,晴,良,"4回 中京 5日目 サラ系３歳以上 １勝クラス       (混)[指] 定量 16頭 本賞金:800,320,200,120,80万円",16,800.0,5,5,10,ガルデルクラージュ,牡,3,57.0,亀田,114.7,アタマ,12,74.9,37.6,10-11-12-11,栗東 武英,502,2,
202407040507,2024-12-14,中京,7,3歳以上1勝クラス,ダ,1800,左,晴,良,"4回 中京 5日目 サラ系３歳以上 １勝クラス       (混)[指] 定量 16頭 本賞金:800,320,200,120,80万円",16,800.0,6,2,4,ゼンダンスカイ,牡,3,54.0,▲柴田裕,114.7,アタマ,3,4.2,38.3,3-4-6-6,栗東 角田,456,0,
202407040507,2024-12-14,中京,7,3歳以上1勝クラス,ダ,1800,左,晴,良,"4回 中京 5日目 サラ系３歳以上 １勝クラス       (混)[指] 定量 16頭 本賞金:800,320,200,120,80万円",16,800.0,7,3,6,ミスサラワク,牝,3,54.0,☆西塚,114.8,1/2,8,37.8,38.0,7-6-10-9,美浦 本間,504,0,
202407040507,2024-12-14,中京,7,3歳以上1勝クラス,ダ,1800,左,晴,良,"4回 中京 5日目 サラ系３歳以上 １勝クラス       (混)[指] 定量 16頭 本賞金:800,320,200,120,80万円",16,800.0,8,4,7,エリカヴェネチア,牝,3,55.0,岩田康,115.0,1.1/4,5,17.0,38.8,3-3-5-4,栗東 吉岡,480,-4,
202407040507,2024-12-14,中京,7,3歳以上1勝クラス,ダ,1800,左,晴,良,"4回 中京 5日目 サラ系３歳以上 １勝クラス       (混)[指] 定量 16頭 本賞金:800,320,200,120,80万円",16,800.0,9,7,14,ソニックライン,牡,3,57.0,Ｈドイ,115.0,ハナ,4,6.1,38.5,9-8-9-10,美浦 木村,502,2,
202407040507,2024-12-14,中京,7,3歳以上1勝クラス,ダ,1800,左,晴,良,"4回 中京 5日目 サラ系３歳以上 １勝クラス       (混)[指] 定量 16頭 本賞金:800,320,200,120,80万円",16,800.0,10,1,2,ティエラサンタ,牡,4,58.0,国分恭,115.3,2,9,37.8,39.4,12-13-3-4,栗東 西村,514,-12,
202407040507,2024-12-14,中京,7,3歳以上1勝クラス,ダ,1800,左,晴,良,"4回 中京 5日目 サラ系３歳以上 １勝クラス       (混)[指] 定量 16頭 本賞金:800,320,200,120,80万円",16,800.0,11,3,5,テンカオーライ,牡,4,58.0,荻野極,115.6,1.3/4,10,46.2,39.2,5-4-6-6,栗東 松下,510,-4,
202407040507,2024-12-14,中京,7,3歳以上1勝クラス,ダ,1800,左,晴,良,"4回 中京 5日目 サラ系３歳以上 １勝クラス       (混)[指] 定量 16頭 本賞金:800,320,200,120,80万円",16,800.0,12,1,1,テイクノーティス,牡,3,54.0,▲長浜,115.6,ハナ,13,107.8,38.1,15-16-14-14,美浦 伊坂,448,-10,
202407040507,2024-12-14,中京,7,3歳以上1勝クラス,ダ,1800,左,晴,良,"4回 中京 5日目 サラ系３歳以上 １勝クラス       (混)[指] 定量 16頭 本賞金:800,320,200,120,80万円",16,800.0,13,5,9,ジュウオウ,牡,3,55.0,長岡,115.7,1/2,15,207.2,38.8,7-8-10-11,美浦 伊藤大,552,24,
202407040507,2024-12-14,中京,7,3歳以上1勝クラス,ダ,1800,左,晴,良,"4回 中京 5日目 サラ系３歳以上 １勝クラス       (混)[指] 定量 16頭 本賞金:800,320,200,120,80万円",16,800.0,14,6,12,フイノマジワリ,牝,3,52.0,▲今村,115.7,アタマ,11,47.8,38.0,15-14-15-16,美浦 竹内,438,0,
202407040507,2024-12-14,中京,7,3歳以上1勝クラス,ダ,1800,左,晴,良,"4回 中京 5日目 サラ系３歳以上 １勝クラス       (混)[指] 定量 16頭 本賞金:800,320,200,120,80万円",16,800.0,15,8,16,イーサンハンター,牡,3,57.0,古川吉,115.8,クビ,14,121.7,39.4,5-6-6-6,栗東 宮地,526,-4,
202407040507,2024-12-14,中京,7,3歳以上1勝クラス,ダ,1800,左,晴,良,"4回 中京 5日目 サラ系３歳以上 １勝クラス       (混)[指] 定量 16頭 本賞金:800,320,200,120,80万円",16,800.0,16,4,8,ディアマンドロップ,牝,3,55.0,太宰,116.5,4,16,233.2,39.3,10-8-12-13,栗東 昆,466,4,
202407040508,2024-12-14,中京,8,ヤングJSFR中京第1戦,芝,2000,左,晴,良,"4回 中京 5日目 サラ系３歳以上 １勝クラス       (混)[指] 定量 16頭 本賞金:1110,440,280,170,111万円",16,1110.0,1,8,15,タガノデュード,牡,3,57.0,室陽一,121.2,,1,2.7,35.2,2-2-1-2,栗東 宮,490,18,
202407040508,2024-12-14,中京,8,ヤングJSFR中京第1戦,芝,2000,左,晴,良,"4回 中京 5日目 サラ系３歳以上 １勝クラス       (混)[指] 定量 16頭 本賞金:1110,440,280,170,111万円",16,1110.0,2,4,7,シルキーガール,牝,3,55.0,望月洵,121.3,1/2,2,3.1,34.8,3-3-3-3,栗東 上村,464,0,
202407040508,2024-12-14,中京,8,ヤングJSFR中京第1戦,芝,2000,左,晴,良,"4回 中京 5日目 サラ系３歳以上 １勝クラス       (混)[指] 定量 16頭 本賞金:1110,440,280,170,111万円",16,1110.0,3,3,6,バガン,牡,6,58.0,田口,121.9,4,7,16.5,35.9,1-1-2-1,栗東 宮地,476,6,
202407040508,2024-12-14,中京,8,ヤングJSFR中京第1戦,芝,2000,左,晴,良,"4回 中京 5日目 サラ系３歳以上 １勝クラス       (混)[指] 定量 16頭 本賞金:1110,440,280,170,111万円",16,1110.0,4,1,2,サルヴィアーノ,牝,3,55.0,古川奈,122.2,1.3/4,6,16.4,35.6,3-3-4-4,美浦 栗田,474,-4,
202407040508,2024-12-14,中京,8,ヤングJSFR中京第1戦,芝,2000,左,晴,良,"4回 中京 5日目 サラ系３歳以上 １勝クラス       (混)[指] 定量 16頭 本賞金:1110,440,280,170,111万円",16,1110.0,5,7,13,ショウナンガチ,牡,3,57.0,加藤翔,122.8,4,3,7.2,35.1,7-6-6-5,栗東 須貝,506,0,
202407040508,2024-12-14,中京,8,ヤングJSFR中京第1戦,芝,2000,左,晴,良,"4回 中京 5日目 サラ系３歳以上 １勝クラス       (混)[指] 定量 16頭 本賞金:1110,440,280,170,111万円",16,1110.0,6,4,8,ダノンブリザード,牡,5,58.0,土田,123.3,3,4,8.0,35.0,11-10-10-11,栗東 池江,492,4,
202407040508,2024-12-14,中京,8,ヤングJSFR中京第1戦,芝,2000,左,晴,良,"4回 中京 5日目 サラ系３歳以上 １勝クラス       (混)[指] 定量 16頭 本賞金:1110,440,280,170,111万円",16,1110.0,7,1,1,アンブロジアーナ,牝,5,56.0,鷹見陸,123.6,1.1/2,9,37.8,35.6,6-6-7-7,美浦 上原博,432,-8,
202407040508,2024-12-14,中京,8,ヤングJSFR中京第1戦,芝,2000,左,晴,良,"4回 中京 5日目 サラ系３歳以上 １勝クラス       (混)[指] 定量 16頭 本賞金:1110,440,280,170,111万円",16,1110.0,8,2,3,バレンタインソング,牡,4,58.0,及川烈,123.7,1/2,10,101.2,36.1,5-5-5-5,栗東 小崎,462,4,
202407040508,2024-12-14,中京,8,ヤングJSFR中京第1戦,芝,2000,左,晴,良,"4回 中京 5日目 サラ系３歳以上 １勝クラス       (混)[指] 定量 16頭 本賞金:1110,440,280,170,111万円",16,1110.0,9,2,4,キングリスティア,セ,8,58.0,橋木,123.8,3/4,15,159.4,35.7,8-8-8-8,栗東 河内,522,2,
202407040508,2024-12-14,中京,8,ヤングJSFR中京第1戦,芝,2000,左,晴,良,"4回 中京 5日目 サラ系３歳以上 １勝クラス       (混)[指] 定量 16頭 本賞金:1110,440,280,170,111万円",16,1110.0,10,8,16,ゼアズノープレイス,牡,5,58.0,石田,123.8,ハナ,8,34.8,35.7,9-8-8-8,美浦 的場,514,22,
202407040508,2024-12-14,中京,8,ヤングJSFR中京第1戦,芝,2000,左,晴,良,"4回 中京 5日目 サラ系３歳以上 １勝クラス       (混)[指] 定量 16頭 本賞金:1110,440,280,170,111万円",16,1110.0,11,6,11,ネイサン,牡,3,57.0,土方颯,123.8,アタマ,16,167.4,35.6,13-12-10-8,美浦 粕谷,474,14,
202407040508,2024-12-14,中京,8,ヤングJSFR中京第1戦,芝,2000,左,晴,良,"4回 中京 5日目 サラ系３歳以上 １勝クラス       (混)[指] 定量 16頭 本賞金:1110,440,280,170,111万円",16,1110.0,12,3,5,ヤマニンアラクリア,牡,3,57.0,長浜,123.9,クビ,5,12.4,35.4,9-10-12-12,栗東 中村,490,0,
202407040508,2024-12-14,中京,8,ヤングJSFR中京第1戦,芝,2000,左,晴,良,"4回 中京 5日目 サラ系３歳以上 １勝クラス       (混)[指] 定量 16頭 本賞金:1110,440,280,170,111万円",16,1110.0,13,5,10,デオヴォレンティ,牝,4,56.0,長江慶,124.0,3/4,13,152.2,35.6,13-12-12-12,美浦 蛯名利,458,-14,
202407040508,2024-12-14,中京,8,ヤングJSFR中京第1戦,芝,2000,左,晴,良,"4回 中京 5日目 サラ系３歳以上 １勝クラス       (混)[指] 定量 16頭 本賞金:1110,440,280,170,111万円",16,1110.0,14,5,9,チャイボーグ,牝,4,56.0,谷内貫,124.1,1,12,147.0,35.6,11-12-12-12,美浦 的場,492,18,
202407040508,2024-12-14,中京,8,ヤングJSFR中京第1戦,芝,2000,左,晴,良,"4回 中京 5日目 サラ系３歳以上 １勝クラス       (混)[指] 定量 16頭 本賞金:1110,440,280,170,111万円",16,1110.0,15,7,14,スコプルス,牝,4,56.0,河原田,124.2,アタマ,11,116.2,35.6,15-15-15-15,美浦 天間,448,-2,
202407040508,2024-12-14,中京,8,ヤングJSFR中京第1戦,芝,2000,左,晴,良,"4回 中京 5日目 サラ系３歳以上 １勝クラス       (混)[指] 定量 16頭 本賞金:1110,440,280,170,111万円",16,1110.0,16,6,12,ローゼンモンターク,牝,3,55.0,佐藤,126.0,大,14,157.5,36.7,16-16-16-16,美浦 佐藤吉,422,-10,
202407040509,2024-12-14,中京,9,中京2歳S,芝,1200,左,晴,良,"4回 中京 5日目 サラ系２歳 オープン       (国際)(特指) 別定 11頭 本賞金:1600,640,400,240,160万円",11,1600.0,1,3,3,アメリカンステージ,牡,2,57.0,岩田康,69.1,,1,2.2,34.0,1-1,栗東 矢作,506,0,
202407040509,2024-12-14,中京,9,中京2歳S,芝,1200,左,晴,良,"4回 中京 5日目 サラ系２歳 オープン       (国際)(特指) 別定 11頭 本賞金:1600,640,400,240,160万円",11,1600.0,2,7,8,ポッドベイダー,牡,2,57.0,荻野極,69.7,3.1/2,2,3.1,34.4,3-3,美浦 上原佑,480,6,
202407040509,2024-12-14,中京,9,中京2歳S,芝,1200,左,晴,良,"4回 中京 5日目 サラ系２歳 オープン       (国際)(特指) 別定 11頭 本賞金:1600,640,400,240,160万円",11,1600.0,3,4,4,ドゥアムール,牝,2,55.0,鮫島駿,69.9,1.1/4,4,9.3,34.2,6-7,栗東 中竹,474,12,
202407040509,2024-12-14,中京,9,中京2歳S,芝,1200,左,晴,良,"4回 中京 5日目 サラ系２歳 オープン       (国際)(特指) 別定 11頭 本賞金:1600,640,400,240,160万円",11,1600.0,4,2,2,ナムラトロム,牡,2,56.0,田口,70.0,1/2,6,24.2,34.4,6-5,美浦 石栗,448,10,
202407040509,2024-12-14,中京,9,中京2歳S,芝,1200,左,晴,良,"4回 中京 5日目 サラ系２歳 オープン       (国際)(特指) 別定 11頭 本賞金:1600,640,400,240,160万円",11,1600.0,5,5,5,タガノアンファン,牡,2,56.0,藤懸,70.2,1.1/4,3,4.6,34.3,8-8,栗東 石坂,464,-2,
202407040509,2024-12-14,中京,9,中京2歳S,芝,1200,左,晴,良,"4回 中京 5日目 サラ系２歳 オープン       (国際)(特指) 別定 11頭 本賞金:1600,640,400,240,160万円",11,1600.0,6,6,7,ロードヴェルト,牡,2,56.0,高杉,70.3,1,7,30.5,34.5,8-8,栗東 牧浦,424,12,
202407040509,2024-12-14,中京,9,中京2歳S,芝,1200,左,晴,良,"4回 中京 5日目 サラ系２歳 オープン       (国際)(特指) 別定 11頭 本賞金:1600,640,400,240,160万円",11,1600.0,7,1,1,ハイファイスピード,牝,2,55.0,国分恭,70.4,クビ,5,18.7,34.9,4-5,栗東 宮本,454,-4,
202407040509,2024-12-14,中京,9,中京2歳S,芝,1200,左,晴,良,"4回 中京 5日目 サラ系２歳 オープン       (国際)(特指) 別定 11頭 本賞金:1600,640,400,240,160万円",11,1600.0,8,8,11,ブリッツアロング,牡,2,56.0,丸山,70.4,1/2,9,107.8,35.2,2-2,美浦 上原博,492,2,
202407040509,2024-12-14,中京,9,中京2歳S,芝,1200,左,晴,良,"4回 中京 5日目 サラ系２歳 オープン       (国際)(特指) 別定 11頭 本賞金:1600,640,400,240,160万円",11,1600.0,9,8,10,ラブアイミー,牝,2,55.0,西塚,70.5,1/2,10,114.5,33.9,11-11,栗東 森田,410,-8,
202407040509,2024-12-14,中京,9,中京2歳S,芝,1200,左,晴,良,"4回 中京 5日目 サラ系２歳 オープン       (国際)(特指) 別定 11頭 本賞金:1600,640,400,240,160万円",11,1600.0,10,6,6,ヤマニンシュラ,牡,2,56.0,亀田,70.7,3/4,8,44.6,35.3,4-3,栗東 斉藤崇,474,6,
202407040509,2024-12-14,中京,9,中京2歳S,芝,1200,左,晴,良,"4回 中京 5日目 サラ系２歳 オープン       (国際)(特指) 別定 11頭 本賞金:1600,640,400,240,160万円",11,1600.0,11,7,9,ブラックトルネード,牡,2,56.0,水口,71.9,7,11,247.0,35.7,10-10,美浦 佐藤吉,462,0,
202407040510,2024-12-14,中京,10,ヤングJSFR中京第2戦,ダ,1400,左,晴,良,"4回 中京 5日目 サラ系３歳以上 ２勝クラス       (混)[指] 定量 16頭 本賞金:1550,620,390,230,155万円",16,1550.0,1,2,3,アイファースキャン,牡,4,58.0,望月洵,85.0,,15,99.0,37.4,5-4,美浦 根本,488,0,
202407040510,2024-12-14,中京,10,ヤングJSFR中京第2戦,ダ,1400,左,晴,良,"4回 中京 5日目 サラ系３歳以上 ２勝クラス       (混)[指] 定量 16頭 本賞金:1550,620,390,230,155万円",16,1550.0,2,2,4,ランスオブサターン,牝,4,56.0,佐藤,85.0,クビ,5,7.4,37.3,6-6,栗東 本田,452,4,
202407040510,2024-12-14,中京,10,ヤングJSFR中京第2戦,ダ,1400,左,晴,良,"4回 中京 5日目 サラ系３歳以上 ２勝クラス       (混)[指] 定量 16頭 本賞金:1550,620,390,230,155万円",16,1550.0,3,1,2,エムズマインド,牡,4,58.0,河原田,85.2,1.1/4,1,4.0,36.8,11-10,栗東 荒川,522,4,
202407040510,2024-12-14,中京,10,ヤングJSFR中京第2戦,ダ,1400,左,晴,良,"4回 中京 5日目 サラ系３歳以上 ２勝クラス       (混)[指] 定量 16頭 本賞金:1550,620,390,230,155万円",16,1550.0,4,3,6,ロードオルデン,牡,5,58.0,田口,85.3,1/2,3,6.2,35.9,14-14,栗東 辻野,486,-2,
202407040510,2024-12-14,中京,10,ヤングJSFR中京第2戦,ダ,1400,左,晴,良,"4回 中京 5日目 サラ系３歳以上 ２勝クラス       (混)[指] 定量 16頭 本賞金:1550,620,390,230,155万円",16,1550.0,5,8,16,トウカイファクター,セ,5,58.0,土田,85.5,1,10,36.7,38.6,3-3,美浦 菊川,466,-6,
202407040510,2024-12-14,中京,10,ヤングJSFR中京第2戦,ダ,1400,左,晴,良,"4回 中京 5日目 サラ系３歳以上 ２勝クラス       (混)[指] 定量 16頭 本賞金:1550,620,390,230,155万円",16,1550.0,6,6,12,ファイヴレター,牡,7,58.0,古川奈,85.7,1,13,61.1,36.6,13-13,美浦 佐藤吉,474,4,
202407040510,2024-12-14,中京,10,ヤングJSFR中京第2戦,ダ,1400,左,晴,良,"4回 中京 5日目 サラ系３歳以上 ２勝クラス       (混)[指] 定量 16頭 本賞金:1550,620,390,230,155万円",16,1550.0,7,4,7,タイキエクセロン,牡,5,58.0,及川烈,85.7,ハナ,11,40.2,36.1,15-15,栗東 西園翔,508,4,
202407040510,2024-12-14,中京,10,ヤングJSFR中京第2戦,ダ,1400,左,晴,良,"4回 中京 5日目 サラ系３歳以上 ２勝クラス       (混)[指] 定量 16頭 本賞金:1550,620,390,230,155万円",16,1550.0,8,7,14,リンクスルーファス,牝,5,56.0,土方颯,85.7,クビ,6,14.4,36.1,15-15,美浦 手塚,508,0,
202407040510,2024-12-14,中京,10,ヤングJSFR中京第2戦,ダ,1400,左,晴,良,"4回 中京 5日目 サラ系３歳以上 ２勝クラス       (混)[指] 定量 16頭 本賞金:1550,620,390,230,155万円",16,1550.0,9,5,9,マコトゴコタイ,牡,6,58.0,谷内貫,85.8,1/2,8,22.4,38.0,7-7,栗東 鮫島,514,6,
202407040510,2024-12-14,中京,10,ヤングJSFR中京第2戦,ダ,1400,左,晴,良,"4回 中京 5日目 サラ系３歳以上 ２勝クラス       (混)[指] 定量 16頭 本賞金:1550,620,390,230,155万円",16,1550.0,10,5,10,ノーブルマルシェ,牝,4,56.0,石田,85.8,クビ,16,131.8,37.5,9-8,美浦 久保田,470,4,
202407040510,2024-12-14,中京,10,ヤングJSFR中京第2戦,ダ,1400,左,晴,良,"4回 中京 5日目 サラ系３歳以上 ２勝クラス       (混)[指] 定量 16頭 本賞金:1550,620,390,230,155万円",16,1550.0,11,1,1,アイオブザストーム,牝,4,56.0,長浜,86.2,2.1/2,12,48.1,37.6,12-12,栗東 岡田,468,-2,
202407040510,2024-12-14,中京,10,ヤングJSFR中京第2戦,ダ,1400,左,晴,良,"4回 中京 5日目 サラ系３歳以上 ２勝クラス       (混)[指] 定量 16頭 本賞金:1550,620,390,230,155万円",16,1550.0,12,4,8,ワイワイレジェンド,牡,3,57.0,室陽一,86.3,1/2,2,4.4,40.3,2-1,栗東 矢作,478,-12,
202407040510,2024-12-14,中京,10,ヤングJSFR中京第2戦,ダ,1400,左,晴,良,"4回 中京 5日目 サラ系３歳以上 ２勝クラス       (混)[指] 定量 16頭 本賞金:1550,620,390,230,155万円",16,1550.0,13,3,5,パンデアスカル,牡,4,58.0,鷹見陸,86.3,アタマ,7,19.8,38.3,8-8,栗東 小椋,504,-6,
202407040510,2024-12-14,中京,10,ヤングJSFR中京第2戦,ダ,1400,左,晴,良,"4回 中京 5日目 サラ系３歳以上 ２勝クラス       (混)[指] 定量 16頭 本賞金:1550,620,390,230,155万円",16,1550.0,14,8,15,クリノクリスタル,牝,4,56.0,長江慶,86.4,クビ,14,75.7,38.1,9-10,栗東 大橋,466,0,
202407040510,2024-12-14,中京,10,ヤングJSFR中京第2戦,ダ,1400,左,晴,良,"4回 中京 5日目 サラ系３歳以上 ２勝クラス       (混)[指] 定量 16頭 本賞金:1550,620,390,230,155万円",16,1550.0,15,7,13,メイショウホオズキ,牝,6,56.0,橋木,87.9,9,9,25.4,40.7,4-4,美浦 高柳瑞,476,2,
202407040510,2024-12-14,中京,10,ヤングJSFR中京第2戦,ダ,1400,左,晴,良,"4回 中京 5日目 サラ系３歳以上 ２勝クラス       (混)[指] 定量 16頭 本賞金:1550,620,390,230,155万円",16,1550.0,16,6,11,ユイノイチゲキ,牡,4,58.0,加藤翔,89.0,7,4,6.2,43.0,1-2,美浦 深山,512,8,
202407040511,2024-12-14,中京,11,尾頭橋S,ダ,1800,左,晴,良,"4回 中京 5日目 サラ系３歳以上 ３勝クラス       (混)(特指) 定量 13頭 本賞金:1840,740,460,280,184万円",13,1840.0,1,7,10,フタイテンロック,牡,5,58.0,小崎,111.3,,8,20.0,37.6,2-2-2-2,美浦 佐藤吉,502,6,
202407040511,2024-12-14,中京,11,尾頭橋S,ダ,1800,左,晴,良,"4回 中京 5日目 サラ系３歳以上 ３勝クラス       (混)(特指) 定量 13頭 本賞金:1840,740,460,280,184万円",13,1840.0,2,1,1,フルオール,牡,5,58.0,高杉,111.4,クビ,7,11.3,36.5,10-10-11-9,美浦 斎藤誠,474,16,
202407040511,2024-12-14,中京,11,尾頭橋S,ダ,1800,左,晴,良,"4回 中京 5日目 サラ系３歳以上 ３勝クラス       (混)(特指) 定量 13頭 本賞金:1840,740,460,280,184万円",13,1840.0,3,3,3,マルブツプライド,牡,5,58.0,岩田康,111.4,クビ,1,3.8,37.4,4-4-4-3,栗東 福永,524,6,
202407040511,2024-12-14,中京,11,尾頭橋S,ダ,1800,左,晴,良,"4回 中京 5日目 サラ系３歳以上 ３勝クラス       (混)(特指) 定量 13頭 本賞金:1840,740,460,280,184万円",13,1840.0,4,6,9,メイショウコガシラ,牡,4,58.0,荻野極,111.6,1.1/4,2,5.3,37.4,4-5-5-5,栗東 本田,506,10,
202407040511,2024-12-14,中京,11,尾頭橋S,ダ,1800,左,晴,良,"4回 中京 5日目 サラ系３歳以上 ３勝クラス       (混)(特指) 定量 13頭 本賞金:1840,740,460,280,184万円",13,1840.0,5,6,8,フジマサインパクト,牡,6,58.0,西塚,111.8,1.1/4,12,73.2,37.0,10-11-10-9,美浦 菊川,434,4,
202407040511,2024-12-14,中京,11,尾頭橋S,ダ,1800,左,晴,良,"4回 中京 5日目 サラ系３歳以上 ３勝クラス       (混)(特指) 定量 13頭 本賞金:1840,740,460,280,184万円",13,1840.0,6,8,12,リチャ,牡,4,58.0,Ｈドイ,112.1,1.1/2,4,6.6,37.7,7-7-7-8,美浦 田中博,496,4,
202407040511,2024-12-14,中京,11,尾頭橋S,ダ,1800,左,晴,良,"4回 中京 5日目 サラ系３歳以上 ３勝クラス       (混)(特指) 定量 13頭 本賞金:1840,740,460,280,184万円",13,1840.0,7,2,2,ヘニータイフーン,牝,4,56.0,鮫島駿,112.2,1/2,3,5.4,37.8,8-7-7-5,栗東 中村,498,0,
202407040511,2024-12-14,中京,11,尾頭橋S,ダ,1800,左,晴,良,"4回 中京 5日目 サラ系３歳以上 ３勝クラス       (混)(特指) 定量 13頭 本賞金:1840,740,460,280,184万円",13,1840.0,8,7,11,レプンカムイ,牡,6,58.0,田口,112.3,3/4,11,50.2,38.4,2-3-3-3,栗東 橋口,474,-2,
202407040511,2024-12-14,中京,11,尾頭橋S,ダ,1800,左,晴,良,"4回 中京 5日目 サラ系３歳以上 ３勝クラス       (混)(特指) 定量 13頭 本賞金:1840,740,460,280,184万円",13,1840.0,9,8,13,ハッスルダンク,牡,4,58.0,杉原,112.6,1.1/2,10,42.2,36.8,10-12-12-12,美浦 中川,454,2,
202407040511,2024-12-14,中京,11,尾頭橋S,ダ,1800,左,晴,良,"4回 中京 5日目 サラ系３歳以上 ３勝クラス       (混)(特指) 定量 13頭 本賞金:1840,740,460,280,184万円",13,1840.0,10,5,7,コルドンルージュ,牝,5,56.0,亀田,112.9,1.3/4,6,9.1,39.2,1-1-1-1,栗東 斉藤崇,502,-10,
202407040511,2024-12-14,中京,11,尾頭橋S,ダ,1800,左,晴,良,"4回 中京 5日目 サラ系３歳以上 ３勝クラス       (混)(特指) 定量 13頭 本賞金:1840,740,460,280,184万円",13,1840.0,11,5,6,メイクザビート,牡,4,58.0,小沢,113.6,4,5,8.8,39.4,6-5-5-5,栗東 西園正,496,4,
202407040511,2024-12-14,中京,11,尾頭橋S,ダ,1800,左,晴,良,"4回 中京 5日目 サラ系３歳以上 ３勝クラス       (混)(特指) 定量 13頭 本賞金:1840,740,460,280,184万円",13,1840.0,12,4,5,ベンテイガ,牡,5,58.0,国分恭,114.0,2.1/2,13,154.7,37.5,13-13-13-13,栗東 音無,520,14,
202407040511,2024-12-14,中京,11,尾頭橋S,ダ,1800,左,晴,良,"4回 中京 5日目 サラ系３歳以上 ３勝クラス       (混)(特指) 定量 13頭 本賞金:1840,740,460,280,184万円",13,1840.0,13,4,4,メイショウカゲカツ,牡,5,58.0,丸山,114.5,3,9,24.9,40.0,8-7-7-11,栗東 西園正,502,0,
202407040512,2024-12-14,中京,12,3歳以上1勝クラス,芝,1400,左,晴,良,"4回 中京 5日目 サラ系３歳以上 １勝クラス       (混)[指] 定量 18頭 本賞金:800,320,200,120,80万円",18,800.0,1,3,6,スカイハイ,牡,3,57.0,古川吉,81.2,,1,2.8,35.2,4-4,栗東 清水久,540,-6,
202407040512,2024-12-14,中京,12,3歳以上1勝クラス,芝,1400,左,晴,良,"4回 中京 5日目 サラ系３歳以上 １勝クラス       (混)[指] 定量 18頭 本賞金:800,320,200,120,80万円",18,800.0,2,2,4,ベストオブユー,牡,3,54.0,▲長浜,81.3,クビ,15,179.9,35.1,7-7,美浦 久保田,434,14,
202407040512,2024-12-14,中京,12,3歳以上1勝クラス,芝,1400,左,晴,良,"4回 中京 5日目 サラ系３歳以上 １勝クラス       (混)[指] 定量 18頭 本賞金:800,320,200,120,80万円",18,800.0,3,6,12,ビダーヤ,牡,3,54.0,▲古川奈,81.3,クビ,4,8.6,34.8,10-11,栗東 矢作,488,-2,
202407040512,2024-12-14,中京,12,3歳以上1勝クラス,芝,1400,左,晴,良,"4回 中京 5日目 サラ系３歳以上 １勝クラス       (混)[指] 定量 18頭 本賞金:800,320,200,120,80万円",18,800.0,4,5,9,ソルトクィーン,牝,3,52.0,▲柴田裕,81.4,1/2,2,5.4,35.7,2-1,栗東 武英,442,-4,
202407040512,2024-12-14,中京,12,3歳以上1勝クラス,芝,1400,左,晴,良,"4回 中京 5日目 サラ系３歳以上 １勝クラス       (混)[指] 定量 18頭 本賞金:800,320,200,120,80万円",18,800.0,5,4,8,レオンバローズ,牡,5,58.0,丸山,81.8,2.1/2,9,33.7,34.9,15-15,栗東 渡辺,480,0,
202407040512,2024-12-14,中京,12,3歳以上1勝クラス,芝,1400,左,晴,良,"4回 中京 5日目 サラ系３歳以上 １勝クラス       (混)[指] 定量 18頭 本賞金:800,320,200,120,80万円",18,800.0,6,7,13,ソングオブライフ,牡,3,57.0,国分恭,81.9,1/2,7,13.8,36.2,2-2,栗東 森田,502,0,
202407040512,2024-12-14,中京,12,3歳以上1勝クラス,芝,1400,左,晴,良,"4回 中京 5日目 サラ系３歳以上 １勝クラス       (混)[指] 定量 18頭 本賞金:800,320,200,120,80万円",18,800.0,7,2,3,グリーズマン,牡,3,57.0,鮫島駿,82.0,1/2,3,5.7,35.4,13-11,栗東 小栗,504,-6,
202407040512,2024-12-14,中京,12,3歳以上1勝クラス,芝,1400,左,晴,良,"4回 中京 5日目 サラ系３歳以上 １勝クラス       (混)[指] 定量 18頭 本賞金:800,320,200,120,80万円",18,800.0,8,6,11,アンテロース,牡,4,57.0,☆田口,82.6,4,12,53.4,35.4,18-18,栗東 岡田,458,8,
202407040512,2024-12-14,中京,12,3歳以上1勝クラス,芝,1400,左,晴,良,"4回 中京 5日目 サラ系３歳以上 １勝クラス       (混)[指] 定量 18頭 本賞金:800,320,200,120,80万円",18,800.0,9,1,1,メイショウオオミネ,牡,4,57.0,☆小沢,82.7,クビ,14,142.4,36.8,4-4,栗東 石橋,446,10,
202407040512,2024-12-14,中京,12,3歳以上1勝クラス,芝,1400,左,晴,良,"4回 中京 5日目 サラ系３歳以上 １勝クラス       (混)[指] 定量 18頭 本賞金:800,320,200,120,80万円",18,800.0,10,8,18,ダノンモンテローザ,セ,3,57.0,長岡,82.8,1/2,10,41.2,36.8,4-4,栗東 茶木,498,-8,
202407040512,2024-12-14,中京,12,3歳以上1勝クラス,芝,1400,左,晴,良,"4回 中京 5日目 サラ系３歳以上 １勝クラス       (混)[指] 定量 18頭 本賞金:800,320,200,120,80万円",18,800.0,11,4,7,ベランジェール,牝,3,55.0,杉原,82.8,クビ,6,13.1,36.1,13-14,美浦 木村,462,2,
202407040512,2024-12-14,中京,12,3歳以上1勝クラス,芝,1400,左,晴,良,"4回 中京 5日目 サラ系３歳以上 １勝クラス       (混)[指] 定量 18頭 本賞金:800,320,200,120,80万円",18,800.0,12,8,17,グローブアマランス,牝,3,53.0,△高杉,82.9,クビ,8,17.7,36.0,15-15,栗東 中尾,466,12,
202407040512,2024-12-14,中京,12,3歳以上1勝クラス,芝,1400,左,晴,良,"4回 中京 5日目 サラ系３歳以上 １勝クラス       (混)[指] 定量 18頭 本賞金:800,320,200,120,80万円",18,800.0,13,1,2,ジュントネフ,牡,3,56.0,☆西塚,82.9,クビ,11,49.4,36.5,10-10,栗東 清水久,510,4,
202407040512,2024-12-14,中京,12,3歳以上1勝クラス,芝,1400,左,晴,良,"4回 中京 5日目 サラ系３歳以上 １勝クラス       (混)[指] 定量 18頭 本賞金:800,320,200,120,80万円",18,800.0,14,3,5,マランジュ,牝,4,56.0,藤懸,82.9,ハナ,17,202.4,36.0,17-15,栗東 田中克,442,-2,
202407040512,2024-12-14,中京,12,3歳以上1勝クラス,芝,1400,左,晴,良,"4回 中京 5日目 サラ系３歳以上 １勝クラス       (混)[指] 定量 18頭 本賞金:800,320,200,120,80万円",18,800.0,15,7,14,トンジンチ,牝,4,53.0,▲今村,83.0,クビ,13,59.2,36.4,12-11,栗東 福永,464,-4,
202407040512,2024-12-14,中京,12,3歳以上1勝クラス,芝,1400,左,晴,良,"4回 中京 5日目 サラ系３歳以上 １勝クラス       (混)[指] 定量 18頭 本賞金:800,320,200,120,80万円",18,800.0,16,8,16,ガットネロ,牝,4,56.0,岩田康,83.0,クビ,5,10.7,36.8,9-7,栗東 上村,490,2,
202407040512,2024-12-14,中京,12,3歳以上1勝クラス,芝,1400,左,晴,良,"4回 中京 5日目 サラ系３歳以上 １勝クラス       (混)[指] 定量 18頭 本賞金:800,320,200,120,80万円",18,800.0,17,5,10,ライズタイガ,牡,3,57.0,原田和,84.4,8,18,311.7,38.1,7-7,美浦 小野,450,-15,
202407040512,2024-12-14,中京,12,3歳以上1勝クラス,芝,1400,左,晴,良,"4回 中京 5日目 サラ系３歳以上 １勝クラス       (混)[指] 定量 18頭 本賞金:800,320,200,120,80万円",18,800.0,18,7,15,キングヴァージル,牡,3,56.0,☆松本,84.4,クビ,16,184.0,38.6,1-2,美浦 田島,494,0,
202408070501,2024-12-14,京都,1,2歳未勝利,ダ,1200,右,小雨,良,"7回 京都 5日目 サラ系２歳 未勝利       [指] 馬齢 15頭 本賞金:550,220,140,83,55万円",15,550.0,1,4,6,ショウナンアトレ,牡,2,56.0,松山,74.2,,3,5.8,37.7,11-8,栗東 梅田,464,2,
202408070501,2024-12-14,京都,1,2歳未勝利,ダ,1200,右,小雨,良,"7回 京都 5日目 サラ系２歳 未勝利       [指] 馬齢 15頭 本賞金:550,220,140,83,55万円",15,550.0,2,8,14,カフェロワイヤル,牝,2,55.0,岩田望,74.3,3/4,1,2.6,38.8,1-2,栗東 小林,468,2,
202408070501,2024-12-14,京都,1,2歳未勝利,ダ,1200,右,小雨,良,"7回 京都 5日目 サラ系２歳 未勝利       [指] 馬齢 15頭 本賞金:550,220,140,83,55万円",15,550.0,3,8,15,タガノテツ,牡,2,56.0,田中健,74.3,クビ,9,24.2,37.7,10-7,栗東 荒川,458,2,
202408070501,2024-12-14,京都,1,2歳未勝利,ダ,1200,右,小雨,良,"7回 京都 5日目 サラ系２歳 未勝利       [指] 馬齢 15頭 本賞金:550,220,140,83,55万円",15,550.0,4,1,1,リードプリンシパル,牝,2,55.0,荻野琢,74.3,ハナ,2,3.9,37.0,13-13,栗東 藤沢,458,2,
202408070501,2024-12-14,京都,1,2歳未勝利,ダ,1200,右,小雨,良,"7回 京都 5日目 サラ系２歳 未勝利       [指] 馬齢 15頭 本賞金:550,220,140,83,55万円",15,550.0,5,6,11,アースノイド,牡,2,56.0,川又,74.8,3,7,20.6,38.7,5-5,栗東 杉山佳,464,4,
202408070501,2024-12-14,京都,1,2歳未勝利,ダ,1200,右,小雨,良,"7回 京都 5日目 サラ系２歳 未勝利       [指] 馬齢 15頭 本賞金:550,220,140,83,55万円",15,550.0,6,2,2,サマーブライド,牝,2,55.0,秋山稔,74.9,クビ,15,463.1,37.3,14-14,美浦 的場,448,2,
202408070501,2024-12-14,京都,1,2歳未勝利,ダ,1200,右,小雨,良,"7回 京都 5日目 サラ系２歳 未勝利       [指] 馬齢 15頭 本賞金:550,220,140,83,55万円",15,550.0,7,4,7,キャリーグレイス,牝,2,55.0,坂井,75.2,1.3/4,10,27.5,39.7,2-1,栗東 寺島,450,0,
202408070501,2024-12-14,京都,1,2歳未勝利,ダ,1200,右,小雨,良,"7回 京都 5日目 サラ系２歳 未勝利       [指] 馬齢 15頭 本賞金:550,220,140,83,55万円",15,550.0,8,5,8,ミキノバカラ,牡,2,56.0,幸,75.4,1.1/4,4,12.6,39.7,3-3,栗東 大橋,478,2,
202408070501,2024-12-14,京都,1,2歳未勝利,ダ,1200,右,小雨,良,"7回 京都 5日目 サラ系２歳 未勝利       [指] 馬齢 15頭 本賞金:550,220,140,83,55万円",15,550.0,9,2,3,メイショウアオコチ,牡,2,56.0,浜中,75.4,クビ,8,22.8,38.3,12-11,栗東 飯田,466,-4,
202408070501,2024-12-14,京都,1,2歳未勝利,ダ,1200,右,小雨,良,"7回 京都 5日目 サラ系２歳 未勝利       [指] 馬齢 15頭 本賞金:550,220,140,83,55万円",15,550.0,10,3,4,ブルドッグワイルド,牡,2,56.0,酒井,75.8,2.1/2,13,69.4,39.7,5-5,栗東 西園正,472,0,
202408070501,2024-12-14,京都,1,2歳未勝利,ダ,1200,右,小雨,良,"7回 京都 5日目 サラ系２歳 未勝利       [指] 馬齢 15頭 本賞金:550,220,140,83,55万円",15,550.0,11,5,9,サウンドモリアーナ,牝,2,55.0,武豊,75.9,クビ,5,14.0,40.3,3-3,栗東 武英,446,-10,
202408070501,2024-12-14,京都,1,2歳未勝利,ダ,1200,右,小雨,良,"7回 京都 5日目 サラ系２歳 未勝利       [指] 馬齢 15頭 本賞金:550,220,140,83,55万円",15,550.0,12,7,13,ビービープリメーロ,牝,2,53.0,△吉村,76.2,1.1/2,11,31.0,39.8,8-10,栗東 角田,442,14,
202408070501,2024-12-14,京都,1,2歳未勝利,ダ,1200,右,小雨,良,"7回 京都 5日目 サラ系２歳 未勝利       [指] 馬齢 15頭 本賞金:550,220,140,83,55万円",15,550.0,13,7,12,テイエムダイスター,牝,2,55.0,角田和,76.5,2,12,68.4,40.1,8-11,栗東 木原,446,16,
202408070501,2024-12-14,京都,1,2歳未勝利,ダ,1200,右,小雨,良,"7回 京都 5日目 サラ系２歳 未勝利       [指] 馬齢 15頭 本賞金:550,220,140,83,55万円",15,550.0,14,6,10,コルネイユドール,牝,2,55.0,団野,76.6,1/2,6,15.0,40.5,5-8,栗東 千田,460,0,
202408070501,2024-12-14,京都,1,2歳未勝利,ダ,1200,右,小雨,良,"7回 京都 5日目 サラ系２歳 未勝利       [指] 馬齢 15頭 本賞金:550,220,140,83,55万円",15,550.0,,3,5,リノベーション,牡,2,56.0,石神深,,,14,255.3,,,美浦 青木,460,0,中止
202408070502,2024-12-14,京都,2,2歳未勝利,ダ,1800,右,小雨,良,"7回 京都 5日目 サラ系２歳 未勝利       [指] 馬齢 12頭 本賞金:550,220,140,83,55万円",12,550.0,1,8,12,ヒフミバンダム,セ,2,54.0,△吉村,116.2,,5,21.6,39.0,4-4-4-7,栗東 小栗,472,0,
202408070502,2024-12-14,京都,2,2歳未勝利,ダ,1800,右,小雨,良,"7回 京都 5日目 サラ系２歳 未勝利       [指] 馬齢 12頭 本賞金:550,220,140,83,55万円",12,550.0,2,6,7,スメラギ,セ,2,56.0,酒井,116.5,1.3/4,4,10.9,39.5,2-2-2-2,栗東 宮地,482,2,
202408070502,2024-12-14,京都,2,2歳未勝利,ダ,1800,右,小雨,良,"7回 京都 5日目 サラ系２歳 未勝利       [指] 馬齢 12頭 本賞金:550,220,140,83,55万円",12,550.0,3,8,11,テクノグルーヴ,牡,2,56.0,幸,116.6,1/2,7,48.2,39.4,8-8-4-4,栗東 宮本,484,-2,
202408070502,2024-12-14,京都,2,2歳未勝利,ダ,1800,右,小雨,良,"7回 京都 5日目 サラ系２歳 未勝利       [指] 馬齢 12頭 本賞金:550,220,140,83,55万円",12,550.0,4,1,1,コパノオーランド,牡,2,56.0,団野,116.6,アタマ,8,80.5,39.8,1-1-1-1,栗東 村山,486,2,
202408070502,2024-12-14,京都,2,2歳未勝利,ダ,1800,右,小雨,良,"7回 京都 5日目 サラ系２歳 未勝利       [指] 馬齢 12頭 本賞金:550,220,140,83,55万円",12,550.0,5,6,8,トモジャイブ,牡,2,56.0,国分優,116.7,クビ,2,2.5,39.2,9-9-8-8,栗東 大根田,482,0,
202408070502,2024-12-14,京都,2,2歳未勝利,ダ,1800,右,小雨,良,"7回 京都 5日目 サラ系２歳 未勝利       [指] 馬齢 12頭 本賞金:550,220,140,83,55万円",12,550.0,6,5,6,サイモンシュバリエ,牡,2,56.0,川須,116.7,ハナ,9,88.1,39.5,5-4-4-4,栗東 梅田,480,-2,
202408070502,2024-12-14,京都,2,2歳未勝利,ダ,1800,右,小雨,良,"7回 京都 5日目 サラ系２歳 未勝利       [指] 馬齢 12頭 本賞金:550,220,140,83,55万円",12,550.0,7,5,5,サントモナルカ,牡,2,56.0,Ｍデム,116.8,3/4,3,6.0,39.6,6-6-4-4,栗東 平田,452,2,
202408070502,2024-12-14,京都,2,2歳未勝利,ダ,1800,右,小雨,良,"7回 京都 5日目 サラ系２歳 未勝利       [指] 馬齢 12頭 本賞金:550,220,140,83,55万円",12,550.0,8,3,3,ノボリユーミン,牝,2,55.0,坂井,116.9,クビ,6,27.9,38.9,12-12-10-10,栗東 石橋,482,6,
202408070502,2024-12-14,京都,2,2歳未勝利,ダ,1800,右,小雨,良,"7回 京都 5日目 サラ系２歳 未勝利       [指] 馬齢 12頭 本賞金:550,220,140,83,55万円",12,550.0,9,2,2,グティ,牡,2,56.0,川田,117.1,1.1/4,1,2.1,40.1,2-2-2-2,栗東 友道,514,8,
202408070502,2024-12-14,京都,2,2歳未勝利,ダ,1800,右,小雨,良,"7回 京都 5日目 サラ系２歳 未勝利       [指] 馬齢 12頭 本賞金:550,220,140,83,55万円",12,550.0,10,4,4,シュガープリンセス,牝,2,55.0,草野,118.3,7,11,400.1,40.0,10-10-11-11,美浦 萱野,420,-6,
202408070502,2024-12-14,京都,2,2歳未勝利,ダ,1800,右,小雨,良,"7回 京都 5日目 サラ系２歳 未勝利       [指] 馬齢 12頭 本賞金:550,220,140,83,55万円",12,550.0,11,7,10,ポルトセグロ,牡,2,56.0,吉田隼,118.5,1,10,110.3,41.0,7-6-8-8,栗東 吉田,514,40,
202408070502,2024-12-14,京都,2,2歳未勝利,ダ,1800,右,小雨,良,"7回 京都 5日目 サラ系２歳 未勝利       [指] 馬齢 12頭 本賞金:550,220,140,83,55万円",12,550.0,12,7,9,グレイトフルトップ,セ,2,53.0,▲鷲頭,120.3,大,12,558.5,41.3,10-11-12-12,美浦 天間,448,0,
202408070503,2024-12-14,京都,3,2歳未勝利,芝,1200,右,曇,良,"7回 京都 5日目 サラ系２歳 未勝利       (混)[指] 馬齢 15頭 本賞金:550,220,140,83,55万円",15,550.0,1,7,13,スピリットライズ,セ,2,56.0,坂井,69.4,,3,6.0,34.7,2-2,栗東 高柳大,440,-4,
202408070503,2024-12-14,京都,3,2歳未勝利,芝,1200,右,曇,良,"7回 京都 5日目 サラ系２歳 未勝利       (混)[指] 馬齢 15頭 本賞金:550,220,140,83,55万円",15,550.0,2,5,9,ブライティアブーケ,牝,2,55.0,荻野琢,69.5,3/4,12,171.1,34.9,1-1,栗東 小林,442,-10,
202408070503,2024-12-14,京都,3,2歳未勝利,芝,1200,右,曇,良,"7回 京都 5日目 サラ系２歳 未勝利       (混)[指] 馬齢 15頭 本賞金:550,220,140,83,55万円",15,550.0,3,5,8,オンザブルースカイ,牡,2,56.0,酒井,69.5,ハナ,6,23.5,34.3,7-6,栗東 谷,462,-8,
202408070503,2024-12-14,京都,3,2歳未勝利,芝,1200,右,曇,良,"7回 京都 5日目 サラ系２歳 未勝利       (混)[指] 馬齢 15頭 本賞金:550,220,140,83,55万円",15,550.0,4,2,2,モズレイラココナ,牝,2,55.0,団野,69.8,1.3/4,4,11.6,34.5,8-6,栗東 杉山佳,454,-8,
202408070503,2024-12-14,京都,3,2歳未勝利,芝,1200,右,曇,良,"7回 京都 5日目 サラ系２歳 未勝利       (混)[指] 馬齢 15頭 本賞金:550,220,140,83,55万円",15,550.0,5,6,10,タケノリッチ,牝,2,55.0,岩田望,69.9,1,9,106.7,34.9,4-3,栗東 村山,454,2,
202408070503,2024-12-14,京都,3,2歳未勝利,芝,1200,右,曇,良,"7回 京都 5日目 サラ系２歳 未勝利       (混)[指] 馬齢 15頭 本賞金:550,220,140,83,55万円",15,550.0,6,6,11,エイシンパンタレイ,牡,2,56.0,川田,70.0,クビ,1,1.7,34.9,6-6,栗東 中尾,492,4,
202408070503,2024-12-14,京都,3,2歳未勝利,芝,1200,右,曇,良,"7回 京都 5日目 サラ系２歳 未勝利       (混)[指] 馬齢 15頭 本賞金:550,220,140,83,55万円",15,550.0,7,3,4,ヨシノサプライズ,牝,2,55.0,池添,70.0,クビ,8,81.2,34.3,12-12,栗東 中竹,458,-12,
202408070503,2024-12-14,京都,3,2歳未勝利,芝,1200,右,曇,良,"7回 京都 5日目 サラ系２歳 未勝利       (混)[指] 馬齢 15頭 本賞金:550,220,140,83,55万円",15,550.0,8,1,1,スキャットメロディ,牡,2,56.0,角田和,70.1,3/4,7,65.8,34.6,11-9,栗東 中竹,458,2,
202408070503,2024-12-14,京都,3,2歳未勝利,芝,1200,右,曇,良,"7回 京都 5日目 サラ系２歳 未勝利       (混)[指] 馬齢 15頭 本賞金:550,220,140,83,55万円",15,550.0,9,4,7,マサウッドテール,牡,2,54.0,△吉村,70.3,1.1/2,11,144.0,35.3,4-3,栗東 河嶋,462,12,
202408070503,2024-12-14,京都,3,2歳未勝利,芝,1200,右,曇,良,"7回 京都 5日目 サラ系２歳 未勝利       (混)[指] 馬齢 15頭 本賞金:550,220,140,83,55万円",15,550.0,10,3,5,アンダースコア,牡,2,56.0,加藤,70.5,1,2,3.9,34.6,13-14,栗東 庄野,452,-4,
202408070503,2024-12-14,京都,3,2歳未勝利,芝,1200,右,曇,良,"7回 京都 5日目 サラ系２歳 未勝利       (混)[指] 馬齢 15頭 本賞金:550,220,140,83,55万円",15,550.0,11,4,6,ゲッティヴィラ,牡,2,56.0,松山,70.8,2,5,13.2,35.4,8-9,栗東 小栗,452,4,
202408070503,2024-12-14,京都,3,2歳未勝利,芝,1200,右,曇,良,"7回 京都 5日目 サラ系２歳 未勝利       (混)[指] 馬齢 15頭 本賞金:550,220,140,83,55万円",15,550.0,12,2,3,プライムクオリティ,牡,2,56.0,秋山稔,71.0,1.1/4,15,515.1,35.2,13-14,栗東 西園翔,474,-4,
202408070503,2024-12-14,京都,3,2歳未勝利,芝,1200,右,曇,良,"7回 京都 5日目 サラ系２歳 未勝利       (混)[指] 馬齢 15頭 本賞金:550,220,140,83,55万円",15,550.0,13,8,14,ソルトミラクル,牡,2,56.0,藤岡佑,71.3,1.1/2,14,377.5,36.0,8-9,栗東 武英,452,-6,
202408070503,2024-12-14,京都,3,2歳未勝利,芝,1200,右,曇,良,"7回 京都 5日目 サラ系２歳 未勝利       (混)[指] 馬齢 15頭 本賞金:550,220,140,83,55万円",15,550.0,14,7,12,コントリビュート,牡,2,56.0,国分優,71.3,クビ,13,223.4,35.5,13-12,栗東 大根田,478,4,
202408070503,2024-12-14,京都,3,2歳未勝利,芝,1200,右,曇,良,"7回 京都 5日目 サラ系２歳 未勝利       (混)[指] 馬齢 15頭 本賞金:550,220,140,83,55万円",15,550.0,15,8,15,ハイヌーンチェコ,牝,2,55.0,幸,74.8,大,10,111.2,39.9,3-5,栗東 畑端,448,4,
202408070504,2024-12-14,京都,4,3歳以上障害OP,障,3170,,曇,良,"7回 京都 5日目 障害３歳以上 オープン       (混) 別定 10頭 本賞金:1350,540,340,200,135万円",10,1350.0,1,5,5,インディゴブラック,セ,5,60.0,小坂,215.9,,6,15.6,13.6,1-1-2-2,栗東 奥村豊,524,8,
202408070504,2024-12-14,京都,4,3歳以上障害OP,障,3170,,曇,良,"7回 京都 5日目 障害３歳以上 オープン       (混) 別定 10頭 本賞金:1350,540,340,200,135万円",10,1350.0,2,7,8,ケンアンビシャス,牡,6,60.0,草野,216.1,1,8,36.8,13.6,2-2-1-1,美浦 久保田,482,-2,
202408070504,2024-12-14,京都,4,3歳以上障害OP,障,3170,,曇,良,"7回 京都 5日目 障害３歳以上 オープン       (混) 別定 10頭 本賞金:1350,540,340,200,135万円",10,1350.0,3,1,1,エンデュミオン,牡,7,62.0,小野寺,216.4,2,4,14.4,13.7,6-6-6-5,栗東 清水久,464,2,
202408070504,2024-12-14,京都,4,3歳以上障害OP,障,3170,,曇,良,"7回 京都 5日目 障害３歳以上 オープン       (混) 別定 10頭 本賞金:1350,540,340,200,135万円",10,1350.0,4,7,7,トランシルヴァニア,セ,7,60.0,上野,217.0,3.1/2,7,31.4,13.7,4-4-3-3,美浦 田中剛,504,6,
202408070504,2024-12-14,京都,4,3歳以上障害OP,障,3170,,曇,良,"7回 京都 5日目 障害３歳以上 オープン       (混) 別定 10頭 本賞金:1350,540,340,200,135万円",10,1350.0,5,3,3,ルリアン,牡,7,60.0,小牧加,217.3,2,1,1.5,13.7,5-5-5-5,栗東 佐々木,520,4,
202408070504,2024-12-14,京都,4,3歳以上障害OP,障,3170,,曇,良,"7回 京都 5日目 障害３歳以上 オープン       (混) 別定 10頭 本賞金:1350,540,340,200,135万円",10,1350.0,6,2,2,ブリヨンカズマ,牡,5,60.0,伴,218.3,6,5,14.6,13.8,9-9-7-7,美浦 高橋文,528,2,
202408070504,2024-12-14,京都,4,3歳以上障害OP,障,3170,,曇,良,"7回 京都 5日目 障害３歳以上 オープン       (混) 別定 10頭 本賞金:1350,540,340,200,135万円",10,1350.0,7,8,10,エターナリー,牡,7,60.0,石神深,218.4,3/4,2,4.7,13.8,3-3-3-4,美浦 池上,468,6,
202408070504,2024-12-14,京都,4,3歳以上障害OP,障,3170,,曇,良,"7回 京都 5日目 障害３歳以上 オープン       (混) 別定 10頭 本賞金:1350,540,340,200,135万円",10,1350.0,8,4,4,クラップサンダー,牡,5,60.0,黒岩,219.4,6,3,8.5,13.8,7-7-8-8,栗東 牧田,464,-8,
202408070504,2024-12-14,京都,4,3歳以上障害OP,障,3170,,曇,良,"7回 京都 5日目 障害３歳以上 オープン       (混) 別定 10頭 本賞金:1350,540,340,200,135万円",10,1350.0,9,8,9,ピンポイントドロー,牡,4,60.0,五十嵐,220.9,9,9,55.2,13.9,10-10-10-10,美浦 宗像,494,4,
202408070504,2024-12-14,京都,4,3歳以上障害OP,障,3170,,曇,良,"7回 京都 5日目 障害３歳以上 オープン       (混) 別定 10頭 本賞金:1350,540,340,200,135万円",10,1350.0,10,6,6,クリノサンシャイン,牝,7,58.0,江田勇,223.1,大,10,197.1,14.1,8-8-9-9,美浦 石毛,458,6,
202408070505,2024-12-14,京都,5,2歳新馬,芝,2000,右,曇,良,"7回 京都 5日目 サラ系２歳 新馬       (混)[指] 馬齢 10頭 本賞金:720,290,180,110,72万円",10,720.0,1,3,3,メディテラニアン,牡,2,56.0,坂井,122.6,,1,2.1,35.3,4-4-5-2,栗東 池江,462,0,
202408070505,2024-12-14,京都,5,2歳新馬,芝,2000,右,曇,良,"7回 京都 5日目 サラ系２歳 新馬       (混)[指] 馬齢 10頭 本賞金:720,290,180,110,72万円",10,720.0,2,8,10,ルージュスティーズ,牝,2,55.0,団野,122.6,クビ,5,16.8,35.1,7-6-7-5,栗東 斉藤崇,474,0,
202408070505,2024-12-14,京都,5,2歳新馬,芝,2000,右,曇,良,"7回 京都 5日目 サラ系２歳 新馬       (混)[指] 馬齢 10頭 本賞金:720,290,180,110,72万円",10,720.0,3,2,2,ディスパラール,牝,2,55.0,Ｍデム,122.6,ハナ,7,45.1,34.9,8-8-9-8,栗東 斉藤崇,428,0,
202408070505,2024-12-14,京都,5,2歳新馬,芝,2000,右,曇,良,"7回 京都 5日目 サラ系２歳 新馬       (混)[指] 馬齢 10頭 本賞金:720,290,180,110,72万円",10,720.0,4,1,1,サトノソティラス,牡,2,56.0,幸,122.9,1.3/4,6,22.5,35.5,4-6-5-5,栗東 池江,494,0,
202408070505,2024-12-14,京都,5,2歳新馬,芝,2000,右,曇,良,"7回 京都 5日目 サラ系２歳 新馬       (混)[指] 馬齢 10頭 本賞金:720,290,180,110,72万円",10,720.0,5,6,6,ベラジオガルフ,牡,2,56.0,岩田望,123.0,3/4,3,9.1,35.9,4-4-1-2,栗東 上村,470,0,
202408070505,2024-12-14,京都,5,2歳新馬,芝,2000,右,曇,良,"7回 京都 5日目 サラ系２歳 新馬       (混)[指] 馬齢 10頭 本賞金:720,290,180,110,72万円",10,720.0,6,8,9,グレートシール,牡,2,56.0,川田,123.5,3,2,2.2,36.3,1-1-2-1,栗東 中内田,506,0,
202408070505,2024-12-14,京都,5,2歳新馬,芝,2000,右,曇,良,"7回 京都 5日目 サラ系２歳 新馬       (混)[指] 馬齢 10頭 本賞金:720,290,180,110,72万円",10,720.0,7,7,8,セルリアンドロップ,牡,2,56.0,秋山稔,123.6,1/2,9,168.1,36.0,10-10-7-8,栗東 宮,466,0,
202408070505,2024-12-14,京都,5,2歳新馬,芝,2000,右,曇,良,"7回 京都 5日目 サラ系２歳 新馬       (混)[指] 馬齢 10頭 本賞金:720,290,180,110,72万円",10,720.0,8,5,5,ランドプリメーロ,牡,2,56.0,国分優,123.9,1.3/4,10,217.7,36.6,2-3-4-5,栗東 安達,478,0,
202408070505,2024-12-14,京都,5,2歳新馬,芝,2000,右,曇,良,"7回 京都 5日目 サラ系２歳 新馬       (混)[指] 馬齢 10頭 本賞金:720,290,180,110,72万円",10,720.0,9,4,4,ミッドタウンナイト,牝,2,53.0,△吉村,124.3,2.1/2,8,120.8,36.5,9-9-9-10,栗東 河嶋,480,0,
202408070505,2024-12-14,京都,5,2歳新馬,芝,2000,右,曇,良,"7回 京都 5日目 サラ系２歳 新馬       (混)[指] 馬齢 10頭 本賞金:720,290,180,110,72万円",10,720.0,10,7,7,ジーティーハート,牝,2,55.0,松山,124.4,1,4,12.9,37.2,2-2-2-2,栗東 渡辺,450,0,
202408070506,2024-12-14,京都,6,2歳新馬,ダ,1200,右,曇,良,"7回 京都 5日目 サラ系２歳 新馬       (混)[指] 馬齢 14頭 本賞金:720,290,180,110,72万円",14,720.0,1,5,7,ペイシャヴァルツー,牝,2,55.0,団野,73.2,,4,11.6,36.8,1-1,栗東 吉田,446,0,
202408070506,2024-12-14,京都,6,2歳新馬,ダ,1200,右,曇,良,"7回 京都 5日目 サラ系２歳 新馬       (混)[指] 馬齢 14頭 本賞金:720,290,180,110,72万円",14,720.0,2,8,13,ベルトネ,牝,2,55.0,Ｍデム,74.7,9,3,11.4,37.2,8-8,美浦 牧,492,0,
202408070506,2024-12-14,京都,6,2歳新馬,ダ,1200,右,曇,良,"7回 京都 5日目 サラ系２歳 新馬       (混)[指] 馬齢 14頭 本賞金:720,290,180,110,72万円",14,720.0,3,5,8,タイムイズマネー,牡,2,56.0,岩田望,74.7,クビ,1,1.5,37.9,3-3,栗東 西村,464,0,
202408070506,2024-12-14,京都,6,2歳新馬,ダ,1200,右,曇,良,"7回 京都 5日目 サラ系２歳 新馬       (混)[指] 馬齢 14頭 本賞金:720,290,180,110,72万円",14,720.0,4,4,6,カラーズリング,牝,2,53.0,△吉村,75.3,3.1/2,7,25.2,38.2,5-5,栗東 羽月,396,0,
202408070506,2024-12-14,京都,6,2歳新馬,ダ,1200,右,曇,良,"7回 京都 5日目 サラ系２歳 新馬       (混)[指] 馬齢 14頭 本賞金:720,290,180,110,72万円",14,720.0,5,7,12,モズケイスター,牡,2,56.0,池添,75.3,クビ,8,46.4,37.0,11-11,栗東 高柳大,458,0,
202408070506,2024-12-14,京都,6,2歳新馬,ダ,1200,右,曇,良,"7回 京都 5日目 サラ系２歳 新馬       (混)[指] 馬齢 14頭 本賞金:720,290,180,110,72万円",14,720.0,6,6,9,モズボーン,牝,2,55.0,坂井,75.5,1,5,14.2,38.9,2-2,美浦 加藤征,432,0,
202408070506,2024-12-14,京都,6,2歳新馬,ダ,1200,右,曇,良,"7回 京都 5日目 サラ系２歳 新馬       (混)[指] 馬齢 14頭 本賞金:720,290,180,110,72万円",14,720.0,7,1,1,アツィオーネ,牝,2,55.0,松山,75.6,3/4,2,5.2,38.5,5-5,栗東 西園正,476,0,
202408070506,2024-12-14,京都,6,2歳新馬,ダ,1200,右,曇,良,"7回 京都 5日目 サラ系２歳 新馬       (混)[指] 馬齢 14頭 本賞金:720,290,180,110,72万円",14,720.0,8,6,10,グルナルーフス,牡,2,56.0,吉田隼,75.7,1/2,6,17.3,37.9,10-9,美浦 中川,500,0,
202408070506,2024-12-14,京都,6,2歳新馬,ダ,1200,右,曇,良,"7回 京都 5日目 サラ系２歳 新馬       (混)[指] 馬齢 14頭 本賞金:720,290,180,110,72万円",14,720.0,9,2,2,ダンツリーザ,牝,2,55.0,酒井,75.8,3/4,11,108.9,39.0,3-3,栗東 谷,424,0,
202408070506,2024-12-14,京都,6,2歳新馬,ダ,1200,右,曇,良,"7回 京都 5日目 サラ系２歳 新馬       (混)[指] 馬齢 14頭 本賞金:720,290,180,110,72万円",14,720.0,10,8,14,ランドブレイブ,牡,2,56.0,角田和,76.5,4,9,63.5,37.5,12-12,栗東 安達,492,0,
202408070506,2024-12-14,京都,6,2歳新馬,ダ,1200,右,曇,良,"7回 京都 5日目 サラ系２歳 新馬       (混)[指] 馬齢 14頭 本賞金:720,290,180,110,72万円",14,720.0,11,7,11,スマートジュディ,牝,2,55.0,幸,77.3,5,10,78.4,40.2,5-5,栗東 角田,414,0,
202408070506,2024-12-14,京都,6,2歳新馬,ダ,1200,右,曇,良,"7回 京都 5日目 サラ系２歳 新馬       (混)[指] 馬齢 14頭 本賞金:720,290,180,110,72万円",14,720.0,12,3,3,トーアグッドラック,牡,2,56.0,秋山稔,77.3,アタマ,12,121.5,36.9,13-13,栗東 村山,472,0,
202408070506,2024-12-14,京都,6,2歳新馬,ダ,1200,右,曇,良,"7回 京都 5日目 サラ系２歳 新馬       (混)[指] 馬齢 14頭 本賞金:720,290,180,110,72万円",14,720.0,13,4,5,ロマンティー,牝,2,55.0,川須,77.8,3,13,238.9,40.3,8-9,栗東 茶木,466,0,
202408070506,2024-12-14,京都,6,2歳新馬,ダ,1200,右,曇,良,"7回 京都 5日目 サラ系２歳 新馬       (混)[指] 馬齢 14頭 本賞金:720,290,180,110,72万円",14,720.0,14,3,4,ライブリキングダム,牡,2,53.0,▲鷲頭,81.0,大,14,344.0,38.7,14-14,栗東 石橋,436,0,
202408070507,2024-12-14,京都,7,2歳未勝利,芝,1800,右,曇,良,"7回 京都 5日目 サラ系２歳 未勝利       牝[指] 馬齢 18頭 本賞金:550,220,140,83,55万円",18,550.0,1,5,9,パラディレーヌ,牝,2,55.0,岩田望,107.6,,1,3.3,35.4,2-2,栗東 千田,498,-2,
202408070507,2024-12-14,京都,7,2歳未勝利,芝,1800,右,曇,良,"7回 京都 5日目 サラ系２歳 未勝利       牝[指] 馬齢 18頭 本賞金:550,220,140,83,55万円",18,550.0,2,4,8,アイスモント,牝,2,55.0,池添,108.3,4,10,90.6,35.6,9-9,栗東 宮本,442,0,
202408070507,2024-12-14,京都,7,2歳未勝利,芝,1800,右,曇,良,"7回 京都 5日目 サラ系２歳 未勝利       牝[指] 馬齢 18頭 本賞金:550,220,140,83,55万円",18,550.0,3,4,7,パスコード,牝,2,53.0,△吉村,108.4,クビ,7,13.6,35.6,10-11,栗東 高柳大,430,-6,
202408070507,2024-12-14,京都,7,2歳未勝利,芝,1800,右,曇,良,"7回 京都 5日目 サラ系２歳 未勝利       牝[指] 馬齢 18頭 本賞金:550,220,140,83,55万円",18,550.0,4,3,6,メイショウハダル,牝,2,55.0,武豊,108.4,アタマ,6,10.2,35.9,5-4,栗東 河内,430,-2,
202408070507,2024-12-14,京都,7,2歳未勝利,芝,1800,右,曇,良,"7回 京都 5日目 サラ系２歳 未勝利       牝[指] 馬齢 18頭 本賞金:550,220,140,83,55万円",18,550.0,5,5,10,テレプシコーラ,牝,2,55.0,Ｍデム,108.4,ハナ,9,32.8,34.6,17-16,栗東 坂口,404,-2,
202408070507,2024-12-14,京都,7,2歳未勝利,芝,1800,右,曇,良,"7回 京都 5日目 サラ系２歳 未勝利       牝[指] 馬齢 18頭 本賞金:550,220,140,83,55万円",18,550.0,6,7,14,チェルビアット,牝,2,55.0,坂井,108.5,1/2,3,5.5,35.9,5-9,栗東 高野,486,2,
202408070507,2024-12-14,京都,7,2歳未勝利,芝,1800,右,曇,良,"7回 京都 5日目 サラ系２歳 未勝利       牝[指] 馬齢 18頭 本賞金:550,220,140,83,55万円",18,550.0,7,2,4,アメージングハナビ,牝,2,55.0,横山典,108.5,ハナ,4,7.2,35.8,10-7,栗東 昆,478,-12,
202408070507,2024-12-14,京都,7,2歳未勝利,芝,1800,右,曇,良,"7回 京都 5日目 サラ系２歳 未勝利       牝[指] 馬齢 18頭 本賞金:550,220,140,83,55万円",18,550.0,8,6,12,ミノリッチマイヤー,牝,2,55.0,川田,108.5,クビ,5,7.7,36.2,2-3,栗東 上村,448,2,
202408070507,2024-12-14,京都,7,2歳未勝利,芝,1800,右,曇,良,"7回 京都 5日目 サラ系２歳 未勝利       牝[指] 馬齢 18頭 本賞金:550,220,140,83,55万円",18,550.0,9,1,1,チャットケリー,牝,2,55.0,酒井,108.7,1.1/4,14,251.0,35.6,16-14,栗東 緒方,426,-4,
202408070507,2024-12-14,京都,7,2歳未勝利,芝,1800,右,曇,良,"7回 京都 5日目 サラ系２歳 未勝利       牝[指] 馬齢 18頭 本賞金:550,220,140,83,55万円",18,550.0,9,8,17,ウインシャーガス,牝,2,55.0,松山,108.7,1.1/4,8,21.0,36.2,5-7,栗東 杉山晴,478,-6,
202408070507,2024-12-14,京都,7,2歳未勝利,芝,1800,右,曇,良,"7回 京都 5日目 サラ系２歳 未勝利       牝[指] 馬齢 18頭 本賞金:550,220,140,83,55万円",18,550.0,11,3,5,メイショウサノサ,牝,2,55.0,加藤,109.2,3,17,453.4,36.2,13-11,栗東 庄野,422,2,
202408070507,2024-12-14,京都,7,2歳未勝利,芝,1800,右,曇,良,"7回 京都 5日目 サラ系２歳 未勝利       牝[指] 馬齢 18頭 本賞金:550,220,140,83,55万円",18,550.0,12,7,15,ハヤブサオヒメサマ,牝,2,55.0,吉田隼,109.2,クビ,12,138.8,36.4,10-11,栗東 渡辺,440,12,
202408070507,2024-12-14,京都,7,2歳未勝利,芝,1800,右,曇,良,"7回 京都 5日目 サラ系２歳 未勝利       牝[指] 馬齢 18頭 本賞金:550,220,140,83,55万円",18,550.0,13,6,11,サーリアル,牝,2,55.0,国分優,109.9,4,13,240.8,37.4,5-4,栗東 宮,426,20,
202408070507,2024-12-14,京都,7,2歳未勝利,芝,1800,右,曇,良,"7回 京都 5日目 サラ系２歳 未勝利       牝[指] 馬齢 18頭 本賞金:550,220,140,83,55万円",18,550.0,14,1,2,ブラックデザイア,牝,2,52.0,▲鷲頭,110.2,1.1/2,18,510.7,37.0,14-14,栗東 杉山佳,374,-8,
202408070507,2024-12-14,京都,7,2歳未勝利,芝,1800,右,曇,良,"7回 京都 5日目 サラ系２歳 未勝利       牝[指] 馬齢 18頭 本賞金:550,220,140,83,55万円",18,550.0,15,8,16,グリンダ,牝,2,55.0,団野,110.2,クビ,15,387.8,38.0,1-1,栗東 小林,434,0,
202408070507,2024-12-14,京都,7,2歳未勝利,芝,1800,右,曇,良,"7回 京都 5日目 サラ系２歳 未勝利       牝[指] 馬齢 18頭 本賞金:550,220,140,83,55万円",18,550.0,16,2,3,マテンロウシルビア,牝,2,55.0,藤岡佑,110.3,クビ,2,4.7,36.0,18-18,栗東 四位,430,6,
202408070507,2024-12-14,京都,7,2歳未勝利,芝,1800,右,曇,良,"7回 京都 5日目 サラ系２歳 未勝利       牝[指] 馬齢 18頭 本賞金:550,220,140,83,55万円",18,550.0,17,8,18,ポルタフェリーチェ,牝,2,55.0,幸,110.9,3.1/2,11,103.4,38.6,2-4,栗東 長谷川,454,6,
202408070507,2024-12-14,京都,7,2歳未勝利,芝,1800,右,曇,良,"7回 京都 5日目 サラ系２歳 未勝利       牝[指] 馬齢 18頭 本賞金:550,220,140,83,55万円",18,550.0,18,7,13,ボルダーオパール,牝,2,55.0,角田和,112.9,大,16,415.3,39.1,15-17,栗東 茶木,470,2,
202408070508,2024-12-14,京都,8,3歳以上1勝クラス,ダ,1800,右,曇,良,"7回 京都 5日目 サラ系３歳以上 １勝クラス       (混)[指] 定量 16頭 本賞金:800,320,200,120,80万円",16,800.0,1,4,7,カネトシゴウト,牡,3,57.0,松山,113.7,,2,5.7,37.5,2-2-2-2,栗東 大橋,466,0,
202408070508,2024-12-14,京都,8,3歳以上1勝クラス,ダ,1800,右,曇,良,"7回 京都 5日目 サラ系３歳以上 １勝クラス       (混)[指] 定量 16頭 本賞金:800,320,200,120,80万円",16,800.0,2,7,14,パカーラン,牡,3,57.0,川田,114.2,3,1,1.6,37.6,5-5-5-6,栗東 藤原,480,2,
202408070508,2024-12-14,京都,8,3歳以上1勝クラス,ダ,1800,右,曇,良,"7回 京都 5日目 サラ系３歳以上 １勝クラス       (混)[指] 定量 16頭 本賞金:800,320,200,120,80万円",16,800.0,3,6,11,ペネトレイトゴー,セ,4,56.0,△吉村,114.6,2.1/2,3,5.9,37.1,16-15-15-15,栗東 森秀,448,0,
202408070508,2024-12-14,京都,8,3歳以上1勝クラス,ダ,1800,右,曇,良,"7回 京都 5日目 サラ系３歳以上 １勝クラス       (混)[指] 定量 16頭 本賞金:800,320,200,120,80万円",16,800.0,4,2,3,テイエムシップ,牡,5,58.0,鮫島良,114.8,1,5,16.0,38.3,3-3-5-5,栗東 河嶋,526,2,
202408070508,2024-12-14,京都,8,3歳以上1勝クラス,ダ,1800,右,曇,良,"7回 京都 5日目 サラ系３歳以上 １勝クラス       (混)[指] 定量 16頭 本賞金:800,320,200,120,80万円",16,800.0,5,6,12,バトンインディ,牡,3,57.0,幸,114.8,アタマ,6,34.1,38.5,3-3-3-3,栗東 安達,458,0,
202408070508,2024-12-14,京都,8,3歳以上1勝クラス,ダ,1800,右,曇,良,"7回 京都 5日目 サラ系３歳以上 １勝クラス       (混)[指] 定量 16頭 本賞金:800,320,200,120,80万円",16,800.0,6,3,6,メイショウトム,牡,3,57.0,角田和,114.9,クビ,13,187.3,39.0,1-1-1-1,栗東 河内,492,0,
202408070508,2024-12-14,京都,8,3歳以上1勝クラス,ダ,1800,右,曇,良,"7回 京都 5日目 サラ系３歳以上 １勝クラス       (混)[指] 定量 16頭 本賞金:800,320,200,120,80万円",16,800.0,7,1,1,タガノエクレール,牝,3,55.0,秋山稔,115.0,1/2,9,64.9,38.7,5-5-3-3,栗東 西園正,466,0,
202408070508,2024-12-14,京都,8,3歳以上1勝クラス,ダ,1800,右,曇,良,"7回 京都 5日目 サラ系３歳以上 １勝クラス       (混)[指] 定量 16頭 本賞金:800,320,200,120,80万円",16,800.0,8,7,13,マテンロウタイム,牡,3,57.0,横山典,115.1,3/4,7,35.8,38.1,10-10-9-10,栗東 昆,480,0,
202408070508,2024-12-14,京都,8,3歳以上1勝クラス,ダ,1800,右,曇,良,"7回 京都 5日目 サラ系３歳以上 １勝クラス       (混)[指] 定量 16頭 本賞金:800,320,200,120,80万円",16,800.0,9,8,16,グディンナ,牝,3,55.0,川須,115.2,3/4,14,210.2,38.0,12-12-12-12,栗東 牧田,424,-2,
202408070508,2024-12-14,京都,8,3歳以上1勝クラス,ダ,1800,右,曇,良,"7回 京都 5日目 サラ系３歳以上 １勝クラス       (混)[指] 定量 16頭 本賞金:800,320,200,120,80万円",16,800.0,10,2,4,ソルアマゾン,牡,3,57.0,岩田望,115.4,3/4,8,62.2,38.6,11-11-9-8,栗東 小栗,456,2,
202408070508,2024-12-14,京都,8,3歳以上1勝クラス,ダ,1800,右,曇,良,"7回 京都 5日目 サラ系３歳以上 １勝クラス       (混)[指] 定量 16頭 本賞金:800,320,200,120,80万円",16,800.0,11,5,9,キタサンシデン,牡,3,57.0,武豊,115.4,クビ,4,9.9,38.3,14-14-12-10,栗東 本田,512,0,
202408070508,2024-12-14,京都,8,3歳以上1勝クラス,ダ,1800,右,曇,良,"7回 京都 5日目 サラ系３歳以上 １勝クラス       (混)[指] 定量 16頭 本賞金:800,320,200,120,80万円",16,800.0,12,1,2,ウインドワンピース,牡,4,58.0,団野,115.5,1/2,11,118.6,39.0,9-8-5-6,栗東 藤沢,504,4,
202408070508,2024-12-14,京都,8,3歳以上1勝クラス,ダ,1800,右,曇,良,"7回 京都 5日目 サラ系３歳以上 １勝クラス       (混)[指] 定量 16頭 本賞金:800,320,200,120,80万円",16,800.0,13,4,8,マリオンエール,牝,6,56.0,酒井,115.8,1.3/4,15,236.1,38.6,12-12-12-12,栗東 安達,492,14,
202408070508,2024-12-14,京都,8,3歳以上1勝クラス,ダ,1800,右,曇,良,"7回 京都 5日目 サラ系３歳以上 １勝クラス       (混)[指] 定量 16頭 本賞金:800,320,200,120,80万円",16,800.0,14,3,5,タナバタ,牡,3,57.0,石神深,115.8,ハナ,10,72.0,38.9,5-5-8-8,美浦 武井,498,0,
202408070508,2024-12-14,京都,8,3歳以上1勝クラス,ダ,1800,右,曇,良,"7回 京都 5日目 サラ系３歳以上 １勝クラス       (混)[指] 定量 16頭 本賞金:800,320,200,120,80万円",16,800.0,15,8,15,ボディブロー,牡,3,57.0,浜中,115.8,ハナ,12,158.1,38.3,14-15-15-15,栗東 森秀,538,-6,
202408070508,2024-12-14,京都,8,3歳以上1勝クラス,ダ,1800,右,曇,良,"7回 京都 5日目 サラ系３歳以上 １勝クラス       (混)[指] 定量 16頭 本賞金:800,320,200,120,80万円",16,800.0,16,5,10,ワープエンジン,牝,3,55.0,草野,116.5,4,16,471.1,39.4,8-8-11-14,美浦 松永康,484,18,
202408070509,2024-12-14,京都,9,深草特別,ダ,1200,右,曇,良,"7回 京都 5日目 サラ系３歳以上 ２勝クラス       [指] 定量 16頭 本賞金:1550,620,390,230,155万円",16,1550.0,1,2,4,ルクスメテオール,牡,4,58.0,浜中,72.2,,1,1.9,35.7,8-5,栗東 小林,490,-10,
202408070509,2024-12-14,京都,9,深草特別,ダ,1200,右,曇,良,"7回 京都 5日目 サラ系３歳以上 ２勝クラス       [指] 定量 16頭 本賞金:1550,620,390,230,155万円",16,1550.0,2,5,10,ムーム,牝,3,55.0,川又,72.4,1.1/4,8,31.6,36.2,3-2,栗東 杉山佳,464,2,
202408070509,2024-12-14,京都,9,深草特別,ダ,1200,右,曇,良,"7回 京都 5日目 サラ系３歳以上 ２勝クラス       [指] 定量 16頭 本賞金:1550,620,390,230,155万円",16,1550.0,3,5,9,サンガネーブ,牡,4,58.0,坂井,72.5,クビ,5,15.1,35.8,11-11,栗東 田中克,502,0,
202408070509,2024-12-14,京都,9,深草特別,ダ,1200,右,曇,良,"7回 京都 5日目 サラ系３歳以上 ２勝クラス       [指] 定量 16頭 本賞金:1550,620,390,230,155万円",16,1550.0,4,6,12,モンドプリューム,牡,4,58.0,藤岡佑,72.7,1.1/2,11,146.9,36.3,4-4,美浦 水野,502,0,
202408070509,2024-12-14,京都,9,深草特別,ダ,1200,右,曇,良,"7回 京都 5日目 サラ系３歳以上 ２勝クラス       [指] 定量 16頭 本賞金:1550,620,390,230,155万円",16,1550.0,5,3,6,パドマ,牝,3,55.0,加藤,72.8,1/2,3,6.1,36.7,1-1,栗東 杉山晴,500,-2,
202408070509,2024-12-14,京都,9,深草特別,ダ,1200,右,曇,良,"7回 京都 5日目 サラ系３歳以上 ２勝クラス       [指] 定量 16頭 本賞金:1550,620,390,230,155万円",16,1550.0,6,6,11,スペシャルナンバー,牡,5,58.0,岩田望,72.9,1/2,7,20.1,36.2,11-11,栗東 西村,508,14,
202408070509,2024-12-14,京都,9,深草特別,ダ,1200,右,曇,良,"7回 京都 5日目 サラ系３歳以上 ２勝クラス       [指] 定量 16頭 本賞金:1550,620,390,230,155万円",16,1550.0,7,2,3,メイショウミシガン,牡,3,57.0,川田,73.1,1.1/4,2,4.4,36.7,4-5,栗東 鮫島,472,10,
202408070509,2024-12-14,京都,9,深草特別,ダ,1200,右,曇,良,"7回 京都 5日目 サラ系３歳以上 ２勝クラス       [指] 定量 16頭 本賞金:1550,620,390,230,155万円",16,1550.0,8,1,2,エブリモーメント,牡,3,57.0,松山,73.1,クビ,4,12.5,36.7,4-5,栗東 牧田,504,8,
202408070509,2024-12-14,京都,9,深草特別,ダ,1200,右,曇,良,"7回 京都 5日目 サラ系３歳以上 ２勝クラス       [指] 定量 16頭 本賞金:1550,620,390,230,155万円",16,1550.0,9,8,16,フレイミングパイ,牝,3,55.0,Ｍデム,73.2,クビ,6,19.6,36.3,11-11,栗東 中竹,440,-10,
202408070509,2024-12-14,京都,9,深草特別,ダ,1200,右,曇,良,"7回 京都 5日目 サラ系３歳以上 ２勝クラス       [指] 定量 16頭 本賞金:1550,620,390,230,155万円",16,1550.0,10,8,15,クルールデュヴァン,牝,5,56.0,吉田隼,73.2,クビ,14,245.5,36.3,14-14,美浦 竹内,502,6,
202408070509,2024-12-14,京都,9,深草特別,ダ,1200,右,曇,良,"7回 京都 5日目 サラ系３歳以上 ２勝クラス       [指] 定量 16頭 本賞金:1550,620,390,230,155万円",16,1550.0,11,7,14,モイラ,牝,3,55.0,幸,73.2,アタマ,9,50.0,36.6,9-8,栗東 鈴木孝,466,2,
202408070509,2024-12-14,京都,9,深草特別,ダ,1200,右,曇,良,"7回 京都 5日目 サラ系３歳以上 ２勝クラス       [指] 定量 16頭 本賞金:1550,620,390,230,155万円",16,1550.0,12,7,13,ペプチドシュチク,牡,3,57.0,酒井,73.4,1.1/4,13,163.5,36.8,9-8,栗東 武英,482,-8,
202408070509,2024-12-14,京都,9,深草特別,ダ,1200,右,曇,良,"7回 京都 5日目 サラ系３歳以上 ２勝クラス       [指] 定量 16頭 本賞金:1550,620,390,230,155万円",16,1550.0,13,4,7,ルアル,牡,5,58.0,国分優,73.6,1.1/4,15,269.0,36.4,15-15,栗東 安達,530,-6,
202408070509,2024-12-14,京都,9,深草特別,ダ,1200,右,曇,良,"7回 京都 5日目 サラ系３歳以上 ２勝クラス       [指] 定量 16頭 本賞金:1550,620,390,230,155万円",16,1550.0,14,4,8,ジューンアース,牝,4,56.0,池添,73.9,1.1/2,10,96.2,37.7,2-2,栗東 飯田,518,-8,
202408070509,2024-12-14,京都,9,深草特別,ダ,1200,右,曇,良,"7回 京都 5日目 サラ系３歳以上 ２勝クラス       [指] 定量 16頭 本賞金:1550,620,390,230,155万円",16,1550.0,15,1,1,アポロプラネット,牡,5,58.0,団野,73.9,アタマ,12,156.2,36.5,16-16,美浦 伊藤圭,500,0,
202408070509,2024-12-14,京都,9,深草特別,ダ,1200,右,曇,良,"7回 京都 5日目 サラ系３歳以上 ２勝クラス       [指] 定量 16頭 本賞金:1550,620,390,230,155万円",16,1550.0,16,3,5,ヴェラリーシャ,牝,3,55.0,角田和,74.7,5,16,370.0,38.3,4-10,美浦 伊藤圭,474,-16,
202408070510,2024-12-14,京都,10,出町特別,ダ,1800,右,曇,良,"7回 京都 5日目 サラ系３歳以上 ２勝クラス       牝[指] 定量 12頭 本賞金:1550,620,390,230,155万円",12,1550.0,1,7,9,ネバーモア,牝,3,55.0,藤岡佑,112.0,,4,5.2,37.5,6-5-2-2,栗東 宮本,492,6,
202408070510,2024-12-14,京都,10,出町特別,ダ,1800,右,曇,良,"7回 京都 5日目 サラ系３歳以上 ２勝クラス       牝[指] 定量 12頭 本賞金:1550,620,390,230,155万円",12,1550.0,2,1,1,ミヤジレガリア,牝,4,56.0,幸,112.9,5,7,36.4,38.2,2-2-3-3,栗東 鈴木孝,500,-4,
202408070510,2024-12-14,京都,10,出町特別,ダ,1800,右,曇,良,"7回 京都 5日目 サラ系３歳以上 ２勝クラス       牝[指] 定量 12頭 本賞金:1550,620,390,230,155万円",12,1550.0,3,3,3,ミッキーマカロン,牝,4,56.0,Ｍデム,113.0,1/2,9,51.3,37.8,5-5-6-6,栗東 大久保,456,6,
202408070510,2024-12-14,京都,10,出町特別,ダ,1800,右,曇,良,"7回 京都 5日目 サラ系３歳以上 ２勝クラス       牝[指] 定量 12頭 本賞金:1550,620,390,230,155万円",12,1550.0,4,4,4,テーオールビー,牝,3,55.0,秋山稔,113.1,クビ,1,2.5,38.4,2-3-3-3,栗東 宮,462,-4,
202408070510,2024-12-14,京都,10,出町特別,ダ,1800,右,曇,良,"7回 京都 5日目 サラ系３歳以上 ２勝クラス       牝[指] 定量 12頭 本賞金:1550,620,390,230,155万円",12,1550.0,5,6,8,ルナビス,牝,4,56.0,松山,113.1,ハナ,2,4.1,38.1,4-4-5-5,栗東 森田,488,2,
202408070510,2024-12-14,京都,10,出町特別,ダ,1800,右,曇,良,"7回 京都 5日目 サラ系３歳以上 ２勝クラス       牝[指] 定量 12頭 本賞金:1550,620,390,230,155万円",12,1550.0,6,5,6,チカミリオン,牝,3,55.0,武豊,113.2,1/2,5,16.5,37.9,7-7-8-7,栗東 大久保,480,2,
202408070510,2024-12-14,京都,10,出町特別,ダ,1800,右,曇,良,"7回 京都 5日目 サラ系３歳以上 ２勝クラス       牝[指] 定量 12頭 本賞金:1550,620,390,230,155万円",12,1550.0,7,8,12,ウインメイフラワー,牝,5,56.0,岩田望,113.5,1.1/2,10,121.5,37.7,11-11-11-11,栗東 梅田,492,2,
202408070510,2024-12-14,京都,10,出町特別,ダ,1800,右,曇,良,"7回 京都 5日目 サラ系３歳以上 ２勝クラス       牝[指] 定量 12頭 本賞金:1550,620,390,230,155万円",12,1550.0,8,2,2,クリニクラウン,牝,4,56.0,荻野琢,113.6,1,8,38.5,37.7,12-12-12-11,美浦 小手川,478,-2,
202408070510,2024-12-14,京都,10,出町特別,ダ,1800,右,曇,良,"7回 京都 5日目 サラ系３歳以上 ２勝クラス       牝[指] 定量 12頭 本賞金:1550,620,390,230,155万円",12,1550.0,9,5,5,ピジョンブラッド,牝,5,56.0,酒井,113.7,クビ,11,290.5,38.2,7-7-9-9,栗東 荒川,504,2,
202408070510,2024-12-14,京都,10,出町特別,ダ,1800,右,曇,良,"7回 京都 5日目 サラ系３歳以上 ２勝クラス       牝[指] 定量 12頭 本賞金:1550,620,390,230,155万円",12,1550.0,10,8,11,ゼットレジーナ,牝,3,55.0,川田,114.1,2.1/2,3,4.4,38.8,9-9-6-7,栗東 吉田,444,6,
202408070510,2024-12-14,京都,10,出町特別,ダ,1800,右,曇,良,"7回 京都 5日目 サラ系３歳以上 ２勝クラス       牝[指] 定量 12頭 本賞金:1550,620,390,230,155万円",12,1550.0,11,7,10,サルサディーバ,牝,5,56.0,川須,114.1,ハナ,12,297.6,38.5,9-9-10-9,栗東 緒方,472,-4,
202408070510,2024-12-14,京都,10,出町特別,ダ,1800,右,曇,良,"7回 京都 5日目 サラ系３歳以上 ２勝クラス       牝[指] 定量 12頭 本賞金:1550,620,390,230,155万円",12,1550.0,12,6,7,ラヴオントップ,牝,3,55.0,池添,114.5,2.1/2,6,19.3,40.1,1-1-1-1,栗東 西村,490,12,
202408070511,2024-12-14,京都,11,タンザナイトS,芝,1200,右,曇,良,"7回 京都 5日目 サラ系３歳以上 オープン       (国際)(特指) ハンデ 16頭 本賞金:2300,920,580,350,230万円",16,2300.0,1,6,12,メイショウソラフネ,牡,5,56.0,酒井,68.5,,2,5.9,33.6,3-5,栗東 石橋,454,8,
202408070511,2024-12-14,京都,11,タンザナイトS,芝,1200,右,曇,良,"7回 京都 5日目 サラ系３歳以上 オープン       (国際)(特指) ハンデ 16頭 本賞金:2300,920,580,350,230万円",16,2300.0,2,7,13,ソンシ,牡,3,56.0,川田,68.7,1,1,2.1,33.5,9-9,栗東 中内田,498,4,
202408070511,2024-12-14,京都,11,タンザナイトS,芝,1200,右,曇,良,"7回 京都 5日目 サラ系３歳以上 オープン       (国際)(特指) ハンデ 16頭 本賞金:2300,920,580,350,230万円",16,2300.0,3,2,4,バースクライ,牝,4,54.0,岩田望,68.7,アタマ,3,8.2,33.4,9-9,栗東 千田,498,2,
202408070511,2024-12-14,京都,11,タンザナイトS,芝,1200,右,曇,良,"7回 京都 5日目 サラ系３歳以上 オープン       (国際)(特指) ハンデ 16頭 本賞金:2300,920,580,350,230万円",16,2300.0,4,6,11,シロン,牝,5,53.0,松山,68.7,クビ,6,11.4,34.1,1-1,栗東 小栗,532,8,
202408070511,2024-12-14,京都,11,タンザナイトS,芝,1200,右,曇,良,"7回 京都 5日目 サラ系３歳以上 オープン       (国際)(特指) ハンデ 16頭 本賞金:2300,920,580,350,230万円",16,2300.0,5,2,3,カルチャーデイ,牝,3,53.0,横山典,68.8,クビ,8,23.7,34.0,3-3,栗東 四位,424,-2,
202408070511,2024-12-14,京都,11,タンザナイトS,芝,1200,右,曇,良,"7回 京都 5日目 サラ系３歳以上 オープン       (国際)(特指) ハンデ 16頭 本賞金:2300,920,580,350,230万円",16,2300.0,6,8,16,ジャスティンスカイ,牡,5,57.5,坂井,68.9,1/2,5,10.3,34.1,3-3,栗東 友道,540,6,
202408070511,2024-12-14,京都,11,タンザナイトS,芝,1200,右,曇,良,"7回 京都 5日目 サラ系３歳以上 オープン       (国際)(特指) ハンデ 16頭 本賞金:2300,920,580,350,230万円",16,2300.0,7,5,10,ソウテン,牡,5,55.0,団野,69.0,3/4,13,96.3,33.6,12-12,栗東 斉藤崇,542,10,
202408070511,2024-12-14,京都,11,タンザナイトS,芝,1200,右,曇,良,"7回 京都 5日目 サラ系３歳以上 オープン       (国際)(特指) ハンデ 16頭 本賞金:2300,920,580,350,230万円",16,2300.0,8,3,6,ヤクシマ,牡,4,54.0,藤岡佑,69.1,1/2,11,91.1,33.5,14-14,栗東 寺島,506,0,
202408070511,2024-12-14,京都,11,タンザナイトS,芝,1200,右,曇,良,"7回 京都 5日目 サラ系３歳以上 オープン       (国際)(特指) ハンデ 16頭 本賞金:2300,920,580,350,230万円",16,2300.0,9,5,9,ゾンニッヒ,牡,6,57.5,武豊,69.2,クビ,4,9.6,33.6,15-14,栗東 池江,488,2,
202408070511,2024-12-14,京都,11,タンザナイトS,芝,1200,右,曇,良,"7回 京都 5日目 サラ系３歳以上 オープン       (国際)(特指) ハンデ 16頭 本賞金:2300,920,580,350,230万円",16,2300.0,10,1,2,メイショウホシアイ,牝,6,53.0,角田和,69.2,ハナ,9,64.4,34.1,6-6,栗東 高橋亮,504,8,
202408070511,2024-12-14,京都,11,タンザナイトS,芝,1200,右,曇,良,"7回 京都 5日目 サラ系３歳以上 オープン       (国際)(特指) ハンデ 16頭 本賞金:2300,920,580,350,230万円",16,2300.0,11,4,8,カリボール,牡,8,56.0,川須,69.2,ハナ,10,90.6,33.7,12-12,栗東 西村,492,0,
202408070511,2024-12-14,京都,11,タンザナイトS,芝,1200,右,曇,良,"7回 京都 5日目 サラ系３歳以上 オープン       (国際)(特指) ハンデ 16頭 本賞金:2300,920,580,350,230万円",16,2300.0,12,3,5,ディヴィナシオン,牡,7,55.0,浜中,69.2,アタマ,12,96.2,33.5,15-14,栗東 森秀,474,2,
202408070511,2024-12-14,京都,11,タンザナイトS,芝,1200,右,曇,良,"7回 京都 5日目 サラ系３歳以上 オープン       (国際)(特指) ハンデ 16頭 本賞金:2300,920,580,350,230万円",16,2300.0,13,7,14,エイシンフェンサー,牝,4,53.0,川又,69.2,クビ,7,13.1,34.0,9-9,栗東 吉村,476,-6,
202408070511,2024-12-14,京都,11,タンザナイトS,芝,1200,右,曇,良,"7回 京都 5日目 サラ系３歳以上 オープン       (国際)(特指) ハンデ 16頭 本賞金:2300,920,580,350,230万円",16,2300.0,14,4,7,スリーパーダ,牝,5,53.0,幸,69.3,1/2,14,115.4,34.3,6-6,栗東 斉藤崇,432,-4,
202408070511,2024-12-14,京都,11,タンザナイトS,芝,1200,右,曇,良,"7回 京都 5日目 サラ系３歳以上 オープン       (国際)(特指) ハンデ 16頭 本賞金:2300,920,580,350,230万円",16,2300.0,15,1,1,サトノファビュラス,牝,7,53.0,池添,70.2,5,15,156.8,35.1,6-6,美浦 宗像,432,-2,
202408070511,2024-12-14,京都,11,タンザナイトS,芝,1200,右,曇,良,"7回 京都 5日目 サラ系３歳以上 オープン       (国際)(特指) ハンデ 16頭 本賞金:2300,920,580,350,230万円",16,2300.0,16,8,15,マウンテンムスメ,牝,6,51.0,秋山稔,70.3,1/2,16,166.3,35.6,2-2,美浦 天間,496,10,
202408070512,2024-12-14,京都,12,3歳以上2勝クラス,芝,1600,右,曇,良,"7回 京都 5日目 サラ系３歳以上 ２勝クラス       (混)(特指) 定量 14頭 本賞金:1140,460,290,170,114万円",14,1140.0,1,6,9,ムーンリットナイト,牡,5,58.0,川田,94.0,,1,2.8,33.8,7-4,栗東 杉山佳,516,12,
202408070512,2024-12-14,京都,12,3歳以上2勝クラス,芝,1600,右,曇,良,"7回 京都 5日目 サラ系３歳以上 ２勝クラス       (混)(特指) 定量 14頭 本賞金:1140,460,290,170,114万円",14,1140.0,2,8,14,ブルーミンデザイン,牡,3,57.0,浜中,94.1,クビ,9,29.0,34.4,2-2,栗東 宮本,496,34,
202408070512,2024-12-14,京都,12,3歳以上2勝クラス,芝,1600,右,曇,良,"7回 京都 5日目 サラ系３歳以上 ２勝クラス       (混)(特指) 定量 14頭 本賞金:1140,460,290,170,114万円",14,1140.0,3,3,4,チュウワダンス,牝,5,56.0,荻野琢,94.5,2.1/2,2,4.6,33.9,10-11,栗東 大久保,464,4,
202408070512,2024-12-14,京都,12,3歳以上2勝クラス,芝,1600,右,曇,良,"7回 京都 5日目 サラ系３歳以上 ２勝クラス       (混)(特指) 定量 14頭 本賞金:1140,460,290,170,114万円",14,1140.0,4,5,7,メタルスピード,牡,4,58.0,岩田望,94.6,1/2,6,12.4,34.6,3-3,美浦 斎藤誠,520,12,
202408070512,2024-12-14,京都,12,3歳以上2勝クラス,芝,1600,右,曇,良,"7回 京都 5日目 サラ系３歳以上 ２勝クラス       (混)(特指) 定量 14頭 本賞金:1140,460,290,170,114万円",14,1140.0,5,2,2,スマートスピア,牡,3,57.0,松山,94.7,1/2,3,6.7,34.2,8-7,栗東 池江,516,8,
202408070512,2024-12-14,京都,12,3歳以上2勝クラス,芝,1600,右,曇,良,"7回 京都 5日目 サラ系３歳以上 ２勝クラス       (混)(特指) 定量 14頭 本賞金:1140,460,290,170,114万円",14,1140.0,6,3,3,パワーホール,セ,3,57.0,横山典,94.9,1.1/4,4,7.1,34.7,5-4,栗東 昆,494,20,
202408070512,2024-12-14,京都,12,3歳以上2勝クラス,芝,1600,右,曇,良,"7回 京都 5日目 サラ系３歳以上 ２勝クラス       (混)(特指) 定量 14頭 本賞金:1140,460,290,170,114万円",14,1140.0,7,7,11,ロジカルワーズ,牡,3,57.0,池添,95.0,1/2,11,82.2,33.8,14-14,美浦 大竹,500,-6,
202408070512,2024-12-14,京都,12,3歳以上2勝クラス,芝,1600,右,曇,良,"7回 京都 5日目 サラ系３歳以上 ２勝クラス       (混)(特指) 定量 14頭 本賞金:1140,460,290,170,114万円",14,1140.0,8,1,1,ビーナスローズ,牝,5,54.0,△吉村,95.0,ハナ,10,58.6,35.3,1-1,栗東 杉山佳,438,-8,
202408070512,2024-12-14,京都,12,3歳以上2勝クラス,芝,1600,右,曇,良,"7回 京都 5日目 サラ系３歳以上 ２勝クラス       (混)(特指) 定量 14頭 本賞金:1140,460,290,170,114万円",14,1140.0,9,7,12,テラメリタ,牝,3,55.0,武豊,95.0,クビ,7,15.5,34.7,5-7,栗東 須貝,476,8,
202408070512,2024-12-14,京都,12,3歳以上2勝クラス,芝,1600,右,曇,良,"7回 京都 5日目 サラ系３歳以上 ２勝クラス       (混)(特指) 定量 14頭 本賞金:1140,460,290,170,114万円",14,1140.0,10,5,8,マイネルラッシュ,牡,4,58.0,吉田隼,95.3,2,14,173.2,34.8,10-7,美浦 水野,462,4,
202408070512,2024-12-14,京都,12,3歳以上2勝クラス,芝,1600,右,曇,良,"7回 京都 5日目 サラ系３歳以上 ２勝クラス       (混)(特指) 定量 14頭 本賞金:1140,460,290,170,114万円",14,1140.0,11,8,13,マチカゼ,牡,4,58.0,団野,95.3,ハナ,8,23.4,35.2,3-4,栗東 杉山晴,488,-2,
202408070512,2024-12-14,京都,12,3歳以上2勝クラス,芝,1600,右,曇,良,"7回 京都 5日目 サラ系３歳以上 ２勝クラス       (混)(特指) 定量 14頭 本賞金:1140,460,290,170,114万円",14,1140.0,12,4,6,ジェムステート,牡,4,58.0,幸,95.4,クビ,12,88.4,34.7,13-12,美浦 矢嶋,462,-8,
202408070512,2024-12-14,京都,12,3歳以上2勝クラス,芝,1600,右,曇,良,"7回 京都 5日目 サラ系３歳以上 ２勝クラス       (混)(特指) 定量 14頭 本賞金:1140,460,290,170,114万円",14,1140.0,13,6,10,エーデルサンライズ,牝,4,56.0,酒井,95.6,1.1/4,13,138.4,35.1,8-7,栗東 小林,436,-8,
202408070512,2024-12-14,京都,12,3歳以上2勝クラス,芝,1600,右,曇,良,"7回 京都 5日目 サラ系３歳以上 ２勝クラス       (混)(特指) 定量 14頭 本賞金:1140,460,290,170,114万円",14,1140.0,14,4,5,ジュンゴールド,牡,3,57.0,坂井,95.9,2,5,8.4,35.1,10-12,栗東 友道,490,10,
202406050601,2024-12-15,中山,1,2歳未勝利,ダ,1200,右,晴,良,"5回 中山 6日目 サラ系２歳 未勝利       [指] 馬齢 16頭 本賞金:550,220,140,83,55万円",16,550.0,1,1,2,フェスタリア,牡,2,56.0,荻野極,73.0,,3,8.0,37.3,8-8,美浦 矢野,454,4,
202406050601,2024-12-15,中山,1,2歳未勝利,ダ,1200,右,晴,良,"5回 中山 6日目 サラ系２歳 未勝利       [指] 馬齢 16頭 本賞金:550,220,140,83,55万円",16,550.0,2,7,14,ショウナンカチドキ,牡,2,56.0,戸崎圭,73.2,1.1/4,1,1.4,38.1,3-2,美浦 久保田,454,2,
202406050601,2024-12-15,中山,1,2歳未勝利,ダ,1200,右,晴,良,"5回 中山 6日目 サラ系２歳 未勝利       [指] 馬齢 16頭 本賞金:550,220,140,83,55万円",16,550.0,3,2,4,アサクサグレース,牝,2,55.0,杉原,73.2,ハナ,4,11.8,37.7,6-6,美浦 戸田,460,0,
202406050601,2024-12-15,中山,1,2歳未勝利,ダ,1200,右,晴,良,"5回 中山 6日目 サラ系２歳 未勝利       [指] 馬齢 16頭 本賞金:550,220,140,83,55万円",16,550.0,4,2,3,ダイチラポール,牡,2,53.0,▲長浜,73.6,2.1/2,2,5.7,38.7,1-1,美浦 蛯名利,474,8,
202406050601,2024-12-15,中山,1,2歳未勝利,ダ,1200,右,晴,良,"5回 中山 6日目 サラ系２歳 未勝利       [指] 馬齢 16頭 本賞金:550,220,140,83,55万円",16,550.0,5,6,12,ハナナラツボミ,牡,2,56.0,田辺,73.8,1.1/4,6,32.4,38.8,2-2,美浦 加藤士,500,-4,
202406050601,2024-12-15,中山,1,2歳未勝利,ダ,1200,右,晴,良,"5回 中山 6日目 サラ系２歳 未勝利       [指] 馬齢 16頭 本賞金:550,220,140,83,55万円",16,550.0,6,8,16,コンパクトファイト,牡,2,53.0,▲石神道,73.9,1/2,5,19.3,37.8,11-11,美浦 天間,422,0,
202406050601,2024-12-15,中山,1,2歳未勝利,ダ,1200,右,晴,良,"5回 中山 6日目 サラ系２歳 未勝利       [指] 馬齢 16頭 本賞金:550,220,140,83,55万円",16,550.0,7,5,10,ウインギャラン,牡,2,56.0,丹内,74.3,2,10,52.7,38.2,11-9,美浦 水野,496,0,
202406050601,2024-12-15,中山,1,2歳未勝利,ダ,1200,右,晴,良,"5回 中山 6日目 サラ系２歳 未勝利       [指] 馬齢 16頭 本賞金:550,220,140,83,55万円",16,550.0,8,1,1,ナックオリオン,牡,2,56.0,大野,74.3,クビ,8,45.5,39.2,3-4,美浦 杉浦,472,-2,
202406050601,2024-12-15,中山,1,2歳未勝利,ダ,1200,右,晴,良,"5回 中山 6日目 サラ系２歳 未勝利       [指] 馬齢 16頭 本賞金:550,220,140,83,55万円",16,550.0,9,8,15,ワナカ,牝,2,55.0,菊沢,74.4,アタマ,7,40.1,38.0,14-15,美浦 金成,462,10,
202406050601,2024-12-15,中山,1,2歳未勝利,ダ,1200,右,晴,良,"5回 中山 6日目 サラ系２歳 未勝利       [指] 馬齢 16頭 本賞金:550,220,140,83,55万円",16,550.0,10,4,7,イオリ,牝,2,53.0,△小林脩,74.4,クビ,9,51.0,39.2,5-4,美浦 伊藤圭,424,-6,
202406050601,2024-12-15,中山,1,2歳未勝利,ダ,1200,右,晴,良,"5回 中山 6日目 サラ系２歳 未勝利       [指] 馬齢 16頭 本賞金:550,220,140,83,55万円",16,550.0,11,4,8,ミキノオーボエ,牝,2,55.0,丸田,74.5,1/2,15,399.8,38.1,14-11,美浦 南田,480,2,
202406050601,2024-12-15,中山,1,2歳未勝利,ダ,1200,右,晴,良,"5回 中山 6日目 サラ系２歳 未勝利       [指] 馬齢 16頭 本賞金:550,220,140,83,55万円",16,550.0,12,3,6,ノブダブルホワイト,牡,2,56.0,木幡育,74.5,ハナ,11,101.3,38.4,11-11,美浦 松永康,438,4,
202406050601,2024-12-15,中山,1,2歳未勝利,ダ,1200,右,晴,良,"5回 中山 6日目 サラ系２歳 未勝利       [指] 馬齢 16頭 本賞金:550,220,140,83,55万円",16,550.0,13,5,9,ライブリブランコ,牡,2,53.0,▲佐藤,75.1,3.1/2,16,512.3,39.6,6-6,美浦 尾形,490,4,
202406050601,2024-12-15,中山,1,2歳未勝利,ダ,1200,右,晴,良,"5回 中山 6日目 サラ系２歳 未勝利       [指] 馬齢 16頭 本賞金:550,220,140,83,55万円",16,550.0,14,3,5,サツマノカゼ,セ,2,56.0,岩部,75.1,ハナ,14,377.6,38.0,16-16,美浦 高橋文,420,0,
202406050601,2024-12-15,中山,1,2歳未勝利,ダ,1200,右,晴,良,"5回 中山 6日目 サラ系２歳 未勝利       [指] 馬齢 16頭 本賞金:550,220,140,83,55万円",16,550.0,15,7,13,ゴールドラブリー,牝,2,55.0,武藤,76.8,10,13,213.4,41.1,8-11,美浦 武藤,414,-6,
202406050601,2024-12-15,中山,1,2歳未勝利,ダ,1200,右,晴,良,"5回 中山 6日目 サラ系２歳 未勝利       [指] 馬齢 16頭 本賞金:550,220,140,83,55万円",16,550.0,16,6,11,モモイロタンポポ,牝,2,55.0,菅原明,77.8,6,12,131.0,42.1,8-10,美浦 高木,408,10,
202406050602,2024-12-15,中山,2,2歳未勝利,ダ,1800,右,晴,良,"5回 中山 6日目 サラ系２歳 未勝利       牝[指] 馬齢 16頭 本賞金:550,220,140,83,55万円",16,550.0,1,3,5,オーケーマヒナ,牝,2,55.0,石川,116.0,,1,2.9,39.0,1-1-1-1,美浦 相沢,470,0,
202406050602,2024-12-15,中山,2,2歳未勝利,ダ,1800,右,晴,良,"5回 中山 6日目 サラ系２歳 未勝利       牝[指] 馬齢 16頭 本賞金:550,220,140,83,55万円",16,550.0,2,8,16,デルマアポロニア,牝,2,55.0,松岡,116.2,1.1/4,6,11.1,38.4,6-5-5-3,美浦 蛯名正,470,4,
202406050602,2024-12-15,中山,2,2歳未勝利,ダ,1800,右,晴,良,"5回 中山 6日目 サラ系２歳 未勝利       牝[指] 馬齢 16頭 本賞金:550,220,140,83,55万円",16,550.0,3,5,9,ラーナローザ,牝,2,55.0,大野,116.9,4,3,5.6,39.6,2-2-2-2,美浦 畠山,496,4,
202406050602,2024-12-15,中山,2,2歳未勝利,ダ,1800,右,晴,良,"5回 中山 6日目 サラ系２歳 未勝利       牝[指] 馬齢 16頭 本賞金:550,220,140,83,55万円",16,550.0,4,1,1,モーニングマジック,牝,2,55.0,三浦,117.5,3.1/2,4,8.1,39.1,9-9-11-7,美浦 武藤,518,-2,
202406050602,2024-12-15,中山,2,2歳未勝利,ダ,1800,右,晴,良,"5回 中山 6日目 サラ系２歳 未勝利       牝[指] 馬齢 16頭 本賞金:550,220,140,83,55万円",16,550.0,5,7,14,エルバステラ,牝,2,55.0,マーカ,117.8,1.3/4,2,3.4,40.2,3-3-3-5,美浦 高柳瑞,486,12,
202406050602,2024-12-15,中山,2,2歳未勝利,ダ,1800,右,晴,良,"5回 中山 6日目 サラ系２歳 未勝利       牝[指] 馬齢 16頭 本賞金:550,220,140,83,55万円",16,550.0,6,8,15,ヴェネチアンレース,牝,2,55.0,杉原,117.9,クビ,12,192.4,39.8,11-10-7-5,美浦 嘉藤,496,6,
202406050602,2024-12-15,中山,2,2歳未勝利,ダ,1800,右,晴,良,"5回 中山 6日目 サラ系２歳 未勝利       牝[指] 馬齢 16頭 本賞金:550,220,140,83,55万円",16,550.0,7,1,2,アイスリーディング,牝,2,55.0,菅原明,117.9,ハナ,5,8.4,39.8,7-7-7-10,美浦 小笠,434,-2,
202406050602,2024-12-15,中山,2,2歳未勝利,ダ,1800,右,晴,良,"5回 中山 6日目 サラ系２歳 未勝利       牝[指] 馬齢 16頭 本賞金:550,220,140,83,55万円",16,550.0,8,6,12,アップリンク,牝,2,55.0,丹内,118.0,クビ,9,64.8,39.4,16-15-13-12,美浦 和田勇,432,0,
202406050602,2024-12-15,中山,2,2歳未勝利,ダ,1800,右,晴,良,"5回 中山 6日目 サラ系２歳 未勝利       牝[指] 馬齢 16頭 本賞金:550,220,140,83,55万円",16,550.0,9,6,11,ロミヒ,牝,2,55.0,横山武,118.1,1,7,23.6,40.1,3-5-6-7,美浦 伊藤圭,494,-2,
202406050602,2024-12-15,中山,2,2歳未勝利,ダ,1800,右,晴,良,"5回 中山 6日目 サラ系２歳 未勝利       牝[指] 馬齢 16頭 本賞金:550,220,140,83,55万円",16,550.0,10,4,7,デアルーチェ,牝,2,55.0,戸崎圭,118.4,1.3/4,8,53.7,40.2,14-13-10-9,美浦 宮田,484,10,
202406050602,2024-12-15,中山,2,2歳未勝利,ダ,1800,右,晴,良,"5回 中山 6日目 サラ系２歳 未勝利       牝[指] 馬齢 16頭 本賞金:550,220,140,83,55万円",16,550.0,11,3,6,コックリサン,牝,2,55.0,木幡初,119.0,3.1/2,13,270.3,41.4,3-3-3-4,美浦 深山,418,4,
202406050602,2024-12-15,中山,2,2歳未勝利,ダ,1800,右,晴,良,"5回 中山 6日目 サラ系２歳 未勝利       牝[指] 馬齢 16頭 本賞金:550,220,140,83,55万円",16,550.0,12,7,13,ビップジェシー,牝,2,55.0,小林凌,119.3,2,11,192.3,41.2,7-8-7-10,美浦 田島,430,18,
202406050602,2024-12-15,中山,2,2歳未勝利,ダ,1800,右,晴,良,"5回 中山 6日目 サラ系２歳 未勝利       牝[指] 馬齢 16頭 本賞金:550,220,140,83,55万円",16,550.0,13,5,10,バーニングメモリー,牝,2,55.0,津村,119.7,2.1/2,10,82.5,41.3,11-12-11-12,美浦 水野,462,-8,
202406050602,2024-12-15,中山,2,2歳未勝利,ダ,1800,右,晴,良,"5回 中山 6日目 サラ系２歳 未勝利       牝[指] 馬齢 16頭 本賞金:550,220,140,83,55万円",16,550.0,14,2,3,ブラックウェル,牝,2,55.0,内田博,120.0,1.1/2,16,511.2,41.3,13-13-14-14,美浦 武市,440,8,
202406050602,2024-12-15,中山,2,2歳未勝利,ダ,1800,右,晴,良,"5回 中山 6日目 サラ系２歳 未勝利       牝[指] 馬齢 16頭 本賞金:550,220,140,83,55万円",16,550.0,15,2,4,レオプレセア,牝,2,52.0,▲佐藤,120.3,2,14,274.0,41.5,9-10-14-15,美浦 杉浦,444,-6,
202406050602,2024-12-15,中山,2,2歳未勝利,ダ,1800,右,晴,良,"5回 中山 6日目 サラ系２歳 未勝利       牝[指] 馬齢 16頭 本賞金:550,220,140,83,55万円",16,550.0,16,4,8,モーニングスター,牝,2,52.0,▲石神道,120.4,クビ,15,410.5,41.2,15-16-16-16,美浦 加藤和,430,0,
202406050603,2024-12-15,中山,3,2歳未勝利,芝,1600,右,晴,良,"5回 中山 6日目 サラ系２歳 未勝利       (混)[指] 馬齢 16頭 本賞金:550,220,140,83,55万円",16,550.0,1,2,3,ライラ,牝,2,55.0,木幡巧,94.4,,1,2.3,35.0,1-1-1,美浦 牧,458,2,
202406050603,2024-12-15,中山,3,2歳未勝利,芝,1600,右,晴,良,"5回 中山 6日目 サラ系２歳 未勝利       (混)[指] 馬齢 16頭 本賞金:550,220,140,83,55万円",16,550.0,2,4,8,ルトンワージ,牡,2,56.0,戸崎圭,94.7,1.3/4,6,18.9,34.3,12-14-13,美浦 斎藤誠,442,4,
202406050603,2024-12-15,中山,3,2歳未勝利,芝,1600,右,晴,良,"5回 中山 6日目 サラ系２歳 未勝利       (混)[指] 馬齢 16頭 本賞金:550,220,140,83,55万円",16,550.0,3,4,7,テンダールック,牝,2,55.0,北村宏,94.7,クビ,7,26.1,34.9,7-7-6,美浦 木村,440,-10,
202406050603,2024-12-15,中山,3,2歳未勝利,芝,1600,右,晴,良,"5回 中山 6日目 サラ系２歳 未勝利       (混)[指] 馬齢 16頭 本賞金:550,220,140,83,55万円",16,550.0,4,2,4,ニシノヒナアラレ,牝,2,55.0,野中,94.8,3/4,11,133.0,35.0,7-7-6,美浦 根本,476,8,
202406050603,2024-12-15,中山,3,2歳未勝利,芝,1600,右,晴,良,"5回 中山 6日目 サラ系２歳 未勝利       (混)[指] 馬齢 16頭 本賞金:550,220,140,83,55万円",16,550.0,5,3,6,キャピタルプレイン,牝,2,55.0,横山武,94.9,クビ,4,8.3,35.3,2-2-2,美浦 千葉,448,4,
202406050603,2024-12-15,中山,3,2歳未勝利,芝,1600,右,晴,良,"5回 中山 6日目 サラ系２歳 未勝利       (混)[指] 馬齢 16頭 本賞金:550,220,140,83,55万円",16,550.0,6,3,5,サーマル,牡,2,56.0,吉田豊,95.0,3/4,3,6.8,34.7,12-14-13,美浦 高橋文,434,4,
202406050603,2024-12-15,中山,3,2歳未勝利,芝,1600,右,晴,良,"5回 中山 6日目 サラ系２歳 未勝利       (混)[指] 馬齢 16頭 本賞金:550,220,140,83,55万円",16,550.0,7,1,2,ウインバーテックス,牡,2,56.0,丹内,95.1,クビ,9,54.0,35.4,5-6-5,美浦 清水英,464,2,
202406050603,2024-12-15,中山,3,2歳未勝利,芝,1600,右,晴,良,"5回 中山 6日目 サラ系２歳 未勝利       (混)[指] 馬齢 16頭 本賞金:550,220,140,83,55万円",16,550.0,8,8,16,タイキブライトン,牡,2,56.0,岩部,95.1,1/2,8,42.7,35.0,12-10-10,美浦 萱野,466,4,
202406050603,2024-12-15,中山,3,2歳未勝利,芝,1600,右,晴,良,"5回 中山 6日目 サラ系２歳 未勝利       (混)[指] 馬齢 16頭 本賞金:550,220,140,83,55万円",16,550.0,9,5,9,ポッドベル,牡,2,56.0,マーカ,95.1,ハナ,5,9.6,35.0,7-10-9,美浦 和田勇,462,-2,
202406050603,2024-12-15,中山,3,2歳未勝利,芝,1600,右,晴,良,"5回 中山 6日目 サラ系２歳 未勝利       (混)[指] 馬齢 16頭 本賞金:550,220,140,83,55万円",16,550.0,10,1,1,ブルジョア,牝,2,55.0,内田博,95.5,2,14,367.0,35.4,12-10-10,美浦 西田,424,0,
202406050603,2024-12-15,中山,3,2歳未勝利,芝,1600,右,晴,良,"5回 中山 6日目 サラ系２歳 未勝利       (混)[指] 馬齢 16頭 本賞金:550,220,140,83,55万円",16,550.0,11,6,12,サマースピリット,牝,2,55.0,三浦,95.8,2,2,3.4,36.3,11-2-2,美浦 国枝,474,-4,
202406050603,2024-12-15,中山,3,2歳未勝利,芝,1600,右,晴,良,"5回 中山 6日目 サラ系２歳 未勝利       (混)[指] 馬齢 16頭 本賞金:550,220,140,83,55万円",16,550.0,12,6,11,カシノフロレゾン,牡,2,56.0,柴田大,96.0,1.1/2,13,207.3,36.4,2-2-2,美浦 和田雄,472,0,
202406050603,2024-12-15,中山,3,2歳未勝利,芝,1600,右,晴,良,"5回 中山 6日目 サラ系２歳 未勝利       (混)[指] 馬齢 16頭 本賞金:550,220,140,83,55万円",16,550.0,13,5,10,フミマーズ,牝,2,52.0,▲石神道,96.2,1,16,682.7,35.6,12-16-15,美浦 古賀,436,14,
202406050603,2024-12-15,中山,3,2歳未勝利,芝,1600,右,晴,良,"5回 中山 6日目 サラ系２歳 未勝利       (混)[指] 馬齢 16頭 本賞金:550,220,140,83,55万円",16,550.0,14,7,13,ダイユウボンバー,牝,2,55.0,石橋脩,96.2,クビ,10,72.7,36.4,2-7-6,美浦 松永康,438,0,
202406050603,2024-12-15,中山,3,2歳未勝利,芝,1600,右,晴,良,"5回 中山 6日目 サラ系２歳 未勝利       (混)[指] 馬齢 16頭 本賞金:550,220,140,83,55万円",16,550.0,15,8,15,マジョッコピロコ,牝,2,55.0,嶋田,96.4,1.1/4,15,513.0,36.2,7-13-16,美浦 石毛,464,14,
202406050603,2024-12-15,中山,3,2歳未勝利,芝,1600,右,晴,良,"5回 中山 6日目 サラ系２歳 未勝利       (混)[指] 馬齢 16頭 本賞金:550,220,140,83,55万円",16,550.0,16,7,14,マーレリアン,牝,2,55.0,大野,96.9,3,12,199.9,37.3,5-2-10,美浦 萱野,480,-2,
202406050604,2024-12-15,中山,4,3歳以上障害未勝利,障,2880,,晴,良,"5回 中山 6日目 障害３歳以上 未勝利       (混) 定量 14頭 本賞金:790,320,200,120,79万円",14,790.0,1,5,8,ルレーヴドゥリリ,牝,7,58.0,江田勇,194.5,,3,5.2,13.5,4-4-3-3,美浦 田中剛,530,6,
202406050604,2024-12-15,中山,4,3歳以上障害未勝利,障,2880,,晴,良,"5回 中山 6日目 障害３歳以上 未勝利       (混) 定量 14頭 本賞金:790,320,200,120,79万円",14,790.0,2,7,11,ラエール,牝,5,58.0,上野,195.0,3,4,6.0,13.5,2-2-2-1,美浦 土田,436,16,
202406050604,2024-12-15,中山,4,3歳以上障害未勝利,障,2880,,晴,良,"5回 中山 6日目 障害３歳以上 未勝利       (混) 定量 14頭 本賞金:790,320,200,120,79万円",14,790.0,3,4,6,ノアフェイス,牡,3,56.0,▲土田,195.8,5,13,260.7,13.6,2-2-3-2,美浦 武藤,518,6,
202406050604,2024-12-15,中山,4,3歳以上障害未勝利,障,2880,,晴,良,"5回 中山 6日目 障害３歳以上 未勝利       (混) 定量 14頭 本賞金:790,320,200,120,79万円",14,790.0,4,8,13,コンテナワールド,牡,3,58.0,井上,196.6,5,2,4.8,13.7,4-4-5-4,栗東 中竹,474,8,
202406050604,2024-12-15,中山,4,3歳以上障害未勝利,障,2880,,晴,良,"5回 中山 6日目 障害３歳以上 未勝利       (混) 定量 14頭 本賞金:790,320,200,120,79万円",14,790.0,5,6,9,アンノウンウォリア,牡,5,60.0,黒岩,196.9,1.1/2,6,33.1,13.7,7-7-7-6,栗東 平田,472,-4,
202406050604,2024-12-15,中山,4,3歳以上障害未勝利,障,2880,,晴,良,"5回 中山 6日目 障害３歳以上 未勝利       (混) 定量 14頭 本賞金:790,320,200,120,79万円",14,790.0,6,2,2,タロントゥーズ,牡,4,60.0,森一,196.9,アタマ,1,1.9,13.7,4-4-5-6,栗東 大久保,460,-6,
202406050604,2024-12-15,中山,4,3歳以上障害未勝利,障,2880,,晴,良,"5回 中山 6日目 障害３歳以上 未勝利       (混) 定量 14頭 本賞金:790,320,200,120,79万円",14,790.0,7,6,10,ナムラドーギー,牡,3,58.0,五十嵐,197.2,2,10,87.3,13.7,8-7-7-8,美浦 石栗,454,10,
202406050604,2024-12-15,中山,4,3歳以上障害未勝利,障,2880,,晴,良,"5回 中山 6日目 障害３歳以上 未勝利       (混) 定量 14頭 本賞金:790,320,200,120,79万円",14,790.0,8,5,7,アメリカンエール,セ,6,60.0,小牧加,197.9,4,5,23.1,13.7,10-10-9-9,栗東 音無,504,-4,
202406050604,2024-12-15,中山,4,3歳以上障害未勝利,障,2880,,晴,良,"5回 中山 6日目 障害３歳以上 未勝利       (混) 定量 14頭 本賞金:790,320,200,120,79万円",14,790.0,9,3,3,サクセスバラード,牡,4,60.0,中村,201.0,大,12,100.9,14.0,9-9-10-11,美浦 竹内,466,0,
202406050604,2024-12-15,中山,4,3歳以上障害未勝利,障,2880,,晴,良,"5回 中山 6日目 障害３歳以上 未勝利       (混) 定量 14頭 本賞金:790,320,200,120,79万円",14,790.0,10,3,4,フォージドブリック,牡,3,58.0,大江圭,201.1,3/4,14,265.3,14.0,11-11-11-10,美浦 西田,542,10,
202406050604,2024-12-15,中山,4,3歳以上障害未勝利,障,2880,,晴,良,"5回 中山 6日目 障害３歳以上 未勝利       (混) 定量 14頭 本賞金:790,320,200,120,79万円",14,790.0,11,7,12,アンコーナ,牝,3,56.0,石神深,202.6,9,11,96.7,14.1,1-1-1-5,美浦 菊川,452,2,
202406050604,2024-12-15,中山,4,3歳以上障害未勝利,障,2880,,晴,良,"5回 中山 6日目 障害３歳以上 未勝利       (混) 定量 14頭 本賞金:790,320,200,120,79万円",14,790.0,12,4,5,メッセージソング,セ,5,60.0,小野寺,203.2,3.1/2,8,50.1,14.1,12-12-13-13,栗東 渡辺,502,8,
202406050604,2024-12-15,中山,4,3歳以上障害未勝利,障,2880,,晴,良,"5回 中山 6日目 障害３歳以上 未勝利       (混) 定量 14頭 本賞金:790,320,200,120,79万円",14,790.0,13,8,14,バーミリオンクリフ,牡,5,60.0,草野,204.8,10,9,54.1,14.2,14-14-12-12,美浦 金成,486,2,
202406050604,2024-12-15,中山,4,3歳以上障害未勝利,障,2880,,晴,良,"5回 中山 6日目 障害３歳以上 未勝利       (混) 定量 14頭 本賞金:790,320,200,120,79万円",14,790.0,14,1,1,トラモント,セ,7,60.0,金子,207.0,大,7,37.9,14.4,12-13-14-14,美浦 新開,502,4,
202406050605,2024-12-15,中山,5,2歳新馬,芝,1600,右,晴,良,"5回 中山 6日目 サラ系２歳 新馬       (混)[指] 馬齢 16頭 本賞金:720,290,180,110,72万円",16,720.0,1,5,9,アルメントフーベル,牝,2,55.0,マーカ,95.1,,2,2.9,34.5,3-2-2,美浦 宮田,452,0,
202406050605,2024-12-15,中山,5,2歳新馬,芝,1600,右,晴,良,"5回 中山 6日目 サラ系２歳 新馬       (混)[指] 馬齢 16頭 本賞金:720,290,180,110,72万円",16,720.0,2,2,3,ブドワールドール,牝,2,55.0,横山和,95.2,1,7,22.9,34.3,3-5-3,美浦 西田,436,0,
202406050605,2024-12-15,中山,5,2歳新馬,芝,1600,右,晴,良,"5回 中山 6日目 サラ系２歳 新馬       (混)[指] 馬齢 16頭 本賞金:720,290,180,110,72万円",16,720.0,3,7,13,モティスフォント,牡,2,56.0,横山武,95.5,2,1,2.5,34.0,12-8-6,美浦 田村,488,0,
202406050605,2024-12-15,中山,5,2歳新馬,芝,1600,右,晴,良,"5回 中山 6日目 サラ系２歳 新馬       (混)[指] 馬齢 16頭 本賞金:720,290,180,110,72万円",16,720.0,4,5,10,マテンロウバディ,牡,2,56.0,吉田豊,95.6,1/2,3,6.5,35.1,1-1-1,美浦 久保田,440,0,
202406050605,2024-12-15,中山,5,2歳新馬,芝,1600,右,晴,良,"5回 中山 6日目 サラ系２歳 新馬       (混)[指] 馬齢 16頭 本賞金:720,290,180,110,72万円",16,720.0,5,3,5,ウェルカムホーム,牝,2,55.0,津村,95.7,3/4,5,11.0,34.9,2-3-3,美浦 水野,438,0,
202406050605,2024-12-15,中山,5,2歳新馬,芝,1600,右,晴,良,"5回 中山 6日目 サラ系２歳 新馬       (混)[指] 馬齢 16頭 本賞金:720,290,180,110,72万円",16,720.0,6,8,16,コンヴァージョン,牡,2,56.0,丸田,95.8,3/4,8,68.4,34.5,8-7-6,美浦 上原博,460,0,
202406050605,2024-12-15,中山,5,2歳新馬,芝,1600,右,晴,良,"5回 中山 6日目 サラ系２歳 新馬       (混)[指] 馬齢 16頭 本賞金:720,290,180,110,72万円",16,720.0,7,1,1,フェリアフローレス,牝,2,55.0,小林凌,96.0,1,14,224.3,34.9,8-6-6,美浦 小西,436,0,
202406050605,2024-12-15,中山,5,2歳新馬,芝,1600,右,晴,良,"5回 中山 6日目 サラ系２歳 新馬       (混)[指] 馬齢 16頭 本賞金:720,290,180,110,72万円",16,720.0,8,6,11,コウユーラッセーラ,牡,2,56.0,内田博,96.0,クビ,11,169.9,34.4,8-10-9,美浦 辻,434,0,
202406050605,2024-12-15,中山,5,2歳新馬,芝,1600,右,晴,良,"5回 中山 6日目 サラ系２歳 新馬       (混)[指] 馬齢 16頭 本賞金:720,290,180,110,72万円",16,720.0,9,3,6,マルターズヴェロス,牡,2,56.0,田辺,96.4,2.1/2,4,10.1,34.4,8-13-13,美浦 手塚,466,0,
202406050605,2024-12-15,中山,5,2歳新馬,芝,1600,右,晴,良,"5回 中山 6日目 サラ系２歳 新馬       (混)[指] 馬齢 16頭 本賞金:720,290,180,110,72万円",16,720.0,10,1,2,ヘヴンリーゴール,牡,2,56.0,松岡,96.5,1/2,6,13.3,34.7,13-12-10,美浦 戸田,476,0,
202406050605,2024-12-15,中山,5,2歳新馬,芝,1600,右,晴,良,"5回 中山 6日目 サラ系２歳 新馬       (混)[指] 馬齢 16頭 本賞金:720,290,180,110,72万円",16,720.0,11,7,14,レッドレントラー,牡,2,56.0,丹内,96.7,1,10,100.9,36.0,5-3-3,美浦 林,440,0,
202406050605,2024-12-15,中山,5,2歳新馬,芝,1600,右,晴,良,"5回 中山 6日目 サラ系２歳 新馬       (混)[指] 馬齢 16頭 本賞金:720,290,180,110,72万円",16,720.0,12,6,12,リヴァスピナー,牡,2,56.0,杉原,97.2,3.1/2,13,190.7,35.8,5-8-10,美浦 田村,442,0,
202406050605,2024-12-15,中山,5,2歳新馬,芝,1600,右,晴,良,"5回 中山 6日目 サラ系２歳 新馬       (混)[指] 馬齢 16頭 本賞金:720,290,180,110,72万円",16,720.0,13,4,7,ミステンザン,牝,2,52.0,▲石神道,97.3,3/4,15,260.1,35.7,5-10-12,美浦 和田郎,446,0,
202406050605,2024-12-15,中山,5,2歳新馬,芝,1600,右,晴,良,"5回 中山 6日目 サラ系２歳 新馬       (混)[指] 馬齢 16頭 本賞金:720,290,180,110,72万円",16,720.0,14,4,8,ニューエラ,牝,2,55.0,石川,98.3,6,9,98.7,35.7,14-14-14,美浦 池上,432,0,
202406050605,2024-12-15,中山,5,2歳新馬,芝,1600,右,晴,良,"5回 中山 6日目 サラ系２歳 新馬       (混)[指] 馬齢 16頭 本賞金:720,290,180,110,72万円",16,720.0,15,8,15,ヴィアツァ,牝,2,51.0,★小林美,102.9,大,12,174.9,38.4,15-15-15,美浦 清水英,398,0,
202406050605,2024-12-15,中山,5,2歳新馬,芝,1600,右,晴,良,"5回 中山 6日目 サラ系２歳 新馬       (混)[指] 馬齢 16頭 本賞金:720,290,180,110,72万円",16,720.0,,2,4,フォルトレス,牝,2,55.0,菅原明,,,,,,,美浦 国枝,462,0,除外
202406050606,2024-12-15,中山,6,2歳新馬,ダ,1200,右,晴,良,"5回 中山 6日目 サラ系２歳 新馬       [指] 馬齢 16頭 本賞金:720,290,180,110,72万円",16,720.0,1,8,15,サヨノジャンボリー,牡,2,56.0,内田博,73.1,,13,81.2,36.8,9-8,美浦 小笠,468,0,
202406050606,2024-12-15,中山,6,2歳新馬,ダ,1200,右,晴,良,"5回 中山 6日目 サラ系２歳 新馬       [指] 馬齢 16頭 本賞金:720,290,180,110,72万円",16,720.0,2,7,14,ピッツァナポリ,牝,2,55.0,大野,73.2,クビ,5,13.0,37.6,5-6,美浦 新開,458,0,
202406050606,2024-12-15,中山,6,2歳新馬,ダ,1200,右,晴,良,"5回 中山 6日目 サラ系２歳 新馬       [指] 馬齢 16頭 本賞金:720,290,180,110,72万円",16,720.0,3,5,9,パシーヴ,牡,2,56.0,石橋脩,73.6,2.1/2,2,3.7,37.3,9-10,美浦 上原博,462,0,
202406050606,2024-12-15,中山,6,2歳新馬,ダ,1200,右,晴,良,"5回 中山 6日目 サラ系２歳 新馬       [指] 馬齢 16頭 本賞金:720,290,180,110,72万円",16,720.0,4,7,13,ブレイズボーイ,牡,2,56.0,丹内,74.0,2.1/2,3,7.7,39.2,1-1,美浦 岩戸,468,0,
202406050606,2024-12-15,中山,6,2歳新馬,ダ,1200,右,晴,良,"5回 中山 6日目 サラ系２歳 新馬       [指] 馬齢 16頭 本賞金:720,290,180,110,72万円",16,720.0,5,2,3,コナベイション,牡,2,56.0,横山武,74.0,ハナ,1,2.1,38.4,5-5,美浦 伊藤圭,464,0,
202406050606,2024-12-15,中山,6,2歳新馬,ダ,1200,右,晴,良,"5回 中山 6日目 サラ系２歳 新馬       [指] 馬齢 16頭 本賞金:720,290,180,110,72万円",16,720.0,6,2,4,エイシンカルナボン,牡,2,56.0,吉田豊,74.2,1.1/4,8,36.7,39.0,3-3,美浦 田中剛,470,0,
202406050606,2024-12-15,中山,6,2歳新馬,ダ,1200,右,晴,良,"5回 中山 6日目 サラ系２歳 新馬       [指] 馬齢 16頭 本賞金:720,290,180,110,72万円",16,720.0,7,6,11,キタノロワーズ,牝,2,55.0,岩部,74.4,1,11,77.0,38.3,8-8,美浦 萱野,424,0,
202406050606,2024-12-15,中山,6,2歳新馬,ダ,1200,右,晴,良,"5回 中山 6日目 サラ系２歳 新馬       [指] 馬齢 16頭 本賞金:720,290,180,110,72万円",16,720.0,8,3,5,レジョンデロル,牡,2,56.0,杉原,74.6,1.1/2,7,35.0,39.3,4-3,美浦 加藤征,420,0,
202406050606,2024-12-15,中山,6,2歳新馬,ダ,1200,右,晴,良,"5回 中山 6日目 サラ系２歳 新馬       [指] 馬齢 16頭 本賞金:720,290,180,110,72万円",16,720.0,9,4,8,クリーンリーチ,牡,2,56.0,松岡,74.7,1/2,6,18.4,39.7,2-2,美浦 千葉,500,0,
202406050606,2024-12-15,中山,6,2歳新馬,ダ,1200,右,晴,良,"5回 中山 6日目 サラ系２歳 新馬       [指] 馬齢 16頭 本賞金:720,290,180,110,72万円",16,720.0,10,1,1,ゴールドリッカ,牝,2,55.0,野中,74.9,1,9,39.3,39.0,7-6,美浦 上原博,418,0,
202406050606,2024-12-15,中山,6,2歳新馬,ダ,1200,右,晴,良,"5回 中山 6日目 サラ系２歳 新馬       [指] 馬齢 16頭 本賞金:720,290,180,110,72万円",16,720.0,11,4,7,リケアキャンディ,牝,2,55.0,丸田,74.9,ハナ,15,163.3,37.5,16-15,美浦 蛯名利,448,0,
202406050606,2024-12-15,中山,6,2歳新馬,ダ,1200,右,晴,良,"5回 中山 6日目 サラ系２歳 新馬       [指] 馬齢 16頭 本賞金:720,290,180,110,72万円",16,720.0,12,8,16,キタノラータム,牝,2,55.0,黛,75.3,2.1/2,14,92.7,39.0,9-12,美浦 伊藤伸,480,0,
202406050606,2024-12-15,中山,6,2歳新馬,ダ,1200,右,晴,良,"5回 中山 6日目 サラ系２歳 新馬       [指] 馬齢 16頭 本賞金:720,290,180,110,72万円",16,720.0,13,1,2,ハインズテソーロ,牡,2,56.0,柴田大,75.4,クビ,12,77.9,39.1,9-11,美浦 田中剛,494,0,
202406050606,2024-12-15,中山,6,2歳新馬,ダ,1200,右,晴,良,"5回 中山 6日目 サラ系２歳 新馬       [指] 馬齢 16頭 本賞金:720,290,180,110,72万円",16,720.0,14,6,12,スパルタンワールド,牡,2,56.0,江田照,75.6,1.1/2,10,76.3,38.9,13-13,美浦 小笠,490,0,
202406050606,2024-12-15,中山,6,2歳新馬,ダ,1200,右,晴,良,"5回 中山 6日目 サラ系２歳 新馬       [指] 馬齢 16頭 本賞金:720,290,180,110,72万円",16,720.0,15,5,10,レイズサンライズ,牡,2,56.0,菅原明,75.6,ハナ,4,8.5,38.9,13-13,美浦 田村,520,0,
202406050606,2024-12-15,中山,6,2歳新馬,ダ,1200,右,晴,良,"5回 中山 6日目 サラ系２歳 新馬       [指] 馬齢 16頭 本賞金:720,290,180,110,72万円",16,720.0,16,3,6,ハクサンエクレール,牝,2,52.0,▲佐藤,76.0,2,16,239.8,38.8,15-15,美浦 新開,380,0,
202406050607,2024-12-15,中山,7,2歳未勝利,芝,2000,右,晴,良,"5回 中山 6日目 サラ系２歳 未勝利       [指] 馬齢 18頭 本賞金:550,220,140,83,55万円",18,550.0,1,1,1,スワローシチー,牡,2,56.0,石川,119.7,,3,7.3,34.8,11-10-11-8,美浦 相沢,460,-4,
202406050607,2024-12-15,中山,7,2歳未勝利,芝,2000,右,晴,良,"5回 中山 6日目 サラ系２歳 未勝利       [指] 馬齢 18頭 本賞金:550,220,140,83,55万円",18,550.0,2,2,4,アルティテュード,牡,2,56.0,マーカ,119.7,クビ,1,2.0,35.2,4-4-3-3,美浦 森一,486,0,
202406050607,2024-12-15,中山,7,2歳未勝利,芝,2000,右,晴,良,"5回 中山 6日目 サラ系２歳 未勝利       [指] 馬齢 18頭 本賞金:550,220,140,83,55万円",18,550.0,3,6,12,アレグランサ,牡,2,56.0,横山武,120.1,2.1/2,6,12.9,35.9,1-1-1-1,美浦 栗田,486,4,
202406050607,2024-12-15,中山,7,2歳未勝利,芝,2000,右,晴,良,"5回 中山 6日目 サラ系２歳 未勝利       [指] 馬齢 18頭 本賞金:550,220,140,83,55万円",18,550.0,4,4,8,サトノアルタイル,牡,2,56.0,戸崎圭,120.3,1.1/2,4,7.4,35.8,4-4-3-3,美浦 斎藤誠,502,-2,
202406050607,2024-12-15,中山,7,2歳未勝利,芝,2000,右,晴,良,"5回 中山 6日目 サラ系２歳 未勝利       [指] 馬齢 18頭 本賞金:550,220,140,83,55万円",18,550.0,5,2,3,バーケンヘッド,牡,2,53.0,▲石神道,120.4,クビ,9,32.5,35.7,7-7-8-8,美浦 武井,414,2,
202406050607,2024-12-15,中山,7,2歳未勝利,芝,2000,右,晴,良,"5回 中山 6日目 サラ系２歳 未勝利       [指] 馬齢 18頭 本賞金:550,220,140,83,55万円",18,550.0,6,5,9,ジェイエルマスター,牡,2,56.0,田辺,120.5,1,2,6.6,34.8,16-17-17-17,美浦 小西,472,-4,
202406050607,2024-12-15,中山,7,2歳未勝利,芝,2000,右,晴,良,"5回 中山 6日目 サラ系２歳 未勝利       [指] 馬齢 18頭 本賞金:550,220,140,83,55万円",18,550.0,7,5,10,ウインオアシス,牡,2,56.0,松岡,120.6,3/4,5,11.4,35.9,7-7-8-3,美浦 畠山,498,-10,
202406050607,2024-12-15,中山,7,2歳未勝利,芝,2000,右,晴,良,"5回 中山 6日目 サラ系２歳 未勝利       [指] 馬齢 18頭 本賞金:550,220,140,83,55万円",18,550.0,8,6,11,レイククイ,牝,2,55.0,大野,121.1,2.1/2,14,198.7,36.2,7-10-11-8,美浦 牧,434,-4,
202406050607,2024-12-15,中山,7,2歳未勝利,芝,2000,右,晴,良,"5回 中山 6日目 サラ系２歳 未勝利       [指] 馬齢 18頭 本賞金:550,220,140,83,55万円",18,550.0,9,8,16,フィエールガール,牝,2,55.0,杉原,121.2,3/4,17,291.9,35.7,14-14-15-14,美浦 土田,452,-2,
202406050607,2024-12-15,中山,7,2歳未勝利,芝,2000,右,晴,良,"5回 中山 6日目 サラ系２歳 未勝利       [指] 馬齢 18頭 本賞金:550,220,140,83,55万円",18,550.0,10,3,5,ホウオウスターツ,牡,2,56.0,菅原明,121.2,アタマ,11,89.2,36.4,7-7-8-8,美浦 池上,472,2,
202406050607,2024-12-15,中山,7,2歳未勝利,芝,2000,右,晴,良,"5回 中山 6日目 サラ系２歳 未勝利       [指] 馬齢 18頭 本賞金:550,220,140,83,55万円",18,550.0,11,8,17,エットトゥカム,牡,2,56.0,丸田,121.2,ハナ,18,425.6,35.7,11-13-15-14,美浦 深山,406,0,
202406050607,2024-12-15,中山,7,2歳未勝利,芝,2000,右,晴,良,"5回 中山 6日目 サラ系２歳 未勝利       [指] 馬齢 18頭 本賞金:550,220,140,83,55万円",18,550.0,12,7,14,センジュコスモス,牝,2,55.0,石橋脩,121.4,3/4,13,171.5,37.2,2-2-2-2,美浦 南田,432,0,
202406050607,2024-12-15,中山,7,2歳未勝利,芝,2000,右,晴,良,"5回 中山 6日目 サラ系２歳 未勝利       [指] 馬齢 18頭 本賞金:550,220,140,83,55万円",18,550.0,13,4,7,グランツローゼ,牝,2,55.0,津村,121.7,2,10,44.7,36.4,14-14-13-13,美浦 千葉,450,0,
202406050607,2024-12-15,中山,7,2歳未勝利,芝,2000,右,晴,良,"5回 中山 6日目 サラ系２歳 未勝利       [指] 馬齢 18頭 本賞金:550,220,140,83,55万円",18,550.0,14,8,18,シュトレームング,牝,2,55.0,柴田大,121.9,1.1/4,16,286.6,36.1,16-17-17-18,美浦 和田雄,358,4,
202406050607,2024-12-15,中山,7,2歳未勝利,芝,2000,右,晴,良,"5回 中山 6日目 サラ系２歳 未勝利       [指] 馬齢 18頭 本賞金:550,220,140,83,55万円",18,550.0,15,3,6,ウィングコマンダー,牡,2,53.0,▲長浜,122.2,1.1/2,12,154.6,37.0,11-10-13-14,美浦 鹿戸,480,12,
202406050607,2024-12-15,中山,7,2歳未勝利,芝,2000,右,晴,良,"5回 中山 6日目 サラ系２歳 未勝利       [指] 馬齢 18頭 本賞金:550,220,140,83,55万円",18,550.0,16,7,13,コスモアンソロジー,牡,2,56.0,丹内,122.4,1.1/2,8,31.0,37.8,4-4-7-8,美浦 嘉藤,456,4,
202406050607,2024-12-15,中山,7,2歳未勝利,芝,2000,右,晴,良,"5回 中山 6日目 サラ系２歳 未勝利       [指] 馬齢 18頭 本賞金:550,220,140,83,55万円",18,550.0,17,7,15,マーゴットフェスタ,牡,2,56.0,木幡巧,122.6,1.1/2,15,239.7,38.2,3-3-3-3,美浦 伊坂,464,0,
202406050607,2024-12-15,中山,7,2歳未勝利,芝,2000,右,晴,良,"5回 中山 6日目 サラ系２歳 未勝利       [指] 馬齢 18頭 本賞金:550,220,140,83,55万円",18,550.0,18,1,2,レッドキリアン,牡,2,56.0,横山和,123.1,2.1/2,7,21.0,38.7,18-14-3-7,美浦 奥村武,512,8,
202406050608,2024-12-15,中山,8,3歳以上1勝クラス,ダ,1200,右,晴,良,"5回 中山 6日目 サラ系３歳以上 １勝クラス       [指] 定量 16頭 本賞金:800,320,200,120,80万円",16,800.0,1,5,10,イルザ,牝,5,56.0,三浦,72.1,,8,25.2,36.6,13-13,美浦 小手川,464,-4,
202406050608,2024-12-15,中山,8,3歳以上1勝クラス,ダ,1200,右,晴,良,"5回 中山 6日目 サラ系３歳以上 １勝クラス       [指] 定量 16頭 本賞金:800,320,200,120,80万円",16,800.0,2,2,3,アグラード,牡,3,57.0,戸崎圭,72.4,1.3/4,1,3.6,36.5,16-15,美浦 高柳瑞,470,-2,
202406050608,2024-12-15,中山,8,3歳以上1勝クラス,ダ,1200,右,晴,良,"5回 中山 6日目 サラ系３歳以上 １勝クラス       [指] 定量 16頭 本賞金:800,320,200,120,80万円",16,800.0,3,4,7,ケープアグラス,牝,3,55.0,丹内,72.5,3/4,9,27.8,37.2,10-11,美浦 金成,452,-18,
202406050608,2024-12-15,中山,8,3歳以上1勝クラス,ダ,1200,右,晴,良,"5回 中山 6日目 サラ系３歳以上 １勝クラス       [指] 定量 16頭 本賞金:800,320,200,120,80万円",16,800.0,4,6,11,ベリーベリーベリー,牝,4,52.0,★小林美,72.7,1.1/4,5,9.5,37.2,13-13,美浦 鈴木伸,450,-2,
202406050608,2024-12-15,中山,8,3歳以上1勝クラス,ダ,1200,右,晴,良,"5回 中山 6日目 サラ系３歳以上 １勝クラス       [指] 定量 16頭 本賞金:800,320,200,120,80万円",16,800.0,5,8,15,ニシノリアリティ,牡,3,57.0,杉原,72.8,3/4,11,48.4,38.2,2-3,美浦 田村,522,2,
202406050608,2024-12-15,中山,8,3歳以上1勝クラス,ダ,1200,右,晴,良,"5回 中山 6日目 サラ系３歳以上 １勝クラス       [指] 定量 16頭 本賞金:800,320,200,120,80万円",16,800.0,6,1,1,パレスドフィーヌ,牝,3,55.0,マーカ,72.9,クビ,2,3.8,38.3,2-2,美浦 鈴木慎,486,6,
202406050608,2024-12-15,中山,8,3歳以上1勝クラス,ダ,1200,右,晴,良,"5回 中山 6日目 サラ系３歳以上 １勝クラス       [指] 定量 16頭 本賞金:800,320,200,120,80万円",16,800.0,7,7,14,バンブトンプロ,牡,4,58.0,柴田大,73.1,1.1/4,13,81.7,38.1,6-5,美浦 粕谷,480,10,
202406050608,2024-12-15,中山,8,3歳以上1勝クラス,ダ,1200,右,晴,良,"5回 中山 6日目 サラ系３歳以上 １勝クラス       [指] 定量 16頭 本賞金:800,320,200,120,80万円",16,800.0,8,8,16,アリュシナシオン,セ,5,58.0,津村,73.4,1.3/4,3,6.1,38.7,4-4,美浦 土田,528,-12,
202406050608,2024-12-15,中山,8,3歳以上1勝クラス,ダ,1200,右,晴,良,"5回 中山 6日目 サラ系３歳以上 １勝クラス       [指] 定量 16頭 本賞金:800,320,200,120,80万円",16,800.0,9,5,9,エスグラシア,牝,5,56.0,黛,73.5,1/2,6,11.1,38.2,10-9,美浦 加藤和,490,8,
202406050608,2024-12-15,中山,8,3歳以上1勝クラス,ダ,1200,右,晴,良,"5回 中山 6日目 サラ系３歳以上 １勝クラス       [指] 定量 16頭 本賞金:800,320,200,120,80万円",16,800.0,10,3,5,フクノルッカ,牝,6,56.0,松岡,73.7,1.1/4,14,123.7,38.9,4-5,美浦 堀内,476,20,
202406050608,2024-12-15,中山,8,3歳以上1勝クラス,ダ,1200,右,晴,良,"5回 中山 6日目 サラ系３歳以上 １勝クラス       [指] 定量 16頭 本賞金:800,320,200,120,80万円",16,800.0,11,3,6,ダイチラファール,牡,5,56.0,△小林脩,73.8,クビ,4,7.2,38.8,6-7,美浦 粕谷,466,10,
202406050608,2024-12-15,中山,8,3歳以上1勝クラス,ダ,1200,右,晴,良,"5回 中山 6日目 サラ系３歳以上 １勝クラス       [指] 定量 16頭 本賞金:800,320,200,120,80万円",16,800.0,12,7,13,レモンシフォン,牝,3,55.0,吉田豊,73.8,クビ,10,42.7,38.8,6-7,美浦 尾関,506,1,
202406050608,2024-12-15,中山,8,3歳以上1勝クラス,ダ,1200,右,晴,良,"5回 中山 6日目 サラ系３歳以上 １勝クラス       [指] 定量 16頭 本賞金:800,320,200,120,80万円",16,800.0,13,6,12,アイソラシー,牝,4,53.0,▲石神道,73.9,アタマ,16,247.8,38.1,15-16,美浦 大和田,438,-6,
202406050608,2024-12-15,中山,8,3歳以上1勝クラス,ダ,1200,右,晴,良,"5回 中山 6日目 サラ系３歳以上 １勝クラス       [指] 定量 16頭 本賞金:800,320,200,120,80万円",16,800.0,14,1,2,アンタノバラード,牝,4,56.0,内田博,74.3,2.1/2,7,18.4,39.4,6-9,美浦 伊藤大,450,8,
202406050608,2024-12-15,中山,8,3歳以上1勝クラス,ダ,1200,右,晴,良,"5回 中山 6日目 サラ系３歳以上 １勝クラス       [指] 定量 16頭 本賞金:800,320,200,120,80万円",16,800.0,15,4,8,クィーンアドバンス,牝,7,56.0,菊沢,74.4,1,12,64.4,39.1,10-11,美浦 勢司,486,12,
202406050608,2024-12-15,中山,8,3歳以上1勝クラス,ダ,1200,右,晴,良,"5回 中山 6日目 サラ系３歳以上 １勝クラス       [指] 定量 16頭 本賞金:800,320,200,120,80万円",16,800.0,16,2,4,デフィデリ,牡,5,58.0,石橋脩,75.0,3.1/2,15,168.7,40.7,1-1,美浦 南田,470,-2,
202406050609,2024-12-15,中山,9,香取特別,ダ,2400,右,晴,良,"5回 中山 6日目 サラ系３歳以上 ２勝クラス       (混)[指] 定量 14頭 本賞金:1550,620,390,230,155万円",14,1550.0,1,7,12,ニューバラード,牡,3,56.0,マーカ,155.0,,2,3.3,38.6,7-7-5-4,美浦 尾関,524,12,
202406050609,2024-12-15,中山,9,香取特別,ダ,2400,右,晴,良,"5回 中山 6日目 サラ系３歳以上 ２勝クラス       (混)[指] 定量 14頭 本賞金:1550,620,390,230,155万円",14,1550.0,2,3,3,アコークロー,牝,5,56.0,丸田,155.3,2,10,24.3,38.6,10-9-8-6,美浦 大竹,498,8,
202406050609,2024-12-15,中山,9,香取特別,ダ,2400,右,晴,良,"5回 中山 6日目 サラ系３歳以上 ２勝クラス       (混)[指] 定量 14頭 本賞金:1550,620,390,230,155万円",14,1550.0,3,4,5,インペリアルライン,セ,5,58.0,丹内,155.5,1.1/4,6,14.6,38.8,11-12-8-6,美浦 中舘,484,4,
202406050609,2024-12-15,中山,9,香取特別,ダ,2400,右,晴,良,"5回 中山 6日目 サラ系３歳以上 ２勝クラス       (混)[指] 定量 14頭 本賞金:1550,620,390,230,155万円",14,1550.0,4,1,1,マウンテンエース,牡,4,58.0,石橋脩,156.1,3.1/2,5,14.2,40.3,11-7-1-2,美浦 和田雄,508,-2,
202406050609,2024-12-15,中山,9,香取特別,ダ,2400,右,晴,良,"5回 中山 6日目 サラ系３歳以上 ２勝クラス       (混)[指] 定量 14頭 本賞金:1550,620,390,230,155万円",14,1550.0,5,2,2,バレンタインガール,牝,3,54.0,北村宏,156.4,1.3/4,14,151.7,39.0,13-13-13-11,美浦 古賀,460,-8,
202406050609,2024-12-15,中山,9,香取特別,ダ,2400,右,晴,良,"5回 中山 6日目 サラ系３歳以上 ２勝クラス       (混)[指] 定量 14頭 本賞金:1550,620,390,230,155万円",14,1550.0,6,5,8,ネイチャーシップ,牡,6,58.0,長浜,156.4,ハナ,8,22.6,39.3,14-14-10-9,美浦 根本,502,2,
202406050609,2024-12-15,中山,9,香取特別,ダ,2400,右,晴,良,"5回 中山 6日目 サラ系３歳以上 ２勝クラス       (混)[指] 定量 14頭 本賞金:1550,620,390,230,155万円",14,1550.0,7,5,7,ブロンディール,牝,4,56.0,内田博,156.6,1,12,71.4,39.2,8-10-13-11,美浦 深山,486,2,
202406050609,2024-12-15,中山,9,香取特別,ダ,2400,右,晴,良,"5回 中山 6日目 サラ系３歳以上 ２勝クラス       (混)[指] 定量 14頭 本賞金:1550,620,390,230,155万円",14,1550.0,8,7,11,ルーラーリッチ,セ,4,58.0,菅原明,156.7,1/2,4,9.7,40.3,6-6-5-4,美浦 小島,498,6,
202406050609,2024-12-15,中山,9,香取特別,ダ,2400,右,晴,良,"5回 中山 6日目 サラ系３歳以上 ２勝クラス       (混)[指] 定量 14頭 本賞金:1550,620,390,230,155万円",14,1550.0,9,4,6,カズタンジャー,牡,3,56.0,戸崎圭,156.9,1,1,2.9,40.7,3-3-4-3,栗東 新谷,500,4,
202406050609,2024-12-15,中山,9,香取特別,ダ,2400,右,晴,良,"5回 中山 6日目 サラ系３歳以上 ２勝クラス       (混)[指] 定量 14頭 本賞金:1550,620,390,230,155万円",14,1550.0,10,3,4,ヴォランテ,牡,4,58.0,大野,156.9,クビ,11,46.0,39.8,8-10-10-9,栗東 羽月,466,12,
202406050609,2024-12-15,中山,9,香取特別,ダ,2400,右,晴,良,"5回 中山 6日目 サラ系３歳以上 ２勝クラス       (混)[指] 定量 14頭 本賞金:1550,620,390,230,155万円",14,1550.0,11,6,9,アトラクティーボ,牡,5,58.0,荻野極,157.1,1,7,16.9,41.3,1-1-2-1,美浦 武藤,534,-12,
202406050609,2024-12-15,中山,9,香取特別,ダ,2400,右,晴,良,"5回 中山 6日目 サラ系３歳以上 ２勝クラス       (混)[指] 定量 14頭 本賞金:1550,620,390,230,155万円",14,1550.0,12,8,14,スプレーフォール,牡,3,56.0,木幡巧,157.1,ハナ,9,24.3,40.6,5-5-5-6,美浦 相沢,450,4,
202406050609,2024-12-15,中山,9,香取特別,ダ,2400,右,晴,良,"5回 中山 6日目 サラ系３歳以上 ２勝クラス       (混)[指] 定量 14頭 本賞金:1550,620,390,230,155万円",14,1550.0,13,6,10,クリーンドリーム,牡,6,58.0,松岡,159.8,大,13,128.8,42.7,3-3-10-14,美浦 鈴木伸,488,0,
202406050609,2024-12-15,中山,9,香取特別,ダ,2400,右,晴,良,"5回 中山 6日目 サラ系３歳以上 ２勝クラス       (混)[指] 定量 14頭 本賞金:1550,620,390,230,155万円",14,1550.0,,8,13,アーマルコライト,牡,3,56.0,横山武,,,3,7.1,,2-2-2-13,栗東 寺島,520,14,中止
202406050610,2024-12-15,中山,10,北総S,ダ,1800,右,晴,良,"5回 中山 6日目 サラ系３歳以上 ３勝クラス       (混)(特指) 定量 16頭 本賞金:1840,740,460,280,184万円",16,1840.0,1,1,2,ハビレ,牡,3,57.0,三浦,112.8,,1,2.5,37.5,15-15-13-10,美浦 武井,514,14,
202406050610,2024-12-15,中山,10,北総S,ダ,1800,右,晴,良,"5回 中山 6日目 サラ系３歳以上 ３勝クラス       (混)(特指) 定量 16頭 本賞金:1840,740,460,280,184万円",16,1840.0,2,2,3,マンマリアーレ,牝,4,56.0,荻野極,113.0,1.1/4,2,5.1,38.3,8-9-8-10,美浦 高木,474,2,
202406050610,2024-12-15,中山,10,北総S,ダ,1800,右,晴,良,"5回 中山 6日目 サラ系３歳以上 ３勝クラス       (混)(特指) 定量 16頭 本賞金:1840,740,460,280,184万円",16,1840.0,3,6,12,ロジアデレード,牡,3,57.0,野中,113.1,クビ,3,6.5,39.0,2-2-2-1,美浦 稲垣,502,6,
202406050610,2024-12-15,中山,10,北総S,ダ,1800,右,晴,良,"5回 中山 6日目 サラ系３歳以上 ３勝クラス       (混)(特指) 定量 16頭 本賞金:1840,740,460,280,184万円",16,1840.0,4,6,11,オンザライン,セ,6,58.0,マーカ,113.2,3/4,5,10.0,38.6,7-7-7-4,美浦 大和田,462,18,
202406050610,2024-12-15,中山,10,北総S,ダ,1800,右,晴,良,"5回 中山 6日目 サラ系３歳以上 ３勝クラス       (混)(特指) 定量 16頭 本賞金:1840,740,460,280,184万円",16,1840.0,5,5,10,ピュアキアン,牡,3,57.0,吉田豊,113.5,2,4,7.1,39.5,1-1-1-2,美浦 竹内,512,2,
202406050610,2024-12-15,中山,10,北総S,ダ,1800,右,晴,良,"5回 中山 6日目 サラ系３歳以上 ３勝クラス       (混)(特指) 定量 16頭 本賞金:1840,740,460,280,184万円",16,1840.0,6,8,16,アイファーエポック,牡,5,58.0,江田照,113.6,クビ,16,279.9,38.6,11-10-10-8,美浦 根本,490,2,
202406050610,2024-12-15,中山,10,北総S,ダ,1800,右,晴,良,"5回 中山 6日目 サラ系３歳以上 ３勝クラス       (混)(特指) 定量 16頭 本賞金:1840,740,460,280,184万円",16,1840.0,7,3,6,アスクビックスター,牡,5,58.0,黛,113.8,1.1/2,13,122.3,39.1,8-7-8-8,栗東 矢作,478,-20,
202406050610,2024-12-15,中山,10,北総S,ダ,1800,右,晴,良,"5回 中山 6日目 サラ系３歳以上 ３勝クラス       (混)(特指) 定量 16頭 本賞金:1840,740,460,280,184万円",16,1840.0,8,4,7,オレデイイノカ,牡,6,58.0,内田博,113.8,ハナ,11,57.8,39.4,5-5-5-3,美浦 古賀,512,8,
202406050610,2024-12-15,中山,10,北総S,ダ,1800,右,晴,良,"5回 中山 6日目 サラ系３歳以上 ３勝クラス       (混)(特指) 定量 16頭 本賞金:1840,740,460,280,184万円",16,1840.0,9,2,4,ローズボウル,牡,6,58.0,石川,113.9,クビ,15,143.3,38.3,16-16-16-16,美浦 林,524,10,
202406050610,2024-12-15,中山,10,北総S,ダ,1800,右,晴,良,"5回 中山 6日目 サラ系３歳以上 ３勝クラス       (混)(特指) 定量 16頭 本賞金:1840,740,460,280,184万円",16,1840.0,10,8,15,フランスゴデイナ,牡,6,58.0,戸崎圭,113.9,クビ,6,10.2,39.5,5-5-5-4,栗東 森秀,498,0,
202406050610,2024-12-15,中山,10,北総S,ダ,1800,右,晴,良,"5回 中山 6日目 サラ系３歳以上 ３勝クラス       (混)(特指) 定量 16頭 本賞金:1840,740,460,280,184万円",16,1840.0,11,5,9,ヨリノサファイヤ,牝,4,56.0,長浜,114.3,2,12,118.2,39.3,13-13-10-12,美浦 根本,530,4,
202406050610,2024-12-15,中山,10,北総S,ダ,1800,右,晴,良,"5回 中山 6日目 サラ系３歳以上 ３勝クラス       (混)(特指) 定量 16頭 本賞金:1840,740,460,280,184万円",16,1840.0,12,7,14,セブンスレター,セ,5,58.0,津村,114.4,1/2,10,50.7,39.1,11-12-13-14,美浦 高橋文,496,2,
202406050610,2024-12-15,中山,10,北総S,ダ,1800,右,晴,良,"5回 中山 6日目 サラ系３歳以上 ３勝クラス       (混)(特指) 定量 16頭 本賞金:1840,740,460,280,184万円",16,1840.0,13,1,1,グランツアーテム,牡,6,58.0,菅原明,114.7,2,7,17.5,39.4,13-13-13-12,美浦 中川,522,0,
202406050610,2024-12-15,中山,10,北総S,ダ,1800,右,晴,良,"5回 中山 6日目 サラ系３歳以上 ３勝クラス       (混)(特指) 定量 16頭 本賞金:1840,740,460,280,184万円",16,1840.0,14,4,8,スマラグドス,牡,4,58.0,石橋脩,114.9,1,14,142.9,40.6,3-2-3-4,栗東 西園正,480,2,
202406050610,2024-12-15,中山,10,北総S,ダ,1800,右,晴,良,"5回 中山 6日目 サラ系３歳以上 ３勝クラス       (混)(特指) 定量 16頭 本賞金:1840,740,460,280,184万円",16,1840.0,15,7,13,ゲットアップ,セ,6,58.0,田辺,115.3,2.1/2,9,48.4,40.2,8-10-10-14,美浦 牧,488,6,
202406050610,2024-12-15,中山,10,北総S,ダ,1800,右,晴,良,"5回 中山 6日目 サラ系３歳以上 ３勝クラス       (混)(特指) 定量 16頭 本賞金:1840,740,460,280,184万円",16,1840.0,16,3,5,メイショウコバト,牝,4,56.0,横山和,115.5,1.1/2,8,32.2,41.2,3-4-3-4,美浦 和田勇,468,8,
202406050611,2024-12-15,中山,11,ディセンバーS,芝,1800,右,晴,良,"5回 中山 6日目 サラ系３歳以上 オープン       (国際)(特指) 別定 16頭 本賞金:2800,1100,700,420,280万円",16,2800.0,1,1,2,エコロヴァルツ,牡,3,56.0,マーカ,105.2,,1,2.6,34.0,3-3-3-3,栗東 牧浦,488,0,
202406050611,2024-12-15,中山,11,ディセンバーS,芝,1800,右,晴,良,"5回 中山 6日目 サラ系３歳以上 オープン       (国際)(特指) 別定 16頭 本賞金:2800,1100,700,420,280万円",16,2800.0,2,4,7,ジューンオレンジ,牝,4,55.0,横山武,105.4,1.1/4,6,10.4,33.8,11-9-13-7,栗東 長谷川,460,4,
202406050611,2024-12-15,中山,11,ディセンバーS,芝,1800,右,晴,良,"5回 中山 6日目 サラ系３歳以上 オープン       (国際)(特指) 別定 16頭 本賞金:2800,1100,700,420,280万円",16,2800.0,3,3,5,バラジ,セ,5,57.0,三浦,105.8,2,7,15.3,34.7,3-3-3-3,美浦 鹿戸,512,10,
202406050611,2024-12-15,中山,11,ディセンバーS,芝,1800,右,晴,良,"5回 中山 6日目 サラ系３歳以上 オープン       (国際)(特指) 別定 16頭 本賞金:2800,1100,700,420,280万円",16,2800.0,4,3,6,グランスラムアスク,牝,5,55.0,荻野極,105.8,アタマ,9,51.6,34.4,5-5-7-5,栗東 矢作,466,-8,
202406050611,2024-12-15,中山,11,ディセンバーS,芝,1800,右,晴,良,"5回 中山 6日目 サラ系３歳以上 オープン       (国際)(特指) 別定 16頭 本賞金:2800,1100,700,420,280万円",16,2800.0,5,6,11,ホウオウリアリティ,牡,6,57.0,菅原明,105.9,クビ,16,152.0,34.1,12-12-14-14,美浦 高木,486,0,
202406050611,2024-12-15,中山,11,ディセンバーS,芝,1800,右,晴,良,"5回 中山 6日目 サラ系３歳以上 オープン       (国際)(特指) 別定 16頭 本賞金:2800,1100,700,420,280万円",16,2800.0,6,2,4,ビーアストニッシド,牡,5,58.0,西村太,105.9,アタマ,12,67.8,35.4,2-2-2-2,美浦 堀内,482,-2,
202406050611,2024-12-15,中山,11,ディセンバーS,芝,1800,右,晴,良,"5回 中山 6日目 サラ系３歳以上 オープン       (国際)(特指) 別定 16頭 本賞金:2800,1100,700,420,280万円",16,2800.0,7,2,3,ノースザワールド,牡,6,57.0,内田博,105.9,クビ,13,81.3,34.4,5-5-9-5,美浦 斎藤誠,504,6,
202406050611,2024-12-15,中山,11,ディセンバーS,芝,1800,右,晴,良,"5回 中山 6日目 サラ系３歳以上 オープン       (国際)(特指) 別定 16頭 本賞金:2800,1100,700,420,280万円",16,2800.0,8,8,15,ロングラン,セ,6,59.0,丹内,106.0,3/4,4,8.2,34.5,12-12-9-9,美浦 和田勇,486,4,
202406050611,2024-12-15,中山,11,ディセンバーS,芝,1800,右,晴,良,"5回 中山 6日目 サラ系３歳以上 オープン       (国際)(特指) 別定 16頭 本賞金:2800,1100,700,420,280万円",16,2800.0,9,4,8,コントラポスト,牡,4,57.0,横山和,106.1,1/2,2,4.5,34.6,5-5-9-11,美浦 菊沢,472,8,
202406050611,2024-12-15,中山,11,ディセンバーS,芝,1800,右,晴,良,"5回 中山 6日目 サラ系３歳以上 オープン       (国際)(特指) 別定 16頭 本賞金:2800,1100,700,420,280万円",16,2800.0,10,5,9,コンクシェル,牝,4,57.0,津村,106.4,1.3/4,3,7.3,36.1,1-1-1-1,栗東 清水久,472,-8,
202406050611,2024-12-15,中山,11,ディセンバーS,芝,1800,右,晴,良,"5回 中山 6日目 サラ系３歳以上 オープン       (国際)(特指) 別定 16頭 本賞金:2800,1100,700,420,280万円",16,2800.0,11,5,10,エスコーラ,牡,6,57.0,戸崎圭,106.4,クビ,5,9.5,34.7,9-9-14-14,栗東 中内田,514,0,
202406050611,2024-12-15,中山,11,ディセンバーS,芝,1800,右,晴,良,"5回 中山 6日目 サラ系３歳以上 オープン       (国際)(特指) 別定 16頭 本賞金:2800,1100,700,420,280万円",16,2800.0,12,1,1,プラチナトレジャー,牡,6,57.0,田辺,106.4,ハナ,11,63.1,34.2,15-16-16-16,美浦 国枝,482,4,
202406050611,2024-12-15,中山,11,ディセンバーS,芝,1800,右,晴,良,"5回 中山 6日目 サラ系３歳以上 オープン       (国際)(特指) 別定 16頭 本賞金:2800,1100,700,420,280万円",16,2800.0,13,8,16,ショウナンマグマ,牡,5,58.0,吉田豊,107.2,5,8,32.4,36.0,9-9-3-7,美浦 尾関,524,16,
202406050611,2024-12-15,中山,11,ディセンバーS,芝,1800,右,晴,良,"5回 中山 6日目 サラ系３歳以上 オープン       (国際)(特指) 別定 16頭 本賞金:2800,1100,700,420,280万円",16,2800.0,14,7,14,アケルナルスター,牡,5,57.0,杉原,107.2,クビ,10,55.7,35.7,15-15-9-11,美浦 清水英,468,-4,
202406050611,2024-12-15,中山,11,ディセンバーS,芝,1800,右,晴,良,"5回 中山 6日目 サラ系３歳以上 オープン       (国際)(特指) 別定 16頭 本賞金:2800,1100,700,420,280万円",16,2800.0,15,6,12,セファーラジエル,牡,6,57.0,松岡,107.7,3,15,143.5,36.4,14-14-7-11,栗東 高柳大,530,4,
202406050611,2024-12-15,中山,11,ディセンバーS,芝,1800,右,晴,良,"5回 中山 6日目 サラ系３歳以上 オープン       (国際)(特指) 別定 16頭 本賞金:2800,1100,700,420,280万円",16,2800.0,16,7,13,スパイラルノヴァ,牡,6,57.0,北村宏,108.5,5,14,114.2,37.3,5-5-3-9,栗東 藤岡,478,0,
202406050612,2024-12-15,中山,12,3歳以上1勝クラス,芝,1600,右,晴,良,"5回 中山 6日目 サラ系３歳以上 １勝クラス       (混)[指] 定量 16頭 本賞金:800,320,200,120,80万円",16,800.0,1,4,8,レッドアトレーヴ,牡,3,57.0,横山和,93.3,,3,4.4,34.9,2-2-2,美浦 手塚,484,-2,
202406050612,2024-12-15,中山,12,3歳以上1勝クラス,芝,1600,右,晴,良,"5回 中山 6日目 サラ系３歳以上 １勝クラス       (混)[指] 定量 16頭 本賞金:800,320,200,120,80万円",16,800.0,2,4,7,レッドロスタム,牡,4,58.0,三浦,93.4,1/2,2,4.4,35.1,1-1-1,美浦 国枝,500,8,
202406050612,2024-12-15,中山,12,3歳以上1勝クラス,芝,1600,右,晴,良,"5回 中山 6日目 サラ系３歳以上 １勝クラス       (混)[指] 定量 16頭 本賞金:800,320,200,120,80万円",16,800.0,3,3,6,トゥルーサクセサー,牡,3,57.0,菅原明,93.5,1/2,6,12.1,34.3,13-10-10,美浦 高木,462,-4,
202406050612,2024-12-15,中山,12,3歳以上1勝クラス,芝,1600,右,晴,良,"5回 中山 6日目 サラ系３歳以上 １勝クラス       (混)[指] 定量 16頭 本賞金:800,320,200,120,80万円",16,800.0,4,5,9,アサクサヴィーナス,牝,4,56.0,大野,93.5,ハナ,7,25.3,35.0,6-2-3,美浦 高柳瑞,464,2,
202406050612,2024-12-15,中山,12,3歳以上1勝クラス,芝,1600,右,晴,良,"5回 中山 6日目 サラ系３歳以上 １勝クラス       (混)[指] 定量 16頭 本賞金:800,320,200,120,80万円",16,800.0,5,8,16,ラヴスコール,牝,3,55.0,横山武,93.5,ハナ,4,8.5,34.0,13-13-13,美浦 加藤征,426,-2,
202406050612,2024-12-15,中山,12,3歳以上1勝クラス,芝,1600,右,晴,良,"5回 中山 6日目 サラ系３歳以上 １勝クラス       (混)[指] 定量 16頭 本賞金:800,320,200,120,80万円",16,800.0,6,7,13,エールトゥヘヴン,牡,5,58.0,丹内,93.6,クビ,9,30.7,34.7,8-7-7,美浦 戸田,468,-2,
202406050612,2024-12-15,中山,12,3歳以上1勝クラス,芝,1600,右,晴,良,"5回 中山 6日目 サラ系３歳以上 １勝クラス       (混)[指] 定量 16頭 本賞金:800,320,200,120,80万円",16,800.0,7,1,2,アンドアイラヴハー,牝,3,55.0,マーカ,93.7,3/4,1,3.0,34.8,4-7-7,美浦 田村,480,4,
202406050612,2024-12-15,中山,12,3歳以上1勝クラス,芝,1600,右,晴,良,"5回 中山 6日目 サラ系３歳以上 １勝クラス       (混)[指] 定量 16頭 本賞金:800,320,200,120,80万円",16,800.0,8,2,4,ニシノインヴィクタ,牡,3,57.0,田辺,93.9,3/4,5,9.2,34.8,8-10-10,美浦 本間,512,8,
202406050612,2024-12-15,中山,12,3歳以上1勝クラス,芝,1600,右,晴,良,"5回 中山 6日目 サラ系３歳以上 １勝クラス       (混)[指] 定量 16頭 本賞金:800,320,200,120,80万円",16,800.0,9,6,11,テリオスルル,牝,3,55.0,荻野極,93.9,クビ,11,90.2,35.2,6-4-4,美浦 田島,472,-4,
202406050612,2024-12-15,中山,12,3歳以上1勝クラス,芝,1600,右,晴,良,"5回 中山 6日目 サラ系３歳以上 １勝クラス       (混)[指] 定量 16頭 本賞金:800,320,200,120,80万円",16,800.0,10,5,10,スイーツバイキング,牝,4,56.0,津村,94.0,クビ,15,233.1,35.0,11-7-7,美浦 大竹,458,4,
202406050612,2024-12-15,中山,12,3歳以上1勝クラス,芝,1600,右,晴,良,"5回 中山 6日目 サラ系３歳以上 １勝クラス       (混)[指] 定量 16頭 本賞金:800,320,200,120,80万円",16,800.0,11,3,5,ビジューブリランテ,セ,6,58.0,内田博,94.0,ハナ,10,78.1,35.3,4-4-4,美浦 武井,492,-2,
202406050612,2024-12-15,中山,12,3歳以上1勝クラス,芝,1600,右,晴,良,"5回 中山 6日目 サラ系３歳以上 １勝クラス       (混)[指] 定量 16頭 本賞金:800,320,200,120,80万円",16,800.0,12,1,1,ヴィントシュティレ,牝,3,55.0,北村宏,94.3,1.3/4,12,103.8,35.1,8-10-12,美浦 古賀,482,14,
202406050612,2024-12-15,中山,12,3歳以上1勝クラス,芝,1600,右,晴,良,"5回 中山 6日目 サラ系３歳以上 １勝クラス       (混)[指] 定量 16頭 本賞金:800,320,200,120,80万円",16,800.0,13,2,3,アオイコウキ,牡,4,58.0,戸崎圭,94.4,1/2,8,28.4,35.7,2-4-4,美浦 古賀,512,8,
202406050612,2024-12-15,中山,12,3歳以上1勝クラス,芝,1600,右,晴,良,"5回 中山 6日目 サラ系３歳以上 １勝クラス       (混)[指] 定量 16頭 本賞金:800,320,200,120,80万円",16,800.0,14,8,15,タイガードラゴン,牡,3,54.0,▲長浜,94.4,クビ,13,160.4,34.7,15-15-14,美浦 黒岩,456,18,
202406050612,2024-12-15,中山,12,3歳以上1勝クラス,芝,1600,右,晴,良,"5回 中山 6日目 サラ系３歳以上 １勝クラス       (混)[指] 定量 16頭 本賞金:800,320,200,120,80万円",16,800.0,15,7,14,リメリック,牡,3,57.0,木幡巧,94.6,1.1/4,14,201.1,34.8,16-16-15,美浦 宗像,458,8,
202406050612,2024-12-15,中山,12,3歳以上1勝クラス,芝,1600,右,晴,良,"5回 中山 6日目 サラ系３歳以上 １勝クラス       (混)[指] 定量 16頭 本賞金:800,320,200,120,80万円",16,800.0,16,6,12,ヴィーゲイツ,牝,3,55.0,木幡育,94.8,1,16,270.0,35.2,11-13-15,美浦 千葉,458,14,
202407040601,2024-12-15,中京,1,2歳未勝利,ダ,1800,左,晴,良,"4回 中京 6日目 サラ系２歳 未勝利       [指] 馬齢 15頭 本賞金:550,220,140,83,55万円",15,550.0,1,2,2,ヤングアメリカンズ,牡,2,55.0,☆小沢,115.0,,1,3.6,37.5,3-3-5-4,栗東 奥村豊,492,12,
202407040601,2024-12-15,中京,1,2歳未勝利,ダ,1800,左,晴,良,"4回 中京 6日目 サラ系２歳 未勝利       [指] 馬齢 15頭 本賞金:550,220,140,83,55万円",15,550.0,2,7,13,エポエポサン,牡,2,56.0,佐々木,115.1,1,8,20.9,37.9,2-2-2-2,栗東 須貝,470,0,
202407040601,2024-12-15,中京,1,2歳未勝利,ダ,1800,左,晴,良,"4回 中京 6日目 サラ系２歳 未勝利       [指] 馬齢 15頭 本賞金:550,220,140,83,55万円",15,550.0,3,4,7,レズルレクティオ,牡,2,55.0,☆松本,116.1,6,4,6.3,38.0,6-6-9-10,栗東 安田,484,4,
202407040601,2024-12-15,中京,1,2歳未勝利,ダ,1800,左,晴,良,"4回 中京 6日目 サラ系２歳 未勝利       [指] 馬齢 15頭 本賞金:550,220,140,83,55万円",15,550.0,4,4,6,エイユーファイヤー,牡,2,56.0,中井,116.2,3/4,12,123.9,38.9,14-14-4-5,栗東 森田,496,10,
202407040601,2024-12-15,中京,1,2歳未勝利,ダ,1800,左,晴,良,"4回 中京 6日目 サラ系２歳 未勝利       [指] 馬齢 15頭 本賞金:550,220,140,83,55万円",15,550.0,5,3,5,タイセイバンクール,牡,2,56.0,鮫島駿,116.2,ハナ,3,5.3,38.5,6-6-6-5,栗東 西村,456,2,
202407040601,2024-12-15,中京,1,2歳未勝利,ダ,1800,左,晴,良,"4回 中京 6日目 サラ系２歳 未勝利       [指] 馬齢 15頭 本賞金:550,220,140,83,55万円",15,550.0,6,5,8,ウィズマスタング,牡,2,55.0,☆原,116.6,2.1/2,9,21.8,38.9,8-6-6-7,栗東 西園翔,442,-2,
202407040601,2024-12-15,中京,1,2歳未勝利,ダ,1800,左,晴,良,"4回 中京 6日目 サラ系２歳 未勝利       [指] 馬齢 15頭 本賞金:550,220,140,83,55万円",15,550.0,7,1,1,ハイアップグレード,牡,2,56.0,酒井,116.6,ハナ,7,18.5,38.6,12-13-9-8,栗東 谷,472,-2,
202407040601,2024-12-15,中京,1,2歳未勝利,ダ,1800,左,晴,良,"4回 中京 6日目 サラ系２歳 未勝利       [指] 馬齢 15頭 本賞金:550,220,140,83,55万円",15,550.0,8,8,15,ボールドハーテッド,牡,2,55.0,☆西塚,116.8,1.1/2,10,63.7,39.6,3-3-2-2,栗東 鈴木孝,446,-6,
202407040601,2024-12-15,中京,1,2歳未勝利,ダ,1800,左,晴,良,"4回 中京 6日目 サラ系２歳 未勝利       [指] 馬齢 15頭 本賞金:550,220,140,83,55万円",15,550.0,9,6,11,バヤシーフェイス,牡,2,56.0,団野,116.9,クビ,6,15.1,39.8,1-1-1-1,栗東 西園翔,522,8,
202407040601,2024-12-15,中京,1,2歳未勝利,ダ,1800,左,晴,良,"4回 中京 6日目 サラ系２歳 未勝利       [指] 馬齢 15頭 本賞金:550,220,140,83,55万円",15,550.0,10,5,9,ホウオウレイヴン,牡,2,53.0,▲川端,117.1,1,5,10.4,38.4,14-14-14-14,栗東 矢作,468,4,
202407040601,2024-12-15,中京,1,2歳未勝利,ダ,1800,左,晴,良,"4回 中京 6日目 サラ系２歳 未勝利       [指] 馬齢 15頭 本賞金:550,220,140,83,55万円",15,550.0,11,7,12,サイモンベローチェ,牡,2,54.0,△高杉,117.2,3/4,2,3.6,39.0,10-11-11-10,栗東 佐々木,522,4,
202407040601,2024-12-15,中京,1,2歳未勝利,ダ,1800,左,晴,良,"4回 中京 6日目 サラ系２歳 未勝利       [指] 馬齢 15頭 本賞金:550,220,140,83,55万円",15,550.0,12,2,3,プリスクリプション,牡,2,56.0,長岡,117.3,クビ,14,318.2,39.0,10-9-12-12,栗東 杉山佳,386,4,
202407040601,2024-12-15,中京,1,2歳未勝利,ダ,1800,左,晴,良,"4回 中京 6日目 サラ系２歳 未勝利       [指] 馬齢 15頭 本賞金:550,220,140,83,55万円",15,550.0,13,8,14,スウィープレジーナ,牝,2,55.0,国分恭,117.5,1,11,88.6,39.1,9-9-12-12,栗東 西園翔,508,-2,
202407040601,2024-12-15,中京,1,2歳未勝利,ダ,1800,左,晴,良,"4回 中京 6日目 サラ系２歳 未勝利       [指] 馬齢 15頭 本賞金:550,220,140,83,55万円",15,550.0,14,6,10,イリバーレ,牡,2,56.0,川又,117.7,1.1/2,13,201.4,38.6,12-11-15-15,栗東 牧田,474,-4,
202407040601,2024-12-15,中京,1,2歳未勝利,ダ,1800,左,晴,良,"4回 中京 6日目 サラ系２歳 未勝利       [指] 馬齢 15頭 本賞金:550,220,140,83,55万円",15,550.0,15,3,4,ジェイルブレイク,牡,2,56.0,菅原隆,118.5,5,15,374.7,40.7,3-5-6-8,美浦 蛯名利,446,6,
202407040602,2024-12-15,中京,2,3歳以上1勝クラス,ダ,1200,左,晴,良,"4回 中京 6日目 サラ系３歳以上 １勝クラス       [指] 定量 16頭 本賞金:800,320,200,120,80万円",16,800.0,1,2,4,メイショウキルギス,牡,3,55.0,△高杉,71.5,,1,2.6,36.9,1-1,栗東 高橋亮,478,2,
202407040602,2024-12-15,中京,2,3歳以上1勝クラス,ダ,1200,左,晴,良,"4回 中京 6日目 サラ系３歳以上 １勝クラス       [指] 定量 16頭 本賞金:800,320,200,120,80万円",16,800.0,2,3,6,ヨドノゴールド,牡,6,55.0,▲橋木,71.9,2.1/2,2,3.7,37.0,3-3,栗東 西園正,474,4,
202407040602,2024-12-15,中京,2,3歳以上1勝クラス,ダ,1200,左,晴,良,"4回 中京 6日目 サラ系３歳以上 １勝クラス       [指] 定量 16頭 本賞金:800,320,200,120,80万円",16,800.0,3,5,9,サンレイマリー,牡,3,57.0,佐々木,72.3,2.1/2,13,55.9,37.1,4-4,美浦 伊藤圭,482,18,
202407040602,2024-12-15,中京,2,3歳以上1勝クラス,ダ,1200,左,晴,良,"4回 中京 6日目 サラ系３歳以上 １勝クラス       [指] 定量 16頭 本賞金:800,320,200,120,80万円",16,800.0,4,3,5,ペッパーミル,牡,3,57.0,吉田隼,72.8,3,15,59.9,36.9,11-9,美浦 加藤士,506,-4,
202407040602,2024-12-15,中京,2,3歳以上1勝クラス,ダ,1200,左,晴,良,"4回 中京 6日目 サラ系３歳以上 １勝クラス       [指] 定量 16頭 本賞金:800,320,200,120,80万円",16,800.0,5,7,14,オオゾラヒバリ,牝,3,55.0,丸山,72.9,1/2,7,23.3,37.6,5-5,美浦 根本,456,18,
202407040602,2024-12-15,中京,2,3歳以上1勝クラス,ダ,1200,左,晴,良,"4回 中京 6日目 サラ系３歳以上 １勝クラス       [指] 定量 16頭 本賞金:800,320,200,120,80万円",16,800.0,6,5,10,マーゴットファブ,牡,3,57.0,西村淳,73.0,1/2,6,18.7,38.3,2-2,美浦 伊坂,532,8,
202407040602,2024-12-15,中京,2,3歳以上1勝クラス,ダ,1200,左,晴,良,"4回 中京 6日目 サラ系３歳以上 １勝クラス       [指] 定量 16頭 本賞金:800,320,200,120,80万円",16,800.0,7,6,12,スマートオリーブ,牝,5,55.0,☆原,73.0,ハナ,3,8.0,37.6,5-5,美浦 蛯名利,480,0,
202407040602,2024-12-15,中京,2,3歳以上1勝クラス,ダ,1200,左,晴,良,"4回 中京 6日目 サラ系３歳以上 １勝クラス       [指] 定量 16頭 本賞金:800,320,200,120,80万円",16,800.0,8,8,16,レイワホマレ,牡,5,55.0,▲石田,73.1,1/2,4,10.3,37.4,8-7,栗東 高柳大,536,12,
202407040602,2024-12-15,中京,2,3歳以上1勝クラス,ダ,1200,左,晴,良,"4回 中京 6日目 サラ系３歳以上 １勝クラス       [指] 定量 16頭 本賞金:800,320,200,120,80万円",16,800.0,9,7,13,ワンリオン,牡,5,58.0,亀田,73.2,1/2,11,45.1,36.8,16-16,栗東 北出,506,20,
202407040602,2024-12-15,中京,2,3歳以上1勝クラス,ダ,1200,左,晴,良,"4回 中京 6日目 サラ系３歳以上 １勝クラス       [指] 定量 16頭 本賞金:800,320,200,120,80万円",16,800.0,10,1,1,イエスウィズキャン,牡,4,58.0,酒井,73.4,1,8,25.2,37.4,11-11,栗東 羽月,548,8,
202407040602,2024-12-15,中京,2,3歳以上1勝クラス,ダ,1200,左,晴,良,"4回 中京 6日目 サラ系３歳以上 １勝クラス       [指] 定量 16頭 本賞金:800,320,200,120,80万円",16,800.0,11,2,3,ジェットブレイク,牡,3,57.0,斎藤,73.7,1.3/4,12,53.4,37.9,8-9,美浦 斎藤誠,490,0,
202407040602,2024-12-15,中京,2,3歳以上1勝クラス,ダ,1200,左,晴,良,"4回 中京 6日目 サラ系３歳以上 １勝クラス       [指] 定量 16頭 本賞金:800,320,200,120,80万円",16,800.0,12,8,15,タガノヒナタ,牝,3,54.0,☆小沢,73.8,クビ,5,11.6,37.8,11-13,栗東 石橋,498,-4,
202407040602,2024-12-15,中京,2,3歳以上1勝クラス,ダ,1200,左,晴,良,"4回 中京 6日目 サラ系３歳以上 １勝クラス       [指] 定量 16頭 本賞金:800,320,200,120,80万円",16,800.0,13,6,11,カルツァクライン,牡,3,57.0,伊藤,73.8,クビ,16,366.2,37.5,14-14,美浦 林,450,8,
202407040602,2024-12-15,中京,2,3歳以上1勝クラス,ダ,1200,左,晴,良,"4回 中京 6日目 サラ系３歳以上 １勝クラス       [指] 定量 16頭 本賞金:800,320,200,120,80万円",16,800.0,14,4,7,ペイシャニット,牝,3,53.0,◇永島,73.9,クビ,10,33.8,37.6,14-14,美浦 伊藤伸,468,-2,
202407040602,2024-12-15,中京,2,3歳以上1勝クラス,ダ,1200,左,晴,良,"4回 中京 6日目 サラ系３歳以上 １勝クラス       [指] 定量 16頭 本賞金:800,320,200,120,80万円",16,800.0,15,4,8,ピコサン,牡,3,57.0,鮫島駿,74.9,6,9,33.2,39.3,7-7,栗東 宮地,500,28,
202407040602,2024-12-15,中京,2,3歳以上1勝クラス,ダ,1200,左,晴,良,"4回 中京 6日目 サラ系３歳以上 １勝クラス       [指] 定量 16頭 本賞金:800,320,200,120,80万円",16,800.0,16,1,2,ゴーゴーケイコ,牝,3,54.0,☆横山琉,75.2,1.3/4,14,56.2,39.4,8-11,美浦 中舘,460,-2,
202407040603,2024-12-15,中京,3,3歳以上1勝クラス,ダ,1800,左,晴,良,"4回 中京 6日目 サラ系３歳以上 １勝クラス       [指] 定量 16頭 本賞金:800,320,200,120,80万円",16,800.0,1,6,11,ボックスオフィス,牡,3,57.0,川又,113.1,,5,25.0,37.8,3-4-2-2,栗東 吉村,516,-8,
202407040603,2024-12-15,中京,3,3歳以上1勝クラス,ダ,1800,左,晴,良,"4回 中京 6日目 サラ系３歳以上 １勝クラス       [指] 定量 16頭 本賞金:800,320,200,120,80万円",16,800.0,2,6,12,ペンナヴェローチェ,牡,3,57.0,佐々木,113.1,ハナ,2,3.0,37.5,6-6-5-3,栗東 須貝,496,0,
202407040603,2024-12-15,中京,3,3歳以上1勝クラス,ダ,1800,左,晴,良,"4回 中京 6日目 サラ系３歳以上 １勝クラス       [指] 定量 16頭 本賞金:800,320,200,120,80万円",16,800.0,3,4,7,アルゴナヴィス,牡,3,57.0,西村淳,113.1,ハナ,1,1.6,37.9,1-1-1-1,栗東 池江,484,10,
202407040603,2024-12-15,中京,3,3歳以上1勝クラス,ダ,1800,左,晴,良,"4回 中京 6日目 サラ系３歳以上 １勝クラス       [指] 定量 16頭 本賞金:800,320,200,120,80万円",16,800.0,4,1,1,リュケイオン,牡,3,57.0,浜中,113.6,3,3,12.1,37.7,15-15-8-7,美浦 奥村武,438,14,
202407040603,2024-12-15,中京,3,3歳以上1勝クラス,ダ,1800,左,晴,良,"4回 中京 6日目 サラ系３歳以上 １勝クラス       [指] 定量 16頭 本賞金:800,320,200,120,80万円",16,800.0,5,1,2,カビーリア,牡,4,58.0,太宰,113.8,1.1/4,12,159.2,37.9,11-9-8-8,栗東 飯田,494,0,
202407040603,2024-12-15,中京,3,3歳以上1勝クラス,ダ,1800,左,晴,良,"4回 中京 6日目 サラ系３歳以上 １勝クラス       [指] 定量 16頭 本賞金:800,320,200,120,80万円",16,800.0,6,7,13,デスティノ,牡,4,57.0,☆原,113.9,クビ,9,66.1,37.7,9-9-11-10,美浦 矢野,544,8,
202407040603,2024-12-15,中京,3,3歳以上1勝クラス,ダ,1800,左,晴,良,"4回 中京 6日目 サラ系３歳以上 １勝クラス       [指] 定量 16頭 本賞金:800,320,200,120,80万円",16,800.0,7,3,6,サトノルクソン,牡,4,57.0,☆小沢,113.9,アタマ,6,27.0,38.2,5-5-5-8,栗東 藤原,488,12,
202407040603,2024-12-15,中京,3,3歳以上1勝クラス,ダ,1800,左,晴,良,"4回 中京 6日目 サラ系３歳以上 １勝クラス       [指] 定量 16頭 本賞金:800,320,200,120,80万円",16,800.0,8,2,4,オブシディアン,牡,4,57.0,☆西塚,114.2,2,14,263.7,37.8,11-12-12-10,美浦 武藤,528,-12,
202407040603,2024-12-15,中京,3,3歳以上1勝クラス,ダ,1800,左,晴,良,"4回 中京 6日目 サラ系３歳以上 １勝クラス       [指] 定量 16頭 本賞金:800,320,200,120,80万円",16,800.0,9,5,9,ガウラスパーク,牡,3,54.0,▲石田,114.3,クビ,8,47.7,39.0,2-2-2-3,栗東 高柳大,538,12,
202407040603,2024-12-15,中京,3,3歳以上1勝クラス,ダ,1800,左,晴,良,"4回 中京 6日目 サラ系３歳以上 １勝クラス       [指] 定量 16頭 本賞金:800,320,200,120,80万円",16,800.0,10,3,5,ゲインサポート,牡,3,57.0,団野,114.4,1/2,4,19.4,38.9,3-2-4-3,栗東 斉藤崇,466,10,
202407040603,2024-12-15,中京,3,3歳以上1勝クラス,ダ,1800,左,晴,良,"4回 中京 6日目 サラ系３歳以上 １勝クラス       [指] 定量 16頭 本賞金:800,320,200,120,80万円",16,800.0,11,2,3,ダイユウファリーナ,牡,3,57.0,酒井,114.7,2,13,224.4,39.1,6-6-5-3,美浦 松永康,484,2,
202407040603,2024-12-15,中京,3,3歳以上1勝クラス,ダ,1800,左,晴,良,"4回 中京 6日目 サラ系３歳以上 １勝クラス       [指] 定量 16頭 本賞金:800,320,200,120,80万円",16,800.0,12,7,14,スマイルヴィヴァン,牝,6,53.0,▲川端,115.4,4,15,543.2,38.8,11-12-14-14,美浦 高橋文,420,-8,
202407040603,2024-12-15,中京,3,3歳以上1勝クラス,ダ,1800,左,晴,良,"4回 中京 6日目 サラ系３歳以上 １勝クラス       [指] 定量 16頭 本賞金:800,320,200,120,80万円",16,800.0,13,4,8,ジャマン,牝,5,54.0,◇永島,115.6,1.1/4,11,140.9,39.5,6-8-10-10,栗東 高橋康,494,12,
202407040603,2024-12-15,中京,3,3歳以上1勝クラス,ダ,1800,左,晴,良,"4回 中京 6日目 サラ系３歳以上 １勝クラス       [指] 定量 16頭 本賞金:800,320,200,120,80万円",16,800.0,14,8,15,ベストディシジョン,セ,3,55.0,△高杉,116.0,2.1/2,10,94.8,39.6,9-11-12-13,美浦 武井,498,-1,
202407040603,2024-12-15,中京,3,3歳以上1勝クラス,ダ,1800,左,晴,良,"4回 中京 6日目 サラ系３歳以上 １勝クラス       [指] 定量 16頭 本賞金:800,320,200,120,80万円",16,800.0,15,8,16,スノーブリザード,牡,3,57.0,鮫島良,117.1,7,7,34.6,40.4,11-12-14-14,栗東 畑端,484,12,
202407040603,2024-12-15,中京,3,3歳以上1勝クラス,ダ,1800,左,晴,良,"4回 中京 6日目 サラ系３歳以上 １勝クラス       [指] 定量 16頭 本賞金:800,320,200,120,80万円",16,800.0,,5,10,カーマンライン,牡,3,56.0,☆横山琉,,,,,,,美浦 小島,506,0,除外
202407040604,2024-12-15,中京,4,2歳未勝利,芝,1600,左,晴,良,"4回 中京 6日目 サラ系２歳 未勝利       [指] 馬齢 16頭 本賞金:550,220,140,83,55万円",16,550.0,1,3,5,オンザムーブ,牡,2,56.0,西村淳,94.6,,3,4.4,35.8,2-2-2,栗東 矢作,504,0,
202407040604,2024-12-15,中京,4,2歳未勝利,芝,1600,左,晴,良,"4回 中京 6日目 サラ系２歳 未勝利       [指] 馬齢 16頭 本賞金:550,220,140,83,55万円",16,550.0,2,1,2,タイセイフィオーレ,牡,2,56.0,斎藤,94.6,アタマ,1,2.7,35.4,5-5-5,栗東 高野,466,2,
202407040604,2024-12-15,中京,4,2歳未勝利,芝,1600,左,晴,良,"4回 中京 6日目 サラ系２歳 未勝利       [指] 馬齢 16頭 本賞金:550,220,140,83,55万円",16,550.0,3,6,12,ケリフレッドアスク,牝,2,54.0,☆西塚,94.7,1/2,11,66.6,35.5,5-5-5,栗東 藤原,442,10,
202407040604,2024-12-15,中京,4,2歳未勝利,芝,1600,左,晴,良,"4回 中京 6日目 サラ系２歳 未勝利       [指] 馬齢 16頭 本賞金:550,220,140,83,55万円",16,550.0,4,5,9,ダノンジャガー,牡,2,56.0,佐々木,95.2,2.1/2,2,4.2,35.8,9-8-7,栗東 池江,524,-6,
202407040604,2024-12-15,中京,4,2歳未勝利,芝,1600,左,晴,良,"4回 中京 6日目 サラ系２歳 未勝利       [指] 馬齢 16頭 本賞金:550,220,140,83,55万円",16,550.0,5,4,8,ワイドクリーガー,牡,2,54.0,△高杉,95.2,アタマ,4,6.2,36.3,1-2-2,栗東 奥村豊,468,0,
202407040604,2024-12-15,中京,4,2歳未勝利,芝,1600,左,晴,良,"4回 中京 6日目 サラ系２歳 未勝利       [指] 馬齢 16頭 本賞金:550,220,140,83,55万円",16,550.0,6,2,3,ナンヨーエンペラー,牡,2,55.0,☆泉谷,95.2,クビ,6,15.0,36.5,2-1-1,栗東 松永幹,454,6,
202407040604,2024-12-15,中京,4,2歳未勝利,芝,1600,左,晴,良,"4回 中京 6日目 サラ系２歳 未勝利       [指] 馬齢 16頭 本賞金:550,220,140,83,55万円",16,550.0,7,3,6,クイーンズデイ,牝,2,52.0,▲柴田裕,95.7,2.1/2,13,121.9,36.2,7-8-7,栗東 岡田,432,-8,
202407040604,2024-12-15,中京,4,2歳未勝利,芝,1600,左,晴,良,"4回 中京 6日目 サラ系２歳 未勝利       [指] 馬齢 16頭 本賞金:550,220,140,83,55万円",16,550.0,8,7,13,ジュルナール,牝,2,55.0,亀田,95.7,クビ,8,47.5,35.8,14-13-13,栗東 池添,456,-6,
202407040604,2024-12-15,中京,4,2歳未勝利,芝,1600,左,晴,良,"4回 中京 6日目 サラ系２歳 未勝利       [指] 馬齢 16頭 本賞金:550,220,140,83,55万円",16,550.0,9,8,16,ソルレーヴ,牡,2,56.0,団野,95.8,1,10,58.1,35.9,10-13-13,栗東 高橋忠,488,-2,
202407040604,2024-12-15,中京,4,2歳未勝利,芝,1600,左,晴,良,"4回 中京 6日目 サラ系２歳 未勝利       [指] 馬齢 16頭 本賞金:550,220,140,83,55万円",16,550.0,10,8,15,レディエンス,牝,2,55.0,鮫島駿,95.8,アタマ,9,47.7,36.2,10-11-10,栗東 藤野,444,4,
202407040604,2024-12-15,中京,4,2歳未勝利,芝,1600,左,晴,良,"4回 中京 6日目 サラ系２歳 未勝利       [指] 馬齢 16頭 本賞金:550,220,140,83,55万円",16,550.0,11,5,10,ワールドキッス,牡,2,56.0,浜中,96.1,1.3/4,5,13.5,36.4,10-11-10,栗東 河嶋,446,2,
202407040604,2024-12-15,中京,4,2歳未勝利,芝,1600,左,晴,良,"4回 中京 6日目 サラ系２歳 未勝利       [指] 馬齢 16頭 本賞金:550,220,140,83,55万円",16,550.0,12,4,7,コンセントレイト,牡,2,56.0,Ｍデム,96.4,1.1/2,7,31.7,35.9,16-16-16,栗東 渡辺,450,2,
202407040604,2024-12-15,中京,4,2歳未勝利,芝,1600,左,晴,良,"4回 中京 6日目 サラ系２歳 未勝利       [指] 馬齢 16頭 本賞金:550,220,140,83,55万円",16,550.0,13,6,11,エーオ,牡,2,56.0,酒井,96.6,1.1/4,14,357.2,36.5,15-15-15,栗東 長谷川,438,2,
202407040604,2024-12-15,中京,4,2歳未勝利,芝,1600,左,晴,良,"4回 中京 6日目 サラ系２歳 未勝利       [指] 馬齢 16頭 本賞金:550,220,140,83,55万円",16,550.0,14,1,1,マーゴットレジーナ,牝,2,55.0,長岡,96.6,クビ,12,78.0,37.2,10-7-7,栗東 小林,432,-2,
202407040604,2024-12-15,中京,4,2歳未勝利,芝,1600,左,晴,良,"4回 中京 6日目 サラ系２歳 未勝利       [指] 馬齢 16頭 本賞金:550,220,140,83,55万円",16,550.0,15,2,4,グラスティアラ,牝,2,51.0,★河原田,97.3,4,15,418.0,37.6,7-8-10,美浦 菊川,452,0,
202407040604,2024-12-15,中京,4,2歳未勝利,芝,1600,左,晴,良,"4回 中京 6日目 サラ系２歳 未勝利       [指] 馬齢 16頭 本賞金:550,220,140,83,55万円",16,550.0,16,7,14,ロアヴィヴィエンヌ,牡,2,53.0,▲川端,98.1,5,16,521.9,39.1,2-4-4,美浦 本間,468,-2,
202407040605,2024-12-15,中京,5,2歳新馬,芝,1400,左,晴,良,"4回 中京 6日目 サラ系２歳 新馬       (混)[指] 馬齢 18頭 本賞金:720,290,180,110,72万円",18,720.0,1,2,3,ホーリーブラッサム,牝,2,55.0,団野,83.0,,2,6.3,35.6,1-1,栗東 斉藤崇,488,0,
202407040605,2024-12-15,中京,5,2歳新馬,芝,1400,左,晴,良,"4回 中京 6日目 サラ系２歳 新馬       (混)[指] 馬齢 18頭 本賞金:720,290,180,110,72万円",18,720.0,2,4,7,アパッシメント,牡,2,56.0,佐々木,83.4,2.1/2,1,1.3,35.4,4-4,美浦 堀,478,0,
202407040605,2024-12-15,中京,5,2歳新馬,芝,1400,左,晴,良,"4回 中京 6日目 サラ系２歳 新馬       (混)[指] 馬齢 18頭 本賞金:720,290,180,110,72万円",18,720.0,3,1,1,クアトロイヴェール,牡,2,53.0,▲川端,83.4,クビ,10,71.3,35.7,3-3,栗東 庄野,438,0,
202407040605,2024-12-15,中京,5,2歳新馬,芝,1400,左,晴,良,"4回 中京 6日目 サラ系２歳 新馬       (混)[指] 馬齢 18頭 本賞金:720,290,180,110,72万円",18,720.0,4,5,10,ピカッティー,牝,2,54.0,☆原,83.7,1.3/4,12,99.8,35.3,7-6,栗東 森田,466,0,
202407040605,2024-12-15,中京,5,2歳新馬,芝,1400,左,晴,良,"4回 中京 6日目 サラ系２歳 新馬       (混)[指] 馬齢 18頭 本賞金:720,290,180,110,72万円",18,720.0,5,8,16,テイエムリアリティ,牝,2,55.0,酒井,84.0,1.1/2,9,60.2,36.5,2-2,栗東 木原,478,0,
202407040605,2024-12-15,中京,5,2歳新馬,芝,1400,左,晴,良,"4回 中京 6日目 サラ系２歳 新馬       (混)[指] 馬齢 18頭 本賞金:720,290,180,110,72万円",18,720.0,6,8,18,クルールローザンヌ,牝,2,55.0,鮫島駿,84.1,3/4,3,8.9,35.7,7-6,栗東 橋口,440,0,
202407040605,2024-12-15,中京,5,2歳新馬,芝,1400,左,晴,良,"4回 中京 6日目 サラ系２歳 新馬       (混)[指] 馬齢 18頭 本賞金:720,290,180,110,72万円",18,720.0,7,7,15,メイショウクメハチ,牡,2,55.0,☆小沢,84.1,アタマ,16,217.9,35.2,10-10,栗東 荒川,500,0,
202407040605,2024-12-15,中京,5,2歳新馬,芝,1400,左,晴,良,"4回 中京 6日目 サラ系２歳 新馬       (混)[指] 馬齢 18頭 本賞金:720,290,180,110,72万円",18,720.0,8,3,6,シンクロボンバイエ,牡,2,56.0,西村淳,84.2,3/4,5,23.0,35.9,6-6,栗東 西園翔,404,0,
202407040605,2024-12-15,中京,5,2歳新馬,芝,1400,左,晴,良,"4回 中京 6日目 サラ系２歳 新馬       (混)[指] 馬齢 18頭 本賞金:720,290,180,110,72万円",18,720.0,9,6,12,テーオーライマン,牡,2,56.0,亀田,84.3,クビ,4,18.1,35.3,11-10,栗東 宮,470,0,
202407040605,2024-12-15,中京,5,2歳新馬,芝,1400,左,晴,良,"4回 中京 6日目 サラ系２歳 新馬       (混)[指] 馬齢 18頭 本賞金:720,290,180,110,72万円",18,720.0,10,1,2,グラスビーチ,牡,2,54.0,△高杉,84.5,1,8,58.1,36.4,5-4,栗東 池江,482,0,
202407040605,2024-12-15,中京,5,2歳新馬,芝,1400,左,晴,良,"4回 中京 6日目 サラ系２歳 新馬       (混)[指] 馬齢 18頭 本賞金:720,290,180,110,72万円",18,720.0,11,8,17,ハヤブサナンデヒメ,牝,2,55.0,吉田隼,84.8,2,7,50.4,35.7,11-12,栗東 小栗,452,0,
202407040605,2024-12-15,中京,5,2歳新馬,芝,1400,左,晴,良,"4回 中京 6日目 サラ系２歳 新馬       (混)[指] 馬齢 18頭 本賞金:720,290,180,110,72万円",18,720.0,12,7,13,ショウリュウシエル,牝,2,52.0,▲柴田裕,84.9,1,6,23.4,35.4,14-13,栗東 佐々木,480,0,
202407040605,2024-12-15,中京,5,2歳新馬,芝,1400,左,晴,良,"4回 中京 6日目 サラ系２歳 新馬       (混)[指] 馬齢 18頭 本賞金:720,290,180,110,72万円",18,720.0,13,5,9,ハクサンビューティ,牝,2,52.0,▲古川奈,85.0,1/2,17,227.3,35.6,13-13,美浦 土田,416,0,
202407040605,2024-12-15,中京,5,2歳新馬,芝,1400,左,晴,良,"4回 中京 6日目 サラ系２歳 新馬       (混)[指] 馬齢 18頭 本賞金:720,290,180,110,72万円",18,720.0,14,7,14,フォードワン,牝,2,51.0,★河原田,85.2,1.1/4,18,280.4,36.6,7-9,栗東 清水久,396,0,
202407040605,2024-12-15,中京,5,2歳新馬,芝,1400,左,晴,良,"4回 中京 6日目 サラ系２歳 新馬       (混)[指] 馬齢 18頭 本賞金:720,290,180,110,72万円",18,720.0,15,2,4,グロリアスアスペン,牝,2,54.0,☆横山琉,85.4,1.1/4,14,181.8,35.5,16-15,美浦 村田,434,0,
202407040605,2024-12-15,中京,5,2歳新馬,芝,1400,左,晴,良,"4回 中京 6日目 サラ系２歳 新馬       (混)[指] 馬齢 18頭 本賞金:720,290,180,110,72万円",18,720.0,16,4,8,モズプリヴェール,牡,2,56.0,国分恭,85.5,クビ,13,133.8,35.1,16-17,栗東 森田,488,0,
202407040605,2024-12-15,中京,5,2歳新馬,芝,1400,左,晴,良,"4回 中京 6日目 サラ系２歳 新馬       (混)[指] 馬齢 18頭 本賞金:720,290,180,110,72万円",18,720.0,17,6,11,ウェルウィッチア,牡,2,56.0,鮫島良,86.6,7,15,207.9,36.8,14-15,栗東 牧浦,456,0,
202407040605,2024-12-15,中京,5,2歳新馬,芝,1400,左,晴,良,"4回 中京 6日目 サラ系２歳 新馬       (混)[指] 馬齢 18頭 本賞金:720,290,180,110,72万円",18,720.0,18,3,5,キッスミーアイ,牝,2,54.0,☆松本,87.0,2.1/2,11,72.7,35.7,18-18,栗東 安田,458,0,
202407040606,2024-12-15,中京,6,3歳以上1勝クラス,ダ,1900,左,晴,良,"4回 中京 6日目 サラ系３歳以上 １勝クラス       [指] 定量 15頭 本賞金:800,320,200,120,80万円",15,800.0,1,1,1,ワンパット,牡,3,57.0,太宰,120.5,,3,8.2,36.9,8-8-8-7,栗東 高橋亮,484,0,
202407040606,2024-12-15,中京,6,3歳以上1勝クラス,ダ,1900,左,晴,良,"4回 中京 6日目 サラ系３歳以上 １勝クラス       [指] 定量 15頭 本賞金:800,320,200,120,80万円",15,800.0,2,6,10,シャハザマーン,牡,3,56.0,☆西塚,120.5,クビ,4,8.6,37.6,2-2-2-2,栗東 藤原,484,0,
202407040606,2024-12-15,中京,6,3歳以上1勝クラス,ダ,1900,左,晴,良,"4回 中京 6日目 サラ系３歳以上 １勝クラス       [指] 定量 15頭 本賞金:800,320,200,120,80万円",15,800.0,3,2,3,モーメントキャッチ,牡,4,58.0,原田和,120.6,クビ,9,44.0,37.4,6-6-6-6,美浦 松山,526,26,
202407040606,2024-12-15,中京,6,3歳以上1勝クラス,ダ,1900,左,晴,良,"4回 中京 6日目 サラ系３歳以上 １勝クラス       [指] 定量 15頭 本賞金:800,320,200,120,80万円",15,800.0,4,2,2,アンバードール,牡,3,57.0,鮫島駿,120.9,1.3/4,1,1.8,37.4,6-6-7-7,栗東 吉岡,518,10,
202407040606,2024-12-15,中京,6,3歳以上1勝クラス,ダ,1900,左,晴,良,"4回 中京 6日目 サラ系３歳以上 １勝クラス       [指] 定量 15頭 本賞金:800,320,200,120,80万円",15,800.0,5,4,7,メイショウコナン,牡,3,57.0,団野,121.0,1/2,7,27.6,37.3,12-12-9-7,栗東 荒川,508,4,
202407040606,2024-12-15,中京,6,3歳以上1勝クラス,ダ,1900,左,晴,良,"4回 中京 6日目 サラ系３歳以上 １勝クラス       [指] 定量 15頭 本賞金:800,320,200,120,80万円",15,800.0,6,8,14,ダブルジャッジ,牡,3,56.0,☆小沢,121.2,1.1/4,5,10.8,38.1,4-3-4-3,栗東 笹田,506,2,
202407040606,2024-12-15,中京,6,3歳以上1勝クラス,ダ,1900,左,晴,良,"4回 中京 6日目 サラ系３歳以上 １勝クラス       [指] 定量 15頭 本賞金:800,320,200,120,80万円",15,800.0,7,4,6,ポルポラジール,牡,3,57.0,斎藤,121.5,2,2,4.5,38.7,1-1-1-1,栗東 新谷,514,4,
202407040606,2024-12-15,中京,6,3歳以上1勝クラス,ダ,1900,左,晴,良,"4回 中京 6日目 サラ系３歳以上 １勝クラス       [指] 定量 15頭 本賞金:800,320,200,120,80万円",15,800.0,8,7,12,レグロスヴァーグ,牡,3,55.0,△高杉,121.8,2,10,118.0,37.9,9-9-10-10,栗東 鈴木孝,522,12,
202407040606,2024-12-15,中京,6,3歳以上1勝クラス,ダ,1900,左,晴,良,"4回 中京 6日目 サラ系３歳以上 １勝クラス       [指] 定量 15頭 本賞金:800,320,200,120,80万円",15,800.0,9,5,8,アイファーキャップ,牡,3,57.0,佐々木,122.8,6,8,42.2,38.9,10-10-10-10,栗東 鮫島,458,0,
202407040606,2024-12-15,中京,6,3歳以上1勝クラス,ダ,1900,左,晴,良,"4回 中京 6日目 サラ系３歳以上 １勝クラス       [指] 定量 15頭 本賞金:800,320,200,120,80万円",15,800.0,10,8,15,モズバンディット,牡,4,55.0,▲柴田裕,122.8,ハナ,11,123.8,39.8,3-3-3-3,栗東 中尾,460,18,
202407040606,2024-12-15,中京,6,3歳以上1勝クラス,ダ,1900,左,晴,良,"4回 中京 6日目 サラ系３歳以上 １勝クラス       [指] 定量 15頭 本賞金:800,320,200,120,80万円",15,800.0,11,3,4,リリーアロー,牡,5,56.0,◇永島,122.8,ハナ,12,152.9,38.6,10-10-12-12,栗東 平田,490,-2,
202407040606,2024-12-15,中京,6,3歳以上1勝クラス,ダ,1900,左,晴,良,"4回 中京 6日目 サラ系３歳以上 １勝クラス       [指] 定量 15頭 本賞金:800,320,200,120,80万円",15,800.0,12,6,11,ラキアレクサンダー,牡,3,57.0,西村淳,122.8,クビ,6,27.1,39.7,5-3-4-3,美浦 竹内,512,-2,
202407040606,2024-12-15,中京,6,3歳以上1勝クラス,ダ,1900,左,晴,良,"4回 中京 6日目 サラ系３歳以上 １勝クラス       [指] 定量 15頭 本賞金:800,320,200,120,80万円",15,800.0,13,7,13,ピエナオルフェ,牡,3,54.0,▲川端,123.1,1.3/4,15,479.9,38.6,15-14-15-15,栗東 荒川,440,-6,
202407040606,2024-12-15,中京,6,3歳以上1勝クラス,ダ,1900,左,晴,良,"4回 中京 6日目 サラ系３歳以上 １勝クラス       [指] 定量 15頭 本賞金:800,320,200,120,80万円",15,800.0,14,5,9,ホウオウプレシャス,牡,4,58.0,酒井,123.2,3/4,14,470.7,38.9,14-14-12-12,美浦 天間,492,2,
202407040606,2024-12-15,中京,6,3歳以上1勝クラス,ダ,1900,左,晴,良,"4回 中京 6日目 サラ系３歳以上 １勝クラス       [指] 定量 15頭 本賞金:800,320,200,120,80万円",15,800.0,15,3,5,キトゥンヒール,牝,3,54.0,☆横山琉,123.2,アタマ,13,323.7,39.0,12-12-12-12,美浦 村田,450,0,
202407040607,2024-12-15,中京,7,3歳以上1勝クラス,ダ,1400,左,晴,良,"4回 中京 6日目 サラ系３歳以上 １勝クラス       見習騎手 定量 16頭 本賞金:800,320,200,120,80万円",16,800.0,1,3,5,レッドフランカー,セ,6,57.0,☆原,84.5,,7,33.9,37.9,4-3,栗東 音無,468,-8,
202407040607,2024-12-15,中京,7,3歳以上1勝クラス,ダ,1400,左,晴,良,"4回 中京 6日目 サラ系３歳以上 １勝クラス       見習騎手 定量 16頭 本賞金:800,320,200,120,80万円",16,800.0,2,2,3,ロサンゼルス,牡,3,57.0,団野,84.6,クビ,10,43.0,38.4,1-1,美浦 伊藤圭,514,-10,
202407040607,2024-12-15,中京,7,3歳以上1勝クラス,ダ,1400,左,晴,良,"4回 中京 6日目 サラ系３歳以上 １勝クラス       見習騎手 定量 16頭 本賞金:800,320,200,120,80万円",16,800.0,3,5,10,ワンダーウィルク,牡,5,54.0,★河原田,84.6,クビ,8,34.6,37.3,9-9,栗東 今野,516,0,
202407040607,2024-12-15,中京,7,3歳以上1勝クラス,ダ,1400,左,晴,良,"4回 中京 6日目 サラ系３歳以上 １勝クラス       見習騎手 定量 16頭 本賞金:800,320,200,120,80万円",16,800.0,4,8,16,マイレーヌ,牝,4,56.0,斎藤,84.8,3/4,4,10.5,38.5,2-2,美浦 斎藤誠,518,2,
202407040607,2024-12-15,中京,7,3歳以上1勝クラス,ダ,1400,左,晴,良,"4回 中京 6日目 サラ系３歳以上 １勝クラス       見習騎手 定量 16頭 本賞金:800,320,200,120,80万円",16,800.0,5,1,1,ジークシュベルト,牡,4,57.0,☆横山琉,84.8,ハナ,11,54.4,37.8,7-6,栗東 高橋一,462,2,
202407040607,2024-12-15,中京,7,3歳以上1勝クラス,ダ,1400,左,晴,良,"4回 中京 6日目 サラ系３歳以上 １勝クラス       見習騎手 定量 16頭 本賞金:800,320,200,120,80万円",16,800.0,6,5,9,リヤンドゥミラクル,牝,3,54.0,☆小沢,84.8,アタマ,12,65.1,37.6,9-6,美浦 和田勇,424,-12,
202407040607,2024-12-15,中京,7,3歳以上1勝クラス,ダ,1400,左,晴,良,"4回 中京 6日目 サラ系３歳以上 １勝クラス       見習騎手 定量 16頭 本賞金:800,320,200,120,80万円",16,800.0,7,8,15,フレイムジョーカー,牡,5,58.0,西村淳,85.1,1.1/2,2,3.6,38.3,5-3,美浦 岩戸,488,0,
202407040607,2024-12-15,中京,7,3歳以上1勝クラス,ダ,1400,左,晴,良,"4回 中京 6日目 サラ系３歳以上 １勝クラス       見習騎手 定量 16頭 本賞金:800,320,200,120,80万円",16,800.0,8,3,6,ゴルデールスカー,牡,4,57.0,☆西塚,85.2,1/2,5,11.4,37.5,11-11,栗東 大久保,470,0,
202407040607,2024-12-15,中京,7,3歳以上1勝クラス,ダ,1400,左,晴,良,"4回 中京 6日目 サラ系３歳以上 １勝クラス       見習騎手 定量 16頭 本賞金:800,320,200,120,80万円",16,800.0,9,7,14,ニシノアウェイク,牡,3,54.0,▲川端,85.3,1/2,6,19.7,38.2,7-9,美浦 伊藤圭,480,-4,
202407040607,2024-12-15,中京,7,3歳以上1勝クラス,ダ,1400,左,晴,良,"4回 中京 6日目 サラ系３歳以上 １勝クラス       見習騎手 定量 16頭 本賞金:800,320,200,120,80万円",16,800.0,10,6,12,キタノライジン,牡,3,56.0,☆松本,85.5,1.1/2,16,241.8,36.7,15-15,美浦 尾関,502,6,
202407040607,2024-12-15,中京,7,3歳以上1勝クラス,ダ,1400,左,晴,良,"4回 中京 6日目 サラ系３歳以上 １勝クラス       見習騎手 定量 16頭 本賞金:800,320,200,120,80万円",16,800.0,11,4,7,ファストレーン,牡,3,55.0,△高杉,85.6,1/2,1,2.4,38.8,5-6,栗東 野中,492,12,
202407040607,2024-12-15,中京,7,3歳以上1勝クラス,ダ,1400,左,晴,良,"4回 中京 6日目 サラ系３歳以上 １勝クラス       見習騎手 定量 16頭 本賞金:800,320,200,120,80万円",16,800.0,12,2,4,テンフェリーチェ,牝,4,53.0,▲古川奈,85.7,クビ,13,86.1,37.8,13-13,美浦 辻,474,-4,
202407040607,2024-12-15,中京,7,3歳以上1勝クラス,ダ,1400,左,晴,良,"4回 中京 6日目 サラ系３歳以上 １勝クラス       見習騎手 定量 16頭 本賞金:800,320,200,120,80万円",16,800.0,13,1,2,カーリングホリデー,牝,3,52.0,▲石田,85.8,1/2,15,197.2,37.3,14-14,美浦 宗像,466,-4,
202407040607,2024-12-15,中京,7,3歳以上1勝クラス,ダ,1400,左,晴,良,"4回 中京 6日目 サラ系３歳以上 １勝クラス       見習騎手 定量 16頭 本賞金:800,320,200,120,80万円",16,800.0,14,7,13,スナークメモリー,牝,4,54.0,◇永島,85.9,クビ,9,42.4,38.3,11-12,栗東 宮地,436,-2,
202407040607,2024-12-15,中京,7,3歳以上1勝クラス,ダ,1400,左,晴,良,"4回 中京 6日目 サラ系３歳以上 １勝クラス       見習騎手 定量 16頭 本賞金:800,320,200,120,80万円",16,800.0,15,4,8,レディーエンジェル,牝,3,52.0,▲柴田裕,86.5,3.1/2,14,197.2,40.0,3-5,栗東 岡田,472,8,
202407040607,2024-12-15,中京,7,3歳以上1勝クラス,ダ,1400,左,晴,良,"4回 中京 6日目 サラ系３歳以上 １勝クラス       見習騎手 定量 16頭 本賞金:800,320,200,120,80万円",16,800.0,16,6,11,オーサムデアラー,牡,4,58.0,佐々木,86.5,クビ,3,5.9,36.9,16-16,美浦 上原博,506,4,
202407040608,2024-12-15,中京,8,3歳以上1勝クラス,芝,1600,左,晴,良,"4回 中京 6日目 サラ系３歳以上 １勝クラス       牝[指] 定量 16頭 本賞金:800,320,200,120,80万円",16,800.0,1,5,10,サクラオーラ,牝,5,56.0,酒井,94.2,,7,18.1,35.8,7-6-6,栗東 河嶋,442,2,
202407040608,2024-12-15,中京,8,3歳以上1勝クラス,芝,1600,左,晴,良,"4回 中京 6日目 サラ系３歳以上 １勝クラス       牝[指] 定量 16頭 本賞金:800,320,200,120,80万円",16,800.0,2,1,2,ブリックワーク,牝,3,54.0,☆西塚,94.3,1,1,3.2,36.3,2-2-2,栗東 辻野,432,-2,
202407040608,2024-12-15,中京,8,3歳以上1勝クラス,芝,1600,左,晴,良,"4回 中京 6日目 サラ系３歳以上 １勝クラス       牝[指] 定量 16頭 本賞金:800,320,200,120,80万円",16,800.0,3,1,1,ビーグラッド,牝,3,55.0,浜中,94.3,ハナ,4,7.2,36.1,4-4-4,栗東 岡田,440,4,
202407040608,2024-12-15,中京,8,3歳以上1勝クラス,芝,1600,左,晴,良,"4回 中京 6日目 サラ系３歳以上 １勝クラス       牝[指] 定量 16頭 本賞金:800,320,200,120,80万円",16,800.0,4,7,13,サク,牝,5,56.0,団野,94.4,クビ,3,6.3,35.3,13-13-12,栗東 北出,454,2,
202407040608,2024-12-15,中京,8,3歳以上1勝クラス,芝,1600,左,晴,良,"4回 中京 6日目 サラ系３歳以上 １勝クラス       牝[指] 定量 16頭 本賞金:800,320,200,120,80万円",16,800.0,5,5,9,インペリアルコート,牝,4,56.0,斎藤,94.6,1.1/2,10,25.7,36.8,1-1-1,栗東 畑端,436,-2,
202407040608,2024-12-15,中京,8,3歳以上1勝クラス,芝,1600,左,晴,良,"4回 中京 6日目 サラ系３歳以上 １勝クラス       牝[指] 定量 16頭 本賞金:800,320,200,120,80万円",16,800.0,6,8,15,フラッシングレート,牝,4,56.0,鮫島駿,94.7,クビ,6,9.4,35.3,15-15-15,栗東 音無,486,10,
202407040608,2024-12-15,中京,8,3歳以上1勝クラス,芝,1600,左,晴,良,"4回 中京 6日目 サラ系３歳以上 １勝クラス       牝[指] 定量 16頭 本賞金:800,320,200,120,80万円",16,800.0,7,2,4,オタルグリーン,牝,3,51.0,★河原田,94.7,ハナ,5,8.9,36.3,7-6-6,栗東 中竹,436,-6,
202407040608,2024-12-15,中京,8,3歳以上1勝クラス,芝,1600,左,晴,良,"4回 中京 6日目 サラ系３歳以上 １勝クラス       牝[指] 定量 16頭 本賞金:800,320,200,120,80万円",16,800.0,8,7,14,デアデルマーレ,牝,4,56.0,長岡,95.0,1.3/4,12,40.9,36.0,10-11-11,栗東 坂口,486,8,
202407040608,2024-12-15,中京,8,3歳以上1勝クラス,芝,1600,左,晴,良,"4回 中京 6日目 サラ系３歳以上 １勝クラス       牝[指] 定量 16頭 本賞金:800,320,200,120,80万円",16,800.0,9,4,8,マルカシャルマン,牝,4,53.0,▲柴田裕,95.0,クビ,13,126.6,36.8,4-4-4,栗東 浜田,454,16,
202407040608,2024-12-15,中京,8,3歳以上1勝クラス,芝,1600,左,晴,良,"4回 中京 6日目 サラ系３歳以上 １勝クラス       牝[指] 定量 16頭 本賞金:800,320,200,120,80万円",16,800.0,10,6,11,ラブカヒルー,牝,5,56.0,国分恭,95.3,1.3/4,16,289.7,36.1,13-13-12,栗東 森田,444,-11,
202407040608,2024-12-15,中京,8,3歳以上1勝クラス,芝,1600,左,晴,良,"4回 中京 6日目 サラ系３歳以上 １勝クラス       牝[指] 定量 16頭 本賞金:800,320,200,120,80万円",16,800.0,11,3,6,スマートジェイナ,牝,4,55.0,☆泉谷,95.4,アタマ,2,6.2,36.6,9-9-9,栗東 大久保,458,12,
202407040608,2024-12-15,中京,8,3歳以上1勝クラス,芝,1600,左,晴,良,"4回 中京 6日目 サラ系３歳以上 １勝クラス       牝[指] 定量 16頭 本賞金:800,320,200,120,80万円",16,800.0,12,2,3,ネクストヒロイン,牝,3,55.0,吉田隼,95.4,クビ,15,203.4,36.3,10-11-12,美浦 戸田,412,-12,
202407040608,2024-12-15,中京,8,3歳以上1勝クラス,芝,1600,左,晴,良,"4回 中京 6日目 サラ系３歳以上 １勝クラス       牝[指] 定量 16頭 本賞金:800,320,200,120,80万円",16,800.0,13,4,7,ルージュラメンテ,牝,3,53.0,△高杉,95.7,1.3/4,11,31.4,37.7,2-2-2,栗東 高橋一,450,-6,
202407040608,2024-12-15,中京,8,3歳以上1勝クラス,芝,1600,左,晴,良,"4回 中京 6日目 サラ系３歳以上 １勝クラス       牝[指] 定量 16頭 本賞金:800,320,200,120,80万円",16,800.0,14,6,12,テクノデザイン,牝,4,56.0,佐々木,95.9,1,9,22.5,36.3,16-15-16,栗東 千田,432,4,
202407040608,2024-12-15,中京,8,3歳以上1勝クラス,芝,1600,左,晴,良,"4回 中京 6日目 サラ系３歳以上 １勝クラス       牝[指] 定量 16頭 本賞金:800,320,200,120,80万円",16,800.0,15,8,16,オールアイウォント,牝,4,55.0,☆原,96.1,1.1/2,14,135.5,37.6,4-6-6,栗東 森田,462,6,
202407040608,2024-12-15,中京,8,3歳以上1勝クラス,芝,1600,左,晴,良,"4回 中京 6日目 サラ系３歳以上 １勝クラス       牝[指] 定量 16頭 本賞金:800,320,200,120,80万円",16,800.0,16,3,5,カフジキアッキエレ,牝,4,56.0,丸山,101.4,大,8,19.3,42.6,10-9-9,栗東 森田,416,-10,
202407040609,2024-12-15,中京,9,寒椿賞,ダ,1400,左,晴,良,"4回 中京 6日目 サラ系２歳 １勝クラス       (混)(特指) 馬齢 7頭 本賞金:1070,430,270,160,107万円",7,1070.0,1,6,6,ポールセン,牡,2,56.0,斎藤,84.9,,1,1.8,36.3,2-2,美浦 斎藤誠,476,6,
202407040609,2024-12-15,中京,9,寒椿賞,ダ,1400,左,晴,良,"4回 中京 6日目 サラ系２歳 １勝クラス       (混)(特指) 馬齢 7頭 本賞金:1070,430,270,160,107万円",7,1070.0,2,7,7,ユウトザユウト,牡,2,56.0,団野,85.6,4,2,2.7,36.9,3-3,栗東 小崎,504,8,
202407040609,2024-12-15,中京,9,寒椿賞,ダ,1400,左,晴,良,"4回 中京 6日目 サラ系２歳 １勝クラス       (混)(特指) 馬齢 7頭 本賞金:1070,430,270,160,107万円",7,1070.0,3,5,5,クニノハッピー,牡,2,56.0,丸山,85.8,1.1/2,5,20.3,36.8,5-5,美浦 田中剛,468,-2,
202407040609,2024-12-15,中京,9,寒椿賞,ダ,1400,左,晴,良,"4回 中京 6日目 サラ系２歳 １勝クラス       (混)(特指) 馬齢 7頭 本賞金:1070,430,270,160,107万円",7,1070.0,4,1,1,アレスグート,牡,2,56.0,Ｍデム,86.0,1,4,10.6,37.5,1-1,美浦 牧,460,14,
202407040609,2024-12-15,中京,9,寒椿賞,ダ,1400,左,晴,良,"4回 中京 6日目 サラ系２歳 １勝クラス       (混)(特指) 馬齢 7頭 本賞金:1070,430,270,160,107万円",7,1070.0,5,2,2,サディーク,牝,2,55.0,鮫島駿,86.0,クビ,3,5.1,37.2,3-3,栗東 河嶋,434,-6,
202407040609,2024-12-15,中京,9,寒椿賞,ダ,1400,左,晴,良,"4回 中京 6日目 サラ系２歳 １勝クラス       (混)(特指) 馬齢 7頭 本賞金:1070,430,270,160,107万円",7,1070.0,6,3,3,ピーチマカロン,牝,2,55.0,水口,86.7,4,6,61.9,37.5,6-6,栗東 大根田,470,-2,
202407040609,2024-12-15,中京,9,寒椿賞,ダ,1400,左,晴,良,"4回 中京 6日目 サラ系２歳 １勝クラス       (混)(特指) 馬齢 7頭 本賞金:1070,430,270,160,107万円",7,1070.0,7,4,4,ゼンダンマイウェイ,牝,2,55.0,小沢,90.3,大,7,205.5,40.8,7-7,栗東 小崎,426,4,
202407040610,2024-12-15,中京,10,一宮特別,芝,2200,左,晴,良,"4回 中京 6日目 サラ系３歳以上 ２勝クラス       (混)(特指) 定量 10頭 本賞金:1550,620,390,230,155万円",10,1550.0,1,7,8,ブロッケンボウ,牡,3,56.0,団野,133.6,,2,3.5,35.5,1-1-1-1,栗東 佐々木,472,6,
202407040610,2024-12-15,中京,10,一宮特別,芝,2200,左,晴,良,"4回 中京 6日目 サラ系３歳以上 ２勝クラス       (混)(特指) 定量 10頭 本賞金:1550,620,390,230,155万円",10,1550.0,2,3,3,ジュンツバメガエシ,牡,4,58.0,鮫島駿,133.9,1.3/4,1,2.0,35.7,2-2-2-2,栗東 友道,504,-2,
202407040610,2024-12-15,中京,10,一宮特別,芝,2200,左,晴,良,"4回 中京 6日目 サラ系３歳以上 ２勝クラス       (混)(特指) 定量 10頭 本賞金:1550,620,390,230,155万円",10,1550.0,3,8,10,スカーズ,牡,4,58.0,浜中,134.3,2.1/2,5,14.2,35.5,8-8-8-7,栗東 武幸,496,14,
202407040610,2024-12-15,中京,10,一宮特別,芝,2200,左,晴,良,"4回 中京 6日目 サラ系３歳以上 ２勝クラス       (混)(特指) 定量 10頭 本賞金:1550,620,390,230,155万円",10,1550.0,4,7,7,ライフセービング,牡,3,56.0,西村淳,134.3,クビ,4,7.5,36.0,5-4-2-2,栗東 宮,450,10,
202407040610,2024-12-15,中京,10,一宮特別,芝,2200,左,晴,良,"4回 中京 6日目 サラ系３歳以上 ２勝クラス       (混)(特指) 定量 10頭 本賞金:1550,620,390,230,155万円",10,1550.0,5,2,2,ラーテル,セ,4,58.0,原田和,135.0,4,10,254.0,35.7,9-9-10-9,美浦 南田,468,0,
202407040610,2024-12-15,中京,10,一宮特別,芝,2200,左,晴,良,"4回 中京 6日目 サラ系３歳以上 ２勝クラス       (混)(特指) 定量 10頭 本賞金:1550,620,390,230,155万円",10,1550.0,6,6,6,キャルレイ,牡,5,58.0,佐々木,135.4,2.1/2,3,5.9,37.0,5-6-5-4,美浦 鹿戸,486,10,
202407040610,2024-12-15,中京,10,一宮特別,芝,2200,左,晴,良,"4回 中京 6日目 サラ系３歳以上 ２勝クラス       (混)(特指) 定量 10頭 本賞金:1550,620,390,230,155万円",10,1550.0,7,8,9,アスカノミライ,牡,6,58.0,中井,135.4,ハナ,7,54.4,37.0,5-6-2-4,栗東 宮地,518,2,
202407040610,2024-12-15,中京,10,一宮特別,芝,2200,左,晴,良,"4回 中京 6日目 サラ系３歳以上 ２勝クラス       (混)(特指) 定量 10頭 本賞金:1550,620,390,230,155万円",10,1550.0,8,1,1,バンフィエルド,牡,5,58.0,長岡,135.4,クビ,6,14.4,37.0,4-2-5-4,栗東 緒方,428,4,
202407040610,2024-12-15,中京,10,一宮特別,芝,2200,左,晴,良,"4回 中京 6日目 サラ系３歳以上 ２勝クラス       (混)(特指) 定量 10頭 本賞金:1550,620,390,230,155万円",10,1550.0,9,4,4,フィデリオグリーン,牡,8,58.0,原,135.7,1.3/4,8,125.6,36.3,10-9-9-9,美浦 根本,502,8,
202407040610,2024-12-15,中京,10,一宮特別,芝,2200,左,晴,良,"4回 中京 6日目 サラ系３歳以上 ２勝クラス       (混)(特指) 定量 10頭 本賞金:1550,620,390,230,155万円",10,1550.0,10,5,5,プレカーサー,牡,3,56.0,Ｈドイ,136.9,7,9,125.8,37.8,2-4-7-8,美浦 加藤和,542,20,
202407040611,2024-12-15,中京,11,コールドムーンS,ダ,1400,左,晴,良,"4回 中京 6日目 サラ系３歳以上 オープン       (国際)(特指) 別定 16頭 本賞金:2200,880,550,330,220万円",16,2200.0,1,8,16,フリームファクシ,牡,4,59.0,Ｍデム,82.9,,3,5.7,36.0,6-5,栗東 須貝,520,2,
202407040611,2024-12-15,中京,11,コールドムーンS,ダ,1400,左,晴,良,"4回 中京 6日目 サラ系３歳以上 オープン       (国際)(特指) 別定 16頭 本賞金:2200,880,550,330,220万円",16,2200.0,2,6,12,バトゥーキ,牡,4,58.0,水口,83.6,4,2,4.9,36.1,11-11,栗東 浜田,488,0,
202407040611,2024-12-15,中京,11,コールドムーンS,ダ,1400,左,晴,良,"4回 中京 6日目 サラ系３歳以上 オープン       (国際)(特指) 別定 16頭 本賞金:2200,880,550,330,220万円",16,2200.0,3,3,5,タイセイブレイズ,牡,6,58.0,西村淳,83.9,2,8,20.2,36.1,15-15,栗東 牧浦,474,4,
202407040611,2024-12-15,中京,11,コールドムーンS,ダ,1400,左,晴,良,"4回 中京 6日目 サラ系３歳以上 オープン       (国際)(特指) 別定 16頭 本賞金:2200,880,550,330,220万円",16,2200.0,4,5,10,エミサキホコル,牡,4,58.0,長岡,84.0,クビ,5,8.3,37.5,3-3,栗東 杉山佳,502,10,
202407040611,2024-12-15,中京,11,コールドムーンS,ダ,1400,左,晴,良,"4回 中京 6日目 サラ系３歳以上 オープン       (国際)(特指) 別定 16頭 本賞金:2200,880,550,330,220万円",16,2200.0,5,4,7,レオノーレ,牝,5,56.0,酒井,84.1,1/2,9,35.5,37.0,8-8,栗東 福永,506,6,
202407040611,2024-12-15,中京,11,コールドムーンS,ダ,1400,左,晴,良,"4回 中京 6日目 サラ系３歳以上 オープン       (国際)(特指) 別定 16頭 本賞金:2200,880,550,330,220万円",16,2200.0,6,6,11,ユティタム,牡,4,59.0,佐々木,84.2,1/2,4,7.2,37.1,8-8,栗東 須貝,504,-10,
202407040611,2024-12-15,中京,11,コールドムーンS,ダ,1400,左,晴,良,"4回 中京 6日目 サラ系３歳以上 オープン       (国際)(特指) 別定 16頭 本賞金:2200,880,550,330,220万円",16,2200.0,7,7,13,ミラクルティアラ,牝,4,56.0,西塚,84.3,3/4,7,9.4,37.6,4-4,栗東 野中,444,2,
202407040611,2024-12-15,中京,11,コールドムーンS,ダ,1400,左,晴,良,"4回 中京 6日目 サラ系３歳以上 オープン       (国際)(特指) 別定 16頭 本賞金:2200,880,550,330,220万円",16,2200.0,8,8,15,スマートフォルス,牡,4,57.0,団野,84.4,クビ,1,3.7,37.0,11-11,栗東 吉村,484,4,
202407040611,2024-12-15,中京,11,コールドムーンS,ダ,1400,左,晴,良,"4回 中京 6日目 サラ系３歳以上 オープン       (国際)(特指) 別定 16頭 本賞金:2200,880,550,330,220万円",16,2200.0,9,1,2,ハギノアトラス,セ,8,58.0,斎藤,84.4,ハナ,15,234.0,37.5,6-5,栗東 鮫島,490,0,
202407040611,2024-12-15,中京,11,コールドムーンS,ダ,1400,左,晴,良,"4回 中京 6日目 サラ系３歳以上 オープン       (国際)(特指) 別定 16頭 本賞金:2200,880,550,330,220万円",16,2200.0,10,3,6,サクセスローレル,牡,5,58.0,国分恭,84.6,1.1/2,12,85.6,38.3,1-1,栗東 北出,530,-2,
202407040611,2024-12-15,中京,11,コールドムーンS,ダ,1400,左,晴,良,"4回 中京 6日目 サラ系３歳以上 オープン       (国際)(特指) 別定 16頭 本賞金:2200,880,550,330,220万円",16,2200.0,11,5,9,エルバリオ,牡,5,58.0,亀田,84.9,1.1/2,11,77.3,38.6,2-2,栗東 高野,540,0,
202407040611,2024-12-15,中京,11,コールドムーンS,ダ,1400,左,晴,良,"4回 中京 6日目 サラ系３歳以上 オープン       (国際)(特指) 別定 16頭 本賞金:2200,880,550,330,220万円",16,2200.0,12,7,14,バグラダス,牡,4,58.0,浜中,85.1,1.1/2,6,9.2,37.9,8-8,美浦 嘉藤,482,0,
202407040611,2024-12-15,中京,11,コールドムーンS,ダ,1400,左,晴,良,"4回 中京 6日目 サラ系３歳以上 オープン       (国際)(特指) 別定 16頭 本賞金:2200,880,550,330,220万円",16,2200.0,13,4,8,ゼルトザーム,牡,3,56.0,鮫島駿,85.2,3/4,10,58.2,37.8,11-11,栗東 藤野,500,10,
202407040611,2024-12-15,中京,11,コールドムーンS,ダ,1400,左,晴,良,"4回 中京 6日目 サラ系３歳以上 オープン       (国際)(特指) 別定 16頭 本賞金:2200,880,550,330,220万円",16,2200.0,14,2,4,ゴールドパラディン,牡,7,58.0,小沢,85.3,アタマ,13,122.8,38.5,4-5,栗東 小椋,450,16,
202407040611,2024-12-15,中京,11,コールドムーンS,ダ,1400,左,晴,良,"4回 中京 6日目 サラ系３歳以上 オープン       (国際)(特指) 別定 16頭 本賞金:2200,880,550,330,220万円",16,2200.0,15,2,3,エナジーグラン,牡,5,58.0,柴田裕,86.9,10,14,201.0,39.4,11-11,栗東 高柳大,478,6,
202407040611,2024-12-15,中京,11,コールドムーンS,ダ,1400,左,晴,良,"4回 中京 6日目 サラ系３歳以上 オープン       (国際)(特指) 別定 16頭 本賞金:2200,880,550,330,220万円",16,2200.0,,1,1,サトノテンペスト,牡,6,58.0,Ｈドイ,,,,,,,栗東 高橋亮,506,4,除外
202407040612,2024-12-15,中京,12,尾張特別,芝,1200,左,晴,良,"4回 中京 6日目 サラ系３歳以上 ２勝クラス       (混)[指] ハンデ 18頭 本賞金:1550,620,390,230,155万円",18,1550.0,1,3,6,デイトナモード,牡,4,55.0,Ｈドイ,69.0,,12,97.3,34.6,2-2,栗東 千田,538,-4,
202407040612,2024-12-15,中京,12,尾張特別,芝,1200,左,晴,良,"4回 中京 6日目 サラ系３歳以上 ２勝クラス       (混)[指] ハンデ 18頭 本賞金:1550,620,390,230,155万円",18,1550.0,2,1,2,レオテミス,牝,3,53.0,石田,69.1,1/2,1,3.6,33.9,8-8,栗東 高柳大,490,4,
202407040612,2024-12-15,中京,12,尾張特別,芝,1200,左,晴,良,"4回 中京 6日目 サラ系３歳以上 ２勝クラス       (混)[指] ハンデ 18頭 本賞金:1550,620,390,230,155万円",18,1550.0,3,1,1,アスクエピソード,牡,4,55.0,西塚,69.2,クビ,11,48.4,34.3,7-6,栗東 藤原,472,12,
202407040612,2024-12-15,中京,12,尾張特別,芝,1200,左,晴,良,"4回 中京 6日目 サラ系３歳以上 ２勝クラス       (混)[指] ハンデ 18頭 本賞金:1550,620,390,230,155万円",18,1550.0,4,7,14,マサノカナリア,牝,3,53.0,鮫島駿,69.3,1,6,14.3,33.7,12-12,栗東 藤野,468,-6,
202407040612,2024-12-15,中京,12,尾張特別,芝,1200,左,晴,良,"4回 中京 6日目 サラ系３歳以上 ２勝クラス       (混)[指] ハンデ 18頭 本賞金:1550,620,390,230,155万円",18,1550.0,5,6,12,ソノママソノママ,牝,4,53.0,泉谷,69.4,クビ,8,20.9,34.1,10-10,栗東 奥村豊,444,0,
202407040612,2024-12-15,中京,12,尾張特別,芝,1200,左,晴,良,"4回 中京 6日目 サラ系３歳以上 ２勝クラス       (混)[指] ハンデ 18頭 本賞金:1550,620,390,230,155万円",18,1550.0,6,2,4,ライブリームーラン,牝,4,52.0,小沢,69.4,ハナ,18,256.6,34.7,5-4,美浦 大竹,520,-4,
202407040612,2024-12-15,中京,12,尾張特別,芝,1200,左,晴,良,"4回 中京 6日目 サラ系３歳以上 ２勝クラス       (混)[指] ハンデ 18頭 本賞金:1550,620,390,230,155万円",18,1550.0,7,3,5,クインズプリーズ,牝,5,54.0,中井,69.4,クビ,14,109.9,35.3,1-1,栗東 藤野,440,-4,
202407040612,2024-12-15,中京,12,尾張特別,芝,1200,左,晴,良,"4回 中京 6日目 サラ系３歳以上 ２勝クラス       (混)[指] ハンデ 18頭 本賞金:1550,620,390,230,155万円",18,1550.0,8,6,11,ジョーメッドヴィン,牡,3,56.0,佐々木,69.6,1,3,5.5,34.7,5-6,栗東 清水久,506,0,
202407040612,2024-12-15,中京,12,尾張特別,芝,1200,左,晴,良,"4回 中京 6日目 サラ系３歳以上 ２勝クラス       (混)[指] ハンデ 18頭 本賞金:1550,620,390,230,155万円",18,1550.0,9,8,16,タイキヴァンクール,牡,3,57.0,浜中,69.6,クビ,2,4.2,34.5,8-8,栗東 中尾,514,4,
202407040612,2024-12-15,中京,12,尾張特別,芝,1200,左,晴,良,"4回 中京 6日目 サラ系３歳以上 ２勝クラス       (混)[指] ハンデ 18頭 本賞金:1550,620,390,230,155万円",18,1550.0,10,5,10,ディオアステリア,牝,5,54.0,Ｍデム,69.7,1/2,7,15.3,34.3,10-10,美浦 小野,482,-6,
202407040612,2024-12-15,中京,12,尾張特別,芝,1200,左,晴,良,"4回 中京 6日目 サラ系３歳以上 ２勝クラス       (混)[指] ハンデ 18頭 本賞金:1550,620,390,230,155万円",18,1550.0,11,8,18,ベジェサ,牝,5,54.0,団野,69.7,ハナ,13,109.9,33.4,17-16,栗東 飯田,490,4,
202407040612,2024-12-15,中京,12,尾張特別,芝,1200,左,晴,良,"4回 中京 6日目 サラ系３歳以上 ２勝クラス       (混)[指] ハンデ 18頭 本賞金:1550,620,390,230,155万円",18,1550.0,12,2,3,モズトキキ,牝,3,55.0,亀田,69.8,1/2,4,6.7,35.1,4-4,栗東 村山,556,8,
202407040612,2024-12-15,中京,12,尾張特別,芝,1200,左,晴,良,"4回 中京 6日目 サラ系３歳以上 ２勝クラス       (混)[指] ハンデ 18頭 本賞金:1550,620,390,230,155万円",18,1550.0,13,4,7,テーオーアリエス,牝,5,50.0,柴田裕,70.1,2,10,46.6,34.1,14-14,栗東 岡田,500,-10,
202407040612,2024-12-15,中京,12,尾張特別,芝,1200,左,晴,良,"4回 中京 6日目 サラ系３歳以上 ２勝クラス       (混)[指] ハンデ 18頭 本賞金:1550,620,390,230,155万円",18,1550.0,14,8,17,ジオパーククラウン,牡,4,55.0,酒井,70.2,3/4,15,169.0,34.6,13-12,栗東 長谷川,448,2,
202407040612,2024-12-15,中京,12,尾張特別,芝,1200,左,晴,良,"4回 中京 6日目 サラ系３歳以上 ２勝クラス       (混)[指] ハンデ 18頭 本賞金:1550,620,390,230,155万円",18,1550.0,15,5,9,トリップトゥムーン,牡,5,55.0,横山琉,70.3,1/2,17,236.2,34.3,15-14,美浦 粕谷,452,6,
202407040612,2024-12-15,中京,12,尾張特別,芝,1200,左,晴,良,"4回 中京 6日目 サラ系３歳以上 ２勝クラス       (混)[指] ハンデ 18頭 本賞金:1550,620,390,230,155万円",18,1550.0,16,7,13,ファイツオン,牡,3,56.0,高杉,70.4,クビ,5,11.0,36.1,2-2,栗東 藤岡,508,2,
202407040612,2024-12-15,中京,12,尾張特別,芝,1200,左,晴,良,"4回 中京 6日目 サラ系３歳以上 ２勝クラス       (混)[指] ハンデ 18頭 本賞金:1550,620,390,230,155万円",18,1550.0,17,4,8,セレッソデアモール,牝,4,53.0,永島,70.9,3,9,21.7,34.4,17-17,栗東 庄野,486,0,
202407040612,2024-12-15,中京,12,尾張特別,芝,1200,左,晴,良,"4回 中京 6日目 サラ系３歳以上 ２勝クラス       (混)[指] ハンデ 18頭 本賞金:1550,620,390,230,155万円",18,1550.0,18,7,15,ワイアウ,牝,4,52.0,原,71.3,2.1/2,16,185.1,34.9,16-17,美浦 鈴木慎,466,-8,
202408070601,2024-12-15,京都,1,2歳未勝利,ダ,1800,右,晴,良,"7回 京都 6日目 サラ系２歳 未勝利       牝[指] 馬齢 13頭 本賞金:550,220,140,83,55万円",13,550.0,1,4,4,ドゥラリス,牝,2,55.0,松山,116.1,,1,2.4,37.4,6-4-4-4,栗東 吉岡,504,-2,
202408070601,2024-12-15,京都,1,2歳未勝利,ダ,1800,右,晴,良,"7回 京都 6日目 サラ系２歳 未勝利       牝[指] 馬齢 13頭 本賞金:550,220,140,83,55万円",13,550.0,2,8,13,ツキノアカリ,牝,2,55.0,幸,116.2,クビ,2,3.5,37.6,3-3-3-2,栗東 牧田,454,-2,
202408070601,2024-12-15,京都,1,2歳未勝利,ダ,1800,右,晴,良,"7回 京都 6日目 サラ系２歳 未勝利       牝[指] 馬齢 13頭 本賞金:550,220,140,83,55万円",13,550.0,3,6,8,メリッササンライズ,牝,2,55.0,古川吉,117.3,7,9,58.8,39.1,1-1-1-2,栗東 河内,464,-4,
202408070601,2024-12-15,京都,1,2歳未勝利,ダ,1800,右,晴,良,"7回 京都 6日目 サラ系２歳 未勝利       牝[指] 馬齢 13頭 本賞金:550,220,140,83,55万円",13,550.0,4,5,7,メレサンク,牝,2,55.0,Ｃデム,117.5,1,3,4.3,38.5,7-7-6-6,栗東 田中克,462,0,
202408070601,2024-12-15,京都,1,2歳未勝利,ダ,1800,右,晴,良,"7回 京都 6日目 サラ系２歳 未勝利       牝[指] 馬齢 13頭 本賞金:550,220,140,83,55万円",13,550.0,5,1,1,ハッピールンナ,牝,2,55.0,国分優,117.6,1/2,7,49.0,38.4,11-9-9-7,栗東 大根田,488,2,
202408070601,2024-12-15,京都,1,2歳未勝利,ダ,1800,右,晴,良,"7回 京都 6日目 サラ系２歳 未勝利       牝[指] 馬齢 13頭 本賞金:550,220,140,83,55万円",13,550.0,6,2,2,コリエドール,牝,2,55.0,岩田望,117.6,クビ,8,56.4,39.2,2-2-2-1,栗東 茶木,450,-8,
202408070601,2024-12-15,京都,1,2歳未勝利,ダ,1800,右,晴,良,"7回 京都 6日目 サラ系２歳 未勝利       牝[指] 馬齢 13頭 本賞金:550,220,140,83,55万円",13,550.0,7,4,5,キミオモウハナ,牝,2,55.0,秋山稔,118.4,5,6,32.6,38.9,13-13-11-10,栗東 杉山佳,476,2,
202408070601,2024-12-15,京都,1,2歳未勝利,ダ,1800,右,晴,良,"7回 京都 6日目 サラ系２歳 未勝利       牝[指] 馬齢 13頭 本賞金:550,220,140,83,55万円",13,550.0,8,7,10,ラテライト,牝,2,55.0,川須,118.5,クビ,12,368.8,38.9,9-11-11-12,栗東 松下,458,-4,
202408070601,2024-12-15,京都,1,2歳未勝利,ダ,1800,右,晴,良,"7回 京都 6日目 サラ系２歳 未勝利       牝[指] 馬齢 13頭 本賞金:550,220,140,83,55万円",13,550.0,9,7,11,サトノスピカ,牝,2,55.0,川田,118.5,ハナ,4,5.3,39.7,4-4-4-4,栗東 須貝,460,2,
202408070601,2024-12-15,京都,1,2歳未勝利,ダ,1800,右,晴,良,"7回 京都 6日目 サラ系２歳 未勝利       牝[指] 馬齢 13頭 本賞金:550,220,140,83,55万円",13,550.0,10,5,6,バレオリア,牝,2,53.0,△吉村,118.6,1,5,20.2,39.6,7-7-6-7,栗東 新谷,514,-10,
202408070601,2024-12-15,京都,1,2歳未勝利,ダ,1800,右,晴,良,"7回 京都 6日目 サラ系２歳 未勝利       牝[指] 馬齢 13頭 本賞金:550,220,140,83,55万円",13,550.0,11,3,3,テイエムトップバン,牝,2,55.0,田中健,118.7,クビ,11,338.2,39.4,9-9-10-10,栗東 木原,470,-4,
202408070601,2024-12-15,京都,1,2歳未勝利,ダ,1800,右,晴,良,"7回 京都 6日目 サラ系２歳 未勝利       牝[指] 馬齢 13頭 本賞金:550,220,140,83,55万円",13,550.0,12,6,9,グラブビクトリー,牝,2,55.0,菱田,119.1,2.1/2,10,236.1,39.5,12-12-11-12,栗東 高橋忠,504,6,
202408070601,2024-12-15,京都,1,2歳未勝利,ダ,1800,右,晴,良,"7回 京都 6日目 サラ系２歳 未勝利       牝[指] 馬齢 13頭 本賞金:550,220,140,83,55万円",13,550.0,13,8,12,カレンスカーレル,牝,2,55.0,角田和,121.3,大,13,369.5,42.3,5-6-6-7,栗東 小林,466,4,
202408070602,2024-12-15,京都,2,2歳未勝利,ダ,1400,右,晴,良,"7回 京都 6日目 サラ系２歳 未勝利       [指] 馬齢 16頭 本賞金:550,220,140,83,55万円",16,550.0,1,1,1,シホノペルフェット,牡,2,56.0,Ｃデム,85.8,,4,14.4,37.2,3-3,栗東 寺島,512,14,
202408070602,2024-12-15,京都,2,2歳未勝利,ダ,1400,右,晴,良,"7回 京都 6日目 サラ系２歳 未勝利       [指] 馬齢 16頭 本賞金:550,220,140,83,55万円",16,550.0,2,8,16,アスゴッド,牡,2,56.0,坂井,86.1,1.3/4,2,2.5,37.7,2-2,栗東 矢作,502,-2,
202408070602,2024-12-15,京都,2,2歳未勝利,ダ,1400,右,晴,良,"7回 京都 6日目 サラ系２歳 未勝利       [指] 馬齢 16頭 本賞金:550,220,140,83,55万円",16,550.0,3,4,8,グランキングオー,牡,2,56.0,松山,87.0,5,3,4.1,38.4,3-3,栗東 高橋康,462,6,
202408070602,2024-12-15,京都,2,2歳未勝利,ダ,1400,右,晴,良,"7回 京都 6日目 サラ系２歳 未勝利       [指] 馬齢 16頭 本賞金:550,220,140,83,55万円",16,550.0,4,6,12,メイショウタイピン,牡,2,56.0,池添,87.2,3/4,5,38.0,37.9,8-8,栗東 飯田,480,0,
202408070602,2024-12-15,京都,2,2歳未勝利,ダ,1400,右,晴,良,"7回 京都 6日目 サラ系２歳 未勝利       [指] 馬齢 16頭 本賞金:550,220,140,83,55万円",16,550.0,5,7,14,モンテディアーナ,牝,2,55.0,藤岡佑,87.2,クビ,1,2.3,38.9,1-1,栗東 四位,460,-6,
202408070602,2024-12-15,京都,2,2歳未勝利,ダ,1400,右,晴,良,"7回 京都 6日目 サラ系２歳 未勝利       [指] 馬齢 16頭 本賞金:550,220,140,83,55万円",16,550.0,6,6,11,ケイアイブイスリー,牡,2,56.0,藤懸,87.5,1.3/4,6,43.9,38.6,6-5,栗東 平田,438,-2,
202408070602,2024-12-15,京都,2,2歳未勝利,ダ,1400,右,晴,良,"7回 京都 6日目 サラ系２歳 未勝利       [指] 馬齢 16頭 本賞金:550,220,140,83,55万円",16,550.0,7,1,2,イサチルカムカム,牡,2,56.0,古川吉,88.7,7,11,194.2,38.7,13-11,美浦 竹内,420,-4,
202408070602,2024-12-15,京都,2,2歳未勝利,ダ,1400,右,晴,良,"7回 京都 6日目 サラ系２歳 未勝利       [指] 馬齢 16頭 本賞金:550,220,140,83,55万円",16,550.0,8,3,6,リメンバーヒム,牡,2,56.0,幸,88.9,1.1/4,9,75.9,39.4,10-9,栗東 浜田,462,-2,
202408070602,2024-12-15,京都,2,2歳未勝利,ダ,1400,右,晴,良,"7回 京都 6日目 サラ系２歳 未勝利       [指] 馬齢 16頭 本賞金:550,220,140,83,55万円",16,550.0,9,7,13,ワウワウワウ,牡,2,56.0,川須栄,89.0,1/2,7,45.6,40.0,6-5,美浦 牧,510,0,
202408070602,2024-12-15,京都,2,2歳未勝利,ダ,1400,右,晴,良,"7回 京都 6日目 サラ系２歳 未勝利       [指] 馬齢 16頭 本賞金:550,220,140,83,55万円",16,550.0,10,5,9,スティルシャイニン,牡,2,56.0,菱田,89.5,3,16,622.5,39.4,15-14,美浦 天間,456,-2,
202408070602,2024-12-15,京都,2,2歳未勝利,ダ,1400,右,晴,良,"7回 京都 6日目 サラ系２歳 未勝利       [指] 馬齢 16頭 本賞金:550,220,140,83,55万円",16,550.0,11,8,15,ワイドレッド,牝,2,52.0,▲今村,89.5,ハナ,12,211.8,39.3,14-14,美浦 武井,438,8,
202408070602,2024-12-15,京都,2,2歳未勝利,ダ,1400,右,晴,良,"7回 京都 6日目 サラ系２歳 未勝利       [指] 馬齢 16頭 本賞金:550,220,140,83,55万円",16,550.0,12,2,4,マッハレイジング,牡,2,56.0,岩田望,89.7,1.1/4,8,64.9,41.1,3-5,栗東 小崎,474,-8,
202408070602,2024-12-15,京都,2,2歳未勝利,ダ,1400,右,晴,良,"7回 京都 6日目 サラ系２歳 未勝利       [指] 馬齢 16頭 本賞金:550,220,140,83,55万円",16,550.0,13,2,3,コパノジェームス,牡,2,56.0,小崎,90.1,2.1/2,15,557.2,40.4,12-11,栗東 村山,504,4,
202408070602,2024-12-15,京都,2,2歳未勝利,ダ,1400,右,晴,良,"7回 京都 6日目 サラ系２歳 未勝利       [指] 馬齢 16頭 本賞金:550,220,140,83,55万円",16,550.0,14,3,5,レイリースピリット,牡,2,54.0,△吉村,90.4,1.3/4,13,233.0,41.1,8-9,栗東 浜田,422,4,
202408070602,2024-12-15,京都,2,2歳未勝利,ダ,1400,右,晴,良,"7回 京都 6日目 サラ系２歳 未勝利       [指] 馬齢 16頭 本賞金:550,220,140,83,55万円",16,550.0,15,5,10,ナムラブルータス,牡,2,55.0,☆田口,91.9,9,10,130.6,40.1,16-16,栗東 大橋,482,8,
202408070602,2024-12-15,京都,2,2歳未勝利,ダ,1400,右,晴,良,"7回 京都 6日目 サラ系２歳 未勝利       [指] 馬齢 16頭 本賞金:550,220,140,83,55万円",16,550.0,16,4,7,アルピナセブン,牝,2,55.0,秋山稔,92.6,4,14,250.8,43.1,10-11,栗東 北出,452,2,
202408070603,2024-12-15,京都,3,2歳未勝利,ダ,1800,右,晴,良,"7回 京都 6日目 サラ系２歳 未勝利       (混)[指] 馬齢 14頭 本賞金:550,220,140,83,55万円",14,550.0,1,5,8,サマーナイト,牡,2,56.0,Ｃデム,115.1,,5,9.4,37.4,5-5-3-1,栗東 寺島,488,0,
202408070603,2024-12-15,京都,3,2歳未勝利,ダ,1800,右,晴,良,"7回 京都 6日目 サラ系２歳 未勝利       (混)[指] 馬齢 14頭 本賞金:550,220,140,83,55万円",14,550.0,2,6,10,チュウワチーフ,牡,2,56.0,武豊,116.0,5,1,2.6,38.6,1-1-1-2,栗東 小崎,474,0,
202408070603,2024-12-15,京都,3,2歳未勝利,ダ,1800,右,晴,良,"7回 京都 6日目 サラ系２歳 未勝利       (混)[指] 馬齢 14頭 本賞金:550,220,140,83,55万円",14,550.0,3,8,14,ロードヴォイジャー,牡,2,56.0,川田,116.8,5,2,2.7,39.0,6-5-6-5,栗東 坂口,502,-10,
202408070603,2024-12-15,京都,3,2歳未勝利,ダ,1800,右,晴,良,"7回 京都 6日目 サラ系２歳 未勝利       (混)[指] 馬齢 14頭 本賞金:550,220,140,83,55万円",14,550.0,4,4,6,シャドーストライク,牡,2,55.0,☆田口,116.8,クビ,13,373.7,39.3,2-2-2-3,栗東 茶木,482,6,
202408070603,2024-12-15,京都,3,2歳未勝利,ダ,1800,右,晴,良,"7回 京都 6日目 サラ系２歳 未勝利       (混)[指] 馬齢 14頭 本賞金:550,220,140,83,55万円",14,550.0,5,2,2,モルテンコア,牡,2,56.0,菱田,116.9,クビ,3,5.5,38.9,6-5-7-7,栗東 岡田,484,22,
202408070603,2024-12-15,京都,3,2歳未勝利,ダ,1800,右,晴,良,"7回 京都 6日目 サラ系２歳 未勝利       (混)[指] 馬齢 14頭 本賞金:550,220,140,83,55万円",14,550.0,6,6,9,ピコビジュー,牡,2,56.0,幸,117.3,2.1/2,7,78.9,39.2,9-8-7-9,栗東 高橋一,516,0,
202408070603,2024-12-15,京都,3,2歳未勝利,ダ,1800,右,晴,良,"7回 京都 6日目 サラ系２歳 未勝利       (混)[指] 馬齢 14頭 本賞金:550,220,140,83,55万円",14,550.0,7,7,11,キタノロジック,牡,2,56.0,国分優,117.5,1.1/4,9,197.9,39.1,10-10-10-11,栗東 畑端,484,-8,
202408070603,2024-12-15,京都,3,2歳未勝利,ダ,1800,右,晴,良,"7回 京都 6日目 サラ系２歳 未勝利       (混)[指] 馬齢 14頭 本賞金:550,220,140,83,55万円",14,550.0,8,8,13,コパノディラン,牡,2,56.0,荻野琢,117.6,クビ,11,242.3,39.2,12-12-10-9,栗東 梅田,496,0,
202408070603,2024-12-15,京都,3,2歳未勝利,ダ,1800,右,晴,良,"7回 京都 6日目 サラ系２歳 未勝利       (混)[指] 馬齢 14頭 本賞金:550,220,140,83,55万円",14,550.0,9,3,4,セイノスケ,牡,2,54.0,△吉村,117.8,1.1/4,8,90.8,39.1,13-14-13-13,栗東 清水久,454,-4,
202408070603,2024-12-15,京都,3,2歳未勝利,ダ,1800,右,晴,良,"7回 京都 6日目 サラ系２歳 未勝利       (混)[指] 馬齢 14頭 本賞金:550,220,140,83,55万円",14,550.0,10,1,1,ルージュキャルト,牝,2,55.0,坂井,117.9,クビ,4,7.3,40.2,3-3-3-5,栗東 矢作,460,-4,
202408070603,2024-12-15,京都,3,2歳未勝利,ダ,1800,右,晴,良,"7回 京都 6日目 サラ系２歳 未勝利       (混)[指] 馬齢 14頭 本賞金:550,220,140,83,55万円",14,550.0,11,4,5,アライアンスデイ,牡,2,53.0,▲今村,117.9,クビ,12,263.6,39.4,13-13-10-11,美浦 村田,454,-14,
202408070603,2024-12-15,京都,3,2歳未勝利,ダ,1800,右,晴,良,"7回 京都 6日目 サラ系２歳 未勝利       (混)[指] 馬齢 14頭 本賞金:550,220,140,83,55万円",14,550.0,12,7,12,ペプチドシナノ,牡,2,56.0,高倉,118.2,2,10,211.3,40.2,8-8-7-7,栗東 武英,472,2,
202408070603,2024-12-15,京都,3,2歳未勝利,ダ,1800,右,晴,良,"7回 京都 6日目 サラ系２歳 未勝利       (混)[指] 馬齢 14頭 本賞金:550,220,140,83,55万円",14,550.0,13,3,3,カンタベリーバイク,牡,2,56.0,古川吉,118.9,4,14,650.0,40.2,10-10-13-13,美浦 的場,448,-2,
202408070603,2024-12-15,京都,3,2歳未勝利,ダ,1800,右,晴,良,"7回 京都 6日目 サラ系２歳 未勝利       (混)[指] 馬齢 14頭 本賞金:550,220,140,83,55万円",14,550.0,14,5,7,レインオンミー,牡,2,56.0,岩田望,119.1,3/4,6,31.0,41.4,3-3-3-4,栗東 福永,476,-4,
202408070604,2024-12-15,京都,4,2歳未勝利,芝,1800,右,晴,良,"7回 京都 6日目 サラ系２歳 未勝利       (混)[指] 馬齢 14頭 本賞金:550,220,140,83,55万円",14,550.0,1,5,8,ショウヘイ,牡,2,56.0,川田,108.9,,1,1.4,34.6,3-4,栗東 友道,462,-4,
202408070604,2024-12-15,京都,4,2歳未勝利,芝,1800,右,晴,良,"7回 京都 6日目 サラ系２歳 未勝利       (混)[指] 馬齢 14頭 本賞金:550,220,140,83,55万円",14,550.0,2,3,3,フィーユチャン,牝,2,55.0,松山,109.3,2.1/2,8,73.0,34.3,11-10,美浦 斎藤誠,440,2,
202408070604,2024-12-15,京都,4,2歳未勝利,芝,1800,右,晴,良,"7回 京都 6日目 サラ系２歳 未勝利       (混)[指] 馬齢 14頭 本賞金:550,220,140,83,55万円",14,550.0,3,5,7,バッケンレコード,牡,2,56.0,角田和,109.4,1/2,6,39.4,34.7,9-9,栗東 河内,472,16,
202408070604,2024-12-15,京都,4,2歳未勝利,芝,1800,右,晴,良,"7回 京都 6日目 サラ系２歳 未勝利       (混)[指] 馬齢 14頭 本賞金:550,220,140,83,55万円",14,550.0,4,4,5,サリーチェ,牝,2,55.0,Ｃデム,109.6,1,2,3.5,35.1,6-5,栗東 池添,474,0,
202408070604,2024-12-15,京都,4,2歳未勝利,芝,1800,右,晴,良,"7回 京都 6日目 サラ系２歳 未勝利       (混)[指] 馬齢 14頭 本賞金:550,220,140,83,55万円",14,550.0,5,7,11,レッドヴァリアート,牡,2,56.0,池添,109.8,1.1/2,7,52.1,35.3,6-5,栗東 大久保,442,0,
202408070604,2024-12-15,京都,4,2歳未勝利,芝,1800,右,晴,良,"7回 京都 6日目 サラ系２歳 未勝利       (混)[指] 馬齢 14頭 本賞金:550,220,140,83,55万円",14,550.0,6,1,1,ハミルトン,牡,2,56.0,幸,109.9,クビ,4,19.0,35.0,9-10,栗東 高野,510,-4,
202408070604,2024-12-15,京都,4,2歳未勝利,芝,1800,右,晴,良,"7回 京都 6日目 サラ系２歳 未勝利       (混)[指] 馬齢 14頭 本賞金:550,220,140,83,55万円",14,550.0,7,3,4,ケイコウギュウゴ,牡,2,55.0,☆田口,109.9,クビ,10,114.0,34.8,12-12,栗東 藤沢,444,-2,
202408070604,2024-12-15,京都,4,2歳未勝利,芝,1800,右,晴,良,"7回 京都 6日目 サラ系２歳 未勝利       (混)[指] 馬齢 14頭 本賞金:550,220,140,83,55万円",14,550.0,8,6,9,バルナバ,牡,2,54.0,△吉村,110.0,1/2,9,101.5,34.7,14-13,栗東 浜田,498,-14,
202408070604,2024-12-15,京都,4,2歳未勝利,芝,1800,右,晴,良,"7回 京都 6日目 サラ系２歳 未勝利       (混)[指] 馬齢 14頭 本賞金:550,220,140,83,55万円",14,550.0,9,2,2,ダイハッシュウ,牡,2,56.0,北村友,110.2,1.1/4,11,138.1,35.6,6-5,栗東 牧田,442,6,
202408070604,2024-12-15,京都,4,2歳未勝利,芝,1800,右,晴,良,"7回 京都 6日目 サラ系２歳 未勝利       (混)[指] 馬齢 14頭 本賞金:550,220,140,83,55万円",14,550.0,10,7,12,レイデラティエラ,牡,2,56.0,岩田望,110.2,アタマ,5,32.5,36.1,2-2,栗東 小崎,470,2,
202408070604,2024-12-15,京都,4,2歳未勝利,芝,1800,右,晴,良,"7回 京都 6日目 サラ系２歳 未勝利       (混)[指] 馬齢 14頭 本賞金:550,220,140,83,55万円",14,550.0,11,4,6,ロングトーン,牝,2,55.0,川須,110.6,2.1/2,12,399.4,36.3,3-2,美浦 尾関,378,-4,
202408070604,2024-12-15,京都,4,2歳未勝利,芝,1800,右,晴,良,"7回 京都 6日目 サラ系２歳 未勝利       (混)[指] 馬齢 14頭 本賞金:550,220,140,83,55万円",14,550.0,12,6,10,アースグレーザー,牡,2,56.0,ムーア,110.7,1/2,3,8.3,36.7,1-1,栗東 中村,478,16,
202408070604,2024-12-15,京都,4,2歳未勝利,芝,1800,右,晴,良,"7回 京都 6日目 サラ系２歳 未勝利       (混)[指] 馬齢 14頭 本賞金:550,220,140,83,55万円",14,550.0,13,8,14,モーリシャスアロマ,牝,2,55.0,小崎,110.8,1,14,509.2,36.4,3-5,栗東 新谷,462,-2,
202408070604,2024-12-15,京都,4,2歳未勝利,芝,1800,右,晴,良,"7回 京都 6日目 サラ系２歳 未勝利       (混)[指] 馬齢 14頭 本賞金:550,220,140,83,55万円",14,550.0,14,8,13,プティミニョン,牝,2,52.0,▲今村,112.8,大,13,504.3,37.5,12-14,栗東 高橋康,404,-4,
202408070605,2024-12-15,京都,5,2歳新馬,芝,1600,右,晴,良,"7回 京都 6日目 サラ系２歳 新馬       [指] 馬齢 14頭 本賞金:720,290,180,110,72万円",14,720.0,1,6,10,ノクナレア,牝,2,55.0,松山,97.6,,9,39.8,34.1,6-6,栗東 今野,462,0,
202408070605,2024-12-15,京都,5,2歳新馬,芝,1600,右,晴,良,"7回 京都 6日目 サラ系２歳 新馬       [指] 馬齢 14頭 本賞金:720,290,180,110,72万円",14,720.0,2,3,3,ウインロゼライト,牝,2,55.0,Ｃ．デ,97.9,2,6,15.2,34.0,12-9,栗東 寺島,440,0,
202408070605,2024-12-15,京都,5,2歳新馬,芝,1600,右,晴,良,"7回 京都 6日目 サラ系２歳 新馬       [指] 馬齢 14頭 本賞金:720,290,180,110,72万円",14,720.0,3,8,13,シャルメイビス,牝,2,55.0,幸,98.2,1.1/2,11,58.2,34.5,8-6,栗東 森秀,430,0,
202408070605,2024-12-15,京都,5,2歳新馬,芝,1600,右,晴,良,"7回 京都 6日目 サラ系２歳 新馬       [指] 馬齢 14頭 本賞金:720,290,180,110,72万円",14,720.0,4,5,7,ワインクーラー,牝,2,55.0,菱田,98.2,ハナ,4,11.9,35.0,2-2,栗東 石橋,462,0,
202408070605,2024-12-15,京都,5,2歳新馬,芝,1600,右,晴,良,"7回 京都 6日目 サラ系２歳 新馬       [指] 馬齢 14頭 本賞金:720,290,180,110,72万円",14,720.0,5,5,8,ルクスコロン,牝,2,55.0,武豊,98.3,1/2,5,13.1,35.0,3-3,栗東 上村,432,0,
202408070605,2024-12-15,京都,5,2歳新馬,芝,1600,右,晴,良,"7回 京都 6日目 サラ系２歳 新馬       [指] 馬齢 14頭 本賞金:720,290,180,110,72万円",14,720.0,6,1,1,エイカイカッシーナ,牝,2,55.0,北村友,98.3,クビ,8,31.6,34.0,14-13,栗東 藤原,430,0,
202408070605,2024-12-15,京都,5,2歳新馬,芝,1600,右,晴,良,"7回 京都 6日目 サラ系２歳 新馬       [指] 馬齢 14頭 本賞金:720,290,180,110,72万円",14,720.0,7,8,14,メイショウタビズキ,牡,2,56.0,角田和,98.3,ハナ,12,87.1,34.9,3-3,栗東 笹田,456,0,
202408070605,2024-12-15,京都,5,2歳新馬,芝,1600,右,晴,良,"7回 京都 6日目 サラ系２歳 新馬       [指] 馬齢 14頭 本賞金:720,290,180,110,72万円",14,720.0,8,7,11,クラヴァンス,牡,2,56.0,ムーア,98.6,1.1/2,2,3.5,34.8,10-9,栗東 友道,472,0,
202408070605,2024-12-15,京都,5,2歳新馬,芝,1600,右,晴,良,"7回 京都 6日目 サラ系２歳 新馬       [指] 馬齢 14頭 本賞金:720,290,180,110,72万円",14,720.0,9,7,12,ビバジョー,牝,2,55.0,ルメー,98.6,クビ,3,4.3,34.9,8-9,栗東 西園正,520,0,
202408070605,2024-12-15,京都,5,2歳新馬,芝,1600,右,晴,良,"7回 京都 6日目 サラ系２歳 新馬       [指] 馬齢 14頭 本賞金:720,290,180,110,72万円",14,720.0,10,4,5,キムケンフォトン,牝,2,55.0,坂井,98.7,3/4,10,56.3,35.7,1-1,栗東 矢作,414,0,
202408070605,2024-12-15,京都,5,2歳新馬,芝,1600,右,晴,良,"7回 京都 6日目 サラ系２歳 新馬       [指] 馬齢 14頭 本賞金:720,290,180,110,72万円",14,720.0,11,4,6,パープルヘイズ,牝,2,53.0,△吉村,99.0,1.3/4,14,160.2,35.6,3-3,栗東 千田,466,0,
202408070605,2024-12-15,京都,5,2歳新馬,芝,1600,右,晴,良,"7回 京都 6日目 サラ系２歳 新馬       [指] 馬齢 14頭 本賞金:720,290,180,110,72万円",14,720.0,12,3,4,ゾーンサイレンス,牡,2,55.0,☆田口,99.0,アタマ,7,21.5,35.3,6-6,栗東 小椋,464,0,
202408070605,2024-12-15,京都,5,2歳新馬,芝,1600,右,晴,良,"7回 京都 6日目 サラ系２歳 新馬       [指] 馬齢 14頭 本賞金:720,290,180,110,72万円",14,720.0,13,2,2,アユツリムスメ,牝,2,55.0,岩田望,99.1,クビ,13,126.3,35.1,10-9,栗東 村山,458,0,
202408070605,2024-12-15,京都,5,2歳新馬,芝,1600,右,晴,良,"7回 京都 6日目 サラ系２歳 新馬       [指] 馬齢 14頭 本賞金:720,290,180,110,72万円",14,720.0,14,6,9,カフジキームン,牝,2,55.0,古川吉,99.3,1.1/4,1,2.8,35.2,12-13,栗東 河嶋,464,0,
202408070606,2024-12-15,京都,6,2歳新馬,ダ,1800,右,晴,良,"7回 京都 6日目 サラ系２歳 新馬       [指] 馬齢 16頭 本賞金:720,290,180,110,72万円",16,720.0,1,5,9,ショーダンサー,牡,2,56.0,国分優,114.8,,9,34.8,37.5,11-11-9-8,栗東 大根田,442,0,
202408070606,2024-12-15,京都,6,2歳新馬,ダ,1800,右,晴,良,"7回 京都 6日目 サラ系２歳 新馬       [指] 馬齢 16頭 本賞金:720,290,180,110,72万円",16,720.0,2,2,3,ハグ,牡,2,56.0,ムーア,115.1,2,1,2.4,38.5,2-2-2-2,栗東 藤岡,514,0,
202408070606,2024-12-15,京都,6,2歳新馬,ダ,1800,右,晴,良,"7回 京都 6日目 サラ系２歳 新馬       [指] 馬齢 16頭 本賞金:720,290,180,110,72万円",16,720.0,3,6,11,ルヴァンユニベール,牡,2,56.0,高倉,115.4,1.1/2,10,46.4,38.4,7-7-6-4,栗東 北出,530,0,
202408070606,2024-12-15,京都,6,2歳新馬,ダ,1800,右,晴,良,"7回 京都 6日目 サラ系２歳 新馬       [指] 馬齢 16頭 本賞金:720,290,180,110,72万円",16,720.0,4,6,12,メイショウソウセキ,牡,2,56.0,武豊,115.7,1.3/4,2,4.7,38.9,5-5-3-3,栗東 松永幹,494,0,
202408070606,2024-12-15,京都,6,2歳新馬,ダ,1800,右,晴,良,"7回 京都 6日目 サラ系２歳 新馬       [指] 馬齢 16頭 本賞金:720,290,180,110,72万円",16,720.0,5,1,2,ワイドデコラシオン,牡,2,55.0,☆田口,116.9,7,5,13.1,40.4,1-1-1-1,栗東 辻野,512,0,
202408070606,2024-12-15,京都,6,2歳新馬,ダ,1800,右,晴,良,"7回 京都 6日目 サラ系２歳 新馬       [指] 馬齢 16頭 本賞金:720,290,180,110,72万円",16,720.0,6,1,1,アンデルマット,牝,2,55.0,Ｃデム,117.1,1,3,5.2,40.1,7-7-6-4,栗東 梅田,480,0,
202408070606,2024-12-15,京都,6,2歳新馬,ダ,1800,右,晴,良,"7回 京都 6日目 サラ系２歳 新馬       [指] 馬齢 16頭 本賞金:720,290,180,110,72万円",16,720.0,7,8,15,トラスティソード,牝,2,55.0,ルメー,117.8,4,4,8.2,40.4,9-10-9-10,栗東 新谷,474,0,
202408070606,2024-12-15,京都,6,2歳新馬,ダ,1800,右,晴,良,"7回 京都 6日目 サラ系２歳 新馬       [指] 馬齢 16頭 本賞金:720,290,180,110,72万円",16,720.0,8,2,4,ドナコルコバド,牝,2,55.0,松山,118.0,1,8,32.7,40.7,9-9-8-9,栗東 今野,482,0,
202408070606,2024-12-15,京都,6,2歳新馬,ダ,1800,右,晴,良,"7回 京都 6日目 サラ系２歳 新馬       [指] 馬齢 16頭 本賞金:720,290,180,110,72万円",16,720.0,9,7,13,タガノマルアフ,牡,2,56.0,角田和,118.1,3/4,15,139.6,39.7,13-13-13-12,栗東 角田,496,0,
202408070606,2024-12-15,京都,6,2歳新馬,ダ,1800,右,晴,良,"7回 京都 6日目 サラ系２歳 新馬       [指] 馬齢 16頭 本賞金:720,290,180,110,72万円",16,720.0,10,8,16,ミラクルボーン,牡,2,56.0,岩田望,118.6,3,7,30.2,40.1,14-13-14-13,栗東 石坂,554,0,
202408070606,2024-12-15,京都,6,2歳新馬,ダ,1800,右,晴,良,"7回 京都 6日目 サラ系２歳 新馬       [指] 馬齢 16頭 本賞金:720,290,180,110,72万円",16,720.0,11,3,5,オリビアサンライズ,牝,2,55.0,藤懸,118.7,1/2,14,105.8,41.2,11-11-12-11,栗東 平田,432,0,
202408070606,2024-12-15,京都,6,2歳新馬,ダ,1800,右,晴,良,"7回 京都 6日目 サラ系２歳 新馬       [指] 馬齢 16頭 本賞金:720,290,180,110,72万円",16,720.0,12,7,14,メイショウアイル,牡,2,56.0,坂井,119.7,6,6,13.8,42.8,5-5-5-4,栗東 高橋忠,466,0,
202408070606,2024-12-15,京都,6,2歳新馬,ダ,1800,右,晴,良,"7回 京都 6日目 サラ系２歳 新馬       [指] 馬齢 16頭 本賞金:720,290,180,110,72万円",16,720.0,13,5,10,タマモスノーダンス,牝,2,55.0,川須,119.7,クビ,12,80.4,42.9,3-3-3-4,栗東 緒方,488,0,
202408070606,2024-12-15,京都,6,2歳新馬,ダ,1800,右,晴,良,"7回 京都 6日目 サラ系２歳 新馬       [指] 馬齢 16頭 本賞金:720,290,180,110,72万円",16,720.0,14,4,8,フィオーレ,牝,2,53.0,△吉村,120.0,2,16,177.6,41.1,16-15-15-15,栗東 緒方,452,0,
202408070606,2024-12-15,京都,6,2歳新馬,ダ,1800,右,晴,良,"7回 京都 6日目 サラ系２歳 新馬       [指] 馬齢 16頭 本賞金:720,290,180,110,72万円",16,720.0,15,3,6,ベルレオーネ,牡,2,56.0,幸,124.2,大,11,62.4,46.7,3-4-9-13,栗東 西園正,478,0,
202408070606,2024-12-15,京都,6,2歳新馬,ダ,1800,右,晴,良,"7回 京都 6日目 サラ系２歳 新馬       [指] 馬齢 16頭 本賞金:720,290,180,110,72万円",16,720.0,,4,7,ボンショワ,牝,2,55.0,藤岡佑,,,13,95.2,,14-15-16-16,栗東 長谷川,490,0,中止
202408070607,2024-12-15,京都,7,3歳以上1勝クラス,ダ,1400,右,晴,良,"7回 京都 6日目 サラ系３歳以上 １勝クラス       [指] 定量 16頭 本賞金:800,320,200,120,80万円",16,800.0,1,2,3,ハリウッドブルース,牡,3,57.0,北村友,86.4,,1,3.4,36.4,10-9,栗東 浜田,456,-2,
202408070607,2024-12-15,京都,7,3歳以上1勝クラス,ダ,1400,右,晴,良,"7回 京都 6日目 サラ系３歳以上 １勝クラス       [指] 定量 16頭 本賞金:800,320,200,120,80万円",16,800.0,2,8,16,ベレニーチェ,牝,3,55.0,高倉,86.5,クビ,10,45.4,37.2,4-4,栗東 武英,466,0,
202408070607,2024-12-15,京都,7,3歳以上1勝クラス,ダ,1400,右,晴,良,"7回 京都 6日目 サラ系３歳以上 １勝クラス       [指] 定量 16頭 本賞金:800,320,200,120,80万円",16,800.0,3,1,2,アシャカブラン,牡,3,57.0,幸,86.8,1.3/4,8,15.5,37.2,8-6,栗東 大根田,514,0,
202408070607,2024-12-15,京都,7,3歳以上1勝クラス,ダ,1400,右,晴,良,"7回 京都 6日目 サラ系３歳以上 １勝クラス       [指] 定量 16頭 本賞金:800,320,200,120,80万円",16,800.0,4,5,10,ピストンボーイ,牡,3,57.0,Ｃデム,86.8,クビ,3,6.2,38.0,2-1,栗東 池添,522,16,
202408070607,2024-12-15,京都,7,3歳以上1勝クラス,ダ,1400,右,晴,良,"7回 京都 6日目 サラ系３歳以上 １勝クラス       [指] 定量 16頭 本賞金:800,320,200,120,80万円",16,800.0,5,8,15,アイファーファイト,牡,5,58.0,藤懸,86.9,クビ,15,141.0,36.4,15-14,栗東 鮫島,446,0,
202408070607,2024-12-15,京都,7,3歳以上1勝クラス,ダ,1400,右,晴,良,"7回 京都 6日目 サラ系３歳以上 １勝クラス       [指] 定量 16頭 本賞金:800,320,200,120,80万円",16,800.0,6,4,7,ペプチドヒナタ,牡,3,56.0,☆田口,86.9,ハナ,11,46.2,36.7,13-12,栗東 武英,484,6,
202408070607,2024-12-15,京都,7,3歳以上1勝クラス,ダ,1400,右,晴,良,"7回 京都 6日目 サラ系３歳以上 １勝クラス       [指] 定量 16頭 本賞金:800,320,200,120,80万円",16,800.0,7,6,11,アンナバローズ,牝,3,55.0,岩田望,87.0,1/2,2,4.1,38.0,3-3,栗東 辻野,500,10,
202408070607,2024-12-15,京都,7,3歳以上1勝クラス,ダ,1400,右,晴,良,"7回 京都 6日目 サラ系３歳以上 １勝クラス       [指] 定量 16頭 本賞金:800,320,200,120,80万円",16,800.0,8,4,8,ルクスマーベリック,セ,3,57.0,横山典,87.0,クビ,4,8.3,37.1,10-9,栗東 松永幹,452,8,
202408070607,2024-12-15,京都,7,3歳以上1勝クラス,ダ,1400,右,晴,良,"7回 京都 6日目 サラ系３歳以上 １勝クラス       [指] 定量 16頭 本賞金:800,320,200,120,80万円",16,800.0,9,3,6,ジョウゲンノツキ,牝,3,55.0,松山,87.0,アタマ,5,8.8,37.8,4-4,栗東 牧田,456,6,
202408070607,2024-12-15,京都,7,3歳以上1勝クラス,ダ,1400,右,晴,良,"7回 京都 6日目 サラ系３歳以上 １勝クラス       [指] 定量 16頭 本賞金:800,320,200,120,80万円",16,800.0,10,7,14,レディマリオン,牝,3,55.0,藤岡佑,87.1,クビ,6,11.3,37.4,9-9,栗東 長谷川,442,-2,
202408070607,2024-12-15,京都,7,3歳以上1勝クラス,ダ,1400,右,晴,良,"7回 京都 6日目 サラ系３歳以上 １勝クラス       [指] 定量 16頭 本賞金:800,320,200,120,80万円",16,800.0,11,2,4,ヴォルスター,牡,3,55.0,△吉村,87.5,2.1/2,7,14.1,38.1,6-7,栗東 清水久,436,6,
202408070607,2024-12-15,京都,7,3歳以上1勝クラス,ダ,1400,右,晴,良,"7回 京都 6日目 サラ系３歳以上 １勝クラス       [指] 定量 16頭 本賞金:800,320,200,120,80万円",16,800.0,12,3,5,フェゲフォイア,牡,4,58.0,菱田,87.8,1.3/4,9,44.0,38.3,6-7,栗東 岡田,488,10,
202408070607,2024-12-15,京都,7,3歳以上1勝クラス,ダ,1400,右,晴,良,"7回 京都 6日目 サラ系３歳以上 １勝クラス       [指] 定量 16頭 本賞金:800,320,200,120,80万円",16,800.0,13,6,12,モラトリアム,牝,6,56.0,古川吉,88.1,1.3/4,14,110.4,37.5,16-16,栗東 河内,458,0,
202408070607,2024-12-15,京都,7,3歳以上1勝クラス,ダ,1400,右,晴,良,"7回 京都 6日目 サラ系３歳以上 １勝クラス       [指] 定量 16頭 本賞金:800,320,200,120,80万円",16,800.0,14,7,13,クインズエルサ,牝,4,56.0,角田和,88.1,ハナ,12,103.1,39.4,1-2,栗東 西村,462,2,
202408070607,2024-12-15,京都,7,3歳以上1勝クラス,ダ,1400,右,晴,良,"7回 京都 6日目 サラ系３歳以上 １勝クラス       [指] 定量 16頭 本賞金:800,320,200,120,80万円",16,800.0,15,5,9,フリースタイル,牝,4,56.0,国分優,88.4,1.1/2,16,426.3,38.2,13-12,栗東 畑端,492,-4,
202408070607,2024-12-15,京都,7,3歳以上1勝クラス,ダ,1400,右,晴,良,"7回 京都 6日目 サラ系３歳以上 １勝クラス       [指] 定量 16頭 本賞金:800,320,200,120,80万円",16,800.0,16,1,1,ポジティブガール,牝,5,53.0,▲ 今村聖,88.5,1,13,107.7,38.4,12-14,栗東 緒方,464,2,
202408070608,2024-12-15,京都,8,3歳以上1勝クラス,芝,2200,右,晴,良,"7回 京都 6日目 サラ系３歳以上 １勝クラス       (混)[指] 定量 18頭 本賞金:800,320,200,120,80万円",18,800.0,1,8,16,クルミナーレ,牡,3,56.0,ルメー,132.3,,2,4.6,35.3,3-3-3-3,栗東 池江,508,4,
202408070608,2024-12-15,京都,8,3歳以上1勝クラス,芝,2200,右,晴,良,"7回 京都 6日目 サラ系３歳以上 １勝クラス       (混)[指] 定量 18頭 本賞金:800,320,200,120,80万円",18,800.0,2,1,1,スカイサーベイ,牡,3,56.0,Ｃデム,132.4,クビ,4,6.8,35.3,3-3-3-3,栗東 池添,476,-2,
202408070608,2024-12-15,京都,8,3歳以上1勝クラス,芝,2200,右,晴,良,"7回 京都 6日目 サラ系３歳以上 １勝クラス       (混)[指] 定量 18頭 本賞金:800,320,200,120,80万円",18,800.0,3,3,5,エボルヴィング,牡,3,56.0,川田,132.4,アタマ,5,11.6,34.9,9-8-9-8,栗東 藤原,450,2,
202408070608,2024-12-15,京都,8,3歳以上1勝クラス,芝,2200,右,晴,良,"7回 京都 6日目 サラ系３歳以上 １勝クラス       (混)[指] 定量 18頭 本賞金:800,320,200,120,80万円",18,800.0,4,2,4,ミスガリレオアスク,牝,3,54.0,坂井,132.6,1.1/2,7,16.0,35.4,5-5-6-5,栗東 矢作,434,-2,
202408070608,2024-12-15,京都,8,3歳以上1勝クラス,芝,2200,右,晴,良,"7回 京都 6日目 サラ系３歳以上 １勝クラス       (混)[指] 定量 18頭 本賞金:800,320,200,120,80万円",18,800.0,5,5,9,ティムール,牡,4,58.0,岩田望,132.8,1,3,5.5,34.9,15-15-13-13,栗東 中竹,474,6,
202408070608,2024-12-15,京都,8,3歳以上1勝クラス,芝,2200,右,晴,良,"7回 京都 6日目 サラ系３歳以上 １勝クラス       (混)[指] 定量 18頭 本賞金:800,320,200,120,80万円",18,800.0,6,3,6,ソニックドライブ,牝,3,54.0,藤岡佑,133.0,1.1/4,14,93.3,35.2,11-11-12-11,栗東 田中克,446,0,
202408070608,2024-12-15,京都,8,3歳以上1勝クラス,芝,2200,右,晴,良,"7回 京都 6日目 サラ系３歳以上 １勝クラス       (混)[指] 定量 18頭 本賞金:800,320,200,120,80万円",18,800.0,7,8,17,エコテーラー,牝,3,54.0,松山,133.0,アタマ,8,25.9,36.2,2-2-2-1,栗東 石橋,508,10,
202408070608,2024-12-15,京都,8,3歳以上1勝クラス,芝,2200,右,晴,良,"7回 京都 6日目 サラ系３歳以上 １勝クラス       (混)[指] 定量 18頭 本賞金:800,320,200,120,80万円",18,800.0,8,4,7,ベトルス,牡,3,56.0,ムーア,133.0,クビ,1,3.5,35.4,11-11-10-10,栗東 友道,520,-2,
202408070608,2024-12-15,京都,8,3歳以上1勝クラス,芝,2200,右,晴,良,"7回 京都 6日目 サラ系３歳以上 １勝クラス       (混)[指] 定量 18頭 本賞金:800,320,200,120,80万円",18,800.0,9,5,10,コントリビューター,牡,4,58.0,小崎,133.1,1/2,16,101.1,35.0,17-18-16-17,栗東 野中,482,0,
202408070608,2024-12-15,京都,8,3歳以上1勝クラス,芝,2200,右,晴,良,"7回 京都 6日目 サラ系３歳以上 １勝クラス       (混)[指] 定量 18頭 本賞金:800,320,200,120,80万円",18,800.0,10,2,3,ファームツエンティ,セ,4,58.0,池添,133.2,3/4,15,95.8,34.8,17-17-18-17,栗東 北出,468,2,
202408070608,2024-12-15,京都,8,3歳以上1勝クラス,芝,2200,右,晴,良,"7回 京都 6日目 サラ系３歳以上 １勝クラス       (混)[指] 定量 18頭 本賞金:800,320,200,120,80万円",18,800.0,11,7,14,ファミリーツリー,牝,3,52.0,△吉村,133.2,ハナ,10,27.4,36.1,5-5-5-5,栗東 河嶋,442,-2,
202408070608,2024-12-15,京都,8,3歳以上1勝クラス,芝,2200,右,晴,良,"7回 京都 6日目 サラ系３歳以上 １勝クラス       (混)[指] 定量 18頭 本賞金:800,320,200,120,80万円",18,800.0,12,6,11,ディアマイサン,牡,4,57.0,☆田口,133.4,3/4,17,250.3,35.4,15-16-16-14,栗東 松下,534,8,
202408070608,2024-12-15,京都,8,3歳以上1勝クラス,芝,2200,右,晴,良,"7回 京都 6日目 サラ系３歳以上 １勝クラス       (混)[指] 定量 18頭 本賞金:800,320,200,120,80万円",18,800.0,13,6,12,アメジストブラック,牡,5,58.0,幸,133.5,3/4,12,68.3,35.8,13-13-13-14,栗東 小椋,532,4,
202408070608,2024-12-15,京都,8,3歳以上1勝クラス,芝,2200,右,晴,良,"7回 京都 6日目 サラ系３歳以上 １勝クラス       (混)[指] 定量 18頭 本賞金:800,320,200,120,80万円",18,800.0,14,1,2,タガノヘラクレス,牡,3,56.0,藤懸,133.6,クビ,13,82.9,36.3,7-5-6-5,栗東 千田,504,2,
202408070608,2024-12-15,京都,8,3歳以上1勝クラス,芝,2200,右,晴,良,"7回 京都 6日目 サラ系３歳以上 １勝クラス       (混)[指] 定量 18頭 本賞金:800,320,200,120,80万円",18,800.0,15,7,15,ルージュクライト,牝,3,51.0,▲今村,133.7,3/4,9,26.8,35.8,13-14-13-16,栗東 寺島,442,0,
202408070608,2024-12-15,京都,8,3歳以上1勝クラス,芝,2200,右,晴,良,"7回 京都 6日目 サラ系３歳以上 １勝クラス       (混)[指] 定量 18頭 本賞金:800,320,200,120,80万円",18,800.0,16,4,8,ナムラブーニン,牡,3,56.0,武豊,133.7,アタマ,11,66.4,36.4,7-8-6-8,栗東 高橋一,460,-2,
202408070608,2024-12-15,京都,8,3歳以上1勝クラス,芝,2200,右,晴,良,"7回 京都 6日目 サラ系３歳以上 １勝クラス       (混)[指] 定量 18頭 本賞金:800,320,200,120,80万円",18,800.0,17,7,13,アラタマフェーヴル,牡,3,56.0,北村友,133.9,1,6,11.6,37.0,1-1-1-2,栗東 浜田,484,-2,
202408070608,2024-12-15,京都,8,3歳以上1勝クラス,芝,2200,右,晴,良,"7回 京都 6日目 サラ系３歳以上 １勝クラス       (混)[指] 定量 18頭 本賞金:800,320,200,120,80万円",18,800.0,18,8,18,スパークタイムリー,牝,4,56.0,国分優,134.0,3/4,18,338.3,36.5,9-10-10-11,美浦 小島,464,-4,
202408070609,2024-12-15,京都,9,小倉山特別,ダ,1800,右,晴,良,"7回 京都 6日目 サラ系３歳以上 ２勝クラス       (混)[指] 定量 11頭 本賞金:1550,620,390,230,155万円",11,1550.0,1,5,5,コトホドサヨウニ,牡,3,57.0,川田,112.8,,1,2.5,36.7,4-4-4-4,栗東 奥村豊,508,2,
202408070609,2024-12-15,京都,9,小倉山特別,ダ,1800,右,晴,良,"7回 京都 6日目 サラ系３歳以上 ２勝クラス       (混)[指] 定量 11頭 本賞金:1550,620,390,230,155万円",11,1550.0,2,8,10,スリリングチェイス,牡,4,58.0,Ｃデム,113.4,3.1/2,4,5.9,37.5,2-2-2-2,栗東 渡辺,514,-6,
202408070609,2024-12-15,京都,9,小倉山特別,ダ,1800,右,晴,良,"7回 京都 6日目 サラ系３歳以上 ２勝クラス       (混)[指] 定量 11頭 本賞金:1550,620,390,230,155万円",11,1550.0,3,2,2,ウイニンググレイス,牡,4,58.0,幸,113.6,1.1/4,6,26.2,37.9,1-1-1-1,栗東 河嶋,516,14,
202408070609,2024-12-15,京都,9,小倉山特別,ダ,1800,右,晴,良,"7回 京都 6日目 サラ系３歳以上 ２勝クラス       (混)[指] 定量 11頭 本賞金:1550,620,390,230,155万円",11,1550.0,4,6,6,ジーニアスバローズ,牡,4,58.0,ムーア,113.7,1/2,3,4.7,37.4,6-6-7-6,栗東 辻野,472,2,
202408070609,2024-12-15,京都,9,小倉山特別,ダ,1800,右,晴,良,"7回 京都 6日目 サラ系３歳以上 ２勝クラス       (混)[指] 定量 11頭 本賞金:1550,620,390,230,155万円",11,1550.0,5,4,4,パーサヴィアランス,牡,5,58.0,角田和,113.7,アタマ,10,160.7,37.0,11-11-11-10,栗東 西村,470,0,
202408070609,2024-12-15,京都,9,小倉山特別,ダ,1800,右,晴,良,"7回 京都 6日目 サラ系３歳以上 ２勝クラス       (混)[指] 定量 11頭 本賞金:1550,620,390,230,155万円",11,1550.0,6,7,8,ヒルズカーン,牡,4,58.0,岩田望,114.1,2,9,123.2,37.9,4-4-4-4,美浦 松永康,498,-2,
202408070609,2024-12-15,京都,9,小倉山特別,ダ,1800,右,晴,良,"7回 京都 6日目 サラ系３歳以上 ２勝クラス       (混)[指] 定量 11頭 本賞金:1550,620,390,230,155万円",11,1550.0,7,6,7,オウギノカナメ,牡,4,58.0,ルメー,114.1,クビ,5,14.7,37.6,8-8-7-7,美浦 高木,476,-2,
202408070609,2024-12-15,京都,9,小倉山特別,ダ,1800,右,晴,良,"7回 京都 6日目 サラ系３歳以上 ２勝クラス       (混)[指] 定量 11頭 本賞金:1550,620,390,230,155万円",11,1550.0,8,7,9,タイガースパーク,牡,4,58.0,田口,114.4,2,8,100.5,37.9,9-9-9-9,栗東 大橋,466,-2,
202408070609,2024-12-15,京都,9,小倉山特別,ダ,1800,右,晴,良,"7回 京都 6日目 サラ系３歳以上 ２勝クラス       (混)[指] 定量 11頭 本賞金:1550,620,390,230,155万円",11,1550.0,9,8,11,メジャークオリティ,牡,5,58.0,北村友,114.7,1.1/2,7,90.7,38.8,3-3-3-3,栗東 西園正,486,2,
202408070609,2024-12-15,京都,9,小倉山特別,ダ,1800,右,晴,良,"7回 京都 6日目 サラ系３歳以上 ２勝クラス       (混)[指] 定量 11頭 本賞金:1550,620,390,230,155万円",11,1550.0,10,1,1,エクストラノート,セ,7,58.0,藤懸,114.8,1,11,229.4,38.3,9-9-9-10,美浦 加藤和,484,4,
202408070609,2024-12-15,京都,9,小倉山特別,ダ,1800,右,晴,良,"7回 京都 6日目 サラ系３歳以上 ２勝クラス       (混)[指] 定量 11頭 本賞金:1550,620,390,230,155万円",11,1550.0,11,3,3,キャピタルサックス,牡,3,57.0,松山,116.3,9,2,2.9,40.2,6-6-4-7,栗東 杉山晴,502,4,
202408070610,2024-12-15,京都,10,サリオスC,ダ,1400,右,晴,良,"7回 京都 6日目 サラ系３歳以上 ３勝クラス       (混)(特指) 定量 16頭 本賞金:1840,740,460,280,184万円",16,1840.0,1,1,1,ナスティウェザー,牡,3,57.0,坂井,85.6,,4,7.2,37.4,3-3,美浦 加藤征,466,0,
202408070610,2024-12-15,京都,10,サリオスC,ダ,1400,右,晴,良,"7回 京都 6日目 サラ系３歳以上 ３勝クラス       (混)(特指) 定量 16頭 本賞金:1840,740,460,280,184万円",16,1840.0,2,2,4,モズミギカタアガリ,牝,3,55.0,松山,85.9,2,2,4.3,37.6,3-4,栗東 藤岡,468,4,
202408070610,2024-12-15,京都,10,サリオスC,ダ,1400,右,晴,良,"7回 京都 6日目 サラ系３歳以上 ３勝クラス       (混)(特指) 定量 16頭 本賞金:1840,740,460,280,184万円",16,1840.0,3,5,9,フームスムート,牡,7,58.0,川須,86.0,クビ,16,431.9,37.1,12-9,美浦 水野,528,8,
202408070610,2024-12-15,京都,10,サリオスC,ダ,1400,右,晴,良,"7回 京都 6日目 サラ系３歳以上 ３勝クラス       (混)(特指) 定量 16頭 本賞金:1840,740,460,280,184万円",16,1840.0,4,1,2,ストレングス,牡,3,57.0,ルメー,86.1,1,1,2.2,38.3,1-1,栗東 寺島,466,-2,
202408070610,2024-12-15,京都,10,サリオスC,ダ,1400,右,晴,良,"7回 京都 6日目 サラ系３歳以上 ３勝クラス       (混)(特指) 定量 16頭 本賞金:1840,740,460,280,184万円",16,1840.0,5,7,14,ガンウルフ,牡,4,58.0,小崎,86.1,アタマ,6,26.5,38.2,2-2,栗東 藤岡,502,4,
202408070610,2024-12-15,京都,10,サリオスC,ダ,1400,右,晴,良,"7回 京都 6日目 サラ系３歳以上 ３勝クラス       (混)(特指) 定量 16頭 本賞金:1840,740,460,280,184万円",16,1840.0,6,7,13,ジャーヴィス,牡,4,58.0,岩田望,86.2,アタマ,5,13.8,37.2,12-11,栗東 千田,490,2,
202408070610,2024-12-15,京都,10,サリオスC,ダ,1400,右,晴,良,"7回 京都 6日目 サラ系３歳以上 ３勝クラス       (混)(特指) 定量 16頭 本賞金:1840,740,460,280,184万円",16,1840.0,7,4,7,アウグスト,牡,5,58.0,幸,86.3,3/4,14,114.7,37.9,5-5,美浦 斎藤誠,512,-6,
202408070610,2024-12-15,京都,10,サリオスC,ダ,1400,右,晴,良,"7回 京都 6日目 サラ系３歳以上 ３勝クラス       (混)(特指) 定量 16頭 本賞金:1840,740,460,280,184万円",16,1840.0,8,3,5,マルカラピッド,牝,4,56.0,荻野琢,86.3,クビ,9,58.2,36.8,16-15,栗東 今野,480,-4,
202408070610,2024-12-15,京都,10,サリオスC,ダ,1400,右,晴,良,"7回 京都 6日目 サラ系３歳以上 ３勝クラス       (混)(特指) 定量 16頭 本賞金:1840,740,460,280,184万円",16,1840.0,9,2,3,リッキーマジック,牝,5,56.0,菱田,86.5,1.1/4,15,292.2,37.1,15-16,美浦 加藤征,512,-2,
202408070610,2024-12-15,京都,10,サリオスC,ダ,1400,右,晴,良,"7回 京都 6日目 サラ系３歳以上 ３勝クラス       (混)(特指) 定量 16頭 本賞金:1840,740,460,280,184万円",16,1840.0,10,6,11,フェルヴェンテ,牡,4,58.0,秋山稔,86.7,1,3,6.9,37.8,10-13,栗東 宮,488,8,
202408070610,2024-12-15,京都,10,サリオスC,ダ,1400,右,晴,良,"7回 京都 6日目 サラ系３歳以上 ３勝クラス       (混)(特指) 定量 16頭 本賞金:1840,740,460,280,184万円",16,1840.0,11,8,16,ヴィヴァン,牡,6,58.0,田口,86.7,アタマ,11,85.9,38.1,7-11,栗東 池江,510,10,
202408070610,2024-12-15,京都,10,サリオスC,ダ,1400,右,晴,良,"7回 京都 6日目 サラ系３歳以上 ３勝クラス       (混)(特指) 定量 16頭 本賞金:1840,740,460,280,184万円",16,1840.0,12,5,10,エイシンレジューム,牡,4,58.0,藤岡佑,86.9,1,7,36.2,38.4,7-5,栗東 中尾,528,18,
202408070610,2024-12-15,京都,10,サリオスC,ダ,1400,右,晴,良,"7回 京都 6日目 サラ系３歳以上 ３勝クラス       (混)(特指) 定量 16頭 本賞金:1840,740,460,280,184万円",16,1840.0,13,3,6,エメラルドビーチ,牡,4,58.0,池添,87.1,1,10,67.2,38.0,12-13,栗東 大久保,528,0,
202408070610,2024-12-15,京都,10,サリオスC,ダ,1400,右,晴,良,"7回 京都 6日目 サラ系３歳以上 ３勝クラス       (混)(特指) 定量 16頭 本賞金:1840,740,460,280,184万円",16,1840.0,14,6,12,ハギノモーリス,牡,5,58.0,藤懸貴,87.4,2,8,43.3,38.6,10-7,栗東 高野,480,-10,
202408070610,2024-12-15,京都,10,サリオスC,ダ,1400,右,晴,良,"7回 京都 6日目 サラ系３歳以上 ３勝クラス       (混)(特指) 定量 16頭 本賞金:1840,740,460,280,184万円",16,1840.0,15,4,8,テイエムランウェイ,牡,5,58.0,古川吉,87.6,1.1/4,12,87.1,39.0,7-9,栗東 河嶋,492,12,
202408070610,2024-12-15,京都,10,サリオスC,ダ,1400,右,晴,良,"7回 京都 6日目 サラ系３歳以上 ３勝クラス       (混)(特指) 定量 16頭 本賞金:1840,740,460,280,184万円",16,1840.0,16,8,15,ドグマ,牡,5,58.0,北村友,89.8,大,13,94.0,41.4,5-7,美浦 上原佑,504,20,
202408070611,2024-12-15,京都,11,朝日杯FS,芝,1600,右,晴,良,"7回 京都 6日目 サラ系２歳 オープン       (国際) 牡・牝(指) 馬齢 16頭 本賞金:7000,2800,1800,1100,700万円",16,7000.0,1,1,2,アドマイヤズーム,牡,2,56.0,川田,94.1,,5,9.1,33.6,2-2,栗東 友道,468,2,
202408070611,2024-12-15,京都,11,朝日杯FS,芝,1600,右,晴,良,"7回 京都 6日目 サラ系２歳 オープン       (国際) 牡・牝(指) 馬齢 16頭 本賞金:7000,2800,1800,1100,700万円",16,7000.0,2,2,4,ミュージアムマイル,牡,2,56.0,Ｃデム,94.5,2.1/2,2,3.7,33.8,3-4,栗東 高柳大,494,-2,
202408070611,2024-12-15,京都,11,朝日杯FS,芝,1600,右,晴,良,"7回 京都 6日目 サラ系２歳 オープン       (国際) 牡・牝(指) 馬齢 16頭 本賞金:7000,2800,1800,1100,700万円",16,7000.0,3,2,3,ランスオブカオス,牡,2,56.0,吉村,94.9,2.1/2,9,45.8,34.0,9-10,栗東 奥村豊,498,-4,
202408070611,2024-12-15,京都,11,朝日杯FS,芝,1600,右,晴,良,"7回 京都 6日目 サラ系２歳 オープン       (国際) 牡・牝(指) 馬齢 16頭 本賞金:7000,2800,1800,1100,700万円",16,7000.0,4,1,1,ダイシンラー,牡,2,56.0,横山典,95.3,2,12,150.4,34.9,1-1,栗東 梅田,506,2,
202408070611,2024-12-15,京都,11,朝日杯FS,芝,1600,右,晴,良,"7回 京都 6日目 サラ系２歳 オープン       (国際) 牡・牝(指) 馬齢 16頭 本賞金:7000,2800,1800,1100,700万円",16,7000.0,5,4,8,アルテヴェローチェ,牡,2,56.0,武豊,95.4,3/4,1,3.3,34.4,12-13,栗東 須貝,472,14,
202408070611,2024-12-15,京都,11,朝日杯FS,芝,1600,右,晴,良,"7回 京都 6日目 サラ系２歳 オープン       (国際) 牡・牝(指) 馬齢 16頭 本賞金:7000,2800,1800,1100,700万円",16,7000.0,6,4,7,クラスペディア,牡,2,56.0,小崎,95.4,クビ,14,210.3,34.7,5-7,栗東 河嶋,496,4,
202408070611,2024-12-15,京都,11,朝日杯FS,芝,1600,右,晴,良,"7回 京都 6日目 サラ系２歳 オープン       (国際) 牡・牝(指) 馬齢 16頭 本賞金:7000,2800,1800,1100,700万円",16,7000.0,7,8,15,ドラゴンブースト,牡,2,56.0,田口,95.4,クビ,10,83.9,34.9,5-4,栗東 藤野,472,6,
202408070611,2024-12-15,京都,11,朝日杯FS,芝,1600,右,晴,良,"7回 京都 6日目 サラ系２歳 オープン       (国際) 牡・牝(指) 馬齢 16頭 本賞金:7000,2800,1800,1100,700万円",16,7000.0,8,3,5,コスモストーム,牡,2,56.0,秋山稔,95.5,1/2,15,297.9,34.8,5-7,栗東 北出,498,-2,
202408070611,2024-12-15,京都,11,朝日杯FS,芝,1600,右,晴,良,"7回 京都 6日目 サラ系２歳 オープン       (国際) 牡・牝(指) 馬齢 16頭 本賞金:7000,2800,1800,1100,700万円",16,7000.0,9,6,11,ニタモノドウシ,牡,2,56.0,ムーア,95.8,1.1/2,6,10.9,34.7,14-13,美浦 高木,464,4,
202408070611,2024-12-15,京都,11,朝日杯FS,芝,1600,右,晴,良,"7回 京都 6日目 サラ系２歳 オープン       (国際) 牡・牝(指) 馬齢 16頭 本賞金:7000,2800,1800,1100,700万円",16,7000.0,10,3,6,アルレッキーノ,牡,2,56.0,ルメー,95.8,ハナ,8,12.7,34.8,12-10,美浦 国枝,466,6,
202408070611,2024-12-15,京都,11,朝日杯FS,芝,1600,右,晴,良,"7回 京都 6日目 サラ系２歳 オープン       (国際) 牡・牝(指) 馬齢 16頭 本賞金:7000,2800,1800,1100,700万円",16,7000.0,11,5,9,エルムラント,牡,2,56.0,藤岡佑,95.8,アタマ,16,299.5,34.5,16-16,美浦 鹿戸,474,-2,
202408070611,2024-12-15,京都,11,朝日杯FS,芝,1600,右,晴,良,"7回 京都 6日目 サラ系２歳 オープン       (国際) 牡・牝(指) 馬齢 16頭 本賞金:7000,2800,1800,1100,700万円",16,7000.0,12,6,12,パンジャタワー,牡,2,56.0,松山,95.8,クビ,4,9.0,35.0,9-9,栗東 橋口,486,6,
202408070611,2024-12-15,京都,11,朝日杯FS,芝,1600,右,晴,良,"7回 京都 6日目 サラ系２歳 オープン       (国際) 牡・牝(指) 馬齢 16頭 本賞金:7000,2800,1800,1100,700万円",16,7000.0,13,5,10,トータルクラリティ,牡,2,56.0,北村友,96.1,1.3/4,3,6.6,35.6,3-3,栗東 池添,474,12,
202408070611,2024-12-15,京都,11,朝日杯FS,芝,1600,右,晴,良,"7回 京都 6日目 サラ系２歳 オープン       (国際) 牡・牝(指) 馬齢 16頭 本賞金:7000,2800,1800,1100,700万円",16,7000.0,14,7,13,エイシンワンド,牡,2,56.0,幸,96.3,1,11,119.6,35.3,14-13,栗東 大久保,482,-4,
202408070611,2024-12-15,京都,11,朝日杯FS,芝,1600,右,晴,良,"7回 京都 6日目 サラ系２歳 オープン       (国際) 牡・牝(指) 馬齢 16頭 本賞金:7000,2800,1800,1100,700万円",16,7000.0,15,8,16,タイセイカレント,牡,2,56.0,坂井,96.3,クビ,7,12.7,35.5,9-10,栗東 矢作,486,0,
202408070611,2024-12-15,京都,11,朝日杯FS,芝,1600,右,晴,良,"7回 京都 6日目 サラ系２歳 オープン       (国際) 牡・牝(指) 馬齢 16頭 本賞金:7000,2800,1800,1100,700万円",16,7000.0,16,7,14,テイクイットオール,牡,2,56.0,岩田望,96.7,2.1/2,13,181.0,36.2,5-4,栗東 中竹,446,2,
202408070612,2024-12-15,京都,12,東山S,芝,1400,右,晴,良,"7回 京都 6日目 サラ系３歳以上 ３勝クラス       (混)[指] ハンデ 18頭 本賞金:1840,740,460,280,184万円",18,1840.0,1,1,1,フォーチュンタイム,牡,3,57.0,ムーア,80.6,,1,2.1,34.2,5-5,栗東 吉岡,500,4,
202408070612,2024-12-15,京都,12,東山S,芝,1400,右,晴,良,"7回 京都 6日目 サラ系３歳以上 ３勝クラス       (混)[指] ハンデ 18頭 本賞金:1840,740,460,280,184万円",18,1840.0,2,7,13,アルーリングビュー,牝,4,53.0,武豊,81.0,2.1/2,8,31.8,33.9,11-10,栗東 吉村,472,2,
202408070612,2024-12-15,京都,12,東山S,芝,1400,右,晴,良,"7回 京都 6日目 サラ系３歳以上 ３勝クラス       (混)[指] ハンデ 18頭 本賞金:1840,740,460,280,184万円",18,1840.0,3,8,16,メイショウフンケイ,牡,6,54.0,角田和,81.1,3/4,14,109.6,34.9,2-2,栗東 高橋亮,542,4,
202408070612,2024-12-15,京都,12,東山S,芝,1400,右,晴,良,"7回 京都 6日目 サラ系３歳以上 ３勝クラス       (混)[指] ハンデ 18頭 本賞金:1840,740,460,280,184万円",18,1840.0,4,3,6,レベレンシア,牡,5,57.0,坂井,81.1,アタマ,4,11.2,34.9,2-2,栗東 安田,504,2,
202408070612,2024-12-15,京都,12,東山S,芝,1400,右,晴,良,"7回 京都 6日目 サラ系３歳以上 ３勝クラス       (混)[指] ハンデ 18頭 本賞金:1840,740,460,280,184万円",18,1840.0,5,3,5,アクートゥス,牡,4,56.0,松山,81.2,クビ,6,16.2,33.9,12-13,栗東 藤原,460,4,
202408070612,2024-12-15,京都,12,東山S,芝,1400,右,晴,良,"7回 京都 6日目 サラ系３歳以上 ３勝クラス       (混)[指] ハンデ 18頭 本賞金:1840,740,460,280,184万円",18,1840.0,6,2,4,レッドシュヴェルト,牡,4,56.0,ルメー,81.2,クビ,3,7.1,33.7,15-16,美浦 尾関,476,4,
202408070612,2024-12-15,京都,12,東山S,芝,1400,右,晴,良,"7回 京都 6日目 サラ系３歳以上 ３勝クラス       (混)[指] ハンデ 18頭 本賞金:1840,740,460,280,184万円",18,1840.0,7,5,10,ガロンヌ,牡,3,56.0,川田,81.3,クビ,2,5.2,34.2,13-12,栗東 上村,474,2,
202408070612,2024-12-15,京都,12,東山S,芝,1400,右,晴,良,"7回 京都 6日目 サラ系３歳以上 ３勝クラス       (混)[指] ハンデ 18頭 本賞金:1840,740,460,280,184万円",18,1840.0,8,6,12,エアミアーニ,セ,6,55.0,北村友,81.3,クビ,17,159.2,33.6,17-17,栗東 笹田,458,-2,
202408070612,2024-12-15,京都,12,東山S,芝,1400,右,晴,良,"7回 京都 6日目 サラ系３歳以上 ３勝クラス       (混)[指] ハンデ 18頭 本賞金:1840,740,460,280,184万円",18,1840.0,9,1,2,イラーレ,牝,5,53.0,小崎,81.3,クビ,18,242.7,34.7,7-6,栗東 北出,462,4,
202408070612,2024-12-15,京都,12,東山S,芝,1400,右,晴,良,"7回 京都 6日目 サラ系３歳以上 ３勝クラス       (混)[指] ハンデ 18頭 本賞金:1840,740,460,280,184万円",18,1840.0,10,5,9,ウルトラソニック,牡,6,54.0,川須,81.4,クビ,12,65.4,34.9,7-6,栗東 中尾,482,0,
202408070612,2024-12-15,京都,12,東山S,芝,1400,右,晴,良,"7回 京都 6日目 サラ系３歳以上 ３勝クラス       (混)[指] ハンデ 18頭 本賞金:1840,740,460,280,184万円",18,1840.0,11,4,8,スカイロケット,牡,4,56.0,Ｃデム,81.5,1/2,5,11.6,34.7,10-10,栗東 須貝,436,6,
202408070612,2024-12-15,京都,12,東山S,芝,1400,右,晴,良,"7回 京都 6日目 サラ系３歳以上 ３勝クラス       (混)[指] ハンデ 18頭 本賞金:1840,740,460,280,184万円",18,1840.0,12,8,17,ブリュットミレジメ,牡,5,56.0,城戸,81.5,クビ,13,78.4,33.5,18-18,栗東 荒川,512,8,
202408070612,2024-12-15,京都,12,東山S,芝,1400,右,晴,良,"7回 京都 6日目 サラ系３歳以上 ３勝クラス       (混)[指] ハンデ 18頭 本賞金:1840,740,460,280,184万円",18,1840.0,13,6,11,ピピオラ,牝,4,53.0,田口,81.6,クビ,11,59.9,34.2,15-14,栗東 武幸,470,2,
202408070612,2024-12-15,京都,12,東山S,芝,1400,右,晴,良,"7回 京都 6日目 サラ系３歳以上 ３勝クラス       (混)[指] ハンデ 18頭 本賞金:1840,740,460,280,184万円",18,1840.0,14,8,18,マイシンフォニー,牝,5,54.0,藤岡佑,81.6,クビ,9,42.7,34.4,13-14,栗東 松永幹,486,-6,
202408070612,2024-12-15,京都,12,東山S,芝,1400,右,晴,良,"7回 京都 6日目 サラ系３歳以上 ３勝クラス       (混)[指] ハンデ 18頭 本賞金:1840,740,460,280,184万円",18,1840.0,15,7,14,エマヌエーレ,牡,4,55.0,池添,81.9,1.3/4,10,43.5,35.4,6-6,栗東 平田,508,0,
202408070612,2024-12-15,京都,12,東山S,芝,1400,右,晴,良,"7回 京都 6日目 サラ系３歳以上 ３勝クラス       (混)[指] ハンデ 18頭 本賞金:1840,740,460,280,184万円",18,1840.0,16,4,7,メイショウエニシア,牝,6,52.0,古川吉,82.3,2,16,152.3,36.9,1-1,栗東 本田,460,-2,
202408070612,2024-12-15,京都,12,東山S,芝,1400,右,晴,良,"7回 京都 6日目 サラ系３歳以上 ３勝クラス       (混)[指] ハンデ 18頭 本賞金:1840,740,460,280,184万円",18,1840.0,17,2,3,マンドローネ,牝,5,55.0,岩田望,82.5,1.1/2,7,16.7,35.8,7-6,美浦 尾関,450,2,
202408070612,2024-12-15,京都,12,東山S,芝,1400,右,晴,良,"7回 京都 6日目 サラ系３歳以上 ３勝クラス       (混)[指] ハンデ 18頭 本賞金:1840,740,460,280,184万円",18,1840.0,18,7,15,アドマイヤラヴィ,牝,5,53.0,幸,83.4,5,15,120.4,37.2,2-2,栗東 友道,476,-4,
202406050701,2024-12-21,中山,1,2歳未勝利,ダ,1200,右,晴,良,"5回 中山 7日目 サラ系２歳 未勝利       馬齢 16頭 本賞金:550,220,140,83,55万円",16,550.0,1,2,3,トリリオンボーイ,牡,2,56.0,横山武,72.0,,1,2.6,37.1,4-3,美浦 武井,468,0,
202406050701,2024-12-21,中山,1,2歳未勝利,ダ,1200,右,晴,良,"5回 中山 7日目 サラ系２歳 未勝利       馬齢 16頭 本賞金:550,220,140,83,55万円",16,550.0,2,6,11,チャロ,牡,2,56.0,菅原明,72.4,2.1/2,2,3.1,37.7,3-3,美浦 和田郎,470,2,
202406050701,2024-12-21,中山,1,2歳未勝利,ダ,1200,右,晴,良,"5回 中山 7日目 サラ系２歳 未勝利       馬齢 16頭 本賞金:550,220,140,83,55万円",16,550.0,3,6,12,エルオレンス,牡,2,53.0,▲石神道,72.8,2.1/2,3,3.8,38.7,1-1,美浦 深山,478,-2,
202406050701,2024-12-21,中山,1,2歳未勝利,ダ,1200,右,晴,良,"5回 中山 7日目 サラ系２歳 未勝利       馬齢 16頭 本賞金:550,220,140,83,55万円",16,550.0,4,8,15,レイオーバー,牡,2,56.0,内田博,73.1,1.3/4,4,5.9,38.0,7-6,美浦 本間,464,0,
202406050701,2024-12-21,中山,1,2歳未勝利,ダ,1200,右,晴,良,"5回 中山 7日目 サラ系２歳 未勝利       馬齢 16頭 本賞金:550,220,140,83,55万円",16,550.0,5,1,2,ハクサンリンド,牡,2,54.0,△小林脩,73.2,アタマ,10,205.9,37.9,8-5,美浦 菊川,450,6,
202406050701,2024-12-21,中山,1,2歳未勝利,ダ,1200,右,晴,良,"5回 中山 7日目 サラ系２歳 未勝利       馬齢 16頭 本賞金:550,220,140,83,55万円",16,550.0,6,3,5,アルマリカシバ,牝,2,55.0,吉田豊,73.5,1.3/4,7,102.2,37.4,15-15,美浦 中舘,456,-2,
202406050701,2024-12-21,中山,1,2歳未勝利,ダ,1200,右,晴,良,"5回 中山 7日目 サラ系２歳 未勝利       馬齢 16頭 本賞金:550,220,140,83,55万円",16,550.0,7,7,13,トキメキジニア,牝,2,55.0,丸田,73.8,2,13,303.8,37.9,12-14,美浦 佐藤吉,464,0,
202406050701,2024-12-21,中山,1,2歳未勝利,ダ,1200,右,晴,良,"5回 中山 7日目 サラ系２歳 未勝利       馬齢 16頭 本賞金:550,220,140,83,55万円",16,550.0,8,4,8,シャルパンティエ,牝,2,55.0,石橋脩,74.1,2,8,109.9,38.8,8-9,美浦 南田,420,12,
202406050701,2024-12-21,中山,1,2歳未勝利,ダ,1200,右,晴,良,"5回 中山 7日目 サラ系２歳 未勝利       馬齢 16頭 本賞金:550,220,140,83,55万円",16,550.0,9,3,6,ナックトライアンフ,牡,2,53.0,▲佐藤,74.1,アタマ,15,419.7,38.8,8-10,美浦 杉浦,482,2,
202406050701,2024-12-21,中山,1,2歳未勝利,ダ,1200,右,晴,良,"5回 中山 7日目 サラ系２歳 未勝利       馬齢 16頭 本賞金:550,220,140,83,55万円",16,550.0,10,7,14,レトロブーム,牝,2,55.0,武藤,74.1,アタマ,9,112.8,38.7,11-10,美浦 西田,472,-2,
202406050701,2024-12-21,中山,1,2歳未勝利,ダ,1200,右,晴,良,"5回 中山 7日目 サラ系２歳 未勝利       馬齢 16頭 本賞金:550,220,140,83,55万円",16,550.0,11,5,10,ダイヤモンドピラー,牡,2,56.0,佐々木,74.3,3/4,6,33.2,39.8,2-2,美浦 伊藤圭,490,6,
202406050701,2024-12-21,中山,1,2歳未勝利,ダ,1200,右,晴,良,"5回 中山 7日目 サラ系２歳 未勝利       馬齢 16頭 本賞金:550,220,140,83,55万円",16,550.0,12,5,9,タブロー,牝,2,55.0,戸崎圭,74.3,ハナ,5,22.9,39.4,4-6,美浦 矢野,452,10,
202406050701,2024-12-21,中山,1,2歳未勝利,ダ,1200,右,晴,良,"5回 中山 7日目 サラ系２歳 未勝利       馬齢 16頭 本賞金:550,220,140,83,55万円",16,550.0,13,4,7,キッズウルマ,牝,2,55.0,木幡巧,74.6,1.3/4,12,273.2,38.8,12-12,美浦 牧,442,6,
202406050701,2024-12-21,中山,1,2歳未勝利,ダ,1200,右,晴,良,"5回 中山 7日目 サラ系２歳 未勝利       馬齢 16頭 本賞金:550,220,140,83,55万円",16,550.0,14,2,4,サヨノスピークロウ,牡,2,56.0,菊沢,74.8,1.1/4,14,327.6,39.8,4-6,美浦 和田郎,468,12,
202406050701,2024-12-21,中山,1,2歳未勝利,ダ,1200,右,晴,良,"5回 中山 7日目 サラ系２歳 未勝利       馬齢 16頭 本賞金:550,220,140,83,55万円",16,550.0,15,1,1,ウタカタ,牝,2,55.0,原田和,75.3,3,16,610.7,39.4,12-12,美浦 蛯名利,448,4,
202406050701,2024-12-21,中山,1,2歳未勝利,ダ,1200,右,晴,良,"5回 中山 7日目 サラ系２歳 未勝利       馬齢 16頭 本賞金:550,220,140,83,55万円",16,550.0,16,8,16,ブラックビート,牡,2,56.0,江田照,76.3,6,11,266.9,40.0,16-16,美浦 深山,442,0,
202406050702,2024-12-21,中山,2,2歳未勝利,ダ,1800,右,晴,良,"5回 中山 7日目 サラ系２歳 未勝利       牝 馬齢 16頭 本賞金:550,220,140,83,55万円",16,550.0,1,7,13,コンアフェット,牝,2,55.0,石川,115.8,,7,45.4,38.8,2-2-2-2,美浦 斎藤誠,468,-10,
202406050702,2024-12-21,中山,2,2歳未勝利,ダ,1800,右,晴,良,"5回 中山 7日目 サラ系２歳 未勝利       牝 馬齢 16頭 本賞金:550,220,140,83,55万円",16,550.0,2,8,16,リバースザトレンド,牝,2,55.0,マーカ,116.2,2,4,6.2,38.7,9-9-4-6,美浦 中舘,430,6,
202406050702,2024-12-21,中山,2,2歳未勝利,ダ,1800,右,晴,良,"5回 中山 7日目 サラ系２歳 未勝利       牝 馬齢 16頭 本賞金:550,220,140,83,55万円",16,550.0,3,3,6,ディペンダブル,牝,2,55.0,横山和,116.3,1,6,15.0,39.1,4-4-3-3,美浦 菊沢,492,-6,
202406050702,2024-12-21,中山,2,2歳未勝利,ダ,1800,右,晴,良,"5回 中山 7日目 サラ系２歳 未勝利       牝 馬齢 16頭 本賞金:550,220,140,83,55万円",16,550.0,4,4,8,ダカラフェスティヴ,牝,2,55.0,戸崎圭,116.4,アタマ,2,4.8,37.9,15-15-16-11,美浦 奥平,456,0,
202406050702,2024-12-21,中山,2,2歳未勝利,ダ,1800,右,晴,良,"5回 中山 7日目 サラ系２歳 未勝利       牝 馬齢 16頭 本賞金:550,220,140,83,55万円",16,550.0,5,4,7,ネクストダンサー,牝,2,55.0,横山武,116.8,2.1/2,1,2.1,39.8,1-1-1-1,美浦 伊藤圭,480,-4,
202406050702,2024-12-21,中山,2,2歳未勝利,ダ,1800,右,晴,良,"5回 中山 7日目 サラ系２歳 未勝利       牝 馬齢 16頭 本賞金:550,220,140,83,55万円",16,550.0,6,7,14,キョウエイタイコ,牝,2,55.0,木幡巧,116.9,3/4,3,5.9,38.7,15-15-12-11,美浦 勢司,470,0,
202406050702,2024-12-21,中山,2,2歳未勝利,ダ,1800,右,晴,良,"5回 中山 7日目 サラ系２歳 未勝利       牝 馬齢 16頭 本賞金:550,220,140,83,55万円",16,550.0,7,6,12,ノメンターノ,牝,2,55.0,野中,117.3,2.1/2,15,443.1,39.3,14-14-11-11,美浦 武市,438,2,
202406050702,2024-12-21,中山,2,2歳未勝利,ダ,1800,右,晴,良,"5回 中山 7日目 サラ系２歳 未勝利       牝 馬齢 16頭 本賞金:550,220,140,83,55万円",16,550.0,8,1,2,ミートザターゲット,牝,2,52.0,▲石神道,117.4,1/2,9,69.5,40.0,4-4-4-3,美浦 森一,440,0,
202406050702,2024-12-21,中山,2,2歳未勝利,ダ,1800,右,晴,良,"5回 中山 7日目 サラ系２歳 未勝利       牝 馬齢 16頭 本賞金:550,220,140,83,55万円",16,550.0,9,5,10,スノークルーズ,牝,2,55.0,Ｈドイ,117.6,1.1/4,8,46.5,40.1,7-7-4-6,美浦 武藤,446,0,
202406050702,2024-12-21,中山,2,2歳未勝利,ダ,1800,右,晴,良,"5回 中山 7日目 サラ系２歳 未勝利       牝 馬齢 16頭 本賞金:550,220,140,83,55万円",16,550.0,10,3,5,ニシノキヨハ,牝,2,52.0,▲長浜,117.7,アタマ,12,227.5,40.0,9-7-9-8,美浦 千葉,418,2,
202406050702,2024-12-21,中山,2,2歳未勝利,ダ,1800,右,晴,良,"5回 中山 7日目 サラ系２歳 未勝利       牝 馬齢 16頭 本賞金:550,220,140,83,55万円",16,550.0,11,6,11,カシマスウィープ,牝,2,55.0,原田和,118.2,3,11,121.2,40.5,11-9-9-8,美浦 伊藤伸,498,-2,
202406050702,2024-12-21,中山,2,2歳未勝利,ダ,1800,右,晴,良,"5回 中山 7日目 サラ系２歳 未勝利       牝 馬齢 16頭 本賞金:550,220,140,83,55万円",16,550.0,12,2,3,オブシディアーナ,牝,2,55.0,菅原明,118.5,2,5,12.1,41.1,6-4-4-3,美浦 国枝,470,-8,
202406050702,2024-12-21,中山,2,2歳未勝利,ダ,1800,右,晴,良,"5回 中山 7日目 サラ系２歳 未勝利       牝 馬齢 16頭 本賞金:550,220,140,83,55万円",16,550.0,13,5,9,セラード,牝,2,52.0,▲石田,118.6,1/2,14,352.2,40.3,7-9-14-15,美浦 佐藤吉,440,0,
202406050702,2024-12-21,中山,2,2歳未勝利,ダ,1800,右,晴,良,"5回 中山 7日目 サラ系２歳 未勝利       牝 馬齢 16頭 本賞金:550,220,140,83,55万円",16,550.0,14,1,1,エスキモーギャル,牝,2,52.0,▲佐藤,118.7,クビ,13,330.9,40.5,13-12-12-11,美浦 杉浦,520,-2,
202406050702,2024-12-21,中山,2,2歳未勝利,ダ,1800,右,晴,良,"5回 中山 7日目 サラ系２歳 未勝利       牝 馬齢 16頭 本賞金:550,220,140,83,55万円",16,550.0,15,8,15,スピアッジャローザ,牝,2,55.0,丹内,119.1,2.1/2,10,87.2,40.8,11-12-14-15,美浦 蛯名利,454,-12,
202406050702,2024-12-21,中山,2,2歳未勝利,ダ,1800,右,晴,良,"5回 中山 7日目 サラ系２歳 未勝利       牝 馬齢 16頭 本賞金:550,220,140,83,55万円",16,550.0,16,2,4,エファセデリエール,牝,2,55.0,荻野極,119.4,1.3/4,16,595.5,42.0,3-3-4-10,美浦 伊坂,474,2,
202406050703,2024-12-21,中山,3,2歳未勝利,芝,1600,右,晴,良,"5回 中山 7日目 サラ系２歳 未勝利       馬齢 16頭 本賞金:550,220,140,83,55万円",16,550.0,1,5,9,コムユンプリュム,牝,2,55.0,菅原明,94.5,,2,3.3,35.6,1-2-2,美浦 鹿戸,428,0,
202406050703,2024-12-21,中山,3,2歳未勝利,芝,1600,右,晴,良,"5回 中山 7日目 サラ系２歳 未勝利       馬齢 16頭 本賞金:550,220,140,83,55万円",16,550.0,2,3,5,スターリーナイト,牝,2,55.0,マーカ,94.8,1.1/2,1,2.7,36.0,2-2-2,美浦 蛯名正,426,2,
202406050703,2024-12-21,中山,3,2歳未勝利,芝,1600,右,晴,良,"5回 中山 7日目 サラ系２歳 未勝利       馬齢 16頭 本賞金:550,220,140,83,55万円",16,550.0,3,8,16,プリンセスロロ,牝,2,55.0,吉田豊,94.9,3/4,5,14.3,35.4,7-8-8,美浦 戸田,420,0,
202406050703,2024-12-21,中山,3,2歳未勝利,芝,1600,右,晴,良,"5回 中山 7日目 サラ系２歳 未勝利       馬齢 16頭 本賞金:550,220,140,83,55万円",16,550.0,4,4,7,ペプロス,牝,2,55.0,石橋脩,95.0,クビ,7,16.6,36.0,6-4-4,美浦 矢野,466,0,
202406050703,2024-12-21,中山,3,2歳未勝利,芝,1600,右,晴,良,"5回 中山 7日目 サラ系２歳 未勝利       馬齢 16頭 本賞金:550,220,140,83,55万円",16,550.0,5,5,10,アグネスヒーロー,牡,2,56.0,丹内,95.0,ハナ,14,309.3,35.1,9-10-9,美浦 和田勇,498,12,
202406050703,2024-12-21,中山,3,2歳未勝利,芝,1600,右,晴,良,"5回 中山 7日目 サラ系２歳 未勝利       馬齢 16頭 本賞金:550,220,140,83,55万円",16,550.0,6,1,1,スペシャルバニー,牝,2,55.0,荻野極,95.0,クビ,3,5.9,35.9,2-4-4,美浦 田村,398,-2,
202406050703,2024-12-21,中山,3,2歳未勝利,芝,1600,右,晴,良,"5回 中山 7日目 サラ系２歳 未勝利       馬齢 16頭 本賞金:550,220,140,83,55万円",16,550.0,7,3,6,ダノンエンブレム,牡,2,56.0,北村宏,95.1,3/4,4,6.2,35.8,7-7-6,美浦 宮田,438,4,
202406050703,2024-12-21,中山,3,2歳未勝利,芝,1600,右,晴,良,"5回 中山 7日目 サラ系２歳 未勝利       馬齢 16頭 本賞金:550,220,140,83,55万円",16,550.0,8,2,4,テンミラージュ,牝,2,55.0,内田博,95.2,3/4,10,169.5,34.7,13-13-12,美浦 深山,440,-2,
202406050703,2024-12-21,中山,3,2歳未勝利,芝,1600,右,晴,良,"5回 中山 7日目 サラ系２歳 未勝利       馬齢 16頭 本賞金:550,220,140,83,55万円",16,550.0,9,7,14,オカゲサン,牡,2,52.0,★小林美,95.3,クビ,6,15.6,36.8,2-1-1,美浦 尾形,506,6,
202406050703,2024-12-21,中山,3,2歳未勝利,芝,1600,右,晴,良,"5回 中山 7日目 サラ系２歳 未勝利       馬齢 16頭 本賞金:550,220,140,83,55万円",16,550.0,10,6,12,ムコウジマドリーム,牡,2,56.0,菊沢,95.7,2.1/2,9,49.7,36.0,9-9-9,美浦 岩戸,454,20,
202406050703,2024-12-21,中山,3,2歳未勝利,芝,1600,右,晴,良,"5回 中山 7日目 サラ系２歳 未勝利       馬齢 16頭 本賞金:550,220,140,83,55万円",16,550.0,11,2,3,マロンカラノテガミ,牝,2,55.0,津村,95.7,ハナ,11,179.7,36.6,2-4-6,美浦 清水英,412,0,
202406050703,2024-12-21,中山,3,2歳未勝利,芝,1600,右,晴,良,"5回 中山 7日目 サラ系２歳 未勝利       馬齢 16頭 本賞金:550,220,140,83,55万円",16,550.0,12,1,2,リリアンファスト,牝,2,55.0,横山和,96.0,1.1/2,8,45.7,35.2,16-14-13,美浦 嘉藤,446,-2,
202406050703,2024-12-21,中山,3,2歳未勝利,芝,1600,右,晴,良,"5回 中山 7日目 サラ系２歳 未勝利       馬齢 16頭 本賞金:550,220,140,83,55万円",16,550.0,13,7,13,シャンハイナイト,牝,2,55.0,江田照,96.0,クビ,12,180.1,35.7,15-12-11,美浦 村田,464,8,
202406050703,2024-12-21,中山,3,2歳未勝利,芝,1600,右,晴,良,"5回 中山 7日目 サラ系２歳 未勝利       馬齢 16頭 本賞金:550,220,140,83,55万円",16,550.0,14,6,11,シュエットアムール,牝,2,55.0,黛,96.2,1,13,200.1,35.4,13-14-15,美浦 西田,424,4,
202406050703,2024-12-21,中山,3,2歳未勝利,芝,1600,右,晴,良,"5回 中山 7日目 サラ系２歳 未勝利       馬齢 16頭 本賞金:550,220,140,83,55万円",16,550.0,15,4,8,ケイツーペニー,牝,2,52.0,▲長浜,96.9,4,15,364.1,36.0,12-14-15,美浦 蛯名利,444,0,
202406050703,2024-12-21,中山,3,2歳未勝利,芝,1600,右,晴,良,"5回 中山 7日目 サラ系２歳 未勝利       馬齢 16頭 本賞金:550,220,140,83,55万円",16,550.0,16,8,15,スパイラル,牝,2,55.0,嶋田,97.0,クビ,16,735.8,36.8,9-11-13,美浦 和田郎,390,4,
202406050704,2024-12-21,中山,4,2歳未勝利,ダ,1800,右,晴,良,"5回 中山 7日目 サラ系２歳 未勝利       馬齢 16頭 本賞金:550,220,140,83,55万円",16,550.0,1,4,8,ピカピカサンダー,牡,2,56.0,三浦,114.8,,3,7.2,37.9,1-1-1-1,美浦 鹿戸,476,0,
202406050704,2024-12-21,中山,4,2歳未勝利,ダ,1800,右,晴,良,"5回 中山 7日目 サラ系２歳 未勝利       馬齢 16頭 本賞金:550,220,140,83,55万円",16,550.0,2,3,6,サムシャイン,牡,2,56.0,マーカ,114.9,1/2,1,1.6,37.7,5-5-5-4,美浦 鈴木慎,484,10,
202406050704,2024-12-21,中山,4,2歳未勝利,ダ,1800,右,晴,良,"5回 中山 7日目 サラ系２歳 未勝利       馬齢 16頭 本賞金:550,220,140,83,55万円",16,550.0,3,6,12,カージオイド,牡,2,56.0,菅原明,115.9,6,4,9.7,39.0,2-2-2-2,美浦 黒岩,512,-2,
202406050704,2024-12-21,中山,4,2歳未勝利,ダ,1800,右,晴,良,"5回 中山 7日目 サラ系２歳 未勝利       馬齢 16頭 本賞金:550,220,140,83,55万円",16,550.0,4,2,3,エマージェンス,牡,2,56.0,横山和,116.0,クビ,2,4.4,39.0,11-11-2-3,美浦 堀内,518,-10,
202406050704,2024-12-21,中山,4,2歳未勝利,ダ,1800,右,晴,良,"5回 中山 7日目 サラ系２歳 未勝利       馬齢 16頭 本賞金:550,220,140,83,55万円",16,550.0,5,4,7,キタノブレイク,牡,2,56.0,丹内,117.0,6,7,41.7,39.0,14-14-11-6,美浦 本間,478,2,
202406050704,2024-12-21,中山,4,2歳未勝利,ダ,1800,右,晴,良,"5回 中山 7日目 サラ系２歳 未勝利       馬齢 16頭 本賞金:550,220,140,83,55万円",16,550.0,6,6,11,トーアナカヨシ,牝,2,55.0,菊沢,117.6,4,9,59.3,39.3,13-13-13-10,美浦 勢司,472,-2,
202406050704,2024-12-21,中山,4,2歳未勝利,ダ,1800,右,晴,良,"5回 中山 7日目 サラ系２歳 未勝利       馬齢 16頭 本賞金:550,220,140,83,55万円",16,550.0,7,3,5,ネオディヤマンテ,牡,2,56.0,田辺,118.1,3,12,177.3,40.1,9-9-11-10,美浦 小西,500,0,
202406050704,2024-12-21,中山,4,2歳未勝利,ダ,1800,右,晴,良,"5回 中山 7日目 サラ系２歳 未勝利       馬齢 16頭 本賞金:550,220,140,83,55万円",16,550.0,8,7,13,リワードインペリオ,牡,2,56.0,黛,118.2,クビ,8,48.3,41.2,5-5-2-4,美浦 村田,498,4,
202406050704,2024-12-21,中山,4,2歳未勝利,ダ,1800,右,晴,良,"5回 中山 7日目 サラ系２歳 未勝利       馬齢 16頭 本賞金:550,220,140,83,55万円",16,550.0,9,5,9,コスモシェルベット,牡,2,56.0,戸崎圭,118.4,1.1/2,5,25.3,41.0,3-3-6-6,美浦 水野,428,6,
202406050704,2024-12-21,中山,4,2歳未勝利,ダ,1800,右,晴,良,"5回 中山 7日目 サラ系２歳 未勝利       馬齢 16頭 本賞金:550,220,140,83,55万円",16,550.0,10,1,1,ダブルメッセージ,牡,2,53.0,▲石神道,118.4,クビ,14,324.2,40.5,7-8-10-10,美浦 和田郎,474,-4,
202406050704,2024-12-21,中山,4,2歳未勝利,ダ,1800,右,晴,良,"5回 中山 7日目 サラ系２歳 未勝利       馬齢 16頭 本賞金:550,220,140,83,55万円",16,550.0,11,8,15,ジャスパー,牡,2,56.0,原田和,119.4,6,10,98.0,41.7,9-9-8-8,美浦 上原博,464,6,
202406050704,2024-12-21,中山,4,2歳未勝利,ダ,1800,右,晴,良,"5回 中山 7日目 サラ系２歳 未勝利       馬齢 16頭 本賞金:550,220,140,83,55万円",16,550.0,12,1,2,ジーティーラピッド,牡,2,56.0,丸田,119.5,アタマ,11,171.0,41.2,12-12-13-14,美浦 奥平,466,2,
202406050704,2024-12-21,中山,4,2歳未勝利,ダ,1800,右,晴,良,"5回 中山 7日目 サラ系２歳 未勝利       馬齢 16頭 本賞金:550,220,140,83,55万円",16,550.0,13,5,10,キャバリエクエスト,牡,2,53.0,▲石田,120.4,5,15,409.9,42.7,7-7-8-10,美浦 大和田,474,4,
202406050704,2024-12-21,中山,4,2歳未勝利,ダ,1800,右,晴,良,"5回 中山 7日目 サラ系２歳 未勝利       馬齢 16頭 本賞金:550,220,140,83,55万円",16,550.0,14,2,4,ゴールデンサンダー,牡,2,52.0,★小林美,121.9,9,13,184.3,41.9,15-15-15-15,美浦 相沢,436,0,
202406050704,2024-12-21,中山,4,2歳未勝利,ダ,1800,右,晴,良,"5回 中山 7日目 サラ系２歳 未勝利       馬齢 16頭 本賞金:550,220,140,83,55万円",16,550.0,15,8,16,アクデニズ,牡,2,56.0,木幡巧,122.5,3.1/2,6,26.6,45.1,4-3-6-8,美浦 小笠,482,-2,
202406050704,2024-12-21,中山,4,2歳未勝利,ダ,1800,右,晴,良,"5回 中山 7日目 サラ系２歳 未勝利       馬齢 16頭 本賞金:550,220,140,83,55万円",16,550.0,,7,14,タナハシ,牡,2,56.0,荻野極,,,,,,,美浦 伊坂,502,-4,除外
202406050705,2024-12-21,中山,5,2歳新馬,芝,1800,右,晴,良,"5回 中山 7日目 サラ系２歳 新馬       馬齢 16頭 本賞金:720,290,180,110,72万円",16,720.0,1,3,5,ジョスラン,牝,2,55.0,横山武,111.2,,2,3.1,33.7,2-2-1-1,美浦 鹿戸,478,0,
202406050705,2024-12-21,中山,5,2歳新馬,芝,1800,右,晴,良,"5回 中山 7日目 サラ系２歳 新馬       馬齢 16頭 本賞金:720,290,180,110,72万円",16,720.0,2,5,9,ウインスティーガ,牡,2,56.0,戸崎圭,111.6,2.1/2,3,5.8,34.0,1-1-2-2,美浦 手塚,444,0,
202406050705,2024-12-21,中山,5,2歳新馬,芝,1800,右,晴,良,"5回 中山 7日目 サラ系２歳 新馬       馬齢 16頭 本賞金:720,290,180,110,72万円",16,720.0,3,7,14,メルヘンライズ,牝,2,55.0,菅原明,111.7,1,6,28.9,34.0,2-2-3-3,美浦 辻,468,0,
202406050705,2024-12-21,中山,5,2歳新馬,芝,1800,右,晴,良,"5回 中山 7日目 サラ系２歳 新馬       馬齢 16頭 本賞金:720,290,180,110,72万円",16,720.0,4,1,1,タイセイプランセス,牝,2,55.0,石橋脩,111.8,クビ,5,21.8,33.8,8-7-7-5,美浦 池上,416,0,
202406050705,2024-12-21,中山,5,2歳新馬,芝,1800,右,晴,良,"5回 中山 7日目 サラ系２歳 新馬       馬齢 16頭 本賞金:720,290,180,110,72万円",16,720.0,5,2,4,ガンビーチ,牝,2,55.0,岩部,112.0,1.1/4,7,45.9,34.2,4-4-3-3,美浦 加藤征,454,0,
202406050705,2024-12-21,中山,5,2歳新馬,芝,1800,右,晴,良,"5回 中山 7日目 サラ系２歳 新馬       馬齢 16頭 本賞金:720,290,180,110,72万円",16,720.0,6,3,6,シャドウメテオ,牝,2,55.0,田辺,112.4,2.1/2,4,5.8,34.4,7-7-7-8,美浦 金成,456,0,
202406050705,2024-12-21,中山,5,2歳新馬,芝,1800,右,晴,良,"5回 中山 7日目 サラ系２歳 新馬       馬齢 16頭 本賞金:720,290,180,110,72万円",16,720.0,7,5,10,ワスカル,牡,2,56.0,マーカ,112.6,1.1/4,1,2.4,34.1,13-12-10-9,美浦 森一,516,0,
202406050705,2024-12-21,中山,5,2歳新馬,芝,1800,右,晴,良,"5回 中山 7日目 サラ系２歳 新馬       馬齢 16頭 本賞金:720,290,180,110,72万円",16,720.0,8,8,15,ハクサンテュポン,牡,2,53.0,▲石田,112.8,3/4,12,157.5,34.0,11-12-12-11,美浦 新開,500,0,
202406050705,2024-12-21,中山,5,2歳新馬,芝,1800,右,晴,良,"5回 中山 7日目 サラ系２歳 新馬       馬齢 16頭 本賞金:720,290,180,110,72万円",16,720.0,9,2,3,ウィノウザウェイ,牝,2,55.0,木幡巧,112.8,クビ,13,178.6,34.9,4-4-6-5,美浦 土田,506,0,
202406050705,2024-12-21,中山,5,2歳新馬,芝,1800,右,晴,良,"5回 中山 7日目 サラ系２歳 新馬       馬齢 16頭 本賞金:720,290,180,110,72万円",16,720.0,10,8,16,タヤスアメリカン,牡,2,56.0,丹内,113.0,1.1/2,8,84.3,35.2,4-4-3-5,美浦 岩戸,482,0,
202406050705,2024-12-21,中山,5,2歳新馬,芝,1800,右,晴,良,"5回 中山 7日目 サラ系２歳 新馬       馬齢 16頭 本賞金:720,290,180,110,72万円",16,720.0,11,6,12,ミスターロスカボス,牡,2,56.0,原田和,113.5,2.1/2,9,84.9,35.2,8-9-9-9,美浦 伊藤伸,472,0,
202406050705,2024-12-21,中山,5,2歳新馬,芝,1800,右,晴,良,"5回 中山 7日目 サラ系２歳 新馬       馬齢 16頭 本賞金:720,290,180,110,72万円",16,720.0,12,4,8,サクラカゼ,牝,2,55.0,石川,113.5,クビ,11,97.8,34.3,14-14-14-12,美浦 堀内,448,0,
202406050705,2024-12-21,中山,5,2歳新馬,芝,1800,右,晴,良,"5回 中山 7日目 サラ系２歳 新馬       馬齢 16頭 本賞金:720,290,180,110,72万円",16,720.0,13,7,13,ラッキーダンス,牝,2,54.0,☆原,114.2,4,14,218.1,35.8,10-10-10-12,美浦 新開,458,0,
202406050705,2024-12-21,中山,5,2歳新馬,芝,1800,右,晴,良,"5回 中山 7日目 サラ系２歳 新馬       馬齢 16頭 本賞金:720,290,180,110,72万円",16,720.0,14,6,11,フルーツワゴン,牝,2,52.0,▲長浜,115.2,6,16,262.1,36.4,14-14-12-14,美浦 根本,472,0,
202406050705,2024-12-21,中山,5,2歳新馬,芝,1800,右,晴,良,"5回 中山 7日目 サラ系２歳 新馬       馬齢 16頭 本賞金:720,290,180,110,72万円",16,720.0,15,4,7,コスモインディ,牡,2,56.0,柴田大,115.6,2.1/2,15,246.6,36.5,11-10-14-15,美浦 武市,416,0,
202406050705,2024-12-21,中山,5,2歳新馬,芝,1800,右,晴,良,"5回 中山 7日目 サラ系２歳 新馬       馬齢 16頭 本賞金:720,290,180,110,72万円",16,720.0,,1,2,サイモンカクタス,牡,2,56.0,荻野極,,,10,91.7,,,美浦 稲垣,444,0,中止
202406050706,2024-12-21,中山,6,2歳新馬,ダ,1800,右,晴,良,"5回 中山 7日目 サラ系２歳 新馬       (混) 馬齢 15頭 本賞金:720,290,180,110,72万円",15,720.0,1,3,4,メリークリスマス,牡,2,56.0,菊沢,116.1,,5,18.0,39.0,3-5-6-4,美浦 小手川,472,0,
202406050706,2024-12-21,中山,6,2歳新馬,ダ,1800,右,晴,良,"5回 中山 7日目 サラ系２歳 新馬       (混) 馬齢 15頭 本賞金:720,290,180,110,72万円",15,720.0,2,7,12,エコロカディス,牡,2,56.0,佐々木,116.2,3/4,8,21.3,39.5,1-1-1-1,美浦 森一,452,0,
202406050706,2024-12-21,中山,6,2歳新馬,ダ,1800,右,晴,良,"5回 中山 7日目 サラ系２歳 新馬       (混) 馬齢 15頭 本賞金:720,290,180,110,72万円",15,720.0,3,2,2,ゴールドダイアー,牡,2,56.0,藤懸,116.5,1.1/2,3,9.8,39.5,3-3-4-2,栗東 平田,484,0,
202406050706,2024-12-21,中山,6,2歳新馬,ダ,1800,右,晴,良,"5回 中山 7日目 サラ系２歳 新馬       (混) 馬齢 15頭 本賞金:720,290,180,110,72万円",15,720.0,4,8,14,ナルサー,牡,2,55.0,☆原,116.7,1.1/2,13,161.3,39.2,9-9-9-8,美浦 武市,492,0,
202406050706,2024-12-21,中山,6,2歳新馬,ダ,1800,右,晴,良,"5回 中山 7日目 サラ系２歳 新馬       (混) 馬齢 15頭 本賞金:720,290,180,110,72万円",15,720.0,5,1,1,ココデイック,牡,2,56.0,戸崎圭,117.2,3,1,1.5,40.0,7-7-8-6,栗東 藤岡,492,0,
202406050706,2024-12-21,中山,6,2歳新馬,ダ,1800,右,晴,良,"5回 中山 7日目 サラ系２歳 新馬       (混) 馬齢 15頭 本賞金:720,290,180,110,72万円",15,720.0,6,6,11,トラストモアリズム,牝,2,55.0,荻野極,117.4,1.1/2,12,103.2,39.0,12-11-11-10,美浦 高橋文,430,0,
202406050706,2024-12-21,中山,6,2歳新馬,ダ,1800,右,晴,良,"5回 中山 7日目 サラ系２歳 新馬       (混) 馬齢 15頭 本賞金:720,290,180,110,72万円",15,720.0,7,8,15,マイネルジーニアス,牡,2,56.0,野中,117.6,1.1/2,4,11.7,40.8,3-3-2-2,美浦 高木,544,0,
202406050706,2024-12-21,中山,6,2歳新馬,ダ,1800,右,晴,良,"5回 中山 7日目 サラ系２歳 新馬       (混) 馬齢 15頭 本賞金:720,290,180,110,72万円",15,720.0,8,5,9,レヴァントリ,牡,2,56.0,丹内,118.3,4,2,9.2,41.3,7-5-4-4,美浦 大和田,488,0,
202406050706,2024-12-21,中山,6,2歳新馬,ダ,1800,右,晴,良,"5回 中山 7日目 サラ系２歳 新馬       (混) 馬齢 15頭 本賞金:720,290,180,110,72万円",15,720.0,9,4,6,プロピエダッド,牝,2,55.0,石川,118.5,1.1/2,11,82.6,40.9,10-10-10-8,美浦 武藤,472,0,
202406050706,2024-12-21,中山,6,2歳新馬,ダ,1800,右,晴,良,"5回 中山 7日目 サラ系２歳 新馬       (混) 馬齢 15頭 本賞金:720,290,180,110,72万円",15,720.0,10,5,8,グレートセンス,牝,2,54.0,☆横山琉,120.5,大,9,25.6,43.4,6-7-6-10,美浦 相沢,492,0,
202406050706,2024-12-21,中山,6,2歳新馬,ダ,1800,右,晴,良,"5回 中山 7日目 サラ系２歳 新馬       (混) 馬齢 15頭 本賞金:720,290,180,110,72万円",15,720.0,11,4,7,アルデコンティ,牡,2,56.0,横山武,120.6,1/2,7,21.1,41.0,11-11-12-12,美浦 田中剛,504,0,
202406050706,2024-12-21,中山,6,2歳新馬,ダ,1800,右,晴,良,"5回 中山 7日目 サラ系２歳 新馬       (混) 馬齢 15頭 本賞金:720,290,180,110,72万円",15,720.0,12,6,10,ユガフ,牡,2,56.0,柴田大,120.7,クビ,14,210.6,40.1,14-14-13-13,美浦 和田雄,502,0,
202406050706,2024-12-21,中山,6,2歳新馬,ダ,1800,右,晴,良,"5回 中山 7日目 サラ系２歳 新馬       (混) 馬齢 15頭 本賞金:720,290,180,110,72万円",15,720.0,13,7,13,アイビースピネル,牡,2,56.0,木幡巧,121.8,7,6,20.0,45.0,2-2-2-6,美浦 牧,470,0,
202406050706,2024-12-21,中山,6,2歳新馬,ダ,1800,右,晴,良,"5回 中山 7日目 サラ系２歳 新馬       (混) 馬齢 15頭 本賞金:720,290,180,110,72万円",15,720.0,14,2,3,ビップクララ,牝,2,52.0,▲長浜,124.7,大,10,38.9,43.4,12-13-14-14,美浦 高柳瑞,460,0,
202406050706,2024-12-21,中山,6,2歳新馬,ダ,1800,右,晴,良,"5回 中山 7日目 サラ系２歳 新馬       (混) 馬齢 15頭 本賞金:720,290,180,110,72万円",15,720.0,,3,5,マンダレーヒル,牡,2,56.0,内田博,,,,,,,美浦 清水英,,,取消
202406050707,2024-12-21,中山,7,2歳1勝クラス,ダ,1200,右,晴,良,"5回 中山 7日目 サラ系２歳 １勝クラス       (混) 馬齢 16頭 本賞金:780,310,200,120,78万円",16,780.0,1,4,8,カネショウレジェン,牡,2,55.0,☆横山琉,71.3,,2,3.9,36.6,2-2,美浦 稲垣,478,0,
202406050707,2024-12-21,中山,7,2歳1勝クラス,ダ,1200,右,晴,良,"5回 中山 7日目 サラ系２歳 １勝クラス       (混) 馬齢 16頭 本賞金:780,310,200,120,78万円",16,780.0,2,3,5,ドンパッショーネ,牡,2,56.0,三浦,71.7,2,1,2.1,37.1,1-1,栗東 斉藤崇,528,-4,
202406050707,2024-12-21,中山,7,2歳1勝クラス,ダ,1200,右,晴,良,"5回 中山 7日目 サラ系２歳 １勝クラス       (混) 馬齢 16頭 本賞金:780,310,200,120,78万円",16,780.0,3,1,2,アンズアメ,牝,2,55.0,菅原明,72.6,5,4,15.9,37.0,8-8,栗東 高柳大,468,-2,
202406050707,2024-12-21,中山,7,2歳1勝クラス,ダ,1200,右,晴,良,"5回 中山 7日目 サラ系２歳 １勝クラス       (混) 馬齢 16頭 本賞金:780,310,200,120,78万円",16,780.0,4,5,9,シルフズミスチーフ,牝,2,55.0,横山武,72.7,1/2,6,19.3,37.6,5-4,栗東 池江,442,-2,
202406050707,2024-12-21,中山,7,2歳1勝クラス,ダ,1200,右,晴,良,"5回 中山 7日目 サラ系２歳 １勝クラス       (混) 馬齢 16頭 本賞金:780,310,200,120,78万円",16,780.0,5,8,15,リアルショット,牡,2,56.0,佐々木,73.0,1.3/4,5,16.2,37.8,7-7,美浦 加藤征,470,8,
202406050707,2024-12-21,中山,7,2歳1勝クラス,ダ,1200,右,晴,良,"5回 中山 7日目 サラ系２歳 １勝クラス       (混) 馬齢 16頭 本賞金:780,310,200,120,78万円",16,780.0,6,7,13,ザクシス,牡,2,56.0,内田博,73.0,クビ,13,132.9,37.9,5-4,美浦 加藤士,450,8,
202406050707,2024-12-21,中山,7,2歳1勝クラス,ダ,1200,右,晴,良,"5回 中山 7日目 サラ系２歳 １勝クラス       (混) 馬齢 16頭 本賞金:780,310,200,120,78万円",16,780.0,7,1,1,ヒデノブルースカイ,牡,2,56.0,荻野琢,73.0,ハナ,8,44.5,36.8,13-11,栗東 梅田,424,0,
202406050707,2024-12-21,中山,7,2歳1勝クラス,ダ,1200,右,晴,良,"5回 中山 7日目 サラ系２歳 １勝クラス       (混) 馬齢 16頭 本賞金:780,310,200,120,78万円",16,780.0,8,2,4,オカメノコイ,牝,2,52.0,▲長浜,73.0,クビ,10,83.0,37.1,10-10,美浦 小笠,452,0,
202406050707,2024-12-21,中山,7,2歳1勝クラス,ダ,1200,右,晴,良,"5回 中山 7日目 サラ系２歳 １勝クラス       (混) 馬齢 16頭 本賞金:780,310,200,120,78万円",16,780.0,9,6,12,チョングク,牡,2,56.0,丸田,73.4,2,15,217.5,36.9,14-13,美浦 南田,474,6,
202406050707,2024-12-21,中山,7,2歳1勝クラス,ダ,1200,右,晴,良,"5回 中山 7日目 サラ系２歳 １勝クラス       (混) 馬齢 16頭 本賞金:780,310,200,120,78万円",16,780.0,10,3,6,ブルーオブウインド,牝,2,55.0,石橋脩,73.9,3,16,382.0,36.8,15-15,美浦 的場,426,-6,
202406050707,2024-12-21,中山,7,2歳1勝クラス,ダ,1200,右,晴,良,"5回 中山 7日目 サラ系２歳 １勝クラス       (混) 馬齢 16頭 本賞金:780,310,200,120,78万円",16,780.0,11,4,7,コックリサン,牝,2,51.0,★小林美,74.1,1.1/2,14,216.1,37.0,15-15,美浦 深山,414,-4,
202406050707,2024-12-21,中山,7,2歳1勝クラス,ダ,1200,右,晴,良,"5回 中山 7日目 サラ系２歳 １勝クラス       (混) 馬齢 16頭 本賞金:780,310,200,120,78万円",16,780.0,12,7,14,ハッピービバーク,牝,2,55.0,横山和,74.2,クビ,3,4.0,39.4,2-3,美浦 嘉藤,450,12,
202406050707,2024-12-21,中山,7,2歳1勝クラス,ダ,1200,右,晴,良,"5回 中山 7日目 サラ系２歳 １勝クラス       (混) 馬齢 16頭 本賞金:780,310,200,120,78万円",16,780.0,13,2,3,ニシノリンダ,牝,2,54.0,☆原,74.3,1/2,12,129.0,38.4,10-11,美浦 青木,436,-2,
202406050707,2024-12-21,中山,7,2歳1勝クラス,ダ,1200,右,晴,良,"5回 中山 7日目 サラ系２歳 １勝クラス       (混) 馬齢 16頭 本賞金:780,310,200,120,78万円",16,780.0,14,5,10,ブラックトルネード,牡,2,56.0,戸崎圭,74.4,1/2,11,92.8,38.7,8-9,美浦 佐藤吉,464,2,
202406050707,2024-12-21,中山,7,2歳1勝クラス,ダ,1200,右,晴,良,"5回 中山 7日目 サラ系２歳 １勝クラス       (混) 馬齢 16頭 本賞金:780,310,200,120,78万円",16,780.0,15,6,11,アルマグラース,牝,2,55.0,津村,74.6,1.1/2,9,79.7,38.6,12-14,美浦 水野,448,-8,
202406050707,2024-12-21,中山,7,2歳1勝クラス,ダ,1200,右,晴,良,"5回 中山 7日目 サラ系２歳 １勝クラス       (混) 馬齢 16頭 本賞金:780,310,200,120,78万円",16,780.0,16,8,16,アイビーヒメチャン,牝,2,55.0,木幡巧,74.6,ハナ,7,29.6,39.7,4-6,美浦 牧,458,2,
202406050708,2024-12-21,中山,8,3歳以上1勝クラス,ダ,1200,右,晴,良,"5回 中山 7日目 サラ系３歳以上 １勝クラス       (混) 定量 16頭 本賞金:800,320,200,120,80万円",16,800.0,1,7,14,レッドセニョール,牡,3,57.0,横山和,72.7,,2,4.9,37.1,5-3,美浦 矢嶋,488,12,
202406050708,2024-12-21,中山,8,3歳以上1勝クラス,ダ,1200,右,晴,良,"5回 中山 7日目 サラ系３歳以上 １勝クラス       (混) 定量 16頭 本賞金:800,320,200,120,80万円",16,800.0,2,8,15,グランプレジール,セ,5,58.0,菅原明,72.8,クビ,5,8.7,38.0,2-2,美浦 堀,516,-10,
202406050708,2024-12-21,中山,8,3歳以上1勝クラス,ダ,1200,右,晴,良,"5回 中山 7日目 サラ系３歳以上 １勝クラス       (混) 定量 16頭 本賞金:800,320,200,120,80万円",16,800.0,3,1,2,エスペラード,牡,3,56.0,☆原,73.1,2,13,179.7,38.4,1-1,美浦 青木,536,14,
202406050708,2024-12-21,中山,8,3歳以上1勝クラス,ダ,1200,右,晴,良,"5回 中山 7日目 サラ系３歳以上 １勝クラス       (混) 定量 16頭 本賞金:800,320,200,120,80万円",16,800.0,4,8,16,マケズギライ,牝,3,55.0,マーカ,73.3,1.1/2,1,3.3,37.4,8-8,美浦 石栗,450,-6,
202406050708,2024-12-21,中山,8,3歳以上1勝クラス,ダ,1200,右,晴,良,"5回 中山 7日目 サラ系３歳以上 １勝クラス       (混) 定量 16頭 本賞金:800,320,200,120,80万円",16,800.0,5,2,4,バロン,牝,3,55.0,横山武,73.4,1/2,3,6.2,37.3,10-11,美浦 手塚,484,18,
202406050708,2024-12-21,中山,8,3歳以上1勝クラス,ダ,1200,右,晴,良,"5回 中山 7日目 サラ系３歳以上 １勝クラス       (混) 定量 16頭 本賞金:800,320,200,120,80万円",16,800.0,6,7,13,ベベ,牡,4,56.0,△小林脩,73.5,クビ,14,203.0,37.2,14-13,美浦 武市,498,-2,
202406050708,2024-12-21,中山,8,3歳以上1勝クラス,ダ,1200,右,晴,良,"5回 中山 7日目 サラ系３歳以上 １勝クラス       (混) 定量 16頭 本賞金:800,320,200,120,80万円",16,800.0,7,4,7,レグザゴン,牝,3,55.0,戸崎圭,73.8,1.3/4,7,13.6,38.3,5-7,美浦 斎藤誠,462,2,
202406050708,2024-12-21,中山,8,3歳以上1勝クラス,ダ,1200,右,晴,良,"5回 中山 7日目 サラ系３歳以上 １勝クラス       (混) 定量 16頭 本賞金:800,320,200,120,80万円",16,800.0,8,2,3,ガラスノブルース,牡,3,57.0,田辺,73.8,クビ,4,6.7,37.4,14-13,美浦 田村,450,4,
202406050708,2024-12-21,中山,8,3歳以上1勝クラス,ダ,1200,右,晴,良,"5回 中山 7日目 サラ系３歳以上 １勝クラス       (混) 定量 16頭 本賞金:800,320,200,120,80万円",16,800.0,9,6,11,ユニヴェールアン,牝,3,55.0,岩部,73.9,1/2,15,209.5,38.5,4-4,美浦 中川,484,-2,
202406050708,2024-12-21,中山,8,3歳以上1勝クラス,ダ,1200,右,晴,良,"5回 中山 7日目 サラ系３歳以上 １勝クラス       (混) 定量 16頭 本賞金:800,320,200,120,80万円",16,800.0,10,5,10,ネオゴールド,牡,3,57.0,津村,74.0,クビ,10,36.9,38.0,10-12,美浦 鈴木伸,520,8,
202406050708,2024-12-21,中山,8,3歳以上1勝クラス,ダ,1200,右,晴,良,"5回 中山 7日目 サラ系３歳以上 １勝クラス       (混) 定量 16頭 本賞金:800,320,200,120,80万円",16,800.0,11,3,6,ファンユー,牝,3,54.0,☆横山琉,74.3,2,8,19.6,38.3,10-8,美浦 加藤和,478,-6,
202406050708,2024-12-21,中山,8,3歳以上1勝クラス,ダ,1200,右,晴,良,"5回 中山 7日目 サラ系３歳以上 １勝クラス       (混) 定量 16頭 本賞金:800,320,200,120,80万円",16,800.0,12,6,12,ロザシアニン,牝,5,53.0,▲長浜,74.7,2.1/2,16,277.2,39.2,5-4,美浦 佐藤吉,490,20,
202406050708,2024-12-21,中山,8,3歳以上1勝クラス,ダ,1200,右,晴,良,"5回 中山 7日目 サラ系３歳以上 １勝クラス       (混) 定量 16頭 本賞金:800,320,200,120,80万円",16,800.0,13,5,9,イコノスタシス,牝,4,56.0,北村宏,75.1,2,6,10.6,38.7,14-15,美浦 古賀,492,4,
202406050708,2024-12-21,中山,8,3歳以上1勝クラス,ダ,1200,右,晴,良,"5回 中山 7日目 サラ系３歳以上 １勝クラス       (混) 定量 16頭 本賞金:800,320,200,120,80万円",16,800.0,14,3,5,プラティクレール,牝,4,56.0,佐々木,75.3,1.1/4,9,23.1,40.2,3-4,美浦 田島,472,-10,
202406050708,2024-12-21,中山,8,3歳以上1勝クラス,ダ,1200,右,晴,良,"5回 中山 7日目 サラ系３歳以上 １勝クラス       (混) 定量 16頭 本賞金:800,320,200,120,80万円",16,800.0,15,4,8,シャインズオンユー,牡,3,57.0,内田博,75.3,クビ,11,77.9,39.5,8-8,美浦 青木,456,8,
202406050708,2024-12-21,中山,8,3歳以上1勝クラス,ダ,1200,右,晴,良,"5回 中山 7日目 サラ系３歳以上 １勝クラス       (混) 定量 16頭 本賞金:800,320,200,120,80万円",16,800.0,16,1,1,ジナ,牝,4,56.0,的場,76.7,8,12,179.7,40.6,10-15,美浦 的場,484,20,
202406050709,2024-12-21,中山,9,ノエル賞,芝,2200,右,晴,良,"5回 中山 7日目 サラ系３歳以上 １勝クラス       (混) 定量 18頭 本賞金:1110,440,280,170,111万円",18,1110.0,1,6,11,キャントウェイト,牡,3,56.0,丹内,131.7,,3,5.0,34.4,9-9-4-2,美浦 萱野,470,8,
202406050709,2024-12-21,中山,9,ノエル賞,芝,2200,右,晴,良,"5回 中山 7日目 サラ系３歳以上 １勝クラス       (混) 定量 18頭 本賞金:1110,440,280,170,111万円",18,1110.0,2,4,8,レッドテリオス,牡,3,56.0,マーカ,131.9,1.1/2,2,4.2,34.2,10-10-9-3,美浦 古賀,472,0,
202406050709,2024-12-21,中山,9,ノエル賞,芝,2200,右,晴,良,"5回 中山 7日目 サラ系３歳以上 １勝クラス       (混) 定量 18頭 本賞金:1110,440,280,170,111万円",18,1110.0,3,7,14,クロスライセンス,牡,4,58.0,荻野極,132.2,2,15,236.2,35.8,3-3-2-1,美浦 萩原,452,-4,
202406050709,2024-12-21,中山,9,ノエル賞,芝,2200,右,晴,良,"5回 中山 7日目 サラ系３歳以上 １勝クラス       (混) 定量 18頭 本賞金:1110,440,280,170,111万円",18,1110.0,4,4,7,アンゴラブラック,牝,3,54.0,戸崎圭,132.3,アタマ,1,3.2,34.9,5-5-6-3,美浦 尾関,470,-6,
202406050709,2024-12-21,中山,9,ノエル賞,芝,2200,右,晴,良,"5回 中山 7日目 サラ系３歳以上 １勝クラス       (混) 定量 18頭 本賞金:1110,440,280,170,111万円",18,1110.0,5,1,2,イゾレエオリア,牝,4,56.0,佐々木,132.4,1,5,8.5,34.7,10-10-9-7,美浦 伊藤大,454,-8,
202406050709,2024-12-21,中山,9,ノエル賞,芝,2200,右,晴,良,"5回 中山 7日目 サラ系３歳以上 １勝クラス       (混) 定量 18頭 本賞金:1110,440,280,170,111万円",18,1110.0,6,7,13,トラストボス,牡,3,56.0,三浦,132.9,3,6,11.9,35.0,16-16-13-10,美浦 高橋文,436,8,
202406050709,2024-12-21,中山,9,ノエル賞,芝,2200,右,晴,良,"5回 中山 7日目 サラ系３歳以上 １勝クラス       (混) 定量 18頭 本賞金:1110,440,280,170,111万円",18,1110.0,7,3,5,ヴァイザーバルコ,セ,4,58.0,武藤,133.0,1.1/4,10,78.0,34.6,17-17-17-15,美浦 水野,462,-4,
202406050709,2024-12-21,中山,9,ノエル賞,芝,2200,右,晴,良,"5回 中山 7日目 サラ系３歳以上 １勝クラス       (混) 定量 18頭 本賞金:1110,440,280,170,111万円",18,1110.0,8,8,18,ニシノコイゴコロ,牝,3,54.0,野中,133.1,アタマ,7,22.0,35.8,4-4-4-5,美浦 根本,434,6,
202406050709,2024-12-21,中山,9,ノエル賞,芝,2200,右,晴,良,"5回 中山 7日目 サラ系３歳以上 １勝クラス       (混) 定量 18頭 本賞金:1110,440,280,170,111万円",18,1110.0,9,3,6,フォティーゾ,牡,3,56.0,北村宏,133.2,1/2,4,7.0,35.4,6-7-12-11,美浦 宮田,490,8,
202406050709,2024-12-21,中山,9,ノエル賞,芝,2200,右,晴,良,"5回 中山 7日目 サラ系３歳以上 １勝クラス       (混) 定量 18頭 本賞金:1110,440,280,170,111万円",18,1110.0,10,2,4,ペリプルス,牡,4,58.0,丸山,133.2,クビ,11,87.3,35.7,6-7-7-7,美浦 佐藤吉,454,14,
202406050709,2024-12-21,中山,9,ノエル賞,芝,2200,右,晴,良,"5回 中山 7日目 サラ系３歳以上 １勝クラス       (混) 定量 18頭 本賞金:1110,440,280,170,111万円",18,1110.0,11,1,1,ゼアズノープレイス,牡,5,58.0,的場,133.3,1/2,14,188.8,35.2,12-12-14-11,美浦 的場,514,0,
202406050709,2024-12-21,中山,9,ノエル賞,芝,2200,右,晴,良,"5回 中山 7日目 サラ系３歳以上 １勝クラス       (混) 定量 18頭 本賞金:1110,440,280,170,111万円",18,1110.0,12,8,16,マイネルシーマー,牡,5,58.0,Ｈドイ,133.6,1.1/2,12,124.2,35.9,15-15-9-7,美浦 青木,498,8,
202406050709,2024-12-21,中山,9,ノエル賞,芝,2200,右,晴,良,"5回 中山 7日目 サラ系３歳以上 １勝クラス       (混) 定量 18頭 本賞金:1110,440,280,170,111万円",18,1110.0,13,2,3,マイネルレグルス,牡,3,56.0,津村,133.9,2,9,36.3,35.8,12-14-14-13,美浦 矢嶋,508,26,
202406050709,2024-12-21,中山,9,ノエル賞,芝,2200,右,晴,良,"5回 中山 7日目 サラ系３歳以上 １勝クラス       (混) 定量 18頭 本賞金:1110,440,280,170,111万円",18,1110.0,14,5,9,ロードヴェスパー,牡,3,56.0,藤懸,134.3,2,13,150.4,36.2,12-12-14-15,美浦 和田勇,450,4,
202406050709,2024-12-21,中山,9,ノエル賞,芝,2200,右,晴,良,"5回 中山 7日目 サラ系３歳以上 １勝クラス       (混) 定量 18頭 本賞金:1110,440,280,170,111万円",18,1110.0,15,5,10,ルージュサリナス,牝,3,54.0,杉原,134.3,1/2,8,29.2,36.7,6-5-7-13,美浦 木村,422,6,
202406050709,2024-12-21,中山,9,ノエル賞,芝,2200,右,晴,良,"5回 中山 7日目 サラ系３歳以上 １勝クラス       (混) 定量 18頭 本賞金:1110,440,280,170,111万円",18,1110.0,16,7,15,ヒロピアーナ,牡,4,58.0,小林凌,136.7,大,18,605.6,37.6,18-18-18-18,美浦 石栗,544,14,
202406050709,2024-12-21,中山,9,ノエル賞,芝,2200,右,晴,良,"5回 中山 7日目 サラ系３歳以上 １勝クラス       (混) 定量 18頭 本賞金:1110,440,280,170,111万円",18,1110.0,17,6,12,ナンヨーアゼリア,牝,5,56.0,嶋田,137.2,3.1/2,17,380.8,41.2,1-1-1-5,美浦 手塚,446,4,
202406050709,2024-12-21,中山,9,ノエル賞,芝,2200,右,晴,良,"5回 中山 7日目 サラ系３歳以上 １勝クラス       (混) 定量 18頭 本賞金:1110,440,280,170,111万円",18,1110.0,18,8,17,ランベントライト,牝,4,56.0,石橋脩,140.3,大,16,358.6,43.8,2-2-2-17,美浦 田島,456,-2,
202406050710,2024-12-21,中山,10,中山大障害,障,4100,,晴,良,"5回 中山 7日目 障害３歳以上 オープン       (国際) 定量 9頭 本賞金:6600,2600,1700,990,660万円",9,6600.0,1,8,8,ニシノデイジー,牡,8,63.0,五十嵐,280.4,,4,6.0,13.7,4-3-1-1,美浦 高木,506,0,
202406050710,2024-12-21,中山,10,中山大障害,障,4100,,晴,良,"5回 中山 7日目 障害３歳以上 オープン       (国際) 定量 9頭 本賞金:6600,2600,1700,990,660万円",9,6600.0,2,2,2,エコロデュエル,牡,5,63.0,草野,281.2,5,3,5.9,13.7,6-6-4-3,美浦 岩戸,482,-6,
202406050710,2024-12-21,中山,10,中山大障害,障,4100,,晴,良,"5回 中山 7日目 障害３歳以上 オープン       (国際) 定量 9頭 本賞金:6600,2600,1700,990,660万円",9,6600.0,3,4,4,ネビーイーム,牡,6,63.0,小牧加,281.4,1,5,17.2,13.7,4-3-4-3,栗東 佐々木,526,2,
202406050710,2024-12-21,中山,10,中山大障害,障,4100,,晴,良,"5回 中山 7日目 障害３歳以上 オープン       (国際) 定量 9頭 本賞金:6600,2600,1700,990,660万円",9,6600.0,4,5,5,ジューンベロシティ,牡,6,63.0,高田,282.0,3.1/2,1,2.3,13.8,2-2-2-2,栗東 武英,476,-2,
202406050710,2024-12-21,中山,10,中山大障害,障,4100,,晴,良,"5回 中山 7日目 障害３歳以上 オープン       (国際) 定量 9頭 本賞金:6600,2600,1700,990,660万円",9,6600.0,5,7,7,ヴェイルネビュラ,セ,6,63.0,大江圭,284.6,大,6,35.5,13.9,8-8-7-5,美浦 大竹,496,0,
202406050710,2024-12-21,中山,10,中山大障害,障,4100,,晴,良,"5回 中山 7日目 障害３歳以上 オープン       (国際) 定量 9頭 本賞金:6600,2600,1700,990,660万円",9,6600.0,6,8,9,テイエムタツマキ,牡,6,63.0,田村,290.0,大,7,55.1,14.1,2-3-8-6,栗東 武英,512,4,
202406050710,2024-12-21,中山,10,中山大障害,障,4100,,晴,良,"5回 中山 7日目 障害３歳以上 オープン       (国際) 定量 9頭 本賞金:6600,2600,1700,990,660万円",9,6600.0,,1,1,マイネルグロン,牡,6,63.0,石神深,,,2,2.7,,1-1-3,美浦 青木,522,2,中止
202406050710,2024-12-21,中山,10,中山大障害,障,4100,,晴,良,"5回 中山 7日目 障害３歳以上 オープン       (国際) 定量 9頭 本賞金:6600,2600,1700,990,660万円",9,6600.0,,3,3,ダイシンクローバー,セ,8,63.0,上野,,,9,81.8,,9-9-9,美浦 戸田,486,6,中止
202406050710,2024-12-21,中山,10,中山大障害,障,4100,,晴,良,"5回 中山 7日目 障害３歳以上 オープン       (国際) 定量 9頭 本賞金:6600,2600,1700,990,660万円",9,6600.0,,6,6,ロードトゥフェイム,セ,6,63.0,伴,,,8,62.8,,7-7-6,美浦 尾形,498,-6,中止
202406050711,2024-12-21,中山,11,グレイトフルS,芝,2500,右,晴,良,"5回 中山 7日目 サラ系３歳以上 ３勝クラス       (混) ハンデ 16頭 本賞金:1840,740,460,280,184万円",16,1840.0,1,7,13,ヴェルミセル,牝,4,53.0,津村,152.9,,10,35.8,35.0,12-12-10-8,栗東 吉村,462,-10,
202406050711,2024-12-21,中山,11,グレイトフルS,芝,2500,右,晴,良,"5回 中山 7日目 サラ系３歳以上 ３勝クラス       (混) ハンデ 16頭 本賞金:1840,740,460,280,184万円",16,1840.0,2,8,16,フルール,牝,4,55.0,荻野極,153.0,3/4,6,12.9,35.4,9-9-4-3,美浦 上原佑,496,-2,
202406050711,2024-12-21,中山,11,グレイトフルS,芝,2500,右,晴,良,"5回 中山 7日目 サラ系３歳以上 ３勝クラス       (混) ハンデ 16頭 本賞金:1840,740,460,280,184万円",16,1840.0,3,1,1,アレグロブリランテ,牡,3,55.0,マーカ,153.1,1/2,4,7.6,35.5,3-4-4-4,美浦 上原佑,474,8,
202406050711,2024-12-21,中山,11,グレイトフルS,芝,2500,右,晴,良,"5回 中山 7日目 サラ系３歳以上 ３勝クラス       (混) ハンデ 16頭 本賞金:1840,740,460,280,184万円",16,1840.0,4,7,14,エンドウノハナ,牡,5,57.0,田辺,153.1,クビ,5,8.5,35.3,8-7-7-4,美浦 中舘,488,8,
202406050711,2024-12-21,中山,11,グレイトフルS,芝,2500,右,晴,良,"5回 中山 7日目 サラ系３歳以上 ３勝クラス       (混) ハンデ 16頭 本賞金:1840,740,460,280,184万円",16,1840.0,5,8,15,アームブランシュ,牡,4,55.0,吉田豊,153.2,クビ,11,36.1,34.6,16-16-15-12,美浦 竹内,462,-10,
202406050711,2024-12-21,中山,11,グレイトフルS,芝,2500,右,晴,良,"5回 中山 7日目 サラ系３歳以上 ３勝クラス       (混) ハンデ 16頭 本賞金:1840,740,460,280,184万円",16,1840.0,6,3,5,ファンタジア,牝,5,54.0,佐々木,153.2,ハナ,9,35.2,35.6,5-4-4-4,美浦 堀,514,14,
202406050711,2024-12-21,中山,11,グレイトフルS,芝,2500,右,晴,良,"5回 中山 7日目 サラ系３歳以上 ３勝クラス       (混) ハンデ 16頭 本賞金:1840,740,460,280,184万円",16,1840.0,6,5,9,アドマイヤサジー,牝,4,54.0,丹内,153.2,ハナ,2,4.1,35.1,11-11-11-8,美浦 宮田,440,6,
202406050711,2024-12-21,中山,11,グレイトフルS,芝,2500,右,晴,良,"5回 中山 7日目 サラ系３歳以上 ３勝クラス       (混) ハンデ 16頭 本賞金:1840,740,460,280,184万円",16,1840.0,8,4,7,イヤサカ,牝,6,52.0,長浜,153.3,1/2,15,153.5,36.0,1-1-1-1,美浦 天間,494,6,
202406050711,2024-12-21,中山,11,グレイトフルS,芝,2500,右,晴,良,"5回 中山 7日目 サラ系３歳以上 ３勝クラス       (混) ハンデ 16頭 本賞金:1840,740,460,280,184万円",16,1840.0,9,1,2,サトノクローク,牡,4,56.0,戸崎圭,153.3,ハナ,1,3.7,35.9,2-2-2-2,栗東 橋口,488,10,
202406050711,2024-12-21,中山,11,グレイトフルS,芝,2500,右,晴,良,"5回 中山 7日目 サラ系３歳以上 ３勝クラス       (混) ハンデ 16頭 本賞金:1840,740,460,280,184万円",16,1840.0,10,3,6,キングサーガ,セ,7,55.0,Ｈドイ,153.3,クビ,8,27.5,35.5,6-6-7-8,栗東 小栗,476,-16,
202406050711,2024-12-21,中山,11,グレイトフルS,芝,2500,右,晴,良,"5回 中山 7日目 サラ系３歳以上 ３勝クラス       (混) ハンデ 16頭 本賞金:1840,740,460,280,184万円",16,1840.0,11,2,4,バロッサヴァレー,牝,4,54.0,北村宏,153.3,ハナ,3,5.3,35.5,6-7-7-8,栗東 高野,474,-2,
202406050711,2024-12-21,中山,11,グレイトフルS,芝,2500,右,晴,良,"5回 中山 7日目 サラ系３歳以上 ３勝クラス       (混) ハンデ 16頭 本賞金:1840,740,460,280,184万円",16,1840.0,12,4,8,アスティ,セ,8,52.0,丸田,153.4,1/2,16,229.0,35.1,12-12-13-12,美浦 武市,424,4,
202406050711,2024-12-21,中山,11,グレイトフルS,芝,2500,右,晴,良,"5回 中山 7日目 サラ系３歳以上 ３勝クラス       (混) ハンデ 16頭 本賞金:1840,740,460,280,184万円",16,1840.0,13,5,10,ダイバリオン,牡,5,55.0,石川,153.9,3,13,98.2,35.4,15-15-14-14,美浦 池上,472,6,
202406050711,2024-12-21,中山,11,グレイトフルS,芝,2500,右,晴,良,"5回 中山 7日目 サラ系３歳以上 ３勝クラス       (混) ハンデ 16頭 本賞金:1840,740,460,280,184万円",16,1840.0,14,2,3,ヴェールランス,牡,5,54.0,石橋脩,154.4,3,14,106.0,36.9,3-3-3-4,美浦 田村,452,4,
202406050711,2024-12-21,中山,11,グレイトフルS,芝,2500,右,晴,良,"5回 中山 7日目 サラ系３歳以上 ３勝クラス       (混) ハンデ 16頭 本賞金:1840,740,460,280,184万円",16,1840.0,15,6,12,シリアルノヴェル,牡,4,56.0,横山武,154.9,3,7,14.2,36.7,12-12-12-14,美浦 伊藤圭,484,6,
202406050711,2024-12-21,中山,11,グレイトフルS,芝,2500,右,晴,良,"5回 中山 7日目 サラ系３歳以上 ３勝クラス       (混) ハンデ 16頭 本賞金:1840,740,460,280,184万円",16,1840.0,16,6,11,ラスマドレス,牝,5,54.0,横山和,155.1,1.1/2,12,71.3,36.4,9-9-16-16,栗東 安田,482,8,
202406050712,2024-12-21,中山,12,クリスマスC,芝,1200,右,晴,良,"5回 中山 7日目 サラ系３歳以上 ２勝クラス       (混) 定量 16頭 本賞金:1550,620,390,230,155万円",16,1550.0,1,1,2,ジューンブレア,牝,3,55.0,戸崎圭,68.0,,1,3.4,34.1,2-2,栗東 武英,484,10,
202406050712,2024-12-21,中山,12,クリスマスC,芝,1200,右,晴,良,"5回 中山 7日目 サラ系３歳以上 ２勝クラス       (混) 定量 16頭 本賞金:1550,620,390,230,155万円",16,1550.0,2,4,7,ヒラボクミニー,牝,3,55.0,横山武,68.4,2.1/2,6,15.1,34.2,5-3,美浦 村田,474,-6,
202406050712,2024-12-21,中山,12,クリスマスC,芝,1200,右,晴,良,"5回 中山 7日目 サラ系３歳以上 ２勝クラス       (混) 定量 16頭 本賞金:1550,620,390,230,155万円",16,1550.0,3,7,14,トーホウフランゴ,牝,4,56.0,Ｈドイ,68.6,1.1/2,10,42.4,33.5,13-11,栗東 高橋康,438,0,
202406050712,2024-12-21,中山,12,クリスマスC,芝,1200,右,晴,良,"5回 中山 7日目 サラ系３歳以上 ２勝クラス       (混) 定量 16頭 本賞金:1550,620,390,230,155万円",16,1550.0,4,1,1,ジャガード,牡,6,58.0,吉田豊,68.7,1/2,16,214.7,34.2,9-8,美浦 和田雄,422,4,
202406050712,2024-12-21,中山,12,クリスマスC,芝,1200,右,晴,良,"5回 中山 7日目 サラ系３歳以上 ２勝クラス       (混) 定量 16頭 本賞金:1550,620,390,230,155万円",16,1550.0,5,5,9,ゴールドスター,牡,3,57.0,田辺,68.7,ハナ,3,4.9,34.5,5-6,美浦 奥村武,456,-2,
202406050712,2024-12-21,中山,12,クリスマスC,芝,1200,右,晴,良,"5回 中山 7日目 サラ系３歳以上 ２勝クラス       (混) 定量 16頭 本賞金:1550,620,390,230,155万円",16,1550.0,6,6,11,アンビバレント,牡,4,58.0,菅原明,68.8,クビ,13,95.9,32.9,16-16,栗東 藤野,466,2,
202406050712,2024-12-21,中山,12,クリスマスC,芝,1200,右,晴,良,"5回 中山 7日目 サラ系３歳以上 ２勝クラス       (混) 定量 16頭 本賞金:1550,620,390,230,155万円",16,1550.0,7,4,8,ディアドコス,牡,4,58.0,三浦,68.8,ハナ,2,3.5,34.4,7-7,栗東 羽月,502,-6,
202406050712,2024-12-21,中山,12,クリスマスC,芝,1200,右,晴,良,"5回 中山 7日目 サラ系３歳以上 ２勝クラス       (混) 定量 16頭 本賞金:1550,620,390,230,155万円",16,1550.0,8,3,6,メイショウミリオレ,牝,3,55.0,津村,68.9,1/2,5,13.8,33.6,15-15,栗東 藤岡,484,-4,
202406050712,2024-12-21,中山,12,クリスマスC,芝,1200,右,晴,良,"5回 中山 7日目 サラ系３歳以上 ２勝クラス       (混) 定量 16頭 本賞金:1550,620,390,230,155万円",16,1550.0,9,2,3,フミサウンド,牡,4,58.0,荻野極,68.9,クビ,9,27.0,34.8,4-3,美浦 鹿戸,462,12,
202406050712,2024-12-21,中山,12,クリスマスC,芝,1200,右,晴,良,"5回 中山 7日目 サラ系３歳以上 ２勝クラス       (混) 定量 16頭 本賞金:1550,620,390,230,155万円",16,1550.0,10,5,10,ペイシャカレン,牝,5,56.0,江田照,68.9,ハナ,14,97.5,35.4,1-1,美浦 粕谷,468,10,
202406050712,2024-12-21,中山,12,クリスマスC,芝,1200,右,晴,良,"5回 中山 7日目 サラ系３歳以上 ２勝クラス       (混) 定量 16頭 本賞金:1550,620,390,230,155万円",16,1550.0,11,7,13,マルプリ,牝,4,56.0,原,69.0,クビ,8,20.3,34.0,13-13,美浦 青木,470,0,
202406050712,2024-12-21,中山,12,クリスマスC,芝,1200,右,晴,良,"5回 中山 7日目 サラ系３歳以上 ２勝クラス       (混) 定量 16頭 本賞金:1550,620,390,230,155万円",16,1550.0,12,2,4,インプロバイザー,牡,5,58.0,マーカ,69.1,1/2,4,9.1,35.1,3-3,栗東 音無,490,-2,
202406050712,2024-12-21,中山,12,クリスマスC,芝,1200,右,晴,良,"5回 中山 7日目 サラ系３歳以上 ２勝クラス       (混) 定量 16頭 本賞金:1550,620,390,230,155万円",16,1550.0,13,6,12,アスクキングコング,セ,6,58.0,荻野琢,69.2,クビ,15,124.3,34.3,12-13,栗東 梅田,458,-12,
202406050712,2024-12-21,中山,12,クリスマスC,芝,1200,右,晴,良,"5回 中山 7日目 サラ系３歳以上 ２勝クラス       (混) 定量 16頭 本賞金:1550,620,390,230,155万円",16,1550.0,14,8,15,スムースベルベット,牝,4,56.0,嶋田,69.3,1,11,68.7,34.7,10-11,美浦 手塚,500,8,
202406050712,2024-12-21,中山,12,クリスマスC,芝,1200,右,晴,良,"5回 中山 7日目 サラ系３歳以上 ２勝クラス       (混) 定量 16頭 本賞金:1550,620,390,230,155万円",16,1550.0,15,3,5,ゴキゲンサン,牝,4,56.0,菊沢,69.4,1/2,12,92.4,34.8,10-10,美浦 伊藤大,508,-2,
202406050712,2024-12-21,中山,12,クリスマスC,芝,1200,右,晴,良,"5回 中山 7日目 サラ系３歳以上 ２勝クラス       (混) 定量 16頭 本賞金:1550,620,390,230,155万円",16,1550.0,16,8,16,クオレス,牝,3,55.0,木幡巧,69.6,3/4,7,15.8,35.2,7-8,美浦 牧,484,0,
202408070701,2024-12-21,京都,1,2歳未勝利,ダ,1800,右,曇,良,"7回 京都 7日目 サラ系２歳 未勝利       [指] 馬齢 16頭 本賞金:550,220,140,83,55万円",16,550.0,1,6,11,ダノンヴェステル,牡,2,56.0,池添,115.7,,2,2.8,38.6,2-2-1-1,栗東 高柳大,474,0,
202408070701,2024-12-21,京都,1,2歳未勝利,ダ,1800,右,曇,良,"7回 京都 7日目 サラ系２歳 未勝利       [指] 馬齢 16頭 本賞金:550,220,140,83,55万円",16,550.0,2,8,16,クリノラピダス,牡,2,56.0,幸,116.3,3.1/2,13,148.9,38.3,14-14-10-8,栗東 谷,450,-4,
202408070701,2024-12-21,京都,1,2歳未勝利,ダ,1800,右,曇,良,"7回 京都 7日目 サラ系２歳 未勝利       [指] 馬齢 16頭 本賞金:550,220,140,83,55万円",16,550.0,3,7,13,サンディエゴ,牡,2,56.0,鮫島駿,116.4,3/4,7,41.1,39.1,5-5-2-2,栗東 清水久,492,-4,
202408070701,2024-12-21,京都,1,2歳未勝利,ダ,1800,右,曇,良,"7回 京都 7日目 サラ系２歳 未勝利       [指] 馬齢 16頭 本賞金:550,220,140,83,55万円",16,550.0,4,3,5,レッドボブ,牡,2,56.0,北村友,116.4,クビ,4,13.3,38.9,11-11-5-3,栗東 田中克,524,-4,
202408070701,2024-12-21,京都,1,2歳未勝利,ダ,1800,右,曇,良,"7回 京都 7日目 サラ系２歳 未勝利       [指] 馬齢 16頭 本賞金:550,220,140,83,55万円",16,550.0,5,8,15,シュドゥン,牝,2,55.0,団野,116.5,クビ,1,1.9,38.9,8-7-7-6,栗東 上村,464,-2,
202408070701,2024-12-21,京都,1,2歳未勝利,ダ,1800,右,曇,良,"7回 京都 7日目 サラ系２歳 未勝利       [指] 馬齢 16頭 本賞金:550,220,140,83,55万円",16,550.0,6,1,1,ブラックレーション,牡,2,56.0,太宰,116.9,2.1/2,5,18.2,39.0,10-10-9-9,栗東 本田,510,0,
202408070701,2024-12-21,京都,1,2歳未勝利,ダ,1800,右,曇,良,"7回 京都 7日目 サラ系２歳 未勝利       [指] 馬齢 16頭 本賞金:550,220,140,83,55万円",16,550.0,7,2,4,アスターシッキム,牝,2,55.0,国分恭,117.0,1,9,58.8,38.8,14-11-12-11,栗東 森田,478,14,
202408070701,2024-12-21,京都,1,2歳未勝利,ダ,1800,右,曇,良,"7回 京都 7日目 サラ系２歳 未勝利       [指] 馬齢 16頭 本賞金:550,220,140,83,55万円",16,550.0,8,2,3,ロングロングロング,牡,2,53.0,▲柴田裕,117.1,アタマ,15,286.9,38.9,16-14-14-13,栗東 角田,460,0,
202408070701,2024-12-21,京都,1,2歳未勝利,ダ,1800,右,曇,良,"7回 京都 7日目 サラ系２歳 未勝利       [指] 馬齢 16頭 本賞金:550,220,140,83,55万円",16,550.0,9,4,7,レアルシチー,牡,2,54.0,△吉村,117.2,1,10,59.5,39.3,5-5-10-11,栗東 羽月,506,-4,
202408070701,2024-12-21,京都,1,2歳未勝利,ダ,1800,右,曇,良,"7回 京都 7日目 サラ系２歳 未勝利       [指] 馬齢 16頭 本賞金:550,220,140,83,55万円",16,550.0,10,4,8,フロンティエール,牡,2,56.0,Ｃデム,117.6,2,6,27.1,40.3,8-7-2-3,栗東 池添,512,-4,
202408070701,2024-12-21,京都,1,2歳未勝利,ダ,1800,右,曇,良,"7回 京都 7日目 サラ系２歳 未勝利       [指] 馬齢 16頭 本賞金:550,220,140,83,55万円",16,550.0,11,5,9,メイショウスゴウデ,牡,2,52.0,★河原田,117.9,2,11,127.6,39.5,13-14-14-14,栗東 渡辺,454,-2,
202408070701,2024-12-21,京都,1,2歳未勝利,ダ,1800,右,曇,良,"7回 京都 7日目 サラ系２歳 未勝利       [指] 馬齢 16頭 本賞金:550,220,140,83,55万円",16,550.0,12,6,12,サンライズジュピタ,牡,2,54.0,△高杉,118.1,1.1/4,12,133.4,40.5,3-3-6-6,栗東 石坂,494,-6,
202408070701,2024-12-21,京都,1,2歳未勝利,ダ,1800,右,曇,良,"7回 京都 7日目 サラ系２歳 未勝利       [指] 馬齢 16頭 本賞金:550,220,140,83,55万円",16,550.0,13,7,14,ケングロリア,牝,2,53.0,◇永島,118.4,1.1/2,14,285.0,40.1,11-11-12-14,栗東 高橋康,474,8,
202408070701,2024-12-21,京都,1,2歳未勝利,ダ,1800,右,曇,良,"7回 京都 7日目 サラ系２歳 未勝利       [指] 馬齢 16頭 本賞金:550,220,140,83,55万円",16,550.0,14,1,2,ウインエンデバー,牡,2,56.0,松山,118.7,2,8,44.9,41.1,3-3-7-9,栗東 吉田,460,4,
202408070701,2024-12-21,京都,1,2歳未勝利,ダ,1800,右,曇,良,"7回 京都 7日目 サラ系２歳 未勝利       [指] 馬齢 16頭 本賞金:550,220,140,83,55万円",16,550.0,15,5,10,アルムウーリエ,牡,2,55.0,☆小沢,119.7,6,16,479.3,40.4,5-7-16-16,栗東 平田,502,2,
202408070701,2024-12-21,京都,1,2歳未勝利,ダ,1800,右,曇,良,"7回 京都 7日目 サラ系２歳 未勝利       [指] 馬齢 16頭 本賞金:550,220,140,83,55万円",16,550.0,16,3,6,バントック,牡,2,56.0,岩田望,119.7,クビ,3,9.3,42.5,1-1-2-3,栗東 浜田,446,-4,
202408070702,2024-12-21,京都,2,2歳未勝利,ダ,1200,右,曇,良,"7回 京都 7日目 サラ系２歳 未勝利       (混)[指] 馬齢 16頭 本賞金:550,220,140,83,55万円",16,550.0,1,3,5,イマージョン,牡,2,56.0,北村友,72.8,,1,2.2,37.1,1-1,栗東 高野,508,0,
202408070702,2024-12-21,京都,2,2歳未勝利,ダ,1200,右,曇,良,"7回 京都 7日目 サラ系２歳 未勝利       (混)[指] 馬齢 16頭 本賞金:550,220,140,83,55万円",16,550.0,2,8,15,ドナポンド,牝,2,55.0,ルメー,73.1,2,3,4.1,37.2,2-2,栗東 小林,494,4,
202408070702,2024-12-21,京都,2,2歳未勝利,ダ,1200,右,曇,良,"7回 京都 7日目 サラ系２歳 未勝利       (混)[指] 馬齢 16頭 本賞金:550,220,140,83,55万円",16,550.0,3,8,16,アスコットアイ,牝,2,55.0,Ｃデム,73.4,2,2,3.7,37.4,3-3,栗東 緒方,434,16,
202408070702,2024-12-21,京都,2,2歳未勝利,ダ,1200,右,曇,良,"7回 京都 7日目 サラ系２歳 未勝利       (混)[指] 馬齢 16頭 本賞金:550,220,140,83,55万円",16,550.0,4,7,13,ヴェントインコーダ,牝,2,55.0,藤岡佑,73.7,1.1/2,7,27.0,37.4,6-5,栗東 角田,474,-10,
202408070702,2024-12-21,京都,2,2歳未勝利,ダ,1200,右,曇,良,"7回 京都 7日目 サラ系２歳 未勝利       (混)[指] 馬齢 16頭 本賞金:550,220,140,83,55万円",16,550.0,5,4,7,ローレルゼロ,牡,2,53.0,▲橋木,74.2,3,15,485.6,37.8,6-6,栗東 高橋康,480,0,
202408070702,2024-12-21,京都,2,2歳未勝利,ダ,1200,右,曇,良,"7回 京都 7日目 サラ系２歳 未勝利       (混)[指] 馬齢 16頭 本賞金:550,220,140,83,55万円",16,550.0,6,5,10,アイファーモービル,牡,2,55.0,☆小沢,74.2,ハナ,8,56.0,37.1,14-13,栗東 鮫島,474,8,
202408070702,2024-12-21,京都,2,2歳未勝利,ダ,1200,右,曇,良,"7回 京都 7日目 サラ系２歳 未勝利       (混)[指] 馬齢 16頭 本賞金:550,220,140,83,55万円",16,550.0,7,5,9,テイエムバゴオウ,牡,2,56.0,田中健,74.2,クビ,6,22.4,37.6,8-6,栗東 木原,458,-4,
202408070702,2024-12-21,京都,2,2歳未勝利,ダ,1200,右,曇,良,"7回 京都 7日目 サラ系２歳 未勝利       (混)[指] 馬齢 16頭 本賞金:550,220,140,83,55万円",16,550.0,8,1,2,サファリ,牡,2,56.0,幸,74.3,1/2,5,20.6,38.3,3-4,栗東 浜田,464,6,
202408070702,2024-12-21,京都,2,2歳未勝利,ダ,1200,右,曇,良,"7回 京都 7日目 サラ系２歳 未勝利       (混)[指] 馬齢 16頭 本賞金:550,220,140,83,55万円",16,550.0,9,3,6,リアルクィーン,牝,2,53.0,△吉村,74.6,1.3/4,11,154.9,37.5,14-13,栗東 石坂,444,-4,
202408070702,2024-12-21,京都,2,2歳未勝利,ダ,1200,右,曇,良,"7回 京都 7日目 サラ系２歳 未勝利       (混)[指] 馬齢 16頭 本賞金:550,220,140,83,55万円",16,550.0,10,1,1,ワンダーブリング,牡,2,53.0,▲鷲頭,74.6,アタマ,9,100.0,37.9,10-10,栗東 石橋,544,0,
202408070702,2024-12-21,京都,2,2歳未勝利,ダ,1200,右,曇,良,"7回 京都 7日目 サラ系２歳 未勝利       (混)[指] 馬齢 16頭 本賞金:550,220,140,83,55万円",16,550.0,11,6,11,セカンドフラッシュ,牝,2,55.0,古川吉,75.0,2,16,602.8,37.5,16-16,栗東 木原,460,2,
202408070702,2024-12-21,京都,2,2歳未勝利,ダ,1200,右,曇,良,"7回 京都 7日目 サラ系２歳 未勝利       (混)[指] 馬齢 16頭 本賞金:550,220,140,83,55万円",16,550.0,12,2,4,イーサンペガサス,牝,2,55.0,岩田望,75.4,2.1/2,10,149.9,38.9,8-6,栗東 西園正,486,-2,
202408070702,2024-12-21,京都,2,2歳未勝利,ダ,1200,右,曇,良,"7回 京都 7日目 サラ系２歳 未勝利       (混)[指] 馬齢 16頭 本賞金:550,220,140,83,55万円",16,550.0,13,6,12,サマーエンジェル,牝,2,55.0,斎藤,75.5,1,12,159.0,39.2,5-9,栗東 高橋一,458,6,
202408070702,2024-12-21,京都,2,2歳未勝利,ダ,1200,右,曇,良,"7回 京都 7日目 サラ系２歳 未勝利       (混)[指] 馬齢 16頭 本賞金:550,220,140,83,55万円",16,550.0,14,2,3,ゴームズ,牝,2,55.0,角田和,75.7,1,14,321.2,38.9,11-10,栗東 角田,450,-2,
202408070702,2024-12-21,京都,2,2歳未勝利,ダ,1200,右,曇,良,"7回 京都 7日目 サラ系２歳 未勝利       (混)[指] 馬齢 16頭 本賞金:550,220,140,83,55万円",16,550.0,15,4,8,アジアンテーラー,牝,2,55.0,坂井,76.9,7,4,8.8,40.0,11-10,栗東 緒方,424,2,
202408070702,2024-12-21,京都,2,2歳未勝利,ダ,1200,右,曇,良,"7回 京都 7日目 サラ系２歳 未勝利       (混)[指] 馬齢 16頭 本賞金:550,220,140,83,55万円",16,550.0,16,7,14,モンスター,牡,2,54.0,△高杉,77.2,2,13,194.2,40.2,13-13,栗東 寺島,494,-2,
202408070703,2024-12-21,京都,3,2歳未勝利,ダ,1800,右,曇,良,"7回 京都 7日目 サラ系２歳 未勝利       [指] 馬齢 16頭 本賞金:550,220,140,83,55万円",16,550.0,1,1,1,ロードシュヴァリエ,牡,2,56.0,中井,114.2,,6,38.9,38.8,5-4-3-3,栗東 森田,492,4,
202408070703,2024-12-21,京都,3,2歳未勝利,ダ,1800,右,曇,良,"7回 京都 7日目 サラ系２歳 未勝利       [指] 馬齢 16頭 本賞金:550,220,140,83,55万円",16,550.0,2,5,9,メイショウズイウン,牡,2,56.0,松山弘,114.2,アタマ,1,1.5,39.0,2-2-2-2,栗東 本田,492,-8,
202408070703,2024-12-21,京都,3,2歳未勝利,ダ,1800,右,曇,良,"7回 京都 7日目 サラ系２歳 未勝利       [指] 馬齢 16頭 本賞金:550,220,140,83,55万円",16,550.0,3,1,2,ルセルマンダムール,牡,2,56.0,西村淳,114.4,3/4,11,118.9,37.8,14-13-13-9,栗東 松永幹,472,6,
202408070703,2024-12-21,京都,3,2歳未勝利,ダ,1800,右,曇,良,"7回 京都 7日目 サラ系２歳 未勝利       [指] 馬齢 16頭 本賞金:550,220,140,83,55万円",16,550.0,4,2,4,ダイシンレアレア,牡,2,56.0,小崎,114.7,1.3/4,4,10.1,39.0,9-9-6-5,栗東 高橋一,484,6,
202408070703,2024-12-21,京都,3,2歳未勝利,ダ,1800,右,曇,良,"7回 京都 7日目 サラ系２歳 未勝利       [指] 馬齢 16頭 本賞金:550,220,140,83,55万円",16,550.0,5,8,15,エポエポサン,牡,2,56.0,ムーア,115.3,3.1/2,3,8.3,39.6,7-7-6-4,栗東 須貝,472,2,
202408070703,2024-12-21,京都,3,2歳未勝利,ダ,1800,右,曇,良,"7回 京都 7日目 サラ系２歳 未勝利       [指] 馬齢 16頭 本賞金:550,220,140,83,55万円",16,550.0,6,3,5,モズフェスティバル,牡,2,56.0,団野,115.5,1.1/2,7,53.3,40.4,1-1-1-1,栗東 松下,496,2,
202408070703,2024-12-21,京都,3,2歳未勝利,ダ,1800,右,曇,良,"7回 京都 7日目 サラ系２歳 未勝利       [指] 馬齢 16頭 本賞金:550,220,140,83,55万円",16,550.0,7,5,10,ジーティーアメリカ,牡,2,56.0,Ｃデム,115.9,2,2,4.1,40.0,7-7-9-7,栗東 吉岡,522,16,
202408070703,2024-12-21,京都,3,2歳未勝利,ダ,1800,右,曇,良,"7回 京都 7日目 サラ系２歳 未勝利       [指] 馬齢 16頭 本賞金:550,220,140,83,55万円",16,550.0,8,4,8,サンズ,牡,2,56.0,鮫島駿,116.2,2,8,73.3,39.7,12-12-12-13,栗東 牧田,480,-10,
202408070703,2024-12-21,京都,3,2歳未勝利,ダ,1800,右,曇,良,"7回 京都 7日目 サラ系２歳 未勝利       [指] 馬齢 16頭 本賞金:550,220,140,83,55万円",16,550.0,9,2,3,イダイ,牡,2,54.0,△高杉,116.3,1/2,9,94.2,40.0,11-11-11-11,栗東 庄野,456,-2,
202408070703,2024-12-21,京都,3,2歳未勝利,ダ,1800,右,曇,良,"7回 京都 7日目 サラ系２歳 未勝利       [指] 馬齢 16頭 本賞金:550,220,140,83,55万円",16,550.0,10,3,6,ノボリディアマン,牡,2,56.0,幸,117.2,5,5,22.0,41.6,5-4-5-7,栗東 緒方,456,0,
202408070703,2024-12-21,京都,3,2歳未勝利,ダ,1800,右,曇,良,"7回 京都 7日目 サラ系２歳 未勝利       [指] 馬齢 16頭 本賞金:550,220,140,83,55万円",16,550.0,11,7,13,ダイヤノエース,牡,2,55.0,☆田口,118.2,6,10,96.5,42.7,3-3-3-5,栗東 清水久,532,4,
202408070703,2024-12-21,京都,3,2歳未勝利,ダ,1800,右,曇,良,"7回 京都 7日目 サラ系２歳 未勝利       [指] 馬齢 16頭 本賞金:550,220,140,83,55万円",16,550.0,12,6,11,イージーゴーイング,牡,2,55.0,☆小沢,118.2,アタマ,16,323.4,42.3,10-10-9-9,栗東 飯田,474,8,
202408070703,2024-12-21,京都,3,2歳未勝利,ダ,1800,右,曇,良,"7回 京都 7日目 サラ系２歳 未勝利       [指] 馬齢 16頭 本賞金:550,220,140,83,55万円",16,550.0,13,6,12,クナウティア,牝,2,55.0,酒井,118.6,2.1/2,14,193.2,40.6,12-13-14-14,栗東 鈴木孝,446,-2,
202408070703,2024-12-21,京都,3,2歳未勝利,ダ,1800,右,曇,良,"7回 京都 7日目 サラ系２歳 未勝利       [指] 馬齢 16頭 本賞金:550,220,140,83,55万円",16,550.0,14,8,16,オドラニャソンソン,牡,2,54.0,△吉村,118.9,2,12,147.6,43.1,4-4-8-11,栗東 音無,462,6,
202408070703,2024-12-21,京都,3,2歳未勝利,ダ,1800,右,曇,良,"7回 京都 7日目 サラ系２歳 未勝利       [指] 馬齢 16頭 本賞金:550,220,140,83,55万円",16,550.0,15,7,14,シナモンショコラ,牡,2,53.0,▲橋木,119.6,4,15,241.9,41.6,14-15-14-14,栗東 村山,494,16,
202408070703,2024-12-21,京都,3,2歳未勝利,ダ,1800,右,曇,良,"7回 京都 7日目 サラ系２歳 未勝利       [指] 馬齢 16頭 本賞金:550,220,140,83,55万円",16,550.0,,4,7,エイユーサブリナ,牝,2,55.0,秋山稔,,,13,191.3,,,栗東 高橋忠,472,22,中止
202408070704,2024-12-21,京都,4,2歳未勝利,芝,2000,右,曇,良,"7回 京都 7日目 サラ系２歳 未勝利       [指] 馬齢 16頭 本賞金:550,220,140,83,55万円",16,550.0,1,6,11,リンクスティップ,牝,2,55.0,Ｃデム,120.8,,2,2.9,34.8,2-2-2-1,栗東 西村,474,-4,
202408070704,2024-12-21,京都,4,2歳未勝利,芝,2000,右,曇,良,"7回 京都 7日目 サラ系２歳 未勝利       [指] 馬齢 16頭 本賞金:550,220,140,83,55万円",16,550.0,2,5,9,ロットブラータ,牡,2,56.0,松山,121.2,2.1/2,4,12.8,34.9,4-5-3-3,栗東 平田,522,0,
202408070704,2024-12-21,京都,4,2歳未勝利,芝,2000,右,曇,良,"7回 京都 7日目 サラ系２歳 未勝利       [指] 馬齢 16頭 本賞金:550,220,140,83,55万円",16,550.0,3,3,6,ディープサミット,牡,2,56.0,古川吉,121.5,2,5,15.2,35.2,4-3-3-3,栗東 四位,496,10,
202408070704,2024-12-21,京都,4,2歳未勝利,芝,2000,右,曇,良,"7回 京都 7日目 サラ系２歳 未勝利       [指] 馬齢 16頭 本賞金:550,220,140,83,55万円",16,550.0,4,6,12,アロンディ,牡,2,56.0,西村淳,121.6,クビ,8,28.8,35.3,7-9-6-3,栗東 武英,450,6,
202408070704,2024-12-21,京都,4,2歳未勝利,芝,2000,右,曇,良,"7回 京都 7日目 サラ系２歳 未勝利       [指] 馬齢 16頭 本賞金:550,220,140,83,55万円",16,550.0,5,4,8,ウインベラーノ,牡,2,56.0,松岡,121.6,アタマ,6,21.0,35.6,1-1-1-2,栗東 宮,448,14,
202408070704,2024-12-21,京都,4,2歳未勝利,芝,2000,右,曇,良,"7回 京都 7日目 サラ系２歳 未勝利       [指] 馬齢 16頭 本賞金:550,220,140,83,55万円",16,550.0,6,1,1,シャルクハフト,牡,2,54.0,△吉村,122.2,4,12,45.6,34.9,14-14-14-14,栗東 清水久,494,22,
202408070704,2024-12-21,京都,4,2歳未勝利,芝,2000,右,曇,良,"7回 京都 7日目 サラ系２歳 未勝利       [指] 馬齢 16頭 本賞金:550,220,140,83,55万円",16,550.0,7,7,14,プレミアシップ,牡,2,56.0,ムーア,122.4,1,7,27.1,35.6,12-10-13-12,栗東 吉岡,506,8,
202408070704,2024-12-21,京都,4,2歳未勝利,芝,2000,右,曇,良,"7回 京都 7日目 サラ系２歳 未勝利       [指] 馬齢 16頭 本賞金:550,220,140,83,55万円",16,550.0,8,4,7,バズアップビート,牡,2,56.0,川田,122.6,1,1,2.3,36.0,11-10-10-7,栗東 友道,510,16,
202408070704,2024-12-21,京都,4,2歳未勝利,芝,2000,右,曇,良,"7回 京都 7日目 サラ系２歳 未勝利       [指] 馬齢 16頭 本賞金:550,220,140,83,55万円",16,550.0,9,8,16,ホウオウチェスター,牡,2,56.0,ルメー,122.6,クビ,3,11.0,36.1,4-6-6-7,栗東 安田,458,4,
202408070704,2024-12-21,京都,4,2歳未勝利,芝,2000,右,曇,良,"7回 京都 7日目 サラ系２歳 未勝利       [指] 馬齢 16頭 本賞金:550,220,140,83,55万円",16,550.0,10,5,10,アジュマン,牡,2,56.0,国分優,122.7,1/2,11,37.0,36.1,10-10-10-7,栗東 石坂,476,0,
202408070704,2024-12-21,京都,4,2歳未勝利,芝,2000,右,曇,良,"7回 京都 7日目 サラ系２歳 未勝利       [指] 馬齢 16頭 本賞金:550,220,140,83,55万円",16,550.0,11,1,2,ヴォラヴィア,牡,2,56.0,川又,123.0,1.3/4,15,512.5,36.4,7-6-6-7,栗東 杉山佳,460,12,
202408070704,2024-12-21,京都,4,2歳未勝利,芝,2000,右,曇,良,"7回 京都 7日目 サラ系２歳 未勝利       [指] 馬齢 16頭 本賞金:550,220,140,83,55万円",16,550.0,12,7,13,ルージュレアリーズ,牝,2,55.0,岩田望,123.1,1/2,10,36.4,36.3,12-13-12-12,栗東 福永,430,-10,
202408070704,2024-12-21,京都,4,2歳未勝利,芝,2000,右,曇,良,"7回 京都 7日目 サラ系２歳 未勝利       [指] 馬齢 16頭 本賞金:550,220,140,83,55万円",16,550.0,13,2,3,スカイテーラー,牝,2,51.0,★河原田,123.2,3/4,14,451.9,36.6,7-6-6-7,栗東 河内,448,-6,
202408070704,2024-12-21,京都,4,2歳未勝利,芝,2000,右,曇,良,"7回 京都 7日目 サラ系２歳 未勝利       [指] 馬齢 16頭 本賞金:550,220,140,83,55万円",16,550.0,14,8,15,ワンウェイトゥヘル,牡,2,56.0,鮫島駿,123.2,ハナ,9,36.2,36.9,2-3-3-6,栗東 中村,462,6,
202408070704,2024-12-21,京都,4,2歳未勝利,芝,2000,右,曇,良,"7回 京都 7日目 サラ系２歳 未勝利       [指] 馬齢 16頭 本賞金:550,220,140,83,55万円",16,550.0,,2,4,ファジーロップ,牝,2,54.0,☆西塚,,,13,49.1,,,栗東 吉岡,442,0,中止
202408070704,2024-12-21,京都,4,2歳未勝利,芝,2000,右,曇,良,"7回 京都 7日目 サラ系２歳 未勝利       [指] 馬齢 16頭 本賞金:550,220,140,83,55万円",16,550.0,,3,5,ハギノデュエット,牝,2,52.0,▲柴田裕,,,16,630.7,,,栗東 中竹,466,-10,中止
202408070705,2024-12-21,京都,5,2歳新馬,芝,1600,右,曇,良,"7回 京都 7日目 サラ系２歳 新馬       (混)[指] 馬齢 17頭 本賞金:720,290,180,110,72万円",17,720.0,1,7,14,フランクスピード,牝,2,55.0,Ｃデム,95.5,,6,17.4,35.4,5-4,栗東 高野,434,0,
202408070705,2024-12-21,京都,5,2歳新馬,芝,1600,右,曇,良,"7回 京都 7日目 サラ系２歳 新馬       (混)[指] 馬齢 17頭 本賞金:720,290,180,110,72万円",17,720.0,2,4,7,テーオーノーベル,牡,2,53.0,▲柴田裕,96.1,3.1/2,8,26.9,35.6,10-10,栗東 岡田,486,0,
202408070705,2024-12-21,京都,5,2歳新馬,芝,1600,右,曇,良,"7回 京都 7日目 サラ系２歳 新馬       (混)[指] 馬齢 17頭 本賞金:720,290,180,110,72万円",17,720.0,3,2,3,デアリングエア,牝,2,55.0,松山,96.2,クビ,3,5.6,36.3,2-4,栗東 杉山晴,454,0,
202408070705,2024-12-21,京都,5,2歳新馬,芝,1600,右,曇,良,"7回 京都 7日目 サラ系２歳 新馬       (混)[指] 馬齢 17頭 本賞金:720,290,180,110,72万円",17,720.0,4,6,11,ソレエスピアージャ,牝,2,55.0,坂井瑠,96.2,ハナ,1,2.8,36.3,2-2,栗東 松永幹,454,0,
202408070705,2024-12-21,京都,5,2歳新馬,芝,1600,右,曇,良,"7回 京都 7日目 サラ系２歳 新馬       (混)[指] 馬齢 17頭 本賞金:720,290,180,110,72万円",17,720.0,5,4,8,ステアハート,牝,2,55.0,西村淳,96.2,アタマ,11,61.5,36.2,5-4,栗東 新谷,480,0,
202408070705,2024-12-21,京都,5,2歳新馬,芝,1600,右,曇,良,"7回 京都 7日目 サラ系２歳 新馬       (混)[指] 馬齢 17頭 本賞金:720,290,180,110,72万円",17,720.0,6,6,12,ゴールドサニーデイ,牝,2,55.0,団野,96.2,ハナ,4,6.2,35.9,8-7,栗東 渡辺,414,0,
202408070705,2024-12-21,京都,5,2歳新馬,芝,1600,右,曇,良,"7回 京都 7日目 サラ系２歳 新馬       (混)[指] 馬齢 17頭 本賞金:720,290,180,110,72万円",17,720.0,7,2,4,フリアフロリダ,牝,2,50.0,◇永島,96.4,1,9,51.5,36.6,2-2,栗東 小栗,430,0,
202408070705,2024-12-21,京都,5,2歳新馬,芝,1600,右,曇,良,"7回 京都 7日目 サラ系２歳 新馬       (混)[指] 馬齢 17頭 本賞金:720,290,180,110,72万円",17,720.0,8,5,9,サンタンドレア,牝,2,55.0,ルメー,96.4,アタマ,5,8.6,35.5,14-12,栗東 池添,430,0,
202408070705,2024-12-21,京都,5,2歳新馬,芝,1600,右,曇,良,"7回 京都 7日目 サラ系２歳 新馬       (混)[指] 馬齢 17頭 本賞金:720,290,180,110,72万円",17,720.0,9,7,13,ヒットザノート,牝,2,55.0,藤岡佑,96.4,ハナ,10,51.9,35.7,12-12,栗東 奥村豊,460,0,
202408070705,2024-12-21,京都,5,2歳新馬,芝,1600,右,曇,良,"7回 京都 7日目 サラ系２歳 新馬       (混)[指] 馬齢 17頭 本賞金:720,290,180,110,72万円",17,720.0,10,1,2,パワーアイガー,牡,2,55.0,☆田口,96.6,1.1/4,15,233.1,36.1,10-10,栗東 大橋,432,0,
202408070705,2024-12-21,京都,5,2歳新馬,芝,1600,右,曇,良,"7回 京都 7日目 サラ系２歳 新馬       (混)[指] 馬齢 17頭 本賞金:720,290,180,110,72万円",17,720.0,11,3,6,ダディーズグーグー,牡,2,56.0,浜中,96.7,3/4,7,22.1,37.1,1-1,栗東 畑端,494,0,
202408070705,2024-12-21,京都,5,2歳新馬,芝,1600,右,曇,良,"7回 京都 7日目 サラ系２歳 新馬       (混)[指] 馬齢 17頭 本賞金:720,290,180,110,72万円",17,720.0,12,8,17,ナオミガイチバン,牝,2,55.0,北村友,96.8,1/2,13,148.8,35.8,15-15,栗東 畑端,416,0,
202408070705,2024-12-21,京都,5,2歳新馬,芝,1600,右,曇,良,"7回 京都 7日目 サラ系２歳 新馬       (混)[指] 馬齢 17頭 本賞金:720,290,180,110,72万円",17,720.0,13,5,10,リーティアコナル,牡,2,56.0,ムーア,96.9,1/2,2,4.5,36.8,5-7,栗東 友道,484,0,
202408070705,2024-12-21,京都,5,2歳新馬,芝,1600,右,曇,良,"7回 京都 7日目 サラ系２歳 新馬       (混)[指] 馬齢 17頭 本賞金:720,290,180,110,72万円",17,720.0,14,8,16,サウンドペルル,牝,2,55.0,小崎綾,97.2,2,17,279.8,36.0,15-14,栗東 村山,452,0,
202408070705,2024-12-21,京都,5,2歳新馬,芝,1600,右,曇,良,"7回 京都 7日目 サラ系２歳 新馬       (混)[指] 馬齢 17頭 本賞金:720,290,180,110,72万円",17,720.0,15,8,15,サトゥーア,牝,2,53.0,△吉村,97.6,2.1/2,12,110.4,36.6,12-15,栗東 安田,468,0,
202408070705,2024-12-21,京都,5,2歳新馬,芝,1600,右,曇,良,"7回 京都 7日目 サラ系２歳 新馬       (混)[指] 馬齢 17頭 本賞金:720,290,180,110,72万円",17,720.0,16,3,5,ユアマイクラッシュ,牡,2,56.0,加藤,97.7,3/4,16,266.5,37.4,8-7,栗東 庄野,462,0,
202408070705,2024-12-21,京都,5,2歳新馬,芝,1600,右,曇,良,"7回 京都 7日目 サラ系２歳 新馬       (混)[指] 馬齢 17頭 本賞金:720,290,180,110,72万円",17,720.0,17,1,1,クインズガナッシュ,牝,2,55.0,吉田隼,98.1,2.1/2,14,227.2,36.3,17-17,美浦 小島,418,0,
202408070706,2024-12-21,京都,6,2歳新馬,ダ,1400,右,曇,良,"7回 京都 7日目 サラ系２歳 新馬       (混)[指] 馬齢 16頭 本賞金:720,290,180,110,72万円",16,720.0,1,7,14,トウタツ,牡,2,56.0,幸,86.6,,6,26.0,38.0,12-4,栗東 大根田,506,0,
202408070706,2024-12-21,京都,6,2歳新馬,ダ,1400,右,曇,良,"7回 京都 7日目 サラ系２歳 新馬       (混)[指] 馬齢 16頭 本賞金:720,290,180,110,72万円",16,720.0,2,2,3,ベラジオルークン,牡,2,56.0,国分優,86.7,クビ,12,97.7,38.1,9-10,栗東 辻野,468,0,
202408070706,2024-12-21,京都,6,2歳新馬,ダ,1400,右,曇,良,"7回 京都 7日目 サラ系２歳 新馬       (混)[指] 馬齢 16頭 本賞金:720,290,180,110,72万円",16,720.0,3,4,7,ダンツトラバース,牡,2,56.0,太宰,87.0,2,15,135.3,38.4,9-8,栗東 本田,484,0,
202408070706,2024-12-21,京都,6,2歳新馬,ダ,1400,右,曇,良,"7回 京都 7日目 サラ系２歳 新馬       (混)[指] 馬齢 16頭 本賞金:720,290,180,110,72万円",16,720.0,4,4,8,クリノスワロー,牝,2,55.0,坂井,87.2,3/4,7,29.5,39.2,6-3,栗東 高橋忠,490,0,
202408070706,2024-12-21,京都,6,2歳新馬,ダ,1400,右,曇,良,"7回 京都 7日目 サラ系２歳 新馬       (混)[指] 馬齢 16頭 本賞金:720,290,180,110,72万円",16,720.0,5,8,15,ディープオーシャン,牡,2,54.0,△高杉,87.4,1.1/2,2,5.5,39.8,2-4,栗東 藤岡,508,0,
202408070706,2024-12-21,京都,6,2歳新馬,ダ,1400,右,曇,良,"7回 京都 7日目 サラ系２歳 新馬       (混)[指] 馬齢 16頭 本賞金:720,290,180,110,72万円",16,720.0,6,2,4,ナタリア,牝,2,53.0,△吉村,87.5,クビ,4,9.2,39.5,5-4,栗東 小崎,458,0,
202408070706,2024-12-21,京都,6,2歳新馬,ダ,1400,右,曇,良,"7回 京都 7日目 サラ系２歳 新馬       (混)[指] 馬齢 16頭 本賞金:720,290,180,110,72万円",16,720.0,7,5,10,テットドール,牝,2,55.0,Ｃデム,87.8,2,3,8.4,37.8,16-16,栗東 庄野,462,0,
202408070706,2024-12-21,京都,6,2歳新馬,ダ,1400,右,曇,良,"7回 京都 7日目 サラ系２歳 新馬       (混)[指] 馬齢 16頭 本賞金:720,290,180,110,72万円",16,720.0,8,6,12,ハギノヴェルドン,牡,2,56.0,鮫島駿,87.9,クビ,11,56.1,39.0,14-12,栗東 高野,450,0,
202408070706,2024-12-21,京都,6,2歳新馬,ダ,1400,右,曇,良,"7回 京都 7日目 サラ系２歳 新馬       (混)[指] 馬齢 16頭 本賞金:720,290,180,110,72万円",16,720.0,9,1,2,チームビルディング,牡,2,56.0,川田,88.0,3/4,1,1.7,39.6,8-8,栗東 新谷,490,0,
202408070706,2024-12-21,京都,6,2歳新馬,ダ,1400,右,曇,良,"7回 京都 7日目 サラ系２歳 新馬       (混)[指] 馬齢 16頭 本賞金:720,290,180,110,72万円",16,720.0,10,1,1,マダムイグレイン,牝,2,55.0,中井,88.3,1.1/2,14,108.1,40.4,3-4,栗東 飯田,490,0,
202408070706,2024-12-21,京都,6,2歳新馬,ダ,1400,右,曇,良,"7回 京都 7日目 サラ系２歳 新馬       (混)[指] 馬齢 16頭 本賞金:720,290,180,110,72万円",16,720.0,11,7,13,ファイブエム,牝,2,55.0,岩田望,88.5,1.1/4,5,13.4,40.8,3-2,栗東 野中,432,0,
202408070706,2024-12-21,京都,6,2歳新馬,ダ,1400,右,曇,良,"7回 京都 7日目 サラ系２歳 新馬       (混)[指] 馬齢 16頭 本賞金:720,290,180,110,72万円",16,720.0,12,3,5,タマモマサユメ,牝,2,54.0,☆田口,88.6,クビ,9,45.5,40.3,6-10,栗東 大橋,476,0,
202408070706,2024-12-21,京都,6,2歳新馬,ダ,1400,右,曇,良,"7回 京都 7日目 サラ系２歳 新馬       (混)[指] 馬齢 16頭 本賞金:720,290,180,110,72万円",16,720.0,13,3,6,リドルトリガー,牝,2,55.0,吉田隼,88.6,ハナ,13,106.5,39.7,14-12,美浦 小島,506,0,
202408070706,2024-12-21,京都,6,2歳新馬,ダ,1400,右,曇,良,"7回 京都 7日目 サラ系２歳 新馬       (混)[指] 馬齢 16頭 本賞金:720,290,180,110,72万円",16,720.0,14,8,16,ジュテームダコール,牝,2,55.0,北村友,89.1,3.1/2,8,32.2,41.7,1-1,栗東 藤原,416,0,
202408070706,2024-12-21,京都,6,2歳新馬,ダ,1400,右,曇,良,"7回 京都 7日目 サラ系２歳 新馬       (混)[指] 馬齢 16頭 本賞金:720,290,180,110,72万円",16,720.0,15,6,11,キタノブリッジ,牝,2,55.0,城戸,89.5,2,10,55.9,40.6,13-14,栗東 羽月,434,0,
202408070706,2024-12-21,京都,6,2歳新馬,ダ,1400,右,曇,良,"7回 京都 7日目 サラ系２歳 新馬       (混)[指] 馬齢 16頭 本賞金:720,290,180,110,72万円",16,720.0,16,5,9,マリノドゥードゥー,牝,2,55.0,角田和,90.7,7,16,172.7,41.9,9-15,栗東 角田,436,0,
202408070707,2024-12-21,京都,7,3歳以上1勝クラス,ダ,1800,右,曇,良,"7回 京都 7日目 サラ系３歳以上 １勝クラス       牝[指] 定量 15頭 本賞金:800,320,200,120,80万円",15,800.0,1,6,10,コーラルハート,牝,3,55.0,鮫島駿,113.6,,3,5.2,38.4,2-2-2-2,栗東 小林,504,-4,
202408070707,2024-12-21,京都,7,3歳以上1勝クラス,ダ,1800,右,曇,良,"7回 京都 7日目 サラ系３歳以上 １勝クラス       牝[指] 定量 15頭 本賞金:800,320,200,120,80万円",15,800.0,2,7,13,ブルーペクトライト,牝,4,56.0,Ｍデム,114.0,2.1/2,8,30.8,37.1,13-15-15-12,栗東 宮地,490,4,
202408070707,2024-12-21,京都,7,3歳以上1勝クラス,ダ,1800,右,曇,良,"7回 京都 7日目 サラ系３歳以上 １勝クラス       牝[指] 定量 15頭 本賞金:800,320,200,120,80万円",15,800.0,3,7,12,ロスティチェーレ,牝,4,56.0,北村友,114.0,ハナ,5,14.2,38.5,4-4-3-3,栗東 松下,482,4,
202408070707,2024-12-21,京都,7,3歳以上1勝クラス,ダ,1800,右,曇,良,"7回 京都 7日目 サラ系３歳以上 １勝クラス       牝[指] 定量 15頭 本賞金:800,320,200,120,80万円",15,800.0,4,4,7,ウェイトゥゴー,牝,3,55.0,横山典,114.1,3/4,4,6.2,37.8,8-8-10-9,栗東 昆,468,6,
202408070707,2024-12-21,京都,7,3歳以上1勝クラス,ダ,1800,右,曇,良,"7回 京都 7日目 サラ系３歳以上 １勝クラス       牝[指] 定量 15頭 本賞金:800,320,200,120,80万円",15,800.0,5,1,1,リノアラ,牝,5,55.0,☆小沢,114.4,1.1/2,13,119.6,38.0,12-11-10-9,栗東 今野,450,14,
202408070707,2024-12-21,京都,7,3歳以上1勝クラス,ダ,1800,右,曇,良,"7回 京都 7日目 サラ系３歳以上 １勝クラス       牝[指] 定量 15頭 本賞金:800,320,200,120,80万円",15,800.0,6,8,14,プルーヴンウィナー,牝,3,52.0,▲古川奈,114.5,1/2,10,48.5,38.4,10-11-7-5,栗東 矢作,494,4,
202408070707,2024-12-21,京都,7,3歳以上1勝クラス,ダ,1800,右,曇,良,"7回 京都 7日目 サラ系３歳以上 １勝クラス       牝[指] 定量 15頭 本賞金:800,320,200,120,80万円",15,800.0,7,4,6,タマモナポリ,牝,3,55.0,岩田望,114.7,1.1/4,2,3.6,39.6,1-1-1-1,栗東 河嶋,460,2,
202408070707,2024-12-21,京都,7,3歳以上1勝クラス,ダ,1800,右,曇,良,"7回 京都 7日目 サラ系３歳以上 １勝クラス       牝[指] 定量 15頭 本賞金:800,320,200,120,80万円",15,800.0,8,2,2,ヒヒーン,牝,3,55.0,酒井,114.7,クビ,1,3.0,39.3,4-4-3-3,栗東 須貝,472,0,
202408070707,2024-12-21,京都,7,3歳以上1勝クラス,ダ,1800,右,曇,良,"7回 京都 7日目 サラ系３歳以上 １勝クラス       牝[指] 定量 15頭 本賞金:800,320,200,120,80万円",15,800.0,9,3,4,タマモネモフィラ,牝,4,55.0,☆田口,114.9,3/4,11,71.7,38.9,7-6-6-5,栗東 大橋,480,-2,
202408070707,2024-12-21,京都,7,3歳以上1勝クラス,ダ,1800,右,曇,良,"7回 京都 7日目 サラ系３歳以上 １勝クラス       牝[指] 定量 15頭 本賞金:800,320,200,120,80万円",15,800.0,10,2,3,ヤエベニシダレ,牝,4,54.0,△吉村,114.9,アタマ,12,84.5,38.4,13-13-12-12,栗東 梅田,474,-6,
202408070707,2024-12-21,京都,7,3歳以上1勝クラス,ダ,1800,右,曇,良,"7回 京都 7日目 サラ系３歳以上 １勝クラス       牝[指] 定量 15頭 本賞金:800,320,200,120,80万円",15,800.0,11,8,15,セレスティアリティ,牝,4,56.0,西村淳,115.7,5,9,40.7,39.6,8-9-7-8,栗東 西村,470,8,
202408070707,2024-12-21,京都,7,3歳以上1勝クラス,ダ,1800,右,曇,良,"7回 京都 7日目 サラ系３歳以上 １勝クラス       牝[指] 定量 15頭 本賞金:800,320,200,120,80万円",15,800.0,12,3,5,ディーノサンライズ,牝,3,55.0,小崎,116.5,5,15,495.3,40.0,10-9-12-12,栗東 高橋康,460,10,
202408070707,2024-12-21,京都,7,3歳以上1勝クラス,ダ,1800,右,曇,良,"7回 京都 7日目 サラ系３歳以上 １勝クラス       牝[指] 定量 15頭 本賞金:800,320,200,120,80万円",15,800.0,13,5,9,ルージュランブル,牝,3,55.0,斎藤,116.7,1.1/2,7,20.3,40.0,13-13-12-15,美浦 萩原,454,10,
202408070707,2024-12-21,京都,7,3歳以上1勝クラス,ダ,1800,右,曇,良,"7回 京都 7日目 サラ系３歳以上 １勝クラス       牝[指] 定量 15頭 本賞金:800,320,200,120,80万円",15,800.0,14,5,8,タガノエリザベス,牝,4,56.0,菱田,117.1,2.1/2,6,15.9,41.0,6-6-7-9,栗東 岡田,498,18,
202408070707,2024-12-21,京都,7,3歳以上1勝クラス,ダ,1800,右,曇,良,"7回 京都 7日目 サラ系３歳以上 １勝クラス       牝[指] 定量 15頭 本賞金:800,320,200,120,80万円",15,800.0,15,6,11,ウィズダムハート,牝,4,54.0,△高杉,118.4,8,14,140.0,42.9,3-2-3-5,美浦 上原佑,430,0,
202408070708,2024-12-21,京都,8,3歳以上1勝クラス,ダ,1400,右,曇,良,"7回 京都 7日目 サラ系３歳以上 １勝クラス       (混)[指] 定量 16頭 本賞金:800,320,200,120,80万円",16,800.0,1,3,5,ビダーヤ,牡,3,57.0,坂井,84.8,,2,3.8,36.5,4-5,栗東 矢作,492,4,
202408070708,2024-12-21,京都,8,3歳以上1勝クラス,ダ,1400,右,曇,良,"7回 京都 7日目 サラ系３歳以上 １勝クラス       (混)[指] 定量 16頭 本賞金:800,320,200,120,80万円",16,800.0,2,7,14,メティエダール,牝,3,55.0,鮫島駿,85.1,1.3/4,3,7.3,36.9,3-3,栗東 松永幹,488,6,
202408070708,2024-12-21,京都,8,3歳以上1勝クラス,ダ,1400,右,曇,良,"7回 京都 7日目 サラ系３歳以上 １勝クラス       (混)[指] 定量 16頭 本賞金:800,320,200,120,80万円",16,800.0,3,1,1,ハイクライテリア,セ,4,58.0,国分優,85.5,2.1/2,14,385.3,36.4,13-12,栗東 羽月,480,26,
202408070708,2024-12-21,京都,8,3歳以上1勝クラス,ダ,1400,右,曇,良,"7回 京都 7日目 サラ系３歳以上 １勝クラス       (混)[指] 定量 16頭 本賞金:800,320,200,120,80万円",16,800.0,4,7,13,ピストンボーイ,牡,3,57.0,松山,85.7,1.1/2,7,21.0,37.7,2-2,栗東 池添,514,-8,
202408070708,2024-12-21,京都,8,3歳以上1勝クラス,ダ,1400,右,曇,良,"7回 京都 7日目 サラ系３歳以上 １勝クラス       (混)[指] 定量 16頭 本賞金:800,320,200,120,80万円",16,800.0,5,2,3,テーオードラッカー,牡,3,57.0,川田,85.8,1/2,1,2.7,37.6,4-5,栗東 高柳大,516,0,
202408070708,2024-12-21,京都,8,3歳以上1勝クラス,ダ,1400,右,曇,良,"7回 京都 7日目 サラ系３歳以上 １勝クラス       (混)[指] 定量 16頭 本賞金:800,320,200,120,80万円",16,800.0,6,2,4,アメリカンチーフ,牡,3,55.0,△吉村,85.9,1/2,10,30.2,37.5,7-8,栗東 音無,478,6,
202408070708,2024-12-21,京都,8,3歳以上1勝クラス,ダ,1400,右,曇,良,"7回 京都 7日目 サラ系３歳以上 １勝クラス       (混)[指] 定量 16頭 本賞金:800,320,200,120,80万円",16,800.0,7,4,7,イナウィンク,牡,4,58.0,団野,86.0,1/2,13,248.8,36.6,15-15,栗東 吉田,444,6,
202408070708,2024-12-21,京都,8,3歳以上1勝クラス,ダ,1400,右,曇,良,"7回 京都 7日目 サラ系３歳以上 １勝クラス       (混)[指] 定量 16頭 本賞金:800,320,200,120,80万円",16,800.0,8,1,2,メイショウマジック,牡,4,55.0,▲川端,86.2,1.1/2,9,22.6,37.2,11-11,栗東 四位,490,0,
202408070708,2024-12-21,京都,8,3歳以上1勝クラス,ダ,1400,右,曇,良,"7回 京都 7日目 サラ系３歳以上 １勝クラス       (混)[指] 定量 16頭 本賞金:800,320,200,120,80万円",16,800.0,9,8,16,サリュエ,牡,3,57.0,岩田望,86.4,1,5,10.8,38.0,6-3,栗東 野中,484,-2,
202408070708,2024-12-21,京都,8,3歳以上1勝クラス,ダ,1400,右,曇,良,"7回 京都 7日目 サラ系３歳以上 １勝クラス       (混)[指] 定量 16頭 本賞金:800,320,200,120,80万円",16,800.0,10,8,15,バレル,牡,5,58.0,斎藤,86.4,アタマ,11,69.2,37.4,11-12,栗東 鮫島,486,8,
202408070708,2024-12-21,京都,8,3歳以上1勝クラス,ダ,1400,右,曇,良,"7回 京都 7日目 サラ系３歳以上 １勝クラス       (混)[指] 定量 16頭 本賞金:800,320,200,120,80万円",16,800.0,11,6,12,ランスオブセヘル,牝,3,55.0,ルメー,86.5,1/2,4,8.1,38.6,1-1,栗東 奥村豊,492,-4,
202408070708,2024-12-21,京都,8,3歳以上1勝クラス,ダ,1400,右,曇,良,"7回 京都 7日目 サラ系３歳以上 １勝クラス       (混)[指] 定量 16頭 本賞金:800,320,200,120,80万円",16,800.0,12,3,6,パトジュニア,牡,3,57.0,小崎,86.8,2,15,421.6,37.4,16-15,栗東 小崎,516,8,
202408070708,2024-12-21,京都,8,3歳以上1勝クラス,ダ,1400,右,曇,良,"7回 京都 7日目 サラ系３歳以上 １勝クラス       (混)[指] 定量 16頭 本賞金:800,320,200,120,80万円",16,800.0,13,5,9,ベルダイナフェロー,牝,3,55.0,酒井,87.0,1,8,21.0,37.9,13-12,栗東 須貝,472,-6,
202408070708,2024-12-21,京都,8,3歳以上1勝クラス,ダ,1400,右,曇,良,"7回 京都 7日目 サラ系３歳以上 １勝クラス       (混)[指] 定量 16頭 本賞金:800,320,200,120,80万円",16,800.0,14,4,8,ツッチーフェイス,牝,5,55.0,☆小沢,87.0,ハナ,12,213.0,38.4,7-7,栗東 今野,480,-8,
202408070708,2024-12-21,京都,8,3歳以上1勝クラス,ダ,1400,右,曇,良,"7回 京都 7日目 サラ系３歳以上 １勝クラス       (混)[指] 定量 16頭 本賞金:800,320,200,120,80万円",16,800.0,15,5,10,ウィービースティ,牡,4,58.0,亀田,87.9,5,16,621.2,39.4,7-8,栗東 北出,504,0,
202408070708,2024-12-21,京都,8,3歳以上1勝クラス,ダ,1400,右,曇,良,"7回 京都 7日目 サラ系３歳以上 １勝クラス       (混)[指] 定量 16頭 本賞金:800,320,200,120,80万円",16,800.0,16,6,11,ローガンパス,牡,3,57.0,Ｃデム,88.4,3,6,13.0,39.7,7-8,栗東 奥村豊,496,0,
202408070709,2024-12-21,京都,9,万両賞,芝,1400,右,曇,良,"7回 京都 7日目 サラ系２歳 １勝クラス       (混)(特指) 馬齢 12頭 本賞金:1070,430,270,160,107万円",12,1070.0,1,5,5,ライラ,牝,2,55.0,幸,81.7,,7,23.5,34.0,1-1,美浦 牧,464,6,
202408070709,2024-12-21,京都,9,万両賞,芝,1400,右,曇,良,"7回 京都 7日目 サラ系２歳 １勝クラス       (混)(特指) 馬齢 12頭 本賞金:1070,430,270,160,107万円",12,1070.0,2,8,11,ヤンキーバローズ,牡,2,56.0,ルメー,82.0,1.1/2,1,1.6,33.8,9-8,栗東 上村,476,4,
202408070709,2024-12-21,京都,9,万両賞,芝,1400,右,曇,良,"7回 京都 7日目 サラ系２歳 １勝クラス       (混)(特指) 馬齢 12頭 本賞金:1070,430,270,160,107万円",12,1070.0,3,1,1,フードマン,牡,2,56.0,松山,82.0,クビ,3,7.2,34.1,3-3,栗東 小栗,466,0,
202408070709,2024-12-21,京都,9,万両賞,芝,1400,右,曇,良,"7回 京都 7日目 サラ系２歳 １勝クラス       (混)(特指) 馬齢 12頭 本賞金:1070,430,270,160,107万円",12,1070.0,4,5,6,ベルビースタローン,牝,2,55.0,西村淳,82.0,アタマ,4,11.0,34.3,2-2,栗東 西村,490,0,
202408070709,2024-12-21,京都,9,万両賞,芝,1400,右,曇,良,"7回 京都 7日目 サラ系２歳 １勝クラス       (混)(特指) 馬齢 12頭 本賞金:1070,430,270,160,107万円",12,1070.0,5,6,8,ポッドドンナー,牡,2,56.0,吉村,82.3,2,9,50.1,34.1,9-8,栗東 辻野,470,0,
202408070709,2024-12-21,京都,9,万両賞,芝,1400,右,曇,良,"7回 京都 7日目 サラ系２歳 １勝クラス       (混)(特指) 馬齢 12頭 本賞金:1070,430,270,160,107万円",12,1070.0,6,6,7,セルヴァンス,牡,2,56.0,岩田望,82.5,3/4,10,71.4,34.7,3-3,栗東 小椋,436,8,
202408070709,2024-12-21,京都,9,万両賞,芝,1400,右,曇,良,"7回 京都 7日目 サラ系２歳 １勝クラス       (混)(特指) 馬齢 12頭 本賞金:1070,430,270,160,107万円",12,1070.0,7,4,4,レモンバーム,牝,2,55.0,Ｃデム,82.5,ハナ,5,13.9,34.5,7-5,美浦 嘉藤,452,-2,
202408070709,2024-12-21,京都,9,万両賞,芝,1400,右,曇,良,"7回 京都 7日目 サラ系２歳 １勝クラス       (混)(特指) 馬齢 12頭 本賞金:1070,430,270,160,107万円",12,1070.0,8,3,3,インブロリオ,牝,2,55.0,Ｍデム,82.6,1,2,5.8,34.6,5-5,栗東 吉村,478,-6,
202408070709,2024-12-21,京都,9,万両賞,芝,1400,右,曇,良,"7回 京都 7日目 サラ系２歳 １勝クラス       (混)(特指) 馬齢 12頭 本賞金:1070,430,270,160,107万円",12,1070.0,9,8,12,ヒラボクカレラ,牡,2,56.0,ムーア,82.6,ハナ,6,14.1,34.1,11-11,栗東 奥村豊,468,-10,
202408070709,2024-12-21,京都,9,万両賞,芝,1400,右,曇,良,"7回 京都 7日目 サラ系２歳 １勝クラス       (混)(特指) 馬齢 12頭 本賞金:1070,430,270,160,107万円",12,1070.0,10,7,10,サニーサルサ,牝,2,55.0,永島,83.1,2.1/2,11,129.8,35.1,5-7,栗東 高橋康,460,0,
202408070709,2024-12-21,京都,9,万両賞,芝,1400,右,曇,良,"7回 京都 7日目 サラ系２歳 １勝クラス       (混)(特指) 馬齢 12頭 本賞金:1070,430,270,160,107万円",12,1070.0,11,2,2,メイプルギン,牡,2,56.0,渡辺竜,83.3,1.1/2,12,430.7,35.1,7-8,地方 伊藤強,424,4,
202408070709,2024-12-21,京都,9,万両賞,芝,1400,右,曇,良,"7回 京都 7日目 サラ系２歳 １勝クラス       (混)(特指) 馬齢 12頭 本賞金:1070,430,270,160,107万円",12,1070.0,12,7,9,フクシマコウヨウ,牝,2,55.0,吉田隼,83.4,クビ,8,47.9,35.0,11-11,美浦 小島,430,0,
202408070710,2024-12-21,京都,10,御陵S,ダ,1800,右,曇,良,"7回 京都 7日目 サラ系３歳以上 ３勝クラス       (混)[指] ハンデ 16頭 本賞金:1840,740,460,280,184万円",16,1840.0,1,1,1,モンブランミノル,牡,3,56.0,松山,112.4,,1,2.2,36.1,6-5-6-6,栗東 小栗,492,0,
202408070710,2024-12-21,京都,10,御陵S,ダ,1800,右,曇,良,"7回 京都 7日目 サラ系３歳以上 ３勝クラス       (混)[指] ハンデ 16頭 本賞金:1840,740,460,280,184万円",16,1840.0,2,7,13,マーブルロック,牡,4,55.0,田口,112.5,クビ,11,46.4,36.7,1-1-1-1,栗東 西園正,512,0,
202408070710,2024-12-21,京都,10,御陵S,ダ,1800,右,曇,良,"7回 京都 7日目 サラ系３歳以上 ３勝クラス       (混)[指] ハンデ 16頭 本賞金:1840,740,460,280,184万円",16,1840.0,3,8,15,ルシュヴァルドール,牡,3,56.0,坂井,112.5,ハナ,2,3.0,35.9,9-10-8-8,栗東 矢作,528,2,
202408070710,2024-12-21,京都,10,御陵S,ダ,1800,右,曇,良,"7回 京都 7日目 サラ系３歳以上 ３勝クラス       (混)[指] ハンデ 16頭 本賞金:1840,740,460,280,184万円",16,1840.0,4,3,5,メイプルタピット,牡,3,55.0,渡辺竜,112.9,2.1/2,5,14.5,36.1,11-11-11-11,美浦 南田,506,4,
202408070710,2024-12-21,京都,10,御陵S,ダ,1800,右,曇,良,"7回 京都 7日目 サラ系３歳以上 ３勝クラス       (混)[指] ハンデ 16頭 本賞金:1840,740,460,280,184万円",16,1840.0,5,2,3,アオイイーグル,牡,4,56.0,岩田望,113.1,1,4,12.9,36.4,9-9-10-9,栗東 大久保,498,0,
202408070710,2024-12-21,京都,10,御陵S,ダ,1800,右,曇,良,"7回 京都 7日目 サラ系３歳以上 ３勝クラス       (混)[指] ハンデ 16頭 本賞金:1840,740,460,280,184万円",16,1840.0,6,7,14,ロードトラスト,セ,4,56.0,西村淳,113.3,1.1/4,7,28.7,37.4,2-2-2-2,栗東 長谷川,498,-2,
202408070710,2024-12-21,京都,10,御陵S,ダ,1800,右,曇,良,"7回 京都 7日目 サラ系３歳以上 ３勝クラス       (混)[指] ハンデ 16頭 本賞金:1840,740,460,280,184万円",16,1840.0,7,5,9,キュールエフウジン,牡,5,56.0,藤岡佑,113.4,クビ,10,41.7,36.3,16-16-15-15,栗東 中尾,492,0,
202408070710,2024-12-21,京都,10,御陵S,ダ,1800,右,曇,良,"7回 京都 7日目 サラ系３歳以上 ３勝クラス       (混)[指] ハンデ 16頭 本賞金:1840,740,460,280,184万円",16,1840.0,8,6,12,リバートゥルー,牝,4,53.0,吉田隼,113.8,2.1/2,9,38.9,36.7,13-14-15-15,美浦 久保田,452,-8,
202408070710,2024-12-21,京都,10,御陵S,ダ,1800,右,曇,良,"7回 京都 7日目 サラ系３歳以上 ３勝クラス       (混)[指] ハンデ 16頭 本賞金:1840,740,460,280,184万円",16,1840.0,9,6,11,ヴィンテージボンド,牡,5,56.0,Ｃデム,113.9,3/4,3,8.6,37.5,6-7-6-6,栗東 西園正,496,6,
202408070710,2024-12-21,京都,10,御陵S,ダ,1800,右,曇,良,"7回 京都 7日目 サラ系３歳以上 ３勝クラス       (混)[指] ハンデ 16頭 本賞金:1840,740,460,280,184万円",16,1840.0,10,8,16,レッドプロフェシー,牡,4,56.0,幸,114.0,3/4,6,24.1,37.9,5-5-3-3,栗東 大久保,486,2,
202408070710,2024-12-21,京都,10,御陵S,ダ,1800,右,曇,良,"7回 京都 7日目 サラ系３歳以上 ３勝クラス       (混)[指] ハンデ 16頭 本賞金:1840,740,460,280,184万円",16,1840.0,11,4,8,サンライズパスカル,牡,4,56.0,高杉,114.2,1,12,69.1,38.0,3-4-3-3,栗東 石坂,544,6,
202408070710,2024-12-21,京都,10,御陵S,ダ,1800,右,曇,良,"7回 京都 7日目 サラ系３歳以上 ３勝クラス       (混)[指] ハンデ 16頭 本賞金:1840,740,460,280,184万円",16,1840.0,12,3,6,バリアントバイオ,牡,4,56.0,鮫島駿,114.4,1.1/4,13,99.1,37.5,13-13-11-11,栗東 今野,536,4,
202408070710,2024-12-21,京都,10,御陵S,ダ,1800,右,曇,良,"7回 京都 7日目 サラ系３歳以上 ３勝クラス       (混)[指] ハンデ 16頭 本賞金:1840,740,460,280,184万円",16,1840.0,13,5,10,ラップスター,牡,4,55.0,北村友,114.7,1.3/4,14,101.4,38.1,6-7-8-9,栗東 森秀,530,10,
202408070710,2024-12-21,京都,10,御陵S,ダ,1800,右,曇,良,"7回 京都 7日目 サラ系３歳以上 ３勝クラス       (混)[指] ハンデ 16頭 本賞金:1840,740,460,280,184万円",16,1840.0,14,2,4,レディーシス,牝,5,52.0,小崎,114.7,クビ,16,406.4,37.8,15-15-11-11,栗東 小崎,434,-4,
202408070710,2024-12-21,京都,10,御陵S,ダ,1800,右,曇,良,"7回 京都 7日目 サラ系３歳以上 ３勝クラス       (混)[指] ハンデ 16頭 本賞金:1840,740,460,280,184万円",16,1840.0,15,4,7,ニホンピロハーバー,牡,6,55.0,菱田,115.9,7,15,209.7,39.0,11-12-11-11,栗東 安達,502,2,
202408070710,2024-12-21,京都,10,御陵S,ダ,1800,右,曇,良,"7回 京都 7日目 サラ系３歳以上 ３勝クラス       (混)[指] ハンデ 16頭 本賞金:1840,740,460,280,184万円",16,1840.0,16,1,2,カネトシブルーム,牡,5,56.0,ムーア,116.8,5,8,34.6,40.7,3-3-3-3,栗東 大橋,512,-4,
202408070711,2024-12-21,京都,11,阪神カップ,芝,1400,右,曇,良,"7回 京都 7日目 サラ系３歳以上 オープン       (国際)(特指) 定量 18頭 本賞金:6700,2700,1700,1000,670万円",18,6700.0,1,8,16,ナムラクレア,牝,5,56.0,ルメー,80.1,,1,3.7,33.3,12-13,栗東 長谷川,480,8,
202408070711,2024-12-21,京都,11,阪神カップ,芝,1400,右,曇,良,"7回 京都 7日目 サラ系３歳以上 オープン       (国際)(特指) 定量 18頭 本賞金:6700,2700,1700,1000,670万円",18,6700.0,2,6,11,マッドクール,牡,5,58.0,坂井,80.2,1/2,6,11.5,34.2,3-3,栗東 池添,542,2,
202408070711,2024-12-21,京都,11,阪神カップ,芝,1400,右,曇,良,"7回 京都 7日目 サラ系３歳以上 オープン       (国際)(特指) 定量 18頭 本賞金:6700,2700,1700,1000,670万円",18,6700.0,3,7,14,オフトレイル,牡,3,57.0,菱田裕,80.3,3/4,9,24.0,33.2,16-15,栗東 吉村,454,6,
202408070711,2024-12-21,京都,11,阪神カップ,芝,1400,右,曇,良,"7回 京都 7日目 サラ系３歳以上 オープン       (国際)(特指) 定量 18頭 本賞金:6700,2700,1700,1000,670万円",18,6700.0,4,2,3,セリフォス,牡,5,58.0,ムーア,80.3,クビ,3,5.5,33.5,14-13,栗東 中内田,502,12,
202408070711,2024-12-21,京都,11,阪神カップ,芝,1400,右,曇,良,"7回 京都 7日目 サラ系３歳以上 オープン       (国際)(特指) 定量 18頭 本賞金:6700,2700,1700,1000,670万円",18,6700.0,5,7,15,ママコチャ,牝,5,56.0,川田,80.3,ハナ,4,7.0,34.1,4-4,栗東 池江,496,-2,
202408070711,2024-12-21,京都,11,阪神カップ,芝,1400,右,曇,良,"7回 京都 7日目 サラ系３歳以上 オープン       (国際)(特指) 定量 18頭 本賞金:6700,2700,1700,1000,670万円",18,6700.0,6,1,1,ソーダズリング,牝,4,56.0,鮫島駿,80.4,アタマ,11,34.0,33.6,12-11,栗東 音無,478,6,
202408070711,2024-12-21,京都,11,阪神カップ,芝,1400,右,曇,良,"7回 京都 7日目 サラ系３歳以上 オープン       (国際)(特指) 定量 18頭 本賞金:6700,2700,1700,1000,670万円",18,6700.0,7,3,5,トゥラヴェスーラ,牡,9,58.0,藤岡佑,80.4,ハナ,12,79.7,33.8,6-6,栗東 高橋康,484,4,
202408070711,2024-12-21,京都,11,阪神カップ,芝,1400,右,曇,良,"7回 京都 7日目 サラ系３歳以上 オープン       (国際)(特指) 定量 18頭 本賞金:6700,2700,1700,1000,670万円",18,6700.0,8,6,12,ウインマーベル,牡,5,58.0,松山,80.5,1,2,5.3,34.1,6-6,美浦 深山,484,8,
202408070711,2024-12-21,京都,11,阪神カップ,芝,1400,右,曇,良,"7回 京都 7日目 サラ系３歳以上 オープン       (国際)(特指) 定量 18頭 本賞金:6700,2700,1700,1000,670万円",18,6700.0,9,4,7,アサカラキング,牡,4,58.0,斎藤,80.5,ハナ,8,23.2,34.8,1-1,美浦 斎藤誠,524,-4,
202408070711,2024-12-21,京都,11,阪神カップ,芝,1400,右,曇,良,"7回 京都 7日目 サラ系３歳以上 オープン       (国際)(特指) 定量 18頭 本賞金:6700,2700,1700,1000,670万円",18,6700.0,10,1,2,ダノンスコーピオン,牡,5,58.0,団野,80.6,アタマ,14,120.4,33.9,9-11,栗東 福永,468,4,
202408070711,2024-12-21,京都,11,阪神カップ,芝,1400,右,曇,良,"7回 京都 7日目 サラ系３歳以上 オープン       (国際)(特指) 定量 18頭 本賞金:6700,2700,1700,1000,670万円",18,6700.0,11,7,13,ダノンマッキンリー,牡,3,57.0,Ｃデム,80.6,クビ,5,8.1,34.0,9-9,栗東 藤原,472,8,
202408070711,2024-12-21,京都,11,阪神カップ,芝,1400,右,曇,良,"7回 京都 7日目 サラ系３歳以上 オープン       (国際)(特指) 定量 18頭 本賞金:6700,2700,1700,1000,670万円",18,6700.0,12,5,10,シャンパンカラー,牡,4,58.0,西村淳,80.7,クビ,17,166.1,34.2,6-6,美浦 田中剛,510,2,
202408070711,2024-12-21,京都,11,阪神カップ,芝,1400,右,曇,良,"7回 京都 7日目 サラ系３歳以上 オープン       (国際)(特指) 定量 18頭 本賞金:6700,2700,1700,1000,670万円",18,6700.0,13,5,9,エイシンスポッター,牡,5,58.0,角田和,80.7,クビ,16,141.8,33.7,14-15,栗東 吉村,508,6,
202408070711,2024-12-21,京都,11,阪神カップ,芝,1400,右,曇,良,"7回 京都 7日目 サラ系３歳以上 オープン       (国際)(特指) 定量 18頭 本賞金:6700,2700,1700,1000,670万円",18,6700.0,14,4,8,マテンロウオリオン,牡,5,58.0,横山典,80.9,1.1/4,18,168.5,32.7,18-18,栗東 昆,488,16,
202408070711,2024-12-21,京都,11,阪神カップ,芝,1400,右,曇,良,"7回 京都 7日目 サラ系３歳以上 オープン       (国際)(特指) 定量 18頭 本賞金:6700,2700,1700,1000,670万円",18,6700.0,15,2,4,モズメイメイ,牝,4,56.0,浜中,80.9,ハナ,15,129.6,33.8,16-15,栗東 音無,474,8,
202408070711,2024-12-21,京都,11,阪神カップ,芝,1400,右,曇,良,"7回 京都 7日目 サラ系３歳以上 オープン       (国際)(特指) 定量 18頭 本賞金:6700,2700,1700,1000,670万円",18,6700.0,16,8,17,レッドモンレーヴ,牡,5,58.0,岩田望,81.0,クビ,10,30.9,34.4,9-9,美浦 蛯名正,506,-8,
202408070711,2024-12-21,京都,11,阪神カップ,芝,1400,右,曇,良,"7回 京都 7日目 サラ系３歳以上 オープン       (国際)(特指) 定量 18頭 本賞金:6700,2700,1700,1000,670万円",18,6700.0,17,3,6,ウイングレイテスト,牡,7,58.0,松岡,81.1,1/2,7,16.1,34.8,4-4,美浦 畠山,512,2,
202408070711,2024-12-21,京都,11,阪神カップ,芝,1400,右,曇,良,"7回 京都 7日目 サラ系３歳以上 オープン       (国際)(特指) 定量 18頭 本賞金:6700,2700,1700,1000,670万円",18,6700.0,18,8,18,エトヴプレ,牝,3,55.0,Ｍデム,81.6,3,13,79.8,35.9,2-2,栗東 藤岡,460,-16,
202408070712,2024-12-21,京都,12,3歳以上2勝クラス,芝,1800,右,曇,良,"7回 京都 7日目 サラ系３歳以上 ２勝クラス       牝[指] 定量 13頭 本賞金:1140,460,290,170,114万円",13,1140.0,1,7,10,サフィラ,牝,3,55.0,Ｃデム,106.7,,1,2.4,33.9,1-1,栗東 池添,464,-2,
202408070712,2024-12-21,京都,12,3歳以上2勝クラス,芝,1800,右,曇,良,"7回 京都 7日目 サラ系３歳以上 ２勝クラス       牝[指] 定量 13頭 本賞金:1140,460,290,170,114万円",13,1140.0,2,7,11,ヴィゴラスダンサー,牝,5,55.0,☆田口,107.2,3,5,19.8,34.3,2-2,栗東 友道,454,0,
202408070712,2024-12-21,京都,12,3歳以上2勝クラス,芝,1800,右,曇,良,"7回 京都 7日目 サラ系３歳以上 ２勝クラス       牝[指] 定量 13頭 本賞金:1140,460,290,170,114万円",13,1140.0,3,8,13,リラボニート,牝,3,55.0,浜中,107.2,アタマ,2,3.0,34.1,6-3,栗東 須貝,462,-4,
202408070712,2024-12-21,京都,12,3歳以上2勝クラス,芝,1800,右,曇,良,"7回 京都 7日目 サラ系３歳以上 ２勝クラス       牝[指] 定量 13頭 本賞金:1140,460,290,170,114万円",13,1140.0,4,5,7,ムガ,牝,5,56.0,小崎,107.4,1,6,21.3,33.6,10-10,栗東 高橋一,466,2,
202408070712,2024-12-21,京都,12,3歳以上2勝クラス,芝,1800,右,曇,良,"7回 京都 7日目 サラ系３歳以上 ２勝クラス       牝[指] 定量 13頭 本賞金:1140,460,290,170,114万円",13,1140.0,5,2,2,ピクシレーション,牝,4,56.0,横山典,107.4,アタマ,8,31.7,33.5,10-11,美浦 菊沢,478,0,
202408070712,2024-12-21,京都,12,3歳以上2勝クラス,芝,1800,右,曇,良,"7回 京都 7日目 サラ系３歳以上 ２勝クラス       牝[指] 定量 13頭 本賞金:1140,460,290,170,114万円",13,1140.0,6,5,6,エメリヨン,牝,4,56.0,松山,107.4,ハナ,4,13.1,34.4,3-3,美浦 加藤士,464,2,
202408070712,2024-12-21,京都,12,3歳以上2勝クラス,芝,1800,右,曇,良,"7回 京都 7日目 サラ系３歳以上 ２勝クラス       牝[指] 定量 13頭 本賞金:1140,460,290,170,114万円",13,1140.0,7,6,8,ヴァンルーラー,牝,5,54.0,△吉村,107.7,1.3/4,10,108.6,34.6,5-3,栗東 河嶋,462,6,
202408070712,2024-12-21,京都,12,3歳以上2勝クラス,芝,1800,右,曇,良,"7回 京都 7日目 サラ系３歳以上 ２勝クラス       牝[指] 定量 13頭 本賞金:1140,460,290,170,114万円",13,1140.0,8,4,4,アストロフィライト,牝,5,56.0,川田,107.8,1/2,3,4.7,34.3,8-8,栗東 中内田,460,4,
202408070712,2024-12-21,京都,12,3歳以上2勝クラス,芝,1800,右,曇,良,"7回 京都 7日目 サラ系３歳以上 ２勝クラス       牝[指] 定量 13頭 本賞金:1140,460,290,170,114万円",13,1140.0,9,3,3,チュウワモーニング,牝,4,56.0,渡辺竜,107.8,ハナ,13,207.6,33.7,12-13,栗東 小崎,468,14,
202408070712,2024-12-21,京都,12,3歳以上2勝クラス,芝,1800,右,曇,良,"7回 京都 7日目 サラ系３歳以上 ２勝クラス       牝[指] 定量 13頭 本賞金:1140,460,290,170,114万円",13,1140.0,10,6,9,コスモディナー,牝,3,55.0,松岡,108.0,1,11,120.1,34.6,8-8,美浦 伊藤伸,468,-4,
202408070712,2024-12-21,京都,12,3歳以上2勝クラス,芝,1800,右,曇,良,"7回 京都 7日目 サラ系３歳以上 ２勝クラス       牝[指] 定量 13頭 本賞金:1140,460,290,170,114万円",13,1140.0,11,4,5,ベレザニーニャ,牝,4,56.0,坂井,108.0,ハナ,7,21.5,35.0,3-3,栗東 小崎,476,-4,
202408070712,2024-12-21,京都,12,3歳以上2勝クラス,芝,1800,右,曇,良,"7回 京都 7日目 サラ系３歳以上 ２勝クラス       牝[指] 定量 13頭 本賞金:1140,460,290,170,114万円",13,1140.0,12,1,1,マンクスホップ,牝,5,56.0,角田和,108.5,3.1/2,12,181.9,35.2,6-7,栗東 小椋,442,-10,
202408070712,2024-12-21,京都,12,3歳以上2勝クラス,芝,1800,右,曇,良,"7回 京都 7日目 サラ系３歳以上 ２勝クラス       牝[指] 定量 13頭 本賞金:1140,460,290,170,114万円",13,1140.0,13,8,12,ベルシャンブル,牝,4,56.0,北村友,109.3,5,9,51.7,35.3,13-11,栗東 小椋,478,6,
202406050801,2024-12-22,中山,1,2歳未勝利,ダ,1200,右,晴,良,"5回 中山 8日目 サラ系２歳 未勝利       (混)[指] 馬齢 16頭 本賞金:550,220,140,83,55万円",16,550.0,1,8,15,エコロヴァイス,牡,2,56.0,ムーア,72.1,,1,1.8,38.1,1-2,美浦 堀,492,6,
202406050801,2024-12-22,中山,1,2歳未勝利,ダ,1200,右,晴,良,"5回 中山 8日目 サラ系２歳 未勝利       (混)[指] 馬齢 16頭 本賞金:550,220,140,83,55万円",16,550.0,2,2,3,カウスリップ,牝,2,55.0,坂井,72.4,1.3/4,3,4.2,38.3,2-1,美浦 中舘,536,0,
202406050801,2024-12-22,中山,1,2歳未勝利,ダ,1200,右,晴,良,"5回 中山 8日目 サラ系２歳 未勝利       (混)[指] 馬齢 16頭 本賞金:550,220,140,83,55万円",16,550.0,3,3,6,スターランウェイ,牝,2,55.0,Ｃデム,72.5,1/2,2,3.0,38.3,3-3,美浦 斎藤誠,440,4,
202406050801,2024-12-22,中山,1,2歳未勝利,ダ,1200,右,晴,良,"5回 中山 8日目 サラ系２歳 未勝利       (混)[指] 馬齢 16頭 本賞金:550,220,140,83,55万円",16,550.0,4,5,9,マミーブルー,牝,2,52.0,▲佐藤,73.5,6,16,424.2,38.2,10-10,美浦 杉浦,440,-2,
202406050801,2024-12-22,中山,1,2歳未勝利,ダ,1200,右,晴,良,"5回 中山 8日目 サラ系２歳 未勝利       (混)[指] 馬齢 16頭 本賞金:550,220,140,83,55万円",16,550.0,5,7,14,トレヴィーテ,牝,2,55.0,戸崎圭,73.8,2,5,44.4,38.9,8-6,美浦 尾関,422,-4,
202406050801,2024-12-22,中山,1,2歳未勝利,ダ,1200,右,晴,良,"5回 中山 8日目 サラ系２歳 未勝利       (混)[指] 馬齢 16頭 本賞金:550,220,140,83,55万円",16,550.0,6,6,12,ミラクルミッキー,牡,2,56.0,木幡巧,74.0,1,8,90.4,39.6,6-4,美浦 牧,522,2,
202406050801,2024-12-22,中山,1,2歳未勝利,ダ,1200,右,晴,良,"5回 中山 8日目 サラ系２歳 未勝利       (混)[指] 馬齢 16頭 本賞金:550,220,140,83,55万円",16,550.0,7,4,8,タイセイアダマス,牡,2,54.0,△小林脩,74.3,2,12,138.8,38.6,14-12,美浦 伊藤圭,470,4,
202406050801,2024-12-22,中山,1,2歳未勝利,ダ,1200,右,晴,良,"5回 中山 8日目 サラ系２歳 未勝利       (混)[指] 馬齢 16頭 本賞金:550,220,140,83,55万円",16,550.0,8,7,13,バブルギャラクシー,牡,2,56.0,内田博,74.4,1/2,10,95.8,38.8,12-6,美浦 清水英,468,2,
202406050801,2024-12-22,中山,1,2歳未勝利,ダ,1200,右,晴,良,"5回 中山 8日目 サラ系２歳 未勝利       (混)[指] 馬齢 16頭 本賞金:550,220,140,83,55万円",16,550.0,9,4,7,セイウングレイ,牝,2,55.0,池添,74.8,2,7,71.8,39.8,9-10,美浦 竹内,440,0,
202406050801,2024-12-22,中山,1,2歳未勝利,ダ,1200,右,晴,良,"5回 中山 8日目 サラ系２歳 未勝利       (混)[指] 馬齢 16頭 本賞金:550,220,140,83,55万円",16,550.0,10,1,1,フジルバーブ,牝,2,55.0,松岡,74.9,1/2,13,213.4,39.5,10-12,美浦 西田,472,2,
202406050801,2024-12-22,中山,1,2歳未勝利,ダ,1200,右,晴,良,"5回 中山 8日目 サラ系２歳 未勝利       (混)[指] 馬齢 16頭 本賞金:550,220,140,83,55万円",16,550.0,11,6,11,ラブリーウィザード,牝,2,55.0,鮫島駿,75.2,2,6,57.2,39.6,12-14,美浦 小笠,446,-4,
202406050801,2024-12-22,中山,1,2歳未勝利,ダ,1200,右,晴,良,"5回 中山 8日目 サラ系２歳 未勝利       (混)[指] 馬齢 16頭 本賞金:550,220,140,83,55万円",16,550.0,12,2,4,ハクサンミラクル,牡,2,56.0,武藤,75.2,ハナ,9,95.1,40.9,4-5,美浦 武藤,472,8,
202406050801,2024-12-22,中山,1,2歳未勝利,ダ,1200,右,晴,良,"5回 中山 8日目 サラ系２歳 未勝利       (混)[指] 馬齢 16頭 本賞金:550,220,140,83,55万円",16,550.0,13,5,10,ハイタッチマドンナ,牝,2,55.0,嶋田,75.4,3/4,4,33.1,41.1,4-6,美浦 矢嶋,432,8,
202406050801,2024-12-22,中山,1,2歳未勝利,ダ,1200,右,晴,良,"5回 中山 8日目 サラ系２歳 未勝利       (混)[指] 馬齢 16頭 本賞金:550,220,140,83,55万円",16,550.0,14,1,2,アルデココ,牝,2,55.0,石橋脩,75.6,1.1/2,11,106.9,39.5,15-15,美浦 矢野,474,2,
202406050801,2024-12-22,中山,1,2歳未勝利,ダ,1200,右,晴,良,"5回 中山 8日目 サラ系２歳 未勝利       (混)[指] 馬齢 16頭 本賞金:550,220,140,83,55万円",16,550.0,15,3,5,クリスタルテン,牝,2,52.0,▲長浜,75.9,2,14,251.4,41.4,6-6,美浦 水野,434,-22,
202406050801,2024-12-22,中山,1,2歳未勝利,ダ,1200,右,晴,良,"5回 中山 8日目 サラ系２歳 未勝利       (混)[指] 馬齢 16頭 本賞金:550,220,140,83,55万円",16,550.0,16,8,16,アイカチャン,牝,2,52.0,▲石田,76.0,クビ,15,265.3,39.3,16-16,美浦 蛯名利,394,2,
202406050802,2024-12-22,中山,2,2歳未勝利,ダ,1800,右,晴,良,"5回 中山 8日目 サラ系２歳 未勝利       [指] 馬齢 16頭 本賞金:550,220,140,83,55万円",16,550.0,1,6,12,ドーバーブライト,牡,2,56.0,ムーア,117.7,,2,4.6,40.7,12-12-7-7,美浦 西田,510,8,
202406050802,2024-12-22,中山,2,2歳未勝利,ダ,1800,右,晴,良,"5回 中山 8日目 サラ系２歳 未勝利       [指] 馬齢 16頭 本賞金:550,220,140,83,55万円",16,550.0,2,2,4,ブレトワルダ,牡,2,56.0,坂井,117.7,ハナ,1,2.8,41.0,8-8-4-3,美浦 新開,494,2,
202406050802,2024-12-22,中山,2,2歳未勝利,ダ,1800,右,晴,良,"5回 中山 8日目 サラ系２歳 未勝利       [指] 馬齢 16頭 本賞金:550,220,140,83,55万円",16,550.0,3,7,13,シュガーハイ,牡,2,56.0,木幡巧,117.9,3/4,15,131.3,41.7,3-3-2-1,美浦 加藤士,516,10,
202406050802,2024-12-22,中山,2,2歳未勝利,ダ,1800,右,晴,良,"5回 中山 8日目 サラ系２歳 未勝利       [指] 馬齢 16頭 本賞金:550,220,140,83,55万円",16,550.0,4,7,14,チンプンカンプン,牡,2,56.0,柴田大,118.0,1/2,14,123.1,40.7,12-13-11-8,美浦 奥平,478,8,
202406050802,2024-12-22,中山,2,2歳未勝利,ダ,1800,右,晴,良,"5回 中山 8日目 サラ系２歳 未勝利       [指] 馬齢 16頭 本賞金:550,220,140,83,55万円",16,550.0,5,4,8,シュヴァルノワール,牡,2,56.0,北村宏,118.8,5,9,34.7,41.9,5-6-7-8,美浦 嘉藤,506,4,
202406050802,2024-12-22,中山,2,2歳未勝利,ダ,1800,右,晴,良,"5回 中山 8日目 サラ系２歳 未勝利       [指] 馬齢 16頭 本賞金:550,220,140,83,55万円",16,550.0,6,3,6,ロジアヴァンセ,牡,2,56.0,野中,119.0,1,11,70.9,42.1,10-10-7-8,美浦 新開,506,10,
202406050802,2024-12-22,中山,2,2歳未勝利,ダ,1800,右,晴,良,"5回 中山 8日目 サラ系２歳 未勝利       [指] 馬齢 16頭 本賞金:550,220,140,83,55万円",16,550.0,7,4,7,スムースオペレター,牡,2,56.0,藤懸,119.0,ハナ,13,111.6,41.0,16-16-15-15,美浦 岩戸,442,16,
202406050802,2024-12-22,中山,2,2歳未勝利,ダ,1800,右,晴,良,"5回 中山 8日目 サラ系２歳 未勝利       [指] 馬齢 16頭 本賞金:550,220,140,83,55万円",16,550.0,8,8,15,リュウジンマル,牡,2,56.0,江田照,119.1,3/4,12,91.0,42.9,1-1-1-2,美浦 村田,510,0,
202406050802,2024-12-22,中山,2,2歳未勝利,ダ,1800,右,晴,良,"5回 中山 8日目 サラ系２歳 未勝利       [指] 馬齢 16頭 本賞金:550,220,140,83,55万円",16,550.0,9,5,9,ファンタイムギフト,牡,2,56.0,マーカ,119.3,1,3,5.6,42.5,5-6-6-3,美浦 相沢,500,-12,
202406050802,2024-12-22,中山,2,2歳未勝利,ダ,1800,右,晴,良,"5回 中山 8日目 サラ系２歳 未勝利       [指] 馬齢 16頭 本賞金:550,220,140,83,55万円",16,550.0,10,1,1,ベールドインパクト,牡,2,56.0,横山和,119.6,1.3/4,4,6.7,42.1,10-10-13-14,美浦 小島,444,-2,
202406050802,2024-12-22,中山,2,2歳未勝利,ダ,1800,右,晴,良,"5回 中山 8日目 サラ系２歳 未勝利       [指] 馬齢 16頭 本賞金:550,220,140,83,55万円",16,550.0,11,2,3,グレーターバーチュ,牡,2,56.0,戸崎圭,119.8,1,5,10.2,42.4,14-14-13-12,美浦 高柳瑞,500,10,
202406050802,2024-12-22,中山,2,2歳未勝利,ダ,1800,右,晴,良,"5回 中山 8日目 サラ系２歳 未勝利       [指] 馬齢 16頭 本賞金:550,220,140,83,55万円",16,550.0,12,3,5,バトラーズワーフ,牡,2,56.0,鮫島駿,119.9,クビ,10,59.3,43.3,4-4-4-3,美浦 加藤征,462,4,
202406050802,2024-12-22,中山,2,2歳未勝利,ダ,1800,右,晴,良,"5回 中山 8日目 サラ系２歳 未勝利       [指] 馬齢 16頭 本賞金:550,220,140,83,55万円",16,550.0,13,8,16,ガイ,牡,2,56.0,菅原明,120.0,1,6,15.3,43.0,5-5-7-11,美浦 高木,468,12,
202406050802,2024-12-22,中山,2,2歳未勝利,ダ,1800,右,晴,良,"5回 中山 8日目 サラ系２歳 未勝利       [指] 馬齢 16頭 本賞金:550,220,140,83,55万円",16,550.0,14,5,10,レイデアスール,牡,2,56.0,横山武,120.2,1.1/4,7,17.8,41.9,15-15-16-16,美浦 栗田,512,12,
202406050802,2024-12-22,中山,2,2歳未勝利,ダ,1800,右,晴,良,"5回 中山 8日目 サラ系２歳 未勝利       [指] 馬齢 16頭 本賞金:550,220,140,83,55万円",16,550.0,15,1,2,ビリーヴアンドラン,牡,2,56.0,原田和,120.6,2,16,370.7,43.3,8-9-11-12,美浦 蛯名利,494,14,
202406050802,2024-12-22,中山,2,2歳未勝利,ダ,1800,右,晴,良,"5回 中山 8日目 サラ系２歳 未勝利       [指] 馬齢 16頭 本賞金:550,220,140,83,55万円",16,550.0,16,6,11,アルデヤーノ,牡,2,56.0,石橋脩,120.6,クビ,8,25.8,44.4,2-2-2-3,美浦 矢野,478,4,
202406050803,2024-12-22,中山,3,2歳未勝利,芝,1200,右,晴,良,"5回 中山 8日目 サラ系２歳 未勝利       (混)[指] 馬齢 16頭 本賞金:550,220,140,83,55万円",16,550.0,1,8,16,ミクストベリーズ,牡,2,56.0,マーカ,69.8,,2,4.1,35.8,7-8,美浦 伊藤圭,482,2,
202406050803,2024-12-22,中山,3,2歳未勝利,芝,1200,右,晴,良,"5回 中山 8日目 サラ系２歳 未勝利       (混)[指] 馬齢 16頭 本賞金:550,220,140,83,55万円",16,550.0,2,2,3,シルフレイ,牝,2,55.0,横山和,69.9,1/2,4,7.4,36.2,3-3,美浦 千葉,430,-2,
202406050803,2024-12-22,中山,3,2歳未勝利,芝,1200,右,晴,良,"5回 中山 8日目 サラ系２歳 未勝利       (混)[指] 馬齢 16頭 本賞金:550,220,140,83,55万円",16,550.0,3,3,6,ベルリネッタ,牡,2,56.0,菅原明,69.9,ハナ,6,10.3,35.4,14-10,美浦 矢野,506,18,
202406050803,2024-12-22,中山,3,2歳未勝利,芝,1200,右,晴,良,"5回 中山 8日目 サラ系２歳 未勝利       (混)[指] 馬齢 16頭 本賞金:550,220,140,83,55万円",16,550.0,4,8,15,ウインイザナミ,牝,2,55.0,Ｃデム,69.9,クビ,5,9.7,36.1,5-5,美浦 上原博,484,6,
202406050803,2024-12-22,中山,3,2歳未勝利,芝,1200,右,晴,良,"5回 中山 8日目 サラ系２歳 未勝利       (混)[指] 馬齢 16頭 本賞金:550,220,140,83,55万円",16,550.0,5,5,9,ペタルブランシュ,牝,2,55.0,横山典,70.1,1.1/4,8,38.4,35.3,15-14,美浦 村田,406,0,
202406050803,2024-12-22,中山,3,2歳未勝利,芝,1200,右,晴,良,"5回 中山 8日目 サラ系２歳 未勝利       (混)[指] 馬齢 16頭 本賞金:550,220,140,83,55万円",16,550.0,6,1,2,ナンナンプー,牝,2,55.0,戸崎圭,70.1,ハナ,12,52.4,36.1,7-6,美浦 矢嶋,448,2,
202406050803,2024-12-22,中山,3,2歳未勝利,芝,1200,右,晴,良,"5回 中山 8日目 サラ系２歳 未勝利       (混)[指] 馬齢 16頭 本賞金:550,220,140,83,55万円",16,550.0,7,4,8,リケアエスプレッソ,牡,2,56.0,横山武,70.1,ハナ,9,42.7,36.2,7-6,美浦 小野,450,26,
202406050803,2024-12-22,中山,3,2歳未勝利,芝,1200,右,晴,良,"5回 中山 8日目 サラ系２歳 未勝利       (混)[指] 馬齢 16頭 本賞金:550,220,140,83,55万円",16,550.0,8,5,10,アンダーザライト,牡,2,56.0,丸山,70.3,1.1/4,7,22.0,36.1,10-10,美浦 宮田,524,18,
202406050803,2024-12-22,中山,3,2歳未勝利,芝,1200,右,晴,良,"5回 中山 8日目 サラ系２歳 未勝利       (混)[指] 馬齢 16頭 本賞金:550,220,140,83,55万円",16,550.0,9,4,7,ユキノエミリオ,牡,2,56.0,三浦,70.7,2,3,5.6,35.6,16-16,美浦 竹内,436,6,
202406050803,2024-12-22,中山,3,2歳未勝利,芝,1200,右,晴,良,"5回 中山 8日目 サラ系２歳 未勝利       (混)[指] 馬齢 16頭 本賞金:550,220,140,83,55万円",16,550.0,10,6,11,シンガソング,牝,2,55.0,木幡巧,70.8,クビ,10,49.2,37.0,5-8,美浦 土田,422,-2,
202406050803,2024-12-22,中山,3,2歳未勝利,芝,1200,右,晴,良,"5回 中山 8日目 サラ系２歳 未勝利       (混)[指] 馬齢 16頭 本賞金:550,220,140,83,55万円",16,550.0,11,1,1,ソレイケギンチャン,牝,2,51.0,★小林美,70.8,アタマ,11,52.3,37.3,1-1,美浦 天間,430,-2,
202406050803,2024-12-22,中山,3,2歳未勝利,芝,1200,右,晴,良,"5回 中山 8日目 サラ系２歳 未勝利       (混)[指] 馬齢 16頭 本賞金:550,220,140,83,55万円",16,550.0,12,7,13,カウニスミエリ,牝,2,55.0,津村,70.8,ハナ,13,194.6,37.1,3-3,美浦 岩戸,416,0,
202406050803,2024-12-22,中山,3,2歳未勝利,芝,1200,右,晴,良,"5回 中山 8日目 サラ系２歳 未勝利       (混)[指] 馬齢 16頭 本賞金:550,220,140,83,55万円",16,550.0,13,3,5,ブルーフラット,牝,2,52.0,▲長浜,70.8,クビ,15,247.6,36.4,11-14,美浦 蛯名利,442,-2,
202406050803,2024-12-22,中山,3,2歳未勝利,芝,1200,右,晴,良,"5回 中山 8日目 サラ系２歳 未勝利       (混)[指] 馬齢 16頭 本賞金:550,220,140,83,55万円",16,550.0,14,6,12,ハッピーダンシング,牝,2,52.0,▲石神道,71.4,3.1/2,14,246.4,37.8,2-2,美浦 和田郎,440,10,
202406050803,2024-12-22,中山,3,2歳未勝利,芝,1200,右,晴,良,"5回 中山 8日目 サラ系２歳 未勝利       (混)[指] 馬齢 16頭 本賞金:550,220,140,83,55万円",16,550.0,15,7,14,ニシノヘリオトロプ,牝,2,52.0,▲佐藤,71.7,1.3/4,16,416.2,37.3,11-13,美浦 杉浦,440,6,
202406050803,2024-12-22,中山,3,2歳未勝利,芝,1200,右,晴,良,"5回 中山 8日目 サラ系２歳 未勝利       (混)[指] 馬齢 16頭 本賞金:550,220,140,83,55万円",16,550.0,16,2,4,タケショウブラボー,牝,2,54.0,☆横山琉,71.9,1.1/2,1,3.0,37.6,11-10,美浦 相沢,424,-2,
202406050804,2024-12-22,中山,4,2歳未勝利,芝,2000,右,晴,良,"5回 中山 8日目 サラ系２歳 未勝利       (混)[指] 馬齢 18頭 本賞金:550,220,140,83,55万円",18,550.0,1,8,18,ロジャリーマイン,牝,2,55.0,川田,121.3,,1,2.4,35.8,17-17-4-2,美浦 久保田,422,-8,
202406050804,2024-12-22,中山,4,2歳未勝利,芝,2000,右,晴,良,"5回 中山 8日目 サラ系２歳 未勝利       (混)[指] 馬齢 18頭 本賞金:550,220,140,83,55万円",18,550.0,2,3,6,カーミングライツ,牡,2,56.0,横山和,121.6,1.1/2,11,175.3,36.1,2-4-4-5,美浦 小島,522,2,
202406050804,2024-12-22,中山,4,2歳未勝利,芝,2000,右,晴,良,"5回 中山 8日目 サラ系２歳 未勝利       (混)[指] 馬齢 18頭 本賞金:550,220,140,83,55万円",18,550.0,3,7,15,ウアーシュプルング,牝,2,55.0,横山武,121.7,1/2,3,6.8,36.3,5-4-3-2,美浦 鹿戸,456,0,
202406050804,2024-12-22,中山,4,2歳未勝利,芝,2000,右,晴,良,"5回 中山 8日目 サラ系２歳 未勝利       (混)[指] 馬齢 18頭 本賞金:550,220,140,83,55万円",18,550.0,4,6,12,イフルジャンス,牡,2,56.0,Ｃデム,121.7,ハナ,7,24.2,35.8,11-11-10-8,美浦 金成,450,0,
202406050804,2024-12-22,中山,4,2歳未勝利,芝,2000,右,晴,良,"5回 中山 8日目 サラ系２歳 未勝利       (混)[指] 馬齢 18頭 本賞金:550,220,140,83,55万円",18,550.0,5,2,4,ヘヴンウィンド,牡,2,56.0,ムーア,121.7,クビ,2,2.7,36.5,1-1-1-1,美浦 黒岩,474,4,
202406050804,2024-12-22,中山,4,2歳未勝利,芝,2000,右,晴,良,"5回 中山 8日目 サラ系２歳 未勝利       (混)[指] 馬齢 18頭 本賞金:550,220,140,83,55万円",18,550.0,6,8,16,マカナ,牝,2,55.0,坂井,121.8,3/4,4,8.7,36.1,10-8-7-5,美浦 伊藤大,454,-2,
202406050804,2024-12-22,中山,4,2歳未勝利,芝,2000,右,晴,良,"5回 中山 8日目 サラ系２歳 未勝利       (混)[指] 馬齢 18頭 本賞金:550,220,140,83,55万円",18,550.0,7,4,8,コア,牡,2,56.0,戸崎圭,122.0,1.1/4,5,12.2,36.7,2-2-2-2,美浦 相沢,488,0,
202406050804,2024-12-22,中山,4,2歳未勝利,芝,2000,右,晴,良,"5回 中山 8日目 サラ系２歳 未勝利       (混)[指] 馬齢 18頭 本賞金:550,220,140,83,55万円",18,550.0,8,1,2,マイネルラファール,牡,2,56.0,丸山,122.4,2,12,239.2,36.7,7-8-7-8,美浦 畠山,466,10,
202406050804,2024-12-22,中山,4,2歳未勝利,芝,2000,右,晴,良,"5回 中山 8日目 サラ系２歳 未勝利       (混)[指] 馬齢 18頭 本賞金:550,220,140,83,55万円",18,550.0,9,5,9,ジュラ,牝,2,55.0,幸,122.5,1/2,8,98.0,36.5,11-11-12-10,美浦 小手川,450,-14,
202406050804,2024-12-22,中山,4,2歳未勝利,芝,2000,右,晴,良,"5回 中山 8日目 サラ系２歳 未勝利       (混)[指] 馬齢 18頭 本賞金:550,220,140,83,55万円",18,550.0,10,1,1,マジックスクロール,牡,2,56.0,嶋田,122.7,1.1/4,10,173.5,37.2,2-2-4-5,美浦 石毛,460,4,
202406050804,2024-12-22,中山,4,2歳未勝利,芝,2000,右,晴,良,"5回 中山 8日目 サラ系２歳 未勝利       (混)[指] 馬齢 18頭 本賞金:550,220,140,83,55万円",18,550.0,11,7,14,ノーブルノワール,牝,2,55.0,石川,122.7,クビ,9,107.2,36.4,14-14-16-14,美浦 林,442,2,
202406050804,2024-12-22,中山,4,2歳未勝利,芝,2000,右,晴,良,"5回 中山 8日目 サラ系２歳 未勝利       (混)[指] 馬齢 18頭 本賞金:550,220,140,83,55万円",18,550.0,12,7,13,ルナティックアイ,牡,2,56.0,江田照,122.7,ハナ,15,302.3,36.6,14-14-13-10,美浦 村田,434,2,
202406050804,2024-12-22,中山,4,2歳未勝利,芝,2000,右,晴,良,"5回 中山 8日目 サラ系２歳 未勝利       (混)[指] 馬齢 18頭 本賞金:550,220,140,83,55万円",18,550.0,13,8,17,アエル,牝,2,55.0,丸田,122.9,3/4,17,362.4,36.7,13-13-13-13,美浦 宗像,466,-4,
202406050804,2024-12-22,中山,4,2歳未勝利,芝,2000,右,晴,良,"5回 中山 8日目 サラ系２歳 未勝利       (混)[指] 馬齢 18頭 本賞金:550,220,140,83,55万円",18,550.0,14,2,3,ムチャスエルテ,牡,2,53.0,▲長浜,123.0,1/2,18,375.5,36.9,8-8-13-16,美浦 手塚,474,0,
202406050804,2024-12-22,中山,4,2歳未勝利,芝,2000,右,晴,良,"5回 中山 8日目 サラ系２歳 未勝利       (混)[指] 馬齢 18頭 本賞金:550,220,140,83,55万円",18,550.0,15,4,7,マイネルボス,牡,2,56.0,マーカ,123.7,4,6,21.2,37.8,5-6-10-14,美浦 伊藤大,432,-4,
202406050804,2024-12-22,中山,4,2歳未勝利,芝,2000,右,晴,良,"5回 中山 8日目 サラ系２歳 未勝利       (混)[指] 馬齢 18頭 本賞金:550,220,140,83,55万円",18,550.0,16,6,11,マイネルライゼン,牡,2,56.0,柴田大,123.8,1,16,355.9,38.1,8-7-7-10,美浦 和田勇,406,2,
202406050804,2024-12-22,中山,4,2歳未勝利,芝,2000,右,晴,良,"5回 中山 8日目 サラ系２歳 未勝利       (混)[指] 馬齢 18頭 本賞金:550,220,140,83,55万円",18,550.0,17,3,5,チャールズテソーロ,牡,2,56.0,木幡巧,124.8,6,14,282.3,38.4,16-16-17-17,美浦 武市,450,6,
202406050804,2024-12-22,中山,4,2歳未勝利,芝,2000,右,晴,良,"5回 中山 8日目 サラ系２歳 未勝利       (混)[指] 馬齢 18頭 本賞金:550,220,140,83,55万円",18,550.0,18,5,10,ナンヨービッグ,牡,2,56.0,鮫島駿,124.8,ハナ,13,265.0,38.1,18-18-18-18,美浦 斎藤誠,562,6,
202406050805,2024-12-22,中山,5,2歳新馬,ダ,1200,右,晴,良,"5回 中山 8日目 サラ系２歳 新馬       [指] 馬齢 16頭 本賞金:720,290,180,110,72万円",16,720.0,1,5,10,シュヴァルボヌール,牝,2,55.0,ルメー,73.2,,1,1.5,37.9,2-2,美浦 加藤征,482,0,
202406050805,2024-12-22,中山,5,2歳新馬,ダ,1200,右,晴,良,"5回 中山 8日目 サラ系２歳 新馬       [指] 馬齢 16頭 本賞金:720,290,180,110,72万円",16,720.0,2,8,16,ダノンメナージュ,牡,2,56.0,横山武,75.0,大,4,13.7,38.7,8-7,美浦 西田,462,0,
202406050805,2024-12-22,中山,5,2歳新馬,ダ,1200,右,晴,良,"5回 中山 8日目 サラ系２歳 新馬       [指] 馬齢 16頭 本賞金:720,290,180,110,72万円",16,720.0,3,3,6,キャラメリー,牝,2,55.0,丸田,75.5,3,11,76.5,40.0,4-4,美浦 佐藤吉,494,0,
202406050805,2024-12-22,中山,5,2歳新馬,ダ,1200,右,晴,良,"5回 中山 8日目 サラ系２歳 新馬       [指] 馬齢 16頭 本賞金:720,290,180,110,72万円",16,720.0,4,6,12,ラヴィーズドリーム,牝,2,55.0,松岡,75.6,3/4,12,98.3,39.8,6-6,美浦 伊藤伸,444,0,
202406050805,2024-12-22,中山,5,2歳新馬,ダ,1200,右,晴,良,"5回 中山 8日目 サラ系２歳 新馬       [指] 馬齢 16頭 本賞金:720,290,180,110,72万円",16,720.0,5,3,5,アラスカフレイバー,牡,2,56.0,木幡育,75.6,ハナ,6,19.1,39.0,11-12,美浦 松永康,502,0,
202406050805,2024-12-22,中山,5,2歳新馬,ダ,1200,右,晴,良,"5回 中山 8日目 サラ系２歳 新馬       [指] 馬齢 16頭 本賞金:720,290,180,110,72万円",16,720.0,6,8,15,ネバーランドリーム,牝,2,51.0,★小林美,75.7,クビ,2,5.6,39.9,6-4,美浦 尾形,418,0,
202406050805,2024-12-22,中山,5,2歳新馬,ダ,1200,右,晴,良,"5回 中山 8日目 サラ系２歳 新馬       [指] 馬齢 16頭 本賞金:720,290,180,110,72万円",16,720.0,7,2,4,マイベストダンサー,牝,2,52.0,▲長浜,75.7,クビ,5,15.5,40.5,2-1,栗東 斉藤崇,480,0,
202406050805,2024-12-22,中山,5,2歳新馬,ダ,1200,右,晴,良,"5回 中山 8日目 サラ系２歳 新馬       [指] 馬齢 16頭 本賞金:720,290,180,110,72万円",16,720.0,8,7,14,マリノライヤ,牝,2,55.0,武藤,76.6,5,13,168.2,40.2,9-7,美浦 水野,426,0,
202406050805,2024-12-22,中山,5,2歳新馬,ダ,1200,右,晴,良,"5回 中山 8日目 サラ系２歳 新馬       [指] 馬齢 16頭 本賞金:720,290,180,110,72万円",16,720.0,9,7,13,フィアマドラータ,牡,2,56.0,戸崎圭,76.6,クビ,8,32.2,40.2,9-10,美浦 池上,452,0,
202406050805,2024-12-22,中山,5,2歳新馬,ダ,1200,右,晴,良,"5回 中山 8日目 サラ系２歳 新馬       [指] 馬齢 16頭 本賞金:720,290,180,110,72万円",16,720.0,10,6,11,アジアート,牝,2,53.0,△小林脩,76.7,クビ,9,47.1,40.1,11-10,美浦 西田,440,0,
202406050805,2024-12-22,中山,5,2歳新馬,ダ,1200,右,晴,良,"5回 中山 8日目 サラ系２歳 新馬       [指] 馬齢 16頭 本賞金:720,290,180,110,72万円",16,720.0,11,1,1,アイドルフェスタ,牝,2,55.0,津村,76.7,クビ,7,29.4,41.5,1-3,美浦 西田,464,0,
202406050805,2024-12-22,中山,5,2歳新馬,ダ,1200,右,晴,良,"5回 中山 8日目 サラ系２歳 新馬       [指] 馬齢 16頭 本賞金:720,290,180,110,72万円",16,720.0,12,2,3,ジーティーウララ,牝,2,52.0,▲佐藤,77.5,5,15,227.5,40.5,13-13,美浦 伊藤伸,430,0,
202406050805,2024-12-22,中山,5,2歳新馬,ダ,1200,右,晴,良,"5回 中山 8日目 サラ系２歳 新馬       [指] 馬齢 16頭 本賞金:720,290,180,110,72万円",16,720.0,13,4,7,タルトポワール,牝,2,55.0,内田博,78.1,3.1/2,10,59.1,42.5,4-9,美浦 清水英,440,0,
202406050805,2024-12-22,中山,5,2歳新馬,ダ,1200,右,晴,良,"5回 中山 8日目 サラ系２歳 新馬       [指] 馬齢 16頭 本賞金:720,290,180,110,72万円",16,720.0,14,4,8,グレーデール,牝,2,55.0,横山和,78.3,1.1/4,3,12.9,41.2,13-15,美浦 嘉藤,476,0,
202406050805,2024-12-22,中山,5,2歳新馬,ダ,1200,右,晴,良,"5回 中山 8日目 サラ系２歳 新馬       [指] 馬齢 16頭 本賞金:720,290,180,110,72万円",16,720.0,15,5,9,アラワレワタル,牝,2,55.0,丸山,79.3,6,14,195.8,41.8,15-14,美浦 根本,408,0,
202406050805,2024-12-22,中山,5,2歳新馬,ダ,1200,右,晴,良,"5回 中山 8日目 サラ系２歳 新馬       [指] 馬齢 16頭 本賞金:720,290,180,110,72万円",16,720.0,,1,2,ハルノウミ,牝,2,55.0,岩部,,,16,244.8,,,美浦 萱野,416,0,中止
202406050806,2024-12-22,中山,6,2歳新馬,芝,1600,右,晴,良,"5回 中山 8日目 サラ系２歳 新馬       (混)[指] 馬齢 15頭 本賞金:720,290,180,110,72万円",15,720.0,1,3,5,ディオデルマーレ,牡,2,56.0,ムーア,96.6,,1,2.1,35.2,4-5-4,美浦 堀,502,0,
202406050806,2024-12-22,中山,6,2歳新馬,芝,1600,右,晴,良,"5回 中山 8日目 サラ系２歳 新馬       (混)[指] 馬齢 15頭 本賞金:720,290,180,110,72万円",15,720.0,2,1,1,ショウナンマリーナ,牝,2,55.0,戸崎圭,96.6,アタマ,6,23.7,35.6,1-1-1,美浦 森一,424,0,
202406050806,2024-12-22,中山,6,2歳新馬,芝,1600,右,晴,良,"5回 中山 8日目 サラ系２歳 新馬       (混)[指] 馬齢 15頭 本賞金:720,290,180,110,72万円",15,720.0,3,2,2,ウインキララ,牝,2,55.0,三浦,96.6,アタマ,3,5.8,35.5,2-2-2,美浦 鹿戸,444,0,
202406050806,2024-12-22,中山,6,2歳新馬,芝,1600,右,晴,良,"5回 中山 8日目 サラ系２歳 新馬       (混)[指] 馬齢 15頭 本賞金:720,290,180,110,72万円",15,720.0,4,6,10,フューチャーファン,牝,2,55.0,石川,96.7,1/2,7,40.6,35.3,7-5-4,美浦 国枝,450,0,
202406050806,2024-12-22,中山,6,2歳新馬,芝,1600,右,晴,良,"5回 中山 8日目 サラ系２歳 新馬       (混)[指] 馬齢 15頭 本賞金:720,290,180,110,72万円",15,720.0,5,5,8,サクラアドリア,牡,2,56.0,マーカ,96.8,1,4,7.4,35.2,4-7-7,美浦 尾関,476,0,
202406050806,2024-12-22,中山,6,2歳新馬,芝,1600,右,晴,良,"5回 中山 8日目 サラ系２歳 新馬       (混)[指] 馬齢 15頭 本賞金:720,290,180,110,72万円",15,720.0,6,8,15,リッキースタイル,牡,2,55.0,☆横山琉,97.0,1,9,51.7,35.7,2-3-3,美浦 水野,474,0,
202406050806,2024-12-22,中山,6,2歳新馬,芝,1600,右,晴,良,"5回 中山 8日目 サラ系２歳 新馬       (混)[指] 馬齢 15頭 本賞金:720,290,180,110,72万円",15,720.0,7,8,14,レガーロカリーノ,牝,2,55.0,ルメー,97.1,3/4,2,3.3,35.4,7-7-8,美浦 菊沢,396,0,
202406050806,2024-12-22,中山,6,2歳新馬,芝,1600,右,晴,良,"5回 中山 8日目 サラ系２歳 新馬       (混)[指] 馬齢 15頭 本賞金:720,290,180,110,72万円",15,720.0,8,3,4,ロイヤルキャピタル,牝,2,55.0,横山武,97.3,1.1/2,8,51.2,36.0,4-3-4,美浦 上原佑,430,0,
202406050806,2024-12-22,中山,6,2歳新馬,芝,1600,右,晴,良,"5回 中山 8日目 サラ系２歳 新馬       (混)[指] 馬齢 15頭 本賞金:720,290,180,110,72万円",15,720.0,9,7,12,バットスティンガー,牡,2,56.0,菅原明,97.4,1/2,5,22.9,35.5,11-10-10,美浦 嘉藤,466,0,
202406050806,2024-12-22,中山,6,2歳新馬,芝,1600,右,晴,良,"5回 中山 8日目 サラ系２歳 新馬       (混)[指] 馬齢 15頭 本賞金:720,290,180,110,72万円",15,720.0,10,5,9,シェーンルスカ,牝,2,55.0,丸田,97.6,1.1/4,14,213.8,35.7,10-10-10,美浦 田村,454,0,
202406050806,2024-12-22,中山,6,2歳新馬,芝,1600,右,晴,良,"5回 中山 8日目 サラ系２歳 新馬       (混)[指] 馬齢 15頭 本賞金:720,290,180,110,72万円",15,720.0,11,4,7,マサユメ,牡,2,56.0,原田和,98.7,7,12,128.6,36.9,9-10-10,美浦 小野,472,0,
202406050806,2024-12-22,中山,6,2歳新馬,芝,1600,右,晴,良,"5回 中山 8日目 サラ系２歳 新馬       (混)[指] 馬齢 15頭 本賞金:720,290,180,110,72万円",15,720.0,12,2,3,ココリハクタク,牡,2,56.0,野中,98.8,クビ,13,206.8,37.2,11-7-8,美浦 古賀,472,0,
202406050806,2024-12-22,中山,6,2歳新馬,芝,1600,右,晴,良,"5回 中山 8日目 サラ系２歳 新馬       (混)[指] 馬齢 15頭 本賞金:720,290,180,110,72万円",15,720.0,13,7,13,ワカギミ,牡,2,56.0,木幡巧,100.0,7,11,118.1,36.7,15-15-13,美浦 佐藤吉,448,0,
202406050806,2024-12-22,中山,6,2歳新馬,芝,1600,右,晴,良,"5回 中山 8日目 サラ系２歳 新馬       (混)[指] 馬齢 15頭 本賞金:720,290,180,110,72万円",15,720.0,14,4,6,ウーレンハウト,牝,2,55.0,黛,100.4,2.1/2,15,226.5,37.5,13-13-14,美浦 深山,444,0,
202406050806,2024-12-22,中山,6,2歳新馬,芝,1600,右,晴,良,"5回 中山 8日目 サラ系２歳 新馬       (混)[指] 馬齢 15頭 本賞金:720,290,180,110,72万円",15,720.0,15,6,11,ポッドソル,牡,2,56.0,吉田豊,101.6,7,10,101.9,38.8,14-13-14,美浦 小野,448,0,
202406050807,2024-12-22,中山,7,3歳以上1勝クラス,ダ,1800,右,晴,良,"5回 中山 8日目 サラ系３歳以上 １勝クラス       (混)[指] 定量 16頭 本賞金:800,320,200,120,80万円",16,800.0,1,4,8,ドバイブルース,牡,3,57.0,Ｃデム,115.1,,2,4.2,39.4,5-5-3-1,美浦 加藤征,512,4,
202406050807,2024-12-22,中山,7,3歳以上1勝クラス,ダ,1800,右,晴,良,"5回 中山 8日目 サラ系３歳以上 １勝クラス       (混)[指] 定量 16頭 本賞金:800,320,200,120,80万円",16,800.0,2,6,11,チザルピーノ,セ,3,57.0,ムーア,115.5,2.1/2,5,6.1,40.0,3-3-2-2,美浦 堀,468,0,
202406050807,2024-12-22,中山,7,3歳以上1勝クラス,ダ,1800,右,晴,良,"5回 中山 8日目 サラ系３歳以上 １勝クラス       (混)[指] 定量 16頭 本賞金:800,320,200,120,80万円",16,800.0,3,5,10,プルナチャンドラ,牡,3,57.0,横山和,115.7,1.1/4,4,5.3,38.6,16-16-16-9,美浦 小野,510,6,
202406050807,2024-12-22,中山,7,3歳以上1勝クラス,ダ,1800,右,晴,良,"5回 中山 8日目 サラ系３歳以上 １勝クラス       (混)[指] 定量 16頭 本賞金:800,320,200,120,80万円",16,800.0,4,5,9,ベルフィーヌ,牝,3,55.0,丸田,116.5,5,10,99.2,40.2,13-13-9-6,美浦 堀内,516,4,
202406050807,2024-12-22,中山,7,3歳以上1勝クラス,ダ,1800,右,晴,良,"5回 中山 8日目 サラ系３歳以上 １勝クラス       (混)[指] 定量 16頭 本賞金:800,320,200,120,80万円",16,800.0,5,3,5,ザロック,セ,3,54.0,▲石神道,116.7,1.1/4,8,51.6,40.6,7-7-7-5,美浦 武井,488,12,
202406050807,2024-12-22,中山,7,3歳以上1勝クラス,ダ,1800,右,晴,良,"5回 中山 8日目 サラ系３歳以上 １勝クラス       (混)[指] 定量 16頭 本賞金:800,320,200,120,80万円",16,800.0,6,2,3,オウケンシルヴァー,牡,3,57.0,原田和,116.9,1,11,135.1,40.3,11-11-14-12,美浦 松永康,500,16,
202406050807,2024-12-22,中山,7,3歳以上1勝クラス,ダ,1800,右,晴,良,"5回 中山 8日目 サラ系３歳以上 １勝クラス       (混)[指] 定量 16頭 本賞金:800,320,200,120,80万円",16,800.0,7,2,4,ダンツティアラ,牡,3,57.0,川田,117.2,2,1,3.4,41.5,3-3-3-4,美浦 蛯名正,486,-6,
202406050807,2024-12-22,中山,7,3歳以上1勝クラス,ダ,1800,右,晴,良,"5回 中山 8日目 サラ系３歳以上 １勝クラス       (混)[指] 定量 16頭 本賞金:800,320,200,120,80万円",16,800.0,8,1,2,デリシュレーヌ,牝,6,56.0,Ｈドイ,117.3,3/4,13,176.1,41.0,10-9-9-8,美浦 高橋文,488,0,
202406050807,2024-12-22,中山,7,3歳以上1勝クラス,ダ,1800,右,晴,良,"5回 中山 8日目 サラ系３歳以上 １勝クラス       (混)[指] 定量 16頭 本賞金:800,320,200,120,80万円",16,800.0,9,3,6,レッドアレグロ,セ,3,57.0,ルメー,117.4,クビ,3,4.3,42.0,2-2-1-2,美浦 木村,456,-12,
202406050807,2024-12-22,中山,7,3歳以上1勝クラス,ダ,1800,右,晴,良,"5回 中山 8日目 サラ系３歳以上 １勝クラス       (混)[指] 定量 16頭 本賞金:800,320,200,120,80万円",16,800.0,10,7,14,ロードインフェルノ,牡,3,57.0,横山武,118.3,5,7,41.5,42.1,12-11-9-9,美浦 尾形,486,14,
202406050807,2024-12-22,中山,7,3歳以上1勝クラス,ダ,1800,右,晴,良,"5回 中山 8日目 サラ系３歳以上 １勝クラス       (混)[指] 定量 16頭 本賞金:800,320,200,120,80万円",16,800.0,11,6,12,プラチナジェット,牝,5,55.0,☆横山琉,119.3,6,16,350.7,42.9,14-13-13-14,美浦 矢嶋,468,12,
202406050807,2024-12-22,中山,7,3歳以上1勝クラス,ダ,1800,右,晴,良,"5回 中山 8日目 サラ系３歳以上 １勝クラス       (混)[指] 定量 16頭 本賞金:800,320,200,120,80万円",16,800.0,12,8,15,ロストボール,セ,5,55.0,▲佐藤,119.6,1.1/2,14,299.2,42.8,15-15-15-15,美浦 加藤和,454,8,
202406050807,2024-12-22,中山,7,3歳以上1勝クラス,ダ,1800,右,晴,良,"5回 中山 8日目 サラ系３歳以上 １勝クラス       (混)[指] 定量 16頭 本賞金:800,320,200,120,80万円",16,800.0,13,8,16,ロクシアス,牡,3,57.0,菅原明,119.6,クビ,9,53.4,43.3,8-9-9-9,美浦 国枝,500,6,
202406050807,2024-12-22,中山,7,3歳以上1勝クラス,ダ,1800,右,晴,良,"5回 中山 8日目 サラ系３歳以上 １勝クラス       (混)[指] 定量 16頭 本賞金:800,320,200,120,80万円",16,800.0,14,4,7,セイロンジェムズ,牡,3,57.0,マーカ,120.3,4,6,23.2,44.2,8-8-7-6,美浦 宮田,484,8,
202406050807,2024-12-22,中山,7,3歳以上1勝クラス,ダ,1800,右,晴,良,"5回 中山 8日目 サラ系３歳以上 １勝クラス       (混)[指] 定量 16頭 本賞金:800,320,200,120,80万円",16,800.0,15,7,13,インオービット,牡,4,58.0,木幡巧,121.4,7,15,345.3,45.5,5-5-6-15,美浦 蛯名利,478,6,
202406050807,2024-12-22,中山,7,3歳以上1勝クラス,ダ,1800,右,晴,良,"5回 中山 8日目 サラ系３歳以上 １勝クラス       (混)[指] 定量 16頭 本賞金:800,320,200,120,80万円",16,800.0,16,1,1,ユイノコキュウ,牡,3,57.0,松岡,121.7,1.1/2,12,163.0,46.0,1-1-3-12,美浦 竹内,476,12,
202406050808,2024-12-22,中山,8,冬至特別,ダ,1200,右,晴,良,"5回 中山 8日目 サラ系３歳以上 ２勝クラス       (混)[指] 定量 16頭 本賞金:1550,620,390,230,155万円",16,1550.0,1,2,4,ロードフロンティア,牡,3,57.0,マーカ,71.6,,7,27.7,37.7,6-6,栗東 松下,462,10,
202406050808,2024-12-22,中山,8,冬至特別,ダ,1200,右,晴,良,"5回 中山 8日目 サラ系３歳以上 ２勝クラス       (混)[指] 定量 16頭 本賞金:1550,620,390,230,155万円",16,1550.0,2,8,15,テセラリアン,牝,3,55.0,石橋脩,71.6,ハナ,12,104.0,37.8,3-3,美浦 鈴木慎,426,-10,
202406050808,2024-12-22,中山,8,冬至特別,ダ,1200,右,晴,良,"5回 中山 8日目 サラ系３歳以上 ２勝クラス       (混)[指] 定量 16頭 本賞金:1550,620,390,230,155万円",16,1550.0,3,8,16,キョウエイカンフ,牡,4,58.0,横山和,71.9,1.3/4,4,5.7,38.1,3-3,美浦 勢司,530,8,
202406050808,2024-12-22,中山,8,冬至特別,ダ,1200,右,晴,良,"5回 中山 8日目 サラ系３歳以上 ２勝クラス       (混)[指] 定量 16頭 本賞金:1550,620,390,230,155万円",16,1550.0,4,5,10,ニシノコニャック,牡,5,58.0,池添,72.2,1.1/2,10,75.2,38.2,7-6,美浦 伊藤大,462,10,
202406050808,2024-12-22,中山,8,冬至特別,ダ,1200,右,晴,良,"5回 中山 8日目 サラ系３歳以上 ２勝クラス       (混)[指] 定量 16頭 本賞金:1550,620,390,230,155万円",16,1550.0,5,3,5,モリノセピア,牡,3,57.0,津村,72.3,1/2,6,13.2,38.6,2-2,美浦 鈴木伸,488,8,
202406050808,2024-12-22,中山,8,冬至特別,ダ,1200,右,晴,良,"5回 中山 8日目 サラ系３歳以上 ２勝クラス       (混)[指] 定量 16頭 本賞金:1550,620,390,230,155万円",16,1550.0,6,4,7,ダノンマカルー,セ,3,57.0,戸崎圭,72.3,ハナ,5,6.3,38.0,10-10,美浦 田中博,528,8,
202406050808,2024-12-22,中山,8,冬至特別,ダ,1200,右,晴,良,"5回 中山 8日目 サラ系３歳以上 ２勝クラス       (混)[指] 定量 16頭 本賞金:1550,620,390,230,155万円",16,1550.0,7,1,1,ロープスピニング,牝,5,56.0,武藤,72.4,1/2,8,53.1,38.6,3-3,美浦 武藤,450,16,
202406050808,2024-12-22,中山,8,冬至特別,ダ,1200,右,晴,良,"5回 中山 8日目 サラ系３歳以上 ２勝クラス       (混)[指] 定量 16頭 本賞金:1550,620,390,230,155万円",16,1550.0,8,7,14,ブルーノート,牡,5,58.0,荻野琢,72.4,ハナ,9,54.7,37.9,11-11,栗東 梅田,500,0,
202406050808,2024-12-22,中山,8,冬至特別,ダ,1200,右,晴,良,"5回 中山 8日目 サラ系３歳以上 ２勝クラス       (混)[指] 定量 16頭 本賞金:1550,620,390,230,155万円",16,1550.0,9,6,12,カンザシ,牝,5,56.0,ルメー,72.4,クビ,1,3.4,37.5,14-14,美浦 蛯名正,500,-8,
202406050808,2024-12-22,中山,8,冬至特別,ダ,1200,右,晴,良,"5回 中山 8日目 サラ系３歳以上 ２勝クラス       (混)[指] 定量 16頭 本賞金:1550,620,390,230,155万円",16,1550.0,10,3,6,ファミリークレスト,牝,5,56.0,Ｈドイ,72.5,クビ,14,145.7,37.2,16-16,美浦 和田勇,440,-10,
202406050808,2024-12-22,中山,8,冬至特別,ダ,1200,右,晴,良,"5回 中山 8日目 サラ系３歳以上 ２勝クラス       (混)[指] 定量 16頭 本賞金:1550,620,390,230,155万円",16,1550.0,11,7,13,スマイルアップ,牝,5,56.0,内田博,72.5,クビ,15,194.7,38.5,7-8,美浦 萱野,462,2,
202406050808,2024-12-22,中山,8,冬至特別,ダ,1200,右,晴,良,"5回 中山 8日目 サラ系３歳以上 ２勝クラス       (混)[指] 定量 16頭 本賞金:1550,620,390,230,155万円",16,1550.0,12,6,11,サトノガレオン,牡,4,58.0,ムーア,72.7,3/4,3,5.7,38.1,11-11,美浦 堀,536,10,
202406050808,2024-12-22,中山,8,冬至特別,ダ,1200,右,晴,良,"5回 中山 8日目 サラ系３歳以上 ２勝クラス       (混)[指] 定量 16頭 本賞金:1550,620,390,230,155万円",16,1550.0,13,4,8,レディアス,牝,4,56.0,丸田,72.8,3/4,13,141.7,37.9,14-15,美浦 鈴木慎,454,2,
202406050808,2024-12-22,中山,8,冬至特別,ダ,1200,右,晴,良,"5回 中山 8日目 サラ系３歳以上 ２勝クラス       (混)[指] 定量 16頭 本賞金:1550,620,390,230,155万円",16,1550.0,14,1,2,シュバルツガイスト,牡,4,58.0,北村宏,73.0,3/4,11,99.0,38.4,11-11,美浦 国枝,508,12,
202406050808,2024-12-22,中山,8,冬至特別,ダ,1200,右,晴,良,"5回 中山 8日目 サラ系３歳以上 ２勝クラス       (混)[指] 定量 16頭 本賞金:1550,620,390,230,155万円",16,1550.0,15,5,9,フラッシュアーク,牝,5,56.0,菊沢,73.1,3/4,16,328.9,39.0,9-8,美浦 青木,478,6,
202406050808,2024-12-22,中山,8,冬至特別,ダ,1200,右,晴,良,"5回 中山 8日目 サラ系３歳以上 ２勝クラス       (混)[指] 定量 16頭 本賞金:1550,620,390,230,155万円",16,1550.0,16,2,3,ミライテーラー,牝,3,55.0,松山,73.8,4,2,4.0,40.2,1-1,栗東 緒方,472,6,
202406050809,2024-12-22,中山,9,グッドラックHC,芝,2500,右,晴,良,"5回 中山 8日目 サラ系３歳以上 ２勝クラス       (混)[指] ハンデ 16頭 本賞金:1550,620,390,230,155万円",16,1550.0,1,8,16,スティンガーグラス,牡,3,56.0,ルメー,152.2,,1,2.5,35.7,8-8-7-5,美浦 木村,470,2,
202406050809,2024-12-22,中山,9,グッドラックHC,芝,2500,右,晴,良,"5回 中山 8日目 サラ系３歳以上 ２勝クラス       (混)[指] ハンデ 16頭 本賞金:1550,620,390,230,155万円",16,1550.0,2,3,5,サンライズソレイユ,牡,3,55.0,坂井,152.5,1.3/4,3,6.6,36.3,10-10-4-2,栗東 矢作,516,4,
202406050809,2024-12-22,中山,9,グッドラックHC,芝,2500,右,晴,良,"5回 中山 8日目 サラ系３歳以上 ２勝クラス       (混)[指] ハンデ 16頭 本賞金:1550,620,390,230,155万円",16,1550.0,3,2,3,アバンデル,牡,3,55.0,松山,152.6,3/4,4,6.9,35.5,10-11-11-10,美浦 金成,448,2,
202406050809,2024-12-22,中山,9,グッドラックHC,芝,2500,右,晴,良,"5回 中山 8日目 サラ系３歳以上 ２勝クラス       (混)[指] ハンデ 16頭 本賞金:1550,620,390,230,155万円",16,1550.0,4,8,15,ハイラント,牡,3,54.0,北村宏,153.4,5,14,82.5,36.5,5-6-9-11,美浦 伊藤大,452,8,
202406050809,2024-12-22,中山,9,グッドラックHC,芝,2500,右,晴,良,"5回 中山 8日目 サラ系３歳以上 ２勝クラス       (混)[指] ハンデ 16頭 本賞金:1550,620,390,230,155万円",16,1550.0,5,3,6,スピーディブレイク,牡,4,55.0,マーカ,153.6,1,6,14.2,36.2,12-13-13-12,美浦 村田,456,10,
202406050809,2024-12-22,中山,9,グッドラックHC,芝,2500,右,晴,良,"5回 中山 8日目 サラ系３歳以上 ２勝クラス       (混)[指] ハンデ 16頭 本賞金:1550,620,390,230,155万円",16,1550.0,6,6,12,アイザックバローズ,牡,4,57.0,川田,153.6,クビ,2,5.0,36.8,8-9-9-8,栗東 友道,478,4,
202406050809,2024-12-22,中山,9,グッドラックHC,芝,2500,右,晴,良,"5回 中山 8日目 サラ系３歳以上 ２勝クラス       (混)[指] ハンデ 16頭 本賞金:1550,620,390,230,155万円",16,1550.0,7,4,8,ウインマイルート,牡,5,56.0,Ｈドイ,154.0,2,8,30.5,37.3,5-6-8-8,美浦 鈴木慎,460,10,
202406050809,2024-12-22,中山,9,グッドラックHC,芝,2500,右,晴,良,"5回 中山 8日目 サラ系３歳以上 ２勝クラス       (混)[指] ハンデ 16頭 本賞金:1550,620,390,230,155万円",16,1550.0,8,5,10,フロムナウオン,牡,4,55.0,横山武,154.4,2.1/2,10,50.9,38.0,5-5-6-7,美浦 手塚,550,10,
202406050809,2024-12-22,中山,9,グッドラックHC,芝,2500,右,晴,良,"5回 中山 8日目 サラ系３歳以上 ２勝クラス       (混)[指] ハンデ 16頭 本賞金:1550,620,390,230,155万円",16,1550.0,9,7,13,ノーブルクライ,牡,4,56.0,石橋脩,154.5,クビ,9,47.7,37.4,12-12-11-12,美浦 田村,506,-2,
202406050809,2024-12-22,中山,9,グッドラックHC,芝,2500,右,晴,良,"5回 中山 8日目 サラ系３歳以上 ２勝クラス       (混)[指] ハンデ 16頭 本賞金:1550,620,390,230,155万円",16,1550.0,10,2,4,プレイリードリーム,牡,8,56.0,幸,154.5,クビ,11,54.9,38.3,3-3-4-5,栗東 安達,474,2,
202406050809,2024-12-22,中山,9,グッドラックHC,芝,2500,右,晴,良,"5回 中山 8日目 サラ系３歳以上 ２勝クラス       (混)[指] ハンデ 16頭 本賞金:1550,620,390,230,155万円",16,1550.0,11,1,2,グランアルティスタ,牡,3,55.0,菅原明,154.5,ハナ,5,10.9,38.6,1-1-2-2,栗東 寺島,520,-2,
202406050809,2024-12-22,中山,9,グッドラックHC,芝,2500,右,晴,良,"5回 中山 8日目 サラ系３歳以上 ２勝クラス       (混)[指] ハンデ 16頭 本賞金:1550,620,390,230,155万円",16,1550.0,12,7,14,オリエンタルナイト,牡,3,54.0,戸崎圭,155.0,3,16,124.6,37.7,14-14-13-12,栗東 寺島,528,8,
202406050809,2024-12-22,中山,9,グッドラックHC,芝,2500,右,晴,良,"5回 中山 8日目 サラ系３歳以上 ２勝クラス       (混)[指] ハンデ 16頭 本賞金:1550,620,390,230,155万円",16,1550.0,13,4,7,カナオールウェイズ,牡,4,54.0,Ｃデム,155.5,2.1/2,7,18.5,39.7,2-2-1-1,栗東 藤岡,510,10,
202406050809,2024-12-22,中山,9,グッドラックHC,芝,2500,右,晴,良,"5回 中山 8日目 サラ系３歳以上 ２勝クラス       (混)[指] ハンデ 16頭 本賞金:1550,620,390,230,155万円",16,1550.0,14,5,9,シュブリーム,牡,8,54.0,津村,155.8,2,15,92.9,39.8,3-3-2-2,美浦 大和田,486,-6,
202406050809,2024-12-22,中山,9,グッドラックHC,芝,2500,右,晴,良,"5回 中山 8日目 サラ系３歳以上 ２勝クラス       (混)[指] ハンデ 16頭 本賞金:1550,620,390,230,155万円",16,1550.0,15,6,11,ホウオウサンデー,牡,6,56.0,横山和,156.2,2.1/2,12,68.0,37.9,16-16-16-16,美浦 奥村武,468,-4,
202406050809,2024-12-22,中山,9,グッドラックHC,芝,2500,右,晴,良,"5回 中山 8日目 サラ系３歳以上 ２勝クラス       (混)[指] ハンデ 16頭 本賞金:1550,620,390,230,155万円",16,1550.0,16,1,1,スズノマーベリック,セ,5,55.0,藤懸,156.2,1/2,13,73.6,38.6,15-15-15-15,栗東 石坂,470,2,
202406050810,2024-12-22,中山,10,オルフェーヴルC,芝,1600,右,晴,良,"5回 中山 8日目 サラ系３歳以上 ２勝クラス       (混)[指] 定量 16頭 本賞金:1550,620,390,230,155万円",16,1550.0,1,7,14,ピックアチェリー,牝,3,55.0,横山武,93.4,,1,3.1,34.7,10-11-10,美浦 和田郎,440,-2,
202406050810,2024-12-22,中山,10,オルフェーヴルC,芝,1600,右,晴,良,"5回 中山 8日目 サラ系３歳以上 ２勝クラス       (混)[指] 定量 16頭 本賞金:1550,620,390,230,155万円",16,1550.0,2,2,3,ウインレイアー,牝,4,56.0,Ｈドイ,93.6,1,7,13.6,35.5,3-3-4,美浦 和田雄,456,0,
202406050810,2024-12-22,中山,10,オルフェーヴルC,芝,1600,右,晴,良,"5回 中山 8日目 サラ系３歳以上 ２勝クラス       (混)[指] 定量 16頭 本賞金:1550,620,390,230,155万円",16,1550.0,3,5,9,ツルマウカタチ,牡,3,57.0,丸山,93.7,1,4,7.1,34.2,16-15-15,美浦 手塚,476,2,
202406050810,2024-12-22,中山,10,オルフェーヴルC,芝,1600,右,晴,良,"5回 中山 8日目 サラ系３歳以上 ２勝クラス       (混)[指] 定量 16頭 本賞金:1550,620,390,230,155万円",16,1550.0,4,5,10,ララマセラシオン,牡,3,57.0,菅原明,93.8,クビ,9,23.0,35.3,6-10-10,美浦 大竹,516,0,
202406050810,2024-12-22,中山,10,オルフェーヴルC,芝,1600,右,晴,良,"5回 中山 8日目 サラ系３歳以上 ２勝クラス       (混)[指] 定量 16頭 本賞金:1550,620,390,230,155万円",16,1550.0,5,4,8,ユキノロイヤル,牡,3,57.0,石橋脩,93.8,クビ,3,6.6,35.5,6-5-7,美浦 小野,456,10,
202406050810,2024-12-22,中山,10,オルフェーヴルC,芝,1600,右,晴,良,"5回 中山 8日目 サラ系３歳以上 ２勝クラス       (混)[指] 定量 16頭 本賞金:1550,620,390,230,155万円",16,1550.0,6,8,15,ハワイアンタイム,セ,4,58.0,横山典,93.9,クビ,10,40.0,35.8,3-3-4,栗東 昆,492,-2,
202406050810,2024-12-22,中山,10,オルフェーヴルC,芝,1600,右,晴,良,"5回 中山 8日目 サラ系３歳以上 ２勝クラス       (混)[指] 定量 16頭 本賞金:1550,620,390,230,155万円",16,1550.0,7,4,7,サロニコス,牝,3,55.0,Ｃデム,94.0,3/4,2,6.5,35.7,10-5-2,栗東 松下,444,-6,
202406050810,2024-12-22,中山,10,オルフェーヴルC,芝,1600,右,晴,良,"5回 中山 8日目 サラ系３歳以上 ２勝クラス       (混)[指] 定量 16頭 本賞金:1550,620,390,230,155万円",16,1550.0,8,1,2,ケイケイ,セ,3,57.0,松山,94.0,クビ,5,11.9,35.3,10-11-12,美浦 杉浦,468,-8,
202406050810,2024-12-22,中山,10,オルフェーヴルC,芝,1600,右,晴,良,"5回 中山 8日目 サラ系３歳以上 ２勝クラス       (混)[指] 定量 16頭 本賞金:1550,620,390,230,155万円",16,1550.0,9,7,13,ラレーヌデリス,牝,4,56.0,戸崎圭,94.0,ハナ,6,12.8,35.0,14-14-12,栗東 安田,456,-16,
202406050810,2024-12-22,中山,10,オルフェーヴルC,芝,1600,右,晴,良,"5回 中山 8日目 サラ系３歳以上 ２勝クラス       (混)[指] 定量 16頭 本賞金:1550,620,390,230,155万円",16,1550.0,10,8,16,アーレンダール,牝,5,56.0,野中,94.1,1/2,14,126.1,35.7,8-9-6,美浦 宮田,500,4,
202406050810,2024-12-22,中山,10,オルフェーヴルC,芝,1600,右,晴,良,"5回 中山 8日目 サラ系３歳以上 ２勝クラス       (混)[指] 定量 16頭 本賞金:1550,620,390,230,155万円",16,1550.0,11,6,12,ウインアイオライト,牝,4,56.0,マーカ,94.2,クビ,8,16.4,36.4,2-2-1,美浦 矢嶋,470,6,
202406050810,2024-12-22,中山,10,オルフェーヴルC,芝,1600,右,晴,良,"5回 中山 8日目 サラ系３歳以上 ２勝クラス       (混)[指] 定量 16頭 本賞金:1550,620,390,230,155万円",16,1550.0,12,2,4,トーセントラム,牡,4,58.0,菊沢,94.2,クビ,15,132.6,35.4,10-11-14,美浦 佐藤吉,454,0,
202406050810,2024-12-22,中山,10,オルフェーヴルC,芝,1600,右,晴,良,"5回 中山 8日目 サラ系３歳以上 ２勝クラス       (混)[指] 定量 16頭 本賞金:1550,620,390,230,155万円",16,1550.0,13,1,1,ロゼル,牡,4,58.0,杉原,94.3,1/2,11,50.7,34.9,15-15-16,美浦 大和田,486,0,
202406050810,2024-12-22,中山,10,オルフェーヴルC,芝,1600,右,晴,良,"5回 中山 8日目 サラ系３歳以上 ２勝クラス       (混)[指] 定量 16頭 本賞金:1550,620,390,230,155万円",16,1550.0,14,6,11,ジッピーレーサー,セ,7,58.0,黛,94.6,2,16,330.7,36.3,3-5-7,美浦 天間,480,10,
202406050810,2024-12-22,中山,10,オルフェーヴルC,芝,1600,右,晴,良,"5回 中山 8日目 サラ系３歳以上 ２勝クラス       (混)[指] 定量 16頭 本賞金:1550,620,390,230,155万円",16,1550.0,15,3,5,ブルトンクール,牝,5,56.0,石田,94.9,2,12,59.5,37.1,1-1-2,美浦 新開,458,0,
202406050810,2024-12-22,中山,10,オルフェーヴルC,芝,1600,右,晴,良,"5回 中山 8日目 サラ系３歳以上 ２勝クラス       (混)[指] 定量 16頭 本賞金:1550,620,390,230,155万円",16,1550.0,16,3,6,ルージュイストリア,牝,4,56.0,大野,95.0,クビ,13,75.4,36.7,9-5-7,美浦 大竹,470,8,
202406050811,2024-12-22,中山,11,有馬記念,芝,2500,右,晴,良,"5回 中山 8日目 サラ系３歳以上 オープン       (国際)(指) 定量 16頭 本賞金:50000,20000,12500,7500,5000万円",16,50000.0,1,4,8,レガレイラ,牝,3,54.0,戸崎圭,151.8,,4,10.9,34.9,6-5-5-3,美浦 木村,468,-4,
202406050811,2024-12-22,中山,11,有馬記念,芝,2500,右,晴,良,"5回 中山 8日目 サラ系３歳以上 オープン       (国際)(指) 定量 16頭 本賞金:50000,20000,12500,7500,5000万円",16,50000.0,2,8,16,シャフリヤール,牡,6,58.0,Ｃデム,151.8,ハナ,10,30.1,35.0,10-9-5-5,栗東 藤原,,,
202406050811,2024-12-22,中山,11,有馬記念,芝,2500,右,晴,良,"5回 中山 8日目 サラ系３歳以上 オープン       (国際)(指) 定量 16頭 本賞金:50000,20000,12500,7500,5000万円",16,50000.0,3,1,1,ダノンデサイル,牡,3,56.0,横山典,152.0,1.1/2,2,4.0,35.4,1-1-1-1,栗東 安田,520,-2,
202406050811,2024-12-22,中山,11,有馬記念,芝,2500,右,晴,良,"5回 中山 8日目 サラ系３歳以上 オープン       (国際)(指) 定量 16頭 本賞金:50000,20000,12500,7500,5000万円",16,50000.0,4,3,5,ベラジオオペラ,牡,4,58.0,横山和,152.1,1/2,3,7.1,35.5,2-2-2-2,栗東 上村,512,-2,
202406050811,2024-12-22,中山,11,有馬記念,芝,2500,右,晴,良,"5回 中山 8日目 サラ系３歳以上 オープン       (国際)(指) 定量 16頭 本賞金:50000,20000,12500,7500,5000万円",16,50000.0,5,6,11,ジャスティンパレス,牡,5,58.0,坂井,152.3,3/4,5,10.9,35.1,9-9-11-10,栗東 杉山晴,468,0,
202406050811,2024-12-22,中山,11,有馬記念,芝,2500,右,晴,良,"5回 中山 8日目 サラ系３歳以上 オープン       (国際)(指) 定量 16頭 本賞金:50000,20000,12500,7500,5000万円",16,50000.0,6,2,3,アーバンシック,牡,3,56.0,ルメー,152.3,アタマ,1,2.8,35.1,7-8-11-8,美浦 武井,516,6,
202406050811,2024-12-22,中山,11,有馬記念,芝,2500,右,晴,良,"5回 中山 8日目 サラ系３歳以上 オープン       (国際)(指) 定量 16頭 本賞金:50000,20000,12500,7500,5000万円",16,50000.0,7,3,6,ローシャムパーク,牡,5,58.0,マーカ,152.3,ハナ,7,17.2,35.2,12-11-9-8,美浦 田中博,,,
202406050811,2024-12-22,中山,11,有馬記念,芝,2500,右,晴,良,"5回 中山 8日目 サラ系３歳以上 オープン       (国際)(指) 定量 16頭 本賞金:50000,20000,12500,7500,5000万円",16,50000.0,8,7,13,スタニングローズ,牝,5,56.0,ムーア,152.4,1,9,27.1,35.5,7-5-5-5,栗東 高野,496,-2,
202406050811,2024-12-22,中山,11,有馬記念,芝,2500,右,晴,良,"5回 中山 8日目 サラ系３歳以上 オープン       (国際)(指) 定量 16頭 本賞金:50000,20000,12500,7500,5000万円",16,50000.0,9,7,14,ダノンベルーガ,牡,5,58.0,松山,152.5,クビ,15,122.4,34.9,15-15-15-13,美浦 堀,496,4,
202406050811,2024-12-22,中山,11,有馬記念,芝,2500,右,晴,良,"5回 中山 8日目 サラ系３歳以上 オープン       (国際)(指) 定量 16頭 本賞金:50000,20000,12500,7500,5000万円",16,50000.0,10,6,12,シュトルーヴェ,セ,5,58.0,鮫島駿,152.6,1/2,14,108.1,35.5,12-11-9-10,美浦 堀,478,0,
202406050811,2024-12-22,中山,11,有馬記念,芝,2500,右,晴,良,"5回 中山 8日目 サラ系３歳以上 オープン       (国際)(指) 定量 16頭 本賞金:50000,20000,12500,7500,5000万円",16,50000.0,11,5,10,プログノーシス,牡,6,58.0,三浦,152.6,アタマ,6,16.4,35.3,14-14-13-10,栗東 中内田,,,
202406050811,2024-12-22,中山,11,有馬記念,芝,2500,右,晴,良,"5回 中山 8日目 サラ系３歳以上 オープン       (国際)(指) 定量 16頭 本賞金:50000,20000,12500,7500,5000万円",16,50000.0,12,2,4,ブローザホーン,牡,5,58.0,菅原明,153.1,3.1/2,11,35.1,35.7,10-11-13-13,栗東 吉岡,432,2,
202406050811,2024-12-22,中山,11,有馬記念,芝,2500,右,晴,良,"5回 中山 8日目 サラ系３歳以上 オープン       (国際)(指) 定量 16頭 本賞金:50000,20000,12500,7500,5000万円",16,50000.0,13,5,9,ディープボンド,牡,7,58.0,幸,153.3,1,12,49.7,36.7,3-2-2-3,栗東 大久保,502,-14,
202406050811,2024-12-22,中山,11,有馬記念,芝,2500,右,晴,良,"5回 中山 8日目 サラ系３歳以上 オープン       (国際)(指) 定量 16頭 本賞金:50000,20000,12500,7500,5000万円",16,50000.0,14,4,7,スターズオンアース,牝,5,56.0,川田,153.6,2,8,17.6,36.7,3-5-5-13,美浦 高柳瑞,498,-2,
202406050811,2024-12-22,中山,11,有馬記念,芝,2500,右,晴,良,"5回 中山 8日目 サラ系３歳以上 オープン       (国際)(指) 定量 16頭 本賞金:50000,20000,12500,7500,5000万円",16,50000.0,15,8,15,ハヤヤッコ,牡,8,58.0,吉田豊,153.7,アタマ,13,57.1,37.1,3-4-2-5,美浦 国枝,492,12,
202406050811,2024-12-22,中山,11,有馬記念,芝,2500,右,晴,良,"5回 中山 8日目 サラ系３歳以上 オープン       (国際)(指) 定量 16頭 本賞金:50000,20000,12500,7500,5000万円",16,50000.0,,1,2,ドウデュース,牡,5,58.0,武豊,,,,,,,栗東 友道,,,取消
202406050812,2024-12-22,中山,12,フェアウェルS,ダ,1200,右,晴,良,"5回 中山 8日目 サラ系３歳以上 ３勝クラス       (混)[指] 定量 16頭 本賞金:1840,740,460,280,184万円",16,1840.0,1,4,8,ケイアイアニラ,牡,4,58.0,ムーア,70.8,,2,4.3,37.3,3-3,栗東 吉岡,538,2,
202406050812,2024-12-22,中山,12,フェアウェルS,ダ,1200,右,晴,良,"5回 中山 8日目 サラ系３歳以上 ３勝クラス       (混)[指] 定量 16頭 本賞金:1840,740,460,280,184万円",16,1840.0,2,7,13,エンヤラヴフェイス,牡,3,57.0,大野,71.6,5,9,46.6,36.4,15-15,栗東 森田,502,4,
202406050812,2024-12-22,中山,12,フェアウェルS,ダ,1200,右,晴,良,"5回 中山 8日目 サラ系３歳以上 ３勝クラス       (混)[指] 定量 16頭 本賞金:1840,740,460,280,184万円",16,1840.0,3,1,2,ミユキアイラブユー,セ,5,58.0,菅原明,72.1,3,4,12.4,37.9,10-10,美浦 小島,566,-2,
202406050812,2024-12-22,中山,12,フェアウェルS,ダ,1200,右,晴,良,"5回 中山 8日目 サラ系３歳以上 ３勝クラス       (混)[指] 定量 16頭 本賞金:1840,740,460,280,184万円",16,1840.0,4,7,14,ビルカール,牡,4,58.0,Ｈドイ,72.1,クビ,15,140.6,38.4,4-4,美浦 水野,478,12,
202406050812,2024-12-22,中山,12,フェアウェルS,ダ,1200,右,晴,良,"5回 中山 8日目 サラ系３歳以上 ３勝クラス       (混)[指] 定量 16頭 本賞金:1840,740,460,280,184万円",16,1840.0,5,3,5,サザンステート,牡,5,58.0,マーカ,72.2,クビ,6,20.8,38.4,6-5,美浦 上原佑,500,0,
202406050812,2024-12-22,中山,12,フェアウェルS,ダ,1200,右,晴,良,"5回 中山 8日目 サラ系３歳以上 ３勝クラス       (混)[指] 定量 16頭 本賞金:1840,740,460,280,184万円",16,1840.0,6,5,10,エコロアレス,牡,4,58.0,松山,72.2,クビ,3,8.3,38.0,10-10,栗東 森秀,484,6,
202406050812,2024-12-22,中山,12,フェアウェルS,ダ,1200,右,晴,良,"5回 中山 8日目 サラ系３歳以上 ３勝クラス       (混)[指] 定量 16頭 本賞金:1840,740,460,280,184万円",16,1840.0,7,6,11,ダルダヌス,牡,5,58.0,戸崎圭,72.2,ハナ,7,21.0,38.4,6-5,美浦 尾関,570,18,
202406050812,2024-12-22,中山,12,フェアウェルS,ダ,1200,右,晴,良,"5回 中山 8日目 サラ系３歳以上 ３勝クラス       (混)[指] 定量 16頭 本賞金:1840,740,460,280,184万円",16,1840.0,8,3,6,メイショウヒューマ,牡,6,58.0,内田博,72.2,ハナ,11,65.2,38.3,8-8,栗東 藤岡,502,0,
202406050812,2024-12-22,中山,12,フェアウェルS,ダ,1200,右,晴,良,"5回 中山 8日目 サラ系３歳以上 ３勝クラス       (混)[指] 定量 16頭 本賞金:1840,740,460,280,184万円",16,1840.0,9,4,7,ホウオウフウジン,牡,5,58.0,鮫島駿,72.3,1/2,13,76.8,37.3,14-13,美浦 稲垣,522,4,
202406050812,2024-12-22,中山,12,フェアウェルS,ダ,1200,右,晴,良,"5回 中山 8日目 サラ系３歳以上 ３勝クラス       (混)[指] 定量 16頭 本賞金:1840,740,460,280,184万円",16,1840.0,10,8,16,ロードオブザチェコ,牡,6,58.0,丸田,72.3,ハナ,8,31.3,38.4,8-8,美浦 石栗,504,0,
202406050812,2024-12-22,中山,12,フェアウェルS,ダ,1200,右,晴,良,"5回 中山 8日目 サラ系３歳以上 ３勝クラス       (混)[指] 定量 16頭 本賞金:1840,740,460,280,184万円",16,1840.0,11,6,12,ヨーカイディスコ,牝,3,55.0,三浦,72.5,1.1/2,5,17.5,39.2,1-1,美浦 斎藤誠,484,2,
202406050812,2024-12-22,中山,12,フェアウェルS,ダ,1200,右,晴,良,"5回 中山 8日目 サラ系３歳以上 ３勝クラス       (混)[指] 定量 16頭 本賞金:1840,740,460,280,184万円",16,1840.0,12,8,15,アメリカンマーチ,牡,3,57.0,坂井,72.5,ハナ,1,1.8,39.2,2-2,栗東 池江,494,8,
202406050812,2024-12-22,中山,12,フェアウェルS,ダ,1200,右,晴,良,"5回 中山 8日目 サラ系３歳以上 ３勝クラス       (混)[指] 定量 16頭 本賞金:1840,740,460,280,184万円",16,1840.0,13,1,1,スマートラプター,牡,5,58.0,幸,72.7,1,10,63.6,37.9,13-13,栗東 西園正,522,2,
202406050812,2024-12-22,中山,12,フェアウェルS,ダ,1200,右,晴,良,"5回 中山 8日目 サラ系３歳以上 ３勝クラス       (混)[指] 定量 16頭 本賞金:1840,740,460,280,184万円",16,1840.0,14,2,3,ダテボレアス,牡,5,58.0,石橋脩,73.5,5,12,65.5,39.3,10-12,栗東 西園正,490,4,
202406050812,2024-12-22,中山,12,フェアウェルS,ダ,1200,右,晴,良,"5回 中山 8日目 サラ系３歳以上 ３勝クラス       (混)[指] 定量 16頭 本賞金:1840,740,460,280,184万円",16,1840.0,15,2,4,カフジエニアゴン,牝,5,56.0,池添,73.7,1.1/2,14,116.7,40.1,4-5,栗東 木原,494,-10,
202406050812,2024-12-22,中山,12,フェアウェルS,ダ,1200,右,晴,良,"5回 中山 8日目 サラ系３歳以上 ３勝クラス       (混)[指] 定量 16頭 本賞金:1840,740,460,280,184万円",16,1840.0,16,5,9,スタードラマー,牡,4,58.0,藤懸,74.8,7,16,226.7,39.3,16-16,栗東 笹田,480,12,
202408070801,2024-12-22,京都,1,2歳未勝利,ダ,1400,右,曇,良,"7回 京都 8日目 サラ系２歳 未勝利       牝[指] 馬齢 16頭 本賞金:550,220,140,83,55万円",16,550.0,1,6,12,オリージネアリア,牝,2,55.0,Ｍデム,86.1,,3,6.3,37.7,8-5,栗東 吉村,428,-2,
202408070801,2024-12-22,京都,1,2歳未勝利,ダ,1400,右,曇,良,"7回 京都 8日目 サラ系２歳 未勝利       牝[指] 馬齢 16頭 本賞金:550,220,140,83,55万円",16,550.0,2,2,4,ナリタヒカリ,牝,2,55.0,国分恭,86.3,3/4,9,28.2,37.6,11-9,栗東 荒川,428,-4,
202408070801,2024-12-22,京都,1,2歳未勝利,ダ,1400,右,曇,良,"7回 京都 8日目 サラ系２歳 未勝利       牝[指] 馬齢 16頭 本賞金:550,220,140,83,55万円",16,550.0,3,8,16,スマートイザナミ,牝,2,54.0,☆田口,87.0,4,10,92.1,38.6,8-6,栗東 谷,446,0,
202408070801,2024-12-22,京都,1,2歳未勝利,ダ,1400,右,曇,良,"7回 京都 8日目 サラ系２歳 未勝利       牝[指] 馬齢 16頭 本賞金:550,220,140,83,55万円",16,550.0,4,7,13,チムニーパイプ,牝,2,53.0,△高杉,87.1,クビ,7,14.8,38.4,11-9,栗東 岡田,420,4,
202408070801,2024-12-22,京都,1,2歳未勝利,ダ,1400,右,曇,良,"7回 京都 8日目 サラ系２歳 未勝利       牝[指] 馬齢 16頭 本賞金:550,220,140,83,55万円",16,550.0,5,7,14,ホウショウマリス,牝,2,55.0,丹内,87.1,クビ,4,6.9,39.1,3-2,栗東 河内,462,-2,
202408070801,2024-12-22,京都,1,2歳未勝利,ダ,1400,右,曇,良,"7回 京都 8日目 サラ系２歳 未勝利       牝[指] 馬齢 16頭 本賞金:550,220,140,83,55万円",16,550.0,6,5,10,セレジェイラ,牝,2,55.0,西村淳,87.1,アタマ,5,6.9,38.9,3-2,栗東 西村,482,4,
202408070801,2024-12-22,京都,1,2歳未勝利,ダ,1400,右,曇,良,"7回 京都 8日目 サラ系２歳 未勝利       牝[指] 馬齢 16頭 本賞金:550,220,140,83,55万円",16,550.0,7,6,11,アイドルアイズ,牝,2,53.0,△吉村,87.2,3/4,11,102.3,38.9,5-6,栗東 新谷,420,-6,
202408070801,2024-12-22,京都,1,2歳未勝利,ダ,1400,右,曇,良,"7回 京都 8日目 サラ系２歳 未勝利       牝[指] 馬齢 16頭 本賞金:550,220,140,83,55万円",16,550.0,8,4,8,トップレディー,牝,2,55.0,酒井,87.3,クビ,8,25.5,39.3,2-1,栗東 北出,518,-2,
202408070801,2024-12-22,京都,1,2歳未勝利,ダ,1400,右,曇,良,"7回 京都 8日目 サラ系２歳 未勝利       牝[指] 馬齢 16頭 本賞金:550,220,140,83,55万円",16,550.0,9,3,5,ライツユーアップ,牝,2,52.0,▲古川奈,87.5,1,2,5.1,39.2,5-6,栗東 角田,442,4,
202408070801,2024-12-22,京都,1,2歳未勝利,ダ,1400,右,曇,良,"7回 京都 8日目 サラ系２歳 未勝利       牝[指] 馬齢 16頭 本賞金:550,220,140,83,55万円",16,550.0,10,3,6,ピリナマアナ,牝,2,55.0,佐々木,87.8,2,6,9.6,38.4,15-15,栗東 橋口,452,-8,
202408070801,2024-12-22,京都,1,2歳未勝利,ダ,1400,右,曇,良,"7回 京都 8日目 サラ系２歳 未勝利       牝[指] 馬齢 16頭 本賞金:550,220,140,83,55万円",16,550.0,11,5,9,タガノキャロル,牝,2,55.0,小崎,88.2,2.1/2,15,265.8,38.9,15-15,栗東 高橋一,454,4,
202408070801,2024-12-22,京都,1,2歳未勝利,ダ,1400,右,曇,良,"7回 京都 8日目 サラ系２歳 未勝利       牝[指] 馬齢 16頭 本賞金:550,220,140,83,55万円",16,550.0,12,4,7,バシリス,牝,2,55.0,岩田望,88.4,1.1/4,1,3.0,40.5,1-2,栗東 寺島,454,-2,
202408070801,2024-12-22,京都,1,2歳未勝利,ダ,1400,右,曇,良,"7回 京都 8日目 サラ系２歳 未勝利       牝[指] 馬齢 16頭 本賞金:550,220,140,83,55万円",16,550.0,13,1,2,ゴルティス,牝,2,55.0,菱田,88.7,1.3/4,13,197.4,40.5,5-9,栗東 藤野,444,0,
202408070801,2024-12-22,京都,1,2歳未勝利,ダ,1400,右,曇,良,"7回 京都 8日目 サラ系２歳 未勝利       牝[指] 馬齢 16頭 本賞金:550,220,140,83,55万円",16,550.0,14,1,1,トゥルプ,牝,2,52.0,▲川端,88.9,1,14,215.8,40.0,13-13,栗東 高橋亮,484,18,
202408070801,2024-12-22,京都,1,2歳未勝利,ダ,1400,右,曇,良,"7回 京都 8日目 サラ系２歳 未勝利       牝[指] 馬齢 16頭 本賞金:550,220,140,83,55万円",16,550.0,15,8,15,バストス,牝,2,55.0,吉田隼,88.9,ハナ,16,291.6,40.0,13-13,栗東 吉田,484,16,
202408070801,2024-12-22,京都,1,2歳未勝利,ダ,1400,右,曇,良,"7回 京都 8日目 サラ系２歳 未勝利       牝[指] 馬齢 16頭 本賞金:550,220,140,83,55万円",16,550.0,16,2,3,インマイブラッド,牝,2,55.0,団野,88.9,アタマ,12,162.6,40.4,10-9,栗東 中尾,422,-6,
202408070802,2024-12-22,京都,2,2歳未勝利,芝,1600,右,曇,良,"7回 京都 8日目 サラ系２歳 未勝利       (混)[指] 馬齢 18頭 本賞金:550,220,140,83,55万円",18,550.0,1,5,9,グラフィティアート,牡,2,56.0,浜中,94.8,,1,2.7,34.5,16-15,栗東 石橋,476,14,
202408070802,2024-12-22,京都,2,2歳未勝利,芝,1600,右,曇,良,"7回 京都 8日目 サラ系２歳 未勝利       (混)[指] 馬齢 18頭 本賞金:550,220,140,83,55万円",18,550.0,2,6,12,パープルパライソ,牡,2,56.0,Ｍデム,95.0,1.1/2,4,7.7,34.9,13-13,栗東 吉村,462,2,
202408070802,2024-12-22,京都,2,2歳未勝利,芝,1600,右,曇,良,"7回 京都 8日目 サラ系２歳 未勝利       (混)[指] 馬齢 18頭 本賞金:550,220,140,83,55万円",18,550.0,3,8,17,キントラダンサー,牝,2,55.0,西村淳,95.1,1/2,2,4.2,36.1,2-2,栗東 長谷川,468,6,
202408070802,2024-12-22,京都,2,2歳未勝利,芝,1600,右,曇,良,"7回 京都 8日目 サラ系２歳 未勝利       (混)[指] 馬齢 18頭 本賞金:550,220,140,83,55万円",18,550.0,4,7,14,セクシーマージュ,牝,2,55.0,藤岡佑,95.4,1.1/2,5,16.0,36.7,1-1,栗東 小椋,424,0,
202408070802,2024-12-22,京都,2,2歳未勝利,芝,1600,右,曇,良,"7回 京都 8日目 サラ系２歳 未勝利       (混)[指] 馬齢 18頭 本賞金:550,220,140,83,55万円",18,550.0,5,6,11,リアルフォルゴーレ,牡,2,55.0,☆田口,95.4,クビ,10,31.3,35.8,8-8,栗東 大橋,482,2,
202408070802,2024-12-22,京都,2,2歳未勝利,芝,1600,右,曇,良,"7回 京都 8日目 サラ系２歳 未勝利       (混)[指] 馬齢 18頭 本賞金:550,220,140,83,55万円",18,550.0,6,3,6,シドニーホバート,牡,2,56.0,荻野極,95.7,1.1/2,3,6.9,35.8,11-9,栗東 杉山佳,508,4,
202408070802,2024-12-22,京都,2,2歳未勝利,芝,1600,右,曇,良,"7回 京都 8日目 サラ系２歳 未勝利       (混)[指] 馬齢 18頭 本賞金:550,220,140,83,55万円",18,550.0,7,4,8,ゴッドヴァレー,牡,2,56.0,岩田望,95.7,クビ,6,16.1,36.4,3-3,栗東 渡辺,472,20,
202408070802,2024-12-22,京都,2,2歳未勝利,芝,1600,右,曇,良,"7回 京都 8日目 サラ系２歳 未勝利       (混)[指] 馬齢 18頭 本賞金:550,220,140,83,55万円",18,550.0,8,3,5,スリーセンス,牝,2,52.0,▲柴田裕,95.8,1/2,7,21.5,35.7,13-13,栗東 中竹,436,-6,
202408070802,2024-12-22,京都,2,2歳未勝利,芝,1600,右,曇,良,"7回 京都 8日目 サラ系２歳 未勝利       (混)[指] 馬齢 18頭 本賞金:550,220,140,83,55万円",18,550.0,9,1,1,アメリータ,牝,2,53.0,△吉村,96.0,1.1/4,9,25.9,36.8,3-3,栗東 今野,424,-2,
202408070802,2024-12-22,京都,2,2歳未勝利,芝,1600,右,曇,良,"7回 京都 8日目 サラ系２歳 未勝利       (混)[指] 馬齢 18頭 本賞金:550,220,140,83,55万円",18,550.0,10,1,2,ラヴスティンガー,牝,2,55.0,酒井,96.1,1/2,14,78.5,36.6,5-5,栗東 牧田,476,-4,
202408070802,2024-12-22,京都,2,2歳未勝利,芝,1600,右,曇,良,"7回 京都 8日目 サラ系２歳 未勝利       (混)[指] 馬齢 18頭 本賞金:550,220,140,83,55万円",18,550.0,11,7,13,スマートセラム,牡,2,56.0,佐々木,96.1,クビ,12,55.3,36.7,5-5,栗東 須貝,442,6,
202408070802,2024-12-22,京都,2,2歳未勝利,芝,1600,右,曇,良,"7回 京都 8日目 サラ系２歳 未勝利       (混)[指] 馬齢 18頭 本賞金:550,220,140,83,55万円",18,550.0,12,7,15,パヴィーア,牝,2,55.0,北村友,96.3,3/4,8,21.8,36.9,5-5,栗東 田中克,462,0,
202408070802,2024-12-22,京都,2,2歳未勝利,芝,1600,右,曇,良,"7回 京都 8日目 サラ系２歳 未勝利       (混)[指] 馬齢 18頭 本賞金:550,220,140,83,55万円",18,550.0,13,4,7,ヴァリオーサ,牝,2,55.0,吉田隼,96.3,ハナ,15,131.4,36.0,15-17,栗東 武幸,474,22,
202408070802,2024-12-22,京都,2,2歳未勝利,芝,1600,右,曇,良,"7回 京都 8日目 サラ系２歳 未勝利       (混)[指] 馬齢 18頭 本賞金:550,220,140,83,55万円",18,550.0,14,5,10,エンチャントリバー,牝,2,53.0,△高杉,96.3,アタマ,13,61.0,35.9,16-15,栗東 高橋亮,434,4,
202408070802,2024-12-22,京都,2,2歳未勝利,芝,1600,右,曇,良,"7回 京都 8日目 サラ系２歳 未勝利       (混)[指] 馬齢 18頭 本賞金:550,220,140,83,55万円",18,550.0,15,8,16,タウングー,牝,2,52.0,▲川端,96.3,ハナ,18,311.5,35.6,18-17,栗東 藤沢,436,2,
202408070802,2024-12-22,京都,2,2歳未勝利,芝,1600,右,曇,良,"7回 京都 8日目 サラ系２歳 未勝利       (混)[指] 馬齢 18頭 本賞金:550,220,140,83,55万円",18,550.0,16,2,4,ナリタボニー,牝,2,54.0,☆ 小沢大,96.4,1/2,16,282.2,36.6,9-9,栗東 高橋亮,442,0,
202408070802,2024-12-22,京都,2,2歳未勝利,芝,1600,右,曇,良,"7回 京都 8日目 サラ系２歳 未勝利       (混)[指] 馬齢 18頭 本賞金:550,220,140,83,55万円",18,550.0,17,8,18,ジョウショーメイク,牝,2,55.0,菱田,96.8,2.1/2,11,47.6,37.0,11-9,栗東 中尾,422,8,
202408070802,2024-12-22,京都,2,2歳未勝利,芝,1600,右,曇,良,"7回 京都 8日目 サラ系２歳 未勝利       (混)[指] 馬齢 18頭 本賞金:550,220,140,83,55万円",18,550.0,18,2,3,ジョウショーポプリ,牝,2,55.0,斎藤,97.7,5,17,286.3,37.9,9-9,栗東 新谷,436,-8,
202408070803,2024-12-22,京都,3,2歳未勝利,芝,1400,右,曇,良,"7回 京都 8日目 サラ系２歳 未勝利       [指] 馬齢 18頭 本賞金:550,220,140,83,55万円",18,550.0,1,3,6,ウィンストン,牡,2,54.0,△吉村,81.6,,1,4.4,35.5,2-1,栗東 杉山晴,502,6,
202408070803,2024-12-22,京都,3,2歳未勝利,芝,1400,右,曇,良,"7回 京都 8日目 サラ系２歳 未勝利       [指] 馬齢 18頭 本賞金:550,220,140,83,55万円",18,550.0,2,4,8,ハリウッドメモリー,牝,2,55.0,団野,81.7,1/2,2,4.5,35.6,1-2,栗東 長谷川,458,4,
202408070803,2024-12-22,京都,3,2歳未勝利,芝,1400,右,曇,良,"7回 京都 8日目 サラ系２歳 未勝利       [指] 馬齢 18頭 本賞金:550,220,140,83,55万円",18,550.0,3,8,17,ザカリナン,牡,2,56.0,西村淳,82.2,3,5,10.3,34.8,12-9,栗東 小栗,446,6,
202408070803,2024-12-22,京都,3,2歳未勝利,芝,1400,右,曇,良,"7回 京都 8日目 サラ系２歳 未勝利       [指] 馬齢 18頭 本賞金:550,220,140,83,55万円",18,550.0,4,8,18,ポッドデューク,牡,2,56.0,菱田,82.3,3/4,7,20.0,35.0,10-8,栗東 辻野,486,6,
202408070803,2024-12-22,京都,3,2歳未勝利,芝,1400,右,曇,良,"7回 京都 8日目 サラ系２歳 未勝利       [指] 馬齢 18頭 本賞金:550,220,140,83,55万円",18,550.0,5,5,9,ジョーブラック,牡,2,56.0,国分恭,82.3,クビ,6,14.5,35.6,6-4,栗東 清水久,486,-12,
202408070803,2024-12-22,京都,3,2歳未勝利,芝,1400,右,曇,良,"7回 京都 8日目 サラ系２歳 未勝利       [指] 馬齢 18頭 本賞金:550,220,140,83,55万円",18,550.0,6,6,12,アイサイト,牝,2,55.0,藤岡佑,82.4,3/4,4,6.5,34.8,12-13,栗東 藤岡,446,6,
202408070803,2024-12-22,京都,3,2歳未勝利,芝,1400,右,曇,良,"7回 京都 8日目 サラ系２歳 未勝利       [指] 馬齢 18頭 本賞金:550,220,140,83,55万円",18,550.0,7,3,5,ミルトライディーン,牡,2,53.0,▲柴田裕,82.8,2.1/2,12,39.6,36.3,4-4,栗東 中竹,518,6,
202408070803,2024-12-22,京都,3,2歳未勝利,芝,1400,右,曇,良,"7回 京都 8日目 サラ系２歳 未勝利       [指] 馬齢 18頭 本賞金:550,220,140,83,55万円",18,550.0,8,2,4,エスタア,牡,2,56.0,佐々木,82.9,1/2,8,21.0,35.9,7-6,栗東 須貝,498,6,
202408070803,2024-12-22,京都,3,2歳未勝利,芝,1400,右,曇,良,"7回 京都 8日目 サラ系２歳 未勝利       [指] 馬齢 18頭 本賞金:550,220,140,83,55万円",18,550.0,9,7,15,ジュンライトニング,牡,2,56.0,Ｍデム,83.1,1,9,22.1,35.5,14-14,栗東 清水久,446,4,
202408070803,2024-12-22,京都,3,2歳未勝利,芝,1400,右,曇,良,"7回 京都 8日目 サラ系２歳 未勝利       [指] 馬齢 18頭 本賞金:550,220,140,83,55万円",18,550.0,10,4,7,アルサクレイグ,牝,2,53.0,◇永島,83.3,1.1/4,11,38.5,35.9,10-9,栗東 高橋康,398,-4,
202408070803,2024-12-22,京都,3,2歳未勝利,芝,1400,右,曇,良,"7回 京都 8日目 サラ系２歳 未勝利       [指] 馬齢 18頭 本賞金:550,220,140,83,55万円",18,550.0,11,6,11,アトラクトラン,牡,2,52.0,★河原田,83.4,1,13,42.7,36.3,7-9,栗東 渡辺,450,2,
202408070803,2024-12-22,京都,3,2歳未勝利,芝,1400,右,曇,良,"7回 京都 8日目 サラ系２歳 未勝利       [指] 馬齢 18頭 本賞金:550,220,140,83,55万円",18,550.0,12,2,3,エコセーズ,牝,2,55.0,酒井,83.5,3/4,16,179.0,35.3,18-17,栗東 河嶋,402,-8,
202408070803,2024-12-22,京都,3,2歳未勝利,芝,1400,右,曇,良,"7回 京都 8日目 サラ系２歳 未勝利       [指] 馬齢 18頭 本賞金:550,220,140,83,55万円",18,550.0,13,7,13,アドマイヤアーデル,牝,2,53.0,△高杉,83.6,1/2,18,210.8,35.7,14-17,栗東 大久保,392,-8,
202408070803,2024-12-22,京都,3,2歳未勝利,芝,1400,右,曇,良,"7回 京都 8日目 サラ系２歳 未勝利       [指] 馬齢 18頭 本賞金:550,220,140,83,55万円",18,550.0,14,1,2,ハーイバービー,牝,2,55.0,北村友,83.7,1/2,10,31.5,35.9,14-14,栗東 畑端,460,-2,
202408070803,2024-12-22,京都,3,2歳未勝利,芝,1400,右,曇,良,"7回 京都 8日目 サラ系２歳 未勝利       [指] 馬齢 18頭 本賞金:550,220,140,83,55万円",18,550.0,15,5,10,カルドウェル,牝,2,55.0,岩田望,83.8,3/4,3,4.9,37.5,3-3,栗東 中村,478,4,
202408070803,2024-12-22,京都,3,2歳未勝利,芝,1400,右,曇,良,"7回 京都 8日目 サラ系２歳 未勝利       [指] 馬齢 18頭 本賞金:550,220,140,83,55万円",18,550.0,16,7,14,グーフドリファール,牝,2,55.0,丹内,84.1,1.1/2,15,150.3,36.1,17-16,栗東 安達,400,2,
202408070803,2024-12-22,京都,3,2歳未勝利,芝,1400,右,曇,良,"7回 京都 8日目 サラ系２歳 未勝利       [指] 馬齢 18頭 本賞金:550,220,140,83,55万円",18,550.0,17,8,16,シーク,牡,2,56.0,角田和,85.7,10,14,63.9,39.1,4-6,栗東 角田,510,0,
202408070803,2024-12-22,京都,3,2歳未勝利,芝,1400,右,曇,良,"7回 京都 8日目 サラ系２歳 未勝利       [指] 馬齢 18頭 本賞金:550,220,140,83,55万円",18,550.0,18,1,1,ヴリトラハン,牡,2,55.0,☆小沢,86.4,4,17,198.9,39.4,7-9,栗東 千田,482,6,
202408070804,2024-12-22,京都,4,2歳新馬,ダ,1800,右,曇,良,"7回 京都 8日目 サラ系２歳 新馬       (混)[指] 馬齢 13頭 本賞金:720,290,180,110,72万円",13,720.0,1,5,6,タイセイドラード,牡,2,56.0,西村淳,114.7,,1,1.9,38.1,1-1-1-1,栗東 杉山晴,526,0,
202408070804,2024-12-22,京都,4,2歳新馬,ダ,1800,右,曇,良,"7回 京都 8日目 サラ系２歳 新馬       (混)[指] 馬齢 13頭 本賞金:720,290,180,110,72万円",13,720.0,2,1,1,テルアスワッド,牡,2,56.0,佐々木,116.6,大,3,7.9,39.0,12-12-8-6,栗東 須貝,504,0,
202408070804,2024-12-22,京都,4,2歳新馬,ダ,1800,右,曇,良,"7回 京都 8日目 サラ系２歳 新馬       (混)[指] 馬齢 13頭 本賞金:720,290,180,110,72万円",13,720.0,3,2,2,オーラエグザート,牡,2,54.0,△高杉,116.9,1.3/4,5,11.5,39.5,6-6-7-6,栗東 藤岡,450,0,
202408070804,2024-12-22,京都,4,2歳新馬,ダ,1800,右,曇,良,"7回 京都 8日目 サラ系２歳 新馬       (混)[指] 馬齢 13頭 本賞金:720,290,180,110,72万円",13,720.0,4,5,7,エイシンガウディ,牡,2,56.0,酒井,117.6,4,8,27.5,40.4,4-5-5-4,栗東 渡辺,474,0,
202408070804,2024-12-22,京都,4,2歳新馬,ダ,1800,右,曇,良,"7回 京都 8日目 サラ系２歳 新馬       (混)[指] 馬齢 13頭 本賞金:720,290,180,110,72万円",13,720.0,5,6,8,セイルフリー,牡,2,56.0,亀田,117.9,2,11,62.4,39.5,13-13-10-10,栗東 松下,476,0,
202408070804,2024-12-22,京都,4,2歳新馬,ダ,1800,右,曇,良,"7回 京都 8日目 サラ系２歳 新馬       (混)[指] 馬齢 13頭 本賞金:720,290,180,110,72万円",13,720.0,6,7,11,イフリーティア,牝,2,55.0,長岡,118.4,2.1/2,13,125.0,41.5,2-2-2-2,栗東 茶木,444,0,
202408070804,2024-12-22,京都,4,2歳新馬,ダ,1800,右,曇,良,"7回 京都 8日目 サラ系２歳 新馬       (混)[指] 馬齢 13頭 本賞金:720,290,180,110,72万円",13,720.0,7,7,10,バイマイセルフ,牡,2,54.0,◇永島,119.2,5,9,34.6,41.5,9-9-8-9,栗東 高橋康,510,0,
202408070804,2024-12-22,京都,4,2歳新馬,ダ,1800,右,曇,良,"7回 京都 8日目 サラ系２歳 新馬       (混)[指] 馬齢 13頭 本賞金:720,290,180,110,72万円",13,720.0,8,4,5,ヴォルオヴァン,牡,2,56.0,斎藤,119.4,1.1/2,10,45.4,40.2,11-10-12-11,栗東 新谷,464,0,
202408070804,2024-12-22,京都,4,2歳新馬,ダ,1800,右,曇,良,"7回 京都 8日目 サラ系２歳 新馬       (混)[指] 馬齢 13頭 本賞金:720,290,180,110,72万円",13,720.0,9,8,13,グランスターオー,牡,2,56.0,菱田,119.6,1,4,8.4,42.4,6-6-5-6,栗東 新谷,486,0,
202408070804,2024-12-22,京都,4,2歳新馬,ダ,1800,右,曇,良,"7回 京都 8日目 サラ系２歳 新馬       (混)[指] 馬齢 13頭 本賞金:720,290,180,110,72万円",13,720.0,10,6,9,テルバスタ,牝,2,54.0,☆小沢,120.5,5,7,19.7,41.5,8-8-11-11,栗東 今野,552,0,
202408070804,2024-12-22,京都,4,2歳新馬,ダ,1800,右,曇,良,"7回 京都 8日目 サラ系２歳 新馬       (混)[指] 馬齢 13頭 本賞金:720,290,180,110,72万円",13,720.0,11,8,12,コンドゥイア,牝,2,55.0,団野,120.8,2,6,14.0,43.8,2-3-2-4,栗東 鮫島,474,0,
202408070804,2024-12-22,京都,4,2歳新馬,ダ,1800,右,曇,良,"7回 京都 8日目 サラ系２歳 新馬       (混)[指] 馬齢 13頭 本賞金:720,290,180,110,72万円",13,720.0,12,4,4,フラッシュケリー,牝,2,55.0,浜中,122.0,7,2,5.9,45.1,4-3-2-2,栗東 緒方,470,0,
202408070804,2024-12-22,京都,4,2歳新馬,ダ,1800,右,曇,良,"7回 京都 8日目 サラ系２歳 新馬       (混)[指] 馬齢 13頭 本賞金:720,290,180,110,72万円",13,720.0,13,3,3,フィルン,牝,2,55.0,荻野極,132.7,大,12,112.6,49.6,9-10-13-13,栗東 長谷川,452,0,
202408070805,2024-12-22,京都,5,3歳以上障害未勝利,障,2910,,曇,良,"7回 京都 8日目 障害３歳以上 未勝利       (混) 定量 14頭 本賞金:790,320,200,120,79万円",14,790.0,1,8,13,マテンロウジョイ,牡,4,60.0,西谷誠,198.8,,6,12.3,13.7,1-1-1-1,栗東 四位,468,14,
202408070805,2024-12-22,京都,5,3歳以上障害未勝利,障,2910,,曇,良,"7回 京都 8日目 障害３歳以上 未勝利       (混) 定量 14頭 本賞金:790,320,200,120,79万円",14,790.0,2,1,1,アメリカンピース,セ,6,60.0,小坂,200.3,9,1,2.7,13.8,3-3-2-2,栗東 音無,452,-6,
202408070805,2024-12-22,京都,5,3歳以上障害未勝利,障,2910,,曇,良,"7回 京都 8日目 障害３歳以上 未勝利       (混) 定量 14頭 本賞金:790,320,200,120,79万円",14,790.0,3,2,2,ヴィクティファルス,セ,6,60.0,小牧加,201.3,6,2,3.7,13.8,4-4-5-6,栗東 池添,490,6,
202408070805,2024-12-22,京都,5,3歳以上障害未勝利,障,2910,,曇,良,"7回 京都 8日目 障害３歳以上 未勝利       (混) 定量 14頭 本賞金:790,320,200,120,79万円",14,790.0,4,6,10,メイショウコホク,セ,7,60.0,難波,201.8,3,5,9.8,13.9,5-4-6-5,栗東 藤沢,506,0,
202408070805,2024-12-22,京都,5,3歳以上障害未勝利,障,2910,,曇,良,"7回 京都 8日目 障害３歳以上 未勝利       (混) 定量 14頭 本賞金:790,320,200,120,79万円",14,790.0,5,3,3,オステリア,牡,5,60.0,高田,201.8,クビ,4,9.8,13.9,5-6-4-3,栗東 宮本,520,4,
202408070805,2024-12-22,京都,5,3歳以上障害未勝利,障,2910,,曇,良,"7回 京都 8日目 障害３歳以上 未勝利       (混) 定量 14頭 本賞金:790,320,200,120,79万円",14,790.0,6,4,5,アルデドゥオーモ,牡,3,58.0,五十嵐,203.3,9,7,27.5,14.0,9-8-7-7,美浦 矢野,482,-2,
202408070805,2024-12-22,京都,5,3歳以上障害未勝利,障,2910,,曇,良,"7回 京都 8日目 障害３歳以上 未勝利       (混) 定量 14頭 本賞金:790,320,200,120,79万円",14,790.0,7,6,9,カイトレッド,牝,7,58.0,上野,203.9,4,3,4.7,14.0,2-2-3-4,美浦 和田雄,484,2,
202408070805,2024-12-22,京都,5,3歳以上障害未勝利,障,2910,,曇,良,"7回 京都 8日目 障害３歳以上 未勝利       (混) 定量 14頭 本賞金:790,320,200,120,79万円",14,790.0,8,7,11,ディープマインド,牡,4,60.0,中村,204.5,3.1/2,9,74.4,14.1,7-7-9-9,栗東 本田,544,14,
202408070805,2024-12-22,京都,5,3歳以上障害未勝利,障,2910,,曇,良,"7回 京都 8日目 障害３歳以上 未勝利       (混) 定量 14頭 本賞金:790,320,200,120,79万円",14,790.0,9,5,8,フィッシュポンド,牡,4,60.0,大江圭,204.6,クビ,10,74.8,14.1,10-10-7-7,美浦 小笠,518,14,
202408070805,2024-12-22,京都,5,3歳以上障害未勝利,障,2910,,曇,良,"7回 京都 8日目 障害３歳以上 未勝利       (混) 定量 14頭 本賞金:790,320,200,120,79万円",14,790.0,10,4,6,ベッサラビア,セ,7,60.0,田村,205.1,3,13,112.2,14.1,12-12-10-10,栗東 藤沢,466,6,
202408070805,2024-12-22,京都,5,3歳以上障害未勝利,障,2910,,曇,良,"7回 京都 8日目 障害３歳以上 未勝利       (混) 定量 14頭 本賞金:790,320,200,120,79万円",14,790.0,11,3,4,プリンセスララア,牝,7,58.0,草野太,205.6,3,11,85.5,14.1,14-14-14-13,美浦 的場,424,-6,
202408070805,2024-12-22,京都,5,3歳以上障害未勝利,障,2910,,曇,良,"7回 京都 8日目 障害３歳以上 未勝利       (混) 定量 14頭 本賞金:790,320,200,120,79万円",14,790.0,12,5,7,アークデトリオンフ,牡,5,60.0,小野寺,205.9,2,14,183.9,14.2,10-10-11-11,美浦 和田郎,490,-2,
202408070805,2024-12-22,京都,5,3歳以上障害未勝利,障,2910,,曇,良,"7回 京都 8日目 障害３歳以上 未勝利       (混) 定量 14頭 本賞金:790,320,200,120,79万円",14,790.0,13,7,12,サトノミスチーフ,牡,4,60.0,黒岩,206.0,3/4,12,87.9,14.2,13-12-11-11,栗東 平田,526,28,
202408070805,2024-12-22,京都,5,3歳以上障害未勝利,障,2910,,曇,良,"7回 京都 8日目 障害３歳以上 未勝利       (混) 定量 14頭 本賞金:790,320,200,120,79万円",14,790.0,14,8,14,ララプロフォン,牡,4,60.0,井上,207.6,10,8,47.4,14.3,7-9-13-14,栗東 坂口,518,18,
202408070806,2024-12-22,京都,6,2歳新馬,芝,1800,右,曇,良,"7回 京都 8日目 サラ系２歳 新馬       [指] 馬齢 14頭 本賞金:720,290,180,110,72万円",14,720.0,1,4,5,マトラコーニッシュ,牝,2,55.0,北村友,109.9,,2,5.3,34.0,13-12,栗東 池添,424,0,
202408070806,2024-12-22,京都,6,2歳新馬,芝,1800,右,曇,良,"7回 京都 8日目 サラ系２歳 新馬       [指] 馬齢 14頭 本賞金:720,290,180,110,72万円",14,720.0,2,7,11,メイショウビストロ,牡,2,56.0,菱田,110.2,1.3/4,7,16.0,35.0,5-5,栗東 岡田,446,0,
202408070806,2024-12-22,京都,6,2歳新馬,芝,1800,右,曇,良,"7回 京都 8日目 サラ系２歳 新馬       [指] 馬齢 14頭 本賞金:720,290,180,110,72万円",14,720.0,3,3,4,レフレクシオ,牝,2,55.0,西村淳,110.4,1.1/4,10,34.4,34.7,9-10,栗東 斉藤崇,452,0,
202408070806,2024-12-22,京都,6,2歳新馬,芝,1800,右,曇,良,"7回 京都 8日目 サラ系２歳 新馬       [指] 馬齢 14頭 本賞金:720,290,180,110,72万円",14,720.0,4,6,10,ウィットビーアビー,牡,2,55.0,☆田口,110.6,1.1/2,5,7.5,35.7,2-2,栗東 池江,488,0,
202408070806,2024-12-22,京都,6,2歳新馬,芝,1800,右,曇,良,"7回 京都 8日目 サラ系２歳 新馬       [指] 馬齢 14頭 本賞金:720,290,180,110,72万円",14,720.0,5,8,13,オフザチェイン,牝,2,55.0,岩田望,110.8,1,3,5.8,35.9,3-2,栗東 友道,466,0,
202408070806,2024-12-22,京都,6,2歳新馬,芝,1800,右,曇,良,"7回 京都 8日目 サラ系２歳 新馬       [指] 馬齢 14頭 本賞金:720,290,180,110,72万円",14,720.0,6,8,14,ラムセスノムスメ,牝,2,53.0,△高杉,110.9,1/2,12,52.8,36.0,1-1,栗東 梅田,424,0,
202408070806,2024-12-22,京都,6,2歳新馬,芝,1800,右,曇,良,"7回 京都 8日目 サラ系２歳 新馬       [指] 馬齢 14頭 本賞金:720,290,180,110,72万円",14,720.0,7,5,8,フララナキラ,牡,2,56.0,浜中,111.1,1.1/4,8,18.6,35.6,9-6,栗東 田中克,460,0,
202408070806,2024-12-22,京都,6,2歳新馬,芝,1800,右,曇,良,"7回 京都 8日目 サラ系２歳 新馬       [指] 馬齢 14頭 本賞金:720,290,180,110,72万円",14,720.0,8,3,3,コスモグローリー,牡,2,56.0,秋山稔,111.1,クビ,1,4.6,35.1,13-12,栗東 北出,460,0,
202408070806,2024-12-22,京都,6,2歳新馬,芝,1800,右,曇,良,"7回 京都 8日目 サラ系２歳 新馬       [指] 馬齢 14頭 本賞金:720,290,180,110,72万円",14,720.0,9,1,1,ピンクベルズ,牝,2,55.0,団野,111.2,3/4,11,51.2,36.0,3-4,栗東 小栗,424,0,
202408070806,2024-12-22,京都,6,2歳新馬,芝,1800,右,曇,良,"7回 京都 8日目 サラ系２歳 新馬       [指] 馬齢 14頭 本賞金:720,290,180,110,72万円",14,720.0,10,5,7,レイバックスピン,牝,2,55.0,Ｍデム,111.7,3,4,5.9,36.2,9-10,栗東 牧浦,484,0,
202408070806,2024-12-22,京都,6,2歳新馬,芝,1800,右,曇,良,"7回 京都 8日目 サラ系２歳 新馬       [指] 馬齢 14頭 本賞金:720,290,180,110,72万円",14,720.0,11,4,6,サンレンブイ,牝,2,55.0,長岡,112.2,3,14,143.9,36.6,5-7,美浦 深山,386,0,
202408070806,2024-12-22,京都,6,2歳新馬,芝,1800,右,曇,良,"7回 京都 8日目 サラ系２歳 新馬       [指] 馬齢 14頭 本賞金:720,290,180,110,72万円",14,720.0,12,6,9,アトラーレ,牝,2,53.0,△吉村,112.3,クビ,9,24.6,36.6,9-12,栗東 中村,420,0,
202408070806,2024-12-22,京都,6,2歳新馬,芝,1800,右,曇,良,"7回 京都 8日目 サラ系２歳 新馬       [指] 馬齢 14頭 本賞金:720,290,180,110,72万円",14,720.0,13,7,12,ジャンプオーバー,牡,2,56.0,藤岡佑,113.1,5,6,7.6,37.8,5-7,栗東 藤岡,508,0,
202408070806,2024-12-22,京都,6,2歳新馬,芝,1800,右,曇,良,"7回 京都 8日目 サラ系２歳 新馬       [指] 馬齢 14頭 本賞金:720,290,180,110,72万円",14,720.0,14,2,2,ジャストオンタイム,牡,2,55.0,☆原,113.2,3/4,13,79.5,37.7,5-7,栗東 森田,464,0,
202408070807,2024-12-22,京都,7,3歳以上1勝クラス,ダ,1200,右,晴,良,"7回 京都 8日目 サラ系３歳以上 １勝クラス       [指] 定量 16頭 本賞金:800,320,200,120,80万円",16,800.0,1,7,13,ヤマカツパトリシア,牝,7,53.0,▲柴田裕,72.9,,10,48.4,36.6,11-11,栗東 谷,476,0,
202408070807,2024-12-22,京都,7,3歳以上1勝クラス,ダ,1200,右,晴,良,"7回 京都 8日目 サラ系３歳以上 １勝クラス       [指] 定量 16頭 本賞金:800,320,200,120,80万円",16,800.0,2,6,11,ゴッドカインド,牝,3,52.0,▲今村,72.9,クビ,7,15.3,37.2,5-4,栗東 飯田,396,-4,
202408070807,2024-12-22,京都,7,3歳以上1勝クラス,ダ,1200,右,晴,良,"7回 京都 8日目 サラ系３歳以上 １勝クラス       [指] 定量 16頭 本賞金:800,320,200,120,80万円",16,800.0,3,3,5,ワイノナオミ,牝,3,52.0,▲川端,73.0,クビ,5,13.6,35.9,16-15,栗東 畑端,462,2,
202408070807,2024-12-22,京都,7,3歳以上1勝クラス,ダ,1200,右,晴,良,"7回 京都 8日目 サラ系３歳以上 １勝クラス       [指] 定量 16頭 本賞金:800,320,200,120,80万円",16,800.0,4,8,16,トモジャアルマンド,牡,7,57.0,☆小沢,73.1,3/4,8,28.3,37.1,8-8,栗東 大根田,504,-2,
202408070807,2024-12-22,京都,7,3歳以上1勝クラス,ダ,1200,右,晴,良,"7回 京都 8日目 サラ系３歳以上 １勝クラス       [指] 定量 16頭 本賞金:800,320,200,120,80万円",16,800.0,5,7,14,ゴイゴイスー,牡,6,58.0,菱田,73.4,1.1/2,9,35.9,37.1,11-8,栗東 中尾,516,4,
202408070807,2024-12-22,京都,7,3歳以上1勝クラス,ダ,1200,右,晴,良,"7回 京都 8日目 サラ系３歳以上 １勝クラス       [指] 定量 16頭 本賞金:800,320,200,120,80万円",16,800.0,6,6,12,ロードドミニオン,セ,7,58.0,川須,73.5,1/2,12,85.1,37.5,8-8,栗東 畑端,446,2,
202408070807,2024-12-22,京都,7,3歳以上1勝クラス,ダ,1200,右,晴,良,"7回 京都 8日目 サラ系３歳以上 １勝クラス       [指] 定量 16頭 本賞金:800,320,200,120,80万円",16,800.0,7,4,7,イロハニホ,牝,3,55.0,国分優,73.8,2,16,315.0,37.0,13-13,栗東 坂口,438,-3,
202408070807,2024-12-22,京都,7,3歳以上1勝クラス,ダ,1200,右,晴,良,"7回 京都 8日目 サラ系３歳以上 １勝クラス       [指] 定量 16頭 本賞金:800,320,200,120,80万円",16,800.0,8,5,10,セールヴォラン,牡,3,57.0,酒井,73.9,3/4,6,13.9,38.4,2-2,栗東 北出,448,2,
202408070807,2024-12-22,京都,7,3歳以上1勝クラス,ダ,1200,右,晴,良,"7回 京都 8日目 サラ系３歳以上 １勝クラス       [指] 定量 16頭 本賞金:800,320,200,120,80万円",16,800.0,9,2,4,プロテア,セ,4,58.0,秋山稔,74.0,アタマ,11,67.8,38.5,1-2,栗東 宮本,474,-4,
202408070807,2024-12-22,京都,7,3歳以上1勝クラス,ダ,1200,右,晴,良,"7回 京都 8日目 サラ系３歳以上 １勝クラス       [指] 定量 16頭 本賞金:800,320,200,120,80万円",16,800.0,10,1,2,ブルスケッタ,牝,3,51.0,★河原田,74.0,ハナ,15,293.2,37.2,13-13,美浦 小手川,500,4,
202408070807,2024-12-22,京都,7,3歳以上1勝クラス,ダ,1200,右,晴,良,"7回 京都 8日目 サラ系３歳以上 １勝クラス       [指] 定量 16頭 本賞金:800,320,200,120,80万円",16,800.0,11,4,8,ニホンピロカラット,牡,3,56.0,☆田口,74.2,1.1/4,3,4.2,38.7,2-1,栗東 大橋,526,22,
202408070807,2024-12-22,京都,7,3歳以上1勝クラス,ダ,1200,右,晴,良,"7回 京都 8日目 サラ系３歳以上 １勝クラス       [指] 定量 16頭 本賞金:800,320,200,120,80万円",16,800.0,12,5,9,オコタンペ,牡,3,57.0,佐々木,74.2,クビ,4,7.6,38.4,5-6,栗東 須貝,490,0,
202408070807,2024-12-22,京都,7,3歳以上1勝クラス,ダ,1200,右,晴,良,"7回 京都 8日目 サラ系３歳以上 １勝クラス       [指] 定量 16頭 本賞金:800,320,200,120,80万円",16,800.0,13,8,15,フェリーニ,牡,3,57.0,西村淳,74.3,アタマ,2,3.8,38.5,5-6,栗東 橋口,514,12,
202408070807,2024-12-22,京都,7,3歳以上1勝クラス,ダ,1200,右,晴,良,"7回 京都 8日目 サラ系３歳以上 １勝クラス       [指] 定量 16頭 本賞金:800,320,200,120,80万円",16,800.0,14,2,3,ルージュルミナス,牝,5,54.0,◇永島,74.4,1/2,13,130.3,38.3,8-11,栗東 平田,468,8,
202408070807,2024-12-22,京都,7,3歳以上1勝クラス,ダ,1200,右,晴,良,"7回 京都 8日目 サラ系３歳以上 １勝クラス       [指] 定量 16頭 本賞金:800,320,200,120,80万円",16,800.0,15,3,6,フルオブプレイズ,牡,4,58.0,丹内祐,75.5,7,14,165.1,38.5,15-16,栗東 河内,504,12,
202408070807,2024-12-22,京都,7,3歳以上1勝クラス,ダ,1200,右,晴,良,"7回 京都 8日目 サラ系３歳以上 １勝クラス       [指] 定量 16頭 本賞金:800,320,200,120,80万円",16,800.0,16,1,1,ヨシノヤッタルデー,牡,3,57.0,岩田望,75.9,2.1/2,1,3.5,40.4,2-4,栗東 中竹,456,6,
202408070808,2024-12-22,京都,8,3歳以上2勝クラス,ダ,1400,右,晴,良,"7回 京都 8日目 サラ系３歳以上 ２勝クラス       (混)[指] 定量 16頭 本賞金:1140,460,290,170,114万円",16,1140.0,1,5,10,スターペスカオリ,牝,4,56.0,角田和,85.4,,13,98.8,36.4,14-11,栗東 石橋,460,2,
202408070808,2024-12-22,京都,8,3歳以上2勝クラス,ダ,1400,右,晴,良,"7回 京都 8日目 サラ系３歳以上 ２勝クラス       (混)[指] 定量 16頭 本賞金:1140,460,290,170,114万円",16,1140.0,2,4,7,プロミシングスター,牡,3,57.0,岩田望,85.5,1/2,2,4.7,36.8,8-9,栗東 高橋忠,456,2,
202408070808,2024-12-22,京都,8,3歳以上2勝クラス,ダ,1400,右,晴,良,"7回 京都 8日目 サラ系３歳以上 ２勝クラス       (混)[指] 定量 16頭 本賞金:1140,460,290,170,114万円",16,1140.0,3,4,8,ダノンスウィッチ,牡,3,57.0,浜中,85.8,1.1/2,4,8.7,37.9,2-1,栗東 音無,488,10,
202408070808,2024-12-22,京都,8,3歳以上2勝クラス,ダ,1400,右,晴,良,"7回 京都 8日目 サラ系３歳以上 ２勝クラス       (混)[指] 定量 16頭 本賞金:1140,460,290,170,114万円",16,1140.0,4,3,6,バックトゥザライト,牡,4,58.0,団野大,85.9,クビ,8,33.9,37.3,8-7,栗東 辻野,518,-2,
202408070808,2024-12-22,京都,8,3歳以上2勝クラス,ダ,1400,右,晴,良,"7回 京都 8日目 サラ系３歳以上 ２勝クラス       (混)[指] 定量 16頭 本賞金:1140,460,290,170,114万円",16,1140.0,5,3,5,セミマル,牡,4,58.0,西村淳,85.9,クビ,1,2.3,37.6,5-5,栗東 西村,532,6,
202408070808,2024-12-22,京都,8,3歳以上2勝クラス,ダ,1400,右,晴,良,"7回 京都 8日目 サラ系３歳以上 ２勝クラス       (混)[指] 定量 16頭 本賞金:1140,460,290,170,114万円",16,1140.0,6,8,15,ルージュスタニング,牝,3,55.0,荻野極,86.0,1/2,3,5.2,37.6,5-8,栗東 友道,512,2,
202408070808,2024-12-22,京都,8,3歳以上2勝クラス,ダ,1400,右,晴,良,"7回 京都 8日目 サラ系３歳以上 ２勝クラス       (混)[指] 定量 16頭 本賞金:1140,460,290,170,114万円",16,1140.0,7,2,3,トーセンサウダージ,牡,4,58.0,古川吉,86.1,1/2,10,69.0,37.2,12-13,美浦 杉浦,526,0,
202408070808,2024-12-22,京都,8,3歳以上2勝クラス,ダ,1400,右,晴,良,"7回 京都 8日目 サラ系３歳以上 ２勝クラス       (混)[指] 定量 16頭 本賞金:1140,460,290,170,114万円",16,1140.0,8,2,4,アストラカ,セ,3,57.0,吉田隼,86.1,アタマ,5,14.4,37.9,5-3,栗東 田中克,496,2,
202408070808,2024-12-22,京都,8,3歳以上2勝クラス,ダ,1400,右,晴,良,"7回 京都 8日目 サラ系３歳以上 ２勝クラス       (混)[指] 定量 16頭 本賞金:1140,460,290,170,114万円",16,1140.0,9,7,14,ヒルノピレネー,牡,4,58.0,秋山稔,86.2,クビ,6,14.8,38.0,4-5,栗東 北出,464,4,
202408070808,2024-12-22,京都,8,3歳以上2勝クラス,ダ,1400,右,晴,良,"7回 京都 8日目 サラ系３歳以上 ２勝クラス       (混)[指] 定量 16頭 本賞金:1140,460,290,170,114万円",16,1140.0,10,6,11,エヴィダンシア,牡,5,56.0,△吉村,86.5,1.3/4,16,165.8,37.3,15-15,栗東 緒方,502,12,
202408070808,2024-12-22,京都,8,3歳以上2勝クラス,ダ,1400,右,晴,良,"7回 京都 8日目 サラ系３歳以上 ２勝クラス       (混)[指] 定量 16頭 本賞金:1140,460,290,170,114万円",16,1140.0,11,6,12,ピースキーパー,牝,5,56.0,城戸,86.5,ハナ,11,89.1,37.7,12-9,栗東 奥村豊,454,2,
202408070808,2024-12-22,京都,8,3歳以上2勝クラス,ダ,1400,右,晴,良,"7回 京都 8日目 サラ系３歳以上 ２勝クラス       (混)[指] 定量 16頭 本賞金:1140,460,290,170,114万円",16,1140.0,12,5,9,スマートビクター,牡,5,58.0,斎藤,86.8,2,12,97.7,38.8,2-3,栗東 吉田,524,0,
202408070808,2024-12-22,京都,8,3歳以上2勝クラス,ダ,1400,右,晴,良,"7回 京都 8日目 サラ系３歳以上 ２勝クラス       (混)[指] 定量 16頭 本賞金:1140,460,290,170,114万円",16,1140.0,13,8,16,ライズンシャイン,牝,6,53.0,▲柴田裕,87.1,2,15,130.7,38.3,8-13,栗東 岡田,498,-12,
202408070808,2024-12-22,京都,8,3歳以上2勝クラス,ダ,1400,右,晴,良,"7回 京都 8日目 サラ系３歳以上 ２勝クラス       (混)[指] 定量 16頭 本賞金:1140,460,290,170,114万円",16,1140.0,14,1,1,サクハル,牡,5,58.0,長岡,87.5,2.1/2,14,127.6,39.7,1-2,栗東 今野,506,8,
202408070808,2024-12-22,京都,8,3歳以上2勝クラス,ダ,1400,右,晴,良,"7回 京都 8日目 サラ系３歳以上 ２勝クラス       (混)[指] 定量 16頭 本賞金:1140,460,290,170,114万円",16,1140.0,15,1,2,コパノマイアミ,牝,3,51.0,★河原田,88.5,6,9,55.0,39.8,8-11,栗東 宮,482,2,
202408070808,2024-12-22,京都,8,3歳以上2勝クラス,ダ,1400,右,晴,良,"7回 京都 8日目 サラ系３歳以上 ２勝クラス       (混)[指] 定量 16頭 本賞金:1140,460,290,170,114万円",16,1140.0,,7,13,プロトポロス,牡,4,58.0,亀田,,,7,17.7,,,栗東 西村,494,10,中止
202408070809,2024-12-22,京都,9,クリスマスエルフ賞,ダ,1800,右,晴,良,"7回 京都 8日目 サラ系３歳以上 ２勝クラス       (混)(特指) 定量 16頭 本賞金:1550,620,390,230,155万円",16,1550.0,1,7,13,タンゴバイラリン,牡,3,57.0,田辺,113.8,,1,2.9,37.3,9-9-9-8,美浦 栗田,510,-2,
202408070809,2024-12-22,京都,9,クリスマスエルフ賞,ダ,1800,右,晴,良,"7回 京都 8日目 サラ系３歳以上 ２勝クラス       (混)(特指) 定量 16頭 本賞金:1550,620,390,230,155万円",16,1550.0,2,1,2,ジョータルマエ,セ,4,58.0,鮫島良,113.9,3/4,3,7.1,38.7,1-1-1-1,栗東 河嶋,500,6,
202408070809,2024-12-22,京都,9,クリスマスエルフ賞,ダ,1800,右,晴,良,"7回 京都 8日目 サラ系３歳以上 ２勝クラス       (混)(特指) 定量 16頭 本賞金:1550,620,390,230,155万円",16,1550.0,3,2,3,サトノトルネード,牡,4,58.0,西村淳,114.0,クビ,4,7.3,37.9,5-5-4-5,美浦 国枝,518,-4,
202408070809,2024-12-22,京都,9,クリスマスエルフ賞,ダ,1800,右,晴,良,"7回 京都 8日目 サラ系３歳以上 ２勝クラス       (混)(特指) 定量 16頭 本賞金:1550,620,390,230,155万円",16,1550.0,4,5,9,ジャスパーバローズ,牡,4,58.0,岩田望,114.3,2,5,12.1,38.5,2-2-2-2,栗東 清水久,514,12,
202408070809,2024-12-22,京都,9,クリスマスエルフ賞,ダ,1800,右,晴,良,"7回 京都 8日目 サラ系３歳以上 ２勝クラス       (混)(特指) 定量 16頭 本賞金:1550,620,390,230,155万円",16,1550.0,5,5,10,サンライズゴラッソ,牡,6,58.0,田口貫,114.4,1/2,9,29.9,38.2,7-7-6-5,栗東 河内,528,28,
202408070809,2024-12-22,京都,9,クリスマスエルフ賞,ダ,1800,右,晴,良,"7回 京都 8日目 サラ系３歳以上 ２勝クラス       (混)(特指) 定量 16頭 本賞金:1550,620,390,230,155万円",16,1550.0,6,2,4,トゥルブレンシア,セ,7,58.0,丹内,114.5,クビ,6,15.3,38.0,12-12-9-8,栗東 藤沢,470,4,
202408070809,2024-12-22,京都,9,クリスマスエルフ賞,ダ,1800,右,晴,良,"7回 京都 8日目 サラ系３歳以上 ２勝クラス       (混)(特指) 定量 16頭 本賞金:1550,620,390,230,155万円",16,1550.0,7,3,5,クールブロン,牡,4,58.0,菱田,114.5,アタマ,12,36.5,38.2,7-7-7-7,栗東 武幸,532,-2,
202408070809,2024-12-22,京都,9,クリスマスエルフ賞,ダ,1800,右,晴,良,"7回 京都 8日目 サラ系３歳以上 ２勝クラス       (混)(特指) 定量 16頭 本賞金:1550,620,390,230,155万円",16,1550.0,8,6,12,グーヴェルナイユ,牡,3,57.0,Ｍデム,114.8,1.1/2,2,4.5,39.0,5-5-2-2,栗東 武幸,464,2,
202408070809,2024-12-22,京都,9,クリスマスエルフ賞,ダ,1800,右,晴,良,"7回 京都 8日目 サラ系３歳以上 ２勝クラス       (混)(特指) 定量 16頭 本賞金:1550,620,390,230,155万円",16,1550.0,9,7,14,ケイアイメキラ,セ,4,58.0,亀田,114.9,3/4,8,24.9,38.1,12-12-11-10,栗東 村山,458,-4,
202408070809,2024-12-22,京都,9,クリスマスエルフ賞,ダ,1800,右,晴,良,"7回 京都 8日目 サラ系３歳以上 ２勝クラス       (混)(特指) 定量 16頭 本賞金:1550,620,390,230,155万円",16,1550.0,10,8,16,グレン,牡,4,58.0,団野,114.9,アタマ,10,34.9,38.9,4-4-4-4,栗東 野中,500,6,
202408070809,2024-12-22,京都,9,クリスマスエルフ賞,ダ,1800,右,晴,良,"7回 京都 8日目 サラ系３歳以上 ２勝クラス       (混)(特指) 定量 16頭 本賞金:1550,620,390,230,155万円",16,1550.0,11,6,11,スカイドゥエラー,牡,6,58.0,田中健,115.3,2,15,154.4,37.9,15-15-14-14,栗東 谷,452,0,
202408070809,2024-12-22,京都,9,クリスマスエルフ賞,ダ,1800,右,晴,良,"7回 京都 8日目 サラ系３歳以上 ２勝クラス       (混)(特指) 定量 16頭 本賞金:1550,620,390,230,155万円",16,1550.0,12,1,1,リミットバスター,牡,4,58.0,佐々木,115.4,1,14,50.4,38.4,9-9-13-13,栗東 杉山晴,526,0,
202408070809,2024-12-22,京都,9,クリスマスエルフ賞,ダ,1800,右,晴,良,"7回 京都 8日目 サラ系３歳以上 ２勝クラス       (混)(特指) 定量 16頭 本賞金:1550,620,390,230,155万円",16,1550.0,13,3,6,アルベリック,牡,3,57.0,柴田裕,115.7,1.1/2,7,19.0,39.0,9-9-11-10,栗東 中竹,470,6,
202408070809,2024-12-22,京都,9,クリスマスエルフ賞,ダ,1800,右,晴,良,"7回 京都 8日目 サラ系３歳以上 ２勝クラス       (混)(特指) 定量 16頭 本賞金:1550,620,390,230,155万円",16,1550.0,14,8,15,ミューオン,セ,5,58.0,古川吉,117.7,大,16,260.4,40.1,16-16-14-15,栗東 大根田,498,-2,
202408070809,2024-12-22,京都,9,クリスマスエルフ賞,ダ,1800,右,晴,良,"7回 京都 8日目 サラ系３歳以上 ２勝クラス       (混)(特指) 定量 16頭 本賞金:1550,620,390,230,155万円",16,1550.0,15,4,8,ユメハハテシナク,牡,4,58.0,高杉,118.4,4,11,36.3,41.9,2-3-7-10,栗東 石坂,490,2,
202408070809,2024-12-22,京都,9,クリスマスエルフ賞,ダ,1800,右,晴,良,"7回 京都 8日目 サラ系３歳以上 ２勝クラス       (混)(特指) 定量 16頭 本賞金:1550,620,390,230,155万円",16,1550.0,16,4,7,デルマアートマン,セ,3,57.0,小沢,120.9,大,13,44.6,40.8,12-14-16-16,栗東 牧田,500,24,
202408070810,2024-12-22,京都,10,サンタクロースS,芝,2000,右,晴,良,"7回 京都 8日目 サラ系３歳以上 ３勝クラス       (混)(特指) 定量 14頭 本賞金:1840,740,460,280,184万円",14,1840.0,1,8,14,ホウオウプロサンゲ,牡,3,57.0,菱田,120.9,,4,9.2,34.1,1-1-1-1,栗東 矢作,492,0,
202408070810,2024-12-22,京都,10,サンタクロースS,芝,2000,右,晴,良,"7回 京都 8日目 サラ系３歳以上 ３勝クラス       (混)(特指) 定量 14頭 本賞金:1840,740,460,280,184万円",14,1840.0,2,8,13,モズロックンロール,牡,4,58.0,Ｍ．デ,121.1,1.1/4,8,34.6,34.1,4-3-3-6,栗東 藤岡,516,2,
202408070810,2024-12-22,京都,10,サンタクロースS,芝,2000,右,晴,良,"7回 京都 8日目 サラ系３歳以上 ３勝クラス       (混)(特指) 定量 14頭 本賞金:1840,740,460,280,184万円",14,1840.0,3,4,6,シュタールヴィント,牡,4,58.0,藤岡佑,121.2,1,5,16.3,34.2,2-3-3-4,栗東 矢作,450,0,
202408070810,2024-12-22,京都,10,サンタクロースS,芝,2000,右,晴,良,"7回 京都 8日目 サラ系３歳以上 ３勝クラス       (混)(特指) 定量 14頭 本賞金:1840,740,460,280,184万円",14,1840.0,4,3,3,ガイアメンテ,牡,3,57.0,佐々木,121.2,アタマ,1,2.2,33.9,13-13-11-7,栗東 須貝,502,2,
202408070810,2024-12-22,京都,10,サンタクロースS,芝,2000,右,晴,良,"7回 京都 8日目 サラ系３歳以上 ３勝クラス       (混)(特指) 定量 14頭 本賞金:1840,740,460,280,184万円",14,1840.0,5,3,4,ドットクルー,牡,4,58.0,小沢,121.2,アタマ,10,42.8,33.9,6-9-8-7,栗東 笹田,464,-2,
202408070810,2024-12-22,京都,10,サンタクロースS,芝,2000,右,晴,良,"7回 京都 8日目 サラ系３歳以上 ３勝クラス       (混)(特指) 定量 14頭 本賞金:1840,740,460,280,184万円",14,1840.0,6,7,11,シャザーン,牡,4,58.0,岩田望,121.3,1/2,2,3.8,34.0,6-7-8-7,栗東 友道,504,6,
202408070810,2024-12-22,京都,10,サンタクロースS,芝,2000,右,晴,良,"7回 京都 8日目 サラ系３歳以上 ３勝クラス       (混)(特指) 定量 14頭 本賞金:1840,740,460,280,184万円",14,1840.0,7,6,10,ロワンディシー,牡,6,58.0,酒井,121.3,ハナ,9,40.7,33.9,11-10-11-12,栗東 北出,454,-4,
202408070810,2024-12-22,京都,10,サンタクロースS,芝,2000,右,晴,良,"7回 京都 8日目 サラ系３歳以上 ３勝クラス       (混)(特指) 定量 14頭 本賞金:1840,740,460,280,184万円",14,1840.0,8,2,2,ニューノーマル,牝,5,56.0,浜中,121.5,1.1/4,11,92.7,34.0,9-11-11-12,美浦 上原佑,460,2,
202408070810,2024-12-22,京都,10,サンタクロースS,芝,2000,右,晴,良,"7回 京都 8日目 サラ系３歳以上 ３勝クラス       (混)(特指) 定量 14頭 本賞金:1840,740,460,280,184万円",14,1840.0,9,5,7,エリダヌス,牝,4,56.0,丹内,121.6,アタマ,6,22.2,34.8,2-2-2-2,美浦 青木,496,4,
202408070810,2024-12-22,京都,10,サンタクロースS,芝,2000,右,晴,良,"7回 京都 8日目 サラ系３歳以上 ３勝クラス       (混)(特指) 定量 14頭 本賞金:1840,740,460,280,184万円",14,1840.0,10,4,5,ニホンピロタイズ,牡,6,58.0,田口,121.8,1.1/4,14,187.8,34.3,11-11-11-12,栗東 大橋,516,0,
202408070810,2024-12-22,京都,10,サンタクロースS,芝,2000,右,晴,良,"7回 京都 8日目 サラ系３歳以上 ３勝クラス       (混)(特指) 定量 14頭 本賞金:1840,740,460,280,184万円",14,1840.0,11,7,12,ワイドアラジン,牡,4,58.0,団野,121.8,クビ,7,28.9,34.7,4-5-5-4,栗東 奥村豊,486,-4,
202408070810,2024-12-22,京都,10,サンタクロースS,芝,2000,右,晴,良,"7回 京都 8日目 サラ系３歳以上 ３勝クラス       (混)(特指) 定量 14頭 本賞金:1840,740,460,280,184万円",14,1840.0,12,6,9,エラトー,牝,3,55.0,西村淳,122.4,3.1/2,3,5.1,35.2,9-5-5-7,栗東 上村,494,6,
202408070810,2024-12-22,京都,10,サンタクロースS,芝,2000,右,晴,良,"7回 京都 8日目 サラ系３歳以上 ３勝クラス       (混)(特指) 定量 14頭 本賞金:1840,740,460,280,184万円",14,1840.0,13,5,8,ゲンパチムサシ,牡,6,58.0,北村友,122.6,1.1/4,12,152.5,35.7,14-14-5-3,栗東 佐々木,504,4,
202408070810,2024-12-22,京都,10,サンタクロースS,芝,2000,右,晴,良,"7回 京都 8日目 サラ系３歳以上 ３勝クラス       (混)(特指) 定量 14頭 本賞金:1840,740,460,280,184万円",14,1840.0,14,1,1,セレブレイトガイズ,牡,5,58.0,亀田,122.8,1,13,163.9,35.5,6-7-8-7,栗東 石坂,524,30,
202408070811,2024-12-22,京都,11,りんくうS,ダ,1200,右,晴,良,"7回 京都 8日目 サラ系３歳以上 オープン       (国際)(特指) 別定 16頭 本賞金:2200,880,550,330,220万円",16,2200.0,1,6,11,ドンアミティエ,牡,4,57.0,菱田,71.5,,4,7.9,36.0,8-8,栗東 今野,504,-2,
202408070811,2024-12-22,京都,11,りんくうS,ダ,1200,右,晴,良,"7回 京都 8日目 サラ系３歳以上 オープン       (国際)(特指) 別定 16頭 本賞金:2200,880,550,330,220万円",16,2200.0,2,4,8,スターターン,牡,3,56.0,丹内,71.8,1.3/4,1,2.4,35.9,13-14,栗東 坂口,508,12,
202408070811,2024-12-22,京都,11,りんくうS,ダ,1200,右,晴,良,"7回 京都 8日目 サラ系３歳以上 オープン       (国際)(特指) 別定 16頭 本賞金:2200,880,550,330,220万円",16,2200.0,3,2,3,エーティーマクフィ,牡,5,57.0,藤岡佑,71.9,クビ,2,5.5,36.0,14-11,栗東 武英,486,12,
202408070811,2024-12-22,京都,11,りんくうS,ダ,1200,右,晴,良,"7回 京都 8日目 サラ系３歳以上 オープン       (国際)(特指) 別定 16頭 本賞金:2200,880,550,330,220万円",16,2200.0,4,5,9,メズメライザー,セ,5,57.0,岩田望,72.1,1.1/4,13,58.8,36.4,10-11,栗東 千田,530,12,
202408070811,2024-12-22,京都,11,りんくうS,ダ,1200,右,晴,良,"7回 京都 8日目 サラ系３歳以上 オープン       (国際)(特指) 別定 16頭 本賞金:2200,880,550,330,220万円",16,2200.0,5,1,1,ハチメンロッピ,牡,4,57.0,原,72.3,1.1/4,8,23.0,36.4,14-14,美浦 矢野,518,10,
202408070811,2024-12-22,京都,11,りんくうS,ダ,1200,右,晴,良,"7回 京都 8日目 サラ系３歳以上 オープン       (国際)(特指) 別定 16頭 本賞金:2200,880,550,330,220万円",16,2200.0,6,3,5,ロードラディウス,牡,4,57.0,長岡禎,72.5,1.1/2,10,42.1,37.2,5-5,栗東 森田,488,6,
202408070811,2024-12-22,京都,11,りんくうS,ダ,1200,右,晴,良,"7回 京都 8日目 サラ系３歳以上 オープン       (国際)(特指) 別定 16頭 本賞金:2200,880,550,330,220万円",16,2200.0,7,4,7,パラシュラーマ,牡,4,57.0,北村友,72.6,クビ,3,7.1,36.2,16-16,栗東 浜田,480,10,
202408070811,2024-12-22,京都,11,りんくうS,ダ,1200,右,晴,良,"7回 京都 8日目 サラ系３歳以上 オープン       (国際)(特指) 別定 16頭 本賞金:2200,880,550,330,220万円",16,2200.0,8,2,4,ボナンザ,牡,4,57.0,西村淳,72.6,アタマ,6,15.5,37.2,8-8,栗東 庄野,508,4,
202408070811,2024-12-22,京都,11,りんくうS,ダ,1200,右,晴,良,"7回 京都 8日目 サラ系３歳以上 オープン       (国際)(特指) 別定 16頭 本賞金:2200,880,550,330,220万円",16,2200.0,9,7,14,ジャングロ,牡,5,59.0,団野,72.9,1.3/4,14,60.0,37.6,5-5,栗東 森秀,478,8,
202408070811,2024-12-22,京都,11,りんくうS,ダ,1200,右,晴,良,"7回 京都 8日目 サラ系３歳以上 オープン       (国際)(特指) 別定 16頭 本賞金:2200,880,550,330,220万円",16,2200.0,10,8,15,ファーンヒル,牡,5,57.0,吉村,73.0,クビ,12,53.7,38.0,3-3,栗東 清水久,482,4,
202408070811,2024-12-22,京都,11,りんくうS,ダ,1200,右,晴,良,"7回 京都 8日目 サラ系３歳以上 オープン       (国際)(特指) 別定 16頭 本賞金:2200,880,550,330,220万円",16,2200.0,11,5,10,クリノマジン,牡,5,57.0,秋山稔,73.1,1/2,16,174.9,37.5,10-8,栗東 高橋忠,468,16,
202408070811,2024-12-22,京都,11,りんくうS,ダ,1200,右,晴,良,"7回 京都 8日目 サラ系３歳以上 オープン       (国際)(特指) 別定 16頭 本賞金:2200,880,550,330,220万円",16,2200.0,12,3,6,オメガシンフォニー,牝,4,55.0,佐々木,73.1,クビ,11,43.9,37.4,12-11,美浦 大和田,498,-10,
202408070811,2024-12-22,京都,11,りんくうS,ダ,1200,右,晴,良,"7回 京都 8日目 サラ系３歳以上 オープン       (国際)(特指) 別定 16頭 本賞金:2200,880,550,330,220万円",16,2200.0,13,8,16,ダノンセシボン,牝,4,55.0,田口,73.7,3.1/2,9,30.7,38.9,1-1,栗東 千田,512,8,
202408070811,2024-12-22,京都,11,りんくうS,ダ,1200,右,晴,良,"7回 京都 8日目 サラ系３歳以上 オープン       (国際)(特指) 別定 16頭 本賞金:2200,880,550,330,220万円",16,2200.0,14,6,12,エランティス,牝,4,55.0,泉谷,73.7,アタマ,7,16.1,38.8,2-2,栗東 杉山晴,494,6,
202408070811,2024-12-22,京都,11,りんくうS,ダ,1200,右,晴,良,"7回 京都 8日目 サラ系３歳以上 オープン       (国際)(特指) 別定 16頭 本賞金:2200,880,550,330,220万円",16,2200.0,15,7,13,カルネアサーダ,牝,5,56.0,川須,74.0,1.1/2,15,60.7,39.0,3-3,栗東 福永,476,6,
202408070811,2024-12-22,京都,11,りんくうS,ダ,1200,右,晴,良,"7回 京都 8日目 サラ系３歳以上 オープン       (国際)(特指) 別定 16頭 本賞金:2200,880,550,330,220万円",16,2200.0,16,1,2,ジョーローリット,牝,3,54.0,Ｍデム,74.4,2.1/2,5,14.5,39.3,5-5,栗東 中竹,482,-4,
202408070812,2024-12-22,京都,12,ジングルベル賞,芝,1400,右,晴,良,"7回 京都 8日目 サラ系３歳以上 ２勝クラス       (混)[指] ハンデ 17頭 本賞金:1550,620,390,230,155万円",17,1550.0,1,5,10,ヤマニンアルリフラ,牡,3,53.0,Ｍデム,81.2,,4,6.9,33.7,5-4,栗東 斉藤崇,482,4,
202408070812,2024-12-22,京都,12,ジングルベル賞,芝,1400,右,晴,良,"7回 京都 8日目 サラ系３歳以上 ２勝クラス       (混)[指] ハンデ 17頭 本賞金:1550,620,390,230,155万円",17,1550.0,2,2,4,ショウナンラウール,牝,3,51.0,田口,81.6,2.1/2,9,23.7,34.4,3-3,栗東 高橋忠,430,12,
202408070812,2024-12-22,京都,12,ジングルベル賞,芝,1400,右,晴,良,"7回 京都 8日目 サラ系３歳以上 ２勝クラス       (混)[指] ハンデ 17頭 本賞金:1550,620,390,230,155万円",17,1550.0,3,5,9,システムリブート,牡,4,55.0,北村友,81.6,クビ,10,33.3,34.6,1-1,栗東 吉岡,522,10,
202408070812,2024-12-22,京都,12,ジングルベル賞,芝,1400,右,晴,良,"7回 京都 8日目 サラ系３歳以上 ２勝クラス       (混)[指] ハンデ 17頭 本賞金:1550,620,390,230,155万円",17,1550.0,4,4,7,ダズリングブレイヴ,セ,4,56.0,亀田,81.7,1/2,2,4.3,34.1,7-6,栗東 斉藤崇,490,6,
202408070812,2024-12-22,京都,12,ジングルベル賞,芝,1400,右,晴,良,"7回 京都 8日目 サラ系３歳以上 ２勝クラス       (混)[指] ハンデ 17頭 本賞金:1550,620,390,230,155万円",17,1550.0,5,7,14,マテンロウボンド,牡,5,55.0,藤岡佑,81.9,1.1/4,11,35.5,33.8,14-13,栗東 野中,504,6,
202408070812,2024-12-22,京都,12,ジングルベル賞,芝,1400,右,晴,良,"7回 京都 8日目 サラ系３歳以上 ２勝クラス       (混)[指] ハンデ 17頭 本賞金:1550,620,390,230,155万円",17,1550.0,6,6,12,テラステラ,牡,4,57.0,菱田,82.0,クビ,1,3.9,34.2,7-10,栗東 矢作,480,-2,
202408070812,2024-12-22,京都,12,ジングルベル賞,芝,1400,右,晴,良,"7回 京都 8日目 サラ系３歳以上 ２勝クラス       (混)[指] ハンデ 17頭 本賞金:1550,620,390,230,155万円",17,1550.0,7,3,6,スカプラリオ,牝,4,51.0,酒井,82.0,アタマ,16,171.3,34.3,9-8,栗東 佐々木,468,6,
202408070812,2024-12-22,京都,12,ジングルベル賞,芝,1400,右,晴,良,"7回 京都 8日目 サラ系３歳以上 ２勝クラス       (混)[指] ハンデ 17頭 本賞金:1550,620,390,230,155万円",17,1550.0,8,4,8,ケイアイオメガ,牡,5,54.0,古川吉,82.0,アタマ,15,74.4,34.0,12-10,栗東 梅田,468,10,
202408070812,2024-12-22,京都,12,ジングルベル賞,芝,1400,右,晴,良,"7回 京都 8日目 サラ系３歳以上 ２勝クラス       (混)[指] ハンデ 17頭 本賞金:1550,620,390,230,155万円",17,1550.0,9,7,13,ヴィアドロローサ,牡,5,55.0,斎藤,82.0,ハナ,17,217.8,34.9,2-2,栗東 高橋一,448,-4,
202408070812,2024-12-22,京都,12,ジングルベル賞,芝,1400,右,晴,良,"7回 京都 8日目 サラ系３歳以上 ２勝クラス       (混)[指] ハンデ 17頭 本賞金:1550,620,390,230,155万円",17,1550.0,10,8,17,ルヴァンノワール,牝,6,53.0,荻野極,82.0,アタマ,12,53.2,34.5,5-6,栗東 庄野,464,-2,
202408070812,2024-12-22,京都,12,ジングルベル賞,芝,1400,右,晴,良,"7回 京都 8日目 サラ系３歳以上 ２勝クラス       (混)[指] ハンデ 17頭 本賞金:1550,620,390,230,155万円",17,1550.0,11,8,15,ファビュラススター,牡,3,56.0,西村淳,82.2,1,3,5.6,34.5,9-8,美浦 萩原,506,-2,
202408070812,2024-12-22,京都,12,ジングルベル賞,芝,1400,右,晴,良,"7回 京都 8日目 サラ系３歳以上 ２勝クラス       (混)[指] ハンデ 17頭 本賞金:1550,620,390,230,155万円",17,1550.0,12,1,2,メイショウカイト,牝,6,54.0,団野,82.2,クビ,6,16.7,34.0,14-13,栗東 荒川,466,-2,
202408070812,2024-12-22,京都,12,ジングルベル賞,芝,1400,右,晴,良,"7回 京都 8日目 サラ系３歳以上 ２勝クラス       (混)[指] ハンデ 17頭 本賞金:1550,620,390,230,155万円",17,1550.0,13,1,1,ロゼフレア,牝,3,53.0,岩田望,82.3,クビ,7,20.9,34.1,17-13,栗東 中村,452,6,
202408070812,2024-12-22,京都,12,ジングルベル賞,芝,1400,右,晴,良,"7回 京都 8日目 サラ系３歳以上 ２勝クラス       (混)[指] ハンデ 17頭 本賞金:1550,620,390,230,155万円",17,1550.0,14,3,5,アサギリ,牝,3,52.0,永島,82.3,ハナ,14,68.7,33.9,14-17,美浦 尾形,460,-4,
202408070812,2024-12-22,京都,12,ジングルベル賞,芝,1400,右,晴,良,"7回 京都 8日目 サラ系３歳以上 ２勝クラス       (混)[指] ハンデ 17頭 本賞金:1550,620,390,230,155万円",17,1550.0,15,6,11,エイムフォーエース,牡,3,55.0,高杉,82.3,アタマ,8,21.7,34.3,9-13,美浦 武井,444,0,
202408070812,2024-12-22,京都,12,ジングルベル賞,芝,1400,右,晴,良,"7回 京都 8日目 サラ系３歳以上 ２勝クラス       (混)[指] ハンデ 17頭 本賞金:1550,620,390,230,155万円",17,1550.0,16,8,16,クイックバイオ,牝,3,54.0,佐々木,82.4,3/4,5,8.4,35.2,3-4,栗東 須貝,490,-4,
202408070812,2024-12-22,京都,12,ジングルベル賞,芝,1400,右,晴,良,"7回 京都 8日目 サラ系３歳以上 ２勝クラス       (混)[指] ハンデ 17頭 本賞金:1550,620,390,230,155万円",17,1550.0,17,2,3,レッドバレンティア,牡,4,55.0,丹内,82.5,1/2,13,59.1,34.7,12-10,美浦 矢嶋,460,4,
202406050901,2024-12-28,中山,1,2歳未勝利,ダ,1200,右,晴,良,"5回 中山 9日目 サラ系２歳 未勝利       [指] 馬齢 16頭 本賞金:550,220,140,83,55万円",16,550.0,1,4,8,アパッシメント,牡,2,56.0,佐々木,72.5,,1,1.7,38.5,2-2,美浦 堀,486,8,
202406050901,2024-12-28,中山,1,2歳未勝利,ダ,1200,右,晴,良,"5回 中山 9日目 サラ系２歳 未勝利       [指] 馬齢 16頭 本賞金:550,220,140,83,55万円",16,550.0,2,5,10,リクエイ,牝,2,55.0,戸崎圭,73.0,3.1/2,4,8.2,39.1,2-2,美浦 竹内,420,0,
202406050901,2024-12-28,中山,1,2歳未勝利,ダ,1200,右,晴,良,"5回 中山 9日目 サラ系２歳 未勝利       [指] 馬齢 16頭 本賞金:550,220,140,83,55万円",16,550.0,3,4,7,ショウナンラリー,牡,2,56.0,吉田豊,73.1,クビ,3,7.5,39.3,1-1,美浦 嘉藤,480,0,
202406050901,2024-12-28,中山,1,2歳未勝利,ダ,1200,右,晴,良,"5回 中山 9日目 サラ系２歳 未勝利       [指] 馬齢 16頭 本賞金:550,220,140,83,55万円",16,550.0,4,3,5,サツキレジーナ,牝,2,55.0,小林凌,73.2,クビ,12,214.3,38.0,12-11,美浦 石栗,424,0,
202406050901,2024-12-28,中山,1,2歳未勝利,ダ,1200,右,晴,良,"5回 中山 9日目 サラ系２歳 未勝利       [指] 馬齢 16頭 本賞金:550,220,140,83,55万円",16,550.0,5,7,13,バースフラワー,牝,2,55.0,三浦,73.3,1/2,7,32.7,38.6,9-9,美浦 小手川,436,-6,
202406050901,2024-12-28,中山,1,2歳未勝利,ダ,1200,右,晴,良,"5回 中山 9日目 サラ系２歳 未勝利       [指] 馬齢 16頭 本賞金:550,220,140,83,55万円",16,550.0,6,7,14,ライズトゥザトップ,牝,2,55.0,木幡巧,73.7,2.1/2,2,4.3,39.7,2-4,美浦 牧,488,0,
202406050901,2024-12-28,中山,1,2歳未勝利,ダ,1200,右,晴,良,"5回 中山 9日目 サラ系２歳 未勝利       [指] 馬齢 16頭 本賞金:550,220,140,83,55万円",16,550.0,7,3,6,エーデルムート,牝,2,54.0,☆原,73.8,1/2,13,238.0,39.3,7-7,美浦 矢野,452,8,
202406050901,2024-12-28,中山,1,2歳未勝利,ダ,1200,右,晴,良,"5回 中山 9日目 サラ系２歳 未勝利       [指] 馬齢 16頭 本賞金:550,220,140,83,55万円",16,550.0,8,1,2,ビレッジルミエール,牝,2,53.0,△小林脩,73.8,ハナ,5,19.4,39.2,9-7,美浦 伊藤圭,452,6,
202406050901,2024-12-28,中山,1,2歳未勝利,ダ,1200,右,晴,良,"5回 中山 9日目 サラ系２歳 未勝利       [指] 馬齢 16頭 本賞金:550,220,140,83,55万円",16,550.0,9,6,12,マーリーヒル,牝,2,55.0,菊沢,74.5,4,10,128.0,40.0,7-9,美浦 矢野,440,10,
202406050901,2024-12-28,中山,1,2歳未勝利,ダ,1200,右,晴,良,"5回 中山 9日目 サラ系２歳 未勝利       [指] 馬齢 16頭 本賞金:550,220,140,83,55万円",16,550.0,10,6,11,チュラット,牝,2,55.0,武藤,74.5,アタマ,8,59.9,40.2,6-6,美浦 水野,432,-6,
202406050901,2024-12-28,中山,1,2歳未勝利,ダ,1200,右,晴,良,"5回 中山 9日目 サラ系２歳 未勝利       [指] 馬齢 16頭 本賞金:550,220,140,83,55万円",16,550.0,11,1,1,マジカルレインボー,牝,2,55.0,丹内,74.7,1,9,115.2,39.7,11-11,美浦 尾関,488,0,
202406050901,2024-12-28,中山,1,2歳未勝利,ダ,1200,右,晴,良,"5回 中山 9日目 サラ系２歳 未勝利       [指] 馬齢 16頭 本賞金:550,220,140,83,55万円",16,550.0,12,8,15,アイファーシャドー,牡,2,53.0,▲石神道,74.8,クビ,16,696.5,38.0,15-15,美浦 根本,452,-4,
202406050901,2024-12-28,中山,1,2歳未勝利,ダ,1200,右,晴,良,"5回 中山 9日目 サラ系２歳 未勝利       [指] 馬齢 16頭 本賞金:550,220,140,83,55万円",16,550.0,13,5,9,オスカージュディ,牝,2,55.0,西村淳,75.0,1,11,151.5,38.8,14-14,美浦 小島,426,-4,
202406050901,2024-12-28,中山,1,2歳未勝利,ダ,1200,右,晴,良,"5回 中山 9日目 サラ系２歳 未勝利       [指] 馬齢 16頭 本賞金:550,220,140,83,55万円",16,550.0,14,8,16,ダングラール,牡,2,56.0,坂井,75.2,1.1/4,6,19.8,41.2,2-5,美浦 田中博,472,10,
202406050901,2024-12-28,中山,1,2歳未勝利,ダ,1200,右,晴,良,"5回 中山 9日目 サラ系２歳 未勝利       [指] 馬齢 16頭 本賞金:550,220,140,83,55万円",16,550.0,15,2,3,シャトーペリオット,牡,2,56.0,野中,75.9,4,15,633.1,39.1,15-15,美浦 根本,516,6,
202406050901,2024-12-28,中山,1,2歳未勝利,ダ,1200,右,晴,良,"5回 中山 9日目 サラ系２歳 未勝利       [指] 馬齢 16頭 本賞金:550,220,140,83,55万円",16,550.0,16,2,4,ノエル,牡,2,55.0,☆横山琉,76.3,2.1/2,14,270.3,41.1,12-13,美浦 斎藤誠,426,14,
202406050902,2024-12-28,中山,2,2歳未勝利,ダ,1800,右,晴,良,"5回 中山 9日目 サラ系２歳 未勝利       (混)[指] 馬齢 16頭 本賞金:550,220,140,83,55万円",16,550.0,1,5,9,オストラヴァ,牡,2,56.0,津村,116.4,,1,1.8,39.2,8-8-8-8,美浦 林,476,2,
202406050902,2024-12-28,中山,2,2歳未勝利,ダ,1800,右,晴,良,"5回 中山 9日目 サラ系２歳 未勝利       (混)[指] 馬齢 16頭 本賞金:550,220,140,83,55万円",16,550.0,2,3,6,ジェシーテソーロ,牡,2,56.0,木幡巧,116.5,1,3,9.4,39.7,4-4-4-3,美浦 牧,482,4,
202406050902,2024-12-28,中山,2,2歳未勝利,ダ,1800,右,晴,良,"5回 中山 9日目 サラ系２歳 未勝利       (混)[指] 馬齢 16頭 本賞金:550,220,140,83,55万円",16,550.0,3,2,4,フジレイメイ,牡,2,56.0,松岡,116.6,3/4,8,31.4,38.7,15-15-12-10,美浦 小笠,484,-4,
202406050902,2024-12-28,中山,2,2歳未勝利,ダ,1800,右,晴,良,"5回 中山 9日目 サラ系２歳 未勝利       (混)[指] 馬齢 16頭 本賞金:550,220,140,83,55万円",16,550.0,4,6,12,ヴィラスターリ,牡,2,56.0,内田博,116.9,1.1/2,5,23.1,40.3,2-2-2-2,美浦 矢野,474,8,
202406050902,2024-12-28,中山,2,2歳未勝利,ダ,1800,右,晴,良,"5回 中山 9日目 サラ系２歳 未勝利       (混)[指] 馬齢 16頭 本賞金:550,220,140,83,55万円",16,550.0,5,2,3,オキョンピー,牡,2,56.0,佐々木,117.0,1/2,7,31.4,39.7,11-11-9-8,美浦 高柳瑞,436,-2,
202406050902,2024-12-28,中山,2,2歳未勝利,ダ,1800,右,晴,良,"5回 中山 9日目 サラ系２歳 未勝利       (混)[指] 馬齢 16頭 本賞金:550,220,140,83,55万円",16,550.0,6,8,16,ルクスエクレール,牡,2,56.0,杉原,117.0,クビ,11,84.8,39.5,11-12-11-10,美浦 大和田,430,2,
202406050902,2024-12-28,中山,2,2歳未勝利,ダ,1800,右,晴,良,"5回 中山 9日目 サラ系２歳 未勝利       (混)[指] 馬齢 16頭 本賞金:550,220,140,83,55万円",16,550.0,7,7,14,ジーティートゥルー,牡,2,56.0,大野,117.5,3,4,13.8,40.5,6-7-7-6,美浦 田島,454,0,
202406050902,2024-12-28,中山,2,2歳未勝利,ダ,1800,右,晴,良,"5回 中山 9日目 サラ系２歳 未勝利       (混)[指] 馬齢 16頭 本賞金:550,220,140,83,55万円",16,550.0,8,6,11,トーアジョウトウ,牡,2,56.0,江田照,117.5,ハナ,9,82.4,40.9,1-1-1-1,美浦 村田,496,4,
202406050902,2024-12-28,中山,2,2歳未勝利,ダ,1800,右,晴,良,"5回 中山 9日目 サラ系２歳 未勝利       (混)[指] 馬齢 16頭 本賞金:550,220,140,83,55万円",16,550.0,9,4,8,トーセンペネロペ,牝,2,55.0,原田和,117.6,クビ,12,99.7,40.7,6-5-5-5,美浦 小野,448,-6,
202406050902,2024-12-28,中山,2,2歳未勝利,ダ,1800,右,晴,良,"5回 中山 9日目 サラ系２歳 未勝利       (混)[指] 馬齢 16頭 本賞金:550,220,140,83,55万円",16,550.0,10,1,2,レインボーギフト,牡,2,53.0,▲長浜,117.9,2,15,393.6,39.9,14-14-14-14,美浦 根本,472,12,
202406050902,2024-12-28,中山,2,2歳未勝利,ダ,1800,右,晴,良,"5回 中山 9日目 サラ系２歳 未勝利       (混)[指] 馬齢 16頭 本賞金:550,220,140,83,55万円",16,550.0,11,5,10,フーイナム,牡,2,56.0,黛,119.0,7,6,23.4,41.7,8-9-9-12,美浦 森一,498,8,
202406050902,2024-12-28,中山,2,2歳未勝利,ダ,1800,右,晴,良,"5回 中山 9日目 サラ系２歳 未勝利       (混)[指] 馬齢 16頭 本賞金:550,220,140,83,55万円",16,550.0,12,3,5,サバイバルナイン,牝,2,55.0,丸田,119.3,1.1/2,16,566.4,41.5,13-13-12-12,美浦 和田雄,478,-2,
202406050902,2024-12-28,中山,2,2歳未勝利,ダ,1800,右,晴,良,"5回 中山 9日目 サラ系２歳 未勝利       (混)[指] 馬齢 16頭 本賞金:550,220,140,83,55万円",16,550.0,13,8,15,ヘイケ,牡,2,56.0,丹内,119.7,2.1/2,10,83.1,43.0,3-2-3-3,美浦 尾形,516,16,
202406050902,2024-12-28,中山,2,2歳未勝利,ダ,1800,右,晴,良,"5回 中山 9日目 サラ系２歳 未勝利       (混)[指] 馬齢 16頭 本賞金:550,220,140,83,55万円",16,550.0,14,4,7,マンボルンバ,牡,2,56.0,ルメー,120.3,3.1/2,2,3.1,43.4,4-5-5-6,美浦 加藤征,522,4,
202406050902,2024-12-28,中山,2,2歳未勝利,ダ,1800,右,晴,良,"5回 中山 9日目 サラ系２歳 未勝利       (混)[指] 馬齢 16頭 本賞金:550,220,140,83,55万円",16,550.0,15,1,1,ヒロノエクスカリバ,牡,2,56.0,菅原隆,120.8,3,14,344.1,42.2,16-16-15-15,美浦 小手川,442,18,
202406050902,2024-12-28,中山,2,2歳未勝利,ダ,1800,右,晴,良,"5回 中山 9日目 サラ系２歳 未勝利       (混)[指] 馬齢 16頭 本賞金:550,220,140,83,55万円",16,550.0,16,7,13,レイホープ,牡,2,56.0,野中,125.3,大,13,240.9,46.3,8-9-16-16,美浦 菊川,490,6,
202406050903,2024-12-28,中山,3,2歳未勝利,芝,1600,右,晴,良,"5回 中山 9日目 サラ系２歳 未勝利       (混)[指] 馬齢 16頭 本賞金:550,220,140,83,55万円",16,550.0,1,6,12,カーラデマドレ,牝,2,55.0,ルメー,95.1,,1,1.6,35.8,9-8-6,美浦 宮田,466,2,
202406050903,2024-12-28,中山,3,2歳未勝利,芝,1600,右,晴,良,"5回 中山 9日目 サラ系２歳 未勝利       (混)[指] 馬齢 16頭 本賞金:550,220,140,83,55万円",16,550.0,2,2,4,チェンジオブハート,牡,2,56.0,戸崎圭,95.2,1/2,3,7.6,36.5,4-2-3,美浦 田中博,480,-2,
202406050903,2024-12-28,中山,3,2歳未勝利,芝,1600,右,晴,良,"5回 中山 9日目 サラ系２歳 未勝利       (混)[指] 馬齢 16頭 本賞金:550,220,140,83,55万円",16,550.0,3,1,1,ラヴァフォール,牝,2,55.0,横山武,95.6,2.1/2,2,6.7,37.2,1-1-1,美浦 鈴木伸,408,2,
202406050903,2024-12-28,中山,3,2歳未勝利,芝,1600,右,晴,良,"5回 中山 9日目 サラ系２歳 未勝利       (混)[指] 馬齢 16頭 本賞金:550,220,140,83,55万円",16,550.0,4,6,11,カウンターセブン,牡,2,56.0,坂井,95.8,1.1/2,5,11.4,37.2,2-2-2,美浦 村田,484,2,
202406050903,2024-12-28,中山,3,2歳未勝利,芝,1600,右,晴,良,"5回 中山 9日目 サラ系２歳 未勝利       (混)[指] 馬齢 16頭 本賞金:550,220,140,83,55万円",16,550.0,5,3,5,ブラヴォケラトプス,牡,2,56.0,佐々木,95.9,クビ,6,13.9,36.9,6-6-4,美浦 辻,522,8,
202406050903,2024-12-28,中山,3,2歳未勝利,芝,1600,右,晴,良,"5回 中山 9日目 サラ系２歳 未勝利       (混)[指] 馬齢 16頭 本賞金:550,220,140,83,55万円",16,550.0,6,7,13,アッサジャン,牝,2,55.0,武豊,96.1,1.1/4,4,9.4,37.3,4-4-4,美浦 国枝,458,0,
202406050903,2024-12-28,中山,3,2歳未勝利,芝,1600,右,晴,良,"5回 中山 9日目 サラ系２歳 未勝利       (混)[指] 馬齢 16頭 本賞金:550,220,140,83,55万円",16,550.0,7,1,2,アズーラ,牝,2,52.0,▲石田,96.3,1.1/2,15,508.8,36.9,7-8-9,美浦 佐藤吉,418,0,
202406050903,2024-12-28,中山,3,2歳未勝利,芝,1600,右,晴,良,"5回 中山 9日目 サラ系２歳 未勝利       (混)[指] 馬齢 16頭 本賞金:550,220,140,83,55万円",16,550.0,8,2,3,ピンクブルー,牝,2,55.0,菊沢,96.3,ハナ,13,309.8,37.0,9-8-10,美浦 小手川,422,-4,
202406050903,2024-12-28,中山,3,2歳未勝利,芝,1600,右,晴,良,"5回 中山 9日目 サラ系２歳 未勝利       (混)[指] 馬齢 16頭 本賞金:550,220,140,83,55万円",16,550.0,9,4,7,アオイウィンダム,牝,2,55.0,石橋脩,96.4,クビ,16,518.2,37.5,2-5-6,美浦 本間,480,-4,
202406050903,2024-12-28,中山,3,2歳未勝利,芝,1600,右,晴,良,"5回 中山 9日目 サラ系２歳 未勝利       (混)[指] 馬齢 16頭 本賞金:550,220,140,83,55万円",16,550.0,10,8,16,ウェーヴレット,牝,2,55.0,横山和,96.4,クビ,9,123.7,36.8,11-11-10,美浦 菊沢,428,8,
202406050903,2024-12-28,中山,3,2歳未勝利,芝,1600,右,晴,良,"5回 中山 9日目 サラ系２歳 未勝利       (混)[指] 馬齢 16頭 本賞金:550,220,140,83,55万円",16,550.0,11,5,10,トーセンアシュリー,牝,2,55.0,丸田,96.4,アタマ,7,23.7,36.7,11-11-12,美浦 宗像,502,-4,
202406050903,2024-12-28,中山,3,2歳未勝利,芝,1600,右,晴,良,"5回 中山 9日目 サラ系２歳 未勝利       (混)[指] 馬齢 16頭 本賞金:550,220,140,83,55万円",16,550.0,12,3,6,リケアルフナ,牝,2,52.0,▲石神道,96.6,3/4,12,289.7,36.9,11-11-12,美浦 蛯名利,464,2,
202406050903,2024-12-28,中山,3,2歳未勝利,芝,1600,右,晴,良,"5回 中山 9日目 サラ系２歳 未勝利       (混)[指] 馬齢 16頭 本賞金:550,220,140,83,55万円",16,550.0,13,8,15,エポカスピーガ,牝,2,55.0,津村,96.6,ハナ,8,50.8,37.5,7-6-6,美浦 田中剛,484,2,
202406050903,2024-12-28,中山,3,2歳未勝利,芝,1600,右,晴,良,"5回 中山 9日目 サラ系２歳 未勝利       (混)[指] 馬齢 16頭 本賞金:550,220,140,83,55万円",16,550.0,14,5,9,アミラジオネ,牝,2,55.0,江田照,96.7,1/2,10,165.2,36.2,16-16-15,美浦 西田,470,8,
202406050903,2024-12-28,中山,3,2歳未勝利,芝,1600,右,晴,良,"5回 中山 9日目 サラ系２歳 未勝利       (混)[指] 馬齢 16頭 本賞金:550,220,140,83,55万円",16,550.0,15,7,14,スマイルバニラ,牝,2,54.0,☆原,96.7,クビ,14,382.4,36.5,11-14-14,美浦 黒岩,408,10,
202406050903,2024-12-28,中山,3,2歳未勝利,芝,1600,右,晴,良,"5回 中山 9日目 サラ系２歳 未勝利       (混)[指] 馬齢 16頭 本賞金:550,220,140,83,55万円",16,550.0,16,4,8,ケイアイカラキア,セ,2,53.0,▲長浜,97.3,3.1/2,11,262.6,37.1,15-14-16,美浦 上原博,474,-4,
202406050904,2024-12-28,中山,4,2歳未勝利,芝,1800,右,晴,良,"5回 中山 9日目 サラ系２歳 未勝利       [指] 馬齢 16頭 本賞金:550,220,140,83,55万円",16,550.0,1,8,15,ルージュミレネール,牝,2,55.0,坂井,109.0,,2,4.0,36.4,1-1-1-1,美浦 斎藤誠,444,12,
202406050904,2024-12-28,中山,4,2歳未勝利,芝,1800,右,晴,良,"5回 中山 9日目 サラ系２歳 未勝利       [指] 馬齢 16頭 本賞金:550,220,140,83,55万円",16,550.0,2,6,11,マイネルアウルム,牡,2,56.0,柴田大,109.1,1/2,8,30.0,35.3,16-16-11-12,美浦 加藤士,436,2,
202406050904,2024-12-28,中山,4,2歳未勝利,芝,1800,右,晴,良,"5回 中山 9日目 サラ系２歳 未勝利       [指] 馬齢 16頭 本賞金:550,220,140,83,55万円",16,550.0,3,2,4,スイートグルーヴ,牝,2,55.0,杉原,109.2,1/2,6,11.4,36.4,2-3-2-2,美浦 青木,446,0,
202406050904,2024-12-28,中山,4,2歳未勝利,芝,1800,右,晴,良,"5回 中山 9日目 サラ系２歳 未勝利       [指] 馬齢 16頭 本賞金:550,220,140,83,55万円",16,550.0,4,1,1,コスモトロイメル,牝,2,55.0,丹内,109.3,クビ,9,33.8,36.2,5-5-4-3,美浦 田島,450,-4,
202406050904,2024-12-28,中山,4,2歳未勝利,芝,1800,右,晴,良,"5回 中山 9日目 サラ系２歳 未勝利       [指] 馬齢 16頭 本賞金:550,220,140,83,55万円",16,550.0,5,3,6,ミッドセンチュリー,牡,2,56.0,丸田,109.4,1/2,13,112.4,35.4,12-13-14-12,美浦 松山,454,24,
202406050904,2024-12-28,中山,4,2歳未勝利,芝,1800,右,晴,良,"5回 中山 9日目 サラ系２歳 未勝利       [指] 馬齢 16頭 本賞金:550,220,140,83,55万円",16,550.0,6,1,2,セレニティ,牝,2,55.0,西村淳,109.4,クビ,7,16.2,36.3,5-5-4-6,美浦 鹿戸,378,-4,
202406050904,2024-12-28,中山,4,2歳未勝利,芝,1800,右,晴,良,"5回 中山 9日目 サラ系２歳 未勝利       [指] 馬齢 16頭 本賞金:550,220,140,83,55万円",16,550.0,7,5,9,ミライヘノハナ,牝,2,55.0,北村宏,109.4,ハナ,5,7.8,35.6,12-11-11-10,美浦 伊藤大,444,2,
202406050904,2024-12-28,中山,4,2歳未勝利,芝,1800,右,晴,良,"5回 中山 9日目 サラ系２歳 未勝利       [指] 馬齢 16頭 本賞金:550,220,140,83,55万円",16,550.0,8,4,7,ケアンズ,牡,2,56.0,野中,109.5,クビ,15,339.9,36.7,2-2-2-3,美浦 武藤,466,4,
202406050904,2024-12-28,中山,4,2歳未勝利,芝,1800,右,晴,良,"5回 中山 9日目 サラ系２歳 未勝利       [指] 馬齢 16頭 本賞金:550,220,140,83,55万円",16,550.0,9,2,3,タッセル,牡,2,56.0,戸崎圭,109.5,クビ,10,46.3,36.1,9-8-8-6,美浦 菊川,478,8,
202406050904,2024-12-28,中山,4,2歳未勝利,芝,1800,右,晴,良,"5回 中山 9日目 サラ系２歳 未勝利       [指] 馬齢 16頭 本賞金:550,220,140,83,55万円",16,550.0,10,4,8,エオアリイ,牡,2,56.0,松山,109.6,クビ,3,6.8,36.5,4-3-4-3,美浦 田中博,472,0,
202406050904,2024-12-28,中山,4,2歳未勝利,芝,1800,右,晴,良,"5回 中山 9日目 サラ系２歳 未勝利       [指] 馬齢 16頭 本賞金:550,220,140,83,55万円",16,550.0,11,6,12,ゲンパチルーナ,牝,2,55.0,木幡巧,109.7,1/2,12,104.9,35.7,15-15-14-14,美浦 西田,434,-8,
202406050904,2024-12-28,中山,4,2歳未勝利,芝,1800,右,晴,良,"5回 中山 9日目 サラ系２歳 未勝利       [指] 馬齢 16頭 本賞金:550,220,140,83,55万円",16,550.0,12,3,5,リギーロ,牡,2,56.0,三浦,109.8,1/2,1,3.2,36.3,9-8-8-6,美浦 栗田,462,0,
202406050904,2024-12-28,中山,4,2歳未勝利,芝,1800,右,晴,良,"5回 中山 9日目 サラ系２歳 未勝利       [指] 馬齢 16頭 本賞金:550,220,140,83,55万円",16,550.0,13,7,13,デアマトローナ,牝,2,55.0,ルメー,109.9,3/4,4,7.0,36.6,5-5-7-9,美浦 国枝,472,26,
202406050904,2024-12-28,中山,4,2歳未勝利,芝,1800,右,晴,良,"5回 中山 9日目 サラ系２歳 未勝利       [指] 馬齢 16頭 本賞金:550,220,140,83,55万円",16,550.0,14,8,16,ブルーメサイア,牡,2,56.0,横山武,110.1,1.1/4,11,56.9,36.5,9-11-10-10,美浦 国枝,462,4,
202406050904,2024-12-28,中山,4,2歳未勝利,芝,1800,右,晴,良,"5回 中山 9日目 サラ系２歳 未勝利       [指] 馬齢 16頭 本賞金:550,220,140,83,55万円",16,550.0,15,7,14,ライヴスプーン,牝,2,55.0,石川,110.2,クビ,14,180.9,36.2,14-13-14-15,美浦 尾形,420,-2,
202406050904,2024-12-28,中山,4,2歳未勝利,芝,1800,右,晴,良,"5回 中山 9日目 サラ系２歳 未勝利       [指] 馬齢 16頭 本賞金:550,220,140,83,55万円",16,550.0,16,5,10,コガクボウ,牡,2,56.0,菊沢,111.3,7,16,467.7,37.5,5-8-11-15,美浦 金成,474,8,
202406050905,2024-12-28,中山,5,2歳新馬,芝,2000,右,晴,良,"5回 中山 9日目 サラ系２歳 新馬       (混)[指] 馬齢 18頭 本賞金:720,290,180,110,72万円",18,720.0,1,7,13,ブラックジェダイト,牡,2,56.0,佐々木,123.8,,1,2.3,35.3,2-3-2-2,美浦 大竹,450,0,
202406050905,2024-12-28,中山,5,2歳新馬,芝,2000,右,晴,良,"5回 中山 9日目 サラ系２歳 新馬       (混)[指] 馬齢 18頭 本賞金:720,290,180,110,72万円",18,720.0,2,8,17,ドラゴン,牡,2,56.0,武豊,124.2,2,3,4.5,35.4,4-5-4-5,栗東 松永幹,488,0,
202406050905,2024-12-28,中山,5,2歳新馬,芝,2000,右,晴,良,"5回 中山 9日目 サラ系２歳 新馬       (混)[指] 馬齢 18頭 本賞金:720,290,180,110,72万円",18,720.0,3,3,6,ブライトメール,牡,2,56.0,坂井,124.3,1/2,4,11.5,35.8,2-2-2-2,美浦 伊藤大,446,0,
202406050905,2024-12-28,中山,5,2歳新馬,芝,2000,右,晴,良,"5回 中山 9日目 サラ系２歳 新馬       (混)[指] 馬齢 18頭 本賞金:720,290,180,110,72万円",18,720.0,4,4,8,フェルヴァーラ,牝,2,55.0,菅原明,124.4,3/4,2,4.3,35.6,4-4-4-4,美浦 田中博,454,0,
202406050905,2024-12-28,中山,5,2歳新馬,芝,2000,右,晴,良,"5回 中山 9日目 サラ系２歳 新馬       (混)[指] 馬齢 18頭 本賞金:720,290,180,110,72万円",18,720.0,5,3,5,アデニウム,牝,2,55.0,内田博,124.6,1,12,77.7,34.5,15-16-15-13,美浦 田島,422,0,
202406050905,2024-12-28,中山,5,2歳新馬,芝,2000,右,晴,良,"5回 中山 9日目 サラ系２歳 新馬       (混)[指] 馬齢 18頭 本賞金:720,290,180,110,72万円",18,720.0,6,7,14,オールニッポン,牝,2,55.0,石川,124.6,クビ,5,17.2,35.0,11-11-12-10,美浦 上原佑,430,0,
202406050905,2024-12-28,中山,5,2歳新馬,芝,2000,右,晴,良,"5回 中山 9日目 サラ系２歳 新馬       (混)[指] 馬齢 18頭 本賞金:720,290,180,110,72万円",18,720.0,7,6,11,リープサンバウンズ,牡,2,56.0,小林凌,124.7,3/4,18,201.3,35.3,12-11-9-6,美浦 小西,480,0,
202406050905,2024-12-28,中山,5,2歳新馬,芝,2000,右,晴,良,"5回 中山 9日目 サラ系２歳 新馬       (混)[指] 馬齢 18頭 本賞金:720,290,180,110,72万円",18,720.0,8,8,18,アルデラックス,牡,2,56.0,松岡,124.8,3/4,6,18.5,35.7,8-8-6-6,美浦 村田,508,0,
202406050905,2024-12-28,中山,5,2歳新馬,芝,2000,右,晴,良,"5回 中山 9日目 サラ系２歳 新馬       (混)[指] 馬齢 18頭 本賞金:720,290,180,110,72万円",18,720.0,9,8,16,キャルミナス,牡,2,56.0,北村宏,125.0,1,15,129.3,35.2,15-14-14-13,美浦 奥村武,476,0,
202406050905,2024-12-28,中山,5,2歳新馬,芝,2000,右,晴,良,"5回 中山 9日目 サラ系２歳 新馬       (混)[指] 馬齢 18頭 本賞金:720,290,180,110,72万円",18,720.0,10,2,4,ユイノレクター,牡,2,56.0,吉田豊,125.0,クビ,9,48.6,35.7,10-10-9-10,美浦 竹内,466,0,
202406050905,2024-12-28,中山,5,2歳新馬,芝,2000,右,晴,良,"5回 中山 9日目 サラ系２歳 新馬       (混)[指] 馬齢 18頭 本賞金:720,290,180,110,72万円",18,720.0,11,7,15,アルデスト,牡,2,56.0,江田照,125.2,1,13,110.1,36.1,6-7-6-6,美浦 田中剛,522,0,
202406050905,2024-12-28,中山,5,2歳新馬,芝,2000,右,晴,良,"5回 中山 9日目 サラ系２歳 新馬       (混)[指] 馬齢 18頭 本賞金:720,290,180,110,72万円",18,720.0,12,1,1,ディラトン,牡,2,56.0,丸山,125.4,1.1/4,8,44.0,35.4,14-14-15-16,美浦 矢嶋,474,0,
202406050905,2024-12-28,中山,5,2歳新馬,芝,2000,右,晴,良,"5回 中山 9日目 サラ系２歳 新馬       (混)[指] 馬齢 18頭 本賞金:720,290,180,110,72万円",18,720.0,13,6,12,スパークルノヴァ,牝,2,55.0,三浦,125.4,アタマ,11,72.1,35.8,12-13-12-13,美浦 蛯名正,402,0,
202406050905,2024-12-28,中山,5,2歳新馬,芝,2000,右,晴,良,"5回 中山 9日目 サラ系２歳 新馬       (混)[指] 馬齢 18頭 本賞金:720,290,180,110,72万円",18,720.0,14,5,9,チケットトゥヘブン,牡,2,55.0,☆横山琉,125.5,3/4,10,51.8,37.2,1-1-1-1,美浦 相沢,474,0,
202406050905,2024-12-28,中山,5,2歳新馬,芝,2000,右,晴,良,"5回 中山 9日目 サラ系２歳 新馬       (混)[指] 馬齢 18頭 本賞金:720,290,180,110,72万円",18,720.0,15,2,3,イデアブリランテ,牝,2,55.0,木幡育,125.6,1/2,17,161.6,35.0,18-18-18-17,美浦 松永康,406,0,
202406050905,2024-12-28,中山,5,2歳新馬,芝,2000,右,晴,良,"5回 中山 9日目 サラ系２歳 新馬       (混)[指] 馬齢 18頭 本賞金:720,290,180,110,72万円",18,720.0,16,1,2,エイシンパルサー,牡,2,56.0,津村,125.7,アタマ,7,19.0,36.6,6-6-6-6,美浦 田中剛,514,0,
202406050905,2024-12-28,中山,5,2歳新馬,芝,2000,右,晴,良,"5回 中山 9日目 サラ系２歳 新馬       (混)[指] 馬齢 18頭 本賞金:720,290,180,110,72万円",18,720.0,17,4,7,シフグナーデ,牝,2,55.0,丹内,126.0,2,14,123.4,35.6,17-17-17-17,美浦 栗田,396,0,
202406050905,2024-12-28,中山,5,2歳新馬,芝,2000,右,晴,良,"5回 中山 9日目 サラ系２歳 新馬       (混)[指] 馬齢 18頭 本賞金:720,290,180,110,72万円",18,720.0,18,5,10,ライジングハース,牡,2,56.0,大野,126.6,3.1/2,16,152.8,37.3,8-8-9-10,美浦 松山,522,0,
202406050906,2024-12-28,中山,6,2歳新馬,ダ,1200,右,晴,良,"5回 中山 9日目 サラ系２歳 新馬       (混)[指] 馬齢 16頭 本賞金:720,290,180,110,72万円",16,720.0,1,5,9,ドルンレースツェン,牝,2,55.0,池添,74.1,,9,63.2,38.1,5-4,美浦 小西,408,0,
202406050906,2024-12-28,中山,6,2歳新馬,ダ,1200,右,晴,良,"5回 中山 9日目 サラ系２歳 新馬       (混)[指] 馬齢 16頭 本賞金:720,290,180,110,72万円",16,720.0,2,8,16,トーアカフウ,牝,2,55.0,石川,74.1,アタマ,6,11.9,37.0,9-8,栗東 牧田,436,0,
202406050906,2024-12-28,中山,6,2歳新馬,ダ,1200,右,晴,良,"5回 中山 9日目 サラ系２歳 新馬       (混)[指] 馬齢 16頭 本賞金:720,290,180,110,72万円",16,720.0,3,3,5,エベリンテソーロ,牝,2,55.0,木幡巧,74.2,3/4,2,4.1,39.2,2-1,美浦 加藤士,468,0,
202406050906,2024-12-28,中山,6,2歳新馬,ダ,1200,右,晴,良,"5回 中山 9日目 サラ系２歳 新馬       (混)[指] 馬齢 16頭 本賞金:720,290,180,110,72万円",16,720.0,4,3,6,ペタルビジュー,牝,2,55.0,小林凌,74.5,1.1/2,12,95.8,37.8,7-7,美浦 南田,480,0,
202406050906,2024-12-28,中山,6,2歳新馬,ダ,1200,右,晴,良,"5回 中山 9日目 サラ系２歳 新馬       (混)[指] 馬齢 16頭 本賞金:720,290,180,110,72万円",16,720.0,5,8,15,ダニエルバローズ,牡,2,56.0,西村淳,75.0,3.1/2,1,2.0,39.7,3-3,栗東 杉山晴,542,0,
202406050906,2024-12-28,中山,6,2歳新馬,ダ,1200,右,晴,良,"5回 中山 9日目 サラ系２歳 新馬       (混)[指] 馬齢 16頭 本賞金:720,290,180,110,72万円",16,720.0,6,7,13,サザンティスプーン,牝,2,51.0,★小林美,75.2,1,4,10.7,37.6,10-10,美浦 鈴木伸,440,0,
202406050906,2024-12-28,中山,6,2歳新馬,ダ,1200,右,晴,良,"5回 中山 9日目 サラ系２歳 新馬       (混)[指] 馬齢 16頭 本賞金:720,290,180,110,72万円",16,720.0,7,6,12,アシャカルーク,牡,2,53.0,▲今村,75.4,1.1/4,7,23.5,39.5,4-4,美浦 鈴木伸,450,0,
202406050906,2024-12-28,中山,6,2歳新馬,ダ,1200,右,晴,良,"5回 中山 9日目 サラ系２歳 新馬       (混)[指] 馬齢 16頭 本賞金:720,290,180,110,72万円",16,720.0,8,6,11,カフェアリス,牝,2,52.0,▲長浜,75.6,1.1/4,10,71.2,38.8,7-9,美浦 中舘,380,0,
202406050906,2024-12-28,中山,6,2歳新馬,ダ,1200,右,晴,良,"5回 中山 9日目 サラ系２歳 新馬       (混)[指] 馬齢 16頭 本賞金:720,290,180,110,72万円",16,720.0,9,7,14,イサチルオアシス,牝,2,55.0,木幡初,76.2,3.1/2,16,239.4,37.6,13-13,美浦 竹内,428,0,
202406050906,2024-12-28,中山,6,2歳新馬,ダ,1200,右,晴,良,"5回 中山 9日目 サラ系２歳 新馬       (混)[指] 馬齢 16頭 本賞金:720,290,180,110,72万円",16,720.0,10,5,10,スイングボーイ,牡,2,56.0,岩部,76.2,クビ,11,90.6,40.2,5-6,美浦 伊藤伸,450,0,
202406050906,2024-12-28,中山,6,2歳新馬,ダ,1200,右,晴,良,"5回 中山 9日目 サラ系２歳 新馬       (混)[指] 馬齢 16頭 本賞金:720,290,180,110,72万円",16,720.0,11,4,8,ナックメテオ,牡,2,56.0,石橋脩,76.2,クビ,8,59.3,38.2,11-11,美浦 勢司,508,0,
202406050906,2024-12-28,中山,6,2歳新馬,ダ,1200,右,晴,良,"5回 中山 9日目 サラ系２歳 新馬       (混)[指] 馬齢 16頭 本賞金:720,290,180,110,72万円",16,720.0,12,1,1,マシェリアムール,牝,2,55.0,黛,76.7,3,15,187.3,38.6,11-12,美浦 高橋文,460,0,
202406050906,2024-12-28,中山,6,2歳新馬,ダ,1200,右,晴,良,"5回 中山 9日目 サラ系２歳 新馬       (混)[指] 馬齢 16頭 本賞金:720,290,180,110,72万円",16,720.0,13,1,2,ホワイトマジック,牡,2,56.0,内田博,76.8,1/2,3,8.0,37.8,14-14,美浦 田中剛,464,0,
202406050906,2024-12-28,中山,6,2歳新馬,ダ,1200,右,晴,良,"5回 中山 9日目 サラ系２歳 新馬       (混)[指] 馬齢 16頭 本賞金:720,290,180,110,72万円",16,720.0,14,2,3,アルフィオーレ,牝,2,52.0,▲石田,77.2,2,14,169.7,37.5,16-15,美浦 宗像,412,0,
202406050906,2024-12-28,中山,6,2歳新馬,ダ,1200,右,晴,良,"5回 中山 9日目 サラ系２歳 新馬       (混)[指] 馬齢 16頭 本賞金:720,290,180,110,72万円",16,720.0,15,4,7,カラジシ,牡,2,56.0,北村宏,77.5,2,13,109.4,38.2,15-15,美浦 勢司,460,0,
202406050906,2024-12-28,中山,6,2歳新馬,ダ,1200,右,晴,良,"5回 中山 9日目 サラ系２歳 新馬       (混)[指] 馬齢 16頭 本賞金:720,290,180,110,72万円",16,720.0,16,2,4,マジカルキャンディ,牝,2,55.0,菊沢,78.1,3.1/2,5,10.9,43.1,1-2,美浦 岩戸,442,0,
202406050907,2024-12-28,中山,7,3歳以上1勝クラス,芝,1800,右,晴,良,"5回 中山 9日目 サラ系３歳以上 １勝クラス       (混)[指] 定量 16頭 本賞金:800,320,200,120,80万円",16,800.0,1,2,3,パンジャ,牡,3,57.0,川田,107.9,,1,2.4,35.3,7-5-5-5,美浦 金成,492,2,
202406050907,2024-12-28,中山,7,3歳以上1勝クラス,芝,1800,右,晴,良,"5回 中山 9日目 サラ系３歳以上 １勝クラス       (混)[指] 定量 16頭 本賞金:800,320,200,120,80万円",16,800.0,2,4,8,テリオスサラ,牝,3,55.0,横山武,107.9,ハナ,2,4.3,35.5,3-3-3-2,美浦 高柳瑞,480,2,
202406050907,2024-12-28,中山,7,3歳以上1勝クラス,芝,1800,右,晴,良,"5回 中山 9日目 サラ系３歳以上 １勝クラス       (混)[指] 定量 16頭 本賞金:800,320,200,120,80万円",16,800.0,3,1,1,ケイツークローン,セ,4,58.0,菊沢,108.2,1.1/2,7,19.4,35.4,9-8-8-8,美浦 清水英,474,-2,
202406050907,2024-12-28,中山,7,3歳以上1勝クラス,芝,1800,右,晴,良,"5回 中山 9日目 サラ系３歳以上 １勝クラス       (混)[指] 定量 16頭 本賞金:800,320,200,120,80万円",16,800.0,4,5,10,マイネルフランツ,牡,3,57.0,丹内,108.4,1.1/4,3,5.9,35.5,10-10-10-8,美浦 和田郎,478,0,
202406050907,2024-12-28,中山,7,3歳以上1勝クラス,芝,1800,右,晴,良,"5回 中山 9日目 サラ系３歳以上 １勝クラス       (混)[指] 定量 16頭 本賞金:800,320,200,120,80万円",16,800.0,5,4,7,マイバラード,牡,4,58.0,丸山,108.5,1/2,11,144.6,35.5,10-10-11-11,美浦 松永康,484,22,
202406050907,2024-12-28,中山,7,3歳以上1勝クラス,芝,1800,右,晴,良,"5回 中山 9日目 サラ系３歳以上 １勝クラス       (混)[指] 定量 16頭 本賞金:800,320,200,120,80万円",16,800.0,6,5,9,ナムララジベラ,牝,4,54.0,△小林脩,108.6,3/4,13,165.6,35.8,8-8-8-8,美浦 石栗,474,-2,
202406050907,2024-12-28,中山,7,3歳以上1勝クラス,芝,1800,右,晴,良,"5回 中山 9日目 サラ系３歳以上 １勝クラス       (混)[指] 定量 16頭 本賞金:800,320,200,120,80万円",16,800.0,7,3,6,バードウォッチャー,牡,3,57.0,武豊,108.6,アタマ,4,7.1,35.2,12-12-12-12,美浦 国枝,486,2,
202406050907,2024-12-28,中山,7,3歳以上1勝クラス,芝,1800,右,晴,良,"5回 中山 9日目 サラ系３歳以上 １勝クラス       (混)[指] 定量 16頭 本賞金:800,320,200,120,80万円",16,800.0,8,3,5,デアパーディタ,牝,3,52.0,▲長浜,108.7,1/2,12,160.6,36.1,4-5-5-5,美浦 武井,430,0,
202406050907,2024-12-28,中山,7,3歳以上1勝クラス,芝,1800,右,晴,良,"5回 中山 9日目 サラ系３歳以上 １勝クラス       (混)[指] 定量 16頭 本賞金:800,320,200,120,80万円",16,800.0,9,7,14,コスモエクスプレス,牡,5,58.0,柴田大,108.8,クビ,14,185.5,35.0,15-15-14-14,美浦 松永康,502,8,
202406050907,2024-12-28,中山,7,3歳以上1勝クラス,芝,1800,右,晴,良,"5回 中山 9日目 サラ系３歳以上 １勝クラス       (混)[指] 定量 16頭 本賞金:800,320,200,120,80万円",16,800.0,10,6,12,クインズステラ,牝,5,56.0,大野,108.9,3/4,16,316.8,35.4,13-13-12-12,美浦 池上,466,2,
202406050907,2024-12-28,中山,7,3歳以上1勝クラス,芝,1800,右,晴,良,"5回 中山 9日目 サラ系３歳以上 １勝クラス       (混)[指] 定量 16頭 本賞金:800,320,200,120,80万円",16,800.0,11,8,15,トレミニョン,牝,3,55.0,松山,108.9,アタマ,6,15.5,36.5,4-3-3-4,美浦 和田勇,474,12,
202406050907,2024-12-28,中山,7,3歳以上1勝クラス,芝,1800,右,晴,良,"5回 中山 9日目 サラ系３歳以上 １勝クラス       (混)[指] 定量 16頭 本賞金:800,320,200,120,80万円",16,800.0,12,8,16,ミスティア,牝,3,55.0,松岡,109.0,3/4,9,37.5,36.8,1-1-1-1,美浦 戸田,476,10,
202406050907,2024-12-28,中山,7,3歳以上1勝クラス,芝,1800,右,晴,良,"5回 中山 9日目 サラ系３歳以上 １勝クラス       (混)[指] 定量 16頭 本賞金:800,320,200,120,80万円",16,800.0,13,1,2,シャンパンマーク,牡,3,57.0,坂井,109.6,3.1/2,5,14.1,37.1,4-5-5-5,美浦 蛯名正,498,6,
202406050907,2024-12-28,中山,7,3歳以上1勝クラス,芝,1800,右,晴,良,"5回 中山 9日目 サラ系３歳以上 １勝クラス       (混)[指] 定量 16頭 本賞金:800,320,200,120,80万円",16,800.0,14,2,4,ディナトセレーネ,牝,4,55.0,☆原,109.7,アタマ,10,70.1,37.4,2-2-2-2,美浦 尾関,464,4,
202406050907,2024-12-28,中山,7,3歳以上1勝クラス,芝,1800,右,晴,良,"5回 中山 9日目 サラ系３歳以上 １勝クラス       (混)[指] 定量 16頭 本賞金:800,320,200,120,80万円",16,800.0,15,6,11,ショウナンラピダス,牡,3,57.0,戸崎圭,109.7,クビ,8,22.9,35.7,14-14-15-14,美浦 国枝,500,14,
202406050907,2024-12-28,中山,7,3歳以上1勝クラス,芝,1800,右,晴,良,"5回 中山 9日目 サラ系３歳以上 １勝クラス       (混)[指] 定量 16頭 本賞金:800,320,200,120,80万円",16,800.0,16,7,13,ダイユウハミルトン,牡,3,57.0,木幡育,110.2,3,15,224.6,36.1,15-16-15-16,美浦 松永康,488,26,
202406050908,2024-12-28,中山,8,3歳以上1勝クラス,ダ,1200,右,晴,良,"5回 中山 9日目 サラ系３歳以上 １勝クラス       [指] 定量 16頭 本賞金:800,320,200,120,80万円",16,800.0,1,3,5,サンレイマリー,牡,3,57.0,佐々木,72.5,,7,19.1,37.6,3-2,美浦 伊藤圭,486,4,
202406050908,2024-12-28,中山,8,3歳以上1勝クラス,ダ,1200,右,晴,良,"5回 中山 9日目 サラ系３歳以上 １勝クラス       [指] 定量 16頭 本賞金:800,320,200,120,80万円",16,800.0,2,2,3,ソーニャシュニク,牝,3,52.0,▲今村,72.7,1.1/4,8,20.6,38.0,1-1,美浦 武井,464,8,
202406050908,2024-12-28,中山,8,3歳以上1勝クラス,ダ,1200,右,晴,良,"5回 中山 9日目 サラ系３歳以上 １勝クラス       [指] 定量 16頭 本賞金:800,320,200,120,80万円",16,800.0,3,5,9,タイセイピューマ,牡,3,57.0,大野,72.7,クビ,3,4.3,37.5,6-5,美浦 新開,486,8,
202406050908,2024-12-28,中山,8,3歳以上1勝クラス,ダ,1200,右,晴,良,"5回 中山 9日目 サラ系３歳以上 １勝クラス       [指] 定量 16頭 本賞金:800,320,200,120,80万円",16,800.0,4,4,8,グランプレジール,セ,5,58.0,松山,72.8,1/2,1,4.1,37.7,4-4,美浦 堀,516,0,
202406050908,2024-12-28,中山,8,3歳以上1勝クラス,ダ,1200,右,晴,良,"5回 中山 9日目 サラ系３歳以上 １勝クラス       [指] 定量 16頭 本賞金:800,320,200,120,80万円",16,800.0,5,1,1,クールソル,牝,3,55.0,菅原明,72.8,ハナ,4,7.5,37.7,4-5,美浦 斎藤誠,466,0,
202406050908,2024-12-28,中山,8,3歳以上1勝クラス,ダ,1200,右,晴,良,"5回 中山 9日目 サラ系３歳以上 １勝クラス       [指] 定量 16頭 本賞金:800,320,200,120,80万円",16,800.0,6,1,2,ルージュアズライト,牝,4,52.0,★小林美,72.9,クビ,2,4.2,37.6,7-9,美浦 森一,448,0,
202406050908,2024-12-28,中山,8,3歳以上1勝クラス,ダ,1200,右,晴,良,"5回 中山 9日目 サラ系３歳以上 １勝クラス       [指] 定量 16頭 本賞金:800,320,200,120,80万円",16,800.0,7,8,15,レッツリブオン,セ,5,58.0,黛,72.9,クビ,13,115.4,37.2,12-11,美浦 伊藤大,472,4,
202406050908,2024-12-28,中山,8,3歳以上1勝クラス,ダ,1200,右,晴,良,"5回 中山 9日目 サラ系３歳以上 １勝クラス       [指] 定量 16頭 本賞金:800,320,200,120,80万円",16,800.0,8,2,4,ニシノクラウン,セ,3,56.0,☆横山琉,72.9,アタマ,14,161.5,38.1,2-2,美浦 相沢,476,12,
202406050908,2024-12-28,中山,8,3歳以上1勝クラス,ダ,1200,右,晴,良,"5回 中山 9日目 サラ系３歳以上 １勝クラス       [指] 定量 16頭 本賞金:800,320,200,120,80万円",16,800.0,9,7,14,ルプランドル,牝,5,55.0,☆原,73.0,クビ,12,98.3,37.3,12-13,美浦 萱野,482,12,
202406050908,2024-12-28,中山,8,3歳以上1勝クラス,ダ,1200,右,晴,良,"5回 中山 9日目 サラ系３歳以上 １勝クラス       [指] 定量 16頭 本賞金:800,320,200,120,80万円",16,800.0,10,6,12,ミルフルール,牝,3,55.0,北村友,73.0,クビ,6,10.5,37.6,7-7,美浦 伊坂,474,-4,
202406050908,2024-12-28,中山,8,3歳以上1勝クラス,ダ,1200,右,晴,良,"5回 中山 9日目 サラ系３歳以上 １勝クラス       [指] 定量 16頭 本賞金:800,320,200,120,80万円",16,800.0,11,6,11,カルフ,セ,3,57.0,丸田,73.2,3/4,10,48.3,37.9,7-7,美浦 大和田,470,18,
202406050908,2024-12-28,中山,8,3歳以上1勝クラス,ダ,1200,右,晴,良,"5回 中山 9日目 サラ系３歳以上 １勝クラス       [指] 定量 16頭 本賞金:800,320,200,120,80万円",16,800.0,12,3,6,ファーレンジョー,牡,4,58.0,小林凌,73.4,1.1/4,16,329.6,37.7,12-13,美浦 蛯名利,466,2,
202406050908,2024-12-28,中山,8,3歳以上1勝クラス,ダ,1200,右,晴,良,"5回 中山 9日目 サラ系３歳以上 １勝クラス       [指] 定量 16頭 本賞金:800,320,200,120,80万円",16,800.0,13,5,10,エンツォ,牡,3,57.0,横山和,73.5,1/2,11,57.1,37.3,16-15,美浦 田村,456,9,
202406050908,2024-12-28,中山,8,3歳以上1勝クラス,ダ,1200,右,晴,良,"5回 中山 9日目 サラ系３歳以上 １勝クラス       [指] 定量 16頭 本賞金:800,320,200,120,80万円",16,800.0,14,8,16,マリンバンカー,牡,3,55.0,△小林脩,73.5,クビ,5,8.2,38.0,10-11,美浦 南田,500,12,
202406050908,2024-12-28,中山,8,3歳以上1勝クラス,ダ,1200,右,晴,良,"5回 中山 9日目 サラ系３歳以上 １勝クラス       [指] 定量 16頭 本賞金:800,320,200,120,80万円",16,800.0,15,7,13,リオンラファール,セ,5,58.0,菊沢,73.9,2.1/2,9,40.5,38.4,10-9,美浦 矢野,532,2,
202406050908,2024-12-28,中山,8,3歳以上1勝クラス,ダ,1200,右,晴,良,"5回 中山 9日目 サラ系３歳以上 １勝クラス       [指] 定量 16頭 本賞金:800,320,200,120,80万円",16,800.0,16,4,7,ショコラブレッド,牝,3,55.0,松岡,74.4,3,15,202.1,38.5,15-16,美浦 畠山,462,4,
202406050909,2024-12-28,中山,9,ベストウィッシュC,ダ,1200,右,晴,良,"5回 中山 9日目 サラ系３歳以上 ２勝クラス       (混)[指] 定量 16頭 本賞金:1550,620,390,230,155万円",16,1550.0,1,1,2,アイアムユウシュン,牡,3,57.0,戸崎圭,71.0,,3,4.3,36.4,3-2,美浦 奥平,516,4,
202406050909,2024-12-28,中山,9,ベストウィッシュC,ダ,1200,右,晴,良,"5回 中山 9日目 サラ系３歳以上 ２勝クラス       (混)[指] 定量 16頭 本賞金:1550,620,390,230,155万円",16,1550.0,2,3,5,ルーラルハピネス,牝,4,56.0,北村宏,71.5,3,5,20.1,37.2,1-1,美浦 伊藤大,484,12,
202406050909,2024-12-28,中山,9,ベストウィッシュC,ダ,1200,右,晴,良,"5回 中山 9日目 サラ系３歳以上 ２勝クラス       (混)[指] 定量 16頭 本賞金:1550,620,390,230,155万円",16,1550.0,3,7,14,ショウナンアビアス,牡,4,58.0,池添,71.6,1/2,2,3.5,37.0,3-2,美浦 加藤士,508,0,
202406050909,2024-12-28,中山,9,ベストウィッシュC,ダ,1200,右,晴,良,"5回 中山 9日目 サラ系３歳以上 ２勝クラス       (混)[指] 定量 16頭 本賞金:1550,620,390,230,155万円",16,1550.0,4,7,13,ディキシーガンナー,牡,4,58.0,川田,71.9,1.3/4,1,2.8,36.8,9-8,栗東 中内田,496,-2,
202406050909,2024-12-28,中山,9,ベストウィッシュC,ダ,1200,右,晴,良,"5回 中山 9日目 サラ系３歳以上 ２勝クラス       (混)[指] 定量 16頭 本賞金:1550,620,390,230,155万円",16,1550.0,5,2,3,メラーキ,牡,7,58.0,松岡,72.0,1/2,16,418.4,36.4,13-14,美浦 稲垣,490,4,
202406050909,2024-12-28,中山,9,ベストウィッシュC,ダ,1200,右,晴,良,"5回 中山 9日目 サラ系３歳以上 ２勝クラス       (混)[指] 定量 16頭 本賞金:1550,620,390,230,155万円",16,1550.0,5,3,6,ヴィクトリーロード,牡,4,58.0,内田博,72.0,1/2,10,40.3,37.2,5-5,美浦 畠山,492,6,
202406050909,2024-12-28,中山,9,ベストウィッシュC,ダ,1200,右,晴,良,"5回 中山 9日目 サラ系３歳以上 ２勝クラス       (混)[指] 定量 16頭 本賞金:1550,620,390,230,155万円",16,1550.0,7,4,8,キタノソワレ,牝,3,55.0,木幡巧,72.0,アタマ,9,32.1,36.6,12-13,美浦 本間,478,10,
202406050909,2024-12-28,中山,9,ベストウィッシュC,ダ,1200,右,晴,良,"5回 中山 9日目 サラ系３歳以上 ２勝クラス       (混)[指] 定量 16頭 本賞金:1550,620,390,230,155万円",16,1550.0,8,8,15,チュウワキャリア,牝,3,55.0,横山武,72.0,アタマ,4,8.4,37.5,2-2,美浦 栗田,508,2,
202406050909,2024-12-28,中山,9,ベストウィッシュC,ダ,1200,右,晴,良,"5回 中山 9日目 サラ系３歳以上 ２勝クラス       (混)[指] 定量 16頭 本賞金:1550,620,390,230,155万円",16,1550.0,9,6,11,マーシヴィガラス,牡,4,58.0,丹内,72.1,1/2,7,22.5,36.6,13-10,美浦 的場,516,10,
202406050909,2024-12-28,中山,9,ベストウィッシュC,ダ,1200,右,晴,良,"5回 中山 9日目 サラ系３歳以上 ２勝クラス       (混)[指] 定量 16頭 本賞金:1550,620,390,230,155万円",16,1550.0,10,5,9,ベルウッドウズメ,セ,5,58.0,石橋脩,72.2,クビ,14,206.0,36.4,16-14,美浦 本間,490,0,
202406050909,2024-12-28,中山,9,ベストウィッシュC,ダ,1200,右,晴,良,"5回 中山 9日目 サラ系３歳以上 ２勝クラス       (混)[指] 定量 16頭 本賞金:1550,620,390,230,155万円",16,1550.0,11,8,16,キャプテンローレル,牡,5,58.0,杉原,72.3,1,13,181.2,37.5,5-5,美浦 田村,480,4,
202406050909,2024-12-28,中山,9,ベストウィッシュC,ダ,1200,右,晴,良,"5回 中山 9日目 サラ系３歳以上 ２勝クラス       (混)[指] 定量 16頭 本賞金:1550,620,390,230,155万円",16,1550.0,12,4,7,グレタ,牝,5,56.0,菊沢,72.5,1.1/2,11,49.4,37.6,7-8,美浦 清水英,480,2,
202406050909,2024-12-28,中山,9,ベストウィッシュC,ダ,1200,右,晴,良,"5回 中山 9日目 サラ系３歳以上 ２勝クラス       (混)[指] 定量 16頭 本賞金:1550,620,390,230,155万円",16,1550.0,13,1,1,ズバットマサムネ,牡,3,57.0,川又,73.0,3,8,30.6,37.4,13-16,栗東 杉山佳,494,-4,
202406050909,2024-12-28,中山,9,ベストウィッシュC,ダ,1200,右,晴,良,"5回 中山 9日目 サラ系３歳以上 ２勝クラス       (混)[指] 定量 16頭 本賞金:1550,620,390,230,155万円",16,1550.0,14,5,10,カナウ,牡,4,58.0,坂井,73.1,クビ,6,21.0,37.9,10-10,栗東 杉山晴,530,-4,
202406050909,2024-12-28,中山,9,ベストウィッシュC,ダ,1200,右,晴,良,"5回 中山 9日目 サラ系３歳以上 ２勝クラス       (混)[指] 定量 16頭 本賞金:1550,620,390,230,155万円",16,1550.0,15,6,12,タッカーシルバー,牝,5,56.0,小林美,73.1,クビ,15,325.7,37.8,11-10,美浦 鈴木伸,472,14,
202406050909,2024-12-28,中山,9,ベストウィッシュC,ダ,1200,右,晴,良,"5回 中山 9日目 サラ系３歳以上 ２勝クラス       (混)[指] 定量 16頭 本賞金:1550,620,390,230,155万円",16,1550.0,16,2,4,スクルトゥーラ,牝,5,56.0,三浦,73.5,2.1/2,12,147.1,38.6,7-5,美浦 鹿戸,446,6,
202406050910,2024-12-28,中山,10,コントレイルC,ダ,1800,右,晴,良,"5回 中山 9日目 サラ系３歳以上 ２勝クラス       (混)[指] 定量 16頭 本賞金:1550,620,390,230,155万円",16,1550.0,1,7,13,レヴォントゥレット,牡,3,57.0,坂井,113.2,,4,6.1,37.8,2-2-2-1,栗東 矢作,488,-6,
202406050910,2024-12-28,中山,10,コントレイルC,ダ,1800,右,晴,良,"5回 中山 9日目 サラ系３歳以上 ２勝クラス       (混)[指] 定量 16頭 本賞金:1550,620,390,230,155万円",16,1550.0,2,8,15,ホウキボシ,セ,4,58.0,佐々木,113.4,1.1/4,2,4.2,37.9,3-3-3-2,美浦 堀,516,8,
202406050910,2024-12-28,中山,10,コントレイルC,ダ,1800,右,晴,良,"5回 中山 9日目 サラ系３歳以上 ２勝クラス       (混)[指] 定量 16頭 本賞金:1550,620,390,230,155万円",16,1550.0,3,4,7,ヴァナルガンド,牡,4,58.0,戸崎圭,114.3,5,5,9.6,38.5,8-8-7-7,美浦 稲垣,474,6,
202406050910,2024-12-28,中山,10,コントレイルC,ダ,1800,右,晴,良,"5回 中山 9日目 サラ系３歳以上 ２勝クラス       (混)[指] 定量 16頭 本賞金:1550,620,390,230,155万円",16,1550.0,4,3,6,アラレタバシル,牡,3,57.0,野中,114.4,クビ,3,5.4,38.1,14-14-12-13,美浦 根本,464,10,
202406050910,2024-12-28,中山,10,コントレイルC,ダ,1800,右,晴,良,"5回 中山 9日目 サラ系３歳以上 ２勝クラス       (混)[指] 定量 16頭 本賞金:1550,620,390,230,155万円",16,1550.0,5,8,16,グレノークス,牝,4,56.0,丸山,114.5,1/2,9,47.0,38.9,5-5-4-4,美浦 宮田,490,2,
202406050910,2024-12-28,中山,10,コントレイルC,ダ,1800,右,晴,良,"5回 中山 9日目 サラ系３歳以上 ２勝クラス       (混)[指] 定量 16頭 本賞金:1550,620,390,230,155万円",16,1550.0,6,7,14,モズアカボス,牡,4,58.0,北村友,114.5,ハナ,10,63.4,38.4,11-11-10-11,栗東 矢作,502,-8,
202406050910,2024-12-28,中山,10,コントレイルC,ダ,1800,右,晴,良,"5回 中山 9日目 サラ系３歳以上 ２勝クラス       (混)[指] 定量 16頭 本賞金:1550,620,390,230,155万円",16,1550.0,7,6,11,イモータルバード,牡,3,57.0,三浦,114.6,1,8,34.4,38.9,5-5-4-5,美浦 栗田,484,8,
202406050910,2024-12-28,中山,10,コントレイルC,ダ,1800,右,晴,良,"5回 中山 9日目 サラ系３歳以上 ２勝クラス       (混)[指] 定量 16頭 本賞金:1550,620,390,230,155万円",16,1550.0,8,5,10,クーアフュルスト,牡,3,57.0,横山武,114.7,アタマ,1,3.6,38.9,8-8-7-7,美浦 大和田,478,2,
202406050910,2024-12-28,中山,10,コントレイルC,ダ,1800,右,晴,良,"5回 中山 9日目 サラ系３歳以上 ２勝クラス       (混)[指] 定量 16頭 本賞金:1550,620,390,230,155万円",16,1550.0,9,5,9,シンヨモギネス,牡,6,58.0,川田,114.8,1/2,6,14.6,38.7,15-15-10-9,美浦 伊藤圭,488,-2,
202406050910,2024-12-28,中山,10,コントレイルC,ダ,1800,右,晴,良,"5回 中山 9日目 サラ系３歳以上 ２勝クラス       (混)[指] 定量 16頭 本賞金:1550,620,390,230,155万円",16,1550.0,10,1,2,ピコニ,牡,3,57.0,木幡巧,114.9,3/4,7,29.5,39.3,3-3-4-5,美浦 牧,494,-2,
202406050910,2024-12-28,中山,10,コントレイルC,ダ,1800,右,晴,良,"5回 中山 9日目 サラ系３歳以上 ２勝クラス       (混)[指] 定量 16頭 本賞金:1550,620,390,230,155万円",16,1550.0,11,2,4,エッグスラット,牡,4,58.0,石橋脩,114.9,ハナ,12,75.2,38.6,15-15-12-11,美浦 矢野,494,-8,
202406050910,2024-12-28,中山,10,コントレイルC,ダ,1800,右,晴,良,"5回 中山 9日目 サラ系３歳以上 ２勝クラス       (混)[指] 定量 16頭 本賞金:1550,620,390,230,155万円",16,1550.0,12,4,8,オールマキシマム,牝,4,56.0,小林脩,115.0,クビ,13,82.9,38.7,12-12-12-15,美浦 奥平,462,6,
202406050910,2024-12-28,中山,10,コントレイルC,ダ,1800,右,晴,良,"5回 中山 9日目 サラ系３歳以上 ２勝クラス       (混)[指] 定量 16頭 本賞金:1550,620,390,230,155万円",16,1550.0,13,1,1,コスモオピニオン,牡,4,58.0,丹内,115.1,1/2,14,89.7,39.1,7-7-9-9,美浦 黒岩,512,6,
202406050910,2024-12-28,中山,10,コントレイルC,ダ,1800,右,晴,良,"5回 中山 9日目 サラ系３歳以上 ２勝クラス       (混)[指] 定量 16頭 本賞金:1550,620,390,230,155万円",16,1550.0,14,2,3,シグナルファイアー,牝,4,56.0,菊沢,115.5,2.1/2,15,139.1,39.3,13-13-12-15,美浦 水野,480,-8,
202406050910,2024-12-28,中山,10,コントレイルC,ダ,1800,右,晴,良,"5回 中山 9日目 サラ系３歳以上 ２勝クラス       (混)[指] 定量 16頭 本賞金:1550,620,390,230,155万円",16,1550.0,15,6,12,クロールキック,牡,5,58.0,黛,116.0,3,16,465.2,39.8,10-10-12-13,美浦 森一,502,-9,
202406050910,2024-12-28,中山,10,コントレイルC,ダ,1800,右,晴,良,"5回 中山 9日目 サラ系３歳以上 ２勝クラス       (混)[指] 定量 16頭 本賞金:1550,620,390,230,155万円",16,1550.0,16,3,5,レイズカイザー,セ,4,58.0,横山和,117.5,9,11,63.8,42.1,1-1-1-2,美浦 田村,528,6,
202406050911,2024-12-28,中山,11,ホープフルS,芝,2000,右,晴,良,"5回 中山 9日目 サラ系２歳 オープン       (国際) 牡・牝(指) 馬齢 18頭 本賞金:7000,2800,1800,1100,700万円",18,7000.0,1,3,6,クロワデュノール,牡,2,56.0,北村友,120.5,,1,1.8,34.9,7-7-4-3,栗東 斉藤崇,496,-8,
202406050911,2024-12-28,中山,11,ホープフルS,芝,2000,右,晴,良,"5回 中山 9日目 サラ系２歳 オープン       (国際) 牡・牝(指) 馬齢 18頭 本賞金:7000,2800,1800,1100,700万円",18,7000.0,2,1,1,ジョバンニ,牡,2,56.0,松山,120.8,2,6,19.1,34.8,7-7-9-7,栗東 杉山晴,484,0,
202406050911,2024-12-28,中山,11,ホープフルS,芝,2000,右,晴,良,"5回 中山 9日目 サラ系２歳 オープン       (国際) 牡・牝(指) 馬齢 18頭 本賞金:7000,2800,1800,1100,700万円",18,7000.0,3,6,11,ファウストラーゼン,牡,2,56.0,杉原,121.0,1.1/4,17,303.3,36.0,16-16-1-1,栗東 西村,454,-2,
202406050911,2024-12-28,中山,11,ホープフルS,芝,2000,右,晴,良,"5回 中山 9日目 サラ系２歳 オープン       (国際) 牡・牝(指) 馬齢 18頭 本賞金:7000,2800,1800,1100,700万円",18,7000.0,4,8,16,ジュタ,牡,2,56.0,坂井,121.2,1,8,26.5,35.3,5-5-7-5,栗東 矢作,510,6,
202406050911,2024-12-28,中山,11,ホープフルS,芝,2000,右,晴,良,"5回 中山 9日目 サラ系２歳 オープン       (国際) 牡・牝(指) 馬齢 18頭 本賞金:7000,2800,1800,1100,700万円",18,7000.0,5,2,4,クラウディアイ,牡,2,56.0,西村淳,121.4,1.1/2,13,67.2,35.5,5-5-7-7,栗東 橋口,432,2,
202406050911,2024-12-28,中山,11,ホープフルS,芝,2000,右,晴,良,"5回 中山 9日目 サラ系２歳 オープン       (国際) 牡・牝(指) 馬齢 18頭 本賞金:7000,2800,1800,1100,700万円",18,7000.0,6,5,10,アスクシュタイン,牡,2,56.0,横山武,121.5,1/2,12,65.7,35.3,11-10-12-10,栗東 藤原,496,6,
202406050911,2024-12-28,中山,11,ホープフルS,芝,2000,右,晴,良,"5回 中山 9日目 サラ系２歳 オープン       (国際) 牡・牝(指) 馬齢 18頭 本賞金:7000,2800,1800,1100,700万円",18,7000.0,7,2,3,ジェットマグナム,牡,2,56.0,丹内,121.5,ハナ,10,46.2,36.0,2-2-3-3,栗東 安達,488,4,
202406050911,2024-12-28,中山,11,ホープフルS,芝,2000,右,晴,良,"5回 中山 9日目 サラ系２歳 オープン       (国際) 牡・牝(指) 馬齢 18頭 本賞金:7000,2800,1800,1100,700万円",18,7000.0,8,3,5,レーヴドロペラ,牝,2,55.0,大野,121.7,1,16,209.4,35.2,14-13-16-13,美浦 加藤士,448,-2,
202406050911,2024-12-28,中山,11,ホープフルS,芝,2000,右,晴,良,"5回 中山 9日目 サラ系２歳 オープン       (国際) 牡・牝(指) 馬齢 18頭 本賞金:7000,2800,1800,1100,700万円",18,7000.0,9,4,8,デルアヴァー,牡,2,56.0,三浦,121.7,クビ,9,35.1,35.3,16-16-15-13,栗東 松永幹,484,6,
202406050911,2024-12-28,中山,11,ホープフルS,芝,2000,右,晴,良,"5回 中山 9日目 サラ系２歳 オープン       (国際) 牡・牝(指) 馬齢 18頭 本賞金:7000,2800,1800,1100,700万円",18,7000.0,10,1,2,ショウナンマクベス,牡,2,56.0,池添,121.7,ハナ,14,122.4,36.0,3-3-5-5,美浦 武市,478,2,
202406050911,2024-12-28,中山,11,ホープフルS,芝,2000,右,晴,良,"5回 中山 9日目 サラ系２歳 オープン       (国際) 牡・牝(指) 馬齢 18頭 本賞金:7000,2800,1800,1100,700万円",18,7000.0,11,8,18,マスカレードボール,牡,2,56.0,戸崎圭,121.7,ハナ,4,9.9,35.5,14-14-12-10,美浦 手塚,472,0,
202406050911,2024-12-28,中山,11,ホープフルS,芝,2000,右,晴,良,"5回 中山 9日目 サラ系２歳 オープン       (国際) 牡・牝(指) 馬齢 18頭 本賞金:7000,2800,1800,1100,700万円",18,7000.0,12,7,13,ジュンアサヒソラ,牡,2,56.0,横山和,121.8,3/4,11,54.2,36.8,1-1-2-2,美浦 高柳瑞,494,-2,
202406050911,2024-12-28,中山,11,ホープフルS,芝,2000,右,晴,良,"5回 中山 9日目 サラ系２歳 オープン       (国際) 牡・牝(指) 馬齢 18頭 本賞金:7000,2800,1800,1100,700万円",18,7000.0,13,7,15,ピコチャンブラック,牡,2,56.0,川田,121.9,1/2,3,7.6,36.2,3-3-5-7,美浦 上原佑,490,4,
202406050911,2024-12-28,中山,11,ホープフルS,芝,2000,右,晴,良,"5回 中山 9日目 サラ系２歳 オープン       (国際) 牡・牝(指) 馬齢 18頭 本賞金:7000,2800,1800,1100,700万円",18,7000.0,14,4,7,ヤマニンブークリエ,牡,2,56.0,武豊,122.0,クビ,5,18.2,35.9,11-11-11-13,栗東 松永幹,528,10,
202406050911,2024-12-28,中山,11,ホープフルS,芝,2000,右,晴,良,"5回 中山 9日目 サラ系２歳 オープン       (国際) 牡・牝(指) 馬齢 18頭 本賞金:7000,2800,1800,1100,700万円",18,7000.0,15,7,14,リアライズオーラム,牡,2,56.0,菅原明,122.3,1.3/4,15,138.0,35.7,13-14-16-16,栗東 須貝,508,12,
202406050911,2024-12-28,中山,11,ホープフルS,芝,2000,右,晴,良,"5回 中山 9日目 サラ系２歳 オープン       (国際) 牡・牝(指) 馬齢 18頭 本賞金:7000,2800,1800,1100,700万円",18,7000.0,16,6,12,マジックサンズ,牡,2,56.0,佐々木,122.6,1.3/4,2,6.4,36.6,9-7-9-10,栗東 須貝,510,10,
202406050911,2024-12-28,中山,11,ホープフルS,芝,2000,右,晴,良,"5回 中山 9日目 サラ系２歳 オープン       (国際) 牡・牝(指) 馬齢 18頭 本賞金:7000,2800,1800,1100,700万円",18,7000.0,17,8,17,アマキヒ,牡,2,56.0,ルメー,122.7,1,7,23.5,36.5,9-11-12-16,美浦 国枝,488,12,
202406050911,2024-12-28,中山,11,ホープフルS,芝,2000,右,晴,良,"5回 中山 9日目 サラ系２歳 オープン       (国際) 牡・牝(指) 馬齢 18頭 本賞金:7000,2800,1800,1100,700万円",18,7000.0,18,5,9,アリオーンスマイル,牡,2,56.0,木幡巧,123.1,2,18,368.4,36.4,18-18-18-18,美浦 土田,452,10,
202406050912,2024-12-28,中山,12,ファイナルS,芝,1600,右,晴,良,"5回 中山 9日目 サラ系３歳以上 ３勝クラス       (混)[指] ハンデ 16頭 本賞金:1840,740,460,280,184万円",16,1840.0,1,7,14,ゴートゥファースト,牡,4,56.0,西村淳,94.3,,10,31.4,35.0,12-12-12,栗東 新谷,486,18,
202406050912,2024-12-28,中山,12,ファイナルS,芝,1600,右,晴,良,"5回 中山 9日目 サラ系３歳以上 ３勝クラス       (混)[指] ハンデ 16頭 本賞金:1840,740,460,280,184万円",16,1840.0,2,8,15,タシット,牡,5,57.0,松山,94.3,クビ,8,16.0,35.4,2-4-4,美浦 中川,468,2,
202406050912,2024-12-28,中山,12,ファイナルS,芝,1600,右,晴,良,"5回 中山 9日目 サラ系３歳以上 ３勝クラス       (混)[指] ハンデ 16頭 本賞金:1840,740,460,280,184万円",16,1840.0,3,5,9,テウメッサ,牝,3,54.0,戸崎圭,94.4,1/2,2,4.4,35.4,9-7-5,美浦 金成,474,14,
202406050912,2024-12-28,中山,12,ファイナルS,芝,1600,右,晴,良,"5回 中山 9日目 サラ系３歳以上 ３勝クラス       (混)[指] ハンデ 16頭 本賞金:1840,740,460,280,184万円",16,1840.0,4,4,7,ヒルノローザンヌ,牝,5,52.0,池添,94.4,ハナ,16,161.4,35.7,2-2-2,栗東 西村,488,-2,
202406050912,2024-12-28,中山,12,ファイナルS,芝,1600,右,晴,良,"5回 中山 9日目 サラ系３歳以上 ３勝クラス       (混)[指] ハンデ 16頭 本賞金:1840,740,460,280,184万円",16,1840.0,5,7,13,ブランデーロック,牡,5,54.0,原,94.6,1,13,96.3,35.0,14-14-14,美浦 青木,490,20,
202406050912,2024-12-28,中山,12,ファイナルS,芝,1600,右,晴,良,"5回 中山 9日目 サラ系３歳以上 ３勝クラス       (混)[指] ハンデ 16頭 本賞金:1840,740,460,280,184万円",16,1840.0,6,1,1,ワンダイレクト,牡,4,56.0,松岡,94.6,ハナ,5,13.1,35.2,12-12-13,栗東 藤岡,450,-2,
202406050912,2024-12-28,中山,12,ファイナルS,芝,1600,右,晴,良,"5回 中山 9日目 サラ系３歳以上 ３勝クラス       (混)[指] ハンデ 16頭 本賞金:1840,740,460,280,184万円",16,1840.0,7,2,4,ニュージーズ,牡,3,56.0,ルメー,94.7,1/2,1,2.9,35.8,6-4-5,美浦 木村,498,10,
202406050912,2024-12-28,中山,12,ファイナルS,芝,1600,右,晴,良,"5回 中山 9日目 サラ系３歳以上 ３勝クラス       (混)[指] ハンデ 16頭 本賞金:1840,740,460,280,184万円",16,1840.0,8,2,3,ベルクレスタ,牝,5,53.0,佐々木,94.7,クビ,12,68.4,35.8,2-4-5,栗東 須貝,484,-2,
202406050912,2024-12-28,中山,12,ファイナルS,芝,1600,右,晴,良,"5回 中山 9日目 サラ系３歳以上 ３勝クラス       (混)[指] ハンデ 16頭 本賞金:1840,740,460,280,184万円",16,1840.0,9,1,2,マイネルティグレ,牡,3,55.0,丹内,94.7,クビ,6,14.0,35.5,6-9-8,栗東 西園正,474,2,
202406050912,2024-12-28,中山,12,ファイナルS,芝,1600,右,晴,良,"5回 中山 9日目 サラ系３歳以上 ３勝クラス       (混)[指] ハンデ 16頭 本賞金:1840,740,460,280,184万円",16,1840.0,10,5,10,ビジュノワール,牝,5,53.0,津村,94.8,クビ,9,21.0,35.6,9-9-8,美浦 中舘,460,-4,
202406050912,2024-12-28,中山,12,ファイナルS,芝,1600,右,晴,良,"5回 中山 9日目 サラ系３歳以上 ３勝クラス       (混)[指] ハンデ 16頭 本賞金:1840,740,460,280,184万円",16,1840.0,11,6,11,ディープリッチ,牡,6,55.0,吉田豊,94.9,1/2,15,161.3,35.2,14-14-15,美浦 小島,530,-4,
202406050912,2024-12-28,中山,12,ファイナルS,芝,1600,右,晴,良,"5回 中山 9日目 サラ系３歳以上 ３勝クラス       (混)[指] ハンデ 16頭 本賞金:1840,740,460,280,184万円",16,1840.0,12,6,12,グラニット,牡,4,56.0,大野,94.9,アタマ,7,15.3,36.1,2-2-2,美浦 大和田,476,2,
202406050912,2024-12-28,中山,12,ファイナルS,芝,1600,右,晴,良,"5回 中山 9日目 サラ系３歳以上 ３勝クラス       (混)[指] ハンデ 16頭 本賞金:1840,740,460,280,184万円",16,1840.0,13,3,6,デコラシオン,牡,5,57.0,菅原明,94.9,クビ,4,7.8,35.7,9-9-8,美浦 高木,526,0,
202406050912,2024-12-28,中山,12,ファイナルS,芝,1600,右,晴,良,"5回 中山 9日目 サラ系３歳以上 ３勝クラス       (混)[指] ハンデ 16頭 本賞金:1840,740,460,280,184万円",16,1840.0,14,3,5,オーサムストローク,牡,3,55.0,北村友,95.2,2,11,57.3,36.6,1-1-1,美浦 伊藤圭,452,8,
202406050912,2024-12-28,中山,12,ファイナルS,芝,1600,右,晴,良,"5回 中山 9日目 サラ系３歳以上 ３勝クラス       (混)[指] ハンデ 16頭 本賞金:1840,740,460,280,184万円",16,1840.0,15,8,16,カーペンタリア,牝,5,52.0,北村宏,95.3,クビ,14,136.3,36.2,6-7-8,美浦 木村,502,0,
202406050912,2024-12-28,中山,12,ファイナルS,芝,1600,右,晴,良,"5回 中山 9日目 サラ系３歳以上 ３勝クラス       (混)[指] ハンデ 16頭 本賞金:1840,740,460,280,184万円",16,1840.0,16,4,8,マラキナイア,牝,4,55.0,川田,100.6,大,3,6.8,37.9,16-16-16,栗東 吉岡,454,-6,
202408070901,2024-12-28,京都,1,2歳未勝利,ダ,1400,右,晴,良,"7回 京都 9日目 サラ系２歳 未勝利       (混)[指] 馬齢 16頭 本賞金:550,220,140,83,55万円",16,550.0,1,5,9,ダイシンリンク,牡,2,53.0,▲ 川端海,86.5,,4,13.7,37.6,7-7,栗東 森秀,458,0,
202408070901,2024-12-28,京都,1,2歳未勝利,ダ,1400,右,晴,良,"7回 京都 9日目 サラ系２歳 未勝利       (混)[指] 馬齢 16頭 本賞金:550,220,140,83,55万円",16,550.0,2,1,1,テーオートムソン,牡,2,56.0,藤岡佑,86.6,クビ,6,16.9,37.1,13-13,栗東 奥村豊,492,4,
202408070901,2024-12-28,京都,1,2歳未勝利,ダ,1400,右,晴,良,"7回 京都 9日目 サラ系２歳 未勝利       (混)[指] 馬齢 16頭 本賞金:550,220,140,83,55万円",16,550.0,3,3,6,コーラルクラウン,牡,2,54.0,△吉村,86.7,1/2,5,14.3,38.0,3-4,栗東 福永,490,14,
202408070901,2024-12-28,京都,1,2歳未勝利,ダ,1400,右,晴,良,"7回 京都 9日目 サラ系２歳 未勝利       (混)[指] 馬齢 16頭 本賞金:550,220,140,83,55万円",16,550.0,4,4,7,アイルビリーヴ,牡,2,56.0,小崎,86.9,1.1/2,11,57.2,38.4,2-2,栗東 新谷,470,6,
202408070901,2024-12-28,京都,1,2歳未勝利,ダ,1400,右,晴,良,"7回 京都 9日目 サラ系２歳 未勝利       (混)[指] 馬齢 16頭 本賞金:550,220,140,83,55万円",16,550.0,5,4,8,アスゴッド,牡,2,56.0,岩田望,87.1,1,1,1.8,38.4,3-3,栗東 矢作,506,4,
202408070901,2024-12-28,京都,1,2歳未勝利,ダ,1400,右,晴,良,"7回 京都 9日目 サラ系２歳 未勝利       (混)[指] 馬齢 16頭 本賞金:550,220,140,83,55万円",16,550.0,6,2,4,サンライズブレイク,牡,2,56.0,幸,87.6,3,7,27.6,39.0,3-4,栗東 浜田,512,24,
202408070901,2024-12-28,京都,1,2歳未勝利,ダ,1400,右,晴,良,"7回 京都 9日目 サラ系２歳 未勝利       (混)[指] 馬齢 16頭 本賞金:550,220,140,83,55万円",16,550.0,7,6,11,スリーレジェンド,牡,2,56.0,酒井,87.7,3/4,13,107.0,38.2,13-13,栗東 石橋,500,14,
202408070901,2024-12-28,京都,1,2歳未勝利,ダ,1400,右,晴,良,"7回 京都 9日目 サラ系２歳 未勝利       (混)[指] 馬齢 16頭 本賞金:550,220,140,83,55万円",16,550.0,8,8,16,セガンティーニ,牝,2,55.0,Ｍデム,87.7,クビ,8,28.7,38.6,10-7,栗東 坂口,468,4,
202408070901,2024-12-28,京都,1,2歳未勝利,ダ,1400,右,晴,良,"7回 京都 9日目 サラ系２歳 未勝利       (混)[指] 馬齢 16頭 本賞金:550,220,140,83,55万円",16,550.0,9,5,10,ジュエルハウス,牝,2,55.0,鮫島駿,87.9,1,2,4.2,39.0,7-7,栗東 西園翔,474,4,
202408070901,2024-12-28,京都,1,2歳未勝利,ダ,1400,右,晴,良,"7回 京都 9日目 サラ系２歳 未勝利       (混)[指] 馬齢 16頭 本賞金:550,220,140,83,55万円",16,550.0,10,7,13,ルルーディ,牝,2,54.0,☆田口,88.1,1.1/4,14,338.1,39.3,6-4,栗東 宮地,446,4,
202408070901,2024-12-28,京都,1,2歳未勝利,ダ,1400,右,晴,良,"7回 京都 9日目 サラ系２歳 未勝利       (混)[指] 馬齢 16頭 本賞金:550,220,140,83,55万円",16,550.0,11,8,15,ソードナイト,牡,2,55.0,☆小沢,88.2,1/2,10,53.9,39.0,11-11,栗東 中村,492,10,
202408070901,2024-12-28,京都,1,2歳未勝利,ダ,1400,右,晴,良,"7回 京都 9日目 サラ系２歳 未勝利       (混)[指] 馬齢 16頭 本賞金:550,220,140,83,55万円",16,550.0,12,2,3,アルデフォックス,牡,2,56.0,藤懸貴,88.3,1,9,49.8,39.4,7-7,栗東 藤岡,520,0,
202408070901,2024-12-28,京都,1,2歳未勝利,ダ,1400,右,晴,良,"7回 京都 9日目 サラ系２歳 未勝利       (混)[指] 馬齢 16頭 本賞金:550,220,140,83,55万円",16,550.0,13,3,5,ユウェンタース,牝,2,55.0,斎藤,88.3,アタマ,16,500.8,39.1,11-11,栗東 宮,488,2,
202408070901,2024-12-28,京都,1,2歳未勝利,ダ,1400,右,晴,良,"7回 京都 9日目 サラ系２歳 未勝利       (混)[指] 馬齢 16頭 本賞金:550,220,140,83,55万円",16,550.0,14,7,14,シオーグ,牝,2,52.0,▲柴田裕,88.4,クビ,12,102.1,38.4,15-15,栗東 中竹,486,4,
202408070901,2024-12-28,京都,1,2歳未勝利,ダ,1400,右,晴,良,"7回 京都 9日目 サラ系２歳 未勝利       (混)[指] 馬齢 16頭 本賞金:550,220,140,83,55万円",16,550.0,15,6,12,キーブリーゼ,牡,2,56.0,秋山稔,88.5,3/4,3,7.6,40.2,1-1,栗東 宮,490,-4,
202408070901,2024-12-28,京都,1,2歳未勝利,ダ,1400,右,晴,良,"7回 京都 9日目 サラ系２歳 未勝利       (混)[指] 馬齢 16頭 本賞金:550,220,140,83,55万円",16,550.0,16,1,2,マルモジーニー,牝,2,55.0,古川吉,88.7,1.1/4,15,464.9,38.6,16-16,栗東 木原,426,-6,
202408070902,2024-12-28,京都,2,2歳未勝利,ダ,1800,右,晴,良,"7回 京都 9日目 サラ系２歳 未勝利       (混)[指] 馬齢 16頭 本賞金:550,220,140,83,55万円",16,550.0,1,3,6,メイショウアイナ,牡,2,56.0,菱田,113.8,,6,17.2,38.2,1-1-1-1,栗東 河内,498,4,
202408070902,2024-12-28,京都,2,2歳未勝利,ダ,1800,右,晴,良,"7回 京都 9日目 サラ系２歳 未勝利       (混)[指] 馬齢 16頭 本賞金:550,220,140,83,55万円",16,550.0,2,8,15,タケルハーロック,牡,2,56.0,鮫島駿,113.9,1/2,1,3.0,38.1,2-2-2-2,栗東 高柳大,496,6,
202408070902,2024-12-28,京都,2,2歳未勝利,ダ,1800,右,晴,良,"7回 京都 9日目 サラ系２歳 未勝利       (混)[指] 馬齢 16頭 本賞金:550,220,140,83,55万円",16,550.0,3,6,12,エンマ,牡,2,56.0,藤岡佑,115.1,7,7,17.2,38.7,7-7-5-4,栗東 武英,464,2,
202408070902,2024-12-28,京都,2,2歳未勝利,ダ,1800,右,晴,良,"7回 京都 9日目 サラ系２歳 未勝利       (混)[指] 馬齢 16頭 本賞金:550,220,140,83,55万円",16,550.0,4,7,14,ロックウイズユー,牡,2,53.0,▲橋木,115.4,1.3/4,4,7.7,38.5,7-7-8-11,栗東 西園正,454,8,
202408070902,2024-12-28,京都,2,2歳未勝利,ダ,1800,右,晴,良,"7回 京都 9日目 サラ系２歳 未勝利       (混)[指] 馬齢 16頭 本賞金:550,220,140,83,55万円",16,550.0,5,8,16,テルアスワッド,牡,2,56.0,Ｍデム,115.9,3,3,5.9,39.0,13-13-11-7,栗東 須貝,508,4,
202408070902,2024-12-28,京都,2,2歳未勝利,ダ,1800,右,晴,良,"7回 京都 9日目 サラ系２歳 未勝利       (混)[指] 馬齢 16頭 本賞金:550,220,140,83,55万円",16,550.0,6,2,3,コリカンチャ,牡,2,56.0,幸,116.1,3/4,5,9.0,39.4,9-7-8-7,栗東 斉藤崇,492,10,
202408070902,2024-12-28,京都,2,2歳未勝利,ダ,1800,右,晴,良,"7回 京都 9日目 サラ系２歳 未勝利       (混)[指] 馬齢 16頭 本賞金:550,220,140,83,55万円",16,550.0,7,2,4,ピストルスター,牡,2,56.0,長岡,116.1,クビ,8,17.8,39.7,5-5-5-6,栗東 高橋亮,490,-2,
202408070902,2024-12-28,京都,2,2歳未勝利,ダ,1800,右,晴,良,"7回 京都 9日目 サラ系２歳 未勝利       (混)[指] 馬齢 16頭 本賞金:550,220,140,83,55万円",16,550.0,8,5,9,テンダリー,牡,2,56.0,荻野極,116.5,2.1/2,14,419.4,39.7,10-10-8-9,栗東 高橋忠,516,10,
202408070902,2024-12-28,京都,2,2歳未勝利,ダ,1800,右,晴,良,"7回 京都 9日目 サラ系２歳 未勝利       (混)[指] 馬齢 16頭 本賞金:550,220,140,83,55万円",16,550.0,9,1,1,ノーランサンライズ,牝,2,53.0,△ 吉村誠,116.7,1.1/4,10,77.2,40.7,4-3-3-3,栗東 音無,494,4,
202408070902,2024-12-28,京都,2,2歳未勝利,ダ,1800,右,晴,良,"7回 京都 9日目 サラ系２歳 未勝利       (混)[指] 馬齢 16頭 本賞金:550,220,140,83,55万円",16,550.0,10,1,2,ニホンピロカミーノ,牡,2,56.0,高倉,116.8,クビ,15,429.8,39.5,15-15-13-13,栗東 安達,476,0,
202408070902,2024-12-28,京都,2,2歳未勝利,ダ,1800,右,晴,良,"7回 京都 9日目 サラ系２歳 未勝利       (混)[指] 馬齢 16頭 本賞金:550,220,140,83,55万円",16,550.0,11,6,11,キンセンオー,牡,2,54.0,◇永島,117.2,2.1/2,12,114.9,40.0,10-12-12-12,栗東 中尾,474,0,
202408070902,2024-12-28,京都,2,2歳未勝利,ダ,1800,右,晴,良,"7回 京都 9日目 サラ系２歳 未勝利       (混)[指] 馬齢 16頭 本賞金:550,220,140,83,55万円",16,550.0,12,4,7,ダノンジャガー,牡,2,56.0,岩田望,118.1,5,2,3.5,42.0,3-3-3-4,栗東 池江,524,0,
202408070902,2024-12-28,京都,2,2歳未勝利,ダ,1800,右,晴,良,"7回 京都 9日目 サラ系２歳 未勝利       (混)[指] 馬齢 16頭 本賞金:550,220,140,83,55万円",16,550.0,13,4,8,シャインバオバブ,牡,2,56.0,太宰,118.2,クビ,11,96.1,40.4,14-14-15-14,栗東 本田,498,10,
202408070902,2024-12-28,京都,2,2歳未勝利,ダ,1800,右,晴,良,"7回 京都 9日目 サラ系２歳 未勝利       (混)[指] 馬齢 16頭 本賞金:550,220,140,83,55万円",16,550.0,14,3,5,フェスティーヴォ,牡,2,53.0,▲柴田裕,118.2,クビ,16,490.5,39.1,16-16-16-16,栗東 中竹,466,2,
202408070902,2024-12-28,京都,2,2歳未勝利,ダ,1800,右,晴,良,"7回 京都 9日目 サラ系２歳 未勝利       (混)[指] 馬齢 16頭 本賞金:550,220,140,83,55万円",16,550.0,15,5,10,シュタールペスカ,牡,2,55.0,☆小沢,119.0,5,9,74.3,42.3,5-5-7-9,栗東 福永,504,4,
202408070902,2024-12-28,京都,2,2歳未勝利,ダ,1800,右,晴,良,"7回 京都 9日目 サラ系２歳 未勝利       (混)[指] 馬齢 16頭 本賞金:550,220,140,83,55万円",16,550.0,16,7,13,テイエムヘルメット,牡,2,55.0,☆田口,121.5,大,13,121.2,43.6,10-10-14-15,栗東 鈴木孝,494,10,
202408070903,2024-12-28,京都,3,2歳未勝利,芝,2000,右,晴,良,"7回 京都 9日目 サラ系２歳 未勝利       (混)[指] 馬齢 16頭 本賞金:550,220,140,83,55万円",16,550.0,1,1,1,リガーレ,牡,2,56.0,荻野極,121.7,,2,3.9,35.4,2-1-1-1,栗東 池江,530,0,
202408070903,2024-12-28,京都,3,2歳未勝利,芝,2000,右,晴,良,"7回 京都 9日目 サラ系２歳 未勝利       (混)[指] 馬齢 16頭 本賞金:550,220,140,83,55万円",16,550.0,2,4,7,ルージュスティーズ,牝,2,55.0,鮫島駿,121.8,1,1,3.5,34.8,8-9-9-8,栗東 斉藤崇,476,2,
202408070903,2024-12-28,京都,3,2歳未勝利,芝,2000,右,晴,良,"7回 京都 9日目 サラ系２歳 未勝利       (混)[指] 馬齢 16頭 本賞金:550,220,140,83,55万円",16,550.0,3,3,5,ドラギニャン,牡,2,56.0,鮫島良,121.9,1/2,15,325.8,34.8,11-11-9-10,栗東 河嶋,406,-12,
202408070903,2024-12-28,京都,3,2歳未勝利,芝,2000,右,晴,良,"7回 京都 9日目 サラ系２歳 未勝利       (混)[指] 馬齢 16頭 本賞金:550,220,140,83,55万円",16,550.0,4,4,8,サトノソティラス,牡,2,56.0,幸,121.9,アタマ,7,20.2,35.0,7-7-7-8,栗東 池江,492,-2,
202408070903,2024-12-28,京都,3,2歳未勝利,芝,2000,右,晴,良,"7回 京都 9日目 サラ系２歳 未勝利       (混)[指] 馬齢 16頭 本賞金:550,220,140,83,55万円",16,550.0,5,2,4,ニシノイツキムスメ,牝,2,55.0,浜中,122.0,クビ,5,12.2,35.3,6-6-4-5,栗東 北出,418,8,
202408070903,2024-12-28,京都,3,2歳未勝利,芝,2000,右,晴,良,"7回 京都 9日目 サラ系２歳 未勝利       (混)[指] 馬齢 16頭 本賞金:550,220,140,83,55万円",16,550.0,6,8,15,ニホンピロデヴィン,牡,2,55.0,☆田口,122.0,ハナ,9,35.1,35.3,4-4-4-5,栗東 緒方,436,2,
202408070903,2024-12-28,京都,3,2歳未勝利,芝,2000,右,晴,良,"7回 京都 9日目 サラ系２歳 未勝利       (混)[指] 馬齢 16頭 本賞金:550,220,140,83,55万円",16,550.0,7,1,2,ジャストキングダム,牡,2,53.0,▲橋木,122.1,3/4,14,223.8,35.5,4-4-4-2,栗東 高橋康,554,22,
202408070903,2024-12-28,京都,3,2歳未勝利,芝,2000,右,晴,良,"7回 京都 9日目 サラ系２歳 未勝利       (混)[指] 馬齢 16頭 本賞金:550,220,140,83,55万円",16,550.0,8,7,13,プレデスティナーレ,牡,2,56.0,亀田,122.3,3/4,13,125.2,34.7,15-14-12-11,栗東 北出,458,-2,
202408070903,2024-12-28,京都,3,2歳未勝利,芝,2000,右,晴,良,"7回 京都 9日目 サラ系２歳 未勝利       (混)[指] 馬齢 16頭 本賞金:550,220,140,83,55万円",16,550.0,9,5,10,サンリットアワーズ,牡,2,56.0,岩田望,122.3,クビ,4,6.4,35.4,8-7-7-7,栗東 中内田,484,0,
202408070903,2024-12-28,京都,3,2歳未勝利,芝,2000,右,晴,良,"7回 京都 9日目 サラ系２歳 未勝利       (混)[指] 馬齢 16頭 本賞金:550,220,140,83,55万円",16,550.0,10,3,6,メイショウヤシマ,牡,2,56.0,太宰,122.6,2,3,4.6,36.1,3-3-2-2,栗東 高橋亮,466,-2,
202408070903,2024-12-28,京都,3,2歳未勝利,芝,2000,右,晴,良,"7回 京都 9日目 サラ系２歳 未勝利       (混)[指] 馬齢 16頭 本賞金:550,220,140,83,55万円",16,550.0,11,6,12,ハルフロンティア,牡,2,54.0,△吉村,122.7,3/4,6,12.3,36.3,1-2-2-2,栗東 池添,490,12,
202408070903,2024-12-28,京都,3,2歳未勝利,芝,2000,右,晴,良,"7回 京都 9日目 サラ系２歳 未勝利       (混)[指] 馬齢 16頭 本賞金:550,220,140,83,55万円",16,550.0,12,8,16,スーパーチャンド,牝,2,55.0,小崎,122.8,1/2,11,57.7,35.4,8-9-11-11,栗東 西村,446,-2,
202408070903,2024-12-28,京都,3,2歳未勝利,芝,2000,右,晴,良,"7回 京都 9日目 サラ系２歳 未勝利       (混)[指] 馬齢 16頭 本賞金:550,220,140,83,55万円",16,550.0,13,2,3,ダンタリオン,牡,2,56.0,藤岡佑,122.8,ハナ,8,27.0,34.9,16-16-15-14,栗東 上村,476,8,
202408070903,2024-12-28,京都,3,2歳未勝利,芝,2000,右,晴,良,"7回 京都 9日目 サラ系２歳 未勝利       (混)[指] 馬齢 16頭 本賞金:550,220,140,83,55万円",16,550.0,14,5,9,ウインポセイドン,牡,2,56.0,菱田,123.4,3.1/2,10,51.3,35.5,11-13-14-14,栗東 奥村豊,476,6,
202408070903,2024-12-28,京都,3,2歳未勝利,芝,2000,右,晴,良,"7回 京都 9日目 サラ系２歳 未勝利       (混)[指] 馬齢 16頭 本賞金:550,220,140,83,55万円",16,550.0,15,7,14,コスモサンビタリア,牝,2,52.0,▲柴田裕,123.5,1/2,16,335.2,35.4,14-14-15-16,栗東 西園翔,436,8,
202408070903,2024-12-28,京都,3,2歳未勝利,芝,2000,右,晴,良,"7回 京都 9日目 サラ系２歳 未勝利       (混)[指] 馬齢 16頭 本賞金:550,220,140,83,55万円",16,550.0,16,6,11,マナミン,牝,2,53.0,◇永島,124.1,3.1/2,12,83.5,36.5,11-11-12-13,栗東 高橋康,446,0,
202408070904,2024-12-28,京都,4,3歳以上障害未勝利,障,2910,,晴,良,"7回 京都 9日目 障害３歳以上 未勝利       (混) 定量 14頭 本賞金:790,320,200,120,79万円",14,790.0,1,3,4,バーンパッション,牡,7,60.0,大江圭,199.8,,2,2.8,13.7,3-3-1-1,美浦 天間,486,14,
202408070904,2024-12-28,京都,4,3歳以上障害未勝利,障,2910,,晴,良,"7回 京都 9日目 障害３歳以上 未勝利       (混) 定量 14頭 本賞金:790,320,200,120,79万円",14,790.0,2,7,11,ミラクルジニア,牡,3,56.0,▲土田,200.2,2.1/2,13,121.0,13.8,8-7-4-2,美浦 粕谷,462,0,
202408070904,2024-12-28,京都,4,3歳以上障害未勝利,障,2910,,晴,良,"7回 京都 9日目 障害３歳以上 未勝利       (混) 定量 14頭 本賞金:790,320,200,120,79万円",14,790.0,3,4,5,サンデーヒーロー,牡,4,60.0,中村,200.8,3.1/2,12,101.9,13.8,2-2-2-2,栗東 中村,480,0,
202408070904,2024-12-28,京都,4,3歳以上障害未勝利,障,2910,,晴,良,"7回 京都 9日目 障害３歳以上 未勝利       (混) 定量 14頭 本賞金:790,320,200,120,79万円",14,790.0,4,7,12,ジオフロント,牡,6,60.0,小牧加,201.3,3,1,2.2,13.8,4-6-5-5,栗東 清水久,474,8,
202408070904,2024-12-28,京都,4,3歳以上障害未勝利,障,2910,,晴,良,"7回 京都 9日目 障害３歳以上 未勝利       (混) 定量 14頭 本賞金:790,320,200,120,79万円",14,790.0,5,4,6,スズカキング,牡,7,60.0,難波,202.1,5,6,18.7,13.9,1-1-3-4,栗東 谷,470,14,
202408070904,2024-12-28,京都,4,3歳以上障害未勝利,障,2910,,晴,良,"7回 京都 9日目 障害３歳以上 未勝利       (混) 定量 14頭 本賞金:790,320,200,120,79万円",14,790.0,6,8,13,ペイシャモノノフ,牡,4,60.0,田村,202.6,3,5,17.4,13.9,9-9-6-6,栗東 畑端,488,6,
202408070904,2024-12-28,京都,4,3歳以上障害未勝利,障,2910,,晴,良,"7回 京都 9日目 障害３歳以上 未勝利       (混) 定量 14頭 本賞金:790,320,200,120,79万円",14,790.0,7,5,8,タナサンブラック,牡,4,60.0,草野,203.5,5,4,11.3,14.0,10-10-8-8,美浦 伊坂,510,10,
202408070904,2024-12-28,京都,4,3歳以上障害未勝利,障,2910,,晴,良,"7回 京都 9日目 障害３歳以上 未勝利       (混) 定量 14頭 本賞金:790,320,200,120,79万円",14,790.0,8,6,9,テイエムイダテン,牡,7,60.0,小野寺,203.7,1,7,27.5,14.0,7-7-7-7,栗東 小椋,478,10,
202408070904,2024-12-28,京都,4,3歳以上障害未勝利,障,2910,,晴,良,"7回 京都 9日目 障害３歳以上 未勝利       (混) 定量 14頭 本賞金:790,320,200,120,79万円",14,790.0,9,6,10,クラウドクラスター,牡,5,60.0,上野,207.5,大,9,36.6,14.3,4-5-9-9,美浦 和田雄,480,6,
202408070904,2024-12-28,京都,4,3歳以上障害未勝利,障,2910,,晴,良,"7回 京都 9日目 障害３歳以上 未勝利       (混) 定量 14頭 本賞金:790,320,200,120,79万円",14,790.0,10,8,14,ゼンノジーニー,牡,3,58.0,黒岩,210.3,大,14,144.4,14.5,12-11-11-11,栗東 飯田,496,32,
202408070904,2024-12-28,京都,4,3歳以上障害未勝利,障,2910,,晴,良,"7回 京都 9日目 障害３歳以上 未勝利       (混) 定量 14頭 本賞金:790,320,200,120,79万円",14,790.0,11,3,3,ゴットリープ,牡,4,60.0,五十嵐,210.4,3/4,11,90.9,14.5,13-12-12-12,美浦 栗田,466,0,
202408070904,2024-12-28,京都,4,3歳以上障害未勝利,障,2910,,晴,良,"7回 京都 9日目 障害３歳以上 未勝利       (混) 定量 14頭 本賞金:790,320,200,120,79万円",14,790.0,12,2,2,シュハリ,牡,4,60.0,江田勇,211.0,3.1/2,3,8.8,14.5,4-3-10-10,美浦 粕谷,456,2,
202408070904,2024-12-28,京都,4,3歳以上障害未勝利,障,2910,,晴,良,"7回 京都 9日目 障害３歳以上 未勝利       (混) 定量 14頭 本賞金:790,320,200,120,79万円",14,790.0,,1,1,フスカル,セ,4,60.0,石神深,,,8,34.2,,11-14,美浦 森一,474,-4,中止
202408070904,2024-12-28,京都,4,3歳以上障害未勝利,障,2910,,晴,良,"7回 京都 9日目 障害３歳以上 未勝利       (混) 定量 14頭 本賞金:790,320,200,120,79万円",14,790.0,,5,7,ガルムキャット,牡,4,60.0,小坂,,,10,59.4,,13-13,栗東 高橋一,418,-4,中止
202408070905,2024-12-28,京都,5,2歳新馬,芝,2000,右,晴,良,"7回 京都 9日目 サラ系２歳 新馬       (混)[指] 馬齢 16頭 本賞金:720,290,180,110,72万円",16,720.0,1,1,1,ムーンライトラガー,牝,2,55.0,荻野琢,123.2,,4,6.6,35.0,8-8-10-8,栗東 大久保,416,0,
202408070905,2024-12-28,京都,5,2歳新馬,芝,2000,右,晴,良,"7回 京都 9日目 サラ系２歳 新馬       (混)[指] 馬齢 16頭 本賞金:720,290,180,110,72万円",16,720.0,2,4,8,ダノンジャイアン,牡,2,56.0,岩田望,123.5,2,7,20.8,35.6,7-6-4-5,栗東 茶木,448,0,
202408070905,2024-12-28,京都,5,2歳新馬,芝,2000,右,晴,良,"7回 京都 9日目 サラ系２歳 新馬       (混)[指] 馬齢 16頭 本賞金:720,290,180,110,72万円",16,720.0,3,8,15,ピースオブライツ,牝,2,55.0,藤岡佑,123.5,ハナ,3,6.4,35.6,2-1-4-3,栗東 武英,430,0,
202408070905,2024-12-28,京都,5,2歳新馬,芝,2000,右,晴,良,"7回 京都 9日目 サラ系２歳 新馬       (混)[指] 馬齢 16頭 本賞金:720,290,180,110,72万円",16,720.0,4,6,11,カランダッシュ,牝,2,54.0,☆ 田口貫,123.8,1.3/4,5,7.7,36.1,3-5-3-3,栗東 須貝,468,0,
202408070905,2024-12-28,京都,5,2歳新馬,芝,2000,右,晴,良,"7回 京都 9日目 サラ系２歳 新馬       (混)[指] 馬齢 16頭 本賞金:720,290,180,110,72万円",16,720.0,5,8,16,ロックエンジェル,牡,2,56.0,幸,124.2,2.1/2,6,16.6,36.2,6-6-7-6,栗東 友道,464,0,
202408070905,2024-12-28,京都,5,2歳新馬,芝,2000,右,晴,良,"7回 京都 9日目 サラ系２歳 新馬       (混)[指] 馬齢 16頭 本賞金:720,290,180,110,72万円",16,720.0,6,5,10,ララベルドゥニュイ,牝,2,55.0,Ｍデム,124.3,3/4,8,28.7,36.7,4-3-2-2,栗東 松下,512,0,
202408070905,2024-12-28,京都,5,2歳新馬,芝,2000,右,晴,良,"7回 京都 9日目 サラ系２歳 新馬       (混)[指] 馬齢 16頭 本賞金:720,290,180,110,72万円",16,720.0,7,4,7,ベイストラトラ,牡,2,56.0,菱田,124.5,1,2,4.5,36.9,4-2-1-1,栗東 鮫島,484,0,
202408070905,2024-12-28,京都,5,2歳新馬,芝,2000,右,晴,良,"7回 京都 9日目 サラ系２歳 新馬       (混)[指] 馬齢 16頭 本賞金:720,290,180,110,72万円",16,720.0,8,3,5,ワンダーリズム,牡,2,53.0,▲柴田裕,124.7,1,15,149.7,36.3,12-12-11-10,栗東 高柳大,522,0,
202408070905,2024-12-28,京都,5,2歳新馬,芝,2000,右,晴,良,"7回 京都 9日目 サラ系２歳 新馬       (混)[指] 馬齢 16頭 本賞金:720,290,180,110,72万円",16,720.0,9,6,12,ベルフォン,牝,2,55.0,斎藤,125.2,3,16,149.9,37.1,1-3-7-6,栗東 新谷,416,0,
202408070905,2024-12-28,京都,5,2歳新馬,芝,2000,右,晴,良,"7回 京都 9日目 サラ系２歳 新馬       (混)[指] 馬齢 16頭 本賞金:720,290,180,110,72万円",16,720.0,10,1,2,メイショウピリカ,牝,2,55.0,太宰,125.4,1.1/4,10,37.5,36.9,15-14-14-11,栗東 本田,478,0,
202408070905,2024-12-28,京都,5,2歳新馬,芝,2000,右,晴,良,"7回 京都 9日目 サラ系２歳 新馬       (混)[指] 馬齢 16頭 本賞金:720,290,180,110,72万円",16,720.0,11,2,3,テーオーカバリエ,牝,2,55.0,酒井,125.7,1.1/2,9,32.4,37.0,12-12-14-15,栗東 須貝,430,0,
202408070905,2024-12-28,京都,5,2歳新馬,芝,2000,右,晴,良,"7回 京都 9日目 サラ系２歳 新馬       (混)[指] 馬齢 16頭 本賞金:720,290,180,110,72万円",16,720.0,12,5,9,ラストショット,牡,2,56.0,秋山稔,126.0,1.3/4,12,52.6,37.0,16-16-16-15,栗東 高橋康,452,0,
202408070905,2024-12-28,京都,5,2歳新馬,芝,2000,右,晴,良,"7回 京都 9日目 サラ系２歳 新馬       (混)[指] 馬齢 16頭 本賞金:720,290,180,110,72万円",16,720.0,13,2,4,ミコノオンガエシ,牝,2,53.0,△吉村,126.4,2.1/2,11,38.6,37.9,10-11-11-11,栗東 中村,440,0,
202408070905,2024-12-28,京都,5,2歳新馬,芝,2000,右,晴,良,"7回 京都 9日目 サラ系２歳 新馬       (混)[指] 馬齢 16頭 本賞金:720,290,180,110,72万円",16,720.0,14,3,6,ナムラロビン,牡,2,56.0,亀田,126.5,1,14,101.3,38.1,14-14-11-11,栗東 村山,490,0,
202408070905,2024-12-28,京都,5,2歳新馬,芝,2000,右,晴,良,"7回 京都 9日目 サラ系２歳 新馬       (混)[指] 馬齢 16頭 本賞金:720,290,180,110,72万円",16,720.0,15,7,13,アルディマジオ,牡,2,56.0,浜中,129.1,大,13,58.9,40.9,10-10-7-11,美浦 村田,530,0,
202408070905,2024-12-28,京都,5,2歳新馬,芝,2000,右,晴,良,"7回 京都 9日目 サラ系２歳 新馬       (混)[指] 馬齢 16頭 本賞金:720,290,180,110,72万円",16,720.0,16,7,14,ヴェルドロ,牡,2,56.0,鮫島駿,129.4,1.3/4,1,3.2,41.5,9-9-4-9,栗東 高野,476,0,
202408070906,2024-12-28,京都,6,2歳1勝クラス,ダ,1800,右,晴,良,"7回 京都 9日目 サラ系２歳 １勝クラス       (混)(特指) 馬齢 13頭 本賞金:780,310,200,120,78万円",13,780.0,1,6,8,ヴィリアリート,牝,2,55.0,幸,113.4,,2,3.7,37.7,2-2-2-2,栗東 西村,532,-4,
202408070906,2024-12-28,京都,6,2歳1勝クラス,ダ,1800,右,晴,良,"7回 京都 9日目 サラ系２歳 １勝クラス       (混)(特指) 馬齢 13頭 本賞金:780,310,200,120,78万円",13,780.0,2,2,2,ゴッドエスパーダ,牡,2,56.0,角田和,113.8,2.1/2,7,17.6,37.6,10-9-7-9,栗東 角田,476,2,
202408070906,2024-12-28,京都,6,2歳1勝クラス,ダ,1800,右,晴,良,"7回 京都 9日目 サラ系２歳 １勝クラス       (混)(特指) 馬齢 13頭 本賞金:780,310,200,120,78万円",13,780.0,3,5,6,サンダーロード,牡,2,56.0,鮫島駿,114.2,2.1/2,9,27.4,38.2,3-3-4-5,栗東 杉山晴,538,6,
202408070906,2024-12-28,京都,6,2歳1勝クラス,ダ,1800,右,晴,良,"7回 京都 9日目 サラ系２歳 １勝クラス       (混)(特指) 馬齢 13頭 本賞金:780,310,200,120,78万円",13,780.0,4,4,4,カナルビーグル,牡,2,54.0,△吉村,114.3,1/2,1,2.9,38.2,7-6-4-5,栗東 音無,490,0,
202408070906,2024-12-28,京都,6,2歳1勝クラス,ダ,1800,右,晴,良,"7回 京都 9日目 サラ系２歳 １勝クラス       (混)(特指) 馬齢 13頭 本賞金:780,310,200,120,78万円",13,780.0,5,4,5,シホノペルフェット,牡,2,56.0,浜中,115.2,5,8,26.0,38.9,10-9-9-4,栗東 寺島,510,-2,
202408070906,2024-12-28,京都,6,2歳1勝クラス,ダ,1800,右,晴,良,"7回 京都 9日目 サラ系２歳 １勝クラス       (混)(特指) 馬齢 13頭 本賞金:780,310,200,120,78万円",13,780.0,6,8,13,オリーブグリーン,牡,2,56.0,菱田,115.3,1/2,5,12.0,38.6,7-9-11-10,栗東 矢作,544,-2,
202408070906,2024-12-28,京都,6,2歳1勝クラス,ダ,1800,右,晴,良,"7回 京都 9日目 サラ系２歳 １勝クラス       (混)(特指) 馬齢 13頭 本賞金:780,310,200,120,78万円",13,780.0,7,1,1,ヤングアメリカンズ,牡,2,55.0,☆小沢,115.3,アタマ,11,59.6,39.2,5-6-7-5,栗東 奥村豊,488,-4,
202408070906,2024-12-28,京都,6,2歳1勝クラス,ダ,1800,右,晴,良,"7回 京都 9日目 サラ系２歳 １勝クラス       (混)(特指) 馬齢 13頭 本賞金:780,310,200,120,78万円",13,780.0,8,7,10,スマートシーカー,牡,2,56.0,吉田隼,115.4,3/4,6,15.4,39.3,7-6-4-5,栗東 吉村,492,0,
202408070906,2024-12-28,京都,6,2歳1勝クラス,ダ,1800,右,晴,良,"7回 京都 9日目 サラ系２歳 １勝クラス       (混)(特指) 馬齢 13頭 本賞金:780,310,200,120,78万円",13,780.0,9,5,7,ステイクオール,牡,2,56.0,岩田望,115.9,3,3,5.8,40.1,4-3-3-3,栗東 上村,494,-4,
202408070906,2024-12-28,京都,6,2歳1勝クラス,ダ,1800,右,晴,良,"7回 京都 9日目 サラ系２歳 １勝クラス       (混)(特指) 馬齢 13頭 本賞金:780,310,200,120,78万円",13,780.0,10,8,12,タイセイレグノ,牡,2,55.0,☆ 田口貫,116.1,3/4,13,167.1,39.7,5-5-9-10,栗東 浜田,466,-4,
202408070906,2024-12-28,京都,6,2歳1勝クラス,ダ,1800,右,晴,良,"7回 京都 9日目 サラ系２歳 １勝クラス       (混)(特指) 馬齢 13頭 本賞金:780,310,200,120,78万円",13,780.0,11,7,11,アレスグート,牡,2,56.0,古川吉,116.1,クビ,12,59.9,40.5,1-1-1-1,美浦 牧,458,-2,
202408070906,2024-12-28,京都,6,2歳1勝クラス,ダ,1800,右,晴,良,"7回 京都 9日目 サラ系２歳 １勝クラス       (混)(特指) 馬齢 13頭 本賞金:780,310,200,120,78万円",13,780.0,12,3,3,シーソーゲーム,牡,2,56.0,Ｍデム,117.6,9,10,55.9,40.6,12-12-12-12,美浦 小笠,464,4,
202408070906,2024-12-28,京都,6,2歳1勝クラス,ダ,1800,右,晴,良,"7回 京都 9日目 サラ系２歳 １勝クラス       (混)(特指) 馬齢 13頭 本賞金:780,310,200,120,78万円",13,780.0,,6,9,エンペラーズソード,セ,2,56.0,荻野極,,,4,7.2,,12-13-13-13,美浦 高木,496,0,中止
202408070907,2024-12-28,京都,7,3歳以上1勝クラス,芝,1800,右,晴,良,"7回 京都 9日目 サラ系３歳以上 １勝クラス       (混)[指] 定量 18頭 本賞金:800,320,200,120,80万円",18,800.0,1,3,6,ショウナンガチ,牡,3,57.0,Ｍデム,107.6,,9,16.3,34.7,2-2,栗東 須貝,502,-4,
202408070907,2024-12-28,京都,7,3歳以上1勝クラス,芝,1800,右,晴,良,"7回 京都 9日目 サラ系３歳以上 １勝クラス       (混)[指] 定量 18頭 本賞金:800,320,200,120,80万円",18,800.0,2,8,18,テンクウハット,牝,4,52.0,★河原田,107.7,クビ,16,115.3,34.9,1-1,栗東 渡辺,472,10,
202408070907,2024-12-28,京都,7,3歳以上1勝クラス,芝,1800,右,晴,良,"7回 京都 9日目 サラ系３歳以上 １勝クラス       (混)[指] 定量 18頭 本賞金:800,320,200,120,80万円",18,800.0,3,3,5,バガン,牡,6,57.0,☆田口,107.9,1.1/2,12,37.4,34.8,4-4,栗東 宮地,480,4,
202408070907,2024-12-28,京都,7,3歳以上1勝クラス,芝,1800,右,晴,良,"7回 京都 9日目 サラ系３歳以上 １勝クラス       (混)[指] 定量 18頭 本賞金:800,320,200,120,80万円",18,800.0,4,7,14,オリーボーレン,牝,3,55.0,藤岡佑,108.1,1,5,8.8,35.0,4-4,栗東 藤岡,462,0,
202408070907,2024-12-28,京都,7,3歳以上1勝クラス,芝,1800,右,晴,良,"7回 京都 9日目 サラ系３歳以上 １勝クラス       (混)[指] 定量 18頭 本賞金:800,320,200,120,80万円",18,800.0,5,8,17,サンウリエル,牡,3,57.0,長岡,108.1,アタマ,11,31.2,34.3,13-11,栗東 宮本,482,0,
202408070907,2024-12-28,京都,7,3歳以上1勝クラス,芝,1800,右,晴,良,"7回 京都 9日目 サラ系３歳以上 １勝クラス       (混)[指] 定量 18頭 本賞金:800,320,200,120,80万円",18,800.0,6,7,15,ミッキーキャンバス,牡,4,58.0,浜中,108.1,クビ,1,4.2,34.8,6-6,栗東 池江,508,2,
202408070907,2024-12-28,京都,7,3歳以上1勝クラス,芝,1800,右,晴,良,"7回 京都 9日目 サラ系３歳以上 １勝クラス       (混)[指] 定量 18頭 本賞金:800,320,200,120,80万円",18,800.0,7,2,4,ダノンアトラス,牡,3,57.0,鮫島駿,108.2,1/2,4,8.4,34.5,9-8,栗東 橋口,404,2,
202408070907,2024-12-28,京都,7,3歳以上1勝クラス,芝,1800,右,晴,良,"7回 京都 9日目 サラ系３歳以上 １勝クラス       (混)[指] 定量 18頭 本賞金:800,320,200,120,80万円",18,800.0,8,6,11,グラヴィス,牡,3,57.0,岩田望,108.3,クビ,3,6.2,34.7,9-8,栗東 矢作,500,8,
202408070907,2024-12-28,京都,7,3歳以上1勝クラス,芝,1800,右,晴,良,"7回 京都 9日目 サラ系３歳以上 １勝クラス       (混)[指] 定量 18頭 本賞金:800,320,200,120,80万円",18,800.0,9,2,3,エイシンジェンマ,牝,4,56.0,吉田隼,108.3,クビ,10,17.4,34.3,14-15,栗東 中尾,498,-2,
202408070907,2024-12-28,京都,7,3歳以上1勝クラス,芝,1800,右,晴,良,"7回 京都 9日目 サラ系３歳以上 １勝クラス       (混)[指] 定量 18頭 本賞金:800,320,200,120,80万円",18,800.0,10,1,1,フルレゾン,牝,3,55.0,亀田,108.4,クビ,7,15.3,34.1,17-17,栗東 池添,448,-8,
202408070907,2024-12-28,京都,7,3歳以上1勝クラス,芝,1800,右,晴,良,"7回 京都 9日目 サラ系３歳以上 １勝クラス       (混)[指] 定量 18頭 本賞金:800,320,200,120,80万円",18,800.0,11,5,9,キタサンダムール,牝,4,54.0,△吉村,108.5,1/2,8,15.8,34.6,9-11,栗東 清水久,496,8,
202408070907,2024-12-28,京都,7,3歳以上1勝クラス,芝,1800,右,晴,良,"7回 京都 9日目 サラ系３歳以上 １勝クラス       (混)[指] 定量 18頭 本賞金:800,320,200,120,80万円",18,800.0,12,4,8,メイショウタクボク,牡,4,58.0,太宰,108.7,1.1/2,17,122.7,34.6,14-15,栗東 高橋亮,458,2,
202408070907,2024-12-28,京都,7,3歳以上1勝クラス,芝,1800,右,晴,良,"7回 京都 9日目 サラ系３歳以上 １勝クラス       (混)[指] 定量 18頭 本賞金:800,320,200,120,80万円",18,800.0,13,8,16,アルバニー,牝,3,55.0,幸英明,108.8,クビ,6,14.4,35.3,7-8,栗東 斉藤崇,460,6,
202408070907,2024-12-28,京都,7,3歳以上1勝クラス,芝,1800,右,晴,良,"7回 京都 9日目 サラ系３歳以上 １勝クラス       (混)[指] 定量 18頭 本賞金:800,320,200,120,80万円",18,800.0,14,1,2,マハナ,牝,3,54.0,☆小沢,108.8,クビ,13,87.6,34.8,14-13,栗東 鮫島,442,-2,
202408070907,2024-12-28,京都,7,3歳以上1勝クラス,芝,1800,右,晴,良,"7回 京都 9日目 サラ系３歳以上 １勝クラス       (混)[指] 定量 18頭 本賞金:800,320,200,120,80万円",18,800.0,15,5,10,アンジョルラス,牡,3,57.0,国分優,109.3,3,2,4.9,35.9,7-6,栗東 松下,512,6,
202408070907,2024-12-28,京都,7,3歳以上1勝クラス,芝,1800,右,晴,良,"7回 京都 9日目 サラ系３歳以上 １勝クラス       (混)[指] 定量 18頭 本賞金:800,320,200,120,80万円",18,800.0,16,6,12,レイフロレット,牝,3,55.0,中井,110.3,6,15,92.1,36.5,9-14,栗東 村山,410,-6,
202408070907,2024-12-28,京都,7,3歳以上1勝クラス,芝,1800,右,晴,良,"7回 京都 9日目 サラ系３歳以上 １勝クラス       (混)[指] 定量 18頭 本賞金:800,320,200,120,80万円",18,800.0,17,4,7,ウインフランシーズ,牝,4,54.0,◇永島,111.4,7,14,87.9,38.6,2-3,栗東 緒方,470,2,
202408070907,2024-12-28,京都,7,3歳以上1勝クラス,芝,1800,右,晴,良,"7回 京都 9日目 サラ系３歳以上 １勝クラス       (混)[指] 定量 18頭 本賞金:800,320,200,120,80万円",18,800.0,,7,13,ファーヴェント,牡,3,57.0,菱田,,,,,,,栗東 藤原,508,6,除外
202408070908,2024-12-28,京都,8,3歳以上1勝クラス,ダ,1800,右,晴,良,"7回 京都 9日目 サラ系３歳以上 １勝クラス       (混)[指] 定量 16頭 本賞金:800,320,200,120,80万円",16,800.0,1,2,4,ペンナヴェローチェ,牡,3,57.0,岩田望,113.8,,2,4.0,38.4,3-3-3-2,栗東 須貝,502,6,
202408070908,2024-12-28,京都,8,3歳以上1勝クラス,ダ,1800,右,晴,良,"7回 京都 9日目 サラ系３歳以上 １勝クラス       (混)[指] 定量 16頭 本賞金:800,320,200,120,80万円",16,800.0,2,8,16,アンバードール,牡,3,57.0,鮫島駿,114.0,1.1/4,1,3.2,38.4,13-14-6-3,栗東 吉岡,520,2,
202408070908,2024-12-28,京都,8,3歳以上1勝クラス,ダ,1800,右,晴,良,"7回 京都 9日目 サラ系３歳以上 １勝クラス       (混)[指] 定量 16頭 本賞金:800,320,200,120,80万円",16,800.0,3,2,3,テンエースワン,牡,3,57.0,角田和,114.1,3/4,9,32.8,38.5,6-7-4-5,栗東 大久保,482,12,
202408070908,2024-12-28,京都,8,3歳以上1勝クラス,ダ,1800,右,晴,良,"7回 京都 9日目 サラ系３歳以上 １勝クラス       (混)[指] 定量 16頭 本賞金:800,320,200,120,80万円",16,800.0,4,4,7,セブンスストリート,牡,4,56.0,◇永島,114.1,アタマ,11,45.2,37.5,13-14-15-13,栗東 高橋康,468,6,
202408070908,2024-12-28,京都,8,3歳以上1勝クラス,ダ,1800,右,晴,良,"7回 京都 9日目 サラ系３歳以上 １勝クラス       (混)[指] 定量 16頭 本賞金:800,320,200,120,80万円",16,800.0,5,7,14,ミントマーク,牡,4,58.0,Ｍデム,114.6,3,7,31.1,38.3,11-12-14-10,栗東 高橋一,476,0,
202408070908,2024-12-28,京都,8,3歳以上1勝クラス,ダ,1800,右,晴,良,"7回 京都 9日目 サラ系３歳以上 １勝クラス       (混)[指] 定量 16頭 本賞金:800,320,200,120,80万円",16,800.0,6,3,6,アドマイヤソラ,牡,4,58.0,幸,114.6,ハナ,5,11.9,38.8,10-10-8-7,栗東 友道,522,-4,
202408070908,2024-12-28,京都,8,3歳以上1勝クラス,ダ,1800,右,晴,良,"7回 京都 9日目 サラ系３歳以上 １勝クラス       (混)[指] 定量 16頭 本賞金:800,320,200,120,80万円",16,800.0,7,4,8,ジャスパーワールド,セ,4,56.0,△ 吉村誠,115.0,2.1/2,4,8.3,38.9,12-11-12-10,栗東 森秀,520,-12,
202408070908,2024-12-28,京都,8,3歳以上1勝クラス,ダ,1800,右,晴,良,"7回 京都 9日目 サラ系３歳以上 １勝クラス       (混)[指] 定量 16頭 本賞金:800,320,200,120,80万円",16,800.0,8,7,13,アルゴナヴィス,牡,3,57.0,菱田裕,115.1,1/2,3,4.7,39.8,5-5-2-1,栗東 池江,486,2,
202408070908,2024-12-28,京都,8,3歳以上1勝クラス,ダ,1800,右,晴,良,"7回 京都 9日目 サラ系３歳以上 １勝クラス       (混)[指] 定量 16頭 本賞金:800,320,200,120,80万円",16,800.0,9,6,11,タカサンフェイス,牡,4,58.0,長岡,115.1,クビ,13,66.7,39.3,8-8-6-7,栗東 森田,480,2,
202408070908,2024-12-28,京都,8,3歳以上1勝クラス,ダ,1800,右,晴,良,"7回 京都 9日目 サラ系３歳以上 １勝クラス       (混)[指] 定量 16頭 本賞金:800,320,200,120,80万円",16,800.0,10,5,10,アレンテージョ,牡,4,58.0,藤岡佑,115.1,クビ,6,12.9,39.1,16-16-10-7,栗東 坂口,492,6,
202408070908,2024-12-28,京都,8,3歳以上1勝クラス,ダ,1800,右,晴,良,"7回 京都 9日目 サラ系３歳以上 １勝クラス       (混)[指] 定量 16頭 本賞金:800,320,200,120,80万円",16,800.0,11,1,2,ショーケン,セ,4,58.0,国分恭,116.1,6,8,32.4,41.0,1-1-1-3,栗東 鮫島,508,4,
202408070908,2024-12-28,京都,8,3歳以上1勝クラス,ダ,1800,右,晴,良,"7回 京都 9日目 サラ系３歳以上 １勝クラス       (混)[指] 定量 16頭 本賞金:800,320,200,120,80万円",16,800.0,12,3,5,ヴィアダクト,牡,3,57.0,藤懸,116.6,3,16,187.7,40.1,13-12-15-16,栗東 吉村,536,10,
202408070908,2024-12-28,京都,8,3歳以上1勝クラス,ダ,1800,右,晴,良,"7回 京都 9日目 サラ系３歳以上 １勝クラス       (混)[指] 定量 16頭 本賞金:800,320,200,120,80万円",16,800.0,13,6,12,エンブレムボム,牡,3,56.0,☆田口,116.6,ハナ,14,76.8,41.1,2-2-4-6,栗東 森秀,510,-4,
202408070908,2024-12-28,京都,8,3歳以上1勝クラス,ダ,1800,右,晴,良,"7回 京都 9日目 サラ系３歳以上 １勝クラス       (混)[指] 定量 16頭 本賞金:800,320,200,120,80万円",16,800.0,14,5,9,スマートリアファル,牡,3,57.0,荻野極,116.8,1,10,33.1,40.7,8-8-12-15,栗東 辻野,498,2,
202408070908,2024-12-28,京都,8,3歳以上1勝クラス,ダ,1800,右,晴,良,"7回 京都 9日目 サラ系３歳以上 １勝クラス       (混)[指] 定量 16頭 本賞金:800,320,200,120,80万円",16,800.0,15,1,1,ホウオウバローロ,牡,3,57.0,浜中,116.9,1/2,12,63.2,40.9,3-3-10-12,栗東 音無,458,0,
202408070908,2024-12-28,京都,8,3歳以上1勝クラス,ダ,1800,右,晴,良,"7回 京都 9日目 サラ系３歳以上 １勝クラス       (混)[指] 定量 16頭 本賞金:800,320,200,120,80万円",16,800.0,16,8,15,ラファミリア,牡,3,54.0,▲古川奈,117.4,3.1/2,15,90.7,41.4,6-5-8-13,栗東 矢作,,,
202408070909,2024-12-28,京都,9,春待月賞,ダ,1400,右,晴,良,"7回 京都 9日目 サラ系３歳以上 ２勝クラス       (混)[指] 定量 16頭 本賞金:1550,620,390,230,155万円",16,1550.0,1,5,10,ニシキギミッチー,牡,4,58.0,古川吉,84.5,,5,9.8,36.0,9-8,美浦 鈴木伸,492,-6,
202408070909,2024-12-28,京都,9,春待月賞,ダ,1400,右,晴,良,"7回 京都 9日目 サラ系３歳以上 ２勝クラス       (混)[指] 定量 16頭 本賞金:1550,620,390,230,155万円",16,1550.0,2,7,14,アンジュフィールド,牝,4,56.0,幸,84.9,2.1/2,9,18.3,36.9,3-3,栗東 矢作,462,0,
202408070909,2024-12-28,京都,9,春待月賞,ダ,1400,右,晴,良,"7回 京都 9日目 サラ系３歳以上 ２勝クラス       (混)[指] 定量 16頭 本賞金:1550,620,390,230,155万円",16,1550.0,3,3,5,リジル,牝,3,55.0,岩田望,85.1,3/4,1,3.9,37.3,1-1,栗東 奥村豊,488,4,
202408070909,2024-12-28,京都,9,春待月賞,ダ,1400,右,晴,良,"7回 京都 9日目 サラ系３歳以上 ２勝クラス       (混)[指] 定量 16頭 本賞金:1550,620,390,230,155万円",16,1550.0,4,2,4,プロミシングスター,牡,3,57.0,鮫島駿,85.2,3/4,2,4.8,36.6,11-10,栗東 高橋忠,454,-2,
202408070909,2024-12-28,京都,9,春待月賞,ダ,1400,右,晴,良,"7回 京都 9日目 サラ系３歳以上 ２勝クラス       (混)[指] 定量 16頭 本賞金:1550,620,390,230,155万円",16,1550.0,5,7,13,エムズマインド,牡,4,58.0,浜中,85.3,クビ,4,7.6,36.5,13-10,栗東 荒川,524,2,
202408070909,2024-12-28,京都,9,春待月賞,ダ,1400,右,晴,良,"7回 京都 9日目 サラ系３歳以上 ２勝クラス       (混)[指] 定量 16頭 本賞金:1550,620,390,230,155万円",16,1550.0,6,3,6,クリノキングマン,牡,3,57.0,酒井,85.3,クビ,10,24.5,37.4,2-2,栗東 高橋康,506,12,
202408070909,2024-12-28,京都,9,春待月賞,ダ,1400,右,晴,良,"7回 京都 9日目 サラ系３歳以上 ２勝クラス       (混)[指] 定量 16頭 本賞金:1550,620,390,230,155万円",16,1550.0,7,2,3,レッドダンルース,牡,4,58.0,藤岡佑,85.4,クビ,7,14.5,37.4,3-4,栗東 福永,482,8,
202408070909,2024-12-28,京都,9,春待月賞,ダ,1400,右,晴,良,"7回 京都 9日目 サラ系３歳以上 ２勝クラス       (混)[指] 定量 16頭 本賞金:1550,620,390,230,155万円",16,1550.0,8,6,11,アガシ,セ,3,57.0,田口,85.7,2,11,41.6,37.4,5-5,栗東 庄野,490,0,
202408070909,2024-12-28,京都,9,春待月賞,ダ,1400,右,晴,良,"7回 京都 9日目 サラ系３歳以上 ２勝クラス       (混)[指] 定量 16頭 本賞金:1550,620,390,230,155万円",16,1550.0,9,6,12,アルシオーネ,牡,6,58.0,亀田温,85.8,クビ,3,5.2,37.3,9-9,栗東 須貝,512,-2,
202408070909,2024-12-28,京都,9,春待月賞,ダ,1400,右,晴,良,"7回 京都 9日目 サラ系３歳以上 ２勝クラス       (混)[指] 定量 16頭 本賞金:1550,620,390,230,155万円",16,1550.0,10,1,2,サラサハウプリティ,牝,4,56.0,菱田,86.1,2,13,96.5,37.0,14-14,栗東 岡田,462,4,
202408070909,2024-12-28,京都,9,春待月賞,ダ,1400,右,晴,良,"7回 京都 9日目 サラ系３歳以上 ２勝クラス       (混)[指] 定量 16頭 本賞金:1550,620,390,230,155万円",16,1550.0,11,4,8,シャープソーン,牝,4,56.0,国分恭,86.2,1/2,14,155.1,37.9,5-5,栗東 西園正,470,8,
202408070909,2024-12-28,京都,9,春待月賞,ダ,1400,右,晴,良,"7回 京都 9日目 サラ系３歳以上 ２勝クラス       (混)[指] 定量 16頭 本賞金:1550,620,390,230,155万円",16,1550.0,12,8,16,ミスヨコハマ,牝,4,56.0,斎藤,86.3,3/4,8,16.3,38.0,5-5,美浦 斎藤誠,478,-2,
202408070909,2024-12-28,京都,9,春待月賞,ダ,1400,右,晴,良,"7回 京都 9日目 サラ系３歳以上 ２勝クラス       (混)[指] 定量 16頭 本賞金:1550,620,390,230,155万円",16,1550.0,13,4,7,モズナイスバディー,牡,3,57.0,Ｍデム,86.4,クビ,6,12.7,37.2,14-15,栗東 飯田,502,2,
202408070909,2024-12-28,京都,9,春待月賞,ダ,1400,右,晴,良,"7回 京都 9日目 サラ系３歳以上 ２勝クラス       (混)[指] 定量 16頭 本賞金:1550,620,390,230,155万円",16,1550.0,14,8,15,リュクスウォリアー,牡,7,58.0,藤懸,86.5,1/2,16,302.8,37.0,16-16,栗東 平田,518,14,
202408070909,2024-12-28,京都,9,春待月賞,ダ,1400,右,晴,良,"7回 京都 9日目 サラ系３歳以上 ２勝クラス       (混)[指] 定量 16頭 本賞金:1550,620,390,230,155万円",16,1550.0,15,1,1,シンゼンイズモ,牡,4,58.0,小沢大,87.0,3,15,199.7,38.5,11-10,栗東 荒川,532,2,
202408070909,2024-12-28,京都,9,春待月賞,ダ,1400,右,晴,良,"7回 京都 9日目 サラ系３歳以上 ２勝クラス       (混)[指] 定量 16頭 本賞金:1550,620,390,230,155万円",16,1550.0,16,5,9,エアメテオラ,牡,4,58.0,国分優,87.1,1/2,12,49.6,38.8,5-10,栗東 池添,508,0,
202408070910,2024-12-28,京都,10,フォーチュンC,芝,2000,右,晴,良,"7回 京都 9日目 サラ系３歳以上 ２勝クラス       (混)[指] ハンデ 16頭 本賞金:1550,620,390,230,155万円",16,1550.0,1,4,7,ワレハウミノコ,牝,4,54.0,菱田,120.7,,7,23.1,35.3,16-15-1-1,栗東 武英,468,12,
202408070910,2024-12-28,京都,10,フォーチュンC,芝,2000,右,晴,良,"7回 京都 9日目 サラ系３歳以上 ２勝クラス       (混)[指] ハンデ 16頭 本賞金:1550,620,390,230,155万円",16,1550.0,2,1,1,ジュンツバメガエシ,牡,4,57.0,岩田望,120.7,クビ,2,4.7,34.8,7-7-8-6,栗東 友道,514,10,
202408070910,2024-12-28,京都,10,フォーチュンC,芝,2000,右,晴,良,"7回 京都 9日目 サラ系３歳以上 ２勝クラス       (混)[指] ハンデ 16頭 本賞金:1550,620,390,230,155万円",16,1550.0,3,4,8,リラボニート,牝,3,54.0,浜中,121.0,1.1/2,3,4.7,35.5,2-2-2-2,栗東 須貝,462,0,
202408070910,2024-12-28,京都,10,フォーチュンC,芝,2000,右,晴,良,"7回 京都 9日目 サラ系３歳以上 ２勝クラス       (混)[指] ハンデ 16頭 本賞金:1550,620,390,230,155万円",16,1550.0,4,8,16,ブエナオンダ,牡,3,56.0,Ｍ．デ,121.0,ハナ,4,6.0,34.9,10-10-11-9,栗東 須貝,450,-6,
202408070910,2024-12-28,京都,10,フォーチュンC,芝,2000,右,晴,良,"7回 京都 9日目 サラ系３歳以上 ２勝クラス       (混)[指] ハンデ 16頭 本賞金:1550,620,390,230,155万円",16,1550.0,5,7,14,トーアライデン,牡,4,55.0,幸,121.1,1/2,6,10.9,35.4,7-5-5-2,栗東 河嶋,504,8,
202408070910,2024-12-28,京都,10,フォーチュンC,芝,2000,右,晴,良,"7回 京都 9日目 サラ系３歳以上 ２勝クラス       (混)[指] ハンデ 16頭 本賞金:1550,620,390,230,155万円",16,1550.0,6,8,15,ブリタニア,牡,4,57.0,鮫島駿,121.1,クビ,1,3.6,34.9,10-10-12-9,栗東 杉山佳,500,2,
202408070910,2024-12-28,京都,10,フォーチュンC,芝,2000,右,晴,良,"7回 京都 9日目 サラ系３歳以上 ２勝クラス       (混)[指] ハンデ 16頭 本賞金:1550,620,390,230,155万円",16,1550.0,7,3,5,マイネルビジョン,牡,4,54.0,田口,121.1,アタマ,14,92.7,35.4,3-2-5-4,美浦 高木,466,-6,
202408070910,2024-12-28,京都,10,フォーチュンC,芝,2000,右,晴,良,"7回 京都 9日目 サラ系３歳以上 ２勝クラス       (混)[指] ハンデ 16頭 本賞金:1550,620,390,230,155万円",16,1550.0,8,1,2,ボーンイングランデ,牡,4,55.0,松本,121.2,1/2,9,40.8,35.0,10-10-12-9,栗東 吉田,470,2,
202408070910,2024-12-28,京都,10,フォーチュンC,芝,2000,右,晴,良,"7回 京都 9日目 サラ系３歳以上 ２勝クラス       (混)[指] ハンデ 16頭 本賞金:1550,620,390,230,155万円",16,1550.0,9,5,9,エバーハンティング,牝,5,52.0,吉村,121.2,クビ,8,38.5,35.2,5-5-8-9,美浦 小島,418,-6,
202408070910,2024-12-28,京都,10,フォーチュンC,芝,2000,右,晴,良,"7回 京都 9日目 サラ系３歳以上 ２勝クラス       (混)[指] ハンデ 16頭 本賞金:1550,620,390,230,155万円",16,1550.0,10,2,4,ウン,牡,5,54.0,川須,121.3,クビ,12,60.6,34.9,9-9-12-14,栗東 吉田,486,2,
202408070910,2024-12-28,京都,10,フォーチュンC,芝,2000,右,晴,良,"7回 京都 9日目 サラ系３歳以上 ２勝クラス       (混)[指] ハンデ 16頭 本賞金:1550,620,390,230,155万円",16,1550.0,11,6,12,タガノバルコス,牡,5,55.0,小沢,121.6,2,16,229.3,35.1,14-14-15-14,栗東 鮫島,488,12,
202408070910,2024-12-28,京都,10,フォーチュンC,芝,2000,右,晴,良,"7回 京都 9日目 サラ系３歳以上 ２勝クラス       (混)[指] ハンデ 16頭 本賞金:1550,620,390,230,155万円",16,1550.0,12,3,6,ハイディージェン,牡,3,55.0,荻野極,121.6,ハナ,10,50.5,35.9,1-1-4-4,栗東 森田,490,6,
202408070910,2024-12-28,京都,10,フォーチュンC,芝,2000,右,晴,良,"7回 京都 9日目 サラ系３歳以上 ２勝クラス       (混)[指] ハンデ 16頭 本賞金:1550,620,390,230,155万円",16,1550.0,13,5,10,カレンマックナイト,牡,5,53.0,藤懸,122.5,5,15,121.5,36.6,3-4-5-8,栗東 平田,454,4,
202408070910,2024-12-28,京都,10,フォーチュンC,芝,2000,右,晴,良,"7回 京都 9日目 サラ系３歳以上 ２勝クラス       (混)[指] ハンデ 16頭 本賞金:1550,620,390,230,155万円",16,1550.0,14,7,13,エンタングルメント,牝,5,53.0,横山典,123.1,3.1/2,5,9.1,37.1,5-7-8-9,栗東 昆,520,4,
202408070910,2024-12-28,京都,10,フォーチュンC,芝,2000,右,晴,良,"7回 京都 9日目 サラ系３歳以上 ２勝クラス       (混)[指] ハンデ 16頭 本賞金:1550,620,390,230,155万円",16,1550.0,15,6,11,コレオグラファー,牡,4,55.0,亀田,123.1,アタマ,11,50.8,37.4,13-13-2-6,栗東 高柳大,488,6,
202408070910,2024-12-28,京都,10,フォーチュンC,芝,2000,右,晴,良,"7回 京都 9日目 サラ系３歳以上 ２勝クラス       (混)[指] ハンデ 16頭 本賞金:1550,620,390,230,155万円",16,1550.0,16,2,3,シャドウソニック,牡,4,55.0,斎藤,123.1,ハナ,13,68.3,36.7,14-15-15-14,栗東 辻野,514,6,
202408070911,2024-12-28,京都,11,ベテルギウスS,ダ,1800,右,晴,良,"7回 京都 9日目 サラ系３歳以上 オープン       (国際)(特指) 別定 16頭 本賞金:2400,960,600,360,240万円",16,2400.0,1,8,16,サンデーファンデー,牡,4,57.0,浜中,110.3,,9,21.9,37.5,2-2-2-2,栗東 音無,528,4,
202408070911,2024-12-28,京都,11,ベテルギウスS,ダ,1800,右,晴,良,"7回 京都 9日目 サラ系３歳以上 オープン       (国際)(特指) 別定 16頭 本賞金:2400,960,600,360,240万円",16,2400.0,2,7,14,ジューンアヲニヨシ,牡,4,57.0,鮫島駿,110.7,2.1/2,7,16.7,37.5,3-3-3-3,栗東 松下,486,-2,
202408070911,2024-12-28,京都,11,ベテルギウスS,ダ,1800,右,晴,良,"7回 京都 9日目 サラ系３歳以上 オープン       (国際)(特指) 別定 16頭 本賞金:2400,960,600,360,240万円",16,2400.0,3,5,9,タイセイドレフォン,牡,5,58.0,田口,110.8,1/2,13,106.0,37.7,3-3-3-3,栗東 西村,500,-2,
202408070911,2024-12-28,京都,11,ベテルギウスS,ダ,1800,右,晴,良,"7回 京都 9日目 サラ系３歳以上 オープン       (国際)(特指) 別定 16頭 本賞金:2400,960,600,360,240万円",16,2400.0,4,4,8,ハピ,牡,5,58.0,菱田,111.1,1.1/2,2,4.1,36.5,8-8-9-9,栗東 大久保,494,6,
202408070911,2024-12-28,京都,11,ベテルギウスS,ダ,1800,右,晴,良,"7回 京都 9日目 サラ系３歳以上 オープン       (国際)(特指) 別定 16頭 本賞金:2400,960,600,360,240万円",16,2400.0,5,3,6,フォーチュンテラー,牡,5,57.0,藤岡佑,111.5,2.1/2,11,54.6,36.8,11-11-10-10,栗東 浜田,478,-6,
202408070911,2024-12-28,京都,11,ベテルギウスS,ダ,1800,右,晴,良,"7回 京都 9日目 サラ系３歳以上 オープン       (国際)(特指) 別定 16頭 本賞金:2400,960,600,360,240万円",16,2400.0,6,2,4,ダンテバローズ,牡,4,57.0,横山典,111.6,1/2,5,14.6,37.4,6-6-7-7,栗東 上村,530,6,
202408070911,2024-12-28,京都,11,ベテルギウスS,ダ,1800,右,晴,良,"7回 京都 9日目 サラ系３歳以上 オープン       (国際)(特指) 別定 16頭 本賞金:2400,960,600,360,240万円",16,2400.0,7,5,10,フリームファクシ,牡,4,59.0,Ｍデム,111.7,3/4,1,2.3,37.7,7-7-6-6,栗東 須貝,522,2,
202408070911,2024-12-28,京都,11,ベテルギウスS,ダ,1800,右,晴,良,"7回 京都 9日目 サラ系３歳以上 オープン       (国際)(特指) 別定 16頭 本賞金:2400,960,600,360,240万円",16,2400.0,8,1,2,ホウオウルーレット,牡,5,58.0,岩田望,111.7,ハナ,3,8.6,36.5,14-16-13-13,美浦 栗田,492,-2,
202408070911,2024-12-28,京都,11,ベテルギウスS,ダ,1800,右,晴,良,"7回 京都 9日目 サラ系３歳以上 オープン       (国際)(特指) 別定 16頭 本賞金:2400,960,600,360,240万円",16,2400.0,9,3,5,バハルダール,牡,5,58.0,水口,111.8,クビ,10,23.9,36.8,16-14-12-12,栗東 池江,516,2,
202408070911,2024-12-28,京都,11,ベテルギウスS,ダ,1800,右,晴,良,"7回 京都 9日目 サラ系３歳以上 オープン       (国際)(特指) 別定 16頭 本賞金:2400,960,600,360,240万円",16,2400.0,10,8,15,ゴーゴーユタカ,牡,5,57.0,吉田隼,111.8,クビ,12,60.1,37.5,8-8-7-7,美浦 武井,470,-12,
202408070911,2024-12-28,京都,11,ベテルギウスS,ダ,1800,右,晴,良,"7回 京都 9日目 サラ系３歳以上 オープン       (国際)(特指) 別定 16頭 本賞金:2400,960,600,360,240万円",16,2400.0,11,7,13,エクセスリターン,牡,5,57.0,小崎,111.9,クビ,15,278.8,36.7,14-14-13-13,栗東 野中,534,-2,
202408070911,2024-12-28,京都,11,ベテルギウスS,ダ,1800,右,晴,良,"7回 京都 9日目 サラ系３歳以上 オープン       (国際)(特指) 別定 16頭 本賞金:2400,960,600,360,240万円",16,2400.0,12,6,11,デリカダ,牝,5,56.0,太宰,112.2,2,6,16.2,37.5,10-10-10-10,栗東 吉田,490,-4,
202408070911,2024-12-28,京都,11,ベテルギウスS,ダ,1800,右,晴,良,"7回 京都 9日目 サラ系３歳以上 オープン       (国際)(特指) 別定 16頭 本賞金:2400,960,600,360,240万円",16,2400.0,13,6,12,サンライズアリオン,牡,5,57.0,荻野極,112.4,3/4,4,11.8,38.9,5-5-5-5,栗東 平田,532,10,
202408070911,2024-12-28,京都,11,ベテルギウスS,ダ,1800,右,晴,良,"7回 京都 9日目 サラ系３歳以上 オープン       (国際)(特指) 別定 16頭 本賞金:2400,960,600,360,240万円",16,2400.0,14,2,3,ミトノオー,牡,4,61.0,幸,112.6,1,8,21.9,39.9,1-1-1-1,美浦 牧,514,0,
202408070911,2024-12-28,京都,11,ベテルギウスS,ダ,1800,右,晴,良,"7回 京都 9日目 サラ系３歳以上 オープン       (国際)(特指) 別定 16頭 本賞金:2400,960,600,360,240万円",16,2400.0,15,1,1,アルムブラーヴ,牡,5,57.0,藤懸,112.9,2,14,188.3,37.2,12-13-16-16,栗東 鈴木孝,488,6,
202408070911,2024-12-28,京都,11,ベテルギウスS,ダ,1800,右,晴,良,"7回 京都 9日目 サラ系３歳以上 オープン       (国際)(特指) 別定 16頭 本賞金:2400,960,600,360,240万円",16,2400.0,16,4,7,ダンツキャッスル,牡,8,58.0,酒井,113.3,2,16,361.5,38.0,12-12-13-15,栗東 谷,478,-16,
202408070912,2024-12-28,京都,12,カウントダウンS,芝,1200,右,晴,良,"7回 京都 9日目 サラ系３歳以上 ３勝クラス       (混)(特指) 定量 16頭 本賞金:1840,740,460,280,184万円",16,1840.0,1,6,12,ロードフォアエース,牡,3,57.0,岩田望,68.5,,1,1.9,33.7,6-7,栗東 友道,538,2,
202408070912,2024-12-28,京都,12,カウントダウンS,芝,1200,右,晴,良,"7回 京都 9日目 サラ系３歳以上 ３勝クラス       (混)(特指) 定量 16頭 本賞金:1840,740,460,280,184万円",16,1840.0,2,1,1,オードリーバローズ,牝,4,56.0,浜中,68.5,アタマ,4,9.4,33.8,6-5,栗東 清水久,484,-12,
202408070912,2024-12-28,京都,12,カウントダウンS,芝,1200,右,晴,良,"7回 京都 9日目 サラ系３歳以上 ３勝クラス       (混)(特指) 定量 16頭 本賞金:1840,740,460,280,184万円",16,1840.0,3,7,14,ウォータールグラン,牝,5,56.0,酒井,68.7,1.1/4,14,105.4,35.0,1-1,栗東 河内,520,10,
202408070912,2024-12-28,京都,12,カウントダウンS,芝,1200,右,晴,良,"7回 京都 9日目 サラ系３歳以上 ３勝クラス       (混)(特指) 定量 16頭 本賞金:1840,740,460,280,184万円",16,1840.0,4,8,16,アンクルクロス,牡,3,57.0,長岡,68.8,3/4,2,5.4,33.3,15-15,栗東 高橋亮,478,10,
202408070912,2024-12-28,京都,12,カウントダウンS,芝,1200,右,晴,良,"7回 京都 9日目 サラ系３歳以上 ３勝クラス       (混)(特指) 定量 16頭 本賞金:1840,740,460,280,184万円",16,1840.0,5,3,6,シカゴスティング,牝,3,55.0,Ｍデム,68.8,ハナ,3,9.1,34.1,6-7,栗東 庄野,446,18,
202408070912,2024-12-28,京都,12,カウントダウンS,芝,1200,右,晴,良,"7回 京都 9日目 サラ系３歳以上 ３勝クラス       (混)(特指) 定量 16頭 本賞金:1840,740,460,280,184万円",16,1840.0,6,4,8,ポエットリー,牝,3,55.0,鮫島駿,69.1,1.3/4,6,12.8,34.6,3-3,栗東 平田,476,10,
202408070912,2024-12-28,京都,12,カウントダウンS,芝,1200,右,晴,良,"7回 京都 9日目 サラ系３歳以上 ３勝クラス       (混)(特指) 定量 16頭 本賞金:1840,740,460,280,184万円",16,1840.0,7,8,15,ナムラアトム,牡,3,57.0,菱田,69.2,クビ,5,10.6,34.1,11-10,栗東 長谷川,488,-4,
202408070912,2024-12-28,京都,12,カウントダウンS,芝,1200,右,晴,良,"7回 京都 9日目 サラ系３歳以上 ３勝クラス       (混)(特指) 定量 16頭 本賞金:1840,740,460,280,184万円",16,1840.0,8,2,4,タツダイヤモンド,牡,4,58.0,高倉,69.2,クビ,9,41.6,34.7,3-3,栗東 鮫島,484,6,
202408070912,2024-12-28,京都,12,カウントダウンS,芝,1200,右,晴,良,"7回 京都 9日目 サラ系３歳以上 ３勝クラス       (混)(特指) 定量 16頭 本賞金:1840,740,460,280,184万円",16,1840.0,9,6,11,サウンドブライアン,牡,6,58.0,小崎,69.3,クビ,16,442.0,34.2,9-10,栗東 村山,490,0,
202408070912,2024-12-28,京都,12,カウントダウンS,芝,1200,右,晴,良,"7回 京都 9日目 サラ系３歳以上 ３勝クラス       (混)(特指) 定量 16頭 本賞金:1840,740,460,280,184万円",16,1840.0,10,3,5,アバンチュリエ,セ,5,58.0,吉田隼,69.3,クビ,13,91.9,34.2,11-10,美浦 大竹,472,4,
202408070912,2024-12-28,京都,12,カウントダウンS,芝,1200,右,晴,良,"7回 京都 9日目 サラ系３歳以上 ３勝クラス       (混)(特指) 定量 16頭 本賞金:1840,740,460,280,184万円",16,1840.0,11,7,13,フロムダスク,牡,4,58.0,荻野極,69.5,1,10,43.1,34.1,11-13,栗東 森秀,514,2,
202408070912,2024-12-28,京都,12,カウントダウンS,芝,1200,右,晴,良,"7回 京都 9日目 サラ系３歳以上 ３勝クラス       (混)(特指) 定量 16頭 本賞金:1840,740,460,280,184万円",16,1840.0,12,2,3,ジュノー,セ,6,58.0,川須,69.6,3/4,8,36.6,33.8,16-16,栗東 音無,536,6,
202408070912,2024-12-28,京都,12,カウントダウンS,芝,1200,右,晴,良,"7回 京都 9日目 サラ系３歳以上 ３勝クラス       (混)(特指) 定量 16頭 本賞金:1840,740,460,280,184万円",16,1840.0,13,5,10,ナリタローゼ,牝,6,56.0,角田和,69.6,アタマ,11,65.4,34.6,9-9,栗東 高橋亮,494,0,
202408070912,2024-12-28,京都,12,カウントダウンS,芝,1200,右,晴,良,"7回 京都 9日目 サラ系３歳以上 ３勝クラス       (混)(特指) 定量 16頭 本賞金:1840,740,460,280,184万円",16,1840.0,14,5,9,ピンクマクフィー,牝,5,56.0,斎藤新,69.7,クビ,7,26.1,35.0,5-5,栗東 四位,448,8,
202408070912,2024-12-28,京都,12,カウントダウンS,芝,1200,右,晴,良,"7回 京都 9日目 サラ系３歳以上 ３勝クラス       (混)(特指) 定量 16頭 本賞金:1840,740,460,280,184万円",16,1840.0,15,1,2,コナブラック,牡,5,58.0,亀田,69.8,3/4,12,81.1,34.5,11-13,栗東 清水久,524,4,
202408070912,2024-12-28,京都,12,カウントダウンS,芝,1200,右,晴,良,"7回 京都 9日目 サラ系３歳以上 ３勝クラス       (混)(特指) 定量 16頭 本賞金:1840,740,460,280,184万円",16,1840.0,16,4,7,トレンディスター,牝,4,56.0,田口,71.6,大,15,106.9,37.7,2-2,栗東 高柳大,492,12,
