race_id,date,venue,race_no,race_name,surface,distance,turn,weather,going,race_class,field_size,prize1,chaku,waku,umaban,horse,sex,age,kinryo,jockey,time_sec,margin,ninki,odds,agari,passage,trainer,weight,weight_diff,status
202401010501,2024-08-03,札幌,1,2歳未勝利,芝,1500,右,曇,良,"1回 札幌 5日目 サラ系２歳 未勝利       (混)[指] 馬齢 10頭 本賞金:550,220,140,83,55万円",10,550.0,1,6,6,ソロモン,牡,2,55.0,佐々木,89.5,,1,2.2,35.3,2-2-2,美浦 堀,524,-6,
202401010501,2024-08-03,札幌,1,2歳未勝利,芝,1500,右,曇,良,"1回 札幌 5日目 サラ系２歳 未勝利       (混)[指] 馬齢 10頭 本賞金:550,220,140,83,55万円",10,550.0,2,3,3,グランカメリア,牡,2,55.0,池添,89.5,ハナ,3,7.3,35.4,1-1-1,栗東 吉田,472,-2,
202401010501,2024-08-03,札幌,1,2歳未勝利,芝,1500,右,曇,良,"1回 札幌 5日目 サラ系２歳 未勝利       (混)[指] 馬齢 10頭 本賞金:550,220,140,83,55万円",10,550.0,3,7,8,ゲレル,牝,2,55.0,浜中,89.7,1.1/4,6,14.5,35.3,4-3-3,栗東 長谷川,434,0,
202401010501,2024-08-03,札幌,1,2歳未勝利,芝,1500,右,曇,良,"1回 札幌 5日目 サラ系２歳 未勝利       (混)[指] 馬齢 10頭 本賞金:550,220,140,83,55万円",10,550.0,4,1,1,ベールドインパクト,牡,2,55.0,西村淳,89.8,クビ,5,8.3,35.1,5-6-7,美浦 小島,438,-4,
202401010501,2024-08-03,札幌,1,2歳未勝利,芝,1500,右,曇,良,"1回 札幌 5日目 サラ系２歳 未勝利       (混)[指] 馬齢 10頭 本賞金:550,220,140,83,55万円",10,550.0,5,4,4,アンジュアルディ,牝,2,55.0,横山和,89.8,ハナ,2,3.7,35.5,3-3-3,栗東 昆,458,0,
202401010501,2024-08-03,札幌,1,2歳未勝利,芝,1500,右,曇,良,"1回 札幌 5日目 サラ系２歳 未勝利       (混)[指] 馬齢 10頭 本賞金:550,220,140,83,55万円",10,550.0,6,8,9,ベストロイヤル,牡,2,54.0,☆横山琉,89.9,1,4,8.2,35.6,5-3-3,美浦 相沢,490,-8,
202401010501,2024-08-03,札幌,1,2歳未勝利,芝,1500,右,曇,良,"1回 札幌 5日目 サラ系２歳 未勝利       (混)[指] 馬齢 10頭 本賞金:550,220,140,83,55万円",10,550.0,7,5,5,ナックオリオン,牡,2,55.0,大野,90.1,1,8,52.1,35.4,5-6-6,美浦 杉浦,474,-2,
202401010501,2024-08-03,札幌,1,2歳未勝利,芝,1500,右,曇,良,"1回 札幌 5日目 サラ系２歳 未勝利       (混)[指] 馬齢 10頭 本賞金:550,220,140,83,55万円",10,550.0,8,7,7,マギームーン,牝,2,55.0,武豊,90.3,1.1/2,7,16.7,35.2,10-8-7,栗東 庄野,416,8,
202401010501,2024-08-03,札幌,1,2歳未勝利,芝,1500,右,曇,良,"1回 札幌 5日目 サラ系２歳 未勝利       (混)[指] 馬齢 10頭 本賞金:550,220,140,83,55万円",10,550.0,9,8,10,プリスクリプション,牡,2,53.0,△小林勝,90.4,クビ,10,271.7,35.4,9-8-9,栗東 杉山佳,384,0,
202401010501,2024-08-03,札幌,1,2歳未勝利,芝,1500,右,曇,良,"1回 札幌 5日目 サラ系２歳 未勝利       (混)[指] 馬齢 10頭 本賞金:550,220,140,83,55万円",10,550.0,10,2,2,ウインラテアート,牝,2,55.0,丹内,93.5,大,9,79.1,38.5,8-8-10,美浦 宗像,468,0,
202401010502,2024-08-03,札幌,2,3歳未勝利,ダ,1700,右,曇,良,"1回 札幌 5日目 サラ系３歳 未勝利       [指] 馬齢 14頭 本賞金:550,220,140,83,55万円",14,550.0,1,5,8,ロードインフェルノ,牡,3,57.0,丹内,107.3,,2,3.7,37.8,4-4-4-3,美浦 尾形,470,-4,
202401010502,2024-08-03,札幌,2,3歳未勝利,ダ,1700,右,曇,良,"1回 札幌 5日目 サラ系３歳 未勝利       [指] 馬齢 14頭 本賞金:550,220,140,83,55万円",14,550.0,2,1,1,クレスコサンダー,牡,3,57.0,鮫島駿,107.4,1/2,3,6.9,38.1,1-1-1-1,栗東 緒方,486,6,
202401010502,2024-08-03,札幌,2,3歳未勝利,ダ,1700,右,曇,良,"1回 札幌 5日目 サラ系３歳 未勝利       [指] 馬齢 14頭 本賞金:550,220,140,83,55万円",14,550.0,3,4,5,サトノフォルテ,牡,3,57.0,佐々木,107.8,2.1/2,5,12.6,38.2,4-4-5-5,美浦 国枝,484,-4,
202401010502,2024-08-03,札幌,2,3歳未勝利,ダ,1700,右,曇,良,"1回 札幌 5日目 サラ系３歳 未勝利       [指] 馬齢 14頭 本賞金:550,220,140,83,55万円",14,550.0,4,4,6,ブリリアントスピカ,牝,3,53.0,△小林勝,107.8,ハナ,9,38.8,38.5,2-2-2-2,栗東 畑端,494,-1,
202401010502,2024-08-03,札幌,2,3歳未勝利,ダ,1700,右,曇,良,"1回 札幌 5日目 サラ系３歳 未勝利       [指] 馬齢 14頭 本賞金:550,220,140,83,55万円",14,550.0,5,5,7,ポアゾンノアール,牝,3,55.0,富田暁,108.3,2.1/2,13,174.8,38.9,3-3-2-3,栗東 本田,462,8,
202401010502,2024-08-03,札幌,2,3歳未勝利,ダ,1700,右,曇,良,"1回 札幌 5日目 サラ系３歳 未勝利       [指] 馬齢 14頭 本賞金:550,220,140,83,55万円",14,550.0,6,6,10,プレットリンド,牝,3,55.0,菱田,108.4,3/4,8,38.4,38.5,8-9-8-9,栗東 岡田,418,-2,
202401010502,2024-08-03,札幌,2,3歳未勝利,ダ,1700,右,曇,良,"1回 札幌 5日目 サラ系３歳 未勝利       [指] 馬齢 14頭 本賞金:550,220,140,83,55万円",14,550.0,7,8,14,フィージビリティー,牡,3,57.0,横山武,108.5,クビ,4,9.5,38.8,6-6-5-7,美浦 栗田,502,-2,
202401010502,2024-08-03,札幌,2,3歳未勝利,ダ,1700,右,曇,良,"1回 札幌 5日目 サラ系３歳 未勝利       [指] 馬齢 14頭 本賞金:550,220,140,83,55万円",14,550.0,8,3,3,ミレフォス,牡,3,57.0,西村淳,109.0,3,10,69.1,39.4,10-8-5-5,栗東 矢作,524,-6,
202401010502,2024-08-03,札幌,2,3歳未勝利,ダ,1700,右,曇,良,"1回 札幌 5日目 サラ系３歳 未勝利       [指] 馬齢 14頭 本賞金:550,220,140,83,55万円",14,550.0,9,7,12,モーニングヤマト,牡,3,57.0,古川吉,109.2,1,14,231.6,38.8,12-11-12-11,美浦 土田,460,-4,
202401010502,2024-08-03,札幌,2,3歳未勝利,ダ,1700,右,曇,良,"1回 札幌 5日目 サラ系３歳 未勝利       [指] 馬齢 14頭 本賞金:550,220,140,83,55万円",14,550.0,10,2,2,ハテナビト,牡,3,57.0,永野,109.2,クビ,6,32.0,39.3,9-9-8-9,栗東 吉岡,464,2,
202401010502,2024-08-03,札幌,2,3歳未勝利,ダ,1700,右,曇,良,"1回 札幌 5日目 サラ系３歳 未勝利       [指] 馬齢 14頭 本賞金:550,220,140,83,55万円",14,550.0,11,7,11,ハワイアンアイコン,牡,3,57.0,北村友,109.2,クビ,7,34.3,39.2,14-14-8-7,栗東 藤原,500,10,
202401010502,2024-08-03,札幌,2,3歳未勝利,ダ,1700,右,曇,良,"1回 札幌 5日目 サラ系３歳 未勝利       [指] 馬齢 14頭 本賞金:550,220,140,83,55万円",14,550.0,12,8,13,ベラジオラオウ,牡,3,57.0,横山和,109.4,1.1/4,1,2.0,39.3,13-13-11-11,栗東 上村,468,-4,
202401010502,2024-08-03,札幌,2,3歳未勝利,ダ,1700,右,曇,良,"1回 札幌 5日目 サラ系３歳 未勝利       [指] 馬齢 14頭 本賞金:550,220,140,83,55万円",14,550.0,13,6,9,オースサイン,牡,3,54.0,▲高杉,109.5,クビ,11,78.8,38.9,11-11-13-13,栗東 荒川,462,2,
202401010502,2024-08-03,札幌,2,3歳未勝利,ダ,1700,右,曇,良,"1回 札幌 5日目 サラ系３歳 未勝利       [指] 馬齢 14頭 本賞金:550,220,140,83,55万円",14,550.0,14,3,4,クリノエクリプス,牡,3,54.0,▲川端,109.7,1.1/4,12,88.5,39.1,6-6-13-14,栗東 大根田,480,-6,
202401010503,2024-08-03,札幌,3,3歳未勝利,芝,2000,右,晴,良,"1回 札幌 5日目 サラ系３歳 未勝利       牝[指] 馬齢 16頭 本賞金:550,220,140,83,55万円",16,550.0,1,7,14,ソニックドライブ,牝,3,55.0,武豊,120.8,,1,3.0,35.4,7-5-4-3,栗東 田中克,440,-2,
202401010503,2024-08-03,札幌,3,3歳未勝利,芝,2000,右,晴,良,"1回 札幌 5日目 サラ系３歳 未勝利       牝[指] 馬齢 16頭 本賞金:550,220,140,83,55万円",16,550.0,2,4,8,パンドジェーヌ,牝,3,55.0,横山武,120.9,1/2,2,3.9,35.3,8-8-7-6,美浦 大竹,450,-10,
202401010503,2024-08-03,札幌,3,3歳未勝利,芝,2000,右,晴,良,"1回 札幌 5日目 サラ系３歳 未勝利       牝[指] 馬齢 16頭 本賞金:550,220,140,83,55万円",16,550.0,3,2,3,レディマキシマ,牝,3,55.0,丹内,121.0,クビ,3,5.1,35.8,9-8-2-2,美浦 伊藤大,500,12,
202401010503,2024-08-03,札幌,3,3歳未勝利,芝,2000,右,晴,良,"1回 札幌 5日目 サラ系３歳 未勝利       牝[指] 馬齢 16頭 本賞金:550,220,140,83,55万円",16,550.0,4,6,12,コアクト,牝,3,55.0,黛,121.3,2,15,116.5,35.4,11-10-10-8,美浦 宗像,430,-10,
202401010503,2024-08-03,札幌,3,3歳未勝利,芝,2000,右,晴,良,"1回 札幌 5日目 サラ系３歳 未勝利       牝[指] 馬齢 16頭 本賞金:550,220,140,83,55万円",16,550.0,5,7,13,アークレアル,牝,3,55.0,古川吉,121.3,ハナ,6,27.5,36.3,1-1-1-1,栗東 杉山晴,488,-2,
202401010503,2024-08-03,札幌,3,3歳未勝利,芝,2000,右,晴,良,"1回 札幌 5日目 サラ系３歳 未勝利       牝[指] 馬齢 16頭 本賞金:550,220,140,83,55万円",16,550.0,6,6,11,ギンレイ,牝,3,55.0,荻野琢,121.4,3/4,9,58.6,35.4,15-15-12-11,栗東 大久保,460,-2,
202401010503,2024-08-03,札幌,3,3歳未勝利,芝,2000,右,晴,良,"1回 札幌 5日目 サラ系３歳 未勝利       牝[指] 馬齢 16頭 本賞金:550,220,140,83,55万円",16,550.0,7,3,5,ファピオラ,牝,3,55.0,浜中,121.6,1.1/4,5,7.8,35.7,9-10-10-8,栗東 武幸,416,10,
202401010503,2024-08-03,札幌,3,3歳未勝利,芝,2000,右,晴,良,"1回 札幌 5日目 サラ系３歳 未勝利       牝[指] 馬齢 16頭 本賞金:550,220,140,83,55万円",16,550.0,8,8,16,アンナネーヴェ,牝,3,55.0,富田,121.7,1/2,10,97.7,36.4,4-3-4-6,美浦 金成,440,-4,
202401010503,2024-08-03,札幌,3,3歳未勝利,芝,2000,右,晴,良,"1回 札幌 5日目 サラ系３歳 未勝利       牝[指] 馬齢 16頭 本賞金:550,220,140,83,55万円",16,550.0,9,5,10,ローゼンモンターク,牝,3,55.0,西村淳,121.7,ハナ,7,28.7,36.4,3-3-4-3,栗東 松永幹,436,14,
202401010503,2024-08-03,札幌,3,3歳未勝利,芝,2000,右,晴,良,"1回 札幌 5日目 サラ系３歳 未勝利       牝[指] 馬齢 16頭 本賞金:550,220,140,83,55万円",16,550.0,10,1,2,ベッティーナ,牝,3,53.0,△小林勝,121.7,クビ,8,34.8,35.7,12-12-12-11,美浦 池上,440,10,
202401010503,2024-08-03,札幌,3,3歳未勝利,芝,2000,右,晴,良,"1回 札幌 5日目 サラ系３歳 未勝利       牝[指] 馬齢 16頭 本賞金:550,220,140,83,55万円",16,550.0,11,8,15,リュラグリーン,牝,3,52.0,▲長浜,122.0,2,4,5.8,36.9,2-2-2-3,美浦 相沢,464,0,
202401010503,2024-08-03,札幌,3,3歳未勝利,芝,2000,右,晴,良,"1回 札幌 5日目 サラ系３歳 未勝利       牝[指] 馬齢 16頭 本賞金:550,220,140,83,55万円",16,550.0,12,5,9,オールウェズキズナ,牝,3,51.0,★古川奈,122.6,3.1/2,13,113.2,36.2,13-13-14-15,栗東 矢作,444,-4,
202401010503,2024-08-03,札幌,3,3歳未勝利,芝,2000,右,晴,良,"1回 札幌 5日目 サラ系３歳 未勝利       牝[指] 馬齢 16頭 本賞金:550,220,140,83,55万円",16,550.0,13,1,1,タイプフェイス,牝,3,55.0,大野,122.7,クビ,14,114.1,37.1,4-5-7-8,美浦 小手川,446,4,
202401010503,2024-08-03,札幌,3,3歳未勝利,芝,2000,右,晴,良,"1回 札幌 5日目 サラ系３歳 未勝利       牝[指] 馬齢 16頭 本賞金:550,220,140,83,55万円",16,550.0,14,3,6,リエラ,牝,3,52.0,▲高杉,122.9,1.1/4,16,404.7,36.5,14-13-14-14,栗東 高橋康,402,2,
202401010503,2024-08-03,札幌,3,3歳未勝利,芝,2000,右,晴,良,"1回 札幌 5日目 サラ系３歳 未勝利       牝[指] 馬齢 16頭 本賞金:550,220,140,83,55万円",16,550.0,15,4,7,ヤマメクィーン,牝,3,55.0,佐々木,123.5,3.1/2,12,110.9,37.8,4-5-7-13,美浦 高柳瑞,430,-6,
202401010503,2024-08-03,札幌,3,3歳未勝利,芝,2000,右,晴,良,"1回 札幌 5日目 サラ系３歳 未勝利       牝[指] 馬齢 16頭 本賞金:550,220,140,83,55万円",16,550.0,16,2,4,クライミーアリバー,牝,3,55.0,岩田康,123.6,1/2,11,108.9,36.7,16-16-16-16,栗東 松下,410,-8,
202401010504,2024-08-03,札幌,4,3歳未勝利,ダ,1700,右,晴,良,"1回 札幌 5日目 サラ系３歳 未勝利       (混)[指] 馬齢 14頭 本賞金:550,220,140,83,55万円",14,550.0,1,4,5,サンカルミア,牡,3,57.0,横山武,106.5,,1,4.2,38.1,1-2-2-2,美浦 伊坂,464,0,
202401010504,2024-08-03,札幌,4,3歳未勝利,ダ,1700,右,晴,良,"1回 札幌 5日目 サラ系３歳 未勝利       (混)[指] 馬齢 14頭 本賞金:550,220,140,83,55万円",14,550.0,2,8,14,サンマルミッション,牡,3,57.0,古川吉,107.2,4,8,27.8,38.1,14-13-5-3,美浦 和田勇,442,-4,
202401010504,2024-08-03,札幌,4,3歳未勝利,ダ,1700,右,晴,良,"1回 札幌 5日目 サラ系３歳 未勝利       (混)[指] 馬齢 14頭 本賞金:550,220,140,83,55万円",14,550.0,3,4,6,レガッタ,牡,3,57.0,横山典,107.4,1,6,12.0,38.7,4-3-3-3,栗東 昆,472,-2,
202401010504,2024-08-03,札幌,4,3歳未勝利,ダ,1700,右,晴,良,"1回 札幌 5日目 サラ系３歳 未勝利       (混)[指] 馬齢 14頭 本賞金:550,220,140,83,55万円",14,550.0,4,8,13,リアルペガサス,牡,3,57.0,菱田,107.8,2.1/2,4,5.9,38.8,7-7-5-7,栗東 大橋,456,0,
202401010504,2024-08-03,札幌,4,3歳未勝利,ダ,1700,右,晴,良,"1回 札幌 5日目 サラ系３歳 未勝利       (混)[指] 馬齢 14頭 本賞金:550,220,140,83,55万円",14,550.0,5,5,8,ポンヌフ,牝,3,55.0,佐々木,107.9,クビ,3,5.0,38.8,3-5-5-5,栗東 吉村,458,4,
202401010504,2024-08-03,札幌,4,3歳未勝利,ダ,1700,右,晴,良,"1回 札幌 5日目 サラ系３歳 未勝利       (混)[指] 馬齢 14頭 本賞金:550,220,140,83,55万円",14,550.0,6,3,3,サウンドロックス,牡,3,54.0,▲長浜,108.1,1.1/4,2,4.3,37.9,10-10-14-13,美浦 根本,450,4,
202401010504,2024-08-03,札幌,4,3歳未勝利,ダ,1700,右,晴,良,"1回 札幌 5日目 サラ系３歳 未勝利       (混)[指] 馬齢 14頭 本賞金:550,220,140,83,55万円",14,550.0,7,7,11,ココボロ,牝,3,55.0,大野,108.5,2.1/2,10,41.6,39.1,12-10-8-7,美浦 松山,512,8,
202401010504,2024-08-03,札幌,4,3歳未勝利,ダ,1700,右,晴,良,"1回 札幌 5日目 サラ系３歳 未勝利       (混)[指] 馬齢 14頭 本賞金:550,220,140,83,55万円",14,550.0,8,3,4,エウロス,牡,3,57.0,黛,108.6,クビ,12,100.1,39.2,13-13-8-9,美浦 奥平,428,-2,
202401010504,2024-08-03,札幌,4,3歳未勝利,ダ,1700,右,晴,良,"1回 札幌 5日目 サラ系３歳 未勝利       (混)[指] 馬齢 14頭 本賞金:550,220,140,83,55万円",14,550.0,9,5,7,ゴルトヴェーレ,牝,3,55.0,斎藤,109.0,2.1/2,11,82.0,40.2,2-3-3-5,美浦 水野,482,0,
202401010504,2024-08-03,札幌,4,3歳未勝利,ダ,1700,右,晴,良,"1回 札幌 5日目 サラ系３歳 未勝利       (混)[指] 馬齢 14頭 本賞金:550,220,140,83,55万円",14,550.0,10,6,10,ペイシャバロ,牝,3,55.0,小林凌,109.3,2,14,316.3,39.4,10-10-13-12,美浦 小西,468,12,
202401010504,2024-08-03,札幌,4,3歳未勝利,ダ,1700,右,晴,良,"1回 札幌 5日目 サラ系３歳 未勝利       (混)[指] 馬齢 14頭 本賞金:550,220,140,83,55万円",14,550.0,11,7,12,オセアトップガン,牡,3,57.0,岩田康,109.4,3/4,5,6.0,41.3,4-1-1-1,美浦 加藤征,492,-8,
202401010504,2024-08-03,札幌,4,3歳未勝利,ダ,1700,右,晴,良,"1回 札幌 5日目 サラ系３歳 未勝利       (混)[指] 馬齢 14頭 本賞金:550,220,140,83,55万円",14,550.0,12,1,1,ケアラウレア,牝,3,52.0,▲高杉,109.8,2.1/2,7,23.4,40.1,4-6-11-13,栗東 田中克,476,16,
202401010504,2024-08-03,札幌,4,3歳未勝利,ダ,1700,右,晴,良,"1回 札幌 5日目 サラ系３歳 未勝利       (混)[指] 馬齢 14頭 本賞金:550,220,140,83,55万円",14,550.0,13,2,2,スーパーソニック,牝,3,55.0,丹内,110.6,5,9,30.2,40.9,7-9-11-11,美浦 加藤士,448,0,
202401010504,2024-08-03,札幌,4,3歳未勝利,ダ,1700,右,晴,良,"1回 札幌 5日目 サラ系３歳 未勝利       (混)[指] 馬齢 14頭 本賞金:550,220,140,83,55万円",14,550.0,14,6,9,ダンツハマー,牝,3,55.0,和田翼,111.4,5,13,200.1,42.0,7-7-8-10,栗東 谷,458,0,
202401010505,2024-08-03,札幌,5,2歳新馬,芝,1200,右,晴,良,"1回 札幌 5日目 サラ系２歳 新馬       (混)[指] 馬齢 9頭 本賞金:720,290,180,110,72万円",9,720.0,1,8,9,カワキタマナレア,牝,2,55.0,鮫島駿,69.0,,3,6.2,33.8,5-5,栗東 杉山佳,406,0,
202401010505,2024-08-03,札幌,5,2歳新馬,芝,1200,右,晴,良,"1回 札幌 5日目 サラ系２歳 新馬       (混)[指] 馬齢 9頭 本賞金:720,290,180,110,72万円",9,720.0,2,7,7,カウンターセブン,牡,2,55.0,横山武,69.6,3.1/2,1,1.8,34.6,4-3,美浦 村田,480,0,
202401010505,2024-08-03,札幌,5,2歳新馬,芝,1200,右,晴,良,"1回 札幌 5日目 サラ系２歳 新馬       (混)[指] 馬齢 9頭 本賞金:720,290,180,110,72万円",9,720.0,3,8,8,グーフドリファール,牝,2,55.0,佐々木,70.2,4,8,53.2,34.7,6-6,栗東 安達,398,0,
202401010505,2024-08-03,札幌,5,2歳新馬,芝,1200,右,晴,良,"1回 札幌 5日目 サラ系２歳 新馬       (混)[指] 馬齢 9頭 本賞金:720,290,180,110,72万円",9,720.0,4,5,5,シカレ,牝,2,55.0,藤岡佑,70.3,1/2,2,5.8,35.6,3-3,栗東 矢作,410,0,
202401010505,2024-08-03,札幌,5,2歳新馬,芝,1200,右,晴,良,"1回 札幌 5日目 サラ系２歳 新馬       (混)[指] 馬齢 9頭 本賞金:720,290,180,110,72万円",9,720.0,5,2,2,コパノマロン,牝,2,52.0,▲高杉,70.6,1.3/4,6,11.2,36.4,2-2,栗東 村山,438,0,
202401010505,2024-08-03,札幌,5,2歳新馬,芝,1200,右,晴,良,"1回 札幌 5日目 サラ系２歳 新馬       (混)[指] 馬齢 9頭 本賞金:720,290,180,110,72万円",9,720.0,6,4,4,クロスレート,牡,2,55.0,水口,70.8,1,4,7.7,36.6,1-1,栗東 羽月,448,0,
202401010505,2024-08-03,札幌,5,2歳新馬,芝,1200,右,晴,良,"1回 札幌 5日目 サラ系２歳 新馬       (混)[指] 馬齢 9頭 本賞金:720,290,180,110,72万円",9,720.0,7,3,3,マサノイロハ,牡,2,55.0,丹内,71.0,1.1/4,7,44.0,35.4,6-7,栗東 藤野,460,0,
202401010505,2024-08-03,札幌,5,2歳新馬,芝,1200,右,晴,良,"1回 札幌 5日目 サラ系２歳 新馬       (混)[指] 馬齢 9頭 本賞金:720,290,180,110,72万円",9,720.0,8,6,6,ラブミーナタリー,牝,2,52.0,▲長浜,72.3,8,9,104.8,35.7,9-9,美浦 矢嶋,484,0,
202401010505,2024-08-03,札幌,5,2歳新馬,芝,1200,右,晴,良,"1回 札幌 5日目 サラ系２歳 新馬       (混)[指] 馬齢 9頭 本賞金:720,290,180,110,72万円",9,720.0,9,1,1,アラシヲヨブオトコ,牡,2,55.0,永野,73.0,4,5,10.5,37.3,8-8,美浦 伊藤圭,426,0,
202401010506,2024-08-03,札幌,6,3歳未勝利,芝,2000,右,晴,良,"1回 札幌 5日目 サラ系３歳 未勝利       [指] 馬齢 16頭 本賞金:550,220,140,83,55万円",16,550.0,1,8,15,マイネルバーテクス,牡,3,57.0,丹内,120.8,,5,11.4,35.2,9-10-10-8,美浦 水野,492,8,
202401010506,2024-08-03,札幌,6,3歳未勝利,芝,2000,右,晴,良,"1回 札幌 5日目 サラ系３歳 未勝利       [指] 馬齢 16頭 本賞金:550,220,140,83,55万円",16,550.0,2,6,11,ウイントレメンデス,牡,3,57.0,横山武,120.8,クビ,1,1.9,35.5,7-8-7-4,美浦 鈴木伸,482,2,
202401010506,2024-08-03,札幌,6,3歳未勝利,芝,2000,右,晴,良,"1回 札幌 5日目 サラ系３歳 未勝利       [指] 馬齢 16頭 本賞金:550,220,140,83,55万円",16,550.0,3,6,12,レイピカケ,牝,3,55.0,藤岡佑,120.9,クビ,2,5.9,35.2,11-11-11-4,栗東 野中,452,-2,
202401010506,2024-08-03,札幌,6,3歳未勝利,芝,2000,右,晴,良,"1回 札幌 5日目 サラ系３歳 未勝利       [指] 馬齢 16頭 本賞金:550,220,140,83,55万円",16,550.0,4,1,2,モンサンケコア,牡,3,57.0,西村淳,121.7,5,3,7.1,36.9,1-1-1-1,栗東 中竹,496,-6,
202401010506,2024-08-03,札幌,6,3歳未勝利,芝,2000,右,晴,良,"1回 札幌 5日目 サラ系３歳 未勝利       [指] 馬齢 16頭 本賞金:550,220,140,83,55万円",16,550.0,5,2,4,サトノアライヴ,牡,3,57.0,佐々木,121.7,ハナ,6,11.5,36.4,7-6-7-8,栗東 須貝,432,-4,
202401010506,2024-08-03,札幌,6,3歳未勝利,芝,2000,右,晴,良,"1回 札幌 5日目 サラ系３歳 未勝利       [指] 馬齢 16頭 本賞金:550,220,140,83,55万円",16,550.0,6,1,1,アスロス,牡,3,57.0,岩田康,121.8,3/4,4,10.1,36.7,3-3-3-4,美浦 蛯名正,458,2,
202401010506,2024-08-03,札幌,6,3歳未勝利,芝,2000,右,晴,良,"1回 札幌 5日目 サラ系３歳 未勝利       [指] 馬齢 16頭 本賞金:550,220,140,83,55万円",16,550.0,7,3,5,ヒットアンドロール,牡,3,54.0,▲長浜,121.8,アタマ,14,144.8,35.9,12-12-13-11,美浦 宗像,442,0,
202401010506,2024-08-03,札幌,6,3歳未勝利,芝,2000,右,晴,良,"1回 札幌 5日目 サラ系３歳 未勝利       [指] 馬齢 16頭 本賞金:550,220,140,83,55万円",16,550.0,8,8,16,ホットエンペラー,牡,3,57.0,丸山,121.8,ハナ,12,73.7,36.7,5-6-3-2,栗東 本田,472,-2,
202401010506,2024-08-03,札幌,6,3歳未勝利,芝,2000,右,晴,良,"1回 札幌 5日目 サラ系３歳 未勝利       [指] 馬齢 16頭 本賞金:550,220,140,83,55万円",16,550.0,9,4,7,ダイユウファリーナ,牡,3,57.0,斎藤,122.0,1.1/4,13,89.4,36.8,5-5-3-4,美浦 松永康,482,0,
202401010506,2024-08-03,札幌,6,3歳未勝利,芝,2000,右,晴,良,"1回 札幌 5日目 サラ系３歳 未勝利       [指] 馬齢 16頭 本賞金:550,220,140,83,55万円",16,550.0,10,2,3,ガルバナム,牡,3,57.0,鮫島駿,122.1,クビ,11,69.6,36.4,14-14-11-11,栗東 渡辺,470,-8,
202401010506,2024-08-03,札幌,6,3歳未勝利,芝,2000,右,晴,良,"1回 札幌 5日目 サラ系３歳 未勝利       [指] 馬齢 16頭 本賞金:550,220,140,83,55万円",16,550.0,11,5,9,ソウルプラウド,牡,3,57.0,菱田,122.1,ハナ,8,32.8,35.8,16-16-15-15,栗東 高橋亮,482,8,
202401010506,2024-08-03,札幌,6,3歳未勝利,芝,2000,右,晴,良,"1回 札幌 5日目 サラ系３歳 未勝利       [指] 馬齢 16頭 本賞金:550,220,140,83,55万円",16,550.0,12,7,13,ヒナノマーチス,牡,3,55.0,△小林勝,122.3,1,16,314.7,36.3,13-12-13-11,美浦 本間,440,10,
202401010506,2024-08-03,札幌,6,3歳未勝利,芝,2000,右,晴,良,"1回 札幌 5日目 サラ系３歳 未勝利       [指] 馬齢 16頭 本賞金:550,220,140,83,55万円",16,550.0,13,7,14,シュプリームアロー,牡,3,54.0,▲高杉,122.4,3/4,9,56.1,37.3,3-3-3-2,栗東 藤野,460,-4,
202401010506,2024-08-03,札幌,6,3歳未勝利,芝,2000,右,晴,良,"1回 札幌 5日目 サラ系３歳 未勝利       [指] 馬齢 16頭 本賞金:550,220,140,83,55万円",16,550.0,14,5,10,アンリトゥンルール,牡,3,57.0,永野,123.1,4,10,60.1,37.7,9-9-7-11,美浦 栗田,478,-10,
202401010506,2024-08-03,札幌,6,3歳未勝利,芝,2000,右,晴,良,"1回 札幌 5日目 サラ系３歳 未勝利       [指] 馬齢 16頭 本賞金:550,220,140,83,55万円",16,550.0,15,4,8,ヴィーケン,牡,3,57.0,富田,123.3,1.1/4,15,157.1,38.4,2-2-2-8,栗東 高橋康,484,-8,
202401010506,2024-08-03,札幌,6,3歳未勝利,芝,2000,右,晴,良,"1回 札幌 5日目 サラ系３歳 未勝利       [指] 馬齢 16頭 本賞金:550,220,140,83,55万円",16,550.0,16,3,6,ゴールドモーション,牡,3,57.0,横山和,124.8,9,7,23.4,38.3,14-15-16-16,美浦 村田,466,0,
202401010507,2024-08-03,札幌,7,3歳以上1勝クラス,ダ,1000,右,晴,良,"1回 札幌 5日目 サラ系３歳以上 １勝クラス       (混)[指] 定量 11頭 本賞金:800,320,200,120,80万円",11,800.0,1,3,3,セッテイロク,牝,3,51.0,▲高杉,59.1,,1,1.4,35.7,1-2,美浦 竹内,440,6,
202401010507,2024-08-03,札幌,7,3歳以上1勝クラス,ダ,1000,右,晴,良,"1回 札幌 5日目 サラ系３歳以上 １勝クラス       (混)[指] 定量 11頭 本賞金:800,320,200,120,80万円",11,800.0,2,4,4,ヨドノゴールド,牡,6,58.0,横山武,59.3,1.1/4,2,6.5,35.4,4-4,栗東 西園正,470,0,
202401010507,2024-08-03,札幌,7,3歳以上1勝クラス,ダ,1000,右,晴,良,"1回 札幌 5日目 サラ系３歳以上 １勝クラス       (混)[指] 定量 11頭 本賞金:800,320,200,120,80万円",11,800.0,3,8,10,シンゼンシャイン,牡,6,55.0,▲ 川端海,59.4,アタマ,5,21.3,36.0,2-1,栗東 飯田,508,-6,
202401010507,2024-08-03,札幌,7,3歳以上1勝クラス,ダ,1000,右,晴,良,"1回 札幌 5日目 サラ系３歳以上 １勝クラス       (混)[指] 定量 11頭 本賞金:800,320,200,120,80万円",11,800.0,4,1,1,スイッチオン,牡,4,58.0,大野,59.4,アタマ,8,31.0,35.3,5-6,美浦 小手川,488,-2,
202401010507,2024-08-03,札幌,7,3歳以上1勝クラス,ダ,1000,右,晴,良,"1回 札幌 5日目 サラ系３歳以上 １勝クラス       (混)[指] 定量 11頭 本賞金:800,320,200,120,80万円",11,800.0,5,7,8,カップッチョ,牡,7,58.0,黛,59.5,1/2,9,34.9,35.4,5-5,美浦 石毛,490,-2,
202401010507,2024-08-03,札幌,7,3歳以上1勝クラス,ダ,1000,右,晴,良,"1回 札幌 5日目 サラ系３歳以上 １勝クラス       (混)[指] 定量 11頭 本賞金:800,320,200,120,80万円",11,800.0,6,8,11,バッファローライズ,牡,3,56.0,永野,59.7,1.1/4,3,7.5,36.0,3-3,美浦 伊藤圭,512,4,
202401010507,2024-08-03,札幌,7,3歳以上1勝クラス,ダ,1000,右,晴,良,"1回 札幌 5日目 サラ系３歳以上 １勝クラス       (混)[指] 定量 11頭 本賞金:800,320,200,120,80万円",11,800.0,7,2,2,サイモンカーチス,牡,5,58.0,古川吉,59.8,1/2,10,194.2,35.3,9-9,栗東 梅田,494,-2,
202401010507,2024-08-03,札幌,7,3歳以上1勝クラス,ダ,1000,右,晴,良,"1回 札幌 5日目 サラ系３歳以上 １勝クラス       (混)[指] 定量 11頭 本賞金:800,320,200,120,80万円",11,800.0,8,6,7,トリオーレ,牡,4,58.0,横山和,59.9,1/2,7,29.5,35.6,7-7,美浦 嘉藤,486,14,
202401010507,2024-08-03,札幌,7,3歳以上1勝クラス,ダ,1000,右,晴,良,"1回 札幌 5日目 サラ系３歳以上 １勝クラス       (混)[指] 定量 11頭 本賞金:800,320,200,120,80万円",11,800.0,9,6,6,ゴルデールスカー,牡,4,58.0,池添,60.0,1/2,6,26.9,35.3,11-10,栗東 大久保,464,-4,
202401010507,2024-08-03,札幌,7,3歳以上1勝クラス,ダ,1000,右,晴,良,"1回 札幌 5日目 サラ系３歳以上 １勝クラス       (混)[指] 定量 11頭 本賞金:800,320,200,120,80万円",11,800.0,10,5,5,ミニマルデザイン,牝,3,54.0,丹内,60.1,1/2,4,12.7,35.9,7-7,美浦 岩戸,466,0,
202401010507,2024-08-03,札幌,7,3歳以上1勝クラス,ダ,1000,右,晴,良,"1回 札幌 5日目 サラ系３歳以上 １勝クラス       (混)[指] 定量 11頭 本賞金:800,320,200,120,80万円",11,800.0,11,7,9,サンマルリアン,牝,4,52.0,★古川奈,60.6,3,11,205.4,36.0,10-10,美浦 土田,442,8,
202401010508,2024-08-03,札幌,8,3歳以上1勝クラス,芝,1800,右,晴,良,"1回 札幌 5日目 サラ系３歳以上 １勝クラス       (特指) 定量 13頭 本賞金:800,320,200,120,80万円",13,800.0,1,1,1,ホウオウプロサンゲ,牡,3,55.0,菱田,107.4,,2,3.6,34.9,2-2-2-2,栗東 矢作,482,0,
202401010508,2024-08-03,札幌,8,3歳以上1勝クラス,芝,1800,右,晴,良,"1回 札幌 5日目 サラ系３歳以上 １勝クラス       (特指) 定量 13頭 本賞金:800,320,200,120,80万円",13,800.0,2,2,2,マルカオペラ,牝,3,53.0,北村友,107.8,2.1/2,7,28.6,35.1,4-3-3-3,栗東 浜田,460,-10,
202401010508,2024-08-03,札幌,8,3歳以上1勝クラス,芝,1800,右,晴,良,"1回 札幌 5日目 サラ系３歳以上 １勝クラス       (特指) 定量 13頭 本賞金:800,320,200,120,80万円",13,800.0,3,4,4,コスモブッドレア,牡,3,55.0,横山武,107.8,ハナ,1,2.2,34.9,7-6-5-5,美浦 小野,480,-2,
202401010508,2024-08-03,札幌,8,3歳以上1勝クラス,芝,1800,右,晴,良,"1回 札幌 5日目 サラ系３歳以上 １勝クラス       (特指) 定量 13頭 本賞金:800,320,200,120,80万円",13,800.0,4,8,13,エルフストラック,牝,3,53.0,横山和,108.0,1.1/4,3,4.1,35.7,1-1-1-1,栗東 中村,482,-2,
202401010508,2024-08-03,札幌,8,3歳以上1勝クラス,芝,1800,右,晴,良,"1回 札幌 5日目 サラ系３歳以上 １勝クラス       (特指) 定量 13頭 本賞金:800,320,200,120,80万円",13,800.0,5,6,9,フルレゾン,牝,3,53.0,西村淳,108.2,1.1/4,5,17.2,35.5,5-3-3-3,栗東 池添,444,14,
202401010508,2024-08-03,札幌,8,3歳以上1勝クラス,芝,1800,右,晴,良,"1回 札幌 5日目 サラ系３歳以上 １勝クラス       (特指) 定量 13頭 本賞金:800,320,200,120,80万円",13,800.0,6,7,11,デアパーディタ,牝,3,50.0,▲高杉,108.2,クビ,8,61.8,35.0,9-10-8-7,美浦 武井,428,-6,
202401010508,2024-08-03,札幌,8,3歳以上1勝クラス,芝,1800,右,晴,良,"1回 札幌 5日目 サラ系３歳以上 １勝クラス       (特指) 定量 13頭 本賞金:800,320,200,120,80万円",13,800.0,7,7,10,マイバラード,牡,4,58.0,丹内,108.3,クビ,4,10.2,35.2,8-8-8-7,美浦 松永康,462,-6,
202401010508,2024-08-03,札幌,8,3歳以上1勝クラス,芝,1800,右,晴,良,"1回 札幌 5日目 サラ系３歳以上 １勝クラス       (特指) 定量 13頭 本賞金:800,320,200,120,80万円",13,800.0,8,3,3,レイワサンサン,牡,3,55.0,浜中,108.4,1,6,23.0,35.4,6-6-5-5,栗東 高柳大,498,0,
202401010508,2024-08-03,札幌,8,3歳以上1勝クラス,芝,1800,右,晴,良,"1回 札幌 5日目 サラ系３歳以上 １勝クラス       (特指) 定量 13頭 本賞金:800,320,200,120,80万円",13,800.0,9,4,5,ジーティーエイト,牡,3,55.0,丸山,108.7,2,13,234.3,35.4,10-8-10-9,栗東 畑端,502,-4,
202401010508,2024-08-03,札幌,8,3歳以上1勝クラス,芝,1800,右,晴,良,"1回 札幌 5日目 サラ系３歳以上 １勝クラス       (特指) 定量 13頭 本賞金:800,320,200,120,80万円",13,800.0,10,6,8,クインズステラ,牝,5,53.0,▲長浜,108.8,3/4,9,62.2,35.1,11-11-12-12,美浦 池上,466,0,
202401010508,2024-08-03,札幌,8,3歳以上1勝クラス,芝,1800,右,晴,良,"1回 札幌 5日目 サラ系３歳以上 １勝クラス       (特指) 定量 13頭 本賞金:800,320,200,120,80万円",13,800.0,11,5,7,アスクメークシェア,牡,4,58.0,古川吉,109.2,2,12,193.9,35.3,12-12-13-12,栗東 河内,472,-2,
202401010508,2024-08-03,札幌,8,3歳以上1勝クラス,芝,1800,右,晴,良,"1回 札幌 5日目 サラ系３歳以上 １勝クラス       (特指) 定量 13頭 本賞金:800,320,200,120,80万円",13,800.0,12,5,6,ジーティーポライト,牝,3,53.0,黛,109.6,2.1/2,11,121.0,36.2,12-13-11-9,美浦 菊沢,456,-4,
202401010508,2024-08-03,札幌,8,3歳以上1勝クラス,芝,1800,右,晴,良,"1回 札幌 5日目 サラ系３歳以上 １勝クラス       (特指) 定量 13頭 本賞金:800,320,200,120,80万円",13,800.0,13,8,12,プリンスノット,牡,4,58.0,岩田康,110.1,3,10,118.3,37.2,2-3-5-9,栗東 小椋,482,4,
202401010509,2024-08-03,札幌,9,旭川特別,芝,1500,右,晴,良,"1回 札幌 5日目 サラ系３歳以上 １勝クラス       (混)[指] 定量 14頭 本賞金:1110,440,280,170,111万円",14,1110.0,1,1,1,ブルーミンデザイン,牡,3,55.0,浜中,88.5,,2,6.2,34.3,6-6-6,栗東 宮本,466,2,
202401010509,2024-08-03,札幌,9,旭川特別,芝,1500,右,晴,良,"1回 札幌 5日目 サラ系３歳以上 １勝クラス       (混)[指] 定量 14頭 本賞金:1110,440,280,170,111万円",14,1110.0,2,8,14,アンドアイラヴハー,牝,3,53.0,横山武,88.5,ハナ,1,1.9,34.9,2-2-2,美浦 田村,476,-2,
202401010509,2024-08-03,札幌,9,旭川特別,芝,1500,右,晴,良,"1回 札幌 5日目 サラ系３歳以上 １勝クラス       (混)[指] 定量 14頭 本賞金:1110,440,280,170,111万円",14,1110.0,3,4,6,ハーエクセレンシー,牝,4,56.0,佐々木,88.8,1.1/2,4,8.5,34.5,6-8-8,美浦 大和田,432,0,
202401010509,2024-08-03,札幌,9,旭川特別,芝,1500,右,晴,良,"1回 札幌 5日目 サラ系３歳以上 １勝クラス       (混)[指] 定量 14頭 本賞金:1110,440,280,170,111万円",14,1110.0,4,2,2,シャイニースイフト,牡,4,58.0,丹内,89.0,1.1/4,8,18.6,35.1,3-3-3,美浦 菊川,432,-4,
202401010509,2024-08-03,札幌,9,旭川特別,芝,1500,右,晴,良,"1回 札幌 5日目 サラ系３歳以上 １勝クラス       (混)[指] 定量 14頭 本賞金:1110,440,280,170,111万円",14,1110.0,5,6,9,テリオスルル,牝,3,53.0,古川吉,89.1,3/4,7,18.3,34.9,6-6-6,美浦 田島,478,4,
202401010509,2024-08-03,札幌,9,旭川特別,芝,1500,右,晴,良,"1回 札幌 5日目 サラ系３歳以上 １勝クラス       (混)[指] 定量 14頭 本賞金:1110,440,280,170,111万円",14,1110.0,6,4,5,イコノスタシス,牝,4,56.0,藤岡佑,89.1,ハナ,6,17.5,34.4,13-12-11,美浦 古賀,492,6,
202401010509,2024-08-03,札幌,9,旭川特別,芝,1500,右,晴,良,"1回 札幌 5日目 サラ系３歳以上 １勝クラス       (混)[指] 定量 14頭 本賞金:1110,440,280,170,111万円",14,1110.0,7,3,3,セレスト,牡,3,55.0,川端,89.2,3/4,13,163.9,34.2,14-14-14,栗東 羽月,432,-2,
202401010509,2024-08-03,札幌,9,旭川特別,芝,1500,右,晴,良,"1回 札幌 5日目 サラ系３歳以上 １勝クラス       (混)[指] 定量 14頭 本賞金:1110,440,280,170,111万円",14,1110.0,8,7,11,カイコウ,セ,3,55.0,永野,89.2,ハナ,11,63.5,34.7,9-9-11,美浦 田島,462,6,
202401010509,2024-08-03,札幌,9,旭川特別,芝,1500,右,晴,良,"1回 札幌 5日目 サラ系３歳以上 １勝クラス       (混)[指] 定量 14頭 本賞金:1110,440,280,170,111万円",14,1110.0,9,8,13,ルクスノア,牝,3,53.0,武豊,89.3,1/2,3,7.9,36.1,1-1-1,栗東 平田,468,14,
202401010509,2024-08-03,札幌,9,旭川特別,芝,1500,右,晴,良,"1回 札幌 5日目 サラ系３歳以上 １勝クラス       (混)[指] 定量 14頭 本賞金:1110,440,280,170,111万円",14,1110.0,10,7,12,スイーツバイキング,牝,4,56.0,鮫島駿,89.3,クビ,10,60.4,34.5,12-12-13,美浦 大竹,454,-4,
202401010509,2024-08-03,札幌,9,旭川特別,芝,1500,右,晴,良,"1回 札幌 5日目 サラ系３歳以上 １勝クラス       (混)[指] 定量 14頭 本賞金:1110,440,280,170,111万円",14,1110.0,11,5,7,インペリアルコート,牝,4,56.0,斎藤,89.3,ハナ,12,136.3,35.5,4-3-3,美浦 鹿戸,446,-4,
202401010509,2024-08-03,札幌,9,旭川特別,芝,1500,右,晴,良,"1回 札幌 5日目 サラ系３歳以上 １勝クラス       (混)[指] 定量 14頭 本賞金:1110,440,280,170,111万円",14,1110.0,12,5,8,メイショウオオミネ,牡,4,58.0,富田暁,89.3,ハナ,14,179.2,34.9,9-9-9,栗東 石橋,440,-2,
202401010509,2024-08-03,札幌,9,旭川特別,芝,1500,右,晴,良,"1回 札幌 5日目 サラ系３歳以上 １勝クラス       (混)[指] 定量 14頭 本賞金:1110,440,280,170,111万円",14,1110.0,13,3,4,ヴィヴァクラウン,牡,3,55.0,大野,89.5,3/4,5,15.9,35.5,4-5-3,美浦 杉浦,478,16,
202401010509,2024-08-03,札幌,9,旭川特別,芝,1500,右,晴,良,"1回 札幌 5日目 サラ系３歳以上 １勝クラス       (混)[指] 定量 14頭 本賞金:1110,440,280,170,111万円",14,1110.0,14,6,10,セレスティアリティ,牝,4,56.0,西村淳,89.5,アタマ,9,23.2,35.1,9-9-9,栗東 西村,478,12,
202401010510,2024-08-03,札幌,10,苫小牧特別,ダ,1700,右,曇,良,"1回 札幌 5日目 サラ系３歳以上 ２勝クラス       (混)[指] ハンデ 14頭 本賞金:1550,620,390,230,155万円",14,1550.0,1,3,4,ゲットアップ,セ,6,55.0,古川吉,105.1,,7,11.5,36.4,8-8-3-1,美浦 牧,476,-8,
202401010510,2024-08-03,札幌,10,苫小牧特別,ダ,1700,右,曇,良,"1回 札幌 5日目 サラ系３歳以上 ２勝クラス       (混)[指] ハンデ 14頭 本賞金:1550,620,390,230,155万円",14,1550.0,2,8,13,パフ,牡,3,54.0,鮫島駿,105.7,3.1/2,1,3.2,37.0,5-6-3-2,栗東 橋口,474,-2,
202401010510,2024-08-03,札幌,10,苫小牧特別,ダ,1700,右,曇,良,"1回 札幌 5日目 サラ系３歳以上 ２勝クラス       (混)[指] ハンデ 14頭 本賞金:1550,620,390,230,155万円",14,1550.0,3,4,5,デルマオシダシ,牝,4,52.0,横山琉,106.1,2.1/2,14,104.1,37.3,5-5-6-4,美浦 鈴木慎,468,4,
202401010510,2024-08-03,札幌,10,苫小牧特別,ダ,1700,右,曇,良,"1回 札幌 5日目 サラ系３歳以上 ２勝クラス       (混)[指] ハンデ 14頭 本賞金:1550,620,390,230,155万円",14,1550.0,4,5,7,オールマキシマム,牝,4,53.0,永野,106.1,ハナ,6,9.1,36.8,11-10-9-8,美浦 奥平,444,-4,
202401010510,2024-08-03,札幌,10,苫小牧特別,ダ,1700,右,曇,良,"1回 札幌 5日目 サラ系３歳以上 ２勝クラス       (混)[指] ハンデ 14頭 本賞金:1550,620,390,230,155万円",14,1550.0,5,2,2,クロースコンバット,牡,5,55.0,丹内,106.1,クビ,4,8.0,37.1,7-6-7-7,美浦 青木,490,-12,
202401010510,2024-08-03,札幌,10,苫小牧特別,ダ,1700,右,曇,良,"1回 札幌 5日目 サラ系３歳以上 ２勝クラス       (混)[指] ハンデ 14頭 本賞金:1550,620,390,230,155万円",14,1550.0,6,3,3,クリノグローリー,牡,4,57.0,小林勝,106.5,2.1/2,2,5.6,37.8,4-3-3-6,栗東 谷,486,4,
202401010510,2024-08-03,札幌,10,苫小牧特別,ダ,1700,右,曇,良,"1回 札幌 5日目 サラ系３歳以上 ２勝クラス       (混)[指] ハンデ 14頭 本賞金:1550,620,390,230,155万円",14,1550.0,7,6,10,アレクサ,牡,4,56.0,斎藤,106.6,1/2,3,7.0,37.0,13-13-10-8,美浦 斎藤誠,500,0,
202401010510,2024-08-03,札幌,10,苫小牧特別,ダ,1700,右,曇,良,"1回 札幌 5日目 サラ系３歳以上 ２勝クラス       (混)[指] ハンデ 14頭 本賞金:1550,620,390,230,155万円",14,1550.0,8,4,6,ティアップリオン,牡,6,56.0,菱田,106.9,1.3/4,9,28.5,37.4,10-9-10-11,美浦 奥平,486,2,
202401010510,2024-08-03,札幌,10,苫小牧特別,ダ,1700,右,曇,良,"1回 札幌 5日目 サラ系３歳以上 ２勝クラス       (混)[指] ハンデ 14頭 本賞金:1550,620,390,230,155万円",14,1550.0,9,8,14,サヴァビアン,牡,6,55.0,小林凌,107.2,1.3/4,12,53.9,38.1,3-3-7-8,栗東 羽月,436,0,
202401010510,2024-08-03,札幌,10,苫小牧特別,ダ,1700,右,曇,良,"1回 札幌 5日目 サラ系３歳以上 ２勝クラス       (混)[指] ハンデ 14頭 本賞金:1550,620,390,230,155万円",14,1550.0,10,1,1,ショウナンカブト,牡,4,57.0,岩田康,107.4,1.1/4,5,8.9,37.4,11-10-12-12,美浦 戸田,556,20,
202401010510,2024-08-03,札幌,10,苫小牧特別,ダ,1700,右,曇,良,"1回 札幌 5日目 サラ系３歳以上 ２勝クラス       (混)[指] ハンデ 14頭 本賞金:1550,620,390,230,155万円",14,1550.0,11,5,8,フィールザワールド,牡,6,56.0,横山和,107.6,1.1/4,10,37.7,37.7,14-14-12-12,美浦 岩戸,476,-8,
202401010510,2024-08-03,札幌,10,苫小牧特別,ダ,1700,右,曇,良,"1回 札幌 5日目 サラ系３歳以上 ２勝クラス       (混)[指] ハンデ 14頭 本賞金:1550,620,390,230,155万円",14,1550.0,12,7,11,タガノチョコラータ,牝,4,53.0,浜中俊,107.9,2,8,14.9,39.4,1-1-1-3,栗東 角田,500,-2,
202401010510,2024-08-03,札幌,10,苫小牧特別,ダ,1700,右,曇,良,"1回 札幌 5日目 サラ系３歳以上 ２勝クラス       (混)[指] ハンデ 14頭 本賞金:1550,620,390,230,155万円",14,1550.0,13,7,12,スズカルビコン,牡,6,55.0,黛,108.2,1.1/2,13,54.6,39.6,2-2-2-4,美浦 堀内,516,4,
202401010510,2024-08-03,札幌,10,苫小牧特別,ダ,1700,右,曇,良,"1回 札幌 5日目 サラ系３歳以上 ２勝クラス       (混)[指] ハンデ 14頭 本賞金:1550,620,390,230,155万円",14,1550.0,14,6,9,ベイパーコーン,セ,5,55.0,佐々木,109.3,7,11,52.6,38.9,9-10-14-14,栗東 鈴木孝,470,6,
202401010511,2024-08-03,札幌,11,札幌日経OP,芝,2600,右,曇,良,"1回 札幌 5日目 サラ系３歳以上 オープン       (国際)(指) 別定 12頭 本賞金:2800,1100,700,420,280万円",12,2800.0,1,6,8,ショウナンバシット,牡,4,57.0,佐々木,158.9,,6,8.4,35.4,2-2-2-1,栗東 須貝,498,-2,
202401010511,2024-08-03,札幌,11,札幌日経OP,芝,2600,右,曇,良,"1回 札幌 5日目 サラ系３歳以上 オープン       (国際)(指) 別定 12頭 本賞金:2800,1100,700,420,280万円",12,2800.0,2,7,9,フルール,牝,4,55.0,大野,159.2,2,4,7.1,35.4,4-4-3-2,美浦 上原佑,490,10,
202401010511,2024-08-03,札幌,11,札幌日経OP,芝,2600,右,曇,良,"1回 札幌 5日目 サラ系３歳以上 オープン       (国際)(指) 別定 12頭 本賞金:2800,1100,700,420,280万円",12,2800.0,3,5,5,キミノナハマリア,牝,4,55.0,鮫島駿,159.3,3/4,2,5.0,35.2,6-6-6-5,栗東 千田,508,0,
202401010511,2024-08-03,札幌,11,札幌日経OP,芝,2600,右,曇,良,"1回 札幌 5日目 サラ系３歳以上 オープン       (国際)(指) 別定 12頭 本賞金:2800,1100,700,420,280万円",12,2800.0,4,4,4,サトノエルドール,牡,8,58.0,丸山,159.5,1,11,106.0,35.0,9-10-11-11,美浦 国枝,474,-8,
202401010511,2024-08-03,札幌,11,札幌日経OP,芝,2600,右,曇,良,"1回 札幌 5日目 サラ系３歳以上 オープン       (国際)(指) 別定 12頭 本賞金:2800,1100,700,420,280万円",12,2800.0,5,5,6,プラチナトレジャー,牡,6,57.0,永野,159.5,クビ,7,13.7,35.2,9-10-9-7,美浦 国枝,480,0,
202401010511,2024-08-03,札幌,11,札幌日経OP,芝,2600,右,曇,良,"1回 札幌 5日目 サラ系３歳以上 オープン       (国際)(指) 別定 12頭 本賞金:2800,1100,700,420,280万円",12,2800.0,6,6,7,マカオンドール,牡,6,57.0,菱田,160.0,2.1/2,8,15.7,35.9,7-7-6-7,栗東 今野,500,10,
202401010511,2024-08-03,札幌,11,札幌日経OP,芝,2600,右,曇,良,"1回 札幌 5日目 サラ系３歳以上 オープン       (国際)(指) 別定 12頭 本賞金:2800,1100,700,420,280万円",12,2800.0,7,7,10,アドマイヤハレー,牡,6,57.0,丹内,160.2,1.1/4,3,5.4,36.2,9-7-6-7,美浦 宮田,472,-6,
202401010511,2024-08-03,札幌,11,札幌日経OP,芝,2600,右,曇,良,"1回 札幌 5日目 サラ系３歳以上 オープン       (国際)(指) 別定 12頭 本賞金:2800,1100,700,420,280万円",12,2800.0,8,2,2,アドマイヤビルゴ,牡,7,60.0,武豊,160.2,アタマ,10,27.5,36.3,3-3-3-2,栗東 友道,440,-4,
202401010511,2024-08-03,札幌,11,札幌日経OP,芝,2600,右,曇,良,"1回 札幌 5日目 サラ系３歳以上 オープン       (国際)(指) 別定 12頭 本賞金:2800,1100,700,420,280万円",12,2800.0,9,8,12,セファーラジエル,牡,6,57.0,西村淳,160.9,4,9,22.2,37.6,1-1-1-2,栗東 高柳大,526,-6,
202401010511,2024-08-03,札幌,11,札幌日経OP,芝,2600,右,曇,良,"1回 札幌 5日目 サラ系３歳以上 オープン       (国際)(指) 別定 12頭 本賞金:2800,1100,700,420,280万円",12,2800.0,10,8,11,ディナースタ,牡,5,57.0,藤岡佑,161.2,2,1,3.9,37.4,4-4-3-5,栗東 辻野,472,0,
202401010511,2024-08-03,札幌,11,札幌日経OP,芝,2600,右,曇,良,"1回 札幌 5日目 サラ系３歳以上 オープン       (国際)(指) 別定 12頭 本賞金:2800,1100,700,420,280万円",12,2800.0,11,1,1,シルキーヴォイス,牡,6,57.0,水口,162.1,5,12,148.3,37.9,7-7-9-7,栗東 池江,492,0,
202401010511,2024-08-03,札幌,11,札幌日経OP,芝,2600,右,曇,良,"1回 札幌 5日目 サラ系３歳以上 オープン       (国際)(指) 別定 12頭 本賞金:2800,1100,700,420,280万円",12,2800.0,12,3,3,タイムオブフライト,牡,5,57.0,岩田康,163.6,9,5,7.7,38.3,12-12-12-12,栗東 辻野,446,10,
202401010512,2024-08-03,札幌,12,3歳以上1勝クラス,ダ,1700,右,曇,良,"1回 札幌 5日目 サラ系３歳以上 １勝クラス       [指] 定量 14頭 本賞金:800,320,200,120,80万円",14,800.0,1,5,7,クォーツァイト,牝,3,53.0,斎藤,105.3,,4,10.7,37.7,2-2-2-2,美浦 斎藤誠,466,0,
202401010512,2024-08-03,札幌,12,3歳以上1勝クラス,ダ,1700,右,曇,良,"1回 札幌 5日目 サラ系３歳以上 １勝クラス       [指] 定量 14頭 本賞金:800,320,200,120,80万円",14,800.0,2,4,5,ヴァルドルチャ,牡,3,55.0,北村友,105.4,1/2,3,10.7,38.4,1-1-1-1,美浦 田中博,446,0,
202401010512,2024-08-03,札幌,12,3歳以上1勝クラス,ダ,1700,右,曇,良,"1回 札幌 5日目 サラ系３歳以上 １勝クラス       [指] 定量 14頭 本賞金:800,320,200,120,80万円",14,800.0,3,3,3,ロードブレイズ,牡,3,55.0,横山和,105.5,クビ,2,2.8,37.4,8-8-5-3,美浦 稲垣,494,10,
202401010512,2024-08-03,札幌,12,3歳以上1勝クラス,ダ,1700,右,曇,良,"1回 札幌 5日目 サラ系３歳以上 １勝クラス       [指] 定量 14頭 本賞金:800,320,200,120,80万円",14,800.0,4,8,13,ベント,セ,3,55.0,富田,106.0,3,7,18.6,38.2,2-3-3-4,栗東 小崎,424,0,
202401010512,2024-08-03,札幌,12,3歳以上1勝クラス,ダ,1700,右,曇,良,"1回 札幌 5日目 サラ系３歳以上 １勝クラス       [指] 定量 14頭 本賞金:800,320,200,120,80万円",14,800.0,5,6,9,エイブラムス,牡,3,53.0,△小林勝,106.1,3/4,9,31.1,37.9,5-6-5-4,美浦 鈴木慎,470,6,
202401010512,2024-08-03,札幌,12,3歳以上1勝クラス,ダ,1700,右,曇,良,"1回 札幌 5日目 サラ系３歳以上 １勝クラス       [指] 定量 14頭 本賞金:800,320,200,120,80万円",14,800.0,6,4,6,ポルポラジール,牡,3,55.0,藤岡佑,106.4,1.3/4,1,2.6,38.2,5-4-5-6,栗東 新谷,510,0,
202401010512,2024-08-03,札幌,12,3歳以上1勝クラス,ダ,1700,右,曇,良,"1回 札幌 5日目 サラ系３歳以上 １勝クラス       [指] 定量 14頭 本賞金:800,320,200,120,80万円",14,800.0,7,1,1,チョッピー,牝,5,56.0,菱田,106.6,1.1/2,14,143.9,37.4,14-13-11-10,栗東 北出,468,-2,
202401010512,2024-08-03,札幌,12,3歳以上1勝クラス,ダ,1700,右,曇,良,"1回 札幌 5日目 サラ系３歳以上 １勝クラス       [指] 定量 14頭 本賞金:800,320,200,120,80万円",14,800.0,8,6,10,ウッドショック,牡,5,55.0,▲長浜,106.7,3/4,12,86.7,37.1,13-13-13-13,美浦 杉浦,512,0,
202401010512,2024-08-03,札幌,12,3歳以上1勝クラス,ダ,1700,右,曇,良,"1回 札幌 5日目 サラ系３歳以上 １勝クラス       [指] 定量 14頭 本賞金:800,320,200,120,80万円",14,800.0,9,7,12,スペイドアン,牡,3,55.0,丹内,107.1,2,6,14.7,39.2,4-4-4-7,美浦 加藤士,486,-2,
202401010512,2024-08-03,札幌,12,3歳以上1勝クラス,ダ,1700,右,曇,良,"1回 札幌 5日目 サラ系３歳以上 １勝クラス       [指] 定量 14頭 本賞金:800,320,200,120,80万円",14,800.0,10,7,11,ドンアレス,牡,3,52.0,▲高杉,107.4,1.3/4,5,14.3,38.6,8-9-9-9,栗東 牧浦,472,-8,
202401010512,2024-08-03,札幌,12,3歳以上1勝クラス,ダ,1700,右,曇,良,"1回 札幌 5日目 サラ系３歳以上 １勝クラス       [指] 定量 14頭 本賞金:800,320,200,120,80万円",14,800.0,11,2,2,フェスティヴビーム,牡,4,55.0,▲川端,107.4,ハナ,13,99.2,38.7,10-10-9-10,美浦 畠山,462,2,
202401010512,2024-08-03,札幌,12,3歳以上1勝クラス,ダ,1700,右,曇,良,"1回 札幌 5日目 サラ系３歳以上 １勝クラス       [指] 定量 14頭 本賞金:800,320,200,120,80万円",14,800.0,12,3,4,ナイトスピアー,牡,4,58.0,横山武,107.8,2.1/2,10,44.7,39.5,7-6-8-8,美浦 小野,494,22,
202401010512,2024-08-03,札幌,12,3歳以上1勝クラス,ダ,1700,右,曇,良,"1回 札幌 5日目 サラ系３歳以上 １勝クラス       [指] 定量 14頭 本賞金:800,320,200,120,80万円",14,800.0,13,5,8,ジェンマ,牡,3,55.0,黛,107.8,クビ,11,47.1,38.7,12-11-11-12,美浦 尾形,476,4,
202401010512,2024-08-03,札幌,12,3歳以上1勝クラス,ダ,1700,右,曇,良,"1回 札幌 5日目 サラ系３歳以上 １勝クラス       [指] 定量 14頭 本賞金:800,320,200,120,80万円",14,800.0,14,8,14,トニトゥルス,牡,4,58.0,永野,108.0,1,8,25.8,38.4,10-11-13-14,美浦 新開,482,0,
202404020301,2024-08-03,新潟,1,2歳未勝利,芝,1200,左,晴,良,"2回 新潟 3日目 サラ系２歳 未勝利       [指] 馬齢 9頭 本賞金:550,220,140,83,55万円",9,550.0,1,4,4,セルヴァンス,牡,2,55.0,坂井,68.8,,1,2.0,34.7,1-1,栗東 小椋,422,-2,
202404020301,2024-08-03,新潟,1,2歳未勝利,芝,1200,左,晴,良,"2回 新潟 3日目 サラ系２歳 未勝利       [指] 馬齢 9頭 本賞金:550,220,140,83,55万円",9,550.0,2,8,8,オニマル,牡,2,55.0,幸,69.0,3/4,2,2.5,34.7,2-2,栗東 西園正,492,-2,
202404020301,2024-08-03,新潟,1,2歳未勝利,芝,1200,左,晴,良,"2回 新潟 3日目 サラ系２歳 未勝利       [指] 馬齢 9頭 本賞金:550,220,140,83,55万円",9,550.0,3,1,1,ルチアーナ,牝,2,55.0,戸崎圭,69.1,1,3,3.8,34.6,5-6,美浦 小笠,428,-10,
202404020301,2024-08-03,新潟,1,2歳未勝利,芝,1200,左,晴,良,"2回 新潟 3日目 サラ系２歳 未勝利       [指] 馬齢 9頭 本賞金:550,220,140,83,55万円",9,550.0,4,6,6,カーティブヨーク,牝,2,55.0,菊沢,69.5,2,5,30.2,35.0,5-3,美浦 武市,420,-2,
202404020301,2024-08-03,新潟,1,2歳未勝利,芝,1200,左,晴,良,"2回 新潟 3日目 サラ系２歳 未勝利       [指] 馬齢 9頭 本賞金:550,220,140,83,55万円",9,550.0,5,3,3,フェニーチェドーロ,牝,2,55.0,和田竜,69.5,クビ,4,26.4,34.8,7-7,栗東 宮本,446,-14,
202404020301,2024-08-03,新潟,1,2歳未勝利,芝,1200,左,晴,良,"2回 新潟 3日目 サラ系２歳 未勝利       [指] 馬齢 9頭 本賞金:550,220,140,83,55万円",9,550.0,6,2,2,アニーブレイク,牝,2,51.0,★大江比,70.5,6,7,113.3,36.2,2-3,美浦 田島,436,-4,
202404020301,2024-08-03,新潟,1,2歳未勝利,芝,1200,左,晴,良,"2回 新潟 3日目 サラ系２歳 未勝利       [指] 馬齢 9頭 本賞金:550,220,140,83,55万円",9,550.0,7,5,5,アブラカタブラ,牡,2,55.0,岩部,70.6,クビ,8,148.5,35.6,8-8,美浦 武市,460,2,
202404020301,2024-08-03,新潟,1,2歳未勝利,芝,1200,左,晴,良,"2回 新潟 3日目 サラ系２歳 未勝利       [指] 馬齢 9頭 本賞金:550,220,140,83,55万円",9,550.0,8,8,9,ムゾラシカ,牝,2,55.0,野中,70.7,3/4,9,153.4,35.3,9-9,美浦 根本,448,-2,
202404020301,2024-08-03,新潟,1,2歳未勝利,芝,1200,左,晴,良,"2回 新潟 3日目 サラ系２歳 未勝利       [指] 馬齢 9頭 本賞金:550,220,140,83,55万円",9,550.0,9,7,7,シルバーサクラコ,牝,2,51.0,★河原田,71.1,2,6,32.8,36.8,2-3,栗東 鈴木孝,408,2,
202404020302,2024-08-03,新潟,2,2歳未勝利,芝,1600,左,曇,良,"2回 新潟 3日目 サラ系２歳 未勝利       (混)[指] 馬齢 7頭 本賞金:550,220,140,83,55万円",7,550.0,1,4,4,アルレッキーノ,牡,2,55.0,ルメー,93.3,,1,1.1,33.7,1-1,美浦 国枝,462,2,
202404020302,2024-08-03,新潟,2,2歳未勝利,芝,1600,左,曇,良,"2回 新潟 3日目 サラ系２歳 未勝利       (混)[指] 馬齢 7頭 本賞金:550,220,140,83,55万円",7,550.0,2,7,7,ツインピークス,牝,2,55.0,江田照,94.5,7,5,60.7,34.5,6-4,美浦 高木,462,10,
202404020302,2024-08-03,新潟,2,2歳未勝利,芝,1600,左,曇,良,"2回 新潟 3日目 サラ系２歳 未勝利       (混)[指] 馬齢 7頭 本賞金:550,220,140,83,55万円",7,550.0,3,6,6,ミラーダカリエンテ,牝,2,55.0,石川,94.6,3/4,3,21.3,34.8,2-2,美浦 相沢,476,-2,
202404020302,2024-08-03,新潟,2,2歳未勝利,芝,1600,左,曇,良,"2回 新潟 3日目 サラ系２歳 未勝利       (混)[指] 馬齢 7頭 本賞金:550,220,140,83,55万円",7,550.0,4,3,3,ルジャーダ,牝,2,55.0,坂井,94.6,クビ,2,9.3,34.7,3-3,栗東 河内,484,2,
202404020302,2024-08-03,新潟,2,2歳未勝利,芝,1600,左,曇,良,"2回 新潟 3日目 サラ系２歳 未勝利       (混)[指] 馬齢 7頭 本賞金:550,220,140,83,55万円",7,550.0,5,2,2,コスモコロネット,牝,2,54.0,☆原,95.1,3,4,28.8,34.9,5-4,美浦 加藤士,398,-4,
202404020302,2024-08-03,新潟,2,2歳未勝利,芝,1600,左,曇,良,"2回 新潟 3日目 サラ系２歳 未勝利       (混)[指] 馬齢 7頭 本賞金:550,220,140,83,55万円",7,550.0,6,1,1,リネンフラッシュ,牡,2,55.0,柴田大,95.3,1,7,270.4,34.8,6-7,美浦 粕谷,456,2,
202404020302,2024-08-03,新潟,2,2歳未勝利,芝,1600,左,曇,良,"2回 新潟 3日目 サラ系２歳 未勝利       (混)[指] 馬齢 7頭 本賞金:550,220,140,83,55万円",7,550.0,7,5,5,フクシマジンロッソ,牡,2,55.0,杉原,95.9,4,6,207.2,35.7,3-4,美浦 石毛,430,-2,
202404020303,2024-08-03,新潟,3,2歳新馬,ダ,1800,左,晴,良,"2回 新潟 3日目 サラ系２歳 新馬       (混)[指] 馬齢 15頭 本賞金:720,290,180,110,72万円",15,720.0,1,6,10,シンビリーブ,牡,2,55.0,松山,114.7,,2,2.8,39.3,3-2-2-2,栗東 森秀,508,0,
202404020303,2024-08-03,新潟,3,2歳新馬,ダ,1800,左,晴,良,"2回 新潟 3日目 サラ系２歳 新馬       (混)[指] 馬齢 15頭 本賞金:720,290,180,110,72万円",15,720.0,2,4,6,ダカラフェスティヴ,牝,2,53.0,△小林脩,115.6,5,15,260.2,39.5,9-7-5-4,美浦 奥平,434,0,
202404020303,2024-08-03,新潟,3,2歳新馬,ダ,1800,左,晴,良,"2回 新潟 3日目 サラ系２歳 新馬       (混)[指] 馬齢 15頭 本賞金:720,290,180,110,72万円",15,720.0,3,7,12,クラリネットソナタ,牝,2,55.0,川田,116.0,2.1/2,1,2.8,40.5,7-5-3-3,美浦 田中博,478,0,
202404020303,2024-08-03,新潟,3,2歳新馬,ダ,1800,左,晴,良,"2回 新潟 3日目 サラ系２歳 新馬       (混)[指] 馬齢 15頭 本賞金:720,290,180,110,72万円",15,720.0,4,8,15,チムニートップス,牡,2,55.0,坂井,116.2,1.1/4,4,11.0,39.9,8-7-7-6,栗東 杉山晴,484,0,
202404020303,2024-08-03,新潟,3,2歳新馬,ダ,1800,左,晴,良,"2回 新潟 3日目 サラ系２歳 新馬       (混)[指] 馬齢 15頭 本賞金:720,290,180,110,72万円",15,720.0,5,2,2,レイナデアルシーラ,牝,2,55.0,戸崎圭,116.5,1.1/2,3,4.9,40.7,9-7-4-5,栗東 西園正,494,0,
202404020303,2024-08-03,新潟,3,2歳新馬,ダ,1800,左,晴,良,"2回 新潟 3日目 サラ系２歳 新馬       (混)[指] 馬齢 15頭 本賞金:720,290,180,110,72万円",15,720.0,6,3,5,アサクサグレース,牝,2,55.0,Ｍデム,117.5,6,10,44.9,40.9,9-10-10-9,美浦 戸田,460,0,
202404020303,2024-08-03,新潟,3,2歳新馬,ダ,1800,左,晴,良,"2回 新潟 3日目 サラ系２歳 新馬       (混)[指] 馬齢 15頭 本賞金:720,290,180,110,72万円",15,720.0,7,3,4,ムーンストラック,牝,2,55.0,江田照,117.7,1.1/2,14,200.5,41.3,12-10-8-6,美浦 武市,424,0,
202404020303,2024-08-03,新潟,3,2歳新馬,ダ,1800,左,晴,良,"2回 新潟 3日目 サラ系２歳 新馬       (混)[指] 馬齢 15頭 本賞金:720,290,180,110,72万円",15,720.0,8,6,11,キタノラブミー,牝,2,55.0,松岡,118.1,2.1/2,12,155.1,41.0,14-14-12-11,美浦 萱野,502,0,
202404020303,2024-08-03,新潟,3,2歳新馬,ダ,1800,左,晴,良,"2回 新潟 3日目 サラ系２歳 新馬       (混)[指] 馬齢 15頭 本賞金:720,290,180,110,72万円",15,720.0,9,2,3,マカニ,牝,2,55.0,石橋脩,118.2,1/2,5,13.2,43.3,1-1-1-1,美浦 尾形,470,0,
202404020303,2024-08-03,新潟,3,2歳新馬,ダ,1800,左,晴,良,"2回 新潟 3日目 サラ系２歳 新馬       (混)[指] 馬齢 15頭 本賞金:720,290,180,110,72万円",15,720.0,10,5,8,エッグハント,牡,2,53.0,◇永島,119.1,5,6,23.5,42.3,13-13-11-11,栗東 小林,488,0,
202404020303,2024-08-03,新潟,3,2歳新馬,ダ,1800,左,晴,良,"2回 新潟 3日目 サラ系２歳 新馬       (混)[指] 馬齢 15頭 本賞金:720,290,180,110,72万円",15,720.0,11,4,7,レーンアジリティ,牡,2,55.0,和田竜,120.1,6,8,33.9,43.0,5-10-12-13,栗東 中尾,458,0,
202404020303,2024-08-03,新潟,3,2歳新馬,ダ,1800,左,晴,良,"2回 新潟 3日目 サラ系２歳 新馬       (混)[指] 馬齢 15頭 本賞金:720,290,180,110,72万円",15,720.0,12,5,9,ビリーヴアンドラン,牡,2,55.0,内田博,120.4,1.3/4,13,167.7,42.3,15-15-14-14,美浦 蛯名利,476,0,
202404020303,2024-08-03,新潟,3,2歳新馬,ダ,1800,左,晴,良,"2回 新潟 3日目 サラ系２歳 新馬       (混)[指] 馬齢 15頭 本賞金:720,290,180,110,72万円",15,720.0,13,7,13,オーウェンズバレー,牡,2,54.0,☆秋山稔,120.4,ハナ,7,32.0,44.0,2-2-8-10,栗東 宮,488,0,
202404020303,2024-08-03,新潟,3,2歳新馬,ダ,1800,左,晴,良,"2回 新潟 3日目 サラ系２歳 新馬       (混)[指] 馬齢 15頭 本賞金:720,290,180,110,72万円",15,720.0,14,8,14,ベイビーキッス,牝,2,55.0,菊沢,122.9,大,9,40.7,46.9,3-4-5-6,美浦 青木,432,0,
202404020303,2024-08-03,新潟,3,2歳新馬,ダ,1800,左,晴,良,"2回 新潟 3日目 サラ系２歳 新馬       (混)[指] 馬齢 15頭 本賞金:720,290,180,110,72万円",15,720.0,15,1,1,クリノノヴァエ,牡,2,54.0,☆小沢,127.1,大,11,139.6,48.4,5-5-15-15,栗東 川村,492,0,
202404020304,2024-08-03,新潟,4,2歳新馬,芝,1600,左,晴,良,"2回 新潟 3日目 サラ系２歳 新馬       (混)[指] 馬齢 11頭 本賞金:720,290,180,110,72万円",11,720.0,1,6,7,シンフォーエバー,牡,2,55.0,戸崎圭,95.9,,3,5.2,33.3,1-1,栗東 森秀,494,0,
202404020304,2024-08-03,新潟,4,2歳新馬,芝,1600,左,晴,良,"2回 新潟 3日目 サラ系２歳 新馬       (混)[指] 馬齢 11頭 本賞金:720,290,180,110,72万円",11,720.0,2,2,2,カネラフィーナ,牝,2,55.0,ルメー,96.3,2.1/2,1,2.2,33.1,5-5,美浦 手塚,458,0,
202404020304,2024-08-03,新潟,4,2歳新馬,芝,1600,左,晴,良,"2回 新潟 3日目 サラ系２歳 新馬       (混)[指] 馬齢 11頭 本賞金:720,290,180,110,72万円",11,720.0,3,7,8,ダブルシルバー,牡,2,55.0,松山,96.9,3.1/2,6,18.9,33.9,2-2,栗東 小椋,466,0,
202404020304,2024-08-03,新潟,4,2歳新馬,芝,1600,左,晴,良,"2回 新潟 3日目 サラ系２歳 新馬       (混)[指] 馬齢 11頭 本賞金:720,290,180,110,72万円",11,720.0,4,6,6,スナークピカソ,牡,2,54.0,☆小沢,97.0,3/4,7,65.3,33.6,7-8,栗東 川村,452,0,
202404020304,2024-08-03,新潟,4,2歳新馬,芝,1600,左,晴,良,"2回 新潟 3日目 サラ系２歳 新馬       (混)[指] 馬齢 11頭 本賞金:720,290,180,110,72万円",11,720.0,5,7,9,リュキア,牡,2,55.0,木幡巧,97.1,1/2,9,153.8,33.8,5-6,美浦 牧,454,0,
202404020304,2024-08-03,新潟,4,2歳新馬,芝,1600,左,晴,良,"2回 新潟 3日目 サラ系２歳 新馬       (混)[指] 馬齢 11頭 本賞金:720,290,180,110,72万円",11,720.0,6,5,5,クランドゥイユ,牝,2,55.0,坂井,97.2,クビ,4,7.4,33.6,9-9,栗東 矢作,460,0,
202404020304,2024-08-03,新潟,4,2歳新馬,芝,1600,左,晴,良,"2回 新潟 3日目 サラ系２歳 新馬       (混)[指] 馬齢 11頭 本賞金:720,290,180,110,72万円",11,720.0,7,3,3,ヴィータレヴィス,牡,2,55.0,団野,97.2,ハナ,5,16.9,33.7,7-6,栗東 池添,492,0,
202404020304,2024-08-03,新潟,4,2歳新馬,芝,1600,左,晴,良,"2回 新潟 3日目 サラ系２歳 新馬       (混)[指] 馬齢 11頭 本賞金:720,290,180,110,72万円",11,720.0,8,4,4,スカイテーラー,牝,2,55.0,和田竜,97.2,クビ,8,90.3,33.5,9-9,栗東 河内,450,0,
202404020304,2024-08-03,新潟,4,2歳新馬,芝,1600,左,晴,良,"2回 新潟 3日目 サラ系２歳 新馬       (混)[指] 馬齢 11頭 本賞金:720,290,180,110,72万円",11,720.0,9,8,10,シルバーレイク,牝,2,55.0,川田,97.9,4,2,3.0,34.8,3-3,栗東 中内田,442,0,
202404020304,2024-08-03,新潟,4,2歳新馬,芝,1600,左,晴,良,"2回 新潟 3日目 サラ系２歳 新馬       (混)[指] 馬齢 11頭 本賞金:720,290,180,110,72万円",11,720.0,10,8,11,ウラチャチャ,牡,2,55.0,松岡,98.9,6,10,158.6,35.1,11-11,美浦 小野,446,0,
202404020304,2024-08-03,新潟,4,2歳新馬,芝,1600,左,晴,良,"2回 新潟 3日目 サラ系２歳 新馬       (混)[指] 馬齢 11頭 本賞金:720,290,180,110,72万円",11,720.0,11,1,1,ライブリブランコ,牡,2,52.0,▲石田,104.5,大,11,236.2,41.1,3-3,美浦 尾形,486,0,
202404020305,2024-08-03,新潟,5,3歳未勝利,芝,2000,左,晴,良,"2回 新潟 3日目 サラ系３歳 未勝利       (混)[指] 馬齢 18頭 本賞金:550,220,140,83,55万円",18,550.0,1,1,1,サダムオプシス,牡,3,57.0,藤懸,119.8,,13,103.6,35.4,6-6-3-5,栗東 平田,478,-2,
202404020305,2024-08-03,新潟,5,3歳未勝利,芝,2000,左,晴,良,"2回 新潟 3日目 サラ系３歳 未勝利       (混)[指] 馬齢 18頭 本賞金:550,220,140,83,55万円",18,550.0,2,7,14,ブラックルチル,牡,3,54.0,▲吉村,119.9,クビ,7,22.4,35.3,5-5-5-5,栗東 池江,484,2,
202404020305,2024-08-03,新潟,5,3歳未勝利,芝,2000,左,晴,良,"2回 新潟 3日目 サラ系３歳 未勝利       (混)[指] 馬齢 18頭 本賞金:550,220,140,83,55万円",18,550.0,3,3,5,ロストシークレット,牡,3,57.0,川田,119.9,クビ,1,2.2,35.2,6-7-7-2,栗東 中内田,456,4,
202404020305,2024-08-03,新潟,5,3歳未勝利,芝,2000,左,晴,良,"2回 新潟 3日目 サラ系３歳 未勝利       (混)[指] 馬齢 18頭 本賞金:550,220,140,83,55万円",18,550.0,4,4,7,エコテーラー,牝,3,55.0,和田竜,119.9,アタマ,4,6.4,35.5,3-2-3-2,栗東 石橋,480,-18,
202404020305,2024-08-03,新潟,5,3歳未勝利,芝,2000,左,晴,良,"2回 新潟 3日目 サラ系３歳 未勝利       (混)[指] 馬齢 18頭 本賞金:550,220,140,83,55万円",18,550.0,5,1,2,メイショウカイコン,牡,3,54.0,▲鷲頭,120.1,1.1/4,10,70.3,35.2,10-10-9-8,栗東 千田,506,0,
202404020305,2024-08-03,新潟,5,3歳未勝利,芝,2000,左,晴,良,"2回 新潟 3日目 サラ系３歳 未勝利       (混)[指] 馬齢 18頭 本賞金:550,220,140,83,55万円",18,550.0,6,5,9,ホウオウセイメイ,セ,3,55.0,◇永島,120.5,2.1/2,8,39.0,35.9,4-4-5-5,栗東 音無,482,-6,
202404020305,2024-08-03,新潟,5,3歳未勝利,芝,2000,左,晴,良,"2回 新潟 3日目 サラ系３歳 未勝利       (混)[指] 馬齢 18頭 本賞金:550,220,140,83,55万円",18,550.0,7,2,3,アリストロシュ,牝,3,52.0,▲柴田裕,120.6,クビ,17,479.4,35.3,12-12-13-12,栗東 佐々木,430,-6,
202404020305,2024-08-03,新潟,5,3歳未勝利,芝,2000,左,晴,良,"2回 新潟 3日目 サラ系３歳 未勝利       (混)[指] 馬齢 18頭 本賞金:550,220,140,83,55万円",18,550.0,8,2,4,エンピリカルルール,牝,3,54.0,☆西塚,120.7,3/4,16,362.4,35.9,8-7-7-8,美浦 深山,434,-4,
202404020305,2024-08-03,新潟,5,3歳未勝利,芝,2000,左,晴,良,"2回 新潟 3日目 サラ系３歳 未勝利       (混)[指] 馬齢 18頭 本賞金:550,220,140,83,55万円",18,550.0,9,3,6,ウインリベラーレ,牡,3,57.0,Ｍデム,120.9,1,9,43.8,35.7,13-13-11-12,栗東 宮,444,-6,
202404020305,2024-08-03,新潟,5,3歳未勝利,芝,2000,左,晴,良,"2回 新潟 3日目 サラ系３歳 未勝利       (混)[指] 馬齢 18頭 本賞金:550,220,140,83,55万円",18,550.0,10,7,15,アオイラン,牝,3,55.0,三浦,121.0,1/2,5,10.8,36.1,8-9-9-8,美浦 古賀,458,-2,
202404020305,2024-08-03,新潟,5,3歳未勝利,芝,2000,左,晴,良,"2回 新潟 3日目 サラ系３歳 未勝利       (混)[指] 馬齢 18頭 本賞金:550,220,140,83,55万円",18,550.0,11,4,8,ヤマニンアルリフラ,牡,3,57.0,幸,121.4,2.1/2,2,5.5,37.3,1-1-1-2,栗東 斉藤崇,478,6,
202404020305,2024-08-03,新潟,5,3歳未勝利,芝,2000,左,晴,良,"2回 新潟 3日目 サラ系３歳 未勝利       (混)[指] 馬齢 18頭 本賞金:550,220,140,83,55万円",18,550.0,12,8,16,レギウス,牡,3,54.0,▲石神道,121.5,クビ,14,178.7,35.7,15-15-16-15,美浦 森一,454,-2,
202404020305,2024-08-03,新潟,5,3歳未勝利,芝,2000,左,晴,良,"2回 新潟 3日目 サラ系３歳 未勝利       (混)[指] 馬齢 18頭 本賞金:550,220,140,83,55万円",18,550.0,13,6,12,グランセイント,牡,3,57.0,ルメー,121.6,1/2,3,5.5,36.1,14-14-14-14,栗東 千田,520,6,
202404020305,2024-08-03,新潟,5,3歳未勝利,芝,2000,左,晴,良,"2回 新潟 3日目 サラ系３歳 未勝利       (混)[指] 馬齢 18頭 本賞金:550,220,140,83,55万円",18,550.0,14,8,18,レッドハルバード,セ,3,56.0,☆原,121.6,クビ,15,309.7,36.5,17-17-11-11,美浦 尾関,450,-10,
202404020305,2024-08-03,新潟,5,3歳未勝利,芝,2000,左,晴,良,"2回 新潟 3日目 サラ系３歳 未勝利       (混)[指] 馬齢 18頭 本賞金:550,220,140,83,55万円",18,550.0,15,5,10,ヴォードノエル,牝,3,55.0,江田照,122.0,2.1/2,6,19.2,37.8,2-2-2-1,美浦 村田,448,4,
202404020305,2024-08-03,新潟,5,3歳未勝利,芝,2000,左,晴,良,"2回 新潟 3日目 サラ系３歳 未勝利       (混)[指] 馬齢 18頭 本賞金:550,220,140,83,55万円",18,550.0,16,8,17,ミラクルアース,牡,3,57.0,戸崎圭,123.7,10,11,81.0,37.2,18-18-18-17,美浦 蛯名正,460,0,
202404020305,2024-08-03,新潟,5,3歳未勝利,芝,2000,左,晴,良,"2回 新潟 3日目 サラ系３歳 未勝利       (混)[指] 馬齢 18頭 本賞金:550,220,140,83,55万円",18,550.0,17,7,13,カシノエタンセル,牡,3,54.0,▲土田,124.0,2,18,662.7,38.5,10-11-14-15,美浦 和田雄,448,4,
202404020305,2024-08-03,新潟,5,3歳未勝利,芝,2000,左,晴,良,"2回 新潟 3日目 サラ系３歳 未勝利       (混)[指] 馬齢 18頭 本賞金:550,220,140,83,55万円",18,550.0,18,6,11,フランブルー,牡,3,57.0,団野,126.7,大,12,95.4,40.4,15-15-17-18,栗東 斉藤崇,516,0,
202404020306,2024-08-03,新潟,6,柳都S,ダ,1800,左,晴,良,"2回 新潟 3日目 サラ系３歳以上 ３勝クラス       (混)[指] ハンデ 15頭 本賞金:1840,740,460,280,184万円",15,1840.0,1,5,9,ゴールドバランサー,牡,4,57.0,田辺,111.9,,1,3.3,37.8,3-4-3-3,美浦 鈴木慎,464,8,
202404020306,2024-08-03,新潟,6,柳都S,ダ,1800,左,晴,良,"2回 新潟 3日目 サラ系３歳以上 ３勝クラス       (混)[指] ハンデ 15頭 本賞金:1840,740,460,280,184万円",15,1840.0,2,7,12,フタイテンロック,牡,5,52.0,木幡巧,112.0,1/2,15,170.8,37.7,6-6-6-6,美浦 佐藤吉,480,-4,
202404020306,2024-08-03,新潟,6,柳都S,ダ,1800,左,晴,良,"2回 新潟 3日目 サラ系３歳以上 ３勝クラス       (混)[指] ハンデ 15頭 本賞金:1840,740,460,280,184万円",15,1840.0,3,2,2,コルドンルージュ,牝,5,54.0,幸,112.2,1,3,7.0,38.4,1-1-1-1,栗東 斉藤崇,526,12,
202404020306,2024-08-03,新潟,6,柳都S,ダ,1800,左,晴,良,"2回 新潟 3日目 サラ系３歳以上 ３勝クラス       (混)[指] ハンデ 15頭 本賞金:1840,740,460,280,184万円",15,1840.0,4,6,11,セブンスレター,セ,5,53.0,吉田豊,112.2,クビ,12,91.2,37.6,10-10-9-8,美浦 高橋文,478,-10,
202404020306,2024-08-03,新潟,6,柳都S,ダ,1800,左,晴,良,"2回 新潟 3日目 サラ系３歳以上 ３勝クラス       (混)[指] ハンデ 15頭 本賞金:1840,740,460,280,184万円",15,1840.0,5,6,10,プリモスペランツァ,牡,5,55.0,柴田裕,112.3,1/2,11,49.1,37.7,8-7-9-10,栗東 中竹,500,0,
202404020306,2024-08-03,新潟,6,柳都S,ダ,1800,左,晴,良,"2回 新潟 3日目 サラ系３歳以上 ３勝クラス       (混)[指] ハンデ 15頭 本賞金:1840,740,460,280,184万円",15,1840.0,6,3,5,フルオール,牡,5,55.0,団野,112.4,1/2,9,25.9,38.0,8-7-6-6,美浦 斎藤誠,470,2,
202404020306,2024-08-03,新潟,6,柳都S,ダ,1800,左,晴,良,"2回 新潟 3日目 サラ系３歳以上 ３勝クラス       (混)[指] ハンデ 15頭 本賞金:1840,740,460,280,184万円",15,1840.0,7,3,4,ハッスルダンク,牡,4,55.0,杉原,112.4,クビ,7,13.5,37.3,13-14-14-14,美浦 中川,446,2,
202404020306,2024-08-03,新潟,6,柳都S,ダ,1800,左,晴,良,"2回 新潟 3日目 サラ系３歳以上 ３勝クラス       (混)[指] ハンデ 15頭 本賞金:1840,740,460,280,184万円",15,1840.0,8,4,7,オレデイイノカ,牡,6,54.0,内田博,112.6,1,13,127.3,38.2,7-7-6-8,美浦 古賀,500,-2,
202404020306,2024-08-03,新潟,6,柳都S,ダ,1800,左,晴,良,"2回 新潟 3日目 サラ系３歳以上 ３勝クラス       (混)[指] ハンデ 15頭 本賞金:1840,740,460,280,184万円",15,1840.0,9,8,15,ビシャモンテン,牡,6,53.0,原,112.7,1/2,14,142.9,37.8,13-12-13-12,美浦 矢嶋,506,-4,
202404020306,2024-08-03,新潟,6,柳都S,ダ,1800,左,晴,良,"2回 新潟 3日目 サラ系３歳以上 ３勝クラス       (混)[指] ハンデ 15頭 本賞金:1840,740,460,280,184万円",15,1840.0,10,2,3,アオイイーグル,牡,4,56.0,西塚,112.8,1/2,6,13.2,38.0,11-12-11-10,栗東 大久保,492,4,
202404020306,2024-08-03,新潟,6,柳都S,ダ,1800,左,晴,良,"2回 新潟 3日目 サラ系３歳以上 ３勝クラス       (混)[指] ハンデ 15頭 本賞金:1840,740,460,280,184万円",15,1840.0,11,8,14,キタサンドーシン,牡,5,55.0,和田竜,112.8,アタマ,4,11.1,38.9,2-2-2-2,美浦 奥村武,476,-4,
202404020306,2024-08-03,新潟,6,柳都S,ダ,1800,左,晴,良,"2回 新潟 3日目 サラ系３歳以上 ３勝クラス       (混)[指] ハンデ 15頭 本賞金:1840,740,460,280,184万円",15,1840.0,12,7,13,リチャ,牡,4,57.0,戸崎圭,113.1,1.3/4,2,3.3,39.0,3-3-3-4,美浦 田中博,488,-2,
202404020306,2024-08-03,新潟,6,柳都S,ダ,1800,左,晴,良,"2回 新潟 3日目 サラ系３歳以上 ３勝クラス       (混)[指] ハンデ 15頭 本賞金:1840,740,460,280,184万円",15,1840.0,13,4,6,スノーグレース,牝,5,54.0,武藤,113.7,3.1/2,8,15.9,38.9,11-11-11-12,美浦 中舘,486,-6,
202404020306,2024-08-03,新潟,6,柳都S,ダ,1800,左,晴,良,"2回 新潟 3日目 サラ系３歳以上 ３勝クラス       (混)[指] ハンデ 15頭 本賞金:1840,740,460,280,184万円",15,1840.0,14,1,1,レプンカムイ,牡,6,55.0,三浦,113.7,アタマ,10,27.7,38.1,15-15-15-15,栗東 橋口,476,0,
202404020306,2024-08-03,新潟,6,柳都S,ダ,1800,左,晴,良,"2回 新潟 3日目 サラ系３歳以上 ３勝クラス       (混)[指] ハンデ 15頭 本賞金:1840,740,460,280,184万円",15,1840.0,15,5,8,ホウオウフウジン,牡,5,55.0,Ｍデム,114.0,1.1/2,5,12.0,39.9,3-4-3-4,美浦 稲垣,516,-4,
202404020307,2024-08-03,新潟,7,新潟日報賞,芝,1800,左,晴,良,"2回 新潟 3日目 サラ系３歳以上 ３勝クラス       (混)(特指) 定量 16頭 本賞金:1840,740,460,280,184万円",16,1840.0,1,2,3,シンティレーション,牝,5,56.0,和田竜,104.1,,11,35.4,33.3,6-6,美浦 池上,480,-4,
202404020307,2024-08-03,新潟,7,新潟日報賞,芝,1800,左,晴,良,"2回 新潟 3日目 サラ系３歳以上 ３勝クラス       (混)(特指) 定量 16頭 本賞金:1840,740,460,280,184万円",16,1840.0,2,5,10,トロヴァトーレ,牡,3,55.0,ルメー,104.2,クビ,1,2.0,32.9,11-11,美浦 鹿戸,480,-6,
202404020307,2024-08-03,新潟,7,新潟日報賞,芝,1800,左,晴,良,"2回 新潟 3日目 サラ系３歳以上 ３勝クラス       (混)(特指) 定量 16頭 本賞金:1840,740,460,280,184万円",16,1840.0,3,5,9,ロジシルバー,牝,4,56.0,野中,104.3,3/4,9,27.0,34.1,3-3,美浦 宮田,492,-2,
202404020307,2024-08-03,新潟,7,新潟日報賞,芝,1800,左,晴,良,"2回 新潟 3日目 サラ系３歳以上 ３勝クラス       (混)(特指) 定量 16頭 本賞金:1840,740,460,280,184万円",16,1840.0,4,6,12,ケイアイセナ,牡,5,58.0,坂井,104.4,3/4,4,10.1,33.8,4-4,栗東 平田,470,-8,
202404020307,2024-08-03,新潟,7,新潟日報賞,芝,1800,左,晴,良,"2回 新潟 3日目 サラ系３歳以上 ３勝クラス       (混)(特指) 定量 16頭 本賞金:1840,740,460,280,184万円",16,1840.0,5,3,6,トーセンリョウ,牡,5,58.0,川田,104.5,1/2,2,3.9,33.0,13-13,美浦 加藤征,466,4,
202404020307,2024-08-03,新潟,7,新潟日報賞,芝,1800,左,晴,良,"2回 新潟 3日目 サラ系３歳以上 ３勝クラス       (混)(特指) 定量 16頭 本賞金:1840,740,460,280,184万円",16,1840.0,6,2,4,カランドゥーラ,牡,6,58.0,小崎,104.5,ハナ,7,26.5,33.5,9-8,栗東 福永,486,-2,
202404020307,2024-08-03,新潟,7,新潟日報賞,芝,1800,左,晴,良,"2回 新潟 3日目 サラ系３歳以上 ３勝クラス       (混)(特指) 定量 16頭 本賞金:1840,740,460,280,184万円",16,1840.0,7,4,7,ウインエーデル,牝,4,56.0,団野,104.8,1.3/4,6,26.4,33.8,9-8,栗東 吉田,446,-4,
202404020307,2024-08-03,新潟,7,新潟日報賞,芝,1800,左,晴,良,"2回 新潟 3日目 サラ系３歳以上 ３勝クラス       (混)(特指) 定量 16頭 本賞金:1840,740,460,280,184万円",16,1840.0,8,3,5,ディオスバリエンテ,セ,6,58.0,松山,105.1,1.3/4,3,9.8,34.2,6-6,美浦 堀,474,-6,
202404020307,2024-08-03,新潟,7,新潟日報賞,芝,1800,左,晴,良,"2回 新潟 3日目 サラ系３歳以上 ３勝クラス       (混)(特指) 定量 16頭 本賞金:1840,740,460,280,184万円",16,1840.0,9,1,2,ビジュノワール,牝,5,56.0,杉原,105.3,1.1/4,10,28.2,34.5,5-5,美浦 中舘,460,-4,
202404020307,2024-08-03,新潟,7,新潟日報賞,芝,1800,左,晴,良,"2回 新潟 3日目 サラ系３歳以上 ３勝クラス       (混)(特指) 定量 16頭 本賞金:1840,740,460,280,184万円",16,1840.0,10,6,11,ペイシャフラワー,牝,4,56.0,小沢,105.4,クビ,15,229.3,36.1,1-1,栗東 高橋康,462,0,
202404020307,2024-08-03,新潟,7,新潟日報賞,芝,1800,左,晴,良,"2回 新潟 3日目 サラ系３歳以上 ３勝クラス       (混)(特指) 定量 16頭 本賞金:1840,740,460,280,184万円",16,1840.0,11,8,16,ギャラクシーナイト,牡,5,58.0,菊沢,105.4,ハナ,16,367.0,34.0,11-11,美浦 菊沢,508,-4,
202404020307,2024-08-03,新潟,7,新潟日報賞,芝,1800,左,晴,良,"2回 新潟 3日目 サラ系３歳以上 ３勝クラス       (混)(特指) 定量 16頭 本賞金:1840,740,460,280,184万円",16,1840.0,12,8,15,シホノスペランツァ,牡,5,58.0,三浦,105.5,1/2,12,67.2,35.6,2-2,栗東 寺島,478,-2,
202404020307,2024-08-03,新潟,7,新潟日報賞,芝,1800,左,晴,良,"2回 新潟 3日目 サラ系３歳以上 ３勝クラス       (混)(特指) 定量 16頭 本賞金:1840,740,460,280,184万円",16,1840.0,13,1,1,ウインスノーライト,牡,4,58.0,Ｍデム,105.7,1.1/2,5,16.7,34.4,13-13,栗東 杉山晴,498,8,
202404020307,2024-08-03,新潟,7,新潟日報賞,芝,1800,左,晴,良,"2回 新潟 3日目 サラ系３歳以上 ３勝クラス       (混)(特指) 定量 16頭 本賞金:1840,740,460,280,184万円",16,1840.0,14,7,14,マイネルニコラス,牡,5,58.0,柴田大,106.1,2.1/2,14,143.1,34.9,8-8,美浦 畠山,506,-2,
202404020307,2024-08-03,新潟,7,新潟日報賞,芝,1800,左,晴,良,"2回 新潟 3日目 サラ系３歳以上 ３勝クラス       (混)(特指) 定量 16頭 本賞金:1840,740,460,280,184万円",16,1840.0,15,4,8,モズロックンロール,牡,4,58.0,永島,106.6,3,13,113.3,34.9,13-13,栗東 藤岡,498,-14,
202404020307,2024-08-03,新潟,7,新潟日報賞,芝,1800,左,晴,良,"2回 新潟 3日目 サラ系３歳以上 ３勝クラス       (混)(特指) 定量 16頭 本賞金:1840,740,460,280,184万円",16,1840.0,16,7,13,ホウオウラスカーズ,牝,6,56.0,戸崎圭,106.7,アタマ,8,26.9,35.0,16-16,美浦 高木,456,2,
202404020308,2024-08-03,新潟,8,3歳以上1勝クラス,ダ,1200,左,晴,良,"2回 新潟 3日目 サラ系３歳以上 １勝クラス       (混)[指] 定量 15頭 本賞金:800,320,200,120,80万円",15,800.0,1,8,14,トーアアイギス,牝,3,54.0,江田照,72.7,,2,3.2,37.9,2-2,美浦 村田,486,16,
202404020308,2024-08-03,新潟,8,3歳以上1勝クラス,ダ,1200,左,晴,良,"2回 新潟 3日目 サラ系３歳以上 １勝クラス       (混)[指] 定量 15頭 本賞金:800,320,200,120,80万円",15,800.0,2,7,12,イーデンテソーロ,牡,4,58.0,松山,72.7,アタマ,10,53.4,36.6,14-13,美浦 畠山,476,-2,
202404020308,2024-08-03,新潟,8,3歳以上1勝クラス,ダ,1200,左,晴,良,"2回 新潟 3日目 サラ系３歳以上 １勝クラス       (混)[指] 定量 15頭 本賞金:800,320,200,120,80万円",15,800.0,3,2,2,マサレエトワール,牝,3,51.0,▲吉村,72.8,3/4,1,2.8,37.8,4-3,栗東 安田,488,4,
202404020308,2024-08-03,新潟,8,3歳以上1勝クラス,ダ,1200,左,晴,良,"2回 新潟 3日目 サラ系３歳以上 １勝クラス       (混)[指] 定量 15頭 本賞金:800,320,200,120,80万円",15,800.0,4,4,7,キョウエイディーズ,牝,5,55.0,☆西塚,72.9,3/4,15,155.7,37.2,11-10,美浦 千葉,454,4,
202404020308,2024-08-03,新潟,8,3歳以上1勝クラス,ダ,1200,左,晴,良,"2回 新潟 3日目 サラ系３歳以上 １勝クラス       (混)[指] 定量 15頭 本賞金:800,320,200,120,80万円",15,800.0,5,5,8,グローリーカフェ,牝,4,54.0,◇永島,73.0,クビ,5,11.9,36.7,15-15,美浦 中舘,450,4,
202404020308,2024-08-03,新潟,8,3歳以上1勝クラス,ダ,1200,左,晴,良,"2回 新潟 3日目 サラ系３歳以上 １勝クラス       (混)[指] 定量 15頭 本賞金:800,320,200,120,80万円",15,800.0,6,1,1,カルフ,牡,3,56.0,杉原,73.0,クビ,9,38.4,37.3,11-7,美浦 大和田,452,-12,
202404020308,2024-08-03,新潟,8,3歳以上1勝クラス,ダ,1200,左,晴,良,"2回 新潟 3日目 サラ系３歳以上 １勝クラス       (混)[指] 定量 15頭 本賞金:800,320,200,120,80万円",15,800.0,7,7,13,ランウインディ,牝,3,51.0,▲柴田裕,73.6,3.1/2,7,17.7,38.2,6-7,栗東 中尾,458,0,
202404020308,2024-08-03,新潟,8,3歳以上1勝クラス,ダ,1200,左,晴,良,"2回 新潟 3日目 サラ系３歳以上 １勝クラス       (混)[指] 定量 15頭 本賞金:800,320,200,120,80万円",15,800.0,8,6,11,テンドウ,牡,3,56.0,和田竜,73.8,1.1/2,3,6.6,38.8,4-3,栗東 杉山佳,466,-10,
202404020308,2024-08-03,新潟,8,3歳以上1勝クラス,ダ,1200,左,晴,良,"2回 新潟 3日目 サラ系３歳以上 １勝クラス       (混)[指] 定量 15頭 本賞金:800,320,200,120,80万円",15,800.0,9,4,6,ジェイエルバルカー,牡,4,58.0,木幡巧,73.8,クビ,8,32.4,39.2,1-1,美浦 小西,494,-16,
202404020308,2024-08-03,新潟,8,3歳以上1勝クラス,ダ,1200,左,晴,良,"2回 新潟 3日目 サラ系３歳以上 １勝クラス       (混)[指] 定量 15頭 本賞金:800,320,200,120,80万円",15,800.0,10,2,3,アナレクタ,牡,3,56.0,藤懸,74.4,3.1/2,11,94.7,39.0,6-6,栗東 千田,460,0,
202404020308,2024-08-03,新潟,8,3歳以上1勝クラス,ダ,1200,左,晴,良,"2回 新潟 3日目 サラ系３歳以上 １勝クラス       (混)[指] 定量 15頭 本賞金:800,320,200,120,80万円",15,800.0,11,5,9,クリノヴァニラ,牝,6,53.0,▲橋木,74.7,2,13,117.8,38.8,13-13,栗東 高橋康,494,-2,
202404020308,2024-08-03,新潟,8,3歳以上1勝クラス,ダ,1200,左,晴,良,"2回 新潟 3日目 サラ系３歳以上 １勝クラス       (混)[指] 定量 15頭 本賞金:800,320,200,120,80万円",15,800.0,12,3,5,カゲツ,牝,4,56.0,荻野極,75.1,2,12,100.2,39.6,9-10,栗東 高橋一,448,-8,
202404020308,2024-08-03,新潟,8,3歳以上1勝クラス,ダ,1200,左,晴,良,"2回 新潟 3日目 サラ系３歳以上 １勝クラス       (混)[指] 定量 15頭 本賞金:800,320,200,120,80万円",15,800.0,13,8,15,ハジメテノチュウ,牡,5,58.0,嶋田,75.1,ハナ,14,134.7,40.2,3-3,美浦 石毛,520,6,
202404020308,2024-08-03,新潟,8,3歳以上1勝クラス,ダ,1200,左,晴,良,"2回 新潟 3日目 サラ系３歳以上 １勝クラス       (混)[指] 定量 15頭 本賞金:800,320,200,120,80万円",15,800.0,14,6,10,シュシュトディエス,牝,3,53.0,☆小沢,77.0,大,6,15.4,41.5,9-10,栗東 清水久,446,-2,
202404020308,2024-08-03,新潟,8,3歳以上1勝クラス,ダ,1200,左,晴,良,"2回 新潟 3日目 サラ系３歳以上 １勝クラス       (混)[指] 定量 15頭 本賞金:800,320,200,120,80万円",15,800.0,15,3,4,パトジュニア,牡,3,56.0,戸崎圭,77.0,クビ,4,9.0,41.7,6-7,栗東 小崎,498,-2,
202404020309,2024-08-03,新潟,9,3歳未勝利,ダ,1800,左,晴,良,"2回 新潟 3日目 サラ系３歳 未勝利       (混)[指] 馬齢 15頭 本賞金:550,220,140,83,55万円",15,550.0,1,3,5,タガノディガー,牝,3,51.0,★河原田,114.4,,5,10.7,38.5,1-1-1-1,栗東 岡田,452,4,
202404020309,2024-08-03,新潟,9,3歳未勝利,ダ,1800,左,晴,良,"2回 新潟 3日目 サラ系３歳 未勝利       (混)[指] 馬齢 15頭 本賞金:550,220,140,83,55万円",15,550.0,2,2,2,イデアイゴッソウ,牡,3,57.0,木幡育,114.4,クビ,7,55.4,37.9,5-5-7-6,美浦 松永康,458,-4,
202404020309,2024-08-03,新潟,9,3歳未勝利,ダ,1800,左,晴,良,"2回 新潟 3日目 サラ系３歳 未勝利       (混)[指] 馬齢 15頭 本賞金:550,220,140,83,55万円",15,550.0,3,5,8,ケンジョー,牡,3,57.0,川田,114.7,1.3/4,2,4.8,38.3,5-5-5-4,栗東 中内田,476,6,
202404020309,2024-08-03,新潟,9,3歳未勝利,ダ,1800,左,晴,良,"2回 新潟 3日目 サラ系３歳 未勝利       (混)[指] 馬齢 15頭 本賞金:550,220,140,83,55万円",15,550.0,4,2,3,モズユイユイ,牡,3,57.0,ルメー,114.8,1/2,1,1.9,38.5,4-3-3-4,栗東 清水久,478,2,
202404020309,2024-08-03,新潟,9,3歳未勝利,ダ,1800,左,晴,良,"2回 新潟 3日目 サラ系３歳 未勝利       (混)[指] 馬齢 15頭 本賞金:550,220,140,83,55万円",15,550.0,5,7,13,ソングライター,牡,3,57.0,団野,114.9,1/2,4,7.3,38.7,3-3-3-2,栗東 野中,502,8,
202404020309,2024-08-03,新潟,9,3歳未勝利,ダ,1800,左,晴,良,"2回 新潟 3日目 サラ系３歳 未勝利       (混)[指] 馬齢 15頭 本賞金:550,220,140,83,55万円",15,550.0,6,4,7,アスクアメージモア,牡,3,57.0,松山,115.2,1.3/4,6,15.7,39.1,2-2-2-2,栗東 藤原,480,0,
202404020309,2024-08-03,新潟,9,3歳未勝利,ダ,1800,左,晴,良,"2回 新潟 3日目 サラ系３歳 未勝利       (混)[指] 馬齢 15頭 本賞金:550,220,140,83,55万円",15,550.0,7,1,1,マテンロウミラクル,牡,3,54.0,▲柴田裕,115.8,4,11,118.1,38.4,15-15-14-14,栗東 佐々木,504,0,
202404020309,2024-08-03,新潟,9,3歳未勝利,ダ,1800,左,晴,良,"2回 新潟 3日目 サラ系３歳 未勝利       (混)[指] 馬齢 15頭 本賞金:550,220,140,83,55万円",15,550.0,8,3,4,ユウトザイースト,牡,3,54.0,▲鷲頭,116.2,2,14,184.4,39.2,10-9-10-10,栗東 千田,522,-12,
202404020309,2024-08-03,新潟,9,3歳未勝利,ダ,1800,左,晴,良,"2回 新潟 3日目 サラ系３歳 未勝利       (混)[指] 馬齢 15頭 本賞金:550,220,140,83,55万円",15,550.0,9,8,15,クリティカルヒット,牡,3,57.0,坂井瑠,116.3,3/4,3,6.2,39.6,9-9-8-8,栗東 宮本,582,8,
202404020309,2024-08-03,新潟,9,3歳未勝利,ダ,1800,左,晴,良,"2回 新潟 3日目 サラ系３歳 未勝利       (混)[指] 馬齢 15頭 本賞金:550,220,140,83,55万円",15,550.0,10,5,9,ユウトザアシゲ,牡,3,57.0,国分優,116.7,2.1/2,15,205.2,39.4,12-12-14-12,栗東 藤沢,510,4,
202404020309,2024-08-03,新潟,9,3歳未勝利,ダ,1800,左,晴,良,"2回 新潟 3日目 サラ系３歳 未勝利       (混)[指] 馬齢 15頭 本賞金:550,220,140,83,55万円",15,550.0,11,8,14,トゥジュール,牡,3,54.0,▲石田,116.9,3/4,12,119.6,39.7,12-12-11-10,美浦 奥村武,454,0,
202404020309,2024-08-03,新潟,9,3歳未勝利,ダ,1800,左,晴,良,"2回 新潟 3日目 サラ系３歳 未勝利       (混)[指] 馬齢 15頭 本賞金:550,220,140,83,55万円",15,550.0,12,6,11,レオボヌール,牡,3,57.0,松岡,117.6,4,8,82.0,40.8,10-9-8-8,美浦 萱野,474,-2,
202404020309,2024-08-03,新潟,9,3歳未勝利,ダ,1800,左,晴,良,"2回 新潟 3日目 サラ系３歳 未勝利       (混)[指] 馬齢 15頭 本賞金:550,220,140,83,55万円",15,550.0,13,4,6,ヴァリアービレ,牝,3,54.0,☆原,117.9,2,10,111.9,41.5,8-7-5-6,美浦 池上,498,-4,
202404020309,2024-08-03,新潟,9,3歳未勝利,ダ,1800,左,晴,良,"2回 新潟 3日目 サラ系３歳 未勝利       (混)[指] 馬齢 15頭 本賞金:550,220,140,83,55万円",15,550.0,14,6,10,タマモルピナス,牝,3,55.0,菊沢,118.0,クビ,13,179.8,40.8,14-12-11-12,美浦 辻,462,-16,
202404020309,2024-08-03,新潟,9,3歳未勝利,ダ,1800,左,晴,良,"2回 新潟 3日目 サラ系３歳 未勝利       (混)[指] 馬齢 15頭 本賞金:550,220,140,83,55万円",15,550.0,15,7,12,シングマイブルース,セ,3,57.0,荻野極,120.1,大,9,84.2,42.9,5-7-11-15,栗東 中竹,480,0,
202404020310,2024-08-03,新潟,10,3歳未勝利,芝,1200,左,晴,良,"2回 新潟 3日目 サラ系３歳 未勝利       (混)[指] 馬齢 18頭 本賞金:550,220,140,83,55万円",18,550.0,1,3,6,ハッピーデービー,牝,3,51.0,★大江比,68.5,,11,55.0,35.1,1-1,美浦 鈴木伸,442,-4,
202404020310,2024-08-03,新潟,10,3歳未勝利,芝,1200,左,晴,良,"2回 新潟 3日目 サラ系３歳 未勝利       (混)[指] 馬齢 18頭 本賞金:550,220,140,83,55万円",18,550.0,2,4,7,レッドエヴァンス,牡,3,57.0,団野,68.6,1,2,3.7,34.2,11-10,栗東 音無,482,0,
202404020310,2024-08-03,新潟,10,3歳未勝利,芝,1200,左,晴,良,"2回 新潟 3日目 サラ系３歳 未勝利       (混)[指] 馬齢 18頭 本賞金:550,220,140,83,55万円",18,550.0,3,8,18,サーナーティオン,牡,3,57.0,ルメー,68.8,1,1,2.8,35.0,3-2,栗東 藤岡,494,-4,
202404020310,2024-08-03,新潟,10,3歳未勝利,芝,1200,左,晴,良,"2回 新潟 3日目 サラ系３歳 未勝利       (混)[指] 馬齢 18頭 本賞金:550,220,140,83,55万円",18,550.0,4,6,12,ルージュレイナス,牝,3,53.0,◇永島,69.0,1,3,6.3,34.2,16-17,栗東 橋口,476,8,
202404020310,2024-08-03,新潟,10,3歳未勝利,芝,1200,左,晴,良,"2回 新潟 3日目 サラ系３歳 未勝利       (混)[指] 馬齢 18頭 本賞金:550,220,140,83,55万円",18,550.0,5,7,14,ブライトルピナス,牝,3,52.0,▲吉村,69.0,ハナ,4,6.6,35.3,2-2,栗東 杉山晴,466,10,
202404020310,2024-08-03,新潟,10,3歳未勝利,芝,1200,左,晴,良,"2回 新潟 3日目 サラ系３歳 未勝利       (混)[指] 馬齢 18頭 本賞金:550,220,140,83,55万円",18,550.0,6,8,16,プエラリアチェコ,牝,3,55.0,丸田,69.1,1,12,57.9,34.1,18-17,美浦 宗像,388,-10,
202404020310,2024-08-03,新潟,10,3歳未勝利,芝,1200,左,晴,良,"2回 新潟 3日目 サラ系３歳 未勝利       (混)[指] 馬齢 18頭 本賞金:550,220,140,83,55万円",18,550.0,7,4,8,パサデナドリーム,牝,3,55.0,石橋脩,69.6,2.1/2,6,18.5,35.3,7-7,美浦 小野,482,-4,
202404020310,2024-08-03,新潟,10,3歳未勝利,芝,1200,左,晴,良,"2回 新潟 3日目 サラ系３歳 未勝利       (混)[指] 馬齢 18頭 本賞金:550,220,140,83,55万円",18,550.0,8,5,9,ノーブルウィスパー,牝,3,53.0,△小林脩,69.6,クビ,8,24.8,35.4,7-7,美浦 久保田,442,8,
202404020310,2024-08-03,新潟,10,3歳未勝利,芝,1200,左,晴,良,"2回 新潟 3日目 サラ系３歳 未勝利       (混)[指] 馬齢 18頭 本賞金:550,220,140,83,55万円",18,550.0,9,5,10,イェルマーク,牡,3,55.0,☆西塚,69.6,アタマ,5,12.7,35.6,5-5,美浦 尾関,486,4,
202404020310,2024-08-03,新潟,10,3歳未勝利,芝,1200,左,晴,良,"2回 新潟 3日目 サラ系３歳 未勝利       (混)[指] 馬齢 18頭 本賞金:550,220,140,83,55万円",18,550.0,10,7,15,ユヌブリーズ,牝,3,51.0,★河原田,69.7,3/4,14,221.1,35.0,14-16,美浦 清水英,398,4,
202404020310,2024-08-03,新潟,10,3歳未勝利,芝,1200,左,晴,良,"2回 新潟 3日目 サラ系３歳 未勝利       (混)[指] 馬齢 18頭 本賞金:550,220,140,83,55万円",18,550.0,11,6,11,クリノローレライ,牝,3,55.0,酒井,69.8,1/2,18,342.7,35.8,5-5,栗東 長谷川,428,-6,
202404020310,2024-08-03,新潟,10,3歳未勝利,芝,1200,左,晴,良,"2回 新潟 3日目 サラ系３歳 未勝利       (混)[指] 馬齢 18頭 本賞金:550,220,140,83,55万円",18,550.0,12,7,13,セイカアビイロード,牝,3,53.0,◇藤田菜,69.9,1/2,13,108.2,35.5,11-13,美浦 南田,426,4,
202404020310,2024-08-03,新潟,10,3歳未勝利,芝,1200,左,晴,良,"2回 新潟 3日目 サラ系３歳 未勝利       (混)[指] 馬齢 18頭 本賞金:550,220,140,83,55万円",18,550.0,13,2,4,スマートヌーメン,牝,3,54.0,☆小沢,69.9,クビ,10,53.2,35.5,11-10,栗東 石坂,460,12,
202404020310,2024-08-03,新潟,10,3歳未勝利,芝,1200,左,晴,良,"2回 新潟 3日目 サラ系３歳 未勝利       (混)[指] 馬齢 18頭 本賞金:550,220,140,83,55万円",18,550.0,14,2,3,クリノヴァルキリー,牝,3,52.0,▲土田,70.0,1/2,16,265.5,35.3,14-13,美浦 天間,414,-10,
202404020310,2024-08-03,新潟,10,3歳未勝利,芝,1200,左,晴,良,"2回 新潟 3日目 サラ系３歳 未勝利       (混)[指] 馬齢 18頭 本賞金:550,220,140,83,55万円",18,550.0,15,8,17,リアリータイト,牝,3,52.0,▲柴田裕,70.1,1/2,17,314.5,35.9,7-10,栗東 佐々木,480,0,
202404020310,2024-08-03,新潟,10,3歳未勝利,芝,1200,左,晴,良,"2回 新潟 3日目 サラ系３歳 未勝利       (混)[指] 馬齢 18頭 本賞金:550,220,140,83,55万円",18,550.0,16,1,2,シアーエレガンス,牝,3,55.0,松山,70.1,クビ,7,22.1,35.8,7-7,栗東 長谷川,452,-6,
202404020310,2024-08-03,新潟,10,3歳未勝利,芝,1200,左,晴,良,"2回 新潟 3日目 サラ系３歳 未勝利       (混)[指] 馬齢 18頭 本賞金:550,220,140,83,55万円",18,550.0,17,3,5,ベストイズアスク,牝,3,55.0,石川,70.2,クビ,15,232.6,35.4,16-13,美浦 高柳瑞,414,18,
202404020310,2024-08-03,新潟,10,3歳未勝利,芝,1200,左,晴,良,"2回 新潟 3日目 サラ系３歳 未勝利       (混)[指] 馬齢 18頭 本賞金:550,220,140,83,55万円",18,550.0,18,1,1,ラグリマスマリア,牝,3,55.0,幸,70.3,1/2,9,41.4,36.5,3-2,栗東 森田,460,8,
202404020311,2024-08-03,新潟,11,月岡温泉特別,芝,2000,左,晴,良,"2回 新潟 3日目 サラ系３歳以上 ２勝クラス       (混)(特指) 定量 8頭 本賞金:1550,620,390,230,155万円",8,1550.0,1,7,7,オールセインツ,牡,3,55.0,坂井,121.7,,2,3.8,32.3,4-4,栗東 友道,492,2,
202404020311,2024-08-03,新潟,11,月岡温泉特別,芝,2000,左,晴,良,"2回 新潟 3日目 サラ系３歳以上 ２勝クラス       (混)(特指) 定量 8頭 本賞金:1550,620,390,230,155万円",8,1550.0,2,4,4,ウインオーディン,牡,4,58.0,川田,121.7,クビ,3,4.2,32.4,3-3,美浦 鹿戸,484,-4,
202404020311,2024-08-03,新潟,11,月岡温泉特別,芝,2000,左,晴,良,"2回 新潟 3日目 サラ系３歳以上 ２勝クラス       (混)(特指) 定量 8頭 本賞金:1550,620,390,230,155万円",8,1550.0,3,3,3,マルチャン,牡,4,58.0,丸田,121.7,アタマ,7,34.6,32.6,1-1,美浦 武市,468,4,
202404020311,2024-08-03,新潟,11,月岡温泉特別,芝,2000,左,晴,良,"2回 新潟 3日目 サラ系３歳以上 ２勝クラス       (混)(特指) 定量 8頭 本賞金:1550,620,390,230,155万円",8,1550.0,4,1,1,ナムラフッカー,牡,3,55.0,泉谷,121.9,1,4,8.8,32.3,5-5,栗東 村山,470,4,
202404020311,2024-08-03,新潟,11,月岡温泉特別,芝,2000,左,晴,良,"2回 新潟 3日目 サラ系３歳以上 ２勝クラス       (混)(特指) 定量 8頭 本賞金:1550,620,390,230,155万円",8,1550.0,5,8,8,ニュージーズ,牡,3,55.0,ルメー,122.0,1/2,1,1.9,32.4,5-5,美浦 木村,488,2,
202404020311,2024-08-03,新潟,11,月岡温泉特別,芝,2000,左,晴,良,"2回 新潟 3日目 サラ系３歳以上 ２勝クラス       (混)(特指) 定量 8頭 本賞金:1550,620,390,230,155万円",8,1550.0,6,5,5,タガノカイ,牡,6,58.0,秋山稔,122.7,4,8,46.6,33.6,2-2,栗東 宮,520,8,
202404020311,2024-08-03,新潟,11,月岡温泉特別,芝,2000,左,晴,良,"2回 新潟 3日目 サラ系３歳以上 ２勝クラス       (混)(特指) 定量 8頭 本賞金:1550,620,390,230,155万円",8,1550.0,7,6,6,ダノンターキッシュ,牡,6,58.0,松山,122.8,1/2,5,28.2,33.0,7-7,栗東 寺島,454,2,
202404020311,2024-08-03,新潟,11,月岡温泉特別,芝,2000,左,晴,良,"2回 新潟 3日目 サラ系３歳以上 ２勝クラス       (混)(特指) 定量 8頭 本賞金:1550,620,390,230,155万円",8,1550.0,8,2,2,ヴェンチュラムーン,牡,4,58.0,三浦,122.8,クビ,6,33.9,33.0,7-7,美浦 小島,440,2,
202404020312,2024-08-03,新潟,12,3歳以上1勝クラス,ダ,1800,左,晴,良,"2回 新潟 3日目 サラ系３歳以上 １勝クラス       (混)[指] 定量 13頭 本賞金:800,320,200,120,80万円",13,800.0,1,5,6,ジャスパーロブスト,セ,3,55.0,Ｃ．ル,112.6,,1,2.1,38.5,1-1-1-1,栗東 森秀,504,4,
202404020312,2024-08-03,新潟,12,3歳以上1勝クラス,ダ,1800,左,晴,良,"2回 新潟 3日目 サラ系３歳以上 １勝クラス       (混)[指] 定量 13頭 本賞金:800,320,200,120,80万円",13,800.0,2,4,4,チカミリオン,牝,3,53.0,戸崎圭,113.3,4,2,5.8,38.6,6-6-5-4,栗東 大久保,482,2,
202404020312,2024-08-03,新潟,12,3歳以上1勝クラス,ダ,1800,左,晴,良,"2回 新潟 3日目 サラ系３歳以上 １勝クラス       (混)[指] 定量 13頭 本賞金:800,320,200,120,80万円",13,800.0,3,2,2,フローラルセント,牝,3,53.0,松山,113.4,1/2,3,6.3,38.9,3-3-3-4,栗東 松下,464,8,
202404020312,2024-08-03,新潟,12,3歳以上1勝クラス,ダ,1800,左,晴,良,"2回 新潟 3日目 サラ系３歳以上 １勝クラス       (混)[指] 定量 13頭 本賞金:800,320,200,120,80万円",13,800.0,4,6,8,セブンスストリート,牡,4,56.0,◇永島,113.6,1,5,12.6,38.2,11-11-10-11,栗東 高橋康,452,6,
202404020312,2024-08-03,新潟,12,3歳以上1勝クラス,ダ,1800,左,晴,良,"2回 新潟 3日目 サラ系３歳以上 １勝クラス       (混)[指] 定量 13頭 本賞金:800,320,200,120,80万円",13,800.0,5,5,7,マコタイガ,牡,3,55.0,吉田豊,113.7,1,6,18.4,38.6,10-8-9-9,美浦 小野,502,-4,
202404020312,2024-08-03,新潟,12,3歳以上1勝クラス,ダ,1800,左,晴,良,"2回 新潟 3日目 サラ系３歳以上 １勝クラス       (混)[指] 定量 13頭 本賞金:800,320,200,120,80万円",13,800.0,6,6,9,ミッキーストライク,牡,3,55.0,坂井,113.9,1,4,7.4,39.1,6-8-7-4,栗東 矢作,520,-2,
202404020312,2024-08-03,新潟,12,3歳以上1勝クラス,ダ,1800,左,晴,良,"2回 新潟 3日目 サラ系３歳以上 １勝クラス       (混)[指] 定量 13頭 本賞金:800,320,200,120,80万円",13,800.0,7,7,10,メイショウマジック,牡,4,58.0,酒井,114.0,3/4,9,25.1,39.7,2-2-2-2,栗東 四位,498,-8,
202404020312,2024-08-03,新潟,12,3歳以上1勝クラス,ダ,1800,左,晴,良,"2回 新潟 3日目 サラ系３歳以上 １勝クラス       (混)[指] 定量 13頭 本賞金:800,320,200,120,80万円",13,800.0,8,4,5,レジェンドシップ,セ,4,58.0,Ｍデム,114.0,ハナ,8,21.2,38.3,13-13-13-11,栗東 奥村豊,438,-6,
202404020312,2024-08-03,新潟,12,3歳以上1勝クラス,ダ,1800,左,晴,良,"2回 新潟 3日目 サラ系３歳以上 １勝クラス       (混)[指] 定量 13頭 本賞金:800,320,200,120,80万円",13,800.0,9,1,1,サトノルクソン,牡,4,57.0,☆西塚,114.5,3,7,19.8,39.8,4-4-5-7,栗東 藤原,476,0,
202404020312,2024-08-03,新潟,12,3歳以上1勝クラス,ダ,1800,左,晴,良,"2回 新潟 3日目 サラ系３歳以上 １勝クラス       (混)[指] 定量 13頭 本賞金:800,320,200,120,80万円",13,800.0,10,8,13,アステロイドメア,牝,4,52.0,★大江比,114.9,2.1/2,11,49.9,39.6,11-11-10-10,美浦 武市,496,2,
202404020312,2024-08-03,新潟,12,3歳以上1勝クラス,ダ,1800,左,晴,良,"2回 新潟 3日目 サラ系３歳以上 １勝クラス       (混)[指] 定量 13頭 本賞金:800,320,200,120,80万円",13,800.0,11,7,11,ブリスフル,牡,3,54.0,☆原,115.0,3/4,10,48.0,40.5,4-4-3-2,美浦 武市,492,-2,
202404020312,2024-08-03,新潟,12,3歳以上1勝クラス,ダ,1800,左,晴,良,"2回 新潟 3日目 サラ系３歳以上 １勝クラス       (混)[指] 定量 13頭 本賞金:800,320,200,120,80万円",13,800.0,12,8,12,エアロソニック,牡,3,52.0,▲佐藤,115.2,3/4,13,133.8,40.2,8-10-8-7,美浦 鈴木慎,544,0,
202404020312,2024-08-03,新潟,12,3歳以上1勝クラス,ダ,1800,左,晴,良,"2回 新潟 3日目 サラ系３歳以上 １勝クラス       (混)[指] 定量 13頭 本賞金:800,320,200,120,80万円",13,800.0,13,3,3,ニホンピロペリー,牡,5,58.0,和田竜,115.9,4,12,113.2,40.6,8-7-10-13,栗東 大橋,520,-4,
202401010601,2024-08-04,札幌,1,2歳未勝利,ダ,1700,右,曇,稍,"1回 札幌 6日目 サラ系２歳 未勝利       (混)[指] 馬齢 14頭 本賞金:550,220,140,83,55万円",14,550.0,1,6,10,ベルベルコンパス,牡,2,55.0,北村友,107.5,,1,1.1,39.3,2-2-2-2,栗東 小栗,522,0,
202401010601,2024-08-04,札幌,1,2歳未勝利,ダ,1700,右,曇,稍,"1回 札幌 6日目 サラ系２歳 未勝利       (混)[指] 馬齢 14頭 本賞金:550,220,140,83,55万円",14,550.0,2,4,6,ラストレガシー,牡,2,55.0,丹内,108.3,5,2,9.0,37.8,13-14-13-7,美浦 手塚,480,-2,
202401010601,2024-08-04,札幌,1,2歳未勝利,ダ,1700,右,曇,稍,"1回 札幌 6日目 サラ系２歳 未勝利       (混)[指] 馬齢 14頭 本賞金:550,220,140,83,55万円",14,550.0,3,4,5,トリプレーテ,牡,2,55.0,富田,108.7,2.1/2,5,26.6,40.2,5-5-4-3,栗東 武英,474,0,
202401010601,2024-08-04,札幌,1,2歳未勝利,ダ,1700,右,曇,稍,"1回 札幌 6日目 サラ系２歳 未勝利       (混)[指] 馬齢 14頭 本賞金:550,220,140,83,55万円",14,550.0,4,2,2,ハヤテノツバサ,牡,2,55.0,西村淳,109.0,2,8,56.1,39.1,8-8-9-9,栗東 杉山佳,492,-4,
202401010601,2024-08-04,札幌,1,2歳未勝利,ダ,1700,右,曇,稍,"1回 札幌 6日目 サラ系２歳 未勝利       (混)[指] 馬齢 14頭 本賞金:550,220,140,83,55万円",14,550.0,5,3,3,アンズアメ,牝,2,55.0,鮫島駿,109.3,1.1/2,3,13.5,40.8,3-4-4-3,栗東 高柳大,472,2,
202401010601,2024-08-04,札幌,1,2歳未勝利,ダ,1700,右,曇,稍,"1回 札幌 6日目 サラ系２歳 未勝利       (混)[指] 馬齢 14頭 本賞金:550,220,140,83,55万円",14,550.0,6,8,14,ケイアイブイスリー,牡,2,55.0,横山武,109.9,3.1/2,4,18.3,41.8,1-1-1-1,栗東 平田,436,-4,
202401010601,2024-08-04,札幌,1,2歳未勝利,ダ,1700,右,曇,稍,"1回 札幌 6日目 サラ系２歳 未勝利       (混)[指] 馬齢 14頭 本賞金:550,220,140,83,55万円",14,550.0,7,8,13,ポルタフェリーチェ,牝,2,55.0,浜中,110.6,4,7,40.3,41.1,10-10-8-6,栗東 長谷川,454,12,
202401010601,2024-08-04,札幌,1,2歳未勝利,ダ,1700,右,曇,稍,"1回 札幌 6日目 サラ系２歳 未勝利       (混)[指] 馬齢 14頭 本賞金:550,220,140,83,55万円",14,550.0,8,6,9,アルデツヨシ,牡,2,55.0,池添,110.9,1.3/4,12,157.4,40.8,8-9-10-11,美浦 田中剛,476,4,
202401010601,2024-08-04,札幌,1,2歳未勝利,ダ,1700,右,曇,稍,"1回 札幌 6日目 サラ系２歳 未勝利       (混)[指] 馬齢 14頭 本賞金:550,220,140,83,55万円",14,550.0,9,3,4,ヤマノインパクト,牡,2,55.0,永野,111.1,1,10,130.2,41.8,7-6-6-7,美浦 本間,452,6,
202401010601,2024-08-04,札幌,1,2歳未勝利,ダ,1700,右,曇,稍,"1回 札幌 6日目 サラ系２歳 未勝利       (混)[指] 馬齢 14頭 本賞金:550,220,140,83,55万円",14,550.0,10,1,1,コパノキュラソー,牡,2,55.0,古川吉,111.4,1.3/4,14,318.1,42.1,6-6-6-9,栗東 宮,510,2,
202401010601,2024-08-04,札幌,1,2歳未勝利,ダ,1700,右,曇,稍,"1回 札幌 6日目 サラ系２歳 未勝利       (混)[指] 馬齢 14頭 本賞金:550,220,140,83,55万円",14,550.0,11,5,7,ロザリアン,牝,2,55.0,和田翼,111.4,アタマ,11,133.3,41.1,10-10-11-12,栗東 谷,456,2,
202401010601,2024-08-04,札幌,1,2歳未勝利,ダ,1700,右,曇,稍,"1回 札幌 6日目 サラ系２歳 未勝利       (混)[指] 馬齢 14頭 本賞金:550,220,140,83,55万円",14,550.0,12,7,11,ラインアルテミス,牝,2,55.0,小林凌,111.8,2.1/2,9,110.3,43.5,3-2-2-5,美浦 武藤,514,-6,
202401010601,2024-08-04,札幌,1,2歳未勝利,ダ,1700,右,曇,稍,"1回 札幌 6日目 サラ系２歳 未勝利       (混)[指] 馬齢 14頭 本賞金:550,220,140,83,55万円",14,550.0,13,7,12,イフウドウドウ,牡,2,55.0,武豊,114.6,大,6,38.0,44.2,12-12-11-13,栗東 角田,502,-14,
202401010601,2024-08-04,札幌,1,2歳未勝利,ダ,1700,右,曇,稍,"1回 札幌 6日目 サラ系２歳 未勝利       (混)[指] 馬齢 14頭 本賞金:550,220,140,83,55万円",14,550.0,14,5,8,アディクテッドラン,牡,2,52.0,▲長浜,115.5,5,13,223.7,44.0,13-12-14-14,栗東 新谷,472,-8,
202401010602,2024-08-04,札幌,2,3歳未勝利,ダ,1000,右,曇,稍,"1回 札幌 6日目 サラ系３歳 未勝利       [指] 馬齢 12頭 本賞金:550,220,140,83,55万円",12,550.0,1,7,9,キャンドルマス,牡,3,57.0,北村友,59.2,,3,7.2,35.9,3-3,栗東 小崎,480,2,
202401010602,2024-08-04,札幌,2,3歳未勝利,ダ,1000,右,曇,稍,"1回 札幌 6日目 サラ系３歳 未勝利       [指] 馬齢 12頭 本賞金:550,220,140,83,55万円",12,550.0,2,7,10,ハッピーダンス,牝,3,52.0,▲高杉,59.5,1.3/4,1,2.0,35.8,4-4,栗東 茶木,458,6,
202401010602,2024-08-04,札幌,2,3歳未勝利,ダ,1000,右,曇,稍,"1回 札幌 6日目 サラ系３歳 未勝利       [指] 馬齢 12頭 本賞金:550,220,140,83,55万円",12,550.0,3,6,8,モズマサニャン,牡,3,57.0,岩田康,59.7,1.1/2,7,27.2,35.8,8-6,美浦 加藤征,452,2,
202401010602,2024-08-04,札幌,2,3歳未勝利,ダ,1000,右,曇,稍,"1回 札幌 6日目 サラ系３歳 未勝利       [指] 馬齢 12頭 本賞金:550,220,140,83,55万円",12,550.0,4,5,5,ココモローズ,牝,3,52.0,▲長浜,60.0,1.3/4,5,10.2,36.9,1-1,美浦 高木,422,-8,
202401010602,2024-08-04,札幌,2,3歳未勝利,ダ,1000,右,曇,稍,"1回 札幌 6日目 サラ系３歳 未勝利       [指] 馬齢 12頭 本賞金:550,220,140,83,55万円",12,550.0,5,2,2,ケイアイカペラ,牡,3,57.0,小崎,60.1,1,8,29.0,35.9,11-10,栗東 新谷,502,-8,
202401010602,2024-08-04,札幌,2,3歳未勝利,ダ,1000,右,曇,稍,"1回 札幌 6日目 サラ系３歳 未勝利       [指] 馬齢 12頭 本賞金:550,220,140,83,55万円",12,550.0,6,3,3,ラブリーサイン,牝,3,55.0,浜中,60.2,1/2,2,4.8,36.6,4-4,栗東 牧浦,504,10,
202401010602,2024-08-04,札幌,2,3歳未勝利,ダ,1000,右,曇,稍,"1回 札幌 6日目 サラ系３歳 未勝利       [指] 馬齢 12頭 本賞金:550,220,140,83,55万円",12,550.0,7,4,4,ボエーム,牡,3,57.0,小林凌,60.5,1.1/2,10,35.6,36.6,8-8,美浦 石栗,432,0,
202401010602,2024-08-04,札幌,2,3歳未勝利,ダ,1000,右,曇,稍,"1回 札幌 6日目 サラ系３歳 未勝利       [指] 馬齢 12頭 本賞金:550,220,140,83,55万円",12,550.0,8,8,12,グレッソネイ,牡,3,54.0,▲川端,60.5,クビ,9,31.8,36.7,7-6,栗東 高野,526,6,
202401010602,2024-08-04,札幌,2,3歳未勝利,ダ,1000,右,曇,稍,"1回 札幌 6日目 サラ系３歳 未勝利       [指] 馬齢 12頭 本賞金:550,220,140,83,55万円",12,550.0,9,1,1,ラブリエスト,牝,3,55.0,佐々木,61.1,3.1/2,6,17.6,37.4,4-8,美浦 土田,488,10,
202401010602,2024-08-04,札幌,2,3歳未勝利,ダ,1000,右,曇,稍,"1回 札幌 6日目 サラ系３歳 未勝利       [指] 馬齢 12頭 本賞金:550,220,140,83,55万円",12,550.0,10,8,11,ハクサンアップル,牝,3,55.0,永野,61.4,2,11,195.6,37.3,10-10,美浦 新開,444,6,
202401010602,2024-08-04,札幌,2,3歳未勝利,ダ,1000,右,曇,稍,"1回 札幌 6日目 サラ系３歳 未勝利       [指] 馬齢 12頭 本賞金:550,220,140,83,55万円",12,550.0,11,5,6,ノブノリッキー,牡,3,55.0,△小林勝,62.2,5,4,7.7,39.1,2-2,美浦 中舘,514,-4,
202401010602,2024-08-04,札幌,2,3歳未勝利,ダ,1000,右,曇,稍,"1回 札幌 6日目 サラ系３歳 未勝利       [指] 馬齢 12頭 本賞金:550,220,140,83,55万円",12,550.0,,6,7,ダンツニーヴァ,牡,3,57.0,和田翼,,,12,200.6,,,栗東 谷,546,-12,中止
202401010603,2024-08-04,札幌,3,3歳未勝利,芝,1200,右,曇,稍,"1回 札幌 6日目 サラ系３歳 未勝利       (混)[指] 馬齢 16頭 本賞金:550,220,140,83,55万円",16,550.0,1,1,1,スプリングデイ,牝,3,55.0,黛,70.1,,9,23.5,35.8,1-1,美浦 伊藤大,434,0,
202401010603,2024-08-04,札幌,3,3歳未勝利,芝,1200,右,曇,稍,"1回 札幌 6日目 サラ系３歳 未勝利       (混)[指] 馬齢 16頭 本賞金:550,220,140,83,55万円",16,550.0,2,3,6,アムールリーベ,牝,3,55.0,荻野琢,70.1,ハナ,3,6.1,35.3,8-5,栗東 友道,482,-6,
202401010603,2024-08-04,札幌,3,3歳未勝利,芝,1200,右,曇,稍,"1回 札幌 6日目 サラ系３歳 未勝利       (混)[指] 馬齢 16頭 本賞金:550,220,140,83,55万円",16,550.0,3,4,8,グランテレーズ,牝,3,55.0,鮫島駿,70.2,3/4,1,3.2,35.5,6-5,栗東 渡辺,448,6,
202401010603,2024-08-04,札幌,3,3歳未勝利,芝,1200,右,曇,稍,"1回 札幌 6日目 サラ系３歳 未勝利       (混)[指] 馬齢 16頭 本賞金:550,220,140,83,55万円",16,550.0,4,7,13,ロンフォン,牝,3,55.0,永野,70.3,クビ,8,22.6,35.2,10-8,美浦 久保田,424,4,
202401010603,2024-08-04,札幌,3,3歳未勝利,芝,1200,右,曇,稍,"1回 札幌 6日目 サラ系３歳 未勝利       (混)[指] 馬齢 16頭 本賞金:550,220,140,83,55万円",16,550.0,5,8,16,カチヌキマリコ,牝,3,55.0,大野,70.3,アタマ,4,8.2,34.9,13-11,美浦 天間,414,2,
202401010603,2024-08-04,札幌,3,3歳未勝利,芝,1200,右,曇,稍,"1回 札幌 6日目 サラ系３歳 未勝利       (混)[指] 馬齢 16頭 本賞金:550,220,140,83,55万円",16,550.0,6,6,12,コスモララバイ,牝,3,55.0,丹内,70.3,クビ,7,15.9,35.8,3-2,栗東 吉田,412,0,
202401010603,2024-08-04,札幌,3,3歳未勝利,芝,1200,右,曇,稍,"1回 札幌 6日目 サラ系３歳 未勝利       (混)[指] 馬齢 16頭 本賞金:550,220,140,83,55万円",16,550.0,7,1,2,マコトジャーベ,牝,3,55.0,横山和,70.4,1/2,6,15.5,35.8,3-5,栗東 昆,482,6,
202401010603,2024-08-04,札幌,3,3歳未勝利,芝,1200,右,曇,稍,"1回 札幌 6日目 サラ系３歳 未勝利       (混)[指] 馬齢 16頭 本賞金:550,220,140,83,55万円",16,550.0,8,2,4,リュサントノレ,牝,3,55.0,武豊,70.4,ハナ,2,4.2,36.0,2-2,栗東 音無,444,0,
202401010603,2024-08-04,札幌,3,3歳未勝利,芝,1200,右,曇,稍,"1回 札幌 6日目 サラ系３歳 未勝利       (混)[指] 馬齢 16頭 本賞金:550,220,140,83,55万円",16,550.0,9,8,15,ピーエムドレミ,牝,3,55.0,佐々木,70.4,ハナ,5,8.5,35.8,3-4,美浦 和田郎,404,14,
202401010603,2024-08-04,札幌,3,3歳未勝利,芝,1200,右,曇,稍,"1回 札幌 6日目 サラ系３歳 未勝利       (混)[指] 馬齢 16頭 本賞金:550,220,140,83,55万円",16,550.0,10,7,14,スマイルアクセス,牝,3,55.0,菱田,70.6,1.1/4,13,107.0,34.9,14-14,美浦 萱野,458,10,
202401010603,2024-08-04,札幌,3,3歳未勝利,芝,1200,右,曇,稍,"1回 札幌 6日目 サラ系３歳 未勝利       (混)[指] 馬齢 16頭 本賞金:550,220,140,83,55万円",16,550.0,11,3,5,ドレッド,牡,3,57.0,岩田康,70.8,1.1/4,10,28.2,35.8,9-8,美浦 栗田,464,0,
202401010603,2024-08-04,札幌,3,3歳未勝利,芝,1200,右,曇,稍,"1回 札幌 6日目 サラ系３歳 未勝利       (混)[指] 馬齢 16頭 本賞金:550,220,140,83,55万円",16,550.0,12,2,3,コスモリダッシュ,牡,3,54.0,▲高杉,70.9,1/2,12,97.6,36.2,6-8,美浦 小笠,478,0,
202401010603,2024-08-04,札幌,3,3歳未勝利,芝,1200,右,曇,稍,"1回 札幌 6日目 サラ系３歳 未勝利       (混)[指] 馬齢 16頭 本賞金:550,220,140,83,55万円",16,550.0,13,6,11,アルーリングソレル,牝,3,51.0,★古川奈,71.6,4,15,193.1,35.9,14-15,栗東 渡辺,458,8,
202401010603,2024-08-04,札幌,3,3歳未勝利,芝,1200,右,曇,稍,"1回 札幌 6日目 サラ系３歳 未勝利       (混)[指] 馬齢 16頭 本賞金:550,220,140,83,55万円",16,550.0,14,5,10,ヤマニントリル,牝,3,55.0,伊藤,71.7,1/2,16,400.5,36.4,11-11,美浦 千葉,408,6,
202401010603,2024-08-04,札幌,3,3歳未勝利,芝,1200,右,曇,稍,"1回 札幌 6日目 サラ系３歳 未勝利       (混)[指] 馬齢 16頭 本賞金:550,220,140,83,55万円",16,550.0,15,5,9,コスモマチュアー,牝,3,53.0,△小林勝,71.9,1.1/4,14,187.8,35.9,16-16,美浦 松山,480,-6,
202401010603,2024-08-04,札幌,3,3歳未勝利,芝,1200,右,曇,稍,"1回 札幌 6日目 サラ系３歳 未勝利       (混)[指] 馬齢 16頭 本賞金:550,220,140,83,55万円",16,550.0,16,4,7,メイショウマサユメ,牝,3,52.0,▲川端,72.3,2,11,34.9,37.0,11-11,栗東 角田,462,-2,
202401010604,2024-08-04,札幌,4,3歳未勝利,ダ,1700,右,曇,稍,"1回 札幌 6日目 サラ系３歳 未勝利       [指] 馬齢 14頭 本賞金:550,220,140,83,55万円",14,550.0,1,1,1,ソルアマゾン,牡,3,57.0,石川倭,107.5,,9,43.5,39.7,11-10-3-2,栗東 小栗,456,-2,
202401010604,2024-08-04,札幌,4,3歳未勝利,ダ,1700,右,曇,稍,"1回 札幌 6日目 サラ系３歳 未勝利       [指] 馬齢 14頭 本賞金:550,220,140,83,55万円",14,550.0,2,5,7,ドゥザキャッチ,牝,3,52.0,▲長浜,107.6,クビ,7,32.2,40.0,2-2-2-1,美浦 田中博,450,-4,
202401010604,2024-08-04,札幌,4,3歳未勝利,ダ,1700,右,曇,稍,"1回 札幌 6日目 サラ系３歳 未勝利       [指] 馬齢 14頭 本賞金:550,220,140,83,55万円",14,550.0,3,4,6,フィアマフルミネ,牝,3,55.0,横山和,107.8,1.1/2,11,72.5,39.0,13-13-10-4,栗東 飯田,424,-4,
202401010604,2024-08-04,札幌,4,3歳未勝利,ダ,1700,右,曇,稍,"1回 札幌 6日目 サラ系３歳 未勝利       [指] 馬齢 14頭 本賞金:550,220,140,83,55万円",14,550.0,4,4,5,プラムダンディ,牡,3,55.0,△小林勝,108.8,6,1,2.4,41.4,1-1-1-3,美浦 尾形,448,2,
202401010604,2024-08-04,札幌,4,3歳未勝利,ダ,1700,右,曇,稍,"1回 札幌 6日目 サラ系３歳 未勝利       [指] 馬齢 14頭 本賞金:550,220,140,83,55万円",14,550.0,5,6,10,リゼルージュセリエ,牡,3,54.0,▲川端,108.9,1/2,14,208.8,39.9,11-12-12-11,美浦 松山,496,2,
202401010604,2024-08-04,札幌,4,3歳未勝利,ダ,1700,右,曇,稍,"1回 札幌 6日目 サラ系３歳 未勝利       [指] 馬齢 14頭 本賞金:550,220,140,83,55万円",14,550.0,6,3,4,オウケンヴィーナス,牝,3,55.0,川又,109.4,3,12,92.2,40.4,13-13-12-11,美浦 宮田,402,-2,
202401010604,2024-08-04,札幌,4,3歳未勝利,ダ,1700,右,曇,稍,"1回 札幌 6日目 サラ系３歳 未勝利       [指] 馬齢 14頭 本賞金:550,220,140,83,55万円",14,550.0,7,8,13,クラウンクーロン,牡,3,57.0,丹内,109.4,ハナ,2,3.2,41.5,4-4-3-5,美浦 牧,446,4,
202401010604,2024-08-04,札幌,4,3歳未勝利,ダ,1700,右,曇,稍,"1回 札幌 6日目 サラ系３歳 未勝利       [指] 馬齢 14頭 本賞金:550,220,140,83,55万円",14,550.0,8,2,2,ミヤビエクセレント,牝,3,54.0,☆横山琉,109.6,1,4,9.4,40.8,7-8-10-10,美浦 小島,480,10,
202401010604,2024-08-04,札幌,4,3歳未勝利,ダ,1700,右,曇,稍,"1回 札幌 6日目 サラ系３歳 未勝利       [指] 馬齢 14頭 本賞金:550,220,140,83,55万円",14,550.0,9,7,12,ディアマンドロップ,牝,3,55.0,西村淳,109.9,2,6,17.0,41.2,9-8-9-7,美浦 小手川,470,6,
202401010604,2024-08-04,札幌,4,3歳未勝利,ダ,1700,右,曇,稍,"1回 札幌 6日目 サラ系３歳 未勝利       [指] 馬齢 14頭 本賞金:550,220,140,83,55万円",14,550.0,10,8,14,エムバランス,牡,3,57.0,富田,110.6,4,8,37.9,42.1,6-6-7-7,栗東 西園翔,480,10,
202401010604,2024-08-04,札幌,4,3歳未勝利,ダ,1700,右,曇,稍,"1回 札幌 6日目 サラ系３歳 未勝利       [指] 馬齢 14頭 本賞金:550,220,140,83,55万円",14,550.0,11,6,9,ワカメチャン,牝,3,55.0,永野,110.6,アタマ,5,15.4,41.4,9-11-14-13,美浦 鈴木慎,492,16,
202401010604,2024-08-04,札幌,4,3歳未勝利,ダ,1700,右,曇,稍,"1回 札幌 6日目 サラ系３歳 未勝利       [指] 馬齢 14頭 本賞金:550,220,140,83,55万円",14,550.0,12,7,11,ブリッジワン,牝,3,55.0,菱田,111.0,2.1/2,13,110.0,42.5,7-7-7-7,栗東 武英,452,2,
202401010604,2024-08-04,札幌,4,3歳未勝利,ダ,1700,右,曇,稍,"1回 札幌 6日目 サラ系３歳 未勝利       [指] 馬齢 14頭 本賞金:550,220,140,83,55万円",14,550.0,13,5,8,ノルディア,牝,3,55.0,丸山,112.2,7,3,5.7,44.4,3-3-3-5,美浦 金成,468,10,
202401010604,2024-08-04,札幌,4,3歳未勝利,ダ,1700,右,曇,稍,"1回 札幌 6日目 サラ系３歳 未勝利       [指] 馬齢 14頭 本賞金:550,220,140,83,55万円",14,550.0,14,3,3,オーヴァーザトップ,牡,3,57.0,黛,113.1,5,10,59.7,44.8,4-4-6-13,美浦 伊藤伸,482,4,
202401010605,2024-08-04,札幌,5,2歳新馬,芝,1800,右,曇,稍,"1回 札幌 6日目 サラ系２歳 新馬       (混)[指] 馬齢 8頭 本賞金:720,290,180,110,72万円",8,720.0,1,7,7,アルマヴェローチェ,牝,2,55.0,横山武,111.9,,2,3.9,36.0,1-1-1-1,栗東 上村,482,0,
202401010605,2024-08-04,札幌,5,2歳新馬,芝,1800,右,曇,稍,"1回 札幌 6日目 サラ系２歳 新馬       (混)[指] 馬齢 8頭 本賞金:720,290,180,110,72万円",8,720.0,2,5,5,リアンベーレ,牡,2,55.0,武豊,111.9,クビ,1,1.6,35.8,7-5-3-3,美浦 手塚,498,0,
202401010605,2024-08-04,札幌,5,2歳新馬,芝,1800,右,曇,稍,"1回 札幌 6日目 サラ系２歳 新馬       (混)[指] 馬齢 8頭 本賞金:720,290,180,110,72万円",8,720.0,3,2,2,レイラインシチー,牡,2,55.0,永野,112.0,3/4,4,20.4,35.6,5-5-5-4,美浦 伊藤圭,458,0,
202401010605,2024-08-04,札幌,5,2歳新馬,芝,1800,右,曇,稍,"1回 札幌 6日目 サラ系２歳 新馬       (混)[指] 馬齢 8頭 本賞金:720,290,180,110,72万円",8,720.0,4,8,8,ノースタンダード,牡,2,55.0,横山和,112.8,5,3,4.3,36.9,2-2-2-2,美浦 栗田,526,0,
202401010605,2024-08-04,札幌,5,2歳新馬,芝,1800,右,曇,稍,"1回 札幌 6日目 サラ系２歳 新馬       (混)[指] 馬齢 8頭 本賞金:720,290,180,110,72万円",8,720.0,5,4,4,ブラックレーション,牡,2,55.0,丸山,113.5,4,5,23.3,37.3,3-3-3-4,栗東 本田,506,0,
202401010605,2024-08-04,札幌,5,2歳新馬,芝,1800,右,曇,稍,"1回 札幌 6日目 サラ系２歳 新馬       (混)[指] 馬齢 8頭 本賞金:720,290,180,110,72万円",8,720.0,6,3,3,ダイウン,牡,2,52.0,▲川端,113.7,3/4,8,90.4,37.0,8-8-8-6,美浦 加藤和,524,0,
202401010605,2024-08-04,札幌,5,2歳新馬,芝,1800,右,曇,稍,"1回 札幌 6日目 サラ系２歳 新馬       (混)[指] 馬齢 8頭 本賞金:720,290,180,110,72万円",8,720.0,7,6,6,ブギウギウギ,牝,2,55.0,古川吉,114.3,3.1/2,6,42.9,38.0,4-3-5-7,栗東 昆,478,0,
202401010605,2024-08-04,札幌,5,2歳新馬,芝,1800,右,曇,稍,"1回 札幌 6日目 サラ系２歳 新馬       (混)[指] 馬齢 8頭 本賞金:720,290,180,110,72万円",8,720.0,8,1,1,ジルクン,牡,2,53.0,△小林勝,115.5,7,7,52.8,38.9,5-5-7-8,美浦 鈴木慎,394,0,
202401010606,2024-08-04,札幌,6,3歳未勝利,芝,2600,右,曇,稍,"1回 札幌 6日目 サラ系３歳 未勝利       (混)[指] 馬齢 14頭 本賞金:550,220,140,83,55万円",14,550.0,1,6,9,テイキットイージー,牡,3,57.0,丹内,163.8,,4,5.7,37.2,3-3-1-1,美浦 萱野,430,-2,
202401010606,2024-08-04,札幌,6,3歳未勝利,芝,2600,右,曇,稍,"1回 札幌 6日目 サラ系３歳 未勝利       (混)[指] 馬齢 14頭 本賞金:550,220,140,83,55万円",14,550.0,2,3,3,タルタロス,牡,3,57.0,黛,163.9,1/2,3,5.4,37.2,5-5-2-2,美浦 森一,454,10,
202401010606,2024-08-04,札幌,6,3歳未勝利,芝,2600,右,曇,稍,"1回 札幌 6日目 サラ系３歳 未勝利       (混)[指] 馬齢 14頭 本賞金:550,220,140,83,55万円",14,550.0,3,4,5,ショウナンガチ,牡,3,57.0,池添,163.9,クビ,7,31.5,36.4,12-12-11-8,栗東 須貝,508,2,
202401010606,2024-08-04,札幌,6,3歳未勝利,芝,2600,右,曇,稍,"1回 札幌 6日目 サラ系３歳 未勝利       (混)[指] 馬齢 14頭 本賞金:550,220,140,83,55万円",14,550.0,4,7,11,シングルハーテッド,牝,3,52.0,▲高杉,164.2,2,10,47.8,37.2,8-10-5-3,栗東 吉岡,436,12,
202401010606,2024-08-04,札幌,6,3歳未勝利,芝,2600,右,曇,稍,"1回 札幌 6日目 サラ系３歳 未勝利       (混)[指] 馬齢 14頭 本賞金:550,220,140,83,55万円",14,550.0,5,7,12,アークドール,牡,3,57.0,武豊,164.4,1,1,3.5,37.1,13-13-8-7,栗東 松永幹,448,8,
202401010606,2024-08-04,札幌,6,3歳未勝利,芝,2600,右,曇,稍,"1回 札幌 6日目 サラ系３歳 未勝利       (混)[指] 馬齢 14頭 本賞金:550,220,140,83,55万円",14,550.0,6,6,10,レイフロレット,牝,3,55.0,岩田康,164.5,クビ,6,11.0,36.8,8-7-13-10,美浦 黒岩,404,32,
202401010606,2024-08-04,札幌,6,3歳未勝利,芝,2600,右,曇,稍,"1回 札幌 6日目 サラ系３歳 未勝利       (混)[指] 馬齢 14頭 本賞金:550,220,140,83,55万円",14,550.0,7,3,4,ピエスダルジャン,牡,3,57.0,鮫島駿,164.7,1.1/2,5,6.0,37.8,11-10-5-3,栗東 茶木,444,-4,
202401010606,2024-08-04,札幌,6,3歳未勝利,芝,2600,右,曇,稍,"1回 札幌 6日目 サラ系３歳 未勝利       (混)[指] 馬齢 14頭 本賞金:550,220,140,83,55万円",14,550.0,8,1,1,コンドライト,牡,3,57.0,横山武,164.9,3/4,2,4.7,37.9,5-5-5-3,美浦 菊沢,476,2,
202401010606,2024-08-04,札幌,6,3歳未勝利,芝,2600,右,曇,稍,"1回 札幌 6日目 サラ系３歳 未勝利       (混)[指] 馬齢 14頭 本賞金:550,220,140,83,55万円",14,550.0,9,5,7,グランドブレーカー,牡,3,55.0,△小林勝,164.9,ハナ,13,119.3,38.2,7-7-2-3,美浦 西田,506,-10,
202401010606,2024-08-04,札幌,6,3歳未勝利,芝,2600,右,曇,稍,"1回 札幌 6日目 サラ系３歳 未勝利       (混)[指] 馬齢 14頭 本賞金:550,220,140,83,55万円",14,550.0,10,8,14,サーブザミッション,牡,3,57.0,永野,165.3,2.1/2,14,182.9,37.8,8-7-11-12,栗東 吉村,456,10,
202401010606,2024-08-04,札幌,6,3歳未勝利,芝,2600,右,曇,稍,"1回 札幌 6日目 サラ系３歳 未勝利       (混)[指] 馬齢 14頭 本賞金:550,220,140,83,55万円",14,550.0,11,5,8,ユーキャンドゥイッ,牡,3,57.0,斎藤,165.7,2.1/2,9,47.3,38.9,2-2-4-9,栗東 池江,460,-2,
202401010606,2024-08-04,札幌,6,3歳未勝利,芝,2600,右,曇,稍,"1回 札幌 6日目 サラ系３歳 未勝利       (混)[指] 馬齢 14頭 本賞金:550,220,140,83,55万円",14,550.0,12,2,2,ホームアンドドライ,牡,3,57.0,亀田,165.8,クビ,11,51.7,38.4,3-3-10-10,栗東 高柳大,478,2,
202401010606,2024-08-04,札幌,6,3歳未勝利,芝,2600,右,曇,稍,"1回 札幌 6日目 サラ系３歳 未勝利       (混)[指] 馬齢 14頭 本賞金:550,220,140,83,55万円",14,550.0,13,4,6,マイネルガンナー,牡,3,57.0,佐々木,166.6,5,8,32.1,38.5,13-13-14-13,美浦 畠山,470,8,
202401010606,2024-08-04,札幌,6,3歳未勝利,芝,2600,右,曇,稍,"1回 札幌 6日目 サラ系３歳 未勝利       (混)[指] 馬齢 14頭 本賞金:550,220,140,83,55万円",14,550.0,14,8,13,シビックシャルル,牡,3,57.0,菱田,172.4,大,12,118.3,45.1,1-1-8-14,栗東 高橋忠,448,4,
202401010607,2024-08-04,札幌,7,3歳以上1勝クラス,ダ,1700,右,曇,稍,"1回 札幌 6日目 サラ系３歳以上 １勝クラス       牝[指] 定量 13頭 本賞金:800,320,200,120,80万円",13,800.0,1,5,7,タマモプルメリア,牝,3,50.0,▲高杉,106.6,,5,10.1,38.9,2-2-1-1,栗東 大橋,458,8,
202401010607,2024-08-04,札幌,7,3歳以上1勝クラス,ダ,1700,右,曇,稍,"1回 札幌 6日目 サラ系３歳以上 １勝クラス       牝[指] 定量 13頭 本賞金:800,320,200,120,80万円",13,800.0,2,8,12,サウンドアレグリア,牝,3,53.0,武豊,106.9,1.3/4,1,2.0,39.0,2-3-3-2,栗東 武英,496,0,
202401010607,2024-08-04,札幌,7,3歳以上1勝クラス,ダ,1700,右,曇,稍,"1回 札幌 6日目 サラ系３歳以上 １勝クラス       牝[指] 定量 13頭 本賞金:800,320,200,120,80万円",13,800.0,3,2,2,ヤエベニシダレ,牝,4,54.0,△小林勝,107.2,2,12,160.4,38.4,13-13-10-7,栗東 梅田,460,2,
202401010607,2024-08-04,札幌,7,3歳以上1勝クラス,ダ,1700,右,曇,稍,"1回 札幌 6日目 サラ系３歳以上 １勝クラス       牝[指] 定量 13頭 本賞金:800,320,200,120,80万円",13,800.0,4,1,1,イッツオンリーユー,牝,4,56.0,佐々木,107.5,1.3/4,6,10.3,39.4,4-3-4-3,美浦 矢嶋,476,2,
202401010607,2024-08-04,札幌,7,3歳以上1勝クラス,ダ,1700,右,曇,稍,"1回 札幌 6日目 サラ系３歳以上 １勝クラス       牝[指] 定量 13頭 本賞金:800,320,200,120,80万円",13,800.0,5,4,5,オーロヴェール,牝,3,53.0,浜中,107.6,1/2,2,5.5,39.5,9-8-4-5,栗東 田中克,484,4,
202401010607,2024-08-04,札幌,7,3歳以上1勝クラス,ダ,1700,右,曇,稍,"1回 札幌 6日目 サラ系３歳以上 １勝クラス       牝[指] 定量 13頭 本賞金:800,320,200,120,80万円",13,800.0,6,7,11,カフェノワール,牝,4,56.0,西村淳,107.6,クビ,7,17.1,39.4,4-6-6-5,栗東 池江,478,2,
202401010607,2024-08-04,札幌,7,3歳以上1勝クラス,ダ,1700,右,曇,稍,"1回 札幌 6日目 サラ系３歳以上 １勝クラス       牝[指] 定量 13頭 本賞金:800,320,200,120,80万円",13,800.0,7,6,8,クラヴィコード,牝,3,53.0,鮫島駿,107.6,ハナ,9,58.2,39.3,7-8-6-7,栗東 中村,490,10,
202401010607,2024-08-04,札幌,7,3歳以上1勝クラス,ダ,1700,右,曇,稍,"1回 札幌 6日目 サラ系３歳以上 １勝クラス       牝[指] 定量 13頭 本賞金:800,320,200,120,80万円",13,800.0,8,3,3,フェルンマンボ,牝,5,56.0,横山武,108.0,2,3,7.2,38.9,9-10-13-12,栗東 辻野,470,-4,
202401010607,2024-08-04,札幌,7,3歳以上1勝クラス,ダ,1700,右,曇,稍,"1回 札幌 6日目 サラ系３歳以上 １勝クラス       牝[指] 定量 13頭 本賞金:800,320,200,120,80万円",13,800.0,9,8,13,レイクスター,牝,3,53.0,横山和,108.0,クビ,4,8.9,39.5,9-10-8-7,栗東 上村,494,14,
202401010607,2024-08-04,札幌,7,3歳以上1勝クラス,ダ,1700,右,曇,稍,"1回 札幌 6日目 サラ系３歳以上 １勝クラス       牝[指] 定量 13頭 本賞金:800,320,200,120,80万円",13,800.0,10,7,10,トウロウノオノ,牝,4,53.0,▲長浜,108.1,1/2,13,166.0,39.4,9-10-10-11,美浦 竹内,438,-4,
202401010607,2024-08-04,札幌,7,3歳以上1勝クラス,ダ,1700,右,曇,稍,"1回 札幌 6日目 サラ系３歳以上 １勝クラス       牝[指] 定量 13頭 本賞金:800,320,200,120,80万円",13,800.0,11,6,9,シュニー,牝,4,56.0,小崎,108.3,1.1/4,10,103.8,39.8,4-5-8-10,栗東 小崎,472,30,
202401010607,2024-08-04,札幌,7,3歳以上1勝クラス,ダ,1700,右,曇,稍,"1回 札幌 6日目 サラ系３歳以上 １勝クラス       牝[指] 定量 13頭 本賞金:800,320,200,120,80万円",13,800.0,12,5,6,レジュークレール,牝,4,56.0,永野,108.9,4,11,150.7,40.1,7-6-10-12,美浦 青木,444,10,
202401010607,2024-08-04,札幌,7,3歳以上1勝クラス,ダ,1700,右,曇,稍,"1回 札幌 6日目 サラ系３歳以上 １勝クラス       牝[指] 定量 13頭 本賞金:800,320,200,120,80万円",13,800.0,13,4,4,サンセットブライト,牝,3,52.0,☆横山琉,109.5,3.1/2,8,39.9,41.8,1-1-2-3,美浦 相沢,512,4,
202401010608,2024-08-04,札幌,8,3歳以上1勝クラス,芝,2000,右,曇,稍,"1回 札幌 6日目 サラ系３歳以上 １勝クラス       (混)[指] 定量 10頭 本賞金:800,320,200,120,80万円",10,800.0,1,4,4,ハヤテノフクノスケ,牡,3,55.0,鮫島駿,121.5,,1,2.4,35.8,6-6-5-3,栗東 中村,514,2,
202401010608,2024-08-04,札幌,8,3歳以上1勝クラス,芝,2000,右,曇,稍,"1回 札幌 6日目 サラ系３歳以上 １勝クラス       (混)[指] 定量 10頭 本賞金:800,320,200,120,80万円",10,800.0,2,6,6,コスモレオナルド,牡,3,55.0,横山武,122.0,3,3,6.0,36.6,5-4-4-5,美浦 鹿戸,452,0,
202401010608,2024-08-04,札幌,8,3歳以上1勝クラス,芝,2000,右,曇,稍,"1回 札幌 6日目 サラ系３歳以上 １勝クラス       (混)[指] 定量 10頭 本賞金:800,320,200,120,80万円",10,800.0,3,1,1,マイネルフランツ,牡,3,55.0,丹内,122.6,3.1/2,2,2.9,37.4,3-3-2-2,美浦 和田郎,482,-4,
202401010608,2024-08-04,札幌,8,3歳以上1勝クラス,芝,2000,右,曇,稍,"1回 札幌 6日目 サラ系３歳以上 １勝クラス       (混)[指] 定量 10頭 本賞金:800,320,200,120,80万円",10,800.0,4,7,7,ユイノオトコヤマ,牡,4,58.0,黛,122.7,1,8,98.6,35.9,10-10-9-8,美浦 深山,474,4,
202401010608,2024-08-04,札幌,8,3歳以上1勝クラス,芝,2000,右,曇,稍,"1回 札幌 6日目 サラ系３歳以上 １勝クラス       (混)[指] 定量 10頭 本賞金:800,320,200,120,80万円",10,800.0,5,5,5,ソウルアンドジャズ,牡,3,55.0,富田,123.2,3,6,11.9,37.5,4-4-5-6,美浦 武井,488,-10,
202401010608,2024-08-04,札幌,8,3歳以上1勝クラス,芝,2000,右,曇,稍,"1回 札幌 6日目 サラ系３歳以上 １勝クラス       (混)[指] 定量 10頭 本賞金:800,320,200,120,80万円",10,800.0,6,8,9,ダイヤモンドレイン,牝,3,53.0,池添,123.3,3/4,4,8.4,38.2,1-1-1-1,栗東 池添,496,2,
202401010608,2024-08-04,札幌,8,3歳以上1勝クラス,芝,2000,右,曇,稍,"1回 札幌 6日目 サラ系３歳以上 １勝クラス       (混)[指] 定量 10頭 本賞金:800,320,200,120,80万円",10,800.0,7,3,3,サルヴィアーノ,牝,3,53.0,横山和,123.7,2.1/2,5,11.1,38.5,2-2-2-3,美浦 栗田,488,4,
202401010608,2024-08-04,札幌,8,3歳以上1勝クラス,芝,2000,右,曇,稍,"1回 札幌 6日目 サラ系３歳以上 １勝クラス       (混)[指] 定量 10頭 本賞金:800,320,200,120,80万円",10,800.0,8,7,8,マイネルヒッツェ,牡,6,55.0,▲高杉,123.9,1.1/4,7,68.6,37.2,7-7-8-8,美浦 粕谷,480,4,
202401010608,2024-08-04,札幌,8,3歳以上1勝クラス,芝,2000,右,曇,稍,"1回 札幌 6日目 サラ系３歳以上 １勝クラス       (混)[指] 定量 10頭 本賞金:800,320,200,120,80万円",10,800.0,9,2,2,キングリスティア,セ,8,58.0,古川吉,124.0,クビ,10,205.1,37.5,8-7-7-7,栗東 河内,518,2,
202401010608,2024-08-04,札幌,8,3歳以上1勝クラス,芝,2000,右,曇,稍,"1回 札幌 6日目 サラ系３歳以上 １勝クラス       (混)[指] 定量 10頭 本賞金:800,320,200,120,80万円",10,800.0,10,8,10,チャイボーグ,牝,4,53.0,▲長浜,124.4,2.1/2,9,134.6,37.6,8-9-9-10,美浦 的場,476,4,
202401010609,2024-08-04,札幌,9,HTB賞,芝,1800,右,曇,稍,"1回 札幌 6日目 サラ系３歳以上 ２勝クラス       (混)[指] 定量 14頭 本賞金:1550,620,390,230,155万円",14,1550.0,1,7,11,エリダヌス,牝,4,56.0,横山武,109.2,,1,4.6,35.9,3-3-3-3,美浦 青木,494,2,
202401010609,2024-08-04,札幌,9,HTB賞,芝,1800,右,曇,稍,"1回 札幌 6日目 サラ系３歳以上 ２勝クラス       (混)[指] 定量 14頭 本賞金:1550,620,390,230,155万円",14,1550.0,2,2,2,エグランタイン,牝,5,56.0,鮫島駿,109.2,アタマ,6,7.9,35.7,3-4-4-4,栗東 笹田,450,-2,
202401010609,2024-08-04,札幌,9,HTB賞,芝,1800,右,曇,稍,"1回 札幌 6日目 サラ系３歳以上 ２勝クラス       (混)[指] 定量 14頭 本賞金:1550,620,390,230,155万円",14,1550.0,3,3,3,ユイ,牝,5,56.0,富田,109.5,1.1/2,10,31.2,36.4,1-1-1-1,栗東 高橋康,456,0,
202401010609,2024-08-04,札幌,9,HTB賞,芝,1800,右,曇,稍,"1回 札幌 6日目 サラ系３歳以上 ２勝クラス       (混)[指] 定量 14頭 本賞金:1550,620,390,230,155万円",14,1550.0,4,4,5,マチカゼ,牡,4,58.0,武豊,109.6,1/2,2,5.9,35.8,8-8-8-6,栗東 杉山晴,484,2,
202401010609,2024-08-04,札幌,9,HTB賞,芝,1800,右,曇,稍,"1回 札幌 6日目 サラ系３歳以上 ２勝クラス       (混)[指] 定量 14頭 本賞金:1550,620,390,230,155万円",14,1550.0,5,5,7,ピンクジン,牝,4,56.0,黛,109.6,クビ,7,10.9,35.5,10-12-12-11,美浦 南田,444,4,
202401010609,2024-08-04,札幌,9,HTB賞,芝,1800,右,曇,稍,"1回 札幌 6日目 サラ系３歳以上 ２勝クラス       (混)[指] 定量 14頭 本賞金:1550,620,390,230,155万円",14,1550.0,6,7,12,アマイ,牝,4,56.0,永野,109.6,ハナ,4,6.3,36.4,2-2-2-2,美浦 伊藤大,456,2,
202401010609,2024-08-04,札幌,9,HTB賞,芝,1800,右,曇,稍,"1回 札幌 6日目 サラ系３歳以上 ２勝クラス       (混)[指] 定量 14頭 本賞金:1550,620,390,230,155万円",14,1550.0,7,4,6,ノレッジビューティ,牝,4,56.0,岩田康,109.7,1/2,8,12.9,35.5,14-14-12-11,栗東 上村,446,-8,
202401010609,2024-08-04,札幌,9,HTB賞,芝,1800,右,曇,稍,"1回 札幌 6日目 サラ系３歳以上 ２勝クラス       (混)[指] 定量 14頭 本賞金:1550,620,390,230,155万円",14,1550.0,8,1,1,テイデ,セ,6,58.0,佐々木,109.8,1/2,3,6.0,35.9,10-10-11-11,美浦 堀,464,-10,
202401010609,2024-08-04,札幌,9,HTB賞,芝,1800,右,曇,稍,"1回 札幌 6日目 サラ系３歳以上 ２勝クラス       (混)[指] 定量 14頭 本賞金:1550,620,390,230,155万円",14,1550.0,9,6,10,スカイフォール,牡,5,58.0,丹内,109.9,クビ,5,7.9,36.5,5-4-4-4,栗東 昆,482,-6,
202401010609,2024-08-04,札幌,9,HTB賞,芝,1800,右,曇,稍,"1回 札幌 6日目 サラ系３歳以上 ２勝クラス       (混)[指] 定量 14頭 本賞金:1550,620,390,230,155万円",14,1550.0,10,3,4,マンクスホップ,牝,5,56.0,斎藤,110.1,1.1/4,12,52.0,36.5,5-6-6-6,栗東 小椋,458,0,
202401010609,2024-08-04,札幌,9,HTB賞,芝,1800,右,曇,稍,"1回 札幌 6日目 サラ系３歳以上 ２勝クラス       (混)[指] 定量 14頭 本賞金:1550,620,390,230,155万円",14,1550.0,11,8,13,コパノアントニオ,牡,3,55.0,高杉,110.3,1.1/2,13,93.1,36.7,8-6-6-6,栗東 梅田,470,-2,
202401010609,2024-08-04,札幌,9,HTB賞,芝,1800,右,曇,稍,"1回 札幌 6日目 サラ系３歳以上 ２勝クラス       (混)[指] 定量 14頭 本賞金:1550,620,390,230,155万円",14,1550.0,12,8,14,ナリタザクラ,牡,7,58.0,横山和,110.4,3/4,11,50.9,36.0,13-13-14-14,栗東 高橋亮,504,4,
202401010609,2024-08-04,札幌,9,HTB賞,芝,1800,右,曇,稍,"1回 札幌 6日目 サラ系３歳以上 ２勝クラス       (混)[指] 定量 14頭 本賞金:1550,620,390,230,155万円",14,1550.0,13,5,8,スカーズ,牡,4,58.0,浜中,110.4,ハナ,9,26.0,36.6,10-10-8-9,栗東 武幸,482,0,
202401010609,2024-08-04,札幌,9,HTB賞,芝,1800,右,曇,稍,"1回 札幌 6日目 サラ系３歳以上 ２勝クラス       (混)[指] 定量 14頭 本賞金:1550,620,390,230,155万円",14,1550.0,14,6,9,ヴァンルーラー,牝,5,56.0,小林勝,110.5,1/2,14,138.8,36.8,5-8-8-9,栗東 河嶋,454,0,
202401010610,2024-08-04,札幌,10,札幌スポニチ賞,芝,1200,右,曇,稍,"1回 札幌 6日目 サラ系３歳以上 ２勝クラス       (混)(特指) 定量 16頭 本賞金:1550,620,390,230,155万円",16,1550.0,1,4,8,コナブラック,牡,5,58.0,亀田,69.3,,6,10.5,34.7,4-4,栗東 清水久,516,2,
202401010610,2024-08-04,札幌,10,札幌スポニチ賞,芝,1200,右,曇,稍,"1回 札幌 6日目 サラ系３歳以上 ２勝クラス       (混)(特指) 定量 16頭 本賞金:1550,620,390,230,155万円",16,1550.0,2,5,10,マルプリ,牝,4,56.0,斎藤,69.3,クビ,14,59.4,34.4,6-6,美浦 青木,460,2,
202401010610,2024-08-04,札幌,10,札幌スポニチ賞,芝,1200,右,曇,稍,"1回 札幌 6日目 サラ系３歳以上 ２勝クラス       (混)(特指) 定量 16頭 本賞金:1550,620,390,230,155万円",16,1550.0,3,5,9,ミズノコキュウ,牝,5,56.0,丹内,69.4,3/4,2,5.2,35.1,2-2,美浦 水野,432,4,
202401010610,2024-08-04,札幌,10,札幌スポニチ賞,芝,1200,右,曇,稍,"1回 札幌 6日目 サラ系３歳以上 ２勝クラス       (混)(特指) 定量 16頭 本賞金:1550,620,390,230,155万円",16,1550.0,4,7,14,ヴィアドロローサ,牡,5,58.0,北村友,69.6,1.1/4,13,42.9,34.2,12-11,栗東 高橋一,448,-12,
202401010610,2024-08-04,札幌,10,札幌スポニチ賞,芝,1200,右,曇,稍,"1回 札幌 6日目 サラ系３歳以上 ２勝クラス       (混)(特指) 定量 16頭 本賞金:1550,620,390,230,155万円",16,1550.0,5,6,12,ロゼクラン,牝,6,56.0,荻野琢,69.6,ハナ,12,34.8,34.5,9-9,栗東 藤沢,446,2,
202401010610,2024-08-04,札幌,10,札幌スポニチ賞,芝,1200,右,曇,稍,"1回 札幌 6日目 サラ系３歳以上 ２勝クラス       (混)(特指) 定量 16頭 本賞金:1550,620,390,230,155万円",16,1550.0,6,4,7,ゴキゲンサン,牝,4,56.0,永野,69.6,ハナ,16,59.7,34.7,6-6,美浦 伊藤大,498,0,
202401010610,2024-08-04,札幌,10,札幌スポニチ賞,芝,1200,右,曇,稍,"1回 札幌 6日目 サラ系３歳以上 ２勝クラス       (混)(特指) 定量 16頭 本賞金:1550,620,390,230,155万円",16,1550.0,7,6,11,オルフェスト,牝,4,56.0,丸山,69.7,クビ,5,10.0,35.3,2-2,美浦 池上,436,-14,
202401010610,2024-08-04,札幌,10,札幌スポニチ賞,芝,1200,右,曇,稍,"1回 札幌 6日目 サラ系３歳以上 ２勝クラス       (混)(特指) 定量 16頭 本賞金:1550,620,390,230,155万円",16,1550.0,8,1,1,カイカノキセキ,牝,5,56.0,西村淳,69.7,ハナ,7,13.7,35.2,4-4,栗東 高橋一,504,6,
202401010610,2024-08-04,札幌,10,札幌スポニチ賞,芝,1200,右,曇,稍,"1回 札幌 6日目 サラ系３歳以上 ２勝クラス       (混)(特指) 定量 16頭 本賞金:1550,620,390,230,155万円",16,1550.0,9,7,13,ゴルトリッチ,牡,4,58.0,横山武,69.7,クビ,1,4.7,34.0,13-13,栗東 牧浦,508,2,
202401010610,2024-08-04,札幌,10,札幌スポニチ賞,芝,1200,右,曇,稍,"1回 札幌 6日目 サラ系３歳以上 ２勝クラス       (混)(特指) 定量 16頭 本賞金:1550,620,390,230,155万円",16,1550.0,10,3,6,ポルタフォルトゥナ,牝,5,56.0,古川吉,69.7,ハナ,9,19.2,35.5,1-1,美浦 土田,478,4,
202401010610,2024-08-04,札幌,10,札幌スポニチ賞,芝,1200,右,曇,稍,"1回 札幌 6日目 サラ系３歳以上 ２勝クラス       (混)(特指) 定量 16頭 本賞金:1550,620,390,230,155万円",16,1550.0,11,2,4,スイミーユニバンス,牝,4,56.0,武豊,69.9,1,4,6.8,34.6,10-9,栗東 平田,440,-2,
202401010610,2024-08-04,札幌,10,札幌スポニチ賞,芝,1200,右,曇,稍,"1回 札幌 6日目 サラ系３歳以上 ２勝クラス       (混)(特指) 定量 16頭 本賞金:1550,620,390,230,155万円",16,1550.0,12,8,16,アップストローク,セ,5,58.0,大野,70.0,3/4,10,27.4,34.1,15-14,美浦 杉浦,454,-6,
202401010610,2024-08-04,札幌,10,札幌スポニチ賞,芝,1200,右,曇,稍,"1回 札幌 6日目 サラ系３歳以上 ２勝クラス       (混)(特指) 定量 16頭 本賞金:1550,620,390,230,155万円",16,1550.0,13,3,5,アンビバレント,牡,4,58.0,菱田,70.1,クビ,11,33.0,33.9,16-14,栗東 藤野,466,2,
202401010610,2024-08-04,札幌,10,札幌スポニチ賞,芝,1200,右,曇,稍,"1回 札幌 6日目 サラ系３歳以上 ２勝クラス       (混)(特指) 定量 16頭 本賞金:1550,620,390,230,155万円",16,1550.0,14,8,15,ヤマニンアストロン,牡,3,56.0,浜中,70.1,クビ,3,6.5,34.3,14-14,栗東 石橋,470,-8,
202401010610,2024-08-04,札幌,10,札幌スポニチ賞,芝,1200,右,曇,稍,"1回 札幌 6日目 サラ系３歳以上 ２勝クラス       (混)(特指) 定量 16頭 本賞金:1550,620,390,230,155万円",16,1550.0,15,1,2,トリップトゥムーン,牡,5,58.0,佐々木,70.7,3.1/2,15,59.7,35.9,6-8,栗東 新谷,442,-4,
202401010610,2024-08-04,札幌,10,札幌スポニチ賞,芝,1200,右,曇,稍,"1回 札幌 6日目 サラ系３歳以上 ２勝クラス       (混)(特指) 定量 16頭 本賞金:1550,620,390,230,155万円",16,1550.0,16,2,3,スムースベルベット,牝,4,56.0,黛,71.1,2,8,16.5,35.8,10-11,美浦 手塚,492,2,
202401010611,2024-08-04,札幌,11,エルムS,ダ,1700,右,曇,稍,"1回 札幌 6日目 サラ系３歳以上 オープン       (国際)(指) 別定 14頭 本賞金:3800,1500,950,570,380万円",14,3800.0,1,6,9,ペイシャエス,牡,5,58.0,横山和,104.0,,5,9.8,36.7,5-3-4-4,美浦 小西,500,0,
202401010611,2024-08-04,札幌,11,エルムS,ダ,1700,右,曇,稍,"1回 札幌 6日目 サラ系３歳以上 オープン       (国際)(指) 別定 14頭 本賞金:3800,1500,950,570,380万円",14,3800.0,2,6,10,ドゥラエレーデ,牡,4,57.0,武豊,104.1,クビ,1,3.4,37.0,2-2-2-2,栗東 池添,,,
202401010611,2024-08-04,札幌,11,エルムS,ダ,1700,右,曇,稍,"1回 札幌 6日目 サラ系３歳以上 オープン       (国際)(指) 別定 14頭 本賞金:3800,1500,950,570,380万円",14,3800.0,3,7,12,テーオードレフォン,牡,5,57.0,丸山,104.3,1.1/4,10,26.0,37.1,3-3-3-3,栗東 梅田,496,0,
202401010611,2024-08-04,札幌,11,エルムS,ダ,1700,右,曇,稍,"1回 札幌 6日目 サラ系３歳以上 オープン       (国際)(指) 別定 14頭 本賞金:3800,1500,950,570,380万円",14,3800.0,4,5,8,シルトプレ,牡,5,57.0,石川倭,104.7,2.1/2,12,54.4,36.4,14-14-11-10,地方 米川昇,472,-10,
202401010611,2024-08-04,札幌,11,エルムS,ダ,1700,右,曇,稍,"1回 札幌 6日目 サラ系３歳以上 オープン       (国際)(指) 別定 14頭 本賞金:3800,1500,950,570,380万円",14,3800.0,5,5,7,ミトノオー,牡,4,58.0,松山,104.8,3/4,3,5.1,37.7,1-1-1-1,美浦 牧,506,-12,
202401010611,2024-08-04,札幌,11,エルムS,ダ,1700,右,曇,稍,"1回 札幌 6日目 サラ系３歳以上 オープン       (国際)(指) 別定 14頭 本賞金:3800,1500,950,570,380万円",14,3800.0,6,3,3,ヴィクティファルス,セ,6,58.0,池添,104.9,クビ,11,43.3,36.8,13-12-10-8,栗東 池添,480,-12,
202401010611,2024-08-04,札幌,11,エルムS,ダ,1700,右,曇,稍,"1回 札幌 6日目 サラ系３歳以上 オープン       (国際)(指) 別定 14頭 本賞金:3800,1500,950,570,380万円",14,3800.0,7,8,14,プロミストウォリア,牡,7,58.0,西村淳,105.1,1.1/2,4,7.4,37.7,5-6-4-4,栗東 野中,526,-4,
202401010611,2024-08-04,札幌,11,エルムS,ダ,1700,右,曇,稍,"1回 札幌 6日目 サラ系３歳以上 オープン       (国際)(指) 別定 14頭 本賞金:3800,1500,950,570,380万円",14,3800.0,8,3,4,ナチュラルハイ,牡,4,57.0,永野,105.2,3/4,2,4.9,37.8,3-3-4-6,美浦 黒岩,466,-10,
202401010611,2024-08-04,札幌,11,エルムS,ダ,1700,右,曇,稍,"1回 札幌 6日目 サラ系３歳以上 オープン       (国際)(指) 別定 14頭 本賞金:3800,1500,950,570,380万円",14,3800.0,9,8,13,ベルダーイメル,牡,7,57.0,富田暁,105.3,1/2,9,23.9,37.4,9-9-8-8,栗東 本田,464,-4,
202401010611,2024-08-04,札幌,11,エルムS,ダ,1700,右,曇,稍,"1回 札幌 6日目 サラ系３歳以上 オープン       (国際)(指) 別定 14頭 本賞金:3800,1500,950,570,380万円",14,3800.0,10,1,1,フルム,牡,5,57.0,水口,105.3,クビ,8,22.0,37.6,7-7-7-7,栗東 浜田,482,-12,
202401010611,2024-08-04,札幌,11,エルムS,ダ,1700,右,曇,稍,"1回 札幌 6日目 サラ系３歳以上 オープン       (国際)(指) 別定 14頭 本賞金:3800,1500,950,570,380万円",14,3800.0,11,7,11,タガノクリステル,牝,5,55.0,古川吉,105.6,1.1/2,14,156.5,37.3,10-11-11-11,栗東 長谷川,500,6,
202401010611,2024-08-04,札幌,11,エルムS,ダ,1700,右,曇,稍,"1回 札幌 6日目 サラ系３歳以上 オープン       (国際)(指) 別定 14頭 本賞金:3800,1500,950,570,380万円",14,3800.0,12,4,6,サヴァ,牡,6,57.0,岩田康,105.8,1.1/2,6,11.2,37.6,7-8-11-13,栗東 上村,530,-2,
202401010611,2024-08-04,札幌,11,エルムS,ダ,1700,右,曇,稍,"1回 札幌 6日目 サラ系３歳以上 オープン       (国際)(指) 別定 14頭 本賞金:3800,1500,950,570,380万円",14,3800.0,13,4,5,ホウオウアマゾン,牡,6,57.0,菱田,106.1,1.3/4,13,86.2,37.5,12-13-14-13,栗東 矢作,524,6,
202401010611,2024-08-04,札幌,11,エルムS,ダ,1700,右,曇,稍,"1回 札幌 6日目 サラ系３歳以上 オープン       (国際)(指) 別定 14頭 本賞金:3800,1500,950,570,380万円",14,3800.0,14,2,2,ユティタム,牡,4,57.0,佐々木,106.5,2.1/2,7,17.8,38.5,10-9-8-12,栗東 須貝,514,-6,
202401010612,2024-08-04,札幌,12,3歳以上1勝クラス,芝,1200,右,曇,稍,"1回 札幌 6日目 サラ系３歳以上 １勝クラス       牝[指] 定量 16頭 本賞金:800,320,200,120,80万円",16,800.0,1,8,15,ヒラボクミニー,牝,3,54.0,横山武,69.4,,6,12.6,35.4,7-5,美浦 村田,480,14,
202401010612,2024-08-04,札幌,12,3歳以上1勝クラス,芝,1200,右,曇,稍,"1回 札幌 6日目 サラ系３歳以上 １勝クラス       牝[指] 定量 16頭 本賞金:800,320,200,120,80万円",16,800.0,2,4,8,ソルレース,牝,3,54.0,北村友,69.4,クビ,2,3.9,35.5,6-3,美浦 田中博,464,-6,
202401010612,2024-08-04,札幌,12,3歳以上1勝クラス,芝,1200,右,曇,稍,"1回 札幌 6日目 サラ系３歳以上 １勝クラス       牝[指] 定量 16頭 本賞金:800,320,200,120,80万円",16,800.0,3,3,6,ランスオブサウンド,牝,4,56.0,藤岡佑,69.4,アタマ,8,27.7,34.7,13-13,栗東 奥村豊,460,10,
202401010612,2024-08-04,札幌,12,3歳以上1勝クラス,芝,1200,右,曇,稍,"1回 札幌 6日目 サラ系３歳以上 １勝クラス       牝[指] 定量 16頭 本賞金:800,320,200,120,80万円",16,800.0,4,3,5,サンポーニャ,牝,4,53.0,▲高杉,69.5,3/4,7,17.5,36.0,2-2,栗東 池江,448,-2,
202401010612,2024-08-04,札幌,12,3歳以上1勝クラス,芝,1200,右,曇,稍,"1回 札幌 6日目 サラ系３歳以上 １勝クラス       牝[指] 定量 16頭 本賞金:800,320,200,120,80万円",16,800.0,5,7,14,ベアゴーゴー,牝,3,54.0,大野,69.5,ハナ,3,4.7,36.2,1-1,美浦 杉浦,492,16,
202401010612,2024-08-04,札幌,12,3歳以上1勝クラス,芝,1200,右,曇,稍,"1回 札幌 6日目 サラ系３歳以上 １勝クラス       牝[指] 定量 16頭 本賞金:800,320,200,120,80万円",16,800.0,6,6,11,マテンロウアネモス,牝,4,53.0,▲鷲頭,69.6,クビ,11,30.9,35.3,10-10,美浦 久保田,434,10,
202401010612,2024-08-04,札幌,12,3歳以上1勝クラス,芝,1200,右,曇,稍,"1回 札幌 6日目 サラ系３歳以上 １勝クラス       牝[指] 定量 16頭 本賞金:800,320,200,120,80万円",16,800.0,7,2,4,マイレーヌ,牝,4,56.0,斎藤,69.6,クビ,9,27.8,35.4,9-5,美浦 斎藤誠,500,-8,
202401010612,2024-08-04,札幌,12,3歳以上1勝クラス,芝,1200,右,曇,稍,"1回 札幌 6日目 サラ系３歳以上 １勝クラス       牝[指] 定量 16頭 本賞金:800,320,200,120,80万円",16,800.0,8,7,13,ラリベラ,牝,5,56.0,菱田,69.7,クビ,13,53.9,36.1,4-5,栗東 藤野,466,-6,
202401010612,2024-08-04,札幌,12,3歳以上1勝クラス,芝,1200,右,曇,稍,"1回 札幌 6日目 サラ系３歳以上 １勝クラス       牝[指] 定量 16頭 本賞金:800,320,200,120,80万円",16,800.0,9,5,9,ダークブロンド,牝,4,56.0,横山和,69.8,1/2,4,10.0,35.0,14-13,栗東 高橋亮,432,0,
202401010612,2024-08-04,札幌,12,3歳以上1勝クラス,芝,1200,右,曇,稍,"1回 札幌 6日目 サラ系３歳以上 １勝クラス       牝[指] 定量 16頭 本賞金:800,320,200,120,80万円",16,800.0,10,6,12,レディーエンジェル,牝,3,54.0,松山,69.9,1/2,12,48.0,35.4,12-11,栗東 岡田,474,-2,
202401010612,2024-08-04,札幌,12,3歳以上1勝クラス,芝,1200,右,曇,稍,"1回 札幌 6日目 サラ系３歳以上 １勝クラス       牝[指] 定量 16頭 本賞金:800,320,200,120,80万円",16,800.0,11,5,10,ソングフォーユー,牝,5,56.0,鮫島駿,69.9,ハナ,5,11.6,36.2,4-3,美浦 上原博,468,6,
202401010612,2024-08-04,札幌,12,3歳以上1勝クラス,芝,1200,右,曇,稍,"1回 札幌 6日目 サラ系３歳以上 １勝クラス       牝[指] 定量 16頭 本賞金:800,320,200,120,80万円",16,800.0,12,2,3,ナムラシベラ,牝,6,53.0,▲川端,69.9,クビ,15,98.4,35.9,7-5,栗東 藤沢,448,0,
202401010612,2024-08-04,札幌,12,3歳以上1勝クラス,芝,1200,右,曇,稍,"1回 札幌 6日目 サラ系３歳以上 １勝クラス       牝[指] 定量 16頭 本賞金:800,320,200,120,80万円",16,800.0,13,1,1,ビアフォーナウ,牝,3,54.0,小林凌,70.0,1/2,10,29.0,34.8,15-15,美浦 池上,442,10,
202401010612,2024-08-04,札幌,12,3歳以上1勝クラス,芝,1200,右,曇,稍,"1回 札幌 6日目 サラ系３歳以上 １勝クラス       牝[指] 定量 16頭 本賞金:800,320,200,120,80万円",16,800.0,14,1,2,ハレアカラフラ,牝,4,56.0,武豊,70.0,アタマ,1,3.7,35.7,10-11,栗東 音無,478,0,
202401010612,2024-08-04,札幌,12,3歳以上1勝クラス,芝,1200,右,曇,稍,"1回 札幌 6日目 サラ系３歳以上 １勝クラス       牝[指] 定量 16頭 本賞金:800,320,200,120,80万円",16,800.0,15,8,16,ソアラ,牝,4,56.0,佐々木,70.7,4,14,90.0,37.2,2-5,栗東 高橋康,478,-6,
202401010612,2024-08-04,札幌,12,3歳以上1勝クラス,芝,1200,右,曇,稍,"1回 札幌 6日目 サラ系３歳以上 １勝クラス       牝[指] 定量 16頭 本賞金:800,320,200,120,80万円",16,800.0,,4,7,アンタノバラード,牝,4,56.0,黛,,,,,,,美浦 伊藤大,442,-2,除外
202404020401,2024-08-04,新潟,1,2歳未勝利,芝,2000,左,晴,良,"2回 新潟 4日目 サラ系２歳 未勝利       (混)[指] 馬齢 8頭 本賞金:550,220,140,83,55万円",8,550.0,1,5,5,コスモイシュタル,牝,2,55.0,松岡,122.2,,2,4.5,35.7,4-4-4-3,美浦 深山,416,0,
202404020401,2024-08-04,新潟,1,2歳未勝利,芝,2000,左,晴,良,"2回 新潟 4日目 サラ系２歳 未勝利       (混)[指] 馬齢 8頭 本賞金:550,220,140,83,55万円",8,550.0,2,8,8,マイネルボス,牡,2,55.0,柴田大,122.2,アタマ,5,7.8,35.3,8-8-7-7,美浦 伊藤大,436,0,
202404020401,2024-08-04,新潟,1,2歳未勝利,芝,2000,左,晴,良,"2回 新潟 4日目 サラ系２歳 未勝利       (混)[指] 馬齢 8頭 本賞金:550,220,140,83,55万円",8,550.0,3,2,2,グティ,牡,2,55.0,川田,122.4,1.1/2,1,2.5,36.0,2-3-3-3,栗東 友道,506,0,
202404020401,2024-08-04,新潟,1,2歳未勝利,芝,2000,左,晴,良,"2回 新潟 4日目 サラ系２歳 未勝利       (混)[指] 馬齢 8頭 本賞金:550,220,140,83,55万円",8,550.0,4,7,7,マイネルトラオム,牡,2,55.0,和田竜,122.5,クビ,7,47.6,35.7,6-6-5-5,美浦 深山,446,-2,
202404020401,2024-08-04,新潟,1,2歳未勝利,芝,2000,左,晴,良,"2回 新潟 4日目 サラ系２歳 未勝利       (混)[指] 馬齢 8頭 本賞金:550,220,140,83,55万円",8,550.0,5,3,3,クレプスクルム,牡,2,55.0,三浦,122.5,クビ,3,4.8,36.4,2-2-2-2,美浦 上原博,450,-4,
202404020401,2024-08-04,新潟,1,2歳未勝利,芝,2000,左,晴,良,"2回 新潟 4日目 サラ系２歳 未勝利       (混)[指] 馬齢 8頭 本賞金:550,220,140,83,55万円",8,550.0,6,4,4,アイスモント,牝,2,55.0,坂井,122.6,クビ,4,6.8,35.9,4-4-5-5,栗東 宮本,444,8,
202404020401,2024-08-04,新潟,1,2歳未勝利,芝,2000,左,晴,良,"2回 新潟 4日目 サラ系２歳 未勝利       (混)[指] 馬齢 8頭 本賞金:550,220,140,83,55万円",8,550.0,7,6,6,ケアンズ,牡,2,55.0,武藤,123.0,2.1/2,8,65.7,35.9,7-7-8-7,美浦 武藤,464,0,
202404020401,2024-08-04,新潟,1,2歳未勝利,芝,2000,左,晴,良,"2回 新潟 4日目 サラ系２歳 未勝利       (混)[指] 馬齢 8頭 本賞金:550,220,140,83,55万円",8,550.0,8,1,1,テーオービースト,牡,2,55.0,菊沢,123.8,5,6,8.0,37.7,1-1-1-1,美浦 清水英,452,-4,
202404020402,2024-08-04,新潟,2,2歳新馬,芝,1600,左,晴,良,"2回 新潟 4日目 サラ系２歳 新馬       牝[指] 馬齢 14頭 本賞金:720,290,180,110,72万円",14,720.0,1,5,8,ダンツエラン,牝,2,55.0,団野,96.0,,3,5.4,33.6,2-2,栗東 本田,480,0,
202404020402,2024-08-04,新潟,2,2歳新馬,芝,1600,左,晴,良,"2回 新潟 4日目 サラ系２歳 新馬       牝[指] 馬齢 14頭 本賞金:720,290,180,110,72万円",14,720.0,2,3,4,ウィルサヴァイブ,牝,2,55.0,戸崎圭,96.1,1/2,5,16.8,33.7,1-1,栗東 須貝,432,0,
202404020402,2024-08-04,新潟,2,2歳新馬,芝,1600,左,晴,良,"2回 新潟 4日目 サラ系２歳 新馬       牝[指] 馬齢 14頭 本賞金:720,290,180,110,72万円",14,720.0,3,8,14,トレヴィ,牝,2,55.0,坂井,96.3,1.1/2,2,5.2,33.4,6-6,美浦 木村,448,0,
202404020402,2024-08-04,新潟,2,2歳新馬,芝,1600,左,晴,良,"2回 新潟 4日目 サラ系２歳 新馬       牝[指] 馬齢 14頭 本賞金:720,290,180,110,72万円",14,720.0,4,7,11,サリーチェ,牝,2,55.0,ルメー,96.6,1.1/2,1,1.7,33.5,8-8,栗東 池添,484,0,
202404020402,2024-08-04,新潟,2,2歳新馬,芝,1600,左,晴,良,"2回 新潟 4日目 サラ系２歳 新馬       牝[指] 馬齢 14頭 本賞金:720,290,180,110,72万円",14,720.0,5,3,3,プリンセスロロ,牝,2,55.0,吉田豊,96.6,クビ,11,96.8,34.0,3-3,美浦 戸田,412,0,
202404020402,2024-08-04,新潟,2,2歳新馬,芝,1600,左,晴,良,"2回 新潟 4日目 サラ系２歳 新馬       牝[指] 馬齢 14頭 本賞金:720,290,180,110,72万円",14,720.0,6,6,10,ケリフレッドアスク,牝,2,55.0,横山典,96.8,1,7,24.9,34.2,3-3,栗東 藤原,432,0,
202404020402,2024-08-04,新潟,2,2歳新馬,芝,1600,左,晴,良,"2回 新潟 4日目 サラ系２歳 新馬       牝[指] 馬齢 14頭 本賞金:720,290,180,110,72万円",14,720.0,7,4,6,アルマグラース,牝,2,55.0,三浦,96.9,3/4,9,41.2,34.2,3-3,美浦 水野,456,0,
202404020402,2024-08-04,新潟,2,2歳新馬,芝,1600,左,晴,良,"2回 新潟 4日目 サラ系２歳 新馬       牝[指] 馬齢 14頭 本賞金:720,290,180,110,72万円",14,720.0,8,1,1,ジョウショーメイク,牝,2,55.0,和田竜,96.9,ハナ,4,12.7,34.0,6-6,栗東 中尾,414,0,
202404020402,2024-08-04,新潟,2,2歳新馬,芝,1600,左,晴,良,"2回 新潟 4日目 サラ系２歳 新馬       牝[指] 馬齢 14頭 本賞金:720,290,180,110,72万円",14,720.0,9,6,9,ラッキークラウン,牝,2,55.0,田辺,97.5,3.1/2,6,24.3,34.1,11-10,美浦 蛯名正,464,0,
202404020402,2024-08-04,新潟,2,2歳新馬,芝,1600,左,晴,良,"2回 新潟 4日目 サラ系２歳 新馬       牝[指] 馬齢 14頭 本賞金:720,290,180,110,72万円",14,720.0,10,2,2,ミヤイグアス,牝,2,54.0,☆原,97.8,1.3/4,12,179.4,34.7,8-8,美浦 青木,422,0,
202404020402,2024-08-04,新潟,2,2歳新馬,芝,1600,左,晴,良,"2回 新潟 4日目 サラ系２歳 新馬       牝[指] 馬齢 14頭 本賞金:720,290,180,110,72万円",14,720.0,11,7,12,セラード,牝,2,52.0,▲石神道,98.4,3.1/2,13,242.5,34.5,11-12,美浦 佐藤吉,426,0,
202404020402,2024-08-04,新潟,2,2歳新馬,芝,1600,左,晴,良,"2回 新潟 4日目 サラ系２歳 新馬       牝[指] 馬齢 14頭 本賞金:720,290,180,110,72万円",14,720.0,12,8,13,テーオーニルソン,牝,2,54.0,☆西塚,98.7,2,10,65.0,35.0,13-12,栗東 梅田,424,0,
202404020402,2024-08-04,新潟,2,2歳新馬,芝,1600,左,晴,良,"2回 新潟 4日目 サラ系２歳 新馬       牝[指] 馬齢 14頭 本賞金:720,290,180,110,72万円",14,720.0,13,5,7,クリノモノリス,牝,2,54.0,☆小沢,100.2,9,14,279.3,36.4,8-10,栗東 川村,440,0,
202404020402,2024-08-04,新潟,2,2歳新馬,芝,1600,左,晴,良,"2回 新潟 4日目 サラ系２歳 新馬       牝[指] 馬齢 14頭 本賞金:720,290,180,110,72万円",14,720.0,14,4,5,バーミーズルビー,牝,2,55.0,幸,100.8,3.1/2,8,33.9,36.3,14-14,栗東 小林,446,0,
202404020403,2024-08-04,新潟,3,2歳新馬,芝,1800,左,晴,良,"2回 新潟 4日目 サラ系２歳 新馬       [指] 馬齢 9頭 本賞金:720,290,180,110,72万円",9,720.0,1,6,6,ジェゼロ,牡,2,55.0,川田,110.9,,1,1.3,33.0,7-7,栗東 須貝,478,0,
202404020403,2024-08-04,新潟,3,2歳新馬,芝,1800,左,晴,良,"2回 新潟 4日目 サラ系２歳 新馬       [指] 馬齢 9頭 本賞金:720,290,180,110,72万円",9,720.0,2,8,9,スカイタワー,牡,2,55.0,戸崎圭,110.9,ハナ,2,3.9,33.6,2-3,美浦 小笠,478,0,
202404020403,2024-08-04,新潟,3,2歳新馬,芝,1800,左,晴,良,"2回 新潟 4日目 サラ系２歳 新馬       [指] 馬齢 9頭 本賞金:720,290,180,110,72万円",9,720.0,3,4,4,ニシノイストワール,牡,2,55.0,三浦,111.3,2.1/2,3,12.5,34.1,1-1,美浦 鹿戸,444,0,
202404020403,2024-08-04,新潟,3,2歳新馬,芝,1800,左,晴,良,"2回 新潟 4日目 サラ系２歳 新馬       [指] 馬齢 9頭 本賞金:720,290,180,110,72万円",9,720.0,4,1,1,サイモンベローチェ,牡,2,55.0,団野,111.6,1.1/2,8,75.5,34.2,4-3,栗東 佐々木,516,0,
202404020403,2024-08-04,新潟,3,2歳新馬,芝,1800,左,晴,良,"2回 新潟 4日目 サラ系２歳 新馬       [指] 馬齢 9頭 本賞金:720,290,180,110,72万円",9,720.0,5,7,7,メイショウハダル,牝,2,55.0,吉田豊,111.8,1.1/2,5,21.9,33.9,7-7,栗東 河内,434,0,
202404020403,2024-08-04,新潟,3,2歳新馬,芝,1800,左,晴,良,"2回 新潟 4日目 サラ系２歳 新馬       [指] 馬齢 9頭 本賞金:720,290,180,110,72万円",9,720.0,6,8,8,シベリアンデネブ,牡,2,55.0,田辺,111.8,クビ,7,53.6,33.7,9-9,美浦 水野,474,0,
202404020403,2024-08-04,新潟,3,2歳新馬,芝,1800,左,晴,良,"2回 新潟 4日目 サラ系２歳 新馬       [指] 馬齢 9頭 本賞金:720,290,180,110,72万円",9,720.0,7,2,2,スペースリーガ,牡,2,54.0,☆原,111.9,クビ,9,128.2,34.2,4-5,美浦 森一,448,0,
202404020403,2024-08-04,新潟,3,2歳新馬,芝,1800,左,晴,良,"2回 新潟 4日目 サラ系２歳 新馬       [指] 馬齢 9頭 本賞金:720,290,180,110,72万円",9,720.0,8,5,5,セイウンピカイチ,牡,2,55.0,幸,112.2,2,6,51.5,35.0,2-2,美浦 尾形,466,0,
202404020403,2024-08-04,新潟,3,2歳新馬,芝,1800,左,晴,良,"2回 新潟 4日目 サラ系２歳 新馬       [指] 馬齢 9頭 本賞金:720,290,180,110,72万円",9,720.0,9,3,3,フェイトライン,牡,2,55.0,坂井,113.7,9,4,15.7,35.8,6-6,栗東 斉藤崇,498,0,
202404020404,2024-08-04,新潟,4,3歳未勝利,ダ,1800,左,晴,良,"2回 新潟 4日目 サラ系３歳 未勝利       [指] 馬齢 15頭 本賞金:550,220,140,83,55万円",15,550.0,1,7,13,アンドゥーラ,牡,3,57.0,坂井,114.3,,3,4.5,37.9,4-3-1-1,栗東 須貝,466,-4,
202404020404,2024-08-04,新潟,4,3歳未勝利,ダ,1800,左,晴,良,"2回 新潟 4日目 サラ系３歳 未勝利       [指] 馬齢 15頭 本賞金:550,220,140,83,55万円",15,550.0,2,3,4,レッドアレグロ,牡,3,57.0,ルメー,114.4,1/2,1,2.2,38.0,1-1-2-2,美浦 木村,472,6,
202404020404,2024-08-04,新潟,4,3歳未勝利,ダ,1800,左,晴,良,"2回 新潟 4日目 サラ系３歳 未勝利       [指] 馬齢 15頭 本賞金:550,220,140,83,55万円",15,550.0,3,4,7,ポチョラーダ,牝,3,52.0,▲吉村,115.7,8,13,189.9,39.1,2-2-3-3,美浦 大和田,500,-2,
202404020404,2024-08-04,新潟,4,3歳未勝利,ダ,1800,左,晴,良,"2回 新潟 4日目 サラ系３歳 未勝利       [指] 馬齢 15頭 本賞金:550,220,140,83,55万円",15,550.0,4,2,2,エグマリーヌ,牝,3,55.0,三浦,115.8,1/2,4,5.3,39.2,3-3-3-3,美浦 鹿戸,450,2,
202404020404,2024-08-04,新潟,4,3歳未勝利,ダ,1800,左,晴,良,"2回 新潟 4日目 サラ系３歳 未勝利       [指] 馬齢 15頭 本賞金:550,220,140,83,55万円",15,550.0,5,5,8,タイガノイッテキ,セ,3,55.0,◇永島,115.9,1/2,6,53.7,39.2,14-11-6-3,美浦 土田,474,-14,
202404020404,2024-08-04,新潟,4,3歳未勝利,ダ,1800,左,晴,良,"2回 新潟 4日目 サラ系３歳 未勝利       [指] 馬齢 15頭 本賞金:550,220,140,83,55万円",15,550.0,6,1,1,アドマイヤエイジア,牡,3,57.0,Ｍデム,116.0,3/4,2,4.2,39.0,11-11-10-10,栗東 大久保,500,-6,
202404020404,2024-08-04,新潟,4,3歳未勝利,ダ,1800,左,晴,良,"2回 新潟 4日目 サラ系３歳 未勝利       [指] 馬齢 15頭 本賞金:550,220,140,83,55万円",15,550.0,7,6,10,ツヨポンフェイス,牝,3,51.0,★大江比,116.2,1,8,60.7,39.4,10-10-7-7,栗東 清水久,426,-2,
202404020404,2024-08-04,新潟,4,3歳未勝利,ダ,1800,左,晴,良,"2回 新潟 4日目 サラ系３歳 未勝利       [指] 馬齢 15頭 本賞金:550,220,140,83,55万円",15,550.0,8,5,9,ノアファラオ,牡,3,55.0,△小林脩,116.6,2.1/2,12,186.8,39.8,8-8-7-7,美浦 石毛,458,6,
202404020404,2024-08-04,新潟,4,3歳未勝利,ダ,1800,左,晴,良,"2回 新潟 4日目 サラ系３歳 未勝利       [指] 馬齢 15頭 本賞金:550,220,140,83,55万円",15,550.0,9,4,6,マジカルプリンス,牡,3,57.0,柴田大,116.8,1.1/2,15,335.0,39.5,8-8-12-11,美浦 田中剛,468,-12,
202404020404,2024-08-04,新潟,4,3歳未勝利,ダ,1800,左,晴,良,"2回 新潟 4日目 サラ系３歳 未勝利       [指] 馬齢 15頭 本賞金:550,220,140,83,55万円",15,550.0,10,7,12,ワンダーヒナタ,牝,3,55.0,団野,116.8,クビ,10,107.6,39.7,12-14-10-11,栗東 斉藤崇,436,0,
202404020404,2024-08-04,新潟,4,3歳未勝利,ダ,1800,左,晴,良,"2回 新潟 4日目 サラ系３歳 未勝利       [指] 馬齢 15頭 本賞金:550,220,140,83,55万円",15,550.0,11,2,3,ボナーテソーロ,牡,3,57.0,木幡巧,117.0,1,9,66.1,39.7,14-14-12-11,美浦 畠山,456,-8,
202404020404,2024-08-04,新潟,4,3歳未勝利,ダ,1800,左,晴,良,"2回 新潟 4日目 サラ系３歳 未勝利       [指] 馬齢 15頭 本賞金:550,220,140,83,55万円",15,550.0,12,8,15,オセアハートマン,牡,3,57.0,野中,117.4,2.1/2,7,59.1,40.5,5-6-7-7,美浦 辻,494,-12,
202404020404,2024-08-04,新潟,4,3歳未勝利,ダ,1800,左,晴,良,"2回 新潟 4日目 サラ系３歳 未勝利       [指] 馬齢 15頭 本賞金:550,220,140,83,55万円",15,550.0,13,6,11,メイショウタイセツ,牡,3,57.0,酒井,117.5,1/2,11,173.1,40.0,12-11-15-15,栗東 長谷川,500,8,
202404020404,2024-08-04,新潟,4,3歳未勝利,ダ,1800,左,晴,良,"2回 新潟 4日目 サラ系３歳 未勝利       [指] 馬齢 15頭 本賞金:550,220,140,83,55万円",15,550.0,14,3,5,パワーマックィーン,牡,3,57.0,幸,118.1,3.1/2,5,15.7,40.8,5-6-12-11,栗東 大橋,462,6,
202404020404,2024-08-04,新潟,4,3歳未勝利,ダ,1800,左,晴,良,"2回 新潟 4日目 サラ系３歳 未勝利       [指] 馬齢 15頭 本賞金:550,220,140,83,55万円",15,550.0,15,8,14,レイズルノワール,牡,3,57.0,江田照,120.3,大,14,221.6,43.8,7-3-3-6,美浦 中川,560,10,
202404020405,2024-08-04,新潟,5,3歳未勝利,芝,1600,左,晴,良,"2回 新潟 4日目 サラ系３歳 未勝利       (混)[指] 馬齢 18頭 本賞金:550,220,140,83,55万円",18,550.0,1,4,7,ハニーコム,牝,3,55.0,戸崎圭,93.4,,3,4.6,33.7,5-5,美浦 蛯名正,430,2,
202404020405,2024-08-04,新潟,5,3歳未勝利,芝,1600,左,晴,良,"2回 新潟 4日目 サラ系３歳 未勝利       (混)[指] 馬齢 18頭 本賞金:550,220,140,83,55万円",18,550.0,2,3,6,レッドレクス,牡,3,56.0,☆西塚,93.4,クビ,2,3.9,34.0,3-3,栗東 藤原,476,2,
202404020405,2024-08-04,新潟,5,3歳未勝利,芝,1600,左,晴,良,"2回 新潟 4日目 サラ系３歳 未勝利       (混)[指] 馬齢 18頭 本賞金:550,220,140,83,55万円",18,550.0,3,8,18,ラガークイン,牝,3,55.0,坂井,93.5,1/2,1,3.2,33.3,8-8,栗東 大久保,396,-4,
202404020405,2024-08-04,新潟,5,3歳未勝利,芝,1600,左,晴,良,"2回 新潟 4日目 サラ系３歳 未勝利       (混)[指] 馬齢 18頭 本賞金:550,220,140,83,55万円",18,550.0,4,1,2,マンウォル,牝,3,55.0,菊沢,93.7,1.1/2,5,14.0,33.8,6-6,美浦 菊沢,428,6,
202404020405,2024-08-04,新潟,5,3歳未勝利,芝,1600,左,晴,良,"2回 新潟 4日目 サラ系３歳 未勝利       (混)[指] 馬齢 18頭 本賞金:550,220,140,83,55万円",18,550.0,5,4,8,テーオーロバート,牡,3,56.0,☆小沢,93.9,3/4,6,15.4,35.0,2-2,栗東 奥村豊,432,14,
202404020405,2024-08-04,新潟,5,3歳未勝利,芝,1600,左,晴,良,"2回 新潟 4日目 サラ系３歳 未勝利       (混)[指] 馬齢 18頭 本賞金:550,220,140,83,55万円",18,550.0,6,5,10,カンティーク,牝,3,54.0,☆角田和,93.9,アタマ,9,37.0,33.5,11-11,栗東 高橋亮,416,-4,
202404020405,2024-08-04,新潟,5,3歳未勝利,芝,1600,左,晴,良,"2回 新潟 4日目 サラ系３歳 未勝利       (混)[指] 馬齢 18頭 本賞金:550,220,140,83,55万円",18,550.0,7,7,13,レッドスウィング,牡,3,57.0,荻野極,94.1,1.1/4,12,91.0,33.9,8-8,栗東 池江,440,10,
202404020405,2024-08-04,新潟,5,3歳未勝利,芝,1600,左,晴,良,"2回 新潟 4日目 サラ系３歳 未勝利       (混)[指] 馬齢 18頭 本賞金:550,220,140,83,55万円",18,550.0,8,2,4,モンタンヴェール,牝,3,53.0,◇藤田菜,94.1,クビ,7,17.8,33.4,14-13,美浦 堀,414,0,
202404020405,2024-08-04,新潟,5,3歳未勝利,芝,1600,左,晴,良,"2回 新潟 4日目 サラ系３歳 未勝利       (混)[指] 馬齢 18頭 本賞金:550,220,140,83,55万円",18,550.0,9,3,5,アクシノス,牡,3,54.0,▲吉村,94.3,1.1/2,4,9.1,34.0,8-8,栗東 佐々木,472,6,
202404020405,2024-08-04,新潟,5,3歳未勝利,芝,1600,左,晴,良,"2回 新潟 4日目 サラ系３歳 未勝利       (混)[指] 馬齢 18頭 本賞金:550,220,140,83,55万円",18,550.0,10,7,14,ホーハイト,牡,3,57.0,石橋脩,94.5,3/4,15,136.7,34.5,6-6,美浦 池上,422,-4,
202404020405,2024-08-04,新潟,5,3歳未勝利,芝,1600,左,晴,良,"2回 新潟 4日目 サラ系３歳 未勝利       (混)[指] 馬齢 18頭 本賞金:550,220,140,83,55万円",18,550.0,11,5,9,オメガジャスミン,牝,3,54.0,☆原,94.6,1,16,209.3,35.1,3-3,美浦 大和田,452,10,
202404020405,2024-08-04,新潟,5,3歳未勝利,芝,1600,左,晴,良,"2回 新潟 4日目 サラ系３歳 未勝利       (混)[指] 馬齢 18頭 本賞金:550,220,140,83,55万円",18,550.0,12,8,17,エクセプション,牡,3,57.0,菅原隆,94.9,2,18,416.1,34.3,12-13,美浦 佐藤吉,424,0,
202404020405,2024-08-04,新潟,5,3歳未勝利,芝,1600,左,晴,良,"2回 新潟 4日目 サラ系３歳 未勝利       (混)[指] 馬齢 18頭 本賞金:550,220,140,83,55万円",18,550.0,13,1,1,キタサンシデン,牡,3,57.0,和田竜,94.9,ハナ,8,20.6,34.5,12-11,栗東 本田,492,-4,
202404020405,2024-08-04,新潟,5,3歳未勝利,芝,1600,左,晴,良,"2回 新潟 4日目 サラ系３歳 未勝利       (混)[指] 馬齢 18頭 本賞金:550,220,140,83,55万円",18,550.0,14,6,11,アドマイヤポーシュ,セ,3,57.0,杉原,95.2,1.1/2,13,106.2,34.3,14-15,美浦 宮田,454,-8,
202404020405,2024-08-04,新潟,5,3歳未勝利,芝,1600,左,晴,良,"2回 新潟 4日目 サラ系３歳 未勝利       (混)[指] 馬齢 18頭 本賞金:550,220,140,83,55万円",18,550.0,15,2,3,クランベリーダンス,牝,3,53.0,◇永島,95.2,ハナ,10,42.7,33.8,16-18,美浦 武藤,384,-2,
202404020405,2024-08-04,新潟,5,3歳未勝利,芝,1600,左,晴,良,"2回 新潟 4日目 サラ系３歳 未勝利       (混)[指] 馬齢 18頭 本賞金:550,220,140,83,55万円",18,550.0,16,7,15,ジョリアンジュ,牝,3,55.0,団野,95.4,1,11,48.9,34.2,18-16,栗東 佐々木,464,0,
202404020405,2024-08-04,新潟,5,3歳未勝利,芝,1600,左,晴,良,"2回 新潟 4日目 サラ系３歳 未勝利       (混)[指] 馬齢 18頭 本賞金:550,220,140,83,55万円",18,550.0,17,8,16,エリツィーノ,牝,3,55.0,酒井,95.4,クビ,14,107.4,34.0,16-17,栗東 四位,420,0,
202404020405,2024-08-04,新潟,5,3歳未勝利,芝,1600,左,晴,良,"2回 新潟 4日目 サラ系３歳 未勝利       (混)[指] 馬齢 18頭 本賞金:550,220,140,83,55万円",18,550.0,18,6,12,アーコレード,牝,3,55.0,三浦,96.3,5,17,340.0,37.7,1-1,美浦 田村,448,2,
202404020406,2024-08-04,新潟,6,驀進特別,芝,1000,直線,晴,良,"2回 新潟 4日目 サラ系３歳以上 ２勝クラス       (混)[指] 定量 18頭 本賞金:1550,620,390,230,155万円",18,1550.0,1,8,16,ジャスパーノワール,牡,3,56.0,団野,54.9,,1,2.2,33.0,1,栗東 森秀,504,-2,
202404020406,2024-08-04,新潟,6,驀進特別,芝,1000,直線,晴,良,"2回 新潟 4日目 サラ系３歳以上 ２勝クラス       (混)[指] 定量 18頭 本賞金:1550,620,390,230,155万円",18,1550.0,2,6,12,オルコス,牝,5,56.0,杉原,54.9,クビ,5,10.9,32.7,4,美浦 加藤士,440,-4,
202404020406,2024-08-04,新潟,6,驀進特別,芝,1000,直線,晴,良,"2回 新潟 4日目 サラ系３歳以上 ２勝クラス       (混)[指] 定量 18頭 本賞金:1550,620,390,230,155万円",18,1550.0,3,8,17,キングクー,牡,5,58.0,藤田菜,54.9,アタマ,4,9.9,32.2,11,美浦 根本,518,0,
202404020406,2024-08-04,新潟,6,驀進特別,芝,1000,直線,晴,良,"2回 新潟 4日目 サラ系３歳以上 ２勝クラス       (混)[指] 定量 18頭 本賞金:1550,620,390,230,155万円",18,1550.0,4,6,11,クインズコスモス,牝,5,56.0,石橋脩,55.0,クビ,3,8.3,32.8,4,美浦 加藤士,444,0,
202404020406,2024-08-04,新潟,6,驀進特別,芝,1000,直線,晴,良,"2回 新潟 4日目 サラ系３歳以上 ２勝クラス       (混)[指] 定量 18頭 本賞金:1550,620,390,230,155万円",18,1550.0,5,4,8,アサギリ,牝,3,54.0,石川,55.1,1/2,2,8.0,32.2,12,美浦 尾形,440,4,
202404020406,2024-08-04,新潟,6,驀進特別,芝,1000,直線,晴,良,"2回 新潟 4日目 サラ系３歳以上 ２勝クラス       (混)[指] 定量 18頭 本賞金:1550,620,390,230,155万円",18,1550.0,6,4,7,トウカイファクター,セ,5,58.0,Ｍデム,55.1,クビ,13,50.9,32.7,7,美浦 菊川,452,-12,
202404020406,2024-08-04,新潟,6,驀進特別,芝,1000,直線,晴,良,"2回 新潟 4日目 サラ系３歳以上 ２勝クラス       (混)[指] 定量 18頭 本賞金:1550,620,390,230,155万円",18,1550.0,7,3,5,オリアメンディ,牝,6,56.0,内田博,55.1,アタマ,11,41.4,32.1,13,美浦 石毛,474,10,
202404020406,2024-08-04,新潟,6,驀進特別,芝,1000,直線,晴,良,"2回 新潟 4日目 サラ系３歳以上 ２勝クラス       (混)[指] 定量 18頭 本賞金:1550,620,390,230,155万円",18,1550.0,8,5,10,セイウンハルカニ,牡,5,58.0,松本,55.2,クビ,12,43.2,32.6,9,美浦 竹内,474,4,
202404020406,2024-08-04,新潟,6,驀進特別,芝,1000,直線,晴,良,"2回 新潟 4日目 サラ系３歳以上 ２勝クラス       (混)[指] 定量 18頭 本賞金:1550,620,390,230,155万円",18,1550.0,9,1,1,テンジュイン,牝,7,56.0,坂井,55.3,1,14,82.8,32.2,15,栗東 千田,468,6,
202404020406,2024-08-04,新潟,6,驀進特別,芝,1000,直線,晴,良,"2回 新潟 4日目 サラ系３歳以上 ２勝クラス       (混)[指] 定量 18頭 本賞金:1550,620,390,230,155万円",18,1550.0,10,2,3,アイヲツグモノ,牝,4,56.0,菊沢,55.3,クビ,7,17.6,31.9,18,栗東 牧浦,496,0,
202404020406,2024-08-04,新潟,6,驀進特別,芝,1000,直線,晴,良,"2回 新潟 4日目 サラ系３歳以上 ２勝クラス       (混)[指] 定量 18頭 本賞金:1550,620,390,230,155万円",18,1550.0,11,2,4,ヨール,牝,5,56.0,嶋田,55.4,クビ,16,113.0,32.4,13,美浦 手塚,450,6,
202404020406,2024-08-04,新潟,6,驀進特別,芝,1000,直線,晴,良,"2回 新潟 4日目 サラ系３歳以上 ２勝クラス       (混)[指] 定量 18頭 本賞金:1550,620,390,230,155万円",18,1550.0,12,7,14,キュートヘスティア,牝,5,56.0,小沢,55.5,1/2,10,39.8,33.4,3,美浦 辻,464,8,
202404020406,2024-08-04,新潟,6,驀進特別,芝,1000,直線,晴,良,"2回 新潟 4日目 サラ系３歳以上 ２勝クラス       (混)[指] 定量 18頭 本賞金:1550,620,390,230,155万円",18,1550.0,13,5,9,カジュフェイス,牡,5,58.0,和田竜,55.6,1/2,17,127.4,33.1,8,栗東 森田,502,4,
202404020406,2024-08-04,新潟,6,驀進特別,芝,1000,直線,晴,良,"2回 新潟 4日目 サラ系３歳以上 ２勝クラス       (混)[指] 定量 18頭 本賞金:1550,620,390,230,155万円",18,1550.0,14,7,15,フォルテース,牡,4,58.0,長岡,55.6,クビ,8,19.2,33.6,2,栗東 高橋亮,448,6,
202404020406,2024-08-04,新潟,6,驀進特別,芝,1000,直線,晴,良,"2回 新潟 4日目 サラ系３歳以上 ２勝クラス       (混)[指] 定量 18頭 本賞金:1550,620,390,230,155万円",18,1550.0,15,8,18,バスドラムガール,牝,4,56.0,藤懸,55.7,1/2,6,13.0,33.5,4,栗東 羽月,464,6,
202404020406,2024-08-04,新潟,6,驀進特別,芝,1000,直線,晴,良,"2回 新潟 4日目 サラ系３歳以上 ２勝クラス       (混)[指] 定量 18頭 本賞金:1550,620,390,230,155万円",18,1550.0,16,3,6,セイウンダマシイ,牡,4,58.0,三浦,56.0,2,15,89.7,32.7,17,美浦 武市,466,-2,
202404020406,2024-08-04,新潟,6,驀進特別,芝,1000,直線,晴,良,"2回 新潟 4日目 サラ系３歳以上 ２勝クラス       (混)[指] 定量 18頭 本賞金:1550,620,390,230,155万円",18,1550.0,17,7,13,フラッシュアーク,牝,5,56.0,原,56.2,1.1/4,9,20.1,33.0,16,美浦 青木,470,-6,
202404020406,2024-08-04,新潟,6,驀進特別,芝,1000,直線,晴,良,"2回 新潟 4日目 サラ系３歳以上 ２勝クラス       (混)[指] 定量 18頭 本賞金:1550,620,390,230,155万円",18,1550.0,18,1,2,フクノワカバ,牝,4,56.0,松岡,56.3,クビ,18,252.5,33.7,9,栗東 杉山佳,450,14,
202404020407,2024-08-04,新潟,7,レパードS,ダ,1800,左,晴,良,"2回 新潟 4日目 サラ系３歳 オープン       (国際)(指) 馬齢 15頭 本賞金:3700,1500,930,560,370万円",15,3700.0,1,1,1,ミッキーファイト,牡,3,57.0,戸崎圭,111.2,,1,2.2,37.6,3-3-3-3,美浦 田中博,542,2,
202404020407,2024-08-04,新潟,7,レパードS,ダ,1800,左,晴,良,"2回 新潟 4日目 サラ系３歳 オープン       (国際)(指) 馬齢 15頭 本賞金:3700,1500,930,560,370万円",15,3700.0,2,8,14,サトノフェニックス,牡,3,57.0,和田竜,111.4,1,11,52.9,37.9,2-2-2-2,栗東 西園正,,,
202404020407,2024-08-04,新潟,7,レパードS,ダ,1800,左,晴,良,"2回 新潟 4日目 サラ系３歳 オープン       (国際)(指) 馬齢 15頭 本賞金:3700,1500,930,560,370万円",15,3700.0,3,5,9,ミッキークレスト,牡,3,57.0,坂井,111.9,3,6,15.3,37.7,10-9-6-5,栗東 大久保,504,0,
202404020407,2024-08-04,新潟,7,レパードS,ダ,1800,左,晴,良,"2回 新潟 4日目 サラ系３歳 オープン       (国際)(指) 馬齢 15頭 本賞金:3700,1500,930,560,370万円",15,3700.0,4,4,7,バロンドール,牡,3,57.0,横山典,112.1,1.1/2,10,48.8,38.4,5-4-3-3,栗東 松永幹,,,
202404020407,2024-08-04,新潟,7,レパードS,ダ,1800,左,晴,良,"2回 新潟 4日目 サラ系３歳 オープン       (国際)(指) 馬齢 15頭 本賞金:3700,1500,930,560,370万円",15,3700.0,5,4,6,ハビレ,牡,3,57.0,三浦,112.1,アタマ,8,24.3,37.7,11-11-9-8,美浦 武井,498,0,
202404020407,2024-08-04,新潟,7,レパードS,ダ,1800,左,晴,良,"2回 新潟 4日目 サラ系３歳 オープン       (国際)(指) 馬齢 15頭 本賞金:3700,1500,930,560,370万円",15,3700.0,6,3,5,ピュアキアン,牡,3,57.0,吉田豊,112.4,1.1/2,12,59.2,38.4,3-4-5-5,美浦 竹内,506,0,
202404020407,2024-08-04,新潟,7,レパードS,ダ,1800,左,晴,良,"2回 新潟 4日目 サラ系３歳 オープン       (国際)(指) 馬齢 15頭 本賞金:3700,1500,930,560,370万円",15,3700.0,7,3,4,ジーサイクロン,牡,3,57.0,Ｍデム,112.6,1.1/4,3,8.2,37.6,14-14-12-12,栗東 吉岡,482,2,
202404020407,2024-08-04,新潟,7,レパードS,ダ,1800,左,晴,良,"2回 新潟 4日目 サラ系３歳 オープン       (国際)(指) 馬齢 15頭 本賞金:3700,1500,930,560,370万円",15,3700.0,8,6,11,ブルーサン,牡,3,57.0,石橋脩,112.9,1.3/4,5,11.3,39.5,1-1-1-1,栗東 川村,510,4,
202404020407,2024-08-04,新潟,7,レパードS,ダ,1800,左,晴,良,"2回 新潟 4日目 サラ系３歳 オープン       (国際)(指) 馬齢 15頭 本賞金:3700,1500,930,560,370万円",15,3700.0,9,5,8,ソニックスター,牡,3,57.0,川田,113.3,2.1/2,2,4.9,39.1,6-8-6-7,美浦 木村,554,4,
202404020407,2024-08-04,新潟,7,レパードS,ダ,1800,左,晴,良,"2回 新潟 4日目 サラ系３歳 オープン       (国際)(指) 馬齢 15頭 本賞金:3700,1500,930,560,370万円",15,3700.0,10,8,15,アラレタバシル,牡,3,57.0,野中,113.6,2,9,26.1,38.4,13-13-14-13,美浦 根本,438,-2,
202404020407,2024-08-04,新潟,7,レパードS,ダ,1800,左,晴,良,"2回 新潟 4日目 サラ系３歳 オープン       (国際)(指) 馬齢 15頭 本賞金:3700,1500,930,560,370万円",15,3700.0,11,7,13,ロジアデレード,牡,3,57.0,内田博,113.7,1/2,7,22.0,39.3,8-10-9-10,美浦 稲垣,492,2,
202404020407,2024-08-04,新潟,7,レパードS,ダ,1800,左,晴,良,"2回 新潟 4日目 サラ系３歳 オープン       (国際)(指) 馬齢 15頭 本賞金:3700,1500,930,560,370万円",15,3700.0,12,7,12,サンライズソレイユ,牡,3,57.0,ルメー,113.9,1.1/4,4,8.4,38.8,11-12-12-14,栗東 矢作,506,4,
202404020407,2024-08-04,新潟,7,レパードS,ダ,1800,左,晴,良,"2回 新潟 4日目 サラ系３歳 オープン       (国際)(指) 馬齢 15頭 本賞金:3700,1500,930,560,370万円",15,3700.0,13,6,10,メイショウフウドウ,牡,3,57.0,西塚,114.7,5,13,71.0,40.2,8-7-11-10,栗東 藤原,488,6,
202404020407,2024-08-04,新潟,7,レパードS,ダ,1800,左,晴,良,"2回 新潟 4日目 サラ系３歳 オープン       (国際)(指) 馬齢 15頭 本賞金:3700,1500,930,560,370万円",15,3700.0,14,2,3,ノットイナフ,牡,3,57.0,幸,115.2,3.1/2,15,232.7,39.1,14-14-15-15,栗東 浜田,462,-6,
202404020407,2024-08-04,新潟,7,レパードS,ダ,1800,左,晴,良,"2回 新潟 4日目 サラ系３歳 オープン       (国際)(指) 馬齢 15頭 本賞金:3700,1500,930,560,370万円",15,3700.0,15,2,2,ハーバーライト,牡,3,57.0,小沢,116.0,5,14,136.6,41.9,6-4-6-8,栗東 高橋忠,536,20,
202404020408,2024-08-04,新潟,8,3歳以上1勝クラス,芝,2200,左,晴,良,"2回 新潟 4日目 サラ系３歳以上 １勝クラス       (混)(特指) 定量 14頭 本賞金:800,320,200,120,80万円",14,800.0,1,3,4,ランスオブクイーン,牝,3,53.0,川田,131.3,,1,1.7,34.5,11-11-5-4,栗東 奥村豊,442,6,
202404020408,2024-08-04,新潟,8,3歳以上1勝クラス,芝,2200,左,晴,良,"2回 新潟 4日目 サラ系３歳以上 １勝クラス       (混)(特指) 定量 14頭 本賞金:800,320,200,120,80万円",14,800.0,2,3,3,サンセットビュー,牝,3,53.0,三浦,131.5,1.1/4,3,7.5,34.7,7-7-5-4,栗東 新谷,448,-2,
202404020408,2024-08-04,新潟,8,3歳以上1勝クラス,芝,2200,左,晴,良,"2回 新潟 4日目 サラ系３歳以上 １勝クラス       (混)(特指) 定量 14頭 本賞金:800,320,200,120,80万円",14,800.0,3,7,12,オルトパラティウム,牡,3,55.0,ルメー,131.7,1.1/4,2,3.8,35.1,5-5-2-2,栗東 安田,508,12,
202404020408,2024-08-04,新潟,8,3歳以上1勝クラス,芝,2200,左,晴,良,"2回 新潟 4日目 サラ系３歳以上 １勝クラス       (混)(特指) 定量 14頭 本賞金:800,320,200,120,80万円",14,800.0,4,5,8,イゾレエオリア,牝,4,56.0,坂井,132.0,1.3/4,4,11.0,34.9,8-8-10-8,美浦 伊藤大,448,0,
202404020408,2024-08-04,新潟,8,3歳以上1勝クラス,芝,2200,左,晴,良,"2回 新潟 4日目 サラ系３歳以上 １勝クラス       (混)(特指) 定量 14頭 本賞金:800,320,200,120,80万円",14,800.0,5,1,1,モモンウールー,牝,3,50.0,▲吉村,132.1,1/2,5,15.1,35.5,1-1-1-1,栗東 池添,458,4,
202404020408,2024-08-04,新潟,8,3歳以上1勝クラス,芝,2200,左,晴,良,"2回 新潟 4日目 サラ系３歳以上 １勝クラス       (混)(特指) 定量 14頭 本賞金:800,320,200,120,80万円",14,800.0,6,4,5,アレナリア,牝,5,56.0,団野,132.4,2,7,36.5,35.6,4-3-5-4,栗東 西園翔,426,0,
202404020408,2024-08-04,新潟,8,3歳以上1勝クラス,芝,2200,左,晴,良,"2回 新潟 4日目 サラ系３歳以上 １勝クラス       (混)(特指) 定量 14頭 本賞金:800,320,200,120,80万円",14,800.0,7,6,9,トラストエムシー,牡,4,58.0,幸,132.5,クビ,9,85.4,35.5,6-5-8-8,栗東 北出,434,-2,
202404020408,2024-08-04,新潟,8,3歳以上1勝クラス,芝,2200,左,晴,良,"2回 新潟 4日目 サラ系３歳以上 １勝クラス       (混)(特指) 定量 14頭 本賞金:800,320,200,120,80万円",14,800.0,8,2,2,ヴァンデスト,牝,5,54.0,◇藤田菜,132.6,1,8,67.0,35.4,12-12-11-10,栗東 藤沢,420,6,
202404020408,2024-08-04,新潟,8,3歳以上1勝クラス,芝,2200,左,晴,良,"2回 新潟 4日目 サラ系３歳以上 １勝クラス       (混)(特指) 定量 14頭 本賞金:800,320,200,120,80万円",14,800.0,9,8,13,ピエナオルフェ,牡,3,55.0,城戸,132.7,クビ,13,319.2,35.2,12-12-13-10,栗東 荒川,432,-2,
202404020408,2024-08-04,新潟,8,3歳以上1勝クラス,芝,2200,左,晴,良,"2回 新潟 4日目 サラ系３歳以上 １勝クラス       (混)(特指) 定量 14頭 本賞金:800,320,200,120,80万円",14,800.0,10,5,7,ムーンスカイ,牡,4,58.0,国分恭,133.3,3.1/2,10,108.2,36.0,10-10-11-10,栗東 牧田,440,-6,
202404020408,2024-08-04,新潟,8,3歳以上1勝クラス,芝,2200,左,晴,良,"2回 新潟 4日目 サラ系３歳以上 １勝クラス       (混)(特指) 定量 14頭 本賞金:800,320,200,120,80万円",14,800.0,11,6,10,コスモゴレアドール,牡,5,58.0,木幡巧,133.8,3.1/2,12,262.8,36.8,9-8-8-10,美浦 土田,418,-13,
202404020408,2024-08-04,新潟,8,3歳以上1勝クラス,芝,2200,左,晴,良,"2回 新潟 4日目 サラ系３歳以上 １勝クラス       (混)(特指) 定量 14頭 本賞金:800,320,200,120,80万円",14,800.0,12,8,14,ダノンブリザード,牡,5,58.0,荻野極,133.9,1/2,6,16.0,37.3,3-3-2-2,栗東 池江,494,8,
202404020408,2024-08-04,新潟,8,3歳以上1勝クラス,芝,2200,左,晴,良,"2回 新潟 4日目 サラ系３歳以上 １勝クラス       (混)(特指) 定量 14頭 本賞金:800,320,200,120,80万円",14,800.0,13,7,11,ロンギングドクター,牡,3,55.0,丸田,135.0,7,14,423.8,37.1,14-14-14-14,美浦 大竹,498,-2,
202404020408,2024-08-04,新潟,8,3歳以上1勝クラス,芝,2200,左,晴,良,"2回 新潟 4日目 サラ系３歳以上 １勝クラス       (混)(特指) 定量 14頭 本賞金:800,320,200,120,80万円",14,800.0,14,4,6,ウイニングライブ,牡,4,56.0,◇永島,135.0,クビ,11,148.7,38.4,2-2-2-4,美浦 金成,438,6,
202404020409,2024-08-04,新潟,9,3歳未勝利,ダ,1200,左,晴,良,"2回 新潟 4日目 サラ系３歳 未勝利       (混)[指] 馬齢 15頭 本賞金:550,220,140,83,55万円",15,550.0,1,3,5,ライトニングゼウス,牡,3,57.0,菊沢,71.9,,7,24.2,37.6,1-1,美浦 勢司,504,0,
202404020409,2024-08-04,新潟,9,3歳未勝利,ダ,1200,左,晴,良,"2回 新潟 4日目 サラ系３歳 未勝利       (混)[指] 馬齢 15頭 本賞金:550,220,140,83,55万円",15,550.0,2,1,1,アメリカンランナー,牡,3,57.0,Ｍデム,72.5,3.1/2,1,2.7,37.6,6-6,美浦 戸田,476,-2,
202404020409,2024-08-04,新潟,9,3歳未勝利,ダ,1200,左,晴,良,"2回 新潟 4日目 サラ系３歳 未勝利       (混)[指] 馬齢 15頭 本賞金:550,220,140,83,55万円",15,550.0,3,2,3,シューンカイゼリン,牝,3,53.0,△小林脩,73.0,3.1/2,12,71.9,38.3,4-4,美浦 伊藤圭,440,12,
202404020409,2024-08-04,新潟,9,3歳未勝利,ダ,1200,左,晴,良,"2回 新潟 4日目 サラ系３歳 未勝利       (混)[指] 馬齢 15頭 本賞金:550,220,140,83,55万円",15,550.0,4,6,10,メロディアスハード,牝,3,55.0,長岡,73.2,1.1/4,3,5.7,38.4,5-4,栗東 杉山佳,446,-2,
202404020409,2024-08-04,新潟,9,3歳未勝利,ダ,1200,左,晴,良,"2回 新潟 4日目 サラ系３歳 未勝利       (混)[指] 馬齢 15頭 本賞金:550,220,140,83,55万円",15,550.0,5,3,4,ヴァルタリ,牡,3,54.0,▲吉村,73.2,ハナ,14,104.1,37.3,13-13,栗東 宮本,522,4,
202404020409,2024-08-04,新潟,9,3歳未勝利,ダ,1200,左,晴,良,"2回 新潟 4日目 サラ系３歳 未勝利       (混)[指] 馬齢 15頭 本賞金:550,220,140,83,55万円",15,550.0,6,8,14,ニシノサイエン,牝,3,54.0,☆原,73.5,1.1/2,15,106.5,38.1,9-8,美浦 小手川,460,0,
202404020409,2024-08-04,新潟,9,3歳未勝利,ダ,1200,左,晴,良,"2回 新潟 4日目 サラ系３歳 未勝利       (混)[指] 馬齢 15頭 本賞金:550,220,140,83,55万円",15,550.0,7,4,7,ハナチルサト,牝,3,53.0,◇永島,73.5,アタマ,6,16.5,37.3,15-15,美浦 松永康,416,-2,
202404020409,2024-08-04,新潟,9,3歳未勝利,ダ,1200,左,晴,良,"2回 新潟 4日目 サラ系３歳 未勝利       (混)[指] 馬齢 15頭 本賞金:550,220,140,83,55万円",15,550.0,8,6,11,オールドマイン,牡,3,57.0,荻野極,73.5,ハナ,11,46.3,38.1,9-8,栗東 池江,506,10,
202404020409,2024-08-04,新潟,9,3歳未勝利,ダ,1200,左,晴,良,"2回 新潟 4日目 サラ系３歳 未勝利       (混)[指] 馬齢 15頭 本賞金:550,220,140,83,55万円",15,550.0,9,5,8,テンメリーアーサー,牝,3,55.0,国分恭,73.6,クビ,10,28.8,38.5,7-6,栗東 西園翔,476,4,
202404020409,2024-08-04,新潟,9,3歳未勝利,ダ,1200,左,晴,良,"2回 新潟 4日目 サラ系３歳 未勝利       (混)[指] 馬齢 15頭 本賞金:550,220,140,83,55万円",15,550.0,10,8,15,レモンシフォン,牝,3,55.0,吉田豊,73.6,クビ,8,24.2,38.0,11-11,美浦 尾関,504,12,
202404020409,2024-08-04,新潟,9,3歳未勝利,ダ,1200,左,晴,良,"2回 新潟 4日目 サラ系３歳 未勝利       (混)[指] 馬齢 15頭 本賞金:550,220,140,83,55万円",15,550.0,11,5,9,フォルスタクラス,牡,3,57.0,三浦,73.6,アタマ,2,3.9,39.1,2-2,美浦 上原博,470,4,
202404020409,2024-08-04,新潟,9,3歳未勝利,ダ,1200,左,晴,良,"2回 新潟 4日目 サラ系３歳 未勝利       (混)[指] 馬齢 15頭 本賞金:550,220,140,83,55万円",15,550.0,12,7,12,タマエスポワール,牡,3,57.0,石川,73.7,クビ,4,11.3,38.1,11-11,美浦 相沢,512,8,
202404020409,2024-08-04,新潟,9,3歳未勝利,ダ,1200,左,晴,良,"2回 新潟 4日目 サラ系３歳 未勝利       (混)[指] 馬齢 15頭 本賞金:550,220,140,83,55万円",15,550.0,13,2,2,レーヌガレット,牝,3,52.0,▲橋木,73.7,クビ,13,83.0,37.9,13-13,栗東 宮,448,6,
202404020409,2024-08-04,新潟,9,3歳未勝利,ダ,1200,左,晴,良,"2回 新潟 4日目 サラ系３歳 未勝利       (混)[指] 馬齢 15頭 本賞金:550,220,140,83,55万円",15,550.0,14,7,13,ドリームライク,牡,3,57.0,加藤,74.2,2.1/2,9,27.7,38.9,8-8,栗東 羽月,444,-4,
202404020409,2024-08-04,新潟,9,3歳未勝利,ダ,1200,左,晴,良,"2回 新潟 4日目 サラ系３歳 未勝利       (混)[指] 馬齢 15頭 本賞金:550,220,140,83,55万円",15,550.0,15,4,6,グローリーロード,牡,3,57.0,幸,74.8,4,5,11.4,40.3,2-3,栗東 西園翔,462,6,
202404020410,2024-08-04,新潟,10,3歳以上1勝クラス,芝,1600,左,晴,良,"2回 新潟 4日目 サラ系３歳以上 １勝クラス       (混)[指] 定量 18頭 本賞金:800,320,200,120,80万円",18,800.0,1,4,8,シヴァース,牡,3,55.0,Ｍデム,92.5,,1,3.5,33.4,7-5,栗東 友道,448,8,
202404020410,2024-08-04,新潟,10,3歳以上1勝クラス,芝,1600,左,晴,良,"2回 新潟 4日目 サラ系３歳以上 １勝クラス       (混)[指] 定量 18頭 本賞金:800,320,200,120,80万円",18,800.0,2,7,15,ホウオウシェリー,牝,3,53.0,坂井,92.6,3/4,4,7.3,34.7,2-2,美浦 池上,438,2,
202404020410,2024-08-04,新潟,10,3歳以上1勝クラス,芝,1600,左,晴,良,"2回 新潟 4日目 サラ系３歳以上 １勝クラス       (混)[指] 定量 18頭 本賞金:800,320,200,120,80万円",18,800.0,3,6,11,アームテイル,牝,4,56.0,横山典,92.8,1.1/4,7,30.1,33.0,14-14,美浦 和田勇,454,-2,
202404020410,2024-08-04,新潟,10,3歳以上1勝クラス,芝,1600,左,晴,良,"2回 新潟 4日目 サラ系３歳以上 １勝クラス       (混)[指] 定量 18頭 本賞金:800,320,200,120,80万円",18,800.0,4,8,18,アランヴェリテ,セ,5,55.0,▲柴田裕,93.0,1.1/4,14,104.4,36.4,1-1,栗東 中竹,476,-2,
202404020410,2024-08-04,新潟,10,3歳以上1勝クラス,芝,1600,左,晴,良,"2回 新潟 4日目 サラ系３歳以上 １勝クラス       (混)[指] 定量 18頭 本賞金:800,320,200,120,80万円",18,800.0,5,4,7,カフジキアッキエレ,牝,4,56.0,和田竜,93.1,3/4,5,23.2,33.8,9-8,栗東 森田,424,0,
202404020410,2024-08-04,新潟,10,3歳以上1勝クラス,芝,1600,左,晴,良,"2回 新潟 4日目 サラ系３歳以上 １勝クラス       (混)[指] 定量 18頭 本賞金:800,320,200,120,80万円",18,800.0,6,8,17,アルトゥーム,牡,3,55.0,戸崎圭,93.2,1/2,2,3.5,33.5,12-13,栗東 藤岡,438,16,
202404020410,2024-08-04,新潟,10,3歳以上1勝クラス,芝,1600,左,晴,良,"2回 新潟 4日目 サラ系３歳以上 １勝クラス       (混)[指] 定量 18頭 本賞金:800,320,200,120,80万円",18,800.0,7,7,14,ソニックライン,牡,3,55.0,ルメー,93.3,1/2,3,3.7,33.8,11-11,美浦 木村,496,-8,
202404020410,2024-08-04,新潟,10,3歳以上1勝クラス,芝,1600,左,晴,良,"2回 新潟 4日目 サラ系３歳以上 １勝クラス       (混)[指] 定量 18頭 本賞金:800,320,200,120,80万円",18,800.0,8,1,1,プリズマジコ,牡,3,54.0,☆秋山稔,93.4,1/2,8,33.3,33.0,17-18,栗東 高橋忠,454,8,
202404020410,2024-08-04,新潟,10,3歳以上1勝クラス,芝,1600,左,晴,良,"2回 新潟 4日目 サラ系３歳以上 １勝クラス       (混)[指] 定量 18頭 本賞金:800,320,200,120,80万円",18,800.0,9,6,12,トクシーカイザー,牡,4,58.0,菊沢,93.5,クビ,9,33.5,34.2,7-8,美浦 小島,474,-2,
202404020410,2024-08-04,新潟,10,3歳以上1勝クラス,芝,1600,左,晴,良,"2回 新潟 4日目 サラ系３歳以上 １勝クラス       (混)[指] 定量 18頭 本賞金:800,320,200,120,80万円",18,800.0,10,3,5,メランポジューム,牝,4,56.0,幸,93.6,1,17,181.6,34.1,12-11,栗東 高野,462,6,
202404020410,2024-08-04,新潟,10,3歳以上1勝クラス,芝,1600,左,晴,良,"2回 新潟 4日目 サラ系３歳以上 １勝クラス       (混)[指] 定量 18頭 本賞金:800,320,200,120,80万円",18,800.0,11,5,9,アイキャンドウイッ,牡,5,58.0,荻野極,93.7,1/2,13,88.3,34.6,6-5,栗東 池江,462,-4,
202404020410,2024-08-04,新潟,10,3歳以上1勝クラス,芝,1600,左,晴,良,"2回 新潟 4日目 サラ系３歳以上 １勝クラス       (混)[指] 定量 18頭 本賞金:800,320,200,120,80万円",18,800.0,12,7,13,エイシンオニキス,牝,3,53.0,団野,93.7,ハナ,12,74.5,33.6,15-16,栗東 渡辺,442,14,
202404020410,2024-08-04,新潟,10,3歳以上1勝クラス,芝,1600,左,晴,良,"2回 新潟 4日目 サラ系３歳以上 １勝クラス       (混)[指] 定量 18頭 本賞金:800,320,200,120,80万円",18,800.0,13,1,2,マイネルフォルツァ,牡,4,58.0,石橋脩,93.7,ハナ,11,50.0,33.6,18-17,美浦 金成,526,2,
202404020410,2024-08-04,新潟,10,3歳以上1勝クラス,芝,1600,左,晴,良,"2回 新潟 4日目 サラ系３歳以上 １勝クラス       (混)[指] 定量 18頭 本賞金:800,320,200,120,80万円",18,800.0,14,3,6,マフィン,牝,3,50.0,▲吉村,93.7,クビ,6,23.4,34.8,3-3,美浦 大和田,414,0,
202404020410,2024-08-04,新潟,10,3歳以上1勝クラス,芝,1600,左,晴,良,"2回 新潟 4日目 サラ系３歳以上 １勝クラス       (混)[指] 定量 18頭 本賞金:800,320,200,120,80万円",18,800.0,15,2,3,ドラミモン,牡,6,58.0,江田勇,94.0,1.1/2,15,118.1,34.1,15-14,美浦 田村,454,-4,
202404020410,2024-08-04,新潟,10,3歳以上1勝クラス,芝,1600,左,晴,良,"2回 新潟 4日目 サラ系３歳以上 １勝クラス       (混)[指] 定量 18頭 本賞金:800,320,200,120,80万円",18,800.0,16,2,4,アマミツツキ,牝,3,51.0,◇永島,94.0,クビ,18,189.1,35.2,4-3,栗東 宮本,466,2,
202404020410,2024-08-04,新潟,10,3歳以上1勝クラス,芝,1600,左,晴,良,"2回 新潟 4日目 サラ系３歳以上 １勝クラス       (混)[指] 定量 18頭 本賞金:800,320,200,120,80万円",18,800.0,17,5,10,メリージェーン,牝,3,53.0,石川,94.2,3/4,10,41.3,34.9,9-8,美浦 鹿戸,474,8,
202404020410,2024-08-04,新潟,10,3歳以上1勝クラス,芝,1600,左,晴,良,"2回 新潟 4日目 サラ系３歳以上 １勝クラス       (混)[指] 定量 18頭 本賞金:800,320,200,120,80万円",18,800.0,18,8,16,セリオーソ,牝,4,56.0,三浦,94.6,2.1/2,16,139.1,35.5,4-5,美浦 高柳瑞,456,14,
202404020411,2024-08-04,新潟,11,ダリア賞,芝,1400,左,晴,良,"2回 新潟 4日目 サラ系２歳 オープン       (国際)(特指) 別定 9頭 本賞金:1600,640,400,240,160万円",9,1600.0,1,8,8,プリティディーヴァ,牝,2,55.0,ルメー,81.6,,1,1.9,35.1,5-4,美浦 田中博,466,8,
202404020411,2024-08-04,新潟,11,ダリア賞,芝,1400,左,晴,良,"2回 新潟 4日目 サラ系２歳 オープン       (国際)(特指) 別定 9頭 本賞金:1600,640,400,240,160万円",9,1600.0,2,1,1,セイウンビッグバン,牡,2,55.0,三浦,81.7,1,3,5.9,35.3,3-4,美浦 萱野,432,0,
202404020411,2024-08-04,新潟,11,ダリア賞,芝,1400,左,晴,良,"2回 新潟 4日目 サラ系２歳 オープン       (国際)(特指) 別定 9頭 本賞金:1600,640,400,240,160万円",9,1600.0,3,6,6,ミーントゥビー,牝,2,55.0,松岡,82.4,4,4,7.2,36.0,3-2,美浦 堀内,438,4,
202404020411,2024-08-04,新潟,11,ダリア賞,芝,1400,左,晴,良,"2回 新潟 4日目 サラ系２歳 オープン       (国際)(特指) 別定 9頭 本賞金:1600,640,400,240,160万円",9,1600.0,4,7,7,サニーサルサ,牝,2,55.0,永島,82.7,1.3/4,2,3.1,36.2,5-4,栗東 高橋康,460,-8,
202404020411,2024-08-04,新潟,11,ダリア賞,芝,1400,左,晴,良,"2回 新潟 4日目 サラ系２歳 オープン       (国際)(特指) 別定 9頭 本賞金:1600,640,400,240,160万円",9,1600.0,5,3,3,ユメシバイ,牝,2,55.0,横山典,82.7,アタマ,5,16.5,36.5,1-1,栗東 松永幹,444,2,
202404020411,2024-08-04,新潟,11,ダリア賞,芝,1400,左,晴,良,"2回 新潟 4日目 サラ系２歳 オープン       (国際)(特指) 別定 9頭 本賞金:1600,640,400,240,160万円",9,1600.0,6,4,4,ナムラトロム,牡,2,55.0,丸田,82.8,1/2,6,20.5,36.5,2-2,美浦 石栗,438,8,
202404020411,2024-08-04,新潟,11,ダリア賞,芝,1400,左,晴,良,"2回 新潟 4日目 サラ系２歳 オープン       (国際)(特指) 別定 9頭 本賞金:1600,640,400,240,160万円",9,1600.0,7,2,2,カミーチェ,牝,2,55.0,菊沢,83.7,5,9,244.4,35.8,9-9,美浦 堀内,388,0,
202404020411,2024-08-04,新潟,11,ダリア賞,芝,1400,左,晴,良,"2回 新潟 4日目 サラ系２歳 オープン       (国際)(特指) 別定 9頭 本賞金:1600,640,400,240,160万円",9,1600.0,8,8,9,クマノコ,牝,2,55.0,原,83.7,ハナ,7,116.3,36.3,8-8,地方 宇野博,448,-11,
202404020411,2024-08-04,新潟,11,ダリア賞,芝,1400,左,晴,良,"2回 新潟 4日目 サラ系２歳 オープン       (国際)(特指) 別定 9頭 本賞金:1600,640,400,240,160万円",9,1600.0,9,5,5,チューリップ,牝,2,55.0,小林脩,83.9,1.1/2,8,230.0,36.7,7-7,美浦 南田,474,-2,
202404020412,2024-08-04,新潟,12,苗場特別,ダ,1800,左,晴,良,"2回 新潟 4日目 サラ系３歳以上 ２勝クラス       (混)[指] 定量 15頭 本賞金:1550,620,390,230,155万円",15,1550.0,1,5,8,ダイメイセブン,牡,4,58.0,酒井,113.0,,1,2.9,38.0,2-2-2-2,栗東 本田,516,6,
202404020412,2024-08-04,新潟,12,苗場特別,ダ,1800,左,晴,良,"2回 新潟 4日目 サラ系３歳以上 ２勝クラス       (混)[指] 定量 15頭 本賞金:1550,620,390,230,155万円",15,1550.0,2,8,14,リジン,牡,5,58.0,幸,113.1,1/2,3,4.5,38.0,2-3-3-3,栗東 宮本,500,10,
202404020412,2024-08-04,新潟,12,苗場特別,ダ,1800,左,晴,良,"2回 新潟 4日目 サラ系３歳以上 ２勝クラス       (混)[指] 定量 15頭 本賞金:1550,620,390,230,155万円",15,1550.0,3,3,5,ヤウガウ,セ,7,58.0,菊沢,113.1,ハナ,12,53.3,37.9,7-5-4-4,美浦 金成,488,0,
202404020412,2024-08-04,新潟,12,苗場特別,ダ,1800,左,晴,良,"2回 新潟 4日目 サラ系３歳以上 ２勝クラス       (混)[指] 定量 15頭 本賞金:1550,620,390,230,155万円",15,1550.0,4,1,1,スズノテレサ,牝,5,56.0,西塚,113.3,1.1/4,6,25.0,38.5,1-1-1-1,美浦 深山,438,-4,
202404020412,2024-08-04,新潟,12,苗場特別,ダ,1800,左,晴,良,"2回 新潟 4日目 サラ系３歳以上 ２勝クラス       (混)[指] 定量 15頭 本賞金:1550,620,390,230,155万円",15,1550.0,5,2,2,サンライズゴラッソ,牡,6,58.0,吉田豊,113.4,1/2,9,32.2,38.0,8-8-6-5,栗東 河内,502,-14,
202404020412,2024-08-04,新潟,12,苗場特別,ダ,1800,左,晴,良,"2回 新潟 4日目 サラ系３歳以上 ２勝クラス       (混)[指] 定量 15頭 本賞金:1550,620,390,230,155万円",15,1550.0,6,6,11,ブレイゼスト,牡,4,58.0,Ｍデム,113.4,クビ,2,3.8,38.1,4-7-6-5,美浦 牧,534,0,
202404020412,2024-08-04,新潟,12,苗場特別,ダ,1800,左,晴,良,"2回 新潟 4日目 サラ系３歳以上 ２勝クラス       (混)[指] 定量 15頭 本賞金:1550,620,390,230,155万円",15,1550.0,7,5,9,コロンビアテソーロ,牝,4,56.0,原,113.7,1.1/2,8,30.8,38.1,11-10-8-9,美浦 栗田,464,4,
202404020412,2024-08-04,新潟,12,苗場特別,ダ,1800,左,晴,良,"2回 新潟 4日目 サラ系３歳以上 ２勝クラス       (混)[指] 定量 15頭 本賞金:1550,620,390,230,155万円",15,1550.0,8,7,12,レディベル,牝,5,56.0,内田博,113.7,クビ,5,12.9,38.1,11-10-8-11,美浦 辻,548,16,
202404020412,2024-08-04,新潟,12,苗場特別,ダ,1800,左,晴,良,"2回 新潟 4日目 サラ系３歳以上 ２勝クラス       (混)[指] 定量 15頭 本賞金:1550,620,390,230,155万円",15,1550.0,9,4,7,モントブレッチア,牝,5,56.0,石川,114.0,1.3/4,4,7.3,38.4,8-8-8-9,美浦 斎藤誠,460,-4,
202404020412,2024-08-04,新潟,12,苗場特別,ダ,1800,左,晴,良,"2回 新潟 4日目 サラ系３歳以上 ２勝クラス       (混)[指] 定量 15頭 本賞金:1550,620,390,230,155万円",15,1550.0,10,4,6,インペラートル,牡,5,58.0,野中,114.1,3/4,14,148.3,37.8,13-14-13-12,美浦 金成,504,-14,
202404020412,2024-08-04,新潟,12,苗場特別,ダ,1800,左,晴,良,"2回 新潟 4日目 サラ系３歳以上 ２勝クラス       (混)[指] 定量 15頭 本賞金:1550,620,390,230,155万円",15,1550.0,11,3,4,クリノクリスタル,牝,4,56.0,永島,114.4,1.3/4,7,29.5,37.8,15-15-15-14,栗東 大橋,474,10,
202404020412,2024-08-04,新潟,12,苗場特別,ダ,1800,左,晴,良,"2回 新潟 4日目 サラ系３歳以上 ２勝クラス       (混)[指] 定量 15頭 本賞金:1550,620,390,230,155万円",15,1550.0,12,8,15,キガサ,牝,5,56.0,柴田大,114.5,クビ,13,135.8,38.2,13-13-13-14,美浦 鈴木慎,440,0,
202404020412,2024-08-04,新潟,12,苗場特別,ダ,1800,左,晴,良,"2回 新潟 4日目 サラ系３歳以上 ２勝クラス       (混)[指] 定量 15頭 本賞金:1550,620,390,230,155万円",15,1550.0,13,2,3,コンソレーション,牡,6,58.0,嶋田,114.6,1/2,11,41.2,39.1,4-5-8-8,美浦 手塚,506,2,
202404020412,2024-08-04,新潟,12,苗場特別,ダ,1800,左,晴,良,"2回 新潟 4日目 サラ系３歳以上 ２勝クラス       (混)[指] 定量 15頭 本賞金:1550,620,390,230,155万円",15,1550.0,14,6,10,シャドウアイル,セ,5,58.0,団野,114.7,1,10,40.5,39.5,4-4-4-5,栗東 斉藤崇,474,-4,
202404020412,2024-08-04,新潟,12,苗場特別,ダ,1800,左,晴,良,"2回 新潟 4日目 サラ系３歳以上 ２勝クラス       (混)[指] 定量 15頭 本賞金:1550,620,390,230,155万円",15,1550.0,15,7,13,ブロードリーチ,牝,5,56.0,丸田,116.6,大,15,184.3,40.5,10-10-12-12,美浦 宗像,444,8,
202401020101,2024-08-10,札幌,1,2歳未勝利,芝,1800,右,曇,良,"2回 札幌 1日目 サラ系２歳 未勝利       (混)[指] 馬齢 7頭 本賞金:550,220,140,83,55万円",7,550.0,1,6,6,テリオスララ,牝,2,55.0,鮫島駿,109.4,,1,1.3,34.9,1-1-1-1,美浦 田島,496,0,
202401020101,2024-08-10,札幌,1,2歳未勝利,芝,1800,右,曇,良,"2回 札幌 1日目 サラ系２歳 未勝利       (混)[指] 馬齢 7頭 本賞金:550,220,140,83,55万円",7,550.0,2,3,3,マイユニバース,牡,2,55.0,横山典,109.5,1/2,3,8.5,34.9,2-2-2-2,栗東 武幸,458,0,
202401020101,2024-08-10,札幌,1,2歳未勝利,芝,1800,右,曇,良,"2回 札幌 1日目 サラ系２歳 未勝利       (混)[指] 馬齢 7頭 本賞金:550,220,140,83,55万円",7,550.0,3,1,1,ウインベラーノ,牡,2,55.0,丹内,109.7,1.1/2,5,10.6,34.9,2-3-3-4,栗東 宮,434,-2,
202401020101,2024-08-10,札幌,1,2歳未勝利,芝,1800,右,曇,良,"2回 札幌 1日目 サラ系２歳 未勝利       (混)[指] 馬齢 7頭 本賞金:550,220,140,83,55万円",7,550.0,4,2,2,ブルータス,牡,2,55.0,武豊,110.0,1.3/4,2,6.4,35.2,4-3-3-2,美浦 高柳瑞,446,0,
202401020101,2024-08-10,札幌,1,2歳未勝利,芝,1800,右,曇,良,"2回 札幌 1日目 サラ系２歳 未勝利       (混)[指] 馬齢 7頭 本賞金:550,220,140,83,55万円",7,550.0,5,5,5,プロフェータ,牡,2,55.0,永野,110.0,アタマ,7,55.2,35.0,7-7-6-5,美浦 斎藤誠,452,4,
202401020101,2024-08-10,札幌,1,2歳未勝利,芝,1800,右,曇,良,"2回 札幌 1日目 サラ系２歳 未勝利       (混)[指] 馬齢 7頭 本賞金:550,220,140,83,55万円",7,550.0,6,7,7,メイショウアゴナス,牡,2,52.0,▲高杉,110.3,2,4,10.2,35.2,4-5-7-5,栗東 本田,458,-8,
202401020101,2024-08-10,札幌,1,2歳未勝利,芝,1800,右,曇,良,"2回 札幌 1日目 サラ系２歳 未勝利       (混)[指] 馬齢 7頭 本賞金:550,220,140,83,55万円",7,550.0,7,4,4,メテオレーナ,牝,2,53.0,△小林勝,110.5,1,6,18.6,35.6,6-5-5-5,栗東 中村,418,-2,
202401020102,2024-08-10,札幌,2,3歳未勝利,ダ,1700,右,曇,良,"2回 札幌 1日目 サラ系３歳 未勝利       牝[指] 馬齢 14頭 本賞金:550,220,140,83,55万円",14,550.0,1,8,13,セージグリーン,牝,3,55.0,丹内,106.6,,4,8.3,38.5,2-3-2-2,美浦 菊川,480,4,
202401020102,2024-08-10,札幌,2,3歳未勝利,ダ,1700,右,曇,良,"2回 札幌 1日目 サラ系３歳 未勝利       牝[指] 馬齢 14頭 本賞金:550,220,140,83,55万円",14,550.0,2,4,6,オテンバムスメ,牝,3,53.0,△小林勝,107.2,3.1/2,1,2.6,38.7,5-6-5-4,栗東 北出,442,0,
202401020102,2024-08-10,札幌,2,3歳未勝利,ダ,1700,右,曇,良,"2回 札幌 1日目 サラ系３歳 未勝利       牝[指] 馬齢 14頭 本賞金:550,220,140,83,55万円",14,550.0,3,6,9,メイショウコオロギ,牝,3,55.0,大野,107.7,3,7,28.5,38.5,8-9-8-7,美浦 和田勇,432,4,
202401020102,2024-08-10,札幌,2,3歳未勝利,ダ,1700,右,曇,良,"2回 札幌 1日目 サラ系３歳 未勝利       牝[指] 馬齢 14頭 本賞金:550,220,140,83,55万円",14,550.0,4,4,5,デイムサンライズ,牝,3,52.0,▲高杉,107.7,クビ,2,2.7,39.7,1-1-1-1,栗東 牧浦,440,0,
202401020102,2024-08-10,札幌,2,3歳未勝利,ダ,1700,右,曇,良,"2回 札幌 1日目 サラ系３歳 未勝利       牝[指] 馬齢 14頭 本賞金:550,220,140,83,55万円",14,550.0,5,7,11,ミスティッククイン,牝,3,55.0,鮫島駿,108.4,4,3,8.3,40.3,2-2-2-3,栗東 野中,488,6,
202401020102,2024-08-10,札幌,2,3歳未勝利,ダ,1700,右,曇,良,"2回 札幌 1日目 サラ系３歳 未勝利       牝[指] 馬齢 14頭 本賞金:550,220,140,83,55万円",14,550.0,6,1,1,サンネリネ,牝,3,55.0,古川吉,109.1,4,6,15.6,40.2,8-8-7-6,栗東 畑端,452,-8,
202401020102,2024-08-10,札幌,2,3歳未勝利,ダ,1700,右,曇,良,"2回 札幌 1日目 サラ系３歳 未勝利       牝[指] 馬齢 14頭 本賞金:550,220,140,83,55万円",14,550.0,7,8,14,イッツナッシング,牝,3,55.0,横山武,109.5,2.1/2,5,10.7,41.2,5-3-4-5,美浦 水野,428,-4,
202401020102,2024-08-10,札幌,2,3歳未勝利,ダ,1700,右,曇,良,"2回 札幌 1日目 サラ系３歳 未勝利       牝[指] 馬齢 14頭 本賞金:550,220,140,83,55万円",14,550.0,8,7,12,ダズリングティアラ,牝,3,55.0,荻野琢,109.8,2,11,166.2,40.4,11-11-9-9,美浦 西田,434,-2,
202401020102,2024-08-10,札幌,2,3歳未勝利,ダ,1700,右,曇,良,"2回 札幌 1日目 サラ系３歳 未勝利       牝[指] 馬齢 14頭 本賞金:550,220,140,83,55万円",14,550.0,9,3,3,イングリッドローズ,牝,3,51.0,★古川奈,109.9,アタマ,10,97.8,40.4,8-9-11-11,美浦 加藤士,410,0,
202401020102,2024-08-10,札幌,2,3歳未勝利,ダ,1700,右,曇,良,"2回 札幌 1日目 サラ系３歳 未勝利       牝[指] 馬齢 14頭 本賞金:550,220,140,83,55万円",14,550.0,10,2,2,タウンホール,牝,3,55.0,佐々木,110.1,1.1/2,8,37.4,40.3,13-13-13-12,美浦 和田勇,476,-6,
202401020102,2024-08-10,札幌,2,3歳未勝利,ダ,1700,右,曇,良,"2回 札幌 1日目 サラ系３歳 未勝利       牝[指] 馬齢 14頭 本賞金:550,220,140,83,55万円",14,550.0,11,5,8,オンザジュピター,牝,3,55.0,亀田,110.3,3/4,12,227.0,40.8,11-11-11-9,美浦 大和田,460,2,
202401020102,2024-08-10,札幌,2,3歳未勝利,ダ,1700,右,曇,良,"2回 札幌 1日目 サラ系３歳 未勝利       牝[指] 馬齢 14頭 本賞金:550,220,140,83,55万円",14,550.0,12,5,7,ルミナスビューティ,牝,3,55.0,小林凌,110.5,1.1/4,14,273.7,41.9,5-7-6-7,美浦 粕谷,444,0,
202401020102,2024-08-10,札幌,2,3歳未勝利,ダ,1700,右,曇,良,"2回 札幌 1日目 サラ系３歳 未勝利       牝[指] 馬齢 14頭 本賞金:550,220,140,83,55万円",14,550.0,13,3,4,ヴァンショー,牝,3,52.0,▲長浜,111.4,5,9,61.6,42.1,4-3-9-13,美浦 手塚,478,2,
202401020102,2024-08-10,札幌,2,3歳未勝利,ダ,1700,右,曇,良,"2回 札幌 1日目 サラ系３歳 未勝利       牝[指] 馬齢 14頭 本賞金:550,220,140,83,55万円",14,550.0,14,6,10,リート,牝,3,52.0,▲川端,113.7,大,13,266.7,43.8,14-14-14-13,栗東 高橋一,448,-2,
202401020103,2024-08-10,札幌,3,3歳未勝利,ダ,1000,右,曇,良,"2回 札幌 1日目 サラ系３歳 未勝利       (混)[指] 馬齢 12頭 本賞金:550,220,140,83,55万円",12,550.0,1,8,11,ミスターディジェイ,牡,3,57.0,丹内,59.9,,2,4.1,36.9,1-1,美浦 清水英,536,-4,
202401020103,2024-08-10,札幌,3,3歳未勝利,ダ,1000,右,曇,良,"2回 札幌 1日目 サラ系３歳 未勝利       (混)[指] 馬齢 12頭 本賞金:550,220,140,83,55万円",12,550.0,2,3,3,ミルフルール,牝,3,55.0,菱田,60.1,1,7,11.1,35.8,12-11,美浦 伊坂,478,8,
202401020103,2024-08-10,札幌,3,3歳未勝利,ダ,1000,右,曇,良,"2回 札幌 1日目 サラ系３歳 未勝利       (混)[指] 馬齢 12頭 本賞金:550,220,140,83,55万円",12,550.0,3,5,5,ディディット,牝,3,55.0,佐々木,60.3,1,5,8.0,36.8,4-5,栗東 木原,444,2,
202401020103,2024-08-10,札幌,3,3歳未勝利,ダ,1000,右,曇,良,"2回 札幌 1日目 サラ系３歳 未勝利       (混)[指] 馬齢 12頭 本賞金:550,220,140,83,55万円",12,550.0,4,5,6,スキーサンダー,牝,3,55.0,横山武,60.3,ハナ,1,3.7,37.1,2-3,美浦 辻,476,0,
202401020103,2024-08-10,札幌,3,3歳未勝利,ダ,1000,右,曇,良,"2回 札幌 1日目 サラ系３歳 未勝利       (混)[指] 馬齢 12頭 本賞金:550,220,140,83,55万円",12,550.0,5,8,12,キアロヴェローチェ,セ,3,57.0,藤岡佑,60.7,2.1/2,3,5.6,37.5,2-2,栗東 武幸,470,4,
202401020103,2024-08-10,札幌,3,3歳未勝利,ダ,1000,右,曇,良,"2回 札幌 1日目 サラ系３歳 未勝利       (混)[指] 馬齢 12頭 本賞金:550,220,140,83,55万円",12,550.0,6,6,8,マリノルージュ,牝,3,55.0,亀田,60.8,クビ,9,44.0,37.0,7-6,美浦 田島,462,-4,
202401020103,2024-08-10,札幌,3,3歳未勝利,ダ,1000,右,曇,良,"2回 札幌 1日目 サラ系３歳 未勝利       (混)[指] 馬齢 12頭 本賞金:550,220,140,83,55万円",12,550.0,7,7,9,ノーブルシャン,牝,3,52.0,▲長浜,60.8,アタマ,6,8.4,37.0,7-8,美浦 加藤征,456,0,
202401020103,2024-08-10,札幌,3,3歳未勝利,ダ,1000,右,曇,良,"2回 札幌 1日目 サラ系３歳 未勝利       (混)[指] 馬齢 12頭 本賞金:550,220,140,83,55万円",12,550.0,8,7,10,タマモアルタイル,牡,3,57.0,武豊,60.8,アタマ,4,5.8,37.4,4-3,美浦 水野,490,-4,
202401020103,2024-08-10,札幌,3,3歳未勝利,ダ,1000,右,曇,良,"2回 札幌 1日目 サラ系３歳 未勝利       (混)[指] 馬齢 12頭 本賞金:550,220,140,83,55万円",12,550.0,9,6,7,アマモト,牡,3,57.0,大野,60.8,ハナ,11,161.3,36.7,10-9,美浦 田村,468,-2,
202401020103,2024-08-10,札幌,3,3歳未勝利,ダ,1000,右,曇,良,"2回 札幌 1日目 サラ系３歳 未勝利       (混)[指] 馬齢 12頭 本賞金:550,220,140,83,55万円",12,550.0,10,2,2,ヒカルエリザベス,牝,3,55.0,古川吉,61.0,3/4,10,110.0,37.2,7-9,美浦 的場,462,-2,
202401020103,2024-08-10,札幌,3,3歳未勝利,ダ,1000,右,曇,良,"2回 札幌 1日目 サラ系３歳 未勝利       (混)[指] 馬齢 12頭 本賞金:550,220,140,83,55万円",12,550.0,11,1,1,ゴールドタリスマン,牝,3,55.0,永野,61.1,1/2,8,43.9,37.7,4-6,美浦 稲垣,424,0,
202401020103,2024-08-10,札幌,3,3歳未勝利,ダ,1000,右,曇,良,"2回 札幌 1日目 サラ系３歳 未勝利       (混)[指] 馬齢 12頭 本賞金:550,220,140,83,55万円",12,550.0,12,4,4,ビアメントブラスト,牝,3,53.0,△小林勝,61.5,2.1/2,12,307.7,37.4,10-12,美浦 本間,434,6,
202401020104,2024-08-10,札幌,4,3歳未勝利,ダ,1700,右,曇,良,"2回 札幌 1日目 サラ系３歳 未勝利       [指] 馬齢 14頭 本賞金:550,220,140,83,55万円",14,550.0,1,1,1,ロードクロンヌ,牡,3,57.0,藤岡佑,106.1,,1,3.3,37.8,1-1-1-1,栗東 四位,478,2,
202401020104,2024-08-10,札幌,4,3歳未勝利,ダ,1700,右,曇,良,"2回 札幌 1日目 サラ系３歳 未勝利       [指] 馬齢 14頭 本賞金:550,220,140,83,55万円",14,550.0,2,7,12,プルメリアクヒオ,牡,3,54.0,▲長浜,107.0,5,2,3.9,38.6,4-2-2-2,美浦 深山,454,0,
202401020104,2024-08-10,札幌,4,3歳未勝利,ダ,1700,右,曇,良,"2回 札幌 1日目 サラ系３歳 未勝利       [指] 馬齢 14頭 本賞金:550,220,140,83,55万円",14,550.0,3,6,10,エナアニマル,牡,3,57.0,横山和,107.7,4,4,5.6,38.9,11-10-4-3,栗東 吉田,452,2,
202401020104,2024-08-10,札幌,4,3歳未勝利,ダ,1700,右,曇,良,"2回 札幌 1日目 サラ系３歳 未勝利       [指] 馬齢 14頭 本賞金:550,220,140,83,55万円",14,550.0,4,3,4,ペッシュプラット,牝,3,55.0,小林凌,108.9,7,14,543.1,39.1,14-14-12-7,美浦 南田,418,6,
202401020104,2024-08-10,札幌,4,3歳未勝利,ダ,1700,右,曇,良,"2回 札幌 1日目 サラ系３歳 未勝利       [指] 馬齢 14頭 本賞金:550,220,140,83,55万円",14,550.0,5,2,2,ナムラカメジロー,牡,3,57.0,川又,108.9,クビ,8,36.8,40.2,4-4-4-4,栗東 杉山佳,500,2,
202401020104,2024-08-10,札幌,4,3歳未勝利,ダ,1700,右,曇,良,"2回 札幌 1日目 サラ系３歳 未勝利       [指] 馬齢 14頭 本賞金:550,220,140,83,55万円",14,550.0,6,6,9,メイショウハコブネ,牝,3,55.0,古川吉,109.4,3,11,76.3,40.7,2-4-4-6,栗東 千田,444,2,
202401020104,2024-08-10,札幌,4,3歳未勝利,ダ,1700,右,曇,良,"2回 札幌 1日目 サラ系３歳 未勝利       [指] 馬齢 14頭 本賞金:550,220,140,83,55万円",14,550.0,7,5,7,ギャヴァガイ,牝,3,52.0,▲高杉,109.4,アタマ,5,7.7,40.3,6-6-7-7,栗東 中内田,462,10,
202401020104,2024-08-10,札幌,4,3歳未勝利,ダ,1700,右,曇,良,"2回 札幌 1日目 サラ系３歳 未勝利       [指] 馬齢 14頭 本賞金:550,220,140,83,55万円",14,550.0,8,7,11,アオレレ,牡,3,57.0,佐々木,109.4,ハナ,13,200.4,39.9,8-9-10-9,栗東 鈴木孝,430,0,
202401020104,2024-08-10,札幌,4,3歳未勝利,ダ,1700,右,曇,良,"2回 札幌 1日目 サラ系３歳 未勝利       [指] 馬齢 14頭 本賞金:550,220,140,83,55万円",14,550.0,9,3,3,ベレッタ,牡,3,57.0,横山武,109.4,クビ,3,5.0,39.6,8-10-12-12,美浦 萩原,436,-2,
202401020104,2024-08-10,札幌,4,3歳未勝利,ダ,1700,右,曇,良,"2回 札幌 1日目 サラ系３歳 未勝利       [指] 馬齢 14頭 本賞金:550,220,140,83,55万円",14,550.0,10,8,14,ノイヤー,牝,3,55.0,菱田,109.6,3/4,6,14.9,41.1,2-3-3-4,栗東 高橋亮,460,2,
202401020104,2024-08-10,札幌,4,3歳未勝利,ダ,1700,右,曇,良,"2回 札幌 1日目 サラ系３歳 未勝利       [指] 馬齢 14頭 本賞金:550,220,140,83,55万円",14,550.0,11,4,5,スリーボビー,牡,3,57.0,永野,109.8,1.1/2,7,23.2,40.0,12-12-12-14,美浦 伊藤圭,482,0,
202401020104,2024-08-10,札幌,4,3歳未勝利,ダ,1700,右,曇,良,"2回 札幌 1日目 サラ系３歳 未勝利       [指] 馬齢 14頭 本賞金:550,220,140,83,55万円",14,550.0,12,4,6,フェイマスグラース,牝,3,51.0,★古川奈,109.8,ハナ,9,63.6,40.2,12-13-11-10,栗東 谷,478,2,
202401020104,2024-08-10,札幌,4,3歳未勝利,ダ,1700,右,曇,良,"2回 札幌 1日目 サラ系３歳 未勝利       [指] 馬齢 14頭 本賞金:550,220,140,83,55万円",14,550.0,13,5,8,ココロノイロ,牝,3,55.0,丹内,112.0,大,12,154.8,42.8,7-6-7-10,美浦 尾関,482,-6,
202401020104,2024-08-10,札幌,4,3歳未勝利,ダ,1700,右,曇,良,"2回 札幌 1日目 サラ系３歳 未勝利       [指] 馬齢 14頭 本賞金:550,220,140,83,55万円",14,550.0,14,8,13,ペプチドアーニャ,牝,3,53.0,△小林勝,112.7,4,10,72.8,43.5,8-6-7-12,栗東 畑端,426,14,
202401020105,2024-08-10,札幌,5,2歳新馬,芝,1500,右,晴,良,"2回 札幌 1日目 サラ系２歳 新馬       牝[指] 馬齢 7頭 本賞金:720,290,180,110,72万円",7,720.0,1,1,1,クリノメイ,牝,2,55.0,佐々木,89.7,,1,3.2,34.8,3-2-3,栗東 須貝,444,0,
202401020105,2024-08-10,札幌,5,2歳新馬,芝,1500,右,晴,良,"2回 札幌 1日目 サラ系２歳 新馬       牝[指] 馬齢 7頭 本賞金:720,290,180,110,72万円",7,720.0,2,5,5,ウォーターエアリー,牝,2,55.0,武豊,89.8,1/2,2,3.2,34.4,7-6-4,栗東 高柳大,414,0,
202401020105,2024-08-10,札幌,5,2歳新馬,芝,1500,右,晴,良,"2回 札幌 1日目 サラ系２歳 新馬       牝[指] 馬齢 7頭 本賞金:720,290,180,110,72万円",7,720.0,3,6,6,レーヌマロン,牝,2,55.0,鮫島駿,90.2,2.1/2,3,3.7,35.0,4-4-4,栗東 小栗,446,0,
202401020105,2024-08-10,札幌,5,2歳新馬,芝,1500,右,晴,良,"2回 札幌 1日目 サラ系２歳 新馬       牝[指] 馬齢 7頭 本賞金:720,290,180,110,72万円",7,720.0,4,2,2,ビービープリメーロ,牝,2,55.0,菱田,90.5,2,6,24.9,35.7,1-1-1,栗東 角田,428,0,
202401020105,2024-08-10,札幌,5,2歳新馬,芝,1500,右,晴,良,"2回 札幌 1日目 サラ系２歳 新馬       牝[指] 馬齢 7頭 本賞金:720,290,180,110,72万円",7,720.0,5,3,3,ルパヴィヨン,牝,2,55.0,大野,90.6,クビ,4,5.4,35.4,5-4-4,美浦 小手川,460,0,
202401020105,2024-08-10,札幌,5,2歳新馬,芝,1500,右,晴,良,"2回 札幌 1日目 サラ系２歳 新馬       牝[指] 馬齢 7頭 本賞金:720,290,180,110,72万円",7,720.0,6,4,4,ブライアーヒル,牝,2,55.0,横山和,90.6,クビ,7,51.6,35.7,2-2-2,栗東 中尾,466,0,
202401020105,2024-08-10,札幌,5,2歳新馬,芝,1500,右,晴,良,"2回 札幌 1日目 サラ系２歳 新馬       牝[指] 馬齢 7頭 本賞金:720,290,180,110,72万円",7,720.0,7,7,7,サードウインド,牝,2,55.0,横山武,91.0,2.1/2,5,7.9,35.7,5-6-7,美浦 西田,440,0,
202401020106,2024-08-10,札幌,6,3歳未勝利,芝,2000,右,晴,良,"2回 札幌 1日目 サラ系３歳 未勝利       (混)[指] 馬齢 16頭 本賞金:550,220,140,83,55万円",16,550.0,1,1,1,スピードリッチ,牡,3,57.0,藤岡佑,120.7,,1,2.1,36.1,2-2-2-1,栗東 藤岡,480,-2,
202401020106,2024-08-10,札幌,6,3歳未勝利,芝,2000,右,晴,良,"2回 札幌 1日目 サラ系３歳 未勝利       (混)[指] 馬齢 16頭 本賞金:550,220,140,83,55万円",16,550.0,2,7,14,プロスペクト,牡,3,57.0,横山和,121.5,5,5,12.2,37.0,16-15-1-2,栗東 須貝,506,4,
202401020106,2024-08-10,札幌,6,3歳未勝利,芝,2000,右,晴,良,"2回 札幌 1日目 サラ系３歳 未勝利       (混)[指] 馬齢 16頭 本賞金:550,220,140,83,55万円",16,550.0,3,5,9,ゴールデンスロープ,牡,3,57.0,永野,121.5,クビ,12,152.0,36.2,7-7-8-7,美浦 小笠,434,6,
202401020106,2024-08-10,札幌,6,3歳未勝利,芝,2000,右,晴,良,"2回 札幌 1日目 サラ系３歳 未勝利       (混)[指] 馬齢 16頭 本賞金:550,220,140,83,55万円",16,550.0,4,4,7,ヘザルフェン,牡,3,57.0,横山典,121.6,クビ,2,3.3,36.6,4-3-6-5,栗東 昆,496,6,
202401020106,2024-08-10,札幌,6,3歳未勝利,芝,2000,右,晴,良,"2回 札幌 1日目 サラ系３歳 未勝利       (混)[指] 馬齢 16頭 本賞金:550,220,140,83,55万円",16,550.0,5,3,5,タイキジパング,牡,3,55.0,△小林勝,121.7,3/4,10,43.5,36.2,14-15-11-7,美浦 菊沢,482,4,
202401020106,2024-08-10,札幌,6,3歳未勝利,芝,2000,右,晴,良,"2回 札幌 1日目 サラ系３歳 未勝利       (混)[指] 馬齢 16頭 本賞金:550,220,140,83,55万円",16,550.0,6,8,16,セーラス,牝,3,55.0,佐々木,122.0,2,8,39.2,36.7,14-14-8-7,栗東 河嶋,438,-4,
202401020106,2024-08-10,札幌,6,3歳未勝利,芝,2000,右,晴,良,"2回 札幌 1日目 サラ系３歳 未勝利       (混)[指] 馬齢 16頭 本賞金:550,220,140,83,55万円",16,550.0,7,2,3,グローリアミノル,牡,3,57.0,大野,122.0,ハナ,9,42.5,36.2,12-12-15-12,美浦 中舘,460,4,
202401020106,2024-08-10,札幌,6,3歳未勝利,芝,2000,右,晴,良,"2回 札幌 1日目 サラ系３歳 未勝利       (混)[指] 馬齢 16頭 本賞金:550,220,140,83,55万円",16,550.0,8,6,11,テンダーデイズ,牝,3,55.0,武豊,122.2,1.1/4,3,8.2,36.7,9-10-11-11,栗東 笹田,480,6,
202401020106,2024-08-10,札幌,6,3歳未勝利,芝,2000,右,晴,良,"2回 札幌 1日目 サラ系３歳 未勝利       (混)[指] 馬齢 16頭 本賞金:550,220,140,83,55万円",16,550.0,9,1,2,ジャンビ,牝,3,55.0,斎藤,122.4,1.1/4,14,332.6,37.8,3-3-2-3,栗東 牧田,436,-8,
202401020106,2024-08-10,札幌,6,3歳未勝利,芝,2000,右,晴,良,"2回 札幌 1日目 サラ系３歳 未勝利       (混)[指] 馬齢 16頭 本賞金:550,220,140,83,55万円",16,550.0,10,3,6,バーキン,牝,3,55.0,丹内,122.5,1/2,4,9.7,37.3,4-5-8-7,栗東 西園翔,478,18,
202401020106,2024-08-10,札幌,6,3歳未勝利,芝,2000,右,晴,良,"2回 札幌 1日目 サラ系３歳 未勝利       (混)[指] 馬齢 16頭 本賞金:550,220,140,83,55万円",16,550.0,11,7,13,ラブビーチ,牝,3,52.0,▲長浜,122.6,1/2,6,24.6,36.8,11-12-15-12,美浦 蛯名利,438,6,
202401020106,2024-08-10,札幌,6,3歳未勝利,芝,2000,右,晴,良,"2回 札幌 1日目 サラ系３歳 未勝利       (混)[指] 馬齢 16頭 本賞金:550,220,140,83,55万円",16,550.0,12,2,4,ウインサマースノー,牡,3,57.0,菱田,122.6,クビ,11,79.5,37.7,4-5-5-5,栗東 緒方,480,8,
202401020106,2024-08-10,札幌,6,3歳未勝利,芝,2000,右,晴,良,"2回 札幌 1日目 サラ系３歳 未勝利       (混)[指] 馬齢 16頭 本賞金:550,220,140,83,55万円",16,550.0,13,4,8,モヴレクス,牡,3,54.0,▲高杉,123.3,4,16,424.5,37.8,8-7-11-12,栗東 須貝,448,-4,
202401020106,2024-08-10,札幌,6,3歳未勝利,芝,2000,右,晴,良,"2回 札幌 1日目 サラ系３歳 未勝利       (混)[指] 馬齢 16頭 本賞金:550,220,140,83,55万円",16,550.0,14,5,10,コーンウォリス,牡,3,57.0,浜中,123.7,2.1/2,7,31.4,39.0,1-1-4-4,栗東 平田,472,6,
202401020106,2024-08-10,札幌,6,3歳未勝利,芝,2000,右,晴,良,"2回 札幌 1日目 サラ系３歳 未勝利       (混)[指] 馬齢 16頭 本賞金:550,220,140,83,55万円",16,550.0,15,6,12,デルマプラクリティ,牡,3,57.0,的場,123.8,クビ,15,376.5,38.3,9-10-11-15,美浦 的場,464,4,
202401020106,2024-08-10,札幌,6,3歳未勝利,芝,2000,右,晴,良,"2回 札幌 1日目 サラ系３歳 未勝利       (混)[指] 馬齢 16頭 本賞金:550,220,140,83,55万円",16,550.0,16,8,15,ラディアントホース,牝,3,55.0,黛,124.7,5,13,239.1,39.6,12-7-6-15,美浦 金成,478,2,
202401020107,2024-08-10,札幌,7,3歳以上1勝クラス,ダ,1000,右,晴,良,"2回 札幌 1日目 サラ系３歳以上 １勝クラス       [指] 定量 12頭 本賞金:800,320,200,120,80万円",12,800.0,1,7,10,セリエル,牝,3,54.0,大野,59.4,,1,3.0,36.5,2-2,美浦 杉浦,472,8,
202401020107,2024-08-10,札幌,7,3歳以上1勝クラス,ダ,1000,右,晴,良,"2回 札幌 1日目 サラ系３歳以上 １勝クラス       [指] 定量 12頭 本賞金:800,320,200,120,80万円",12,800.0,2,8,11,シエラメンテ,牝,5,56.0,佐々木,59.4,クビ,10,73.5,36.2,3-3,美浦 堀内,494,2,
202401020107,2024-08-10,札幌,7,3歳以上1勝クラス,ダ,1000,右,晴,良,"2回 札幌 1日目 サラ系３歳以上 １勝クラス       [指] 定量 12頭 本賞金:800,320,200,120,80万円",12,800.0,3,6,7,スノーホルンロード,セ,5,56.0,△小林勝,59.6,1.1/4,3,5.0,35.6,11-10,美浦 清水英,506,-2,
202401020107,2024-08-10,札幌,7,3歳以上1勝クラス,ダ,1000,右,晴,良,"2回 札幌 1日目 サラ系３歳以上 １勝クラス       [指] 定量 12頭 本賞金:800,320,200,120,80万円",12,800.0,4,8,12,ヒメカミノイタダキ,牡,5,58.0,古川吉,59.7,クビ,11,107.1,36.1,7-6,美浦 武市,512,10,
202401020107,2024-08-10,札幌,7,3歳以上1勝クラス,ダ,1000,右,晴,良,"2回 札幌 1日目 サラ系３歳以上 １勝クラス       [指] 定量 12頭 本賞金:800,320,200,120,80万円",12,800.0,5,7,9,サザンレイク,牝,4,53.0,▲長浜,59.8,3/4,4,6.2,36.3,7-8,美浦 根本,498,4,
202401020107,2024-08-10,札幌,7,3歳以上1勝クラス,ダ,1000,右,晴,良,"2回 札幌 1日目 サラ系３歳以上 １勝クラス       [指] 定量 12頭 本賞金:800,320,200,120,80万円",12,800.0,6,5,6,パレフォーコン,牡,5,58.0,鮫島駿,59.8,ハナ,12,120.9,35.7,12-12,栗東 鮫島,442,0,
202401020107,2024-08-10,札幌,7,3歳以上1勝クラス,ダ,1000,右,晴,良,"2回 札幌 1日目 サラ系３歳以上 １勝クラス       [指] 定量 12頭 本賞金:800,320,200,120,80万円",12,800.0,7,5,5,ミッキースピナッチ,牡,4,55.0,▲高杉,59.9,1/2,2,3.2,36.7,3-3,栗東 音無,512,2,
202401020107,2024-08-10,札幌,7,3歳以上1勝クラス,ダ,1000,右,晴,良,"2回 札幌 1日目 サラ系３歳以上 １勝クラス       [指] 定量 12頭 本賞金:800,320,200,120,80万円",12,800.0,8,1,1,シュヴァルツリーベ,牝,4,52.0,★古川奈,59.9,アタマ,7,21.3,36.1,10-10,美浦 林,448,4,
202401020107,2024-08-10,札幌,7,3歳以上1勝クラス,ダ,1000,右,晴,良,"2回 札幌 1日目 サラ系３歳以上 １勝クラス       [指] 定量 12頭 本賞金:800,320,200,120,80万円",12,800.0,9,3,3,マーゴットファブ,牡,3,56.0,菱田,60.1,3/4,6,15.8,37.0,3-5,美浦 伊坂,524,6,
202401020107,2024-08-10,札幌,7,3歳以上1勝クラス,ダ,1000,右,晴,良,"2回 札幌 1日目 サラ系３歳以上 １勝クラス       [指] 定量 12頭 本賞金:800,320,200,120,80万円",12,800.0,10,2,2,ホーリーブライト,牝,3,54.0,川又,60.5,2.1/2,5,13.6,37.6,1-1,美浦 竹内,442,-4,
202401020107,2024-08-10,札幌,7,3歳以上1勝クラス,ダ,1000,右,晴,良,"2回 札幌 1日目 サラ系３歳以上 １勝クラス       [指] 定量 12頭 本賞金:800,320,200,120,80万円",12,800.0,11,6,8,エスグラシア,牝,5,56.0,黛,60.7,3/4,9,61.4,37.1,7-8,美浦 加藤和,472,12,
202401020107,2024-08-10,札幌,7,3歳以上1勝クラス,ダ,1000,右,晴,良,"2回 札幌 1日目 サラ系３歳以上 １勝クラス       [指] 定量 12頭 本賞金:800,320,200,120,80万円",12,800.0,12,4,4,ニシノルミリオン,牡,3,56.0,永野,60.9,1.1/4,8,37.5,37.8,3-6,美浦 武藤,480,-2,
202401020108,2024-08-10,札幌,8,3歳以上1勝クラス,芝,2600,右,晴,良,"2回 札幌 1日目 サラ系３歳以上 １勝クラス       (特指) 定量 11頭 本賞金:800,320,200,120,80万円",11,800.0,1,6,7,ウインネモフィラ,牝,4,56.0,黛,161.4,,6,12.3,36.7,2-2-2-2,美浦 奥平,442,8,
202401020108,2024-08-10,札幌,8,3歳以上1勝クラス,芝,2600,右,晴,良,"2回 札幌 1日目 サラ系３歳以上 １勝クラス       (特指) 定量 11頭 本賞金:800,320,200,120,80万円",11,800.0,2,2,2,オーパンバル,牝,6,56.0,丹内,161.4,ハナ,3,4.7,36.9,5-1-1-1,栗東 野中,452,-10,
202401020108,2024-08-10,札幌,8,3歳以上1勝クラス,芝,2600,右,晴,良,"2回 札幌 1日目 サラ系３歳以上 １勝クラス       (特指) 定量 11頭 本賞金:800,320,200,120,80万円",11,800.0,3,7,8,ビッグベルーガ,牡,4,58.0,浜中,161.5,アタマ,4,6.2,36.4,7-6-6-4,栗東 牧浦,474,0,
202401020108,2024-08-10,札幌,8,3歳以上1勝クラス,芝,2600,右,晴,良,"2回 札幌 1日目 サラ系３歳以上 １勝クラス       (特指) 定量 11頭 本賞金:800,320,200,120,80万円",11,800.0,4,4,4,クリフハンガー,牡,3,55.0,佐々木,162.0,3,1,2.8,37.2,3-4-2-3,美浦 堀,458,2,
202401020108,2024-08-10,札幌,8,3歳以上1勝クラス,芝,2600,右,晴,良,"2回 札幌 1日目 サラ系３歳以上 １勝クラス       (特指) 定量 11頭 本賞金:800,320,200,120,80万円",11,800.0,5,5,5,ペリプルス,牡,4,58.0,永野,162.2,1.1/4,5,8.1,37.1,5-6-6-4,美浦 佐藤吉,434,0,
202401020108,2024-08-10,札幌,8,3歳以上1勝クラス,芝,2600,右,晴,良,"2回 札幌 1日目 サラ系３歳以上 １勝クラス       (特指) 定量 11頭 本賞金:800,320,200,120,80万円",11,800.0,6,8,10,チャイボーグ,牝,4,53.0,▲長浜,162.5,1.3/4,11,158.2,36.7,9-9-11-8,美浦 的場,476,0,
202401020108,2024-08-10,札幌,8,3歳以上1勝クラス,芝,2600,右,晴,良,"2回 札幌 1日目 サラ系３歳以上 １勝クラス       (特指) 定量 11頭 本賞金:800,320,200,120,80万円",11,800.0,7,3,3,アマソナ,牝,4,53.0,▲川端,162.5,ハナ,9,101.8,37.2,7-6-8-6,栗東 小崎,470,-6,
202401020108,2024-08-10,札幌,8,3歳以上1勝クラス,芝,2600,右,晴,良,"2回 札幌 1日目 サラ系３歳以上 １勝クラス       (特指) 定量 11頭 本賞金:800,320,200,120,80万円",11,800.0,8,1,1,ディアマンドロップ,牝,3,51.0,△小林勝,162.9,2.1/2,8,72.3,37.2,10-10-9-8,美浦 小手川,470,0,
202401020108,2024-08-10,札幌,8,3歳以上1勝クラス,芝,2600,右,晴,良,"2回 札幌 1日目 サラ系３歳以上 １勝クラス       (特指) 定量 11頭 本賞金:800,320,200,120,80万円",11,800.0,9,7,9,マイネルオデーサ,牡,3,55.0,鮫島駿,162.9,アタマ,7,13.7,37.9,1-3-5-8,栗東 宮,456,0,
202401020108,2024-08-10,札幌,8,3歳以上1勝クラス,芝,2600,右,晴,良,"2回 札幌 1日目 サラ系３歳以上 １勝クラス       (特指) 定量 11頭 本賞金:800,320,200,120,80万円",11,800.0,10,8,11,アットアブラスト,牡,4,58.0,古川吉,163.4,2.1/2,10,106.7,37.7,11-11-9-11,栗東 小椋,472,2,
202401020108,2024-08-10,札幌,8,3歳以上1勝クラス,芝,2600,右,晴,良,"2回 札幌 1日目 サラ系３歳以上 １勝クラス       (特指) 定量 11頭 本賞金:800,320,200,120,80万円",11,800.0,11,6,6,ステラポイント,牝,4,53.0,▲高杉,163.8,2.1/2,2,4.5,39.0,3-4-2-6,栗東 杉山晴,452,2,
202401020109,2024-08-10,札幌,9,石狩特別,芝,1800,右,晴,良,"2回 札幌 1日目 サラ系３歳以上 １勝クラス       (混)[指] 定量 13頭 本賞金:1110,440,280,170,111万円",13,1110.0,1,7,10,マイネルブリックス,牡,3,55.0,丹内,108.0,,4,9.0,36.0,6-5-5-3,美浦 黒岩,462,16,
202401020109,2024-08-10,札幌,9,石狩特別,芝,1800,右,晴,良,"2回 札幌 1日目 サラ系３歳以上 １勝クラス       (混)[指] 定量 13頭 本賞金:1110,440,280,170,111万円",13,1110.0,2,4,4,コスモアバンサ,牡,4,58.0,斎藤,108.0,クビ,11,66.7,36.1,2-3-4-3,美浦 清水英,488,-20,
202401020109,2024-08-10,札幌,9,石狩特別,芝,1800,右,晴,良,"2回 札幌 1日目 サラ系３歳以上 １勝クラス       (混)[指] 定量 13頭 本賞金:1110,440,280,170,111万円",13,1110.0,3,6,8,セイウンパシュート,牡,4,58.0,池添,108.2,1,1,2.2,36.4,4-4-2-2,美浦 上原博,462,-8,
202401020109,2024-08-10,札幌,9,石狩特別,芝,1800,右,晴,良,"2回 札幌 1日目 サラ系３歳以上 １勝クラス       (混)[指] 定量 13頭 本賞金:1110,440,280,170,111万円",13,1110.0,4,5,7,ウインボレロ,牡,3,55.0,佐々木,108.3,1/2,7,16.8,36.0,8-7-6-7,美浦 手塚,434,-2,
202401020109,2024-08-10,札幌,9,石狩特別,芝,1800,右,晴,良,"2回 札幌 1日目 サラ系３歳以上 １勝クラス       (混)[指] 定量 13頭 本賞金:1110,440,280,170,111万円",13,1110.0,5,1,1,ゼアズノープレイス,牡,5,58.0,的場,108.3,ハナ,10,61.5,35.1,12-13-12-12,美浦 的場,492,0,
202401020109,2024-08-10,札幌,9,石狩特別,芝,1800,右,晴,良,"2回 札幌 1日目 サラ系３歳以上 １勝クラス       (混)[指] 定量 13頭 本賞金:1110,440,280,170,111万円",13,1110.0,6,8,12,クロスライセンス,牡,4,58.0,浜中,108.3,ハナ,8,25.9,35.8,12-10-8-7,美浦 鹿戸,450,-6,
202401020109,2024-08-10,札幌,9,石狩特別,芝,1800,右,晴,良,"2回 札幌 1日目 サラ系３歳以上 １勝クラス       (混)[指] 定量 13頭 本賞金:1110,440,280,170,111万円",13,1110.0,7,7,11,ロジルーラー,牡,3,55.0,永野,108.4,クビ,5,12.4,35.9,11-10-8-9,美浦 稲垣,502,4,
202401020109,2024-08-10,札幌,9,石狩特別,芝,1800,右,晴,良,"2回 札幌 1日目 サラ系３歳以上 １勝クラス       (混)[指] 定量 13頭 本賞金:1110,440,280,170,111万円",13,1110.0,8,5,6,ディナトセレーネ,牝,4,56.0,鮫島駿,108.6,1.1/4,2,5.0,37.0,1-1-1-1,美浦 尾関,458,0,
202401020109,2024-08-10,札幌,9,石狩特別,芝,1800,右,晴,良,"2回 札幌 1日目 サラ系３歳以上 １勝クラス       (混)[指] 定量 13頭 本賞金:1110,440,280,170,111万円",13,1110.0,9,4,5,クインズステラ,牝,5,56.0,亀田,108.7,1/2,12,88.9,36.2,8-10-8-5,美浦 池上,464,-2,
202401020109,2024-08-10,札幌,9,石狩特別,芝,1800,右,晴,良,"2回 札幌 1日目 サラ系３歳以上 １勝クラス       (混)[指] 定量 13頭 本賞金:1110,440,280,170,111万円",13,1110.0,10,2,2,スイーツバイキング,牝,4,56.0,大野,108.9,1.1/2,9,37.9,36.0,7-7-11-11,美浦 大竹,456,2,
202401020109,2024-08-10,札幌,9,石狩特別,芝,1800,右,晴,良,"2回 札幌 1日目 サラ系３歳以上 １勝クラス       (混)[指] 定量 13頭 本賞金:1110,440,280,170,111万円",13,1110.0,11,8,13,アスクナサニエル,牡,3,55.0,菱田,109.3,2,13,200.7,37.6,3-2-2-5,栗東 藤原,500,-8,
202401020109,2024-08-10,札幌,9,石狩特別,芝,1800,右,晴,良,"2回 札幌 1日目 サラ系３歳以上 １勝クラス       (混)[指] 定量 13頭 本賞金:1110,440,280,170,111万円",13,1110.0,12,3,3,フェルメール,牡,3,55.0,横山和,109.3,アタマ,6,16.6,36.2,4-5-12-13,美浦 萩原,484,-2,
202401020109,2024-08-10,札幌,9,石狩特別,芝,1800,右,晴,良,"2回 札幌 1日目 サラ系３歳以上 １勝クラス       (混)[指] 定量 13頭 本賞金:1110,440,280,170,111万円",13,1110.0,13,6,9,サトノメルベイユ,牝,3,53.0,横山武,109.9,3.1/2,3,5.4,37.6,8-7-6-9,美浦 高柳瑞,386,-18,
202401020110,2024-08-10,札幌,10,日高特別,芝,1500,右,晴,良,"2回 札幌 1日目 サラ系３歳以上 ２勝クラス       (混)(特指) 定量 12頭 本賞金:1550,620,390,230,155万円",12,1550.0,1,7,9,オーサムストローク,牡,3,55.0,横山武,88.0,,2,4.2,34.8,3-3-3,美浦 伊藤圭,440,4,
202401020110,2024-08-10,札幌,10,日高特別,芝,1500,右,晴,良,"2回 札幌 1日目 サラ系３歳以上 ２勝クラス       (混)(特指) 定量 12頭 本賞金:1550,620,390,230,155万円",12,1550.0,2,3,3,ステラバルセロナ,牝,4,56.0,藤岡佑,88.2,3/4,7,11.6,34.5,9-7-8,美浦 菊川,422,-2,
202401020110,2024-08-10,札幌,10,日高特別,芝,1500,右,晴,良,"2回 札幌 1日目 サラ系３歳以上 ２勝クラス       (混)(特指) 定量 12頭 本賞金:1550,620,390,230,155万円",12,1550.0,3,2,2,メタルスピード,牡,4,58.0,斎藤,88.2,クビ,3,4.8,35.1,2-2-2,美浦 斎藤誠,512,8,
202401020110,2024-08-10,札幌,10,日高特別,芝,1500,右,晴,良,"2回 札幌 1日目 サラ系３歳以上 ２勝クラス       (混)(特指) 定量 12頭 本賞金:1550,620,390,230,155万円",12,1550.0,4,8,12,ウインレイアー,牝,4,56.0,佐々木,88.2,クビ,4,6.7,35.2,1-1-1,美浦 和田雄,450,-4,
202401020110,2024-08-10,札幌,10,日高特別,芝,1500,右,晴,良,"2回 札幌 1日目 サラ系３歳以上 ２勝クラス       (混)(特指) 定量 12頭 本賞金:1550,620,390,230,155万円",12,1550.0,5,5,5,バニシングポイント,セ,6,58.0,浜中,88.3,1/2,5,7.7,34.7,8-7-6,美浦 古賀,492,4,
202401020110,2024-08-10,札幌,10,日高特別,芝,1500,右,晴,良,"2回 札幌 1日目 サラ系３歳以上 ２勝クラス       (混)(特指) 定量 12頭 本賞金:1550,620,390,230,155万円",12,1550.0,6,1,1,ミスヨコハマ,牝,4,56.0,菱田,88.4,3/4,8,27.1,35.0,4-4-4,美浦 斎藤誠,474,-2,
202401020110,2024-08-10,札幌,10,日高特別,芝,1500,右,晴,良,"2回 札幌 1日目 サラ系３歳以上 ２勝クラス       (混)(特指) 定量 12頭 本賞金:1550,620,390,230,155万円",12,1550.0,7,6,7,アスクエピソード,牡,4,58.0,武豊,88.5,クビ,9,35.7,34.7,9-10-10,栗東 藤原,462,0,
202401020110,2024-08-10,札幌,10,日高特別,芝,1500,右,晴,良,"2回 札幌 1日目 サラ系３歳以上 ２勝クラス       (混)(特指) 定量 12頭 本賞金:1550,620,390,230,155万円",12,1550.0,8,6,8,デビッドテソーロ,牡,3,55.0,高杉,88.6,3/4,12,107.5,35.2,4-4-4,美浦 小手川,468,4,
202401020110,2024-08-10,札幌,10,日高特別,芝,1500,右,晴,良,"2回 札幌 1日目 サラ系３歳以上 ２勝クラス       (混)(特指) 定量 12頭 本賞金:1550,620,390,230,155万円",12,1550.0,9,7,10,コスモディナー,牝,3,53.0,丹内,88.6,アタマ,1,4.1,34.6,12-12-12,美浦 伊藤伸,462,4,
202401020110,2024-08-10,札幌,10,日高特別,芝,1500,右,晴,良,"2回 札幌 1日目 サラ系３歳以上 ２勝クラス       (混)(特指) 定量 12頭 本賞金:1550,620,390,230,155万円",12,1550.0,10,8,11,レッドバレンティア,牡,4,58.0,鮫島駿,88.8,1.1/4,6,9.8,35.0,11-10-10,美浦 矢嶋,466,4,
202401020110,2024-08-10,札幌,10,日高特別,芝,1500,右,晴,良,"2回 札幌 1日目 サラ系３歳以上 ２勝クラス       (混)(特指) 定量 12頭 本賞金:1550,620,390,230,155万円",12,1550.0,11,4,4,ピースキーパー,牝,5,56.0,横山和,89.0,1.1/4,11,105.5,35.4,7-7-8,栗東 奥村豊,450,-4,
202401020110,2024-08-10,札幌,10,日高特別,芝,1500,右,晴,良,"2回 札幌 1日目 サラ系３歳以上 ２勝クラス       (混)(特指) 定量 12頭 本賞金:1550,620,390,230,155万円",12,1550.0,12,5,6,ココリホウオウ,セ,6,58.0,永野,89.1,1/2,10,66.9,35.7,4-4-6,美浦 古賀,484,18,
202401020111,2024-08-10,札幌,11,大雪HC,ダ,1700,右,晴,良,"2回 札幌 1日目 サラ系３歳以上 ３勝クラス       (混)[指] ハンデ 14頭 本賞金:1840,740,460,280,184万円",14,1840.0,1,5,7,カンピオーネ,牡,5,56.0,横山武,105.3,,2,6.5,37.8,9-9-9-4,美浦 栗田,518,2,
202401020111,2024-08-10,札幌,11,大雪HC,ダ,1700,右,晴,良,"2回 札幌 1日目 サラ系３歳以上 ３勝クラス       (混)[指] ハンデ 14頭 本賞金:1840,740,460,280,184万円",14,1840.0,2,1,1,ゴッドブルービー,牡,4,56.0,浜中,105.8,3,3,10.5,38.9,4-3-5-4,栗東 角田,468,16,
202401020111,2024-08-10,札幌,11,大雪HC,ダ,1700,右,晴,良,"2回 札幌 1日目 サラ系３歳以上 ３勝クラス       (混)[指] ハンデ 14頭 本賞金:1840,740,460,280,184万円",14,1840.0,3,8,14,モズミギカタアガリ,牝,3,52.0,池添,105.8,クビ,9,60.8,39.3,8-8-1-1,栗東 藤岡,466,4,
202401020111,2024-08-10,札幌,11,大雪HC,ダ,1700,右,晴,良,"2回 札幌 1日目 サラ系３歳以上 ３勝クラス       (混)[指] ハンデ 14頭 本賞金:1840,740,460,280,184万円",14,1840.0,4,7,11,ストライク,牡,4,57.0,丹内,105.9,3/4,5,11.0,39.1,6-5-2-3,美浦 加藤士,504,8,
202401020111,2024-08-10,札幌,11,大雪HC,ダ,1700,右,晴,良,"2回 札幌 1日目 サラ系３歳以上 ３勝クラス       (混)[指] ハンデ 14頭 本賞金:1840,740,460,280,184万円",14,1840.0,5,4,6,ゲットアップ,セ,6,55.0,古川吉,106.0,1/2,6,12.9,38.3,9-9-10-7,美浦 牧,470,-6,
202401020111,2024-08-10,札幌,11,大雪HC,ダ,1700,右,晴,良,"2回 札幌 1日目 サラ系３歳以上 ３勝クラス       (混)[指] ハンデ 14頭 本賞金:1840,740,460,280,184万円",14,1840.0,6,5,8,フォーチュンテラー,牡,5,57.0,鮫島駿,106.0,ハナ,4,10.9,38.0,13-13-13-11,栗東 浜田,474,2,
202401020111,2024-08-10,札幌,11,大雪HC,ダ,1700,右,晴,良,"2回 札幌 1日目 サラ系３歳以上 ３勝クラス       (混)[指] ハンデ 14頭 本賞金:1840,740,460,280,184万円",14,1840.0,7,3,3,エリカサファイア,牝,3,52.0,佐々木,106.1,1/2,1,1.7,39.3,2-2-2-2,美浦 堀,498,22,
202401020111,2024-08-10,札幌,11,大雪HC,ダ,1700,右,晴,良,"2回 札幌 1日目 サラ系３歳以上 ３勝クラス       (混)[指] ハンデ 14頭 本賞金:1840,740,460,280,184万円",14,1840.0,8,3,4,マナウス,牝,5,53.0,菱田,106.5,2,8,23.9,39.2,5-6-6-6,栗東 田中克,482,6,
202401020111,2024-08-10,札幌,11,大雪HC,ダ,1700,右,晴,良,"2回 札幌 1日目 サラ系３歳以上 ３勝クラス       (混)[指] ハンデ 14頭 本賞金:1840,740,460,280,184万円",14,1840.0,9,8,13,レディーシス,牝,5,52.0,小林勝,106.9,2.1/2,10,93.6,39.1,12-12-10-7,栗東 小崎,438,0,
202401020111,2024-08-10,札幌,11,大雪HC,ダ,1700,右,晴,良,"2回 札幌 1日目 サラ系３歳以上 ３勝クラス       (混)[指] ハンデ 14頭 本賞金:1840,740,460,280,184万円",14,1840.0,10,4,5,ラニカイ,牝,5,54.0,武豊,106.9,クビ,7,14.5,39.6,6-6-6-7,栗東 松永幹,512,6,
202401020111,2024-08-10,札幌,11,大雪HC,ダ,1700,右,晴,良,"2回 札幌 1日目 サラ系３歳以上 ３勝クラス       (混)[指] ハンデ 14頭 本賞金:1840,740,460,280,184万円",14,1840.0,11,6,9,プレミアムスマイル,牝,5,52.0,永野,107.8,5,11,103.1,40.6,3-3-6-12,栗東 福永,512,2,
202401020111,2024-08-10,札幌,11,大雪HC,ダ,1700,右,晴,良,"2回 札幌 1日目 サラ系３歳以上 ３勝クラス       (混)[指] ハンデ 14頭 本賞金:1840,740,460,280,184万円",14,1840.0,12,7,12,ビキニボーイ,牡,4,53.0,荻野琢,108.7,5,14,265.9,41.0,11-9-10-14,栗東 梅田,498,-2,
202401020111,2024-08-10,札幌,11,大雪HC,ダ,1700,右,晴,良,"2回 札幌 1日目 サラ系３歳以上 ３勝クラス       (混)[指] ハンデ 14頭 本賞金:1840,740,460,280,184万円",14,1840.0,13,2,2,レッドエランドール,セ,7,54.0,亀田,109.0,2,13,143.9,42.2,1-1-2-10,栗東 田中克,498,2,
202401020111,2024-08-10,札幌,11,大雪HC,ダ,1700,右,晴,良,"2回 札幌 1日目 サラ系３歳以上 ３勝クラス       (混)[指] ハンデ 14頭 本賞金:1840,740,460,280,184万円",14,1840.0,14,6,10,ロックユアハート,牝,5,52.0,黛,109.6,3.1/2,12,122.6,41.5,13-13-13-12,栗東 矢作,458,2,
202401020112,2024-08-10,札幌,12,3歳以上1勝クラス,芝,1200,右,晴,良,"2回 札幌 1日目 サラ系３歳以上 １勝クラス       (混)(特指) 定量 16頭 本賞金:800,320,200,120,80万円",16,800.0,1,6,12,ジョーメッドヴィン,牡,3,56.0,武豊,68.6,,2,3.4,34.9,6-6,栗東 清水久,502,0,
202401020112,2024-08-10,札幌,12,3歳以上1勝クラス,芝,1200,右,晴,良,"2回 札幌 1日目 サラ系３歳以上 １勝クラス       (混)(特指) 定量 16頭 本賞金:800,320,200,120,80万円",16,800.0,2,7,13,ランスオブサウンド,牝,4,56.0,藤岡佑,68.6,アタマ,4,9.4,35.0,5-5,栗東 奥村豊,462,2,
202401020112,2024-08-10,札幌,12,3歳以上1勝クラス,芝,1200,右,晴,良,"2回 札幌 1日目 サラ系３歳以上 １勝クラス       (混)(特指) 定量 16頭 本賞金:800,320,200,120,80万円",16,800.0,3,7,14,オベイユアマスター,牡,3,56.0,古川吉,68.8,1,7,14.5,34.9,8-6,栗東 昆,460,10,
202401020112,2024-08-10,札幌,12,3歳以上1勝クラス,芝,1200,右,晴,良,"2回 札幌 1日目 サラ系３歳以上 １勝クラス       (混)(特指) 定量 16頭 本賞金:800,320,200,120,80万円",16,800.0,4,1,2,レザンノワール,牡,3,56.0,永野,68.9,クビ,3,9.1,34.7,10-8,美浦 伊藤圭,466,6,
202401020112,2024-08-10,札幌,12,3歳以上1勝クラス,芝,1200,右,晴,良,"2回 札幌 1日目 サラ系３歳以上 １勝クラス       (混)(特指) 定量 16頭 本賞金:800,320,200,120,80万円",16,800.0,5,1,1,シルバーダイヤ,牝,4,56.0,佐々木,69.0,1/2,13,65.8,34.6,12-11,美浦 小野,460,2,
202401020112,2024-08-10,札幌,12,3歳以上1勝クラス,芝,1200,右,晴,良,"2回 札幌 1日目 サラ系３歳以上 １勝クラス       (混)(特指) 定量 16頭 本賞金:800,320,200,120,80万円",16,800.0,6,6,11,タガノミア,牝,5,56.0,浜中,69.0,1/2,6,14.2,35.8,2-2,栗東 河内,462,-2,
202401020112,2024-08-10,札幌,12,3歳以上1勝クラス,芝,1200,右,晴,良,"2回 札幌 1日目 サラ系３歳以上 １勝クラス       (混)(特指) 定量 16頭 本賞金:800,320,200,120,80万円",16,800.0,7,3,5,オオゾラヒバリ,牝,3,51.0,▲長浜,69.1,1/2,12,61.4,35.0,10-12,美浦 根本,452,10,
202401020112,2024-08-10,札幌,12,3歳以上1勝クラス,芝,1200,右,晴,良,"2回 札幌 1日目 サラ系３歳以上 １勝クラス       (混)(特指) 定量 16頭 本賞金:800,320,200,120,80万円",16,800.0,8,8,16,キングヴァージル,牡,3,56.0,鮫島駿,69.1,ハナ,14,121.6,34.4,13-13,栗東 矢作,494,-2,
202401020112,2024-08-10,札幌,12,3歳以上1勝クラス,芝,1200,右,晴,良,"2回 札幌 1日目 サラ系３歳以上 １勝クラス       (混)(特指) 定量 16頭 本賞金:800,320,200,120,80万円",16,800.0,9,3,6,フライングブレード,牡,4,56.0,△小林勝,69.4,1.1/2,10,24.3,34.6,14-14,栗東 飯田,492,6,
202401020112,2024-08-10,札幌,12,3歳以上1勝クラス,芝,1200,右,晴,良,"2回 札幌 1日目 サラ系３歳以上 １勝クラス       (混)(特指) 定量 16頭 本賞金:800,320,200,120,80万円",16,800.0,10,2,4,ギルティプレジャー,牝,3,51.0,▲高杉,69.4,クビ,11,27.5,34.3,15-14,栗東 寺島,438,4,
202401020112,2024-08-10,札幌,12,3歳以上1勝クラス,芝,1200,右,晴,良,"2回 札幌 1日目 サラ系３歳以上 １勝クラス       (混)(特指) 定量 16頭 本賞金:800,320,200,120,80万円",16,800.0,11,8,15,クラックオブドーン,セ,4,55.0,▲川端,69.5,3/4,15,157.0,36.2,3-4,栗東 藤野,474,4,
202401020112,2024-08-10,札幌,12,3歳以上1勝クラス,芝,1200,右,晴,良,"2回 札幌 1日目 サラ系３歳以上 １勝クラス       (混)(特指) 定量 16頭 本賞金:800,320,200,120,80万円",16,800.0,12,4,7,プレアデスグループ,牝,3,54.0,丹内,69.6,1/2,1,3.2,36.3,3-2,栗東 吉岡,440,4,
202401020112,2024-08-10,札幌,12,3歳以上1勝クラス,芝,1200,右,晴,良,"2回 札幌 1日目 サラ系３歳以上 １勝クラス       (混)(特指) 定量 16頭 本賞金:800,320,200,120,80万円",16,800.0,13,4,8,ラホーヤストーム,牝,4,56.0,菱田,69.7,1/2,9,23.1,36.9,1-1,栗東 藤野,458,-8,
202401020112,2024-08-10,札幌,12,3歳以上1勝クラス,芝,1200,右,晴,良,"2回 札幌 1日目 サラ系３歳以上 １勝クラス       (混)(特指) 定量 16頭 本賞金:800,320,200,120,80万円",16,800.0,14,2,3,アポロルタ,牝,5,56.0,横山和,70.1,2.1/2,5,13.3,35.1,15-14,美浦 村田,456,8,
202401020112,2024-08-10,札幌,12,3歳以上1勝クラス,芝,1200,右,晴,良,"2回 札幌 1日目 サラ系３歳以上 １勝クラス       (混)(特指) 定量 16頭 本賞金:800,320,200,120,80万円",16,800.0,15,5,10,シャインズオンユー,牡,3,56.0,横山武,70.2,3/4,8,20.0,36.4,7-10,美浦 青木,448,8,
202401020112,2024-08-10,札幌,12,3歳以上1勝クラス,芝,1200,右,晴,良,"2回 札幌 1日目 サラ系３歳以上 １勝クラス       (混)(特指) 定量 16頭 本賞金:800,320,200,120,80万円",16,800.0,16,5,9,ニシノクラウン,セ,3,56.0,大野,70.5,1.1/2,16,169.6,36.6,8-8,美浦 相沢,472,2,
202404030101,2024-08-10,新潟,1,2歳未勝利,芝,1800,左,晴,良,"3回 新潟 1日目 サラ系２歳 未勝利       [指] 馬齢 12頭 本賞金:550,220,140,83,55万円",12,550.0,1,2,2,クライスレリアーナ,牝,2,55.0,ルメー,106.4,,1,1.1,34.6,2-2,美浦 木村,440,4,
202404030101,2024-08-10,新潟,1,2歳未勝利,芝,1800,左,晴,良,"3回 新潟 1日目 サラ系２歳 未勝利       [指] 馬齢 12頭 本賞金:550,220,140,83,55万円",12,550.0,2,6,8,ユイノオールイン,牡,2,55.0,吉田豊,107.2,5,2,8.1,34.5,11-12,美浦 竹内,480,0,
202404030101,2024-08-10,新潟,1,2歳未勝利,芝,1800,左,晴,良,"3回 新潟 1日目 サラ系２歳 未勝利       [指] 馬齢 12頭 本賞金:550,220,140,83,55万円",12,550.0,3,7,10,マイネルアレス,牡,2,55.0,戸崎圭,107.2,アタマ,3,11.2,34.9,5-5,美浦 相沢,436,-8,
202404030101,2024-08-10,新潟,1,2歳未勝利,芝,1800,左,晴,良,"3回 新潟 1日目 サラ系２歳 未勝利       [指] 馬齢 12頭 本賞金:550,220,140,83,55万円",12,550.0,4,5,6,テーオーミリカン,牡,2,54.0,☆秋山稔,107.6,2.1/2,4,31.5,34.7,9-10,栗東 宮,452,-2,
202404030101,2024-08-10,新潟,1,2歳未勝利,芝,1800,左,晴,良,"3回 新潟 1日目 サラ系２歳 未勝利       [指] 馬齢 12頭 本賞金:550,220,140,83,55万円",12,550.0,5,8,11,フレンドビーチ,牝,2,52.0,▲佐藤,107.8,1.1/4,12,362.7,35.2,7-7,美浦 南田,408,-6,
202404030101,2024-08-10,新潟,1,2歳未勝利,芝,1800,左,晴,良,"3回 新潟 1日目 サラ系２歳 未勝利       [指] 馬齢 12頭 本賞金:550,220,140,83,55万円",12,550.0,6,6,7,スノーリン,牡,2,53.0,△小林脩,108.3,3,5,104.9,35.5,11-10,美浦 西田,440,-4,
202404030101,2024-08-10,新潟,1,2歳未勝利,芝,1800,左,晴,良,"3回 新潟 1日目 サラ系２歳 未勝利       [指] 馬齢 12頭 本賞金:550,220,140,83,55万円",12,550.0,7,8,12,タヤスソーレ,牝,2,55.0,菊沢,108.5,1.1/4,6,158.7,35.8,9-8,美浦 岩戸,440,6,
202404030101,2024-08-10,新潟,1,2歳未勝利,芝,1800,左,晴,良,"3回 新潟 1日目 サラ系２歳 未勝利       [指] 馬齢 12頭 本賞金:550,220,140,83,55万円",12,550.0,8,1,1,ダテミカヅキ,牡,2,55.0,三浦,108.8,1.1/2,11,242.8,36.7,5-3,栗東 西園翔,458,-2,
202404030101,2024-08-10,新潟,1,2歳未勝利,芝,1800,左,晴,良,"3回 新潟 1日目 サラ系２歳 未勝利       [指] 馬齢 12頭 本賞金:550,220,140,83,55万円",12,550.0,9,4,4,コスモヴェントゥス,牡,2,55.0,吉原寛,109.1,2,8,163.9,36.3,7-8,美浦 宗像,430,4,
202404030101,2024-08-10,新潟,1,2歳未勝利,芝,1800,左,晴,良,"3回 新潟 1日目 サラ系２歳 未勝利       [指] 馬齢 12頭 本賞金:550,220,140,83,55万円",12,550.0,10,7,9,テイオームサシ,牡,2,55.0,津村,109.2,1/2,7,163.8,37.7,1-1,美浦 斎藤誠,476,-2,
202404030101,2024-08-10,新潟,1,2歳未勝利,芝,1800,左,晴,良,"3回 新潟 1日目 サラ系２歳 未勝利       [指] 馬齢 12頭 本賞金:550,220,140,83,55万円",12,550.0,11,5,5,マイネルラファール,牡,2,55.0,柴田大,109.6,2.1/2,9,168.4,37.2,2-5,美浦 畠山,456,-4,
202404030101,2024-08-10,新潟,1,2歳未勝利,芝,1800,左,晴,良,"3回 新潟 1日目 サラ系２歳 未勝利       [指] 馬齢 12頭 本賞金:550,220,140,83,55万円",12,550.0,12,3,3,テクニコス,牡,2,54.0,☆原,110.3,4,10,194.7,38.0,2-3,美浦 田中剛,438,4,
202404030102,2024-08-10,新潟,2,3歳未勝利,ダ,1200,左,晴,良,"3回 新潟 1日目 サラ系３歳 未勝利       牝[指] 馬齢 15頭 本賞金:550,220,140,83,55万円",15,550.0,1,6,10,クールソル,牝,3,55.0,菅原明,72.2,,2,2.7,36.7,2-2,美浦 斎藤誠,456,4,
202404030102,2024-08-10,新潟,2,3歳未勝利,ダ,1200,左,晴,良,"3回 新潟 1日目 サラ系３歳 未勝利       牝[指] 馬齢 15頭 本賞金:550,220,140,83,55万円",15,550.0,2,5,9,サラフォーコン,牝,3,55.0,戸崎圭,72.4,1.1/4,3,11.4,37.0,1-1,美浦 大和田,422,-6,
202404030102,2024-08-10,新潟,2,3歳未勝利,ダ,1200,左,晴,良,"3回 新潟 1日目 サラ系３歳 未勝利       牝[指] 馬齢 15頭 本賞金:550,220,140,83,55万円",15,550.0,3,7,12,バルサミコ,牝,3,55.0,菊沢,72.7,2,9,76.7,37.2,2-2,美浦 小手川,414,-10,
202404030102,2024-08-10,新潟,2,3歳未勝利,ダ,1200,左,晴,良,"3回 新潟 1日目 サラ系３歳 未勝利       牝[指] 馬齢 15頭 本賞金:550,220,140,83,55万円",15,550.0,4,4,7,エクサビット,牝,3,55.0,ルメー,73.3,3.1/2,1,1.7,37.4,4-4,美浦 萩原,456,0,
202404030102,2024-08-10,新潟,2,3歳未勝利,ダ,1200,左,晴,良,"3回 新潟 1日目 サラ系３歳 未勝利       牝[指] 馬齢 15頭 本賞金:550,220,140,83,55万円",15,550.0,5,5,8,キミハレモネード,牝,3,53.0,△小林脩,73.5,1.1/2,14,364.5,37.2,7-5,美浦 加藤和,444,20,
202404030102,2024-08-10,新潟,2,3歳未勝利,ダ,1200,左,晴,良,"3回 新潟 1日目 サラ系３歳 未勝利       牝[指] 馬齢 15頭 本賞金:550,220,140,83,55万円",15,550.0,6,3,5,ソリッドエビデンス,牝,3,51.0,★大江比,73.8,1.1/2,11,103.3,36.8,12-13,美浦 新開,444,8,
202404030102,2024-08-10,新潟,2,3歳未勝利,ダ,1200,左,晴,良,"3回 新潟 1日目 サラ系３歳 未勝利       牝[指] 馬齢 15頭 本賞金:550,220,140,83,55万円",15,550.0,7,7,13,ネムレスクイーン,牝,3,55.0,荻野極,73.8,アタマ,8,39.9,37.5,7-7,美浦 上原佑,426,0,
202404030102,2024-08-10,新潟,2,3歳未勝利,ダ,1200,左,晴,良,"3回 新潟 1日目 サラ系３歳 未勝利       牝[指] 馬齢 15頭 本賞金:550,220,140,83,55万円",15,550.0,8,4,6,ムーンライトデイ,牝,3,55.0,岩田康,73.8,アタマ,4,20.2,37.6,7-7,美浦 田島,454,0,
202404030102,2024-08-10,新潟,2,3歳未勝利,ダ,1200,左,晴,良,"3回 新潟 1日目 サラ系３歳 未勝利       牝[指] 馬齢 15頭 本賞金:550,220,140,83,55万円",15,550.0,9,8,15,ハクサンマロン,牝,3,52.0,▲石田,74.0,1,7,39.6,38.0,6-7,美浦 新開,500,10,
202404030102,2024-08-10,新潟,2,3歳未勝利,ダ,1200,左,晴,良,"3回 新潟 1日目 サラ系３歳 未勝利       牝[指] 馬齢 15頭 本賞金:550,220,140,83,55万円",15,550.0,10,1,1,パナマテソーロ,牝,3,55.0,木幡巧,74.1,クビ,10,93.8,37.6,10-10,美浦 畠山,490,6,
202404030102,2024-08-10,新潟,2,3歳未勝利,ダ,1200,左,晴,良,"3回 新潟 1日目 サラ系３歳 未勝利       牝[指] 馬齢 15頭 本賞金:550,220,140,83,55万円",15,550.0,11,3,4,プレイフルネス,牝,3,55.0,木幡初,74.1,アタマ,6,32.5,38.2,4-5,美浦 深山,434,-4,
202404030102,2024-08-10,新潟,2,3歳未勝利,ダ,1200,左,晴,良,"3回 新潟 1日目 サラ系３歳 未勝利       牝[指] 馬齢 15頭 本賞金:550,220,140,83,55万円",15,550.0,12,6,11,イントゥザフロー,牝,3,54.0,☆横山琉,74.4,2,12,150.0,37.1,14-15,美浦 池上,442,8,
202404030102,2024-08-10,新潟,2,3歳未勝利,ダ,1200,左,晴,良,"3回 新潟 1日目 サラ系３歳 未勝利       牝[指] 馬齢 15頭 本賞金:550,220,140,83,55万円",15,550.0,13,2,2,ゴールデンスイープ,牝,3,55.0,石川,75.7,8,5,21.3,38.6,12-11,美浦 黒岩,422,0,
202404030102,2024-08-10,新潟,2,3歳未勝利,ダ,1200,左,晴,良,"3回 新潟 1日目 サラ系３歳 未勝利       牝[指] 馬齢 15頭 本賞金:550,220,140,83,55万円",15,550.0,14,8,14,ダイユウヒンギス,牝,3,55.0,木幡育,75.8,クビ,13,263.0,39.0,11-11,美浦 松永康,428,10,
202404030102,2024-08-10,新潟,2,3歳未勝利,ダ,1200,左,晴,良,"3回 新潟 1日目 サラ系３歳 未勝利       牝[指] 馬齢 15頭 本賞金:550,220,140,83,55万円",15,550.0,15,2,3,ヤマタケボヌール,牝,3,55.0,岩部,76.4,3.1/2,15,637.1,39.2,14-14,美浦 萱野,408,-6,
202404030103,2024-08-10,新潟,3,3歳未勝利,芝,2400,左,晴,良,"3回 新潟 1日目 サラ系３歳 未勝利       (混)[指] 馬齢 18頭 本賞金:550,220,140,83,55万円",18,550.0,1,2,3,ラルンエベール,牝,3,55.0,津村,145.7,,4,10.1,36.0,9-9-3-2,美浦 田島,420,-6,
202404030103,2024-08-10,新潟,3,3歳未勝利,芝,2400,左,晴,良,"3回 新潟 1日目 サラ系３歳 未勝利       (混)[指] 馬齢 18頭 本賞金:550,220,140,83,55万円",18,550.0,2,6,11,ゴールデンステップ,牝,3,55.0,田辺,145.8,クビ,7,49.3,35.8,12-12-9-7,美浦 和田勇,482,0,
202404030103,2024-08-10,新潟,3,3歳未勝利,芝,2400,左,晴,良,"3回 新潟 1日目 サラ系３歳 未勝利       (混)[指] 馬齢 18頭 本賞金:550,220,140,83,55万円",18,550.0,3,5,9,テイクザクラウン,牡,3,57.0,石橋脩,145.8,クビ,2,3.1,36.0,16-16-5-5,栗東 吉村,432,-2,
202404030103,2024-08-10,新潟,3,3歳未勝利,芝,2400,左,晴,良,"3回 新潟 1日目 サラ系３歳 未勝利       (混)[指] 馬齢 18頭 本賞金:550,220,140,83,55万円",18,550.0,4,4,8,ナリタセレーノ,牝,3,55.0,富田,146.0,1.1/4,11,132.3,35.9,10-10-11-9,栗東 宮本,380,-2,
202404030103,2024-08-10,新潟,3,3歳未勝利,芝,2400,左,晴,良,"3回 新潟 1日目 サラ系３歳 未勝利       (混)[指] 馬齢 18頭 本賞金:550,220,140,83,55万円",18,550.0,5,2,4,ジャジャウマアスク,牝,3,55.0,武藤,146.1,1/2,9,66.3,35.9,10-10-12-11,美浦 田島,398,4,
202404030103,2024-08-10,新潟,3,3歳未勝利,芝,2400,左,晴,良,"3回 新潟 1日目 サラ系３歳 未勝利       (混)[指] 馬齢 18頭 本賞金:550,220,140,83,55万円",18,550.0,6,3,6,コスモアミマネラ,牡,3,57.0,野中,146.3,1.1/4,5,24.8,36.7,7-6-3-2,美浦 宗像,468,-4,
202404030103,2024-08-10,新潟,3,3歳未勝利,芝,2400,左,晴,良,"3回 新潟 1日目 サラ系３歳 未勝利       (混)[指] 馬齢 18頭 本賞金:550,220,140,83,55万円",18,550.0,7,8,16,グランアトミカ,牝,3,55.0,ルメー,146.3,ハナ,1,2.0,36.4,6-6-8-7,美浦 手塚,536,-8,
202404030103,2024-08-10,新潟,3,3歳未勝利,芝,2400,左,晴,良,"3回 新潟 1日目 サラ系３歳 未勝利       (混)[指] 馬齢 18頭 本賞金:550,220,140,83,55万円",18,550.0,8,1,2,クレバーピコ,牝,3,55.0,吉田豊,146.3,ハナ,6,27.6,35.8,14-14-16-15,美浦 高橋文,440,2,
202404030103,2024-08-10,新潟,3,3歳未勝利,芝,2400,左,晴,良,"3回 新潟 1日目 サラ系３歳 未勝利       (混)[指] 馬齢 18頭 本賞金:550,220,140,83,55万円",18,550.0,9,7,13,ワープエンジン,牝,3,53.0,△小林脩,146.4,1,17,246.5,36.6,4-4-5-5,美浦 青木,466,-4,
202404030103,2024-08-10,新潟,3,3歳未勝利,芝,2400,左,晴,良,"3回 新潟 1日目 サラ系３歳 未勝利       (混)[指] 馬齢 18頭 本賞金:550,220,140,83,55万円",18,550.0,10,6,12,マジェンカ,牝,3,55.0,柴田善,146.6,1,16,230.9,36.4,14-14-12-12,美浦 大和田,436,6,
202404030103,2024-08-10,新潟,3,3歳未勝利,芝,2400,左,晴,良,"3回 新潟 1日目 サラ系３歳 未勝利       (混)[指] 馬齢 18頭 本賞金:550,220,140,83,55万円",18,550.0,11,8,17,モディリアーニ,牝,3,55.0,三浦,146.8,1,13,152.5,37.3,2-2-2-2,美浦 萩原,490,0,
202404030103,2024-08-10,新潟,3,3歳未勝利,芝,2400,左,晴,良,"3回 新潟 1日目 サラ系３歳 未勝利       (混)[指] 馬齢 18頭 本賞金:550,220,140,83,55万円",18,550.0,12,7,14,シャハザマーン,牡,3,56.0,☆西塚,147.4,3.1/2,3,5.9,37.9,1-1-1-1,栗東 藤原,470,4,
202404030103,2024-08-10,新潟,3,3歳未勝利,芝,2400,左,晴,良,"3回 新潟 1日目 サラ系３歳 未勝利       (混)[指] 馬齢 18頭 本賞金:550,220,140,83,55万円",18,550.0,13,5,10,ヴェンチュラサン,牝,3,54.0,☆横山琉,147.4,アタマ,15,226.6,37.1,17-16-15-14,美浦 小島,410,4,
202404030103,2024-08-10,新潟,3,3歳未勝利,芝,2400,左,晴,良,"3回 新潟 1日目 サラ系３歳 未勝利       (混)[指] 馬齢 18頭 本賞金:550,220,140,83,55万円",18,550.0,14,1,1,ウェックスフォード,牡,3,57.0,菅原明,147.5,1,8,54.6,36.8,17-18-17-15,美浦 高木,470,-8,
202404030103,2024-08-10,新潟,3,3歳未勝利,芝,2400,左,晴,良,"3回 新潟 1日目 サラ系３歳 未勝利       (混)[指] 馬齢 18頭 本賞金:550,220,140,83,55万円",18,550.0,15,4,7,オセアハートマン,牡,3,54.0,▲石神道,147.8,1.3/4,18,506.0,37.8,7-6-9-12,美浦 辻,496,2,
202404030103,2024-08-10,新潟,3,3歳未勝利,芝,2400,左,晴,良,"3回 新潟 1日目 サラ系３歳 未勝利       (混)[指] 馬齢 18頭 本賞金:550,220,140,83,55万円",18,550.0,16,3,5,ノリサンブラック,牡,3,54.0,▲石田,148.6,5,14,218.1,37.8,12-13-18-18,美浦 尾形,444,10,
202404030103,2024-08-10,新潟,3,3歳未勝利,芝,2400,左,晴,良,"3回 新潟 1日目 サラ系３歳 未勝利       (混)[指] 馬齢 18頭 本賞金:550,220,140,83,55万円",18,550.0,17,7,15,ゴーディアンノット,セ,3,57.0,北村友,149.0,2.1/2,10,89.0,39.2,3-3-5-9,栗東 斉藤崇,450,-2,
202404030103,2024-08-10,新潟,3,3歳未勝利,芝,2400,左,晴,良,"3回 新潟 1日目 サラ系３歳 未勝利       (混)[指] 馬齢 18頭 本賞金:550,220,140,83,55万円",18,550.0,18,8,18,パルファンソオン,牝,3,54.0,☆原,149.6,3.1/2,12,139.9,39.4,4-4-12-17,美浦 黒岩,484,-2,
202404030104,2024-08-10,新潟,4,3歳未勝利,ダ,1800,左,晴,良,"3回 新潟 1日目 サラ系３歳 未勝利       (混)[指] 馬齢 15頭 本賞金:550,220,140,83,55万円",15,550.0,1,7,13,ダノンストラーダ,牡,3,57.0,菅原明,114.3,,1,2.2,38.9,3-3-3-2,美浦 国枝,508,-4,
202404030104,2024-08-10,新潟,4,3歳未勝利,ダ,1800,左,晴,良,"3回 新潟 1日目 サラ系３歳 未勝利       (混)[指] 馬齢 15頭 本賞金:550,220,140,83,55万円",15,550.0,2,5,8,フリーマントル,牡,3,56.0,☆横山琉,114.3,クビ,4,7.4,38.7,5-5-4-4,美浦 斎藤誠,502,10,
202404030104,2024-08-10,新潟,4,3歳未勝利,ダ,1800,左,晴,良,"3回 新潟 1日目 サラ系３歳 未勝利       (混)[指] 馬齢 15頭 本賞金:550,220,140,83,55万円",15,550.0,3,2,2,イスタンテ,牡,3,57.0,岩田康,115.0,4,2,4.2,39.7,2-2-2-1,美浦 鹿戸,508,0,
202404030104,2024-08-10,新潟,4,3歳未勝利,ダ,1800,左,晴,良,"3回 新潟 1日目 サラ系３歳 未勝利       (混)[指] 馬齢 15頭 本賞金:550,220,140,83,55万円",15,550.0,4,8,14,ペンタクン,牡,3,57.0,菊沢,115.9,5,5,16.5,40.1,6-6-5-5,美浦 鈴木慎,518,6,
202404030104,2024-08-10,新潟,4,3歳未勝利,ダ,1800,左,晴,良,"3回 新潟 1日目 サラ系３歳 未勝利       (混)[指] 馬齢 15頭 本賞金:550,220,140,83,55万円",15,550.0,5,3,4,メインストリーム,牡,3,57.0,三浦,116.0,3/4,3,6.3,39.2,14-14-12-11,美浦 尾関,474,-2,
202404030104,2024-08-10,新潟,4,3歳未勝利,ダ,1800,左,晴,良,"3回 新潟 1日目 サラ系３歳 未勝利       (混)[指] 馬齢 15頭 本賞金:550,220,140,83,55万円",15,550.0,6,7,12,クリノユウセイ,牡,3,54.0,▲佐藤,116.2,3/4,15,558.1,39.7,9-10-10-9,美浦 伊藤伸,468,6,
202404030104,2024-08-10,新潟,4,3歳未勝利,ダ,1800,左,晴,良,"3回 新潟 1日目 サラ系３歳 未勝利       (混)[指] 馬齢 15頭 本賞金:550,220,140,83,55万円",15,550.0,7,6,11,ビロウィダダ,牡,3,57.0,木幡巧,116.2,クビ,13,160.7,40.0,8-8-8-7,美浦 西田,476,4,
202404030104,2024-08-10,新潟,4,3歳未勝利,ダ,1800,左,晴,良,"3回 新潟 1日目 サラ系３歳 未勝利       (混)[指] 馬齢 15頭 本賞金:550,220,140,83,55万円",15,550.0,8,4,7,アルヴィア,牡,3,57.0,田辺,116.6,2.1/2,11,78.7,39.6,14-14-15-14,美浦 小西,470,0,
202404030104,2024-08-10,新潟,4,3歳未勝利,ダ,1800,左,晴,良,"3回 新潟 1日目 サラ系３歳 未勝利       (混)[指] 馬齢 15頭 本賞金:550,220,140,83,55万円",15,550.0,9,2,3,ドンクロノス,牡,3,57.0,北村友,116.8,1.1/4,6,18.8,40.2,9-10-10-11,美浦 本間,446,2,
202404030104,2024-08-10,新潟,4,3歳未勝利,ダ,1800,左,晴,良,"3回 新潟 1日目 サラ系３歳 未勝利       (混)[指] 馬齢 15頭 本賞金:550,220,140,83,55万円",15,550.0,10,3,5,ラフォンターナ,牡,3,57.0,吉原寛,116.8,アタマ,9,36.4,40.0,12-13-12-13,美浦 中川,524,-2,
202404030104,2024-08-10,新潟,4,3歳未勝利,ダ,1800,左,晴,良,"3回 新潟 1日目 サラ系３歳 未勝利       (混)[指] 馬齢 15頭 本賞金:550,220,140,83,55万円",15,550.0,11,4,6,タイセイシップ,牡,3,57.0,富田,117.3,3,12,127.8,41.1,3-3-8-9,美浦 栗田,514,8,
202404030104,2024-08-10,新潟,4,3歳未勝利,ダ,1800,左,晴,良,"3回 新潟 1日目 サラ系３歳 未勝利       (混)[指] 馬齢 15頭 本賞金:550,220,140,83,55万円",15,550.0,12,6,10,カマクラバクフ,牡,3,56.0,☆原,117.8,3,7,20.7,41.7,6-6-7-5,美浦 岩戸,496,2,
202404030104,2024-08-10,新潟,4,3歳未勝利,ダ,1800,左,晴,良,"3回 新潟 1日目 サラ系３歳 未勝利       (混)[指] 馬齢 15頭 本賞金:550,220,140,83,55万円",15,550.0,13,1,1,アムンラー,牡,3,57.0,柴田大,118.5,4,8,22.2,43.2,1-1-1-2,美浦 田中剛,450,-3,
202404030104,2024-08-10,新潟,4,3歳未勝利,ダ,1800,左,晴,良,"3回 新潟 1日目 サラ系３歳 未勝利       (混)[指] 馬齢 15頭 本賞金:550,220,140,83,55万円",15,550.0,14,5,9,メイジイシン,牝,3,51.0,★大江比,121.2,大,10,51.6,45.3,12-8-5-7,美浦 青木,440,4,
202404030104,2024-08-10,新潟,4,3歳未勝利,ダ,1800,左,晴,良,"3回 新潟 1日目 サラ系３歳 未勝利       (混)[指] 馬齢 15頭 本賞金:550,220,140,83,55万円",15,550.0,15,8,15,アステルスフィーダ,牡,3,54.0,▲石田,121.3,クビ,14,258.7,44.5,9-10-12-15,美浦 新開,474,12,
202404030105,2024-08-10,新潟,5,2歳新馬,芝,1800,左,晴,良,"3回 新潟 1日目 サラ系２歳 新馬       (混)[指] 馬齢 16頭 本賞金:720,290,180,110,72万円",16,720.0,1,3,6,ジーティーマン,牡,2,55.0,戸崎圭,107.8,,2,3.4,34.1,2-2,栗東 小栗,474,0,
202404030105,2024-08-10,新潟,5,2歳新馬,芝,1800,左,晴,良,"3回 新潟 1日目 サラ系２歳 新馬       (混)[指] 馬齢 16頭 本賞金:720,290,180,110,72万円",16,720.0,2,6,12,エデルクローネ,牡,2,55.0,ルメー,107.9,クビ,1,1.8,33.6,9-8,美浦 手塚,472,0,
202404030105,2024-08-10,新潟,5,2歳新馬,芝,1800,左,晴,良,"3回 新潟 1日目 サラ系２歳 新馬       (混)[指] 馬齢 16頭 本賞金:720,290,180,110,72万円",16,720.0,3,3,5,スペシャルバニー,牝,2,55.0,荻野極,108.1,1.1/4,13,157.9,35.0,1-1,美浦 田村,388,0,
202404030105,2024-08-10,新潟,5,2歳新馬,芝,1800,左,晴,良,"3回 新潟 1日目 サラ系２歳 新馬       (混)[指] 馬齢 16頭 本賞金:720,290,180,110,72万円",16,720.0,4,4,7,フェスティヴルキナ,牝,2,55.0,吉田豊,108.5,2.1/2,9,58.3,34.3,7-7,美浦 小野,428,0,
202404030105,2024-08-10,新潟,5,2歳新馬,芝,1800,左,晴,良,"3回 新潟 1日目 サラ系２歳 新馬       (混)[指] 馬齢 16頭 本賞金:720,290,180,110,72万円",16,720.0,5,8,15,ヴォンフレ,牝,2,55.0,柴田善,109.1,3.1/2,8,40.9,33.7,10-10,美浦 村田,464,0,
202404030105,2024-08-10,新潟,5,2歳新馬,芝,1800,左,晴,良,"3回 新潟 1日目 サラ系２歳 新馬       (混)[指] 馬齢 16頭 本賞金:720,290,180,110,72万円",16,720.0,6,2,3,サンカシグレ,牡,2,55.0,杉原,109.1,クビ,11,115.0,33.3,13-14,美浦 粕谷,436,0,
202404030105,2024-08-10,新潟,5,2歳新馬,芝,1800,左,晴,良,"3回 新潟 1日目 サラ系２歳 新馬       (混)[指] 馬齢 16頭 本賞金:720,290,180,110,72万円",16,720.0,7,5,9,ドルビナ,牡,2,52.0,▲佐藤,109.2,クビ,14,178.7,33.6,16-15,美浦 杉浦,432,0,
202404030105,2024-08-10,新潟,5,2歳新馬,芝,1800,左,晴,良,"3回 新潟 1日目 サラ系２歳 新馬       (混)[指] 馬齢 16頭 本賞金:720,290,180,110,72万円",16,720.0,8,8,16,アットザホップ,牝,2,55.0,津村,109.4,1.1/4,3,6.0,35.6,3-3,美浦 新開,414,0,
202404030105,2024-08-10,新潟,5,2歳新馬,芝,1800,左,晴,良,"3回 新潟 1日目 サラ系２歳 新馬       (混)[指] 馬齢 16頭 本賞金:720,290,180,110,72万円",16,720.0,9,1,2,ゴットランド,牡,2,55.0,菅原明,110.1,4,5,19.7,36.2,3-4,美浦 斎藤誠,490,0,
202404030105,2024-08-10,新潟,5,2歳新馬,芝,1800,左,晴,良,"3回 新潟 1日目 サラ系２歳 新馬       (混)[指] 馬齢 16頭 本賞金:720,290,180,110,72万円",16,720.0,10,5,10,エットトゥカム,牡,2,55.0,内田博,110.1,ハナ,15,228.5,34.5,10-12,美浦 深山,394,0,
202404030105,2024-08-10,新潟,5,2歳新馬,芝,1800,左,晴,良,"3回 新潟 1日目 サラ系２歳 新馬       (混)[指] 馬齢 16頭 本賞金:720,290,180,110,72万円",16,720.0,11,7,14,マイネルラカイユ,牡,2,55.0,柴田大,110.4,1.1/2,10,83.2,35.1,13-10,美浦 天間,490,0,
202404030105,2024-08-10,新潟,5,2歳新馬,芝,1800,左,晴,良,"3回 新潟 1日目 サラ系２歳 新馬       (混)[指] 馬齢 16頭 本賞金:720,290,180,110,72万円",16,720.0,12,7,13,アルカラス,牡,2,54.0,☆横山琉,110.5,1/2,6,23.6,36.1,8-8,美浦 相沢,488,0,
202404030105,2024-08-10,新潟,5,2歳新馬,芝,1800,左,晴,良,"3回 新潟 1日目 サラ系２歳 新馬       (混)[指] 馬齢 16頭 本賞金:720,290,180,110,72万円",16,720.0,13,2,4,ビップリアム,牡,2,53.0,△小林脩,110.6,3/4,12,130.9,36.7,3-4,美浦 嘉藤,430,0,
202404030105,2024-08-10,新潟,5,2歳新馬,芝,1800,左,晴,良,"3回 新潟 1日目 サラ系２歳 新馬       (混)[指] 馬齢 16頭 本賞金:720,290,180,110,72万円",16,720.0,14,4,8,ヴァサヴォワール,牡,2,55.0,丸山,110.8,1.1/2,4,15.4,36.7,6-6,美浦 宮田,512,0,
202404030105,2024-08-10,新潟,5,2歳新馬,芝,1800,左,晴,良,"3回 新潟 1日目 サラ系２歳 新馬       (混)[指] 馬齢 16頭 本賞金:720,290,180,110,72万円",16,720.0,15,6,11,ダイタヴァルキリー,牝,2,55.0,富田,112.9,大,16,274.9,36.9,13-15,美浦 和田雄,464,0,
202404030105,2024-08-10,新潟,5,2歳新馬,芝,1800,左,晴,良,"3回 新潟 1日目 サラ系２歳 新馬       (混)[指] 馬齢 16頭 本賞金:720,290,180,110,72万円",16,720.0,16,1,1,トーセンビギン,牡,2,55.0,江田照,113.3,2.1/2,7,40.3,37.7,12-12,美浦 田村,452,0,
202404030106,2024-08-10,新潟,6,2歳新馬,芝,1400,左,晴,良,"3回 新潟 1日目 サラ系２歳 新馬       牝[指] 馬齢 18頭 本賞金:720,290,180,110,72万円",18,720.0,1,3,6,セナマリン,牝,2,55.0,戸崎圭,82.3,,1,1.7,35.3,4-3,栗東 安田,502,0,
202404030106,2024-08-10,新潟,6,2歳新馬,芝,1400,左,晴,良,"3回 新潟 1日目 サラ系２歳 新馬       牝[指] 馬齢 18頭 本賞金:720,290,180,110,72万円",18,720.0,2,4,8,シルフレイ,牝,2,55.0,津村明,83.0,4,9,37.0,35.8,7-6,美浦 千葉,426,0,
202404030106,2024-08-10,新潟,6,2歳新馬,芝,1400,左,晴,良,"3回 新潟 1日目 サラ系２歳 新馬       牝[指] 馬齢 18頭 本賞金:720,290,180,110,72万円",18,720.0,3,5,9,ラトルシェ,牝,2,55.0,吉原寛,83.1,3/4,7,29.9,36.5,1-1,美浦 菊川,456,0,
202404030106,2024-08-10,新潟,6,2歳新馬,芝,1400,左,晴,良,"3回 新潟 1日目 サラ系２歳 新馬       牝[指] 馬齢 18頭 本賞金:720,290,180,110,72万円",18,720.0,4,7,14,グッバイウェーブ,牝,2,55.0,菅原明,83.4,1.1/2,4,12.0,36.0,9-9,美浦 中川,444,0,
202404030106,2024-08-10,新潟,6,2歳新馬,芝,1400,左,晴,良,"3回 新潟 1日目 サラ系２歳 新馬       牝[指] 馬齢 18頭 本賞金:720,290,180,110,72万円",18,720.0,5,5,10,レディーフランシス,牝,2,55.0,岩田康,83.5,1/2,3,7.7,35.7,13-13,美浦 和田勇,444,0,
202404030106,2024-08-10,新潟,6,2歳新馬,芝,1400,左,晴,良,"3回 新潟 1日目 サラ系２歳 新馬       牝[指] 馬齢 18頭 本賞金:720,290,180,110,72万円",18,720.0,6,1,2,ペプロス,牝,2,54.0,☆原,83.5,クビ,8,32.1,35.9,10-11,美浦 矢野,466,0,
202404030106,2024-08-10,新潟,6,2歳新馬,芝,1400,左,晴,良,"3回 新潟 1日目 サラ系２歳 新馬       牝[指] 馬齢 18頭 本賞金:720,290,180,110,72万円",18,720.0,7,3,5,ミズイロホルトゥス,牝,2,55.0,北村友,83.7,1.1/4,2,5.1,36.1,10-9,美浦 金成,456,0,
202404030106,2024-08-10,新潟,6,2歳新馬,芝,1400,左,晴,良,"3回 新潟 1日目 サラ系２歳 新馬       牝[指] 馬齢 18頭 本賞金:720,290,180,110,72万円",18,720.0,8,2,4,キタノフローラ,牝,2,55.0,岩部,83.9,1.1/4,10,43.2,36.1,13-13,美浦 萱野,432,0,
202404030106,2024-08-10,新潟,6,2歳新馬,芝,1400,左,晴,良,"3回 新潟 1日目 サラ系２歳 新馬       牝[指] 馬齢 18頭 本賞金:720,290,180,110,72万円",18,720.0,9,6,11,ピンクブルー,牝,2,55.0,菊沢,84.4,3,15,176.9,36.3,15-15,美浦 小手川,416,0,
202404030106,2024-08-10,新潟,6,2歳新馬,芝,1400,左,晴,良,"3回 新潟 1日目 サラ系２歳 新馬       牝[指] 馬齢 18頭 本賞金:720,290,180,110,72万円",18,720.0,10,8,16,シンガソング,牝,2,55.0,石橋脩,84.5,1/2,12,69.8,37.9,2-2,美浦 土田,424,0,
202404030106,2024-08-10,新潟,6,2歳新馬,芝,1400,左,晴,良,"3回 新潟 1日目 サラ系２歳 新馬       牝[指] 馬齢 18頭 本賞金:720,290,180,110,72万円",18,720.0,11,8,18,リアライズリリー,牝,2,55.0,石川,84.5,ハナ,6,23.9,37.6,3-3,美浦 手塚,400,0,
202404030106,2024-08-10,新潟,6,2歳新馬,芝,1400,左,晴,良,"3回 新潟 1日目 サラ系２歳 新馬       牝[指] 馬齢 18頭 本賞金:720,290,180,110,72万円",18,720.0,12,4,7,ブラックティンカー,牝,2,55.0,柴田大,84.6,3/4,5,20.8,37.3,7-6,美浦 和田雄,428,0,
202404030106,2024-08-10,新潟,6,2歳新馬,芝,1400,左,晴,良,"3回 新潟 1日目 サラ系２歳 新馬       牝[指] 馬齢 18頭 本賞金:720,290,180,110,72万円",18,720.0,13,6,12,エンジェライト,牝,2,52.0,▲石田,84.9,1.1/2,16,199.7,36.2,16-16,美浦 加藤和,392,0,
202404030106,2024-08-10,新潟,6,2歳新馬,芝,1400,左,晴,良,"3回 新潟 1日目 サラ系２歳 新馬       牝[指] 馬齢 18頭 本賞金:720,290,180,110,72万円",18,720.0,14,7,15,オーガスタフラッグ,牝,2,55.0,吉田豊,84.9,クビ,14,110.6,37.8,6-6,美浦 田中剛,508,0,
202404030106,2024-08-10,新潟,6,2歳新馬,芝,1400,左,晴,良,"3回 新潟 1日目 サラ系２歳 新馬       牝[指] 馬齢 18頭 本賞金:720,290,180,110,72万円",18,720.0,15,1,1,エレパイオ,牝,2,55.0,野中,85.5,3.1/2,11,46.6,37.9,10-11,美浦 嘉藤,492,0,
202404030106,2024-08-10,新潟,6,2歳新馬,芝,1400,左,晴,良,"3回 新潟 1日目 サラ系２歳 新馬       牝[指] 馬齢 18頭 本賞金:720,290,180,110,72万円",18,720.0,16,2,3,スパイラル,牝,2,52.0,▲石神道,85.6,クビ,17,231.2,36.2,17-17,美浦 和田郎,384,0,
202404030106,2024-08-10,新潟,6,2歳新馬,芝,1400,左,晴,良,"3回 新潟 1日目 サラ系２歳 新馬       牝[指] 馬齢 18頭 本賞金:720,290,180,110,72万円",18,720.0,17,7,13,カゼノカンザシ,牝,2,55.0,丸山,85.6,クビ,18,261.7,38.6,4-5,美浦 根本,448,0,
202404030106,2024-08-10,新潟,6,2歳新馬,芝,1400,左,晴,良,"3回 新潟 1日目 サラ系２歳 新馬       牝[指] 馬齢 18頭 本賞金:720,290,180,110,72万円",18,720.0,18,8,17,ハピハピハッピー,牝,2,55.0,杉原,88.2,大,13,82.8,37.9,18-18,美浦 尾関,454,0,
202404030107,2024-08-10,新潟,7,3歳未勝利,芝,1000,直線,晴,良,"3回 新潟 1日目 サラ系３歳 未勝利       [指] 馬齢 18頭 本賞金:550,220,140,83,55万円",18,550.0,1,8,18,ポトマックテソーロ,牝,3,55.0,戸崎圭,55.6,,1,1.9,33.0,4,美浦 嘉藤,430,-12,
202404030107,2024-08-10,新潟,7,3歳未勝利,芝,1000,直線,晴,良,"3回 新潟 1日目 サラ系３歳 未勝利       [指] 馬齢 18頭 本賞金:550,220,140,83,55万円",18,550.0,2,5,10,デルマヴェーダ,牡,3,57.0,菊沢,55.6,クビ,2,5.7,32.6,11,美浦 菊沢,478,6,
202404030107,2024-08-10,新潟,7,3歳未勝利,芝,1000,直線,晴,良,"3回 新潟 1日目 サラ系３歳 未勝利       [指] 馬齢 18頭 本賞金:550,220,140,83,55万円",18,550.0,3,1,1,クリーゲリン,牝,3,52.0,▲石神道,55.6,アタマ,4,8.9,33.0,4,美浦 和田郎,436,8,
202404030107,2024-08-10,新潟,7,3歳未勝利,芝,1000,直線,晴,良,"3回 新潟 1日目 サラ系３歳 未勝利       [指] 馬齢 18頭 本賞金:550,220,140,83,55万円",18,550.0,4,7,15,ココロオドル,牝,3,55.0,嶋田,55.9,1.3/4,7,23.3,33.1,7,美浦 伊藤大,446,-2,
202404030107,2024-08-10,新潟,7,3歳未勝利,芝,1000,直線,晴,良,"3回 新潟 1日目 サラ系３歳 未勝利       [指] 馬齢 18頭 本賞金:550,220,140,83,55万円",18,550.0,5,7,14,メーオーテソーロ,牝,3,53.0,△小林脩,56.1,1.1/2,9,59.2,33.7,1,美浦 奥平,382,0,
202404030107,2024-08-10,新潟,7,3歳未勝利,芝,1000,直線,晴,良,"3回 新潟 1日目 サラ系３歳 未勝利       [指] 馬齢 18頭 本賞金:550,220,140,83,55万円",18,550.0,6,6,11,イサチルイトムスビ,牝,3,55.0,木幡初,56.2,アタマ,12,138.7,33.4,7,美浦 竹内,464,8,
202404030107,2024-08-10,新潟,7,3歳未勝利,芝,1000,直線,晴,良,"3回 新潟 1日目 サラ系３歳 未勝利       [指] 馬齢 18頭 本賞金:550,220,140,83,55万円",18,550.0,7,7,13,ナムラモナ,牝,3,55.0,丸田,56.2,アタマ,5,10.2,33.2,11,美浦 岩戸,422,2,
202404030107,2024-08-10,新潟,7,3歳未勝利,芝,1000,直線,晴,良,"3回 新潟 1日目 サラ系３歳 未勝利       [指] 馬齢 18頭 本賞金:550,220,140,83,55万円",18,550.0,8,6,12,マジカルステップ,牝,3,52.0,▲石田,56.3,3/4,6,16.0,33.8,2,美浦 加藤士,438,0,
202404030107,2024-08-10,新潟,7,3歳未勝利,芝,1000,直線,晴,良,"3回 新潟 1日目 サラ系３歳 未勝利       [指] 馬齢 18頭 本賞金:550,220,140,83,55万円",18,550.0,9,2,3,チャーモニウム,牝,3,54.0,☆西塚,56.3,アタマ,13,167.7,33.5,7,美浦 上原博,370,4,
202404030107,2024-08-10,新潟,7,3歳未勝利,芝,1000,直線,晴,良,"3回 新潟 1日目 サラ系３歳 未勝利       [指] 馬齢 18頭 本賞金:550,220,140,83,55万円",18,550.0,10,5,9,キープソーキュート,牝,3,51.0,★大江比,56.4,3/4,11,113.4,33.2,13,美浦 栗田,394,2,
202404030107,2024-08-10,新潟,7,3歳未勝利,芝,1000,直線,晴,良,"3回 新潟 1日目 サラ系３歳 未勝利       [指] 馬齢 18頭 本賞金:550,220,140,83,55万円",18,550.0,11,1,2,パレットキャット,牝,3,55.0,富田,56.6,1.1/4,16,322.3,33.4,13,美浦 鈴木伸,406,0,
202404030107,2024-08-10,新潟,7,3歳未勝利,芝,1000,直線,晴,良,"3回 新潟 1日目 サラ系３歳 未勝利       [指] 馬齢 18頭 本賞金:550,220,140,83,55万円",18,550.0,12,8,17,ゴールドジャンパー,牝,3,52.0,▲佐藤,56.7,1/2,3,6.0,34.1,4,美浦 深山,408,-4,
202404030107,2024-08-10,新潟,7,3歳未勝利,芝,1000,直線,晴,良,"3回 新潟 1日目 サラ系３歳 未勝利       [指] 馬齢 18頭 本賞金:550,220,140,83,55万円",18,550.0,13,3,5,コスモホライズン,牡,3,57.0,丸山,56.7,ハナ,8,39.6,33.3,15,美浦 宗像,470,-6,
202404030107,2024-08-10,新潟,7,3歳未勝利,芝,1000,直線,晴,良,"3回 新潟 1日目 サラ系３歳 未勝利       [指] 馬齢 18頭 本賞金:550,220,140,83,55万円",18,550.0,14,3,6,ユキノロンシャン,セ,3,57.0,江田照,57.0,2,15,260.6,32.6,18,美浦 石毛,446,-8,
202404030107,2024-08-10,新潟,7,3歳未勝利,芝,1000,直線,晴,良,"3回 新潟 1日目 サラ系３歳 未勝利       [指] 馬齢 18頭 本賞金:550,220,140,83,55万円",18,550.0,15,8,16,マルボルド,牝,3,52.0,▲土田,57.2,1.1/2,14,230.0,33.3,17,美浦 松永康,422,0,
202404030107,2024-08-10,新潟,7,3歳未勝利,芝,1000,直線,晴,良,"3回 新潟 1日目 サラ系３歳 未勝利       [指] 馬齢 18頭 本賞金:550,220,140,83,55万円",18,550.0,16,4,8,ミスターローズ,牡,3,57.0,武藤,57.3,クビ,10,74.7,33.5,16,美浦 武藤,456,4,
202404030107,2024-08-10,新潟,7,3歳未勝利,芝,1000,直線,晴,良,"3回 新潟 1日目 サラ系３歳 未勝利       [指] 馬齢 18頭 本賞金:550,220,140,83,55万円",18,550.0,17,2,4,アルニャート,牝,3,55.0,木幡育,57.3,アタマ,17,409.2,34.8,2,美浦 松永康,466,6,
202404030107,2024-08-10,新潟,7,3歳未勝利,芝,1000,直線,晴,良,"3回 新潟 1日目 サラ系３歳 未勝利       [指] 馬齢 18頭 本賞金:550,220,140,83,55万円",18,550.0,18,4,7,アネッロ,牝,3,55.0,荻野極,59.6,大,18,421.7,36.8,7,美浦 高橋文,386,18,
202404030108,2024-08-10,新潟,8,3歳以上1勝クラス,ダ,1800,左,晴,良,"3回 新潟 1日目 サラ系３歳以上 １勝クラス       牝[指] 定量 15頭 本賞金:800,320,200,120,80万円",15,800.0,1,5,9,マンマリアーレ,牝,4,56.0,荻野極,112.7,,4,11.7,36.8,2-2-2-2,美浦 高木,472,4,
202404030108,2024-08-10,新潟,8,3歳以上1勝クラス,ダ,1800,左,晴,良,"3回 新潟 1日目 サラ系３歳以上 １勝クラス       牝[指] 定量 15頭 本賞金:800,320,200,120,80万円",15,800.0,2,4,7,アムールドパリ,牝,3,53.0,菅原明,113.2,3,1,1.5,37.0,2-3-4-4,美浦 稲垣,450,0,
202404030108,2024-08-10,新潟,8,3歳以上1勝クラス,ダ,1800,左,晴,良,"3回 新潟 1日目 サラ系３歳以上 １勝クラス       牝[指] 定量 15頭 本賞金:800,320,200,120,80万円",15,800.0,3,3,4,ゴールドアローン,牝,3,52.0,☆原,113.4,1.1/2,2,4.0,36.8,10-9-8-5,美浦 青木,456,2,
202404030108,2024-08-10,新潟,8,3歳以上1勝クラス,ダ,1800,左,晴,良,"3回 新潟 1日目 サラ系３歳以上 １勝クラス       牝[指] 定量 15頭 本賞金:800,320,200,120,80万円",15,800.0,4,8,15,ショーヴァロンス,牝,3,53.0,富田,114.4,6,14,215.5,38.0,4-5-5-5,美浦 鈴木伸,462,14,
202404030108,2024-08-10,新潟,8,3歳以上1勝クラス,ダ,1800,左,晴,良,"3回 新潟 1日目 サラ系３歳以上 １勝クラス       牝[指] 定量 15頭 本賞金:800,320,200,120,80万円",15,800.0,5,5,8,メダルラッシュ,牝,4,56.0,柴田善,114.7,1.1/2,5,31.4,38.7,4-3-2-3,美浦 村田,492,-2,
202404030108,2024-08-10,新潟,8,3歳以上1勝クラス,ダ,1800,左,晴,良,"3回 新潟 1日目 サラ系３歳以上 １勝クラス       牝[指] 定量 15頭 本賞金:800,320,200,120,80万円",15,800.0,6,7,12,ラズライト,牝,5,56.0,木幡巧,114.8,1/2,8,83.2,39.0,1-1-1-1,美浦 松山,440,-2,
202404030108,2024-08-10,新潟,8,3歳以上1勝クラス,ダ,1800,左,晴,良,"3回 新潟 1日目 サラ系３歳以上 １勝クラス       牝[指] 定量 15頭 本賞金:800,320,200,120,80万円",15,800.0,7,6,10,ツインビスケッツ,牝,4,53.0,▲石田,114.8,ハナ,9,91.5,38.4,8-7-5-5,美浦 新開,462,2,
202404030108,2024-08-10,新潟,8,3歳以上1勝クラス,ダ,1800,左,晴,良,"3回 新潟 1日目 サラ系３歳以上 １勝クラス       牝[指] 定量 15頭 本賞金:800,320,200,120,80万円",15,800.0,8,2,3,クインズカムイ,牝,4,56.0,江田照,114.8,クビ,12,176.5,37.5,15-15-15-14,美浦 加藤征,474,-2,
202404030108,2024-08-10,新潟,8,3歳以上1勝クラス,ダ,1800,左,晴,良,"3回 新潟 1日目 サラ系３歳以上 １勝クラス       牝[指] 定量 15頭 本賞金:800,320,200,120,80万円",15,800.0,9,8,14,キタノチェロキー,牝,4,56.0,柴田大,114.9,1/2,11,155.0,38.1,11-11-10-9,美浦 粕谷,462,4,
202404030108,2024-08-10,新潟,8,3歳以上1勝クラス,ダ,1800,左,晴,良,"3回 新潟 1日目 サラ系３歳以上 １勝クラス       牝[指] 定量 15頭 本賞金:800,320,200,120,80万円",15,800.0,10,3,5,レリッシュ,牝,3,53.0,丸田,115.0,クビ,10,134.3,37.9,13-13-13-11,美浦 南田,480,4,
202404030108,2024-08-10,新潟,8,3歳以上1勝クラス,ダ,1800,左,晴,良,"3回 新潟 1日目 サラ系３歳以上 １勝クラス       牝[指] 定量 15頭 本賞金:800,320,200,120,80万円",15,800.0,11,2,2,コンテソレーラ,牝,3,53.0,津村,115.1,1,3,7.9,38.4,8-10-8-11,美浦 手塚,480,10,
202404030108,2024-08-10,新潟,8,3歳以上1勝クラス,ダ,1800,左,晴,良,"3回 新潟 1日目 サラ系３歳以上 １勝クラス       牝[指] 定量 15頭 本賞金:800,320,200,120,80万円",15,800.0,12,6,11,カフェアローロ,牝,3,53.0,内田博,115.4,1.1/2,6,36.4,38.5,6-7-10-11,美浦 古賀,488,8,
202404030108,2024-08-10,新潟,8,3歳以上1勝クラス,ダ,1800,左,晴,良,"3回 新潟 1日目 サラ系３歳以上 １勝クラス       牝[指] 定量 15頭 本賞金:800,320,200,120,80万円",15,800.0,13,7,13,ライブインステラ,牝,5,52.0,★大江比,115.6,1.1/4,13,183.7,38.6,14-13-13-14,美浦 小野,488,0,
202404030108,2024-08-10,新潟,8,3歳以上1勝クラス,ダ,1800,左,晴,良,"3回 新潟 1日目 サラ系３歳以上 １勝クラス       牝[指] 定量 15頭 本賞金:800,320,200,120,80万円",15,800.0,14,4,6,サイモンポーリア,牝,6,56.0,丸山,115.6,クビ,15,267.6,39.1,6-5-5-5,美浦 根本,472,-6,
202404030108,2024-08-10,新潟,8,3歳以上1勝クラス,ダ,1800,左,晴,良,"3回 新潟 1日目 サラ系３歳以上 １勝クラス       牝[指] 定量 15頭 本賞金:800,320,200,120,80万円",15,800.0,15,1,1,サンロレンツォ,牝,3,53.0,武藤雅,116.9,8,7,47.9,40.1,12-11-10-9,美浦 武藤,494,0,
202404030109,2024-08-10,新潟,9,浦佐特別,ダ,1200,左,晴,良,"3回 新潟 1日目 サラ系３歳以上 ２勝クラス       (混)[指] 定量 15頭 本賞金:1550,620,390,230,155万円",15,1550.0,1,1,1,クリノアルバトロス,牡,4,58.0,原,71.2,,2,5.0,35.8,11-9,美浦 伊藤伸,506,-6,
202404030109,2024-08-10,新潟,9,浦佐特別,ダ,1200,左,晴,良,"3回 新潟 1日目 サラ系３歳以上 ２勝クラス       (混)[指] 定量 15頭 本賞金:1550,620,390,230,155万円",15,1550.0,2,5,9,ビップシュプリーム,牝,5,56.0,荻野極,71.2,クビ,3,6.7,36.2,8-8,栗東 松下,502,0,
202404030109,2024-08-10,新潟,9,浦佐特別,ダ,1200,左,晴,良,"3回 新潟 1日目 サラ系３歳以上 ２勝クラス       (混)[指] 定量 15頭 本賞金:1550,620,390,230,155万円",15,1550.0,3,7,12,カナウ,牡,4,58.0,石川,71.3,クビ,9,17.7,36.8,5-5,栗東 杉山晴,540,5,
202404030109,2024-08-10,新潟,9,浦佐特別,ダ,1200,左,晴,良,"3回 新潟 1日目 サラ系３歳以上 ２勝クラス       (混)[指] 定量 15頭 本賞金:1550,620,390,230,155万円",15,1550.0,4,6,10,ロンズデーライト,牡,6,58.0,北村友,71.3,クビ,13,52.9,36.2,9-9,栗東 高橋一,516,6,
202404030109,2024-08-10,新潟,9,浦佐特別,ダ,1200,左,晴,良,"3回 新潟 1日目 サラ系３歳以上 ２勝クラス       (混)[指] 定量 15頭 本賞金:1550,620,390,230,155万円",15,1550.0,5,5,8,グレタ,牝,5,56.0,菊沢,71.3,アタマ,11,26.9,37.1,3-2,美浦 清水英,472,6,
202404030109,2024-08-10,新潟,9,浦佐特別,ダ,1200,左,晴,良,"3回 新潟 1日目 サラ系３歳以上 ２勝クラス       (混)[指] 定量 15頭 本賞金:1550,620,390,230,155万円",15,1550.0,6,4,6,アポロプラネット,牡,5,58.0,田辺,71.5,1,12,31.3,35.7,13-13,美浦 伊藤圭,502,6,
202404030109,2024-08-10,新潟,9,浦佐特別,ダ,1200,左,晴,良,"3回 新潟 1日目 サラ系３歳以上 ２勝クラス       (混)[指] 定量 15頭 本賞金:1550,620,390,230,155万円",15,1550.0,7,2,2,ロイヤルソウル,牝,5,56.0,木幡初,71.7,1.1/4,14,56.3,36.3,11-12,美浦 竹内,476,2,
202404030109,2024-08-10,新潟,9,浦佐特別,ダ,1200,左,晴,良,"3回 新潟 1日目 サラ系３歳以上 ２勝クラス       (混)[指] 定量 15頭 本賞金:1550,620,390,230,155万円",15,1550.0,8,3,5,チュウワスプリング,牝,4,56.0,伊藤,71.7,ハナ,8,13.8,37.6,2-2,美浦 林,412,-4,
202404030109,2024-08-10,新潟,9,浦佐特別,ダ,1200,左,晴,良,"3回 新潟 1日目 サラ系３歳以上 ２勝クラス       (混)[指] 定量 15頭 本賞金:1550,620,390,230,155万円",15,1550.0,9,8,15,セッカチケーン,牡,5,58.0,吉原寛,72.0,1.3/4,4,10.4,37.3,7-7,美浦 高柳瑞,514,2,
202404030109,2024-08-10,新潟,9,浦佐特別,ダ,1200,左,晴,良,"3回 新潟 1日目 サラ系３歳以上 ２勝クラス       (混)[指] 定量 15頭 本賞金:1550,620,390,230,155万円",15,1550.0,10,8,14,スペキオサレジーナ,牝,4,56.0,菅原明,72.0,ハナ,6,13.0,36.8,9-9,美浦 森一,468,-2,
202404030109,2024-08-10,新潟,9,浦佐特別,ダ,1200,左,晴,良,"3回 新潟 1日目 サラ系３歳以上 ２勝クラス       (混)[指] 定量 15頭 本賞金:1550,620,390,230,155万円",15,1550.0,11,3,4,ジューンアース,牝,4,56.0,富田,72.8,5,5,10.5,38.5,3-4,栗東 飯田,526,4,
202404030109,2024-08-10,新潟,9,浦佐特別,ダ,1200,左,晴,良,"3回 新潟 1日目 サラ系３歳以上 ２勝クラス       (混)[指] 定量 15頭 本賞金:1550,620,390,230,155万円",15,1550.0,12,6,11,ニフェーデービル,牡,4,58.0,丸山,72.9,1/2,10,17.9,37.1,13-15,美浦 中舘,488,2,
202404030109,2024-08-10,新潟,9,浦佐特別,ダ,1200,左,晴,良,"3回 新潟 1日目 サラ系３歳以上 ２勝クラス       (混)[指] 定量 15頭 本賞金:1550,620,390,230,155万円",15,1550.0,13,7,13,カリュウ,牝,5,56.0,武藤,73.8,5,7,13.3,39.4,5-5,美浦 田島,426,0,
202404030109,2024-08-10,新潟,9,浦佐特別,ダ,1200,左,晴,良,"3回 新潟 1日目 サラ系３歳以上 ２勝クラス       (混)[指] 定量 15頭 本賞金:1550,620,390,230,155万円",15,1550.0,14,2,3,ウイスキータイム,牝,5,56.0,野中,73.9,1/2,15,189.1,38.2,13-13,美浦 根本,482,6,
202404030109,2024-08-10,新潟,9,浦佐特別,ダ,1200,左,晴,良,"3回 新潟 1日目 サラ系３歳以上 ２勝クラス       (混)[指] 定量 15頭 本賞金:1550,620,390,230,155万円",15,1550.0,15,4,7,タカネノハナコサン,牝,4,56.0,津村,74.3,2.1/2,1,3.7,40.3,1-1,栗東 緒方,500,16,
202404030110,2024-08-10,新潟,10,新発田城特別,芝,1400,左,晴,良,"3回 新潟 1日目 サラ系３歳以上 ２勝クラス       (混)[指] ハンデ 14頭 本賞金:1550,620,390,230,155万円",14,1550.0,1,8,14,サクセスアイ,牝,4,53.0,菊沢,80.3,,6,15.7,33.9,10-10,栗東 北出,442,4,
202404030110,2024-08-10,新潟,10,新発田城特別,芝,1400,左,晴,良,"3回 新潟 1日目 サラ系３歳以上 ２勝クラス       (混)[指] ハンデ 14頭 本賞金:1550,620,390,230,155万円",14,1550.0,2,8,13,サトミノキラリ,牡,3,54.0,津村,80.3,アタマ,5,11.3,33.9,10-10,美浦 鈴木伸,460,-4,
202404030110,2024-08-10,新潟,10,新発田城特別,芝,1400,左,晴,良,"3回 新潟 1日目 サラ系３歳以上 ２勝クラス       (混)[指] ハンデ 14頭 本賞金:1550,620,390,230,155万円",14,1550.0,3,7,11,スティールブルー,牝,3,53.0,戸崎圭,80.4,1/2,1,1.8,34.5,5-5,美浦 宗像,440,4,
202404030110,2024-08-10,新潟,10,新発田城特別,芝,1400,左,晴,良,"3回 新潟 1日目 サラ系３歳以上 ２勝クラス       (混)[指] ハンデ 14頭 本賞金:1550,620,390,230,155万円",14,1550.0,4,6,10,テラステラ,牡,4,57.0,北村友,80.4,1/2,3,8.1,34.5,5-5,栗東 矢作,478,-2,
202404030110,2024-08-10,新潟,10,新発田城特別,芝,1400,左,晴,良,"3回 新潟 1日目 サラ系３歳以上 ２勝クラス       (混)[指] ハンデ 14頭 本賞金:1550,620,390,230,155万円",14,1550.0,5,3,3,ルヴァンノワール,牝,6,53.0,荻野極,80.7,1.1/2,8,59.4,34.6,7-7,栗東 庄野,460,-4,
202404030110,2024-08-10,新潟,10,新発田城特別,芝,1400,左,晴,良,"3回 新潟 1日目 サラ系３歳以上 ２勝クラス       (混)[指] ハンデ 14頭 本賞金:1550,620,390,230,155万円",14,1550.0,6,4,6,ハクサンバード,牡,4,54.0,富田,80.7,アタマ,10,114.1,35.3,2-2,栗東 高橋一,482,-8,
202404030110,2024-08-10,新潟,10,新発田城特別,芝,1400,左,晴,良,"3回 新潟 1日目 サラ系３歳以上 ２勝クラス       (混)[指] ハンデ 14頭 本賞金:1550,620,390,230,155万円",14,1550.0,7,5,8,クオレス,牝,3,52.0,木幡巧,80.7,ハナ,4,10.5,35.0,3-3,美浦 牧,474,-2,
202404030110,2024-08-10,新潟,10,新発田城特別,芝,1400,左,晴,良,"3回 新潟 1日目 サラ系３歳以上 ２勝クラス       (混)[指] ハンデ 14頭 本賞金:1550,620,390,230,155万円",14,1550.0,8,1,1,バラードインミラノ,牡,6,54.0,秋山稔,80.7,クビ,11,208.5,34.4,8-7,美浦 小野,432,-6,
202404030110,2024-08-10,新潟,10,新発田城特別,芝,1400,左,晴,良,"3回 新潟 1日目 サラ系３歳以上 ２勝クラス       (混)[指] ハンデ 14頭 本賞金:1550,620,390,230,155万円",14,1550.0,9,5,7,コスモスプモーニ,牡,4,55.0,石橋脩,80.7,ハナ,9,62.9,35.1,3-3,美浦 松山,478,-4,
202404030110,2024-08-10,新潟,10,新発田城特別,芝,1400,左,晴,良,"3回 新潟 1日目 サラ系３歳以上 ２勝クラス       (混)[指] ハンデ 14頭 本賞金:1550,620,390,230,155万円",14,1550.0,10,4,5,プレジャークルーズ,牝,4,54.0,ルメー,80.9,3/4,2,3.8,35.6,1-1,美浦 大竹,502,-4,
202404030110,2024-08-10,新潟,10,新発田城特別,芝,1400,左,晴,良,"3回 新潟 1日目 サラ系３歳以上 ２勝クラス       (混)[指] ハンデ 14頭 本賞金:1550,620,390,230,155万円",14,1550.0,11,7,12,ジュドー,牡,4,55.0,石川,80.9,ハナ,7,29.6,34.7,8-7,美浦 手塚,488,10,
202404030110,2024-08-10,新潟,10,新発田城特別,芝,1400,左,晴,良,"3回 新潟 1日目 サラ系３歳以上 ２勝クラス       (混)[指] ハンデ 14頭 本賞金:1550,620,390,230,155万円",14,1550.0,12,3,4,コスモイグローク,牡,4,53.0,吉原寛,81.2,1.3/4,12,237.5,34.5,12-12,美浦 蛯名利,504,-4,
202404030110,2024-08-10,新潟,10,新発田城特別,芝,1400,左,晴,良,"3回 新潟 1日目 サラ系３歳以上 ２勝クラス       (混)[指] ハンデ 14頭 本賞金:1550,620,390,230,155万円",14,1550.0,13,2,2,デルマヤクシ,牡,6,53.0,武藤,81.4,1.1/2,13,294.3,34.3,14-14,美浦 戸田,458,4,
202404030110,2024-08-10,新潟,10,新発田城特別,芝,1400,左,晴,良,"3回 新潟 1日目 サラ系３歳以上 ２勝クラス       (混)[指] ハンデ 14頭 本賞金:1550,620,390,230,155万円",14,1550.0,14,6,9,ピースディオン,牡,7,53.0,木幡育,82.5,7,14,524.3,35.9,12-12,美浦 尾形,484,-14,
202404030111,2024-08-10,新潟,11,BSN賞,ダ,1800,左,晴,良,"3回 新潟 1日目 サラ系３歳以上 オープン       (国際)(特指) ハンデ 15頭 本賞金:2400,960,600,360,240万円",15,2400.0,1,2,3,ブレイクフォース,牡,5,55.0,田辺,111.0,,9,24.8,36.7,13-13-13-11,美浦 中舘,492,2,
202404030111,2024-08-10,新潟,11,BSN賞,ダ,1800,左,晴,良,"3回 新潟 1日目 サラ系３歳以上 オープン       (国際)(特指) ハンデ 15頭 本賞金:2400,960,600,360,240万円",15,2400.0,2,4,7,ゲンパチルシファー,牡,8,57.0,石川裕,111.1,1/2,11,69.4,37.3,8-8-8-5,栗東 佐々木,510,4,
202404030111,2024-08-10,新潟,11,BSN賞,ダ,1800,左,晴,良,"3回 新潟 1日目 サラ系３歳以上 オープン       (国際)(特指) ハンデ 15頭 本賞金:2400,960,600,360,240万円",15,2400.0,3,6,11,ヴァンヤール,牡,6,57.0,荻野極,111.2,3/4,4,6.8,37.6,6-6-5-2,栗東 庄野,532,-2,
202404030111,2024-08-10,新潟,11,BSN賞,ダ,1800,左,晴,良,"3回 新潟 1日目 サラ系３歳以上 オープン       (国際)(特指) ハンデ 15頭 本賞金:2400,960,600,360,240万円",15,2400.0,4,6,10,ルクスフロンティア,牡,4,56.0,戸崎圭,111.5,2,2,5.0,38.1,5-4-3-2,栗東 松永幹,488,-6,
202404030111,2024-08-10,新潟,11,BSN賞,ダ,1800,左,晴,良,"3回 新潟 1日目 サラ系３歳以上 オープン       (国際)(特指) ハンデ 15頭 本賞金:2400,960,600,360,240万円",15,2400.0,5,7,13,ビヨンドザファザー,牡,5,57.5,北村友,111.6,1/2,8,14.6,37.5,11-10-10-11,栗東 藤岡,508,4,
202404030111,2024-08-10,新潟,11,BSN賞,ダ,1800,左,晴,良,"3回 新潟 1日目 サラ系３歳以上 オープン       (国際)(特指) ハンデ 15頭 本賞金:2400,960,600,360,240万円",15,2400.0,6,7,12,ドゥラレジリエント,牡,4,56.0,菅原明,111.8,1.1/4,1,3.8,37.9,9-9-8-5,栗東 牧田,518,6,
202404030111,2024-08-10,新潟,11,BSN賞,ダ,1800,左,晴,良,"3回 新潟 1日目 サラ系３歳以上 オープン       (国際)(特指) ハンデ 15頭 本賞金:2400,960,600,360,240万円",15,2400.0,7,4,6,デンコウリジエール,牡,7,57.0,内田博,111.9,3/4,15,178.1,38.3,6-6-5-5,栗東 荒川,478,2,
202404030111,2024-08-10,新潟,11,BSN賞,ダ,1800,左,晴,良,"3回 新潟 1日目 サラ系３歳以上 オープン       (国際)(特指) ハンデ 15頭 本賞金:2400,960,600,360,240万円",15,2400.0,8,8,14,クールミラボー,牡,4,56.0,ルメー,112.2,1.1/2,3,6.3,37.8,13-13-13-14,栗東 寺島,492,0,
202404030111,2024-08-10,新潟,11,BSN賞,ダ,1800,左,晴,良,"3回 新潟 1日目 サラ系３歳以上 オープン       (国際)(特指) ハンデ 15頭 本賞金:2400,960,600,360,240万円",15,2400.0,9,3,5,ペプチドソレイユ,牡,4,56.0,富田,112.4,1.1/2,5,8.0,38.3,11-10-10-11,栗東 武英,492,2,
202404030111,2024-08-10,新潟,11,BSN賞,ダ,1800,左,晴,良,"3回 新潟 1日目 サラ系３歳以上 オープン       (国際)(特指) ハンデ 15頭 本賞金:2400,960,600,360,240万円",15,2400.0,10,5,8,ホウオウリアリティ,牡,6,55.0,岩田康,112.6,3/4,14,141.8,37.9,15-15-15-14,美浦 高木,486,-2,
202404030111,2024-08-10,新潟,11,BSN賞,ダ,1800,左,晴,良,"3回 新潟 1日目 サラ系３歳以上 オープン       (国際)(特指) ハンデ 15頭 本賞金:2400,960,600,360,240万円",15,2400.0,11,2,2,アナンシエーション,セ,6,55.0,津村,112.6,クビ,13,73.4,38.5,9-10-10-10,美浦 矢嶋,516,8,
202404030111,2024-08-10,新潟,11,BSN賞,ダ,1800,左,晴,良,"3回 新潟 1日目 サラ系３歳以上 オープン       (国際)(特指) ハンデ 15頭 本賞金:2400,960,600,360,240万円",15,2400.0,12,3,4,テーオーリカード,牡,4,56.0,石橋脩,112.8,1.1/4,7,12.4,40.3,1-1-1-1,栗東 高柳大,498,4,
202404030111,2024-08-10,新潟,11,BSN賞,ダ,1800,左,晴,良,"3回 新潟 1日目 サラ系３歳以上 オープン       (国際)(特指) ハンデ 15頭 本賞金:2400,960,600,360,240万円",15,2400.0,13,5,9,ミラクルティアラ,牝,4,53.0,吉原寛,113.3,3,6,9.6,39.7,4-4-5-5,栗東 野中,450,-4,
202404030111,2024-08-10,新潟,11,BSN賞,ダ,1800,左,晴,良,"3回 新潟 1日目 サラ系３歳以上 オープン       (国際)(特指) ハンデ 15頭 本賞金:2400,960,600,360,240万円",15,2400.0,14,1,1,レディフォース,牝,4,52.0,長岡,114.5,7,10,64.3,41.2,2-2-3-2,栗東 杉山佳,520,0,
202404030111,2024-08-10,新潟,11,BSN賞,ダ,1800,左,晴,良,"3回 新潟 1日目 サラ系３歳以上 オープン       (国際)(特指) ハンデ 15頭 本賞金:2400,960,600,360,240万円",15,2400.0,15,8,15,クレスコジョケツ,牝,5,51.0,武藤,117.2,大,12,71.0,44.1,2-2-2-5,栗東 木原,484,8,
202404030112,2024-08-10,新潟,12,3歳以上1勝クラス,芝,1400,左,晴,良,"3回 新潟 1日目 サラ系３歳以上 １勝クラス       (混)(特指) 定量 18頭 本賞金:800,320,200,120,80万円",18,800.0,1,3,5,ララマセラシオン,牡,3,55.0,菅原明,81.2,,5,8.6,34.3,5-6,美浦 大竹,518,2,
202404030112,2024-08-10,新潟,12,3歳以上1勝クラス,芝,1400,左,晴,良,"3回 新潟 1日目 サラ系３歳以上 １勝クラス       (混)(特指) 定量 18頭 本賞金:800,320,200,120,80万円",18,800.0,2,4,7,トモジャシーマ,牡,4,58.0,津村,81.3,1/2,3,5.6,34.8,2-2,美浦 鈴木伸,502,2,
202404030112,2024-08-10,新潟,12,3歳以上1勝クラス,芝,1400,左,晴,良,"3回 新潟 1日目 サラ系３歳以上 １勝クラス       (混)(特指) 定量 18頭 本賞金:800,320,200,120,80万円",18,800.0,3,5,10,パストラーレ,牡,3,51.0,★大江比,81.6,2,1,4.1,35.2,1-1,美浦 武市,486,-6,
202404030112,2024-08-10,新潟,12,3歳以上1勝クラス,芝,1400,左,晴,良,"3回 新潟 1日目 サラ系３歳以上 １勝クラス       (混)(特指) 定量 18頭 本賞金:800,320,200,120,80万円",18,800.0,4,3,6,レグザゴン,牝,3,53.0,石川,81.7,クビ,8,12.4,35.0,3-3,美浦 斎藤誠,466,6,
202404030112,2024-08-10,新潟,12,3歳以上1勝クラス,芝,1400,左,晴,良,"3回 新潟 1日目 サラ系３歳以上 １勝クラス       (混)(特指) 定量 18頭 本賞金:800,320,200,120,80万円",18,800.0,5,1,1,ビッグフラワー,牡,3,55.0,岩田康,81.8,3/4,9,37.3,34.7,7-7,美浦 加藤征,490,6,
202404030112,2024-08-10,新潟,12,3歳以上1勝クラス,芝,1400,左,晴,良,"3回 新潟 1日目 サラ系３歳以上 １勝クラス       (混)(特指) 定量 18頭 本賞金:800,320,200,120,80万円",18,800.0,6,8,18,エンブレムコード,牝,6,56.0,木幡巧,81.9,3/4,12,110.3,34.2,16-16,美浦 尾関,464,4,
202404030112,2024-08-10,新潟,12,3歳以上1勝クラス,芝,1400,左,晴,良,"3回 新潟 1日目 サラ系３歳以上 １勝クラス       (混)(特指) 定量 18頭 本賞金:800,320,200,120,80万円",18,800.0,7,2,4,グランドハーバー,牝,3,53.0,北村友,81.9,クビ,7,9.9,34.7,10-10,美浦 鹿戸,508,2,
202404030112,2024-08-10,新潟,12,3歳以上1勝クラス,芝,1400,左,晴,良,"3回 新潟 1日目 サラ系３歳以上 １勝クラス       (混)(特指) 定量 18頭 本賞金:800,320,200,120,80万円",18,800.0,8,5,9,ナファロア,牡,3,55.0,Ｃ．ル,81.9,ハナ,2,5.5,34.8,7-7,美浦 菊沢,460,4,
202404030112,2024-08-10,新潟,12,3歳以上1勝クラス,芝,1400,左,晴,良,"3回 新潟 1日目 サラ系３歳以上 １勝クラス       (混)(特指) 定量 18頭 本賞金:800,320,200,120,80万円",18,800.0,9,7,13,ベストオブユー,牡,3,55.0,荻野極,82.0,1/2,10,65.6,34.7,10-10,美浦 久保田,420,2,
202404030112,2024-08-10,新潟,12,3歳以上1勝クラス,芝,1400,左,晴,良,"3回 新潟 1日目 サラ系３歳以上 １勝クラス       (混)(特指) 定量 18頭 本賞金:800,320,200,120,80万円",18,800.0,10,1,2,ハウファアイルゴー,牝,5,53.0,▲土田,82.0,クビ,18,504.3,35.3,3-3,美浦 松山,452,0,
202404030112,2024-08-10,新潟,12,3歳以上1勝クラス,芝,1400,左,晴,良,"3回 新潟 1日目 サラ系３歳以上 １勝クラス       (混)(特指) 定量 18頭 本賞金:800,320,200,120,80万円",18,800.0,11,7,14,ディバイングレース,牝,4,56.0,戸崎圭,82.1,クビ,4,6.3,34.4,16-16,美浦 蛯名正,448,12,
202404030112,2024-08-10,新潟,12,3歳以上1勝クラス,芝,1400,左,晴,良,"3回 新潟 1日目 サラ系３歳以上 １勝クラス       (混)(特指) 定量 18頭 本賞金:800,320,200,120,80万円",18,800.0,12,2,3,パノティア,牡,6,58.0,丸山,82.1,ハナ,15,206.5,34.7,12-13,美浦 金成,536,-6,
202404030112,2024-08-10,新潟,12,3歳以上1勝クラス,芝,1400,左,晴,良,"3回 新潟 1日目 サラ系３歳以上 １勝クラス       (混)(特指) 定量 18頭 本賞金:800,320,200,120,80万円",18,800.0,13,6,11,メリトリオ,牡,4,58.0,石橋脩,82.1,クビ,11,80.8,34.7,12-10,美浦 大竹,474,4,
202404030112,2024-08-10,新潟,12,3歳以上1勝クラス,芝,1400,左,晴,良,"3回 新潟 1日目 サラ系３歳以上 １勝クラス       (混)(特指) 定量 18頭 本賞金:800,320,200,120,80万円",18,800.0,14,8,16,ゴヴェルナーレリコ,牝,3,53.0,富田,82.1,アタマ,6,9.1,34.6,14-13,美浦 辻,440,4,
202404030112,2024-08-10,新潟,12,3歳以上1勝クラス,芝,1400,左,晴,良,"3回 新潟 1日目 サラ系３歳以上 １勝クラス       (混)(特指) 定量 18頭 本賞金:800,320,200,120,80万円",18,800.0,15,6,12,エナジーチャイム,牝,4,55.0,☆横山琉,82.3,1,14,188.4,34.8,14-13,美浦 矢嶋,434,-10,
202404030112,2024-08-10,新潟,12,3歳以上1勝クラス,芝,1400,左,晴,良,"3回 新潟 1日目 サラ系３歳以上 １勝クラス       (混)(特指) 定量 18頭 本賞金:800,320,200,120,80万円",18,800.0,16,7,15,ローブドゥマリエ,牝,4,56.0,杉原,82.4,1,17,268.1,35.4,7-7,美浦 天間,446,-25,
202404030112,2024-08-10,新潟,12,3歳以上1勝クラス,芝,1400,左,晴,良,"3回 新潟 1日目 サラ系３歳以上 １勝クラス       (混)(特指) 定量 18頭 本賞金:800,320,200,120,80万円",18,800.0,17,4,8,エスペラント,セ,5,58.0,武藤,82.8,2.1/2,13,183.6,36.0,5-3,美浦 武藤,454,-8,
202404030112,2024-08-10,新潟,12,3歳以上1勝クラス,芝,1400,左,晴,良,"3回 新潟 1日目 サラ系３歳以上 １勝クラス       (混)(特指) 定量 18頭 本賞金:800,320,200,120,80万円",18,800.0,18,8,17,プレストマーヴェル,牝,3,53.0,吉原寛,83.1,1.3/4,16,243.9,34.8,18-18,地方 井樋一,420,-15,
202407020101,2024-08-10,中京,1,3歳以上障害未勝利,障,3000,,晴,良,"2回 中京 1日目 障害３歳以上 未勝利       (混) 定量 10頭 本賞金:790,320,200,120,79万円",10,790.0,1,1,1,ゼンカイテン,牡,5,60.0,伴,198.6,,3,5.8,13.2,1-1-1-1,美浦 矢野,476,6,
202407020101,2024-08-10,中京,1,3歳以上障害未勝利,障,3000,,晴,良,"2回 中京 1日目 障害３歳以上 未勝利       (混) 定量 10頭 本賞金:790,320,200,120,79万円",10,790.0,2,7,7,トーセンオリジン,牡,7,60.0,上野,198.7,1/2,1,3.2,13.2,2-2-2-2,美浦 和田雄,462,0,
202407020101,2024-08-10,中京,1,3歳以上障害未勝利,障,3000,,晴,良,"2回 中京 1日目 障害３歳以上 未勝利       (混) 定量 10頭 本賞金:790,320,200,120,79万円",10,790.0,3,8,9,スマートルミエール,牡,7,60.0,五十嵐,198.8,3/4,6,8.9,13.3,2-2-2-2,美浦 高橋文,444,-8,
202407020101,2024-08-10,中京,1,3歳以上障害未勝利,障,3000,,晴,良,"2回 中京 1日目 障害３歳以上 未勝利       (混) 定量 10頭 本賞金:790,320,200,120,79万円",10,790.0,4,4,4,ネッスンドルマ,牡,5,57.0,▲坂口,199.9,7,4,6.8,13.3,2-2-4-4,美浦 加藤士,460,-2,
202407020101,2024-08-10,中京,1,3歳以上障害未勝利,障,3000,,晴,良,"2回 中京 1日目 障害３歳以上 未勝利       (混) 定量 10頭 本賞金:790,320,200,120,79万円",10,790.0,5,3,3,アルカンサス,牡,5,60.0,大江圭,200.8,5,8,27.5,13.4,7-7-7-7,美浦 土田,472,0,
202407020101,2024-08-10,中京,1,3歳以上障害未勝利,障,3000,,晴,良,"2回 中京 1日目 障害３歳以上 未勝利       (混) 定量 10頭 本賞金:790,320,200,120,79万円",10,790.0,6,8,10,アップデート,牡,5,60.0,小牧加,201.5,4,2,3.5,13.4,5-5-5-5,栗東 音無,498,-8,
202407020101,2024-08-10,中京,1,3歳以上障害未勝利,障,3000,,晴,良,"2回 中京 1日目 障害３歳以上 未勝利       (混) 定量 10頭 本賞金:790,320,200,120,79万円",10,790.0,7,6,6,ハイエストポイント,牡,6,60.0,中村,202.9,8,7,26.2,13.5,5-5-8-8,栗東 鈴木孝,460,-2,
202407020101,2024-08-10,中京,1,3歳以上障害未勝利,障,3000,,晴,良,"2回 中京 1日目 障害３歳以上 未勝利       (混) 定量 10頭 本賞金:790,320,200,120,79万円",10,790.0,8,7,8,キタノセレナード,牡,5,60.0,小野寺,203.4,3,9,55.6,13.6,7-7-5-5,栗東 坂口,454,6,
202407020101,2024-08-10,中京,1,3歳以上障害未勝利,障,3000,,晴,良,"2回 中京 1日目 障害３歳以上 未勝利       (混) 定量 10頭 本賞金:790,320,200,120,79万円",10,790.0,9,2,2,シャドウダッチェス,牝,4,58.0,石神深,212.6,大,10,72.0,14.2,10-10-9-9,美浦 深山,480,-4,
202407020101,2024-08-10,中京,1,3歳以上障害未勝利,障,3000,,晴,良,"2回 中京 1日目 障害３歳以上 未勝利       (混) 定量 10頭 本賞金:790,320,200,120,79万円",10,790.0,,5,5,パクスオトマニカ,牡,4,60.0,草野,,,5,7.9,,9-9,美浦 久保田,476,2,中止
202407020102,2024-08-10,中京,2,2歳未勝利,ダ,1200,左,晴,良,"2回 中京 1日目 サラ系２歳 未勝利       (混)[指] 馬齢 16頭 本賞金:550,220,140,83,55万円",16,550.0,1,5,10,アーデルリーベ,牝,2,55.0,幸,72.2,,3,6.9,37.9,1-1,栗東 斉藤崇,458,4,
202407020102,2024-08-10,中京,2,2歳未勝利,ダ,1200,左,晴,良,"2回 中京 1日目 サラ系２歳 未勝利       (混)[指] 馬齢 16頭 本賞金:550,220,140,83,55万円",16,550.0,2,2,4,ジャスパーソレイユ,牡,2,55.0,松山,73.0,5,1,1.7,38.0,4-4,栗東 森秀,466,-2,
202407020102,2024-08-10,中京,2,2歳未勝利,ダ,1200,左,晴,良,"2回 中京 1日目 サラ系２歳 未勝利       (混)[指] 馬齢 16頭 本賞金:550,220,140,83,55万円",16,550.0,3,3,6,ブルドッグワイルド,牡,2,55.0,和田竜,73.3,1.3/4,5,12.6,38.9,2-2,栗東 西園正,470,-2,
202407020102,2024-08-10,中京,2,2歳未勝利,ダ,1200,左,晴,良,"2回 中京 1日目 サラ系２歳 未勝利       (混)[指] 馬齢 16頭 本賞金:550,220,140,83,55万円",16,550.0,4,3,5,デーモンスレイヤー,牡,2,55.0,西村淳,73.5,1,4,11.4,37.8,8-7,栗東 庄野,472,2,
202407020102,2024-08-10,中京,2,2歳未勝利,ダ,1200,左,晴,良,"2回 中京 1日目 サラ系２歳 未勝利       (混)[指] 馬齢 16頭 本賞金:550,220,140,83,55万円",16,550.0,5,7,13,ドナポンド,牝,2,55.0,藤懸,73.6,3/4,7,25.0,38.9,3-3,栗東 小林,484,4,
202407020102,2024-08-10,中京,2,2歳未勝利,ダ,1200,左,晴,良,"2回 中京 1日目 サラ系２歳 未勝利       (混)[指] 馬齢 16頭 本賞金:550,220,140,83,55万円",16,550.0,6,7,14,ブレイジングスター,牡,2,53.0,◇永島,73.7,1/2,8,33.0,38.4,6-6,栗東 高橋康,476,-2,
202407020102,2024-08-10,中京,2,2歳未勝利,ダ,1200,左,晴,良,"2回 中京 1日目 サラ系２歳 未勝利       (混)[指] 馬齢 16頭 本賞金:550,220,140,83,55万円",16,550.0,7,8,16,リトルサムシング,牡,2,55.0,坂井,74.5,5,2,5.2,39.0,7-9,栗東 野中,478,-4,
202407020102,2024-08-10,中京,2,2歳未勝利,ダ,1200,左,晴,良,"2回 中京 1日目 サラ系２歳 未勝利       (混)[指] 馬齢 16頭 本賞金:550,220,140,83,55万円",16,550.0,8,2,3,マルモリマジック,牝,2,52.0,▲鷲頭,74.5,クビ,12,136.6,39.4,5-5,栗東 川村,460,0,
202407020102,2024-08-10,中京,2,2歳未勝利,ダ,1200,左,晴,良,"2回 中京 1日目 サラ系２歳 未勝利       (混)[指] 馬齢 16頭 本賞金:550,220,140,83,55万円",16,550.0,9,1,1,コパノオーランド,牡,2,51.0,★河原田,74.6,クビ,9,40.7,38.4,12-10,栗東 村山,476,-4,
202407020102,2024-08-10,中京,2,2歳未勝利,ダ,1200,左,晴,良,"2回 中京 1日目 サラ系２歳 未勝利       (混)[指] 馬齢 16頭 本賞金:550,220,140,83,55万円",16,550.0,10,8,15,ベラヴィットーリア,牝,2,54.0,☆松本,74.7,1/2,10,67.7,38.9,9-7,栗東 高柳大,496,-2,
202407020102,2024-08-10,中京,2,2歳未勝利,ダ,1200,左,晴,良,"2回 中京 1日目 サラ系２歳 未勝利       (混)[指] 馬齢 16頭 本賞金:550,220,140,83,55万円",16,550.0,11,6,11,オデット,牝,2,52.0,▲吉村,74.7,アタマ,11,126.1,38.6,10-10,栗東 緒方,444,-8,
202407020102,2024-08-10,中京,2,2歳未勝利,ダ,1200,左,晴,良,"2回 中京 1日目 サラ系２歳 未勝利       (混)[指] 馬齢 16頭 本賞金:550,220,140,83,55万円",16,550.0,12,6,12,アンヘリート,牝,2,55.0,川須,75.2,3,13,229.9,38.6,14-14,栗東 高橋一,444,0,
202407020102,2024-08-10,中京,2,2歳未勝利,ダ,1200,左,晴,良,"2回 中京 1日目 サラ系２歳 未勝利       (混)[指] 馬齢 16頭 本賞金:550,220,140,83,55万円",16,550.0,13,1,2,カリスパール,牝,2,52.0,▲橋木,75.2,ハナ,14,368.5,38.9,13-13,栗東 村山,468,-8,
202407020102,2024-08-10,中京,2,2歳未勝利,ダ,1200,左,晴,良,"2回 中京 1日目 サラ系２歳 未勝利       (混)[指] 馬齢 16頭 本賞金:550,220,140,83,55万円",16,550.0,14,4,8,カシノシンボル,牡,2,55.0,酒井,75.5,2,15,378.2,39.5,10-10,栗東 谷,422,6,
202407020102,2024-08-10,中京,2,2歳未勝利,ダ,1200,左,晴,良,"2回 中京 1日目 サラ系２歳 未勝利       (混)[指] 馬齢 16頭 本賞金:550,220,140,83,55万円",16,550.0,15,5,9,テイエムダイスター,牝,2,54.0,☆小沢,76.1,3.1/2,6,23.5,38.9,16-16,栗東 木原,432,-8,
202407020102,2024-08-10,中京,2,2歳未勝利,ダ,1200,左,晴,良,"2回 中京 1日目 サラ系２歳 未勝利       (混)[指] 馬齢 16頭 本賞金:550,220,140,83,55万円",16,550.0,16,4,7,エハバンディーア,牝,2,52.0,▲柴田裕,76.2,1/2,16,397.3,39.3,15-15,栗東 杉山佳,416,-14,
202407020103,2024-08-10,中京,3,3歳未勝利,ダ,1800,左,晴,良,"2回 中京 1日目 サラ系３歳 未勝利       牝[指] 馬齢 16頭 本賞金:550,220,140,83,55万円",16,550.0,1,7,14,ルージュルリアン,牝,3,55.0,松山,115.1,,3,4.5,39.7,1-1-1-1,栗東 藤原,484,-4,
202407020103,2024-08-10,中京,3,3歳未勝利,ダ,1800,左,晴,良,"2回 中京 1日目 サラ系３歳 未勝利       牝[指] 馬齢 16頭 本賞金:550,220,140,83,55万円",16,550.0,2,6,11,アルピニスト,牝,3,55.0,団野,115.1,クビ,4,7.0,39.7,13-12-2-2,栗東 杉山佳,466,2,
202407020103,2024-08-10,中京,3,3歳未勝利,ダ,1800,左,晴,良,"2回 中京 1日目 サラ系３歳 未勝利       牝[指] 馬齢 16頭 本賞金:550,220,140,83,55万円",16,550.0,3,4,7,ウィージャスト,牝,3,55.0,川田,115.5,2.1/2,2,4.5,39.8,10-8-4-3,栗東 中内田,480,0,
202407020103,2024-08-10,中京,3,3歳未勝利,ダ,1800,左,晴,良,"2回 中京 1日目 サラ系３歳 未勝利       牝[指] 馬齢 16頭 本賞金:550,220,140,83,55万円",16,550.0,4,5,10,キタノレガーロ,牝,3,52.0,▲吉村,116.3,5,12,179.9,40.4,3-3-5-5,栗東 坂口,442,-8,
202407020103,2024-08-10,中京,3,3歳未勝利,ダ,1800,左,晴,良,"2回 中京 1日目 サラ系３歳 未勝利       牝[指] 馬齢 16頭 本賞金:550,220,140,83,55万円",16,550.0,5,7,13,クラリオ,牝,3,52.0,▲柴田裕,116.4,1/2,15,392.3,40.2,7-6-7-7,栗東 吉村,442,-10,
202407020103,2024-08-10,中京,3,3歳未勝利,ダ,1800,左,晴,良,"2回 中京 1日目 サラ系３歳 未勝利       牝[指] 馬齢 16頭 本賞金:550,220,140,83,55万円",16,550.0,6,5,9,ピエナフェリーチェ,牝,3,54.0,☆角田和,116.9,3,8,65.0,41.0,5-5-5-5,栗東 飯田,418,-1,
202407020103,2024-08-10,中京,3,3歳未勝利,ダ,1800,左,晴,良,"2回 中京 1日目 サラ系３歳 未勝利       牝[指] 馬齢 16頭 本賞金:550,220,140,83,55万円",16,550.0,7,1,1,トルタディメーレ,牝,3,55.0,Ｍデム,117.1,1,6,27.3,40.3,15-14-11-11,栗東 橋口,470,8,
202407020103,2024-08-10,中京,3,3歳未勝利,ダ,1800,左,晴,良,"2回 中京 1日目 サラ系３歳 未勝利       牝[指] 馬齢 16頭 本賞金:550,220,140,83,55万円",16,550.0,8,8,15,エデュース,牝,3,55.0,幸,117.2,3/4,10,109.3,41.0,10-9-7-8,栗東 牧浦,456,-4,
202407020103,2024-08-10,中京,3,3歳未勝利,ダ,1800,左,晴,良,"2回 中京 1日目 サラ系３歳 未勝利       牝[指] 馬齢 16頭 本賞金:550,220,140,83,55万円",16,550.0,9,6,12,ナムラリーナ,牝,3,55.0,和田竜,117.3,1/2,5,12.5,41.8,3-2-3-3,栗東 川村,484,0,
202407020103,2024-08-10,中京,3,3歳未勝利,ダ,1800,左,晴,良,"2回 中京 1日目 サラ系３歳 未勝利       牝[指] 馬齢 16頭 本賞金:550,220,140,83,55万円",16,550.0,10,3,5,フィールアライヴ,牝,3,55.0,太宰,117.5,1.1/4,14,323.9,40.5,12-13-12-12,栗東 高橋亮,412,-8,
202407020103,2024-08-10,中京,3,3歳未勝利,ダ,1800,左,晴,良,"2回 中京 1日目 サラ系３歳 未勝利       牝[指] 馬齢 16頭 本賞金:550,220,140,83,55万円",16,550.0,11,1,2,ピケアラベスク,牝,3,55.0,川須,118.4,5,11,148.1,41.8,6-6-9-9,栗東 吉岡,468,4,
202407020103,2024-08-10,中京,3,3歳未勝利,ダ,1800,左,晴,良,"2回 中京 1日目 サラ系３歳 未勝利       牝[指] 馬齢 16頭 本賞金:550,220,140,83,55万円",16,550.0,12,8,16,ルージュロンサール,牝,3,54.0,☆小沢,118.5,1/2,7,64.9,40.7,14-14-13-13,栗東 高橋忠,452,8,
202407020103,2024-08-10,中京,3,3歳未勝利,ダ,1800,左,晴,良,"2回 中京 1日目 サラ系３歳 未勝利       牝[指] 馬齢 16頭 本賞金:550,220,140,83,55万円",16,550.0,13,3,6,ヤマカツパルフェ,牝,3,51.0,★河原田,118.8,1.1/2,13,184.9,42.2,9-9-9-9,栗東 谷,448,8,
202407020103,2024-08-10,中京,3,3歳未勝利,ダ,1800,左,晴,良,"2回 中京 1日目 サラ系３歳 未勝利       牝[指] 馬齢 16頭 本賞金:550,220,140,83,55万円",16,550.0,14,2,3,エリカルツェルン,牝,3,55.0,中井,121.4,大,9,96.0,42.9,16-16-15-14,栗東 安田,454,0,
202407020103,2024-08-10,中京,3,3歳未勝利,ダ,1800,左,晴,良,"2回 中京 1日目 サラ系３歳 未勝利       牝[指] 馬齢 16頭 本賞金:550,220,140,83,55万円",16,550.0,15,2,4,ケルンピュール,牝,3,55.0,小崎,123.2,大,16,451.1,45.0,7-9-14-15,栗東 小崎,442,-6,
202407020103,2024-08-10,中京,3,3歳未勝利,ダ,1800,左,晴,良,"2回 中京 1日目 サラ系３歳 未勝利       牝[指] 馬齢 16頭 本賞金:550,220,140,83,55万円",16,550.0,,4,8,ビターメサイア,牝,3,55.0,酒井,,,1,2.1,,2-3,栗東 坂口,480,2,中止
202407020104,2024-08-10,中京,4,3歳以上障害OP,障,3300,,晴,良,"2回 中京 1日目 障害３歳以上 オープン       (混) 別定 6頭 本賞金:1350,540,340,200,135万円",6,1350.0,1,3,3,テイエムタツマキ,牡,6,60.0,田村,216.3,,2,3.5,13.1,3-3-3-2,栗東 武英,506,-4,
202407020104,2024-08-10,中京,4,3歳以上障害OP,障,3300,,晴,良,"2回 中京 1日目 障害３歳以上 オープン       (混) 別定 6頭 本賞金:1350,540,340,200,135万円",6,1350.0,2,5,5,ハーツシンフォニー,セ,7,60.0,石神深,216.3,クビ,3,5.0,13.1,5-5-3-4,美浦 辻,480,6,
202407020104,2024-08-10,中京,4,3歳以上障害OP,障,3300,,晴,良,"2回 中京 1日目 障害３歳以上 オープン       (混) 別定 6頭 本賞金:1350,540,340,200,135万円",6,1350.0,3,2,2,イクスプロージョン,牡,6,60.0,小牧加,216.8,3,1,1.6,13.1,2-2-2-2,栗東 杉山晴,482,12,
202407020104,2024-08-10,中京,4,3歳以上障害OP,障,3300,,晴,良,"2回 中京 1日目 障害３歳以上 オープン       (混) 別定 6頭 本賞金:1350,540,340,200,135万円",6,1350.0,4,6,6,ラジェドール,セ,6,60.0,大江圭,217.2,2.1/2,4,14.9,13.2,1-1-1-1,美浦 小笠,496,0,
202407020104,2024-08-10,中京,4,3歳以上障害OP,障,3300,,晴,良,"2回 中京 1日目 障害３歳以上 オープン       (混) 別定 6頭 本賞金:1350,540,340,200,135万円",6,1350.0,5,4,4,ギガバッケン,セ,9,62.0,伴,218.2,6,5,20.5,13.2,3-4-5-6,美浦 岩戸,536,2,
202407020104,2024-08-10,中京,4,3歳以上障害OP,障,3300,,晴,良,"2回 中京 1日目 障害３歳以上 オープン       (混) 別定 6頭 本賞金:1350,540,340,200,135万円",6,1350.0,6,1,1,フロールシュタット,牡,5,60.0,草野,218.3,3/4,6,23.0,13.2,6-6-6-5,美浦 戸田,470,-2,
202407020105,2024-08-10,中京,5,2歳新馬,芝,1200,左,晴,良,"2回 中京 1日目 サラ系２歳 新馬       (混)[指] 馬齢 14頭 本賞金:720,290,180,110,72万円",14,720.0,1,7,12,エイシンワンド,牡,2,55.0,幸,69.2,,1,2.8,33.5,2-2,栗東 大久保,466,0,
202407020105,2024-08-10,中京,5,2歳新馬,芝,1200,左,晴,良,"2回 中京 1日目 サラ系２歳 新馬       (混)[指] 馬齢 14頭 本賞金:720,290,180,110,72万円",14,720.0,2,4,5,クラスペディア,牡,2,55.0,小崎,69.4,1.1/4,9,18.5,33.9,1-1,栗東 河嶋,490,0,
202407020105,2024-08-10,中京,5,2歳新馬,芝,1200,左,晴,良,"2回 中京 1日目 サラ系２歳 新馬       (混)[指] 馬齢 14頭 本賞金:720,290,180,110,72万円",14,720.0,3,6,10,ハイファイスピード,牝,2,55.0,国分恭,70.4,6,7,13.6,34.1,10-9,栗東 宮本,446,0,
202407020105,2024-08-10,中京,5,2歳新馬,芝,1200,左,晴,良,"2回 中京 1日目 サラ系２歳 新馬       (混)[指] 馬齢 14頭 本賞金:720,290,180,110,72万円",14,720.0,4,3,4,アメリータ,牝,2,55.0,坂井,70.4,クビ,6,12.5,34.4,5-5,栗東 今野,422,0,
202407020105,2024-08-10,中京,5,2歳新馬,芝,1200,左,晴,良,"2回 中京 1日目 サラ系２歳 新馬       (混)[指] 馬齢 14頭 本賞金:720,290,180,110,72万円",14,720.0,5,8,14,コスモエンエン,牡,2,53.0,◇永島,70.5,1/2,4,9.1,34.5,5-5,栗東 西園正,460,0,
202407020105,2024-08-10,中京,5,2歳新馬,芝,1200,左,晴,良,"2回 中京 1日目 サラ系２歳 新馬       (混)[指] 馬齢 14頭 本賞金:720,290,180,110,72万円",14,720.0,6,4,6,エニーサンダー,牡,2,55.0,和田竜,71.2,4,10,45.5,35.1,5-5,栗東 高橋一,434,0,
202407020105,2024-08-10,中京,5,2歳新馬,芝,1200,左,晴,良,"2回 中京 1日目 サラ系２歳 新馬       (混)[指] 馬齢 14頭 本賞金:720,290,180,110,72万円",14,720.0,7,5,7,スパイスマン,牡,2,52.0,▲吉村,71.3,1/2,13,105.9,35.0,9-9,栗東 西村,422,0,
202407020105,2024-08-10,中京,5,2歳新馬,芝,1200,左,晴,良,"2回 中京 1日目 サラ系２歳 新馬       (混)[指] 馬齢 14頭 本賞金:720,290,180,110,72万円",14,720.0,8,8,13,ミキノバカラ,牡,2,51.0,★河原田,71.3,ハナ,11,76.6,35.5,3-3,栗東 大橋,458,0,
202407020105,2024-08-10,中京,5,2歳新馬,芝,1200,左,晴,良,"2回 中京 1日目 サラ系２歳 新馬       (混)[指] 馬齢 14頭 本賞金:720,290,180,110,72万円",14,720.0,9,3,3,ゼンダンタカ,牝,2,54.0,☆角田和,71.3,クビ,3,6.2,35.5,3-3,栗東 角田,432,0,
202407020105,2024-08-10,中京,5,2歳新馬,芝,1200,左,晴,良,"2回 中京 1日目 サラ系２歳 新馬       (混)[指] 馬齢 14頭 本賞金:720,290,180,110,72万円",14,720.0,10,2,2,ナムラピノコ,牝,2,52.0,▲柴田裕,71.4,クビ,2,5.3,34.8,10-12,栗東 鈴木孝,436,0,
202407020105,2024-08-10,中京,5,2歳新馬,芝,1200,左,晴,良,"2回 中京 1日目 サラ系２歳 新馬       (混)[指] 馬齢 14頭 本賞金:720,290,180,110,72万円",14,720.0,11,6,9,アニラ,牝,2,55.0,西村淳,71.6,1.1/4,5,10.1,35.6,5-5,栗東 松下,436,0,
202407020105,2024-08-10,中京,5,2歳新馬,芝,1200,左,晴,良,"2回 中京 1日目 サラ系２歳 新馬       (混)[指] 馬齢 14頭 本賞金:720,290,180,110,72万円",14,720.0,12,7,11,テイケイウル,牝,2,55.0,酒井,71.9,1.3/4,14,237.8,35.4,10-11,栗東 大橋,440,0,
202407020105,2024-08-10,中京,5,2歳新馬,芝,1200,左,晴,良,"2回 中京 1日目 サラ系２歳 新馬       (混)[指] 馬齢 14頭 本賞金:720,290,180,110,72万円",14,720.0,13,1,1,サファリ,牡,2,55.0,松山,72.9,6,8,13.8,35.0,13-13,栗東 浜田,462,0,
202407020105,2024-08-10,中京,5,2歳新馬,芝,1200,左,晴,良,"2回 中京 1日目 サラ系２歳 新馬       (混)[指] 馬齢 14頭 本賞金:720,290,180,110,72万円",14,720.0,14,5,8,クイーンズグリーン,牝,2,55.0,城戸,72.9,クビ,12,97.6,35.1,13-13,栗東 奥村豊,452,0,
202407020106,2024-08-10,中京,6,3歳未勝利,ダ,1800,左,晴,良,"2回 中京 1日目 サラ系３歳 未勝利       (混)[指] 馬齢 16頭 本賞金:550,220,140,83,55万円",16,550.0,1,7,14,エノラブエナ,牡,3,57.0,松山,114.0,,4,6.9,38.2,6-5-4-4,栗東 上村,532,0,
202407020106,2024-08-10,中京,6,3歳未勝利,ダ,1800,左,晴,良,"2回 中京 1日目 サラ系３歳 未勝利       (混)[指] 馬齢 16頭 本賞金:550,220,140,83,55万円",16,550.0,2,3,6,ワーキングアセット,牡,3,57.0,川田,114.2,1.1/4,1,2.7,38.1,15-12-7-6,栗東 吉村,472,-2,
202407020106,2024-08-10,中京,6,3歳未勝利,ダ,1800,左,晴,良,"2回 中京 1日目 サラ系３歳 未勝利       (混)[指] 馬齢 16頭 本賞金:550,220,140,83,55万円",16,550.0,3,7,13,メイショウオオコ,牡,3,57.0,団野,114.9,4,3,4.5,38.5,16-16-11-7,栗東 荒川,472,8,
202407020106,2024-08-10,中京,6,3歳未勝利,ダ,1800,左,晴,良,"2回 中京 1日目 サラ系３歳 未勝利       (混)[指] 馬齢 16頭 本賞金:550,220,140,83,55万円",16,550.0,4,4,8,ビップライアン,牡,3,57.0,川須,115.5,3.1/2,14,192.5,39.7,6-5-4-4,栗東 小椋,494,-5,
202407020106,2024-08-10,中京,6,3歳未勝利,ダ,1800,左,晴,良,"2回 中京 1日目 サラ系３歳 未勝利       (混)[指] 馬齢 16頭 本賞金:550,220,140,83,55万円",16,550.0,5,2,3,バンドエース,セ,3,54.0,▲吉村,115.8,1.3/4,10,61.0,40.3,1-1-1-1,栗東 石坂,530,-16,
202407020106,2024-08-10,中京,6,3歳未勝利,ダ,1800,左,晴,良,"2回 中京 1日目 サラ系３歳 未勝利       (混)[指] 馬齢 16頭 本賞金:550,220,140,83,55万円",16,550.0,6,4,7,ルクスソレイユ,牡,3,57.0,Ｍデム,116.2,2.1/2,5,9.2,40.1,12-11-7-7,栗東 大久保,472,-6,
202407020106,2024-08-10,中京,6,3歳未勝利,ダ,1800,左,晴,良,"2回 中京 1日目 サラ系３歳 未勝利       (混)[指] 馬齢 16頭 本賞金:550,220,140,83,55万円",16,550.0,7,3,5,メイショウアラジン,牡,3,57.0,坂井,116.6,2.1/2,2,3.9,41.1,2-2-2-2,栗東 石橋,500,-18,
202407020106,2024-08-10,中京,6,3歳未勝利,ダ,1800,左,晴,良,"2回 中京 1日目 サラ系３歳 未勝利       (混)[指] 馬齢 16頭 本賞金:550,220,140,83,55万円",16,550.0,8,8,15,ジューンバタフライ,牝,3,55.0,酒井,116.7,3/4,11,64.7,40.1,11-12-13-13,栗東 飯田,460,-14,
202407020106,2024-08-10,中京,6,3歳未勝利,ダ,1800,左,晴,良,"2回 中京 1日目 サラ系３歳 未勝利       (混)[指] 馬齢 16頭 本賞金:550,220,140,83,55万円",16,550.0,9,6,11,フルオブサクセス,牡,3,55.0,◇永島,117.2,3,6,29.0,40.7,12-12-13-14,栗東 須貝,520,4,
202407020106,2024-08-10,中京,6,3歳未勝利,ダ,1800,左,晴,良,"2回 中京 1日目 サラ系３歳 未勝利       (混)[指] 馬齢 16頭 本賞金:550,220,140,83,55万円",16,550.0,10,8,16,ボンジーア,牝,3,52.0,▲柴田裕,117.4,1.1/2,16,557.5,41.1,9-9-11-11,栗東 茶木,420,2,
202407020106,2024-08-10,中京,6,3歳未勝利,ダ,1800,左,晴,良,"2回 中京 1日目 サラ系３歳 未勝利       (混)[指] 馬齢 16頭 本賞金:550,220,140,83,55万円",16,550.0,11,1,2,ソーラーシステム,牡,3,57.0,城戸,117.5,1/2,15,528.7,41.3,9-9-10-10,栗東 鈴木孝,496,2,
202407020106,2024-08-10,中京,6,3歳未勝利,ダ,1800,左,晴,良,"2回 中京 1日目 サラ系３歳 未勝利       (混)[指] 馬齢 16頭 本賞金:550,220,140,83,55万円",16,550.0,12,5,10,ハートストロング,セ,3,56.0,☆角田和,117.7,3/4,12,77.4,40.8,12-15-15-14,栗東 笹田,402,-2,
202407020106,2024-08-10,中京,6,3歳未勝利,ダ,1800,左,晴,良,"2回 中京 1日目 サラ系３歳 未勝利       (混)[指] 馬齢 16頭 本賞金:550,220,140,83,55万円",16,550.0,13,6,12,クリノオデッセイ,牡,3,57.0,国分優,117.7,ハナ,9,57.8,42.1,4-3-2-3,栗東 坂口,464,0,
202407020106,2024-08-10,中京,6,3歳未勝利,ダ,1800,左,晴,良,"2回 中京 1日目 サラ系３歳 未勝利       (混)[指] 馬齢 16頭 本賞金:550,220,140,83,55万円",16,550.0,14,1,1,カチドキ,牡,3,56.0,☆小沢,118.7,6,7,40.3,42.6,8-8-7-11,栗東 橋口,516,-6,
202407020106,2024-08-10,中京,6,3歳未勝利,ダ,1800,左,晴,良,"2回 中京 1日目 サラ系３歳 未勝利       (混)[指] 馬齢 16頭 本賞金:550,220,140,83,55万円",16,550.0,15,2,4,ピンクイーグル,牡,3,57.0,和田竜,119.6,5,13,82.0,42.2,4-5-16-16,栗東 森秀,502,0,
202407020106,2024-08-10,中京,6,3歳未勝利,ダ,1800,左,晴,良,"2回 中京 1日目 サラ系３歳 未勝利       (混)[指] 馬齢 16頭 本賞金:550,220,140,83,55万円",16,550.0,16,5,9,ビスクウィザード,牡,3,57.0,西村淳,120.3,4,8,57.6,44.4,3-3-6-7,栗東 高柳大,548,-3,
202407020107,2024-08-10,中京,7,3歳未勝利,芝,1200,左,晴,良,"2回 中京 1日目 サラ系３歳 未勝利       (混)[指] 馬齢 18頭 本賞金:550,220,140,83,55万円",18,550.0,1,6,12,アイルドリアン,牝,3,52.0,▲吉村,68.2,,5,10.9,34.2,1-1,栗東 音無,500,-8,
202407020107,2024-08-10,中京,7,3歳未勝利,芝,1200,左,晴,良,"2回 中京 1日目 サラ系３歳 未勝利       (混)[指] 馬齢 18頭 本賞金:550,220,140,83,55万円",18,550.0,2,5,10,ディーエストッキー,牡,3,57.0,松山,68.4,1.1/4,3,4.6,33.8,7-6,栗東 橋口,448,0,
202407020107,2024-08-10,中京,7,3歳未勝利,芝,1200,左,晴,良,"2回 中京 1日目 サラ系３歳 未勝利       (混)[指] 馬齢 18頭 本賞金:550,220,140,83,55万円",18,550.0,3,2,4,ショウナンマリン,牝,3,52.0,▲橋木,68.4,クビ,8,24.1,34.1,3-4,栗東 西園正,448,6,
202407020107,2024-08-10,中京,7,3歳未勝利,芝,1200,左,晴,良,"2回 中京 1日目 サラ系３歳 未勝利       (混)[指] 馬齢 18頭 本賞金:550,220,140,83,55万円",18,550.0,4,1,2,メイショウソニック,牡,3,57.0,西村淳,68.4,アタマ,2,3.6,33.7,10-9,栗東 石橋,462,4,
202407020107,2024-08-10,中京,7,3歳未勝利,芝,1200,左,晴,良,"2回 中京 1日目 サラ系３歳 未勝利       (混)[指] 馬齢 18頭 本賞金:550,220,140,83,55万円",18,550.0,5,7,15,リプレット,牝,3,54.0,☆小沢,68.6,1.1/4,9,49.1,34.1,6-6,栗東 飯田,400,-2,
202407020107,2024-08-10,中京,7,3歳未勝利,芝,1200,左,晴,良,"2回 中京 1日目 サラ系３歳 未勝利       (混)[指] 馬齢 18頭 本賞金:550,220,140,83,55万円",18,550.0,6,3,6,タマモブリリオ,牡,3,57.0,幸,68.7,3/4,1,3.2,34.2,7-6,栗東 藤岡,490,-2,
202407020107,2024-08-10,中京,7,3歳未勝利,芝,1200,左,晴,良,"2回 中京 1日目 サラ系３歳 未勝利       (混)[指] 馬齢 18頭 本賞金:550,220,140,83,55万円",18,550.0,7,4,7,バラン,牝,3,53.0,◇永島,68.8,1/2,7,22.3,33.3,13-14,栗東 中竹,428,0,
202407020107,2024-08-10,中京,7,3歳未勝利,芝,1200,左,晴,良,"2回 中京 1日目 サラ系３歳 未勝利       (混)[指] 馬齢 18頭 本賞金:550,220,140,83,55万円",18,550.0,8,8,16,アーバンエア,牡,3,57.0,坂井,68.8,クビ,4,9.3,34.6,3-2,栗東 吉岡,532,-12,
202407020107,2024-08-10,中京,7,3歳未勝利,芝,1200,左,晴,良,"2回 中京 1日目 サラ系３歳 未勝利       (混)[指] 馬齢 18頭 本賞金:550,220,140,83,55万円",18,550.0,9,4,8,サウンドヴェール,牝,3,55.0,太宰,68.9,クビ,14,134.7,33.6,14-13,栗東 安達,468,-10,
202407020107,2024-08-10,中京,7,3歳未勝利,芝,1200,左,晴,良,"2回 中京 1日目 サラ系３歳 未勝利       (混)[指] 馬齢 18頭 本賞金:550,220,140,83,55万円",18,550.0,10,8,17,レオナルドスター,牡,3,57.0,和田竜,69.1,1.1/4,10,52.7,34.4,9-9,栗東 長谷川,458,6,
202407020107,2024-08-10,中京,7,3歳未勝利,芝,1200,左,晴,良,"2回 中京 1日目 サラ系３歳 未勝利       (混)[指] 馬齢 18頭 本賞金:550,220,140,83,55万円",18,550.0,11,5,9,チェリアーナ,牡,3,56.0,☆松本,69.1,ハナ,13,124.9,34.2,10-11,栗東 中竹,508,-10,
202407020107,2024-08-10,中京,7,3歳未勝利,芝,1200,左,晴,良,"2回 中京 1日目 サラ系３歳 未勝利       (混)[指] 馬齢 18頭 本賞金:550,220,140,83,55万円",18,550.0,12,7,14,レディーズナイト,牝,3,55.0,団野,69.4,1.3/4,6,13.1,35.3,2-2,栗東 鮫島,456,0,
202407020107,2024-08-10,中京,7,3歳未勝利,芝,1200,左,晴,良,"2回 中京 1日目 サラ系３歳 未勝利       (混)[指] 馬齢 18頭 本賞金:550,220,140,83,55万円",18,550.0,13,3,5,アルムラジャスタン,牝,3,55.0,藤懸,69.6,1,12,95.5,34.6,12-12,栗東 平田,466,-8,
202407020107,2024-08-10,中京,7,3歳未勝利,芝,1200,左,晴,良,"2回 中京 1日目 サラ系３歳 未勝利       (混)[指] 馬齢 18頭 本賞金:550,220,140,83,55万円",18,550.0,14,1,1,フリーセント,牝,3,55.0,城戸,70.2,3.1/2,16,377.7,35.9,3-4,栗東 羽月,462,10,
202407020107,2024-08-10,中京,7,3歳未勝利,芝,1200,左,晴,良,"2回 中京 1日目 サラ系３歳 未勝利       (混)[指] 馬齢 18頭 本賞金:550,220,140,83,55万円",18,550.0,15,6,11,ビッグアンサー,牡,3,57.0,小崎,70.9,4,15,359.5,35.0,15-15,栗東 牧田,496,-6,
202407020107,2024-08-10,中京,7,3歳未勝利,芝,1200,左,晴,良,"2回 中京 1日目 サラ系３歳 未勝利       (混)[指] 馬齢 18頭 本賞金:550,220,140,83,55万円",18,550.0,16,7,13,プティエル,牝,3,52.0,▲柴田裕,71.5,3.1/2,17,422.4,35.6,15-15,栗東 鮫島,344,0,
202407020107,2024-08-10,中京,7,3歳未勝利,芝,1200,左,晴,良,"2回 中京 1日目 サラ系３歳 未勝利       (混)[指] 馬齢 18頭 本賞金:550,220,140,83,55万円",18,550.0,17,2,3,プティサンティーユ,牝,3,52.0,▲鷲頭,73.8,大,18,598.0,37.3,17-17,栗東 本田,370,-6,
202407020107,2024-08-10,中京,7,3歳未勝利,芝,1200,左,晴,良,"2回 中京 1日目 サラ系３歳 未勝利       (混)[指] 馬齢 18頭 本賞金:550,220,140,83,55万円",18,550.0,,8,18,キープライジング,牝,3,55.0,Ｍデム,,,11,74.0,,,栗東 緒方,458,-2,中止
202407020108,2024-08-10,中京,8,3歳以上1勝クラス,ダ,1800,左,晴,良,"2回 中京 1日目 サラ系３歳以上 １勝クラス       (混)[指] 定量 15頭 本賞金:800,320,200,120,80万円",15,800.0,1,5,9,デルマアートマン,セ,3,55.0,小崎,112.5,,4,8.3,38.2,2-2-2-2,栗東 友道,472,-4,
202407020108,2024-08-10,中京,8,3歳以上1勝クラス,ダ,1800,左,晴,良,"2回 中京 1日目 サラ系３歳以上 １勝クラス       (混)[指] 定量 15頭 本賞金:800,320,200,120,80万円",15,800.0,2,7,13,ジョータルマエ,セ,4,58.0,鮫島良,113.0,3,5,13.4,38.8,1-1-1-1,栗東 河嶋,484,0,
202407020108,2024-08-10,中京,8,3歳以上1勝クラス,ダ,1800,左,晴,良,"2回 中京 1日目 サラ系３歳以上 １勝クラス       (混)[指] 定量 15頭 本賞金:800,320,200,120,80万円",15,800.0,3,8,14,オペラプラージュ,牡,3,55.0,川田,113.1,アタマ,2,3.0,37.9,5-6-5-6,栗東 新谷,504,8,
202407020108,2024-08-10,中京,8,3歳以上1勝クラス,ダ,1800,左,晴,良,"2回 中京 1日目 サラ系３歳以上 １勝クラス       (混)[指] 定量 15頭 本賞金:800,320,200,120,80万円",15,800.0,4,4,6,エアフォースワン,牡,5,58.0,幸,113.3,1.1/4,7,20.6,37.8,13-14-9-8,栗東 大根田,478,-4,
202407020108,2024-08-10,中京,8,3歳以上1勝クラス,ダ,1800,左,晴,良,"2回 中京 1日目 サラ系３歳以上 １勝クラス       (混)[指] 定量 15頭 本賞金:800,320,200,120,80万円",15,800.0,5,6,11,ヒロノラメール,牡,3,55.0,和田竜,113.6,1.3/4,3,6.3,39.1,3-3-3-3,栗東 川村,468,-6,
202407020108,2024-08-10,中京,8,3歳以上1勝クラス,ダ,1800,左,晴,良,"2回 中京 1日目 サラ系３歳以上 １勝クラス       (混)[指] 定量 15頭 本賞金:800,320,200,120,80万円",15,800.0,6,5,8,ティンティンデオ,牡,3,52.0,▲吉村,114.0,2.1/2,6,15.3,38.7,9-9-7-6,栗東 小崎,484,8,
202407020108,2024-08-10,中京,8,3歳以上1勝クラス,ダ,1800,左,晴,良,"2回 中京 1日目 サラ系３歳以上 １勝クラス       (混)[指] 定量 15頭 本賞金:800,320,200,120,80万円",15,800.0,7,3,5,ペプチドヒナタ,牡,3,54.0,☆小沢,114.0,アタマ,10,53.0,39.5,3-3-3-3,栗東 武英,476,2,
202407020108,2024-08-10,中京,8,3歳以上1勝クラス,ダ,1800,左,晴,良,"2回 中京 1日目 サラ系３歳以上 １勝クラス       (混)[指] 定量 15頭 本賞金:800,320,200,120,80万円",15,800.0,8,7,12,グルーヴビート,牡,6,58.0,団野,114.0,ハナ,11,54.7,38.6,11-11-7-8,栗東 中村,482,-2,
202407020108,2024-08-10,中京,8,3歳以上1勝クラス,ダ,1800,左,晴,良,"2回 中京 1日目 サラ系３歳以上 １勝クラス       (混)[指] 定量 15頭 本賞金:800,320,200,120,80万円",15,800.0,9,2,3,メイショウクーガー,牡,4,58.0,中井,114.2,1.1/4,1,2.9,39.0,10-9-5-5,栗東 中内田,480,2,
202407020108,2024-08-10,中京,8,3歳以上1勝クラス,ダ,1800,左,晴,良,"2回 中京 1日目 サラ系３歳以上 １勝クラス       (混)[指] 定量 15頭 本賞金:800,320,200,120,80万円",15,800.0,10,6,10,マリオンエール,牝,6,56.0,国分恭,114.7,3,13,142.4,38.1,15-15-13-13,栗東 安達,478,-4,
202407020108,2024-08-10,中京,8,3歳以上1勝クラス,ダ,1800,左,晴,良,"2回 中京 1日目 サラ系３歳以上 １勝クラス       (混)[指] 定量 15頭 本賞金:800,320,200,120,80万円",15,800.0,11,2,2,クロダブシ,牡,3,52.0,▲柴田裕,114.9,3/4,14,178.3,39.2,7-7-10-10,栗東 松永幹,456,4,
202407020108,2024-08-10,中京,8,3歳以上1勝クラス,ダ,1800,左,晴,良,"2回 中京 1日目 サラ系３歳以上 １勝クラス       (混)[指] 定量 15頭 本賞金:800,320,200,120,80万円",15,800.0,12,4,7,カールスタード,牡,3,55.0,西村淳,114.9,クビ,9,41.9,39.2,5-5-10-10,栗東 吉岡,490,0,
202407020108,2024-08-10,中京,8,3歳以上1勝クラス,ダ,1800,左,晴,良,"2回 中京 1日目 サラ系３歳以上 １勝クラス       (混)[指] 定量 15頭 本賞金:800,320,200,120,80万円",15,800.0,13,3,4,アマートカヴァロ,牡,4,57.0,☆角田和,115.7,5,15,192.2,39.9,13-11-12-12,栗東 笹田,474,-4,
202407020108,2024-08-10,中京,8,3歳以上1勝クラス,ダ,1800,左,晴,良,"2回 中京 1日目 サラ系３歳以上 １勝クラス       (混)[指] 定量 15頭 本賞金:800,320,200,120,80万円",15,800.0,14,8,15,ツリーフロッグ,牡,3,55.0,高田,116.6,5,12,79.3,39.8,11-11-14-14,栗東 辻野,498,2,
202407020108,2024-08-10,中京,8,3歳以上1勝クラス,ダ,1800,左,晴,良,"2回 中京 1日目 サラ系３歳以上 １勝クラス       (混)[指] 定量 15頭 本賞金:800,320,200,120,80万円",15,800.0,15,1,1,ヴィアダクト,牡,3,55.0,松山,118.1,9,8,31.6,41.2,7-7-14-15,栗東 吉村,528,8,
202407020109,2024-08-10,中京,9,木曽川特別,芝,2000,左,晴,良,"2回 中京 1日目 サラ系３歳以上 ２勝クラス       (混)(特指) 定量 11頭 本賞金:1550,620,390,230,155万円",11,1550.0,1,1,1,ミタマ,牝,4,56.0,松山,118.6,,3,5.1,34.6,3-3-4-3,栗東 上村,480,0,
202407020109,2024-08-10,中京,9,木曽川特別,芝,2000,左,晴,良,"2回 中京 1日目 サラ系３歳以上 ２勝クラス       (混)(特指) 定量 11頭 本賞金:1550,620,390,230,155万円",11,1550.0,2,8,11,ヤマニンループ,牡,5,58.0,Ｍデム,118.7,クビ,8,26.6,34.6,3-3-4-5,栗東 松永幹,442,0,
202407020109,2024-08-10,中京,9,木曽川特別,芝,2000,左,晴,良,"2回 中京 1日目 サラ系３歳以上 ２勝クラス       (混)(特指) 定量 11頭 本賞金:1550,620,390,230,155万円",11,1550.0,3,7,9,エンタングルメント,牝,5,56.0,幸,119.2,3,6,19.7,35.6,1-1-1-1,栗東 昆,518,4,
202407020109,2024-08-10,中京,9,木曽川特別,芝,2000,左,晴,良,"2回 中京 1日目 サラ系３歳以上 ２勝クラス       (混)(特指) 定量 11頭 本賞金:1550,620,390,230,155万円",11,1550.0,4,5,5,レゾンドゥスリール,セ,6,58.0,西村淳,119.2,クビ,7,26.5,34.9,5-5-7-6,栗東 辻野,450,-4,
202407020109,2024-08-10,中京,9,木曽川特別,芝,2000,左,晴,良,"2回 中京 1日目 サラ系３歳以上 ２勝クラス       (混)(特指) 定量 11頭 本賞金:1550,620,390,230,155万円",11,1550.0,5,7,8,アイザックバローズ,牡,4,58.0,坂井,119.3,1/2,2,3.8,34.8,9-9-9-9,栗東 友道,474,0,
202407020109,2024-08-10,中京,9,木曽川特別,芝,2000,左,晴,良,"2回 中京 1日目 サラ系３歳以上 ２勝クラス       (混)(特指) 定量 11頭 本賞金:1550,620,390,230,155万円",11,1550.0,6,8,10,ローレルキャニオン,牡,4,58.0,川田,119.4,クビ,1,2.3,35.4,8-8-2-3,栗東 須貝,568,0,
202407020109,2024-08-10,中京,9,木曽川特別,芝,2000,左,晴,良,"2回 中京 1日目 サラ系３歳以上 ２勝クラス       (混)(特指) 定量 11頭 本賞金:1550,620,390,230,155万円",11,1550.0,7,3,3,スタティスティクス,牝,5,56.0,和田竜,119.5,1/2,4,8.9,35.2,5-5-7-6,栗東 石坂,446,6,
202407020109,2024-08-10,中京,9,木曽川特別,芝,2000,左,晴,良,"2回 中京 1日目 サラ系３歳以上 ２勝クラス       (混)(特指) 定量 11頭 本賞金:1550,620,390,230,155万円",11,1550.0,8,4,4,サクセスドレーク,牡,5,58.0,小沢,119.5,クビ,5,14.1,34.9,9-9-9-9,栗東 野中,506,6,
202407020109,2024-08-10,中京,9,木曽川特別,芝,2000,左,晴,良,"2回 中京 1日目 サラ系３歳以上 ２勝クラス       (混)(特指) 定量 11頭 本賞金:1550,620,390,230,155万円",11,1550.0,9,6,6,カフジアスール,牡,6,58.0,柴田裕,119.7,1.1/4,9,30.0,34.5,11-11-11-11,栗東 中竹,480,0,
202407020109,2024-08-10,中京,9,木曽川特別,芝,2000,左,晴,良,"2回 中京 1日目 サラ系３歳以上 ２勝クラス       (混)(特指) 定量 11頭 本賞金:1550,620,390,230,155万円",11,1550.0,10,2,2,テリオスマナ,牝,6,56.0,藤懸,120.3,3.1/2,10,30.0,36.4,2-2-2-2,栗東 松下,466,-8,
202407020109,2024-08-10,中京,9,木曽川特別,芝,2000,左,晴,良,"2回 中京 1日目 サラ系３歳以上 ２勝クラス       (混)(特指) 定量 11頭 本賞金:1550,620,390,230,155万円",11,1550.0,11,6,7,ヒルノエドワード,牡,7,58.0,太宰,120.6,2,11,270.6,36.3,5-5-6-6,栗東 昆,472,-12,
202407020110,2024-08-10,中京,10,日進特別,ダ,1800,左,晴,良,"2回 中京 1日目 サラ系３歳以上 ２勝クラス       (混)[指] 定量 16頭 本賞金:1550,620,390,230,155万円",16,1550.0,1,4,8,サンマルパトロール,牡,4,58.0,Ｍデム,113.2,,2,5.7,37.3,14-14-8-7,栗東 大橋,480,-2,
202407020110,2024-08-10,中京,10,日進特別,ダ,1800,左,晴,良,"2回 中京 1日目 サラ系３歳以上 ２勝クラス       (混)[指] 定量 16頭 本賞金:1550,620,390,230,155万円",16,1550.0,2,6,11,ムジェロ,牡,4,58.0,角田和,113.3,クビ,3,6.3,37.9,7-6-2-1,栗東 藤原,500,-12,
202407020110,2024-08-10,中京,10,日進特別,ダ,1800,左,晴,良,"2回 中京 1日目 サラ系３歳以上 ２勝クラス       (混)[指] 定量 16頭 本賞金:1550,620,390,230,155万円",16,1550.0,3,6,12,メイトースイ,牡,4,58.0,幸,113.7,2.1/2,9,22.8,38.1,10-9-4-4,栗東 羽月,426,0,
202407020110,2024-08-10,中京,10,日進特別,ダ,1800,左,晴,良,"2回 中京 1日目 サラ系３歳以上 ２勝クラス       (混)[指] 定量 16頭 本賞金:1550,620,390,230,155万円",16,1550.0,4,1,1,ジョウショーパワー,牡,4,58.0,和田竜,113.7,ハナ,10,26.9,38.1,4-2-4-4,栗東 中尾,470,8,
202407020110,2024-08-10,中京,10,日進特別,ダ,1800,左,晴,良,"2回 中京 1日目 サラ系３歳以上 ２勝クラス       (混)[指] 定量 16頭 本賞金:1550,620,390,230,155万円",16,1550.0,5,7,13,トクシースタローン,牡,5,58.0,川田,113.8,1/2,1,3.0,36.7,15-15-14-14,美浦 辻,506,4,
202407020110,2024-08-10,中京,10,日進特別,ダ,1800,左,晴,良,"2回 中京 1日目 サラ系３歳以上 ２勝クラス       (混)[指] 定量 16頭 本賞金:1550,620,390,230,155万円",16,1550.0,6,2,4,タイガースパーク,牡,4,58.0,国分優,113.9,3/4,7,12.5,38.0,6-5-8-7,栗東 大橋,448,-10,
202407020110,2024-08-10,中京,10,日進特別,ダ,1800,左,晴,良,"2回 中京 1日目 サラ系３歳以上 ２勝クラス       (混)[指] 定量 16頭 本賞金:1550,620,390,230,155万円",16,1550.0,7,1,2,インペリアルライン,セ,5,58.0,吉村,114.2,1.3/4,15,174.1,37.7,12-13-13-13,美浦 中舘,478,4,
202407020110,2024-08-10,中京,10,日進特別,ダ,1800,左,晴,良,"2回 中京 1日目 サラ系３歳以上 ２勝クラス       (混)[指] 定量 16頭 本賞金:1550,620,390,230,155万円",16,1550.0,8,2,3,クールブロン,牡,4,58.0,団野,114.5,1.3/4,5,10.0,38.5,10-9-10-10,栗東 武幸,522,0,
202407020110,2024-08-10,中京,10,日進特別,ダ,1800,左,晴,良,"2回 中京 1日目 サラ系３歳以上 ２勝クラス       (混)[指] 定量 16頭 本賞金:1550,620,390,230,155万円",16,1550.0,9,5,10,シンリミテス,牡,5,58.0,藤懸,114.9,2.1/2,4,9.5,37.5,16-16-15-15,栗東 大根田,490,-4,
202407020110,2024-08-10,中京,10,日進特別,ダ,1800,左,晴,良,"2回 中京 1日目 サラ系３歳以上 ２勝クラス       (混)[指] 定量 16頭 本賞金:1550,620,390,230,155万円",16,1550.0,10,5,9,タガノアレハンドラ,牝,4,56.0,国分恭,115.1,1,11,38.9,38.9,7-7-11-11,栗東 西園翔,494,2,
202407020110,2024-08-10,中京,10,日進特別,ダ,1800,左,晴,良,"2回 中京 1日目 サラ系３歳以上 ２勝クラス       (混)[指] 定量 16頭 本賞金:1550,620,390,230,155万円",16,1550.0,11,4,7,テイエムシニスター,牡,5,58.0,田中健,115.2,クビ,14,137.4,39.5,4-4-4-7,栗東 木原,508,6,
202407020110,2024-08-10,中京,10,日進特別,ダ,1800,左,晴,良,"2回 中京 1日目 サラ系３歳以上 ２勝クラス       (混)[指] 定量 16頭 本賞金:1550,620,390,230,155万円",16,1550.0,12,3,5,サイモンメガライズ,牡,6,58.0,川須,115.3,3/4,16,405.5,39.0,12-12-11-12,栗東 小林,508,2,
202407020110,2024-08-10,中京,10,日進特別,ダ,1800,左,晴,良,"2回 中京 1日目 サラ系３歳以上 ２勝クラス       (混)[指] 定量 16頭 本賞金:1550,620,390,230,155万円",16,1550.0,13,8,16,メジャークオリティ,牡,5,58.0,小沢,115.4,1/2,12,54.5,40.0,2-2-2-2,栗東 西園正,492,4,
202407020110,2024-08-10,中京,10,日進特別,ダ,1800,左,晴,良,"2回 中京 1日目 サラ系３歳以上 ２勝クラス       (混)[指] 定量 16頭 本賞金:1550,620,390,230,155万円",16,1550.0,14,8,15,サヨノフィールド,牡,5,58.0,酒井,115.5,クビ,8,16.7,40.2,1-1-1-2,美浦 小笠,486,0,
202407020110,2024-08-10,中京,10,日進特別,ダ,1800,左,晴,良,"2回 中京 1日目 サラ系３歳以上 ２勝クラス       (混)[指] 定量 16頭 本賞金:1550,620,390,230,155万円",16,1550.0,15,7,14,プリティユニバンス,牝,7,56.0,泉谷,115.5,ハナ,13,79.2,39.8,9-8-4-4,栗東 村山,466,0,
202407020110,2024-08-10,中京,10,日進特別,ダ,1800,左,晴,良,"2回 中京 1日目 サラ系３歳以上 ２勝クラス       (混)[指] 定量 16頭 本賞金:1550,620,390,230,155万円",16,1550.0,,3,6,ウィズザドリーム,牡,4,58.0,西村淳,,,6,10.6,,2-9,栗東 高野,506,4,中止
202407020111,2024-08-10,中京,11,関ケ原S,芝,2000,左,晴,良,"2回 中京 1日目 サラ系３歳以上 ３勝クラス       (混)[指] ハンデ 9頭 本賞金:1840,740,460,280,184万円",9,1840.0,1,6,6,ドクタードリトル,牡,4,57.0,松山,118.7,,1,2.2,34.9,7-7-5-7,栗東 今野,460,4,
202407020111,2024-08-10,中京,11,関ケ原S,芝,2000,左,晴,良,"2回 中京 1日目 サラ系３歳以上 ３勝クラス       (混)[指] ハンデ 9頭 本賞金:1840,740,460,280,184万円",9,1840.0,2,8,8,ワイドエンペラー,牡,6,57.0,西村淳,119.2,3,3,3.8,35.5,5-5-5-5,栗東 藤岡,500,-2,
202407020111,2024-08-10,中京,11,関ケ原S,芝,2000,左,晴,良,"2回 中京 1日目 サラ系３歳以上 ３勝クラス       (混)[指] ハンデ 9頭 本賞金:1840,740,460,280,184万円",9,1840.0,3,7,7,ブラックシールド,牡,5,53.0,角田和,119.3,3/4,7,32.0,35.8,3-4-4-2,栗東 小栗,460,-4,
202407020111,2024-08-10,中京,11,関ケ原S,芝,2000,左,晴,良,"2回 中京 1日目 サラ系３歳以上 ３勝クラス       (混)[指] ハンデ 9頭 本賞金:1840,740,460,280,184万円",9,1840.0,4,4,4,カランドゥーラ,牡,6,56.0,小崎,119.4,1/2,4,7.6,35.9,8-8-3-2,栗東 福永,486,0,
202407020111,2024-08-10,中京,11,関ケ原S,芝,2000,左,晴,良,"2回 中京 1日目 サラ系３歳以上 ３勝クラス       (混)[指] ハンデ 9頭 本賞金:1840,740,460,280,184万円",9,1840.0,5,5,5,ニホンピロタイズ,牡,6,54.0,酒井,119.6,3/4,5,15.2,35.7,5-5-8-7,栗東 大橋,506,-8,
202407020111,2024-08-10,中京,11,関ケ原S,芝,2000,左,晴,良,"2回 中京 1日目 サラ系３歳以上 ３勝クラス       (混)[指] ハンデ 9頭 本賞金:1840,740,460,280,184万円",9,1840.0,6,1,1,ラスマドレス,牝,5,54.0,団野,119.6,ハナ,2,3.6,36.0,3-3-5-5,栗東 安田,472,2,
202407020111,2024-08-10,中京,11,関ケ原S,芝,2000,左,晴,良,"2回 中京 1日目 サラ系３歳以上 ３勝クラス       (混)[指] ハンデ 9頭 本賞金:1840,740,460,280,184万円",9,1840.0,7,2,2,エターナルヴィテス,牡,8,51.0,永島,120.6,6,6,31.4,37.1,2-2-2-2,美浦 松山,476,0,
202407020111,2024-08-10,中京,11,関ケ原S,芝,2000,左,晴,良,"2回 中京 1日目 サラ系３歳以上 ３勝クラス       (混)[指] ハンデ 9頭 本賞金:1840,740,460,280,184万円",9,1840.0,8,8,9,ハギノメーテル,牝,5,51.0,藤懸,121.2,4,8,42.4,38.0,1-1-1-1,栗東 寺島,482,6,
202407020111,2024-08-10,中京,11,関ケ原S,芝,2000,左,晴,良,"2回 中京 1日目 サラ系３歳以上 ３勝クラス       (混)[指] ハンデ 9頭 本賞金:1840,740,460,280,184万円",9,1840.0,,3,3,ロワンディシー,牡,6,55.0,幸,,,,,,,栗東 北出,,,取消
202407020112,2024-08-10,中京,12,3歳以上1勝クラス,ダ,1400,左,晴,良,"2回 中京 1日目 サラ系３歳以上 １勝クラス       (混)[指] 定量 16頭 本賞金:800,320,200,120,80万円",16,800.0,1,6,11,トーホウキザン,牡,4,57.0,☆小沢,85.0,,4,9.5,38.0,8-8,栗東 高橋康,476,-14,
202407020112,2024-08-10,中京,12,3歳以上1勝クラス,ダ,1400,左,晴,良,"2回 中京 1日目 サラ系３歳以上 １勝クラス       (混)[指] 定量 16頭 本賞金:800,320,200,120,80万円",16,800.0,2,7,14,アンシール,セ,3,55.0,松山,85.0,クビ,2,3.5,37.4,14-11,栗東 小崎,470,-10,
202407020112,2024-08-10,中京,12,3歳以上1勝クラス,ダ,1400,左,晴,良,"2回 中京 1日目 サラ系３歳以上 １勝クラス       (混)[指] 定量 16頭 本賞金:800,320,200,120,80万円",16,800.0,3,8,16,ファイアネイド,牝,4,53.0,▲吉村,85.1,3/4,3,6.9,38.3,5-7,栗東 安田,474,18,
202407020112,2024-08-10,中京,12,3歳以上1勝クラス,ダ,1400,左,晴,良,"2回 中京 1日目 サラ系３歳以上 １勝クラス       (混)[指] 定量 16頭 本賞金:800,320,200,120,80万円",16,800.0,4,8,15,ルールシェーバー,牡,7,58.0,国分恭,85.2,クビ,16,325.1,37.2,15-15,栗東 北出,482,-2,
202407020112,2024-08-10,中京,12,3歳以上1勝クラス,ダ,1400,左,晴,良,"2回 中京 1日目 サラ系３歳以上 １勝クラス       (混)[指] 定量 16頭 本賞金:800,320,200,120,80万円",16,800.0,5,4,7,ストロンゲスト,牡,5,58.0,酒井,85.3,クビ,8,20.0,37.9,11-11,栗東 羽月,482,4,
202407020112,2024-08-10,中京,12,3歳以上1勝クラス,ダ,1400,左,晴,良,"2回 中京 1日目 サラ系３歳以上 １勝クラス       (混)[指] 定量 16頭 本賞金:800,320,200,120,80万円",16,800.0,6,7,13,メイショウナラシバ,牡,5,57.0,☆泉谷,85.5,1.1/2,12,44.9,39.0,4-4,栗東 石橋,432,4,
202407020112,2024-08-10,中京,12,3歳以上1勝クラス,ダ,1400,左,晴,良,"2回 中京 1日目 サラ系３歳以上 １勝クラス       (混)[指] 定量 16頭 本賞金:800,320,200,120,80万円",16,800.0,7,2,4,キングツェッペリン,牡,3,55.0,西村淳,85.5,ハナ,1,2.9,38.8,5-5,栗東 牧田,446,-6,
202407020112,2024-08-10,中京,12,3歳以上1勝クラス,ダ,1400,左,晴,良,"2回 中京 1日目 サラ系３歳以上 １勝クラス       (混)[指] 定量 16頭 本賞金:800,320,200,120,80万円",16,800.0,8,1,1,スナークメモリー,牝,4,53.0,▲鷲頭,85.6,3/4,5,14.5,38.5,8-10,栗東 川村,428,-2,
202407020112,2024-08-10,中京,12,3歳以上1勝クラス,ダ,1400,左,晴,良,"2回 中京 1日目 サラ系３歳以上 １勝クラス       (混)[指] 定量 16頭 本賞金:800,320,200,120,80万円",16,800.0,9,5,10,ラートリー,牝,5,56.0,川須,85.8,1,13,48.0,39.4,2-2,栗東 小椋,474,2,
202407020112,2024-08-10,中京,12,3歳以上1勝クラス,ダ,1400,左,晴,良,"2回 中京 1日目 サラ系３歳以上 １勝クラス       (混)[指] 定量 16頭 本賞金:800,320,200,120,80万円",16,800.0,10,4,8,タイセイミニスター,牡,3,51.0,★河原田,85.9,1/2,6,18.3,38.6,11-13,栗東 大橋,484,12,
202407020112,2024-08-10,中京,12,3歳以上1勝クラス,ダ,1400,左,晴,良,"2回 中京 1日目 サラ系３歳以上 １勝クラス       (混)[指] 定量 16頭 本賞金:800,320,200,120,80万円",16,800.0,11,2,3,オーディブルコール,牝,4,56.0,団野,85.9,クビ,7,18.6,38.8,8-8,栗東 池江,520,14,
202407020112,2024-08-10,中京,12,3歳以上1勝クラス,ダ,1400,左,晴,良,"2回 中京 1日目 サラ系３歳以上 １勝クラス       (混)[指] 定量 16頭 本賞金:800,320,200,120,80万円",16,800.0,12,3,5,シンエン,牡,5,56.0,◇永島,86.3,2.1/2,9,31.6,39.5,5-5,栗東 松下,484,-10,
202407020112,2024-08-10,中京,12,3歳以上1勝クラス,ダ,1400,左,晴,良,"2回 中京 1日目 サラ系３歳以上 １勝クラス       (混)[指] 定量 16頭 本賞金:800,320,200,120,80万円",16,800.0,13,1,2,カレンマウラー,牡,3,55.0,岡田,86.5,3/4,11,40.2,38.3,16-16,栗東 安田,456,0,
202407020112,2024-08-10,中京,12,3歳以上1勝クラス,ダ,1400,左,晴,良,"2回 中京 1日目 サラ系３歳以上 １勝クラス       (混)[指] 定量 16頭 本賞金:800,320,200,120,80万円",16,800.0,14,3,6,ララプロフォン,牡,4,58.0,中井,87.2,4,10,34.3,40.8,1-1,栗東 坂口,504,-6,
202407020112,2024-08-10,中京,12,3歳以上1勝クラス,ダ,1400,左,晴,良,"2回 中京 1日目 サラ系３歳以上 １勝クラス       (混)[指] 定量 16頭 本賞金:800,320,200,120,80万円",16,800.0,15,5,9,ハクサンツキミテイ,牡,3,55.0,小崎,88.9,10,15,98.7,42.5,2-2,栗東 小崎,460,2,
202407020112,2024-08-10,中京,12,3歳以上1勝クラス,ダ,1400,左,晴,良,"2回 中京 1日目 サラ系３歳以上 １勝クラス       (混)[指] 定量 16頭 本賞金:800,320,200,120,80万円",16,800.0,,6,12,レイナアレナ,牝,4,55.0,☆松本,,,14,96.1,,11-13,栗東 小椋,482,14,中止
202401020201,2024-08-11,札幌,1,2歳未勝利,芝,1200,右,晴,良,"2回 札幌 2日目 サラ系２歳 未勝利       (混)[指] 馬齢 7頭 本賞金:550,220,140,83,55万円",7,550.0,1,3,3,モズナナスター,牝,2,55.0,鮫島駿,69.6,,1,1.3,34.3,3-3,栗東 矢作,446,-8,
202401020201,2024-08-11,札幌,1,2歳未勝利,芝,1200,右,晴,良,"2回 札幌 2日目 サラ系２歳 未勝利       (混)[指] 馬齢 7頭 本賞金:550,220,140,83,55万円",7,550.0,2,7,7,エイシンパンタレイ,牡,2,55.0,菱田,69.8,1.1/4,3,8.0,34.8,2-2,栗東 中尾,482,4,
202401020201,2024-08-11,札幌,1,2歳未勝利,芝,1200,右,晴,良,"2回 札幌 2日目 サラ系２歳 未勝利       (混)[指] 馬齢 7頭 本賞金:550,220,140,83,55万円",7,550.0,3,1,1,ラッキーカムカム,牝,2,55.0,丹内,70.5,4,2,6.2,35.7,1-1,栗東 中村,456,-4,
202401020201,2024-08-11,札幌,1,2歳未勝利,芝,1200,右,晴,良,"2回 札幌 2日目 サラ系２歳 未勝利       (混)[指] 馬齢 7頭 本賞金:550,220,140,83,55万円",7,550.0,4,4,4,コパノマロン,牝,2,52.0,▲高杉,70.5,クビ,5,13.1,35.0,4-4,栗東 村山,438,0,
202401020201,2024-08-11,札幌,1,2歳未勝利,芝,1200,右,晴,良,"2回 札幌 2日目 サラ系２歳 未勝利       (混)[指] 馬齢 7頭 本賞金:550,220,140,83,55万円",7,550.0,5,5,5,ペタルブランシュ,牝,2,53.0,△小林勝,70.6,3/4,6,39.7,34.8,6-6,美浦 村田,396,0,
202401020201,2024-08-11,札幌,1,2歳未勝利,芝,1200,右,晴,良,"2回 札幌 2日目 サラ系２歳 未勝利       (混)[指] 馬齢 7頭 本賞金:550,220,140,83,55万円",7,550.0,6,2,2,モーニングスター,牝,2,52.0,▲川端,70.9,2,4,9.4,35.3,4-4,美浦 加藤和,426,2,
202401020201,2024-08-11,札幌,1,2歳未勝利,芝,1200,右,晴,良,"2回 札幌 2日目 サラ系２歳 未勝利       (混)[指] 馬齢 7頭 本賞金:550,220,140,83,55万円",7,550.0,7,6,6,サノノスウィフト,牝,2,52.0,▲長浜,71.7,5,7,91.0,36.0,6-6,美浦 蛯名利,404,4,
202401020202,2024-08-11,札幌,2,3歳未勝利,ダ,2400,右,晴,良,"2回 札幌 2日目 サラ系３歳 未勝利       [指] 馬齢 12頭 本賞金:550,220,140,83,55万円",12,550.0,1,7,10,マルチライセンス,セ,3,57.0,横山和,158.0,,3,6.6,39.7,7-3-1-1,美浦 高柳瑞,448,-4,
202401020202,2024-08-11,札幌,2,3歳未勝利,ダ,2400,右,晴,良,"2回 札幌 2日目 サラ系３歳 未勝利       [指] 馬齢 12頭 本賞金:550,220,140,83,55万円",12,550.0,2,2,2,ウインメラナイト,牡,3,57.0,丹内,158.1,1/2,1,2.1,39.8,10-7-2-2,栗東 寺島,486,-4,
202401020202,2024-08-11,札幌,2,3歳未勝利,ダ,2400,右,晴,良,"2回 札幌 2日目 サラ系３歳 未勝利       [指] 馬齢 12頭 本賞金:550,220,140,83,55万円",12,550.0,3,5,5,テトラード,牡,3,54.0,▲高杉,158.5,2.1/2,2,4.9,39.1,7-9-7-5,栗東 坂口,462,0,
202401020202,2024-08-11,札幌,2,3歳未勝利,ダ,2400,右,晴,良,"2回 札幌 2日目 サラ系３歳 未勝利       [指] 馬齢 12頭 本賞金:550,220,140,83,55万円",12,550.0,4,8,12,シンクグッド,牡,3,57.0,藤岡佑,158.5,アタマ,5,10.8,39.7,5-7-5-4,栗東 福永,512,-4,
202401020202,2024-08-11,札幌,2,3歳未勝利,ダ,2400,右,晴,良,"2回 札幌 2日目 サラ系３歳 未勝利       [指] 馬齢 12頭 本賞金:550,220,140,83,55万円",12,550.0,5,3,3,エルキーオ,牡,3,57.0,大野,158.5,アタマ,4,10.3,38.9,12-12-9-7,美浦 新開,484,-4,
202401020202,2024-08-11,札幌,2,3歳未勝利,ダ,2400,右,晴,良,"2回 札幌 2日目 サラ系３歳 未勝利       [指] 馬齢 12頭 本賞金:550,220,140,83,55万円",12,550.0,6,6,8,ウインラムセス,牡,3,55.0,△小林勝,158.8,1.1/2,9,70.1,40.1,5-6-4-3,美浦 松山,464,4,
202401020202,2024-08-11,札幌,2,3歳未勝利,ダ,2400,右,晴,良,"2回 札幌 2日目 サラ系３歳 未勝利       [指] 馬齢 12頭 本賞金:550,220,140,83,55万円",12,550.0,7,1,1,スピンザブラッド,牡,3,57.0,横山武,160.5,10,7,13.0,40.9,7-10-9-8,美浦 萩原,440,-2,
202401020202,2024-08-11,札幌,2,3歳未勝利,ダ,2400,右,晴,良,"2回 札幌 2日目 サラ系３歳 未勝利       [指] 馬齢 12頭 本賞金:550,220,140,83,55万円",12,550.0,8,7,9,カラーオブワンダー,牡,3,54.0,▲長浜,160.6,クビ,10,99.9,41.2,3-3-7-10,美浦 伊藤伸,476,-4,
202401020202,2024-08-11,札幌,2,3歳未勝利,ダ,2400,右,晴,良,"2回 札幌 2日目 サラ系３歳 未勝利       [指] 馬齢 12頭 本賞金:550,220,140,83,55万円",12,550.0,9,6,7,ディアモミノル,牡,3,57.0,斎藤,160.9,2,6,12.6,42.1,4-3-5-9,栗東 本田,504,0,
202401020202,2024-08-11,札幌,2,3歳未勝利,ダ,2400,右,晴,良,"2回 札幌 2日目 サラ系３歳 未勝利       [指] 馬齢 12頭 本賞金:550,220,140,83,55万円",12,550.0,10,5,6,タロサンダー,牡,3,57.0,鮫島駿,161.7,5,8,26.7,43.4,2-2-2-5,栗東 杉山佳,494,6,
202401020202,2024-08-11,札幌,2,3歳未勝利,ダ,2400,右,晴,良,"2回 札幌 2日目 サラ系３歳 未勝利       [指] 馬齢 12頭 本賞金:550,220,140,83,55万円",12,550.0,11,4,4,レオンフォルテ,牡,3,57.0,菱田,166.9,大,11,114.6,46.8,10-10-11-11,美浦 田村,518,2,
202401020202,2024-08-11,札幌,2,3歳未勝利,ダ,2400,右,晴,良,"2回 札幌 2日目 サラ系３歳 未勝利       [指] 馬齢 12頭 本賞金:550,220,140,83,55万円",12,550.0,12,8,11,エクラメテオール,牡,3,57.0,石川倭,176.8,大,12,114.6,53.9,1-1-12-12,美浦 堀内,490,0,
202401020203,2024-08-11,札幌,3,3歳未勝利,ダ,1700,右,晴,良,"2回 札幌 2日目 サラ系３歳 未勝利       [指] 馬齢 14頭 本賞金:550,220,140,83,55万円",14,550.0,1,5,7,キングブルー,牡,3,57.0,藤岡佑,106.1,,4,6.3,39.0,3-3-2-1,栗東 四位,486,6,
202401020203,2024-08-11,札幌,3,3歳未勝利,ダ,1700,右,晴,良,"2回 札幌 2日目 サラ系３歳 未勝利       [指] 馬齢 14頭 本賞金:550,220,140,83,55万円",14,550.0,2,6,10,アイウィル,牡,3,57.0,北村友,106.6,3,5,8.0,39.5,1-1-1-2,美浦 高木,514,8,
202401020203,2024-08-11,札幌,3,3歳未勝利,ダ,1700,右,晴,良,"2回 札幌 2日目 サラ系３歳 未勝利       [指] 馬齢 14頭 本賞金:550,220,140,83,55万円",14,550.0,3,1,1,アイファーキャップ,牡,3,57.0,鮫島駿,107.0,2.1/2,3,4.2,38.6,8-8-6-3,栗東 鮫島,456,-2,
202401020203,2024-08-11,札幌,3,3歳未勝利,ダ,1700,右,晴,良,"2回 札幌 2日目 サラ系３歳 未勝利       [指] 馬齢 14頭 本賞金:550,220,140,83,55万円",14,550.0,4,5,8,ユーヴェリア,牝,3,52.0,▲高杉,107.3,1.3/4,1,2.9,38.9,7-7-6-5,栗東 宮本,450,4,
202401020203,2024-08-11,札幌,3,3歳未勝利,ダ,1700,右,晴,良,"2回 札幌 2日目 サラ系３歳 未勝利       [指] 馬齢 14頭 本賞金:550,220,140,83,55万円",14,550.0,5,3,4,ブルーストレイル,牡,3,57.0,丹内,108.1,5,10,157.9,39.1,9-9-9-7,美浦 小島,458,-2,
202401020203,2024-08-11,札幌,3,3歳未勝利,ダ,1700,右,晴,良,"2回 札幌 2日目 サラ系３歳 未勝利       [指] 馬齢 14頭 本賞金:550,220,140,83,55万円",14,550.0,6,3,3,スピナテイル,牝,3,55.0,桑村真,108.2,クビ,9,86.1,39.9,6-6-5-5,栗東 中村,460,-2,
202401020203,2024-08-11,札幌,3,3歳未勝利,ダ,1700,右,晴,良,"2回 札幌 2日目 サラ系３歳 未勝利       [指] 馬齢 14頭 本賞金:550,220,140,83,55万円",14,550.0,7,4,6,メイショウヤスマサ,牡,3,57.0,斎藤,108.5,2,8,54.6,39.1,9-10-10-9,栗東 本田,472,0,
202401020203,2024-08-11,札幌,3,3歳未勝利,ダ,1700,右,晴,良,"2回 札幌 2日目 サラ系３歳 未勝利       [指] 馬齢 14頭 本賞金:550,220,140,83,55万円",14,550.0,8,6,9,エスシーアルベル,牡,3,53.0,★古川奈,109.7,7,11,158.2,39.9,11-11-11-10,美浦 宗像,486,-12,
202401020203,2024-08-11,札幌,3,3歳未勝利,ダ,1700,右,晴,良,"2回 札幌 2日目 サラ系３歳 未勝利       [指] 馬齢 14頭 本賞金:550,220,140,83,55万円",14,550.0,9,4,5,ユイノコミチ,牡,3,57.0,横山和,109.8,1/2,2,3.4,39.0,14-14-14-11,美浦 竹内,482,-2,
202401020203,2024-08-11,札幌,3,3歳未勝利,ダ,1700,右,晴,良,"2回 札幌 2日目 サラ系３歳 未勝利       [指] 馬齢 14頭 本賞金:550,220,140,83,55万円",14,550.0,10,2,2,アミアン,牝,3,55.0,木幡初,110.6,5,7,41.3,42.5,4-4-4-8,美浦 鹿戸,412,-6,
202401020203,2024-08-11,札幌,3,3歳未勝利,ダ,1700,右,晴,良,"2回 札幌 2日目 サラ系３歳 未勝利       [指] 馬齢 14頭 本賞金:550,220,140,83,55万円",14,550.0,11,8,13,ヤマニンファリダ,牝,3,55.0,石川倭,111.7,7,6,36.7,44.0,4-4-3-4,美浦 千葉,448,0,
202401020203,2024-08-11,札幌,3,3歳未勝利,ダ,1700,右,晴,良,"2回 札幌 2日目 サラ系３歳 未勝利       [指] 馬齢 14頭 本賞金:550,220,140,83,55万円",14,550.0,12,7,12,ハルヨコイ,牝,3,52.0,▲長浜,111.9,1.1/2,13,249.4,41.4,13-13-13-12,美浦 深山,408,6,
202401020203,2024-08-11,札幌,3,3歳未勝利,ダ,1700,右,晴,良,"2回 札幌 2日目 サラ系３歳 未勝利       [指] 馬齢 14頭 本賞金:550,220,140,83,55万円",14,550.0,13,8,14,カリナンラホーヤ,牝,3,53.0,△小林勝,118.7,大,12,204.4,48.6,11-11-12-13,栗東 小椋,426,-4,
202401020203,2024-08-11,札幌,3,3歳未勝利,ダ,1700,右,晴,良,"2回 札幌 2日目 サラ系３歳 未勝利       [指] 馬齢 14頭 本賞金:550,220,140,83,55万円",14,550.0,14,7,11,リンクスプリエール,牡,3,57.0,黛,120.9,大,14,281.6,52.5,2-2-6-14,美浦 土田,472,-10,
202401020204,2024-08-11,札幌,4,3歳未勝利,芝,1500,右,晴,良,"2回 札幌 2日目 サラ系３歳 未勝利       (混)[指] 馬齢 14頭 本賞金:550,220,140,83,55万円",14,550.0,1,4,6,シャーリーゴールド,牝,3,55.0,武豊,88.2,,2,5.2,35.1,3-4-3,栗東 須貝,444,0,
202401020204,2024-08-11,札幌,4,3歳未勝利,芝,1500,右,晴,良,"2回 札幌 2日目 サラ系３歳 未勝利       (混)[指] 馬齢 14頭 本賞金:550,220,140,83,55万円",14,550.0,2,5,8,ココシャンパーニュ,牝,3,55.0,北村友,88.2,クビ,4,7.5,34.5,10-10-12,栗東 音無,462,8,
202401020204,2024-08-11,札幌,4,3歳未勝利,芝,1500,右,晴,良,"2回 札幌 2日目 サラ系３歳 未勝利       (混)[指] 馬齢 14頭 本賞金:550,220,140,83,55万円",14,550.0,3,6,10,ユメカウツツカ,牝,3,53.0,△小林勝,88.3,1/2,6,11.3,34.9,7-7-7,栗東 小栗,400,8,
202401020204,2024-08-11,札幌,4,3歳未勝利,芝,1500,右,晴,良,"2回 札幌 2日目 サラ系３歳 未勝利       (混)[指] 馬齢 14頭 本賞金:550,220,140,83,55万円",14,550.0,4,7,12,オランジェロ,牝,3,55.0,荻野琢,88.4,3/4,14,126.1,35.4,3-3-3,栗東 今野,472,10,
202401020204,2024-08-11,札幌,4,3歳未勝利,芝,1500,右,晴,良,"2回 札幌 2日目 サラ系３歳 未勝利       (混)[指] 馬齢 14頭 本賞金:550,220,140,83,55万円",14,550.0,5,8,14,セキテイレア,牝,3,55.0,斎藤,88.5,クビ,10,43.5,35.3,6-4-5,栗東 松永幹,436,6,
202401020204,2024-08-11,札幌,4,3歳未勝利,芝,1500,右,晴,良,"2回 札幌 2日目 サラ系３歳 未勝利       (混)[指] 馬齢 14頭 本賞金:550,220,140,83,55万円",14,550.0,6,3,4,ロジカルワーズ,牡,3,57.0,大野,88.5,ハナ,1,2.9,35.1,7-7-9,美浦 大竹,506,2,
202401020204,2024-08-11,札幌,4,3歳未勝利,芝,1500,右,晴,良,"2回 札幌 2日目 サラ系３歳 未勝利       (混)[指] 馬齢 14頭 本賞金:550,220,140,83,55万円",14,550.0,7,2,2,アウストラリス,牝,3,55.0,横山武,88.6,3/4,7,16.2,35.7,1-1-2,美浦 高橋文,426,4,
202401020204,2024-08-11,札幌,4,3歳未勝利,芝,1500,右,晴,良,"2回 札幌 2日目 サラ系３歳 未勝利       (混)[指] 馬齢 14頭 本賞金:550,220,140,83,55万円",14,550.0,8,8,13,モズイージス,牡,3,57.0,菱田,88.9,1.1/2,9,28.3,35.4,9-9-9,栗東 松下,454,-8,
202401020204,2024-08-11,札幌,4,3歳未勝利,芝,1500,右,晴,良,"2回 札幌 2日目 サラ系３歳 未勝利       (混)[指] 馬齢 14頭 本賞金:550,220,140,83,55万円",14,550.0,9,4,5,カーモス,牝,3,52.0,▲高杉,88.9,アタマ,5,7.6,36.0,2-2-1,栗東 高橋忠,432,4,
202401020204,2024-08-11,札幌,4,3歳未勝利,芝,1500,右,晴,良,"2回 札幌 2日目 サラ系３歳 未勝利       (混)[指] 馬齢 14頭 本賞金:550,220,140,83,55万円",14,550.0,10,7,11,マリエッティ,牝,3,52.0,▲川端,89.0,1/2,11,52.1,35.3,12-10-7,栗東 庄野,436,12,
202401020204,2024-08-11,札幌,4,3歳未勝利,芝,1500,右,晴,良,"2回 札幌 2日目 サラ系３歳 未勝利       (混)[指] 馬齢 14頭 本賞金:550,220,140,83,55万円",14,550.0,11,3,3,コンテナワールド,牡,3,57.0,鮫島駿,89.0,クビ,3,7.1,35.9,3-4-5,栗東 中竹,480,10,
202401020204,2024-08-11,札幌,4,3歳未勝利,芝,1500,右,晴,良,"2回 札幌 2日目 サラ系３歳 未勝利       (混)[指] 馬齢 14頭 本賞金:550,220,140,83,55万円",14,550.0,12,6,9,ライトスタッフ,牝,3,55.0,桑村真,89.2,1.1/4,13,122.8,35.3,14-12-9,美浦 和田勇,422,-2,
202401020204,2024-08-11,札幌,4,3歳未勝利,芝,1500,右,晴,良,"2回 札幌 2日目 サラ系３歳 未勝利       (混)[指] 馬齢 14頭 本賞金:550,220,140,83,55万円",14,550.0,13,1,1,マリガーネット,牝,3,55.0,池添,89.7,3,12,105.9,35.7,10-13-13,美浦 久保田,384,-4,
202401020204,2024-08-11,札幌,4,3歳未勝利,芝,1500,右,晴,良,"2回 札幌 2日目 サラ系３歳 未勝利       (混)[指] 馬齢 14頭 本賞金:550,220,140,83,55万円",14,550.0,14,5,7,グラビティブラスト,牡,3,57.0,丹内,96.3,大,8,16.4,42.1,13-14-14,美浦 嘉藤,494,10,
202401020205,2024-08-11,札幌,5,2歳新馬,芝,1800,右,晴,良,"2回 札幌 2日目 サラ系２歳 新馬       (混)[指] 馬齢 9頭 本賞金:720,290,180,110,72万円",9,720.0,1,8,9,マテンロウサン,牡,2,55.0,横山和,109.3,,2,3.6,35.2,5-5-3-3,栗東 昆,502,0,
202401020205,2024-08-11,札幌,5,2歳新馬,芝,1800,右,晴,良,"2回 札幌 2日目 サラ系２歳 新馬       (混)[指] 馬齢 9頭 本賞金:720,290,180,110,72万円",9,720.0,2,5,5,バントック,牡,2,55.0,北村友,109.9,4,7,35.1,35.7,3-3-3-5,栗東 浜田,434,0,
202401020205,2024-08-11,札幌,5,2歳新馬,芝,1800,右,晴,良,"2回 札幌 2日目 サラ系２歳 新馬       (混)[指] 馬齢 9頭 本賞金:720,290,180,110,72万円",9,720.0,3,8,8,アースグレーザー,牡,2,53.0,△小林勝,110.1,1,8,37.6,37.1,2-2-2-2,栗東 中村,464,0,
202401020205,2024-08-11,札幌,5,2歳新馬,芝,1800,右,晴,良,"2回 札幌 2日目 サラ系２歳 新馬       (混)[指] 馬齢 9頭 本賞金:720,290,180,110,72万円",9,720.0,4,6,6,ラルガメンテ,牝,2,55.0,横山武,110.3,1.1/4,1,2.2,36.2,3-3-3-4,美浦 尾関,442,0,
202401020205,2024-08-11,札幌,5,2歳新馬,芝,1800,右,晴,良,"2回 札幌 2日目 サラ系２歳 新馬       (混)[指] 馬齢 9頭 本賞金:720,290,180,110,72万円",9,720.0,5,3,3,スパイウェア,牡,2,55.0,鮫島駿,110.4,3/4,5,16.6,37.5,1-1-1-1,美浦 栗田,452,0,
202401020205,2024-08-11,札幌,5,2歳新馬,芝,1800,右,晴,良,"2回 札幌 2日目 サラ系２歳 新馬       (混)[指] 馬齢 9頭 本賞金:720,290,180,110,72万円",9,720.0,6,4,4,ブルーユンチェリー,牝,2,55.0,菱田,111.8,9,4,7.4,37.4,7-7-6-6,美浦 加藤征,454,0,
202401020205,2024-08-11,札幌,5,2歳新馬,芝,1800,右,晴,良,"2回 札幌 2日目 サラ系２歳 新馬       (混)[指] 馬齢 9頭 本賞金:720,290,180,110,72万円",9,720.0,7,1,1,コスモリスナー,牡,2,55.0,丹内,112.4,3.1/2,6,22.6,37.9,6-5-6-7,栗東 宮,512,0,
202401020205,2024-08-11,札幌,5,2歳新馬,芝,1800,右,晴,良,"2回 札幌 2日目 サラ系２歳 新馬       (混)[指] 馬齢 9頭 本賞金:720,290,180,110,72万円",9,720.0,8,2,2,ナリノボガート,牡,2,55.0,大野,112.9,3,9,87.1,37.5,8-8-8-8,美浦 上原博,466,0,
202401020205,2024-08-11,札幌,5,2歳新馬,芝,1800,右,晴,良,"2回 札幌 2日目 サラ系２歳 新馬       (混)[指] 馬齢 9頭 本賞金:720,290,180,110,72万円",9,720.0,9,7,7,パブリックビーナス,牝,2,55.0,武豊,114.8,大,3,4.3,38.4,8-9-9-9,栗東 池江,490,0,
202401020206,2024-08-11,札幌,6,3歳以上1勝クラス,ダ,1700,右,晴,良,"2回 札幌 2日目 サラ系３歳以上 １勝クラス       [指] 定量 13頭 本賞金:800,320,200,120,80万円",13,800.0,1,4,5,ダノンスウィッチ,牡,3,55.0,武豊,106.3,,1,3.4,38.4,3-3-2-2,栗東 音無,476,6,
202401020206,2024-08-11,札幌,6,3歳以上1勝クラス,ダ,1700,右,晴,良,"2回 札幌 2日目 サラ系３歳以上 １勝クラス       [指] 定量 13頭 本賞金:800,320,200,120,80万円",13,800.0,2,7,10,ポワンキュルミナン,牡,4,58.0,菱田,106.3,クビ,8,15.2,38.2,8-8-5-4,栗東 岡田,432,10,
202401020206,2024-08-11,札幌,6,3歳以上1勝クラス,ダ,1700,右,晴,良,"2回 札幌 2日目 サラ系３歳以上 １勝クラス       [指] 定量 13頭 本賞金:800,320,200,120,80万円",13,800.0,3,8,12,シャンデルナゴル,牡,4,55.0,▲高杉,106.6,2,2,3.7,37.8,5-6-9-10,栗東 石坂,494,14,
202401020206,2024-08-11,札幌,6,3歳以上1勝クラス,ダ,1700,右,晴,良,"2回 札幌 2日目 サラ系３歳以上 １勝クラス       [指] 定量 13頭 本賞金:800,320,200,120,80万円",13,800.0,4,2,2,ブレットフライ,牡,5,55.0,▲長浜,107.1,2.1/2,13,197.7,38.7,9-9-7-6,美浦 萱野,498,-6,
202401020206,2024-08-11,札幌,6,3歳以上1勝クラス,ダ,1700,右,晴,良,"2回 札幌 2日目 サラ系３歳以上 １勝クラス       [指] 定量 13頭 本賞金:800,320,200,120,80万円",13,800.0,5,5,7,ズバットマサムネ,牡,3,55.0,北村友,107.1,ハナ,3,5.9,38.2,10-10-9-6,栗東 杉山佳,488,-4,
202401020206,2024-08-11,札幌,6,3歳以上1勝クラス,ダ,1700,右,晴,良,"2回 札幌 2日目 サラ系３歳以上 １勝クラス       [指] 定量 13頭 本賞金:800,320,200,120,80万円",13,800.0,6,6,8,カムランベイ,牡,4,58.0,丹内,107.5,2.1/2,4,8.2,39.0,7-7-7-6,美浦 岩戸,500,-2,
202401020206,2024-08-11,札幌,6,3歳以上1勝クラス,ダ,1700,右,晴,良,"2回 札幌 2日目 サラ系３歳以上 １勝クラス       [指] 定量 13頭 本賞金:800,320,200,120,80万円",13,800.0,7,6,9,ゴールドモーション,牡,3,52.0,▲川端,107.6,1/2,11,118.6,39.4,5-5-5-6,美浦 村田,462,-4,
202401020206,2024-08-11,札幌,6,3歳以上1勝クラス,ダ,1700,右,晴,良,"2回 札幌 2日目 サラ系３歳以上 １勝クラス       [指] 定量 13頭 本賞金:800,320,200,120,80万円",13,800.0,8,4,4,カリフォルニア,牡,3,55.0,小林凌,107.9,1.3/4,7,12.9,40.8,1-1-1-1,美浦 伊藤圭,490,4,
202401020206,2024-08-11,札幌,6,3歳以上1勝クラス,ダ,1700,右,晴,良,"2回 札幌 2日目 サラ系３歳以上 １勝クラス       [指] 定量 13頭 本賞金:800,320,200,120,80万円",13,800.0,9,7,11,ショーケン,セ,4,58.0,斎藤,108.0,クビ,9,45.2,40.2,2-2-2-2,栗東 鮫島,504,-4,
202401020206,2024-08-11,札幌,6,3歳以上1勝クラス,ダ,1700,右,晴,良,"2回 札幌 2日目 サラ系３歳以上 １勝クラス       [指] 定量 13頭 本賞金:800,320,200,120,80万円",13,800.0,10,5,6,ヘヴンズタイム,セ,4,56.0,△小林勝,108.1,1/2,5,8.4,39.3,10-10-9-10,栗東 北出,470,4,
202401020206,2024-08-11,札幌,6,3歳以上1勝クラス,ダ,1700,右,晴,良,"2回 札幌 2日目 サラ系３歳以上 １勝クラス       [指] 定量 13頭 本賞金:800,320,200,120,80万円",13,800.0,11,3,3,イモータルフェイム,牝,5,56.0,横山武,108.5,2.1/2,6,11.1,40.5,3-3-4-5,美浦 鹿戸,490,2,
202401020206,2024-08-11,札幌,6,3歳以上1勝クラス,ダ,1700,右,晴,良,"2回 札幌 2日目 サラ系３歳以上 １勝クラス       [指] 定量 13頭 本賞金:800,320,200,120,80万円",13,800.0,12,8,13,レッドアウレア,セ,6,58.0,黛,108.8,1.3/4,12,141.4,39.5,12-12-13-13,美浦 尾関,486,0,
202401020206,2024-08-11,札幌,6,3歳以上1勝クラス,ダ,1700,右,晴,良,"2回 札幌 2日目 サラ系３歳以上 １勝クラス       [指] 定量 13頭 本賞金:800,320,200,120,80万円",13,800.0,13,1,1,フロスティクォーツ,牡,6,58.0,桑村真,108.9,クビ,10,107.3,40.0,13-13-9-10,美浦 加藤和,472,-2,
202401020207,2024-08-11,札幌,7,3歳以上1勝クラス,芝,1500,右,晴,良,"2回 札幌 2日目 サラ系３歳以上 １勝クラス       牝[指] 定量 14頭 本賞金:800,320,200,120,80万円",14,800.0,1,8,13,ラーンザロープス,牝,3,53.0,菱田,87.5,,2,4.2,34.6,6-5-3,栗東 武幸,450,-4,
202401020207,2024-08-11,札幌,7,3歳以上1勝クラス,芝,1500,右,晴,良,"2回 札幌 2日目 サラ系３歳以上 １勝クラス       牝[指] 定量 14頭 本賞金:800,320,200,120,80万円",14,800.0,2,4,6,チュウワダンス,牝,5,56.0,荻野琢,87.6,クビ,7,22.7,34.3,10-10-9,栗東 大久保,472,2,
202401020207,2024-08-11,札幌,7,3歳以上1勝クラス,芝,1500,右,晴,良,"2回 札幌 2日目 サラ系３歳以上 １勝クラス       牝[指] 定量 14頭 本賞金:800,320,200,120,80万円",14,800.0,3,8,14,リゴレット,牝,5,53.0,▲長浜,87.6,クビ,10,76.3,34.6,5-6-5,栗東 羽月,454,16,
202401020207,2024-08-11,札幌,7,3歳以上1勝クラス,芝,1500,右,晴,良,"2回 札幌 2日目 サラ系３歳以上 １勝クラス       牝[指] 定量 14頭 本賞金:800,320,200,120,80万円",14,800.0,4,7,12,ラヴスコール,牝,3,53.0,武豊,87.8,1,1,2.8,34.7,8-9-5,美浦 加藤征,420,4,
202401020207,2024-08-11,札幌,7,3歳以上1勝クラス,芝,1500,右,晴,良,"2回 札幌 2日目 サラ系３歳以上 １勝クラス       牝[指] 定量 14頭 本賞金:800,320,200,120,80万円",14,800.0,5,3,4,ショウナンラウール,牝,3,50.0,▲高杉,88.0,1.1/4,5,8.1,35.3,3-2-5,栗東 高橋忠,422,2,
202401020207,2024-08-11,札幌,7,3歳以上1勝クラス,芝,1500,右,晴,良,"2回 札幌 2日目 サラ系３歳以上 １勝クラス       牝[指] 定量 14頭 本賞金:800,320,200,120,80万円",14,800.0,6,6,10,ホイッスルソング,牝,4,54.0,△小林勝,88.0,アタマ,9,52.7,34.5,11-11-11,美浦 黒岩,470,0,
202401020207,2024-08-11,札幌,7,3歳以上1勝クラス,芝,1500,右,晴,良,"2回 札幌 2日目 サラ系３歳以上 １勝クラス       牝[指] 定量 14頭 本賞金:800,320,200,120,80万円",14,800.0,7,2,2,アスティスプマンテ,牝,3,53.0,鮫島駿,88.0,クビ,4,5.9,35.4,2-2-2,栗東 杉山晴,424,2,
202401020207,2024-08-11,札幌,7,3歳以上1勝クラス,芝,1500,右,晴,良,"2回 札幌 2日目 サラ系３歳以上 １勝クラス       牝[指] 定量 14頭 本賞金:800,320,200,120,80万円",14,800.0,8,4,5,アンタノバラード,牝,4,56.0,黛,88.2,1.1/4,6,21.3,35.5,3-2-3,美浦 伊藤大,440,-4,
202401020207,2024-08-11,札幌,7,3歳以上1勝クラス,芝,1500,右,晴,良,"2回 札幌 2日目 サラ系３歳以上 １勝クラス       牝[指] 定量 14頭 本賞金:800,320,200,120,80万円",14,800.0,9,5,8,レオテミス,牝,3,53.0,亀田,88.3,クビ,3,5.0,36.0,1-1-1,栗東 高柳大,486,-10,
202401020207,2024-08-11,札幌,7,3歳以上1勝クラス,芝,1500,右,晴,良,"2回 札幌 2日目 サラ系３歳以上 １勝クラス       牝[指] 定量 14頭 本賞金:800,320,200,120,80万円",14,800.0,10,1,1,ビアフォーナウ,牝,3,53.0,小林凌,88.4,1/2,12,118.9,34.6,12-12-12,美浦 池上,446,4,
202401020207,2024-08-11,札幌,7,3歳以上1勝クラス,芝,1500,右,晴,良,"2回 札幌 2日目 サラ系３歳以上 １勝クラス       牝[指] 定量 14頭 本賞金:800,320,200,120,80万円",14,800.0,11,5,7,ワイノナオミ,牝,3,53.0,川又,88.8,2.1/2,13,152.0,35.8,6-6-9,栗東 畑端,448,-2,
202401020207,2024-08-11,札幌,7,3歳以上1勝クラス,芝,1500,右,晴,良,"2回 札幌 2日目 サラ系３歳以上 １勝クラス       牝[指] 定量 14頭 本賞金:800,320,200,120,80万円",14,800.0,12,3,3,ブライトサイン,牝,4,56.0,斎藤,89.1,1.3/4,11,114.7,35.3,13-12-12,栗東 茶木,470,0,
202401020207,2024-08-11,札幌,7,3歳以上1勝クラス,芝,1500,右,晴,良,"2回 札幌 2日目 サラ系３歳以上 １勝クラス       牝[指] 定量 14頭 本賞金:800,320,200,120,80万円",14,800.0,13,6,9,クイーンオブソウル,牝,4,56.0,丹内,89.1,ハナ,8,49.1,36.1,8-6-8,美浦 林,462,-4,
202401020207,2024-08-11,札幌,7,3歳以上1勝クラス,芝,1500,右,晴,良,"2回 札幌 2日目 サラ系３歳以上 １勝クラス       牝[指] 定量 14頭 本賞金:800,320,200,120,80万円",14,800.0,14,7,11,マルアズール,牝,5,53.0,▲川端,89.1,アタマ,14,490.1,35.0,14-14-14,美浦 加藤和,430,6,
202401020208,2024-08-11,札幌,8,コスモス賞,芝,1800,右,晴,良,"2回 札幌 2日目 サラ系２歳 オープン       (国際)(特指) 別定 7頭 本賞金:1600,640,400,240,160万円",7,1600.0,1,1,1,アスクシュタイン,牡,2,55.0,北村友,109.2,,2,2.6,35.0,1-1-1-1,栗東 藤原,488,-4,
202401020208,2024-08-11,札幌,8,コスモス賞,芝,1800,右,晴,良,"2回 札幌 2日目 サラ系２歳 オープン       (国際)(特指) 別定 7頭 本賞金:1600,640,400,240,160万円",7,1600.0,2,7,7,ゴーゴータカシ,牡,2,55.0,横山武,110.3,7,3,3.6,35.6,3-4-4-2,美浦 武井,490,2,
202401020208,2024-08-11,札幌,8,コスモス賞,芝,1800,右,晴,良,"2回 札幌 2日目 サラ系２歳 オープン       (国際)(特指) 別定 7頭 本賞金:1600,640,400,240,160万円",7,1600.0,3,5,5,エイシンキャプテン,牡,2,55.0,岩橋勇,110.6,1.1/2,4,14.5,36.3,2-2-2-2,地方 田中淳,516,10,
202401020208,2024-08-11,札幌,8,コスモス賞,芝,1800,右,晴,良,"2回 札幌 2日目 サラ系２歳 オープン       (国際)(特指) 別定 7頭 本賞金:1600,640,400,240,160万円",7,1600.0,4,4,4,シュネルカガ,牡,2,55.0,桑村真,110.7,1/2,6,88.1,35.7,5-6-5-5,地方 桧森邦,500,12,
202401020208,2024-08-11,札幌,8,コスモス賞,芝,1800,右,晴,良,"2回 札幌 2日目 サラ系２歳 オープン       (国際)(特指) 別定 7頭 本賞金:1600,640,400,240,160万円",7,1600.0,5,6,6,パルヴェニュー,牡,2,55.0,石川倭,111.1,2.1/2,5,56.9,36.0,5-7-7-4,地方 米川昇,434,-2,
202401020208,2024-08-11,札幌,8,コスモス賞,芝,1800,右,晴,良,"2回 札幌 2日目 サラ系２歳 オープン       (国際)(特指) 別定 7頭 本賞金:1600,640,400,240,160万円",7,1600.0,6,3,3,プリスクリプション,牡,2,55.0,小林勝,112.0,5,7,145.7,37.1,5-5-5-7,栗東 杉山佳,386,2,
202401020208,2024-08-11,札幌,8,コスモス賞,芝,1800,右,晴,良,"2回 札幌 2日目 サラ系２歳 オープン       (国際)(特指) 別定 7頭 本賞金:1600,640,400,240,160万円",7,1600.0,7,2,2,ジェットマグナム,牡,2,55.0,丹内,114.9,大,1,2.0,40.4,3-3-3-5,栗東 安達,474,0,
202401020209,2024-08-11,札幌,9,桑園特別,ダ,1000,右,晴,良,"2回 札幌 2日目 サラ系３歳以上 ２勝クラス       (混)[指] 定量 12頭 本賞金:1550,620,390,230,155万円",12,1550.0,1,5,6,ガビーズシスター,牝,3,54.0,武豊,58.7,,1,2.3,35.5,5-4,美浦 森一,466,-2,
202401020209,2024-08-11,札幌,9,桑園特別,ダ,1000,右,晴,良,"2回 札幌 2日目 サラ系３歳以上 ２勝クラス       (混)[指] 定量 12頭 本賞金:1550,620,390,230,155万円",12,1550.0,2,7,9,アマルナ,牝,4,56.0,菱田,59.1,2.1/2,6,12.3,35.7,7-4,栗東 田中克,454,-2,
202401020209,2024-08-11,札幌,9,桑園特別,ダ,1000,右,晴,良,"2回 札幌 2日目 サラ系３歳以上 ２勝クラス       (混)[指] 定量 12頭 本賞金:1550,620,390,230,155万円",12,1550.0,3,8,12,テンクウフラワー,牝,5,56.0,高倉,59.2,3/4,10,32.9,36.3,3-2,栗東 渡辺,436,0,
202401020209,2024-08-11,札幌,9,桑園特別,ダ,1000,右,晴,良,"2回 札幌 2日目 サラ系３歳以上 ２勝クラス       (混)[指] 定量 12頭 本賞金:1550,620,390,230,155万円",12,1550.0,4,8,11,メイデンタワー,牝,4,56.0,横山武,59.5,1.1/2,2,5.8,35.9,10-8,美浦 稲垣,460,10,
202401020209,2024-08-11,札幌,9,桑園特別,ダ,1000,右,晴,良,"2回 札幌 2日目 サラ系３歳以上 ２勝クラス       (混)[指] 定量 12頭 本賞金:1550,620,390,230,155万円",12,1550.0,5,6,7,プリティインピンク,牝,6,56.0,大野,59.9,2.1/2,9,30.5,36.0,12-12,美浦 小手川,448,4,
202401020209,2024-08-11,札幌,9,桑園特別,ダ,1000,右,晴,良,"2回 札幌 2日目 サラ系３歳以上 ２勝クラス       (混)[指] 定量 12頭 本賞金:1550,620,390,230,155万円",12,1550.0,6,1,1,バサラ,牝,4,56.0,小林凌,60.0,3/4,12,162.7,36.3,10-10,美浦 伊藤圭,454,6,
202401020209,2024-08-11,札幌,9,桑園特別,ダ,1000,右,晴,良,"2回 札幌 2日目 サラ系３歳以上 ２勝クラス       (混)[指] 定量 12頭 本賞金:1550,620,390,230,155万円",12,1550.0,7,4,4,サザンカ,牝,3,54.0,斎藤,60.3,2,7,13.8,36.8,8-8,栗東 角田,470,4,
202401020209,2024-08-11,札幌,9,桑園特別,ダ,1000,右,晴,良,"2回 札幌 2日目 サラ系３歳以上 ２勝クラス       (混)[指] 定量 12頭 本賞金:1550,620,390,230,155万円",12,1550.0,8,2,2,メイショウオトギ,牝,4,56.0,池添,60.3,ハナ,11,51.1,36.8,8-10,栗東 池添,438,4,
202401020209,2024-08-11,札幌,9,桑園特別,ダ,1000,右,晴,良,"2回 札幌 2日目 サラ系３歳以上 ２勝クラス       (混)[指] 定量 12頭 本賞金:1550,620,390,230,155万円",12,1550.0,9,6,8,リーゼントミニー,牝,4,56.0,鮫島駿,60.4,3/4,8,20.9,37.6,2-2,美浦 矢嶋,444,-2,
202401020209,2024-08-11,札幌,9,桑園特別,ダ,1000,右,晴,良,"2回 札幌 2日目 サラ系３歳以上 ２勝クラス       (混)[指] 定量 12頭 本賞金:1550,620,390,230,155万円",12,1550.0,10,5,5,セッテイロク,牝,3,54.0,木幡初,60.7,1.1/2,3,6.4,37.7,3-4,美浦 竹内,438,-2,
202401020209,2024-08-11,札幌,9,桑園特別,ダ,1000,右,晴,良,"2回 札幌 2日目 サラ系３歳以上 ２勝クラス       (混)[指] 定量 12頭 本賞金:1550,620,390,230,155万円",12,1550.0,11,7,10,デルマシルフ,牝,5,56.0,荻野琢,60.7,ハナ,4,8.9,37.6,5-4,栗東 畑端,482,8,
202401020209,2024-08-11,札幌,9,桑園特別,ダ,1000,右,晴,良,"2回 札幌 2日目 サラ系３歳以上 ２勝クラス       (混)[指] 定量 12頭 本賞金:1550,620,390,230,155万円",12,1550.0,12,3,3,スコーピオン,牡,3,56.0,横山和,61.1,2.1/2,5,10.5,38.3,1-1,美浦 武藤,474,0,
202401020210,2024-08-11,札幌,10,藻岩山特別,芝,2000,右,晴,良,"2回 札幌 2日目 サラ系３歳以上 ２勝クラス       (混)(特指) 定量 12頭 本賞金:1550,620,390,230,155万円",12,1550.0,1,8,11,パトリックハンサム,牡,5,58.0,丹内,119.6,,12,123.5,36.2,5-5-3-2,美浦 菊沢,468,4,
202401020210,2024-08-11,札幌,10,藻岩山特別,芝,2000,右,晴,良,"2回 札幌 2日目 サラ系３歳以上 ２勝クラス       (混)(特指) 定量 12頭 本賞金:1550,620,390,230,155万円",12,1550.0,2,5,6,クレバーテースト,セ,5,58.0,藤岡佑,119.6,ハナ,8,21.8,36.4,1-1-1-1,栗東 武幸,448,-8,
202401020210,2024-08-11,札幌,10,藻岩山特別,芝,2000,右,晴,良,"2回 札幌 2日目 サラ系３歳以上 ２勝クラス       (混)(特指) 定量 12頭 本賞金:1550,620,390,230,155万円",12,1550.0,3,7,9,タンゴバイラリン,牡,3,55.0,大野,119.7,クビ,4,8.7,35.8,6-6-6-4,美浦 栗田,506,0,
202401020210,2024-08-11,札幌,10,藻岩山特別,芝,2000,右,晴,良,"2回 札幌 2日目 サラ系３歳以上 ２勝クラス       (混)(特指) 定量 12頭 本賞金:1550,620,390,230,155万円",12,1550.0,4,6,8,ブラックヴァール,牝,4,56.0,横山和,120.5,5,3,5.7,37.1,3-3-3-4,美浦 菊川,456,6,
202401020210,2024-08-11,札幌,10,藻岩山特別,芝,2000,右,晴,良,"2回 札幌 2日目 サラ系３歳以上 ２勝クラス       (混)(特指) 定量 12頭 本賞金:1550,620,390,230,155万円",12,1550.0,5,3,3,ギャンブルルーム,牡,3,55.0,鮫島駿,120.6,クビ,1,2.8,35.7,9-9-9-9,栗東 大久保,496,0,
202401020210,2024-08-11,札幌,10,藻岩山特別,芝,2000,右,晴,良,"2回 札幌 2日目 サラ系３歳以上 ２勝クラス       (混)(特指) 定量 12頭 本賞金:1550,620,390,230,155万円",12,1550.0,6,6,7,ヴィンセドリス,牡,4,58.0,横山武,120.7,1/2,7,16.1,35.9,8-8-8-7,栗東 友道,498,10,
202401020210,2024-08-11,札幌,10,藻岩山特別,芝,2000,右,晴,良,"2回 札幌 2日目 サラ系３歳以上 ２勝クラス       (混)(特指) 定量 12頭 本賞金:1550,620,390,230,155万円",12,1550.0,7,7,10,マイノワール,牡,3,55.0,武豊,120.8,3/4,5,12.3,35.5,10-10-10-10,栗東 笹田,478,0,
202401020210,2024-08-11,札幌,10,藻岩山特別,芝,2000,右,晴,良,"2回 札幌 2日目 サラ系３歳以上 ２勝クラス       (混)(特指) 定量 12頭 本賞金:1550,620,390,230,155万円",12,1550.0,8,5,5,カテリーナ,牝,3,53.0,北村友,120.9,3/4,2,3.8,36.4,7-7-7-7,栗東 田中克,470,8,
202401020210,2024-08-11,札幌,10,藻岩山特別,芝,2000,右,晴,良,"2回 札幌 2日目 サラ系３歳以上 ２勝クラス       (混)(特指) 定量 12頭 本賞金:1550,620,390,230,155万円",12,1550.0,9,8,12,ストップザタイム,牡,5,58.0,池添,121.1,3/4,6,13.0,37.8,2-2-2-2,栗東 昆,512,0,
202401020210,2024-08-11,札幌,10,藻岩山特別,芝,2000,右,晴,良,"2回 札幌 2日目 サラ系３歳以上 ２勝クラス       (混)(特指) 定量 12頭 本賞金:1550,620,390,230,155万円",12,1550.0,10,4,4,ワレハウミノコ,牝,4,56.0,斎藤,121.1,アタマ,11,44.6,35.6,11-11-11-11,栗東 武英,456,4,
202401020210,2024-08-11,札幌,10,藻岩山特別,芝,2000,右,晴,良,"2回 札幌 2日目 サラ系３歳以上 ２勝クラス       (混)(特指) 定量 12頭 本賞金:1550,620,390,230,155万円",12,1550.0,11,1,1,リミットバスター,牡,4,58.0,高倉,121.3,1,10,37.3,37.8,3-4-5-6,栗東 杉山晴,518,6,
202401020210,2024-08-11,札幌,10,藻岩山特別,芝,2000,右,晴,良,"2回 札幌 2日目 サラ系３歳以上 ２勝クラス       (混)(特指) 定量 12頭 本賞金:1550,620,390,230,155万円",12,1550.0,12,2,2,シャドウソニック,牡,4,58.0,菱田,121.3,クビ,9,33.4,35.7,12-12-11-11,栗東 辻野,500,6,
202401020211,2024-08-11,札幌,11,UHB賞,芝,1200,右,晴,良,"2回 札幌 2日目 サラ系３歳以上 オープン       (国際)(特指) 別定 16頭 本賞金:2300,920,580,350,230万円",16,2300.0,1,1,2,プルパレイ,セ,5,58.0,武豊,68.0,,5,12.2,34.4,3-2,栗東 須貝,498,4,
202401020211,2024-08-11,札幌,11,UHB賞,芝,1200,右,晴,良,"2回 札幌 2日目 サラ系３歳以上 オープン       (国際)(特指) 別定 16頭 本賞金:2300,920,580,350,230万円",16,2300.0,2,7,13,キミワクイーン,牝,5,57.0,横山武,68.1,3/4,4,10.3,33.8,12-13,美浦 奥村武,450,-4,
202401020211,2024-08-11,札幌,11,UHB賞,芝,1200,右,晴,良,"2回 札幌 2日目 サラ系３歳以上 オープン       (国際)(特指) 別定 16頭 本賞金:2300,920,580,350,230万円",16,2300.0,3,2,4,カンティーユ,牡,6,57.0,横山和,68.2,1/2,1,3.3,34.9,1-1,美浦 嘉藤,492,4,
202401020211,2024-08-11,札幌,11,UHB賞,芝,1200,右,晴,良,"2回 札幌 2日目 サラ系３歳以上 オープン       (国際)(特指) 別定 16頭 本賞金:2300,920,580,350,230万円",16,2300.0,4,5,9,エイシンフェンサー,牝,4,55.0,川又,68.2,クビ,3,6.7,34.4,6-5,栗東 吉村,482,6,
202401020211,2024-08-11,札幌,11,UHB賞,芝,1200,右,晴,良,"2回 札幌 2日目 サラ系３歳以上 オープン       (国際)(特指) 別定 16頭 本賞金:2300,920,580,350,230万円",16,2300.0,5,1,1,ソウテン,牡,5,57.0,石川倭,68.2,ハナ,14,84.7,34.3,8-5,栗東 斉藤崇,532,6,
202401020211,2024-08-11,札幌,11,UHB賞,芝,1200,右,晴,良,"2回 札幌 2日目 サラ系３歳以上 オープン       (国際)(特指) 別定 16頭 本賞金:2300,920,580,350,230万円",16,2300.0,6,6,11,ダノンマッキンリー,牡,3,56.0,北村友,68.2,アタマ,2,3.9,34.6,3-4,栗東 藤原,472,-2,
202401020211,2024-08-11,札幌,11,UHB賞,芝,1200,右,晴,良,"2回 札幌 2日目 サラ系３歳以上 オープン       (国際)(特指) 別定 16頭 本賞金:2300,920,580,350,230万円",16,2300.0,7,2,3,ミッキーハーモニー,牝,5,55.0,小林勝,68.2,アタマ,10,27.3,33.4,16-16,美浦 萩原,464,0,
202401020211,2024-08-11,札幌,11,UHB賞,芝,1200,右,晴,良,"2回 札幌 2日目 サラ系３歳以上 オープン       (国際)(特指) 別定 16頭 本賞金:2300,920,580,350,230万円",16,2300.0,8,8,15,クリノマジン,牡,5,57.0,高杉,68.3,クビ,15,141.7,34.4,8-9,栗東 高橋忠,454,-8,
202401020211,2024-08-11,札幌,11,UHB賞,芝,1200,右,晴,良,"2回 札幌 2日目 サラ系３歳以上 オープン       (国際)(特指) 別定 16頭 本賞金:2300,920,580,350,230万円",16,2300.0,9,6,12,ブトンドール,牝,4,55.0,斎藤,68.3,クビ,7,14.1,33.8,14-13,栗東 池添,514,18,
202401020211,2024-08-11,札幌,11,UHB賞,芝,1200,右,晴,良,"2回 札幌 2日目 サラ系３歳以上 オープン       (国際)(特指) 別定 16頭 本賞金:2300,920,580,350,230万円",16,2300.0,10,8,16,サブライムアンセム,牝,5,57.0,亀田,68.4,クビ,13,46.2,34.6,6-8,栗東 藤原,486,-14,
202401020211,2024-08-11,札幌,11,UHB賞,芝,1200,右,晴,良,"2回 札幌 2日目 サラ系３歳以上 オープン       (国際)(特指) 別定 16頭 本賞金:2300,920,580,350,230万円",16,2300.0,11,4,8,サトノラムセス,牡,6,57.0,池添,68.5,3/4,16,167.2,34.0,14-13,栗東 橋口,476,0,
202401020211,2024-08-11,札幌,11,UHB賞,芝,1200,右,晴,良,"2回 札幌 2日目 サラ系３歳以上 オープン       (国際)(特指) 別定 16頭 本賞金:2300,920,580,350,230万円",16,2300.0,12,3,6,トーセンローリエ,牝,4,55.0,丹内,68.5,クビ,8,19.0,34.3,12-12,美浦 小笠,448,4,
202401020211,2024-08-11,札幌,11,UHB賞,芝,1200,右,晴,良,"2回 札幌 2日目 サラ系３歳以上 オープン       (国際)(特指) 別定 16頭 本賞金:2300,920,580,350,230万円",16,2300.0,13,4,7,カルネアサーダ,牝,5,56.0,藤岡佑,68.8,1.3/4,12,41.9,35.3,2-2,栗東 福永,462,-6,
202401020211,2024-08-11,札幌,11,UHB賞,芝,1200,右,晴,良,"2回 札幌 2日目 サラ系３歳以上 オープン       (国際)(特指) 別定 16頭 本賞金:2300,920,580,350,230万円",16,2300.0,14,7,14,マメコ,牝,5,55.0,菱田,68.8,アタマ,9,26.6,35.1,3-5,栗東 武英,458,0,
202401020211,2024-08-11,札幌,11,UHB賞,芝,1200,右,晴,良,"2回 札幌 2日目 サラ系３歳以上 オープン       (国際)(特指) 別定 16頭 本賞金:2300,920,580,350,230万円",16,2300.0,15,3,5,シュバルツカイザー,セ,6,59.0,大野,69.0,1,11,35.3,35.0,10-9,美浦 大竹,496,4,
202401020211,2024-08-11,札幌,11,UHB賞,芝,1200,右,晴,良,"2回 札幌 2日目 サラ系３歳以上 オープン       (国際)(特指) 別定 16頭 本賞金:2300,920,580,350,230万円",16,2300.0,16,5,10,シナモンスティック,牝,5,57.0,鮫島駿,69.4,2.1/2,6,12.8,35.3,10-11,美浦 宗像,478,8,
202401020212,2024-08-11,札幌,12,3歳以上1勝クラス,ダ,1700,右,晴,良,"2回 札幌 2日目 サラ系３歳以上 １勝クラス       (混)(特指) 定量 12頭 本賞金:800,320,200,120,80万円",12,800.0,1,6,8,タイセイミッション,牡,3,55.0,石川倭,105.9,,6,14.9,38.9,5-6-4-2,美浦 伊藤圭,532,14,
202401020212,2024-08-11,札幌,12,3歳以上1勝クラス,ダ,1700,右,晴,良,"2回 札幌 2日目 サラ系３歳以上 １勝クラス       (混)(特指) 定量 12頭 本賞金:800,320,200,120,80万円",12,800.0,2,1,1,タクシンイメル,牝,3,53.0,横山武,106.7,5,2,3.9,40.0,1-1-1-1,栗東 武英,480,22,
202401020212,2024-08-11,札幌,12,3歳以上1勝クラス,ダ,1700,右,晴,良,"2回 札幌 2日目 サラ系３歳以上 １勝クラス       (混)(特指) 定量 12頭 本賞金:800,320,200,120,80万円",12,800.0,3,2,2,ドッビアーコ,牡,3,55.0,鮫島駿,106.8,1/2,1,3.1,38.9,9-8-7-4,栗東 奥村豊,548,2,
202401020212,2024-08-11,札幌,12,3歳以上1勝クラス,ダ,1700,右,晴,良,"2回 札幌 2日目 サラ系３歳以上 １勝クラス       (混)(特指) 定量 12頭 本賞金:800,320,200,120,80万円",12,800.0,4,3,3,イッツオンリーユー,牝,4,53.0,▲長浜,107.3,3,7,18.6,40.5,2-2-2-3,美浦 矢嶋,474,-2,
202401020212,2024-08-11,札幌,12,3歳以上1勝クラス,ダ,1700,右,晴,良,"2回 札幌 2日目 サラ系３歳以上 １勝クラス       (混)(特指) 定量 12頭 本賞金:800,320,200,120,80万円",12,800.0,5,6,7,タマモネモフィラ,牝,4,53.0,▲川端,107.7,2.1/2,10,104.9,39.8,8-8-7-4,栗東 大橋,478,0,
202401020212,2024-08-11,札幌,12,3歳以上1勝クラス,ダ,1700,右,晴,良,"2回 札幌 2日目 サラ系３歳以上 １勝クラス       (混)(特指) 定量 12頭 本賞金:800,320,200,120,80万円",12,800.0,6,8,11,ワイドブリザード,セ,3,52.0,▲高杉,107.8,クビ,3,4.8,40.2,7-7-6-8,美浦 武井,420,0,
202401020212,2024-08-11,札幌,12,3歳以上1勝クラス,ダ,1700,右,晴,良,"2回 札幌 2日目 サラ系３歳以上 １勝クラス       (混)(特指) 定量 12頭 本賞金:800,320,200,120,80万円",12,800.0,7,5,6,ボエーム,牡,3,55.0,小林凌,108.5,4,11,240.5,39.4,12-12-11-9,美浦 石栗,434,2,
202401020212,2024-08-11,札幌,12,3歳以上1勝クラス,ダ,1700,右,晴,良,"2回 札幌 2日目 サラ系３歳以上 １勝クラス       (混)(特指) 定量 12頭 本賞金:800,320,200,120,80万円",12,800.0,8,7,10,グディンナ,牝,3,53.0,菱田,108.7,1.1/2,5,10.4,41.4,5-5-5-7,栗東 牧田,410,6,
202401020212,2024-08-11,札幌,12,3歳以上1勝クラス,ダ,1700,右,晴,良,"2回 札幌 2日目 サラ系３歳以上 １勝クラス       (混)(特指) 定量 12頭 本賞金:800,320,200,120,80万円",12,800.0,9,5,5,リュクスドレフォン,牡,4,58.0,武豊,109.2,3,4,5.2,39.1,11-11-12-12,栗東 平田,528,6,
202401020212,2024-08-11,札幌,12,3歳以上1勝クラス,ダ,1700,右,晴,良,"2回 札幌 2日目 サラ系３歳以上 １勝クラス       (混)(特指) 定量 12頭 本賞金:800,320,200,120,80万円",12,800.0,10,4,4,クリノユキツバキ,牝,5,56.0,桑村真,109.3,3/4,12,277.3,40.6,10-10-10-10,美浦 天間,438,-4,
202401020212,2024-08-11,札幌,12,3歳以上1勝クラス,ダ,1700,右,晴,良,"2回 札幌 2日目 サラ系３歳以上 １勝クラス       (混)(特指) 定量 12頭 本賞金:800,320,200,120,80万円",12,800.0,11,7,9,ダイタジャスティス,牡,3,53.0,△小林勝,109.8,2.1/2,8,35.2,42.9,2-2-2-4,美浦 小野,486,8,
202401020212,2024-08-11,札幌,12,3歳以上1勝クラス,ダ,1700,右,晴,良,"2回 札幌 2日目 サラ系３歳以上 １勝クラス       (混)(特指) 定量 12頭 本賞金:800,320,200,120,80万円",12,800.0,12,8,12,ドンアレス,牡,3,55.0,高倉,111.4,10,9,55.3,43.6,4-4-7-10,栗東 牧浦,474,2,
202404030201,2024-08-11,新潟,1,3歳以上障害未勝利,障,2850,,曇,良,"3回 新潟 2日目 障害３歳以上 未勝利       (混) 定量 11頭 本賞金:790,320,200,120,79万円",11,790.0,1,6,7,ヴァトレニ,セ,6,60.0,森一,185.2,,1,2.8,13.0,1-1-1-1,栗東 長谷川,440,-4,
202404030201,2024-08-11,新潟,1,3歳以上障害未勝利,障,2850,,曇,良,"3回 新潟 2日目 障害３歳以上 未勝利       (混) 定量 11頭 本賞金:790,320,200,120,79万円",11,790.0,2,3,3,アメリカンピース,セ,6,60.0,小坂,185.2,クビ,2,2.9,13.0,2-2-2-2,栗東 音無,458,-2,
202404030201,2024-08-11,新潟,1,3歳以上障害未勝利,障,2850,,曇,良,"3回 新潟 2日目 障害３歳以上 未勝利       (混) 定量 11頭 本賞金:790,320,200,120,79万円",11,790.0,3,8,11,スズノイナズマ,セ,6,60.0,大江圭,186.6,8,4,6.4,13.1,3-3-3-3,美浦 深山,474,2,
202404030201,2024-08-11,新潟,1,3歳以上障害未勝利,障,2850,,曇,良,"3回 新潟 2日目 障害３歳以上 未勝利       (混) 定量 11頭 本賞金:790,320,200,120,79万円",11,790.0,4,7,9,イエローウィン,牝,5,58.0,石神深,188.0,8,7,42.4,13.2,9-9-9-9,美浦 菊川,478,4,
202404030201,2024-08-11,新潟,1,3歳以上障害未勝利,障,2850,,曇,良,"3回 新潟 2日目 障害３歳以上 未勝利       (混) 定量 11頭 本賞金:790,320,200,120,79万円",11,790.0,5,1,1,サファル,セ,6,60.0,伴,188.2,1.1/4,9,58.6,13.2,6-6-6-6,美浦 黒岩,554,4,
202404030201,2024-08-11,新潟,1,3歳以上障害未勝利,障,2850,,曇,良,"3回 新潟 2日目 障害３歳以上 未勝利       (混) 定量 11頭 本賞金:790,320,200,120,79万円",11,790.0,6,2,2,クリノサンシャイン,牝,7,58.0,江田勇,188.6,2.1/2,11,107.7,13.2,8-7-5-5,美浦 石毛,464,6,
202404030201,2024-08-11,新潟,1,3歳以上障害未勝利,障,2850,,曇,良,"3回 新潟 2日目 障害３歳以上 未勝利       (混) 定量 11頭 本賞金:790,320,200,120,79万円",11,790.0,7,6,6,ウインエタンセル,牡,4,60.0,小野寺,189.0,2,3,4.1,13.3,4-4-4-4,栗東 西園翔,490,2,
202404030201,2024-08-11,新潟,1,3歳以上障害未勝利,障,2850,,曇,良,"3回 新潟 2日目 障害３歳以上 未勝利       (混) 定量 11頭 本賞金:790,320,200,120,79万円",11,790.0,8,8,10,オールフラッグ,牡,5,57.0,▲坂口,189.9,5,5,18.5,13.3,6-7-8-8,美浦 奥村武,494,6,
202404030201,2024-08-11,新潟,1,3歳以上障害未勝利,障,2850,,曇,良,"3回 新潟 2日目 障害３歳以上 未勝利       (混) 定量 11頭 本賞金:790,320,200,120,79万円",11,790.0,9,5,5,サトノレギオン,牡,5,60.0,五十嵐,190.3,2.1/2,6,26.9,13.4,4-5-6-6,美浦 萩原,502,4,
202404030201,2024-08-11,新潟,1,3歳以上障害未勝利,障,2850,,曇,良,"3回 新潟 2日目 障害３歳以上 未勝利       (混) 定量 11頭 本賞金:790,320,200,120,79万円",11,790.0,10,7,8,カルマンフィルター,牡,3,58.0,草野,192.6,大,8,53.1,13.5,10-10-10-10,美浦 戸田,472,-14,
202404030201,2024-08-11,新潟,1,3歳以上障害未勝利,障,2850,,曇,良,"3回 新潟 2日目 障害３歳以上 未勝利       (混) 定量 11頭 本賞金:790,320,200,120,79万円",11,790.0,,4,4,エヴィエニス,牡,3,58.0,上野,,,10,105.5,,10-10,美浦 岩戸,496,8,中止
202404030202,2024-08-11,新潟,2,3歳未勝利,ダ,1800,左,晴,良,"3回 新潟 2日目 サラ系３歳 未勝利       [指] 馬齢 15頭 本賞金:550,220,140,83,55万円",15,550.0,1,3,5,コスモフレディ,牡,3,57.0,戸崎圭,114.0,,2,3.6,37.7,5-5-3-2,美浦 水野,450,-6,
202404030202,2024-08-11,新潟,2,3歳未勝利,ダ,1800,左,晴,良,"3回 新潟 2日目 サラ系３歳 未勝利       [指] 馬齢 15頭 本賞金:550,220,140,83,55万円",15,550.0,2,3,4,サノノゴールド,牡,3,57.0,松山,114.3,2,6,14.8,37.7,8-7-6-6,美浦 栗田,502,0,
202404030202,2024-08-11,新潟,2,3歳未勝利,ダ,1800,左,晴,良,"3回 新潟 2日目 サラ系３歳 未勝利       [指] 馬齢 15頭 本賞金:550,220,140,83,55万円",15,550.0,3,2,3,ミスサラワク,牝,3,55.0,津村,114.4,1/2,11,40.9,38.2,3-3-3-2,美浦 本間,494,-8,
202404030202,2024-08-11,新潟,2,3歳未勝利,ダ,1800,左,晴,良,"3回 新潟 2日目 サラ系３歳 未勝利       [指] 馬齢 15頭 本賞金:550,220,140,83,55万円",15,550.0,4,2,2,キョウエイフロイデ,牝,3,52.0,▲石田,114.4,クビ,8,17.0,37.5,11-11-9-7,美浦 中川,472,0,
202404030202,2024-08-11,新潟,2,3歳未勝利,ダ,1800,左,晴,良,"3回 新潟 2日目 サラ系３歳 未勝利       [指] 馬齢 15頭 本賞金:550,220,140,83,55万円",15,550.0,5,6,11,ラキアレクサンダー,牡,3,57.0,三浦,114.6,1.1/2,1,3.0,38.5,2-2-2-2,美浦 竹内,510,-4,
202404030202,2024-08-11,新潟,2,3歳未勝利,ダ,1800,左,晴,良,"3回 新潟 2日目 サラ系３歳 未勝利       [指] 馬齢 15頭 本賞金:550,220,140,83,55万円",15,550.0,6,5,9,キタノマキシム,牡,3,57.0,松岡,114.9,1.3/4,9,21.0,38.9,1-1-1-1,美浦 伊藤伸,466,-4,
202404030202,2024-08-11,新潟,2,3歳未勝利,ダ,1800,左,晴,良,"3回 新潟 2日目 サラ系３歳 未勝利       [指] 馬齢 15頭 本賞金:550,220,140,83,55万円",15,550.0,7,6,10,バルダンツァ,牡,3,57.0,丸田,115.7,5,7,16.1,38.8,10-10-9-10,美浦 石毛,464,-2,
202404030202,2024-08-11,新潟,2,3歳未勝利,ダ,1800,左,晴,良,"3回 新潟 2日目 サラ系３歳 未勝利       [指] 馬齢 15頭 本賞金:550,220,140,83,55万円",15,550.0,8,7,13,インターシア,牡,3,57.0,Ｍデム,116.3,3.1/2,10,27.3,39.0,12-12-13-12,美浦 牧,418,8,
202404030202,2024-08-11,新潟,2,3歳未勝利,ダ,1800,左,晴,良,"3回 新潟 2日目 サラ系３歳 未勝利       [指] 馬齢 15頭 本賞金:550,220,140,83,55万円",15,550.0,9,4,6,カレンタクト,牝,3,55.0,菅原明,116.8,3,3,7.1,40.6,3-3-3-5,美浦 田村,494,-2,
202404030202,2024-08-11,新潟,2,3歳未勝利,ダ,1800,左,晴,良,"3回 新潟 2日目 サラ系３歳 未勝利       [指] 馬齢 15頭 本賞金:550,220,140,83,55万円",15,550.0,10,5,8,ジョリーロジャー,牡,3,57.0,岩田康,117.1,2,4,9.1,40.5,5-5-6-8,美浦 和田郎,556,-2,
202404030202,2024-08-11,新潟,2,3歳未勝利,ダ,1800,左,晴,良,"3回 新潟 2日目 サラ系３歳 未勝利       [指] 馬齢 15頭 本賞金:550,220,140,83,55万円",15,550.0,11,8,15,グランパープル,牡,3,54.0,▲石神道,117.6,3.1/2,14,420.3,38.8,14-14-14-14,美浦 和田郎,486,-20,
202404030202,2024-08-11,新潟,2,3歳未勝利,ダ,1800,左,晴,良,"3回 新潟 2日目 サラ系３歳 未勝利       [指] 馬齢 15頭 本賞金:550,220,140,83,55万円",15,550.0,12,7,12,ルルフィーユ,牝,3,54.0,☆原,117.9,1.1/2,5,14.8,41.1,8-7-9-10,美浦 伊藤大,446,-2,
202404030202,2024-08-11,新潟,2,3歳未勝利,ダ,1800,左,晴,良,"3回 新潟 2日目 サラ系３歳 未勝利       [指] 馬齢 15頭 本賞金:550,220,140,83,55万円",15,550.0,13,8,14,グランナヴィール,牡,3,57.0,石川,118.1,1.1/4,13,82.1,41.0,13-12-12-13,美浦 堀内,530,-4,
202404030202,2024-08-11,新潟,2,3歳未勝利,ダ,1800,左,晴,良,"3回 新潟 2日目 サラ系３歳 未勝利       [指] 馬齢 15頭 本賞金:550,220,140,83,55万円",15,550.0,14,1,1,フジサンワイシーシ,牡,3,55.0,△小林脩,120.0,大,15,449.0,43.3,5-7-6-8,美浦 松山,494,16,
202404030202,2024-08-11,新潟,2,3歳未勝利,ダ,1800,左,晴,良,"3回 新潟 2日目 サラ系３歳 未勝利       [指] 馬齢 15頭 本賞金:550,220,140,83,55万円",15,550.0,,4,7,トゥルーマンショウ,牡,3,57.0,佐々木,,,12,63.3,,14-15-15-15,美浦 和田勇,510,0,中止
202404030203,2024-08-11,新潟,3,2歳未勝利,芝,1400,左,晴,良,"3回 新潟 2日目 サラ系２歳 未勝利       (混)[指] 馬齢 14頭 本賞金:550,220,140,83,55万円",14,550.0,1,2,2,キョウエイボニータ,牝,2,55.0,松岡,82.2,,1,2.3,36.0,4-4,美浦 伊藤伸,446,0,
202404030203,2024-08-11,新潟,3,2歳未勝利,芝,1400,左,晴,良,"3回 新潟 2日目 サラ系２歳 未勝利       (混)[指] 馬齢 14頭 本賞金:550,220,140,83,55万円",14,550.0,2,4,6,イノキ,牡,2,55.0,菅原明,82.4,1.1/4,3,5.6,36.5,1-1,美浦 岩戸,474,-2,
202404030203,2024-08-11,新潟,3,2歳未勝利,芝,1400,左,晴,良,"3回 新潟 2日目 サラ系２歳 未勝利       (混)[指] 馬齢 14頭 本賞金:550,220,140,83,55万円",14,550.0,3,6,9,メイリー,牝,2,55.0,田辺,82.6,1.1/2,2,5.3,36.2,6-6,美浦 鈴木慎,434,-4,
202404030203,2024-08-11,新潟,3,2歳未勝利,芝,1400,左,晴,良,"3回 新潟 2日目 サラ系２歳 未勝利       (混)[指] 馬齢 14頭 本賞金:550,220,140,83,55万円",14,550.0,4,8,13,マリノトニトゥルス,牝,2,51.0,★大江比,82.8,1.1/2,7,19.5,36.0,9-9,美浦 武市,454,-6,
202404030203,2024-08-11,新潟,3,2歳未勝利,芝,1400,左,晴,良,"3回 新潟 2日目 サラ系２歳 未勝利       (混)[指] 馬齢 14頭 本賞金:550,220,140,83,55万円",14,550.0,5,4,5,シュラフ,牝,2,55.0,岩部,83.1,1.1/2,4,9.2,36.9,4-4,美浦 佐藤吉,414,-2,
202404030203,2024-08-11,新潟,3,2歳未勝利,芝,1400,左,晴,良,"3回 新潟 2日目 サラ系２歳 未勝利       (混)[指] 馬齢 14頭 本賞金:550,220,140,83,55万円",14,550.0,6,7,11,エネルゲイア,牡,2,55.0,永野,83.4,2,9,21.7,36.9,7-7,美浦 清水英,464,-4,
202404030203,2024-08-11,新潟,3,2歳未勝利,芝,1400,左,晴,良,"3回 新潟 2日目 サラ系２歳 未勝利       (混)[指] 馬齢 14頭 本賞金:550,220,140,83,55万円",14,550.0,7,5,7,リュウノヒルド,牝,2,55.0,荻野極,83.5,3/4,6,13.1,37.5,2-2,美浦 伊坂,430,-8,
202404030203,2024-08-11,新潟,3,2歳未勝利,芝,1400,左,晴,良,"3回 新潟 2日目 サラ系２歳 未勝利       (混)[指] 馬齢 14頭 本賞金:550,220,140,83,55万円",14,550.0,8,7,12,チートメジャー,牡,2,52.0,▲石神道,83.5,ハナ,12,255.1,37.0,7-7,美浦 武井,476,2,
202404030203,2024-08-11,新潟,3,2歳未勝利,芝,1400,左,晴,良,"3回 新潟 2日目 サラ系２歳 未勝利       (混)[指] 馬齢 14頭 本賞金:550,220,140,83,55万円",14,550.0,9,1,1,スンシム,牝,2,52.0,▲石田,83.7,1,10,94.8,36.8,10-9,美浦 村田,404,4,
202404030203,2024-08-11,新潟,3,2歳未勝利,芝,1400,左,晴,良,"3回 新潟 2日目 サラ系２歳 未勝利       (混)[指] 馬齢 14頭 本賞金:550,220,140,83,55万円",14,550.0,10,8,14,チョウノミツツボ,牝,2,55.0,杉原,83.9,1.1/4,11,118.6,36.5,12-11,美浦 奥平,398,-4,
202404030203,2024-08-11,新潟,3,2歳未勝利,芝,1400,左,晴,良,"3回 新潟 2日目 サラ系２歳 未勝利       (混)[指] 馬齢 14頭 本賞金:550,220,140,83,55万円",14,550.0,11,3,4,ココマドンナ,牝,2,55.0,原田和,84.0,3/4,13,467.7,36.0,14-14,美浦 南田,398,-2,
202404030203,2024-08-11,新潟,3,2歳未勝利,芝,1400,左,晴,良,"3回 新潟 2日目 サラ系２歳 未勝利       (混)[指] 馬齢 14頭 本賞金:550,220,140,83,55万円",14,550.0,12,3,3,コスモシンテイ,牝,2,55.0,佐々木,84.3,1.3/4,5,10.5,36.6,13-13,美浦 金成,488,-2,
202404030203,2024-08-11,新潟,3,2歳未勝利,芝,1400,左,晴,良,"3回 新潟 2日目 サラ系２歳 未勝利       (混)[指] 馬齢 14頭 本賞金:550,220,140,83,55万円",14,550.0,13,5,8,エンプレスフレーム,牝,2,54.0,☆原,84.8,2.1/2,8,20.8,38.7,3-3,美浦 上原博,434,2,
202404030203,2024-08-11,新潟,3,2歳未勝利,芝,1400,左,晴,良,"3回 新潟 2日目 サラ系２歳 未勝利       (混)[指] 馬齢 14頭 本賞金:550,220,140,83,55万円",14,550.0,14,6,10,カシノシンマナ,牝,2,52.0,▲土田,86.0,7,14,591.1,39.0,11-12,美浦 天間,434,-14,
202404030204,2024-08-11,新潟,4,3歳未勝利,ダ,1200,左,晴,良,"3回 新潟 2日目 サラ系３歳 未勝利       [指] 馬齢 15頭 本賞金:550,220,140,83,55万円",15,550.0,1,3,5,レッドレナート,牡,3,57.0,佐々木,72.2,,1,2.5,37.7,1-1,美浦 手塚,476,-4,
202404030204,2024-08-11,新潟,4,3歳未勝利,ダ,1200,左,晴,良,"3回 新潟 2日目 サラ系３歳 未勝利       [指] 馬齢 15頭 本賞金:550,220,140,83,55万円",15,550.0,2,4,7,ペイシャツネ,牡,3,54.0,▲石神道,72.9,4,4,8.6,38.2,2-2,美浦 深山,452,4,
202404030204,2024-08-11,新潟,4,3歳未勝利,ダ,1200,左,晴,良,"3回 新潟 2日目 サラ系３歳 未勝利       [指] 馬齢 15頭 本賞金:550,220,140,83,55万円",15,550.0,3,1,1,フジゴウキャク,牡,3,57.0,木幡巧,72.9,アタマ,7,40.4,37.8,7-5,美浦 岩戸,490,4,
202404030204,2024-08-11,新潟,4,3歳未勝利,ダ,1200,左,晴,良,"3回 新潟 2日目 サラ系３歳 未勝利       [指] 馬齢 15頭 本賞金:550,220,140,83,55万円",15,550.0,4,7,12,シーニックビュー,牡,3,57.0,岩田康,73.2,2,3,7.7,38.3,5-5,美浦 加藤征,510,2,
202404030204,2024-08-11,新潟,4,3歳未勝利,ダ,1200,左,晴,良,"3回 新潟 2日目 サラ系３歳 未勝利       [指] 馬齢 15頭 本賞金:550,220,140,83,55万円",15,550.0,5,2,3,ゴールデンオスカー,牡,3,57.0,石川,73.3,クビ,2,2.5,38.5,4-3,美浦 堀内,484,0,
202404030204,2024-08-11,新潟,4,3歳未勝利,ダ,1200,左,晴,良,"3回 新潟 2日目 サラ系３歳 未勝利       [指] 馬齢 15頭 本賞金:550,220,140,83,55万円",15,550.0,6,7,13,キングプロフィット,牡,3,54.0,▲石田,73.4,1/2,9,49.1,38.2,7-8,美浦 新開,462,2,
202404030204,2024-08-11,新潟,4,3歳未勝利,ダ,1200,左,晴,良,"3回 新潟 2日目 サラ系３歳 未勝利       [指] 馬齢 15頭 本賞金:550,220,140,83,55万円",15,550.0,7,4,6,レッツゴーヒカリ,牡,3,56.0,☆原,73.4,クビ,13,296.9,38.5,5-5,美浦 矢野,424,-5,
202404030204,2024-08-11,新潟,4,3歳未勝利,ダ,1200,左,晴,良,"3回 新潟 2日目 サラ系３歳 未勝利       [指] 馬齢 15頭 本賞金:550,220,140,83,55万円",15,550.0,8,8,14,ノーブルニードル,牡,3,57.0,柴田大,73.7,2,10,55.4,38.1,10-10,美浦 粕谷,526,0,
202404030204,2024-08-11,新潟,4,3歳未勝利,ダ,1200,左,晴,良,"3回 新潟 2日目 サラ系３歳 未勝利       [指] 馬齢 15頭 本賞金:550,220,140,83,55万円",15,550.0,9,2,2,モーニントンライン,牡,3,57.0,原田和,74.0,1.1/2,5,12.3,38.4,10-10,美浦 小野,472,6,
202404030204,2024-08-11,新潟,4,3歳未勝利,ダ,1200,左,晴,良,"3回 新潟 2日目 サラ系３歳 未勝利       [指] 馬齢 15頭 本賞金:550,220,140,83,55万円",15,550.0,10,6,10,トーアマリシテン,牡,3,56.0,☆横山琉,74.4,2.1/2,11,147.0,38.2,14-14,美浦 小島,458,2,
202404030204,2024-08-11,新潟,4,3歳未勝利,ダ,1200,左,晴,良,"3回 新潟 2日目 サラ系３歳 未勝利       [指] 馬齢 15頭 本賞金:550,220,140,83,55万円",15,550.0,11,6,11,サクラリゲル,牡,3,57.0,石橋脩,74.4,クビ,8,41.7,38.4,12-12,美浦 勢司,470,-14,
202404030204,2024-08-11,新潟,4,3歳未勝利,ダ,1200,左,晴,良,"3回 新潟 2日目 サラ系３歳 未勝利       [指] 馬齢 15頭 本賞金:550,220,140,83,55万円",15,550.0,12,5,9,ヒナボンボン,牝,3,55.0,菅原隆,74.5,3/4,14,348.1,38.5,12-13,美浦 小手川,486,-4,
202404030204,2024-08-11,新潟,4,3歳未勝利,ダ,1200,左,晴,良,"3回 新潟 2日目 サラ系３歳 未勝利       [指] 馬齢 15頭 本賞金:550,220,140,83,55万円",15,550.0,13,8,15,ニシノリアリティ,牡,3,57.0,永野,74.6,1/2,6,33.9,39.9,2-3,美浦 田村,514,-12,
202404030204,2024-08-11,新潟,4,3歳未勝利,ダ,1200,左,晴,良,"3回 新潟 2日目 サラ系３歳 未勝利       [指] 馬齢 15頭 本賞金:550,220,140,83,55万円",15,550.0,14,3,4,ワンダーソロ,牝,3,53.0,△小林脩,74.6,ハナ,12,188.8,39.2,9-9,美浦 畠山,430,-8,
202404030204,2024-08-11,新潟,4,3歳未勝利,ダ,1200,左,晴,良,"3回 新潟 2日目 サラ系３歳 未勝利       [指] 馬齢 15頭 本賞金:550,220,140,83,55万円",15,550.0,,5,8,タッカーバレット,牡,3,57.0,戸崎圭,,,,,,,美浦 田島,494,0,除外
202404030205,2024-08-11,新潟,5,2歳新馬,芝,1600,左,晴,良,"3回 新潟 2日目 サラ系２歳 新馬       [指] 馬齢 13頭 本賞金:720,290,180,110,72万円",13,720.0,1,5,7,マスカレードボール,牡,2,55.0,戸崎圭,95.8,,1,1.6,34.4,10-10,美浦 手塚,460,0,
202404030205,2024-08-11,新潟,5,2歳新馬,芝,1600,左,晴,良,"3回 新潟 2日目 サラ系２歳 新馬       [指] 馬齢 13頭 本賞金:720,290,180,110,72万円",13,720.0,2,8,12,マイネルチケット,牡,2,55.0,佐々木,95.9,1/2,3,5.4,35.1,3-3,栗東 宮,448,0,
202404030205,2024-08-11,新潟,5,2歳新馬,芝,1600,左,晴,良,"3回 新潟 2日目 サラ系２歳 新馬       [指] 馬齢 13頭 本賞金:720,290,180,110,72万円",13,720.0,3,7,11,アユツリー,牝,2,55.0,田辺,95.9,クビ,5,20.7,34.8,8-8,美浦 久保田,416,0,
202404030205,2024-08-11,新潟,5,2歳新馬,芝,1600,左,晴,良,"3回 新潟 2日目 サラ系２歳 新馬       [指] 馬齢 13頭 本賞金:720,290,180,110,72万円",13,720.0,4,5,6,ココアミュレット,牝,2,55.0,ルメー,96.0,1/2,2,4.9,35.1,3-3,美浦 稲垣,440,0,
202404030205,2024-08-11,新潟,5,2歳新馬,芝,1600,左,晴,良,"3回 新潟 2日目 サラ系２歳 新馬       [指] 馬齢 13頭 本賞金:720,290,180,110,72万円",13,720.0,5,8,13,マイネルフルムーン,牡,2,55.0,石川,96.1,1/2,6,24.8,35.1,6-6,栗東 吉田,458,0,
202404030205,2024-08-11,新潟,5,2歳新馬,芝,1600,左,晴,良,"3回 新潟 2日目 サラ系２歳 新馬       [指] 馬齢 13頭 本賞金:720,290,180,110,72万円",13,720.0,6,4,4,ウーバーストロング,牡,2,52.0,▲佐藤,96.3,1,10,73.6,35.3,7-6,美浦 杉浦,450,0,
202404030205,2024-08-11,新潟,5,2歳新馬,芝,1600,左,晴,良,"3回 新潟 2日目 サラ系２歳 新馬       [指] 馬齢 13頭 本賞金:720,290,180,110,72万円",13,720.0,7,6,9,ニシノルアノーヴァ,牡,2,55.0,永野,96.4,1/2,4,15.0,35.7,2-2,美浦 古賀,464,0,
202404030205,2024-08-11,新潟,5,2歳新馬,芝,1600,左,晴,良,"3回 新潟 2日目 サラ系２歳 新馬       [指] 馬齢 13頭 本賞金:720,290,180,110,72万円",13,720.0,8,4,5,エウテルペ,牝,2,55.0,丸山,96.6,1.1/2,8,46.5,34.8,12-12,美浦 和田郎,442,0,
202404030205,2024-08-11,新潟,5,2歳新馬,芝,1600,左,晴,良,"3回 新潟 2日目 サラ系２歳 新馬       [指] 馬齢 13頭 本賞金:720,290,180,110,72万円",13,720.0,9,6,8,ペップトーク,牝,2,55.0,三浦,96.7,1,9,67.4,35.3,11-11,美浦 千葉,412,0,
202404030205,2024-08-11,新潟,5,2歳新馬,芝,1600,左,晴,良,"3回 新潟 2日目 サラ系２歳 新馬       [指] 馬齢 13頭 本賞金:720,290,180,110,72万円",13,720.0,10,7,10,ビップモアナ,牝,2,55.0,津村,97.0,1.1/2,7,33.7,36.1,5-3,美浦 田島,480,0,
202404030205,2024-08-11,新潟,5,2歳新馬,芝,1600,左,晴,良,"3回 新潟 2日目 サラ系２歳 新馬       [指] 馬齢 13頭 本賞金:720,290,180,110,72万円",13,720.0,11,1,1,アリストキャット,牡,2,54.0,☆原,97.6,3.1/2,12,173.2,35.8,12-12,美浦 土田,400,0,
202404030205,2024-08-11,新潟,5,2歳新馬,芝,1600,左,晴,良,"3回 新潟 2日目 サラ系２歳 新馬       [指] 馬齢 13頭 本賞金:720,290,180,110,72万円",13,720.0,12,2,2,ゼロファイター,牡,2,52.0,▲石神道,97.9,2,13,206.1,36.5,9-9,美浦 和田雄,408,0,
202404030205,2024-08-11,新潟,5,2歳新馬,芝,1600,左,晴,良,"3回 新潟 2日目 サラ系２歳 新馬       [指] 馬齢 13頭 本賞金:720,290,180,110,72万円",13,720.0,13,3,3,ブルドッグキング,牡,2,55.0,内田博,100.4,大,11,109.8,39.7,1-1,美浦 斎藤誠,480,0,
202404030206,2024-08-11,新潟,6,3歳未勝利,芝,1800,左,晴,良,"3回 新潟 2日目 サラ系３歳 未勝利       (混)[指] 馬齢 18頭 本賞金:550,220,140,83,55万円",18,550.0,1,8,18,エイシンポリシー,牝,3,55.0,石橋脩,106.9,,5,14.0,35.1,1-1,美浦 勢司,472,0,
202404030206,2024-08-11,新潟,6,3歳未勝利,芝,1800,左,晴,良,"3回 新潟 2日目 サラ系３歳 未勝利       (混)[指] 馬齢 18頭 本賞金:550,220,140,83,55万円",18,550.0,2,5,9,カンデラリア,牡,3,57.0,菅原明,107.2,1.1/2,2,2.8,34.5,11-11,美浦 宗像,488,-2,
202404030206,2024-08-11,新潟,6,3歳未勝利,芝,1800,左,晴,良,"3回 新潟 2日目 サラ系３歳 未勝利       (混)[指] 馬齢 18頭 本賞金:550,220,140,83,55万円",18,550.0,3,3,6,ユウキヒャクバイ,牡,3,57.0,杉原,107.3,1/2,12,105.0,35.3,2-2,美浦 加藤和,500,6,
202404030206,2024-08-11,新潟,6,3歳未勝利,芝,1800,左,晴,良,"3回 新潟 2日目 サラ系３歳 未勝利       (混)[指] 馬齢 18頭 本賞金:550,220,140,83,55万円",18,550.0,4,6,11,パロサント,牝,3,55.0,丸山,107.4,1/2,7,29.8,35.4,2-2,美浦 国枝,420,-2,
202404030206,2024-08-11,新潟,6,3歳未勝利,芝,1800,左,晴,良,"3回 新潟 2日目 サラ系３歳 未勝利       (混)[指] 馬齢 18頭 本賞金:550,220,140,83,55万円",18,550.0,5,2,3,コスモカノア,牝,3,55.0,津村,107.6,1.1/4,6,16.7,35.1,9-8,美浦 大和田,370,-4,
202404030206,2024-08-11,新潟,6,3歳未勝利,芝,1800,左,晴,良,"3回 新潟 2日目 サラ系３歳 未勝利       (混)[指] 馬齢 18頭 本賞金:550,220,140,83,55万円",18,550.0,6,4,8,チョボナイノ,牝,3,54.0,☆原,107.6,クビ,13,108.3,35.4,4-4,美浦 小手川,412,-6,
202404030206,2024-08-11,新潟,6,3歳未勝利,芝,1800,左,晴,良,"3回 新潟 2日目 サラ系３歳 未勝利       (混)[指] 馬齢 18頭 本賞金:550,220,140,83,55万円",18,550.0,7,5,10,ウェイトゥザドーン,牡,3,57.0,松岡,107.8,1,4,11.5,34.7,12-13,美浦 戸田,462,-4,
202404030206,2024-08-11,新潟,6,3歳未勝利,芝,1800,左,晴,良,"3回 新潟 2日目 サラ系３歳 未勝利       (混)[指] 馬齢 18頭 本賞金:550,220,140,83,55万円",18,550.0,8,2,4,シンバーシア,牝,3,55.0,ルメー,107.8,クビ,1,2.3,35.4,6-6,美浦 国枝,442,-14,
202404030206,2024-08-11,新潟,6,3歳未勝利,芝,1800,左,晴,良,"3回 新潟 2日目 サラ系３歳 未勝利       (混)[指] 馬齢 18頭 本賞金:550,220,140,83,55万円",18,550.0,9,4,7,ヘブンズサウンド,牡,3,56.0,☆横山琉,108.0,1,17,277.2,35.0,14-13,美浦 武藤,404,-8,
202404030206,2024-08-11,新潟,6,3歳未勝利,芝,1800,左,晴,良,"3回 新潟 2日目 サラ系３歳 未勝利       (混)[指] 馬齢 18頭 本賞金:550,220,140,83,55万円",18,550.0,9,7,14,ムージャン,牝,3,51.0,★大江比,108.0,1,15,143.6,35.4,8-8,美浦 小手川,440,8,
202404030206,2024-08-11,新潟,6,3歳未勝利,芝,1800,左,晴,良,"3回 新潟 2日目 サラ系３歳 未勝利       (混)[指] 馬齢 18頭 本賞金:550,220,140,83,55万円",18,550.0,11,7,13,ジャスティンローマ,牡,3,57.0,荻野極,108.1,3/4,14,123.1,34.2,17-18,美浦 鹿戸,434,-4,
202404030206,2024-08-11,新潟,6,3歳未勝利,芝,1800,左,晴,良,"3回 新潟 2日目 サラ系３歳 未勝利       (混)[指] 馬齢 18頭 本賞金:550,220,140,83,55万円",18,550.0,12,1,2,レッグスルー,牡,3,56.0,☆秋山稔,108.2,3/4,16,147.6,34.5,17-17,美浦 尾関,420,-8,
202404030206,2024-08-11,新潟,6,3歳未勝利,芝,1800,左,晴,良,"3回 新潟 2日目 サラ系３歳 未勝利       (混)[指] 馬齢 18頭 本賞金:550,220,140,83,55万円",18,550.0,13,8,17,キングオリヴァー,牡,3,57.0,石川,108.5,1.1/2,10,86.4,34.8,14-15,美浦 奥村武,438,-2,
202404030206,2024-08-11,新潟,6,3歳未勝利,芝,1800,左,晴,良,"3回 新潟 2日目 サラ系３歳 未勝利       (混)[指] 馬齢 18頭 本賞金:550,220,140,83,55万円",18,550.0,14,8,16,ブレイヴリー,牝,3,55.0,野中,108.6,1/2,9,69.7,35.7,12-11,美浦 黒岩,388,-4,
202404030206,2024-08-11,新潟,6,3歳未勝利,芝,1800,左,晴,良,"3回 新潟 2日目 サラ系３歳 未勝利       (混)[指] 馬齢 18頭 本賞金:550,220,140,83,55万円",18,550.0,15,6,12,ショウナンナツゾラ,牝,3,55.0,岩田康,109.0,2.1/2,3,8.1,36.6,6-6,美浦 武市,416,-10,
202404030206,2024-08-11,新潟,6,3歳未勝利,芝,1800,左,晴,良,"3回 新潟 2日目 サラ系３歳 未勝利       (混)[指] 馬齢 18頭 本賞金:550,220,140,83,55万円",18,550.0,16,1,1,セイウンアーテル,牡,3,57.0,内田博,109.0,クビ,11,101.8,36.3,9-8,美浦 古賀,464,8,
202404030206,2024-08-11,新潟,6,3歳未勝利,芝,1800,左,晴,良,"3回 新潟 2日目 サラ系３歳 未勝利       (混)[指] 馬齢 18頭 本賞金:550,220,140,83,55万円",18,550.0,17,3,5,ディーファンクス,牡,3,57.0,木幡巧,109.1,クビ,18,408.0,36.8,5-4,美浦 佐藤吉,466,-12,
202404030206,2024-08-11,新潟,6,3歳未勝利,芝,1800,左,晴,良,"3回 新潟 2日目 サラ系３歳 未勝利       (混)[指] 馬齢 18頭 本賞金:550,220,140,83,55万円",18,550.0,,7,15,ダイアトリーム,牡,3,57.0,佐々木,,,8,39.2,,14-15,美浦 堀,480,2,中止
202404030207,2024-08-11,新潟,7,3歳以上1勝クラス,芝,2000,左,晴,良,"3回 新潟 2日目 サラ系３歳以上 １勝クラス       (混)[指] 定量 11頭 本賞金:800,320,200,120,80万円",11,800.0,1,8,10,ジオセントリック,牡,3,55.0,石川,120.3,,3,4.1,33.8,2-2,美浦 手塚,478,2,
202404030207,2024-08-11,新潟,7,3歳以上1勝クラス,芝,2000,左,晴,良,"3回 新潟 2日目 サラ系３歳以上 １勝クラス       (混)[指] 定量 11頭 本賞金:800,320,200,120,80万円",11,800.0,2,3,3,トライデントスピア,牡,3,55.0,ルメー,120.8,3,1,1.7,33.9,9-7,美浦 田中博,522,2,
202404030207,2024-08-11,新潟,7,3歳以上1勝クラス,芝,2000,左,晴,良,"3回 新潟 2日目 サラ系３歳以上 １勝クラス       (混)[指] 定量 11頭 本賞金:800,320,200,120,80万円",11,800.0,3,6,6,ダノンホイットニー,牝,3,53.0,戸崎圭,121.1,1.3/4,2,3.9,34.2,7-7,美浦 大竹,420,-10,
202404030207,2024-08-11,新潟,7,3歳以上1勝クラス,芝,2000,左,晴,良,"3回 新潟 2日目 サラ系３歳以上 １勝クラス       (混)[指] 定量 11頭 本賞金:800,320,200,120,80万円",11,800.0,4,5,5,アイファーバトル,牡,3,55.0,野中,121.1,アタマ,5,20.5,34.1,9-9,美浦 根本,452,4,
202404030207,2024-08-11,新潟,7,3歳以上1勝クラス,芝,2000,左,晴,良,"3回 新潟 2日目 サラ系３歳以上 １勝クラス       (混)[指] 定量 11頭 本賞金:800,320,200,120,80万円",11,800.0,5,1,1,トゥルース,牡,4,58.0,松山,121.2,クビ,7,56.7,34.5,5-3,美浦 金成,506,2,
202404030207,2024-08-11,新潟,7,3歳以上1勝クラス,芝,2000,左,晴,良,"3回 新潟 2日目 サラ系３歳以上 １勝クラス       (混)[指] 定量 11頭 本賞金:800,320,200,120,80万円",11,800.0,6,7,8,フナデ,牡,3,55.0,佐々木,121.3,1/2,4,15.6,34.7,3-3,美浦 嘉藤,440,4,
202404030207,2024-08-11,新潟,7,3歳以上1勝クラス,芝,2000,左,晴,良,"3回 新潟 2日目 サラ系３歳以上 １勝クラス       (混)[指] 定量 11頭 本賞金:800,320,200,120,80万円",11,800.0,7,8,11,ネッロランパンテ,牝,4,53.0,▲佐藤,121.8,3,9,82.5,35.4,1-1,美浦 杉浦,466,0,
202404030207,2024-08-11,新潟,7,3歳以上1勝クラス,芝,2000,左,晴,良,"3回 新潟 2日目 サラ系３歳以上 １勝クラス       (混)[指] 定量 11頭 本賞金:800,320,200,120,80万円",11,800.0,8,2,2,ネイサン,牡,3,55.0,丸田,121.9,3/4,11,378.7,34.8,11-11,美浦 南田,450,12,
202404030207,2024-08-11,新潟,7,3歳以上1勝クラス,芝,2000,左,晴,良,"3回 新潟 2日目 サラ系３歳以上 １勝クラス       (混)[指] 定量 11頭 本賞金:800,320,200,120,80万円",11,800.0,9,7,9,コスモダークナイト,牡,5,58.0,丸山,122.1,1.1/2,8,62.6,35.3,5-6,栗東 吉田,500,-4,
202404030207,2024-08-11,新潟,7,3歳以上1勝クラス,芝,2000,左,晴,良,"3回 新潟 2日目 サラ系３歳以上 １勝クラス       (混)[指] 定量 11頭 本賞金:800,320,200,120,80万円",11,800.0,10,6,7,フユソウビ,牡,3,54.0,☆原,122.4,1.1/2,10,240.9,35.4,7-9,美浦 青木,468,8,
202404030207,2024-08-11,新潟,7,3歳以上1勝クラス,芝,2000,左,晴,良,"3回 新潟 2日目 サラ系３歳以上 １勝クラス       (混)[指] 定量 11頭 本賞金:800,320,200,120,80万円",11,800.0,11,4,4,ロアノークテソーロ,牝,3,53.0,木幡巧,122.6,1.1/4,6,33.2,35.9,4-3,美浦 牧,460,6,
202404030208,2024-08-11,新潟,8,3歳以上1勝クラス,ダ,1800,左,晴,良,"3回 新潟 2日目 サラ系３歳以上 １勝クラス       [指] 定量 15頭 本賞金:800,320,200,120,80万円",15,800.0,1,6,11,ウィンドフォール,牡,3,55.0,木幡巧,112.9,,1,2.4,36.4,1-1-1-1,美浦 牧,460,-6,
202404030208,2024-08-11,新潟,8,3歳以上1勝クラス,ダ,1800,左,晴,良,"3回 新潟 2日目 サラ系３歳以上 １勝クラス       [指] 定量 15頭 本賞金:800,320,200,120,80万円",15,800.0,2,3,4,キャネル,牡,3,55.0,ルメー,113.3,2.1/2,2,4.5,36.5,3-3-3-4,美浦 手塚,496,22,
202404030208,2024-08-11,新潟,8,3歳以上1勝クラス,ダ,1800,左,晴,良,"3回 新潟 2日目 サラ系３歳以上 １勝クラス       [指] 定量 15頭 本賞金:800,320,200,120,80万円",15,800.0,3,6,10,クラウンシエンタ,牡,3,55.0,戸崎圭,113.4,3/4,4,6.9,36.5,3-4-5-5,美浦 水野,488,0,
202404030208,2024-08-11,新潟,8,3歳以上1勝クラス,ダ,1800,左,晴,良,"3回 新潟 2日目 サラ系３歳以上 １勝クラス       [指] 定量 15頭 本賞金:800,320,200,120,80万円",15,800.0,4,8,15,レッドライトニング,牡,3,55.0,荻野極,113.9,3,7,21.2,37.2,3-4-3-2,美浦 鹿戸,456,-4,
202404030208,2024-08-11,新潟,8,3歳以上1勝クラス,ダ,1800,左,晴,良,"3回 新潟 2日目 サラ系３歳以上 １勝クラス       [指] 定量 15頭 本賞金:800,320,200,120,80万円",15,800.0,5,5,9,ノーブルラン,牡,4,55.0,▲石田,114.2,2,12,200.0,37.2,6-8-7-7,美浦 尾形,466,-4,
202404030208,2024-08-11,新潟,8,3歳以上1勝クラス,ダ,1800,左,晴,良,"3回 新潟 2日目 サラ系３歳以上 １勝クラス       [指] 定量 15頭 本賞金:800,320,200,120,80万円",15,800.0,6,8,14,インオービット,牡,4,57.0,☆秋山稔,114.3,クビ,8,40.1,37.7,2-2-2-2,美浦 蛯名利,476,12,
202404030208,2024-08-11,新潟,8,3歳以上1勝クラス,ダ,1800,左,晴,良,"3回 新潟 2日目 サラ系３歳以上 １勝クラス       [指] 定量 15頭 本賞金:800,320,200,120,80万円",15,800.0,7,4,6,タリスマン,牡,3,55.0,伊藤,114.3,クビ,13,247.3,36.7,13-13-13-13,美浦 金成,464,-4,
202404030208,2024-08-11,新潟,8,3歳以上1勝クラス,ダ,1800,左,晴,良,"3回 新潟 2日目 サラ系３歳以上 １勝クラス       [指] 定量 15頭 本賞金:800,320,200,120,80万円",15,800.0,8,7,13,ウンガイソウテン,牡,3,55.0,石川,114.4,クビ,3,5.8,37.5,6-6-5-5,美浦 田村,480,0,
202404030208,2024-08-11,新潟,8,3歳以上1勝クラス,ダ,1800,左,晴,良,"3回 新潟 2日目 サラ系３歳以上 １勝クラス       [指] 定量 15頭 本賞金:800,320,200,120,80万円",15,800.0,9,2,2,ステラデルシエロ,セ,4,57.0,☆原,114.6,1,11,119.4,37.2,11-10-11-11,美浦 加藤士,464,2,
202404030208,2024-08-11,新潟,8,3歳以上1勝クラス,ダ,1800,左,晴,良,"3回 新潟 2日目 サラ系３歳以上 １勝クラス       [指] 定量 15頭 本賞金:800,320,200,120,80万円",15,800.0,10,5,8,クロックフォード,セ,4,58.0,菅原明,114.6,クビ,5,9.6,37.3,12-10-11-11,美浦 田島,488,-4,
202404030208,2024-08-11,新潟,8,3歳以上1勝クラス,ダ,1800,左,晴,良,"3回 新潟 2日目 サラ系３歳以上 １勝クラス       [指] 定量 15頭 本賞金:800,320,200,120,80万円",15,800.0,11,3,5,ミスティックパワー,牡,4,58.0,内田博,114.9,1.1/2,14,292.1,37.8,9-8-9-9,美浦 松永康,502,6,
202404030208,2024-08-11,新潟,8,3歳以上1勝クラス,ダ,1800,左,晴,良,"3回 新潟 2日目 サラ系３歳以上 １勝クラス       [指] 定量 15頭 本賞金:800,320,200,120,80万円",15,800.0,12,7,12,ミツカネジェミニ,牡,3,55.0,Ｍデム,115.2,2,6,14.8,38.0,9-10-9-10,美浦 田島,468,-2,
202404030208,2024-08-11,新潟,8,3歳以上1勝クラス,ダ,1800,左,晴,良,"3回 新潟 2日目 サラ系３歳以上 １勝クラス       [指] 定量 15頭 本賞金:800,320,200,120,80万円",15,800.0,13,1,1,グロリアスヒーロー,セ,5,58.0,津村,116.0,5,9,40.2,39.0,6-6-7-7,美浦 高木,474,-2,
202404030208,2024-08-11,新潟,8,3歳以上1勝クラス,ダ,1800,左,晴,良,"3回 新潟 2日目 サラ系３歳以上 １勝クラス       [指] 定量 15頭 本賞金:800,320,200,120,80万円",15,800.0,14,2,3,トーセンレスター,牡,3,55.0,岩田康,121.5,大,10,62.6,43.1,14-13-14-14,美浦 加藤征,526,0,
202404030208,2024-08-11,新潟,8,3歳以上1勝クラス,ダ,1800,左,晴,良,"3回 新潟 2日目 サラ系３歳以上 １勝クラス       [指] 定量 15頭 本賞金:800,320,200,120,80万円",15,800.0,,4,7,キタノライジン,牡,3,55.0,松山,,,,,,,美浦 尾関,498,10,除外
202404030209,2024-08-11,新潟,9,三面川特別,芝,1800,左,晴,良,"3回 新潟 2日目 サラ系３歳以上 ２勝クラス       牝(特指) 定量 13頭 本賞金:1550,620,390,230,155万円",13,1550.0,1,1,1,テウメッサ,牝,3,53.0,戸崎圭,105.8,,1,2.5,33.0,11-12,美浦 金成,460,0,
202404030209,2024-08-11,新潟,9,三面川特別,芝,1800,左,晴,良,"3回 新潟 2日目 サラ系３歳以上 ２勝クラス       牝(特指) 定量 13頭 本賞金:1550,620,390,230,155万円",13,1550.0,2,2,2,ロムネヤ,牝,5,56.0,三浦,106.0,1.1/4,7,19.6,34.3,1-1,美浦 国枝,444,8,
202404030209,2024-08-11,新潟,9,三面川特別,芝,1800,左,晴,良,"3回 新潟 2日目 サラ系３歳以上 ２勝クラス       牝(特指) 定量 13頭 本賞金:1550,620,390,230,155万円",13,1550.0,3,4,5,タケトンボ,牝,5,56.0,秋山稔,106.0,クビ,10,37.1,34.1,2-2,栗東 宮,446,0,
202404030209,2024-08-11,新潟,9,三面川特別,芝,1800,左,晴,良,"3回 新潟 2日目 サラ系３歳以上 ２勝クラス       牝(特指) 定量 13頭 本賞金:1550,620,390,230,155万円",13,1550.0,4,5,6,ヴィゴラスダンサー,牝,5,56.0,津村,106.1,クビ,8,23.9,33.9,3-3,栗東 友道,452,6,
202404030209,2024-08-11,新潟,9,三面川特別,芝,1800,左,晴,良,"3回 新潟 2日目 サラ系３歳以上 ２勝クラス       牝(特指) 定量 13頭 本賞金:1550,620,390,230,155万円",13,1550.0,5,7,11,ラレーヌデリス,牝,4,56.0,横山典,106.2,1,5,14.3,33.4,13-13,栗東 安田,460,18,
202404030209,2024-08-11,新潟,9,三面川特別,芝,1800,左,晴,良,"3回 新潟 2日目 サラ系３歳以上 ２勝クラス       牝(特指) 定量 13頭 本賞金:1550,620,390,230,155万円",13,1550.0,6,6,8,アストロフィライト,牝,5,56.0,佐々木,106.2,アタマ,6,19.4,33.8,8-5,栗東 中内田,458,-4,
202404030209,2024-08-11,新潟,9,三面川特別,芝,1800,左,晴,良,"3回 新潟 2日目 サラ系３歳以上 ２勝クラス       牝(特指) 定量 13頭 本賞金:1550,620,390,230,155万円",13,1550.0,7,8,12,コスモシャングリラ,牝,4,56.0,石川,106.3,1/2,9,29.7,33.9,5-5,美浦 水野,444,-6,
202404030209,2024-08-11,新潟,9,三面川特別,芝,1800,左,晴,良,"3回 新潟 2日目 サラ系３歳以上 ２勝クラス       牝(特指) 定量 13頭 本賞金:1550,620,390,230,155万円",13,1550.0,8,7,10,ハリケーンリッジ,牝,4,56.0,ルメー,106.6,1.3/4,3,5.7,34.0,11-10,美浦 大和田,432,-6,
202404030209,2024-08-11,新潟,9,三面川特別,芝,1800,左,晴,良,"3回 新潟 2日目 サラ系３歳以上 ２勝クラス       牝(特指) 定量 13頭 本賞金:1550,620,390,230,155万円",13,1550.0,9,3,3,ビターグラッセ,牝,4,56.0,田辺,106.6,クビ,2,3.7,34.2,8-5,美浦 栗田,502,2,
202404030209,2024-08-11,新潟,9,三面川特別,芝,1800,左,晴,良,"3回 新潟 2日目 サラ系３歳以上 ２勝クラス       牝(特指) 定量 13頭 本賞金:1550,620,390,230,155万円",13,1550.0,10,8,13,コルベイユ,牝,5,56.0,石田,107.5,5,13,165.3,34.8,5-9,美浦 新開,450,8,
202404030209,2024-08-11,新潟,9,三面川特別,芝,1800,左,晴,良,"3回 新潟 2日目 サラ系３歳以上 ２勝クラス       牝(特指) 定量 13頭 本賞金:1550,620,390,230,155万円",13,1550.0,11,6,9,ルーチェロッサ,牝,4,56.0,横山琉,107.8,1.1/2,11,51.4,35.6,3-3,美浦 相沢,464,4,
202404030209,2024-08-11,新潟,9,三面川特別,芝,1800,左,晴,良,"3回 新潟 2日目 サラ系３歳以上 ２勝クラス       牝(特指) 定量 13頭 本賞金:1550,620,390,230,155万円",13,1550.0,12,4,4,ロゼフレア,牝,3,53.0,松山,108.0,1.1/2,4,10.1,35.6,5-5,栗東 中村,452,0,
202404030209,2024-08-11,新潟,9,三面川特別,芝,1800,左,晴,良,"3回 新潟 2日目 サラ系３歳以上 ２勝クラス       牝(特指) 定量 13頭 本賞金:1550,620,390,230,155万円",13,1550.0,13,5,7,スクルトゥーラ,牝,5,56.0,荻野極,108.4,2.1/2,12,70.2,35.7,10-10,美浦 鹿戸,444,-4,
202404030210,2024-08-11,新潟,10,稲妻S,芝,1000,直線,晴,良,"3回 新潟 2日目 サラ系３歳以上 ３勝クラス       (混)(特指) 定量 17頭 本賞金:1840,740,460,280,184万円",17,1840.0,1,8,17,クムシラコ,牡,6,58.0,杉原,54.4,,1,4.9,32.2,6,美浦 石毛,468,0,
202404030210,2024-08-11,新潟,10,稲妻S,芝,1000,直線,晴,良,"3回 新潟 2日目 サラ系３歳以上 ３勝クラス       (混)(特指) 定量 17頭 本賞金:1840,740,460,280,184万円",17,1840.0,2,5,10,カフジテトラゴン,牝,5,56.0,富田,54.5,1/2,2,5.0,32.6,2,栗東 武英,462,2,
202404030210,2024-08-11,新潟,10,稲妻S,芝,1000,直線,晴,良,"3回 新潟 2日目 サラ系３歳以上 ３勝クラス       (混)(特指) 定量 17頭 本賞金:1840,740,460,280,184万円",17,1840.0,3,7,14,スリーアイランド,牝,4,56.0,佐々木,54.5,ハナ,3,6.6,32.5,4,栗東 中竹,490,8,
202404030210,2024-08-11,新潟,10,稲妻S,芝,1000,直線,晴,良,"3回 新潟 2日目 サラ系３歳以上 ３勝クラス       (混)(特指) 定量 17頭 本賞金:1840,740,460,280,184万円",17,1840.0,4,3,6,ミルトクレイモー,牡,4,58.0,松山,54.7,1,6,14.7,32.0,14,栗東 中村,512,-4,
202404030210,2024-08-11,新潟,10,稲妻S,芝,1000,直線,晴,良,"3回 新潟 2日目 サラ系３歳以上 ３勝クラス       (混)(特指) 定量 17頭 本賞金:1840,740,460,280,184万円",17,1840.0,5,8,15,オリアメンディ,牝,6,56.0,石川,54.7,クビ,4,6.7,32.1,12,美浦 石毛,478,4,
202404030210,2024-08-11,新潟,10,稲妻S,芝,1000,直線,晴,良,"3回 新潟 2日目 サラ系３歳以上 ３勝クラス       (混)(特指) 定量 17頭 本賞金:1840,740,460,280,184万円",17,1840.0,6,8,16,ハンベルジャイト,牝,4,56.0,荻野極,54.9,3/4,5,7.7,33.0,2,栗東 大久保,486,-2,
202404030210,2024-08-11,新潟,10,稲妻S,芝,1000,直線,晴,良,"3回 新潟 2日目 サラ系３歳以上 ３勝クラス       (混)(特指) 定量 17頭 本賞金:1840,740,460,280,184万円",17,1840.0,7,7,13,タリア,牝,4,56.0,原,54.9,ハナ,11,30.0,32.7,6,美浦 矢野,430,-6,
202404030210,2024-08-11,新潟,10,稲妻S,芝,1000,直線,晴,良,"3回 新潟 2日目 サラ系３歳以上 ３勝クラス       (混)(特指) 定量 17頭 本賞金:1840,740,460,280,184万円",17,1840.0,8,2,3,エコロレジーナ,牝,4,56.0,菅原明,55.0,1/2,8,16.3,32.8,6,美浦 菊沢,488,4,
202404030210,2024-08-11,新潟,10,稲妻S,芝,1000,直線,晴,良,"3回 新潟 2日目 サラ系３歳以上 ３勝クラス       (混)(特指) 定量 17頭 本賞金:1840,740,460,280,184万円",17,1840.0,9,5,9,ハイアムズビーチ,牝,5,56.0,岩田康,55.0,クビ,10,29.0,32.5,11,美浦 萩原,502,2,
202404030210,2024-08-11,新潟,10,稲妻S,芝,1000,直線,晴,良,"3回 新潟 2日目 サラ系３歳以上 ３勝クラス       (混)(特指) 定量 17頭 本賞金:1840,740,460,280,184万円",17,1840.0,10,4,7,ペイシャカレン,牝,5,56.0,江田照,55.1,1/2,17,64.8,33.3,1,美浦 粕谷,460,8,
202404030210,2024-08-11,新潟,10,稲妻S,芝,1000,直線,晴,良,"3回 新潟 2日目 サラ系３歳以上 ３勝クラス       (混)(特指) 定量 17頭 本賞金:1840,740,460,280,184万円",17,1840.0,11,1,2,アドマイヤラヴィ,牝,5,56.0,戸崎圭,55.2,1/2,7,16.1,32.4,15,栗東 友道,462,-4,
202404030210,2024-08-11,新潟,10,稲妻S,芝,1000,直線,晴,良,"3回 新潟 2日目 サラ系３歳以上 ３勝クラス       (混)(特指) 定量 17頭 本賞金:1840,740,460,280,184万円",17,1840.0,12,6,12,ロードオブザチェコ,牡,6,58.0,丸田,55.2,ハナ,13,47.5,33.0,6,美浦 石栗,514,6,
202404030210,2024-08-11,新潟,10,稲妻S,芝,1000,直線,晴,良,"3回 新潟 2日目 サラ系３歳以上 ３勝クラス       (混)(特指) 定量 17頭 本賞金:1840,740,460,280,184万円",17,1840.0,13,3,5,クリダーム,牡,4,58.0,津村,55.3,3/4,14,49.8,33.1,6,美浦 上原佑,504,8,
202404030210,2024-08-11,新潟,10,稲妻S,芝,1000,直線,晴,良,"3回 新潟 2日目 サラ系３歳以上 ３勝クラス       (混)(特指) 定量 17頭 本賞金:1840,740,460,280,184万円",17,1840.0,14,4,8,ショウナンマッハ,セ,5,58.0,石橋脩,55.4,クビ,12,30.3,32.3,16,栗東 茶木,492,4,
202404030210,2024-08-11,新潟,10,稲妻S,芝,1000,直線,晴,良,"3回 新潟 2日目 サラ系３歳以上 ３勝クラス       (混)(特指) 定量 17頭 本賞金:1840,740,460,280,184万円",17,1840.0,15,2,4,レアグリフォン,牡,3,56.0,永野,55.5,3/4,9,26.7,33.4,5,美浦 稲垣,458,-6,
202404030210,2024-08-11,新潟,10,稲妻S,芝,1000,直線,晴,良,"3回 新潟 2日目 サラ系３歳以上 ３勝クラス       (混)(特指) 定量 17頭 本賞金:1840,740,460,280,184万円",17,1840.0,16,1,1,ハーモニーマゼラン,牡,7,58.0,田辺,55.5,クビ,15,52.3,32.2,17,美浦 土田,514,2,
202404030210,2024-08-11,新潟,10,稲妻S,芝,1000,直線,晴,良,"3回 新潟 2日目 サラ系３歳以上 ３勝クラス       (混)(特指) 定量 17頭 本賞金:1840,740,460,280,184万円",17,1840.0,17,6,11,アジアノジュンシン,牝,6,56.0,内田博,55.8,1.3/4,16,61.7,33.2,12,美浦 奥村武,474,-8,
202404030211,2024-08-11,新潟,11,関屋記念,芝,1600,左,晴,良,"3回 新潟 2日目 サラ系３歳以上 オープン       (国際)(特指) 別定 18頭 本賞金:4100,1600,1000,620,410万円",18,4100.0,1,7,15,トゥードジボン,牡,5,57.0,松山,92.9,,3,6.6,33.3,1-1,栗東 四位,488,2,
202404030211,2024-08-11,新潟,11,関屋記念,芝,1600,左,晴,良,"3回 新潟 2日目 サラ系３歳以上 オープン       (国際)(特指) 別定 18頭 本賞金:4100,1600,1000,620,410万円",18,4100.0,2,7,14,ディオ,牡,5,57.0,岩田康,93.1,1.1/2,8,14.7,33.2,4-4,栗東 辻野,490,-4,
202404030211,2024-08-11,新潟,11,関屋記念,芝,1600,左,晴,良,"3回 新潟 2日目 サラ系３歳以上 オープン       (国際)(特指) 別定 18頭 本賞金:4100,1600,1000,620,410万円",18,4100.0,3,3,6,ジュンブロッサム,牡,5,57.0,戸崎圭,93.2,1/2,1,3.7,32.5,16-16,栗東 友道,468,-8,
202404030211,2024-08-11,新潟,11,関屋記念,芝,1600,左,晴,良,"3回 新潟 2日目 サラ系３歳以上 オープン       (国際)(特指) 別定 18頭 本賞金:4100,1600,1000,620,410万円",18,4100.0,4,4,8,ロジリオン,牡,3,54.0,永野,93.3,クビ,5,12.8,33.1,7-7,美浦 古賀,474,-4,
202404030211,2024-08-11,新潟,11,関屋記念,芝,1600,左,晴,良,"3回 新潟 2日目 サラ系３歳以上 オープン       (国際)(特指) 別定 18頭 本賞金:4100,1600,1000,620,410万円",18,4100.0,5,7,13,プレサージュリフト,牝,5,55.0,ルメー,93.3,アタマ,2,4.0,33.2,7-7,美浦 木村,482,-4,
202404030211,2024-08-11,新潟,11,関屋記念,芝,1600,左,晴,良,"3回 新潟 2日目 サラ系３歳以上 オープン       (国際)(特指) 別定 18頭 本賞金:4100,1600,1000,620,410万円",18,4100.0,6,6,11,サンライズロナウド,牡,5,57.0,横山典,93.3,ハナ,11,41.7,32.5,16-16,栗東 安田,472,-1,
202404030211,2024-08-11,新潟,11,関屋記念,芝,1600,左,晴,良,"3回 新潟 2日目 サラ系３歳以上 オープン       (国際)(特指) 別定 18頭 本賞金:4100,1600,1000,620,410万円",18,4100.0,7,8,18,ラインベック,セ,7,57.0,荻野極,93.4,1,14,79.5,33.7,2-2,栗東 友道,480,-8,
202404030211,2024-08-11,新潟,11,関屋記念,芝,1600,左,晴,良,"3回 新潟 2日目 サラ系３歳以上 オープン       (国際)(特指) 別定 18頭 本賞金:4100,1600,1000,620,410万円",18,4100.0,8,6,12,アスクコンナモンダ,牡,5,57.0,津村,93.5,クビ,10,37.9,33.0,12-12,栗東 中内田,458,0,
202404030211,2024-08-11,新潟,11,関屋記念,芝,1600,左,晴,良,"3回 新潟 2日目 サラ系３歳以上 オープン       (国際)(特指) 別定 18頭 本賞金:4100,1600,1000,620,410万円",18,4100.0,9,1,1,ディスペランツァ,牡,3,55.0,Ｍデム,93.5,アタマ,4,7.6,32.8,14-14,栗東 吉岡,514,-4,
202404030211,2024-08-11,新潟,11,関屋記念,芝,1600,左,晴,良,"3回 新潟 2日目 サラ系３歳以上 オープン       (国際)(特指) 別定 18頭 本賞金:4100,1600,1000,620,410万円",18,4100.0,10,3,5,メイショウシンタケ,牡,6,57.0,泉谷,93.7,1.1/4,12,46.7,33.0,14-14,栗東 千田,480,-4,
202404030211,2024-08-11,新潟,11,関屋記念,芝,1600,左,晴,良,"3回 新潟 2日目 サラ系３歳以上 オープン       (国際)(特指) 別定 18頭 本賞金:4100,1600,1000,620,410万円",18,4100.0,11,8,16,オニャンコポン,牡,5,57.0,菅原明,93.7,アタマ,9,22.1,33.4,10-9,美浦 小島,476,-10,
202404030211,2024-08-11,新潟,11,関屋記念,芝,1600,左,晴,良,"3回 新潟 2日目 サラ系３歳以上 オープン       (国際)(特指) 別定 18頭 本賞金:4100,1600,1000,620,410万円",18,4100.0,12,4,7,タイムトゥヘヴン,牡,6,57.0,柴田善,93.8,クビ,16,171.9,32.9,18-18,美浦 戸田,488,4,
202404030211,2024-08-11,新潟,11,関屋記念,芝,1600,左,晴,良,"3回 新潟 2日目 サラ系３歳以上 オープン       (国際)(特指) 別定 18頭 本賞金:4100,1600,1000,620,410万円",18,4100.0,13,2,4,サクラトゥジュール,牡,7,58.0,佐々木,93.8,ハナ,6,13.6,34.0,2-2,美浦 堀,512,-14,
202404030211,2024-08-11,新潟,11,関屋記念,芝,1600,左,晴,良,"3回 新潟 2日目 サラ系３歳以上 オープン       (国際)(特指) 別定 18頭 本賞金:4100,1600,1000,620,410万円",18,4100.0,14,5,10,パラレルヴィジョン,牡,5,58.0,三浦,94.2,2.1/2,7,14.4,33.9,9-9,美浦 国枝,492,0,
202404030211,2024-08-11,新潟,11,関屋記念,芝,1600,左,晴,良,"3回 新潟 2日目 サラ系３歳以上 オープン       (国際)(特指) 別定 18頭 本賞金:4100,1600,1000,620,410万円",18,4100.0,15,1,2,ダディーズビビッド,牡,6,57.0,丸山,94.2,クビ,15,95.0,34.1,6-6,栗東 千田,498,-2,
202404030211,2024-08-11,新潟,11,関屋記念,芝,1600,左,晴,良,"3回 新潟 2日目 サラ系３歳以上 オープン       (国際)(特指) 別定 18頭 本賞金:4100,1600,1000,620,410万円",18,4100.0,16,2,3,コレペティトール,牡,4,58.0,石川,94.4,1.1/4,13,70.6,34.0,10-9,栗東 中竹,480,-2,
202404030211,2024-08-11,新潟,11,関屋記念,芝,1600,左,晴,良,"3回 新潟 2日目 サラ系３歳以上 オープン       (国際)(特指) 別定 18頭 本賞金:4100,1600,1000,620,410万円",18,4100.0,17,5,9,グランデマーレ,牡,7,57.0,田辺,94.5,1/2,17,220.2,34.0,12-12,栗東 藤岡,504,0,
202404030211,2024-08-11,新潟,11,関屋記念,芝,1600,左,晴,良,"3回 新潟 2日目 サラ系３歳以上 オープン       (国際)(特指) 別定 18頭 本賞金:4100,1600,1000,620,410万円",18,4100.0,18,8,17,ワールドウインズ,セ,7,57.0,松岡,95.0,2.1/2,18,406.9,35.1,4-4,栗東 笹田,452,-6,
202404030212,2024-08-11,新潟,12,3歳以上1勝クラス,ダ,1200,左,晴,良,"3回 新潟 2日目 サラ系３歳以上 １勝クラス       (混)[指] 定量 15頭 本賞金:800,320,200,120,80万円",15,800.0,1,8,15,サフランヒーロー,牡,3,56.0,佐々木,71.4,,2,3.8,36.8,2-2,美浦 森一,436,-10,
202404030212,2024-08-11,新潟,12,3歳以上1勝クラス,ダ,1200,左,晴,良,"3回 新潟 2日目 サラ系３歳以上 １勝クラス       (混)[指] 定量 15頭 本賞金:800,320,200,120,80万円",15,800.0,2,3,5,シークレットヴァウ,牡,3,56.0,武藤,71.5,3/4,1,2.6,37.1,1-1,美浦 武藤,464,2,
202404030212,2024-08-11,新潟,12,3歳以上1勝クラス,ダ,1200,左,晴,良,"3回 新潟 2日目 サラ系３歳以上 １勝クラス       (混)[指] 定量 15頭 本賞金:800,320,200,120,80万円",15,800.0,3,5,8,レイデルマール,セ,6,57.0,☆横山琉,72.0,3,5,17.1,37.2,3-3,美浦 粕谷,500,0,
202404030212,2024-08-11,新潟,12,3歳以上1勝クラス,ダ,1200,左,晴,良,"3回 新潟 2日目 サラ系３歳以上 １勝クラス       (混)[指] 定量 15頭 本賞金:800,320,200,120,80万円",15,800.0,4,2,2,メテオフリューゲル,牡,5,58.0,津村,72.5,3,6,20.7,37.2,8-8,美浦 鈴木伸,530,2,
202404030212,2024-08-11,新潟,12,3歳以上1勝クラス,ダ,1200,左,晴,良,"3回 新潟 2日目 サラ系３歳以上 １勝クラス       (混)[指] 定量 15頭 本賞金:800,320,200,120,80万円",15,800.0,5,4,7,サンレイマリー,牡,3,54.0,△小林脩,72.5,クビ,7,21.3,37.4,5-4,美浦 伊藤圭,476,0,
202404030212,2024-08-11,新潟,12,3歳以上1勝クラス,ダ,1200,左,晴,良,"3回 新潟 2日目 サラ系３歳以上 １勝クラス       (混)[指] 定量 15頭 本賞金:800,320,200,120,80万円",15,800.0,6,6,11,カサブランカキッド,牡,4,58.0,永野,72.5,クビ,8,42.2,37.2,8-8,美浦 和田勇,518,-2,
202404030212,2024-08-11,新潟,12,3歳以上1勝クラス,ダ,1200,左,晴,良,"3回 新潟 2日目 サラ系３歳以上 １勝クラス       (混)[指] 定量 15頭 本賞金:800,320,200,120,80万円",15,800.0,7,7,13,イリュージョン,牝,4,56.0,三浦,72.9,2.1/2,9,43.3,37.8,5-4,美浦 西田,474,-6,
202404030212,2024-08-11,新潟,12,3歳以上1勝クラス,ダ,1200,左,晴,良,"3回 新潟 2日目 サラ系３歳以上 １勝クラス       (混)[指] 定量 15頭 本賞金:800,320,200,120,80万円",15,800.0,8,4,6,タイセイピューマ,牡,3,53.0,▲石田,73.0,クビ,4,10.1,37.1,14-12,美浦 新開,480,10,
202404030212,2024-08-11,新潟,12,3歳以上1勝クラス,ダ,1200,左,晴,良,"3回 新潟 2日目 サラ系３歳以上 １勝クラス       (混)[指] 定量 15頭 本賞金:800,320,200,120,80万円",15,800.0,9,1,1,シベリアンポラリス,牡,3,56.0,松岡,73.0,アタマ,10,43.6,37.4,11-10,美浦 蛯名正,556,10,
202404030212,2024-08-11,新潟,12,3歳以上1勝クラス,ダ,1200,左,晴,良,"3回 新潟 2日目 サラ系３歳以上 １勝クラス       (混)[指] 定量 15頭 本賞金:800,320,200,120,80万円",15,800.0,10,7,12,ラブリプリンチャン,牝,4,52.0,★大江比,73.1,3/4,14,165.1,38.2,3-4,美浦 鈴木伸,500,14,
202404030212,2024-08-11,新潟,12,3歳以上1勝クラス,ダ,1200,左,晴,良,"3回 新潟 2日目 サラ系３歳以上 １勝クラス       (混)[指] 定量 15頭 本賞金:800,320,200,120,80万円",15,800.0,11,6,10,ランベントライト,牝,4,56.0,木幡巧,73.4,1.3/4,12,61.3,38.3,5-7,美浦 田島,454,12,
202404030212,2024-08-11,新潟,12,3歳以上1勝クラス,ダ,1200,左,晴,良,"3回 新潟 2日目 サラ系３歳以上 １勝クラス       (混)[指] 定量 15頭 本賞金:800,320,200,120,80万円",15,800.0,12,2,3,アウゲンブリック,牡,5,55.0,▲石神道,73.7,1.3/4,15,191.7,38.1,11-10,美浦 加藤和,520,-6,
202404030212,2024-08-11,新潟,12,3歳以上1勝クラス,ダ,1200,左,晴,良,"3回 新潟 2日目 サラ系３歳以上 １勝クラス       (混)[指] 定量 15頭 本賞金:800,320,200,120,80万円",15,800.0,13,3,4,イノセンス,牝,4,56.0,菅原明,74.1,2.1/2,11,57.6,38.8,8-12,美浦 高木,476,8,
202404030212,2024-08-11,新潟,12,3歳以上1勝クラス,ダ,1200,左,晴,良,"3回 新潟 2日目 サラ系３歳以上 １勝クラス       (混)[指] 定量 15頭 本賞金:800,320,200,120,80万円",15,800.0,14,5,9,テンフェリーチェ,牝,4,55.0,☆原,74.1,クビ,13,130.5,38.5,11-12,美浦 辻,492,4,
202404030212,2024-08-11,新潟,12,3歳以上1勝クラス,ダ,1200,左,晴,良,"3回 新潟 2日目 サラ系３歳以上 １勝クラス       (混)[指] 定量 15頭 本賞金:800,320,200,120,80万円",15,800.0,15,8,14,レゲエビーチ,牡,3,56.0,松山,81.3,大,3,4.2,44.4,15-15,美浦 斎藤誠,526,10,
202407020201,2024-08-11,中京,1,2歳未勝利,芝,1600,左,晴,良,"2回 中京 2日目 サラ系２歳 未勝利       (混)[指] 馬齢 8頭 本賞金:550,220,140,83,55万円",8,550.0,1,4,4,メイショウツヨキ,牡,2,55.0,坂井,94.1,,3,3.1,35.7,2-2-2,栗東 飯田,458,-4,
202407020201,2024-08-11,中京,1,2歳未勝利,芝,1600,左,晴,良,"2回 中京 2日目 サラ系２歳 未勝利       (混)[指] 馬齢 8頭 本賞金:550,220,140,83,55万円",8,550.0,2,3,3,オンザムーブ,牡,2,55.0,川田,94.4,2,4,5.1,36.3,1-1-1,栗東 矢作,500,4,
202407020201,2024-08-11,中京,1,2歳未勝利,芝,1600,左,晴,良,"2回 中京 2日目 サラ系２歳 未勝利       (混)[指] 馬齢 8頭 本賞金:550,220,140,83,55万円",8,550.0,3,6,6,バダジェフスカ,牝,2,55.0,和田竜,94.8,2.1/2,1,2.8,35.9,4-4-5,栗東 新谷,468,2,
202407020201,2024-08-11,中京,1,2歳未勝利,芝,1600,左,晴,良,"2回 中京 2日目 サラ系２歳 未勝利       (混)[指] 馬齢 8頭 本賞金:550,220,140,83,55万円",8,550.0,4,7,7,ゼンダンスバシリ,牡,2,53.0,◇永島,95.5,4,5,58.3,36.8,4-4-3,栗東 河嶋,446,-2,
202407020201,2024-08-11,中京,1,2歳未勝利,芝,1600,左,晴,良,"2回 中京 2日目 サラ系２歳 未勝利       (混)[指] 馬齢 8頭 本賞金:550,220,140,83,55万円",8,550.0,5,1,1,ラヴリーチェリー,牝,2,52.0,▲吉村,96.2,4,8,120.2,36.3,8-8-8,栗東 藤沢,392,0,
202407020201,2024-08-11,中京,1,2歳未勝利,芝,1600,左,晴,良,"2回 中京 2日目 サラ系２歳 未勝利       (混)[指] 馬齢 8頭 本賞金:550,220,140,83,55万円",8,550.0,6,5,5,ジャスタパーティー,牡,2,55.0,西村淳,96.6,2.1/2,2,2.9,37.9,3-3-3,栗東 杉山晴,476,24,
202407020201,2024-08-11,中京,1,2歳未勝利,芝,1600,左,晴,良,"2回 中京 2日目 サラ系２歳 未勝利       (混)[指] 馬齢 8頭 本賞金:550,220,140,83,55万円",8,550.0,7,8,8,アスカノソング,牡,2,54.0,☆小沢,97.4,5,6,92.2,38.4,6-6-6,栗東 川村,450,4,
202407020201,2024-08-11,中京,1,2歳未勝利,芝,1600,左,晴,良,"2回 中京 2日目 サラ系２歳 未勝利       (混)[指] 馬齢 8頭 本賞金:550,220,140,83,55万円",8,550.0,8,2,2,スマートエクシード,牡,2,52.0,▲柴田裕,97.5,3/4,7,119.5,38.0,7-7-7,栗東 村山,468,2,
202407020202,2024-08-11,中京,2,3歳未勝利,ダ,1200,左,晴,良,"2回 中京 2日目 サラ系３歳 未勝利       (混)[指] 馬齢 16頭 本賞金:550,220,140,83,55万円",16,550.0,1,7,14,ララバッカナール,牝,3,55.0,中井,72.2,,1,2.6,37.1,4-2,栗東 斉藤崇,458,8,
202407020202,2024-08-11,中京,2,3歳未勝利,ダ,1200,左,晴,良,"2回 中京 2日目 サラ系３歳 未勝利       (混)[指] 馬齢 16頭 本賞金:550,220,140,83,55万円",16,550.0,2,1,1,エピファドール,牝,3,55.0,坂井,72.6,2.1/2,2,4.8,37.4,5-5,栗東 石橋,464,4,
202407020202,2024-08-11,中京,2,3歳未勝利,ダ,1200,左,晴,良,"2回 中京 2日目 サラ系３歳 未勝利       (混)[指] 馬齢 16頭 本賞金:550,220,140,83,55万円",16,550.0,3,8,16,エブリモーメント,牡,3,57.0,西村淳,72.8,1.1/2,4,5.8,38.1,1-1,栗東 牧田,488,6,
202407020202,2024-08-11,中京,2,3歳未勝利,ダ,1200,左,晴,良,"2回 中京 2日目 サラ系３歳 未勝利       (混)[指] 馬齢 16頭 本賞金:550,220,140,83,55万円",16,550.0,4,5,10,ポートカルタヘナ,牝,3,54.0,☆西塚,73.1,1.1/2,5,8.1,37.7,6-6,栗東 畑端,476,0,
202407020202,2024-08-11,中京,2,3歳未勝利,ダ,1200,左,晴,良,"2回 中京 2日目 サラ系３歳 未勝利       (混)[指] 馬齢 16頭 本賞金:550,220,140,83,55万円",16,550.0,5,5,9,ジャイサルメール,牡,3,54.0,▲柴田裕,73.8,4,11,150.2,37.9,8-7,栗東 佐々木,482,-12,
202407020202,2024-08-11,中京,2,3歳未勝利,ダ,1200,左,晴,良,"2回 中京 2日目 サラ系３歳 未勝利       (混)[指] 馬齢 16頭 本賞金:550,220,140,83,55万円",16,550.0,6,2,4,カームゲイズ,牝,3,55.0,菊沢,73.9,1,12,193.6,37.4,13-13,栗東 安達,414,8,
202407020202,2024-08-11,中京,2,3歳未勝利,ダ,1200,左,晴,良,"2回 中京 2日目 サラ系３歳 未勝利       (混)[指] 馬齢 16頭 本賞金:550,220,140,83,55万円",16,550.0,7,7,13,ライペニング,牡,3,55.0,◇永島,73.9,アタマ,7,28.0,38.0,8-10,栗東 橋口,460,4,
202407020202,2024-08-11,中京,2,3歳未勝利,ダ,1200,左,晴,良,"2回 中京 2日目 サラ系３歳 未勝利       (混)[指] 馬齢 16頭 本賞金:550,220,140,83,55万円",16,550.0,8,6,11,プルーフリーダー,牡,3,57.0,藤懸,74.0,クビ,6,18.1,38.5,7-9,栗東 藤野,478,12,
202407020202,2024-08-11,中京,2,3歳未勝利,ダ,1200,左,晴,良,"2回 中京 2日目 サラ系３歳 未勝利       (混)[指] 馬齢 16頭 本賞金:550,220,140,83,55万円",16,550.0,9,3,5,インペリオ,牡,3,53.0,★河原田,74.0,クビ,9,44.6,37.9,11-10,栗東 羽月,462,-6,
202407020202,2024-08-11,中京,2,3歳未勝利,ダ,1200,左,晴,良,"2回 中京 2日目 サラ系３歳 未勝利       (混)[指] 馬齢 16頭 本賞金:550,220,140,83,55万円",16,550.0,10,1,2,ナインストーンズ,牡,3,54.0,▲吉村,74.2,1,3,5.3,39.2,2-2,栗東 池添,482,4,
202407020202,2024-08-11,中京,2,3歳未勝利,ダ,1200,左,晴,良,"2回 中京 2日目 サラ系３歳 未勝利       (混)[指] 馬齢 16頭 本賞金:550,220,140,83,55万円",16,550.0,11,4,8,テーオーダイヤ,牝,3,55.0,国分優,74.5,2,14,324.5,38.4,11-10,栗東 梅田,436,8,
202407020202,2024-08-11,中京,2,3歳未勝利,ダ,1200,左,晴,良,"2回 中京 2日目 サラ系３歳 未勝利       (混)[指] 馬齢 16頭 本賞金:550,220,140,83,55万円",16,550.0,12,8,15,ハッピーモンスター,牡,3,57.0,城戸,74.6,クビ,10,47.1,38.7,8-7,栗東 畑端,468,16,
202407020202,2024-08-11,中京,2,3歳未勝利,ダ,1200,左,晴,良,"2回 中京 2日目 サラ系３歳 未勝利       (混)[指] 馬齢 16頭 本賞金:550,220,140,83,55万円",16,550.0,13,3,6,リアルカラー,牡,3,57.0,和田竜,74.7,1/2,8,30.0,39.7,2-2,栗東 羽月,472,-2,
202407020202,2024-08-11,中京,2,3歳未勝利,ダ,1200,左,晴,良,"2回 中京 2日目 サラ系３歳 未勝利       (混)[指] 馬齢 16頭 本賞金:550,220,140,83,55万円",16,550.0,14,4,7,ルナプレス,牝,3,54.0,☆松本,75.0,2,13,230.5,38.6,13-13,栗東 藤沢,470,8,
202407020202,2024-08-11,中京,2,3歳未勝利,ダ,1200,左,晴,良,"2回 中京 2日目 サラ系３歳 未勝利       (混)[指] 馬齢 16頭 本賞金:550,220,140,83,55万円",16,550.0,15,2,3,トウコンリュウジン,牡,3,57.0,古川吉,75.7,4,16,424.2,38.7,15-15,栗東 浜田,482,26,
202407020202,2024-08-11,中京,2,3歳未勝利,ダ,1200,左,晴,良,"2回 中京 2日目 サラ系３歳 未勝利       (混)[指] 馬齢 16頭 本賞金:550,220,140,83,55万円",16,550.0,16,6,12,アラタマファルクス,牝,3,55.0,田中健,76.1,2.1/2,15,416.8,38.9,16-16,栗東 浜田,398,-4,
202407020203,2024-08-11,中京,3,3歳未勝利,芝,2000,左,晴,良,"2回 中京 2日目 サラ系３歳 未勝利       (混)[指] 馬齢 18頭 本賞金:550,220,140,83,55万円",18,550.0,1,3,5,レディーヴァリュー,牝,3,53.0,◇永島,118.6,,2,4.0,35.7,1-1-1-1,栗東 小林,442,4,
202407020203,2024-08-11,中京,3,3歳未勝利,芝,2000,左,晴,良,"2回 中京 2日目 サラ系３歳 未勝利       (混)[指] 馬齢 18頭 本賞金:550,220,140,83,55万円",18,550.0,2,2,4,アクイローネ,牡,3,57.0,幸,119.0,2.1/2,14,161.6,35.2,16-17-10-9,栗東 北出,420,6,
202407020203,2024-08-11,中京,3,3歳未勝利,芝,2000,左,晴,良,"2回 中京 2日目 サラ系３歳 未勝利       (混)[指] 馬齢 18頭 本賞金:550,220,140,83,55万円",18,550.0,3,6,12,マイネルコモドーア,牡,3,57.0,和田竜,119.0,クビ,3,5.3,34.9,13-15-14-13,栗東 長谷川,438,4,
202407020203,2024-08-11,中京,3,3歳未勝利,芝,2000,左,晴,良,"2回 中京 2日目 サラ系３歳 未勝利       (混)[指] 馬齢 18頭 本賞金:550,220,140,83,55万円",18,550.0,4,7,13,ヘルツアス,牝,3,55.0,国分恭,119.1,クビ,12,69.8,35.6,7-7-6-5,栗東 森田,408,4,
202407020203,2024-08-11,中京,3,3歳未勝利,芝,2000,左,晴,良,"2回 中京 2日目 サラ系３歳 未勝利       (混)[指] 馬齢 18頭 本賞金:550,220,140,83,55万円",18,550.0,5,4,7,スターズウィーク,牡,3,56.0,☆小沢,119.2,1/2,11,50.1,35.9,3-3-3-3,栗東 武英,490,0,
202407020203,2024-08-11,中京,3,3歳未勝利,芝,2000,左,晴,良,"2回 中京 2日目 サラ系３歳 未勝利       (混)[指] 馬齢 18頭 本賞金:550,220,140,83,55万円",18,550.0,6,1,2,ヴェストリア,牝,3,54.0,☆西塚,119.2,ハナ,10,41.5,35.1,15-15-12-13,栗東 友道,424,4,
202407020203,2024-08-11,中京,3,3歳未勝利,芝,2000,左,晴,良,"2回 中京 2日目 サラ系３歳 未勝利       (混)[指] 馬齢 18頭 本賞金:550,220,140,83,55万円",18,550.0,7,1,1,ワンモアビスケット,牝,3,55.0,国分優,119.5,1.3/4,7,14.6,35.8,8-8-10-9,栗東 緒方,460,-2,
202407020203,2024-08-11,中京,3,3歳未勝利,芝,2000,左,晴,良,"2回 中京 2日目 サラ系３歳 未勝利       (混)[指] 馬齢 18頭 本賞金:550,220,140,83,55万円",18,550.0,8,2,3,ヘルト,牡,3,57.0,団野,119.5,ハナ,8,29.6,36.3,3-3-3-3,栗東 森秀,440,4,
202407020203,2024-08-11,中京,3,3歳未勝利,芝,2000,左,晴,良,"2回 中京 2日目 サラ系３歳 未勝利       (混)[指] 馬齢 18頭 本賞金:550,220,140,83,55万円",18,550.0,9,4,8,コスモベラエステラ,牡,3,54.0,▲吉村,119.5,ハナ,5,9.5,35.7,16-11-9-9,栗東 清水久,464,-2,
202407020203,2024-08-11,中京,3,3歳未勝利,芝,2000,左,晴,良,"2回 中京 2日目 サラ系３歳 未勝利       (混)[指] 馬齢 18頭 本賞金:550,220,140,83,55万円",18,550.0,10,8,16,クラウンアラビアン,牡,3,57.0,浜中,119.5,クビ,6,9.7,35.9,8-9-6-5,栗東 角田,468,-6,
202407020203,2024-08-11,中京,3,3歳未勝利,芝,2000,左,晴,良,"2回 中京 2日目 サラ系３歳 未勝利       (混)[指] 馬齢 18頭 本賞金:550,220,140,83,55万円",18,550.0,11,6,11,ダンツトレント,牡,3,57.0,菊沢,119.7,1.1/4,4,6.9,35.5,11-11-14-16,栗東 本田,496,-4,
202407020203,2024-08-11,中京,3,3歳未勝利,芝,2000,左,晴,良,"2回 中京 2日目 サラ系３歳 未勝利       (混)[指] 馬齢 18頭 本賞金:550,220,140,83,55万円",18,550.0,12,5,10,ワイドモヒート,牡,3,57.0,酒井,120.0,1.1/2,1,4.0,37.0,2-2-2-2,栗東 藤岡,508,-10,
202407020203,2024-08-11,中京,3,3歳未勝利,芝,2000,左,晴,良,"2回 中京 2日目 サラ系３歳 未勝利       (混)[指] 馬齢 18頭 本賞金:550,220,140,83,55万円",18,550.0,13,8,17,マテンロウソル,牝,3,55.0,太宰,120.3,1.3/4,16,225.5,36.8,5-5-3-5,栗東 四位,408,-8,
202407020203,2024-08-11,中京,3,3歳未勝利,芝,2000,左,晴,良,"2回 中京 2日目 サラ系３歳 未勝利       (混)[指] 馬齢 18頭 本賞金:550,220,140,83,55万円",18,550.0,14,3,6,アルヒジュル,セ,3,54.0,▲鷲頭,120.3,クビ,13,109.6,36.7,6-5-6-5,栗東 斉藤崇,480,2,
202407020203,2024-08-11,中京,3,3歳未勝利,芝,2000,左,晴,良,"2回 中京 2日目 サラ系３歳 未勝利       (混)[指] 馬齢 18頭 本賞金:550,220,140,83,55万円",18,550.0,15,7,14,ガブリエルアクア,牡,3,55.0,西村淳,120.4,1/2,9,38.3,36.4,10-10-12-12,栗東 橋口,456,4,
202407020203,2024-08-11,中京,3,3歳未勝利,芝,2000,左,晴,良,"2回 中京 2日目 サラ系３歳 未勝利       (混)[指] 馬齢 18頭 本賞金:550,220,140,83,55万円",18,550.0,16,7,15,ファストチアフル,牝,3,55.0,田中健,121.5,7,18,572.7,37.4,11-11-14-13,栗東 荒川,434,-4,
202407020203,2024-08-11,中京,3,3歳未勝利,芝,2000,左,晴,良,"2回 中京 2日目 サラ系３歳 未勝利       (混)[指] 馬齢 18頭 本賞金:550,220,140,83,55万円",18,550.0,17,8,18,アイレント,牝,3,55.0,古川吉,121.7,1,17,382.0,37.1,13-11-14-17,栗東 四位,410,4,
202407020203,2024-08-11,中京,3,3歳未勝利,芝,2000,左,晴,良,"2回 中京 2日目 サラ系３歳 未勝利       (混)[指] 馬齢 18頭 本賞金:550,220,140,83,55万円",18,550.0,18,5,9,ブルジョンドレーヴ,牡,3,54.0,▲柴田裕,122.1,2.1/2,15,168.5,37.2,18-18-18-18,栗東 松永幹,486,0,
202407020204,2024-08-11,中京,4,3歳未勝利,ダ,1900,左,晴,良,"2回 中京 2日目 サラ系３歳 未勝利       [指] 馬齢 16頭 本賞金:550,220,140,83,55万円",16,550.0,1,3,5,ミグラテール,牡,3,54.0,▲吉村,120.7,,9,37.5,38.8,10-9-8-7,栗東 小栗,502,0,
202407020204,2024-08-11,中京,4,3歳未勝利,ダ,1900,左,晴,良,"2回 中京 2日目 サラ系３歳 未勝利       [指] 馬齢 16頭 本賞金:550,220,140,83,55万円",16,550.0,2,4,7,メイショウコナン,牡,3,56.0,☆小沢,120.7,ハナ,10,50.3,38.3,13-12-11-8,栗東 荒川,514,8,
202407020204,2024-08-11,中京,4,3歳未勝利,ダ,1900,左,晴,良,"2回 中京 2日目 サラ系３歳 未勝利       [指] 馬齢 16頭 本賞金:550,220,140,83,55万円",16,550.0,3,2,4,アルマーザアミール,牡,3,57.0,団野,120.7,クビ,7,36.0,38.9,8-8-5-4,栗東 斉藤崇,482,2,
202407020204,2024-08-11,中京,4,3歳未勝利,ダ,1900,左,晴,良,"2回 中京 2日目 サラ系３歳 未勝利       [指] 馬齢 16頭 本賞金:550,220,140,83,55万円",16,550.0,4,1,2,ダブルジャッジ,牡,3,57.0,坂井,120.7,ハナ,3,5.7,38.5,5-7-9-8,栗東 笹田,500,-2,
202407020204,2024-08-11,中京,4,3歳未勝利,ダ,1900,左,晴,良,"2回 中京 2日目 サラ系３歳 未勝利       [指] 馬齢 16頭 本賞金:550,220,140,83,55万円",16,550.0,5,3,6,ヘニーズネフュー,牡,3,57.0,川田,120.9,3/4,1,2.4,38.0,16-16-12-12,栗東 橋口,464,-2,
202407020204,2024-08-11,中京,4,3歳未勝利,ダ,1900,左,晴,良,"2回 中京 2日目 サラ系３歳 未勝利       [指] 馬齢 16頭 本賞金:550,220,140,83,55万円",16,550.0,6,7,13,アミュニション,牡,3,57.0,長岡,121.1,1,4,6.4,39.7,5-5-4-4,栗東 杉山佳,490,2,
202407020204,2024-08-11,中京,4,3歳未勝利,ダ,1900,左,晴,良,"2回 中京 2日目 サラ系３歳 未勝利       [指] 馬齢 16頭 本賞金:550,220,140,83,55万円",16,550.0,7,4,8,インジケーター,牡,3,55.0,◇永島,121.7,3.1/2,14,256.5,40.0,2-3-5-4,栗東 高橋康,484,-6,
202407020204,2024-08-11,中京,4,3歳未勝利,ダ,1900,左,晴,良,"2回 中京 2日目 サラ系３歳 未勝利       [指] 馬齢 16頭 本賞金:550,220,140,83,55万円",16,550.0,8,6,11,ソルトロング,牡,3,57.0,田中健,123.0,8,12,177.2,41.9,2-3-2-2,栗東 木原,448,-6,
202407020204,2024-08-11,中京,4,3歳未勝利,ダ,1900,左,晴,良,"2回 中京 2日目 サラ系３歳 未勝利       [指] 馬齢 16頭 本賞金:550,220,140,83,55万円",16,550.0,9,6,12,メイショウヨスガラ,セ,3,53.0,★河原田,123.4,2.1/2,2,4.2,42.3,1-1-2-2,栗東 渡辺,472,2,
202407020204,2024-08-11,中京,4,3歳未勝利,ダ,1900,左,晴,良,"2回 中京 2日目 サラ系３歳 未勝利       [指] 馬齢 16頭 本賞金:550,220,140,83,55万円",16,550.0,10,8,15,メイショウマツリ,牡,3,57.0,太宰,123.7,1.1/2,5,8.7,41.4,13-13-10-11,栗東 松永幹,496,-4,
202407020204,2024-08-11,中京,4,3歳未勝利,ダ,1900,左,晴,良,"2回 中京 2日目 サラ系３歳 未勝利       [指] 馬齢 16頭 本賞金:550,220,140,83,55万円",16,550.0,11,5,10,イイデカンタロウ,牡,3,57.0,幸,124.2,3,6,28.5,43.1,2-2-1-1,栗東 北出,512,4,
202407020204,2024-08-11,中京,4,3歳未勝利,ダ,1900,左,晴,良,"2回 中京 2日目 サラ系３歳 未勝利       [指] 馬齢 16頭 本賞金:550,220,140,83,55万円",16,550.0,12,2,3,ベリーク,牡,3,56.0,☆角田和,124.2,ハナ,13,192.2,42.4,15-15-5-8,栗東 西村,458,-10,
202407020204,2024-08-11,中京,4,3歳未勝利,ダ,1900,左,晴,良,"2回 中京 2日目 サラ系３歳 未勝利       [指] 馬齢 16頭 本賞金:550,220,140,83,55万円",16,550.0,13,1,1,ルパンモージュ,牡,3,54.0,▲柴田裕,124.5,2,15,340.0,41.1,10-10-15-14,栗東 中竹,486,-2,
202407020204,2024-08-11,中京,4,3歳未勝利,ダ,1900,左,晴,良,"2回 中京 2日目 サラ系３歳 未勝利       [指] 馬齢 16頭 本賞金:550,220,140,83,55万円",16,550.0,14,8,16,ザフラッグ,牡,3,57.0,浜中,128.2,大,8,36.2,45.3,8-13-12-13,栗東 武幸,466,-2,
202407020204,2024-08-11,中京,4,3歳未勝利,ダ,1900,左,晴,良,"2回 中京 2日目 サラ系３歳 未勝利       [指] 馬齢 16頭 本賞金:550,220,140,83,55万円",16,550.0,15,7,14,フウシカデン,牝,3,55.0,小崎,129.3,7,16,525.2,46.0,10-10-15-16,栗東 寺島,486,-4,
202407020204,2024-08-11,中京,4,3歳未勝利,ダ,1900,左,晴,良,"2回 中京 2日目 サラ系３歳 未勝利       [指] 馬齢 16頭 本賞金:550,220,140,83,55万円",16,550.0,16,5,9,パーソナルリバティ,牡,3,56.0,☆西塚,129.8,3,11,112.7,46.7,5-5-14-14,栗東 藤原,524,0,
202407020205,2024-08-11,中京,5,2歳新馬,芝,2000,左,晴,良,"2回 中京 2日目 サラ系２歳 新馬       [指] 馬齢 9頭 本賞金:720,290,180,110,72万円",9,720.0,1,1,1,カムニャック,牝,2,55.0,川田,124.2,,1,1.2,33.6,8-7-6-4,栗東 友道,476,0,
202407020205,2024-08-11,中京,5,2歳新馬,芝,2000,左,晴,良,"2回 中京 2日目 サラ系２歳 新馬       [指] 馬齢 9頭 本賞金:720,290,180,110,72万円",9,720.0,2,2,2,ルージュシークエル,牝,2,55.0,西村淳,124.8,3.1/2,3,12.7,33.9,9-9-8-7,栗東 石坂,492,0,
202407020205,2024-08-11,中京,5,2歳新馬,芝,2000,左,晴,良,"2回 中京 2日目 サラ系２歳 新馬       [指] 馬齢 9頭 本賞金:720,290,180,110,72万円",9,720.0,2,4,4,ホウオウレイヴン,牡,2,55.0,国分優,124.8,3.1/2,7,23.0,34.2,3-3-4-4,栗東 矢作,462,0,
202407020205,2024-08-11,中京,5,2歳新馬,芝,2000,左,晴,良,"2回 中京 2日目 サラ系２歳 新馬       [指] 馬齢 9頭 本賞金:720,290,180,110,72万円",9,720.0,4,8,8,ブーディガ,牝,2,55.0,坂井,124.9,1,6,22.6,34.6,2-2-2-2,栗東 奥村豊,482,0,
202407020205,2024-08-11,中京,5,2歳新馬,芝,2000,左,晴,良,"2回 中京 2日目 サラ系２歳 新馬       [指] 馬齢 9頭 本賞金:720,290,180,110,72万円",9,720.0,5,5,5,バルティカ,牡,2,55.0,浜中,125.1,1.1/4,4,14.7,34.7,4-4-2-2,栗東 高橋亮,432,0,
202407020205,2024-08-11,中京,5,2歳新馬,芝,2000,左,晴,良,"2回 中京 2日目 サラ系２歳 新馬       [指] 馬齢 9頭 本賞金:720,290,180,110,72万円",9,720.0,6,7,7,リビングストン,牡,2,55.0,団野,125.1,アタマ,2,8.0,34.5,6-6-4-4,栗東 吉岡,530,0,
202407020205,2024-08-11,中京,5,2歳新馬,芝,2000,左,晴,良,"2回 中京 2日目 サラ系２歳 新馬       [指] 馬齢 9頭 本賞金:720,290,180,110,72万円",9,720.0,7,3,3,シャインバオバブ,牡,2,55.0,和田竜,125.1,アタマ,8,29.1,34.3,5-5-6-7,栗東 本田,502,0,
202407020205,2024-08-11,中京,5,2歳新馬,芝,2000,左,晴,良,"2回 中京 2日目 サラ系２歳 新馬       [指] 馬齢 9頭 本賞金:720,290,180,110,72万円",9,720.0,8,6,6,ディニテ,牡,2,55.0,幸,125.5,2.1/2,9,76.7,34.3,7-7-8-9,栗東 辻野,490,0,
202407020205,2024-08-11,中京,5,2歳新馬,芝,2000,左,晴,良,"2回 中京 2日目 サラ系２歳 新馬       [指] 馬齢 9頭 本賞金:720,290,180,110,72万円",9,720.0,9,8,9,ソードナイト,牡,2,54.0,☆小沢,125.8,1.1/2,5,16.1,35.6,1-1-1-1,栗東 中村,480,0,
202407020206,2024-08-11,中京,6,3歳未勝利,ダ,1400,左,晴,良,"2回 中京 2日目 サラ系３歳 未勝利       [指] 馬齢 16頭 本賞金:550,220,140,83,55万円",16,550.0,1,6,11,エイシンコクスン,牝,3,55.0,幸,84.8,,1,3.3,38.3,2-2,栗東 大久保,466,8,
202407020206,2024-08-11,中京,6,3歳未勝利,ダ,1400,左,晴,良,"2回 中京 2日目 サラ系３歳 未勝利       [指] 馬齢 16頭 本賞金:550,220,140,83,55万円",16,550.0,2,8,16,クインズアトリア,牝,3,55.0,藤懸,85.4,3.1/2,7,21.7,39.0,1-1,栗東 吉岡,456,14,
202407020206,2024-08-11,中京,6,3歳未勝利,ダ,1400,左,晴,良,"2回 中京 2日目 サラ系３歳 未勝利       [指] 馬齢 16頭 本賞金:550,220,140,83,55万円",16,550.0,3,2,3,ブレイブハートマン,牡,3,57.0,坂井,85.5,クビ,2,3.4,39.1,2-2,栗東 西村,510,-4,
202407020206,2024-08-11,中京,6,3歳未勝利,ダ,1400,左,晴,良,"2回 中京 2日目 サラ系３歳 未勝利       [指] 馬齢 16頭 本賞金:550,220,140,83,55万円",16,550.0,4,8,15,ノイヤーヘルト,牡,3,57.0,西村淳,85.9,2.1/2,3,4.4,37.9,13-13,栗東 中竹,520,12,
202407020206,2024-08-11,中京,6,3歳未勝利,ダ,1400,左,晴,良,"2回 中京 2日目 サラ系３歳 未勝利       [指] 馬齢 16頭 本賞金:550,220,140,83,55万円",16,550.0,5,1,2,ビップジェンマ,牝,3,55.0,和田竜,86.2,1.3/4,6,11.7,38.8,11-11,栗東 松下,484,18,
202407020206,2024-08-11,中京,6,3歳未勝利,ダ,1400,左,晴,良,"2回 中京 2日目 サラ系３歳 未勝利       [指] 馬齢 16頭 本賞金:550,220,140,83,55万円",16,550.0,6,6,12,デュアル,牡,3,57.0,団野,86.2,アタマ,5,11.3,39.3,7-6,栗東 野中,480,-6,
202407020206,2024-08-11,中京,6,3歳未勝利,ダ,1400,左,晴,良,"2回 中京 2日目 サラ系３歳 未勝利       [指] 馬齢 16頭 本賞金:550,220,140,83,55万円",16,550.0,7,4,8,ラントリサント,牝,3,52.0,▲吉村,86.6,2.1/2,4,10.0,39.9,4-4,栗東 吉岡,428,10,
202407020206,2024-08-11,中京,6,3歳未勝利,ダ,1400,左,晴,良,"2回 中京 2日目 サラ系３歳 未勝利       [指] 馬齢 16頭 本賞金:550,220,140,83,55万円",16,550.0,8,7,14,スワルナパクシャ,牝,3,54.0,☆小沢,86.6,クビ,11,54.3,39.4,8-9,栗東 橋口,418,10,
202407020206,2024-08-11,中京,6,3歳未勝利,ダ,1400,左,晴,良,"2回 中京 2日目 サラ系３歳 未勝利       [指] 馬齢 16頭 本賞金:550,220,140,83,55万円",16,550.0,9,3,6,クリノフロンティア,牡,3,57.0,鮫島良,86.6,クビ,15,191.7,38.9,12-11,栗東 河嶋,428,4,
202407020206,2024-08-11,中京,6,3歳未勝利,ダ,1400,左,晴,良,"2回 中京 2日目 サラ系３歳 未勝利       [指] 馬齢 16頭 本賞金:550,220,140,83,55万円",16,550.0,10,4,7,ボワエトワール,牝,3,52.0,▲柴田裕,86.8,3/4,13,102.3,40.0,4-4,栗東 牧浦,424,4,
202407020206,2024-08-11,中京,6,3歳未勝利,ダ,1400,左,晴,良,"2回 中京 2日目 サラ系３歳 未勝利       [指] 馬齢 16頭 本賞金:550,220,140,83,55万円",16,550.0,11,2,4,ジュエルドパリ,牡,3,57.0,浜中,86.8,ハナ,8,41.6,38.6,14-14,栗東 笹田,446,-2,
202407020206,2024-08-11,中京,6,3歳未勝利,ダ,1400,左,晴,良,"2回 中京 2日目 サラ系３歳 未勝利       [指] 馬齢 16頭 本賞金:550,220,140,83,55万円",16,550.0,12,5,9,エナノキセキ,牝,3,55.0,古川吉,87.0,1,9,46.7,38.3,15-15,栗東 鈴木孝,426,-6,
202407020206,2024-08-11,中京,6,3歳未勝利,ダ,1400,左,晴,良,"2回 中京 2日目 サラ系３歳 未勝利       [指] 馬齢 16頭 本賞金:550,220,140,83,55万円",16,550.0,13,5,10,ワンダーセイレーン,牝,3,51.0,★河原田,87.1,3/4,14,129.5,39.9,8-9,栗東 今野,470,0,
202407020206,2024-08-11,中京,6,3歳未勝利,ダ,1400,左,晴,良,"2回 中京 2日目 サラ系３歳 未勝利       [指] 馬齢 16頭 本賞金:550,220,140,83,55万円",16,550.0,14,3,5,アンティシパル,牡,3,55.0,◇永島,87.3,1,10,54.0,40.0,8-8,栗東 杉山晴,472,2,
202407020206,2024-08-11,中京,6,3歳未勝利,ダ,1400,左,晴,良,"2回 中京 2日目 サラ系３歳 未勝利       [指] 馬齢 16頭 本賞金:550,220,140,83,55万円",16,550.0,15,1,1,ビナカマウ,牡,3,56.0,☆松本,87.7,2.1/2,16,272.5,37.9,16-16,栗東 中尾,464,0,
202407020206,2024-08-11,中京,6,3歳未勝利,ダ,1400,左,晴,良,"2回 中京 2日目 サラ系３歳 未勝利       [指] 馬齢 16頭 本賞金:550,220,140,83,55万円",16,550.0,16,7,13,コンスピリート,牡,3,56.0,☆西塚,89.7,大,12,83.9,43.0,4-6,栗東 清水久,514,8,
202407020207,2024-08-11,中京,7,3歳以上1勝クラス,芝,2000,左,晴,良,"2回 中京 2日目 サラ系３歳以上 １勝クラス       (混)[指] 定量 9頭 本賞金:800,320,200,120,80万円",9,800.0,1,7,7,ブロッケンボウ,牡,3,52.0,▲柴田裕,118.8,,3,4.9,34.9,6-6-5-7,栗東 佐々木,464,-2,
202407020207,2024-08-11,中京,7,3歳以上1勝クラス,芝,2000,左,晴,良,"2回 中京 2日目 サラ系３歳以上 １勝クラス       (混)[指] 定量 9頭 本賞金:800,320,200,120,80万円",9,800.0,2,2,2,ローザサンリヴァル,牡,3,52.0,▲吉村,119.0,3/4,4,5.9,35.3,7-7-5-2,栗東 高野,504,-2,
202407020207,2024-08-11,中京,7,3歳以上1勝クラス,芝,2000,左,晴,良,"2回 中京 2日目 サラ系３歳以上 １勝クラス       (混)[指] 定量 9頭 本賞金:800,320,200,120,80万円",9,800.0,3,8,8,クワイエットホーク,牡,5,58.0,坂井,119.5,3,1,2.6,35.8,5-5-5-2,栗東 藤原,538,0,
202407020207,2024-08-11,中京,7,3歳以上1勝クラス,芝,2000,左,晴,良,"2回 中京 2日目 サラ系３歳以上 １勝クラス       (混)[指] 定量 9頭 本賞金:800,320,200,120,80万円",9,800.0,4,8,9,オルノア,牝,4,54.0,◇永島,119.5,アタマ,5,7.3,35.9,3-4-2-2,栗東 新谷,482,-14,
202407020207,2024-08-11,中京,7,3歳以上1勝クラス,芝,2000,左,晴,良,"2回 中京 2日目 サラ系３歳以上 １勝クラス       (混)[指] 定量 9頭 本賞金:800,320,200,120,80万円",9,800.0,5,6,6,メイショウヒュウガ,牡,4,58.0,国分恭,119.7,1,8,92.1,35.6,8-8-5-8,栗東 安達,480,-2,
202407020207,2024-08-11,中京,7,3歳以上1勝クラス,芝,2000,左,晴,良,"2回 中京 2日目 サラ系３歳以上 １勝クラス       (混)[指] 定量 9頭 本賞金:800,320,200,120,80万円",9,800.0,6,1,1,テーオーコンドル,セ,5,54.0,★河原田,119.7,クビ,7,83.0,35.9,3-2-4-6,栗東 宮,476,2,
202407020207,2024-08-11,中京,7,3歳以上1勝クラス,芝,2000,左,晴,良,"2回 中京 2日目 サラ系３歳以上 １勝クラス       (混)[指] 定量 9頭 本賞金:800,320,200,120,80万円",9,800.0,7,3,3,スカイサーベイ,牡,3,55.0,西村淳,120.7,6,2,3.2,37.1,2-2-2-2,栗東 池添,476,0,
202407020207,2024-08-11,中京,7,3歳以上1勝クラス,芝,2000,左,晴,良,"2回 中京 2日目 サラ系３歳以上 １勝クラス       (混)[指] 定量 9頭 本賞金:800,320,200,120,80万円",9,800.0,8,5,5,ブラックサンライズ,牝,3,53.0,和田竜,122.4,10,6,27.9,39.0,1-1-1-1,栗東 音無,486,4,
202407020207,2024-08-11,中京,7,3歳以上1勝クラス,芝,2000,左,晴,良,"2回 中京 2日目 サラ系３歳以上 １勝クラス       (混)[指] 定量 9頭 本賞金:800,320,200,120,80万円",9,800.0,,4,4,タガノデュード,牡,3,55.0,幸,,,,,,,栗東 宮,,,取消
202407020208,2024-08-11,中京,8,3歳以上1勝クラス,ダ,1800,左,晴,良,"2回 中京 2日目 サラ系３歳以上 １勝クラス       [指] 定量 13頭 本賞金:800,320,200,120,80万円",13,800.0,1,4,5,グーヴェルナイユ,牡,3,55.0,西村淳,113.1,,2,4.9,38.1,2-2-2-2,栗東 武幸,460,2,
202407020208,2024-08-11,中京,8,3歳以上1勝クラス,ダ,1800,左,晴,良,"2回 中京 2日目 サラ系３歳以上 １勝クラス       [指] 定量 13頭 本賞金:800,320,200,120,80万円",13,800.0,2,6,9,キングオブフジ,牡,3,54.0,☆角田和,113.2,1/2,7,39.6,38.1,3-3-3-3,栗東 角田,492,4,
202407020208,2024-08-11,中京,8,3歳以上1勝クラス,ダ,1800,左,晴,良,"2回 中京 2日目 サラ系３歳以上 １勝クラス       [指] 定量 13頭 本賞金:800,320,200,120,80万円",13,800.0,3,5,6,ホルトバージ,牡,3,54.0,☆西塚,113.4,1.1/4,3,7.0,37.7,10-9-9-7,栗東 寺島,462,0,
202407020208,2024-08-11,中京,8,3歳以上1勝クラス,ダ,1800,左,晴,良,"2回 中京 2日目 サラ系３歳以上 １勝クラス       [指] 定量 13頭 本賞金:800,320,200,120,80万円",13,800.0,4,3,3,グランドセントラル,牡,3,55.0,和田竜,113.7,2,5,21.5,38.5,4-3-3-4,栗東 北出,462,-2,
202407020208,2024-08-11,中京,8,3歳以上1勝クラス,ダ,1800,左,晴,良,"2回 中京 2日目 サラ系３歳以上 １勝クラス       [指] 定量 13頭 本賞金:800,320,200,120,80万円",13,800.0,5,6,8,メイショウジェンマ,牡,4,58.0,中井,113.9,1,9,123.5,38.4,8-8-7-7,栗東 飯田,466,-18,
202407020208,2024-08-11,中京,8,3歳以上1勝クラス,ダ,1800,左,晴,良,"2回 中京 2日目 サラ系３歳以上 １勝クラス       [指] 定量 13頭 本賞金:800,320,200,120,80万円",13,800.0,6,4,4,ルシュヴァルドール,牡,3,55.0,坂井,113.9,アタマ,1,1.5,38.6,4-3-5-5,栗東 矢作,546,12,
202407020208,2024-08-11,中京,8,3歳以上1勝クラス,ダ,1800,左,晴,良,"2回 中京 2日目 サラ系３歳以上 １勝クラス       [指] 定量 13頭 本賞金:800,320,200,120,80万円",13,800.0,7,8,12,サイモンブーケ,牝,4,56.0,川須,114.1,1.1/4,13,192.9,38.8,4-6-5-5,栗東 梅田,522,16,
202407020208,2024-08-11,中京,8,3歳以上1勝クラス,ダ,1800,左,晴,良,"2回 中京 2日目 サラ系３歳以上 １勝クラス       [指] 定量 13頭 本賞金:800,320,200,120,80万円",13,800.0,8,8,13,ニホンピロマリンバ,牝,3,53.0,浜中,114.8,4,4,7.8,39.9,1-1-1-1,栗東 安達,498,6,
202407020208,2024-08-11,中京,8,3歳以上1勝クラス,ダ,1800,左,晴,良,"2回 中京 2日目 サラ系３歳以上 １勝クラス       [指] 定量 13頭 本賞金:800,320,200,120,80万円",13,800.0,9,7,11,ロードマグマ,牡,5,58.0,長岡,115.0,1.1/4,11,173.5,38.9,12-12-11-10,栗東 小椋,484,6,
202407020208,2024-08-11,中京,8,3歳以上1勝クラス,ダ,1800,左,晴,良,"2回 中京 2日目 サラ系３歳以上 １勝クラス       [指] 定量 13頭 本賞金:800,320,200,120,80万円",13,800.0,10,1,1,サーティファイド,牡,5,58.0,幸,115.1,3/4,6,34.8,38.3,13-13-13-13,栗東 鮫島,470,-8,
202407020208,2024-08-11,中京,8,3歳以上1勝クラス,ダ,1800,左,晴,良,"2回 中京 2日目 サラ系３歳以上 １勝クラス       [指] 定量 13頭 本賞金:800,320,200,120,80万円",13,800.0,11,7,10,ソウルユニバンス,セ,7,58.0,国分優,115.2,クビ,10,132.4,39.3,10-9-10-10,栗東 平田,492,-6,
202407020208,2024-08-11,中京,8,3歳以上1勝クラス,ダ,1800,左,晴,良,"2回 中京 2日目 サラ系３歳以上 １勝クラス       [指] 定量 13頭 本賞金:800,320,200,120,80万円",13,800.0,12,2,2,サンデーヒーロー,牡,4,55.0,▲吉村,116.3,7,8,113.5,40.1,9-9-12-12,栗東 中村,472,-4,
202407020208,2024-08-11,中京,8,3歳以上1勝クラス,ダ,1800,左,晴,良,"2回 中京 2日目 サラ系３歳以上 １勝クラス       [指] 定量 13頭 本賞金:800,320,200,120,80万円",13,800.0,13,5,7,アシャカデュメ,牡,3,55.0,菊沢,118.0,10,12,181.4,42.5,7-7-7-7,美浦 小笠,468,-14,
202407020209,2024-08-11,中京,9,鞍ケ池特別,芝,1600,左,晴,良,"2回 中京 2日目 サラ系３歳以上 １勝クラス       (混)(特指) 定量 10頭 本賞金:1110,440,280,170,111万円",10,1110.0,1,8,10,ベラジオボンド,牡,3,55.0,川田,92.4,,1,1.6,33.7,9-10-10,栗東 上村,496,22,
202407020209,2024-08-11,中京,9,鞍ケ池特別,芝,1600,左,晴,良,"2回 中京 2日目 サラ系３歳以上 １勝クラス       (混)(特指) 定量 10頭 本賞金:1110,440,280,170,111万円",10,1110.0,2,8,9,ダイシンビヨンド,牝,5,56.0,永島,92.5,1/2,6,60.2,34.6,7-6-4,栗東 梅田,460,4,
202407020209,2024-08-11,中京,9,鞍ケ池特別,芝,1600,左,晴,良,"2回 中京 2日目 サラ系３歳以上 １勝クラス       (混)(特指) 定量 10頭 本賞金:1110,440,280,170,111万円",10,1110.0,3,3,3,リアライズ,牡,4,58.0,太宰,92.7,1.1/4,5,17.5,34.9,4-5-4,栗東 石橋,504,4,
202407020209,2024-08-11,中京,9,鞍ケ池特別,芝,1600,左,晴,良,"2回 中京 2日目 サラ系３歳以上 １勝クラス       (混)(特指) 定量 10頭 本賞金:1110,440,280,170,111万円",10,1110.0,4,6,6,サクラオーラ,牝,5,56.0,酒井,92.8,1/2,8,111.1,35.0,5-4-4,栗東 河嶋,432,8,
202407020209,2024-08-11,中京,9,鞍ケ池特別,芝,1600,左,晴,良,"2回 中京 2日目 サラ系３歳以上 １勝クラス       (混)(特指) 定量 10頭 本賞金:1110,440,280,170,111万円",10,1110.0,5,4,4,ゴーマックス,セ,4,58.0,団野,92.9,1,9,120.0,35.9,2-1-1,栗東 武幸,492,-12,
202407020209,2024-08-11,中京,9,鞍ケ池特別,芝,1600,左,晴,良,"2回 中京 2日目 サラ系３歳以上 １勝クラス       (混)(特指) 定量 10頭 本賞金:1110,440,280,170,111万円",10,1110.0,6,2,2,ザパリスマッチ,牝,3,53.0,松本,93.0,3/4,10,143.5,35.4,1-3-3,栗東 茶木,472,-2,
202407020209,2024-08-11,中京,9,鞍ケ池特別,芝,1600,左,晴,良,"2回 中京 2日目 サラ系３歳以上 １勝クラス       (混)(特指) 定量 10頭 本賞金:1110,440,280,170,111万円",10,1110.0,7,7,8,ジャズ,牡,3,55.0,浜中,93.0,アタマ,2,3.8,34.8,9-9-9,栗東 辻野,478,2,
202407020209,2024-08-11,中京,9,鞍ケ池特別,芝,1600,左,晴,良,"2回 中京 2日目 サラ系３歳以上 １勝クラス       (混)(特指) 定量 10頭 本賞金:1110,440,280,170,111万円",10,1110.0,8,7,7,ジュントネフ,牡,3,55.0,西村淳,93.1,1/2,4,11.4,35.0,6-8-7,栗東 清水久,508,2,
202407020209,2024-08-11,中京,9,鞍ケ池特別,芝,1600,左,晴,良,"2回 中京 2日目 サラ系３歳以上 １勝クラス       (混)(特指) 定量 10頭 本賞金:1110,440,280,170,111万円",10,1110.0,9,5,5,ゴールドローズ,牝,5,56.0,幸,93.3,1,7,80.8,35.3,7-6-7,栗東 飯田,440,-14,
202407020209,2024-08-11,中京,9,鞍ケ池特別,芝,1600,左,晴,良,"2回 中京 2日目 サラ系３歳以上 １勝クラス       (混)(特指) 定量 10頭 本賞金:1110,440,280,170,111万円",10,1110.0,10,1,1,アンジョルラス,牡,3,55.0,国分優,93.5,1.1/2,3,5.4,36.2,3-2-2,栗東 松下,506,10,
202407020210,2024-08-11,中京,10,三河S,ダ,1800,左,晴,良,"2回 中京 2日目 サラ系３歳以上 ３勝クラス       (混)(特指) 定量 10頭 本賞金:1840,740,460,280,184万円",10,1840.0,1,6,6,オシゲ,牝,4,56.0,酒井,112.4,,4,7.6,36.9,6-6-8-9,栗東 須貝,488,0,
202407020210,2024-08-11,中京,10,三河S,ダ,1800,左,晴,良,"2回 中京 2日目 サラ系３歳以上 ３勝クラス       (混)(特指) 定量 10頭 本賞金:1840,740,460,280,184万円",10,1840.0,2,3,3,メイショウカゲカツ,牡,5,58.0,和田竜,112.8,2.1/2,2,3.1,37.7,2-2-2-2,栗東 西園正,502,-8,
202407020210,2024-08-11,中京,10,三河S,ダ,1800,左,晴,良,"2回 中京 2日目 サラ系３歳以上 ３勝クラス       (混)(特指) 定量 10頭 本賞金:1840,740,460,280,184万円",10,1840.0,3,7,7,フレンチギフト,牝,5,56.0,西村淳,112.9,クビ,1,2.4,37.6,6-6-4-3,美浦 中川,470,-2,
202407020210,2024-08-11,中京,10,三河S,ダ,1800,左,晴,良,"2回 中京 2日目 サラ系３歳以上 ３勝クラス       (混)(特指) 定量 10頭 本賞金:1840,740,460,280,184万円",10,1840.0,4,8,9,ゼウスバイオ,牡,5,58.0,幸,113.0,1/2,3,5.9,37.8,3-3-2-3,栗東 畑端,520,-10,
202407020210,2024-08-11,中京,10,三河S,ダ,1800,左,晴,良,"2回 中京 2日目 サラ系３歳以上 ３勝クラス       (混)(特指) 定量 10頭 本賞金:1840,740,460,280,184万円",10,1840.0,5,5,5,ビシャモンテン,牡,6,58.0,藤懸,113.0,アタマ,10,83.9,37.4,10-10-9-6,美浦 矢嶋,504,-2,
202407020210,2024-08-11,中京,10,三河S,ダ,1800,左,晴,良,"2回 中京 2日目 サラ系３歳以上 ３勝クラス       (混)(特指) 定量 10頭 本賞金:1840,740,460,280,184万円",10,1840.0,6,7,8,ナリタフォルテ,牡,6,58.0,小沢,114.6,10,7,22.7,39.3,4-4-4-6,栗東 木原,588,-8,
202407020210,2024-08-11,中京,10,三河S,ダ,1800,左,晴,良,"2回 中京 2日目 サラ系３歳以上 ３勝クラス       (混)(特指) 定量 10頭 本賞金:1840,740,460,280,184万円",10,1840.0,7,2,2,シゲルバクハツ,牡,6,58.0,国分恭,114.8,1.1/4,8,32.7,39.5,9-9-4-3,栗東 谷,508,12,
202407020210,2024-08-11,中京,10,三河S,ダ,1800,左,晴,良,"2回 中京 2日目 サラ系３歳以上 ３勝クラス       (混)(特指) 定量 10頭 本賞金:1840,740,460,280,184万円",10,1840.0,8,8,10,サンライズジャスト,牡,5,58.0,吉村,114.9,クビ,5,13.3,39.5,5-5-7-6,栗東 羽月,538,0,
202407020210,2024-08-11,中京,10,三河S,ダ,1800,左,晴,良,"2回 中京 2日目 サラ系３歳以上 ３勝クラス       (混)(特指) 定量 10頭 本賞金:1840,740,460,280,184万円",10,1840.0,9,4,4,フォルテデイマルミ,牡,6,58.0,団野,114.9,クビ,9,78.1,39.2,8-8-9-10,栗東 須貝,486,-14,
202407020210,2024-08-11,中京,10,三河S,ダ,1800,左,晴,良,"2回 中京 2日目 サラ系３歳以上 ３勝クラス       (混)(特指) 定量 10頭 本賞金:1840,740,460,280,184万円",10,1840.0,10,1,1,グラストンベリー,牝,5,56.0,永島,115.9,6,6,20.2,41.4,1-1-1-1,栗東 藤岡,432,-6,
202407020211,2024-08-11,中京,11,小倉記念,芝,2000,左,晴,良,"2回 中京 2日目 サラ系３歳以上 オープン       (国際)(特指) ハンデ 12頭 本賞金:4300,1700,1100,650,430万円",12,4300.0,1,1,1,リフレーミング,牡,6,57.0,川田,116.5,,1,4.2,34.1,8-8-8-8,栗東 鮫島,466,-4,
202407020211,2024-08-11,中京,11,小倉記念,芝,2000,左,晴,良,"2回 中京 2日目 サラ系３歳以上 オープン       (国際)(特指) ハンデ 12頭 本賞金:4300,1700,1100,650,430万円",12,4300.0,2,7,10,コスタボニータ,牝,5,56.0,坂井,116.6,クビ,4,6.8,35.2,2-2-2-2,栗東 杉山佳,476,-4,
202407020211,2024-08-11,中京,11,小倉記念,芝,2000,左,晴,良,"2回 中京 2日目 サラ系３歳以上 オープン       (国際)(特指) ハンデ 12頭 本賞金:4300,1700,1100,650,430万円",12,4300.0,3,8,11,ディープモンスター,牡,6,58.5,浜中,116.7,3/4,2,4.3,34.5,6-6-6-6,栗東 池江,464,-4,
202407020211,2024-08-11,中京,11,小倉記念,芝,2000,左,晴,良,"2回 中京 2日目 サラ系３歳以上 オープン       (国際)(特指) ハンデ 12頭 本賞金:4300,1700,1100,650,430万円",12,4300.0,4,5,5,ヴェローナシチー,牡,5,54.0,団野,116.8,1/2,8,16.2,34.9,5-5-5-5,栗東 佐々木,508,-12,
202407020211,2024-08-11,中京,11,小倉記念,芝,2000,左,晴,良,"2回 中京 2日目 サラ系３歳以上 オープン       (国際)(特指) ハンデ 12頭 本賞金:4300,1700,1100,650,430万円",12,4300.0,5,8,12,セントカメリア,牝,5,53.0,幸,116.8,クビ,9,18.5,34.1,11-11-10-10,栗東 高野,454,4,
202407020211,2024-08-11,中京,11,小倉記念,芝,2000,左,晴,良,"2回 中京 2日目 サラ系３歳以上 オープン       (国際)(特指) ハンデ 12頭 本賞金:4300,1700,1100,650,430万円",12,4300.0,6,2,2,グランスラムアスク,牝,5,52.0,永島,116.9,1/2,10,19.5,34.7,6-6-6-6,栗東 矢作,474,6,
202407020211,2024-08-11,中京,11,小倉記念,芝,2000,左,晴,良,"2回 中京 2日目 サラ系３歳以上 オープン       (国際)(特指) ハンデ 12頭 本賞金:4300,1700,1100,650,430万円",12,4300.0,7,3,3,レッドランメルト,牡,5,56.0,吉田豊,117.0,3/4,6,12.7,34.3,12-12-12-10,美浦 国枝,504,-12,
202407020211,2024-08-11,中京,11,小倉記念,芝,2000,左,晴,良,"2回 中京 2日目 サラ系３歳以上 オープン       (国際)(特指) ハンデ 12頭 本賞金:4300,1700,1100,650,430万円",12,4300.0,8,7,9,ファユエン,牝,6,53.0,菊沢,117.2,1,5,12.6,34.7,9-9-8-8,美浦 勢司,470,6,
202407020211,2024-08-11,中京,11,小倉記念,芝,2000,左,晴,良,"2回 中京 2日目 サラ系３歳以上 オープン       (国際)(特指) ハンデ 12頭 本賞金:4300,1700,1100,650,430万円",12,4300.0,9,6,7,シリウスコルト,牡,3,54.0,西村淳,117.3,3/4,3,4.8,35.6,3-3-3-3,美浦 宗像,478,0,
202407020211,2024-08-11,中京,11,小倉記念,芝,2000,左,晴,良,"2回 中京 2日目 サラ系３歳以上 オープン       (国際)(特指) ハンデ 12頭 本賞金:4300,1700,1100,650,430万円",12,4300.0,10,4,4,メモリーレゾン,牝,5,54.0,古川吉,117.4,クビ,7,15.1,35.7,3-4-3-3,栗東 長谷川,456,-4,
202407020211,2024-08-11,中京,11,小倉記念,芝,2000,左,晴,良,"2回 中京 2日目 サラ系３歳以上 オープン       (国際)(特指) ハンデ 12頭 本賞金:4300,1700,1100,650,430万円",12,4300.0,11,5,6,テーオーシリウス,牡,6,54.0,酒井,118.0,3.1/2,11,30.3,37.0,1-1-1-1,栗東 奥村豊,458,-12,
202407020211,2024-08-11,中京,11,小倉記念,芝,2000,左,晴,良,"2回 中京 2日目 サラ系３歳以上 オープン       (国際)(特指) ハンデ 12頭 本賞金:4300,1700,1100,650,430万円",12,4300.0,12,6,8,コスモカレンドゥラ,牡,8,53.0,和田竜,118.1,1/2,12,147.5,35.4,10-10-10-10,美浦 粕谷,478,6,
202407020212,2024-08-11,中京,12,知多特別,芝,1200,左,晴,良,"2回 中京 2日目 サラ系３歳以上 ２勝クラス       (混)[指] 定量 10頭 本賞金:1550,620,390,230,155万円",10,1550.0,1,2,2,ヤマニンアンフィル,牝,5,56.0,団野,67.3,,2,4.4,33.4,7-6,栗東 斉藤崇,482,4,
202407020212,2024-08-11,中京,12,知多特別,芝,1200,左,晴,良,"2回 中京 2日目 サラ系３歳以上 ２勝クラス       (混)[指] 定量 10頭 本賞金:1550,620,390,230,155万円",10,1550.0,2,1,1,テーオースパロー,牡,5,58.0,吉村,67.4,1,4,7.0,33.8,3-2,栗東 清水久,498,0,
202407020212,2024-08-11,中京,12,知多特別,芝,1200,左,晴,良,"2回 中京 2日目 サラ系３歳以上 ２勝クラス       (混)[指] 定量 10頭 本賞金:1550,620,390,230,155万円",10,1550.0,3,8,9,ロードトレゾール,牡,3,56.0,西塚,67.7,1.3/4,1,3.1,34.3,1-1,栗東 清水久,522,-2,
202407020212,2024-08-11,中京,12,知多特別,芝,1200,左,晴,良,"2回 中京 2日目 サラ系３歳以上 ２勝クラス       (混)[指] 定量 10頭 本賞金:1550,620,390,230,155万円",10,1550.0,4,6,6,モズトキキ,牝,3,54.0,永島,67.8,1/2,5,7.5,34.1,3-4,栗東 村山,552,24,
202407020212,2024-08-11,中京,12,知多特別,芝,1200,左,晴,良,"2回 中京 2日目 サラ系３歳以上 ２勝クラス       (混)[指] 定量 10頭 本賞金:1550,620,390,230,155万円",10,1550.0,5,5,5,エールレヴリー,牝,4,56.0,西村淳,67.9,クビ,3,5.8,34.1,5-4,栗東 武英,492,16,
202407020212,2024-08-11,中京,12,知多特別,芝,1200,左,晴,良,"2回 中京 2日目 サラ系３歳以上 ２勝クラス       (混)[指] 定量 10頭 本賞金:1550,620,390,230,155万円",10,1550.0,6,8,10,インプロバイザー,牡,5,58.0,幸,67.9,クビ,6,7.8,33.9,9-7,栗東 音無,486,-10,
202407020212,2024-08-11,中京,12,知多特別,芝,1200,左,晴,良,"2回 中京 2日目 サラ系３歳以上 ２勝クラス       (混)[指] 定量 10頭 本賞金:1550,620,390,230,155万円",10,1550.0,7,3,3,プレジールミノル,牡,6,58.0,和田竜,68.1,1,9,39.1,33.8,10-10,栗東 北出,488,2,
202407020212,2024-08-11,中京,12,知多特別,芝,1200,左,晴,良,"2回 中京 2日目 サラ系３歳以上 ２勝クラス       (混)[指] 定量 10頭 本賞金:1550,620,390,230,155万円",10,1550.0,8,7,7,テンジュイン,牝,7,56.0,小沢,68.3,1.1/4,8,29.3,34.3,5-7,栗東 千田,464,-4,
202407020212,2024-08-11,中京,12,知多特別,芝,1200,左,晴,良,"2回 中京 2日目 サラ系３歳以上 ２勝クラス       (混)[指] 定量 10頭 本賞金:1550,620,390,230,155万円",10,1550.0,9,4,4,クインズプリーズ,牝,5,56.0,中井,68.6,2,7,15.9,35.1,2-2,栗東 藤野,442,-8,
202407020212,2024-08-11,中京,12,知多特別,芝,1200,左,晴,良,"2回 中京 2日目 サラ系３歳以上 ２勝クラス       (混)[指] 定量 10頭 本賞金:1550,620,390,230,155万円",10,1550.0,10,7,8,エスパダアスール,牝,6,56.0,菊沢,69.2,3.1/2,10,106.9,35.2,7-7,美浦 武藤,444,2,
202401020301,2024-08-17,札幌,1,2歳未勝利,芝,1800,右,曇,良,"2回 札幌 3日目 サラ系２歳 未勝利       [指] 馬齢 10頭 本賞金:550,220,140,83,55万円",10,550.0,1,6,6,ショウナンサムデイ,牝,2,55.0,池添,110.3,,2,3.2,34.5,3-3-3-3,美浦 奥村武,426,0,
202401020301,2024-08-17,札幌,1,2歳未勝利,芝,1800,右,曇,良,"2回 札幌 3日目 サラ系２歳 未勝利       [指] 馬齢 10頭 本賞金:550,220,140,83,55万円",10,550.0,2,5,5,ベールドインパクト,牡,2,55.0,横山和,110.7,2.1/2,5,12.7,35.2,1-1-1-1,美浦 小島,432,-6,
202401020301,2024-08-17,札幌,1,2歳未勝利,芝,1800,右,曇,良,"2回 札幌 3日目 サラ系２歳 未勝利       [指] 馬齢 10頭 本賞金:550,220,140,83,55万円",10,550.0,3,8,9,ルージュミレネール,牝,2,55.0,斎藤,110.9,1.1/4,3,7.2,34.9,4-5-5-4,美浦 斎藤誠,432,4,
202401020301,2024-08-17,札幌,1,2歳未勝利,芝,1800,右,曇,良,"2回 札幌 3日目 サラ系２歳 未勝利       [指] 馬齢 10頭 本賞金:550,220,140,83,55万円",10,550.0,4,7,8,ビーオンザカバー,牡,2,55.0,横山武,111.0,クビ,4,10.5,35.0,4-5-5-4,美浦 伊藤圭,452,-4,
202401020301,2024-08-17,札幌,1,2歳未勝利,芝,1800,右,曇,良,"2回 札幌 3日目 サラ系２歳 未勝利       [指] 馬齢 10頭 本賞金:550,220,140,83,55万円",10,550.0,5,8,10,リアンベーレ,牡,2,55.0,武豊,111.0,クビ,1,1.7,34.8,8-8-8-7,美浦 手塚,490,-8,
202401020301,2024-08-17,札幌,1,2歳未勝利,芝,1800,右,曇,良,"2回 札幌 3日目 サラ系２歳 未勝利       [指] 馬齢 10頭 本賞金:550,220,140,83,55万円",10,550.0,6,7,7,マイネルトラオム,牡,2,55.0,丹内,111.1,3/4,6,44.9,35.5,2-2-2-2,美浦 深山,446,0,
202401020301,2024-08-17,札幌,1,2歳未勝利,芝,1800,右,曇,良,"2回 札幌 3日目 サラ系２歳 未勝利       [指] 馬齢 10頭 本賞金:550,220,140,83,55万円",10,550.0,7,3,3,ウィングコマンダー,牡,2,55.0,浜中,111.4,1.1/2,7,65.9,35.6,4-3-3-4,美浦 鹿戸,466,-6,
202401020301,2024-08-17,札幌,1,2歳未勝利,芝,1800,右,曇,良,"2回 札幌 3日目 サラ系２歳 未勝利       [指] 馬齢 10頭 本賞金:550,220,140,83,55万円",10,550.0,8,4,4,ヤマノインパクト,牡,2,55.0,永野,111.8,2.1/2,10,287.2,35.8,7-5-5-7,美浦 本間,450,-2,
202401020301,2024-08-17,札幌,1,2歳未勝利,芝,1800,右,曇,良,"2回 札幌 3日目 サラ系２歳 未勝利       [指] 馬齢 10頭 本賞金:550,220,140,83,55万円",10,550.0,9,1,1,ダイウン,牡,2,52.0,▲川端,112.0,1.1/4,9,249.8,35.5,10-10-10-9,美浦 加藤和,522,-2,
202401020301,2024-08-17,札幌,1,2歳未勝利,芝,1800,右,曇,良,"2回 札幌 3日目 サラ系２歳 未勝利       [指] 馬齢 10頭 本賞金:550,220,140,83,55万円",10,550.0,10,2,2,ブルーユンチェリー,牝,2,55.0,笹川翼,112.2,1.1/4,8,148.0,35.9,8-8-8-9,美浦 加藤征,454,0,
202401020302,2024-08-17,札幌,2,2歳未勝利,ダ,1700,右,曇,良,"2回 札幌 3日目 サラ系２歳 未勝利       [指] 馬齢 14頭 本賞金:550,220,140,83,55万円",14,550.0,1,3,3,ルージュマローネ,牝,2,55.0,横山和,108.0,,3,4.0,37.8,1-1-1-1,美浦 栗田,468,-6,
202401020302,2024-08-17,札幌,2,2歳未勝利,ダ,1700,右,曇,良,"2回 札幌 3日目 サラ系２歳 未勝利       [指] 馬齢 14頭 本賞金:550,220,140,83,55万円",14,550.0,2,8,13,スティーヴバローズ,牡,2,55.0,佐々木,108.2,1.1/2,1,2.8,37.4,8-8-8-6,美浦 上原佑,464,-4,
202401020302,2024-08-17,札幌,2,2歳未勝利,ダ,1700,右,曇,良,"2回 札幌 3日目 サラ系２歳 未勝利       [指] 馬齢 14頭 本賞金:550,220,140,83,55万円",14,550.0,3,1,1,ラストレガシー,牡,2,55.0,横山武,108.4,3/4,2,3.4,38.0,13-13-4-3,美浦 手塚,476,-4,
202401020302,2024-08-17,札幌,2,2歳未勝利,ダ,1700,右,曇,良,"2回 札幌 3日目 サラ系２歳 未勝利       [指] 馬齢 14頭 本賞金:550,220,140,83,55万円",14,550.0,4,6,9,ソラノキャンバス,牡,2,52.0,▲高杉,108.4,クビ,6,20.2,37.0,10-10-11-10,美浦 武井,432,2,
202401020302,2024-08-17,札幌,2,2歳未勝利,ダ,1700,右,曇,良,"2回 札幌 3日目 サラ系２歳 未勝利       [指] 馬齢 14頭 本賞金:550,220,140,83,55万円",14,550.0,5,4,5,トリプレーテ,牡,2,55.0,富田,108.8,2.1/2,4,11.9,38.6,2-2-2-2,栗東 武英,472,-2,
202401020302,2024-08-17,札幌,2,2歳未勝利,ダ,1700,右,曇,良,"2回 札幌 3日目 サラ系２歳 未勝利       [指] 馬齢 14頭 本賞金:550,220,140,83,55万円",14,550.0,6,8,14,ロードスカイブルー,牡,2,55.0,丹内,108.8,ハナ,8,21.6,38.2,5-6-7-6,美浦 和田勇,450,10,
202401020302,2024-08-17,札幌,2,2歳未勝利,ダ,1700,右,曇,良,"2回 札幌 3日目 サラ系２歳 未勝利       [指] 馬齢 14頭 本賞金:550,220,140,83,55万円",14,550.0,7,2,2,ベストロイヤル,牡,2,55.0,永野,109.1,1.3/4,5,12.9,38.6,4-4-5-5,美浦 相沢,490,0,
202401020302,2024-08-17,札幌,2,2歳未勝利,ダ,1700,右,曇,良,"2回 札幌 3日目 サラ系２歳 未勝利       [指] 馬齢 14頭 本賞金:550,220,140,83,55万円",14,550.0,8,4,6,メイショウマクジキ,牡,2,53.0,△小林勝,109.2,クビ,10,64.7,38.4,7-6-8-9,栗東 角田,460,-4,
202401020302,2024-08-17,札幌,2,2歳未勝利,ダ,1700,右,曇,良,"2回 札幌 3日目 サラ系２歳 未勝利       [指] 馬齢 14頭 本賞金:550,220,140,83,55万円",14,550.0,9,5,8,ピースシャイニー,牡,2,55.0,鮫島駿,109.8,3.1/2,7,20.4,39.3,5-4-5-6,栗東 河嶋,466,-8,
202401020302,2024-08-17,札幌,2,2歳未勝利,ダ,1700,右,曇,良,"2回 札幌 3日目 サラ系２歳 未勝利       [指] 馬齢 14頭 本賞金:550,220,140,83,55万円",14,550.0,10,7,12,ナックオリオン,牡,2,55.0,大野,109.8,クビ,9,36.7,39.5,2-3-2-3,美浦 杉浦,474,0,
202401020302,2024-08-17,札幌,2,2歳未勝利,ダ,1700,右,曇,良,"2回 札幌 3日目 サラ系２歳 未勝利       [指] 馬齢 14頭 本賞金:550,220,140,83,55万円",14,550.0,11,7,11,ロザリアン,牝,2,55.0,和田翼,110.5,4,14,293.8,39.4,8-8-10-10,栗東 谷,452,-4,
202401020302,2024-08-17,札幌,2,2歳未勝利,ダ,1700,右,曇,良,"2回 札幌 3日目 サラ系２歳 未勝利       [指] 馬齢 14頭 本賞金:550,220,140,83,55万円",14,550.0,12,5,7,ラブミーナタリー,牝,2,52.0,▲長浜,111.2,4,12,227.3,39.8,12-11-11-12,美浦 矢嶋,478,-6,
202401020302,2024-08-17,札幌,2,2歳未勝利,ダ,1700,右,曇,良,"2回 札幌 3日目 サラ系２歳 未勝利       [指] 馬齢 14頭 本賞金:550,220,140,83,55万円",14,550.0,13,3,4,ディヴァンカドー,牡,2,55.0,古川吉,112.6,8,11,174.7,41.2,11-11-11-13,栗東 宮,478,2,
202401020302,2024-08-17,札幌,2,2歳未勝利,ダ,1700,右,曇,良,"2回 札幌 3日目 サラ系２歳 未勝利       [指] 馬齢 14頭 本賞金:550,220,140,83,55万円",14,550.0,14,6,10,アルビス,牡,2,55.0,黛,114.1,9,13,287.3,42.5,13-14-14-14,美浦 金成,474,2,
202401020303,2024-08-17,札幌,3,3歳未勝利,芝,1200,右,曇,良,"2回 札幌 3日目 サラ系３歳 未勝利       (混)[指] 馬齢 16頭 本賞金:550,220,140,83,55万円",16,550.0,1,5,9,グランテレーズ,牝,3,55.0,鮫島駿,69.1,,1,2.7,35.1,2-2,栗東 渡辺,446,-2,
202401020303,2024-08-17,札幌,3,3歳未勝利,芝,1200,右,曇,良,"2回 札幌 3日目 サラ系３歳 未勝利       (混)[指] 馬齢 16頭 本賞金:550,220,140,83,55万円",16,550.0,2,3,6,サニイアール,牝,3,55.0,丹内,69.2,クビ,3,7.2,34.9,6-4,美浦 田村,446,0,
202401020303,2024-08-17,札幌,3,3歳未勝利,芝,1200,右,曇,良,"2回 札幌 3日目 サラ系３歳 未勝利       (混)[指] 馬齢 16頭 本賞金:550,220,140,83,55万円",16,550.0,3,8,15,キアロヴェローチェ,セ,3,57.0,藤岡佑,69.2,アタマ,5,9.8,35.4,1-1,栗東 武幸,468,-2,
202401020303,2024-08-17,札幌,3,3歳未勝利,芝,1200,右,曇,良,"2回 札幌 3日目 サラ系３歳 未勝利       (混)[指] 馬齢 16頭 本賞金:550,220,140,83,55万円",16,550.0,4,3,5,カチヌキマリコ,牝,3,55.0,大野,69.4,1,4,7.4,34.6,10-9,美浦 天間,414,0,
202401020303,2024-08-17,札幌,3,3歳未勝利,芝,1200,右,曇,良,"2回 札幌 3日目 サラ系３歳 未勝利       (混)[指] 馬齢 16頭 本賞金:550,220,140,83,55万円",16,550.0,5,6,11,ポムファッジ,牝,3,55.0,菱田,69.5,1,6,10.5,35.4,2-2,美浦 高橋文,502,20,
202401020303,2024-08-17,札幌,3,3歳未勝利,芝,1200,右,曇,良,"2回 札幌 3日目 サラ系３歳 未勝利       (混)[指] 馬齢 16頭 本賞金:550,220,140,83,55万円",16,550.0,6,8,16,ガーデンプランナー,牝,3,53.0,△小林勝,69.7,3/4,8,27.1,35.3,6-6,美浦 堀内,450,2,
202401020303,2024-08-17,札幌,3,3歳未勝利,芝,1200,右,曇,良,"2回 札幌 3日目 サラ系３歳 未勝利       (混)[指] 馬齢 16頭 本賞金:550,220,140,83,55万円",16,550.0,7,7,14,シーメジャー,牝,3,55.0,斎藤,69.7,ハナ,7,13.8,35.1,8-7,栗東 奥村豊,466,4,
202401020303,2024-08-17,札幌,3,3歳未勝利,芝,1200,右,曇,良,"2回 札幌 3日目 サラ系３歳 未勝利       (混)[指] 馬齢 16頭 本賞金:550,220,140,83,55万円",16,550.0,8,1,1,サイモンモーニング,牡,3,54.0,▲長浜,69.7,クビ,14,177.4,34.1,15-15,美浦 勢司,430,2,
202401020303,2024-08-17,札幌,3,3歳未勝利,芝,1200,右,曇,良,"2回 札幌 3日目 サラ系３歳 未勝利       (混)[指] 馬齢 16頭 本賞金:550,220,140,83,55万円",16,550.0,9,7,13,トクシーカイゼリン,牝,3,55.0,北村友,69.8,クビ,12,166.6,35.6,4-4,美浦 小島,478,0,
202401020303,2024-08-17,札幌,3,3歳未勝利,芝,1200,右,曇,良,"2回 札幌 3日目 サラ系３歳 未勝利       (混)[指] 馬齢 16頭 本賞金:550,220,140,83,55万円",16,550.0,10,5,10,フォカッチャ,牝,3,55.0,古川吉,70.1,1.3/4,16,371.2,35.2,11-12,美浦 小手川,424,0,
202401020303,2024-08-17,札幌,3,3歳未勝利,芝,1200,右,曇,良,"2回 札幌 3日目 サラ系３歳 未勝利       (混)[指] 馬齢 16頭 本賞金:550,220,140,83,55万円",16,550.0,11,1,2,グレナマディー,牝,3,55.0,笹川翼,70.1,アタマ,13,175.3,35.0,13-14,美浦 田島,416,8,
202401020303,2024-08-17,札幌,3,3歳未勝利,芝,1200,右,曇,良,"2回 札幌 3日目 サラ系３歳 未勝利       (混)[指] 馬齢 16頭 本賞金:550,220,140,83,55万円",16,550.0,12,6,12,ダイメイコスズ,牡,3,54.0,▲高杉,70.1,クビ,9,63.4,35.2,11-10,栗東 森田,460,10,
202401020303,2024-08-17,札幌,3,3歳未勝利,芝,1200,右,曇,良,"2回 札幌 3日目 サラ系３歳 未勝利       (混)[指] 馬齢 16頭 本賞金:550,220,140,83,55万円",16,550.0,13,4,8,ランガン,牝,3,55.0,黛,70.3,1,15,269.2,35.2,13-12,美浦 伊藤大,482,4,
202401020303,2024-08-17,札幌,3,3歳未勝利,芝,1200,右,曇,良,"2回 札幌 3日目 サラ系３歳 未勝利       (混)[指] 馬齢 16頭 本賞金:550,220,140,83,55万円",16,550.0,14,2,3,クルシファー,牝,3,55.0,永野,70.3,アタマ,10,104.1,35.7,8-10,美浦 矢野,474,10,
202401020303,2024-08-17,札幌,3,3歳未勝利,芝,1200,右,曇,良,"2回 札幌 3日目 サラ系３歳 未勝利       (混)[指] 馬齢 16頭 本賞金:550,220,140,83,55万円",16,550.0,15,2,4,ジャヴァネ,牝,3,51.0,★古川奈,70.6,1.1/2,11,145.7,35.0,15-15,美浦 加藤和,406,-18,
202401020303,2024-08-17,札幌,3,3歳未勝利,芝,1200,右,曇,良,"2回 札幌 3日目 サラ系３歳 未勝利       (混)[指] 馬齢 16頭 本賞金:550,220,140,83,55万円",16,550.0,16,4,7,レガシーオブエリザ,牝,3,55.0,佐々木,70.8,1.1/4,2,4.0,36.6,4-7,美浦 青木,444,10,
202401020304,2024-08-17,札幌,4,3歳未勝利,ダ,1700,右,曇,良,"2回 札幌 3日目 サラ系３歳 未勝利       牝[指] 馬齢 14頭 本賞金:550,220,140,83,55万円",14,550.0,1,3,4,サンダーアリュール,牝,3,55.0,丹内,106.6,,6,16.9,39.0,1-1-1-1,美浦 菊川,454,0,
202401020304,2024-08-17,札幌,4,3歳未勝利,ダ,1700,右,曇,良,"2回 札幌 3日目 サラ系３歳 未勝利       牝[指] 馬齢 14頭 本賞金:550,220,140,83,55万円",14,550.0,2,7,11,ノーブルブランカ,牝,3,52.0,▲高杉,107.1,3.1/2,2,3.1,38.1,8-11-8-6,栗東 牧浦,442,2,
202401020304,2024-08-17,札幌,4,3歳未勝利,ダ,1700,右,曇,良,"2回 札幌 3日目 サラ系３歳 未勝利       牝[指] 馬齢 14頭 本賞金:550,220,140,83,55万円",14,550.0,3,5,8,フルリール,牝,3,55.0,藤岡佑,107.8,4,5,9.3,39.5,8-6-5-5,栗東 藤岡,434,2,
202401020304,2024-08-17,札幌,4,3歳未勝利,ダ,1700,右,曇,良,"2回 札幌 3日目 サラ系３歳 未勝利       牝[指] 馬齢 14頭 本賞金:550,220,140,83,55万円",14,550.0,4,7,12,ポアゾンノアール,牝,3,55.0,富田,108.0,1.1/4,9,38.9,39.9,3-3-3-2,栗東 本田,466,4,
202401020304,2024-08-17,札幌,4,3歳未勝利,ダ,1700,右,曇,良,"2回 札幌 3日目 サラ系３歳 未勝利       牝[指] 馬齢 14頭 本賞金:550,220,140,83,55万円",14,550.0,5,3,3,サンキャメロン,牝,3,55.0,横山武,108.3,2,1,3.1,39.5,7-8-7-7,美浦 上原博,450,-4,
202401020304,2024-08-17,札幌,4,3歳未勝利,ダ,1700,右,曇,良,"2回 札幌 3日目 サラ系３歳 未勝利       牝[指] 馬齢 14頭 本賞金:550,220,140,83,55万円",14,550.0,6,2,2,ドントレットゴー,牝,3,55.0,横山和,108.5,1,3,5.3,40.3,5-5-3-2,栗東 上村,444,2,
202401020304,2024-08-17,札幌,4,3歳未勝利,ダ,1700,右,曇,良,"2回 札幌 3日目 サラ系３歳 未勝利       牝[指] 馬齢 14頭 本賞金:550,220,140,83,55万円",14,550.0,7,6,10,ブリリアントスピカ,牝,3,53.0,△小林勝,108.5,クビ,4,8.2,40.7,2-2-2-2,栗東 畑端,490,-4,
202401020304,2024-08-17,札幌,4,3歳未勝利,ダ,1700,右,曇,良,"2回 札幌 3日目 サラ系３歳 未勝利       牝[指] 馬齢 14頭 本賞金:550,220,140,83,55万円",14,550.0,8,4,6,リヴィングカラー,牝,3,55.0,荻野琢,108.6,1/2,11,143.4,38.8,13-12-11-11,美浦 小笠,408,12,
202401020304,2024-08-17,札幌,4,3歳未勝利,ダ,1700,右,曇,良,"2回 札幌 3日目 サラ系３歳 未勝利       牝[指] 馬齢 14頭 本賞金:550,220,140,83,55万円",14,550.0,9,8,14,リナリア,牝,3,55.0,黛,108.7,1/2,7,19.9,39.5,6-8-9-9,美浦 伊坂,434,-4,
202401020304,2024-08-17,札幌,4,3歳未勝利,ダ,1700,右,曇,良,"2回 札幌 3日目 サラ系３歳 未勝利       牝[指] 馬齢 14頭 本賞金:550,220,140,83,55万円",14,550.0,10,4,5,ブレイクショット,牝,3,55.0,北村友,108.8,クビ,10,50.3,39.0,13-14-11-10,美浦 村田,474,14,
202401020304,2024-08-17,札幌,4,3歳未勝利,ダ,1700,右,曇,良,"2回 札幌 3日目 サラ系３歳 未勝利       牝[指] 馬齢 14頭 本賞金:550,220,140,83,55万円",14,550.0,11,1,1,クリノアイリス,牝,3,55.0,和田翼,109.4,4,14,382.3,41.1,3-3-5-8,栗東 谷,440,-4,
202401020304,2024-08-17,札幌,4,3歳未勝利,ダ,1700,右,曇,良,"2回 札幌 3日目 サラ系３歳 未勝利       牝[指] 馬齢 14頭 本賞金:550,220,140,83,55万円",14,550.0,12,8,13,ファイアンス,牝,3,55.0,笹川翼,110.2,5,8,33.5,40.1,8-12-13-12,美浦 武市,466,6,
202401020304,2024-08-17,札幌,4,3歳未勝利,ダ,1700,右,曇,良,"2回 札幌 3日目 サラ系３歳 未勝利       牝[指] 馬齢 14頭 本賞金:550,220,140,83,55万円",14,550.0,13,5,7,シャイニーマンボ,牝,3,52.0,▲川端,117.5,大,12,194.0,47.5,8-8-13-14,栗東 羽月,460,-10,
202401020304,2024-08-17,札幌,4,3歳未勝利,ダ,1700,右,曇,良,"2回 札幌 3日目 サラ系３歳 未勝利       牝[指] 馬齢 14頭 本賞金:550,220,140,83,55万円",14,550.0,14,6,9,ジャンル,牝,3,55.0,斎藤,117.8,1.3/4,13,239.8,48.3,12-6-10-13,美浦 岩戸,476,4,
202401020305,2024-08-17,札幌,5,2歳新馬,芝,1500,右,曇,良,"2回 札幌 3日目 サラ系２歳 新馬       [指] 馬齢 8頭 本賞金:720,290,180,110,72万円",8,720.0,1,2,2,メリディアンスター,牡,2,55.0,笹川翼,88.8,,1,2.2,35.1,1-1-1,美浦 加藤征,484,0,
202401020305,2024-08-17,札幌,5,2歳新馬,芝,1500,右,曇,良,"2回 札幌 3日目 サラ系２歳 新馬       [指] 馬齢 8頭 本賞金:720,290,180,110,72万円",8,720.0,2,6,6,ワールドキッス,牡,2,55.0,浜中,89.5,4,4,13.1,35.3,5-4-2,栗東 河嶋,450,0,
202401020305,2024-08-17,札幌,5,2歳新馬,芝,1500,右,曇,良,"2回 札幌 3日目 サラ系２歳 新馬       [指] 馬齢 8頭 本賞金:720,290,180,110,72万円",8,720.0,3,8,8,ロードジェネシス,牡,2,55.0,丹内,89.9,2.1/2,2,2.8,35.5,5-5-5,栗東 奥村豊,470,0,
202401020305,2024-08-17,札幌,5,2歳新馬,芝,1500,右,曇,良,"2回 札幌 3日目 サラ系２歳 新馬       [指] 馬齢 8頭 本賞金:720,290,180,110,72万円",8,720.0,4,1,1,ビアンカネーヴェ,牝,2,55.0,亀田,90.4,3,3,4.7,36.3,3-2-2,栗東 北出,454,0,
202401020305,2024-08-17,札幌,5,2歳新馬,芝,1500,右,曇,良,"2回 札幌 3日目 サラ系２歳 新馬       [指] 馬齢 8頭 本賞金:720,290,180,110,72万円",8,720.0,5,7,7,レーヴレジェンド,牡,2,55.0,永野,90.7,2,6,18.5,36.1,7-7-6,美浦 金成,484,0,
202401020305,2024-08-17,札幌,5,2歳新馬,芝,1500,右,曇,良,"2回 札幌 3日目 サラ系２歳 新馬       [指] 馬齢 8頭 本賞金:720,290,180,110,72万円",8,720.0,6,4,4,アーバンガール,牝,2,55.0,鮫島駿,91.4,4,5,14.5,37.4,2-2-2,栗東 小椋,464,0,
202401020305,2024-08-17,札幌,5,2歳新馬,芝,1500,右,曇,良,"2回 札幌 3日目 サラ系２歳 新馬       [指] 馬齢 8頭 本賞金:720,290,180,110,72万円",8,720.0,7,3,3,アスクサヴァイバル,牡,2,55.0,佐々木,91.7,2,7,25.6,36.4,3-8-8,美浦 田島,428,0,
202401020305,2024-08-17,札幌,5,2歳新馬,芝,1500,右,曇,良,"2回 札幌 3日目 サラ系２歳 新馬       [指] 馬齢 8頭 本賞金:720,290,180,110,72万円",8,720.0,8,5,5,キタノエーシン,牡,2,55.0,黛,92.0,1.1/2,8,127.5,37.5,7-5-7,美浦 蛯名利,476,0,
202401020306,2024-08-17,札幌,6,3歳未勝利,ダ,1700,右,曇,良,"2回 札幌 3日目 サラ系３歳 未勝利       (混)[指] 馬齢 14頭 本賞金:550,220,140,83,55万円",14,550.0,1,5,7,プルメリアクヒオ,牡,3,54.0,▲長浜,106.9,,1,2.6,37.9,4-5-5-3,美浦 深山,454,0,
202401020306,2024-08-17,札幌,6,3歳未勝利,ダ,1700,右,曇,良,"2回 札幌 3日目 サラ系３歳 未勝利       (混)[指] 馬齢 14頭 本賞金:550,220,140,83,55万円",14,550.0,2,6,10,ポンヌフ,牝,3,55.0,古川吉,107.0,1/2,7,19.4,38.5,2-2-2-2,栗東 吉村,462,4,
202401020306,2024-08-17,札幌,6,3歳未勝利,ダ,1700,右,曇,良,"2回 札幌 3日目 サラ系３歳 未勝利       (混)[指] 馬齢 14頭 本賞金:550,220,140,83,55万円",14,550.0,3,6,9,フィアマフルミネ,牝,3,55.0,横山和,107.7,4,4,8.4,38.5,7-7-7-5,栗東 飯田,426,2,
202401020306,2024-08-17,札幌,6,3歳未勝利,ダ,1700,右,曇,良,"2回 札幌 3日目 サラ系３歳 未勝利       (混)[指] 馬齢 14頭 本賞金:550,220,140,83,55万円",14,550.0,4,4,6,ランドマックス,牡,3,57.0,菱田,107.8,3/4,3,7.0,39.6,1-1-1-1,美浦 本間,480,0,
202401020306,2024-08-17,札幌,6,3歳未勝利,ダ,1700,右,曇,良,"2回 札幌 3日目 サラ系３歳 未勝利       (混)[指] 馬齢 14頭 本賞金:550,220,140,83,55万円",14,550.0,5,3,4,クレスコサンダー,牡,3,57.0,鮫島駿,108.3,3,2,3.4,39.6,4-3-3-5,栗東 緒方,486,0,
202401020306,2024-08-17,札幌,6,3歳未勝利,ダ,1700,右,曇,良,"2回 札幌 3日目 サラ系３歳 未勝利       (混)[指] 馬齢 14頭 本賞金:550,220,140,83,55万円",14,550.0,6,2,2,マジカルレイズ,牡,3,57.0,斎藤,108.4,クビ,10,55.5,38.9,8-8-8-8,栗東 羽月,472,-4,
202401020306,2024-08-17,札幌,6,3歳未勝利,ダ,1700,右,曇,良,"2回 札幌 3日目 サラ系３歳 未勝利       (混)[指] 馬齢 14頭 本賞金:550,220,140,83,55万円",14,550.0,7,8,14,スターメイデン,牝,3,55.0,佐々木,108.8,2.1/2,8,40.5,37.3,14-14-14-14,栗東 吉村,476,-2,
202401020306,2024-08-17,札幌,6,3歳未勝利,ダ,1700,右,曇,良,"2回 札幌 3日目 サラ系３歳 未勝利       (混)[指] 馬齢 14頭 本賞金:550,220,140,83,55万円",14,550.0,8,8,13,カズトシクン,牡,3,54.0,▲高杉,108.8,クビ,6,11.6,40.1,2-3-3-3,栗東 渡辺,504,6,
202401020306,2024-08-17,札幌,6,3歳未勝利,ダ,1700,右,曇,良,"2回 札幌 3日目 サラ系３歳 未勝利       (混)[指] 馬齢 14頭 本賞金:550,220,140,83,55万円",14,550.0,9,1,1,ジューンサレンダー,牡,3,57.0,荻野琢,108.8,アタマ,14,317.7,39.8,4-5-5-7,栗東 今野,450,0,
202401020306,2024-08-17,札幌,6,3歳未勝利,ダ,1700,右,曇,良,"2回 札幌 3日目 サラ系３歳 未勝利       (混)[指] 馬齢 14頭 本賞金:550,220,140,83,55万円",14,550.0,10,4,5,フクノスナノバラ,牡,3,55.0,△小林勝,109.2,2.1/2,11,78.0,38.8,13-12-12-12,美浦 小野,476,-6,
202401020306,2024-08-17,札幌,6,3歳未勝利,ダ,1700,右,曇,良,"2回 札幌 3日目 サラ系３歳 未勝利       (混)[指] 馬齢 14頭 本賞金:550,220,140,83,55万円",14,550.0,11,7,12,サイレントヴォイス,牡,3,57.0,永野,109.3,1/2,13,218.0,39.6,8-8-10-10,美浦 新開,466,12,
202401020306,2024-08-17,札幌,6,3歳未勝利,ダ,1700,右,曇,良,"2回 札幌 3日目 サラ系３歳 未勝利       (混)[指] 馬齢 14頭 本賞金:550,220,140,83,55万円",14,550.0,12,5,8,レガッタ,牡,3,57.0,横山典,109.4,1/2,5,10.1,39.8,10-10-8-8,栗東 昆,472,0,
202401020306,2024-08-17,札幌,6,3歳未勝利,ダ,1700,右,曇,良,"2回 札幌 3日目 サラ系３歳 未勝利       (混)[指] 馬齢 14頭 本賞金:550,220,140,83,55万円",14,550.0,13,7,11,イロンデル,牡,3,57.0,北村友,110.2,5,9,43.6,40.2,10-10-11-11,美浦 小手川,474,4,
202401020306,2024-08-17,札幌,6,3歳未勝利,ダ,1700,右,曇,良,"2回 札幌 3日目 サラ系３歳 未勝利       (混)[指] 馬齢 14頭 本賞金:550,220,140,83,55万円",14,550.0,14,3,3,スグラフィート,牡,3,57.0,大野,110.2,クビ,12,100.2,39.8,12-12-12-12,美浦 牧,500,10,
202401020307,2024-08-17,札幌,7,3歳未勝利,芝,2000,右,曇,良,"2回 札幌 3日目 サラ系３歳 未勝利       [指] 馬齢 16頭 本賞金:550,220,140,83,55万円",16,550.0,1,1,2,ウイントレメンデス,牡,3,57.0,横山武,120.3,,1,1.9,37.2,2-2-2-2,美浦 鈴木伸,484,2,
202401020307,2024-08-17,札幌,7,3歳未勝利,芝,2000,右,曇,良,"2回 札幌 3日目 サラ系３歳 未勝利       [指] 馬齢 16頭 本賞金:550,220,140,83,55万円",16,550.0,2,3,6,サトノアライヴ,牡,3,57.0,佐々木,120.9,4,8,23.0,36.2,9-9-10-8,栗東 須貝,432,0,
202401020307,2024-08-17,札幌,7,3歳未勝利,芝,2000,右,曇,良,"2回 札幌 3日目 サラ系３歳 未勝利       [指] 馬齢 16頭 本賞金:550,220,140,83,55万円",16,550.0,3,3,5,テイクノーティス,牡,3,57.0,菱田,121.2,1.1/2,13,76.0,35.9,15-15-14-11,美浦 伊坂,444,-2,
202401020307,2024-08-17,札幌,7,3歳未勝利,芝,2000,右,曇,良,"2回 札幌 3日目 サラ系３歳 未勝利       [指] 馬齢 16頭 本賞金:550,220,140,83,55万円",16,550.0,4,1,1,ラインポーチュラカ,牝,3,55.0,古川吉,121.2,クビ,10,40.3,36.4,12-11-11-11,美浦 蛯名正,500,0,
202401020307,2024-08-17,札幌,7,3歳未勝利,芝,2000,右,曇,良,"2回 札幌 3日目 サラ系３歳 未勝利       [指] 馬齢 16頭 本賞金:550,220,140,83,55万円",16,550.0,5,8,16,ニシノシャミナード,牝,3,55.0,池添,121.2,ハナ,3,9.3,37.4,4-4-4-3,美浦 嘉藤,434,6,
202401020307,2024-08-17,札幌,7,3歳未勝利,芝,2000,右,曇,良,"2回 札幌 3日目 サラ系３歳 未勝利       [指] 馬齢 16頭 本賞金:550,220,140,83,55万円",16,550.0,6,5,10,アイヲコメテ,牝,3,55.0,浜中,121.4,3/4,4,12.6,39.1,1-1-1-1,美浦 奥村武,488,10,
202401020307,2024-08-17,札幌,7,3歳未勝利,芝,2000,右,曇,良,"2回 札幌 3日目 サラ系３歳 未勝利       [指] 馬齢 16頭 本賞金:550,220,140,83,55万円",16,550.0,7,4,7,レディマキシマ,牝,3,55.0,丹内,121.6,1.1/4,2,4.9,37.5,7-7-6-5,美浦 伊藤大,502,2,
202401020307,2024-08-17,札幌,7,3歳未勝利,芝,2000,右,曇,良,"2回 札幌 3日目 サラ系３歳 未勝利       [指] 馬齢 16頭 本賞金:550,220,140,83,55万円",16,550.0,8,6,12,シャバツィ,牝,3,55.0,富田,121.6,クビ,15,249.3,37.0,7-8-8-8,栗東 荒川,474,8,
202401020307,2024-08-17,札幌,7,3歳未勝利,芝,2000,右,曇,良,"2回 札幌 3日目 サラ系３歳 未勝利       [指] 馬齢 16頭 本賞金:550,220,140,83,55万円",16,550.0,9,7,13,ルクスチェリー,牝,3,55.0,武豊,121.7,1/2,5,14.5,36.5,12-14-14-15,栗東 石橋,478,2,
202401020307,2024-08-17,札幌,7,3歳未勝利,芝,2000,右,曇,良,"2回 札幌 3日目 サラ系３歳 未勝利       [指] 馬齢 16頭 本賞金:550,220,140,83,55万円",16,550.0,10,2,3,イズジョーノヒカリ,牝,3,55.0,大野,121.8,1/2,7,22.8,37.3,9-9-8-8,栗東 中尾,472,4,
202401020307,2024-08-17,札幌,7,3歳未勝利,芝,2000,右,曇,良,"2回 札幌 3日目 サラ系３歳 未勝利       [指] 馬齢 16頭 本賞金:550,220,140,83,55万円",16,550.0,11,6,11,サトノクロシェット,牝,3,55.0,北村友,122.0,1,14,140.8,36.9,11-13-13-13,栗東 平田,460,-4,
202401020307,2024-08-17,札幌,7,3歳未勝利,芝,2000,右,曇,良,"2回 札幌 3日目 サラ系３歳 未勝利       [指] 馬齢 16頭 本賞金:550,220,140,83,55万円",16,550.0,12,8,15,ゲンヨウサイ,牡,3,54.0,▲長浜,122.0,クビ,12,51.4,37.9,6-6-6-7,栗東 西園翔,484,2,
202401020307,2024-08-17,札幌,7,3歳未勝利,芝,2000,右,曇,良,"2回 札幌 3日目 サラ系３歳 未勝利       [指] 馬齢 16頭 本賞金:550,220,140,83,55万円",16,550.0,13,5,9,アオイシン,牡,3,57.0,永野,122.1,クビ,16,266.5,37.2,12-11-11-13,美浦 古賀,440,-18,
202401020307,2024-08-17,札幌,7,3歳未勝利,芝,2000,右,曇,良,"2回 札幌 3日目 サラ系３歳 未勝利       [指] 馬齢 16頭 本賞金:550,220,140,83,55万円",16,550.0,14,7,14,タナバタ,牡,3,54.0,▲高杉,122.1,アタマ,6,14.8,38.6,3-3-3-3,美浦 武井,514,-2,
202401020307,2024-08-17,札幌,7,3歳未勝利,芝,2000,右,曇,良,"2回 札幌 3日目 サラ系３歳 未勝利       [指] 馬齢 16頭 本賞金:550,220,140,83,55万円",16,550.0,15,4,8,ティラージュ,牝,3,55.0,藤岡佑,122.3,1.1/4,9,38.7,38.6,5-4-4-5,栗東 野中,466,2,
202401020307,2024-08-17,札幌,7,3歳未勝利,芝,2000,右,曇,良,"2回 札幌 3日目 サラ系３歳 未勝利       [指] 馬齢 16頭 本賞金:550,220,140,83,55万円",16,550.0,16,2,4,バスティオン,牡,3,57.0,横山和,123.8,9,11,47.8,38.2,15-16-16-16,美浦 西田,556,-4,
202401020308,2024-08-17,札幌,8,3歳以上1勝クラス,ダ,1000,右,曇,良,"2回 札幌 3日目 サラ系３歳以上 １勝クラス       [指] 定量 12頭 本賞金:800,320,200,120,80万円",12,800.0,1,7,10,ブレーザー,牡,3,53.0,▲長浜,59.6,,1,2.2,35.9,4-4,美浦 伊坂,512,-2,
202401020308,2024-08-17,札幌,8,3歳以上1勝クラス,ダ,1000,右,曇,良,"2回 札幌 3日目 サラ系３歳以上 １勝クラス       [指] 定量 12頭 本賞金:800,320,200,120,80万円",12,800.0,2,6,7,コスモジョセフ,牡,4,55.0,▲高杉,59.9,1.3/4,4,9.1,36.4,3-2,美浦 伊藤大,484,-4,
202401020308,2024-08-17,札幌,8,3歳以上1勝クラス,ダ,1000,右,曇,良,"2回 札幌 3日目 サラ系３歳以上 １勝クラス       [指] 定量 12頭 本賞金:800,320,200,120,80万円",12,800.0,3,1,1,カップッチョ,牡,7,58.0,黛,59.9,ハナ,7,43.7,35.8,8-6,美浦 石毛,494,4,
202401020308,2024-08-17,札幌,8,3歳以上1勝クラス,ダ,1000,右,曇,良,"2回 札幌 3日目 サラ系３歳以上 １勝クラス       [指] 定量 12頭 本賞金:800,320,200,120,80万円",12,800.0,4,2,2,ヨドノゴールド,牡,6,58.0,横山武,59.9,ハナ,3,4.2,36.0,6-6,栗東 西園正,470,0,
202401020308,2024-08-17,札幌,8,3歳以上1勝クラス,ダ,1000,右,曇,良,"2回 札幌 3日目 サラ系３歳以上 １勝クラス       [指] 定量 12頭 本賞金:800,320,200,120,80万円",12,800.0,5,5,6,タミゼ,牝,3,54.0,北村友,60.2,1.3/4,2,4.2,36.5,4-5,栗東 平田,488,14,
202401020308,2024-08-17,札幌,8,3歳以上1勝クラス,ダ,1000,右,曇,良,"2回 札幌 3日目 サラ系３歳以上 １勝クラス       [指] 定量 12頭 本賞金:800,320,200,120,80万円",12,800.0,6,7,9,ゴットリープ,牡,4,58.0,丹内,60.4,1.1/4,8,56.3,36.5,6-6,美浦 栗田,468,-2,
202401020308,2024-08-17,札幌,8,3歳以上1勝クラス,ダ,1000,右,曇,良,"2回 札幌 3日目 サラ系３歳以上 １勝クラス       [指] 定量 12頭 本賞金:800,320,200,120,80万円",12,800.0,7,8,11,スパークルジョイ,牝,3,54.0,斎藤,60.5,クビ,5,11.4,37.1,2-2,栗東 鮫島,448,8,
202401020308,2024-08-17,札幌,8,3歳以上1勝クラス,ダ,1000,右,曇,良,"2回 札幌 3日目 サラ系３歳以上 １勝クラス       [指] 定量 12頭 本賞金:800,320,200,120,80万円",12,800.0,8,3,3,アイノセンシ,牡,4,58.0,古川吉,60.5,クビ,10,78.5,36.4,8-9,美浦 牧,510,-4,
202401020308,2024-08-17,札幌,8,3歳以上1勝クラス,ダ,1000,右,曇,良,"2回 札幌 3日目 サラ系３歳以上 １勝クラス       [指] 定量 12頭 本賞金:800,320,200,120,80万円",12,800.0,9,5,5,オリンポスカズマ,牡,4,58.0,富田,60.8,1.1/2,11,81.3,36.3,11-10,栗東 平田,518,8,
202401020308,2024-08-17,札幌,8,3歳以上1勝クラス,ダ,1000,右,曇,良,"2回 札幌 3日目 サラ系３歳以上 １勝クラス       [指] 定量 12頭 本賞金:800,320,200,120,80万円",12,800.0,10,4,4,セイゲン,牡,5,58.0,佐々木,60.9,3/4,12,149.6,36.2,12-12,美浦 中川,478,-2,
202401020308,2024-08-17,札幌,8,3歳以上1勝クラス,ダ,1000,右,曇,良,"2回 札幌 3日目 サラ系３歳以上 １勝クラス       [指] 定量 12頭 本賞金:800,320,200,120,80万円",12,800.0,11,6,8,シンゼンシャイン,牡,6,55.0,▲川端,60.9,クビ,6,21.2,37.6,1-1,栗東 飯田,512,4,
202401020308,2024-08-17,札幌,8,3歳以上1勝クラス,ダ,1000,右,曇,良,"2回 札幌 3日目 サラ系３歳以上 １勝クラス       [指] 定量 12頭 本賞金:800,320,200,120,80万円",12,800.0,12,8,12,ナムラルッコラ,牝,3,54.0,菱田,62.1,7,9,72.5,37.9,8-10,栗東 大橋,498,18,
202401020309,2024-08-17,札幌,9,千歳特別,芝,1500,右,曇,良,"2回 札幌 3日目 サラ系３歳以上 １勝クラス       (特指) 定量 13頭 本賞金:1110,440,280,170,111万円",13,1110.0,1,8,12,ビーナスローズ,牝,5,56.0,永野,88.2,,1,3.1,35.9,1-1-1,栗東 杉山佳,442,0,
202401020309,2024-08-17,札幌,9,千歳特別,芝,1500,右,曇,良,"2回 札幌 3日目 サラ系３歳以上 １勝クラス       (特指) 定量 13頭 本賞金:1110,440,280,170,111万円",13,1110.0,2,2,2,ヴァシロペス,セ,3,55.0,鮫島駿,88.4,1,8,38.6,35.4,2-2-2,栗東 緒方,448,4,
202401020309,2024-08-17,札幌,9,千歳特別,芝,1500,右,曇,良,"2回 札幌 3日目 サラ系３歳以上 １勝クラス       (特指) 定量 13頭 本賞金:1110,440,280,170,111万円",13,1110.0,3,5,6,マルカシャルマン,牝,4,56.0,佐々木,88.4,クビ,7,21.4,35.1,3-4-4,栗東 浜田,442,-2,
202401020309,2024-08-17,札幌,9,千歳特別,芝,1500,右,曇,良,"2回 札幌 3日目 サラ系３歳以上 １勝クラス       (特指) 定量 13頭 本賞金:1110,440,280,170,111万円",13,1110.0,4,6,8,マイネルフォルツァ,牡,4,58.0,丹内,88.5,1/2,5,10.5,34.8,8-7-6,美浦 金成,524,-2,
202401020309,2024-08-17,札幌,9,千歳特別,芝,1500,右,曇,良,"2回 札幌 3日目 サラ系３歳以上 １勝クラス       (特指) 定量 13頭 本賞金:1110,440,280,170,111万円",13,1110.0,5,1,1,トラペジスト,牡,3,55.0,北村友,88.6,3/4,3,4.3,35.3,3-4-4,栗東 音無,524,10,
202401020309,2024-08-17,札幌,9,千歳特別,芝,1500,右,曇,良,"2回 札幌 3日目 サラ系３歳以上 １勝クラス       (特指) 定量 13頭 本賞金:1110,440,280,170,111万円",13,1110.0,6,6,9,フェゲフォイア,牡,4,58.0,菱田,88.7,クビ,6,13.0,35.2,6-6-6,栗東 岡田,454,2,
202401020309,2024-08-17,札幌,9,千歳特別,芝,1500,右,曇,良,"2回 札幌 3日目 サラ系３歳以上 １勝クラス       (特指) 定量 13頭 本賞金:1110,440,280,170,111万円",13,1110.0,7,3,3,セレスト,牡,3,55.0,川端,88.8,3/4,11,55.4,34.9,8-10-8,栗東 羽月,432,0,
202401020309,2024-08-17,札幌,9,千歳特別,芝,1500,右,曇,良,"2回 札幌 3日目 サラ系３歳以上 １勝クラス       (特指) 定量 13頭 本賞金:1110,440,280,170,111万円",13,1110.0,8,7,11,テリオスルル,牝,3,53.0,古川吉,89.0,1,4,8.4,35.0,11-10-8,美浦 田島,474,-4,
202401020309,2024-08-17,札幌,9,千歳特別,芝,1500,右,曇,良,"2回 札幌 3日目 サラ系３歳以上 １勝クラス       (特指) 定量 13頭 本賞金:1110,440,280,170,111万円",13,1110.0,9,8,13,マイネルモメンタム,牡,3,55.0,横山武,89.0,アタマ,2,3.6,35.9,3-3-2,美浦 相沢,474,12,
202401020309,2024-08-17,札幌,9,千歳特別,芝,1500,右,曇,良,"2回 札幌 3日目 サラ系３歳以上 １勝クラス       (特指) 定量 13頭 本賞金:1110,440,280,170,111万円",13,1110.0,10,4,5,テーオーヴァイナー,牡,4,58.0,高杉,89.1,1,13,207.3,35.5,7-7-8,栗東 藤岡,498,-8,
202401020309,2024-08-17,札幌,9,千歳特別,芝,1500,右,曇,良,"2回 札幌 3日目 サラ系３歳以上 １勝クラス       (特指) 定量 13頭 本賞金:1110,440,280,170,111万円",13,1110.0,11,7,10,セレスティアリティ,牝,4,56.0,藤岡佑,89.4,1.3/4,9,53.3,35.6,8-9-11,栗東 西村,482,4,
202401020309,2024-08-17,札幌,9,千歳特別,芝,1500,右,曇,良,"2回 札幌 3日目 サラ系３歳以上 １勝クラス       (特指) 定量 13頭 本賞金:1110,440,280,170,111万円",13,1110.0,12,4,4,トワイライトウェイ,牡,3,55.0,笹川翼,89.7,1.3/4,12,202.0,35.4,11-13-12,地方 佐藤裕,462,-8,
202401020309,2024-08-17,札幌,9,千歳特別,芝,1500,右,曇,良,"2回 札幌 3日目 サラ系３歳以上 １勝クラス       (特指) 定量 13頭 本賞金:1110,440,280,170,111万円",13,1110.0,13,5,7,アフトクラーティラ,牝,4,56.0,横山和,90.5,5,10,55.1,36.3,13-12-12,美浦 上原佑,484,-6,
202401020310,2024-08-17,札幌,10,富良野特別,芝,2000,右,曇,良,"2回 札幌 3日目 サラ系３歳以上 １勝クラス       (混)(特指) 定量 12頭 本賞金:1110,440,280,170,111万円",12,1110.0,1,5,6,コスモブッドレア,牡,3,55.0,横山武,120.6,,1,2.9,35.4,2-2-2-2,美浦 小野,484,4,
202401020310,2024-08-17,札幌,10,富良野特別,芝,2000,右,曇,良,"2回 札幌 3日目 サラ系３歳以上 １勝クラス       (混)(特指) 定量 12頭 本賞金:1110,440,280,170,111万円",12,1110.0,2,1,1,マイネルオーシャン,牡,3,55.0,丹内,120.8,1.1/4,2,3.3,35.7,1-1-1-1,美浦 鹿戸,466,4,
202401020310,2024-08-17,札幌,10,富良野特別,芝,2000,右,曇,良,"2回 札幌 3日目 サラ系３歳以上 １勝クラス       (混)(特指) 定量 12頭 本賞金:1110,440,280,170,111万円",12,1110.0,3,2,2,ノーブルスカイ,牡,3,55.0,鮫島駿,120.8,クビ,5,16.2,35.4,3-3-4-3,栗東 高柳大,468,0,
202401020310,2024-08-17,札幌,10,富良野特別,芝,2000,右,曇,良,"2回 札幌 3日目 サラ系３歳以上 １勝クラス       (混)(特指) 定量 12頭 本賞金:1110,440,280,170,111万円",12,1110.0,4,4,4,アドミラルシップ,牡,3,55.0,武豊,121.1,1.3/4,3,3.8,35.5,5-5-5-5,美浦 相沢,470,-2,
202401020310,2024-08-17,札幌,10,富良野特別,芝,2000,右,曇,良,"2回 札幌 3日目 サラ系３歳以上 １勝クラス       (混)(特指) 定量 12頭 本賞金:1110,440,280,170,111万円",12,1110.0,5,5,5,フォルテフィオーレ,牡,3,55.0,佐々木,121.1,1/2,4,7.5,35.8,4-4-3-3,美浦 上原佑,438,8,
202401020310,2024-08-17,札幌,10,富良野特別,芝,2000,右,曇,良,"2回 札幌 3日目 サラ系３歳以上 １勝クラス       (混)(特指) 定量 12頭 本賞金:1110,440,280,170,111万円",12,1110.0,6,6,7,コスモエクスプレス,牡,5,58.0,永野,121.5,2.1/2,6,18.6,35.2,10-10-8-8,美浦 松永康,500,4,
202401020310,2024-08-17,札幌,10,富良野特別,芝,2000,右,曇,良,"2回 札幌 3日目 サラ系３歳以上 １勝クラス       (混)(特指) 定量 12頭 本賞金:1110,440,280,170,111万円",12,1110.0,7,7,9,マノア,牝,3,51.0,富田,121.6,1/2,9,49.1,35.3,8-8-8-9,栗東 上村,454,6,
202401020310,2024-08-17,札幌,10,富良野特別,芝,2000,右,曇,良,"2回 札幌 3日目 サラ系３歳以上 １勝クラス       (混)(特指) 定量 12頭 本賞金:1110,440,280,170,111万円",12,1110.0,8,6,8,ルークスヘリオス,牡,5,58.0,北村友,121.8,1,8,39.5,35.7,6-6-6-6,美浦 中川,482,-4,
202401020310,2024-08-17,札幌,10,富良野特別,芝,2000,右,曇,良,"2回 札幌 3日目 サラ系３歳以上 １勝クラス       (混)(特指) 定量 12頭 本賞金:1110,440,280,170,111万円",12,1110.0,9,7,10,マイネルヒッツェ,牡,6,58.0,黛,122.1,1.1/2,10,196.9,35.8,8-8-8-9,美浦 粕谷,482,2,
202401020310,2024-08-17,札幌,10,富良野特別,芝,2000,右,曇,良,"2回 札幌 3日目 サラ系３歳以上 １勝クラス       (混)(特指) 定量 12頭 本賞金:1110,440,280,170,111万円",12,1110.0,10,8,11,アッシュバーグ,牝,3,53.0,斎藤,122.3,1.1/4,7,19.5,36.2,6-6-6-6,美浦 斎藤誠,508,4,
202401020310,2024-08-17,札幌,10,富良野特別,芝,2000,右,曇,良,"2回 札幌 3日目 サラ系３歳以上 １勝クラス       (混)(特指) 定量 12頭 本賞金:1110,440,280,170,111万円",12,1110.0,11,3,3,アットアブラスト,牡,4,58.0,和田翼,123.2,5,11,447.3,36.4,10-11-11-11,栗東 小椋,468,-4,
202401020310,2024-08-17,札幌,10,富良野特別,芝,2000,右,曇,良,"2回 札幌 3日目 サラ系３歳以上 １勝クラス       (混)(特指) 定量 12頭 本賞金:1110,440,280,170,111万円",12,1110.0,12,8,12,クリノエクリプス,牡,3,55.0,川端,124.7,9,12,590.1,37.9,12-12-11-12,栗東 大根田,482,2,
202401020311,2024-08-17,札幌,11,札幌日刊スポーツ杯,芝,2600,右,曇,良,"2回 札幌 3日目 サラ系３歳以上 ２勝クラス       (混)[指] ハンデ 14頭 本賞金:1550,620,390,230,155万円",14,1550.0,1,2,2,フェミナフォルテ,牝,4,53.0,小林勝,160.5,,6,16.3,35.5,8-8-7-9,美浦 小島,416,0,
202401020311,2024-08-17,札幌,11,札幌日刊スポーツ杯,芝,2600,右,曇,良,"2回 札幌 3日目 サラ系３歳以上 ２勝クラス       (混)[指] ハンデ 14頭 本賞金:1550,620,390,230,155万円",14,1550.0,2,5,8,カフェグランデ,牡,3,54.0,横山和,160.7,1.1/4,4,6.7,35.5,12-12-11-5,美浦 嘉藤,462,2,
202401020311,2024-08-17,札幌,11,札幌日刊スポーツ杯,芝,2600,右,曇,良,"2回 札幌 3日目 サラ系３歳以上 ２勝クラス       (混)[指] ハンデ 14頭 本賞金:1550,620,390,230,155万円",14,1550.0,3,4,6,ゴージョニーゴー,牡,3,54.0,藤岡佑,160.7,ハナ,2,3.8,35.9,6-6-4-2,栗東 四位,516,0,
202401020311,2024-08-17,札幌,11,札幌日刊スポーツ杯,芝,2600,右,曇,良,"2回 札幌 3日目 サラ系３歳以上 ２勝クラス       (混)[指] ハンデ 14頭 本賞金:1550,620,390,230,155万円",14,1550.0,4,6,10,ハヤテノフクノスケ,牡,3,54.0,笹川翼,160.7,ハナ,1,3.4,35.7,11-10-7-2,栗東 中村,510,-4,
202401020311,2024-08-17,札幌,11,札幌日刊スポーツ杯,芝,2600,右,曇,良,"2回 札幌 3日目 サラ系３歳以上 ２勝クラス       (混)[指] ハンデ 14頭 本賞金:1550,620,390,230,155万円",14,1550.0,5,5,7,ヴェルミセル,牝,4,53.0,武豊,160.9,1.1/2,9,27.5,35.9,8-8-7-5,栗東 吉村,462,6,
202401020311,2024-08-17,札幌,11,札幌日刊スポーツ杯,芝,2600,右,曇,良,"2回 札幌 3日目 サラ系３歳以上 ２勝クラス       (混)[指] ハンデ 14頭 本賞金:1550,620,390,230,155万円",14,1550.0,6,1,1,アドマイヤサジー,牝,4,55.0,丹内,160.9,クビ,3,5.7,35.9,6-6-7-11,美浦 宮田,438,-4,
202401020311,2024-08-17,札幌,11,札幌日刊スポーツ杯,芝,2600,右,曇,良,"2回 札幌 3日目 サラ系３歳以上 ２勝クラス       (混)[指] ハンデ 14頭 本賞金:1550,620,390,230,155万円",14,1550.0,7,4,5,ライフセービング,牡,3,54.0,古川吉,161.6,4,8,21.1,36.0,14-14-13-12,栗東 宮,450,-2,
202401020311,2024-08-17,札幌,11,札幌日刊スポーツ杯,芝,2600,右,曇,良,"2回 札幌 3日目 サラ系３歳以上 ２勝クラス       (混)[指] ハンデ 14頭 本賞金:1550,620,390,230,155万円",14,1550.0,8,6,9,ソリダリティ,牡,5,56.0,北村友,161.7,クビ,11,37.2,36.9,3-3-4-5,栗東 西園翔,510,4,
202401020311,2024-08-17,札幌,11,札幌日刊スポーツ杯,芝,2600,右,曇,良,"2回 札幌 3日目 サラ系３歳以上 ２勝クラス       (混)[指] ハンデ 14頭 本賞金:1550,620,390,230,155万円",14,1550.0,9,3,3,ナムアミダブツ,牡,7,55.0,菱田,161.7,アタマ,14,68.5,36.1,13-13-13-14,栗東 石坂,480,6,
202401020311,2024-08-17,札幌,11,札幌日刊スポーツ杯,芝,2600,右,曇,良,"2回 札幌 3日目 サラ系３歳以上 ２勝クラス       (混)[指] ハンデ 14頭 本賞金:1550,620,390,230,155万円",14,1550.0,10,3,4,ノーブルクライ,牡,4,57.0,大野,161.8,3/4,7,19.6,36.3,10-10-12-13,美浦 田村,502,4,
202401020311,2024-08-17,札幌,11,札幌日刊スポーツ杯,芝,2600,右,曇,良,"2回 札幌 3日目 サラ系３歳以上 ２勝クラス       (混)[指] ハンデ 14頭 本賞金:1550,620,390,230,155万円",14,1550.0,11,7,12,ストキャスティーク,牝,5,53.0,永野,161.9,クビ,13,54.6,37.1,3-3-4-5,美浦 大竹,452,0,
202401020311,2024-08-17,札幌,11,札幌日刊スポーツ杯,芝,2600,右,曇,良,"2回 札幌 3日目 サラ系３歳以上 ２勝クラス       (混)[指] ハンデ 14頭 本賞金:1550,620,390,230,155万円",14,1550.0,12,8,13,ヒシタイカン,セ,4,56.0,佐々木,162.1,1.1/4,10,36.1,37.6,1-1-2-1,美浦 堀,432,8,
202401020311,2024-08-17,札幌,11,札幌日刊スポーツ杯,芝,2600,右,曇,良,"2回 札幌 3日目 サラ系３歳以上 ２勝クラス       (混)[指] ハンデ 14頭 本賞金:1550,620,390,230,155万円",14,1550.0,13,8,14,ナイトスラッガー,牡,3,54.0,鮫島駿,162.1,クビ,5,13.0,37.4,3-5-3-9,栗東 小栗,516,-2,
202401020311,2024-08-17,札幌,11,札幌日刊スポーツ杯,芝,2600,右,曇,良,"2回 札幌 3日目 サラ系３歳以上 ２勝クラス       (混)[指] ハンデ 14頭 本賞金:1550,620,390,230,155万円",14,1550.0,14,7,11,ウェイビー,牝,4,54.0,斎藤,162.4,1.1/2,12,43.3,37.9,2-2-1-2,栗東 西村,540,4,
202401020312,2024-08-17,札幌,12,3歳以上1勝クラス,ダ,1700,右,曇,良,"2回 札幌 3日目 サラ系３歳以上 １勝クラス       牝[指] 定量 9頭 本賞金:800,320,200,120,80万円",9,800.0,1,8,8,クラヴィコード,牝,3,53.0,笹川翼,106.8,,4,8.8,37.2,2-2-2-1,栗東 中村,490,0,
202401020312,2024-08-17,札幌,12,3歳以上1勝クラス,ダ,1700,右,曇,良,"2回 札幌 3日目 サラ系３歳以上 １勝クラス       牝[指] 定量 9頭 本賞金:800,320,200,120,80万円",9,800.0,2,3,3,パルクリチュード,牝,4,56.0,鮫島駿,107.7,5,2,2.6,38.0,3-3-3-4,栗東 松永幹,458,10,
202401020312,2024-08-17,札幌,12,3歳以上1勝クラス,ダ,1700,右,曇,良,"2回 札幌 3日目 サラ系３歳以上 １勝クラス       牝[指] 定量 9頭 本賞金:800,320,200,120,80万円",9,800.0,3,7,7,ヤエベニシダレ,牝,4,54.0,△小林勝,107.8,3/4,6,15.9,37.7,9-9-7-6,栗東 梅田,470,10,
202401020312,2024-08-17,札幌,12,3歳以上1勝クラス,ダ,1700,右,曇,良,"2回 札幌 3日目 サラ系３歳以上 １勝クラス       牝[指] 定量 9頭 本賞金:800,320,200,120,80万円",9,800.0,4,4,4,プルーヴンウィナー,牝,3,53.0,佐々木,108.0,1,3,7.5,38.3,8-7-3-3,栗東 矢作,490,2,
202401020312,2024-08-17,札幌,12,3歳以上1勝クラス,ダ,1700,右,曇,良,"2回 札幌 3日目 サラ系３歳以上 １勝クラス       牝[指] 定量 9頭 本賞金:800,320,200,120,80万円",9,800.0,5,6,6,シュニー,牝,4,56.0,富田,108.7,4,7,71.6,38.9,3-3-3-6,栗東 小崎,474,2,
202401020312,2024-08-17,札幌,12,3歳以上1勝クラス,ダ,1700,右,曇,良,"2回 札幌 3日目 サラ系３歳以上 １勝クラス       牝[指] 定量 9頭 本賞金:800,320,200,120,80万円",9,800.0,6,5,5,ジュエルマイスター,牝,4,56.0,丹内,108.8,1/2,5,10.1,39.0,5-5-3-4,美浦 辻,498,20,
202401020312,2024-08-17,札幌,12,3歳以上1勝クラス,ダ,1700,右,曇,良,"2回 札幌 3日目 サラ系３歳以上 １勝クラス       牝[指] 定量 9頭 本賞金:800,320,200,120,80万円",9,800.0,7,1,1,カンバーランド,牝,3,53.0,武豊,109.5,4,1,2.2,40.0,1-1-1-2,栗東 高橋忠,546,14,
202401020312,2024-08-17,札幌,12,3歳以上1勝クラス,ダ,1700,右,曇,良,"2回 札幌 3日目 サラ系３歳以上 １勝クラス       牝[指] 定量 9頭 本賞金:800,320,200,120,80万円",9,800.0,8,8,9,クリノキューチャン,牝,5,53.0,▲長浜,109.6,アタマ,9,285.7,39.5,6-6-7-8,美浦 天間,480,-4,
202401020312,2024-08-17,札幌,12,3歳以上1勝クラス,ダ,1700,右,曇,良,"2回 札幌 3日目 サラ系３歳以上 １勝クラス       牝[指] 定量 9頭 本賞金:800,320,200,120,80万円",9,800.0,9,2,2,ゴルトヴェーレ,牝,3,53.0,永野,111.0,9,8,143.8,40.9,6-7-7-9,美浦 水野,484,2,
202404030301,2024-08-17,新潟,1,3歳以上障害未勝利,障,2850,,晴,良,"3回 新潟 3日目 障害３歳以上 未勝利       (混) 定量 12頭 本賞金:790,320,200,120,79万円",12,790.0,1,1,1,シャンドゥレール,セ,4,60.0,伴,185.4,,8,22.6,13.0,3-3-3-1,美浦 国枝,494,-8,
202404030301,2024-08-17,新潟,1,3歳以上障害未勝利,障,2850,,晴,良,"3回 新潟 3日目 障害３歳以上 未勝利       (混) 定量 12頭 本賞金:790,320,200,120,79万円",12,790.0,2,2,2,ヴラディア,牡,5,60.0,上野,186.2,5,3,4.6,13.1,4-4-4-3,美浦 小西,490,-6,
202404030301,2024-08-17,新潟,1,3歳以上障害未勝利,障,2850,,晴,良,"3回 新潟 3日目 障害３歳以上 未勝利       (混) 定量 12頭 本賞金:790,320,200,120,79万円",12,790.0,3,6,7,サルサロッサ,牝,5,58.0,井上,186.7,3,6,13.7,13.1,1-1-1-2,美浦 高柳瑞,444,-8,
202404030301,2024-08-17,新潟,1,3歳以上障害未勝利,障,2850,,晴,良,"3回 新潟 3日目 障害３歳以上 未勝利       (混) 定量 12頭 本賞金:790,320,200,120,79万円",12,790.0,4,5,5,グローツラング,牡,5,60.0,中村,187.3,3.1/2,1,3.3,13.1,6-5-5-3,栗東 安達,530,-2,
202404030301,2024-08-17,新潟,1,3歳以上障害未勝利,障,2850,,晴,良,"3回 新潟 3日目 障害３歳以上 未勝利       (混) 定量 12頭 本賞金:790,320,200,120,79万円",12,790.0,5,8,11,ノアチェリー,牝,5,58.0,大江圭,187.3,クビ,2,3.7,13.1,9-9-6-6,美浦 小笠,468,-4,
202404030301,2024-08-17,新潟,1,3歳以上障害未勝利,障,2850,,晴,良,"3回 新潟 3日目 障害３歳以上 未勝利       (混) 定量 12頭 本賞金:790,320,200,120,79万円",12,790.0,6,4,4,クラウンセト,牡,5,60.0,草野,188.4,7,5,9.6,13.2,2-2-2-5,美浦 本間,454,4,
202404030301,2024-08-17,新潟,1,3歳以上障害未勝利,障,2850,,晴,良,"3回 新潟 3日目 障害３歳以上 未勝利       (混) 定量 12頭 本賞金:790,320,200,120,79万円",12,790.0,7,7,10,タイセイモンストル,牡,7,60.0,江田勇,189.4,6,10,38.8,13.3,7-7-9-9,美浦 新開,478,-4,
202404030301,2024-08-17,新潟,1,3歳以上障害未勝利,障,2850,,晴,良,"3回 新潟 3日目 障害３歳以上 未勝利       (混) 定量 12頭 本賞金:790,320,200,120,79万円",12,790.0,8,6,8,ヒルノショパン,牡,5,60.0,森一,189.6,1.1/4,4,9.1,13.3,9-9-10-10,栗東 昆,446,-12,
202404030301,2024-08-17,新潟,1,3歳以上障害未勝利,障,2850,,晴,良,"3回 新潟 3日目 障害３歳以上 未勝利       (混) 定量 12頭 本賞金:790,320,200,120,79万円",12,790.0,9,3,3,エンライトメント,牡,4,60.0,石神深,191.5,大,9,27.5,13.4,8-8-6-7,美浦 斎藤誠,484,6,
202404030301,2024-08-17,新潟,1,3歳以上障害未勝利,障,2850,,晴,良,"3回 新潟 3日目 障害３歳以上 未勝利       (混) 定量 12頭 本賞金:790,320,200,120,79万円",12,790.0,10,8,12,クリノサンバ,牝,5,57.0,▲土田,191.8,2,12,208.6,13.5,11-11-11-11,美浦 石毛,478,12,
202404030301,2024-08-17,新潟,1,3歳以上障害未勝利,障,2850,,晴,良,"3回 新潟 3日目 障害３歳以上 未勝利       (混) 定量 12頭 本賞金:790,320,200,120,79万円",12,790.0,11,5,6,サンマルクレイジー,牡,5,57.0,▲坂口,192.1,2,11,79.6,13.5,4-5-8-8,美浦 土田,418,-10,
202404030301,2024-08-17,新潟,1,3歳以上障害未勝利,障,2850,,晴,良,"3回 新潟 3日目 障害３歳以上 未勝利       (混) 定量 12頭 本賞金:790,320,200,120,79万円",12,790.0,,7,9,タイセイエピソード,牡,5,60.0,五十嵐,,,7,14.6,,,美浦 千葉,480,0,中止
202404030302,2024-08-17,新潟,2,3歳未勝利,ダ,1800,左,晴,良,"3回 新潟 3日目 サラ系３歳 未勝利       [指] 馬齢 14頭 本賞金:550,220,140,83,55万円",14,550.0,1,2,2,ミダース,牡,3,57.0,ルメー,114.6,,1,1.6,39.8,5-4-4-3,美浦 栗田,512,6,
202404030302,2024-08-17,新潟,2,3歳未勝利,ダ,1800,左,晴,良,"3回 新潟 3日目 サラ系３歳 未勝利       [指] 馬齢 14頭 本賞金:550,220,140,83,55万円",14,550.0,2,4,5,リベルテ,牡,3,57.0,菅原明,115.5,5,7,31.9,40.3,5-5-5-5,美浦 高木,472,0,
202404030302,2024-08-17,新潟,2,3歳未勝利,ダ,1800,左,晴,良,"3回 新潟 3日目 サラ系３歳 未勝利       [指] 馬齢 14頭 本賞金:550,220,140,83,55万円",14,550.0,3,5,8,コーリンカルベラ,牡,3,57.0,菅原隆,115.7,1.1/4,12,116.7,39.7,11-11-8-8,美浦 小野,480,-18,
202404030302,2024-08-17,新潟,2,3歳未勝利,ダ,1800,左,晴,良,"3回 新潟 3日目 サラ系３歳 未勝利       [指] 馬齢 14頭 本賞金:550,220,140,83,55万円",14,550.0,4,1,1,イデアイゴッソウ,牡,3,57.0,木幡育,116.0,1.3/4,2,4.2,40.5,9-9-6-6,美浦 松永康,462,4,
202404030302,2024-08-17,新潟,2,3歳未勝利,ダ,1800,左,晴,良,"3回 新潟 3日目 サラ系３歳 未勝利       [指] 馬齢 14頭 本賞金:550,220,140,83,55万円",14,550.0,5,7,11,アルファウィンザー,牡,3,54.0,▲土田,116.4,2.1/2,9,40.7,40.1,13-13-10-9,美浦 田村,438,0,
202404030302,2024-08-17,新潟,2,3歳未勝利,ダ,1800,左,晴,良,"3回 新潟 3日目 サラ系３歳 未勝利       [指] 馬齢 14頭 本賞金:550,220,140,83,55万円",14,550.0,6,7,12,グブリーサビタン,牡,3,57.0,内田博,116.6,3/4,11,94.9,40.3,11-12-10-10,美浦 中舘,454,2,
202404030302,2024-08-17,新潟,2,3歳未勝利,ダ,1800,左,晴,良,"3回 新潟 3日目 サラ系３歳 未勝利       [指] 馬齢 14頭 本賞金:550,220,140,83,55万円",14,550.0,7,3,3,ブルズアイ,牡,3,57.0,原田和,116.8,1.1/4,6,26.1,41.4,7-7-6-6,美浦 松山,542,-14,
202404030302,2024-08-17,新潟,2,3歳未勝利,ダ,1800,左,晴,良,"3回 新潟 3日目 サラ系３歳 未勝利       [指] 馬齢 14頭 本賞金:550,220,140,83,55万円",14,550.0,8,5,7,ミツカネトーラス,牡,3,53.0,★大江比,116.9,1/2,4,14.1,42.4,2-2-3-4,美浦 鈴木伸,490,-4,
202404030302,2024-08-17,新潟,2,3歳未勝利,ダ,1800,左,晴,良,"3回 新潟 3日目 サラ系３歳 未勝利       [指] 馬齢 14頭 本賞金:550,220,140,83,55万円",14,550.0,9,8,14,グアラニア,牡,3,57.0,菊沢,117.6,4,5,15.2,43.8,1-1-1-1,美浦 矢野,474,-2,
202404030302,2024-08-17,新潟,2,3歳未勝利,ダ,1800,左,晴,良,"3回 新潟 3日目 サラ系３歳 未勝利       [指] 馬齢 14頭 本賞金:550,220,140,83,55万円",14,550.0,10,6,10,フリューゲルコア,牡,3,57.0,津村,118.3,4,3,10.0,44.3,2-2-2-2,美浦 鈴木慎,498,14,
202404030302,2024-08-17,新潟,2,3歳未勝利,ダ,1800,左,晴,良,"3回 新潟 3日目 サラ系３歳 未勝利       [指] 馬齢 14頭 本賞金:550,220,140,83,55万円",14,550.0,11,4,6,クイーンズクラウン,牝,3,55.0,岩田康,118.8,2.1/2,10,65.2,42.5,10-10-10-11,美浦 宮田,494,0,
202404030302,2024-08-17,新潟,2,3歳未勝利,ダ,1800,左,晴,良,"3回 新潟 3日目 サラ系３歳 未勝利       [指] 馬齢 14頭 本賞金:550,220,140,83,55万円",14,550.0,12,8,13,ティアップファイト,牡,3,57.0,江田照,120.7,大,13,156.3,44.2,7-8-13-13,美浦 奥平,474,4,
202404030302,2024-08-17,新潟,2,3歳未勝利,ダ,1800,左,晴,良,"3回 新潟 3日目 サラ系３歳 未勝利       [指] 馬齢 14頭 本賞金:550,220,140,83,55万円",14,550.0,13,3,4,スカイブライトネス,牡,3,56.0,☆原,121.3,3.1/2,8,33.1,45.2,4-5-8-11,美浦 蛯名正,452,4,
202404030302,2024-08-17,新潟,2,3歳未勝利,ダ,1800,左,晴,良,"3回 新潟 3日目 サラ系３歳 未勝利       [指] 馬齢 14頭 本賞金:550,220,140,83,55万円",14,550.0,14,6,9,クインタレッリ,牡,3,54.0,▲石田,122.0,4,14,304.4,43.8,14-14-14-14,美浦 尾形,498,4,
202404030303,2024-08-17,新潟,3,2歳未勝利,ダ,1200,左,晴,良,"3回 新潟 3日目 サラ系２歳 未勝利       (混)[指] 馬齢 15頭 本賞金:550,220,140,83,55万円",15,550.0,1,2,2,ニシノリンダ,牝,2,54.0,☆原,73.0,,2,3.2,38.2,2-2,美浦 青木,428,-4,
202404030303,2024-08-17,新潟,3,2歳未勝利,ダ,1200,左,晴,良,"3回 新潟 3日目 サラ系２歳 未勝利       (混)[指] 馬齢 15頭 本賞金:550,220,140,83,55万円",15,550.0,2,3,5,スリーピース,牡,2,55.0,三浦,73.3,1.1/2,1,2.5,38.3,4-4,美浦 武井,452,-6,
202404030303,2024-08-17,新潟,3,2歳未勝利,ダ,1200,左,晴,良,"3回 新潟 3日目 サラ系２歳 未勝利       (混)[指] 馬齢 15頭 本賞金:550,220,140,83,55万円",15,550.0,3,7,13,ケイツーギルダー,牡,2,55.0,柴田善,73.5,1.1/4,6,15.7,37.8,6-6,美浦 千葉,496,0,
202404030303,2024-08-17,新潟,3,2歳未勝利,ダ,1200,左,晴,良,"3回 新潟 3日目 サラ系２歳 未勝利       (混)[指] 馬齢 15頭 本賞金:550,220,140,83,55万円",15,550.0,4,4,6,アウダース,牡,2,55.0,石橋脩,73.7,1.1/4,8,22.9,39.3,1-1,美浦 加藤士,474,-6,
202404030303,2024-08-17,新潟,3,2歳未勝利,ダ,1200,左,晴,良,"3回 新潟 3日目 サラ系２歳 未勝利       (混)[指] 馬齢 15頭 本賞金:550,220,140,83,55万円",15,550.0,5,3,4,バム,牡,2,55.0,岩部,74.0,2,7,17.3,38.3,6-6,美浦 奥平,438,4,
202404030303,2024-08-17,新潟,3,2歳未勝利,ダ,1200,左,晴,良,"3回 新潟 3日目 サラ系２歳 未勝利       (混)[指] 馬齢 15頭 本賞金:550,220,140,83,55万円",15,550.0,6,5,8,ブラックトルネード,牡,2,55.0,江田照,74.3,1.1/2,5,13.2,38.9,5-5,美浦 佐藤吉,438,-4,
202404030303,2024-08-17,新潟,3,2歳未勝利,ダ,1200,左,晴,良,"3回 新潟 3日目 サラ系２歳 未勝利       (混)[指] 馬齢 15頭 本賞金:550,220,140,83,55万円",15,550.0,7,8,15,ノアプレスリー,牡,2,55.0,武藤,74.5,1.1/2,9,52.8,38.3,9-9,美浦 武藤,478,-2,
202404030303,2024-08-17,新潟,3,2歳未勝利,ダ,1200,左,晴,良,"3回 新潟 3日目 サラ系２歳 未勝利       (混)[指] 馬齢 15頭 本賞金:550,220,140,83,55万円",15,550.0,8,6,11,タイセイフランク,牡,2,55.0,岩田康,74.6,1/2,4,12.9,39.9,2-3,美浦 栗田,476,6,
202404030303,2024-08-17,新潟,3,2歳未勝利,ダ,1200,左,晴,良,"3回 新潟 3日目 サラ系２歳 未勝利       (混)[指] 馬齢 15頭 本賞金:550,220,140,83,55万円",15,550.0,9,5,9,ダブルメッセージ,牡,2,52.0,▲石神道,74.7,1/2,10,70.4,38.9,8-8,美浦 和田郎,468,-8,
202404030303,2024-08-17,新潟,3,2歳未勝利,ダ,1200,左,晴,良,"3回 新潟 3日目 サラ系２歳 未勝利       (混)[指] 馬齢 15頭 本賞金:550,220,140,83,55万円",15,550.0,10,6,10,トリリオンボーイ,牡,2,55.0,松岡,75.3,3.1/2,3,5.8,38.6,10-10,美浦 武井,454,4,
202404030303,2024-08-17,新潟,3,2歳未勝利,ダ,1200,左,晴,良,"3回 新潟 3日目 サラ系２歳 未勝利       (混)[指] 馬齢 15頭 本賞金:550,220,140,83,55万円",15,550.0,11,1,1,フミエ,牝,2,55.0,木幡初,76.0,4,12,139.3,39.2,11-12,美浦 西田,446,0,
202404030303,2024-08-17,新潟,3,2歳未勝利,ダ,1200,左,晴,良,"3回 新潟 3日目 サラ系２歳 未勝利       (混)[指] 馬齢 15頭 本賞金:550,220,140,83,55万円",15,550.0,12,2,3,カンタベリーバイク,牡,2,55.0,木幡巧,76.0,クビ,13,169.0,38.6,14-14,美浦 的場,448,8,
202404030303,2024-08-17,新潟,3,2歳未勝利,ダ,1200,左,晴,良,"3回 新潟 3日目 サラ系２歳 未勝利       (混)[指] 馬齢 15頭 本賞金:550,220,140,83,55万円",15,550.0,13,8,14,アズーラ,牝,2,52.0,▲石田,76.2,1.1/2,11,115.0,39.4,11-11,美浦 佐藤吉,416,0,
202404030303,2024-08-17,新潟,3,2歳未勝利,ダ,1200,左,晴,良,"3回 新潟 3日目 サラ系２歳 未勝利       (混)[指] 馬齢 15頭 本賞金:550,220,140,83,55万円",15,550.0,14,4,7,サクラジマ,牡,2,51.0,★大江比,76.5,1.3/4,14,173.4,39.3,13-13,美浦 高橋文,426,-14,
202404030303,2024-08-17,新潟,3,2歳未勝利,ダ,1200,左,晴,良,"3回 新潟 3日目 サラ系２歳 未勝利       (混)[指] 馬齢 15頭 本賞金:550,220,140,83,55万円",15,550.0,15,7,12,セカンドトゥノン,牝,2,55.0,柴田大,77.7,7,15,251.3,40.3,14-14,美浦 伊藤大,414,-12,
202404030304,2024-08-17,新潟,4,3歳以上障害OP,障,2850,,晴,良,"3回 新潟 3日目 障害３歳以上 オープン       (混) 別定 9頭 本賞金:1350,540,340,200,135万円",9,1350.0,1,7,7,レッドバロッサ,セ,5,60.0,小牧加,184.3,,3,5.8,12.9,5-4-2-2,栗東 音無,504,6,
202404030304,2024-08-17,新潟,4,3歳以上障害OP,障,2850,,晴,良,"3回 新潟 3日目 障害３歳以上 オープン       (混) 別定 9頭 本賞金:1350,540,340,200,135万円",9,1350.0,2,8,8,ビートザレコード,牡,5,60.0,上野,184.8,3,1,2.5,13.0,3-3-4-4,美浦 戸田,476,-2,
202404030304,2024-08-17,新潟,4,3歳以上障害OP,障,2850,,晴,良,"3回 新潟 3日目 障害３歳以上 オープン       (混) 別定 9頭 本賞金:1350,540,340,200,135万円",9,1350.0,3,3,3,スピアヘッド,牡,5,57.0,▲坂口,185.2,2.1/2,4,6.9,13.0,5-4-3-3,美浦 菊川,442,0,
202404030304,2024-08-17,新潟,4,3歳以上障害OP,障,2850,,晴,良,"3回 新潟 3日目 障害３歳以上 オープン       (混) 別定 9頭 本賞金:1350,540,340,200,135万円",9,1350.0,4,6,6,ケンアンビシャス,牡,6,60.0,五十嵐,185.2,ハナ,2,3.9,13.0,1-1-1-1,美浦 久保田,482,6,
202404030304,2024-08-17,新潟,4,3歳以上障害OP,障,2850,,晴,良,"3回 新潟 3日目 障害３歳以上 オープン       (混) 別定 9頭 本賞金:1350,540,340,200,135万円",9,1350.0,5,1,1,ファルヴォーレ,牡,6,60.0,難波,186.1,5,5,8.5,13.1,7-7-6-6,栗東 高橋忠,456,-2,
202404030304,2024-08-17,新潟,4,3歳以上障害OP,障,2850,,晴,良,"3回 新潟 3日目 障害３歳以上 オープン       (混) 別定 9頭 本賞金:1350,540,340,200,135万円",9,1350.0,6,8,9,ルヴェルディ,牡,5,60.0,伴,186.2,クビ,6,16.9,13.1,2-2-4-5,美浦 黒岩,492,4,
202404030304,2024-08-17,新潟,4,3歳以上障害OP,障,2850,,晴,良,"3回 新潟 3日目 障害３歳以上 オープン       (混) 別定 9頭 本賞金:1350,540,340,200,135万円",9,1350.0,7,2,2,アンブロジオ,セ,9,60.0,金子,186.5,2,7,17.5,13.1,7-7-8-8,美浦 菊沢,462,0,
202404030304,2024-08-17,新潟,4,3歳以上障害OP,障,2850,,晴,良,"3回 新潟 3日目 障害３歳以上 オープン       (混) 別定 9頭 本賞金:1350,540,340,200,135万円",9,1350.0,8,4,4,スカイテラス,牡,7,60.0,石神深,187.5,6,9,73.7,13.2,9-9-6-6,美浦 和田郎,490,-18,
202404030304,2024-08-17,新潟,4,3歳以上障害OP,障,2850,,晴,良,"3回 新潟 3日目 障害３歳以上 オープン       (混) 別定 9頭 本賞金:1350,540,340,200,135万円",9,1350.0,9,5,5,サクラトップラン,牝,5,58.0,中村,191.9,大,8,29.1,13.5,4-4-9-9,栗東 中尾,464,2,
202404030305,2024-08-17,新潟,5,2歳新馬,芝,1200,左,晴,良,"3回 新潟 3日目 サラ系２歳 新馬       (混)[指] 馬齢 18頭 本賞金:720,290,180,110,72万円",18,720.0,1,2,4,エコロジーク,牡,2,55.0,ルメー,68.9,,1,1.4,34.6,1-1,栗東 森秀,480,0,
202404030305,2024-08-17,新潟,5,2歳新馬,芝,1200,左,晴,良,"3回 新潟 3日目 サラ系２歳 新馬       (混)[指] 馬齢 18頭 本賞金:720,290,180,110,72万円",18,720.0,2,5,9,コンスピラシー,牝,2,55.0,原田和,69.8,5,8,54.7,35.2,3-3,美浦 本間,452,0,
202404030305,2024-08-17,新潟,5,2歳新馬,芝,1200,左,晴,良,"3回 新潟 3日目 サラ系２歳 新馬       (混)[指] 馬齢 18頭 本賞金:720,290,180,110,72万円",18,720.0,3,5,10,オカゲサン,牡,2,55.0,菊沢,69.9,3/4,7,34.6,35.5,2-2,美浦 尾形,490,0,
202404030305,2024-08-17,新潟,5,2歳新馬,芝,1200,左,晴,良,"3回 新潟 3日目 サラ系２歳 新馬       (混)[指] 馬齢 18頭 本賞金:720,290,180,110,72万円",18,720.0,4,7,13,ランニングホット,牝,2,54.0,☆原,70.0,アタマ,11,88.7,34.5,8-8,美浦 田村,384,0,
202404030305,2024-08-17,新潟,5,2歳新馬,芝,1200,左,晴,良,"3回 新潟 3日目 サラ系２歳 新馬       (混)[指] 馬齢 18頭 本賞金:720,290,180,110,72万円",18,720.0,5,8,17,キャッスルレイク,牝,2,55.0,戸崎圭,70.1,1/2,2,3.9,34.2,9-9,栗東 松下,460,0,
202404030305,2024-08-17,新潟,5,2歳新馬,芝,1200,左,晴,良,"3回 新潟 3日目 サラ系２歳 新馬       (混)[指] 馬齢 18頭 本賞金:720,290,180,110,72万円",18,720.0,6,8,18,スマートテンペスト,牡,2,55.0,荻野極,70.6,3.1/2,5,32.2,35.9,4-4,栗東 西園翔,480,0,
202404030305,2024-08-17,新潟,5,2歳新馬,芝,1200,左,晴,良,"3回 新潟 3日目 サラ系２歳 新馬       (混)[指] 馬齢 18頭 本賞金:720,290,180,110,72万円",18,720.0,7,1,1,クリノアイオライト,牡,2,55.0,松岡,70.7,クビ,18,252.7,35.8,5-6,美浦 本間,418,0,
202404030305,2024-08-17,新潟,5,2歳新馬,芝,1200,左,晴,良,"3回 新潟 3日目 サラ系２歳 新馬       (混)[指] 馬齢 18頭 本賞金:720,290,180,110,72万円",18,720.0,8,1,2,ノエル,牡,2,55.0,津村,70.8,3/4,10,66.1,36.0,5-6,美浦 斎藤誠,412,0,
202404030305,2024-08-17,新潟,5,2歳新馬,芝,1200,左,晴,良,"3回 新潟 3日目 サラ系２歳 新馬       (混)[指] 馬齢 18頭 本賞金:720,290,180,110,72万円",18,720.0,9,8,16,チュラビックタイム,牡,2,55.0,菅原明,71.3,3,4,22.7,35.0,12-12,美浦 斎藤誠,474,0,
202404030305,2024-08-17,新潟,5,2歳新馬,芝,1200,左,晴,良,"3回 新潟 3日目 サラ系２歳 新馬       (混)[指] 馬齢 18頭 本賞金:720,290,180,110,72万円",18,720.0,10,6,12,ニューウォーク,牝,2,55.0,木幡初,71.5,1,6,32.5,35.3,11-11,美浦 粕谷,430,0,
202404030305,2024-08-17,新潟,5,2歳新馬,芝,1200,左,晴,良,"3回 新潟 3日目 サラ系２歳 新馬       (混)[指] 馬齢 18頭 本賞金:720,290,180,110,72万円",18,720.0,11,7,14,ノーティチェリー,牝,2,55.0,柴田善,71.6,1,13,106.9,36.7,5-4,美浦 粕谷,412,0,
202404030305,2024-08-17,新潟,5,2歳新馬,芝,1200,左,晴,良,"3回 新潟 3日目 サラ系２歳 新馬       (混)[指] 馬齢 18頭 本賞金:720,290,180,110,72万円",18,720.0,12,4,8,ポッドバディ,牡,2,55.0,杉原,71.7,クビ,15,203.2,35.6,10-10,美浦 畠山,462,0,
202404030305,2024-08-17,新潟,5,2歳新馬,芝,1200,左,晴,良,"3回 新潟 3日目 サラ系２歳 新馬       (混)[指] 馬齢 18頭 本賞金:720,290,180,110,72万円",18,720.0,13,7,15,ジークマインド,牝,2,55.0,柴田大,71.7,クビ,12,105.7,35.3,13-12,美浦 和田雄,456,0,
202404030305,2024-08-17,新潟,5,2歳新馬,芝,1200,左,晴,良,"3回 新潟 3日目 サラ系２歳 新馬       (混)[指] 馬齢 18頭 本賞金:720,290,180,110,72万円",18,720.0,14,3,5,フルオブエナジー,牡,2,55.0,田辺,71.8,3/4,3,10.9,34.6,14-14,栗東 寺島,454,0,
202404030305,2024-08-17,新潟,5,2歳新馬,芝,1200,左,晴,良,"3回 新潟 3日目 サラ系２歳 新馬       (混)[指] 馬齢 18頭 本賞金:720,290,180,110,72万円",18,720.0,15,2,3,ホシニネガイヲ,牝,2,55.0,三浦,72.6,5,9,57.8,33.8,18-18,美浦 竹内,412,0,
202404030305,2024-08-17,新潟,5,2歳新馬,芝,1200,左,晴,良,"3回 新潟 3日目 サラ系２歳 新馬       (混)[指] 馬齢 18頭 本賞金:720,290,180,110,72万円",18,720.0,16,4,7,レインボーギフト,牡,2,53.0,◇藤田菜,72.8,1,14,114.9,35.4,15-15,美浦 根本,460,0,
202404030305,2024-08-17,新潟,5,2歳新馬,芝,1200,左,晴,良,"3回 新潟 3日目 サラ系２歳 新馬       (混)[指] 馬齢 18頭 本賞金:720,290,180,110,72万円",18,720.0,17,3,6,サヨノスピークロウ,牡,2,54.0,☆横山琉,73.7,5,17,249.8,36.0,17-17,美浦 和田郎,448,0,
202404030305,2024-08-17,新潟,5,2歳新馬,芝,1200,左,晴,良,"3回 新潟 3日目 サラ系２歳 新馬       (混)[指] 馬齢 18頭 本賞金:720,290,180,110,72万円",18,720.0,18,6,11,ショートケーキ,牝,2,55.0,木幡巧,74.7,6,16,214.6,37.2,15-16,美浦 的場,450,0,
202404030306,2024-08-17,新潟,6,2歳新馬,ダ,1800,左,晴,良,"3回 新潟 3日目 サラ系２歳 新馬       (混)[指] 馬齢 15頭 本賞金:720,290,180,110,72万円",15,720.0,1,7,13,ジャナドリア,牡,2,55.0,ルメー,115.0,,1,1.3,38.2,5-4-4-3,美浦 武井,502,0,
202404030306,2024-08-17,新潟,6,2歳新馬,ダ,1800,左,晴,良,"3回 新潟 3日目 サラ系２歳 新馬       (混)[指] 馬齢 15頭 本賞金:720,290,180,110,72万円",15,720.0,2,4,7,ピカピカサンダー,牡,2,55.0,吉田豊,115.1,1/2,6,34.6,38.6,2-2-1-1,美浦 鹿戸,478,0,
202404030306,2024-08-17,新潟,6,2歳新馬,ダ,1800,左,晴,良,"3回 新潟 3日目 サラ系２歳 新馬       (混)[指] 馬齢 15頭 本賞金:720,290,180,110,72万円",15,720.0,3,2,3,ルヴァレドクール,牡,2,55.0,菅原明,115.3,1.1/2,2,3.9,38.3,4-4-6-5,美浦 田村,496,0,
202404030306,2024-08-17,新潟,6,2歳新馬,ダ,1800,左,晴,良,"3回 新潟 3日目 サラ系２歳 新馬       (混)[指] 馬齢 15頭 本賞金:720,290,180,110,72万円",15,720.0,4,6,11,マタミカンサン,牝,2,55.0,菊沢,115.8,3,7,36.4,39.1,9-9-3-3,美浦 加藤士,454,0,
202404030306,2024-08-17,新潟,6,2歳新馬,ダ,1800,左,晴,良,"3回 新潟 3日目 サラ系２歳 新馬       (混)[指] 馬齢 15頭 本賞金:720,290,180,110,72万円",15,720.0,5,7,12,コスモシェルベット,牡,2,55.0,武藤,116.7,5,9,90.2,40.1,3-3-2-2,美浦 水野,412,0,
202404030306,2024-08-17,新潟,6,2歳新馬,ダ,1800,左,晴,良,"3回 新潟 3日目 サラ系２歳 新馬       (混)[指] 馬齢 15頭 本賞金:720,290,180,110,72万円",15,720.0,6,5,9,メイユウ,牡,2,55.0,石川,118.0,8,3,21.9,40.7,8-7-7-6,美浦 蛯名正,456,0,
202404030306,2024-08-17,新潟,6,2歳新馬,ダ,1800,左,晴,良,"3回 新潟 3日目 サラ系２歳 新馬       (混)[指] 馬齢 15頭 本賞金:720,290,180,110,72万円",15,720.0,7,2,2,バレオリア,牝,2,55.0,田辺,118.7,4,4,26.0,40.9,10-12-8-7,栗東 新谷,530,0,
202404030306,2024-08-17,新潟,6,2歳新馬,ダ,1800,左,晴,良,"3回 新潟 3日目 サラ系２歳 新馬       (混)[指] 馬齢 15頭 本賞金:720,290,180,110,72万円",15,720.0,8,4,6,スナドケイ,牝,2,52.0,▲石田,119.4,4,14,212.1,41.7,7-6-8-7,美浦 尾形,464,0,
202404030306,2024-08-17,新潟,6,2歳新馬,ダ,1800,左,晴,良,"3回 新潟 3日目 サラ系２歳 新馬       (混)[指] 馬齢 15頭 本賞金:720,290,180,110,72万円",15,720.0,9,6,10,トランスミッション,牡,2,55.0,荻野極,119.8,2.1/2,10,101.5,41.5,12-12-11-12,美浦 田村,502,0,
202404030306,2024-08-17,新潟,6,2歳新馬,ダ,1800,左,晴,良,"3回 新潟 3日目 サラ系２歳 新馬       (混)[指] 馬齢 15頭 本賞金:720,290,180,110,72万円",15,720.0,10,1,1,イグネイシャス,牡,2,55.0,丸田,120.1,2,12,132.6,41.6,10-9-12-12,美浦 宗像,502,0,
202404030306,2024-08-17,新潟,6,2歳新馬,ダ,1800,左,晴,良,"3回 新潟 3日目 サラ系２歳 新馬       (混)[指] 馬齢 15頭 本賞金:720,290,180,110,72万円",15,720.0,11,8,14,フラワーデュエット,牝,2,55.0,岩田康,120.9,5,8,67.8,43.1,12-9-8-10,美浦 高橋文,550,0,
202404030306,2024-08-17,新潟,6,2歳新馬,ダ,1800,左,晴,良,"3回 新潟 3日目 サラ系２歳 新馬       (混)[指] 馬齢 15頭 本賞金:720,290,180,110,72万円",15,720.0,12,5,8,スマイルディシー,牝,2,55.0,杉原,121.0,1/2,11,107.4,42.6,12-14-12-11,美浦 中川,452,0,
202404030306,2024-08-17,新潟,6,2歳新馬,ダ,1800,左,晴,良,"3回 新潟 3日目 サラ系２歳 新馬       (混)[指] 馬齢 15頭 本賞金:720,290,180,110,72万円",15,720.0,13,3,5,スカーレットクロス,牝,2,55.0,石橋脩,122.0,6,13,199.1,43.3,12-14-14-14,美浦 土田,436,0,
202404030306,2024-08-17,新潟,6,2歳新馬,ダ,1800,左,晴,良,"3回 新潟 3日目 サラ系２歳 新馬       (混)[指] 馬齢 15頭 本賞金:720,290,180,110,72万円",15,720.0,14,8,15,アースソーナー,牝,2,55.0,丸山,123.8,大,15,239.3,44.8,5-7-15-15,美浦 根本,502,0,
202404030306,2024-08-17,新潟,6,2歳新馬,ダ,1800,左,晴,良,"3回 新潟 3日目 サラ系２歳 新馬       (混)[指] 馬齢 15頭 本賞金:720,290,180,110,72万円",15,720.0,15,3,4,セイムトゥーユー,牝,2,55.0,三浦,124.7,5,5,28.5,47.8,1-1-4-7,美浦 斎藤誠,470,0,
202404030307,2024-08-17,新潟,7,3歳未勝利,芝,1600,左,晴,良,"3回 新潟 3日目 サラ系３歳 未勝利       牝[指] 馬齢 18頭 本賞金:550,220,140,83,55万円",18,550.0,1,2,3,コンテネレッツア,牝,3,55.0,ルメー,93.2,,1,2.0,33.3,12-13,美浦 宮田,470,8,
202404030307,2024-08-17,新潟,7,3歳未勝利,芝,1600,左,晴,良,"3回 新潟 3日目 サラ系３歳 未勝利       牝[指] 馬齢 18頭 本賞金:550,220,140,83,55万円",18,550.0,2,5,10,コキーヌ,牝,3,55.0,三浦,94.1,5,3,4.6,34.9,2-2,美浦 堀,434,-6,
202404030307,2024-08-17,新潟,7,3歳未勝利,芝,1600,左,晴,良,"3回 新潟 3日目 サラ系３歳 未勝利       牝[指] 馬齢 18頭 本賞金:550,220,140,83,55万円",18,550.0,3,6,11,コスモブリランテ,牝,3,55.0,杉原,94.2,1/2,12,207.4,34.0,14-14,美浦 西田,402,0,
202404030307,2024-08-17,新潟,7,3歳未勝利,芝,1600,左,晴,良,"3回 新潟 3日目 サラ系３歳 未勝利       牝[指] 馬齢 18頭 本賞金:550,220,140,83,55万円",18,550.0,4,8,18,サダージ,牝,3,52.0,▲石田,94.3,1/2,15,363.3,35.0,3-3,美浦 池上,436,2,
202404030307,2024-08-17,新潟,7,3歳未勝利,芝,1600,左,晴,良,"3回 新潟 3日目 サラ系３歳 未勝利       牝[指] 馬齢 18頭 本賞金:550,220,140,83,55万円",18,550.0,5,4,7,メイパワー,牝,3,52.0,▲石神道,94.3,クビ,5,17.1,34.7,8-8,美浦 深山,436,4,
202404030307,2024-08-17,新潟,7,3歳未勝利,芝,1600,左,晴,良,"3回 新潟 3日目 サラ系３歳 未勝利       牝[指] 馬齢 18頭 本賞金:550,220,140,83,55万円",18,550.0,6,3,6,エリカヴァリエンテ,牝,3,55.0,戸崎圭,94.3,アタマ,2,4.2,34.6,11-10,美浦 林,428,-2,
202404030307,2024-08-17,新潟,7,3歳未勝利,芝,1600,左,晴,良,"3回 新潟 3日目 サラ系３歳 未勝利       牝[指] 馬齢 18頭 本賞金:550,220,140,83,55万円",18,550.0,7,1,2,ルージュピエンツァ,牝,3,55.0,丸田,94.4,1/2,9,87.7,34.3,14-14,美浦 宗像,420,6,
202404030307,2024-08-17,新潟,7,3歳未勝利,芝,1600,左,晴,良,"3回 新潟 3日目 サラ系３歳 未勝利       牝[指] 馬齢 18頭 本賞金:550,220,140,83,55万円",18,550.0,8,3,5,ラパンリュネール,牝,3,55.0,岩田康,94.6,1.1/4,10,91.1,35.2,3-3,美浦 武井,418,3,
202404030307,2024-08-17,新潟,7,3歳未勝利,芝,1600,左,晴,良,"3回 新潟 3日目 サラ系３歳 未勝利       牝[指] 馬齢 18頭 本賞金:550,220,140,83,55万円",18,550.0,9,5,9,ヴァレリア,牝,3,54.0,☆原,94.7,3/4,8,37.8,35.2,6-6,美浦 青木,438,-6,
202404030307,2024-08-17,新潟,7,3歳未勝利,芝,1600,左,晴,良,"3回 新潟 3日目 サラ系３歳 未勝利       牝[指] 馬齢 18頭 本賞金:550,220,140,83,55万円",18,550.0,10,1,1,イノセントキャット,牝,3,55.0,田辺,94.9,1,4,11.2,35.0,12-12,美浦 久保田,468,24,
202404030307,2024-08-17,新潟,7,3歳未勝利,芝,1600,左,晴,良,"3回 新潟 3日目 サラ系３歳 未勝利       牝[指] 馬齢 18頭 本賞金:550,220,140,83,55万円",18,550.0,11,2,4,アモールエテルノ,牝,3,55.0,石橋脩,95.1,1.1/4,14,227.6,34.5,18-18,美浦 奥村武,418,8,
202404030307,2024-08-17,新潟,7,3歳未勝利,芝,1600,左,晴,良,"3回 新潟 3日目 サラ系３歳 未勝利       牝[指] 馬齢 18頭 本賞金:550,220,140,83,55万円",18,550.0,12,6,12,ウインセレーネ,牝,3,52.0,▲佐藤,95.3,1.1/2,17,548.6,35.6,8-8,美浦 小手川,410,-2,
202404030307,2024-08-17,新潟,7,3歳未勝利,芝,1600,左,晴,良,"3回 新潟 3日目 サラ系３歳 未勝利       牝[指] 馬齢 18頭 本賞金:550,220,140,83,55万円",18,550.0,13,7,13,アルアーシャ,牝,3,55.0,菅原明,95.4,クビ,7,36.0,36.3,1-1,美浦 黒岩,478,-2,
202404030307,2024-08-17,新潟,7,3歳未勝利,芝,1600,左,晴,良,"3回 新潟 3日目 サラ系３歳 未勝利       牝[指] 馬齢 18頭 本賞金:550,220,140,83,55万円",18,550.0,14,8,16,セイウンチドリ,牝,3,55.0,江田照,95.6,1.1/4,6,17.8,36.1,6-6,美浦 村田,440,-8,
202404030307,2024-08-17,新潟,7,3歳未勝利,芝,1600,左,晴,良,"3回 新潟 3日目 サラ系３歳 未勝利       牝[指] 馬齢 18頭 本賞金:550,220,140,83,55万円",18,550.0,15,8,17,スーパーナニー,牝,3,51.0,★大江比,95.6,1/2,13,217.2,35.7,10-10,美浦 武市,438,6,
202404030307,2024-08-17,新潟,7,3歳未勝利,芝,1600,左,晴,良,"3回 新潟 3日目 サラ系３歳 未勝利       牝[指] 馬齢 18頭 本賞金:550,220,140,83,55万円",18,550.0,16,4,8,ラテラルアーク,牝,3,52.0,▲土田,96.1,3,18,684.3,35.8,16-16,美浦 伊藤伸,440,14,
202404030307,2024-08-17,新潟,7,3歳未勝利,芝,1600,左,晴,良,"3回 新潟 3日目 サラ系３歳 未勝利       牝[指] 馬齢 18頭 本賞金:550,220,140,83,55万円",18,550.0,17,7,14,ノルン,牝,3,53.0,△小林脩,96.5,2.1/2,11,147.3,37.1,3-3,美浦 久保田,420,-2,
202404030307,2024-08-17,新潟,7,3歳未勝利,芝,1600,左,晴,良,"3回 新潟 3日目 サラ系３歳 未勝利       牝[指] 馬齢 18頭 本賞金:550,220,140,83,55万円",18,550.0,18,7,15,ブリックスラヴ,牝,3,54.0,☆横山琉,96.6,クビ,16,499.2,35.9,16-17,美浦 斎藤誠,418,8,
202404030308,2024-08-17,新潟,8,3歳以上1勝クラス,芝,2400,左,晴,良,"3回 新潟 3日目 サラ系３歳以上 １勝クラス       (混)(特指) 定量 12頭 本賞金:800,320,200,120,80万円",12,800.0,1,4,4,スティンガーグラス,牡,3,55.0,ルメー,144.7,,1,1.4,35.3,4-4-3-3,美浦 木村,470,-6,
202404030308,2024-08-17,新潟,8,3歳以上1勝クラス,芝,2400,左,晴,良,"3回 新潟 3日目 サラ系３歳以上 １勝クラス       (混)(特指) 定量 12頭 本賞金:800,320,200,120,80万円",12,800.0,2,6,7,グランアルティスタ,牡,3,55.0,戸崎圭,145.5,5,2,3.6,35.7,5-5-6-6,栗東 寺島,510,2,
202404030308,2024-08-17,新潟,8,3歳以上1勝クラス,芝,2400,左,晴,良,"3回 新潟 3日目 サラ系３歳以上 １勝クラス       (混)(特指) 定量 12頭 本賞金:800,320,200,120,80万円",12,800.0,3,2,2,エメリヨン,牝,4,56.0,田辺,145.6,1.1/4,6,36.7,36.3,3-3-3-3,美浦 加藤士,460,4,
202404030308,2024-08-17,新潟,8,3歳以上1勝クラス,芝,2400,左,晴,良,"3回 新潟 3日目 サラ系３歳以上 １勝クラス       (混)(特指) 定量 12頭 本賞金:800,320,200,120,80万円",12,800.0,4,8,11,ダノンクロム,牡,4,58.0,津村,145.7,クビ,8,48.0,36.6,1-1-1-1,栗東 音無,500,-6,
202404030308,2024-08-17,新潟,8,3歳以上1勝クラス,芝,2400,左,晴,良,"3回 新潟 3日目 サラ系３歳以上 １勝クラス       (混)(特指) 定量 12頭 本賞金:800,320,200,120,80万円",12,800.0,5,8,12,ズイウンゴサイ,牡,3,51.0,★大江比,146.0,2,4,14.6,35.7,7-7-7-7,美浦 武市,460,2,
202404030308,2024-08-17,新潟,8,3歳以上1勝クラス,芝,2400,左,晴,良,"3回 新潟 3日目 サラ系３歳以上 １勝クラス       (混)(特指) 定量 12頭 本賞金:800,320,200,120,80万円",12,800.0,6,6,8,ハイラント,牡,3,55.0,杉原,146.3,1.1/2,3,13.7,35.8,10-9-9-8,美浦 伊藤大,436,0,
202404030308,2024-08-17,新潟,8,3歳以上1勝クラス,芝,2400,左,晴,良,"3回 新潟 3日目 サラ系３歳以上 １勝クラス       (混)(特指) 定量 12頭 本賞金:800,320,200,120,80万円",12,800.0,7,7,10,マルコタージュ,牝,3,52.0,☆原,146.5,1.1/2,5,19.4,37.4,2-2-2-2,美浦 小島,452,0,
202404030308,2024-08-17,新潟,8,3歳以上1勝クラス,芝,2400,左,晴,良,"3回 新潟 3日目 サラ系３歳以上 １勝クラス       (混)(特指) 定量 12頭 本賞金:800,320,200,120,80万円",12,800.0,8,7,9,ペネトレイトゴー,セ,4,58.0,石橋脩,146.7,1,7,47.4,37.4,10-9-3-5,栗東 森秀,428,-4,
202404030308,2024-08-17,新潟,8,3歳以上1勝クラス,芝,2400,左,晴,良,"3回 新潟 3日目 サラ系３歳以上 １勝クラス       (混)(特指) 定量 12頭 本賞金:800,320,200,120,80万円",12,800.0,9,3,3,テイエムシップ,牡,5,58.0,鮫島良,147.0,2,9,66.4,36.5,7-9-9-8,栗東 河嶋,510,-4,
202404030308,2024-08-17,新潟,8,3歳以上1勝クラス,芝,2400,左,晴,良,"3回 新潟 3日目 サラ系３歳以上 １勝クラス       (混)(特指) 定量 12頭 本賞金:800,320,200,120,80万円",12,800.0,10,5,5,サハラ,牡,5,55.0,▲石神道,147.2,1,12,369.7,36.6,7-7-11-11,美浦 粕谷,498,8,
202404030308,2024-08-17,新潟,8,3歳以上1勝クラス,芝,2400,左,晴,良,"3回 新潟 3日目 サラ系３歳以上 １勝クラス       (混)(特指) 定量 12頭 本賞金:800,320,200,120,80万円",12,800.0,11,1,1,ローレルロイズ,牡,3,55.0,酒井,147.4,1.1/2,10,235.8,37.0,5-5-7-8,栗東 北出,440,0,
202404030308,2024-08-17,新潟,8,3歳以上1勝クラス,芝,2400,左,晴,良,"3回 新潟 3日目 サラ系３歳以上 １勝クラス       (混)(特指) 定量 12頭 本賞金:800,320,200,120,80万円",12,800.0,12,5,6,オウケンムーンアイ,牝,5,54.0,◇藤田菜,147.7,2,11,317.2,36.5,12-12-12-12,美浦 松永康,436,-2,
202404030309,2024-08-17,新潟,9,瀬波温泉特別,ダ,1800,左,晴,良,"3回 新潟 3日目 サラ系３歳以上 ２勝クラス       (混)[指] 定量 15頭 本賞金:1550,620,390,230,155万円",15,1550.0,1,7,12,ジャスパーロブスト,セ,3,55.0,ルメー,111.7,,1,1.8,37.8,2-2-2-2,栗東 森秀,492,-12,
202404030309,2024-08-17,新潟,9,瀬波温泉特別,ダ,1800,左,晴,良,"3回 新潟 3日目 サラ系３歳以上 ２勝クラス       (混)[指] 定量 15頭 本賞金:1550,620,390,230,155万円",15,1550.0,2,3,5,トーホウボルツ,牡,6,58.0,石橋脩,112.4,4,13,116.5,38.2,4-4-3-3,美浦 嘉藤,476,-10,
202404030309,2024-08-17,新潟,9,瀬波温泉特別,ダ,1800,左,晴,良,"3回 新潟 3日目 サラ系３歳以上 ２勝クラス       (混)[指] 定量 15頭 本賞金:1550,620,390,230,155万円",15,1550.0,3,4,6,グレノークス,牝,4,56.0,丸山,112.4,クビ,5,24.4,37.7,7-7-6-4,美浦 宮田,480,-4,
202404030309,2024-08-17,新潟,9,瀬波温泉特別,ダ,1800,左,晴,良,"3回 新潟 3日目 サラ系３歳以上 ２勝クラス       (混)[指] 定量 15頭 本賞金:1550,620,390,230,155万円",15,1550.0,4,8,15,サンライズパスカル,牡,4,58.0,藤懸,112.6,1.1/4,3,6.0,38.9,1-1-1-1,栗東 石坂,548,6,
202404030309,2024-08-17,新潟,9,瀬波温泉特別,ダ,1800,左,晴,良,"3回 新潟 3日目 サラ系３歳以上 ２勝クラス       (混)[指] 定量 15頭 本賞金:1550,620,390,230,155万円",15,1550.0,5,8,14,サイモンソーラン,牡,5,58.0,原,112.7,クビ,8,40.5,37.7,8-8-9-8,美浦 勢司,478,0,
202404030309,2024-08-17,新潟,9,瀬波温泉特別,ダ,1800,左,晴,良,"3回 新潟 3日目 サラ系３歳以上 ２勝クラス       (混)[指] 定量 15頭 本賞金:1550,620,390,230,155万円",15,1550.0,6,1,1,アトラクティーボ,牡,5,58.0,武藤,113.4,4,6,25.4,38.7,12-12-6-6,美浦 武藤,540,6,
202404030309,2024-08-17,新潟,9,瀬波温泉特別,ダ,1800,左,晴,良,"3回 新潟 3日目 サラ系３歳以上 ２勝クラス       (混)[指] 定量 15頭 本賞金:1550,620,390,230,155万円",15,1550.0,7,3,4,コルデアニル,牝,4,56.0,野中,113.6,1,10,57.4,38.0,13-13-12-12,美浦 金成,472,0,
202404030309,2024-08-17,新潟,9,瀬波温泉特別,ダ,1800,左,晴,良,"3回 新潟 3日目 サラ系３歳以上 ２勝クラス       (混)[指] 定量 15頭 本賞金:1550,620,390,230,155万円",15,1550.0,8,7,13,サラフィエル,セ,5,58.0,伴,113.6,クビ,15,528.5,39.1,5-5-4-6,美浦 鈴木慎,438,2,
202404030309,2024-08-17,新潟,9,瀬波温泉特別,ダ,1800,左,晴,良,"3回 新潟 3日目 サラ系３歳以上 ２勝クラス       (混)[指] 定量 15頭 本賞金:1550,620,390,230,155万円",15,1550.0,9,5,9,トゥルブレンシア,セ,7,58.0,松岡,113.9,1.3/4,7,35.7,38.2,14-14-14-12,栗東 藤沢,460,6,
202404030309,2024-08-17,新潟,9,瀬波温泉特別,ダ,1800,左,晴,良,"3回 新潟 3日目 サラ系３歳以上 ２勝クラス       (混)[指] 定量 15頭 本賞金:1550,620,390,230,155万円",15,1550.0,10,6,10,ユイノマチブセ,牡,4,58.0,木幡初,114.0,クビ,4,7.9,39.6,3-3-4-4,美浦 竹内,444,-4,
202404030309,2024-08-17,新潟,9,瀬波温泉特別,ダ,1800,左,晴,良,"3回 新潟 3日目 サラ系３歳以上 ２勝クラス       (混)[指] 定量 15頭 本賞金:1550,620,390,230,155万円",15,1550.0,11,2,3,シゲルカミカゼ,牡,4,58.0,戸崎圭,114.1,1/2,2,5.0,37.7,15-15-15-15,美浦 松山,516,-6,
202404030309,2024-08-17,新潟,9,瀬波温泉特別,ダ,1800,左,晴,良,"3回 新潟 3日目 サラ系３歳以上 ２勝クラス       (混)[指] 定量 15頭 本賞金:1550,620,390,230,155万円",15,1550.0,12,4,7,シグナルファイアー,牝,4,56.0,江田照,114.1,クビ,9,47.1,38.5,10-11-12-14,美浦 水野,486,2,
202404030309,2024-08-17,新潟,9,瀬波温泉特別,ダ,1800,左,晴,良,"3回 新潟 3日目 サラ系３歳以上 ２勝クラス       (混)[指] 定量 15頭 本賞金:1550,620,390,230,155万円",15,1550.0,13,5,8,ラブベティー,牝,5,56.0,石川,114.2,1/2,12,99.0,39.0,8-8-10-10,美浦 尾形,484,12,
202404030309,2024-08-17,新潟,9,瀬波温泉特別,ダ,1800,左,晴,良,"3回 新潟 3日目 サラ系３歳以上 ２勝クラス       (混)[指] 定量 15頭 本賞金:1550,620,390,230,155万円",15,1550.0,14,6,11,フロンタルクリス,牡,6,58.0,菊沢,114.6,2.1/2,14,280.3,39.4,10-10-10-10,美浦 伊坂,504,0,
202404030309,2024-08-17,新潟,9,瀬波温泉特別,ダ,1800,左,晴,良,"3回 新潟 3日目 サラ系３歳以上 ２勝クラス       (混)[指] 定量 15頭 本賞金:1550,620,390,230,155万円",15,1550.0,15,2,2,ノーブルマルシェ,牝,4,56.0,木幡巧,116.9,大,11,69.2,42.1,5-5-6-8,美浦 久保田,460,2,
202404030310,2024-08-17,新潟,10,上越S,ダ,1200,左,晴,良,"3回 新潟 3日目 サラ系３歳以上 ３勝クラス       (混)(特指) 定量 15頭 本賞金:1840,740,460,280,184万円",15,1840.0,1,2,2,ジュンウィンダム,牝,4,56.0,津村,71.2,,5,7.9,36.4,7-7,栗東 浜田,512,18,
202404030310,2024-08-17,新潟,10,上越S,ダ,1200,左,晴,良,"3回 新潟 3日目 サラ系３歳以上 ３勝クラス       (混)(特指) 定量 15頭 本賞金:1840,740,460,280,184万円",15,1840.0,2,8,14,エランティス,牝,4,56.0,丸山,71.4,1,4,7.8,37.4,1-1,栗東 杉山晴,480,-4,
202404030310,2024-08-17,新潟,10,上越S,ダ,1200,左,晴,良,"3回 新潟 3日目 サラ系３歳以上 ３勝クラス       (混)(特指) 定量 15頭 本賞金:1840,740,460,280,184万円",15,1840.0,3,6,10,エティエンヌ,セ,5,58.0,菅原明,71.7,1.1/2,3,6.7,36.1,11-10,栗東 吉田,516,4,
202404030310,2024-08-17,新潟,10,上越S,ダ,1200,左,晴,良,"3回 新潟 3日目 サラ系３歳以上 ３勝クラス       (混)(特指) 定量 15頭 本賞金:1840,740,460,280,184万円",15,1840.0,4,3,5,ケイアイアニラ,牡,4,58.0,ルメー,71.7,アタマ,1,2.4,37.3,5-5,栗東 吉岡,526,2,
202404030310,2024-08-17,新潟,10,上越S,ダ,1200,左,晴,良,"3回 新潟 3日目 サラ系３歳以上 ３勝クラス       (混)(特指) 定量 15頭 本賞金:1840,740,460,280,184万円",15,1840.0,5,3,4,フラップシグナス,牡,5,58.0,戸崎圭,71.7,ハナ,7,22.2,35.6,12-12,栗東 千田,486,-8,
202404030310,2024-08-17,新潟,10,上越S,ダ,1200,左,晴,良,"3回 新潟 3日目 サラ系３歳以上 ３勝クラス       (混)(特指) 定量 15頭 本賞金:1840,740,460,280,184万円",15,1840.0,6,1,1,フィーカ,牝,5,56.0,菊沢,71.8,3/4,10,32.7,37.5,3-2,美浦 矢野,478,-8,
202404030310,2024-08-17,新潟,10,上越S,ダ,1200,左,晴,良,"3回 新潟 3日目 サラ系３歳以上 ３勝クラス       (混)(特指) 定量 15頭 本賞金:1840,740,460,280,184万円",15,1840.0,7,4,6,メイショウイジゲン,牡,6,58.0,鮫島良,71.8,ハナ,13,109.5,36.6,8-8,栗東 牧浦,446,-4,
202404030310,2024-08-17,新潟,10,上越S,ダ,1200,左,晴,良,"3回 新潟 3日目 サラ系３歳以上 ３勝クラス       (混)(特指) 定量 15頭 本賞金:1840,740,460,280,184万円",15,1840.0,8,7,12,レヴール,牝,5,56.0,三浦,72.0,1.1/4,8,22.9,36.8,8-8,美浦 小笠,474,-8,
202404030310,2024-08-17,新潟,10,上越S,ダ,1200,左,晴,良,"3回 新潟 3日目 サラ系３歳以上 ３勝クラス       (混)(特指) 定量 15頭 本賞金:1840,740,460,280,184万円",15,1840.0,9,8,15,セイカフォルゴーレ,牡,5,58.0,石橋脩,72.2,1,14,135.8,37.8,5-5,美浦 相沢,508,2,
202404030310,2024-08-17,新潟,10,上越S,ダ,1200,左,晴,良,"3回 新潟 3日目 サラ系３歳以上 ３勝クラス       (混)(特指) 定量 15頭 本賞金:1840,740,460,280,184万円",15,1840.0,10,5,8,リッキーマジック,牝,5,56.0,吉田豊,72.4,1.1/4,12,95.7,35.5,15-14,美浦 加藤征,514,-8,
202404030310,2024-08-17,新潟,10,上越S,ダ,1200,左,晴,良,"3回 新潟 3日目 サラ系３歳以上 ３勝クラス       (混)(特指) 定量 15頭 本賞金:1840,740,460,280,184万円",15,1840.0,11,4,7,ハヤブサジェット,セ,4,58.0,石川,72.4,クビ,2,5.1,37.3,8-10,美浦 青木,446,-8,
202404030310,2024-08-17,新潟,10,上越S,ダ,1200,左,晴,良,"3回 新潟 3日目 サラ系３歳以上 ３勝クラス       (混)(特指) 定量 15頭 本賞金:1840,740,460,280,184万円",15,1840.0,12,5,9,ゴッドセンド,牡,4,58.0,木幡巧,72.5,クビ,11,76.4,36.4,12-13,栗東 浜田,484,-4,
202404030310,2024-08-17,新潟,10,上越S,ダ,1200,左,晴,良,"3回 新潟 3日目 サラ系３歳以上 ３勝クラス       (混)(特指) 定量 15頭 本賞金:1840,740,460,280,184万円",15,1840.0,13,6,11,ホッコーカリュウ,牝,6,56.0,武藤,72.9,2.1/2,15,288.8,36.2,14-14,栗東 飯田,472,-14,
202404030310,2024-08-17,新潟,10,上越S,ダ,1200,左,晴,良,"3回 新潟 3日目 サラ系３歳以上 ３勝クラス       (混)(特指) 定量 15頭 本賞金:1840,740,460,280,184万円",15,1840.0,14,2,3,アイファーシアトル,牝,4,56.0,藤懸,73.3,2.1/2,9,26.7,39.1,2-2,栗東 鮫島,474,8,
202404030310,2024-08-17,新潟,10,上越S,ダ,1200,左,晴,良,"3回 新潟 3日目 サラ系３歳以上 ３勝クラス       (混)(特指) 定量 15頭 本賞金:1840,740,460,280,184万円",15,1840.0,15,7,13,ダテボレアス,牡,5,58.0,原,73.4,1/2,6,19.7,39.1,3-4,栗東 西園正,484,0,
202404030311,2024-08-17,新潟,11,日本海S,芝,2200,左,晴,良,"3回 新潟 3日目 サラ系３歳以上 ３勝クラス       (混)(特指) 定量 9頭 本賞金:1840,740,460,280,184万円",9,1840.0,1,8,9,ヘデントール,牡,3,55.0,ルメー,132.4,,1,1.6,33.6,4-3-3-3,美浦 木村,480,6,
202404030311,2024-08-17,新潟,11,日本海S,芝,2200,左,晴,良,"3回 新潟 3日目 サラ系３歳以上 ３勝クラス       (混)(特指) 定量 9頭 本賞金:1840,740,460,280,184万円",9,1840.0,2,1,1,ナイトインロンドン,牡,4,58.0,田辺,133.0,3.1/2,5,14.1,33.5,9-9-9-8,美浦 大竹,484,4,
202404030311,2024-08-17,新潟,11,日本海S,芝,2200,左,晴,良,"3回 新潟 3日目 サラ系３歳以上 ３勝クラス       (混)(特指) 定量 9頭 本賞金:1840,740,460,280,184万円",9,1840.0,3,4,4,マコトヴェリーキー,牡,4,58.0,岩田康,133.0,アタマ,2,3.5,33.7,8-7-6-6,栗東 上村,476,2,
202404030311,2024-08-17,新潟,11,日本海S,芝,2200,左,晴,良,"3回 新潟 3日目 サラ系３歳以上 ３勝クラス       (混)(特指) 定量 9頭 本賞金:1840,740,460,280,184万円",9,1840.0,4,3,3,バロッサヴァレー,牝,4,56.0,三浦,133.0,クビ,6,24.4,34.0,6-5-4-4,栗東 高野,472,14,
202404030311,2024-08-17,新潟,11,日本海S,芝,2200,左,晴,良,"3回 新潟 3日目 サラ系３歳以上 ３勝クラス       (混)(特指) 定量 9頭 本賞金:1840,740,460,280,184万円",9,1840.0,5,7,7,シーウィザード,牡,4,58.0,荻野極,133.3,1.3/4,3,8.6,35.0,1-1-1-1,美浦 鹿戸,494,0,
202404030311,2024-08-17,新潟,11,日本海S,芝,2200,左,晴,良,"3回 新潟 3日目 サラ系３歳以上 ３勝クラス       (混)(特指) 定量 9頭 本賞金:1840,740,460,280,184万円",9,1840.0,6,8,8,ヴェールランス,牡,5,58.0,津村,133.3,クビ,8,94.7,34.9,2-2-2-2,美浦 田村,444,8,
202404030311,2024-08-17,新潟,11,日本海S,芝,2200,左,晴,良,"3回 新潟 3日目 サラ系３歳以上 ３勝クラス       (混)(特指) 定量 9頭 本賞金:1840,740,460,280,184万円",9,1840.0,7,2,2,ビューティーウェイ,牝,6,56.0,菅原明,133.4,クビ,7,37.6,34.0,7-7-8-8,栗東 西園翔,444,2,
202404030311,2024-08-17,新潟,11,日本海S,芝,2200,左,晴,良,"3回 新潟 3日目 サラ系３歳以上 ３勝クラス       (混)(特指) 定量 9頭 本賞金:1840,740,460,280,184万円",9,1840.0,8,6,6,ファベル,牡,5,58.0,戸崎圭,133.4,アタマ,4,12.4,34.5,3-3-4-4,栗東 友道,434,-6,
202404030311,2024-08-17,新潟,11,日本海S,芝,2200,左,晴,良,"3回 新潟 3日目 サラ系３歳以上 ３勝クラス       (混)(特指) 定量 9頭 本賞金:1840,740,460,280,184万円",9,1840.0,9,5,5,マイネルカンパーナ,牡,4,58.0,丸山,133.6,1.1/4,9,107.5,34.4,5-5-6-6,美浦 青木,404,2,
202404030312,2024-08-17,新潟,12,3歳以上1勝クラス,芝,1800,左,晴,良,"3回 新潟 3日目 サラ系３歳以上 １勝クラス       牝[指] 定量 18頭 本賞金:800,320,200,120,80万円",18,800.0,1,8,17,ニューステソーロ,牝,3,53.0,木幡巧,105.4,,4,6.4,34.4,2-2,美浦 高木,480,2,
202404030312,2024-08-17,新潟,12,3歳以上1勝クラス,芝,1800,左,晴,良,"3回 新潟 3日目 サラ系３歳以上 １勝クラス       牝[指] 定量 18頭 本賞金:800,320,200,120,80万円",18,800.0,2,1,2,トロピカルティー,牝,3,53.0,菅原明,105.8,2.1/2,3,4.0,34.0,10-8,美浦 林,432,4,
202404030312,2024-08-17,新潟,12,3歳以上1勝クラス,芝,1800,左,晴,良,"3回 新潟 3日目 サラ系３歳以上 １勝クラス       牝[指] 定量 18頭 本賞金:800,320,200,120,80万円",18,800.0,3,7,14,テリオスサラ,牝,3,53.0,三浦,106.0,1.1/2,1,3.8,34.8,3-3,美浦 高柳瑞,480,6,
202404030312,2024-08-17,新潟,12,3歳以上1勝クラス,芝,1800,左,晴,良,"3回 新潟 3日目 サラ系３歳以上 １勝クラス       牝[指] 定量 18頭 本賞金:800,320,200,120,80万円",18,800.0,4,7,13,ムガ,牝,5,56.0,石橋脩,106.2,1,9,50.5,33.8,17-17,栗東 高橋一,458,0,
202404030312,2024-08-17,新潟,12,3歳以上1勝クラス,芝,1800,左,晴,良,"3回 新潟 3日目 サラ系３歳以上 １勝クラス       牝[指] 定量 18頭 本賞金:800,320,200,120,80万円",18,800.0,5,6,12,クイーンズワーフ,牝,3,51.0,◇藤田菜,106.3,1.1/4,10,78.2,35.3,1-1,美浦 青木,454,4,
202404030312,2024-08-17,新潟,12,3歳以上1勝クラス,芝,1800,左,晴,良,"3回 新潟 3日目 サラ系３歳以上 １勝クラス       牝[指] 定量 18頭 本賞金:800,320,200,120,80万円",18,800.0,6,6,11,シロノクミキョク,牝,4,56.0,石川,106.4,クビ,16,178.5,34.9,6-6,美浦 鈴木伸,446,-4,
202404030312,2024-08-17,新潟,12,3歳以上1勝クラス,芝,1800,左,晴,良,"3回 新潟 3日目 サラ系３歳以上 １勝クラス       牝[指] 定量 18頭 本賞金:800,320,200,120,80万円",18,800.0,7,2,3,スノーディザイア,牝,5,56.0,柴田大,106.5,3/4,18,330.9,34.5,13-11,美浦 粕谷,476,12,
202404030312,2024-08-17,新潟,12,3歳以上1勝クラス,芝,1800,左,晴,良,"3回 新潟 3日目 サラ系３歳以上 １勝クラス       牝[指] 定量 18頭 本賞金:800,320,200,120,80万円",18,800.0,8,5,10,ピースヒロフェイス,牝,3,53.0,野中,106.5,ハナ,8,33.7,35.2,3-3,美浦 牧,456,-4,
202404030312,2024-08-17,新潟,12,3歳以上1勝クラス,芝,1800,左,晴,良,"3回 新潟 3日目 サラ系３歳以上 １勝クラス       牝[指] 定量 18頭 本賞金:800,320,200,120,80万円",18,800.0,9,3,6,アンブロジアーナ,牝,5,52.0,★大江比,106.5,ハナ,17,226.7,34.7,7-8,美浦 上原博,440,16,
202404030312,2024-08-17,新潟,12,3歳以上1勝クラス,芝,1800,左,晴,良,"3回 新潟 3日目 サラ系３歳以上 １勝クラス       牝[指] 定量 18頭 本賞金:800,320,200,120,80万円",18,800.0,10,3,5,レシプロシティ,牝,4,56.0,田辺,106.5,ハナ,7,24.7,34.3,13-14,美浦 田村,468,14,
202404030312,2024-08-17,新潟,12,3歳以上1勝クラス,芝,1800,左,晴,良,"3回 新潟 3日目 サラ系３歳以上 １勝クラス       牝[指] 定量 18頭 本賞金:800,320,200,120,80万円",18,800.0,11,2,4,アリーチェ,牝,4,56.0,菊沢,106.6,1/2,15,147.6,35.0,7-6,美浦 戸田,444,0,
202404030312,2024-08-17,新潟,12,3歳以上1勝クラス,芝,1800,左,晴,良,"3回 新潟 3日目 サラ系３歳以上 １勝クラス       牝[指] 定量 18頭 本賞金:800,320,200,120,80万円",18,800.0,12,7,15,ケイツールピア,牝,3,52.0,☆横山琉,106.6,クビ,6,23.1,34.2,16-16,美浦 鈴木慎,418,6,
202404030312,2024-08-17,新潟,12,3歳以上1勝クラス,芝,1800,左,晴,良,"3回 新潟 3日目 サラ系３歳以上 １勝クラス       牝[指] 定量 18頭 本賞金:800,320,200,120,80万円",18,800.0,13,8,16,メアヴィア,牝,3,53.0,丸田,106.7,1/2,14,96.7,34.5,13-14,美浦 金成,452,-4,
202404030312,2024-08-17,新潟,12,3歳以上1勝クラス,芝,1800,左,晴,良,"3回 新潟 3日目 サラ系３歳以上 １勝クラス       牝[指] 定量 18頭 本賞金:800,320,200,120,80万円",18,800.0,14,1,1,ニシノコイゴコロ,牝,3,53.0,丸山,106.9,1,12,84.2,34.5,18-17,美浦 根本,426,-4,
202404030312,2024-08-17,新潟,12,3歳以上1勝クラス,芝,1800,左,晴,良,"3回 新潟 3日目 サラ系３歳以上 １勝クラス       牝[指] 定量 18頭 本賞金:800,320,200,120,80万円",18,800.0,15,4,8,シアブリス,牝,3,53.0,戸崎圭,107.0,3/4,2,3.9,35.8,3-3,美浦 黒岩,428,2,
202404030312,2024-08-17,新潟,12,3歳以上1勝クラス,芝,1800,左,晴,良,"3回 新潟 3日目 サラ系３歳以上 １勝クラス       牝[指] 定量 18頭 本賞金:800,320,200,120,80万円",18,800.0,16,5,9,シュネルラウフェン,牝,3,53.0,津村,107.2,1.1/4,5,8.2,35.2,12-11,美浦 手塚,438,10,
202404030312,2024-08-17,新潟,12,3歳以上1勝クラス,芝,1800,左,晴,良,"3回 新潟 3日目 サラ系３歳以上 １勝クラス       牝[指] 定量 18頭 本賞金:800,320,200,120,80万円",18,800.0,17,4,7,ヴィスパメンテ,牝,5,55.0,☆原,107.3,1/2,13,90.2,35.5,9-8,美浦 嘉藤,484,4,
202404030312,2024-08-17,新潟,12,3歳以上1勝クラス,芝,1800,左,晴,良,"3回 新潟 3日目 サラ系３歳以上 １勝クラス       牝[指] 定量 18頭 本賞金:800,320,200,120,80万円",18,800.0,18,8,18,ニシノコマチムスメ,牝,3,53.0,杉原,107.6,1.3/4,11,81.3,35.6,10-11,美浦 松山,426,4,
202407020301,2024-08-17,中京,1,2歳未勝利,芝,1200,左,晴,良,"2回 中京 3日目 サラ系２歳 未勝利       (混)[指] 馬齢 10頭 本賞金:550,220,140,83,55万円",10,550.0,1,8,9,ブルーサンセット,牝,2,55.0,西村淳,69.0,,2,2.8,34.8,1-1,栗東 奥村豊,438,-8,
202407020301,2024-08-17,中京,1,2歳未勝利,芝,1200,左,晴,良,"2回 中京 3日目 サラ系２歳 未勝利       (混)[指] 馬齢 10頭 本賞金:550,220,140,83,55万円",10,550.0,2,6,6,テーオーシュターデ,牝,2,54.0,☆泉谷,69.6,3.1/2,1,2.5,35.2,2-2,栗東 宮,412,0,
202407020301,2024-08-17,中京,1,2歳未勝利,芝,1200,左,晴,良,"2回 中京 3日目 サラ系２歳 未勝利       (混)[指] 馬齢 10頭 本賞金:550,220,140,83,55万円",10,550.0,3,5,5,プレインコート,牝,2,52.0,▲吉村,69.8,1,3,4.7,35.0,5-5,栗東 吉岡,408,8,
202407020301,2024-08-17,中京,1,2歳未勝利,芝,1200,左,晴,良,"2回 中京 3日目 サラ系２歳 未勝利       (混)[指] 馬齢 10頭 本賞金:550,220,140,83,55万円",10,550.0,4,1,1,ウインコンパス,牡,2,55.0,団野,69.9,1,5,13.4,34.9,7-7,栗東 西園正,434,0,
202407020301,2024-08-17,中京,1,2歳未勝利,芝,1200,左,晴,良,"2回 中京 3日目 サラ系２歳 未勝利       (混)[指] 馬齢 10頭 本賞金:550,220,140,83,55万円",10,550.0,5,4,4,テイエムバゴオウ,牡,2,55.0,田中健,70.0,1/2,7,54.4,35.2,5-5,栗東 木原,450,-4,
202407020301,2024-08-17,中京,1,2歳未勝利,芝,1200,左,晴,良,"2回 中京 3日目 サラ系２歳 未勝利       (混)[指] 馬齢 10頭 本賞金:550,220,140,83,55万円",10,550.0,6,7,8,ボル,牡,2,55.0,幸,70.1,1/2,6,21.4,35.5,4-4,栗東 河内,436,4,
202407020301,2024-08-17,中京,1,2歳未勝利,芝,1200,左,晴,良,"2回 中京 3日目 サラ系２歳 未勝利       (混)[指] 馬齢 10頭 本賞金:550,220,140,83,55万円",10,550.0,7,2,2,ワンウェイトゥヘル,牡,2,53.0,◇永島,70.2,1/2,4,7.3,35.2,7-7,栗東 中村,464,0,
202407020301,2024-08-17,中京,1,2歳未勝利,芝,1200,左,晴,良,"2回 中京 3日目 サラ系２歳 未勝利       (混)[指] 馬齢 10頭 本賞金:550,220,140,83,55万円",10,550.0,8,3,3,シナモンショコラ,牡,2,54.0,☆秋山稔,70.3,3/4,9,143.0,34.8,9-9,栗東 村山,478,-2,
202407020301,2024-08-17,中京,1,2歳未勝利,芝,1200,左,晴,良,"2回 中京 3日目 サラ系２歳 未勝利       (混)[指] 馬齢 10頭 本賞金:550,220,140,83,55万円",10,550.0,9,7,7,クリノモノリス,牝,2,55.0,中井,70.3,クビ,10,226.3,34.6,9-10,栗東 庄野,444,4,
202407020301,2024-08-17,中京,1,2歳未勝利,芝,1200,左,晴,良,"2回 中京 3日目 サラ系２歳 未勝利       (混)[指] 馬齢 10頭 本賞金:550,220,140,83,55万円",10,550.0,10,8,10,シルバーサクラコ,牝,2,51.0,★河原田,71.5,7,8,62.5,37.1,2-2,栗東 鈴木孝,410,2,
202407020302,2024-08-17,中京,2,3歳未勝利,ダ,1800,左,晴,良,"2回 中京 3日目 サラ系３歳 未勝利       牝[指] 馬齢 16頭 本賞金:550,220,140,83,55万円",16,550.0,1,6,11,ゼットレジーナ,牝,3,55.0,川田,114.9,,1,2.0,38.5,10-12-10-7,栗東 吉田,434,2,
202407020302,2024-08-17,中京,2,3歳未勝利,ダ,1800,左,晴,良,"2回 中京 3日目 サラ系３歳 未勝利       牝[指] 馬齢 16頭 本賞金:550,220,140,83,55万円",16,550.0,2,4,7,ミクロフィラム,牝,3,55.0,団野,115.2,1.1/2,9,29.6,40.0,2-2-2-1,栗東 斉藤崇,446,-2,
202407020302,2024-08-17,中京,2,3歳未勝利,ダ,1800,左,晴,良,"2回 中京 3日目 サラ系３歳 未勝利       牝[指] 馬齢 16頭 本賞金:550,220,140,83,55万円",16,550.0,3,4,8,バンデルアース,牝,3,55.0,坂井,115.6,2.1/2,8,23.4,40.2,3-3-3-3,栗東 矢作,448,-2,
202407020302,2024-08-17,中京,2,3歳未勝利,ダ,1800,左,晴,良,"2回 中京 3日目 サラ系３歳 未勝利       牝[指] 馬齢 16頭 本賞金:550,220,140,83,55万円",16,550.0,4,8,15,タマモポロネーズ,牝,3,55.0,Ｍデム,115.9,2,5,13.8,39.1,15-16-12-11,美浦 伊藤圭,460,0,
202407020302,2024-08-17,中京,2,3歳未勝利,ダ,1800,左,晴,良,"2回 中京 3日目 サラ系３歳 未勝利       牝[指] 馬齢 16頭 本賞金:550,220,140,83,55万円",16,550.0,5,3,6,メタルハート,牝,3,54.0,☆西塚,116.0,クビ,6,17.4,40.1,7-7-6-6,栗東 音無,446,2,
202407020302,2024-08-17,中京,2,3歳未勝利,ダ,1800,左,晴,良,"2回 中京 3日目 サラ系３歳 未勝利       牝[指] 馬齢 16頭 本賞金:550,220,140,83,55万円",16,550.0,6,3,5,ヴェロクオーレ,牝,3,52.0,▲吉村,116.8,5,2,4.7,41.0,4-3-6-7,栗東 石坂,488,-2,
202407020302,2024-08-17,中京,2,3歳未勝利,ダ,1800,左,晴,良,"2回 中京 3日目 サラ系３歳 未勝利       牝[指] 馬齢 16頭 本賞金:550,220,140,83,55万円",16,550.0,7,5,9,メイケイアリッサム,牝,3,52.0,▲柴田裕,117.7,5,16,382.0,41.4,7-9-9-9,栗東 中竹,442,0,
202407020302,2024-08-17,中京,2,3歳未勝利,ダ,1800,左,晴,良,"2回 中京 3日目 サラ系３歳 未勝利       牝[指] 馬齢 16頭 本賞金:550,220,140,83,55万円",16,550.0,8,8,16,メイショウベル,牝,3,52.0,▲橋木,117.8,クビ,11,94.9,42.2,4-6-5-4,栗東 西園正,482,0,
202407020302,2024-08-17,中京,2,3歳未勝利,ダ,1800,左,晴,良,"2回 中京 3日目 サラ系３歳 未勝利       牝[指] 馬齢 16頭 本賞金:550,220,140,83,55万円",16,550.0,9,2,4,ダイシンサンディー,牝,3,53.0,◇永島,118.0,1.1/2,3,6.7,41.3,10-10-12-13,栗東 梅田,478,-6,
202407020302,2024-08-17,中京,2,3歳未勝利,ダ,1800,左,晴,良,"2回 中京 3日目 サラ系３歳 未勝利       牝[指] 馬齢 16頭 本賞金:550,220,140,83,55万円",16,550.0,10,1,2,ラブリーメイク,牝,3,55.0,幸,118.1,1/2,10,60.4,42.0,7-7-8-10,栗東 鮫島,446,6,
202407020302,2024-08-17,中京,2,3歳未勝利,ダ,1800,左,晴,良,"2回 中京 3日目 サラ系３歳 未勝利       牝[指] 馬齢 16頭 本賞金:550,220,140,83,55万円",16,550.0,11,5,10,コウソクテツドウ,牝,3,54.0,☆小沢,118.3,1,12,110.2,41.9,10-10-10-12,栗東 小栗,472,-2,
202407020302,2024-08-17,中京,2,3歳未勝利,ダ,1800,左,晴,良,"2回 中京 3日目 サラ系３歳 未勝利       牝[指] 馬齢 16頭 本賞金:550,220,140,83,55万円",16,550.0,12,6,12,テイエムスマック,牝,3,55.0,田中健,118.4,3/4,13,112.3,43.2,1-1-1-2,栗東 浜田,494,-18,
202407020302,2024-08-17,中京,2,3歳未勝利,ダ,1800,左,晴,良,"2回 中京 3日目 サラ系３歳 未勝利       牝[指] 馬齢 16頭 本賞金:550,220,140,83,55万円",16,550.0,13,7,13,クリノラリマール,牝,3,55.0,川須,119.7,8,14,175.2,42.9,13-13-12-13,栗東 中尾,448,4,
202407020302,2024-08-17,中京,2,3歳未勝利,ダ,1800,左,晴,良,"2回 中京 3日目 サラ系３歳 未勝利       牝[指] 馬齢 16頭 本賞金:550,220,140,83,55万円",16,550.0,14,2,3,セクシーガール,牝,3,52.0,▲鷲頭,120.2,3,15,344.1,42.9,15-14-16-15,栗東 大根田,458,-6,
202407020302,2024-08-17,中京,2,3歳未勝利,ダ,1800,左,晴,良,"2回 中京 3日目 サラ系３歳 未勝利       牝[指] 馬齢 16頭 本賞金:550,220,140,83,55万円",16,550.0,15,1,1,シャローム,牝,3,55.0,和田竜,120.3,1/2,7,22.9,44.8,4-3-3-4,栗東 茶木,464,4,
202407020302,2024-08-17,中京,2,3歳未勝利,ダ,1800,左,晴,良,"2回 中京 3日目 サラ系３歳 未勝利       牝[指] 馬齢 16頭 本賞金:550,220,140,83,55万円",16,550.0,16,7,14,ハーツクライアスク,牝,3,55.0,西村淳,120.6,1.3/4,4,9.3,43.5,14-14-15-15,栗東 中内田,472,0,
202407020303,2024-08-17,中京,3,3歳未勝利,ダ,1900,左,晴,良,"2回 中京 3日目 サラ系３歳 未勝利       (混)[指] 馬齢 11頭 本賞金:550,220,140,83,55万円",11,550.0,1,8,11,カレンワッツアップ,牡,3,56.0,☆角田和,121.0,,5,18.1,39.1,3-3-3-2,栗東 小林,462,-10,
202407020303,2024-08-17,中京,3,3歳未勝利,ダ,1900,左,晴,良,"2回 中京 3日目 サラ系３歳 未勝利       (混)[指] 馬齢 11頭 本賞金:550,220,140,83,55万円",11,550.0,2,7,8,フェヴリエ,牡,3,57.0,坂井,121.0,クビ,1,2.2,39.2,2-2-2-2,栗東 松永幹,576,14,
202407020303,2024-08-17,中京,3,3歳未勝利,ダ,1900,左,晴,良,"2回 中京 3日目 サラ系３歳 未勝利       (混)[指] 馬齢 11頭 本賞金:550,220,140,83,55万円",11,550.0,3,6,6,レッドクレメンス,牡,3,57.0,西村淳,121.4,2.1/2,7,19.0,39.0,5-5-5-4,栗東 茶木,488,2,
202407020303,2024-08-17,中京,3,3歳未勝利,ダ,1900,左,晴,良,"2回 中京 3日目 サラ系３歳 未勝利       (混)[指] 馬齢 11頭 本賞金:550,220,140,83,55万円",11,550.0,4,7,9,ジーティームテキ,牡,3,54.0,▲吉村,121.7,1.3/4,3,10.2,38.6,9-9-8-7,栗東 西村,450,-2,
202407020303,2024-08-17,中京,3,3歳未勝利,ダ,1900,左,晴,良,"2回 中京 3日目 サラ系３歳 未勝利       (混)[指] 馬齢 11頭 本賞金:550,220,140,83,55万円",11,550.0,5,3,3,ドゥータップ,牡,3,57.0,川田,121.7,クビ,2,2.3,40.0,1-1-1-1,栗東 藤原,500,-2,
202407020303,2024-08-17,中京,3,3歳未勝利,ダ,1900,左,晴,良,"2回 中京 3日目 サラ系３歳 未勝利       (混)[指] 馬齢 11頭 本賞金:550,220,140,83,55万円",11,550.0,6,5,5,ライスベリー,牡,3,57.0,和田竜,122.4,4,4,12.8,39.6,7-7-6-6,栗東 吉田,456,-12,
202407020303,2024-08-17,中京,3,3歳未勝利,ダ,1900,左,晴,良,"2回 中京 3日目 サラ系３歳 未勝利       (混)[指] 馬齢 11頭 本賞金:550,220,140,83,55万円",11,550.0,7,2,2,クリノルイーズ,牝,3,55.0,国分優,123.0,3.1/2,9,121.4,40.8,3-3-4-5,栗東 大橋,508,0,
202407020303,2024-08-17,中京,3,3歳未勝利,ダ,1900,左,晴,良,"2回 中京 3日目 サラ系３歳 未勝利       (混)[指] 馬齢 11頭 本賞金:550,220,140,83,55万円",11,550.0,8,8,10,オックスブラッド,牝,3,55.0,国分恭,123.2,3/4,6,18.7,39.8,11-11-9-8,栗東 西園翔,512,2,
202407020303,2024-08-17,中京,3,3歳未勝利,ダ,1900,左,晴,良,"2回 中京 3日目 サラ系３歳 未勝利       (混)[指] 馬齢 11頭 本賞金:550,220,140,83,55万円",11,550.0,9,1,1,タガノアミカル,牝,3,55.0,田中健,125.2,大,8,59.0,41.9,10-10-9-9,栗東 荒川,454,6,
202407020303,2024-08-17,中京,3,3歳未勝利,ダ,1900,左,晴,良,"2回 中京 3日目 サラ系３歳 未勝利       (混)[指] 馬齢 11頭 本賞金:550,220,140,83,55万円",11,550.0,10,4,4,ビッグアンサー,牡,3,57.0,小崎,127.7,大,11,364.0,43.6,8-8-11-11,栗東 牧田,490,-6,
202407020303,2024-08-17,中京,3,3歳未勝利,ダ,1900,左,晴,良,"2回 中京 3日目 サラ系３歳 未勝利       (混)[指] 馬齢 11頭 本賞金:550,220,140,83,55万円",11,550.0,11,6,7,ラドロテア,牝,3,55.0,団野,129.0,8,10,139.9,46.1,6-6-6-9,栗東 斉藤崇,444,10,
202407020304,2024-08-17,中京,4,3歳未勝利,ダ,1200,左,晴,良,"2回 中京 3日目 サラ系３歳 未勝利       牝[指] 馬齢 16頭 本賞金:550,220,140,83,55万円",16,550.0,1,8,16,マックスセレナーデ,牝,3,55.0,幸,73.2,,1,3.8,37.2,6-4,栗東 橋口,508,-2,
202407020304,2024-08-17,中京,4,3歳未勝利,ダ,1200,左,晴,良,"2回 中京 3日目 サラ系３歳 未勝利       牝[指] 馬齢 16頭 本賞金:550,220,140,83,55万円",16,550.0,2,2,3,アクロスザシーズ,牝,3,52.0,▲柴田裕,73.2,クビ,10,22.3,37.2,6-8,栗東 牧浦,420,-8,
202407020304,2024-08-17,中京,4,3歳未勝利,ダ,1200,左,晴,良,"2回 中京 3日目 サラ系３歳 未勝利       牝[指] 馬齢 16頭 本賞金:550,220,140,83,55万円",16,550.0,3,6,12,ファストフライト,牝,3,55.0,国分恭,73.4,1.1/4,5,12.9,38.1,1-1,栗東 宮本,490,4,
202407020304,2024-08-17,中京,4,3歳未勝利,ダ,1200,左,晴,良,"2回 中京 3日目 サラ系３歳 未勝利       牝[指] 馬齢 16頭 本賞金:550,220,140,83,55万円",16,550.0,4,5,10,プレジャー,牝,3,51.0,★河原田,73.6,1,11,26.3,36.9,12-12,栗東 飯田,486,-2,
202407020304,2024-08-17,中京,4,3歳未勝利,ダ,1200,左,晴,良,"2回 中京 3日目 サラ系３歳 未勝利       牝[指] 馬齢 16頭 本賞金:550,220,140,83,55万円",16,550.0,5,5,9,デビルシズカチャン,牝,3,55.0,西村淳,73.7,クビ,8,16.1,38.4,2-2,栗東 武幸,472,10,
202407020304,2024-08-17,中京,4,3歳未勝利,ダ,1200,左,晴,良,"2回 中京 3日目 サラ系３歳 未勝利       牝[指] 馬齢 16頭 本賞金:550,220,140,83,55万円",16,550.0,6,1,1,ミリオンタイムズ,牝,3,52.0,▲吉村,73.8,3/4,7,13.6,37.9,6-7,栗東 小椋,450,2,
202407020304,2024-08-17,中京,4,3歳未勝利,ダ,1200,左,晴,良,"2回 中京 3日目 サラ系３歳 未勝利       牝[指] 馬齢 16頭 本賞金:550,220,140,83,55万円",16,550.0,7,3,5,ラムテリオス,牝,3,53.0,◇永島,74.2,2.1/2,4,8.9,38.0,9-8,栗東 吉村,440,4,
202407020304,2024-08-17,中京,4,3歳未勝利,ダ,1200,左,晴,良,"2回 中京 3日目 サラ系３歳 未勝利       牝[指] 馬齢 16頭 本賞金:550,220,140,83,55万円",16,550.0,8,7,14,ユウスペシャル,牝,3,54.0,☆松本,74.3,クビ,6,12.9,36.9,14-14,栗東 新谷,466,2,
202407020304,2024-08-17,中京,4,3歳未勝利,ダ,1200,左,晴,良,"2回 中京 3日目 サラ系３歳 未勝利       牝[指] 馬齢 16頭 本賞金:550,220,140,83,55万円",16,550.0,9,6,11,リッカローラ,牝,3,54.0,☆秋山稔,74.6,1.3/4,16,328.7,37.8,12-12,栗東 鮫島,414,-2,
202407020304,2024-08-17,中京,4,3歳未勝利,ダ,1200,左,晴,良,"2回 中京 3日目 サラ系３歳 未勝利       牝[指] 馬齢 16頭 本賞金:550,220,140,83,55万円",16,550.0,10,7,13,メイショウメイボク,牝,3,54.0,☆角田和,74.7,1/2,9,22.0,38.4,10-10,栗東 本田,470,0,
202407020304,2024-08-17,中京,4,3歳未勝利,ダ,1200,左,晴,良,"2回 中京 3日目 サラ系３歳 未勝利       牝[指] 馬齢 16頭 本賞金:550,220,140,83,55万円",16,550.0,11,4,8,ベラコルサ,牝,3,55.0,川須,74.7,ハナ,14,274.0,38.2,11-10,栗東 長谷川,440,0,
202407020304,2024-08-17,中京,4,3歳未勝利,ダ,1200,左,晴,良,"2回 中京 3日目 サラ系３歳 未勝利       牝[指] 馬齢 16頭 本賞金:550,220,140,83,55万円",16,550.0,12,8,15,ラスダシャン,牝,3,55.0,和田竜,74.7,アタマ,13,188.9,38.9,5-4,栗東 鈴木孝,454,-12,
202407020304,2024-08-17,中京,4,3歳未勝利,ダ,1200,左,晴,良,"2回 中京 3日目 サラ系３歳 未勝利       牝[指] 馬齢 16頭 本賞金:550,220,140,83,55万円",16,550.0,13,1,2,リリーズブルーム,牝,3,54.0,☆西塚,74.8,クビ,2,4.0,39.2,3-4,栗東 牧浦,454,-10,
202407020304,2024-08-17,中京,4,3歳未勝利,ダ,1200,左,晴,良,"2回 中京 3日目 サラ系３歳 未勝利       牝[指] 馬齢 16頭 本賞金:550,220,140,83,55万円",16,550.0,14,2,4,シスコスター,牝,3,55.0,団野,74.8,アタマ,12,36.5,36.7,16-16,栗東 野中,456,6,
202407020304,2024-08-17,中京,4,3歳未勝利,ダ,1200,左,晴,良,"2回 中京 3日目 サラ系３歳 未勝利       牝[指] 馬齢 16頭 本賞金:550,220,140,83,55万円",16,550.0,15,4,7,アジアノハナ,牝,3,54.0,☆小沢,75.5,4,3,5.7,39.9,3-3,栗東 牧田,482,8,
202407020304,2024-08-17,中京,4,3歳未勝利,ダ,1200,左,晴,良,"2回 中京 3日目 サラ系３歳 未勝利       牝[指] 馬齢 16頭 本賞金:550,220,140,83,55万円",16,550.0,16,3,6,シャインネイト,牝,3,55.0,高倉,75.5,クビ,15,275.9,38.1,14-15,栗東 本田,466,-2,
202407020305,2024-08-17,中京,5,2歳新馬,芝,1400,左,晴,良,"2回 中京 3日目 サラ系２歳 新馬       [指] 馬齢 18頭 本賞金:720,290,180,110,72万円",18,720.0,1,2,4,ラヴェンデル,牝,2,55.0,川田,82.0,,3,4.3,34.7,4-3,栗東 吉村,408,0,
202407020305,2024-08-17,中京,5,2歳新馬,芝,1400,左,晴,良,"2回 中京 3日目 サラ系２歳 新馬       [指] 馬齢 18頭 本賞金:720,290,180,110,72万円",18,720.0,2,3,5,ハリウッドメモリー,牝,2,55.0,西村淳,82.1,3/4,1,3.0,35.0,2-2,栗東 長谷川,448,0,
202407020305,2024-08-17,中京,5,2歳新馬,芝,1400,左,晴,良,"2回 中京 3日目 サラ系２歳 新馬       [指] 馬齢 18頭 本賞金:720,290,180,110,72万円",18,720.0,3,8,18,パリコレジェンヌ,牝,2,55.0,和田竜,82.2,1/2,6,20.7,35.5,1-1,栗東 鈴木孝,446,0,
202407020305,2024-08-17,中京,5,2歳新馬,芝,1400,左,晴,良,"2回 中京 3日目 サラ系２歳 新馬       [指] 馬齢 18頭 本賞金:720,290,180,110,72万円",18,720.0,4,6,12,シドニーホバート,牡,2,55.0,坂井,82.6,2.1/2,4,11.4,35.0,4-5,栗東 杉山佳,496,0,
202407020305,2024-08-17,中京,5,2歳新馬,芝,1400,左,晴,良,"2回 中京 3日目 サラ系２歳 新馬       [指] 馬齢 18頭 本賞金:720,290,180,110,72万円",18,720.0,5,6,11,シンゼンカガ,牡,2,54.0,☆角田和,82.9,1.1/2,15,217.6,34.5,15-14,栗東 荒川,434,0,
202407020305,2024-08-17,中京,5,2歳新馬,芝,1400,左,晴,良,"2回 中京 3日目 サラ系２歳 新馬       [指] 馬齢 18頭 本賞金:720,290,180,110,72万円",18,720.0,6,3,6,エイプリルインパリ,牝,2,54.0,☆秋山稔,82.9,ハナ,7,29.2,34.4,14-14,栗東 高橋忠,446,0,
202407020305,2024-08-17,中京,5,2歳新馬,芝,1400,左,晴,良,"2回 中京 3日目 サラ系２歳 新馬       [指] 馬齢 18頭 本賞金:720,290,180,110,72万円",18,720.0,7,7,15,セイルロケット,牡,2,55.0,Ｍデム,82.9,クビ,2,3.1,35.2,6-6,栗東 橋口,426,0,
202407020305,2024-08-17,中京,5,2歳新馬,芝,1400,左,晴,良,"2回 中京 3日目 サラ系２歳 新馬       [指] 馬齢 18頭 本賞金:720,290,180,110,72万円",18,720.0,8,5,10,アスターニルギリ,牡,2,52.0,▲柴田裕,83.2,1.3/4,14,157.7,35.7,3-4,栗東 中竹,406,0,
202407020305,2024-08-17,中京,5,2歳新馬,芝,1400,左,晴,良,"2回 中京 3日目 サラ系２歳 新馬       [指] 馬齢 18頭 本賞金:720,290,180,110,72万円",18,720.0,9,4,8,マーゴットレジーナ,牝,2,53.0,◇永島,83.5,1.3/4,10,46.2,34.6,18-18,栗東 小林,440,0,
202407020305,2024-08-17,中京,5,2歳新馬,芝,1400,左,晴,良,"2回 中京 3日目 サラ系２歳 新馬       [指] 馬齢 18頭 本賞金:720,290,180,110,72万円",18,720.0,10,5,9,スーパーチャンド,牝,2,52.0,▲吉村,83.5,アタマ,13,98.3,35.7,8-7,栗東 西村,450,0,
202407020305,2024-08-17,中京,5,2歳新馬,芝,1400,左,晴,良,"2回 中京 3日目 サラ系２歳 新馬       [指] 馬齢 18頭 本賞金:720,290,180,110,72万円",18,720.0,11,8,17,シャンパンゴールド,牝,2,51.0,★河原田,83.5,アタマ,5,15.3,35.3,8-11,栗東 今野,456,0,
202407020305,2024-08-17,中京,5,2歳新馬,芝,1400,左,晴,良,"2回 中京 3日目 サラ系２歳 新馬       [指] 馬齢 18頭 本賞金:720,290,180,110,72万円",18,720.0,12,4,7,メイショウマサツラ,牡,2,54.0,☆西塚,83.6,3/4,8,40.0,35.8,6-7,栗東 本田,512,0,
202407020305,2024-08-17,中京,5,2歳新馬,芝,1400,左,晴,良,"2回 中京 3日目 サラ系２歳 新馬       [指] 馬齢 18頭 本賞金:720,290,180,110,72万円",18,720.0,13,1,2,インマイブラッド,牝,2,55.0,団野,83.7,クビ,9,42.4,34.9,17-17,栗東 中尾,428,0,
202407020305,2024-08-17,中京,5,2歳新馬,芝,1400,左,晴,良,"2回 中京 3日目 サラ系２歳 新馬       [指] 馬齢 18頭 本賞金:720,290,180,110,72万円",18,720.0,14,7,13,ジーティーグロウ,牝,2,55.0,国分恭,84.0,2,12,86.7,35.8,12-11,美浦 岩戸,420,0,
202407020305,2024-08-17,中京,5,2歳新馬,芝,1400,左,晴,良,"2回 中京 3日目 サラ系２歳 新馬       [指] 馬齢 18頭 本賞金:720,290,180,110,72万円",18,720.0,15,8,16,タナノイナリー,牡,2,55.0,国分優,84.0,ハナ,16,221.6,36.1,10-7,栗東 大根田,450,0,
202407020305,2024-08-17,中京,5,2歳新馬,芝,1400,左,晴,良,"2回 中京 3日目 サラ系２歳 新馬       [指] 馬齢 18頭 本賞金:720,290,180,110,72万円",18,720.0,16,2,3,クリノホムラ,牡,2,54.0,☆泉谷,84.3,1.3/4,17,267.7,36.2,10-10,栗東 石橋,466,0,
202407020305,2024-08-17,中京,5,2歳新馬,芝,1400,左,晴,良,"2回 中京 3日目 サラ系２歳 新馬       [指] 馬齢 18頭 本賞金:720,290,180,110,72万円",18,720.0,17,1,1,トーアローダンテ,牝,2,55.0,幸,85.1,5,11,54.0,36.6,15-14,栗東 羽月,434,0,
202407020305,2024-08-17,中京,5,2歳新馬,芝,1400,左,晴,良,"2回 中京 3日目 サラ系２歳 新馬       [指] 馬齢 18頭 本賞金:720,290,180,110,72万円",18,720.0,18,7,14,クリノアルフォンス,牡,2,52.0,▲鷲頭,85.4,1.3/4,18,364.5,37.2,12-11,栗東 大根田,458,0,
202407020306,2024-08-17,中京,6,2歳新馬,ダ,1800,左,晴,良,"2回 中京 3日目 サラ系２歳 新馬       (混)[指] 馬齢 16頭 本賞金:720,290,180,110,72万円",16,720.0,1,3,6,クァンタムウェーブ,牡,2,55.0,坂井,114.6,,1,1.5,37.4,6-6-2-2,栗東 松永幹,504,0,
202407020306,2024-08-17,中京,6,2歳新馬,ダ,1800,左,晴,良,"2回 中京 3日目 サラ系２歳 新馬       (混)[指] 馬齢 16頭 本賞金:720,290,180,110,72万円",16,720.0,2,7,13,メイショウハチロー,牡,2,55.0,団野,115.2,3.1/2,2,4.9,37.8,7-7-4-3,栗東 福永,502,0,
202407020306,2024-08-17,中京,6,2歳新馬,ダ,1800,左,晴,良,"2回 中京 3日目 サラ系２歳 新馬       (混)[指] 馬齢 16頭 本賞金:720,290,180,110,72万円",16,720.0,3,6,11,ブライトイメル,牡,2,55.0,幸,116.3,7,7,32.3,38.6,9-8-8-4,栗東 本田,426,0,
202407020306,2024-08-17,中京,6,2歳新馬,ダ,1800,左,晴,良,"2回 中京 3日目 サラ系２歳 新馬       (混)[指] 馬齢 16頭 本賞金:720,290,180,110,72万円",16,720.0,4,7,14,ヴォルクメア,牝,2,55.0,西村淳,116.4,クビ,3,6.3,39.3,2-2-1-1,栗東 新谷,496,0,
202407020306,2024-08-17,中京,6,2歳新馬,ダ,1800,左,晴,良,"2回 中京 3日目 サラ系２歳 新馬       (混)[指] 馬齢 16頭 本賞金:720,290,180,110,72万円",16,720.0,5,2,3,カガセブンスター,牡,2,55.0,国分恭,116.9,3,15,197.4,39.1,7-8-8-8,栗東 安達,450,0,
202407020306,2024-08-17,中京,6,2歳新馬,ダ,1800,左,晴,良,"2回 中京 3日目 サラ系２歳 新馬       (混)[指] 馬齢 16頭 本賞金:720,290,180,110,72万円",16,720.0,6,6,12,ピンクオハラ,牝,2,52.0,▲吉村,118.2,8,4,17.3,39.5,16-16-16-12,栗東 小林,446,0,
202407020306,2024-08-17,中京,6,2歳新馬,ダ,1800,左,晴,良,"2回 中京 3日目 サラ系２歳 新馬       (混)[指] 馬齢 16頭 本賞金:720,290,180,110,72万円",16,720.0,7,3,5,クリノエニシ,牡,2,55.0,高倉,118.5,2,10,75.2,40.9,4-3-7-5,栗東 武英,482,0,
202407020306,2024-08-17,中京,6,2歳新馬,ダ,1800,左,晴,良,"2回 中京 3日目 サラ系２歳 新馬       (混)[指] 馬齢 16頭 本賞金:720,290,180,110,72万円",16,720.0,8,8,15,メイショウヤシマ,牡,2,55.0,和田竜,118.9,2,5,29.1,40.9,12-10-12-9,栗東 高橋亮,466,0,
202407020306,2024-08-17,中京,6,2歳新馬,ダ,1800,左,晴,良,"2回 中京 3日目 サラ系２歳 新馬       (混)[指] 馬齢 16頭 本賞金:720,290,180,110,72万円",16,720.0,9,4,8,シャドーストライク,牡,2,54.0,☆松本,119.1,1.1/4,16,214.6,40.7,15-15-13-12,栗東 茶木,474,0,
202407020306,2024-08-17,中京,6,2歳新馬,ダ,1800,左,晴,良,"2回 中京 3日目 サラ系２歳 新馬       (混)[指] 馬齢 16頭 本賞金:720,290,180,110,72万円",16,720.0,10,2,4,ポルトセグロ,牡,2,54.0,☆泉谷,120.4,8,12,137.1,41.9,10-10-13-14,栗東 吉田,474,0,
202407020306,2024-08-17,中京,6,2歳新馬,ダ,1800,左,晴,良,"2回 中京 3日目 サラ系２歳 新馬       (混)[指] 馬齢 16頭 本賞金:720,290,180,110,72万円",16,720.0,11,5,10,トゥルプ,牝,2,55.0,Ｍデム,120.7,1.3/4,6,32.2,43.2,13-13-4-5,栗東 高橋亮,466,0,
202407020306,2024-08-17,中京,6,2歳新馬,ダ,1800,左,晴,良,"2回 中京 3日目 サラ系２歳 新馬       (混)[指] 馬齢 16頭 本賞金:720,290,180,110,72万円",16,720.0,12,8,16,ヨドギミ,牝,2,53.0,◇永島,121.4,4,11,81.6,43.9,4-3-4-9,栗東 中村,482,0,
202407020306,2024-08-17,中京,6,2歳新馬,ダ,1800,左,晴,良,"2回 中京 3日目 サラ系２歳 新馬       (混)[指] 馬齢 16頭 本賞金:720,290,180,110,72万円",16,720.0,13,4,7,エイユーファイヤー,牡,2,54.0,☆西塚,121.5,1/2,14,163.7,42.9,10-10-15-15,栗東 森田,486,0,
202407020306,2024-08-17,中京,6,2歳新馬,ダ,1800,左,晴,良,"2回 中京 3日目 サラ系２歳 新馬       (混)[指] 馬齢 16頭 本賞金:720,290,180,110,72万円",16,720.0,14,1,1,ルルーディ,牝,2,54.0,☆小沢,121.8,1.1/2,13,138.9,44.6,1-1-2-5,栗東 庄野,438,0,
202407020306,2024-08-17,中京,6,2歳新馬,ダ,1800,左,晴,良,"2回 中京 3日目 サラ系２歳 新馬       (混)[指] 馬齢 16頭 本賞金:720,290,180,110,72万円",16,720.0,15,5,9,ビーマックス,牡,2,55.0,中井,122.9,7,8,37.2,45.0,13-13-10-11,栗東 藤野,504,0,
202407020306,2024-08-17,中京,6,2歳新馬,ダ,1800,左,晴,良,"2回 中京 3日目 サラ系２歳 新馬       (混)[指] 馬齢 16頭 本賞金:720,290,180,110,72万円",16,720.0,16,1,2,シンゼンヤマト,牡,2,54.0,☆角田和,124.9,大,9,41.9,47.0,3-3-10-15,栗東 飯田,482,0,
202407020307,2024-08-17,中京,7,3歳未勝利,芝,1600,左,晴,良,"2回 中京 3日目 サラ系３歳 未勝利       (混)[指] 馬齢 16頭 本賞金:550,220,140,83,55万円",16,550.0,1,4,8,オタルグリーン,牝,3,54.0,☆松本,93.1,,7,11.9,34.1,6-5-5,栗東 中竹,440,0,
202407020307,2024-08-17,中京,7,3歳未勝利,芝,1600,左,晴,良,"2回 中京 3日目 サラ系３歳 未勝利       (混)[指] 馬齢 16頭 本賞金:550,220,140,83,55万円",16,550.0,2,2,4,ベルファスト,牝,3,51.0,★河原田,93.1,クビ,4,6.6,34.6,1-1-1,栗東 今野,484,-2,
202407020307,2024-08-17,中京,7,3歳未勝利,芝,1600,左,晴,良,"2回 中京 3日目 サラ系３歳 未勝利       (混)[指] 馬齢 16頭 本賞金:550,220,140,83,55万円",16,550.0,3,6,12,レッドレクス,牡,3,56.0,☆西塚,93.3,1,1,3.4,34.1,7-7-8,栗東 藤原,470,-6,
202407020307,2024-08-17,中京,7,3歳未勝利,芝,1600,左,晴,良,"2回 中京 3日目 サラ系３歳 未勝利       (混)[指] 馬齢 16頭 本賞金:550,220,140,83,55万円",16,550.0,4,4,7,マルモア,牝,3,55.0,Ｍデム,93.4,クビ,2,5.4,34.2,11-10-8,栗東 松永幹,420,6,
202407020307,2024-08-17,中京,7,3歳未勝利,芝,1600,左,晴,良,"2回 中京 3日目 サラ系３歳 未勝利       (混)[指] 馬齢 16頭 本賞金:550,220,140,83,55万円",16,550.0,5,7,13,テイケイモハラ,牝,3,55.0,幸,93.5,3/4,9,32.1,34.3,7-7-8,栗東 大橋,446,8,
202407020307,2024-08-17,中京,7,3歳未勝利,芝,1600,左,晴,良,"2回 中京 3日目 サラ系３歳 未勝利       (混)[指] 馬齢 16頭 本賞金:550,220,140,83,55万円",16,550.0,6,3,6,ハッピーベル,牝,3,52.0,▲柴田裕,94.1,3.1/2,12,205.4,34.8,11-11-11,栗東 茶木,410,10,
202407020307,2024-08-17,中京,7,3歳未勝利,芝,1600,左,晴,良,"2回 中京 3日目 サラ系３歳 未勝利       (混)[指] 馬齢 16頭 本賞金:550,220,140,83,55万円",16,550.0,7,1,2,ウロボロス,牡,3,57.0,和田竜,94.2,1/2,10,65.2,35.3,3-5-5,栗東 杉山晴,458,-10,
202407020307,2024-08-17,中京,7,3歳未勝利,芝,1600,左,晴,良,"2回 中京 3日目 サラ系３歳 未勝利       (混)[指] 馬齢 16頭 本賞金:550,220,140,83,55万円",16,550.0,8,6,11,ルージュラメンテ,牝,3,55.0,西村淳,94.2,ハナ,3,5.5,35.5,3-3-3,栗東 斉藤崇,456,6,
202407020307,2024-08-17,中京,7,3歳未勝利,芝,1600,左,晴,良,"2回 中京 3日目 サラ系３歳 未勝利       (混)[指] 馬齢 16頭 本賞金:550,220,140,83,55万円",16,550.0,9,3,5,ホウオウアムルーズ,牝,3,55.0,岡田,94.3,1/2,8,12.1,35.3,7-7-5,栗東 安田,430,0,
202407020307,2024-08-17,中京,7,3歳未勝利,芝,1600,左,晴,良,"2回 中京 3日目 サラ系３歳 未勝利       (混)[指] 馬齢 16頭 本賞金:550,220,140,83,55万円",16,550.0,10,2,3,ギルトエッジ,牡,3,55.0,◇永島,94.4,3/4,6,11.3,34.6,14-14-14,栗東 森田,490,4,
202407020307,2024-08-17,中京,7,3歳未勝利,芝,1600,左,晴,良,"2回 中京 3日目 サラ系３歳 未勝利       (混)[指] 馬齢 16頭 本賞金:550,220,140,83,55万円",16,550.0,11,7,14,プティトゥ,牝,3,52.0,▲鷲頭,94.6,1.1/4,14,223.4,35.1,15-13-12,栗東 石橋,388,0,
202407020307,2024-08-17,中京,7,3歳未勝利,芝,1600,左,晴,良,"2回 中京 3日目 サラ系３歳 未勝利       (混)[指] 馬齢 16頭 本賞金:550,220,140,83,55万円",16,550.0,12,1,1,ミヤビネルソン,牡,3,57.0,小崎,94.6,クビ,15,293.6,35.8,3-3-3,栗東 笹田,478,2,
202407020307,2024-08-17,中京,7,3歳未勝利,芝,1600,左,晴,良,"2回 中京 3日目 サラ系３歳 未勝利       (混)[指] 馬齢 16頭 本賞金:550,220,140,83,55万円",16,550.0,13,5,9,シャリティ,牝,3,55.0,坂井,96.0,8,5,8.1,37.4,2-2-2,栗東 四位,472,6,
202407020307,2024-08-17,中京,7,3歳未勝利,芝,1600,左,晴,良,"2回 中京 3日目 サラ系３歳 未勝利       (混)[指] 馬齢 16頭 本賞金:550,220,140,83,55万円",16,550.0,14,5,10,テーオーエジソン,牡,3,54.0,▲吉村,97.4,8,13,221.0,37.6,11-14-14,栗東 清水久,542,-2,
202407020307,2024-08-17,中京,7,3歳未勝利,芝,1600,左,晴,良,"2回 中京 3日目 サラ系３歳 未勝利       (混)[指] 馬齢 16頭 本賞金:550,220,140,83,55万円",16,550.0,15,8,15,マーブルカリクロ,セ,3,56.0,☆小沢,98.0,3.1/2,16,432.2,38.3,10-11-13,栗東 茶木,448,-10,
202407020307,2024-08-17,中京,7,3歳未勝利,芝,1600,左,晴,良,"2回 中京 3日目 サラ系３歳 未勝利       (混)[指] 馬齢 16頭 本賞金:550,220,140,83,55万円",16,550.0,16,8,16,トレジャーボックス,牡,3,56.0,☆秋山稔,105.8,大,11,198.4,43.9,16-16-16,栗東 杉山佳,464,0,
202407020308,2024-08-17,中京,8,3歳以上1勝クラス,ダ,1800,左,晴,良,"2回 中京 3日目 サラ系３歳以上 １勝クラス       (混)[指] 定量 11頭 本賞金:800,320,200,120,80万円",11,800.0,1,8,10,ショーヘーフェイス,牡,4,58.0,団野,113.3,,2,2.4,38.8,5-6-4-3,栗東 荒川,536,-6,
202407020308,2024-08-17,中京,8,3歳以上1勝クラス,ダ,1800,左,晴,良,"2回 中京 3日目 サラ系３歳以上 １勝クラス       (混)[指] 定量 11頭 本賞金:800,320,200,120,80万円",11,800.0,2,8,11,ブルーワール,牡,3,52.0,▲吉村,113.8,3,3,6.2,40.1,2-2-2-2,栗東 高柳大,496,1,
202407020308,2024-08-17,中京,8,3歳以上1勝クラス,ダ,1800,左,晴,良,"2回 中京 3日目 サラ系３歳以上 １勝クラス       (混)[指] 定量 11頭 本賞金:800,320,200,120,80万円",11,800.0,3,6,7,イージスバローズ,セ,4,58.0,西村淳,114.2,2.1/2,5,17.8,39.0,10-10-11-8,栗東 中内田,460,4,
202407020308,2024-08-17,中京,8,3歳以上1勝クラス,ダ,1800,左,晴,良,"2回 中京 3日目 サラ系３歳以上 １勝クラス       (混)[指] 定量 11頭 本賞金:800,320,200,120,80万円",11,800.0,4,3,3,ハイグッドワールド,牡,3,52.0,▲柴田裕,114.3,3/4,4,14.8,39.6,5-5-6-6,栗東 谷,488,-6,
202407020308,2024-08-17,中京,8,3歳以上1勝クラス,ダ,1800,左,晴,良,"2回 中京 3日目 サラ系３歳以上 １勝クラス       (混)[指] 定量 11頭 本賞金:800,320,200,120,80万円",11,800.0,5,6,6,ヒルノアントラ,セ,7,58.0,太宰,114.8,3,7,87.5,40.4,7-6-4-4,栗東 昆,474,8,
202407020308,2024-08-17,中京,8,3歳以上1勝クラス,ダ,1800,左,晴,良,"2回 中京 3日目 サラ系３歳以上 １勝クラス       (混)[指] 定量 11頭 本賞金:800,320,200,120,80万円",11,800.0,6,7,8,ポジティブガール,牝,5,55.0,☆西塚,115.5,4,9,113.5,41.2,4-3-3-4,栗東 緒方,460,8,
202407020308,2024-08-17,中京,8,3歳以上1勝クラス,ダ,1800,左,晴,良,"2回 中京 3日目 サラ系３歳以上 １勝クラス       (混)[指] 定量 11頭 本賞金:800,320,200,120,80万円",11,800.0,7,2,2,ピエナクレスコ,牡,3,55.0,幸,115.6,クビ,11,192.2,40.6,8-8-9-7,栗東 谷,456,-4,
202407020308,2024-08-17,中京,8,3歳以上1勝クラス,ダ,1800,左,晴,良,"2回 中京 3日目 サラ系３歳以上 １勝クラス       (混)[指] 定量 11頭 本賞金:800,320,200,120,80万円",11,800.0,8,7,9,サンライズウェーヴ,牡,3,54.0,☆小沢,116.1,3,6,20.6,41.2,9-9-8-9,栗東 石坂,496,14,
202407020308,2024-08-17,中京,8,3歳以上1勝クラス,ダ,1800,左,晴,良,"2回 中京 3日目 サラ系３歳以上 １勝クラス       (混)[指] 定量 11頭 本賞金:800,320,200,120,80万円",11,800.0,9,4,4,オールスティール,牡,4,56.0,◇永島,117.0,5,8,91.6,43.3,1-1-1-1,栗東 高橋康,466,0,
202407020308,2024-08-17,中京,8,3歳以上1勝クラス,ダ,1800,左,晴,良,"2回 中京 3日目 サラ系３歳以上 １勝クラス       (混)[指] 定量 11頭 本賞金:800,320,200,120,80万円",11,800.0,10,5,5,クリノイザナミ,牝,3,50.0,★河原田,118.9,大,10,126.3,43.9,11-11-9-11,栗東 大根田,488,2,
202407020308,2024-08-17,中京,8,3歳以上1勝クラス,ダ,1800,左,晴,良,"2回 中京 3日目 サラ系３歳以上 １勝クラス       (混)[指] 定量 11頭 本賞金:800,320,200,120,80万円",11,800.0,11,1,1,ターゲサンブルック,牡,5,58.0,坂井,122.3,大,1,2.1,47.6,3-3-6-10,栗東 奥村豊,478,-8,
202407020309,2024-08-17,中京,9,御在所特別,芝,2000,左,晴,良,"2回 中京 3日目 サラ系３歳以上 １勝クラス       (特指) 定量 9頭 本賞金:1110,440,280,170,111万円",9,1110.0,1,1,1,フレミングフープ,牝,3,53.0,川田,118.9,,1,2.0,33.5,8-8-8-8,栗東 友道,480,0,
202407020309,2024-08-17,中京,9,御在所特別,芝,2000,左,晴,良,"2回 中京 3日目 サラ系３歳以上 １勝クラス       (特指) 定量 9頭 本賞金:1110,440,280,170,111万円",9,1110.0,2,6,6,アクアヴァーナル,牝,3,53.0,坂井,119.2,1.1/2,2,3.0,34.4,2-2-2-2,栗東 四位,440,-6,
202407020309,2024-08-17,中京,9,御在所特別,芝,2000,左,晴,良,"2回 中京 3日目 サラ系３歳以上 １勝クラス       (特指) 定量 9頭 本賞金:1110,440,280,170,111万円",9,1110.0,3,8,8,サスケ,牡,4,58.0,団野,119.7,3,4,7.6,34.6,6-6-5-5,栗東 西村,472,2,
202407020309,2024-08-17,中京,9,御在所特別,芝,2000,左,晴,良,"2回 中京 3日目 サラ系３歳以上 １勝クラス       (特指) 定量 9頭 本賞金:1110,440,280,170,111万円",9,1110.0,4,5,5,フラッシュフリーズ,牝,3,53.0,和田竜,119.7,ハナ,5,24.6,34.7,3-3-3-3,栗東 吉村,394,4,
202407020309,2024-08-17,中京,9,御在所特別,芝,2000,左,晴,良,"2回 中京 3日目 サラ系３歳以上 １勝クラス       (特指) 定量 9頭 本賞金:1110,440,280,170,111万円",9,1110.0,5,8,9,ジョセフィーナ,牝,3,53.0,西村淳,119.9,1.1/4,6,39.3,35.2,1-1-1-1,栗東 今野,388,10,
202407020309,2024-08-17,中京,9,御在所特別,芝,2000,左,晴,良,"2回 中京 3日目 サラ系３歳以上 １勝クラス       (特指) 定量 9頭 本賞金:1110,440,280,170,111万円",9,1110.0,6,2,2,マルクパージュ,牝,4,56.0,幸,119.9,クビ,7,51.0,34.9,4-4-3-3,栗東 斉藤崇,422,-2,
202407020309,2024-08-17,中京,9,御在所特別,芝,2000,左,晴,良,"2回 中京 3日目 サラ系３歳以上 １勝クラス       (特指) 定量 9頭 本賞金:1110,440,280,170,111万円",9,1110.0,7,4,4,ワンダーフェロー,牡,3,55.0,高倉,120.1,1,3,4.7,35.0,4-4-5-5,栗東 杉山晴,476,-2,
202407020309,2024-08-17,中京,9,御在所特別,芝,2000,左,晴,良,"2回 中京 3日目 サラ系３歳以上 １勝クラス       (特指) 定量 9頭 本賞金:1110,440,280,170,111万円",9,1110.0,8,7,7,プロミシングギャル,牝,4,56.0,国分優,120.6,3,8,194.8,35.4,8-8-7-5,栗東 河嶋,462,10,
202407020309,2024-08-17,中京,9,御在所特別,芝,2000,左,晴,良,"2回 中京 3日目 サラ系３歳以上 １勝クラス       (特指) 定量 9頭 本賞金:1110,440,280,170,111万円",9,1110.0,9,3,3,スーパーバウンディ,牡,3,55.0,小崎,122.1,9,9,349.7,36.2,6-6-9-9,栗東 牧田,524,-6,
202407020310,2024-08-17,中京,10,四日市特別,ダ,1400,左,晴,良,"2回 中京 3日目 サラ系３歳以上 ２勝クラス       (混)[指] 定量 16頭 本賞金:1550,620,390,230,155万円",16,1550.0,1,5,10,エメラルドビーチ,牡,4,58.0,Ｍデム,84.1,,8,34.2,37.2,11-8,栗東 大久保,528,0,
202407020310,2024-08-17,中京,10,四日市特別,ダ,1400,左,晴,良,"2回 中京 3日目 サラ系３歳以上 ２勝クラス       (混)[指] 定量 16頭 本賞金:1550,620,390,230,155万円",16,1550.0,2,5,9,ヴィヴァン,牡,6,58.0,川田,84.3,1.1/4,1,2.5,37.7,7-8,栗東 池江,494,6,
202407020310,2024-08-17,中京,10,四日市特別,ダ,1400,左,晴,良,"2回 中京 3日目 サラ系３歳以上 ２勝クラス       (混)[指] 定量 16頭 本賞金:1550,620,390,230,155万円",16,1550.0,3,8,16,アンジュフィールド,牝,4,56.0,国分優,84.3,クビ,4,8.7,38.6,1-1,栗東 矢作,462,-20,
202407020310,2024-08-17,中京,10,四日市特別,ダ,1400,左,晴,良,"2回 中京 3日目 サラ系３歳以上 ２勝クラス       (混)[指] 定量 16頭 本賞金:1550,620,390,230,155万円",16,1550.0,4,7,13,ブリーズオンチーク,牝,3,53.0,西村淳,84.4,クビ,5,9.6,37.4,11-11,栗東 高野,464,2,
202407020310,2024-08-17,中京,10,四日市特別,ダ,1400,左,晴,良,"2回 中京 3日目 サラ系３歳以上 ２勝クラス       (混)[指] 定量 16頭 本賞金:1550,620,390,230,155万円",16,1550.0,5,3,5,ペプチドハドソン,牡,4,58.0,小沢,84.6,3/4,7,21.3,38.7,2-2,栗東 小椋,480,2,
202407020310,2024-08-17,中京,10,四日市特別,ダ,1400,左,晴,良,"2回 中京 3日目 サラ系３歳以上 ２勝クラス       (混)[指] 定量 16頭 本賞金:1550,620,390,230,155万円",16,1550.0,6,7,14,ベネロングポイント,牡,5,58.0,秋山稔,84.6,アタマ,10,45.3,38.2,5-5,美浦 和田郎,488,-4,
202407020310,2024-08-17,中京,10,四日市特別,ダ,1400,左,晴,良,"2回 中京 3日目 サラ系３歳以上 ２勝クラス       (混)[指] 定量 16頭 本賞金:1550,620,390,230,155万円",16,1550.0,7,4,8,ミエノナイスガイ,牡,5,58.0,団野,84.7,1/2,15,165.5,38.1,7-5,美浦 上原佑,478,0,
202407020310,2024-08-17,中京,10,四日市特別,ダ,1400,左,晴,良,"2回 中京 3日目 サラ系３歳以上 ２勝クラス       (混)[指] 定量 16頭 本賞金:1550,620,390,230,155万円",16,1550.0,8,2,3,ワーズワース,牡,6,58.0,吉村,84.8,1/2,11,59.4,37.4,15-14,栗東 清水久,502,-6,
202407020310,2024-08-17,中京,10,四日市特別,ダ,1400,左,晴,良,"2回 中京 3日目 サラ系３歳以上 ２勝クラス       (混)[指] 定量 16頭 本賞金:1550,620,390,230,155万円",16,1550.0,9,4,7,ヤマニンルリュール,牝,6,56.0,角田和,84.8,クビ,14,151.2,38.0,10-11,栗東 木原,470,-28,
202407020310,2024-08-17,中京,10,四日市特別,ダ,1400,左,晴,良,"2回 中京 3日目 サラ系３歳以上 ２勝クラス       (混)[指] 定量 16頭 本賞金:1550,620,390,230,155万円",16,1550.0,10,2,4,キャプテンネキ,牝,3,53.0,永島,84.9,1/2,3,7.8,38.7,4-3,栗東 杉山晴,528,-4,
202407020310,2024-08-17,中京,10,四日市特別,ダ,1400,左,晴,良,"2回 中京 3日目 サラ系３歳以上 ２勝クラス       (混)[指] 定量 16頭 本賞金:1550,620,390,230,155万円",16,1550.0,11,8,15,エヴィダンシア,牡,5,58.0,幸,85.1,1.1/4,13,90.1,37.9,14-13,栗東 緒方,496,2,
202407020310,2024-08-17,中京,10,四日市特別,ダ,1400,左,晴,良,"2回 中京 3日目 サラ系３歳以上 ２勝クラス       (混)[指] 定量 16頭 本賞金:1550,620,390,230,155万円",16,1550.0,12,6,12,ミルトハンター,牡,4,58.0,柴田裕,85.6,3,9,42.1,39.5,3-3,栗東 中竹,478,10,
202407020310,2024-08-17,中京,10,四日市特別,ダ,1400,左,晴,良,"2回 中京 3日目 サラ系３歳以上 ２勝クラス       (混)[指] 定量 16頭 本賞金:1550,620,390,230,155万円",16,1550.0,13,1,1,パンテレリア,牡,5,58.0,伊藤,85.6,ハナ,12,71.1,39.0,7-8,美浦 林,490,-6,
202407020310,2024-08-17,中京,10,四日市特別,ダ,1400,左,晴,良,"2回 中京 3日目 サラ系３歳以上 ２勝クラス       (混)[指] 定量 16頭 本賞金:1550,620,390,230,155万円",16,1550.0,14,6,11,モックモック,牡,4,58.0,西塚,86.6,6,2,3.6,39.6,11-14,栗東 寺島,488,10,
202407020310,2024-08-17,中京,10,四日市特別,ダ,1400,左,晴,良,"2回 中京 3日目 サラ系３歳以上 ２勝クラス       (混)[指] 定量 16頭 本賞金:1550,620,390,230,155万円",16,1550.0,15,3,6,スズカダブル,牡,4,58.0,和田竜,87.1,3,6,17.3,40.8,5-7,栗東 西村,488,-8,
202407020310,2024-08-17,中京,10,四日市特別,ダ,1400,左,晴,良,"2回 中京 3日目 サラ系３歳以上 ２勝クラス       (混)[指] 定量 16頭 本賞金:1550,620,390,230,155万円",16,1550.0,,1,2,アスクアイルビゼア,牡,3,55.0,坂井,,,,,,,栗東 矢作,466,-4,除外
202407020311,2024-08-17,中京,11,豊明S,芝,1400,左,晴,良,"2回 中京 3日目 サラ系３歳以上 ３勝クラス       (混)(特指) 定量 14頭 本賞金:1840,740,460,280,184万円",14,1840.0,1,7,11,クランフォード,牝,3,53.0,西村淳,79.0,,1,2.2,34.5,2-2,栗東 杉山晴,456,2,
202407020311,2024-08-17,中京,11,豊明S,芝,1400,左,晴,良,"2回 中京 3日目 サラ系３歳以上 ３勝クラス       (混)(特指) 定量 14頭 本賞金:1840,740,460,280,184万円",14,1840.0,2,3,4,エピプランセス,牝,5,56.0,幸,79.1,1/2,9,118.8,34.3,6-4,栗東 池添,446,-2,
202407020311,2024-08-17,中京,11,豊明S,芝,1400,左,晴,良,"2回 中京 3日目 サラ系３歳以上 ３勝クラス       (混)(特指) 定量 14頭 本賞金:1840,740,460,280,184万円",14,1840.0,3,4,6,ユハンヌス,牡,4,58.0,西塚,79.1,アタマ,7,37.9,33.7,11-11,栗東 大久保,476,2,
202407020311,2024-08-17,中京,11,豊明S,芝,1400,左,晴,良,"2回 中京 3日目 サラ系３歳以上 ３勝クラス       (混)(特指) 定量 14頭 本賞金:1840,740,460,280,184万円",14,1840.0,4,7,12,ティニア,牡,4,58.0,坂井,79.1,クビ,4,9.1,34.4,4-4,栗東 池江,502,-2,
202407020311,2024-08-17,中京,11,豊明S,芝,1400,左,晴,良,"2回 中京 3日目 サラ系３歳以上 ３勝クラス       (混)(特指) 定量 14頭 本賞金:1840,740,460,280,184万円",14,1840.0,5,5,8,ビヨンドザヴァレー,牝,4,56.0,川田,79.2,クビ,2,3.6,34.2,8-7,栗東 橋口,464,-4,
202407020311,2024-08-17,中京,11,豊明S,芝,1400,左,晴,良,"2回 中京 3日目 サラ系３歳以上 ３勝クラス       (混)(特指) 定量 14頭 本賞金:1840,740,460,280,184万円",14,1840.0,6,4,5,ジュノー,セ,6,58.0,川須,79.2,アタマ,8,43.3,33.9,9-11,栗東 音無,524,6,
202407020311,2024-08-17,中京,11,豊明S,芝,1400,左,晴,良,"2回 中京 3日目 サラ系３歳以上 ３勝クラス       (混)(特指) 定量 14頭 本賞金:1840,740,460,280,184万円",14,1840.0,7,1,1,トーホウディアス,牡,6,58.0,和田竜,79.3,1/2,6,16.2,34.4,6-7,栗東 小栗,458,0,
202407020311,2024-08-17,中京,11,豊明S,芝,1400,左,晴,良,"2回 中京 3日目 サラ系３歳以上 ３勝クラス       (混)(特指) 定量 14頭 本賞金:1840,740,460,280,184万円",14,1840.0,8,2,2,プリモカリーナ,牝,5,56.0,団野,79.5,1.1/4,5,12.9,34.8,4-4,栗東 福永,442,0,
202407020311,2024-08-17,中京,11,豊明S,芝,1400,左,晴,良,"2回 中京 3日目 サラ系３歳以上 ３勝クラス       (混)(特指) 定量 14頭 本賞金:1840,740,460,280,184万円",14,1840.0,9,6,9,ヒルノローザンヌ,牝,5,56.0,国分恭,79.6,3/4,10,128.9,34.4,11-9,栗東 西村,490,2,
202407020311,2024-08-17,中京,11,豊明S,芝,1400,左,晴,良,"2回 中京 3日目 サラ系３歳以上 ３勝クラス       (混)(特指) 定量 14頭 本賞金:1840,740,460,280,184万円",14,1840.0,10,8,13,サウンドブライアン,牡,6,58.0,小崎,79.9,1.3/4,12,191.6,35.6,1-1,栗東 村山,490,2,
202407020311,2024-08-17,中京,11,豊明S,芝,1400,左,晴,良,"2回 中京 3日目 サラ系３歳以上 ３勝クラス       (混)(特指) 定量 14頭 本賞金:1840,740,460,280,184万円",14,1840.0,11,6,10,ヤマニンデンファレ,牝,6,56.0,小沢,80.1,1,11,149.7,34.9,9-9,美浦 辻,490,2,
202407020311,2024-08-17,中京,11,豊明S,芝,1400,左,晴,良,"2回 中京 3日目 サラ系３歳以上 ３勝クラス       (混)(特指) 定量 14頭 本賞金:1840,740,460,280,184万円",14,1840.0,12,3,3,タツリュウオー,牝,6,56.0,永島,80.2,1/2,13,220.0,34.4,14-14,栗東 藤野,454,-16,
202407020311,2024-08-17,中京,11,豊明S,芝,1400,左,晴,良,"2回 中京 3日目 サラ系３歳以上 ３勝クラス       (混)(特指) 定量 14頭 本賞金:1840,740,460,280,184万円",14,1840.0,13,5,7,レッドシュヴェルト,牡,4,58.0,Ｍデム,80.3,3/4,3,5.2,34.9,11-11,美浦 尾関,470,2,
202407020311,2024-08-17,中京,11,豊明S,芝,1400,左,晴,良,"2回 中京 3日目 サラ系３歳以上 ３勝クラス       (混)(特指) 定量 14頭 本賞金:1840,740,460,280,184万円",14,1840.0,14,8,14,ビアイ,牝,7,56.0,国分優,80.7,2,14,253.4,36.1,2-2,栗東 畑端,530,12,
202407020312,2024-08-17,中京,12,3歳以上1勝クラス,芝,1200,左,晴,良,"2回 中京 3日目 サラ系３歳以上 １勝クラス       (混)[指] 定量 18頭 本賞金:800,320,200,120,80万円",18,800.0,1,8,16,セレッソデアモール,牝,4,56.0,川須,68.0,,7,21.5,34.0,10-10,栗東 庄野,468,-2,
202407020312,2024-08-17,中京,12,3歳以上1勝クラス,芝,1200,左,晴,良,"2回 中京 3日目 サラ系３歳以上 １勝クラス       (混)[指] 定量 18頭 本賞金:800,320,200,120,80万円",18,800.0,2,5,10,クリノハレルヤ,牝,3,54.0,坂井,68.1,1/2,5,7.9,35.0,1-1,栗東 武英,472,4,
202407020312,2024-08-17,中京,12,3歳以上1勝クラス,芝,1200,左,晴,良,"2回 中京 3日目 サラ系３歳以上 １勝クラス       (混)[指] 定量 18頭 本賞金:800,320,200,120,80万円",18,800.0,3,4,7,ピースフルナイト,牝,4,54.0,◇永島,68.1,ハナ,13,121.6,33.9,13-12,栗東 高野,396,-8,
202407020312,2024-08-17,中京,12,3歳以上1勝クラス,芝,1200,左,晴,良,"2回 中京 3日目 サラ系３歳以上 １勝クラス       (混)[指] 定量 18頭 本賞金:800,320,200,120,80万円",18,800.0,4,2,4,フェリーニ,牡,3,56.0,西村淳,68.2,クビ,2,3.9,34.3,9-9,栗東 橋口,498,-8,
202407020312,2024-08-17,中京,12,3歳以上1勝クラス,芝,1200,左,晴,良,"2回 中京 3日目 サラ系３歳以上 １勝クラス       (混)[指] 定量 18頭 本賞金:800,320,200,120,80万円",18,800.0,5,3,5,チカポコ,牝,4,53.0,▲橋木,68.3,1/2,18,304.6,34.0,13-12,栗東 西園正,422,-2,
202407020312,2024-08-17,中京,12,3歳以上1勝クラス,芝,1200,左,晴,良,"2回 中京 3日目 サラ系３歳以上 １勝クラス       (混)[指] 定量 18頭 本賞金:800,320,200,120,80万円",18,800.0,6,5,9,メイショウサチダケ,牡,3,52.0,★河原田,68.3,アタマ,3,5.9,34.9,4-3,栗東 鈴木孝,468,-10,
202407020312,2024-08-17,中京,12,3歳以上1勝クラス,芝,1200,左,晴,良,"2回 中京 3日目 サラ系３歳以上 １勝クラス       (混)[指] 定量 18頭 本賞金:800,320,200,120,80万円",18,800.0,7,7,15,レディメローラ,牝,4,56.0,和田竜,68.3,ハナ,6,15.2,34.7,4-6,栗東 北出,410,-2,
202407020312,2024-08-17,中京,12,3歳以上1勝クラス,芝,1200,左,晴,良,"2回 中京 3日目 サラ系３歳以上 １勝クラス       (混)[指] 定量 18頭 本賞金:800,320,200,120,80万円",18,800.0,8,3,6,バーニングパワー,牝,6,56.0,団野,68.4,1/2,11,31.6,34.3,11-11,栗東 鮫島,482,-2,
202407020312,2024-08-17,中京,12,3歳以上1勝クラス,芝,1200,左,晴,良,"2回 中京 3日目 サラ系３歳以上 １勝クラス       (混)[指] 定量 18頭 本賞金:800,320,200,120,80万円",18,800.0,9,6,12,サトノプリエール,牝,5,56.0,幸,68.4,ハナ,1,3.8,35.1,2-2,栗東 斉藤崇,480,0,
202407020312,2024-08-17,中京,12,3歳以上1勝クラス,芝,1200,左,晴,良,"2回 中京 3日目 サラ系３歳以上 １勝クラス       (混)[指] 定量 18頭 本賞金:800,320,200,120,80万円",18,800.0,10,2,3,ブライトアゲイン,牝,3,51.0,▲吉村,68.5,3/4,10,30.4,34.3,11-12,栗東 森秀,472,2,
202407020312,2024-08-17,中京,12,3歳以上1勝クラス,芝,1200,左,晴,良,"2回 中京 3日目 サラ系３歳以上 １勝クラス       (混)[指] 定量 18頭 本賞金:800,320,200,120,80万円",18,800.0,11,8,18,ラブカムーン,牝,3,51.0,▲鷲頭,68.5,アタマ,9,28.5,33.9,15-15,栗東 千田,456,-8,
202407020312,2024-08-17,中京,12,3歳以上1勝クラス,芝,1200,左,晴,良,"2回 中京 3日目 サラ系３歳以上 １勝クラス       (混)[指] 定量 18頭 本賞金:800,320,200,120,80万円",18,800.0,12,1,2,ケイティバトラー,牡,3,53.0,▲柴田裕,68.6,1/2,14,121.8,34.8,7-7,栗東 高橋康,504,18,
202407020312,2024-08-17,中京,12,3歳以上1勝クラス,芝,1200,左,晴,良,"2回 中京 3日目 サラ系３歳以上 １勝クラス       (混)[指] 定量 18頭 本賞金:800,320,200,120,80万円",18,800.0,13,7,14,クリノエンジェル,牝,4,56.0,森裕,68.6,クビ,12,120.4,34.8,7-7,栗東 畑端,470,-2,
202407020312,2024-08-17,中京,12,3歳以上1勝クラス,芝,1200,左,晴,良,"2回 中京 3日目 サラ系３歳以上 １勝クラス       (混)[指] 定量 18頭 本賞金:800,320,200,120,80万円",18,800.0,14,7,13,ラブディーヴァ,牝,3,53.0,☆小沢,68.8,1,4,6.6,35.4,2-3,栗東 杉山晴,446,2,
202407020312,2024-08-17,中京,12,3歳以上1勝クラス,芝,1200,左,晴,良,"2回 中京 3日目 サラ系３歳以上 １勝クラス       (混)[指] 定量 18頭 本賞金:800,320,200,120,80万円",18,800.0,15,8,17,プルミエプランタン,牡,3,56.0,国分恭,69.2,2.1/2,16,178.8,33.8,17-17,栗東 音無,482,-2,
202407020312,2024-08-17,中京,12,3歳以上1勝クラス,芝,1200,左,晴,良,"2回 中京 3日目 サラ系３歳以上 １勝クラス       (混)[指] 定量 18頭 本賞金:800,320,200,120,80万円",18,800.0,16,1,1,ナリタヴィクトリー,牝,3,53.0,☆西塚,69.4,1,15,129.3,34.7,15-15,栗東 藤沢,440,-2,
202407020312,2024-08-17,中京,12,3歳以上1勝クラス,芝,1200,左,晴,良,"2回 中京 3日目 サラ系３歳以上 １勝クラス       (混)[指] 定量 18頭 本賞金:800,320,200,120,80万円",18,800.0,17,6,11,マイキオラ,牝,3,53.0,☆角田和,70.0,3.1/2,8,28.2,36.5,4-5,栗東 角田,424,0,
202407020312,2024-08-17,中京,12,3歳以上1勝クラス,芝,1200,左,晴,良,"2回 中京 3日目 サラ系３歳以上 １勝クラス       (混)[指] 定量 18頭 本賞金:800,320,200,120,80万円",18,800.0,18,4,8,イツモハラペコ,牡,4,58.0,国分優,72.6,大,17,227.6,36.7,18-18,栗東 畑端,472,-2,
202401020401,2024-08-18,札幌,1,2歳未勝利,芝,1500,右,曇,良,"2回 札幌 4日目 サラ系２歳 未勝利       (混)[指] 馬齢 9頭 本賞金:550,220,140,83,55万円",9,550.0,1,7,7,オーケースマイル,牝,2,55.0,武豊,89.7,,1,1.8,36.3,1-1-1,美浦 相沢,424,12,
202401020401,2024-08-18,札幌,1,2歳未勝利,芝,1500,右,曇,良,"2回 札幌 4日目 サラ系２歳 未勝利       (混)[指] 馬齢 9頭 本賞金:550,220,140,83,55万円",9,550.0,2,2,2,ホウオウライダイ,牡,2,55.0,古川吉,90.0,1.1/2,4,6.5,36.0,9-8-6,栗東 宮,478,0,
202401020401,2024-08-18,札幌,1,2歳未勝利,芝,1500,右,曇,良,"2回 札幌 4日目 サラ系２歳 未勝利       (混)[指] 馬齢 9頭 本賞金:550,220,140,83,55万円",9,550.0,3,4,4,リュウゼツラン,牝,2,55.0,丹内,90.2,1.1/4,3,6.1,36.5,7-5-4,美浦 水野,450,4,
202401020401,2024-08-18,札幌,1,2歳未勝利,芝,1500,右,曇,良,"2回 札幌 4日目 サラ系２歳 未勝利       (混)[指] 馬齢 9頭 本賞金:550,220,140,83,55万円",9,550.0,4,1,1,シャインローザ,牝,2,53.0,△小林勝,90.4,1.1/4,6,19.7,36.4,7-8-8,栗東 中村,452,-6,
202401020401,2024-08-18,札幌,1,2歳未勝利,芝,1500,右,曇,良,"2回 札幌 4日目 サラ系２歳 未勝利       (混)[指] 馬齢 9頭 本賞金:550,220,140,83,55万円",9,550.0,5,5,5,ポルタフェリーチェ,牝,2,55.0,浜中,90.4,クビ,8,97.9,36.8,3-4-4,栗東 長谷川,454,0,
202401020401,2024-08-18,札幌,1,2歳未勝利,芝,1500,右,曇,良,"2回 札幌 4日目 サラ系２歳 未勝利       (混)[指] 馬齢 9頭 本賞金:550,220,140,83,55万円",9,550.0,6,3,3,セイウンピカイチ,牡,2,55.0,永野,90.4,アタマ,7,57.2,36.6,6-5-6,美浦 尾形,466,0,
202401020401,2024-08-18,札幌,1,2歳未勝利,芝,1500,右,曇,良,"2回 札幌 4日目 サラ系２歳 未勝利       (混)[指] 馬齢 9頭 本賞金:550,220,140,83,55万円",9,550.0,7,8,9,ナンナンプー,牝,2,55.0,佐々木,90.5,1/2,5,10.9,37.0,3-2-2,美浦 矢嶋,442,-4,
202401020401,2024-08-18,札幌,1,2歳未勝利,芝,1500,右,曇,良,"2回 札幌 4日目 サラ系２歳 未勝利       (混)[指] 馬齢 9頭 本賞金:550,220,140,83,55万円",9,550.0,8,6,6,シカレ,牝,2,51.0,★古川奈,91.2,4,2,4.8,37.7,2-2-2,栗東 矢作,412,2,
202401020401,2024-08-18,札幌,1,2歳未勝利,芝,1500,右,曇,良,"2回 札幌 4日目 サラ系２歳 未勝利       (混)[指] 馬齢 9頭 本賞金:550,220,140,83,55万円",9,550.0,9,8,8,オールマイタイム,牝,2,52.0,▲長浜,91.7,3,9,117.6,38.0,3-5-9,美浦 千葉,394,6,
202401020402,2024-08-18,札幌,2,3歳未勝利,ダ,1000,右,曇,良,"2回 札幌 4日目 サラ系３歳 未勝利       [指] 馬齢 12頭 本賞金:550,220,140,83,55万円",12,550.0,1,7,9,ハッピーダンス,牝,3,52.0,▲高杉,60.0,,1,2.4,35.9,7-6,栗東 茶木,456,-2,
202401020402,2024-08-18,札幌,2,3歳未勝利,ダ,1000,右,曇,良,"2回 札幌 4日目 サラ系３歳 未勝利       [指] 馬齢 12頭 本賞金:550,220,140,83,55万円",12,550.0,2,3,3,ヴァンセゾニエ,牡,3,57.0,菱田,60.2,3/4,3,8.7,36.5,4-3,美浦 武藤,478,0,
202401020402,2024-08-18,札幌,2,3歳未勝利,ダ,1000,右,曇,良,"2回 札幌 4日目 サラ系３歳 未勝利       [指] 馬齢 12頭 本賞金:550,220,140,83,55万円",12,550.0,3,6,8,ケイアイカペラ,牡,3,57.0,横山武,60.3,3/4,6,19.6,36.2,7-8,栗東 新谷,498,-4,
202401020402,2024-08-18,札幌,2,3歳未勝利,ダ,1000,右,曇,良,"2回 札幌 4日目 サラ系３歳 未勝利       [指] 馬齢 12頭 本賞金:550,220,140,83,55万円",12,550.0,4,2,2,ハイケンス,牡,3,57.0,田辺,60.3,アタマ,8,23.5,36.3,6-6,栗東 今野,460,4,
202401020402,2024-08-18,札幌,2,3歳未勝利,ダ,1000,右,曇,良,"2回 札幌 4日目 サラ系３歳 未勝利       [指] 馬齢 12頭 本賞金:550,220,140,83,55万円",12,550.0,5,4,4,ココモローズ,牝,3,55.0,佐々木,60.4,3/4,5,11.9,36.8,2-2,美浦 高木,420,-2,
202401020402,2024-08-18,札幌,2,3歳未勝利,ダ,1000,右,曇,良,"2回 札幌 4日目 サラ系３歳 未勝利       [指] 馬齢 12頭 本賞金:550,220,140,83,55万円",12,550.0,6,6,7,モズマサニャン,牡,3,57.0,岩田康,60.7,1.3/4,4,10.2,37.0,4-5,美浦 加藤征,456,4,
202401020402,2024-08-18,札幌,2,3歳未勝利,ダ,1000,右,曇,良,"2回 札幌 4日目 サラ系３歳 未勝利       [指] 馬齢 12頭 本賞金:550,220,140,83,55万円",12,550.0,7,5,6,リオネラ,牝,3,52.0,▲長浜,60.8,3/4,2,2.8,37.2,2-3,美浦 村田,440,-4,
202401020402,2024-08-18,札幌,2,3歳未勝利,ダ,1000,右,曇,良,"2回 札幌 4日目 サラ系３歳 未勝利       [指] 馬齢 12頭 本賞金:550,220,140,83,55万円",12,550.0,8,8,12,ジュネスヒマリ,牝,3,53.0,△小林勝,60.9,クビ,10,61.2,37.5,1-1,美浦 小野,458,12,
202401020402,2024-08-18,札幌,2,3歳未勝利,ダ,1000,右,曇,良,"2回 札幌 4日目 サラ系３歳 未勝利       [指] 馬齢 12頭 本賞金:550,220,140,83,55万円",12,550.0,9,8,11,ロカブルン,牝,3,52.0,▲川端,61.2,1.3/4,7,22.0,36.9,9-10,栗東 吉田,466,10,
202401020402,2024-08-18,札幌,2,3歳未勝利,ダ,1000,右,曇,良,"2回 札幌 4日目 サラ系３歳 未勝利       [指] 馬齢 12頭 本賞金:550,220,140,83,55万円",12,550.0,10,5,5,レターフロムパリ,牝,3,55.0,丹内,61.7,3,9,34.9,37.5,9-8,美浦 西田,440,2,
202401020402,2024-08-18,札幌,2,3歳未勝利,ダ,1000,右,曇,良,"2回 札幌 4日目 サラ系３歳 未勝利       [指] 馬齢 12頭 本賞金:550,220,140,83,55万円",12,550.0,11,1,1,アルテミーナ,牝,3,55.0,亀田,62.1,2,11,269.7,37.5,11-11,栗東 村山,504,18,
202401020402,2024-08-18,札幌,2,3歳未勝利,ダ,1000,右,曇,良,"2回 札幌 4日目 サラ系３歳 未勝利       [指] 馬齢 12頭 本賞金:550,220,140,83,55万円",12,550.0,,7,10,エイシンボンバー,牡,3,57.0,荻野琢,,,,,,,美浦 勢司,,,取消
202401020403,2024-08-18,札幌,3,3歳未勝利,ダ,1700,右,曇,良,"2回 札幌 4日目 サラ系３歳 未勝利       [指] 馬齢 14頭 本賞金:550,220,140,83,55万円",14,550.0,1,1,1,サンマルミッション,牡,3,57.0,古川吉,108.1,,5,6.8,39.1,14-14-4-1,美浦 和田勇,442,0,
202401020403,2024-08-18,札幌,3,3歳未勝利,ダ,1700,右,曇,良,"2回 札幌 4日目 サラ系３歳 未勝利       [指] 馬齢 14頭 本賞金:550,220,140,83,55万円",14,550.0,2,5,8,オーヴァーマスター,牡,3,54.0,▲高杉,108.3,1,8,17.5,38.8,7-8-9-7,栗東 石坂,452,-2,
202401020403,2024-08-18,札幌,3,3歳未勝利,ダ,1700,右,曇,良,"2回 札幌 4日目 サラ系３歳 未勝利       [指] 馬齢 14頭 本賞金:550,220,140,83,55万円",14,550.0,3,8,14,レッドレフィナード,牡,3,57.0,田辺,108.8,3,3,4.9,39.6,9-9-7-4,美浦 栗田,488,-4,
202401020403,2024-08-18,札幌,3,3歳未勝利,ダ,1700,右,曇,良,"2回 札幌 4日目 サラ系３歳 未勝利       [指] 馬齢 14頭 本賞金:550,220,140,83,55万円",14,550.0,4,7,11,マクミランテソーロ,牡,3,57.0,丹内,108.8,クビ,1,3.9,40.0,3-3-2-2,美浦 田中剛,476,-2,
202401020403,2024-08-18,札幌,3,3歳未勝利,ダ,1700,右,曇,良,"2回 札幌 4日目 サラ系３歳 未勝利       [指] 馬齢 14頭 本賞金:550,220,140,83,55万円",14,550.0,5,8,13,サトノフォルテ,牡,3,57.0,佐々木,109.3,3,7,12.4,40.3,4-4-4-4,美浦 国枝,480,-4,
202401020403,2024-08-18,札幌,3,3歳未勝利,ダ,1700,右,曇,良,"2回 札幌 4日目 サラ系３歳 未勝利       [指] 馬齢 14頭 本賞金:550,220,140,83,55万円",14,550.0,6,6,9,ドゥザキャッチ,牝,3,52.0,▲長浜,109.4,クビ,2,4.6,40.1,6-6-7-7,美浦 田中博,456,6,
202401020403,2024-08-18,札幌,3,3歳未勝利,ダ,1700,右,曇,良,"2回 札幌 4日目 サラ系３歳 未勝利       [指] 馬齢 14頭 本賞金:550,220,140,83,55万円",14,550.0,7,5,7,リアルペガサス,牡,3,54.0,▲川端,109.7,1.1/2,6,9.8,40.7,5-4-4-4,栗東 大橋,460,4,
202401020403,2024-08-18,札幌,3,3歳未勝利,ダ,1700,右,曇,良,"2回 札幌 4日目 サラ系３歳 未勝利       [指] 馬齢 14頭 本賞金:550,220,140,83,55万円",14,550.0,8,3,3,バスターウルフ,牡,3,57.0,武豊,110.4,4,4,6.6,40.8,7-7-9-10,美浦 田村,496,2,
202401020403,2024-08-18,札幌,3,3歳未勝利,ダ,1700,右,曇,良,"2回 札幌 4日目 サラ系３歳 未勝利       [指] 馬齢 14頭 本賞金:550,220,140,83,55万円",14,550.0,9,7,12,プラチナバンド,牡,3,57.0,永野,110.6,1.1/2,11,123.2,40.4,13-12-12-11,美浦 新開,514,8,
202401020403,2024-08-18,札幌,3,3歳未勝利,ダ,1700,右,曇,良,"2回 札幌 4日目 サラ系３歳 未勝利       [指] 馬齢 14頭 本賞金:550,220,140,83,55万円",14,550.0,10,4,6,ナムラミック,牡,3,57.0,岩橋勇,110.8,1,9,81.1,42.1,2-2-1-3,栗東 村山,488,4,
202401020403,2024-08-18,札幌,3,3歳未勝利,ダ,1700,右,曇,良,"2回 札幌 4日目 サラ系３歳 未勝利       [指] 馬齢 14頭 本賞金:550,220,140,83,55万円",14,550.0,11,2,2,デルマプルシャ,セ,3,55.0,△小林勝,111.0,1.1/4,13,268.2,41.2,9-9-11-9,栗東 宮本,478,6,
202401020403,2024-08-18,札幌,3,3歳未勝利,ダ,1700,右,曇,良,"2回 札幌 4日目 サラ系３歳 未勝利       [指] 馬齢 14頭 本賞金:550,220,140,83,55万円",14,550.0,12,3,4,ゴルトシュトラール,牡,3,57.0,岩田康,111.7,4,12,167.0,41.4,9-11-12-13,美浦 小島,434,-6,
202401020403,2024-08-18,札幌,3,3歳未勝利,ダ,1700,右,曇,良,"2回 札幌 4日目 サラ系３歳 未勝利       [指] 馬齢 14頭 本賞金:550,220,140,83,55万円",14,550.0,13,6,10,クリノタンザナイト,牡,3,57.0,亀田,111.9,1.1/4,14,428.9,41.7,9-12-12-12,栗東 荒川,462,4,
202401020403,2024-08-18,札幌,3,3歳未勝利,ダ,1700,右,曇,良,"2回 札幌 4日目 サラ系３歳 未勝利       [指] 馬齢 14頭 本賞金:550,220,140,83,55万円",14,550.0,14,4,5,ゲンブ,牡,3,57.0,菱田,116.0,大,10,100.2,47.1,1-1-3-13,美浦 高木,488,0,
202401020404,2024-08-18,札幌,4,3歳未勝利,芝,2600,右,曇,良,"2回 札幌 4日目 サラ系３歳 未勝利       (混)[指] 馬齢 14頭 本賞金:550,220,140,83,55万円",14,550.0,1,3,3,ショウナンガチ,牡,3,57.0,池添,160.7,,1,3.4,36.5,9-8-7-3,栗東 須貝,504,-4,
202401020404,2024-08-18,札幌,4,3歳未勝利,芝,2600,右,曇,良,"2回 札幌 4日目 サラ系３歳 未勝利       (混)[指] 馬齢 14頭 本賞金:550,220,140,83,55万円",14,550.0,2,3,4,アークドール,牡,3,57.0,横山典,161.5,5,2,4.3,37.1,6-7-10-5,栗東 松永幹,448,0,
202401020404,2024-08-18,札幌,4,3歳未勝利,芝,2600,右,曇,良,"2回 札幌 4日目 サラ系３歳 未勝利       (混)[指] 馬齢 14頭 本賞金:550,220,140,83,55万円",14,550.0,3,8,13,シングルハーテッド,牝,3,55.0,横山武,161.9,2.1/2,7,16.4,37.7,4-4-7-5,栗東 吉岡,432,-4,
202401020404,2024-08-18,札幌,4,3歳未勝利,芝,2600,右,曇,良,"2回 札幌 4日目 サラ系３歳 未勝利       (混)[指] 馬齢 14頭 本賞金:550,220,140,83,55万円",14,550.0,4,7,11,ベレンガリア,牝,3,53.0,△小林勝,162.4,3,11,36.9,39.0,13-10-2-1,栗東 平田,428,-2,
202401020404,2024-08-18,札幌,4,3歳未勝利,芝,2600,右,曇,良,"2回 札幌 4日目 サラ系３歳 未勝利       (混)[指] 馬齢 14頭 本賞金:550,220,140,83,55万円",14,550.0,5,7,12,カラーオブジアース,牡,3,57.0,佐々木,162.5,クビ,3,5.9,38.3,4-4-7-5,美浦 上原佑,470,-2,
202401020404,2024-08-18,札幌,4,3歳未勝利,芝,2600,右,曇,良,"2回 札幌 4日目 サラ系３歳 未勝利       (混)[指] 馬齢 14頭 本賞金:550,220,140,83,55万円",14,550.0,6,4,5,ヘヴンズクライ,牡,3,57.0,大野,162.6,3/4,4,6.7,37.7,12-13-11-10,美浦 大竹,414,0,
202401020404,2024-08-18,札幌,4,3歳未勝利,芝,2600,右,曇,良,"2回 札幌 4日目 サラ系３歳 未勝利       (混)[指] 馬齢 14頭 本賞金:550,220,140,83,55万円",14,550.0,7,5,7,ポーラーシュテルン,牝,3,55.0,丹内,163.0,2.1/2,12,41.0,39.0,6-4-3-4,美浦 青木,480,-10,
202401020404,2024-08-18,札幌,4,3歳未勝利,芝,2600,右,曇,良,"2回 札幌 4日目 サラ系３歳 未勝利       (混)[指] 馬齢 14頭 本賞金:550,220,140,83,55万円",14,550.0,8,2,2,アークレアル,牝,3,55.0,古川吉,164.0,6,8,19.6,40.6,1-1-1-2,栗東 杉山晴,488,0,
202401020404,2024-08-18,札幌,4,3歳未勝利,芝,2600,右,曇,良,"2回 札幌 4日目 サラ系３歳 未勝利       (混)[指] 馬齢 14頭 本賞金:550,220,140,83,55万円",14,550.0,9,4,6,シンボリノエル,牝,3,51.0,★古川奈,164.2,1.1/4,14,216.7,38.7,13-14-13-12,美浦 菊川,494,-4,
202401020404,2024-08-18,札幌,4,3歳未勝利,芝,2600,右,曇,良,"2回 札幌 4日目 サラ系３歳 未勝利       (混)[指] 馬齢 14頭 本賞金:550,220,140,83,55万円",14,550.0,10,6,9,モンサンケコア,牡,3,57.0,富田,164.8,4,6,16.4,40.9,2-2-3-5,栗東 中竹,500,4,
202401020404,2024-08-18,札幌,4,3歳未勝利,芝,2600,右,曇,良,"2回 札幌 4日目 サラ系３歳 未勝利       (混)[指] 馬齢 14頭 本賞金:550,220,140,83,55万円",14,550.0,11,8,14,コレギウム,牡,3,57.0,永野,165.8,6,13,58.4,40.2,6-10-13-13,栗東 池江,492,4,
202401020404,2024-08-18,札幌,4,3歳未勝利,芝,2600,右,曇,良,"2回 札幌 4日目 サラ系３歳 未勝利       (混)[指] 馬齢 14頭 本賞金:550,220,140,83,55万円",14,550.0,12,6,10,クセノポン,牡,3,57.0,藤岡佑,166.3,2.1/2,10,23.2,42.3,3-3-3-11,栗東 中内田,478,8,
202401020404,2024-08-18,札幌,4,3歳未勝利,芝,2600,右,曇,良,"2回 札幌 4日目 サラ系３歳 未勝利       (混)[指] 馬齢 14頭 本賞金:550,220,140,83,55万円",14,550.0,13,5,8,トーマスフレア,牡,3,57.0,浜中,166.4,3/4,5,12.3,42.4,11-10-3-9,栗東 四位,506,0,
202401020404,2024-08-18,札幌,4,3歳未勝利,芝,2600,右,曇,良,"2回 札幌 4日目 サラ系３歳 未勝利       (混)[指] 馬齢 14頭 本賞金:550,220,140,83,55万円",14,550.0,14,1,1,アルレジャン,牡,3,57.0,田辺,167.2,5,9,21.6,41.8,10-8-12-13,栗東 藤原,500,-6,
202401020405,2024-08-18,札幌,5,2歳新馬,芝,2000,右,曇,良,"2回 札幌 4日目 サラ系２歳 新馬       (混)[指] 馬齢 9頭 本賞金:720,290,180,110,72万円",9,720.0,1,8,8,ショウナンバルドル,牡,2,55.0,池添,124.6,,1,2.3,36.3,5-5-2-2,栗東 須貝,502,0,
202401020405,2024-08-18,札幌,5,2歳新馬,芝,2000,右,曇,良,"2回 札幌 4日目 サラ系２歳 新馬       (混)[指] 馬齢 9頭 本賞金:720,290,180,110,72万円",9,720.0,2,2,2,カミノレアル,牡,2,55.0,菱田,124.7,1,6,10.5,36.1,7-7-4-3,栗東 今野,520,0,
202401020405,2024-08-18,札幌,5,2歳新馬,芝,2000,右,曇,良,"2回 札幌 4日目 サラ系２歳 新馬       (混)[指] 馬齢 9頭 本賞金:720,290,180,110,72万円",9,720.0,3,7,7,グランカッサ,牝,2,55.0,岩田康,125.2,3,3,5.4,36.7,1-1-3-3,美浦 加藤士,498,0,
202401020405,2024-08-18,札幌,5,2歳新馬,芝,2000,右,曇,良,"2回 札幌 4日目 サラ系２歳 新馬       (混)[指] 馬齢 9頭 本賞金:720,290,180,110,72万円",9,720.0,4,8,9,ナンヨーエンペラー,牡,2,55.0,武豊,125.4,1,2,4.0,37.3,3-3-1-1,栗東 松永幹,476,0,
202401020405,2024-08-18,札幌,5,2歳新馬,芝,2000,右,曇,良,"2回 札幌 4日目 サラ系２歳 新馬       (混)[指] 馬齢 9頭 本賞金:720,290,180,110,72万円",9,720.0,5,3,3,アカイツメ,牝,2,55.0,亀田,126.2,5,8,78.4,37.4,6-5-7-5,栗東 北出,436,0,
202401020405,2024-08-18,札幌,5,2歳新馬,芝,2000,右,曇,良,"2回 札幌 4日目 サラ系２歳 新馬       (混)[指] 馬齢 9頭 本賞金:720,290,180,110,72万円",9,720.0,6,4,4,ハプスブルグ,牝,2,55.0,丹内,126.2,クビ,5,9.8,37.6,3-3-4-6,栗東 河嶋,480,0,
202401020405,2024-08-18,札幌,5,2歳新馬,芝,2000,右,曇,良,"2回 札幌 4日目 サラ系２歳 新馬       (混)[指] 馬齢 9頭 本賞金:720,290,180,110,72万円",9,720.0,7,6,6,シャルクハフト,牡,2,55.0,横山武,126.9,4,4,6.6,38.3,2-2-4-7,栗東 清水久,478,0,
202401020405,2024-08-18,札幌,5,2歳新馬,芝,2000,右,曇,良,"2回 札幌 4日目 サラ系２歳 新馬       (混)[指] 馬齢 9頭 本賞金:720,290,180,110,72万円",9,720.0,8,1,1,スマートクオーレ,牡,2,55.0,小林凌,128.3,9,9,78.8,38.6,9-8-8-8,美浦 粕谷,490,0,
202401020405,2024-08-18,札幌,5,2歳新馬,芝,2000,右,曇,良,"2回 札幌 4日目 サラ系２歳 新馬       (混)[指] 馬齢 9頭 本賞金:720,290,180,110,72万円",9,720.0,9,5,5,シャイニーシップ,牡,2,55.0,佐々木,129.7,8,7,53.1,38.9,7-9-9-9,美浦 畠山,488,0,
202401020406,2024-08-18,札幌,6,3歳以上1勝クラス,ダ,2400,右,晴,良,"2回 札幌 4日目 サラ系３歳以上 １勝クラス       (混)(特指) 定量 12頭 本賞金:800,320,200,120,80万円",12,800.0,1,8,12,ハイランドリンクス,牝,4,56.0,藤岡佑,156.3,,3,6.5,40.0,1-1-1-1,栗東 奥村豊,478,-4,
202401020406,2024-08-18,札幌,6,3歳以上1勝クラス,ダ,2400,右,晴,良,"2回 札幌 4日目 サラ系３歳以上 １勝クラス       (混)(特指) 定量 12頭 本賞金:800,320,200,120,80万円",12,800.0,2,8,11,ユアフラッシュ,牝,4,53.0,▲川端,157.0,4,7,19.0,40.5,3-3-2-2,栗東 辻野,468,14,
202401020406,2024-08-18,札幌,6,3歳以上1勝クラス,ダ,2400,右,晴,良,"2回 札幌 4日目 サラ系３歳以上 １勝クラス       (混)(特指) 定量 12頭 本賞金:800,320,200,120,80万円",12,800.0,3,5,5,エミサソウツバサ,牡,5,58.0,永野,157.2,1.1/4,12,82.6,39.8,6-6-7-8,栗東 杉山佳,526,14,
202401020406,2024-08-18,札幌,6,3歳以上1勝クラス,ダ,2400,右,晴,良,"2回 札幌 4日目 サラ系３歳以上 １勝クラス       (混)(特指) 定量 12頭 本賞金:800,320,200,120,80万円",12,800.0,4,7,10,フロンタルジェダイ,牡,5,58.0,富田,157.3,1/2,8,20.0,40.5,6-6-4-3,栗東 高橋忠,522,-24,
202401020406,2024-08-18,札幌,6,3歳以上1勝クラス,ダ,2400,右,晴,良,"2回 札幌 4日目 サラ系３歳以上 １勝クラス       (混)(特指) 定量 12頭 本賞金:800,320,200,120,80万円",12,800.0,5,3,3,サトノレイズ,牡,3,53.0,△小林勝,157.4,1/2,2,3.2,40.7,8-8-3-3,美浦 田中博,458,-4,
202401020406,2024-08-18,札幌,6,3歳以上1勝クラス,ダ,2400,右,晴,良,"2回 札幌 4日目 サラ系３歳以上 １勝クラス       (混)(特指) 定量 12頭 本賞金:800,320,200,120,80万円",12,800.0,6,6,7,ブレイヴアロウ,牡,4,58.0,丹内,157.4,アタマ,5,15.7,40.2,5-5-6-5,美浦 辻,492,-2,
202401020406,2024-08-18,札幌,6,3歳以上1勝クラス,ダ,2400,右,晴,良,"2回 札幌 4日目 サラ系３歳以上 １勝クラス       (混)(特指) 定量 12頭 本賞金:800,320,200,120,80万円",12,800.0,7,7,9,アンノウンウォリア,牡,5,55.0,▲長浜,157.7,1.1/2,9,23.9,40.1,11-11-11-9,栗東 平田,474,10,
202401020406,2024-08-18,札幌,6,3歳以上1勝クラス,ダ,2400,右,晴,良,"2回 札幌 4日目 サラ系３歳以上 １勝クラス       (混)(特指) 定量 12頭 本賞金:800,320,200,120,80万円",12,800.0,8,2,2,タケルゴールド,牡,3,55.0,岩田康,157.8,1/2,1,2.8,40.5,12-12-7-6,美浦 加藤征,456,6,
202401020406,2024-08-18,札幌,6,3歳以上1勝クラス,ダ,2400,右,晴,良,"2回 札幌 4日目 サラ系３歳以上 １勝クラス       (混)(特指) 定量 12頭 本賞金:800,320,200,120,80万円",12,800.0,9,1,1,クロスザルビコン,牡,7,55.0,▲高杉,157.8,クビ,4,9.1,40.4,9-10-7-6,美浦 大和田,462,-2,
202401020406,2024-08-18,札幌,6,3歳以上1勝クラス,ダ,2400,右,晴,良,"2回 札幌 4日目 サラ系３歳以上 １勝クラス       (混)(特指) 定量 12頭 本賞金:800,320,200,120,80万円",12,800.0,10,6,8,アルデドゥオーモ,牡,3,55.0,佐々木,159.2,9,6,17.9,41.7,9-8-11-10,美浦 矢野,478,0,
202401020406,2024-08-18,札幌,6,3歳以上1勝クラス,ダ,2400,右,晴,良,"2回 札幌 4日目 サラ系３歳以上 １勝クラス       (混)(特指) 定量 12頭 本賞金:800,320,200,120,80万円",12,800.0,11,4,4,タマモマスラオ,牡,4,58.0,石川倭,160.8,10,11,42.3,43.4,3-4-7-11,栗東 緒方,482,-6,
202401020406,2024-08-18,札幌,6,3歳以上1勝クラス,ダ,2400,右,晴,良,"2回 札幌 4日目 サラ系３歳以上 １勝クラス       (混)(特指) 定量 12頭 本賞金:800,320,200,120,80万円",12,800.0,12,5,6,シェアホルダーズ,牡,3,51.0,★古川奈,162.0,7,10,36.0,45.0,2-2-5-11,栗東 松永幹,490,-6,
202401020407,2024-08-18,札幌,7,3歳以上1勝クラス,芝,2000,右,晴,良,"2回 札幌 4日目 サラ系３歳以上 １勝クラス       牝[指] 定量 13頭 本賞金:800,320,200,120,80万円",13,800.0,1,2,2,ウインルピナス,牝,4,56.0,横山武,121.2,,3,5.7,35.3,1-1-1-1,美浦 鈴木伸,442,10,
202401020407,2024-08-18,札幌,7,3歳以上1勝クラス,芝,2000,右,晴,良,"2回 札幌 4日目 サラ系３歳以上 １勝クラス       牝[指] 定量 13頭 本賞金:800,320,200,120,80万円",13,800.0,2,8,13,キヨラ,牝,6,56.0,永野,121.5,2,8,41.6,34.7,10-11-11-11,美浦 堀内,476,-12,
202401020407,2024-08-18,札幌,7,3歳以上1勝クラス,芝,2000,右,晴,良,"2回 札幌 4日目 サラ系３歳以上 １勝クラス       牝[指] 定量 13頭 本賞金:800,320,200,120,80万円",13,800.0,3,7,10,トレミニョン,牝,3,53.0,佐々木,121.8,1.3/4,1,2.5,35.6,5-5-3-2,美浦 和田勇,462,4,
202401020407,2024-08-18,札幌,7,3歳以上1勝クラス,芝,2000,右,晴,良,"2回 札幌 4日目 サラ系３歳以上 １勝クラス       牝[指] 定量 13頭 本賞金:800,320,200,120,80万円",13,800.0,4,7,11,トゥルブレンツ,牝,4,56.0,石川倭,122.0,1.1/4,9,66.1,35.5,10-9-8-6,栗東 小栗,440,14,
202401020407,2024-08-18,札幌,7,3歳以上1勝クラス,芝,2000,右,晴,良,"2回 札幌 4日目 サラ系３歳以上 １勝クラス       牝[指] 定量 13頭 本賞金:800,320,200,120,80万円",13,800.0,5,1,1,コスモエスメラルダ,牝,3,53.0,丹内,122.0,ハナ,7,41.0,35.8,3-3-3-2,美浦 畠山,504,-12,
202401020407,2024-08-18,札幌,7,3歳以上1勝クラス,芝,2000,右,晴,良,"2回 札幌 4日目 サラ系３歳以上 １勝クラス       牝[指] 定量 13頭 本賞金:800,320,200,120,80万円",13,800.0,6,5,7,ルージュピルエット,牝,3,53.0,菱田,122.1,クビ,5,15.1,35.7,8-8-6-6,栗東 大久保,480,2,
202401020407,2024-08-18,札幌,7,3歳以上1勝クラス,芝,2000,右,晴,良,"2回 札幌 4日目 サラ系３歳以上 １勝クラス       牝[指] 定量 13頭 本賞金:800,320,200,120,80万円",13,800.0,7,6,9,バロックダンス,牝,4,56.0,大野,122.1,クビ,11,100.6,35.8,5-5-6-6,美浦 小手川,466,2,
202401020407,2024-08-18,札幌,7,3歳以上1勝クラス,芝,2000,右,晴,良,"2回 札幌 4日目 サラ系３歳以上 １勝クラス       牝[指] 定量 13頭 本賞金:800,320,200,120,80万円",13,800.0,8,4,4,ピクシレーション,牝,4,54.0,△小林勝,122.2,1/2,6,18.6,35.6,9-9-9-9,美浦 菊沢,480,2,
202401020407,2024-08-18,札幌,7,3歳以上1勝クラス,芝,2000,右,晴,良,"2回 札幌 4日目 サラ系３歳以上 １勝クラス       牝[指] 定量 13頭 本賞金:800,320,200,120,80万円",13,800.0,9,3,3,エイトスターズ,牝,4,56.0,武豊,122.3,クビ,4,9.0,35.4,12-12-12-11,栗東 坂口,478,0,
202401020407,2024-08-18,札幌,7,3歳以上1勝クラス,芝,2000,右,晴,良,"2回 札幌 4日目 サラ系３歳以上 １勝クラス       牝[指] 定量 13頭 本賞金:800,320,200,120,80万円",13,800.0,10,5,6,ソニックドライブ,牝,3,53.0,川田,122.3,クビ,2,2.8,36.2,3-3-3-2,栗東 田中克,446,6,
202401020407,2024-08-18,札幌,7,3歳以上1勝クラス,芝,2000,右,晴,良,"2回 札幌 4日目 サラ系３歳以上 １勝クラス       牝[指] 定量 13頭 本賞金:800,320,200,120,80万円",13,800.0,11,8,12,ニホンピロアリー,牝,4,53.0,▲高杉,122.4,クビ,10,82.1,35.7,5-7-9-9,栗東 中尾,432,10,
202401020407,2024-08-18,札幌,7,3歳以上1勝クラス,芝,2000,右,晴,良,"2回 札幌 4日目 サラ系３歳以上 １勝クラス       牝[指] 定量 13頭 本賞金:800,320,200,120,80万円",13,800.0,12,4,5,ビヨンドザリミット,牝,5,52.0,★古川奈,122.9,3,12,102.3,36.9,2-2-2-2,美浦 稲垣,474,6,
202401020407,2024-08-18,札幌,7,3歳以上1勝クラス,芝,2000,右,晴,良,"2回 札幌 4日目 サラ系３歳以上 １勝クラス       牝[指] 定量 13頭 本賞金:800,320,200,120,80万円",13,800.0,13,6,8,キセキノエンジェル,牝,5,56.0,黛,122.9,クビ,13,326.2,35.9,12-12-12-13,美浦 石毛,466,4,
202401020408,2024-08-18,札幌,8,クローバー賞,芝,1500,右,晴,良,"2回 札幌 4日目 サラ系２歳 オープン       (国際)(特指) 別定 10頭 本賞金:1600,640,400,240,160万円",10,1600.0,1,7,7,ニタモノドウシ,牡,2,55.0,川田,88.6,,2,2.9,34.4,4-5-5,美浦 高木,460,-2,
202401020408,2024-08-18,札幌,8,クローバー賞,芝,1500,右,晴,良,"2回 札幌 4日目 サラ系２歳 オープン       (国際)(特指) 別定 10頭 本賞金:1600,640,400,240,160万円",10,1600.0,2,4,4,ミリオンローズ,牝,2,55.0,横山武,88.9,2,1,1.6,34.9,3-3-2,美浦 萩原,462,20,
202401020408,2024-08-18,札幌,8,クローバー賞,芝,1500,右,晴,良,"2回 札幌 4日目 サラ系２歳 オープン       (国際)(特指) 別定 10頭 本賞金:1600,640,400,240,160万円",10,1600.0,3,2,2,バセリーナ,牡,2,55.0,丹内,89.3,2.1/2,5,28.4,35.3,4-3-2,美浦 松山,440,0,
202401020408,2024-08-18,札幌,8,クローバー賞,芝,1500,右,晴,良,"2回 札幌 4日目 サラ系２歳 オープン       (国際)(特指) 別定 10頭 本賞金:1600,640,400,240,160万円",10,1600.0,4,1,1,ソロモン,牡,2,55.0,佐々木,89.5,1.1/2,3,5.1,35.8,1-1-1,美浦 堀,524,0,
202401020408,2024-08-18,札幌,8,クローバー賞,芝,1500,右,晴,良,"2回 札幌 4日目 サラ系２歳 オープン       (国際)(特指) 別定 10頭 本賞金:1600,640,400,240,160万円",10,1600.0,5,3,3,ウィルオレオール,牡,2,55.0,石川倭,89.7,1.1/4,4,16.8,35.9,2-2-2,地方 小国博,460,-2,
202401020408,2024-08-18,札幌,8,クローバー賞,芝,1500,右,晴,良,"2回 札幌 4日目 サラ系２歳 オープン       (国際)(特指) 別定 10頭 本賞金:1600,640,400,240,160万円",10,1600.0,6,7,8,エイシンマジョリカ,牝,2,55.0,大野,90.3,3.1/2,6,84.6,35.3,8-9-7,地方 米川昇,448,-2,
202401020408,2024-08-18,札幌,8,クローバー賞,芝,1500,右,晴,良,"2回 札幌 4日目 サラ系２歳 オープン       (国際)(特指) 別定 10頭 本賞金:1600,640,400,240,160万円",10,1600.0,7,8,9,エイシンナデシコ,牝,2,55.0,永野,90.4,1/2,7,175.4,35.7,8-7-6,地方 村上正,454,-6,
202401020408,2024-08-18,札幌,8,クローバー賞,芝,1500,右,晴,良,"2回 札幌 4日目 サラ系２歳 オープン       (国際)(特指) 別定 10頭 本賞金:1600,640,400,240,160万円",10,1600.0,8,8,10,ラヴェイ,牡,2,55.0,岩橋勇,90.9,3,9,291.7,36.2,7-7-9,地方 田中淳,446,4,
202401020408,2024-08-18,札幌,8,クローバー賞,芝,1500,右,晴,良,"2回 札幌 4日目 サラ系２歳 オープン       (国際)(特指) 別定 10頭 本賞金:1600,640,400,240,160万円",10,1600.0,9,5,5,ノリノリブリランテ,牡,2,55.0,小野楓,91.2,1.3/4,8,193.4,36.8,6-6-7,地方 小野望,452,-24,
202401020408,2024-08-18,札幌,8,クローバー賞,芝,1500,右,晴,良,"2回 札幌 4日目 サラ系２歳 オープン       (国際)(特指) 別定 10頭 本賞金:1600,640,400,240,160万円",10,1600.0,,6,6,ヴーレヴー,牝,2,55.0,浜中,,,,,,,栗東 武幸,,,取消
202401020409,2024-08-18,札幌,9,大通公園特別,ダ,1700,右,晴,良,"2回 札幌 4日目 サラ系３歳以上 ２勝クラス       (混)(特指) 定量 14頭 本賞金:1550,620,390,230,155万円",14,1550.0,1,2,2,リフレクトザムーン,牝,3,53.0,小林勝,106.2,,10,35.8,38.5,2-2-2-1,美浦 尾形,462,16,
202401020409,2024-08-18,札幌,9,大通公園特別,ダ,1700,右,晴,良,"2回 札幌 4日目 サラ系３歳以上 ２勝クラス       (混)(特指) 定量 14頭 本賞金:1550,620,390,230,155万円",14,1550.0,2,3,4,アーレンダール,牝,5,56.0,岩田康,106.2,ハナ,7,12.5,38.2,4-4-4-3,美浦 宮田,502,0,
202401020409,2024-08-18,札幌,9,大通公園特別,ダ,1700,右,晴,良,"2回 札幌 4日目 サラ系３歳以上 ２勝クラス       (混)(特指) 定量 14頭 本賞金:1550,620,390,230,155万円",14,1550.0,3,4,5,ホウオウプレミア,牡,5,58.0,菱田,106.5,1.1/2,6,11.2,38.2,8-7-7-5,美浦 奥村武,482,2,
202401020409,2024-08-18,札幌,9,大通公園特別,ダ,1700,右,晴,良,"2回 札幌 4日目 サラ系３歳以上 ２勝クラス       (混)(特指) 定量 14頭 本賞金:1550,620,390,230,155万円",14,1550.0,4,3,3,タマモプルメリア,牝,3,53.0,高杉,106.6,1.1/4,9,31.9,38.7,3-3-3-3,栗東 大橋,460,2,
202401020409,2024-08-18,札幌,9,大通公園特別,ダ,1700,右,晴,良,"2回 札幌 4日目 サラ系３歳以上 ２勝クラス       (混)(特指) 定量 14頭 本賞金:1550,620,390,230,155万円",14,1550.0,5,6,10,キョウエイゲイル,セ,4,58.0,石川倭,106.9,1.3/4,5,10.5,37.3,12-12-13-13,栗東 田中克,470,0,
202401020409,2024-08-18,札幌,9,大通公園特別,ダ,1700,右,晴,良,"2回 札幌 4日目 サラ系３歳以上 ２勝クラス       (混)(特指) 定量 14頭 本賞金:1550,620,390,230,155万円",14,1550.0,6,6,9,シンヨモギネス,牡,6,58.0,丹内,107.1,1,2,4.6,37.6,14-14-13-11,美浦 伊藤圭,488,0,
202401020409,2024-08-18,札幌,9,大通公園特別,ダ,1700,右,晴,良,"2回 札幌 4日目 サラ系３歳以上 ２勝クラス       (混)(特指) 定量 14頭 本賞金:1550,620,390,230,155万円",14,1550.0,7,7,12,マコトヴィクラント,牡,4,58.0,古川吉,107.2,クビ,14,294.8,37.9,13-13-11-11,栗東 鮫島,482,10,
202401020409,2024-08-18,札幌,9,大通公園特別,ダ,1700,右,晴,良,"2回 札幌 4日目 サラ系３歳以上 ２勝クラス       (混)(特指) 定量 14頭 本賞金:1550,620,390,230,155万円",14,1550.0,8,7,11,アセレラシオン,牡,3,55.0,武豊,107.2,クビ,1,2.7,38.7,11-9-9-8,栗東 浜田,528,2,
202401020409,2024-08-18,札幌,9,大通公園特別,ダ,1700,右,晴,良,"2回 札幌 4日目 サラ系３歳以上 ２勝クラス       (混)(特指) 定量 14頭 本賞金:1550,620,390,230,155万円",14,1550.0,9,1,1,グランドエスケープ,牡,3,55.0,大野,107.3,1/2,8,15.0,39.6,1-1-1-2,栗東 藤沢,464,-4,
202401020409,2024-08-18,札幌,9,大通公園特別,ダ,1700,右,晴,良,"2回 札幌 4日目 サラ系３歳以上 ２勝クラス       (混)(特指) 定量 14頭 本賞金:1550,620,390,230,155万円",14,1550.0,10,8,14,ディサイド,牡,5,58.0,佐々木,107.4,クビ,12,71.7,38.8,9-9-10-10,栗東 高野,484,-4,
202401020409,2024-08-18,札幌,9,大通公園特別,ダ,1700,右,晴,良,"2回 札幌 4日目 サラ系３歳以上 ２勝クラス       (混)(特指) 定量 14頭 本賞金:1550,620,390,230,155万円",14,1550.0,11,4,6,デルマオシダシ,牝,4,56.0,永野,107.5,1/2,11,54.7,39.4,4-5-5-5,美浦 鈴木慎,474,6,
202401020409,2024-08-18,札幌,9,大通公園特別,ダ,1700,右,晴,良,"2回 札幌 4日目 サラ系３歳以上 ２勝クラス       (混)(特指) 定量 14頭 本賞金:1550,620,390,230,155万円",14,1550.0,12,5,7,ワイワイレジェンド,牡,3,55.0,荻野琢,108.0,3,3,7.1,39.9,4-5-5-8,栗東 矢作,472,-8,
202401020409,2024-08-18,札幌,9,大通公園特別,ダ,1700,右,晴,良,"2回 札幌 4日目 サラ系３歳以上 ２勝クラス       (混)(特指) 定量 14頭 本賞金:1550,620,390,230,155万円",14,1550.0,13,8,13,モンドプリューム,牡,4,58.0,横山武,108.1,1,4,9.6,39.8,7-7-7-5,美浦 水野,506,4,
202401020409,2024-08-18,札幌,9,大通公園特別,ダ,1700,右,晴,良,"2回 札幌 4日目 サラ系３歳以上 ２勝クラス       (混)(特指) 定量 14頭 本賞金:1550,620,390,230,155万円",14,1550.0,14,5,8,メイショウシロガネ,牡,6,58.0,浜中,108.4,1.1/2,13,100.3,39.1,10-11-11-13,栗東 笹田,464,-16,
202401020410,2024-08-18,札幌,10,知床特別,芝,1200,右,晴,良,"2回 札幌 4日目 サラ系３歳以上 ２勝クラス       牝[指] 定量 16頭 本賞金:1550,620,390,230,155万円",16,1550.0,1,1,1,シカゴスティング,牝,3,54.0,川田,68.3,,1,2.8,34.6,5-5,栗東 庄野,434,8,
202401020410,2024-08-18,札幌,10,知床特別,芝,1200,右,晴,良,"2回 札幌 4日目 サラ系３歳以上 ２勝クラス       牝[指] 定量 16頭 本賞金:1550,620,390,230,155万円",16,1550.0,2,6,12,ツインクルトーズ,牝,4,56.0,古川吉,68.4,1/2,16,372.5,34.2,11-10,美浦 牧,508,8,
202401020410,2024-08-18,札幌,10,知床特別,芝,1200,右,晴,良,"2回 札幌 4日目 サラ系３歳以上 ２勝クラス       牝[指] 定量 16頭 本賞金:1550,620,390,230,155万円",16,1550.0,3,8,16,カピリナ,牝,3,54.0,田辺,68.5,1/2,2,2.8,35.1,2-2,美浦 田島,472,-2,
202401020410,2024-08-18,札幌,10,知床特別,芝,1200,右,晴,良,"2回 札幌 4日目 サラ系３歳以上 ２勝クラス       牝[指] 定量 16頭 本賞金:1550,620,390,230,155万円",16,1550.0,4,4,8,ヒラボクミニー,牝,3,54.0,横山典,68.6,1/2,7,24.0,34.6,8-7,美浦 村田,480,0,
202401020410,2024-08-18,札幌,10,知床特別,芝,1200,右,晴,良,"2回 札幌 4日目 サラ系３歳以上 ２勝クラス       牝[指] 定量 16頭 本賞金:1550,620,390,230,155万円",16,1550.0,5,7,13,スミレファースト,牝,3,54.0,武豊,68.6,ハナ,6,20.5,34.5,9-9,美浦 加藤征,452,-2,
202401020410,2024-08-18,札幌,10,知床特別,芝,1200,右,晴,良,"2回 札幌 4日目 サラ系３歳以上 ２勝クラス       牝[指] 定量 16頭 本賞金:1550,620,390,230,155万円",16,1550.0,6,7,14,メイショウミリオレ,牝,3,54.0,高杉,68.6,ハナ,5,15.7,34.1,14-13,栗東 藤岡,494,12,
202401020410,2024-08-18,札幌,10,知床特別,芝,1200,右,晴,良,"2回 札幌 4日目 サラ系３歳以上 ２勝クラス       牝[指] 定量 16頭 本賞金:1550,620,390,230,155万円",16,1550.0,7,5,10,マルプリ,牝,4,56.0,富田,68.6,アタマ,8,46.9,34.3,11-10,美浦 青木,462,2,
202401020410,2024-08-18,札幌,10,知床特別,芝,1200,右,晴,良,"2回 札幌 4日目 サラ系３歳以上 ２勝クラス       牝[指] 定量 16頭 本賞金:1550,620,390,230,155万円",16,1550.0,8,6,11,ハピネスアゲン,牝,5,56.0,菱田,68.8,1.1/4,13,61.6,34.1,15-15,美浦 萱野,462,6,
202401020410,2024-08-18,札幌,10,知床特別,芝,1200,右,晴,良,"2回 札幌 4日目 サラ系３歳以上 ２勝クラス       牝[指] 定量 16頭 本賞金:1550,620,390,230,155万円",16,1550.0,9,3,5,ジョリダム,牝,4,56.0,石川倭,68.9,1/2,12,60.5,34.5,13-13,栗東 武英,442,-6,
202401020410,2024-08-18,札幌,10,知床特別,芝,1200,右,晴,良,"2回 札幌 4日目 サラ系３歳以上 ２勝クラス       牝[指] 定量 16頭 本賞金:1550,620,390,230,155万円",16,1550.0,10,8,15,オックスリップ,牝,4,56.0,佐々木,68.9,アタマ,10,55.7,35.0,7-7,栗東 杉山晴,462,6,
202401020410,2024-08-18,札幌,10,知床特別,芝,1200,右,晴,良,"2回 札幌 4日目 サラ系３歳以上 ２勝クラス       牝[指] 定量 16頭 本賞金:1550,620,390,230,155万円",16,1550.0,11,1,2,ミズノコキュウ,牝,5,56.0,丹内,68.9,アタマ,4,15.0,35.2,5-5,美浦 水野,436,4,
202401020410,2024-08-18,札幌,10,知床特別,芝,1200,右,晴,良,"2回 札幌 4日目 サラ系３歳以上 ２勝クラス       牝[指] 定量 16頭 本賞金:1550,620,390,230,155万円",16,1550.0,12,5,9,エリカカリーナ,牝,3,54.0,横山武,69.0,アタマ,3,4.9,35.6,2-2,美浦 宮田,424,0,
202401020410,2024-08-18,札幌,10,知床特別,芝,1200,右,晴,良,"2回 札幌 4日目 サラ系３歳以上 ２勝クラス       牝[指] 定量 16頭 本賞金:1550,620,390,230,155万円",16,1550.0,13,2,3,サウンドクレア,牝,5,56.0,浜中,69.3,2,11,58.4,34.5,15-15,栗東 安達,462,16,
202401020410,2024-08-18,札幌,10,知床特別,芝,1200,右,晴,良,"2回 札幌 4日目 サラ系３歳以上 ２勝クラス       牝[指] 定量 16頭 本賞金:1550,620,390,230,155万円",16,1550.0,14,2,4,アサギリ,牝,3,54.0,永野,69.4,1,14,107.5,35.3,9-10,美浦 尾形,436,-4,
202401020410,2024-08-18,札幌,10,知床特別,芝,1200,右,晴,良,"2回 札幌 4日目 サラ系３歳以上 ２勝クラス       牝[指] 定量 16頭 本賞金:1550,620,390,230,155万円",16,1550.0,15,4,7,グランツベリー,牝,4,56.0,藤岡佑,69.5,1/2,9,48.9,36.2,1-1,栗東 田中克,458,8,
202401020410,2024-08-18,札幌,10,知床特別,芝,1200,右,晴,良,"2回 札幌 4日目 サラ系３歳以上 ２勝クラス       牝[指] 定量 16頭 本賞金:1550,620,390,230,155万円",16,1550.0,16,3,6,パルプフィクション,牝,3,54.0,小林勝,70.5,6,15,169.4,37.1,2-2,栗東 飯田,436,-8,
202401020411,2024-08-18,札幌,11,札幌記念,芝,2000,右,晴,良,"2回 札幌 4日目 サラ系３歳以上 オープン       (国際)(特指) 定量 12頭 本賞金:7000,2800,1800,1100,700万円",12,7000.0,1,8,12,ノースブリッジ,牡,6,58.0,岩田康,119.6,,5,14.5,35.0,2-2-2-2,美浦 奥村武,502,1,
202401020411,2024-08-18,札幌,11,札幌記念,芝,2000,右,晴,良,"2回 札幌 4日目 サラ系３歳以上 オープン       (国際)(特指) 定量 12頭 本賞金:7000,2800,1800,1100,700万円",12,7000.0,2,2,2,ジオグリフ,牡,5,58.0,横山武,119.9,1.3/4,3,7.8,35.0,3-3-3-3,美浦 木村,512,2,
202401020411,2024-08-18,札幌,11,札幌記念,芝,2000,右,晴,良,"2回 札幌 4日目 サラ系３歳以上 オープン       (国際)(特指) 定量 12頭 本賞金:7000,2800,1800,1100,700万円",12,7000.0,3,7,9,ステラヴェローチェ,牡,6,58.0,横山典,120.0,1,4,13.4,34.9,6-6-6-5,栗東 須貝,508,2,
202401020411,2024-08-18,札幌,11,札幌記念,芝,2000,右,晴,良,"2回 札幌 4日目 サラ系３歳以上 オープン       (国際)(特指) 定量 12頭 本賞金:7000,2800,1800,1100,700万円",12,7000.0,4,8,11,プログノーシス,牡,6,58.0,川田,120.1,クビ,1,1.3,34.4,11-10-10-9,栗東 中内田,478,-6,
202401020411,2024-08-18,札幌,11,札幌記念,芝,2000,右,晴,良,"2回 札幌 4日目 サラ系３歳以上 オープン       (国際)(特指) 定量 12頭 本賞金:7000,2800,1800,1100,700万円",12,7000.0,5,4,4,シャフリヤール,牡,6,58.0,武豊,120.2,1,2,7.6,35.1,5-3-6-6,栗東 藤原,,,
202401020411,2024-08-18,札幌,11,札幌記念,芝,2000,右,晴,良,"2回 札幌 4日目 サラ系３歳以上 オープン       (国際)(特指) 定量 12頭 本賞金:7000,2800,1800,1100,700万円",12,7000.0,6,5,6,トップナイフ,牡,4,58.0,田辺,120.4,3/4,7,40.9,35.1,8-8-8-6,栗東 昆,488,8,
202401020411,2024-08-18,札幌,11,札幌記念,芝,2000,右,晴,良,"2回 札幌 4日目 サラ系３歳以上 オープン       (国際)(特指) 定量 12頭 本賞金:7000,2800,1800,1100,700万円",12,7000.0,7,6,8,アウスヴァール,セ,6,58.0,古川吉,120.4,クビ,9,128.4,36.3,1-1-1-1,栗東 昆,494,0,
202401020411,2024-08-18,札幌,11,札幌記念,芝,2000,右,晴,良,"2回 札幌 4日目 サラ系３歳以上 オープン       (国際)(特指) 定量 12頭 本賞金:7000,2800,1800,1100,700万円",12,7000.0,8,5,5,チャックネイト,セ,6,58.0,佐々木,120.5,クビ,8,59.2,35.6,6-6-3-4,美浦 堀,470,-6,
202401020411,2024-08-18,札幌,11,札幌記念,芝,2000,右,晴,良,"2回 札幌 4日目 サラ系３歳以上 オープン       (国際)(特指) 定量 12頭 本賞金:7000,2800,1800,1100,700万円",12,7000.0,9,7,10,モズゴールドバレル,牝,5,56.0,池添,120.7,1.1/4,10,201.0,35.4,8-8-8-9,栗東 藤岡,470,4,
202401020411,2024-08-18,札幌,11,札幌記念,芝,2000,右,晴,良,"2回 札幌 4日目 サラ系３歳以上 オープン       (国際)(特指) 定量 12頭 本賞金:7000,2800,1800,1100,700万円",12,7000.0,10,1,1,ドゥラエレーデ,牡,4,58.0,藤岡佑,121.0,1.3/4,6,20.0,35.4,10-10-10-11,栗東 池添,524,2,
202401020411,2024-08-18,札幌,11,札幌記念,芝,2000,右,晴,良,"2回 札幌 4日目 サラ系３歳以上 オープン       (国際)(特指) 定量 12頭 本賞金:7000,2800,1800,1100,700万円",12,7000.0,11,6,7,ホウオウアマゾン,牡,6,58.0,菱田,121.8,5,11,287.2,37.0,3-3-3-6,栗東 矢作,524,0,
202401020411,2024-08-18,札幌,11,札幌記念,芝,2000,右,晴,良,"2回 札幌 4日目 サラ系３歳以上 オープン       (国際)(特指) 定量 12頭 本賞金:7000,2800,1800,1100,700万円",12,7000.0,,3,3,ボッケリーニ,牡,8,58.0,浜中,,,,,,,栗東 池江,474,0,除外
202401020412,2024-08-18,札幌,12,3歳以上1勝クラス,ダ,1700,右,晴,良,"2回 札幌 4日目 サラ系３歳以上 １勝クラス       [指] 定量 14頭 本賞金:800,320,200,120,80万円",14,800.0,1,6,9,オーバーザドリーム,牡,4,58.0,佐々木,107.5,,3,4.3,37.6,3-3-3-1,栗東 清水久,468,-6,
202401020412,2024-08-18,札幌,12,3歳以上1勝クラス,ダ,1700,右,晴,良,"2回 札幌 4日目 サラ系３歳以上 １勝クラス       [指] 定量 14頭 本賞金:800,320,200,120,80万円",14,800.0,2,2,2,メイショウソムリエ,牡,3,55.0,武豊,108.0,2.1/2,1,2.9,38.0,3-3-4-4,美浦 蛯名正,524,2,
202401020412,2024-08-18,札幌,12,3歳以上1勝クラス,ダ,1700,右,晴,良,"2回 札幌 4日目 サラ系３歳以上 １勝クラス       [指] 定量 14頭 本賞金:800,320,200,120,80万円",14,800.0,3,8,13,カルパ,牡,3,55.0,川田,108.3,2,2,4.0,38.2,6-8-4-2,栗東 須貝,432,-2,
202401020412,2024-08-18,札幌,12,3歳以上1勝クラス,ダ,1700,右,晴,良,"2回 札幌 4日目 サラ系３歳以上 １勝クラス       [指] 定量 14頭 本賞金:800,320,200,120,80万円",14,800.0,4,7,11,ニシノアウェイク,牡,3,55.0,永野,108.4,アタマ,7,21.1,38.2,5-5-6-6,美浦 伊藤圭,486,20,
202401020412,2024-08-18,札幌,12,3歳以上1勝クラス,ダ,1700,右,晴,良,"2回 札幌 4日目 サラ系３歳以上 １勝クラス       [指] 定量 14頭 本賞金:800,320,200,120,80万円",14,800.0,5,3,3,ロードインフェルノ,牡,3,55.0,丹内,108.4,クビ,5,8.4,37.9,10-8-9-11,美浦 尾形,486,16,
202401020412,2024-08-18,札幌,12,3歳以上1勝クラス,ダ,1700,右,晴,良,"2回 札幌 4日目 サラ系３歳以上 １勝クラス       [指] 定量 14頭 本賞金:800,320,200,120,80万円",14,800.0,6,6,10,レッドアウレア,セ,6,55.0,▲高杉,108.6,1.1/4,14,356.8,38.0,14-14-11-7,美浦 尾関,488,2,
202401020412,2024-08-18,札幌,12,3歳以上1勝クラス,ダ,1700,右,晴,良,"2回 札幌 4日目 サラ系３歳以上 １勝クラス       [指] 定量 14頭 本賞金:800,320,200,120,80万円",14,800.0,7,3,4,ナイトスピアー,牡,4,56.0,△小林勝,108.8,1.1/4,13,193.6,38.3,6-6-9-7,美浦 小野,492,-2,
202401020412,2024-08-18,札幌,12,3歳以上1勝クラス,ダ,1700,右,晴,良,"2回 札幌 4日目 サラ系３歳以上 １勝クラス       [指] 定量 14頭 本賞金:800,320,200,120,80万円",14,800.0,8,5,8,フリッパー,牡,4,58.0,黛,108.8,ハナ,8,39.7,38.5,10-10-7-7,美浦 戸田,506,2,
202401020412,2024-08-18,札幌,12,3歳以上1勝クラス,ダ,1700,右,晴,良,"2回 札幌 4日目 サラ系３歳以上 １勝クラス       [指] 定量 14頭 本賞金:800,320,200,120,80万円",14,800.0,9,8,14,ウッドショック,牡,5,58.0,大野,108.8,ハナ,11,117.2,38.0,12-12-12-13,美浦 杉浦,514,2,
202401020412,2024-08-18,札幌,12,3歳以上1勝クラス,ダ,1700,右,晴,良,"2回 札幌 4日目 サラ系３歳以上 １勝クラス       [指] 定量 14頭 本賞金:800,320,200,120,80万円",14,800.0,10,4,6,ジェミニキング,セ,8,55.0,▲川端,109.0,1,12,179.1,38.3,9-10-12-12,栗東 庄野,492,-20,
202401020412,2024-08-18,札幌,12,3歳以上1勝クラス,ダ,1700,右,晴,良,"2回 札幌 4日目 サラ系３歳以上 １勝クラス       [指] 定量 14頭 本賞金:800,320,200,120,80万円",14,800.0,11,1,1,ガルデルクラージュ,牡,3,55.0,富田,109.1,クビ,6,16.9,38.8,6-6-7-7,栗東 武英,510,10,
202401020412,2024-08-18,札幌,12,3歳以上1勝クラス,ダ,1700,右,晴,良,"2回 札幌 4日目 サラ系３歳以上 １勝クラス       [指] 定量 14頭 本賞金:800,320,200,120,80万円",14,800.0,12,4,5,ベント,セ,3,55.0,古川吉,109.3,1.1/2,4,7.0,39.5,2-2-2-2,栗東 小崎,420,-4,
202401020412,2024-08-18,札幌,12,3歳以上1勝クラス,ダ,1700,右,晴,良,"2回 札幌 4日目 サラ系３歳以上 １勝クラス       [指] 定量 14頭 本賞金:800,320,200,120,80万円",14,800.0,13,7,12,ミルトパワー,牡,3,52.0,▲長浜,109.8,3,9,103.5,40.0,1-1-1-4,美浦 武市,518,18,
202401020412,2024-08-18,札幌,12,3歳以上1勝クラス,ダ,1700,右,晴,良,"2回 札幌 4日目 サラ系３歳以上 １勝クラス       [指] 定量 14頭 本賞金:800,320,200,120,80万円",14,800.0,14,5,7,トニトゥルス,牡,4,58.0,石川倭,110.0,1,10,108.9,39.1,13-13-14-14,美浦 新開,482,0,
202404030401,2024-08-18,新潟,1,2歳未勝利,芝,1600,左,晴,良,"3回 新潟 4日目 サラ系２歳 未勝利       牝[指] 馬齢 10頭 本賞金:550,220,140,83,55万円",10,550.0,1,8,9,ミラーダカリエンテ,牝,2,55.0,石川,96.4,,3,6.2,34.1,1-1,美浦 相沢,474,-2,
202404030401,2024-08-18,新潟,1,2歳未勝利,芝,1600,左,晴,良,"3回 新潟 4日目 サラ系２歳 未勝利       牝[指] 馬齢 10頭 本賞金:550,220,140,83,55万円",10,550.0,2,3,3,アサクサグレース,牝,2,55.0,Ｍデム,96.5,1/2,7,113.3,33.8,3-3,美浦 戸田,460,0,
202404030401,2024-08-18,新潟,1,2歳未勝利,芝,1600,左,晴,良,"3回 新潟 4日目 サラ系２歳 未勝利       牝[指] 馬齢 10頭 本賞金:550,220,140,83,55万円",10,550.0,3,1,1,エストゥペンダ,牝,2,55.0,菅原明,96.7,1.1/2,2,2.9,33.8,5-5,美浦 高柳瑞,418,-8,
202404030401,2024-08-18,新潟,1,2歳未勝利,芝,1600,左,晴,良,"3回 新潟 4日目 サラ系２歳 未勝利       牝[指] 馬齢 10頭 本賞金:550,220,140,83,55万円",10,550.0,4,7,8,コウソクグルーヴ,牝,2,55.0,戸崎圭,97.2,2.1/2,4,16.7,34.1,9-8,美浦 中舘,434,0,
202404030401,2024-08-18,新潟,1,2歳未勝利,芝,1600,左,晴,良,"3回 新潟 4日目 サラ系２歳 未勝利       牝[指] 馬齢 10頭 本賞金:550,220,140,83,55万円",10,550.0,5,7,7,マーレリアン,牝,2,55.0,丸山,97.2,1/2,6,51.4,34.1,10-8,美浦 萱野,484,-8,
202404030401,2024-08-18,新潟,1,2歳未勝利,芝,1600,左,晴,良,"3回 新潟 4日目 サラ系２歳 未勝利       牝[指] 馬齢 10頭 本賞金:550,220,140,83,55万円",10,550.0,6,4,4,アイヨトワニ,牝,2,55.0,三浦,97.3,クビ,5,18.4,34.4,7-5,美浦 千葉,434,-12,
202404030401,2024-08-18,新潟,1,2歳未勝利,芝,1600,左,晴,良,"3回 新潟 4日目 サラ系２歳 未勝利       牝[指] 馬齢 10頭 本賞金:550,220,140,83,55万円",10,550.0,7,6,6,デアマトローナ,牝,2,55.0,ルメー,97.8,3,1,1.6,34.9,5-5,美浦 国枝,446,-2,
202404030401,2024-08-18,新潟,1,2歳未勝利,芝,1600,左,晴,良,"3回 新潟 4日目 サラ系２歳 未勝利       牝[指] 馬齢 10頭 本賞金:550,220,140,83,55万円",10,550.0,8,5,5,エイトビートレター,牝,2,55.0,嶋田,98.1,1.3/4,10,470.2,35.6,2-2,美浦 佐藤吉,420,2,
202404030401,2024-08-18,新潟,1,2歳未勝利,芝,1600,左,晴,良,"3回 新潟 4日目 サラ系２歳 未勝利       牝[指] 馬齢 10頭 本賞金:550,220,140,83,55万円",10,550.0,9,8,10,マホウショウジョ,牝,2,51.0,★大江比,98.6,3.1/2,8,125.0,35.5,7-8,美浦 奥平,402,2,
202404030401,2024-08-18,新潟,1,2歳未勝利,芝,1600,左,晴,良,"3回 新潟 4日目 サラ系２歳 未勝利       牝[指] 馬齢 10頭 本賞金:550,220,140,83,55万円",10,550.0,10,2,2,スンシム,牝,2,55.0,江田照,98.9,1.1/2,9,265.9,36.2,3-3,美浦 村田,404,0,
202404030402,2024-08-18,新潟,2,2歳未勝利,芝,1800,左,晴,良,"3回 新潟 4日目 サラ系２歳 未勝利       (混)[指] 馬齢 10頭 本賞金:550,220,140,83,55万円",10,550.0,1,8,10,シルバーレイン,牡,2,55.0,ルメー,108.2,,2,2.1,33.2,8-8,美浦 萩原,458,2,
202404030402,2024-08-18,新潟,2,2歳未勝利,芝,1800,左,晴,良,"3回 新潟 4日目 サラ系２歳 未勝利       (混)[指] 馬齢 10頭 本賞金:550,220,140,83,55万円",10,550.0,2,8,9,マイネルゼウス,牡,2,55.0,津村,109.0,5,4,12.8,34.7,2-2,美浦 奥村武,404,4,
202404030402,2024-08-18,新潟,2,2歳未勝利,芝,1800,左,晴,良,"3回 新潟 4日目 サラ系２歳 未勝利       (混)[指] 馬齢 10頭 本賞金:550,220,140,83,55万円",10,550.0,3,3,3,ホリーアン,牝,2,55.0,丸田,109.3,2,6,81.4,34.7,3-3,美浦 萱野,418,-2,
202404030402,2024-08-18,新潟,2,2歳未勝利,芝,1800,左,晴,良,"3回 新潟 4日目 サラ系２歳 未勝利       (混)[指] 馬齢 10頭 本賞金:550,220,140,83,55万円",10,550.0,4,6,6,イスキオス,牡,2,55.0,菅原明,109.5,1,3,9.3,34.5,8-8,美浦 栗田,460,8,
202404030402,2024-08-18,新潟,2,2歳未勝利,芝,1800,左,晴,良,"3回 新潟 4日目 サラ系２歳 未勝利       (混)[指] 馬齢 10頭 本賞金:550,220,140,83,55万円",10,550.0,5,1,1,リネンドライブ,セ,2,55.0,柴田大,109.6,1,9,410.4,35.3,1-1,美浦 南田,464,0,
202404030402,2024-08-18,新潟,2,2歳未勝利,芝,1800,左,晴,良,"3回 新潟 4日目 サラ系２歳 未勝利       (混)[指] 馬齢 10頭 本賞金:550,220,140,83,55万円",10,550.0,6,4,4,タッセル,牡,2,55.0,松岡,109.8,1.1/4,8,91.9,34.4,10-10,美浦 菊川,464,6,
202404030402,2024-08-18,新潟,2,2歳未勝利,芝,1800,左,晴,良,"3回 新潟 4日目 サラ系２歳 未勝利       (混)[指] 馬齢 10頭 本賞金:550,220,140,83,55万円",10,550.0,7,7,7,スワローシチー,牡,2,55.0,石川,109.9,1/2,1,1.8,35.1,5-5,美浦 相沢,454,0,
202404030402,2024-08-18,新潟,2,2歳未勝利,芝,1800,左,晴,良,"3回 新潟 4日目 サラ系２歳 未勝利       (混)[指] 馬齢 10頭 本賞金:550,220,140,83,55万円",10,550.0,8,2,2,ルラクソント,牡,2,55.0,石橋脩,110.4,3.1/2,5,39.2,35.8,3-3,美浦 中川,472,10,
202404030402,2024-08-18,新潟,2,2歳未勝利,芝,1800,左,晴,良,"3回 新潟 4日目 サラ系２歳 未勝利       (混)[指] 馬齢 10頭 本賞金:550,220,140,83,55万円",10,550.0,9,5,5,シュガーハイ,牡,2,55.0,三浦,110.6,3/4,7,83.3,35.8,5-5,美浦 加藤士,496,-4,
202404030402,2024-08-18,新潟,2,2歳未勝利,芝,1800,左,晴,良,"3回 新潟 4日目 サラ系２歳 未勝利       (混)[指] 馬齢 10頭 本賞金:550,220,140,83,55万円",10,550.0,10,7,8,ジェイルブレイク,牡,2,55.0,菅原隆,110.6,アタマ,10,529.5,35.8,5-5,美浦 蛯名利,434,-2,
202404030403,2024-08-18,新潟,3,3歳未勝利,ダ,1800,左,晴,良,"3回 新潟 4日目 サラ系３歳 未勝利       牝[指] 馬齢 15頭 本賞金:550,220,140,83,55万円",15,550.0,1,4,7,ルージュアベリア,牝,3,55.0,戸崎圭,114.3,,2,4.0,37.9,8-8-6-3,美浦 田中博,488,-4,
202404030403,2024-08-18,新潟,3,3歳未勝利,ダ,1800,左,晴,良,"3回 新潟 4日目 サラ系３歳 未勝利       牝[指] 馬齢 15頭 本賞金:550,220,140,83,55万円",15,550.0,2,6,10,パレスパートナー,牝,3,55.0,丸山,115.3,6,4,11.6,38.7,15-13-8-6,美浦 鈴木伸,474,-4,
202404030403,2024-08-18,新潟,3,3歳未勝利,ダ,1800,左,晴,良,"3回 新潟 4日目 サラ系３歳 未勝利       牝[指] 馬齢 15頭 本賞金:550,220,140,83,55万円",15,550.0,3,8,14,チーチャン,牝,3,55.0,石橋脩,115.5,3/4,7,17.4,39.6,3-2-2-2,美浦 勢司,490,2,
202404030403,2024-08-18,新潟,3,3歳未勝利,ダ,1800,左,晴,良,"3回 新潟 4日目 サラ系３歳 未勝利       牝[指] 馬齢 15頭 本賞金:550,220,140,83,55万円",15,550.0,4,7,13,ビーナスライズ,牝,3,55.0,吉田豊,115.6,1/2,5,14.6,38.9,11-10-9-7,美浦 小手川,478,-1,
202404030403,2024-08-18,新潟,3,3歳未勝利,ダ,1800,左,晴,良,"3回 新潟 4日目 サラ系３歳 未勝利       牝[指] 馬齢 15頭 本賞金:550,220,140,83,55万円",15,550.0,5,5,9,ポチョラーダ,牝,3,55.0,津村,116.1,3,8,19.8,39.9,10-10-3-3,美浦 大和田,502,2,
202404030403,2024-08-18,新潟,3,3歳未勝利,ダ,1800,左,晴,良,"3回 新潟 4日目 サラ系３歳 未勝利       牝[指] 馬齢 15頭 本賞金:550,220,140,83,55万円",15,550.0,6,3,4,スズノアムール,牝,3,55.0,柴田大,116.8,4,3,4.3,41.1,1-1-1-1,美浦 深山,456,10,
202404030403,2024-08-18,新潟,3,3歳未勝利,ダ,1800,左,晴,良,"3回 新潟 4日目 サラ系３歳 未勝利       牝[指] 馬齢 15頭 本賞金:550,220,140,83,55万円",15,550.0,7,7,12,オリジナルオリジン,牝,3,53.0,◇藤田菜,116.9,1/2,13,233.8,39.8,14-12-12-9,美浦 水野,418,-16,
202404030403,2024-08-18,新潟,3,3歳未勝利,ダ,1800,左,晴,良,"3回 新潟 4日目 サラ系３歳 未勝利       牝[指] 馬齢 15頭 本賞金:550,220,140,83,55万円",15,550.0,8,2,3,ジェイエルマリーナ,牝,3,52.0,▲佐藤,118.2,8,11,98.5,41.3,5-5-11-9,美浦 小西,452,-6,
202404030403,2024-08-18,新潟,3,3歳未勝利,ダ,1800,左,晴,良,"3回 新潟 4日目 サラ系３歳 未勝利       牝[指] 馬齢 15頭 本賞金:550,220,140,83,55万円",15,550.0,9,1,1,レイヌドサーブル,牝,3,54.0,☆原,118.2,クビ,10,62.1,41.1,8-8-12-13,美浦 萩原,462,-4,
202404030403,2024-08-18,新潟,3,3歳未勝利,ダ,1800,左,晴,良,"3回 新潟 4日目 サラ系３歳 未勝利       牝[指] 馬齢 15頭 本賞金:550,220,140,83,55万円",15,550.0,10,4,6,クランプダンス,牝,3,55.0,ルメー,118.3,クビ,1,2.5,42.1,5-5-3-3,美浦 宮田,454,8,
202404030403,2024-08-18,新潟,3,3歳未勝利,ダ,1800,左,晴,良,"3回 新潟 4日目 サラ系３歳 未勝利       牝[指] 馬齢 15頭 本賞金:550,220,140,83,55万円",15,550.0,11,2,2,コルヴィル,牝,3,54.0,☆松本,118.5,1.1/2,12,109.6,41.8,3-4-9-12,美浦 和田勇,476,4,
202404030403,2024-08-18,新潟,3,3歳未勝利,ダ,1800,左,晴,良,"3回 新潟 4日目 サラ系３歳 未勝利       牝[指] 馬齢 15頭 本賞金:550,220,140,83,55万円",15,550.0,12,5,8,ジーティースズナリ,牝,3,55.0,丸田,120.0,9,14,404.8,42.4,13-14-14-14,美浦 加藤和,488,0,
202404030403,2024-08-18,新潟,3,3歳未勝利,ダ,1800,左,晴,良,"3回 新潟 4日目 サラ系３歳 未勝利       牝[指] 馬齢 15頭 本賞金:550,220,140,83,55万円",15,550.0,13,6,11,ウルティモ,牝,3,52.0,▲石神道,121.4,8,15,562.9,43.2,12-14-15-15,美浦 高橋文,486,2,
202404030403,2024-08-18,新潟,3,3歳未勝利,ダ,1800,左,晴,良,"3回 新潟 4日目 サラ系３歳 未勝利       牝[指] 馬齢 15頭 本賞金:550,220,140,83,55万円",15,550.0,14,8,15,グレースアイリス,牝,3,54.0,☆横山琉,121.9,3.1/2,9,51.1,45.5,5-5-6-9,美浦 相沢,412,2,
202404030403,2024-08-18,新潟,3,3歳未勝利,ダ,1800,左,晴,良,"3回 新潟 4日目 サラ系３歳 未勝利       牝[指] 馬齢 15頭 本賞金:550,220,140,83,55万円",15,550.0,,3,5,ミスティカルレイ,牝,3,55.0,荻野極,,,6,15.6,,2-2-5-8,美浦 国枝,500,6,中止
202404030404,2024-08-18,新潟,4,3歳未勝利,芝,1400,左,晴,良,"3回 新潟 4日目 サラ系３歳 未勝利       (混)[指] 馬齢 18頭 本賞金:550,220,140,83,55万円",18,550.0,1,8,18,ベランジェール,牝,3,55.0,ルメー,81.5,,1,1.5,34.1,16-15,美浦 木村,460,0,
202404030404,2024-08-18,新潟,4,3歳未勝利,芝,1400,左,晴,良,"3回 新潟 4日目 サラ系３歳 未勝利       (混)[指] 馬齢 18頭 本賞金:550,220,140,83,55万円",18,550.0,2,4,8,ジョブックノワ,牝,3,53.0,◇藤田菜,81.6,1,3,12.4,35.2,6-6,美浦 根本,430,14,
202404030404,2024-08-18,新潟,4,3歳未勝利,芝,1400,左,晴,良,"3回 新潟 4日目 サラ系３歳 未勝利       (混)[指] 馬齢 18頭 本賞金:550,220,140,83,55万円",18,550.0,3,8,17,キャンディレイ,牝,3,55.0,津村,81.7,3/4,7,24.9,34.6,14-13,美浦 武市,500,-2,
202404030404,2024-08-18,新潟,4,3歳未勝利,芝,1400,左,晴,良,"3回 新潟 4日目 サラ系３歳 未勝利       (混)[指] 馬齢 18頭 本賞金:550,220,140,83,55万円",18,550.0,4,7,14,レジーナデッラネラ,牝,3,54.0,☆横山琉,81.9,1,14,106.7,35.7,5-5,美浦 矢野,414,4,
202404030404,2024-08-18,新潟,4,3歳未勝利,芝,1400,左,晴,良,"3回 新潟 4日目 サラ系３歳 未勝利       (混)[指] 馬齢 18頭 本賞金:550,220,140,83,55万円",18,550.0,5,4,7,トニーアワード,牝,3,55.0,菅原明,82.0,1/2,9,28.1,35.4,8-9,美浦 萩原,428,2,
202404030404,2024-08-18,新潟,4,3歳未勝利,芝,1400,左,晴,良,"3回 新潟 4日目 サラ系３歳 未勝利       (混)[指] 馬齢 18頭 本賞金:550,220,140,83,55万円",18,550.0,6,3,6,ジーティーノーブル,牝,3,55.0,丸田,82.1,1/2,4,12.5,35.1,13-13,美浦 宗像,424,0,
202404030404,2024-08-18,新潟,4,3歳未勝利,芝,1400,左,晴,良,"3回 新潟 4日目 サラ系３歳 未勝利       (混)[指] 馬齢 18頭 本賞金:550,220,140,83,55万円",18,550.0,7,6,12,イグニス,牡,3,57.0,荻野極,82.1,クビ,8,25.6,34.6,17-17,美浦 久保田,450,-6,
202404030404,2024-08-18,新潟,4,3歳未勝利,芝,1400,左,晴,良,"3回 新潟 4日目 サラ系３歳 未勝利       (混)[指] 馬齢 18頭 本賞金:550,220,140,83,55万円",18,550.0,8,2,3,エオナス,牝,3,52.0,▲石田,82.2,3/4,5,17.2,35.7,8-8,美浦 嘉藤,420,20,
202404030404,2024-08-18,新潟,4,3歳未勝利,芝,1400,左,晴,良,"3回 新潟 4日目 サラ系３歳 未勝利       (混)[指] 馬齢 18頭 本賞金:550,220,140,83,55万円",18,550.0,9,5,9,グレートスピリット,牡,3,57.0,菊沢,82.2,クビ,2,8.4,36.2,3-3,美浦 菊沢,508,0,
202404030404,2024-08-18,新潟,4,3歳未勝利,芝,1400,左,晴,良,"3回 新潟 4日目 サラ系３歳 未勝利       (混)[指] 馬齢 18頭 本賞金:550,220,140,83,55万円",18,550.0,10,7,13,ディアクルーナ,牝,3,55.0,石川,82.3,クビ,11,58.8,36.3,3-3,美浦 黒岩,450,32,
202404030404,2024-08-18,新潟,4,3歳未勝利,芝,1400,左,晴,良,"3回 新潟 4日目 サラ系３歳 未勝利       (混)[指] 馬齢 18頭 本賞金:550,220,140,83,55万円",18,550.0,11,5,10,ポゴシプタ,牝,3,55.0,嶋田,82.5,1.1/4,17,288.0,35.7,11-11,美浦 清水英,382,6,
202404030404,2024-08-18,新潟,4,3歳未勝利,芝,1400,左,晴,良,"3回 新潟 4日目 サラ系３歳 未勝利       (混)[指] 馬齢 18頭 本賞金:550,220,140,83,55万円",18,550.0,12,7,15,アンコーナ,牝,3,55.0,三浦,82.6,1/2,6,18.7,37.3,1-1,美浦 菊川,450,-6,
202404030404,2024-08-18,新潟,4,3歳未勝利,芝,1400,左,晴,良,"3回 新潟 4日目 サラ系３歳 未勝利       (混)[指] 馬齢 18頭 本賞金:550,220,140,83,55万円",18,550.0,13,8,16,ランドエース,牝,3,55.0,武藤,82.7,3/4,12,68.1,37.2,2-2,美浦 武藤,428,12,
202404030404,2024-08-18,新潟,4,3歳未勝利,芝,1400,左,晴,良,"3回 新潟 4日目 サラ系３歳 未勝利       (混)[指] 馬齢 18頭 本賞金:550,220,140,83,55万円",18,550.0,14,1,1,エルキュール,牝,3,55.0,木幡巧,82.9,1,15,200.4,36.2,10-9,美浦 天間,436,10,
202404030404,2024-08-18,新潟,4,3歳未勝利,芝,1400,左,晴,良,"3回 新潟 4日目 サラ系３歳 未勝利       (混)[指] 馬齢 18頭 本賞金:550,220,140,83,55万円",18,550.0,15,6,11,ノブアンドホワイト,牝,3,55.0,松岡,83.1,1.1/4,16,274.6,36.2,11-11,美浦 堀内,438,0,
202404030404,2024-08-18,新潟,4,3歳未勝利,芝,1400,左,晴,良,"3回 新潟 4日目 サラ系３歳 未勝利       (混)[指] 馬齢 18頭 本賞金:550,220,140,83,55万円",18,550.0,16,2,4,キョウエイノヴェル,牡,3,53.0,★大江比,83.1,ハナ,10,52.4,35.9,14-15,美浦 武市,474,-6,
202404030404,2024-08-18,新潟,4,3歳未勝利,芝,1400,左,晴,良,"3回 新潟 4日目 サラ系３歳 未勝利       (混)[指] 馬齢 18頭 本賞金:550,220,140,83,55万円",18,550.0,17,3,5,ウインウェイウェイ,牝,3,53.0,△小林脩,84.8,10,18,557.0,38.4,6-7,美浦 本間,402,-2,
202404030404,2024-08-18,新潟,4,3歳未勝利,芝,1400,左,晴,良,"3回 新潟 4日目 サラ系３歳 未勝利       (混)[指] 馬齢 18頭 本賞金:550,220,140,83,55万円",18,550.0,18,1,2,ランデヴーローズ,牝,3,55.0,Ｍデム,87.6,大,13,85.5,39.7,18-18,美浦 上原佑,442,0,
202404030405,2024-08-18,新潟,5,2歳新馬,芝,1800,左,晴,良,"3回 新潟 4日目 サラ系２歳 新馬       [指] 馬齢 12頭 本賞金:720,290,180,110,72万円",12,720.0,1,8,11,パッションリッチ,牡,2,55.0,菅原明,109.5,,5,24.5,34.5,2-2,美浦 久保田,476,0,
202404030405,2024-08-18,新潟,5,2歳新馬,芝,1800,左,晴,良,"3回 新潟 4日目 サラ系２歳 新馬       [指] 馬齢 12頭 本賞金:720,290,180,110,72万円",12,720.0,2,7,9,ニシノエージェント,牡,2,55.0,三浦,109.7,1.1/2,4,23.7,34.5,3-3,美浦 千葉,472,0,
202404030405,2024-08-18,新潟,5,2歳新馬,芝,1800,左,晴,良,"3回 新潟 4日目 サラ系２歳 新馬       [指] 馬齢 12頭 本賞金:720,290,180,110,72万円",12,720.0,3,7,10,プリモシークエンス,牡,2,55.0,ルメー,109.9,1.1/4,1,1.3,34.5,5-5,美浦 木村,514,0,
202404030405,2024-08-18,新潟,5,2歳新馬,芝,1800,左,晴,良,"3回 新潟 4日目 サラ系２歳 新馬       [指] 馬齢 12頭 本賞金:720,290,180,110,72万円",12,720.0,4,6,7,チェンジオブハート,牡,2,55.0,戸崎圭,110.0,1/2,2,3.0,33.8,12-12,美浦 田中博,476,0,
202404030405,2024-08-18,新潟,5,2歳新馬,芝,1800,左,晴,良,"3回 新潟 4日目 サラ系２歳 新馬       [指] 馬齢 12頭 本賞金:720,290,180,110,72万円",12,720.0,5,4,4,ピコシー,牡,2,55.0,石橋脩,110.2,1.1/4,9,107.4,34.7,5-5,美浦 奥村武,468,0,
202404030405,2024-08-18,新潟,5,2歳新馬,芝,1800,左,晴,良,"3回 新潟 4日目 サラ系２歳 新馬       [指] 馬齢 12頭 本賞金:720,290,180,110,72万円",12,720.0,6,5,5,ロベルタカリーナ,牝,2,55.0,木幡巧,110.3,1/2,8,104.8,35.0,7-5,美浦 牧,450,0,
202404030405,2024-08-18,新潟,5,2歳新馬,芝,1800,左,晴,良,"3回 新潟 4日目 サラ系２歳 新馬       [指] 馬齢 12頭 本賞金:720,290,180,110,72万円",12,720.0,7,2,2,ハクサンミラクル,牡,2,55.0,内田博,110.6,1.3/4,11,259.0,35.4,3-3,美浦 武藤,462,0,
202404030405,2024-08-18,新潟,5,2歳新馬,芝,1800,左,晴,良,"3回 新潟 4日目 サラ系２歳 新馬       [指] 馬齢 12頭 本賞金:720,290,180,110,72万円",12,720.0,8,8,12,ブラックジジ,牡,2,55.0,原田和,111.3,4,12,316.6,35.2,10-9,美浦 菊川,440,0,
202404030405,2024-08-18,新潟,5,2歳新馬,芝,1800,左,晴,良,"3回 新潟 4日目 サラ系２歳 新馬       [指] 馬齢 12頭 本賞金:720,290,180,110,72万円",12,720.0,9,5,6,ファランジリング,牝,2,55.0,武藤,111.9,3.1/2,7,82.0,35.6,10-11,美浦 手塚,454,0,
202404030405,2024-08-18,新潟,5,2歳新馬,芝,1800,左,晴,良,"3回 新潟 4日目 サラ系２歳 新馬       [指] 馬齢 12頭 本賞金:720,290,180,110,72万円",12,720.0,10,3,3,ケイアイワイラーパ,牡,2,55.0,荻野極,112.2,2,3,19.0,36.3,8-8,栗東 野中,488,0,
202404030405,2024-08-18,新潟,5,2歳新馬,芝,1800,左,晴,良,"3回 新潟 4日目 サラ系２歳 新馬       [指] 馬齢 12頭 本賞金:720,290,180,110,72万円",12,720.0,11,6,8,サンライズブレイク,牡,2,55.0,津村,112.4,1.1/4,6,36.3,37.4,1-1,栗東 浜田,494,0,
202404030405,2024-08-18,新潟,5,2歳新馬,芝,1800,左,晴,良,"3回 新潟 4日目 サラ系２歳 新馬       [指] 馬齢 12頭 本賞金:720,290,180,110,72万円",12,720.0,12,1,1,ソラトブツバメ,牡,2,55.0,野中,113.2,5,10,126.2,36.9,8-9,美浦 根本,450,0,
202404030406,2024-08-18,新潟,6,3歳未勝利,ダ,1200,左,晴,良,"3回 新潟 4日目 サラ系３歳 未勝利       (混)[指] 馬齢 15頭 本賞金:550,220,140,83,55万円",15,550.0,1,4,6,ミスエル,牡,3,57.0,菊沢,71.9,,2,4.8,37.1,2-2,美浦 菊沢,474,2,
202404030406,2024-08-18,新潟,6,3歳未勝利,ダ,1200,左,晴,良,"3回 新潟 4日目 サラ系３歳 未勝利       (混)[指] 馬齢 15頭 本賞金:550,220,140,83,55万円",15,550.0,2,2,3,アメリカンランナー,牡,3,57.0,Ｍデム,72.4,3,1,1.8,36.8,8-7,美浦 戸田,478,2,
202404030406,2024-08-18,新潟,6,3歳未勝利,ダ,1200,左,晴,良,"3回 新潟 4日目 サラ系３歳 未勝利       (混)[指] 馬齢 15頭 本賞金:550,220,140,83,55万円",15,550.0,3,8,15,インサイダー,牡,3,57.0,丸山,72.5,1,3,8.3,37.9,1-1,美浦 大和田,482,4,
202404030406,2024-08-18,新潟,6,3歳未勝利,ダ,1200,左,晴,良,"3回 新潟 4日目 サラ系３歳 未勝利       (混)[指] 馬齢 15頭 本賞金:550,220,140,83,55万円",15,550.0,4,3,4,シューンカイゼリン,牝,3,53.0,△小林脩,72.7,1.1/2,9,32.5,37.8,3-2,美浦 伊藤圭,440,0,
202404030406,2024-08-18,新潟,6,3歳未勝利,ダ,1200,左,晴,良,"3回 新潟 4日目 サラ系３歳 未勝利       (混)[指] 馬齢 15頭 本賞金:550,220,140,83,55万円",15,550.0,5,3,5,グランジュール,牝,3,52.0,▲石田,73.6,5,8,27.7,37.7,11-8,美浦 相沢,470,2,
202404030406,2024-08-18,新潟,6,3歳未勝利,ダ,1200,左,晴,良,"3回 新潟 4日目 サラ系３歳 未勝利       (混)[指] 馬齢 15頭 本賞金:550,220,140,83,55万円",15,550.0,6,6,11,アイランドピーク,牡,3,57.0,内田博,73.7,1,7,18.5,37.9,9-8,美浦 加藤和,474,6,
202404030406,2024-08-18,新潟,6,3歳未勝利,ダ,1200,左,晴,良,"3回 新潟 4日目 サラ系３歳 未勝利       (混)[指] 馬齢 15頭 本賞金:550,220,140,83,55万円",15,550.0,7,2,2,ツキノサクラ,牝,3,53.0,◇藤田菜,73.8,1/2,5,14.5,38.5,5-5,美浦 根本,478,8,
202404030406,2024-08-18,新潟,6,3歳未勝利,ダ,1200,左,晴,良,"3回 新潟 4日目 サラ系３歳 未勝利       (混)[指] 馬齢 15頭 本賞金:550,220,140,83,55万円",15,550.0,8,5,9,ゴールデンレイ,牡,3,57.0,武藤,74.1,1.3/4,11,89.8,37.6,13-13,美浦 武藤,478,8,
202404030406,2024-08-18,新潟,6,3歳未勝利,ダ,1200,左,晴,良,"3回 新潟 4日目 サラ系３歳 未勝利       (混)[指] 馬齢 15頭 本賞金:550,220,140,83,55万円",15,550.0,9,4,7,ナツリュウオー,牝,3,55.0,木幡育,74.2,1/2,14,331.6,38.9,5-6,美浦 松永康,430,0,
202404030406,2024-08-18,新潟,6,3歳未勝利,ダ,1200,左,晴,良,"3回 新潟 4日目 サラ系３歳 未勝利       (混)[指] 馬齢 15頭 本賞金:550,220,140,83,55万円",15,550.0,10,1,1,カフェロワン,牡,3,57.0,荻野極,74.3,1/2,12,292.5,37.7,13-13,美浦 古賀,442,4,
202404030406,2024-08-18,新潟,6,3歳未勝利,ダ,1200,左,晴,良,"3回 新潟 4日目 サラ系３歳 未勝利       (混)[指] 馬齢 15頭 本賞金:550,220,140,83,55万円",15,550.0,11,8,14,エッセイ,牝,3,55.0,石橋脩,74.5,1,4,9.9,38.2,12-12,美浦 伊坂,468,0,
202404030406,2024-08-18,新潟,6,3歳未勝利,ダ,1200,左,晴,良,"3回 新潟 4日目 サラ系３歳 未勝利       (混)[指] 馬齢 15頭 本賞金:550,220,140,83,55万円",15,550.0,12,7,12,イデアガウディ,牡,3,54.0,▲石神道,74.7,1.1/2,6,16.8,39.8,3-4,美浦 菊川,470,-4,
202404030406,2024-08-18,新潟,6,3歳未勝利,ダ,1200,左,晴,良,"3回 新潟 4日目 サラ系３歳 未勝利       (混)[指] 馬齢 15頭 本賞金:550,220,140,83,55万円",15,550.0,13,6,10,フクシマジョワイユ,牝,3,52.0,▲佐藤,76.5,大,15,418.4,38.1,15-15,美浦 的場,490,0,
202404030406,2024-08-18,新潟,6,3歳未勝利,ダ,1200,左,晴,良,"3回 新潟 4日目 サラ系３歳 未勝利       (混)[指] 馬齢 15頭 本賞金:550,220,140,83,55万円",15,550.0,14,7,13,チェリッシュ,牝,3,55.0,江田照,76.8,1.3/4,13,325.7,41.3,7-8,美浦 武市,476,-2,
202404030406,2024-08-18,新潟,6,3歳未勝利,ダ,1200,左,晴,良,"3回 新潟 4日目 サラ系３歳 未勝利       (混)[指] 馬齢 15頭 本賞金:550,220,140,83,55万円",15,550.0,15,5,8,ハコダテノハナ,牝,3,54.0,☆横山琉,78.2,9,10,87.3,42.5,9-8,美浦 相沢,422,10,
202404030407,2024-08-18,新潟,7,3歳未勝利,芝,2000,左,晴,良,"3回 新潟 4日目 サラ系３歳 未勝利       [指] 馬齢 18頭 本賞金:550,220,140,83,55万円",18,550.0,1,5,9,クロシェットノエル,牝,3,55.0,武藤,120.8,,5,8.8,34.6,8-8-6-4,美浦 戸田,444,6,
202404030407,2024-08-18,新潟,7,3歳未勝利,芝,2000,左,晴,良,"3回 新潟 4日目 サラ系３歳 未勝利       [指] 馬齢 18頭 本賞金:550,220,140,83,55万円",18,550.0,2,6,11,アオイメルスイ,牝,3,54.0,☆原,121.0,1,3,5.2,35.3,2-2-2-1,美浦 伊藤大,432,10,
202404030407,2024-08-18,新潟,7,3歳未勝利,芝,2000,左,晴,良,"3回 新潟 4日目 サラ系３歳 未勝利       [指] 馬齢 18頭 本賞金:550,220,140,83,55万円",18,550.0,3,6,12,キャルベイクルーズ,牡,3,57.0,柴田善,121.2,1.1/4,4,6.4,35.3,4-3-3-2,美浦 鹿戸,412,-2,
202404030407,2024-08-18,新潟,7,3歳未勝利,芝,2000,左,晴,良,"3回 新潟 4日目 サラ系３歳 未勝利       [指] 馬齢 18頭 本賞金:550,220,140,83,55万円",18,550.0,4,1,1,アイソーザライト,牝,3,55.0,丸田,121.5,2,1,2.7,35.0,13-12-11-10,美浦 大竹,426,4,
202404030407,2024-08-18,新潟,7,3歳未勝利,芝,2000,左,晴,良,"3回 新潟 4日目 サラ系３歳 未勝利       [指] 馬齢 18頭 本賞金:550,220,140,83,55万円",18,550.0,5,7,15,ナムラドーギー,牡,3,55.0,△小林脩,122.0,3,13,182.5,36.0,6-6-3-2,美浦 石栗,446,10,
202404030407,2024-08-18,新潟,7,3歳未勝利,芝,2000,左,晴,良,"3回 新潟 4日目 サラ系３歳 未勝利       [指] 馬齢 18頭 本賞金:550,220,140,83,55万円",18,550.0,6,7,14,エンツォ,牡,3,57.0,石橋脩,122.0,クビ,15,191.0,35.8,6-6-6-7,美浦 和田勇,440,-4,
202404030407,2024-08-18,新潟,7,3歳未勝利,芝,2000,左,晴,良,"3回 新潟 4日目 サラ系３歳 未勝利       [指] 馬齢 18頭 本賞金:550,220,140,83,55万円",18,550.0,7,5,10,バノフィー,牝,3,55.0,荻野極,122.1,クビ,17,379.5,35.8,9-8-6-7,美浦 田島,420,6,
202404030407,2024-08-18,新潟,7,3歳未勝利,芝,2000,左,晴,良,"3回 新潟 4日目 サラ系３歳 未勝利       [指] 馬齢 18頭 本賞金:550,220,140,83,55万円",18,550.0,8,8,17,テルケンレンジョイ,牡,3,57.0,木幡育,122.3,1.1/2,14,185.1,35.9,15-17-10-10,美浦 勢司,480,8,
202404030407,2024-08-18,新潟,7,3歳未勝利,芝,2000,左,晴,良,"3回 新潟 4日目 サラ系３歳 未勝利       [指] 馬齢 18頭 本賞金:550,220,140,83,55万円",18,550.0,9,3,6,シルバーブロンド,牝,3,53.0,◇藤田菜,122.4,1/2,6,12.8,35.9,10-10-11-14,美浦 根本,426,-2,
202404030407,2024-08-18,新潟,7,3歳未勝利,芝,2000,左,晴,良,"3回 新潟 4日目 サラ系３歳 未勝利       [指] 馬齢 18頭 本賞金:550,220,140,83,55万円",18,550.0,10,4,7,ハルノドゥミプリエ,牝,3,55.0,菊沢,122.5,1/2,9,53.5,35.8,17-12-16-14,美浦 勢司,446,-2,
202404030407,2024-08-18,新潟,7,3歳未勝利,芝,2000,左,晴,良,"3回 新潟 4日目 サラ系３歳 未勝利       [指] 馬齢 18頭 本賞金:550,220,140,83,55万円",18,550.0,11,2,3,ウインアリス,牝,3,55.0,丸山,122.5,ハナ,7,28.0,36.0,11-10-11-10,美浦 上原博,452,4,
202404030407,2024-08-18,新潟,7,3歳未勝利,芝,2000,左,晴,良,"3回 新潟 4日目 サラ系３歳 未勝利       [指] 馬齢 18頭 本賞金:550,220,140,83,55万円",18,550.0,12,2,4,マイネルコンポート,牡,3,57.0,津村,122.5,ハナ,2,4.3,35.9,11-12-15-14,美浦 清水英,480,0,
202404030407,2024-08-18,新潟,7,3歳未勝利,芝,2000,左,晴,良,"3回 新潟 4日目 サラ系３歳 未勝利       [指] 馬齢 18頭 本賞金:550,220,140,83,55万円",18,550.0,13,8,16,ペーシュメルバ,牝,3,55.0,柴田大,122.6,1/2,8,42.9,36.4,5-5-6-7,美浦 尾関,430,2,
202404030407,2024-08-18,新潟,7,3歳未勝利,芝,2000,左,晴,良,"3回 新潟 4日目 サラ系３歳 未勝利       [指] 馬齢 18頭 本賞金:550,220,140,83,55万円",18,550.0,14,8,18,ベニカケソラ,牡,3,54.0,▲佐藤,123.1,3.1/2,18,494.6,36.4,13-15-16-18,美浦 杉浦,430,-8,
202404030407,2024-08-18,新潟,7,3歳未勝利,芝,2000,左,晴,良,"3回 新潟 4日目 サラ系３歳 未勝利       [指] 馬齢 18頭 本賞金:550,220,140,83,55万円",18,550.0,15,1,2,プリティキッス,牝,3,55.0,野中,123.2,クビ,11,149.0,36.7,18-18-11-10,美浦 田島,448,-8,
202404030407,2024-08-18,新潟,7,3歳未勝利,芝,2000,左,晴,良,"3回 新潟 4日目 サラ系３歳 未勝利       [指] 馬齢 18頭 本賞金:550,220,140,83,55万円",18,550.0,16,7,13,エデバリ,牝,3,51.0,★大江比,123.3,1/2,16,292.2,37.4,3-3-3-4,美浦 加藤和,454,0,
202404030407,2024-08-18,新潟,7,3歳未勝利,芝,2000,左,晴,良,"3回 新潟 4日目 サラ系３歳 未勝利       [指] 馬齢 18頭 本賞金:550,220,140,83,55万円",18,550.0,17,4,8,ピースソックス,牝,3,55.0,木幡巧,124.1,5,12,160.8,37.4,15-15-16-14,美浦 牧,428,0,
202404030407,2024-08-18,新潟,7,3歳未勝利,芝,2000,左,晴,良,"3回 新潟 4日目 サラ系３歳 未勝利       [指] 馬齢 18頭 本賞金:550,220,140,83,55万円",18,550.0,18,3,5,セキセイ,牡,3,57.0,松岡,126.7,大,10,134.3,41.0,1-1-1-4,美浦 田中剛,470,-4,
202404030408,2024-08-18,新潟,8,3歳以上1勝クラス,ダ,1200,左,晴,良,"3回 新潟 4日目 サラ系３歳以上 １勝クラス       [指] 定量 15頭 本賞金:800,320,200,120,80万円",15,800.0,1,3,5,アイズ,牡,3,53.0,▲石神道,71.8,,2,4.4,36.5,2-2,美浦 菊沢,490,12,
202404030408,2024-08-18,新潟,8,3歳以上1勝クラス,ダ,1200,左,晴,良,"3回 新潟 4日目 サラ系３歳以上 １勝クラス       [指] 定量 15頭 本賞金:800,320,200,120,80万円",15,800.0,2,2,2,メモリーグラス,牡,4,58.0,木幡育,72.3,3,10,54.3,36.7,5-4,美浦 松永康,476,6,
202404030408,2024-08-18,新潟,8,3歳以上1勝クラス,ダ,1200,左,晴,良,"3回 新潟 4日目 サラ系３歳以上 １勝クラス       [指] 定量 15頭 本賞金:800,320,200,120,80万円",15,800.0,3,1,1,リプレゼント,牡,4,58.0,菅原明,72.5,1.1/4,3,4.7,36.4,8-8,美浦 高柳瑞,512,10,
202404030408,2024-08-18,新潟,8,3歳以上1勝クラス,ダ,1200,左,晴,良,"3回 新潟 4日目 サラ系３歳以上 １勝クラス       [指] 定量 15頭 本賞金:800,320,200,120,80万円",15,800.0,4,4,6,ヴィクトリーロード,牡,4,58.0,内田博,72.9,2.1/2,8,27.9,37.5,2-4,美浦 畠山,476,0,
202404030408,2024-08-18,新潟,8,3歳以上1勝クラス,ダ,1200,左,晴,良,"3回 新潟 4日目 サラ系３歳以上 １勝クラス       [指] 定量 15頭 本賞金:800,320,200,120,80万円",15,800.0,5,7,13,オリエンタルキング,牡,5,58.0,荻野極,73.2,1.3/4,12,209.6,37.0,8-8,美浦 伊坂,500,-4,
202404030408,2024-08-18,新潟,8,3歳以上1勝クラス,ダ,1200,左,晴,良,"3回 新潟 4日目 サラ系３歳以上 １勝クラス       [指] 定量 15頭 本賞金:800,320,200,120,80万円",15,800.0,6,6,11,グッドロマンス,牝,4,56.0,吉田豊,73.3,1/2,7,26.6,36.7,11-11,美浦 稲垣,460,6,
202404030408,2024-08-18,新潟,8,3歳以上1勝クラス,ダ,1200,左,晴,良,"3回 新潟 4日目 サラ系３歳以上 １勝クラス       [指] 定量 15頭 本賞金:800,320,200,120,80万円",15,800.0,7,2,3,パイリヴレ,牝,4,56.0,丸山,73.4,1/2,6,23.4,38.1,2-2,美浦 鈴木伸,506,24,
202404030408,2024-08-18,新潟,8,3歳以上1勝クラス,ダ,1200,左,晴,良,"3回 新潟 4日目 サラ系３歳以上 １勝クラス       [指] 定量 15頭 本賞金:800,320,200,120,80万円",15,800.0,8,8,14,グラスブランシュ,牝,3,54.0,石橋脩,73.4,クビ,5,13.8,36.7,12-12,美浦 松山,460,2,
202404030408,2024-08-18,新潟,8,3歳以上1勝クラス,ダ,1200,左,晴,良,"3回 新潟 4日目 サラ系３歳以上 １勝クラス       [指] 定量 15頭 本賞金:800,320,200,120,80万円",15,800.0,9,5,9,ヘレンキムゼー,牡,5,58.0,三浦,73.7,1.3/4,4,9.0,38.2,5-6,美浦 古賀,498,6,
202404030408,2024-08-18,新潟,8,3歳以上1勝クラス,ダ,1200,左,晴,良,"3回 新潟 4日目 サラ系３歳以上 １勝クラス       [指] 定量 15頭 本賞金:800,320,200,120,80万円",15,800.0,10,6,10,ノルドヴェスト,牡,4,58.0,戸崎圭,73.9,3/4,1,2.1,37.2,12-12,美浦 萩原,478,4,
202404030408,2024-08-18,新潟,8,3歳以上1勝クラス,ダ,1200,左,晴,良,"3回 新潟 4日目 サラ系３歳以上 １勝クラス       [指] 定量 15頭 本賞金:800,320,200,120,80万円",15,800.0,11,8,15,サンランシング,牝,6,55.0,☆松本,73.9,クビ,9,45.2,38.8,1-1,美浦 堀内,494,8,
202404030408,2024-08-18,新潟,8,3歳以上1勝クラス,ダ,1200,左,晴,良,"3回 新潟 4日目 サラ系３歳以上 １勝クラス       [指] 定量 15頭 本賞金:800,320,200,120,80万円",15,800.0,12,4,7,マーシヴィガラス,牡,4,58.0,的場,74.0,クビ,11,188.3,37.2,14-14,美浦 的場,524,42,
202404030408,2024-08-18,新潟,8,3歳以上1勝クラス,ダ,1200,左,晴,良,"3回 新潟 4日目 サラ系３歳以上 １勝クラス       [指] 定量 15頭 本賞金:800,320,200,120,80万円",15,800.0,13,5,8,ケイパブル,牝,4,53.0,▲土田,74.6,3.1/2,14,647.2,38.7,7-7,美浦 天間,448,-13,
202404030408,2024-08-18,新潟,8,3歳以上1勝クラス,ダ,1200,左,晴,良,"3回 新潟 4日目 サラ系３歳以上 １勝クラス       [指] 定量 15頭 本賞金:800,320,200,120,80万円",15,800.0,14,3,4,ブルーデイジー,牝,5,53.0,▲佐藤,74.9,1.3/4,15,651.7,38.8,8-10,美浦 的場,450,-4,
202404030408,2024-08-18,新潟,8,3歳以上1勝クラス,ダ,1200,左,晴,良,"3回 新潟 4日目 サラ系３歳以上 １勝クラス       [指] 定量 15頭 本賞金:800,320,200,120,80万円",15,800.0,15,7,12,アイファーマオ,牝,5,54.0,◇藤田菜,75.1,1.1/4,13,232.4,38.0,15-15,美浦 根本,458,16,
202404030409,2024-08-18,新潟,9,閃光特別,芝,1000,直線,晴,良,"3回 新潟 4日目 サラ系３歳以上 １勝クラス       (混)[指] 定量 18頭 本賞金:1110,440,280,170,111万円",18,1110.0,1,8,16,トレブランシュ,牝,4,56.0,吉田豊,54.6,,6,10.7,32.5,3,美浦 稲垣,422,-4,
202404030409,2024-08-18,新潟,9,閃光特別,芝,1000,直線,晴,良,"3回 新潟 4日目 サラ系３歳以上 １勝クラス       (混)[指] 定量 18頭 本賞金:1110,440,280,170,111万円",18,1110.0,2,5,9,ルクスパラディ,牝,3,54.0,菅原明,54.6,クビ,9,26.7,32.5,3,美浦 上原佑,410,6,
202404030409,2024-08-18,新潟,9,閃光特別,芝,1000,直線,晴,良,"3回 新潟 4日目 サラ系３歳以上 １勝クラス       (混)[指] 定量 18頭 本賞金:1110,440,280,170,111万円",18,1110.0,3,6,12,クールベイビー,牝,3,54.0,荻野極,54.6,アタマ,1,3.1,32.7,1,美浦 矢野,466,-4,
202404030409,2024-08-18,新潟,9,閃光特別,芝,1000,直線,晴,良,"3回 新潟 4日目 サラ系３歳以上 １勝クラス       (混)[指] 定量 18頭 本賞金:1110,440,280,170,111万円",18,1110.0,4,8,18,パワポケビー,牝,5,56.0,津村,54.8,1.1/4,5,9.5,32.5,6,美浦 矢嶋,496,2,
202404030409,2024-08-18,新潟,9,閃光特別,芝,1000,直線,晴,良,"3回 新潟 4日目 サラ系３歳以上 １勝クラス       (混)[指] 定量 18頭 本賞金:1110,440,280,170,111万円",18,1110.0,5,8,17,ベリーベリーベリー,牝,4,56.0,三浦,55.0,1.1/2,2,5.9,32.4,11,美浦 鈴木伸,448,0,
202404030409,2024-08-18,新潟,9,閃光特別,芝,1000,直線,晴,良,"3回 新潟 4日目 サラ系３歳以上 １勝クラス       (混)[指] 定量 18頭 本賞金:1110,440,280,170,111万円",18,1110.0,6,7,15,デフィデリ,牡,5,58.0,石橋脩,55.2,3/4,11,31.4,32.9,6,美浦 南田,466,2,
202404030409,2024-08-18,新潟,9,閃光特別,芝,1000,直線,晴,良,"3回 新潟 4日目 サラ系３歳以上 １勝クラス       (混)[指] 定量 18頭 本賞金:1110,440,280,170,111万円",18,1110.0,7,7,13,ホウオウジュビリー,牝,4,56.0,丸田,55.3,3/4,4,9.3,32.6,12,美浦 西田,474,16,
202404030409,2024-08-18,新潟,9,閃光特別,芝,1000,直線,晴,良,"3回 新潟 4日目 サラ系３歳以上 １勝クラス       (混)[指] 定量 18頭 本賞金:1110,440,280,170,111万円",18,1110.0,8,2,3,カレンナオトメ,牝,3,54.0,嶋田,55.3,クビ,13,41.4,32.0,16,美浦 小野,410,-6,
202404030409,2024-08-18,新潟,9,閃光特別,芝,1000,直線,晴,良,"3回 新潟 4日目 サラ系３歳以上 １勝クラス       (混)[指] 定量 18頭 本賞金:1110,440,280,170,111万円",18,1110.0,9,3,6,オコジュ,牝,4,56.0,内田博,55.3,アタマ,15,76.4,32.8,9,美浦 矢嶋,466,6,
202404030409,2024-08-18,新潟,9,閃光特別,芝,1000,直線,晴,良,"3回 新潟 4日目 サラ系３歳以上 １勝クラス       (混)[指] 定量 18頭 本賞金:1110,440,280,170,111万円",18,1110.0,10,1,1,ローズブルーム,牝,5,56.0,小林脩,55.7,2.1/2,17,190.3,33.0,12,美浦 伊藤大,458,2,
202404030409,2024-08-18,新潟,9,閃光特別,芝,1000,直線,晴,良,"3回 新潟 4日目 サラ系３歳以上 １勝クラス       (混)[指] 定量 18頭 本賞金:1110,440,280,170,111万円",18,1110.0,11,6,11,ミツカネムーン,牝,5,56.0,菊沢,55.8,3/4,14,62.3,33.3,9,美浦 清水英,448,-2,
202404030409,2024-08-18,新潟,9,閃光特別,芝,1000,直線,晴,良,"3回 新潟 4日目 サラ系３歳以上 １勝クラス       (混)[指] 定量 18頭 本賞金:1110,440,280,170,111万円",18,1110.0,12,4,7,マルモリディライト,牝,4,56.0,柴田大,56.0,1.1/4,12,41.4,33.7,6,美浦 和田雄,468,-2,
202404030409,2024-08-18,新潟,9,閃光特別,芝,1000,直線,晴,良,"3回 新潟 4日目 サラ系３歳以上 １勝クラス       (混)[指] 定量 18頭 本賞金:1110,440,280,170,111万円",18,1110.0,13,7,14,チャコワールド,牡,5,58.0,藤田菜,56.5,3,16,105.9,33.1,18,美浦 根本,448,-6,
202404030409,2024-08-18,新潟,9,閃光特別,芝,1000,直線,晴,良,"3回 新潟 4日目 サラ系３歳以上 １勝クラス       (混)[指] 定量 18頭 本賞金:1110,440,280,170,111万円",18,1110.0,14,2,4,ダノンフレア,牝,4,56.0,戸崎圭,56.5,アタマ,8,20.0,33.2,16,美浦 萩原,456,0,
202404030409,2024-08-18,新潟,9,閃光特別,芝,1000,直線,晴,良,"3回 新潟 4日目 サラ系３歳以上 １勝クラス       (混)[指] 定量 18頭 本賞金:1110,440,280,170,111万円",18,1110.0,15,3,5,シーズアクイーン,牝,5,56.0,岩部,56.7,1.1/4,18,516.6,33.8,15,美浦 石毛,450,-4,
202404030409,2024-08-18,新潟,9,閃光特別,芝,1000,直線,晴,良,"3回 新潟 4日目 サラ系３歳以上 １勝クラス       (混)[指] 定量 18頭 本賞金:1110,440,280,170,111万円",18,1110.0,16,1,2,ネイルンノ,牡,3,56.0,石川,56.8,1/2,7,12.1,34.1,12,美浦 尾関,452,0,
202404030409,2024-08-18,新潟,9,閃光特別,芝,1000,直線,晴,良,"3回 新潟 4日目 サラ系３歳以上 １勝クラス       (混)[指] 定量 18頭 本賞金:1110,440,280,170,111万円",18,1110.0,17,4,8,ラクサパーナ,牝,4,56.0,原,57.1,2,3,7.5,35.0,3,美浦 矢野,442,8,
202404030409,2024-08-18,新潟,9,閃光特別,芝,1000,直線,晴,良,"3回 新潟 4日目 サラ系３歳以上 １勝クラス       (混)[指] 定量 18頭 本賞金:1110,440,280,170,111万円",18,1110.0,18,5,10,イルルージュ,牝,4,56.0,野中,57.5,2.1/2,10,29.4,35.5,2,美浦 嘉藤,428,-2,
202404030410,2024-08-18,新潟,10,阿賀野川特別,芝,2200,左,晴,良,"3回 新潟 4日目 サラ系３歳以上 ２勝クラス       (混)(特指) 定量 14頭 本賞金:1550,620,390,230,155万円",14,1550.0,1,6,10,ピースワンデュック,牡,3,55.0,柴田善,131.9,,2,2.8,34.5,6-6-5-5,美浦 大竹,454,0,
202404030410,2024-08-18,新潟,10,阿賀野川特別,芝,2200,左,晴,良,"3回 新潟 4日目 サラ系３歳以上 ２勝クラス       (混)(特指) 定量 14頭 本賞金:1550,620,390,230,155万円",14,1550.0,2,4,6,バッデレイト,牡,3,55.0,ルメー,131.9,ハナ,1,2.4,34.7,3-3-3-3,栗東 上村,466,8,
202404030410,2024-08-18,新潟,10,阿賀野川特別,芝,2200,左,晴,良,"3回 新潟 4日目 サラ系３歳以上 ２勝クラス       (混)(特指) 定量 14頭 本賞金:1550,620,390,230,155万円",14,1550.0,3,8,13,サトノシュトラーセ,牡,3,55.0,Ｍデム,132.0,クビ,3,4.0,35.4,1-1-1-1,栗東 友道,512,-2,
202404030410,2024-08-18,新潟,10,阿賀野川特別,芝,2200,左,晴,良,"3回 新潟 4日目 サラ系３歳以上 ２勝クラス       (混)(特指) 定量 14頭 本賞金:1550,620,390,230,155万円",14,1550.0,4,4,5,アスクナイスショー,牡,3,55.0,石橋脩,132.1,1,4,9.3,35.2,2-2-2-2,美浦 中舘,494,0,
202404030410,2024-08-18,新潟,10,阿賀野川特別,芝,2200,左,晴,良,"3回 新潟 4日目 サラ系３歳以上 ２勝クラス       (混)(特指) 定量 14頭 本賞金:1550,620,390,230,155万円",14,1550.0,5,8,14,ネビュルーズ,牡,4,58.0,内田博,132.8,4,8,77.4,35.2,8-8-7-6,美浦 鹿戸,488,2,
202404030410,2024-08-18,新潟,10,阿賀野川特別,芝,2200,左,晴,良,"3回 新潟 4日目 サラ系３歳以上 ２勝クラス       (混)(特指) 定量 14頭 本賞金:1550,620,390,230,155万円",14,1550.0,6,2,2,ウインマイルート,牡,5,58.0,松岡,132.8,ハナ,7,47.2,35.6,3-5-3-3,美浦 鈴木慎,462,6,
202404030410,2024-08-18,新潟,10,阿賀野川特別,芝,2200,左,晴,良,"3回 新潟 4日目 サラ系３歳以上 ２勝クラス       (混)(特指) 定量 14頭 本賞金:1550,620,390,230,155万円",14,1550.0,7,7,11,タガノバルコス,牡,5,58.0,丸山,133.1,2,11,221.0,35.1,10-10-9-9,栗東 鮫島,472,-6,
202404030410,2024-08-18,新潟,10,阿賀野川特別,芝,2200,左,晴,良,"3回 新潟 4日目 サラ系３歳以上 ２勝クラス       (混)(特指) 定量 14頭 本賞金:1550,620,390,230,155万円",14,1550.0,8,5,7,リニュー,牡,5,58.0,菊沢,133.3,1,10,173.2,35.6,7-7-8-8,美浦 清水英,462,4,
202404030410,2024-08-18,新潟,10,阿賀野川特別,芝,2200,左,晴,良,"3回 新潟 4日目 サラ系３歳以上 ２勝クラス       (混)(特指) 定量 14頭 本賞金:1550,620,390,230,155万円",14,1550.0,9,7,12,オリエンタルナイト,牡,3,55.0,津村,134.7,9,5,19.6,37.2,3-3-5-6,栗東 寺島,514,-4,
202404030410,2024-08-18,新潟,10,阿賀野川特別,芝,2200,左,晴,良,"3回 新潟 4日目 サラ系３歳以上 ２勝クラス       (混)(特指) 定量 14頭 本賞金:1550,620,390,230,155万円",14,1550.0,10,6,9,シルバープリペット,牡,4,58.0,嶋田,134.9,3/4,12,356.9,36.5,9-9-10-10,美浦 松山,460,-4,
202404030410,2024-08-18,新潟,10,阿賀野川特別,芝,2200,左,晴,良,"3回 新潟 4日目 サラ系３歳以上 ２勝クラス       (混)(特指) 定量 14頭 本賞金:1550,620,390,230,155万円",14,1550.0,11,3,3,シャインユニバンス,牝,6,56.0,菅原明,135.4,3,6,38.5,35.5,12-12-12-12,美浦 田村,434,2,
202404030410,2024-08-18,新潟,10,阿賀野川特別,芝,2200,左,晴,良,"3回 新潟 4日目 サラ系３歳以上 ２勝クラス       (混)(特指) 定量 14頭 本賞金:1550,620,390,230,155万円",14,1550.0,12,1,1,レッドエンヴィー,牡,8,58.0,石川,136.1,4,9,162.4,35.8,13-13-13-13,栗東 坂口,504,-2,
202404030410,2024-08-18,新潟,10,阿賀野川特別,芝,2200,左,晴,良,"3回 新潟 4日目 サラ系３歳以上 ２勝クラス       (混)(特指) 定量 14頭 本賞金:1550,620,390,230,155万円",14,1550.0,13,5,8,コロンドール,セ,7,58.0,江田照,136.3,1,13,605.6,37.3,11-11-11-11,美浦 和田雄,492,0,
202404030410,2024-08-18,新潟,10,阿賀野川特別,芝,2200,左,晴,良,"3回 新潟 4日目 サラ系３歳以上 ２勝クラス       (混)(特指) 定量 14頭 本賞金:1550,620,390,230,155万円",14,1550.0,,3,4,マイネルトルファン,牡,5,58.0,三浦,,,,,,,美浦 高木,510,0,除外
202404030411,2024-08-18,新潟,11,NST賞,ダ,1200,左,晴,良,"3回 新潟 4日目 サラ系３歳以上 オープン       (国際)(特指) ハンデ 14頭 本賞金:2200,880,550,330,220万円",14,2200.0,1,7,12,メタマックス,牡,4,56.0,菅原明,71.4,,3,6.0,36.5,7-6,栗東 森秀,528,2,
202404030411,2024-08-18,新潟,11,NST賞,ダ,1200,左,晴,良,"3回 新潟 4日目 サラ系３歳以上 オープン       (国際)(特指) ハンデ 14頭 本賞金:2200,880,550,330,220万円",14,2200.0,2,4,5,アルファマム,牝,5,56.0,三浦,71.6,1.1/4,2,5.4,36.1,12-12,栗東 佐々木,458,-12,
202404030411,2024-08-18,新潟,11,NST賞,ダ,1200,左,晴,良,"3回 新潟 4日目 サラ系３歳以上 オープン       (国際)(特指) ハンデ 14頭 本賞金:2200,880,550,330,220万円",14,2200.0,3,5,8,メズメライザー,セ,5,55.0,戸崎圭,71.7,1/2,5,18.8,36.5,10-9,栗東 千田,528,4,
202404030411,2024-08-18,新潟,11,NST賞,ダ,1200,左,晴,良,"3回 新潟 4日目 サラ系３歳以上 オープン       (国際)(特指) ハンデ 14頭 本賞金:2200,880,550,330,220万円",14,2200.0,4,8,13,コパノニコルソン,牡,5,55.0,内田博,71.7,クビ,7,28.6,36.5,10-9,栗東 宮,530,-4,
202404030411,2024-08-18,新潟,11,NST賞,ダ,1200,左,晴,良,"3回 新潟 4日目 サラ系３歳以上 オープン       (国際)(特指) ハンデ 14頭 本賞金:2200,880,550,330,220万円",14,2200.0,5,6,10,マニバドラ,牡,4,57.5,ルメー,71.8,1/2,1,1.6,37.8,2-2,栗東 森秀,526,6,
202404030411,2024-08-18,新潟,11,NST賞,ダ,1200,左,晴,良,"3回 新潟 4日目 サラ系３歳以上 オープン       (国際)(特指) ハンデ 14頭 本賞金:2200,880,550,330,220万円",14,2200.0,6,4,6,ダノンミカエル,牝,4,50.0,岡田,71.8,アタマ,9,43.9,36.8,9-9,栗東 安田,418,0,
202404030411,2024-08-18,新潟,11,NST賞,ダ,1200,左,晴,良,"3回 新潟 4日目 サラ系３歳以上 オープン       (国際)(特指) ハンデ 14頭 本賞金:2200,880,550,330,220万円",14,2200.0,7,5,7,コパノパサディナ,牡,4,56.0,原,71.9,クビ,6,22.4,36.5,12-12,栗東 村山,534,4,
202404030411,2024-08-18,新潟,11,NST賞,ダ,1200,左,晴,良,"3回 新潟 4日目 サラ系３歳以上 オープン       (国際)(特指) ハンデ 14頭 本賞金:2200,880,550,330,220万円",14,2200.0,8,2,2,デュアリスト,牡,6,58.5,小崎,72.1,1.1/4,10,63.0,37.8,4-4,栗東 福永,512,-2,
202404030411,2024-08-18,新潟,11,NST賞,ダ,1200,左,晴,良,"3回 新潟 4日目 サラ系３歳以上 オープン       (国際)(特指) ハンデ 14頭 本賞金:2200,880,550,330,220万円",14,2200.0,9,1,1,サクセスローレル,牡,5,54.0,松岡,72.2,1/2,14,164.4,36.6,14-14,栗東 北出,538,14,
202404030411,2024-08-18,新潟,11,NST賞,ダ,1200,左,晴,良,"3回 新潟 4日目 サラ系３歳以上 オープン       (国際)(特指) ハンデ 14頭 本賞金:2200,880,550,330,220万円",14,2200.0,10,7,11,ピンシャン,牡,7,56.0,石橋脩,72.3,3/4,13,114.1,38.0,4-4,栗東 森秀,480,-2,
202404030411,2024-08-18,新潟,11,NST賞,ダ,1200,左,晴,良,"3回 新潟 4日目 サラ系３歳以上 オープン       (国際)(特指) ハンデ 14頭 本賞金:2200,880,550,330,220万円",14,2200.0,11,3,3,シゲルホサヤク,牡,6,54.0,高倉,72.8,3,12,89.2,37.9,7-6,栗東 藤沢,476,-4,
202404030411,2024-08-18,新潟,11,NST賞,ダ,1200,左,晴,良,"3回 新潟 4日目 サラ系３歳以上 オープン       (国際)(特指) ハンデ 14頭 本賞金:2200,880,550,330,220万円",14,2200.0,12,6,9,ロードエクレール,牡,6,56.0,津村,73.1,2,4,16.0,38.3,6-6,美浦 斎藤誠,476,-2,
202404030411,2024-08-18,新潟,11,NST賞,ダ,1200,左,晴,良,"3回 新潟 4日目 サラ系３歳以上 オープン       (国際)(特指) ハンデ 14頭 本賞金:2200,880,550,330,220万円",14,2200.0,13,8,14,ナックドロップス,牝,5,52.0,木幡育,73.3,1.1/4,11,75.3,39.2,2-3,美浦 杉浦,464,2,
202404030411,2024-08-18,新潟,11,NST賞,ダ,1200,左,晴,良,"3回 新潟 4日目 サラ系３歳以上 オープン       (国際)(特指) ハンデ 14頭 本賞金:2200,880,550,330,220万円",14,2200.0,14,3,4,ヴァガボンド,牡,6,55.0,丸山,75.0,10,8,37.4,41.2,1-1,栗東 清水久,496,4,
202404030412,2024-08-18,新潟,12,3歳以上1勝クラス,ダ,1800,左,晴,良,"3回 新潟 4日目 サラ系３歳以上 １勝クラス       (混)[指] 定量 15頭 本賞金:800,320,200,120,80万円",15,800.0,1,2,2,サンダーアラート,セ,3,55.0,戸崎圭,113.1,,2,4.1,38.4,5-5-5-3,美浦 田中博,472,8,
202404030412,2024-08-18,新潟,12,3歳以上1勝クラス,ダ,1800,左,晴,良,"3回 新潟 4日目 サラ系３歳以上 １勝クラス       (混)[指] 定量 15頭 本賞金:800,320,200,120,80万円",15,800.0,2,5,9,ブライテストドーン,セ,4,58.0,Ｍデム,113.2,クビ,7,24.2,38.8,4-4-3-2,美浦 田島,516,-2,
202404030412,2024-08-18,新潟,12,3歳以上1勝クラス,ダ,1800,左,晴,良,"3回 新潟 4日目 サラ系３歳以上 １勝クラス       (混)[指] 定量 15頭 本賞金:800,320,200,120,80万円",15,800.0,3,8,14,コレクテイニア,牡,4,58.0,吉田豊,113.7,3,5,12.7,38.3,12-12-8-8,美浦 戸田,468,6,
202404030412,2024-08-18,新潟,12,3歳以上1勝クラス,ダ,1800,左,晴,良,"3回 新潟 4日目 サラ系３歳以上 １勝クラス       (混)[指] 定量 15頭 本賞金:800,320,200,120,80万円",15,800.0,4,8,15,ノーブルアクト,牝,4,53.0,▲石田,113.8,3/4,11,64.1,38.7,7-7-6-6,美浦 上原博,514,12,
202404030412,2024-08-18,新潟,12,3歳以上1勝クラス,ダ,1800,左,晴,良,"3回 新潟 4日目 サラ系３歳以上 １勝クラス       (混)[指] 定量 15頭 本賞金:800,320,200,120,80万円",15,800.0,5,7,13,コトブキヘスペラス,牡,4,58.0,柴田善,114.0,3/4,9,50.1,38.6,9-10-8-7,美浦 金成,458,4,
202404030412,2024-08-18,新潟,12,3歳以上1勝クラス,ダ,1800,左,晴,良,"3回 新潟 4日目 サラ系３歳以上 １勝クラス       (混)[指] 定量 15頭 本賞金:800,320,200,120,80万円",15,800.0,6,7,12,ヘヴンリーハンド,セ,3,55.0,木幡巧,114.1,1,10,51.4,37.6,15-15-14-11,美浦 武井,510,8,
202404030412,2024-08-18,新潟,12,3歳以上1勝クラス,ダ,1800,左,晴,良,"3回 新潟 4日目 サラ系３歳以上 １勝クラス       (混)[指] 定量 15頭 本賞金:800,320,200,120,80万円",15,800.0,7,4,7,ハンデンカイザー,牡,3,55.0,野中,114.2,1/2,1,2.1,40.2,2-2-1-1,美浦 牧,506,-2,
202404030412,2024-08-18,新潟,12,3歳以上1勝クラス,ダ,1800,左,晴,良,"3回 新潟 4日目 サラ系３歳以上 １勝クラス       (混)[指] 定量 15頭 本賞金:800,320,200,120,80万円",15,800.0,8,3,4,ディアスポラ,牡,3,55.0,内田博,115.2,6,4,9.8,38.8,9-10-12-14,美浦 田中剛,504,0,
202404030412,2024-08-18,新潟,12,3歳以上1勝クラス,ダ,1800,左,晴,良,"3回 新潟 4日目 サラ系３歳以上 １勝クラス       (混)[指] 定量 15頭 本賞金:800,320,200,120,80万円",15,800.0,9,6,11,ビーティングハート,牝,4,56.0,丸田,115.6,2.1/2,8,36.2,39.4,14-14-11-10,美浦 嘉藤,460,-10,
202404030412,2024-08-18,新潟,12,3歳以上1勝クラス,ダ,1800,左,晴,良,"3回 新潟 4日目 サラ系３歳以上 １勝クラス       (混)[指] 定量 15頭 本賞金:800,320,200,120,80万円",15,800.0,10,5,8,コスモヴィーコ,牡,3,55.0,松岡,116.2,3.1/2,13,120.9,41.8,3-3-3-5,美浦 黒岩,482,8,
202404030412,2024-08-18,新潟,12,3歳以上1勝クラス,ダ,1800,左,晴,良,"3回 新潟 4日目 サラ系３歳以上 １勝クラス       (混)[指] 定量 15頭 本賞金:800,320,200,120,80万円",15,800.0,11,1,1,ロードレヴェランス,牡,3,55.0,菅原明,116.3,クビ,3,7.6,39.9,13-13-12-11,美浦 斎藤誠,504,8,
202404030412,2024-08-18,新潟,12,3歳以上1勝クラス,ダ,1800,左,晴,良,"3回 新潟 4日目 サラ系３歳以上 １勝クラス       (混)[指] 定量 15頭 本賞金:800,320,200,120,80万円",15,800.0,12,4,6,ワンダフルヘヴン,牝,5,54.0,△小林脩,116.3,アタマ,12,112.3,41.1,5-5-6-8,美浦 久保田,492,8,
202404030412,2024-08-18,新潟,12,3歳以上1勝クラス,ダ,1800,左,晴,良,"3回 新潟 4日目 サラ系３歳以上 １勝クラス       (混)[指] 定量 15頭 本賞金:800,320,200,120,80万円",15,800.0,13,3,5,チュウワエース,牡,5,58.0,原田和,118.2,大,14,214.1,42.3,7-7-10-11,美浦 栗田,466,0,
202404030412,2024-08-18,新潟,12,3歳以上1勝クラス,ダ,1800,左,晴,良,"3回 新潟 4日目 サラ系３歳以上 １勝クラス       (混)[指] 定量 15頭 本賞金:800,320,200,120,80万円",15,800.0,14,6,10,ヘラクレスノット,セ,4,58.0,江田照,120.4,大,15,227.2,43.6,9-9-15-15,美浦 佐藤吉,458,16,
202404030412,2024-08-18,新潟,12,3歳以上1勝クラス,ダ,1800,左,晴,良,"3回 新潟 4日目 サラ系３歳以上 １勝クラス       (混)[指] 定量 15頭 本賞金:800,320,200,120,80万円",15,800.0,15,2,3,マスグラバイト,セ,4,58.0,丸山,126.9,大,6,13.2,52.7,1-1-2-3,美浦 高木,472,-12,
202407020401,2024-08-18,中京,1,3歳以上障害未勝利,障,3000,,晴,良,"2回 中京 4日目 障害３歳以上 未勝利       (混) 定量 12頭 本賞金:790,320,200,120,79万円",12,790.0,1,2,2,プリモスペランツァ,牡,5,60.0,田村,195.8,,1,1.7,13.1,2-2-3-2,栗東 中竹,504,4,
202407020401,2024-08-18,中京,1,3歳以上障害未勝利,障,3000,,晴,良,"2回 中京 4日目 障害３歳以上 未勝利       (混) 定量 12頭 本賞金:790,320,200,120,79万円",12,790.0,2,8,11,トーアモルペウス,セ,4,60.0,石神深,196.2,2.1/2,4,7.8,13.1,2-2-1-1,美浦 辻,484,-2,
202407020401,2024-08-18,中京,1,3歳以上障害未勝利,障,3000,,晴,良,"2回 中京 4日目 障害３歳以上 未勝利       (混) 定量 12頭 本賞金:790,320,200,120,79万円",12,790.0,3,5,5,テンコマンドゥール,牡,4,57.0,▲坂口,196.4,1.1/4,8,62.6,13.1,9-9-4-3,美浦 矢野,484,0,
202407020401,2024-08-18,中京,1,3歳以上障害未勝利,障,3000,,晴,良,"2回 中京 4日目 障害３歳以上 未勝利       (混) 定量 12頭 本賞金:790,320,200,120,79万円",12,790.0,4,7,10,カイトレッド,牝,7,58.0,上野,197.1,4,5,9.1,13.1,1-1-2-3,美浦 和田雄,482,0,
202407020401,2024-08-18,中京,1,3歳以上障害未勝利,障,3000,,晴,良,"2回 中京 4日目 障害３歳以上 未勝利       (混) 定量 12頭 本賞金:790,320,200,120,79万円",12,790.0,5,5,6,トップスターサン,牡,6,60.0,小野寺,197.9,5,6,25.3,13.2,7-7-5-5,栗東 小椋,524,2,
202407020401,2024-08-18,中京,1,3歳以上障害未勝利,障,3000,,晴,良,"2回 中京 4日目 障害３歳以上 未勝利       (混) 定量 12頭 本賞金:790,320,200,120,79万円",12,790.0,6,3,3,ヨドノマックス,牡,5,60.0,大江圭,198.9,6,12,173.8,13.3,4-4-7-7,美浦 矢嶋,466,14,
202407020401,2024-08-18,中京,1,3歳以上障害未勝利,障,3000,,晴,良,"2回 中京 4日目 障害３歳以上 未勝利       (混) 定量 12頭 本賞金:790,320,200,120,79万円",12,790.0,7,8,12,サンライズグリット,牡,6,60.0,井上,199.1,1,11,70.8,13.3,4-4-8-8,栗東 音無,462,18,
202407020401,2024-08-18,中京,1,3歳以上障害未勝利,障,3000,,晴,良,"2回 中京 4日目 障害３歳以上 未勝利       (混) 定量 12頭 本賞金:790,320,200,120,79万円",12,790.0,8,6,8,テイエムマジック,牡,6,60.0,難波,200.1,6,2,5.3,13.3,7-7-5-6,栗東 鈴木孝,510,-2,
202407020401,2024-08-18,中京,1,3歳以上障害未勝利,障,3000,,晴,良,"2回 中京 4日目 障害３歳以上 未勝利       (混) 定量 12頭 本賞金:790,320,200,120,79万円",12,790.0,9,4,4,シャーマンズケイブ,牡,5,60.0,五十嵐,200.2,クビ,3,7.8,13.3,11-11-10-9,美浦 尾関,518,4,
202407020401,2024-08-18,中京,1,3歳以上障害未勝利,障,3000,,晴,良,"2回 中京 4日目 障害３歳以上 未勝利       (混) 定量 12頭 本賞金:790,320,200,120,79万円",12,790.0,10,7,9,タイセイスラッガー,牡,6,60.0,伴,204.2,大,7,60.6,13.6,12-12-11-11,美浦 古賀,562,26,
202407020401,2024-08-18,中京,1,3歳以上障害未勝利,障,3000,,晴,良,"2回 中京 4日目 障害３歳以上 未勝利       (混) 定量 12頭 本賞金:790,320,200,120,79万円",12,790.0,11,1,1,ディベルティール,セ,6,60.0,小牧加,208.4,大,9,68.7,13.9,9-9-9-10,栗東 藤野,510,16,
202407020401,2024-08-18,中京,1,3歳以上障害未勝利,障,3000,,晴,良,"2回 中京 4日目 障害３歳以上 未勝利       (混) 定量 12頭 本賞金:790,320,200,120,79万円",12,790.0,,6,7,テンカオーライ,牡,4,60.0,中村,,,10,69.9,,4-4-12-12,栗東 松下,514,10,中止
202407020402,2024-08-18,中京,2,3歳未勝利,ダ,1800,左,晴,良,"2回 中京 4日目 サラ系３歳 未勝利       [指] 馬齢 13頭 本賞金:550,220,140,83,55万円",13,550.0,1,5,6,ダブルハートボンド,牝,3,55.0,坂井,113.2,,4,7.4,37.3,2-2-2-1,栗東 大久保,476,0,
202407020402,2024-08-18,中京,2,3歳未勝利,ダ,1800,左,晴,良,"2回 中京 4日目 サラ系３歳 未勝利       [指] 馬齢 13頭 本賞金:550,220,140,83,55万円",13,550.0,2,7,11,ポップスター,牡,3,56.0,☆秋山稔,114.2,6,8,27.3,37.1,13-13-12-11,美浦 南田,506,-4,
202407020402,2024-08-18,中京,2,3歳未勝利,ダ,1800,左,晴,良,"2回 中京 4日目 サラ系３歳 未勝利       [指] 馬齢 13頭 本賞金:550,220,140,83,55万円",13,550.0,3,4,5,モズユイユイ,牡,3,54.0,▲吉村,114.5,1.3/4,1,3.1,38.5,4-4-3-2,栗東 清水久,478,0,
202407020402,2024-08-18,中京,2,3歳未勝利,ダ,1800,左,晴,良,"2回 中京 4日目 サラ系３歳 未勝利       [指] 馬齢 13頭 本賞金:550,220,140,83,55万円",13,550.0,4,2,2,メイショウヴァイゼ,牡,3,57.0,幸,115.0,2.1/2,3,6.1,38.5,4-5-9-8,栗東 安達,502,-6,
202407020402,2024-08-18,中京,2,3歳未勝利,ダ,1800,左,晴,良,"2回 中京 4日目 サラ系３歳 未勝利       [指] 馬齢 13頭 本賞金:550,220,140,83,55万円",13,550.0,5,8,12,カラリパヤット,牡,3,57.0,鮫島駿,115.3,1.3/4,6,8.3,39.1,6-6-4-4,栗東 音無,542,8,
202407020402,2024-08-18,中京,2,3歳未勝利,ダ,1800,左,晴,良,"2回 中京 4日目 サラ系３歳 未勝利       [指] 馬齢 13頭 本賞金:550,220,140,83,55万円",13,550.0,6,8,13,グラスフラッグ,牡,3,57.0,藤懸,115.4,3/4,12,180.2,38.3,12-12-12-11,美浦 小笠,422,-6,
202407020402,2024-08-18,中京,2,3歳未勝利,ダ,1800,左,晴,良,"2回 中京 4日目 サラ系３歳 未勝利       [指] 馬齢 13頭 本賞金:550,220,140,83,55万円",13,550.0,7,7,10,サイモンプレジール,牡,3,57.0,西村淳,115.6,1,5,7.5,39.2,7-9-5-5,美浦 稲垣,462,-2,
202407020402,2024-08-18,中京,2,3歳未勝利,ダ,1800,左,晴,良,"2回 中京 4日目 サラ系３歳 未勝利       [指] 馬齢 13頭 本賞金:550,220,140,83,55万円",13,550.0,8,6,8,レグノ,牡,3,54.0,▲橋木,116.1,3,10,151.8,39.7,7-6-5-5,栗東 西園正,454,0,
202407020402,2024-08-18,中京,2,3歳未勝利,ダ,1800,左,晴,良,"2回 中京 4日目 サラ系３歳 未勝利       [指] 馬齢 13頭 本賞金:550,220,140,83,55万円",13,550.0,9,1,1,ゼンノジーニー,牡,3,56.0,☆角田和,116.5,2.1/2,11,152.7,39.9,10-10-10-8,栗東 飯田,464,0,
202407020402,2024-08-18,中京,2,3歳未勝利,ダ,1800,左,晴,良,"2回 中京 4日目 サラ系３歳 未勝利       [指] 馬齢 13頭 本賞金:550,220,140,83,55万円",13,550.0,10,6,9,タマハガネ,牡,3,57.0,城戸,118.6,大,13,541.9,41.9,10-10-10-10,栗東 荒川,394,-8,
202407020402,2024-08-18,中京,2,3歳未勝利,ダ,1800,左,晴,良,"2回 中京 4日目 サラ系３歳 未勝利       [指] 馬齢 13頭 本賞金:550,220,140,83,55万円",13,550.0,11,5,7,スピークイージー,牡,3,53.0,★河原田,119.9,8,7,24.2,44.1,1-1-1-3,栗東 本田,476,-4,
202407020402,2024-08-18,中京,2,3歳未勝利,ダ,1800,左,晴,良,"2回 中京 4日目 サラ系３歳 未勝利       [指] 馬齢 13頭 本賞金:550,220,140,83,55万円",13,550.0,12,4,4,エクセレンアーサー,牡,3,56.0,☆小沢,120.0,クビ,9,53.2,43.6,3-3-5-13,栗東 武英,484,2,
202407020402,2024-08-18,中京,2,3歳未勝利,ダ,1800,左,晴,良,"2回 中京 4日目 サラ系３歳 未勝利       [指] 馬齢 13頭 本賞金:550,220,140,83,55万円",13,550.0,13,3,3,ソングライター,牡,3,57.0,団野,120.9,5,2,3.7,44.6,7-6-5-7,栗東 野中,496,-6,
202407020403,2024-08-18,中京,3,2歳未勝利,芝,2000,左,晴,良,"2回 中京 4日目 サラ系２歳 未勝利       (混)[指] 馬齢 6頭 本賞金:550,220,140,83,55万円",6,550.0,1,1,1,サラコスティ,牡,2,55.0,坂井,120.4,,1,1.1,34.0,1-1-1-1,栗東 池添,462,0,
202407020403,2024-08-18,中京,3,2歳未勝利,芝,2000,左,晴,良,"2回 中京 4日目 サラ系２歳 未勝利       (混)[指] 馬齢 6頭 本賞金:550,220,140,83,55万円",6,550.0,2,2,2,バッケンレコード,牡,2,54.0,☆角田和,121.9,9,3,11.3,35.2,2-3-2-2,栗東 河内,456,-2,
202407020403,2024-08-18,中京,3,2歳未勝利,芝,2000,左,晴,良,"2回 中京 4日目 サラ系２歳 未勝利       (混)[指] 馬齢 6頭 本賞金:550,220,140,83,55万円",6,550.0,3,4,4,ウインポセイドン,牡,2,55.0,和田竜,122.5,3.1/2,4,11.8,35.5,4-4-4-4,栗東 奥村豊,470,0,
202407020403,2024-08-18,中京,3,2歳未勝利,芝,2000,左,晴,良,"2回 中京 4日目 サラ系２歳 未勝利       (混)[指] 馬齢 6頭 本賞金:550,220,140,83,55万円",6,550.0,4,3,3,シーク,牡,2,55.0,鮫島駿,122.7,1,2,5.6,36.0,2-2-2-2,栗東 角田,514,6,
202407020403,2024-08-18,中京,3,2歳未勝利,芝,2000,左,晴,良,"2回 中京 4日目 サラ系２歳 未勝利       (混)[指] 馬齢 6頭 本賞金:550,220,140,83,55万円",6,550.0,5,5,5,アルマリアルト,牡,2,54.0,☆小沢,124.9,大,5,104.5,37.4,4-5-5-5,栗東 庄野,498,-4,
202407020403,2024-08-18,中京,3,2歳未勝利,芝,2000,左,晴,良,"2回 中京 4日目 サラ系２歳 未勝利       (混)[指] 馬齢 6頭 本賞金:550,220,140,83,55万円",6,550.0,6,6,6,ヤッホーキリシマ,牡,2,51.0,★河原田,125.2,1.3/4,6,129.8,37.7,6-5-5-5,栗東 笹田,476,0,
202407020404,2024-08-18,中京,4,3歳未勝利,ダ,1400,左,晴,良,"2回 中京 4日目 サラ系３歳 未勝利       (混)[指] 馬齢 16頭 本賞金:550,220,140,83,55万円",16,550.0,1,7,13,ベルダイナフェロー,牝,3,55.0,酒井,85.3,,7,12.9,38.6,4-3,栗東 須貝,480,-8,
202407020404,2024-08-18,中京,4,3歳未勝利,ダ,1400,左,晴,良,"2回 中京 4日目 サラ系３歳 未勝利       (混)[指] 馬齢 16頭 本賞金:550,220,140,83,55万円",16,550.0,2,3,6,ヤマニントゥルシー,牡,3,53.0,★河原田,85.9,3.1/2,11,84.4,38.8,8-7,栗東 木原,470,-2,
202407020404,2024-08-18,中京,4,3歳未勝利,ダ,1400,左,晴,良,"2回 中京 4日目 サラ系３歳 未勝利       (混)[指] 馬齢 16頭 本賞金:550,220,140,83,55万円",16,550.0,3,6,12,ノイヤーヘルト,牡,3,57.0,団野,86.0,3/4,1,3.4,37.9,15-14,栗東 中竹,516,-4,
202407020404,2024-08-18,中京,4,3歳未勝利,ダ,1400,左,晴,良,"2回 中京 4日目 サラ系３歳 未勝利       (混)[指] 馬齢 16頭 本賞金:550,220,140,83,55万円",16,550.0,4,4,8,アリスヴィクトリア,牝,3,52.0,▲吉村,86.2,3/4,9,34.1,39.7,3-3,栗東 中内田,450,-4,
202407020404,2024-08-18,中京,4,3歳未勝利,ダ,1400,左,晴,良,"2回 中京 4日目 サラ系３歳 未勝利       (混)[指] 馬齢 16頭 本賞金:550,220,140,83,55万円",16,550.0,5,8,16,キエンバンジョウ,牡,3,57.0,幸,86.3,1/2,10,56.3,38.5,13-11,栗東 笹田,514,2,
202407020404,2024-08-18,中京,4,3歳未勝利,ダ,1400,左,晴,良,"2回 中京 4日目 サラ系３歳 未勝利       (混)[指] 馬齢 16頭 本賞金:550,220,140,83,55万円",16,550.0,6,5,10,エクステンシヴリー,牡,3,57.0,西村淳,86.3,アタマ,3,6.1,38.5,13-11,栗東 小栗,520,0,
202407020404,2024-08-18,中京,4,3歳未勝利,ダ,1400,左,晴,良,"2回 中京 4日目 サラ系３歳 未勝利       (混)[指] 馬齢 16頭 本賞金:550,220,140,83,55万円",16,550.0,7,7,14,シャッフルガール,牝,3,55.0,川須,86.3,クビ,5,9.7,40.0,2-2,栗東 河嶋,452,-2,
202407020404,2024-08-18,中京,4,3歳未勝利,ダ,1400,左,晴,良,"2回 中京 4日目 サラ系３歳 未勝利       (混)[指] 馬齢 16頭 本賞金:550,220,140,83,55万円",16,550.0,8,6,11,ヴァルタリ,牡,3,57.0,北村友,86.6,1.3/4,8,24.9,38.6,15-16,栗東 宮本,516,-6,
202407020404,2024-08-18,中京,4,3歳未勝利,ダ,1400,左,晴,良,"2回 中京 4日目 サラ系３歳 未勝利       (混)[指] 馬齢 16頭 本賞金:550,220,140,83,55万円",16,550.0,9,2,3,アンモード,牡,3,57.0,坂井,86.7,1/2,2,3.4,39.6,8-9,栗東 西村,494,2,
202407020404,2024-08-18,中京,4,3歳未勝利,ダ,1400,左,晴,良,"2回 中京 4日目 サラ系３歳 未勝利       (混)[指] 馬齢 16頭 本賞金:550,220,140,83,55万円",16,550.0,10,1,1,ダイジェスト,牡,3,57.0,国分優,86.7,ハナ,4,8.8,40.0,4-5,栗東 坂口,448,0,
202407020404,2024-08-18,中京,4,3歳未勝利,ダ,1400,左,晴,良,"2回 中京 4日目 サラ系３歳 未勝利       (混)[指] 馬齢 16頭 本賞金:550,220,140,83,55万円",16,550.0,11,1,2,ロードクルーガー,牡,3,57.0,長岡,87.2,3,14,145.1,39.6,11-11,栗東 小栗,488,4,
202407020404,2024-08-18,中京,4,3歳未勝利,ダ,1400,左,晴,良,"2回 中京 4日目 サラ系３歳 未勝利       (混)[指] 馬齢 16頭 本賞金:550,220,140,83,55万円",16,550.0,12,2,4,シェルブールレイン,牝,3,52.0,▲柴田裕,87.6,2.1/2,12,84.7,40.8,6-7,栗東 牧浦,506,30,
202407020404,2024-08-18,中京,4,3歳未勝利,ダ,1400,左,晴,良,"2回 中京 4日目 サラ系３歳 未勝利       (混)[指] 馬齢 16頭 本賞金:550,220,140,83,55万円",16,550.0,13,3,5,ダイシンアレス,牡,3,57.0,鮫島駿,87.9,1.1/2,6,12.8,41.7,1-1,栗東 庄野,470,12,
202407020404,2024-08-18,中京,4,3歳未勝利,ダ,1400,左,晴,良,"2回 中京 4日目 サラ系３歳 未勝利       (混)[指] 馬齢 16頭 本賞金:550,220,140,83,55万円",16,550.0,14,4,7,ベストリターナー,セ,3,57.0,城戸,88.3,2.1/2,15,371.7,40.7,11-10,栗東 羽月,514,-2,
202407020404,2024-08-18,中京,4,3歳未勝利,ダ,1400,左,晴,良,"2回 中京 4日目 サラ系３歳 未勝利       (混)[指] 馬齢 16頭 本賞金:550,220,140,83,55万円",16,550.0,15,5,9,ジャコムスビ,牡,3,57.0,田中健,89.0,4,16,415.4,42.2,6-5,栗東 荒川,468,10,
202407020404,2024-08-18,中京,4,3歳未勝利,ダ,1400,左,晴,良,"2回 中京 4日目 サラ系３歳 未勝利       (混)[指] 馬齢 16頭 本賞金:550,220,140,83,55万円",16,550.0,16,8,15,カリンテラス,牝,3,53.0,◇永島,89.3,1.1/2,13,96.9,42.1,10-14,栗東 松下,470,8,
202407020405,2024-08-18,中京,5,2歳新馬,芝,1600,左,晴,良,"2回 中京 4日目 サラ系２歳 新馬       牝[指] 馬齢 16頭 本賞金:720,290,180,110,72万円",16,720.0,1,1,2,ビップデイジー,牝,2,55.0,幸,94.7,,5,18.5,35.0,14-11-10,栗東 松下,426,0,
202407020405,2024-08-18,中京,5,2歳新馬,芝,1600,左,晴,良,"2回 中京 4日目 サラ系２歳 新馬       牝[指] 馬齢 16頭 本賞金:720,290,180,110,72万円",16,720.0,2,3,6,ウォーターガーベラ,牝,2,54.0,☆西塚,94.9,1,14,82.1,35.2,9-9-10,栗東 河内,442,0,
202407020405,2024-08-18,中京,5,2歳新馬,芝,1600,左,晴,良,"2回 中京 4日目 サラ系２歳 新馬       牝[指] 馬齢 16頭 本賞金:720,290,180,110,72万円",16,720.0,3,5,10,ショウナンカゼルタ,牝,2,52.0,▲吉村,95.1,1.1/2,6,19.4,36.0,5-5-5,栗東 新谷,472,0,
202407020405,2024-08-18,中京,5,2歳新馬,芝,1600,左,晴,良,"2回 中京 4日目 サラ系２歳 新馬       牝[指] 馬齢 16頭 本賞金:720,290,180,110,72万円",16,720.0,4,5,9,セイキュート,牝,2,55.0,坂井,95.4,1.3/4,3,5.0,35.4,12-12-12,栗東 四位,454,0,
202407020405,2024-08-18,中京,5,2歳新馬,芝,1600,左,晴,良,"2回 中京 4日目 サラ系２歳 新馬       牝[指] 馬齢 16頭 本賞金:720,290,180,110,72万円",16,720.0,5,6,11,レストプレドゥモア,牝,2,55.0,酒井,95.5,1/2,7,20.8,35.9,10-9-9,栗東 小林,456,0,
202407020405,2024-08-18,中京,5,2歳新馬,芝,1600,左,晴,良,"2回 中京 4日目 サラ系２歳 新馬       牝[指] 馬齢 16頭 本賞金:720,290,180,110,72万円",16,720.0,6,7,13,マリエンプラッツ,牝,2,55.0,鮫島駿,95.7,1,2,3.8,36.8,3-3-3,栗東 橋口,442,0,
202407020405,2024-08-18,中京,5,2歳新馬,芝,1600,左,晴,良,"2回 中京 4日目 サラ系２歳 新馬       牝[指] 馬齢 16頭 本賞金:720,290,180,110,72万円",16,720.0,7,7,14,ベルヴィヴァン,牝,2,55.0,西村淳,95.8,3/4,1,2.9,37.3,1-1-1,栗東 西村,474,0,
202407020405,2024-08-18,中京,5,2歳新馬,芝,1600,左,晴,良,"2回 中京 4日目 サラ系２歳 新馬       牝[指] 馬齢 16頭 本賞金:720,290,180,110,72万円",16,720.0,8,3,5,ラヴスティンガー,牝,2,55.0,川須,96.0,3/4,9,27.1,36.9,5-5-5,栗東 牧田,484,0,
202407020405,2024-08-18,中京,5,2歳新馬,芝,1600,左,晴,良,"2回 中京 4日目 サラ系２歳 新馬       牝[指] 馬齢 16頭 本賞金:720,290,180,110,72万円",16,720.0,9,8,16,インナモラート,牝,2,54.0,☆小沢,96.2,1.1/2,15,150.1,35.5,14-16-16,栗東 千田,472,0,
202407020405,2024-08-18,中京,5,2歳新馬,芝,1600,左,晴,良,"2回 中京 4日目 サラ系２歳 新馬       牝[指] 馬齢 16頭 本賞金:720,290,180,110,72万円",16,720.0,10,2,4,エイシンナザレ,牝,2,55.0,横山和,96.3,3/4,10,35.7,35.9,16-14-14,栗東 中尾,440,0,
202407020405,2024-08-18,中京,5,2歳新馬,芝,1600,左,晴,良,"2回 中京 4日目 サラ系２歳 新馬       牝[指] 馬齢 16頭 本賞金:720,290,180,110,72万円",16,720.0,11,4,8,フォビドゥンラヴ,牝,2,55.0,国分優,96.4,1/2,16,151.3,36.9,8-8-7,栗東 千田,450,0,
202407020405,2024-08-18,中京,5,2歳新馬,芝,1600,左,晴,良,"2回 中京 4日目 サラ系２歳 新馬       牝[指] 馬齢 16頭 本賞金:720,290,180,110,72万円",16,720.0,12,4,7,マーゴットジェム,牝,2,55.0,長岡,96.6,1,4,9.1,37.1,7-7-7,栗東 今野,438,0,
202407020405,2024-08-18,中京,5,2歳新馬,芝,1600,左,晴,良,"2回 中京 4日目 サラ系２歳 新馬       牝[指] 馬齢 16頭 本賞金:720,290,180,110,72万円",16,720.0,13,8,15,ナリタボニー,牝,2,55.0,北村友,96.6,クビ,12,45.4,36.6,12-12-12,栗東 高橋亮,436,0,
202407020405,2024-08-18,中京,5,2歳新馬,芝,1600,左,晴,良,"2回 中京 4日目 サラ系２歳 新馬       牝[指] 馬齢 16頭 本賞金:720,290,180,110,72万円",16,720.0,14,1,1,ヴァリラプトル,牝,2,55.0,斎藤,96.7,1/2,11,38.6,36.3,10-14-14,栗東 高野,408,0,
202407020405,2024-08-18,中京,5,2歳新馬,芝,1600,左,晴,良,"2回 中京 4日目 サラ系２歳 新馬       牝[指] 馬齢 16頭 本賞金:720,290,180,110,72万円",16,720.0,15,2,3,エンジェルトリガー,牝,2,55.0,和田竜,97.6,5,13,63.1,38.8,4-3-3,栗東 吉村,444,0,
202407020405,2024-08-18,中京,5,2歳新馬,芝,1600,左,晴,良,"2回 中京 4日目 サラ系２歳 新馬       牝[指] 馬齢 16頭 本賞金:720,290,180,110,72万円",16,720.0,16,6,12,エイユージュメイラ,牝,2,55.0,国分恭,97.6,ハナ,8,24.6,38.9,2-2-2,栗東 鈴木孝,442,0,
202407020406,2024-08-18,中京,6,3歳未勝利,芝,2000,左,晴,良,"2回 中京 4日目 サラ系３歳 未勝利       [指] 馬齢 18頭 本賞金:550,220,140,83,55万円",18,550.0,1,4,8,モズマーヴェリック,牡,3,57.0,国分恭,120.2,,3,8.0,34.6,9-8-9-9,栗東 牧浦,480,-18,
202407020406,2024-08-18,中京,6,3歳未勝利,芝,2000,左,晴,良,"2回 中京 4日目 サラ系３歳 未勝利       [指] 馬齢 18頭 本賞金:550,220,140,83,55万円",18,550.0,2,3,6,ファミリータイム,牡,3,57.0,和田竜,120.2,クビ,2,5.6,34.4,14-14-12-11,栗東 石坂,474,-2,
202407020406,2024-08-18,中京,6,3歳未勝利,芝,2000,左,晴,良,"2回 中京 4日目 サラ系３歳 未勝利       [指] 馬齢 18頭 本賞金:550,220,140,83,55万円",18,550.0,3,8,16,パフュームセント,牝,3,55.0,坂井,120.3,クビ,1,1.6,34.9,6-6-6-6,栗東 斉藤崇,432,-10,
202407020406,2024-08-18,中京,6,3歳未勝利,芝,2000,左,晴,良,"2回 中京 4日目 サラ系３歳 未勝利       [指] 馬齢 18頭 本賞金:550,220,140,83,55万円",18,550.0,4,1,1,ラスク,牝,3,54.0,☆西塚,120.7,2.1/2,8,29.6,35.5,4-3-3-3,栗東 中村,460,-6,
202407020406,2024-08-18,中京,6,3歳未勝利,芝,2000,左,晴,良,"2回 中京 4日目 サラ系３歳 未勝利       [指] 馬齢 18頭 本賞金:550,220,140,83,55万円",18,550.0,5,1,2,グランパリッシュ,牝,3,54.0,☆泉谷,120.9,1.1/2,9,41.2,35.2,10-10-11-11,栗東 杉山晴,434,2,
202407020406,2024-08-18,中京,6,3歳未勝利,芝,2000,左,晴,良,"2回 中京 4日目 サラ系３歳 未勝利       [指] 馬齢 18頭 本賞金:550,220,140,83,55万円",18,550.0,6,3,5,セルリアンコバルト,牡,3,57.0,中井,121.2,1.1/2,14,213.0,35.2,14-14-15-14,栗東 緒方,444,2,
202407020406,2024-08-18,中京,6,3歳未勝利,芝,2000,左,晴,良,"2回 中京 4日目 サラ系３歳 未勝利       [指] 馬齢 18頭 本賞金:550,220,140,83,55万円",18,550.0,7,8,17,ウエストチェリー,牝,3,55.0,西村淳,121.4,1.1/4,4,15.3,35.9,11-11-6-6,栗東 小椋,450,8,
202407020406,2024-08-18,中京,6,3歳未勝利,芝,2000,左,晴,良,"2回 中京 4日目 サラ系３歳 未勝利       [指] 馬齢 18頭 本賞金:550,220,140,83,55万円",18,550.0,8,5,10,ピアレイジレディ,牝,3,51.0,★河原田,121.5,クビ,12,101.5,35.4,12-12-14-14,栗東 池江,412,-16,
202407020406,2024-08-18,中京,6,3歳未勝利,芝,2000,左,晴,良,"2回 中京 4日目 サラ系３歳 未勝利       [指] 馬齢 18頭 本賞金:550,220,140,83,55万円",18,550.0,9,8,18,コスモモアナ,牡,3,57.0,団野,121.8,1.3/4,17,294.1,36.2,7-8-9-9,栗東 宮,460,3,
202407020406,2024-08-18,中京,6,3歳未勝利,芝,2000,左,晴,良,"2回 中京 4日目 サラ系３歳 未勝利       [指] 馬齢 18頭 本賞金:550,220,140,83,55万円",18,550.0,10,2,3,サトノオーブ,牝,3,55.0,川須,121.8,クビ,15,214.0,36.3,7-6-6-6,栗東 杉山晴,424,-4,
202407020406,2024-08-18,中京,6,3歳未勝利,芝,2000,左,晴,良,"2回 中京 4日目 サラ系３歳 未勝利       [指] 馬齢 18頭 本賞金:550,220,140,83,55万円",18,550.0,11,4,7,ブリージョドラード,牡,3,54.0,▲鷲頭,121.8,クビ,13,153.3,36.0,12-12-12-11,栗東 中内田,446,-4,
202407020406,2024-08-18,中京,6,3歳未勝利,芝,2000,左,晴,良,"2回 中京 4日目 サラ系３歳 未勝利       [指] 馬齢 18頭 本賞金:550,220,140,83,55万円",18,550.0,12,2,4,キョウワレイホープ,牝,3,55.0,斎藤,121.9,クビ,5,15.9,35.5,16-16-16-16,栗東 佐々木,452,-2,
202407020406,2024-08-18,中京,6,3歳未勝利,芝,2000,左,晴,良,"2回 中京 4日目 サラ系３歳 未勝利       [指] 馬齢 18頭 本賞金:550,220,140,83,55万円",18,550.0,13,5,9,ルクスリーベン,牝,3,54.0,☆角田和,121.9,クビ,18,364.6,36.9,1-1-1-1,栗東 河内,440,6,
202407020406,2024-08-18,中京,6,3歳未勝利,芝,2000,左,晴,良,"2回 中京 4日目 サラ系３歳 未勝利       [指] 馬齢 18頭 本賞金:550,220,140,83,55万円",18,550.0,14,7,13,マテンロウウイング,セ,3,57.0,太宰,122.0,クビ,10,51.5,35.2,17-18-18-18,栗東 松永幹,506,6,
202407020406,2024-08-18,中京,6,3歳未勝利,芝,2000,左,晴,良,"2回 中京 4日目 サラ系３歳 未勝利       [指] 馬齢 18頭 本賞金:550,220,140,83,55万円",18,550.0,15,7,15,リノラナキラ,牝,3,55.0,酒井,122.5,3,7,20.9,37.3,2-3-3-3,栗東 谷,470,-2,
202407020406,2024-08-18,中京,6,3歳未勝利,芝,2000,左,晴,良,"2回 中京 4日目 サラ系３歳 未勝利       [指] 馬齢 18頭 本賞金:550,220,140,83,55万円",18,550.0,16,6,12,レッドアスール,牡,3,56.0,☆小沢,122.7,1.1/4,11,52.7,37.4,4-5-5-3,栗東 松下,408,6,
202407020406,2024-08-18,中京,6,3歳未勝利,芝,2000,左,晴,良,"2回 中京 4日目 サラ系３歳 未勝利       [指] 馬齢 18頭 本賞金:550,220,140,83,55万円",18,550.0,17,6,11,セングンバンバ,セ,3,57.0,幸,123.0,1.3/4,6,20.0,37.9,2-2-2-2,栗東 松永幹,432,2,
202407020406,2024-08-18,中京,6,3歳未勝利,芝,2000,左,晴,良,"2回 中京 4日目 サラ系３歳 未勝利       [指] 馬齢 18頭 本賞金:550,220,140,83,55万円",18,550.0,18,7,14,ドゥラシェーナ,牝,3,52.0,▲柴田裕,123.7,4,16,274.2,37.1,17-17-16-17,栗東 佐々木,466,-10,
202407020407,2024-08-18,中京,7,3歳以上1勝クラス,ダ,1800,左,晴,良,"2回 中京 4日目 サラ系３歳以上 １勝クラス       牝[指] 定量 13頭 本賞金:800,320,200,120,80万円",13,800.0,1,1,1,バスタードサフラン,牝,3,53.0,酒井,112.9,,1,1.9,37.1,1-1-1-1,栗東 渡辺,462,-2,
202407020407,2024-08-18,中京,7,3歳以上1勝クラス,ダ,1800,左,晴,良,"2回 中京 4日目 サラ系３歳以上 １勝クラス       牝[指] 定量 13頭 本賞金:800,320,200,120,80万円",13,800.0,2,4,5,メイショウタムシバ,牝,3,53.0,北村友,113.0,クビ,2,4.5,37.1,2-2-2-2,栗東 飯田,424,-4,
202407020407,2024-08-18,中京,7,3歳以上1勝クラス,ダ,1800,左,晴,良,"2回 中京 4日目 サラ系３歳以上 １勝クラス       牝[指] 定量 13頭 本賞金:800,320,200,120,80万円",13,800.0,3,7,11,ヒヒーン,牝,3,51.0,◇永島,114.0,6,3,5.4,37.9,9-9-4-4,栗東 須貝,476,32,
202407020407,2024-08-18,中京,7,3歳以上1勝クラス,ダ,1800,左,晴,良,"2回 中京 4日目 サラ系３歳以上 １勝クラス       牝[指] 定量 13頭 本賞金:800,320,200,120,80万円",13,800.0,4,6,8,リノアラ,牝,5,55.0,☆小沢,114.3,1.3/4,11,69.5,37.9,10-9-8-7,栗東 今野,434,-4,
202407020407,2024-08-18,中京,7,3歳以上1勝クラス,ダ,1800,左,晴,良,"2回 中京 4日目 サラ系３歳以上 １勝クラス       牝[指] 定量 13頭 本賞金:800,320,200,120,80万円",13,800.0,5,8,13,ブラックドレス,牝,3,50.0,▲柴田裕,114.5,1.1/4,10,63.8,38.5,7-7-3-3,栗東 谷,430,2,
202407020407,2024-08-18,中京,7,3歳以上1勝クラス,ダ,1800,左,晴,良,"2回 中京 4日目 サラ系３歳以上 １勝クラス       牝[指] 定量 13頭 本賞金:800,320,200,120,80万円",13,800.0,6,3,3,アルムエアフォルク,牝,4,56.0,和田竜,114.7,3/4,8,27.1,38.3,12-12-8-7,栗東 平田,474,6,
202407020407,2024-08-18,中京,7,3歳以上1勝クラス,ダ,1800,左,晴,良,"2回 中京 4日目 サラ系３歳以上 １勝クラス       牝[指] 定量 13頭 本賞金:800,320,200,120,80万円",13,800.0,7,8,12,アキミューミュー,牝,3,53.0,斎藤,115.2,3,12,99.2,39.0,5-5-6-7,栗東 池添,464,-6,
202407020407,2024-08-18,中京,7,3歳以上1勝クラス,ダ,1800,左,晴,良,"2回 中京 4日目 サラ系３歳以上 １勝クラス       牝[指] 定量 13頭 本賞金:800,320,200,120,80万円",13,800.0,8,5,6,マハナ,牝,3,53.0,鮫島駿,115.2,クビ,9,54.2,38.5,10-9-11-11,栗東 鮫島,446,12,
202407020407,2024-08-18,中京,7,3歳以上1勝クラス,ダ,1800,左,晴,良,"2回 中京 4日目 サラ系３歳以上 １勝クラス       牝[指] 定量 13頭 本賞金:800,320,200,120,80万円",13,800.0,9,5,7,メイショウホタルビ,牝,6,56.0,幸,115.3,1/2,5,15.9,38.8,7-7-10-10,栗東 大橋,448,6,
202407020407,2024-08-18,中京,7,3歳以上1勝クラス,ダ,1800,左,晴,良,"2回 中京 4日目 サラ系３歳以上 １勝クラス       牝[指] 定量 13頭 本賞金:800,320,200,120,80万円",13,800.0,10,7,10,パルメリータ,牝,4,53.0,▲吉村,115.5,1.1/4,7,23.2,39.4,3-3-4-4,栗東 西園正,490,8,
202407020407,2024-08-18,中京,7,3歳以上1勝クラス,ダ,1800,左,晴,良,"2回 中京 4日目 サラ系３歳以上 １勝クラス       牝[指] 定量 13頭 本賞金:800,320,200,120,80万円",13,800.0,11,2,2,サンマルソムニア,牝,5,55.0,☆秋山稔,116.1,3.1/2,13,333.7,39.2,13-12-12-11,美浦 佐藤吉,456,-2,
202407020407,2024-08-18,中京,7,3歳以上1勝クラス,ダ,1800,左,晴,良,"2回 中京 4日目 サラ系３歳以上 １勝クラス       牝[指] 定量 13頭 本賞金:800,320,200,120,80万円",13,800.0,12,6,9,リエータメンテ,牝,3,52.0,☆西塚,117.4,8,4,13.3,41.2,4-3-6-6,栗東 藤原,474,18,
202407020407,2024-08-18,中京,7,3歳以上1勝クラス,ダ,1800,左,晴,良,"2回 中京 4日目 サラ系３歳以上 １勝クラス       牝[指] 定量 13頭 本賞金:800,320,200,120,80万円",13,800.0,13,4,4,タガノディガー,牝,3,50.0,★河原田,120.5,大,6,18.5,43.1,5-5-13-13,栗東 岡田,434,-18,
202407020408,2024-08-18,中京,8,3歳以上1勝クラス,ダ,1400,左,晴,良,"2回 中京 4日目 サラ系３歳以上 １勝クラス       [指] 定量 16頭 本賞金:800,320,200,120,80万円",16,800.0,1,6,11,ヘルモーズ,牡,3,52.0,▲吉村,83.8,,5,10.7,36.5,14-12,栗東 小林,504,2,
202407020408,2024-08-18,中京,8,3歳以上1勝クラス,ダ,1400,左,晴,良,"2回 中京 4日目 サラ系３歳以上 １勝クラス       [指] 定量 16頭 本賞金:800,320,200,120,80万円",16,800.0,2,3,6,メイショウミシガン,牡,3,55.0,団野,84.4,3.1/2,1,3.6,38.3,4-4,栗東 鮫島,450,-6,
202407020408,2024-08-18,中京,8,3歳以上1勝クラス,ダ,1400,左,晴,良,"2回 中京 4日目 サラ系３歳以上 １勝クラス       [指] 定量 16頭 本賞金:800,320,200,120,80万円",16,800.0,3,8,15,ハリウッドブルース,牡,3,55.0,水口,84.4,クビ,4,8.0,36.7,15-15,栗東 浜田,462,6,
202407020408,2024-08-18,中京,8,3歳以上1勝クラス,ダ,1400,左,晴,良,"2回 中京 4日目 サラ系３歳以上 １勝クラス       [指] 定量 16頭 本賞金:800,320,200,120,80万円",16,800.0,4,4,8,ニホンピロカラット,牡,3,55.0,酒井,84.8,2.1/2,2,3.8,38.9,2-2,栗東 大橋,506,6,
202407020408,2024-08-18,中京,8,3歳以上1勝クラス,ダ,1400,左,晴,良,"2回 中京 4日目 サラ系３歳以上 １勝クラス       [指] 定量 16頭 本賞金:800,320,200,120,80万円",16,800.0,5,6,12,アンジュグルーヴ,牝,3,53.0,横山和,84.8,クビ,6,11.0,38.1,9-8,栗東 安田,492,16,
202407020408,2024-08-18,中京,8,3歳以上1勝クラス,ダ,1400,左,晴,良,"2回 中京 4日目 サラ系３歳以上 １勝クラス       [指] 定量 16頭 本賞金:800,320,200,120,80万円",16,800.0,6,8,16,アルファヒディ,セ,5,58.0,西村淳,85.2,2,11,55.1,38.1,12-11,栗東 石坂,492,14,
202407020408,2024-08-18,中京,8,3歳以上1勝クラス,ダ,1400,左,晴,良,"2回 中京 4日目 サラ系３歳以上 １勝クラス       [指] 定量 16頭 本賞金:800,320,200,120,80万円",16,800.0,7,2,4,スターザサンライズ,牝,5,55.0,☆西塚,85.3,1/2,9,40.0,38.2,12-14,栗東 小椋,450,-6,
202407020408,2024-08-18,中京,8,3歳以上1勝クラス,ダ,1400,左,晴,良,"2回 中京 4日目 サラ系３歳以上 １勝クラス       [指] 定量 16頭 本賞金:800,320,200,120,80万円",16,800.0,8,4,7,フォティック,牡,4,58.0,北村友,85.6,1.3/4,14,267.5,37.7,16-16,栗東 飯田,470,8,
202407020408,2024-08-18,中京,8,3歳以上1勝クラス,ダ,1400,左,晴,良,"2回 中京 4日目 サラ系３歳以上 １勝クラス       [指] 定量 16頭 本賞金:800,320,200,120,80万円",16,800.0,9,7,13,イエデゴロゴロ,牝,3,53.0,和田竜,85.9,1.3/4,7,31.5,39.5,7-6,栗東 畑端,438,2,
202407020408,2024-08-18,中京,8,3歳以上1勝クラス,ダ,1400,左,晴,良,"2回 中京 4日目 サラ系３歳以上 １勝クラス       [指] 定量 16頭 本賞金:800,320,200,120,80万円",16,800.0,10,3,5,モアリジット,牡,3,55.0,杉原,85.9,ハナ,12,155.2,40.0,1-1,栗東 西村,490,10,
202407020408,2024-08-18,中京,8,3歳以上1勝クラス,ダ,1400,左,晴,良,"2回 中京 4日目 サラ系３歳以上 １勝クラス       [指] 定量 16頭 本賞金:800,320,200,120,80万円",16,800.0,11,2,3,トウカイエルデ,牡,3,55.0,坂井,85.9,ハナ,3,3.9,39.7,6-6,栗東 茶木,456,4,
202407020408,2024-08-18,中京,8,3歳以上1勝クラス,ダ,1400,左,晴,良,"2回 中京 4日目 サラ系３歳以上 １勝クラス       [指] 定量 16頭 本賞金:800,320,200,120,80万円",16,800.0,12,7,14,ドライグ,牡,4,58.0,国分優,85.9,クビ,8,32.3,39.9,4-4,栗東 大根田,460,-2,
202407020408,2024-08-18,中京,8,3歳以上1勝クラス,ダ,1400,左,晴,良,"2回 中京 4日目 サラ系３歳以上 １勝クラス       [指] 定量 16頭 本賞金:800,320,200,120,80万円",16,800.0,13,1,1,マンノライトニング,牡,4,55.0,▲柴田裕,86.1,1.1/2,16,359.2,39.4,9-8,栗東 角田,464,18,
202407020408,2024-08-18,中京,8,3歳以上1勝クラス,ダ,1400,左,晴,良,"2回 中京 4日目 サラ系３歳以上 １勝クラス       [指] 定量 16頭 本賞金:800,320,200,120,80万円",16,800.0,14,5,9,ゴットゴーゴー,牝,6,55.0,☆角田和,86.2,1/2,13,194.2,39.3,11-12,栗東 木原,462,-2,
202407020408,2024-08-18,中京,8,3歳以上1勝クラス,ダ,1400,左,晴,良,"2回 中京 4日目 サラ系３歳以上 １勝クラス       [指] 定量 16頭 本賞金:800,320,200,120,80万円",16,800.0,15,5,10,エリカグロリア,牝,4,56.0,中井,86.9,4,15,324.8,40.4,7-8,栗東 安田,482,-4,
202407020408,2024-08-18,中京,8,3歳以上1勝クラス,ダ,1400,左,晴,良,"2回 中京 4日目 サラ系３歳以上 １勝クラス       [指] 定量 16頭 本賞金:800,320,200,120,80万円",16,800.0,16,1,2,サドル,牡,5,58.0,斎藤,86.9,ハナ,10,43.9,41.0,2-2,栗東 庄野,490,-12,
202407020409,2024-08-18,中京,9,濃尾特別,ダ,1800,左,晴,良,"2回 中京 4日目 サラ系３歳以上 ２勝クラス       牝[指] 定量 16頭 本賞金:1550,620,390,230,155万円",16,1550.0,1,4,8,サトノアイオライト,牝,3,53.0,西村淳,112.9,,1,2.2,38.0,2-2-2-2,栗東 吉村,468,2,
202407020409,2024-08-18,中京,9,濃尾特別,ダ,1800,左,晴,良,"2回 中京 4日目 サラ系３歳以上 ２勝クラス       牝[指] 定量 16頭 本賞金:1550,620,390,230,155万円",16,1550.0,2,5,9,アコークロー,牝,5,56.0,和田竜,113.0,3/4,6,21.2,37.5,15-14-8-9,美浦 大竹,490,-2,
202407020409,2024-08-18,中京,9,濃尾特別,ダ,1800,左,晴,良,"2回 中京 4日目 サラ系３歳以上 ２勝クラス       牝[指] 定量 16頭 本賞金:1550,620,390,230,155万円",16,1550.0,3,8,15,オーケーカルメン,牝,3,53.0,団野,113.1,1/2,3,10.7,37.0,13-13-13-13,栗東 奥村豊,418,2,
202407020409,2024-08-18,中京,9,濃尾特別,ダ,1800,左,晴,良,"2回 中京 4日目 サラ系３歳以上 ２勝クラス       牝[指] 定量 16頭 本賞金:1550,620,390,230,155万円",16,1550.0,4,7,14,ワイルドベティ,牝,5,56.0,小沢,113.3,1,13,144.6,38.0,5-7-7-7,栗東 今野,430,2,
202407020409,2024-08-18,中京,9,濃尾特別,ダ,1800,左,晴,良,"2回 中京 4日目 サラ系３歳以上 ２勝クラス       牝[指] 定量 16頭 本賞金:1550,620,390,230,155万円",16,1550.0,5,1,1,ランスオブサターン,牝,4,56.0,酒井,113.7,2.1/2,8,35.9,38.3,9-7-8-7,栗東 本田,448,4,
202407020409,2024-08-18,中京,9,濃尾特別,ダ,1800,左,晴,良,"2回 中京 4日目 サラ系３歳以上 ２勝クラス       牝[指] 定量 16頭 本賞金:1550,620,390,230,155万円",16,1550.0,6,3,6,ルージュスタニング,牝,3,53.0,坂井,114.0,2,2,2.7,38.9,5-3-4-5,栗東 友道,502,2,
202407020409,2024-08-18,中京,9,濃尾特別,ダ,1800,左,晴,良,"2回 中京 4日目 サラ系３歳以上 ２勝クラス       牝[指] 定量 16頭 本賞金:1550,620,390,230,155万円",16,1550.0,7,1,2,エバーハピネス,牝,4,56.0,北村友,114.1,3/4,4,11.2,39.0,5-3-4-3,美浦 久保田,478,6,
202407020409,2024-08-18,中京,9,濃尾特別,ダ,1800,左,晴,良,"2回 中京 4日目 サラ系３歳以上 ２勝クラス       牝[指] 定量 16頭 本賞金:1550,620,390,230,155万円",16,1550.0,8,6,11,キープスマイリング,牝,4,56.0,西塚,114.4,1.1/2,5,13.9,38.7,11-10-12-9,美浦 武井,560,6,
202407020409,2024-08-18,中京,9,濃尾特別,ダ,1800,左,晴,良,"2回 中京 4日目 サラ系３歳以上 ２勝クラス       牝[指] 定量 16頭 本賞金:1550,620,390,230,155万円",16,1550.0,9,5,10,クリノニキータ,牝,7,56.0,国分恭,114.7,1.3/4,16,441.7,38.3,14-14-15-15,栗東 大根田,478,-10,
202407020409,2024-08-18,中京,9,濃尾特別,ダ,1800,左,晴,良,"2回 中京 4日目 サラ系３歳以上 ２勝クラス       牝[指] 定量 16頭 本賞金:1550,620,390,230,155万円",16,1550.0,10,2,4,サルサディーバ,牝,5,56.0,川須,115.3,4,10,82.9,40.6,1-1-1-1,栗東 緒方,480,0,
202407020409,2024-08-18,中京,9,濃尾特別,ダ,1800,左,晴,良,"2回 中京 4日目 サラ系３歳以上 ２勝クラス       牝[指] 定量 16頭 本賞金:1550,620,390,230,155万円",16,1550.0,11,7,13,ウィルフルネス,牝,5,56.0,国分優,116.0,4,7,27.4,40.9,4-3-4-5,栗東 四位,480,-10,
202407020409,2024-08-18,中京,9,濃尾特別,ダ,1800,左,晴,良,"2回 中京 4日目 サラ系３歳以上 ２勝クラス       牝[指] 定量 16頭 本賞金:1550,620,390,230,155万円",16,1550.0,12,4,7,ヴォードヴィル,牝,4,56.0,柴田裕,116.0,クビ,15,357.0,39.8,11-11-13-14,栗東 中竹,464,2,
202407020409,2024-08-18,中京,9,濃尾特別,ダ,1800,左,晴,良,"2回 中京 4日目 サラ系３歳以上 ２勝クラス       牝[指] 定量 16頭 本賞金:1550,620,390,230,155万円",16,1550.0,13,2,3,アイタカ,牝,3,53.0,幸,116.3,1.1/2,14,163.7,39.5,16-16-16-16,栗東 谷,408,11,
202407020409,2024-08-18,中京,9,濃尾特別,ダ,1800,左,晴,良,"2回 中京 4日目 サラ系３歳以上 ２勝クラス       牝[指] 定量 16頭 本賞金:1550,620,390,230,155万円",16,1550.0,14,6,12,ノッテルーナ,牝,4,56.0,角田和,116.7,2.1/2,9,53.9,41.7,2-3-3-3,栗東 宮本,458,-4,
202407020409,2024-08-18,中京,9,濃尾特別,ダ,1800,左,晴,良,"2回 中京 4日目 サラ系３歳以上 ２勝クラス       牝[指] 定量 16頭 本賞金:1550,620,390,230,155万円",16,1550.0,15,8,16,レディアス,牝,4,56.0,永島,117.1,2.1/2,12,143.3,41.7,8-9-8-11,美浦 鈴木慎,446,-4,
202407020409,2024-08-18,中京,9,濃尾特別,ダ,1800,左,晴,良,"2回 中京 4日目 サラ系３歳以上 ２勝クラス       牝[指] 定量 16頭 本賞金:1550,620,390,230,155万円",16,1550.0,16,3,5,タマモベローナ,牝,5,56.0,太宰,117.2,3/4,11,120.7,41.7,10-11-8-12,栗東 高橋亮,496,0,
202407020410,2024-08-18,中京,10,中京スポニチ賞,芝,1400,左,晴,良,"2回 中京 4日目 サラ系３歳以上 ２勝クラス       (混)(特指) 定量 16頭 本賞金:1550,620,390,230,155万円",16,1550.0,1,4,7,アクートゥス,牡,4,58.0,西塚,80.1,,8,23.5,33.2,8-10,栗東 藤原,454,-14,
202407020410,2024-08-18,中京,10,中京スポニチ賞,芝,1400,左,晴,良,"2回 中京 4日目 サラ系３歳以上 ２勝クラス       (混)(特指) 定量 16頭 本賞金:1550,620,390,230,155万円",16,1550.0,2,5,9,メイショウピース,牝,4,56.0,和田竜,80.1,クビ,4,7.4,34.0,1-1,栗東 高橋亮,474,6,
202407020410,2024-08-18,中京,10,中京スポニチ賞,芝,1400,左,晴,良,"2回 中京 4日目 サラ系３歳以上 ２勝クラス       (混)(特指) 定量 16頭 本賞金:1550,620,390,230,155万円",16,1550.0,3,6,11,リチャードバローズ,牡,3,55.0,坂井,80.2,3/4,1,2.9,33.8,3-3,栗東 上村,502,8,
202407020410,2024-08-18,中京,10,中京スポニチ賞,芝,1400,左,晴,良,"2回 中京 4日目 サラ系３歳以上 ２勝クラス       (混)(特指) 定量 16頭 本賞金:1550,620,390,230,155万円",16,1550.0,4,7,13,トウシンカーリン,牝,4,56.0,長岡,80.3,1/2,14,109.7,34.0,2-2,栗東 杉山晴,466,0,
202407020410,2024-08-18,中京,10,中京スポニチ賞,芝,1400,左,晴,良,"2回 中京 4日目 サラ系３歳以上 ２勝クラス       (混)(特指) 定量 16頭 本賞金:1550,620,390,230,155万円",16,1550.0,5,5,10,テラメリタ,牝,3,53.0,酒井,80.3,クビ,5,9.6,33.5,8-7,栗東 須貝,464,2,
202407020410,2024-08-18,中京,10,中京スポニチ賞,芝,1400,左,晴,良,"2回 中京 4日目 サラ系３歳以上 ２勝クラス       (混)(特指) 定量 16頭 本賞金:1550,620,390,230,155万円",16,1550.0,6,4,8,シンプリーオーサム,牡,4,58.0,西村淳,80.5,1.1/4,6,10.9,33.8,5-6,栗東 吉岡,544,4,
202407020410,2024-08-18,中京,10,中京スポニチ賞,芝,1400,左,晴,良,"2回 中京 4日目 サラ系３歳以上 ２勝クラス       (混)(特指) 定量 16頭 本賞金:1550,620,390,230,155万円",16,1550.0,7,2,4,ワーフデール,牝,5,56.0,北村友,80.6,1/2,16,148.7,33.5,11-11,栗東 西園翔,462,-4,
202407020410,2024-08-18,中京,10,中京スポニチ賞,芝,1400,左,晴,良,"2回 中京 4日目 サラ系３歳以上 ２勝クラス       (混)(特指) 定量 16頭 本賞金:1550,620,390,230,155万円",16,1550.0,8,2,3,トーホウフランゴ,牝,4,56.0,小沢,80.6,クビ,9,42.2,34.1,3-4,栗東 高橋康,440,-2,
202407020410,2024-08-18,中京,10,中京スポニチ賞,芝,1400,左,晴,良,"2回 中京 4日目 サラ系３歳以上 ２勝クラス       (混)(特指) 定量 16頭 本賞金:1550,620,390,230,155万円",16,1550.0,9,7,14,テラステラ,牡,4,58.0,幸,80.7,クビ,3,6.0,34.1,5-4,栗東 矢作,476,-2,
202407020410,2024-08-18,中京,10,中京スポニチ賞,芝,1400,左,晴,良,"2回 中京 4日目 サラ系３歳以上 ２勝クラス       (混)(特指) 定量 16頭 本賞金:1550,620,390,230,155万円",16,1550.0,10,6,12,ベレザニーニャ,牝,4,56.0,藤懸,80.9,1.1/4,12,75.2,34.1,8-7,栗東 小崎,478,4,
202407020410,2024-08-18,中京,10,中京スポニチ賞,芝,1400,左,晴,良,"2回 中京 4日目 サラ系３歳以上 ２勝クラス       (混)(特指) 定量 16頭 本賞金:1550,620,390,230,155万円",16,1550.0,11,3,5,アロマデローサ,牝,4,56.0,鮫島駿,81.0,1/2,2,4.4,33.8,12-11,栗東 池添,458,0,
202407020410,2024-08-18,中京,10,中京スポニチ賞,芝,1400,左,晴,良,"2回 中京 4日目 サラ系３歳以上 ２勝クラス       (混)(特指) 定量 16頭 本賞金:1550,620,390,230,155万円",16,1550.0,12,3,6,ピラティス,牝,5,56.0,横山和,81.0,クビ,10,49.0,33.6,14-14,栗東 松永幹,470,10,
202407020410,2024-08-18,中京,10,中京スポニチ賞,芝,1400,左,晴,良,"2回 中京 4日目 サラ系３歳以上 ２勝クラス       (混)(特指) 定量 16頭 本賞金:1550,620,390,230,155万円",16,1550.0,13,8,16,キタノブライド,牝,4,56.0,国分優,81.1,3/4,11,71.1,33.7,14-14,栗東 坂口,426,2,
202407020410,2024-08-18,中京,10,中京スポニチ賞,芝,1400,左,晴,良,"2回 中京 4日目 サラ系３歳以上 ２勝クラス       (混)(特指) 定量 16頭 本賞金:1550,620,390,230,155万円",16,1550.0,14,8,15,メイショウコギク,牝,4,56.0,泉谷,81.2,クビ,15,131.0,34.1,12-11,栗東 石橋,446,2,
202407020410,2024-08-18,中京,10,中京スポニチ賞,芝,1400,左,晴,良,"2回 中京 4日目 サラ系３歳以上 ２勝クラス       (混)(特指) 定量 16頭 本賞金:1550,620,390,230,155万円",16,1550.0,15,1,2,ショウナンナダル,牝,5,56.0,永島,81.3,3/4,13,75.3,33.5,16-16,栗東 須貝,446,-4,
202407020410,2024-08-18,中京,10,中京スポニチ賞,芝,1400,左,晴,良,"2回 中京 4日目 サラ系３歳以上 ２勝クラス       (混)(特指) 定量 16頭 本賞金:1550,620,390,230,155万円",16,1550.0,16,1,1,アイオブザストーム,牝,4,56.0,団野,81.6,1.3/4,7,22.7,34.8,7-7,栗東 岡田,472,10,
202407020411,2024-08-18,中京,11,CBC賞,芝,1200,左,晴,良,"2回 中京 4日目 サラ系３歳以上 オープン       (国際)(特指) ハンデ 18頭 本賞金:4100,1600,1000,620,410万円",18,4100.0,1,1,1,ドロップオブライト,牝,5,54.0,幸,67.5,,6,10.8,33.6,3-3,栗東 福永,440,4,
202407020411,2024-08-18,中京,11,CBC賞,芝,1200,左,晴,良,"2回 中京 4日目 サラ系３歳以上 オープン       (国際)(特指) ハンデ 18頭 本賞金:4100,1600,1000,620,410万円",18,4100.0,2,3,6,スズハローム,牡,4,56.0,鮫島駿,67.5,クビ,3,6.5,33.4,7-6,栗東 牧田,450,-2,
202407020411,2024-08-18,中京,11,CBC賞,芝,1200,左,晴,良,"2回 中京 4日目 サラ系３歳以上 オープン       (国際)(特指) ハンデ 18頭 本賞金:4100,1600,1000,620,410万円",18,4100.0,3,3,5,グランテスト,牝,4,52.0,坂井,67.6,3/4,2,6.5,34.0,1-1,栗東 今野,470,-6,
202407020411,2024-08-18,中京,11,CBC賞,芝,1200,左,晴,良,"2回 中京 4日目 サラ系３歳以上 オープン       (国際)(特指) ハンデ 18頭 本賞金:4100,1600,1000,620,410万円",18,4100.0,4,7,15,メイショウソラフネ,牡,5,56.0,酒井,67.7,1/2,16,109.3,33.6,6-6,栗東 石橋,444,2,
202407020411,2024-08-18,中京,11,CBC賞,芝,1200,左,晴,良,"2回 中京 4日目 サラ系３歳以上 オープン       (国際)(特指) ハンデ 18頭 本賞金:4100,1600,1000,620,410万円",18,4100.0,5,4,7,ジャスティンスカイ,牡,5,57.5,北村友,67.7,アタマ,5,9.5,33.2,11-11,栗東 友道,522,-16,
202407020411,2024-08-18,中京,11,CBC賞,芝,1200,左,晴,良,"2回 中京 4日目 サラ系３歳以上 オープン       (国際)(特指) ハンデ 18頭 本賞金:4100,1600,1000,620,410万円",18,4100.0,6,6,12,カンチェンジュンガ,牡,4,55.0,斎藤,67.9,3/4,8,13.6,33.1,14-15,栗東 庄野,486,0,
202407020411,2024-08-18,中京,11,CBC賞,芝,1200,左,晴,良,"2回 中京 4日目 サラ系３歳以上 オープン       (国際)(特指) ハンデ 18頭 本賞金:4100,1600,1000,620,410万円",18,4100.0,7,1,2,キタノエクスプレス,牡,6,55.0,国分優,68.0,1/2,1,4.0,33.7,8-8,栗東 坂口,504,-4,
202407020411,2024-08-18,中京,11,CBC賞,芝,1200,左,晴,良,"2回 中京 4日目 サラ系３歳以上 オープン       (国際)(特指) ハンデ 18頭 本賞金:4100,1600,1000,620,410万円",18,4100.0,8,2,4,スコールユニバンス,牝,5,51.0,藤懸,68.0,ハナ,18,187.0,33.4,14-14,栗東 矢作,458,8,
202407020411,2024-08-18,中京,11,CBC賞,芝,1200,左,晴,良,"2回 中京 4日目 サラ系３歳以上 オープン       (国際)(特指) ハンデ 18頭 本賞金:4100,1600,1000,620,410万円",18,4100.0,9,5,9,ブーケファロス,牡,4,55.0,和田竜,68.0,クビ,13,70.3,33.6,11-11,美浦 清水英,444,0,
202407020411,2024-08-18,中京,11,CBC賞,芝,1200,左,晴,良,"2回 中京 4日目 サラ系３歳以上 オープン       (国際)(特指) ハンデ 18頭 本賞金:4100,1600,1000,620,410万円",18,4100.0,10,6,11,グレイトゲイナー,牡,7,56.5,吉村,68.1,1/2,11,38.2,34.4,2-2,栗東 森秀,470,-4,
202407020411,2024-08-18,中京,11,CBC賞,芝,1200,左,晴,良,"2回 中京 4日目 サラ系３歳以上 オープン       (国際)(特指) ハンデ 18頭 本賞金:4100,1600,1000,620,410万円",18,4100.0,11,2,3,バースクライ,牝,4,54.0,横山和,68.1,アタマ,7,11.5,33.0,18-18,栗東 千田,492,0,
202407020411,2024-08-18,中京,11,CBC賞,芝,1200,左,晴,良,"2回 中京 4日目 サラ系３歳以上 オープン       (国際)(特指) ハンデ 18頭 本賞金:4100,1600,1000,620,410万円",18,4100.0,12,5,10,ヤクシマ,牡,4,55.0,西塚,68.1,アタマ,17,143.3,33.2,16-16,栗東 寺島,510,-10,
202407020411,2024-08-18,中京,11,CBC賞,芝,1200,左,晴,良,"2回 中京 4日目 サラ系３歳以上 オープン       (国際)(特指) ハンデ 18頭 本賞金:4100,1600,1000,620,410万円",18,4100.0,13,7,14,レッドヒルシューズ,牝,4,53.0,団野,68.2,クビ,9,16.6,34.3,3-3,栗東 武英,448,-4,
202407020411,2024-08-18,中京,11,CBC賞,芝,1200,左,晴,良,"2回 中京 4日目 サラ系３歳以上 オープン       (国際)(特指) ハンデ 18頭 本賞金:4100,1600,1000,620,410万円",18,4100.0,14,8,17,カリボール,牡,8,56.0,杉原,68.2,アタマ,14,78.8,33.3,16-16,栗東 西村,484,-2,
202407020411,2024-08-18,中京,11,CBC賞,芝,1200,左,晴,良,"2回 中京 4日目 サラ系３歳以上 オープン       (国際)(特指) ハンデ 18頭 本賞金:4100,1600,1000,620,410万円",18,4100.0,15,7,13,ショウナンハクラク,牡,5,56.0,小沢,68.2,クビ,12,65.4,33.8,13-11,栗東 松下,472,-2,
202407020411,2024-08-18,中京,11,CBC賞,芝,1200,左,晴,良,"2回 中京 4日目 サラ系３歳以上 オープン       (国際)(特指) ハンデ 18頭 本賞金:4100,1600,1000,620,410万円",18,4100.0,16,4,8,サウンドビバーチェ,牝,5,56.0,永島,68.3,1/2,10,30.9,34.1,8-8,栗東 高柳大,498,-8,
202407020411,2024-08-18,中京,11,CBC賞,芝,1200,左,晴,良,"2回 中京 4日目 サラ系３歳以上 オープン       (国際)(特指) ハンデ 18頭 本賞金:4100,1600,1000,620,410万円",18,4100.0,17,8,16,アグリ,牡,5,58.5,西村淳,68.5,1,4,6.7,34.3,8-8,栗東 杉山晴,,,
202407020411,2024-08-18,中京,11,CBC賞,芝,1200,左,晴,良,"2回 中京 4日目 サラ系３歳以上 オープン       (国際)(特指) ハンデ 18頭 本賞金:4100,1600,1000,620,410万円",18,4100.0,18,8,18,アネゴハダ,牝,5,53.0,角田和,69.1,3.1/2,15,96.4,35.2,3-3,栗東 佐々木,460,8,
202407020412,2024-08-18,中京,12,3歳以上1勝クラス,ダ,1200,左,晴,良,"2回 中京 4日目 サラ系３歳以上 １勝クラス       [指] 定量 16頭 本賞金:800,320,200,120,80万円",16,800.0,1,8,16,パドマ,牝,3,54.0,加藤,71.4,,2,4.3,36.8,1-1,栗東 杉山晴,500,6,
202407020412,2024-08-18,中京,12,3歳以上1勝クラス,ダ,1200,左,晴,良,"2回 中京 4日目 サラ系３歳以上 １勝クラス       [指] 定量 16頭 本賞金:800,320,200,120,80万円",16,800.0,2,7,13,クリノオリーブ,牝,3,54.0,幸,71.6,1.1/4,3,5.4,36.9,2-2,栗東 谷,460,-2,
202407020412,2024-08-18,中京,12,3歳以上1勝クラス,ダ,1200,左,晴,良,"2回 中京 4日目 サラ系３歳以上 １勝クラス       [指] 定量 16頭 本賞金:800,320,200,120,80万円",16,800.0,3,8,15,イミュータブル,牡,4,58.0,西村淳,72.0,2.1/2,9,32.2,36.8,5-5,栗東 浜田,478,6,
202407020412,2024-08-18,中京,12,3歳以上1勝クラス,ダ,1200,左,晴,良,"2回 中京 4日目 サラ系３歳以上 １勝クラス       [指] 定量 16頭 本賞金:800,320,200,120,80万円",16,800.0,4,2,4,フィルムアクトレス,牝,4,56.0,酒井,72.1,1/2,4,6.4,37.2,3-3,栗東 石橋,502,12,
202407020412,2024-08-18,中京,12,3歳以上1勝クラス,ダ,1200,左,晴,良,"2回 中京 4日目 サラ系３歳以上 １勝クラス       [指] 定量 16頭 本賞金:800,320,200,120,80万円",16,800.0,5,2,3,フレイミングパイ,牝,3,51.0,▲柴田裕,72.2,クビ,1,3.5,37.1,5-5,栗東 中竹,444,-2,
202407020412,2024-08-18,中京,12,3歳以上1勝クラス,ダ,1200,左,晴,良,"2回 中京 4日目 サラ系３歳以上 １勝クラス       [指] 定量 16頭 本賞金:800,320,200,120,80万円",16,800.0,6,3,5,ストームバンガード,牡,3,56.0,和田竜,72.2,クビ,7,15.0,36.9,7-7,栗東 岡田,484,2,
202407020412,2024-08-18,中京,12,3歳以上1勝クラス,ダ,1200,左,晴,良,"2回 中京 4日目 サラ系３歳以上 １勝クラス       [指] 定量 16頭 本賞金:800,320,200,120,80万円",16,800.0,7,5,10,レッドフランカー,セ,6,55.0,▲吉村,72.5,1.1/2,15,198.1,36.8,9-9,栗東 音無,454,-20,
202407020412,2024-08-18,中京,12,3歳以上1勝クラス,ダ,1200,左,晴,良,"2回 中京 4日目 サラ系３歳以上 １勝クラス       [指] 定量 16頭 本賞金:800,320,200,120,80万円",16,800.0,8,4,7,フェニックスループ,牡,5,58.0,藤懸,72.6,1/2,16,221.3,36.5,15-13,栗東 平田,464,-4,
202407020412,2024-08-18,中京,12,3歳以上1勝クラス,ダ,1200,左,晴,良,"2回 中京 4日目 サラ系３歳以上 １勝クラス       [指] 定量 16頭 本賞金:800,320,200,120,80万円",16,800.0,9,7,14,モーデン,牡,6,54.0,★河原田,72.7,3/4,13,99.7,37.1,9-9,栗東 藤沢,480,-2,
202407020412,2024-08-18,中京,12,3歳以上1勝クラス,ダ,1200,左,晴,良,"2回 中京 4日目 サラ系３歳以上 １勝クラス       [指] 定量 16頭 本賞金:800,320,200,120,80万円",16,800.0,10,6,12,クインズシャウラ,牝,3,53.0,☆西塚,73.3,3.1/2,8,18.8,37.9,8-7,栗東 野中,418,14,
202407020412,2024-08-18,中京,12,3歳以上1勝クラス,ダ,1200,左,晴,良,"2回 中京 4日目 サラ系３歳以上 １勝クラス       [指] 定量 16頭 本賞金:800,320,200,120,80万円",16,800.0,11,1,1,レインメーカー,牡,4,58.0,横山和,73.6,2,12,91.5,37.4,15-15,栗東 安田,456,-6,
202407020412,2024-08-18,中京,12,3歳以上1勝クラス,ダ,1200,左,晴,良,"2回 中京 4日目 サラ系３歳以上 １勝クラス       [指] 定量 16頭 本賞金:800,320,200,120,80万円",16,800.0,12,5,9,マイネルサンテ,牡,4,58.0,斎藤,73.6,クビ,14,175.8,38.6,4-3,栗東 緒方,502,26,
202407020412,2024-08-18,中京,12,3歳以上1勝クラス,ダ,1200,左,晴,良,"2回 中京 4日目 サラ系３歳以上 １勝クラス       [指] 定量 16頭 本賞金:800,320,200,120,80万円",16,800.0,13,1,2,ウエスタンシーズン,牡,3,54.0,◇永島,73.7,アタマ,5,10.9,37.7,14-13,栗東 西園正,546,-2,
202407020412,2024-08-18,中京,12,3歳以上1勝クラス,ダ,1200,左,晴,良,"2回 中京 4日目 サラ系３歳以上 １勝クラス       [指] 定量 16頭 本賞金:800,320,200,120,80万円",16,800.0,14,3,6,ノースディーバ,牡,4,58.0,鮫島駿,74.5,5,10,42.7,38.6,11-11,栗東 鮫島,524,-2,
202407020412,2024-08-18,中京,12,3歳以上1勝クラス,ダ,1200,左,晴,良,"2回 中京 4日目 サラ系３歳以上 １勝クラス       [指] 定量 16頭 本賞金:800,320,200,120,80万円",16,800.0,15,6,11,スマイルバック,牝,5,56.0,団野,74.6,3/4,6,12.1,38.8,11-11,栗東 西園翔,464,-4,
202407020412,2024-08-18,中京,12,3歳以上1勝クラス,ダ,1200,左,晴,良,"2回 中京 4日目 サラ系３歳以上 １勝クラス       [指] 定量 16頭 本賞金:800,320,200,120,80万円",16,800.0,16,4,8,プライムレート,牝,4,56.0,水口,80.4,大,11,66.1,44.6,11-16,栗東 笹田,496,24,
202401020501,2024-08-24,札幌,1,2歳未勝利,芝,1200,右,晴,良,"2回 札幌 5日目 サラ系２歳 未勝利       [指] 馬齢 7頭 本賞金:550,220,140,83,55万円",7,550.0,1,1,1,ロードヴェルト,牡,2,52.0,▲高杉,69.7,,2,3.3,34.3,4-4,栗東 牧浦,416,0,
202401020501,2024-08-24,札幌,1,2歳未勝利,芝,1200,右,晴,良,"2回 札幌 5日目 サラ系２歳 未勝利       [指] 馬齢 7頭 本賞金:550,220,140,83,55万円",7,550.0,2,3,3,カウンターセブン,牡,2,55.0,モレイ,69.7,クビ,1,1.2,34.5,3-2,美浦 村田,476,-4,
202401020501,2024-08-24,札幌,1,2歳未勝利,芝,1200,右,晴,良,"2回 札幌 5日目 サラ系２歳 未勝利       [指] 馬齢 7頭 本賞金:550,220,140,83,55万円",7,550.0,3,4,4,ラッキーカムカム,牝,2,55.0,丹内,70.6,5,3,15.0,35.6,1-1,栗東 中村,458,2,
202401020501,2024-08-24,札幌,1,2歳未勝利,芝,1200,右,晴,良,"2回 札幌 5日目 サラ系２歳 未勝利       [指] 馬齢 7頭 本賞金:550,220,140,83,55万円",7,550.0,4,5,5,グーフドリファール,牝,2,55.0,佐々木,70.7,1/2,5,22.4,35.6,2-2,栗東 安達,400,2,
202401020501,2024-08-24,札幌,1,2歳未勝利,芝,1200,右,晴,良,"2回 札幌 5日目 サラ系２歳 未勝利       [指] 馬齢 7頭 本賞金:550,220,140,83,55万円",7,550.0,5,7,7,ナンナンプー,牝,2,52.0,▲長浜,70.9,1.1/2,4,22.1,35.5,4-4,美浦 矢嶋,440,-2,
202401020501,2024-08-24,札幌,1,2歳未勝利,芝,1200,右,晴,良,"2回 札幌 5日目 サラ系２歳 未勝利       [指] 馬齢 7頭 本賞金:550,220,140,83,55万円",7,550.0,6,6,6,キョウエイウインド,牝,2,55.0,小林凌,71.3,2.1/2,7,122.4,35.6,6-6,美浦 萱野,388,-18,
202401020501,2024-08-24,札幌,1,2歳未勝利,芝,1200,右,晴,良,"2回 札幌 5日目 サラ系２歳 未勝利       [指] 馬齢 7頭 本賞金:550,220,140,83,55万円",7,550.0,7,2,2,オールマイタイム,牝,2,51.0,★古川奈,71.6,1.1/2,6,114.0,35.9,6-7,美浦 千葉,386,-8,
202401020502,2024-08-24,札幌,2,2歳未勝利,芝,1800,右,曇,良,"2回 札幌 5日目 サラ系２歳 未勝利       (混)[指] 馬齢 9頭 本賞金:550,220,140,83,55万円",9,550.0,1,2,2,ローレルオーブ,牡,2,55.0,ホー,110.2,,5,11.8,35.6,6-6-6-6,栗東 杉山佳,448,-8,
202401020502,2024-08-24,札幌,2,2歳未勝利,芝,1800,右,曇,良,"2回 札幌 5日目 サラ系２歳 未勝利       (混)[指] 馬齢 9頭 本賞金:550,220,140,83,55万円",9,550.0,2,4,4,アースグレーザー,牡,2,55.0,ルメー,110.2,ハナ,1,2.2,36.0,3-3-3-3,栗東 中村,462,-2,
202401020502,2024-08-24,札幌,2,2歳未勝利,芝,1800,右,曇,良,"2回 札幌 5日目 サラ系２歳 未勝利       (混)[指] 馬齢 9頭 本賞金:550,220,140,83,55万円",9,550.0,3,8,9,アルハイルフォート,牡,2,55.0,北村友,110.2,クビ,4,7.5,37.4,1-1-1-1,栗東 高野,484,6,
202401020502,2024-08-24,札幌,2,2歳未勝利,芝,1800,右,曇,良,"2回 札幌 5日目 サラ系２歳 未勝利       (混)[指] 馬齢 9頭 本賞金:550,220,140,83,55万円",9,550.0,4,7,7,ノースタンダード,牡,2,55.0,横山和,111.0,5,3,5.5,37.1,2-2-2-2,美浦 栗田,528,2,
202401020502,2024-08-24,札幌,2,2歳未勝利,芝,1800,右,曇,良,"2回 札幌 5日目 サラ系２歳 未勝利       (混)[指] 馬齢 9頭 本賞金:550,220,140,83,55万円",9,550.0,5,3,3,フタリセゾン,牝,2,52.0,▲長浜,112.0,6,6,74.4,36.7,9-9-9-9,美浦 勢司,420,0,
202401020502,2024-08-24,札幌,2,2歳未勝利,芝,1800,右,曇,良,"2回 札幌 5日目 サラ系２歳 未勝利       (混)[指] 馬齢 9頭 本賞金:550,220,140,83,55万円",9,550.0,6,1,1,ミシュリーヌ,牝,2,53.0,△小林勝,112.3,1.3/4,8,164.0,37.9,4-4-5-7,美浦 小西,450,8,
202401020502,2024-08-24,札幌,2,2歳未勝利,芝,1800,右,曇,良,"2回 札幌 5日目 サラ系２歳 未勝利       (混)[指] 馬齢 9頭 本賞金:550,220,140,83,55万円",9,550.0,7,6,6,ロードジェネシス,牡,2,55.0,坂井,112.4,1/2,2,2.6,37.8,7-6-6-4,栗東 奥村豊,484,14,
202401020502,2024-08-24,札幌,2,2歳未勝利,芝,1800,右,曇,良,"2回 札幌 5日目 サラ系２歳 未勝利       (混)[指] 馬齢 9頭 本賞金:550,220,140,83,55万円",9,550.0,8,5,5,コスモリスナー,牡,2,55.0,丹内,112.5,1/2,7,78.4,38.2,4-4-4-4,栗東 宮,506,-6,
202401020502,2024-08-24,札幌,2,2歳未勝利,芝,1800,右,曇,良,"2回 札幌 5日目 サラ系２歳 未勝利       (混)[指] 馬齢 9頭 本賞金:550,220,140,83,55万円",9,550.0,9,8,8,キタノエーシン,牡,2,55.0,黛,113.1,3.1/2,9,323.2,38.2,8-8-8-8,美浦 蛯名利,480,4,
202401020503,2024-08-24,札幌,3,3歳未勝利,ダ,1000,右,曇,良,"2回 札幌 5日目 サラ系３歳 未勝利       牝[指] 馬齢 12頭 本賞金:550,220,140,83,55万円",12,550.0,1,8,12,ミルフルール,牝,3,55.0,北村友,59.3,,2,3.6,36.0,1-1,美浦 伊坂,478,0,
202401020503,2024-08-24,札幌,3,3歳未勝利,ダ,1000,右,曇,良,"2回 札幌 5日目 サラ系３歳 未勝利       牝[指] 馬齢 12頭 本賞金:550,220,140,83,55万円",12,550.0,2,7,10,エクサビット,牝,3,55.0,坂井,60.2,5,3,4.6,36.7,3-2,美浦 萩原,456,0,
202401020503,2024-08-24,札幌,3,3歳未勝利,ダ,1000,右,曇,良,"2回 札幌 5日目 サラ系３歳 未勝利       牝[指] 馬齢 12頭 本賞金:550,220,140,83,55万円",12,550.0,3,6,7,ジュビランス,牝,3,55.0,ホー,60.4,3/4,9,28.1,36.6,7-7,美浦 木村,450,-6,
202401020503,2024-08-24,札幌,3,3歳未勝利,ダ,1000,右,曇,良,"2回 札幌 5日目 サラ系３歳 未勝利       牝[指] 馬齢 12頭 本賞金:550,220,140,83,55万円",12,550.0,4,1,1,スキーサンダー,牝,3,55.0,ルメー,60.5,3/4,1,3.1,36.8,6-7,美浦 辻,476,0,
202401020503,2024-08-24,札幌,3,3歳未勝利,ダ,1000,右,曇,良,"2回 札幌 5日目 サラ系３歳 未勝利       牝[指] 馬齢 12頭 本賞金:550,220,140,83,55万円",12,550.0,5,3,3,ラントゥリーダンス,牝,3,52.0,▲川端,60.6,1/2,5,14.1,36.6,10-9,美浦 石栗,468,8,
202401020503,2024-08-24,札幌,3,3歳未勝利,ダ,1000,右,曇,良,"2回 札幌 5日目 サラ系３歳 未勝利       牝[指] 馬齢 12頭 本賞金:550,220,140,83,55万円",12,550.0,6,5,6,マリノバレリーナ,牝,3,55.0,丹内,60.7,クビ,4,7.7,37.3,2-2,美浦 松永康,460,18,
202401020503,2024-08-24,札幌,3,3歳未勝利,ダ,1000,右,曇,良,"2回 札幌 5日目 サラ系３歳 未勝利       牝[指] 馬齢 12頭 本賞金:550,220,140,83,55万円",12,550.0,7,7,9,アルヘンティニータ,牝,3,53.0,△小林勝,60.7,クビ,10,33.9,36.9,7-4,美浦 伊藤圭,430,-4,
202401020503,2024-08-24,札幌,3,3歳未勝利,ダ,1000,右,曇,良,"2回 札幌 5日目 サラ系３歳 未勝利       牝[指] 馬齢 12頭 本賞金:550,220,140,83,55万円",12,550.0,8,5,5,ココモローズ,牝,3,52.0,▲高杉,61.0,1.3/4,7,16.2,37.5,3-4,美浦 高木,414,-6,
202401020503,2024-08-24,札幌,3,3歳未勝利,ダ,1000,右,曇,良,"2回 札幌 5日目 サラ系３歳 未勝利       牝[指] 馬齢 12頭 本賞金:550,220,140,83,55万円",12,550.0,9,6,8,ディディット,牝,3,55.0,富田,61.3,1.3/4,6,15.2,37.7,5-4,栗東 木原,444,0,
202401020503,2024-08-24,札幌,3,3歳未勝利,ダ,1000,右,曇,良,"2回 札幌 5日目 サラ系３歳 未勝利       牝[指] 馬齢 12頭 本賞金:550,220,140,83,55万円",12,550.0,10,8,11,オレンジサファイア,牝,3,55.0,ティー,61.6,2,8,24.2,37.0,11-11,栗東 岡田,488,16,
202401020503,2024-08-24,札幌,3,3歳未勝利,ダ,1000,右,曇,良,"2回 札幌 5日目 サラ系３歳 未勝利       牝[指] 馬齢 12頭 本賞金:550,220,140,83,55万円",12,550.0,11,4,4,コパマエチャン,牝,3,55.0,吉村智,62.0,2.1/2,11,65.3,38.2,7-10,美浦 大和田,480,4,
202401020503,2024-08-24,札幌,3,3歳未勝利,ダ,1000,右,曇,良,"2回 札幌 5日目 サラ系３歳 未勝利       牝[指] 馬齢 12頭 本賞金:550,220,140,83,55万円",12,550.0,,2,2,ダイユウグラフ,牝,3,52.0,▲長浜,,,,,,,美浦 松永康,478,0,除外
202401020504,2024-08-24,札幌,4,3歳未勝利,ダ,1700,右,曇,良,"2回 札幌 5日目 サラ系３歳 未勝利       [指] 馬齢 14頭 本賞金:550,220,140,83,55万円",14,550.0,1,6,10,アイウィル,牡,3,57.0,北村友,107.1,,2,3.7,38.8,3-3-3-2,美浦 高木,518,4,
202401020504,2024-08-24,札幌,4,3歳未勝利,ダ,1700,右,曇,良,"2回 札幌 5日目 サラ系３歳 未勝利       [指] 馬齢 14頭 本賞金:550,220,140,83,55万円",14,550.0,2,8,14,ケーヴァラ,牡,3,57.0,坂井,107.8,4,1,2.7,39.1,6-6-7-4,栗東 羽月,468,0,
202401020504,2024-08-24,札幌,4,3歳未勝利,ダ,1700,右,曇,良,"2回 札幌 5日目 サラ系３歳 未勝利       [指] 馬齢 14頭 本賞金:550,220,140,83,55万円",14,550.0,3,2,2,ダイゴリュウジン,牡,3,57.0,丹内,108.2,2.1/2,6,26.2,40.0,2-2-2-1,美浦 清水英,472,8,
202401020504,2024-08-24,札幌,4,3歳未勝利,ダ,1700,右,曇,良,"2回 札幌 5日目 サラ系３歳 未勝利       [指] 馬齢 14頭 本賞金:550,220,140,83,55万円",14,550.0,4,7,12,ルージュベルベット,牝,3,55.0,武豊,108.5,2,5,7.0,39.9,4-5-6-6,美浦 黒岩,426,12,
202401020504,2024-08-24,札幌,4,3歳未勝利,ダ,1700,右,曇,良,"2回 札幌 5日目 サラ系３歳 未勝利       [指] 馬齢 14頭 本賞金:550,220,140,83,55万円",14,550.0,5,5,7,マーシャルテイル,牡,3,57.0,ホー,108.6,1/2,7,67.5,40.6,1-1-1-2,栗東 池添,452,0,
202401020504,2024-08-24,札幌,4,3歳未勝利,ダ,1700,右,曇,良,"2回 札幌 5日目 サラ系３歳 未勝利       [指] 馬齢 14頭 本賞金:550,220,140,83,55万円",14,550.0,6,4,6,ルーフオブヘヴン,牝,3,55.0,大野,108.9,2,8,68.4,40.5,6-6-3-4,美浦 武藤,458,4,
202401020504,2024-08-24,札幌,4,3歳未勝利,ダ,1700,右,曇,良,"2回 札幌 5日目 サラ系３歳 未勝利       [指] 馬齢 14頭 本賞金:550,220,140,83,55万円",14,550.0,7,4,5,ダノンロッキー,牡,3,57.0,川田,109.3,2,4,5.4,40.5,12-11-7-6,美浦 萩原,496,2,
202401020504,2024-08-24,札幌,4,3歳未勝利,ダ,1700,右,曇,良,"2回 札幌 5日目 サラ系３歳 未勝利       [指] 馬齢 14頭 本賞金:550,220,140,83,55万円",14,550.0,8,5,8,ワカミヤノミコト,牡,3,57.0,吉村智,109.6,1.3/4,13,416.8,40.5,9-9-10-10,美浦 稲垣,482,10,
202401020504,2024-08-24,札幌,4,3歳未勝利,ダ,1700,右,曇,良,"2回 札幌 5日目 サラ系３歳 未勝利       [指] 馬齢 14頭 本賞金:550,220,140,83,55万円",14,550.0,9,3,3,ウイントールキン,牡,3,57.0,佐々木,109.6,クビ,9,163.2,40.9,6-6-7-8,栗東 西園正,490,2,
202401020504,2024-08-24,札幌,4,3歳未勝利,ダ,1700,右,曇,良,"2回 札幌 5日目 サラ系３歳 未勝利       [指] 馬齢 14頭 本賞金:550,220,140,83,55万円",14,550.0,10,1,1,モズオラージュ,牡,3,53.0,★古川奈,110.8,7,11,318.5,41.3,11-11-11-11,栗東 矢作,486,-2,
202401020504,2024-08-24,札幌,4,3歳未勝利,ダ,1700,右,曇,良,"2回 札幌 5日目 サラ系３歳 未勝利       [指] 馬齢 14頭 本賞金:550,220,140,83,55万円",14,550.0,11,3,4,スターゲット,牡,3,57.0,モレイ,110.9,3/4,3,4.9,42.5,4-3-3-8,美浦 中舘,454,-4,
202401020504,2024-08-24,札幌,4,3歳未勝利,ダ,1700,右,曇,良,"2回 札幌 5日目 サラ系３歳 未勝利       [指] 馬齢 14頭 本賞金:550,220,140,83,55万円",14,550.0,12,8,13,メイショウムラゲ,牡,3,57.0,荻野琢,113.8,大,14,450.3,42.9,14-14-14-14,栗東 鮫島,472,8,
202401020504,2024-08-24,札幌,4,3歳未勝利,ダ,1700,右,曇,良,"2回 札幌 5日目 サラ系３歳 未勝利       [指] 馬齢 14頭 本賞金:550,220,140,83,55万円",14,550.0,13,6,9,ウィナールーツ,牡,3,57.0,黛,114.7,5,12,359.8,44.9,9-9-12-12,美浦 堀内,430,0,
202401020504,2024-08-24,札幌,4,3歳未勝利,ダ,1700,右,曇,良,"2回 札幌 5日目 サラ系３歳 未勝利       [指] 馬齢 14頭 本賞金:550,220,140,83,55万円",14,550.0,14,7,11,フィオリトゥーラ,牝,3,55.0,サンチ,115.4,4,10,180.8,45.1,13-13-13-12,栗東 森田,432,16,
202401020505,2024-08-24,札幌,5,2歳新馬,ダ,1700,右,晴,良,"2回 札幌 5日目 サラ系２歳 新馬       (混)[指] 馬齢 12頭 本賞金:720,290,180,110,72万円",12,720.0,1,6,7,グランジョルノ,牡,2,55.0,ルメー,110.0,,2,5.1,39.0,9-9-8-7,美浦 高柳瑞,472,0,
202401020505,2024-08-24,札幌,5,2歳新馬,ダ,1700,右,晴,良,"2回 札幌 5日目 サラ系２歳 新馬       (混)[指] 馬齢 12頭 本賞金:720,290,180,110,72万円",12,720.0,2,5,5,キミオモウハナ,牝,2,53.0,△小林勝,110.3,2,9,90.5,39.3,12-11-8-4,栗東 杉山佳,480,0,
202401020505,2024-08-24,札幌,5,2歳新馬,ダ,1700,右,晴,良,"2回 札幌 5日目 サラ系２歳 新馬       (混)[指] 馬齢 12頭 本賞金:720,290,180,110,72万円",12,720.0,3,5,6,トルショー,牡,2,55.0,モレイ,110.6,1.3/4,3,5.9,40.0,3-3-2-2,美浦 伊藤圭,468,0,
202401020505,2024-08-24,札幌,5,2歳新馬,ダ,1700,右,晴,良,"2回 札幌 5日目 サラ系２歳 新馬       (混)[指] 馬齢 12頭 本賞金:720,290,180,110,72万円",12,720.0,4,6,8,ルクソールカフェ,牡,2,55.0,レーン,110.8,1.1/2,1,1.4,40.1,6-6-2-4,美浦 堀,530,0,
202401020505,2024-08-24,札幌,5,2歳新馬,ダ,1700,右,晴,良,"2回 札幌 5日目 サラ系２歳 新馬       (混)[指] 馬齢 12頭 本賞金:720,290,180,110,72万円",12,720.0,5,7,10,レディゴディヴァ,牝,2,55.0,吉村智,111.1,1.1/2,10,113.5,40.3,4-3-6-4,栗東 小崎,420,0,
202401020505,2024-08-24,札幌,5,2歳新馬,ダ,1700,右,晴,良,"2回 札幌 5日目 サラ系２歳 新馬       (混)[指] 馬齢 12頭 本賞金:720,290,180,110,72万円",12,720.0,6,7,9,ナックシュバリエ,牡,2,55.0,大野,111.7,3.1/2,12,239.6,40.6,9-9-10-10,美浦 杉浦,478,0,
202401020505,2024-08-24,札幌,5,2歳新馬,ダ,1700,右,晴,良,"2回 札幌 5日目 サラ系２歳 新馬       (混)[指] 馬齢 12頭 本賞金:720,290,180,110,72万円",12,720.0,7,8,12,デアルーチェ,牝,2,55.0,丹内,111.7,ハナ,6,29.2,40.9,8-8-6-7,美浦 宮田,478,0,
202401020505,2024-08-24,札幌,5,2歳新馬,ダ,1700,右,晴,良,"2回 札幌 5日目 サラ系２歳 新馬       (混)[指] 馬齢 12頭 本賞金:720,290,180,110,72万円",12,720.0,8,4,4,マンボルンバ,牡,2,55.0,坂井,111.9,1.1/2,8,67.8,41.3,2-2-2-2,美浦 加藤征,522,0,
202401020505,2024-08-24,札幌,5,2歳新馬,ダ,1700,右,晴,良,"2回 札幌 5日目 サラ系２歳 新馬       (混)[指] 馬齢 12頭 本賞金:720,290,180,110,72万円",12,720.0,9,8,11,プルシャプラ,牡,2,55.0,佐々木,112.0,1/2,5,21.4,41.3,5-5-2-7,美浦 池上,510,0,
202401020505,2024-08-24,札幌,5,2歳新馬,ダ,1700,右,晴,良,"2回 札幌 5日目 サラ系２歳 新馬       (混)[指] 馬齢 12頭 本賞金:720,290,180,110,72万円",12,720.0,10,2,2,フォレストオール,牝,2,55.0,横山和,112.1,クビ,4,19.2,41.5,1-1-1-1,美浦 栗田,440,0,
202401020505,2024-08-24,札幌,5,2歳新馬,ダ,1700,右,晴,良,"2回 札幌 5日目 サラ系２歳 新馬       (混)[指] 馬齢 12頭 本賞金:720,290,180,110,72万円",12,720.0,11,1,1,アースカムイ,牡,2,55.0,小林凌,113.5,8,11,201.4,42.4,7-6-10-10,美浦 小西,464,0,
202401020505,2024-08-24,札幌,5,2歳新馬,ダ,1700,右,晴,良,"2回 札幌 5日目 サラ系２歳 新馬       (混)[指] 馬齢 12頭 本賞金:720,290,180,110,72万円",12,720.0,12,3,3,カーミングライツ,牡,2,55.0,ティー,115.0,9,7,61.9,42.6,11-12-12-12,美浦 小島,520,0,
202401020506,2024-08-24,札幌,6,3歳未勝利,芝,1500,右,晴,良,"2回 札幌 5日目 サラ系３歳 未勝利       (混)[指] 馬齢 14頭 本賞金:550,220,140,83,55万円",14,550.0,1,8,14,アドマイヤアストラ,牡,3,57.0,武豊,88.6,,4,5.7,35.1,2-2-2,栗東 友道,440,6,
202401020506,2024-08-24,札幌,6,3歳未勝利,芝,1500,右,晴,良,"2回 札幌 5日目 サラ系３歳 未勝利       (混)[指] 馬齢 14頭 本賞金:550,220,140,83,55万円",14,550.0,2,5,7,ロンフォン,牝,3,55.0,戸崎圭,88.9,1.1/2,5,8.4,35.1,4-3-3,美浦 久保田,428,4,
202401020506,2024-08-24,札幌,6,3歳未勝利,芝,1500,右,晴,良,"2回 札幌 5日目 サラ系３歳 未勝利       (混)[指] 馬齢 14頭 本賞金:550,220,140,83,55万円",14,550.0,3,4,5,ココシャンパーニュ,牝,3,55.0,北村友,88.9,ハナ,1,3.7,35.1,2-3-3,栗東 音無,468,6,
202401020506,2024-08-24,札幌,6,3歳未勝利,芝,1500,右,晴,良,"2回 札幌 5日目 サラ系３歳 未勝利       (混)[指] 馬齢 14頭 本賞金:550,220,140,83,55万円",14,550.0,4,3,4,ブライティアダイヤ,牝,3,55.0,永野,89.0,クビ,6,14.8,35.6,1-1-1,美浦 稲垣,464,0,
202401020506,2024-08-24,札幌,6,3歳未勝利,芝,1500,右,晴,良,"2回 札幌 5日目 サラ系３歳 未勝利       (混)[指] 馬齢 14頭 本賞金:550,220,140,83,55万円",14,550.0,5,3,3,スウィートリワード,牝,3,55.0,ルメー,89.4,2.1/2,2,4.1,35.4,7-6-5,栗東 宮本,456,2,
202401020506,2024-08-24,札幌,6,3歳未勝利,芝,1500,右,晴,良,"2回 札幌 5日目 サラ系３歳 未勝利       (混)[指] 馬齢 14頭 本賞金:550,220,140,83,55万円",14,550.0,6,6,10,メイショウマゴイチ,牡,3,57.0,浜中,89.4,クビ,8,36.6,35.3,9-8-8,栗東 武幸,498,22,
202401020506,2024-08-24,札幌,6,3歳未勝利,芝,1500,右,晴,良,"2回 札幌 5日目 サラ系３歳 未勝利       (混)[指] 馬齢 14頭 本賞金:550,220,140,83,55万円",14,550.0,7,7,12,ユメカウツツカ,牝,3,53.0,△小林勝,89.9,3,7,15.2,35.5,9-11-8,栗東 小栗,400,0,
202401020506,2024-08-24,札幌,6,3歳未勝利,芝,1500,右,晴,良,"2回 札幌 5日目 サラ系３歳 未勝利       (混)[指] 馬齢 14頭 本賞金:550,220,140,83,55万円",14,550.0,8,7,11,オランジェロ,牝,3,55.0,荻野琢,90.0,クビ,9,38.3,36.1,4-5-5,栗東 今野,472,0,
202401020506,2024-08-24,札幌,6,3歳未勝利,芝,1500,右,晴,良,"2回 札幌 5日目 サラ系３歳 未勝利       (混)[指] 馬齢 14頭 本賞金:550,220,140,83,55万円",14,550.0,9,8,13,ミラルージュ,牝,3,55.0,富田,90.0,クビ,14,397.6,35.9,4-8-8,栗東 森田,428,12,
202401020506,2024-08-24,札幌,6,3歳未勝利,芝,1500,右,晴,良,"2回 札幌 5日目 サラ系３歳 未勝利       (混)[指] 馬齢 14頭 本賞金:550,220,140,83,55万円",14,550.0,10,6,9,カンカール,牝,3,52.0,▲高杉,90.7,4,13,357.9,36.5,12-8-5,栗東 池添,468,22,
202401020506,2024-08-24,札幌,6,3歳未勝利,芝,1500,右,晴,良,"2回 札幌 5日目 サラ系３歳 未勝利       (混)[指] 馬齢 14頭 本賞金:550,220,140,83,55万円",14,550.0,11,2,2,ニシノフルール,牝,3,55.0,大野,92.2,9,10,136.1,37.9,11-11-11,美浦 杉浦,478,30,
202401020506,2024-08-24,札幌,6,3歳未勝利,芝,1500,右,晴,良,"2回 札幌 5日目 サラ系３歳 未勝利       (混)[指] 馬齢 14頭 本賞金:550,220,140,83,55万円",14,550.0,12,1,1,サトノスフィア,牡,3,57.0,吉村智,92.3,クビ,12,175.9,37.5,13-13-13,栗東 池江,536,4,
202401020506,2024-08-24,札幌,6,3歳未勝利,芝,1500,右,晴,良,"2回 札幌 5日目 サラ系３歳 未勝利       (混)[指] 馬齢 14頭 本賞金:550,220,140,83,55万円",14,550.0,13,4,6,エイシントレボン,牡,3,57.0,丹内,93.3,6,11,146.2,39.3,7-6-11,美浦 田中剛,460,0,
202401020506,2024-08-24,札幌,6,3歳未勝利,芝,1500,右,晴,良,"2回 札幌 5日目 サラ系３歳 未勝利       (混)[指] 馬齢 14頭 本賞金:550,220,140,83,55万円",14,550.0,,5,8,エリザベスバローズ,牝,3,55.0,モレイ,,,3,4.2,,,栗東 杉山晴,456,20,中止
202401020507,2024-08-24,札幌,7,3歳以上1勝クラス,芝,1800,右,晴,良,"2回 札幌 5日目 サラ系３歳以上 １勝クラス       [指] 定量 14頭 本賞金:800,320,200,120,80万円",14,800.0,1,2,2,ウインアクトゥール,牡,3,55.0,ティー,108.3,,5,10.0,35.6,5-4-4-4,美浦 栗田,436,4,
202401020507,2024-08-24,札幌,7,3歳以上1勝クラス,芝,1800,右,晴,良,"2回 札幌 5日目 サラ系３歳以上 １勝クラス       [指] 定量 14頭 本賞金:800,320,200,120,80万円",14,800.0,2,4,6,エイトスターズ,牝,4,56.0,ルメー,108.3,アタマ,4,7.5,35.5,9-8-6-5,栗東 坂口,474,-4,
202401020507,2024-08-24,札幌,7,3歳以上1勝クラス,芝,1800,右,晴,良,"2回 札幌 5日目 サラ系３歳以上 １勝クラス       [指] 定量 14頭 本賞金:800,320,200,120,80万円",14,800.0,3,8,13,ダークブロンド,牝,4,56.0,ホー,108.3,クビ,7,16.4,35.3,10-10-9-7,栗東 高橋亮,430,-2,
202401020507,2024-08-24,札幌,7,3歳以上1勝クラス,芝,1800,右,晴,良,"2回 札幌 5日目 サラ系３歳以上 １勝クラス       [指] 定量 14頭 本賞金:800,320,200,120,80万円",14,800.0,4,1,1,マイネルフランツ,牡,3,55.0,丹内,108.6,1.1/2,1,2.8,36.1,2-3-3-2,美浦 和田郎,482,0,
202401020507,2024-08-24,札幌,7,3歳以上1勝クラス,芝,1800,右,晴,良,"2回 札幌 5日目 サラ系３歳以上 １勝クラス       [指] 定量 14頭 本賞金:800,320,200,120,80万円",14,800.0,5,4,5,ナムラブーニン,牡,3,55.0,武豊,108.8,1.1/4,3,6.2,35.8,10-11-9-10,栗東 高橋一,460,2,
202401020507,2024-08-24,札幌,7,3歳以上1勝クラス,芝,1800,右,晴,良,"2回 札幌 5日目 サラ系３歳以上 １勝クラス       [指] 定量 14頭 本賞金:800,320,200,120,80万円",14,800.0,6,8,14,ナンヨーアゼリア,牝,5,53.0,▲長浜,108.9,1/2,9,32.9,36.0,6-6-7-7,美浦 手塚,434,-2,
202401020507,2024-08-24,札幌,7,3歳以上1勝クラス,芝,1800,右,晴,良,"2回 札幌 5日目 サラ系３歳以上 １勝クラス       [指] 定量 14頭 本賞金:800,320,200,120,80万円",14,800.0,7,3,4,シュライフェ,牝,4,56.0,藤懸,108.9,クビ,13,257.4,36.0,7-7-7-7,美浦 和田雄,506,8,
202401020507,2024-08-24,札幌,7,3歳以上1勝クラス,芝,1800,右,晴,良,"2回 札幌 5日目 サラ系３歳以上 １勝クラス       [指] 定量 14頭 本賞金:800,320,200,120,80万円",14,800.0,8,3,3,コスモアバンサ,牡,4,58.0,レーン,109.1,1.1/4,2,3.4,36.7,3-2-2-1,美浦 清水英,486,-2,
202401020507,2024-08-24,札幌,7,3歳以上1勝クラス,芝,1800,右,晴,良,"2回 札幌 5日目 サラ系３歳以上 １勝クラス       [指] 定量 14頭 本賞金:800,320,200,120,80万円",14,800.0,9,5,8,スノーディーヴァ,牝,3,51.0,△小林勝,109.3,1.1/4,6,15.9,36.7,3-4-4-5,美浦 深山,474,24,
202401020507,2024-08-24,札幌,7,3歳以上1勝クラス,芝,1800,右,晴,良,"2回 札幌 5日目 サラ系３歳以上 １勝クラス       [指] 定量 14頭 本賞金:800,320,200,120,80万円",14,800.0,10,6,9,タマモマスラオ,牡,4,55.0,▲高杉,109.7,2.1/2,11,194.6,37.3,1-1-1-2,栗東 緒方,482,0,
202401020507,2024-08-24,札幌,7,3歳以上1勝クラス,芝,1800,右,晴,良,"2回 札幌 5日目 サラ系３歳以上 １勝クラス       [指] 定量 14頭 本賞金:800,320,200,120,80万円",14,800.0,11,7,12,ダイスアローリング,牡,3,55.0,横山和,109.9,1.1/4,8,29.2,36.7,12-12-11-11,美浦 古賀,506,-4,
202401020507,2024-08-24,札幌,7,3歳以上1勝クラス,芝,1800,右,晴,良,"2回 札幌 5日目 サラ系３歳以上 １勝クラス       [指] 定量 14頭 本賞金:800,320,200,120,80万円",14,800.0,12,5,7,グランドフューチャ,牡,3,51.0,★古川奈,110.4,2.1/2,14,276.9,37.2,7-8-11-11,栗東 鈴木孝,478,8,
202401020507,2024-08-24,札幌,7,3歳以上1勝クラス,芝,1800,右,晴,良,"2回 札幌 5日目 サラ系３歳以上 １勝クラス       [指] 定量 14頭 本賞金:800,320,200,120,80万円",14,800.0,13,6,10,フロスティクォーツ,牡,6,58.0,オシェ,110.6,1.1/2,12,255.2,37.4,13-13-11-11,美浦 加藤和,474,2,
202401020507,2024-08-24,札幌,7,3歳以上1勝クラス,芝,1800,右,晴,良,"2回 札幌 5日目 サラ系３歳以上 １勝クラス       [指] 定量 14頭 本賞金:800,320,200,120,80万円",14,800.0,14,7,11,アイノセンシ,牡,4,58.0,古川吉,110.9,1.3/4,10,153.8,37.1,13-13-14-14,美浦 牧,518,8,
202401020508,2024-08-24,札幌,8,3歳以上1勝クラス,ダ,1700,右,晴,良,"2回 札幌 5日目 サラ系３歳以上 １勝クラス       牝[指] 定量 12頭 本賞金:800,320,200,120,80万円",12,800.0,1,6,8,サウンドアレグリア,牝,3,53.0,武豊,106.6,,1,1.7,39.1,1-1-1-1,栗東 武英,502,6,
202401020508,2024-08-24,札幌,8,3歳以上1勝クラス,ダ,1700,右,晴,良,"2回 札幌 5日目 サラ系３歳以上 １勝クラス       牝[指] 定量 12頭 本賞金:800,320,200,120,80万円",12,800.0,2,6,7,メイショウリリー,牝,3,53.0,藤懸,106.8,1.1/4,2,3.6,39.2,9-9-2-2,栗東 高橋忠,434,4,
202401020508,2024-08-24,札幌,8,3歳以上1勝クラス,ダ,1700,右,晴,良,"2回 札幌 5日目 サラ系３歳以上 １勝クラス       牝[指] 定量 12頭 本賞金:800,320,200,120,80万円",12,800.0,3,5,6,ルージュシュエット,牝,3,53.0,坂井,106.8,ハナ,3,4.6,39.2,2-2-2-3,栗東 矢作,456,10,
202401020508,2024-08-24,札幌,8,3歳以上1勝クラス,ダ,1700,右,晴,良,"2回 札幌 5日目 サラ系３歳以上 １勝クラス       牝[指] 定量 12頭 本賞金:800,320,200,120,80万円",12,800.0,4,4,4,ヤエベニシダレ,牝,4,54.0,△小林勝,107.4,3.1/2,5,15.5,39.2,8-8-7-4,栗東 梅田,470,0,
202401020508,2024-08-24,札幌,8,3歳以上1勝クラス,ダ,1700,右,晴,良,"2回 札幌 5日目 サラ系３歳以上 １勝クラス       牝[指] 定量 12頭 本賞金:800,320,200,120,80万円",12,800.0,5,5,5,アウストラリス,牝,3,53.0,富田,108.7,8,10,172.0,40.5,7-7-7-6,美浦 高橋文,432,6,
202401020508,2024-08-24,札幌,8,3歳以上1勝クラス,ダ,1700,右,晴,良,"2回 札幌 5日目 サラ系３歳以上 １勝クラス       牝[指] 定量 12頭 本賞金:800,320,200,120,80万円",12,800.0,6,8,12,アイヲコメテ,牝,3,50.0,★古川奈,109.0,1.3/4,6,37.7,40.8,5-5-7-8,美浦 奥村武,488,0,
202401020508,2024-08-24,札幌,8,3歳以上1勝クラス,ダ,1700,右,晴,良,"2回 札幌 5日目 サラ系３歳以上 １勝クラス       牝[指] 定量 12頭 本賞金:800,320,200,120,80万円",12,800.0,7,1,1,ベッティーナ,牝,3,50.0,▲長浜,110.0,6,8,98.6,41.1,10-11-10-10,美浦 池上,440,0,
202401020508,2024-08-24,札幌,8,3歳以上1勝クラス,ダ,1700,右,晴,良,"2回 札幌 5日目 サラ系３歳以上 １勝クラス       牝[指] 定量 12頭 本賞金:800,320,200,120,80万円",12,800.0,8,8,11,サノノリッチ,牝,3,53.0,小林凌,110.2,1.1/4,9,147.9,42.3,5-5-4-5,美浦 森一,422,12,
202401020508,2024-08-24,札幌,8,3歳以上1勝クラス,ダ,1700,右,晴,良,"2回 札幌 5日目 サラ系３歳以上 １勝クラス       牝[指] 定量 12頭 本賞金:800,320,200,120,80万円",12,800.0,9,7,10,ナムラルッコラ,牝,3,50.0,▲川端,110.2,クビ,12,328.7,42.3,2-3-4-9,栗東 大橋,490,-8,
202401020508,2024-08-24,札幌,8,3歳以上1勝クラス,ダ,1700,右,晴,良,"2回 札幌 5日目 サラ系３歳以上 １勝クラス       牝[指] 定量 12頭 本賞金:800,320,200,120,80万円",12,800.0,10,3,3,シュヴァルツナーガ,牝,4,56.0,黛,111.1,5,11,221.4,42.1,12-11-12-12,美浦 畠山,434,10,
202401020508,2024-08-24,札幌,8,3歳以上1勝クラス,ダ,1700,右,晴,良,"2回 札幌 5日目 サラ系３歳以上 １勝クラス       牝[指] 定量 12頭 本賞金:800,320,200,120,80万円",12,800.0,11,2,2,ソーニャシュニク,牝,3,53.0,ティー,111.3,1,4,14.0,43.4,4-3-4-6,美浦 武井,466,-4,
202401020508,2024-08-24,札幌,8,3歳以上1勝クラス,ダ,1700,右,晴,良,"2回 札幌 5日目 サラ系３歳以上 １勝クラス       牝[指] 定量 12頭 本賞金:800,320,200,120,80万円",12,800.0,12,7,9,マリエッティ,牝,3,53.0,佐々木,111.3,ハナ,7,96.8,42.5,10-10-10-10,栗東 庄野,430,-6,
202401020509,2024-08-24,札幌,9,ルスツ特別,芝,2600,右,晴,良,"2回 札幌 5日目 サラ系３歳以上 １勝クラス       (混)[指] 定量 14頭 本賞金:1110,440,280,170,111万円",14,1110.0,1,5,7,ヴェローチェエラ,牡,3,55.0,川田,162.0,,1,1.5,35.9,5-5-6-2,栗東 須貝,500,8,
202401020509,2024-08-24,札幌,9,ルスツ特別,芝,2600,右,晴,良,"2回 札幌 5日目 サラ系３歳以上 １勝クラス       (混)[指] 定量 14頭 本賞金:1110,440,280,170,111万円",14,1110.0,2,3,4,マイファミリー,牡,3,55.0,黛,162.1,3/4,10,124.5,36.0,7-7-6-6,美浦 深山,452,8,
202401020509,2024-08-24,札幌,9,ルスツ特別,芝,2600,右,晴,良,"2回 札幌 5日目 サラ系３歳以上 １勝クラス       (混)[指] 定量 14頭 本賞金:1110,440,280,170,111万円",14,1110.0,3,8,13,ミスガリレオアスク,牝,3,53.0,坂井,162.4,2,2,4.2,36.1,7-7-8-6,栗東 矢作,438,8,
202401020509,2024-08-24,札幌,9,ルスツ特別,芝,2600,右,晴,良,"2回 札幌 5日目 サラ系３歳以上 １勝クラス       (混)[指] 定量 14頭 本賞金:1110,440,280,170,111万円",14,1110.0,4,5,8,ミラキュラスドラマ,牡,3,55.0,ホー,162.7,1.3/4,7,37.7,36.2,12-12-10-9,栗東 杉山晴,460,0,
202401020509,2024-08-24,札幌,9,ルスツ特別,芝,2600,右,晴,良,"2回 札幌 5日目 サラ系３歳以上 １勝クラス       (混)[指] 定量 14頭 本賞金:1110,440,280,170,111万円",14,1110.0,5,3,3,ペリプルス,牡,4,58.0,永野,162.9,1.1/4,8,50.4,37.0,5-5-4-4,美浦 佐藤吉,440,6,
202401020509,2024-08-24,札幌,9,ルスツ特別,芝,2600,右,晴,良,"2回 札幌 5日目 サラ系３歳以上 １勝クラス       (混)[指] 定量 14頭 本賞金:1110,440,280,170,111万円",14,1110.0,6,7,11,ソウルアンドジャズ,牡,3,55.0,富田,163.0,1/2,6,34.6,37.2,3-3-3-6,美浦 武井,486,-2,
202401020509,2024-08-24,札幌,9,ルスツ特別,芝,2600,右,晴,良,"2回 札幌 5日目 サラ系３歳以上 １勝クラス       (混)[指] 定量 14頭 本賞金:1110,440,280,170,111万円",14,1110.0,7,4,6,オーパンバル,牝,6,56.0,モレイ,163.0,クビ,3,5.6,36.4,10-10-11-11,栗東 野中,456,4,
202401020509,2024-08-24,札幌,9,ルスツ特別,芝,2600,右,晴,良,"2回 札幌 5日目 サラ系３歳以上 １勝クラス       (混)[指] 定量 14頭 本賞金:1110,440,280,170,111万円",14,1110.0,8,2,2,ブリスキー,セ,4,58.0,レーン,163.1,クビ,5,24.5,37.2,4-4-4-1,美浦 堀,462,-4,
202401020509,2024-08-24,札幌,9,ルスツ特別,芝,2600,右,晴,良,"2回 札幌 5日目 サラ系３歳以上 １勝クラス       (混)[指] 定量 14頭 本賞金:1110,440,280,170,111万円",14,1110.0,9,6,10,チャイボーグ,牝,4,56.0,古川吉,163.1,クビ,13,354.1,36.3,12-13-13-11,美浦 的場,474,-2,
202401020509,2024-08-24,札幌,9,ルスツ特別,芝,2600,右,晴,良,"2回 札幌 5日目 サラ系３歳以上 １勝クラス       (混)[指] 定量 14頭 本賞金:1110,440,280,170,111万円",14,1110.0,10,1,1,ギンレイ,牝,3,53.0,荻野琢,163.2,クビ,9,105.2,36.3,12-13-13-13,栗東 大久保,458,-2,
202401020509,2024-08-24,札幌,9,ルスツ特別,芝,2600,右,晴,良,"2回 札幌 5日目 サラ系３歳以上 １勝クラス       (混)[指] 定量 14頭 本賞金:1110,440,280,170,111万円",14,1110.0,11,6,9,テイキットイージー,牡,3,55.0,丹内,163.4,1.1/4,4,20.1,37.8,2-2-2-2,美浦 萱野,432,2,
202401020509,2024-08-24,札幌,9,ルスツ特別,芝,2600,右,晴,良,"2回 札幌 5日目 サラ系３歳以上 １勝クラス       (混)[指] 定量 14頭 本賞金:1110,440,280,170,111万円",14,1110.0,12,4,5,エグザルテーション,牝,3,53.0,松山,163.4,クビ,11,229.9,37.2,7-7-8-9,栗東 渡辺,450,4,
202401020509,2024-08-24,札幌,9,ルスツ特別,芝,2600,右,晴,良,"2回 札幌 5日目 サラ系３歳以上 １勝クラス       (混)[指] 定量 14頭 本賞金:1110,440,280,170,111万円",14,1110.0,13,8,14,ユーキャンドゥイッ,牡,3,55.0,サンチ,163.5,1/2,12,315.9,36.8,10-10-11-13,栗東 池江,464,4,
202401020509,2024-08-24,札幌,9,ルスツ特別,芝,2600,右,晴,良,"2回 札幌 5日目 サラ系３歳以上 １勝クラス       (混)[指] 定量 14頭 本賞金:1110,440,280,170,111万円",14,1110.0,14,7,12,アマソナ,牝,4,56.0,吉村智,164.3,5,14,478.3,38.7,1-1-1-4,栗東 小崎,470,0,
202401020510,2024-08-24,札幌,10,WASJ第1戦,芝,1200,右,晴,良,"2回 札幌 5日目 サラ系３歳以上 ２勝クラス       (混)[指] 定量 14頭 本賞金:1550,620,390,230,155万円",14,1550.0,1,8,14,クファシル,牡,4,58.0,ティー,68.9,,2,5.3,34.8,6-4,栗東 池添,494,-2,
202401020510,2024-08-24,札幌,10,WASJ第1戦,芝,1200,右,晴,良,"2回 札幌 5日目 サラ系３歳以上 ２勝クラス       (混)[指] 定量 14頭 本賞金:1550,620,390,230,155万円",14,1550.0,2,6,9,コーティアスマナー,牝,3,54.0,モレイ,68.9,ハナ,1,2.2,35.0,3-3,栗東 高橋忠,448,10,
202401020510,2024-08-24,札幌,10,WASJ第1戦,芝,1200,右,晴,良,"2回 札幌 5日目 サラ系３歳以上 ２勝クラス       (混)[指] 定量 14頭 本賞金:1550,620,390,230,155万円",14,1550.0,3,7,12,オックスリップ,牝,4,56.0,坂井,69.0,1,6,13.6,35.5,1-1,栗東 杉山晴,466,4,
202401020510,2024-08-24,札幌,10,WASJ第1戦,芝,1200,右,晴,良,"2回 札幌 5日目 サラ系３歳以上 ２勝クラス       (混)[指] 定量 14頭 本賞金:1550,620,390,230,155万円",14,1550.0,4,3,4,アップストローク,セ,5,58.0,レーン,69.2,1.1/4,8,15.3,34.5,11-10,美浦 杉浦,456,2,
202401020510,2024-08-24,札幌,10,WASJ第1戦,芝,1200,右,晴,良,"2回 札幌 5日目 サラ系３歳以上 ２勝クラス       (混)[指] 定量 14頭 本賞金:1550,620,390,230,155万円",14,1550.0,5,5,8,グランツベリー,牝,4,56.0,ホー,69.3,クビ,7,13.9,35.6,2-2,栗東 田中克,456,-2,
202401020510,2024-08-24,札幌,10,WASJ第1戦,芝,1200,右,晴,良,"2回 札幌 5日目 サラ系３歳以上 ２勝クラス       (混)[指] 定量 14頭 本賞金:1550,620,390,230,155万円",14,1550.0,6,6,10,カイカノキセキ,牝,5,56.0,松山,69.3,ハナ,4,10.9,35.3,5-4,栗東 高橋一,502,-2,
202401020510,2024-08-24,札幌,10,WASJ第1戦,芝,1200,右,晴,良,"2回 札幌 5日目 サラ系３歳以上 ２勝クラス       (混)[指] 定量 14頭 本賞金:1550,620,390,230,155万円",14,1550.0,7,7,11,プリティインピンク,牝,6,56.0,サンチ,69.3,アタマ,14,203.4,35.0,8-7,美浦 小手川,444,-4,
202401020510,2024-08-24,札幌,10,WASJ第1戦,芝,1200,右,晴,良,"2回 札幌 5日目 サラ系３歳以上 ２勝クラス       (混)[指] 定量 14頭 本賞金:1550,620,390,230,155万円",14,1550.0,8,4,6,トリップトゥムーン,牡,5,58.0,武豊,69.4,3/4,11,60.1,34.9,10-7,栗東 新谷,442,0,
202401020510,2024-08-24,札幌,10,WASJ第1戦,芝,1200,右,晴,良,"2回 札幌 5日目 サラ系３歳以上 ２勝クラス       (混)[指] 定量 14頭 本賞金:1550,620,390,230,155万円",14,1550.0,9,5,7,イイヒニナル,牝,4,56.0,戸崎圭,69.5,クビ,10,46.9,35.6,3-4,栗東 千田,400,-4,
202401020510,2024-08-24,札幌,10,WASJ第1戦,芝,1200,右,晴,良,"2回 札幌 5日目 サラ系３歳以上 ２勝クラス       (混)[指] 定量 14頭 本賞金:1550,620,390,230,155万円",14,1550.0,10,3,3,バシレウスシチー,牡,5,58.0,横山典,69.5,クビ,3,7.0,35.4,6-7,栗東 岡田,446,0,
202401020510,2024-08-24,札幌,10,WASJ第1戦,芝,1200,右,晴,良,"2回 札幌 5日目 サラ系３歳以上 ２勝クラス       (混)[指] 定量 14頭 本賞金:1550,620,390,230,155万円",14,1550.0,11,4,5,ヴィアドロローサ,牡,5,58.0,川田,69.6,クビ,5,12.3,34.9,11-12,栗東 高橋一,446,-2,
202401020510,2024-08-24,札幌,10,WASJ第1戦,芝,1200,右,晴,良,"2回 札幌 5日目 サラ系３歳以上 ２勝クラス       (混)[指] 定量 14頭 本賞金:1550,620,390,230,155万円",14,1550.0,12,1,1,ショウナンアメリア,牝,5,56.0,吉村智,69.7,3/4,13,104.1,35.3,8-10,美浦 奥村武,452,10,
202401020510,2024-08-24,札幌,10,WASJ第1戦,芝,1200,右,晴,良,"2回 札幌 5日目 サラ系３歳以上 ２勝クラス       (混)[指] 定量 14頭 本賞金:1550,620,390,230,155万円",14,1550.0,13,2,2,アスクエピソード,牡,4,58.0,オシェ,69.9,1.1/4,9,40.5,35.0,13-12,栗東 藤原,460,-2,
202401020510,2024-08-24,札幌,10,WASJ第1戦,芝,1200,右,晴,良,"2回 札幌 5日目 サラ系３歳以上 ２勝クラス       (混)[指] 定量 14頭 本賞金:1550,620,390,230,155万円",14,1550.0,14,8,13,プルスウルトラ,牡,6,58.0,ルメー,70.0,3/4,12,64.3,35.1,13-12,美浦 高橋文,534,2,
202401020511,2024-08-24,札幌,11,WASJ第2戦,芝,2000,右,晴,良,"2回 札幌 5日目 サラ系３歳以上 ３勝クラス       (混)[指] 定量 14頭 本賞金:1840,740,460,280,184万円",14,1840.0,1,3,3,シュバルツクーゲル,牡,3,56.0,ルメー,120.1,,1,2.4,36.4,10-10-10-6,美浦 鹿戸,488,4,
202401020511,2024-08-24,札幌,11,WASJ第2戦,芝,2000,右,晴,良,"2回 札幌 5日目 サラ系３歳以上 ３勝クラス       (混)[指] 定量 14頭 本賞金:1840,740,460,280,184万円",14,1840.0,2,5,8,ポッドボレット,牡,5,58.0,松山,120.5,2.1/2,9,19.4,37.4,3-3-3-2,栗東 辻野,522,-16,
202401020511,2024-08-24,札幌,11,WASJ第2戦,芝,2000,右,晴,良,"2回 札幌 5日目 サラ系３歳以上 ３勝クラス       (混)[指] 定量 14頭 本賞金:1840,740,460,280,184万円",14,1840.0,3,2,2,アスクドゥポルテ,牡,4,58.0,坂井,120.5,ハナ,7,17.3,36.5,14-14-12-10,栗東 河内,476,-2,
202401020511,2024-08-24,札幌,11,WASJ第2戦,芝,2000,右,晴,良,"2回 札幌 5日目 サラ系３歳以上 ３勝クラス       (混)[指] 定量 14頭 本賞金:1840,740,460,280,184万円",14,1840.0,4,7,11,カヨウネンカ,牝,5,56.0,レーン,120.5,クビ,12,34.9,37.0,9-9-9-6,美浦 斎藤誠,458,-4,
202401020511,2024-08-24,札幌,11,WASJ第2戦,芝,2000,右,晴,良,"2回 札幌 5日目 サラ系３歳以上 ３勝クラス       (混)[指] 定量 14頭 本賞金:1840,740,460,280,184万円",14,1840.0,5,4,6,エリダヌス,牝,4,56.0,サンチ,120.7,3/4,5,12.3,37.3,7-8-6-6,美浦 青木,498,4,
202401020511,2024-08-24,札幌,11,WASJ第2戦,芝,2000,右,晴,良,"2回 札幌 5日目 サラ系３歳以上 ３勝クラス       (混)[指] 定量 14頭 本賞金:1840,740,460,280,184万円",14,1840.0,6,5,7,ナックイルシーブ,牡,6,58.0,戸崎圭,120.7,アタマ,3,8.4,37.5,5-5-5-5,美浦 杉浦,522,6,
202401020511,2024-08-24,札幌,11,WASJ第2戦,芝,2000,右,晴,良,"2回 札幌 5日目 サラ系３歳以上 ３勝クラス       (混)[指] 定量 14頭 本賞金:1840,740,460,280,184万円",14,1840.0,7,8,13,マイネルエンペラー,牡,4,58.0,武豊,120.7,クビ,2,4.9,37.4,7-6-6-6,栗東 清水久,488,6,
202401020511,2024-08-24,札幌,11,WASJ第2戦,芝,2000,右,晴,良,"2回 札幌 5日目 サラ系３歳以上 ３勝クラス       (混)[指] 定量 14頭 本賞金:1840,740,460,280,184万円",14,1840.0,8,1,1,ルージュアルル,牝,5,56.0,モレイ,120.8,クビ,11,33.6,37.0,13-12-10-10,美浦 国枝,480,-4,
202401020511,2024-08-24,札幌,11,WASJ第2戦,芝,2000,右,晴,良,"2回 札幌 5日目 サラ系３歳以上 ３勝クラス       (混)[指] 定量 14頭 本賞金:1840,740,460,280,184万円",14,1840.0,9,8,14,バールデュヴァン,牡,4,58.0,オシェ,121.0,1.1/2,6,15.8,38.4,2-2-1-1,栗東 浜田,506,0,
202401020511,2024-08-24,札幌,11,WASJ第2戦,芝,2000,右,晴,良,"2回 札幌 5日目 サラ系３歳以上 ３勝クラス       (混)[指] 定量 14頭 本賞金:1840,740,460,280,184万円",14,1840.0,10,6,9,モカフラワー,牝,5,56.0,川田,121.5,3,10,25.4,37.5,11-11-12-12,美浦 相沢,468,0,
202401020511,2024-08-24,札幌,11,WASJ第2戦,芝,2000,右,晴,良,"2回 札幌 5日目 サラ系３歳以上 ３勝クラス       (混)[指] 定量 14頭 本賞金:1840,740,460,280,184万円",14,1840.0,11,4,5,ビキニボーイ,牡,4,58.0,ティー,121.8,2,14,190.4,37.8,11-12-12-14,栗東 梅田,504,6,
202401020511,2024-08-24,札幌,11,WASJ第2戦,芝,2000,右,晴,良,"2回 札幌 5日目 サラ系３歳以上 ３勝クラス       (混)[指] 定量 14頭 本賞金:1840,740,460,280,184万円",14,1840.0,12,7,12,マイネルニコラス,牡,5,58.0,横山典,121.9,クビ,13,47.5,38.8,3-3-3-3,美浦 畠山,506,0,
202401020511,2024-08-24,札幌,11,WASJ第2戦,芝,2000,右,晴,良,"2回 札幌 5日目 サラ系３歳以上 ３勝クラス       (混)[指] 定量 14頭 本賞金:1840,740,460,280,184万円",14,1840.0,13,6,10,コスモフロイデ,牡,5,58.0,吉村智,122.1,1.1/4,8,18.7,39.5,1-1-2-3,美浦 天間,478,4,
202401020511,2024-08-24,札幌,11,WASJ第2戦,芝,2000,右,晴,良,"2回 札幌 5日目 サラ系３歳以上 ３勝クラス       (混)[指] 定量 14頭 本賞金:1840,740,460,280,184万円",14,1840.0,14,3,4,ニューノーマル,牝,5,56.0,ホー,122.1,ハナ,4,10.2,38.7,5-6-6-12,美浦 上原佑,470,2,
202401020512,2024-08-24,札幌,12,ニセコ特別,ダ,1700,右,晴,良,"2回 札幌 5日目 サラ系３歳以上 １勝クラス       [指] 定量 10頭 本賞金:1110,440,280,170,111万円",10,1110.0,1,7,8,ヴァルドルチャ,牡,3,55.0,モレイ,106.7,,1,1.9,38.1,2-2-2-1,美浦 田中博,448,2,
202401020512,2024-08-24,札幌,12,ニセコ特別,ダ,1700,右,晴,良,"2回 札幌 5日目 サラ系３歳以上 １勝クラス       [指] 定量 10頭 本賞金:1110,440,280,170,111万円",10,1110.0,2,8,10,シャンデルナゴル,牡,4,58.0,ホー,107.1,2.1/2,3,5.5,38.4,2-3-3-2,栗東 石坂,498,4,
202401020512,2024-08-24,札幌,12,ニセコ特別,ダ,1700,右,晴,良,"2回 札幌 5日目 サラ系３歳以上 １勝クラス       [指] 定量 10頭 本賞金:1110,440,280,170,111万円",10,1110.0,3,4,4,フクノブルジュ,牡,4,58.0,横山典,107.2,1/2,2,5.4,38.0,7-7-7-6,美浦 竹内,474,20,
202401020512,2024-08-24,札幌,12,ニセコ特別,ダ,1700,右,晴,良,"2回 札幌 5日目 サラ系３歳以上 １勝クラス       [指] 定量 10頭 本賞金:1110,440,280,170,111万円",10,1110.0,4,8,9,コスモオピニオン,牡,4,58.0,レーン,107.5,1.3/4,4,5.9,38.6,6-5-6-4,美浦 黒岩,506,10,
202401020512,2024-08-24,札幌,12,ニセコ特別,ダ,1700,右,晴,良,"2回 札幌 5日目 サラ系３歳以上 １勝クラス       [指] 定量 10頭 本賞金:1110,440,280,170,111万円",10,1110.0,5,6,6,ユイアングレイス,牡,4,58.0,ティー,107.7,1.1/4,6,31.6,38.5,7-7-7-6,美浦 矢嶋,456,12,
202401020512,2024-08-24,札幌,12,ニセコ特別,ダ,1700,右,晴,良,"2回 札幌 5日目 サラ系３歳以上 １勝クラス       [指] 定量 10頭 本賞金:1110,440,280,170,111万円",10,1110.0,6,7,7,ボエーム,牡,3,55.0,小林凌,108.8,7,10,375.8,38.9,9-9-9-9,美浦 石栗,440,6,
202401020512,2024-08-24,札幌,12,ニセコ特別,ダ,1700,右,晴,良,"2回 札幌 5日目 サラ系３歳以上 １勝クラス       [指] 定量 10頭 本賞金:1110,440,280,170,111万円",10,1110.0,7,5,5,ブレットフライ,牡,5,58.0,長浜,109.0,3/4,9,155.2,38.4,10-10-10-10,美浦 萱野,506,8,
202401020512,2024-08-24,札幌,12,ニセコ特別,ダ,1700,右,晴,良,"2回 札幌 5日目 サラ系３歳以上 １勝クラス       [指] 定量 10頭 本賞金:1110,440,280,170,111万円",10,1110.0,8,3,3,トリオーレ,牡,4,58.0,横山和,109.3,1.3/4,8,81.6,40.5,4-5-4-4,美浦 嘉藤,490,4,
202401020512,2024-08-24,札幌,12,ニセコ特別,ダ,1700,右,晴,良,"2回 札幌 5日目 サラ系３歳以上 １勝クラス       [指] 定量 10頭 本賞金:1110,440,280,170,111万円",10,1110.0,9,1,1,ヘヴンズタイム,セ,4,58.0,小林勝,109.3,ハナ,7,50.9,40.5,4-3-4-6,栗東 北出,482,12,
202401020512,2024-08-24,札幌,12,ニセコ特別,ダ,1700,右,晴,良,"2回 札幌 5日目 サラ系３歳以上 １勝クラス       [指] 定量 10頭 本賞金:1110,440,280,170,111万円",10,1110.0,10,2,2,ダンツビガー,牡,4,58.0,藤岡佑,110.2,5,5,7.5,41.7,1-1-1-2,栗東 四位,492,-4,
202404030501,2024-08-24,新潟,1,2歳未勝利,芝,1600,左,曇,良,"3回 新潟 5日目 サラ系２歳 未勝利       (混)[指] 馬齢 10頭 本賞金:550,220,140,83,55万円",10,550.0,1,6,6,カポレイラ,牝,2,55.0,柴田善,94.8,,2,3.7,34.2,4-4,美浦 中舘,428,-8,
202404030501,2024-08-24,新潟,1,2歳未勝利,芝,1600,左,曇,良,"3回 新潟 5日目 サラ系２歳 未勝利       (混)[指] 馬齢 10頭 本賞金:550,220,140,83,55万円",10,550.0,2,7,7,マイネルステラート,牡,2,55.0,横山武,94.9,1/2,3,7.4,35.0,1-1,美浦 高木,454,0,
202404030501,2024-08-24,新潟,1,2歳未勝利,芝,1600,左,曇,良,"3回 新潟 5日目 サラ系２歳 未勝利       (混)[指] 馬齢 10頭 本賞金:550,220,140,83,55万円",10,550.0,3,5,5,エンペラーズソード,セ,2,55.0,菅原明,94.9,クビ,5,12.3,34.7,2-2,美浦 高木,474,4,
202404030501,2024-08-24,新潟,1,2歳未勝利,芝,1600,左,曇,良,"3回 新潟 5日目 サラ系２歳 未勝利       (混)[指] 馬齢 10頭 本賞金:550,220,140,83,55万円",10,550.0,4,8,10,バダジェフスカ,牝,2,55.0,津村,95.1,1.1/2,1,1.7,34.5,4-4,栗東 新谷,462,-6,
202404030501,2024-08-24,新潟,1,2歳未勝利,芝,1600,左,曇,良,"3回 新潟 5日目 サラ系２歳 未勝利       (混)[指] 馬齢 10頭 本賞金:550,220,140,83,55万円",10,550.0,5,3,3,リュキア,牡,2,55.0,木幡巧,95.5,2,6,22.1,34.8,8-6,美浦 牧,460,6,
202404030501,2024-08-24,新潟,1,2歳未勝利,芝,1600,左,曇,良,"3回 新潟 5日目 サラ系２歳 未勝利       (混)[指] 馬齢 10頭 本賞金:550,220,140,83,55万円",10,550.0,6,8,9,テーオービースト,牡,2,55.0,菊沢,95.5,クビ,7,31.0,34.7,6-6,美浦 清水英,452,0,
202404030501,2024-08-24,新潟,1,2歳未勝利,芝,1600,左,曇,良,"3回 新潟 5日目 サラ系２歳 未勝利       (混)[指] 馬齢 10頭 本賞金:550,220,140,83,55万円",10,550.0,7,7,8,ウーバーストロング,牡,2,55.0,三浦,95.8,1.1/2,4,8.9,35.4,3-3,美浦 杉浦,448,-2,
202404030501,2024-08-24,新潟,1,2歳未勝利,芝,1600,左,曇,良,"3回 新潟 5日目 サラ系２歳 未勝利       (混)[指] 馬齢 10頭 本賞金:550,220,140,83,55万円",10,550.0,8,2,2,アイスフィールド,牡,2,55.0,杉原,96.6,5,8,79.1,35.4,9-9,美浦 西田,440,-2,
202404030501,2024-08-24,新潟,1,2歳未勝利,芝,1600,左,曇,良,"3回 新潟 5日目 サラ系２歳 未勝利       (混)[指] 馬齢 10頭 本賞金:550,220,140,83,55万円",10,550.0,9,4,4,ビップリアム,牡,2,55.0,荻野極,97.1,3,9,254.1,36.2,6-6,美浦 嘉藤,428,-2,
202404030501,2024-08-24,新潟,1,2歳未勝利,芝,1600,左,曇,良,"3回 新潟 5日目 サラ系２歳 未勝利       (混)[指] 馬齢 10頭 本賞金:550,220,140,83,55万円",10,550.0,10,1,1,カゼノカンザシ,牝,2,55.0,丸山,97.8,4,10,363.0,36.8,9-9,美浦 根本,448,0,
202404030502,2024-08-24,新潟,2,3歳未勝利,ダ,1800,左,曇,良,"3回 新潟 5日目 サラ系３歳 未勝利       牝[指] 馬齢 15頭 本賞金:550,220,140,83,55万円",15,550.0,1,5,8,キョウエイフロイデ,牝,3,54.0,☆原,114.9,,1,2.2,39.3,12-11-9-9,美浦 中川,472,0,
202404030502,2024-08-24,新潟,2,3歳未勝利,ダ,1800,左,曇,良,"3回 新潟 5日目 サラ系３歳 未勝利       牝[指] 馬齢 15頭 本賞金:550,220,140,83,55万円",15,550.0,2,3,5,ライトピラー,牝,3,55.0,江田照,115.5,3.1/2,6,10.2,40.8,8-8-2-2,美浦 村田,484,-2,
202404030502,2024-08-24,新潟,2,3歳未勝利,ダ,1800,左,曇,良,"3回 新潟 5日目 サラ系３歳 未勝利       牝[指] 馬齢 15頭 本賞金:550,220,140,83,55万円",15,550.0,3,4,6,ティアード,牝,3,55.0,杉原,115.9,2.1/2,2,4.9,40.7,5-6-7-5,美浦 西田,436,10,
202404030502,2024-08-24,新潟,2,3歳未勝利,ダ,1800,左,曇,良,"3回 新潟 5日目 サラ系３歳 未勝利       牝[指] 馬齢 15頭 本賞金:550,220,140,83,55万円",15,550.0,4,2,2,ビーナスライズ,牝,3,55.0,吉田豊,116.0,1/2,7,19.3,40.8,10-10-7-7,美浦 小手川,476,-2,
202404030502,2024-08-24,新潟,2,3歳未勝利,ダ,1800,左,曇,良,"3回 新潟 5日目 サラ系３歳 未勝利       牝[指] 馬齢 15頭 本賞金:550,220,140,83,55万円",15,550.0,5,1,1,リプレイ,牝,3,55.0,武藤,116.0,クビ,13,287.4,40.0,14-14-10-10,美浦 戸田,434,-2,
202404030502,2024-08-24,新潟,2,3歳未勝利,ダ,1800,左,曇,良,"3回 新潟 5日目 サラ系３歳 未勝利       牝[指] 馬齢 15頭 本賞金:550,220,140,83,55万円",15,550.0,6,5,9,ドナウワルツ,牝,3,55.0,石川,116.3,2,3,7.7,41.8,1-1-1-1,美浦 手塚,464,-10,
202404030502,2024-08-24,新潟,2,3歳未勝利,ダ,1800,左,曇,良,"3回 新潟 5日目 サラ系３歳 未勝利       牝[指] 馬齢 15頭 本賞金:550,220,140,83,55万円",15,550.0,7,4,7,ミヤビエクセレント,牝,3,55.0,岩田康,116.7,2.1/2,10,70.5,41.9,4-4-4-2,美浦 小島,472,-8,
202404030502,2024-08-24,新潟,2,3歳未勝利,ダ,1800,左,曇,良,"3回 新潟 5日目 サラ系３歳 未勝利       牝[指] 馬齢 15頭 本賞金:550,220,140,83,55万円",15,550.0,8,2,3,ユズノキ,牝,3,52.0,▲石神道,117.8,7,12,255.1,41.9,7-6-10-11,美浦 奥村武,450,-6,
202404030502,2024-08-24,新潟,2,3歳未勝利,ダ,1800,左,曇,良,"3回 新潟 5日目 サラ系３歳 未勝利       牝[指] 馬齢 15頭 本賞金:550,220,140,83,55万円",15,550.0,9,8,14,クイーンズアームス,牝,3,55.0,柴田善,118.1,2,11,179.6,43.4,2-3-2-4,美浦 水野,456,0,
202404030502,2024-08-24,新潟,2,3歳未勝利,ダ,1800,左,曇,良,"3回 新潟 5日目 サラ系３歳 未勝利       牝[指] 馬齢 15頭 本賞金:550,220,140,83,55万円",15,550.0,10,8,15,セルース,牝,3,55.0,横山武,118.3,3/4,4,8.9,43.3,5-5-6-7,美浦 池上,402,-12,
202404030502,2024-08-24,新潟,2,3歳未勝利,ダ,1800,左,曇,良,"3回 新潟 5日目 サラ系３歳 未勝利       牝[指] 馬齢 15頭 本賞金:550,220,140,83,55万円",15,550.0,11,6,11,タマモポロネーズ,牝,3,55.0,菊沢,118.4,1,8,19.7,43.6,8-9-4-5,美浦 伊藤圭,460,0,
202404030502,2024-08-24,新潟,2,3歳未勝利,ダ,1800,左,曇,良,"3回 新潟 5日目 サラ系３歳 未勝利       牝[指] 馬齢 15頭 本賞金:550,220,140,83,55万円",15,550.0,12,7,12,ノーマンズランド,牝,3,55.0,内田博,119.4,6,14,304.3,43.0,12-13-13-12,美浦 古賀,442,2,
202404030502,2024-08-24,新潟,2,3歳未勝利,ダ,1800,左,曇,良,"3回 新潟 5日目 サラ系３歳 未勝利       牝[指] 馬齢 15頭 本賞金:550,220,140,83,55万円",15,550.0,13,7,13,ジェリクルソング,牝,3,52.0,▲石田,121.6,大,15,344.5,44.9,10-11-14-13,美浦 新開,454,0,
202404030502,2024-08-24,新潟,2,3歳未勝利,ダ,1800,左,曇,良,"3回 新潟 5日目 サラ系３歳 未勝利       牝[指] 馬齢 15頭 本賞金:550,220,140,83,55万円",15,550.0,14,3,4,レコレクション,牝,3,55.0,荻野極,124.6,大,9,47.4,44.3,15-15-15-15,美浦 本間,476,0,
202404030502,2024-08-24,新潟,2,3歳未勝利,ダ,1800,左,曇,良,"3回 新潟 5日目 サラ系３歳 未勝利       牝[指] 馬齢 15頭 本賞金:550,220,140,83,55万円",15,550.0,15,6,10,リシャールウィン,牝,3,55.0,菅原明,124.7,クビ,5,9.8,48.6,2-2-12-13,美浦 菊川,456,0,
202404030503,2024-08-24,新潟,3,3歳未勝利,芝,1200,左,晴,良,"3回 新潟 5日目 サラ系３歳 未勝利       (混)[指] 馬齢 18頭 本賞金:550,220,140,83,55万円",18,550.0,1,6,12,サクソフィーナ,牝,3,55.0,武藤,68.9,,6,16.1,34.7,2-2,美浦 田中博,488,6,
202404030503,2024-08-24,新潟,3,3歳未勝利,芝,1200,左,晴,良,"3回 新潟 5日目 サラ系３歳 未勝利       (混)[指] 馬齢 18頭 本賞金:550,220,140,83,55万円",18,550.0,2,8,16,ジョブックノワ,牝,3,53.0,◇藤田菜,69.2,1.1/2,3,6.6,34.3,8-7,美浦 根本,424,-6,
202404030503,2024-08-24,新潟,3,3歳未勝利,芝,1200,左,晴,良,"3回 新潟 5日目 サラ系３歳 未勝利       (混)[指] 馬齢 18頭 本賞金:550,220,140,83,55万円",18,550.0,3,4,8,デルマヴェーダ,牡,3,57.0,菊沢,69.2,ハナ,1,3.1,34.3,8-7,美浦 菊沢,482,4,
202404030503,2024-08-24,新潟,3,3歳未勝利,芝,1200,左,晴,良,"3回 新潟 5日目 サラ系３歳 未勝利       (混)[指] 馬齢 18頭 本賞金:550,220,140,83,55万円",18,550.0,4,5,10,フィローシャ,牡,3,55.0,◇永島,69.2,ハナ,13,84.0,34.7,3-4,美浦 菊川,476,0,
202404030503,2024-08-24,新潟,3,3歳未勝利,芝,1200,左,晴,良,"3回 新潟 5日目 サラ系３歳 未勝利       (混)[指] 馬齢 18頭 本賞金:550,220,140,83,55万円",18,550.0,5,7,13,クリーゲリン,牝,3,52.0,▲石神道,69.3,3/4,2,3.6,33.7,14-14,美浦 和田郎,436,0,
202404030503,2024-08-24,新潟,3,3歳未勝利,芝,1200,左,晴,良,"3回 新潟 5日目 サラ系３歳 未勝利       (混)[指] 馬齢 18頭 本賞金:550,220,140,83,55万円",18,550.0,6,6,11,シンデレラタイム,牝,3,55.0,津村,69.4,3/4,8,20.4,34.2,11-11,美浦 大竹,450,-2,
202404030503,2024-08-24,新潟,3,3歳未勝利,芝,1200,左,晴,良,"3回 新潟 5日目 サラ系３歳 未勝利       (混)[指] 馬齢 18頭 本賞金:550,220,140,83,55万円",18,550.0,7,1,2,レジーナデッラネラ,牝,3,54.0,☆横山琉,69.5,クビ,9,25.2,34.6,8-7,美浦 矢野,404,-10,
202404030503,2024-08-24,新潟,3,3歳未勝利,芝,1200,左,晴,良,"3回 新潟 5日目 サラ系３歳 未勝利       (混)[指] 馬齢 18頭 本賞金:550,220,140,83,55万円",18,550.0,8,5,9,サクラセンターベア,牝,3,55.0,野中,69.5,ハナ,11,42.9,34.3,11-11,美浦 大和田,434,-8,
202404030503,2024-08-24,新潟,3,3歳未勝利,芝,1200,左,晴,良,"3回 新潟 5日目 サラ系３歳 未勝利       (混)[指] 馬齢 18頭 本賞金:550,220,140,83,55万円",18,550.0,9,7,14,ダイシンネイビー,牡,3,57.0,吉田豊,69.5,ハナ,5,10.3,35.1,3-3,美浦 戸田,486,-4,
202404030503,2024-08-24,新潟,3,3歳未勝利,芝,1200,左,晴,良,"3回 新潟 5日目 サラ系３歳 未勝利       (混)[指] 馬齢 18頭 本賞金:550,220,140,83,55万円",18,550.0,10,8,17,パールホワイトイブ,牡,3,57.0,岩田康,69.5,クビ,4,10.1,34.8,5-5,美浦 中川,448,-10,
202404030503,2024-08-24,新潟,3,3歳未勝利,芝,1200,左,晴,良,"3回 新潟 5日目 サラ系３歳 未勝利       (混)[指] 馬齢 18頭 本賞金:550,220,140,83,55万円",18,550.0,11,2,3,キャンディタフト,牝,3,55.0,木幡巧,69.6,アタマ,17,279.1,33.7,16-15,美浦 稲垣,398,12,
202404030503,2024-08-24,新潟,3,3歳未勝利,芝,1200,左,晴,良,"3回 新潟 5日目 サラ系３歳 未勝利       (混)[指] 馬齢 18頭 本賞金:550,220,140,83,55万円",18,550.0,12,4,7,ルージュエリシア,牝,3,54.0,☆原,69.6,クビ,10,37.9,34.9,5-5,美浦 栗田,438,2,
202404030503,2024-08-24,新潟,3,3歳未勝利,芝,1200,左,晴,良,"3回 新潟 5日目 サラ系３歳 未勝利       (混)[指] 馬齢 18頭 本賞金:550,220,140,83,55万円",18,550.0,13,2,4,トクシーオーディン,牡,3,57.0,松岡,69.9,2,12,56.5,34.6,13-11,美浦 西田,524,-4,
202404030503,2024-08-24,新潟,3,3歳未勝利,芝,1200,左,晴,良,"3回 新潟 5日目 サラ系３歳 未勝利       (混)[指] 馬齢 18頭 本賞金:550,220,140,83,55万円",18,550.0,14,7,15,ウォーオブサウンド,牡,3,57.0,菅原明,70.2,1.3/4,7,17.4,34.6,14-15,美浦 萩原,496,6,
202404030503,2024-08-24,新潟,3,3歳未勝利,芝,1200,左,晴,良,"3回 新潟 5日目 サラ系３歳 未勝利       (混)[指] 馬齢 18頭 本賞金:550,220,140,83,55万円",18,550.0,15,3,5,ココロオドル,牝,3,55.0,嶋田,70.3,1/2,14,110.3,35.5,7-7,美浦 伊藤大,448,2,
202404030503,2024-08-24,新潟,3,3歳未勝利,芝,1200,左,晴,良,"3回 新潟 5日目 サラ系３歳 未勝利       (混)[指] 馬齢 18頭 本賞金:550,220,140,83,55万円",18,550.0,16,8,18,メーオーテソーロ,牝,3,53.0,△小林脩,70.6,1.3/4,15,150.0,36.5,1-1,美浦 奥平,384,2,
202404030503,2024-08-24,新潟,3,3歳未勝利,芝,1200,左,晴,良,"3回 新潟 5日目 サラ系３歳 未勝利       (混)[指] 馬齢 18頭 本賞金:550,220,140,83,55万円",18,550.0,17,1,1,ダンシングウィズ,牝,3,52.0,▲佐藤,71.0,2.1/2,18,593.6,34.9,17-17,美浦 小野,388,-2,
202404030503,2024-08-24,新潟,3,3歳未勝利,芝,1200,左,晴,良,"3回 新潟 5日目 サラ系３歳 未勝利       (混)[指] 馬齢 18頭 本賞金:550,220,140,83,55万円",18,550.0,18,3,6,ホウオウフロイト,牡,3,57.0,石川,72.1,7,16,157.5,35.2,18-18,美浦 加藤和,432,2,
202404030504,2024-08-24,新潟,4,3歳未勝利,芝,2000,左,晴,良,"3回 新潟 5日目 サラ系３歳 未勝利       牝[指] 馬齢 18頭 本賞金:550,220,140,83,55万円",18,550.0,1,7,13,ゴールデンステップ,牝,3,55.0,田辺,120.7,,1,3.6,35.6,7-6-5-5,美浦 和田勇,480,-2,
202404030504,2024-08-24,新潟,4,3歳未勝利,芝,2000,左,晴,良,"3回 新潟 5日目 サラ系３歳 未勝利       牝[指] 馬齢 18頭 本賞金:550,220,140,83,55万円",18,550.0,2,3,5,アンドローゼス,牝,3,55.0,杉原,120.8,1/2,6,9.4,35.5,6-6-7-6,美浦 加藤士,446,4,
202404030504,2024-08-24,新潟,4,3歳未勝利,芝,2000,左,晴,良,"3回 新潟 5日目 サラ系３歳 未勝利       牝[指] 馬齢 18頭 本賞金:550,220,140,83,55万円",18,550.0,3,4,8,リリエンフェルト,牝,3,55.0,木幡巧,120.9,1/2,4,7.4,36.1,12-12-3-2,美浦 相沢,450,8,
202404030504,2024-08-24,新潟,4,3歳未勝利,芝,2000,左,晴,良,"3回 新潟 5日目 サラ系３歳 未勝利       牝[指] 馬齢 18頭 本賞金:550,220,140,83,55万円",18,550.0,4,2,3,ハートライト,牝,3,55.0,津村,120.9,クビ,2,5.7,36.0,5-4-4-4,美浦 田中博,472,0,
202404030504,2024-08-24,新潟,4,3歳未勝利,芝,2000,左,晴,良,"3回 新潟 5日目 サラ系３歳 未勝利       牝[指] 馬齢 18頭 本賞金:550,220,140,83,55万円",18,550.0,5,1,2,コスモカノア,牝,3,55.0,横山武,121.0,1/2,5,7.6,35.5,10-9-10-8,美浦 大和田,372,2,
202404030504,2024-08-24,新潟,4,3歳未勝利,芝,2000,左,晴,良,"3回 新潟 5日目 サラ系３歳 未勝利       牝[指] 馬齢 18頭 本賞金:550,220,140,83,55万円",18,550.0,6,5,9,ウインプロティア,牝,3,55.0,松岡,121.5,3,8,13.3,36.8,2-2-2-2,美浦 鈴木慎,482,-1,
202404030504,2024-08-24,新潟,4,3歳未勝利,芝,2000,左,晴,良,"3回 新潟 5日目 サラ系３歳 未勝利       牝[指] 馬齢 18頭 本賞金:550,220,140,83,55万円",18,550.0,7,8,16,リヴァイデント,牝,3,55.0,柴田大,121.5,ハナ,17,258.2,36.0,7-6-10-8,美浦 畠山,418,-10,
202404030504,2024-08-24,新潟,4,3歳未勝利,芝,2000,左,晴,良,"3回 新潟 5日目 サラ系３歳 未勝利       牝[指] 馬齢 18頭 本賞金:550,220,140,83,55万円",18,550.0,8,4,7,オーサムピクチャ,牝,3,55.0,菅原明,121.9,2.1/2,3,7.1,35.8,17-17-14-13,美浦 古賀,420,0,
202404030504,2024-08-24,新潟,4,3歳未勝利,芝,2000,左,晴,良,"3回 新潟 5日目 サラ系３歳 未勝利       牝[指] 馬齢 18頭 本賞金:550,220,140,83,55万円",18,550.0,9,6,12,アーキル,牝,3,55.0,武藤,121.9,クビ,18,340.9,36.1,13-14-12-11,美浦 田村,416,0,
202404030504,2024-08-24,新潟,4,3歳未勝利,芝,2000,左,晴,良,"3回 新潟 5日目 サラ系３歳 未勝利       牝[指] 馬齢 18頭 本賞金:550,220,140,83,55万円",18,550.0,10,3,6,ノーマジック,牝,3,51.0,★大江比,122.1,1.1/4,10,45.4,36.0,13-13-14-13,美浦 戸田,450,-4,
202404030504,2024-08-24,新潟,4,3歳未勝利,芝,2000,左,晴,良,"3回 新潟 5日目 サラ系３歳 未勝利       牝[指] 馬齢 18頭 本賞金:550,220,140,83,55万円",18,550.0,11,7,15,ヴォードノエル,牝,3,55.0,江田照,122.7,3.1/2,7,11.3,38.1,1-1-1-1,美浦 村田,454,6,
202404030504,2024-08-24,新潟,4,3歳未勝利,芝,2000,左,晴,良,"3回 新潟 5日目 サラ系３歳 未勝利       牝[指] 馬齢 18頭 本賞金:550,220,140,83,55万円",18,550.0,12,8,18,ビーナオーカン,牝,3,55.0,三浦,122.9,1.1/4,11,56.7,37.5,9-10-9-7,美浦 中川,444,2,
202404030504,2024-08-24,新潟,4,3歳未勝利,芝,2000,左,晴,良,"3回 新潟 5日目 サラ系３歳 未勝利       牝[指] 馬齢 18頭 本賞金:550,220,140,83,55万円",18,550.0,13,1,1,エンピリカルルール,牝,3,55.0,石川,123.6,4,14,86.4,37.5,15-15-14-13,美浦 深山,430,-4,
202404030504,2024-08-24,新潟,4,3歳未勝利,芝,2000,左,晴,良,"3回 新潟 5日目 サラ系３歳 未勝利       牝[指] 馬齢 18頭 本賞金:550,220,140,83,55万円",18,550.0,14,7,14,スパルティート,牝,3,54.0,☆横山琉,123.7,3/4,9,35.7,37.7,10-10-13-13,美浦 和田郎,438,-4,
202404030504,2024-08-24,新潟,4,3歳未勝利,芝,2000,左,晴,良,"3回 新潟 5日目 サラ系３歳 未勝利       牝[指] 馬齢 18頭 本賞金:550,220,140,83,55万円",18,550.0,15,8,17,ミランダアスール,牝,3,53.0,◇藤田菜,123.8,クビ,15,155.4,37.0,18-18-18-17,美浦 水野,400,-2,
202404030504,2024-08-24,新潟,4,3歳未勝利,芝,2000,左,晴,良,"3回 新潟 5日目 サラ系３歳 未勝利       牝[指] 馬齢 18頭 本賞金:550,220,140,83,55万円",18,550.0,16,6,11,ソーブルーム,牝,3,53.0,◇永島,124.0,1.1/2,12,57.6,38.7,4-4-7-11,美浦 高橋文,470,-8,
202404030504,2024-08-24,新潟,4,3歳未勝利,芝,2000,左,晴,良,"3回 新潟 5日目 サラ系３歳 未勝利       牝[指] 馬齢 18頭 本賞金:550,220,140,83,55万円",18,550.0,17,2,4,クーデピンヌ,牝,3,52.0,▲石神道,124.3,1.1/2,16,188.3,38.2,15-15-14-17,美浦 和田雄,474,0,
202404030504,2024-08-24,新潟,4,3歳未勝利,芝,2000,左,晴,良,"3回 新潟 5日目 サラ系３歳 未勝利       牝[指] 馬齢 18頭 本賞金:550,220,140,83,55万円",18,550.0,18,5,10,ブールアンブレス,牝,3,55.0,荻野極,126.9,大,13,70.1,41.8,3-3-5-8,美浦 嘉藤,424,4,
202404030505,2024-08-24,新潟,5,2歳新馬,芝,1600,左,晴,良,"3回 新潟 5日目 サラ系２歳 新馬       (混)[指] 馬齢 12頭 本賞金:720,290,180,110,72万円",12,720.0,1,2,2,マピュース,牝,2,55.0,田辺,97.3,,2,6.3,33.8,9-8,美浦 和田勇,484,0,
202404030505,2024-08-24,新潟,5,2歳新馬,芝,1600,左,晴,良,"3回 新潟 5日目 サラ系２歳 新馬       (混)[指] 馬齢 12頭 本賞金:720,290,180,110,72万円",12,720.0,2,1,1,エルムラント,牡,2,55.0,荻野極,97.3,クビ,8,44.3,35.1,1-1,美浦 鹿戸,476,0,
202404030505,2024-08-24,新潟,5,2歳新馬,芝,1600,左,晴,良,"3回 新潟 5日目 サラ系２歳 新馬       (混)[指] 馬齢 12頭 本賞金:720,290,180,110,72万円",12,720.0,3,6,8,ズットマツモト,牝,2,55.0,木幡初,97.4,クビ,6,16.4,34.8,2-2,美浦 竹内,444,0,
202404030505,2024-08-24,新潟,5,2歳新馬,芝,1600,左,晴,良,"3回 新潟 5日目 サラ系２歳 新馬       (混)[指] 馬齢 12頭 本賞金:720,290,180,110,72万円",12,720.0,4,3,3,カーラデマドレ,牝,2,55.0,三浦,97.7,1.3/4,1,1.7,34.8,3-3,美浦 宮田,464,0,
202404030505,2024-08-24,新潟,5,2歳新馬,芝,1600,左,晴,良,"3回 新潟 5日目 サラ系２歳 新馬       (混)[指] 馬齢 12頭 本賞金:720,290,180,110,72万円",12,720.0,5,6,7,メルシーボクアスク,牝,2,55.0,柴田善,98.0,2,5,11.8,34.6,6-6,美浦 蛯名正,432,0,
202404030505,2024-08-24,新潟,5,2歳新馬,芝,1600,左,晴,良,"3回 新潟 5日目 サラ系２歳 新馬       (混)[指] 馬齢 12頭 本賞金:720,290,180,110,72万円",12,720.0,6,8,12,ケイアイカラキア,牡,2,55.0,吉田豊,98.3,1.3/4,10,55.5,34.2,11-11,美浦 上原博,472,0,
202404030505,2024-08-24,新潟,5,2歳新馬,芝,1600,左,晴,良,"3回 新潟 5日目 サラ系２歳 新馬       (混)[指] 馬齢 12頭 本賞金:720,290,180,110,72万円",12,720.0,7,4,4,マーゴットフェスタ,牡,2,55.0,石橋脩,98.3,アタマ,3,7.4,35.2,4-4,美浦 伊坂,462,0,
202404030505,2024-08-24,新潟,5,2歳新馬,芝,1600,左,晴,良,"3回 新潟 5日目 サラ系２歳 新馬       (混)[指] 馬齢 12頭 本賞金:720,290,180,110,72万円",12,720.0,8,5,6,カズノマリア,牝,2,55.0,石川,98.3,ハナ,4,7.5,35.2,5-4,美浦 尾形,448,0,
202404030505,2024-08-24,新潟,5,2歳新馬,芝,1600,左,晴,良,"3回 新潟 5日目 サラ系２歳 新馬       (混)[指] 馬齢 12頭 本賞金:720,290,180,110,72万円",12,720.0,9,5,5,カンナギ,牝,2,53.0,◇永島,98.5,1.1/4,9,49.1,34.3,12-12,美浦 小手川,400,0,
202404030505,2024-08-24,新潟,5,2歳新馬,芝,1600,左,晴,良,"3回 新潟 5日目 サラ系２歳 新馬       (混)[指] 馬齢 12頭 本賞金:720,290,180,110,72万円",12,720.0,10,8,11,ゼンブママノセイ,牝,2,55.0,菅原明,98.5,クビ,7,27.6,34.7,9-8,美浦 深山,396,0,
202404030505,2024-08-24,新潟,5,2歳新馬,芝,1600,左,晴,良,"3回 新潟 5日目 サラ系２歳 新馬       (混)[指] 馬齢 12頭 本賞金:720,290,180,110,72万円",12,720.0,11,7,10,トーセンディーン,牡,2,54.0,☆原,98.7,1,11,86.6,34.7,7-10,美浦 池上,480,0,
202404030505,2024-08-24,新潟,5,2歳新馬,芝,1600,左,晴,良,"3回 新潟 5日目 サラ系２歳 新馬       (混)[指] 馬齢 12頭 本賞金:720,290,180,110,72万円",12,720.0,,7,9,マインエンゼル,牝,2,55.0,松岡,,,12,280.3,,7-7,美浦 萱野,440,0,中止
202404030506,2024-08-24,新潟,6,2歳新馬,ダ,1200,左,晴,良,"3回 新潟 5日目 サラ系２歳 新馬       (混)[指] 馬齢 15頭 本賞金:720,290,180,110,72万円",15,720.0,1,5,9,モカラマーズ,牡,2,55.0,横山武,74.4,,1,2.8,38.0,4-5,栗東 高柳大,466,0,
202404030506,2024-08-24,新潟,6,2歳新馬,ダ,1200,左,晴,良,"3回 新潟 5日目 サラ系２歳 新馬       (混)[指] 馬齢 15頭 本賞金:720,290,180,110,72万円",15,720.0,2,4,6,キタノライブリー,牝,2,53.0,◇藤田菜,74.9,2.1/2,12,65.3,38.8,1-1,美浦 本間,444,0,
202404030506,2024-08-24,新潟,6,2歳新馬,ダ,1200,左,晴,良,"3回 新潟 5日目 サラ系２歳 新馬       (混)[指] 馬齢 15頭 本賞金:720,290,180,110,72万円",15,720.0,3,4,7,サノノワンダー,牡,2,55.0,杉原,74.9,クビ,2,2.9,37.8,11-10,美浦 栗田,512,0,
202404030506,2024-08-24,新潟,6,2歳新馬,ダ,1200,左,晴,良,"3回 新潟 5日目 サラ系２歳 新馬       (混)[指] 馬齢 15頭 本賞金:720,290,180,110,72万円",15,720.0,4,8,14,ヨドノエース,牡,2,55.0,丸山,75.0,1/2,14,98.4,38.6,4-5,美浦 萱野,476,0,
202404030506,2024-08-24,新潟,6,2歳新馬,ダ,1200,左,晴,良,"3回 新潟 5日目 サラ系２歳 新馬       (混)[指] 馬齢 15頭 本賞金:720,290,180,110,72万円",15,720.0,5,2,3,モーリシャスアロマ,牝,2,55.0,津村,75.1,クビ,3,6.6,38.8,4-3,栗東 新谷,468,0,
202404030506,2024-08-24,新潟,6,2歳新馬,ダ,1200,左,晴,良,"3回 新潟 5日目 サラ系２歳 新馬       (混)[指] 馬齢 15頭 本賞金:720,290,180,110,72万円",15,720.0,6,5,8,ハコダテサンバ,牝,2,55.0,石川,75.2,1/2,7,18.7,38.1,11-12,美浦 相沢,458,0,
202404030506,2024-08-24,新潟,6,2歳新馬,ダ,1200,左,晴,良,"3回 新潟 5日目 サラ系２歳 新馬       (混)[指] 馬齢 15頭 本賞金:720,290,180,110,72万円",15,720.0,7,8,15,アカオー,牡,2,53.0,◇永島,75.2,アタマ,10,54.0,38.3,10-10,栗東 浜田,436,0,
202404030506,2024-08-24,新潟,6,2歳新馬,ダ,1200,左,晴,良,"3回 新潟 5日目 サラ系２歳 新馬       (混)[指] 馬齢 15頭 本賞金:720,290,180,110,72万円",15,720.0,8,6,10,サマーエンジェル,牝,2,55.0,斎藤,75.3,クビ,5,13.6,39.2,2-2,栗東 高橋一,456,0,
202404030506,2024-08-24,新潟,6,2歳新馬,ダ,1200,左,晴,良,"3回 新潟 5日目 サラ系２歳 新馬       (混)[指] 馬齢 15頭 本賞金:720,290,180,110,72万円",15,720.0,9,7,13,リュウノワールド,牡,2,55.0,吉田豊,75.4,1/2,8,33.5,38.9,7-5,美浦 小西,464,0,
202404030506,2024-08-24,新潟,6,2歳新馬,ダ,1200,左,晴,良,"3回 新潟 5日目 サラ系２歳 新馬       (混)[指] 馬齢 15頭 本賞金:720,290,180,110,72万円",15,720.0,10,2,2,フクノスパイン,牝,2,55.0,岩田康,75.4,アタマ,6,15.0,38.8,8-8,美浦 加藤征,442,0,
202404030506,2024-08-24,新潟,6,2歳新馬,ダ,1200,左,晴,良,"3回 新潟 5日目 サラ系２歳 新馬       (混)[指] 馬齢 15頭 本賞金:720,290,180,110,72万円",15,720.0,11,3,5,ラブミーハーパー,牝,2,53.0,△小林脩,75.8,2,11,62.0,39.1,8-8,美浦 土田,478,0,
202404030506,2024-08-24,新潟,6,2歳新馬,ダ,1200,左,晴,良,"3回 新潟 5日目 サラ系２歳 新馬       (混)[指] 馬齢 15頭 本賞金:720,290,180,110,72万円",15,720.0,12,1,1,アメージング,牡,2,55.0,木幡巧,76.0,1.1/2,4,11.1,38.6,14-13,美浦 中舘,468,0,
202404030506,2024-08-24,新潟,6,2歳新馬,ダ,1200,左,晴,良,"3回 新潟 5日目 サラ系２歳 新馬       (混)[指] 馬齢 15頭 本賞金:720,290,180,110,72万円",15,720.0,13,7,12,シャインミラカナ,牡,2,55.0,松岡,76.2,1.1/2,9,39.3,40.0,3-3,栗東 北出,480,0,
202404030506,2024-08-24,新潟,6,2歳新馬,ダ,1200,左,晴,良,"3回 新潟 5日目 サラ系２歳 新馬       (混)[指] 馬齢 15頭 本賞金:720,290,180,110,72万円",15,720.0,14,3,4,ジョウショータイガ,牡,2,54.0,☆横山琉,76.8,3.1/2,13,92.1,39.6,11-13,栗東 中尾,488,0,
202404030506,2024-08-24,新潟,6,2歳新馬,ダ,1200,左,晴,良,"3回 新潟 5日目 サラ系２歳 新馬       (混)[指] 馬齢 15頭 本賞金:720,290,180,110,72万円",15,720.0,,6,11,アイビーガオー,牡,2,54.0,☆原,,,,,,,美浦 青木,420,0,除外
202404030507,2024-08-24,新潟,7,3歳未勝利,ダ,1800,左,晴,良,"3回 新潟 5日目 サラ系３歳 未勝利       (混)[指] 馬齢 15頭 本賞金:550,220,140,83,55万円",15,550.0,1,4,6,フリーマントル,牡,3,56.0,☆横山琉,115.8,,1,2.1,40.1,6-5-3-3,美浦 斎藤誠,500,-2,
202404030507,2024-08-24,新潟,7,3歳未勝利,ダ,1800,左,晴,良,"3回 新潟 5日目 サラ系３歳 未勝利       (混)[指] 馬齢 15頭 本賞金:550,220,140,83,55万円",15,550.0,2,2,3,ポップスター,牡,3,57.0,丸田,116.3,3,3,5.2,38.5,15-15-12-11,美浦 南田,508,2,
202404030507,2024-08-24,新潟,7,3歳未勝利,ダ,1800,左,晴,良,"3回 新潟 5日目 サラ系３歳 未勝利       (混)[指] 馬齢 15頭 本賞金:550,220,140,83,55万円",15,550.0,3,8,15,ボムポット,牡,3,57.0,石橋脩,116.4,1/2,5,10.7,40.2,7-7-4-4,美浦 上原佑,506,-2,
202404030507,2024-08-24,新潟,7,3歳未勝利,ダ,1800,左,晴,良,"3回 新潟 5日目 サラ系３歳 未勝利       (混)[指] 馬齢 15頭 本賞金:550,220,140,83,55万円",15,550.0,4,2,2,ユアグローリー,牡,3,56.0,☆原,116.9,3,9,57.8,39.6,12-12-11-10,美浦 中舘,500,-4,
202404030507,2024-08-24,新潟,7,3歳未勝利,ダ,1800,左,晴,良,"3回 新潟 5日目 サラ系３歳 未勝利       (混)[指] 馬齢 15頭 本賞金:550,220,140,83,55万円",15,550.0,5,7,12,プリンセスサクラ,牝,3,55.0,岩部,116.9,クビ,14,343.6,39.9,10-10-9-8,美浦 石毛,416,6,
202404030507,2024-08-24,新潟,7,3歳未勝利,ダ,1800,左,晴,良,"3回 新潟 5日目 サラ系３歳 未勝利       (混)[指] 馬齢 15頭 本賞金:550,220,140,83,55万円",15,550.0,6,5,9,ジェイエルジェティ,牝,3,55.0,田辺,117.0,3/4,2,4.0,41.6,2-2-2-2,美浦 小西,516,2,
202404030507,2024-08-24,新潟,7,3歳未勝利,ダ,1800,左,晴,良,"3回 新潟 5日目 サラ系３歳 未勝利       (混)[指] 馬齢 15頭 本賞金:550,220,140,83,55万円",15,550.0,7,3,4,サブリエ,牝,3,51.0,★大江比,117.2,3/4,13,307.3,40.4,8-8-8-7,美浦 戸田,426,-4,
202404030507,2024-08-24,新潟,7,3歳未勝利,ダ,1800,左,晴,良,"3回 新潟 5日目 サラ系３歳 未勝利       (混)[指] 馬齢 15頭 本賞金:550,220,140,83,55万円",15,550.0,8,3,5,キッドストン,牡,3,57.0,菅原明,117.7,3,4,8.7,42.4,1-1-1-1,美浦 小笠,514,-1,
202404030507,2024-08-24,新潟,7,3歳未勝利,ダ,1800,左,晴,良,"3回 新潟 5日目 サラ系３歳 未勝利       (混)[指] 馬齢 15頭 本賞金:550,220,140,83,55万円",15,550.0,9,5,8,サントリーニブルー,牝,3,52.0,▲石神道,118.4,4,11,127.6,40.1,13-13-14-13,美浦 高橋文,432,0,
202404030507,2024-08-24,新潟,7,3歳未勝利,ダ,1800,左,晴,良,"3回 新潟 5日目 サラ系３歳 未勝利       (混)[指] 馬齢 15頭 本賞金:550,220,140,83,55万円",15,550.0,10,6,11,カミノケンシン,牡,3,55.0,△小林脩,118.5,クビ,15,382.9,42.0,9-9-6-6,美浦 奥平,476,-8,
202404030507,2024-08-24,新潟,7,3歳未勝利,ダ,1800,左,晴,良,"3回 新潟 5日目 サラ系３歳 未勝利       (混)[指] 馬齢 15頭 本賞金:550,220,140,83,55万円",15,550.0,11,8,14,ポジティブスピン,牝,3,55.0,荻野極,118.8,1.3/4,8,50.2,42.6,3-3-4-5,美浦 本間,464,10,
202404030507,2024-08-24,新潟,7,3歳未勝利,ダ,1800,左,晴,良,"3回 新潟 5日目 サラ系３歳 未勝利       (混)[指] 馬齢 15頭 本賞金:550,220,140,83,55万円",15,550.0,12,7,13,ペクトラル,牡,3,57.0,三浦,119.5,4,6,29.6,43.0,5-3-6-8,美浦 中舘,498,-8,
202404030507,2024-08-24,新潟,7,3歳未勝利,ダ,1800,左,晴,良,"3回 新潟 5日目 サラ系３歳 未勝利       (混)[指] 馬齢 15頭 本賞金:550,220,140,83,55万円",15,550.0,13,1,1,クラウンライジング,セ,3,57.0,江田照,119.8,2,10,117.3,41.9,10-10-12-13,美浦 清水英,512,-4,
202404030507,2024-08-24,新潟,7,3歳未勝利,ダ,1800,左,晴,良,"3回 新潟 5日目 サラ系３歳 未勝利       (混)[指] 馬齢 15頭 本賞金:550,220,140,83,55万円",15,550.0,14,4,7,ポーラスター,牡,3,57.0,野中,121.3,9,12,147.9,43.1,14-13-14-15,美浦 鈴木伸,480,-6,
202404030507,2024-08-24,新潟,7,3歳未勝利,ダ,1800,左,晴,良,"3回 新潟 5日目 サラ系３歳 未勝利       (混)[指] 馬齢 15頭 本賞金:550,220,140,83,55万円",15,550.0,15,6,10,ライネスヘルツ,牝,3,53.0,◇永島,123.7,大,7,29.9,46.6,4-5-9-12,美浦 上原博,418,-12,
202404030508,2024-08-24,新潟,8,3歳以上1勝クラス,ダ,1800,左,晴,良,"3回 新潟 5日目 サラ系３歳以上 １勝クラス       牝[指] 定量 15頭 本賞金:800,320,200,120,80万円",15,800.0,1,3,4,エスシーヤマト,牝,3,53.0,斎藤,114.4,,5,6.9,38.1,13-12-14-12,美浦 加藤士,444,-2,
202404030508,2024-08-24,新潟,8,3歳以上1勝クラス,ダ,1800,左,晴,良,"3回 新潟 5日目 サラ系３歳以上 １勝クラス       牝[指] 定量 15頭 本賞金:800,320,200,120,80万円",15,800.0,2,1,1,フイノマジワリ,牝,3,53.0,木幡初,114.4,クビ,6,13.3,38.8,9-10-8-8,美浦 竹内,434,-6,
202404030508,2024-08-24,新潟,8,3歳以上1勝クラス,ダ,1800,左,晴,良,"3回 新潟 5日目 サラ系３歳以上 １勝クラス       牝[指] 定量 15頭 本賞金:800,320,200,120,80万円",15,800.0,3,7,13,グランコネクシオン,牝,3,52.0,☆原,114.6,1,8,16.0,38.6,12-12-10-9,美浦 畠山,440,8,
202404030508,2024-08-24,新潟,8,3歳以上1勝クラス,ダ,1800,左,晴,良,"3回 新潟 5日目 サラ系３歳以上 １勝クラス       牝[指] 定量 15頭 本賞金:800,320,200,120,80万円",15,800.0,4,5,8,サイモンポーリア,牝,6,56.0,丸山,114.8,1.1/2,14,148.9,40.0,9-8-2-2,美浦 根本,474,2,
202404030508,2024-08-24,新潟,8,3歳以上1勝クラス,ダ,1800,左,晴,良,"3回 新潟 5日目 サラ系３歳以上 １勝クラス       牝[指] 定量 15頭 本賞金:800,320,200,120,80万円",15,800.0,4,6,11,ヴァズレーヌ,牝,3,53.0,三浦,114.8,1.1/2,3,6.2,39.5,11-10-6-6,美浦 嘉藤,464,8,
202404030508,2024-08-24,新潟,8,3歳以上1勝クラス,ダ,1800,左,晴,良,"3回 新潟 5日目 サラ系３歳以上 １勝クラス       牝[指] 定量 15頭 本賞金:800,320,200,120,80万円",15,800.0,6,6,10,ラズライト,牝,5,56.0,木幡巧,114.9,1/2,10,23.0,39.9,3-3-3-3,美浦 松山,440,0,
202404030508,2024-08-24,新潟,8,3歳以上1勝クラス,ダ,1800,左,晴,良,"3回 新潟 5日目 サラ系３歳以上 １勝クラス       牝[指] 定量 15頭 本賞金:800,320,200,120,80万円",15,800.0,7,8,15,ミニョンルミエール,牝,5,53.0,▲石神道,115.1,1.1/4,13,79.0,39.6,8-8-7-6,美浦 和田雄,440,-6,
202404030508,2024-08-24,新潟,8,3歳以上1勝クラス,ダ,1800,左,晴,良,"3回 新潟 5日目 サラ系３歳以上 １勝クラス       牝[指] 定量 15頭 本賞金:800,320,200,120,80万円",15,800.0,8,4,6,マーゴットミニモ,牝,4,56.0,荻野極,115.4,1.3/4,7,15.4,40.7,2-2-1-1,美浦 伊坂,498,12,
202404030508,2024-08-24,新潟,8,3歳以上1勝クラス,ダ,1800,左,晴,良,"3回 新潟 5日目 サラ系３歳以上 １勝クラス       牝[指] 定量 15頭 本賞金:800,320,200,120,80万円",15,800.0,9,7,12,アルヴィエンヌ,牝,4,56.0,津村,115.7,1.3/4,1,4.6,40.7,4-5-3-5,美浦 林,462,-4,
202404030508,2024-08-24,新潟,8,3歳以上1勝クラス,ダ,1800,左,晴,良,"3回 新潟 5日目 サラ系３歳以上 １勝クラス       牝[指] 定量 15頭 本賞金:800,320,200,120,80万円",15,800.0,10,8,14,ミレニアムヒロイン,牝,3,53.0,横山武,116.1,2.1/2,2,5.3,41.1,1-1-3-3,美浦 池上,446,18,
202404030508,2024-08-24,新潟,8,3歳以上1勝クラス,ダ,1800,左,晴,良,"3回 新潟 5日目 サラ系３歳以上 １勝クラス       牝[指] 定量 15頭 本賞金:800,320,200,120,80万円",15,800.0,11,2,3,ウェルキン,牝,3,50.0,▲石田,116.1,ハナ,11,26.6,40.3,4-6-9-9,美浦 新開,420,2,
202404030508,2024-08-24,新潟,8,3歳以上1勝クラス,ダ,1800,左,晴,良,"3回 新潟 5日目 サラ系３歳以上 １勝クラス       牝[指] 定量 15頭 本賞金:800,320,200,120,80万円",15,800.0,12,4,7,イリディセント,牝,3,51.0,◇永島,116.6,2.1/2,4,6.4,40.2,15-15-14-14,美浦 田中剛,462,10,
202404030508,2024-08-24,新潟,8,3歳以上1勝クラス,ダ,1800,左,晴,良,"3回 新潟 5日目 サラ系３歳以上 １勝クラス       牝[指] 定量 15頭 本賞金:800,320,200,120,80万円",15,800.0,13,3,5,ターコイズデュー,牝,4,56.0,柴田大,116.6,ハナ,12,45.0,40.6,7-6-10-9,美浦 畠山,498,-10,
202404030508,2024-08-24,新潟,8,3歳以上1勝クラス,ダ,1800,左,晴,良,"3回 新潟 5日目 サラ系３歳以上 １勝クラス       牝[指] 定量 15頭 本賞金:800,320,200,120,80万円",15,800.0,14,2,2,メダルラッシュ,牝,4,56.0,松岡,117.1,3,9,16.7,41.1,4-3-10-14,美浦 村田,490,-2,
202404030508,2024-08-24,新潟,8,3歳以上1勝クラス,ダ,1800,左,晴,良,"3回 新潟 5日目 サラ系３歳以上 １勝クラス       牝[指] 定量 15頭 本賞金:800,320,200,120,80万円",15,800.0,15,5,9,マルアズール,牝,5,52.0,★大江比,117.8,4,15,381.4,41.8,14-14-10-12,美浦 加藤和,430,0,
202404030509,2024-08-24,新潟,9,中郷特別,芝,1800,左,晴,良,"3回 新潟 5日目 サラ系３歳以上 １勝クラス       (混)(特指) 定量 16頭 本賞金:1110,440,280,170,111万円",16,1110.0,1,3,5,チャンネルトンネル,牡,3,55.0,横山武,105.9,,1,1.9,33.6,6-6,栗東 福永,478,8,
202404030509,2024-08-24,新潟,9,中郷特別,芝,1800,左,晴,良,"3回 新潟 5日目 サラ系３歳以上 １勝クラス       (混)(特指) 定量 16頭 本賞金:1110,440,280,170,111万円",16,1110.0,2,2,4,ヴァイザーブリック,牡,3,55.0,荻野極,106.1,1.1/4,3,10.8,34.3,2-2,美浦 池上,464,6,
202404030509,2024-08-24,新潟,9,中郷特別,芝,1800,左,晴,良,"3回 新潟 5日目 サラ系３歳以上 １勝クラス       (混)(特指) 定量 16頭 本賞金:1110,440,280,170,111万円",16,1110.0,3,1,1,フォルラニーニ,牡,3,55.0,津村,106.3,1.1/2,2,2.3,34.2,5-5,美浦 手塚,496,0,
202404030509,2024-08-24,新潟,9,中郷特別,芝,1800,左,晴,良,"3回 新潟 5日目 サラ系３歳以上 １勝クラス       (混)(特指) 定量 16頭 本賞金:1110,440,280,170,111万円",16,1110.0,4,8,16,グレイトクラウン,牝,3,53.0,木幡巧,106.3,ハナ,8,63.1,33.9,7-7,美浦 松山,456,0,
202404030509,2024-08-24,新潟,9,中郷特別,芝,1800,左,晴,良,"3回 新潟 5日目 サラ系３歳以上 １勝クラス       (混)(特指) 定量 16頭 本賞金:1110,440,280,170,111万円",16,1110.0,5,6,12,イリスレーン,牝,4,56.0,永島,106.4,1/2,6,29.9,35.4,1-1,栗東 清水久,482,2,
202404030509,2024-08-24,新潟,9,中郷特別,芝,1800,左,晴,良,"3回 新潟 5日目 サラ系３歳以上 １勝クラス       (混)(特指) 定量 16頭 本賞金:1110,440,280,170,111万円",16,1110.0,6,5,10,デファイ,牝,3,53.0,斎藤,106.6,3/4,5,18.0,33.9,9-9,美浦 斎藤誠,468,14,
202404030509,2024-08-24,新潟,9,中郷特別,芝,1800,左,晴,良,"3回 新潟 5日目 サラ系３歳以上 １勝クラス       (混)(特指) 定量 16頭 本賞金:1110,440,280,170,111万円",16,1110.0,7,3,6,ネイサン,牡,3,55.0,丸田,107.2,3.1/2,11,227.9,34.2,10-10,美浦 南田,454,4,
202404030509,2024-08-24,新潟,9,中郷特別,芝,1800,左,晴,良,"3回 新潟 5日目 サラ系３歳以上 １勝クラス       (混)(特指) 定量 16頭 本賞金:1110,440,280,170,111万円",16,1110.0,8,2,3,スーパーバイザー,牡,3,55.0,吉田豊,107.6,2.1/2,9,95.9,35.3,7-7,美浦 菊沢,460,0,
202404030509,2024-08-24,新潟,9,中郷特別,芝,1800,左,晴,良,"3回 新潟 5日目 サラ系３歳以上 １勝クラス       (混)(特指) 定量 16頭 本賞金:1110,440,280,170,111万円",16,1110.0,9,5,9,アイファーバトル,牡,3,55.0,野中,107.6,クビ,4,14.7,34.3,12-11,美浦 根本,454,2,
202404030509,2024-08-24,新潟,9,中郷特別,芝,1800,左,晴,良,"3回 新潟 5日目 サラ系３歳以上 １勝クラス       (混)(特指) 定量 16頭 本賞金:1110,440,280,170,111万円",16,1110.0,10,8,15,ブレガーロード,セ,4,58.0,杉原,108.2,3.1/2,14,370.9,34.8,10-11,美浦 岩戸,460,-20,
202404030509,2024-08-24,新潟,9,中郷特別,芝,1800,左,晴,良,"3回 新潟 5日目 サラ系３歳以上 １勝クラス       (混)(特指) 定量 16頭 本賞金:1110,440,280,170,111万円",16,1110.0,11,1,2,ウイングランブルー,牡,4,58.0,菊沢,108.5,1.3/4,7,62.8,36.5,4-3,美浦 深山,452,-8,
202404030509,2024-08-24,新潟,9,中郷特別,芝,1800,左,晴,良,"3回 新潟 5日目 サラ系３歳以上 １勝クラス       (混)(特指) 定量 16頭 本賞金:1110,440,280,170,111万円",16,1110.0,12,6,11,ガレストロ,牡,4,58.0,石川,108.7,1,10,102.4,35.0,13-13,美浦 萩原,480,-6,
202404030509,2024-08-24,新潟,9,中郷特別,芝,1800,左,晴,良,"3回 新潟 5日目 サラ系３歳以上 １勝クラス       (混)(特指) 定量 16頭 本賞金:1110,440,280,170,111万円",16,1110.0,13,7,14,ウインリベラーレ,牡,3,55.0,松岡,108.8,1/2,12,265.2,34.8,15-15,栗東 宮,444,0,
202404030509,2024-08-24,新潟,9,中郷特別,芝,1800,左,晴,良,"3回 新潟 5日目 サラ系３歳以上 １勝クラス       (混)(特指) 定量 16頭 本賞金:1110,440,280,170,111万円",16,1110.0,14,4,8,クランベリーダンス,牝,3,53.0,小林脩,108.8,ハナ,15,447.7,36.9,3-3,美浦 武藤,384,0,
202404030509,2024-08-24,新潟,9,中郷特別,芝,1800,左,晴,良,"3回 新潟 5日目 サラ系３歳以上 １勝クラス       (混)(特指) 定量 16頭 本賞金:1110,440,280,170,111万円",16,1110.0,15,4,7,フユソウビ,牡,3,55.0,原,108.9,3/4,13,345.8,35.0,14-14,美浦 青木,458,-10,
202404030509,2024-08-24,新潟,9,中郷特別,芝,1800,左,晴,良,"3回 新潟 5日目 サラ系３歳以上 １勝クラス       (混)(特指) 定量 16頭 本賞金:1110,440,280,170,111万円",16,1110.0,16,7,13,ヘブンズサウンド,牡,3,55.0,横山琉,109.1,1.1/4,16,459.6,35.0,16-15,美浦 武藤,404,0,
202404030510,2024-08-24,新潟,10,五頭連峰特別,芝,1600,左,晴,良,"3回 新潟 5日目 サラ系３歳以上 ２勝クラス       (混)(特指) 定量 16頭 本賞金:1550,620,390,230,155万円",16,1550.0,1,3,5,ワンダイレクト,牡,4,58.0,松岡,94.0,,3,6.3,34.0,3-3,栗東 藤岡,452,0,
202404030510,2024-08-24,新潟,10,五頭連峰特別,芝,1600,左,晴,良,"3回 新潟 5日目 サラ系３歳以上 ２勝クラス       (混)(特指) 定量 16頭 本賞金:1550,620,390,230,155万円",16,1550.0,2,5,10,キープカルム,牡,3,55.0,永島,94.1,クビ,2,3.3,32.7,15-15,栗東 中竹,486,2,
202404030510,2024-08-24,新潟,10,五頭連峰特別,芝,1600,左,晴,良,"3回 新潟 5日目 サラ系３歳以上 ２勝クラス       (混)(特指) 定量 16頭 本賞金:1550,620,390,230,155万円",16,1550.0,3,1,1,ヤマニンガラッシア,牡,7,58.0,石川,94.1,クビ,7,24.2,34.1,3-3,美浦 辻,454,-2,
202404030510,2024-08-24,新潟,10,五頭連峰特別,芝,1600,左,晴,良,"3回 新潟 5日目 サラ系３歳以上 ２勝クラス       (混)(特指) 定量 16頭 本賞金:1550,620,390,230,155万円",16,1550.0,4,3,6,ポルカリズム,牝,4,56.0,三浦,94.2,1/2,4,8.6,33.9,7-6,栗東 中内田,480,0,
202404030510,2024-08-24,新潟,10,五頭連峰特別,芝,1600,左,晴,良,"3回 新潟 5日目 サラ系３歳以上 ２勝クラス       (混)(特指) 定量 16頭 本賞金:1550,620,390,230,155万円",16,1550.0,5,4,7,ジュンゴールド,牡,3,55.0,荻野極,94.2,アタマ,5,9.9,33.9,3-5,栗東 友道,476,-6,
202404030510,2024-08-24,新潟,10,五頭連峰特別,芝,1600,左,晴,良,"3回 新潟 5日目 サラ系３歳以上 ２勝クラス       (混)(特指) 定量 16頭 本賞金:1550,620,390,230,155万円",16,1550.0,6,6,12,コスモスプモーニ,牡,4,58.0,石橋脩,94.4,1.1/4,12,95.7,34.7,2-2,美浦 松山,476,-2,
202404030510,2024-08-24,新潟,10,五頭連峰特別,芝,1600,左,晴,良,"3回 新潟 5日目 サラ系３歳以上 ２勝クラス       (混)(特指) 定量 16頭 本賞金:1550,620,390,230,155万円",16,1550.0,7,7,14,リアド,牡,5,58.0,津村,94.5,3/4,11,53.4,33.5,11-11,栗東 友道,484,0,
202404030510,2024-08-24,新潟,10,五頭連峰特別,芝,1600,左,晴,良,"3回 新潟 5日目 サラ系３歳以上 ２勝クラス       (混)(特指) 定量 16頭 本賞金:1550,620,390,230,155万円",16,1550.0,8,6,11,エポックヴィーナス,牝,3,53.0,横山武,94.6,アタマ,1,2.7,34.1,7-6,栗東 新谷,440,6,
202404030510,2024-08-24,新潟,10,五頭連峰特別,芝,1600,左,晴,良,"3回 新潟 5日目 サラ系３歳以上 ２勝クラス       (混)(特指) 定量 16頭 本賞金:1550,620,390,230,155万円",16,1550.0,9,8,15,ベルシャンブル,牝,4,56.0,原,94.6,クビ,8,34.1,33.5,13-14,栗東 小椋,478,-4,
202404030510,2024-08-24,新潟,10,五頭連峰特別,芝,1600,左,晴,良,"3回 新潟 5日目 サラ系３歳以上 ２勝クラス       (混)(特指) 定量 16頭 本賞金:1550,620,390,230,155万円",16,1550.0,10,4,8,ラスハンメル,牡,4,58.0,斎藤,94.6,ハナ,10,44.8,34.9,1-1,栗東 松永幹,532,8,
202404030510,2024-08-24,新潟,10,五頭連峰特別,芝,1600,左,晴,良,"3回 新潟 5日目 サラ系３歳以上 ２勝クラス       (混)(特指) 定量 16頭 本賞金:1550,620,390,230,155万円",16,1550.0,11,2,4,サトノヴィレ,セ,4,58.0,岩田康,94.8,1.1/4,6,22.0,33.4,16-15,美浦 鹿戸,494,0,
202404030510,2024-08-24,新潟,10,五頭連峰特別,芝,1600,左,晴,良,"3回 新潟 5日目 サラ系３歳以上 ２勝クラス       (混)(特指) 定量 16頭 本賞金:1550,620,390,230,155万円",16,1550.0,12,2,3,アルゲンテウス,セ,5,58.0,横山琉,94.8,ハナ,9,44.7,34.1,11-11,美浦 小島,462,-4,
202404030510,2024-08-24,新潟,10,五頭連峰特別,芝,1600,左,晴,良,"3回 新潟 5日目 サラ系３歳以上 ２勝クラス       (混)(特指) 定量 16頭 本賞金:1550,620,390,230,155万円",16,1550.0,13,1,2,ジッピーレーサー,セ,7,58.0,菅原明,94.9,クビ,13,108.2,34.6,7-6,美浦 高木,472,-8,
202404030510,2024-08-24,新潟,10,五頭連峰特別,芝,1600,左,晴,良,"3回 新潟 5日目 サラ系３歳以上 ２勝クラス       (混)(特指) 定量 16頭 本賞金:1550,620,390,230,155万円",16,1550.0,14,5,9,カレンマックナイト,牡,5,58.0,藤田菜,95.2,2,14,234.8,34.1,13-13,栗東 平田,448,0,
202404030510,2024-08-24,新潟,10,五頭連峰特別,芝,1600,左,晴,良,"3回 新潟 5日目 サラ系３歳以上 ２勝クラス       (混)(特指) 定量 16頭 本賞金:1550,620,390,230,155万円",16,1550.0,15,7,13,オラヴェリタス,牡,5,58.0,丸山,95.3,1/2,15,363.4,34.5,10-10,美浦 土田,512,-10,
202404030510,2024-08-24,新潟,10,五頭連峰特別,芝,1600,左,晴,良,"3回 新潟 5日目 サラ系３歳以上 ２勝クラス       (混)(特指) 定量 16頭 本賞金:1550,620,390,230,155万円",16,1550.0,16,8,16,コスモイグローク,牡,4,58.0,江田照,96.3,6,16,384.1,35.6,6-6,美浦 蛯名利,508,4,
202404030511,2024-08-24,新潟,11,朱鷺S,芝,1400,左,晴,良,"3回 新潟 5日目 サラ系３歳以上 オープン       (国際)(指) 別定 13頭 本賞金:2700,1100,680,410,270万円",13,2700.0,1,2,2,バルサムノート,牡,4,57.0,松岡,80.2,,5,8.9,35.0,2-2,栗東 高野,504,12,
202404030511,2024-08-24,新潟,11,朱鷺S,芝,1400,左,晴,良,"3回 新潟 5日目 サラ系３歳以上 オープン       (国際)(指) 別定 13頭 本賞金:2700,1100,680,410,270万円",13,2700.0,2,1,1,マスクオールウィン,牝,3,52.0,木幡巧,80.3,1/2,3,5.2,35.2,1-1,美浦 牧,500,8,
202404030511,2024-08-24,新潟,11,朱鷺S,芝,1400,左,晴,良,"3回 新潟 5日目 サラ系３歳以上 オープン       (国際)(指) 別定 13頭 本賞金:2700,1100,680,410,270万円",13,2700.0,3,6,9,メイショウホシアイ,牝,6,55.0,岩田康,80.6,1.1/2,9,25.5,34.6,4-4,栗東 高橋亮,496,0,
202404030511,2024-08-24,新潟,11,朱鷺S,芝,1400,左,晴,良,"3回 新潟 5日目 サラ系３歳以上 オープン       (国際)(指) 別定 13頭 本賞金:2700,1100,680,410,270万円",13,2700.0,4,4,4,グレイイングリーン,牡,6,57.0,荻野極,80.6,クビ,4,5.6,34.3,5-5,栗東 池江,498,-8,
202404030511,2024-08-24,新潟,11,朱鷺S,芝,1400,左,晴,良,"3回 新潟 5日目 サラ系３歳以上 オープン       (国際)(指) 別定 13頭 本賞金:2700,1100,680,410,270万円",13,2700.0,5,5,7,シングザットソング,牝,4,56.0,斎藤,80.7,1/2,2,5.0,34.0,10-10,栗東 高野,434,-8,
202404030511,2024-08-24,新潟,11,朱鷺S,芝,1400,左,晴,良,"3回 新潟 5日目 サラ系３歳以上 オープン       (国際)(指) 別定 13頭 本賞金:2700,1100,680,410,270万円",13,2700.0,6,8,12,スコールユニバンス,牝,5,55.0,丸山,80.7,アタマ,13,155.9,34.0,10-10,栗東 矢作,458,0,
202404030511,2024-08-24,新潟,11,朱鷺S,芝,1400,左,晴,良,"3回 新潟 5日目 サラ系３歳以上 オープン       (国際)(指) 別定 13頭 本賞金:2700,1100,680,410,270万円",13,2700.0,7,5,6,デュガ,牡,5,57.0,菅原明,80.8,クビ,7,13.2,34.2,7-9,栗東 森秀,496,0,
202404030511,2024-08-24,新潟,11,朱鷺S,芝,1400,左,晴,良,"3回 新潟 5日目 サラ系３歳以上 オープン       (国際)(指) 別定 13頭 本賞金:2700,1100,680,410,270万円",13,2700.0,8,7,10,ディヴィナシオン,牡,7,58.0,田辺,80.9,1/2,10,37.3,34.4,7-7,栗東 森秀,472,0,
202404030511,2024-08-24,新潟,11,朱鷺S,芝,1400,左,晴,良,"3回 新潟 5日目 サラ系３歳以上 オープン       (国際)(指) 別定 13頭 本賞金:2700,1100,680,410,270万円",13,2700.0,9,7,11,ゴールデンシロップ,牡,6,57.0,原,80.9,ハナ,11,43.0,34.0,12-12,美浦 鈴木慎,536,-2,
202404030511,2024-08-24,新潟,11,朱鷺S,芝,1400,左,晴,良,"3回 新潟 5日目 サラ系３歳以上 オープン       (国際)(指) 別定 13頭 本賞金:2700,1100,680,410,270万円",13,2700.0,10,3,3,アルーリングウェイ,牝,5,55.0,津村,81.0,1,6,11.4,34.7,5-6,栗東 藤岡,484,2,
202404030511,2024-08-24,新潟,11,朱鷺S,芝,1400,左,晴,良,"3回 新潟 5日目 サラ系３歳以上 オープン       (国際)(指) 別定 13頭 本賞金:2700,1100,680,410,270万円",13,2700.0,11,6,8,サンライズオネスト,牡,7,58.0,吉田豊,81.1,クビ,8,14.7,34.6,7-7,栗東 河内,472,0,
202404030511,2024-08-24,新潟,11,朱鷺S,芝,1400,左,晴,良,"3回 新潟 5日目 サラ系３歳以上 オープン       (国際)(指) 別定 13頭 本賞金:2700,1100,680,410,270万円",13,2700.0,12,4,5,ルージュエクレール,牝,5,55.0,三浦,81.5,2.1/2,12,80.3,34.4,13-13,美浦 萩原,432,4,
202404030511,2024-08-24,新潟,11,朱鷺S,芝,1400,左,晴,良,"3回 新潟 5日目 サラ系３歳以上 オープン       (国際)(指) 別定 13頭 本賞金:2700,1100,680,410,270万円",13,2700.0,13,8,13,メイショウチタン,牡,7,58.0,柴田善,82.3,5,1,4.2,36.8,3-3,栗東 本田,474,4,
202404030512,2024-08-24,新潟,12,3歳以上1勝クラス,ダ,1200,左,晴,良,"3回 新潟 5日目 サラ系３歳以上 １勝クラス       (混)[指] 定量 15頭 本賞金:800,320,200,120,80万円",15,800.0,1,3,5,モリノセピア,牡,3,56.0,津村,71.3,,1,2.3,37.2,1-1,美浦 鈴木伸,480,10,
202404030512,2024-08-24,新潟,12,3歳以上1勝クラス,ダ,1200,左,晴,良,"3回 新潟 5日目 サラ系３歳以上 １勝クラス       (混)[指] 定量 15頭 本賞金:800,320,200,120,80万円",15,800.0,2,7,12,オリビアジュテーム,牝,4,56.0,菊沢,71.7,2,9,20.3,37.4,2-2,美浦 西田,472,12,
202404030512,2024-08-24,新潟,12,3歳以上1勝クラス,ダ,1200,左,晴,良,"3回 新潟 5日目 サラ系３歳以上 １勝クラス       (混)[指] 定量 15頭 本賞金:800,320,200,120,80万円",15,800.0,3,2,2,ライトニングゼウス,牡,3,56.0,石橋脩,71.9,1.1/4,7,15.0,37.2,4-3,美浦 勢司,502,-2,
202404030512,2024-08-24,新潟,12,3歳以上1勝クラス,ダ,1200,左,晴,良,"3回 新潟 5日目 サラ系３歳以上 １勝クラス       (混)[指] 定量 15頭 本賞金:800,320,200,120,80万円",15,800.0,4,2,3,メモリーグラス,牡,4,58.0,木幡育,72.1,1.1/4,6,13.5,37.1,6-5,美浦 松永康,474,-2,
202404030512,2024-08-24,新潟,12,3歳以上1勝クラス,ダ,1200,左,晴,良,"3回 新潟 5日目 サラ系３歳以上 １勝クラス       (混)[指] 定量 15頭 本賞金:800,320,200,120,80万円",15,800.0,5,4,7,オリエンタルキング,牡,5,58.0,荻野極,72.1,クビ,15,179.7,36.1,15-14,美浦 伊坂,496,-4,
202404030512,2024-08-24,新潟,12,3歳以上1勝クラス,ダ,1200,左,晴,良,"3回 新潟 5日目 サラ系３歳以上 １勝クラス       (混)[指] 定量 15頭 本賞金:800,320,200,120,80万円",15,800.0,6,6,10,ノーブルゲイル,牡,3,56.0,三浦,72.3,1.1/4,2,5.5,37.2,8-8,美浦 中川,470,-4,
202404030512,2024-08-24,新潟,12,3歳以上1勝クラス,ダ,1200,左,晴,良,"3回 新潟 5日目 サラ系３歳以上 １勝クラス       (混)[指] 定量 15頭 本賞金:800,320,200,120,80万円",15,800.0,7,8,15,マイネルディレクト,牡,3,56.0,横山武,72.4,クビ,5,12.5,36.9,12-11,美浦 伊藤大,498,-2,
202404030512,2024-08-24,新潟,12,3歳以上1勝クラス,ダ,1200,左,晴,良,"3回 新潟 5日目 サラ系３歳以上 １勝クラス       (混)[指] 定量 15頭 本賞金:800,320,200,120,80万円",15,800.0,8,5,8,レッドセニョール,牡,3,55.0,☆原,72.6,1.1/4,4,10.9,37.4,9-13,美浦 矢嶋,480,6,
202404030512,2024-08-24,新潟,12,3歳以上1勝クラス,ダ,1200,左,晴,良,"3回 新潟 5日目 サラ系３歳以上 １勝クラス       (混)[指] 定量 15頭 本賞金:800,320,200,120,80万円",15,800.0,9,8,14,イーデンテソーロ,牡,4,58.0,木幡巧,72.8,1.1/2,8,17.1,37.1,14-14,美浦 畠山,480,4,
202404030512,2024-08-24,新潟,12,3歳以上1勝クラス,ダ,1200,左,晴,良,"3回 新潟 5日目 サラ系３歳以上 １勝クラス       (混)[指] 定量 15頭 本賞金:800,320,200,120,80万円",15,800.0,10,4,6,ニシノシークレット,牡,4,58.0,江田照,73.1,1.3/4,13,92.5,38.2,6-5,美浦 村田,494,2,
202404030512,2024-08-24,新潟,12,3歳以上1勝クラス,ダ,1200,左,晴,良,"3回 新潟 5日目 サラ系３歳以上 １勝クラス       (混)[指] 定量 15頭 本賞金:800,320,200,120,80万円",15,800.0,11,3,4,ミッキードラマー,牡,3,53.0,▲石神道,73.4,1.3/4,11,43.7,38.2,9-10,美浦 菊沢,528,2,
202404030512,2024-08-24,新潟,12,3歳以上1勝クラス,ダ,1200,左,晴,良,"3回 新潟 5日目 サラ系３歳以上 １勝クラス       (混)[指] 定量 15頭 本賞金:800,320,200,120,80万円",15,800.0,12,1,1,サンレイマリー,牡,3,54.0,△小林脩,73.5,3/4,12,82.6,38.3,9-8,美浦 伊藤圭,472,-4,
202404030512,2024-08-24,新潟,12,3歳以上1勝クラス,ダ,1200,左,晴,良,"3回 新潟 5日目 サラ系３歳以上 １勝クラス       (混)[指] 定量 15頭 本賞金:800,320,200,120,80万円",15,800.0,13,6,11,モスオーキッド,牝,3,54.0,松岡,73.9,2.1/2,14,137.0,38.5,12-11,美浦 堀内,422,6,
202404030512,2024-08-24,新潟,12,3歳以上1勝クラス,ダ,1200,左,晴,良,"3回 新潟 5日目 サラ系３歳以上 １勝クラス       (混)[指] 定量 15頭 本賞金:800,320,200,120,80万円",15,800.0,14,7,13,サミアド,牡,3,56.0,菅原明,73.9,クビ,3,7.2,39.2,4-5,美浦 竹内,496,-6,
202404030512,2024-08-24,新潟,12,3歳以上1勝クラス,ダ,1200,左,晴,良,"3回 新潟 5日目 サラ系３歳以上 １勝クラス       (混)[指] 定量 15頭 本賞金:800,320,200,120,80万円",15,800.0,15,5,9,クレイジーディス,牡,3,55.0,☆横山琉,76.2,大,10,37.8,41.6,3-4,美浦 千葉,494,6,
202407020501,2024-08-24,中京,1,2歳未勝利,芝,1600,左,晴,良,"2回 中京 5日目 サラ系２歳 未勝利       [指] 馬齢 9頭 本賞金:550,220,140,83,55万円",9,550.0,1,5,5,ラヴァブル,牝,2,55.0,西村淳,95.3,,1,2.1,35.3,3-3-3,栗東 松下,488,4,
202407020501,2024-08-24,中京,1,2歳未勝利,芝,1600,左,晴,良,"2回 中京 5日目 サラ系２歳 未勝利       [指] 馬齢 9頭 本賞金:550,220,140,83,55万円",9,550.0,2,7,7,マイネルフルムーン,牡,2,55.0,和田竜,95.4,1/2,3,7.4,35.1,6-5-5,栗東 吉田,452,-6,
202407020501,2024-08-24,中京,1,2歳未勝利,芝,1600,左,晴,良,"2回 中京 5日目 サラ系２歳 未勝利       [指] 馬齢 9頭 本賞金:550,220,140,83,55万円",9,550.0,3,8,8,スナークピカソ,牡,2,54.0,☆小沢,95.6,1.1/2,5,12.5,35.3,8-5-5,栗東 庄野,454,2,
202407020501,2024-08-24,中京,1,2歳未勝利,芝,1600,左,晴,良,"2回 中京 5日目 サラ系２歳 未勝利       [指] 馬齢 9頭 本賞金:550,220,140,83,55万円",9,550.0,4,8,9,ゴッドヴァレー,牡,2,55.0,岩田望,95.8,1.1/4,2,2.6,35.5,5-5-5,栗東 渡辺,456,4,
202407020501,2024-08-24,中京,1,2歳未勝利,芝,1600,左,晴,良,"2回 中京 5日目 サラ系２歳 未勝利       [指] 馬齢 9頭 本賞金:550,220,140,83,55万円",9,550.0,5,6,6,ヴィータレヴィス,牡,2,55.0,Ｍデム,95.9,クビ,6,15.9,35.8,3-3-3,栗東 池添,492,0,
202407020501,2024-08-24,中京,1,2歳未勝利,芝,1600,左,晴,良,"2回 中京 5日目 サラ系２歳 未勝利       [指] 馬齢 9頭 本賞金:550,220,140,83,55万円",9,550.0,6,1,1,ダブルシルバー,牡,2,55.0,鮫島駿,96.3,2.1/2,4,8.4,36.5,1-1-1,栗東 小椋,462,-4,
202407020501,2024-08-24,中京,1,2歳未勝利,芝,1600,左,晴,良,"2回 中京 5日目 サラ系２歳 未勝利       [指] 馬齢 9頭 本賞金:550,220,140,83,55万円",9,550.0,7,2,2,クイーンズグリーン,牝,2,55.0,城戸,96.7,2.1/2,9,315.3,36.2,9-8-8,栗東 奥村豊,454,2,
202407020501,2024-08-24,中京,1,2歳未勝利,芝,1600,左,晴,良,"2回 中京 5日目 サラ系２歳 未勝利       [指] 馬齢 9頭 本賞金:550,220,140,83,55万円",9,550.0,8,4,4,ラヴリーチェリー,牝,2,52.0,▲吉村,96.9,1.1/4,7,78.3,36.4,6-8-8,栗東 藤沢,384,-8,
202407020501,2024-08-24,中京,1,2歳未勝利,芝,1600,左,晴,良,"2回 中京 5日目 サラ系２歳 未勝利       [指] 馬齢 9頭 本賞金:550,220,140,83,55万円",9,550.0,9,3,3,コパノオーランド,牡,2,51.0,★河原田,97.1,1.1/2,8,116.5,37.3,2-2-2,栗東 村山,468,-8,
202407020502,2024-08-24,中京,2,3歳未勝利,ダ,1400,左,晴,良,"2回 中京 5日目 サラ系３歳 未勝利       牝[指] 馬齢 16頭 本賞金:550,220,140,83,55万円",16,550.0,1,7,14,クインズアトリア,牝,3,52.0,▲吉村,85.3,,1,2.1,37.3,1-1,栗東 吉岡,454,-2,
202407020502,2024-08-24,中京,2,3歳未勝利,ダ,1400,左,晴,良,"2回 中京 5日目 サラ系３歳 未勝利       牝[指] 馬齢 16頭 本賞金:550,220,140,83,55万円",16,550.0,2,8,16,アンナバローズ,牝,3,54.0,☆西塚,85.9,3.1/2,3,3.9,37.9,2-2,栗東 辻野,492,-4,
202407020502,2024-08-24,中京,2,3歳未勝利,ダ,1400,左,晴,良,"2回 中京 5日目 サラ系３歳 未勝利       牝[指] 馬齢 16頭 本賞金:550,220,140,83,55万円",16,550.0,3,1,2,プレジャー,牝,3,51.0,★河原田,85.9,クビ,4,15.1,36.6,11-10,栗東 飯田,482,-4,
202407020502,2024-08-24,中京,2,3歳未勝利,ダ,1400,左,晴,良,"2回 中京 5日目 サラ系３歳 未勝利       牝[指] 馬齢 16頭 本賞金:550,220,140,83,55万円",16,550.0,4,4,8,ルミナスボディ,牝,3,55.0,中井,85.9,クビ,5,19.0,37.5,4-5,栗東 坂口,460,6,
202407020502,2024-08-24,中京,2,3歳未勝利,ダ,1400,左,晴,良,"2回 中京 5日目 サラ系３歳 未勝利       牝[指] 馬齢 16頭 本賞金:550,220,140,83,55万円",16,550.0,5,2,4,ケンブリッジユウ,牝,3,55.0,鮫島良,85.9,ハナ,12,161.0,37.6,4-4,栗東 牧浦,492,6,
202407020502,2024-08-24,中京,2,3歳未勝利,ダ,1400,左,晴,良,"2回 中京 5日目 サラ系３歳 未勝利       牝[指] 馬齢 16頭 本賞金:550,220,140,83,55万円",16,550.0,6,5,10,アルピニスト,牝,3,55.0,団野,86.1,1,2,3.5,38.1,2-2,栗東 杉山佳,474,8,
202407020502,2024-08-24,中京,2,3歳未勝利,ダ,1400,左,晴,良,"2回 中京 5日目 サラ系３歳 未勝利       牝[指] 馬齢 16頭 本賞金:550,220,140,83,55万円",16,550.0,7,3,5,タガノグランエース,牝,3,55.0,菱田,87.7,10,6,24.6,39.0,8-8,栗東 鮫島,454,0,
202407020502,2024-08-24,中京,2,3歳未勝利,ダ,1400,左,晴,良,"2回 中京 5日目 サラ系３歳 未勝利       牝[指] 馬齢 16頭 本賞金:550,220,140,83,55万円",16,550.0,8,5,9,ヨシノアカツキ,牝,3,55.0,高倉,88.1,2,14,239.0,39.1,10-10,栗東 武英,428,0,
202407020502,2024-08-24,中京,2,3歳未勝利,ダ,1400,左,晴,良,"2回 中京 5日目 サラ系３歳 未勝利       牝[指] 馬齢 16頭 本賞金:550,220,140,83,55万円",16,550.0,9,7,13,チュウワギフト,牝,3,55.0,加藤,88.2,3/4,9,102.4,39.7,6-7,栗東 庄野,430,0,
202407020502,2024-08-24,中京,2,3歳未勝利,ダ,1400,左,晴,良,"2回 中京 5日目 サラ系３歳 未勝利       牝[指] 馬齢 16頭 本賞金:550,220,140,83,55万円",16,550.0,10,1,1,メイショウボヌール,牝,3,55.0,西村淳,88.3,1/2,7,29.2,39.7,7-6,栗東 中内田,438,-16,
202407020502,2024-08-24,中京,2,3歳未勝利,ダ,1400,左,晴,良,"2回 中京 5日目 サラ系３歳 未勝利       牝[指] 馬齢 16頭 本賞金:550,220,140,83,55万円",16,550.0,11,2,3,カシノフロイデ,牝,3,55.0,森裕,88.7,2.1/2,16,431.0,39.8,9-8,栗東 藤沢,432,25,
202407020502,2024-08-24,中京,2,3歳未勝利,ダ,1400,左,晴,良,"2回 中京 5日目 サラ系３歳 未勝利       牝[指] 馬齢 16頭 本賞金:550,220,140,83,55万円",16,550.0,12,4,7,セロリ,牝,3,55.0,太宰,90.2,9,8,47.6,40.9,11-12,栗東 高橋亮,454,-4,
202407020502,2024-08-24,中京,2,3歳未勝利,ダ,1400,左,晴,良,"2回 中京 5日目 サラ系３歳 未勝利       牝[指] 馬齢 16頭 本賞金:550,220,140,83,55万円",16,550.0,13,6,12,メメフェリーチェ,牝,3,52.0,▲橋木,90.6,2,15,394.7,41.1,14-13,栗東 渡辺,506,18,
202407020502,2024-08-24,中京,2,3歳未勝利,ダ,1400,左,晴,良,"2回 中京 5日目 サラ系３歳 未勝利       牝[指] 馬齢 16頭 本賞金:550,220,140,83,55万円",16,550.0,14,8,15,ハギノアネラ,牝,3,52.0,▲柴田裕,91.2,4,10,121.0,41.8,13-13,栗東 高野,460,-12,
202407020502,2024-08-24,中京,2,3歳未勝利,ダ,1400,左,晴,良,"2回 中京 5日目 サラ系３歳 未勝利       牝[指] 馬齢 16頭 本賞金:550,220,140,83,55万円",16,550.0,15,3,6,メイショウミソハギ,牝,3,55.0,酒井,95.6,大,13,194.0,44.7,15-15,栗東 藤沢,434,0,
202407020502,2024-08-24,中京,2,3歳未勝利,ダ,1400,左,晴,良,"2回 中京 5日目 サラ系３歳 未勝利       牝[指] 馬齢 16頭 本賞金:550,220,140,83,55万円",16,550.0,16,6,11,パステルパレット,牝,3,54.0,☆小沢,99.1,大,11,150.1,45.1,16-16,栗東 高橋一,410,0,
202407020503,2024-08-24,中京,3,3歳未勝利,ダ,1200,左,晴,良,"2回 中京 5日目 サラ系３歳 未勝利       [指] 馬齢 16頭 本賞金:550,220,140,83,55万円",16,550.0,1,3,6,エブリモーメント,牡,3,57.0,西村淳,71.8,,2,3.0,36.7,4-2,栗東 牧田,496,8,
202407020503,2024-08-24,中京,3,3歳未勝利,ダ,1200,左,晴,良,"2回 中京 5日目 サラ系３歳 未勝利       [指] 馬齢 16頭 本賞金:550,220,140,83,55万円",16,550.0,2,2,3,タイヘイノヨ,セ,3,56.0,☆小沢,72.6,5,4,8.9,37.9,1-1,栗東 庄野,514,-12,
202407020503,2024-08-24,中京,3,3歳未勝利,ダ,1200,左,晴,良,"2回 中京 5日目 サラ系３歳 未勝利       [指] 馬齢 16頭 本賞金:550,220,140,83,55万円",16,550.0,3,8,16,ウインオーブ,牡,3,57.0,幸,72.6,ハナ,1,2.9,37.7,2-2,栗東 宮本,442,-4,
202407020503,2024-08-24,中京,3,3歳未勝利,ダ,1200,左,晴,良,"2回 中京 5日目 サラ系３歳 未勝利       [指] 馬齢 16頭 本賞金:550,220,140,83,55万円",16,550.0,4,4,7,ミルトコルサ,牡,3,54.0,▲鷲頭,72.6,クビ,6,9.7,37.1,7-8,栗東 杉山佳,480,-5,
202407020503,2024-08-24,中京,3,3歳未勝利,ダ,1200,左,晴,良,"2回 中京 5日目 サラ系３歳 未勝利       [指] 馬齢 16頭 本賞金:550,220,140,83,55万円",16,550.0,5,5,9,ジュンフィレンツェ,牡,3,54.0,▲吉村,73.2,3.1/2,9,84.8,38.3,2-2,栗東 清水久,504,-4,
202407020503,2024-08-24,中京,3,3歳未勝利,ダ,1200,左,晴,良,"2回 中京 5日目 サラ系３歳 未勝利       [指] 馬齢 16頭 本賞金:550,220,140,83,55万円",16,550.0,6,5,10,ポートカルタヘナ,牝,3,54.0,☆西塚,73.4,1.1/4,3,6.5,38.3,4-5,栗東 畑端,480,4,
202407020503,2024-08-24,中京,3,3歳未勝利,ダ,1200,左,晴,良,"2回 中京 5日目 サラ系３歳 未勝利       [指] 馬齢 16頭 本賞金:550,220,140,83,55万円",16,550.0,7,2,4,プロトアステール,牝,3,55.0,岩田望,73.5,クビ,7,27.8,37.6,10-8,栗東 寺島,436,-6,
202407020503,2024-08-24,中京,3,3歳未勝利,ダ,1200,左,晴,良,"2回 中京 5日目 サラ系３歳 未勝利       [指] 馬齢 16頭 本賞金:550,220,140,83,55万円",16,550.0,8,1,1,シレンツィオ,牡,3,57.0,菱田,73.8,1.3/4,14,316.9,36.7,13-13,栗東 音無,418,0,
202407020503,2024-08-24,中京,3,3歳未勝利,ダ,1200,左,晴,良,"2回 中京 5日目 サラ系３歳 未勝利       [指] 馬齢 16頭 本賞金:550,220,140,83,55万円",16,550.0,9,1,2,ルミリオン,牡,3,53.0,★河原田,73.8,アタマ,11,161.9,38.3,7-6,栗東 坂口,454,6,
202407020503,2024-08-24,中京,3,3歳未勝利,ダ,1200,左,晴,良,"2回 中京 5日目 サラ系３歳 未勝利       [指] 馬齢 16頭 本賞金:550,220,140,83,55万円",16,550.0,10,6,12,メイショウマダケ,牡,3,57.0,加藤,73.8,アタマ,15,357.2,37.3,12-11,栗東 梅田,428,-10,
202407020503,2024-08-24,中京,3,3歳未勝利,ダ,1200,左,晴,良,"2回 中京 5日目 サラ系３歳 未勝利       [指] 馬齢 16頭 本賞金:550,220,140,83,55万円",16,550.0,11,7,14,ロードトワイライト,牡,3,54.0,▲柴田裕,74.1,2,8,46.6,37.0,13-13,栗東 牧浦,478,-12,
202407020503,2024-08-24,中京,3,3歳未勝利,ダ,1200,左,晴,良,"2回 中京 5日目 サラ系３歳 未勝利       [指] 馬齢 16頭 本賞金:550,220,140,83,55万円",16,550.0,12,7,13,メロディアスハード,牝,3,55.0,鮫島駿,74.7,3.1/2,5,8.9,39.4,6-6,栗東 杉山佳,444,-2,
202407020503,2024-08-24,中京,3,3歳未勝利,ダ,1200,左,晴,良,"2回 中京 5日目 サラ系３歳 未勝利       [指] 馬齢 16頭 本賞金:550,220,140,83,55万円",16,550.0,13,8,15,ヤマニンブライトン,牡,3,57.0,田中健,75.1,2.1/2,12,213.1,39.3,9-11,栗東 中村,490,0,
202407020503,2024-08-24,中京,3,3歳未勝利,ダ,1200,左,晴,良,"2回 中京 5日目 サラ系３歳 未勝利       [指] 馬齢 16頭 本賞金:550,220,140,83,55万円",16,550.0,14,3,5,メイショウナニクソ,牡,3,57.0,長岡,75.6,3,13,271.1,38.3,15-15,栗東 高橋亮,470,6,
202407020503,2024-08-24,中京,3,3歳未勝利,ダ,1200,左,晴,良,"2回 中京 5日目 サラ系３歳 未勝利       [指] 馬齢 16頭 本賞金:550,220,140,83,55万円",16,550.0,15,4,8,ランドシュール,牡,3,57.0,国分恭,75.9,1.3/4,10,110.7,40.0,10-10,栗東 安達,492,6,
202407020503,2024-08-24,中京,3,3歳未勝利,ダ,1200,左,晴,良,"2回 中京 5日目 サラ系３歳 未勝利       [指] 馬齢 16頭 本賞金:550,220,140,83,55万円",16,550.0,,6,11,クレスコウェイ,牡,3,57.0,中井,,,,,,,栗東 羽月,,,取消
202407020504,2024-08-24,中京,4,小倉SJ,障,3300,,晴,良,"2回 中京 5日目 障害３歳以上 オープン       (混) 別定 6頭 本賞金:2900,1200,730,440,290万円",6,2900.0,1,5,5,ロスコフ,牡,6,60.0,草野,213.5,,1,1.8,12.9,2-2-2-1,美浦 久保田,504,2,
202407020504,2024-08-24,中京,4,小倉SJ,障,3300,,晴,良,"2回 中京 5日目 障害３歳以上 オープン       (混) 別定 6頭 本賞金:2900,1200,730,440,290万円",6,2900.0,2,6,6,ニューツーリズム,セ,8,60.0,伴,214.3,5,4,7.6,13.0,1-1-1-2,美浦 黒岩,510,-8,
202407020504,2024-08-24,中京,4,小倉SJ,障,3300,,晴,良,"2回 中京 5日目 障害３歳以上 オープン       (混) 別定 6頭 本賞金:2900,1200,730,440,290万円",6,2900.0,3,4,4,メイショウハチク,セ,10,60.0,森一,220.4,大,5,46.9,13.4,5-5-5-5,栗東 安達,470,-12,
202407020504,2024-08-24,中京,4,小倉SJ,障,3300,,晴,良,"2回 中京 5日目 障害３歳以上 オープン       (混) 別定 6頭 本賞金:2900,1200,730,440,290万円",6,2900.0,4,1,1,ヴィジュネル,牡,6,60.0,中村,221.2,5,2,2.6,13.4,4-4-4-4,栗東 渡辺,482,-4,
202407020504,2024-08-24,中京,4,小倉SJ,障,3300,,晴,良,"2回 中京 5日目 障害３歳以上 オープン       (混) 別定 6頭 本賞金:2900,1200,730,440,290万円",6,2900.0,,3,3,トゥルボー,牡,8,60.0,石神深,,,3,5.4,,2-2-3-3,美浦 小笠,518,4,中止
202407020504,2024-08-24,中京,4,小倉SJ,障,3300,,晴,良,"2回 中京 5日目 障害３歳以上 オープン       (混) 別定 6頭 本賞金:2900,1200,730,440,290万円",6,2900.0,,2,2,ホッコーメヴィウス,セ,8,60.0,小牧加,,,,,,,栗東 清水久,,,取消
202407020505,2024-08-24,中京,5,2歳新馬,芝,1600,左,晴,良,"2回 中京 5日目 サラ系２歳 新馬       (混)[指] 馬齢 16頭 本賞金:720,290,180,110,72万円",16,720.0,1,5,9,ショウナンラフィネ,牝,2,55.0,鮫島駿,95.1,,10,60.4,34.5,1-1-1,栗東 高野,390,0,
202407020505,2024-08-24,中京,5,2歳新馬,芝,1600,左,晴,良,"2回 中京 5日目 サラ系２歳 新馬       (混)[指] 馬齢 16頭 本賞金:720,290,180,110,72万円",16,720.0,2,6,12,ランフォースマイル,牝,2,55.0,酒井,95.2,1/2,7,15.0,34.5,2-2-2,栗東 渡辺,440,0,
202407020505,2024-08-24,中京,5,2歳新馬,芝,1600,左,晴,良,"2回 中京 5日目 サラ系２歳 新馬       (混)[指] 馬齢 16頭 本賞金:720,290,180,110,72万円",16,720.0,3,1,1,ミュージアムマイル,牡,2,55.0,幸,95.5,1.3/4,4,5.4,34.1,15-12-10,栗東 高柳大,500,0,
202407020505,2024-08-24,中京,5,2歳新馬,芝,1600,左,晴,良,"2回 中京 5日目 サラ系２歳 新馬       (混)[指] 馬齢 16頭 本賞金:720,290,180,110,72万円",16,720.0,4,5,10,ロイヤルウィル,牝,2,52.0,▲橋木,95.7,1.1/4,15,178.9,34.9,4-3-3,栗東 村山,462,0,
202407020505,2024-08-24,中京,5,2歳新馬,芝,1600,左,晴,良,"2回 中京 5日目 サラ系２歳 新馬       (混)[指] 馬齢 16頭 本賞金:720,290,180,110,72万円",16,720.0,5,7,13,ワイドメテオール,牡,2,55.0,岩田望,96.1,2,6,13.7,35.1,4-5-4,栗東 福永,438,0,
202407020505,2024-08-24,中京,5,2歳新馬,芝,1600,左,晴,良,"2回 中京 5日目 サラ系２歳 新馬       (混)[指] 馬齢 16頭 本賞金:720,290,180,110,72万円",16,720.0,6,2,3,オーシンブーケ,牝,2,55.0,団野,96.1,クビ,13,104.1,34.8,8-6-8,美浦 斎藤誠,422,0,
202407020505,2024-08-24,中京,5,2歳新馬,芝,1600,左,晴,良,"2回 中京 5日目 サラ系２歳 新馬       (混)[指] 馬齢 16頭 本賞金:720,290,180,110,72万円",16,720.0,7,3,5,レイザリオ,牡,2,55.0,西村淳,96.3,1.1/2,1,4.4,34.8,10-9-10,栗東 橋口,468,0,
202407020505,2024-08-24,中京,5,2歳新馬,芝,1600,左,晴,良,"2回 中京 5日目 サラ系２歳 新馬       (混)[指] 馬齢 16頭 本賞金:720,290,180,110,72万円",16,720.0,8,2,4,ウォーターパラディ,牡,2,55.0,菱田,96.4,1/2,8,36.2,35.2,6-6-6,栗東 岡田,458,0,
202407020505,2024-08-24,中京,5,2歳新馬,芝,1600,左,晴,良,"2回 中京 5日目 サラ系２歳 新馬       (混)[指] 馬齢 16頭 本賞金:720,290,180,110,72万円",16,720.0,9,1,2,ロードシュヴァリエ,牡,2,52.0,▲吉村,96.7,1.1/2,9,44.9,35.5,6-6-6,栗東 森田,476,0,
202407020505,2024-08-24,中京,5,2歳新馬,芝,1600,左,晴,良,"2回 中京 5日目 サラ系２歳 新馬       (混)[指] 馬齢 16頭 本賞金:720,290,180,110,72万円",16,720.0,10,8,15,アルムチャーチル,牡,2,54.0,☆秋山稔,96.8,3/4,12,101.0,35.8,2-3-4,栗東 北出,464,0,
202407020505,2024-08-24,中京,5,2歳新馬,芝,1600,左,晴,良,"2回 中京 5日目 サラ系２歳 新馬       (混)[指] 馬齢 16頭 本賞金:720,290,180,110,72万円",16,720.0,11,8,16,ダノンカゼルタ,牡,2,54.0,☆西塚,97.0,1.1/4,2,4.5,35.6,8-9-10,栗東 寺島,470,0,
202407020505,2024-08-24,中京,5,2歳新馬,芝,1600,左,晴,良,"2回 中京 5日目 サラ系２歳 新馬       (混)[指] 馬齢 16頭 本賞金:720,290,180,110,72万円",16,720.0,12,3,6,シティオブロンドン,牡,2,55.0,和田竜,97.0,ハナ,5,6.2,35.3,13-14-13,栗東 吉村,514,0,
202407020505,2024-08-24,中京,5,2歳新馬,芝,1600,左,晴,良,"2回 中京 5日目 サラ系２歳 新馬       (混)[指] 馬齢 16頭 本賞金:720,290,180,110,72万円",16,720.0,13,4,8,カペルブリュッケ,牡,2,55.0,国分恭,98.1,7,11,61.9,36.4,10-12-13,栗東 浜田,446,0,
202407020505,2024-08-24,中京,5,2歳新馬,芝,1600,左,晴,良,"2回 中京 5日目 サラ系２歳 新馬       (混)[指] 馬齢 16頭 本賞金:720,290,180,110,72万円",16,720.0,14,7,14,ワンダーエバー,牡,2,54.0,☆角田和,98.7,3.1/2,16,265.7,36.9,12-14-15,栗東 河内,484,0,
202407020505,2024-08-24,中京,5,2歳新馬,芝,1600,左,晴,良,"2回 中京 5日目 サラ系２歳 新馬       (混)[指] 馬齢 16頭 本賞金:720,290,180,110,72万円",16,720.0,15,4,7,イージーゴーイング,牡,2,54.0,☆小沢,99.0,1.3/4,14,130.1,36.8,16-16-16,栗東 飯田,470,0,
202407020505,2024-08-24,中京,5,2歳新馬,芝,1600,左,晴,良,"2回 中京 5日目 サラ系２歳 新馬       (混)[指] 馬齢 16頭 本賞金:720,290,180,110,72万円",16,720.0,16,6,11,シュネーグロッケン,牡,2,55.0,Ｍデム,100.6,10,3,4.9,39.3,13-9-8,栗東 清水久,474,0,
202407020506,2024-08-24,中京,6,3歳未勝利,ダ,1800,左,晴,良,"2回 中京 5日目 サラ系３歳 未勝利       (混)[指] 馬齢 16頭 本賞金:550,220,140,83,55万円",16,550.0,1,5,9,ボックスオフィス,牡,3,57.0,和田竜,114.4,,13,172.6,38.7,12-12-2-2,栗東 吉村,510,6,
202407020506,2024-08-24,中京,6,3歳未勝利,ダ,1800,左,晴,良,"2回 中京 5日目 サラ系３歳 未勝利       (混)[指] 馬齢 16頭 本賞金:550,220,140,83,55万円",16,550.0,2,3,5,メイショウコナン,牡,3,56.0,☆小沢,114.9,3,4,6.9,38.7,12-12-10-8,栗東 荒川,514,0,
202407020506,2024-08-24,中京,6,3歳未勝利,ダ,1800,左,晴,良,"2回 中京 5日目 サラ系３歳 未勝利       (混)[指] 馬齢 16頭 本賞金:550,220,140,83,55万円",16,550.0,3,6,12,フェヴリエ,牡,3,57.0,鮫島駿,115.2,2,1,2.2,39.3,9-9-5-5,栗東 松永幹,570,-6,
202407020506,2024-08-24,中京,6,3歳未勝利,ダ,1800,左,晴,良,"2回 中京 5日目 サラ系３歳 未勝利       (混)[指] 馬齢 16頭 本賞金:550,220,140,83,55万円",16,550.0,4,7,13,メイショウヴァイゼ,牡,3,57.0,西村淳,115.3,3/4,3,5.6,39.7,2-2-2-1,栗東 安達,502,0,
202407020506,2024-08-24,中京,6,3歳未勝利,ダ,1800,左,晴,良,"2回 中京 5日目 サラ系３歳 未勝利       (混)[指] 馬齢 16頭 本賞金:550,220,140,83,55万円",16,550.0,5,4,7,メイショウエレジー,牝,3,54.0,☆角田和,115.4,1/2,5,26.6,38.4,14-14-15-13,栗東 角田,452,-4,
202407020506,2024-08-24,中京,6,3歳未勝利,ダ,1800,左,晴,良,"2回 中京 5日目 サラ系３歳 未勝利       (混)[指] 馬齢 16頭 本賞金:550,220,140,83,55万円",16,550.0,6,2,3,レッドモンストル,牡,3,56.0,☆西塚,115.6,3/4,6,27.0,38.8,15-15-14-11,栗東 辻野,474,-10,
202407020506,2024-08-24,中京,6,3歳未勝利,ダ,1800,左,晴,良,"2回 中京 5日目 サラ系３歳 未勝利       (混)[指] 馬齢 16頭 本賞金:550,220,140,83,55万円",16,550.0,7,4,8,シントーキズナ,牝,3,54.0,☆秋山稔,115.6,クビ,9,40.9,39.6,9-9-8-8,栗東 北出,514,10,
202407020506,2024-08-24,中京,6,3歳未勝利,ダ,1800,左,晴,良,"2回 中京 5日目 サラ系３歳 未勝利       (混)[指] 馬齢 16頭 本賞金:550,220,140,83,55万円",16,550.0,8,7,14,アルマーザアミール,牡,3,57.0,団野,115.7,3/4,2,3.8,40.0,3-2-2-4,栗東 斉藤崇,482,0,
202407020506,2024-08-24,中京,6,3歳未勝利,ダ,1800,左,晴,良,"2回 中京 5日目 サラ系３歳 未勝利       (混)[指] 馬齢 16頭 本賞金:550,220,140,83,55万円",16,550.0,9,5,10,メイケイノヴァ,牝,3,55.0,高倉,116.0,1.3/4,14,299.9,39.9,9-9-8-10,栗東 武英,414,4,
202407020506,2024-08-24,中京,6,3歳未勝利,ダ,1800,左,晴,良,"2回 中京 5日目 サラ系３歳 未勝利       (混)[指] 馬齢 16頭 本賞金:550,220,140,83,55万円",16,550.0,10,6,11,キタノレガーロ,牝,3,52.0,▲吉村,116.7,4,12,117.3,40.3,5-5-11-11,栗東 坂口,446,4,
202407020506,2024-08-24,中京,6,3歳未勝利,ダ,1800,左,晴,良,"2回 中京 5日目 サラ系３歳 未勝利       (混)[指] 馬齢 16頭 本賞金:550,220,140,83,55万円",16,550.0,11,1,2,ビップライアン,牡,3,57.0,川須,116.8,1/2,8,35.8,40.9,5-5-5-5,栗東 小椋,492,-2,
202407020506,2024-08-24,中京,6,3歳未勝利,ダ,1800,左,晴,良,"2回 中京 5日目 サラ系３歳 未勝利       (混)[指] 馬齢 16頭 本賞金:550,220,140,83,55万円",16,550.0,12,1,1,ビカムキング,牡,3,57.0,小崎,116.8,アタマ,7,27.1,41.2,1-1-1-2,栗東 藤原,482,-6,
202407020506,2024-08-24,中京,6,3歳未勝利,ダ,1800,左,晴,良,"2回 中京 5日目 サラ系３歳 未勝利       (混)[指] 馬齢 16頭 本賞金:550,220,140,83,55万円",16,550.0,13,8,16,アーガイルプレイド,牡,3,57.0,幸,119.0,大,11,104.3,42.4,5-5-13-15,栗東 杉山佳,498,11,
202407020506,2024-08-24,中京,6,3歳未勝利,ダ,1800,左,晴,良,"2回 中京 5日目 サラ系３歳 未勝利       (混)[指] 馬齢 16頭 本賞金:550,220,140,83,55万円",16,550.0,14,3,6,ルージュベラドンナ,牝,3,51.0,★河原田,120.5,9,10,61.3,44.6,5-5-5-5,栗東 平田,424,4,
202407020506,2024-08-24,中京,6,3歳未勝利,ダ,1800,左,晴,良,"2回 中京 5日目 サラ系３歳 未勝利       (混)[指] 馬齢 16頭 本賞金:550,220,140,83,55万円",16,550.0,15,8,15,メイショウコフデ,牝,3,55.0,中井,122.1,10,15,442.0,45.7,3-4-11-14,栗東 飯田,436,6,
202407020506,2024-08-24,中京,6,3歳未勝利,ダ,1800,左,晴,良,"2回 中京 5日目 サラ系３歳 未勝利       (混)[指] 馬齢 16頭 本賞金:550,220,140,83,55万円",16,550.0,,2,4,ユウトザルンルン,牡,3,57.0,森裕,,,16,506.6,,16-16,栗東 藤沢,522,8,中止
202407020507,2024-08-24,中京,7,3歳未勝利,芝,2000,左,晴,良,"2回 中京 5日目 サラ系３歳 未勝利       牝[指] 馬齢 18頭 本賞金:550,220,140,83,55万円",18,550.0,1,2,4,エコテーラー,牝,3,55.0,西村淳,119.6,,2,3.3,35.4,1-1-1-1,栗東 石橋,498,18,
202407020507,2024-08-24,中京,7,3歳未勝利,芝,2000,左,晴,良,"2回 中京 5日目 サラ系３歳 未勝利       牝[指] 馬齢 18頭 本賞金:550,220,140,83,55万円",18,550.0,2,7,15,ヘルツアス,牝,3,55.0,国分恭,119.9,2,5,14.8,35.4,2-2-3-3,栗東 森田,404,-4,
202407020507,2024-08-24,中京,7,3歳未勝利,芝,2000,左,晴,良,"2回 中京 5日目 サラ系３歳 未勝利       牝[指] 馬齢 18頭 本賞金:550,220,140,83,55万円",18,550.0,3,6,11,スズカミエール,牝,3,55.0,和田竜,120.0,1/2,3,3.6,34.9,8-8-9-8,栗東 吉村,466,4,
202407020507,2024-08-24,中京,7,3歳未勝利,芝,2000,左,晴,良,"2回 中京 5日目 サラ系３歳 未勝利       牝[指] 馬齢 18頭 本賞金:550,220,140,83,55万円",18,550.0,4,1,1,オクシタニア,牝,3,55.0,高倉,120.2,1.1/4,8,28.2,35.0,8-8-11-10,栗東 武英,414,2,
202407020507,2024-08-24,中京,7,3歳未勝利,芝,2000,左,晴,良,"2回 中京 5日目 サラ系３歳 未勝利       牝[指] 馬齢 18頭 本賞金:550,220,140,83,55万円",18,550.0,5,8,16,ルミエールドゥース,牝,3,55.0,川須,120.2,クビ,16,245.0,34.9,12-12-11-11,栗東 辻野,478,0,
202407020507,2024-08-24,中京,7,3歳未勝利,芝,2000,左,晴,良,"2回 中京 5日目 サラ系３歳 未勝利       牝[指] 馬齢 18頭 本賞金:550,220,140,83,55万円",18,550.0,6,6,12,パステルツェ,牝,3,52.0,▲吉村,120.4,1.1/4,10,75.3,35.8,4-4-4-4,栗東 清水久,448,2,
202407020507,2024-08-24,中京,7,3歳未勝利,芝,2000,左,晴,良,"2回 中京 5日目 サラ系３歳 未勝利       牝[指] 馬齢 18頭 本賞金:550,220,140,83,55万円",18,550.0,7,4,7,モルツシャン,牝,3,55.0,岩田望,120.7,1.1/2,9,71.4,35.9,5-7-6-5,栗東 四位,434,-12,
202407020507,2024-08-24,中京,7,3歳未勝利,芝,2000,左,晴,良,"2回 中京 5日目 サラ系３歳 未勝利       牝[指] 馬齢 18頭 本賞金:550,220,140,83,55万円",18,550.0,8,8,18,ドゥラエンヌ,牝,3,54.0,☆小沢,120.8,1/2,15,220.6,35.2,16-15-14-14,栗東 杉山晴,432,0,
202407020507,2024-08-24,中京,7,3歳未勝利,芝,2000,左,晴,良,"2回 中京 5日目 サラ系３歳 未勝利       牝[指] 馬齢 18頭 本賞金:550,220,140,83,55万円",18,550.0,9,1,2,ルージュクライト,牝,3,55.0,小崎,120.9,3/4,6,16.4,35.4,17-17-11-13,栗東 寺島,428,4,
202407020507,2024-08-24,中京,7,3歳未勝利,芝,2000,左,晴,良,"2回 中京 5日目 サラ系３歳 未勝利       牝[指] 馬齢 18頭 本賞金:550,220,140,83,55万円",18,550.0,10,5,9,タガノディオーサ,牝,3,54.0,☆角田和,121.1,1.1/2,7,22.1,36.3,11-11-4-5,栗東 長谷川,452,-4,
202407020507,2024-08-24,中京,7,3歳未勝利,芝,2000,左,晴,良,"2回 中京 5日目 サラ系３歳 未勝利       牝[指] 馬齢 18頭 本賞金:550,220,140,83,55万円",18,550.0,11,7,13,シークレットレーン,牝,3,55.0,鮫島駿,121.2,クビ,4,12.6,36.2,5-5-6-8,栗東 矢作,502,-4,
202407020507,2024-08-24,中京,7,3歳未勝利,芝,2000,左,晴,良,"2回 中京 5日目 サラ系３歳 未勝利       牝[指] 馬齢 18頭 本賞金:550,220,140,83,55万円",18,550.0,12,8,17,トラウムビルト,牝,3,52.0,▲柴田裕,121.2,ハナ,13,156.4,35.9,8-8-9-11,栗東 中尾,450,6,
202407020507,2024-08-24,中京,7,3歳未勝利,芝,2000,左,晴,良,"2回 中京 5日目 サラ系３歳 未勝利       牝[指] 馬齢 18頭 本賞金:550,220,140,83,55万円",18,550.0,13,7,14,バトゥーラ,牝,3,51.0,★河原田,121.2,ハナ,18,444.7,35.4,14-14-16-16,栗東 坂口,416,0,
202407020507,2024-08-24,中京,7,3歳未勝利,芝,2000,左,晴,良,"2回 中京 5日目 サラ系３歳 未勝利       牝[指] 馬齢 18頭 本賞金:550,220,140,83,55万円",18,550.0,14,3,5,セプテンバーソング,牝,3,55.0,幸,121.6,2.1/2,14,192.7,35.8,15-15-16-16,栗東 森田,378,-4,
202407020507,2024-08-24,中京,7,3歳未勝利,芝,2000,左,晴,良,"2回 中京 5日目 サラ系３歳 未勝利       牝[指] 馬齢 18頭 本賞金:550,220,140,83,55万円",18,550.0,15,4,8,ブーケドボワ,牝,3,55.0,国分優,121.7,3/4,11,139.5,37.4,2-2-2-2,栗東 坂口,470,0,
202407020507,2024-08-24,中京,7,3歳未勝利,芝,2000,左,晴,良,"2回 中京 5日目 サラ系３歳 未勝利       牝[指] 馬齢 18頭 本賞金:550,220,140,83,55万円",18,550.0,16,3,6,シルヴァリームーン,牝,3,55.0,菱田,121.7,クビ,1,3.0,36.9,5-5-6-5,栗東 渡辺,500,-12,
202407020507,2024-08-24,中京,7,3歳未勝利,芝,2000,左,晴,良,"2回 中京 5日目 サラ系３歳 未勝利       牝[指] 馬齢 18頭 本賞金:550,220,140,83,55万円",18,550.0,17,5,10,カノティエ,牝,3,52.0,▲鷲頭,122.0,1.3/4,17,403.0,36.4,13-12-14-14,栗東 小崎,410,0,
202407020507,2024-08-24,中京,7,3歳未勝利,芝,2000,左,晴,良,"2回 中京 5日目 サラ系３歳 未勝利       牝[指] 馬齢 18頭 本賞金:550,220,140,83,55万円",18,550.0,18,2,3,カムフラージュ,牝,3,55.0,亀田,122.7,4,12,149.4,36.5,18-18-18-18,栗東 村山,448,0,
202407020508,2024-08-24,中京,8,3歳以上1勝クラス,ダ,1800,左,晴,良,"2回 中京 5日目 サラ系３歳以上 １勝クラス       [指] 定量 13頭 本賞金:800,320,200,120,80万円",13,800.0,1,4,5,スリリングチェイス,牡,4,58.0,西村淳,113.7,,1,3.0,36.9,1-1-1-1,栗東 渡辺,510,0,
202407020508,2024-08-24,中京,8,3歳以上1勝クラス,ダ,1800,左,晴,良,"2回 中京 5日目 サラ系３歳以上 １勝クラス       [指] 定量 13頭 本賞金:800,320,200,120,80万円",13,800.0,2,6,9,モモンウールー,牝,3,50.0,▲吉村,113.8,1/2,2,3.9,37.0,3-3-2-3,栗東 池添,448,-10,
202407020508,2024-08-24,中京,8,3歳以上1勝クラス,ダ,1800,左,晴,良,"2回 中京 5日目 サラ系３歳以上 １勝クラス       [指] 定量 13頭 本賞金:800,320,200,120,80万円",13,800.0,3,2,2,エアフォースワン,牡,5,58.0,幸,114.4,3.1/2,3,5.6,37.1,13-13-8-7,栗東 大根田,472,-6,
202407020508,2024-08-24,中京,8,3歳以上1勝クラス,ダ,1800,左,晴,良,"2回 中京 5日目 サラ系３歳以上 １勝クラス       [指] 定量 13頭 本賞金:800,320,200,120,80万円",13,800.0,4,5,7,ワンパット,牡,3,55.0,太宰,114.5,3/4,7,13.7,36.9,10-11-11-10,栗東 高橋亮,474,2,
202407020508,2024-08-24,中京,8,3歳以上1勝クラス,ダ,1800,左,晴,良,"2回 中京 5日目 サラ系３歳以上 １勝クラス       [指] 定量 13頭 本賞金:800,320,200,120,80万円",13,800.0,5,6,8,ハッピーマインド,牡,3,55.0,鮫島駿,114.7,1.1/2,8,17.3,37.9,2-2-2-2,栗東 緒方,510,8,
202407020508,2024-08-24,中京,8,3歳以上1勝クラス,ダ,1800,左,晴,良,"2回 中京 5日目 サラ系３歳以上 １勝クラス       [指] 定量 13頭 本賞金:800,320,200,120,80万円",13,800.0,6,8,12,ピカレスクノベル,牡,3,54.0,☆小沢,114.8,1/2,9,22.3,37.7,12-11-5-5,栗東 高橋忠,512,4,
202407020508,2024-08-24,中京,8,3歳以上1勝クラス,ダ,1800,左,晴,良,"2回 中京 5日目 サラ系３歳以上 １勝クラス       [指] 定量 13頭 本賞金:800,320,200,120,80万円",13,800.0,7,7,10,グランドセントラル,牡,3,55.0,和田竜,115.1,1.3/4,4,9.5,38.2,6-6-2-4,栗東 北出,464,2,
202407020508,2024-08-24,中京,8,3歳以上1勝クラス,ダ,1800,左,晴,良,"2回 中京 5日目 サラ系３歳以上 １勝クラス       [指] 定量 13頭 本賞金:800,320,200,120,80万円",13,800.0,8,7,11,サイモンブーケ,牝,4,56.0,川須,115.3,1,11,102.0,38.0,7-8-8-7,栗東 梅田,524,2,
202407020508,2024-08-24,中京,8,3歳以上1勝クラス,ダ,1800,左,晴,良,"2回 中京 5日目 サラ系３歳以上 １勝クラス       [指] 定量 13頭 本賞金:800,320,200,120,80万円",13,800.0,9,3,3,カツラノキサノキ,牡,3,55.0,岩田望,115.6,2,6,12.1,38.0,8-6-11-10,栗東 庄野,486,0,
202407020508,2024-08-24,中京,8,3歳以上1勝クラス,ダ,1800,左,晴,良,"2回 中京 5日目 サラ系３歳以上 １勝クラス       [指] 定量 13頭 本賞金:800,320,200,120,80万円",13,800.0,10,1,1,タイセイミニスター,牡,3,51.0,★河原田,116.1,3,10,64.7,38.7,3-3-8-12,栗東 大橋,482,-2,
202407020508,2024-08-24,中京,8,3歳以上1勝クラス,ダ,1800,左,晴,良,"2回 中京 5日目 サラ系３歳以上 １勝クラス       [指] 定量 13頭 本賞金:800,320,200,120,80万円",13,800.0,11,4,4,メイショウベル,牝,3,50.0,▲橋木,116.2,1/2,12,285.0,38.4,10-10-13-12,栗東 西園正,474,-8,
202407020508,2024-08-24,中京,8,3歳以上1勝クラス,ダ,1800,左,晴,良,"2回 中京 5日目 サラ系３歳以上 １勝クラス       [指] 定量 13頭 本賞金:800,320,200,120,80万円",13,800.0,12,5,6,メイショウカシワデ,牡,3,54.0,☆角田和,116.4,1,5,9.9,39.3,5-3-5-7,栗東 角田,446,-2,
202407020508,2024-08-24,中京,8,3歳以上1勝クラス,ダ,1800,左,晴,良,"2回 中京 5日目 サラ系３歳以上 １勝クラス       [指] 定量 13頭 本賞金:800,320,200,120,80万円",13,800.0,13,8,13,ツヨポンフェイス,牝,3,50.0,▲鷲頭,117.1,4,13,302.2,40.0,8-8-5-5,栗東 清水久,420,-6,
202407020509,2024-08-24,中京,9,揖斐川特別,芝,2200,左,晴,良,"2回 中京 5日目 サラ系３歳以上 １勝クラス       (混)(特指) 定量 13頭 本賞金:1110,440,280,170,111万円",13,1110.0,1,5,6,ヤマニンステラータ,牡,3,55.0,Ｍデム,133.0,,3,5.3,33.9,11-11-11-9,栗東 松永幹,466,2,
202407020509,2024-08-24,中京,9,揖斐川特別,芝,2200,左,晴,良,"2回 中京 5日目 サラ系３歳以上 １勝クラス       (混)(特指) 定量 13頭 本賞金:1110,440,280,170,111万円",13,1110.0,2,2,2,サンセットビュー,牝,3,53.0,鮫島駿,133.1,1/2,1,2.1,34.6,4-4-3-2,栗東 新谷,452,4,
202407020509,2024-08-24,中京,9,揖斐川特別,芝,2200,左,晴,良,"2回 中京 5日目 サラ系３歳以上 １勝クラス       (混)(特指) 定量 13頭 本賞金:1110,440,280,170,111万円",13,1110.0,3,1,1,タガノデュード,牡,3,55.0,幸,133.3,1.1/4,4,5.5,35.0,1-1-1-1,栗東 宮,488,-2,
202407020509,2024-08-24,中京,9,揖斐川特別,芝,2200,左,晴,良,"2回 中京 5日目 サラ系３歳以上 １勝クラス       (混)(特指) 定量 13頭 本賞金:1110,440,280,170,111万円",13,1110.0,4,7,10,サクソンジェンヌ,牝,3,53.0,団野,133.5,1,5,9.3,34.7,5-5-4-6,栗東 高橋忠,448,-8,
202407020509,2024-08-24,中京,9,揖斐川特別,芝,2200,左,晴,良,"2回 中京 5日目 サラ系３歳以上 １勝クラス       (混)(特指) 定量 13頭 本賞金:1110,440,280,170,111万円",13,1110.0,5,6,8,ゼンノインヴォーク,牡,5,58.0,岩田望,133.7,1.1/2,2,5.3,34.8,7-7-7-7,栗東 四位,464,8,
202407020509,2024-08-24,中京,9,揖斐川特別,芝,2200,左,晴,良,"2回 中京 5日目 サラ系３歳以上 １勝クラス       (混)(特指) 定量 13頭 本賞金:1110,440,280,170,111万円",13,1110.0,6,5,7,ヴァンデスト,牝,5,56.0,菱田,134.0,1.3/4,9,89.0,34.6,10-10-10-11,栗東 藤沢,418,-2,
202407020509,2024-08-24,中京,9,揖斐川特別,芝,2200,左,晴,良,"2回 中京 5日目 サラ系３歳以上 １勝クラス       (混)(特指) 定量 13頭 本賞金:1110,440,280,170,111万円",13,1110.0,7,8,12,ヴェストリア,牝,3,53.0,西塚,134.1,クビ,8,70.1,35.5,5-5-4-4,栗東 友道,420,-4,
202407020509,2024-08-24,中京,9,揖斐川特別,芝,2200,左,晴,良,"2回 中京 5日目 サラ系３歳以上 １勝クラス       (混)(特指) 定量 13頭 本賞金:1110,440,280,170,111万円",13,1110.0,8,4,5,ワンモアビスケット,牝,3,53.0,秋山稔,134.1,ハナ,10,165.7,35.5,3-3-4-4,栗東 緒方,456,-4,
202407020509,2024-08-24,中京,9,揖斐川特別,芝,2200,左,晴,良,"2回 中京 5日目 サラ系３歳以上 １勝クラス       (混)(特指) 定量 13頭 本賞金:1110,440,280,170,111万円",13,1110.0,9,6,9,ラブカ,牡,3,55.0,小沢,134.1,クビ,7,58.7,34.9,9-9-9-9,栗東 今野,448,-2,
202407020509,2024-08-24,中京,9,揖斐川特別,芝,2200,左,晴,良,"2回 中京 5日目 サラ系３歳以上 １勝クラス       (混)(特指) 定量 13頭 本賞金:1110,440,280,170,111万円",13,1110.0,10,7,11,シセイダイキ,牡,3,55.0,高倉,134.3,1,12,501.3,35.3,7-7-7-7,栗東 北出,482,-14,
202407020509,2024-08-24,中京,9,揖斐川特別,芝,2200,左,晴,良,"2回 中京 5日目 サラ系３歳以上 １勝クラス       (混)(特指) 定量 13頭 本賞金:1110,440,280,170,111万円",13,1110.0,11,4,4,ブラックライズ,牡,3,55.0,吉村,135.8,9,11,281.0,37.3,2-2-2-2,栗東 清水久,454,-18,
202407020509,2024-08-24,中京,9,揖斐川特別,芝,2200,左,晴,良,"2回 中京 5日目 サラ系３歳以上 １勝クラス       (混)(特指) 定量 13頭 本賞金:1110,440,280,170,111万円",13,1110.0,,3,3,ジャスティンライズ,牡,3,55.0,西村淳,,,6,14.5,,12-12-12,栗東 吉岡,518,4,中止
202407020509,2024-08-24,中京,9,揖斐川特別,芝,2200,左,晴,良,"2回 中京 5日目 サラ系３歳以上 １勝クラス       (混)(特指) 定量 13頭 本賞金:1110,440,280,170,111万円",13,1110.0,,8,13,ディアマイサン,牡,4,58.0,和田竜,,,,,,,栗東 松下,,,取消
202407020510,2024-08-24,中京,10,清洲特別,ダ,1200,左,晴,良,"2回 中京 5日目 サラ系３歳以上 ２勝クラス       (混)[指] 定量 16頭 本賞金:1550,620,390,230,155万円",16,1550.0,1,1,1,ヒビキ,牡,4,58.0,岩田望,71.3,,3,7.7,35.9,10-8,栗東 辻野,494,-12,
202407020510,2024-08-24,中京,10,清洲特別,ダ,1200,左,晴,良,"2回 中京 5日目 サラ系３歳以上 ２勝クラス       (混)[指] 定量 16頭 本賞金:1550,620,390,230,155万円",16,1550.0,2,7,14,プレイテシア,牝,5,56.0,角田和,71.5,1.1/2,5,9.4,36.6,3-3,栗東 羽月,436,4,
202407020510,2024-08-24,中京,10,清洲特別,ダ,1200,左,晴,良,"2回 中京 5日目 サラ系３歳以上 ２勝クラス       (混)[指] 定量 16頭 本賞金:1550,620,390,230,155万円",16,1550.0,3,2,3,スペシャルナンバー,牡,5,58.0,西村淳,71.6,1,9,16.3,35.8,13-12,栗東 西村,488,2,
202407020510,2024-08-24,中京,10,清洲特別,ダ,1200,左,晴,良,"2回 中京 5日目 サラ系３歳以上 ２勝クラス       (混)[指] 定量 16頭 本賞金:1550,620,390,230,155万円",16,1550.0,4,3,5,ジョヴィアン,牡,4,58.0,鮫島駿,71.7,クビ,1,2.6,36.8,3-3,栗東 奥村豊,508,4,
202407020510,2024-08-24,中京,10,清洲特別,ダ,1200,左,晴,良,"2回 中京 5日目 サラ系３歳以上 ２勝クラス       (混)[指] 定量 16頭 本賞金:1550,620,390,230,155万円",16,1550.0,5,4,8,プレシオーソ,セ,7,58.0,菱田,71.9,1,8,13.9,36.9,5-3,栗東 岡田,474,-4,
202407020510,2024-08-24,中京,10,清洲特別,ダ,1200,左,晴,良,"2回 中京 5日目 サラ系３歳以上 ２勝クラス       (混)[指] 定量 16頭 本賞金:1550,620,390,230,155万円",16,1550.0,6,4,7,カゲマル,牡,4,58.0,和田竜,71.9,ハナ,7,13.8,36.8,6-6,栗東 西園正,502,-10,
202407020510,2024-08-24,中京,10,清洲特別,ダ,1200,左,晴,良,"2回 中京 5日目 サラ系３歳以上 ２勝クラス       (混)[指] 定量 16頭 本賞金:1550,620,390,230,155万円",16,1550.0,7,6,12,タイキエクセロン,牡,5,58.0,国分恭,71.9,クビ,6,11.8,36.4,11-11,栗東 西園翔,502,0,
202407020510,2024-08-24,中京,10,清洲特別,ダ,1200,左,晴,良,"2回 中京 5日目 サラ系３歳以上 ２勝クラス       (混)[指] 定量 16頭 本賞金:1550,620,390,230,155万円",16,1550.0,8,7,13,キュムロンニンバス,牡,6,58.0,長岡,72.0,クビ,11,83.7,35.9,15-15,美浦 南田,510,4,
202407020510,2024-08-24,中京,10,清洲特別,ダ,1200,左,晴,良,"2回 中京 5日目 サラ系３歳以上 ２勝クラス       (混)[指] 定量 16頭 本賞金:1550,620,390,230,155万円",16,1550.0,9,8,16,マリブパイン,牝,5,56.0,西塚,72.0,クビ,14,93.5,37.3,2-2,栗東 大根田,498,2,
202407020510,2024-08-24,中京,10,清洲特別,ダ,1200,左,晴,良,"2回 中京 5日目 サラ系３歳以上 ２勝クラス       (混)[指] 定量 16頭 本賞金:1550,620,390,230,155万円",16,1550.0,10,8,15,ヤマニンプレシオサ,牝,7,56.0,小沢,72.1,1/2,15,201.6,36.2,13-14,美浦 辻,474,0,
202407020510,2024-08-24,中京,10,清洲特別,ダ,1200,左,晴,良,"2回 中京 5日目 サラ系３歳以上 ２勝クラス       (混)[指] 定量 16頭 本賞金:1550,620,390,230,155万円",16,1550.0,11,1,2,ルヴェルジェ,牝,5,56.0,川須,72.2,クビ,13,91.4,37.1,6-6,栗東 小林,480,-2,
202407020510,2024-08-24,中京,10,清洲特別,ダ,1200,左,晴,良,"2回 中京 5日目 サラ系３歳以上 ２勝クラス       (混)[指] 定量 16頭 本賞金:1550,620,390,230,155万円",16,1550.0,12,6,11,ウインアウォード,牡,5,58.0,Ｍデム,72.6,2,10,25.4,37.3,8-8,栗東 西園翔,510,0,
202407020510,2024-08-24,中京,10,清洲特別,ダ,1200,左,晴,良,"2回 中京 5日目 サラ系３歳以上 ２勝クラス       (混)[指] 定量 16頭 本賞金:1550,620,390,230,155万円",16,1550.0,13,2,4,メイショウヒヅクリ,牝,5,56.0,酒井,72.8,1.1/4,12,90.6,37.5,8-10,栗東 角田,472,0,
202407020510,2024-08-24,中京,10,清洲特別,ダ,1200,左,晴,良,"2回 中京 5日目 サラ系３歳以上 ２勝クラス       (混)[指] 定量 16頭 本賞金:1550,620,390,230,155万円",16,1550.0,14,5,9,プレヴィスト,牝,3,54.0,団野,73.0,1.1/4,2,7.2,38.5,1-1,栗東 池添,448,-4,
202407020510,2024-08-24,中京,10,清洲特別,ダ,1200,左,晴,良,"2回 中京 5日目 サラ系３歳以上 ２勝クラス       (混)[指] 定量 16頭 本賞金:1550,620,390,230,155万円",16,1550.0,15,5,10,トールキン,牡,4,58.0,幸,73.0,アタマ,4,7.8,37.3,12-12,栗東 西園正,494,-2,
202407020510,2024-08-24,中京,10,清洲特別,ダ,1200,左,晴,良,"2回 中京 5日目 サラ系３歳以上 ２勝クラス       (混)[指] 定量 16頭 本賞金:1550,620,390,230,155万円",16,1550.0,,3,6,リッキーヤスオカ,牡,5,58.0,吉村,,,,,,,栗東 高橋一,498,0,除外
202407020511,2024-08-24,中京,11,瀬戸S,ダ,1900,左,晴,良,"2回 中京 5日目 サラ系３歳以上 ３勝クラス       (混)[指] ハンデ 15頭 本賞金:1840,740,460,280,184万円",15,1840.0,1,2,2,サンマルパトロール,牡,4,55.0,菱田,119.5,,1,4.1,37.8,11-11-10-6,栗東 大橋,484,4,
202407020511,2024-08-24,中京,11,瀬戸S,ダ,1900,左,晴,良,"2回 中京 5日目 サラ系３歳以上 ３勝クラス       (混)[指] ハンデ 15頭 本賞金:1840,740,460,280,184万円",15,1840.0,2,4,6,マテンロウガイ,牡,4,55.0,角田和,119.8,2,4,7.8,38.4,8-9-6-6,栗東 角田,504,4,
202407020511,2024-08-24,中京,11,瀬戸S,ダ,1900,左,晴,良,"2回 中京 5日目 サラ系３歳以上 ３勝クラス       (混)[指] ハンデ 15頭 本賞金:1840,740,460,280,184万円",15,1840.0,3,3,5,ビップスコーピオン,牡,4,56.0,Ｍデム,119.8,アタマ,10,21.4,38.0,12-12-12-9,美浦 田島,456,6,
202407020511,2024-08-24,中京,11,瀬戸S,ダ,1900,左,晴,良,"2回 中京 5日目 サラ系３歳以上 ３勝クラス       (混)[指] ハンデ 15頭 本賞金:1840,740,460,280,184万円",15,1840.0,4,2,3,フジマサインパクト,牡,6,54.0,西村淳,119.8,ハナ,13,58.1,37.1,15-15-15-14,美浦 菊川,422,-2,
202407020511,2024-08-24,中京,11,瀬戸S,ダ,1900,左,晴,良,"2回 中京 5日目 サラ系３歳以上 ３勝クラス       (混)[指] ハンデ 15頭 本賞金:1840,740,460,280,184万円",15,1840.0,5,5,9,フタイテンロック,牡,5,53.0,加藤,120.2,2.1/2,7,13.1,38.9,3-5-5-3,美浦 佐藤吉,480,0,
202407020511,2024-08-24,中京,11,瀬戸S,ダ,1900,左,晴,良,"2回 中京 5日目 サラ系３歳以上 ３勝クラス       (混)[指] ハンデ 15頭 本賞金:1840,740,460,280,184万円",15,1840.0,6,4,7,メイクザビート,牡,4,55.0,幸,120.2,ハナ,3,6.0,39.1,5-5-3-3,栗東 西園正,490,0,
202407020511,2024-08-24,中京,11,瀬戸S,ダ,1900,左,晴,良,"2回 中京 5日目 サラ系３歳以上 ３勝クラス       (混)[指] ハンデ 15頭 本賞金:1840,740,460,280,184万円",15,1840.0,7,7,13,クレメダンジュ,牝,4,54.0,和田竜,120.5,1.3/4,5,9.1,39.0,9-7-6-6,栗東 鈴木孝,458,-10,
202407020511,2024-08-24,中京,11,瀬戸S,ダ,1900,左,晴,良,"2回 中京 5日目 サラ系３歳以上 ３勝クラス       (混)[指] ハンデ 15頭 本賞金:1840,740,460,280,184万円",15,1840.0,8,8,15,ペイシャモノノフ,牡,4,55.0,酒井,120.6,アタマ,2,5.7,39.7,1-1-1-1,栗東 畑端,484,4,
202407020511,2024-08-24,中京,11,瀬戸S,ダ,1900,左,晴,良,"2回 中京 5日目 サラ系３歳以上 ３勝クラス       (混)[指] ハンデ 15頭 本賞金:1840,740,460,280,184万円",15,1840.0,9,8,14,ミアステラ,牡,5,52.0,西塚,120.8,1.1/2,12,44.5,39.8,2-2-2-2,栗東 大根田,506,12,
202407020511,2024-08-24,中京,11,瀬戸S,ダ,1900,左,晴,良,"2回 中京 5日目 サラ系３歳以上 ３勝クラス       (混)[指] ハンデ 15頭 本賞金:1840,740,460,280,184万円",15,1840.0,10,3,4,ゲンパチハマジ,牡,6,53.0,鮫島駿,121.0,3/4,9,16.2,38.9,13-13-13-12,栗東 佐々木,500,-16,
202407020511,2024-08-24,中京,11,瀬戸S,ダ,1900,左,晴,良,"2回 中京 5日目 サラ系３歳以上 ３勝クラス       (混)[指] ハンデ 15頭 本賞金:1840,740,460,280,184万円",15,1840.0,11,6,11,ダディーズウォリア,牡,4,54.0,岩田望,121.0,クビ,6,10.1,39.4,6-7-9-10,栗東 千田,466,6,
202407020511,2024-08-24,中京,11,瀬戸S,ダ,1900,左,晴,良,"2回 中京 5日目 サラ系３歳以上 ３勝クラス       (混)[指] ハンデ 15頭 本賞金:1840,740,460,280,184万円",15,1840.0,12,1,1,サンライズジャスト,牡,5,55.0,吉村,121.3,1.1/2,8,14.9,38.8,13-14-14-14,栗東 羽月,542,4,
202407020511,2024-08-24,中京,11,瀬戸S,ダ,1900,左,晴,良,"2回 中京 5日目 サラ系３歳以上 ３勝クラス       (混)[指] ハンデ 15頭 本賞金:1840,740,460,280,184万円",15,1840.0,13,5,8,ナリタフォルテ,牡,6,55.0,小沢,122.5,7,14,92.1,41.4,3-4-3-5,栗東 木原,590,2,
202407020511,2024-08-24,中京,11,瀬戸S,ダ,1900,左,晴,良,"2回 中京 5日目 サラ系３歳以上 ３勝クラス       (混)[指] ハンデ 15頭 本賞金:1840,740,460,280,184万円",15,1840.0,14,7,12,ビシャモンテン,牡,6,54.0,小崎,123.2,4,11,41.7,41.5,9-10-10-10,美浦 矢嶋,508,4,
202407020511,2024-08-24,中京,11,瀬戸S,ダ,1900,左,晴,良,"2回 中京 5日目 サラ系３歳以上 ３勝クラス       (混)[指] ハンデ 15頭 本賞金:1840,740,460,280,184万円",15,1840.0,15,6,10,ホウオウエクレール,牡,7,56.0,秋山稔,123.4,3/4,15,134.4,42.0,6-2-6-12,栗東 宮,496,-10,
202407020512,2024-08-24,中京,12,3歳以上1勝クラス,芝,1400,左,晴,良,"2回 中京 5日目 サラ系３歳以上 １勝クラス       牝[指] 定量 18頭 本賞金:800,320,200,120,80万円",18,800.0,1,7,14,ケーブパール,牝,3,53.0,小崎,79.9,,1,3.2,33.1,17-17,栗東 友道,436,6,
202407020512,2024-08-24,中京,12,3歳以上1勝クラス,芝,1400,左,晴,良,"2回 中京 5日目 サラ系３歳以上 １勝クラス       牝[指] 定量 18頭 本賞金:800,320,200,120,80万円",18,800.0,2,8,17,メイショウノブカ,牝,4,56.0,Ｍデム,80.1,1.1/4,4,11.0,33.5,14-15,栗東 本田,514,2,
202407020512,2024-08-24,中京,12,3歳以上1勝クラス,芝,1400,左,晴,良,"2回 中京 5日目 サラ系３歳以上 １勝クラス       牝[指] 定量 18頭 本賞金:800,320,200,120,80万円",18,800.0,3,1,2,ビーグラッド,牝,3,53.0,池添,80.2,3/4,5,12.0,34.6,3-3,栗東 岡田,442,0,
202407020512,2024-08-24,中京,12,3歳以上1勝クラス,芝,1400,左,晴,良,"2回 中京 5日目 サラ系３歳以上 １勝クラス       牝[指] 定量 18頭 本賞金:800,320,200,120,80万円",18,800.0,4,4,7,コト,牝,3,52.0,☆角田和,80.2,ハナ,9,16.5,34.4,5-6,栗東 野中,478,18,
202407020512,2024-08-24,中京,12,3歳以上1勝クラス,芝,1400,左,晴,良,"2回 中京 5日目 サラ系３歳以上 １勝クラス       牝[指] 定量 18頭 本賞金:800,320,200,120,80万円",18,800.0,5,7,15,ガットネロ,牝,4,56.0,岩田望,80.3,1/2,13,66.0,34.7,5-3,栗東 上村,482,0,
202407020512,2024-08-24,中京,12,3歳以上1勝クラス,芝,1400,左,晴,良,"2回 中京 5日目 サラ系３歳以上 １勝クラス       牝[指] 定量 18頭 本賞金:800,320,200,120,80万円",18,800.0,6,8,16,プウスカンドゥール,牝,4,56.0,国分優,80.7,2.1/2,14,79.0,34.1,14-15,栗東 坂口,452,8,
202407020512,2024-08-24,中京,12,3歳以上1勝クラス,芝,1400,左,晴,良,"2回 中京 5日目 サラ系３歳以上 １勝クラス       牝[指] 定量 18頭 本賞金:800,320,200,120,80万円",18,800.0,7,7,13,ルミッキ,牝,3,53.0,鮫島駿,80.7,ハナ,6,13.7,34.4,11-11,栗東 橋口,450,-10,
202407020512,2024-08-24,中京,12,3歳以上1勝クラス,芝,1400,左,晴,良,"2回 中京 5日目 サラ系３歳以上 １勝クラス       牝[指] 定量 18頭 本賞金:800,320,200,120,80万円",18,800.0,8,2,4,グローブアマランス,牝,3,53.0,和田竜,80.7,クビ,2,4.9,34.6,8-8,栗東 中尾,454,6,
202407020512,2024-08-24,中京,12,3歳以上1勝クラス,芝,1400,左,晴,良,"2回 中京 5日目 サラ系３歳以上 １勝クラス       牝[指] 定量 18頭 本賞金:800,320,200,120,80万円",18,800.0,9,4,8,ステラスプレンダー,牝,3,50.0,▲吉村,80.8,クビ,3,7.2,35.5,1-1,栗東 石坂,440,8,
202407020512,2024-08-24,中京,12,3歳以上1勝クラス,芝,1400,左,晴,良,"2回 中京 5日目 サラ系３歳以上 １勝クラス       牝[指] 定量 18頭 本賞金:800,320,200,120,80万円",18,800.0,10,3,6,ホウオウペトリュス,牝,3,53.0,酒井,81.2,2.1/2,12,62.3,34.9,11-11,栗東 須貝,454,14,
202407020512,2024-08-24,中京,12,3歳以上1勝クラス,芝,1400,左,晴,良,"2回 中京 5日目 サラ系３歳以上 １勝クラス       牝[指] 定量 18頭 本賞金:800,320,200,120,80万円",18,800.0,11,3,5,ドゥーカスコーリ,牝,3,52.0,☆小沢,81.3,1,11,53.8,35.5,5-6,栗東 石坂,452,10,
202407020512,2024-08-24,中京,12,3歳以上1勝クラス,芝,1400,左,晴,良,"2回 中京 5日目 サラ系３歳以上 １勝クラス       牝[指] 定量 18頭 本賞金:800,320,200,120,80万円",18,800.0,12,1,1,オールアイウォント,牝,4,53.0,▲柴田裕,81.4,3/4,16,110.0,35.4,8-8,栗東 森田,458,-8,
202407020512,2024-08-24,中京,12,3歳以上1勝クラス,芝,1400,左,晴,良,"2回 中京 5日目 サラ系３歳以上 １勝クラス       牝[指] 定量 18頭 本賞金:800,320,200,120,80万円",18,800.0,13,5,10,ストレイトアスク,牝,3,52.0,☆西塚,81.5,3/4,10,16.9,35.2,14-11,栗東 藤原,436,12,
202407020512,2024-08-24,中京,12,3歳以上1勝クラス,芝,1400,左,晴,良,"2回 中京 5日目 サラ系３歳以上 １勝クラス       牝[指] 定量 18頭 本賞金:800,320,200,120,80万円",18,800.0,14,6,11,サウンドレイラ,牝,4,56.0,団野,81.6,1/2,7,14.0,36.2,2-2,栗東 渡辺,474,0,
202407020512,2024-08-24,中京,12,3歳以上1勝クラス,芝,1400,左,晴,良,"2回 中京 5日目 サラ系３歳以上 １勝クラス       牝[指] 定量 18頭 本賞金:800,320,200,120,80万円",18,800.0,15,6,12,ジャマン,牝,5,56.0,幸,81.6,アタマ,17,208.8,36.0,3-3,栗東 高橋康,492,8,
202407020512,2024-08-24,中京,12,3歳以上1勝クラス,芝,1400,左,晴,良,"2回 中京 5日目 サラ系３歳以上 １勝クラス       牝[指] 定量 18頭 本賞金:800,320,200,120,80万円",18,800.0,16,5,9,コルルディ,牝,3,53.0,亀田,81.9,1.3/4,18,391.7,35.5,11-11,栗東 高柳大,450,4,
202407020512,2024-08-24,中京,12,3歳以上1勝クラス,芝,1400,左,晴,良,"2回 中京 5日目 サラ系３歳以上 １勝クラス       牝[指] 定量 18頭 本賞金:800,320,200,120,80万円",18,800.0,17,2,3,ランランガール,牝,3,53.0,菱田,82.2,1.3/4,15,98.4,34.9,18-18,栗東 寺島,422,4,
202407020512,2024-08-24,中京,12,3歳以上1勝クラス,芝,1400,左,晴,良,"2回 中京 5日目 サラ系３歳以上 １勝クラス       牝[指] 定量 18頭 本賞金:800,320,200,120,80万円",18,800.0,,8,18,アトロルーベンス,牝,3,53.0,西村淳,,,8,14.1,,8-8,栗東 高野,482,10,中止
202401020601,2024-08-25,札幌,1,2歳未勝利,芝,1500,右,晴,良,"2回 札幌 6日目 サラ系２歳 未勝利       牝[指] 馬齢 8頭 本賞金:550,220,140,83,55万円",8,550.0,1,3,3,ウォーターエアリー,牝,2,55.0,武豊,90.3,,1,1.7,34.3,4-4-2,栗東 高柳大,404,-10,
202401020601,2024-08-25,札幌,1,2歳未勝利,芝,1500,右,晴,良,"2回 札幌 6日目 サラ系２歳 未勝利       牝[指] 馬齢 8頭 本賞金:550,220,140,83,55万円",8,550.0,2,2,2,リンゲルブルーメ,牝,2,55.0,松山,90.5,1,5,23.6,34.8,2-2-2,栗東 池添,470,-14,
202401020601,2024-08-25,札幌,1,2歳未勝利,芝,1500,右,晴,良,"2回 札幌 6日目 サラ系２歳 未勝利       牝[指] 馬齢 8頭 本賞金:550,220,140,83,55万円",8,550.0,3,4,4,ルパヴィヨン,牝,2,55.0,大野,90.6,1/2,7,53.0,34.3,6-7-7,美浦 小手川,464,4,
202401020601,2024-08-25,札幌,1,2歳未勝利,芝,1500,右,晴,良,"2回 札幌 6日目 サラ系２歳 未勝利       牝[指] 馬齢 8頭 本賞金:550,220,140,83,55万円",8,550.0,4,6,6,レーヌマロン,牝,2,55.0,モレイ,90.6,アタマ,2,3.3,34.8,4-2-2,栗東 小栗,444,-2,
202401020601,2024-08-25,札幌,1,2歳未勝利,芝,1500,右,晴,良,"2回 札幌 6日目 サラ系２歳 未勝利       牝[指] 馬齢 8頭 本賞金:550,220,140,83,55万円",8,550.0,5,7,7,ゲレル,牝,2,55.0,浜中,90.6,アタマ,3,5.0,35.1,1-1-1,栗東 長谷川,436,2,
202401020601,2024-08-25,札幌,1,2歳未勝利,芝,1500,右,晴,良,"2回 札幌 6日目 サラ系２歳 未勝利       牝[指] 馬齢 8頭 本賞金:550,220,140,83,55万円",8,550.0,6,8,8,ルージュアマリア,牝,2,55.0,永野,90.9,2,4,12.5,34.9,6-4-5,美浦 黒岩,404,-6,
202401020601,2024-08-25,札幌,1,2歳未勝利,芝,1500,右,晴,良,"2回 札幌 6日目 サラ系２歳 未勝利       牝[指] 馬齢 8頭 本賞金:550,220,140,83,55万円",8,550.0,7,5,5,リュウゼツラン,牝,2,55.0,丹内,91.2,1.1/2,6,25.0,35.2,3-4-5,美浦 水野,454,4,
202401020601,2024-08-25,札幌,1,2歳未勝利,芝,1500,右,晴,良,"2回 札幌 6日目 サラ系２歳 未勝利       牝[指] 馬齢 8頭 本賞金:550,220,140,83,55万円",8,550.0,,1,1,ポップグルーヴ,牝,2,52.0,▲高杉,,,,,,,美浦 小手川,,,取消
202401020602,2024-08-25,札幌,2,3歳未勝利,ダ,1700,右,晴,良,"2回 札幌 6日目 サラ系３歳 未勝利       [指] 馬齢 14頭 本賞金:550,220,140,83,55万円",14,550.0,1,8,13,プラムダンディ,牡,3,57.0,ルメー,107.3,,2,3.7,37.4,7-7-6-4,美浦 尾形,450,2,
202401020602,2024-08-25,札幌,2,3歳未勝利,ダ,1700,右,晴,良,"2回 札幌 6日目 サラ系３歳 未勝利       [指] 馬齢 14頭 本賞金:550,220,140,83,55万円",14,550.0,2,3,3,アイファーキャップ,牡,3,57.0,川田,107.6,1.3/4,1,2.2,37.6,8-8-6-4,栗東 鮫島,462,6,
202401020602,2024-08-25,札幌,2,3歳未勝利,ダ,1700,右,晴,良,"2回 札幌 6日目 サラ系３歳 未勝利       [指] 馬齢 14頭 本賞金:550,220,140,83,55万円",14,550.0,3,3,4,サイドキック,牡,3,57.0,松山,107.7,1/2,6,13.7,38.0,4-5-5-2,栗東 西園翔,502,-2,
202401020602,2024-08-25,札幌,2,3歳未勝利,ダ,1700,右,晴,良,"2回 札幌 6日目 サラ系３歳 未勝利       [指] 馬齢 14頭 本賞金:550,220,140,83,55万円",14,550.0,4,4,6,リゼルージュセリエ,牡,3,54.0,▲川端,107.8,1,11,146.3,38.5,2-2-1-1,美浦 松山,494,-2,
202401020602,2024-08-25,札幌,2,3歳未勝利,ダ,1700,右,晴,良,"2回 札幌 6日目 サラ系３歳 未勝利       [指] 馬齢 14頭 本賞金:550,220,140,83,55万円",14,550.0,5,7,12,ナムラカメジロー,牡,3,55.0,△小林勝,108.0,1,8,30.3,38.4,4-3-3-2,栗東 杉山佳,494,-6,
202401020602,2024-08-25,札幌,2,3歳未勝利,ダ,1700,右,晴,良,"2回 札幌 6日目 サラ系３歳 未勝利       [指] 馬齢 14頭 本賞金:550,220,140,83,55万円",14,550.0,6,6,10,アドアプローズ,牡,3,57.0,大野,108.2,1.1/4,7,23.5,38.1,9-9-9-9,美浦 小手川,454,-4,
202401020602,2024-08-25,札幌,2,3歳未勝利,ダ,1700,右,晴,良,"2回 札幌 6日目 サラ系３歳 未勝利       [指] 馬齢 14頭 本賞金:550,220,140,83,55万円",14,550.0,7,1,1,オーヴァーマスター,牡,3,54.0,▲高杉,108.2,ハナ,4,9.4,38.1,6-5-9-7,栗東 石坂,456,4,
202401020602,2024-08-25,札幌,2,3歳未勝利,ダ,1700,右,晴,良,"2回 札幌 6日目 サラ系３歳 未勝利       [指] 馬齢 14頭 本賞金:550,220,140,83,55万円",14,550.0,8,6,9,テトラード,牡,3,57.0,レーン,108.5,2,3,6.2,38.4,11-11-9-6,栗東 坂口,464,2,
202401020602,2024-08-25,札幌,2,3歳未勝利,ダ,1700,右,晴,良,"2回 札幌 6日目 サラ系３歳 未勝利       [指] 馬齢 14頭 本賞金:550,220,140,83,55万円",14,550.0,9,2,2,ツクバアプローズ,牝,3,55.0,小林凌,109.8,8,10,102.9,39.5,9-11-12-10,美浦 和田雄,468,16,
202401020602,2024-08-25,札幌,2,3歳未勝利,ダ,1700,右,晴,良,"2回 札幌 6日目 サラ系３歳 未勝利       [指] 馬齢 14頭 本賞金:550,220,140,83,55万円",14,550.0,10,5,8,ロマンスヒコー,牡,3,57.0,吉村智,110.5,4,14,564.9,40.1,12-13-12-13,美浦 佐藤吉,444,0,
202401020602,2024-08-25,札幌,2,3歳未勝利,ダ,1700,右,晴,良,"2回 札幌 6日目 サラ系３歳 未勝利       [指] 馬齢 14頭 本賞金:550,220,140,83,55万円",14,550.0,11,4,5,テリオスソラ,牝,3,55.0,古川吉,110.7,1.1/4,12,235.9,41.3,1-1-2-7,栗東 松下,486,14,
202401020602,2024-08-25,札幌,2,3歳未勝利,ダ,1700,右,晴,良,"2回 札幌 6日目 サラ系３歳 未勝利       [指] 馬齢 14頭 本賞金:550,220,140,83,55万円",14,550.0,12,7,11,アウトセイル,牝,3,52.0,▲長浜,111.4,4,13,334.9,41.5,3-3-6-10,美浦 辻,462,-3,
202401020602,2024-08-25,札幌,2,3歳未勝利,ダ,1700,右,晴,良,"2回 札幌 6日目 サラ系３歳 未勝利       [指] 馬齢 14頭 本賞金:550,220,140,83,55万円",14,550.0,13,5,7,ラストスピリッツ,牡,3,57.0,横山和,113.4,大,9,80.7,43.9,12-9-3-10,栗東 緒方,506,8,
202401020602,2024-08-25,札幌,2,3歳未勝利,ダ,1700,右,晴,良,"2回 札幌 6日目 サラ系３歳 未勝利       [指] 馬齢 14頭 本賞金:550,220,140,83,55万円",14,550.0,,8,14,スマイルコレクター,牝,3,55.0,丹内,,,5,10.3,,,美浦 斎藤誠,446,-4,中止
202401020603,2024-08-25,札幌,3,3歳未勝利,ダ,1000,右,晴,良,"2回 札幌 6日目 サラ系３歳 未勝利       (混)[指] 馬齢 12頭 本賞金:550,220,140,83,55万円",12,550.0,1,6,8,サベージラヴ,牝,3,53.0,△小林勝,58.7,,12,67.5,35.3,1-1,美浦 伊藤圭,458,2,
202401020603,2024-08-25,札幌,3,3歳未勝利,ダ,1000,右,晴,良,"2回 札幌 6日目 サラ系３歳 未勝利       (混)[指] 馬齢 12頭 本賞金:550,220,140,83,55万円",12,550.0,2,5,6,スマートスコープ,牡,3,57.0,坂井,59.7,6,6,16.5,35.8,5-5,美浦 加藤征,506,2,
202401020603,2024-08-25,札幌,3,3歳未勝利,ダ,1000,右,晴,良,"2回 札幌 6日目 サラ系３歳 未勝利       (混)[指] 馬齢 12頭 本賞金:550,220,140,83,55万円",12,550.0,3,3,3,ハイケンス,牡,3,57.0,松山,59.8,1,9,20.0,35.4,6-6,栗東 今野,462,2,
202401020603,2024-08-25,札幌,3,3歳未勝利,ダ,1000,右,晴,良,"2回 札幌 6日目 サラ系３歳 未勝利       (混)[指] 馬齢 12頭 本賞金:550,220,140,83,55万円",12,550.0,4,1,1,ヴァンセゾニエ,牡,3,57.0,レーン,59.8,ハナ,2,4.3,36.2,3-3,美浦 武藤,482,4,
202401020603,2024-08-25,札幌,3,3歳未勝利,ダ,1000,右,晴,良,"2回 札幌 6日目 サラ系３歳 未勝利       (混)[指] 馬齢 12頭 本賞金:550,220,140,83,55万円",12,550.0,5,5,5,レーベンヘルツ,牡,3,57.0,モレイ,59.9,クビ,1,2.9,36.2,4-4,栗東 西園翔,456,6,
202401020603,2024-08-25,札幌,3,3歳未勝利,ダ,1000,右,晴,良,"2回 札幌 6日目 サラ系３歳 未勝利       (混)[指] 馬齢 12頭 本賞金:550,220,140,83,55万円",12,550.0,6,7,9,マオノボルケーノ,牝,3,52.0,▲長浜,59.9,クビ,11,37.0,35.0,10-8,美浦 辻,450,6,
202401020603,2024-08-25,札幌,3,3歳未勝利,ダ,1000,右,晴,良,"2回 札幌 6日目 サラ系３歳 未勝利       (混)[指] 馬齢 12頭 本賞金:550,220,140,83,55万円",12,550.0,7,4,4,チャルドーニ,牝,3,55.0,戸崎圭,60.1,1.1/4,10,21.7,35.5,7-7,美浦 林,462,-2,
202401020603,2024-08-25,札幌,3,3歳未勝利,ダ,1000,右,晴,良,"2回 札幌 6日目 サラ系３歳 未勝利       (混)[指] 馬齢 12頭 本賞金:550,220,140,83,55万円",12,550.0,8,8,12,メトゥス,牡,3,57.0,佐々木,60.6,3,5,15.2,36.1,7-9,美浦 堀内,450,-8,
202401020603,2024-08-25,札幌,3,3歳未勝利,ダ,1000,右,晴,良,"2回 札幌 6日目 サラ系３歳 未勝利       (混)[指] 馬齢 12頭 本賞金:550,220,140,83,55万円",12,550.0,9,6,7,ケイアイカペラ,牡,3,57.0,川田,60.7,1.1/4,3,6.1,35.8,10-11,栗東 新谷,500,2,
202401020603,2024-08-25,札幌,3,3歳未勝利,ダ,1000,右,晴,良,"2回 札幌 6日目 サラ系３歳 未勝利       (混)[指] 馬齢 12頭 本賞金:550,220,140,83,55万円",12,550.0,10,7,10,テキーラワルツ,牝,3,52.0,▲川端,60.8,1/2,4,7.4,36.0,9-10,栗東 大根田,440,6,
202401020603,2024-08-25,札幌,3,3歳未勝利,ダ,1000,右,晴,良,"2回 札幌 6日目 サラ系３歳 未勝利       (混)[指] 馬齢 12頭 本賞金:550,220,140,83,55万円",12,550.0,11,8,11,リオサラ,牝,3,51.0,★古川奈,61.0,3/4,8,18.8,35.9,12-12,美浦 的場,472,-10,
202401020603,2024-08-25,札幌,3,3歳未勝利,ダ,1000,右,晴,良,"2回 札幌 6日目 サラ系３歳 未勝利       (混)[指] 馬齢 12頭 本賞金:550,220,140,83,55万円",12,550.0,12,2,2,カーロアヴァンティ,牡,3,57.0,吉村智,61.4,2.1/2,7,16.5,38.0,2-2,栗東 中村,508,-4,
202401020604,2024-08-25,札幌,4,3歳未勝利,ダ,1700,右,晴,良,"2回 札幌 6日目 サラ系３歳 未勝利       牝[指] 馬齢 14頭 本賞金:550,220,140,83,55万円",14,550.0,1,4,6,ローマンレイク,牝,3,55.0,ホー,107.4,,5,16.9,37.3,7-6-6-3,栗東 松永幹,432,0,
202401020604,2024-08-25,札幌,4,3歳未勝利,ダ,1700,右,晴,良,"2回 札幌 6日目 サラ系３歳 未勝利       牝[指] 馬齢 14頭 本賞金:550,220,140,83,55万円",14,550.0,2,7,11,ユーヴェリア,牝,3,55.0,モレイ,107.9,3,2,3.4,38.1,6-6-2-1,栗東 宮本,450,0,
202401020604,2024-08-25,札幌,4,3歳未勝利,ダ,1700,右,晴,良,"2回 札幌 6日目 サラ系３歳 未勝利       牝[指] 馬齢 14頭 本賞金:550,220,140,83,55万円",14,550.0,3,8,14,ノーブルブランカ,牝,3,55.0,ルメー,108.0,1/2,1,2.6,37.4,11-10-11-7,栗東 牧浦,444,2,
202401020604,2024-08-25,札幌,4,3歳未勝利,ダ,1700,右,晴,良,"2回 札幌 6日目 サラ系３歳 未勝利       牝[指] 馬齢 14頭 本賞金:550,220,140,83,55万円",14,550.0,4,8,13,オテンバムスメ,牝,3,53.0,△小林勝,108.2,1.1/4,3,3.5,37.7,9-9-8-5,栗東 北出,454,12,
202401020604,2024-08-25,札幌,4,3歳未勝利,ダ,1700,右,晴,良,"2回 札幌 6日目 サラ系３歳 未勝利       牝[指] 馬齢 14頭 本賞金:550,220,140,83,55万円",14,550.0,5,1,1,アイリュール,牝,3,55.0,丹内,108.3,1/2,4,11.7,37.9,7-6-8-5,美浦 田中剛,456,0,
202401020604,2024-08-25,札幌,4,3歳未勝利,ダ,1700,右,晴,良,"2回 札幌 6日目 サラ系３歳 未勝利       牝[指] 馬齢 14頭 本賞金:550,220,140,83,55万円",14,550.0,6,7,12,メイショウコオロギ,牝,3,55.0,大野,108.3,1/2,6,28.7,38.5,3-3-1-2,美浦 和田勇,436,4,
202401020604,2024-08-25,札幌,4,3歳未勝利,ダ,1700,右,晴,良,"2回 札幌 6日目 サラ系３歳 未勝利       牝[指] 馬齢 14頭 本賞金:550,220,140,83,55万円",14,550.0,7,5,7,ウィスピースノー,牝,3,55.0,坂井,109.0,4,8,29.6,39.0,13-13-4-4,栗東 今野,450,10,
202401020604,2024-08-25,札幌,4,3歳未勝利,ダ,1700,右,晴,良,"2回 札幌 6日目 サラ系３歳 未勝利       牝[指] 馬齢 14頭 本賞金:550,220,140,83,55万円",14,550.0,8,6,9,ペッシュプラット,牝,3,55.0,小林凌,109.0,クビ,13,255.8,37.8,14-14-14-9,美浦 南田,418,0,
202401020604,2024-08-25,札幌,4,3歳未勝利,ダ,1700,右,晴,良,"2回 札幌 6日目 サラ系３歳 未勝利       牝[指] 馬齢 14頭 本賞金:550,220,140,83,55万円",14,550.0,9,3,3,ミスティッククイン,牝,3,55.0,吉村智,109.5,3,7,29.2,39.4,4-3-6-7,栗東 野中,490,2,
202401020604,2024-08-25,札幌,4,3歳未勝利,ダ,1700,右,晴,良,"2回 札幌 6日目 サラ系３歳 未勝利       牝[指] 馬齢 14頭 本賞金:550,220,140,83,55万円",14,550.0,10,6,10,メイショウムーヴ,牝,3,52.0,▲川端,109.8,2,12,210.0,38.7,10-10-12-11,栗東 荒川,460,10,
202401020604,2024-08-25,札幌,4,3歳未勝利,ダ,1700,右,晴,良,"2回 札幌 6日目 サラ系３歳 未勝利       牝[指] 馬齢 14頭 本賞金:550,220,140,83,55万円",14,550.0,11,2,2,ディクスミュード,牝,3,55.0,黛,111.5,10,14,343.1,40.5,11-10-12-11,美浦 武井,438,4,
202401020604,2024-08-25,札幌,4,3歳未勝利,ダ,1700,右,晴,良,"2回 札幌 6日目 サラ系３歳 未勝利       牝[指] 馬齢 14頭 本賞金:550,220,140,83,55万円",14,550.0,12,4,5,ヘルミーネ,牝,3,55.0,佐々木,111.8,2,9,46.7,41.8,2-2-4-11,美浦 和田郎,492,8,
202401020604,2024-08-25,札幌,4,3歳未勝利,ダ,1700,右,晴,良,"2回 札幌 6日目 サラ系３歳 未勝利       牝[指] 馬齢 14頭 本賞金:550,220,140,83,55万円",14,550.0,13,5,8,プエルタセクレタ,牝,3,55.0,ティー,112.4,3.1/2,11,166.8,42.0,4-5-8-14,栗東 野中,418,0,
202401020604,2024-08-25,札幌,4,3歳未勝利,ダ,1700,右,晴,良,"2回 札幌 6日目 サラ系３歳 未勝利       牝[指] 馬齢 14頭 本賞金:550,220,140,83,55万円",14,550.0,14,3,4,ウキヨノユメ,牝,3,55.0,古川吉,114.5,大,10,104.7,44.7,1-1-2-9,栗東 千田,460,8,
202401020605,2024-08-25,札幌,5,2歳新馬,芝,1800,右,晴,良,"2回 札幌 6日目 サラ系２歳 新馬       [指] 馬齢 12頭 本賞金:720,290,180,110,72万円",12,720.0,1,7,9,ミッキーマドンナ,牝,2,55.0,モレイ,110.3,,1,1.5,34.6,6-6-5-3,美浦 堀,450,0,
202401020605,2024-08-25,札幌,5,2歳新馬,芝,1800,右,晴,良,"2回 札幌 6日目 サラ系２歳 新馬       [指] 馬齢 12頭 本賞金:720,290,180,110,72万円",12,720.0,2,4,4,レッドシュテルン,牡,2,55.0,藤岡佑,110.3,アタマ,3,6.6,35.3,1-1-1-1,栗東 中内田,488,0,
202401020605,2024-08-25,札幌,5,2歳新馬,芝,1800,右,晴,良,"2回 札幌 6日目 サラ系２歳 新馬       [指] 馬齢 12頭 本賞金:720,290,180,110,72万円",12,720.0,3,7,10,ロードリベラシオン,牡,2,55.0,佐々木,110.7,2.1/2,8,63.9,35.6,3-3-2-2,美浦 尾形,482,0,
202401020605,2024-08-25,札幌,5,2歳新馬,芝,1800,右,晴,良,"2回 札幌 6日目 サラ系２歳 新馬       [指] 馬齢 12頭 本賞金:720,290,180,110,72万円",12,720.0,4,5,5,マテンロウアトラス,牡,2,55.0,横山典,111.3,3.1/2,5,19.2,35.7,4-3-4-3,栗東 昆,494,0,
202401020605,2024-08-25,札幌,5,2歳新馬,芝,1800,右,晴,良,"2回 札幌 6日目 サラ系２歳 新馬       [指] 馬齢 12頭 本賞金:720,290,180,110,72万円",12,720.0,5,3,3,ゴガツノアマノガワ,牡,2,55.0,永野,111.4,3/4,11,95.7,35.2,9-9-10-10,美浦 清水英,438,0,
202401020605,2024-08-25,札幌,5,2歳新馬,芝,1800,右,晴,良,"2回 札幌 6日目 サラ系２歳 新馬       [指] 馬齢 12頭 本賞金:720,290,180,110,72万円",12,720.0,6,2,2,ロートホルン,牝,2,55.0,ルメー,111.4,アタマ,2,5.5,35.5,7-7-7-5,美浦 加藤征,462,0,
202401020605,2024-08-25,札幌,5,2歳新馬,芝,1800,右,晴,良,"2回 札幌 6日目 サラ系２歳 新馬       [指] 馬齢 12頭 本賞金:720,290,180,110,72万円",12,720.0,7,6,8,リアライズハロック,牡,2,55.0,坂井,111.7,1.1/2,6,40.0,35.7,8-7-9-5,美浦 池上,472,0,
202401020605,2024-08-25,札幌,5,2歳新馬,芝,1800,右,晴,良,"2回 札幌 6日目 サラ系２歳 新馬       [指] 馬齢 12頭 本賞金:720,290,180,110,72万円",12,720.0,8,1,1,エルドジュリエーネ,牝,2,55.0,丹内,112.0,2,7,49.7,35.8,11-11-10-10,美浦 手塚,454,0,
202401020605,2024-08-25,札幌,5,2歳新馬,芝,1800,右,晴,良,"2回 札幌 6日目 サラ系２歳 新馬       [指] 馬齢 12頭 本賞金:720,290,180,110,72万円",12,720.0,9,5,6,ジーティーパリス,牡,2,55.0,松山,112.0,アタマ,9,72.6,36.2,10-10-5-5,美浦 千葉,502,0,
202401020605,2024-08-25,札幌,5,2歳新馬,芝,1800,右,晴,良,"2回 札幌 6日目 サラ系２歳 新馬       [指] 馬齢 12頭 本賞金:720,290,180,110,72万円",12,720.0,10,8,12,ファンタズマ,牡,2,55.0,川田,112.7,4,4,7.6,36.8,4-5-7-5,美浦 上原佑,446,0,
202401020605,2024-08-25,札幌,5,2歳新馬,芝,1800,右,晴,良,"2回 札幌 6日目 サラ系２歳 新馬       [指] 馬齢 12頭 本賞金:720,290,180,110,72万円",12,720.0,11,6,7,クレーブラット,牝,2,52.0,▲高杉,113.1,2.1/2,12,283.0,37.7,2-2-3-5,栗東 緒方,424,0,
202401020605,2024-08-25,札幌,5,2歳新馬,芝,1800,右,晴,良,"2回 札幌 6日目 サラ系２歳 新馬       [指] 馬齢 12頭 本賞金:720,290,180,110,72万円",12,720.0,12,8,11,ボナペティアスク,牝,2,55.0,戸崎圭,113.7,4,10,85.3,37.1,12-12-12-12,栗東 梅田,430,0,
202401020606,2024-08-25,札幌,6,3歳未勝利,芝,2000,右,晴,良,"2回 札幌 6日目 サラ系３歳 未勝利       [指] 馬齢 16頭 本賞金:550,220,140,83,55万円",16,550.0,1,3,5,レイピカケ,牝,3,55.0,モレイ,120.7,,2,3.2,35.2,10-11-14-11,栗東 野中,450,-2,
202401020606,2024-08-25,札幌,6,3歳未勝利,芝,2000,右,晴,良,"2回 札幌 6日目 サラ系３歳 未勝利       [指] 馬齢 16頭 本賞金:550,220,140,83,55万円",16,550.0,2,2,4,タルタロス,牡,3,57.0,レーン,120.9,1.1/4,3,4.5,35.6,7-7-9-5,美浦 森一,456,2,
202401020606,2024-08-25,札幌,6,3歳未勝利,芝,2000,右,晴,良,"2回 札幌 6日目 サラ系３歳 未勝利       [指] 馬齢 16頭 本賞金:550,220,140,83,55万円",16,550.0,3,1,2,ネロコルヴィーノ,牡,3,57.0,坂井,120.9,ハナ,4,6.6,35.8,3-4-6-5,栗東 辻野,524,6,
202401020606,2024-08-25,札幌,6,3歳未勝利,芝,2000,右,晴,良,"2回 札幌 6日目 サラ系３歳 未勝利       [指] 馬齢 16頭 本賞金:550,220,140,83,55万円",16,550.0,4,5,9,アラタマフェーヴル,牡,3,57.0,松山,121.1,3/4,5,32.1,36.2,2-2-2-3,栗東 浜田,490,-2,
202401020606,2024-08-25,札幌,6,3歳未勝利,芝,2000,右,晴,良,"2回 札幌 6日目 サラ系３歳 未勝利       [指] 馬齢 16頭 本賞金:550,220,140,83,55万円",16,550.0,5,8,15,パンドジェーヌ,牝,3,55.0,ルメー,121.4,2,1,2.3,36.5,5-5-2-2,美浦 大竹,454,4,
202401020606,2024-08-25,札幌,6,3歳未勝利,芝,2000,右,晴,良,"2回 札幌 6日目 サラ系３歳 未勝利       [指] 馬齢 16頭 本賞金:550,220,140,83,55万円",16,550.0,6,7,14,ゴールデンスロープ,牡,3,57.0,永野,121.5,3/4,8,58.8,36.4,7-9-6-8,美浦 小笠,444,10,
202401020606,2024-08-25,札幌,6,3歳未勝利,芝,2000,右,晴,良,"2回 札幌 6日目 サラ系３歳 未勝利       [指] 馬齢 16頭 本賞金:550,220,140,83,55万円",16,550.0,7,6,12,レドンホール,牝,3,55.0,ティー,121.6,クビ,12,153.4,36.2,10-12-9-11,栗東 斉藤崇,466,4,
202401020606,2024-08-25,札幌,6,3歳未勝利,芝,2000,右,晴,良,"2回 札幌 6日目 サラ系３歳 未勝利       [指] 馬齢 16頭 本賞金:550,220,140,83,55万円",16,550.0,8,7,13,ファーストメイト,牡,3,57.0,丹内,121.7,3/4,7,48.4,36.4,13-13-9-10,美浦 金成,482,6,
202401020606,2024-08-25,札幌,6,3歳未勝利,芝,2000,右,晴,良,"2回 札幌 6日目 サラ系３歳 未勝利       [指] 馬齢 16頭 本賞金:550,220,140,83,55万円",16,550.0,9,8,16,ソルセルリ,牝,3,55.0,大野,121.7,ハナ,15,300.1,36.7,10-9-5-3,栗東 小椋,408,-10,
202401020606,2024-08-25,札幌,6,3歳未勝利,芝,2000,右,晴,良,"2回 札幌 6日目 サラ系３歳 未勝利       [指] 馬齢 16頭 本賞金:550,220,140,83,55万円",16,550.0,10,5,10,シーグリント,牝,3,55.0,ホー,121.7,クビ,10,75.9,36.5,5-5-6-8,栗東 高橋一,408,8,
202401020606,2024-08-25,札幌,6,3歳未勝利,芝,2000,右,晴,良,"2回 札幌 6日目 サラ系３歳 未勝利       [指] 馬齢 16頭 本賞金:550,220,140,83,55万円",16,550.0,11,3,6,ベレンガリア,牝,3,53.0,△小林勝,121.9,1.1/4,6,44.1,36.4,15-13-14-11,栗東 平田,430,2,
202401020606,2024-08-25,札幌,6,3歳未勝利,芝,2000,右,晴,良,"2回 札幌 6日目 サラ系３歳 未勝利       [指] 馬齢 16頭 本賞金:550,220,140,83,55万円",16,550.0,12,6,11,インフルブルーム,牝,3,55.0,佐々木,121.9,クビ,9,70.7,37.0,3-3-2-5,栗東 河嶋,438,2,
202401020606,2024-08-25,札幌,6,3歳未勝利,芝,2000,右,晴,良,"2回 札幌 6日目 サラ系３歳 未勝利       [指] 馬齢 16頭 本賞金:550,220,140,83,55万円",16,550.0,13,4,8,シームレス,牝,3,52.0,▲川端,121.9,ハナ,11,107.5,37.2,1-1-1-1,栗東 小林,442,6,
202401020606,2024-08-25,札幌,6,3歳未勝利,芝,2000,右,晴,良,"2回 札幌 6日目 サラ系３歳 未勝利       [指] 馬齢 16頭 本賞金:550,220,140,83,55万円",16,550.0,14,4,7,ヴァイゼ,牝,3,55.0,吉村智,122.1,3/4,14,207.2,36.7,13-13-9-11,栗東 中村,418,-2,
202401020606,2024-08-25,札幌,6,3歳未勝利,芝,2000,右,晴,良,"2回 札幌 6日目 サラ系３歳 未勝利       [指] 馬齢 16頭 本賞金:550,220,140,83,55万円",16,550.0,15,2,3,ピークブルーム,牝,3,55.0,古川吉,123.0,5,13,176.1,37.7,7-7-9-15,美浦 蛯名正,462,10,
202401020606,2024-08-25,札幌,6,3歳未勝利,芝,2000,右,晴,良,"2回 札幌 6日目 サラ系３歳 未勝利       [指] 馬齢 16頭 本賞金:550,220,140,83,55万円",16,550.0,,1,1,モカラルビー,牝,3,55.0,藤岡佑,,,,,,,栗東 四位,412,8,除外
202401020607,2024-08-25,札幌,7,3歳以上1勝クラス,ダ,1000,右,晴,良,"2回 札幌 6日目 サラ系３歳以上 １勝クラス       (混)[指] 定量 12頭 本賞金:800,320,200,120,80万円",12,800.0,1,7,10,ペプチドシュチク,牡,3,56.0,富田,59.7,,2,4.8,35.5,4-4,栗東 武英,478,-10,
202401020607,2024-08-25,札幌,7,3歳以上1勝クラス,ダ,1000,右,晴,良,"2回 札幌 6日目 サラ系３歳以上 １勝クラス       (混)[指] 定量 12頭 本賞金:800,320,200,120,80万円",12,800.0,2,4,4,ホーリーブライト,牝,3,54.0,川又,59.9,1.1/4,6,16.7,35.5,6-5,美浦 竹内,456,14,
202401020607,2024-08-25,札幌,7,3歳以上1勝クラス,ダ,1000,右,晴,良,"2回 札幌 6日目 サラ系３歳以上 １勝クラス       (混)[指] 定量 12頭 本賞金:800,320,200,120,80万円",12,800.0,3,5,6,パレフォーコン,牡,5,56.0,△小林勝,60.1,1.1/2,7,30.9,35.4,8-8,栗東 鮫島,450,8,
202401020607,2024-08-25,札幌,7,3歳以上1勝クラス,ダ,1000,右,晴,良,"2回 札幌 6日目 サラ系３歳以上 １勝クラス       (混)[指] 定量 12頭 本賞金:800,320,200,120,80万円",12,800.0,4,1,1,テイエムタリスマ,牡,3,52.0,★古川奈,60.1,アタマ,3,5.1,36.4,1-1,栗東 木原,474,6,
202401020607,2024-08-25,札幌,7,3歳以上1勝クラス,ダ,1000,右,晴,良,"2回 札幌 6日目 サラ系３歳以上 １勝クラス       (混)[指] 定量 12頭 本賞金:800,320,200,120,80万円",12,800.0,5,7,9,モズイージス,牡,3,53.0,▲高杉,60.4,1.1/2,9,66.4,35.7,8-9,栗東 松下,458,4,
202401020607,2024-08-25,札幌,7,3歳以上1勝クラス,ダ,1000,右,晴,良,"2回 札幌 6日目 サラ系３歳以上 １勝クラス       (混)[指] 定量 12頭 本賞金:800,320,200,120,80万円",12,800.0,6,6,8,シンゼンシャイン,牡,6,58.0,古川吉,60.5,3/4,8,33.7,36.5,3-2,栗東 飯田,512,0,
202401020607,2024-08-25,札幌,7,3歳以上1勝クラス,ダ,1000,右,晴,良,"2回 札幌 6日目 サラ系３歳以上 １勝クラス       (混)[指] 定量 12頭 本賞金:800,320,200,120,80万円",12,800.0,7,8,11,シエラメンテ,牝,5,56.0,佐々木,60.5,ハナ,4,5.5,36.2,5-5,美浦 堀内,496,2,
202401020607,2024-08-25,札幌,7,3歳以上1勝クラス,ダ,1000,右,晴,良,"2回 札幌 6日目 サラ系３歳以上 １勝クラス       (混)[指] 定量 12頭 本賞金:800,320,200,120,80万円",12,800.0,8,5,5,フォートボヤール,牡,3,56.0,ルメー,60.7,1.1/4,1,2.2,36.1,7-5,美浦 辻,494,2,
202401020607,2024-08-25,札幌,7,3歳以上1勝クラス,ダ,1000,右,晴,良,"2回 札幌 6日目 サラ系３歳以上 １勝クラス       (混)[指] 定量 12頭 本賞金:800,320,200,120,80万円",12,800.0,9,3,3,バッファローライズ,牡,3,56.0,永野,60.8,1,5,13.4,37.0,2-2,美浦 伊藤圭,506,-6,
202401020607,2024-08-25,札幌,7,3歳以上1勝クラス,ダ,1000,右,晴,良,"2回 札幌 6日目 サラ系３歳以上 １勝クラス       (混)[指] 定量 12頭 本賞金:800,320,200,120,80万円",12,800.0,10,6,7,ラブリエスト,牝,3,51.0,▲川端,61.5,4,10,77.9,35.9,12-11,美浦 土田,494,6,
202401020607,2024-08-25,札幌,7,3歳以上1勝クラス,ダ,1000,右,晴,良,"2回 札幌 6日目 サラ系３歳以上 １勝クラス       (混)[指] 定量 12頭 本賞金:800,320,200,120,80万円",12,800.0,11,2,2,アルテミーナ,牝,3,54.0,吉村智,61.6,クビ,12,449.8,36.6,10-10,栗東 村山,490,-14,
202401020607,2024-08-25,札幌,7,3歳以上1勝クラス,ダ,1000,右,晴,良,"2回 札幌 6日目 サラ系３歳以上 １勝クラス       (混)[指] 定量 12頭 本賞金:800,320,200,120,80万円",12,800.0,12,8,12,ヒナノマーチス,牡,3,56.0,サンチ,63.0,9,11,308.3,37.8,11-11,美浦 本間,442,2,
202401020608,2024-08-25,札幌,8,3歳以上1勝クラス,芝,1500,右,晴,良,"2回 札幌 6日目 サラ系３歳以上 １勝クラス       (混)[指] 定量 14頭 本賞金:800,320,200,120,80万円",14,800.0,1,7,12,チュウワダンス,牝,5,56.0,荻野琢,88.0,,3,4.8,34.5,14-13-13,栗東 大久保,470,-2,
202401020608,2024-08-25,札幌,8,3歳以上1勝クラス,芝,1500,右,晴,良,"2回 札幌 6日目 サラ系３歳以上 １勝クラス       (混)[指] 定量 14頭 本賞金:800,320,200,120,80万円",14,800.0,2,7,11,トラペジスト,牡,3,55.0,戸崎圭,88.4,2.1/2,7,16.6,35.2,9-9-8,栗東 音無,522,-2,
202401020608,2024-08-25,札幌,8,3歳以上1勝クラス,芝,1500,右,晴,良,"2回 札幌 6日目 サラ系３歳以上 １勝クラス       (混)[指] 定量 14頭 本賞金:800,320,200,120,80万円",14,800.0,3,2,2,レーヴジーニアル,牡,3,55.0,横山典,88.4,アタマ,2,3.9,36.2,1-1-1,栗東 松永幹,490,18,
202401020608,2024-08-25,札幌,8,3歳以上1勝クラス,芝,1500,右,晴,良,"2回 札幌 6日目 サラ系３歳以上 １勝クラス       (混)[指] 定量 14頭 本賞金:800,320,200,120,80万円",14,800.0,4,6,9,ローリーグローリー,牝,3,53.0,武豊,88.5,1/2,5,9.6,35.0,12-13-10,美浦 蛯名正,454,-2,
202401020608,2024-08-25,札幌,8,3歳以上1勝クラス,芝,1500,右,晴,良,"2回 札幌 6日目 サラ系３歳以上 １勝クラス       (混)[指] 定量 14頭 本賞金:800,320,200,120,80万円",14,800.0,5,5,8,リゴレット,牝,5,53.0,▲長浜,88.6,3/4,4,9.5,36.0,5-5-5,栗東 羽月,454,0,
202401020608,2024-08-25,札幌,8,3歳以上1勝クラス,芝,1500,右,晴,良,"2回 札幌 6日目 サラ系３歳以上 １勝クラス       (混)[指] 定量 14頭 本賞金:800,320,200,120,80万円",14,800.0,6,4,5,ヴァイタルピース,セ,3,52.0,▲高杉,88.6,ハナ,12,86.5,35.3,11-12-13,栗東 鈴木孝,462,10,
202401020608,2024-08-25,札幌,8,3歳以上1勝クラス,芝,1500,右,晴,良,"2回 札幌 6日目 サラ系３歳以上 １勝クラス       (混)[指] 定量 14頭 本賞金:800,320,200,120,80万円",14,800.0,7,3,4,ダークファンタジー,牝,3,53.0,サンチ,88.7,アタマ,14,110.1,35.9,9-7-5,栗東 須貝,412,2,
202401020608,2024-08-25,札幌,8,3歳以上1勝クラス,芝,1500,右,晴,良,"2回 札幌 6日目 サラ系３歳以上 １勝クラス       (混)[指] 定量 14頭 本賞金:800,320,200,120,80万円",14,800.0,8,3,3,マイレーヌ,牝,4,54.0,△小林勝,88.8,1/2,11,44.7,36.4,2-3-3,美浦 斎藤誠,510,10,
202401020608,2024-08-25,札幌,8,3歳以上1勝クラス,芝,1500,右,晴,良,"2回 札幌 6日目 サラ系３歳以上 １勝クラス       (混)[指] 定量 14頭 本賞金:800,320,200,120,80万円",14,800.0,9,5,7,ポマール,牝,3,53.0,吉村智,89.0,1.1/2,10,33.3,35.8,12-9-10,栗東 小栗,452,0,
202401020608,2024-08-25,札幌,8,3歳以上1勝クラス,芝,1500,右,晴,良,"2回 札幌 6日目 サラ系３歳以上 １勝クラス       (混)[指] 定量 14頭 本賞金:800,320,200,120,80万円",14,800.0,10,4,6,マルカシャルマン,牝,4,56.0,坂井,89.0,ハナ,6,14.5,36.2,5-7-8,栗東 浜田,438,-4,
202401020608,2024-08-25,札幌,8,3歳以上1勝クラス,芝,1500,右,晴,良,"2回 札幌 6日目 サラ系３歳以上 １勝クラス       (混)[指] 定量 14頭 本賞金:800,320,200,120,80万円",14,800.0,11,1,1,ブルーペクトライト,牝,4,56.0,ホー,89.1,1,8,25.6,36.0,5-9-10,栗東 池添,470,-6,
202401020608,2024-08-25,札幌,8,3歳以上1勝クラス,芝,1500,右,晴,良,"2回 札幌 6日目 サラ系３歳以上 １勝クラス       (混)[指] 定量 14頭 本賞金:800,320,200,120,80万円",14,800.0,12,8,13,シャイニースイフト,牡,4,58.0,丹内,89.2,1/2,9,27.6,36.5,2-5-5,美浦 菊川,436,4,
202401020608,2024-08-25,札幌,8,3歳以上1勝クラス,芝,1500,右,晴,良,"2回 札幌 6日目 サラ系３歳以上 １勝クラス       (混)[指] 定量 14頭 本賞金:800,320,200,120,80万円",14,800.0,13,8,14,シタン,牝,5,53.0,▲川端,89.3,クビ,13,89.9,37.0,2-2-2,栗東 吉岡,440,-6,
202401020608,2024-08-25,札幌,8,3歳以上1勝クラス,芝,1500,右,晴,良,"2回 札幌 6日目 サラ系３歳以上 １勝クラス       (混)[指] 定量 14頭 本賞金:800,320,200,120,80万円",14,800.0,14,6,10,ショウナンラウール,牝,3,53.0,佐々木,89.7,2,1,3.3,37.2,5-3-3,栗東 高橋忠,418,-4,
202401020609,2024-08-25,札幌,9,小樽特別,芝,1200,右,晴,良,"2回 札幌 6日目 サラ系３歳以上 １勝クラス       牝[指] 定量 15頭 本賞金:1110,440,280,170,111万円",15,1110.0,1,7,13,フィオライア,牝,3,54.0,坂井,68.2,,1,2.3,34.4,2-2,栗東 西園正,464,6,
202401020609,2024-08-25,札幌,9,小樽特別,芝,1200,右,晴,良,"2回 札幌 6日目 サラ系３歳以上 １勝クラス       牝[指] 定量 15頭 本賞金:1110,440,280,170,111万円",15,1110.0,2,4,6,ベアゴーゴー,牝,3,54.0,大野,68.2,クビ,3,4.5,34.0,3-3,美浦 杉浦,492,0,
202401020609,2024-08-25,札幌,9,小樽特別,芝,1200,右,晴,良,"2回 札幌 6日目 サラ系３歳以上 １勝クラス       牝[指] 定量 15頭 本賞金:1110,440,280,170,111万円",15,1110.0,3,2,2,スプリングデイ,牝,3,54.0,松山,68.8,3.1/2,5,18.4,34.4,6-7,美浦 伊藤大,440,6,
202401020609,2024-08-25,札幌,9,小樽特別,芝,1200,右,晴,良,"2回 札幌 6日目 サラ系３歳以上 １勝クラス       牝[指] 定量 15頭 本賞金:1110,440,280,170,111万円",15,1110.0,4,5,9,タガノミア,牝,5,56.0,富田,68.9,クビ,4,11.3,34.0,12-11,栗東 河内,462,0,
202401020609,2024-08-25,札幌,9,小樽特別,芝,1200,右,晴,良,"2回 札幌 6日目 サラ系３歳以上 １勝クラス       牝[指] 定量 15頭 本賞金:1110,440,280,170,111万円",15,1110.0,5,2,3,ラリベラ,牝,5,56.0,ホー,68.9,ハナ,6,19.3,35.5,1-1,栗東 藤野,470,4,
202401020609,2024-08-25,札幌,9,小樽特別,芝,1200,右,晴,良,"2回 札幌 6日目 サラ系３歳以上 １勝クラス       牝[指] 定量 15頭 本賞金:1110,440,280,170,111万円",15,1110.0,6,7,12,マテンロウアネモス,牝,4,56.0,佐々木,69.0,クビ,9,33.8,34.7,5-5,美浦 久保田,436,2,
202401020609,2024-08-25,札幌,9,小樽特別,芝,1200,右,晴,良,"2回 札幌 6日目 サラ系３歳以上 １勝クラス       牝[指] 定量 15頭 本賞金:1110,440,280,170,111万円",15,1110.0,7,3,5,ナムラシベラ,牝,6,56.0,丹内,69.0,クビ,13,85.9,34.4,8-7,栗東 藤沢,444,-4,
202401020609,2024-08-25,札幌,9,小樽特別,芝,1200,右,晴,良,"2回 札幌 6日目 サラ系３歳以上 １勝クラス       牝[指] 定量 15頭 本賞金:1110,440,280,170,111万円",15,1110.0,8,6,10,ルージュレベッカ,牝,3,54.0,古川吉,69.1,クビ,10,50.5,34.4,10-7,栗東 昆,452,-8,
202401020609,2024-08-25,札幌,9,小樽特別,芝,1200,右,晴,良,"2回 札幌 6日目 サラ系３歳以上 １勝クラス       牝[指] 定量 15頭 本賞金:1110,440,280,170,111万円",15,1110.0,9,1,1,ランスオブサウンド,牝,4,56.0,藤岡佑,69.1,クビ,2,3.9,34.3,11-11,栗東 奥村豊,460,-2,
202401020609,2024-08-25,札幌,9,小樽特別,芝,1200,右,晴,良,"2回 札幌 6日目 サラ系３歳以上 １勝クラス       牝[指] 定量 15頭 本賞金:1110,440,280,170,111万円",15,1110.0,10,4,7,メイプルリーフラグ,牝,4,56.0,永野,69.2,クビ,14,217.9,34.6,8-7,美浦 的場,438,2,
202401020609,2024-08-25,札幌,9,小樽特別,芝,1200,右,晴,良,"2回 札幌 6日目 サラ系３歳以上 １勝クラス       牝[指] 定量 15頭 本賞金:1110,440,280,170,111万円",15,1110.0,11,8,15,レターマイハート,牝,4,56.0,武豊,69.4,1.1/4,7,32.4,35.0,6-5,美浦 萩原,472,2,
202401020609,2024-08-25,札幌,9,小樽特別,芝,1200,右,晴,良,"2回 札幌 6日目 サラ系３歳以上 １勝クラス       牝[指] 定量 15頭 本賞金:1110,440,280,170,111万円",15,1110.0,12,8,14,ソアラ,牝,4,56.0,横山典,69.4,アタマ,12,83.7,33.8,15-15,栗東 高橋康,480,2,
202401020609,2024-08-25,札幌,9,小樽特別,芝,1200,右,晴,良,"2回 札幌 6日目 サラ系３歳以上 １勝クラス       牝[指] 定量 15頭 本賞金:1110,440,280,170,111万円",15,1110.0,13,6,11,スピニングマーリン,牝,4,56.0,小林勝,69.4,アタマ,8,33.4,34.5,12-13,美浦 西田,486,8,
202401020609,2024-08-25,札幌,9,小樽特別,芝,1200,右,晴,良,"2回 札幌 6日目 サラ系３歳以上 １勝クラス       牝[指] 定量 15頭 本賞金:1110,440,280,170,111万円",15,1110.0,14,5,8,パクスロマーナ,牝,4,56.0,荻野琢,69.6,1,11,58.1,35.5,3-3,栗東 藤沢,426,4,
202401020609,2024-08-25,札幌,9,小樽特別,芝,1200,右,晴,良,"2回 札幌 6日目 サラ系３歳以上 １勝クラス       牝[指] 定量 15頭 本賞金:1110,440,280,170,111万円",15,1110.0,15,3,4,アイスリンディ,牝,3,54.0,高杉,69.7,1,15,235.2,34.8,12-13,栗東 高柳大,462,16,
202401020610,2024-08-25,札幌,10,WASJ第3戦,ダ,1700,右,晴,良,"2回 札幌 6日目 サラ系３歳以上 ２勝クラス       (混)[指] 定量 14頭 本賞金:1550,620,390,230,155万円",14,1550.0,1,4,6,ティアップリオン,牡,6,58.0,武豊,106.6,,9,41.3,37.6,8-8-8-5,美浦 奥平,488,2,
202401020610,2024-08-25,札幌,10,WASJ第3戦,ダ,1700,右,晴,良,"2回 札幌 6日目 サラ系３歳以上 ２勝クラス       (混)[指] 定量 14頭 本賞金:1550,620,390,230,155万円",14,1550.0,2,8,14,オールマキシマム,牝,4,56.0,横山典,106.6,クビ,4,6.2,37.3,12-12-10-8,美浦 奥平,456,12,
202401020610,2024-08-25,札幌,10,WASJ第3戦,ダ,1700,右,晴,良,"2回 札幌 6日目 サラ系３歳以上 ２勝クラス       (混)[指] 定量 14頭 本賞金:1550,620,390,230,155万円",14,1550.0,3,1,1,ラフエイジアン,セ,4,58.0,吉村智,106.7,クビ,8,30.2,37.6,9-9-9-8,美浦 中舘,472,8,
202401020610,2024-08-25,札幌,10,WASJ第3戦,ダ,1700,右,晴,良,"2回 札幌 6日目 サラ系３歳以上 ２勝クラス       (混)[指] 定量 14頭 本賞金:1550,620,390,230,155万円",14,1550.0,4,5,7,アレクサ,牡,4,58.0,松山,106.8,1,5,6.5,37.3,11-11-11-11,美浦 斎藤誠,510,10,
202401020610,2024-08-25,札幌,10,WASJ第3戦,ダ,1700,右,晴,良,"2回 札幌 6日目 サラ系３歳以上 ２勝クラス       (混)[指] 定量 14頭 本賞金:1550,620,390,230,155万円",14,1550.0,5,5,8,サムハンター,牡,6,58.0,モレイ,107.0,1,3,5.7,38.3,6-6-5-2,栗東 高橋康,488,-12,
202401020610,2024-08-25,札幌,10,WASJ第3戦,ダ,1700,右,晴,良,"2回 札幌 6日目 サラ系３歳以上 ２勝クラス       (混)[指] 定量 14頭 本賞金:1550,620,390,230,155万円",14,1550.0,6,6,9,ビーアイオラクル,牡,5,58.0,オシェ,107.1,1/2,1,3.2,38.5,3-3-3-5,栗東 牧田,496,6,
202401020610,2024-08-25,札幌,10,WASJ第3戦,ダ,1700,右,晴,良,"2回 札幌 6日目 サラ系３歳以上 ２勝クラス       (混)[指] 定量 14頭 本賞金:1550,620,390,230,155万円",14,1550.0,7,3,3,スズカマジェスタ,牡,5,58.0,レーン,107.2,1/2,2,5.0,38.4,6-6-5-7,栗東 須貝,440,-2,
202401020610,2024-08-25,札幌,10,WASJ第3戦,ダ,1700,右,晴,良,"2回 札幌 6日目 サラ系３歳以上 ２勝クラス       (混)[指] 定量 14頭 本賞金:1550,620,390,230,155万円",14,1550.0,8,8,13,デビッドテソーロ,牡,3,56.0,ルメー,107.6,2.1/2,6,9.8,39.0,3-3-3-3,美浦 小手川,470,2,
202401020610,2024-08-25,札幌,10,WASJ第3戦,ダ,1700,右,晴,良,"2回 札幌 6日目 サラ系３歳以上 ２勝クラス       (混)[指] 定量 14頭 本賞金:1550,620,390,230,155万円",14,1550.0,9,7,11,ワイワイレジェンド,牡,3,56.0,ティー,107.8,1.1/4,7,17.3,39.5,1-1-1-1,栗東 矢作,472,0,
202401020610,2024-08-25,札幌,10,WASJ第3戦,ダ,1700,右,晴,良,"2回 札幌 6日目 サラ系３歳以上 ２勝クラス       (混)[指] 定量 14頭 本賞金:1550,620,390,230,155万円",14,1550.0,10,6,10,スズカルビコン,牡,6,58.0,戸崎圭,108.3,3,11,101.1,39.9,2-2-2-3,美浦 堀内,508,-8,
202401020610,2024-08-25,札幌,10,WASJ第3戦,ダ,1700,右,晴,良,"2回 札幌 6日目 サラ系３歳以上 ２勝クラス       (混)[指] 定量 14頭 本賞金:1550,620,390,230,155万円",14,1550.0,11,4,5,フォーワンセルフ,牡,5,58.0,サンチ,108.6,1.3/4,12,102.1,39.8,5-3-5-10,美浦 小手川,518,-24,
202401020610,2024-08-25,札幌,10,WASJ第3戦,ダ,1700,右,晴,良,"2回 札幌 6日目 サラ系３歳以上 ２勝クラス       (混)[指] 定量 14頭 本賞金:1550,620,390,230,155万円",14,1550.0,12,2,2,サヴァビアン,牡,6,58.0,ホー,109.1,3,10,70.2,39.7,9-9-11-11,栗東 羽月,438,2,
202401020610,2024-08-25,札幌,10,WASJ第3戦,ダ,1700,右,晴,良,"2回 札幌 6日目 サラ系３歳以上 ２勝クラス       (混)[指] 定量 14頭 本賞金:1550,620,390,230,155万円",14,1550.0,,3,4,シックザイン,牡,5,58.0,坂井,,,13,147.5,,,美浦 水野,470,14,中止
202401020610,2024-08-25,札幌,10,WASJ第3戦,ダ,1700,右,晴,良,"2回 札幌 6日目 サラ系３歳以上 ２勝クラス       (混)[指] 定量 14頭 本賞金:1550,620,390,230,155万円",14,1550.0,,7,12,ショウナンカブト,牡,4,58.0,川田,,,,,,,美浦 戸田,552,-4,除外
202401020611,2024-08-25,札幌,11,キーンランドC,芝,1200,右,晴,良,"2回 札幌 6日目 サラ系３歳以上 オープン       (国際)(指) 別定 16頭 本賞金:4300,1700,1100,650,430万円",16,4300.0,1,5,10,サトノレーヴ,牡,5,57.0,レーン,67.9,,2,4.3,34.0,4-3,美浦 堀,548,16,
202401020611,2024-08-25,札幌,11,キーンランドC,芝,1200,右,晴,良,"2回 札幌 6日目 サラ系３歳以上 オープン       (国際)(指) 別定 16頭 本賞金:4300,1700,1100,650,430万円",16,4300.0,2,3,6,エイシンスポッター,牡,5,57.0,モレイ,68.2,1.1/2,8,19.4,33.9,8-8,栗東 吉村,500,2,
202401020611,2024-08-25,札幌,11,キーンランドC,芝,1200,右,晴,良,"2回 札幌 6日目 サラ系３歳以上 オープン       (国際)(指) 別定 16頭 本賞金:4300,1700,1100,650,430万円",16,4300.0,3,1,1,オオバンブルマイ,牡,4,57.0,武豊,68.2,ハナ,7,18.7,33.2,14-16,栗東 吉村,448,3,
202401020611,2024-08-25,札幌,11,キーンランドC,芝,1200,右,晴,良,"2回 札幌 6日目 サラ系３歳以上 オープン       (国際)(指) 別定 16頭 本賞金:4300,1700,1100,650,430万円",16,4300.0,4,2,4,モリノドリーム,牝,5,55.0,ルメー,68.2,クビ,4,11.7,33.8,11-11,美浦 鹿戸,492,2,
202401020611,2024-08-25,札幌,11,キーンランドC,芝,1200,右,晴,良,"2回 札幌 6日目 サラ系３歳以上 オープン       (国際)(指) 別定 16頭 本賞金:4300,1700,1100,650,430万円",16,4300.0,5,1,2,ナムラクレア,牝,5,55.0,浜中,68.3,クビ,1,2.2,34.2,5-5,栗東 長谷川,476,6,
202401020611,2024-08-25,札幌,11,キーンランドC,芝,1200,右,晴,良,"2回 札幌 6日目 サラ系３歳以上 オープン       (国際)(指) 別定 16頭 本賞金:4300,1700,1100,650,430万円",16,4300.0,6,6,12,ビッグシーザー,牡,4,57.0,坂井,68.3,クビ,5,13.1,34.5,2-3,栗東 西園正,516,0,
202401020611,2024-08-25,札幌,11,キーンランドC,芝,1200,右,晴,良,"2回 札幌 6日目 サラ系３歳以上 オープン       (国際)(指) 別定 16頭 本賞金:4300,1700,1100,650,430万円",16,4300.0,7,7,14,ダノンマッキンリー,牡,3,55.0,戸崎圭,68.5,1,9,23.9,34.2,8-8,栗東 藤原,468,-4,
202401020611,2024-08-25,札幌,11,キーンランドC,芝,1200,右,晴,良,"2回 札幌 6日目 サラ系３歳以上 オープン       (国際)(指) 別定 16頭 本賞金:4300,1700,1100,650,430万円",16,4300.0,8,6,11,シュバルツカイザー,セ,6,57.0,大野,68.5,アタマ,15,212.1,33.6,14-13,美浦 大竹,492,-4,
202401020611,2024-08-25,札幌,11,キーンランドC,芝,1200,右,晴,良,"2回 札幌 6日目 サラ系３歳以上 オープン       (国際)(指) 別定 16頭 本賞金:4300,1700,1100,650,430万円",16,4300.0,9,7,13,ジュビリーヘッド,牡,7,57.0,ホー,68.6,クビ,16,317.5,33.9,12-13,栗東 西園翔,476,2,
202401020611,2024-08-25,札幌,11,キーンランドC,芝,1200,右,晴,良,"2回 札幌 6日目 サラ系３歳以上 オープン       (国際)(指) 別定 16頭 本賞金:4300,1700,1100,650,430万円",16,4300.0,10,2,3,プルパレイ,セ,5,57.0,佐々木,68.6,クビ,11,42.8,34.4,7-7,栗東 須貝,496,-2,
202401020611,2024-08-25,札幌,11,キーンランドC,芝,1200,右,晴,良,"2回 札幌 6日目 サラ系３歳以上 オープン       (国際)(指) 別定 16頭 本賞金:4300,1700,1100,650,430万円",16,4300.0,11,5,9,エトヴプレ,牝,3,53.0,藤岡佑,68.7,クビ,3,8.8,35.0,2-1,栗東 藤岡,476,14,
202401020611,2024-08-25,札幌,11,キーンランドC,芝,1200,右,晴,良,"2回 札幌 6日目 サラ系３歳以上 オープン       (国際)(指) 別定 16頭 本賞金:4300,1700,1100,650,430万円",16,4300.0,12,4,8,ゾンニッヒ,牡,6,57.0,川田,68.9,1.1/4,6,14.7,34.3,12-11,栗東 池江,486,4,
202401020611,2024-08-25,札幌,11,キーンランドC,芝,1200,右,晴,良,"2回 札幌 6日目 サラ系３歳以上 オープン       (国際)(指) 別定 16頭 本賞金:4300,1700,1100,650,430万円",16,4300.0,13,4,7,マテンロウオリオン,牡,5,57.0,横山典,68.9,クビ,14,173.1,34.0,14-13,栗東 昆,492,-4,
202401020611,2024-08-25,札幌,11,キーンランドC,芝,1200,右,晴,良,"2回 札幌 6日目 サラ系３歳以上 オープン       (国際)(指) 別定 16頭 本賞金:4300,1700,1100,650,430万円",16,4300.0,14,8,16,セッション,牡,4,57.0,ティー,69.0,1/2,10,31.5,35.4,1-2,栗東 斉藤崇,522,8,
202401020611,2024-08-25,札幌,11,キーンランドC,芝,1200,右,晴,良,"2回 札幌 6日目 サラ系３歳以上 オープン       (国際)(指) 別定 16頭 本賞金:4300,1700,1100,650,430万円",16,4300.0,15,8,15,オタルエバー,牡,5,57.0,松山,69.3,2,13,91.7,35.2,5-5,栗東 中竹,500,10,
202401020611,2024-08-25,札幌,11,キーンランドC,芝,1200,右,晴,良,"2回 札幌 6日目 サラ系３歳以上 オープン       (国際)(指) 別定 16頭 本賞金:4300,1700,1100,650,430万円",16,4300.0,16,3,5,シナモンスティック,牝,5,55.0,丹内,70.0,4,12,86.8,35.7,8-8,美浦 宗像,484,6,
202401020612,2024-08-25,札幌,12,WASJ第4戦,芝,1800,右,晴,良,"2回 札幌 6日目 サラ系３歳以上 ２勝クラス       (混)[指] 定量 14頭 本賞金:1550,620,390,230,155万円",14,1550.0,1,7,11,エゾダイモン,牡,4,58.0,モレイ,108.0,,3,5.8,34.7,11-11-10-11,栗東 武幸,466,-4,
202401020612,2024-08-25,札幌,12,WASJ第4戦,芝,1800,右,晴,良,"2回 札幌 6日目 サラ系３歳以上 ２勝クラス       (混)[指] 定量 14頭 本賞金:1550,620,390,230,155万円",14,1550.0,2,2,2,エグランタイン,牝,5,56.0,坂井,108.0,クビ,1,4.1,35.3,5-4-3-3,栗東 笹田,454,4,
202401020612,2024-08-25,札幌,12,WASJ第4戦,芝,1800,右,晴,良,"2回 札幌 6日目 サラ系３歳以上 ２勝クラス       (混)[指] 定量 14頭 本賞金:1550,620,390,230,155万円",14,1550.0,3,6,9,アマイ,牝,4,56.0,武豊,108.0,ハナ,7,11.0,35.6,1-1-1-1,美浦 伊藤大,454,-2,
202401020612,2024-08-25,札幌,12,WASJ第4戦,芝,1800,右,晴,良,"2回 札幌 6日目 サラ系３歳以上 ２勝クラス       (混)[指] 定量 14頭 本賞金:1550,620,390,230,155万円",14,1550.0,4,7,12,ユイ,牝,5,56.0,ホー,108.1,クビ,10,22.7,35.5,2-2-2-2,栗東 高橋康,450,-6,
202401020612,2024-08-25,札幌,12,WASJ第4戦,芝,1800,右,晴,良,"2回 札幌 6日目 サラ系３歳以上 ２勝クラス       (混)[指] 定量 14頭 本賞金:1550,620,390,230,155万円",14,1550.0,5,4,6,ストップザタイム,牡,5,58.0,ルメー,108.1,アタマ,5,7.9,35.1,6-6-6-5,栗東 昆,498,-14,
202401020612,2024-08-25,札幌,12,WASJ第4戦,芝,1800,右,晴,良,"2回 札幌 6日目 サラ系３歳以上 ２勝クラス       (混)[指] 定量 14頭 本賞金:1550,620,390,230,155万円",14,1550.0,6,1,1,コスモディナー,牝,3,54.0,ティー,108.2,クビ,9,16.7,35.2,9-7-6-7,美浦 伊藤伸,470,8,
202401020612,2024-08-25,札幌,12,WASJ第4戦,芝,1800,右,晴,良,"2回 札幌 6日目 サラ系３歳以上 ２勝クラス       (混)[指] 定量 14頭 本賞金:1550,620,390,230,155万円",14,1550.0,7,6,10,マイネルブリックス,牡,3,56.0,サンチ,108.2,クビ,8,16.0,35.0,6-7-8-8,美浦 黒岩,460,-2,
202401020612,2024-08-25,札幌,12,WASJ第4戦,芝,1800,右,晴,良,"2回 札幌 6日目 サラ系３歳以上 ２勝クラス       (混)[指] 定量 14頭 本賞金:1550,620,390,230,155万円",14,1550.0,8,4,5,ジャスティンアース,牡,3,56.0,吉村智,108.3,クビ,2,5.7,35.5,3-4-3-5,栗東 杉山晴,474,0,
202401020612,2024-08-25,札幌,12,WASJ第4戦,芝,1800,右,晴,良,"2回 札幌 6日目 サラ系３歳以上 ２勝クラス       (混)[指] 定量 14頭 本賞金:1550,620,390,230,155万円",14,1550.0,9,8,13,ジェモロジー,牝,4,56.0,川田,108.4,3/4,4,7.1,35.7,3-3-3-3,栗東 橋口,498,-6,
202401020612,2024-08-25,札幌,12,WASJ第4戦,芝,1800,右,晴,良,"2回 札幌 6日目 サラ系３歳以上 ２勝クラス       (混)[指] 定量 14頭 本賞金:1550,620,390,230,155万円",14,1550.0,10,8,14,スプリングノヴァ,牝,3,54.0,レーン,108.5,1/2,12,86.7,34.9,14-14-11-10,栗東 鮫島,396,-6,
202401020612,2024-08-25,札幌,12,WASJ第4戦,芝,1800,右,晴,良,"2回 札幌 6日目 サラ系３歳以上 ２勝クラス       (混)[指] 定量 14頭 本賞金:1550,620,390,230,155万円",14,1550.0,11,5,8,アナレンマ,セ,6,58.0,松山,108.5,アタマ,11,43.3,35.0,9-10-11-11,栗東 藤原,454,6,
202401020612,2024-08-25,札幌,12,WASJ第4戦,芝,1800,右,晴,良,"2回 札幌 6日目 サラ系３歳以上 ２勝クラス       (混)[指] 定量 14頭 本賞金:1550,620,390,230,155万円",14,1550.0,12,3,4,マチカゼ,牡,4,58.0,戸崎圭,108.6,クビ,6,10.6,35.5,6-7-8-8,栗東 杉山晴,490,6,
202401020612,2024-08-25,札幌,12,WASJ第4戦,芝,1800,右,晴,良,"2回 札幌 6日目 サラ系３歳以上 ２勝クラス       (混)[指] 定量 14頭 本賞金:1550,620,390,230,155万円",14,1550.0,13,3,3,アレマーナ,牝,5,56.0,オシェ,111.0,大,14,285.4,37.1,12-12-14-14,栗東 松下,494,-12,
202401020612,2024-08-25,札幌,12,WASJ第4戦,芝,1800,右,晴,良,"2回 札幌 6日目 サラ系３歳以上 ２勝クラス       (混)[指] 定量 14頭 本賞金:1550,620,390,230,155万円",14,1550.0,14,5,7,ナリタザクラ,牡,7,58.0,横山典,115.4,大,13,165.1,41.8,12-12-11-13,栗東 高橋亮,516,12,
202404030601,2024-08-25,新潟,1,3歳以上障害未勝利,障,2850,,曇,良,"3回 新潟 6日目 障害３歳以上 未勝利       (混) 定量 8頭 本賞金:790,320,200,120,79万円",8,790.0,1,3,3,ピーターサイト,牡,4,60.0,上野,190.7,,2,2.2,13.4,1-1-1-1,美浦 村田,474,-2,
202404030601,2024-08-25,新潟,1,3歳以上障害未勝利,障,2850,,曇,良,"3回 新潟 6日目 障害３歳以上 未勝利       (混) 定量 8頭 本賞金:790,320,200,120,79万円",8,790.0,2,1,1,ザスリーサーティ,牡,9,57.0,▲坂口,190.7,クビ,1,2.2,13.4,2-2-3-3,美浦 尾形,484,-2,
202404030601,2024-08-25,新潟,1,3歳以上障害未勝利,障,2850,,曇,良,"3回 新潟 6日目 障害３歳以上 未勝利       (混) 定量 8頭 本賞金:790,320,200,120,79万円",8,790.0,3,5,5,ニシノパプルブリリ,牝,4,58.0,伴,191.3,3.1/2,3,6.7,13.4,2-2-2-2,美浦 矢野,476,4,
202404030601,2024-08-25,新潟,1,3歳以上障害未勝利,障,2850,,曇,良,"3回 新潟 6日目 障害３歳以上 未勝利       (混) 定量 8頭 本賞金:790,320,200,120,79万円",8,790.0,4,6,6,アニージョ,牡,5,60.0,草野,191.8,3.1/2,7,73.0,13.5,5-4-4-4,美浦 畠山,524,-14,
202404030601,2024-08-25,新潟,1,3歳以上障害未勝利,障,2850,,曇,良,"3回 新潟 6日目 障害３歳以上 未勝利       (混) 定量 8頭 本賞金:790,320,200,120,79万円",8,790.0,5,8,8,バーンパッション,牡,7,60.0,大江圭,193.2,8,5,18.8,13.6,4-4-6-5,美浦 天間,458,-10,
202404030601,2024-08-25,新潟,1,3歳以上障害未勝利,障,2850,,曇,良,"3回 新潟 6日目 障害３歳以上 未勝利       (混) 定量 8頭 本賞金:790,320,200,120,79万円",8,790.0,6,2,2,テクネチウム,牡,3,58.0,小野寺,193.6,2.1/2,8,83.2,13.6,6-6-7-7,栗東 木原,490,-6,
202404030601,2024-08-25,新潟,1,3歳以上障害未勝利,障,2850,,曇,良,"3回 新潟 6日目 障害３歳以上 未勝利       (混) 定量 8頭 本賞金:790,320,200,120,79万円",8,790.0,7,7,7,トラファルガー,セ,4,60.0,石神深,195.2,10,4,8.6,13.7,6-6-5-6,美浦 加藤和,492,-16,
202404030601,2024-08-25,新潟,1,3歳以上障害未勝利,障,2850,,曇,良,"3回 新潟 6日目 障害３歳以上 未勝利       (混) 定量 8頭 本賞金:790,320,200,120,79万円",8,790.0,8,4,4,エクストラノート,セ,7,60.0,江田勇,201.6,大,6,56.4,14.1,8-8-8-8,美浦 加藤和,476,-11,
202404030602,2024-08-25,新潟,2,3歳未勝利,ダ,1800,左,曇,良,"3回 新潟 6日目 サラ系３歳 未勝利       [指] 馬齢 15頭 本賞金:550,220,140,83,55万円",15,550.0,1,4,7,ウヌボレヤサン,牡,3,55.0,◇藤田菜,114.6,,12,103.6,38.5,2-2-1-1,美浦 本間,422,-4,
202404030602,2024-08-25,新潟,2,3歳未勝利,ダ,1800,左,曇,良,"3回 新潟 6日目 サラ系３歳 未勝利       [指] 馬齢 15頭 本賞金:550,220,140,83,55万円",15,550.0,2,7,12,バウンドトゥウィン,牝,3,51.0,★大江比,115.6,6,13,154.7,39.5,3-2-2-2,美浦 小手川,420,8,
202404030602,2024-08-25,新潟,2,3歳未勝利,ダ,1800,左,曇,良,"3回 新潟 6日目 サラ系３歳 未勝利       [指] 馬齢 15頭 本賞金:550,220,140,83,55万円",15,550.0,3,1,1,タキザクラ,牡,3,57.0,荻野極,115.8,1.1/4,7,23.4,39.4,4-4-4-6,美浦 稲垣,470,10,
202404030602,2024-08-25,新潟,2,3歳未勝利,ダ,1800,左,曇,良,"3回 新潟 6日目 サラ系３歳 未勝利       [指] 馬齢 15頭 本賞金:550,220,140,83,55万円",15,550.0,4,8,14,サノノゴールド,牡,3,57.0,横山武,115.8,ハナ,1,2.2,39.1,8-8-9-8,美浦 栗田,500,-2,
202404030602,2024-08-25,新潟,2,3歳未勝利,ダ,1800,左,曇,良,"3回 新潟 6日目 サラ系３歳 未勝利       [指] 馬齢 15頭 本賞金:550,220,140,83,55万円",15,550.0,5,8,15,リボルトバレット,牡,3,56.0,☆原,115.8,ハナ,2,3.6,39.4,6-6-4-4,美浦 池上,498,-2,
202404030602,2024-08-25,新潟,2,3歳未勝利,ダ,1800,左,曇,良,"3回 新潟 6日目 サラ系３歳 未勝利       [指] 馬齢 15頭 本賞金:550,220,140,83,55万円",15,550.0,6,5,9,アルマジャック,セ,3,57.0,内田博,115.9,3/4,5,16.3,38.8,13-12-11-11,美浦 中舘,460,2,
202404030602,2024-08-25,新潟,2,3歳未勝利,ダ,1800,左,曇,良,"3回 新潟 6日目 サラ系３歳 未勝利       [指] 馬齢 15頭 本賞金:550,220,140,83,55万円",15,550.0,7,6,11,イデアイゴッソウ,牡,3,57.0,木幡育,116.1,1,3,6.9,39.3,8-8-9-8,美浦 松永康,458,-4,
202404030602,2024-08-25,新潟,2,3歳未勝利,ダ,1800,左,曇,良,"3回 新潟 6日目 サラ系３歳 未勝利       [指] 馬齢 15頭 本賞金:550,220,140,83,55万円",15,550.0,8,7,13,ペンタクン,牡,3,57.0,菊沢,116.2,1/2,6,17.6,39.8,7-7-4-6,美浦 鈴木慎,520,2,
202404030602,2024-08-25,新潟,2,3歳未勝利,ダ,1800,左,曇,良,"3回 新潟 6日目 サラ系３歳 未勝利       [指] 馬齢 15頭 本賞金:550,220,140,83,55万円",15,550.0,9,6,10,ブルーストレイル,牡,3,57.0,岩田康,116.5,1.3/4,11,72.2,39.5,10-11-11-11,美浦 小島,458,0,
202404030602,2024-08-25,新潟,2,3歳未勝利,ダ,1800,左,曇,良,"3回 新潟 6日目 サラ系３歳 未勝利       [指] 馬齢 15頭 本賞金:550,220,140,83,55万円",15,550.0,10,3,5,レゴーラドーロ,牡,3,57.0,武藤,116.6,1/2,10,71.5,39.5,10-12-11-11,美浦 小西,420,-2,
202404030602,2024-08-25,新潟,2,3歳未勝利,ダ,1800,左,曇,良,"3回 新潟 6日目 サラ系３歳 未勝利       [指] 馬齢 15頭 本賞金:550,220,140,83,55万円",15,550.0,11,5,8,リムショット,牡,3,57.0,和田竜,116.6,クビ,4,7.6,40.1,12-10-8-8,美浦 中川,526,-4,
202404030602,2024-08-25,新潟,2,3歳未勝利,ダ,1800,左,曇,良,"3回 新潟 6日目 サラ系３歳 未勝利       [指] 馬齢 15頭 本賞金:550,220,140,83,55万円",15,550.0,12,2,3,グラスフェロー,セ,3,57.0,木幡巧,116.8,3/4,8,41.0,40.4,4-4-4-4,美浦 佐藤吉,452,0,
202404030602,2024-08-25,新潟,2,3歳未勝利,ダ,1800,左,曇,良,"3回 新潟 6日目 サラ系３歳 未勝利       [指] 馬齢 15頭 本賞金:550,220,140,83,55万円",15,550.0,13,4,6,ロジサビアーレ,牡,3,57.0,野中,117.0,1.1/4,14,286.5,39.5,14-14-14-14,美浦 新開,542,-2,
202404030602,2024-08-25,新潟,2,3歳未勝利,ダ,1800,左,曇,良,"3回 新潟 6日目 サラ系３歳 未勝利       [指] 馬齢 15頭 本賞金:550,220,140,83,55万円",15,550.0,14,2,2,タマディープ,牡,3,56.0,☆横山琉,117.6,3.1/2,15,313.9,39.7,15-15-15-15,美浦 相沢,450,-8,
202404030602,2024-08-25,新潟,2,3歳未勝利,ダ,1800,左,曇,良,"3回 新潟 6日目 サラ系３歳 未勝利       [指] 馬齢 15頭 本賞金:550,220,140,83,55万円",15,550.0,15,3,4,ミラクルジニア,牡,3,57.0,宮崎,117.9,1.3/4,9,52.4,41.8,1-1-2-3,美浦 嘉藤,462,-6,
202404030603,2024-08-25,新潟,3,2歳未勝利,芝,1000,直線,曇,良,"3回 新潟 6日目 サラ系２歳 未勝利       [指] 馬齢 11頭 本賞金:550,220,140,83,55万円",11,550.0,1,6,6,チョングク,牡,2,53.0,△小林脩,56.7,,6,17.9,33.5,4,美浦 南田,458,0,
202404030603,2024-08-25,新潟,3,2歳未勝利,芝,1000,直線,曇,良,"3回 新潟 6日目 サラ系２歳 未勝利       [指] 馬齢 11頭 本賞金:550,220,140,83,55万円",11,550.0,2,2,2,シュラフ,牝,2,55.0,岩部,56.9,1.1/2,2,5.1,34.0,1,美浦 佐藤吉,416,2,
202404030603,2024-08-25,新潟,3,2歳未勝利,芝,1000,直線,曇,良,"3回 新潟 6日目 サラ系２歳 未勝利       [指] 馬齢 11頭 本賞金:550,220,140,83,55万円",11,550.0,3,6,7,セイウングレイ,牝,2,55.0,津村,57.1,1.1/4,4,5.7,34.0,3,美浦 竹内,434,-2,
202404030603,2024-08-25,新潟,3,2歳未勝利,芝,1000,直線,曇,良,"3回 新潟 6日目 サラ系２歳 未勝利       [指] 馬齢 11頭 本賞金:550,220,140,83,55万円",11,550.0,4,8,10,コムーネ,牝,2,52.0,▲石神道,57.2,クビ,1,2.4,34.3,1,美浦 奥平,410,4,
202404030603,2024-08-25,新潟,3,2歳未勝利,芝,1000,直線,曇,良,"3回 新潟 6日目 サラ系２歳 未勝利       [指] 馬齢 11頭 本賞金:550,220,140,83,55万円",11,550.0,5,5,5,セラード,牝,2,55.0,木幡巧,57.5,2,9,57.3,34.0,6,美浦 佐藤吉,430,4,
202404030603,2024-08-25,新潟,3,2歳未勝利,芝,1000,直線,曇,良,"3回 新潟 6日目 サラ系２歳 未勝利       [指] 馬齢 11頭 本賞金:550,220,140,83,55万円",11,550.0,6,7,9,ベストヒューマ,牡,2,52.0,▲石田,57.7,1,11,121.6,33.5,11,美浦 佐藤吉,422,2,
202404030603,2024-08-25,新潟,3,2歳未勝利,芝,1000,直線,曇,良,"3回 新潟 6日目 サラ系２歳 未勝利       [指] 馬齢 11頭 本賞金:550,220,140,83,55万円",11,550.0,7,8,11,アミグダラ,牝,2,55.0,杉原,57.7,アタマ,3,5.6,34.2,6,美浦 岩戸,436,6,
202404030603,2024-08-25,新潟,3,2歳未勝利,芝,1000,直線,曇,良,"3回 新潟 6日目 サラ系２歳 未勝利       [指] 馬齢 11頭 本賞金:550,220,140,83,55万円",11,550.0,8,3,3,シーオン,牝,2,53.0,◇永島,58.4,4,7,24.7,35.1,5,美浦 奥平,396,-14,
202404030603,2024-08-25,新潟,3,2歳未勝利,芝,1000,直線,曇,良,"3回 新潟 6日目 サラ系２歳 未勝利       [指] 馬齢 11頭 本賞金:550,220,140,83,55万円",11,550.0,9,7,8,アブラカタブラ,牡,2,55.0,内田博,58.4,クビ,8,27.0,34.4,10,美浦 武市,460,0,
202404030603,2024-08-25,新潟,3,2歳未勝利,芝,1000,直線,曇,良,"3回 新潟 6日目 サラ系２歳 未勝利       [指] 馬齢 11頭 本賞金:550,220,140,83,55万円",11,550.0,10,1,1,リケアコンパンナ,牡,2,51.0,★大江比,59.1,4,10,80.9,35.3,9,美浦 小野,446,-14,
202404030603,2024-08-25,新潟,3,2歳未勝利,芝,1000,直線,曇,良,"3回 新潟 6日目 サラ系２歳 未勝利       [指] 馬齢 11頭 本賞金:550,220,140,83,55万円",11,550.0,11,4,4,スカイダイバー,牝,2,55.0,菅原明,62.2,大,5,8.0,38.7,6,美浦 宗像,444,-2,
202404030604,2024-08-25,新潟,4,3歳未勝利,ダ,1200,左,曇,良,"3回 新潟 6日目 サラ系３歳 未勝利       [指] 馬齢 15頭 本賞金:550,220,140,83,55万円",15,550.0,1,7,12,オーブルクール,牝,3,55.0,石橋脩,71.8,,2,4.1,37.0,2-2,美浦 矢野,470,-16,
202404030604,2024-08-25,新潟,4,3歳未勝利,ダ,1200,左,曇,良,"3回 新潟 6日目 サラ系３歳 未勝利       [指] 馬齢 15頭 本賞金:550,220,140,83,55万円",15,550.0,2,2,3,バルサミコ,牝,3,55.0,菊沢,72.5,4,4,5.4,37.8,1-1,美浦 小手川,430,16,
202404030604,2024-08-25,新潟,4,3歳未勝利,ダ,1200,左,曇,良,"3回 新潟 6日目 サラ系３歳 未勝利       [指] 馬齢 15頭 本賞金:550,220,140,83,55万円",15,550.0,3,1,1,ゴールデンオスカー,牡,3,57.0,石川,72.5,ハナ,3,4.3,36.4,8-7,美浦 堀内,490,6,
202404030604,2024-08-25,新潟,4,3歳未勝利,ダ,1200,左,曇,良,"3回 新潟 6日目 サラ系３歳 未勝利       [指] 馬齢 15頭 本賞金:550,220,140,83,55万円",15,550.0,4,7,13,アルヴァレス,牡,3,56.0,☆原,72.9,2.1/2,5,7.9,37.0,7-7,美浦 奥村武,448,4,
202404030604,2024-08-25,新潟,4,3歳未勝利,ダ,1200,左,曇,良,"3回 新潟 6日目 サラ系３歳 未勝利       [指] 馬齢 15頭 本賞金:550,220,140,83,55万円",15,550.0,5,3,5,デリングシチー,牡,3,57.0,木幡巧,73.2,2,9,60.3,37.6,5-5,美浦 奥平,452,-20,
202404030604,2024-08-25,新潟,4,3歳未勝利,ダ,1200,左,曇,良,"3回 新潟 6日目 サラ系３歳 未勝利       [指] 馬齢 15頭 本賞金:550,220,140,83,55万円",15,550.0,6,2,2,ペイシャツネ,牡,3,54.0,▲石神道,73.4,1.1/4,1,2.9,38.2,4-3,美浦 深山,454,2,
202404030604,2024-08-25,新潟,4,3歳未勝利,ダ,1200,左,曇,良,"3回 新潟 6日目 サラ系３歳 未勝利       [指] 馬齢 15頭 本賞金:550,220,140,83,55万円",15,550.0,7,5,8,ロックオブソシジ,牡,3,57.0,柴田大,73.4,ハナ,10,95.8,36.7,11-10,美浦 畠山,454,0,
202404030604,2024-08-25,新潟,4,3歳未勝利,ダ,1200,左,曇,良,"3回 新潟 6日目 サラ系３歳 未勝利       [指] 馬齢 15頭 本賞金:550,220,140,83,55万円",15,550.0,8,8,14,キミハレモネード,牝,3,53.0,△小林脩,73.8,2.1/2,6,35.1,37.6,10-10,美浦 加藤和,440,-4,
202404030604,2024-08-25,新潟,4,3歳未勝利,ダ,1200,左,曇,良,"3回 新潟 6日目 サラ系３歳 未勝利       [指] 馬齢 15頭 本賞金:550,220,140,83,55万円",15,550.0,9,3,4,デフィニトリー,牝,3,55.0,丸田,74.2,2.1/2,13,133.7,38.6,5-5,美浦 堀内,450,-10,
202404030604,2024-08-25,新潟,4,3歳未勝利,ダ,1200,左,曇,良,"3回 新潟 6日目 サラ系３歳 未勝利       [指] 馬齢 15頭 本賞金:550,220,140,83,55万円",15,550.0,10,5,9,ペイシャソプラノ,牝,3,51.0,★大江比,74.3,1/2,8,50.8,37.2,12-12,美浦 石栗,520,0,
202404030604,2024-08-25,新潟,4,3歳未勝利,ダ,1200,左,曇,良,"3回 新潟 6日目 サラ系３歳 未勝利       [指] 馬齢 15頭 本賞金:550,220,140,83,55万円",15,550.0,11,6,11,ポッピン,牝,3,55.0,嶋田,74.6,1.3/4,11,97.1,38.5,8-9,美浦 和田郎,436,4,
202404030604,2024-08-25,新潟,4,3歳未勝利,ダ,1200,左,曇,良,"3回 新潟 6日目 サラ系３歳 未勝利       [指] 馬齢 15頭 本賞金:550,220,140,83,55万円",15,550.0,12,4,7,コファーズ,セ,3,57.0,杉原,75.0,2.1/2,7,47.9,40.0,3-3,美浦 高柳瑞,440,2,
202404030604,2024-08-25,新潟,4,3歳未勝利,ダ,1200,左,曇,良,"3回 新潟 6日目 サラ系３歳 未勝利       [指] 馬齢 15頭 本賞金:550,220,140,83,55万円",15,550.0,13,8,15,ストロングハッピー,牡,3,54.0,▲佐藤,75.9,5,15,304.6,38.3,14-13,美浦 的場,490,-2,
202404030604,2024-08-25,新潟,4,3歳未勝利,ダ,1200,左,曇,良,"3回 新潟 6日目 サラ系３歳 未勝利       [指] 馬齢 15頭 本賞金:550,220,140,83,55万円",15,550.0,14,4,6,デルマアルジュナ,牡,3,54.0,▲土田,77.8,大,14,197.4,39.6,15-15,美浦 天間,446,0,
202404030604,2024-08-25,新潟,4,3歳未勝利,ダ,1200,左,曇,良,"3回 新潟 6日目 サラ系３歳 未勝利       [指] 馬齢 15頭 本賞金:550,220,140,83,55万円",15,550.0,15,6,10,ハッピージャズ,牡,3,57.0,荻野極,78.7,5,12,111.0,41.3,13-13,美浦 高橋文,408,-4,
202404030605,2024-08-25,新潟,5,2歳新馬,芝,1800,左,曇,良,"3回 新潟 6日目 サラ系２歳 新馬       [指] 馬齢 9頭 本賞金:720,290,180,110,72万円",9,720.0,1,7,7,ゴーソーファー,牝,2,55.0,横山武,109.7,,2,2.7,34.4,1-1,美浦 手塚,450,0,
202404030605,2024-08-25,新潟,5,2歳新馬,芝,1800,左,曇,良,"3回 新潟 6日目 サラ系２歳 新馬       [指] 馬齢 9頭 本賞金:720,290,180,110,72万円",9,720.0,2,2,2,カゼノタカトシ,牡,2,55.0,田辺,110.1,2.1/2,5,13.5,34.3,6-5,美浦 久保田,462,0,
202404030605,2024-08-25,新潟,5,2歳新馬,芝,1800,左,曇,良,"3回 新潟 6日目 サラ系２歳 新馬       [指] 馬齢 9頭 本賞金:720,290,180,110,72万円",9,720.0,3,1,1,ソードマスター,牡,2,55.0,菅原明,110.1,クビ,1,2.2,34.6,4-3,美浦 斎藤誠,458,0,
202404030605,2024-08-25,新潟,5,2歳新馬,芝,1800,左,曇,良,"3回 新潟 6日目 サラ系２歳 新馬       [指] 馬齢 9頭 本賞金:720,290,180,110,72万円",9,720.0,4,4,4,ダングラール,牡,2,55.0,石川,110.3,1.1/4,4,8.1,34.5,4-5,美浦 田中博,464,0,
202404030605,2024-08-25,新潟,5,2歳新馬,芝,1800,左,曇,良,"3回 新潟 6日目 サラ系２歳 新馬       [指] 馬齢 9頭 本賞金:720,290,180,110,72万円",9,720.0,5,8,9,ニヒトツーゼーア,牡,2,55.0,和田竜,110.8,2.1/2,6,17.4,34.6,7-7,栗東 中竹,514,0,
202404030605,2024-08-25,新潟,5,2歳新馬,芝,1800,左,曇,良,"3回 新潟 6日目 サラ系２歳 新馬       [指] 馬齢 9頭 本賞金:720,290,180,110,72万円",9,720.0,6,8,8,アイスリーディング,牝,2,52.0,▲石田,111.1,1.3/4,8,85.4,35.7,2-2,美浦 小笠,440,0,
202404030605,2024-08-25,新潟,5,2歳新馬,芝,1800,左,曇,良,"3回 新潟 6日目 サラ系２歳 新馬       [指] 馬齢 9頭 本賞金:720,290,180,110,72万円",9,720.0,7,5,5,プリマリスト,牡,2,55.0,菊沢,112.4,8,7,65.2,35.4,9-9,美浦 青木,486,0,
202404030605,2024-08-25,新潟,5,2歳新馬,芝,1800,左,曇,良,"3回 新潟 6日目 サラ系２歳 新馬       [指] 馬齢 9頭 本賞金:720,290,180,110,72万円",9,720.0,8,6,6,ノーブルプライム,牡,2,52.0,▲土田,112.7,1.3/4,9,131.9,36.1,8-8,美浦 田村,462,0,
202404030605,2024-08-25,新潟,5,2歳新馬,芝,1800,左,曇,良,"3回 新潟 6日目 サラ系２歳 新馬       [指] 馬齢 9頭 本賞金:720,290,180,110,72万円",9,720.0,9,3,3,ユーディキウム,牝,2,55.0,三浦,112.7,クビ,3,6.9,37.0,2-3,美浦 黒岩,476,0,
202404030606,2024-08-25,新潟,6,2歳新馬,芝,1600,左,曇,良,"3回 新潟 6日目 サラ系２歳 新馬       牝[指] 馬齢 17頭 本賞金:720,290,180,110,72万円",17,720.0,1,5,10,マイエレメント,牝,2,55.0,横山武,94.9,,1,1.7,33.3,5-5,栗東 福永,468,0,
202404030606,2024-08-25,新潟,6,2歳新馬,芝,1600,左,曇,良,"3回 新潟 6日目 サラ系２歳 新馬       牝[指] 馬齢 17頭 本賞金:720,290,180,110,72万円",17,720.0,2,8,17,ウインベアトリス,牝,2,55.0,菅原明,95.3,2.1/2,7,27.9,33.5,7-7,美浦 深山,436,0,
202404030606,2024-08-25,新潟,6,2歳新馬,芝,1600,左,曇,良,"3回 新潟 6日目 サラ系２歳 新馬       牝[指] 馬齢 17頭 本賞金:720,290,180,110,72万円",17,720.0,3,3,6,ブルーブレイブ,牝,2,55.0,吉田豊,95.4,1/2,4,14.7,33.1,10-10,栗東 清水久,478,0,
202404030606,2024-08-25,新潟,6,2歳新馬,芝,1600,左,曇,良,"3回 新潟 6日目 サラ系２歳 新馬       牝[指] 馬齢 17頭 本賞金:720,290,180,110,72万円",17,720.0,4,3,5,ニシノイツキムスメ,牝,2,55.0,和田竜,95.5,1/2,9,35.9,34.2,3-3,栗東 北出,426,0,
202404030606,2024-08-25,新潟,6,2歳新馬,芝,1600,左,曇,良,"3回 新潟 6日目 サラ系２歳 新馬       牝[指] 馬齢 17頭 本賞金:720,290,180,110,72万円",17,720.0,5,7,14,アスターシッキム,牝,2,55.0,丸山,95.6,1/2,16,174.0,33.5,9-9,栗東 森田,460,0,
202404030606,2024-08-25,新潟,6,2歳新馬,芝,1600,左,曇,良,"3回 新潟 6日目 サラ系２歳 新馬       牝[指] 馬齢 17頭 本賞金:720,290,180,110,72万円",17,720.0,6,8,16,シウダーエヴィータ,牝,2,55.0,津村,96.0,2.1/2,3,6.5,34.9,2-2,美浦 田中博,464,0,
202404030606,2024-08-25,新潟,6,2歳新馬,芝,1600,左,曇,良,"3回 新潟 6日目 サラ系２歳 新馬       牝[指] 馬齢 17頭 本賞金:720,290,180,110,72万円",17,720.0,7,1,1,フィーユチャン,牝,2,55.0,斎藤,96.4,2.1/2,8,33.5,33.1,15-14,栗東 坂口,440,0,
202404030606,2024-08-25,新潟,6,2歳新馬,芝,1600,左,曇,良,"3回 新潟 6日目 サラ系２歳 新馬       牝[指] 馬齢 17頭 本賞金:720,290,180,110,72万円",17,720.0,8,1,2,ブルーミングローズ,牝,2,55.0,北村友,96.7,1.3/4,2,4.8,35.1,5-5,栗東 高野,450,0,
202404030606,2024-08-25,新潟,6,2歳新馬,芝,1600,左,曇,良,"3回 新潟 6日目 サラ系２歳 新馬       牝[指] 馬齢 17頭 本賞金:720,290,180,110,72万円",17,720.0,9,6,12,エポカスピーガ,牝,2,55.0,松岡,96.7,クビ,11,72.4,35.7,1-1,美浦 田中剛,482,0,
202404030606,2024-08-25,新潟,6,2歳新馬,芝,1600,左,曇,良,"3回 新潟 6日目 サラ系２歳 新馬       牝[指] 馬齢 17頭 本賞金:720,290,180,110,72万円",17,720.0,10,4,7,ディフューズ,牝,2,55.0,木幡育,96.7,アタマ,17,269.4,34.9,7-7,美浦 勢司,408,0,
202404030606,2024-08-25,新潟,6,2歳新馬,芝,1600,左,曇,良,"3回 新潟 6日目 サラ系２歳 新馬       牝[指] 馬齢 17頭 本賞金:720,290,180,110,72万円",17,720.0,11,2,4,ブルバンビーナ,牝,2,54.0,☆横山琉,97.1,2.1/2,13,94.7,33.5,15-16,美浦 尾形,410,0,
202404030606,2024-08-25,新潟,6,2歳新馬,芝,1600,左,曇,良,"3回 新潟 6日目 サラ系２歳 新馬       牝[指] 馬齢 17頭 本賞金:720,290,180,110,72万円",17,720.0,12,2,3,ディアイライザ,牝,2,53.0,◇永島,97.6,3,12,92.7,33.7,17-17,美浦 加藤和,424,0,
202404030606,2024-08-25,新潟,6,2歳新馬,芝,1600,左,曇,良,"3回 新潟 6日目 サラ系２歳 新馬       牝[指] 馬齢 17頭 本賞金:720,290,180,110,72万円",17,720.0,13,6,11,ニシノコヌカアメ,牝,2,55.0,岩田康,97.7,クビ,15,154.5,34.6,11-12,美浦 和田勇,440,0,
202404030606,2024-08-25,新潟,6,2歳新馬,芝,1600,左,曇,良,"3回 新潟 6日目 サラ系２歳 新馬       牝[指] 馬齢 17頭 本賞金:720,290,180,110,72万円",17,720.0,14,5,9,ミトノキャット,牝,2,55.0,木幡巧,97.7,クビ,14,145.9,36.3,3-3,美浦 牧,432,0,
202404030606,2024-08-25,新潟,6,2歳新馬,芝,1600,左,曇,良,"3回 新潟 6日目 サラ系２歳 新馬       牝[指] 馬齢 17頭 本賞金:720,290,180,110,72万円",17,720.0,15,7,13,セギレエルビエント,牝,2,55.0,石橋脩,98.4,4,5,23.7,35.3,13-13,美浦 伊坂,442,0,
202404030606,2024-08-25,新潟,6,2歳新馬,芝,1600,左,曇,良,"3回 新潟 6日目 サラ系２歳 新馬       牝[指] 馬齢 17頭 本賞金:720,290,180,110,72万円",17,720.0,16,4,8,ブリックダルジャン,牝,2,55.0,三浦,98.8,2.1/2,10,38.4,36.1,11-11,美浦 鈴木慎,434,0,
202404030606,2024-08-25,新潟,6,2歳新馬,芝,1600,左,曇,良,"3回 新潟 6日目 サラ系２歳 新馬       牝[指] 馬齢 17頭 本賞金:720,290,180,110,72万円",17,720.0,17,8,15,アドリアフレイバー,牝,2,55.0,田辺,99.2,2.1/2,6,27.8,35.8,14-14,美浦 久保田,454,0,
202404030607,2024-08-25,新潟,7,3歳未勝利,芝,2000,左,曇,良,"3回 新潟 6日目 サラ系３歳 未勝利       (混)[指] 馬齢 18頭 本賞金:550,220,140,83,55万円",18,550.0,1,8,16,チビノシエラザード,牝,3,55.0,石橋脩,121.5,,3,9.3,36.1,8-7-1-1,美浦 和田勇,438,-2,
202404030607,2024-08-25,新潟,7,3歳未勝利,芝,2000,左,曇,良,"3回 新潟 6日目 サラ系３歳 未勝利       (混)[指] 馬齢 18頭 本賞金:550,220,140,83,55万円",18,550.0,2,6,12,ジャンバラヤ,牡,3,57.0,田辺,121.5,クビ,6,12.4,34.9,13-13-13-12,美浦 中舘,426,0,
202404030607,2024-08-25,新潟,7,3歳未勝利,芝,2000,左,曇,良,"3回 新潟 6日目 サラ系３歳 未勝利       (混)[指] 馬齢 18頭 本賞金:550,220,140,83,55万円",18,550.0,3,4,8,ヒットアンドロール,牡,3,54.0,▲石田,121.7,1.1/4,8,35.2,35.3,12-12-11-9,美浦 宗像,436,-6,
202404030607,2024-08-25,新潟,7,3歳未勝利,芝,2000,左,曇,良,"3回 新潟 6日目 サラ系３歳 未勝利       (混)[指] 馬齢 18頭 本賞金:550,220,140,83,55万円",18,550.0,4,4,7,ビーンスターク,牡,3,55.0,◇永島,121.8,クビ,5,11.5,36.2,2-2-2-2,美浦 栗田,468,-6,
202404030607,2024-08-25,新潟,7,3歳未勝利,芝,2000,左,曇,良,"3回 新潟 6日目 サラ系３歳 未勝利       (混)[指] 馬齢 18頭 本賞金:550,220,140,83,55万円",18,550.0,5,6,11,ユッカラン,牝,3,55.0,木幡巧,121.8,ハナ,11,66.3,35.9,10-9-5-4,美浦 松山,452,-4,
202404030607,2024-08-25,新潟,7,3歳未勝利,芝,2000,左,曇,良,"3回 新潟 6日目 サラ系３歳 未勝利       (混)[指] 馬齢 18頭 本賞金:550,220,140,83,55万円",18,550.0,6,1,1,サンセットビーチ,牝,3,55.0,内田博,122.0,1.1/2,2,6.4,35.8,8-9-8-9,美浦 稲垣,422,-8,
202404030607,2024-08-25,新潟,7,3歳未勝利,芝,2000,左,曇,良,"3回 新潟 6日目 サラ系３歳 未勝利       (混)[指] 馬齢 18頭 本賞金:550,220,140,83,55万円",18,550.0,7,5,9,ベルウッドリアン,牡,3,57.0,吉田豊,122.0,ハナ,10,61.2,35.9,10-11-8-6,美浦 高橋文,476,-16,
202404030607,2024-08-25,新潟,7,3歳未勝利,芝,2000,左,曇,良,"3回 新潟 6日目 サラ系３歳 未勝利       (混)[指] 馬齢 18頭 本賞金:550,220,140,83,55万円",18,550.0,8,2,3,スターチョウサン,牝,3,55.0,岩田康,122.1,クビ,4,9.4,35.9,5-7-8-9,美浦 小島,486,-3,
202404030607,2024-08-25,新潟,7,3歳未勝利,芝,2000,左,曇,良,"3回 新潟 6日目 サラ系３歳 未勝利       (混)[指] 馬齢 18頭 本賞金:550,220,140,83,55万円",18,550.0,9,5,10,コスモハーディング,牡,3,57.0,杉原,122.5,2.1/2,15,151.5,35.5,15-16-14-14,美浦 和田勇,416,6,
202404030607,2024-08-25,新潟,7,3歳未勝利,芝,2000,左,曇,良,"3回 新潟 6日目 サラ系３歳 未勝利       (混)[指] 馬齢 18頭 本賞金:550,220,140,83,55万円",18,550.0,10,3,6,ヴォーグアルタイル,牡,3,57.0,菊沢,122.7,1.1/4,14,127.7,36.8,3-3-5-4,美浦 田中剛,450,4,
202404030607,2024-08-25,新潟,7,3歳未勝利,芝,2000,左,曇,良,"3回 新潟 6日目 サラ系３歳 未勝利       (混)[指] 馬齢 18頭 本賞金:550,220,140,83,55万円",18,550.0,11,2,4,イクリール,牡,3,57.0,横山武,122.8,クビ,1,1.8,36.8,3-3-5-6,美浦 青木,506,0,
202404030607,2024-08-25,新潟,7,3歳未勝利,芝,2000,左,曇,良,"3回 新潟 6日目 サラ系３歳 未勝利       (混)[指] 馬齢 18頭 本賞金:550,220,140,83,55万円",18,550.0,12,3,5,ダンジュカリユシ,牡,3,57.0,三浦,122.8,クビ,9,44.0,36.5,5-5-11-12,美浦 加藤征,452,1,
202404030607,2024-08-25,新潟,7,3歳未勝利,芝,2000,左,曇,良,"3回 新潟 6日目 サラ系３歳 未勝利       (混)[指] 馬齢 18頭 本賞金:550,220,140,83,55万円",18,550.0,13,8,18,ベストベルシック,牝,3,52.0,▲石神道,122.9,1/2,18,285.4,35.6,15-16-16-15,美浦 森一,410,-4,
202404030607,2024-08-25,新潟,7,3歳未勝利,芝,2000,左,曇,良,"3回 新潟 6日目 サラ系３歳 未勝利       (混)[指] 馬齢 18頭 本賞金:550,220,140,83,55万円",18,550.0,14,8,17,ファストフィール,牡,3,57.0,野中,123.5,3.1/2,7,27.4,38.0,1-1-2-2,美浦 菊川,484,8,
202404030607,2024-08-25,新潟,7,3歳未勝利,芝,2000,左,曇,良,"3回 新潟 6日目 サラ系３歳 未勝利       (混)[指] 馬齢 18頭 本賞金:550,220,140,83,55万円",18,550.0,15,7,15,エムズマン,牡,3,57.0,柴田大,124.1,4,16,155.1,38.3,5-5-4-6,美浦 畠山,440,-2,
202404030607,2024-08-25,新潟,7,3歳未勝利,芝,2000,左,曇,良,"3回 新潟 6日目 サラ系３歳 未勝利       (混)[指] 馬齢 18頭 本賞金:550,220,140,83,55万円",18,550.0,16,7,14,リアルカイザー,牡,3,57.0,木幡育,124.2,1/2,17,256.1,36.7,18-18-18-17,美浦 松永康,482,0,
202404030607,2024-08-25,新潟,7,3歳未勝利,芝,2000,左,曇,良,"3回 新潟 6日目 サラ系３歳 未勝利       (混)[指] 馬齢 18頭 本賞金:550,220,140,83,55万円",18,550.0,17,7,13,ペイシャキク,牝,3,53.0,◇藤田菜,124.2,クビ,12,109.9,36.9,13-14-16-17,美浦 蛯名利,420,-2,
202404030607,2024-08-25,新潟,7,3歳未勝利,芝,2000,左,曇,良,"3回 新潟 6日目 サラ系３歳 未勝利       (混)[指] 馬齢 18頭 本賞金:550,220,140,83,55万円",18,550.0,18,1,2,ミラクルアース,牡,3,57.0,北村友,124.5,1.1/2,13,119.5,37.4,15-14-15-16,美浦 蛯名正,458,-2,
202404030608,2024-08-25,新潟,8,3歳以上1勝クラス,ダ,1800,左,曇,良,"3回 新潟 6日目 サラ系３歳以上 １勝クラス       (特指) 定量 15頭 本賞金:800,320,200,120,80万円",15,800.0,1,1,1,グロッシェン,牡,3,55.0,横山武,112.5,,1,2.1,37.2,4-3-3-3,美浦 宮田,470,6,
202404030608,2024-08-25,新潟,8,3歳以上1勝クラス,ダ,1800,左,曇,良,"3回 新潟 6日目 サラ系３歳以上 １勝クラス       (特指) 定量 15頭 本賞金:800,320,200,120,80万円",15,800.0,2,6,10,ピコニ,牡,3,55.0,石橋脩,113.2,4,3,7.6,38.4,2-2-2-2,美浦 牧,496,6,
202404030608,2024-08-25,新潟,8,3歳以上1勝クラス,ダ,1800,左,曇,良,"3回 新潟 6日目 サラ系３歳以上 １勝クラス       (特指) 定量 15頭 本賞金:800,320,200,120,80万円",15,800.0,3,2,3,グロバーテソーロ,牡,3,54.0,☆原,113.7,3,6,18.0,38.9,1-1-1-1,美浦 高木,504,2,
202404030608,2024-08-25,新潟,8,3歳以上1勝クラス,ダ,1800,左,曇,良,"3回 新潟 6日目 サラ系３歳以上 １勝クラス       (特指) 定量 15頭 本賞金:800,320,200,120,80万円",15,800.0,4,6,11,エッグスラット,牡,4,58.0,菊沢,114.4,4,7,19.8,38.4,15-14-10-11,美浦 矢野,498,6,
202404030608,2024-08-25,新潟,8,3歳以上1勝クラス,ダ,1800,左,曇,良,"3回 新潟 6日目 サラ系３歳以上 １勝クラス       (特指) 定量 15頭 本賞金:800,320,200,120,80万円",15,800.0,5,2,2,ネオシルバー,牡,3,55.0,田辺,114.6,1,4,9.8,38.5,8-10-10-9,美浦 小西,498,6,
202404030608,2024-08-25,新潟,8,3歳以上1勝クラス,ダ,1800,左,曇,良,"3回 新潟 6日目 サラ系３歳以上 １勝クラス       (特指) 定量 15頭 本賞金:800,320,200,120,80万円",15,800.0,6,4,6,デフィニティーボ,牡,3,55.0,津村,114.7,1/2,9,35.4,39.0,8-10-7-7,美浦 上原佑,472,-4,
202404030608,2024-08-25,新潟,8,3歳以上1勝クラス,ダ,1800,左,曇,良,"3回 新潟 6日目 サラ系３歳以上 １勝クラス       (特指) 定量 15頭 本賞金:800,320,200,120,80万円",15,800.0,7,8,15,キタノチェロキー,牝,4,56.0,柴田大,115.0,1.3/4,15,448.9,38.8,13-14-14-13,美浦 粕谷,460,-2,
202404030608,2024-08-25,新潟,8,3歳以上1勝クラス,ダ,1800,左,曇,良,"3回 新潟 6日目 サラ系３歳以上 １勝クラス       (特指) 定量 15頭 本賞金:800,320,200,120,80万円",15,800.0,8,7,12,ミラーオブマインド,セ,4,58.0,菅原明,115.0,クビ,5,10.1,39.6,8-5-5-4,美浦 新開,476,-6,
202404030608,2024-08-25,新潟,8,3歳以上1勝クラス,ダ,1800,左,曇,良,"3回 新潟 6日目 サラ系３歳以上 １勝クラス       (特指) 定量 15頭 本賞金:800,320,200,120,80万円",15,800.0,9,3,4,マコタイガ,牡,3,55.0,吉田豊,115.3,1.3/4,10,46.8,39.6,5-5-7-7,美浦 小野,508,6,
202404030608,2024-08-25,新潟,8,3歳以上1勝クラス,ダ,1800,左,曇,良,"3回 新潟 6日目 サラ系３歳以上 １勝クラス       (特指) 定量 15頭 本賞金:800,320,200,120,80万円",15,800.0,10,3,5,アオカミ,セ,5,58.0,原田和,115.4,1/2,11,172.3,39.4,5-5-10-11,美浦 松山,478,-8,
202404030608,2024-08-25,新潟,8,3歳以上1勝クラス,ダ,1800,左,曇,良,"3回 新潟 6日目 サラ系３歳以上 １勝クラス       (特指) 定量 15頭 本賞金:800,320,200,120,80万円",15,800.0,11,5,8,バナマンテソーロ,牡,3,55.0,木幡巧,115.4,クビ,2,4.2,40.0,8-9-5-4,美浦 加藤士,498,2,
202404030608,2024-08-25,新潟,8,3歳以上1勝クラス,ダ,1800,左,曇,良,"3回 新潟 6日目 サラ系３歳以上 １勝クラス       (特指) 定量 15頭 本賞金:800,320,200,120,80万円",15,800.0,12,8,14,カルツァクライン,牡,3,55.0,丸田,116.3,5,12,173.1,40.0,13-13-14-15,美浦 林,438,-2,
202404030608,2024-08-25,新潟,8,3歳以上1勝クラス,ダ,1800,左,曇,良,"3回 新潟 6日目 サラ系３歳以上 １勝クラス       (特指) 定量 15頭 本賞金:800,320,200,120,80万円",15,800.0,13,5,9,ダイヤモンドビーチ,牡,4,57.0,☆横山琉,117.1,5,13,204.2,41.4,5-5-7-9,美浦 鈴木慎,456,-6,
202404030608,2024-08-25,新潟,8,3歳以上1勝クラス,ダ,1800,左,曇,良,"3回 新潟 6日目 サラ系３歳以上 １勝クラス       (特指) 定量 15頭 本賞金:800,320,200,120,80万円",15,800.0,14,4,7,シークレットマター,牡,3,55.0,和田竜,118.7,10,8,27.9,43.4,3-3-3-4,美浦 岩戸,472,2,
202404030608,2024-08-25,新潟,8,3歳以上1勝クラス,ダ,1800,左,曇,良,"3回 新潟 6日目 サラ系３歳以上 １勝クラス       (特指) 定量 15頭 本賞金:800,320,200,120,80万円",15,800.0,15,7,13,ミスティックパワー,牡,4,58.0,木幡育,118.7,クビ,14,325.0,42.7,12-10-10-14,美浦 松永康,494,-8,
202404030609,2024-08-25,新潟,9,岩室温泉特別,ダ,1200,左,曇,良,"3回 新潟 6日目 サラ系３歳以上 ２勝クラス       (混)[指] 定量 15頭 本賞金:1550,620,390,230,155万円",15,1550.0,1,7,12,トーアアイギス,牝,3,54.0,江田照,72.0,,5,15.2,36.9,1-1,美浦 村田,482,-4,
202404030609,2024-08-25,新潟,9,岩室温泉特別,ダ,1200,左,曇,良,"3回 新潟 6日目 サラ系３歳以上 ２勝クラス       (混)[指] 定量 15頭 本賞金:1550,620,390,230,155万円",15,1550.0,2,6,10,インユアパレス,牡,3,56.0,横山武,72.0,クビ,1,1.8,36.2,6-6,栗東 須貝,482,10,
202404030609,2024-08-25,新潟,9,岩室温泉特別,ダ,1200,左,曇,良,"3回 新潟 6日目 サラ系３歳以上 ２勝クラス       (混)[指] 定量 15頭 本賞金:1550,620,390,230,155万円",15,1550.0,3,5,8,グレタ,牝,5,56.0,菊沢,72.3,1.1/2,3,8.9,36.8,4-3,美浦 清水英,476,4,
202404030609,2024-08-25,新潟,9,岩室温泉特別,ダ,1200,左,曇,良,"3回 新潟 6日目 サラ系３歳以上 ２勝クラス       (混)[指] 定量 15頭 本賞金:1550,620,390,230,155万円",15,1550.0,4,6,11,ウィンダミア,牡,5,58.0,吉田豊,72.4,1/2,4,13.0,36.8,5-5,美浦 林,452,6,
202404030609,2024-08-25,新潟,9,岩室温泉特別,ダ,1200,左,曇,良,"3回 新潟 6日目 サラ系３歳以上 ２勝クラス       (混)[指] 定量 15頭 本賞金:1550,620,390,230,155万円",15,1550.0,5,3,5,ニジュウダンサー,牝,4,56.0,菅原明,72.5,1/2,8,22.8,37.1,3-3,美浦 尾関,472,-10,
202404030609,2024-08-25,新潟,9,岩室温泉特別,ダ,1200,左,曇,良,"3回 新潟 6日目 サラ系３歳以上 ２勝クラス       (混)[指] 定量 15頭 本賞金:1550,620,390,230,155万円",15,1550.0,6,5,9,グッジョブ,牡,4,58.0,岩田康,72.6,1,9,23.3,36.6,9-8,栗東 牧浦,438,-6,
202404030609,2024-08-25,新潟,9,岩室温泉特別,ダ,1200,左,曇,良,"3回 新潟 6日目 サラ系３歳以上 ２勝クラス       (混)[指] 定量 15頭 本賞金:1550,620,390,230,155万円",15,1550.0,7,1,1,フミバレンタイン,牝,5,56.0,内田博,72.7,クビ,15,164.1,36.6,9-11,美浦 鹿戸,470,-2,
202404030609,2024-08-25,新潟,9,岩室温泉特別,ダ,1200,左,曇,良,"3回 新潟 6日目 サラ系３歳以上 ２勝クラス       (混)[指] 定量 15頭 本賞金:1550,620,390,230,155万円",15,1550.0,8,8,14,ランタナヒルズ,牝,3,54.0,柴田善,73.1,2.1/2,10,48.3,36.5,14-13,美浦 石毛,456,4,
202404030609,2024-08-25,新潟,9,岩室温泉特別,ダ,1200,左,曇,良,"3回 新潟 6日目 サラ系３歳以上 ２勝クラス       (混)[指] 定量 15頭 本賞金:1550,620,390,230,155万円",15,1550.0,9,2,2,ビップシュプリーム,牝,5,56.0,松岡,73.2,1/2,2,5.1,37.1,9-12,栗東 松下,504,2,
202404030609,2024-08-25,新潟,9,岩室温泉特別,ダ,1200,左,曇,良,"3回 新潟 6日目 サラ系３歳以上 ２勝クラス       (混)[指] 定量 15頭 本賞金:1550,620,390,230,155万円",15,1550.0,10,7,13,サウスジェラート,牝,6,56.0,石橋脩,73.2,アタマ,14,142.4,36.6,14-13,美浦 伊坂,486,4,
202404030609,2024-08-25,新潟,9,岩室温泉特別,ダ,1200,左,曇,良,"3回 新潟 6日目 サラ系３歳以上 ２勝クラス       (混)[指] 定量 15頭 本賞金:1550,620,390,230,155万円",15,1550.0,11,4,6,ケンキョ,牡,4,58.0,丸田,73.2,クビ,7,19.2,36.9,13-15,美浦 高橋文,466,-6,
202404030609,2024-08-25,新潟,9,岩室温泉特別,ダ,1200,左,曇,良,"3回 新潟 6日目 サラ系３歳以上 ２勝クラス       (混)[指] 定量 15頭 本賞金:1550,620,390,230,155万円",15,1550.0,12,3,4,トーセンニック,牡,6,58.0,和田竜,73.3,クビ,11,53.5,37.5,6-6,美浦 田村,464,-2,
202404030609,2024-08-25,新潟,9,岩室温泉特別,ダ,1200,左,曇,良,"3回 新潟 6日目 サラ系３歳以上 ２勝クラス       (混)[指] 定量 15頭 本賞金:1550,620,390,230,155万円",15,1550.0,13,8,15,フェズカズマ,牡,5,58.0,杉原,73.6,1.3/4,12,92.4,37.6,9-8,美浦 栗田,494,0,
202404030609,2024-08-25,新潟,9,岩室温泉特別,ダ,1200,左,曇,良,"3回 新潟 6日目 サラ系３歳以上 ２勝クラス       (混)[指] 定量 15頭 本賞金:1550,620,390,230,155万円",15,1550.0,14,2,3,フェイマスドクター,牡,4,58.0,宮崎,75.2,10,13,131.8,39.9,2-2,美浦 中川,502,0,
202404030609,2024-08-25,新潟,9,岩室温泉特別,ダ,1200,左,曇,良,"3回 新潟 6日目 サラ系３歳以上 ２勝クラス       (混)[指] 定量 15頭 本賞金:1550,620,390,230,155万円",15,1550.0,15,4,7,ベルウッドウズメ,セ,5,58.0,荻野極,76.1,5,6,18.5,40.2,6-8,美浦 本間,484,2,
202404030610,2024-08-25,新潟,10,長岡S,芝,1600,左,曇,良,"3回 新潟 6日目 サラ系３歳以上 ３勝クラス       (混)[指] ハンデ 14頭 本賞金:1840,740,460,280,184万円",14,1840.0,1,1,1,バレエマスター,牡,5,54.0,斎藤,93.4,,8,24.8,33.9,5-5,栗東 梅田,466,-10,
202404030610,2024-08-25,新潟,10,長岡S,芝,1600,左,曇,良,"3回 新潟 6日目 サラ系３歳以上 ３勝クラス       (混)[指] ハンデ 14頭 本賞金:1840,740,460,280,184万円",14,1840.0,2,6,9,テンノメッセージ,牝,4,53.0,石橋脩,93.6,1.1/2,4,7.5,33.8,8-8,栗東 高柳大,474,2,
202404030610,2024-08-25,新潟,10,長岡S,芝,1600,左,曇,良,"3回 新潟 6日目 サラ系３歳以上 ３勝クラス       (混)[指] ハンデ 14頭 本賞金:1840,740,460,280,184万円",14,1840.0,3,7,12,ゴートゥファースト,牡,4,56.0,津村,93.7,クビ,1,2.6,34.7,2-2,栗東 新谷,484,10,
202404030610,2024-08-25,新潟,10,長岡S,芝,1600,左,曇,良,"3回 新潟 6日目 サラ系３歳以上 ３勝クラス       (混)[指] ハンデ 14頭 本賞金:1840,740,460,280,184万円",14,1840.0,4,5,8,タイゲン,牡,5,56.0,和田竜,93.8,3/4,9,34.8,33.7,12-11,栗東 平田,472,-2,
202404030610,2024-08-25,新潟,10,長岡S,芝,1600,左,曇,良,"3回 新潟 6日目 サラ系３歳以上 ３勝クラス       (混)[指] ハンデ 14頭 本賞金:1840,740,460,280,184万円",14,1840.0,5,7,11,テーオーグランビル,牡,4,57.0,菅原明,93.9,3/4,2,4.4,34.0,8-8,栗東 上村,496,-4,
202404030610,2024-08-25,新潟,10,長岡S,芝,1600,左,曇,良,"3回 新潟 6日目 サラ系３歳以上 ３勝クラス       (混)[指] ハンデ 14頭 本賞金:1840,740,460,280,184万円",14,1840.0,6,8,14,レッドロワ,セ,6,56.0,杉原,94.0,1/2,3,6.6,33.9,10-11,美浦 木村,476,-12,
202404030610,2024-08-25,新潟,10,長岡S,芝,1600,左,曇,良,"3回 新潟 6日目 サラ系３歳以上 ３勝クラス       (混)[指] ハンデ 14頭 本賞金:1840,740,460,280,184万円",14,1840.0,7,8,13,イティネラートル,牝,4,53.0,武藤,94.1,クビ,13,65.2,34.9,3-3,栗東 長谷川,424,4,
202404030610,2024-08-25,新潟,10,長岡S,芝,1600,左,曇,良,"3回 新潟 6日目 サラ系３歳以上 ３勝クラス       (混)[指] ハンデ 14頭 本賞金:1840,740,460,280,184万円",14,1840.0,8,4,6,リバートゥルー,牝,4,53.0,吉田豊,94.1,クビ,5,10.9,33.8,12-13,美浦 久保田,462,2,
202404030610,2024-08-25,新潟,10,長岡S,芝,1600,左,曇,良,"3回 新潟 6日目 サラ系３歳以上 ３勝クラス       (混)[指] ハンデ 14頭 本賞金:1840,740,460,280,184万円",14,1840.0,9,6,10,ウインエクレール,牝,5,53.0,松岡,94.2,クビ,7,19.4,34.2,10-8,美浦 畠山,494,-2,
202404030610,2024-08-25,新潟,10,長岡S,芝,1600,左,曇,良,"3回 新潟 6日目 サラ系３歳以上 ３勝クラス       (混)[指] ハンデ 14頭 本賞金:1840,740,460,280,184万円",14,1840.0,10,4,5,タイセイキューティ,牝,4,53.0,原,94.2,クビ,11,58.5,34.7,5-5,美浦 奥村武,474,6,
202404030610,2024-08-25,新潟,10,長岡S,芝,1600,左,曇,良,"3回 新潟 6日目 サラ系３歳以上 ３勝クラス       (混)[指] ハンデ 14頭 本賞金:1840,740,460,280,184万円",14,1840.0,11,5,7,ドグマ,牡,5,56.0,荻野極,94.5,1.3/4,12,61.9,34.6,7-7,美浦 上原佑,500,0,
202404030610,2024-08-25,新潟,10,長岡S,芝,1600,左,曇,良,"3回 新潟 6日目 サラ系３歳以上 ３勝クラス       (混)[指] ハンデ 14頭 本賞金:1840,740,460,280,184万円",14,1840.0,12,3,4,ミカッテヨンデイイ,牝,4,52.0,西村太,95.1,4,6,13.3,36.0,4-3,美浦 堀内,424,4,
202404030610,2024-08-25,新潟,10,長岡S,芝,1600,左,曇,良,"3回 新潟 6日目 サラ系３歳以上 ３勝クラス       (混)[指] ハンデ 14頭 本賞金:1840,740,460,280,184万円",14,1840.0,13,2,2,キングダムウイナー,牡,7,51.0,丸田,95.3,1,14,192.3,34.5,14-14,栗東 藤野,508,2,
202404030610,2024-08-25,新潟,10,長岡S,芝,1600,左,曇,良,"3回 新潟 6日目 サラ系３歳以上 ３勝クラス       (混)[指] ハンデ 14頭 本賞金:1840,740,460,280,184万円",14,1840.0,14,3,3,ヴィルヘルム,牡,6,55.0,北村友,96.6,8,10,35.4,37.9,1-1,栗東 小椋,512,-4,
202404030611,2024-08-25,新潟,11,新潟2歳S,芝,1600,左,曇,良,"3回 新潟 6日目 サラ系２歳 オープン       (国際)(特指) 馬齢 11頭 本賞金:3100,1200,780,470,310万円",11,3100.0,1,7,9,トータルクラリティ,牡,2,55.0,北村友,94.2,,6,11.7,34.0,3-4,栗東 池添,462,8,
202404030611,2024-08-25,新潟,11,新潟2歳S,芝,1600,左,曇,良,"3回 新潟 6日目 サラ系２歳 オープン       (国際)(特指) 馬齢 11頭 本賞金:3100,1200,780,470,310万円",11,3100.0,2,6,6,コートアリシアン,牝,2,55.0,菅原明,94.3,1/2,1,2.6,33.9,5-5,美浦 伊藤大,434,-4,
202404030611,2024-08-25,新潟,11,新潟2歳S,芝,1600,左,曇,良,"3回 新潟 6日目 サラ系２歳 オープン       (国際)(特指) 馬齢 11頭 本賞金:3100,1200,780,470,310万円",11,3100.0,3,8,10,プロクレイア,牝,2,55.0,津村,94.8,3,5,9.0,34.0,10-10,栗東 小林,462,6,
202404030611,2024-08-25,新潟,11,新潟2歳S,芝,1600,左,曇,良,"3回 新潟 6日目 サラ系２歳 オープン       (国際)(特指) 馬齢 11頭 本賞金:3100,1200,780,470,310万円",11,3100.0,4,7,8,マジカルフェアリー,牝,2,55.0,和田竜,94.8,クビ,7,22.9,34.1,8-8,栗東 寺島,442,10,
202404030611,2024-08-25,新潟,11,新潟2歳S,芝,1600,左,曇,良,"3回 新潟 6日目 サラ系２歳 オープン       (国際)(特指) 馬齢 11頭 本賞金:3100,1200,780,470,310万円",11,3100.0,5,1,1,ジョリーレーヌ,牝,2,55.0,石川,95.0,3/4,4,7.1,34.4,8-8,美浦 大竹,424,2,
202404030611,2024-08-25,新潟,11,新潟2歳S,芝,1600,左,曇,良,"3回 新潟 6日目 サラ系２歳 オープン       (国際)(特指) 馬齢 11頭 本賞金:3100,1200,780,470,310万円",11,3100.0,6,3,3,スターウェーブ,牡,2,55.0,三浦,95.3,1.3/4,3,4.7,35.0,5-5,美浦 武井,474,2,
202404030611,2024-08-25,新潟,11,新潟2歳S,芝,1600,左,曇,良,"3回 新潟 6日目 サラ系２歳 オープン       (国際)(特指) 馬齢 11頭 本賞金:3100,1200,780,470,310万円",11,3100.0,7,2,2,スリールミニョン,牝,2,55.0,永島,95.4,1/2,10,76.9,35.3,3-3,栗東 高橋康,434,2,
202404030611,2024-08-25,新潟,11,新潟2歳S,芝,1600,左,曇,良,"3回 新潟 6日目 サラ系２歳 オープン       (国際)(特指) 馬齢 11頭 本賞金:3100,1200,780,470,310万円",11,3100.0,8,8,11,キタノクニカラ,牝,2,55.0,杉原,95.5,3/4,9,69.7,34.7,11-10,美浦 小島,400,0,
202404030611,2024-08-25,新潟,11,新潟2歳S,芝,1600,左,曇,良,"3回 新潟 6日目 サラ系２歳 オープン       (国際)(特指) 馬齢 11頭 本賞金:3100,1200,780,470,310万円",11,3100.0,9,4,4,シンフォーエバー,牡,2,55.0,岩田康,95.5,クビ,2,4.5,35.8,1-1,栗東 森秀,496,2,
202404030611,2024-08-25,新潟,11,新潟2歳S,芝,1600,左,曇,良,"3回 新潟 6日目 サラ系２歳 オープン       (国際)(特指) 馬齢 11頭 本賞金:3100,1200,780,470,310万円",11,3100.0,10,6,7,ケイテンアイジン,牡,2,55.0,丸山,95.5,クビ,8,44.7,35.5,2-2,栗東 谷,480,4,
202404030611,2024-08-25,新潟,11,新潟2歳S,芝,1600,左,曇,良,"3回 新潟 6日目 サラ系２歳 オープン       (国際)(特指) 馬齢 11頭 本賞金:3100,1200,780,470,310万円",11,3100.0,11,5,5,モジャーリオ,牡,2,55.0,斎藤,95.7,3/4,11,94.3,35.4,5-5,美浦 斎藤誠,454,6,
202407020601,2024-08-25,中京,1,2歳未勝利,芝,1400,左,曇,良,"2回 中京 6日目 サラ系２歳 未勝利       牝[指] 馬齢 13頭 本賞金:550,220,140,83,55万円",13,550.0,1,8,12,ウィルサヴァイブ,牝,2,55.0,団野,82.0,,2,3.5,35.6,5-5,栗東 須貝,428,-4,
202407020601,2024-08-25,中京,1,2歳未勝利,芝,1400,左,曇,良,"2回 中京 6日目 サラ系２歳 未勝利       牝[指] 馬齢 13頭 本賞金:550,220,140,83,55万円",13,550.0,2,2,2,モンテディアーナ,牝,2,55.0,菱田,82.0,クビ,1,3.1,35.8,3-3,栗東 四位,460,4,
202407020601,2024-08-25,中京,1,2歳未勝利,芝,1400,左,曇,良,"2回 中京 6日目 サラ系２歳 未勝利       牝[指] 馬齢 13頭 本賞金:550,220,140,83,55万円",13,550.0,3,5,6,オールザレイジ,牝,2,55.0,西村淳,82.2,1.1/4,4,6.6,36.0,3-3,栗東 寺島,490,-2,
202407020601,2024-08-25,中京,1,2歳未勝利,芝,1400,左,曇,良,"2回 中京 6日目 サラ系２歳 未勝利       牝[指] 馬齢 13頭 本賞金:550,220,140,83,55万円",13,550.0,4,6,8,セレーネアステール,牝,2,55.0,鮫島駿,82.3,クビ,7,23.9,35.7,9-9,栗東 武幸,406,0,
202407020601,2024-08-25,中京,1,2歳未勝利,芝,1400,左,曇,良,"2回 中京 6日目 サラ系２歳 未勝利       牝[指] 馬齢 13頭 本賞金:550,220,140,83,55万円",13,550.0,5,5,7,ルジャーダ,牝,2,54.0,☆西塚,82.3,ハナ,3,4.2,35.4,10-10,栗東 河内,482,-2,
202407020601,2024-08-25,中京,1,2歳未勝利,芝,1400,左,曇,良,"2回 中京 6日目 サラ系２歳 未勝利       牝[指] 馬齢 13頭 本賞金:550,220,140,83,55万円",13,550.0,6,3,3,ナムラピノコ,牝,2,55.0,幸,82.4,1,8,47.8,35.9,8-8,栗東 鈴木孝,432,-4,
202407020601,2024-08-25,中京,1,2歳未勝利,芝,1400,左,曇,良,"2回 中京 6日目 サラ系２歳 未勝利       牝[指] 馬齢 13頭 本賞金:550,220,140,83,55万円",13,550.0,7,4,4,レーニス,牝,2,54.0,☆秋山稔,83.4,6,5,8.9,37.4,1-1,栗東 宮,422,-16,
202407020601,2024-08-25,中京,1,2歳未勝利,芝,1400,左,曇,良,"2回 中京 6日目 サラ系２歳 未勝利       牝[指] 馬齢 13頭 本賞金:550,220,140,83,55万円",13,550.0,8,7,10,エニグマティーク,牝,2,55.0,岩田望,83.9,3,6,20.9,37.5,5-5,栗東 小崎,454,0,
202407020601,2024-08-25,中京,1,2歳未勝利,芝,1400,左,曇,良,"2回 中京 6日目 サラ系２歳 未勝利       牝[指] 馬齢 13頭 本賞金:550,220,140,83,55万円",13,550.0,9,7,11,キッシングセーラー,牝,2,55.0,国分優,83.9,アタマ,10,140.1,37.1,11-10,栗東 緒方,414,-10,
202407020601,2024-08-25,中京,1,2歳未勝利,芝,1400,左,曇,良,"2回 中京 6日目 サラ系２歳 未勝利       牝[指] 馬齢 13頭 本賞金:550,220,140,83,55万円",13,550.0,10,8,13,ゼンダンタカ,牝,2,54.0,☆角田和,84.0,1/2,11,151.3,37.9,2-2,栗東 角田,432,0,
202407020601,2024-08-25,中京,1,2歳未勝利,芝,1400,左,曇,良,"2回 中京 6日目 サラ系２歳 未勝利       牝[指] 馬齢 13頭 本賞金:550,220,140,83,55万円",13,550.0,11,4,5,エイユーサブリナ,牝,2,55.0,藤懸,84.0,アタマ,9,48.9,37.6,5-5,栗東 高橋忠,460,0,
202407020601,2024-08-25,中京,1,2歳未勝利,芝,1400,左,曇,良,"2回 中京 6日目 サラ系２歳 未勝利       牝[指] 馬齢 13頭 本賞金:550,220,140,83,55万円",13,550.0,12,1,1,リップブリス,牝,2,55.0,酒井,84.4,2.1/2,12,187.7,37.1,12-12,栗東 谷,410,-12,
202407020601,2024-08-25,中京,1,2歳未勝利,芝,1400,左,曇,良,"2回 中京 6日目 サラ系２歳 未勝利       牝[指] 馬齢 13頭 本賞金:550,220,140,83,55万円",13,550.0,13,6,9,プリンセスカノヤ,牝,2,51.0,★河原田,85.0,3.1/2,13,312.8,36.8,13-13,栗東 高橋忠,360,-4,
202407020602,2024-08-25,中京,2,3歳未勝利,ダ,1800,左,晴,良,"2回 中京 6日目 サラ系３歳 未勝利       [指] 馬齢 16頭 本賞金:550,220,140,83,55万円",16,550.0,1,1,2,ダブルジャッジ,牡,3,56.0,☆西塚,114.0,,2,5.1,39.5,2-1-1-1,栗東 笹田,502,2,
202407020602,2024-08-25,中京,2,3歳未勝利,ダ,1800,左,晴,良,"2回 中京 6日目 サラ系３歳 未勝利       [指] 馬齢 16頭 本賞金:550,220,140,83,55万円",16,550.0,2,8,16,メイショウオオコ,牡,3,57.0,団野,114.6,3.1/2,3,7.2,38.9,14-15-10-10,栗東 荒川,470,-2,
202407020602,2024-08-25,中京,2,3歳未勝利,ダ,1800,左,晴,良,"2回 中京 6日目 サラ系３歳 未勝利       [指] 馬齢 16頭 本賞金:550,220,140,83,55万円",16,550.0,3,4,7,ファセット,牝,3,55.0,幸,114.6,ハナ,5,15.0,39.2,5-5-6-6,栗東 斉藤崇,488,2,
202407020602,2024-08-25,中京,2,3歳未勝利,ダ,1800,左,晴,良,"2回 中京 6日目 サラ系３歳 未勝利       [指] 馬齢 16頭 本賞金:550,220,140,83,55万円",16,550.0,4,2,4,ワーキングアセット,牡,3,57.0,岩田望,115.1,3,1,2.0,39.5,12-12-9-7,栗東 吉村,472,0,
202407020602,2024-08-25,中京,2,3歳未勝利,ダ,1800,左,晴,良,"2回 中京 6日目 サラ系３歳 未勝利       [指] 馬齢 16頭 本賞金:550,220,140,83,55万円",16,550.0,5,2,3,トゥラッタッタ,牡,3,56.0,☆小沢,115.5,2,4,12.0,40.3,4-4-4-4,栗東 石坂,458,4,
202407020602,2024-08-25,中京,2,3歳未勝利,ダ,1800,左,晴,良,"2回 中京 6日目 サラ系３歳 未勝利       [指] 馬齢 16頭 本賞金:550,220,140,83,55万円",16,550.0,6,8,15,ユウトザキンパツ,牡,3,57.0,小崎,115.5,クビ,10,36.1,40.5,3-3-3-2,栗東 小崎,476,-2,
202407020602,2024-08-25,中京,2,3歳未勝利,ダ,1800,左,晴,良,"2回 中京 6日目 サラ系３歳 未勝利       [指] 馬齢 16頭 本賞金:550,220,140,83,55万円",16,550.0,7,6,11,レイナドラーダ,牝,3,52.0,▲吉村,115.6,3/4,11,62.9,40.4,5-5-4-4,栗東 高野,430,10,
202407020602,2024-08-25,中京,2,3歳未勝利,ダ,1800,左,晴,良,"2回 中京 6日目 サラ系３歳 未勝利       [指] 馬齢 16頭 本賞金:550,220,140,83,55万円",16,550.0,8,5,10,メイショウアンゾフ,牡,3,57.0,酒井,115.7,1/2,12,94.8,39.4,15-13-14-14,栗東 四位,444,-2,
202407020602,2024-08-25,中京,2,3歳未勝利,ダ,1800,左,晴,良,"2回 中京 6日目 サラ系３歳 未勝利       [指] 馬齢 16頭 本賞金:550,220,140,83,55万円",16,550.0,9,3,5,シュムック,牡,3,57.0,西村淳,116.2,3,8,17.4,41.4,1-2-2-2,栗東 千田,510,10,
202407020602,2024-08-25,中京,2,3歳未勝利,ダ,1800,左,晴,良,"2回 中京 6日目 サラ系３歳 未勝利       [指] 馬齢 16頭 本賞金:550,220,140,83,55万円",16,550.0,10,5,9,トウカイリーゼ,牝,3,55.0,亀田,116.3,クビ,16,463.1,40.4,11-11-11-11,栗東 北出,384,-10,
202407020602,2024-08-25,中京,2,3歳未勝利,ダ,1800,左,晴,良,"2回 中京 6日目 サラ系３歳 未勝利       [指] 馬齢 16頭 本賞金:550,220,140,83,55万円",16,550.0,11,6,12,エールクイーン,牝,3,54.0,☆秋山稔,116.5,1,14,310.4,40.6,12-13-11-11,栗東 牧田,468,-6,
202407020602,2024-08-25,中京,2,3歳未勝利,ダ,1800,左,晴,良,"2回 中京 6日目 サラ系３歳 未勝利       [指] 馬齢 16頭 本賞金:550,220,140,83,55万円",16,550.0,12,1,1,スティルザワン,牡,3,54.0,▲鷲頭,116.5,アタマ,13,153.7,39.9,10-10-15-15,栗東 野中,448,6,
202407020602,2024-08-25,中京,2,3歳未勝利,ダ,1800,左,晴,良,"2回 中京 6日目 サラ系３歳 未勝利       [指] 馬齢 16頭 本賞金:550,220,140,83,55万円",16,550.0,13,7,13,メイショウライメイ,牡,3,56.0,☆松本,116.6,1/2,6,15.6,41.2,8-8-6-7,栗東 本田,470,4,
202407020602,2024-08-25,中京,2,3歳未勝利,ダ,1800,左,晴,良,"2回 中京 6日目 サラ系３歳 未勝利       [指] 馬齢 16頭 本賞金:550,220,140,83,55万円",16,550.0,14,7,14,ヤマニントレモロ,牡,3,54.0,▲柴田裕,117.1,3,9,35.2,41.2,7-7-11-13,栗東 茶木,502,2,
202407020602,2024-08-25,中京,2,3歳未勝利,ダ,1800,左,晴,良,"2回 中京 6日目 サラ系３歳 未勝利       [指] 馬齢 16頭 本賞金:550,220,140,83,55万円",16,550.0,15,4,8,リリーピンシャー,牡,3,57.0,藤懸,118.8,10,15,398.9,42.1,16-16-15-16,栗東 平田,506,-2,
202407020602,2024-08-25,中京,2,3歳未勝利,ダ,1800,左,晴,良,"2回 中京 6日目 サラ系３歳 未勝利       [指] 馬齢 16頭 本賞金:550,220,140,83,55万円",16,550.0,16,3,6,スカイイズユアーズ,牡,3,56.0,☆角田和,121.2,大,7,15.9,45.8,8-8-6-7,栗東 飯田,482,-6,
202407020603,2024-08-25,中京,3,3歳未勝利,芝,2200,左,晴,良,"2回 中京 6日目 サラ系３歳 未勝利       (混)[指] 馬齢 18頭 本賞金:550,220,140,83,55万円",18,550.0,1,2,4,アラナコア,牡,3,56.0,☆小沢,133.2,,5,11.3,35.7,6-7-7-4,栗東 田中克,492,2,
202407020603,2024-08-25,中京,3,3歳未勝利,芝,2200,左,晴,良,"2回 中京 6日目 サラ系３歳 未勝利       (混)[指] 馬齢 18頭 本賞金:550,220,140,83,55万円",18,550.0,2,2,3,フォートポータル,セ,3,57.0,川須,133.3,1/2,13,77.0,35.5,10-9-10-9,栗東 吉岡,450,-6,
202407020603,2024-08-25,中京,3,3歳未勝利,芝,2200,左,晴,良,"2回 中京 6日目 サラ系３歳 未勝利       (混)[指] 馬齢 18頭 本賞金:550,220,140,83,55万円",18,550.0,3,8,18,オメガナビゲーター,セ,3,57.0,岩田望,133.4,3/4,11,57.4,35.1,14-14-13-13,栗東 安田,488,8,
202407020603,2024-08-25,中京,3,3歳未勝利,芝,2200,左,晴,良,"2回 中京 6日目 サラ系３歳 未勝利       (混)[指] 馬齢 18頭 本賞金:550,220,140,83,55万円",18,550.0,4,3,5,ナリタセレーノ,牝,3,51.0,★河原田,133.6,1.1/2,8,28.3,35.5,10-11-11-11,栗東 宮本,380,0,
202407020603,2024-08-25,中京,3,3歳未勝利,芝,2200,左,晴,良,"2回 中京 6日目 サラ系３歳 未勝利       (混)[指] 馬齢 18頭 本賞金:550,220,140,83,55万円",18,550.0,5,4,7,スターズウィーク,牡,3,57.0,高倉,133.7,クビ,10,45.6,36.2,4-4-4-4,栗東 武英,490,0,
202407020603,2024-08-25,中京,3,3歳未勝利,芝,2200,左,晴,良,"2回 中京 6日目 サラ系３歳 未勝利       (混)[指] 馬齢 18頭 本賞金:550,220,140,83,55万円",18,550.0,6,3,6,ショウナンダダン,牡,3,57.0,池添,133.7,アタマ,9,45.4,36.5,2-2-2-2,栗東 清水久,490,8,
202407020603,2024-08-25,中京,3,3歳未勝利,芝,2200,左,晴,良,"2回 中京 6日目 サラ系３歳 未勝利       (混)[指] 馬齢 18頭 本賞金:550,220,140,83,55万円",18,550.0,7,6,12,ベルノレイズ,牡,3,57.0,鮫島駿,133.7,ハナ,3,6.9,36.0,8-9-8-6,栗東 小林,500,6,
202407020603,2024-08-25,中京,3,3歳未勝利,芝,2200,左,晴,良,"2回 中京 6日目 サラ系３歳 未勝利       (混)[指] 馬齢 18頭 本賞金:550,220,140,83,55万円",18,550.0,8,1,2,メイショウカイコン,牡,3,57.0,団野,133.9,1.1/4,4,10.9,35.9,10-11-11-11,栗東 千田,502,-4,
202407020603,2024-08-25,中京,3,3歳未勝利,芝,2200,左,晴,良,"2回 中京 6日目 サラ系３歳 未勝利       (混)[指] 馬齢 18頭 本賞金:550,220,140,83,55万円",18,550.0,9,8,16,ブラックルチル,牡,3,54.0,▲吉村,134.0,クビ,2,4.8,36.1,6-6-8-9,栗東 池江,494,10,
202407020603,2024-08-25,中京,3,3歳未勝利,芝,2200,左,晴,良,"2回 中京 6日目 サラ系３歳 未勝利       (混)[指] 馬齢 18頭 本賞金:550,220,140,83,55万円",18,550.0,10,7,13,プレカーサー,牡,3,57.0,国分優,134.0,ハナ,18,452.5,35.5,13-13-15-15,栗東 渡辺,522,-5,
202407020603,2024-08-25,中京,3,3歳未勝利,芝,2200,左,晴,良,"2回 中京 6日目 サラ系３歳 未勝利       (混)[指] 馬齢 18頭 本賞金:550,220,140,83,55万円",18,550.0,11,4,8,テイクザクラウン,牡,3,57.0,Ｍデム,134.2,1.1/4,1,2.1,35.9,15-15-13-13,栗東 吉村,440,8,
202407020603,2024-08-25,中京,3,3歳未勝利,芝,2200,左,晴,良,"2回 中京 6日目 サラ系３歳 未勝利       (混)[指] 馬齢 18頭 本賞金:550,220,140,83,55万円",18,550.0,12,8,17,ダノンウィルヘルム,牡,3,57.0,菱田,134.2,クビ,12,68.7,37.1,1-1-1-1,栗東 池江,492,6,
202407020603,2024-08-25,中京,3,3歳未勝利,芝,2200,左,晴,良,"2回 中京 6日目 サラ系３歳 未勝利       (混)[指] 馬齢 18頭 本賞金:550,220,140,83,55万円",18,550.0,13,1,1,アクイローネ,牡,3,57.0,幸,134.3,1/2,6,16.2,35.8,17-17-16-15,栗東 北出,424,4,
202407020603,2024-08-25,中京,3,3歳未勝利,芝,2200,左,晴,良,"2回 中京 6日目 サラ系３歳 未勝利       (混)[指] 馬齢 18頭 本賞金:550,220,140,83,55万円",18,550.0,14,6,11,チャンドラ,牡,3,56.0,☆西塚,134.6,1.3/4,7,26.5,37.0,8-7-4-6,栗東 藤原,448,4,
202407020603,2024-08-25,中京,3,3歳未勝利,芝,2200,左,晴,良,"2回 中京 6日目 サラ系３歳 未勝利       (混)[指] 馬齢 18頭 本賞金:550,220,140,83,55万円",18,550.0,15,5,9,スリーモーメント,牡,3,56.0,☆秋山稔,134.6,クビ,14,84.0,35.3,15-15-18-18,栗東 高橋忠,440,0,
202407020603,2024-08-25,中京,3,3歳未勝利,芝,2200,左,晴,良,"2回 中京 6日目 サラ系３歳 未勝利       (混)[指] 馬齢 18頭 本賞金:550,220,140,83,55万円",18,550.0,16,7,14,ナムラスカー,牡,3,57.0,小崎,134.7,1/2,15,89.0,37.1,4-4-4-6,栗東 高橋一,486,-2,
202407020603,2024-08-25,中京,3,3歳未勝利,芝,2200,左,晴,良,"2回 中京 6日目 サラ系３歳 未勝利       (混)[指] 馬齢 18頭 本賞金:550,220,140,83,55万円",18,550.0,17,5,10,マイネルアットーレ,牡,3,56.0,☆角田和,136.1,8,17,162.8,37.6,17-17-16-15,栗東 清水久,454,-8,
202407020603,2024-08-25,中京,3,3歳未勝利,芝,2200,左,晴,良,"2回 中京 6日目 サラ系３歳 未勝利       (混)[指] 馬齢 18頭 本賞金:550,220,140,83,55万円",18,550.0,18,7,15,オンザプラネット,牡,3,57.0,酒井,136.2,3/4,16,141.1,38.8,3-3-2-3,栗東 佐々木,488,-10,
202407020604,2024-08-25,中京,4,3歳未勝利,芝,1400,左,曇,良,"2回 中京 6日目 サラ系３歳 未勝利       (混)[指] 馬齢 17頭 本賞金:550,220,140,83,55万円",17,550.0,1,5,9,サーナーティオン,牡,3,57.0,鮫島駿,80.6,,3,3.7,34.3,1-1,栗東 藤岡,486,-8,
202407020604,2024-08-25,中京,4,3歳未勝利,芝,1400,左,曇,良,"2回 中京 6日目 サラ系３歳 未勝利       (混)[指] 馬齢 17頭 本賞金:550,220,140,83,55万円",17,550.0,2,4,8,エリカマルゲリータ,牝,3,55.0,岩田望,80.9,1.3/4,1,2.6,34.2,3-4,栗東 安田,472,6,
202407020604,2024-08-25,中京,4,3歳未勝利,芝,1400,左,曇,良,"2回 中京 6日目 サラ系３歳 未勝利       (混)[指] 馬齢 17頭 本賞金:550,220,140,83,55万円",17,550.0,3,7,14,レッドエヴァンス,牡,3,57.0,団野,81.2,2,2,3.7,34.3,6-6,栗東 音無,490,8,
202407020604,2024-08-25,中京,4,3歳未勝利,芝,1400,左,曇,良,"2回 中京 6日目 サラ系３歳 未勝利       (混)[指] 馬齢 17頭 本賞金:550,220,140,83,55万円",17,550.0,4,6,11,リーゼダムール,牝,3,55.0,国分優,81.5,1.3/4,11,70.6,35.1,2-2,栗東 辻野,408,4,
202407020604,2024-08-25,中京,4,3歳未勝利,芝,1400,左,曇,良,"2回 中京 6日目 サラ系３歳 未勝利       (混)[指] 馬齢 17頭 本賞金:550,220,140,83,55万円",17,550.0,5,2,4,デヴォート,牝,3,54.0,☆西塚,81.6,1/2,9,39.4,34.3,10-10,栗東 橋口,432,-2,
202407020604,2024-08-25,中京,4,3歳未勝利,芝,1400,左,曇,良,"2回 中京 6日目 サラ系３歳 未勝利       (混)[指] 馬齢 17頭 本賞金:550,220,140,83,55万円",17,550.0,6,3,5,カワ,牝,3,55.0,菱田,81.6,クビ,8,39.1,33.8,16-15,栗東 武幸,450,10,
202407020604,2024-08-25,中京,4,3歳未勝利,芝,1400,左,曇,良,"2回 中京 6日目 サラ系３歳 未勝利       (混)[指] 馬齢 17頭 本賞金:550,220,140,83,55万円",17,550.0,7,1,2,テーオーロバート,牡,3,56.0,☆小沢,81.6,アタマ,4,14.7,34.7,7-6,栗東 奥村豊,422,-10,
202407020604,2024-08-25,中京,4,3歳未勝利,芝,1400,左,曇,良,"2回 中京 6日目 サラ系３歳 未勝利       (混)[指] 馬齢 17頭 本賞金:550,220,140,83,55万円",17,550.0,8,1,1,アンクローシュ,牝,3,55.0,西村淳,81.8,3/4,5,14.8,35.2,3-3,栗東 小椋,422,12,
202407020604,2024-08-25,中京,4,3歳未勝利,芝,1400,左,曇,良,"2回 中京 6日目 サラ系３歳 未勝利       (混)[指] 馬齢 17頭 本賞金:550,220,140,83,55万円",17,550.0,9,8,16,シノノメ,牝,3,55.0,Ｍデム,81.9,3/4,7,38.0,34.7,9-8,栗東 大久保,438,0,
202407020604,2024-08-25,中京,4,3歳未勝利,芝,1400,左,曇,良,"2回 中京 6日目 サラ系３歳 未勝利       (混)[指] 馬齢 17頭 本賞金:550,220,140,83,55万円",17,550.0,10,7,13,ニシノミニョンヌ,牝,3,55.0,幸,82.1,1.1/2,13,80.6,34.5,13-13,栗東 宮本,400,8,
202407020604,2024-08-25,中京,4,3歳未勝利,芝,1400,左,曇,良,"2回 中京 6日目 サラ系３歳 未勝利       (混)[指] 馬齢 17頭 本賞金:550,220,140,83,55万円",17,550.0,11,3,6,サインオブハピネス,牝,3,54.0,☆泉谷,82.2,クビ,17,339.7,34.8,10-10,栗東 小栗,400,2,
202407020604,2024-08-25,中京,4,3歳未勝利,芝,1400,左,曇,良,"2回 中京 6日目 サラ系３歳 未勝利       (混)[指] 馬齢 17頭 本賞金:550,220,140,83,55万円",17,550.0,12,4,7,アキノサザン,牡,3,57.0,鮫島良,82.3,1,12,72.1,34.4,16-15,栗東 河嶋,488,-2,
202407020604,2024-08-25,中京,4,3歳未勝利,芝,1400,左,曇,良,"2回 中京 6日目 サラ系３歳 未勝利       (混)[指] 馬齢 17頭 本賞金:550,220,140,83,55万円",17,550.0,13,5,10,アスセナ,牝,3,55.0,川須,82.4,1/2,10,57.7,35.3,7-8,栗東 牧田,480,4,
202407020604,2024-08-25,中京,4,3歳未勝利,芝,1400,左,曇,良,"2回 中京 6日目 サラ系３歳 未勝利       (混)[指] 馬齢 17頭 本賞金:550,220,140,83,55万円",17,550.0,14,8,15,ジーティーウルス,牡,3,54.0,▲鷲頭,82.4,ハナ,14,265.5,35.0,10-10,栗東 森田,474,-4,
202407020604,2024-08-25,中京,4,3歳未勝利,芝,1400,左,曇,良,"2回 中京 6日目 サラ系３歳 未勝利       (混)[指] 馬齢 17頭 本賞金:550,220,140,83,55万円",17,550.0,15,8,17,ベイステート,牡,3,54.0,▲吉村,83.0,3.1/2,6,18.1,36.3,3-4,栗東 清水久,498,4,
202407020604,2024-08-25,中京,4,3歳未勝利,芝,1400,左,曇,良,"2回 中京 6日目 サラ系３歳 未勝利       (混)[指] 馬齢 17頭 本賞金:550,220,140,83,55万円",17,550.0,16,6,12,エザルターレ,牝,3,54.0,☆角田和,83.1,クビ,15,291.2,35.2,13-15,栗東 角田,414,-8,
202407020604,2024-08-25,中京,4,3歳未勝利,芝,1400,左,曇,良,"2回 中京 6日目 サラ系３歳 未勝利       (混)[指] 馬齢 17頭 本賞金:550,220,140,83,55万円",17,550.0,17,2,3,メイショウアユカゼ,牝,3,51.0,★河原田,83.6,3.1/2,16,303.8,35.9,13-14,栗東 荒川,382,10,
202407020605,2024-08-25,中京,5,2歳新馬,芝,2000,左,曇,良,"2回 中京 6日目 サラ系２歳 新馬       (混)[指] 馬齢 10頭 本賞金:720,290,180,110,72万円",10,720.0,1,7,8,クラウディアイ,牡,2,55.0,西村淳,122.6,,2,3.8,34.1,3-3-3-3,栗東 橋口,416,0,
202407020605,2024-08-25,中京,5,2歳新馬,芝,2000,左,曇,良,"2回 中京 6日目 サラ系２歳 新馬       (混)[指] 馬齢 10頭 本賞金:720,290,180,110,72万円",10,720.0,2,8,10,サトノクローザー,牡,2,55.0,Ｍデム,122.9,1.3/4,3,3.9,34.2,5-5-5-5,栗東 友道,518,0,
202407020605,2024-08-25,中京,5,2歳新馬,芝,2000,左,曇,良,"2回 中京 6日目 サラ系２歳 新馬       (混)[指] 馬齢 10頭 本賞金:720,290,180,110,72万円",10,720.0,3,8,9,ロカヒ,牡,2,55.0,酒井,123.3,2,1,3.5,34.7,4-4-4-3,栗東 飯田,460,0,
202407020605,2024-08-25,中京,5,2歳新馬,芝,2000,左,曇,良,"2回 中京 6日目 サラ系２歳 新馬       (混)[指] 馬齢 10頭 本賞金:720,290,180,110,72万円",10,720.0,4,5,5,ノボリディアマン,牡,2,55.0,幸,123.5,1.1/2,6,14.7,34.7,7-7-6-5,栗東 緒方,438,0,
202407020605,2024-08-25,中京,5,2歳新馬,芝,2000,左,曇,良,"2回 中京 6日目 サラ系２歳 新馬       (混)[指] 馬齢 10頭 本賞金:720,290,180,110,72万円",10,720.0,5,6,6,アイルランズコール,牡,2,55.0,鮫島駿,124.3,5,7,15.5,35.9,2-2-2-2,栗東 吉岡,488,0,
202407020605,2024-08-25,中京,5,2歳新馬,芝,2000,左,曇,良,"2回 中京 6日目 サラ系２歳 新馬       (混)[指] 馬齢 10頭 本賞金:720,290,180,110,72万円",10,720.0,6,7,7,サンライズフーガ,牡,2,55.0,菱田,124.4,3/4,9,68.2,34.7,10-10-10-10,栗東 河内,454,0,
202407020605,2024-08-25,中京,5,2歳新馬,芝,2000,左,曇,良,"2回 中京 6日目 サラ系２歳 新馬       (混)[指] 馬齢 10頭 本賞金:720,290,180,110,72万円",10,720.0,7,3,3,トルストイ,牡,2,55.0,団野,124.6,1.1/4,5,8.4,35.2,9-9-9-8,栗東 杉山晴,508,0,
202407020605,2024-08-25,中京,5,2歳新馬,芝,2000,左,曇,良,"2回 中京 6日目 サラ系２歳 新馬       (混)[指] 馬齢 10頭 本賞金:720,290,180,110,72万円",10,720.0,8,2,2,ルセルマンダムール,牡,2,55.0,池添,125.1,3,4,7.9,35.8,8-8-7-8,栗東 松永幹,466,0,
202407020605,2024-08-25,中京,5,2歳新馬,芝,2000,左,曇,良,"2回 中京 6日目 サラ系２歳 新馬       (混)[指] 馬齢 10頭 本賞金:720,290,180,110,72万円",10,720.0,9,4,4,ノーザトゥルース,牝,2,52.0,▲柴田裕,125.3,1,10,90.3,36.2,6-6-7-7,栗東 村山,456,0,
202407020605,2024-08-25,中京,5,2歳新馬,芝,2000,左,曇,良,"2回 中京 6日目 サラ系２歳 新馬       (混)[指] 馬齢 10頭 本賞金:720,290,180,110,72万円",10,720.0,10,1,1,インディゴアスール,牡,2,55.0,国分恭,125.3,クビ,8,18.5,37.0,1-1-1-1,栗東 鈴木孝,504,0,
202407020606,2024-08-25,中京,6,3歳以上1勝クラス,ダ,1400,左,曇,良,"2回 中京 6日目 サラ系３歳以上 １勝クラス       牝[指] 定量 16頭 本賞金:800,320,200,120,80万円",16,800.0,1,5,9,ブループリマドンナ,牝,3,53.0,酒井,84.9,,6,13.1,36.6,13-14,栗東 小林,472,14,
202407020606,2024-08-25,中京,6,3歳以上1勝クラス,ダ,1400,左,曇,良,"2回 中京 6日目 サラ系３歳以上 １勝クラス       牝[指] 定量 16頭 本賞金:800,320,200,120,80万円",16,800.0,2,8,15,タガノミスト,牝,3,50.0,▲鷲頭,84.9,クビ,1,3.6,38.2,1-1,栗東 庄野,468,6,
202407020606,2024-08-25,中京,6,3歳以上1勝クラス,ダ,1400,左,曇,良,"2回 中京 6日目 サラ系３歳以上 １勝クラス       牝[指] 定量 16頭 本賞金:800,320,200,120,80万円",16,800.0,3,2,3,ライズンシャイン,牝,6,53.0,▲柴田裕,85.1,1.1/4,13,69.5,36.7,15-13,栗東 岡田,514,18,
202407020606,2024-08-25,中京,6,3歳以上1勝クラス,ダ,1400,左,曇,良,"2回 中京 6日目 サラ系３歳以上 １勝クラス       牝[指] 定量 16頭 本賞金:800,320,200,120,80万円",16,800.0,4,7,13,ルージュシェノン,牝,5,56.0,鮫島駿,85.4,1.3/4,5,12.5,37.7,7-7,栗東 石坂,460,10,
202407020606,2024-08-25,中京,6,3歳以上1勝クラス,ダ,1400,左,曇,良,"2回 中京 6日目 サラ系３歳以上 １勝クラス       牝[指] 定量 16頭 本賞金:800,320,200,120,80万円",16,800.0,5,7,14,キスオンザチーク,牝,4,56.0,小崎,85.5,クビ,11,40.8,37.2,13-14,栗東 小崎,504,-5,
202407020606,2024-08-25,中京,6,3歳以上1勝クラス,ダ,1400,左,曇,良,"2回 中京 6日目 サラ系３歳以上 １勝クラス       牝[指] 定量 16頭 本賞金:800,320,200,120,80万円",16,800.0,6,4,7,チアフルヴォイス,牝,3,53.0,菱田,85.8,2,14,93.4,38.4,4-4,栗東 坂口,446,-2,
202407020606,2024-08-25,中京,6,3歳以上1勝クラス,ダ,1400,左,曇,良,"2回 中京 6日目 サラ系３歳以上 １勝クラス       牝[指] 定量 16頭 本賞金:800,320,200,120,80万円",16,800.0,7,2,4,セットリスト,牝,5,56.0,Ｍデム,85.9,1/2,4,7.6,38.4,6-6,栗東 畑端,500,2,
202407020606,2024-08-25,中京,6,3歳以上1勝クラス,ダ,1400,左,曇,良,"2回 中京 6日目 サラ系３歳以上 １勝クラス       牝[指] 定量 16頭 本賞金:800,320,200,120,80万円",16,800.0,8,3,6,クインズセレネ,牝,3,53.0,岩田望,86.1,1.1/2,9,28.0,38.9,3-3,栗東 野中,476,12,
202407020606,2024-08-25,中京,6,3歳以上1勝クラス,ダ,1400,左,曇,良,"2回 中京 6日目 サラ系３歳以上 １勝クラス       牝[指] 定量 16頭 本賞金:800,320,200,120,80万円",16,800.0,9,6,11,ファイアネイド,牝,4,53.0,▲吉村,86.2,3/4,3,6.4,38.6,7-7,栗東 安田,478,4,
202407020606,2024-08-25,中京,6,3歳以上1勝クラス,ダ,1400,左,曇,良,"2回 中京 6日目 サラ系３歳以上 １勝クラス       牝[指] 定量 16頭 本賞金:800,320,200,120,80万円",16,800.0,10,4,8,シャウラ,牝,4,56.0,団野,86.3,クビ,12,48.0,38.2,11-12,栗東 高橋忠,462,-4,
202407020606,2024-08-25,中京,6,3歳以上1勝クラス,ダ,1400,左,曇,良,"2回 中京 6日目 サラ系３歳以上 １勝クラス       牝[指] 定量 16頭 本賞金:800,320,200,120,80万円",16,800.0,11,6,12,セイウンデセオ,牝,3,53.0,幸,86.8,3,7,14.2,38.8,11-10,栗東 吉村,476,6,
202407020606,2024-08-25,中京,6,3歳以上1勝クラス,ダ,1400,左,曇,良,"2回 中京 6日目 サラ系３歳以上 １勝クラス       牝[指] 定量 16頭 本賞金:800,320,200,120,80万円",16,800.0,12,5,10,デアデルマーレ,牝,4,56.0,長岡,87.0,1.1/2,10,28.7,40.2,2-2,栗東 坂口,482,-6,
202407020606,2024-08-25,中京,6,3歳以上1勝クラス,ダ,1400,左,曇,良,"2回 中京 6日目 サラ系３歳以上 １勝クラス       牝[指] 定量 16頭 本賞金:800,320,200,120,80万円",16,800.0,13,3,5,スマートジェイナ,牝,4,52.0,★河原田,87.5,3,2,3.7,40.2,4-4,栗東 大久保,446,2,
202407020606,2024-08-25,中京,6,3歳以上1勝クラス,ダ,1400,左,曇,良,"2回 中京 6日目 サラ系３歳以上 １勝クラス       牝[指] 定量 16頭 本賞金:800,320,200,120,80万円",16,800.0,14,8,16,ディーノサンライズ,牝,3,52.0,☆西塚,87.7,1.1/4,15,287.3,39.8,9-10,栗東 高橋康,438,-6,
202407020606,2024-08-25,中京,6,3歳以上1勝クラス,ダ,1400,左,曇,良,"2回 中京 6日目 サラ系３歳以上 １勝クラス       牝[指] 定量 16頭 本賞金:800,320,200,120,80万円",16,800.0,15,1,2,ジョウゲンノツキ,牝,3,53.0,西村淳,88.6,5,8,20.9,40.7,9-7,栗東 牧田,460,24,
202407020606,2024-08-25,中京,6,3歳以上1勝クラス,ダ,1400,左,曇,良,"2回 中京 6日目 サラ系３歳以上 １勝クラス       牝[指] 定量 16頭 本賞金:800,320,200,120,80万円",16,800.0,,1,1,フォルテローザ,牝,3,53.0,池添,,,,,,,栗東 斉藤崇,,,取消
202407020607,2024-08-25,中京,7,3歳以上1勝クラス,ダ,1900,左,曇,良,"2回 中京 6日目 サラ系３歳以上 １勝クラス       (特指) 定量 14頭 本賞金:800,320,200,120,80万円",14,800.0,1,8,13,カズタンジャー,牡,3,55.0,西村淳,119.6,,2,4.8,39.0,2-2-2-2,栗東 新谷,492,4,
202407020607,2024-08-25,中京,7,3歳以上1勝クラス,ダ,1900,左,曇,良,"2回 中京 6日目 サラ系３歳以上 １勝クラス       (特指) 定量 14頭 本賞金:800,320,200,120,80万円",14,800.0,2,6,9,アスクデビューモア,牡,3,54.0,☆小沢,119.9,1.3/4,4,5.7,37.5,12-11-10-10,栗東 福永,468,4,
202407020607,2024-08-25,中京,7,3歳以上1勝クラス,ダ,1900,左,曇,良,"2回 中京 6日目 サラ系３歳以上 １勝クラス       (特指) 定量 14頭 本賞金:800,320,200,120,80万円",14,800.0,3,7,12,ジョータルマエ,セ,4,58.0,鮫島良,120.0,3/4,3,5.5,39.5,1-1-1-1,栗東 河嶋,488,4,
202407020607,2024-08-25,中京,7,3歳以上1勝クラス,ダ,1900,左,曇,良,"2回 中京 6日目 サラ系３歳以上 １勝クラス       (特指) 定量 14頭 本賞金:800,320,200,120,80万円",14,800.0,4,8,14,マサハヤウォルズ,牡,4,54.0,★河原田,120.7,4,8,18.8,40.0,2-2-2-3,栗東 今野,462,-12,
202407020607,2024-08-25,中京,7,3歳以上1勝クラス,ダ,1900,左,曇,良,"2回 中京 6日目 サラ系３歳以上 １勝クラス       (特指) 定量 14頭 本賞金:800,320,200,120,80万円",14,800.0,5,4,6,ディズレーリ,セ,4,58.0,菱田,121.1,2.1/2,6,16.0,39.0,11-11-9-8,美浦 池上,506,2,
202407020607,2024-08-25,中京,7,3歳以上1勝クラス,ダ,1900,左,曇,良,"2回 中京 6日目 サラ系３歳以上 １勝クラス       (特指) 定量 14頭 本賞金:800,320,200,120,80万円",14,800.0,6,5,8,ルシュヴァルドール,牡,3,55.0,岩田望,121.2,3/4,1,2.8,39.5,9-9-6-6,栗東 矢作,534,-12,
202407020607,2024-08-25,中京,7,3歳以上1勝クラス,ダ,1900,左,曇,良,"2回 中京 6日目 サラ系３歳以上 １勝クラス       (特指) 定量 14頭 本賞金:800,320,200,120,80万円",14,800.0,7,4,5,レジェンドシップ,セ,4,58.0,Ｍデム,121.3,3/4,9,21.0,39.9,5-5-5-5,栗東 奥村豊,436,-2,
202407020607,2024-08-25,中京,7,3歳以上1勝クラス,ダ,1900,左,曇,良,"2回 中京 6日目 サラ系３歳以上 １勝クラス       (特指) 定量 14頭 本賞金:800,320,200,120,80万円",14,800.0,8,5,7,ウィンターガーデン,牝,3,50.0,▲吉村,121.5,3/4,7,17.7,40.2,4-4-4-4,栗東 武幸,478,12,
202407020607,2024-08-25,中京,7,3歳以上1勝クラス,ダ,1900,左,曇,良,"2回 中京 6日目 サラ系３歳以上 １勝クラス       (特指) 定量 14頭 本賞金:800,320,200,120,80万円",14,800.0,9,6,10,オープンワンセルフ,牡,3,55.0,鮫島駿,122.4,5,5,10.4,40.8,6-6-6-6,栗東 小栗,498,8,
202407020607,2024-08-25,中京,7,3歳以上1勝クラス,ダ,1900,左,曇,良,"2回 中京 6日目 サラ系３歳以上 １勝クラス       (特指) 定量 14頭 本賞金:800,320,200,120,80万円",14,800.0,10,3,3,マテンロウミラクル,牡,3,52.0,▲柴田裕,122.8,2.1/2,11,125.3,40.8,7-7-8-8,栗東 佐々木,500,-4,
202407020607,2024-08-25,中京,7,3歳以上1勝クラス,ダ,1900,左,曇,良,"2回 中京 6日目 サラ系３歳以上 １勝クラス       (特指) 定量 14頭 本賞金:800,320,200,120,80万円",14,800.0,11,3,4,メイショウマツリ,牡,3,55.0,太宰,123.1,1.3/4,10,89.8,40.7,8-8-10-11,栗東 松永幹,494,-2,
202407020607,2024-08-25,中京,7,3歳以上1勝クラス,ダ,1900,左,曇,良,"2回 中京 6日目 サラ系３歳以上 １勝クラス       (特指) 定量 14頭 本賞金:800,320,200,120,80万円",14,800.0,12,1,1,ショウナンサルヴォ,牡,6,55.0,▲鷲頭,124.2,7,12,168.7,41.1,12-13-13-12,美浦 西田,510,-6,
202407020607,2024-08-25,中京,7,3歳以上1勝クラス,ダ,1900,左,曇,良,"2回 中京 6日目 サラ系３歳以上 １勝クラス       (特指) 定量 14頭 本賞金:800,320,200,120,80万円",14,800.0,13,7,11,ユウトザアシゲ,牡,3,55.0,国分優,125.6,8,14,428.1,41.3,12-14-14-14,栗東 藤沢,492,-18,
202407020607,2024-08-25,中京,7,3歳以上1勝クラス,ダ,1900,左,曇,良,"2回 中京 6日目 サラ系３歳以上 １勝クラス       (特指) 定量 14頭 本賞金:800,320,200,120,80万円",14,800.0,14,2,2,オックスブラッド,牝,3,50.0,▲橋木,126.5,5,13,228.2,43.9,9-9-12-12,栗東 西園翔,508,-4,
202407020608,2024-08-25,中京,8,3歳以上1勝クラス,芝,1600,左,曇,良,"2回 中京 6日目 サラ系３歳以上 １勝クラス       [指] 定量 16頭 本賞金:800,320,200,120,80万円",16,800.0,1,7,14,ハワイアンティアレ,牝,3,53.0,Ｍデム,93.3,,2,4.0,33.6,10-10-11,栗東 松永幹,428,8,
202407020608,2024-08-25,中京,8,3歳以上1勝クラス,芝,1600,左,曇,良,"2回 中京 6日目 サラ系３歳以上 １勝クラス       [指] 定量 16頭 本賞金:800,320,200,120,80万円",16,800.0,2,2,4,バレルターン,牡,3,55.0,西村淳,93.4,1,1,3.5,34.2,4-5-5,栗東 茶木,476,-6,
202407020608,2024-08-25,中京,8,3歳以上1勝クラス,芝,1600,左,曇,良,"2回 中京 6日目 サラ系３歳以上 １勝クラス       [指] 定量 16頭 本賞金:800,320,200,120,80万円",16,800.0,3,3,6,ダイヤモンドハンズ,牡,4,58.0,鮫島駿,93.4,アタマ,3,4.7,34.0,9-7-7,栗東 池江,518,12,
202407020608,2024-08-25,中京,8,3歳以上1勝クラス,芝,1600,左,曇,良,"2回 中京 6日目 サラ系３歳以上 １勝クラス       [指] 定量 16頭 本賞金:800,320,200,120,80万円",16,800.0,4,6,12,エガオニナッテ,牝,3,52.0,☆秋山稔,93.9,3,13,187.8,34.0,12-10-12,栗東 高橋康,448,8,
202407020608,2024-08-25,中京,8,3歳以上1勝クラス,芝,1600,左,曇,良,"2回 中京 6日目 サラ系３歳以上 １勝クラス       [指] 定量 16頭 本賞金:800,320,200,120,80万円",16,800.0,5,5,9,レオンバローズ,牡,5,58.0,岩田望,94.0,1,6,15.1,34.5,10-10-7,栗東 渡辺,472,2,
202407020608,2024-08-25,中京,8,3歳以上1勝クラス,芝,1600,左,曇,良,"2回 中京 6日目 サラ系３歳以上 １勝クラス       [指] 定量 16頭 本賞金:800,320,200,120,80万円",16,800.0,6,5,10,サンライズプルート,牡,4,54.0,★河原田,94.6,3.1/2,7,17.0,35.2,6-7-7,栗東 音無,480,12,
202407020608,2024-08-25,中京,8,3歳以上1勝クラス,芝,1600,左,曇,良,"2回 中京 6日目 サラ系３歳以上 １勝クラス       [指] 定量 16頭 本賞金:800,320,200,120,80万円",16,800.0,7,4,7,ゴーマックス,セ,4,58.0,団野,94.6,クビ,8,31.9,35.9,1-1-1,栗東 武幸,488,-4,
202407020608,2024-08-25,中京,8,3歳以上1勝クラス,芝,1600,左,曇,良,"2回 中京 6日目 サラ系３歳以上 １勝クラス       [指] 定量 16頭 本賞金:800,320,200,120,80万円",16,800.0,8,3,5,モアニ,牝,3,52.0,☆小沢,94.7,クビ,4,6.9,35.7,4-3-3,栗東 高橋康,462,10,
202407020608,2024-08-25,中京,8,3歳以上1勝クラス,芝,1600,左,曇,良,"2回 中京 6日目 サラ系３歳以上 １勝クラス       [指] 定量 16頭 本賞金:800,320,200,120,80万円",16,800.0,9,8,15,テクノデザイン,牝,4,53.0,▲鷲頭,94.8,1/2,10,96.0,34.9,12-13-12,栗東 千田,432,0,
202407020608,2024-08-25,中京,8,3歳以上1勝クラス,芝,1600,左,曇,良,"2回 中京 6日目 サラ系３歳以上 １勝クラス       [指] 定量 16頭 本賞金:800,320,200,120,80万円",16,800.0,10,4,8,ポルトドール,牡,4,58.0,幸,94.8,ハナ,12,127.6,36.0,2-2-2,栗東 小栗,454,-4,
202407020608,2024-08-25,中京,8,3歳以上1勝クラス,芝,1600,左,曇,良,"2回 中京 6日目 サラ系３歳以上 １勝クラス       [指] 定量 16頭 本賞金:800,320,200,120,80万円",16,800.0,11,1,2,ウインステファノス,牡,3,55.0,長岡,95.0,1,11,113.4,36.0,2-3-3,栗東 西園正,494,-6,
202407020608,2024-08-25,中京,8,3歳以上1勝クラス,芝,1600,左,曇,良,"2回 中京 6日目 サラ系３歳以上 １勝クラス       [指] 定量 16頭 本賞金:800,320,200,120,80万円",16,800.0,12,8,16,ニックオブタイム,牡,3,55.0,中井,95.1,1/2,5,6.9,35.7,6-7-7,栗東 中内田,472,-10,
202407020608,2024-08-25,中京,8,3歳以上1勝クラス,芝,1600,左,曇,良,"2回 中京 6日目 サラ系３歳以上 １勝クラス       [指] 定量 16頭 本賞金:800,320,200,120,80万円",16,800.0,13,7,13,ジュントネフ,牡,3,52.0,▲吉村,95.4,2,9,33.9,36.2,6-5-5,栗東 清水久,506,-2,
202407020608,2024-08-25,中京,8,3歳以上1勝クラス,芝,1600,左,曇,良,"2回 中京 6日目 サラ系３歳以上 １勝クラス       [指] 定量 16頭 本賞金:800,320,200,120,80万円",16,800.0,14,6,11,クヴェレ,牡,3,55.0,菱田,95.6,1.1/4,14,338.3,35.2,14-14-14,栗東 鈴木孝,448,-5,
202407020608,2024-08-25,中京,8,3歳以上1勝クラス,芝,1600,左,曇,良,"2回 中京 6日目 サラ系３歳以上 １勝クラス       [指] 定量 16頭 本賞金:800,320,200,120,80万円",16,800.0,15,2,3,ツェルニー,牝,3,50.0,▲柴田裕,96.6,6,15,369.8,34.8,15-15-15,栗東 坂口,436,-2,
202407020608,2024-08-25,中京,8,3歳以上1勝クラス,芝,1600,左,曇,良,"2回 中京 6日目 サラ系３歳以上 １勝クラス       [指] 定量 16頭 本賞金:800,320,200,120,80万円",16,800.0,,1,1,リアライズ,牡,4,58.0,太宰,,,,,,,栗東 石橋,,,取消
202407020609,2024-08-25,中京,9,大府特別,ダ,1800,左,曇,良,"2回 中京 6日目 サラ系３歳以上 ２勝クラス       (混)(特指) 定量 16頭 本賞金:1550,620,390,230,155万円",16,1550.0,1,8,15,カズペトシーン,牡,4,58.0,鮫島駿,112.2,,3,5.9,36.0,12-12-12-12,栗東 池添,488,4,
202407020609,2024-08-25,中京,9,大府特別,ダ,1800,左,曇,良,"2回 中京 6日目 サラ系３歳以上 ２勝クラス       (混)(特指) 定量 16頭 本賞金:1550,620,390,230,155万円",16,1550.0,2,5,10,ポッドロゴ,牡,3,55.0,西村淳,113.2,6,1,1.9,37.2,10-11-10-10,栗東 西園正,470,4,
202407020609,2024-08-25,中京,9,大府特別,ダ,1800,左,曇,良,"2回 中京 6日目 サラ系３歳以上 ２勝クラス       (混)(特指) 定量 16頭 本賞金:1550,620,390,230,155万円",16,1550.0,3,6,11,ダディーズトリップ,牡,8,58.0,幸,113.3,1/2,13,76.4,36.9,14-14-13-12,栗東 千田,462,-6,
202407020609,2024-08-25,中京,9,大府特別,ダ,1800,左,曇,良,"2回 中京 6日目 サラ系３歳以上 ２勝クラス       (混)(特指) 定量 16頭 本賞金:1550,620,390,230,155万円",16,1550.0,4,4,7,サンライズゴラッソ,牡,6,58.0,菱田,113.5,1.1/2,5,25.6,38.5,7-7-1-1,栗東 河内,502,0,
202407020609,2024-08-25,中京,9,大府特別,ダ,1800,左,曇,良,"2回 中京 6日目 サラ系３歳以上 ２勝クラス       (混)(特指) 定量 16頭 本賞金:1550,620,390,230,155万円",16,1550.0,5,3,5,ワンダフルトゥデイ,牡,5,58.0,水口,113.6,1/2,8,41.6,38.3,6-6-2-3,栗東 中尾,528,-2,
202407020609,2024-08-25,中京,9,大府特別,ダ,1800,左,曇,良,"2回 中京 6日目 サラ系３歳以上 ２勝クラス       (混)(特指) 定量 16頭 本賞金:1550,620,390,230,155万円",16,1550.0,6,7,14,ムジェロ,牡,4,58.0,角田和,113.8,1,2,3.5,38.1,7-9-7-7,栗東 藤原,504,4,
202407020609,2024-08-25,中京,9,大府特別,ダ,1800,左,曇,良,"2回 中京 6日目 サラ系３歳以上 ２勝クラス       (混)(特指) 定量 16頭 本賞金:1550,620,390,230,155万円",16,1550.0,7,7,13,レッドベルアーム,牡,5,58.0,小崎,113.8,クビ,6,32.1,38.3,4-4-6-6,栗東 藤原,514,-10,
202407020609,2024-08-25,中京,9,大府特別,ダ,1800,左,曇,良,"2回 中京 6日目 サラ系３歳以上 ２勝クラス       (混)(特指) 定量 16頭 本賞金:1550,620,390,230,155万円",16,1550.0,8,5,9,プレイサーゴールド,牡,4,58.0,小沢,114.0,1.1/4,11,57.2,38.2,5-5-7-7,栗東 今野,492,0,
202407020609,2024-08-25,中京,9,大府特別,ダ,1800,左,曇,良,"2回 中京 6日目 サラ系３歳以上 ２勝クラス       (混)(特指) 定量 16頭 本賞金:1550,620,390,230,155万円",16,1550.0,9,4,8,タッチャブル,牡,4,58.0,団野,114.2,1,7,36.1,38.2,12-12-10-10,栗東 中村,510,-8,
202407020609,2024-08-25,中京,9,大府特別,ダ,1800,左,曇,良,"2回 中京 6日目 サラ系３歳以上 ２勝クラス       (混)(特指) 定量 16頭 本賞金:1550,620,390,230,155万円",16,1550.0,10,1,2,プラチナドリーム,牡,5,58.0,Ｍデム,114.5,1.1/2,12,64.1,38.0,15-15-15-15,栗東 平田,470,2,
202407020609,2024-08-25,中京,9,大府特別,ダ,1800,左,曇,良,"2回 中京 6日目 サラ系３歳以上 ２勝クラス       (混)(特指) 定量 16頭 本賞金:1550,620,390,230,155万円",16,1550.0,11,6,12,ディヴァージオン,牝,4,56.0,池添,115.2,4,10,55.4,39.9,3-3-2-3,栗東 藤岡,444,-4,
202407020609,2024-08-25,中京,9,大府特別,ダ,1800,左,曇,良,"2回 中京 6日目 サラ系３歳以上 ２勝クラス       (混)(特指) 定量 16頭 本賞金:1550,620,390,230,155万円",16,1550.0,12,2,3,ハイラブハンター,牡,6,58.0,柴田裕,115.5,1.1/2,16,426.8,39.2,7-7-13-14,栗東 谷,492,2,
202407020609,2024-08-25,中京,9,大府特別,ダ,1800,左,曇,良,"2回 中京 6日目 サラ系３歳以上 ２勝クラス       (混)(特指) 定量 16頭 本賞金:1550,620,390,230,155万円",16,1550.0,13,1,1,コウユーパパニニテ,牡,5,58.0,吉村,115.6,1/2,15,302.0,38.8,15-15-16-16,美浦 辻,528,2,
202407020609,2024-08-25,中京,9,大府特別,ダ,1800,左,曇,良,"2回 中京 6日目 サラ系３歳以上 ２勝クラス       (混)(特指) 定量 16頭 本賞金:1550,620,390,230,155万円",16,1550.0,14,3,6,インテンスフレイム,牡,6,58.0,岩田望,115.8,1,4,16.2,40.1,10-9-7-7,栗東 千田,526,10,
202407020609,2024-08-25,中京,9,大府特別,ダ,1800,左,曇,良,"2回 中京 6日目 サラ系３歳以上 ２勝クラス       (混)(特指) 定量 16頭 本賞金:1550,620,390,230,155万円",16,1550.0,15,2,4,エンプレスペイ,牝,4,56.0,国分優,115.8,アタマ,14,125.3,40.6,2-1-2-2,栗東 小栗,450,-2,
202407020609,2024-08-25,中京,9,大府特別,ダ,1800,左,曇,良,"2回 中京 6日目 サラ系３歳以上 ２勝クラス       (混)(特指) 定量 16頭 本賞金:1550,620,390,230,155万円",16,1550.0,16,8,16,グレン,牡,4,58.0,西塚,116.2,2.1/2,9,45.1,41.0,1-2-2-3,栗東 野中,494,4,
202407020610,2024-08-25,中京,10,長久手特別,芝,2000,左,曇,良,"2回 中京 6日目 サラ系３歳以上 ２勝クラス       牝(特指) 定量 7頭 本賞金:1550,620,390,230,155万円",7,1550.0,1,6,6,チルカーノ,牝,3,53.0,西村淳,119.2,,3,5.0,33.8,4-4-4-4,栗東 高野,456,4,
202407020610,2024-08-25,中京,10,長久手特別,芝,2000,左,曇,良,"2回 中京 6日目 サラ系３歳以上 ２勝クラス       牝(特指) 定量 7頭 本賞金:1550,620,390,230,155万円",7,1550.0,2,3,3,イトカワサクラ,牝,4,56.0,国分恭,119.3,3/4,4,6.8,33.7,6-6-5-5,栗東 牧田,466,18,
202407020610,2024-08-25,中京,10,長久手特別,芝,2000,左,曇,良,"2回 中京 6日目 サラ系３歳以上 ２勝クラス       牝(特指) 定量 7頭 本賞金:1550,620,390,230,155万円",7,1550.0,3,1,1,マンデヴィラ,牝,4,56.0,小崎,119.5,1.1/2,5,13.7,34.4,3-3-3-2,栗東 福永,438,6,
202407020610,2024-08-25,中京,10,長久手特別,芝,2000,左,曇,良,"2回 中京 6日目 サラ系３歳以上 ２勝クラス       牝(特指) 定量 7頭 本賞金:1550,620,390,230,155万円",7,1550.0,4,5,5,カンティプール,牝,5,56.0,岩田望,120.2,4,1,1.8,35.1,2-2-2-2,栗東 渡辺,488,0,
202407020610,2024-08-25,中京,10,長久手特別,芝,2000,左,曇,良,"2回 中京 6日目 サラ系３歳以上 ２勝クラス       牝(特指) 定量 7頭 本賞金:1550,620,390,230,155万円",7,1550.0,5,4,4,メルトユアハート,牝,3,53.0,鮫島駿,120.5,2,2,3.7,35.6,1-1-1-1,栗東 長谷川,492,-2,
202407020610,2024-08-25,中京,10,長久手特別,芝,2000,左,曇,良,"2回 中京 6日目 サラ系３歳以上 ２勝クラス       牝(特指) 定量 7頭 本賞金:1550,620,390,230,155万円",7,1550.0,6,2,2,コイニョウボウ,牝,4,56.0,幸,120.6,クビ,6,34.3,34.8,7-7-7-7,栗東 中尾,418,2,
202407020610,2024-08-25,中京,10,長久手特別,芝,2000,左,曇,良,"2回 中京 6日目 サラ系３歳以上 ２勝クラス       牝(特指) 定量 7頭 本賞金:1550,620,390,230,155万円",7,1550.0,7,7,7,アイタカ,牝,3,53.0,角田和,121.9,8,7,148.2,36.3,5-5-5-5,栗東 谷,408,0,
202407020611,2024-08-25,中京,11,名鉄杯,ダ,1800,左,曇,良,"2回 中京 6日目 サラ系３歳以上 オープン       (国際)(特指) 別定 13頭 本賞金:2200,880,550,330,220万円",13,2200.0,1,7,10,バハルダール,牡,5,57.0,水口,111.6,,6,15.4,37.3,12-12-11-10,栗東 池江,500,-18,
202407020611,2024-08-25,中京,11,名鉄杯,ダ,1800,左,曇,良,"2回 中京 6日目 サラ系３歳以上 オープン       (国際)(特指) 別定 13頭 本賞金:2200,880,550,330,220万円",13,2200.0,2,6,9,リチュアル,セ,5,57.0,団野,111.6,アタマ,2,5.1,37.7,8-8-6-5,栗東 田中克,516,0,
202407020611,2024-08-25,中京,11,名鉄杯,ダ,1800,左,曇,良,"2回 中京 6日目 サラ系３歳以上 オープン       (国際)(特指) 別定 13頭 本賞金:2200,880,550,330,220万円",13,2200.0,3,8,12,サンデーファンデー,牡,4,57.0,池添,111.6,ハナ,8,21.8,38.0,4-4-3-2,栗東 音無,508,-16,
202407020611,2024-08-25,中京,11,名鉄杯,ダ,1800,左,曇,良,"2回 中京 6日目 サラ系３歳以上 オープン       (国際)(特指) 別定 13頭 本賞金:2200,880,550,330,220万円",13,2200.0,4,5,6,ザイツィンガー,牡,8,57.0,国分恭,111.7,クビ,11,51.2,37.3,10-11-12-11,栗東 牧田,430,-8,
202407020611,2024-08-25,中京,11,名鉄杯,ダ,1800,左,曇,良,"2回 中京 6日目 サラ系３歳以上 オープン       (国際)(特指) 別定 13頭 本賞金:2200,880,550,330,220万円",13,2200.0,5,2,2,トウセツ,牡,5,57.0,Ｍデム,111.8,1/2,3,6.5,37.8,10-10-6-7,栗東 杉山佳,482,-12,
202407020611,2024-08-25,中京,11,名鉄杯,ダ,1800,左,曇,良,"2回 中京 6日目 サラ系３歳以上 オープン       (国際)(特指) 別定 13頭 本賞金:2200,880,550,330,220万円",13,2200.0,6,1,1,メイショウユズルハ,牡,5,57.0,菱田,112.2,2.1/2,10,32.7,37.6,12-13-13-12,栗東 岡田,488,4,
202407020611,2024-08-25,中京,11,名鉄杯,ダ,1800,左,曇,良,"2回 中京 6日目 サラ系３歳以上 オープン       (国際)(特指) 別定 13頭 本賞金:2200,880,550,330,220万円",13,2200.0,7,3,3,ブライアンセンス,牡,4,57.0,岩田望,112.6,2,1,2.3,38.5,9-9-10-7,美浦 斎藤誠,522,8,
202407020611,2024-08-25,中京,11,名鉄杯,ダ,1800,左,曇,良,"2回 中京 6日目 サラ系３歳以上 オープン       (国際)(特指) 別定 13頭 本賞金:2200,880,550,330,220万円",13,2200.0,8,4,5,タイセイドレフォン,牡,5,58.0,幸,112.9,2,4,7.5,39.0,6-7-6-7,栗東 西村,504,2,
202407020611,2024-08-25,中京,11,名鉄杯,ダ,1800,左,曇,良,"2回 中京 6日目 サラ系３歳以上 オープン       (国際)(特指) 別定 13頭 本賞金:2200,880,550,330,220万円",13,2200.0,9,7,11,サンマルレジェンド,牡,6,57.0,酒井,114.3,8,9,27.3,40.7,3-3-3-2,栗東 大橋,482,4,
202407020611,2024-08-25,中京,11,名鉄杯,ダ,1800,左,曇,良,"2回 中京 6日目 サラ系３歳以上 オープン       (国際)(特指) 別定 13頭 本賞金:2200,880,550,330,220万円",13,2200.0,10,5,7,ハギノアトラス,セ,8,57.0,小沢,114.4,1/2,12,87.0,40.8,4-4-3-2,栗東 鮫島,478,0,
202407020611,2024-08-25,中京,11,名鉄杯,ダ,1800,左,曇,良,"2回 中京 6日目 サラ系３歳以上 オープン       (国際)(特指) 別定 13頭 本賞金:2200,880,550,330,220万円",13,2200.0,11,6,8,ロードヴァレンチ,セ,5,57.0,川須,116.0,10,5,15.0,43.5,1-1-1-1,美浦 中舘,490,-8,
202407020611,2024-08-25,中京,11,名鉄杯,ダ,1800,左,曇,良,"2回 中京 6日目 サラ系３歳以上 オープン       (国際)(特指) 別定 13頭 本賞金:2200,880,550,330,220万円",13,2200.0,12,8,13,メイショウドヒョウ,牡,7,57.0,太宰,117.4,9,13,103.4,43.4,7-6-6-13,栗東 西園正,492,-8,
202407020611,2024-08-25,中京,11,名鉄杯,ダ,1800,左,曇,良,"2回 中京 6日目 サラ系３歳以上 オープン       (国際)(特指) 別定 13頭 本賞金:2200,880,550,330,220万円",13,2200.0,13,4,4,テーオーサンドニ,牡,5,57.0,鮫島駿,123.7,大,7,16.0,50.9,2-2-2-5,栗東 高柳大,,,
202407020612,2024-08-25,中京,12,3歳以上1勝クラス,ダ,1200,左,曇,良,"2回 中京 6日目 サラ系３歳以上 １勝クラス       (混)[指] 定量 15頭 本賞金:800,320,200,120,80万円",15,800.0,1,5,8,スターターン,牡,3,56.0,幸,71.6,,1,1.6,36.5,6-4,栗東 坂口,478,14,
202407020612,2024-08-25,中京,12,3歳以上1勝クラス,ダ,1200,左,曇,良,"2回 中京 6日目 サラ系３歳以上 １勝クラス       (混)[指] 定量 15頭 本賞金:800,320,200,120,80万円",15,800.0,2,5,9,ライジン,牡,4,58.0,岩田望,72.0,2,5,17.5,37.1,4-4,栗東 池添,492,-4,
202407020612,2024-08-25,中京,12,3歳以上1勝クラス,ダ,1200,左,曇,良,"2回 中京 6日目 サラ系３歳以上 １勝クラス       (混)[指] 定量 15頭 本賞金:800,320,200,120,80万円",15,800.0,3,6,10,ボブズヤアンクル,セ,5,58.0,菱田,72.2,1.1/2,8,42.6,36.5,15-12,栗東 大久保,536,-8,
202407020612,2024-08-25,中京,12,3歳以上1勝クラス,ダ,1200,左,曇,良,"2回 中京 6日目 サラ系３歳以上 １勝クラス       (混)[指] 定量 15頭 本賞金:800,320,200,120,80万円",15,800.0,4,7,12,ワークソング,牡,3,56.0,西村淳,72.3,クビ,10,64.3,37.0,10-9,栗東 牧浦,484,0,
202407020612,2024-08-25,中京,12,3歳以上1勝クラス,ダ,1200,左,曇,良,"2回 中京 6日目 サラ系３歳以上 １勝クラス       (混)[指] 定量 15頭 本賞金:800,320,200,120,80万円",15,800.0,5,8,14,ラブコメディ,牝,3,54.0,鮫島駿,72.5,1.1/2,3,8.6,37.5,6-7,栗東 寺島,446,-6,
202407020612,2024-08-25,中京,12,3歳以上1勝クラス,ダ,1200,左,曇,良,"2回 中京 6日目 サラ系３歳以上 １勝クラス       (混)[指] 定量 15頭 本賞金:800,320,200,120,80万円",15,800.0,6,4,7,モンシェリ,牝,3,51.0,▲吉村,72.6,クビ,7,41.7,37.7,4-4,栗東 牧田,452,2,
202407020612,2024-08-25,中京,12,3歳以上1勝クラス,ダ,1200,左,曇,良,"2回 中京 6日目 サラ系３歳以上 １勝クラス       (混)[指] 定量 15頭 本賞金:800,320,200,120,80万円",15,800.0,7,4,6,エブライト,牝,3,54.0,長岡,72.6,クビ,14,132.1,37.5,6-9,栗東 橋口,476,2,
202407020612,2024-08-25,中京,12,3歳以上1勝クラス,ダ,1200,左,曇,良,"2回 中京 6日目 サラ系３歳以上 １勝クラス       (混)[指] 定量 15頭 本賞金:800,320,200,120,80万円",15,800.0,8,7,13,マルモリキング,牡,4,57.0,☆泉谷,72.9,1.3/4,9,48.0,37.6,10-9,栗東 大橋,532,-2,
202407020612,2024-08-25,中京,12,3歳以上1勝クラス,ダ,1200,左,曇,良,"2回 中京 6日目 サラ系３歳以上 １勝クラス       (混)[指] 定量 15頭 本賞金:800,320,200,120,80万円",15,800.0,9,3,4,ハイクライテリア,セ,4,58.0,国分優,73.0,クビ,15,191.1,37.5,13-12,栗東 羽月,454,-14,
202407020612,2024-08-25,中京,12,3歳以上1勝クラス,ダ,1200,左,曇,良,"2回 中京 6日目 サラ系３歳以上 １勝クラス       (混)[指] 定量 15頭 本賞金:800,320,200,120,80万円",15,800.0,10,6,11,ロードドミニオン,セ,7,57.0,☆小沢,73.0,クビ,11,80.9,37.4,13-12,栗東 畑端,434,0,
202407020612,2024-08-25,中京,12,3歳以上1勝クラス,ダ,1200,左,曇,良,"2回 中京 6日目 サラ系３歳以上 １勝クラス       (混)[指] 定量 15頭 本賞金:800,320,200,120,80万円",15,800.0,11,3,5,ジェネラーレ,牡,3,56.0,団野,73.1,3/4,4,9.1,38.5,2-2,栗東 野中,472,0,
202407020612,2024-08-25,中京,12,3歳以上1勝クラス,ダ,1200,左,曇,良,"2回 中京 6日目 サラ系３歳以上 １勝クラス       (混)[指] 定量 15頭 本賞金:800,320,200,120,80万円",15,800.0,12,2,2,ウエスタンシーズン,牡,3,53.0,▲橋木,73.1,アタマ,12,93.0,38.0,6-7,栗東 西園正,542,-4,
202407020612,2024-08-25,中京,12,3歳以上1勝クラス,ダ,1200,左,曇,良,"2回 中京 6日目 サラ系３歳以上 １勝クラス       (混)[指] 定量 15頭 本賞金:800,320,200,120,80万円",15,800.0,13,2,3,アメリカンチケット,牡,3,55.0,☆西塚,73.2,1/2,2,5.2,38.7,1-1,栗東 藤原,500,4,
202407020612,2024-08-25,中京,12,3歳以上1勝クラス,ダ,1200,左,曇,良,"2回 中京 6日目 サラ系３歳以上 １勝クラス       (混)[指] 定量 15頭 本賞金:800,320,200,120,80万円",15,800.0,14,1,1,レイム,牝,3,51.0,▲柴田裕,73.9,4,13,100.9,38.6,10-12,栗東 高橋康,448,4,
202407020612,2024-08-25,中京,12,3歳以上1勝クラス,ダ,1200,左,曇,良,"2回 中京 6日目 サラ系３歳以上 １勝クラス       (混)[指] 定量 15頭 本賞金:800,320,200,120,80万円",15,800.0,15,8,15,ストライクオン,牡,3,55.0,☆角田和,74.6,4,6,39.1,40.1,2-2,栗東 角田,468,2,
202401020701,2024-08-31,札幌,1,2歳未勝利,芝,1200,右,曇,重,"2回 札幌 7日目 サラ系２歳 未勝利       (混)[指] 馬齢 13頭 本賞金:550,220,140,83,55万円",13,550.0,1,6,8,オイランブチ,牝,2,52.0,▲長浜,71.4,,4,9.6,35.6,4-5,美浦 的場,432,2,
202401020701,2024-08-31,札幌,1,2歳未勝利,芝,1200,右,曇,重,"2回 札幌 7日目 サラ系２歳 未勝利       (混)[指] 馬齢 13頭 本賞金:550,220,140,83,55万円",13,550.0,2,7,11,ビアンカネーヴェ,牝,2,55.0,池添,71.6,1,2,6.1,36.0,3-3,栗東 北出,456,2,
202401020701,2024-08-31,札幌,1,2歳未勝利,芝,1200,右,曇,重,"2回 札幌 7日目 サラ系２歳 未勝利       (混)[指] 馬齢 13頭 本賞金:550,220,140,83,55万円",13,550.0,3,4,5,ナンナンプー,牝,2,52.0,▲高杉,71.9,2,6,23.9,35.9,7-6,美浦 矢嶋,446,6,
202401020701,2024-08-31,札幌,1,2歳未勝利,芝,1200,右,曇,重,"2回 札幌 7日目 サラ系２歳 未勝利       (混)[指] 馬齢 13頭 本賞金:550,220,140,83,55万円",13,550.0,4,8,13,エイシンパンタレイ,牡,2,55.0,菱田,72.0,3/4,1,1.6,36.6,2-2,栗東 中尾,490,8,
202401020701,2024-08-31,札幌,1,2歳未勝利,芝,1200,右,曇,重,"2回 札幌 7日目 サラ系２歳 未勝利       (混)[指] 馬齢 13頭 本賞金:550,220,140,83,55万円",13,550.0,5,5,7,ペタルブランシュ,牝,2,53.0,△小林勝,72.1,1/2,8,27.4,36.3,4-3,美浦 村田,400,4,
202401020701,2024-08-31,札幌,1,2歳未勝利,芝,1200,右,曇,重,"2回 札幌 7日目 サラ系２歳 未勝利       (混)[指] 馬齢 13頭 本賞金:550,220,140,83,55万円",13,550.0,6,6,9,グーフドリファール,牝,2,55.0,丹内,72.3,1,5,13.9,36.1,8-8,栗東 安達,398,-2,
202401020701,2024-08-31,札幌,1,2歳未勝利,芝,1200,右,曇,重,"2回 札幌 7日目 サラ系２歳 未勝利       (混)[指] 馬齢 13頭 本賞金:550,220,140,83,55万円",13,550.0,7,5,6,ワイルドゴーア,牡,2,55.0,横山和,72.4,1/2,3,7.4,37.1,1-1,美浦 加藤士,458,10,
202401020701,2024-08-31,札幌,1,2歳未勝利,芝,1200,右,曇,重,"2回 札幌 7日目 サラ系２歳 未勝利       (混)[指] 馬齢 13頭 本賞金:550,220,140,83,55万円",13,550.0,8,1,1,オールマイタイム,牝,2,51.0,★古川奈,73.2,5,12,139.2,36.9,9-9,美浦 千葉,390,4,
202401020701,2024-08-31,札幌,1,2歳未勝利,芝,1200,右,曇,重,"2回 札幌 7日目 サラ系２歳 未勝利       (混)[指] 馬齢 13頭 本賞金:550,220,140,83,55万円",13,550.0,9,8,12,アーバンガール,牝,2,55.0,鮫島駿,73.3,3/4,7,25.0,37.4,6-6,栗東 小椋,474,10,
202401020701,2024-08-31,札幌,1,2歳未勝利,芝,1200,右,曇,重,"2回 札幌 7日目 サラ系２歳 未勝利       (混)[指] 馬齢 13頭 本賞金:550,220,140,83,55万円",13,550.0,10,7,10,キョウエイウインド,牝,2,55.0,小林凌,73.5,1,13,233.2,36.7,12-12,美浦 萱野,390,2,
202401020701,2024-08-31,札幌,1,2歳未勝利,芝,1200,右,曇,重,"2回 札幌 7日目 サラ系２歳 未勝利       (混)[指] 馬齢 13頭 本賞金:550,220,140,83,55万円",13,550.0,11,2,2,キスメット,牡,2,55.0,黛,73.5,クビ,11,137.2,36.7,12-12,美浦 大和田,466,10,
202401020701,2024-08-31,札幌,1,2歳未勝利,芝,1200,右,曇,重,"2回 札幌 7日目 サラ系２歳 未勝利       (混)[指] 馬齢 13頭 本賞金:550,220,140,83,55万円",13,550.0,12,4,4,コパノキュラソー,牡,2,55.0,古川吉,73.6,3/4,9,63.7,37.1,10-10,栗東 宮,506,-4,
202401020701,2024-08-31,札幌,1,2歳未勝利,芝,1200,右,曇,重,"2回 札幌 7日目 サラ系２歳 未勝利       (混)[指] 馬齢 13頭 本賞金:550,220,140,83,55万円",13,550.0,13,3,3,アスクサヴァイバル,牡,2,55.0,佐々木,73.7,クビ,10,92.8,37.3,10-10,美浦 田島,424,-4,
202401020702,2024-08-31,札幌,2,2歳未勝利,ダ,1700,右,曇,重,"2回 札幌 7日目 サラ系２歳 未勝利       (混)[指] 馬齢 14頭 本賞金:550,220,140,83,55万円",14,550.0,1,7,12,アローオブライト,牡,2,55.0,藤岡佑,105.9,,3,6.9,37.2,8-7-2-2,栗東 渡辺,460,-8,
202401020702,2024-08-31,札幌,2,2歳未勝利,ダ,1700,右,曇,重,"2回 札幌 7日目 サラ系２歳 未勝利       (混)[指] 馬齢 14頭 本賞金:550,220,140,83,55万円",14,550.0,2,3,4,ルクソールカフェ,牡,2,55.0,佐々木,105.9,クビ,1,2.3,36.9,6-4-4-3,美浦 堀,532,2,
202401020702,2024-08-31,札幌,2,2歳未勝利,ダ,1700,右,曇,重,"2回 札幌 7日目 サラ系２歳 未勝利       (混)[指] 馬齢 14頭 本賞金:550,220,140,83,55万円",14,550.0,3,5,8,ドーバーブライト,牡,2,55.0,横山武,107.3,9,2,5.6,38.0,11-11-6-4,美浦 西田,494,-4,
202401020702,2024-08-31,札幌,2,2歳未勝利,ダ,1700,右,曇,重,"2回 札幌 7日目 サラ系２歳 未勝利       (混)[指] 馬齢 14頭 本賞金:550,220,140,83,55万円",14,550.0,4,8,13,ジーティートゥルー,牡,2,55.0,大野,107.3,ハナ,5,9.9,38.0,8-7-6-4,美浦 田島,448,-4,
202401020702,2024-08-31,札幌,2,2歳未勝利,ダ,1700,右,曇,重,"2回 札幌 7日目 サラ系２歳 未勝利       (混)[指] 馬齢 14頭 本賞金:550,220,140,83,55万円",14,550.0,5,6,10,アルデフォックス,牡,2,55.0,北村友,107.4,1/2,4,7.9,38.9,1-1-1-1,栗東 藤岡,522,2,
202401020702,2024-08-31,札幌,2,2歳未勝利,ダ,1700,右,曇,重,"2回 札幌 7日目 サラ系２歳 未勝利       (混)[指] 馬齢 14頭 本賞金:550,220,140,83,55万円",14,550.0,6,4,6,シャイニーシップ,牡,2,51.0,★古川奈,108.1,4,11,146.8,38.2,13-12-11-10,美浦 畠山,486,-2,
202401020702,2024-08-31,札幌,2,2歳未勝利,ダ,1700,右,曇,重,"2回 札幌 7日目 サラ系２歳 未勝利       (混)[指] 馬齢 14頭 本賞金:550,220,140,83,55万円",14,550.0,7,2,2,ロードスカイブルー,牡,2,55.0,横山和,108.4,1.1/2,7,15.0,38.4,14-14-12-6,美浦 和田勇,446,-4,
202401020702,2024-08-31,札幌,2,2歳未勝利,ダ,1700,右,曇,重,"2回 札幌 7日目 サラ系２歳 未勝利       (混)[指] 馬齢 14頭 本賞金:550,220,140,83,55万円",14,550.0,8,4,5,ガストフロント,牡,2,53.0,△小林勝,109.6,7,12,171.0,40.1,6-7-9-9,美浦 水野,436,-6,
202401020702,2024-08-31,札幌,2,2歳未勝利,ダ,1700,右,曇,重,"2回 札幌 7日目 サラ系２歳 未勝利       (混)[指] 馬齢 14頭 本賞金:550,220,140,83,55万円",14,550.0,9,3,3,ラブミーナタリー,牝,2,52.0,▲長浜,110.4,5,14,364.7,40.4,12-12-12-13,美浦 矢嶋,470,-8,
202401020702,2024-08-31,札幌,2,2歳未勝利,ダ,1700,右,曇,重,"2回 札幌 7日目 サラ系２歳 未勝利       (混)[指] 馬齢 14頭 本賞金:550,220,140,83,55万円",14,550.0,10,7,11,ミヤマイルス,牝,2,55.0,丹内,110.6,1.1/2,6,10.9,41.8,2-3-2-6,美浦 伊藤圭,478,-2,
202401020702,2024-08-31,札幌,2,2歳未勝利,ダ,1700,右,曇,重,"2回 札幌 7日目 サラ系２歳 未勝利       (混)[指] 馬齢 14頭 本賞金:550,220,140,83,55万円",14,550.0,11,8,14,レーヴレジェンド,牡,2,55.0,永野,110.9,1.3/4,10,31.7,41.9,2-2-4-6,美浦 金成,480,-4,
202401020702,2024-08-31,札幌,2,2歳未勝利,ダ,1700,右,曇,重,"2回 札幌 7日目 サラ系２歳 未勝利       (混)[指] 馬齢 14頭 本賞金:550,220,140,83,55万円",14,550.0,12,6,9,モーニングスター,牝,2,52.0,▲高杉,111.7,5,8,26.5,42.1,5-6-9-11,美浦 加藤和,426,0,
202401020702,2024-08-31,札幌,2,2歳未勝利,ダ,1700,右,曇,重,"2回 札幌 7日目 サラ系２歳 未勝利       (混)[指] 馬齢 14頭 本賞金:550,220,140,83,55万円",14,550.0,13,1,1,スパーク,牡,2,55.0,菱田,112.3,3.1/2,13,232.6,42.2,10-10-14-14,美浦 池上,478,-6,
202401020702,2024-08-31,札幌,2,2歳未勝利,ダ,1700,右,曇,重,"2回 札幌 7日目 サラ系２歳 未勝利       (混)[指] 馬齢 14頭 本賞金:550,220,140,83,55万円",14,550.0,14,5,7,ブライアーヒル,牝,2,55.0,横山典,112.4,1/2,9,28.3,43.1,4-4-6-11,栗東 中尾,468,2,
202401020703,2024-08-31,札幌,3,3歳未勝利,芝,2000,右,曇,重,"2回 札幌 7日目 サラ系３歳 未勝利       (混)[指] 馬齢 16頭 本賞金:550,220,140,83,55万円",16,550.0,1,3,6,アラタマフェーヴル,牡,3,57.0,北村友,122.6,,5,7.8,37.0,1-1-1-2,栗東 浜田,486,-4,
202401020703,2024-08-31,札幌,3,3歳未勝利,芝,2000,右,曇,重,"2回 札幌 7日目 サラ系３歳 未勝利       (混)[指] 馬齢 16頭 本賞金:550,220,140,83,55万円",16,550.0,2,4,8,タルタロス,牡,3,57.0,黛,123.3,4,2,4.8,37.6,2-2-2-1,美浦 森一,452,-4,
202401020703,2024-08-31,札幌,3,3歳未勝利,芝,2000,右,曇,重,"2回 札幌 7日目 サラ系３歳 未勝利       (混)[指] 馬齢 16頭 本賞金:550,220,140,83,55万円",16,550.0,3,4,7,アークドール,牡,3,57.0,横山典,123.4,3/4,7,13.9,37.6,5-5-3-3,栗東 松永幹,442,-6,
202401020703,2024-08-31,札幌,3,3歳未勝利,芝,2000,右,曇,重,"2回 札幌 7日目 サラ系３歳 未勝利       (混)[指] 馬齢 16頭 本賞金:550,220,140,83,55万円",16,550.0,4,8,15,ニシノシャミナード,牝,3,55.0,池添,123.8,2.1/2,8,18.8,37.4,11-11-11-7,美浦 嘉藤,432,-2,
202401020703,2024-08-31,札幌,3,3歳未勝利,芝,2000,右,曇,重,"2回 札幌 7日目 サラ系３歳 未勝利       (混)[指] 馬齢 16頭 本賞金:550,220,140,83,55万円",16,550.0,5,1,2,マイファミリー,牡,3,57.0,杉原,123.9,1/2,3,6.0,37.8,6-6-7-5,美浦 深山,450,-2,
202401020703,2024-08-31,札幌,3,3歳未勝利,芝,2000,右,曇,重,"2回 札幌 7日目 サラ系３歳 未勝利       (混)[指] 馬齢 16頭 本賞金:550,220,140,83,55万円",16,550.0,6,2,4,テイクノーティス,牡,3,57.0,菱田,124.0,1,9,39.5,36.9,14-14-13-10,美浦 伊坂,448,4,
202401020703,2024-08-31,札幌,3,3歳未勝利,芝,2000,右,曇,重,"2回 札幌 7日目 サラ系３歳 未勝利       (混)[指] 馬齢 16頭 本賞金:550,220,140,83,55万円",16,550.0,7,6,12,ヘザルフェン,牡,3,57.0,横山和,124.2,1,4,7.2,38.4,8-8-3-3,栗東 昆,494,-2,
202401020703,2024-08-31,札幌,3,3歳未勝利,芝,2000,右,曇,重,"2回 札幌 7日目 サラ系３歳 未勝利       (混)[指] 馬齢 16頭 本賞金:550,220,140,83,55万円",16,550.0,8,7,13,アウストラリス,牝,3,55.0,富田,124.3,1,13,120.6,38.1,6-6-7-7,美浦 高橋文,434,2,
202401020703,2024-08-31,札幌,3,3歳未勝利,芝,2000,右,曇,重,"2回 札幌 7日目 サラ系３歳 未勝利       (混)[指] 馬齢 16頭 本賞金:550,220,140,83,55万円",16,550.0,9,5,10,ラインポーチュラカ,牝,3,55.0,古川吉,124.7,2.1/2,11,46.2,38.4,8-8-10-11,美浦 蛯名正,504,4,
202401020703,2024-08-31,札幌,3,3歳未勝利,芝,2000,右,曇,重,"2回 札幌 7日目 サラ系３歳 未勝利       (混)[指] 馬齢 16頭 本賞金:550,220,140,83,55万円",16,550.0,10,8,16,ネロコルヴィーノ,牡,3,57.0,鮫島駿,124.9,3/4,1,4.0,38.7,8-8-7-7,栗東 辻野,518,-6,
202401020703,2024-08-31,札幌,3,3歳未勝利,芝,2000,右,曇,重,"2回 札幌 7日目 サラ系３歳 未勝利       (混)[指] 馬齢 16頭 本賞金:550,220,140,83,55万円",16,550.0,11,6,11,タイキジパング,牡,3,55.0,△小林勝,124.9,ハナ,10,44.3,37.6,15-15-15-13,美浦 菊沢,478,-4,
202401020703,2024-08-31,札幌,3,3歳未勝利,芝,2000,右,曇,重,"2回 札幌 7日目 サラ系３歳 未勝利       (混)[指] 馬齢 16頭 本賞金:550,220,140,83,55万円",16,550.0,12,3,5,サトノアライヴ,牡,3,57.0,佐々木,124.9,アタマ,6,7.8,38.4,12-11-11-13,栗東 須貝,436,4,
202401020703,2024-08-31,札幌,3,3歳未勝利,芝,2000,右,曇,重,"2回 札幌 7日目 サラ系３歳 未勝利       (混)[指] 馬齢 16頭 本賞金:550,220,140,83,55万円",16,550.0,13,1,1,アイビーブリッツ,牡,3,57.0,川又,125.0,クビ,14,146.3,39.0,3-4-6-5,栗東 吉村,444,0,
202401020703,2024-08-31,札幌,3,3歳未勝利,芝,2000,右,曇,重,"2回 札幌 7日目 サラ系３歳 未勝利       (混)[指] 馬齢 16頭 本賞金:550,220,140,83,55万円",16,550.0,14,7,14,シングルハーテッド,牝,3,55.0,横山武,125.4,2.1/2,12,46.6,38.4,13-13-13-15,栗東 吉岡,434,2,
202401020703,2024-08-31,札幌,3,3歳未勝利,芝,2000,右,曇,重,"2回 札幌 7日目 サラ系３歳 未勝利       (混)[指] 馬齢 16頭 本賞金:550,220,140,83,55万円",16,550.0,15,5,9,ユーライナー,牝,3,52.0,▲川端,125.5,1,15,298.7,39.6,3-3-3-11,美浦 高橋文,426,6,
202401020703,2024-08-31,札幌,3,3歳未勝利,芝,2000,右,曇,重,"2回 札幌 7日目 サラ系３歳 未勝利       (混)[指] 馬齢 16頭 本賞金:550,220,140,83,55万円",16,550.0,,2,3,シナモンデイジー,牝,3,52.0,▲長浜,,,16,331.5,,16-16-16,美浦 菊川,472,2,中止
202401020704,2024-08-31,札幌,4,3歳未勝利,ダ,1700,右,曇,重,"2回 札幌 7日目 サラ系３歳 未勝利       [指] 馬齢 14頭 本賞金:550,220,140,83,55万円",14,550.0,1,1,1,マクミランテソーロ,牡,3,57.0,丹内,105.5,,4,6.3,37.8,1-1-1-1,美浦 田中剛,476,0,
202401020704,2024-08-31,札幌,4,3歳未勝利,ダ,1700,右,曇,重,"2回 札幌 7日目 サラ系３歳 未勝利       [指] 馬齢 14頭 本賞金:550,220,140,83,55万円",14,550.0,2,6,10,ハイケンス,牡,3,57.0,荻野琢,106.0,3,8,35.5,37.9,5-5-4-4,栗東 今野,460,-2,
202401020704,2024-08-31,札幌,4,3歳未勝利,ダ,1700,右,曇,重,"2回 札幌 7日目 サラ系３歳 未勝利       [指] 馬齢 14頭 本賞金:550,220,140,83,55万円",14,550.0,3,8,13,ユーヴェリア,牝,3,55.0,武豊,106.1,1/2,1,3.3,38.1,8-8-4-4,栗東 宮本,450,0,
202401020704,2024-08-31,札幌,4,3歳未勝利,ダ,1700,右,曇,重,"2回 札幌 7日目 サラ系３歳 未勝利       [指] 馬齢 14頭 本賞金:550,220,140,83,55万円",14,550.0,4,5,7,クレスコサンダー,牡,3,57.0,菱田,106.3,1.1/2,3,5.6,38.5,3-2-2-2,栗東 緒方,486,0,
202401020704,2024-08-31,札幌,4,3歳未勝利,ダ,1700,右,曇,重,"2回 札幌 7日目 サラ系３歳 未勝利       [指] 馬齢 14頭 本賞金:550,220,140,83,55万円",14,550.0,5,4,5,レッドレフィナード,牡,3,57.0,横山和,106.5,1.1/4,6,12.6,38.0,10-9-8-6,美浦 栗田,488,0,
202401020704,2024-08-31,札幌,4,3歳未勝利,ダ,1700,右,曇,重,"2回 札幌 7日目 サラ系３歳 未勝利       [指] 馬齢 14頭 本賞金:550,220,140,83,55万円",14,550.0,6,3,3,オレンジダンサー,牝,3,55.0,佐々木,106.6,1/2,5,8.5,38.8,2-2-2-2,栗東 高野,438,2,
202401020704,2024-08-31,札幌,4,3歳未勝利,ダ,1700,右,曇,重,"2回 札幌 7日目 サラ系３歳 未勝利       [指] 馬齢 14頭 本賞金:550,220,140,83,55万円",14,550.0,7,3,4,マーシャルテイル,牡,3,54.0,▲川端,107.0,2.1/2,9,38.3,39.0,3-4-4-6,栗東 池添,456,4,
202401020704,2024-08-31,札幌,4,3歳未勝利,ダ,1700,右,曇,重,"2回 札幌 7日目 サラ系３歳 未勝利       [指] 馬齢 14頭 本賞金:550,220,140,83,55万円",14,550.0,8,4,6,ストレンジャー,牡,3,57.0,横山典,107.4,2.1/2,11,78.4,38.4,10-9-11-9,栗東 角田,440,-6,
202401020704,2024-08-31,札幌,4,3歳未勝利,ダ,1700,右,曇,重,"2回 札幌 7日目 サラ系３歳 未勝利       [指] 馬齢 14頭 本賞金:550,220,140,83,55万円",14,550.0,9,2,2,ポアゾンノアール,牝,3,55.0,富田,107.8,2.1/2,10,53.2,38.8,13-12-11-12,栗東 本田,466,0,
202401020704,2024-08-31,札幌,4,3歳未勝利,ダ,1700,右,曇,重,"2回 札幌 7日目 サラ系３歳 未勝利       [指] 馬齢 14頭 本賞金:550,220,140,83,55万円",14,550.0,10,7,11,タイセイフォルテ,牡,3,54.0,▲高杉,108.6,5,7,34.6,39.9,8-9-9-9,栗東 西村,494,8,
202401020704,2024-08-31,札幌,4,3歳未勝利,ダ,1700,右,曇,重,"2回 札幌 7日目 サラ系３歳 未勝利       [指] 馬齢 14頭 本賞金:550,220,140,83,55万円",14,550.0,11,8,14,リキサンワールド,牡,3,57.0,小林凌,109.2,4,13,150.6,40.2,12-12-11-11,美浦 奥平,464,2,
202401020704,2024-08-31,札幌,4,3歳未勝利,ダ,1700,右,曇,重,"2回 札幌 7日目 サラ系３歳 未勝利       [指] 馬齢 14頭 本賞金:550,220,140,83,55万円",14,550.0,12,5,8,ブルーシープ,牡,3,57.0,杉原,110.7,9,14,396.0,40.7,14-14-14-14,美浦 佐藤吉,514,0,
202401020704,2024-08-31,札幌,4,3歳未勝利,ダ,1700,右,曇,重,"2回 札幌 7日目 サラ系３歳 未勝利       [指] 馬齢 14頭 本賞金:550,220,140,83,55万円",14,550.0,13,6,9,アンビシュー,牝,3,51.0,★古川奈,110.7,クビ,12,144.3,42.1,5-5-9-13,栗東 池江,472,6,
202401020704,2024-08-31,札幌,4,3歳未勝利,ダ,1700,右,曇,重,"2回 札幌 7日目 サラ系３歳 未勝利       [指] 馬齢 14頭 本賞金:550,220,140,83,55万円",14,550.0,14,7,12,サイドキック,牡,3,57.0,横山武,111.6,5,2,3.4,43.3,7-5-7-8,栗東 西園翔,498,-4,
202401020705,2024-08-31,札幌,5,2歳新馬,芝,1500,右,雨,重,"2回 札幌 7日目 サラ系２歳 新馬       (混)[指] 馬齢 12頭 本賞金:720,290,180,110,72万円",12,720.0,1,6,7,ダイシンラー,牡,2,55.0,岩田康,94.0,,4,6.6,36.2,9-8-6,栗東 梅田,494,0,
202401020705,2024-08-31,札幌,5,2歳新馬,芝,1500,右,雨,重,"2回 札幌 7日目 サラ系２歳 新馬       (混)[指] 馬齢 12頭 本賞金:720,290,180,110,72万円",12,720.0,2,1,1,ダノンミッション,牡,2,55.0,佐々木,94.0,アタマ,1,2.1,36.5,3-4-3,美浦 堀,466,0,
202401020705,2024-08-31,札幌,5,2歳新馬,芝,1500,右,雨,重,"2回 札幌 7日目 サラ系２歳 新馬       (混)[指] 馬齢 12頭 本賞金:720,290,180,110,72万円",12,720.0,3,5,5,ヒルノカーディフ,牝,2,55.0,古川吉,94.5,2.1/2,5,12.5,37.2,1-2-1,栗東 昆,434,0,
202401020705,2024-08-31,札幌,5,2歳新馬,芝,1500,右,雨,重,"2回 札幌 7日目 サラ系２歳 新馬       (混)[指] 馬齢 12頭 本賞金:720,290,180,110,72万円",12,720.0,4,5,6,ウェーヴレット,牝,2,55.0,横山和,94.6,3/4,3,6.3,37.1,3-4-6,美浦 菊沢,420,0,
202401020705,2024-08-31,札幌,5,2歳新馬,芝,1500,右,雨,重,"2回 札幌 7日目 サラ系２歳 新馬       (混)[指] 馬齢 12頭 本賞金:720,290,180,110,72万円",12,720.0,5,8,11,ダイヤノゴトク,牝,2,55.0,池添,94.7,1/2,2,6.3,37.4,2-1-2,栗東 小栗,440,0,
202401020705,2024-08-31,札幌,5,2歳新馬,芝,1500,右,雨,重,"2回 札幌 7日目 サラ系２歳 新馬       (混)[指] 馬齢 12頭 本賞金:720,290,180,110,72万円",12,720.0,6,7,10,クァンタムリード,牡,2,55.0,丹内,94.7,ハナ,8,18.1,37.2,7-4-3,美浦 蛯名正,416,0,
202401020705,2024-08-31,札幌,5,2歳新馬,芝,1500,右,雨,重,"2回 札幌 7日目 サラ系２歳 新馬       (混)[指] 馬齢 12頭 本賞金:720,290,180,110,72万円",12,720.0,7,8,12,キングピラート,牡,2,55.0,鮫島駿,94.9,1.1/2,9,47.1,37.6,9-2-3,栗東 高橋忠,468,0,
202401020705,2024-08-31,札幌,5,2歳新馬,芝,1500,右,雨,重,"2回 札幌 7日目 サラ系２歳 新馬       (混)[指] 馬齢 12頭 本賞金:720,290,180,110,72万円",12,720.0,8,6,8,ヴォラヴィア,牡,2,55.0,川又,95.0,クビ,7,16.2,37.2,3-8-8,栗東 杉山佳,446,0,
202401020705,2024-08-31,札幌,5,2歳新馬,芝,1500,右,雨,重,"2回 札幌 7日目 サラ系２歳 新馬       (混)[指] 馬齢 12頭 本賞金:720,290,180,110,72万円",12,720.0,9,4,4,モンツァフレイバー,牡,2,55.0,横山武,95.5,3,6,15.9,37.6,7-8-8,美浦 久保田,454,0,
202401020705,2024-08-31,札幌,5,2歳新馬,芝,1500,右,雨,重,"2回 札幌 7日目 サラ系２歳 新馬       (混)[指] 馬齢 12頭 本賞金:720,290,180,110,72万円",12,720.0,10,3,3,ルーティーン,牡,2,51.0,★古川奈,96.1,4,11,88.1,37.8,11-11-11,栗東 高橋康,460,0,
202401020705,2024-08-31,札幌,5,2歳新馬,芝,1500,右,雨,重,"2回 札幌 7日目 サラ系２歳 新馬       (混)[指] 馬齢 12頭 本賞金:720,290,180,110,72万円",12,720.0,11,7,9,コパノハーン,牡,2,53.0,△小林勝,96.2,クビ,12,142.6,38.6,3-7-10,栗東 村山,474,0,
202401020705,2024-08-31,札幌,5,2歳新馬,芝,1500,右,雨,重,"2回 札幌 7日目 サラ系２歳 新馬       (混)[指] 馬齢 12頭 本賞金:720,290,180,110,72万円",12,720.0,12,2,2,ワサンノタイカ,牡,2,52.0,▲長浜,97.1,5,10,63.8,37.8,11-12-12,美浦 矢嶋,480,0,
202401020706,2024-08-31,札幌,6,3歳以上1勝クラス,ダ,1000,右,雨,重,"2回 札幌 7日目 サラ系３歳以上 １勝クラス       [指] 定量 12頭 本賞金:800,320,200,120,80万円",12,800.0,1,8,11,ヴェラリーシャ,牝,3,54.0,永野,58.5,,4,5.8,35.5,2-2,美浦 伊藤圭,484,2,
202401020706,2024-08-31,札幌,6,3歳以上1勝クラス,ダ,1000,右,雨,重,"2回 札幌 7日目 サラ系３歳以上 １勝クラス       [指] 定量 12頭 本賞金:800,320,200,120,80万円",12,800.0,2,8,12,スノーホルンロード,セ,5,56.0,△小林勝,58.5,クビ,1,4.1,34.7,9-7,美浦 清水英,510,4,
202401020706,2024-08-31,札幌,6,3歳以上1勝クラス,ダ,1000,右,雨,重,"2回 札幌 7日目 サラ系３歳以上 １勝クラス       [指] 定量 12頭 本賞金:800,320,200,120,80万円",12,800.0,3,1,1,ヒメカミノイタダキ,牡,5,58.0,古川吉,58.7,1,10,46.2,35.2,6-5,美浦 武市,506,-6,
202401020706,2024-08-31,札幌,6,3歳以上1勝クラス,ダ,1000,右,雨,重,"2回 札幌 7日目 サラ系３歳以上 １勝クラス       [指] 定量 12頭 本賞金:800,320,200,120,80万円",12,800.0,4,4,4,ペレグリン,牝,3,54.0,鮫島駿,58.9,1,3,4.6,35.9,1-1,栗東 河嶋,436,4,
202401020706,2024-08-31,札幌,6,3歳以上1勝クラス,ダ,1000,右,雨,重,"2回 札幌 7日目 サラ系３歳以上 １勝クラス       [指] 定量 12頭 本賞金:800,320,200,120,80万円",12,800.0,5,2,2,カップッチョ,牡,7,58.0,黛,58.9,アタマ,9,32.4,35.7,3-3,美浦 石毛,492,-2,
202401020706,2024-08-31,札幌,6,3歳以上1勝クラス,ダ,1000,右,雨,重,"2回 札幌 7日目 サラ系３歳以上 １勝クラス       [指] 定量 12頭 本賞金:800,320,200,120,80万円",12,800.0,6,5,6,パレフォーコン,牡,5,55.0,▲高杉,58.9,アタマ,8,30.7,35.3,7-7,栗東 鮫島,448,-2,
202401020706,2024-08-31,札幌,6,3歳以上1勝クラス,ダ,1000,右,雨,重,"2回 札幌 7日目 サラ系３歳以上 １勝クラス       [指] 定量 12頭 本賞金:800,320,200,120,80万円",12,800.0,7,6,7,コスモジョセフ,牡,4,58.0,横山武,59.0,1/2,7,15.3,35.8,3-3,美浦 伊藤大,486,2,
202401020706,2024-08-31,札幌,6,3歳以上1勝クラス,ダ,1000,右,雨,重,"2回 札幌 7日目 サラ系３歳以上 １勝クラス       [指] 定量 12頭 本賞金:800,320,200,120,80万円",12,800.0,8,7,9,キャンドルマス,牡,3,56.0,北村友,59.2,1.1/4,2,4.2,35.4,9-10,栗東 小崎,486,6,
202401020706,2024-08-31,札幌,6,3歳以上1勝クラス,ダ,1000,右,雨,重,"2回 札幌 7日目 サラ系３歳以上 １勝クラス       [指] 定量 12頭 本賞金:800,320,200,120,80万円",12,800.0,9,7,10,サザンレイク,牝,4,53.0,▲長浜,59.8,3.1/2,6,13.5,36.2,7-7,美浦 根本,494,-4,
202401020706,2024-08-31,札幌,6,3歳以上1勝クラス,ダ,1000,右,雨,重,"2回 札幌 7日目 サラ系３歳以上 １勝クラス       [指] 定量 12頭 本賞金:800,320,200,120,80万円",12,800.0,10,6,8,アオイコウキ,牡,4,58.0,佐々木,60.0,1.1/4,5,6.3,36.6,5-5,美浦 古賀,508,-4,
202401020706,2024-08-31,札幌,6,3歳以上1勝クラス,ダ,1000,右,雨,重,"2回 札幌 7日目 サラ系３歳以上 １勝クラス       [指] 定量 12頭 本賞金:800,320,200,120,80万円",12,800.0,11,5,5,ジュンフシナ,牡,4,58.0,杉原,60.9,5,11,213.3,36.4,11-11,美浦 中舘,472,-6,
202401020706,2024-08-31,札幌,6,3歳以上1勝クラス,ダ,1000,右,雨,重,"2回 札幌 7日目 サラ系３歳以上 １勝クラス       [指] 定量 12頭 本賞金:800,320,200,120,80万円",12,800.0,,3,3,グリモワール,牝,5,56.0,丹内,,,,,,,美浦 奥平,,,取消
202401020707,2024-08-31,札幌,7,3歳以上1勝クラス,ダ,1700,右,曇,重,"2回 札幌 7日目 サラ系３歳以上 １勝クラス       [指] 定量 14頭 本賞金:800,320,200,120,80万円",14,800.0,1,2,2,ルージュシュエット,牝,3,50.0,★古川奈,104.1,,2,3.4,37.4,1-1-1-1,栗東 矢作,456,0,
202401020707,2024-08-31,札幌,7,3歳以上1勝クラス,ダ,1700,右,曇,重,"2回 札幌 7日目 サラ系３歳以上 １勝クラス       [指] 定量 14頭 本賞金:800,320,200,120,80万円",14,800.0,2,6,9,ブリスキー,セ,4,58.0,鮫島駿,104.2,クビ,7,23.1,37.3,2-2-2-2,美浦 堀,460,-2,
202401020707,2024-08-31,札幌,7,3歳以上1勝クラス,ダ,1700,右,曇,重,"2回 札幌 7日目 サラ系３歳以上 １勝クラス       [指] 定量 14頭 本賞金:800,320,200,120,80万円",14,800.0,3,4,5,リーゼノアール,牡,4,55.0,▲長浜,104.3,3/4,6,22.2,36.8,8-8-7-3,美浦 国枝,496,-2,
202401020707,2024-08-31,札幌,7,3歳以上1勝クラス,ダ,1700,右,曇,重,"2回 札幌 7日目 サラ系３歳以上 １勝クラス       [指] 定量 14頭 本賞金:800,320,200,120,80万円",14,800.0,4,5,8,フリッパー,牡,4,58.0,北村友,104.6,2,12,67.2,36.7,13-13-11-9,美浦 戸田,498,-8,
202401020707,2024-08-31,札幌,7,3歳以上1勝クラス,ダ,1700,右,曇,重,"2回 札幌 7日目 サラ系３歳以上 １勝クラス       [指] 定量 14頭 本賞金:800,320,200,120,80万円",14,800.0,5,5,7,キングブルー,牡,3,55.0,藤岡佑,104.9,1.3/4,3,3.7,37.4,7-7-7-6,栗東 四位,488,2,
202401020707,2024-08-31,札幌,7,3歳以上1勝クラス,ダ,1700,右,曇,重,"2回 札幌 7日目 サラ系３歳以上 １勝クラス       [指] 定量 14頭 本賞金:800,320,200,120,80万円",14,800.0,6,4,6,ニシノアウェイク,牡,3,55.0,永野,105.5,3.1/2,5,20.5,38.2,5-5-5-6,美浦 伊藤圭,486,0,
202401020707,2024-08-31,札幌,7,3歳以上1勝クラス,ダ,1700,右,曇,重,"2回 札幌 7日目 サラ系３歳以上 １勝クラス       [指] 定量 14頭 本賞金:800,320,200,120,80万円",14,800.0,7,3,4,サンマルミッション,牡,3,55.0,古川吉,105.5,クビ,8,35.2,37.3,14-14-14-11,美浦 和田勇,450,8,
202401020707,2024-08-31,札幌,7,3歳以上1勝クラス,ダ,1700,右,曇,重,"2回 札幌 7日目 サラ系３歳以上 １勝クラス       [指] 定量 14頭 本賞金:800,320,200,120,80万円",14,800.0,8,8,13,ロードブレイズ,牡,3,55.0,横山和,105.7,1,1,2.5,38.4,5-6-5-6,美浦 稲垣,498,4,
202401020707,2024-08-31,札幌,7,3歳以上1勝クラス,ダ,1700,右,曇,重,"2回 札幌 7日目 サラ系３歳以上 １勝クラス       [指] 定量 14頭 本賞金:800,320,200,120,80万円",14,800.0,9,6,10,ガルデルクラージュ,牡,3,55.0,富田,105.7,クビ,11,61.5,38.5,4-4-3-3,栗東 武英,504,-6,
202401020707,2024-08-31,札幌,7,3歳以上1勝クラス,ダ,1700,右,曇,重,"2回 札幌 7日目 サラ系３歳以上 １勝クラス       [指] 定量 14頭 本賞金:800,320,200,120,80万円",14,800.0,10,3,3,ロードブライト,牡,5,58.0,丹内,105.7,クビ,9,39.8,38.0,10-11-9-10,美浦 和田勇,528,4,
202401020707,2024-08-31,札幌,7,3歳以上1勝クラス,ダ,1700,右,曇,重,"2回 札幌 7日目 サラ系３歳以上 １勝クラス       [指] 定量 14頭 本賞金:800,320,200,120,80万円",14,800.0,11,8,14,トロピカルタウン,牡,4,55.0,▲高杉,106.0,2,10,51.4,37.9,12-12-12-11,美浦 伊坂,494,22,
202401020707,2024-08-31,札幌,7,3歳以上1勝クラス,ダ,1700,右,曇,重,"2回 札幌 7日目 サラ系３歳以上 １勝クラス       [指] 定量 14頭 本賞金:800,320,200,120,80万円",14,800.0,12,1,1,ルクスアドラー,牡,3,55.0,佐々木,106.3,1.1/2,4,16.7,39.2,2-2-3-3,栗東 須貝,472,10,
202401020707,2024-08-31,札幌,7,3歳以上1勝クラス,ダ,1700,右,曇,重,"2回 札幌 7日目 サラ系３歳以上 １勝クラス       [指] 定量 14頭 本賞金:800,320,200,120,80万円",14,800.0,13,7,11,セイゲン,牡,5,58.0,杉原,106.3,クビ,13,289.2,38.2,8-8-12-11,美浦 中川,476,-2,
202401020707,2024-08-31,札幌,7,3歳以上1勝クラス,ダ,1700,右,曇,重,"2回 札幌 7日目 サラ系３歳以上 １勝クラス       [指] 定量 14頭 本賞金:800,320,200,120,80万円",14,800.0,14,7,12,トリオーレ,牡,4,55.0,▲川端,107.1,5,14,332.8,39.3,10-10-9-11,美浦 嘉藤,486,-4,
202401020708,2024-08-31,札幌,8,3歳以上1勝クラス,芝,2000,右,曇,重,"2回 札幌 7日目 サラ系３歳以上 １勝クラス       (混)(特指) 定量 16頭 本賞金:800,320,200,120,80万円",16,800.0,1,4,8,ノーブルスカイ,牡,3,55.0,鮫島駿,123.9,,5,11.2,36.6,1-1-1-1,栗東 高柳大,466,-2,
202401020708,2024-08-31,札幌,8,3歳以上1勝クラス,芝,2000,右,曇,重,"2回 札幌 7日目 サラ系３歳以上 １勝クラス       (混)(特指) 定量 16頭 本賞金:800,320,200,120,80万円",16,800.0,2,3,5,コスモレオナルド,牡,3,55.0,横山武,124.4,3,2,4.4,36.6,7-6-7-4,美浦 鹿戸,454,2,
202401020708,2024-08-31,札幌,8,3歳以上1勝クラス,芝,2000,右,曇,重,"2回 札幌 7日目 サラ系３歳以上 １勝クラス       (混)(特指) 定量 16頭 本賞金:800,320,200,120,80万円",16,800.0,3,7,14,スピードリッチ,牡,3,55.0,藤岡佑,124.5,1/2,1,3.3,37.1,2-2-2-2,栗東 藤岡,478,-2,
202401020708,2024-08-31,札幌,8,3歳以上1勝クラス,芝,2000,右,曇,重,"2回 札幌 7日目 サラ系３歳以上 １勝クラス       (混)(特指) 定量 16頭 本賞金:800,320,200,120,80万円",16,800.0,4,6,12,パンジャ,牡,3,55.0,武豊,124.5,ハナ,3,5.3,36.4,7-10-10-9,美浦 金成,468,-4,
202401020708,2024-08-31,札幌,8,3歳以上1勝クラス,芝,2000,右,曇,重,"2回 札幌 7日目 サラ系３歳以上 １勝クラス       (混)(特指) 定量 16頭 本賞金:800,320,200,120,80万円",16,800.0,5,6,11,ウインボレロ,牡,3,55.0,佐々木,124.8,2,8,29.1,37.3,3-3-3-3,美浦 手塚,436,2,
202401020708,2024-08-31,札幌,8,3歳以上1勝クラス,芝,2000,右,曇,重,"2回 札幌 7日目 サラ系３歳以上 １勝クラス       (混)(特指) 定量 16頭 本賞金:800,320,200,120,80万円",16,800.0,6,1,2,ヒナノコバン,セ,7,56.0,△小林勝,124.8,アタマ,15,134.6,37.1,7-6-4-4,美浦 本間,458,4,
202401020708,2024-08-31,札幌,8,3歳以上1勝クラス,芝,2000,右,曇,重,"2回 札幌 7日目 サラ系３歳以上 １勝クラス       (混)(特指) 定量 16頭 本賞金:800,320,200,120,80万円",16,800.0,7,2,3,コスモエクスプレス,牡,5,58.0,斎藤,124.9,アタマ,11,43.3,36.9,12-10-8-8,美浦 松永康,494,-6,
202401020708,2024-08-31,札幌,8,3歳以上1勝クラス,芝,2000,右,曇,重,"2回 札幌 7日目 サラ系３歳以上 １勝クラス       (混)(特指) 定量 16頭 本賞金:800,320,200,120,80万円",16,800.0,8,5,10,ミスガリレオアスク,牝,3,50.0,★古川奈,125.1,1.1/2,6,14.0,37.0,7-9-10-9,栗東 矢作,436,-2,
202401020708,2024-08-31,札幌,8,3歳以上1勝クラス,芝,2000,右,曇,重,"2回 札幌 7日目 サラ系３歳以上 １勝クラス       (混)(特指) 定量 16頭 本賞金:800,320,200,120,80万円",16,800.0,9,5,9,キヨラ,牝,6,56.0,永野,125.1,ハナ,10,37.2,36.6,12-13-13-12,美浦 堀内,478,2,
202401020708,2024-08-31,札幌,8,3歳以上1勝クラス,芝,2000,右,曇,重,"2回 札幌 7日目 サラ系３歳以上 １勝クラス       (混)(特指) 定量 16頭 本賞金:800,320,200,120,80万円",16,800.0,10,7,13,ビッグベルーガ,牡,4,58.0,浜中,125.4,1.1/2,13,65.0,36.9,12-13-13-12,栗東 牧浦,476,2,
202401020708,2024-08-31,札幌,8,3歳以上1勝クラス,芝,2000,右,曇,重,"2回 札幌 7日目 サラ系３歳以上 １勝クラス       (混)(特指) 定量 16頭 本賞金:800,320,200,120,80万円",16,800.0,11,8,15,コスモエスメラルダ,牝,3,53.0,丹内,125.5,3/4,14,94.7,37.9,3-4-4-6,美浦 畠山,506,2,
202401020708,2024-08-31,札幌,8,3歳以上1勝クラス,芝,2000,右,曇,重,"2回 札幌 7日目 サラ系３歳以上 １勝クラス       (混)(特指) 定量 16頭 本賞金:800,320,200,120,80万円",16,800.0,12,3,6,ルージュクレセント,牝,4,53.0,▲高杉,125.6,クビ,12,47.1,37.4,11-10-12-12,美浦 国枝,452,0,
202401020708,2024-08-31,札幌,8,3歳以上1勝クラス,芝,2000,右,曇,重,"2回 札幌 7日目 サラ系３歳以上 １勝クラス       (混)(特指) 定量 16頭 本賞金:800,320,200,120,80万円",16,800.0,13,2,4,フォトンブルー,セ,4,58.0,菱田,125.6,クビ,7,28.5,37.7,5-6-8-11,栗東 武幸,502,-4,
202401020708,2024-08-31,札幌,8,3歳以上1勝クラス,芝,2000,右,曇,重,"2回 札幌 7日目 サラ系３歳以上 １勝クラス       (混)(特指) 定量 16頭 本賞金:800,320,200,120,80万円",16,800.0,14,1,1,セイウンパシュート,牡,4,58.0,池添,125.6,ハナ,4,5.6,37.9,5-5-4-6,美浦 上原博,470,8,
202401020708,2024-08-31,札幌,8,3歳以上1勝クラス,芝,2000,右,曇,重,"2回 札幌 7日目 サラ系３歳以上 １勝クラス       (混)(特指) 定量 16頭 本賞金:800,320,200,120,80万円",16,800.0,15,4,7,ロードアフェット,牡,3,55.0,横山和,126.7,7,9,34.6,38.0,15-15-15-15,美浦 高柳瑞,454,16,
202401020708,2024-08-31,札幌,8,3歳以上1勝クラス,芝,2000,右,曇,重,"2回 札幌 7日目 サラ系３歳以上 １勝クラス       (混)(特指) 定量 16頭 本賞金:800,320,200,120,80万円",16,800.0,16,8,16,リーゼントジャンボ,牡,6,58.0,古川吉,128.0,8,16,400.4,38.8,16-16-16-16,美浦 小手川,548,10,
202401020709,2024-08-31,札幌,9,インディアT,ダ,1700,右,曇,重,"2回 札幌 7日目 サラ系３歳以上 ２勝クラス       (混)[指] 定量 13頭 本賞金:1550,620,390,230,155万円",13,1550.0,1,6,9,クラヴィコード,牝,3,53.0,横山武,103.6,,8,17.3,36.1,1-1-1-1,栗東 中村,490,0,
202401020709,2024-08-31,札幌,9,インディアT,ダ,1700,右,曇,重,"2回 札幌 7日目 サラ系３歳以上 ２勝クラス       (混)[指] 定量 13頭 本賞金:1550,620,390,230,155万円",13,1550.0,2,2,2,バニシングポイント,セ,6,58.0,杉原,103.8,1,9,17.7,35.7,10-9-7-6,美浦 古賀,484,-8,
202401020709,2024-08-31,札幌,9,インディアT,ダ,1700,右,曇,重,"2回 札幌 7日目 サラ系３歳以上 ２勝クラス       (混)[指] 定量 13頭 本賞金:1550,620,390,230,155万円",13,1550.0,3,5,6,クロースコンバット,牡,5,58.0,丹内,104.1,2,5,9.8,36.5,3-2-2-2,美浦 青木,490,0,
202401020709,2024-08-31,札幌,9,インディアT,ダ,1700,右,曇,重,"2回 札幌 7日目 サラ系３歳以上 ２勝クラス       (混)[指] 定量 13頭 本賞金:1550,620,390,230,155万円",13,1550.0,4,4,4,オーバーザドリーム,牡,4,58.0,佐々木,104.1,アタマ,6,10.1,36.0,7-7-7-6,栗東 清水久,474,6,
202401020709,2024-08-31,札幌,9,インディアT,ダ,1700,右,曇,重,"2回 札幌 7日目 サラ系３歳以上 ２勝クラス       (混)[指] 定量 13頭 本賞金:1550,620,390,230,155万円",13,1550.0,5,3,3,コブラ,牡,5,58.0,横山典,104.1,ハナ,2,4.9,36.3,4-4-4-4,美浦 菊沢,482,2,
202401020709,2024-08-31,札幌,9,インディアT,ダ,1700,右,曇,重,"2回 札幌 7日目 サラ系３歳以上 ２勝クラス       (混)[指] 定量 13頭 本賞金:1550,620,390,230,155万円",13,1550.0,6,8,13,スズカマジェスタ,牡,5,58.0,荻野琢,104.3,1,10,18.1,35.9,9-9-10-9,栗東 須貝,436,-4,
202401020709,2024-08-31,札幌,9,インディアT,ダ,1700,右,曇,重,"2回 札幌 7日目 サラ系３歳以上 ２勝クラス       (混)[指] 定量 13頭 本賞金:1550,620,390,230,155万円",13,1550.0,7,4,5,クォーツァイト,牝,3,53.0,斎藤,104.3,ハナ,3,5.1,36.5,4-4-4-4,美浦 斎藤誠,466,0,
202401020709,2024-08-31,札幌,9,インディアT,ダ,1700,右,曇,重,"2回 札幌 7日目 サラ系３歳以上 ２勝クラス       (混)[指] 定量 13頭 本賞金:1550,620,390,230,155万円",13,1550.0,8,5,7,キョウエイゲイル,セ,4,58.0,大野,104.9,4,7,13.7,36.3,12-12-12-11,栗東 田中克,476,6,
202401020709,2024-08-31,札幌,9,インディアT,ダ,1700,右,曇,重,"2回 札幌 7日目 サラ系３歳以上 ２勝クラス       (混)[指] 定量 13頭 本賞金:1550,620,390,230,155万円",13,1550.0,9,7,11,レタラ,牝,5,56.0,永野,105.1,1.1/4,12,89.4,37.5,2-2-2-2,栗東 吉村,482,18,
202401020709,2024-08-31,札幌,9,インディアT,ダ,1700,右,曇,重,"2回 札幌 7日目 サラ系３歳以上 ２勝クラス       (混)[指] 定量 13頭 本賞金:1550,620,390,230,155万円",13,1550.0,10,8,12,ロードマゼラン,セ,5,58.0,横山和,105.2,1/2,11,18.3,37.4,4-4-4-6,栗東 奥村豊,496,-6,
202401020709,2024-08-31,札幌,9,インディアT,ダ,1700,右,曇,重,"2回 札幌 7日目 サラ系３歳以上 ２勝クラス       (混)[指] 定量 13頭 本賞金:1550,620,390,230,155万円",13,1550.0,11,7,10,ダノンスウィッチ,牡,3,55.0,武豊,105.9,4,1,4.6,37.9,10-11-7-10,栗東 音無,480,4,
202401020709,2024-08-31,札幌,9,インディアT,ダ,1700,右,曇,重,"2回 札幌 7日目 サラ系３歳以上 ２勝クラス       (混)[指] 定量 13頭 本賞金:1550,620,390,230,155万円",13,1550.0,12,1,1,タシロ,牡,7,58.0,黛,106.5,4,13,133.9,37.8,12-12-12-12,美浦 伊藤大,532,4,
202401020709,2024-08-31,札幌,9,インディアT,ダ,1700,右,曇,重,"2回 札幌 7日目 サラ系３歳以上 ２勝クラス       (混)[指] 定量 13頭 本賞金:1550,620,390,230,155万円",13,1550.0,13,6,8,サラサハウプリティ,牝,4,56.0,菱田,107.1,3.1/2,4,8.0,38.7,7-7-10-13,栗東 岡田,446,10,
202401020710,2024-08-31,札幌,10,アジア競馬連盟T,芝,1500,右,曇,重,"2回 札幌 7日目 サラ系３歳以上 ３勝クラス       (混)[指] 定量 14頭 本賞金:1840,740,460,280,184万円",14,1840.0,1,7,11,ドナベティ,牝,3,53.0,武豊,90.0,,5,8.0,35.4,10-10-10,栗東 矢作,422,0,
202401020710,2024-08-31,札幌,10,アジア競馬連盟T,芝,1500,右,曇,重,"2回 札幌 7日目 サラ系３歳以上 ３勝クラス       (混)[指] 定量 14頭 本賞金:1840,740,460,280,184万円",14,1840.0,2,3,4,ミスフィガロ,牝,6,56.0,古川吉,90.0,クビ,9,37.4,34.9,13-14-11,栗東 友道,438,-2,
202401020710,2024-08-31,札幌,10,アジア競馬連盟T,芝,1500,右,曇,重,"2回 札幌 7日目 サラ系３歳以上 ３勝クラス       (混)[指] 定量 14頭 本賞金:1840,740,460,280,184万円",14,1840.0,3,8,14,スミ,牝,5,56.0,菱田,90.1,3/4,2,5.3,35.7,8-7-4,栗東 高橋亮,488,6,
202401020710,2024-08-31,札幌,10,アジア競馬連盟T,芝,1500,右,曇,重,"2回 札幌 7日目 サラ系３歳以上 ３勝クラス       (混)[指] 定量 14頭 本賞金:1840,740,460,280,184万円",14,1840.0,4,5,8,コスモエスパーダ,牡,8,58.0,丹内,90.2,クビ,10,46.2,36.3,2-3-2,美浦 天間,502,0,
202401020710,2024-08-31,札幌,10,アジア競馬連盟T,芝,1500,右,曇,重,"2回 札幌 7日目 サラ系３歳以上 ３勝クラス       (混)[指] 定量 14頭 本賞金:1840,740,460,280,184万円",14,1840.0,5,4,5,モカフラワー,牝,5,56.0,長浜,90.3,1/2,14,110.5,35.4,14-11-8,美浦 相沢,468,0,
202401020710,2024-08-31,札幌,10,アジア競馬連盟T,芝,1500,右,曇,重,"2回 札幌 7日目 サラ系３歳以上 ３勝クラス       (混)[指] 定量 14頭 本賞金:1840,740,460,280,184万円",14,1840.0,6,5,7,オーサムストローク,牡,3,55.0,横山武,90.4,1/2,3,5.5,36.6,2-2-1,美浦 伊藤圭,442,2,
202401020710,2024-08-31,札幌,10,アジア競馬連盟T,芝,1500,右,曇,重,"2回 札幌 7日目 サラ系３歳以上 ３勝クラス       (混)[指] 定量 14頭 本賞金:1840,740,460,280,184万円",14,1840.0,7,4,6,ワイドラトゥール,牝,3,53.0,北村友,90.6,1.1/4,1,3.1,36.4,4-4-4,栗東 藤原,436,14,
202401020710,2024-08-31,札幌,10,アジア競馬連盟T,芝,1500,右,曇,重,"2回 札幌 7日目 サラ系３歳以上 ３勝クラス       (混)[指] 定量 14頭 本賞金:1840,740,460,280,184万円",14,1840.0,8,8,13,ニューノーマル,牝,5,56.0,浜中,90.6,ハナ,13,56.0,35.7,11-11-13,美浦 上原佑,468,-2,
202401020710,2024-08-31,札幌,10,アジア競馬連盟T,芝,1500,右,曇,重,"2回 札幌 7日目 サラ系３歳以上 ３勝クラス       (混)[指] 定量 14頭 本賞金:1840,740,460,280,184万円",14,1840.0,9,6,9,スカイロケット,牡,4,58.0,佐々木,90.9,2,6,17.2,36.6,8-7-8,栗東 須貝,440,4,
202401020710,2024-08-31,札幌,10,アジア競馬連盟T,芝,1500,右,曇,重,"2回 札幌 7日目 サラ系３歳以上 ３勝クラス       (混)[指] 定量 14頭 本賞金:1840,740,460,280,184万円",14,1840.0,10,2,2,アルーリングビュー,牝,4,56.0,藤岡佑,91.1,1,11,49.9,36.2,11-11-11,栗東 吉村,482,4,
202401020710,2024-08-31,札幌,10,アジア競馬連盟T,芝,1500,右,曇,重,"2回 札幌 7日目 サラ系３歳以上 ３勝クラス       (混)[指] 定量 14頭 本賞金:1840,740,460,280,184万円",14,1840.0,11,7,12,エマヌエーレ,牡,4,58.0,池添,91.4,2,8,19.5,37.2,4-4-4,栗東 平田,508,8,
202401020710,2024-08-31,札幌,10,アジア競馬連盟T,芝,1500,右,曇,重,"2回 札幌 7日目 サラ系３歳以上 ３勝クラス       (混)[指] 定量 14頭 本賞金:1840,740,460,280,184万円",14,1840.0,12,3,3,キャプテンシー,牡,3,55.0,鮫島駿,91.6,1,4,6.0,37.5,4-4-4,栗東 松永幹,468,2,
202401020710,2024-08-31,札幌,10,アジア競馬連盟T,芝,1500,右,曇,重,"2回 札幌 7日目 サラ系３歳以上 ３勝クラス       (混)[指] 定量 14頭 本賞金:1840,740,460,280,184万円",14,1840.0,13,1,1,トラベログ,牝,4,56.0,横山和,91.8,1.1/4,7,18.6,38.0,1-1-2,美浦 岩戸,472,8,
202401020710,2024-08-31,札幌,10,アジア競馬連盟T,芝,1500,右,曇,重,"2回 札幌 7日目 サラ系３歳以上 ３勝クラス       (混)[指] 定量 14頭 本賞金:1840,740,460,280,184万円",14,1840.0,14,6,10,ラウラーナ,牝,4,56.0,大野,93.4,10,12,51.6,38.9,7-9-14,美浦 宗像,438,4,
202401020711,2024-08-31,札幌,11,札幌2歳S,芝,1800,右,晴,重,"2回 札幌 7日目 サラ系２歳 オープン       (国際)(特指) 馬齢 12頭 本賞金:3100,1200,780,470,310万円",12,3100.0,1,2,2,マジックサンズ,牡,2,55.0,佐々木,110.3,,3,4.3,36.6,6-6-6-2,栗東 須貝,500,-2,
202401020711,2024-08-31,札幌,11,札幌2歳S,芝,1800,右,晴,重,"2回 札幌 7日目 サラ系２歳 オープン       (国際)(特指) 馬齢 12頭 本賞金:3100,1200,780,470,310万円",12,3100.0,2,1,1,アルマヴェローチェ,牝,2,55.0,横山武,110.3,ハナ,6,23.4,36.3,6-6-8-5,栗東 上村,484,2,
202401020711,2024-08-31,札幌,11,札幌2歳S,芝,1800,右,晴,重,"2回 札幌 7日目 サラ系２歳 オープン       (国際)(特指) 馬齢 12頭 本賞金:3100,1200,780,470,310万円",12,3100.0,3,6,8,ファイアンクランツ,牡,2,55.0,鮫島駿,110.5,1.1/2,1,3.5,36.4,11-11-10-5,美浦 堀,440,-2,
202401020711,2024-08-31,札幌,11,札幌2歳S,芝,1800,右,晴,重,"2回 札幌 7日目 サラ系２歳 オープン       (国際)(特指) 馬齢 12頭 本賞金:3100,1200,780,470,310万円",12,3100.0,4,8,12,モンドデラモーレ,牡,2,55.0,杉原,111.1,3.1/2,5,7.0,37.8,5-5-2-3,美浦 千葉,464,-2,
202401020711,2024-08-31,札幌,11,札幌2歳S,芝,1800,右,晴,重,"2回 札幌 7日目 サラ系２歳 オープン       (国際)(特指) 馬齢 12頭 本賞金:3100,1200,780,470,310万円",12,3100.0,5,5,5,レーヴドロペラ,牝,2,55.0,大野,111.4,1.3/4,11,89.2,37.1,9-10-11-10,美浦 加藤士,450,0,
202401020711,2024-08-31,札幌,11,札幌2歳S,芝,1800,右,晴,重,"2回 札幌 7日目 サラ系２歳 オープン       (国際)(特指) 馬齢 12頭 本賞金:3100,1200,780,470,310万円",12,3100.0,6,3,3,マテンロウサン,牡,2,55.0,横山和,111.4,クビ,4,6.4,37.9,2-3-4-3,栗東 昆,498,-4,
202401020711,2024-08-31,札幌,11,札幌2歳S,芝,1800,右,晴,重,"2回 札幌 7日目 サラ系２歳 オープン       (国際)(特指) 馬齢 12頭 本賞金:3100,1200,780,470,310万円",12,3100.0,7,8,11,アスクシュタイン,牡,2,55.0,北村友,111.5,クビ,2,3.5,38.4,1-1-1-1,栗東 藤原,490,2,
202401020711,2024-08-31,札幌,11,札幌2歳S,芝,1800,右,晴,重,"2回 札幌 7日目 サラ系２歳 オープン       (国際)(特指) 馬齢 12頭 本賞金:3100,1200,780,470,310万円",12,3100.0,8,4,4,ショウナンマクベス,牡,2,55.0,岩田康,111.6,1/2,7,23.7,37.8,6-6-6-9,美浦 武市,484,18,
202401020711,2024-08-31,札幌,11,札幌2歳S,芝,1800,右,晴,重,"2回 札幌 7日目 サラ系２歳 オープン       (国際)(特指) 馬齢 12頭 本賞金:3100,1200,780,470,310万円",12,3100.0,9,7,10,ローレルオーブ,牡,2,55.0,斎藤,111.6,クビ,12,141.5,37.0,12-12-12-10,栗東 杉山佳,440,-8,
202401020711,2024-08-31,札幌,11,札幌2歳S,芝,1800,右,晴,重,"2回 札幌 7日目 サラ系２歳 オープン       (国際)(特指) 馬齢 12頭 本賞金:3100,1200,780,470,310万円",12,3100.0,10,5,6,ニシノタンギー,牡,2,55.0,永野,112.9,8,8,41.2,38.9,9-9-8-12,美浦 水野,452,-8,
202401020711,2024-08-31,札幌,11,札幌2歳S,芝,1800,右,晴,重,"2回 札幌 7日目 サラ系２歳 オープン       (国際)(特指) 馬齢 12頭 本賞金:3100,1200,780,470,310万円",12,3100.0,11,7,9,トップオンザヒル,牡,2,55.0,菱田,113.1,1.1/4,9,51.8,39.9,2-2-2-7,栗東 岡田,460,-10,
202401020711,2024-08-31,札幌,11,札幌2歳S,芝,1800,右,晴,重,"2回 札幌 7日目 サラ系２歳 オープン       (国際)(特指) 馬齢 12頭 本賞金:3100,1200,780,470,310万円",12,3100.0,12,6,7,バセリーナ,牡,2,55.0,丹内,114.0,5,10,85.6,40.6,2-3-4-7,美浦 松山,438,-2,
202401020712,2024-08-31,札幌,12,マレーシアC,芝,1200,右,晴,重,"2回 札幌 7日目 サラ系３歳以上 ２勝クラス       (混)[指] 定量 16頭 本賞金:1550,620,390,230,155万円",16,1550.0,1,8,15,ツインクルトーズ,牝,4,56.0,古川吉,70.5,,3,8.3,34.9,12-7,美浦 牧,510,2,
202401020712,2024-08-31,札幌,12,マレーシアC,芝,1200,右,晴,重,"2回 札幌 7日目 サラ系３歳以上 ２勝クラス       (混)[指] 定量 16頭 本賞金:1550,620,390,230,155万円",16,1550.0,2,4,7,スイミーユニバンス,牝,4,56.0,池添,70.7,1.1/4,10,37.7,34.9,13-11,栗東 平田,440,0,
202401020712,2024-08-31,札幌,12,マレーシアC,芝,1200,右,晴,重,"2回 札幌 7日目 サラ系３歳以上 ２勝クラス       (混)[指] 定量 16頭 本賞金:1550,620,390,230,155万円",16,1550.0,3,8,16,ジョーメッドヴィン,牡,3,56.0,佐々木,70.8,1,6,12.2,35.8,3-3,栗東 清水久,502,0,
202401020712,2024-08-31,札幌,12,マレーシアC,芝,1200,右,晴,重,"2回 札幌 7日目 サラ系３歳以上 ２勝クラス       (混)[指] 定量 16頭 本賞金:1550,620,390,230,155万円",16,1550.0,4,3,5,イグニション,牡,4,58.0,菱田,71.0,1,11,39.9,35.7,8-7,栗東 畑端,472,2,
202401020712,2024-08-31,札幌,12,マレーシアC,芝,1200,右,晴,重,"2回 札幌 7日目 サラ系３歳以上 ２勝クラス       (混)[指] 定量 16頭 本賞金:1550,620,390,230,155万円",16,1550.0,5,7,14,メイショウハボタン,牝,6,56.0,丹内,71.2,1,9,30.2,36.0,6-4,栗東 本田,472,-4,
202401020712,2024-08-31,札幌,12,マレーシアC,芝,1200,右,晴,重,"2回 札幌 7日目 サラ系３歳以上 ２勝クラス       (混)[指] 定量 16頭 本賞金:1550,620,390,230,155万円",16,1550.0,6,2,3,スミレファースト,牝,3,54.0,北村友,71.3,1/2,5,10.4,36.3,3-4,美浦 加藤征,458,6,
202401020712,2024-08-31,札幌,12,マレーシアC,芝,1200,右,晴,重,"2回 札幌 7日目 サラ系３歳以上 ２勝クラス       (混)[指] 定量 16頭 本賞金:1550,620,390,230,155万円",16,1550.0,7,3,6,スマートルシーダ,牡,6,58.0,浜中,71.5,1.1/4,8,25.0,35.5,16-15,栗東 音無,460,-8,
202401020712,2024-08-31,札幌,12,マレーシアC,芝,1200,右,晴,重,"2回 札幌 7日目 サラ系３歳以上 ２勝クラス       (混)[指] 定量 16頭 本賞金:1550,620,390,230,155万円",16,1550.0,8,2,4,コーティアスマナー,牝,3,54.0,鮫島駿,71.5,アタマ,2,3.6,36.2,8-7,栗東 高橋忠,448,0,
202401020712,2024-08-31,札幌,12,マレーシアC,芝,1200,右,晴,重,"2回 札幌 7日目 サラ系３歳以上 ２勝クラス       (混)[指] 定量 16頭 本賞金:1550,620,390,230,155万円",16,1550.0,9,4,8,トーラスシャイン,牡,3,56.0,武豊,71.8,1.3/4,1,3.1,36.7,5-6,栗東 田中克,480,8,
202401020712,2024-08-31,札幌,12,マレーシアC,芝,1200,右,晴,重,"2回 札幌 7日目 サラ系３歳以上 ２勝クラス       (混)[指] 定量 16頭 本賞金:1550,620,390,230,155万円",16,1550.0,10,7,13,ロードトレイル,牡,3,56.0,横山武,71.8,クビ,4,9.7,36.9,2-2,栗東 藤岡,486,6,
202401020712,2024-08-31,札幌,12,マレーシアC,芝,1200,右,晴,重,"2回 札幌 7日目 サラ系３歳以上 ２勝クラス       (混)[指] 定量 16頭 本賞金:1550,620,390,230,155万円",16,1550.0,11,6,11,ケイアイオメガ,牡,5,58.0,荻野琢,71.8,ハナ,13,46.1,36.3,10-11,栗東 梅田,474,14,
202401020712,2024-08-31,札幌,12,マレーシアC,芝,1200,右,晴,重,"2回 札幌 7日目 サラ系３歳以上 ２勝クラス       (混)[指] 定量 16頭 本賞金:1550,620,390,230,155万円",16,1550.0,12,6,12,フラッシュアーク,牝,5,56.0,黛,71.9,クビ,16,191.2,36.7,6-7,美浦 青木,476,6,
202401020712,2024-08-31,札幌,12,マレーシアC,芝,1200,右,晴,重,"2回 札幌 7日目 サラ系３歳以上 ２勝クラス       (混)[指] 定量 16頭 本賞金:1550,620,390,230,155万円",16,1550.0,13,1,2,アンビバレント,牡,4,58.0,高杉,71.9,ハナ,15,86.9,36.1,13-13,栗東 藤野,466,0,
202401020712,2024-08-31,札幌,12,マレーシアC,芝,1200,右,晴,重,"2回 札幌 7日目 サラ系３歳以上 ２勝クラス       (混)[指] 定量 16頭 本賞金:1550,620,390,230,155万円",16,1550.0,14,5,9,ペプチドシュチク,牡,3,56.0,富田,72.1,1.1/4,12,45.5,36.3,13-15,栗東 武英,478,0,
202401020712,2024-08-31,札幌,12,マレーシアC,芝,1200,右,晴,重,"2回 札幌 7日目 サラ系３歳以上 ２勝クラス       (混)[指] 定量 16頭 本賞金:1550,620,390,230,155万円",16,1550.0,15,1,1,ポルタフォルトゥナ,牝,5,56.0,岩田康,72.2,1/2,7,16.3,37.5,1-1,美浦 土田,480,2,
202401020712,2024-08-31,札幌,12,マレーシアC,芝,1200,右,晴,重,"2回 札幌 7日目 サラ系３歳以上 ２勝クラス       (混)[指] 定量 16頭 本賞金:1550,620,390,230,155万円",16,1550.0,16,5,10,ワイアウ,牝,4,56.0,永野,72.2,ハナ,14,52.4,36.7,10-13,美浦 鈴木慎,474,2,
202404030701,2024-08-31,新潟,1,3歳以上障害未勝利,障,2850,,曇,良,"3回 新潟 7日目 障害３歳以上 未勝利       (混) 定量 10頭 本賞金:790,320,200,120,79万円",10,790.0,1,1,1,トランシルヴァニア,セ,7,60.0,上野,185.9,,2,3.1,13.0,1-1-1-1,美浦 田中剛,498,4,
202404030701,2024-08-31,新潟,1,3歳以上障害未勝利,障,2850,,曇,良,"3回 新潟 7日目 障害３歳以上 未勝利       (混) 定量 10頭 本賞金:790,320,200,120,79万円",10,790.0,2,5,5,エクセレントラン,セ,7,60.0,草野,185.9,アタマ,3,6.1,13.0,6-6-3-2,美浦 伊藤伸,490,10,
202404030701,2024-08-31,新潟,1,3歳以上障害未勝利,障,2850,,曇,良,"3回 新潟 7日目 障害３歳以上 未勝利       (混) 定量 10頭 本賞金:790,320,200,120,79万円",10,790.0,3,7,7,イエローウィン,牝,5,58.0,石神深,186.1,1.1/4,1,2.3,13.1,3-3-2-3,美浦 菊川,476,-2,
202404030701,2024-08-31,新潟,1,3歳以上障害未勝利,障,2850,,曇,良,"3回 新潟 7日目 障害３歳以上 未勝利       (混) 定量 10頭 本賞金:790,320,200,120,79万円",10,790.0,4,4,4,ウインエタンセル,牡,4,60.0,小野寺,188.4,大,4,7.8,13.2,5-4-4-4,栗東 西園翔,486,-4,
202404030701,2024-08-31,新潟,1,3歳以上障害未勝利,障,2850,,曇,良,"3回 新潟 7日目 障害３歳以上 未勝利       (混) 定量 10頭 本賞金:790,320,200,120,79万円",10,790.0,5,7,8,パープルアドミラル,牡,4,60.0,中村,191.8,大,10,128.8,13.5,7-7-7-6,美浦 堀内,440,2,
202404030701,2024-08-31,新潟,1,3歳以上障害未勝利,障,2850,,曇,良,"3回 新潟 7日目 障害３歳以上 未勝利       (混) 定量 10頭 本賞金:790,320,200,120,79万円",10,790.0,6,8,9,バラードインミラノ,牡,6,60.0,大江圭,191.9,3/4,6,23.4,13.5,3-4-5-5,美浦 小野,436,4,
202404030701,2024-08-31,新潟,1,3歳以上障害未勝利,障,2850,,曇,良,"3回 新潟 7日目 障害３歳以上 未勝利       (混) 定量 10頭 本賞金:790,320,200,120,79万円",10,790.0,7,2,2,スズノレイライン,牡,3,58.0,黒岩,195.5,大,8,88.0,13.7,9-9-9-8,栗東 平田,504,-6,
202404030701,2024-08-31,新潟,1,3歳以上障害未勝利,障,2850,,曇,良,"3回 新潟 7日目 障害３歳以上 未勝利       (混) 定量 10頭 本賞金:790,320,200,120,79万円",10,790.0,8,3,3,ワールドハート,牡,5,60.0,高田,197.8,大,7,48.5,13.9,7-8-8-8,栗東 藤野,458,2,
202404030701,2024-08-31,新潟,1,3歳以上障害未勝利,障,2850,,曇,良,"3回 新潟 7日目 障害３歳以上 未勝利       (混) 定量 10頭 本賞金:790,320,200,120,79万円",10,790.0,9,8,10,オウケンデューク,セ,4,57.0,▲坂口,206.5,大,9,122.6,14.5,10-10-10-10,美浦 土田,420,-36,
202404030701,2024-08-31,新潟,1,3歳以上障害未勝利,障,2850,,曇,良,"3回 新潟 7日目 障害３歳以上 未勝利       (混) 定量 10頭 本賞金:790,320,200,120,79万円",10,790.0,,6,6,モンテイゾラ,セ,4,60.0,伴,,,5,7.9,,2-2-6-7,美浦 高柳瑞,480,2,中止
202404030702,2024-08-31,新潟,2,2歳未勝利,ダ,1800,左,曇,良,"3回 新潟 7日目 サラ系２歳 未勝利       (混)[指] 馬齢 10頭 本賞金:550,220,140,83,55万円",10,550.0,1,4,4,アルマグラース,牝,2,55.0,三浦,118.6,,3,4.9,39.4,6-4-4-4,美浦 水野,456,0,
202404030702,2024-08-31,新潟,2,2歳未勝利,ダ,1800,左,曇,良,"3回 新潟 7日目 サラ系２歳 未勝利       (混)[指] 馬齢 10頭 本賞金:550,220,140,83,55万円",10,550.0,2,5,5,ニューファウンド,牡,2,55.0,石川,118.7,クビ,1,2.2,39.8,2-2-2-2,美浦 相沢,508,-6,
202404030702,2024-08-31,新潟,2,2歳未勝利,ダ,1800,左,曇,良,"3回 新潟 7日目 サラ系２歳 未勝利       (混)[指] 馬齢 10頭 本賞金:550,220,140,83,55万円",10,550.0,3,8,10,ビップジェシー,牝,2,55.0,菊沢,119.1,2.1/2,5,13.7,40.2,1-1-1-1,美浦 田島,414,4,
202404030702,2024-08-31,新潟,2,2歳未勝利,ダ,1800,左,曇,良,"3回 新潟 7日目 サラ系２歳 未勝利       (混)[指] 馬齢 10頭 本賞金:550,220,140,83,55万円",10,550.0,4,3,3,マイネルラカイユ,牡,2,55.0,野中,119.1,ハナ,9,34.6,39.6,10-9-7-7,美浦 天間,486,-4,
202404030702,2024-08-31,新潟,2,2歳未勝利,ダ,1800,左,曇,良,"3回 新潟 7日目 サラ系２歳 未勝利       (混)[指] 馬齢 10頭 本賞金:550,220,140,83,55万円",10,550.0,5,2,2,リネンフラッシュ,牡,2,55.0,柴田大,119.2,3/4,4,10.4,40.0,3-4-4-4,美浦 粕谷,456,0,
202404030702,2024-08-31,新潟,2,2歳未勝利,ダ,1800,左,曇,良,"3回 新潟 7日目 サラ系２歳 未勝利       (混)[指] 馬齢 10頭 本賞金:550,220,140,83,55万円",10,550.0,6,7,8,バーニングフレーム,牝,2,55.0,菅原明,119.2,クビ,2,3.2,40.2,3-3-3-3,美浦 鈴木慎,462,2,
202404030702,2024-08-31,新潟,2,2歳未勝利,ダ,1800,左,曇,良,"3回 新潟 7日目 サラ系２歳 未勝利       (混)[指] 馬齢 10頭 本賞金:550,220,140,83,55万円",10,550.0,7,8,9,テクニコス,牡,2,54.0,☆原,119.3,1/2,8,33.0,40.0,5-4-6-4,美浦 田中剛,442,4,
202404030702,2024-08-31,新潟,2,2歳未勝利,ダ,1800,左,曇,良,"3回 新潟 7日目 サラ系２歳 未勝利       (混)[指] 馬齢 10頭 本賞金:550,220,140,83,55万円",10,550.0,8,1,1,キタノラブミー,牝,2,55.0,松岡,119.7,2.1/2,6,30.3,39.8,9-9-9-10,美浦 萱野,498,-4,
202404030702,2024-08-31,新潟,2,2歳未勝利,ダ,1800,左,曇,良,"3回 新潟 7日目 サラ系２歳 未勝利       (混)[指] 馬齢 10頭 本賞金:550,220,140,83,55万円",10,550.0,9,7,7,レインボーギフト,牡,2,53.0,◇藤田菜,120.5,5,7,32.2,40.6,8-8-9-9,美浦 根本,460,0,
202404030702,2024-08-31,新潟,2,2歳未勝利,ダ,1800,左,曇,良,"3回 新潟 7日目 サラ系２歳 未勝利       (混)[指] 馬齢 10頭 本賞金:550,220,140,83,55万円",10,550.0,10,6,6,ゼロファイター,牡,2,52.0,▲石神道,120.7,1,10,168.5,41.0,6-7-8-8,美浦 和田雄,398,-10,
202404030703,2024-08-31,新潟,3,3歳未勝利,ダ,1200,左,曇,良,"3回 新潟 7日目 サラ系３歳 未勝利       [指] 馬齢 15頭 本賞金:550,220,140,83,55万円",15,550.0,1,5,8,サラフォーコン,牝,3,55.0,戸崎圭,72.1,,1,2.3,37.0,1-1,美浦 大和田,426,4,
202404030703,2024-08-31,新潟,3,3歳未勝利,ダ,1200,左,曇,良,"3回 新潟 7日目 サラ系３歳 未勝利       [指] 馬齢 15頭 本賞金:550,220,140,83,55万円",15,550.0,2,6,10,シューンカイゼリン,牝,3,53.0,△小林脩,72.6,3,4,9.6,37.4,2-2,美浦 伊藤圭,434,-6,
202404030703,2024-08-31,新潟,3,3歳未勝利,ダ,1200,左,曇,良,"3回 新潟 7日目 サラ系３歳 未勝利       [指] 馬齢 15頭 本賞金:550,220,140,83,55万円",15,550.0,3,6,11,ペイルムーン,牝,3,55.0,北村宏,72.6,クビ,11,110.2,37.3,3-3,美浦 萩原,432,-2,
202404030703,2024-08-31,新潟,3,3歳未勝利,ダ,1200,左,曇,良,"3回 新潟 7日目 サラ系３歳 未勝利       [指] 馬齢 15頭 本賞金:550,220,140,83,55万円",15,550.0,4,4,7,ゴールデンオスカー,牡,3,57.0,石川,73.0,2.1/2,2,3.0,37.0,9-10,美浦 堀内,492,2,
202404030703,2024-08-31,新潟,3,3歳未勝利,ダ,1200,左,曇,良,"3回 新潟 7日目 サラ系３歳 未勝利       [指] 馬齢 15頭 本賞金:550,220,140,83,55万円",15,550.0,5,4,6,グランジュール,牝,3,52.0,▲石田,73.2,1.1/4,9,103.2,37.5,7-7,美浦 相沢,472,2,
202404030703,2024-08-31,新潟,3,3歳未勝利,ダ,1200,左,曇,良,"3回 新潟 7日目 サラ系３歳 未勝利       [指] 馬齢 15頭 本賞金:550,220,140,83,55万円",15,550.0,6,8,15,スキーサンダー,牝,3,55.0,ルメー,73.3,1/2,3,4.7,37.8,4-4,美浦 辻,478,2,
202404030703,2024-08-31,新潟,3,3歳未勝利,ダ,1200,左,曇,良,"3回 新潟 7日目 サラ系３歳 未勝利       [指] 馬齢 15頭 本賞金:550,220,140,83,55万円",15,550.0,7,2,3,リターンエース,牡,3,57.0,石橋脩,73.3,ハナ,12,177.3,37.3,9-8,美浦 松山,454,-14,
202404030703,2024-08-31,新潟,3,3歳未勝利,ダ,1200,左,曇,良,"3回 新潟 7日目 サラ系３歳 未勝利       [指] 馬齢 15頭 本賞金:550,220,140,83,55万円",15,550.0,8,1,1,タマモルル,牝,3,55.0,菊沢,73.5,3/4,6,35.7,38.0,4-4,美浦 菊沢,464,4,
202404030703,2024-08-31,新潟,3,3歳未勝利,ダ,1200,左,曇,良,"3回 新潟 7日目 サラ系３歳 未勝利       [指] 馬齢 15頭 本賞金:550,220,140,83,55万円",15,550.0,9,2,2,ペイシャアゲイン,牝,3,55.0,松岡,73.7,1.1/4,8,59.3,38.2,4-4,美浦 伊藤伸,478,-4,
202404030703,2024-08-31,新潟,3,3歳未勝利,ダ,1200,左,曇,良,"3回 新潟 7日目 サラ系３歳 未勝利       [指] 馬齢 15頭 本賞金:550,220,140,83,55万円",15,550.0,10,3,4,デリングシチー,牡,3,57.0,木幡巧,73.8,1/2,10,104.8,37.6,12-12,美浦 奥平,456,4,
202404030703,2024-08-31,新潟,3,3歳未勝利,ダ,1200,左,曇,良,"3回 新潟 7日目 サラ系３歳 未勝利       [指] 馬齢 15頭 本賞金:550,220,140,83,55万円",15,550.0,11,7,12,クーリッジテソーロ,牡,3,56.0,☆原,75.1,8,5,17.5,39.2,9-11,美浦 栗田,460,-6,
202404030703,2024-08-31,新潟,3,3歳未勝利,ダ,1200,左,曇,良,"3回 新潟 7日目 サラ系３歳 未勝利       [指] 馬齢 15頭 本賞金:550,220,140,83,55万円",15,550.0,12,7,13,テンチャスカーラ,牝,3,55.0,野中,75.3,1.1/2,13,262.6,39.6,7-8,美浦 上原博,468,2,
202404030703,2024-08-31,新潟,3,3歳未勝利,ダ,1200,左,曇,良,"3回 新潟 7日目 サラ系３歳 未勝利       [指] 馬齢 15頭 本賞金:550,220,140,83,55万円",15,550.0,13,3,5,ダイノハイド,牝,3,52.0,▲佐藤,75.4,クビ,14,476.6,39.0,13-13,美浦 清水英,460,-4,
202404030703,2024-08-31,新潟,3,3歳未勝利,ダ,1200,左,曇,良,"3回 新潟 7日目 サラ系３歳 未勝利       [指] 馬齢 15頭 本賞金:550,220,140,83,55万円",15,550.0,14,5,9,ヒトリゴツ,牝,3,55.0,原田和,78.3,大,15,556.9,40.0,14-14,美浦 石栗,442,-10,
202404030703,2024-08-31,新潟,3,3歳未勝利,ダ,1200,左,曇,良,"3回 新潟 7日目 サラ系３歳 未勝利       [指] 馬齢 15頭 本賞金:550,220,140,83,55万円",15,550.0,,8,14,ガメイラヴァー,牝,3,55.0,菅原明,,,7,39.0,,,美浦 大竹,500,10,中止
202404030704,2024-08-31,新潟,4,3歳以上障害OP,障,3250,,曇,良,"3回 新潟 7日目 障害３歳以上 オープン       (混) 別定 10頭 本賞金:1350,540,340,200,135万円",10,1350.0,1,5,5,サイード,セ,5,61.0,小牧加,211.9,,6,12.8,13.0,4-4-3-3,栗東 角田,500,-2,
202404030704,2024-08-31,新潟,4,3歳以上障害OP,障,3250,,曇,良,"3回 新潟 7日目 障害３歳以上 オープン       (混) 別定 10頭 本賞金:1350,540,340,200,135万円",10,1350.0,2,6,6,タンジェントアーク,セ,6,57.0,▲土田,212.0,1/2,8,40.4,13.0,9-9-9-8,美浦 田村,432,2,
202404030704,2024-08-31,新潟,4,3歳以上障害OP,障,3250,,曇,良,"3回 新潟 7日目 障害３歳以上 オープン       (混) 別定 10頭 本賞金:1350,540,340,200,135万円",10,1350.0,3,1,1,リレーションシップ,牡,7,60.0,高田,212.0,クビ,1,2.6,13.0,6-6-3-3,栗東 斉藤崇,520,0,
202404030704,2024-08-31,新潟,4,3歳以上障害OP,障,3250,,曇,良,"3回 新潟 7日目 障害３歳以上 オープン       (混) 別定 10頭 本賞金:1350,540,340,200,135万円",10,1350.0,4,4,4,ラジェドール,セ,6,60.0,草野,212.6,3.1/2,9,42.9,13.1,1-1-1-1,美浦 小笠,496,0,
202404030704,2024-08-31,新潟,4,3歳以上障害OP,障,3250,,曇,良,"3回 新潟 7日目 障害３歳以上 オープン       (混) 別定 10頭 本賞金:1350,540,340,200,135万円",10,1350.0,5,7,8,ヴァレッタカズマ,牡,5,61.0,森一,212.7,1/2,2,3.9,13.1,6-6-6-6,栗東 藤野,512,6,
202404030704,2024-08-31,新潟,4,3歳以上障害OP,障,3250,,曇,良,"3回 新潟 7日目 障害３歳以上 オープン       (混) 別定 10頭 本賞金:1350,540,340,200,135万円",10,1350.0,6,8,10,アスターディゴン,牡,5,61.0,黒岩,213.3,3.1/2,3,4.8,13.1,4-4-5-5,栗東 中竹,494,4,
202404030704,2024-08-31,新潟,4,3歳以上障害OP,障,3250,,曇,良,"3回 新潟 7日目 障害３歳以上 オープン       (混) 別定 10頭 本賞金:1350,540,340,200,135万円",10,1350.0,7,8,9,ハーツシンフォニー,セ,7,60.0,石神深,213.8,3,4,8.1,13.2,8-8-8-7,美浦 辻,486,6,
202404030704,2024-08-31,新潟,4,3歳以上障害OP,障,3250,,曇,良,"3回 新潟 7日目 障害３歳以上 オープン       (混) 別定 10頭 本賞金:1350,540,340,200,135万円",10,1350.0,8,3,3,エンデュミオン,牡,7,61.0,小野寺,215.8,大,5,8.5,13.3,2-2-2-2,栗東 清水久,462,2,
202404030704,2024-08-31,新潟,4,3歳以上障害OP,障,3250,,曇,良,"3回 新潟 7日目 障害３歳以上 オープン       (混) 別定 10頭 本賞金:1350,540,340,200,135万円",10,1350.0,9,7,7,ブリエヴェール,牡,6,60.0,大江圭,217.1,8,10,62.1,13.4,2-2-7-9,美浦 小笠,446,-16,
202404030704,2024-08-31,新潟,4,3歳以上障害OP,障,3250,,曇,良,"3回 新潟 7日目 障害３歳以上 オープン       (混) 別定 10頭 本賞金:1350,540,340,200,135万円",10,1350.0,10,2,2,サインオブサクセス,牡,5,60.0,上野,218.7,10,7,30.8,13.5,9-9-10-10,美浦 伊藤圭,478,2,
202404030705,2024-08-31,新潟,5,2歳新馬,芝,2000,左,曇,良,"3回 新潟 7日目 サラ系２歳 新馬       (混)[指] 馬齢 7頭 本賞金:720,290,180,110,72万円",7,720.0,1,6,6,ヴィンセンシオ,牡,2,55.0,ルメー,128.4,,1,1.4,35.2,2-2-2-2,美浦 森一,492,0,
202404030705,2024-08-31,新潟,5,2歳新馬,芝,2000,左,曇,良,"3回 新潟 7日目 サラ系２歳 新馬       (混)[指] 馬齢 7頭 本賞金:720,290,180,110,72万円",7,720.0,2,2,2,キャピタルリッチ,牡,2,54.0,☆横山琉,128.4,クビ,3,4.9,34.9,3-3-4-3,美浦 小笠,464,0,
202404030705,2024-08-31,新潟,5,2歳新馬,芝,2000,左,曇,良,"3回 新潟 7日目 サラ系２歳 新馬       (混)[指] 馬齢 7頭 本賞金:720,290,180,110,72万円",7,720.0,3,4,4,ジュンアサヒソラ,牡,2,55.0,菅原明,128.6,1.1/2,2,4.4,35.1,3-3-4-3,美浦 高柳瑞,498,0,
202404030705,2024-08-31,新潟,5,2歳新馬,芝,2000,左,曇,良,"3回 新潟 7日目 サラ系２歳 新馬       (混)[指] 馬齢 7頭 本賞金:720,290,180,110,72万円",7,720.0,4,5,5,フレンドシルバー,牝,2,52.0,▲佐藤,129.2,3.1/2,7,142.4,35.8,3-3-3-3,美浦 南田,444,0,
202404030705,2024-08-31,新潟,5,2歳新馬,芝,2000,左,曇,良,"3回 新潟 7日目 サラ系２歳 新馬       (混)[指] 馬齢 7頭 本賞金:720,290,180,110,72万円",7,720.0,5,3,3,ドピエッタ,牝,2,55.0,柴田大,129.2,クビ,6,104.6,35.5,6-6-6-6,美浦 天間,484,0,
202404030705,2024-08-31,新潟,5,2歳新馬,芝,2000,左,曇,良,"3回 新潟 7日目 サラ系２歳 新馬       (混)[指] 馬齢 7頭 本賞金:720,290,180,110,72万円",7,720.0,6,1,1,コックリサン,牝,2,51.0,★大江比,129.6,2.1/2,5,33.6,35.8,6-6-6-6,美浦 深山,424,0,
202404030705,2024-08-31,新潟,5,2歳新馬,芝,2000,左,曇,良,"3回 新潟 7日目 サラ系２歳 新馬       (混)[指] 馬齢 7頭 本賞金:720,290,180,110,72万円",7,720.0,7,7,7,グレイグアン,牡,2,55.0,戸崎圭,129.7,クビ,4,9.5,36.5,1-1-1-1,美浦 斎藤誠,482,0,
202404030706,2024-08-31,新潟,6,3歳未勝利,芝,1600,左,小雨,良,"3回 新潟 7日目 サラ系３歳 未勝利       (混)[指] 馬齢 18頭 本賞金:550,220,140,83,55万円",18,550.0,1,4,8,マンウォル,牝,3,55.0,菊沢,94.4,,2,4.1,34.6,3-3,美浦 菊沢,426,-2,
202404030706,2024-08-31,新潟,6,3歳未勝利,芝,1600,左,小雨,良,"3回 新潟 7日目 サラ系３歳 未勝利       (混)[指] 馬齢 18頭 本賞金:550,220,140,83,55万円",18,550.0,2,4,7,コキーヌ,牝,3,55.0,三浦,94.5,3/4,1,4.1,34.5,6-5,美浦 堀,430,-4,
202404030706,2024-08-31,新潟,6,3歳未勝利,芝,1600,左,小雨,良,"3回 新潟 7日目 サラ系３歳 未勝利       (混)[指] 馬齢 18頭 本賞金:550,220,140,83,55万円",18,550.0,3,7,14,ソルトブリーズ,牡,3,57.0,松岡,94.6,クビ,6,15.1,34.4,7-7,美浦 田中剛,450,-4,
202404030706,2024-08-31,新潟,6,3歳未勝利,芝,1600,左,小雨,良,"3回 新潟 7日目 サラ系３歳 未勝利       (混)[指] 馬齢 18頭 本賞金:550,220,140,83,55万円",18,550.0,4,8,17,ルチェッタ,牝,3,55.0,野中,94.9,2,10,42.7,34.5,10-9,美浦 青木,424,-16,
202404030706,2024-08-31,新潟,6,3歳未勝利,芝,1600,左,小雨,良,"3回 新潟 7日目 サラ系３歳 未勝利       (混)[指] 馬齢 18頭 本賞金:550,220,140,83,55万円",18,550.0,5,5,9,キャンディレイ,牝,3,55.0,津村,95.0,1/2,4,6.5,34.0,17-17,美浦 武市,500,0,
202404030706,2024-08-31,新潟,6,3歳未勝利,芝,1600,左,小雨,良,"3回 新潟 7日目 サラ系３歳 未勝利       (混)[指] 馬齢 18頭 本賞金:550,220,140,83,55万円",18,550.0,6,5,10,ジョブックノワ,牝,3,53.0,◇藤田菜,95.0,アタマ,5,10.2,34.2,16-14,美浦 根本,426,2,
202404030706,2024-08-31,新潟,6,3歳未勝利,芝,1600,左,小雨,良,"3回 新潟 7日目 サラ系３歳 未勝利       (混)[指] 馬齢 18頭 本賞金:550,220,140,83,55万円",18,550.0,7,7,15,ジャグラー,牡,3,57.0,菅原明,95.3,1.3/4,7,16.5,33.7,18-18,美浦 萩原,466,0,
202404030706,2024-08-31,新潟,6,3歳未勝利,芝,1600,左,小雨,良,"3回 新潟 7日目 サラ系３歳 未勝利       (混)[指] 馬齢 18頭 本賞金:550,220,140,83,55万円",18,550.0,8,8,16,サダージ,牝,3,52.0,▲石田,95.3,1/2,11,65.6,35.7,2-2,美浦 池上,442,6,
202404030706,2024-08-31,新潟,6,3歳未勝利,芝,1600,左,小雨,良,"3回 新潟 7日目 サラ系３歳 未勝利       (混)[指] 馬齢 18頭 本賞金:550,220,140,83,55万円",18,550.0,9,6,11,セラドングリーン,牡,3,57.0,北村宏,95.4,クビ,14,81.5,34.9,13-11,美浦 萩原,512,0,
202404030706,2024-08-31,新潟,6,3歳未勝利,芝,1600,左,小雨,良,"3回 新潟 7日目 サラ系３歳 未勝利       (混)[指] 馬齢 18頭 本賞金:550,220,140,83,55万円",18,550.0,10,6,12,フィローシャ,牡,3,53.0,★大江比,95.4,アタマ,13,70.3,35.4,5-5,美浦 菊川,474,-2,
202404030706,2024-08-31,新潟,6,3歳未勝利,芝,1600,左,小雨,良,"3回 新潟 7日目 サラ系３歳 未勝利       (混)[指] 馬齢 18頭 本賞金:550,220,140,83,55万円",18,550.0,11,1,2,バビロン,牡,3,57.0,荻野極,95.5,クビ,16,144.0,34.7,13-14,美浦 栗田,412,-10,
202404030706,2024-08-31,新潟,6,3歳未勝利,芝,1600,左,小雨,良,"3回 新潟 7日目 サラ系３歳 未勝利       (混)[指] 馬齢 18頭 本賞金:550,220,140,83,55万円",18,550.0,12,3,6,メイパワー,牝,3,52.0,▲石神道,95.5,アタマ,8,17.9,35.0,10-11,美浦 深山,432,-4,
202404030706,2024-08-31,新潟,6,3歳未勝利,芝,1600,左,小雨,良,"3回 新潟 7日目 サラ系３歳 未勝利       (混)[指] 馬齢 18頭 本賞金:550,220,140,83,55万円",18,550.0,13,7,13,モデルニスモ,牝,3,55.0,戸崎圭,95.8,1.3/4,3,5.1,36.2,1-1,美浦 斎藤誠,466,-2,
202404030706,2024-08-31,新潟,6,3歳未勝利,芝,1600,左,小雨,良,"3回 新潟 7日目 サラ系３歳 未勝利       (混)[指] 馬齢 18頭 本賞金:550,220,140,83,55万円",18,550.0,14,2,4,コスモブリランテ,牝,3,55.0,石川,95.9,1,9,24.6,35.4,12-11,美浦 西田,404,2,
202404030706,2024-08-31,新潟,6,3歳未勝利,芝,1600,左,小雨,良,"3回 新潟 7日目 サラ系３歳 未勝利       (混)[指] 馬齢 18頭 本賞金:550,220,140,83,55万円",18,550.0,15,1,1,フルハートビート,牡,3,56.0,☆原,96.2,1.3/4,12,68.2,35.3,13-14,美浦 黒岩,494,14,
202404030706,2024-08-31,新潟,6,3歳未勝利,芝,1600,左,小雨,良,"3回 新潟 7日目 サラ系３歳 未勝利       (混)[指] 馬齢 18頭 本賞金:550,220,140,83,55万円",18,550.0,16,3,5,ショーヴェサル,牝,3,55.0,石橋脩,96.2,クビ,17,262.6,35.9,9-9,美浦 鈴木伸,414,-2,
202404030706,2024-08-31,新潟,6,3歳未勝利,芝,1600,左,小雨,良,"3回 新潟 7日目 サラ系３歳 未勝利       (混)[指] 馬齢 18頭 本賞金:550,220,140,83,55万円",18,550.0,17,2,3,アドゥールグロー,牡,3,55.0,△小林脩,97.0,5,15,141.1,36.8,7-8,美浦 伊藤大,510,-8,
202404030706,2024-08-31,新潟,6,3歳未勝利,芝,1600,左,小雨,良,"3回 新潟 7日目 サラ系３歳 未勝利       (混)[指] 馬齢 18頭 本賞金:550,220,140,83,55万円",18,550.0,18,8,18,ザッフェラーノ,牡,3,57.0,木幡育,99.6,大,18,500.9,39.7,3-3,美浦 高橋文,466,-4,
202404030707,2024-08-31,新潟,7,3歳未勝利,芝,1800,左,小雨,良,"3回 新潟 7日目 サラ系３歳 未勝利       [指] 馬齢 18頭 本賞金:550,220,140,83,55万円",18,550.0,1,1,1,フォティーゾ,牡,3,57.0,北村宏,106.8,,4,6.8,33.7,9-9,美浦 宮田,482,-6,
202404030707,2024-08-31,新潟,7,3歳未勝利,芝,1800,左,小雨,良,"3回 新潟 7日目 サラ系３歳 未勝利       [指] 馬齢 18頭 本賞金:550,220,140,83,55万円",18,550.0,2,1,2,リュケイオン,牡,3,57.0,ルメー,106.8,クビ,1,2.9,33.7,11-10,美浦 奥村武,430,6,
202404030707,2024-08-31,新潟,7,3歳未勝利,芝,1800,左,小雨,良,"3回 新潟 7日目 サラ系３歳 未勝利       [指] 馬齢 18頭 本賞金:550,220,140,83,55万円",18,550.0,3,2,3,カンデラリア,牡,3,57.0,菅原明,107.5,4,2,3.4,34.2,13-11,美浦 宗像,492,4,
202404030707,2024-08-31,新潟,7,3歳未勝利,芝,1800,左,小雨,良,"3回 新潟 7日目 サラ系３歳 未勝利       [指] 馬齢 18頭 本賞金:550,220,140,83,55万円",18,550.0,4,8,18,ナムラドーギー,牡,3,55.0,△小林脩,107.7,1.1/4,16,198.3,35.0,6-5,美浦 石栗,440,-6,
202404030707,2024-08-31,新潟,7,3歳未勝利,芝,1800,左,小雨,良,"3回 新潟 7日目 サラ系３歳 未勝利       [指] 馬齢 18頭 本賞金:550,220,140,83,55万円",18,550.0,5,5,9,デンティベス,牡,3,57.0,津村,107.9,1,6,26.3,35.0,8-7,美浦 田村,468,0,
202404030707,2024-08-31,新潟,7,3歳未勝利,芝,1800,左,小雨,良,"3回 新潟 7日目 サラ系３歳 未勝利       [指] 馬齢 18頭 本賞金:550,220,140,83,55万円",18,550.0,6,5,10,アオイメルスイ,牝,3,54.0,☆原,107.9,クビ,3,4.2,36.2,1-1,美浦 伊藤大,428,-4,
202404030707,2024-08-31,新潟,7,3歳未勝利,芝,1800,左,小雨,良,"3回 新潟 7日目 サラ系３歳 未勝利       [指] 馬齢 18頭 本賞金:550,220,140,83,55万円",18,550.0,7,7,15,ディヴァイネスト,牝,3,55.0,菊沢,108.0,1/2,13,121.8,33.7,17-14,美浦 勢司,430,4,
202404030707,2024-08-31,新潟,7,3歳未勝利,芝,1800,左,小雨,良,"3回 新潟 7日目 サラ系３歳 未勝利       [指] 馬齢 18頭 本賞金:550,220,140,83,55万円",18,550.0,8,8,17,ローンウルフ,牡,3,57.0,小崎,108.9,5,8,54.6,36.2,4-4,美浦 武市,458,-2,
202404030707,2024-08-31,新潟,7,3歳未勝利,芝,1800,左,小雨,良,"3回 新潟 7日目 サラ系３歳 未勝利       [指] 馬齢 18頭 本賞金:550,220,140,83,55万円",18,550.0,9,6,11,エバーアリエル,牝,3,52.0,▲石田,109.0,クビ,14,126.2,36.7,2-2,美浦 小島,432,6,
202404030707,2024-08-31,新潟,7,3歳未勝利,芝,1800,左,小雨,良,"3回 新潟 7日目 サラ系３歳 未勝利       [指] 馬齢 18頭 本賞金:550,220,140,83,55万円",18,550.0,10,6,12,ハートライト,牝,3,55.0,戸崎圭,109.2,1.1/4,5,12.9,36.4,5-5,美浦 田中博,468,-4,
202404030707,2024-08-31,新潟,7,3歳未勝利,芝,1800,左,小雨,良,"3回 新潟 7日目 サラ系３歳 未勝利       [指] 馬齢 18頭 本賞金:550,220,140,83,55万円",18,550.0,10,8,16,スコア,牡,3,55.0,◇藤田菜,109.2,1.1/4,7,31.0,36.6,3-3,美浦 栗田,456,-2,
202404030707,2024-08-31,新潟,7,3歳未勝利,芝,1800,左,小雨,良,"3回 新潟 7日目 サラ系３歳 未勝利       [指] 馬齢 18頭 本賞金:550,220,140,83,55万円",18,550.0,12,2,4,レジーナチェリ,牡,3,57.0,野中,109.3,1/2,9,67.4,36.3,6-7,美浦 伊藤伸,424,-10,
202404030707,2024-08-31,新潟,7,3歳未勝利,芝,1800,左,小雨,良,"3回 新潟 7日目 サラ系３歳 未勝利       [指] 馬齢 18頭 本賞金:550,220,140,83,55万円",18,550.0,13,4,7,アレスエルピーダ,牡,3,57.0,内田博,109.8,2.1/2,15,181.9,36.1,11-11,美浦 和田雄,464,-3,
202404030707,2024-08-31,新潟,7,3歳未勝利,芝,1800,左,小雨,良,"3回 新潟 7日目 サラ系３歳 未勝利       [指] 馬齢 18頭 本賞金:550,220,140,83,55万円",18,550.0,14,3,5,スオードカット,牡,3,56.0,☆横山琉,110.3,3.1/2,11,86.8,35.6,15-16,美浦 斎藤誠,472,4,
202404030707,2024-08-31,新潟,7,3歳未勝利,芝,1800,左,小雨,良,"3回 新潟 7日目 サラ系３歳 未勝利       [指] 馬齢 18頭 本賞金:550,220,140,83,55万円",18,550.0,15,3,6,ダイタクロノス,牡,3,57.0,木幡巧,112.7,大,17,373.9,38.6,15-13,美浦 土田,452,-10,
202404030707,2024-08-31,新潟,7,3歳未勝利,芝,1800,左,小雨,良,"3回 新潟 7日目 サラ系３歳 未勝利       [指] 馬齢 18頭 本賞金:550,220,140,83,55万円",18,550.0,16,7,13,ホウオウシーザー,牡,3,57.0,荻野極,112.9,1.1/4,18,595.9,37.6,9-14,美浦 稲垣,478,-6,
202404030707,2024-08-31,新潟,7,3歳未勝利,芝,1800,左,小雨,良,"3回 新潟 7日目 サラ系３歳 未勝利       [指] 馬齢 18頭 本賞金:550,220,140,83,55万円",18,550.0,17,7,14,リアソール,牝,3,55.0,石川,113.0,1/2,10,69.9,37.2,17-18,美浦 萩原,474,0,
202404030707,2024-08-31,新潟,7,3歳未勝利,芝,1800,左,小雨,良,"3回 新潟 7日目 サラ系３歳 未勝利       [指] 馬齢 18頭 本賞金:550,220,140,83,55万円",18,550.0,18,4,8,オーデンヴァルト,牝,3,55.0,丸山,115.2,大,12,109.2,39.8,14-16,美浦 林,454,-16,
202404030708,2024-08-31,新潟,8,3歳以上1勝クラス,ダ,1200,左,雨,稍,"3回 新潟 7日目 サラ系３歳以上 １勝クラス       牝[指] 定量 15頭 本賞金:800,320,200,120,80万円",15,800.0,1,6,11,レヴィテーション,牝,3,54.0,宮崎,72.3,,2,3.4,37.7,3-2,美浦 中川,432,-2,
202404030708,2024-08-31,新潟,8,3歳以上1勝クラス,ダ,1200,左,雨,稍,"3回 新潟 7日目 サラ系３歳以上 １勝クラス       牝[指] 定量 15頭 本賞金:800,320,200,120,80万円",15,800.0,2,8,15,バロン,牝,3,54.0,嶋田,72.4,クビ,3,6.6,37.0,10-8,美浦 手塚,478,4,
202404030708,2024-08-31,新潟,8,3歳以上1勝クラス,ダ,1200,左,雨,稍,"3回 新潟 7日目 サラ系３歳以上 １勝クラス       牝[指] 定量 15頭 本賞金:800,320,200,120,80万円",15,800.0,3,7,12,ノーブルミステリー,牝,4,54.0,△小林脩,72.7,2,10,62.9,37.1,11-11,美浦 菊川,444,2,
202404030708,2024-08-31,新潟,8,3歳以上1勝クラス,ダ,1200,左,雨,稍,"3回 新潟 7日目 サラ系３歳以上 １勝クラス       牝[指] 定量 15頭 本賞金:800,320,200,120,80万円",15,800.0,4,2,2,ニシノヴィヴィ,牝,3,54.0,野中,72.8,クビ,7,28.3,37.5,8-10,美浦 矢野,444,0,
202404030708,2024-08-31,新潟,8,3歳以上1勝クラス,ダ,1200,左,雨,稍,"3回 新潟 7日目 サラ系３歳以上 １勝クラス       牝[指] 定量 15頭 本賞金:800,320,200,120,80万円",15,800.0,5,4,7,スマートオリーブ,牝,5,55.0,☆横山琉,72.9,1,4,12.1,38.3,3-2,美浦 蛯名利,488,0,
202404030708,2024-08-31,新潟,8,3歳以上1勝クラス,ダ,1200,左,雨,稍,"3回 新潟 7日目 サラ系３歳以上 １勝クラス       牝[指] 定量 15頭 本賞金:800,320,200,120,80万円",15,800.0,6,3,4,オンザヴィーナス,牝,3,54.0,丸山,72.9,ハナ,5,13.4,38.6,1-1,美浦 大和田,426,2,
202404030708,2024-08-31,新潟,8,3歳以上1勝クラス,ダ,1200,左,雨,稍,"3回 新潟 7日目 サラ系３歳以上 １勝クラス       牝[指] 定量 15頭 本賞金:800,320,200,120,80万円",15,800.0,7,6,10,アルーリングタイム,牝,3,54.0,菅原明,73.0,1/2,1,2.1,38.4,3-2,美浦 中舘,526,14,
202404030708,2024-08-31,新潟,8,3歳以上1勝クラス,ダ,1200,左,雨,稍,"3回 新潟 7日目 サラ系３歳以上 １勝クラス       牝[指] 定量 15頭 本賞金:800,320,200,120,80万円",15,800.0,8,5,9,シウン,牝,5,55.0,☆原,73.1,1/2,11,118.2,37.9,8-8,美浦 矢野,474,2,
202404030708,2024-08-31,新潟,8,3歳以上1勝クラス,ダ,1200,左,雨,稍,"3回 新潟 7日目 サラ系３歳以上 １勝クラス       牝[指] 定量 15頭 本賞金:800,320,200,120,80万円",15,800.0,9,4,6,マイクロモザイク,牝,4,53.0,▲石神道,73.1,ハナ,12,122.1,37.1,14-14,美浦 森一,462,8,
202404030708,2024-08-31,新潟,8,3歳以上1勝クラス,ダ,1200,左,雨,稍,"3回 新潟 7日目 サラ系３歳以上 １勝クラス       牝[指] 定量 15頭 本賞金:800,320,200,120,80万円",15,800.0,10,1,1,グローブフェイム,牝,4,56.0,菊沢,73.2,3/4,8,44.1,37.7,11-11,美浦 田中剛,456,10,
202404030708,2024-08-31,新潟,8,3歳以上1勝クラス,ダ,1200,左,雨,稍,"3回 新潟 7日目 サラ系３歳以上 １勝クラス       牝[指] 定量 15頭 本賞金:800,320,200,120,80万円",15,800.0,11,8,14,イロハニオエ,牝,5,56.0,松岡,73.4,1.1/4,13,199.1,38.6,6-6,美浦 小野,514,4,
202404030708,2024-08-31,新潟,8,3歳以上1勝クラス,ダ,1200,左,雨,稍,"3回 新潟 7日目 サラ系３歳以上 １勝クラス       牝[指] 定量 15頭 本賞金:800,320,200,120,80万円",15,800.0,12,3,5,ヴィエンヌ,牝,4,56.0,武藤,73.6,1,9,49.8,38.0,11-11,美浦 武藤,478,2,
202404030708,2024-08-31,新潟,8,3歳以上1勝クラス,ダ,1200,左,雨,稍,"3回 新潟 7日目 サラ系３歳以上 １勝クラス       牝[指] 定量 15頭 本賞金:800,320,200,120,80万円",15,800.0,13,5,8,バイロイト,牝,5,54.0,◇藤田菜,73.9,2,6,14.2,39.5,2-2,美浦 栗田,496,2,
202404030708,2024-08-31,新潟,8,3歳以上1勝クラス,ダ,1200,左,雨,稍,"3回 新潟 7日目 サラ系３歳以上 １勝クラス       牝[指] 定量 15頭 本賞金:800,320,200,120,80万円",15,800.0,14,2,3,ペイシャソプラノ,牝,3,50.5,★大江比,74.2,1.1/2,15,343.7,39.4,6-6,美浦 石栗,518,-2,
202404030708,2024-08-31,新潟,8,3歳以上1勝クラス,ダ,1200,左,雨,稍,"3回 新潟 7日目 サラ系３歳以上 １勝クラス       牝[指] 定量 15頭 本賞金:800,320,200,120,80万円",15,800.0,15,7,13,シャインフェアリー,牝,4,53.0,▲石田,74.6,2.1/2,14,323.3,38.4,15-15,美浦 天間,470,-12,
202404030709,2024-08-31,新潟,9,瓢湖特別,芝,2200,左,雨,稍,"3回 新潟 7日目 サラ系３歳以上 １勝クラス       (特指) 定量 14頭 本賞金:1110,440,280,170,111万円",14,1110.0,1,4,5,ベンサレム,牡,3,55.0,ルメー,135.6,,1,1.5,35.8,2-2-2-2,美浦 稲垣,476,-4,
202404030709,2024-08-31,新潟,9,瓢湖特別,芝,2200,左,雨,稍,"3回 新潟 7日目 サラ系３歳以上 １勝クラス       (特指) 定量 14頭 本賞金:1110,440,280,170,111万円",14,1110.0,2,7,11,ニシノコイゴコロ,牝,3,53.0,野中,136.0,2,7,49.1,36.1,6-7-3-3,美浦 根本,430,4,
202404030709,2024-08-31,新潟,9,瓢湖特別,芝,2200,左,雨,稍,"3回 新潟 7日目 サラ系３歳以上 １勝クラス       (特指) 定量 14頭 本賞金:1110,440,280,170,111万円",14,1110.0,3,3,4,アレナリア,牝,5,56.0,三浦,136.0,クビ,4,11.8,36.1,3-3-3-5,栗東 西園翔,428,2,
202404030709,2024-08-31,新潟,9,瓢湖特別,芝,2200,左,雨,稍,"3回 新潟 7日目 サラ系３歳以上 １勝クラス       (特指) 定量 14頭 本賞金:1110,440,280,170,111万円",14,1110.0,4,1,1,マイネルイージス,牡,5,58.0,石川,136.1,1/2,10,98.2,35.6,11-11-13-12,美浦 清水英,478,-11,
202404030709,2024-08-31,新潟,9,瓢湖特別,芝,2200,左,雨,稍,"3回 新潟 7日目 サラ系３歳以上 １勝クラス       (特指) 定量 14頭 本賞金:1110,440,280,170,111万円",14,1110.0,5,4,6,ダノンクロム,牡,4,58.0,津村,136.2,1/2,5,21.2,36.5,1-1-1-1,栗東 音無,502,2,
202404030709,2024-08-31,新潟,9,瓢湖特別,芝,2200,左,雨,稍,"3回 新潟 7日目 サラ系３歳以上 １勝クラス       (特指) 定量 14頭 本賞金:1110,440,280,170,111万円",14,1110.0,6,8,13,サンセットビーチ,牝,3,53.0,内田博,136.3,3/4,11,100.4,36.2,11-11-7-7,美浦 稲垣,430,8,
202404030709,2024-08-31,新潟,9,瓢湖特別,芝,2200,左,雨,稍,"3回 新潟 7日目 サラ系３歳以上 １勝クラス       (特指) 定量 14頭 本賞金:1110,440,280,170,111万円",14,1110.0,7,7,12,ルージュサリナス,牝,3,53.0,戸崎圭,136.4,1/2,3,7.3,36.0,9-10-12-10,美浦 木村,416,-10,
202404030709,2024-08-31,新潟,9,瓢湖特別,芝,2200,左,雨,稍,"3回 新潟 7日目 サラ系３歳以上 １勝クラス       (特指) 定量 14頭 本賞金:1110,440,280,170,111万円",14,1110.0,8,3,3,バードウォッチャー,牡,3,55.0,北村宏,136.5,クビ,2,4.5,36.3,6-6-7-10,美浦 国枝,484,6,
202404030709,2024-08-31,新潟,9,瓢湖特別,芝,2200,左,雨,稍,"3回 新潟 7日目 サラ系３歳以上 １勝クラス       (特指) 定量 14頭 本賞金:1110,440,280,170,111万円",14,1110.0,9,2,2,ウェイトゥザドーン,牡,3,55.0,松岡,136.7,1.1/2,9,74.0,36.7,3-3-3-5,美浦 戸田,458,-4,
202404030709,2024-08-31,新潟,9,瓢湖特別,芝,2200,左,雨,稍,"3回 新潟 7日目 サラ系３歳以上 １勝クラス       (特指) 定量 14頭 本賞金:1110,440,280,170,111万円",14,1110.0,10,6,10,アーベントイアー,牡,3,55.0,武藤,136.8,クビ,13,196.8,36.5,9-8-10-7,美浦 水野,498,8,
202404030709,2024-08-31,新潟,9,瓢湖特別,芝,2200,左,雨,稍,"3回 新潟 7日目 サラ系３歳以上 １勝クラス       (特指) 定量 14頭 本賞金:1110,440,280,170,111万円",14,1110.0,11,8,14,トゥルース,牡,4,58.0,菊沢,136.8,アタマ,8,56.3,36.9,8-8-3-3,美浦 金成,500,-6,
202404030709,2024-08-31,新潟,9,瓢湖特別,芝,2200,左,雨,稍,"3回 新潟 7日目 サラ系３歳以上 １勝クラス       (特指) 定量 14頭 本賞金:1110,440,280,170,111万円",14,1110.0,12,5,8,マウンテンエース,牡,4,58.0,丸山,137.7,5,6,36.1,37.0,14-14-14-13,美浦 和田雄,498,-10,
202404030709,2024-08-31,新潟,9,瓢湖特別,芝,2200,左,雨,稍,"3回 新潟 7日目 サラ系３歳以上 １勝クラス       (特指) 定量 14頭 本賞金:1110,440,280,170,111万円",14,1110.0,13,5,7,ナンヨーウイング,牝,4,56.0,江田照,138.0,1.3/4,12,117.8,37.9,3-3-7-7,美浦 宗像,458,18,
202404030709,2024-08-31,新潟,9,瓢湖特別,芝,2200,左,雨,稍,"3回 新潟 7日目 サラ系３歳以上 １勝クラス       (特指) 定量 14頭 本賞金:1110,440,280,170,111万円",14,1110.0,14,6,9,ライヴァル,牡,4,58.0,柴田大,140.0,大,14,401.7,39.7,13-13-10-14,美浦 天間,482,8,
202404030710,2024-08-31,新潟,10,赤倉特別,芝,2000,左,曇,稍,"3回 新潟 7日目 サラ系３歳以上 ２勝クラス       (混)(特指) 定量 12頭 本賞金:1550,620,390,230,155万円",12,1550.0,1,1,1,コスモシャングリラ,牝,4,56.0,丸山,120.9,,5,9.3,34.6,11-11,美浦 水野,444,0,
202404030710,2024-08-31,新潟,10,赤倉特別,芝,2000,左,曇,稍,"3回 新潟 7日目 サラ系３歳以上 ２勝クラス       (混)(特指) 定量 12頭 本賞金:1550,620,390,230,155万円",12,1550.0,2,8,11,ピンキープロミス,牡,4,58.0,木幡巧,121.0,1,2,7.4,35.0,6-5,美浦 畠山,476,-8,
202404030710,2024-08-31,新潟,10,赤倉特別,芝,2000,左,曇,稍,"3回 新潟 7日目 サラ系３歳以上 ２勝クラス       (混)(特指) 定量 12頭 本賞金:1550,620,390,230,155万円",12,1550.0,3,7,10,レッドミラージュ,牝,5,56.0,津村,121.0,アタマ,6,11.5,34.9,9-9,美浦 栗田,446,8,
202404030710,2024-08-31,新潟,10,赤倉特別,芝,2000,左,曇,稍,"3回 新潟 7日目 サラ系３歳以上 ２勝クラス       (混)(特指) 定量 12頭 本賞金:1550,620,390,230,155万円",12,1550.0,4,6,7,ジュンツバメガエシ,牡,4,58.0,戸崎圭,121.0,アタマ,1,2.1,35.0,5-5,栗東 友道,516,14,
202404030710,2024-08-31,新潟,10,赤倉特別,芝,2000,左,曇,稍,"3回 新潟 7日目 サラ系３歳以上 ２勝クラス       (混)(特指) 定量 12頭 本賞金:1550,620,390,230,155万円",12,1550.0,5,2,2,マルチャン,牡,4,58.0,大江比,121.3,1.1/2,4,8.0,35.4,6-5,美浦 武市,462,-6,
202404030710,2024-08-31,新潟,10,赤倉特別,芝,2000,左,曇,稍,"3回 新潟 7日目 サラ系３歳以上 ２勝クラス       (混)(特指) 定量 12頭 本賞金:1550,620,390,230,155万円",12,1550.0,6,6,8,ロードプレイヤー,牡,4,58.0,石川,121.4,1,7,11.7,35.2,9-9,美浦 尾形,444,-8,
202404030710,2024-08-31,新潟,10,赤倉特別,芝,2000,左,曇,稍,"3回 新潟 7日目 サラ系３歳以上 ２勝クラス       (混)(特指) 定量 12頭 本賞金:1550,620,390,230,155万円",12,1550.0,7,3,3,フォーランマリア,牝,5,56.0,田辺,121.7,1.1/2,11,72.7,36.1,1-1,栗東 森田,406,-6,
202404030710,2024-08-31,新潟,10,赤倉特別,芝,2000,左,曇,稍,"3回 新潟 7日目 サラ系３歳以上 ２勝クラス       (混)(特指) 定量 12頭 本賞金:1550,620,390,230,155万円",12,1550.0,8,7,9,スズノマーベリック,セ,5,58.0,松岡,122.1,2.1/2,10,57.7,36.3,3-3,栗東 石坂,472,6,
202404030710,2024-08-31,新潟,10,赤倉特別,芝,2000,左,曇,稍,"3回 新潟 7日目 サラ系３歳以上 ２勝クラス       (混)(特指) 定量 12頭 本賞金:1550,620,390,230,155万円",12,1550.0,9,5,6,ホウオウバニラ,牝,5,56.0,野中,122.2,1/2,3,7.4,36.4,3-4,栗東 安田,464,26,
202404030710,2024-08-31,新潟,10,赤倉特別,芝,2000,左,曇,稍,"3回 新潟 7日目 サラ系３歳以上 ２勝クラス       (混)(特指) 定量 12頭 本賞金:1550,620,390,230,155万円",12,1550.0,10,8,12,シルバープリペット,牡,4,58.0,嶋田,122.5,2,12,336.1,36.4,6-8,美浦 松山,458,-2,
202404030710,2024-08-31,新潟,10,赤倉特別,芝,2000,左,曇,稍,"3回 新潟 7日目 サラ系３歳以上 ２勝クラス       (混)(特指) 定量 12頭 本賞金:1550,620,390,230,155万円",12,1550.0,11,4,4,マルベリーシチー,牡,4,58.0,北村宏,123.6,7,9,41.9,38.0,2-2,栗東 橋口,494,2,
202404030710,2024-08-31,新潟,10,赤倉特別,芝,2000,左,曇,稍,"3回 新潟 7日目 サラ系３歳以上 ２勝クラス       (混)(特指) 定量 12頭 本賞金:1550,620,390,230,155万円",12,1550.0,12,5,5,マイネルトルファン,牡,5,58.0,菅原明,129.5,大,8,17.1,40.3,12-12,美浦 高木,508,-2,
202404030711,2024-08-31,新潟,11,古町S,ダ,1800,左,曇,稍,"3回 新潟 7日目 サラ系３歳以上 ３勝クラス       (混)(特指) 定量 11頭 本賞金:1840,740,460,280,184万円",11,1840.0,1,7,8,カズプレスト,牡,5,58.0,津村,111.7,,2,4.6,38.0,1-1-1-1,栗東 高柳大,518,0,
202404030711,2024-08-31,新潟,11,古町S,ダ,1800,左,曇,稍,"3回 新潟 7日目 サラ系３歳以上 ３勝クラス       (混)(特指) 定量 11頭 本賞金:1840,740,460,280,184万円",11,1840.0,2,3,3,オンザライン,セ,6,58.0,石橋脩,111.7,クビ,5,6.8,36.8,5-5-6-5,美浦 大和田,448,0,
202404030711,2024-08-31,新潟,11,古町S,ダ,1800,左,曇,稍,"3回 新潟 7日目 サラ系３歳以上 ３勝クラス       (混)(特指) 定量 11頭 本賞金:1840,740,460,280,184万円",11,1840.0,3,2,2,ヘニータイフーン,牝,4,56.0,菅原明,111.8,3/4,3,5.3,37.2,3-3-4-4,栗東 中村,502,0,
202404030711,2024-08-31,新潟,11,古町S,ダ,1800,左,曇,稍,"3回 新潟 7日目 サラ系３歳以上 ３勝クラス       (混)(特指) 定量 11頭 本賞金:1840,740,460,280,184万円",11,1840.0,4,8,11,サトノアポロン,セ,6,58.0,小崎,112.2,2.1/2,7,16.2,38.0,2-2-2-2,栗東 福永,502,6,
202404030711,2024-08-31,新潟,11,古町S,ダ,1800,左,曇,稍,"3回 新潟 7日目 サラ系３歳以上 ３勝クラス       (混)(特指) 定量 11頭 本賞金:1840,740,460,280,184万円",11,1840.0,5,6,7,ヒューゴ,牡,4,58.0,内田博,112.6,2.1/2,6,8.0,37.1,9-9-10-10,美浦 加藤征,456,2,
202404030711,2024-08-31,新潟,11,古町S,ダ,1800,左,曇,稍,"3回 新潟 7日目 サラ系３歳以上 ３勝クラス       (混)(特指) 定量 11頭 本賞金:1840,740,460,280,184万円",11,1840.0,6,1,1,フレンチギフト,牝,5,56.0,丸山,112.8,1.1/4,4,5.8,37.7,8-7-8-8,美浦 中川,474,4,
202404030711,2024-08-31,新潟,11,古町S,ダ,1800,左,曇,稍,"3回 新潟 7日目 サラ系３歳以上 ３勝クラス       (混)(特指) 定量 11頭 本賞金:1840,740,460,280,184万円",11,1840.0,7,7,9,メイショウカゲカツ,牡,5,58.0,三浦,113.3,3.1/2,1,3.1,38.9,3-3-3-2,栗東 西園正,506,4,
202404030711,2024-08-31,新潟,11,古町S,ダ,1800,左,曇,稍,"3回 新潟 7日目 サラ系３歳以上 ３勝クラス       (混)(特指) 定量 11頭 本賞金:1840,740,460,280,184万円",11,1840.0,8,5,5,アースライザー,セ,7,58.0,木幡巧,113.9,3.1/2,9,114.9,38.1,11-11-11-11,美浦 鈴木慎,484,-6,
202404030711,2024-08-31,新潟,11,古町S,ダ,1800,左,曇,稍,"3回 新潟 7日目 サラ系３歳以上 ３勝クラス       (混)(特指) 定量 11頭 本賞金:1840,740,460,280,184万円",11,1840.0,9,8,10,カシノブレンド,セ,8,58.0,原,114.2,2,11,236.9,39.2,7-7-6-7,美浦 蛯名利,470,4,
202404030711,2024-08-31,新潟,11,古町S,ダ,1800,左,曇,稍,"3回 新潟 7日目 サラ系３歳以上 ３勝クラス       (混)(特指) 定量 11頭 本賞金:1840,740,460,280,184万円",11,1840.0,10,6,6,ウォーロード,牡,6,58.0,原田和,114.4,1,10,126.3,39.1,9-9-9-8,美浦 和田勇,492,-2,
202404030711,2024-08-31,新潟,11,古町S,ダ,1800,左,曇,稍,"3回 新潟 7日目 サラ系３歳以上 ３勝クラス       (混)(特指) 定量 11頭 本賞金:1840,740,460,280,184万円",11,1840.0,11,4,4,ロードバルドル,牡,5,58.0,荻野極,115.2,5,8,79.7,40.5,5-5-4-5,美浦 稲垣,472,2,
202404030712,2024-08-31,新潟,12,3歳以上1勝クラス,芝,1600,左,曇,稍,"3回 新潟 7日目 サラ系３歳以上 １勝クラス       (混)[指] 定量 17頭 本賞金:800,320,200,120,80万円",17,800.0,1,2,3,ホウオウシェリー,牝,3,53.0,菅原明,94.0,,3,4.2,34.3,2-2,美浦 池上,424,-14,
202404030712,2024-08-31,新潟,12,3歳以上1勝クラス,芝,1600,左,曇,稍,"3回 新潟 7日目 サラ系３歳以上 １勝クラス       (混)[指] 定量 17頭 本賞金:800,320,200,120,80万円",17,800.0,2,4,8,ヴァンガーズハート,セ,5,58.0,北村宏,94.2,1.1/2,2,3.8,33.7,11-9,美浦 鹿戸,524,6,
202404030712,2024-08-31,新潟,12,3歳以上1勝クラス,芝,1600,左,曇,稍,"3回 新潟 7日目 サラ系３歳以上 １勝クラス       (混)[指] 定量 17頭 本賞金:800,320,200,120,80万円",17,800.0,3,1,1,ガールズレジェンド,牝,4,56.0,荻野極,94.4,1.1/2,7,28.0,34.6,4-4,美浦 上原佑,462,-2,
202404030712,2024-08-31,新潟,12,3歳以上1勝クラス,芝,1600,左,曇,稍,"3回 新潟 7日目 サラ系３歳以上 １勝クラス       (混)[指] 定量 17頭 本賞金:800,320,200,120,80万円",17,800.0,4,8,15,ユニヴェール,牡,3,55.0,三浦,94.6,3/4,9,41.8,35.2,1-1,美浦 高木,472,0,
202404030712,2024-08-31,新潟,12,3歳以上1勝クラス,芝,1600,左,曇,稍,"3回 新潟 7日目 サラ系３歳以上 １勝クラス       (混)[指] 定量 17頭 本賞金:800,320,200,120,80万円",17,800.0,5,7,13,ドリーミングアップ,牡,3,52.0,▲石神道,94.7,3/4,4,8.1,33.4,13-13,美浦 高橋文,456,6,
202404030712,2024-08-31,新潟,12,3歳以上1勝クラス,芝,1600,左,曇,稍,"3回 新潟 7日目 サラ系３歳以上 １勝クラス       (混)[指] 定量 17頭 本賞金:800,320,200,120,80万円",17,800.0,6,8,16,ダルタニアン,牡,4,58.0,木幡巧,94.8,3/4,10,52.8,35.1,3-2,美浦 牧,496,-4,
202404030712,2024-08-31,新潟,12,3歳以上1勝クラス,芝,1600,左,曇,稍,"3回 新潟 7日目 サラ系３歳以上 １勝クラス       (混)[指] 定量 17頭 本賞金:800,320,200,120,80万円",17,800.0,7,3,5,ニシノコマチムスメ,牝,3,53.0,野中,95.0,1,13,128.2,34.5,7-8,美浦 松山,428,2,
202404030712,2024-08-31,新潟,12,3歳以上1勝クラス,芝,1600,左,曇,稍,"3回 新潟 7日目 サラ系３歳以上 １勝クラス       (混)[指] 定量 17頭 本賞金:800,320,200,120,80万円",17,800.0,8,3,6,ヴェルトラウム,牡,3,55.0,石橋脩,95.0,クビ,6,14.2,34.0,12-12,美浦 西田,444,-6,
202404030712,2024-08-31,新潟,12,3歳以上1勝クラス,芝,1600,左,曇,稍,"3回 新潟 7日目 サラ系３歳以上 １勝クラス       (混)[指] 定量 17頭 本賞金:800,320,200,120,80万円",17,800.0,9,5,10,タナサンブラック,牡,4,58.0,津村,95.3,1.1/2,5,11.3,34.6,10-9,美浦 伊坂,514,8,
202404030712,2024-08-31,新潟,12,3歳以上1勝クラス,芝,1600,左,曇,稍,"3回 新潟 7日目 サラ系３歳以上 １勝クラス       (混)[指] 定量 17頭 本賞金:800,320,200,120,80万円",17,800.0,10,6,12,グローリアスカペラ,牝,6,56.0,丸山,95.3,クビ,15,263.1,35.4,4-4,美浦 土田,542,10,
202404030712,2024-08-31,新潟,12,3歳以上1勝クラス,芝,1600,左,曇,稍,"3回 新潟 7日目 サラ系３歳以上 １勝クラス       (混)[指] 定量 17頭 本賞金:800,320,200,120,80万円",17,800.0,11,4,7,アトリウムチャペル,牝,3,53.0,戸崎圭,95.4,クビ,1,3.1,33.8,16-14,美浦 木村,414,-8,
202404030712,2024-08-31,新潟,12,3歳以上1勝クラス,芝,1600,左,曇,稍,"3回 新潟 7日目 サラ系３歳以上 １勝クラス       (混)[指] 定量 17頭 本賞金:800,320,200,120,80万円",17,800.0,12,8,17,アオイラン,牝,3,51.0,◇藤田菜,95.5,1/2,8,32.0,35.2,7-6,美浦 古賀,462,4,
202404030712,2024-08-31,新潟,12,3歳以上1勝クラス,芝,1600,左,曇,稍,"3回 新潟 7日目 サラ系３歳以上 １勝クラス       (混)[指] 定量 17頭 本賞金:800,320,200,120,80万円",17,800.0,13,1,2,ロデオクイーン,牝,3,52.0,☆原,95.9,2.1/2,14,138.0,35.1,9-9,美浦 高柳瑞,392,15,
202404030712,2024-08-31,新潟,12,3歳以上1勝クラス,芝,1600,左,曇,稍,"3回 新潟 7日目 サラ系３歳以上 １勝クラス       (混)[指] 定量 17頭 本賞金:800,320,200,120,80万円",17,800.0,14,7,14,レッドアーバイン,牡,4,58.0,石川,96.2,1.1/2,11,53.7,34.5,14-14,美浦 手塚,502,4,
202404030712,2024-08-31,新潟,12,3歳以上1勝クラス,芝,1600,左,曇,稍,"3回 新潟 7日目 サラ系３歳以上 １勝クラス       (混)[指] 定量 17頭 本賞金:800,320,200,120,80万円",17,800.0,15,5,9,マジカルプリンス,牡,3,55.0,松岡,96.5,2,17,484.8,35.7,6-6,美浦 田中剛,464,-4,
202404030712,2024-08-31,新潟,12,3歳以上1勝クラス,芝,1600,左,曇,稍,"3回 新潟 7日目 サラ系３歳以上 １勝クラス       (混)[指] 定量 17頭 本賞金:800,320,200,120,80万円",17,800.0,16,6,11,ホーリーエンブレム,牝,5,56.0,武藤,97.2,4,12,109.0,34.7,17-16,美浦 田村,436,6,
202404030712,2024-08-31,新潟,12,3歳以上1勝クラス,芝,1600,左,曇,稍,"3回 新潟 7日目 サラ系３歳以上 １勝クラス       (混)[指] 定量 17頭 本賞金:800,320,200,120,80万円",17,800.0,17,2,4,ヴォーグアルタイル,牡,3,55.0,内田博,97.7,3,16,365.3,35.2,14-16,美浦 田中剛,446,-4,
202407020701,2024-08-31,中京,1,2歳未勝利,ダ,1800,左,小雨,不,"2回 中京 7日目 サラ系２歳 未勝利       (混) 馬齢 11頭 本賞金:550,220,140,83,55万円",11,550.0,1,4,4,ロードラビリンス,牡,2,54.0,☆西塚,114.1,,4,7.4,38.1,3-3-4-3,栗東 松下,474,4,
202407020701,2024-08-31,中京,1,2歳未勝利,ダ,1800,左,小雨,不,"2回 中京 7日目 サラ系２歳 未勝利       (混) 馬齢 11頭 本賞金:550,220,140,83,55万円",11,550.0,2,8,11,イサナ,牡,2,55.0,松山,114.5,2.1/2,1,2.2,38.7,2-2-2-2,栗東 橋口,510,-4,
202407020701,2024-08-31,中京,1,2歳未勝利,ダ,1800,左,小雨,不,"2回 中京 7日目 サラ系２歳 未勝利       (混) 馬齢 11頭 本賞金:550,220,140,83,55万円",11,550.0,3,1,1,ダノンフェルゼン,牡,2,55.0,坂井,114.9,2.1/2,3,6.3,38.3,6-6-8-6,栗東 音無,480,0,
202407020701,2024-08-31,中京,1,2歳未勝利,ダ,1800,左,小雨,不,"2回 中京 7日目 サラ系２歳 未勝利       (混) 馬齢 11頭 本賞金:550,220,140,83,55万円",11,550.0,4,7,9,タイセイアビリティ,牡,2,52.0,▲吉村,115.4,3,6,14.0,38.7,9-9-8-8,栗東 小林,472,-4,
202407020701,2024-08-31,中京,1,2歳未勝利,ダ,1800,左,小雨,不,"2回 中京 7日目 サラ系２歳 未勝利       (混) 馬齢 11頭 本賞金:550,220,140,83,55万円",11,550.0,5,8,10,ブライトイメル,牡,2,55.0,幸,115.9,3,2,4.6,39.9,10-9-4-5,栗東 本田,424,-2,
202407020701,2024-08-31,中京,1,2歳未勝利,ダ,1800,左,小雨,不,"2回 中京 7日目 サラ系２歳 未勝利       (混) 馬齢 11頭 本賞金:550,220,140,83,55万円",11,550.0,6,2,2,ゴルティス,牝,2,55.0,藤懸,116.2,1.3/4,8,29.8,40.6,1-1-1-1,栗東 藤野,450,4,
202407020701,2024-08-31,中京,1,2歳未勝利,ダ,1800,左,小雨,不,"2回 中京 7日目 サラ系２歳 未勝利       (混) 馬齢 11頭 本賞金:550,220,140,83,55万円",11,550.0,7,3,3,パワーストーン,牝,2,52.0,▲柴田裕,116.5,1.1/2,10,70.6,39.8,6-8-8-9,栗東 中竹,464,2,
202407020701,2024-08-31,中京,1,2歳未勝利,ダ,1800,左,小雨,不,"2回 中京 7日目 サラ系２歳 未勝利       (混) 馬齢 11頭 本賞金:550,220,140,83,55万円",11,550.0,8,5,5,ソードナイト,牡,2,55.0,岩田望,116.7,1.1/2,5,9.3,40.9,3-3-2-3,栗東 中村,480,0,
202407020701,2024-08-31,中京,1,2歳未勝利,ダ,1800,左,小雨,不,"2回 中京 7日目 サラ系２歳 未勝利       (混) 馬齢 11頭 本賞金:550,220,140,83,55万円",11,550.0,9,7,8,ディクシャ,牡,2,55.0,酒井,117.0,1.1/2,7,28.6,40.7,6-6-6-6,栗東 西村,476,14,
202407020701,2024-08-31,中京,1,2歳未勝利,ダ,1800,左,小雨,不,"2回 中京 7日目 サラ系２歳 未勝利       (混) 馬齢 11頭 本賞金:550,220,140,83,55万円",11,550.0,10,6,7,ヒカルノキミ,牡,2,55.0,森裕,117.1,1/2,11,243.0,39.2,11-11-11-11,栗東 牧田,458,-2,
202407020701,2024-08-31,中京,1,2歳未勝利,ダ,1800,左,小雨,不,"2回 中京 7日目 サラ系２歳 未勝利       (混) 馬齢 11頭 本賞金:550,220,140,83,55万円",11,550.0,11,6,6,テーオーシュタルク,牡,2,54.0,☆小沢,117.3,1,9,36.6,40.8,5-5-7-9,栗東 岡田,470,-4,
202407020702,2024-08-31,中京,2,2歳未勝利,芝,1400,左,小雨,重,"2回 中京 7日目 サラ系２歳 未勝利       (混) 馬齢 9頭 本賞金:550,220,140,83,55万円",9,550.0,1,5,5,カロローザ,牝,2,55.0,坂井,82.9,,1,1.4,35.7,1-1,栗東 松永幹,468,0,
202407020702,2024-08-31,中京,2,2歳未勝利,芝,1400,左,小雨,重,"2回 中京 7日目 サラ系２歳 未勝利       (混) 馬齢 9頭 本賞金:550,220,140,83,55万円",9,550.0,2,8,9,カルミアクラウン,牝,2,55.0,川田,83.9,6,2,3.8,36.1,5-5,栗東 吉岡,440,-4,
202407020702,2024-08-31,中京,2,2歳未勝利,芝,1400,左,小雨,重,"2回 中京 7日目 サラ系２歳 未勝利       (混) 馬齢 9頭 本賞金:550,220,140,83,55万円",9,550.0,3,6,6,ゼンダンスバシリ,牡,2,55.0,酒井,83.9,クビ,6,28.1,36.5,2-2,栗東 河嶋,444,-2,
202407020702,2024-08-31,中京,2,2歳未勝利,芝,1400,左,小雨,重,"2回 中京 7日目 サラ系２歳 未勝利       (混) 馬齢 9頭 本賞金:550,220,140,83,55万円",9,550.0,4,4,4,シンゼンカガ,牡,2,54.0,☆角田和,84.0,クビ,4,14.9,36.6,3-2,栗東 荒川,430,-4,
202407020702,2024-08-31,中京,2,2歳未勝利,芝,1400,左,小雨,重,"2回 中京 7日目 サラ系２歳 未勝利       (混) 馬齢 9頭 本賞金:550,220,140,83,55万円",9,550.0,5,7,7,レディエンス,牝,2,54.0,☆西塚,84.1,1,7,35.2,36.2,6-6,栗東 藤野,442,-6,
202407020702,2024-08-31,中京,2,2歳未勝利,芝,1400,左,小雨,重,"2回 中京 7日目 サラ系２歳 未勝利       (混) 馬齢 9頭 本賞金:550,220,140,83,55万円",9,550.0,6,3,3,サンライズブレイク,牡,2,55.0,幸,85.1,6,3,12.8,37.1,6-7,栗東 浜田,480,-14,
202407020702,2024-08-31,中京,2,2歳未勝利,芝,1400,左,小雨,重,"2回 中京 7日目 サラ系２歳 未勝利       (混) 馬齢 9頭 本賞金:550,220,140,83,55万円",9,550.0,7,1,1,スパイスマン,牡,2,52.0,▲吉村,85.2,1,8,126.0,36.9,8-8,栗東 西村,422,0,
202407020702,2024-08-31,中京,2,2歳未勝利,芝,1400,左,小雨,重,"2回 中京 7日目 サラ系２歳 未勝利       (混) 馬齢 9頭 本賞金:550,220,140,83,55万円",9,550.0,8,8,8,コスモエンエン,牡,2,53.0,◇永島,85.3,クビ,5,15.7,37.8,3-4,栗東 西園正,462,2,
202407020702,2024-08-31,中京,2,2歳未勝利,芝,1400,左,小雨,重,"2回 中京 7日目 サラ系２歳 未勝利       (混) 馬齢 9頭 本賞金:550,220,140,83,55万円",9,550.0,,2,2,マイネルチケット,牡,2,55.0,和田竜,,,,,,,栗東 宮,,,取消
202407020703,2024-08-31,中京,3,3歳未勝利,ダ,1200,左,小雨,不,"2回 中京 7日目 サラ系３歳 未勝利       (混) 馬齢 16頭 本賞金:550,220,140,83,55万円",16,550.0,1,4,7,ブライトルピナス,牝,3,52.0,▲吉村,71.0,,4,8.2,36.6,1-1,栗東 杉山晴,470,4,
202407020703,2024-08-31,中京,3,3歳未勝利,ダ,1200,左,小雨,不,"2回 中京 7日目 サラ系３歳 未勝利       (混) 馬齢 16頭 本賞金:550,220,140,83,55万円",16,550.0,2,8,15,エピファドール,牝,3,55.0,坂井,71.6,4,1,3.2,36.7,6-5,栗東 石橋,468,4,
202407020703,2024-08-31,中京,3,3歳未勝利,ダ,1200,左,小雨,不,"2回 中京 7日目 サラ系３歳 未勝利       (混) 馬齢 16頭 本賞金:550,220,140,83,55万円",16,550.0,3,5,9,ドゥータップ,牡,3,56.0,☆西塚,71.7,クビ,2,4.3,36.0,12-11,栗東 藤原,498,-2,
202407020703,2024-08-31,中京,3,3歳未勝利,ダ,1200,左,小雨,不,"2回 中京 7日目 サラ系３歳 未勝利       (混) 馬齢 16頭 本賞金:550,220,140,83,55万円",16,550.0,4,3,5,ファストフライト,牝,3,55.0,国分恭,72.0,1.3/4,9,26.1,36.5,10-9,栗東 宮本,490,0,
202407020703,2024-08-31,中京,3,3歳未勝利,ダ,1200,左,小雨,不,"2回 中京 7日目 サラ系３歳 未勝利       (混) 馬齢 16頭 本賞金:550,220,140,83,55万円",16,550.0,5,2,4,デビルシズカチャン,牝,3,55.0,西村淳,72.2,1.1/2,11,58.3,37.7,2-2,栗東 武幸,472,0,
202407020703,2024-08-31,中京,3,3歳未勝利,ダ,1200,左,小雨,不,"2回 中京 7日目 サラ系３歳 未勝利       (混) 馬齢 16頭 本賞金:550,220,140,83,55万円",16,550.0,6,7,14,ウインオーブ,牡,3,57.0,幸,72.2,ハナ,3,6.5,37.5,5-5,栗東 宮本,444,2,
202407020703,2024-08-31,中京,3,3歳未勝利,ダ,1200,左,小雨,不,"2回 中京 7日目 サラ系３歳 未勝利       (混) 馬齢 16頭 本賞金:550,220,140,83,55万円",16,550.0,7,7,13,シンパティカ,牝,3,55.0,太宰,72.3,クビ,15,178.0,36.4,14-13,栗東 昆,402,-8,
202407020703,2024-08-31,中京,3,3歳未勝利,ダ,1200,左,小雨,不,"2回 中京 7日目 サラ系３歳 未勝利       (混) 馬齢 16頭 本賞金:550,220,140,83,55万円",16,550.0,8,1,1,メイショウロージー,牝,3,54.0,☆泉谷,72.3,クビ,8,18.8,37.7,4-3,栗東 石橋,428,-2,
202407020703,2024-08-31,中京,3,3歳未勝利,ダ,1200,左,小雨,不,"2回 中京 7日目 サラ系３歳 未勝利       (混) 馬齢 16頭 本賞金:550,220,140,83,55万円",16,550.0,9,1,2,ナナン,牡,3,54.0,▲鷲頭,72.8,3,10,44.8,37.5,8-9,栗東 石橋,468,-6,
202407020703,2024-08-31,中京,3,3歳未勝利,ダ,1200,左,小雨,不,"2回 中京 7日目 サラ系３歳 未勝利       (混) 馬齢 16頭 本賞金:550,220,140,83,55万円",16,550.0,10,6,11,ジャイサルメール,牡,3,54.0,▲柴田裕,72.8,クビ,12,135.7,36.2,16-15,栗東 佐々木,482,0,
202407020703,2024-08-31,中京,3,3歳未勝利,ダ,1200,左,小雨,不,"2回 中京 7日目 サラ系３歳 未勝利       (混) 馬齢 16頭 本賞金:550,220,140,83,55万円",16,550.0,11,2,3,アクロスザシーズ,牝,3,55.0,岩田望,72.9,クビ,7,16.2,37.7,8-8,栗東 牧浦,426,6,
202407020703,2024-08-31,中京,3,3歳未勝利,ダ,1200,左,小雨,不,"2回 中京 7日目 サラ系３歳 未勝利       (混) 馬齢 16頭 本賞金:550,220,140,83,55万円",16,550.0,12,6,12,タイヘイノヨ,セ,3,56.0,☆小沢,73.0,1,5,9.2,38.5,2-3,栗東 庄野,508,-6,
202407020703,2024-08-31,中京,3,3歳未勝利,ダ,1200,左,小雨,不,"2回 中京 7日目 サラ系３歳 未勝利       (混) 馬齢 16頭 本賞金:550,220,140,83,55万円",16,550.0,13,3,6,ゲーベル,牡,3,57.0,団野,73.1,1/2,6,9.4,38.2,6-5,栗東 渡辺,508,4,
202407020703,2024-08-31,中京,3,3歳未勝利,ダ,1200,左,小雨,不,"2回 中京 7日目 サラ系３歳 未勝利       (混) 馬齢 16頭 本賞金:550,220,140,83,55万円",16,550.0,14,4,8,オラクル,牝,3,55.0,長岡,74.9,大,16,421.3,39.4,10-11,栗東 吉村,436,8,
202407020703,2024-08-31,中京,3,3歳未勝利,ダ,1200,左,小雨,不,"2回 中京 7日目 サラ系３歳 未勝利       (混) 馬齢 16頭 本賞金:550,220,140,83,55万円",16,550.0,15,5,10,ドナドナ,牝,3,51.0,★河原田,75.6,4,14,168.7,39.5,15-16,栗東 小崎,404,-4,
202407020703,2024-08-31,中京,3,3歳未勝利,ダ,1200,左,小雨,不,"2回 中京 7日目 サラ系３歳 未勝利       (混) 馬齢 16頭 本賞金:550,220,140,83,55万円",16,550.0,16,8,16,ジュンフィレンツェ,牡,3,57.0,亀田,75.8,1,13,156.8,40.2,12-13,栗東 清水久,500,-4,
202407020704,2024-08-31,中京,4,3歳未勝利,芝,1400,左,小雨,重,"2回 中京 7日目 サラ系３歳 未勝利       馬齢 18頭 本賞金:550,220,140,83,55万円",18,550.0,1,5,10,レッドエヴァンス,牡,3,57.0,団野,83.0,,2,4.9,36.3,7-7,栗東 音無,486,-4,
202407020704,2024-08-31,中京,4,3歳未勝利,芝,1400,左,小雨,重,"2回 中京 7日目 サラ系３歳 未勝利       馬齢 18頭 本賞金:550,220,140,83,55万円",18,550.0,2,4,8,ショウナンマリン,牝,3,52.0,▲橋木,83.1,クビ,7,17.9,36.8,4-3,栗東 西園正,446,-2,
202407020704,2024-08-31,中京,4,3歳未勝利,芝,1400,左,小雨,重,"2回 中京 7日目 サラ系３歳 未勝利       馬齢 18頭 本賞金:550,220,140,83,55万円",18,550.0,3,8,16,アーニャワクワク,牝,3,52.0,▲鷲頭,83.6,3,16,149.8,36.0,13-14,栗東 藤沢,424,-4,
202407020704,2024-08-31,中京,4,3歳未勝利,芝,1400,左,小雨,重,"2回 中京 7日目 サラ系３歳 未勝利       馬齢 18頭 本賞金:550,220,140,83,55万円",18,550.0,4,2,3,ハギノインスパイア,牝,3,55.0,岩田望,83.7,1/2,5,8.5,36.4,12-12,栗東 寺島,434,2,
202407020704,2024-08-31,中京,4,3歳未勝利,芝,1400,左,小雨,重,"2回 中京 7日目 サラ系３歳 未勝利       馬齢 18頭 本賞金:550,220,140,83,55万円",18,550.0,5,3,5,ディーエストッキー,牡,3,57.0,松山,83.7,ハナ,3,5.0,37.0,7-7,栗東 橋口,452,4,
202407020704,2024-08-31,中京,4,3歳未勝利,芝,1400,左,小雨,重,"2回 中京 7日目 サラ系３歳 未勝利       馬齢 18頭 本賞金:550,220,140,83,55万円",18,550.0,6,2,4,ヒルノセビリア,牝,3,55.0,太宰,84.0,2,13,90.1,36.6,13-12,栗東 昆,446,0,
202407020704,2024-08-31,中京,4,3歳未勝利,芝,1400,左,小雨,重,"2回 中京 7日目 サラ系３歳 未勝利       馬齢 18頭 本賞金:550,220,140,83,55万円",18,550.0,7,4,7,ルージュレイナス,牝,3,53.0,◇永島,84.0,クビ,4,6.7,37.9,2-1,栗東 橋口,474,-2,
202407020704,2024-08-31,中京,4,3歳未勝利,芝,1400,左,小雨,重,"2回 中京 7日目 サラ系３歳 未勝利       馬齢 18頭 本賞金:550,220,140,83,55万円",18,550.0,8,1,2,スマートレイヴ,牝,3,54.0,☆角田和,84.1,クビ,14,91.5,37.8,4-3,栗東 笹田,422,4,
202407020704,2024-08-31,中京,4,3歳未勝利,芝,1400,左,小雨,重,"2回 中京 7日目 サラ系３歳 未勝利       馬齢 18頭 本賞金:550,220,140,83,55万円",18,550.0,9,8,18,エコロアモーレ,牝,3,55.0,国分恭,84.2,3/4,9,32.6,37.3,9-9,栗東 牧浦,460,4,
202407020704,2024-08-31,中京,4,3歳未勝利,芝,1400,左,小雨,重,"2回 中京 7日目 サラ系３歳 未勝利       馬齢 18頭 本賞金:550,220,140,83,55万円",18,550.0,10,5,9,メイショウソニック,牡,3,57.0,西村淳,84.4,1,1,3.4,37.9,6-6,栗東 石橋,462,0,
202407020704,2024-08-31,中京,4,3歳未勝利,芝,1400,左,小雨,重,"2回 中京 7日目 サラ系３歳 未勝利       馬齢 18頭 本賞金:550,220,140,83,55万円",18,550.0,11,3,6,センチュリクィーン,牝,3,55.0,幸,84.7,2,18,197.6,37.9,9-9,栗東 庄野,446,-2,
202407020704,2024-08-31,中京,4,3歳未勝利,芝,1400,左,小雨,重,"2回 中京 7日目 サラ系３歳 未勝利       馬齢 18頭 本賞金:550,220,140,83,55万円",18,550.0,12,7,15,デヴォート,牝,3,54.0,☆西塚,85.0,1.3/4,12,87.6,37.9,9-11,栗東 橋口,432,0,
202407020704,2024-08-31,中京,4,3歳未勝利,芝,1400,左,小雨,重,"2回 中京 7日目 サラ系３歳 未勝利       馬齢 18頭 本賞金:550,220,140,83,55万円",18,550.0,13,6,11,リプレット,牝,3,54.0,☆小沢,85.1,クビ,11,53.8,37.1,17-18,栗東 飯田,400,0,
202407020704,2024-08-31,中京,4,3歳未勝利,芝,1400,左,小雨,重,"2回 中京 7日目 サラ系３歳 未勝利       馬齢 18頭 本賞金:550,220,140,83,55万円",18,550.0,14,7,14,エルミラージュ,セ,3,54.0,▲吉村,85.2,1,10,36.2,37.4,15-16,栗東 池江,472,-4,
202407020704,2024-08-31,中京,4,3歳未勝利,芝,1400,左,小雨,重,"2回 中京 7日目 サラ系３歳 未勝利       馬齢 18頭 本賞金:550,220,140,83,55万円",18,550.0,15,1,1,テーオーサファイア,牝,3,51.0,★河原田,85.5,1.3/4,8,30.3,39.4,1-2,栗東 宮,434,2,
202407020704,2024-08-31,中京,4,3歳未勝利,芝,1400,左,小雨,重,"2回 中京 7日目 サラ系３歳 未勝利       馬齢 18頭 本賞金:550,220,140,83,55万円",18,550.0,16,6,12,ソルトロック,牝,3,52.0,▲柴田裕,85.9,2,6,15.3,39.6,2-3,栗東 四位,440,-6,
202407020704,2024-08-31,中京,4,3歳未勝利,芝,1400,左,小雨,重,"2回 中京 7日目 サラ系３歳 未勝利       馬齢 18頭 本賞金:550,220,140,83,55万円",18,550.0,17,7,13,ミエノソニック,牡,3,57.0,長岡,85.9,クビ,17,170.4,38.1,15-16,栗東 高橋亮,444,-5,
202407020704,2024-08-31,中京,4,3歳未勝利,芝,1400,左,小雨,重,"2回 中京 7日目 サラ系３歳 未勝利       馬齢 18頭 本賞金:550,220,140,83,55万円",18,550.0,18,8,17,ハヤブサソンタクン,牡,3,57.0,藤懸,86.5,3.1/2,15,95.9,38.8,17-14,栗東 寺島,450,6,
202407020705,2024-08-31,中京,5,2歳新馬,芝,2000,左,小雨,重,"2回 中京 7日目 サラ系２歳 新馬       馬齢 8頭 本賞金:720,290,180,110,72万円",8,720.0,1,3,3,カレンラップスター,牡,2,55.0,松山,128.7,,6,9.9,34.7,4-4-4-5,栗東 小林,498,0,
202407020705,2024-08-31,中京,5,2歳新馬,芝,2000,左,小雨,重,"2回 中京 7日目 サラ系２歳 新馬       馬齢 8頭 本賞金:720,290,180,110,72万円",8,720.0,2,8,8,サンライズグラシア,牡,2,55.0,坂井,129.0,2,2,4.0,35.1,4-4-4-2,栗東 矢作,472,0,
202407020705,2024-08-31,中京,5,2歳新馬,芝,2000,左,小雨,重,"2回 中京 7日目 サラ系２歳 新馬       馬齢 8頭 本賞金:720,290,180,110,72万円",8,720.0,3,1,1,ヤマトマンタル,牡,2,55.0,国分恭,129.1,クビ,4,5.8,34.8,7-7-7-8,栗東 安達,440,0,
202407020705,2024-08-31,中京,5,2歳新馬,芝,2000,左,小雨,重,"2回 中京 7日目 サラ系２歳 新馬       馬齢 8頭 本賞金:720,290,180,110,72万円",8,720.0,4,2,2,ホウオウアーネスト,牡,2,55.0,岩田望,129.4,1.3/4,5,7.6,35.7,1-1-1-1,栗東 安田,498,0,
202407020705,2024-08-31,中京,5,2歳新馬,芝,2000,左,小雨,重,"2回 中京 7日目 サラ系２歳 新馬       馬齢 8頭 本賞金:720,290,180,110,72万円",8,720.0,5,6,6,サーリアル,牝,2,55.0,幸,129.4,アタマ,7,11.8,35.5,7-7-7-2,栗東 宮,402,0,
202407020705,2024-08-31,中京,5,2歳新馬,芝,2000,左,小雨,重,"2回 中京 7日目 サラ系２歳 新馬       馬齢 8頭 本賞金:720,290,180,110,72万円",8,720.0,6,5,5,サマーナイト,牡,2,55.0,和田竜,129.5,1,1,3.1,35.4,6-6-4-7,栗東 寺島,498,0,
202407020705,2024-08-31,中京,5,2歳新馬,芝,2000,左,小雨,重,"2回 中京 7日目 サラ系２歳 新馬       馬齢 8頭 本賞金:720,290,180,110,72万円",8,720.0,7,7,7,ノボリユーミン,牝,2,55.0,西村淳,130.4,5,3,5.2,36.6,2-2-2-2,栗東 石橋,478,0,
202407020705,2024-08-31,中京,5,2歳新馬,芝,2000,左,小雨,重,"2回 中京 7日目 サラ系２歳 新馬       馬齢 8頭 本賞金:720,290,180,110,72万円",8,720.0,8,4,4,ハッピールンナ,牝,2,55.0,国分優,131.3,5,8,120.1,37.3,2-2-2-5,栗東 大根田,474,0,
202407020706,2024-08-31,中京,6,2歳新馬,ダ,1400,左,雨,不,"2回 中京 7日目 サラ系２歳 新馬       (混) 馬齢 16頭 本賞金:720,290,180,110,72万円",16,720.0,1,7,13,ハリーケーン,牡,2,55.0,水口,87.0,,5,8.4,38.3,1-1,栗東 大根田,494,0,
202407020706,2024-08-31,中京,6,2歳新馬,ダ,1400,左,雨,不,"2回 中京 7日目 サラ系２歳 新馬       (混) 馬齢 16頭 本賞金:720,290,180,110,72万円",16,720.0,2,2,4,トラヴェリンバンド,牡,2,55.0,岩田望,87.5,3,1,3.5,38.2,4-3,栗東 西村,470,0,
202407020706,2024-08-31,中京,6,2歳新馬,ダ,1400,左,雨,不,"2回 中京 7日目 サラ系２歳 新馬       (混) 馬齢 16頭 本賞金:720,290,180,110,72万円",16,720.0,3,8,16,ヤマニンシュラ,牡,2,55.0,団野,87.7,1.1/4,4,7.1,38.9,2-2,栗東 斉藤崇,464,0,
202407020706,2024-08-31,中京,6,2歳新馬,ダ,1400,左,雨,不,"2回 中京 7日目 サラ系２歳 新馬       (混) 馬齢 16頭 本賞金:720,290,180,110,72万円",16,720.0,4,5,9,ボールドハーテッド,牡,2,55.0,和田竜,88.0,2,7,15.6,38.1,7-5,栗東 鈴木孝,446,0,
202407020706,2024-08-31,中京,6,2歳新馬,ダ,1400,左,雨,不,"2回 中京 7日目 サラ系２歳 新馬       (混) 馬齢 16頭 本賞金:720,290,180,110,72万円",16,720.0,5,4,7,タケルハーロック,牡,2,55.0,松山,88.1,クビ,3,5.3,37.5,9-10,栗東 高柳大,490,0,
202407020706,2024-08-31,中京,6,2歳新馬,ダ,1400,左,雨,不,"2回 中京 7日目 サラ系２歳 新馬       (混) 馬齢 16頭 本賞金:720,290,180,110,72万円",16,720.0,6,1,1,ブルックリンダンス,牡,2,55.0,亀田,88.1,クビ,8,21.3,36.8,12-11,栗東 田中克,488,0,
202407020706,2024-08-31,中京,6,2歳新馬,ダ,1400,左,雨,不,"2回 中京 7日目 サラ系２歳 新馬       (混) 馬齢 16頭 本賞金:720,290,180,110,72万円",16,720.0,7,5,10,ランワールドワン,牡,2,55.0,国分優,88.7,3.1/2,15,94.8,39.1,5-5,栗東 中尾,470,0,
202407020706,2024-08-31,中京,6,2歳新馬,ダ,1400,左,雨,不,"2回 中京 7日目 サラ系２歳 新馬       (混) 馬齢 16頭 本賞金:720,290,180,110,72万円",16,720.0,8,2,3,ケングロリア,牝,2,53.0,◇永島,89.0,2,12,72.1,38.4,9-8,栗東 高橋康,460,0,
202407020706,2024-08-31,中京,6,2歳新馬,ダ,1400,左,雨,不,"2回 中京 7日目 サラ系２歳 新馬       (混) 馬齢 16頭 本賞金:720,290,180,110,72万円",16,720.0,9,6,12,ヤングアメリカンズ,牡,2,54.0,☆角田和,89.1,1/2,9,35.5,38.2,11-11,栗東 奥村豊,490,0,
202407020706,2024-08-31,中京,6,2歳新馬,ダ,1400,左,雨,不,"2回 中京 7日目 サラ系２歳 新馬       (混) 馬齢 16頭 本賞金:720,290,180,110,72万円",16,720.0,10,6,11,ディープボウ,牝,2,55.0,中井,89.8,4,10,53.0,40.1,5-7,栗東 庄野,460,0,
202407020706,2024-08-31,中京,6,2歳新馬,ダ,1400,左,雨,不,"2回 中京 7日目 サラ系２歳 新馬       (混) 馬齢 16頭 本賞金:720,290,180,110,72万円",16,720.0,11,1,2,ユウトザユウト,牡,2,55.0,川田,90.0,3/4,2,4.5,38.3,13-15,栗東 小崎,484,0,
202407020706,2024-08-31,中京,6,2歳新馬,ダ,1400,左,雨,不,"2回 中京 7日目 サラ系２歳 新馬       (混) 馬齢 16頭 本賞金:720,290,180,110,72万円",16,720.0,12,7,14,ソイジャガー,牝,2,55.0,川須,90.1,3/4,14,84.1,39.6,8-8,栗東 中尾,456,0,
202407020706,2024-08-31,中京,6,2歳新馬,ダ,1400,左,雨,不,"2回 中京 7日目 サラ系２歳 新馬       (混) 馬齢 16頭 本賞金:720,290,180,110,72万円",16,720.0,13,8,15,トモジャー,牡,2,52.0,▲吉村,90.1,アタマ,13,81.9,38.3,15-13,美浦 小笠,488,0,
202407020706,2024-08-31,中京,6,2歳新馬,ダ,1400,左,雨,不,"2回 中京 7日目 サラ系２歳 新馬       (混) 馬齢 16頭 本賞金:720,290,180,110,72万円",16,720.0,14,3,6,ホワイトアッシュ,牡,2,55.0,酒井,90.2,クビ,11,66.2,38.5,13-14,栗東 庄野,470,0,
202407020706,2024-08-31,中京,6,2歳新馬,ダ,1400,左,雨,不,"2回 中京 7日目 サラ系２歳 新馬       (混) 馬齢 16頭 本賞金:720,290,180,110,72万円",16,720.0,15,3,5,テイエムダイタカ,牡,2,55.0,高倉,91.1,5,16,196.2,38.0,16-16,栗東 木原,446,0,
202407020706,2024-08-31,中京,6,2歳新馬,ダ,1400,左,雨,不,"2回 中京 7日目 サラ系２歳 新馬       (混) 馬齢 16頭 本賞金:720,290,180,110,72万円",16,720.0,16,4,8,ミユンガー,牡,2,55.0,幸,91.5,2.1/2,6,13.9,42.4,3-4,栗東 岡田,470,0,
202407020707,2024-08-31,中京,7,3歳未勝利,芝,1600,左,雨,不,"2回 中京 7日目 サラ系３歳 未勝利       (混) 馬齢 16頭 本賞金:550,220,140,83,55万円",16,550.0,1,8,15,マルモア,牝,3,55.0,Ｍデム,99.9,,7,11.6,36.6,10-5-6,栗東 松永幹,416,-4,
202407020707,2024-08-31,中京,7,3歳未勝利,芝,1600,左,雨,不,"2回 中京 7日目 サラ系３歳 未勝利       (混) 馬齢 16頭 本賞金:550,220,140,83,55万円",16,550.0,2,3,6,エリカマルゲリータ,牝,3,55.0,岩田望,100.0,3/4,2,5.9,36.9,4-2-3,栗東 安田,470,-2,
202407020707,2024-08-31,中京,7,3歳未勝利,芝,1600,左,雨,不,"2回 中京 7日目 サラ系３歳 未勝利       (混) 馬齢 16頭 本賞金:550,220,140,83,55万円",16,550.0,3,1,1,フリーダムレイン,牡,3,57.0,坂井,100.2,1,8,31.5,37.3,1-2-1,栗東 友道,470,-2,
202407020707,2024-08-31,中京,7,3歳未勝利,芝,1600,左,雨,不,"2回 中京 7日目 サラ系３歳 未勝利       (混) 馬齢 16頭 本賞金:550,220,140,83,55万円",16,550.0,4,5,10,ベルファスト,牝,3,51.0,★河原田,100.2,クビ,3,6.1,37.0,2-4-4,栗東 今野,488,4,
202407020707,2024-08-31,中京,7,3歳未勝利,芝,1600,左,雨,不,"2回 中京 7日目 サラ系３歳 未勝利       (混) 馬齢 16頭 本賞金:550,220,140,83,55万円",16,550.0,5,1,2,レッドレクス,牡,3,57.0,松山,100.3,クビ,4,7.7,37.1,2-5-4,栗東 藤原,464,-6,
202407020707,2024-08-31,中京,7,3歳未勝利,芝,1600,左,雨,不,"2回 中京 7日目 サラ系３歳 未勝利       (混) 馬齢 16頭 本賞金:550,220,140,83,55万円",16,550.0,6,4,7,グランパリッシュ,牝,3,54.0,☆泉谷,100.3,クビ,13,109.3,36.5,14-12-9,栗東 杉山晴,436,2,
202407020707,2024-08-31,中京,7,3歳未勝利,芝,1600,左,雨,不,"2回 中京 7日目 サラ系３歳 未勝利       (混) 馬齢 16頭 本賞金:550,220,140,83,55万円",16,550.0,7,8,16,ロストシークレット,牡,3,57.0,川田,100.4,1/2,1,2.4,37.4,4-1-2,栗東 中内田,454,-2,
202407020707,2024-08-31,中京,7,3歳未勝利,芝,1600,左,雨,不,"2回 中京 7日目 サラ系３歳 未勝利       (混) 馬齢 16頭 本賞金:550,220,140,83,55万円",16,550.0,8,6,12,サウンドガネーシャ,牡,3,56.0,☆小沢,100.5,1/2,12,107.2,36.4,16-15-12,栗東 安達,490,0,
202407020707,2024-08-31,中京,7,3歳未勝利,芝,1600,左,雨,不,"2回 中京 7日目 サラ系３歳 未勝利       (混) 馬齢 16頭 本賞金:550,220,140,83,55万円",16,550.0,9,2,3,テイケイモハラ,牝,3,55.0,幸,100.6,クビ,6,11.2,37.1,4-8-8,栗東 大橋,442,-4,
202407020707,2024-08-31,中京,7,3歳未勝利,芝,1600,左,雨,不,"2回 中京 7日目 サラ系３歳 未勝利       (混) 馬齢 16頭 本賞金:550,220,140,83,55万円",16,550.0,10,7,13,ダノンモンブラン,牡,3,56.0,☆角田和,101.0,2.1/2,9,58.0,37.6,14-8-6,栗東 中内田,478,-4,
202407020707,2024-08-31,中京,7,3歳未勝利,芝,1600,左,雨,不,"2回 中京 7日目 サラ系３歳 未勝利       (混) 馬齢 16頭 本賞金:550,220,140,83,55万円",16,550.0,11,7,14,サンブノワ,牡,3,57.0,団野,101.3,1.3/4,10,67.1,37.2,13-15-12,栗東 斉藤崇,502,-2,
202407020707,2024-08-31,中京,7,3歳未勝利,芝,1600,左,雨,不,"2回 中京 7日目 サラ系３歳 未勝利       (混) 馬齢 16頭 本賞金:550,220,140,83,55万円",16,550.0,12,5,9,ウィッシングスター,牝,3,55.0,西村淳,101.7,2.1/2,5,9.7,37.7,12-12-12,栗東 松下,496,4,
202407020707,2024-08-31,中京,7,3歳未勝利,芝,1600,左,雨,不,"2回 中京 7日目 サラ系３歳 未勝利       (混) 馬齢 16頭 本賞金:550,220,140,83,55万円",16,550.0,13,3,5,ピースフルワールド,牝,3,52.0,▲吉村,102.3,3.1/2,15,284.9,38.3,8-12-12,栗東 吉村,440,10,
202407020707,2024-08-31,中京,7,3歳未勝利,芝,1600,左,雨,不,"2回 中京 7日目 サラ系３歳 未勝利       (混) 馬齢 16頭 本賞金:550,220,140,83,55万円",16,550.0,14,6,11,ワイマング,セ,3,57.0,水口,103.4,7,11,71.3,39.4,8-10-12,栗東 池江,474,6,
202407020707,2024-08-31,中京,7,3歳未勝利,芝,1600,左,雨,不,"2回 中京 7日目 サラ系３歳 未勝利       (混) 馬齢 16頭 本賞金:550,220,140,83,55万円",16,550.0,15,4,8,ヤマニンエジェリー,牝,3,55.0,藤懸,103.6,1.1/4,14,127.9,39.8,10-5-9,栗東 中村,514,-4,
202407020707,2024-08-31,中京,7,3歳未勝利,芝,1600,左,雨,不,"2回 中京 7日目 サラ系３歳 未勝利       (混) 馬齢 16頭 本賞金:550,220,140,83,55万円",16,550.0,16,2,4,カフジレニウム,牝,3,55.0,国分優,103.9,1.3/4,16,407.8,40.1,7-10-9,栗東 森田,400,0,
202407020708,2024-08-31,中京,8,3歳以上1勝クラス,ダ,1800,左,雨,不,"2回 中京 7日目 サラ系３歳以上 １勝クラス       牝 定量 9頭 本賞金:800,320,200,120,80万円",9,800.0,1,6,6,チカミリオン,牝,3,53.0,川田,113.4,,1,1.7,35.8,2-2-2-2,栗東 大久保,482,0,
202407020708,2024-08-31,中京,8,3歳以上1勝クラス,ダ,1800,左,雨,不,"2回 中京 7日目 サラ系３歳以上 １勝クラス       牝 定量 9頭 本賞金:800,320,200,120,80万円",9,800.0,2,8,8,アルムエアフォルク,牝,4,56.0,和田竜,113.5,3/4,4,20.2,35.6,6-5-5-5,栗東 平田,476,2,
202407020708,2024-08-31,中京,8,3歳以上1勝クラス,ダ,1800,左,雨,不,"2回 中京 7日目 サラ系３歳以上 １勝クラス       牝 定量 9頭 本賞金:800,320,200,120,80万円",9,800.0,3,2,2,メイショウホタルビ,牝,6,56.0,幸,113.9,2.1/2,7,29.1,36.2,9-9-2-4,栗東 大橋,446,-2,
202407020708,2024-08-31,中京,8,3歳以上1勝クラス,ダ,1800,左,雨,不,"2回 中京 7日目 サラ系３歳以上 １勝クラス       牝 定量 9頭 本賞金:800,320,200,120,80万円",9,800.0,4,3,3,ユキカゼ,牝,3,52.0,☆小沢,114.3,2.1/2,9,73.0,36.4,2-3-5-5,栗東 小崎,452,-2,
202407020708,2024-08-31,中京,8,3歳以上1勝クラス,ダ,1800,左,雨,不,"2回 中京 7日目 サラ系３歳以上 １勝クラス       牝 定量 9頭 本賞金:800,320,200,120,80万円",9,800.0,5,7,7,リエータメンテ,牝,3,52.0,☆西塚,114.4,3/4,6,23.5,36.7,2-3-2-2,栗東 藤原,472,-2,
202407020708,2024-08-31,中京,8,3歳以上1勝クラス,ダ,1800,左,雨,不,"2回 中京 7日目 サラ系３歳以上 １勝クラス       牝 定量 9頭 本賞金:800,320,200,120,80万円",9,800.0,6,5,5,ゴーダンシング,牝,3,50.0,▲吉村,115.4,6,8,42.3,37.2,8-7-8-8,栗東 武英,466,16,
202407020708,2024-08-31,中京,8,3歳以上1勝クラス,ダ,1800,左,雨,不,"2回 中京 7日目 サラ系３歳以上 １勝クラス       牝 定量 9頭 本賞金:800,320,200,120,80万円",9,800.0,7,1,1,シブースト,牝,4,56.0,亀田,115.8,2,5,23.1,38.4,1-1-1-1,栗東 高野,510,8,
202407020708,2024-08-31,中京,8,3歳以上1勝クラス,ダ,1800,左,雨,不,"2回 中京 7日目 サラ系３歳以上 １勝クラス       牝 定量 9頭 本賞金:800,320,200,120,80万円",9,800.0,8,4,4,タガノエクレール,牝,3,50.0,▲橋木,115.8,ハナ,3,5.2,37.7,5-5-7-7,栗東 西園正,462,2,
202407020708,2024-08-31,中京,8,3歳以上1勝クラス,ダ,1800,左,雨,不,"2回 中京 7日目 サラ系３歳以上 １勝クラス       牝 定量 9頭 本賞金:800,320,200,120,80万円",9,800.0,9,8,9,コーラルハート,牝,3,53.0,西村淳,122.3,大,2,3.4,43.7,6-7-9-9,栗東 小林,502,4,
202407020709,2024-08-31,中京,9,香嵐渓特別,芝,2000,左,雨,不,"2回 中京 7日目 サラ系３歳以上 １勝クラス       (混) 定量 10頭 本賞金:1110,440,280,170,111万円",10,1110.0,1,8,10,クレオメデス,牡,4,58.0,松山,125.7,,4,5.0,36.3,5-5-3-3,栗東 武英,510,0,
202407020709,2024-08-31,中京,9,香嵐渓特別,芝,2000,左,雨,不,"2回 中京 7日目 サラ系３歳以上 １勝クラス       (混) 定量 10頭 本賞金:1110,440,280,170,111万円",10,1110.0,2,6,6,サスケ,牡,4,58.0,団野,126.0,2,2,3.1,36.4,7-6-6-6,栗東 西村,474,2,
202407020709,2024-08-31,中京,9,香嵐渓特別,芝,2000,左,雨,不,"2回 中京 7日目 サラ系３歳以上 １勝クラス       (混) 定量 10頭 本賞金:1110,440,280,170,111万円",10,1110.0,3,3,3,カリーニョ,牡,3,55.0,小沢,126.3,1.1/2,1,2.9,36.9,3-3-4-3,栗東 杉山晴,460,6,
202407020709,2024-08-31,中京,9,香嵐渓特別,芝,2000,左,雨,不,"2回 中京 7日目 サラ系３歳以上 １勝クラス       (混) 定量 10頭 本賞金:1110,440,280,170,111万円",10,1110.0,4,4,4,コスモダークナイト,牡,5,58.0,川須,126.3,クビ,7,65.3,36.5,6-6-7-7,栗東 吉田,506,6,
202407020709,2024-08-31,中京,9,香嵐渓特別,芝,2000,左,雨,不,"2回 中京 7日目 サラ系３歳以上 １勝クラス       (混) 定量 10頭 本賞金:1110,440,280,170,111万円",10,1110.0,5,8,9,グラヴィテ,牝,6,56.0,秋山稔,126.5,1,6,27.0,37.4,2-2-1-2,栗東 鮫島,494,2,
202407020709,2024-08-31,中京,9,香嵐渓特別,芝,2000,左,雨,不,"2回 中京 7日目 サラ系３歳以上 １勝クラス       (混) 定量 10頭 本賞金:1110,440,280,170,111万円",10,1110.0,6,2,2,ファミリーツリー,牝,3,53.0,坂井,126.6,3/4,3,4.1,37.5,1-1-2-1,栗東 河嶋,440,4,
202407020709,2024-08-31,中京,9,香嵐渓特別,芝,2000,左,雨,不,"2回 中京 7日目 サラ系３歳以上 １勝クラス       (混) 定量 10頭 本賞金:1110,440,280,170,111万円",10,1110.0,7,7,7,ナムラマイケル,牡,4,58.0,泉谷,126.8,1,8,91.6,37.0,8-8-7-7,栗東 村山,438,-6,
202407020709,2024-08-31,中京,9,香嵐渓特別,芝,2000,左,雨,不,"2回 中京 7日目 サラ系３歳以上 １勝クラス       (混) 定量 10頭 本賞金:1110,440,280,170,111万円",10,1110.0,8,5,5,ゴールドローズ,牝,5,56.0,幸,127.0,1.1/2,5,12.4,37.2,9-9-9-7,栗東 飯田,438,-2,
202407020709,2024-08-31,中京,9,香嵐渓特別,芝,2000,左,雨,不,"2回 中京 7日目 サラ系３歳以上 １勝クラス       (混) 定量 10頭 本賞金:1110,440,280,170,111万円",10,1110.0,9,7,8,ヴァルトラウテ,牝,4,56.0,田中健,127.4,2.1/2,9,150.2,37.9,3-3-4-3,栗東 中村,450,4,
202407020709,2024-08-31,中京,9,香嵐渓特別,芝,2000,左,雨,不,"2回 中京 7日目 サラ系３歳以上 １勝クラス       (混) 定量 10頭 本賞金:1110,440,280,170,111万円",10,1110.0,,1,1,メイショウカイコン,牡,3,55.0,鷲頭,,,,,,,栗東 千田,999,0,取消
202407020710,2024-08-31,中京,10,鳥羽特別,ダ,1400,左,小雨,不,"2回 中京 7日目 サラ系３歳以上 ２勝クラス       (混) 定量 15頭 本賞金:1550,620,390,230,155万円",15,1550.0,1,2,2,カズゴルティス,牡,3,55.0,和田竜,83.4,,1,3.1,36.8,1-1,栗東 杉山晴,506,2,
202407020710,2024-08-31,中京,10,鳥羽特別,ダ,1400,左,小雨,不,"2回 中京 7日目 サラ系３歳以上 ２勝クラス       (混) 定量 15頭 本賞金:1550,620,390,230,155万円",15,1550.0,2,6,11,カフェニクス,牝,3,53.0,松山,83.7,1.3/4,2,4.2,36.8,4-4,美浦 中舘,496,2,
202407020710,2024-08-31,中京,10,鳥羽特別,ダ,1400,左,小雨,不,"2回 中京 7日目 サラ系３歳以上 ２勝クラス       (混) 定量 15頭 本賞金:1550,620,390,230,155万円",15,1550.0,3,8,14,リンクスルーファス,牝,5,56.0,永島,83.9,1.1/4,13,122.7,35.6,14-14,美浦 手塚,504,-8,
202407020710,2024-08-31,中京,10,鳥羽特別,ダ,1400,左,小雨,不,"2回 中京 7日目 サラ系３歳以上 ２勝クラス       (混) 定量 15頭 本賞金:1550,620,390,230,155万円",15,1550.0,4,4,7,リンドラゴ,牡,5,58.0,西村淳,84.1,1.1/4,4,6.4,36.8,7-6,栗東 杉山佳,476,0,
202407020710,2024-08-31,中京,10,鳥羽特別,ダ,1400,左,小雨,不,"2回 中京 7日目 サラ系３歳以上 ２勝クラス       (混) 定量 15頭 本賞金:1550,620,390,230,155万円",15,1550.0,5,2,3,クリノクリスタル,牝,4,56.0,小沢,84.1,アタマ,14,143.5,36.7,9-6,栗東 大橋,470,-4,
202407020710,2024-08-31,中京,10,鳥羽特別,ダ,1400,左,小雨,不,"2回 中京 7日目 サラ系３歳以上 ２勝クラス       (混) 定量 15頭 本賞金:1550,620,390,230,155万円",15,1550.0,6,1,1,カッティングジェム,牡,4,58.0,川田,84.4,2,3,5.7,37.3,5-5,栗東 小崎,510,0,
202407020710,2024-08-31,中京,10,鳥羽特別,ダ,1400,左,小雨,不,"2回 中京 7日目 サラ系３歳以上 ２勝クラス       (混) 定量 15頭 本賞金:1550,620,390,230,155万円",15,1550.0,7,6,10,ノボリクレバー,牝,4,56.0,酒井,84.5,1/2,7,18.6,37.4,5-6,栗東 石橋,500,6,
202407020710,2024-08-31,中京,10,鳥羽特別,ダ,1400,左,小雨,不,"2回 中京 7日目 サラ系３歳以上 ２勝クラス       (混) 定量 15頭 本賞金:1550,620,390,230,155万円",15,1550.0,8,5,9,ミヤジレガリア,牝,4,56.0,幸,84.9,2,5,6.8,38.1,2-2,栗東 鈴木孝,508,2,
202407020710,2024-08-31,中京,10,鳥羽特別,ダ,1400,左,小雨,不,"2回 中京 7日目 サラ系３歳以上 ２勝クラス       (混) 定量 15頭 本賞金:1550,620,390,230,155万円",15,1550.0,9,4,6,サヨノフィールド,牡,5,58.0,西塚,85.4,3,10,58.6,37.3,13-12,美浦 小笠,488,2,
202407020710,2024-08-31,中京,10,鳥羽特別,ダ,1400,左,小雨,不,"2回 中京 7日目 サラ系３歳以上 ２勝クラス       (混) 定量 15頭 本賞金:1550,620,390,230,155万円",15,1550.0,10,8,15,メイショウキッド,牡,5,58.0,泉谷,85.4,クビ,12,110.8,37.5,12-12,栗東 本田,524,14,
202407020710,2024-08-31,中京,10,鳥羽特別,ダ,1400,左,小雨,不,"2回 中京 7日目 サラ系３歳以上 ２勝クラス       (混) 定量 15頭 本賞金:1550,620,390,230,155万円",15,1550.0,11,7,13,タイガースパーク,牡,4,58.0,国分優,85.4,ハナ,6,15.9,38.2,7-6,栗東 大橋,448,0,
202407020710,2024-08-31,中京,10,鳥羽特別,ダ,1400,左,小雨,不,"2回 中京 7日目 サラ系３歳以上 ２勝クラス       (混) 定量 15頭 本賞金:1550,620,390,230,155万円",15,1550.0,12,5,8,ルーパステソーロ,牡,6,58.0,岩田望,85.6,1,11,84.7,38.1,10-10,美浦 千葉,538,0,
202407020710,2024-08-31,中京,10,鳥羽特別,ダ,1400,左,小雨,不,"2回 中京 7日目 サラ系３歳以上 ２勝クラス       (混) 定量 15頭 本賞金:1550,620,390,230,155万円",15,1550.0,13,3,4,ナサ,牝,6,56.0,亀田,85.6,クビ,15,322.1,38.8,2-2,栗東 藤沢,482,6,
202407020710,2024-08-31,中京,10,鳥羽特別,ダ,1400,左,小雨,不,"2回 中京 7日目 サラ系３歳以上 ２勝クラス       (混) 定量 15頭 本賞金:1550,620,390,230,155万円",15,1550.0,14,7,12,バルミュゼット,牡,5,58.0,団野,85.9,1.1/2,9,49.4,35.7,15-15,栗東 藤野,524,-10,
202407020710,2024-08-31,中京,10,鳥羽特別,ダ,1400,左,小雨,不,"2回 中京 7日目 サラ系３歳以上 ２勝クラス       (混) 定量 15頭 本賞金:1550,620,390,230,155万円",15,1550.0,15,3,5,シュバルツガイスト,牡,4,58.0,Ｍデム,88.0,大,8,32.6,40.5,10-10,美浦 国枝,496,-8,
202407020711,2024-08-31,中京,11,長篠S,芝,1200,左,小雨,不,"2回 中京 7日目 サラ系３歳以上 ３勝クラス       (混) ハンデ 18頭 本賞金:1840,740,460,280,184万円",18,1840.0,1,6,11,ティニア,牡,4,57.0,坂井,70.2,,4,7.0,34.9,5-4,栗東 池江,506,4,
202407020711,2024-08-31,中京,11,長篠S,芝,1200,左,小雨,不,"2回 中京 7日目 サラ系３歳以上 ３勝クラス       (混) ハンデ 18頭 本賞金:1840,740,460,280,184万円",18,1840.0,2,5,9,ロードフォアエース,牡,3,55.0,川田,70.2,クビ,1,2.6,34.9,4-4,栗東 友道,530,4,
202407020711,2024-08-31,中京,11,長篠S,芝,1200,左,小雨,不,"2回 中京 7日目 サラ系３歳以上 ３勝クラス       (混) ハンデ 18頭 本賞金:1840,740,460,280,184万円",18,1840.0,3,2,4,シロン,牝,5,54.0,酒井,70.3,1/2,5,8.3,35.6,2-2,栗東 小栗,526,-2,
202407020711,2024-08-31,中京,11,長篠S,芝,1200,左,小雨,不,"2回 中京 7日目 サラ系３歳以上 ３勝クラス       (混) ハンデ 18頭 本賞金:1840,740,460,280,184万円",18,1840.0,4,8,17,ヤマニンアンフィル,牝,5,54.0,岩田望,70.4,1/2,2,6.4,34.9,8-6,栗東 斉藤崇,480,-2,
202407020711,2024-08-31,中京,11,長篠S,芝,1200,左,小雨,不,"2回 中京 7日目 サラ系３歳以上 ３勝クラス       (混) ハンデ 18頭 本賞金:1840,740,460,280,184万円",18,1840.0,5,7,13,ヴェールアンレーヴ,牝,5,53.0,幸,70.7,2,11,39.8,34.9,11-11,美浦 宮田,450,8,
202407020711,2024-08-31,中京,11,長篠S,芝,1200,左,小雨,不,"2回 中京 7日目 サラ系３歳以上 ３勝クラス       (混) ハンデ 18頭 本賞金:1840,740,460,280,184万円",18,1840.0,6,4,7,シュヴェルトライテ,牝,5,54.0,Ｍデム,71.0,1.3/4,6,18.3,35.3,8-9,美浦 池上,446,6,
202407020711,2024-08-31,中京,11,長篠S,芝,1200,左,小雨,不,"2回 中京 7日目 サラ系３歳以上 ３勝クラス       (混) ハンデ 18頭 本賞金:1840,740,460,280,184万円",18,1840.0,6,6,12,ピピオラ,牝,4,53.0,団野,71.0,1.3/4,9,28.5,34.8,13-13,栗東 武幸,474,8,
202407020711,2024-08-31,中京,11,長篠S,芝,1200,左,小雨,不,"2回 中京 7日目 サラ系３歳以上 ３勝クラス       (混) ハンデ 18頭 本賞金:1840,740,460,280,184万円",18,1840.0,8,5,10,アバンチュリエ,セ,5,55.0,柴田善,71.1,1/2,13,82.9,34.7,14-14,美浦 大竹,462,-4,
202407020711,2024-08-31,中京,11,長篠S,芝,1200,左,小雨,不,"2回 中京 7日目 サラ系３歳以上 ３勝クラス       (混) ハンデ 18頭 本賞金:1840,740,460,280,184万円",18,1840.0,9,2,3,タツダイヤモンド,牡,4,56.0,和田竜,71.2,1/2,3,6.4,35.7,5-6,栗東 鮫島,482,4,
202407020711,2024-08-31,中京,11,長篠S,芝,1200,左,小雨,不,"2回 中京 7日目 サラ系３歳以上 ３勝クラス       (混) ハンデ 18頭 本賞金:1840,740,460,280,184万円",18,1840.0,10,8,16,メイショウエニシア,牝,6,54.0,泉谷,71.4,1.1/4,12,52.9,37.3,1-1,栗東 本田,460,8,
202407020711,2024-08-31,中京,11,長篠S,芝,1200,左,小雨,不,"2回 中京 7日目 サラ系３歳以上 ３勝クラス       (混) ハンデ 18頭 本賞金:1840,740,460,280,184万円",18,1840.0,11,7,14,ジャスパーノワール,牡,3,54.0,松山,71.4,ハナ,7,19.7,36.4,3-3,栗東 森秀,504,0,
202407020711,2024-08-31,中京,11,長篠S,芝,1200,左,小雨,不,"2回 中京 7日目 サラ系３歳以上 ３勝クラス       (混) ハンデ 18頭 本賞金:1840,740,460,280,184万円",18,1840.0,12,4,8,ロードラスター,牡,6,56.0,西村淳,71.5,1/2,8,21.5,34.1,17-18,栗東 千田,510,-4,
202407020711,2024-08-31,中京,11,長篠S,芝,1200,左,小雨,不,"2回 中京 7日目 サラ系３歳以上 ３勝クラス       (混) ハンデ 18頭 本賞金:1840,740,460,280,184万円",18,1840.0,13,1,1,フロムダスク,牡,4,56.0,永島,71.7,1.1/4,10,35.6,34.8,16-16,栗東 森秀,504,0,
202407020711,2024-08-31,中京,11,長篠S,芝,1200,左,小雨,不,"2回 中京 7日目 サラ系３歳以上 ３勝クラス       (混) ハンデ 18頭 本賞金:1840,740,460,280,184万円",18,1840.0,14,3,6,メイショウツツジ,牝,6,52.0,角田和,71.7,アタマ,14,95.9,36.0,8-9,栗東 木原,442,0,
202407020711,2024-08-31,中京,11,長篠S,芝,1200,左,小雨,不,"2回 中京 7日目 サラ系３歳以上 ３勝クラス       (混) ハンデ 18頭 本賞金:1840,740,460,280,184万円",18,1840.0,15,3,5,サニーオーシャン,セ,6,52.0,吉村,71.8,クビ,18,240.8,35.8,11-12,美浦 杉浦,440,-2,
202407020711,2024-08-31,中京,11,長篠S,芝,1200,左,小雨,不,"2回 中京 7日目 サラ系３歳以上 ３勝クラス       (混) ハンデ 18頭 本賞金:1840,740,460,280,184万円",18,1840.0,16,1,2,プライムライン,セ,7,54.0,高倉,71.9,3/4,15,141.4,36.4,5-6,栗東 田中克,446,-4,
202407020711,2024-08-31,中京,11,長篠S,芝,1200,左,小雨,不,"2回 中京 7日目 サラ系３歳以上 ３勝クラス       (混) ハンデ 18頭 本賞金:1840,740,460,280,184万円",18,1840.0,17,7,15,ダンツイノーバ,牝,7,52.0,太宰,71.9,クビ,16,162.9,35.4,14-15,栗東 谷,472,10,
202407020711,2024-08-31,中京,11,長篠S,芝,1200,左,小雨,不,"2回 中京 7日目 サラ系３歳以上 ３勝クラス       (混) ハンデ 18頭 本賞金:1840,740,460,280,184万円",18,1840.0,18,8,18,ワンスカイ,牡,7,54.0,小沢,72.3,2.1/2,17,205.6,35.2,17-17,美浦 斎藤誠,512,-2,
202407020712,2024-08-31,中京,12,3歳以上1勝クラス,ダ,1400,左,小雨,不,"2回 中京 7日目 サラ系３歳以上 １勝クラス       定量 13頭 本賞金:800,320,200,120,80万円",13,800.0,1,3,3,メイショウミシガン,牡,3,55.0,川田,83.5,,1,2.5,36.9,4-3,栗東 鮫島,452,2,
202407020712,2024-08-31,中京,12,3歳以上1勝クラス,ダ,1400,左,小雨,不,"2回 中京 7日目 サラ系３歳以上 １勝クラス       定量 13頭 本賞金:800,320,200,120,80万円",13,800.0,2,1,1,グリーズマン,牡,3,55.0,松山,84.0,3,2,4.5,37.7,1-1,栗東 小栗,506,10,
202407020712,2024-08-31,中京,12,3歳以上1勝クラス,ダ,1400,左,小雨,不,"2回 中京 7日目 サラ系３歳以上 １勝クラス       定量 13頭 本賞金:800,320,200,120,80万円",13,800.0,3,8,12,アンシール,セ,3,55.0,岩田望,84.0,ハナ,4,5.2,36.3,12-12,栗東 小崎,470,0,
202407020712,2024-08-31,中京,12,3歳以上1勝クラス,ダ,1400,左,小雨,不,"2回 中京 7日目 サラ系３歳以上 １勝クラス       定量 13頭 本賞金:800,320,200,120,80万円",13,800.0,4,4,5,レッドダンルース,牡,4,58.0,坂井,84.0,アタマ,6,19.5,37.3,4-5,栗東 福永,472,6,
202407020712,2024-08-31,中京,12,3歳以上1勝クラス,ダ,1400,左,小雨,不,"2回 中京 7日目 サラ系３歳以上 １勝クラス       定量 13頭 本賞金:800,320,200,120,80万円",13,800.0,5,6,9,ルールシェーバー,牡,7,58.0,国分恭,84.3,1.3/4,12,112.0,35.8,13-13,栗東 北出,480,-2,
202407020712,2024-08-31,中京,12,3歳以上1勝クラス,ダ,1400,左,小雨,不,"2回 中京 7日目 サラ系３歳以上 １勝クラス       定量 13頭 本賞金:800,320,200,120,80万円",13,800.0,6,6,8,ルフトクス,牝,3,50.0,▲吉村,84.6,2,7,22.8,37.5,8-8,栗東 杉山晴,460,8,
202407020712,2024-08-31,中京,12,3歳以上1勝クラス,ダ,1400,左,小雨,不,"2回 中京 7日目 サラ系３歳以上 １勝クラス       定量 13頭 本賞金:800,320,200,120,80万円",13,800.0,7,7,10,ハクアイアテナ,牝,4,55.0,☆小沢,84.7,クビ,11,107.7,37.6,8-8,栗東 今野,432,10,
202407020712,2024-08-31,中京,12,3歳以上1勝クラス,ダ,1400,左,小雨,不,"2回 中京 7日目 サラ系３歳以上 １勝クラス       定量 13頭 本賞金:800,320,200,120,80万円",13,800.0,8,5,7,アマミツツキ,牝,3,52.0,☆角田和,84.7,クビ,13,237.7,37.3,10-11,栗東 宮本,462,-4,
202407020712,2024-08-31,中京,12,3歳以上1勝クラス,ダ,1400,左,小雨,不,"2回 中京 7日目 サラ系３歳以上 １勝クラス       定量 13頭 本賞金:800,320,200,120,80万円",13,800.0,9,8,13,ストロンゲスト,牡,5,58.0,酒井,84.7,アタマ,9,65.4,37.4,10-8,栗東 羽月,486,4,
202407020712,2024-08-31,中京,12,3歳以上1勝クラス,ダ,1400,左,小雨,不,"2回 中京 7日目 サラ系３歳以上 １勝クラス       定量 13頭 本賞金:800,320,200,120,80万円",13,800.0,10,5,6,モズパシュート,牡,3,55.0,高倉,84.9,1.1/4,8,46.0,38.0,6-6,栗東 田中克,504,0,
202407020712,2024-08-31,中京,12,3歳以上1勝クラス,ダ,1400,左,小雨,不,"2回 中京 7日目 サラ系３歳以上 １勝クラス       定量 13頭 本賞金:800,320,200,120,80万円",13,800.0,11,2,2,ニホンピロカラット,牡,3,55.0,和田竜,85.1,1.1/4,3,5.0,38.7,2-2,栗東 大橋,498,-8,
202407020712,2024-08-31,中京,12,3歳以上1勝クラス,ダ,1400,左,小雨,不,"2回 中京 7日目 サラ系３歳以上 １勝クラス       定量 13頭 本賞金:800,320,200,120,80万円",13,800.0,12,4,4,ベレニーチェ,牝,3,51.0,◇永島,87.1,大,5,12.5,40.3,6-6,栗東 武英,468,24,
202407020712,2024-08-31,中京,12,3歳以上1勝クラス,ダ,1400,左,小雨,不,"2回 中京 7日目 サラ系３歳以上 １勝クラス       定量 13頭 本賞金:800,320,200,120,80万円",13,800.0,13,7,11,モカラエース,牡,4,58.0,西村淳,87.7,3.1/2,10,77.1,41.2,3-3,栗東 高柳大,468,4,
