race_id,date,venue,race_no,race_name,surface,distance,turn,weather,going,race_class,field_size,prize1,chaku,waku,umaban,horse,sex,age,kinryo,jockey,time_sec,margin,ninki,odds,agari,passage,trainer,weight,weight_diff,status
202501010301,2025-08-02,札幌,1,2歳未勝利,芝,1800,右,晴,良,"1回 札幌 3日目 サラ系２歳 未勝利       (混)[指] 馬齢 8頭 本賞金:560,220,140,84,56万円",8,560.0,1,4,4,ジャストビート,牝,2,55.0,丹内,110.2,,3,5.7,35.4,4-4-4-4,栗東 安達,418,2,
202501010301,2025-08-02,札幌,1,2歳未勝利,芝,1800,右,晴,良,"1回 札幌 3日目 サラ系２歳 未勝利       (混)[指] 馬齢 8頭 本賞金:560,220,140,84,56万円",8,560.0,2,5,5,ヴィラジョヴィス,牝,2,55.0,キング,110.3,1/2,1,1.2,35.8,2-2-2-2,栗東 小栗,476,2,
202501010301,2025-08-02,札幌,1,2歳未勝利,芝,1800,右,晴,良,"1回 札幌 3日目 サラ系２歳 未勝利       (混)[指] 馬齢 8頭 本賞金:560,220,140,84,56万円",8,560.0,3,3,3,アイムスティルミー,セ,2,55.0,嶋田,110.8,3,4,37.2,35.9,7-7-4-2,美浦 手塚久,430,-4,
202501010301,2025-08-02,札幌,1,2歳未勝利,芝,1800,右,晴,良,"1回 札幌 3日目 サラ系２歳 未勝利       (混)[指] 馬齢 8頭 本賞金:560,220,140,84,56万円",8,560.0,4,8,8,チェンドル,牝,2,52.0,▲小林美,111.0,1.1/4,2,5.7,36.6,1-1-1-1,美浦 小手川,440,-4,
202501010301,2025-08-02,札幌,1,2歳未勝利,芝,1800,右,晴,良,"1回 札幌 3日目 サラ系２歳 未勝利       (混)[指] 馬齢 8頭 本賞金:560,220,140,84,56万円",8,560.0,5,7,7,ブルームオブピース,牝,2,55.0,古川吉,111.2,1.1/4,8,81.4,36.5,2-2-3-5,栗東 北出,430,-4,
202501010301,2025-08-02,札幌,1,2歳未勝利,芝,1800,右,晴,良,"1回 札幌 3日目 サラ系２歳 未勝利       (混)[指] 馬齢 8頭 本賞金:560,220,140,84,56万円",8,560.0,6,2,2,ラシッド,牡,2,55.0,佐々木,111.3,1/2,5,37.6,36.1,5-6-6-6,美浦 杉浦,476,-6,
202501010301,2025-08-02,札幌,1,2歳未勝利,芝,1800,右,晴,良,"1回 札幌 3日目 サラ系２歳 未勝利       (混)[指] 馬齢 8頭 本賞金:560,220,140,84,56万円",8,560.0,7,6,6,シャインヴィーラ,牡,2,54.0,☆松本,111.3,ハナ,7,51.2,36.2,5-5-6-6,栗東 本田,474,6,
202501010301,2025-08-02,札幌,1,2歳未勝利,芝,1800,右,晴,良,"1回 札幌 3日目 サラ系２歳 未勝利       (混)[指] 馬齢 8頭 本賞金:560,220,140,84,56万円",8,560.0,8,1,1,ソルプレーザ,牡,2,52.0,▲舟山,111.6,2,6,47.6,36.2,8-8-8-8,美浦 菊川,466,-6,
202501010301,2025-08-02,札幌,1,2歳未勝利,芝,1800,右,晴,良,"1回 札幌 3日目 サラ系２歳 未勝利       (混)[指] 馬齢 8頭 本賞金:560,220,140,84,56万円",8,560.0,,1,4,ジャストビート,,,92.0,75,,13.1,2,11.6,2.0,12.2,2,,,
202501010301,2025-08-02,札幌,1,2歳未勝利,芝,1800,右,晴,良,"1回 札幌 3日目 サラ系２歳 未勝利       (混)[指] 馬齢 8頭 本賞金:560,220,140,84,56万円",8,560.0,,1,4,ジャストビート,,,,-,,-,,,,-,-,,,
202501010302,2025-08-02,札幌,2,3歳未勝利,ダ,1000,右,晴,良,"1回 札幌 3日目 サラ系３歳 未勝利       [指] 馬齢 12頭 本賞金:560,220,140,84,56万円",12,560.0,1,8,11,マカニ,牝,3,52.0,▲小林美,59.0,,4,7.8,35.7,1-1,美浦 尾形,464,4,
202501010302,2025-08-02,札幌,2,3歳未勝利,ダ,1000,右,晴,良,"1回 札幌 3日目 サラ系３歳 未勝利       [指] 馬齢 12頭 本賞金:560,220,140,84,56万円",12,560.0,2,7,10,ステラノヴァ,牡,3,57.0,武豊,59.1,1,1,2.3,35.4,2-3,栗東 千田,474,10,
202501010302,2025-08-02,札幌,2,3歳未勝利,ダ,1000,右,晴,良,"1回 札幌 3日目 サラ系３歳 未勝利       [指] 馬齢 12頭 本賞金:560,220,140,84,56万円",12,560.0,3,6,8,カービスベイ,牡,3,57.0,黛,59.2,1/2,3,5.8,35.6,2-2,美浦 武藤,518,-6,
202501010302,2025-08-02,札幌,2,3歳未勝利,ダ,1000,右,晴,良,"1回 札幌 3日目 サラ系３歳 未勝利       [指] 馬齢 12頭 本賞金:560,220,140,84,56万円",12,560.0,4,2,2,ブラックエンパイア,牡,3,57.0,荻野琢,59.5,1.3/4,11,99.1,35.5,4-4,美浦 松永康,468,-8,
202501010302,2025-08-02,札幌,2,3歳未勝利,ダ,1000,右,晴,良,"1回 札幌 3日目 サラ系３歳 未勝利       [指] 馬齢 12頭 本賞金:560,220,140,84,56万円",12,560.0,5,3,3,フルグライト,牡,3,57.0,松岡,60.2,4,5,12.2,35.6,8-6,美浦 堀内,464,0,
202501010302,2025-08-02,札幌,2,3歳未勝利,ダ,1000,右,晴,良,"1回 札幌 3日目 サラ系３歳 未勝利       [指] 馬齢 12頭 本賞金:560,220,140,84,56万円",12,560.0,6,8,12,アンノドミニ,牡,3,54.0,▲舟山,60.3,1/2,6,12.6,36.2,5-5,栗東 佐々木,450,6,
202501010302,2025-08-02,札幌,2,3歳未勝利,ダ,1000,右,晴,良,"1回 札幌 3日目 サラ系３歳 未勝利       [指] 馬齢 12頭 本賞金:560,220,140,84,56万円",12,560.0,7,5,5,ローレルゼロ,牡,3,54.0,▲橋木,60.4,3/4,8,34.9,36.0,7-7,栗東 高橋康,474,2,
202501010302,2025-08-02,札幌,2,3歳未勝利,ダ,1000,右,晴,良,"1回 札幌 3日目 サラ系３歳 未勝利       [指] 馬齢 12頭 本賞金:560,220,140,84,56万円",12,560.0,8,6,7,オンサイト,牡,3,57.0,丹内,60.5,1/2,7,24.0,35.6,9-9,美浦 小西,466,2,
202501010302,2025-08-02,札幌,2,3歳未勝利,ダ,1000,右,晴,良,"1回 札幌 3日目 サラ系３歳 未勝利       [指] 馬齢 12頭 本賞金:560,220,140,84,56万円",12,560.0,9,4,4,ハナヒラク,牝,3,52.0,▲柴田裕,61.0,3,10,64.1,35.9,10-10,美浦 萱野,454,-2,
202501010302,2025-08-02,札幌,2,3歳未勝利,ダ,1000,右,晴,良,"1回 札幌 3日目 サラ系３歳 未勝利       [指] 馬齢 12頭 本賞金:560,220,140,84,56万円",12,560.0,10,1,1,インユアアイズ,牝,3,55.0,キング,61.4,2.1/2,2,4.2,35.8,12-12,栗東 中村,474,-2,
202501010302,2025-08-02,札幌,2,3歳未勝利,ダ,1000,右,晴,良,"1回 札幌 3日目 サラ系３歳 未勝利       [指] 馬齢 12頭 本賞金:560,220,140,84,56万円",12,560.0,11,7,9,デルタニュートラル,牝,3,52.0,▲和田陽,61.6,1.1/2,9,40.8,37.5,5-8,美浦 加藤士,422,2,
202501010302,2025-08-02,札幌,2,3歳未勝利,ダ,1000,右,晴,良,"1回 札幌 3日目 サラ系３歳 未勝利       [指] 馬齢 12頭 本賞金:560,220,140,84,56万円",12,560.0,12,5,6,メイショウルーチェ,牝,3,54.0,☆松本,61.8,1.1/4,12,122.2,36.7,10-11,栗東 飯田,448,0,
202501010302,2025-08-02,札幌,2,3歳未勝利,ダ,1000,右,晴,良,"1回 札幌 3日目 サラ系３歳 未勝利       [指] 馬齢 12頭 本賞金:560,220,140,84,56万円",12,560.0,,1,11,マカニ,,,96.0,94,,12.4,2,10.9,1.0,11.3,1,,,
202501010302,2025-08-02,札幌,2,3歳未勝利,ダ,1000,右,晴,良,"1回 札幌 3日目 サラ系３歳 未勝利       [指] 馬齢 12頭 本賞金:560,220,140,84,56万円",12,560.0,,1,11,マカニ,,,,-,,-,,,,-,-,,,
202501010303,2025-08-02,札幌,3,3歳未勝利,ダ,1700,右,晴,良,"1回 札幌 3日目 サラ系３歳 未勝利       (混)[指] 馬齢 14頭 本賞金:560,220,140,84,56万円",14,560.0,1,2,2,ラルフテソーロ,牡,3,57.0,丹内,107.0,,1,2.7,37.5,1-1-1-1,美浦 伊藤圭,504,2,
202501010303,2025-08-02,札幌,3,3歳未勝利,ダ,1700,右,晴,良,"1回 札幌 3日目 サラ系３歳 未勝利       (混)[指] 馬齢 14頭 本賞金:560,220,140,84,56万円",14,560.0,2,7,11,トリプレーテ,牡,3,54.0,▲森田,107.0,アタマ,2,5.0,37.2,13-12-3-2,栗東 武英,484,2,
202501010303,2025-08-02,札幌,3,3歳未勝利,ダ,1700,右,晴,良,"1回 札幌 3日目 サラ系３歳 未勝利       (混)[指] 馬齢 14頭 本賞金:560,220,140,84,56万円",14,560.0,3,4,6,ハルフロンティア,牡,3,57.0,鮫島駿,107.6,3.1/2,8,24.0,37.4,6-5-7-7,栗東 池添,486,-22,
202501010303,2025-08-02,札幌,3,3歳未勝利,ダ,1700,右,晴,良,"1回 札幌 3日目 サラ系３歳 未勝利       (混)[指] 馬齢 14頭 本賞金:560,220,140,84,56万円",14,560.0,4,5,8,ミスターボビー,牡,3,57.0,菱田,107.8,1.1/4,11,51.0,38.1,3-3-3-2,美浦 栗田,462,0,
202501010303,2025-08-02,札幌,3,3歳未勝利,ダ,1700,右,晴,良,"1回 札幌 3日目 サラ系３歳 未勝利       (混)[指] 馬齢 14頭 本賞金:560,220,140,84,56万円",14,560.0,5,6,9,シャドーストライク,牡,3,54.0,▲舟山,108.1,1.3/4,9,28.9,38.2,5-5-5-4,栗東 茶木,464,0,
202501010303,2025-08-02,札幌,3,3歳未勝利,ダ,1700,右,晴,良,"1回 札幌 3日目 サラ系３歳 未勝利       (混)[指] 馬齢 14頭 本賞金:560,220,140,84,56万円",14,560.0,6,4,5,ジーティーララバイ,牝,3,55.0,荻野琢,108.3,1.1/4,13,93.2,38.4,3-3-5-6,栗東 矢作,502,-4,
202501010303,2025-08-02,札幌,3,3歳未勝利,ダ,1700,右,晴,良,"1回 札幌 3日目 サラ系３歳 未勝利       (混)[指] 馬齢 14頭 本賞金:560,220,140,84,56万円",14,560.0,7,8,14,リバティフレイム,牡,3,57.0,斎藤,108.5,1,4,8.6,38.4,7-7-7-7,美浦 嘉藤,516,4,
202501010303,2025-08-02,札幌,3,3歳未勝利,ダ,1700,右,晴,良,"1回 札幌 3日目 サラ系３歳 未勝利       (混)[指] 馬齢 14頭 本賞金:560,220,140,84,56万円",14,560.0,8,3,3,マイネルアース,牡,3,54.0,▲橋木,108.8,2,5,10.7,38.2,10-10-12-11,美浦 金成,468,-2,
202501010303,2025-08-02,札幌,3,3歳未勝利,ダ,1700,右,晴,良,"1回 札幌 3日目 サラ系３歳 未勝利       (混)[指] 馬齢 14頭 本賞金:560,220,140,84,56万円",14,560.0,9,8,13,サーフギャラクシー,牡,3,57.0,黛,109.4,3.1/2,14,196.2,39.0,12-12-10-10,美浦 松山,460,6,
202501010303,2025-08-02,札幌,3,3歳未勝利,ダ,1700,右,晴,良,"1回 札幌 3日目 サラ系３歳 未勝利       (混)[指] 馬齢 14頭 本賞金:560,220,140,84,56万円",14,560.0,10,1,1,グラツィオーソ,牝,3,55.0,松岡,109.5,1/2,7,15.6,38.9,10-10-12-13,美浦 田中剛,468,-2,
202501010303,2025-08-02,札幌,3,3歳未勝利,ダ,1700,右,晴,良,"1回 札幌 3日目 サラ系３歳 未勝利       (混)[指] 馬齢 14頭 本賞金:560,220,140,84,56万円",14,560.0,11,7,12,アックアヴィリーレ,セ,3,54.0,▲柴田裕,109.5,アタマ,12,72.1,39.1,8-8-10-11,栗東 佐々木,464,16,
202501010303,2025-08-02,札幌,3,3歳未勝利,ダ,1700,右,晴,良,"1回 札幌 3日目 サラ系３歳 未勝利       (混)[指] 馬齢 14頭 本賞金:560,220,140,84,56万円",14,560.0,12,5,7,アーロッタレット,牝,3,52.0,▲小林美,109.6,1/2,6,12.6,38.9,14-14-12-13,栗東 須貝,468,-6,
202501010303,2025-08-02,札幌,3,3歳未勝利,ダ,1700,右,晴,良,"1回 札幌 3日目 サラ系３歳 未勝利       (混)[指] 馬齢 14頭 本賞金:560,220,140,84,56万円",14,560.0,13,3,4,ビザンティーノ,牡,3,57.0,横山琉,110.6,6,10,35.2,40.3,8-8-9-9,美浦 上原佑,484,6,
202501010303,2025-08-02,札幌,3,3歳未勝利,ダ,1700,右,晴,良,"1回 札幌 3日目 サラ系３歳 未勝利       (混)[指] 馬齢 14頭 本賞金:560,220,140,84,56万円",14,560.0,14,6,10,マンボルンバ,牡,3,57.0,横山武,112.4,大,3,5.4,42.8,2-2-2-5,美浦 加藤征,520,-4,
202501010303,2025-08-02,札幌,3,3歳未勝利,ダ,1700,右,晴,良,"1回 札幌 3日目 サラ系３歳 未勝利       (混)[指] 馬齢 14頭 本賞金:560,220,140,84,56万円",14,560.0,,1,2,ラルフテソーロ,,,100.0,86,,7.0,3,11.2,1.0,12.3,1,,,
202501010303,2025-08-02,札幌,3,3歳未勝利,ダ,1700,右,晴,良,"1回 札幌 3日目 サラ系３歳 未勝利       (混)[指] 馬齢 14頭 本賞金:560,220,140,84,56万円",14,560.0,,1,2,ラルフテソーロ,,,,-,,-,,,,-,-,,,
202501010304,2025-08-02,札幌,4,3歳未勝利,芝,2000,右,晴,良,"1回 札幌 3日目 サラ系３歳 未勝利       [指] 馬齢 16頭 本賞金:560,220,140,84,56万円",16,560.0,1,7,14,ロパシック,牝,3,55.0,池添,119.5,,1,2.4,35.8,5-5-2-1,美浦 大竹,448,-6,
202501010304,2025-08-02,札幌,4,3歳未勝利,芝,2000,右,晴,良,"1回 札幌 3日目 サラ系３歳 未勝利       [指] 馬齢 16頭 本賞金:560,220,140,84,56万円",16,560.0,2,2,3,ストレートブラック,牝,3,55.0,松岡,119.7,1.1/2,2,4.1,35.6,8-8-7-4,美浦 奥平,426,-6,
202501010304,2025-08-02,札幌,4,3歳未勝利,芝,2000,右,晴,良,"1回 札幌 3日目 サラ系３歳 未勝利       [指] 馬齢 16頭 本賞金:560,220,140,84,56万円",16,560.0,3,4,8,アロマフェリス,牝,3,55.0,キング,119.9,1.1/4,4,7.7,36.0,6-6-5-2,栗東 辻野,390,-4,
202501010304,2025-08-02,札幌,4,3歳未勝利,芝,2000,右,晴,良,"1回 札幌 3日目 サラ系３歳 未勝利       [指] 馬齢 16頭 本賞金:560,220,140,84,56万円",16,560.0,4,5,10,フェアリーグレン,牝,3,54.0,☆松本,120.0,クビ,7,20.3,35.7,11-10-10-9,栗東 吉田,418,6,
202501010304,2025-08-02,札幌,4,3歳未勝利,芝,2000,右,晴,良,"1回 札幌 3日目 サラ系３歳 未勝利       [指] 馬齢 16頭 本賞金:560,220,140,84,56万円",16,560.0,5,1,1,グランセゾン,牝,3,55.0,佐々木,120.1,1/2,5,16.7,35.5,15-15-14-2,美浦 栗田,458,2,
202501010304,2025-08-02,札幌,4,3歳未勝利,芝,2000,右,晴,良,"1回 札幌 3日目 サラ系３歳 未勝利       [指] 馬齢 16頭 本賞金:560,220,140,84,56万円",16,560.0,6,4,7,エコログロス,牡,3,57.0,嶋田,120.3,1,12,54.5,35.7,11-13-14-13,美浦 手塚久,436,8,
202501010304,2025-08-02,札幌,4,3歳未勝利,芝,2000,右,晴,良,"1回 札幌 3日目 サラ系３歳 未勝利       [指] 馬齢 16頭 本賞金:560,220,140,84,56万円",16,560.0,7,8,15,シカレ,牝,3,52.0,▲古川奈,120.5,1.1/2,13,109.2,36.4,8-8-7-6,栗東 前川,412,-2,
202501010304,2025-08-02,札幌,4,3歳未勝利,芝,2000,右,晴,良,"1回 札幌 3日目 サラ系３歳 未勝利       [指] 馬齢 16頭 本賞金:560,220,140,84,56万円",16,560.0,8,3,5,ヴァンガルダ,牝,3,55.0,斎藤,120.8,1.1/2,9,29.1,36.7,6-6-7-9,栗東 奥村豊,434,2,
202501010304,2025-08-02,札幌,4,3歳未勝利,芝,2000,右,晴,良,"1回 札幌 3日目 サラ系３歳 未勝利       [指] 馬齢 16頭 本賞金:560,220,140,84,56万円",16,560.0,9,7,13,マサノイロハ,牡,3,57.0,古川吉,121.2,2.1/2,15,306.2,36.7,14-13-13-9,栗東 藤野,460,0,
202501010304,2025-08-02,札幌,4,3歳未勝利,芝,2000,右,晴,良,"1回 札幌 3日目 サラ系３歳 未勝利       [指] 馬齢 16頭 本賞金:560,220,140,84,56万円",16,560.0,10,5,9,ホウオウアーネスト,牡,3,57.0,横山典,121.3,1,6,19.7,37.0,10-10-10-13,栗東 安田,486,-2,
202501010304,2025-08-02,札幌,4,3歳未勝利,芝,2000,右,晴,良,"1回 札幌 3日目 サラ系３歳 未勝利       [指] 馬齢 16頭 本賞金:560,220,140,84,56万円",16,560.0,11,6,12,ゴートゥーミジョカ,牝,3,52.0,▲柴田裕,121.5,1,16,560.5,37.1,11-12-10-13,栗東 宮本,428,-2,
202501010304,2025-08-02,札幌,4,3歳未勝利,芝,2000,右,晴,良,"1回 札幌 3日目 サラ系３歳 未勝利       [指] 馬齢 16頭 本賞金:560,220,140,84,56万円",16,560.0,12,3,6,カリータフェリス,牝,3,52.0,▲舟山,121.6,1,11,40.3,36.9,16-16-16-16,美浦 鈴木慎,428,6,
202501010304,2025-08-02,札幌,4,3歳未勝利,芝,2000,右,晴,良,"1回 札幌 3日目 サラ系３歳 未勝利       [指] 馬齢 16頭 本賞金:560,220,140,84,56万円",16,560.0,13,1,2,バントック,牡,3,57.0,丹内,122.0,2,10,30.7,38.2,3-3-4-6,栗東 浜田,438,-8,
202501010304,2025-08-02,札幌,4,3歳未勝利,芝,2000,右,晴,良,"1回 札幌 3日目 サラ系３歳 未勝利       [指] 馬齢 16頭 本賞金:560,220,140,84,56万円",16,560.0,14,8,16,バトラーズワーフ,牡,3,57.0,鮫島駿,122.2,1,3,6.7,38.6,1-1-1-4,美浦 浅利,464,0,
202501010304,2025-08-02,札幌,4,3歳未勝利,芝,2000,右,晴,良,"1回 札幌 3日目 サラ系３歳 未勝利       [指] 馬齢 16頭 本賞金:560,220,140,84,56万円",16,560.0,15,2,4,アインホルン,牡,3,54.0,▲森田,122.8,3.1/2,14,227.1,38.8,3-3-5-12,栗東 寺島,446,4,
202501010304,2025-08-02,札幌,4,3歳未勝利,芝,2000,右,晴,良,"1回 札幌 3日目 サラ系３歳 未勝利       [指] 馬齢 16頭 本賞金:560,220,140,84,56万円",16,560.0,16,6,11,トリフォラート,牝,3,55.0,横山武,123.1,2,8,27.7,39.4,2-2-2-6,美浦 小手川,486,0,
202501010304,2025-08-02,札幌,4,3歳未勝利,芝,2000,右,晴,良,"1回 札幌 3日目 サラ系３歳 未勝利       [指] 馬齢 16頭 本賞金:560,220,140,84,56万円",16,560.0,,1,14,ロパシック,,,99.0,100,,12.8,8,10.9,3.0,11.7,3,,,
202501010304,2025-08-02,札幌,4,3歳未勝利,芝,2000,右,晴,良,"1回 札幌 3日目 サラ系３歳 未勝利       [指] 馬齢 16頭 本賞金:560,220,140,84,56万円",16,560.0,,1,14,ロパシック,,,,-,,-,,,,-,-,,,
202501010305,2025-08-02,札幌,5,2歳新馬,芝,1500,右,晴,良,"1回 札幌 3日目 サラ系２歳 新馬       (混)[指] 馬齢 11頭 本賞金:750,300,190,110,75万円",11,750.0,1,6,7,ポペット,牝,2,52.0,▲橋木,89.3,,7,26.3,33.9,6-6-7,栗東 高橋康,416,0,
202501010305,2025-08-02,札幌,5,2歳新馬,芝,1500,右,晴,良,"1回 札幌 3日目 サラ系２歳 新馬       (混)[指] 馬齢 11頭 本賞金:750,300,190,110,75万円",11,750.0,2,5,5,レッドスティンガー,牡,2,55.0,横山武,89.8,3,2,3.0,34.9,1-1-1,美浦 矢嶋,470,0,
202501010305,2025-08-02,札幌,5,2歳新馬,芝,1500,右,晴,良,"1回 札幌 3日目 サラ系２歳 新馬       (混)[指] 馬齢 11頭 本賞金:750,300,190,110,75万円",11,750.0,3,6,6,サンダーバード,牝,2,55.0,武豊,89.9,3/4,1,2.6,34.7,3-3-5,栗東 武幸,444,0,
202501010305,2025-08-02,札幌,5,2歳新馬,芝,1500,右,晴,良,"1回 札幌 3日目 サラ系２歳 新馬       (混)[指] 馬齢 11頭 本賞金:750,300,190,110,75万円",11,750.0,4,3,3,ハヤテノオジョー,牝,2,55.0,鮫島駿,89.9,クビ,6,10.9,34.8,3-3-3,栗東 杉山佳,402,0,
202501010305,2025-08-02,札幌,5,2歳新馬,芝,1500,右,晴,良,"1回 札幌 3日目 サラ系２歳 新馬       (混)[指] 馬齢 11頭 本賞金:750,300,190,110,75万円",11,750.0,5,8,10,サンエンジェルス,牝,2,55.0,浜中,90.2,1.1/2,10,62.6,34.8,6-6-5,栗東 谷,420,0,
202501010305,2025-08-02,札幌,5,2歳新馬,芝,1500,右,晴,良,"1回 札幌 3日目 サラ系２歳 新馬       (混)[指] 馬齢 11頭 本賞金:750,300,190,110,75万円",11,750.0,6,1,1,オーシャンステラ,牝,2,55.0,丹内,90.3,1/2,5,10.5,34.6,9-10-10,美浦 菊沢,418,0,
202501010305,2025-08-02,札幌,5,2歳新馬,芝,1500,右,晴,良,"1回 札幌 3日目 サラ系２歳 新馬       (混)[指] 馬齢 11頭 本賞金:750,300,190,110,75万円",11,750.0,7,7,9,ビョウブガウラ,牡,2,55.0,キング,90.3,1/2,3,7.8,34.7,9-9-7,美浦 清水英,486,0,
202501010305,2025-08-02,札幌,5,2歳新馬,芝,1500,右,晴,良,"1回 札幌 3日目 サラ系２歳 新馬       (混)[指] 馬齢 11頭 本賞金:750,300,190,110,75万円",11,750.0,8,7,8,ウチュウノセカイ,牡,2,55.0,古川吉,90.4,3/4,8,37.9,35.5,2-2-2,美浦 青木,492,0,
202501010305,2025-08-02,札幌,5,2歳新馬,芝,1500,右,晴,良,"1回 札幌 3日目 サラ系２歳 新馬       (混)[指] 馬齢 11頭 本賞金:750,300,190,110,75万円",11,750.0,9,4,4,ブラックジャック,牡,2,55.0,佐々木,90.8,2,4,8.3,35.4,6-6-7,栗東 須貝,492,0,
202501010305,2025-08-02,札幌,5,2歳新馬,芝,1500,右,晴,良,"1回 札幌 3日目 サラ系２歳 新馬       (混)[指] 馬齢 11頭 本賞金:750,300,190,110,75万円",11,750.0,10,2,2,リピース,牝,2,52.0,▲小林美,90.9,1,9,51.0,34.9,11-11-10,栗東 前川,426,0,
202501010305,2025-08-02,札幌,5,2歳新馬,芝,1500,右,晴,良,"1回 札幌 3日目 サラ系２歳 新馬       (混)[指] 馬齢 11頭 本賞金:750,300,190,110,75万円",11,750.0,11,8,11,ブルーメンフェスト,牝,2,55.0,松岡,93.4,大,11,74.9,38.3,3-3-3,栗東 緒方,484,0,
202501010305,2025-08-02,札幌,5,2歳新馬,芝,1500,右,晴,良,"1回 札幌 3日目 サラ系２歳 新馬       (混)[指] 馬齢 11頭 本賞金:750,300,190,110,75万円",11,750.0,,1,7,ポペット,,,86.0,66,,7.3,8,11.6,2.0,12.1,4,,,
202501010305,2025-08-02,札幌,5,2歳新馬,芝,1500,右,晴,良,"1回 札幌 3日目 サラ系２歳 新馬       (混)[指] 馬齢 11頭 本賞金:750,300,190,110,75万円",11,750.0,,1,7,ポペット,,,,-,,-,,,,-,-,,,
202501010306,2025-08-02,札幌,6,3歳以上1勝クラス,ダ,1000,右,晴,良,"1回 札幌 3日目 サラ系３歳以上 １勝クラス       牝[指] 定量 7頭 本賞金:800,320,200,120,80万円",7,800.0,1,3,3,サウンドモリアーナ,牝,3,54.0,武豊,58.5,,2,2.5,34.7,3-3,栗東 武英,440,0,
202501010306,2025-08-02,札幌,6,3歳以上1勝クラス,ダ,1000,右,晴,良,"1回 札幌 3日目 サラ系３歳以上 １勝クラス       牝[指] 定量 7頭 本賞金:800,320,200,120,80万円",7,800.0,2,2,2,ミニョンマルーン,牝,3,51.0,▲小林美,58.7,1.1/4,1,1.7,35.6,1-1,美浦 伊藤圭,472,2,
202501010306,2025-08-02,札幌,6,3歳以上1勝クラス,ダ,1000,右,晴,良,"1回 札幌 3日目 サラ系３歳以上 １勝クラス       牝[指] 定量 7頭 本賞金:800,320,200,120,80万円",7,800.0,3,6,6,ミルフルール,牝,4,56.0,斎藤,59.4,4,3,7.0,35.5,3-4,美浦 伊坂,482,12,
202501010306,2025-08-02,札幌,6,3歳以上1勝クラス,ダ,1000,右,晴,良,"1回 札幌 3日目 サラ系３歳以上 １勝クラス       牝[指] 定量 7頭 本賞金:800,320,200,120,80万円",7,800.0,4,1,1,アースミューズ,牝,3,54.0,松岡,59.5,1/2,4,15.7,36.0,2-2,美浦 粕谷,438,-10,
202501010306,2025-08-02,札幌,6,3歳以上1勝クラス,ダ,1000,右,晴,良,"1回 札幌 3日目 サラ系３歳以上 １勝クラス       牝[指] 定量 7頭 本賞金:800,320,200,120,80万円",7,800.0,5,7,7,サンピアノソナタ,牝,4,53.0,▲和田陽,60.0,3,5,37.6,35.1,7-7,美浦 小野,454,-8,
202501010306,2025-08-02,札幌,6,3歳以上1勝クラス,ダ,1000,右,晴,良,"1回 札幌 3日目 サラ系３歳以上 １勝クラス       牝[指] 定量 7頭 本賞金:800,320,200,120,80万円",7,800.0,6,4,4,シエラメンテ,牝,6,53.0,▲古川奈,60.1,1/2,6,45.7,35.9,5-5,美浦 堀内,490,0,
202501010306,2025-08-02,札幌,6,3歳以上1勝クラス,ダ,1000,右,晴,良,"1回 札幌 3日目 サラ系３歳以上 １勝クラス       牝[指] 定量 7頭 本賞金:800,320,200,120,80万円",7,800.0,7,5,5,ジーティースピカ,牝,4,53.0,▲柴田裕,60.2,1/2,7,72.9,35.4,6-6,美浦 加藤和,468,-10,
202501010306,2025-08-02,札幌,6,3歳以上1勝クラス,ダ,1000,右,晴,良,"1回 札幌 3日目 サラ系３歳以上 １勝クラス       牝[指] 定量 7頭 本賞金:800,320,200,120,80万円",7,800.0,,1,3,サウンドモリアーナ,,,91.0,86,,12.9,5,10.9,1.0,11.5,2,,,
202501010306,2025-08-02,札幌,6,3歳以上1勝クラス,ダ,1000,右,晴,良,"1回 札幌 3日目 サラ系３歳以上 １勝クラス       牝[指] 定量 7頭 本賞金:800,320,200,120,80万円",7,800.0,,1,3,サウンドモリアーナ,,,,-,,-,,,,-,-,,,
202501010307,2025-08-02,札幌,7,3歳以上1勝クラス,芝,1800,右,晴,良,"1回 札幌 3日目 サラ系３歳以上 １勝クラス       [指] 定量 10頭 本賞金:800,320,200,120,80万円",10,800.0,1,7,7,ハートメテオ,牝,3,53.0,鮫島駿,106.6,,1,1.8,34.6,3-3-3-3,栗東 笹田,444,2,
202501010307,2025-08-02,札幌,7,3歳以上1勝クラス,芝,1800,右,晴,良,"1回 札幌 3日目 サラ系３歳以上 １勝クラス       [指] 定量 10頭 本賞金:800,320,200,120,80万円",10,800.0,2,8,10,シンゼンカガ,牡,3,55.0,武豊,106.7,クビ,3,8.0,34.5,6-6-6-6,栗東 荒川,442,-4,
202501010307,2025-08-02,札幌,7,3歳以上1勝クラス,芝,1800,右,晴,良,"1回 札幌 3日目 サラ系３歳以上 １勝クラス       [指] 定量 10頭 本賞金:800,320,200,120,80万円",10,800.0,3,6,6,ハニードレス,牝,3,53.0,佐々木,106.9,1.1/4,4,8.4,35.1,2-2-2-2,美浦 牧,438,-2,
202501010307,2025-08-02,札幌,7,3歳以上1勝クラス,芝,1800,右,晴,良,"1回 札幌 3日目 サラ系３歳以上 １勝クラス       [指] 定量 10頭 本賞金:800,320,200,120,80万円",10,800.0,4,3,3,ツーエムクロノス,牡,3,54.0,☆松本,107.3,2.1/2,7,36.1,35.6,1-1-1-1,栗東 本田,506,-2,
202501010307,2025-08-02,札幌,7,3歳以上1勝クラス,芝,1800,右,晴,良,"1回 札幌 3日目 サラ系３歳以上 １勝クラス       [指] 定量 10頭 本賞金:800,320,200,120,80万円",10,800.0,5,5,5,モアリジット,牡,4,55.0,▲森田,107.4,1,8,77.6,35.4,3-3-3-4,栗東 西村,492,-2,
202501010307,2025-08-02,札幌,7,3歳以上1勝クラス,芝,1800,右,晴,良,"1回 札幌 3日目 サラ系３歳以上 １勝クラス       [指] 定量 10頭 本賞金:800,320,200,120,80万円",10,800.0,6,1,1,シアブリス,牝,4,56.0,丹内,108.2,5,6,11.0,36.2,3-3-3-4,美浦 黒岩,446,6,
202501010307,2025-08-02,札幌,7,3歳以上1勝クラス,芝,1800,右,晴,良,"1回 札幌 3日目 サラ系３歳以上 １勝クラス       [指] 定量 10頭 本賞金:800,320,200,120,80万円",10,800.0,7,2,2,コンフォルツァ,牡,3,55.0,横山典,108.2,クビ,2,4.9,34.9,7-7-8-8,栗東 松永幹,494,12,
202501010307,2025-08-02,札幌,7,3歳以上1勝クラス,芝,1800,右,晴,良,"1回 札幌 3日目 サラ系３歳以上 １勝クラス       [指] 定量 10頭 本賞金:800,320,200,120,80万円",10,800.0,8,7,8,ブラックバラード,セ,4,58.0,菱田,108.2,ハナ,10,145.9,35.7,7-7-7-7,美浦 嘉藤,442,-4,
202501010307,2025-08-02,札幌,7,3歳以上1勝クラス,芝,1800,右,晴,良,"1回 札幌 3日目 サラ系３歳以上 １勝クラス       [指] 定量 10頭 本賞金:800,320,200,120,80万円",10,800.0,9,4,4,スピンザブラッド,牡,4,58.0,横山武,108.3,クビ,5,8.7,34.5,9-9-10-10,美浦 萩原,436,0,
202501010307,2025-08-02,札幌,7,3歳以上1勝クラス,芝,1800,右,晴,良,"1回 札幌 3日目 サラ系３歳以上 １勝クラス       [指] 定量 10頭 本賞金:800,320,200,120,80万円",10,800.0,10,8,9,スペシャルバニー,牝,3,53.0,斎藤,108.7,2.1/2,9,105.2,35.3,9-9-8-9,美浦 田村,400,-4,
202501010307,2025-08-02,札幌,7,3歳以上1勝クラス,芝,1800,右,晴,良,"1回 札幌 3日目 サラ系３歳以上 １勝クラス       [指] 定量 10頭 本賞金:800,320,200,120,80万円",10,800.0,,1,7,ハートメテオ,,,92.0,95,,13.1,3,11.6,3.0,11.7,3,,,
202501010307,2025-08-02,札幌,7,3歳以上1勝クラス,芝,1800,右,晴,良,"1回 札幌 3日目 サラ系３歳以上 １勝クラス       [指] 定量 10頭 本賞金:800,320,200,120,80万円",10,800.0,,1,7,ハートメテオ,,,,-,,-,,,,-,-,,,
202501010308,2025-08-02,札幌,8,3歳以上1勝クラス,ダ,1700,右,晴,良,"1回 札幌 3日目 サラ系３歳以上 １勝クラス       (混)(特指) 定量 11頭 本賞金:800,320,200,120,80万円",11,800.0,1,7,8,リアライズカミオン,牡,3,55.0,キング,105.4,,1,1.6,37.9,3-3-2-1,美浦 堀,510,-2,
202501010308,2025-08-02,札幌,8,3歳以上1勝クラス,ダ,1700,右,晴,良,"1回 札幌 3日目 サラ系３歳以上 １勝クラス       (混)(特指) 定量 11頭 本賞金:800,320,200,120,80万円",11,800.0,2,3,3,タマモジャスミン,牝,3,50.0,▲森田,106.0,3.1/2,2,5.7,38.7,1-1-1-2,栗東 大橋,506,0,
202501010308,2025-08-02,札幌,8,3歳以上1勝クラス,ダ,1700,右,晴,良,"1回 札幌 3日目 サラ系３歳以上 １勝クラス       (混)(特指) 定量 11頭 本賞金:800,320,200,120,80万円",11,800.0,3,8,10,ララエキリーブル,牡,3,55.0,古川吉,106.1,3/4,4,11.1,38.2,6-5-6-4,栗東 坂口,444,8,
202501010308,2025-08-02,札幌,8,3歳以上1勝クラス,ダ,1700,右,晴,良,"1回 札幌 3日目 サラ系３歳以上 １勝クラス       (混)(特指) 定量 11頭 本賞金:800,320,200,120,80万円",11,800.0,4,6,7,ニシノブレイゼスト,牡,3,55.0,池添,106.4,2,5,17.5,38.4,8-8-8-5,美浦 高木,496,2,
202501010308,2025-08-02,札幌,8,3歳以上1勝クラス,ダ,1700,右,晴,良,"1回 札幌 3日目 サラ系３歳以上 １勝クラス       (混)(特指) 定量 11頭 本賞金:800,320,200,120,80万円",11,800.0,5,6,6,シーリュウシー,牡,4,58.0,鮫島駿,106.6,1.1/4,6,22.3,37.8,11-11-11-11,栗東 岡田,500,0,
202501010308,2025-08-02,札幌,8,3歳以上1勝クラス,ダ,1700,右,晴,良,"1回 札幌 3日目 サラ系３歳以上 １勝クラス       (混)(特指) 定量 11頭 本賞金:800,320,200,120,80万円",11,800.0,6,8,11,ハイケンス,牡,4,58.0,佐々木,106.9,1.1/2,10,50.1,39.5,2-2-2-3,栗東 今野,464,-6,
202501010308,2025-08-02,札幌,8,3歳以上1勝クラス,ダ,1700,右,晴,良,"1回 札幌 3日目 サラ系３歳以上 １勝クラス       (混)(特指) 定量 11頭 本賞金:800,320,200,120,80万円",11,800.0,7,5,5,スパークインザアイ,セ,8,58.0,横山琉,107.1,1.1/4,11,90.9,39.0,9-9-10-8,美浦 小島,484,-4,
202501010308,2025-08-02,札幌,8,3歳以上1勝クラス,ダ,1700,右,晴,良,"1回 札幌 3日目 サラ系３歳以上 １勝クラス       (混)(特指) 定量 11頭 本賞金:800,320,200,120,80万円",11,800.0,8,7,9,ファイヤーウィップ,牡,4,57.0,☆松本,107.1,アタマ,8,23.0,39.1,7-7-8-9,栗東 吉田,504,-15,
202501010308,2025-08-02,札幌,8,3歳以上1勝クラス,ダ,1700,右,晴,良,"1回 札幌 3日目 サラ系３歳以上 １勝クラス       (混)(特指) 定量 11頭 本賞金:800,320,200,120,80万円",11,800.0,9,4,4,スノーホルンロード,セ,6,55.0,▲舟山,107.3,3/4,7,22.3,39.4,5-5-6-9,美浦 清水英,512,0,
202501010308,2025-08-02,札幌,8,3歳以上1勝クラス,ダ,1700,右,晴,良,"1回 札幌 3日目 サラ系３歳以上 １勝クラス       (混)(特指) 定量 11頭 本賞金:800,320,200,120,80万円",11,800.0,10,1,1,グレイスフルマーチ,牡,3,55.0,丹内,107.3,クビ,3,8.0,39.7,3-3-4-5,栗東 中村,444,-12,
202501010308,2025-08-02,札幌,8,3歳以上1勝クラス,ダ,1700,右,晴,良,"1回 札幌 3日目 サラ系３歳以上 １勝クラス       (混)(特指) 定量 11頭 本賞金:800,320,200,120,80万円",11,800.0,11,2,2,ピリカサンライズ,牝,3,50.0,▲小林美,107.6,1.1/2,9,37.7,39.8,10-9-5-5,栗東 牧浦,436,-10,
202501010308,2025-08-02,札幌,8,3歳以上1勝クラス,ダ,1700,右,晴,良,"1回 札幌 3日目 サラ系３歳以上 １勝クラス       (混)(特指) 定量 11頭 本賞金:800,320,200,120,80万円",11,800.0,,1,8,リアライズカミオン,,,98.0,96,,7.1,10,11.3,3.0,12.1,2,,,
202501010308,2025-08-02,札幌,8,3歳以上1勝クラス,ダ,1700,右,晴,良,"1回 札幌 3日目 サラ系３歳以上 １勝クラス       (混)(特指) 定量 11頭 本賞金:800,320,200,120,80万円",11,800.0,,1,8,リアライズカミオン,,,,-,,-,,,,-,-,,,
202501010309,2025-08-02,札幌,9,3歳以上1勝クラス,芝,1200,右,晴,良,"1回 札幌 3日目 サラ系３歳以上 １勝クラス       (混)(特指) 定量 10頭 本賞金:800,320,200,120,80万円",10,800.0,1,8,9,ルシード,牡,3,56.0,浜中,67.9,,4,6.7,34.6,2-2,美浦 田島,508,2,
202501010309,2025-08-02,札幌,9,3歳以上1勝クラス,芝,1200,右,晴,良,"1回 札幌 3日目 サラ系３歳以上 １勝クラス       (混)(特指) 定量 10頭 本賞金:800,320,200,120,80万円",10,800.0,2,6,6,パッシングシャワー,牡,4,55.0,▲小林美,68.6,4,5,9.4,35.0,3-3,栗東 安田,510,2,
202501010309,2025-08-02,札幌,9,3歳以上1勝クラス,芝,1200,右,晴,良,"1回 札幌 3日目 サラ系３歳以上 １勝クラス       (混)(特指) 定量 10頭 本賞金:800,320,200,120,80万円",10,800.0,3,2,2,クインズスピカ,牝,4,53.0,▲舟山,68.8,1.1/4,3,4.9,35.2,3-3,美浦 村田,470,-8,
202501010309,2025-08-02,札幌,9,3歳以上1勝クラス,芝,1200,右,晴,良,"1回 札幌 3日目 サラ系３歳以上 １勝クラス       (混)(特指) 定量 10頭 本賞金:800,320,200,120,80万円",10,800.0,4,3,3,マジカルシャイン,牝,3,54.0,武豊,68.8,ハナ,2,4.6,35.1,6-5,栗東 武英,486,-6,
202501010309,2025-08-02,札幌,9,3歳以上1勝クラス,芝,1200,右,晴,良,"1回 札幌 3日目 サラ系３歳以上 １勝クラス       (混)(特指) 定量 10頭 本賞金:800,320,200,120,80万円",10,800.0,5,4,4,テイクイットオール,牡,3,53.0,▲柴田裕,69.1,1.3/4,8,31.8,35.1,8-8,栗東 中竹,448,-2,
202501010309,2025-08-02,札幌,9,3歳以上1勝クラス,芝,1200,右,晴,良,"1回 札幌 3日目 サラ系３歳以上 １勝クラス       (混)(特指) 定量 10頭 本賞金:800,320,200,120,80万円",10,800.0,6,1,1,テリオスルル,牝,4,56.0,古川吉,69.2,1/2,6,10.2,34.9,10-10,美浦 田島,472,-6,
202501010309,2025-08-02,札幌,9,3歳以上1勝クラス,芝,1200,右,晴,良,"1回 札幌 3日目 サラ系３歳以上 １勝クラス       (混)(特指) 定量 10頭 本賞金:800,320,200,120,80万円",10,800.0,7,7,8,スピニングマーリン,牝,5,56.0,丹内,69.3,3/4,9,92.1,35.6,6-7,美浦 西田,496,2,
202501010309,2025-08-02,札幌,9,3歳以上1勝クラス,芝,1200,右,晴,良,"1回 札幌 3日目 サラ系３歳以上 １勝クラス       (混)(特指) 定量 10頭 本賞金:800,320,200,120,80万円",10,800.0,8,5,5,アルマロクザン,牝,5,56.0,松岡,69.4,クビ,10,131.7,35.4,8-8,美浦 伊藤伸,476,0,
202501010309,2025-08-02,札幌,9,3歳以上1勝クラス,芝,1200,右,晴,良,"1回 札幌 3日目 サラ系３歳以上 １勝クラス       (混)(特指) 定量 10頭 本賞金:800,320,200,120,80万円",10,800.0,9,8,10,ジャスパーディビネ,牡,3,53.0,▲和田陽,69.5,1/2,1,2.5,36.2,1-1,栗東 森秀,518,-2,
202501010309,2025-08-02,札幌,9,3歳以上1勝クラス,芝,1200,右,晴,良,"1回 札幌 3日目 サラ系３歳以上 １勝クラス       (混)(特指) 定量 10頭 本賞金:800,320,200,120,80万円",10,800.0,10,7,7,ドランクマン,牡,4,58.0,キング,69.9,2.1/2,7,22.5,36.3,3-5,栗東 新谷,464,6,
202501010309,2025-08-02,札幌,9,3歳以上1勝クラス,芝,1200,右,晴,良,"1回 札幌 3日目 サラ系３歳以上 １勝クラス       (混)(特指) 定量 10頭 本賞金:800,320,200,120,80万円",10,800.0,,1,9,ルシード,,,103.0,103,,12.1,9,10.3,5.0,10.9,2,,,
202501010309,2025-08-02,札幌,9,3歳以上1勝クラス,芝,1200,右,晴,良,"1回 札幌 3日目 サラ系３歳以上 １勝クラス       (混)(特指) 定量 10頭 本賞金:800,320,200,120,80万円",10,800.0,,1,9,ルシード,,,,-,,-,,,,-,-,,,
202501010310,2025-08-02,札幌,10,釧路湿原特別,芝,1800,右,晴,良,"1回 札幌 3日目 サラ系３歳以上 ２勝クラス       (混)(特指) 定量 14頭 本賞金:1550,620,390,230,155万円",14,1550.0,1,8,13,リラボニート,牝,4,56.0,藤岡佑,107.1,,2,4.0,34.8,10-11-9-6,栗東 須貝,466,0,
202501010310,2025-08-02,札幌,10,釧路湿原特別,芝,1800,右,晴,良,"1回 札幌 3日目 サラ系３歳以上 ２勝クラス       (混)(特指) 定量 14頭 本賞金:1550,620,390,230,155万円",14,1550.0,2,8,14,ロードマンハイム,牡,5,58.0,キング,107.1,アタマ,6,14.9,34.6,12-14-13-8,栗東 友道,516,0,
202501010310,2025-08-02,札幌,10,釧路湿原特別,芝,1800,右,晴,良,"1回 札幌 3日目 サラ系３歳以上 ２勝クラス       (混)(特指) 定量 14頭 本賞金:1550,620,390,230,155万円",14,1550.0,3,4,5,ルクスジニア,牝,3,53.0,池添,107.1,クビ,1,2.4,35.5,1-1-1-1,栗東 平田,446,14,
202501010310,2025-08-02,札幌,10,釧路湿原特別,芝,1800,右,晴,良,"1回 札幌 3日目 サラ系３歳以上 ２勝クラス       (混)(特指) 定量 14頭 本賞金:1550,620,390,230,155万円",14,1550.0,4,5,8,ピンクジン,牝,5,56.0,黛,107.5,2.1/2,8,22.7,35.5,7-7-5-2,美浦 南田,438,0,
202501010310,2025-08-02,札幌,10,釧路湿原特別,芝,1800,右,晴,良,"1回 札幌 3日目 サラ系３歳以上 ２勝クラス       (混)(特指) 定量 14頭 本賞金:1550,620,390,230,155万円",14,1550.0,5,6,9,ジェットマグナム,牡,3,55.0,丹内,107.6,クビ,4,11.9,35.0,10-10-14-12,栗東 安達,496,10,
202501010310,2025-08-02,札幌,10,釧路湿原特別,芝,1800,右,晴,良,"1回 札幌 3日目 サラ系３歳以上 ２勝クラス       (混)(特指) 定量 14頭 本賞金:1550,620,390,230,155万円",14,1550.0,6,3,4,ウォータークラーク,牡,3,55.0,武豊,107.7,1/2,3,6.6,35.9,2-2-3-2,栗東 石橋,468,-6,
202501010310,2025-08-02,札幌,10,釧路湿原特別,芝,1800,右,晴,良,"1回 札幌 3日目 サラ系３歳以上 ２勝クラス       (混)(特指) 定量 14頭 本賞金:1550,620,390,230,155万円",14,1550.0,7,2,2,サクソンジェンヌ,牝,4,56.0,菱田,107.9,1.1/2,5,13.2,35.5,8-9-9-10,栗東 高橋忠,460,-4,
202501010310,2025-08-02,札幌,10,釧路湿原特別,芝,1800,右,晴,良,"1回 札幌 3日目 サラ系３歳以上 ２勝クラス       (混)(特指) 定量 14頭 本賞金:1550,620,390,230,155万円",14,1550.0,8,5,7,アラタマフェーヴル,牡,4,58.0,鮫島駿,108.0,クビ,9,25.6,35.6,12-11-9-12,栗東 浜田,494,2,
202501010310,2025-08-02,札幌,10,釧路湿原特別,芝,1800,右,晴,良,"1回 札幌 3日目 サラ系３歳以上 ２勝クラス       (混)(特指) 定量 14頭 本賞金:1550,620,390,230,155万円",14,1550.0,9,4,6,マイネルバーテクス,牡,4,58.0,佐々木,108.2,1.1/4,10,42.8,36.1,4-4-5-6,美浦 水野,512,-4,
202501010310,2025-08-02,札幌,10,釧路湿原特別,芝,1800,右,晴,良,"1回 札幌 3日目 サラ系３歳以上 ２勝クラス       (混)(特指) 定量 14頭 本賞金:1550,620,390,230,155万円",14,1550.0,10,1,1,ウインルピナス,牝,5,56.0,松岡,108.4,1.1/2,12,53.0,36.3,4-4-5-8,美浦 鈴木伸,440,-8,
202501010310,2025-08-02,札幌,10,釧路湿原特別,芝,1800,右,晴,良,"1回 札幌 3日目 サラ系３歳以上 ２勝クラス       (混)(特指) 定量 14頭 本賞金:1550,620,390,230,155万円",14,1550.0,11,7,12,ビジューブリランテ,セ,7,58.0,古川吉,108.4,クビ,14,115.6,36.3,4-4-5-10,美浦 浅利,494,-4,
202501010310,2025-08-02,札幌,10,釧路湿原特別,芝,1800,右,晴,良,"1回 札幌 3日目 サラ系３歳以上 ２勝クラス       (混)(特指) 定量 14頭 本賞金:1550,620,390,230,155万円",14,1550.0,12,7,11,マルカオペラ,牝,4,56.0,浜中,108.5,クビ,7,20.7,36.8,8-7-2-5,栗東 浜田,474,-6,
202501010310,2025-08-02,札幌,10,釧路湿原特別,芝,1800,右,晴,良,"1回 札幌 3日目 サラ系３歳以上 ２勝クラス       (混)(特指) 定量 14頭 本賞金:1550,620,390,230,155万円",14,1550.0,13,3,3,レッセパッセ,牝,4,56.0,斎藤,108.5,クビ,11,46.8,36.1,12-11-9-12,栗東 西園翔,394,6,
202501010310,2025-08-02,札幌,10,釧路湿原特別,芝,1800,右,晴,良,"1回 札幌 3日目 サラ系３歳以上 ２勝クラス       (混)(特指) 定量 14頭 本賞金:1550,620,390,230,155万円",14,1550.0,14,6,10,シャイニースイフト,牡,5,58.0,舟山,109.1,3.1/2,13,73.5,37.2,3-2-3-2,美浦 菊川,432,-2,
202501010310,2025-08-02,札幌,10,釧路湿原特別,芝,1800,右,晴,良,"1回 札幌 3日目 サラ系３歳以上 ２勝クラス       (混)(特指) 定量 14頭 本賞金:1550,620,390,230,155万円",14,1550.0,,1,13,リラボニート,,,87.0,88,,13.2,7,12.1,4.0,12.1,4,,,
202501010310,2025-08-02,札幌,10,釧路湿原特別,芝,1800,右,晴,良,"1回 札幌 3日目 サラ系３歳以上 ２勝クラス       (混)(特指) 定量 14頭 本賞金:1550,620,390,230,155万円",14,1550.0,,1,13,リラボニート,,,,-,,-,,,,-,-,,,
202501010311,2025-08-02,札幌,11,STV賞,芝,2000,右,晴,良,"1回 札幌 3日目 サラ系３歳以上 ３勝クラス       (混)[指] ハンデ 16頭 本賞金:1840,740,460,280,184万円",16,1840.0,1,7,13,エープラス,牝,7,54.0,横山武,120.2,,12,41.6,34.9,5-6-4-3,美浦 池上,492,-8,
202501010311,2025-08-02,札幌,11,STV賞,芝,2000,右,晴,良,"1回 札幌 3日目 サラ系３歳以上 ３勝クラス       (混)[指] ハンデ 16頭 本賞金:1840,740,460,280,184万円",16,1840.0,2,2,4,ハニーコム,牝,4,53.0,松岡,120.3,1/2,3,9.7,35.0,5-3-4-5,美浦 蛯名正,434,0,
202501010311,2025-08-02,札幌,11,STV賞,芝,2000,右,晴,良,"1回 札幌 3日目 サラ系３歳以上 ３勝クラス       (混)[指] ハンデ 16頭 本賞金:1840,740,460,280,184万円",16,1840.0,3,6,12,テーオーダグラス,牡,4,57.0,佐々木,120.3,ハナ,5,10.3,34.6,11-12-10-5,栗東 須貝,486,2,
202501010311,2025-08-02,札幌,11,STV賞,芝,2000,右,晴,良,"1回 札幌 3日目 サラ系３歳以上 ３勝クラス       (混)[指] ハンデ 16頭 本賞金:1840,740,460,280,184万円",16,1840.0,4,5,10,ラーンザロープス,牝,4,54.0,浜中,120.4,3/4,6,10.7,34.6,13-12-13-14,栗東 武幸,446,-16,
202501010311,2025-08-02,札幌,11,STV賞,芝,2000,右,晴,良,"1回 札幌 3日目 サラ系３歳以上 ３勝クラス       (混)[指] ハンデ 16頭 本賞金:1840,740,460,280,184万円",16,1840.0,5,4,8,ナムラフッカー,牡,4,56.0,武豊,120.5,1/2,7,10.8,34.5,14-14-14-8,栗東 長谷川,470,-4,
202501010311,2025-08-02,札幌,11,STV賞,芝,2000,右,晴,良,"1回 札幌 3日目 サラ系３歳以上 ３勝クラス       (混)[指] ハンデ 16頭 本賞金:1840,740,460,280,184万円",16,1840.0,6,6,11,アマイ,牝,5,55.0,丸田,120.5,クビ,11,40.5,35.5,1-1-1-1,美浦 伊藤大,464,4,
202501010311,2025-08-02,札幌,11,STV賞,芝,2000,右,晴,良,"1回 札幌 3日目 サラ系３歳以上 ３勝クラス       (混)[指] ハンデ 16頭 本賞金:1840,740,460,280,184万円",16,1840.0,7,3,5,ソリダリティ,牡,6,56.0,斎藤,120.5,ハナ,8,12.1,34.8,11-11-10-12,栗東 西園翔,514,-10,
202501010311,2025-08-02,札幌,11,STV賞,芝,2000,右,晴,良,"1回 札幌 3日目 サラ系３歳以上 ３勝クラス       (混)[指] ハンデ 16頭 本賞金:1840,740,460,280,184万円",16,1840.0,8,1,2,エラトー,牝,4,55.0,キング,120.5,アタマ,2,5.6,35.2,3-3-4-3,栗東 上村,502,4,
202501010311,2025-08-02,札幌,11,STV賞,芝,2000,右,晴,良,"1回 札幌 3日目 サラ系３歳以上 ３勝クラス       (混)[指] ハンデ 16頭 本賞金:1840,740,460,280,184万円",16,1840.0,8,8,16,フェミナフォルテ,牝,5,52.0,横山琉,120.5,アタマ,13,43.8,34.3,16-15-16-14,美浦 小島,426,4,
202501010311,2025-08-02,札幌,11,STV賞,芝,2000,右,晴,良,"1回 札幌 3日目 サラ系３歳以上 ３勝クラス       (混)[指] ハンデ 16頭 本賞金:1840,740,460,280,184万円",16,1840.0,10,2,3,ガジュノリ,牝,4,55.0,丹内,120.6,クビ,4,9.7,35.1,8-7-7-8,美浦 尾形,480,4,
202501010311,2025-08-02,札幌,11,STV賞,芝,2000,右,晴,良,"1回 札幌 3日目 サラ系３歳以上 ３勝クラス       (混)[指] ハンデ 16頭 本賞金:1840,740,460,280,184万円",16,1840.0,11,7,14,フェステスバント,牝,5,54.0,古川吉,120.8,1.1/4,10,28.5,35.7,2-2-2-2,栗東 藤岡,442,4,
202501010311,2025-08-02,札幌,11,STV賞,芝,2000,右,晴,良,"1回 札幌 3日目 サラ系３歳以上 ３勝クラス       (混)[指] ハンデ 16頭 本賞金:1840,740,460,280,184万円",16,1840.0,12,1,1,サトノクローク,牡,5,56.0,菱田,120.8,ハナ,9,21.7,35.3,8-7-7-8,栗東 橋口,478,-2,
202501010311,2025-08-02,札幌,11,STV賞,芝,2000,右,晴,良,"1回 札幌 3日目 サラ系３歳以上 ３勝クラス       (混)[指] ハンデ 16頭 本賞金:1840,740,460,280,184万円",16,1840.0,13,4,7,テリオスララ,牝,3,53.0,鮫島駿,121.1,2,1,3.1,35.7,5-7-7-8,美浦 田島,496,10,
202501010311,2025-08-02,札幌,11,STV賞,芝,2000,右,晴,良,"1回 札幌 3日目 サラ系３歳以上 ３勝クラス       (混)[指] ハンデ 16頭 本賞金:1840,740,460,280,184万円",16,1840.0,14,8,15,クレバーテースト,セ,6,55.0,吉田隼,121.4,1.3/4,14,55.0,36.2,3-3-3-5,栗東 佐藤悠,452,-12,
202501010311,2025-08-02,札幌,11,STV賞,芝,2000,右,晴,良,"1回 札幌 3日目 サラ系３歳以上 ３勝クラス       (混)[指] ハンデ 16頭 本賞金:1840,740,460,280,184万円",16,1840.0,15,5,9,アスクオンディープ,セ,6,54.0,古川奈,121.4,アタマ,16,198.2,35.8,8-10-10-12,栗東 前川,496,12,
202501010311,2025-08-02,札幌,11,STV賞,芝,2000,右,晴,良,"1回 札幌 3日目 サラ系３歳以上 ３勝クラス       (混)[指] ハンデ 16頭 本賞金:1840,740,460,280,184万円",16,1840.0,16,3,6,ショーモン,セ,5,53.0,荻野琢,122.9,9,15,170.6,36.8,15-15-15-16,栗東 東田,496,14,
202501010311,2025-08-02,札幌,11,STV賞,芝,2000,右,晴,良,"1回 札幌 3日目 サラ系３歳以上 ３勝クラス       (混)[指] ハンデ 16頭 本賞金:1840,740,460,280,184万円",16,1840.0,,1,13,エープラス,,,92.0,84,,12.9,7,11.5,4.0,12.3,4,,,
202501010311,2025-08-02,札幌,11,STV賞,芝,2000,右,晴,良,"1回 札幌 3日目 サラ系３歳以上 ３勝クラス       (混)[指] ハンデ 16頭 本賞金:1840,740,460,280,184万円",16,1840.0,,1,13,エープラス,,,,-,,-,,,,-,-,,,
202501010312,2025-08-02,札幌,12,大倉山特別,ダ,1700,右,晴,良,"1回 札幌 3日目 サラ系３歳以上 ２勝クラス       牝[指] 定量 14頭 本賞金:1550,620,390,230,155万円",14,1550.0,1,7,11,スマートケープ,牝,5,56.0,菱田,104.6,,3,5.6,36.6,2-2-2-2,栗東 辻野,512,10,
202501010312,2025-08-02,札幌,12,大倉山特別,ダ,1700,右,晴,良,"1回 札幌 3日目 サラ系３歳以上 ２勝クラス       牝[指] 定量 14頭 本賞金:1550,620,390,230,155万円",14,1550.0,2,3,4,オールマキシマム,牝,5,56.0,小林脩,105.8,7,4,7.2,37.0,14-12-10-8,美浦 奥平,450,-6,
202501010312,2025-08-02,札幌,12,大倉山特別,ダ,1700,右,晴,良,"1回 札幌 3日目 サラ系３歳以上 ２勝クラス       牝[指] 定量 14頭 本賞金:1550,620,390,230,155万円",14,1550.0,3,1,1,ベルギューン,牝,3,53.0,キング,105.8,ハナ,2,4.5,37.9,1-1-1-1,栗東 牧浦,482,-4,
202501010312,2025-08-02,札幌,12,大倉山特別,ダ,1700,右,晴,良,"1回 札幌 3日目 サラ系３歳以上 ２勝クラス       牝[指] 定量 14頭 本賞金:1550,620,390,230,155万円",14,1550.0,4,6,10,サツキノジョウ,牝,4,56.0,丹内,105.9,1/2,10,38.5,37.4,9-9-6-5,美浦 武井,446,-10,
202501010312,2025-08-02,札幌,12,大倉山特別,ダ,1700,右,晴,良,"1回 札幌 3日目 サラ系３歳以上 ２勝クラス       牝[指] 定量 14頭 本賞金:1550,620,390,230,155万円",14,1550.0,5,7,12,ヤマニンバロネス,牝,3,53.0,武豊,105.9,アタマ,1,2.9,37.5,7-7-6-5,栗東 千田,472,18,
202501010312,2025-08-02,札幌,12,大倉山特別,ダ,1700,右,晴,良,"1回 札幌 3日目 サラ系３歳以上 ２勝クラス       牝[指] 定量 14頭 本賞金:1550,620,390,230,155万円",14,1550.0,6,4,5,メイショウリリー,牝,4,56.0,藤懸,106.0,1,8,23.9,36.6,13-14-14-12,栗東 高橋忠,446,6,
202501010312,2025-08-02,札幌,12,大倉山特別,ダ,1700,右,晴,良,"1回 札幌 3日目 サラ系３歳以上 ２勝クラス       牝[指] 定量 14頭 本賞金:1550,620,390,230,155万円",14,1550.0,7,5,7,カプラローラ,牝,6,56.0,藤岡佑,106.0,ハナ,6,10.9,36.9,12-12-13-9,美浦 菊沢,484,2,
202501010312,2025-08-02,札幌,12,大倉山特別,ダ,1700,右,晴,良,"1回 札幌 3日目 サラ系３歳以上 ２勝クラス       牝[指] 定量 14頭 本賞金:1550,620,390,230,155万円",14,1550.0,8,2,2,グレイスオブゴッド,牝,5,56.0,古川吉,106.4,2,13,128.5,37.5,9-9-10-9,栗東 緒方,486,8,
202501010312,2025-08-02,札幌,12,大倉山特別,ダ,1700,右,晴,良,"1回 札幌 3日目 サラ系３歳以上 ２勝クラス       牝[指] 定量 14頭 本賞金:1550,620,390,230,155万円",14,1550.0,9,8,14,クォーツァイト,牝,4,56.0,斎藤,106.6,1.1/2,9,34.6,38.5,3-3-3-3,美浦 斎藤誠,466,-2,
202501010312,2025-08-02,札幌,12,大倉山特別,ダ,1700,右,晴,良,"1回 札幌 3日目 サラ系３歳以上 ２勝クラス       牝[指] 定量 14頭 本賞金:1550,620,390,230,155万円",14,1550.0,10,4,6,リアルクィーン,牝,3,53.0,佐々木,106.6,アタマ,7,19.8,38.3,5-5-5-5,栗東 石坂,456,0,
202501010312,2025-08-02,札幌,12,大倉山特別,ダ,1700,右,晴,良,"1回 札幌 3日目 サラ系３歳以上 ２勝クラス       牝[指] 定量 14頭 本賞金:1550,620,390,230,155万円",14,1550.0,11,6,9,メイショウタムシバ,牝,4,56.0,池添,106.7,クビ,5,9.2,38.5,3-3-3-4,栗東 飯田,422,-8,
202501010312,2025-08-02,札幌,12,大倉山特別,ダ,1700,右,晴,良,"1回 札幌 3日目 サラ系３歳以上 ２勝クラス       牝[指] 定量 14頭 本賞金:1550,620,390,230,155万円",14,1550.0,12,5,8,マフィン,牝,4,56.0,横山琉,107.0,1.1/2,12,124.8,38.3,7-7-8-9,美浦 大和田,434,24,
202501010312,2025-08-02,札幌,12,大倉山特別,ダ,1700,右,晴,良,"1回 札幌 3日目 サラ系３歳以上 ２勝クラス       牝[指] 定量 14頭 本賞金:1550,620,390,230,155万円",14,1550.0,13,3,3,アンブロジアーナ,牝,6,56.0,原田和,107.9,5,14,271.7,39.2,5-5-8-13,美浦 上原博,424,2,
202501010312,2025-08-02,札幌,12,大倉山特別,ダ,1700,右,晴,良,"1回 札幌 3日目 サラ系３歳以上 ２勝クラス       牝[指] 定量 14頭 本賞金:1550,620,390,230,155万円",14,1550.0,14,8,13,ミレニアムヒロイン,牝,4,56.0,松本,108.6,4,11,76.6,39.7,9-9-10-13,美浦 池上,444,6,
202501010312,2025-08-02,札幌,12,大倉山特別,ダ,1700,右,晴,良,"1回 札幌 3日目 サラ系３歳以上 ２勝クラス       牝[指] 定量 14頭 本賞金:1550,620,390,230,155万円",14,1550.0,,1,11,スマートケープ,,,96.0,90,,6.9,9,11.7,2.0,12.5,2,,,
202501010312,2025-08-02,札幌,12,大倉山特別,ダ,1700,右,晴,良,"1回 札幌 3日目 サラ系３歳以上 ２勝クラス       牝[指] 定量 14頭 本賞金:1550,620,390,230,155万円",14,1550.0,,1,11,スマートケープ,,,,-,,-,,,,-,-,,,
202504020301,2025-08-02,新潟,1,3歳以上障害未勝利,障,2850,,晴,良,"2回 新潟 3日目 障害３歳以上 未勝利       (混) 定量 14頭 本賞金:840,340,210,130,84万円",14,840.0,1,8,14,ロードプレイヤー,牡,5,57.0,▲坂口,182.8,,2,4.8,12.8,6-3-2-2,美浦 尾形,454,-2,
202504020301,2025-08-02,新潟,1,3歳以上障害未勝利,障,2850,,晴,良,"2回 新潟 3日目 障害３歳以上 未勝利       (混) 定量 14頭 本賞金:840,340,210,130,84万円",14,840.0,2,7,11,ホウオウエクレール,牡,8,60.0,小牧加,183.6,5,1,2.0,12.9,1-1-1-1,栗東 宮,518,8,
202504020301,2025-08-02,新潟,1,3歳以上障害未勝利,障,2850,,晴,良,"2回 新潟 3日目 障害３歳以上 未勝利       (混) 定量 14頭 本賞金:840,340,210,130,84万円",14,840.0,3,4,6,ヴラディア,牡,6,60.0,上野,184.5,5,5,10.5,12.9,4-3-6-4,美浦 小西,480,-12,
202504020301,2025-08-02,新潟,1,3歳以上障害未勝利,障,2850,,晴,良,"2回 新潟 3日目 障害３歳以上 未勝利       (混) 定量 14頭 本賞金:840,340,210,130,84万円",14,840.0,4,6,9,アメリカンピース,セ,7,60.0,小坂,184.5,クビ,3,5.5,12.9,5-6-4-4,栗東 東田,458,2,
202504020301,2025-08-02,新潟,1,3歳以上障害未勝利,障,2850,,晴,良,"2回 新潟 3日目 障害３歳以上 未勝利       (混) 定量 14頭 本賞金:840,340,210,130,84万円",14,840.0,5,4,5,マグナレガリア,牡,4,60.0,五十嵐,185.1,3.1/2,4,8.3,13.0,3-3-3-3,美浦 相沢,484,0,
202504020301,2025-08-02,新潟,1,3歳以上障害未勝利,障,2850,,晴,良,"2回 新潟 3日目 障害３歳以上 未勝利       (混) 定量 14頭 本賞金:840,340,210,130,84万円",14,840.0,6,3,4,ダノンロッキー,牡,4,60.0,大江圭,185.9,5,6,20.7,13.0,8-8-9-8,美浦 萩原,496,-4,
202504020301,2025-08-02,新潟,1,3歳以上障害未勝利,障,2850,,晴,良,"2回 新潟 3日目 障害３歳以上 未勝利       (混) 定量 14頭 本賞金:840,340,210,130,84万円",14,840.0,7,5,7,コスモゴレアドール,牡,6,57.0,▲土田,186.2,1.1/2,8,44.3,13.1,9-8-7-6,美浦 土田,434,-4,
202504020301,2025-08-02,新潟,1,3歳以上障害未勝利,障,2850,,晴,良,"2回 新潟 3日目 障害３歳以上 未勝利       (混) 定量 14頭 本賞金:840,340,210,130,84万円",14,840.0,8,7,12,オーバーザドリーム,牡,5,60.0,小野寺,187.2,6,11,95.6,13.1,6-7-7-8,栗東 清水久,474,8,
202504020301,2025-08-02,新潟,1,3歳以上障害未勝利,障,2850,,晴,良,"2回 新潟 3日目 障害３歳以上 未勝利       (混) 定量 14頭 本賞金:840,340,210,130,84万円",14,840.0,9,3,3,ボルタドマール,セ,6,60.0,伴,188.4,7,10,68.7,13.2,2-2-4-6,美浦 黒岩,510,-8,
202504020301,2025-08-02,新潟,1,3歳以上障害未勝利,障,2850,,晴,良,"2回 新潟 3日目 障害３歳以上 未勝利       (混) 定量 14頭 本賞金:840,340,210,130,84万円",14,840.0,10,1,1,ブライテストドーン,セ,5,60.0,草野,188.5,クビ,12,104.8,13.2,10-10-10-10,美浦 田島,520,8,
202504020301,2025-08-02,新潟,1,3歳以上障害未勝利,障,2850,,晴,良,"2回 新潟 3日目 障害３歳以上 未勝利       (混) 定量 14頭 本賞金:840,340,210,130,84万円",14,840.0,11,5,8,リーゼントジャンボ,牡,7,57.0,▲水沼,191.1,大,13,133.3,13.4,11-11-11-11,美浦 小手川,540,24,
202504020301,2025-08-02,新潟,1,3歳以上障害未勝利,障,2850,,晴,良,"2回 新潟 3日目 障害３歳以上 未勝利       (混) 定量 14頭 本賞金:840,340,210,130,84万円",14,840.0,12,6,10,コガクボウ,セ,3,58.0,難波,191.5,2.1/2,14,317.9,13.4,12-12-11-11,美浦 金成,464,-8,
202504020301,2025-08-02,新潟,1,3歳以上障害未勝利,障,2850,,晴,良,"2回 新潟 3日目 障害３歳以上 未勝利       (混) 定量 14頭 本賞金:840,340,210,130,84万円",14,840.0,13,8,13,ザロック,セ,4,60.0,石神深,193.0,9,7,30.0,13.5,14-14-14-13,美浦 武井,470,-2,
202504020301,2025-08-02,新潟,1,3歳以上障害未勝利,障,2850,,晴,良,"2回 新潟 3日目 障害３歳以上 未勝利       (混) 定量 14頭 本賞金:840,340,210,130,84万円",14,840.0,14,2,2,シュガーコルト,セ,6,60.0,高田,194.4,9,9,57.6,13.6,13-13-13-13,栗東 宮地,512,6,
202504020302,2025-08-02,新潟,2,3歳未勝利,ダ,1800,左,晴,良,"2回 新潟 3日目 サラ系３歳 未勝利       馬齢 15頭 本賞金:560,220,140,84,56万円",15,560.0,1,6,11,レッドシュトラール,牡,3,57.0,丸山,115.2,,4,6.0,38.6,5-5-4-5,美浦 宮田,484,4,
202504020302,2025-08-02,新潟,2,3歳未勝利,ダ,1800,左,晴,良,"2回 新潟 3日目 サラ系３歳 未勝利       馬齢 15頭 本賞金:560,220,140,84,56万円",15,560.0,2,7,13,センジュコスモス,牝,3,55.0,内田博,115.5,2,5,8.3,39.1,2-2-3-3,美浦 南田,456,-2,
202504020302,2025-08-02,新潟,2,3歳未勝利,ダ,1800,左,晴,良,"2回 新潟 3日目 サラ系３歳 未勝利       馬齢 15頭 本賞金:560,220,140,84,56万円",15,560.0,3,3,5,アバレリュウ,牡,3,57.0,野中,115.5,アタマ,1,3.3,38.3,10-10-11-12,美浦 鈴木慎,490,-4,
202504020302,2025-08-02,新潟,2,3歳未勝利,ダ,1800,左,晴,良,"2回 新潟 3日目 サラ系３歳 未勝利       馬齢 15頭 本賞金:560,220,140,84,56万円",15,560.0,4,4,6,ヴァルトバーデン,牡,3,57.0,江田照,116.0,3,11,62.1,40.0,1-1-1-1,美浦 嘉藤,474,-4,
202504020302,2025-08-02,新潟,2,3歳未勝利,ダ,1800,左,晴,良,"2回 新潟 3日目 サラ系３歳 未勝利       馬齢 15頭 本賞金:560,220,140,84,56万円",15,560.0,5,2,2,ザタイムズ,牝,3,55.0,大野,116.2,1.1/4,7,21.9,39.3,11-10-7-8,美浦 萩原,448,0,
202504020302,2025-08-02,新潟,2,3歳未勝利,ダ,1800,左,晴,良,"2回 新潟 3日目 サラ系３歳 未勝利       馬齢 15頭 本賞金:560,220,140,84,56万円",15,560.0,6,7,12,フラッシュタイム,牡,3,57.0,菊沢,116.3,3/4,14,89.4,39.5,7-7-7-8,美浦 佐藤吉,516,0,
202504020302,2025-08-02,新潟,2,3歳未勝利,ダ,1800,左,晴,良,"2回 新潟 3日目 サラ系３歳 未勝利       馬齢 15頭 本賞金:560,220,140,84,56万円",15,560.0,7,2,3,レベチアミーゴ,牡,3,54.0,▲遠藤,116.4,クビ,12,87.0,39.0,13-12-12-10,美浦 千葉,488,-10,
202504020302,2025-08-02,新潟,2,3歳未勝利,ダ,1800,左,晴,良,"2回 新潟 3日目 サラ系３歳 未勝利       馬齢 15頭 本賞金:560,220,140,84,56万円",15,560.0,8,5,8,ミッキーサンズ,牡,3,57.0,原,116.7,2,13,88.8,39.1,12-12-13-13,美浦 萩原,470,4,
202504020302,2025-08-02,新潟,2,3歳未勝利,ダ,1800,左,晴,良,"2回 新潟 3日目 サラ系３歳 未勝利       馬齢 15頭 本賞金:560,220,140,84,56万円",15,560.0,9,1,1,サクラコーラル,牡,3,57.0,吉田豊,116.9,1.1/4,15,153.1,40.1,8-7-7-5,美浦 尾関,470,2,
202504020302,2025-08-02,新潟,2,3歳未勝利,ダ,1800,左,晴,良,"2回 新潟 3日目 サラ系３歳 未勝利       馬齢 15頭 本賞金:560,220,140,84,56万円",15,560.0,10,3,4,トンヤイビーン,牡,3,54.0,▲石田,117.3,2.1/2,8,21.9,40.8,2-2-4-4,美浦 辻,498,2,
202504020302,2025-08-02,新潟,2,3歳未勝利,ダ,1800,左,晴,良,"2回 新潟 3日目 サラ系３歳 未勝利       馬齢 15頭 本賞金:560,220,140,84,56万円",15,560.0,11,4,7,ファリードゥーン,牡,3,57.0,菅原明,117.4,クビ,2,4.3,39.0,15-15-15-15,美浦 高木,518,0,
202504020302,2025-08-02,新潟,2,3歳未勝利,ダ,1800,左,晴,良,"2回 新潟 3日目 サラ系３歳 未勝利       馬齢 15頭 本賞金:560,220,140,84,56万円",15,560.0,12,8,15,オンザバサラ,牡,3,57.0,杉原,117.5,1,10,51.3,40.5,8-9-10-10,美浦 大和田,472,0,
202504020302,2025-08-02,新潟,2,3歳未勝利,ダ,1800,左,晴,良,"2回 新潟 3日目 サラ系３歳 未勝利       馬齢 15頭 本賞金:560,220,140,84,56万円",15,560.0,13,6,10,トキノカンピオーネ,牡,3,57.0,戸崎圭,117.8,1.1/2,3,5.7,40.0,13-14-14-14,美浦 矢野,488,0,
202504020302,2025-08-02,新潟,2,3歳未勝利,ダ,1800,左,晴,良,"2回 新潟 3日目 サラ系３歳 未勝利       馬齢 15頭 本賞金:560,220,140,84,56万円",15,560.0,14,8,14,グールマン,牡,3,57.0,石橋脩,119.1,8,9,25.6,42.5,5-5-4-5,美浦 池上,524,-14,
202504020302,2025-08-02,新潟,2,3歳未勝利,ダ,1800,左,晴,良,"2回 新潟 3日目 サラ系３歳 未勝利       馬齢 15頭 本賞金:560,220,140,84,56万円",15,560.0,15,5,9,ガルガファルム,牡,3,57.0,三浦,120.9,大,6,16.4,44.7,2-2-2-2,美浦 稲垣,520,-12,
202504020302,2025-08-02,新潟,2,3歳未勝利,ダ,1800,左,晴,良,"2回 新潟 3日目 サラ系３歳 未勝利       馬齢 15頭 本賞金:560,220,140,84,56万円",15,560.0,,1,11,レッドシュトラール,,,91.0,82,,13.4,5,11.9,2.0,13.0,2,,,
202504020302,2025-08-02,新潟,2,3歳未勝利,ダ,1800,左,晴,良,"2回 新潟 3日目 サラ系３歳 未勝利       馬齢 15頭 本賞金:560,220,140,84,56万円",15,560.0,,1,11,レッドシュトラール,,,,-,,-,,,,-,-,,,
202504020303,2025-08-02,新潟,3,2歳未勝利,芝,1000,直線,晴,良,"2回 新潟 3日目 サラ系２歳 未勝利       馬齢 12頭 本賞金:560,220,140,84,56万円",12,560.0,1,4,4,プリティーミズホ,牝,2,55.0,三浦,55.2,,5,11.5,32.8,1,美浦 菊川,458,-6,
202504020303,2025-08-02,新潟,3,2歳未勝利,芝,1000,直線,晴,良,"2回 新潟 3日目 サラ系２歳 未勝利       馬齢 12頭 本賞金:560,220,140,84,56万円",12,560.0,2,8,12,エレクトロン,牡,2,55.0,杉原,55.8,4,7,12.9,33.0,6,美浦 佐藤吉,418,-4,
202504020303,2025-08-02,新潟,3,2歳未勝利,芝,1000,直線,晴,良,"2回 新潟 3日目 サラ系２歳 未勝利       馬齢 12頭 本賞金:560,220,140,84,56万円",12,560.0,3,6,7,ミルトハッピー,牡,2,55.0,菊沢,56.4,3.1/2,4,9.7,33.8,3,美浦 武市,468,-12,
202504020303,2025-08-02,新潟,3,2歳未勝利,芝,1000,直線,晴,良,"2回 新潟 3日目 サラ系２歳 未勝利       馬齢 12頭 本賞金:560,220,140,84,56万円",12,560.0,4,8,11,ミスエベレスト,牝,2,53.0,◇今村,56.6,1.1/2,3,9.2,33.6,8,美浦 伊坂,406,2,
202504020303,2025-08-02,新潟,3,2歳未勝利,芝,1000,直線,晴,良,"2回 新潟 3日目 サラ系２歳 未勝利       馬齢 12頭 本賞金:560,220,140,84,56万円",12,560.0,5,5,5,シンデレラリバティ,牝,2,55.0,岩部,56.6,ハナ,8,26.1,33.6,8,美浦 蛯名利,410,-10,
202504020303,2025-08-02,新潟,3,2歳未勝利,芝,1000,直線,晴,良,"2回 新潟 3日目 サラ系２歳 未勝利       馬齢 12頭 本賞金:560,220,140,84,56万円",12,560.0,6,7,10,メーテルリンク,牝,2,52.0,▲石神道,56.7,クビ,2,3.5,34.1,3,美浦 深山,416,4,
202504020303,2025-08-02,新潟,3,2歳未勝利,芝,1000,直線,晴,良,"2回 新潟 3日目 サラ系２歳 未勝利       馬齢 12頭 本賞金:560,220,140,84,56万円",12,560.0,7,1,1,シーキングザバース,牝,2,52.0,▲遠藤,56.7,ハナ,9,32.8,33.9,6,美浦 村田,432,-2,
202504020303,2025-08-02,新潟,3,2歳未勝利,芝,1000,直線,晴,良,"2回 新潟 3日目 サラ系２歳 未勝利       馬齢 12頭 本賞金:560,220,140,84,56万円",12,560.0,8,5,6,イイクニパッション,牡,2,55.0,内田博,56.7,ハナ,1,2.3,34.2,2,美浦 深山,484,-4,
202504020303,2025-08-02,新潟,3,2歳未勝利,芝,1000,直線,晴,良,"2回 新潟 3日目 サラ系２歳 未勝利       馬齢 12頭 本賞金:560,220,140,84,56万円",12,560.0,9,3,3,フレンドモナコ,牡,2,52.0,▲佐藤,56.7,ハナ,6,12.8,34.0,5,美浦 南田,420,-2,
202504020303,2025-08-02,新潟,3,2歳未勝利,芝,1000,直線,晴,良,"2回 新潟 3日目 サラ系２歳 未勝利       馬齢 12頭 本賞金:560,220,140,84,56万円",12,560.0,10,7,9,メープルタフィー,牝,2,52.0,▲水沼,56.9,1,10,110.1,33.0,11,美浦 佐藤吉,402,2,
202504020303,2025-08-02,新潟,3,2歳未勝利,芝,1000,直線,晴,良,"2回 新潟 3日目 サラ系２歳 未勝利       馬齢 12頭 本賞金:560,220,140,84,56万円",12,560.0,11,2,2,マイントップスター,牡,2,52.0,▲石田,57.1,1.1/4,11,244.4,33.3,10,美浦 的場,408,2,
202504020303,2025-08-02,新潟,3,2歳未勝利,芝,1000,直線,晴,良,"2回 新潟 3日目 サラ系２歳 未勝利       馬齢 12頭 本賞金:560,220,140,84,56万円",12,560.0,12,6,8,トコトコリズム,牝,2,55.0,柴田大,58.9,大,12,274.5,34.5,12,美浦 粕谷,386,2,
202504020303,2025-08-02,新潟,3,2歳未勝利,芝,1000,直線,晴,良,"2回 新潟 3日目 サラ系２歳 未勝利       馬齢 12頭 本賞金:560,220,140,84,56万円",12,560.0,,1,4,プリティーミズホ,,,91.0,89,,12.1,20,10.3,22.0,10.5,22,,,
202504020303,2025-08-02,新潟,3,2歳未勝利,芝,1000,直線,晴,良,"2回 新潟 3日目 サラ系２歳 未勝利       馬齢 12頭 本賞金:560,220,140,84,56万円",12,560.0,,1,4,プリティーミズホ,,,,-,,-,,,,-,-,,,
202504020304,2025-08-02,新潟,4,2歳新馬,芝,1800,左,晴,良,"2回 新潟 3日目 サラ系２歳 新馬       (混) 馬齢 13頭 本賞金:750,300,190,110,75万円",13,750.0,1,4,5,アートバーゼル,牝,2,55.0,戸崎圭,107.8,,3,4.6,33.0,4-4,美浦 宮田,458,0,
202504020304,2025-08-02,新潟,4,2歳新馬,芝,1800,左,晴,良,"2回 新潟 3日目 サラ系２歳 新馬       (混) 馬齢 13頭 本賞金:750,300,190,110,75万円",13,750.0,2,4,4,パントルナイーフ,牡,2,55.0,ルメー,108.1,1.1/2,2,2.9,33.1,5-7,美浦 木村,510,0,
202504020304,2025-08-02,新潟,4,2歳新馬,芝,1800,左,晴,良,"2回 新潟 3日目 サラ系２歳 新馬       (混) 馬齢 13頭 本賞金:750,300,190,110,75万円",13,750.0,3,8,13,セキテイリノ,牡,2,55.0,江田照,108.4,2,10,111.3,33.9,1-1,美浦 田中剛,462,0,
202504020304,2025-08-02,新潟,4,2歳新馬,芝,1800,左,晴,良,"2回 新潟 3日目 サラ系２歳 新馬       (混) 馬齢 13頭 本賞金:750,300,190,110,75万円",13,750.0,4,8,12,ステラデラセーラ,牡,2,55.0,三浦,108.5,1/2,7,19.3,33.7,5-5,美浦 高柳瑞,500,0,
202504020304,2025-08-02,新潟,4,2歳新馬,芝,1800,左,晴,良,"2回 新潟 3日目 サラ系２歳 新馬       (混) 馬齢 13頭 本賞金:750,300,190,110,75万円",13,750.0,5,7,10,アンリミテッド,牡,2,55.0,石橋脩,108.8,2,5,12.8,33.6,8-8,栗東 高野,486,0,
202504020304,2025-08-02,新潟,4,2歳新馬,芝,1800,左,晴,良,"2回 新潟 3日目 サラ系２歳 新馬       (混) 馬齢 13頭 本賞金:750,300,190,110,75万円",13,750.0,6,6,8,マイネルシュラハト,牡,2,55.0,柴田大,109.3,3,9,60.9,33.9,11-10,美浦 畠山,484,0,
202504020304,2025-08-02,新潟,4,2歳新馬,芝,1800,左,晴,良,"2回 新潟 3日目 サラ系２歳 新馬       (混) 馬齢 13頭 本賞金:750,300,190,110,75万円",13,750.0,7,3,3,パレスノハレブタイ,牝,2,55.0,津村,109.4,1/2,11,112.9,34.7,3-3,美浦 鈴木伸,514,0,
202504020304,2025-08-02,新潟,4,2歳新馬,芝,1800,左,晴,良,"2回 新潟 3日目 サラ系２歳 新馬       (混) 馬齢 13頭 本賞金:750,300,190,110,75万円",13,750.0,8,6,9,フォルナックス,牝,2,55.0,北村友,109.5,3/4,1,2.6,34.8,2-2,栗東 奥村豊,472,0,
202504020304,2025-08-02,新潟,4,2歳新馬,芝,1800,左,晴,良,"2回 新潟 3日目 サラ系２歳 新馬       (混) 馬齢 13頭 本賞金:750,300,190,110,75万円",13,750.0,9,5,6,ジーティーソレイユ,牝,2,55.0,丸山,109.7,1.1/4,4,12.4,34.4,8-8,美浦 千葉,422,0,
202504020304,2025-08-02,新潟,4,2歳新馬,芝,1800,左,晴,良,"2回 新潟 3日目 サラ系２歳 新馬       (混) 馬齢 13頭 本賞金:750,300,190,110,75万円",13,750.0,10,1,1,マテンロウストーム,牡,2,55.0,荻野極,109.8,クビ,6,18.5,34.9,5-5,美浦 久保田,482,0,
202504020304,2025-08-02,新潟,4,2歳新馬,芝,1800,左,晴,良,"2回 新潟 3日目 サラ系２歳 新馬       (混) 馬齢 13頭 本賞金:750,300,190,110,75万円",13,750.0,11,2,2,ルミノヴァンクール,牡,2,55.0,菊沢,109.8,1/2,8,57.1,34.3,11-10,美浦 金成,534,0,
202504020304,2025-08-02,新潟,4,2歳新馬,芝,1800,左,晴,良,"2回 新潟 3日目 サラ系２歳 新馬       (混) 馬齢 13頭 本賞金:750,300,190,110,75万円",13,750.0,12,5,7,ハクシンスマイル,牝,2,52.0,▲石神道,111.7,大,12,243.7,36.3,8-10,美浦 和田雄,444,0,
202504020304,2025-08-02,新潟,4,2歳新馬,芝,1800,左,晴,良,"2回 新潟 3日目 サラ系２歳 新馬       (混) 馬齢 13頭 本賞金:750,300,190,110,75万円",13,750.0,,7,11,チャームドウイング,牡,2,55.0,菅原明,,,,,,,美浦 大竹,,,取消
202504020304,2025-08-02,新潟,4,2歳新馬,芝,1800,左,晴,良,"2回 新潟 3日目 サラ系２歳 新馬       (混) 馬齢 13頭 本賞金:750,300,190,110,75万円",13,750.0,,1,5,アートバーゼル,,,92.0,71,,12.6,5,11.3,4.0,11.5,4,,,
202504020304,2025-08-02,新潟,4,2歳新馬,芝,1800,左,晴,良,"2回 新潟 3日目 サラ系２歳 新馬       (混) 馬齢 13頭 本賞金:750,300,190,110,75万円",13,750.0,,1,5,アートバーゼル,,,,-,,-,,,,-,-,,,
202504020305,2025-08-02,新潟,5,3歳未勝利,ダ,1200,左,晴,良,"2回 新潟 3日目 サラ系３歳 未勝利       牝 馬齢 15頭 本賞金:560,220,140,84,56万円",15,560.0,1,2,2,ガールネクストドア,牝,3,55.0,杉原,72.4,,9,75.1,37.3,4-4,美浦 南田,442,-6,
202504020305,2025-08-02,新潟,5,3歳未勝利,ダ,1200,左,晴,良,"2回 新潟 3日目 サラ系３歳 未勝利       牝 馬齢 15頭 本賞金:560,220,140,84,56万円",15,560.0,2,5,9,ジュリスタ,牝,3,55.0,吉田豊,72.5,3/4,1,2.8,37.6,2-2,美浦 稲垣,454,-8,
202504020305,2025-08-02,新潟,5,3歳未勝利,ダ,1200,左,晴,良,"2回 新潟 3日目 サラ系３歳 未勝利       牝 馬齢 15頭 本賞金:560,220,140,84,56万円",15,560.0,3,8,14,マオノクラッシュ,牝,3,55.0,原,72.6,アタマ,4,6.2,37.4,4-4,美浦 黒岩,490,0,
202504020305,2025-08-02,新潟,5,3歳未勝利,ダ,1200,左,晴,良,"2回 新潟 3日目 サラ系３歳 未勝利       牝 馬齢 15頭 本賞金:560,220,140,84,56万円",15,560.0,4,4,7,シンフォニーシーズ,牝,3,55.0,菅原明,72.8,1.1/4,3,4.3,37.9,1-1,美浦 清水英,432,-2,
202504020305,2025-08-02,新潟,5,3歳未勝利,ダ,1200,左,晴,良,"2回 新潟 3日目 サラ系３歳 未勝利       牝 馬齢 15頭 本賞金:560,220,140,84,56万円",15,560.0,5,7,12,コオリナラグーン,牝,3,53.0,◇今村,72.9,3/4,2,4.1,37.9,2-3,美浦 古賀,428,4,
202504020305,2025-08-02,新潟,5,3歳未勝利,ダ,1200,左,晴,良,"2回 新潟 3日目 サラ系３歳 未勝利       牝 馬齢 15頭 本賞金:560,220,140,84,56万円",15,560.0,6,5,8,アミラジオネ,牝,3,52.0,▲水沼,73.2,1.3/4,5,14.8,38.0,4-6,美浦 西田,470,4,
202504020305,2025-08-02,新潟,5,3歳未勝利,ダ,1200,左,晴,良,"2回 新潟 3日目 サラ系３歳 未勝利       牝 馬齢 15頭 本賞金:560,220,140,84,56万円",15,560.0,7,6,10,インレット,牝,3,55.0,大野,73.8,3.1/2,11,95.1,38.3,8-7,美浦 鈴木慎,454,2,
202504020305,2025-08-02,新潟,5,3歳未勝利,ダ,1200,左,晴,良,"2回 新潟 3日目 サラ系３歳 未勝利       牝 馬齢 15頭 本賞金:560,220,140,84,56万円",15,560.0,8,7,13,フランシナテソーロ,牝,3,55.0,柴田大,74.0,1.1/2,8,38.2,38.7,7-7,美浦 畠山,450,-4,
202504020305,2025-08-02,新潟,5,3歳未勝利,ダ,1200,左,晴,良,"2回 新潟 3日目 サラ系３歳 未勝利       牝 馬齢 15頭 本賞金:560,220,140,84,56万円",15,560.0,9,1,1,ラヴィーズドリーム,牝,3,52.0,▲遠藤,74.2,3/4,6,15.0,37.2,13-12,美浦 伊藤伸,468,2,
202504020305,2025-08-02,新潟,5,3歳未勝利,ダ,1200,左,晴,良,"2回 新潟 3日目 サラ系３歳 未勝利       牝 馬齢 15頭 本賞金:560,220,140,84,56万円",15,560.0,10,4,6,エファルジェント,牝,3,55.0,菊沢,74.3,1/2,12,199.9,38.8,8-7,美浦 堀内,442,0,
202504020305,2025-08-02,新潟,5,3歳未勝利,ダ,1200,左,晴,良,"2回 新潟 3日目 サラ系３歳 未勝利       牝 馬齢 15頭 本賞金:560,220,140,84,56万円",15,560.0,11,6,11,フクチャンサクラ,牝,3,55.0,三浦,74.4,3/4,7,17.0,38.6,11-10,美浦 加藤征,490,14,
202504020305,2025-08-02,新潟,5,3歳未勝利,ダ,1200,左,晴,良,"2回 新潟 3日目 サラ系３歳 未勝利       牝 馬齢 15頭 本賞金:560,220,140,84,56万円",15,560.0,12,3,5,ルージュミネルバ,牝,3,55.0,石橋脩,74.7,2,10,86.2,37.3,15-15,美浦 尾関,438,-6,
202504020305,2025-08-02,新潟,5,3歳未勝利,ダ,1200,左,晴,良,"2回 新潟 3日目 サラ系３歳 未勝利       牝 馬齢 15頭 本賞金:560,220,140,84,56万円",15,560.0,13,3,4,サンパギータチャン,牝,3,52.0,▲佐藤,74.7,アタマ,15,321.4,37.7,13-14,美浦 杉浦,386,-6,
202504020305,2025-08-02,新潟,5,3歳未勝利,ダ,1200,左,晴,良,"2回 新潟 3日目 サラ系３歳 未勝利       牝 馬齢 15頭 本賞金:560,220,140,84,56万円",15,560.0,14,8,15,トレジャーハウス,牝,3,55.0,江田照,76.1,8,14,255.7,40.6,8-10,美浦 田中剛,382,2,
202504020305,2025-08-02,新潟,5,3歳未勝利,ダ,1200,左,晴,良,"2回 新潟 3日目 サラ系３歳 未勝利       牝 馬齢 15頭 本賞金:560,220,140,84,56万円",15,560.0,15,2,3,ベルツリー,牝,3,55.0,岩部,77.6,9,13,222.4,40.7,12-12,美浦 村田,428,-20,
202504020305,2025-08-02,新潟,5,3歳未勝利,ダ,1200,左,晴,良,"2回 新潟 3日目 サラ系３歳 未勝利       牝 馬齢 15頭 本賞金:560,220,140,84,56万円",15,560.0,,1,2,ガールネクストドア,,,100.0,94,,12.1,2,11.2,2.0,11.8,1,,,
202504020305,2025-08-02,新潟,5,3歳未勝利,ダ,1200,左,晴,良,"2回 新潟 3日目 サラ系３歳 未勝利       牝 馬齢 15頭 本賞金:560,220,140,84,56万円",15,560.0,,1,2,ガールネクストドア,,,,-,,-,,,,-,-,,,
202504020306,2025-08-02,新潟,6,五頭連峰特別,芝,1600,左,晴,良,"2回 新潟 3日目 サラ系３歳以上 １勝クラス       (混) 定量 15頭 本賞金:1110,440,280,170,111万円",15,1110.0,1,3,5,アンパドゥ,牡,4,58.0,ルメー,92.4,,1,2.6,32.4,5-5,美浦 木村,502,22,
202504020306,2025-08-02,新潟,6,五頭連峰特別,芝,1600,左,晴,良,"2回 新潟 3日目 サラ系３歳以上 １勝クラス       (混) 定量 15頭 本賞金:1110,440,280,170,111万円",15,1110.0,2,1,1,ダノンセンチュリー,牡,3,55.0,戸崎圭,92.4,クビ,2,4.3,32.3,8-7,美浦 萩原,464,4,
202504020306,2025-08-02,新潟,6,五頭連峰特別,芝,1600,左,晴,良,"2回 新潟 3日目 サラ系３歳以上 １勝クラス       (混) 定量 15頭 本賞金:1110,440,280,170,111万円",15,1110.0,3,5,9,ソニックライン,セ,4,58.0,荻野極,92.8,2.1/2,6,21.6,33.1,3-3,美浦 浅利,484,-10,
202504020306,2025-08-02,新潟,6,五頭連峰特別,芝,1600,左,晴,良,"2回 新潟 3日目 サラ系３歳以上 １勝クラス       (混) 定量 15頭 本賞金:1110,440,280,170,111万円",15,1110.0,4,6,10,フェンスブレイカー,牡,3,55.0,大野,92.9,3/4,9,41.8,33.6,1-1,美浦 田島,540,0,
202504020306,2025-08-02,新潟,6,五頭連峰特別,芝,1600,左,晴,良,"2回 新潟 3日目 サラ系３歳以上 １勝クラス       (混) 定量 15頭 本賞金:1110,440,280,170,111万円",15,1110.0,5,7,13,シャンクス,牡,3,55.0,菊沢,93.1,1.1/2,4,6.9,32.6,13-14,美浦 森一,490,0,
202504020306,2025-08-02,新潟,6,五頭連峰特別,芝,1600,左,晴,良,"2回 新潟 3日目 サラ系３歳以上 １勝クラス       (混) 定量 15頭 本賞金:1110,440,280,170,111万円",15,1110.0,6,5,8,クイーンズワーフ,牝,4,56.0,原,93.2,1/2,10,47.0,33.6,3-3,美浦 青木,458,4,
202504020306,2025-08-02,新潟,6,五頭連峰特別,芝,1600,左,晴,良,"2回 新潟 3日目 サラ系３歳以上 １勝クラス       (混) 定量 15頭 本賞金:1110,440,280,170,111万円",15,1110.0,7,2,3,カーラデマドレ,牝,3,53.0,杉原,93.3,クビ,8,28.0,33.5,5-5,美浦 宮田,474,4,
202504020306,2025-08-02,新潟,6,五頭連峰特別,芝,1600,左,晴,良,"2回 新潟 3日目 サラ系３歳以上 １勝クラス       (混) 定量 15頭 本賞金:1110,440,280,170,111万円",15,1110.0,8,3,4,カザンラク,牡,3,55.0,丸山,93.6,1.3/4,7,24.6,33.2,11-11,美浦 嘉藤,496,14,
202504020306,2025-08-02,新潟,6,五頭連峰特別,芝,1600,左,晴,良,"2回 新潟 3日目 サラ系３歳以上 １勝クラス       (混) 定量 15頭 本賞金:1110,440,280,170,111万円",15,1110.0,9,8,14,ドリーミングアップ,牡,4,58.0,吉田豊,93.6,クビ,3,5.7,33.5,13-11,美浦 高橋文,462,-6,
202504020306,2025-08-02,新潟,6,五頭連峰特別,芝,1600,左,晴,良,"2回 新潟 3日目 サラ系３歳以上 １勝クラス       (混) 定量 15頭 本賞金:1110,440,280,170,111万円",15,1110.0,10,8,15,ハードワーカー,牝,3,53.0,江田照,93.6,ハナ,11,86.9,34.1,2-2,美浦 竹内,460,-18,
202504020306,2025-08-02,新潟,6,五頭連峰特別,芝,1600,左,晴,良,"2回 新潟 3日目 サラ系３歳以上 １勝クラス       (混) 定量 15頭 本賞金:1110,440,280,170,111万円",15,1110.0,11,6,11,ダガーリング,牡,3,55.0,柴田大,93.9,1.1/2,13,217.1,33.5,12-11,美浦 和田雄,542,12,
202504020306,2025-08-02,新潟,6,五頭連峰特別,芝,1600,左,晴,良,"2回 新潟 3日目 サラ系３歳以上 １勝クラス       (混) 定量 15頭 本賞金:1110,440,280,170,111万円",15,1110.0,12,4,6,ダイユウハミルトン,牡,4,58.0,木幡育,93.9,クビ,12,130.8,33.6,10-10,美浦 松永康,490,2,
202504020306,2025-08-02,新潟,6,五頭連峰特別,芝,1600,左,晴,良,"2回 新潟 3日目 サラ系３歳以上 １勝クラス       (混) 定量 15頭 本賞金:1110,440,280,170,111万円",15,1110.0,13,2,2,レッドロスタム,牡,5,58.0,三浦,94.2,1.3/4,5,7.6,34.1,7-7,美浦 国枝,504,10,
202504020306,2025-08-02,新潟,6,五頭連峰特別,芝,1600,左,晴,良,"2回 新潟 3日目 サラ系３歳以上 １勝クラス       (混) 定量 15頭 本賞金:1110,440,280,170,111万円",15,1110.0,14,4,7,グラスビジョン,牡,3,55.0,内田博,94.8,4,14,307.4,34.7,8-7,美浦 佐藤吉,420,-2,
202504020306,2025-08-02,新潟,6,五頭連峰特別,芝,1600,左,晴,良,"2回 新潟 3日目 サラ系３歳以上 １勝クラス       (混) 定量 15頭 本賞金:1110,440,280,170,111万円",15,1110.0,,7,12,テンミラクルスター,牝,3,53.0,津村,,,,,,,美浦 辻,446,2,除外
202504020306,2025-08-02,新潟,6,五頭連峰特別,芝,1600,左,晴,良,"2回 新潟 3日目 サラ系３歳以上 １勝クラス       (混) 定量 15頭 本賞金:1110,440,280,170,111万円",15,1110.0,,1,5,アンパドゥ,,,87.0,87,,13.0,6,11.3,4.0,11.4,3,,,
202504020306,2025-08-02,新潟,6,五頭連峰特別,芝,1600,左,晴,良,"2回 新潟 3日目 サラ系３歳以上 １勝クラス       (混) 定量 15頭 本賞金:1110,440,280,170,111万円",15,1110.0,,1,5,アンパドゥ,,,,-,,-,,,,-,-,,,
202504020307,2025-08-02,新潟,7,柳都S,ダ,1800,左,晴,良,"2回 新潟 3日目 サラ系３歳以上 ３勝クラス       (混) ハンデ 15頭 本賞金:1840,740,460,280,184万円",15,1840.0,1,7,13,タクシンイメル,牝,4,53.0,高倉,111.5,,6,19.1,37.5,1-1-1-1,栗東 武英,486,2,
202504020307,2025-08-02,新潟,7,柳都S,ダ,1800,左,晴,良,"2回 新潟 3日目 サラ系３歳以上 ３勝クラス       (混) ハンデ 15頭 本賞金:1840,740,460,280,184万円",15,1840.0,2,7,12,デコラシオン,牡,6,57.0,ルメー,111.8,1.3/4,2,5.4,37.4,5-6-6-5,美浦 高木,518,2,
202504020307,2025-08-02,新潟,7,柳都S,ダ,1800,左,晴,良,"2回 新潟 3日目 サラ系３歳以上 ３勝クラス       (混) ハンデ 15頭 本賞金:1840,740,460,280,184万円",15,1840.0,3,6,11,ゴールドアローン,牝,4,54.0,菊沢,111.9,1/2,5,12.3,37.6,5-5-3-5,美浦 青木,466,6,
202504020307,2025-08-02,新潟,7,柳都S,ダ,1800,左,晴,良,"2回 新潟 3日目 サラ系３歳以上 ３勝クラス       (混) ハンデ 15頭 本賞金:1840,740,460,280,184万円",15,1840.0,4,5,8,フルオール,牡,6,57.0,大野,112.1,1.1/4,4,10.5,36.4,14-14-13-13,美浦 斎藤誠,474,-8,
202504020307,2025-08-02,新潟,7,柳都S,ダ,1800,左,晴,良,"2回 新潟 3日目 サラ系３歳以上 ３勝クラス       (混) ハンデ 15頭 本賞金:1840,740,460,280,184万円",15,1840.0,5,2,3,ウィンドフォール,牡,4,57.0,木幡巧,112.1,クビ,1,1.8,37.9,2-3-3-3,美浦 牧,480,6,
202504020307,2025-08-02,新潟,7,柳都S,ダ,1800,左,晴,良,"2回 新潟 3日目 サラ系３歳以上 ３勝クラス       (混) ハンデ 15頭 本賞金:1840,740,460,280,184万円",15,1840.0,6,1,1,オレデイイノカ,牡,7,54.0,内田博,112.6,3,13,101.1,38.1,5-6-7-7,美浦 古賀,510,8,
202504020307,2025-08-02,新潟,7,柳都S,ダ,1800,左,晴,良,"2回 新潟 3日目 サラ系３歳以上 ３勝クラス       (混) ハンデ 15頭 本賞金:1840,740,460,280,184万円",15,1840.0,7,2,2,メテオールライト,牝,5,54.0,丸山,112.7,クビ,10,58.6,38.1,9-9-8-7,美浦 萩原,434,6,
202504020307,2025-08-02,新潟,7,柳都S,ダ,1800,左,晴,良,"2回 新潟 3日目 サラ系３歳以上 ３勝クラス       (混) ハンデ 15頭 本賞金:1840,740,460,280,184万円",15,1840.0,8,6,10,エンセリオ,牝,4,53.0,荻野極,112.7,クビ,9,38.6,37.2,11-11-12-10,美浦 小笠,444,0,
202504020307,2025-08-02,新潟,7,柳都S,ダ,1800,左,晴,良,"2回 新潟 3日目 サラ系３歳以上 ３勝クラス       (混) ハンデ 15頭 本賞金:1840,740,460,280,184万円",15,1840.0,9,4,6,サノノエスポ,牝,5,52.0,原,113.0,2,8,37.6,37.1,11-13-14-14,美浦 中舘,466,6,
202504020307,2025-08-02,新潟,7,柳都S,ダ,1800,左,晴,良,"2回 新潟 3日目 サラ系３歳以上 ３勝クラス       (混) ハンデ 15頭 本賞金:1840,740,460,280,184万円",15,1840.0,10,3,4,クレメダンジュ,牝,5,53.0,石川,113.0,ハナ,11,67.7,37.8,13-11-9-9,栗東 鈴木孝,472,-2,
202504020307,2025-08-02,新潟,7,柳都S,ダ,1800,左,晴,良,"2回 新潟 3日目 サラ系３歳以上 ３勝クラス       (混) ハンデ 15頭 本賞金:1840,740,460,280,184万円",15,1840.0,11,8,14,シェットランド,牡,5,54.0,吉田豊,113.2,1,7,35.9,39.1,2-2-2-2,美浦 久保田,562,8,
202504020307,2025-08-02,新潟,7,柳都S,ダ,1800,左,晴,良,"2回 新潟 3日目 サラ系３歳以上 ３勝クラス       (混) ハンデ 15頭 本賞金:1840,740,460,280,184万円",15,1840.0,12,4,7,ユアフラッシュ,牝,5,53.0,川端,113.5,1.3/4,12,69.6,38.2,9-9-10-10,栗東 辻野,472,4,
202504020307,2025-08-02,新潟,7,柳都S,ダ,1800,左,晴,良,"2回 新潟 3日目 サラ系３歳以上 ３勝クラス       (混) ハンデ 15頭 本賞金:1840,740,460,280,184万円",15,1840.0,13,8,15,サトノアイオライト,牝,4,55.0,菅原明,114.2,4,3,6.6,40.0,2-3-3-3,栗東 吉村,488,-4,
202504020307,2025-08-02,新潟,7,柳都S,ダ,1800,左,晴,良,"2回 新潟 3日目 サラ系３歳以上 ３勝クラス       (混) ハンデ 15頭 本賞金:1840,740,460,280,184万円",15,1840.0,14,3,5,フジマサテイオー,牡,4,53.0,江田照,115.8,10,14,224.0,40.5,8-8-10-10,美浦 菊川,510,-2,
202504020307,2025-08-02,新潟,7,柳都S,ダ,1800,左,晴,良,"2回 新潟 3日目 サラ系３歳以上 ３勝クラス       (混) ハンデ 15頭 本賞金:1840,740,460,280,184万円",15,1840.0,,5,9,ジャスパーグレイト,牡,6,57.0,戸崎圭,,,,,,,栗東 森秀,,,取消
202504020307,2025-08-02,新潟,7,柳都S,ダ,1800,左,晴,良,"2回 新潟 3日目 サラ系３歳以上 ３勝クラス       (混) ハンデ 15頭 本賞金:1840,740,460,280,184万円",15,1840.0,,1,13,タクシンイメル,,,101.0,97,,12.8,3,11.2,1.0,12.6,1,,,
202504020307,2025-08-02,新潟,7,柳都S,ダ,1800,左,晴,良,"2回 新潟 3日目 サラ系３歳以上 ３勝クラス       (混) ハンデ 15頭 本賞金:1840,740,460,280,184万円",15,1840.0,,1,13,タクシンイメル,,,,-,,-,,,,-,-,,,
202504020308,2025-08-02,新潟,8,苗場特別,ダ,1800,左,晴,良,"2回 新潟 3日目 サラ系３歳以上 ２勝クラス       (混) 定量 12頭 本賞金:1550,620,390,230,155万円",12,1550.0,1,4,4,ピクシレーション,牝,5,56.0,菊沢,112.6,,2,4.0,37.8,5-3-3-4,美浦 菊沢,486,2,
202504020308,2025-08-02,新潟,8,苗場特別,ダ,1800,左,晴,良,"2回 新潟 3日目 サラ系３歳以上 ２勝クラス       (混) 定量 12頭 本賞金:1550,620,390,230,155万円",12,1550.0,2,2,2,ヴァナルガンド,牡,5,58.0,ルメー,113.1,3,1,3.3,38.1,4-6-5-4,美浦 稲垣,470,-2,
202504020308,2025-08-02,新潟,8,苗場特別,ダ,1800,左,晴,良,"2回 新潟 3日目 サラ系３歳以上 ２勝クラス       (混) 定量 12頭 本賞金:1550,620,390,230,155万円",12,1550.0,3,8,11,プライベートアイズ,牡,3,55.0,荻野極,113.1,クビ,3,4.3,38.2,5-5-5-4,美浦 萩原,490,-2,
202504020308,2025-08-02,新潟,8,苗場特別,ダ,1800,左,晴,良,"2回 新潟 3日目 サラ系３歳以上 ２勝クラス       (混) 定量 12頭 本賞金:1550,620,390,230,155万円",12,1550.0,4,5,6,インペリアルライン,セ,6,58.0,木幡巧,113.3,1.1/4,9,30.9,37.7,11-11-11-11,美浦 中舘,476,-8,
202504020308,2025-08-02,新潟,8,苗場特別,ダ,1800,左,晴,良,"2回 新潟 3日目 サラ系３歳以上 ２勝クラス       (混) 定量 12頭 本賞金:1550,620,390,230,155万円",12,1550.0,5,7,9,キャネル,牡,4,58.0,武藤,113.7,2,6,15.1,38.5,8-8-7-8,美浦 手塚久,496,2,
202504020308,2025-08-02,新潟,8,苗場特別,ダ,1800,左,晴,良,"2回 新潟 3日目 サラ系３歳以上 ２勝クラス       (混) 定量 12頭 本賞金:1550,620,390,230,155万円",12,1550.0,6,3,3,ビターゼノビア,牝,5,56.0,津村,113.9,1.1/4,11,90.4,38.5,10-10-10-8,美浦 手塚久,470,14,
202504020308,2025-08-02,新潟,8,苗場特別,ダ,1800,左,晴,良,"2回 新潟 3日目 サラ系３歳以上 ２勝クラス       (混) 定量 12頭 本賞金:1550,620,390,230,155万円",12,1550.0,7,8,12,アルファヒディ,セ,6,58.0,菅原明,114.1,1.1/4,5,7.3,39.4,3-3-3-2,栗東 石坂,480,-14,
202504020308,2025-08-02,新潟,8,苗場特別,ダ,1800,左,晴,良,"2回 新潟 3日目 サラ系３歳以上 ２勝クラス       (混) 定量 12頭 本賞金:1550,620,390,230,155万円",12,1550.0,8,5,5,アトラクティーボ,牡,6,58.0,石川,114.2,1/2,10,67.9,38.2,12-12-12-11,美浦 武藤,522,-4,
202504020308,2025-08-02,新潟,8,苗場特別,ダ,1800,左,晴,良,"2回 新潟 3日目 サラ系３歳以上 ２勝クラス       (混) 定量 12頭 本賞金:1550,620,390,230,155万円",12,1550.0,9,1,1,ウィンターダフネ,牝,5,56.0,大野,114.7,3,8,30.8,39.6,8-6-7-7,美浦 国枝,478,-2,
202504020308,2025-08-02,新潟,8,苗場特別,ダ,1800,左,晴,良,"2回 新潟 3日目 サラ系３歳以上 ２勝クラス       (混) 定量 12頭 本賞金:1550,620,390,230,155万円",12,1550.0,10,6,7,ユイノマチブセ,牡,5,58.0,木幡初,115.0,2,7,27.4,40.5,1-1-1-1,美浦 竹内,428,-14,
202504020308,2025-08-02,新潟,8,苗場特別,ダ,1800,左,晴,良,"2回 新潟 3日目 サラ系３歳以上 ２勝クラス       (混) 定量 12頭 本賞金:1550,620,390,230,155万円",12,1550.0,11,7,10,マーシヴィガラス,牡,5,58.0,江田照,116.0,6,12,211.6,40.8,5-8-7-10,美浦 的場,514,4,
202504020308,2025-08-02,新潟,8,苗場特別,ダ,1800,左,晴,良,"2回 新潟 3日目 サラ系３歳以上 ２勝クラス       (混) 定量 12頭 本賞金:1550,620,390,230,155万円",12,1550.0,12,6,8,ヴァルドルチャ,牡,4,58.0,原,117.5,9,4,6.9,42.9,2-2-2-2,美浦 田中博,474,26,
202504020308,2025-08-02,新潟,8,苗場特別,ダ,1800,左,晴,良,"2回 新潟 3日目 サラ系３歳以上 ２勝クラス       (混) 定量 12頭 本賞金:1550,620,390,230,155万円",12,1550.0,,1,4,ピクシレーション,,,95.0,99,,13.6,4,11.3,2.0,12.1,1,,,
202504020308,2025-08-02,新潟,8,苗場特別,ダ,1800,左,晴,良,"2回 新潟 3日目 サラ系３歳以上 ２勝クラス       (混) 定量 12頭 本賞金:1550,620,390,230,155万円",12,1550.0,,1,4,ピクシレーション,,,,-,,-,,,,-,-,,,
202504020309,2025-08-02,新潟,9,3歳以上障害OP,障,2850,,晴,良,"2回 新潟 3日目 障害３歳以上 オープン       (混) 別定 9頭 本賞金:1430,570,360,210,143万円",9,1430.0,1,7,7,プラチナドリーム,牡,6,60.0,石神深,183.1,,8,32.4,12.8,8-6-5-5,美浦 菊川,488,4,
202504020309,2025-08-02,新潟,9,3歳以上障害OP,障,2850,,晴,良,"2回 新潟 3日目 障害３歳以上 オープン       (混) 別定 9頭 本賞金:1430,570,360,210,143万円",9,1430.0,2,1,1,エンデュミオン,牡,8,59.0,▲鷲頭,183.3,1,1,2.9,12.9,5-3-2-2,栗東 清水久,472,0,
202504020309,2025-08-02,新潟,9,3歳以上障害OP,障,2850,,晴,良,"2回 新潟 3日目 障害３歳以上 オープン       (混) 別定 9頭 本賞金:1430,570,360,210,143万円",9,1430.0,3,8,8,モントライゼ,牡,7,60.0,高田,183.5,1.1/4,4,6.2,12.9,6-8-8-8,栗東 松永幹,520,-2,
202504020309,2025-08-02,新潟,9,3歳以上障害OP,障,2850,,晴,良,"2回 新潟 3日目 障害３歳以上 オープン       (混) 別定 9頭 本賞金:1430,570,360,210,143万円",9,1430.0,4,6,6,ビップランバン,牡,7,60.0,中村,183.5,ハナ,9,134.4,12.9,1-1-1-1,栗東 清水久,490,0,
202504020309,2025-08-02,新潟,9,3歳以上障害OP,障,2850,,晴,良,"2回 新潟 3日目 障害３歳以上 オープン       (混) 別定 9頭 本賞金:1430,570,360,210,143万円",9,1430.0,5,4,4,ウインチェレステ,牡,7,60.0,草野,184.1,3.1/2,3,6.0,12.9,2-2-3-3,美浦 畠山,514,-2,
202504020309,2025-08-02,新潟,9,3歳以上障害OP,障,2850,,晴,良,"2回 新潟 3日目 障害３歳以上 オープン       (混) 別定 9頭 本賞金:1430,570,360,210,143万円",9,1430.0,6,5,5,ブリエヴェール,牡,7,62.0,金子,184.2,1,6,14.6,12.9,9-8-5-5,美浦 小笠,456,-8,
202504020309,2025-08-02,新潟,9,3歳以上障害OP,障,2850,,晴,良,"2回 新潟 3日目 障害３歳以上 オープン       (混) 別定 9頭 本賞金:1430,570,360,210,143万円",9,1430.0,7,2,2,ブラビオ,牡,7,60.0,森一,184.3,クビ,7,28.6,12.9,4-5-7-7,栗東 緒方,474,-2,
202504020309,2025-08-02,新潟,9,3歳以上障害OP,障,2850,,晴,良,"2回 新潟 3日目 障害３歳以上 オープン       (混) 別定 9頭 本賞金:1430,570,360,210,143万円",9,1430.0,8,3,3,サルサロッサ,牝,6,58.0,伴,184.3,クビ,2,3.1,12.9,3-3-3-3,美浦 高柳瑞,462,4,
202504020309,2025-08-02,新潟,9,3歳以上障害OP,障,2850,,晴,良,"2回 新潟 3日目 障害３歳以上 オープン       (混) 別定 9頭 本賞金:1430,570,360,210,143万円",9,1430.0,9,8,9,トゥラッタッタ,牡,4,60.0,上野,185.8,9,5,7.8,13.0,6-6-9-9,美浦 新開,472,6,
202504020310,2025-08-02,新潟,10,3歳以上1勝クラス,ダ,1800,左,晴,良,"2回 新潟 3日目 サラ系３歳以上 １勝クラス       (混) 定量 13頭 本賞金:800,320,200,120,80万円",13,800.0,1,5,6,ファリーザ,牝,3,53.0,津村,112.6,,1,2.0,37.5,4-4-4-3,美浦 千葉,430,-2,
202504020310,2025-08-02,新潟,10,3歳以上1勝クラス,ダ,1800,左,晴,良,"2回 新潟 3日目 サラ系３歳以上 １勝クラス       (混) 定量 13頭 本賞金:800,320,200,120,80万円",13,800.0,2,7,10,カゼノタカトシ,牡,3,55.0,戸崎圭,113.1,3,4,6.6,38.2,2-2-2-2,美浦 久保田,480,10,
202504020310,2025-08-02,新潟,10,3歳以上1勝クラス,ダ,1800,左,晴,良,"2回 新潟 3日目 サラ系３歳以上 １勝クラス       (混) 定量 13頭 本賞金:800,320,200,120,80万円",13,800.0,3,4,4,カージオイド,牡,3,55.0,木幡巧,113.8,4,11,65.1,38.5,7-6-7-6,美浦 黒岩,506,4,
202504020310,2025-08-02,新潟,10,3歳以上1勝クラス,ダ,1800,左,晴,良,"2回 新潟 3日目 サラ系３歳以上 １勝クラス       (混) 定量 13頭 本賞金:800,320,200,120,80万円",13,800.0,4,6,9,ノーブルアクト,牝,5,53.0,▲水沼,113.8,クビ,8,37.0,38.3,7-8-8-8,美浦 上原博,506,4,
202504020310,2025-08-02,新潟,10,3歳以上1勝クラス,ダ,1800,左,晴,良,"2回 新潟 3日目 サラ系３歳以上 １勝クラス       (混) 定量 13頭 本賞金:800,320,200,120,80万円",13,800.0,5,5,7,ブルーゴールド,牡,5,58.0,野中,113.9,クビ,10,52.8,38.1,10-9-11-10,美浦 根本,528,0,
202504020310,2025-08-02,新潟,10,3歳以上1勝クラス,ダ,1800,左,晴,良,"2回 新潟 3日目 サラ系３歳以上 １勝クラス       (混) 定量 13頭 本賞金:800,320,200,120,80万円",13,800.0,6,6,8,アンクエンチャブル,セ,4,58.0,三浦,114.8,5,2,5.8,40.1,1-1-1-1,美浦 高柳瑞,526,2,
202504020310,2025-08-02,新潟,10,3歳以上1勝クラス,ダ,1800,左,晴,良,"2回 新潟 3日目 サラ系３歳以上 １勝クラス       (混) 定量 13頭 本賞金:800,320,200,120,80万円",13,800.0,7,3,3,プルシャプラ,牡,3,55.0,石橋脩,115.1,1.3/4,7,24.8,39.5,12-12-8-9,美浦 池上,510,4,
202504020310,2025-08-02,新潟,10,3歳以上1勝クラス,ダ,1800,左,晴,良,"2回 新潟 3日目 サラ系３歳以上 １勝クラス       (混) 定量 13頭 本賞金:800,320,200,120,80万円",13,800.0,8,4,5,メルシージュテーム,牝,3,53.0,菅原明,115.1,クビ,3,6.1,40.0,4-4-4-3,美浦 西田,458,4,
202504020310,2025-08-02,新潟,10,3歳以上1勝クラス,ダ,1800,左,晴,良,"2回 新潟 3日目 サラ系３歳以上 １勝クラス       (混) 定量 13頭 本賞金:800,320,200,120,80万円",13,800.0,9,2,2,プロスペクトパーク,牡,3,55.0,荻野極,115.3,1.1/2,5,11.5,40.1,6-6-6-6,美浦 高柳瑞,504,4,
202504020310,2025-08-02,新潟,10,3歳以上1勝クラス,ダ,1800,左,晴,良,"2回 新潟 3日目 サラ系３歳以上 １勝クラス       (混) 定量 13頭 本賞金:800,320,200,120,80万円",13,800.0,10,1,1,リヤンドゥミラクル,牝,4,56.0,吉田豊,115.9,3.1/2,12,133.8,39.5,12-13-13-13,美浦 和田勇,428,-4,
202504020310,2025-08-02,新潟,10,3歳以上1勝クラス,ダ,1800,左,晴,良,"2回 新潟 3日目 サラ系３歳以上 １勝クラス       (混) 定量 13頭 本賞金:800,320,200,120,80万円",13,800.0,11,7,11,ヴィーデ,牡,3,55.0,大野,116.3,2.1/2,6,17.4,41.3,3-3-3-3,美浦 戸田,472,2,
202504020310,2025-08-02,新潟,10,3歳以上1勝クラス,ダ,1800,左,晴,良,"2回 新潟 3日目 サラ系３歳以上 １勝クラス       (混) 定量 13頭 本賞金:800,320,200,120,80万円",13,800.0,12,8,12,トウタツ,牡,3,55.0,原,116.9,3.1/2,9,43.3,41.0,10-9-11-11,美浦 小手川,512,14,
202504020310,2025-08-02,新潟,10,3歳以上1勝クラス,ダ,1800,左,晴,良,"2回 新潟 3日目 サラ系３歳以上 １勝クラス       (混) 定量 13頭 本賞金:800,320,200,120,80万円",13,800.0,13,8,13,レゲエビーチ,牡,4,58.0,菊沢,117.5,3.1/2,13,148.6,41.9,9-9-8-11,美浦 斎藤誠,544,8,
202504020310,2025-08-02,新潟,10,3歳以上1勝クラス,ダ,1800,左,晴,良,"2回 新潟 3日目 サラ系３歳以上 １勝クラス       (混) 定量 13頭 本賞金:800,320,200,120,80万円",13,800.0,,1,6,ファリーザ,,,97.0,95,,13.0,4,11.6,2.0,12.6,2,,,
202504020310,2025-08-02,新潟,10,3歳以上1勝クラス,ダ,1800,左,晴,良,"2回 新潟 3日目 サラ系３歳以上 １勝クラス       (混) 定量 13頭 本賞金:800,320,200,120,80万円",13,800.0,,1,6,ファリーザ,,,,-,,-,,,,-,-,,,
202504020311,2025-08-02,新潟,11,3歳未勝利,芝,1600,左,晴,良,"2回 新潟 3日目 サラ系３歳 未勝利       (混) 馬齢 17頭 本賞金:560,220,140,84,56万円",17,560.0,1,8,16,アンダーザライト,牡,3,57.0,丸山,92.7,,5,8.3,33.9,8-8,美浦 宮田,532,6,
202504020311,2025-08-02,新潟,11,3歳未勝利,芝,1600,左,晴,良,"2回 新潟 3日目 サラ系３歳 未勝利       (混) 馬齢 17頭 本賞金:560,220,140,84,56万円",17,560.0,2,6,11,デビューフライト,牝,3,55.0,菅原明,93.0,2,6,13.5,32.9,16-15,美浦 小島,438,26,
202504020311,2025-08-02,新潟,11,3歳未勝利,芝,1600,左,晴,良,"2回 新潟 3日目 サラ系３歳 未勝利       (混) 馬齢 17頭 本賞金:560,220,140,84,56万円",17,560.0,3,1,1,アーラグラシア,牝,3,55.0,ルメー,93.1,1/2,1,2.7,35.1,1-1,美浦 栗田,430,8,
202504020311,2025-08-02,新潟,11,3歳未勝利,芝,1600,左,晴,良,"2回 新潟 3日目 サラ系３歳 未勝利       (混) 馬齢 17頭 本賞金:560,220,140,84,56万円",17,560.0,4,1,2,エンゲルシュピール,牝,3,53.0,◇今村,93.2,クビ,4,6.9,35.0,3-2,美浦 田村,452,-4,
202504020311,2025-08-02,新潟,11,3歳未勝利,芝,1600,左,晴,良,"2回 新潟 3日目 サラ系３歳 未勝利       (混) 馬齢 17頭 本賞金:560,220,140,84,56万円",17,560.0,5,2,4,プレミアブルー,牡,3,54.0,▲石神道,93.3,1/2,11,69.4,34.3,8-9,美浦 菊川,446,0,
202504020311,2025-08-02,新潟,11,3歳未勝利,芝,1600,左,晴,良,"2回 新潟 3日目 サラ系３歳 未勝利       (混) 馬齢 17頭 本賞金:560,220,140,84,56万円",17,560.0,6,8,17,フィーユチャン,牝,3,55.0,三浦,93.3,アタマ,2,5.1,34.2,10-11,美浦 斎藤誠,442,0,
202504020311,2025-08-02,新潟,11,3歳未勝利,芝,1600,左,晴,良,"2回 新潟 3日目 サラ系３歳 未勝利       (混) 馬齢 17頭 本賞金:560,220,140,84,56万円",17,560.0,7,4,8,アドベントシーズン,牡,3,57.0,原,93.3,クビ,14,142.3,34.8,3-4,美浦 畠山,430,-4,
202504020311,2025-08-02,新潟,11,3歳未勝利,芝,1600,左,晴,良,"2回 新潟 3日目 サラ系３歳 未勝利       (混) 馬齢 17頭 本賞金:560,220,140,84,56万円",17,560.0,8,3,5,アリアルブラック,牡,3,57.0,木幡巧,93.5,3/4,10,43.7,35.4,2-2,美浦 久保田,494,-6,
202504020311,2025-08-02,新潟,11,3歳未勝利,芝,1600,左,晴,良,"2回 新潟 3日目 サラ系３歳 未勝利       (混) 馬齢 17頭 本賞金:560,220,140,84,56万円",17,560.0,9,5,9,コンヴァージョン,牡,3,57.0,石橋脩,93.6,1/2,9,38.1,34.2,12-12,美浦 上原博,448,0,
202504020311,2025-08-02,新潟,11,3歳未勝利,芝,1600,左,晴,良,"2回 新潟 3日目 サラ系３歳 未勝利       (混) 馬齢 17頭 本賞金:560,220,140,84,56万円",17,560.0,10,7,14,グレゴリオ,牡,3,57.0,戸崎圭,93.6,クビ,3,5.2,35.0,5-5,美浦 木村,510,0,
202504020311,2025-08-02,新潟,11,3歳未勝利,芝,1600,左,晴,良,"2回 新潟 3日目 サラ系３歳 未勝利       (混) 馬齢 17頭 本賞金:560,220,140,84,56万円",17,560.0,11,2,3,ルックフォラスター,牝,3,55.0,大野,93.8,1,8,35.7,35.2,6-5,美浦 国枝,440,-14,
202504020311,2025-08-02,新潟,11,3歳未勝利,芝,1600,左,晴,良,"2回 新潟 3日目 サラ系３歳 未勝利       (混) 馬齢 17頭 本賞金:560,220,140,84,56万円",17,560.0,12,4,7,マイドリームガール,牝,3,55.0,津村,93.9,3/4,13,104.0,34.8,10-9,美浦 大竹,460,0,
202504020311,2025-08-02,新潟,11,3歳未勝利,芝,1600,左,晴,良,"2回 新潟 3日目 サラ系３歳 未勝利       (混) 馬齢 17頭 本賞金:560,220,140,84,56万円",17,560.0,13,3,6,トリクロマティック,牡,3,57.0,石川,94.0,1/2,12,103.3,34.3,14-14,美浦 菊沢,468,0,
202504020311,2025-08-02,新潟,11,3歳未勝利,芝,1600,左,晴,良,"2回 新潟 3日目 サラ系３歳 未勝利       (混) 馬齢 17頭 本賞金:560,220,140,84,56万円",17,560.0,14,6,12,ウインアレース,牡,3,57.0,柴田大,95.2,7,15,233.5,36.5,6-5,美浦 畠山,472,0,
202504020311,2025-08-02,新潟,11,3歳未勝利,芝,1600,左,晴,良,"2回 新潟 3日目 サラ系３歳 未勝利       (混) 馬齢 17頭 本賞金:560,220,140,84,56万円",17,560.0,15,8,15,レーヌデプレ,牝,3,55.0,荻野極,95.4,1.1/2,7,26.2,35.9,12-12,美浦 大竹,422,0,
202504020311,2025-08-02,新潟,11,3歳未勝利,芝,1600,左,晴,良,"2回 新潟 3日目 サラ系３歳 未勝利       (混) 馬齢 17頭 本賞金:560,220,140,84,56万円",17,560.0,16,7,13,シアトルプリンセス,牝,3,55.0,小林凌,95.8,2.1/2,17,464.9,35.4,15-15,美浦 石栗,458,-2,
202504020311,2025-08-02,新潟,11,3歳未勝利,芝,1600,左,晴,良,"2回 新潟 3日目 サラ系３歳 未勝利       (混) 馬齢 17頭 本賞金:560,220,140,84,56万円",17,560.0,17,5,10,ヌーヴォルミエール,牡,3,57.0,菊沢,96.1,1.1/2,16,274.7,35.3,16-17,美浦 勢司,484,4,
202504020311,2025-08-02,新潟,11,3歳未勝利,芝,1600,左,晴,良,"2回 新潟 3日目 サラ系３歳 未勝利       (混) 馬齢 17頭 本賞金:560,220,140,84,56万円",17,560.0,,1,16,アンダーザライト,,,89.0,92,,12.9,11,11.2,7.0,11.5,3,,,
202504020311,2025-08-02,新潟,11,3歳未勝利,芝,1600,左,晴,良,"2回 新潟 3日目 サラ系３歳 未勝利       (混) 馬齢 17頭 本賞金:560,220,140,84,56万円",17,560.0,,1,16,アンダーザライト,,,,-,,-,,,,-,-,,,
202504020312,2025-08-02,新潟,12,3歳未勝利,芝,2000,左,晴,良,"2回 新潟 3日目 サラ系３歳 未勝利       牝 馬齢 12頭 本賞金:560,220,140,84,56万円",12,560.0,1,6,8,オプレントジュエル,牝,3,55.0,三浦,119.6,,2,4.6,34.7,3-3-3-2,美浦 田村,514,0,
202504020312,2025-08-02,新潟,12,3歳未勝利,芝,2000,左,晴,良,"2回 新潟 3日目 サラ系３歳 未勝利       牝 馬齢 12頭 本賞金:560,220,140,84,56万円",12,560.0,2,7,10,サラスヴァティー,牝,3,55.0,戸崎圭,119.7,1/2,3,5.3,33.9,4-4-4-4,美浦 森一,490,28,
202504020312,2025-08-02,新潟,12,3歳未勝利,芝,2000,左,晴,良,"2回 新潟 3日目 サラ系３歳 未勝利       牝 馬齢 12頭 本賞金:560,220,140,84,56万円",12,560.0,3,6,7,スイートオレンジ,牝,3,55.0,荻野極,120.0,1.3/4,9,52.8,35.5,2-2-2-1,美浦 中川,460,6,
202504020312,2025-08-02,新潟,12,3歳未勝利,芝,2000,左,晴,良,"2回 新潟 3日目 サラ系３歳 未勝利       牝 馬齢 12頭 本賞金:560,220,140,84,56万円",12,560.0,4,8,11,ムーンストラック,牝,3,55.0,江田照,120.0,クビ,4,6.7,34.1,5-5-4-4,美浦 武市,446,-2,
202504020312,2025-08-02,新潟,12,3歳未勝利,芝,2000,左,晴,良,"2回 新潟 3日目 サラ系３歳 未勝利       牝 馬齢 12頭 本賞金:560,220,140,84,56万円",12,560.0,5,5,5,ハーバードスクエア,牝,3,55.0,ルメー,120.2,1.1/4,1,1.9,34.0,8-7-7-7,美浦 木村,420,-4,
202504020312,2025-08-02,新潟,12,3歳未勝利,芝,2000,左,晴,良,"2回 新潟 3日目 サラ系３歳 未勝利       牝 馬齢 12頭 本賞金:560,220,140,84,56万円",12,560.0,6,2,2,ピコラ,牝,3,55.0,木幡巧,120.5,2,5,16.3,34.0,10-10-10-10,美浦 黒岩,428,-2,
202504020312,2025-08-02,新潟,12,3歳未勝利,芝,2000,左,晴,良,"2回 新潟 3日目 サラ系３歳 未勝利       牝 馬齢 12頭 本賞金:560,220,140,84,56万円",12,560.0,7,5,6,ガーンディーヴァ,牝,3,55.0,原,120.7,1.1/4,7,37.8,34.3,9-9-8-9,美浦 柄崎,424,2,
202504020312,2025-08-02,新潟,12,3歳未勝利,芝,2000,左,晴,良,"2回 新潟 3日目 サラ系３歳 未勝利       牝 馬齢 12頭 本賞金:560,220,140,84,56万円",12,560.0,8,1,1,ミサトレッドダイヤ,牝,3,52.0,▲石神道,120.7,クビ,6,24.4,34.4,6-7-8-7,美浦 高橋文,464,0,
202504020312,2025-08-02,新潟,12,3歳未勝利,芝,2000,左,晴,良,"2回 新潟 3日目 サラ系３歳 未勝利       牝 馬齢 12頭 本賞金:560,220,140,84,56万円",12,560.0,9,4,4,グランツローゼ,牝,3,55.0,津村,120.9,1,8,40.0,34.3,11-11-10-10,美浦 千葉,440,-8,
202504020312,2025-08-02,新潟,12,3歳未勝利,芝,2000,左,晴,良,"2回 新潟 3日目 サラ系３歳 未勝利       牝 馬齢 12頭 本賞金:560,220,140,84,56万円",12,560.0,10,8,12,エリナ,牝,3,55.0,武藤,121.3,2.1/2,10,120.5,35.3,6-6-6-6,美浦 戸田,398,-10,
202504020312,2025-08-02,新潟,12,3歳未勝利,芝,2000,左,晴,良,"2回 新潟 3日目 サラ系３歳 未勝利       牝 馬齢 12頭 本賞金:560,220,140,84,56万円",12,560.0,11,7,9,パリモード,牝,3,52.0,▲遠藤,121.3,クビ,12,263.5,34.1,12-12-12-12,美浦 的場,424,2,
202504020312,2025-08-02,新潟,12,3歳未勝利,芝,2000,左,晴,良,"2回 新潟 3日目 サラ系３歳 未勝利       牝 馬齢 12頭 本賞金:560,220,140,84,56万円",12,560.0,12,3,3,エスポワールドロワ,牝,3,55.0,菅原隆,123.5,大,11,248.0,39.0,1-1-1-2,美浦 小手川,478,-2,
202504020312,2025-08-02,新潟,12,3歳未勝利,芝,2000,左,晴,良,"2回 新潟 3日目 サラ系３歳 未勝利       牝 馬齢 12頭 本賞金:560,220,140,84,56万円",12,560.0,,1,8,オプレントジュエル,,,102.0,88,,12.8,7,11.0,5.0,12.2,1,,,
202504020312,2025-08-02,新潟,12,3歳未勝利,芝,2000,左,晴,良,"2回 新潟 3日目 サラ系３歳 未勝利       牝 馬齢 12頭 本賞金:560,220,140,84,56万円",12,560.0,,1,8,オプレントジュエル,,,,-,,-,,,,-,-,,,
202507030301,2025-08-02,中京,1,2歳未勝利,芝,1400,左,晴,良,"3回 中京 3日目 サラ系２歳 未勝利       (混)[指] 馬齢 5頭 本賞金:560,220,140,84,56万円",5,560.0,1,5,5,タマモイカロス,牡,2,54.0,☆高杉,82.3,,1,1.3,33.4,2-2,栗東 藤岡,526,2,
202507030301,2025-08-02,中京,1,2歳未勝利,芝,1400,左,晴,良,"3回 中京 3日目 サラ系２歳 未勝利       (混)[指] 馬齢 5頭 本賞金:560,220,140,84,56万円",5,560.0,2,2,2,ゴールドヴィーナス,牝,2,55.0,川田,82.9,3.1/2,3,6.4,34.1,1-1,栗東 森秀,462,-8,
202507030301,2025-08-02,中京,1,2歳未勝利,芝,1400,左,晴,良,"3回 中京 3日目 サラ系２歳 未勝利       (混)[指] 馬齢 5頭 本賞金:560,220,140,84,56万円",5,560.0,3,3,3,リトゥリア,牝,2,55.0,坂井,83.4,2.1/2,4,6.5,33.9,5-5,栗東 河嶋,456,0,
202507030301,2025-08-02,中京,1,2歳未勝利,芝,1400,左,晴,良,"3回 中京 3日目 サラ系２歳 未勝利       (混)[指] 馬齢 5頭 本賞金:560,220,140,84,56万円",5,560.0,4,1,1,ジューンマロン,牝,2,55.0,バデル,83.5,3/4,2,5.8,34.4,3-3,栗東 武英,436,12,
202507030301,2025-08-02,中京,1,2歳未勝利,芝,1400,左,晴,良,"3回 中京 3日目 サラ系２歳 未勝利       (混)[指] 馬齢 5頭 本賞金:560,220,140,84,56万円",5,560.0,5,4,4,アダマント,牡,2,55.0,川須,83.5,クビ,5,35.1,34.3,4-4,栗東 高橋一,440,0,
202507030301,2025-08-02,中京,1,2歳未勝利,芝,1400,左,晴,良,"3回 中京 3日目 サラ系２歳 未勝利       (混)[指] 馬齢 5頭 本賞金:560,220,140,84,56万円",5,560.0,,1,5,タマモイカロス,,,84.0,57,,12.6,4,11.6,3.0,12.2,2,,,
202507030301,2025-08-02,中京,1,2歳未勝利,芝,1400,左,晴,良,"3回 中京 3日目 サラ系２歳 未勝利       (混)[指] 馬齢 5頭 本賞金:560,220,140,84,56万円",5,560.0,,1,5,タマモイカロス,,,,-,,-,,,,-,-,,,
202507030302,2025-08-02,中京,2,2歳新馬,芝,1600,左,晴,良,"3回 中京 3日目 サラ系２歳 新馬       牝[指] 馬齢 7頭 本賞金:750,300,190,110,75万円",7,750.0,1,5,5,コニーアイランド,牝,2,55.0,川田,95.4,,1,1.9,33.9,7-4-3,栗東 中内田,470,0,
202507030302,2025-08-02,中京,2,2歳新馬,芝,1600,左,晴,良,"3回 中京 3日目 サラ系２歳 新馬       牝[指] 馬齢 7頭 本賞金:750,300,190,110,75万円",7,750.0,2,7,7,ウィズクィーン,牝,2,55.0,松山,95.6,1.1/2,2,2.5,34.3,4-2-2,栗東 上村,428,0,
202507030302,2025-08-02,中京,2,2歳新馬,芝,1600,左,晴,良,"3回 中京 3日目 サラ系２歳 新馬       牝[指] 馬齢 7頭 本賞金:750,300,190,110,75万円",7,750.0,3,3,3,ダンシングドール,牝,2,55.0,小沢,95.7,アタマ,7,98.0,34.0,4-6-6,栗東 牧田,454,0,
202507030302,2025-08-02,中京,2,2歳新馬,芝,1600,左,晴,良,"3回 中京 3日目 サラ系２歳 新馬       牝[指] 馬齢 7頭 本賞金:750,300,190,110,75万円",7,750.0,4,1,1,エンヴェロップ,牝,2,54.0,☆吉村,96.0,1.3/4,3,5.2,34.5,3-2-3,栗東 佐藤悠,452,0,
202507030302,2025-08-02,中京,2,2歳新馬,芝,1600,左,晴,良,"3回 中京 3日目 サラ系２歳 新馬       牝[指] 馬齢 7頭 本賞金:750,300,190,110,75万円",7,750.0,5,2,2,フェスティヴドレス,牝,2,55.0,幸,96.1,1,5,35.8,34.4,6-6-6,栗東 岡田,458,0,
202507030302,2025-08-02,中京,2,2歳新馬,芝,1600,左,晴,良,"3回 中京 3日目 サラ系２歳 新馬       牝[指] 馬齢 7頭 本賞金:750,300,190,110,75万円",7,750.0,6,6,6,マユナイト,牝,2,53.0,◇永島,96.2,3/4,6,68.1,35.0,1-1-1,栗東 高橋康,382,0,
202507030302,2025-08-02,中京,2,2歳新馬,芝,1600,左,晴,良,"3回 中京 3日目 サラ系２歳 新馬       牝[指] 馬齢 7頭 本賞金:750,300,190,110,75万円",7,750.0,7,4,4,ルビーエクリプス,牝,2,54.0,☆高杉,96.4,1,4,10.3,34.8,2-4-5,栗東 高野,424,0,
202507030302,2025-08-02,中京,2,2歳新馬,芝,1600,左,晴,良,"3回 中京 3日目 サラ系２歳 新馬       牝[指] 馬齢 7頭 本賞金:750,300,190,110,75万円",7,750.0,,1,5,コニーアイランド,,,87.0,74,,13.6,4,11.4,6.0,11.9,5,,,
202507030302,2025-08-02,中京,2,2歳新馬,芝,1600,左,晴,良,"3回 中京 3日目 サラ系２歳 新馬       牝[指] 馬齢 7頭 本賞金:750,300,190,110,75万円",7,750.0,,1,5,コニーアイランド,,,,-,,-,,,,-,-,,,
202507030303,2025-08-02,中京,3,3歳未勝利,ダ,1800,左,晴,良,"3回 中京 3日目 サラ系３歳 未勝利       [指] 馬齢 16頭 本賞金:560,220,140,84,56万円",16,560.0,1,6,11,オーケーエンジェル,牝,3,54.0,☆高杉,114.7,,6,18.4,37.9,4-6-6-2,栗東 笹田,440,0,
202507030303,2025-08-02,中京,3,3歳未勝利,ダ,1800,左,晴,良,"3回 中京 3日目 サラ系３歳 未勝利       [指] 馬齢 16頭 本賞金:560,220,140,84,56万円",16,560.0,2,8,16,シェーネアウゲン,牝,3,55.0,幸,114.9,1.1/4,2,6.0,38.1,7-8-6-2,栗東 清水久,488,-4,
202507030303,2025-08-02,中京,3,3歳未勝利,ダ,1800,左,晴,良,"3回 中京 3日目 サラ系３歳 未勝利       [指] 馬齢 16頭 本賞金:560,220,140,84,56万円",16,560.0,3,7,13,フランキーバローズ,牡,3,57.0,川田,115.0,1/2,1,1.6,37.8,8-10-10-8,栗東 池江,468,0,
202507030303,2025-08-02,中京,3,3歳未勝利,ダ,1800,左,晴,良,"3回 中京 3日目 サラ系３歳 未勝利       [指] 馬齢 16頭 本賞金:560,220,140,84,56万円",16,560.0,4,2,3,ローズゴジャール,牝,3,55.0,城戸,115.5,3,14,163.0,38.9,4-2-3-5,栗東 荒川,382,-10,
202507030303,2025-08-02,中京,3,3歳未勝利,ダ,1800,左,晴,良,"3回 中京 3日目 サラ系３歳 未勝利       [指] 馬齢 16頭 本賞金:560,220,140,84,56万円",16,560.0,5,5,9,サントモナルカ,牡,3,57.0,和田竜,115.5,クビ,5,17.6,38.6,8-6-8-7,栗東 平田,460,4,
202507030303,2025-08-02,中京,3,3歳未勝利,ダ,1800,左,晴,良,"3回 中京 3日目 サラ系３歳 未勝利       [指] 馬齢 16頭 本賞金:560,220,140,84,56万円",16,560.0,6,4,8,ワクシングムーン,牡,3,56.0,☆吉村,115.5,クビ,9,32.6,38.1,13-13-13-11,栗東 畑端,518,5,
202507030303,2025-08-02,中京,3,3歳未勝利,ダ,1800,左,晴,良,"3回 中京 3日目 サラ系３歳 未勝利       [指] 馬齢 16頭 本賞金:560,220,140,84,56万円",16,560.0,7,4,7,ハッピーダンチャン,牡,3,57.0,団野,115.9,2.1/2,3,8.8,38.6,10-10-10-11,栗東 小椋,468,6,
202507030303,2025-08-02,中京,3,3歳未勝利,ダ,1800,左,晴,良,"3回 中京 3日目 サラ系３歳 未勝利       [指] 馬齢 16頭 本賞金:560,220,140,84,56万円",16,560.0,8,8,15,メイショウライズ,牡,3,57.0,田口,116.6,4,4,13.2,39.1,14-14-14-11,栗東 安達,494,-6,
202507030303,2025-08-02,中京,3,3歳未勝利,ダ,1800,左,晴,良,"3回 中京 3日目 サラ系３歳 未勝利       [指] 馬齢 16頭 本賞金:560,220,140,84,56万円",16,560.0,9,3,5,アイファージェット,牡,3,57.0,加藤,116.8,1.1/4,16,381.7,40.1,4-4-3-5,栗東 宮本,502,-2,
202507030303,2025-08-02,中京,3,3歳未勝利,ダ,1800,左,晴,良,"3回 中京 3日目 サラ系３歳 未勝利       [指] 馬齢 16頭 本賞金:560,220,140,84,56万円",16,560.0,10,1,1,コンセントレイト,セ,3,53.0,★河原田,117.2,2.1/2,10,37.1,40.9,1-1-1-1,栗東 渡辺,444,4,
202507030303,2025-08-02,中京,3,3歳未勝利,ダ,1800,左,晴,良,"3回 中京 3日目 サラ系３歳 未勝利       [指] 馬齢 16頭 本賞金:560,220,140,84,56万円",16,560.0,11,1,2,メイショウアボット,牡,3,57.0,松若,117.9,4,11,59.9,40.8,10-8-9-9,栗東 武幸,518,0,
202507030303,2025-08-02,中京,3,3歳未勝利,ダ,1800,左,晴,良,"3回 中京 3日目 サラ系３歳 未勝利       [指] 馬齢 16頭 本賞金:560,220,140,84,56万円",16,560.0,12,2,4,タマモスノーダンス,牝,3,53.0,◇永島,118.2,1.1/2,12,113.2,41.8,2-2-2-2,栗東 緒方,486,0,
202507030303,2025-08-02,中京,3,3歳未勝利,ダ,1800,左,晴,良,"3回 中京 3日目 サラ系３歳 未勝利       [指] 馬齢 16頭 本賞金:560,220,140,84,56万円",16,560.0,13,7,14,ユナパール,牝,3,55.0,川須,118.3,3/4,15,343.2,39.3,16-16-16-16,栗東 岡田,486,-6,
202507030303,2025-08-02,中京,3,3歳未勝利,ダ,1800,左,晴,良,"3回 中京 3日目 サラ系３歳 未勝利       [指] 馬齢 16頭 本賞金:560,220,140,84,56万円",16,560.0,14,6,12,メイショウユウボシ,牡,3,57.0,角田和,119.9,10,13,157.6,42.0,14-15-15-15,栗東 飯田,480,-4,
202507030303,2025-08-02,中京,3,3歳未勝利,ダ,1800,左,晴,良,"3回 中京 3日目 サラ系３歳 未勝利       [指] 馬齢 16頭 本賞金:560,220,140,84,56万円",16,560.0,15,5,10,モメン,牝,3,55.0,バデル,120.3,2.1/2,8,24.4,43.1,12-12-10-11,栗東 高橋亮,454,-2,
202507030303,2025-08-02,中京,3,3歳未勝利,ダ,1800,左,晴,良,"3回 中京 3日目 サラ系３歳 未勝利       [指] 馬齢 16頭 本賞金:560,220,140,84,56万円",16,560.0,16,3,6,チルウィズミー,牝,3,55.0,小沢,136.0,大,7,21.2,59.3,3-4-3-9,栗東 中内田,458,-6,
202507030303,2025-08-02,中京,3,3歳未勝利,ダ,1800,左,晴,良,"3回 中京 3日目 サラ系３歳 未勝利       [指] 馬齢 16頭 本賞金:560,220,140,84,56万円",16,560.0,,1,11,オーケーエンジェル,,,98.0,91,,13.0,9,12.0,4.0,13.2,5,,,
202507030303,2025-08-02,中京,3,3歳未勝利,ダ,1800,左,晴,良,"3回 中京 3日目 サラ系３歳 未勝利       [指] 馬齢 16頭 本賞金:560,220,140,84,56万円",16,560.0,,1,11,オーケーエンジェル,,,,-,,-,,,,-,-,,,
202507030304,2025-08-02,中京,4,3歳未勝利,芝,2000,左,晴,良,"3回 中京 3日目 サラ系３歳 未勝利       (混)[指] 馬齢 14頭 本賞金:560,220,140,84,56万円",14,560.0,1,1,1,アロンディ,牡,3,57.0,バデル,119.4,,1,3.0,34.5,10-9-6-4,栗東 武英,452,-2,
202507030304,2025-08-02,中京,4,3歳未勝利,芝,2000,左,晴,良,"3回 中京 3日目 サラ系３歳 未勝利       (混)[指] 馬齢 14頭 本賞金:560,220,140,84,56万円",14,560.0,2,8,14,マイネルビスマルク,牡,3,57.0,松若,119.6,1.1/2,4,10.8,34.4,14-14-11-8,栗東 梅田,494,6,
202507030304,2025-08-02,中京,4,3歳未勝利,芝,2000,左,晴,良,"3回 中京 3日目 サラ系３歳 未勝利       (混)[指] 馬齢 14頭 本賞金:560,220,140,84,56万円",14,560.0,3,3,3,コスモグローリー,牡,3,57.0,和田竜,119.7,1/2,2,3.2,35.0,3-3-3-2,栗東 北出,448,-4,
202507030304,2025-08-02,中京,4,3歳未勝利,芝,2000,左,晴,良,"3回 中京 3日目 サラ系３歳 未勝利       (混)[指] 馬齢 14頭 本賞金:560,220,140,84,56万円",14,560.0,4,6,9,シェーラ,牝,3,52.0,▲田山,119.8,1/2,9,64.9,34.2,11-11-12-13,栗東 牧田,418,0,
202507030304,2025-08-02,中京,4,3歳未勝利,芝,2000,左,晴,良,"3回 中京 3日目 サラ系３歳 未勝利       (混)[指] 馬齢 14頭 本賞金:560,220,140,84,56万円",14,560.0,5,2,2,リーティアコナル,牡,3,57.0,小崎,120.0,1,5,12.2,35.2,6-4-5-4,栗東 友道,490,4,
202507030304,2025-08-02,中京,4,3歳未勝利,芝,2000,左,晴,良,"3回 中京 3日目 サラ系３歳 未勝利       (混)[指] 馬齢 14頭 本賞金:560,220,140,84,56万円",14,560.0,6,5,7,ウインクルキセキ,牝,3,51.0,★河原田,120.0,クビ,7,25.7,34.8,8-9-6-8,栗東 高橋亮,438,2,
202507030304,2025-08-02,中京,4,3歳未勝利,芝,2000,左,晴,良,"3回 中京 3日目 サラ系３歳 未勝利       (混)[指] 馬齢 14頭 本賞金:560,220,140,84,56万円",14,560.0,7,4,5,マットーネロッソ,牝,3,55.0,川須,120.1,3/4,13,308.9,34.7,12-12-12-11,栗東 中尾,468,2,
202507030304,2025-08-02,中京,4,3歳未勝利,芝,2000,左,晴,良,"3回 中京 3日目 サラ系３歳 未勝利       (混)[指] 馬齢 14頭 本賞金:560,220,140,84,56万円",14,560.0,8,4,6,ボナペティアスク,牝,3,55.0,岩田康,120.2,3/4,11,87.5,35.1,8-8-9-8,栗東 梅田,458,0,
202507030304,2025-08-02,中京,4,3歳未勝利,芝,2000,左,晴,良,"3回 中京 3日目 サラ系３歳 未勝利       (混)[指] 馬齢 14頭 本賞金:560,220,140,84,56万円",14,560.0,9,6,10,ノボリディアマン,牡,3,57.0,中井,120.3,1/2,14,317.0,35.3,4-4-6-7,栗東 緒方,452,2,
202507030304,2025-08-02,中京,4,3歳未勝利,芝,2000,左,晴,良,"3回 中京 3日目 サラ系３歳 未勝利       (混)[指] 馬齢 14頭 本賞金:560,220,140,84,56万円",14,560.0,10,3,4,アスクアーバンシー,牡,3,57.0,坂井,120.8,3,3,3.6,36.2,2-1-1-1,栗東 矢作,474,-6,
202507030304,2025-08-02,中京,4,3歳未勝利,芝,2000,左,晴,良,"3回 中京 3日目 サラ系３歳 未勝利       (混)[指] 馬齢 14頭 本賞金:560,220,140,84,56万円",14,560.0,11,7,12,ポジターノ,牝,3,54.0,☆高杉,121.2,2,6,24.4,35.8,12-13-14-11,栗東 飯田,420,6,
202507030304,2025-08-02,中京,4,3歳未勝利,芝,2000,左,晴,良,"3回 中京 3日目 サラ系３歳 未勝利       (混)[指] 馬齢 14頭 本賞金:560,220,140,84,56万円",14,560.0,12,5,8,ヒルノカーディフ,牝,3,55.0,太宰,121.3,1,12,222.1,36.5,7-7-3-4,栗東 昆,432,8,
202507030304,2025-08-02,中京,4,3歳未勝利,芝,2000,左,晴,良,"3回 中京 3日目 サラ系３歳 未勝利       (混)[指] 馬齢 14頭 本賞金:560,220,140,84,56万円",14,560.0,13,8,13,キャニオンデシェイ,牡,3,56.0,☆西塚,122.4,7,8,29.7,37.7,1-2-2-2,栗東 友道,488,2,
202507030304,2025-08-02,中京,4,3歳未勝利,芝,2000,左,晴,良,"3回 中京 3日目 サラ系３歳 未勝利       (混)[指] 馬齢 14頭 本賞金:560,220,140,84,56万円",14,560.0,14,7,11,ダンツファントム,牡,3,57.0,国分優,125.8,大,10,66.1,40.2,4-4-9-13,栗東 四位,500,4,
202507030304,2025-08-02,中京,4,3歳未勝利,芝,2000,左,晴,良,"3回 中京 3日目 サラ系３歳 未勝利       (混)[指] 馬齢 14頭 本賞金:560,220,140,84,56万円",14,560.0,,1,1,アロンディ,,,92.0,96,,13.4,2,11.4,1.0,12.1,1,,,
202507030304,2025-08-02,中京,4,3歳未勝利,芝,2000,左,晴,良,"3回 中京 3日目 サラ系３歳 未勝利       (混)[指] 馬齢 14頭 本賞金:560,220,140,84,56万円",14,560.0,,1,1,アロンディ,,,,-,,-,,,,-,-,,,
202507030305,2025-08-02,中京,5,3歳未勝利,ダ,1400,左,晴,良,"3回 中京 3日目 サラ系３歳 未勝利       (混)[指] 馬齢 16頭 本賞金:560,220,140,84,56万円",16,560.0,1,6,11,モズケイスター,牡,3,56.0,☆高杉,84.8,,2,3.6,37.6,4-4,栗東 高柳大,458,-10,
202507030305,2025-08-02,中京,5,3歳未勝利,ダ,1400,左,晴,良,"3回 中京 3日目 サラ系３歳 未勝利       (混)[指] 馬齢 16頭 本賞金:560,220,140,84,56万円",16,560.0,2,1,1,シュパネントウィル,牡,3,57.0,川田,85.9,7,1,2.0,39.0,1-1,栗東 吉村,488,-2,
202507030305,2025-08-02,中京,5,3歳未勝利,ダ,1400,左,晴,良,"3回 中京 3日目 サラ系３歳 未勝利       (混)[指] 馬齢 16頭 本賞金:560,220,140,84,56万円",16,560.0,3,8,16,テイエムタワードン,セ,3,57.0,川須,85.9,アタマ,9,62.4,38.5,6-8,栗東 畑端,500,-4,
202507030305,2025-08-02,中京,5,3歳未勝利,ダ,1400,左,晴,良,"3回 中京 3日目 サラ系３歳 未勝利       (混)[指] 馬齢 16頭 本賞金:560,220,140,84,56万円",16,560.0,4,3,6,ゼンノソブリン,牡,3,57.0,田口,86.6,4,6,25.8,38.6,12-11,栗東 四位,480,-8,
202507030305,2025-08-02,中京,5,3歳未勝利,ダ,1400,左,晴,良,"3回 中京 3日目 サラ系３歳 未勝利       (混)[指] 馬齢 16頭 本賞金:560,220,140,84,56万円",16,560.0,5,4,8,シャオシンユン,牝,3,53.0,◇永島,86.7,1/2,8,47.2,39.7,2-2,栗東 西園正,444,11,
202507030305,2025-08-02,中京,5,3歳未勝利,ダ,1400,左,晴,良,"3回 中京 3日目 サラ系３歳 未勝利       (混)[指] 馬齢 16頭 本賞金:560,220,140,84,56万円",16,560.0,6,7,13,ビーム,牡,3,57.0,岩田康,86.8,1/2,4,11.1,39.1,9-9,栗東 上村,492,4,
202507030305,2025-08-02,中京,5,3歳未勝利,ダ,1400,左,晴,良,"3回 中京 3日目 サラ系３歳 未勝利       (混)[指] 馬齢 16頭 本賞金:560,220,140,84,56万円",16,560.0,7,5,10,チェリスト,牡,3,54.0,▲田山,86.8,アタマ,10,68.9,39.1,9-10,栗東 牧浦,492,2,
202507030305,2025-08-02,中京,5,3歳未勝利,ダ,1400,左,晴,良,"3回 中京 3日目 サラ系３歳 未勝利       (混)[指] 馬齢 16頭 本賞金:560,220,140,84,56万円",16,560.0,8,4,7,ベラジオルークン,牡,3,57.0,国分優,86.9,1/2,7,35.0,39.5,6-6,栗東 辻野,474,8,
202507030305,2025-08-02,中京,5,3歳未勝利,ダ,1400,左,晴,良,"3回 中京 3日目 サラ系３歳 未勝利       (混)[指] 馬齢 16頭 本賞金:560,220,140,84,56万円",16,560.0,9,6,12,メイショウイチモン,牡,3,57.0,角田和,87.0,3/4,13,173.0,39.8,4-4,栗東 飯田,506,2,
202507030305,2025-08-02,中京,5,3歳未勝利,ダ,1400,左,晴,良,"3回 中京 3日目 サラ系３歳 未勝利       (混)[指] 馬齢 16頭 本賞金:560,220,140,84,56万円",16,560.0,10,1,2,ゴールドプレミアム,牡,3,57.0,幸,87.1,1/2,14,212.3,38.3,15-15,栗東 大橋,446,4,
202507030305,2025-08-02,中京,5,3歳未勝利,ダ,1400,左,晴,良,"3回 中京 3日目 サラ系３歳 未勝利       (混)[指] 馬齢 16頭 本賞金:560,220,140,84,56万円",16,560.0,11,5,9,レーヴセクレタ,牡,3,56.0,☆吉村,87.2,クビ,5,16.7,39.8,6-6,栗東 千田,510,-14,
202507030305,2025-08-02,中京,5,3歳未勝利,ダ,1400,左,晴,良,"3回 中京 3日目 サラ系３歳 未勝利       (混)[指] 馬齢 16頭 本賞金:560,220,140,84,56万円",16,560.0,12,2,4,タイセイビートル,牡,3,57.0,松若,87.5,2,16,448.0,38.6,16-15,栗東 平田,478,6,
202507030305,2025-08-02,中京,5,3歳未勝利,ダ,1400,左,晴,良,"3回 中京 3日目 サラ系３歳 未勝利       (混)[指] 馬齢 16頭 本賞金:560,220,140,84,56万円",16,560.0,13,2,3,ダイゴセイリュウ,牡,3,57.0,太宰,87.6,クビ,11,117.7,38.9,14-13,栗東 秋山,478,4,
202507030305,2025-08-02,中京,5,3歳未勝利,ダ,1400,左,晴,良,"3回 中京 3日目 サラ系３歳 未勝利       (混)[指] 馬齢 16頭 本賞金:560,220,140,84,56万円",16,560.0,14,8,15,ランスオブコメット,牡,3,57.0,団野,87.6,クビ,12,130.8,39.8,11-12,栗東 奥村豊,526,-8,
202507030305,2025-08-02,中京,5,3歳未勝利,ダ,1400,左,晴,良,"3回 中京 3日目 サラ系３歳 未勝利       (混)[指] 馬齢 16頭 本賞金:560,220,140,84,56万円",16,560.0,15,7,14,タヴァネスタン,牡,3,57.0,松山,87.6,ハナ,3,5.0,40.6,2-2,栗東 藤岡,492,14,
202507030305,2025-08-02,中京,5,3歳未勝利,ダ,1400,左,晴,良,"3回 中京 3日目 サラ系３歳 未勝利       (混)[指] 馬齢 16頭 本賞金:560,220,140,84,56万円",16,560.0,16,3,5,ワンダーティコ,牝,3,51.0,★河原田,88.9,8,15,253.2,40.4,13-13,栗東 森田,458,2,
202507030305,2025-08-02,中京,5,3歳未勝利,ダ,1400,左,晴,良,"3回 中京 3日目 サラ系３歳 未勝利       (混)[指] 馬齢 16頭 本賞金:560,220,140,84,56万円",16,560.0,,1,11,モズケイスター,,,102.0,97,,12.4,8,11.0,5.0,11.5,2,,,
202507030305,2025-08-02,中京,5,3歳未勝利,ダ,1400,左,晴,良,"3回 中京 3日目 サラ系３歳 未勝利       (混)[指] 馬齢 16頭 本賞金:560,220,140,84,56万円",16,560.0,,1,11,モズケイスター,,,,-,,-,,,,-,-,,,
202507030306,2025-08-02,中京,6,日進特別,ダ,1800,左,晴,良,"3回 中京 3日目 サラ系３歳以上 ２勝クラス       (混)(特指) 定量 12頭 本賞金:1550,620,390,230,155万円",12,1550.0,1,6,8,グラヴィス,牡,4,58.0,坂井,113.5,,2,8.1,39.3,8-6-6-5,栗東 矢作,498,8,
202507030306,2025-08-02,中京,6,日進特別,ダ,1800,左,晴,良,"3回 中京 3日目 サラ系３歳以上 ２勝クラス       (混)(特指) 定量 12頭 本賞金:1550,620,390,230,155万円",12,1550.0,2,1,1,キングオブフジ,牡,4,58.0,中井,113.7,1,4,9.2,39.2,9-9-8-7,栗東 角田,502,8,
202507030306,2025-08-02,中京,6,日進特別,ダ,1800,左,晴,良,"3回 中京 3日目 サラ系３歳以上 ２勝クラス       (混)(特指) 定量 12頭 本賞金:1550,620,390,230,155万円",12,1550.0,3,6,7,ワンダースティング,牡,7,58.0,太宰,113.8,1/2,6,13.5,39.8,5-3-4-3,栗東 渡辺,520,0,
202507030306,2025-08-02,中京,6,日進特別,ダ,1800,左,晴,良,"3回 中京 3日目 サラ系３歳以上 ２勝クラス       (混)(特指) 定量 12頭 本賞金:1550,620,390,230,155万円",12,1550.0,4,5,5,タッチャブル,牡,5,58.0,団野,114.1,2,9,42.3,38.9,11-11-11-10,栗東 中村,518,-2,
202507030306,2025-08-02,中京,6,日進特別,ダ,1800,左,晴,良,"3回 中京 3日目 サラ系３歳以上 ２勝クラス       (混)(特指) 定量 12頭 本賞金:1550,620,390,230,155万円",12,1550.0,5,4,4,メイショウマントル,牡,7,58.0,川須,114.1,クビ,10,58.4,38.6,12-12-12-12,栗東 安達,514,-2,
202507030306,2025-08-02,中京,6,日進特別,ダ,1800,左,晴,良,"3回 中京 3日目 サラ系３歳以上 ２勝クラス       (混)(特指) 定量 12頭 本賞金:1550,620,390,230,155万円",12,1550.0,6,8,12,ボックスオフィス,牡,4,58.0,川又,114.6,3,5,9.3,40.8,3-3-2-2,栗東 吉村,516,16,
202507030306,2025-08-02,中京,6,日進特別,ダ,1800,左,晴,良,"3回 中京 3日目 サラ系３歳以上 ２勝クラス       (混)(特指) 定量 12頭 本賞金:1550,620,390,230,155万円",12,1550.0,7,5,6,ヴォルスター,牡,4,58.0,吉村,114.7,クビ,3,9.0,41.0,1-1-1-1,栗東 清水久,438,0,
202507030306,2025-08-02,中京,6,日進特別,ダ,1800,左,晴,良,"3回 中京 3日目 サラ系３歳以上 ２勝クラス       (混)(特指) 定量 12頭 本賞金:1550,620,390,230,155万円",12,1550.0,8,7,9,イサナ,牡,3,55.0,松山,114.8,1/2,1,1.8,41.0,2-2-2-3,栗東 橋口,508,-8,
202507030306,2025-08-02,中京,6,日進特別,ダ,1800,左,晴,良,"3回 中京 3日目 サラ系３歳以上 ２勝クラス       (混)(特指) 定量 12頭 本賞金:1550,620,390,230,155万円",12,1550.0,9,8,11,ダブルジャッジ,牡,4,58.0,西塚,114.9,1,8,21.3,40.5,5-6-7-7,栗東 笹田,508,-4,
202507030306,2025-08-02,中京,6,日進特別,ダ,1800,左,晴,良,"3回 中京 3日目 サラ系３歳以上 ２勝クラス       (混)(特指) 定量 12頭 本賞金:1550,620,390,230,155万円",12,1550.0,10,3,3,バトンインディ,牡,4,58.0,幸,115.0,クビ,7,13.6,40.4,9-9-9-10,栗東 安達,458,0,
202507030306,2025-08-02,中京,6,日進特別,ダ,1800,左,晴,良,"3回 中京 3日目 サラ系３歳以上 ２勝クラス       (混)(特指) 定量 12頭 本賞金:1550,620,390,230,155万円",12,1550.0,11,2,2,メイショウトム,牡,4,58.0,田口,115.8,5,12,92.4,40.8,7-6-10-9,栗東 谷,482,-4,
202507030306,2025-08-02,中京,6,日進特別,ダ,1800,左,晴,良,"3回 中京 3日目 サラ系３歳以上 ２勝クラス       (混)(特指) 定量 12頭 本賞金:1550,620,390,230,155万円",12,1550.0,12,7,10,タイセイミニスター,牡,4,58.0,和田竜,115.9,1/2,11,73.5,41.9,3-3-4-5,栗東 大橋,486,-4,
202507030306,2025-08-02,中京,6,日進特別,ダ,1800,左,晴,良,"3回 中京 3日目 サラ系３歳以上 ２勝クラス       (混)(特指) 定量 12頭 本賞金:1550,620,390,230,155万円",12,1550.0,,1,8,グラヴィス,,,95.0,109,,13.7,4,11.7,2.0,12.2,2,,,
202507030306,2025-08-02,中京,6,日進特別,ダ,1800,左,晴,良,"3回 中京 3日目 サラ系３歳以上 ２勝クラス       (混)(特指) 定量 12頭 本賞金:1550,620,390,230,155万円",12,1550.0,,1,8,グラヴィス,,,,-,,-,,,,-,-,,,
202507030307,2025-08-02,中京,7,豊明S,芝,1400,左,晴,良,"3回 中京 3日目 サラ系３歳以上 ３勝クラス       (混)[指] ハンデ 13頭 本賞金:1840,740,460,280,184万円",13,1840.0,1,4,4,アクートゥス,牡,5,56.0,高杉,78.7,,3,5.8,32.9,6-6,栗東 藤原,460,-2,
202507030307,2025-08-02,中京,7,豊明S,芝,1400,左,晴,良,"3回 中京 3日目 サラ系３歳以上 ３勝クラス       (混)[指] ハンデ 13頭 本賞金:1840,740,460,280,184万円",13,1840.0,2,7,11,レディマリオン,牝,4,53.0,吉村,78.8,クビ,2,5.2,33.1,5-3,栗東 長谷川,448,0,
202507030307,2025-08-02,中京,7,豊明S,芝,1400,左,晴,良,"3回 中京 3日目 サラ系３歳以上 ３勝クラス       (混)[指] ハンデ 13頭 本賞金:1840,740,460,280,184万円",13,1840.0,3,5,6,シュタールヴィント,牡,5,56.0,坂井,78.9,1/2,4,6.6,32.9,8-8,栗東 矢作,434,-2,
202507030307,2025-08-02,中京,7,豊明S,芝,1400,左,晴,良,"3回 中京 3日目 サラ系３歳以上 ３勝クラス       (混)[指] ハンデ 13頭 本賞金:1840,740,460,280,184万円",13,1840.0,4,8,13,マイネルチケット,牡,3,55.0,和田竜,78.9,クビ,1,2.7,33.1,6-6,栗東 宮,464,8,
202507030307,2025-08-02,中京,7,豊明S,芝,1400,左,晴,良,"3回 中京 3日目 サラ系３歳以上 ３勝クラス       (混)[指] ハンデ 13頭 本賞金:1840,740,460,280,184万円",13,1840.0,5,3,3,スーサンアッシャー,牡,6,54.0,松山,79.2,1.3/4,9,37.5,33.3,8-8,栗東 鈴木孝,472,-8,
202507030307,2025-08-02,中京,7,豊明S,芝,1400,左,晴,良,"3回 中京 3日目 サラ系３歳以上 ３勝クラス       (混)[指] ハンデ 13頭 本賞金:1840,740,460,280,184万円",13,1840.0,6,1,1,ブリックワーク,牝,4,54.0,西塚,79.4,1.1/4,5,10.2,34.0,2-2,栗東 辻野,442,6,
202507030307,2025-08-02,中京,7,豊明S,芝,1400,左,晴,良,"3回 中京 3日目 サラ系３歳以上 ３勝クラス       (混)[指] ハンデ 13頭 本賞金:1840,740,460,280,184万円",13,1840.0,7,6,9,テーオーダヴィンチ,牡,7,56.0,田口,79.4,ハナ,11,46.1,33.4,8-8,栗東 岡田,492,-2,
202507030307,2025-08-02,中京,7,豊明S,芝,1400,左,晴,良,"3回 中京 3日目 サラ系３歳以上 ３勝クラス       (混)[指] ハンデ 13頭 本賞金:1840,740,460,280,184万円",13,1840.0,8,5,7,ウインスノーライト,牡,5,55.0,長岡,79.6,3/4,8,22.7,33.4,11-11,栗東 宮,492,-2,
202507030307,2025-08-02,中京,7,豊明S,芝,1400,左,晴,良,"3回 中京 3日目 サラ系３歳以上 ３勝クラス       (混)[指] ハンデ 13頭 本賞金:1840,740,460,280,184万円",13,1840.0,9,4,5,ジュノー,セ,7,55.0,酒井,79.6,ハナ,12,91.5,33.4,11-11,美浦 田中勝,530,4,
202507030307,2025-08-02,中京,7,豊明S,芝,1400,左,晴,良,"3回 中京 3日目 サラ系３歳以上 ３勝クラス       (混)[指] ハンデ 13頭 本賞金:1840,740,460,280,184万円",13,1840.0,10,8,12,トワイライトシティ,牝,3,52.0,松若,79.6,クビ,7,13.9,34.0,3-3,栗東 杉山晴,458,6,
202507030307,2025-08-02,中京,7,豊明S,芝,1400,左,晴,良,"3回 中京 3日目 サラ系３歳以上 ３勝クラス       (混)[指] ハンデ 13頭 本賞金:1840,740,460,280,184万円",13,1840.0,11,6,8,キャプテンシー,牡,4,56.0,バデル,79.8,1,6,12.5,34.1,3-3,栗東 松永幹,472,2,
202507030307,2025-08-02,中京,7,豊明S,芝,1400,左,晴,良,"3回 中京 3日目 サラ系３歳以上 ３勝クラス       (混)[指] ハンデ 13頭 本賞金:1840,740,460,280,184万円",13,1840.0,12,2,2,ショウナンラスボス,牡,7,54.0,団野,80.3,3,10,37.9,34.9,1-1,美浦 奥村武,462,-8,
202507030307,2025-08-02,中京,7,豊明S,芝,1400,左,晴,良,"3回 中京 3日目 サラ系３歳以上 ３勝クラス       (混)[指] ハンデ 13頭 本賞金:1840,740,460,280,184万円",13,1840.0,,7,10,キタサンダムール,牝,5,54.0,川田,,,,,,,栗東 清水久,,,取消
202507030307,2025-08-02,中京,7,豊明S,芝,1400,左,晴,良,"3回 中京 3日目 サラ系３歳以上 ３勝クラス       (混)[指] ハンデ 13頭 本賞金:1840,740,460,280,184万円",13,1840.0,,1,4,アクートゥス,,,87.0,94,,12.7,4,11.2,3.0,11.1,2,,,
202507030307,2025-08-02,中京,7,豊明S,芝,1400,左,晴,良,"3回 中京 3日目 サラ系３歳以上 ３勝クラス       (混)[指] ハンデ 13頭 本賞金:1840,740,460,280,184万円",13,1840.0,,1,4,アクートゥス,,,,-,,-,,,,-,-,,,
202507030308,2025-08-02,中京,8,浜松特別,ダ,1200,左,晴,良,"3回 中京 3日目 サラ系３歳以上 ２勝クラス       (混)[指] 定量 14頭 本賞金:1550,620,390,230,155万円",14,1550.0,1,8,13,テーオーエルビス,牡,3,56.0,坂井,71.2,,1,1.8,36.0,7-7,栗東 高柳大,510,6,
202507030308,2025-08-02,中京,8,浜松特別,ダ,1200,左,晴,良,"3回 中京 3日目 サラ系３歳以上 ２勝クラス       (混)[指] 定量 14頭 本賞金:1550,620,390,230,155万円",14,1550.0,2,4,5,アスタールフナ,牝,3,54.0,高杉,71.4,1,3,6.6,36.7,2-2,栗東 中竹,454,6,
202507030308,2025-08-02,中京,8,浜松特別,ダ,1200,左,晴,良,"3回 中京 3日目 サラ系３歳以上 ２勝クラス       (混)[指] 定量 14頭 本賞金:1550,620,390,230,155万円",14,1550.0,3,1,1,エコロネオ,牡,4,58.0,松若,71.6,1.1/4,4,16.2,37.0,1-1,栗東 森秀,480,0,
202507030308,2025-08-02,中京,8,浜松特別,ダ,1200,左,晴,良,"3回 中京 3日目 サラ系３歳以上 ２勝クラス       (混)[指] 定量 14頭 本賞金:1550,620,390,230,155万円",14,1550.0,4,7,11,ランウインディ,牝,4,56.0,国分優,72.1,3,12,137.0,37.2,3-2,栗東 中尾,460,0,
202507030308,2025-08-02,中京,8,浜松特別,ダ,1200,左,晴,良,"3回 中京 3日目 サラ系３歳以上 ２勝クラス       (混)[指] 定量 14頭 本賞金:1550,620,390,230,155万円",14,1550.0,5,2,2,スペシャルナンバー,牡,6,58.0,吉村,72.1,クビ,8,57.3,35.9,14-14,栗東 西村,490,-2,
202507030308,2025-08-02,中京,8,浜松特別,ダ,1200,左,晴,良,"3回 中京 3日目 サラ系３歳以上 ２勝クラス       (混)[指] 定量 14頭 本賞金:1550,620,390,230,155万円",14,1550.0,6,6,10,フェンダー,牡,4,58.0,団野,72.4,1.3/4,2,2.9,37.1,9-7,栗東 斉藤崇,524,4,
202507030308,2025-08-02,中京,8,浜松特別,ダ,1200,左,晴,良,"3回 中京 3日目 サラ系３歳以上 ２勝クラス       (混)[指] 定量 14頭 本賞金:1550,620,390,230,155万円",14,1550.0,7,5,7,フレイミングパイ,牝,4,56.0,幸,72.4,ハナ,5,26.2,37.3,4-4,栗東 中竹,450,-2,
202507030308,2025-08-02,中京,8,浜松特別,ダ,1200,左,晴,良,"3回 中京 3日目 サラ系３歳以上 ２勝クラス       (混)[指] 定量 14頭 本賞金:1550,620,390,230,155万円",14,1550.0,8,3,4,シンエン,牡,6,58.0,川須,72.6,1.1/4,10,82.1,37.1,10-9,栗東 松下,498,-4,
202507030308,2025-08-02,中京,8,浜松特別,ダ,1200,左,晴,良,"3回 中京 3日目 サラ系３歳以上 ２勝クラス       (混)[指] 定量 14頭 本賞金:1550,620,390,230,155万円",14,1550.0,9,3,3,ペプチドハドソン,牡,5,58.0,小沢,72.9,1.1/2,6,27.9,37.2,12-13,栗東 小椋,492,4,
202507030308,2025-08-02,中京,8,浜松特別,ダ,1200,左,晴,良,"3回 中京 3日目 サラ系３歳以上 ２勝クラス       (混)[指] 定量 14頭 本賞金:1550,620,390,230,155万円",14,1550.0,10,7,12,サウンドサンビーム,牡,8,58.0,酒井,72.9,クビ,14,307.2,37.4,10-9,栗東 安達,488,0,
202507030308,2025-08-02,中京,8,浜松特別,ダ,1200,左,晴,良,"3回 中京 3日目 サラ系３歳以上 ２勝クラス       (混)[指] 定量 14頭 本賞金:1550,620,390,230,155万円",14,1550.0,11,4,6,ゼットカレン,牝,5,56.0,和田竜,73.0,1/2,13,182.5,37.9,4-4,栗東 宮,490,0,
202507030308,2025-08-02,中京,8,浜松特別,ダ,1200,左,晴,良,"3回 中京 3日目 サラ系３歳以上 ２勝クラス       (混)[指] 定量 14頭 本賞金:1550,620,390,230,155万円",14,1550.0,12,8,14,オースミメッシーナ,牝,6,56.0,田口,73.1,クビ,9,74.1,37.5,12-9,栗東 宮本,470,4,
202507030308,2025-08-02,中京,8,浜松特別,ダ,1200,左,晴,良,"3回 中京 3日目 サラ系３歳以上 ２勝クラス       (混)[指] 定量 14頭 本賞金:1550,620,390,230,155万円",14,1550.0,13,6,9,サドル,牡,6,58.0,西塚,73.6,3,11,95.8,38.6,4-4,栗東 庄野,494,-6,
202507030308,2025-08-02,中京,8,浜松特別,ダ,1200,左,晴,良,"3回 中京 3日目 サラ系３歳以上 ２勝クラス       (混)[指] 定量 14頭 本賞金:1550,620,390,230,155万円",14,1550.0,14,5,8,ズバットマサムネ,セ,4,58.0,川又,74.9,8,7,53.8,39.7,7-12,栗東 杉山佳,490,-6,
202507030308,2025-08-02,中京,8,浜松特別,ダ,1200,左,晴,良,"3回 中京 3日目 サラ系３歳以上 ２勝クラス       (混)[指] 定量 14頭 本賞金:1550,620,390,230,155万円",14,1550.0,,1,13,テーオーエルビス,,,101.0,99,,12.8,10,10.7,6.0,11.6,5,,,
202507030308,2025-08-02,中京,8,浜松特別,ダ,1200,左,晴,良,"3回 中京 3日目 サラ系３歳以上 ２勝クラス       (混)[指] 定量 14頭 本賞金:1550,620,390,230,155万円",14,1550.0,,1,13,テーオーエルビス,,,,-,,-,,,,-,-,,,
202507030309,2025-08-02,中京,9,3歳以上1勝クラス,ダ,1800,左,晴,良,"3回 中京 3日目 サラ系３歳以上 １勝クラス       (混)[指] 定量 10頭 本賞金:800,320,200,120,80万円",10,800.0,1,1,1,ショーダンサー,牡,3,55.0,国分優,113.7,,1,3.4,37.7,7-7-7-7,栗東 大根田,434,-4,
202507030309,2025-08-02,中京,9,3歳以上1勝クラス,ダ,1800,左,晴,良,"3回 中京 3日目 サラ系３歳以上 １勝クラス       (混)[指] 定量 10頭 本賞金:800,320,200,120,80万円",10,800.0,2,8,10,シャンパンポップ,牡,4,58.0,団野,113.9,1.1/4,2,3.4,38.2,4-5-5-4,栗東 武幸,556,10,
202507030309,2025-08-02,中京,9,3歳以上1勝クラス,ダ,1800,左,晴,良,"3回 中京 3日目 サラ系３歳以上 １勝クラス       (混)[指] 定量 10頭 本賞金:800,320,200,120,80万円",10,800.0,3,7,8,スーパージョック,牡,3,52.0,▲田山,114.1,3/4,6,8.9,38.5,2-2-4-4,栗東 佐々木,490,6,
202507030309,2025-08-02,中京,9,3歳以上1勝クラス,ダ,1800,左,晴,良,"3回 中京 3日目 サラ系３歳以上 １勝クラス       (混)[指] 定量 10頭 本賞金:800,320,200,120,80万円",10,800.0,4,6,6,エンマ,牡,3,55.0,松山,114.5,2.1/2,4,6.1,39.1,9-10-2-3,栗東 武英,464,2,
202507030309,2025-08-02,中京,9,3歳以上1勝クラス,ダ,1800,左,晴,良,"3回 中京 3日目 サラ系３歳以上 １勝クラス       (混)[指] 定量 10頭 本賞金:800,320,200,120,80万円",10,800.0,5,4,4,レガッタ,牡,4,58.0,太宰,114.8,1.1/2,8,50.1,38.6,9-9-9-9,栗東 昆,476,-8,
202507030309,2025-08-02,中京,9,3歳以上1勝クラス,ダ,1800,左,晴,良,"3回 中京 3日目 サラ系３歳以上 １勝クラス       (混)[指] 定量 10頭 本賞金:800,320,200,120,80万円",10,800.0,6,2,2,ゼンエスポワール,牡,3,55.0,角田和,114.8,クビ,5,6.2,39.0,4-3-5-4,栗東 飯田,516,-2,
202507030309,2025-08-02,中京,9,3歳以上1勝クラス,ダ,1800,左,晴,良,"3回 中京 3日目 サラ系３歳以上 １勝クラス       (混)[指] 定量 10頭 本賞金:800,320,200,120,80万円",10,800.0,7,5,5,ディオスパーダ,牡,3,55.0,秋山稔,115.2,2.1/2,9,67.9,39.9,3-3-1-1,栗東 小椋,480,-2,
202507030309,2025-08-02,中京,9,3歳以上1勝クラス,ダ,1800,左,晴,良,"3回 中京 3日目 サラ系３歳以上 １勝クラス       (混)[指] 定量 10頭 本賞金:800,320,200,120,80万円",10,800.0,8,3,3,ポルトドール,牡,5,57.0,☆高杉,115.8,3.1/2,3,5.8,40.4,1-1-2-2,栗東 小栗,462,2,
202507030309,2025-08-02,中京,9,3歳以上1勝クラス,ダ,1800,左,晴,良,"3回 中京 3日目 サラ系３歳以上 １勝クラス       (混)[指] 定量 10頭 本賞金:800,320,200,120,80万円",10,800.0,9,8,9,ディズレーリ,セ,5,57.0,☆吉村,116.5,4,7,40.6,40.5,8-8-7-7,美浦 池上,500,-14,
202507030309,2025-08-02,中京,9,3歳以上1勝クラス,ダ,1800,左,晴,良,"3回 中京 3日目 サラ系３歳以上 １勝クラス       (混)[指] 定量 10頭 本賞金:800,320,200,120,80万円",10,800.0,10,7,7,リヴァイデント,牝,4,56.0,川須,117.0,3,10,93.3,40.8,6-6-9-9,栗東 秋山,416,6,
202507030309,2025-08-02,中京,9,3歳以上1勝クラス,ダ,1800,左,晴,良,"3回 中京 3日目 サラ系３歳以上 １勝クラス       (混)[指] 定量 10頭 本賞金:800,320,200,120,80万円",10,800.0,,1,1,ショーダンサー,,,90.0,91,,13.8,3,12.2,1.0,13.1,3,,,
202507030309,2025-08-02,中京,9,3歳以上1勝クラス,ダ,1800,左,晴,良,"3回 中京 3日目 サラ系３歳以上 １勝クラス       (混)[指] 定量 10頭 本賞金:800,320,200,120,80万円",10,800.0,,1,1,ショーダンサー,,,,-,,-,,,,-,-,,,
202507030310,2025-08-02,中京,10,3歳以上1勝クラス,ダ,1400,左,晴,良,"3回 中京 3日目 サラ系３歳以上 １勝クラス       [指] 定量 13頭 本賞金:800,320,200,120,80万円",13,800.0,1,5,6,カルパ,牡,4,58.0,川田,84.5,,3,4.2,37.5,7-5,栗東 須貝,446,6,
202507030310,2025-08-02,中京,10,3歳以上1勝クラス,ダ,1400,左,晴,良,"3回 中京 3日目 サラ系３歳以上 １勝クラス       [指] 定量 13頭 本賞金:800,320,200,120,80万円",13,800.0,2,6,9,ハクサンアイリス,牡,3,55.0,小崎,84.7,1,1,2.8,38.8,2-2,栗東 高橋一,478,-2,
202507030310,2025-08-02,中京,10,3歳以上1勝クラス,ダ,1400,左,晴,良,"3回 中京 3日目 サラ系３歳以上 １勝クラス       [指] 定量 13頭 本賞金:800,320,200,120,80万円",13,800.0,3,6,8,ウォーターパラディ,牡,3,54.0,☆吉村,85.2,3,8,42.8,38.3,6-5,栗東 岡田,458,-10,
202507030310,2025-08-02,中京,10,3歳以上1勝クラス,ダ,1400,左,晴,良,"3回 中京 3日目 サラ系３歳以上 １勝クラス       [指] 定量 13頭 本賞金:800,320,200,120,80万円",13,800.0,4,8,13,シャドウキャッスル,牡,3,51.0,★河原田,85.3,1/2,6,10.9,39.6,1-1,栗東 藤原,468,6,
202507030310,2025-08-02,中京,10,3歳以上1勝クラス,ダ,1400,左,晴,良,"3回 中京 3日目 サラ系３歳以上 １勝クラス       [指] 定量 13頭 本賞金:800,320,200,120,80万円",13,800.0,5,2,2,パルメリータ,牝,5,54.0,◇永島,85.4,1/2,7,23.6,38.9,3-4,栗東 西園正,500,2,
202507030310,2025-08-02,中京,10,3歳以上1勝クラス,ダ,1400,左,晴,良,"3回 中京 3日目 サラ系３歳以上 １勝クラス       [指] 定量 13頭 本賞金:800,320,200,120,80万円",13,800.0,6,4,5,アシャカブラン,牡,4,58.0,秋山稔,85.6,3/4,12,76.6,37.8,13-13,栗東 大根田,518,-2,
202507030310,2025-08-02,中京,10,3歳以上1勝クラス,ダ,1400,左,晴,良,"3回 中京 3日目 サラ系３歳以上 １勝クラス       [指] 定量 13頭 本賞金:800,320,200,120,80万円",13,800.0,7,4,4,アクルクス,牡,3,55.0,幸,85.6,クビ,11,69.0,38.3,10-9,栗東 池添,468,-8,
202507030310,2025-08-02,中京,10,3歳以上1勝クラス,ダ,1400,左,晴,良,"3回 中京 3日目 サラ系３歳以上 １勝クラス       [指] 定量 13頭 本賞金:800,320,200,120,80万円",13,800.0,8,3,3,ダディーズアイル,牡,4,57.0,☆高杉,85.7,クビ,9,46.1,39.3,3-3,栗東 千田,480,2,
202507030310,2025-08-02,中京,10,3歳以上1勝クラス,ダ,1400,左,晴,良,"3回 中京 3日目 サラ系３歳以上 １勝クラス       [指] 定量 13頭 本賞金:800,320,200,120,80万円",13,800.0,9,5,7,ガビーズブラザー,牡,3,55.0,松若,86.0,2,2,4.1,38.6,11-11,栗東 牧田,508,16,
202507030310,2025-08-02,中京,10,3歳以上1勝クラス,ダ,1400,左,晴,良,"3回 中京 3日目 サラ系３歳以上 １勝クラス       [指] 定量 13頭 本賞金:800,320,200,120,80万円",13,800.0,10,7,10,エナジーガンツ,牡,3,55.0,田口,86.2,1,5,10.7,39.1,8-5,栗東 小椋,488,4,
202507030310,2025-08-02,中京,10,3歳以上1勝クラス,ダ,1400,左,晴,良,"3回 中京 3日目 サラ系３歳以上 １勝クラス       [指] 定量 13頭 本賞金:800,320,200,120,80万円",13,800.0,11,8,12,サムデイ,牝,4,56.0,坂井,86.4,1.1/4,4,10.5,39.3,8-9,栗東 新谷,450,-4,
202507030310,2025-08-02,中京,10,3歳以上1勝クラス,ダ,1400,左,晴,良,"3回 中京 3日目 サラ系３歳以上 １勝クラス       [指] 定量 13頭 本賞金:800,320,200,120,80万円",13,800.0,12,1,1,ミスヨシゼン,牝,4,55.0,☆西塚,86.4,アタマ,13,131.9,39.0,11-11,美浦 本間,468,-24,
202507030310,2025-08-02,中京,10,3歳以上1勝クラス,ダ,1400,左,晴,良,"3回 中京 3日目 サラ系３歳以上 １勝クラス       [指] 定量 13頭 本賞金:800,320,200,120,80万円",13,800.0,13,7,11,レジェンダリーデイ,セ,5,58.0,小沢,93.1,大,10,65.4,46.7,3-5,栗東 森田,546,-12,
202507030310,2025-08-02,中京,10,3歳以上1勝クラス,ダ,1400,左,晴,良,"3回 中京 3日目 サラ系３歳以上 １勝クラス       [指] 定量 13頭 本賞金:800,320,200,120,80万円",13,800.0,,1,6,カルパ,,,99.0,100,,12.7,6,11.0,3.0,11.3,2,,,
202507030310,2025-08-02,中京,10,3歳以上1勝クラス,ダ,1400,左,晴,良,"3回 中京 3日目 サラ系３歳以上 １勝クラス       [指] 定量 13頭 本賞金:800,320,200,120,80万円",13,800.0,,1,6,カルパ,,,,-,,-,,,,-,-,,,
202507030311,2025-08-02,中京,11,3歳以上1勝クラス,芝,2000,左,晴,良,"3回 中京 3日目 サラ系３歳以上 １勝クラス       牝[指] 定量 13頭 本賞金:800,320,200,120,80万円",13,800.0,1,5,7,セナスタイル,牝,3,53.0,坂井,121.1,,2,4.1,33.9,6-7-9-7,栗東 安田,438,0,
202507030311,2025-08-02,中京,11,3歳以上1勝クラス,芝,2000,左,晴,良,"3回 中京 3日目 サラ系３歳以上 １勝クラス       牝[指] 定量 13頭 本賞金:800,320,200,120,80万円",13,800.0,2,8,12,マーゴットレジーナ,牝,3,53.0,幸,121.1,アタマ,3,5.3,33.6,13-13-12-12,栗東 小林,434,4,
202507030311,2025-08-02,中京,11,3歳以上1勝クラス,芝,2000,左,晴,良,"3回 中京 3日目 サラ系３歳以上 １勝クラス       牝[指] 定量 13頭 本賞金:800,320,200,120,80万円",13,800.0,3,2,2,キーパフォーマー,牝,4,53.0,▲田山,121.2,3/4,4,8.4,33.4,11-11-13-13,栗東 佐々木,460,0,
202507030311,2025-08-02,中京,11,3歳以上1勝クラス,芝,2000,左,晴,良,"3回 中京 3日目 サラ系３歳以上 １勝クラス       牝[指] 定量 13頭 本賞金:800,320,200,120,80万円",13,800.0,4,8,13,スズカミエール,牝,4,56.0,川又,121.3,クビ,7,13.3,33.9,11-11-11-11,栗東 吉村,474,6,
202507030311,2025-08-02,中京,11,3歳以上1勝クラス,芝,2000,左,晴,良,"3回 中京 3日目 サラ系３歳以上 １勝クラス       牝[指] 定量 13頭 本賞金:800,320,200,120,80万円",13,800.0,5,1,1,ヴォワラクテ,牝,3,52.0,☆吉村,121.3,アタマ,11,36.5,34.1,9-10-10-7,栗東 田中克,442,0,
202507030311,2025-08-02,中京,11,3歳以上1勝クラス,芝,2000,左,晴,良,"3回 中京 3日目 サラ系３歳以上 １勝クラス       牝[指] 定量 13頭 本賞金:800,320,200,120,80万円",13,800.0,6,5,6,ディスパラール,牝,3,53.0,団野,121.6,1.3/4,10,24.3,34.6,9-9-7-4,栗東 斉藤崇,440,2,
202507030311,2025-08-02,中京,11,3歳以上1勝クラス,芝,2000,左,晴,良,"3回 中京 3日目 サラ系３歳以上 １勝クラス       牝[指] 定量 13頭 本賞金:800,320,200,120,80万円",13,800.0,7,4,5,サンセットビュー,牝,4,56.0,川田,121.7,1/2,1,4.0,34.8,6-6-6-4,栗東 新谷,458,2,
202507030311,2025-08-02,中京,11,3歳以上1勝クラス,芝,2000,左,晴,良,"3回 中京 3日目 サラ系３歳以上 １勝クラス       牝[指] 定量 13頭 本賞金:800,320,200,120,80万円",13,800.0,8,7,10,バレンシア,牝,3,52.0,☆西塚,121.9,1.1/2,12,45.4,35.2,1-1-1-1,栗東 笹田,464,2,
202507030311,2025-08-02,中京,11,3歳以上1勝クラス,芝,2000,左,晴,良,"3回 中京 3日目 サラ系３歳以上 １勝クラス       牝[指] 定量 13頭 本賞金:800,320,200,120,80万円",13,800.0,9,4,4,マドモアゼルアスク,牝,3,53.0,バデル,122.0,クビ,6,12.3,35.1,3-3-3-4,栗東 藤原,446,-6,
202507030311,2025-08-02,中京,11,3歳以上1勝クラス,芝,2000,左,晴,良,"3回 中京 3日目 サラ系３歳以上 １勝クラス       牝[指] 定量 13頭 本賞金:800,320,200,120,80万円",13,800.0,10,3,3,アラベラ,牝,3,53.0,松山,122.2,1.1/2,5,12.0,35.0,6-7-7-7,栗東 上村,430,-14,
202507030311,2025-08-02,中京,11,3歳以上1勝クラス,芝,2000,左,晴,良,"3回 中京 3日目 サラ系３歳以上 １勝クラス       牝[指] 定量 13頭 本賞金:800,320,200,120,80万円",13,800.0,11,7,11,ジョワイユノエル,牝,3,53.0,小沢,122.2,アタマ,8,13.6,35.4,2-2-2-2,栗東 辻野,478,10,
202507030311,2025-08-02,中京,11,3歳以上1勝クラス,芝,2000,左,晴,良,"3回 中京 3日目 サラ系３歳以上 １勝クラス       牝[指] 定量 13頭 本賞金:800,320,200,120,80万円",13,800.0,12,6,8,サイレントグルーヴ,牝,4,56.0,角田和,122.7,3,9,19.6,35.9,5-5-3-2,栗東 角田,498,0,
202507030311,2025-08-02,中京,11,3歳以上1勝クラス,芝,2000,左,晴,良,"3回 中京 3日目 サラ系３歳以上 １勝クラス       牝[指] 定量 13頭 本賞金:800,320,200,120,80万円",13,800.0,13,6,9,リードアクトレス,牝,4,56.0,田口,124.1,9,13,270.5,36.9,3-3-3-7,栗東 安達,482,0,
202507030311,2025-08-02,中京,11,3歳以上1勝クラス,芝,2000,左,晴,良,"3回 中京 3日目 サラ系３歳以上 １勝クラス       牝[指] 定量 13頭 本賞金:800,320,200,120,80万円",13,800.0,,1,7,セナスタイル,,,85.0,71,,13.8,4,11.8,5.0,12.7,4,,,
202507030311,2025-08-02,中京,11,3歳以上1勝クラス,芝,2000,左,晴,良,"3回 中京 3日目 サラ系３歳以上 １勝クラス       牝[指] 定量 13頭 本賞金:800,320,200,120,80万円",13,800.0,,1,7,セナスタイル,,,,-,,-,,,,-,-,,,
202507030312,2025-08-02,中京,12,3歳未勝利,芝,1200,左,晴,良,"3回 中京 3日目 サラ系３歳 未勝利       [指] 馬齢 16頭 本賞金:560,220,140,84,56万円",16,560.0,1,3,6,パリコレジェンヌ,牝,3,55.0,田口,67.7,,8,18.2,33.6,8-8,栗東 鈴木孝,456,4,
202507030312,2025-08-02,中京,12,3歳未勝利,芝,1200,左,晴,良,"3回 中京 3日目 サラ系３歳 未勝利       [指] 馬齢 16頭 本賞金:560,220,140,84,56万円",16,560.0,2,4,8,ダノンプリマ,牝,3,55.0,角田和,67.8,3/4,1,3.5,34.3,2-2,栗東 千田,446,6,
202507030312,2025-08-02,中京,12,3歳未勝利,芝,1200,左,晴,良,"3回 中京 3日目 サラ系３歳 未勝利       [指] 馬齢 16頭 本賞金:560,220,140,84,56万円",16,560.0,3,5,9,ヤマニンレセディ,牝,3,55.0,幸,67.9,クビ,5,9.8,34.3,2-3,栗東 長谷川,456,0,
202507030312,2025-08-02,中京,12,3歳未勝利,芝,1200,左,晴,良,"3回 中京 3日目 サラ系３歳 未勝利       [指] 馬齢 16頭 本賞金:560,220,140,84,56万円",16,560.0,4,2,3,モズレイラココナ,牝,3,54.0,☆吉村,68.1,1.1/4,2,4.0,34.7,1-1,栗東 杉山佳,450,-4,
202507030312,2025-08-02,中京,12,3歳未勝利,芝,1200,左,晴,良,"3回 中京 3日目 サラ系３歳 未勝利       [指] 馬齢 16頭 本賞金:560,220,140,84,56万円",16,560.0,5,1,1,タイプツービー,牝,3,55.0,団野,68.1,クビ,11,28.4,34.3,7-6,栗東 斉藤崇,494,2,
202507030312,2025-08-02,中京,12,3歳未勝利,芝,1200,左,晴,良,"3回 中京 3日目 サラ系３歳 未勝利       [指] 馬齢 16頭 本賞金:560,220,140,84,56万円",16,560.0,6,6,12,ギフテッドアベリア,牝,3,55.0,小沢,68.1,クビ,7,16.8,34.4,4-5,栗東 松下,470,2,
202507030312,2025-08-02,中京,12,3歳未勝利,芝,1200,左,晴,良,"3回 中京 3日目 サラ系３歳 未勝利       [指] 馬齢 16頭 本賞金:560,220,140,84,56万円",16,560.0,7,8,16,マローソ,牝,3,55.0,小崎,68.2,1/2,3,7.0,34.4,4-6,栗東 牧田,504,4,
202507030312,2025-08-02,中京,12,3歳未勝利,芝,1200,左,晴,良,"3回 中京 3日目 サラ系３歳 未勝利       [指] 馬齢 16頭 本賞金:560,220,140,84,56万円",16,560.0,8,1,2,スマートロベール,牝,3,54.0,☆西塚,68.3,クビ,9,21.5,34.7,4-3,栗東 笹田,430,0,
202507030312,2025-08-02,中京,12,3歳未勝利,芝,1200,左,晴,良,"3回 中京 3日目 サラ系３歳 未勝利       [指] 馬齢 16頭 本賞金:560,220,140,84,56万円",16,560.0,9,7,13,エイシンパンタレイ,牡,3,57.0,坂井,68.4,1,4,8.0,34.0,9-9,栗東 中尾,508,24,
202507030312,2025-08-02,中京,12,3歳未勝利,芝,1200,左,晴,良,"3回 中京 3日目 サラ系３歳 未勝利       [指] 馬齢 16頭 本賞金:560,220,140,84,56万円",16,560.0,10,8,15,ショウナンナスカ,牡,3,57.0,中井,68.4,アタマ,14,112.2,33.0,14-15,栗東 畑端,470,6,
202507030312,2025-08-02,中京,12,3歳未勝利,芝,1200,左,晴,良,"3回 中京 3日目 サラ系３歳 未勝利       [指] 馬齢 16頭 本賞金:560,220,140,84,56万円",16,560.0,11,4,7,アニュレス,牝,3,55.0,酒井,68.7,1.1/2,12,56.2,34.2,11-10,栗東 佐々木,442,6,
202507030312,2025-08-02,中京,12,3歳未勝利,芝,1200,左,晴,良,"3回 中京 3日目 サラ系３歳 未勝利       [指] 馬齢 16頭 本賞金:560,220,140,84,56万円",16,560.0,12,5,10,ナリタボニー,牝,3,52.0,▲田山,68.8,1,6,16.5,33.7,13-13,栗東 高橋亮,430,4,
202507030312,2025-08-02,中京,12,3歳未勝利,芝,1200,左,晴,良,"3回 中京 3日目 サラ系３歳 未勝利       [指] 馬齢 16頭 本賞金:560,220,140,84,56万円",16,560.0,13,3,5,ゴッドペイズリー,セ,3,53.0,★河原田,69.0,1,15,123.0,34.5,10-10,栗東 飯田,478,4,
202507030312,2025-08-02,中京,12,3歳未勝利,芝,1200,左,晴,良,"3回 中京 3日目 サラ系３歳 未勝利       [指] 馬齢 16頭 本賞金:560,220,140,84,56万円",16,560.0,14,7,14,マテンロウアトラス,牡,3,57.0,太宰,69.4,2.1/2,13,63.4,34.2,14-14,栗東 昆,494,8,
202507030312,2025-08-02,中京,12,3歳未勝利,芝,1200,左,晴,良,"3回 中京 3日目 サラ系３歳 未勝利       [指] 馬齢 16頭 本賞金:560,220,140,84,56万円",16,560.0,15,2,4,アスカノソング,牡,3,57.0,城戸,69.6,1.1/4,16,273.8,34.6,12-12,栗東 宮地,460,0,
202507030312,2025-08-02,中京,12,3歳未勝利,芝,1200,左,晴,良,"3回 中京 3日目 サラ系３歳 未勝利       [指] 馬齢 16頭 本賞金:560,220,140,84,56万円",16,560.0,16,6,11,メイショウマチルダ,牝,3,54.0,☆高杉,70.1,3,10,25.4,34.7,16-15,栗東 鈴木孝,438,6,
202507030312,2025-08-02,中京,12,3歳未勝利,芝,1200,左,晴,良,"3回 中京 3日目 サラ系３歳 未勝利       [指] 馬齢 16頭 本賞金:560,220,140,84,56万円",16,560.0,,1,6,パリコレジェンヌ,,,93.0,95,,12.5,4,10.6,2.0,10.9,2,,,
202507030312,2025-08-02,中京,12,3歳未勝利,芝,1200,左,晴,良,"3回 中京 3日目 サラ系３歳 未勝利       [指] 馬齢 16頭 本賞金:560,220,140,84,56万円",16,560.0,,1,6,パリコレジェンヌ,,,,-,,-,,,,-,-,,,
202501010401,2025-08-03,札幌,1,2歳未勝利,ダ,1000,右,晴,良,"1回 札幌 4日目 サラ系２歳 未勝利       (混)[指] 馬齢 12頭 本賞金:560,220,140,84,56万円",12,560.0,1,6,8,アンティミスト,牡,2,55.0,横山武,60.5,,2,3.9,37.3,1-2,美浦 鈴木伸,516,-8,
202501010401,2025-08-03,札幌,1,2歳未勝利,ダ,1000,右,晴,良,"1回 札幌 4日目 サラ系２歳 未勝利       (混)[指] 馬齢 12頭 本賞金:560,220,140,84,56万円",12,560.0,2,8,11,シュピラー,牡,2,55.0,菱田,60.7,1.1/2,8,21.7,37.4,3-3,美浦 高木,464,-2,
202501010401,2025-08-03,札幌,1,2歳未勝利,ダ,1000,右,晴,良,"1回 札幌 4日目 サラ系２歳 未勝利       (混)[指] 馬齢 12頭 本賞金:560,220,140,84,56万円",12,560.0,3,5,6,ワイドアルバ,牡,2,55.0,丹内,60.8,1/2,7,13.6,36.4,8-7,栗東 藤野,470,-4,
202501010401,2025-08-03,札幌,1,2歳未勝利,ダ,1000,右,晴,良,"1回 札幌 4日目 サラ系２歳 未勝利       (混)[指] 馬齢 12頭 本賞金:560,220,140,84,56万円",12,560.0,4,4,4,スノーランス,牝,2,52.0,▲舟山,61.0,1.1/4,4,7.4,37.2,5-5,美浦 上原佑,448,-4,
202501010401,2025-08-03,札幌,1,2歳未勝利,ダ,1000,右,晴,良,"1回 札幌 4日目 サラ系２歳 未勝利       (混)[指] 馬齢 12頭 本賞金:560,220,140,84,56万円",12,560.0,5,8,12,オアシスアラン,牡,2,54.0,☆松本,61.3,1.1/2,6,9.7,37.9,3-3,栗東 高柳大,486,-6,
202501010401,2025-08-03,札幌,1,2歳未勝利,ダ,1000,右,晴,良,"1回 札幌 4日目 サラ系２歳 未勝利       (混)[指] 馬齢 12頭 本賞金:560,220,140,84,56万円",12,560.0,6,2,2,クラン,牝,2,55.0,横山典,61.3,アタマ,5,7.6,36.9,8-10,栗東 昆,448,-2,
202501010401,2025-08-03,札幌,1,2歳未勝利,ダ,1000,右,晴,良,"1回 札幌 4日目 サラ系２歳 未勝利       (混)[指] 馬齢 12頭 本賞金:560,220,140,84,56万円",12,560.0,7,3,3,ライフイズ,牝,2,52.0,▲和田陽,61.3,ハナ,10,90.3,37.6,5-5,美浦 鈴木慎,418,8,
202501010401,2025-08-03,札幌,1,2歳未勝利,ダ,1000,右,晴,良,"1回 札幌 4日目 サラ系２歳 未勝利       (混)[指] 馬齢 12頭 本賞金:560,220,140,84,56万円",12,560.0,8,7,10,プレザントトーン,牝,2,52.0,▲森田,61.3,クビ,9,37.3,36.6,11-11,栗東 武幸,438,-6,
202501010401,2025-08-03,札幌,1,2歳未勝利,ダ,1000,右,晴,良,"1回 札幌 4日目 サラ系２歳 未勝利       (混)[指] 馬齢 12頭 本賞金:560,220,140,84,56万円",12,560.0,9,6,7,ハチハチローズ,牝,2,52.0,▲橋木,61.4,クビ,11,177.7,37.1,8-9,美浦 松永康,360,-4,
202501010401,2025-08-03,札幌,1,2歳未勝利,ダ,1000,右,晴,良,"1回 札幌 4日目 サラ系２歳 未勝利       (混)[指] 馬齢 12頭 本賞金:560,220,140,84,56万円",12,560.0,10,5,5,ニシノオールワン,牝,2,55.0,鮫島駿,61.4,アタマ,3,7.2,38.2,2-1,美浦 加藤征,458,2,
202501010401,2025-08-03,札幌,1,2歳未勝利,ダ,1000,右,晴,良,"1回 札幌 4日目 サラ系２歳 未勝利       (混)[指] 馬齢 12頭 本賞金:560,220,140,84,56万円",12,560.0,11,7,9,ヴィヒタ,牡,2,52.0,▲柴田裕,61.6,1.1/4,12,278.4,36.8,12-12,美浦 松山,430,4,
202501010401,2025-08-03,札幌,1,2歳未勝利,ダ,1000,右,晴,良,"1回 札幌 4日目 サラ系２歳 未勝利       (混)[指] 馬齢 12頭 本賞金:560,220,140,84,56万円",12,560.0,12,1,1,ドナソレイ,牝,2,52.0,▲小林美,63.0,8,1,3.0,39.2,5-7,美浦 伊藤圭,468,6,
202501010401,2025-08-03,札幌,1,2歳未勝利,ダ,1000,右,晴,良,"1回 札幌 4日目 サラ系２歳 未勝利       (混)[指] 馬齢 12頭 本賞金:560,220,140,84,56万円",12,560.0,,1,8,アンティミスト,,,102.0,93,,12.5,3,10.7,2.0,11.8,2,,,
202501010401,2025-08-03,札幌,1,2歳未勝利,ダ,1000,右,晴,良,"1回 札幌 4日目 サラ系２歳 未勝利       (混)[指] 馬齢 12頭 本賞金:560,220,140,84,56万円",12,560.0,,1,8,アンティミスト,,,,-,,-,,,,-,-,,,
202501010402,2025-08-03,札幌,2,3歳未勝利,ダ,1700,右,晴,良,"1回 札幌 4日目 サラ系３歳 未勝利       牝[指] 馬齢 14頭 本賞金:560,220,140,84,56万円",14,560.0,1,8,13,レディゴディヴァ,牝,3,55.0,鮫島駿,106.6,,3,7.1,38.3,1-1-1-1,栗東 小崎,424,0,
202501010402,2025-08-03,札幌,2,3歳未勝利,ダ,1700,右,晴,良,"1回 札幌 4日目 サラ系３歳 未勝利       牝[指] 馬齢 14頭 本賞金:560,220,140,84,56万円",14,560.0,2,3,3,カスバートテソーロ,牝,3,55.0,吉田隼,107.0,2.1/2,6,13.1,38.4,11-10-3-2,美浦 畠山,446,26,
202501010402,2025-08-03,札幌,2,3歳未勝利,ダ,1700,右,晴,良,"1回 札幌 4日目 サラ系３歳 未勝利       牝[指] 馬齢 14頭 本賞金:560,220,140,84,56万円",14,560.0,3,2,2,ハッピールンナ,牝,3,55.0,古川吉,107.7,4,4,10.8,38.5,11-13-13-8,栗東 大根田,492,-2,
202501010402,2025-08-03,札幌,2,3歳未勝利,ダ,1700,右,晴,良,"1回 札幌 4日目 サラ系３歳 未勝利       牝[指] 馬齢 14頭 本賞金:560,220,140,84,56万円",14,560.0,4,7,11,メイショウナナコ,牝,3,55.0,武豊,108.0,1.1/2,5,11.8,39.3,4-5-6-5,栗東 荒川,460,-8,
202501010402,2025-08-03,札幌,2,3歳未勝利,ダ,1700,右,晴,良,"1回 札幌 4日目 サラ系３歳 未勝利       牝[指] 馬齢 14頭 本賞金:560,220,140,84,56万円",14,560.0,5,1,1,シンシーネ,牝,3,52.0,▲舟山,108.0,ハナ,7,20.5,39.5,4-3-3-4,栗東 高橋忠,464,-2,
202501010402,2025-08-03,札幌,2,3歳未勝利,ダ,1700,右,晴,良,"1回 札幌 4日目 サラ系３歳 未勝利       牝[指] 馬齢 14頭 本賞金:560,220,140,84,56万円",14,560.0,6,5,8,ハイゼンスレイ,牝,3,55.0,丹内,108.1,クビ,1,1.9,39.3,14-13-6-7,栗東 畑端,470,-6,
202501010402,2025-08-03,札幌,2,3歳未勝利,ダ,1700,右,晴,良,"1回 札幌 4日目 サラ系３歳 未勝利       牝[指] 馬齢 14頭 本賞金:560,220,140,84,56万円",14,560.0,7,8,14,ルージュラティーナ,牝,3,55.0,佐々木,108.7,3.1/2,10,56.1,40.3,2-2-2-3,栗東 池江,504,16,
202501010402,2025-08-03,札幌,2,3歳未勝利,ダ,1700,右,晴,良,"1回 札幌 4日目 サラ系３歳 未勝利       牝[指] 馬齢 14頭 本賞金:560,220,140,84,56万円",14,560.0,8,6,9,ホウオウハナビ,牝,3,55.0,池添,108.9,1.1/2,8,39.5,40.0,9-8-8-5,美浦 奥村武,492,6,
202501010402,2025-08-03,札幌,2,3歳未勝利,ダ,1700,右,晴,良,"1回 札幌 4日目 サラ系３歳 未勝利       牝[指] 馬齢 14頭 本賞金:560,220,140,84,56万円",14,560.0,9,3,4,ハプスブルグ,牝,3,52.0,▲古川奈,109.2,2,12,216.6,40.1,8-8-10-13,栗東 河嶋,482,-7,
202501010402,2025-08-03,札幌,2,3歳未勝利,ダ,1700,右,晴,良,"1回 札幌 4日目 サラ系３歳 未勝利       牝[指] 馬齢 14頭 本賞金:560,220,140,84,56万円",14,560.0,10,4,6,スワローサプライズ,牝,3,52.0,▲森田,109.3,クビ,14,273.7,39.5,9-10-14-14,栗東 杉山晴,458,-4,
202501010402,2025-08-03,札幌,2,3歳未勝利,ダ,1700,右,晴,良,"1回 札幌 4日目 サラ系３歳 未勝利       牝[指] 馬齢 14頭 本賞金:560,220,140,84,56万円",14,560.0,11,7,12,アニラ,牝,3,53.0,△鷲頭,109.5,1.1/4,11,132.7,40.5,6-6-10-10,栗東 松下,458,12,
202501010402,2025-08-03,札幌,2,3歳未勝利,ダ,1700,右,晴,良,"1回 札幌 4日目 サラ系３歳 未勝利       牝[指] 馬齢 14頭 本賞金:560,220,140,84,56万円",14,560.0,12,6,10,ヤマニンパルフェ,牝,3,55.0,横山武,109.6,1/2,2,4.5,40.5,11-10-10-8,美浦 辻,500,-6,
202501010402,2025-08-03,札幌,2,3歳未勝利,ダ,1700,右,晴,良,"1回 札幌 4日目 サラ系３歳 未勝利       牝[指] 馬齢 14頭 本賞金:560,220,140,84,56万円",14,560.0,13,4,5,エニグマティーク,牝,3,52.0,▲和田陽,111.4,大,13,221.0,42.8,2-3-3-12,栗東 小崎,464,0,
202501010402,2025-08-03,札幌,2,3歳未勝利,ダ,1700,右,晴,良,"1回 札幌 4日目 サラ系３歳 未勝利       牝[指] 馬齢 14頭 本賞金:560,220,140,84,56万円",14,560.0,14,5,7,ブルームワルツ,牝,3,52.0,▲小林美,111.6,3/4,9,41.4,42.7,6-7-8-10,美浦 稲垣,426,-2,
202501010402,2025-08-03,札幌,2,3歳未勝利,ダ,1700,右,晴,良,"1回 札幌 4日目 サラ系３歳 未勝利       牝[指] 馬齢 14頭 本賞金:560,220,140,84,56万円",14,560.0,,1,13,レディゴディヴァ,,,101.0,97,,6.9,9,11.3,2.0,12.4,2,,,
202501010402,2025-08-03,札幌,2,3歳未勝利,ダ,1700,右,晴,良,"1回 札幌 4日目 サラ系３歳 未勝利       牝[指] 馬齢 14頭 本賞金:560,220,140,84,56万円",14,560.0,,1,13,レディゴディヴァ,,,,-,,-,,,,-,-,,,
202501010403,2025-08-03,札幌,3,3歳未勝利,芝,2000,右,晴,良,"1回 札幌 4日目 サラ系３歳 未勝利       (混)[指] 馬齢 16頭 本賞金:560,220,140,84,56万円",16,560.0,1,8,16,パーフェクトパール,牝,3,55.0,佐々木,121.9,,1,2.2,35.3,2-2-3-2,栗東 中内田,486,4,
202501010403,2025-08-03,札幌,3,3歳未勝利,芝,2000,右,晴,良,"1回 札幌 4日目 サラ系３歳 未勝利       (混)[指] 馬齢 16頭 本賞金:560,220,140,84,56万円",16,560.0,2,1,1,ヒルノレーダン,牝,3,55.0,古川吉,122.2,2,6,14.6,35.0,8-8-8-5,栗東 昆,424,18,
202501010403,2025-08-03,札幌,3,3歳未勝利,芝,2000,右,晴,良,"1回 札幌 4日目 サラ系３歳 未勝利       (混)[指] 馬齢 16頭 本賞金:560,220,140,84,56万円",16,560.0,3,2,4,シャインフリーリー,牡,3,57.0,黛,122.3,1/2,5,10.7,34.8,11-12-11-8,美浦 矢嶋,470,-4,
202501010403,2025-08-03,札幌,3,3歳未勝利,芝,2000,右,晴,良,"1回 札幌 4日目 サラ系３歳 未勝利       (混)[指] 馬齢 16頭 本賞金:560,220,140,84,56万円",16,560.0,4,1,2,クランドゥイユ,牝,3,55.0,北村友,122.3,ハナ,2,5.4,35.3,4-4-5-3,栗東 前川,478,-2,
202501010403,2025-08-03,札幌,3,3歳未勝利,芝,2000,右,晴,良,"1回 札幌 4日目 サラ系３歳 未勝利       (混)[指] 馬齢 16頭 本賞金:560,220,140,84,56万円",16,560.0,5,5,9,ハクサンミラクル,牡,3,57.0,横山武,122.4,1/2,3,6.2,35.9,1-1-1-1,美浦 武藤,472,0,
202501010403,2025-08-03,札幌,3,3歳未勝利,芝,2000,右,晴,良,"1回 札幌 4日目 サラ系３歳 未勝利       (混)[指] 馬齢 16頭 本賞金:560,220,140,84,56万円",16,560.0,6,7,14,ノボリユーミン,牝,3,52.0,▲ 舟山瑠,123.0,3.1/2,9,36.3,36.0,6-5-5-5,栗東 石橋,472,-2,
202501010403,2025-08-03,札幌,3,3歳未勝利,芝,2000,右,晴,良,"1回 札幌 4日目 サラ系３歳 未勝利       (混)[指] 馬齢 16頭 本賞金:560,220,140,84,56万円",16,560.0,7,6,12,マルテアヴニール,牝,3,52.0,▲森田,123.3,2,15,299.6,35.8,8-9-11-10,美浦 小島,432,-12,
202501010403,2025-08-03,札幌,3,3歳未勝利,芝,2000,右,晴,良,"1回 札幌 4日目 サラ系３歳 未勝利       (混)[指] 馬齢 16頭 本賞金:560,220,140,84,56万円",16,560.0,8,4,7,オラリオン,牡,3,54.0,▲和田陽,123.3,アタマ,12,107.8,35.4,14-15-16-10,栗東 高橋一,478,4,
202501010403,2025-08-03,札幌,3,3歳未勝利,芝,2000,右,晴,良,"1回 札幌 4日目 サラ系３歳 未勝利       (混)[指] 馬齢 16頭 本賞金:560,220,140,84,56万円",16,560.0,9,7,13,アルハイルフォート,牡,3,57.0,キング,123.4,クビ,4,8.0,36.3,4-7-7-9,栗東 高野,506,-10,
202501010403,2025-08-03,札幌,3,3歳未勝利,芝,2000,右,晴,良,"1回 札幌 4日目 サラ系３歳 未勝利       (混)[指] 馬齢 16頭 本賞金:560,220,140,84,56万円",16,560.0,10,6,11,ナリノボガート,牡,3,57.0,原田和,123.5,1/2,10,74.3,35.8,13-13-14-13,美浦 上原博,460,-8,
202501010403,2025-08-03,札幌,3,3歳未勝利,芝,2000,右,晴,良,"1回 札幌 4日目 サラ系３歳 未勝利       (混)[指] 馬齢 16頭 本賞金:560,220,140,84,56万円",16,560.0,11,3,5,ルージュレアリーズ,牝,3,54.0,☆松本,123.6,クビ,7,17.6,36.0,10-9-11-13,栗東 福永,436,-2,
202501010403,2025-08-03,札幌,3,3歳未勝利,芝,2000,右,晴,良,"1回 札幌 4日目 サラ系３歳 未勝利       (混)[指] 馬齢 16頭 本賞金:560,220,140,84,56万円",16,560.0,12,2,3,カラーズリング,牝,3,52.0,▲古川奈,123.7,3/4,13,185.6,36.4,6-5-8-10,栗東 羽月,402,8,
202501010403,2025-08-03,札幌,3,3歳未勝利,芝,2000,右,晴,良,"1回 札幌 4日目 サラ系３歳 未勝利       (混)[指] 馬齢 16頭 本賞金:560,220,140,84,56万円",16,560.0,13,3,6,マリエンプラッツ,牝,3,55.0,菱田,123.9,1.1/4,8,25.4,37.1,2-3-4-5,栗東 橋口,450,8,
202501010403,2025-08-03,札幌,3,3歳未勝利,芝,2000,右,晴,良,"1回 札幌 4日目 サラ系３歳 未勝利       (混)[指] 馬齢 16頭 本賞金:560,220,140,84,56万円",16,560.0,14,5,10,ハルノート,牡,3,55.0,△鷲頭,124.5,3.1/2,14,243.8,36.8,16-15-14-16,美浦 小手川,472,4,
202501010403,2025-08-03,札幌,3,3歳未勝利,芝,2000,右,晴,良,"1回 札幌 4日目 サラ系３歳 未勝利       (混)[指] 馬齢 16頭 本賞金:560,220,140,84,56万円",16,560.0,15,4,8,ミルキーハニー,牝,3,52.0,▲小林美,124.5,クビ,11,104.3,38.0,14-13-2-4,美浦 尾形,484,-6,
202501010403,2025-08-03,札幌,3,3歳未勝利,芝,2000,右,晴,良,"1回 札幌 4日目 サラ系３歳 未勝利       (混)[指] 馬齢 16頭 本賞金:560,220,140,84,56万円",16,560.0,16,8,15,イモータリティ,牡,3,57.0,吉田隼,125.2,4,16,358.5,38.0,11-9-8-15,美浦 栗田,450,0,
202501010403,2025-08-03,札幌,3,3歳未勝利,芝,2000,右,晴,良,"1回 札幌 4日目 サラ系３歳 未勝利       (混)[指] 馬齢 16頭 本賞金:560,220,140,84,56万円",16,560.0,,1,16,パーフェクトパール,,,92.0,75,,12.9,5,11.7,2.0,12.5,2,,,
202501010403,2025-08-03,札幌,3,3歳未勝利,芝,2000,右,晴,良,"1回 札幌 4日目 サラ系３歳 未勝利       (混)[指] 馬齢 16頭 本賞金:560,220,140,84,56万円",16,560.0,,1,16,パーフェクトパール,,,,-,,-,,,,-,-,,,
202501010404,2025-08-03,札幌,4,3歳未勝利,ダ,1700,右,晴,良,"1回 札幌 4日目 サラ系３歳 未勝利       [指] 馬齢 14頭 本賞金:560,220,140,84,56万円",14,560.0,1,5,8,ザハント,牡,3,57.0,横山武,107.1,,1,3.0,39.6,2-2-1-1,栗東 田中克,488,-2,
202501010404,2025-08-03,札幌,4,3歳未勝利,ダ,1700,右,晴,良,"1回 札幌 4日目 サラ系３歳 未勝利       [指] 馬齢 14頭 本賞金:560,220,140,84,56万円",14,560.0,2,7,12,ドバイミッション,牡,3,57.0,菱田,107.6,3,6,13.8,40.0,11-11-2-2,栗東 辻野,542,0,
202501010404,2025-08-03,札幌,4,3歳未勝利,ダ,1700,右,晴,良,"1回 札幌 4日目 サラ系３歳 未勝利       [指] 馬齢 14頭 本賞金:560,220,140,84,56万円",14,560.0,3,5,7,エンジョイドライブ,牡,3,57.0,古川吉,107.7,クビ,5,8.3,39.9,4-4-3-3,栗東 宮本,482,4,
202501010404,2025-08-03,札幌,4,3歳未勝利,ダ,1700,右,晴,良,"1回 札幌 4日目 サラ系３歳 未勝利       [指] 馬齢 14頭 本賞金:560,220,140,84,56万円",14,560.0,4,8,14,エポカリーナ,牡,3,54.0,▲古川奈,107.9,1,2,4.2,39.9,6-6-5-3,美浦 土田,458,4,
202501010404,2025-08-03,札幌,4,3歳未勝利,ダ,1700,右,晴,良,"1回 札幌 4日目 サラ系３歳 未勝利       [指] 馬齢 14頭 本賞金:560,220,140,84,56万円",14,560.0,5,1,1,スフレ,牝,3,55.0,武豊,108.3,2.1/2,7,14.5,39.5,10-11-11-8,栗東 野中,428,-4,
202501010404,2025-08-03,札幌,4,3歳未勝利,ダ,1700,右,晴,良,"1回 札幌 4日目 サラ系３歳 未勝利       [指] 馬齢 14頭 本賞金:560,220,140,84,56万円",14,560.0,6,3,4,ジーティーファラオ,牡,3,57.0,鮫島駿,108.4,3/4,4,6.6,40.4,13-13-5-5,栗東 矢作,468,0,
202501010404,2025-08-03,札幌,4,3歳未勝利,ダ,1700,右,晴,良,"1回 札幌 4日目 サラ系３歳 未勝利       [指] 馬齢 14頭 本賞金:560,220,140,84,56万円",14,560.0,7,6,10,オドラニャソンソン,牡,3,54.0,▲舟山,108.6,1.1/4,11,161.3,40.5,8-6-7-6,栗東 東田,460,0,
202501010404,2025-08-03,札幌,4,3歳未勝利,ダ,1700,右,晴,良,"1回 札幌 4日目 サラ系３歳 未勝利       [指] 馬齢 14頭 本賞金:560,220,140,84,56万円",14,560.0,8,4,5,エンドレスバンカー,牡,3,56.0,☆松本,108.7,1/2,10,47.1,39.6,14-14-13-9,栗東 安田,486,-12,
202501010404,2025-08-03,札幌,4,3歳未勝利,ダ,1700,右,晴,良,"1回 札幌 4日目 サラ系３歳 未勝利       [指] 馬齢 14頭 本賞金:560,220,140,84,56万円",14,560.0,9,8,13,スピードイエロー,牡,3,55.0,△鷲頭,109.4,4,3,6.3,41.2,11-10-8-6,栗東 佐々木,434,10,
202501010404,2025-08-03,札幌,4,3歳未勝利,ダ,1700,右,晴,良,"1回 札幌 4日目 サラ系３歳 未勝利       [指] 馬齢 14頭 本賞金:560,220,140,84,56万円",14,560.0,10,6,9,アトラクトラン,牡,3,54.0,▲小林美,111.1,10,9,31.3,42.4,4-5-9-10,栗東 渡辺,452,-8,
202501010404,2025-08-03,札幌,4,3歳未勝利,ダ,1700,右,晴,良,"1回 札幌 4日目 サラ系３歳 未勝利       [指] 馬齢 14頭 本賞金:560,220,140,84,56万円",14,560.0,11,3,3,マナミン,牝,3,52.0,▲橋木,111.6,3,13,193.6,42.9,3-3-9-12,栗東 高橋康,452,16,
202501010404,2025-08-03,札幌,4,3歳未勝利,ダ,1700,右,晴,良,"1回 札幌 4日目 サラ系３歳 未勝利       [指] 馬齢 14頭 本賞金:560,220,140,84,56万円",14,560.0,12,4,6,ダイハッシュウ,牡,3,54.0,▲森田,111.8,1,12,168.5,44.0,1-1-3-11,栗東 牧田,434,-4,
202501010404,2025-08-03,札幌,4,3歳未勝利,ダ,1700,右,晴,良,"1回 札幌 4日目 サラ系３歳 未勝利       [指] 馬齢 14頭 本賞金:560,220,140,84,56万円",14,560.0,13,7,11,マーゴットビースト,牡,3,57.0,佐々木,111.9,1/2,8,25.0,43.1,6-9-11-13,美浦 伊坂,496,4,
202501010404,2025-08-03,札幌,4,3歳未勝利,ダ,1700,右,晴,良,"1回 札幌 4日目 サラ系３歳 未勝利       [指] 馬齢 14頭 本賞金:560,220,140,84,56万円",14,560.0,14,2,2,ハーイバービー,牝,3,52.0,▲和田陽,112.5,4,14,196.4,43.1,8-6-14-14,栗東 畑端,440,-16,
202501010404,2025-08-03,札幌,4,3歳未勝利,ダ,1700,右,晴,良,"1回 札幌 4日目 サラ系３歳 未勝利       [指] 馬齢 14頭 本賞金:560,220,140,84,56万円",14,560.0,,1,8,ザハント,,,100.0,100,,7.2,8,11.1,2.0,11.9,2,,,
202501010404,2025-08-03,札幌,4,3歳未勝利,ダ,1700,右,晴,良,"1回 札幌 4日目 サラ系３歳 未勝利       [指] 馬齢 14頭 本賞金:560,220,140,84,56万円",14,560.0,,1,8,ザハント,,,,-,,-,,,,-,-,,,
202501010405,2025-08-03,札幌,5,2歳新馬,芝,1800,右,晴,良,"1回 札幌 4日目 サラ系２歳 新馬       [指] 馬齢 8頭 本賞金:750,300,190,110,75万円",8,750.0,1,4,4,クレパスキュラー,牡,2,55.0,キング,107.2,,2,4.0,35.2,3-3-1-1,美浦 栗田,470,0,
202501010405,2025-08-03,札幌,5,2歳新馬,芝,1800,右,晴,良,"1回 札幌 4日目 サラ系２歳 新馬       [指] 馬齢 8頭 本賞金:750,300,190,110,75万円",8,750.0,2,8,8,ストロベリーツリー,牝,2,55.0,川田,108.1,5,1,1.6,35.6,4-4-3-2,栗東 中内田,468,0,
202501010405,2025-08-03,札幌,5,2歳新馬,芝,1800,右,晴,良,"1回 札幌 4日目 サラ系２歳 新馬       [指] 馬齢 8頭 本賞金:750,300,190,110,75万円",8,750.0,3,6,6,グロリアスマーチ,牡,2,55.0,佐々木,108.8,4,3,5.3,36.3,2-1-3-2,栗東 須貝,488,0,
202501010405,2025-08-03,札幌,5,2歳新馬,芝,1800,右,晴,良,"1回 札幌 4日目 サラ系２歳 新馬       [指] 馬齢 8頭 本賞金:750,300,190,110,75万円",8,750.0,4,2,2,トゥレネヴェリテ,牡,2,55.0,横山武,109.4,3.1/2,5,34.0,35.1,6-6-6-6,栗東 中竹,452,0,
202501010405,2025-08-03,札幌,5,2歳新馬,芝,1800,右,晴,良,"1回 札幌 4日目 サラ系２歳 新馬       [指] 馬齢 8頭 本賞金:750,300,190,110,75万円",8,750.0,5,1,1,ジェネチェン,牝,2,55.0,菱田,109.4,アタマ,6,61.2,35.5,5-5-5-5,栗東 角田,448,0,
202501010405,2025-08-03,札幌,5,2歳新馬,芝,1800,右,晴,良,"1回 札幌 4日目 サラ系２歳 新馬       [指] 馬齢 8頭 本賞金:750,300,190,110,75万円",8,750.0,6,7,7,シャルムグリーン,牡,2,55.0,丹内,110.6,7,4,6.8,38.4,1-2-2-4,美浦 相沢,476,0,
202501010405,2025-08-03,札幌,5,2歳新馬,芝,1800,右,晴,良,"1回 札幌 4日目 サラ系２歳 新馬       [指] 馬齢 8頭 本賞金:750,300,190,110,75万円",8,750.0,7,3,3,レッドファイブ,牡,2,54.0,☆松本,114.5,大,7,162.6,40.1,7-7-7-7,栗東 安田,490,0,
202501010405,2025-08-03,札幌,5,2歳新馬,芝,1800,右,晴,良,"1回 札幌 4日目 サラ系２歳 新馬       [指] 馬齢 8頭 本賞金:750,300,190,110,75万円",8,750.0,,5,5,クロンヌジャン,牡,2,55.0,武豊,,,,,,,栗東 鈴木孝,466,0,除外
202501010405,2025-08-03,札幌,5,2歳新馬,芝,1800,右,晴,良,"1回 札幌 4日目 サラ系２歳 新馬       [指] 馬齢 8頭 本賞金:750,300,190,110,75万円",8,750.0,,1,4,クレパスキュラー,,,91.0,98,,13.2,2,11.7,2.0,12.0,3,,,
202501010405,2025-08-03,札幌,5,2歳新馬,芝,1800,右,晴,良,"1回 札幌 4日目 サラ系２歳 新馬       [指] 馬齢 8頭 本賞金:750,300,190,110,75万円",8,750.0,,1,4,クレパスキュラー,,,,-,,-,,,,-,-,,,
202501010406,2025-08-03,札幌,6,3歳未勝利,芝,1500,右,晴,良,"1回 札幌 4日目 サラ系３歳 未勝利       (混)[指] 馬齢 14頭 本賞金:560,220,140,84,56万円",14,560.0,1,8,13,ウインイザナミ,牝,3,55.0,丹内,87.8,,1,3.5,36.0,7-3-3,美浦 上原博,498,-2,
202501010406,2025-08-03,札幌,6,3歳未勝利,芝,1500,右,晴,良,"1回 札幌 4日目 サラ系３歳 未勝利       (混)[指] 馬齢 14頭 本賞金:560,220,140,84,56万円",14,560.0,2,5,8,アルシャンティ,牝,3,52.0,▲舟山,87.8,クビ,11,55.2,36.2,2-2-2,栗東 茶木,434,2,
202501010406,2025-08-03,札幌,6,3歳未勝利,芝,1500,右,晴,良,"1回 札幌 4日目 サラ系３歳 未勝利       (混)[指] 馬齢 14頭 本賞金:560,220,140,84,56万円",14,560.0,3,4,5,キュイジニエール,牝,3,55.0,横山武,88.0,1.1/4,6,9.9,35.6,11-11-5,栗東 新谷,442,-2,
202501010406,2025-08-03,札幌,6,3歳未勝利,芝,1500,右,晴,良,"1回 札幌 4日目 サラ系３歳 未勝利       (混)[指] 馬齢 14頭 本賞金:560,220,140,84,56万円",14,560.0,4,5,7,フリアフロリダ,牝,3,51.0,△鷲頭,88.5,3,4,6.6,36.4,7-6-4,栗東 小栗,468,6,
202501010406,2025-08-03,札幌,6,3歳未勝利,芝,1500,右,晴,良,"1回 札幌 4日目 サラ系３歳 未勝利       (混)[指] 馬齢 14頭 本賞金:560,220,140,84,56万円",14,560.0,5,3,3,リラゲイル,牡,3,57.0,佐々木,88.5,アタマ,7,20.8,36.1,9-11-8,栗東 須貝,468,0,
202501010406,2025-08-03,札幌,6,3歳未勝利,芝,1500,右,晴,良,"1回 札幌 4日目 サラ系３歳 未勝利       (混)[指] 馬齢 14頭 本賞金:560,220,140,84,56万円",14,560.0,6,6,9,ショウナンタハティ,牡,3,57.0,キング,89.0,3,5,9.2,37.0,9-6-5,美浦 大竹,498,-2,
202501010406,2025-08-03,札幌,6,3歳未勝利,芝,1500,右,晴,良,"1回 札幌 4日目 サラ系３歳 未勝利       (混)[指] 馬齢 14頭 本賞金:560,220,140,84,56万円",14,560.0,7,8,14,ウフルピーク,牝,3,55.0,藤岡佑,89.1,1/2,3,6.2,37.0,11-6-8,栗東 藤岡,414,2,
202501010406,2025-08-03,札幌,6,3歳未勝利,芝,1500,右,晴,良,"1回 札幌 4日目 サラ系３歳 未勝利       (混)[指] 馬齢 14頭 本賞金:560,220,140,84,56万円",14,560.0,8,7,11,ナッシングベター,牝,3,55.0,横山琉,89.1,ハナ,12,91.9,36.4,13-13-11,美浦 稲垣,454,4,
202501010406,2025-08-03,札幌,6,3歳未勝利,芝,1500,右,晴,良,"1回 札幌 4日目 サラ系３歳 未勝利       (混)[指] 馬齢 14頭 本賞金:560,220,140,84,56万円",14,560.0,9,1,1,マンゲタック,牝,3,55.0,武豊,89.1,クビ,2,3.6,37.8,1-1-1,美浦 古賀,466,10,
202501010406,2025-08-03,札幌,6,3歳未勝利,芝,1500,右,晴,良,"1回 札幌 4日目 サラ系３歳 未勝利       (混)[指] 馬齢 14頭 本賞金:560,220,140,84,56万円",14,560.0,10,6,10,スルースウェイ,牝,3,55.0,北村友,90.0,5,10,43.8,37.8,3-9-13,栗東 藤岡,460,2,
202501010406,2025-08-03,札幌,6,3歳未勝利,芝,1500,右,晴,良,"1回 札幌 4日目 サラ系３歳 未勝利       (混)[指] 馬齢 14頭 本賞金:560,220,140,84,56万円",14,560.0,11,7,12,オニムシャ,牡,3,54.0,▲和田陽,90.1,クビ,8,29.7,38.3,4-3-5,栗東 松永幹,450,-10,
202501010406,2025-08-03,札幌,6,3歳未勝利,芝,1500,右,晴,良,"1回 札幌 4日目 サラ系３歳 未勝利       (混)[指] 馬齢 14頭 本賞金:560,220,140,84,56万円",14,560.0,12,4,6,トーセンアーロン,牡,3,57.0,原田和,90.9,5,14,216.2,38.7,4-9-11,美浦 小笠,482,22,
202501010406,2025-08-03,札幌,6,3歳未勝利,芝,1500,右,晴,良,"1回 札幌 4日目 サラ系３歳 未勝利       (混)[指] 馬齢 14頭 本賞金:560,220,140,84,56万円",14,560.0,13,2,2,ルルファーレ,牝,3,52.0,▲小林美,91.7,5,13,103.9,38.5,14-14-14,美浦 菊沢,442,0,
202501010406,2025-08-03,札幌,6,3歳未勝利,芝,1500,右,晴,良,"1回 札幌 4日目 サラ系３歳 未勝利       (混)[指] 馬齢 14頭 本賞金:560,220,140,84,56万円",14,560.0,14,3,4,シャンパングラス,牡,3,57.0,鮫島駿,92.4,4,9,41.8,40.6,4-3-8,美浦 池上,444,12,
202501010406,2025-08-03,札幌,6,3歳未勝利,芝,1500,右,晴,良,"1回 札幌 4日目 サラ系３歳 未勝利       (混)[指] 馬齢 14頭 本賞金:560,220,140,84,56万円",14,560.0,,1,13,ウインイザナミ,,,99.0,104,,6.9,13,11.1,4.0,11.0,4,,,
202501010406,2025-08-03,札幌,6,3歳未勝利,芝,1500,右,晴,良,"1回 札幌 4日目 サラ系３歳 未勝利       (混)[指] 馬齢 14頭 本賞金:560,220,140,84,56万円",14,560.0,,1,13,ウインイザナミ,,,,-,,-,,,,-,-,,,
202501010407,2025-08-03,札幌,7,3歳以上1勝クラス,ダ,1700,右,晴,良,"1回 札幌 4日目 サラ系３歳以上 １勝クラス       [指] 定量 12頭 本賞金:800,320,200,120,80万円",12,800.0,1,5,6,カペルブリュッケ,牡,3,55.0,鮫島駿,105.8,,3,4.6,38.1,9-8-6-3,栗東 浜田,454,6,
202501010407,2025-08-03,札幌,7,3歳以上1勝クラス,ダ,1700,右,晴,良,"1回 札幌 4日目 サラ系３歳以上 １勝クラス       [指] 定量 12頭 本賞金:800,320,200,120,80万円",12,800.0,2,3,3,ローズマイスター,牡,3,52.0,▲小林美,105.8,ハナ,7,13.7,37.7,10-10-10-3,美浦 黒岩,510,2,
202501010407,2025-08-03,札幌,7,3歳以上1勝クラス,ダ,1700,右,晴,良,"1回 札幌 4日目 サラ系３歳以上 １勝クラス       [指] 定量 12頭 本賞金:800,320,200,120,80万円",12,800.0,3,8,12,アイオリア,牡,3,55.0,横山典,106.4,3.1/2,5,9.3,37.7,11-11-11-10,美浦 奥村武,518,10,
202501010407,2025-08-03,札幌,7,3歳以上1勝クラス,ダ,1700,右,晴,良,"1回 札幌 4日目 サラ系３歳以上 １勝クラス       [指] 定量 12頭 本賞金:800,320,200,120,80万円",12,800.0,4,5,5,リーゼノアール,セ,5,58.0,北村友,106.7,1.1/2,2,4.2,38.8,8-8-9-7,美浦 国枝,486,0,
202501010407,2025-08-03,札幌,7,3歳以上1勝クラス,ダ,1700,右,晴,良,"1回 札幌 4日目 サラ系３歳以上 １勝クラス       [指] 定量 12頭 本賞金:800,320,200,120,80万円",12,800.0,5,1,1,マーベリックシチー,牡,4,58.0,吉田隼,107.0,2,10,141.0,39.5,4-5-4-3,栗東 岡田,468,0,
202501010407,2025-08-03,札幌,7,3歳以上1勝クラス,ダ,1700,右,晴,良,"1回 札幌 4日目 サラ系３歳以上 １勝クラス       [指] 定量 12頭 本賞金:800,320,200,120,80万円",12,800.0,6,4,4,マクミランテソーロ,牡,4,58.0,丹内,107.3,2,4,7.0,39.9,2-2-2-1,美浦 田中剛,480,6,
202501010407,2025-08-03,札幌,7,3歳以上1勝クラス,ダ,1700,右,晴,良,"1回 札幌 4日目 サラ系３歳以上 １勝クラス       [指] 定量 12頭 本賞金:800,320,200,120,80万円",12,800.0,7,7,10,グランレザンドール,牡,4,55.0,▲舟山,108.0,4,11,141.5,40.5,3-2-4-3,栗東 高橋忠,514,0,
202501010407,2025-08-03,札幌,7,3歳以上1勝クラス,ダ,1700,右,晴,良,"1回 札幌 4日目 サラ系３歳以上 １勝クラス       [指] 定量 12頭 本賞金:800,320,200,120,80万円",12,800.0,8,2,2,ゴルデールスカー,牡,5,58.0,キング,108.0,アタマ,6,9.5,40.2,4-6-8-9,栗東 加藤公,470,-6,
202501010407,2025-08-03,札幌,7,3歳以上1勝クラス,ダ,1700,右,晴,良,"1回 札幌 4日目 サラ系３歳以上 １勝クラス       [指] 定量 12頭 本賞金:800,320,200,120,80万円",12,800.0,9,6,8,スマートブル,牡,3,53.0,△鷲頭,108.8,5,1,3.1,41.5,7-4-1-2,栗東 井上,474,2,
202501010407,2025-08-03,札幌,7,3歳以上1勝クラス,ダ,1700,右,晴,良,"1回 札幌 4日目 サラ系３歳以上 １勝クラス       [指] 定量 12頭 本賞金:800,320,200,120,80万円",12,800.0,10,7,9,アルマグラース,牝,3,53.0,古川吉,108.8,ハナ,12,141.7,41.2,4-6-6-7,美浦 水野,458,16,
202501010407,2025-08-03,札幌,7,3歳以上1勝クラス,ダ,1700,右,晴,良,"1回 札幌 4日目 サラ系３歳以上 １勝クラス       [指] 定量 12頭 本賞金:800,320,200,120,80万円",12,800.0,11,6,7,メレカリキマカ,牡,7,58.0,横山琉,112.1,大,9,102.8,41.1,12-12-12-12,美浦 小島,500,4,
202501010407,2025-08-03,札幌,7,3歳以上1勝クラス,ダ,1700,右,晴,良,"1回 札幌 4日目 サラ系３歳以上 １勝クラス       [指] 定量 12頭 本賞金:800,320,200,120,80万円",12,800.0,12,8,11,ラマンシュ,牡,3,55.0,石川,113.2,7,8,54.0,45.8,1-1-2-11,栗東 杉山佳,404,-14,
202501010407,2025-08-03,札幌,7,3歳以上1勝クラス,ダ,1700,右,晴,良,"1回 札幌 4日目 サラ系３歳以上 １勝クラス       [指] 定量 12頭 本賞金:800,320,200,120,80万円",12,800.0,,1,6,カペルブリュッケ,,,91.0,97,,7.5,6,11.8,1.0,12.2,3,,,
202501010407,2025-08-03,札幌,7,3歳以上1勝クラス,ダ,1700,右,晴,良,"1回 札幌 4日目 サラ系３歳以上 １勝クラス       [指] 定量 12頭 本賞金:800,320,200,120,80万円",12,800.0,,1,6,カペルブリュッケ,,,,-,,-,,,,-,-,,,
202501010408,2025-08-03,札幌,8,3歳以上1勝クラス,芝,2000,右,晴,良,"1回 札幌 4日目 サラ系３歳以上 １勝クラス       牝[指] 定量 11頭 本賞金:800,320,200,120,80万円",11,800.0,1,6,6,フェアリーライク,牝,3,53.0,武豊,120.4,,1,2.2,34.6,10-10-9-6,栗東 笹田,478,22,
202501010408,2025-08-03,札幌,8,3歳以上1勝クラス,芝,2000,右,晴,良,"1回 札幌 4日目 サラ系３歳以上 １勝クラス       牝[指] 定量 11頭 本賞金:800,320,200,120,80万円",11,800.0,2,3,3,サウンドサンライズ,牝,3,53.0,浜中,120.4,クビ,8,25.4,35.5,2-2-2-1,栗東 東田,412,14,
202501010408,2025-08-03,札幌,8,3歳以上1勝クラス,芝,2000,右,晴,良,"1回 札幌 4日目 サラ系３歳以上 １勝クラス       牝[指] 定量 11頭 本賞金:800,320,200,120,80万円",11,800.0,3,7,8,ルールーリマ,牝,3,53.0,横山武,120.7,2,2,3.8,35.2,7-7-7-8,美浦 大竹,412,-2,
202501010408,2025-08-03,札幌,8,3歳以上1勝クラス,芝,2000,右,晴,良,"1回 札幌 4日目 サラ系３歳以上 １勝クラス       牝[指] 定量 11頭 本賞金:800,320,200,120,80万円",11,800.0,4,6,7,ソニックドライブ,牝,4,56.0,北村友,120.9,1.1/4,6,17.1,35.7,4-4-3-3,栗東 田中克,458,6,
202501010408,2025-08-03,札幌,8,3歳以上1勝クラス,芝,2000,右,晴,良,"1回 札幌 4日目 サラ系３歳以上 １勝クラス       牝[指] 定量 11頭 本賞金:800,320,200,120,80万円",11,800.0,5,1,1,エイシンオニキス,牝,4,56.0,川又,121.0,アタマ,11,146.5,35.7,3-3-4-3,栗東 渡辺,448,-4,
202501010408,2025-08-03,札幌,8,3歳以上1勝クラス,芝,2000,右,晴,良,"1回 札幌 4日目 サラ系３歳以上 １勝クラス       牝[指] 定量 11頭 本賞金:800,320,200,120,80万円",11,800.0,6,8,11,エレガンシア,牝,3,53.0,鮫島駿,121.1,3/4,7,22.1,35.2,9-9-10-10,栗東 高柳大,440,2,
202501010408,2025-08-03,札幌,8,3歳以上1勝クラス,芝,2000,右,晴,良,"1回 札幌 4日目 サラ系３歳以上 １勝クラス       牝[指] 定量 11頭 本賞金:800,320,200,120,80万円",11,800.0,7,4,4,イゾレエオリア,牝,5,56.0,佐々木,121.2,1/2,3,7.1,35.8,5-5-6-6,美浦 伊藤大,466,2,
202501010408,2025-08-03,札幌,8,3歳以上1勝クラス,芝,2000,右,晴,良,"1回 札幌 4日目 サラ系３歳以上 １勝クラス       牝[指] 定量 11頭 本賞金:800,320,200,120,80万円",11,800.0,8,2,2,ハーエクセレンシー,牝,5,56.0,藤岡佑,121.4,1.1/2,5,13.4,36.6,1-1-1-2,美浦 大和田,442,2,
202501010408,2025-08-03,札幌,8,3歳以上1勝クラス,芝,2000,右,晴,良,"1回 札幌 4日目 サラ系３歳以上 １勝クラス       牝[指] 定量 11頭 本賞金:800,320,200,120,80万円",11,800.0,9,8,10,フラッシングレート,牝,5,53.0,▲舟山,121.5,クビ,10,49.1,36.2,5-5-4-5,栗東 加藤公,494,-4,
202501010408,2025-08-03,札幌,8,3歳以上1勝クラス,芝,2000,右,晴,良,"1回 札幌 4日目 サラ系３歳以上 １勝クラス       牝[指] 定量 11頭 本賞金:800,320,200,120,80万円",11,800.0,10,7,9,ミエノジュピター,牝,4,56.0,キング,121.6,3/4,4,7.1,36.1,7-7-7-8,美浦 堀,440,-10,
202501010408,2025-08-03,札幌,8,3歳以上1勝クラス,芝,2000,右,晴,良,"1回 札幌 4日目 サラ系３歳以上 １勝クラス       牝[指] 定量 11頭 本賞金:800,320,200,120,80万円",11,800.0,11,5,5,メイショウピリカ,牝,3,53.0,古川吉,122.0,2.1/2,9,40.2,36.1,11-11-10-10,栗東 本田,488,10,
202501010408,2025-08-03,札幌,8,3歳以上1勝クラス,芝,2000,右,晴,良,"1回 札幌 4日目 サラ系３歳以上 １勝クラス       牝[指] 定量 11頭 本賞金:800,320,200,120,80万円",11,800.0,,1,6,フェアリーライク,,,82.0,80,,13.9,7,12.0,2.0,12.3,2,,,
202501010408,2025-08-03,札幌,8,3歳以上1勝クラス,芝,2000,右,晴,良,"1回 札幌 4日目 サラ系３歳以上 １勝クラス       牝[指] 定量 11頭 本賞金:800,320,200,120,80万円",11,800.0,,1,6,フェアリーライク,,,,-,,-,,,,-,-,,,
202501010409,2025-08-03,札幌,9,3歳以上2勝クラス,ダ,1000,右,晴,良,"1回 札幌 4日目 サラ系３歳以上 ２勝クラス       (混)[指] 定量 10頭 本賞金:1140,460,290,170,114万円",10,1140.0,1,1,1,メイショウキルギス,牡,4,55.0,▲和田陽,58.6,,6,15.1,35.7,1-1,栗東 高橋亮,492,0,
202501010409,2025-08-03,札幌,9,3歳以上2勝クラス,ダ,1000,右,晴,良,"1回 札幌 4日目 サラ系３歳以上 ２勝クラス       (混)[指] 定量 10頭 本賞金:1140,460,290,170,114万円",10,1140.0,2,3,3,ジーベック,牡,4,55.0,▲古川奈,59.2,4,8,17.1,35.5,7-6,栗東 矢作,454,4,
202501010409,2025-08-03,札幌,9,3歳以上2勝クラス,ダ,1000,右,晴,良,"1回 札幌 4日目 サラ系３歳以上 ２勝クラス       (混)[指] 定量 10頭 本賞金:1140,460,290,170,114万円",10,1140.0,3,2,2,クラリティスケール,牝,6,55.0,☆松本,59.5,1.3/4,7,16.2,35.3,9-7,栗東 藤野,460,0,
202501010409,2025-08-03,札幌,9,3歳以上2勝クラス,ダ,1000,右,晴,良,"1回 札幌 4日目 サラ系３歳以上 ２勝クラス       (混)[指] 定量 10頭 本賞金:1140,460,290,170,114万円",10,1140.0,4,8,10,カンザシ,牝,6,56.0,キング,59.5,アタマ,5,9.0,35.3,9-7,美浦 蛯名正,496,0,
202501010409,2025-08-03,札幌,9,3歳以上2勝クラス,ダ,1000,右,晴,良,"1回 札幌 4日目 サラ系３歳以上 ２勝クラス       (混)[指] 定量 10頭 本賞金:1140,460,290,170,114万円",10,1140.0,5,4,4,モンシェリ,牝,4,56.0,横山武,59.6,1/2,3,5.0,36.2,4-5,栗東 牧田,464,2,
202501010409,2025-08-03,札幌,9,3歳以上2勝クラス,ダ,1000,右,晴,良,"1回 札幌 4日目 サラ系３歳以上 ２勝クラス       (混)[指] 定量 10頭 本賞金:1140,460,290,170,114万円",10,1140.0,6,7,8,ボルセーナ,牝,3,51.0,▲舟山,59.7,1/2,2,3.9,36.7,2-2,栗東 奥村豊,464,8,
202501010409,2025-08-03,札幌,9,3歳以上2勝クラス,ダ,1000,右,晴,良,"1回 札幌 4日目 サラ系３歳以上 ２勝クラス       (混)[指] 定量 10頭 本賞金:1140,460,290,170,114万円",10,1140.0,7,8,9,サザンカ,牝,4,53.0,▲橋木,59.9,1.1/4,9,74.4,36.7,3-4,栗東 角田,480,4,
202501010409,2025-08-03,札幌,9,3歳以上2勝クラス,ダ,1000,右,晴,良,"1回 札幌 4日目 サラ系３歳以上 ２勝クラス       (混)[指] 定量 10頭 本賞金:1140,460,290,170,114万円",10,1140.0,8,6,6,ニルアドミラリ,セ,7,58.0,佐々木,60.5,3.1/2,10,130.0,36.8,7-7,美浦 和田郎,564,-2,
202501010409,2025-08-03,札幌,9,3歳以上2勝クラス,ダ,1000,右,晴,良,"1回 札幌 4日目 サラ系３歳以上 ２勝クラス       (混)[指] 定量 10頭 本賞金:1140,460,290,170,114万円",10,1140.0,9,7,7,ディアサクセサー,セ,5,56.0,△鷲頭,60.6,1/2,4,5.3,37.3,4-2,栗東 井上,518,4,
202501010409,2025-08-03,札幌,9,3歳以上2勝クラス,ダ,1000,右,晴,良,"1回 札幌 4日目 サラ系３歳以上 ２勝クラス       (混)[指] 定量 10頭 本賞金:1140,460,290,170,114万円",10,1140.0,10,5,5,クーデール,牝,3,51.0,▲小林美,61.0,2,1,3.3,37.6,4-10,栗東 坂口,432,-2,
202501010409,2025-08-03,札幌,9,3歳以上2勝クラス,ダ,1000,右,晴,良,"1回 札幌 4日目 サラ系３歳以上 ２勝クラス       (混)[指] 定量 10頭 本賞金:1140,460,290,170,114万円",10,1140.0,,1,1,メイショウキルギス,,,104.0,96,,12.2,3,10.7,1.0,11.7,1,,,
202501010409,2025-08-03,札幌,9,3歳以上2勝クラス,ダ,1000,右,晴,良,"1回 札幌 4日目 サラ系３歳以上 ２勝クラス       (混)[指] 定量 10頭 本賞金:1140,460,290,170,114万円",10,1140.0,,1,1,メイショウキルギス,,,,-,,-,,,,-,-,,,
202501010410,2025-08-03,札幌,10,苫小牧特別,芝,1200,右,晴,良,"1回 札幌 4日目 サラ系３歳以上 ２勝クラス       (混)[指] 定量 13頭 本賞金:1550,620,390,230,155万円",13,1550.0,1,7,11,エヴァンスウィート,牝,4,56.0,鮫島駿,68.4,,1,3.9,34.1,8-8,栗東 友道,448,-8,
202501010410,2025-08-03,札幌,10,苫小牧特別,芝,1200,右,晴,良,"1回 札幌 4日目 サラ系３歳以上 ２勝クラス       (混)[指] 定量 13頭 本賞金:1550,620,390,230,155万円",13,1550.0,2,4,5,ハートホイップ,牝,6,56.0,横山琉,68.4,アタマ,7,23.0,34.3,5-5,美浦 蛯名利,494,2,
202501010410,2025-08-03,札幌,10,苫小牧特別,芝,1200,右,晴,良,"1回 札幌 4日目 サラ系３歳以上 ２勝クラス       (混)[指] 定量 13頭 本賞金:1550,620,390,230,155万円",13,1550.0,3,4,4,コーティアスマナー,牝,4,56.0,丹内,68.4,クビ,3,5.3,34.5,3-3,栗東 高橋忠,464,16,
202501010410,2025-08-03,札幌,10,苫小牧特別,芝,1200,右,晴,良,"1回 札幌 4日目 サラ系３歳以上 ２勝クラス       (混)[指] 定量 13頭 本賞金:1550,620,390,230,155万円",13,1550.0,4,8,12,カリーシ,牝,4,56.0,キング,68.5,クビ,4,5.8,34.4,5-3,美浦 武井,448,-2,
202501010410,2025-08-03,札幌,10,苫小牧特別,芝,1200,右,晴,良,"1回 札幌 4日目 サラ系３歳以上 ２勝クラス       (混)[指] 定量 13頭 本賞金:1550,620,390,230,155万円",13,1550.0,5,7,10,メイケイバートン,牡,6,58.0,横山武,68.6,3/4,6,9.3,35.0,2-2,栗東 中竹,460,-10,
202501010410,2025-08-03,札幌,10,苫小牧特別,芝,1200,右,晴,良,"1回 札幌 4日目 サラ系３歳以上 ２勝クラス       (混)[指] 定量 13頭 本賞金:1550,620,390,230,155万円",13,1550.0,6,6,9,ヴァンヴィーヴ,牡,4,58.0,佐々木,68.7,1/2,2,4.6,34.6,5-5,栗東 牧浦,506,6,
202501010410,2025-08-03,札幌,10,苫小牧特別,芝,1200,右,晴,良,"1回 札幌 4日目 サラ系３歳以上 ２勝クラス       (混)[指] 定量 13頭 本賞金:1550,620,390,230,155万円",13,1550.0,7,5,7,ラホーヤストーム,牝,5,56.0,古川吉,68.7,ハナ,11,67.1,35.2,1-1,栗東 藤野,458,-12,
202501010410,2025-08-03,札幌,10,苫小牧特別,芝,1200,右,晴,良,"1回 札幌 4日目 サラ系３歳以上 ２勝クラス       (混)[指] 定量 13頭 本賞金:1550,620,390,230,155万円",13,1550.0,8,6,8,ゴールドスター,牡,4,58.0,石川,68.7,クビ,5,6.4,34.2,10-8,美浦 奥村武,462,0,
202501010410,2025-08-03,札幌,10,苫小牧特別,芝,1200,右,晴,良,"1回 札幌 4日目 サラ系３歳以上 ２勝クラス       (混)[指] 定量 13頭 本賞金:1550,620,390,230,155万円",13,1550.0,9,1,1,スムースベルベット,牝,5,56.0,黛,68.7,アタマ,13,202.0,34.8,3-5,美浦 南田,508,8,
202501010410,2025-08-03,札幌,10,苫小牧特別,芝,1200,右,晴,良,"1回 札幌 4日目 サラ系３歳以上 ２勝クラス       (混)[指] 定量 13頭 本賞金:1550,620,390,230,155万円",13,1550.0,10,2,2,ジャガード,牡,7,58.0,吉田隼,68.9,1.1/4,12,68.2,34.2,12-12,美浦 和田雄,414,-8,
202501010410,2025-08-03,札幌,10,苫小牧特別,芝,1200,右,晴,良,"1回 札幌 4日目 サラ系３歳以上 ２勝クラス       (混)[指] 定量 13頭 本賞金:1550,620,390,230,155万円",13,1550.0,11,5,6,アイオブザストーム,牝,5,56.0,菱田,69.0,クビ,10,47.8,34.1,13-12,栗東 岡田,484,-2,
202501010410,2025-08-03,札幌,10,苫小牧特別,芝,1200,右,晴,良,"1回 札幌 4日目 サラ系３歳以上 ２勝クラス       (混)[指] 定量 13頭 本賞金:1550,620,390,230,155万円",13,1550.0,12,8,13,イグニション,牡,5,58.0,川又,69.3,2,9,38.3,34.8,10-10,栗東 畑端,462,-2,
202501010410,2025-08-03,札幌,10,苫小牧特別,芝,1200,右,晴,良,"1回 札幌 4日目 サラ系３歳以上 ２勝クラス       (混)[指] 定量 13頭 本賞金:1550,620,390,230,155万円",13,1550.0,13,3,3,クリノハレルヤ,牝,4,56.0,森田,69.4,クビ,8,25.6,35.1,8-10,栗東 武英,480,2,
202501010410,2025-08-03,札幌,10,苫小牧特別,芝,1200,右,晴,良,"1回 札幌 4日目 サラ系３歳以上 ２勝クラス       (混)[指] 定量 13頭 本賞金:1550,620,390,230,155万円",13,1550.0,,1,11,エヴァンスウィート,,,91.0,91,,12.5,10,10.8,6.0,10.9,3,,,
202501010410,2025-08-03,札幌,10,苫小牧特別,芝,1200,右,晴,良,"1回 札幌 4日目 サラ系３歳以上 ２勝クラス       (混)[指] 定量 13頭 本賞金:1550,620,390,230,155万円",13,1550.0,,1,11,エヴァンスウィート,,,,-,,-,,,,-,-,,,
202501010411,2025-08-03,札幌,11,クイーンS,芝,1800,右,晴,良,"1回 札幌 4日目 サラ系３歳以上 オープン       (国際) 牝(特指) 別定 14頭 本賞金:3800,1500,950,570,380万円",14,3800.0,1,6,10,アルジーヌ,牝,5,56.0,川田,106.0,,1,2.9,34.9,6-6-6-6,栗東 中内田,460,2,
202501010411,2025-08-03,札幌,11,クイーンS,芝,1800,右,晴,良,"1回 札幌 4日目 サラ系３歳以上 オープン       (国際) 牝(特指) 別定 14頭 本賞金:3800,1500,950,570,380万円",14,3800.0,2,3,4,ココナッツブラウン,牝,5,55.0,北村友,106.0,アタマ,2,4.0,34.0,12-12-13-11,栗東 上村,470,20,
202501010411,2025-08-03,札幌,11,クイーンS,芝,1800,右,晴,良,"1回 札幌 4日目 サラ系３歳以上 オープン       (国際) 牝(特指) 別定 14頭 本賞金:3800,1500,950,570,380万円",14,3800.0,3,2,2,フェアエールング,牝,5,56.0,丹内,106.1,1/2,4,7.5,35.5,5-5-4-2,美浦 和田郎,462,8,
202501010411,2025-08-03,札幌,11,クイーンS,芝,1800,右,晴,良,"1回 札幌 4日目 サラ系３歳以上 オープン       (国際) 牝(特指) 別定 14頭 本賞金:3800,1500,950,570,380万円",14,3800.0,4,7,11,ライラック,牝,6,55.0,石川,106.3,1.1/4,10,39.1,34.6,10-10-10-9,美浦 相沢,454,12,
202501010411,2025-08-03,札幌,11,クイーンS,芝,1800,右,晴,良,"1回 札幌 4日目 サラ系３歳以上 オープン       (国際) 牝(特指) 別定 14頭 本賞金:3800,1500,950,570,380万円",14,3800.0,5,1,1,パレハ,牝,4,55.0,鮫島駿,106.3,クビ,8,26.5,35.0,6-7-7-7,栗東 新谷,440,-8,
202501010411,2025-08-03,札幌,11,クイーンS,芝,1800,右,晴,良,"1回 札幌 4日目 サラ系３歳以上 オープン       (国際) 牝(特指) 別定 14頭 本賞金:3800,1500,950,570,380万円",14,3800.0,6,6,9,ビヨンドザヴァレー,牝,5,55.0,菱田,106.3,アタマ,7,24.6,35.7,4-4-4-4,栗東 橋口,480,10,
202501010411,2025-08-03,札幌,11,クイーンS,芝,1800,右,晴,良,"1回 札幌 4日目 サラ系３歳以上 オープン       (国際) 牝(特指) 別定 14頭 本賞金:3800,1500,950,570,380万円",14,3800.0,7,5,8,シングザットソング,牝,5,56.0,武豊,106.5,1.1/4,11,43.0,35.1,8-9-7-9,栗東 高野,446,-4,
202501010411,2025-08-03,札幌,11,クイーンS,芝,1800,右,晴,良,"1回 札幌 4日目 サラ系３歳以上 オープン       (国際) 牝(特指) 別定 14頭 本賞金:3800,1500,950,570,380万円",14,3800.0,8,7,12,アリスヴェリテ,牝,5,55.0,池添,107.0,3,6,11.2,36.8,2-2-2-2,栗東 中竹,482,0,
202501010411,2025-08-03,札幌,11,クイーンS,芝,1800,右,晴,良,"1回 札幌 4日目 サラ系３歳以上 オープン       (国際) 牝(特指) 別定 14頭 本賞金:3800,1500,950,570,380万円",14,3800.0,9,8,13,クリスマスパレード,牝,4,57.0,横山武,107.0,ハナ,5,8.3,35.1,13-12-12-13,美浦 加藤士,468,8,
202501010411,2025-08-03,札幌,11,クイーンS,芝,1800,右,晴,良,"1回 札幌 4日目 サラ系３歳以上 オープン       (国際) 牝(特指) 別定 14頭 本賞金:3800,1500,950,570,380万円",14,3800.0,10,5,7,レーゼドラマ,牝,3,53.0,キング,107.2,1,3,7.2,35.9,8-7-7-8,栗東 辻野,476,16,
202501010411,2025-08-03,札幌,11,クイーンS,芝,1800,右,晴,良,"1回 札幌 4日目 サラ系３歳以上 オープン       (国際) 牝(特指) 別定 14頭 本賞金:3800,1500,950,570,380万円",14,3800.0,11,4,6,ドナベティ,牝,4,55.0,藤岡佑,107.4,1.1/4,12,161.5,34.9,14-14-14-14,栗東 矢作,428,-2,
202501010411,2025-08-03,札幌,11,クイーンS,芝,1800,右,晴,良,"1回 札幌 4日目 サラ系３歳以上 オープン       (国際) 牝(特指) 別定 14頭 本賞金:3800,1500,950,570,380万円",14,3800.0,12,3,3,グランスラムアスク,牝,6,55.0,古川奈,107.4,クビ,14,304.0,35.8,10-10-10-12,栗東 矢作,470,6,
202501010411,2025-08-03,札幌,11,クイーンS,芝,1800,右,晴,良,"1回 札幌 4日目 サラ系３歳以上 オープン       (国際) 牝(特指) 別定 14頭 本賞金:3800,1500,950,570,380万円",14,3800.0,13,4,5,コンクシェル,牝,5,55.0,佐々木,107.6,1.1/4,13,162.5,37.5,1-1-1-1,栗東 清水久,482,-4,
202501010411,2025-08-03,札幌,11,クイーンS,芝,1800,右,晴,良,"1回 札幌 4日目 サラ系３歳以上 オープン       (国際) 牝(特指) 別定 14頭 本賞金:3800,1500,950,570,380万円",14,3800.0,14,8,14,フィールシンパシー,牝,6,55.0,横山琉,107.8,1.1/4,9,29.1,37.3,3-3-3-4,美浦 小島,456,-6,
202501010411,2025-08-03,札幌,11,クイーンS,芝,1800,右,晴,良,"1回 札幌 4日目 サラ系３歳以上 オープン       (国際) 牝(特指) 別定 14頭 本賞金:3800,1500,950,570,380万円",14,3800.0,,1,10,アルジーヌ,,,95.0,105,,13.0,3,11.5,2.0,11.8,2,,,
202501010411,2025-08-03,札幌,11,クイーンS,芝,1800,右,晴,良,"1回 札幌 4日目 サラ系３歳以上 オープン       (国際) 牝(特指) 別定 14頭 本賞金:3800,1500,950,570,380万円",14,3800.0,,1,10,アルジーヌ,,,0.421,7.21,,6.21,,7.37,0.424,7.22,0.422,,,
202501010412,2025-08-03,札幌,12,積丹特別,芝,2600,右,晴,良,"1回 札幌 4日目 サラ系３歳以上 １勝クラス       (混)(特指) 定量 8頭 本賞金:1110,440,280,170,111万円",8,1110.0,1,6,6,アルマデオロ,牡,3,55.0,武豊,164.5,,1,2.9,34.9,2-2-2-2,栗東 清水久,496,0,
202501010412,2025-08-03,札幌,12,積丹特別,芝,2600,右,晴,良,"1回 札幌 4日目 サラ系３歳以上 １勝クラス       (混)(特指) 定量 8頭 本賞金:1110,440,280,170,111万円",8,1110.0,2,7,7,マイファミリー,牡,4,58.0,黛,164.7,1,4,4.3,34.8,3-3-5-3,美浦 深山,446,-2,
202501010412,2025-08-03,札幌,12,積丹特別,芝,2600,右,晴,良,"1回 札幌 4日目 サラ系３歳以上 １勝クラス       (混)(特指) 定量 8頭 本賞金:1110,440,280,170,111万円",8,1110.0,3,5,5,カーミングライツ,牡,3,55.0,キング,165.3,3.1/2,2,3.5,35.5,4-3-4-5,美浦 小島,522,-10,
202501010412,2025-08-03,札幌,12,積丹特別,芝,2600,右,晴,良,"1回 札幌 4日目 サラ系３歳以上 １勝クラス       (混)(特指) 定量 8頭 本賞金:1110,440,280,170,111万円",8,1110.0,4,8,8,ボンドロア,牡,3,55.0,横山典,165.3,クビ,3,4.0,35.7,1-1-1-1,栗東 松永幹,470,0,
202501010412,2025-08-03,札幌,12,積丹特別,芝,2600,右,晴,良,"1回 札幌 4日目 サラ系３歳以上 １勝クラス       (混)(特指) 定量 8頭 本賞金:1110,440,280,170,111万円",8,1110.0,5,4,4,シャインバオバブ,牡,3,55.0,古川吉,165.4,クビ,5,12.0,35.1,4-5-6-6,栗東 本田,506,4,
202501010412,2025-08-03,札幌,12,積丹特別,芝,2600,右,晴,良,"1回 札幌 4日目 サラ系３歳以上 １勝クラス       (混)(特指) 定量 8頭 本賞金:1110,440,280,170,111万円",8,1110.0,6,1,1,ラーシャローム,牡,3,55.0,石川,165.8,2.1/2,6,27.5,36.1,6-6-2-4,美浦 奥村武,474,-8,
202501010412,2025-08-03,札幌,12,積丹特別,芝,2600,右,晴,良,"1回 札幌 4日目 サラ系３歳以上 １勝クラス       (混)(特指) 定量 8頭 本賞金:1110,440,280,170,111万円",8,1110.0,7,3,3,ペリプルス,牡,5,58.0,吉田隼,165.8,クビ,7,36.3,35.2,6-7-7-7,美浦 佐藤吉,442,-8,
202501010412,2025-08-03,札幌,12,積丹特別,芝,2600,右,晴,良,"1回 札幌 4日目 サラ系３歳以上 １勝クラス       (混)(特指) 定量 8頭 本賞金:1110,440,280,170,111万円",8,1110.0,,2,2,ディアマイハニー,牝,3,53.0,川又,,,,,,,栗東 中尾,456,2,除外
202501010412,2025-08-03,札幌,12,積丹特別,芝,2600,右,晴,良,"1回 札幌 4日目 サラ系３歳以上 １勝クラス       (混)(特指) 定量 8頭 本賞金:1110,440,280,170,111万円",8,1110.0,,1,6,アルマデオロ,,,83.0,57,,14.6,3,12.9,3.0,13.3,3,,,
202501010412,2025-08-03,札幌,12,積丹特別,芝,2600,右,晴,良,"1回 札幌 4日目 サラ系３歳以上 １勝クラス       (混)(特指) 定量 8頭 本賞金:1110,440,280,170,111万円",8,1110.0,,1,6,アルマデオロ,,,,-,,-,,,,-,-,,,
202504020401,2025-08-03,新潟,1,3歳以上障害未勝利,障,2850,,晴,良,"2回 新潟 4日目 障害３歳以上 未勝利       定量 14頭 本賞金:840,340,210,130,84万円",14,840.0,1,1,1,ルドヴィクス,牡,7,60.0,上野,185.6,,3,6.3,13.0,2-2-2-1,美浦 久保田,516,2,
202504020401,2025-08-03,新潟,1,3歳以上障害未勝利,障,2850,,晴,良,"2回 新潟 4日目 障害３歳以上 未勝利       定量 14頭 本賞金:840,340,210,130,84万円",14,840.0,2,5,7,サニーオーシャン,セ,7,57.0,▲水沼,187.5,大,2,5.3,13.2,3-3-3-3,美浦 杉浦,452,-2,
202504020401,2025-08-03,新潟,1,3歳以上障害未勝利,障,2850,,晴,良,"2回 新潟 4日目 障害３歳以上 未勝利       定量 14頭 本賞金:840,340,210,130,84万円",14,840.0,3,6,10,グローリーアテイン,セ,4,60.0,金子,187.6,3/4,12,56.8,13.2,8-8-6-5,美浦 金成,482,-2,
202504020401,2025-08-03,新潟,1,3歳以上障害未勝利,障,2850,,晴,良,"2回 新潟 4日目 障害３歳以上 未勝利       定量 14頭 本賞金:840,340,210,130,84万円",14,840.0,4,3,3,ラパンラピッド,セ,5,57.0,▲坂口,187.8,1.1/4,7,14.3,13.2,11-10-4-3,美浦 武井,486,6,
202504020401,2025-08-03,新潟,1,3歳以上障害未勝利,障,2850,,晴,良,"2回 新潟 4日目 障害３歳以上 未勝利       定量 14頭 本賞金:840,340,210,130,84万円",14,840.0,5,7,12,サンライズウェーヴ,牡,4,60.0,難波,187.8,クビ,9,41.7,13.2,10-10-8-7,栗東 石坂,498,12,
202504020401,2025-08-03,新潟,1,3歳以上障害未勝利,障,2850,,晴,良,"2回 新潟 4日目 障害３歳以上 未勝利       定量 14頭 本賞金:840,340,210,130,84万円",14,840.0,6,2,2,ジュリアスローズ,牝,4,58.0,大江圭,188.7,5,13,82.9,13.2,1-1-1-2,美浦 粕谷,480,10,
202504020401,2025-08-03,新潟,1,3歳以上障害未勝利,障,2850,,晴,良,"2回 新潟 4日目 障害３歳以上 未勝利       定量 14頭 本賞金:840,340,210,130,84万円",14,840.0,7,5,8,ゴットリープ,牡,5,60.0,五十嵐,189.3,3.1/2,5,10.3,13.3,8-8-11-9,美浦 栗田,472,0,
202504020401,2025-08-03,新潟,1,3歳以上障害未勝利,障,2850,,晴,良,"2回 新潟 4日目 障害３歳以上 未勝利       定量 14頭 本賞金:840,340,210,130,84万円",14,840.0,8,4,6,カレンマックナイト,牡,6,60.0,黒岩,189.6,1.1/2,4,9.0,13.3,7-5-4-5,栗東 平田,452,-2,
202504020401,2025-08-03,新潟,1,3歳以上障害未勝利,障,2850,,晴,良,"2回 新潟 4日目 障害３歳以上 未勝利       定量 14頭 本賞金:840,340,210,130,84万円",14,840.0,9,8,14,ウェイトゥザドーン,セ,4,57.0,▲土田,189.8,1.1/4,10,43.8,13.3,14-14-13-13,美浦 戸田,464,-2,
202504020401,2025-08-03,新潟,1,3歳以上障害未勝利,障,2850,,晴,良,"2回 新潟 4日目 障害３歳以上 未勝利       定量 14頭 本賞金:840,340,210,130,84万円",14,840.0,10,3,4,アナザーエース,牡,5,57.0,▲井上,189.8,クビ,6,13.5,13.3,13-13-12-12,栗東 宮,504,4,
202504020401,2025-08-03,新潟,1,3歳以上障害未勝利,障,2850,,晴,良,"2回 新潟 4日目 障害３歳以上 未勝利       定量 14頭 本賞金:840,340,210,130,84万円",14,840.0,11,7,11,ソルトロング,牡,4,60.0,小野寺,191.1,8,11,45.5,13.4,4-7-8-9,栗東 荒川,492,-8,
202504020401,2025-08-03,新潟,1,3歳以上障害未勝利,障,2850,,晴,良,"2回 新潟 4日目 障害３歳以上 未勝利       定量 14頭 本賞金:840,340,210,130,84万円",14,840.0,12,6,9,ケイアイカラキア,セ,3,58.0,江田勇,192.0,5,14,112.3,13.5,11-12-13-14,美浦 上原博,462,-2,
202504020401,2025-08-03,新潟,1,3歳以上障害未勝利,障,2850,,晴,良,"2回 新潟 4日目 障害３歳以上 未勝利       定量 14頭 本賞金:840,340,210,130,84万円",14,840.0,13,4,5,スズカコテキタイ,牡,6,60.0,伴,199.4,大,8,15.5,14.0,4-5-10-11,美浦 奥村武,508,10,
202504020401,2025-08-03,新潟,1,3歳以上障害未勝利,障,2850,,晴,良,"2回 新潟 4日目 障害３歳以上 未勝利       定量 14頭 本賞金:840,340,210,130,84万円",14,840.0,14,8,13,コンクエスト,セ,6,60.0,石神深,212.4,大,1,2.5,14.9,4-3-6-8,美浦 小笠,506,6,
202504020402,2025-08-03,新潟,2,2歳新馬,ダ,1800,左,晴,良,"2回 新潟 4日目 サラ系２歳 新馬       (混)[指] 馬齢 15頭 本賞金:750,300,190,110,75万円",15,750.0,1,4,7,チャチャコマニ,牝,2,55.0,戸崎圭,116.7,,3,5.2,38.5,4-4-3-3,栗東 佐藤悠,500,0,
202504020402,2025-08-03,新潟,2,2歳新馬,ダ,1800,左,晴,良,"2回 新潟 4日目 サラ系２歳 新馬       (混)[指] 馬齢 15頭 本賞金:750,300,190,110,75万円",15,750.0,2,5,8,イナズマダイモン,牡,2,55.0,菅原明,116.8,1/2,1,2.5,38.3,6-6-5-5,美浦 宮田,506,0,
202504020402,2025-08-03,新潟,2,2歳新馬,ダ,1800,左,晴,良,"2回 新潟 4日目 サラ系２歳 新馬       (混)[指] 馬齢 15頭 本賞金:750,300,190,110,75万円",15,750.0,3,8,14,サマーマッドネス,牡,2,55.0,丸山,117.0,1,2,4.5,39.0,2-2-2-2,栗東 森秀,518,0,
202504020402,2025-08-03,新潟,2,2歳新馬,ダ,1800,左,晴,良,"2回 新潟 4日目 サラ系２歳 新馬       (混)[指] 馬齢 15頭 本賞金:750,300,190,110,75万円",15,750.0,4,3,4,マーゴットクリュグ,牝,2,55.0,国分恭,117.7,4,5,11.3,39.3,3-3-4-3,栗東 小林,466,0,
202504020402,2025-08-03,新潟,2,2歳新馬,ダ,1800,左,晴,良,"2回 新潟 4日目 サラ系２歳 新馬       (混)[指] 馬齢 15頭 本賞金:750,300,190,110,75万円",15,750.0,5,4,6,シューティングガイ,牡,2,55.0,斎藤,118.2,3.1/2,8,37.4,39.6,4-4-5-6,美浦 斎藤誠,482,0,
202504020402,2025-08-03,新潟,2,2歳新馬,ダ,1800,左,晴,良,"2回 新潟 4日目 サラ系２歳 新馬       (混)[指] 馬齢 15頭 本賞金:750,300,190,110,75万円",15,750.0,6,2,2,ライトアファイア,牡,2,55.0,菊沢,119.0,5,6,19.9,39.7,10-10-12-9,美浦 伊藤圭,466,0,
202504020402,2025-08-03,新潟,2,2歳新馬,ダ,1800,左,晴,良,"2回 新潟 4日目 サラ系２歳 新馬       (混)[指] 馬齢 15頭 本賞金:750,300,190,110,75万円",15,750.0,7,5,9,ウインターブレス,牡,2,55.0,木幡巧,119.5,3,9,44.0,40.4,14-14-10-12,美浦 竹内,496,0,
202504020402,2025-08-03,新潟,2,2歳新馬,ダ,1800,左,晴,良,"2回 新潟 4日目 サラ系２歳 新馬       (混)[指] 馬齢 15頭 本賞金:750,300,190,110,75万円",15,750.0,8,2,3,アルファシーナ,牡,2,52.0,▲遠藤,119.9,2,14,151.5,40.0,15-15-15-14,美浦 伊藤伸,452,0,
202504020402,2025-08-03,新潟,2,2歳新馬,ダ,1800,左,晴,良,"2回 新潟 4日目 サラ系２歳 新馬       (混)[指] 馬齢 15頭 本賞金:750,300,190,110,75万円",15,750.0,9,1,1,ランニングビーチ,牡,2,54.0,☆高杉,120.0,3/4,4,6.5,42.1,1-1-1-1,美浦 牧,474,0,
202504020402,2025-08-03,新潟,2,2歳新馬,ダ,1800,左,晴,良,"2回 新潟 4日目 サラ系２歳 新馬       (混)[指] 馬齢 15頭 本賞金:750,300,190,110,75万円",15,750.0,10,7,13,ドゥーニ,牡,2,55.0,津村,120.4,2.1/2,11,52.8,41.4,8-7-8-8,美浦 矢嶋,488,0,
202504020402,2025-08-03,新潟,2,2歳新馬,ダ,1800,左,晴,良,"2回 新潟 4日目 サラ系２歳 新馬       (混)[指] 馬齢 15頭 本賞金:750,300,190,110,75万円",15,750.0,11,8,15,ルサフィール,牝,2,55.0,原,120.5,1/2,7,24.9,41.7,9-9-7-7,美浦 矢野,476,0,
202504020402,2025-08-03,新潟,2,2歳新馬,ダ,1800,左,晴,良,"2回 新潟 4日目 サラ系２歳 新馬       (混)[指] 馬齢 15頭 本賞金:750,300,190,110,75万円",15,750.0,12,6,10,トーアシチフクジン,牡,2,55.0,江田照,120.6,クビ,15,227.0,41.6,7-7-8-9,美浦 村田,452,0,
202504020402,2025-08-03,新潟,2,2歳新馬,ダ,1800,左,晴,良,"2回 新潟 4日目 サラ系２歳 新馬       (混)[指] 馬齢 15頭 本賞金:750,300,190,110,75万円",15,750.0,13,6,11,リバーシティ,牡,2,52.0,▲石神道,120.9,2,12,85.3,41.6,13-13-12-12,美浦 和田郎,490,0,
202504020402,2025-08-03,新潟,2,2歳新馬,ダ,1800,左,晴,良,"2回 新潟 4日目 サラ系２歳 新馬       (混)[指] 馬齢 15頭 本賞金:750,300,190,110,75万円",15,750.0,14,7,12,トモエナゲ,牡,2,55.0,武藤,121.6,4,13,127.6,42.4,11-10-10-9,美浦 青木,466,0,
202504020402,2025-08-03,新潟,2,2歳新馬,ダ,1800,左,晴,良,"2回 新潟 4日目 サラ系２歳 新馬       (混)[指] 馬齢 15頭 本賞金:750,300,190,110,75万円",15,750.0,15,3,5,モアザンファイア,牡,2,53.0,◇今村,123.5,大,10,50.1,43.8,12-12-14-14,美浦 武井,524,0,
202504020402,2025-08-03,新潟,2,2歳新馬,ダ,1800,左,晴,良,"2回 新潟 4日目 サラ系２歳 新馬       (混)[指] 馬齢 15頭 本賞金:750,300,190,110,75万円",15,750.0,,1,7,チャチャコマニ,,,98.0,78,,13.3,6,11.2,2.0,12.9,3,,,
202504020402,2025-08-03,新潟,2,2歳新馬,ダ,1800,左,晴,良,"2回 新潟 4日目 サラ系２歳 新馬       (混)[指] 馬齢 15頭 本賞金:750,300,190,110,75万円",15,750.0,,1,7,チャチャコマニ,,,,-,,-,,,,-,-,,,
202504020403,2025-08-03,新潟,3,2歳未勝利,芝,1600,左,晴,良,"2回 新潟 4日目 サラ系２歳 未勝利       (混)[指] 馬齢 6頭 本賞金:560,220,140,84,56万円",6,560.0,1,4,4,ニシノエースサマ,牡,2,55.0,津村,94.6,,2,2.8,34.2,1-1,美浦 鹿戸,480,-6,
202504020403,2025-08-03,新潟,3,2歳未勝利,芝,1600,左,晴,良,"2回 新潟 4日目 サラ系２歳 未勝利       (混)[指] 馬齢 6頭 本賞金:560,220,140,84,56万円",6,560.0,2,5,5,ステラスペース,牡,2,55.0,江田照,95.5,5,3,4.9,34.1,5-5,美浦 武藤,476,4,
202504020403,2025-08-03,新潟,3,2歳未勝利,芝,1600,左,晴,良,"2回 新潟 4日目 サラ系２歳 未勝利       (混)[指] 馬齢 6頭 本賞金:560,220,140,84,56万円",6,560.0,3,1,1,マイネルヴェーゼン,牡,2,55.0,戸崎圭,96.4,5,1,1.5,35.7,2-2,美浦 相沢,448,0,
202504020403,2025-08-03,新潟,3,2歳未勝利,芝,1600,左,晴,良,"2回 新潟 4日目 サラ系２歳 未勝利       (混)[指] 馬齢 6頭 本賞金:560,220,140,84,56万円",6,560.0,4,6,6,ダイシンヨーク,牝,2,54.0,☆高杉,96.7,2,4,20.8,35.6,2-3,栗東 吉田,482,4,
202504020403,2025-08-03,新潟,3,2歳未勝利,芝,1600,左,晴,良,"2回 新潟 4日目 サラ系２歳 未勝利       (混)[指] 馬齢 6頭 本賞金:560,220,140,84,56万円",6,560.0,5,2,2,リッチフィールド,牡,2,52.0,▲佐藤,97.3,3.1/2,5,117.3,35.6,6-6,美浦 杉浦,468,4,
202504020403,2025-08-03,新潟,3,2歳未勝利,芝,1600,左,晴,良,"2回 新潟 4日目 サラ系２歳 未勝利       (混)[指] 馬齢 6頭 本賞金:560,220,140,84,56万円",6,560.0,6,3,3,マイトビーウォン,牡,2,55.0,柴田大,98.1,5,6,130.5,37.0,4-3,美浦 和田雄,446,4,
202504020403,2025-08-03,新潟,3,2歳未勝利,芝,1600,左,晴,良,"2回 新潟 4日目 サラ系２歳 未勝利       (混)[指] 馬齢 6頭 本賞金:560,220,140,84,56万円",6,560.0,,1,4,ニシノエースサマ,,,86.0,82,,13.5,6,11.1,3.0,11.6,1,,,
202504020403,2025-08-03,新潟,3,2歳未勝利,芝,1600,左,晴,良,"2回 新潟 4日目 サラ系２歳 未勝利       (混)[指] 馬齢 6頭 本賞金:560,220,140,84,56万円",6,560.0,,1,4,ニシノエースサマ,,,,-,,-,,,,-,-,,,
202504020404,2025-08-03,新潟,4,2歳新馬,芝,1600,左,晴,良,"2回 新潟 4日目 サラ系２歳 新馬       (混)[指] 馬齢 13頭 本賞金:750,300,190,110,75万円",13,750.0,1,6,8,プロメサアルムンド,牡,2,55.0,ルメー,94.9,,1,1.5,33.2,8-9,美浦 国枝,498,0,
202504020404,2025-08-03,新潟,4,2歳新馬,芝,1600,左,晴,良,"2回 新潟 4日目 サラ系２歳 新馬       (混)[指] 馬齢 13頭 本賞金:750,300,190,110,75万円",13,750.0,2,4,4,バドリナート,牡,2,55.0,丸山,94.9,クビ,2,5.5,33.4,5-4,栗東 松永幹,494,0,
202504020404,2025-08-03,新潟,4,2歳新馬,芝,1600,左,晴,良,"2回 新潟 4日目 サラ系２歳 新馬       (混)[指] 馬齢 13頭 本賞金:750,300,190,110,75万円",13,750.0,3,5,6,アラムベイ,牡,2,55.0,菅原明,95.5,4,6,41.7,33.6,11-9,美浦 池上,426,0,
202504020404,2025-08-03,新潟,4,2歳新馬,芝,1600,左,晴,良,"2回 新潟 4日目 サラ系２歳 新馬       (混)[指] 馬齢 13頭 本賞金:750,300,190,110,75万円",13,750.0,4,2,2,エマープ,牡,2,55.0,原,95.6,クビ,7,44.4,34.5,1-1,美浦 青木,482,0,
202504020404,2025-08-03,新潟,4,2歳新馬,芝,1600,左,晴,良,"2回 新潟 4日目 サラ系２歳 新馬       (混)[指] 馬齢 13頭 本賞金:750,300,190,110,75万円",13,750.0,5,3,3,レヴェランジェ,牝,2,55.0,津村,95.9,1.3/4,8,47.5,34.5,3-3,美浦 鈴木慎,438,0,
202504020404,2025-08-03,新潟,4,2歳新馬,芝,1600,左,晴,良,"2回 新潟 4日目 サラ系２歳 新馬       (混)[指] 馬齢 13頭 本賞金:750,300,190,110,75万円",13,750.0,6,8,12,テリオスレイ,牝,2,55.0,大野,96.2,2,5,16.2,34.6,4-4,美浦 田島,458,0,
202504020404,2025-08-03,新潟,4,2歳新馬,芝,1600,左,晴,良,"2回 新潟 4日目 サラ系２歳 新馬       (混)[指] 馬齢 13頭 本賞金:750,300,190,110,75万円",13,750.0,7,4,5,クイーンオブハート,牝,2,52.0,▲石田,96.6,2.1/2,12,141.6,34.5,12-12,美浦 根本,388,0,
202504020404,2025-08-03,新潟,4,2歳新馬,芝,1600,左,晴,良,"2回 新潟 4日目 サラ系２歳 新馬       (混)[指] 馬齢 13頭 本賞金:750,300,190,110,75万円",13,750.0,8,8,13,ロジスカヤ,牝,2,55.0,三浦,96.6,ハナ,4,9.3,35.4,2-2,美浦 国枝,406,0,
202504020404,2025-08-03,新潟,4,2歳新馬,芝,1600,左,晴,良,"2回 新潟 4日目 サラ系２歳 新馬       (混)[指] 馬齢 13頭 本賞金:750,300,190,110,75万円",13,750.0,9,1,1,パゴスピグイノス,牝,2,54.0,☆高杉,96.8,1.1/4,3,8.5,35.1,8-6,栗東 森田,500,0,
202504020404,2025-08-03,新潟,4,2歳新馬,芝,1600,左,晴,良,"2回 新潟 4日目 サラ系２歳 新馬       (混)[指] 馬齢 13頭 本賞金:750,300,190,110,75万円",13,750.0,10,7,11,ニシノギャルズ,牝,2,55.0,武藤,96.8,アタマ,11,70.8,35.0,7-6,美浦 水野,460,0,
202504020404,2025-08-03,新潟,4,2歳新馬,芝,1600,左,晴,良,"2回 新潟 4日目 サラ系２歳 新馬       (混)[指] 馬齢 13頭 本賞金:750,300,190,110,75万円",13,750.0,11,5,7,テンオンスゴールド,牡,2,55.0,江田照,96.8,ハナ,10,63.9,34.7,12-12,美浦 田中剛,468,0,
202504020404,2025-08-03,新潟,4,2歳新馬,芝,1600,左,晴,良,"2回 新潟 4日目 サラ系２歳 新馬       (混)[指] 馬齢 13頭 本賞金:750,300,190,110,75万円",13,750.0,12,7,10,インザライムライト,牝,2,55.0,柴田大,96.8,ハナ,9,61.8,34.8,10-9,美浦 和田雄,442,0,
202504020404,2025-08-03,新潟,4,2歳新馬,芝,1600,左,晴,良,"2回 新潟 4日目 サラ系２歳 新馬       (混)[指] 馬齢 13頭 本賞金:750,300,190,110,75万円",13,750.0,13,6,9,ミスデルマー,牝,2,52.0,▲石神道,97.9,7,13,190.9,36.1,5-6,美浦 和田郎,424,0,
202504020404,2025-08-03,新潟,4,2歳新馬,芝,1600,左,晴,良,"2回 新潟 4日目 サラ系２歳 新馬       (混)[指] 馬齢 13頭 本賞金:750,300,190,110,75万円",13,750.0,,1,8,プロメサアルムンド,,,87.0,73,,13.3,8,11.2,5.0,12.0,3,,,
202504020404,2025-08-03,新潟,4,2歳新馬,芝,1600,左,晴,良,"2回 新潟 4日目 サラ系２歳 新馬       (混)[指] 馬齢 13頭 本賞金:750,300,190,110,75万円",13,750.0,,1,8,プロメサアルムンド,,,,-,,-,,,,-,-,,,
202504020405,2025-08-03,新潟,5,3歳未勝利,ダ,1200,左,晴,良,"2回 新潟 4日目 サラ系３歳 未勝利       [指] 馬齢 15頭 本賞金:560,220,140,84,56万円",15,560.0,1,4,7,ウインレアリゼ,牝,3,52.0,▲石神道,73.2,,2,5.2,37.8,7-7,美浦 小手川,464,-8,
202504020405,2025-08-03,新潟,5,3歳未勝利,ダ,1200,左,晴,良,"2回 新潟 4日目 サラ系３歳 未勝利       [指] 馬齢 15頭 本賞金:560,220,140,84,56万円",15,560.0,2,6,11,マロンカラノテガミ,牝,3,55.0,斎藤,73.2,アタマ,8,20.2,38.0,5-5,美浦 清水英,420,2,
202504020405,2025-08-03,新潟,5,3歳未勝利,ダ,1200,左,晴,良,"2回 新潟 4日目 サラ系３歳 未勝利       [指] 馬齢 15頭 本賞金:560,220,140,84,56万円",15,560.0,3,7,13,ニジノカナタニ,牝,3,53.0,◇今村,73.5,1.1/2,9,21.2,38.2,5-5,美浦 中川,464,-8,
202504020405,2025-08-03,新潟,5,3歳未勝利,ダ,1200,左,晴,良,"2回 新潟 4日目 サラ系３歳 未勝利       [指] 馬齢 15頭 本賞金:560,220,140,84,56万円",15,560.0,4,6,10,エレレラナキラ,牡,3,57.0,石橋脩,73.5,クビ,4,5.7,38.5,3-3,美浦 牧,452,6,
202504020405,2025-08-03,新潟,5,3歳未勝利,ダ,1200,左,晴,良,"2回 新潟 4日目 サラ系３歳 未勝利       [指] 馬齢 15頭 本賞金:560,220,140,84,56万円",15,560.0,5,3,4,アイファーシャドー,牡,3,57.0,野中,73.5,ハナ,12,61.2,37.4,12-12,美浦 根本,452,0,
202504020405,2025-08-03,新潟,5,3歳未勝利,ダ,1200,左,晴,良,"2回 新潟 4日目 サラ系３歳 未勝利       [指] 馬齢 15頭 本賞金:560,220,140,84,56万円",15,560.0,6,5,9,ペイシャブギー,牝,3,55.0,菊沢,73.6,クビ,7,18.2,38.0,8-8,美浦 本間,422,-2,
202504020405,2025-08-03,新潟,5,3歳未勝利,ダ,1200,左,晴,良,"2回 新潟 4日目 サラ系３歳 未勝利       [指] 馬齢 15頭 本賞金:560,220,140,84,56万円",15,560.0,7,4,6,タブロー,牝,3,55.0,内田博,73.6,ハナ,3,5.4,38.7,2-2,美浦 矢野,454,-4,
202504020405,2025-08-03,新潟,5,3歳未勝利,ダ,1200,左,晴,良,"2回 新潟 4日目 サラ系３歳 未勝利       [指] 馬齢 15頭 本賞金:560,220,140,84,56万円",15,560.0,8,2,2,アンダーザブリッジ,セ,3,57.0,大野,73.8,1.1/4,11,30.8,37.9,10-10,美浦 尾関,436,-4,
202504020405,2025-08-03,新潟,5,3歳未勝利,ダ,1200,左,晴,良,"2回 新潟 4日目 サラ系３歳 未勝利       [指] 馬齢 15頭 本賞金:560,220,140,84,56万円",15,560.0,9,5,8,アイアンオバーカム,牝,3,55.0,柴田大,73.8,ハナ,6,13.3,38.8,3-3,美浦 南田,446,-4,
202504020405,2025-08-03,新潟,5,3歳未勝利,ダ,1200,左,晴,良,"2回 新潟 4日目 サラ系３歳 未勝利       [指] 馬齢 15頭 本賞金:560,220,140,84,56万円",15,560.0,10,8,14,プロヴァー,牡,3,57.0,菅原隆,74.0,1.1/4,14,98.5,37.0,14-14,美浦 鈴木慎,528,0,
202504020405,2025-08-03,新潟,5,3歳未勝利,ダ,1200,左,晴,良,"2回 新潟 4日目 サラ系３歳 未勝利       [指] 馬齢 15頭 本賞金:560,220,140,84,56万円",15,560.0,11,2,3,オブシディアーナ,牝,3,52.0,▲石田,74.1,1/2,1,4.7,37.8,13-13,美浦 国枝,464,-6,
202504020405,2025-08-03,新潟,5,3歳未勝利,ダ,1200,左,晴,良,"2回 新潟 4日目 サラ系３歳 未勝利       [指] 馬齢 15頭 本賞金:560,220,140,84,56万円",15,560.0,12,8,15,ハイエストランク,牝,3,52.0,▲遠藤,75.1,6,13,87.7,39.4,8-8,美浦 武藤,466,-2,
202504020405,2025-08-03,新潟,5,3歳未勝利,ダ,1200,左,晴,良,"2回 新潟 4日目 サラ系３歳 未勝利       [指] 馬齢 15頭 本賞金:560,220,140,84,56万円",15,560.0,13,1,1,ガストフロント,牡,3,57.0,武藤,75.7,3.1/2,10,22.8,39.8,10-10,美浦 水野,448,-4,
202504020405,2025-08-03,新潟,5,3歳未勝利,ダ,1200,左,晴,良,"2回 新潟 4日目 サラ系３歳 未勝利       [指] 馬齢 15頭 本賞金:560,220,140,84,56万円",15,560.0,14,3,5,アンエクスプロード,牡,3,57.0,三浦,77.1,8,5,6.8,42.3,1-1,美浦 池上,506,0,
202504020405,2025-08-03,新潟,5,3歳未勝利,ダ,1200,左,晴,良,"2回 新潟 4日目 サラ系３歳 未勝利       [指] 馬齢 15頭 本賞金:560,220,140,84,56万円",15,560.0,15,7,12,ハズムリズム,牡,3,54.0,▲水沼,78.6,9,15,275.9,41.4,15-15,美浦 土田,516,-30,
202504020405,2025-08-03,新潟,5,3歳未勝利,ダ,1200,左,晴,良,"2回 新潟 4日目 サラ系３歳 未勝利       [指] 馬齢 15頭 本賞金:560,220,140,84,56万円",15,560.0,,1,7,ウインレアリゼ,,,92.0,86,,12.7,5,10.9,4.0,11.8,2,,,
202504020405,2025-08-03,新潟,5,3歳未勝利,ダ,1200,左,晴,良,"2回 新潟 4日目 サラ系３歳 未勝利       [指] 馬齢 15頭 本賞金:560,220,140,84,56万円",15,560.0,,1,7,ウインレアリゼ,,,,-,,-,,,,-,-,,,
202504020406,2025-08-03,新潟,6,月岡温泉特別,芝,2000,左,晴,良,"2回 新潟 4日目 サラ系３歳以上 ２勝クラス       (混)(特指) 定量 5頭 本賞金:1550,620,390,230,155万円",5,1550.0,1,1,1,サダムオプシス,牡,4,58.0,藤懸,121.1,,1,2.0,32.8,2-3,栗東 平田,478,8,
202504020406,2025-08-03,新潟,6,月岡温泉特別,芝,2000,左,晴,良,"2回 新潟 4日目 サラ系３歳以上 ２勝クラス       (混)(特指) 定量 5頭 本賞金:1550,620,390,230,155万円",5,1550.0,2,4,4,フナデ,牡,4,58.0,津村,121.1,クビ,3,4.9,33.0,1-1,美浦 嘉藤,458,12,
202504020406,2025-08-03,新潟,6,月岡温泉特別,芝,2000,左,晴,良,"2回 新潟 4日目 サラ系３歳以上 ２勝クラス       (混)(特指) 定量 5頭 本賞金:1550,620,390,230,155万円",5,1550.0,3,3,3,ナイトスラッガー,牡,4,58.0,戸崎圭,121.2,クビ,2,2.0,32.7,5-5,栗東 小栗,524,2,
202504020406,2025-08-03,新潟,6,月岡温泉特別,芝,2000,左,晴,良,"2回 新潟 4日目 サラ系３歳以上 ２勝クラス       (混)(特指) 定量 5頭 本賞金:1550,620,390,230,155万円",5,1550.0,4,5,5,カフェアローロ,牝,4,56.0,菅原明,121.5,2,5,29.6,33.1,4-4,美浦 古賀,498,0,
202504020406,2025-08-03,新潟,6,月岡温泉特別,芝,2000,左,晴,良,"2回 新潟 4日目 サラ系３歳以上 ２勝クラス       (混)(特指) 定量 5頭 本賞金:1550,620,390,230,155万円",5,1550.0,5,2,2,マーシャルポイント,セ,4,58.0,杉原,121.9,2,4,24.2,33.6,2-2,美浦 矢嶋,460,2,
202504020406,2025-08-03,新潟,6,月岡温泉特別,芝,2000,左,晴,良,"2回 新潟 4日目 サラ系３歳以上 ２勝クラス       (混)(特指) 定量 5頭 本賞金:1550,620,390,230,155万円",5,1550.0,,1,1,サダムオプシス,,,79.0,66,,13.4,4,12.1,4.0,12.6,4,,,
202504020406,2025-08-03,新潟,6,月岡温泉特別,芝,2000,左,晴,良,"2回 新潟 4日目 サラ系３歳以上 ２勝クラス       (混)(特指) 定量 5頭 本賞金:1550,620,390,230,155万円",5,1550.0,,1,1,サダムオプシス,,,,-,,-,,,,-,-,,,
202504020407,2025-08-03,新潟,7,アイビスSD,芝,1000,直線,晴,良,"2回 新潟 4日目 サラ系３歳以上 オープン       (国際)(特指) 別定 18頭 本賞金:4100,1600,1000,620,410万円",18,4100.0,1,3,6,ピューロマジック,牝,4,55.0,ルメー,53.7,,2,4.6,31.3,11,栗東 安田,,,
202504020407,2025-08-03,新潟,7,アイビスSD,芝,1000,直線,晴,良,"2回 新潟 4日目 サラ系３歳以上 オープン       (国際)(特指) 別定 18頭 本賞金:4100,1600,1000,620,410万円",18,4100.0,2,7,13,テイエムスパーダ,牝,6,56.0,斎藤,53.8,クビ,1,3.7,32.1,1,栗東 小椋,502,6,
202504020407,2025-08-03,新潟,7,アイビスSD,芝,1000,直線,晴,良,"2回 新潟 4日目 サラ系３歳以上 オープン       (国際)(特指) 別定 18頭 本賞金:4100,1600,1000,620,410万円",18,4100.0,3,5,10,ウイングレイテスト,牡,8,58.0,松岡,53.9,1/2,10,24.5,31.7,7,美浦 畠山,500,4,
202504020407,2025-08-03,新潟,7,アイビスSD,芝,1000,直線,晴,良,"2回 新潟 4日目 サラ系３歳以上 オープン       (国際)(特指) 別定 18頭 本賞金:4100,1600,1000,620,410万円",18,4100.0,4,8,16,カルロヴェローチェ,セ,5,57.0,丸山,54.0,3/4,4,8.0,32.2,2,栗東 須貝,500,-4,
202504020407,2025-08-03,新潟,7,アイビスSD,芝,1000,直線,晴,良,"2回 新潟 4日目 サラ系３歳以上 オープン       (国際)(特指) 別定 18頭 本賞金:4100,1600,1000,620,410万円",18,4100.0,5,8,17,デュガ,セ,6,57.0,江田照,54.0,ハナ,11,33.2,31.8,7,栗東 森秀,492,2,
202504020407,2025-08-03,新潟,7,アイビスSD,芝,1000,直線,晴,良,"2回 新潟 4日目 サラ系３歳以上 オープン       (国際)(特指) 別定 18頭 本賞金:4100,1600,1000,620,410万円",18,4100.0,6,8,18,モズメイメイ,牝,5,56.0,高杉,54.0,アタマ,3,4.9,32.0,5,栗東 前川,472,0,
202504020407,2025-08-03,新潟,7,アイビスSD,芝,1000,直線,晴,良,"2回 新潟 4日目 サラ系３歳以上 オープン       (国際)(特指) 別定 18頭 本賞金:4100,1600,1000,620,410万円",18,4100.0,7,4,7,ショウナンハクラク,牡,6,57.0,三浦,54.2,1.1/4,14,90.5,31.4,15,栗東 松下,478,6,
202504020407,2025-08-03,新潟,7,アイビスSD,芝,1000,直線,晴,良,"2回 新潟 4日目 サラ系３歳以上 オープン       (国際)(特指) 別定 18頭 本賞金:4100,1600,1000,620,410万円",18,4100.0,8,6,12,ファロロジー,牝,6,55.0,吉田豊,54.3,1/2,18,274.0,31.8,12,美浦 中舘,472,2,
202504020407,2025-08-03,新潟,7,アイビスSD,芝,1000,直線,晴,良,"2回 新潟 4日目 サラ系３歳以上 オープン       (国際)(特指) 別定 18頭 本賞金:4100,1600,1000,620,410万円",18,4100.0,9,7,15,ブーケファロス,牡,5,57.0,菅原明,54.3,クビ,6,13.1,31.5,15,美浦 清水英,448,0,
202504020407,2025-08-03,新潟,7,アイビスSD,芝,1000,直線,晴,良,"2回 新潟 4日目 サラ系３歳以上 オープン       (国際)(特指) 別定 18頭 本賞金:4100,1600,1000,620,410万円",18,4100.0,10,1,2,ニシノコニャック,牡,6,57.0,菊沢,54.5,1.1/4,12,64.2,31.9,13,美浦 伊藤大,450,-8,
202504020407,2025-08-03,新潟,7,アイビスSD,芝,1000,直線,晴,良,"2回 新潟 4日目 サラ系３歳以上 オープン       (国際)(特指) 別定 18頭 本賞金:4100,1600,1000,620,410万円",18,4100.0,11,3,5,クムシラコ,牡,7,57.0,杉原,54.5,クビ,9,24.1,31.8,14,美浦 千葉,470,2,
202504020407,2025-08-03,新潟,7,アイビスSD,芝,1000,直線,晴,良,"2回 新潟 4日目 サラ系３歳以上 オープン       (国際)(特指) 別定 18頭 本賞金:4100,1600,1000,620,410万円",18,4100.0,12,2,3,カフジテトラゴン,牝,6,55.0,戸崎圭,54.6,1/2,7,20.4,32.6,5,栗東 武英,464,0,
202504020407,2025-08-03,新潟,7,アイビスSD,芝,1000,直線,晴,良,"2回 新潟 4日目 サラ系３歳以上 オープン       (国際)(特指) 別定 18頭 本賞金:4100,1600,1000,620,410万円",18,4100.0,13,1,1,スコーピオン,牡,4,57.0,武藤,54.8,1.1/4,15,143.6,31.8,17,美浦 武藤,478,2,
202504020407,2025-08-03,新潟,7,アイビスSD,芝,1000,直線,晴,良,"2回 新潟 4日目 サラ系３歳以上 オープン       (国際)(特指) 別定 18頭 本賞金:4100,1600,1000,620,410万円",18,4100.0,14,2,4,シロン,牝,6,55.0,国分恭,54.9,3/4,16,144.2,33.1,2,栗東 小栗,524,-2,
202504020407,2025-08-03,新潟,7,アイビスSD,芝,1000,直線,晴,良,"2回 新潟 4日目 サラ系３歳以上 オープン       (国際)(特指) 別定 18頭 本賞金:4100,1600,1000,620,410万円",18,4100.0,15,6,11,エランティス,牝,5,55.0,加藤,55.0,1/2,13,70.2,33.2,2,栗東 杉山晴,494,2,
202504020407,2025-08-03,新潟,7,アイビスSD,芝,1000,直線,晴,良,"2回 新潟 4日目 サラ系３歳以上 オープン       (国際)(特指) 別定 18頭 本賞金:4100,1600,1000,620,410万円",18,4100.0,16,4,8,コラソンビート,牝,4,55.0,津村,55.1,クビ,5,10.1,32.8,10,美浦 加藤士,454,2,
202504020407,2025-08-03,新潟,7,アイビスSD,芝,1000,直線,晴,良,"2回 新潟 4日目 サラ系３歳以上 オープン       (国際)(特指) 別定 18頭 本賞金:4100,1600,1000,620,410万円",18,4100.0,17,5,9,ニシノトキメキ,牝,5,55.0,今村,55.3,1.1/4,8,23.6,33.1,7,美浦 小手川,490,2,
202504020407,2025-08-03,新潟,7,アイビスSD,芝,1000,直線,晴,良,"2回 新潟 4日目 サラ系３歳以上 オープン       (国際)(特指) 別定 18頭 本賞金:4100,1600,1000,620,410万円",18,4100.0,18,7,14,キタノブレイド,牡,6,57.0,小林脩,56.1,5,17,244.2,33.1,17,美浦 萱野,472,-6,
202504020407,2025-08-03,新潟,7,アイビスSD,芝,1000,直線,晴,良,"2回 新潟 4日目 サラ系３歳以上 オープン       (国際)(特指) 別定 18頭 本賞金:4100,1600,1000,620,410万円",18,4100.0,,1,6,ピューロマジック,,,90.0,95,,12.3,16,10.1,19.0,10.1,18,,,
202504020407,2025-08-03,新潟,7,アイビスSD,芝,1000,直線,晴,良,"2回 新潟 4日目 サラ系３歳以上 オープン       (国際)(特指) 別定 18頭 本賞金:4100,1600,1000,620,410万円",18,4100.0,,1,6,ピューロマジック,,,0.401,7.51,,6.2,,8.0,0.401,7.92,0.408,,,
202504020408,2025-08-03,新潟,8,燕特別,芝,2200,左,晴,良,"2回 新潟 4日目 サラ系３歳以上 １勝クラス       (混)(特指) 定量 11頭 本賞金:1110,440,280,170,111万円",11,1110.0,1,3,3,パッションリッチ,牡,3,55.0,菅原明,132.3,,2,3.3,34.5,4-4-5-5,美浦 久保田,494,18,
202504020408,2025-08-03,新潟,8,燕特別,芝,2200,左,晴,良,"2回 新潟 4日目 サラ系３歳以上 １勝クラス       (混)(特指) 定量 11頭 本賞金:1110,440,280,170,111万円",11,1110.0,2,8,10,ボナーテソーロ,牡,4,58.0,木幡巧,132.3,クビ,7,49.6,35.0,2-2-2-2,美浦 牧,478,2,
202504020408,2025-08-03,新潟,8,燕特別,芝,2200,左,晴,良,"2回 新潟 4日目 サラ系３歳以上 １勝クラス       (混)(特指) 定量 11頭 本賞金:1110,440,280,170,111万円",11,1110.0,3,7,9,レヴーズマン,牡,3,55.0,ルメー,132.3,ハナ,1,2.2,34.2,8-8-9-8,美浦 手塚久,446,6,
202504020408,2025-08-03,新潟,8,燕特別,芝,2200,左,晴,良,"2回 新潟 4日目 サラ系３歳以上 １勝クラス       (混)(特指) 定量 11頭 本賞金:1110,440,280,170,111万円",11,1110.0,4,6,6,ウインリュクス,牝,5,56.0,三浦,132.4,1/2,4,9.7,35.3,6-6-1-1,栗東 吉田,438,16,
202504020408,2025-08-03,新潟,8,燕特別,芝,2200,左,晴,良,"2回 新潟 4日目 サラ系３歳以上 １勝クラス       (混)(特指) 定量 11頭 本賞金:1110,440,280,170,111万円",11,1110.0,5,1,1,ジェットブレード,牡,3,55.0,菊沢,132.7,1.3/4,6,18.3,34.7,6-6-8-8,美浦 青木,480,6,
202504020408,2025-08-03,新潟,8,燕特別,芝,2200,左,晴,良,"2回 新潟 4日目 サラ系３歳以上 １勝クラス       (混)(特指) 定量 11頭 本賞金:1110,440,280,170,111万円",11,1110.0,6,7,8,トラストエムシー,牡,5,58.0,高杉,132.7,ハナ,5,12.6,35.2,2-2-3-3,栗東 北出,444,6,
202504020408,2025-08-03,新潟,8,燕特別,芝,2200,左,晴,良,"2回 新潟 4日目 サラ系３歳以上 １勝クラス       (混)(特指) 定量 11頭 本賞金:1110,440,280,170,111万円",11,1110.0,7,8,11,モアナフリューゲル,牝,4,56.0,内田博,132.8,3/4,8,101.0,35.1,10-11-5-5,美浦 和田勇,458,0,
202504020408,2025-08-03,新潟,8,燕特別,芝,2200,左,晴,良,"2回 新潟 4日目 サラ系３歳以上 １勝クラス       (混)(特指) 定量 11頭 本賞金:1110,440,280,170,111万円",11,1110.0,8,2,2,キヨラ,牝,7,56.0,江田照,133.3,3,9,136.0,35.0,10-10-10-10,美浦 柄崎,490,4,
202504020408,2025-08-03,新潟,8,燕特別,芝,2200,左,晴,良,"2回 新潟 4日目 サラ系３歳以上 １勝クラス       (混)(特指) 定量 11頭 本賞金:1110,440,280,170,111万円",11,1110.0,9,5,5,ショウナンダール,牡,6,58.0,大野,133.4,1/2,10,143.1,35.9,1-1-3-3,美浦 武市,526,14,
202504020408,2025-08-03,新潟,8,燕特別,芝,2200,左,晴,良,"2回 新潟 4日目 サラ系３歳以上 １勝クラス       (混)(特指) 定量 11頭 本賞金:1110,440,280,170,111万円",11,1110.0,10,4,4,パナランギン,牡,3,55.0,水沼,133.7,1.1/2,11,219.8,35.4,8-8-10-10,美浦 松山,470,0,
202504020408,2025-08-03,新潟,8,燕特別,芝,2200,左,晴,良,"2回 新潟 4日目 サラ系３歳以上 １勝クラス       (混)(特指) 定量 11頭 本賞金:1110,440,280,170,111万円",11,1110.0,11,6,7,ルトンワージ,牡,3,55.0,戸崎圭,133.8,3/4,3,4.3,35.9,5-5-7-5,美浦 斎藤誠,460,8,
202504020408,2025-08-03,新潟,8,燕特別,芝,2200,左,晴,良,"2回 新潟 4日目 サラ系３歳以上 １勝クラス       (混)(特指) 定量 11頭 本賞金:1110,440,280,170,111万円",11,1110.0,,1,3,パッションリッチ,,,97.0,82,,13.0,2,11.5,2.0,11.7,2,,,
202504020408,2025-08-03,新潟,8,燕特別,芝,2200,左,晴,良,"2回 新潟 4日目 サラ系３歳以上 １勝クラス       (混)(特指) 定量 11頭 本賞金:1110,440,280,170,111万円",11,1110.0,,1,3,パッションリッチ,,,,-,,-,,,,-,-,,,
202504020409,2025-08-03,新潟,9,3歳未勝利,ダ,1800,左,晴,良,"2回 新潟 4日目 サラ系３歳 未勝利       (混)[指] 馬齢 15頭 本賞金:560,220,140,84,56万円",15,560.0,1,5,9,ホークライト,セ,3,57.0,ルメー,114.0,,1,1.8,38.0,5-5-5-5,美浦 中舘,480,2,
202504020409,2025-08-03,新潟,9,3歳未勝利,ダ,1800,左,晴,良,"2回 新潟 4日目 サラ系３歳 未勝利       (混)[指] 馬齢 15頭 本賞金:560,220,140,84,56万円",15,560.0,2,4,7,ライヴスプーン,牝,3,52.0,▲遠藤,114.1,1,4,9.9,38.6,2-2-2-1,美浦 尾形,410,2,
202504020409,2025-08-03,新潟,9,3歳未勝利,ダ,1800,左,晴,良,"2回 新潟 4日目 サラ系３歳 未勝利       (混)[指] 馬齢 15頭 本賞金:560,220,140,84,56万円",15,560.0,3,8,14,クラウンアールシー,牡,3,56.0,☆高杉,114.7,3.1/2,3,6.3,39.0,4-4-3-3,美浦 加藤士,452,0,
202504020409,2025-08-03,新潟,9,3歳未勝利,ダ,1800,左,晴,良,"2回 新潟 4日目 サラ系３歳 未勝利       (混)[指] 馬齢 15頭 本賞金:560,220,140,84,56万円",15,560.0,4,6,11,ミンナデガンバル,牡,3,54.0,▲水沼,114.9,1.1/4,12,82.7,38.7,10-9-9-8,美浦 西田,482,-12,
202504020409,2025-08-03,新潟,9,3歳未勝利,ダ,1800,左,晴,良,"2回 新潟 4日目 サラ系３歳 未勝利       (混)[指] 馬齢 15頭 本賞金:560,220,140,84,56万円",15,560.0,5,5,8,アストラン,セ,3,57.0,斎藤,115.0,クビ,9,60.0,39.0,7-5-5-5,美浦 斎藤誠,460,-8,
202504020409,2025-08-03,新潟,9,3歳未勝利,ダ,1800,左,晴,良,"2回 新潟 4日目 サラ系３歳 未勝利       (混)[指] 馬齢 15頭 本賞金:560,220,140,84,56万円",15,560.0,6,8,15,ワウワウワウ,牡,3,57.0,木幡巧,115.2,1.1/2,5,21.5,38.9,9-9-9-9,美浦 牧,496,0,
202504020409,2025-08-03,新潟,9,3歳未勝利,ダ,1800,左,晴,良,"2回 新潟 4日目 サラ系３歳 未勝利       (混)[指] 馬齢 15頭 本賞金:560,220,140,84,56万円",15,560.0,7,7,13,ブランクシート,牡,3,57.0,吉田豊,116.1,5,8,35.5,39.2,12-11-11-11,美浦 小島,452,2,
202504020409,2025-08-03,新潟,9,3歳未勝利,ダ,1800,左,晴,良,"2回 新潟 4日目 サラ系３歳 未勝利       (混)[指] 馬齢 15頭 本賞金:560,220,140,84,56万円",15,560.0,8,6,10,ラファエラエンゼル,牝,3,55.0,菊沢,116.5,2,11,65.9,40.5,7-8-5-7,美浦 武市,416,4,
202504020409,2025-08-03,新潟,9,3歳未勝利,ダ,1800,左,晴,良,"2回 新潟 4日目 サラ系３歳 未勝利       (混)[指] 馬齢 15頭 本賞金:560,220,140,84,56万円",15,560.0,9,7,12,カドバンソコヂカラ,牡,3,54.0,▲石神道,116.6,1/2,7,24.0,40.9,3-3-3-4,美浦 千葉,450,-2,
202504020409,2025-08-03,新潟,9,3歳未勝利,ダ,1800,左,晴,良,"2回 新潟 4日目 サラ系３歳 未勝利       (混)[指] 馬齢 15頭 本賞金:560,220,140,84,56万円",15,560.0,10,2,2,ヒロノビックバン,牡,3,55.0,◇今村,116.7,1/2,14,136.1,39.3,11-12-15-15,美浦 蛯名利,432,8,
202504020409,2025-08-03,新潟,9,3歳未勝利,ダ,1800,左,晴,良,"2回 新潟 4日目 サラ系３歳 未勝利       (混)[指] 馬齢 15頭 本賞金:560,220,140,84,56万円",15,560.0,11,1,1,ガイ,牡,3,57.0,菅原明,116.8,クビ,15,138.2,39.5,13-13-13-13,美浦 高木,468,-2,
202504020409,2025-08-03,新潟,9,3歳未勝利,ダ,1800,左,晴,良,"2回 新潟 4日目 サラ系３歳 未勝利       (混)[指] 馬齢 15頭 本賞金:560,220,140,84,56万円",15,560.0,12,4,6,フルボーグ,牡,3,54.0,▲石田,116.9,3/4,13,98.2,39.9,14-14-11-12,美浦 高木,510,0,
202504020409,2025-08-03,新潟,9,3歳未勝利,ダ,1800,左,晴,良,"2回 新潟 4日目 サラ系３歳 未勝利       (混)[指] 馬齢 15頭 本賞金:560,220,140,84,56万円",15,560.0,13,3,5,パーティーガール,牝,3,55.0,野中,117.1,1.1/4,10,64.0,41.6,1-1-1-2,美浦 根本,458,-2,
202504020409,2025-08-03,新潟,9,3歳未勝利,ダ,1800,左,晴,良,"2回 新潟 4日目 サラ系３歳 未勝利       (混)[指] 馬齢 15頭 本賞金:560,220,140,84,56万円",15,560.0,14,2,3,ノブレスジャン,牡,3,57.0,大野,117.4,2,2,4.5,41.3,5-5-5-9,美浦 和田勇,494,6,
202504020409,2025-08-03,新潟,9,3歳未勝利,ダ,1800,左,晴,良,"2回 新潟 4日目 サラ系３歳 未勝利       (混)[指] 馬齢 15頭 本賞金:560,220,140,84,56万円",15,560.0,15,3,4,ジェントルショット,牡,3,57.0,三浦,117.5,1/2,6,22.7,40.3,14-15-13-13,美浦 加藤征,482,2,
202504020409,2025-08-03,新潟,9,3歳未勝利,ダ,1800,左,晴,良,"2回 新潟 4日目 サラ系３歳 未勝利       (混)[指] 馬齢 15頭 本賞金:560,220,140,84,56万円",15,560.0,,1,9,ホークライト,,,98.0,87,,13.0,7,11.5,4.0,12.8,5,,,
202504020409,2025-08-03,新潟,9,3歳未勝利,ダ,1800,左,晴,良,"2回 新潟 4日目 サラ系３歳 未勝利       (混)[指] 馬齢 15頭 本賞金:560,220,140,84,56万円",15,560.0,,1,9,ホークライト,,,,-,,-,,,,-,-,,,
202504020410,2025-08-03,新潟,10,3歳以上1勝クラス,ダ,1200,左,晴,良,"2回 新潟 4日目 サラ系３歳以上 １勝クラス       牝[指] 定量 15頭 本賞金:800,320,200,120,80万円",15,800.0,1,1,1,サマースイートピー,牝,3,54.0,内田博,72.1,,4,8.6,36.7,6-6,美浦 千葉,482,2,
202504020410,2025-08-03,新潟,10,3歳以上1勝クラス,ダ,1200,左,晴,良,"2回 新潟 4日目 サラ系３歳以上 １勝クラス       牝[指] 定量 15頭 本賞金:800,320,200,120,80万円",15,800.0,2,6,11,ハーモニーソング,牝,3,54.0,戸崎圭,72.1,クビ,1,2.2,36.8,6-6,美浦 田島,446,-6,
202504020410,2025-08-03,新潟,10,3歳以上1勝クラス,ダ,1200,左,晴,良,"2回 新潟 4日目 サラ系３歳以上 １勝クラス       牝[指] 定量 15頭 本賞金:800,320,200,120,80万円",15,800.0,3,4,7,ハヌル,牝,4,56.0,嶋田,72.2,3/4,8,21.7,37.1,3-3,美浦 岩戸,472,0,
202504020410,2025-08-03,新潟,10,3歳以上1勝クラス,ダ,1200,左,晴,良,"2回 新潟 4日目 サラ系３歳以上 １勝クラス       牝[指] 定量 15頭 本賞金:800,320,200,120,80万円",15,800.0,4,4,6,チャコール,牝,4,56.0,津村,72.2,ハナ,12,45.0,36.5,9-8,美浦 矢野,530,16,
202504020410,2025-08-03,新潟,10,3歳以上1勝クラス,ダ,1200,左,晴,良,"2回 新潟 4日目 サラ系３歳以上 １勝クラス       牝[指] 定量 15頭 本賞金:800,320,200,120,80万円",15,800.0,5,8,15,バルサミコ,牝,4,53.0,▲佐藤,72.4,3/4,6,18.5,37.4,2-2,美浦 小手川,430,-4,
202504020410,2025-08-03,新潟,10,3歳以上1勝クラス,ダ,1200,左,晴,良,"2回 新潟 4日目 サラ系３歳以上 １勝クラス       牝[指] 定量 15頭 本賞金:800,320,200,120,80万円",15,800.0,6,7,12,オオゾラヒバリ,牝,4,56.0,野中,72.6,1.1/4,10,34.9,36.8,10-10,美浦 根本,462,2,
202504020410,2025-08-03,新潟,10,3歳以上1勝クラス,ダ,1200,左,晴,良,"2回 新潟 4日目 サラ系３歳以上 １勝クラス       牝[指] 定量 15頭 本賞金:800,320,200,120,80万円",15,800.0,7,2,3,アンビシュー,牝,4,53.0,▲遠藤,72.7,3/4,14,68.1,37.5,4-4,美浦 村田,472,-9,
202504020410,2025-08-03,新潟,10,3歳以上1勝クラス,ダ,1200,左,晴,良,"2回 新潟 4日目 サラ系３歳以上 １勝クラス       牝[指] 定量 15頭 本賞金:800,320,200,120,80万円",15,800.0,8,8,14,クイーンアポーン,牝,6,53.0,▲水沼,72.8,3/4,11,41.3,37.2,8-8,美浦 土田,450,2,
202504020410,2025-08-03,新潟,10,3歳以上1勝クラス,ダ,1200,左,晴,良,"2回 新潟 4日目 サラ系３歳以上 １勝クラス       牝[指] 定量 15頭 本賞金:800,320,200,120,80万円",15,800.0,9,3,5,マーゴットレーヴ,牝,5,56.0,吉田豊,72.9,1/2,7,20.9,36.4,13-13,美浦 伊坂,474,-2,
202504020410,2025-08-03,新潟,10,3歳以上1勝クラス,ダ,1200,左,晴,良,"2回 新潟 4日目 サラ系３歳以上 １勝クラス       牝[指] 定量 15頭 本賞金:800,320,200,120,80万円",15,800.0,10,6,10,クインズシフォン,牝,3,51.0,▲石神道,73.6,4,2,5.0,37.4,11-11,美浦 和田郎,452,2,
202504020410,2025-08-03,新潟,10,3歳以上1勝クラス,ダ,1200,左,晴,良,"2回 新潟 4日目 サラ系３歳以上 １勝クラス       牝[指] 定量 15頭 本賞金:800,320,200,120,80万円",15,800.0,11,5,9,アフトクラーティラ,牝,5,54.0,◇今村,73.9,1.3/4,5,15.9,37.5,12-11,美浦 上原佑,484,-2,
202504020410,2025-08-03,新潟,10,3歳以上1勝クラス,ダ,1200,左,晴,良,"2回 新潟 4日目 サラ系３歳以上 １勝クラス       牝[指] 定量 15頭 本賞金:800,320,200,120,80万円",15,800.0,12,5,8,リアンエターナル,牝,3,54.0,菊沢,74.0,3/4,9,25.4,39.1,1-1,美浦 武藤,428,-5,
202504020410,2025-08-03,新潟,10,3歳以上1勝クラス,ダ,1200,左,晴,良,"2回 新潟 4日目 サラ系３歳以上 １勝クラス       牝[指] 定量 15頭 本賞金:800,320,200,120,80万円",15,800.0,13,7,13,ミライヘノブーケ,牝,3,54.0,杉原,74.1,クビ,13,47.6,37.2,14-14,美浦 伊藤大,430,-6,
202504020410,2025-08-03,新潟,10,3歳以上1勝クラス,ダ,1200,左,晴,良,"2回 新潟 4日目 サラ系３歳以上 １勝クラス       牝[指] 定量 15頭 本賞金:800,320,200,120,80万円",15,800.0,14,3,4,ブルーデイジー,牝,6,53.0,▲石田,74.1,クビ,15,395.5,36.5,15-15,美浦 的場,454,-4,
202504020410,2025-08-03,新潟,10,3歳以上1勝クラス,ダ,1200,左,晴,良,"2回 新潟 4日目 サラ系３歳以上 １勝クラス       牝[指] 定量 15頭 本賞金:800,320,200,120,80万円",15,800.0,15,2,2,フクチャンヒメ,牝,3,54.0,三浦,74.8,4,3,7.1,39.6,4-4,美浦 加藤征,476,6,
202504020410,2025-08-03,新潟,10,3歳以上1勝クラス,ダ,1200,左,晴,良,"2回 新潟 4日目 サラ系３歳以上 １勝クラス       牝[指] 定量 15頭 本賞金:800,320,200,120,80万円",15,800.0,,1,1,サマースイートピー,,,95.0,89,,12.4,2,11.2,3.0,11.8,1,,,
202504020410,2025-08-03,新潟,10,3歳以上1勝クラス,ダ,1200,左,晴,良,"2回 新潟 4日目 サラ系３歳以上 １勝クラス       牝[指] 定量 15頭 本賞金:800,320,200,120,80万円",15,800.0,,1,1,サマースイートピー,,,,-,,-,,,,-,-,,,
202504020411,2025-08-03,新潟,11,3歳未勝利,芝,2000,左,晴,良,"2回 新潟 4日目 サラ系３歳 未勝利       (混)[指] 馬齢 14頭 本賞金:560,220,140,84,56万円",14,560.0,1,2,2,マカナ,牝,3,55.0,菅原明,120.7,,3,4.1,34.6,5-6-11-13,美浦 伊藤大,460,-6,
202504020411,2025-08-03,新潟,11,3歳未勝利,芝,2000,左,晴,良,"2回 新潟 4日目 サラ系３歳 未勝利       (混)[指] 馬齢 14頭 本賞金:560,220,140,84,56万円",14,560.0,2,7,12,マイネルアウルム,牡,3,57.0,津村,120.7,クビ,5,16.6,35.4,10-10-1-1,美浦 加藤士,444,10,
202504020411,2025-08-03,新潟,11,3歳未勝利,芝,2000,左,晴,良,"2回 新潟 4日目 サラ系３歳 未勝利       (混)[指] 馬齢 14頭 本賞金:560,220,140,84,56万円",14,560.0,3,5,8,パヴェリング,牝,3,55.0,ルメー,120.7,ハナ,1,2.9,35.1,5-6-4-4,美浦 蛯名正,478,8,
202504020411,2025-08-03,新潟,11,3歳未勝利,芝,2000,左,晴,良,"2回 新潟 4日目 サラ系３歳 未勝利       (混)[指] 馬齢 14頭 本賞金:560,220,140,84,56万円",14,560.0,4,8,13,ディベルティスマン,牡,3,57.0,戸崎圭,121.0,1.1/2,2,3.6,35.5,3-3-4-4,美浦 菊沢,514,-10,
202504020411,2025-08-03,新潟,11,3歳未勝利,芝,2000,左,晴,良,"2回 新潟 4日目 サラ系３歳 未勝利       (混)[指] 馬齢 14頭 本賞金:560,220,140,84,56万円",14,560.0,5,7,11,マイネルラファール,牡,3,57.0,原,121.0,ハナ,8,28.8,35.7,2-2-2-2,美浦 畠山,476,12,
202504020411,2025-08-03,新潟,11,3歳未勝利,芝,2000,左,晴,良,"2回 新潟 4日目 サラ系３歳 未勝利       (混)[指] 馬齢 14頭 本賞金:560,220,140,84,56万円",14,560.0,6,8,14,ディーズゴールド,牡,3,57.0,三浦,121.0,クビ,4,6.7,35.2,8-8-7-6,美浦 田村,500,20,
202504020411,2025-08-03,新潟,11,3歳未勝利,芝,2000,左,晴,良,"2回 新潟 4日目 サラ系３歳 未勝利       (混)[指] 馬齢 14頭 本賞金:560,220,140,84,56万円",14,560.0,7,4,5,ブルーメサイア,牡,3,57.0,大野,121.1,クビ,9,42.4,34.8,12-13-13-12,美浦 国枝,456,2,
202504020411,2025-08-03,新潟,11,3歳未勝利,芝,2000,左,晴,良,"2回 新潟 4日目 サラ系３歳 未勝利       (混)[指] 馬齢 14頭 本賞金:560,220,140,84,56万円",14,560.0,8,4,6,ミッドセンチュリー,牡,3,57.0,嶋田,121.1,ハナ,7,21.9,35.4,5-5-7-6,美浦 松山,440,0,
202504020411,2025-08-03,新潟,11,3歳未勝利,芝,2000,左,晴,良,"2回 新潟 4日目 サラ系３歳 未勝利       (混)[指] 馬齢 14頭 本賞金:560,220,140,84,56万円",14,560.0,9,5,7,ケイツーブル,牡,3,57.0,菊沢,121.1,クビ,10,74.2,35.0,14-13-11-9,美浦 千葉,420,-2,
202504020411,2025-08-03,新潟,11,3歳未勝利,芝,2000,左,晴,良,"2回 新潟 4日目 サラ系３歳 未勝利       (混)[指] 馬齢 14頭 本賞金:560,220,140,84,56万円",14,560.0,10,3,3,ヴィアトル,牝,3,52.0,▲石神道,121.3,1,6,21.3,35.3,9-8-10-9,美浦 上原佑,418,0,
202504020411,2025-08-03,新潟,11,3歳未勝利,芝,2000,左,晴,良,"2回 新潟 4日目 サラ系３歳 未勝利       (混)[指] 馬齢 14頭 本賞金:560,220,140,84,56万円",14,560.0,11,6,10,クリノフローレンス,牝,3,52.0,▲佐藤,121.5,1.1/2,12,243.7,35.2,10-10-13-13,美浦 南田,450,10,
202504020411,2025-08-03,新潟,11,3歳未勝利,芝,2000,左,晴,良,"2回 新潟 4日目 サラ系３歳 未勝利       (混)[指] 馬齢 14頭 本賞金:560,220,140,84,56万円",14,560.0,12,1,1,バットスティンガー,牡,3,57.0,杉原,121.8,1.1/2,11,80.6,36.0,3-3-7-9,美浦 嘉藤,458,-2,
202504020411,2025-08-03,新潟,11,3歳未勝利,芝,2000,左,晴,良,"2回 新潟 4日目 サラ系３歳 未勝利       (混)[指] 馬齢 14頭 本賞金:560,220,140,84,56万円",14,560.0,13,6,9,ディプタルアスール,牡,3,57.0,武藤,121.9,3/4,13,336.4,36.5,12-10-3-2,美浦 水野,460,-8,
202504020411,2025-08-03,新潟,11,3歳未勝利,芝,2000,左,晴,良,"2回 新潟 4日目 サラ系３歳 未勝利       (混)[指] 馬齢 14頭 本賞金:560,220,140,84,56万円",14,560.0,14,3,4,カフェアリス,牝,3,55.0,江田照,123.1,7,14,354.1,37.5,1-1-4-6,美浦 柄崎,392,8,
202504020411,2025-08-03,新潟,11,3歳未勝利,芝,2000,左,晴,良,"2回 新潟 4日目 サラ系３歳 未勝利       (混)[指] 馬齢 14頭 本賞金:560,220,140,84,56万円",14,560.0,,1,2,マカナ,,,96.0,74,,13.1,2,11.2,2.0,12.5,1,,,
202504020411,2025-08-03,新潟,11,3歳未勝利,芝,2000,左,晴,良,"2回 新潟 4日目 サラ系３歳 未勝利       (混)[指] 馬齢 14頭 本賞金:560,220,140,84,56万円",14,560.0,,1,2,マカナ,,,,-,,-,,,,-,-,,,
202504020412,2025-08-03,新潟,12,3歳以上1勝クラス,芝,1200,左,晴,良,"2回 新潟 4日目 サラ系３歳以上 １勝クラス       [指] 定量 12頭 本賞金:800,320,200,120,80万円",12,800.0,1,4,4,ビービーエフォート,牝,3,51.0,▲遠藤,69.0,,1,2.8,34.0,6-6,美浦 高柳瑞,412,-8,
202504020412,2025-08-03,新潟,12,3歳以上1勝クラス,芝,1200,左,晴,良,"2回 新潟 4日目 サラ系３歳以上 １勝クラス       [指] 定量 12頭 本賞金:800,320,200,120,80万円",12,800.0,2,5,6,マルモリディライト,牝,5,56.0,柴田大,69.2,1,8,25.9,34.4,3-3,美浦 畠山,484,4,
202504020412,2025-08-03,新潟,12,3歳以上1勝クラス,芝,1200,左,晴,良,"2回 新潟 4日目 サラ系３歳以上 １勝クラス       [指] 定量 12頭 本賞金:800,320,200,120,80万円",12,800.0,3,7,10,ナギサノバルコニー,牝,3,54.0,嶋田,69.5,2,11,75.2,34.0,10-9,美浦 伊坂,454,-2,
202504020412,2025-08-03,新潟,12,3歳以上1勝クラス,芝,1200,左,晴,良,"2回 新潟 4日目 サラ系３歳以上 １勝クラス       [指] 定量 12頭 本賞金:800,320,200,120,80万円",12,800.0,4,2,2,デボラ,牝,3,54.0,三浦,69.6,1/2,2,3.2,34.7,5-3,栗東 西園正,472,4,
202504020412,2025-08-03,新潟,12,3歳以上1勝クラス,芝,1200,左,晴,良,"2回 新潟 4日目 サラ系３歳以上 １勝クラス       [指] 定量 12頭 本賞金:800,320,200,120,80万円",12,800.0,5,5,5,ナムラトロム,牡,3,56.0,戸崎圭,69.6,アタマ,3,4.7,34.9,2-2,美浦 石栗,452,6,
202504020412,2025-08-03,新潟,12,3歳以上1勝クラス,芝,1200,左,晴,良,"2回 新潟 4日目 サラ系３歳以上 １勝クラス       [指] 定量 12頭 本賞金:800,320,200,120,80万円",12,800.0,6,8,12,ハッピーサプライズ,牡,4,58.0,菊沢,69.7,1/2,6,20.7,34.9,3-3,美浦 佐藤吉,464,0,
202504020412,2025-08-03,新潟,12,3歳以上1勝クラス,芝,1200,左,晴,良,"2回 新潟 4日目 サラ系３歳以上 １勝クラス       [指] 定量 12頭 本賞金:800,320,200,120,80万円",12,800.0,7,6,8,レイオーバー,牡,3,56.0,内田博,70.0,1.3/4,7,23.5,34.6,9-9,美浦 本間,456,-10,
202504020412,2025-08-03,新潟,12,3歳以上1勝クラス,芝,1200,左,晴,良,"2回 新潟 4日目 サラ系３歳以上 １勝クラス       [指] 定量 12頭 本賞金:800,320,200,120,80万円",12,800.0,8,6,7,ラブアイミー,牝,3,51.0,▲石田,70.1,3/4,10,60.1,34.4,11-11,栗東 森田,410,-6,
202504020412,2025-08-03,新潟,12,3歳以上1勝クラス,芝,1200,左,晴,良,"2回 新潟 4日目 サラ系３歳以上 １勝クラス       [指] 定量 12頭 本賞金:800,320,200,120,80万円",12,800.0,9,7,9,タワークライマー,セ,3,56.0,小林脩,70.5,2.1/2,12,156.0,35.3,8-6,美浦 嘉藤,430,-4,
202504020412,2025-08-03,新潟,12,3歳以上1勝クラス,芝,1200,左,晴,良,"2回 新潟 4日目 サラ系３歳以上 １勝クラス       [指] 定量 12頭 本賞金:800,320,200,120,80万円",12,800.0,10,8,11,チカポコ,牝,5,56.0,丸山,70.6,クビ,4,7.7,35.6,6-6,栗東 西園正,420,-2,
202504020412,2025-08-03,新潟,12,3歳以上1勝クラス,芝,1200,左,晴,良,"2回 新潟 4日目 サラ系３歳以上 １勝クラス       [指] 定量 12頭 本賞金:800,320,200,120,80万円",12,800.0,11,1,1,テイエムパイロット,牡,3,54.0,◇今村,70.7,1/2,5,16.7,34.4,12-12,栗東 秋山,518,2,
202504020412,2025-08-03,新潟,12,3歳以上1勝クラス,芝,1200,左,晴,良,"2回 新潟 4日目 サラ系３歳以上 １勝クラス       [指] 定量 12頭 本賞金:800,320,200,120,80万円",12,800.0,12,3,3,コムーネ,牝,3,51.0,▲石神道,70.7,ハナ,9,41.4,36.1,1-1,美浦 奥平,424,4,
202504020412,2025-08-03,新潟,12,3歳以上1勝クラス,芝,1200,左,晴,良,"2回 新潟 4日目 サラ系３歳以上 １勝クラス       [指] 定量 12頭 本賞金:800,320,200,120,80万円",12,800.0,,1,4,ビービーエフォート,,,83.0,76,,12.6,5,10.8,3.0,11.5,2,,,
202504020412,2025-08-03,新潟,12,3歳以上1勝クラス,芝,1200,左,晴,良,"2回 新潟 4日目 サラ系３歳以上 １勝クラス       [指] 定量 12頭 本賞金:800,320,200,120,80万円",12,800.0,,1,4,ビービーエフォート,,,,-,,-,,,,-,-,,,
202507030401,2025-08-03,中京,1,2歳未勝利,芝,2000,左,晴,良,"3回 中京 4日目 サラ系２歳 未勝利       (混)[指] 馬齢 5頭 本賞金:560,220,140,84,56万円",5,560.0,1,5,5,ユヴァスキュラ,牡,2,55.0,松山,123.3,,1,1.3,33.6,4-5-5-3,栗東 小椋,454,8,
202507030401,2025-08-03,中京,1,2歳未勝利,芝,2000,左,晴,良,"3回 中京 4日目 サラ系２歳 未勝利       (混)[指] 馬齢 5頭 本賞金:560,220,140,84,56万円",5,560.0,2,3,3,メイショウナルカミ,牡,2,55.0,幸,123.5,1.1/4,2,3.2,33.8,4-4-3-3,栗東 安達,488,0,
202507030401,2025-08-03,中京,1,2歳未勝利,芝,2000,左,晴,良,"3回 中京 4日目 サラ系２歳 未勝利       (混)[指] 馬齢 5頭 本賞金:560,220,140,84,56万円",5,560.0,3,1,1,モンドシュピーゲル,牡,2,55.0,国分優,124.5,6,4,12.5,35.2,1-1-1-1,美浦 天間,462,2,
202507030401,2025-08-03,中京,1,2歳未勝利,芝,2000,左,晴,良,"3回 中京 4日目 サラ系２歳 未勝利       (混)[指] 馬齢 5頭 本賞金:560,220,140,84,56万円",5,560.0,4,4,4,コスモギオン,牡,2,55.0,松若,124.5,アタマ,3,12.0,35.1,2-2-2-2,栗東 宮,456,2,
202507030401,2025-08-03,中京,1,2歳未勝利,芝,2000,左,晴,良,"3回 中京 4日目 サラ系２歳 未勝利       (混)[指] 馬齢 5頭 本賞金:560,220,140,84,56万円",5,560.0,5,2,2,フルフィルメント,牝,2,55.0,小崎,124.5,ハナ,5,62.7,34.9,3-3-3-3,栗東 宮地,516,12,
202507030401,2025-08-03,中京,1,2歳未勝利,芝,2000,左,晴,良,"3回 中京 4日目 サラ系２歳 未勝利       (混)[指] 馬齢 5頭 本賞金:560,220,140,84,56万円",5,560.0,,1,5,ユヴァスキュラ,,,83.0,65,,14.0,5,11.8,3.0,12.5,3,,,
202507030401,2025-08-03,中京,1,2歳未勝利,芝,2000,左,晴,良,"3回 中京 4日目 サラ系２歳 未勝利       (混)[指] 馬齢 5頭 本賞金:560,220,140,84,56万円",5,560.0,,1,5,ユヴァスキュラ,,,,-,,-,,,,-,-,,,
202507030402,2025-08-03,中京,2,2歳新馬,ダ,1800,左,晴,良,"3回 中京 4日目 サラ系２歳 新馬       (混)[指] 馬齢 15頭 本賞金:750,300,190,110,75万円",15,750.0,1,3,4,マヴィ,牝,2,55.0,バデル,116.4,,3,7.7,39.5,1-1-1-1,栗東 牧浦,464,0,
202507030402,2025-08-03,中京,2,2歳新馬,ダ,1800,左,晴,良,"3回 中京 4日目 サラ系２歳 新馬       (混)[指] 馬齢 15頭 本賞金:750,300,190,110,75万円",15,750.0,2,6,11,マッドゲイル,牡,2,54.0,☆吉村,117.0,3.1/2,5,19.6,39.3,7-6-6-6,美浦 上原佑,432,0,
202507030402,2025-08-03,中京,2,2歳新馬,ダ,1800,左,晴,良,"3回 中京 4日目 サラ系２歳 新馬       (混)[指] 馬齢 15頭 本賞金:750,300,190,110,75万円",15,750.0,3,2,3,ガウラディスコ,牡,2,55.0,松若,117.1,1,8,26.4,38.7,12-12-9-9,栗東 高柳大,548,0,
202507030402,2025-08-03,中京,2,2歳新馬,ダ,1800,左,晴,良,"3回 中京 4日目 サラ系２歳 新馬       (混)[指] 馬齢 15頭 本賞金:750,300,190,110,75万円",15,750.0,4,1,1,ケンタッキーホーム,牡,2,55.0,坂井,117.4,1.3/4,1,1.9,40.2,3-3-2-4,栗東 松下,508,0,
202507030402,2025-08-03,中京,2,2歳新馬,ダ,1800,左,晴,良,"3回 中京 4日目 サラ系２歳 新馬       (混)[指] 馬齢 15頭 本賞金:750,300,190,110,75万円",15,750.0,5,4,6,ダンツシタン,牡,2,55.0,和田竜,117.5,1/2,2,6.1,40.4,5-5-2-2,栗東 本田,524,0,
202507030402,2025-08-03,中京,2,2歳新馬,ダ,1800,左,晴,良,"3回 中京 4日目 サラ系２歳 新馬       (混)[指] 馬齢 15頭 本賞金:750,300,190,110,75万円",15,750.0,6,3,5,グランワールド,牡,2,55.0,田口,117.7,1,12,40.4,39.7,11-8-8-7,栗東 新谷,472,0,
202507030402,2025-08-03,中京,2,2歳新馬,ダ,1800,左,晴,良,"3回 中京 4日目 サラ系２歳 新馬       (混)[指] 馬齢 15頭 本賞金:750,300,190,110,75万円",15,750.0,7,6,10,シャローファースト,牡,2,55.0,岩田康,119.1,8,7,24.2,40.3,13-13-11-11,栗東 安田,526,0,
202507030402,2025-08-03,中京,2,2歳新馬,ダ,1800,左,晴,良,"3回 中京 4日目 サラ系２歳 新馬       (混)[指] 馬齢 15頭 本賞金:750,300,190,110,75万円",15,750.0,8,4,7,ファツアップ,牡,2,55.0,小沢,119.2,3/4,14,116.4,42.1,2-2-2-3,栗東 緒方,496,0,
202507030402,2025-08-03,中京,2,2歳新馬,ダ,1800,左,晴,良,"3回 中京 4日目 サラ系２歳 新馬       (混)[指] 馬齢 15頭 本賞金:750,300,190,110,75万円",15,750.0,9,5,8,ケイアイアマゾン,牡,2,55.0,幸,121.2,大,15,148.9,41.2,14-15-15-15,栗東 秋山,472,0,
202507030402,2025-08-03,中京,2,2歳新馬,ダ,1800,左,晴,良,"3回 中京 4日目 サラ系２歳 新馬       (混)[指] 馬齢 15頭 本賞金:750,300,190,110,75万円",15,750.0,10,7,13,ニシノトマラナイ,牡,2,53.0,◇永島,121.4,1.1/4,6,22.7,43.7,7-8-6-7,美浦 矢野,464,0,
202507030402,2025-08-03,中京,2,2歳新馬,ダ,1800,左,晴,良,"3回 中京 4日目 サラ系２歳 新馬       (混)[指] 馬齢 15頭 本賞金:750,300,190,110,75万円",15,750.0,11,2,2,タマコロリン,牝,2,55.0,荻野極,122.6,7,9,26.7,45.2,3-3-5-5,美浦 村田,484,0,
202507030402,2025-08-03,中京,2,2歳新馬,ダ,1800,左,晴,良,"3回 中京 4日目 サラ系２歳 新馬       (混)[指] 馬齢 15頭 本賞金:750,300,190,110,75万円",15,750.0,12,7,12,ブルースプレイヤー,牡,2,54.0,☆西塚,122.6,クビ,13,53.1,43.5,14-13-13-12,栗東 高橋亮,550,0,
202507030402,2025-08-03,中京,2,2歳新馬,ダ,1800,左,晴,良,"3回 中京 4日目 サラ系２歳 新馬       (混)[指] 馬齢 15頭 本賞金:750,300,190,110,75万円",15,750.0,13,8,14,ドンラプス,牡,2,55.0,松山,123.8,7,4,7.9,44.7,6-8-13-14,栗東 今野,490,0,
202507030402,2025-08-03,中京,2,2歳新馬,ダ,1800,左,晴,良,"3回 中京 4日目 サラ系２歳 新馬       (混)[指] 馬齢 15頭 本賞金:750,300,190,110,75万円",15,750.0,14,8,15,ルーン,牝,2,55.0,団野,123.9,1/2,10,29.6,45.1,9-11-11-13,栗東 高橋一,478,0,
202507030402,2025-08-03,中京,2,2歳新馬,ダ,1800,左,晴,良,"3回 中京 4日目 サラ系２歳 新馬       (混)[指] 馬齢 15頭 本賞金:750,300,190,110,75万円",15,750.0,15,5,9,スナークホクサイ,牡,2,55.0,小崎,124.0,クビ,11,35.4,45.6,9-6-9-10,栗東 野中,490,0,
202507030402,2025-08-03,中京,2,2歳新馬,ダ,1800,左,晴,良,"3回 中京 4日目 サラ系２歳 新馬       (混)[指] 馬齢 15頭 本賞金:750,300,190,110,75万円",15,750.0,,1,4,マヴィ,,,103.0,93,,13.0,3,11.6,1.0,13.3,2,,,
202507030402,2025-08-03,中京,2,2歳新馬,ダ,1800,左,晴,良,"3回 中京 4日目 サラ系２歳 新馬       (混)[指] 馬齢 15頭 本賞金:750,300,190,110,75万円",15,750.0,,1,4,マヴィ,,,,-,,-,,,,-,-,,,
202507030403,2025-08-03,中京,3,2歳新馬,芝,1600,左,晴,良,"3回 中京 4日目 サラ系２歳 新馬       (混)[指] 馬齢 7頭 本賞金:750,300,190,110,75万円",7,750.0,1,2,2,ラエトゥス,牝,2,55.0,松山,96.9,,4,6.9,34.3,6-2-2,栗東 池添,460,0,
202507030403,2025-08-03,中京,3,2歳新馬,芝,1600,左,晴,良,"3回 中京 4日目 サラ系２歳 新馬       (混)[指] 馬齢 7頭 本賞金:750,300,190,110,75万円",7,750.0,2,1,1,サーディンラン,牡,2,55.0,バデル,96.9,アタマ,2,4.3,34.3,1-1-1,栗東 武英,454,0,
202507030403,2025-08-03,中京,3,2歳新馬,芝,1600,左,晴,良,"3回 中京 4日目 サラ系２歳 新馬       (混)[指] 馬齢 7頭 本賞金:750,300,190,110,75万円",7,750.0,3,7,7,エルナト,牡,2,55.0,幸,97.1,1.1/2,5,7.9,34.3,7-3-3,栗東 斉藤崇,482,0,
202507030403,2025-08-03,中京,3,2歳新馬,芝,1600,左,晴,良,"3回 中京 4日目 サラ系２歳 新馬       (混)[指] 馬齢 7頭 本賞金:750,300,190,110,75万円",7,750.0,4,5,5,フルールドール,牝,2,55.0,坂井,97.3,1,1,1.9,34.4,3-4-3,栗東 藤原,490,0,
202507030403,2025-08-03,中京,3,2歳新馬,芝,1600,左,晴,良,"3回 中京 4日目 サラ系２歳 新馬       (混)[指] 馬齢 7頭 本賞金:750,300,190,110,75万円",7,750.0,5,6,6,グッドホース,牡,2,55.0,泉谷,97.6,2,7,58.1,34.5,4-6-6,栗東 杉山晴,466,0,
202507030403,2025-08-03,中京,3,2歳新馬,芝,1600,左,晴,良,"3回 中京 4日目 サラ系２歳 新馬       (混)[指] 馬齢 7頭 本賞金:750,300,190,110,75万円",7,750.0,6,4,4,ヴォーカライズ,牡,2,54.0,☆吉村,97.6,ハナ,3,5.2,34.5,5-6-6,栗東 高野,496,0,
202507030403,2025-08-03,中京,3,2歳新馬,芝,1600,左,晴,良,"3回 中京 4日目 サラ系２歳 新馬       (混)[指] 馬齢 7頭 本賞金:750,300,190,110,75万円",7,750.0,7,3,3,ダディーズサンクス,牡,2,55.0,岩田康,97.9,2,6,24.0,35.0,2-4-3,栗東 千田,408,0,
202507030403,2025-08-03,中京,3,2歳新馬,芝,1600,左,晴,良,"3回 中京 4日目 サラ系２歳 新馬       (混)[指] 馬齢 7頭 本賞金:750,300,190,110,75万円",7,750.0,,1,2,ラエトゥス,,,75.0,63,,13.8,3,12.3,5.0,12.0,5,,,
202507030403,2025-08-03,中京,3,2歳新馬,芝,1600,左,晴,良,"3回 中京 4日目 サラ系２歳 新馬       (混)[指] 馬齢 7頭 本賞金:750,300,190,110,75万円",7,750.0,,1,2,ラエトゥス,,,,-,,-,,,,-,-,,,
202507030404,2025-08-03,中京,4,3歳未勝利,ダ,1900,左,晴,良,"3回 中京 4日目 サラ系３歳 未勝利       [指] 馬齢 16頭 本賞金:560,220,140,84,56万円",16,560.0,1,1,1,ヴァリオーサ,牝,3,55.0,坂井,123.2,,2,4.0,37.0,4-4-5-3,栗東 武幸,470,0,
202507030404,2025-08-03,中京,4,3歳未勝利,ダ,1900,左,晴,良,"3回 中京 4日目 サラ系３歳 未勝利       [指] 馬齢 16頭 本賞金:560,220,140,84,56万円",16,560.0,2,4,8,エーデルワイス,牝,3,55.0,幸,123.3,1/2,5,8.1,37.1,9-8-5-5,栗東 渡辺,490,4,
202507030404,2025-08-03,中京,4,3歳未勝利,ダ,1900,左,晴,良,"3回 中京 4日目 サラ系３歳 未勝利       [指] 馬齢 16頭 本賞金:560,220,140,84,56万円",16,560.0,3,5,9,ワイドクリーガー,牡,3,57.0,松山,123.4,1/2,1,3.0,37.4,2-3-2-3,栗東 奥村豊,466,-6,
202507030404,2025-08-03,中京,4,3歳未勝利,ダ,1900,左,晴,良,"3回 中京 4日目 サラ系３歳 未勝利       [指] 馬齢 16頭 本賞金:560,220,140,84,56万円",16,560.0,4,2,3,ヤヌシサンダー,牡,3,57.0,岩田康,124.1,4,8,47.5,37.5,8-8-11-7,栗東 牧田,426,4,
202507030404,2025-08-03,中京,4,3歳未勝利,ダ,1900,左,晴,良,"3回 中京 4日目 サラ系３歳 未勝利       [指] 馬齢 16頭 本賞金:560,220,140,84,56万円",16,560.0,5,4,7,メイショウアイル,牡,3,57.0,秋山稔,124.2,1/2,6,9.6,37.9,7-7-9-7,栗東 高橋忠,476,-4,
202507030404,2025-08-03,中京,4,3歳未勝利,ダ,1900,左,晴,良,"3回 中京 4日目 サラ系３歳 未勝利       [指] 馬齢 16頭 本賞金:560,220,140,84,56万円",16,560.0,6,7,14,マンノミューズ,牝,3,55.0,角田和,124.4,1.1/4,9,52.0,38.5,2-2-2-2,栗東 角田,424,-5,
202507030404,2025-08-03,中京,4,3歳未勝利,ダ,1900,左,晴,良,"3回 中京 4日目 サラ系３歳 未勝利       [指] 馬齢 16頭 本賞金:560,220,140,84,56万円",16,560.0,7,5,10,サンライズフーガ,牡,3,57.0,高倉,124.7,1.1/2,10,53.9,38.7,15-16-2-5,栗東 前川,466,-4,
202507030404,2025-08-03,中京,4,3歳未勝利,ダ,1900,左,晴,良,"3回 中京 4日目 サラ系３歳 未勝利       [指] 馬齢 16頭 本賞金:560,220,140,84,56万円",16,560.0,8,6,11,ラムセス,牡,3,56.0,☆吉村,124.8,3/4,12,85.7,38.2,9-10-11-11,栗東 清水久,460,-6,
202507030404,2025-08-03,中京,4,3歳未勝利,ダ,1900,左,晴,良,"3回 中京 4日目 サラ系３歳 未勝利       [指] 馬齢 16頭 本賞金:560,220,140,84,56万円",16,560.0,9,3,6,クリノバーグマン,牡,3,57.0,田口,124.9,クビ,4,6.6,38.7,4-4-5-7,栗東 谷,508,8,
202507030404,2025-08-03,中京,4,3歳未勝利,ダ,1900,左,晴,良,"3回 中京 4日目 サラ系３歳 未勝利       [指] 馬齢 16頭 本賞金:560,220,140,84,56万円",16,560.0,10,8,16,ハックルベリー,牡,3,57.0,団野,125.0,1,7,25.0,38.8,4-4-5-10,栗東 加藤公,500,10,
202507030404,2025-08-03,中京,4,3歳未勝利,ダ,1900,左,晴,良,"3回 中京 4日目 サラ系３歳 未勝利       [指] 馬齢 16頭 本賞金:560,220,140,84,56万円",16,560.0,11,3,5,ディープカインズ,牡,3,57.0,太宰,125.2,1.1/4,14,235.6,37.8,13-14-14-13,栗東 本田,428,-12,
202507030404,2025-08-03,中京,4,3歳未勝利,ダ,1900,左,晴,良,"3回 中京 4日目 サラ系３歳 未勝利       [指] 馬齢 16頭 本賞金:560,220,140,84,56万円",16,560.0,12,7,13,アーリドラータ,牡,3,54.0,▲田山,125.2,ハナ,11,61.0,39.4,1-1-1-1,栗東 小栗,468,-20,
202507030404,2025-08-03,中京,4,3歳未勝利,ダ,1900,左,晴,良,"3回 中京 4日目 サラ系３歳 未勝利       [指] 馬齢 16頭 本賞金:560,220,140,84,56万円",16,560.0,13,6,12,シーラスストリーク,牝,3,55.0,バデル,125.3,クビ,3,6.5,38.9,13-11-10-11,栗東 武英,470,0,
202507030404,2025-08-03,中京,4,3歳未勝利,ダ,1900,左,晴,良,"3回 中京 4日目 サラ系３歳 未勝利       [指] 馬齢 16頭 本賞金:560,220,140,84,56万円",16,560.0,14,2,4,ペルティナクス,牡,3,53.0,★河原田,125.6,1.3/4,13,119.1,38.0,11-11-16-16,栗東 池江,518,-6,
202507030404,2025-08-03,中京,4,3歳未勝利,ダ,1900,左,晴,良,"3回 中京 4日目 サラ系３歳 未勝利       [指] 馬齢 16頭 本賞金:560,220,140,84,56万円",16,560.0,15,8,15,ヒロニャン,牡,3,57.0,中井,125.7,1,15,249.8,38.5,15-15-13-14,栗東 今野,510,6,
202507030404,2025-08-03,中京,4,3歳未勝利,ダ,1900,左,晴,良,"3回 中京 4日目 サラ系３歳 未勝利       [指] 馬齢 16頭 本賞金:560,220,140,84,56万円",16,560.0,16,1,2,クロシオカレント,牡,3,57.0,松若,125.9,3/4,16,286.3,38.5,11-11-14-14,栗東 東田,440,-4,
202507030404,2025-08-03,中京,4,3歳未勝利,ダ,1900,左,晴,良,"3回 中京 4日目 サラ系３歳 未勝利       [指] 馬齢 16頭 本賞金:560,220,140,84,56万円",16,560.0,,1,1,ヴァリオーサ,,,99.0,71,,7.7,2,11.5,3.0,12.8,1,,,
202507030404,2025-08-03,中京,4,3歳未勝利,ダ,1900,左,晴,良,"3回 中京 4日目 サラ系３歳 未勝利       [指] 馬齢 16頭 本賞金:560,220,140,84,56万円",16,560.0,,1,1,ヴァリオーサ,,,,-,,-,,,,-,-,,,
202507030405,2025-08-03,中京,5,3歳未勝利,芝,1600,左,晴,良,"3回 中京 4日目 サラ系３歳 未勝利       (混)[指] 馬齢 16頭 本賞金:560,220,140,84,56万円",16,560.0,1,1,2,ビップディラン,牡,3,57.0,坂井,93.3,,2,3.5,34.5,6-5-5,栗東 小椋,456,4,
202507030405,2025-08-03,中京,5,3歳未勝利,芝,1600,左,晴,良,"3回 中京 4日目 サラ系３歳 未勝利       (混)[指] 馬齢 16頭 本賞金:560,220,140,84,56万円",16,560.0,2,8,16,ブルーブレイブ,牝,3,54.0,☆西塚,93.4,1/2,3,5.1,34.2,11-10-10,栗東 清水久,490,6,
202507030405,2025-08-03,中京,5,3歳未勝利,芝,1600,左,晴,良,"3回 中京 4日目 サラ系３歳 未勝利       (混)[指] 馬齢 16頭 本賞金:560,220,140,84,56万円",16,560.0,3,7,13,タイセイフィオーレ,牡,3,56.0,☆吉村,93.4,ハナ,1,2.8,34.3,8-8-8,栗東 高野,452,-2,
202507030405,2025-08-03,中京,5,3歳未勝利,芝,1600,左,晴,良,"3回 中京 4日目 サラ系３歳 未勝利       (混)[指] 馬齢 16頭 本賞金:560,220,140,84,56万円",16,560.0,4,8,15,ヴェルニッツ,牡,3,57.0,幸,93.5,1/2,9,30.2,34.1,13-12-12,栗東 杉山晴,476,2,
202507030405,2025-08-03,中京,5,3歳未勝利,芝,1600,左,晴,良,"3回 中京 4日目 サラ系３歳 未勝利       (混)[指] 馬齢 16頭 本賞金:560,220,140,84,56万円",16,560.0,5,6,11,サトノビエント,牝,3,55.0,団野,93.5,クビ,11,66.8,34.6,6-7-5,栗東 上村,392,-18,
202507030405,2025-08-03,中京,5,3歳未勝利,芝,1600,左,晴,良,"3回 中京 4日目 サラ系３歳 未勝利       (混)[指] 馬齢 16頭 本賞金:560,220,140,84,56万円",16,560.0,6,5,10,エイシンヤタガラス,牡,3,57.0,バデル,93.7,1,6,15.5,35.0,2-3-3,栗東 渡辺,468,-6,
202507030405,2025-08-03,中京,5,3歳未勝利,芝,1600,左,晴,良,"3回 中京 4日目 サラ系３歳 未勝利       (混)[指] 馬齢 16頭 本賞金:560,220,140,84,56万円",16,560.0,7,4,8,カフジアッサム,牡,3,57.0,鮫島良,93.8,1,13,121.8,34.5,8-10-10,栗東 河嶋,488,0,
202507030405,2025-08-03,中京,5,3歳未勝利,芝,1600,左,晴,良,"3回 中京 4日目 サラ系３歳 未勝利       (混)[指] 馬齢 16頭 本賞金:560,220,140,84,56万円",16,560.0,8,5,9,ジュンライトニング,牡,3,57.0,酒井,93.9,アタマ,7,29.3,34.5,13-12-12,栗東 清水久,438,-4,
202507030405,2025-08-03,中京,5,3歳未勝利,芝,1600,左,晴,良,"3回 中京 4日目 サラ系３歳 未勝利       (混)[指] 馬齢 16頭 本賞金:560,220,140,84,56万円",16,560.0,9,3,5,メイショウハヤセ,牝,3,55.0,岩田康,94.1,1.1/2,5,13.4,34.0,15-16-15,栗東 笹田,428,2,
202507030405,2025-08-03,中京,5,3歳未勝利,芝,1600,左,晴,良,"3回 中京 4日目 サラ系３歳 未勝利       (混)[指] 馬齢 16頭 本賞金:560,220,140,84,56万円",16,560.0,10,7,14,ティプタラ,牡,3,57.0,和田竜,94.2,1/2,4,9.1,34.5,15-14-14,栗東 友道,452,0,
202507030405,2025-08-03,中京,5,3歳未勝利,芝,1600,左,晴,良,"3回 中京 4日目 サラ系３歳 未勝利       (混)[指] 馬齢 16頭 本賞金:560,220,140,84,56万円",16,560.0,11,2,4,モズノセイギ,牡,3,57.0,松若,94.4,1,12,114.1,35.4,10-8-8,栗東 荒川,446,2,
202507030405,2025-08-03,中京,5,3歳未勝利,芝,1600,左,晴,良,"3回 中京 4日目 サラ系３歳 未勝利       (混)[指] 馬齢 16頭 本賞金:560,220,140,84,56万円",16,560.0,12,6,12,ヴノ,牡,3,57.0,田口,94.9,3,14,181.6,36.0,2-5-5,栗東 野中,452,-4,
202507030405,2025-08-03,中京,5,3歳未勝利,芝,1600,左,晴,良,"3回 中京 4日目 サラ系３歳 未勝利       (混)[指] 馬齢 16頭 本賞金:560,220,140,84,56万円",16,560.0,13,2,3,テルモピュライ,牡,3,57.0,角田和,95.1,1,15,430.0,36.5,5-3-3,栗東 飯田,452,-11,
202507030405,2025-08-03,中京,5,3歳未勝利,芝,1600,左,晴,良,"3回 中京 4日目 サラ系３歳 未勝利       (混)[指] 馬齢 16頭 本賞金:560,220,140,84,56万円",16,560.0,14,4,7,マイベストダンサー,牝,3,52.0,▲田山,95.9,5,10,37.0,37.4,2-2-2,栗東 斉藤崇,482,2,
202507030405,2025-08-03,中京,5,3歳未勝利,芝,1600,左,晴,良,"3回 中京 4日目 サラ系３歳 未勝利       (混)[指] 馬齢 16頭 本賞金:560,220,140,84,56万円",16,560.0,15,3,6,ララベルドゥニュイ,牝,3,53.0,◇永島,96.8,5,8,29.5,38.4,1-1-1,栗東 松下,512,-4,
202507030405,2025-08-03,中京,5,3歳未勝利,芝,1600,左,晴,良,"3回 中京 4日目 サラ系３歳 未勝利       (混)[指] 馬齢 16頭 本賞金:560,220,140,84,56万円",16,560.0,16,1,1,イージーゴーイング,牡,3,57.0,小沢,99.0,大,16,545.9,38.4,12-14-16,栗東 飯田,464,-16,
202507030405,2025-08-03,中京,5,3歳未勝利,芝,1600,左,晴,良,"3回 中京 4日目 サラ系３歳 未勝利       (混)[指] 馬齢 16頭 本賞金:560,220,140,84,56万円",16,560.0,,1,2,ビップディラン,,,92.0,96,,13.2,4,11.3,3.0,11.2,3,,,
202507030405,2025-08-03,中京,5,3歳未勝利,芝,1600,左,晴,良,"3回 中京 4日目 サラ系３歳 未勝利       (混)[指] 馬齢 16頭 本賞金:560,220,140,84,56万円",16,560.0,,1,2,ビップディラン,,,,-,,-,,,,-,-,,,
202507030406,2025-08-03,中京,6,桶狭間S,ダ,1400,左,晴,良,"3回 中京 4日目 サラ系３歳以上 ３勝クラス       (混)(特指) 定量 16頭 本賞金:1840,740,460,280,184万円",16,1840.0,1,1,2,アッチャゴーラ,牡,5,58.0,小崎,84.1,,4,11.8,36.7,13-10,美浦 浅利,518,10,
202507030406,2025-08-03,中京,6,桶狭間S,ダ,1400,左,晴,良,"3回 中京 4日目 サラ系３歳以上 ３勝クラス       (混)(特指) 定量 16頭 本賞金:1840,740,460,280,184万円",16,1840.0,2,6,11,エストレヤデベレン,牡,4,58.0,亀田,84.1,ハナ,6,12.4,37.3,6-6,栗東 武幸,550,6,
202507030406,2025-08-03,中京,6,桶狭間S,ダ,1400,左,晴,良,"3回 中京 4日目 サラ系３歳以上 ３勝クラス       (混)(特指) 定量 16頭 本賞金:1840,740,460,280,184万円",16,1840.0,3,4,8,ストレングス,牡,4,58.0,松山,84.1,アタマ,1,2.5,37.6,3-2,栗東 寺島,476,4,
202507030406,2025-08-03,中京,6,桶狭間S,ダ,1400,左,晴,良,"3回 中京 4日目 サラ系３歳以上 ３勝クラス       (混)(特指) 定量 16頭 本賞金:1840,740,460,280,184万円",16,1840.0,4,1,1,ペプチドタイガー,牡,5,58.0,岩田康,84.2,1/2,2,5.6,36.9,11-10,栗東 吉村,460,8,
202507030406,2025-08-03,中京,6,桶狭間S,ダ,1400,左,晴,良,"3回 中京 4日目 サラ系３歳以上 ３勝クラス       (混)(特指) 定量 16頭 本賞金:1840,740,460,280,184万円",16,1840.0,5,8,16,タイゲン,牡,6,58.0,和田竜,84.4,1,16,185.1,37.3,9-10,栗東 平田,478,2,
202507030406,2025-08-03,中京,6,桶狭間S,ダ,1400,左,晴,良,"3回 中京 4日目 サラ系３歳以上 ３勝クラス       (混)(特指) 定量 16頭 本賞金:1840,740,460,280,184万円",16,1840.0,6,6,12,プルートマスター,牡,6,58.0,松若,84.4,アタマ,13,41.0,37.9,3-2,栗東 今野,508,2,
202507030406,2025-08-03,中京,6,桶狭間S,ダ,1400,左,晴,良,"3回 中京 4日目 サラ系３歳以上 ３勝クラス       (混)(特指) 定量 16頭 本賞金:1840,740,460,280,184万円",16,1840.0,7,7,13,アンシール,セ,4,58.0,吉村,84.5,クビ,8,22.3,36.9,14-15,栗東 小崎,478,0,
202507030406,2025-08-03,中京,6,桶狭間S,ダ,1400,左,晴,良,"3回 中京 4日目 サラ系３歳以上 ３勝クラス       (混)(特指) 定量 16頭 本賞金:1840,740,460,280,184万円",16,1840.0,8,8,15,ジャーヴィス,牡,5,58.0,団野,84.5,アタマ,11,34.5,37.2,11-13,栗東 千田,496,0,
202507030406,2025-08-03,中京,6,桶狭間S,ダ,1400,左,晴,良,"3回 中京 4日目 サラ系３歳以上 ３勝クラス       (混)(特指) 定量 16頭 本賞金:1840,740,460,280,184万円",16,1840.0,9,4,7,シゲルソロソロ,牝,5,56.0,川須,84.5,クビ,10,25.6,36.8,15-14,栗東 谷,482,8,
202507030406,2025-08-03,中京,6,桶狭間S,ダ,1400,左,晴,良,"3回 中京 4日目 サラ系３歳以上 ３勝クラス       (混)(特指) 定量 16頭 本賞金:1840,740,460,280,184万円",16,1840.0,10,3,5,ロレンツォ,牡,7,58.0,荻野極,84.6,1/2,14,64.6,36.6,16-16,美浦 加藤征,482,-2,
202507030406,2025-08-03,中京,6,桶狭間S,ダ,1400,左,晴,良,"3回 中京 4日目 サラ系３歳以上 ３勝クラス       (混)(特指) 定量 16頭 本賞金:1840,740,460,280,184万円",16,1840.0,11,2,4,ルージュスタニング,牝,4,56.0,坂井,84.6,アタマ,3,8.0,37.8,6-6,栗東 友道,514,2,
202507030406,2025-08-03,中京,6,桶狭間S,ダ,1400,左,晴,良,"3回 中京 4日目 サラ系３歳以上 ３勝クラス       (混)(特指) 定量 16頭 本賞金:1840,740,460,280,184万円",16,1840.0,12,2,3,マルカラピッド,牝,5,56.0,小沢,84.7,1/2,15,85.1,37.6,9-9,栗東 今野,486,2,
202507030406,2025-08-03,中京,6,桶狭間S,ダ,1400,左,晴,良,"3回 中京 4日目 サラ系３歳以上 ３勝クラス       (混)(特指) 定量 16頭 本賞金:1840,740,460,280,184万円",16,1840.0,13,7,14,ランスオブサターン,牝,5,56.0,バデル,84.9,3/4,12,40.8,38.2,5-5,栗東 本田,466,20,
202507030406,2025-08-03,中京,6,桶狭間S,ダ,1400,左,晴,良,"3回 中京 4日目 サラ系３歳以上 ３勝クラス       (混)(特指) 定量 16頭 本賞金:1840,740,460,280,184万円",16,1840.0,14,5,9,ヘンリー,牡,5,58.0,幸,85.4,3,9,22.3,39.0,2-2,栗東 吉岡,544,0,
202507030406,2025-08-03,中京,6,桶狭間S,ダ,1400,左,晴,良,"3回 中京 4日目 サラ系３歳以上 ３勝クラス       (混)(特指) 定量 16頭 本賞金:1840,740,460,280,184万円",16,1840.0,15,3,6,スティールブルー,牝,4,56.0,酒井,85.4,ハナ,7,15.0,38.6,6-6,美浦 田中勝,458,10,
202507030406,2025-08-03,中京,6,桶狭間S,ダ,1400,左,晴,良,"3回 中京 4日目 サラ系３歳以上 ３勝クラス       (混)(特指) 定量 16頭 本賞金:1840,740,460,280,184万円",16,1840.0,16,5,10,マイネルカーライル,牡,5,58.0,田口,85.9,3,5,11.8,39.7,1-1,栗東 西園正,526,2,
202507030406,2025-08-03,中京,6,桶狭間S,ダ,1400,左,晴,良,"3回 中京 4日目 サラ系３歳以上 ３勝クラス       (混)(特指) 定量 16頭 本賞金:1840,740,460,280,184万円",16,1840.0,,1,2,アッチャゴーラ,,,95.0,97,,13.0,3,11.1,3.0,11.4,2,,,
202507030406,2025-08-03,中京,6,桶狭間S,ダ,1400,左,晴,良,"3回 中京 4日目 サラ系３歳以上 ３勝クラス       (混)(特指) 定量 16頭 本賞金:1840,740,460,280,184万円",16,1840.0,,1,2,アッチャゴーラ,,,,-,,-,,,,-,-,,,
202507030407,2025-08-03,中京,7,名鉄杯,ダ,1800,左,晴,良,"3回 中京 4日目 サラ系３歳以上 オープン       (国際)(特指) 別定 12頭 本賞金:2400,960,600,360,240万円",12,2400.0,1,5,5,マリオロード,牡,6,57.0,バデル,112.1,,9,28.8,37.3,6-6-3-2,栗東 安達,494,6,
202507030407,2025-08-03,中京,7,名鉄杯,ダ,1800,左,晴,良,"3回 中京 4日目 サラ系３歳以上 オープン       (国際)(特指) 別定 12頭 本賞金:2400,960,600,360,240万円",12,2400.0,2,7,9,ゼットリアン,牡,5,57.0,松山,112.2,クビ,2,4.8,36.7,8-8-7-8,栗東 吉田,442,-6,
202507030407,2025-08-03,中京,7,名鉄杯,ダ,1800,左,晴,良,"3回 中京 4日目 サラ系３歳以上 オープン       (国際)(特指) 別定 12頭 本賞金:2400,960,600,360,240万円",12,2400.0,3,3,3,シゲルショウグン,牡,5,58.0,岩田康,112.4,1.1/2,1,3.0,37.8,1-1-1-1,栗東 大橋,522,4,
202507030407,2025-08-03,中京,7,名鉄杯,ダ,1800,左,晴,良,"3回 中京 4日目 サラ系３歳以上 オープン       (国際)(特指) 別定 12頭 本賞金:2400,960,600,360,240万円",12,2400.0,4,6,8,フタイテンロック,牡,6,57.0,小崎,112.7,1.3/4,10,36.7,37.2,7-7-7-6,美浦 佐藤吉,482,-4,
202507030407,2025-08-03,中京,7,名鉄杯,ダ,1800,左,晴,良,"3回 中京 4日目 サラ系３歳以上 オープン       (国際)(特指) 別定 12頭 本賞金:2400,960,600,360,240万円",12,2400.0,5,8,12,サトノフェニックス,牡,4,57.0,和田竜,112.8,クビ,3,4.9,38.1,2-2-2-2,栗東 西園正,500,-2,
202507030407,2025-08-03,中京,7,名鉄杯,ダ,1800,左,晴,良,"3回 中京 4日目 サラ系３歳以上 オープン       (国際)(特指) 別定 12頭 本賞金:2400,960,600,360,240万円",12,2400.0,6,4,4,エナハツホ,牝,6,55.0,西塚,113.1,2,12,104.6,37.0,11-11-11-11,栗東 吉田,454,2,
202507030407,2025-08-03,中京,7,名鉄杯,ダ,1800,左,晴,良,"3回 中京 4日目 サラ系３歳以上 オープン       (国際)(特指) 別定 12頭 本賞金:2400,960,600,360,240万円",12,2400.0,7,6,7,ルクスフロンティア,牡,5,58.0,吉村,113.2,クビ,6,11.0,38.3,4-5-4-6,栗東 松永幹,490,-8,
202507030407,2025-08-03,中京,7,名鉄杯,ダ,1800,左,晴,良,"3回 中京 4日目 サラ系３歳以上 オープン       (国際)(特指) 別定 12頭 本賞金:2400,960,600,360,240万円",12,2400.0,8,7,10,マンマリアーレ,牝,5,55.0,荻野極,113.3,3/4,7,13.5,37.2,12-12-11-12,美浦 高木,472,-6,
202507030407,2025-08-03,中京,7,名鉄杯,ダ,1800,左,晴,良,"3回 中京 4日目 サラ系３歳以上 オープン       (国際)(特指) 別定 12頭 本賞金:2400,960,600,360,240万円",12,2400.0,9,8,11,ピースオブザライフ,牝,5,55.0,田口,114.0,4,11,101.8,38.3,9-9-9-9,栗東 野中,488,2,
202507030407,2025-08-03,中京,7,名鉄杯,ダ,1800,左,晴,良,"3回 中京 4日目 サラ系３歳以上 オープン       (国際)(特指) 別定 12頭 本賞金:2400,960,600,360,240万円",12,2400.0,10,2,2,ラインオブソウル,牡,6,57.0,松若,114.3,2,5,9.0,38.6,9-9-9-9,栗東 東田,522,-4,
202507030407,2025-08-03,中京,7,名鉄杯,ダ,1800,左,晴,良,"3回 中京 4日目 サラ系３歳以上 オープン       (国際)(特指) 別定 12頭 本賞金:2400,960,600,360,240万円",12,2400.0,11,5,6,サンデーファンデー,牡,5,61.0,団野,114.4,クビ,4,8.8,39.5,3-3-4-4,栗東 東田,532,-4,
202507030407,2025-08-03,中京,7,名鉄杯,ダ,1800,左,晴,良,"3回 中京 4日目 サラ系３歳以上 オープン       (国際)(特指) 別定 12頭 本賞金:2400,960,600,360,240万円",12,2400.0,12,1,1,サトノルフィアン,牡,6,58.0,永島,115.7,8,8,21.0,40.8,4-3-4-4,栗東 高橋康,528,0,
202507030407,2025-08-03,中京,7,名鉄杯,ダ,1800,左,晴,良,"3回 中京 4日目 サラ系３歳以上 オープン       (国際)(特指) 別定 12頭 本賞金:2400,960,600,360,240万円",12,2400.0,,1,5,マリオロード,,,96.0,100,,13.5,5,11.9,2.0,13.0,4,,,
202507030407,2025-08-03,中京,7,名鉄杯,ダ,1800,左,晴,良,"3回 中京 4日目 サラ系３歳以上 オープン       (国際)(特指) 別定 12頭 本賞金:2400,960,600,360,240万円",12,2400.0,,1,5,マリオロード,,,,-,,-,,,,-,-,,,
202507030408,2025-08-03,中京,8,納屋橋特別,芝,1600,左,晴,良,"3回 中京 4日目 サラ系３歳以上 ２勝クラス       (混)(特指) 定量 8頭 本賞金:1550,620,390,230,155万円",8,1550.0,1,5,5,ディアナザール,牡,3,55.0,団野,92.7,,1,1.9,33.3,1-1-1,栗東 斉藤崇,484,10,
202507030408,2025-08-03,中京,8,納屋橋特別,芝,1600,左,晴,良,"3回 中京 4日目 サラ系３歳以上 ２勝クラス       (混)(特指) 定量 8頭 本賞金:1550,620,390,230,155万円",8,1550.0,2,4,4,オトコギアンパン,牡,4,58.0,松山,92.9,1.1/4,3,4.3,33.0,6-5-5,栗東 小栗,494,6,
202507030408,2025-08-03,中京,8,納屋橋特別,芝,1600,左,晴,良,"3回 中京 4日目 サラ系３歳以上 ２勝クラス       (混)(特指) 定量 8頭 本賞金:1550,620,390,230,155万円",8,1550.0,3,2,2,チェルノボーグ,セ,6,58.0,バデル,92.9,クビ,2,3.6,33.3,4-3-2,栗東 藤原,478,2,
202507030408,2025-08-03,中京,8,納屋橋特別,芝,1600,左,晴,良,"3回 中京 4日目 サラ系３歳以上 ２勝クラス       (混)(特指) 定量 8頭 本賞金:1550,620,390,230,155万円",8,1550.0,4,8,8,ケイデンシーマーク,牝,5,56.0,小沢,93.0,クビ,4,8.2,33.4,3-2-2,栗東 福永,448,-2,
202507030408,2025-08-03,中京,8,納屋橋特別,芝,1600,左,晴,良,"3回 中京 4日目 サラ系３歳以上 ２勝クラス       (混)(特指) 定量 8頭 本賞金:1550,620,390,230,155万円",8,1550.0,5,6,6,サクラオーラ,牝,6,56.0,酒井,93.4,2.1/2,6,19.6,33.5,5-5-5,栗東 河嶋,448,-4,
202507030408,2025-08-03,中京,8,納屋橋特別,芝,1600,左,晴,良,"3回 中京 4日目 サラ系３歳以上 ２勝クラス       (混)(特指) 定量 8頭 本賞金:1550,620,390,230,155万円",8,1550.0,6,3,3,レッドベルアーム,牡,6,58.0,鮫島良,93.5,1/2,5,16.1,33.8,2-3-4,栗東 河嶋,528,-8,
202507030408,2025-08-03,中京,8,納屋橋特別,芝,1600,左,晴,良,"3回 中京 4日目 サラ系３歳以上 ２勝クラス       (混)(特指) 定量 8頭 本賞金:1550,620,390,230,155万円",8,1550.0,7,7,7,タガノスペルノヴァ,牡,7,58.0,川須,93.9,2.1/2,7,137.0,33.7,7-8-7,栗東 中尾,426,2,
202507030408,2025-08-03,中京,8,納屋橋特別,芝,1600,左,晴,良,"3回 中京 4日目 サラ系３歳以上 ２勝クラス       (混)(特指) 定量 8頭 本賞金:1550,620,390,230,155万円",8,1550.0,8,1,1,エリンアキレウス,牡,5,58.0,秋山稔,94.6,4,8,217.5,34.5,7-7-7,美浦 伊藤伸,536,-12,
202507030408,2025-08-03,中京,8,納屋橋特別,芝,1600,左,晴,良,"3回 中京 4日目 サラ系３歳以上 ２勝クラス       (混)(特指) 定量 8頭 本賞金:1550,620,390,230,155万円",8,1550.0,,1,5,ディアナザール,,,95.0,88,,12.9,5,11.3,2.0,12.0,2,,,
202507030408,2025-08-03,中京,8,納屋橋特別,芝,1600,左,晴,良,"3回 中京 4日目 サラ系３歳以上 ２勝クラス       (混)(特指) 定量 8頭 本賞金:1550,620,390,230,155万円",8,1550.0,,1,5,ディアナザール,,,,-,,-,,,,-,-,,,
202507030409,2025-08-03,中京,9,3歳未勝利,芝,2000,左,晴,良,"3回 中京 4日目 サラ系３歳 未勝利       牝[指] 馬齢 18頭 本賞金:560,220,140,84,56万円",18,560.0,1,1,2,ダノンフィオーレ,牝,3,55.0,松山,120.4,,1,2.9,34.1,1-1-1-1,栗東 藤原,452,-2,
202507030409,2025-08-03,中京,9,3歳未勝利,芝,2000,左,晴,良,"3回 中京 4日目 サラ系３歳 未勝利       牝[指] 馬齢 18頭 本賞金:560,220,140,84,56万円",18,560.0,2,2,4,ワイドリューレント,牝,3,55.0,団野,120.6,1,2,3.5,33.8,6-6-7-5,栗東 奥村豊,440,0,
202507030409,2025-08-03,中京,9,3歳未勝利,芝,2000,左,晴,良,"3回 中京 4日目 サラ系３歳 未勝利       牝[指] 馬齢 18頭 本賞金:560,220,140,84,56万円",18,560.0,3,8,18,リオンプライム,牝,3,55.0,幸,121.1,3,5,10.0,34.7,3-3-2-2,栗東 鈴木孝,464,-6,
202507030409,2025-08-03,中京,9,3歳未勝利,芝,2000,左,晴,良,"3回 中京 4日目 サラ系３歳 未勝利       牝[指] 馬齢 18頭 本賞金:560,220,140,84,56万円",18,560.0,4,3,6,シュパネントダイヤ,牝,3,55.0,バデル,121.2,1,3,6.1,34.7,3-3-4-3,栗東 吉村,466,-2,
202507030409,2025-08-03,中京,9,3歳未勝利,芝,2000,左,晴,良,"3回 中京 4日目 サラ系３歳 未勝利       牝[指] 馬齢 18頭 本賞金:560,220,140,84,56万円",18,560.0,5,3,5,アンビアンス,牝,3,55.0,酒井,121.5,1.1/2,10,50.3,34.3,10-12-11-11,栗東 清水久,446,6,
202507030409,2025-08-03,中京,9,3歳未勝利,芝,2000,左,晴,良,"3回 中京 4日目 サラ系３歳 未勝利       牝[指] 馬齢 18頭 本賞金:560,220,140,84,56万円",18,560.0,6,5,9,セキトバシューズ,牝,3,55.0,小崎,121.5,クビ,8,24.3,34.0,15-14-15-14,栗東 新谷,464,10,
202507030409,2025-08-03,中京,9,3歳未勝利,芝,2000,左,晴,良,"3回 中京 4日目 サラ系３歳 未勝利       牝[指] 馬齢 18頭 本賞金:560,220,140,84,56万円",18,560.0,7,8,17,テレプシコーラ,牝,3,54.0,☆吉村,121.7,1.1/4,4,8.8,34.4,15-14-11-12,栗東 坂口,406,-2,
202507030409,2025-08-03,中京,9,3歳未勝利,芝,2000,左,晴,良,"3回 中京 4日目 サラ系３歳 未勝利       牝[指] 馬齢 18頭 本賞金:560,220,140,84,56万円",18,560.0,8,5,10,ロッツオブプランズ,牝,3,52.0,▲田山,121.7,アタマ,9,38.5,34.7,9-8-7-8,栗東 四位,482,2,
202507030409,2025-08-03,中京,9,3歳未勝利,芝,2000,左,晴,良,"3回 中京 4日目 サラ系３歳 未勝利       牝[指] 馬齢 18頭 本賞金:560,220,140,84,56万円",18,560.0,9,8,16,ヴォレンティエーリ,牝,3,55.0,田口,121.9,1,16,292.4,35.2,6-6-4-5,栗東 角田,452,-3,
202507030409,2025-08-03,中京,9,3歳未勝利,芝,2000,左,晴,良,"3回 中京 4日目 サラ系３歳 未勝利       牝[指] 馬齢 18頭 本賞金:560,220,140,84,56万円",18,560.0,10,4,8,サフランクイン,牝,3,55.0,高倉,122.0,3/4,13,139.6,35.2,5-5-4-5,栗東 渡辺,432,2,
202507030409,2025-08-03,中京,9,3歳未勝利,芝,2000,左,晴,良,"3回 中京 4日目 サラ系３歳 未勝利       牝[指] 馬齢 18頭 本賞金:560,220,140,84,56万円",18,560.0,11,7,15,ルックアップトゥー,牝,3,53.0,◇永島,122.7,4,14,158.1,35.7,10-10-7-8,栗東 小栗,412,8,
202507030409,2025-08-03,中京,9,3歳未勝利,芝,2000,左,晴,良,"3回 中京 4日目 サラ系３歳 未勝利       牝[指] 馬齢 18頭 本賞金:560,220,140,84,56万円",18,560.0,12,7,14,マリアブーケ,牝,3,55.0,秋山稔,122.8,3/4,15,225.7,35.3,10-12-11-14,栗東 高橋忠,440,-2,
202507030409,2025-08-03,中京,9,3歳未勝利,芝,2000,左,晴,良,"3回 中京 4日目 サラ系３歳 未勝利       牝[指] 馬齢 18頭 本賞金:560,220,140,84,56万円",18,560.0,13,6,11,ホウショウビフウ,牝,3,52.0,▲川端,123.2,2.1/2,17,309.7,35.9,6-8-7-12,栗東 井上,422,10,
202507030409,2025-08-03,中京,9,3歳未勝利,芝,2000,左,晴,良,"3回 中京 4日目 サラ系３歳 未勝利       牝[指] 馬齢 18頭 本賞金:560,220,140,84,56万円",18,560.0,14,1,1,カーリンハート,牝,3,55.0,角田和,124.0,5,11,52.6,37.0,10-10-11-8,栗東 四位,428,8,
202507030409,2025-08-03,中京,9,3歳未勝利,芝,2000,左,晴,良,"3回 中京 4日目 サラ系３歳 未勝利       牝[指] 馬齢 18頭 本賞金:560,220,140,84,56万円",18,560.0,15,6,12,エメラルドライン,牝,3,55.0,小沢,124.5,3,12,137.0,37.9,2-2-2-3,栗東 西村,456,-4,
202507030409,2025-08-03,中京,9,3歳未勝利,芝,2000,左,晴,良,"3回 中京 4日目 サラ系３歳 未勝利       牝[指] 馬齢 18頭 本賞金:560,220,140,84,56万円",18,560.0,,2,3,メリッサバローズ,牝,3,54.0,☆西塚,,,7,23.1,,17-17,栗東 友道,438,-4,中止
202507030409,2025-08-03,中京,9,3歳未勝利,芝,2000,左,晴,良,"3回 中京 4日目 サラ系３歳 未勝利       牝[指] 馬齢 18頭 本賞金:560,220,140,84,56万円",18,560.0,,7,13,ジョリーピクシー,牝,3,51.0,★河原田,,,6,12.3,,10-16,栗東 笹田,450,-2,中止
202507030409,2025-08-03,中京,9,3歳未勝利,芝,2000,左,晴,良,"3回 中京 4日目 サラ系３歳 未勝利       牝[指] 馬齢 18頭 本賞金:560,220,140,84,56万円",18,560.0,,4,7,アイスモント,牝,3,55.0,坂井,,,,,,,栗東 宮本,438,0,除外
202507030409,2025-08-03,中京,9,3歳未勝利,芝,2000,左,晴,良,"3回 中京 4日目 サラ系３歳 未勝利       牝[指] 馬齢 18頭 本賞金:560,220,140,84,56万円",18,560.0,,1,2,ダノンフィオーレ,,,95.0,81,,12.9,3,11.5,1.0,12.7,1,,,
202507030409,2025-08-03,中京,9,3歳未勝利,芝,2000,左,晴,良,"3回 中京 4日目 サラ系３歳 未勝利       牝[指] 馬齢 18頭 本賞金:560,220,140,84,56万円",18,560.0,,1,2,ダノンフィオーレ,,,,-,,-,,,,-,-,,,
202507030410,2025-08-03,中京,10,3歳以上1勝クラス,ダ,1200,左,晴,良,"3回 中京 4日目 サラ系３歳以上 １勝クラス       [指] 定量 16頭 本賞金:800,320,200,120,80万円",16,800.0,1,8,15,フィドルファドル,牝,3,54.0,坂井,71.4,,1,2.9,36.3,8-7,栗東 矢作,452,-4,
202507030410,2025-08-03,中京,10,3歳以上1勝クラス,ダ,1200,左,晴,良,"3回 中京 4日目 サラ系３歳以上 １勝クラス       [指] 定量 16頭 本賞金:800,320,200,120,80万円",16,800.0,2,5,9,キョラムン,牝,3,54.0,小沢,71.8,2.1/2,6,12.2,37.0,5-6,栗東 石橋,456,-4,
202507030410,2025-08-03,中京,10,3歳以上1勝クラス,ダ,1200,左,晴,良,"3回 中京 4日目 サラ系３歳以上 １勝クラス       [指] 定量 16頭 本賞金:800,320,200,120,80万円",16,800.0,3,7,14,ゼンカイパイロ,牡,4,58.0,岩田康,72.2,2.1/2,4,8.1,35.6,15-15,栗東 千田,494,-8,
202507030410,2025-08-03,中京,10,3歳以上1勝クラス,ダ,1200,左,晴,良,"3回 中京 4日目 サラ系３歳以上 １勝クラス       [指] 定量 16頭 本賞金:800,320,200,120,80万円",16,800.0,4,6,12,アーデルリーベ,牝,3,54.0,幸,72.3,1/2,2,4.5,37.7,3-3,栗東 斉藤崇,454,2,
202507030410,2025-08-03,中京,10,3歳以上1勝クラス,ダ,1200,左,晴,良,"3回 中京 4日目 サラ系３歳以上 １勝クラス       [指] 定量 16頭 本賞金:800,320,200,120,80万円",16,800.0,5,1,2,フェニーチェドーロ,牝,3,54.0,松若,72.4,クビ,16,127.1,36.6,12-13,栗東 宮本,450,12,
202507030410,2025-08-03,中京,10,3歳以上1勝クラス,ダ,1200,左,晴,良,"3回 中京 4日目 サラ系３歳以上 １勝クラス       [指] 定量 16頭 本賞金:800,320,200,120,80万円",16,800.0,6,4,7,アスコットアイ,牝,3,53.0,☆西塚,72.6,1.1/4,14,70.0,37.9,5-4,栗東 緒方,434,-2,
202507030410,2025-08-03,中京,10,3歳以上1勝クラス,ダ,1200,左,晴,良,"3回 中京 4日目 サラ系３歳以上 １勝クラス       [指] 定量 16頭 本賞金:800,320,200,120,80万円",16,800.0,7,2,3,クリノミニスター,牡,6,58.0,和田竜,72.6,クビ,10,45.0,37.2,9-9,栗東 荒川,462,-2,
202507030410,2025-08-03,中京,10,3歳以上1勝クラス,ダ,1200,左,晴,良,"3回 中京 4日目 サラ系３歳以上 １勝クラス       [指] 定量 16頭 本賞金:800,320,200,120,80万円",16,800.0,8,3,6,ミルトライディーン,牡,3,52.0,★河原田,72.9,1.1/2,11,52.4,36.9,13-11,栗東 中竹,522,8,
202507030410,2025-08-03,中京,10,3歳以上1勝クラス,ダ,1200,左,晴,良,"3回 中京 4日目 サラ系３歳以上 １勝クラス       [指] 定量 16頭 本賞金:800,320,200,120,80万円",16,800.0,9,2,4,ツーピース,牝,3,54.0,川須,73.2,2,8,35.4,38.8,1-1,栗東 河嶋,508,4,
202507030410,2025-08-03,中京,10,3歳以上1勝クラス,ダ,1200,左,晴,良,"3回 中京 4日目 サラ系３歳以上 １勝クラス       [指] 定量 16頭 本賞金:800,320,200,120,80万円",16,800.0,10,5,10,ライツユーアップ,牝,3,52.0,◇永島,73.3,1/2,13,62.2,37.7,11-11,栗東 角田,434,-8,
202507030410,2025-08-03,中京,10,3歳以上1勝クラス,ダ,1200,左,晴,良,"3回 中京 4日目 サラ系３歳以上 １勝クラス       [指] 定量 16頭 本賞金:800,320,200,120,80万円",16,800.0,11,4,8,ビーアイフォルテ,牝,3,54.0,小崎,73.6,1.1/2,15,84.9,39.1,2-2,栗東 牧田,446,14,
202507030410,2025-08-03,中京,10,3歳以上1勝クラス,ダ,1200,左,晴,良,"3回 中京 4日目 サラ系３歳以上 １勝クラス       [指] 定量 16頭 本賞金:800,320,200,120,80万円",16,800.0,12,8,16,スカイブルー,牡,3,55.0,☆吉村,73.7,1/2,7,14.1,39.1,3-4,栗東 杉山晴,516,10,
202507030410,2025-08-03,中京,10,3歳以上1勝クラス,ダ,1200,左,晴,良,"3回 中京 4日目 サラ系３歳以上 １勝クラス       [指] 定量 16頭 本賞金:800,320,200,120,80万円",16,800.0,13,6,11,カフェロワイヤル,牝,3,54.0,団野,73.9,1.1/4,12,55.7,37.8,14-14,栗東 小林,462,-2,
202507030410,2025-08-03,中京,10,3歳以上1勝クラス,ダ,1200,左,晴,良,"3回 中京 4日目 サラ系３歳以上 １勝クラス       [指] 定量 16頭 本賞金:800,320,200,120,80万円",16,800.0,14,1,1,バシリス,牝,3,54.0,松山,73.9,クビ,5,9.8,38.9,7-7,栗東 寺島,468,8,
202507030410,2025-08-03,中京,10,3歳以上1勝クラス,ダ,1200,左,晴,良,"3回 中京 4日目 サラ系３歳以上 １勝クラス       [指] 定量 16頭 本賞金:800,320,200,120,80万円",16,800.0,15,3,5,ヴェントインコーダ,牝,3,54.0,角田和,76.5,大,9,40.7,41.2,9-10,栗東 角田,466,-2,
202507030410,2025-08-03,中京,10,3歳以上1勝クラス,ダ,1200,左,晴,良,"3回 中京 4日目 サラ系３歳以上 １勝クラス       [指] 定量 16頭 本賞金:800,320,200,120,80万円",16,800.0,,7,13,ヨドノゴールド,牡,7,58.0,バデル,,,3,6.3,,,栗東 西園翔,470,4,中止
202507030410,2025-08-03,中京,10,3歳以上1勝クラス,ダ,1200,左,晴,良,"3回 中京 4日目 サラ系３歳以上 １勝クラス       [指] 定量 16頭 本賞金:800,320,200,120,80万円",16,800.0,,1,15,フィドルファドル,,,102.0,100,,12.6,8,10.9,3.0,11.6,2,,,
202507030410,2025-08-03,中京,10,3歳以上1勝クラス,ダ,1200,左,晴,良,"3回 中京 4日目 サラ系３歳以上 １勝クラス       [指] 定量 16頭 本賞金:800,320,200,120,80万円",16,800.0,,1,15,フィドルファドル,,,,-,,-,,,,-,-,,,
202507030411,2025-08-03,中京,11,3歳以上1勝クラス,芝,2200,左,晴,良,"3回 中京 4日目 サラ系３歳以上 １勝クラス       (混)(特指) 定量 8頭 本賞金:800,320,200,120,80万円",8,800.0,1,8,8,サトノソティラス,牡,3,55.0,松山,132.6,,1,2.6,34.3,2-2-2-2,栗東 池江,492,-4,
202507030411,2025-08-03,中京,11,3歳以上1勝クラス,芝,2200,左,晴,良,"3回 中京 4日目 サラ系３歳以上 １勝クラス       (混)(特指) 定量 8頭 本賞金:800,320,200,120,80万円",8,800.0,2,3,3,オーサムユニバンス,牡,4,58.0,和田竜,132.8,1.1/4,7,26.9,34.3,5-5-6-4,栗東 平田,428,-2,
202507030411,2025-08-03,中京,11,3歳以上1勝クラス,芝,2200,左,晴,良,"3回 中京 4日目 サラ系３歳以上 １勝クラス       (混)(特指) 定量 8頭 本賞金:800,320,200,120,80万円",8,800.0,3,4,4,オメガナビゲーター,セ,4,58.0,岩田康,132.9,1/2,2,3.5,34.6,4-4-3-2,栗東 安田,484,-16,
202507030411,2025-08-03,中京,11,3歳以上1勝クラス,芝,2200,左,晴,良,"3回 中京 4日目 サラ系３歳以上 １勝クラス       (混)(特指) 定量 8頭 本賞金:800,320,200,120,80万円",8,800.0,4,2,2,スカイサーベイ,牡,4,57.0,☆吉村,133.0,クビ,3,3.7,34.6,2-2-3-4,栗東 池添,480,2,
202507030411,2025-08-03,中京,11,3歳以上1勝クラス,芝,2200,左,晴,良,"3回 中京 4日目 サラ系３歳以上 １勝クラス       (混)(特指) 定量 8頭 本賞金:800,320,200,120,80万円",8,800.0,5,1,1,シンドリームシン,牡,4,58.0,団野,133.1,3/4,4,7.1,34.3,8-8-7-7,栗東 武幸,496,2,
202507030411,2025-08-03,中京,11,3歳以上1勝クラス,芝,2200,左,晴,良,"3回 中京 4日目 サラ系３歳以上 １勝クラス       (混)(特指) 定量 8頭 本賞金:800,320,200,120,80万円",8,800.0,6,7,7,ワーキングアセット,牡,4,58.0,バデル,133.3,1.1/4,6,17.5,34.8,7-6-5-4,栗東 井上,486,2,
202507030411,2025-08-03,中京,11,3歳以上1勝クラス,芝,2200,左,晴,良,"3回 中京 4日目 サラ系３歳以上 １勝クラス       (混)(特指) 定量 8頭 本賞金:800,320,200,120,80万円",8,800.0,7,6,6,ヘルツアス,牝,4,56.0,幸,133.5,1.1/4,5,14.4,35.3,1-1-1-1,栗東 森田,410,-8,
202507030411,2025-08-03,中京,11,3歳以上1勝クラス,芝,2200,左,晴,良,"3回 中京 4日目 サラ系３歳以上 １勝クラス       (混)(特指) 定量 8頭 本賞金:800,320,200,120,80万円",8,800.0,8,5,5,メリトーリアス,牡,3,55.0,松若,136.0,大,8,50.3,36.8,6-6-7-8,栗東 東田,528,2,
202507030411,2025-08-03,中京,11,3歳以上1勝クラス,芝,2200,左,晴,良,"3回 中京 4日目 サラ系３歳以上 １勝クラス       (混)(特指) 定量 8頭 本賞金:800,320,200,120,80万円",8,800.0,,1,8,サトノソティラス,,,89.0,83,,13.1,4,12.2,3.0,12.5,2,,,
202507030411,2025-08-03,中京,11,3歳以上1勝クラス,芝,2200,左,晴,良,"3回 中京 4日目 サラ系３歳以上 １勝クラス       (混)(特指) 定量 8頭 本賞金:800,320,200,120,80万円",8,800.0,,1,8,サトノソティラス,,,,-,,-,,,,-,-,,,
202507030412,2025-08-03,中京,12,3歳以上1勝クラス,芝,1400,左,晴,良,"3回 中京 4日目 サラ系３歳以上 １勝クラス       (混)[指] 定量 18頭 本賞金:800,320,200,120,80万円",18,800.0,1,3,6,エクストラバック,牡,4,58.0,団野,79.8,,4,9.6,34.1,5-4,栗東 西園正,496,4,
202507030412,2025-08-03,中京,12,3歳以上1勝クラス,芝,1400,左,晴,良,"3回 中京 4日目 サラ系３歳以上 １勝クラス       (混)[指] 定量 18頭 本賞金:800,320,200,120,80万円",18,800.0,2,5,10,ノボリリア,牝,3,53.0,酒井,79.8,クビ,14,43.3,34.3,2-2,栗東 石橋,442,-4,
202507030412,2025-08-03,中京,12,3歳以上1勝クラス,芝,1400,左,晴,良,"3回 中京 4日目 サラ系３歳以上 １勝クラス       (混)[指] 定量 18頭 本賞金:800,320,200,120,80万円",18,800.0,3,4,8,チムグクル,牡,3,55.0,小崎,79.9,1/2,2,4.8,33.1,16-15,栗東 福永,436,6,
202507030412,2025-08-03,中京,12,3歳以上1勝クラス,芝,1400,左,晴,良,"3回 中京 4日目 サラ系３歳以上 １勝クラス       (混)[指] 定量 18頭 本賞金:800,320,200,120,80万円",18,800.0,4,5,9,バンディート,牡,5,58.0,松若,80.0,1/2,3,9.2,34.6,1-1,栗東 東田,516,-10,
202507030412,2025-08-03,中京,12,3歳以上1勝クラス,芝,1400,左,晴,良,"3回 中京 4日目 サラ系３歳以上 １勝クラス       (混)[指] 定量 18頭 本賞金:800,320,200,120,80万円",18,800.0,5,1,1,ジャンヌローサ,牝,4,56.0,小沢,80.0,ハナ,7,15.8,34.0,7-8,栗東 井上,462,8,
202507030412,2025-08-03,中京,12,3歳以上1勝クラス,芝,1400,左,晴,良,"3回 中京 4日目 サラ系３歳以上 １勝クラス       (混)[指] 定量 18頭 本賞金:800,320,200,120,80万円",18,800.0,6,6,11,ワイルデンウーリー,牝,3,53.0,松山,80.2,1,8,16.3,34.2,7-8,栗東 大久保,486,4,
202507030412,2025-08-03,中京,12,3歳以上1勝クラス,芝,1400,左,晴,良,"3回 中京 4日目 サラ系３歳以上 １勝クラス       (混)[指] 定量 18頭 本賞金:800,320,200,120,80万円",18,800.0,7,8,16,ヴァージル,牡,3,55.0,坂井,80.2,クビ,1,3.3,34.3,7-7,栗東 杉山晴,448,-8,
202507030412,2025-08-03,中京,12,3歳以上1勝クラス,芝,1400,左,晴,良,"3回 中京 4日目 サラ系３歳以上 １勝クラス       (混)[指] 定量 18頭 本賞金:800,320,200,120,80万円",18,800.0,8,7,14,ショウナンラウール,牝,4,53.0,▲田山,80.3,3/4,9,19.3,34.8,3-2,栗東 高橋忠,424,-2,
202507030412,2025-08-03,中京,12,3歳以上1勝クラス,芝,1400,左,晴,良,"3回 中京 4日目 サラ系３歳以上 １勝クラス       (混)[指] 定量 18頭 本賞金:800,320,200,120,80万円",18,800.0,9,7,15,ピアストイヤーズ,牡,3,55.0,国分優,80.4,1/2,12,32.1,34.3,10-10,栗東 小崎,448,6,
202507030412,2025-08-03,中京,12,3歳以上1勝クラス,芝,1400,左,晴,良,"3回 中京 4日目 サラ系３歳以上 １勝クラス       (混)[指] 定量 18頭 本賞金:800,320,200,120,80万円",18,800.0,10,7,13,レオンバローズ,牡,6,58.0,岩田康,80.6,1,13,36.5,34.0,13-13,栗東 渡辺,466,-10,
202507030412,2025-08-03,中京,12,3歳以上1勝クラス,芝,1400,左,晴,良,"3回 中京 4日目 サラ系３歳以上 １勝クラス       (混)[指] 定量 18頭 本賞金:800,320,200,120,80万円",18,800.0,11,4,7,スピリットライズ,セ,3,55.0,亀田,80.7,1/2,10,24.0,34.9,5-6,栗東 高柳大,430,2,
202507030412,2025-08-03,中京,12,3歳以上1勝クラス,芝,1400,左,晴,良,"3回 中京 4日目 サラ系３歳以上 １勝クラス       (混)[指] 定量 18頭 本賞金:800,320,200,120,80万円",18,800.0,12,1,2,ナムライリス,牝,4,52.0,★河原田,80.7,クビ,17,105.5,34.4,11-11,栗東 中竹,450,8,
202507030412,2025-08-03,中京,12,3歳以上1勝クラス,芝,1400,左,晴,良,"3回 中京 4日目 サラ系３歳以上 １勝クラス       (混)[指] 定量 18頭 本賞金:800,320,200,120,80万円",18,800.0,13,8,17,コモンスナイプ,牡,3,54.0,☆吉村,80.8,クビ,16,53.5,34.5,11-11,栗東 藤岡,462,22,
202507030412,2025-08-03,中京,12,3歳以上1勝クラス,芝,1400,左,晴,良,"3回 中京 4日目 サラ系３歳以上 １勝クラス       (混)[指] 定量 18頭 本賞金:800,320,200,120,80万円",18,800.0,14,2,4,レイザリオ,牡,3,55.0,田口,80.8,クビ,11,29.3,34.0,14-15,栗東 橋口,466,-2,
202507030412,2025-08-03,中京,12,3歳以上1勝クラス,芝,1400,左,晴,良,"3回 中京 4日目 サラ系３歳以上 １勝クラス       (混)[指] 定量 18頭 本賞金:800,320,200,120,80万円",18,800.0,15,3,5,ディスタントスカイ,牡,4,58.0,角田和,81.0,1,6,15.0,35.4,3-4,栗東 角田,520,6,
202507030412,2025-08-03,中京,12,3歳以上1勝クラス,芝,1400,左,晴,良,"3回 中京 4日目 サラ系３歳以上 １勝クラス       (混)[指] 定量 18頭 本賞金:800,320,200,120,80万円",18,800.0,16,2,3,イリフィ,牝,3,53.0,幸,81.1,3/4,5,11.5,34.5,14-13,栗東 高野,416,0,
202507030412,2025-08-03,中京,12,3歳以上1勝クラス,芝,1400,左,晴,良,"3回 中京 4日目 サラ系３歳以上 １勝クラス       (混)[指] 定量 18頭 本賞金:800,320,200,120,80万円",18,800.0,17,8,18,ヒルノセビリア,牝,4,56.0,太宰,81.2,クビ,18,247.4,34.1,18-18,栗東 昆,444,4,
202507030412,2025-08-03,中京,12,3歳以上1勝クラス,芝,1400,左,晴,良,"3回 中京 4日目 サラ系３歳以上 １勝クラス       (混)[指] 定量 18頭 本賞金:800,320,200,120,80万円",18,800.0,18,6,12,メイショウタマユラ,牝,3,51.0,◇永島,81.3,1/2,15,51.2,34.5,16-15,栗東 大橋,406,-4,
202507030412,2025-08-03,中京,12,3歳以上1勝クラス,芝,1400,左,晴,良,"3回 中京 4日目 サラ系３歳以上 １勝クラス       (混)[指] 定量 18頭 本賞金:800,320,200,120,80万円",18,800.0,,1,6,エクストラバック,,,101.0,98,,12.3,3,10.6,3.0,11.4,2,,,
202507030412,2025-08-03,中京,12,3歳以上1勝クラス,芝,1400,左,晴,良,"3回 中京 4日目 サラ系３歳以上 １勝クラス       (混)[指] 定量 18頭 本賞金:800,320,200,120,80万円",18,800.0,,1,6,エクストラバック,,,,-,,-,,,,-,-,,,
