race_id,date,venue,race_no,race_name,surface,distance,turn,weather,going,race_class,field_size,prize1,chaku,waku,umaban,horse,sex,age,kinryo,jockey,time_sec,margin,ninki,odds,agari,passage,trainer,weight,weight_diff,status
202506030301,2025-04-05,中山,1,3歳未勝利,ダ,1800,右,晴,重,"3回 中山 3日目 サラ系３歳 未勝利       牝[指] 馬齢 15頭 本賞金:560,220,140,84,56万円",15,560.0,1,2,2,ネクストダンサー,牝,3,55.0,松山,114.8,,4,5.6,40.2,1-1-1-1,美浦 伊藤圭,472,0,
202506030301,2025-04-05,中山,1,3歳未勝利,ダ,1800,右,晴,重,"3回 中山 3日目 サラ系３歳 未勝利       牝[指] 馬齢 15頭 本賞金:560,220,140,84,56万円",15,560.0,2,6,10,クインズエクレア,牝,3,55.0,横山武,115.3,3,5,8.4,40.4,4-2-3-3,美浦 加藤征,476,-6,
202506030301,2025-04-05,中山,1,3歳未勝利,ダ,1800,右,晴,重,"3回 中山 3日目 サラ系３歳 未勝利       牝[指] 馬齢 15頭 本賞金:560,220,140,84,56万円",15,560.0,3,6,11,リックメイン,牝,3,51.0,★小林美,115.3,アタマ,1,3.1,40.5,2-2-2-2,美浦 武井,442,-8,
202506030301,2025-04-05,中山,1,3歳未勝利,ダ,1800,右,晴,重,"3回 中山 3日目 サラ系３歳 未勝利       牝[指] 馬齢 15頭 本賞金:560,220,140,84,56万円",15,560.0,4,7,12,トーアナカヨシ,牝,3,55.0,菊沢,115.5,3/4,6,12.3,39.7,11-10-9-7,美浦 勢司,458,4,
202506030301,2025-04-05,中山,1,3歳未勝利,ダ,1800,右,晴,重,"3回 中山 3日目 サラ系３歳 未勝利       牝[指] 馬齢 15頭 本賞金:560,220,140,84,56万円",15,560.0,5,1,1,ミスブランニュデイ,牝,3,55.0,野中,115.7,1.1/4,9,51.4,40.1,9-8-6-6,美浦 菊川,452,-10,
202506030301,2025-04-05,中山,1,3歳未勝利,ダ,1800,右,晴,重,"3回 中山 3日目 サラ系３歳 未勝利       牝[指] 馬齢 15頭 本賞金:560,220,140,84,56万円",15,560.0,6,2,3,ルージュメアート,牝,3,55.0,吉田豊,115.7,クビ,3,5.4,39.6,15-15-11-9,美浦 高柳瑞,516,-10,
202506030301,2025-04-05,中山,1,3歳未勝利,ダ,1800,右,晴,重,"3回 中山 3日目 サラ系３歳 未勝利       牝[指] 馬齢 15頭 本賞金:560,220,140,84,56万円",15,560.0,7,4,7,ミライヘノハナ,牝,3,55.0,丹内,115.9,3/4,2,5.0,40.2,8-8-6-7,美浦 伊藤大,444,2,
202506030301,2025-04-05,中山,1,3歳未勝利,ダ,1800,右,晴,重,"3回 中山 3日目 サラ系３歳 未勝利       牝[指] 馬齢 15頭 本賞金:560,220,140,84,56万円",15,560.0,8,3,4,アイスリーディング,牝,3,52.0,▲石田,116.0,1/2,7,17.6,40.8,6-5-4-4,美浦 小笠,434,6,
202506030301,2025-04-05,中山,1,3歳未勝利,ダ,1800,右,晴,重,"3回 中山 3日目 サラ系３歳 未勝利       牝[指] 馬齢 15頭 本賞金:560,220,140,84,56万円",15,560.0,9,5,8,スナドケイ,牝,3,55.0,中井,116.3,2,13,207.2,40.1,12-12-12-11,美浦 尾形,480,8,
202506030301,2025-04-05,中山,1,3歳未勝利,ダ,1800,右,晴,重,"3回 中山 3日目 サラ系３歳 未勝利       牝[指] 馬齢 15頭 本賞金:560,220,140,84,56万円",15,560.0,10,8,15,スーパーキティ,牝,3,55.0,江田照,116.8,3,10,61.5,41.5,6-7-4-4,美浦 菊川,496,0,
202506030301,2025-04-05,中山,1,3歳未勝利,ダ,1800,右,晴,重,"3回 中山 3日目 サラ系３歳 未勝利       牝[指] 馬齢 15頭 本賞金:560,220,140,84,56万円",15,560.0,11,7,13,サツキレジーナ,牝,3,55.0,丸田,117.3,3,8,19.5,41.4,9-10-9-9,美浦 石栗,414,-1,
202506030301,2025-04-05,中山,1,3歳未勝利,ダ,1800,右,晴,重,"3回 中山 3日目 サラ系３歳 未勝利       牝[指] 馬齢 15頭 本賞金:560,220,140,84,56万円",15,560.0,12,4,6,シャンドネージュ,牝,3,55.0,伊藤,118.6,8,12,178.3,42.4,12-13-12-12,美浦 青木,502,-12,
202506030301,2025-04-05,中山,1,3歳未勝利,ダ,1800,右,晴,重,"3回 中山 3日目 サラ系３歳 未勝利       牝[指] 馬齢 15頭 本賞金:560,220,140,84,56万円",15,560.0,13,3,5,タマモミンミ,牝,3,55.0,黛,120.0,9,14,249.0,43.5,14-13-15-13,美浦 村田,400,0,
202506030301,2025-04-05,中山,1,3歳未勝利,ダ,1800,右,晴,重,"3回 中山 3日目 サラ系３歳 未勝利       牝[指] 馬齢 15頭 本賞金:560,220,140,84,56万円",15,560.0,14,8,14,ローレン,牝,3,52.0,▲長浜,121.8,大,11,85.1,45.5,5-5-12-15,美浦 上原博,448,-2,
202506030301,2025-04-05,中山,1,3歳未勝利,ダ,1800,右,晴,重,"3回 中山 3日目 サラ系３歳 未勝利       牝[指] 馬齢 15頭 本賞金:560,220,140,84,56万円",15,560.0,15,5,9,ウィズマイマミー,牝,3,52.0,▲舟山,124.5,大,15,460.4,48.9,2-2-6-13,美浦 田村,424,-6,
202506030302,2025-04-05,中山,2,3歳未勝利,ダ,1200,右,晴,重,"3回 中山 3日目 サラ系３歳 未勝利       [指] 馬齢 16頭 本賞金:560,220,140,84,56万円",16,560.0,1,7,13,エリカマユーリ,牝,3,55.0,モレイ,71.5,,1,1.1,36.7,3-3,美浦 堀,462,2,
202506030302,2025-04-05,中山,2,3歳未勝利,ダ,1200,右,晴,重,"3回 中山 3日目 サラ系３歳 未勝利       [指] 馬齢 16頭 本賞金:560,220,140,84,56万円",16,560.0,2,8,15,レイアポポ,牝,3,55.0,原,72.1,3.1/2,2,11.4,37.2,5-4,美浦 青木,472,-14,
202506030302,2025-04-05,中山,2,3歳未勝利,ダ,1200,右,晴,重,"3回 中山 3日目 サラ系３歳 未勝利       [指] 馬齢 16頭 本賞金:560,220,140,84,56万円",16,560.0,3,3,6,ヒタムキ,牝,3,54.0,☆横山琉,72.4,2,6,68.1,37.6,3-4,美浦 鈴木慎,444,10,
202506030302,2025-04-05,中山,2,3歳未勝利,ダ,1200,右,晴,重,"3回 中山 3日目 サラ系３歳 未勝利       [指] 馬齢 16頭 本賞金:560,220,140,84,56万円",16,560.0,4,1,1,ビレッジルミエール,牝,3,52.0,▲佐藤,72.6,1.1/2,4,30.9,37.7,5-4,美浦 伊藤圭,442,-6,
202506030302,2025-04-05,中山,2,3歳未勝利,ダ,1200,右,晴,重,"3回 中山 3日目 サラ系３歳 未勝利       [指] 馬齢 16頭 本賞金:560,220,140,84,56万円",16,560.0,5,4,7,シンフォニーシーズ,牝,3,55.0,丹内,72.7,1/2,3,25.3,38.1,1-1,美浦 清水英,446,-4,
202506030302,2025-04-05,中山,2,3歳未勝利,ダ,1200,右,晴,重,"3回 中山 3日目 サラ系３歳 未勝利       [指] 馬齢 16頭 本賞金:560,220,140,84,56万円",16,560.0,6,2,3,レジョンデロル,牡,3,57.0,西村太,72.8,クビ,7,70.8,37.2,11-9,美浦 加藤征,418,-2,
202506030302,2025-04-05,中山,2,3歳未勝利,ダ,1200,右,晴,重,"3回 中山 3日目 サラ系３歳 未勝利       [指] 馬齢 16頭 本賞金:560,220,140,84,56万円",16,560.0,7,6,11,マニーシーン,牝,3,55.0,菅原隆,72.9,1/2,9,126.7,38.3,2-2,美浦 小手川,466,0,
202506030302,2025-04-05,中山,2,3歳未勝利,ダ,1200,右,晴,重,"3回 中山 3日目 サラ系３歳 未勝利       [指] 馬齢 16頭 本賞金:560,220,140,84,56万円",16,560.0,8,8,16,シルバードン,牡,3,57.0,木幡巧,72.9,ハナ,8,72.5,37.7,7-7,美浦 牧,478,0,
202506030302,2025-04-05,中山,2,3歳未勝利,ダ,1200,右,晴,重,"3回 中山 3日目 サラ系３歳 未勝利       [指] 馬齢 16頭 本賞金:560,220,140,84,56万円",16,560.0,9,1,2,アイファーシャドー,牡,3,54.0,▲長浜,73.1,1.1/2,11,248.2,36.9,14-13,美浦 根本,444,-3,
202506030302,2025-04-05,中山,2,3歳未勝利,ダ,1200,右,晴,重,"3回 中山 3日目 サラ系３歳 未勝利       [指] 馬齢 16頭 本賞金:560,220,140,84,56万円",16,560.0,10,5,10,ヘビーキュー,牡,3,57.0,内田博,73.2,3/4,5,32.6,37.2,13-13,美浦 矢嶋,572,-6,
202506030302,2025-04-05,中山,2,3歳未勝利,ダ,1200,右,晴,重,"3回 中山 3日目 サラ系３歳 未勝利       [指] 馬齢 16頭 本賞金:560,220,140,84,56万円",16,560.0,11,6,12,ケイツーペニー,牝,3,52.0,▲遠藤,73.3,1/2,12,279.1,38.1,7-9,美浦 蛯名利,432,0,
202506030302,2025-04-05,中山,2,3歳未勝利,ダ,1200,右,晴,重,"3回 中山 3日目 サラ系３歳 未勝利       [指] 馬齢 16頭 本賞金:560,220,140,84,56万円",16,560.0,12,3,5,シャインシュシュ,牝,3,52.0,▲上里,73.3,クビ,10,194.5,37.8,10-11,美浦 小野,482,0,
202506030302,2025-04-05,中山,2,3歳未勝利,ダ,1200,右,晴,重,"3回 中山 3日目 サラ系３歳 未勝利       [指] 馬齢 16頭 本賞金:560,220,140,84,56万円",16,560.0,13,2,4,イデアニポーテ,牡,3,57.0,黛,73.5,1,14,395.1,38.2,9-7,美浦 矢嶋,446,-4,
202506030302,2025-04-05,中山,2,3歳未勝利,ダ,1200,右,晴,重,"3回 中山 3日目 サラ系３歳 未勝利       [指] 馬齢 16頭 本賞金:560,220,140,84,56万円",16,560.0,14,7,14,カスミヅキ,牡,3,57.0,柴田大,74.1,3.1/2,15,456.6,38.4,11-12,美浦 和田雄,442,0,
202506030302,2025-04-05,中山,2,3歳未勝利,ダ,1200,右,晴,重,"3回 中山 3日目 サラ系３歳 未勝利       [指] 馬齢 16頭 本賞金:560,220,140,84,56万円",16,560.0,15,4,8,アルバーチョ,牝,3,52.0,▲石神道,74.4,1.1/2,13,388.5,37.4,16-16,美浦 柄崎,450,0,
202506030302,2025-04-05,中山,2,3歳未勝利,ダ,1200,右,晴,重,"3回 中山 3日目 サラ系３歳 未勝利       [指] 馬齢 16頭 本賞金:560,220,140,84,56万円",16,560.0,16,5,9,キャプティバ,牡,3,57.0,小林脩,74.4,クビ,16,493.3,37.9,15-15,美浦 佐藤吉,496,4,
202506030303,2025-04-05,中山,3,3歳未勝利,ダ,1800,右,晴,重,"3回 中山 3日目 サラ系３歳 未勝利       [指] 馬齢 12頭 本賞金:560,220,140,84,56万円",12,560.0,1,8,11,ロードフロリゼル,牡,3,57.0,丹内,113.8,,5,8.4,39.4,2-2-2-1,美浦 稲垣,462,-2,
202506030303,2025-04-05,中山,3,3歳未勝利,ダ,1800,右,晴,重,"3回 中山 3日目 サラ系３歳 未勝利       [指] 馬齢 12頭 本賞金:560,220,140,84,56万円",12,560.0,2,5,5,オキョンピー,牡,3,57.0,横山武,113.9,1/2,1,2.5,39.5,1-1-1-2,美浦 高柳瑞,436,-6,
202506030303,2025-04-05,中山,3,3歳未勝利,ダ,1800,右,晴,重,"3回 中山 3日目 サラ系３歳 未勝利       [指] 馬齢 12頭 本賞金:560,220,140,84,56万円",12,560.0,3,5,6,ルクスエクレール,牡,3,57.0,杉原,114.1,1,3,5.2,38.7,8-7-6-6,美浦 大和田,426,0,
202506030303,2025-04-05,中山,3,3歳未勝利,ダ,1800,右,晴,重,"3回 中山 3日目 サラ系３歳 未勝利       [指] 馬齢 12頭 本賞金:560,220,140,84,56万円",12,560.0,4,3,3,ネイチャーズロウ,牡,3,57.0,シュタ,114.2,3/4,4,7.6,39.5,4-5-3-3,美浦 大竹,488,-12,
202506030303,2025-04-05,中山,3,3歳未勝利,ダ,1800,右,晴,重,"3回 中山 3日目 サラ系３歳 未勝利       [指] 馬齢 12頭 本賞金:560,220,140,84,56万円",12,560.0,5,2,2,ブラザービート,牡,3,57.0,内田博,114.6,2,2,2.9,39.9,6-6-3-3,美浦 奥村武,528,-2,
202506030303,2025-04-05,中山,3,3歳未勝利,ダ,1800,右,晴,重,"3回 中山 3日目 サラ系３歳 未勝利       [指] 馬齢 12頭 本賞金:560,220,140,84,56万円",12,560.0,6,7,10,カワキタホクレア,牝,3,55.0,斎藤,115.3,4,11,285.7,39.9,7-7-6-7,美浦 伊坂,450,-2,
202506030303,2025-04-05,中山,3,3歳未勝利,ダ,1800,右,晴,重,"3回 中山 3日目 サラ系３歳 未勝利       [指] 馬齢 12頭 本賞金:560,220,140,84,56万円",12,560.0,7,7,9,ブラックレッド,牡,3,57.0,原田和,115.7,2,10,171.7,41.0,3-3-3-5,美浦 松山,474,-8,
202506030303,2025-04-05,中山,3,3歳未勝利,ダ,1800,右,晴,重,"3回 中山 3日目 サラ系３歳 未勝利       [指] 馬齢 12頭 本賞金:560,220,140,84,56万円",12,560.0,8,6,8,レジェンダイズ,セ,3,57.0,原,116.4,4,8,112.5,40.3,9-9-8-8,美浦 黒岩,440,-12,
202506030303,2025-04-05,中山,3,3歳未勝利,ダ,1800,右,晴,重,"3回 中山 3日目 サラ系３歳 未勝利       [指] 馬齢 12頭 本賞金:560,220,140,84,56万円",12,560.0,9,6,7,コッチャン,牡,3,57.0,木幡初,117.4,6,6,26.6,40.4,11-11-11-10,美浦 武市,482,0,
202506030303,2025-04-05,中山,3,3歳未勝利,ダ,1800,右,晴,重,"3回 中山 3日目 サラ系３歳 未勝利       [指] 馬齢 12頭 本賞金:560,220,140,84,56万円",12,560.0,10,1,1,アステルリヴェール,牡,3,57.0,横山和,117.5,1/2,9,128.6,41.5,4-3-8-9,美浦 嘉藤,432,-2,
202506030303,2025-04-05,中山,3,3歳未勝利,ダ,1800,右,晴,重,"3回 中山 3日目 サラ系３歳 未勝利       [指] 馬齢 12頭 本賞金:560,220,140,84,56万円",12,560.0,11,4,4,ダブルドラゴン,牡,3,57.0,丸田,118.1,4,7,70.4,41.3,10-10-10-10,美浦 伊藤大,508,0,
202506030303,2025-04-05,中山,3,3歳未勝利,ダ,1800,右,晴,重,"3回 中山 3日目 サラ系３歳 未勝利       [指] 馬齢 12頭 本賞金:560,220,140,84,56万円",12,560.0,12,8,12,パトリオティズム,牝,3,55.0,柴田大,118.6,2.1/2,12,395.3,41.4,11-12-12-12,美浦 南田,422,4,
202506030304,2025-04-05,中山,4,4歳以上障害未勝利,障,2880,,晴,稍,"3回 中山 3日目 障害４歳以上 未勝利       (混) 定量 14頭 本賞金:840,340,210,130,84万円",14,840.0,1,7,11,ウイングランブルー,牡,5,60.0,大江圭,196.2,,7,11.7,13.6,1-1-1-1,美浦 深山,468,-4,
202506030304,2025-04-05,中山,4,4歳以上障害未勝利,障,2880,,晴,稍,"3回 中山 3日目 障害４歳以上 未勝利       (混) 定量 14頭 本賞金:840,340,210,130,84万円",14,840.0,2,3,3,ホウオウエクレール,牡,8,60.0,小牧加,196.6,2.1/2,1,3.4,13.7,6-5-4-4,栗東 宮,500,-6,
202506030304,2025-04-05,中山,4,4歳以上障害未勝利,障,2880,,晴,稍,"3回 中山 3日目 障害４歳以上 未勝利       (混) 定量 14頭 本賞金:840,340,210,130,84万円",14,840.0,3,8,14,ナムラドーギー,牡,4,59.0,五十嵐,197.0,2.1/2,6,10.5,13.7,3-3-3-3,美浦 石栗,454,0,
202506030304,2025-04-05,中山,4,4歳以上障害未勝利,障,2880,,晴,稍,"3回 中山 3日目 障害４歳以上 未勝利       (混) 定量 14頭 本賞金:840,340,210,130,84万円",14,840.0,4,8,13,グランナヴィール,牡,4,59.0,上野,197.1,1/2,2,4.0,13.7,10-9-5-5,美浦 堀内,550,2,
202506030304,2025-04-05,中山,4,4歳以上障害未勝利,障,2880,,晴,稍,"3回 中山 3日目 障害４歳以上 未勝利       (混) 定量 14頭 本賞金:840,340,210,130,84万円",14,840.0,5,5,8,イグニス,牡,4,59.0,石神深,197.4,1.3/4,13,161.3,13.7,2-2-2-2,美浦 久保田,454,-2,
202506030304,2025-04-05,中山,4,4歳以上障害未勝利,障,2880,,晴,稍,"3回 中山 3日目 障害４歳以上 未勝利       (混) 定量 14頭 本賞金:840,340,210,130,84万円",14,840.0,6,6,9,ゴールデンルーキー,牡,4,59.0,草野,198.9,9,9,55.8,13.8,11-11-10-7,美浦 粕谷,470,-4,
202506030304,2025-04-05,中山,4,4歳以上障害未勝利,障,2880,,晴,稍,"3回 中山 3日目 障害４歳以上 未勝利       (混) 定量 14頭 本賞金:840,340,210,130,84万円",14,840.0,7,4,5,オステリア,牡,6,60.0,高田,198.9,アタマ,5,10.3,13.8,9-10-9-7,栗東 宮本,512,0,
202506030304,2025-04-05,中山,4,4歳以上障害未勝利,障,2880,,晴,稍,"3回 中山 3日目 障害４歳以上 未勝利       (混) 定量 14頭 本賞金:840,340,210,130,84万円",14,840.0,8,7,12,サラフィエル,セ,6,60.0,伴,199.1,1.1/4,3,4.7,13.8,4-5-5-6,美浦 鈴木慎,446,-8,
202506030304,2025-04-05,中山,4,4歳以上障害未勝利,障,2880,,晴,稍,"3回 中山 3日目 障害４歳以上 未勝利       (混) 定量 14頭 本賞金:840,340,210,130,84万円",14,840.0,9,4,6,ボルタドマール,セ,6,60.0,小野寺,201.1,大,11,105.7,14.0,8-7-5-7,美浦 黒岩,514,-6,
202506030304,2025-04-05,中山,4,4歳以上障害未勝利,障,2880,,晴,稍,"3回 中山 3日目 障害４歳以上 未勝利       (混) 定量 14頭 本賞金:840,340,210,130,84万円",14,840.0,10,5,7,メイショウジブリ,牡,6,60.0,森一,201.5,2.1/2,4,6.7,14.0,6-7-11-11,栗東 角田,494,-6,
202506030304,2025-04-05,中山,4,4歳以上障害未勝利,障,2880,,晴,稍,"3回 中山 3日目 障害４歳以上 未勝利       (混) 定量 14頭 本賞金:840,340,210,130,84万円",14,840.0,11,3,4,インヴァリアンス,セ,7,60.0,金子,206.6,大,8,44.4,14.3,12-12-12-12,美浦 尾関,486,6,
202506030304,2025-04-05,中山,4,4歳以上障害未勝利,障,2880,,晴,稍,"3回 中山 3日目 障害４歳以上 未勝利       (混) 定量 14頭 本賞金:840,340,210,130,84万円",14,840.0,12,6,10,ロードジャスティス,牡,6,60.0,難波,207.2,4,10,96.4,14.4,4-3-5-10,栗東 小椋,494,18,
202506030304,2025-04-05,中山,4,4歳以上障害未勝利,障,2880,,晴,稍,"3回 中山 3日目 障害４歳以上 未勝利       (混) 定量 14頭 本賞金:840,340,210,130,84万円",14,840.0,13,1,1,ジーティージン,牡,4,57.0,▲水沼,209.1,大,14,264.0,14.5,13-13-13-13,美浦 石栗,490,10,
202506030304,2025-04-05,中山,4,4歳以上障害未勝利,障,2880,,晴,稍,"3回 中山 3日目 障害４歳以上 未勝利       (混) 定量 14頭 本賞金:840,340,210,130,84万円",14,840.0,14,2,2,アンカリング,牝,5,57.0,▲土田,209.9,5,12,129.1,14.6,13-14-14-14,美浦 土田,478,26,
202506030305,2025-04-05,中山,5,3歳未勝利,芝,2000,右,晴,良,"3回 中山 3日目 サラ系３歳 未勝利       [指] 馬齢 18頭 本賞金:560,220,140,84,56万円",18,560.0,1,7,14,ヤマニンエイドロン,牡,3,57.0,大野,120.8,,2,3.4,35.3,2-2-2-2,美浦 辻,462,-4,
202506030305,2025-04-05,中山,5,3歳未勝利,芝,2000,右,晴,良,"3回 中山 3日目 サラ系３歳 未勝利       [指] 馬齢 18頭 本賞金:560,220,140,84,56万円",18,560.0,2,3,5,ジェイエルマスター,牡,3,57.0,横山和,121.2,2,4,7.2,35.5,13-13-3-3,美浦 小西,470,-2,
202506030305,2025-04-05,中山,5,3歳未勝利,芝,2000,右,晴,良,"3回 中山 3日目 サラ系３歳 未勝利       [指] 馬齢 18頭 本賞金:560,220,140,84,56万円",18,560.0,3,1,2,アローグレイシャー,牡,3,57.0,モレイ,121.2,ハナ,1,2.0,34.9,9-9-9-7,美浦 林,512,-12,
202506030305,2025-04-05,中山,5,3歳未勝利,芝,2000,右,晴,良,"3回 中山 3日目 サラ系３歳 未勝利       [指] 馬齢 18頭 本賞金:560,220,140,84,56万円",18,560.0,4,2,4,ポッポノフェスタ,牡,3,57.0,西村太,121.5,2,6,28.6,35.2,15-15-9-9,美浦 堀内,456,-14,
202506030305,2025-04-05,中山,5,3歳未勝利,芝,2000,右,晴,良,"3回 中山 3日目 サラ系３歳 未勝利       [指] 馬齢 18頭 本賞金:560,220,140,84,56万円",18,560.0,5,6,11,キタノアンシェル,牝,3,55.0,丸田,122.0,3,12,215.6,35.4,10-10-12-13,美浦 蛯名利,418,-6,
202506030305,2025-04-05,中山,5,3歳未勝利,芝,2000,右,晴,良,"3回 中山 3日目 サラ系３歳 未勝利       [指] 馬齢 18頭 本賞金:560,220,140,84,56万円",18,560.0,6,1,1,シュネルケーニヒ,牡,3,57.0,松山,122.0,アタマ,3,6.4,35.1,17-17-15-15,美浦 手塚久,526,0,
202506030305,2025-04-05,中山,5,3歳未勝利,芝,2000,右,晴,良,"3回 中山 3日目 サラ系３歳 未勝利       [指] 馬齢 18頭 本賞金:560,220,140,84,56万円",18,560.0,7,5,10,エットトゥカム,牡,3,57.0,黛,122.0,1/2,16,468.4,35.5,10-10-12-13,美浦 深山,400,-6,
202506030305,2025-04-05,中山,5,3歳未勝利,芝,2000,右,晴,良,"3回 中山 3日目 サラ系３歳 未勝利       [指] 馬齢 18頭 本賞金:560,220,140,84,56万円",18,560.0,8,2,3,ピティロディア,牡,3,57.0,内田博,122.0,ハナ,8,85.6,34.8,15-16-17-17,美浦 西田,454,2,
202506030305,2025-04-05,中山,5,3歳未勝利,芝,2000,右,晴,良,"3回 中山 3日目 サラ系３歳 未勝利       [指] 馬齢 18頭 本賞金:560,220,140,84,56万円",18,560.0,9,8,17,ピュイダムール,牝,3,55.0,北村宏,122.2,3/4,10,172.1,36.3,5-5-5-4,美浦 黒岩,490,0,
202506030305,2025-04-05,中山,5,3歳未勝利,芝,2000,右,晴,良,"3回 中山 3日目 サラ系３歳 未勝利       [指] 馬齢 18頭 本賞金:560,220,140,84,56万円",18,560.0,10,6,12,ナインダーツ,牡,3,57.0,小林脩,122.2,ハナ,17,525.2,36.1,8-7-7-7,美浦 奥平,442,-2,
202506030305,2025-04-05,中山,5,3歳未勝利,芝,2000,右,晴,良,"3回 中山 3日目 サラ系３歳 未勝利       [指] 馬齢 18頭 本賞金:560,220,140,84,56万円",18,560.0,11,7,13,ホウオウヌーヴォー,牝,3,55.0,吉田豊,122.3,1,5,17.9,36.9,1-1-1-1,美浦 田島,486,26,
202506030305,2025-04-05,中山,5,3歳未勝利,芝,2000,右,晴,良,"3回 中山 3日目 サラ系３歳 未勝利       [指] 馬齢 18頭 本賞金:560,220,140,84,56万円",18,560.0,12,8,18,バットスティンガー,牡,3,57.0,杉原,122.3,ハナ,7,31.5,36.4,3-3-5-4,美浦 嘉藤,462,-4,
202506030305,2025-04-05,中山,5,3歳未勝利,芝,2000,右,晴,良,"3回 中山 3日目 サラ系３歳 未勝利       [指] 馬齢 18頭 本賞金:560,220,140,84,56万円",18,560.0,13,7,15,アイスフィールド,牡,3,54.0,▲水沼,122.4,クビ,18,614.3,36.1,6-7-9-11,美浦 西田,452,-4,
202506030305,2025-04-05,中山,5,3歳未勝利,芝,2000,右,晴,良,"3回 中山 3日目 サラ系３歳 未勝利       [指] 馬齢 18頭 本賞金:560,220,140,84,56万円",18,560.0,14,4,8,ボーマン,牡,3,57.0,木幡巧,122.7,2,14,367.4,36.2,10-12-12-11,美浦 牧,534,4,
202506030305,2025-04-05,中山,5,3歳未勝利,芝,2000,右,晴,良,"3回 中山 3日目 サラ系３歳 未勝利       [指] 馬齢 18頭 本賞金:560,220,140,84,56万円",18,560.0,15,8,16,コスモグッドラック,牡,3,57.0,柴田大,123.0,1.1/2,9,163.9,37.3,4-3-3-4,美浦 松永康,508,12,
202506030305,2025-04-05,中山,5,3歳未勝利,芝,2000,右,晴,良,"3回 中山 3日目 サラ系３歳 未勝利       [指] 馬齢 18頭 本賞金:560,220,140,84,56万円",18,560.0,16,5,9,ノロシ,牡,3,57.0,菊沢,123.4,2.1/2,13,226.3,36.5,13-14-15-15,美浦 高木,492,10,
202506030305,2025-04-05,中山,5,3歳未勝利,芝,2000,右,晴,良,"3回 中山 3日目 サラ系３歳 未勝利       [指] 馬齢 18頭 本賞金:560,220,140,84,56万円",18,560.0,17,4,7,サクラコーラル,牡,3,57.0,津村,123.4,ハナ,11,201.1,37.4,6-5-7-9,美浦 尾関,466,14,
202506030305,2025-04-05,中山,5,3歳未勝利,芝,2000,右,晴,良,"3回 中山 3日目 サラ系３歳 未勝利       [指] 馬齢 18頭 本賞金:560,220,140,84,56万円",18,560.0,18,3,6,リュトン,牡,3,57.0,原,124.1,4,15,430.5,36.2,18-18-18-18,美浦 蛯名正,462,-6,
202506030306,2025-04-05,中山,6,3歳未勝利,ダ,1200,右,晴,稍,"3回 中山 3日目 サラ系３歳 未勝利       (混)[指] 馬齢 16頭 本賞金:560,220,140,84,56万円",16,560.0,1,6,12,アシャカトベ,牡,3,57.0,横山武,71.4,,1,1.7,36.9,3-2,美浦 小笠,520,0,
202506030306,2025-04-05,中山,6,3歳未勝利,ダ,1200,右,晴,稍,"3回 中山 3日目 サラ系３歳 未勝利       (混)[指] 馬齢 16頭 本賞金:560,220,140,84,56万円",16,560.0,2,8,16,ハーモニーソング,牝,3,55.0,武藤,71.5,1/2,2,5.2,37.1,2-2,美浦 田島,452,-14,
202506030306,2025-04-05,中山,6,3歳未勝利,ダ,1200,右,晴,稍,"3回 中山 3日目 サラ系３歳 未勝利       (混)[指] 馬齢 16頭 本賞金:560,220,140,84,56万円",16,560.0,3,7,13,チケットトゥヘブン,牡,3,56.0,☆横山琉,71.8,1.3/4,6,16.2,36.8,8-8,美浦 相沢,460,-4,
202506030306,2025-04-05,中山,6,3歳未勝利,ダ,1200,右,晴,稍,"3回 中山 3日目 サラ系３歳 未勝利       (混)[指] 馬齢 16頭 本賞金:560,220,140,84,56万円",16,560.0,4,8,15,ゴールドシャーク,牝,3,55.0,大野,72.3,3,11,125.9,37.4,7-7,美浦 水野,468,8,
202506030306,2025-04-05,中山,6,3歳未勝利,ダ,1200,右,晴,稍,"3回 中山 3日目 サラ系３歳 未勝利       (混)[指] 馬齢 16頭 本賞金:560,220,140,84,56万円",16,560.0,5,7,14,アンダーザライト,牡,3,57.0,丸山,72.3,クビ,3,7.1,37.5,5-5,美浦 宮田,520,-4,
202506030306,2025-04-05,中山,6,3歳未勝利,ダ,1200,右,晴,稍,"3回 中山 3日目 サラ系３歳 未勝利       (混)[指] 馬齢 16頭 本賞金:560,220,140,84,56万円",16,560.0,6,2,4,リネンプリンセス,牝,3,52.0,▲佐藤,72.5,3/4,7,16.5,37.0,11-10,美浦 南田,452,-4,
202506030306,2025-04-05,中山,6,3歳未勝利,ダ,1200,右,晴,稍,"3回 中山 3日目 サラ系３歳 未勝利       (混)[指] 馬齢 16頭 本賞金:560,220,140,84,56万円",16,560.0,7,1,1,イサチルオアシス,牝,3,55.0,木幡初,72.6,1/2,14,261.5,37.6,8-8,美浦 竹内,434,6,
202506030306,2025-04-05,中山,6,3歳未勝利,ダ,1200,右,晴,稍,"3回 中山 3日目 サラ系３歳 未勝利       (混)[指] 馬齢 16頭 本賞金:560,220,140,84,56万円",16,560.0,8,2,3,キャンディリボン,牝,3,55.0,丹内,72.8,1.1/4,12,186.1,38.3,3-4,美浦 清水英,454,2,
202506030306,2025-04-05,中山,6,3歳未勝利,ダ,1200,右,晴,稍,"3回 中山 3日目 サラ系３歳 未勝利       (混)[指] 馬齢 16頭 本賞金:560,220,140,84,56万円",16,560.0,9,5,9,ウィノウザウェイ,牝,3,52.0,▲石神道,73.2,2.1/2,15,291.7,37.6,12-12,美浦 土田,486,-6,
202506030306,2025-04-05,中山,6,3歳未勝利,ダ,1200,右,晴,稍,"3回 中山 3日目 サラ系３歳 未勝利       (混)[指] 馬齢 16頭 本賞金:560,220,140,84,56万円",16,560.0,10,3,5,イグニススピリタス,牝,3,55.0,柴田大,73.4,1.1/4,5,13.5,39.1,1-1,美浦 田中剛,480,0,
202506030306,2025-04-05,中山,6,3歳未勝利,ダ,1200,右,晴,稍,"3回 中山 3日目 サラ系３歳 未勝利       (混)[指] 馬齢 16頭 本賞金:560,220,140,84,56万円",16,560.0,11,5,10,ヘヴンリーゴール,牡,3,57.0,松岡,73.5,クビ,4,11.2,38.2,10-10,美浦 戸田,460,-6,
202506030306,2025-04-05,中山,6,3歳未勝利,ダ,1200,右,晴,稍,"3回 中山 3日目 サラ系３歳 未勝利       (混)[指] 馬齢 16頭 本賞金:560,220,140,84,56万円",16,560.0,12,3,6,グロリアスアスペン,牝,3,55.0,江田照,74.3,5,10,114.3,39.5,5-5,美浦 村田,434,-6,
202506030306,2025-04-05,中山,6,3歳未勝利,ダ,1200,右,晴,稍,"3回 中山 3日目 サラ系３歳 未勝利       (混)[指] 馬齢 16頭 本賞金:560,220,140,84,56万円",16,560.0,13,4,7,マイラブユキチャン,牡,3,57.0,菊沢,74.4,クビ,9,105.6,38.4,14-14,美浦 小野,472,0,
202506030306,2025-04-05,中山,6,3歳未勝利,ダ,1200,右,晴,稍,"3回 中山 3日目 サラ系３歳 未勝利       (混)[指] 馬齢 16頭 本賞金:560,220,140,84,56万円",16,560.0,14,6,11,アイファーリーオー,牡,3,54.0,▲長浜,74.7,2,16,329.0,37.3,16-16,美浦 根本,438,-2,
202506030306,2025-04-05,中山,6,3歳未勝利,ダ,1200,右,晴,稍,"3回 中山 3日目 サラ系３歳 未勝利       (混)[指] 馬齢 16頭 本賞金:560,220,140,84,56万円",16,560.0,15,1,2,ブルームソング,牝,3,55.0,吉田豊,75.1,2,8,86.0,39.2,14-13,美浦 高橋文,516,0,
202506030306,2025-04-05,中山,6,3歳未勝利,ダ,1200,右,晴,稍,"3回 中山 3日目 サラ系３歳 未勝利       (混)[指] 馬齢 16頭 本賞金:560,220,140,84,56万円",16,560.0,16,4,8,アオイフォトグラフ,牝,3,52.0,▲水沼,75.2,3/4,13,241.5,39.4,13-15,美浦 加藤和,502,0,
202506030307,2025-04-05,中山,7,4歳以上1勝クラス,ダ,1800,右,晴,稍,"3回 中山 3日目 サラ系４歳以上 １勝クラス       [指] 定量 11頭 本賞金:800,320,200,120,80万円",11,800.0,1,4,4,スペイドアン,牡,4,55.0,▲上里,113.9,,1,2.4,38.3,1-1-1-1,美浦 加藤士,494,0,
202506030307,2025-04-05,中山,7,4歳以上1勝クラス,ダ,1800,右,晴,稍,"3回 中山 3日目 サラ系４歳以上 １勝クラス       [指] 定量 11頭 本賞金:800,320,200,120,80万円",11,800.0,2,8,11,デスティノ,牡,5,58.0,丹内,114.2,1.3/4,2,3.2,38.2,7-7-3-2,美浦 矢野,550,4,
202506030307,2025-04-05,中山,7,4歳以上1勝クラス,ダ,1800,右,晴,稍,"3回 中山 3日目 サラ系４歳以上 １勝クラス       [指] 定量 11頭 本賞金:800,320,200,120,80万円",11,800.0,3,5,5,マリンバンカー,牡,4,58.0,岩部,114.2,アタマ,9,25.3,37.9,5-5-7-8,美浦 南田,504,10,
202506030307,2025-04-05,中山,7,4歳以上1勝クラス,ダ,1800,右,晴,稍,"3回 中山 3日目 サラ系４歳以上 １勝クラス       [指] 定量 11頭 本賞金:800,320,200,120,80万円",11,800.0,4,7,8,ウッドショック,牡,6,58.0,松山,114.5,1.1/2,6,19.2,38.1,6-6-9-9,美浦 杉浦,518,0,
202506030307,2025-04-05,中山,7,4歳以上1勝クラス,ダ,1800,右,晴,稍,"3回 中山 3日目 サラ系４歳以上 １勝クラス       [指] 定量 11頭 本賞金:800,320,200,120,80万円",11,800.0,5,6,6,ゲキザル,牡,6,58.0,原,114.6,3/4,5,10.4,38.3,8-9-7-6,美浦 青木,480,-2,
202506030307,2025-04-05,中山,7,4歳以上1勝クラス,ダ,1800,右,晴,稍,"3回 中山 3日目 サラ系４歳以上 １勝クラス       [指] 定量 11頭 本賞金:800,320,200,120,80万円",11,800.0,6,6,7,カーマンライン,牡,4,57.0,☆横山琉,114.7,3/4,4,9.3,38.7,3-3-3-2,美浦 小島,502,-4,
202506030307,2025-04-05,中山,7,4歳以上1勝クラス,ダ,1800,右,晴,稍,"3回 中山 3日目 サラ系４歳以上 １勝クラス       [指] 定量 11頭 本賞金:800,320,200,120,80万円",11,800.0,7,1,1,スカパラダイス,牡,5,58.0,木幡巧,115.9,7,10,31.6,39.8,3-3-6-6,美浦 大和田,458,-6,
202506030307,2025-04-05,中山,7,4歳以上1勝クラス,ダ,1800,右,晴,稍,"3回 中山 3日目 サラ系４歳以上 １勝クラス       [指] 定量 11頭 本賞金:800,320,200,120,80万円",11,800.0,8,7,9,エースアビリティ,牡,4,58.0,松岡,115.9,アタマ,8,25.1,39.9,8-7-3-4,美浦 堀内,496,2,
202506030307,2025-04-05,中山,7,4歳以上1勝クラス,ダ,1800,右,晴,稍,"3回 中山 3日目 サラ系４歳以上 １勝クラス       [指] 定量 11頭 本賞金:800,320,200,120,80万円",11,800.0,9,8,10,アクアマリンブルー,セ,7,58.0,草野,116.0,クビ,11,369.6,39.2,10-10-10-10,美浦 戸田,442,0,
202506030307,2025-04-05,中山,7,4歳以上1勝クラス,ダ,1800,右,晴,稍,"3回 中山 3日目 サラ系４歳以上 １勝クラス       [指] 定量 11頭 本賞金:800,320,200,120,80万円",11,800.0,10,2,2,マルコタージュ,牝,4,56.0,内田博,116.3,2,7,25.0,39.3,11-11-11-10,美浦 小島,460,4,
202506030307,2025-04-05,中山,7,4歳以上1勝クラス,ダ,1800,右,晴,稍,"3回 中山 3日目 サラ系４歳以上 １勝クラス       [指] 定量 11頭 本賞金:800,320,200,120,80万円",11,800.0,11,3,3,アルシミスト,牡,4,58.0,北村宏,116.7,2.1/2,3,7.4,40.9,2-2-2-4,美浦 木村,514,18,
202506030308,2025-04-05,中山,8,4歳以上2勝クラス,芝,1600,右,晴,良,"3回 中山 3日目 サラ系４歳以上 ２勝クラス       (混)(特指) 定量 13頭 本賞金:1140,460,290,170,114万円",13,1140.0,1,8,12,サムハンター,牡,7,58.0,横山典,93.1,,7,21.3,33.9,11-11-11,栗東 高橋康,492,-2,
202506030308,2025-04-05,中山,8,4歳以上2勝クラス,芝,1600,右,晴,良,"3回 中山 3日目 サラ系４歳以上 ２勝クラス       (混)(特指) 定量 13頭 本賞金:1140,460,290,170,114万円",13,1140.0,2,8,13,メタルスピード,牡,5,58.0,横山武,93.3,1,3,5.0,35.1,3-3-3,美浦 斎藤誠,514,2,
202506030308,2025-04-05,中山,8,4歳以上2勝クラス,芝,1600,右,晴,良,"3回 中山 3日目 サラ系４歳以上 ２勝クラス       (混)(特指) 定量 13頭 本賞金:1140,460,290,170,114万円",13,1140.0,3,7,11,ジルバーン,牡,6,58.0,丸山,93.5,1.1/2,11,76.6,34.7,6-9-9,栗東 緒方,436,-2,
202506030308,2025-04-05,中山,8,4歳以上2勝クラス,芝,1600,右,晴,良,"3回 中山 3日目 サラ系４歳以上 ２勝クラス       (混)(特指) 定量 13頭 本賞金:1140,460,290,170,114万円",13,1140.0,4,4,5,アイキャンドウイッ,牡,6,58.0,松山,93.5,ハナ,6,19.2,34.9,5-6-4,栗東 池江,462,-6,
202506030308,2025-04-05,中山,8,4歳以上2勝クラス,芝,1600,右,晴,良,"3回 中山 3日目 サラ系４歳以上 ２勝クラス       (混)(特指) 定量 13頭 本賞金:1140,460,290,170,114万円",13,1140.0,5,7,10,サトノヴィレ,セ,5,58.0,荻野極,93.6,1/2,8,38.2,34.9,8-6-6,美浦 鹿戸,504,4,
202506030308,2025-04-05,中山,8,4歳以上2勝クラス,芝,1600,右,晴,良,"3回 中山 3日目 サラ系４歳以上 ２勝クラス       (混)(特指) 定量 13頭 本賞金:1140,460,290,170,114万円",13,1140.0,6,6,8,コンテネレッツア,牝,4,56.0,モレイ,93.7,1/2,1,2.9,35.3,8-4-4,美浦 宮田,474,6,
202506030308,2025-04-05,中山,8,4歳以上2勝クラス,芝,1600,右,晴,良,"3回 中山 3日目 サラ系４歳以上 ２勝クラス       (混)(特指) 定量 13頭 本賞金:1140,460,290,170,114万円",13,1140.0,7,1,1,ステラバルセロナ,牝,5,56.0,吉田豊,93.9,1.1/4,9,41.1,35.3,6-6-6,美浦 菊川,428,2,
202506030308,2025-04-05,中山,8,4歳以上2勝クラス,芝,1600,右,晴,良,"3回 中山 3日目 サラ系４歳以上 ２勝クラス       (混)(特指) 定量 13頭 本賞金:1140,460,290,170,114万円",13,1140.0,8,6,9,ヒロノゴウカイ,牡,6,58.0,菅原隆,94.0,1,12,223.9,35.1,10-9-9,美浦 蛯名利,510,2,
202506030308,2025-04-05,中山,8,4歳以上2勝クラス,芝,1600,右,晴,良,"3回 中山 3日目 サラ系４歳以上 ２勝クラス       (混)(特指) 定量 13頭 本賞金:1140,460,290,170,114万円",13,1140.0,9,4,4,メイショウヨゾラ,牝,4,53.0,▲遠藤,94.0,ハナ,2,3.8,37.0,2-2-1,美浦 高柳瑞,468,-2,
202506030308,2025-04-05,中山,8,4歳以上2勝クラス,芝,1600,右,晴,良,"3回 中山 3日目 サラ系４歳以上 ２勝クラス       (混)(特指) 定量 13頭 本賞金:1140,460,290,170,114万円",13,1140.0,10,2,2,アニトラ,牝,5,52.0,★小林美,94.4,2.1/2,5,8.5,37.4,1-1-2,美浦 矢嶋,460,-2,
202506030308,2025-04-05,中山,8,4歳以上2勝クラス,芝,1600,右,晴,良,"3回 中山 3日目 サラ系４歳以上 ２勝クラス       (混)(特指) 定量 13頭 本賞金:1140,460,290,170,114万円",13,1140.0,11,5,7,ドンデンガエシ,牡,5,58.0,大野,94.7,1.3/4,10,50.0,35.4,13-12-12,美浦 尾関,488,-14,
202506030308,2025-04-05,中山,8,4歳以上2勝クラス,芝,1600,右,晴,良,"3回 中山 3日目 サラ系４歳以上 ２勝クラス       (混)(特指) 定量 13頭 本賞金:1140,460,290,170,114万円",13,1140.0,12,3,3,マンウォル,牝,4,56.0,菊沢,94.9,1.1/2,4,6.7,36.4,4-4-6,美浦 菊沢,436,6,
202506030308,2025-04-05,中山,8,4歳以上2勝クラス,芝,1600,右,晴,良,"3回 中山 3日目 サラ系４歳以上 ２勝クラス       (混)(特指) 定量 13頭 本賞金:1140,460,290,170,114万円",13,1140.0,13,5,6,シュブリーム,牡,9,58.0,杉原,95.3,2.1/2,13,255.8,35.4,11-13-13,美浦 大和田,476,-12,
202506030309,2025-04-05,中山,9,山吹賞,芝,2200,右,晴,良,"3回 中山 3日目 サラ系３歳 １勝クラス       (混)(特指) 馬齢 7頭 本賞金:1110,440,280,170,111万円",7,1110.0,1,6,6,ピックデムッシュ,牡,3,57.0,モレイ,132.2,,1,1.6,35.0,4-4-3-2,美浦 鹿戸,454,0,
202506030309,2025-04-05,中山,9,山吹賞,芝,2200,右,晴,良,"3回 中山 3日目 サラ系３歳 １勝クラス       (混)(特指) 馬齢 7頭 本賞金:1110,440,280,170,111万円",7,1110.0,2,5,5,ガンバルマン,牡,3,57.0,原,132.6,2.1/2,2,3.1,35.0,7-6-6-5,美浦 萱野,468,6,
202506030309,2025-04-05,中山,9,山吹賞,芝,2200,右,晴,良,"3回 中山 3日目 サラ系３歳 １勝クラス       (混)(特指) 馬齢 7頭 本賞金:1110,440,280,170,111万円",7,1110.0,3,4,4,フィーリウス,牡,3,57.0,木幡巧,132.7,クビ,3,8.9,35.8,5-5-2-1,美浦 手塚久,492,-4,
202506030309,2025-04-05,中山,9,山吹賞,芝,2200,右,晴,良,"3回 中山 3日目 サラ系３歳 １勝クラス       (混)(特指) 馬齢 7頭 本賞金:1110,440,280,170,111万円",7,1110.0,4,1,1,ダノンジャイアン,牡,3,57.0,横山武,132.7,ハナ,5,14.7,35.1,6-6-6-7,栗東 茶木,446,2,
202506030309,2025-04-05,中山,9,山吹賞,芝,2200,右,晴,良,"3回 中山 3日目 サラ系３歳 １勝クラス       (混)(特指) 馬齢 7頭 本賞金:1110,440,280,170,111万円",7,1110.0,5,2,2,ジュンライデン,牡,3,57.0,シュタ,133.2,3.1/2,4,14.0,36.0,2-2-3-5,栗東 友道,498,-2,
202506030309,2025-04-05,中山,9,山吹賞,芝,2200,右,晴,良,"3回 中山 3日目 サラ系３歳 １勝クラス       (混)(特指) 馬齢 7頭 本賞金:1110,440,280,170,111万円",7,1110.0,6,7,7,ヤコブセン,牡,3,57.0,斎藤,133.3,クビ,7,30.3,36.2,2-2-3-3,美浦 斎藤誠,506,-4,
202506030309,2025-04-05,中山,9,山吹賞,芝,2200,右,晴,良,"3回 中山 3日目 サラ系３歳 １勝クラス       (混)(特指) 馬齢 7頭 本賞金:1110,440,280,170,111万円",7,1110.0,7,3,3,ハイタイド,牡,3,57.0,石橋脩,134.8,9,6,28.7,37.9,1-1-1-3,美浦 牧,458,0,
202506030310,2025-04-05,中山,10,千葉日報杯,ダ,1800,右,晴,稍,"3回 中山 3日目 サラ系４歳以上 ２勝クラス       (混)(特指) 定量 16頭 本賞金:1550,620,390,230,155万円",16,1550.0,1,4,7,ルージュアベリア,牝,4,56.0,モレイ,112.2,,2,3.9,37.6,4-5-5-2,美浦 田中博,486,2,
202506030310,2025-04-05,中山,10,千葉日報杯,ダ,1800,右,晴,稍,"3回 中山 3日目 サラ系４歳以上 ２勝クラス       (混)(特指) 定量 16頭 本賞金:1550,620,390,230,155万円",16,1550.0,2,8,15,ライジンマル,牡,4,58.0,津村,112.2,アタマ,1,3.8,38.1,1-1-1-1,美浦 竹内,532,0,
202506030310,2025-04-05,中山,10,千葉日報杯,ダ,1800,右,晴,稍,"3回 中山 3日目 サラ系４歳以上 ２勝クラス       (混)(特指) 定量 16頭 本賞金:1550,620,390,230,155万円",16,1550.0,3,7,14,キングオブフジ,牡,4,58.0,中井,112.8,3.1/2,6,14.8,37.9,6-5-7-6,栗東 角田,506,8,
202506030310,2025-04-05,中山,10,千葉日報杯,ダ,1800,右,晴,稍,"3回 中山 3日目 サラ系４歳以上 ２勝クラス       (混)(特指) 定量 16頭 本賞金:1550,620,390,230,155万円",16,1550.0,4,4,8,ショウナンカブト,セ,5,58.0,大野,113.1,1.3/4,5,8.6,37.8,10-10-10-9,美浦 戸田,538,2,
202506030310,2025-04-05,中山,10,千葉日報杯,ダ,1800,右,晴,稍,"3回 中山 3日目 サラ系４歳以上 ２勝クラス       (混)(特指) 定量 16頭 本賞金:1550,620,390,230,155万円",16,1550.0,5,2,4,イモータルバード,牡,4,58.0,シュタ,113.1,クビ,4,7.8,38.6,4-3-3-4,美浦 栗田,480,6,
202506030310,2025-04-05,中山,10,千葉日報杯,ダ,1800,右,晴,稍,"3回 中山 3日目 サラ系４歳以上 ２勝クラス       (混)(特指) 定量 16頭 本賞金:1550,620,390,230,155万円",16,1550.0,6,3,5,アラレタバシル,牡,4,58.0,野中,113.3,1,3,4.7,37.9,14-14-14-13,美浦 根本,464,0,
202506030310,2025-04-05,中山,10,千葉日報杯,ダ,1800,右,晴,稍,"3回 中山 3日目 サラ系４歳以上 ２勝クラス       (混)(特指) 定量 16頭 本賞金:1550,620,390,230,155万円",16,1550.0,7,6,12,バニシングポイント,セ,7,58.0,杉原,113.4,3/4,9,27.2,38.4,9-9-8-8,美浦 古賀,496,-2,
202506030310,2025-04-05,中山,10,千葉日報杯,ダ,1800,右,晴,稍,"3回 中山 3日目 サラ系４歳以上 ２勝クラス       (混)(特指) 定量 16頭 本賞金:1550,620,390,230,155万円",16,1550.0,8,7,13,フリーマントル,牡,4,58.0,斎藤,113.7,1.3/4,7,16.4,38.5,11-11-10-9,美浦 斎藤誠,504,2,
202506030310,2025-04-05,中山,10,千葉日報杯,ダ,1800,右,晴,稍,"3回 中山 3日目 サラ系４歳以上 ２勝クラス       (混)(特指) 定量 16頭 本賞金:1550,620,390,230,155万円",16,1550.0,9,1,1,カイコウ,セ,4,58.0,木幡巧,113.7,ハナ,14,138.3,39.0,7-7-6-6,美浦 田島,460,-2,
202506030310,2025-04-05,中山,10,千葉日報杯,ダ,1800,右,晴,稍,"3回 中山 3日目 サラ系４歳以上 ２勝クラス       (混)(特指) 定量 16頭 本賞金:1550,620,390,230,155万円",16,1550.0,10,6,11,デフィニティーボ,牡,4,58.0,横山和,114.3,3.1/2,8,25.1,38.9,15-15-14-13,美浦 上原佑,490,4,
202506030310,2025-04-05,中山,10,千葉日報杯,ダ,1800,右,晴,稍,"3回 中山 3日目 サラ系４歳以上 ２勝クラス       (混)(特指) 定量 16頭 本賞金:1550,620,390,230,155万円",16,1550.0,11,2,3,モーニングヘイズ,牡,6,58.0,菊沢,114.6,1.3/4,12,66.5,40.4,2-2-2-2,美浦 岩戸,528,-8,
202506030310,2025-04-05,中山,10,千葉日報杯,ダ,1800,右,晴,稍,"3回 中山 3日目 サラ系４歳以上 ２勝クラス       (混)(特指) 定量 16頭 本賞金:1550,620,390,230,155万円",16,1550.0,12,8,16,サイモンルモンド,セ,8,58.0,長浜,114.6,クビ,15,283.4,39.2,13-13-14-16,美浦 根本,462,8,
202506030310,2025-04-05,中山,10,千葉日報杯,ダ,1800,右,晴,稍,"3回 中山 3日目 サラ系４歳以上 ２勝クラス       (混)(特指) 定量 16頭 本賞金:1550,620,390,230,155万円",16,1550.0,13,5,9,ベネロングポイント,セ,6,58.0,原,114.7,3/4,11,59.0,40.3,3-3-3-4,美浦 和田郎,492,-4,
202506030310,2025-04-05,中山,10,千葉日報杯,ダ,1800,右,晴,稍,"3回 中山 3日目 サラ系４歳以上 ２勝クラス       (混)(特指) 定量 16頭 本賞金:1550,620,390,230,155万円",16,1550.0,14,1,2,ロイヤルダンス,牡,7,58.0,荻野極,115.6,5,13,95.2,40.6,7-7-8-9,美浦 清水英,506,-2,
202506030310,2025-04-05,中山,10,千葉日報杯,ダ,1800,右,晴,稍,"3回 中山 3日目 サラ系４歳以上 ２勝クラス       (混)(特指) 定量 16頭 本賞金:1550,620,390,230,155万円",16,1550.0,15,5,10,ベラジオボッキーニ,セ,6,58.0,柴田大,116.8,7,16,350.8,41.6,12-11-10-13,美浦 粕谷,504,-10,
202506030310,2025-04-05,中山,10,千葉日報杯,ダ,1800,右,晴,稍,"3回 中山 3日目 サラ系４歳以上 ２勝クラス       (混)(特指) 定量 16頭 本賞金:1550,620,390,230,155万円",16,1550.0,16,3,6,シンヨモギネス,牡,7,58.0,丹内,118.1,8,10,44.4,42.9,16-16-10-12,美浦 伊藤圭,490,8,
202506030311,2025-04-05,中山,11,ダービー卿CT,芝,1600,右,晴,良,"3回 中山 3日目 サラ系４歳以上 オープン       (国際)(特指) ハンデ 14頭 本賞金:4100,1600,1000,620,410万円",14,4100.0,1,2,2,トロヴァトーレ,牡,4,57.5,モレイ,92.4,,1,1.7,34.0,9-6-8,美浦 鹿戸,508,10,
202506030311,2025-04-05,中山,11,ダービー卿CT,芝,1600,右,晴,良,"3回 中山 3日目 サラ系４歳以上 オープン       (国際)(特指) ハンデ 14頭 本賞金:4100,1600,1000,620,410万円",14,4100.0,2,5,7,コントラポスト,牡,5,55.0,田辺,92.5,クビ,3,10.6,34.1,4-6-6,美浦 菊沢,472,-2,
202506030311,2025-04-05,中山,11,ダービー卿CT,芝,1600,右,晴,良,"3回 中山 3日目 サラ系４歳以上 オープン       (国際)(特指) ハンデ 14頭 本賞金:4100,1600,1000,620,410万円",14,4100.0,3,5,8,キープカルム,牡,4,56.0,シュタ,92.6,3/4,6,14.2,33.9,9-9-11,栗東 中竹,490,-4,
202506030311,2025-04-05,中山,11,ダービー卿CT,芝,1600,右,晴,良,"3回 中山 3日目 サラ系４歳以上 オープン       (国際)(特指) ハンデ 14頭 本賞金:4100,1600,1000,620,410万円",14,4100.0,4,6,9,マテンロウオリオン,牡,6,56.0,横山典,92.6,ハナ,8,25.2,33.7,13-13-11,栗東 昆,472,-14,
202506030311,2025-04-05,中山,11,ダービー卿CT,芝,1600,右,晴,良,"3回 中山 3日目 サラ系４歳以上 オープン       (国際)(特指) ハンデ 14頭 本賞金:4100,1600,1000,620,410万円",14,4100.0,5,8,13,ゾンニッヒ,牡,7,57.5,荻野極,92.6,クビ,11,48.3,34.0,4-9-8,栗東 池江,476,-2,
202506030311,2025-04-05,中山,11,ダービー卿CT,芝,1600,右,晴,良,"3回 中山 3日目 サラ系４歳以上 オープン       (国際)(特指) ハンデ 14頭 本賞金:4100,1600,1000,620,410万円",14,4100.0,6,7,12,シャンパンカラー,牡,5,58.5,内田博,92.7,クビ,7,20.1,33.9,9-12-13,美浦 田中剛,512,-2,
202506030311,2025-04-05,中山,11,ダービー卿CT,芝,1600,右,晴,良,"3回 中山 3日目 サラ系４歳以上 オープン       (国際)(特指) ハンデ 14頭 本賞金:4100,1600,1000,620,410万円",14,4100.0,7,6,10,タシット,牡,6,56.0,横山和,92.7,クビ,4,12.6,34.6,2-3-3,美浦 中川,470,-4,
202506030311,2025-04-05,中山,11,ダービー卿CT,芝,1600,右,晴,良,"3回 中山 3日目 サラ系４歳以上 オープン       (国際)(特指) ハンデ 14頭 本賞金:4100,1600,1000,620,410万円",14,4100.0,8,7,11,ゴートゥファースト,牡,5,55.0,石川,92.8,3/4,12,54.6,34.1,9-9-8,栗東 新谷,482,6,
202506030311,2025-04-05,中山,11,ダービー卿CT,芝,1600,右,晴,良,"3回 中山 3日目 サラ系４歳以上 オープン       (国際)(特指) ハンデ 14頭 本賞金:4100,1600,1000,620,410万円",14,4100.0,9,8,14,ロジリオン,牡,4,58.5,松山,92.8,ハナ,2,6.4,34.4,4-6-6,美浦 古賀,498,0,
202506030311,2025-04-05,中山,11,ダービー卿CT,芝,1600,右,晴,良,"3回 中山 3日目 サラ系４歳以上 オープン       (国際)(特指) ハンデ 14頭 本賞金:4100,1600,1000,620,410万円",14,4100.0,10,4,6,シュバルツカイザー,セ,7,57.0,大野,93.1,1.1/2,13,140.7,34.9,4-5-4,美浦 大竹,502,-4,
202506030311,2025-04-05,中山,11,ダービー卿CT,芝,1600,右,晴,良,"3回 中山 3日目 サラ系４歳以上 オープン       (国際)(特指) ハンデ 14頭 本賞金:4100,1600,1000,620,410万円",14,4100.0,11,1,1,アサカラキング,牡,5,58.0,斎藤,93.1,ハナ,5,12.7,35.2,1-1-1,美浦 斎藤誠,532,6,
202506030311,2025-04-05,中山,11,ダービー卿CT,芝,1600,右,晴,良,"3回 中山 3日目 サラ系４歳以上 オープン       (国際)(特指) ハンデ 14頭 本賞金:4100,1600,1000,620,410万円",14,4100.0,12,3,4,ノーブルロジャー,牡,4,57.5,津村,93.2,クビ,9,28.8,35.1,4-3-4,栗東 吉岡,496,-2,
202506030311,2025-04-05,中山,11,ダービー卿CT,芝,1600,右,晴,良,"3回 中山 3日目 サラ系４歳以上 オープン       (国際)(特指) ハンデ 14頭 本賞金:4100,1600,1000,620,410万円",14,4100.0,13,4,5,メイショウチタン,牡,8,57.0,吉田豊,93.5,1.3/4,10,36.1,35.5,2-2-2,栗東 本田,474,-2,
202506030311,2025-04-05,中山,11,ダービー卿CT,芝,1600,右,晴,良,"3回 中山 3日目 サラ系４歳以上 オープン       (国際)(特指) ハンデ 14頭 本賞金:4100,1600,1000,620,410万円",14,4100.0,,3,3,エコロブルーム,牡,4,57.5,横山武,,,,,,,美浦 加藤征,472,0,除外
202506030312,2025-04-05,中山,12,4歳以上1勝クラス,ダ,1200,右,晴,稍,"3回 中山 3日目 サラ系４歳以上 １勝クラス       (混)[指] 定量 16頭 本賞金:800,320,200,120,80万円",16,800.0,1,8,16,ロサンゼルス,牡,4,58.0,モレイ,70.5,,1,2.0,36.3,2-2,美浦 伊藤圭,514,0,
202506030312,2025-04-05,中山,12,4歳以上1勝クラス,ダ,1200,右,晴,稍,"3回 中山 3日目 サラ系４歳以上 １勝クラス       (混)[指] 定量 16頭 本賞金:800,320,200,120,80万円",16,800.0,2,5,9,ライトニングゼウス,牡,4,58.0,菊沢,71.0,3,3,5.8,36.9,1-1,美浦 勢司,520,4,
202506030312,2025-04-05,中山,12,4歳以上1勝クラス,ダ,1200,右,晴,稍,"3回 中山 3日目 サラ系４歳以上 １勝クラス       (混)[指] 定量 16頭 本賞金:800,320,200,120,80万円",16,800.0,3,1,2,レジーナローズ,牝,5,53.0,▲長浜,71.2,3/4,6,24.0,36.6,6-5,美浦 鈴木慎,454,-4,
202506030312,2025-04-05,中山,12,4歳以上1勝クラス,ダ,1200,右,晴,稍,"3回 中山 3日目 サラ系４歳以上 １勝クラス       (混)[指] 定量 16頭 本賞金:800,320,200,120,80万円",16,800.0,4,2,4,イリュージョン,牝,5,56.0,横山和,71.3,1/2,10,53.3,36.8,4-4,美浦 西田,472,0,
202506030312,2025-04-05,中山,12,4歳以上1勝クラス,ダ,1200,右,晴,稍,"3回 中山 3日目 サラ系４歳以上 １勝クラス       (混)[指] 定量 16頭 本賞金:800,320,200,120,80万円",16,800.0,5,7,13,ポークテソーロ,牡,4,58.0,横山武,71.3,ハナ,2,3.5,37.1,2-2,美浦 千葉,486,-22,
202506030312,2025-04-05,中山,12,4歳以上1勝クラス,ダ,1200,右,晴,稍,"3回 中山 3日目 サラ系４歳以上 １勝クラス       (混)[指] 定量 16頭 本賞金:800,320,200,120,80万円",16,800.0,6,5,10,アルニラム,牡,4,58.0,丹内,71.8,3,4,12.6,36.9,9-6,美浦 伊藤大,468,-8,
202506030312,2025-04-05,中山,12,4歳以上1勝クラス,ダ,1200,右,晴,稍,"3回 中山 3日目 サラ系４歳以上 １勝クラス       (混)[指] 定量 16頭 本賞金:800,320,200,120,80万円",16,800.0,7,2,3,オンマガトオル,牝,6,56.0,丸山,72.0,1.1/4,5,20.2,36.3,13-11,美浦 土田,530,-8,
202506030312,2025-04-05,中山,12,4歳以上1勝クラス,ダ,1200,右,晴,稍,"3回 中山 3日目 サラ系４歳以上 １勝クラス       (混)[指] 定量 16頭 本賞金:800,320,200,120,80万円",16,800.0,8,3,6,スイッチオン,牡,5,58.0,大野,72.1,クビ,12,102.0,36.0,15-15,美浦 小手川,486,2,
202506030312,2025-04-05,中山,12,4歳以上1勝クラス,ダ,1200,右,晴,稍,"3回 中山 3日目 サラ系４歳以上 １勝クラス       (混)[指] 定量 16頭 本賞金:800,320,200,120,80万円",16,800.0,9,6,11,ルプランドル,牝,6,56.0,原,72.1,クビ,9,40.0,37.1,9-9,美浦 萱野,480,-4,
202506030312,2025-04-05,中山,12,4歳以上1勝クラス,ダ,1200,右,晴,稍,"3回 中山 3日目 サラ系４歳以上 １勝クラス       (混)[指] 定量 16頭 本賞金:800,320,200,120,80万円",16,800.0,10,6,12,セッカチドラゴン,牡,4,58.0,斎藤,72.3,3/4,7,28.1,37.6,7-8,美浦 本間,466,0,
202506030312,2025-04-05,中山,12,4歳以上1勝クラス,ダ,1200,右,晴,稍,"3回 中山 3日目 サラ系４歳以上 １勝クラス       (混)[指] 定量 16頭 本賞金:800,320,200,120,80万円",16,800.0,11,3,5,キングプロフィット,牡,4,55.0,▲石田,72.5,1.1/2,13,135.7,36.5,15-15,美浦 新開,478,4,
202506030312,2025-04-05,中山,12,4歳以上1勝クラス,ダ,1200,右,晴,稍,"3回 中山 3日目 サラ系４歳以上 １勝クラス       (混)[指] 定量 16頭 本賞金:800,320,200,120,80万円",16,800.0,12,8,15,ラセーヌシュメール,牝,4,56.0,木幡巧,72.5,ハナ,14,263.0,37.7,7-9,美浦 杉浦,452,-2,
202506030312,2025-04-05,中山,12,4歳以上1勝クラス,ダ,1200,右,晴,稍,"3回 中山 3日目 サラ系４歳以上 １勝クラス       (混)[指] 定量 16頭 本賞金:800,320,200,120,80万円",16,800.0,13,1,1,キイロノトマト,牝,5,53.0,▲水沼,72.6,1/2,16,378.9,37.2,11-11,美浦 石栗,468,0,
202506030312,2025-04-05,中山,12,4歳以上1勝クラス,ダ,1200,右,晴,稍,"3回 中山 3日目 サラ系４歳以上 １勝クラス       (混)[指] 定量 16頭 本賞金:800,320,200,120,80万円",16,800.0,14,7,14,ニシノジーク,牡,4,58.0,松岡,72.7,クビ,8,39.4,38.3,4-6,美浦 奥平,520,2,
202506030312,2025-04-05,中山,12,4歳以上1勝クラス,ダ,1200,右,晴,稍,"3回 中山 3日目 サラ系４歳以上 １勝クラス       (混)[指] 定量 16頭 本賞金:800,320,200,120,80万円",16,800.0,15,4,7,エコロブレード,牡,4,58.0,松山,72.7,クビ,11,81.2,37.1,13-14,美浦 加藤征,448,-4,
202506030312,2025-04-05,中山,12,4歳以上1勝クラス,ダ,1200,右,晴,稍,"3回 中山 3日目 サラ系４歳以上 １勝クラス       (混)[指] 定量 16頭 本賞金:800,320,200,120,80万円",16,800.0,16,4,8,ケイトポムドゥパン,牝,5,56.0,宮崎,73.6,5,15,269.6,38.2,11-11,美浦 中川,484,-14,
202509020301,2025-04-05,阪神,1,3歳未勝利,ダ,1800,右,晴,良,"2回 阪神 3日目 サラ系３歳 未勝利       牝[指] 馬齢 16頭 本賞金:560,220,140,84,56万円",16,560.0,1,3,5,エターナルプロミス,牝,3,53.0,△吉村,115.5,,3,9.9,37.2,10-10-11-9,栗東 茶木,466,8,
202509020301,2025-04-05,阪神,1,3歳未勝利,ダ,1800,右,晴,良,"2回 阪神 3日目 サラ系３歳 未勝利       牝[指] 馬齢 16頭 本賞金:560,220,140,84,56万円",16,560.0,2,7,13,ガールズデイアウト,牝,3,55.0,岩田望,115.6,クビ,1,1.3,38.2,3-3-3-2,栗東 吉村,476,2,
202509020301,2025-04-05,阪神,1,3歳未勝利,ダ,1800,右,晴,良,"2回 阪神 3日目 サラ系３歳 未勝利       牝[指] 馬齢 16頭 本賞金:560,220,140,84,56万円",16,560.0,3,2,4,タマモマサユメ,牝,3,55.0,田口,115.7,3/4,6,31.1,38.6,1-1-1-1,栗東 大橋,466,-6,
202509020301,2025-04-05,阪神,1,3歳未勝利,ダ,1800,右,晴,良,"2回 阪神 3日目 サラ系３歳 未勝利       牝[指] 馬齢 16頭 本賞金:560,220,140,84,56万円",16,560.0,4,6,12,スルーザナイト,牝,3,55.0,北村友,116.0,1.3/4,2,6.1,38.5,3-4-5-3,栗東 西園翔,482,4,
202509020301,2025-04-05,阪神,1,3歳未勝利,ダ,1800,右,晴,良,"2回 阪神 3日目 サラ系３歳 未勝利       牝[指] 馬齢 16頭 本賞金:560,220,140,84,56万円",16,560.0,5,8,16,スフレ,牝,3,52.0,▲鷲頭,116.4,2,5,18.3,38.5,9-9-9-7,栗東 野中,436,-2,
202509020301,2025-04-05,阪神,1,3歳未勝利,ダ,1800,右,晴,良,"2回 阪神 3日目 サラ系３歳 未勝利       牝[指] 馬齢 16頭 本賞金:560,220,140,84,56万円",16,560.0,6,3,6,ドマーネ,牝,3,55.0,幸,116.9,3,10,82.1,38.7,12-12-11-11,栗東 辻野,428,0,
202509020301,2025-04-05,阪神,1,3歳未勝利,ダ,1800,右,晴,良,"2回 阪神 3日目 サラ系３歳 未勝利       牝[指] 馬齢 16頭 本賞金:560,220,140,84,56万円",16,560.0,7,8,15,クインズマカロン,牝,3,55.0,藤懸,116.9,ハナ,12,189.1,38.4,14-15-14-14,栗東 小林,396,-6,
202509020301,2025-04-05,阪神,1,3歳未勝利,ダ,1800,右,晴,良,"2回 阪神 3日目 サラ系３歳 未勝利       牝[指] 馬齢 16頭 本賞金:560,220,140,84,56万円",16,560.0,8,4,8,グラブビクトリー,牝,3,55.0,佐々木,117.1,1,9,77.3,39.9,2-2-2-3,栗東 高橋忠,482,6,
202509020301,2025-04-05,阪神,1,3歳未勝利,ダ,1800,右,晴,良,"2回 阪神 3日目 サラ系３歳 未勝利       牝[指] 馬齢 16頭 本賞金:560,220,140,84,56万円",16,560.0,9,5,10,ベルピルエット,牝,3,55.0,角田和,117.2,1/2,7,35.2,38.7,14-14-14-15,栗東 四位,482,0,
202509020301,2025-04-05,阪神,1,3歳未勝利,ダ,1800,右,晴,良,"2回 阪神 3日目 サラ系３歳 未勝利       牝[指] 馬齢 16頭 本賞金:560,220,140,84,56万円",16,560.0,10,1,1,パールフロント,牝,3,55.0,川又,117.2,ハナ,4,15.4,39.8,6-7-3-3,栗東 寺島,534,4,
202509020301,2025-04-05,阪神,1,3歳未勝利,ダ,1800,右,晴,良,"2回 阪神 3日目 サラ系３歳 未勝利       牝[指] 馬齢 16頭 本賞金:560,220,140,84,56万円",16,560.0,11,1,2,ココレカ,牝,3,55.0,松若,117.5,1.3/4,8,54.1,39.6,10-10-7-9,栗東 小椋,464,-8,
202509020301,2025-04-05,阪神,1,3歳未勝利,ダ,1800,右,晴,良,"2回 阪神 3日目 サラ系３歳 未勝利       牝[指] 馬齢 16頭 本賞金:560,220,140,84,56万円",16,560.0,12,6,11,チョウリニア,牝,3,52.0,▲古川奈,117.7,1,13,190.4,39.5,12-12-11-11,栗東 羽月,434,0,
202509020301,2025-04-05,阪神,1,3歳未勝利,ダ,1800,右,晴,良,"2回 阪神 3日目 サラ系３歳 未勝利       牝[指] 馬齢 16頭 本賞金:560,220,140,84,56万円",16,560.0,13,4,7,ハクサンサクヤヒメ,牝,3,52.0,▲橋木,117.7,クビ,11,169.2,39.9,6-7-7-6,栗東 高橋康,430,0,
202509020301,2025-04-05,阪神,1,3歳未勝利,ダ,1800,右,晴,良,"2回 阪神 3日目 サラ系３歳 未勝利       牝[指] 馬齢 16頭 本賞金:560,220,140,84,56万円",16,560.0,14,2,3,ハヤブサナンデヒメ,牝,3,52.0,▲今村,118.7,6,15,246.4,39.7,16-16-16-16,栗東 小栗,450,-2,
202509020301,2025-04-05,阪神,1,3歳未勝利,ダ,1800,右,晴,良,"2回 阪神 3日目 サラ系３歳 未勝利       牝[指] 馬齢 16頭 本賞金:560,220,140,84,56万円",16,560.0,15,5,9,ロワン,牝,3,55.0,亀田,118.8,1/2,16,248.7,41.1,3-4-5-7,栗東 高柳大,418,2,
202509020301,2025-04-05,阪神,1,3歳未勝利,ダ,1800,右,晴,良,"2回 阪神 3日目 サラ系３歳 未勝利       牝[指] 馬齢 16頭 本賞金:560,220,140,84,56万円",16,560.0,16,7,14,エスタトゥイル,牝,3,54.0,☆高杉,119.9,7,14,239.4,41.9,6-6-9-11,栗東 石坂,474,-10,
202509020302,2025-04-05,阪神,2,3歳未勝利,ダ,1200,右,晴,良,"2回 阪神 3日目 サラ系３歳 未勝利       (混)[指] 馬齢 16頭 本賞金:560,220,140,84,56万円",16,560.0,1,6,11,グランカメリア,牡,3,57.0,池添,73.1,,1,1.5,38.3,2-2,栗東 吉田,484,0,
202509020302,2025-04-05,阪神,2,3歳未勝利,ダ,1200,右,晴,良,"2回 阪神 3日目 サラ系３歳 未勝利       (混)[指] 馬齢 16頭 本賞金:560,220,140,84,56万円",16,560.0,2,7,14,ボヌールキャッツ,牝,3,55.0,岩田望,73.1,アタマ,4,17.1,37.3,6-5,栗東 浜田,446,0,
202509020302,2025-04-05,阪神,2,3歳未勝利,ダ,1200,右,晴,良,"2回 阪神 3日目 サラ系３歳 未勝利       (混)[指] 馬齢 16頭 本賞金:560,220,140,84,56万円",16,560.0,3,8,15,ララアヴリル,セ,3,54.0,▲森田,74.1,6,9,35.6,39.2,3-3,栗東 斉藤崇,470,-14,
202509020302,2025-04-05,阪神,2,3歳未勝利,ダ,1200,右,晴,良,"2回 阪神 3日目 サラ系３歳 未勝利       (混)[指] 馬齢 16頭 本賞金:560,220,140,84,56万円",16,560.0,4,3,5,ダブルシルバー,牡,3,57.0,Ｍデム,74.5,2,8,29.3,38.2,9-8,栗東 小椋,458,-2,
202509020302,2025-04-05,阪神,2,3歳未勝利,ダ,1200,右,晴,良,"2回 阪神 3日目 サラ系３歳 未勝利       (混)[指] 馬齢 16頭 本賞金:560,220,140,84,56万円",16,560.0,5,2,4,ブライトイメル,牡,3,56.0,☆松本,74.6,1,13,113.6,37.4,15-14,栗東 本田,436,2,
202509020302,2025-04-05,阪神,2,3歳未勝利,ダ,1200,右,晴,良,"2回 阪神 3日目 サラ系３歳 未勝利       (混)[指] 馬齢 16頭 本賞金:560,220,140,84,56万円",16,560.0,6,1,2,ミッキーショット,牡,3,56.0,☆高杉,74.6,アタマ,12,104.3,37.7,12-11,栗東 矢作,474,8,
202509020302,2025-04-05,阪神,2,3歳未勝利,ダ,1200,右,晴,良,"2回 阪神 3日目 サラ系３歳 未勝利       (混)[指] 馬齢 16頭 本賞金:560,220,140,84,56万円",16,560.0,7,3,6,ゴッドトレジャー,牡,3,57.0,浜中,74.8,1,5,20.6,39.0,6-7,栗東 飯田,500,-6,
202509020302,2025-04-05,阪神,2,3歳未勝利,ダ,1200,右,晴,良,"2回 阪神 3日目 サラ系３歳 未勝利       (混)[指] 馬齢 16頭 本賞金:560,220,140,84,56万円",16,560.0,8,4,8,ニネンエフグミ,牝,3,55.0,長岡,74.8,クビ,3,7.3,39.5,4-4,栗東 茶木,480,16,
202509020302,2025-04-05,阪神,2,3歳未勝利,ダ,1200,右,晴,良,"2回 阪神 3日目 サラ系３歳 未勝利       (混)[指] 馬齢 16頭 本賞金:560,220,140,84,56万円",16,560.0,9,8,16,インディゴアスール,牡,3,57.0,和田竜,74.9,クビ,2,5.4,40.2,1-1,栗東 鈴木孝,522,2,
202509020302,2025-04-05,阪神,2,3歳未勝利,ダ,1200,右,晴,良,"2回 阪神 3日目 サラ系３歳 未勝利       (混)[指] 馬齢 16頭 本賞金:560,220,140,84,56万円",16,560.0,10,1,1,ワンダーヴァッフェ,セ,3,57.0,酒井,75.0,3/4,11,73.4,37.1,16-16,栗東 小崎,412,0,
202509020302,2025-04-05,阪神,2,3歳未勝利,ダ,1200,右,晴,良,"2回 阪神 3日目 サラ系３歳 未勝利       (混)[指] 馬齢 16頭 本賞金:560,220,140,84,56万円",16,560.0,11,7,13,タケノリッチ,牝,3,52.0,▲鷲頭,75.1,1/2,7,28.6,39.5,4-5,栗東 井上,456,4,
202509020302,2025-04-05,阪神,2,3歳未勝利,ダ,1200,右,晴,良,"2回 阪神 3日目 サラ系３歳 未勝利       (混)[指] 馬齢 16頭 本賞金:560,220,140,84,56万円",16,560.0,12,5,10,キャットサンライズ,牝,3,55.0,加藤,75.2,クビ,15,254.7,38.4,12-11,栗東 庄野,444,-8,
202509020302,2025-04-05,阪神,2,3歳未勝利,ダ,1200,右,晴,良,"2回 阪神 3日目 サラ系３歳 未勝利       (混)[指] 馬齢 16頭 本賞金:560,220,140,84,56万円",16,560.0,13,4,7,エイシンアビス,牝,3,52.0,▲川端,75.3,1/2,6,27.3,38.7,9-10,栗東 野中,448,-6,
202509020302,2025-04-05,阪神,2,3歳未勝利,ダ,1200,右,晴,良,"2回 阪神 3日目 サラ系３歳 未勝利       (混)[指] 馬齢 16頭 本賞金:560,220,140,84,56万円",16,560.0,14,2,3,カリスパール,牝,3,55.0,幸,75.4,1/2,16,274.8,39.5,6-8,栗東 河嶋,490,6,
202509020302,2025-04-05,阪神,2,3歳未勝利,ダ,1200,右,晴,良,"2回 阪神 3日目 サラ系３歳 未勝利       (混)[指] 馬齢 16頭 本賞金:560,220,140,84,56万円",16,560.0,15,6,12,タガノビジネス,牡,3,54.0,▲橋木,75.4,クビ,10,48.4,38.5,11-13,栗東 西園正,514,-4,
202509020302,2025-04-05,阪神,2,3歳未勝利,ダ,1200,右,晴,良,"2回 阪神 3日目 サラ系３歳 未勝利       (混)[指] 馬齢 16頭 本賞金:560,220,140,84,56万円",16,560.0,16,5,9,メロディーロード,牝,3,55.0,小崎,76.1,4,14,246.6,38.6,14-15,栗東 寺島,478,6,
202509020303,2025-04-05,阪神,3,3歳未勝利,ダ,1800,右,晴,良,"2回 阪神 3日目 サラ系３歳 未勝利       [指] 馬齢 16頭 本賞金:560,220,140,84,56万円",16,560.0,1,1,2,スマートクラビ,牡,3,57.0,団野,115.5,,2,5.4,39.0,3-3-4-5,栗東 中村,492,6,
202509020303,2025-04-05,阪神,3,3歳未勝利,ダ,1800,右,晴,良,"2回 阪神 3日目 サラ系３歳 未勝利       [指] 馬齢 16頭 本賞金:560,220,140,84,56万円",16,560.0,2,5,10,シュネーグロッケン,牡,3,55.0,△吉村,115.5,ハナ,3,6.3,39.2,1-1-1-1,栗東 清水久,480,-2,
202509020303,2025-04-05,阪神,3,3歳未勝利,ダ,1800,右,晴,良,"2回 阪神 3日目 サラ系３歳 未勝利       [指] 馬齢 16頭 本賞金:560,220,140,84,56万円",16,560.0,3,6,11,サンライズバレット,牡,3,57.0,鮫島駿,115.5,アタマ,11,71.4,38.9,13-13-4-2,栗東 茶木,510,0,
202509020303,2025-04-05,阪神,3,3歳未勝利,ダ,1800,右,晴,良,"2回 阪神 3日目 サラ系３歳 未勝利       [指] 馬齢 16頭 本賞金:560,220,140,84,56万円",16,560.0,4,7,13,エイシンアニーモ,牡,3,57.0,松若,115.7,1.1/4,4,7.2,39.4,2-2-2-2,栗東 高橋康,484,0,
202509020303,2025-04-05,阪神,3,3歳未勝利,ダ,1800,右,晴,良,"2回 阪神 3日目 サラ系３歳 未勝利       [指] 馬齢 16頭 本賞金:560,220,140,84,56万円",16,560.0,5,3,5,アスクガンバーレ,牡,3,57.0,岩田康,116.1,2.1/2,7,14.3,38.1,11-11-14-14,栗東 福永,442,-10,
202509020303,2025-04-05,阪神,3,3歳未勝利,ダ,1800,右,晴,良,"2回 阪神 3日目 サラ系３歳 未勝利       [指] 馬齢 16頭 本賞金:560,220,140,84,56万円",16,560.0,6,1,1,ジェントルバローズ,牡,3,57.0,西村淳,116.5,2.1/2,1,2.7,39.9,5-3-4-5,栗東 佐藤悠,502,0,
202509020303,2025-04-05,阪神,3,3歳未勝利,ダ,1800,右,晴,良,"2回 阪神 3日目 サラ系３歳 未勝利       [指] 馬齢 16頭 本賞金:560,220,140,84,56万円",16,560.0,7,3,6,ベルエアフォース,牡,3,57.0,幸,116.5,ハナ,5,7.7,39.0,10-11-11-10,栗東 野中,516,-2,
202509020303,2025-04-05,阪神,3,3歳未勝利,ダ,1800,右,晴,良,"2回 阪神 3日目 サラ系３歳 未勝利       [指] 馬齢 16頭 本賞金:560,220,140,84,56万円",16,560.0,8,6,12,メイショウバンデ,牡,3,57.0,藤懸,116.8,1.3/4,9,39.8,39.0,7-9-13-12,栗東 高橋忠,462,6,
202509020303,2025-04-05,阪神,3,3歳未勝利,ダ,1800,右,晴,良,"2回 阪神 3日目 サラ系３歳 未勝利       [指] 馬齢 16頭 本賞金:560,220,140,84,56万円",16,560.0,9,8,16,シティオブロンドン,牡,3,57.0,川又,116.8,クビ,6,12.7,40.4,3-3-2-2,栗東 吉村,520,0,
202509020303,2025-04-05,阪神,3,3歳未勝利,ダ,1800,右,晴,良,"2回 阪神 3日目 サラ系３歳 未勝利       [指] 馬齢 16頭 本賞金:560,220,140,84,56万円",16,560.0,10,2,4,イダイ,牡,3,56.0,☆高杉,117.0,3/4,14,122.1,39.7,7-7-9-9,栗東 庄野,456,0,
202509020303,2025-04-05,阪神,3,3歳未勝利,ダ,1800,右,晴,良,"2回 阪神 3日目 サラ系３歳 未勝利       [指] 馬齢 16頭 本賞金:560,220,140,84,56万円",16,560.0,11,4,8,ダイハッシュウ,牡,3,57.0,田口,117.3,2,12,88.1,40.0,5-6-8-7,栗東 牧田,438,-8,
202509020303,2025-04-05,阪神,3,3歳未勝利,ダ,1800,右,晴,良,"2回 阪神 3日目 サラ系３歳 未勝利       [指] 馬齢 16頭 本賞金:560,220,140,84,56万円",16,560.0,12,7,14,ロワゾブルーチヌ,牡,3,54.0,▲川端,117.4,1/2,16,297.1,40.5,11-9-7-7,栗東 中尾,496,2,
202509020303,2025-04-05,阪神,3,3歳未勝利,ダ,1800,右,晴,良,"2回 阪神 3日目 サラ系３歳 未勝利       [指] 馬齢 16頭 本賞金:560,220,140,84,56万円",16,560.0,13,5,9,クラヴィウス,牡,3,57.0,長岡,117.5,1/2,8,28.6,40.0,13-14-11-10,栗東 緒方,490,-6,
202509020303,2025-04-05,阪神,3,3歳未勝利,ダ,1800,右,晴,良,"2回 阪神 3日目 サラ系３歳 未勝利       [指] 馬齢 16頭 本賞金:560,220,140,84,56万円",16,560.0,14,2,3,タガノポストマン,牡,3,57.0,和田竜,117.5,アタマ,10,53.8,40.0,7-7-9-12,栗東 鈴木孝,480,-8,
202509020303,2025-04-05,阪神,3,3歳未勝利,ダ,1800,右,晴,良,"2回 阪神 3日目 サラ系３歳 未勝利       [指] 馬齢 16頭 本賞金:560,220,140,84,56万円",16,560.0,15,4,7,ハクアイマウンテン,牡,3,57.0,荻野琢,118.5,6,15,255.9,40.0,16-16-16-15,栗東 今野,478,0,
202509020303,2025-04-05,阪神,3,3歳未勝利,ダ,1800,右,晴,良,"2回 阪神 3日目 サラ系３歳 未勝利       [指] 馬齢 16頭 本賞金:560,220,140,84,56万円",16,560.0,16,8,15,マテンロウビジョン,牡,3,57.0,太宰,118.8,1.1/2,13,103.1,40.2,15-15-15-16,栗東 武英,510,0,
202509020304,2025-04-05,阪神,4,3歳未勝利,芝,1400,右,晴,良,"2回 阪神 3日目 サラ系３歳 未勝利       (混)[指] 馬齢 18頭 本賞金:560,220,140,84,56万円",18,560.0,1,2,3,アジュマン,牡,3,57.0,佐々木,82.1,,5,8.2,35.2,1-1,栗東 石坂,476,-2,
202509020304,2025-04-05,阪神,4,3歳未勝利,芝,1400,右,晴,良,"2回 阪神 3日目 サラ系３歳 未勝利       (混)[指] 馬齢 18頭 本賞金:560,220,140,84,56万円",18,560.0,2,7,14,フリアフロリダ,牝,3,53.0,北村友,82.4,2,3,5.6,35.3,4-4,栗東 小栗,450,0,
202509020304,2025-04-05,阪神,4,3歳未勝利,芝,1400,右,晴,良,"2回 阪神 3日目 サラ系３歳 未勝利       (混)[指] 馬齢 18頭 本賞金:560,220,140,84,56万円",18,560.0,3,4,8,ルクスコロン,牝,3,55.0,岩田康,82.4,クビ,1,3.9,35.5,2-2,栗東 上村,424,4,
202509020304,2025-04-05,阪神,4,3歳未勝利,芝,1400,右,晴,良,"2回 阪神 3日目 サラ系３歳 未勝利       (混)[指] 馬齢 18頭 本賞金:560,220,140,84,56万円",18,560.0,4,7,13,ウフルピーク,牝,3,54.0,☆高杉,82.5,クビ,2,4.4,35.1,7-8,栗東 藤岡,410,6,
202509020304,2025-04-05,阪神,4,3歳未勝利,芝,1400,右,晴,良,"2回 阪神 3日目 サラ系３歳 未勝利       (混)[指] 馬齢 18頭 本賞金:560,220,140,84,56万円",18,560.0,5,7,15,スマートサターン,牡,3,57.0,浜中,82.5,クビ,4,7.1,35.4,6-4,栗東 小林,440,-4,
202509020304,2025-04-05,阪神,4,3歳未勝利,芝,1400,右,晴,良,"2回 阪神 3日目 サラ系３歳 未勝利       (混)[指] 馬齢 18頭 本賞金:560,220,140,84,56万円",18,560.0,6,8,17,ジューンアレグロ,牡,3,54.0,▲柴田裕,82.6,クビ,12,55.6,35.2,7-8,栗東 松下,430,-10,
202509020304,2025-04-05,阪神,4,3歳未勝利,芝,1400,右,晴,良,"2回 阪神 3日目 サラ系３歳 未勝利       (混)[指] 馬齢 18頭 本賞金:560,220,140,84,56万円",18,560.0,7,6,12,エイヘンハールト,牡,3,57.0,鮫島駿,82.7,1/2,10,50.6,35.1,11-10,栗東 高野,470,4,
202509020304,2025-04-05,阪神,4,3歳未勝利,芝,1400,右,晴,良,"2回 阪神 3日目 サラ系３歳 未勝利       (混)[指] 馬齢 18頭 本賞金:560,220,140,84,56万円",18,560.0,8,6,11,ジンガー,牡,3,57.0,川又,82.8,3/4,15,253.3,35.2,11-13,栗東 吉村,482,-10,
202509020304,2025-04-05,阪神,4,3歳未勝利,芝,1400,右,晴,良,"2回 阪神 3日目 サラ系３歳 未勝利       (混)[指] 馬齢 18頭 本賞金:560,220,140,84,56万円",18,560.0,9,3,6,マリエンプラッツ,牝,3,55.0,菱田,82.8,ハナ,9,20.8,35.7,4-4,栗東 橋口,442,2,
202509020304,2025-04-05,阪神,4,3歳未勝利,芝,1400,右,晴,良,"2回 阪神 3日目 サラ系３歳 未勝利       (混)[指] 馬齢 18頭 本賞金:560,220,140,84,56万円",18,560.0,10,4,7,コンヴェックス,牝,3,52.0,▲和田陽,83.1,1.3/4,11,54.7,35.0,15-17,栗東 杉山晴,436,0,
202509020304,2025-04-05,阪神,4,3歳未勝利,芝,1400,右,晴,良,"2回 阪神 3日目 サラ系３歳 未勝利       (混)[指] 馬齢 18頭 本賞金:560,220,140,84,56万円",18,560.0,11,1,1,カフジウヴァ,牡,3,54.0,▲橋木,83.2,1/2,13,96.3,35.3,13-14,栗東 中竹,452,0,
202509020304,2025-04-05,阪神,4,3歳未勝利,芝,1400,右,晴,良,"2回 阪神 3日目 サラ系３歳 未勝利       (混)[指] 馬齢 18頭 本賞金:560,220,140,84,56万円",18,560.0,12,8,16,シオーグ,牝,3,55.0,幸,83.2,クビ,8,20.4,35.9,9-7,栗東 中竹,490,4,
202509020304,2025-04-05,阪神,4,3歳未勝利,芝,1400,右,晴,良,"2回 阪神 3日目 サラ系３歳 未勝利       (混)[指] 馬齢 18頭 本賞金:560,220,140,84,56万円",18,560.0,13,5,10,ミッキータンバリン,牝,3,55.0,池添,83.3,クビ,6,11.3,35.6,15-10,栗東 池添,460,0,
202509020304,2025-04-05,阪神,4,3歳未勝利,芝,1400,右,晴,良,"2回 阪神 3日目 サラ系３歳 未勝利       (混)[指] 馬齢 18頭 本賞金:560,220,140,84,56万円",18,560.0,14,8,18,ホープフルソング,牝,3,55.0,角田和,83.4,1/2,14,98.1,35.6,13-14,栗東 佐々木,448,0,
202509020304,2025-04-05,阪神,4,3歳未勝利,芝,1400,右,晴,良,"2回 阪神 3日目 サラ系３歳 未勝利       (混)[指] 馬齢 18頭 本賞金:560,220,140,84,56万円",18,560.0,15,5,9,ニホンピロリーチ,牝,3,55.0,田口,83.5,1,7,15.3,36.5,3-2,栗東 大橋,450,0,
202509020304,2025-04-05,阪神,4,3歳未勝利,芝,1400,右,晴,良,"2回 阪神 3日目 サラ系３歳 未勝利       (混)[指] 馬齢 18頭 本賞金:560,220,140,84,56万円",18,560.0,16,3,5,タガノミラクル,牝,3,52.0,▲川端,83.7,1.1/4,16,302.0,35.6,17-16,栗東 角田,406,0,
202509020304,2025-04-05,阪神,4,3歳未勝利,芝,1400,右,晴,良,"2回 阪神 3日目 サラ系３歳 未勝利       (混)[指] 馬齢 18頭 本賞金:560,220,140,84,56万円",18,560.0,17,1,2,テイエムパンサー,牝,3,55.0,川須,84.0,1.1/2,17,361.2,36.5,9-10,栗東 浜田,458,-10,
202509020304,2025-04-05,阪神,4,3歳未勝利,芝,1400,右,晴,良,"2回 阪神 3日目 サラ系３歳 未勝利       (混)[指] 馬齢 18頭 本賞金:560,220,140,84,56万円",18,560.0,,2,4,オメガストリーム,牝,3,55.0,西村淳,,,,,,,栗東 今野,474,0,除外
202509020305,2025-04-05,阪神,5,3歳未勝利,芝,1800,右,晴,良,"2回 阪神 3日目 サラ系３歳 未勝利       (混)[指] 馬齢 17頭 本賞金:560,220,140,84,56万円",17,560.0,1,4,8,レッドイステル,牡,3,57.0,岩田望,106.3,,1,1.6,34.2,7-5,栗東 友道,500,-4,
202509020305,2025-04-05,阪神,5,3歳未勝利,芝,1800,右,晴,良,"2回 阪神 3日目 サラ系３歳 未勝利       (混)[指] 馬齢 17頭 本賞金:560,220,140,84,56万円",17,560.0,2,6,11,ドゥラエテルノ,牡,3,57.0,角田和,106.8,2.1/2,7,25.7,34.4,10-10,栗東 武幸,470,-6,
202509020305,2025-04-05,阪神,5,3歳未勝利,芝,1800,右,晴,良,"2回 阪神 3日目 サラ系３歳 未勝利       (混)[指] 馬齢 17頭 本賞金:560,220,140,84,56万円",17,560.0,3,8,16,オーケアニス,牝,3,55.0,西村淳,106.9,1,2,6.0,35.1,5-3,栗東 松永幹,464,0,
202509020305,2025-04-05,阪神,5,3歳未勝利,芝,1800,右,晴,良,"2回 阪神 3日目 サラ系３歳 未勝利       (混)[指] 馬齢 17頭 本賞金:560,220,140,84,56万円",17,560.0,4,5,9,ハートメテオ,牝,3,55.0,鮫島駿,107.1,1,5,16.3,34.7,10-10,栗東 笹田,440,0,
202509020305,2025-04-05,阪神,5,3歳未勝利,芝,1800,右,晴,良,"2回 阪神 3日目 サラ系３歳 未勝利       (混)[指] 馬齢 17頭 本賞金:560,220,140,84,56万円",17,560.0,5,1,1,ダノンジャガー,牡,3,57.0,佐々木,107.1,ハナ,3,6.4,34.9,7-8,栗東 池江,516,0,
202509020305,2025-04-05,阪神,5,3歳未勝利,芝,1800,右,晴,良,"2回 阪神 3日目 サラ系３歳 未勝利       (混)[指] 馬齢 17頭 本賞金:560,220,140,84,56万円",17,560.0,6,2,3,アイルビリーヴ,牡,3,54.0,▲田山,107.1,ハナ,4,10.2,35.5,1-1,栗東 新谷,464,-2,
202509020305,2025-04-05,阪神,5,3歳未勝利,芝,1800,右,晴,良,"2回 阪神 3日目 サラ系３歳 未勝利       (混)[指] 馬齢 17頭 本賞金:560,220,140,84,56万円",17,560.0,7,8,17,キーチファイター,牡,3,57.0,団野,107.3,1.1/4,12,285.7,35.6,2-2,栗東 斉藤崇,466,-3,
202509020305,2025-04-05,阪神,5,3歳未勝利,芝,1800,右,晴,良,"2回 阪神 3日目 サラ系３歳 未勝利       (混)[指] 馬齢 17頭 本賞金:560,220,140,84,56万円",17,560.0,8,1,2,オルミラベル,牝,3,55.0,北村友,107.3,ハナ,8,37.5,35.5,3-3,栗東 上村,470,6,
202509020305,2025-04-05,阪神,5,3歳未勝利,芝,1800,右,晴,良,"2回 阪神 3日目 サラ系３歳 未勝利       (混)[指] 馬齢 17頭 本賞金:560,220,140,84,56万円",17,560.0,9,8,15,マゴイチタ,セ,3,57.0,高倉,107.4,クビ,13,350.9,34.8,10-13,栗東 武英,460,0,
202509020305,2025-04-05,阪神,5,3歳未勝利,芝,1800,右,晴,良,"2回 阪神 3日目 サラ系３歳 未勝利       (混)[指] 馬齢 17頭 本賞金:560,220,140,84,56万円",17,560.0,10,7,14,シャドウフェイス,牝,3,55.0,菱田,107.4,クビ,14,362.1,35.0,16-10,栗東 辻野,370,0,
202509020305,2025-04-05,阪神,5,3歳未勝利,芝,1800,右,晴,良,"2回 阪神 3日目 サラ系３歳 未勝利       (混)[指] 馬齢 17頭 本賞金:560,220,140,84,56万円",17,560.0,11,5,10,キタノプレンティ,牝,3,52.0,▲橋木,107.5,1/2,16,473.1,34.9,13-13,栗東 高橋康,460,-6,
202509020305,2025-04-05,阪神,5,3歳未勝利,芝,1800,右,晴,良,"2回 阪神 3日目 サラ系３歳 未勝利       (混)[指] 馬齢 17頭 本賞金:560,220,140,84,56万円",17,560.0,12,4,7,ジョーテルプジ,牝,3,52.0,▲柴田裕,107.8,1.3/4,15,402.6,34.8,13-17,栗東 中竹,446,0,
202509020305,2025-04-05,阪神,5,3歳未勝利,芝,1800,右,晴,良,"2回 阪神 3日目 サラ系３歳 未勝利       (混)[指] 馬齢 17頭 本賞金:560,220,140,84,56万円",17,560.0,13,7,13,マナミン,牝,3,55.0,幸,108.0,1.1/4,11,254.4,35.2,13-15,栗東 高橋康,438,-2,
202509020305,2025-04-05,阪神,5,3歳未勝利,芝,1800,右,晴,良,"2回 阪神 3日目 サラ系３歳 未勝利       (混)[指] 馬齢 17頭 本賞金:560,220,140,84,56万円",17,560.0,14,3,5,インユアアイズ,牝,3,53.0,△吉村,108.1,1/2,9,70.2,36.0,5-5,栗東 中村,474,10,
202509020305,2025-04-05,阪神,5,3歳未勝利,芝,1800,右,晴,良,"2回 阪神 3日目 サラ系３歳 未勝利       (混)[指] 馬齢 17頭 本賞金:560,220,140,84,56万円",17,560.0,15,6,12,ミノリッチマイヤー,牝,3,55.0,岩田康,108.4,2,6,23.9,36.1,9-8,栗東 上村,440,0,
202509020305,2025-04-05,阪神,5,3歳未勝利,芝,1800,右,晴,良,"2回 阪神 3日目 サラ系３歳 未勝利       (混)[指] 馬齢 17頭 本賞金:560,220,140,84,56万円",17,560.0,16,3,6,ウィッシュソング,牝,3,52.0,▲森田,108.5,クビ,17,555.6,36.5,3-5,栗東 中村,484,-4,
202509020305,2025-04-05,阪神,5,3歳未勝利,芝,1800,右,晴,良,"2回 阪神 3日目 サラ系３歳 未勝利       (混)[指] 馬齢 17頭 本賞金:560,220,140,84,56万円",17,560.0,17,2,4,シャススプリーン,牡,3,56.0,☆高杉,111.3,大,10,157.5,38.5,17-15,栗東 上村,482,0,
202509020306,2025-04-05,阪神,6,4歳以上1勝クラス,ダ,1800,右,晴,良,"2回 阪神 3日目 サラ系４歳以上 １勝クラス       (混)[指] 定量 8頭 本賞金:800,320,200,120,80万円",8,800.0,1,6,6,ワイドブリザード,セ,4,58.0,浜中,112.7,,2,2.9,37.4,1-1-1-1,栗東 佐藤悠,442,6,
202509020306,2025-04-05,阪神,6,4歳以上1勝クラス,ダ,1800,右,晴,良,"2回 阪神 3日目 サラ系４歳以上 １勝クラス       (混)[指] 定量 8頭 本賞金:800,320,200,120,80万円",8,800.0,2,3,3,ゴルデールスカー,牡,5,58.0,和田竜,113.5,5,3,4.5,37.9,4-4-4-2,栗東 加藤公,470,2,
202509020306,2025-04-05,阪神,6,4歳以上1勝クラス,ダ,1800,右,晴,良,"2回 阪神 3日目 サラ系４歳以上 １勝クラス       (混)[指] 定量 8頭 本賞金:800,320,200,120,80万円",8,800.0,3,5,5,アラナコア,牡,4,58.0,吉田隼,113.6,クビ,4,4.9,37.9,4-4-4-2,栗東 田中克,490,0,
202509020306,2025-04-05,阪神,6,4歳以上1勝クラス,ダ,1800,右,晴,良,"2回 阪神 3日目 サラ系４歳以上 １勝クラス       (混)[指] 定量 8頭 本賞金:800,320,200,120,80万円",8,800.0,4,1,1,ラファミリア,牡,4,58.0,西村淳,114.2,3.1/2,1,2.8,38.7,2-2-2-2,栗東 前川,496,-2,
202509020306,2025-04-05,阪神,6,4歳以上1勝クラス,ダ,1800,右,晴,良,"2回 阪神 3日目 サラ系４歳以上 １勝クラス       (混)[指] 定量 8頭 本賞金:800,320,200,120,80万円",8,800.0,5,8,8,ビルンバウム,セ,4,58.0,亀田,114.4,3/4,7,27.0,38.6,2-2-4-6,栗東 渡辺,560,2,
202509020306,2025-04-05,阪神,6,4歳以上1勝クラス,ダ,1800,右,晴,良,"2回 阪神 3日目 サラ系４歳以上 １勝クラス       (混)[指] 定量 8頭 本賞金:800,320,200,120,80万円",8,800.0,6,7,7,ジェロニモス,牡,4,58.0,岩田望,114.4,ハナ,5,17.2,38.1,6-6-7-7,栗東 中村,480,-2,
202509020306,2025-04-05,阪神,6,4歳以上1勝クラス,ダ,1800,右,晴,良,"2回 阪神 3日目 サラ系４歳以上 １勝クラス       (混)[指] 定量 8頭 本賞金:800,320,200,120,80万円",8,800.0,7,4,4,パシフィックルート,牡,4,58.0,鮫島駿,116.9,大,6,21.5,41.2,7-7-3-5,栗東 高野,576,-10,
202509020306,2025-04-05,阪神,6,4歳以上1勝クラス,ダ,1800,右,晴,良,"2回 阪神 3日目 サラ系４歳以上 １勝クラス       (混)[指] 定量 8頭 本賞金:800,320,200,120,80万円",8,800.0,,2,2,ドンアポロン,牡,4,58.0,幸,,,,,,,栗東 西園正,,,取消
202509020307,2025-04-05,阪神,7,4歳以上1勝クラス,ダ,1400,右,晴,良,"2回 阪神 3日目 サラ系４歳以上 １勝クラス       [指] 定量 16頭 本賞金:800,320,200,120,80万円",16,800.0,1,8,15,サンダーバース,牡,4,55.0,▲鷲頭,85.2,,7,20.2,38.6,3-2,栗東 井上,484,8,
202509020307,2025-04-05,阪神,7,4歳以上1勝クラス,ダ,1400,右,晴,良,"2回 阪神 3日目 サラ系４歳以上 １勝クラス       [指] 定量 16頭 本賞金:800,320,200,120,80万円",16,800.0,2,1,2,ベレニーチェ,牝,4,56.0,田口,85.3,1/2,10,45.5,38.3,5-5,栗東 武英,456,-4,
202509020307,2025-04-05,阪神,7,4歳以上1勝クラス,ダ,1400,右,晴,良,"2回 阪神 3日目 サラ系４歳以上 １勝クラス       [指] 定量 16頭 本賞金:800,320,200,120,80万円",16,800.0,3,6,12,ラピダリア,牝,4,55.0,☆西塚,85.3,クビ,12,70.8,37.3,15-15,栗東 吉田,476,12,
202509020307,2025-04-05,阪神,7,4歳以上1勝クラス,ダ,1400,右,晴,良,"2回 阪神 3日目 サラ系４歳以上 １勝クラス       [指] 定量 16頭 本賞金:800,320,200,120,80万円",16,800.0,4,2,4,エンドレスロード,牡,6,56.0,△吉村,85.4,クビ,13,86.0,39.0,1-1,栗東 高橋一,486,-4,
202509020307,2025-04-05,阪神,7,4歳以上1勝クラス,ダ,1400,右,晴,良,"2回 阪神 3日目 サラ系４歳以上 １勝クラス       [指] 定量 16頭 本賞金:800,320,200,120,80万円",16,800.0,5,2,3,クインズセレネ,牝,4,53.0,▲川端,85.5,3/4,6,16.5,38.0,10-10,栗東 野中,462,-4,
202509020307,2025-04-05,阪神,7,4歳以上1勝クラス,ダ,1400,右,晴,良,"2回 阪神 3日目 サラ系４歳以上 １勝クラス       [指] 定量 16頭 本賞金:800,320,200,120,80万円",16,800.0,6,4,8,グリーズマン,セ,4,58.0,鮫島駿,85.6,1/2,1,3.3,38.7,4-4,栗東 小栗,512,2,
202509020307,2025-04-05,阪神,7,4歳以上1勝クラス,ダ,1400,右,晴,良,"2回 阪神 3日目 サラ系４歳以上 １勝クラス       [指] 定量 16頭 本賞金:800,320,200,120,80万円",16,800.0,7,5,9,アリーバ,牝,4,55.0,☆松本,86.0,2.1/2,14,90.8,38.2,12-12,栗東 田中克,430,-4,
202509020307,2025-04-05,阪神,7,4歳以上1勝クラス,ダ,1400,右,晴,良,"2回 阪神 3日目 サラ系４歳以上 １勝クラス       [指] 定量 16頭 本賞金:800,320,200,120,80万円",16,800.0,8,3,5,エフエイト,牡,4,58.0,和田竜,86.1,1/2,2,3.8,38.7,8-8,栗東 北出,446,-2,
202509020307,2025-04-05,阪神,7,4歳以上1勝クラス,ダ,1400,右,晴,良,"2回 阪神 3日目 サラ系４歳以上 １勝クラス       [指] 定量 16頭 本賞金:800,320,200,120,80万円",16,800.0,9,1,1,テリオスソラ,牝,4,56.0,幸,86.4,1.3/4,8,31.3,39.1,8-8,栗東 松下,474,2,
202509020307,2025-04-05,阪神,7,4歳以上1勝クラス,ダ,1400,右,晴,良,"2回 阪神 3日目 サラ系４歳以上 １勝クラス       [指] 定量 16頭 本賞金:800,320,200,120,80万円",16,800.0,10,8,16,ペプチドヒナタ,牡,4,58.0,高倉,86.4,クビ,9,44.2,38.6,12-12,栗東 武英,488,4,
202509020307,2025-04-05,阪神,7,4歳以上1勝クラス,ダ,1400,右,晴,良,"2回 阪神 3日目 サラ系４歳以上 １勝クラス       [指] 定量 16頭 本賞金:800,320,200,120,80万円",16,800.0,11,3,6,ウインラウダ,牡,4,58.0,団野,86.4,ハナ,11,52.9,38.8,10-10,栗東 梅田,510,2,
202509020307,2025-04-05,阪神,7,4歳以上1勝クラス,ダ,1400,右,晴,良,"2回 阪神 3日目 サラ系４歳以上 １勝クラス       [指] 定量 16頭 本賞金:800,320,200,120,80万円",16,800.0,12,5,10,ピストンボーイ,牡,4,58.0,池添,86.7,1.3/4,5,9.9,40.2,2-2,栗東 池添,520,2,
202509020307,2025-04-05,阪神,7,4歳以上1勝クラス,ダ,1400,右,晴,良,"2回 阪神 3日目 サラ系４歳以上 １勝クラス       [指] 定量 16頭 本賞金:800,320,200,120,80万円",16,800.0,13,6,11,シュテルンロット,牝,5,53.0,▲今村,86.8,1/2,16,306.6,38.2,16-16,栗東 高橋康,444,4,
202509020307,2025-04-05,阪神,7,4歳以上1勝クラス,ダ,1400,右,晴,良,"2回 阪神 3日目 サラ系４歳以上 １勝クラス       [指] 定量 16頭 本賞金:800,320,200,120,80万円",16,800.0,14,7,13,ダノンフューチャー,牡,6,58.0,Ｍデム,87.0,1.1/4,4,9.3,39.0,14-12,栗東 寺島,522,-4,
202509020307,2025-04-05,阪神,7,4歳以上1勝クラス,ダ,1400,右,晴,良,"2回 阪神 3日目 サラ系４歳以上 １勝クラス       [指] 定量 16頭 本賞金:800,320,200,120,80万円",16,800.0,15,7,14,ブライティアブエナ,牝,4,53.0,▲田山,87.2,1,15,281.4,40.0,5-5,栗東 羽月,454,-4,
202509020307,2025-04-05,阪神,7,4歳以上1勝クラス,ダ,1400,右,晴,良,"2回 阪神 3日目 サラ系４歳以上 １勝クラス       [指] 定量 16頭 本賞金:800,320,200,120,80万円",16,800.0,16,4,7,アスクムービーオン,牡,4,58.0,西村淳,87.3,クビ,3,4.2,40.2,5-5,栗東 前川,468,-6,
202509020308,2025-04-05,阪神,8,4歳以上2勝クラス,芝,1800,右,晴,良,"2回 阪神 3日目 サラ系４歳以上 ２勝クラス       (混)[指] 定量 8頭 本賞金:1140,460,290,170,114万円",8,1140.0,1,6,6,ファーヴェント,牡,4,57.0,☆西塚,105.2,,1,2.0,33.1,4-3,栗東 藤原,506,0,
202509020308,2025-04-05,阪神,8,4歳以上2勝クラス,芝,1800,右,晴,良,"2回 阪神 3日目 サラ系４歳以上 ２勝クラス       (混)[指] 定量 8頭 本賞金:1140,460,290,170,114万円",8,1140.0,2,2,2,チェルノボーグ,セ,6,58.0,西村淳,105.3,1/2,2,3.1,33.5,2-2,栗東 藤原,486,-6,
202509020308,2025-04-05,阪神,8,4歳以上2勝クラス,芝,1800,右,晴,良,"2回 阪神 3日目 サラ系４歳以上 ２勝クラス       (混)[指] 定量 8頭 本賞金:1140,460,290,170,114万円",8,1140.0,3,1,1,サダムオプシス,牡,4,58.0,和田竜,105.6,1.3/4,5,15.3,33.5,4-3,栗東 平田,466,0,
202509020308,2025-04-05,阪神,8,4歳以上2勝クラス,芝,1800,右,晴,良,"2回 阪神 3日目 サラ系４歳以上 ２勝クラス       (混)[指] 定量 8頭 本賞金:1140,460,290,170,114万円",8,1140.0,4,3,3,ブエナオンダ,牡,4,58.0,佐々木,105.6,ハナ,3,5.2,33.8,1-1,栗東 須貝,450,-6,
202509020308,2025-04-05,阪神,8,4歳以上2勝クラス,芝,1800,右,晴,良,"2回 阪神 3日目 サラ系４歳以上 ２勝クラス       (混)[指] 定量 8頭 本賞金:1140,460,290,170,114万円",8,1140.0,5,4,4,テーオーダグラス,牡,4,58.0,Ｍデム,106.0,2.1/2,4,6.5,34.0,3-3,栗東 須貝,488,0,
202509020308,2025-04-05,阪神,8,4歳以上2勝クラス,芝,1800,右,晴,良,"2回 阪神 3日目 サラ系４歳以上 ２勝クラス       (混)[指] 定量 8頭 本賞金:1140,460,290,170,114万円",8,1140.0,6,8,8,エイムフォーエース,牡,4,58.0,団野,106.2,3/4,6,43.8,34.0,6-6,美浦 武井,432,-8,
202509020308,2025-04-05,阪神,8,4歳以上2勝クラス,芝,1800,右,晴,良,"2回 阪神 3日目 サラ系４歳以上 ２勝クラス       (混)[指] 定量 8頭 本賞金:1140,460,290,170,114万円",8,1140.0,7,5,5,シルバープリペット,牡,5,55.0,▲川端,106.5,2,8,239.1,34.2,7-7,美浦 松山,470,-8,
202509020308,2025-04-05,阪神,8,4歳以上2勝クラス,芝,1800,右,晴,良,"2回 阪神 3日目 サラ系４歳以上 ２勝クラス       (混)[指] 定量 8頭 本賞金:1140,460,290,170,114万円",8,1140.0,8,7,7,デルマアートマン,セ,4,55.0,▲鷲頭,106.7,1.1/2,7,127.1,34.2,8-8,栗東 牧田,488,0,
202509020309,2025-04-05,阪神,9,アザレア賞,芝,2400,右,晴,良,"2回 阪神 3日目 サラ系３歳 １勝クラス       (混)(特指) 馬齢 9頭 本賞金:1110,440,280,170,111万円",9,1110.0,1,1,1,ダノンシーマ,牡,3,57.0,西村淳,144.8,,1,1.7,35.8,4-4-4-3,栗東 中内田,488,0,
202509020309,2025-04-05,阪神,9,アザレア賞,芝,2400,右,晴,良,"2回 阪神 3日目 サラ系３歳 １勝クラス       (混)(特指) 馬齢 9頭 本賞金:1110,440,280,170,111万円",9,1110.0,2,6,6,ロードガレリア,牡,3,57.0,高杉,145.1,2,6,15.0,36.0,2-3-5-3,栗東 藤岡,440,-26,
202509020309,2025-04-05,阪神,9,アザレア賞,芝,2400,右,晴,良,"2回 阪神 3日目 サラ系３歳 １勝クラス       (混)(特指) 馬齢 9頭 本賞金:1110,440,280,170,111万円",9,1110.0,3,8,8,リアライズオーラム,牡,3,57.0,佐々木,145.2,3/4,5,11.6,35.9,6-7-6-6,栗東 須貝,500,-2,
202509020309,2025-04-05,阪神,9,アザレア賞,芝,2400,右,晴,良,"2回 阪神 3日目 サラ系３歳 １勝クラス       (混)(特指) 馬齢 9頭 本賞金:1110,440,280,170,111万円",9,1110.0,4,2,2,リガーレ,牡,3,57.0,鮫島駿,145.3,クビ,3,9.5,36.0,5-6-6-6,栗東 池江,516,-12,
202509020309,2025-04-05,阪神,9,アザレア賞,芝,2400,右,晴,良,"2回 阪神 3日目 サラ系３歳 １勝クラス       (混)(特指) 馬齢 9頭 本賞金:1110,440,280,170,111万円",9,1110.0,5,7,7,ジーティーダーリン,牡,3,57.0,岩田望,145.6,1.3/4,2,3.4,36.8,1-2-1-1,栗東 田中克,504,2,
202509020309,2025-04-05,阪神,9,アザレア賞,芝,2400,右,晴,良,"2回 阪神 3日目 サラ系３歳 １勝クラス       (混)(特指) 馬齢 9頭 本賞金:1110,440,280,170,111万円",9,1110.0,6,5,5,リアンベーレ,牡,3,57.0,浜中,145.6,クビ,4,11.4,36.8,8-4-3-2,美浦 手塚久,494,-8,
202509020309,2025-04-05,阪神,9,アザレア賞,芝,2400,右,晴,良,"2回 阪神 3日目 サラ系３歳 １勝クラス       (混)(特指) 馬齢 9頭 本賞金:1110,440,280,170,111万円",9,1110.0,7,4,4,ローレルオーブ,牡,3,57.0,幸,145.7,クビ,8,95.0,36.0,9-9-9-9,栗東 杉山佳,452,-8,
202509020309,2025-04-05,阪神,9,アザレア賞,芝,2400,右,晴,良,"2回 阪神 3日目 サラ系３歳 １勝クラス       (混)(特指) 馬齢 9頭 本賞金:1110,440,280,170,111万円",9,1110.0,8,3,3,ドーサンドーサン,牡,3,57.0,鮫島良,148.3,大,9,274.4,38.8,6-7-6-8,栗東 畑端,478,4,
202509020309,2025-04-05,阪神,9,アザレア賞,芝,2400,右,晴,良,"2回 阪神 3日目 サラ系３歳 １勝クラス       (混)(特指) 馬齢 9頭 本賞金:1110,440,280,170,111万円",9,1110.0,9,8,9,モルティフレーバー,牝,3,55.0,北村友,151.9,大,7,23.8,42.9,2-1-2-3,栗東 清水久,454,0,
202509020310,2025-04-05,阪神,10,ポラリスS,ダ,1400,右,晴,良,"2回 阪神 3日目 サラ系４歳以上 オープン       (国際)(特指) ハンデ 16頭 本賞金:2200,880,550,330,220万円",16,2200.0,1,7,13,サンライズフレイム,牡,5,58.5,菱田,84.1,,1,2.4,36.5,9-7,栗東 石坂,522,0,
202509020310,2025-04-05,阪神,10,ポラリスS,ダ,1400,右,晴,良,"2回 阪神 3日目 サラ系４歳以上 オープン       (国際)(特指) ハンデ 16頭 本賞金:2200,880,550,330,220万円",16,2200.0,2,5,9,コンクイスタ,セ,5,55.0,岩田望,84.3,3/4,2,5.7,37.1,6-6,栗東 吉岡,490,4,
202509020310,2025-04-05,阪神,10,ポラリスS,ダ,1400,右,晴,良,"2回 阪神 3日目 サラ系４歳以上 オープン       (国際)(特指) ハンデ 16頭 本賞金:2200,880,550,330,220万円",16,2200.0,3,3,6,アルファマム,牝,6,56.5,幸,84.3,ハナ,3,6.7,36.5,11-9,栗東 佐々木,466,0,
202509020310,2025-04-05,阪神,10,ポラリスS,ダ,1400,右,晴,良,"2回 阪神 3日目 サラ系４歳以上 オープン       (国際)(特指) ハンデ 16頭 本賞金:2200,880,550,330,220万円",16,2200.0,4,6,12,ジレトール,牡,6,58.5,北村友,84.4,3/4,7,18.6,37.4,3-3,栗東 松永幹,490,14,
202509020310,2025-04-05,阪神,10,ポラリスS,ダ,1400,右,晴,良,"2回 阪神 3日目 サラ系４歳以上 オープン       (国際)(特指) ハンデ 16頭 本賞金:2200,880,550,330,220万円",16,2200.0,5,2,3,アサヒ,牡,6,55.0,高杉,84.6,1.1/4,11,36.5,37.6,4-3,美浦 金成,510,4,
202509020310,2025-04-05,阪神,10,ポラリスS,ダ,1400,右,晴,良,"2回 阪神 3日目 サラ系４歳以上 オープン       (国際)(特指) ハンデ 16頭 本賞金:2200,880,550,330,220万円",16,2200.0,6,6,11,テイエムリステット,牡,4,56.0,浜中,84.6,ハナ,5,10.9,36.8,11-11,栗東 秋山,476,0,
202509020310,2025-04-05,阪神,10,ポラリスS,ダ,1400,右,晴,良,"2回 阪神 3日目 サラ系４歳以上 オープン       (国際)(特指) ハンデ 16頭 本賞金:2200,880,550,330,220万円",16,2200.0,7,1,1,エミサキホコル,牡,5,55.0,長岡,84.7,3/4,8,19.5,37.7,4-3,栗東 杉山佳,496,-6,
202509020310,2025-04-05,阪神,10,ポラリスS,ダ,1400,右,晴,良,"2回 阪神 3日目 サラ系４歳以上 オープン       (国際)(特指) ハンデ 16頭 本賞金:2200,880,550,330,220万円",16,2200.0,8,7,14,サトノテンペスト,牡,7,55.0,Ｍデム,84.8,3/4,12,48.9,36.7,13-12,栗東 高橋亮,510,8,
202509020310,2025-04-05,阪神,10,ポラリスS,ダ,1400,右,晴,良,"2回 阪神 3日目 サラ系４歳以上 オープン       (国際)(特指) ハンデ 16頭 本賞金:2200,880,550,330,220万円",16,2200.0,9,4,7,アスクドゥラメンテ,牡,6,55.0,西塚,85.1,1.3/4,13,91.6,37.0,13-12,栗東 藤原,530,4,
202509020310,2025-04-05,阪神,10,ポラリスS,ダ,1400,右,晴,良,"2回 阪神 3日目 サラ系４歳以上 オープン       (国際)(特指) ハンデ 16頭 本賞金:2200,880,550,330,220万円",16,2200.0,10,1,2,ロードエクレール,牡,7,57.0,酒井,85.2,クビ,6,16.4,38.6,1-1,美浦 斎藤誠,486,-8,
202509020310,2025-04-05,阪神,10,ポラリスS,ダ,1400,右,晴,良,"2回 阪神 3日目 サラ系４歳以上 オープン       (国際)(特指) ハンデ 16頭 本賞金:2200,880,550,330,220万円",16,2200.0,11,3,5,ペースセッティング,牡,5,56.0,鮫島駿,85.5,1.3/4,9,29.0,37.3,13-15,栗東 安田,500,-2,
202509020310,2025-04-05,阪神,10,ポラリスS,ダ,1400,右,晴,良,"2回 阪神 3日目 サラ系４歳以上 オープン       (国際)(特指) ハンデ 16頭 本賞金:2200,880,550,330,220万円",16,2200.0,12,4,8,サクセスローレル,牡,6,54.0,亀田,85.6,3/4,15,232.9,38.2,7-7,栗東 北出,532,2,
202509020310,2025-04-05,阪神,10,ポラリスS,ダ,1400,右,晴,良,"2回 阪神 3日目 サラ系４歳以上 オープン       (国際)(特指) ハンデ 16頭 本賞金:2200,880,550,330,220万円",16,2200.0,13,5,10,アーバンイェーガー,牡,11,53.0,藤懸,86.1,3,16,279.6,37.6,16-15,美浦 高橋文,498,0,
202509020310,2025-04-05,阪神,10,ポラリスS,ダ,1400,右,晴,良,"2回 阪神 3日目 サラ系４歳以上 オープン       (国際)(特指) ハンデ 16頭 本賞金:2200,880,550,330,220万円",16,2200.0,14,8,15,アドバンスファラオ,牡,5,57.0,吉村,87.2,7,10,30.7,39.2,10-12,栗東 森秀,498,-4,
202509020310,2025-04-05,阪神,10,ポラリスS,ダ,1400,右,晴,良,"2回 阪神 3日目 サラ系４歳以上 オープン       (国際)(特指) ハンデ 16頭 本賞金:2200,880,550,330,220万円",16,2200.0,15,8,16,リジル,牝,4,53.0,佐々木,87.7,3,4,7.9,40.1,7-9,栗東 奥村豊,492,4,
202509020310,2025-04-05,阪神,10,ポラリスS,ダ,1400,右,晴,良,"2回 阪神 3日目 サラ系４歳以上 オープン       (国際)(特指) ハンデ 16頭 本賞金:2200,880,550,330,220万円",16,2200.0,16,2,4,シロン,牝,6,53.0,和田竜,90.3,大,14,140.7,43.5,2-2,栗東 小栗,536,2,
202509020311,2025-04-05,阪神,11,チャーチルダウンズC,芝,1600,右,晴,良,"2回 阪神 3日目 サラ系３歳 オープン       (国際)(指) 馬齢 11頭 本賞金:4100,1600,1000,620,410万円",11,4100.0,1,6,7,ランスオブカオス,牡,3,57.0,吉村,92.2,,2,3.0,33.9,2-5,栗東 奥村豊,496,-2,
202509020311,2025-04-05,阪神,11,チャーチルダウンズC,芝,1600,右,晴,良,"2回 阪神 3日目 サラ系３歳 オープン       (国際)(指) 馬齢 11頭 本賞金:4100,1600,1000,620,410万円",11,4100.0,2,6,6,アルテヴェローチェ,牡,3,57.0,佐々木,92.5,1.3/4,1,2.7,34.1,8-5,栗東 須貝,462,0,
202509020311,2025-04-05,阪神,11,チャーチルダウンズC,芝,1600,右,晴,良,"2回 阪神 3日目 サラ系３歳 オープン       (国際)(指) 馬齢 11頭 本賞金:4100,1600,1000,620,410万円",11,4100.0,3,5,5,ミニトランザット,牡,3,57.0,鮫島駿,92.5,アタマ,8,26.7,33.7,8-9,栗東 杉山佳,468,0,
202509020311,2025-04-05,阪神,11,チャーチルダウンズC,芝,1600,右,晴,良,"2回 阪神 3日目 サラ系３歳 オープン       (国際)(指) 馬齢 11頭 本賞金:4100,1600,1000,620,410万円",11,4100.0,4,4,4,スリールミニョン,牝,3,55.0,幸,92.6,1/2,5,16.3,34.0,5-7,栗東 高橋康,440,6,
202509020311,2025-04-05,阪神,11,チャーチルダウンズC,芝,1600,右,晴,良,"2回 阪神 3日目 サラ系３歳 オープン       (国際)(指) 馬齢 11頭 本賞金:4100,1600,1000,620,410万円",11,4100.0,5,8,11,モンテシート,牡,3,57.0,西村淳,92.7,1.1/4,4,7.7,34.6,2-2,栗東 牧田,498,4,
202509020311,2025-04-05,阪神,11,チャーチルダウンズC,芝,1600,右,晴,良,"2回 阪神 3日目 サラ系３歳 オープン       (国際)(指) 馬齢 11頭 本賞金:4100,1600,1000,620,410万円",11,4100.0,6,7,8,アスクセクシーモア,牡,3,57.0,岩田望,92.7,ハナ,3,5.5,34.5,5-3,栗東 福永,476,-8,
202509020311,2025-04-05,阪神,11,チャーチルダウンズC,芝,1600,右,晴,良,"2回 阪神 3日目 サラ系３歳 オープン       (国際)(指) 馬齢 11頭 本賞金:4100,1600,1000,620,410万円",11,4100.0,7,2,2,ジーティーマン,牡,3,57.0,北村友,92.8,クビ,7,20.9,33.8,11-11,栗東 小栗,494,6,
202509020311,2025-04-05,阪神,11,チャーチルダウンズC,芝,1600,右,晴,良,"2回 阪神 3日目 サラ系３歳 オープン       (国際)(指) 馬齢 11頭 本賞金:4100,1600,1000,620,410万円",11,4100.0,8,7,9,ワンモアスマイル,牡,3,57.0,岩田康,93.1,1.3/4,6,18.5,34.4,10-9,栗東 藤岡,452,-10,
202509020311,2025-04-05,阪神,11,チャーチルダウンズC,芝,1600,右,晴,良,"2回 阪神 3日目 サラ系３歳 オープン       (国際)(指) 馬齢 11頭 本賞金:4100,1600,1000,620,410万円",11,4100.0,9,8,10,ツーエムクロノス,牡,3,57.0,団野,93.1,クビ,11,100.2,35.1,1-1,栗東 本田,504,0,
202509020311,2025-04-05,阪神,11,チャーチルダウンズC,芝,1600,右,晴,良,"2回 阪神 3日目 サラ系３歳 オープン       (国際)(指) 馬齢 11頭 本賞金:4100,1600,1000,620,410万円",11,4100.0,10,1,1,モンタルチーノ,牡,3,57.0,浜中,93.8,4,9,41.9,35.3,5-7,栗東 庄野,492,-4,
202509020311,2025-04-05,阪神,11,チャーチルダウンズC,芝,1600,右,晴,良,"2回 阪神 3日目 サラ系３歳 オープン       (国際)(指) 馬齢 11頭 本賞金:4100,1600,1000,620,410万円",11,4100.0,11,3,3,フォルテム,牡,3,57.0,池添,94.0,1.1/4,10,63.7,35.8,2-3,美浦 千葉,468,-6,
202509020312,2025-04-05,阪神,12,4歳以上2勝クラス,ダ,1400,右,曇,良,"2回 阪神 3日目 サラ系４歳以上 ２勝クラス       [指] 定量 16頭 本賞金:1140,460,290,170,114万円",16,1140.0,1,6,11,フラムリンガム,セ,4,58.0,北村友,84.7,,8,18.8,36.6,2-2,美浦 柄崎,484,0,
202509020312,2025-04-05,阪神,12,4歳以上2勝クラス,ダ,1400,右,曇,良,"2回 阪神 3日目 サラ系４歳以上 ２勝クラス       [指] 定量 16頭 本賞金:1140,460,290,170,114万円",16,1140.0,2,2,3,ワーズワース,牡,7,57.0,☆高杉,84.8,1/2,4,9.1,36.1,9-5,栗東 高橋一,496,2,
202509020312,2025-04-05,阪神,12,4歳以上2勝クラス,ダ,1400,右,曇,良,"2回 阪神 3日目 サラ系４歳以上 ２勝クラス       [指] 定量 16頭 本賞金:1140,460,290,170,114万円",16,1140.0,3,8,16,リネアグローリア,牡,4,58.0,酒井,85.0,1.1/2,3,4.6,36.2,11-10,栗東 小崎,482,-4,
202509020312,2025-04-05,阪神,12,4歳以上2勝クラス,ダ,1400,右,曇,良,"2回 阪神 3日目 サラ系４歳以上 ２勝クラス       [指] 定量 16頭 本賞金:1140,460,290,170,114万円",16,1140.0,4,6,12,クロドラバール,セ,4,56.0,△吉村,85.1,1/2,6,11.2,36.9,2-2,栗東 杉山晴,522,2,
202509020312,2025-04-05,阪神,12,4歳以上2勝クラス,ダ,1400,右,曇,良,"2回 阪神 3日目 サラ系４歳以上 ２勝クラス       [指] 定量 16頭 本賞金:1140,460,290,170,114万円",16,1140.0,5,5,9,サフランヒーロー,牡,4,58.0,小崎,85.2,クビ,1,4.5,37.2,1-1,美浦 森一,452,0,
202509020312,2025-04-05,阪神,12,4歳以上2勝クラス,ダ,1400,右,曇,良,"2回 阪神 3日目 サラ系４歳以上 ２勝クラス       [指] 定量 16頭 本賞金:1140,460,290,170,114万円",16,1140.0,6,1,1,ハリウッドブルース,牡,4,58.0,西村淳,85.2,ハナ,7,11.9,36.1,15-13,栗東 浜田,466,6,
202509020312,2025-04-05,阪神,12,4歳以上2勝クラス,ダ,1400,右,曇,良,"2回 阪神 3日目 サラ系４歳以上 ２勝クラス       [指] 定量 16頭 本賞金:1140,460,290,170,114万円",16,1140.0,7,4,8,アガシ,セ,4,58.0,鮫島駿,85.4,1.1/4,10,27.2,36.4,13-13,栗東 庄野,492,2,
202509020312,2025-04-05,阪神,12,4歳以上2勝クラス,ダ,1400,右,曇,良,"2回 阪神 3日目 サラ系４歳以上 ２勝クラス       [指] 定量 16頭 本賞金:1140,460,290,170,114万円",16,1140.0,8,8,15,ジャスパーバローズ,牡,5,58.0,浜中,85.4,クビ,5,10.1,37.0,4-4,栗東 清水久,512,0,
202509020312,2025-04-05,阪神,12,4歳以上2勝クラス,ダ,1400,右,曇,良,"2回 阪神 3日目 サラ系４歳以上 ２勝クラス       [指] 定量 16頭 本賞金:1140,460,290,170,114万円",16,1140.0,9,7,14,レッドダンルース,牡,5,58.0,岩田望,85.5,クビ,2,4.6,37.0,7-5,栗東 福永,472,-6,
202509020312,2025-04-05,阪神,12,4歳以上2勝クラス,ダ,1400,右,曇,良,"2回 阪神 3日目 サラ系４歳以上 ２勝クラス       [指] 定量 16頭 本賞金:1140,460,290,170,114万円",16,1140.0,10,5,10,ベルダイナフェロー,牝,4,56.0,幸,85.7,1,12,34.5,37.2,4-5,栗東 東田,472,-2,
202509020312,2025-04-05,阪神,12,4歳以上2勝クラス,ダ,1400,右,曇,良,"2回 阪神 3日目 サラ系４歳以上 ２勝クラス       [指] 定量 16頭 本賞金:1140,460,290,170,114万円",16,1140.0,11,7,13,トモジャケーヤ,牡,5,58.0,田口,86.0,1.3/4,13,69.0,37.4,7-5,栗東 大根田,520,-4,
202509020312,2025-04-05,阪神,12,4歳以上2勝クラス,ダ,1400,右,曇,良,"2回 阪神 3日目 サラ系４歳以上 ２勝クラス       [指] 定量 16頭 本賞金:1140,460,290,170,114万円",16,1140.0,12,3,6,ファイヴレター,牡,8,57.0,☆西塚,86.0,クビ,15,251.1,37.1,11-10,美浦 佐藤吉,478,-2,
202509020312,2025-04-05,阪神,12,4歳以上2勝クラス,ダ,1400,右,曇,良,"2回 阪神 3日目 サラ系４歳以上 ２勝クラス       [指] 定量 16頭 本賞金:1140,460,290,170,114万円",16,1140.0,13,4,7,スズカコーズ,牡,5,58.0,岩田康,86.1,1/2,9,25.0,37.4,9-10,美浦 伊藤圭,492,-10,
202509020312,2025-04-05,阪神,12,4歳以上2勝クラス,ダ,1400,右,曇,良,"2回 阪神 3日目 サラ系４歳以上 ２勝クラス       [指] 定量 16頭 本賞金:1140,460,290,170,114万円",16,1140.0,14,2,4,キタノブライド,牝,5,56.0,古川吉,86.2,3/4,11,30.4,37.0,16-16,栗東 坂口,428,4,
202509020312,2025-04-05,阪神,12,4歳以上2勝クラス,ダ,1400,右,曇,良,"2回 阪神 3日目 サラ系４歳以上 ２勝クラス       [指] 定量 16頭 本賞金:1140,460,290,170,114万円",16,1140.0,15,1,2,シャイニーズラン,牡,8,55.0,▲川端,86.3,1/2,16,376.7,38.0,4-5,栗東 森田,468,-4,
202509020312,2025-04-05,阪神,12,4歳以上2勝クラス,ダ,1400,右,曇,良,"2回 阪神 3日目 サラ系４歳以上 ２勝クラス       [指] 定量 16頭 本賞金:1140,460,290,170,114万円",16,1140.0,16,3,5,スマートビクター,牡,6,58.0,和田竜,86.6,1.3/4,14,161.0,37.6,13-13,栗東 吉田,524,0,
202506030401,2025-04-06,中山,1,3歳未勝利,ダ,1800,右,曇,稍,"3回 中山 4日目 サラ系３歳 未勝利       [指] 馬齢 13頭 本賞金:560,220,140,84,56万円",13,560.0,1,1,1,キタノラブミー,牝,3,55.0,小林脩,115.5,,9,85.2,40.5,5-5-4-3,美浦 萱野,500,2,
202506030401,2025-04-06,中山,1,3歳未勝利,ダ,1800,右,曇,稍,"3回 中山 4日目 サラ系３歳 未勝利       [指] 馬齢 13頭 本賞金:560,220,140,84,56万円",13,560.0,2,5,6,ホークライト,セ,3,57.0,内田博,116.1,3.1/2,1,2.2,41.2,3-3-3-4,美浦 中舘,482,-2,
202506030401,2025-04-06,中山,1,3歳未勝利,ダ,1800,右,曇,稍,"3回 中山 4日目 サラ系３歳 未勝利       [指] 馬齢 13頭 本賞金:560,220,140,84,56万円",13,560.0,3,2,2,ノースグロリア,牡,3,54.0,▲上里,116.8,4,11,189.5,42.0,2-2-2-1,美浦 加藤士,508,4,
202506030401,2025-04-06,中山,1,3歳未勝利,ダ,1800,右,曇,稍,"3回 中山 4日目 サラ系３歳 未勝利       [指] 馬齢 13頭 本賞金:560,220,140,84,56万円",13,560.0,4,4,5,トライゴーニック,牡,3,57.0,荻野極,117.0,1.1/4,3,9.9,39.9,13-13-13-13,美浦 池上,474,-14,
202506030401,2025-04-06,中山,1,3歳未勝利,ダ,1800,右,曇,稍,"3回 中山 4日目 サラ系３歳 未勝利       [指] 馬齢 13頭 本賞金:560,220,140,84,56万円",13,560.0,5,6,9,レッドシュトラール,牡,3,57.0,丸山,117.1,1/2,4,10.9,42.1,9-9-4-5,美浦 宮田,472,-2,
202506030401,2025-04-06,中山,1,3歳未勝利,ダ,1800,右,曇,稍,"3回 中山 4日目 サラ系３歳 未勝利       [指] 馬齢 13頭 本賞金:560,220,140,84,56万円",13,560.0,6,6,8,スーパーチャージ,牡,3,57.0,武藤,117.1,ハナ,10,185.5,41.0,10-10-10-9,美浦 戸田,514,-10,
202506030401,2025-04-06,中山,1,3歳未勝利,ダ,1800,右,曇,稍,"3回 中山 4日目 サラ系３歳 未勝利       [指] 馬齢 13頭 本賞金:560,220,140,84,56万円",13,560.0,7,3,3,フォアファン,セ,3,57.0,原田和,117.1,クビ,7,25.5,41.2,7-7-7-7,美浦 松山,484,-4,
202506030401,2025-04-06,中山,1,3歳未勝利,ダ,1800,右,曇,稍,"3回 中山 4日目 サラ系３歳 未勝利       [指] 馬齢 13頭 本賞金:560,220,140,84,56万円",13,560.0,7,5,7,トルーティクス,牡,3,57.0,吉田豊,117.1,クビ,12,302.1,40.7,12-11-11-12,美浦 尾関,484,-4,
202506030401,2025-04-06,中山,1,3歳未勝利,ダ,1800,右,曇,稍,"3回 中山 4日目 サラ系３歳 未勝利       [指] 馬齢 13頭 本賞金:560,220,140,84,56万円",13,560.0,9,4,4,ロードオブドリーム,牡,3,57.0,菊沢,117.3,1.1/4,5,14.6,40.9,11-11-11-11,美浦 金成,526,0,
202506030401,2025-04-06,中山,1,3歳未勝利,ダ,1800,右,曇,稍,"3回 中山 4日目 サラ系３歳 未勝利       [指] 馬齢 13頭 本賞金:560,220,140,84,56万円",13,560.0,10,7,10,ワカムシャ,牡,3,57.0,佐々木,117.5,1.1/4,6,16.0,41.7,4-4-7-7,美浦 矢野,498,4,
202506030401,2025-04-06,中山,1,3歳未勝利,ダ,1800,右,曇,稍,"3回 中山 4日目 サラ系３歳 未勝利       [指] 馬齢 13頭 本賞金:560,220,140,84,56万円",13,560.0,11,8,13,プレシャストップ,牡,3,57.0,嶋田,118.1,3.1/2,2,2.4,43.4,1-1-1-2,美浦 稲垣,512,-2,
202506030401,2025-04-06,中山,1,3歳未勝利,ダ,1800,右,曇,稍,"3回 中山 4日目 サラ系３歳 未勝利       [指] 馬齢 13頭 本賞金:560,220,140,84,56万円",13,560.0,12,7,11,モンサンプレシャス,牡,3,57.0,木幡巧,118.6,2.1/2,13,339.0,43.0,5-5-6-6,美浦 牧,492,0,
202506030401,2025-04-06,中山,1,3歳未勝利,ダ,1800,右,曇,稍,"3回 中山 4日目 サラ系３歳 未勝利       [指] 馬齢 13頭 本賞金:560,220,140,84,56万円",13,560.0,13,8,12,リネンフラッシュ,セ,3,57.0,柴田大,119.7,7,8,65.7,43.8,7-7-7-9,美浦 粕谷,446,4,
202506030402,2025-04-06,中山,2,3歳未勝利,ダ,1200,右,曇,稍,"3回 中山 4日目 サラ系３歳 未勝利       [指] 馬齢 16頭 本賞金:560,220,140,84,56万円",16,560.0,1,8,16,クインズシフォン,牝,3,52.0,▲石神道,72.6,,1,1.4,37.0,4-4,美浦 和田郎,444,-4,
202506030402,2025-04-06,中山,2,3歳未勝利,ダ,1200,右,曇,稍,"3回 中山 4日目 サラ系３歳 未勝利       [指] 馬齢 16頭 本賞金:560,220,140,84,56万円",16,560.0,2,4,7,グリーンエリクサー,牡,3,57.0,原,73.0,2,2,7.8,37.8,1-1,美浦 青木,504,-8,
202506030402,2025-04-06,中山,2,3歳未勝利,ダ,1200,右,曇,稍,"3回 中山 4日目 サラ系３歳 未勝利       [指] 馬齢 16頭 本賞金:560,220,140,84,56万円",16,560.0,3,8,15,プロピエダッド,牝,3,52.0,▲長浜,73.4,2.1/2,13,134.5,37.5,7-7,美浦 武藤,474,6,
202506030402,2025-04-06,中山,2,3歳未勝利,ダ,1200,右,曇,稍,"3回 中山 4日目 サラ系３歳 未勝利       [指] 馬齢 16頭 本賞金:560,220,140,84,56万円",16,560.0,4,7,14,ステラマテュティナ,牝,3,55.0,内田博,73.5,1/2,4,12.7,38.1,2-2,美浦 高柳瑞,430,-4,
202506030402,2025-04-06,中山,2,3歳未勝利,ダ,1200,右,曇,稍,"3回 中山 4日目 サラ系３歳 未勝利       [指] 馬齢 16頭 本賞金:560,220,140,84,56万円",16,560.0,5,6,12,レトロブーム,牝,3,52.0,▲上里,73.7,1.1/4,9,79.6,37.8,7-9,美浦 西田,472,-8,
202506030402,2025-04-06,中山,2,3歳未勝利,ダ,1200,右,曇,稍,"3回 中山 4日目 サラ系３歳 未勝利       [指] 馬齢 16頭 本賞金:560,220,140,84,56万円",16,560.0,6,6,11,ピコグリーン,牝,3,55.0,木幡巧,73.9,1.1/2,6,21.8,38.3,4-4,美浦 牧,452,0,
202506030402,2025-04-06,中山,2,3歳未勝利,ダ,1200,右,曇,稍,"3回 中山 4日目 サラ系３歳 未勝利       [指] 馬齢 16頭 本賞金:560,220,140,84,56万円",16,560.0,7,7,13,ファリア,牡,3,57.0,杉原,74.2,1.1/2,5,19.1,37.7,12-12,美浦 土田,452,2,
202506030402,2025-04-06,中山,2,3歳未勝利,ダ,1200,右,曇,稍,"3回 中山 4日目 サラ系３歳 未勝利       [指] 馬齢 16頭 本賞金:560,220,140,84,56万円",16,560.0,8,1,1,ナックトライアンフ,牡,3,54.0,▲佐藤,74.2,アタマ,11,94.0,38.3,7-7,美浦 杉浦,480,0,
202506030402,2025-04-06,中山,2,3歳未勝利,ダ,1200,右,曇,稍,"3回 中山 4日目 サラ系３歳 未勝利       [指] 馬齢 16頭 本賞金:560,220,140,84,56万円",16,560.0,9,3,5,ベルレオーネ,牡,3,54.0,▲石田,74.2,アタマ,15,231.4,37.7,12-13,美浦 天間,460,-18,
202506030402,2025-04-06,中山,2,3歳未勝利,ダ,1200,右,曇,稍,"3回 中山 4日目 サラ系３歳 未勝利       [指] 馬齢 16頭 本賞金:560,220,140,84,56万円",16,560.0,10,3,6,ミズイロ,牝,3,55.0,黛,74.9,4,12,116.8,38.6,10-10,美浦 森一,434,0,
202506030402,2025-04-06,中山,2,3歳未勝利,ダ,1200,右,曇,稍,"3回 中山 4日目 サラ系３歳 未勝利       [指] 馬齢 16頭 本賞金:560,220,140,84,56万円",16,560.0,11,1,2,ユウオウマイシン,牡,3,57.0,佐々木,75.0,3/4,3,8.1,38.0,15-14,美浦 松永康,470,2,
202506030402,2025-04-06,中山,2,3歳未勝利,ダ,1200,右,曇,稍,"3回 中山 4日目 サラ系３歳 未勝利       [指] 馬齢 16頭 本賞金:560,220,140,84,56万円",16,560.0,12,5,9,ベールドゥフィーユ,牝,3,55.0,斎藤,75.1,クビ,14,155.6,38.8,10-10,美浦 加藤士,396,-2,
202506030402,2025-04-06,中山,2,3歳未勝利,ダ,1200,右,曇,稍,"3回 中山 4日目 サラ系３歳 未勝利       [指] 馬齢 16頭 本賞金:560,220,140,84,56万円",16,560.0,13,5,10,パラモランド,牡,3,57.0,大野,75.2,1/2,7,30.7,38.5,14-16,美浦 小手川,508,2,
202506030402,2025-04-06,中山,2,3歳未勝利,ダ,1200,右,曇,稍,"3回 中山 4日目 サラ系３歳 未勝利       [指] 馬齢 16頭 本賞金:560,220,140,84,56万円",16,560.0,14,2,3,ワタシマツワ,牝,3,55.0,松岡,75.2,ハナ,8,36.0,39.7,4-4,美浦 竹内,404,-2,
202506030402,2025-04-06,中山,2,3歳未勝利,ダ,1200,右,曇,稍,"3回 中山 4日目 サラ系３歳 未勝利       [指] 馬齢 16頭 本賞金:560,220,140,84,56万円",16,560.0,15,2,4,フルーツワゴン,牝,3,55.0,野中,75.8,3.1/2,16,375.2,38.8,15-14,美浦 根本,460,-13,
202506030402,2025-04-06,中山,2,3歳未勝利,ダ,1200,右,曇,稍,"3回 中山 4日目 サラ系３歳 未勝利       [指] 馬齢 16頭 本賞金:560,220,140,84,56万円",16,560.0,16,4,8,スリーローズマリー,牝,3,51.0,★谷原,79.2,大,10,79.8,43.9,2-2,美浦 伊藤圭,432,-8,
202506030403,2025-04-06,中山,3,3歳未勝利,ダ,1800,右,曇,稍,"3回 中山 4日目 サラ系３歳 未勝利       (混)[指] 馬齢 13頭 本賞金:560,220,140,84,56万円",13,560.0,1,7,11,グレイテストソング,牡,3,57.0,佐々木,114.9,,1,1.2,37.1,6-5-4-4,美浦 小笠,428,-4,
202506030403,2025-04-06,中山,3,3歳未勝利,ダ,1800,右,曇,稍,"3回 中山 4日目 サラ系３歳 未勝利       (混)[指] 馬齢 13頭 本賞金:560,220,140,84,56万円",13,560.0,2,8,13,キープオントップ,牡,3,54.0,▲長浜,115.3,2.1/2,3,18.2,37.6,3-3-3-2,美浦 西田,514,0,
202506030403,2025-04-06,中山,3,3歳未勝利,ダ,1800,右,曇,稍,"3回 中山 4日目 サラ系３歳 未勝利       (混)[指] 馬齢 13頭 本賞金:560,220,140,84,56万円",13,560.0,3,8,12,ティアップドライブ,牡,3,57.0,丸田,115.4,クビ,2,5.0,37.8,2-2-2-2,美浦 奥平,498,-4,
202506030403,2025-04-06,中山,3,3歳未勝利,ダ,1800,右,曇,稍,"3回 中山 4日目 サラ系３歳 未勝利       (混)[指] 馬齢 13頭 本賞金:560,220,140,84,56万円",13,560.0,4,5,6,ソラノキャンバス,セ,3,54.0,▲石神道,116.0,3.1/2,4,20.1,38.5,1-1-1-1,美浦 武井,420,-8,
202506030403,2025-04-06,中山,3,3歳未勝利,ダ,1800,右,曇,稍,"3回 中山 4日目 サラ系３歳 未勝利       (混)[指] 馬齢 13頭 本賞金:560,220,140,84,56万円",13,560.0,5,6,8,ナイトダンサー,牡,3,54.0,▲石田,117.0,6,10,172.3,38.9,7-7-6-5,美浦 佐藤吉,450,2,
202506030403,2025-04-06,中山,3,3歳未勝利,ダ,1800,右,曇,稍,"3回 中山 4日目 サラ系３歳 未勝利       (混)[指] 馬齢 13頭 本賞金:560,220,140,84,56万円",13,560.0,6,1,1,オンザバサラ,牡,3,57.0,木幡巧,117.2,3/4,5,27.3,39.0,7-7-7-7,美浦 大和田,470,-10,
202506030403,2025-04-06,中山,3,3歳未勝利,ダ,1800,右,曇,稍,"3回 中山 4日目 サラ系３歳 未勝利       (混)[指] 馬齢 13頭 本賞金:560,220,140,84,56万円",13,560.0,7,3,3,カフェヘニーハイ,牡,3,57.0,内田博,117.6,2.1/2,6,30.2,39.3,11-11-7-7,美浦 中舘,500,-8,
202506030403,2025-04-06,中山,3,3歳未勝利,ダ,1800,右,曇,稍,"3回 中山 4日目 サラ系３歳 未勝利       (混)[指] 馬齢 13頭 本賞金:560,220,140,84,56万円",13,560.0,8,4,4,ミルキーハニー,牝,3,52.0,▲上里,117.7,1/2,7,49.4,39.8,3-3-4-5,美浦 尾形,482,-2,
202506030403,2025-04-06,中山,3,3歳未勝利,ダ,1800,右,曇,稍,"3回 中山 4日目 サラ系３歳 未勝利       (混)[指] 馬齢 13頭 本賞金:560,220,140,84,56万円",13,560.0,9,5,7,グランスターオー,牡,3,54.0,▲水沼,118.2,3,11,212.7,39.6,5-5-9-9,美浦 加藤和,502,28,
202506030403,2025-04-06,中山,3,3歳未勝利,ダ,1800,右,曇,稍,"3回 中山 4日目 サラ系３歳 未勝利       (混)[指] 馬齢 13頭 本賞金:560,220,140,84,56万円",13,560.0,10,4,5,ハーレムシャフル,牡,3,57.0,北村宏,118.4,1,8,61.0,39.6,11-12-10-9,美浦 勢司,446,2,
202506030403,2025-04-06,中山,3,3歳未勝利,ダ,1800,右,曇,稍,"3回 中山 4日目 サラ系３歳 未勝利       (混)[指] 馬齢 13頭 本賞金:560,220,140,84,56万円",13,560.0,11,2,2,サンライズフーガ,牡,3,57.0,原,118.4,クビ,9,81.1,39.6,13-13-10-11,栗東 前川,476,4,
202506030403,2025-04-06,中山,3,3歳未勝利,ダ,1800,右,曇,稍,"3回 中山 4日目 サラ系３歳 未勝利       (混)[指] 馬齢 13頭 本賞金:560,220,140,84,56万円",13,560.0,12,6,9,ホウヨウムーン,牝,3,55.0,嶋田,118.6,1,12,221.6,39.4,9-10-13-12,美浦 伊坂,448,0,
202506030403,2025-04-06,中山,3,3歳未勝利,ダ,1800,右,曇,稍,"3回 中山 4日目 サラ系３歳 未勝利       (混)[指] 馬齢 13頭 本賞金:560,220,140,84,56万円",13,560.0,13,7,10,ニニンサンキャク,牡,3,57.0,原田和,122.9,大,13,417.2,44.0,10-9-12-12,美浦 蛯名利,436,-2,
202506030404,2025-04-06,中山,4,4歳以上障害未勝利,障,2880,,曇,良,"3回 中山 4日目 障害４歳以上 未勝利       定量 12頭 本賞金:840,340,210,130,84万円",12,840.0,1,7,9,メイショウカズサ,牡,8,60.0,森一,198.2,,5,7.7,13.8,2-2-2-1,栗東 安達,486,-4,
202506030404,2025-04-06,中山,4,4歳以上障害未勝利,障,2880,,曇,良,"3回 中山 4日目 障害４歳以上 未勝利       定量 12頭 本賞金:840,340,210,130,84万円",12,840.0,2,8,11,アルデドゥオーモ,牡,4,59.0,五十嵐,198.5,1.3/4,4,6.2,13.8,2-3-3-3,美浦 矢野,492,0,
202506030404,2025-04-06,中山,4,4歳以上障害未勝利,障,2880,,曇,良,"3回 中山 4日目 障害４歳以上 未勝利       定量 12頭 本賞金:840,340,210,130,84万円",12,840.0,3,3,3,アルカンサス,牡,6,57.0,▲土田,198.7,1.1/2,1,3.8,13.8,8-8-7-6,美浦 土田,486,2,
202506030404,2025-04-06,中山,4,4歳以上障害未勝利,障,2880,,曇,良,"3回 中山 4日目 障害４歳以上 未勝利       定量 12頭 本賞金:840,340,210,130,84万円",12,840.0,4,5,5,ウィズユアドリーム,牡,5,60.0,高田,198.8,3/4,2,4.2,13.8,5-5-5-5,栗東 宮地,504,0,
202506030404,2025-04-06,中山,4,4歳以上障害未勝利,障,2880,,曇,良,"3回 中山 4日目 障害４歳以上 未勝利       定量 12頭 本賞金:840,340,210,130,84万円",12,840.0,5,5,6,カルマンフィルター,牡,4,59.0,草野,198.8,ハナ,3,4.4,13.8,4-4-3-4,美浦 戸田,494,-4,
202506030404,2025-04-06,中山,4,4歳以上障害未勝利,障,2880,,曇,良,"3回 中山 4日目 障害４歳以上 未勝利       定量 12頭 本賞金:840,340,210,130,84万円",12,840.0,6,6,7,モーソンピーク,牡,8,57.0,▲坂口,199.4,3.1/2,6,9.5,13.8,7-7-8-8,美浦 浅利,510,-2,
202506030404,2025-04-06,中山,4,4歳以上障害未勝利,障,2880,,曇,良,"3回 中山 4日目 障害４歳以上 未勝利       定量 12頭 本賞金:840,340,210,130,84万円",12,840.0,7,7,10,アルマドラード,セ,7,60.0,上野,199.9,3,7,24.3,13.9,6-6-6-7,美浦 小笠,534,24,
202506030404,2025-04-06,中山,4,4歳以上障害未勝利,障,2880,,曇,良,"3回 中山 4日目 障害４歳以上 未勝利       定量 12頭 本賞金:840,340,210,130,84万円",12,840.0,8,8,12,ユイノコキュウ,牡,4,59.0,大江圭,200.1,1.1/4,8,31.4,13.9,1-1-1-2,美浦 竹内,484,4,
202506030404,2025-04-06,中山,4,4歳以上障害未勝利,障,2880,,曇,良,"3回 中山 4日目 障害４歳以上 未勝利       定量 12頭 本賞金:840,340,210,130,84万円",12,840.0,9,6,8,アルマーザアミール,牡,4,59.0,小牧加,201.0,5,9,41.0,14.0,8-9-9-9,栗東 斉藤崇,486,0,
202506030404,2025-04-06,中山,4,4歳以上障害未勝利,障,2880,,曇,良,"3回 中山 4日目 障害４歳以上 未勝利       定量 12頭 本賞金:840,340,210,130,84万円",12,840.0,10,1,1,ケンヴァイザッハ,牡,5,60.0,伴,201.2,3/4,12,123.5,14.0,10-10-10-9,美浦 石栗,448,6,
202506030404,2025-04-06,中山,4,4歳以上障害未勝利,障,2880,,曇,良,"3回 中山 4日目 障害４歳以上 未勝利       定量 12頭 本賞金:840,340,210,130,84万円",12,840.0,11,4,4,リーゼントジャンボ,牡,7,60.0,難波,202.3,7,10,71.7,14.0,11-11-10-11,美浦 小手川,528,2,
202506030404,2025-04-06,中山,4,4歳以上障害未勝利,障,2880,,曇,良,"3回 中山 4日目 障害４歳以上 未勝利       定量 12頭 本賞金:840,340,210,130,84万円",12,840.0,12,2,2,バレンタインソング,牡,5,60.0,黒岩,209.0,大,11,88.9,14.5,12-12-12-12,栗東 小崎,468,6,
202506030405,2025-04-06,中山,5,3歳未勝利,芝,1600,右,小雨,良,"3回 中山 4日目 サラ系３歳 未勝利       (混)[指] 馬齢 16頭 本賞金:560,220,140,84,56万円",16,560.0,1,3,5,ガーネットウインク,牝,3,52.0,▲石田,94.2,,4,10.5,34.4,6-6-5,美浦 小西,492,0,
202506030405,2025-04-06,中山,5,3歳未勝利,芝,1600,右,小雨,良,"3回 中山 4日目 サラ系３歳 未勝利       (混)[指] 馬齢 16頭 本賞金:560,220,140,84,56万円",16,560.0,2,2,4,コア,牡,3,57.0,石川,94.3,クビ,2,4.6,34.8,5-4-2,美浦 相沢,484,-4,
202506030405,2025-04-06,中山,5,3歳未勝利,芝,1600,右,小雨,良,"3回 中山 4日目 サラ系３歳 未勝利       (混)[指] 馬齢 16頭 本賞金:560,220,140,84,56万円",16,560.0,3,1,1,ルトンワージ,牡,3,57.0,杉原,94.7,2.1/2,1,1.9,35.2,2-4-5,美浦 斎藤誠,450,0,
202506030405,2025-04-06,中山,5,3歳未勝利,芝,1600,右,小雨,良,"3回 中山 4日目 サラ系３歳 未勝利       (混)[指] 馬齢 16頭 本賞金:560,220,140,84,56万円",16,560.0,4,2,3,オカゲサン,牡,3,54.0,▲石神道,94.8,3/4,7,15.8,34.9,12-8-8,美浦 尾形,498,2,
202506030405,2025-04-06,中山,5,3歳未勝利,芝,1600,右,小雨,良,"3回 中山 4日目 サラ系３歳 未勝利       (混)[指] 馬齢 16頭 本賞金:560,220,140,84,56万円",16,560.0,5,8,16,ダングラール,牡,3,54.0,▲舟山,94.9,3/4,6,13.2,35.6,2-2-1,美浦 田中博,462,-2,
202506030405,2025-04-06,中山,5,3歳未勝利,芝,1600,右,小雨,良,"3回 中山 4日目 サラ系３歳 未勝利       (混)[指] 馬齢 16頭 本賞金:560,220,140,84,56万円",16,560.0,6,5,10,ヤマノインパクト,牡,3,57.0,斎藤,95.1,1.1/4,14,231.0,35.1,6-10-10,美浦 本間,462,-4,
202506030405,2025-04-06,中山,5,3歳未勝利,芝,1600,右,小雨,良,"3回 中山 4日目 サラ系３歳 未勝利       (混)[指] 馬齢 16頭 本賞金:560,220,140,84,56万円",16,560.0,7,7,14,ジーティーレグルス,牡,3,57.0,大野,95.3,1.1/2,11,111.7,34.5,15-16-15,美浦 栗田,462,0,
202506030405,2025-04-06,中山,5,3歳未勝利,芝,1600,右,小雨,良,"3回 中山 4日目 サラ系３歳 未勝利       (混)[指] 馬齢 16頭 本賞金:560,220,140,84,56万円",16,560.0,8,6,12,ソランチャン,牝,3,55.0,原,95.5,1,10,84.6,35.6,12-8-8,美浦 小手川,426,-8,
202506030405,2025-04-06,中山,5,3歳未勝利,芝,1600,右,小雨,良,"3回 中山 4日目 サラ系３歳 未勝利       (混)[指] 馬齢 16頭 本賞金:560,220,140,84,56万円",16,560.0,9,5,9,ウインバーテックス,牡,3,54.0,▲長浜,95.5,アタマ,8,23.7,35.3,8-12-11,美浦 清水英,462,-2,
202506030405,2025-04-06,中山,5,3歳未勝利,芝,1600,右,小雨,良,"3回 中山 4日目 サラ系３歳 未勝利       (混)[指] 馬齢 16頭 本賞金:560,220,140,84,56万円",16,560.0,10,4,8,オーセンティアン,牝,3,55.0,荻野極,95.6,1/2,12,130.9,35.3,15-14-11,美浦 高橋文,462,4,
202506030405,2025-04-06,中山,5,3歳未勝利,芝,1600,右,小雨,良,"3回 中山 4日目 サラ系３歳 未勝利       (混)[指] 馬齢 16頭 本賞金:560,220,140,84,56万円",16,560.0,11,7,13,ヨタロー,牡,3,57.0,西村太,95.7,1,13,209.8,35.2,8-15-15,美浦 堀内,442,0,
202506030405,2025-04-06,中山,5,3歳未勝利,芝,1600,右,小雨,良,"3回 中山 4日目 サラ系３歳 未勝利       (混)[指] 馬齢 16頭 本賞金:560,220,140,84,56万円",16,560.0,12,6,11,ニットウアクシア,牝,3,55.0,松岡,95.8,1/2,5,13.0,36.5,1-2-2,美浦 稲垣,448,-4,
202506030405,2025-04-06,中山,5,3歳未勝利,芝,1600,右,小雨,良,"3回 中山 4日目 サラ系３歳 未勝利       (混)[指] 馬齢 16頭 本賞金:560,220,140,84,56万円",16,560.0,13,1,2,ホウオウハナビ,牝,3,55.0,丸田,95.9,クビ,3,9.7,36.7,2-1-2,美浦 奥村武,478,-8,
202506030405,2025-04-06,中山,5,3歳未勝利,芝,1600,右,小雨,良,"3回 中山 4日目 サラ系３歳 未勝利       (混)[指] 馬齢 16頭 本賞金:560,220,140,84,56万円",16,560.0,14,3,6,ペイシャキャット,牝,3,55.0,小林脩,96.1,1.1/4,9,74.2,36.3,10-6-5,美浦 粕谷,444,0,
202506030405,2025-04-06,中山,5,3歳未勝利,芝,1600,右,小雨,良,"3回 中山 4日目 サラ系３歳 未勝利       (混)[指] 馬齢 16頭 本賞金:560,220,140,84,56万円",16,560.0,15,4,7,ララセリーヌ,牝,3,55.0,木幡巧,96.4,1.3/4,15,309.0,36.2,12-12-11,美浦 牧,440,0,
202506030405,2025-04-06,中山,5,3歳未勝利,芝,1600,右,小雨,良,"3回 中山 4日目 サラ系３歳 未勝利       (混)[指] 馬齢 16頭 本賞金:560,220,140,84,56万円",16,560.0,16,8,15,ゼロファイター,セ,3,57.0,柴田大,96.5,3/4,16,407.8,36.5,10-10-11,美浦 和田雄,390,-18,
202506030406,2025-04-06,中山,6,3歳1勝クラス,ダ,1800,右,小雨,稍,"3回 中山 4日目 サラ系３歳 １勝クラス       (混)[指] 馬齢 14頭 本賞金:800,320,200,120,80万円",14,800.0,1,6,10,ゴッドエスパーダ,牡,3,57.0,角田和,113.3,,3,4.6,39.0,3-3-2-2,栗東 角田,480,4,
202506030406,2025-04-06,中山,6,3歳1勝クラス,ダ,1800,右,小雨,稍,"3回 中山 4日目 サラ系３歳 １勝クラス       (混)[指] 馬齢 14頭 本賞金:800,320,200,120,80万円",14,800.0,2,7,12,テンワンダーマン,牡,3,57.0,田辺,113.3,1/2,2,3.5,38.7,6-4-3-3,美浦 金成,502,10,
202506030406,2025-04-06,中山,6,3歳1勝クラス,ダ,1800,右,小雨,稍,"3回 中山 4日目 サラ系３歳 １勝クラス       (混)[指] 馬齢 14頭 本賞金:800,320,200,120,80万円",14,800.0,3,1,1,ニシノケンタマン,牡,3,57.0,内田博,113.8,3,11,96.7,39.0,7-7-6-5,美浦 深山,452,-2,
202506030406,2025-04-06,中山,6,3歳1勝クラス,ダ,1800,右,小雨,稍,"3回 中山 4日目 サラ系３歳 １勝クラス       (混)[指] 馬齢 14頭 本賞金:800,320,200,120,80万円",14,800.0,4,4,5,ハルノアラシ,牡,3,57.0,石川,113.9,クビ,6,20.8,38.5,13-13-10-8,美浦 相沢,510,-4,
202506030406,2025-04-06,中山,6,3歳1勝クラス,ダ,1800,右,小雨,稍,"3回 中山 4日目 サラ系３歳 １勝クラス       (混)[指] 馬齢 14頭 本賞金:800,320,200,120,80万円",14,800.0,5,8,13,キャストロププ,牡,3,57.0,石橋脩,114.0,1/2,8,32.8,38.6,10-10-10-8,美浦 尾形,492,-6,
202506030406,2025-04-06,中山,6,3歳1勝クラス,ダ,1800,右,小雨,稍,"3回 中山 4日目 サラ系３歳 １勝クラス       (混)[指] 馬齢 14頭 本賞金:800,320,200,120,80万円",14,800.0,6,5,7,ミライヘノカギ,牡,3,57.0,佐々木,114.1,1,4,5.0,39.5,4-4-3-4,美浦 上原佑,520,-12,
202506030406,2025-04-06,中山,6,3歳1勝クラス,ダ,1800,右,小雨,稍,"3回 中山 4日目 サラ系３歳 １勝クラス       (混)[指] 馬齢 14頭 本賞金:800,320,200,120,80万円",14,800.0,7,5,8,カージオイド,牡,3,57.0,大野,114.8,4,9,35.6,39.1,12-12-13-11,美浦 黒岩,514,-2,
202506030406,2025-04-06,中山,6,3歳1勝クラス,ダ,1800,右,小雨,稍,"3回 中山 4日目 サラ系３歳 １勝クラス       (混)[指] 馬齢 14頭 本賞金:800,320,200,120,80万円",14,800.0,8,8,14,タイヨウフレア,牝,3,55.0,斎藤,114.8,アタマ,14,336.5,39.7,10-10-8-5,美浦 杉浦,494,0,
202506030406,2025-04-06,中山,6,3歳1勝クラス,ダ,1800,右,小雨,稍,"3回 中山 4日目 サラ系３歳 １勝クラス       (混)[指] 馬齢 14頭 本賞金:800,320,200,120,80万円",14,800.0,9,7,11,リュミナーズ,牝,3,55.0,松岡,114.8,ハナ,10,46.4,39.9,8-7-6-5,美浦 堀内,446,0,
202506030406,2025-04-06,中山,6,3歳1勝クラス,ダ,1800,右,小雨,稍,"3回 中山 4日目 サラ系３歳 １勝クラス       (混)[指] 馬齢 14頭 本賞金:800,320,200,120,80万円",14,800.0,10,4,6,タイセイデクスター,牡,3,54.0,▲長浜,115.0,1.1/2,7,21.7,39.9,8-9-8-8,美浦 伊藤圭,484,-4,
202506030406,2025-04-06,中山,6,3歳1勝クラス,ダ,1800,右,小雨,稍,"3回 中山 4日目 サラ系３歳 １勝クラス       (混)[指] 馬齢 14頭 本賞金:800,320,200,120,80万円",14,800.0,11,3,4,チュウワクリスエス,牡,3,57.0,原田和,115.2,1.1/4,1,3.2,41.0,1-1-1-1,美浦 栗田,490,10,
202506030406,2025-04-06,中山,6,3歳1勝クラス,ダ,1800,右,小雨,稍,"3回 中山 4日目 サラ系３歳 １勝クラス       (混)[指] 馬齢 14頭 本賞金:800,320,200,120,80万円",14,800.0,12,3,3,ビッキーファースト,牡,3,57.0,菱田,115.7,3,13,126.4,40.0,14-14-13-11,栗東 武幸,488,0,
202506030406,2025-04-06,中山,6,3歳1勝クラス,ダ,1800,右,小雨,稍,"3回 中山 4日目 サラ系３歳 １勝クラス       (混)[指] 馬齢 14頭 本賞金:800,320,200,120,80万円",14,800.0,13,2,2,フィーチャリング,牡,3,57.0,原,116.9,7,5,19.3,41.4,4-4-12-14,美浦 和田郎,470,-2,
202506030406,2025-04-06,中山,6,3歳1勝クラス,ダ,1800,右,小雨,稍,"3回 中山 4日目 サラ系３歳 １勝クラス       (混)[指] 馬齢 14頭 本賞金:800,320,200,120,80万円",14,800.0,14,6,9,ダイチラポール,牡,3,57.0,木幡巧,118.4,9,12,116.4,43.9,2-2-3-13,美浦 蛯名利,474,4,
202506030407,2025-04-06,中山,7,3歳1勝クラス,芝,1600,右,曇,良,"3回 中山 4日目 サラ系３歳 １勝クラス       (混)(特指) 馬齢 9頭 本賞金:800,320,200,120,80万円",9,800.0,1,5,5,ジョイフルニュース,牝,3,55.0,佐々木,94.2,,1,1.9,34.3,2-2-4,美浦 大竹,450,8,
202506030407,2025-04-06,中山,7,3歳1勝クラス,芝,1600,右,曇,良,"3回 中山 4日目 サラ系３歳 １勝クラス       (混)(特指) 馬齢 9頭 本賞金:800,320,200,120,80万円",9,800.0,2,1,1,ゲンジ,牡,3,57.0,石川,94.5,1.3/4,8,35.5,34.0,7-8-7,美浦 尾形,416,-8,
202506030407,2025-04-06,中山,7,3歳1勝クラス,芝,1600,右,曇,良,"3回 中山 4日目 サラ系３歳 １勝クラス       (混)(特指) 馬齢 9頭 本賞金:800,320,200,120,80万円",9,800.0,3,2,2,チョングク,牡,3,57.0,丸田,94.6,クビ,3,8.7,34.2,9-8-4,美浦 南田,474,6,
202506030407,2025-04-06,中山,7,3歳1勝クラス,芝,1600,右,曇,良,"3回 中山 4日目 サラ系３歳 １勝クラス       (混)(特指) 馬齢 9頭 本賞金:800,320,200,120,80万円",9,800.0,4,8,9,デリュージョン,牡,3,57.0,斎藤,94.7,3/4,5,12.0,34.7,4-5-4,栗東 奥村豊,462,-2,
202506030407,2025-04-06,中山,7,3歳1勝クラス,芝,1600,右,曇,良,"3回 中山 4日目 サラ系３歳 １勝クラス       (混)(特指) 馬齢 9頭 本賞金:800,320,200,120,80万円",9,800.0,5,7,7,パワースナッチ,牡,3,57.0,津村,94.8,1,2,2.8,35.0,2-2-2,美浦 武市,442,-6,
202506030407,2025-04-06,中山,7,3歳1勝クラス,芝,1600,右,曇,良,"3回 中山 4日目 サラ系３歳 １勝クラス       (混)(特指) 馬齢 9頭 本賞金:800,320,200,120,80万円",9,800.0,6,8,8,バニーラビット,牡,3,57.0,菱田,95.2,2,7,33.6,35.3,4-2-2,栗東 武幸,486,-4,
202506030407,2025-04-06,中山,7,3歳1勝クラス,芝,1600,右,曇,良,"3回 中山 4日目 サラ系３歳 １勝クラス       (混)(特指) 馬齢 9頭 本賞金:800,320,200,120,80万円",9,800.0,7,4,4,ショウナンマリーナ,牝,3,55.0,荻野極,95.3,1/2,6,29.2,35.1,4-6-7,美浦 森一,422,-6,
202506030407,2025-04-06,中山,7,3歳1勝クラス,芝,1600,右,曇,良,"3回 中山 4日目 サラ系３歳 １勝クラス       (混)(特指) 馬齢 9頭 本賞金:800,320,200,120,80万円",9,800.0,8,6,6,クレオズニードル,牝,3,55.0,田辺,95.3,ハナ,4,10.1,35.6,1-1-1,美浦 和田勇,454,-8,
202506030407,2025-04-06,中山,7,3歳1勝クラス,芝,1600,右,曇,良,"3回 中山 4日目 サラ系３歳 １勝クラス       (混)(特指) 馬齢 9頭 本賞金:800,320,200,120,80万円",9,800.0,9,3,3,テリオスルナ,牝,3,55.0,菊沢,95.3,アタマ,9,70.3,35.0,7-7-7,美浦 高柳瑞,404,4,
202506030408,2025-04-06,中山,8,4歳以上1勝クラス,芝,1800,右,小雨,良,"3回 中山 4日目 サラ系４歳以上 １勝クラス       (混)[指] 定量 13頭 本賞金:800,320,200,120,80万円",13,800.0,1,5,6,ビジューブリランテ,セ,7,58.0,荻野極,108.6,,6,22.0,35.1,1-1-1-1,美浦 浅利,498,2,
202506030408,2025-04-06,中山,8,4歳以上1勝クラス,芝,1800,右,小雨,良,"3回 中山 4日目 サラ系４歳以上 １勝クラス       (混)[指] 定量 13頭 本賞金:800,320,200,120,80万円",13,800.0,2,8,12,ミッキースターダム,セ,4,58.0,石川,108.7,クビ,7,25.4,34.7,8-8-2-2,栗東 前川,454,-8,
202506030408,2025-04-06,中山,8,4歳以上1勝クラス,芝,1800,右,小雨,良,"3回 中山 4日目 サラ系４歳以上 １勝クラス       (混)[指] 定量 13頭 本賞金:800,320,200,120,80万円",13,800.0,3,3,3,ジーゲル,セ,4,55.0,▲舟山,108.9,1.1/2,2,5.8,34.6,2-2-4-3,美浦 田中博,408,4,
202506030408,2025-04-06,中山,8,4歳以上1勝クラス,芝,1800,右,小雨,良,"3回 中山 4日目 サラ系４歳以上 １勝クラス       (混)[指] 定量 13頭 本賞金:800,320,200,120,80万円",13,800.0,4,7,11,レイククレセント,牝,4,56.0,佐々木,109.0,3/4,1,1.6,34.7,6-6-4-3,美浦 大竹,426,6,
202506030408,2025-04-06,中山,8,4歳以上1勝クラス,芝,1800,右,小雨,良,"3回 中山 4日目 サラ系４歳以上 １勝クラス       (混)[指] 定量 13頭 本賞金:800,320,200,120,80万円",13,800.0,5,2,2,コスモバラタ,牡,5,58.0,津村,109.3,1.3/4,5,15.1,34.8,6-6-6-6,美浦 武市,482,14,
202506030408,2025-04-06,中山,8,4歳以上1勝クラス,芝,1800,右,小雨,良,"3回 中山 4日目 サラ系４歳以上 １勝クラス       (混)[指] 定量 13頭 本賞金:800,320,200,120,80万円",13,800.0,6,8,13,ジーティームテキ,牡,4,55.0,▲水沼,109.5,1,11,197.9,34.6,10-11-10-11,美浦 加藤和,466,0,
202506030408,2025-04-06,中山,8,4歳以上1勝クラス,芝,1800,右,小雨,良,"3回 中山 4日目 サラ系４歳以上 １勝クラス       (混)[指] 定量 13頭 本賞金:800,320,200,120,80万円",13,800.0,7,6,8,ロジウムエポック,牡,5,58.0,江田照,109.5,クビ,10,127.0,34.8,10-8-9-7,美浦 村田,482,-2,
202506030408,2025-04-06,中山,8,4歳以上1勝クラス,芝,1800,右,小雨,良,"3回 中山 4日目 サラ系４歳以上 １勝クラス       (混)[指] 定量 13頭 本賞金:800,320,200,120,80万円",13,800.0,8,4,5,アンティーゾ,牡,5,58.0,杉原,109.6,クビ,9,70.1,34.6,12-12-12-12,美浦 森一,538,17,
202506030408,2025-04-06,中山,8,4歳以上1勝クラス,芝,1800,右,小雨,良,"3回 中山 4日目 サラ系４歳以上 １勝クラス       (混)[指] 定量 13頭 本賞金:800,320,200,120,80万円",13,800.0,9,6,9,アオイメルスイ,牝,4,56.0,原,109.6,アタマ,4,8.4,35.4,3-3-3-3,美浦 小西,432,4,
202506030408,2025-04-06,中山,8,4歳以上1勝クラス,芝,1800,右,小雨,良,"3回 中山 4日目 サラ系４歳以上 １勝クラス       (混)[指] 定量 13頭 本賞金:800,320,200,120,80万円",13,800.0,10,4,4,アッシュバーグ,牝,4,56.0,斎藤,109.7,3/4,3,6.7,35.1,4-4-7-7,美浦 斎藤誠,512,-4,
202506030408,2025-04-06,中山,8,4歳以上1勝クラス,芝,1800,右,小雨,良,"3回 中山 4日目 サラ系４歳以上 １勝クラス       (混)[指] 定量 13頭 本賞金:800,320,200,120,80万円",13,800.0,11,1,1,デオヴォレンティ,牝,5,56.0,木幡巧,109.8,クビ,8,42.8,34.9,8-10-10-9,美浦 蛯名利,450,0,
202506030408,2025-04-06,中山,8,4歳以上1勝クラス,芝,1800,右,小雨,良,"3回 中山 4日目 サラ系４歳以上 １勝クラス       (混)[指] 定量 13頭 本賞金:800,320,200,120,80万円",13,800.0,12,7,10,スラーヴァ,牡,4,55.0,▲石神道,110.6,5,13,432.9,36.0,4-4-7-9,美浦 高橋文,484,0,
202506030408,2025-04-06,中山,8,4歳以上1勝クラス,芝,1800,右,小雨,良,"3回 中山 4日目 サラ系４歳以上 １勝クラス       (混)[指] 定量 13頭 本賞金:800,320,200,120,80万円",13,800.0,13,5,7,プレカーサー,牡,4,55.0,▲上里,111.5,5,12,314.7,35.8,13-13-13-13,美浦 加藤和,546,6,
202506030409,2025-04-06,中山,9,安房特別,芝,2500,右,小雨,良,"3回 中山 4日目 サラ系４歳以上 ２勝クラス       (混)[指] ハンデ 12頭 本賞金:1550,620,390,230,155万円",12,1550.0,1,7,9,レッドテリオス,牡,4,57.0,佐々木,152.5,,1,1.9,34.7,8-8-6-3,美浦 古賀,478,-4,
202506030409,2025-04-06,中山,9,安房特別,芝,2500,右,小雨,良,"3回 中山 4日目 サラ系４歳以上 ２勝クラス       (混)[指] ハンデ 12頭 本賞金:1550,620,390,230,155万円",12,1550.0,2,8,11,バレンタインガール,牝,4,52.0,内田博,153.2,4,12,174.4,34.9,10-10-12-10,美浦 古賀,468,-4,
202506030409,2025-04-06,中山,9,安房特別,芝,2500,右,小雨,良,"3回 中山 4日目 サラ系４歳以上 ２勝クラス       (混)[指] ハンデ 12頭 本賞金:1550,620,390,230,155万円",12,1550.0,3,5,6,ボクラヲツナグモノ,牡,4,53.0,荻野極,153.4,1,6,18.1,36.0,2-2-1-1,美浦 清水英,458,-2,
202506030409,2025-04-06,中山,9,安房特別,芝,2500,右,小雨,良,"3回 中山 4日目 サラ系４歳以上 ２勝クラス       (混)[指] ハンデ 12頭 本賞金:1550,620,390,230,155万円",12,1550.0,4,4,4,ハイラント,牡,4,56.0,北村宏,153.5,1,2,5.3,35.6,6-6-7-3,美浦 伊藤大,444,-8,
202506030409,2025-04-06,中山,9,安房特別,芝,2500,右,小雨,良,"3回 中山 4日目 サラ系４歳以上 ２勝クラス       (混)[指] ハンデ 12頭 本賞金:1550,620,390,230,155万円",12,1550.0,5,7,10,スピーディブレイク,牡,5,55.0,吉田豊,153.7,3/4,4,8.1,35.6,12-12-9-6,美浦 村田,454,-4,
202506030409,2025-04-06,中山,9,安房特別,芝,2500,右,小雨,良,"3回 中山 4日目 サラ系４歳以上 ２勝クラス       (混)[指] ハンデ 12頭 本賞金:1550,620,390,230,155万円",12,1550.0,6,6,8,サトノトルネード,牡,5,56.0,田辺,154.0,2,3,6.6,36.3,4-4-3-2,美浦 国枝,528,2,
202506030409,2025-04-06,中山,9,安房特別,芝,2500,右,小雨,良,"3回 中山 4日目 サラ系４歳以上 ２勝クラス       (混)[指] ハンデ 12頭 本賞金:1550,620,390,230,155万円",12,1550.0,7,8,12,チュウワモーニング,牝,5,52.0,小崎,154.0,クビ,7,23.1,35.9,8-8-9-10,栗東 小崎,460,-2,
202506030409,2025-04-06,中山,9,安房特別,芝,2500,右,小雨,良,"3回 中山 4日目 サラ系４歳以上 ２勝クラス       (混)[指] ハンデ 12頭 本賞金:1550,620,390,230,155万円",12,1550.0,8,2,2,ドゥレイクパセージ,牡,4,55.0,大野,154.1,1/2,5,10.5,36.1,7-6-7-6,美浦 堀,476,-2,
202506030409,2025-04-06,中山,9,安房特別,芝,2500,右,小雨,良,"3回 中山 4日目 サラ系４歳以上 ２勝クラス       (混)[指] ハンデ 12頭 本賞金:1550,620,390,230,155万円",12,1550.0,9,3,3,ナムアミダブツ,牡,8,54.0,原,154.2,クビ,8,39.6,36.1,11-10-9-12,美浦 加藤和,484,4,
202506030409,2025-04-06,中山,9,安房特別,芝,2500,右,小雨,良,"3回 中山 4日目 サラ系４歳以上 ２勝クラス       (混)[指] ハンデ 12頭 本賞金:1550,620,390,230,155万円",12,1550.0,10,5,5,エバーハンティング,牝,6,52.0,長浜,154.8,3.1/2,10,54.0,37.1,4-4-3-3,美浦 小島,422,-2,
202506030409,2025-04-06,中山,9,安房特別,芝,2500,右,小雨,良,"3回 中山 4日目 サラ系４歳以上 ２勝クラス       (混)[指] ハンデ 12頭 本賞金:1550,620,390,230,155万円",12,1550.0,11,1,1,ボンベール,牡,9,54.0,石橋脩,155.9,7,11,85.3,38.2,1-1-3-6,美浦 的場,502,-2,
202506030409,2025-04-06,中山,9,安房特別,芝,2500,右,小雨,良,"3回 中山 4日目 サラ系４歳以上 ２勝クラス       (混)[指] ハンデ 12頭 本賞金:1550,620,390,230,155万円",12,1550.0,12,6,7,キープスマイリング,牝,5,52.0,木幡巧,157.2,8,9,43.2,39.7,2-2-2-6,美浦 武井,548,-2,
202506030410,2025-04-06,中山,10,アリエスS,ダ,1800,右,晴,稍,"3回 中山 4日目 サラ系４歳以上 ３勝クラス       (混) 牝(特指) 定量 16頭 本賞金:1840,740,460,280,184万円",16,1840.0,1,1,1,マンマリアーレ,牝,5,56.0,荻野極,111.9,,3,5.3,37.5,7-6-5-4,美浦 高木,478,2,
202506030410,2025-04-06,中山,10,アリエスS,ダ,1800,右,晴,稍,"3回 中山 4日目 サラ系４歳以上 ３勝クラス       (混) 牝(特指) 定量 16頭 本賞金:1840,740,460,280,184万円",16,1840.0,2,6,12,リバートゥルー,牝,5,56.0,吉田豊,112.5,4,7,10.9,37.6,9-9-10-11,美浦 久保田,462,2,
202506030410,2025-04-06,中山,10,アリエスS,ダ,1800,右,晴,稍,"3回 中山 4日目 サラ系４歳以上 ３勝クラス       (混) 牝(特指) 定量 16頭 本賞金:1840,740,460,280,184万円",16,1840.0,3,8,16,メイショウポペット,牝,5,56.0,角田和,112.7,1.1/4,14,81.6,37.8,14-14-10-7,栗東 角田,480,-22,
202506030410,2025-04-06,中山,10,アリエスS,ダ,1800,右,晴,稍,"3回 中山 4日目 サラ系４歳以上 ３勝クラス       (混) 牝(特指) 定量 16頭 本賞金:1840,740,460,280,184万円",16,1840.0,4,4,8,アピーリングルック,牝,4,56.0,大野,112.8,1/2,1,3.0,38.1,7-8-7-7,美浦 辻,478,6,
202506030410,2025-04-06,中山,10,アリエスS,ダ,1800,右,晴,稍,"3回 中山 4日目 サラ系４歳以上 ３勝クラス       (混) 牝(特指) 定量 16頭 本賞金:1840,740,460,280,184万円",16,1840.0,5,6,11,サトノアイオライト,牝,4,56.0,北村宏,113.0,3/4,2,4.9,38.8,3-3-2-1,栗東 吉村,492,8,
202506030410,2025-04-06,中山,10,アリエスS,ダ,1800,右,晴,稍,"3回 中山 4日目 サラ系４歳以上 ３勝クラス       (混) 牝(特指) 定量 16頭 本賞金:1840,740,460,280,184万円",16,1840.0,6,8,15,メロウヴォイス,牝,6,56.0,内田博,113.1,3/4,12,66.2,37.8,12-12-15-14,美浦 上原博,466,-8,
202506030410,2025-04-06,中山,10,アリエスS,ダ,1800,右,晴,稍,"3回 中山 4日目 サラ系４歳以上 ３勝クラス       (混) 牝(特指) 定量 16頭 本賞金:1840,740,460,280,184万円",16,1840.0,7,2,3,アグラシアド,牝,5,56.0,丸山,113.2,3/4,10,49.8,37.6,16-16-16-16,栗東 中村,486,0,
202506030410,2025-04-06,中山,10,アリエスS,ダ,1800,右,晴,稍,"3回 中山 4日目 サラ系４歳以上 ３勝クラス       (混) 牝(特指) 定量 16頭 本賞金:1840,740,460,280,184万円",16,1840.0,8,3,6,メイショウコバト,牝,5,56.0,石橋脩,113.3,アタマ,15,131.1,38.5,12-12-9-7,美浦 和田勇,460,0,
202506030410,2025-04-06,中山,10,アリエスS,ダ,1800,右,晴,稍,"3回 中山 4日目 サラ系４歳以上 ３勝クラス       (混) 牝(特指) 定量 16頭 本賞金:1840,740,460,280,184万円",16,1840.0,9,4,7,サノノエスポ,牝,5,56.0,田辺,113.3,ハナ,13,69.4,38.1,15-15-13-12,美浦 中舘,464,-12,
202506030410,2025-04-06,中山,10,アリエスS,ダ,1800,右,晴,稍,"3回 中山 4日目 サラ系４歳以上 ３勝クラス       (混) 牝(特指) 定量 16頭 本賞金:1840,740,460,280,184万円",16,1840.0,10,7,14,セクシーブーケ,牝,4,56.0,杉原,113.6,1.3/4,4,10.5,38.6,10-9-10-12,栗東 田中克,450,4,
202506030410,2025-04-06,中山,10,アリエスS,ダ,1800,右,晴,稍,"3回 中山 4日目 サラ系４歳以上 ３勝クラス       (混) 牝(特指) 定量 16頭 本賞金:1840,740,460,280,184万円",16,1840.0,11,1,2,カマチョクイン,牝,5,56.0,菱田,113.7,3/4,8,22.8,39.4,4-4-4-4,栗東 橋口,466,4,
202506030410,2025-04-06,中山,10,アリエスS,ダ,1800,右,晴,稍,"3回 中山 4日目 サラ系４歳以上 ３勝クラス       (混) 牝(特指) 定量 16頭 本賞金:1840,740,460,280,184万円",16,1840.0,12,3,5,バロネッサ,牝,4,56.0,原,113.8,1/2,6,10.8,39.2,6-6-7-7,美浦 田中博,508,-6,
202506030410,2025-04-06,中山,10,アリエスS,ダ,1800,右,晴,稍,"3回 中山 4日目 サラ系４歳以上 ３勝クラス       (混) 牝(特指) 定量 16頭 本賞金:1840,740,460,280,184万円",16,1840.0,13,2,4,グレノークス,牝,5,56.0,野中,113.9,クビ,11,54.8,39.4,5-5-5-4,美浦 宮田,490,-2,
202506030410,2025-04-06,中山,10,アリエスS,ダ,1800,右,晴,稍,"3回 中山 4日目 サラ系４歳以上 ３勝クラス       (混) 牝(特指) 定量 16頭 本賞金:1840,740,460,280,184万円",16,1840.0,14,7,13,フレンチギフト,牝,6,56.0,斎藤,114.3,2.1/2,9,49.2,39.1,10-11-13-15,美浦 中川,484,6,
202506030410,2025-04-06,中山,10,アリエスS,ダ,1800,右,晴,稍,"3回 中山 4日目 サラ系４歳以上 ３勝クラス       (混) 牝(特指) 定量 16頭 本賞金:1840,740,460,280,184万円",16,1840.0,15,5,10,リフレクトザムーン,牝,4,56.0,小林美,114.6,1.3/4,16,175.2,40.4,2-2-2-2,美浦 尾形,454,-6,
202506030410,2025-04-06,中山,10,アリエスS,ダ,1800,右,晴,稍,"3回 中山 4日目 サラ系４歳以上 ３勝クラス       (混) 牝(特指) 定量 16頭 本賞金:1840,740,460,280,184万円",16,1840.0,16,5,9,フラッパールック,牝,5,56.0,津村,115.3,4,5,10.5,41.2,1-1-1-2,美浦 林,462,4,
202506030411,2025-04-06,中山,11,美浦S,芝,2000,右,晴,良,"3回 中山 4日目 サラ系４歳以上 ３勝クラス       (混)(特指) 定量 16頭 本賞金:1840,740,460,280,184万円",16,1840.0,1,3,6,レガーロデルシエロ,牡,4,58.0,荻野極,119.6,,1,3.4,35.1,6-7-7-9,美浦 栗田,528,14,
202506030411,2025-04-06,中山,11,美浦S,芝,2000,右,晴,良,"3回 中山 4日目 サラ系４歳以上 ３勝クラス       (混)(特指) 定量 16頭 本賞金:1840,740,460,280,184万円",16,1840.0,2,7,14,ワイドアラジン,牡,5,58.0,斎藤,119.7,3/4,7,24.6,35.5,5-5-3-3,栗東 奥村豊,482,-6,
202506030411,2025-04-06,中山,11,美浦S,芝,2000,右,晴,良,"3回 中山 4日目 サラ系４歳以上 ３勝クラス       (混)(特指) 定量 16頭 本賞金:1840,740,460,280,184万円",16,1840.0,3,1,2,ミスタージーティー,牡,4,58.0,津村,119.8,3/4,2,3.6,35.2,9-9-7-4,栗東 矢作,470,-12,
202506030411,2025-04-06,中山,11,美浦S,芝,2000,右,晴,良,"3回 中山 4日目 サラ系４歳以上 ３勝クラス       (混)(特指) 定量 16頭 本賞金:1840,740,460,280,184万円",16,1840.0,4,5,10,ブランデーロック,牡,6,58.0,原,119.9,クビ,10,46.1,35.1,11-11-11-7,美浦 青木,486,0,
202506030411,2025-04-06,中山,11,美浦S,芝,2000,右,晴,良,"3回 中山 4日目 サラ系４歳以上 ３勝クラス       (混)(特指) 定量 16頭 本賞金:1840,740,460,280,184万円",16,1840.0,5,3,5,インスタキング,牡,5,58.0,北村宏,120.0,1/2,6,18.1,34.8,15-15-14-11,美浦 蛯名正,534,-4,
202506030411,2025-04-06,中山,11,美浦S,芝,2000,右,晴,良,"3回 中山 4日目 サラ系４歳以上 ３勝クラス       (混)(特指) 定量 16頭 本賞金:1840,740,460,280,184万円",16,1840.0,6,7,13,マイネルニコラス,牡,6,58.0,柴田大,120.2,1.1/4,14,66.1,35.3,13-13-11-15,美浦 畠山,516,0,
202506030411,2025-04-06,中山,11,美浦S,芝,2000,右,晴,良,"3回 中山 4日目 サラ系４歳以上 ３勝クラス       (混)(特指) 定量 16頭 本賞金:1840,740,460,280,184万円",16,1840.0,7,4,8,セブンマジシャン,牡,5,58.0,佐々木,120.2,クビ,3,4.4,35.8,6-5-6-6,栗東 高野,502,-4,
202506030411,2025-04-06,中山,11,美浦S,芝,2000,右,晴,良,"3回 中山 4日目 サラ系４歳以上 ３勝クラス       (混)(特指) 定量 16頭 本賞金:1840,740,460,280,184万円",16,1840.0,8,8,16,キュクヌス,牝,4,56.0,石川,120.3,クビ,4,8.2,36.4,1-1-1-1,栗東 池江,452,2,
202506030411,2025-04-06,中山,11,美浦S,芝,2000,右,晴,良,"3回 中山 4日目 サラ系４歳以上 ３勝クラス       (混)(特指) 定量 16頭 本賞金:1840,740,460,280,184万円",16,1840.0,9,5,9,ルドヴィクス,牡,7,58.0,吉田豊,120.3,クビ,11,49.3,35.2,13-14-14-11,美浦 久保田,518,-2,
202506030411,2025-04-06,中山,11,美浦S,芝,2000,右,晴,良,"3回 中山 4日目 サラ系４歳以上 ３勝クラス       (混)(特指) 定量 16頭 本賞金:1840,740,460,280,184万円",16,1840.0,10,6,11,ファベル,牡,6,58.0,小崎,120.4,クビ,13,63.7,35.7,9-9-10-11,栗東 友道,438,-2,
202506030411,2025-04-06,中山,11,美浦S,芝,2000,右,晴,良,"3回 中山 4日目 サラ系４歳以上 ３勝クラス       (混)(特指) 定量 16頭 本賞金:1840,740,460,280,184万円",16,1840.0,11,6,12,パワーホール,セ,4,58.0,丸山,120.7,2,5,13.8,36.7,2-2-2-2,栗東 昆,490,0,
202506030411,2025-04-06,中山,11,美浦S,芝,2000,右,晴,良,"3回 中山 4日目 サラ系４歳以上 ３勝クラス       (混)(特指) 定量 16頭 本賞金:1840,740,460,280,184万円",16,1840.0,12,2,3,コスモフロイデ,牡,6,58.0,松岡,120.8,クビ,12,55.9,36.0,11-11-11-11,美浦 天間,482,0,
202506030411,2025-04-06,中山,11,美浦S,芝,2000,右,晴,良,"3回 中山 4日目 サラ系４歳以上 ３勝クラス       (混)(特指) 定量 16頭 本賞金:1840,740,460,280,184万円",16,1840.0,13,2,4,ジュノー,セ,7,58.0,江田照,120.9,3/4,16,181.7,36.7,3-3-3-4,美浦 田中勝,530,6,
202506030411,2025-04-06,中山,11,美浦S,芝,2000,右,晴,良,"3回 中山 4日目 サラ系４歳以上 ３勝クラス       (混)(特指) 定量 16頭 本賞金:1840,740,460,280,184万円",16,1840.0,14,1,1,エスコバル,セ,7,58.0,大野,121.2,1.3/4,8,27.3,36.7,6-7-7-7,美浦 堀,526,14,
202506030411,2025-04-06,中山,11,美浦S,芝,2000,右,晴,良,"3回 中山 4日目 サラ系４歳以上 ３勝クラス       (混)(特指) 定量 16頭 本賞金:1840,740,460,280,184万円",16,1840.0,15,8,15,シュタールヴィント,牡,5,58.0,内田博,121.4,1,9,31.3,37.1,3-3-3-9,栗東 矢作,462,16,
202506030411,2025-04-06,中山,11,美浦S,芝,2000,右,晴,良,"3回 中山 4日目 サラ系４歳以上 ３勝クラス       (混)(特指) 定量 16頭 本賞金:1840,740,460,280,184万円",16,1840.0,16,4,7,アスクオンディープ,セ,6,58.0,菱田,124.3,大,15,72.3,38.5,16-16-16-16,栗東 前川,484,-2,
202506030412,2025-04-06,中山,12,4歳以上2勝クラス,ダ,1200,右,晴,稍,"3回 中山 4日目 サラ系４歳以上 ２勝クラス       (混)[指] 定量 15頭 本賞金:1140,460,290,170,114万円",15,1140.0,1,6,10,ネイト,牝,6,53.0,▲長浜,71.5,,1,1.7,35.8,1-1,栗東 小栗,450,-6,
202506030412,2025-04-06,中山,12,4歳以上2勝クラス,ダ,1200,右,晴,稍,"3回 中山 4日目 サラ系４歳以上 ２勝クラス       (混)[指] 定量 15頭 本賞金:1140,460,290,170,114万円",15,1140.0,2,5,8,メジャーデビュー,牝,4,56.0,石橋脩,71.9,2.1/2,2,4.9,36.0,3-3,美浦 鈴木慎,440,0,
202506030412,2025-04-06,中山,12,4歳以上2勝クラス,ダ,1200,右,晴,稍,"3回 中山 4日目 サラ系４歳以上 ２勝クラス       (混)[指] 定量 15頭 本賞金:1140,460,290,170,114万円",15,1140.0,3,2,2,メモリーグラス,牡,5,58.0,佐々木,72.3,2,3,6.2,36.5,2-2,美浦 松永康,486,0,
202506030412,2025-04-06,中山,12,4歳以上2勝クラス,ダ,1200,右,晴,稍,"3回 中山 4日目 サラ系４歳以上 ２勝クラス       (混)[指] 定量 15頭 本賞金:1140,460,290,170,114万円",15,1140.0,4,3,4,エコロドゥネス,牡,5,58.0,津村,72.4,1,8,34.3,36.2,5-4,美浦 加藤征,510,-4,
202506030412,2025-04-06,中山,12,4歳以上2勝クラス,ダ,1200,右,晴,稍,"3回 中山 4日目 サラ系４歳以上 ２勝クラス       (混)[指] 定量 15頭 本賞金:1140,460,290,170,114万円",15,1140.0,5,4,7,クラリティスケール,牝,6,56.0,原,72.4,ハナ,10,83.6,36.1,7-6,栗東 藤野,460,0,
202506030412,2025-04-06,中山,12,4歳以上2勝クラス,ダ,1200,右,晴,稍,"3回 中山 4日目 サラ系４歳以上 ２勝クラス       (混)[指] 定量 15頭 本賞金:1140,460,290,170,114万円",15,1140.0,6,7,13,ランタナヒルズ,牝,4,56.0,丸田,72.5,1/2,7,30.4,35.9,9-8,美浦 田中勝,462,6,
202506030412,2025-04-06,中山,12,4歳以上2勝クラス,ダ,1200,右,晴,稍,"3回 中山 4日目 サラ系４歳以上 ２勝クラス       (混)[指] 定量 15頭 本賞金:1140,460,290,170,114万円",15,1140.0,7,1,1,キボウノホシ,セ,6,58.0,荻野極,72.6,1/2,5,15.5,36.6,4-4,美浦 奥平,488,-6,
202506030412,2025-04-06,中山,12,4歳以上2勝クラス,ダ,1200,右,晴,稍,"3回 中山 4日目 サラ系４歳以上 ２勝クラス       (混)[指] 定量 15頭 本賞金:1140,460,290,170,114万円",15,1140.0,8,2,3,アポロプラネット,牡,6,55.0,▲佐藤,72.9,1.3/4,13,146.5,36.1,10-10,美浦 伊藤圭,500,-6,
202506030412,2025-04-06,中山,12,4歳以上2勝クラス,ダ,1200,右,晴,稍,"3回 中山 4日目 サラ系４歳以上 ２勝クラス       (混)[指] 定量 15頭 本賞金:1140,460,290,170,114万円",15,1140.0,9,6,11,ウォルラス,牡,5,58.0,宮崎,72.9,ハナ,4,10.9,36.7,5-6,美浦 中川,516,4,
202506030412,2025-04-06,中山,12,4歳以上2勝クラス,ダ,1200,右,晴,稍,"3回 中山 4日目 サラ系４歳以上 ２勝クラス       (混)[指] 定量 15頭 本賞金:1140,460,290,170,114万円",15,1140.0,10,8,14,コスモルーテウス,牡,6,58.0,木幡巧,73.0,クビ,9,67.8,36.5,8-8,美浦 伊藤大,484,-12,
202506030412,2025-04-06,中山,12,4歳以上2勝クラス,ダ,1200,右,晴,稍,"3回 中山 4日目 サラ系４歳以上 ２勝クラス       (混)[指] 定量 15頭 本賞金:1140,460,290,170,114万円",15,1140.0,11,3,5,イルザ,牝,6,56.0,石川,73.0,クビ,6,28.1,35.9,13-12,美浦 小手川,468,-2,
202506030412,2025-04-06,中山,12,4歳以上2勝クラス,ダ,1200,右,晴,稍,"3回 中山 4日目 サラ系４歳以上 ２勝クラス       (混)[指] 定量 15頭 本賞金:1140,460,290,170,114万円",15,1140.0,12,4,6,トロピカルヒーロー,牡,5,58.0,野中,73.1,1/2,11,107.8,35.6,14-14,美浦 根本,538,4,
202506030412,2025-04-06,中山,12,4歳以上2勝クラス,ダ,1200,右,晴,稍,"3回 中山 4日目 サラ系４歳以上 ２勝クラス       (混)[指] 定量 15頭 本賞金:1140,460,290,170,114万円",15,1140.0,13,5,9,フィールザワールド,牡,7,58.0,田辺,73.6,3,12,122.2,36.8,10-10,美浦 岩戸,480,-2,
202506030412,2025-04-06,中山,12,4歳以上2勝クラス,ダ,1200,右,晴,稍,"3回 中山 4日目 サラ系４歳以上 ２勝クラス       (混)[指] 定量 15頭 本賞金:1140,460,290,170,114万円",15,1140.0,14,8,15,ブロンディール,牝,5,56.0,内田博,73.8,1.1/2,14,155.5,36.2,15-15,美浦 深山,470,-10,
202506030412,2025-04-06,中山,12,4歳以上2勝クラス,ダ,1200,右,晴,稍,"3回 中山 4日目 サラ系４歳以上 ２勝クラス       (混)[指] 定量 15頭 本賞金:1140,460,290,170,114万円",15,1140.0,15,7,12,ビヨンドザシーン,牡,7,58.0,黛,74.0,1.1/4,15,279.1,37.2,10-12,美浦 南田,468,8,
202509020401,2025-04-06,阪神,1,3歳未勝利,ダ,1200,右,晴,良,"2回 阪神 4日目 サラ系３歳 未勝利       牝[指] 馬齢 16頭 本賞金:560,220,140,84,56万円",16,560.0,1,3,5,バシリス,牝,3,55.0,松山,73.4,,1,1.6,37.9,1-1,栗東 寺島,460,10,
202509020401,2025-04-06,阪神,1,3歳未勝利,ダ,1200,右,晴,良,"2回 阪神 4日目 サラ系３歳 未勝利       牝[指] 馬齢 16頭 本賞金:560,220,140,84,56万円",16,560.0,2,4,8,パッションディーバ,牝,3,55.0,横山和,73.9,3,3,8.1,37.3,10-8,栗東 四位,422,-4,
202509020401,2025-04-06,阪神,1,3歳未勝利,ダ,1200,右,晴,良,"2回 阪神 4日目 サラ系３歳 未勝利       牝[指] 馬齢 16頭 本賞金:560,220,140,84,56万円",16,560.0,3,7,14,ペンテリコン,牝,3,55.0,丹内,74.1,1.1/2,2,5.2,38.3,3-3,栗東 武幸,488,-2,
202509020401,2025-04-06,阪神,1,3歳未勝利,ダ,1200,右,晴,良,"2回 阪神 4日目 サラ系３歳 未勝利       牝[指] 馬齢 16頭 本賞金:560,220,140,84,56万円",16,560.0,4,2,4,ヤマニンレセディ,牝,3,55.0,団野,74.2,1/2,6,27.3,38.4,3-3,栗東 長谷川,456,-6,
202509020401,2025-04-06,阪神,1,3歳未勝利,ダ,1200,右,晴,良,"2回 阪神 4日目 サラ系３歳 未勝利       牝[指] 馬齢 16頭 本賞金:560,220,140,84,56万円",16,560.0,5,8,16,ワンダーアンジェ,牝,3,55.0,川又,74.6,2.1/2,9,35.7,37.6,11-11,栗東 吉村,454,-4,
202509020401,2025-04-06,阪神,1,3歳未勝利,ダ,1200,右,晴,良,"2回 阪神 4日目 サラ系３歳 未勝利       牝[指] 馬齢 16頭 本賞金:560,220,140,84,56万円",16,560.0,6,1,2,エルサトアナ,牝,3,54.0,☆松本,74.7,3/4,4,8.2,38.6,6-6,栗東 本田,416,2,
202509020401,2025-04-06,阪神,1,3歳未勝利,ダ,1200,右,晴,良,"2回 阪神 4日目 サラ系３歳 未勝利       牝[指] 馬齢 16頭 本賞金:560,220,140,84,56万円",16,560.0,7,3,6,イチトゼロノアイダ,牝,3,55.0,和田竜,74.9,1.1/4,5,20.6,39.1,3-2,栗東 石坂,482,4,
202509020401,2025-04-06,阪神,1,3歳未勝利,ダ,1200,右,晴,良,"2回 阪神 4日目 サラ系３歳 未勝利       牝[指] 馬齢 16頭 本賞金:560,220,140,84,56万円",16,560.0,8,2,3,ホルンフェルス,牝,3,55.0,横山典,75.0,クビ,7,27.4,36.8,14-14,栗東 河嶋,470,0,
202509020401,2025-04-06,阪神,1,3歳未勝利,ダ,1200,右,晴,良,"2回 阪神 4日目 サラ系３歳 未勝利       牝[指] 馬齢 16頭 本賞金:560,220,140,84,56万円",16,560.0,9,4,7,アツィオーネ,牝,3,52.0,▲橋木,75.0,クビ,10,59.9,37.5,12-12,栗東 西園正,476,0,
202509020401,2025-04-06,阪神,1,3歳未勝利,ダ,1200,右,晴,良,"2回 阪神 4日目 サラ系３歳 未勝利       牝[指] 馬齢 16頭 本賞金:560,220,140,84,56万円",16,560.0,10,1,1,サウンドアンフィニ,牝,3,52.0,▲田山,75.1,1/2,14,362.3,38.6,9-8,栗東 安達,504,-6,
202509020401,2025-04-06,阪神,1,3歳未勝利,ダ,1200,右,晴,良,"2回 阪神 4日目 サラ系３歳 未勝利       牝[指] 馬齢 16頭 本賞金:560,220,140,84,56万円",16,560.0,11,5,10,アカイツキ,牝,3,55.0,松若,75.4,1.1/2,13,336.8,37.7,13-12,栗東 牧田,488,-4,
202509020401,2025-04-06,阪神,1,3歳未勝利,ダ,1200,右,晴,良,"2回 阪神 4日目 サラ系３歳 未勝利       牝[指] 馬齢 16頭 本賞金:560,220,140,84,56万円",16,560.0,12,6,12,ヨリナスウィート,牝,3,55.0,川須,76.1,4,11,85.8,39.9,8-6,栗東 河嶋,496,2,
202509020401,2025-04-06,阪神,1,3歳未勝利,ダ,1200,右,晴,良,"2回 阪神 4日目 サラ系３歳 未勝利       牝[指] 馬齢 16頭 本賞金:560,220,140,84,56万円",16,560.0,13,8,15,メイショウトキイロ,牝,3,52.0,▲柴田裕,76.1,クビ,12,230.7,37.3,15-15,栗東 秋山,476,0,
202509020401,2025-04-06,阪神,1,3歳未勝利,ダ,1200,右,晴,良,"2回 阪神 4日目 サラ系３歳 未勝利       牝[指] 馬齢 16頭 本賞金:560,220,140,84,56万円",16,560.0,14,5,9,テイエムダイスター,牝,3,55.0,鮫島駿,76.6,3,8,31.9,40.3,6-8,栗東 宮地,436,2,
202509020401,2025-04-06,阪神,1,3歳未勝利,ダ,1200,右,晴,良,"2回 阪神 4日目 サラ系３歳 未勝利       牝[指] 馬齢 16頭 本賞金:560,220,140,84,56万円",16,560.0,15,6,11,フェアーメロディ,牝,3,55.0,藤懸,77.6,6,16,379.9,38.4,16-16,栗東 高橋忠,440,-4,
202509020401,2025-04-06,阪神,1,3歳未勝利,ダ,1200,右,晴,良,"2回 阪神 4日目 サラ系３歳 未勝利       牝[指] 馬齢 16頭 本賞金:560,220,140,84,56万円",16,560.0,16,7,13,レディココア,牝,3,55.0,長岡,78.7,7,15,376.9,43.1,2-5,栗東 杉山佳,436,0,
202509020402,2025-04-06,阪神,2,3歳未勝利,ダ,1800,右,晴,良,"2回 阪神 4日目 サラ系３歳 未勝利       (混)[指] 馬齢 16頭 本賞金:560,220,140,84,56万円",16,560.0,1,2,4,ブラックアダマス,牡,3,57.0,松山,113.2,,2,4.0,36.7,1-1-1-1,栗東 杉山晴,516,4,
202509020402,2025-04-06,阪神,2,3歳未勝利,ダ,1800,右,晴,良,"2回 阪神 4日目 サラ系３歳 未勝利       (混)[指] 馬齢 16頭 本賞金:560,220,140,84,56万円",16,560.0,2,5,9,ハミルトン,牡,3,57.0,モレイ,115.0,大,1,1.3,38.0,4-5-6-4,栗東 高野,504,-6,
202509020402,2025-04-06,阪神,2,3歳未勝利,ダ,1800,右,晴,良,"2回 阪神 4日目 サラ系３歳 未勝利       (混)[指] 馬齢 16頭 本賞金:560,220,140,84,56万円",16,560.0,3,3,6,メイショウライズ,牡,3,57.0,和田竜,115.0,クビ,3,12.3,38.0,9-9-6-4,栗東 安達,498,0,
202509020402,2025-04-06,阪神,2,3歳未勝利,ダ,1800,右,晴,良,"2回 阪神 4日目 サラ系３歳 未勝利       (混)[指] 馬齢 16頭 本賞金:560,220,140,84,56万円",16,560.0,4,2,3,シャドーストライク,牡,3,57.0,西村淳,115.5,3,5,29.4,38.8,4-3-3-3,栗東 茶木,476,2,
202509020402,2025-04-06,阪神,2,3歳未勝利,ダ,1800,右,晴,良,"2回 阪神 4日目 サラ系３歳 未勝利       (混)[指] 馬齢 16頭 本賞金:560,220,140,84,56万円",16,560.0,5,4,7,ジャスティントレノ,牡,3,57.0,泉谷,115.6,クビ,7,80.9,39.0,2-2-2-2,栗東 杉山晴,478,-2,
202509020402,2025-04-06,阪神,2,3歳未勝利,ダ,1800,右,晴,良,"2回 阪神 4日目 サラ系３歳 未勝利       (混)[指] 馬齢 16頭 本賞金:560,220,140,84,56万円",16,560.0,6,1,1,アインプレーゲン,牡,3,56.0,☆高杉,116.1,3.1/2,4,19.3,38.3,13-14-10-10,栗東 井上,546,0,
202509020402,2025-04-06,阪神,2,3歳未勝利,ダ,1800,右,晴,良,"2回 阪神 4日目 サラ系３歳 未勝利       (混)[指] 馬齢 16頭 本賞金:560,220,140,84,56万円",16,560.0,7,8,15,ダシータピット,牡,3,57.0,池添,116.2,クビ,11,156.6,39.4,4-5-3-4,栗東 中竹,466,6,
202509020402,2025-04-06,阪神,2,3歳未勝利,ダ,1800,右,晴,良,"2回 阪神 4日目 サラ系３歳 未勝利       (混)[指] 馬齢 16頭 本賞金:560,220,140,84,56万円",16,560.0,8,7,13,カラーズリング,牝,3,52.0,▲柴田裕,117.0,5,10,151.6,39.4,7-7-9-8,栗東 羽月,390,-8,
202509020402,2025-04-06,阪神,2,3歳未勝利,ダ,1800,右,晴,良,"2回 阪神 4日目 サラ系３歳 未勝利       (混)[指] 馬齢 16頭 本賞金:560,220,140,84,56万円",16,560.0,9,6,11,ビッグビート,牡,3,57.0,松若,118.1,7,14,361.0,41.1,3-3-3-7,栗東 高橋康,474,0,
202509020402,2025-04-06,阪神,2,3歳未勝利,ダ,1800,右,晴,良,"2回 阪神 4日目 サラ系３歳 未勝利       (混)[指] 馬齢 16頭 本賞金:560,220,140,84,56万円",16,560.0,10,6,12,ワンオールショット,牡,3,55.0,△吉村,118.3,1.1/2,8,88.2,40.8,7-7-8-8,栗東 清水久,456,2,
202509020402,2025-04-06,阪神,2,3歳未勝利,ダ,1800,右,晴,良,"2回 阪神 4日目 サラ系３歳 未勝利       (混)[指] 馬齢 16頭 本賞金:560,220,140,84,56万円",16,560.0,11,7,14,ハナカホノカ,牝,3,52.0,▲川端,118.5,3/4,13,266.4,40.1,11-11-14-13,栗東 宮本,456,4,
202509020402,2025-04-06,阪神,2,3歳未勝利,ダ,1800,右,晴,良,"2回 阪神 4日目 サラ系３歳 未勝利       (混)[指] 馬齢 16頭 本賞金:560,220,140,84,56万円",16,560.0,12,8,16,テリオスミナ,牝,3,55.0,Ｍデム,118.5,アタマ,12,200.2,40.1,10-10-13-14,栗東 松下,412,-2,
202509020402,2025-04-06,阪神,2,3歳未勝利,ダ,1800,右,晴,良,"2回 阪神 4日目 サラ系３歳 未勝利       (混)[指] 馬齢 16頭 本賞金:560,220,140,84,56万円",16,560.0,13,5,10,ソリッドスフィア,牡,3,57.0,城戸,118.6,1/2,15,541.0,40.4,14-13-12-12,栗東 高橋一,442,6,
202509020402,2025-04-06,阪神,2,3歳未勝利,ダ,1800,右,晴,良,"2回 阪神 4日目 サラ系３歳 未勝利       (混)[指] 馬齢 16頭 本賞金:560,220,140,84,56万円",16,560.0,14,3,5,ジーティーララバイ,牝,3,52.0,▲古川奈,119.1,3,6,78.2,41.3,12-11-10-11,栗東 矢作,506,0,
202509020402,2025-04-06,阪神,2,3歳未勝利,ダ,1800,右,晴,良,"2回 阪神 4日目 サラ系３歳 未勝利       (混)[指] 馬齢 16頭 本賞金:560,220,140,84,56万円",16,560.0,15,1,2,テーオーニルソン,牝,3,55.0,団野,119.8,4,9,137.4,41.1,15-15-15-14,栗東 梅田,448,-12,
202509020402,2025-04-06,阪神,2,3歳未勝利,ダ,1800,右,晴,良,"2回 阪神 4日目 サラ系３歳 未勝利       (混)[指] 馬齢 16頭 本賞金:560,220,140,84,56万円",16,560.0,,4,8,ゼンエスポワール,牡,3,57.0,横山典,,,,,,,栗東 飯田,510,0,除外
202509020403,2025-04-06,阪神,3,3歳未勝利,ダ,1400,右,晴,良,"2回 阪神 4日目 サラ系３歳 未勝利       [指] 馬齢 16頭 本賞金:560,220,140,84,56万円",16,560.0,1,8,16,ザックザク,牡,3,57.0,西村淳,85.9,,2,3.0,37.5,3-3,栗東 渡辺,516,2,
202509020403,2025-04-06,阪神,3,3歳未勝利,ダ,1400,右,晴,良,"2回 阪神 4日目 サラ系３歳 未勝利       [指] 馬齢 16頭 本賞金:560,220,140,84,56万円",16,560.0,2,7,14,エイシンマールス,牡,3,57.0,和田竜,86.1,1.1/4,5,16.8,37.9,2-1,栗東 今野,464,-2,
202509020403,2025-04-06,阪神,3,3歳未勝利,ダ,1400,右,晴,良,"2回 阪神 4日目 サラ系３歳 未勝利       [指] 馬齢 16頭 本賞金:560,220,140,84,56万円",16,560.0,3,4,7,モズケイスター,牡,3,56.0,☆高杉,86.3,1,3,4.5,37.8,3-4,栗東 高柳大,462,0,
202509020403,2025-04-06,阪神,3,3歳未勝利,ダ,1400,右,晴,良,"2回 阪神 4日目 サラ系３歳 未勝利       [指] 馬齢 16頭 本賞金:560,220,140,84,56万円",16,560.0,4,5,10,ソリスクラヴィス,牡,3,57.0,モレイ,86.5,1.1/4,1,2.5,38.0,6-4,栗東 西園正,506,0,
202509020403,2025-04-06,阪神,3,3歳未勝利,ダ,1400,右,晴,良,"2回 阪神 4日目 サラ系３歳 未勝利       [指] 馬齢 16頭 本賞金:560,220,140,84,56万円",16,560.0,5,2,3,タガノテツ,牡,3,57.0,田中健,86.9,2.1/2,8,34.6,38.1,9-9,栗東 荒川,458,-4,
202509020403,2025-04-06,阪神,3,3歳未勝利,ダ,1400,右,晴,良,"2回 阪神 4日目 サラ系３歳 未勝利       [指] 馬齢 16頭 本賞金:560,220,140,84,56万円",16,560.0,6,1,1,モズフラッシュ,牝,3,55.0,古川吉,87.1,1,11,100.1,37.3,16-15,栗東 畑端,512,0,
202509020403,2025-04-06,阪神,3,3歳未勝利,ダ,1400,右,晴,良,"2回 阪神 4日目 サラ系３歳 未勝利       [指] 馬齢 16頭 本賞金:560,220,140,84,56万円",16,560.0,7,4,8,コトリノサエズリ,牝,3,55.0,田口,87.3,1.1/4,9,48.3,38.7,6-6,栗東 小崎,466,-6,
202509020403,2025-04-06,阪神,3,3歳未勝利,ダ,1400,右,晴,良,"2回 阪神 4日目 サラ系３歳 未勝利       [指] 馬齢 16頭 本賞金:560,220,140,84,56万円",16,560.0,8,5,9,バスキュラリティ,牡,3,57.0,鮫島駿,87.3,クビ,10,56.5,38.5,9-6,栗東 羽月,464,-4,
202509020403,2025-04-06,阪神,3,3歳未勝利,ダ,1400,右,晴,良,"2回 阪神 4日目 サラ系３歳 未勝利       [指] 馬齢 16頭 本賞金:560,220,140,84,56万円",16,560.0,9,6,12,ファントムブラッド,牡,3,57.0,荻野琢,87.6,2,6,25.9,38.4,13-13,栗東 大久保,490,0,
202509020403,2025-04-06,阪神,3,3歳未勝利,ダ,1400,右,晴,良,"2回 阪神 4日目 サラ系３歳 未勝利       [指] 馬齢 16頭 本賞金:560,220,140,84,56万円",16,560.0,10,3,6,サイモンバズユー,牡,3,57.0,Ｍデム,87.6,アタマ,4,13.6,38.6,12-6,栗東 牧浦,510,2,
202509020403,2025-04-06,阪神,3,3歳未勝利,ダ,1400,右,晴,良,"2回 阪神 4日目 サラ系３歳 未勝利       [指] 馬齢 16頭 本賞金:560,220,140,84,56万円",16,560.0,11,2,4,エスタア,牡,3,57.0,横山和,88.0,2.1/2,7,34.6,39.3,8-9,栗東 須貝,494,-4,
202509020403,2025-04-06,阪神,3,3歳未勝利,ダ,1400,右,晴,良,"2回 阪神 4日目 サラ系３歳 未勝利       [指] 馬齢 16頭 本賞金:560,220,140,84,56万円",16,560.0,12,8,15,ブルロッソ,牝,3,55.0,幸,88.7,4,16,324.8,39.2,14-14,栗東 森田,442,0,
202509020403,2025-04-06,阪神,3,3歳未勝利,ダ,1400,右,晴,良,"2回 阪神 4日目 サラ系３歳 未勝利       [指] 馬齢 16頭 本賞金:560,220,140,84,56万円",16,560.0,13,6,11,サトノフォーミュラ,牡,3,54.0,▲柴田裕,88.8,3/4,14,306.6,40.6,1-2,栗東 中竹,482,2,
202509020403,2025-04-06,阪神,3,3歳未勝利,ダ,1400,右,晴,良,"2回 阪神 4日目 サラ系３歳 未勝利       [指] 馬齢 16頭 本賞金:560,220,140,84,56万円",16,560.0,14,1,2,フォードスピリット,牡,3,55.0,△吉村,88.9,3/4,13,219.8,40.4,3-9,栗東 清水久,514,-2,
202509020403,2025-04-06,阪神,3,3歳未勝利,ダ,1400,右,晴,良,"2回 阪神 4日目 サラ系３歳 未勝利       [指] 馬齢 16頭 本賞金:560,220,140,84,56万円",16,560.0,15,3,5,ティルナノーグ,牡,3,57.0,高倉,89.1,1.1/4,15,315.6,39.7,14-15,栗東 武英,470,-4,
202509020403,2025-04-06,阪神,3,3歳未勝利,ダ,1400,右,晴,良,"2回 阪神 4日目 サラ系３歳 未勝利       [指] 馬齢 16頭 本賞金:560,220,140,84,56万円",16,560.0,16,7,13,ドットゲット,牡,3,56.0,☆西塚,90.4,8,12,121.1,41.4,9-12,栗東 笹田,496,0,
202509020404,2025-04-06,阪神,4,3歳未勝利,芝,2400,右,晴,良,"2回 阪神 4日目 サラ系３歳 未勝利       [指] 馬齢 14頭 本賞金:560,220,140,84,56万円",14,560.0,1,1,1,セイキュート,牝,3,55.0,横山和,146.6,,2,5.1,35.2,3-4-5-4,栗東 四位,464,0,
202509020404,2025-04-06,阪神,4,3歳未勝利,芝,2400,右,晴,良,"2回 阪神 4日目 サラ系３歳 未勝利       [指] 馬齢 14頭 本賞金:560,220,140,84,56万円",14,560.0,2,2,2,ヤマニンヒストリア,牡,3,55.0,△吉村,147.0,2.1/2,11,95.0,35.3,6-6-8-5,栗東 中村,452,-12,
202509020404,2025-04-06,阪神,4,3歳未勝利,芝,2400,右,晴,良,"2回 阪神 4日目 サラ系３歳 未勝利       [指] 馬齢 14頭 本賞金:560,220,140,84,56万円",14,560.0,3,7,12,メイショウアゴナス,牡,3,57.0,古川吉,147.2,1,1,2.5,35.4,9-8-8-6,栗東 本田,464,0,
202509020404,2025-04-06,阪神,4,3歳未勝利,芝,2400,右,晴,良,"2回 阪神 4日目 サラ系３歳 未勝利       [指] 馬齢 14頭 本賞金:560,220,140,84,56万円",14,560.0,4,5,8,シカレ,牝,3,55.0,松山,147.5,1.3/4,6,11.2,35.3,10-10-12-10,栗東 前川,412,0,
202509020404,2025-04-06,阪神,4,3歳未勝利,芝,2400,右,晴,良,"2回 阪神 4日目 サラ系３歳 未勝利       [指] 馬齢 14頭 本賞金:560,220,140,84,56万円",14,560.0,5,3,4,ジーティームッシュ,牡,3,57.0,横山武,147.7,1.1/2,4,6.5,36.5,2-2-2-2,栗東 矢作,432,-4,
202509020404,2025-04-06,阪神,4,3歳未勝利,芝,2400,右,晴,良,"2回 阪神 4日目 サラ系３歳 未勝利       [指] 馬齢 14頭 本賞金:560,220,140,84,56万円",14,560.0,6,6,10,マイネルトラキア,牡,3,57.0,丹内,147.8,1/2,5,9.9,36.6,11-11-4-2,美浦 上原博,454,-2,
202509020404,2025-04-06,阪神,4,3歳未勝利,芝,2400,右,晴,良,"2回 阪神 4日目 サラ系３歳 未勝利       [指] 馬齢 14頭 本賞金:560,220,140,84,56万円",14,560.0,7,8,13,アルファシリウス,牡,3,54.0,▲古川奈,147.8,アタマ,13,213.3,36.7,1-1-1-1,栗東 矢作,462,-2,
202509020404,2025-04-06,阪神,4,3歳未勝利,芝,2400,右,晴,良,"2回 阪神 4日目 サラ系３歳 未勝利       [指] 馬齢 14頭 本賞金:560,220,140,84,56万円",14,560.0,8,7,11,サンライズシュガー,牡,3,54.0,▲田山,148.0,1.1/2,7,14.8,35.2,11-11-14-13,栗東 新谷,510,0,
202509020404,2025-04-06,阪神,4,3歳未勝利,芝,2400,右,晴,良,"2回 阪神 4日目 サラ系３歳 未勝利       [指] 馬齢 14頭 本賞金:560,220,140,84,56万円",14,560.0,9,8,14,ハギノデュエット,牝,3,52.0,▲柴田裕,148.1,クビ,12,121.3,36.3,11-13-5-6,栗東 中竹,464,0,
202509020404,2025-04-06,阪神,4,3歳未勝利,芝,2400,右,晴,良,"2回 阪神 4日目 サラ系３歳 未勝利       [指] 馬齢 14頭 本賞金:560,220,140,84,56万円",14,560.0,10,6,9,サンライズロジャー,牡,3,57.0,荻野琢,148.2,1/2,8,39.3,36.1,8-8-13-10,栗東 加藤公,528,12,
202509020404,2025-04-06,阪神,4,3歳未勝利,芝,2400,右,晴,良,"2回 阪神 4日目 サラ系３歳 未勝利       [指] 馬齢 14頭 本賞金:560,220,140,84,56万円",14,560.0,11,4,6,タイセイルシエル,牡,3,56.0,☆高杉,149.5,8,9,41.3,37.7,14-13-8-6,栗東 松下,426,2,
202509020404,2025-04-06,阪神,4,3歳未勝利,芝,2400,右,晴,良,"2回 阪神 4日目 サラ系３歳 未勝利       [指] 馬齢 14頭 本賞金:560,220,140,84,56万円",14,560.0,12,4,5,ロックエンジェル,牡,3,57.0,シュタ,149.5,アタマ,3,6.2,37.4,6-6-7-10,栗東 友道,454,-2,
202509020404,2025-04-06,阪神,4,3歳未勝利,芝,2400,右,晴,良,"2回 阪神 4日目 サラ系３歳 未勝利       [指] 馬齢 14頭 本賞金:560,220,140,84,56万円",14,560.0,13,5,7,ジューンノールック,牝,3,55.0,高倉,154.1,大,10,71.8,41.4,3-2-8-13,栗東 武英,492,-2,
202509020404,2025-04-06,阪神,4,3歳未勝利,芝,2400,右,晴,良,"2回 阪神 4日目 サラ系３歳 未勝利       [指] 馬齢 14頭 本賞金:560,220,140,84,56万円",14,560.0,14,3,3,レヴィストーン,牡,3,54.0,▲和田陽,154.6,3,14,382.6,42.6,3-4-2-9,栗東 小椋,490,4,
202509020405,2025-04-06,阪神,5,3歳1勝クラス,ダ,1800,右,晴,良,"2回 阪神 4日目 サラ系３歳 １勝クラス       (混)[指] 馬齢 14頭 本賞金:800,320,200,120,80万円",14,800.0,1,3,4,テスティモーネ,牡,3,57.0,幸,112.7,,4,8.4,37.6,3-3-5-5,栗東 大根田,512,2,
202509020405,2025-04-06,阪神,5,3歳1勝クラス,ダ,1800,右,晴,良,"2回 阪神 4日目 サラ系３歳 １勝クラス       (混)[指] 馬齢 14頭 本賞金:800,320,200,120,80万円",14,800.0,2,2,2,シンビリーブ,牡,3,57.0,団野,113.1,2.1/2,6,31.1,38.6,1-1-1-1,栗東 森秀,520,0,
202509020405,2025-04-06,阪神,5,3歳1勝クラス,ダ,1800,右,晴,良,"2回 阪神 4日目 サラ系３歳 １勝クラス       (混)[指] 馬齢 14頭 本賞金:800,320,200,120,80万円",14,800.0,3,1,1,ベリタバグス,牡,3,57.0,モレイ,113.2,クビ,1,1.8,38.0,3-3-6-6,美浦 森一,476,-4,
202509020405,2025-04-06,阪神,5,3歳1勝クラス,ダ,1800,右,晴,良,"2回 阪神 4日目 サラ系３歳 １勝クラス       (混)[指] 馬齢 14頭 本賞金:800,320,200,120,80万円",14,800.0,4,5,7,カペルブリュッケ,牡,3,56.0,☆高杉,114.3,7,12,89.3,38.9,8-8-7-7,栗東 浜田,456,-6,
202509020405,2025-04-06,阪神,5,3歳1勝クラス,ダ,1800,右,晴,良,"2回 阪神 4日目 サラ系３歳 １勝クラス       (混)[指] 馬齢 14頭 本賞金:800,320,200,120,80万円",14,800.0,5,7,12,ステイクオール,牡,3,57.0,松山,114.4,クビ,3,5.3,39.6,6-5-3-2,栗東 上村,488,0,
202509020405,2025-04-06,阪神,5,3歳1勝クラス,ダ,1800,右,晴,良,"2回 阪神 4日目 サラ系３歳 １勝クラス       (混)[指] 馬齢 14頭 本賞金:800,320,200,120,80万円",14,800.0,6,7,11,ロードヴォイジャー,牡,3,57.0,西村淳,114.9,3,2,5.0,40.2,2-2-3-2,栗東 坂口,502,-8,
202509020405,2025-04-06,阪神,5,3歳1勝クラス,ダ,1800,右,晴,良,"2回 阪神 4日目 サラ系３歳 １勝クラス       (混)[指] 馬齢 14頭 本賞金:800,320,200,120,80万円",14,800.0,7,5,8,ニヒトツーゼーア,牡,3,57.0,岩田康,115.0,クビ,7,37.5,38.7,14-14-13-14,栗東 中竹,512,4,
202509020405,2025-04-06,阪神,5,3歳1勝クラス,ダ,1800,右,晴,良,"2回 阪神 4日目 サラ系３歳 １勝クラス       (混)[指] 馬齢 14頭 本賞金:800,320,200,120,80万円",14,800.0,8,8,14,バレンシア,牝,3,55.0,Ｍデム,115.0,クビ,11,76.1,38.6,13-13-13-11,栗東 笹田,434,-4,
202509020405,2025-04-06,阪神,5,3歳1勝クラス,ダ,1800,右,晴,良,"2回 阪神 4日目 サラ系３歳 １勝クラス       (混)[指] 馬齢 14頭 本賞金:800,320,200,120,80万円",14,800.0,9,8,13,ベイラム,牡,3,57.0,岩田望,115.0,ハナ,5,19.1,39.6,10-10-7-8,栗東 武英,434,-6,
202509020405,2025-04-06,阪神,5,3歳1勝クラス,ダ,1800,右,晴,良,"2回 阪神 4日目 サラ系３歳 １勝クラス       (混)[指] 馬齢 14頭 本賞金:800,320,200,120,80万円",14,800.0,10,4,6,ヴァンアグレアブル,牝,3,55.0,シュタ,115.6,3.1/2,10,54.2,40.1,10-10-10-8,栗東 橋口,508,-6,
202509020405,2025-04-06,阪神,5,3歳1勝クラス,ダ,1800,右,晴,良,"2回 阪神 4日目 サラ系３歳 １勝クラス       (混)[指] 馬齢 14頭 本賞金:800,320,200,120,80万円",14,800.0,11,6,10,メリッササンライズ,牝,3,55.0,古川吉,115.6,クビ,13,182.4,39.5,12-12-12-11,栗東 秋山,448,-4,
202509020405,2025-04-06,阪神,5,3歳1勝クラス,ダ,1800,右,晴,良,"2回 阪神 4日目 サラ系３歳 １勝クラス       (混)[指] 馬齢 14頭 本賞金:800,320,200,120,80万円",14,800.0,12,3,3,ランツフート,牡,3,54.0,▲和田陽,115.7,クビ,9,53.0,40.0,8-8-10-10,栗東 大久保,462,-2,
202509020405,2025-04-06,阪神,5,3歳1勝クラス,ダ,1800,右,晴,良,"2回 阪神 4日目 サラ系３歳 １勝クラス       (混)[指] 馬齢 14頭 本賞金:800,320,200,120,80万円",14,800.0,13,6,9,ジーティーアメリカ,牡,3,57.0,鮫島駿,116.1,2.1/2,8,37.6,41.4,5-5-2-2,栗東 吉岡,526,2,
202509020405,2025-04-06,阪神,5,3歳1勝クラス,ダ,1800,右,晴,良,"2回 阪神 4日目 サラ系３歳 １勝クラス       (混)[指] 馬齢 14頭 本賞金:800,320,200,120,80万円",14,800.0,14,4,5,メイショウマクジキ,牡,3,54.0,▲柴田裕,117.5,8,14,367.0,41.9,6-7-9-11,栗東 角田,472,7,
202509020406,2025-04-06,阪神,6,4歳以上1勝クラス,芝,2000,右,晴,良,"2回 阪神 4日目 サラ系４歳以上 １勝クラス       (混)[指] 定量 11頭 本賞金:800,320,200,120,80万円",11,800.0,1,3,3,クリノアドバンス,牡,4,58.0,田口,119.9,,3,6.0,35.6,1-1-1-1,栗東 大橋,448,-4,
202509020406,2025-04-06,阪神,6,4歳以上1勝クラス,芝,2000,右,晴,良,"2回 阪神 4日目 サラ系４歳以上 １勝クラス       (混)[指] 定量 11頭 本賞金:800,320,200,120,80万円",11,800.0,2,8,11,ティムール,牡,5,58.0,西村淳,120.0,クビ,4,6.7,35.0,7-8-8-7,栗東 中竹,476,0,
202509020406,2025-04-06,阪神,6,4歳以上1勝クラス,芝,2000,右,晴,良,"2回 阪神 4日目 サラ系４歳以上 １勝クラス       (混)[指] 定量 11頭 本賞金:800,320,200,120,80万円",11,800.0,3,4,4,サスケ,牡,5,58.0,モレイ,120.1,1/2,2,4.4,35.3,6-6-6-5,栗東 西村,462,-12,
202509020406,2025-04-06,阪神,6,4歳以上1勝クラス,芝,2000,右,晴,良,"2回 阪神 4日目 サラ系４歳以上 １勝クラス       (混)[指] 定量 11頭 本賞金:800,320,200,120,80万円",11,800.0,4,6,6,ディーガレジェンド,牡,4,57.0,☆西塚,120.2,1,5,12.7,35.8,2-2-2-2,栗東 藤原,464,-4,
202509020406,2025-04-06,阪神,6,4歳以上1勝クラス,芝,2000,右,晴,良,"2回 阪神 4日目 サラ系４歳以上 １勝クラス       (混)[指] 定量 11頭 本賞金:800,320,200,120,80万円",11,800.0,5,6,7,キーチパルフェ,牡,4,58.0,鮫島駿,120.3,クビ,6,17.7,35.6,9-8-4-4,栗東 高柳大,474,-10,
202509020406,2025-04-06,阪神,6,4歳以上1勝クラス,芝,2000,右,晴,良,"2回 阪神 4日目 サラ系４歳以上 １勝クラス       (混)[指] 定量 11頭 本賞金:800,320,200,120,80万円",11,800.0,6,1,1,デルシエロ,牡,4,58.0,シュタ,120.4,3/4,7,20.3,35.4,7-6-6-7,栗東 清水久,414,0,
202509020406,2025-04-06,阪神,6,4歳以上1勝クラス,芝,2000,右,晴,良,"2回 阪神 4日目 サラ系４歳以上 １勝クラス       (混)[指] 定量 11頭 本賞金:800,320,200,120,80万円",11,800.0,7,7,8,ウイントレメンデス,牡,4,58.0,横山和,120.6,1.1/4,1,2.0,36.0,2-3-3-3,栗東 長谷川,486,-6,
202509020406,2025-04-06,阪神,6,4歳以上1勝クラス,芝,2000,右,晴,良,"2回 阪神 4日目 サラ系４歳以上 １勝クラス       (混)[指] 定量 11頭 本賞金:800,320,200,120,80万円",11,800.0,8,2,2,ダノンウィルヘルム,牡,4,57.0,☆高杉,120.9,1.3/4,8,42.5,36.2,4-4-5-5,栗東 池江,490,16,
202509020406,2025-04-06,阪神,6,4歳以上1勝クラス,芝,2000,右,晴,良,"2回 阪神 4日目 サラ系４歳以上 １勝クラス       (混)[指] 定量 11頭 本賞金:800,320,200,120,80万円",11,800.0,9,7,9,セルリアンミナギル,牡,5,55.0,▲和田陽,121.6,4,11,428.2,36.3,9-8-10-9,栗東 藤野,486,0,
202509020406,2025-04-06,阪神,6,4歳以上1勝クラス,芝,2000,右,晴,良,"2回 阪神 4日目 サラ系４歳以上 １勝クラス       (混)[指] 定量 11頭 本賞金:800,320,200,120,80万円",11,800.0,10,5,5,ラブカヒルー,牝,6,56.0,幸,122.2,3.1/2,9,100.8,36.9,11-11-11-9,栗東 森田,462,0,
202509020406,2025-04-06,阪神,6,4歳以上1勝クラス,芝,2000,右,晴,良,"2回 阪神 4日目 サラ系４歳以上 １勝クラス       (混)[指] 定量 11頭 本賞金:800,320,200,120,80万円",11,800.0,11,8,10,ミッドナイトホーク,セ,4,56.0,△吉村,123.7,9,10,205.1,38.5,4-5-8-9,栗東 宮地,478,-6,
202509020407,2025-04-06,阪神,7,4歳以上2勝クラス,ダ,1800,右,晴,良,"2回 阪神 4日目 サラ系４歳以上 ２勝クラス       [指] 定量 10頭 本賞金:1140,460,290,170,114万円",10,1140.0,1,3,3,ペンナヴェローチェ,牡,4,58.0,岩田望,113.5,,1,1.6,38.6,2-2-2-2,栗東 須貝,498,-2,
202509020407,2025-04-06,阪神,7,4歳以上2勝クラス,ダ,1800,右,晴,良,"2回 阪神 4日目 サラ系４歳以上 ２勝クラス       [指] 定量 10頭 本賞金:1140,460,290,170,114万円",10,1140.0,2,6,6,ワンダースティング,牡,7,58.0,高倉,113.7,3/4,3,9.8,38.7,3-3-3-3,栗東 渡辺,522,2,
202509020407,2025-04-06,阪神,7,4歳以上2勝クラス,ダ,1800,右,晴,良,"2回 阪神 4日目 サラ系４歳以上 ２勝クラス       [指] 定量 10頭 本賞金:1140,460,290,170,114万円",10,1140.0,3,7,7,クリノフィガロ,牡,4,58.0,和田竜,114.0,1.3/4,5,11.3,38.7,4-4-4-5,栗東 荒川,504,0,
202509020407,2025-04-06,阪神,7,4歳以上2勝クラス,ダ,1800,右,晴,良,"2回 阪神 4日目 サラ系４歳以上 ２勝クラス       [指] 定量 10頭 本賞金:1140,460,290,170,114万円",10,1140.0,4,8,10,リアド,牡,6,58.0,幸,114.2,1.1/4,6,14.0,39.1,4-4-4-3,栗東 小椋,488,16,
202509020407,2025-04-06,阪神,7,4歳以上2勝クラス,ダ,1800,右,晴,良,"2回 阪神 4日目 サラ系４歳以上 ２勝クラス       [指] 定量 10頭 本賞金:1140,460,290,170,114万円",10,1140.0,5,5,5,ショウサンキズナ,牡,6,58.0,酒井,114.6,2.1/2,8,36.8,39.1,8-8-8-7,栗東 松下,530,0,
202509020407,2025-04-06,阪神,7,4歳以上2勝クラス,ダ,1800,右,晴,良,"2回 阪神 4日目 サラ系４歳以上 ２勝クラス       [指] 定量 10頭 本賞金:1140,460,290,170,114万円",10,1140.0,6,1,1,ヴォルスター,牡,4,56.0,△吉村,114.8,1,2,5.6,40.0,1-1-1-1,栗東 清水久,442,4,
202509020407,2025-04-06,阪神,7,4歳以上2勝クラス,ダ,1800,右,晴,良,"2回 阪神 4日目 サラ系４歳以上 ２勝クラス       [指] 定量 10頭 本賞金:1140,460,290,170,114万円",10,1140.0,7,2,2,ワンダフルトゥデイ,牡,6,58.0,松若,115.1,2,7,17.6,40.0,4-4-4-5,栗東 中尾,538,2,
202509020407,2025-04-06,阪神,7,4歳以上2勝クラス,ダ,1800,右,晴,良,"2回 阪神 4日目 サラ系４歳以上 ２勝クラス       [指] 定量 10頭 本賞金:1140,460,290,170,114万円",10,1140.0,8,4,4,テーオードラッカー,牡,4,58.0,松山,115.3,1,4,11.2,39.8,9-9-8-7,栗東 高柳大,512,0,
202509020407,2025-04-06,阪神,7,4歳以上2勝クラス,ダ,1800,右,晴,良,"2回 阪神 4日目 サラ系４歳以上 ２勝クラス       [指] 定量 10頭 本賞金:1140,460,290,170,114万円",10,1140.0,9,8,9,バックスクリーン,セ,6,58.0,中井,115.3,ハナ,10,284.9,39.8,4-7-7-7,栗東 緒方,504,0,
202509020407,2025-04-06,阪神,7,4歳以上2勝クラス,ダ,1800,右,晴,良,"2回 阪神 4日目 サラ系４歳以上 ２勝クラス       [指] 定量 10頭 本賞金:1140,460,290,170,114万円",10,1140.0,10,7,8,ダノンターキッシュ,牡,7,57.0,☆西塚,115.6,2,9,63.1,40.1,10-9-8-7,栗東 寺島,452,-2,
202509020408,2025-04-06,阪神,8,4歳以上2勝クラス,芝,1200,右,晴,良,"2回 阪神 4日目 サラ系４歳以上 ２勝クラス       (混)(特指) 定量 10頭 本賞金:1140,460,290,170,114万円",10,1140.0,1,7,8,バンドシェル,牡,4,58.0,鮫島駿,68.6,,2,3.8,33.3,8-7,栗東 西村,482,0,
202509020408,2025-04-06,阪神,8,4歳以上2勝クラス,芝,1200,右,晴,良,"2回 阪神 4日目 サラ系４歳以上 ２勝クラス       (混)(特指) 定量 10頭 本賞金:1140,460,290,170,114万円",10,1140.0,2,1,1,イツモニコニコ,牝,4,56.0,田中健,68.7,3/4,3,5.8,33.8,3-3,栗東 浜田,496,4,
202509020408,2025-04-06,阪神,8,4歳以上2勝クラス,芝,1200,右,晴,良,"2回 阪神 4日目 サラ系４歳以上 ２勝クラス       (混)(特指) 定量 10頭 本賞金:1140,460,290,170,114万円",10,1140.0,3,5,5,ファイツオン,牡,4,57.0,☆高杉,68.9,1,1,2.7,34.3,1-1,栗東 藤岡,516,-2,
202509020408,2025-04-06,阪神,8,4歳以上2勝クラス,芝,1200,右,晴,良,"2回 阪神 4日目 サラ系４歳以上 ２勝クラス       (混)(特指) 定量 10頭 本賞金:1140,460,290,170,114万円",10,1140.0,4,8,10,クイックバイオ,牝,4,53.0,▲柴田裕,68.9,ハナ,4,7.1,33.5,6-8,栗東 須貝,492,-2,
202509020408,2025-04-06,阪神,8,4歳以上2勝クラス,芝,1200,右,晴,良,"2回 阪神 4日目 サラ系４歳以上 ２勝クラス       (混)(特指) 定量 10頭 本賞金:1140,460,290,170,114万円",10,1140.0,5,4,4,メイショウコギク,牝,5,56.0,浜中,69.0,1,7,31.7,33.9,6-5,栗東 石橋,462,4,
202509020408,2025-04-06,阪神,8,4歳以上2勝クラス,芝,1200,右,晴,良,"2回 阪神 4日目 サラ系４歳以上 ２勝クラス       (混)(特指) 定量 10頭 本賞金:1140,460,290,170,114万円",10,1140.0,6,6,6,タイキエクセロン,牡,6,58.0,国分恭,69.2,1,9,93.7,33.7,8-8,栗東 西園翔,508,0,
202509020408,2025-04-06,阪神,8,4歳以上2勝クラス,芝,1200,右,晴,良,"2回 阪神 4日目 サラ系４歳以上 ２勝クラス       (混)(特指) 定量 10頭 本賞金:1140,460,290,170,114万円",10,1140.0,7,8,9,コスモディナー,牝,4,56.0,丹内,69.2,アタマ,10,102.2,33.6,10-10,美浦 伊藤伸,462,-2,
202509020408,2025-04-06,阪神,8,4歳以上2勝クラス,芝,1200,右,晴,良,"2回 阪神 4日目 サラ系４歳以上 ２勝クラス       (混)(特指) 定量 10頭 本賞金:1140,460,290,170,114万円",10,1140.0,8,2,2,ワイワイレジェンド,牡,4,55.0,▲古川奈,69.2,クビ,8,46.9,34.3,3-3,栗東 矢作,488,10,
202509020408,2025-04-06,阪神,8,4歳以上2勝クラス,芝,1200,右,晴,良,"2回 阪神 4日目 サラ系４歳以上 ２勝クラス       (混)(特指) 定量 10頭 本賞金:1140,460,290,170,114万円",10,1140.0,9,7,7,サトノプリエール,牝,6,56.0,幸,69.5,1.3/4,5,8.0,34.4,5-5,栗東 斉藤崇,478,10,
202509020408,2025-04-06,阪神,8,4歳以上2勝クラス,芝,1200,右,晴,良,"2回 阪神 4日目 サラ系４歳以上 ２勝クラス       (混)(特指) 定量 10頭 本賞金:1140,460,290,170,114万円",10,1140.0,10,3,3,クリスアーサー,牡,4,58.0,和田竜,70.3,5,6,8.2,35.6,2-2,栗東 渡辺,530,0,
202509020409,2025-04-06,阪神,9,バイオレットS,ダ,1400,右,晴,良,"2回 阪神 4日目 サラ系３歳 オープン       (国際)(特指) 別定 15頭 本賞金:1800,720,450,270,180万円",15,1800.0,1,7,13,ヤマニンチェルキ,牡,3,57.0,酒井,84.0,,4,10.8,36.1,12-12,栗東 中村,524,-4,
202509020409,2025-04-06,阪神,9,バイオレットS,ダ,1400,右,晴,良,"2回 阪神 4日目 サラ系３歳 オープン       (国際)(特指) 別定 15頭 本賞金:1800,720,450,270,180万円",15,1800.0,2,8,15,マサノユニコーン,牡,3,57.0,横山琉,84.1,クビ,6,21.6,37.3,6-6,美浦 小島,456,-4,
202509020409,2025-04-06,阪神,9,バイオレットS,ダ,1400,右,晴,良,"2回 阪神 4日目 サラ系３歳 オープン       (国際)(特指) 別定 15頭 本賞金:1800,720,450,270,180万円",15,1800.0,3,2,3,コスモストーム,牡,3,57.0,松山,84.3,1.1/4,9,29.1,36.7,10-10,栗東 北出,502,0,
202509020409,2025-04-06,阪神,9,バイオレットS,ダ,1400,右,晴,良,"2回 阪神 4日目 サラ系３歳 オープン       (国際)(特指) 別定 15頭 本賞金:1800,720,450,270,180万円",15,1800.0,4,7,12,ポールセン,牡,3,57.0,モレイ,84.4,1/2,1,2.7,38.2,3-3,美浦 斎藤誠,476,-8,
202509020409,2025-04-06,阪神,9,バイオレットS,ダ,1400,右,晴,良,"2回 阪神 4日目 サラ系３歳 オープン       (国際)(特指) 別定 15頭 本賞金:1800,720,450,270,180万円",15,1800.0,5,4,6,ヤマニンバロネス,牝,3,55.0,岩田望,84.4,クビ,10,35.2,36.8,10-10,栗東 千田,454,-4,
202509020409,2025-04-06,阪神,9,バイオレットS,ダ,1400,右,晴,良,"2回 阪神 4日目 サラ系３歳 オープン       (国際)(特指) 別定 15頭 本賞金:1800,720,450,270,180万円",15,1800.0,6,6,10,ドンパッショーネ,牡,3,57.0,幸,84.6,1.1/4,8,28.1,38.3,4-4,栗東 斉藤崇,516,-6,
202509020409,2025-04-06,阪神,9,バイオレットS,ダ,1400,右,晴,良,"2回 阪神 4日目 サラ系３歳 オープン       (国際)(特指) 別定 15頭 本賞金:1800,720,450,270,180万円",15,1800.0,7,6,11,アメリカンビキニ,牝,3,55.0,西村淳,84.6,ハナ,3,5.4,38.7,1-1,栗東 斉藤崇,492,-4,
202509020409,2025-04-06,阪神,9,バイオレットS,ダ,1400,右,晴,良,"2回 阪神 4日目 サラ系３歳 オープン       (国際)(特指) 別定 15頭 本賞金:1800,720,450,270,180万円",15,1800.0,8,5,9,モズナナスター,牝,3,55.0,田口,84.9,1.1/2,11,43.2,37.6,8-9,栗東 矢作,446,-4,
202509020409,2025-04-06,阪神,9,バイオレットS,ダ,1400,右,晴,良,"2回 阪神 4日目 サラ系３歳 オープン       (国際)(特指) 別定 15頭 本賞金:1800,720,450,270,180万円",15,1800.0,9,8,14,ベルギューン,牝,3,55.0,高杉,85.1,1.1/2,2,4.1,38.7,4-4,栗東 牧浦,464,0,
202509020409,2025-04-06,阪神,9,バイオレットS,ダ,1400,右,晴,良,"2回 阪神 4日目 サラ系３歳 オープン       (国際)(特指) 別定 15頭 本賞金:1800,720,450,270,180万円",15,1800.0,10,5,8,ハクサンアイリス,牡,3,57.0,鮫島駿,85.5,2,15,88.6,38.3,8-7,栗東 高橋一,482,-4,
202509020409,2025-04-06,阪神,9,バイオレットS,ダ,1400,右,晴,良,"2回 阪神 4日目 サラ系３歳 オープン       (国際)(特指) 別定 15頭 本賞金:1800,720,450,270,180万円",15,1800.0,11,2,2,アスタールフナ,牝,3,55.0,池添,85.5,クビ,12,49.7,39.4,2-2,栗東 中竹,440,-4,
202509020409,2025-04-06,阪神,9,バイオレットS,ダ,1400,右,晴,良,"2回 阪神 4日目 サラ系３歳 オープン       (国際)(特指) 別定 15頭 本賞金:1800,720,450,270,180万円",15,1800.0,12,3,4,トリリオンボーイ,牡,3,57.0,吉田隼,85.8,1.1/2,13,62.7,37.1,15-13,美浦 武井,470,0,
202509020409,2025-04-06,阪神,9,バイオレットS,ダ,1400,右,晴,良,"2回 阪神 4日目 サラ系３歳 オープン       (国際)(特指) 別定 15頭 本賞金:1800,720,450,270,180万円",15,1800.0,13,3,5,タイセイカレント,牡,3,57.0,岩田康,86.9,7,14,64.8,39.8,7-7,栗東 矢作,466,-8,
202509020409,2025-04-06,阪神,9,バイオレットS,ダ,1400,右,晴,良,"2回 阪神 4日目 サラ系３歳 オープン       (国際)(特指) 別定 15頭 本賞金:1800,720,450,270,180万円",15,1800.0,14,4,7,ドラゴンウェルズ,牡,3,57.0,北村友,87.0,クビ,5,10.9,38.6,13-15,栗東 藤原,474,2,
202509020409,2025-04-06,阪神,9,バイオレットS,ダ,1400,右,晴,良,"2回 阪神 4日目 サラ系３歳 オープン       (国際)(特指) 別定 15頭 本賞金:1800,720,450,270,180万円",15,1800.0,15,1,1,ハグ,牡,3,57.0,シュタ,87.3,2,7,24.3,39.2,13-14,栗東 藤岡,498,-2,
202509020410,2025-04-06,阪神,10,夢洲S,芝,1600,右,晴,良,"2回 阪神 4日目 サラ系４歳以上 ３勝クラス       (混)(特指) 定量 14頭 本賞金:1840,740,460,280,184万円",14,1840.0,1,3,3,シヴァース,牡,4,58.0,Ｍデム,92.3,,3,5.2,33.4,3-3,栗東 友道,452,0,
202509020410,2025-04-06,阪神,10,夢洲S,芝,1600,右,晴,良,"2回 阪神 4日目 サラ系４歳以上 ３勝クラス       (混)(特指) 定量 14頭 本賞金:1840,740,460,280,184万円",14,1840.0,2,3,4,ムーンリットナイト,牡,6,58.0,長岡,92.5,1,11,24.3,33.4,6-5,栗東 杉山佳,514,-6,
202509020410,2025-04-06,阪神,10,夢洲S,芝,1600,右,晴,良,"2回 阪神 4日目 サラ系４歳以上 ３勝クラス       (混)(特指) 定量 14頭 本賞金:1840,740,460,280,184万円",14,1840.0,3,1,1,ナムラエイハブ,牡,4,58.0,松山,92.6,1/2,1,3.3,34.0,1-1,栗東 長谷川,514,-6,
202509020410,2025-04-06,阪神,10,夢洲S,芝,1600,右,晴,良,"2回 阪神 4日目 サラ系４歳以上 ３勝クラス       (混)(特指) 定量 14頭 本賞金:1840,740,460,280,184万円",14,1840.0,4,7,11,プッシュオン,牡,5,58.0,モレイ,92.7,1/2,2,4.3,33.2,9-10,栗東 西村,458,-4,
202509020410,2025-04-06,阪神,10,夢洲S,芝,1600,右,晴,良,"2回 阪神 4日目 サラ系４歳以上 ３勝クラス       (混)(特指) 定量 14頭 本賞金:1840,740,460,280,184万円",14,1840.0,5,8,13,ユハンヌス,牡,5,58.0,西塚,92.7,クビ,4,8.4,33.2,12-10,栗東 大久保,470,-2,
202509020410,2025-04-06,阪神,10,夢洲S,芝,1600,右,晴,良,"2回 阪神 4日目 サラ系４歳以上 ３勝クラス       (混)(特指) 定量 14頭 本賞金:1840,740,460,280,184万円",14,1840.0,6,6,10,オープンファイア,牡,5,58.0,横山武,93.0,1.3/4,6,13.4,33.8,3-5,栗東 池江,500,2,
202509020410,2025-04-06,阪神,10,夢洲S,芝,1600,右,晴,良,"2回 阪神 4日目 サラ系４歳以上 ３勝クラス       (混)(特指) 定量 14頭 本賞金:1840,740,460,280,184万円",14,1840.0,7,4,5,ワンダイレクト,牡,5,58.0,高杉,93.0,クビ,5,13.3,33.4,9-10,栗東 藤岡,460,6,
202509020410,2025-04-06,阪神,10,夢洲S,芝,1600,右,晴,良,"2回 阪神 4日目 サラ系４歳以上 ３勝クラス       (混)(特指) 定量 14頭 本賞金:1840,740,460,280,184万円",14,1840.0,8,6,9,エマヌエーレ,牡,5,58.0,和田竜,93.0,ハナ,9,20.9,33.7,7-7,栗東 平田,502,-8,
202509020410,2025-04-06,阪神,10,夢洲S,芝,1600,右,晴,良,"2回 阪神 4日目 サラ系４歳以上 ３勝クラス       (混)(特指) 定量 14頭 本賞金:1840,740,460,280,184万円",14,1840.0,9,5,8,グランデサラス,牡,5,58.0,シュタ,93.0,ハナ,13,150.4,33.3,12-13,栗東 池添,492,4,
202509020410,2025-04-06,阪神,10,夢洲S,芝,1600,右,晴,良,"2回 阪神 4日目 サラ系４歳以上 ３勝クラス       (混)(特指) 定量 14頭 本賞金:1840,740,460,280,184万円",14,1840.0,10,2,2,エアミアーニ,セ,7,58.0,北村友,93.1,3/4,12,133.5,33.8,9-7,栗東 笹田,452,-6,
202509020410,2025-04-06,阪神,10,夢洲S,芝,1600,右,晴,良,"2回 阪神 4日目 サラ系４歳以上 ３勝クラス       (混)(特指) 定量 14頭 本賞金:1840,740,460,280,184万円",14,1840.0,11,5,7,ブリュットミレジメ,牡,6,58.0,幸,93.2,1/2,10,23.7,33.4,12-13,栗東 荒川,516,2,
202509020410,2025-04-06,阪神,10,夢洲S,芝,1600,右,晴,良,"2回 阪神 4日目 サラ系４歳以上 ３勝クラス       (混)(特指) 定量 14頭 本賞金:1840,740,460,280,184万円",14,1840.0,12,7,12,サクセスアイ,牝,5,56.0,池添,93.3,クビ,7,16.2,34.4,3-3,栗東 北出,440,-2,
202509020410,2025-04-06,阪神,10,夢洲S,芝,1600,右,晴,良,"2回 阪神 4日目 サラ系４歳以上 ３勝クラス       (混)(特指) 定量 14頭 本賞金:1840,740,460,280,184万円",14,1840.0,13,8,14,ヤマニンアストロン,牡,4,58.0,浜中,93.7,2.1/2,8,19.2,34.4,7-7,栗東 石橋,496,0,
202509020410,2025-04-06,阪神,10,夢洲S,芝,1600,右,晴,良,"2回 阪神 4日目 サラ系４歳以上 ３勝クラス       (混)(特指) 定量 14頭 本賞金:1840,740,460,280,184万円",14,1840.0,14,4,6,ウルトラソニック,牡,7,58.0,吉田隼,94.7,6,14,233.7,36.0,2-2,栗東 中尾,488,6,
202509020411,2025-04-06,阪神,11,大阪杯,芝,2000,右,晴,良,"2回 阪神 4日目 サラ系４歳以上 オープン       (国際)(指) 定量 15頭 本賞金:30000,12000,7500,4500,3000万円",15,30000.0,1,3,5,ベラジオオペラ,牡,5,58.0,横山和,116.2,,2,5.1,34.1,4-4-3-3,栗東 上村,508,-4,
202509020411,2025-04-06,阪神,11,大阪杯,芝,2000,右,晴,良,"2回 阪神 4日目 サラ系４歳以上 オープン       (国際)(指) 定量 15頭 本賞金:30000,12000,7500,4500,3000万円",15,30000.0,2,7,13,ロードデルレイ,牡,5,58.0,西村淳,116.4,1,4,6.5,33.8,8-9-8-8,栗東 中内田,486,-4,
202509020411,2025-04-06,阪神,11,大阪杯,芝,2000,右,晴,良,"2回 阪神 4日目 サラ系４歳以上 オープン       (国際)(指) 定量 15頭 本賞金:30000,12000,7500,4500,3000万円",15,30000.0,3,4,7,ヨーホーレイク,牡,7,58.0,岩田望,116.5,1,8,13.6,33.5,14-14-14-14,栗東 友道,526,-8,
202509020411,2025-04-06,阪神,11,大阪杯,芝,2000,右,晴,良,"2回 阪神 4日目 サラ系４歳以上 オープン       (国際)(指) 定量 15頭 本賞金:30000,12000,7500,4500,3000万円",15,30000.0,4,8,14,エコロヴァルツ,牡,4,58.0,Ｍデム,116.5,ハナ,10,32.3,33.8,8-8-10-10,栗東 牧浦,492,4,
202509020411,2025-04-06,阪神,11,大阪杯,芝,2000,右,晴,良,"2回 阪神 4日目 サラ系４歳以上 オープン       (国際)(指) 定量 15頭 本賞金:30000,12000,7500,4500,3000万円",15,30000.0,5,2,2,ホウオウビスケッツ,牡,5,58.0,岩田康,116.6,クビ,5,9.1,34.8,2-2-2-2,美浦 奥村武,502,-2,
202509020411,2025-04-06,阪神,11,大阪杯,芝,2000,右,晴,良,"2回 阪神 4日目 サラ系４歳以上 オープン       (国際)(指) 定量 15頭 本賞金:30000,12000,7500,4500,3000万円",15,30000.0,6,4,6,ジャスティンパレス,牡,6,58.0,鮫島駿,116.6,クビ,6,10.4,34.2,7-7-7-6,栗東 杉山晴,474,6,
202509020411,2025-04-06,阪神,11,大阪杯,芝,2000,右,晴,良,"2回 阪神 4日目 サラ系４歳以上 オープン       (国際)(指) 定量 15頭 本賞金:30000,12000,7500,4500,3000万円",15,30000.0,7,6,10,シックスペンス,牡,4,58.0,横山武,116.6,ハナ,1,4.8,34.6,3-3-3-3,美浦 国枝,500,-12,
202509020411,2025-04-06,阪神,11,大阪杯,芝,2000,右,晴,良,"2回 阪神 4日目 サラ系４歳以上 オープン       (国際)(指) 定量 15頭 本賞金:30000,12000,7500,4500,3000万円",15,30000.0,8,1,1,ボルドグフーシュ,牡,6,58.0,吉田隼,116.8,1.1/4,12,48.1,34.0,12-11-11-12,栗東 宮本,510,4,
202509020411,2025-04-06,阪神,11,大阪杯,芝,2000,右,晴,良,"2回 阪神 4日目 サラ系４歳以上 オープン       (国際)(指) 定量 15頭 本賞金:30000,12000,7500,4500,3000万円",15,30000.0,8,5,9,コスモキュランダ,牡,4,58.0,丹内,116.8,1.1/4,9,20.1,34.6,5-6-5-5,美浦 加藤士,504,-6,
202509020411,2025-04-06,阪神,11,大阪杯,芝,2000,右,晴,良,"2回 阪神 4日目 サラ系４歳以上 オープン       (国際)(指) 定量 15頭 本賞金:30000,12000,7500,4500,3000万円",15,30000.0,10,3,4,ソールオリエンス,牡,5,58.0,松山,116.9,1/2,11,38.0,33.5,15-15-15-15,美浦 手塚久,466,-6,
202509020411,2025-04-06,阪神,11,大阪杯,芝,2000,右,晴,良,"2回 阪神 4日目 サラ系４歳以上 オープン       (国際)(指) 定量 15頭 本賞金:30000,12000,7500,4500,3000万円",15,30000.0,11,2,3,ラヴェル,牝,5,56.0,北村友,116.9,ハナ,13,112.8,34.4,8-9-8-8,栗東 矢作,478,-2,
202509020411,2025-04-06,阪神,11,大阪杯,芝,2000,右,晴,良,"2回 阪神 4日目 サラ系４歳以上 オープン       (国際)(指) 定量 15頭 本賞金:30000,12000,7500,4500,3000万円",15,30000.0,12,5,8,カラテ,牡,9,58.0,和田竜,117.1,3/4,15,316.5,34.2,12-11-13-12,栗東 東田,542,10,
202509020411,2025-04-06,阪神,11,大阪杯,芝,2000,右,晴,良,"2回 阪神 4日目 サラ系４歳以上 オープン       (国際)(指) 定量 15頭 本賞金:30000,12000,7500,4500,3000万円",15,30000.0,13,7,12,ステレンボッシュ,牝,4,56.0,モレイ,117.3,1.1/2,3,5.2,34.5,11-11-11-10,美浦 国枝,460,-4,
202509020411,2025-04-06,阪神,11,大阪杯,芝,2000,右,晴,良,"2回 阪神 4日目 サラ系４歳以上 オープン       (国際)(指) 定量 15頭 本賞金:30000,12000,7500,4500,3000万円",15,30000.0,14,6,11,デシエルト,牡,6,58.0,池添,117.7,2.1/2,7,12.2,36.6,1-1-1-1,栗東 安田,540,4,
202509020411,2025-04-06,阪神,11,大阪杯,芝,2000,右,晴,良,"2回 阪神 4日目 サラ系４歳以上 オープン       (国際)(指) 定量 15頭 本賞金:30000,12000,7500,4500,3000万円",15,30000.0,15,8,15,アルナシーム,牡,6,58.0,横山典,118.3,4,14,178.4,36.1,5-4-5-6,栗東 橋口,446,-2,
202509020412,2025-04-06,阪神,12,陽春S,ダ,1200,右,晴,良,"2回 阪神 4日目 サラ系４歳以上 ３勝クラス       (混)(特指) 定量 11頭 本賞金:1840,740,460,280,184万円",11,1840.0,1,4,4,エコロガイア,牡,4,58.0,岩田望,71.4,,1,2.4,37.1,1-1,栗東 森秀,474,0,
202509020412,2025-04-06,阪神,12,陽春S,ダ,1200,右,晴,良,"2回 阪神 4日目 サラ系４歳以上 ３勝クラス       (混)(特指) 定量 11頭 本賞金:1840,740,460,280,184万円",11,1840.0,2,6,6,メイショウタイゲイ,牡,6,58.0,松山,71.6,1.1/4,5,8.1,35.7,9-9,栗東 荒川,474,0,
202509020412,2025-04-06,阪神,12,陽春S,ダ,1200,右,晴,良,"2回 阪神 4日目 サラ系４歳以上 ３勝クラス       (混)(特指) 定量 11頭 本賞金:1840,740,460,280,184万円",11,1840.0,3,5,5,ムーム,牝,4,56.0,川又,71.6,クビ,3,6.5,36.9,4-4,栗東 杉山佳,462,0,
202509020412,2025-04-06,阪神,12,陽春S,ダ,1200,右,晴,良,"2回 阪神 4日目 サラ系４歳以上 ３勝クラス       (混)(特指) 定量 11頭 本賞金:1840,740,460,280,184万円",11,1840.0,4,8,11,コパノハンプトン,牡,5,58.0,岩田康,71.7,アタマ,6,13.9,36.2,8-8,栗東 宮,510,-4,
202509020412,2025-04-06,阪神,12,陽春S,ダ,1200,右,晴,良,"2回 阪神 4日目 サラ系４歳以上 ３勝クラス       (混)(特指) 定量 11頭 本賞金:1840,740,460,280,184万円",11,1840.0,5,7,8,ウナギノボリ,牡,6,58.0,北村友,71.7,クビ,11,64.9,35.6,10-10,栗東 東田,496,-4,
202509020412,2025-04-06,阪神,12,陽春S,ダ,1200,右,晴,良,"2回 阪神 4日目 サラ系４歳以上 ３勝クラス       (混)(特指) 定量 11頭 本賞金:1840,740,460,280,184万円",11,1840.0,6,7,9,カズゴルティス,牡,4,58.0,和田竜,71.8,1/2,2,5.6,37.3,2-2,栗東 杉山晴,508,-4,
202509020412,2025-04-06,阪神,12,陽春S,ダ,1200,右,晴,良,"2回 阪神 4日目 サラ系４歳以上 ３勝クラス       (混)(特指) 定量 11頭 本賞金:1840,740,460,280,184万円",11,1840.0,7,8,10,テイエムランウェイ,牡,6,58.0,鮫島良,72.0,1.1/2,7,17.6,37.0,6-6,栗東 河嶋,490,-6,
202509020412,2025-04-06,阪神,12,陽春S,ダ,1200,右,晴,良,"2回 阪神 4日目 サラ系４歳以上 ３勝クラス       (混)(特指) 定量 11頭 本賞金:1840,740,460,280,184万円",11,1840.0,8,6,7,ユキマル,牡,5,58.0,中井,72.7,4,4,7.0,38.3,2-2,美浦 尾形,490,-6,
202509020412,2025-04-06,阪神,12,陽春S,ダ,1200,右,晴,良,"2回 阪神 4日目 サラ系４歳以上 ３勝クラス       (混)(特指) 定量 11頭 本賞金:1840,740,460,280,184万円",11,1840.0,9,2,2,ブルーシンフォニー,牡,7,58.0,丹内,73.0,1.1/2,10,33.3,38.0,6-6,美浦 伊藤圭,474,-2,
202509020412,2025-04-06,阪神,12,陽春S,ダ,1200,右,晴,良,"2回 阪神 4日目 サラ系４歳以上 ３勝クラス       (混)(特指) 定量 11頭 本賞金:1840,740,460,280,184万円",11,1840.0,10,1,1,ベンダバリラビア,牡,5,58.0,高杉,73.3,2,9,27.1,38.7,4-5,栗東 寺島,544,0,
202509020412,2025-04-06,阪神,12,陽春S,ダ,1200,右,晴,良,"2回 阪神 4日目 サラ系４歳以上 ３勝クラス       (混)(特指) 定量 11頭 本賞金:1840,740,460,280,184万円",11,1840.0,11,3,3,ラブコメディ,牝,4,56.0,吉村,73.8,3,8,22.4,37.8,10-10,栗東 寺島,452,-6,
202503010101,2025-04-12,福島,1,3歳未勝利,ダ,1700,右,曇,良,"1回 福島 1日目 サラ系３歳 未勝利       [指] 馬齢 15頭 本賞金:560,220,140,84,56万円",15,560.0,1,6,11,スズノソレイユ,牡,3,57.0,藤懸,108.3,,2,6.9,38.6,1-1-1-1,栗東 平田,486,2,
202503010101,2025-04-12,福島,1,3歳未勝利,ダ,1700,右,曇,良,"1回 福島 1日目 サラ系３歳 未勝利       [指] 馬齢 15頭 本賞金:560,220,140,84,56万円",15,560.0,2,7,12,ビービーバザーク,牡,3,57.0,佐々木,108.4,クビ,1,1.4,38.5,3-3-3-3,栗東 武幸,480,-8,
202503010101,2025-04-12,福島,1,3歳未勝利,ダ,1700,右,曇,良,"1回 福島 1日目 サラ系３歳 未勝利       [指] 馬齢 15頭 本賞金:560,220,140,84,56万円",15,560.0,3,4,6,アルテボーイ,牡,3,57.0,斎藤,108.7,2,10,60.6,39.0,2-2-2-2,美浦 斎藤誠,512,0,
202503010101,2025-04-12,福島,1,3歳未勝利,ダ,1700,右,曇,良,"1回 福島 1日目 サラ系３歳 未勝利       [指] 馬齢 15頭 本賞金:560,220,140,84,56万円",15,560.0,4,2,2,エイシンヤタガラス,牡,3,57.0,川又,109.5,5,3,10.5,39.2,4-4-5-4,栗東 渡辺,480,32,
202503010101,2025-04-12,福島,1,3歳未勝利,ダ,1700,右,曇,良,"1回 福島 1日目 サラ系３歳 未勝利       [指] 馬齢 15頭 本賞金:560,220,140,84,56万円",15,560.0,5,6,10,コパノディラン,牡,3,57.0,荻野琢,109.5,クビ,8,26.6,38.9,11-8-7-4,栗東 梅田,494,-2,
202503010101,2025-04-12,福島,1,3歳未勝利,ダ,1700,右,曇,良,"1回 福島 1日目 サラ系３歳 未勝利       [指] 馬齢 15頭 本賞金:560,220,140,84,56万円",15,560.0,6,4,7,カンプウ,牡,3,57.0,泉谷,109.6,1/2,12,85.2,39.0,5-7-7-7,栗東 奥村豊,500,6,
202503010101,2025-04-12,福島,1,3歳未勝利,ダ,1700,右,曇,良,"1回 福島 1日目 サラ系３歳 未勝利       [指] 馬齢 15頭 本賞金:560,220,140,84,56万円",15,560.0,7,3,5,タナハシ,牡,3,57.0,菊沢,109.7,クビ,4,15.5,38.4,9-12-12-9,美浦 伊坂,504,-2,
202503010101,2025-04-12,福島,1,3歳未勝利,ダ,1700,右,曇,良,"1回 福島 1日目 サラ系３歳 未勝利       [指] 馬齢 15頭 本賞金:560,220,140,84,56万円",15,560.0,8,5,9,ノボリディアマン,牡,3,57.0,国分恭,110.1,2.1/2,5,17.2,40.1,11-10-4-4,栗東 緒方,444,-6,
202503010101,2025-04-12,福島,1,3歳未勝利,ダ,1700,右,曇,良,"1回 福島 1日目 サラ系３歳 未勝利       [指] 馬齢 15頭 本賞金:560,220,140,84,56万円",15,560.0,9,5,8,グリスタン,牡,3,57.0,丹内,110.7,3.1/2,7,23.6,39.4,13-13-12-12,美浦 高橋文,472,-2,
202503010101,2025-04-12,福島,1,3歳未勝利,ダ,1700,右,曇,良,"1回 福島 1日目 サラ系３歳 未勝利       [指] 馬齢 15頭 本賞金:560,220,140,84,56万円",15,560.0,10,7,13,ヴォルケシェッツェ,牡,3,57.0,嶋田,111.0,1.1/2,13,285.2,40.0,9-10-10-9,美浦 伊坂,486,0,
202503010101,2025-04-12,福島,1,3歳未勝利,ダ,1700,右,曇,良,"1回 福島 1日目 サラ系３歳 未勝利       [指] 馬齢 15頭 本賞金:560,220,140,84,56万円",15,560.0,11,8,15,セラード,牝,3,52.0,▲石田,111.0,アタマ,11,79.2,40.7,5-5-5-8,美浦 佐藤吉,432,-6,
202503010101,2025-04-12,福島,1,3歳未勝利,ダ,1700,右,曇,良,"1回 福島 1日目 サラ系３歳 未勝利       [指] 馬齢 15頭 本賞金:560,220,140,84,56万円",15,560.0,12,2,3,ベネディクティオ,牡,3,56.0,☆高杉,111.3,1.1/2,9,44.5,39.9,13-13-12-12,美浦 加藤士,506,0,
202503010101,2025-04-12,福島,1,3歳未勝利,ダ,1700,右,曇,良,"1回 福島 1日目 サラ系３歳 未勝利       [指] 馬齢 15頭 本賞金:560,220,140,84,56万円",15,560.0,13,3,4,キャバリエクエスト,牡,3,57.0,小崎,111.7,2.1/2,14,303.8,41.1,5-5-7-9,美浦 大和田,468,-6,
202503010101,2025-04-12,福島,1,3歳未勝利,ダ,1700,右,曇,良,"1回 福島 1日目 サラ系３歳 未勝利       [指] 馬齢 15頭 本賞金:560,220,140,84,56万円",15,560.0,14,8,14,コンストラクション,牡,3,54.0,▲石神道,112.4,4,15,372.3,41.3,8-8-11-14,美浦 和田郎,468,6,
202503010101,2025-04-12,福島,1,3歳未勝利,ダ,1700,右,曇,良,"1回 福島 1日目 サラ系３歳 未勝利       [指] 馬齢 15頭 本賞金:560,220,140,84,56万円",15,560.0,15,1,1,オースミストロング,牡,3,57.0,角田和,113.0,3.1/2,6,23.3,40.9,15-15-15-15,栗東 高橋亮,486,-14,
202503010102,2025-04-12,福島,2,3歳未勝利,芝,1200,右,曇,良,"1回 福島 1日目 サラ系３歳 未勝利       [指] 馬齢 16頭 本賞金:560,220,140,84,56万円",16,560.0,1,1,2,ハリウッドメモリー,牝,3,55.0,丹内,69.3,,1,1.3,35.0,4-2,栗東 長谷川,454,2,
202503010102,2025-04-12,福島,2,3歳未勝利,芝,1200,右,曇,良,"1回 福島 1日目 サラ系３歳 未勝利       [指] 馬齢 16頭 本賞金:560,220,140,84,56万円",16,560.0,2,3,5,ペイシャアーサー,牡,3,57.0,国分恭,69.3,クビ,11,83.1,34.4,12-8,美浦 本間,452,-2,
202503010102,2025-04-12,福島,2,3歳未勝利,芝,1200,右,曇,良,"1回 福島 1日目 サラ系３歳 未勝利       [指] 馬齢 16頭 本賞金:560,220,140,84,56万円",16,560.0,3,3,6,ピースフルゴールド,牝,3,55.0,斎藤,69.7,2.1/2,3,9.5,35.3,6-4,美浦 斎藤誠,468,-2,
202503010102,2025-04-12,福島,2,3歳未勝利,芝,1200,右,曇,良,"1回 福島 1日目 サラ系３歳 未勝利       [指] 馬齢 16頭 本賞金:560,220,140,84,56万円",16,560.0,4,5,9,ダディーズグーグー,牡,3,57.0,川又,69.7,アタマ,5,28.0,35.6,1-1,栗東 畑端,484,-6,
202503010102,2025-04-12,福島,2,3歳未勝利,芝,1200,右,曇,良,"1回 福島 1日目 サラ系３歳 未勝利       [指] 馬齢 16頭 本賞金:560,220,140,84,56万円",16,560.0,5,4,8,アンビシャスヨシノ,牡,3,56.0,☆松本,69.9,1,8,43.3,34.3,15-16,栗東 吉田,468,0,
202503010102,2025-04-12,福島,2,3歳未勝利,芝,1200,右,曇,良,"1回 福島 1日目 サラ系３歳 未勝利       [指] 馬齢 16頭 本賞金:560,220,140,84,56万円",16,560.0,6,2,3,アメリータ,牝,3,55.0,田口,69.9,クビ,6,30.8,35.2,8-7,栗東 今野,422,-2,
202503010102,2025-04-12,福島,2,3歳未勝利,芝,1200,右,曇,良,"1回 福島 1日目 サラ系３歳 未勝利       [指] 馬齢 16頭 本賞金:560,220,140,84,56万円",16,560.0,7,7,13,メイリー,牝,3,55.0,佐々木,70.1,1,2,9.2,35.7,6-5,美浦 鈴木慎,432,2,
202503010102,2025-04-12,福島,2,3歳未勝利,芝,1200,右,曇,良,"1回 福島 1日目 サラ系３歳 未勝利       [指] 馬齢 16頭 本賞金:560,220,140,84,56万円",16,560.0,8,1,1,ビアンカネーヴェ,牝,3,55.0,亀田,70.2,1/2,4,10.1,35.6,8-5,栗東 北出,444,-12,
202503010102,2025-04-12,福島,2,3歳未勝利,芝,1200,右,曇,良,"1回 福島 1日目 サラ系３歳 未勝利       [指] 馬齢 16頭 本賞金:560,220,140,84,56万円",16,560.0,9,6,11,シャルパンティエ,牝,3,51.0,★小林美,70.4,1,10,63.0,35.7,8-8,美浦 南田,406,-6,
202503010102,2025-04-12,福島,2,3歳未勝利,芝,1200,右,曇,良,"1回 福島 1日目 サラ系３歳 未勝利       [指] 馬齢 16頭 本賞金:560,220,140,84,56万円",16,560.0,10,4,7,アミグダラ,牝,3,52.0,▲水沼,70.4,ハナ,14,110.8,35.5,12-12,美浦 岩戸,432,-2,
202503010102,2025-04-12,福島,2,3歳未勝利,芝,1200,右,曇,良,"1回 福島 1日目 サラ系３歳 未勝利       [指] 馬齢 16頭 本賞金:560,220,140,84,56万円",16,560.0,11,7,14,カーティブヨーク,牝,3,55.0,川須,70.4,クビ,12,94.4,36.1,4-8,美浦 武市,430,-12,
202503010102,2025-04-12,福島,2,3歳未勝利,芝,1200,右,曇,良,"1回 福島 1日目 サラ系３歳 未勝利       [指] 馬齢 16頭 本賞金:560,220,140,84,56万円",16,560.0,12,8,15,ブルーラジカル,牡,3,57.0,菊沢,70.5,1/2,16,418.1,34.9,15-13,美浦 菊川,474,8,
202503010102,2025-04-12,福島,2,3歳未勝利,芝,1200,右,曇,良,"1回 福島 1日目 サラ系３歳 未勝利       [指] 馬齢 16頭 本賞金:560,220,140,84,56万円",16,560.0,13,5,10,ソニックサンライズ,牝,3,55.0,松若,70.6,クビ,7,32.8,36.4,2-2,栗東 東田,430,12,
202503010102,2025-04-12,福島,2,3歳未勝利,芝,1200,右,曇,良,"1回 福島 1日目 サラ系３歳 未勝利       [指] 馬齢 16頭 本賞金:560,220,140,84,56万円",16,560.0,14,2,4,タイニービキニ,牝,3,55.0,荻野極,70.8,1.1/4,9,49.0,36.0,11-13,栗東 森田,412,8,
202503010102,2025-04-12,福島,2,3歳未勝利,芝,1200,右,曇,良,"1回 福島 1日目 サラ系３歳 未勝利       [指] 馬齢 16頭 本賞金:560,220,140,84,56万円",16,560.0,15,8,16,タイセイアズーロ,牝,3,55.0,小沢,71.3,3,13,96.4,36.1,14-15,栗東 牧浦,478,-2,
202503010102,2025-04-12,福島,2,3歳未勝利,芝,1200,右,曇,良,"1回 福島 1日目 サラ系３歳 未勝利       [指] 馬齢 16頭 本賞金:560,220,140,84,56万円",16,560.0,16,6,12,リアンエターナル,牝,3,55.0,武藤,71.6,2,15,174.9,37.4,2-8,美浦 武藤,432,-8,
202503010103,2025-04-12,福島,3,3歳未勝利,芝,1800,右,曇,良,"1回 福島 1日目 サラ系３歳 未勝利       牝[指] 馬齢 16頭 本賞金:560,220,140,84,56万円",16,560.0,1,5,10,ウインシャーガス,牝,3,55.0,佐々木,107.9,,1,2.6,35.8,3-3-3-3,栗東 杉山晴,468,-4,
202503010103,2025-04-12,福島,3,3歳未勝利,芝,1800,右,曇,良,"1回 福島 1日目 サラ系３歳 未勝利       牝[指] 馬齢 16頭 本賞金:560,220,140,84,56万円",16,560.0,2,4,7,シンヒダカゴールド,牝,3,55.0,角田和,108.0,3/4,3,3.8,36.5,2-2-1-1,栗東 角田,470,0,
202503010103,2025-04-12,福島,3,3歳未勝利,芝,1800,右,曇,良,"1回 福島 1日目 サラ系３歳 未勝利       牝[指] 馬齢 16頭 本賞金:560,220,140,84,56万円",16,560.0,3,1,1,サトノシャルレーヌ,牝,3,55.0,丸山,108.2,1.1/2,2,3.3,36.2,3-4-3-3,美浦 国枝,442,-4,
202503010103,2025-04-12,福島,3,3歳未勝利,芝,1800,右,曇,良,"1回 福島 1日目 サラ系３歳 未勝利       牝[指] 馬齢 16頭 本賞金:560,220,140,84,56万円",16,560.0,4,4,8,グラツィオーソ,牝,3,55.0,柴田大,108.5,1.3/4,7,39.4,36.0,7-8-6-5,美浦 田中剛,474,0,
202503010103,2025-04-12,福島,3,3歳未勝利,芝,1800,右,曇,良,"1回 福島 1日目 サラ系３歳 未勝利       牝[指] 馬齢 16頭 本賞金:560,220,140,84,56万円",16,560.0,5,6,11,サンダーフレア,牝,3,55.0,吉田隼,108.9,2.1/2,6,38.5,35.6,14-13-13-11,美浦 久保田,462,4,
202503010103,2025-04-12,福島,3,3歳未勝利,芝,1800,右,曇,良,"1回 福島 1日目 サラ系３歳 未勝利       牝[指] 馬齢 16頭 本賞金:560,220,140,84,56万円",16,560.0,6,2,3,マザーズウィル,牝,3,55.0,小沢,108.9,クビ,4,8.2,36.5,5-5-5-6,美浦 国枝,428,-2,
202503010103,2025-04-12,福島,3,3歳未勝利,芝,1800,右,曇,良,"1回 福島 1日目 サラ系３歳 未勝利       牝[指] 馬齢 16頭 本賞金:560,220,140,84,56万円",16,560.0,7,5,9,チャットケリー,牝,3,55.0,田口,109.0,3/4,9,45.4,36.4,5-6-6-7,栗東 緒方,420,-6,
202503010103,2025-04-12,福島,3,3歳未勝利,芝,1800,右,曇,良,"1回 福島 1日目 サラ系３歳 未勝利       牝[指] 馬齢 16頭 本賞金:560,220,140,84,56万円",16,560.0,8,3,5,アットザホップ,牝,3,51.0,★小林美,109.3,1.3/4,11,82.1,37.8,1-1-2-2,美浦 新開,422,8,
202503010103,2025-04-12,福島,3,3歳未勝利,芝,1800,右,曇,良,"1回 福島 1日目 サラ系３歳 未勝利       牝[指] 馬齢 16頭 本賞金:560,220,140,84,56万円",16,560.0,9,8,16,スマイルデイズ,牝,3,54.0,☆横山琉,109.4,クビ,12,95.5,36.1,15-14-13-13,美浦 辻,414,0,
202503010103,2025-04-12,福島,3,3歳未勝利,芝,1800,右,曇,良,"1回 福島 1日目 サラ系３歳 未勝利       牝[指] 馬齢 16頭 本賞金:560,220,140,84,56万円",16,560.0,10,3,6,メアリーバローズ,牝,3,55.0,小崎,109.4,アタマ,10,65.1,36.8,7-6-6-9,栗東 寺島,486,2,
202503010103,2025-04-12,福島,3,3歳未勝利,芝,1800,右,曇,良,"1回 福島 1日目 サラ系３歳 未勝利       牝[指] 馬齢 16頭 本賞金:560,220,140,84,56万円",16,560.0,11,2,4,カンナギ,牝,3,52.0,▲石神道,109.8,2.1/2,5,27.4,36.8,12-12-10-10,美浦 小手川,412,18,
202503010103,2025-04-12,福島,3,3歳未勝利,芝,1800,右,曇,良,"1回 福島 1日目 サラ系３歳 未勝利       牝[指] 馬齢 16頭 本賞金:560,220,140,84,56万円",16,560.0,12,7,14,ルージュフレイヤ,牝,3,55.0,松若,109.8,アタマ,8,43.3,37.0,7-8-9-7,美浦 浅利,420,0,
202503010103,2025-04-12,福島,3,3歳未勝利,芝,1800,右,曇,良,"1回 福島 1日目 サラ系３歳 未勝利       牝[指] 馬齢 16頭 本賞金:560,220,140,84,56万円",16,560.0,13,7,13,デルマレッドスター,牝,3,55.0,泉谷,110.3,3,15,278.9,36.4,16-14-15-15,栗東 飯田,426,0,
202503010103,2025-04-12,福島,3,3歳未勝利,芝,1800,右,曇,良,"1回 福島 1日目 サラ系３歳 未勝利       牝[指] 馬齢 16頭 本賞金:560,220,140,84,56万円",16,560.0,14,6,12,アシレ,牝,3,55.0,菊沢,111.3,6,14,162.0,38.2,10-11-10-13,美浦 菊沢,426,-6,
202503010103,2025-04-12,福島,3,3歳未勝利,芝,1800,右,曇,良,"1回 福島 1日目 サラ系３歳 未勝利       牝[指] 馬齢 16頭 本賞金:560,220,140,84,56万円",16,560.0,15,1,2,ジーティーキュート,牝,3,55.0,原田和,111.9,3.1/2,16,300.3,38.9,10-10-10-12,美浦 松山,392,0,
202503010103,2025-04-12,福島,3,3歳未勝利,芝,1800,右,曇,良,"1回 福島 1日目 サラ系３歳 未勝利       牝[指] 馬齢 16頭 本賞金:560,220,140,84,56万円",16,560.0,,8,15,エイシンマクルーベ,牝,3,55.0,荻野極,,,13,122.1,,13-14-16,美浦 田中剛,406,-10,中止
202503010104,2025-04-12,福島,4,3歳未勝利,ダ,1150,右,曇,良,"1回 福島 1日目 サラ系３歳 未勝利       [指] 馬齢 15頭 本賞金:560,220,140,84,56万円",15,560.0,1,4,6,ライヴドライバー,牡,3,57.0,丹内,69.0,,2,3.5,36.9,1-1,美浦 尾形,508,0,
202503010104,2025-04-12,福島,4,3歳未勝利,ダ,1150,右,曇,良,"1回 福島 1日目 サラ系３歳 未勝利       [指] 馬齢 15頭 本賞金:560,220,140,84,56万円",15,560.0,2,8,14,アイファーモービル,牡,3,57.0,丸山,69.4,2.1/2,1,2.8,36.6,7-5,栗東 井上,462,-2,
202503010104,2025-04-12,福島,4,3歳未勝利,ダ,1150,右,曇,良,"1回 福島 1日目 サラ系３歳 未勝利       [指] 馬齢 15頭 本賞金:560,220,140,84,56万円",15,560.0,3,6,11,デュアルタスク,セ,3,57.0,田口,69.9,3,4,7.6,37.7,2-2,栗東 小栗,458,0,
202503010104,2025-04-12,福島,4,3歳未勝利,ダ,1150,右,曇,良,"1回 福島 1日目 サラ系３歳 未勝利       [指] 馬齢 15頭 本賞金:560,220,140,84,56万円",15,560.0,4,8,15,スナークサンダー,牡,3,57.0,小沢,70.4,2.1/2,10,123.2,38.1,3-3,栗東 宮地,470,0,
202503010104,2025-04-12,福島,4,3歳未勝利,ダ,1150,右,曇,良,"1回 福島 1日目 サラ系３歳 未勝利       [指] 馬齢 15頭 本賞金:560,220,140,84,56万円",15,560.0,5,3,5,ファイブエム,牝,3,54.0,☆高杉,70.5,3/4,6,13.9,38.1,4-3,栗東 野中,424,-4,
202503010104,2025-04-12,福島,4,3歳未勝利,ダ,1150,右,曇,良,"1回 福島 1日目 サラ系３歳 未勝利       [指] 馬齢 15頭 本賞金:560,220,140,84,56万円",15,560.0,6,7,13,マダムイグレイン,牝,3,55.0,角田和,70.7,1,7,14.0,35.9,14-14,栗東 飯田,492,2,
202503010104,2025-04-12,福島,4,3歳未勝利,ダ,1150,右,曇,良,"1回 福島 1日目 サラ系３歳 未勝利       [指] 馬齢 15頭 本賞金:560,220,140,84,56万円",15,560.0,7,5,9,サラサエンペラー,牡,3,53.0,★小林美,70.7,クビ,3,6.2,37.9,7-7,美浦 村田,470,-2,
202503010104,2025-04-12,福島,4,3歳未勝利,ダ,1150,右,曇,良,"1回 福島 1日目 サラ系３歳 未勝利       [指] 馬齢 15頭 本賞金:560,220,140,84,56万円",15,560.0,8,3,4,ローレルゼロ,牡,3,54.0,▲橋木,70.8,クビ,5,8.4,38.3,6-7,栗東 高橋康,470,-10,
202503010104,2025-04-12,福島,4,3歳未勝利,ダ,1150,右,曇,良,"1回 福島 1日目 サラ系３歳 未勝利       [指] 馬齢 15頭 本賞金:560,220,140,84,56万円",15,560.0,9,2,3,タマモクロッシェ,牝,3,52.0,▲上里,70.8,アタマ,11,139.4,37.3,10-10,美浦 水野,430,-4,
202503010104,2025-04-12,福島,4,3歳未勝利,ダ,1150,右,曇,良,"1回 福島 1日目 サラ系３歳 未勝利       [指] 馬齢 15頭 本賞金:560,220,140,84,56万円",15,560.0,10,2,2,トーアローダンテ,牝,3,52.0,▲古川奈,70.9,クビ,9,55.4,38.5,4-5,栗東 羽月,440,-6,
202503010104,2025-04-12,福島,4,3歳未勝利,ダ,1150,右,曇,良,"1回 福島 1日目 サラ系３歳 未勝利       [指] 馬齢 15頭 本賞金:560,220,140,84,56万円",15,560.0,11,1,1,ウーナファータ,牝,3,55.0,小林脩,71.0,1/2,13,347.8,37.2,12-12,美浦 奥平,454,-6,
202503010104,2025-04-12,福島,4,3歳未勝利,ダ,1150,右,曇,良,"1回 福島 1日目 サラ系３歳 未勝利       [指] 馬齢 15頭 本賞金:560,220,140,84,56万円",15,560.0,12,5,8,クリノエドガー,牡,3,57.0,田中健,71.5,3,12,219.0,37.9,10-11,栗東 荒川,488,0,
202503010104,2025-04-12,福島,4,3歳未勝利,ダ,1150,右,曇,良,"1回 福島 1日目 サラ系３歳 未勝利       [指] 馬齢 15頭 本賞金:560,220,140,84,56万円",15,560.0,13,4,7,ヤンキーパンチ,セ,3,57.0,原田和,71.8,2,15,487.9,38.6,9-9,美浦 蛯名利,402,-12,
202503010104,2025-04-12,福島,4,3歳未勝利,ダ,1150,右,曇,良,"1回 福島 1日目 サラ系３歳 未勝利       [指] 馬齢 15頭 本賞金:560,220,140,84,56万円",15,560.0,14,7,12,ラブスノー,牝,3,52.0,▲遠藤,72.2,2.1/2,14,394.6,38.0,13-13,美浦 蛯名利,448,-6,
202503010104,2025-04-12,福島,4,3歳未勝利,ダ,1150,右,曇,良,"1回 福島 1日目 サラ系３歳 未勝利       [指] 馬齢 15頭 本賞金:560,220,140,84,56万円",15,560.0,15,6,10,ハッスルアニキ,牡,3,56.0,☆横山琉,72.8,3.1/2,8,50.8,36.6,15-15,美浦 鈴木慎,478,0,
202503010105,2025-04-12,福島,5,3歳未勝利,芝,2000,右,曇,良,"1回 福島 1日目 サラ系３歳 未勝利       [指] 馬齢 16頭 本賞金:560,220,140,84,56万円",16,560.0,1,4,8,ベラトール,牡,3,54.0,▲水沼,121.2,,16,347.4,35.7,11-11-11-10,美浦 西田,486,-4,
202503010105,2025-04-12,福島,5,3歳未勝利,芝,2000,右,曇,良,"1回 福島 1日目 サラ系３歳 未勝利       [指] 馬齢 16頭 本賞金:560,220,140,84,56万円",16,560.0,2,8,16,サンカシグレ,牡,3,57.0,柴田大,121.3,3/4,6,9.2,36.2,8-8-8-8,美浦 粕谷,448,-4,
202503010105,2025-04-12,福島,5,3歳未勝利,芝,2000,右,曇,良,"1回 福島 1日目 サラ系３歳 未勝利       [指] 馬齢 16頭 本賞金:560,220,140,84,56万円",16,560.0,3,1,1,グラフレナート,牡,3,57.0,丸山,121.3,クビ,2,5.8,36.4,6-6-5-5,美浦 宮田,474,-2,
202503010105,2025-04-12,福島,5,3歳未勝利,芝,2000,右,曇,良,"1回 福島 1日目 サラ系３歳 未勝利       [指] 馬齢 16頭 本賞金:560,220,140,84,56万円",16,560.0,4,3,5,エリセイラ,牝,3,55.0,荻野琢,121.4,1/2,7,17.9,36.7,2-2-3-3,栗東 大久保,432,0,
202503010105,2025-04-12,福島,5,3歳未勝利,芝,2000,右,曇,良,"1回 福島 1日目 サラ系３歳 未勝利       [指] 馬齢 16頭 本賞金:560,220,140,84,56万円",16,560.0,5,5,9,ディクシャ,牡,3,57.0,菊沢,121.4,ハナ,10,34.9,36.8,2-2-2-2,栗東 西村,496,20,
202503010105,2025-04-12,福島,5,3歳未勝利,芝,2000,右,曇,良,"1回 福島 1日目 サラ系３歳 未勝利       [指] 馬齢 16頭 本賞金:560,220,140,84,56万円",16,560.0,6,4,7,サイモンベローチェ,牡,3,57.0,角田和,121.5,クビ,8,21.5,36.2,9-10-10-10,栗東 佐々木,518,2,
202503010105,2025-04-12,福島,5,3歳未勝利,芝,2000,右,曇,良,"1回 福島 1日目 サラ系３歳 未勝利       [指] 馬齢 16頭 本賞金:560,220,140,84,56万円",16,560.0,7,1,2,カリータフェリス,牝,3,52.0,▲遠藤,121.6,3/4,11,35.6,36.6,6-6-5-5,美浦 鈴木慎,430,2,
202503010105,2025-04-12,福島,5,3歳未勝利,芝,2000,右,曇,良,"1回 福島 1日目 サラ系３歳 未勝利       [指] 馬齢 16頭 本賞金:560,220,140,84,56万円",16,560.0,8,2,3,ヴォルヴァ,牝,3,55.0,吉田隼,121.6,アタマ,12,39.0,36.4,9-9-8-8,美浦 尾形,418,-6,
202503010105,2025-04-12,福島,5,3歳未勝利,芝,2000,右,曇,良,"1回 福島 1日目 サラ系３歳 未勝利       [指] 馬齢 16頭 本賞金:560,220,140,84,56万円",16,560.0,9,3,6,ウインキララ,牝,3,55.0,荻野極,121.7,クビ,3,6.7,37.2,1-1-1-1,美浦 鹿戸,436,-10,
202503010105,2025-04-12,福島,5,3歳未勝利,芝,2000,右,曇,良,"1回 福島 1日目 サラ系３歳 未勝利       [指] 馬齢 16頭 本賞金:560,220,140,84,56万円",16,560.0,10,6,12,マンオブノーブル,牡,3,56.0,☆高杉,121.7,クビ,5,8.6,36.1,11-12-12-10,栗東 池江,472,0,
202503010105,2025-04-12,福島,5,3歳未勝利,芝,2000,右,曇,良,"1回 福島 1日目 サラ系３歳 未勝利       [指] 馬齢 16頭 本賞金:560,220,140,84,56万円",16,560.0,11,8,15,ヘヴンウィンド,牡,3,57.0,佐々木,121.8,1/2,1,3.0,36.9,4-5-5-5,美浦 黒岩,470,-8,
202503010105,2025-04-12,福島,5,3歳未勝利,芝,2000,右,曇,良,"1回 福島 1日目 サラ系３歳 未勝利       [指] 馬齢 16頭 本賞金:560,220,140,84,56万円",16,560.0,12,7,13,サトノアルタイル,牡,3,57.0,斎藤,121.9,1/2,4,6.8,37.2,4-2-3-3,美浦 斎藤誠,498,-4,
202503010105,2025-04-12,福島,5,3歳未勝利,芝,2000,右,曇,良,"1回 福島 1日目 サラ系３歳 未勝利       [指] 馬齢 16頭 本賞金:560,220,140,84,56万円",16,560.0,13,5,10,ライヴスプーン,牝,3,51.0,★小林美,122.0,1/2,14,240.4,35.4,15-15-16-14,美浦 尾形,406,-14,
202503010105,2025-04-12,福島,5,3歳未勝利,芝,2000,右,曇,良,"1回 福島 1日目 サラ系３歳 未勝利       [指] 馬齢 16頭 本賞金:560,220,140,84,56万円",16,560.0,14,6,11,マダムシーファー,牝,3,55.0,武藤,123.1,7,15,302.6,36.9,13-13-14-15,美浦 田村,418,2,
202503010105,2025-04-12,福島,5,3歳未勝利,芝,2000,右,曇,良,"1回 福島 1日目 サラ系３歳 未勝利       [指] 馬齢 16頭 本賞金:560,220,140,84,56万円",16,560.0,15,7,14,グランツローゼ,牝,3,55.0,丹内,123.4,2,9,31.2,37.4,13-13-13-13,美浦 千葉,452,2,
202503010105,2025-04-12,福島,5,3歳未勝利,芝,2000,右,曇,良,"1回 福島 1日目 サラ系３歳 未勝利       [指] 馬齢 16頭 本賞金:560,220,140,84,56万円",16,560.0,16,2,4,シップオブラヴ,牡,3,56.0,☆横山琉,123.6,3/4,13,142.5,37.2,15-15-15-15,美浦 鈴木慎,420,-2,
202503010106,2025-04-12,福島,6,3歳未勝利,芝,1200,右,曇,良,"1回 福島 1日目 サラ系３歳 未勝利       見習騎手 馬齢 16頭 本賞金:560,220,140,84,56万円",16,560.0,1,2,4,カランダッシュ,牝,3,55.0,佐々木,68.4,,3,8.3,34.7,5-3,栗東 須貝,466,6,
202503010106,2025-04-12,福島,6,3歳未勝利,芝,1200,右,曇,良,"1回 福島 1日目 サラ系３歳 未勝利       見習騎手 馬齢 16頭 本賞金:560,220,140,84,56万円",16,560.0,2,1,2,アイルトンバローズ,牡,3,57.0,田口,68.5,1/2,2,4.9,34.9,4-4,栗東 清水久,492,0,
202503010106,2025-04-12,福島,6,3歳未勝利,芝,1200,右,曇,良,"1回 福島 1日目 サラ系３歳 未勝利       見習騎手 馬齢 16頭 本賞金:560,220,140,84,56万円",16,560.0,3,3,6,メイショウマサツラ,牡,3,56.0,☆松本,68.8,1.3/4,4,9.6,35.6,1-1,栗東 本田,506,0,
202503010106,2025-04-12,福島,6,3歳未勝利,芝,1200,右,曇,良,"1回 福島 1日目 サラ系３歳 未勝利       見習騎手 馬齢 16頭 本賞金:560,220,140,84,56万円",16,560.0,4,7,14,タマカヅラ,牝,3,55.0,斎藤,69.3,3.1/2,1,1.8,35.6,5-4,美浦 斎藤誠,424,0,
202503010106,2025-04-12,福島,6,3歳未勝利,芝,1200,右,曇,良,"1回 福島 1日目 サラ系３歳 未勝利       見習騎手 馬齢 16頭 本賞金:560,220,140,84,56万円",16,560.0,5,7,13,ナンナンプー,牝,3,52.0,▲石神道,69.5,3/4,8,35.4,35.4,7-6,美浦 矢嶋,444,-2,
202503010106,2025-04-12,福島,6,3歳未勝利,芝,1200,右,曇,良,"1回 福島 1日目 サラ系３歳 未勝利       見習騎手 馬齢 16頭 本賞金:560,220,140,84,56万円",16,560.0,6,8,16,スマートロベール,牝,3,55.0,角田和,69.6,3/4,11,59.2,35.1,12-12,栗東 笹田,418,0,
202503010106,2025-04-12,福島,6,3歳未勝利,芝,1200,右,曇,良,"1回 福島 1日目 サラ系３歳 未勝利       見習騎手 馬齢 16頭 本賞金:560,220,140,84,56万円",16,560.0,7,4,7,ニシノヒミチュ,牝,3,52.0,▲水沼,69.6,ハナ,7,23.0,35.6,7-6,美浦 伊藤大,436,-8,
202503010106,2025-04-12,福島,6,3歳未勝利,芝,1200,右,曇,良,"1回 福島 1日目 サラ系３歳 未勝利       見習騎手 馬齢 16頭 本賞金:560,220,140,84,56万円",16,560.0,8,5,9,タマモチャオ,牝,3,54.0,☆高杉,69.6,ハナ,9,46.3,35.3,10-10,栗東 藤岡,436,-2,
202503010106,2025-04-12,福島,6,3歳未勝利,芝,1200,右,曇,良,"1回 福島 1日目 サラ系３歳 未勝利       見習騎手 馬齢 16頭 本賞金:560,220,140,84,56万円",16,560.0,9,5,10,ルシェロアズーリ,牝,3,51.0,★小林美,69.7,クビ,6,18.5,36.4,2-2,美浦 鈴木伸,426,-16,
202503010106,2025-04-12,福島,6,3歳未勝利,芝,1200,右,曇,良,"1回 福島 1日目 サラ系３歳 未勝利       見習騎手 馬齢 16頭 本賞金:560,220,140,84,56万円",16,560.0,10,2,3,レーヌドフルール,牝,3,52.0,▲橋木,69.7,クビ,5,15.4,34.7,14-14,栗東 西園正,466,0,
202503010106,2025-04-12,福島,6,3歳未勝利,芝,1200,右,曇,良,"1回 福島 1日目 サラ系３歳 未勝利       見習騎手 馬齢 16頭 本賞金:560,220,140,84,56万円",16,560.0,11,6,12,ユラジスティック,牝,3,52.0,▲遠藤,69.8,クビ,13,109.4,35.3,12-12,美浦 嘉藤,446,18,
202503010106,2025-04-12,福島,6,3歳未勝利,芝,1200,右,曇,良,"1回 福島 1日目 サラ系３歳 未勝利       見習騎手 馬齢 16頭 本賞金:560,220,140,84,56万円",16,560.0,12,1,1,クリスタルテン,牝,3,52.0,▲上里,69.8,ハナ,15,215.2,35.7,7-9,美浦 水野,434,12,
202503010106,2025-04-12,福島,6,3歳未勝利,芝,1200,右,曇,良,"1回 福島 1日目 サラ系３歳 未勝利       見習騎手 馬齢 16頭 本賞金:560,220,140,84,56万円",16,560.0,13,4,8,サマーエンジェル,牝,3,55.0,秋山稔,70.0,1.1/2,10,46.4,36.6,2-6,栗東 高橋一,450,-8,
202503010106,2025-04-12,福島,6,3歳未勝利,芝,1200,右,曇,良,"1回 福島 1日目 サラ系３歳 未勝利       見習騎手 馬齢 16頭 本賞金:560,220,140,84,56万円",16,560.0,14,6,11,エターナルライズ,牝,3,55.0,小沢,70.2,1.1/4,12,71.5,35.9,10-10,美浦 萩原,418,-6,
202503010106,2025-04-12,福島,6,3歳未勝利,芝,1200,右,曇,良,"1回 福島 1日目 サラ系３歳 未勝利       見習騎手 馬齢 16頭 本賞金:560,220,140,84,56万円",16,560.0,15,3,5,フレンドラック,牡,3,54.0,▲石田,71.5,8,14,209.3,35.5,16-15,美浦 南田,452,0,
202503010106,2025-04-12,福島,6,3歳未勝利,芝,1200,右,曇,良,"1回 福島 1日目 サラ系３歳 未勝利       見習騎手 馬齢 16頭 本賞金:560,220,140,84,56万円",16,560.0,16,8,15,ゴールドラブリー,牝,3,52.0,▲佐藤,71.8,2,16,351.4,36.2,15-16,美浦 武藤,400,-14,
202503010107,2025-04-12,福島,7,4歳以上1勝クラス,ダ,1700,右,曇,良,"1回 福島 1日目 サラ系４歳以上 １勝クラス       牝[指] 定量 15頭 本賞金:800,320,200,120,80万円",15,800.0,1,2,2,ファイントパーズ,牝,4,52.0,★小林美,107.0,,11,52.8,39.2,1-1-1-1,美浦 鈴木伸,474,-8,
202503010107,2025-04-12,福島,7,4歳以上1勝クラス,ダ,1700,右,曇,良,"1回 福島 1日目 サラ系４歳以上 １勝クラス       牝[指] 定量 15頭 本賞金:800,320,200,120,80万円",15,800.0,2,4,7,アステロイドメア,牝,5,55.0,☆松本,107.4,2.1/2,8,29.0,38.9,10-7-8-7,美浦 武市,500,-2,
202503010107,2025-04-12,福島,7,4歳以上1勝クラス,ダ,1700,右,曇,良,"1回 福島 1日目 サラ系４歳以上 １勝クラス       牝[指] 定量 15頭 本賞金:800,320,200,120,80万円",15,800.0,3,4,6,ロフティーイデアル,牝,5,56.0,丹内,107.6,1,2,3.0,39.3,7-7-5-3,美浦 林,464,-6,
202503010107,2025-04-12,福島,7,4歳以上1勝クラス,ダ,1700,右,曇,良,"1回 福島 1日目 サラ系４歳以上 １勝クラス       牝[指] 定量 15頭 本賞金:800,320,200,120,80万円",15,800.0,4,8,14,ゴヴェルナーレリコ,牝,4,56.0,松若,107.8,1.1/4,7,24.5,39.5,12-12-5-5,美浦 辻,442,0,
202503010107,2025-04-12,福島,7,4歳以上1勝クラス,ダ,1700,右,曇,良,"1回 福島 1日目 サラ系４歳以上 １勝クラス       牝[指] 定量 15頭 本賞金:800,320,200,120,80万円",15,800.0,5,5,8,モディリアーニ,牝,4,56.0,吉田隼,107.8,クビ,9,37.5,39.0,13-12-10-9,美浦 萩原,500,-16,
202503010107,2025-04-12,福島,7,4歳以上1勝クラス,ダ,1700,右,曇,良,"1回 福島 1日目 サラ系４歳以上 １勝クラス       牝[指] 定量 15頭 本賞金:800,320,200,120,80万円",15,800.0,6,7,12,ミラクルキャッツ,牝,5,56.0,佐々木,108.4,3.1/2,4,7.7,39.6,8-10-10-10,美浦 堀,454,-8,
202503010107,2025-04-12,福島,7,4歳以上1勝クラス,ダ,1700,右,曇,良,"1回 福島 1日目 サラ系４歳以上 １勝クラス       牝[指] 定量 15頭 本賞金:800,320,200,120,80万円",15,800.0,7,5,9,ルルシュシュ,牝,5,55.0,☆高杉,108.4,アタマ,6,21.1,39.3,10-10-12-12,美浦 金成,488,0,
202503010107,2025-04-12,福島,7,4歳以上1勝クラス,ダ,1700,右,曇,良,"1回 福島 1日目 サラ系４歳以上 １勝クラス       牝[指] 定量 15頭 本賞金:800,320,200,120,80万円",15,800.0,8,2,3,アンリーベイビー,牝,4,56.0,斎藤,108.5,クビ,10,50.2,40.2,4-5-5-6,栗東 茶木,422,8,
202503010107,2025-04-12,福島,7,4歳以上1勝クラス,ダ,1700,右,曇,良,"1回 福島 1日目 サラ系４歳以上 １勝クラス       牝[指] 定量 15頭 本賞金:800,320,200,120,80万円",15,800.0,9,3,5,ウエヲムイテゴラン,牝,4,56.0,荻野極,108.6,3/4,3,5.4,40.5,4-5-3-3,美浦 萩原,450,-2,
202503010107,2025-04-12,福島,7,4歳以上1勝クラス,ダ,1700,右,曇,良,"1回 福島 1日目 サラ系４歳以上 １勝クラス       牝[指] 定量 15頭 本賞金:800,320,200,120,80万円",15,800.0,10,3,4,オーケーバーディー,牝,4,55.0,☆横山琉,108.9,1.3/4,1,2.9,41.0,2-2-2-2,美浦 相沢,444,10,
202503010107,2025-04-12,福島,7,4歳以上1勝クラス,ダ,1700,右,曇,良,"1回 福島 1日目 サラ系４歳以上 １勝クラス       牝[指] 定量 15頭 本賞金:800,320,200,120,80万円",15,800.0,11,8,15,タガノエクレール,牝,4,56.0,菊沢,109.6,4,5,14.2,40.5,14-14-12-10,栗東 西園翔,466,0,
202503010107,2025-04-12,福島,7,4歳以上1勝クラス,ダ,1700,右,曇,良,"1回 福島 1日目 サラ系４歳以上 １勝クラス       牝[指] 定量 15頭 本賞金:800,320,200,120,80万円",15,800.0,12,6,10,ジャンビ,牝,4,56.0,秋山稔,109.7,3/4,14,200.4,41.6,2-2-3-7,美浦 勢司,444,-12,
202503010107,2025-04-12,福島,7,4歳以上1勝クラス,ダ,1700,右,曇,良,"1回 福島 1日目 サラ系４歳以上 １勝クラス       牝[指] 定量 15頭 本賞金:800,320,200,120,80万円",15,800.0,13,1,1,イエローサファイア,牝,4,56.0,田口,111.1,8,12,113.1,42.5,4-4-8-13,栗東 佐藤悠,518,-2,
202503010107,2025-04-12,福島,7,4歳以上1勝クラス,ダ,1700,右,曇,良,"1回 福島 1日目 サラ系４歳以上 １勝クラス       牝[指] 定量 15頭 本賞金:800,320,200,120,80万円",15,800.0,14,6,11,カントゥータ,牝,4,56.0,小林脩,112.6,9,13,191.2,43.6,8-7-12-14,美浦 佐藤吉,444,-13,
202503010107,2025-04-12,福島,7,4歳以上1勝クラス,ダ,1700,右,曇,良,"1回 福島 1日目 サラ系４歳以上 １勝クラス       牝[指] 定量 15頭 本賞金:800,320,200,120,80万円",15,800.0,,7,13,アンジュグルーヴ,牝,4,56.0,川又,,,,,,,栗東 安田,484,6,除外
202503010108,2025-04-12,福島,8,4歳以上1勝クラス,芝,2600,右,曇,良,"1回 福島 1日目 サラ系４歳以上 １勝クラス       [指] 定量 16頭 本賞金:800,320,200,120,80万円",16,800.0,1,4,7,カエルム,牡,4,58.0,斎藤,159.6,,2,3.9,35.4,4-3-5-4,栗東 安田,478,-2,
202503010108,2025-04-12,福島,8,4歳以上1勝クラス,芝,2600,右,曇,良,"1回 福島 1日目 サラ系４歳以上 １勝クラス       [指] 定量 16頭 本賞金:800,320,200,120,80万円",16,800.0,2,7,14,ウインリュクス,牝,5,56.0,丹内,159.8,1.1/4,5,11.1,36.8,1-1-1-1,栗東 吉田,430,-2,
202503010108,2025-04-12,福島,8,4歳以上1勝クラス,芝,2600,右,曇,良,"1回 福島 1日目 サラ系４歳以上 １勝クラス       [指] 定量 16頭 本賞金:800,320,200,120,80万円",16,800.0,3,8,16,レジェンドシップ,セ,5,57.0,☆高杉,159.8,ハナ,4,8.9,35.9,3-3-3-2,栗東 佐藤悠,440,-2,
202503010108,2025-04-12,福島,8,4歳以上1勝クラス,芝,2600,右,曇,良,"1回 福島 1日目 サラ系４歳以上 １勝クラス       [指] 定量 16頭 本賞金:800,320,200,120,80万円",16,800.0,4,2,4,オールデュスヴラン,牡,4,58.0,荻野極,159.9,クビ,3,7.3,35.0,11-11-13-8,栗東 池江,488,12,
202503010108,2025-04-12,福島,8,4歳以上1勝クラス,芝,2600,右,曇,良,"1回 福島 1日目 サラ系４歳以上 １勝クラス       [指] 定量 16頭 本賞金:800,320,200,120,80万円",16,800.0,5,4,8,ヘルツアス,牝,4,53.0,▲川端,160.1,1.1/2,14,132.0,36.4,2-2-2-2,栗東 森田,422,6,
202503010108,2025-04-12,福島,8,4歳以上1勝クラス,芝,2600,右,曇,良,"1回 福島 1日目 サラ系４歳以上 １勝クラス       [指] 定量 16頭 本賞金:800,320,200,120,80万円",16,800.0,6,5,10,ダノンペドロ,セ,5,58.0,菊沢,160.1,アタマ,9,27.7,35.8,6-6-6-6,栗東 寺島,478,0,
202503010108,2025-04-12,福島,8,4歳以上1勝クラス,芝,2600,右,曇,良,"1回 福島 1日目 サラ系４歳以上 １勝クラス       [指] 定量 16頭 本賞金:800,320,200,120,80万円",16,800.0,7,1,2,チャイボーグ,牝,5,56.0,長岡,160.3,1,15,176.3,35.9,9-10-6-4,美浦 的場,486,-4,
202503010108,2025-04-12,福島,8,4歳以上1勝クラス,芝,2600,右,曇,良,"1回 福島 1日目 サラ系４歳以上 １勝クラス       [指] 定量 16頭 本賞金:800,320,200,120,80万円",16,800.0,8,6,12,ルークスヘリオス,牡,6,58.0,丸山,160.4,1/2,12,55.1,35.4,14-13-13-11,美浦 中川,490,-2,
202503010108,2025-04-12,福島,8,4歳以上1勝クラス,芝,2600,右,曇,良,"1回 福島 1日目 サラ系４歳以上 １勝クラス       [指] 定量 16頭 本賞金:800,320,200,120,80万円",16,800.0,9,2,3,ヴァイザーバルコ,セ,5,58.0,武藤,160.9,3,1,2.7,36.6,11-12-6-8,美浦 水野,462,-6,
202503010108,2025-04-12,福島,8,4歳以上1勝クラス,芝,2600,右,曇,良,"1回 福島 1日目 サラ系４歳以上 １勝クラス       [指] 定量 16頭 本賞金:800,320,200,120,80万円",16,800.0,10,6,11,ラルンエベール,牝,4,52.0,★小林美,161.3,2.1/2,10,37.6,35.6,14-16-16-16,美浦 田島,420,0,
202503010108,2025-04-12,福島,8,4歳以上1勝クラス,芝,2600,右,曇,良,"1回 福島 1日目 サラ系４歳以上 １勝クラス       [指] 定量 16頭 本賞金:800,320,200,120,80万円",16,800.0,11,3,6,テイキットイージー,牡,4,58.0,佐々木,161.3,クビ,7,17.6,36.0,13-13-15-14,美浦 萱野,440,-12,
202503010108,2025-04-12,福島,8,4歳以上1勝クラス,芝,2600,右,曇,良,"1回 福島 1日目 サラ系４歳以上 １勝クラス       [指] 定量 16頭 本賞金:800,320,200,120,80万円",16,800.0,12,5,9,ヤマニンアラクリア,牡,4,58.0,田中健,161.4,クビ,13,63.6,36.7,8-8-11-11,栗東 中村,482,0,
202503010108,2025-04-12,福島,8,4歳以上1勝クラス,芝,2600,右,曇,良,"1回 福島 1日目 サラ系４歳以上 １勝クラス       [指] 定量 16頭 本賞金:800,320,200,120,80万円",16,800.0,13,8,15,ゴールデンステップ,牝,4,55.0,☆横山琉,161.5,1/2,8,24.8,37.2,4-5-6-10,美浦 和田勇,480,-8,
202503010108,2025-04-12,福島,8,4歳以上1勝クラス,芝,2600,右,曇,良,"1回 福島 1日目 サラ系４歳以上 １勝クラス       [指] 定量 16頭 本賞金:800,320,200,120,80万円",16,800.0,14,7,13,パラダイスリズム,牝,4,53.0,▲遠藤,162.0,3.1/2,16,209.9,37.5,6-7-10-13,美浦 伊藤伸,452,-4,
202503010108,2025-04-12,福島,8,4歳以上1勝クラス,芝,2600,右,曇,良,"1回 福島 1日目 サラ系４歳以上 １勝クラス       [指] 定量 16頭 本賞金:800,320,200,120,80万円",16,800.0,15,3,5,サイレントグルーヴ,牝,4,56.0,小沢,162.1,1/2,6,16.5,38.0,14-13-4-6,栗東 角田,486,-2,
202503010108,2025-04-12,福島,8,4歳以上1勝クラス,芝,2600,右,曇,良,"1回 福島 1日目 サラ系４歳以上 １勝クラス       [指] 定量 16頭 本賞金:800,320,200,120,80万円",16,800.0,,1,1,シーズオブホープ,牡,5,57.0,☆松本,,,11,39.9,,9-8-11-14,美浦 武市,482,2,中止
202503010109,2025-04-12,福島,9,浄土平特別,芝,1800,右,曇,良,"1回 福島 1日目 サラ系４歳以上 １勝クラス       (混)[指] 定量 15頭 本賞金:1110,440,280,170,111万円",15,1110.0,1,1,1,バレルターン,牡,4,58.0,亀田,106.9,,1,2.7,35.0,3-4-3-3,栗東 茶木,482,-4,
202503010109,2025-04-12,福島,9,浄土平特別,芝,1800,右,曇,良,"1回 福島 1日目 サラ系４歳以上 １勝クラス       (混)[指] 定量 15頭 本賞金:1110,440,280,170,111万円",15,1110.0,2,4,7,フォーカルフラワー,牝,5,56.0,小沢,107.3,2.1/2,12,76.8,35.6,2-2-2-2,美浦 国枝,456,4,
202503010109,2025-04-12,福島,9,浄土平特別,芝,1800,右,曇,良,"1回 福島 1日目 サラ系４歳以上 １勝クラス       (混)[指] 定量 15頭 本賞金:1110,440,280,170,111万円",15,1110.0,3,2,3,アンテロース,牡,5,58.0,吉田隼,107.4,1/2,11,56.5,35.8,1-1-1-1,栗東 岡田,454,-10,
202503010109,2025-04-12,福島,9,浄土平特別,芝,1800,右,曇,良,"1回 福島 1日目 サラ系４歳以上 １勝クラス       (混)[指] 定量 15頭 本賞金:1110,440,280,170,111万円",15,1110.0,4,3,5,ソルトブリーズ,牡,4,58.0,横山琉,107.4,ハナ,2,3.9,35.2,6-6-6-4,美浦 田中剛,446,-10,
202503010109,2025-04-12,福島,9,浄土平特別,芝,1800,右,曇,良,"1回 福島 1日目 サラ系４歳以上 １勝クラス       (混)[指] 定量 15頭 本賞金:1110,440,280,170,111万円",15,1110.0,5,6,10,フォルテフィオーレ,牡,4,58.0,荻野極,107.4,ハナ,4,7.2,35.2,8-8-6-10,美浦 上原佑,448,0,
202503010109,2025-04-12,福島,9,浄土平特別,芝,1800,右,曇,良,"1回 福島 1日目 サラ系４歳以上 １勝クラス       (混)[指] 定量 15頭 本賞金:1110,440,280,170,111万円",15,1110.0,6,8,14,ミエノジュピター,牝,4,56.0,小崎,107.6,1.1/4,8,23.6,35.4,8-8-6-4,美浦 堀,450,-10,
202503010109,2025-04-12,福島,9,浄土平特別,芝,1800,右,曇,良,"1回 福島 1日目 サラ系４歳以上 １勝クラス       (混)[指] 定量 15頭 本賞金:1110,440,280,170,111万円",15,1110.0,7,6,11,コスモアバンサ,牡,5,58.0,丹内,108.1,3,6,14.6,35.4,13-13-13-11,美浦 清水英,488,0,
202503010109,2025-04-12,福島,9,浄土平特別,芝,1800,右,曇,良,"1回 福島 1日目 サラ系４歳以上 １勝クラス       (混)[指] 定量 15頭 本賞金:1110,440,280,170,111万円",15,1110.0,8,2,2,ダノンアトラス,牡,4,58.0,高杉,108.4,2,3,6.8,36.0,8-10-10-11,栗東 橋口,402,-10,
202503010109,2025-04-12,福島,9,浄土平特別,芝,1800,右,曇,良,"1回 福島 1日目 サラ系４歳以上 １勝クラス       (混)[指] 定量 15頭 本賞金:1110,440,280,170,111万円",15,1110.0,9,7,12,ゼアズノープレイス,牡,6,58.0,的場,108.4,ハナ,13,92.3,35.4,14-14-14-14,美浦 的場,502,-10,
202503010109,2025-04-12,福島,9,浄土平特別,芝,1800,右,曇,良,"1回 福島 1日目 サラ系４歳以上 １勝クラス       (混)[指] 定量 15頭 本賞金:1110,440,280,170,111万円",15,1110.0,10,7,13,ランカグア,牝,5,56.0,丸山,109.0,3.1/2,14,190.7,36.8,6-6-6-7,美浦 奥村武,462,2,
202503010109,2025-04-12,福島,9,浄土平特別,芝,1800,右,曇,良,"1回 福島 1日目 サラ系４歳以上 １勝クラス       (混)[指] 定量 15頭 本賞金:1110,440,280,170,111万円",15,1110.0,11,5,9,クラシックステップ,牡,6,58.0,泉谷,109.1,1/2,9,34.9,36.7,11-11-10-11,栗東 高橋一,488,-10,
202503010109,2025-04-12,福島,9,浄土平特別,芝,1800,右,曇,良,"1回 福島 1日目 サラ系４歳以上 １勝クラス       (混)[指] 定量 15頭 本賞金:1110,440,280,170,111万円",15,1110.0,12,8,15,スプリンクルソルト,牡,4,58.0,斎藤,109.1,クビ,5,13.6,36.7,11-11-10-7,美浦 栗田,466,-2,
202503010109,2025-04-12,福島,9,浄土平特別,芝,1800,右,曇,良,"1回 福島 1日目 サラ系４歳以上 １勝クラス       (混)[指] 定量 15頭 本賞金:1110,440,280,170,111万円",15,1110.0,13,3,4,ラパンラピッド,セ,5,58.0,佐々木,109.3,1.1/4,7,14.9,37.3,3-4-3-6,美浦 武井,474,-14,
202503010109,2025-04-12,福島,9,浄土平特別,芝,1800,右,曇,良,"1回 福島 1日目 サラ系４歳以上 １勝クラス       (混)[指] 定量 15頭 本賞金:1110,440,280,170,111万円",15,1110.0,14,4,6,エイシンポリシー,牝,4,56.0,秋山稔,110.3,6,10,52.5,38.4,3-3-3-7,美浦 勢司,466,-2,
202503010109,2025-04-12,福島,9,浄土平特別,芝,1800,右,曇,良,"1回 福島 1日目 サラ系４歳以上 １勝クラス       (混)[指] 定量 15頭 本賞金:1110,440,280,170,111万円",15,1110.0,,5,8,ショウナンダール,牡,6,58.0,菊沢,,,,,,,美浦 武市,,,取消
202503010110,2025-04-12,福島,10,喜多方特別,ダ,1150,右,晴,良,"1回 福島 1日目 サラ系４歳以上 ２勝クラス       (混)[指] 定量 16頭 本賞金:1550,620,390,230,155万円",16,1550.0,1,7,14,ブレーザー,牡,4,58.0,荻野極,68.6,,6,14.8,37.4,7-4,美浦 伊坂,520,-2,
202503010110,2025-04-12,福島,10,喜多方特別,ダ,1150,右,晴,良,"1回 福島 1日目 サラ系４歳以上 ２勝クラス       (混)[指] 定量 16頭 本賞金:1550,620,390,230,155万円",16,1550.0,2,6,12,ワークソング,牡,4,58.0,国分恭,68.6,ハナ,4,11.2,37.2,8-7,栗東 牧浦,476,2,
202503010110,2025-04-12,福島,10,喜多方特別,ダ,1150,右,晴,良,"1回 福島 1日目 サラ系４歳以上 ２勝クラス       (混)[指] 定量 16頭 本賞金:1550,620,390,230,155万円",16,1550.0,3,1,1,ジェネラーレ,牡,4,58.0,藤懸,68.8,1,2,4.2,38.1,1-1,栗東 野中,494,10,
202503010110,2025-04-12,福島,10,喜多方特別,ダ,1150,右,晴,良,"1回 福島 1日目 サラ系４歳以上 ２勝クラス       (混)[指] 定量 16頭 本賞金:1550,620,390,230,155万円",16,1550.0,4,2,3,タカネノハナコサン,牝,5,56.0,高杉,68.9,1/2,11,25.8,38.0,2-2,栗東 緒方,484,0,
202503010110,2025-04-12,福島,10,喜多方特別,ダ,1150,右,晴,良,"1回 福島 1日目 サラ系４歳以上 ２勝クラス       (混)[指] 定量 16頭 本賞金:1550,620,390,230,155万円",16,1550.0,5,3,5,ザウリ,牡,6,58.0,丸山,69.0,クビ,3,8.3,36.7,14-14,栗東 森田,542,4,
202503010110,2025-04-12,福島,10,喜多方特別,ダ,1150,右,晴,良,"1回 福島 1日目 サラ系４歳以上 ２勝クラス       (混)[指] 定量 16頭 本賞金:1550,620,390,230,155万円",16,1550.0,6,4,8,ジョヴィアン,牡,5,58.0,丹内,69.1,3/4,1,2.8,38.1,2-3,栗東 奥村豊,496,-8,
202503010110,2025-04-12,福島,10,喜多方特別,ダ,1150,右,晴,良,"1回 福島 1日目 サラ系４歳以上 ２勝クラス       (混)[指] 定量 16頭 本賞金:1550,620,390,230,155万円",16,1550.0,7,6,11,ストリンジェンド,牡,5,58.0,小沢,69.2,1/2,5,14.5,37.6,10-10,栗東 加藤公,480,-6,
202503010110,2025-04-12,福島,10,喜多方特別,ダ,1150,右,晴,良,"1回 福島 1日目 サラ系４歳以上 ２勝クラス       (混)[指] 定量 16頭 本賞金:1550,620,390,230,155万円",16,1550.0,8,8,15,ズバットマサムネ,セ,4,58.0,川又,69.3,1/2,15,60.0,38.2,4-4,栗東 杉山佳,492,-2,
202503010110,2025-04-12,福島,10,喜多方特別,ダ,1150,右,晴,良,"1回 福島 1日目 サラ系４歳以上 ２勝クラス       (混)[指] 定量 16頭 本賞金:1550,620,390,230,155万円",16,1550.0,9,1,2,マイレーヌ,牝,5,56.0,横山琉,69.3,アタマ,10,24.6,37.2,12-11,美浦 斎藤誠,506,-4,
202503010110,2025-04-12,福島,10,喜多方特別,ダ,1150,右,晴,良,"1回 福島 1日目 サラ系４歳以上 ２勝クラス       (混)[指] 定量 16頭 本賞金:1550,620,390,230,155万円",16,1550.0,10,2,4,サザンカ,牝,4,56.0,田口,69.4,クビ,16,136.9,36.7,16-15,栗東 角田,474,2,
202503010110,2025-04-12,福島,10,喜多方特別,ダ,1150,右,晴,良,"1回 福島 1日目 サラ系４歳以上 ２勝クラス       (混)[指] 定量 16頭 本賞金:1550,620,390,230,155万円",16,1550.0,11,5,10,ホークレア,牝,4,56.0,小崎,69.6,1,13,50.8,37.3,14-16,美浦 尾関,442,-2,
202503010110,2025-04-12,福島,10,喜多方特別,ダ,1150,右,晴,良,"1回 福島 1日目 サラ系４歳以上 ２勝クラス       (混)[指] 定量 16頭 本賞金:1550,620,390,230,155万円",16,1550.0,12,5,9,ハクサンアイ,牝,5,56.0,上里,69.7,3/4,14,54.3,37.6,12-11,美浦 加藤士,472,-8,
202503010110,2025-04-12,福島,10,喜多方特別,ダ,1150,右,晴,良,"1回 福島 1日目 サラ系４歳以上 ２勝クラス       (混)[指] 定量 16頭 本賞金:1550,620,390,230,155万円",16,1550.0,13,3,6,タイセイアレス,牡,4,58.0,佐々木,69.7,ハナ,9,23.0,38.4,8-8,栗東 西村,490,0,
202503010110,2025-04-12,福島,10,喜多方特別,ダ,1150,右,晴,良,"1回 福島 1日目 サラ系４歳以上 ２勝クラス       (混)[指] 定量 16頭 本賞金:1550,620,390,230,155万円",16,1550.0,14,4,7,ダズリングダンス,セ,5,58.0,川須,70.0,1.3/4,7,16.1,38.3,11-11,栗東 小椋,484,-2,
202503010110,2025-04-12,福島,10,喜多方特別,ダ,1150,右,晴,良,"1回 福島 1日目 サラ系４歳以上 ２勝クラス       (混)[指] 定量 16頭 本賞金:1550,620,390,230,155万円",16,1550.0,15,8,16,アマルナ,牝,5,56.0,松若,70.4,2.1/2,8,19.0,39.3,4-4,栗東 東田,466,2,
202503010110,2025-04-12,福島,10,喜多方特別,ダ,1150,右,晴,良,"1回 福島 1日目 サラ系４歳以上 ２勝クラス       (混)[指] 定量 16頭 本賞金:1550,620,390,230,155万円",16,1550.0,16,7,13,チュウワキャリア,牝,4,56.0,斎藤,70.8,2.1/2,12,48.9,39.7,4-8,美浦 栗田,506,2,
202503010111,2025-04-12,福島,11,吾妻小富士S,ダ,1700,右,晴,良,"1回 福島 1日目 サラ系４歳以上 オープン       (国際)(特指) ハンデ 15頭 本賞金:2200,880,550,330,220万円",15,2200.0,1,2,3,ダンテバローズ,牡,5,56.0,丹内,104.7,,3,6.3,37.8,3-4-3-2,栗東 上村,520,-10,
202503010111,2025-04-12,福島,11,吾妻小富士S,ダ,1700,右,晴,良,"1回 福島 1日目 サラ系４歳以上 オープン       (国際)(特指) ハンデ 15頭 本賞金:2200,880,550,330,220万円",15,2200.0,2,5,8,サンライズアリオン,牡,6,55.0,藤懸,105.2,3,4,6.7,38.5,2-2-2-1,栗東 平田,520,-8,
202503010111,2025-04-12,福島,11,吾妻小富士S,ダ,1700,右,晴,良,"1回 福島 1日目 サラ系４歳以上 オープン       (国際)(特指) ハンデ 15頭 本賞金:2200,880,550,330,220万円",15,2200.0,3,5,9,マリアナトレンチ,牡,5,55.0,松若,105.6,2.1/2,7,13.1,38.3,7-7-6-6,栗東 東田,482,0,
202503010111,2025-04-12,福島,11,吾妻小富士S,ダ,1700,右,晴,良,"1回 福島 1日目 サラ系４歳以上 オープン       (国際)(特指) ハンデ 15頭 本賞金:2200,880,550,330,220万円",15,2200.0,4,6,10,カズプレスト,牡,6,55.0,松本,105.7,1/2,5,10.0,38.8,3-3-3-2,栗東 高柳大,528,-2,
202503010111,2025-04-12,福島,11,吾妻小富士S,ダ,1700,右,晴,良,"1回 福島 1日目 サラ系４歳以上 オープン       (国際)(特指) ハンデ 15頭 本賞金:2200,880,550,330,220万円",15,2200.0,5,7,12,ショウナンライシン,牡,5,57.0,佐々木,105.8,クビ,2,4.6,38.6,8-7-6-7,美浦 大竹,490,-12,
202503010111,2025-04-12,福島,11,吾妻小富士S,ダ,1700,右,晴,良,"1回 福島 1日目 サラ系４歳以上 オープン       (国際)(特指) ハンデ 15頭 本賞金:2200,880,550,330,220万円",15,2200.0,6,8,14,ラインオブソウル,牡,6,55.0,小崎,105.8,クビ,11,37.8,37.8,15-15-14-14,栗東 東田,530,8,
202503010111,2025-04-12,福島,11,吾妻小富士S,ダ,1700,右,晴,良,"1回 福島 1日目 サラ系４歳以上 オープン       (国際)(特指) ハンデ 15頭 本賞金:2200,880,550,330,220万円",15,2200.0,7,8,15,ロコポルティ,牡,7,57.0,丸山,105.8,アタマ,6,10.6,38.1,13-13-12-12,栗東 西園正,526,2,
202503010111,2025-04-12,福島,11,吾妻小富士S,ダ,1700,右,晴,良,"1回 福島 1日目 サラ系４歳以上 オープン       (国際)(特指) ハンデ 15頭 本賞金:2200,880,550,330,220万円",15,2200.0,8,4,6,ベルダーイメル,牡,8,57.5,角田和,105.9,アタマ,9,22.8,38.8,5-5-5-2,栗東 本田,466,-14,
202503010111,2025-04-12,福島,11,吾妻小富士S,ダ,1700,右,晴,良,"1回 福島 1日目 サラ系４歳以上 オープン       (国際)(特指) ハンデ 15頭 本賞金:2200,880,550,330,220万円",15,2200.0,9,7,13,ドゥラレジリエント,牡,5,56.0,高杉,106.0,1/2,1,3.9,38.6,10-11-9-9,栗東 牧田,516,-2,
202503010111,2025-04-12,福島,11,吾妻小富士S,ダ,1700,右,晴,良,"1回 福島 1日目 サラ系４歳以上 オープン       (国際)(特指) ハンデ 15頭 本賞金:2200,880,550,330,220万円",15,2200.0,10,3,5,ハギノアトラス,セ,9,54.0,亀田,106.0,クビ,15,138.4,38.5,9-9-9-9,栗東 宮地,476,-4,
202503010111,2025-04-12,福島,11,吾妻小富士S,ダ,1700,右,晴,良,"1回 福島 1日目 サラ系４歳以上 オープン       (国際)(特指) ハンデ 15頭 本賞金:2200,880,550,330,220万円",15,2200.0,11,6,11,サンマルパトロール,牡,5,55.0,田口,106.1,1/2,8,22.2,38.7,10-10-9-9,栗東 大橋,484,0,
202503010111,2025-04-12,福島,11,吾妻小富士S,ダ,1700,右,晴,良,"1回 福島 1日目 サラ系４歳以上 オープン       (国際)(特指) ハンデ 15頭 本賞金:2200,880,550,330,220万円",15,2200.0,12,2,2,タイセイサムソン,牡,7,56.5,長岡,106.2,1/2,12,54.1,39.0,6-6-6-7,美浦 奥村武,500,-14,
202503010111,2025-04-12,福島,11,吾妻小富士S,ダ,1700,右,晴,良,"1回 福島 1日目 サラ系４歳以上 オープン       (国際)(特指) ハンデ 15頭 本賞金:2200,880,550,330,220万円",15,2200.0,13,4,7,ヘニータイフーン,牝,5,53.0,斎藤,106.3,1/2,10,26.9,38.2,13-14-14-12,栗東 中村,492,6,
202503010111,2025-04-12,福島,11,吾妻小富士S,ダ,1700,右,晴,良,"1回 福島 1日目 サラ系４歳以上 オープン       (国際)(特指) ハンデ 15頭 本賞金:2200,880,550,330,220万円",15,2200.0,14,1,1,サンライズジーク,牡,5,56.0,小沢,108.6,大,14,77.3,41.9,1-1-1-2,栗東 矢作,516,0,
202503010111,2025-04-12,福島,11,吾妻小富士S,ダ,1700,右,晴,良,"1回 福島 1日目 サラ系４歳以上 オープン       (国際)(特指) ハンデ 15頭 本賞金:2200,880,550,330,220万円",15,2200.0,15,3,4,スパイダーゴールド,牡,6,56.0,荻野極,111.2,大,13,69.0,43.4,12-11-12-14,美浦 鹿戸,504,10,
202503010112,2025-04-12,福島,12,4歳以上1勝クラス,芝,1200,右,晴,良,"1回 福島 1日目 サラ系４歳以上 １勝クラス       (混)[指] 定量 16頭 本賞金:800,320,200,120,80万円",16,800.0,1,2,4,アイノセンシ,牡,5,58.0,佐々木,68.4,,1,3.0,34.3,1-1,美浦 牧,510,6,
202503010112,2025-04-12,福島,12,4歳以上1勝クラス,芝,1200,右,晴,良,"1回 福島 1日目 サラ系４歳以上 １勝クラス       (混)[指] 定量 16頭 本賞金:800,320,200,120,80万円",16,800.0,2,2,3,テンプーシャオン,牡,5,58.0,松若,68.7,1.3/4,7,21.3,34.4,4-3,美浦 和田勇,432,-18,
202503010112,2025-04-12,福島,12,4歳以上1勝クラス,芝,1200,右,晴,良,"1回 福島 1日目 サラ系４歳以上 １勝クラス       (混)[指] 定量 16頭 本賞金:800,320,200,120,80万円",16,800.0,3,6,11,ハッピーサプライズ,牡,4,58.0,秋山稔,68.9,1.1/4,13,64.9,34.4,8-8,美浦 佐藤吉,468,-2,
202503010112,2025-04-12,福島,12,4歳以上1勝クラス,芝,1200,右,晴,良,"1回 福島 1日目 サラ系４歳以上 １勝クラス       (混)[指] 定量 16頭 本賞金:800,320,200,120,80万円",16,800.0,4,6,12,ソレントフレイバー,牡,6,58.0,荻野極,69.0,1/2,2,4.0,34.3,9-8,美浦 久保田,490,2,
202503010112,2025-04-12,福島,12,4歳以上1勝クラス,芝,1200,右,晴,良,"1回 福島 1日目 サラ系４歳以上 １勝クラス       (混)[指] 定量 16頭 本賞金:800,320,200,120,80万円",16,800.0,5,1,1,ビッグフラワー,牡,4,58.0,田口,69.0,ハナ,3,4.5,34.0,13-12,美浦 加藤征,488,-2,
202503010112,2025-04-12,福島,12,4歳以上1勝クラス,芝,1200,右,晴,良,"1回 福島 1日目 サラ系４歳以上 １勝クラス       (混)[指] 定量 16頭 本賞金:800,320,200,120,80万円",16,800.0,6,8,15,エスペラント,セ,6,58.0,武藤,69.1,1/2,12,44.7,34.1,13-12,美浦 武藤,460,-8,
202503010112,2025-04-12,福島,12,4歳以上1勝クラス,芝,1200,右,晴,良,"1回 福島 1日目 サラ系４歳以上 １勝クラス       (混)[指] 定量 16頭 本賞金:800,320,200,120,80万円",16,800.0,7,5,9,カフジキアッキエレ,牝,5,56.0,丸山,69.1,クビ,6,18.1,33.8,16-16,栗東 森田,422,6,
202503010112,2025-04-12,福島,12,4歳以上1勝クラス,芝,1200,右,晴,良,"1回 福島 1日目 サラ系４歳以上 １勝クラス       (混)[指] 定量 16頭 本賞金:800,320,200,120,80万円",16,800.0,8,4,7,エクストラバック,牡,4,55.0,▲橋木,69.1,ハナ,4,9.0,34.3,11-8,栗東 西園正,490,0,
202503010112,2025-04-12,福島,12,4歳以上1勝クラス,芝,1200,右,晴,良,"1回 福島 1日目 サラ系４歳以上 １勝クラス       (混)[指] 定量 16頭 本賞金:800,320,200,120,80万円",16,800.0,9,1,2,キョウエイカンセ,牡,4,55.0,▲遠藤,69.1,クビ,8,30.2,33.9,15-12,美浦 萱野,488,10,
202503010112,2025-04-12,福島,12,4歳以上1勝クラス,芝,1200,右,晴,良,"1回 福島 1日目 サラ系４歳以上 １勝クラス       (混)[指] 定量 16頭 本賞金:800,320,200,120,80万円",16,800.0,10,7,14,デアデルマーレ,牝,5,56.0,長岡,69.3,1.1/4,5,15.1,35.0,4-6,栗東 坂口,480,-4,
202503010112,2025-04-12,福島,12,4歳以上1勝クラス,芝,1200,右,晴,良,"1回 福島 1日目 サラ系４歳以上 １勝クラス       (混)[指] 定量 16頭 本賞金:800,320,200,120,80万円",16,800.0,11,8,16,ベルタソ,牝,5,56.0,小崎,69.5,1.1/4,9,30.6,35.2,4-3,栗東 小崎,450,-2,
202503010112,2025-04-12,福島,12,4歳以上1勝クラス,芝,1200,右,晴,良,"1回 福島 1日目 サラ系４歳以上 １勝クラス       (混)[指] 定量 16頭 本賞金:800,320,200,120,80万円",16,800.0,12,7,13,ハウファアイルゴー,牝,6,52.0,★谷原,69.6,クビ,16,278.8,34.8,11-12,美浦 天間,466,-2,
202503010112,2025-04-12,福島,12,4歳以上1勝クラス,芝,1200,右,晴,良,"1回 福島 1日目 サラ系４歳以上 １勝クラス       (混)[指] 定量 16頭 本賞金:800,320,200,120,80万円",16,800.0,13,3,5,テキーラワルツ,牝,4,55.0,☆高杉,69.7,1,11,43.6,35.5,2-2,栗東 大根田,428,-2,
202503010112,2025-04-12,福島,12,4歳以上1勝クラス,芝,1200,右,晴,良,"1回 福島 1日目 サラ系４歳以上 １勝クラス       (混)[指] 定量 16頭 本賞金:800,320,200,120,80万円",16,800.0,14,5,10,ナムラシベラ,牝,7,56.0,荻野琢,69.8,1/2,14,98.0,35.6,2-3,栗東 秋山,440,6,
202503010112,2025-04-12,福島,12,4歳以上1勝クラス,芝,1200,右,晴,良,"1回 福島 1日目 サラ系４歳以上 １勝クラス       (混)[指] 定量 16頭 本賞金:800,320,200,120,80万円",16,800.0,15,3,6,フィローシャ,牡,4,55.0,▲水沼,70.0,1.1/4,15,150.7,35.4,9-8,美浦 菊川,470,-2,
202503010112,2025-04-12,福島,12,4歳以上1勝クラス,芝,1200,右,晴,良,"1回 福島 1日目 サラ系４歳以上 １勝クラス       (混)[指] 定量 16頭 本賞金:800,320,200,120,80万円",16,800.0,16,4,8,レオプルミエール,牡,5,58.0,丹内,70.1,3/4,10,41.6,35.7,7-6,美浦 杉浦,426,-15,
202506030501,2025-04-12,中山,1,3歳未勝利,ダ,1800,右,晴,稍,"3回 中山 5日目 サラ系３歳 未勝利       牝[指] 馬齢 14頭 本賞金:560,220,140,84,56万円",14,560.0,1,8,14,レディーフランシス,牝,3,55.0,大野,115.1,,2,3.0,38.2,12-11-2-2,美浦 和田勇,440,0,
202506030501,2025-04-12,中山,1,3歳未勝利,ダ,1800,右,晴,稍,"3回 中山 5日目 サラ系３歳 未勝利       牝[指] 馬齢 14頭 本賞金:560,220,140,84,56万円",14,560.0,2,2,2,デルマアポロニア,牝,3,55.0,松岡,115.6,3,3,4.2,38.9,1-1-1-1,美浦 蛯名正,480,4,
202506030501,2025-04-12,中山,1,3歳未勝利,ダ,1800,右,晴,稍,"3回 中山 5日目 サラ系３歳 未勝利       牝[指] 馬齢 14頭 本賞金:560,220,140,84,56万円",14,560.0,3,6,9,モーニングマジック,牝,3,55.0,三浦,116.0,2.1/2,4,11.7,38.9,8-8-4-4,美浦 武藤,516,-2,
202506030501,2025-04-12,中山,1,3歳未勝利,ダ,1800,右,晴,稍,"3回 中山 5日目 サラ系３歳 未勝利       牝[指] 馬齢 14頭 本賞金:560,220,140,84,56万円",14,560.0,4,7,12,ロミヒ,牝,3,55.0,川田,116.7,4,1,1.9,39.9,3-3-2-2,美浦 伊藤圭,492,4,
202506030501,2025-04-12,中山,1,3歳未勝利,ダ,1800,右,晴,稍,"3回 中山 5日目 サラ系３歳 未勝利       牝[指] 馬齢 14頭 本賞金:560,220,140,84,56万円",14,560.0,5,4,5,ノメンターノ,牝,3,55.0,津村,117.1,2.1/2,7,97.9,40.1,3-3-4-4,美浦 武市,434,0,
202506030501,2025-04-12,中山,1,3歳未勝利,ダ,1800,右,晴,稍,"3回 中山 5日目 サラ系３歳 未勝利       牝[指] 馬齢 14頭 本賞金:560,220,140,84,56万円",14,560.0,6,8,13,ラブリールチア,牝,3,55.0,吉田豊,117.7,3.1/2,6,41.2,40.3,9-9-6-6,美浦 高橋文,524,2,
202506030501,2025-04-12,中山,1,3歳未勝利,ダ,1800,右,晴,稍,"3回 中山 5日目 サラ系３歳 未勝利       牝[指] 馬齢 14頭 本賞金:560,220,140,84,56万円",14,560.0,7,1,1,クロメヒョウ,牝,3,55.0,小林凌,118.1,2.1/2,5,29.6,40.3,9-9-9-7,美浦 小西,466,-4,
202506030501,2025-04-12,中山,1,3歳未勝利,ダ,1800,右,晴,稍,"3回 中山 5日目 サラ系３歳 未勝利       牝[指] 馬齢 14頭 本賞金:560,220,140,84,56万円",14,560.0,8,6,10,ニューエラ,牝,3,55.0,石橋脩,118.4,1.3/4,13,440.8,40.2,14-14-14-10,美浦 池上,428,-4,
202506030501,2025-04-12,中山,1,3歳未勝利,ダ,1800,右,晴,稍,"3回 中山 5日目 サラ系３歳 未勝利       牝[指] 馬齢 14頭 本賞金:560,220,140,84,56万円",14,560.0,9,3,3,スカーレットクロス,牝,3,52.0,▲今村,118.4,クビ,10,219.2,40.6,6-6-9-8,美浦 土田,442,-10,
202506030501,2025-04-12,中山,1,3歳未勝利,ダ,1800,右,晴,稍,"3回 中山 5日目 サラ系３歳 未勝利       牝[指] 馬齢 14頭 本賞金:560,220,140,84,56万円",14,560.0,10,4,6,アルデムラータ,牝,3,55.0,江田照,119.4,6,8,202.2,41.5,13-13-11-8,美浦 村田,408,0,
202506030501,2025-04-12,中山,1,3歳未勝利,ダ,1800,右,晴,稍,"3回 中山 5日目 サラ系３歳 未勝利       牝[指] 馬齢 14頭 本賞金:560,220,140,84,56万円",14,560.0,11,5,8,ワンショートデイ,牝,3,55.0,木幡巧,120.5,7,9,207.4,42.9,5-5-8-12,美浦 本間,450,-8,
202506030501,2025-04-12,中山,1,3歳未勝利,ダ,1800,右,晴,稍,"3回 中山 5日目 サラ系３歳 未勝利       牝[指] 馬齢 14頭 本賞金:560,220,140,84,56万円",14,560.0,12,3,4,マルリンモンロー,牝,3,55.0,原,120.8,1.1/2,11,278.7,42.7,11-11-12-11,美浦 青木,512,0,
202506030501,2025-04-12,中山,1,3歳未勝利,ダ,1800,右,晴,稍,"3回 中山 5日目 サラ系３歳 未勝利       牝[指] 馬齢 14頭 本賞金:560,220,140,84,56万円",14,560.0,13,7,11,オカノマルコチャン,牝,3,52.0,▲長浜,124.1,大,12,420.7,46.1,6-6-12-14,美浦 的場,436,-4,
202506030501,2025-04-12,中山,1,3歳未勝利,ダ,1800,右,晴,稍,"3回 中山 5日目 サラ系３歳 未勝利       牝[指] 馬齢 14頭 本賞金:560,220,140,84,56万円",14,560.0,14,5,7,ロジディーズ,牝,3,55.0,野中,127.4,大,14,584.9,50.0,2-2-6-13,美浦 新開,450,-10,
202506030502,2025-04-12,中山,2,3歳未勝利,ダ,1200,右,晴,稍,"3回 中山 5日目 サラ系３歳 未勝利       [指] 馬齢 16頭 本賞金:560,220,140,84,56万円",16,560.0,1,8,16,ビーアイフォルテ,牝,3,55.0,岩田康,71.9,,3,6.3,37.3,1-1,栗東 牧田,432,-4,
202506030502,2025-04-12,中山,2,3歳未勝利,ダ,1200,右,晴,稍,"3回 中山 5日目 サラ系３歳 未勝利       [指] 馬齢 16頭 本賞金:560,220,140,84,56万円",16,560.0,2,6,12,タブロー,牝,3,55.0,松岡,72.3,2,4,12.0,37.6,2-2,美浦 矢野,456,-2,
202506030502,2025-04-12,中山,2,3歳未勝利,ダ,1200,右,晴,稍,"3回 中山 5日目 サラ系３歳 未勝利       [指] 馬齢 16頭 本賞金:560,220,140,84,56万円",16,560.0,3,5,10,アンエクスプロード,牡,3,57.0,三浦,72.5,1.1/4,1,1.9,37.7,3-3,美浦 池上,496,-16,
202506030502,2025-04-12,中山,2,3歳未勝利,ダ,1200,右,晴,稍,"3回 中山 5日目 サラ系３歳 未勝利       [指] 馬齢 16頭 本賞金:560,220,140,84,56万円",16,560.0,4,5,9,ナックオリオン,牡,3,57.0,木幡巧,72.8,2,2,4.1,37.9,3-3,美浦 杉浦,468,0,
202506030502,2025-04-12,中山,2,3歳未勝利,ダ,1200,右,晴,稍,"3回 中山 5日目 サラ系３歳 未勝利       [指] 馬齢 16頭 本賞金:560,220,140,84,56万円",16,560.0,5,3,6,ロッカバイベイビー,牝,3,52.0,▲長浜,73.0,1,5,16.5,37.3,11-11,美浦 伊藤圭,440,0,
202506030502,2025-04-12,中山,2,3歳未勝利,ダ,1200,右,晴,稍,"3回 中山 5日目 サラ系３歳 未勝利       [指] 馬齢 16頭 本賞金:560,220,140,84,56万円",16,560.0,6,7,14,レクエルド,牡,3,57.0,丸田,73.0,ハナ,10,60.5,36.9,15-14,美浦 奥平,484,-20,
202506030502,2025-04-12,中山,2,3歳未勝利,ダ,1200,右,晴,稍,"3回 中山 5日目 サラ系３歳 未勝利       [指] 馬齢 16頭 本賞金:560,220,140,84,56万円",16,560.0,7,2,4,ハクサンハナビ,牝,3,55.0,田辺,73.1,クビ,13,136.3,38.3,3-3,美浦 加藤士,438,0,
202506030502,2025-04-12,中山,2,3歳未勝利,ダ,1200,右,晴,稍,"3回 中山 5日目 サラ系３歳 未勝利       [指] 馬齢 16頭 本賞金:560,220,140,84,56万円",16,560.0,8,6,11,ゲンキイッパイ,牡,3,57.0,杉原,73.1,クビ,12,131.5,37.0,15-15,美浦 石栗,498,-6,
202506030502,2025-04-12,中山,2,3歳未勝利,ダ,1200,右,晴,稍,"3回 中山 5日目 サラ系３歳 未勝利       [指] 馬齢 16頭 本賞金:560,220,140,84,56万円",16,560.0,9,7,13,ブレードダンシング,牡,3,57.0,石橋脩,73.2,クビ,8,33.4,38.1,6-6,美浦 岩戸,458,-4,
202506030502,2025-04-12,中山,2,3歳未勝利,ダ,1200,右,晴,稍,"3回 中山 5日目 サラ系３歳 未勝利       [指] 馬齢 16頭 本賞金:560,220,140,84,56万円",16,560.0,10,1,2,カイトリヒト,牡,3,57.0,津村,73.3,1,6,20.6,38.2,6-6,美浦 武市,492,-8,
202506030502,2025-04-12,中山,2,3歳未勝利,ダ,1200,右,晴,稍,"3回 中山 5日目 サラ系３歳 未勝利       [指] 馬齢 16頭 本賞金:560,220,140,84,56万円",16,560.0,11,1,1,アースカムイ,牡,3,57.0,小林凌,73.5,1,11,85.0,37.9,11-9,美浦 小西,480,-2,
202506030502,2025-04-12,中山,2,3歳未勝利,ダ,1200,右,晴,稍,"3回 中山 5日目 サラ系３歳 未勝利       [指] 馬齢 16頭 本賞金:560,220,140,84,56万円",16,560.0,12,3,5,グリームスター,牡,3,57.0,北村宏,73.6,クビ,7,25.9,38.2,8-8,美浦 勢司,452,-12,
202506030502,2025-04-12,中山,2,3歳未勝利,ダ,1200,右,晴,稍,"3回 中山 5日目 サラ系３歳 未勝利       [指] 馬齢 16頭 本賞金:560,220,140,84,56万円",16,560.0,13,8,15,キーベスト,牡,3,57.0,原,73.7,1/2,9,41.1,38.2,10-11,美浦 黒岩,500,2,
202506030502,2025-04-12,中山,2,3歳未勝利,ダ,1200,右,晴,稍,"3回 中山 5日目 サラ系３歳 未勝利       [指] 馬齢 16頭 本賞金:560,220,140,84,56万円",16,560.0,14,4,8,ショージージョ,セ,3,57.0,江田照,74.1,2.1/2,14,245.2,38.7,8-9,美浦 小笠,510,-6,
202506030502,2025-04-12,中山,2,3歳未勝利,ダ,1200,右,晴,稍,"3回 中山 5日目 サラ系３歳 未勝利       [指] 馬齢 16頭 本賞金:560,220,140,84,56万円",16,560.0,15,2,3,ヘッズアップ,牡,3,57.0,野中,74.3,3/4,15,297.0,38.5,13-13,美浦 松山,452,0,
202506030502,2025-04-12,中山,2,3歳未勝利,ダ,1200,右,晴,稍,"3回 中山 5日目 サラ系３歳 未勝利       [指] 馬齢 16頭 本賞金:560,220,140,84,56万円",16,560.0,16,4,7,アドラマリク,牡,3,54.0,▲舟山,74.5,1.1/2,16,344.3,38.7,13-15,美浦 稲垣,478,-2,
202506030503,2025-04-12,中山,3,3歳未勝利,ダ,1800,右,晴,稍,"3回 中山 5日目 サラ系３歳 未勝利       [指] 馬齢 13頭 本賞金:560,220,140,84,56万円",13,560.0,1,2,2,ヴィーデ,牡,3,57.0,三浦,114.9,,1,3.1,38.8,1-1-1-1,美浦 戸田,474,-6,
202506030503,2025-04-12,中山,3,3歳未勝利,ダ,1800,右,晴,稍,"3回 中山 5日目 サラ系３歳 未勝利       [指] 馬齢 13頭 本賞金:560,220,140,84,56万円",13,560.0,2,8,12,プロフェータ,牡,3,57.0,戸崎圭,115.1,1,3,4.7,38.3,7-7-4-4,美浦 斎藤誠,462,-4,
202506030503,2025-04-12,中山,3,3歳未勝利,ダ,1800,右,晴,稍,"3回 中山 5日目 サラ系３歳 未勝利       [指] 馬齢 13頭 本賞金:560,220,140,84,56万円",13,560.0,3,5,7,エマージェンス,牡,3,57.0,岩田康,115.3,1.1/4,2,3.3,38.8,3-3-3-2,美浦 堀内,498,-8,
202506030503,2025-04-12,中山,3,3歳未勝利,ダ,1800,右,晴,稍,"3回 中山 5日目 サラ系３歳 未勝利       [指] 馬齢 13頭 本賞金:560,220,140,84,56万円",13,560.0,4,5,6,テルケンレンスター,牡,3,57.0,横山武,116.0,4,5,8.6,39.7,2-2-2-2,美浦 高柳瑞,476,4,
202506030503,2025-04-12,中山,3,3歳未勝利,ダ,1800,右,晴,稍,"3回 中山 5日目 サラ系３歳 未勝利       [指] 馬齢 13頭 本賞金:560,220,140,84,56万円",13,560.0,5,7,11,タキノボリ,牡,3,57.0,北村宏,116.2,1.1/4,4,8.4,38.9,8-8-7-7,美浦 勢司,454,0,
202506030503,2025-04-12,中山,3,3歳未勝利,ダ,1800,右,晴,稍,"3回 中山 5日目 サラ系３歳 未勝利       [指] 馬齢 13頭 本賞金:560,220,140,84,56万円",13,560.0,6,3,3,ピノルージュ,牝,3,52.0,▲舟山,116.6,2.1/2,10,152.4,38.9,8-8-9-9,美浦 上原佑,456,-2,
202506030503,2025-04-12,中山,3,3歳未勝利,ダ,1800,右,晴,稍,"3回 中山 5日目 サラ系３歳 未勝利       [指] 馬齢 13頭 本賞金:560,220,140,84,56万円",13,560.0,7,1,1,ブラーブデシジョン,牡,3,57.0,木幡巧,116.8,3/4,9,93.8,40.0,4-4-4-5,美浦 牧,458,0,
202506030503,2025-04-12,中山,3,3歳未勝利,ダ,1800,右,晴,稍,"3回 中山 5日目 サラ系３歳 未勝利       [指] 馬齢 13頭 本賞金:560,220,140,84,56万円",13,560.0,8,4,5,ガイ,牡,3,57.0,菅原明,116.9,1/2,11,156.6,39.7,6-6-7-7,美浦 高木,462,-4,
202506030503,2025-04-12,中山,3,3歳未勝利,ダ,1800,右,晴,稍,"3回 中山 5日目 サラ系３歳 未勝利       [指] 馬齢 13頭 本賞金:560,220,140,84,56万円",13,560.0,9,8,13,リバティフレイム,牡,3,57.0,横山和,117.1,1.1/2,7,25.8,39.1,11-10-10-10,美浦 嘉藤,518,0,
202506030503,2025-04-12,中山,3,3歳未勝利,ダ,1800,右,晴,稍,"3回 中山 5日目 サラ系３歳 未勝利       [指] 馬齢 13頭 本賞金:560,220,140,84,56万円",13,560.0,10,4,4,ドリームジャック,セ,3,57.0,丸田,117.5,2.1/2,13,443.6,39.0,11-10-11-11,美浦 加藤和,482,-2,
202506030503,2025-04-12,中山,3,3歳未勝利,ダ,1800,右,晴,稍,"3回 中山 5日目 サラ系３歳 未勝利       [指] 馬齢 13頭 本賞金:560,220,140,84,56万円",13,560.0,11,6,8,ポッドロワール,牡,3,57.0,原,117.7,3/4,6,8.7,40.9,4-4-4-5,美浦 畠山,492,-4,
202506030503,2025-04-12,中山,3,3歳未勝利,ダ,1800,右,晴,稍,"3回 中山 5日目 サラ系３歳 未勝利       [指] 馬齢 13頭 本賞金:560,220,140,84,56万円",13,560.0,12,7,10,キタノロジック,牡,3,57.0,石橋脩,118.1,2.1/2,8,79.3,39.3,13-12-12-12,栗東 畑端,478,-6,
202506030503,2025-04-12,中山,3,3歳未勝利,ダ,1800,右,晴,稍,"3回 中山 5日目 サラ系３歳 未勝利       [指] 馬齢 13頭 本賞金:560,220,140,84,56万円",13,560.0,,6,9,スターコンパス,牡,3,54.0,▲長浜,,,12,329.9,,8-13,美浦 根本,472,0,中止
202506030504,2025-04-12,中山,4,4歳以上障害OP,障,3200,,晴,良,"3回 中山 5日目 障害４歳以上 オープン       (混) 別定 14頭 本賞金:1430,570,360,210,143万円",14,1430.0,1,5,7,ミヤジシャルマン,牡,5,60.0,高田,214.2,,1,2.3,13.4,6-3-2-2,栗東 宮地,510,-8,
202506030504,2025-04-12,中山,4,4歳以上障害OP,障,3200,,晴,良,"3回 中山 5日目 障害４歳以上 オープン       (混) 別定 14頭 本賞金:1430,570,360,210,143万円",14,1430.0,2,4,5,コンテナワールド,牡,4,57.0,▲井上,214.7,3,5,12.0,13.4,1-1-1-1,栗東 中竹,478,-2,
202506030504,2025-04-12,中山,4,4歳以上障害OP,障,3200,,晴,良,"3回 中山 5日目 障害４歳以上 オープン       (混) 別定 14頭 本賞金:1430,570,360,210,143万円",14,1430.0,3,7,11,エンデュミオン,牡,8,59.0,▲鷲頭,216.3,10,4,8.2,13.5,8-8-4-3,栗東 清水久,468,-2,
202506030504,2025-04-12,中山,4,4歳以上障害OP,障,3200,,晴,良,"3回 中山 5日目 障害４歳以上 オープン       (混) 別定 14頭 本賞金:1430,570,360,210,143万円",14,1430.0,4,5,8,フォージドブリック,牡,4,59.0,大江圭,217.0,4,3,6.4,13.6,2-2-3-4,美浦 西田,548,4,
202506030504,2025-04-12,中山,4,4歳以上障害OP,障,3200,,晴,良,"3回 中山 5日目 障害４歳以上 オープン       (混) 別定 14頭 本賞金:1430,570,360,210,143万円",14,1430.0,5,4,6,タイキフロリゼル,牡,7,62.0,黒岩,217.7,4,10,32.2,13.6,10-9-5-5,栗東 谷,478,0,
202506030504,2025-04-12,中山,4,4歳以上障害OP,障,3200,,晴,良,"3回 中山 5日目 障害４歳以上 オープン       (混) 別定 14頭 本賞金:1430,570,360,210,143万円",14,1430.0,6,3,3,タンジェントアーク,セ,7,60.0,五十嵐,217.9,1.1/2,6,12.7,13.6,14-14-9-7,美浦 田村,440,-6,
202506030504,2025-04-12,中山,4,4歳以上障害OP,障,3200,,晴,良,"3回 中山 5日目 障害４歳以上 オープン       (混) 別定 14頭 本賞金:1430,570,360,210,143万円",14,1430.0,7,6,10,エターナリー,牡,8,60.0,石神深,218.7,5,8,18.9,13.7,6-6-5-6,美浦 池上,470,2,
202506030504,2025-04-12,中山,4,4歳以上障害OP,障,3200,,晴,良,"3回 中山 5日目 障害４歳以上 オープン       (混) 別定 14頭 本賞金:1430,570,360,210,143万円",14,1430.0,8,2,2,テンメジャーガール,牝,6,58.0,小野寺,218.9,1,7,16.4,13.7,11-11-10-9,栗東 高柳大,504,2,
202506030504,2025-04-12,中山,4,4歳以上障害OP,障,3200,,晴,良,"3回 中山 5日目 障害４歳以上 オープン       (混) 別定 14頭 本賞金:1430,570,360,210,143万円",14,1430.0,9,7,12,ピンポイントドロー,牡,5,57.0,▲土田,218.9,ハナ,12,54.0,13.7,13-13-12-9,美浦 田中勝,506,6,
202506030504,2025-04-12,中山,4,4歳以上障害OP,障,3200,,晴,良,"3回 中山 5日目 障害４歳以上 オープン       (混) 別定 14頭 本賞金:1430,570,360,210,143万円",14,1430.0,10,3,4,ルレーヴドゥリリ,牝,8,57.0,▲坂口,219.0,1/2,11,47.9,13.7,9-9-14-12,美浦 田中剛,516,-10,
202506030504,2025-04-12,中山,4,4歳以上障害OP,障,3200,,晴,良,"3回 中山 5日目 障害４歳以上 オープン       (混) 別定 14頭 本賞金:1430,570,360,210,143万円",14,1430.0,11,6,9,シャンドゥレール,セ,5,60.0,上野,219.4,2,2,6.4,13.7,4-5-7-8,美浦 国枝,500,6,
202506030504,2025-04-12,中山,4,4歳以上障害OP,障,3200,,晴,良,"3回 中山 5日目 障害４歳以上 オープン       (混) 別定 14頭 本賞金:1430,570,360,210,143万円",14,1430.0,12,8,13,ヤマタケアオイバラ,牡,5,60.0,難波,219.4,クビ,14,166.3,13.7,12-12-13-11,美浦 萱野,458,0,
202506030504,2025-04-12,中山,4,4歳以上障害OP,障,3200,,晴,良,"3回 中山 5日目 障害４歳以上 オープン       (混) 別定 14頭 本賞金:1430,570,360,210,143万円",14,1430.0,13,8,14,ティートラップ,牡,8,60.0,草野,223.5,大,13,141.5,14.0,5-6-10-14,美浦 伊藤伸,484,14,
202506030504,2025-04-12,中山,4,4歳以上障害OP,障,3200,,晴,良,"3回 中山 5日目 障害４歳以上 オープン       (混) 別定 14頭 本賞金:1430,570,360,210,143万円",14,1430.0,14,1,1,タイセイスラッガー,牡,7,60.0,伴,224.5,6,9,28.9,14.0,3-3-7-13,美浦 古賀,560,0,
202506030505,2025-04-12,中山,5,3歳未勝利,芝,2200,右,晴,良,"3回 中山 5日目 サラ系３歳 未勝利       (混)[指] 馬齢 12頭 本賞金:560,220,140,84,56万円",12,560.0,1,5,6,プルミエソルティ,牡,3,57.0,モレイ,133.5,,2,2.8,34.9,5-5-6-7,美浦 斎藤誠,470,-4,
202506030505,2025-04-12,中山,5,3歳未勝利,芝,2200,右,晴,良,"3回 中山 5日目 サラ系３歳 未勝利       (混)[指] 馬齢 12頭 本賞金:560,220,140,84,56万円",12,560.0,2,6,8,ピエナフェーヴル,牡,3,57.0,三浦,133.8,1.1/2,1,1.8,35.4,3-3-5-3,美浦 萱野,460,2,
202506030505,2025-04-12,中山,5,3歳未勝利,芝,2200,右,晴,良,"3回 中山 5日目 サラ系３歳 未勝利       (混)[指] 馬齢 12頭 本賞金:560,220,140,84,56万円",12,560.0,3,2,2,バトラーズワーフ,牡,3,57.0,石川,134.3,3.1/2,5,46.5,35.8,3-3-6-3,美浦 浅利,460,-4,
202506030505,2025-04-12,中山,5,3歳未勝利,芝,2200,右,晴,良,"3回 中山 5日目 サラ系３歳 未勝利       (混)[指] 馬齢 12頭 本賞金:560,220,140,84,56万円",12,560.0,4,1,1,マイネルアウルム,牡,3,57.0,横山武,134.6,1.1/2,3,4.2,36.4,1-1-1-1,美浦 加藤士,440,-2,
202506030505,2025-04-12,中山,5,3歳未勝利,芝,2200,右,晴,良,"3回 中山 5日目 サラ系３歳 未勝利       (混)[指] 馬齢 12頭 本賞金:560,220,140,84,56万円",12,560.0,5,6,7,メイショウニトベ,牡,3,57.0,木幡育,134.8,1.1/4,8,111.5,35.6,11-10-9-9,美浦 蛯名正,488,0,
202506030505,2025-04-12,中山,5,3歳未勝利,芝,2200,右,晴,良,"3回 中山 5日目 サラ系３歳 未勝利       (混)[指] 馬齢 12頭 本賞金:560,220,140,84,56万円",12,560.0,6,8,12,タカミノガコイ,牡,3,57.0,大野,134.9,3/4,4,22.8,36.6,9-7-2-2,美浦 栗田,524,8,
202506030505,2025-04-12,中山,5,3歳未勝利,芝,2200,右,晴,良,"3回 中山 5日目 サラ系３歳 未勝利       (混)[指] 馬齢 12頭 本賞金:560,220,140,84,56万円",12,560.0,7,7,10,ナリノボガート,牡,3,57.0,野中,134.9,アタマ,6,69.5,36.6,5-5-2-3,美浦 上原博,460,-2,
202506030505,2025-04-12,中山,5,3歳未勝利,芝,2200,右,晴,良,"3回 中山 5日目 サラ系３歳 未勝利       (混)[指] 馬齢 12頭 本賞金:560,220,140,84,56万円",12,560.0,8,8,11,エバーグリーン,牡,3,54.0,▲長浜,135.0,1/2,11,221.8,35.7,8-7-9-9,美浦 青木,436,-2,
202506030505,2025-04-12,中山,5,3歳未勝利,芝,2200,右,晴,良,"3回 中山 5日目 サラ系３歳 未勝利       (混)[指] 馬齢 12頭 本賞金:560,220,140,84,56万円",12,560.0,9,4,4,コスモリスナー,牡,3,57.0,木幡巧,135.9,5,10,173.0,37.0,5-7-8-8,栗東 宮,522,5,
202506030505,2025-04-12,中山,5,3歳未勝利,芝,2200,右,晴,良,"3回 中山 5日目 サラ系３歳 未勝利       (混)[指] 馬齢 12頭 本賞金:560,220,140,84,56万円",12,560.0,10,3,3,ルーメン,牝,3,55.0,菅原明,136.5,3.1/2,9,161.7,36.5,11-12-12-11,栗東 前川,408,2,
202506030505,2025-04-12,中山,5,3歳未勝利,芝,2200,右,晴,良,"3回 中山 5日目 サラ系３歳 未勝利       (混)[指] 馬齢 12頭 本賞金:560,220,140,84,56万円",12,560.0,11,7,9,パルファム,牝,3,55.0,原,136.8,2,12,244.8,37.0,9-10-11-11,美浦 菊川,432,2,
202506030505,2025-04-12,中山,5,3歳未勝利,芝,2200,右,晴,良,"3回 中山 5日目 サラ系３歳 未勝利       (混)[指] 馬齢 12頭 本賞金:560,220,140,84,56万円",12,560.0,12,5,5,ニシノイッキサス,牡,3,54.0,▲今村,137.0,1.1/2,7,94.6,38.7,2-2-2-3,美浦 村田,452,0,
202506030506,2025-04-12,中山,6,3歳未勝利,ダ,1800,右,晴,良,"3回 中山 5日目 サラ系３歳 未勝利       [指] 馬齢 12頭 本賞金:560,220,140,84,56万円",12,560.0,1,3,3,ピコシー,牡,3,57.0,岩田康,115.6,,2,3.0,39.2,4-4-3-2,美浦 奥村武,462,-8,
202506030506,2025-04-12,中山,6,3歳未勝利,ダ,1800,右,晴,良,"3回 中山 5日目 サラ系３歳 未勝利       [指] 馬齢 12頭 本賞金:560,220,140,84,56万円",12,560.0,2,5,5,ボンズドゥッカ,牡,3,57.0,野中,115.6,ハナ,11,147.3,38.7,9-9-10-5,美浦 西田,536,-4,
202506030506,2025-04-12,中山,6,3歳未勝利,ダ,1800,右,晴,良,"3回 中山 5日目 サラ系３歳 未勝利       [指] 馬齢 12頭 本賞金:560,220,140,84,56万円",12,560.0,3,6,8,オンクラウドナイン,牡,3,57.0,モレイ,116.1,3,1,1.8,39.6,4-5-5-5,美浦 和田郎,512,2,
202506030506,2025-04-12,中山,6,3歳未勝利,ダ,1800,右,晴,良,"3回 中山 5日目 サラ系３歳 未勝利       [指] 馬齢 12頭 本賞金:560,220,140,84,56万円",12,560.0,4,5,6,ゴールドブリーダー,牡,3,54.0,▲長浜,116.5,2.1/2,4,13.4,40.5,1-1-1-1,美浦 千葉,478,-8,
202506030506,2025-04-12,中山,6,3歳未勝利,ダ,1800,右,晴,良,"3回 中山 5日目 サラ系３歳 未勝利       [指] 馬齢 12頭 本賞金:560,220,140,84,56万円",12,560.0,5,6,7,マーゴットフェスタ,牡,3,57.0,木幡巧,116.9,2.1/2,7,64.9,40.3,6-5-6-8,美浦 伊坂,470,6,
202506030506,2025-04-12,中山,6,3歳未勝利,ダ,1800,右,晴,良,"3回 中山 5日目 サラ系３歳 未勝利       [指] 馬齢 12頭 本賞金:560,220,140,84,56万円",12,560.0,6,8,12,インターステラ,牡,3,57.0,原,117.0,1/2,9,117.7,39.8,12-12-11-11,美浦 中舘,476,-8,
202506030506,2025-04-12,中山,6,3歳未勝利,ダ,1800,右,晴,良,"3回 中山 5日目 サラ系３歳 未勝利       [指] 馬齢 12頭 本賞金:560,220,140,84,56万円",12,560.0,7,8,11,ブルージュ,牝,3,52.0,▲舟山,117.0,ハナ,3,6.4,40.6,3-3-3-4,美浦 栗田,428,-12,
202506030506,2025-04-12,中山,6,3歳未勝利,ダ,1800,右,晴,良,"3回 中山 5日目 サラ系３歳 未勝利       [指] 馬齢 12頭 本賞金:560,220,140,84,56万円",12,560.0,8,4,4,セラトーン,牡,3,57.0,北村宏,117.1,3/4,6,28.4,40.4,10-10-6-9,美浦 尾関,494,-4,
202506030506,2025-04-12,中山,6,3歳未勝利,ダ,1800,右,晴,良,"3回 中山 5日目 サラ系３歳 未勝利       [指] 馬齢 12頭 本賞金:560,220,140,84,56万円",12,560.0,9,7,10,アルデツヨシ,セ,3,57.0,江田照,117.2,クビ,10,145.6,41.1,2-2-2-2,美浦 田中剛,478,0,
202506030506,2025-04-12,中山,6,3歳未勝利,ダ,1800,右,晴,良,"3回 中山 5日目 サラ系３歳 未勝利       [指] 馬齢 12頭 本賞金:560,220,140,84,56万円",12,560.0,10,7,9,タイセイアダマス,牡,3,57.0,津村,117.7,3,8,115.6,41.0,7-7-6-9,美浦 伊藤圭,460,-2,
202506030506,2025-04-12,中山,6,3歳未勝利,ダ,1800,右,晴,良,"3回 中山 5日目 サラ系３歳 未勝利       [指] 馬齢 12頭 本賞金:560,220,140,84,56万円",12,560.0,11,1,1,ジェットエアー,牡,3,57.0,松岡,117.8,1/2,5,15.6,41.1,7-7-6-5,栗東 清水久,506,-6,
202506030506,2025-04-12,中山,6,3歳未勝利,ダ,1800,右,晴,良,"3回 中山 5日目 サラ系３歳 未勝利       [指] 馬齢 12頭 本賞金:560,220,140,84,56万円",12,560.0,12,2,2,エメラルドシティー,牝,3,55.0,石川,121.5,大,12,199.0,44.2,11-11-11-12,栗東 西園翔,470,-2,
202506030507,2025-04-12,中山,7,4歳以上1勝クラス,芝,1600,右,晴,良,"3回 中山 5日目 サラ系４歳以上 １勝クラス       (混)[指] 定量 16頭 本賞金:800,320,200,120,80万円",16,800.0,1,6,11,ガルサブランカ,牝,4,56.0,戸崎圭,92.6,,1,3.5,34.0,4-4-3,美浦 木村,468,0,
202506030507,2025-04-12,中山,7,4歳以上1勝クラス,芝,1600,右,晴,良,"3回 中山 5日目 サラ系４歳以上 １勝クラス       (混)[指] 定量 16頭 本賞金:800,320,200,120,80万円",16,800.0,2,8,16,レッドロスタム,牡,5,55.0,▲舟山,92.6,クビ,2,3.9,34.3,2-2-2,美浦 国枝,498,6,
202506030507,2025-04-12,中山,7,4歳以上1勝クラス,芝,1600,右,晴,良,"3回 中山 5日目 サラ系４歳以上 １勝クラス       (混)[指] 定量 16頭 本賞金:800,320,200,120,80万円",16,800.0,3,3,6,ドリーミングアップ,牡,4,58.0,吉田豊,92.7,1/2,4,8.2,33.4,11-11-11,美浦 高橋文,470,8,
202506030507,2025-04-12,中山,7,4歳以上1勝クラス,芝,1600,右,晴,良,"3回 中山 5日目 サラ系４歳以上 １勝クラス       (混)[指] 定量 16頭 本賞金:800,320,200,120,80万円",16,800.0,4,5,10,エールトゥヘヴン,牡,6,58.0,大野,92.9,1.1/2,6,14.2,34.1,6-7-6,美浦 戸田,466,2,
202506030507,2025-04-12,中山,7,4歳以上1勝クラス,芝,1600,右,晴,良,"3回 中山 5日目 サラ系４歳以上 １勝クラス       (混)[指] 定量 16頭 本賞金:800,320,200,120,80万円",16,800.0,5,1,2,ハクサンイーグル,牡,4,58.0,杉原,93.3,2,8,22.3,35.1,1-1-1,美浦 土田,480,0,
202506030507,2025-04-12,中山,7,4歳以上1勝クラス,芝,1600,右,晴,良,"3回 中山 5日目 サラ系４歳以上 １勝クラス       (混)[指] 定量 16頭 本賞金:800,320,200,120,80万円",16,800.0,6,8,15,アサクサヴィーナス,牝,5,56.0,菅原明,93.3,クビ,7,14.3,34.9,4-3-3,美浦 高柳瑞,452,-4,
202506030507,2025-04-12,中山,7,4歳以上1勝クラス,芝,1600,右,晴,良,"3回 中山 5日目 サラ系４歳以上 １勝クラス       (混)[指] 定量 16頭 本賞金:800,320,200,120,80万円",16,800.0,7,6,12,レッドアーバイン,牡,5,55.0,▲長浜,93.5,1.1/4,10,73.5,34.5,6-9-8,美浦 手塚久,506,16,
202506030507,2025-04-12,中山,7,4歳以上1勝クラス,芝,1600,右,晴,良,"3回 中山 5日目 サラ系４歳以上 １勝クラス       (混)[指] 定量 16頭 本賞金:800,320,200,120,80万円",16,800.0,8,7,14,ヴィントシュティレ,牝,4,56.0,北村宏,93.6,クビ,11,108.5,34.9,6-6-6,美浦 古賀,484,2,
202506030507,2025-04-12,中山,7,4歳以上1勝クラス,芝,1600,右,晴,良,"3回 中山 5日目 サラ系４歳以上 １勝クラス       (混)[指] 定量 16頭 本賞金:800,320,200,120,80万円",16,800.0,9,3,5,セイロンジェムズ,牡,4,58.0,モレイ,93.6,ハナ,3,4.0,34.3,14-11-11,美浦 宮田,480,-4,
202506030507,2025-04-12,中山,7,4歳以上1勝クラス,芝,1600,右,晴,良,"3回 中山 5日目 サラ系４歳以上 １勝クラス       (混)[指] 定量 16頭 本賞金:800,320,200,120,80万円",16,800.0,10,7,13,タイキバルドル,牡,5,58.0,木幡巧,93.6,クビ,9,57.8,33.9,16-13-13,美浦 勢司,476,6,
202506030507,2025-04-12,中山,7,4歳以上1勝クラス,芝,1600,右,晴,良,"3回 中山 5日目 サラ系４歳以上 １勝クラス       (混)[指] 定量 16頭 本賞金:800,320,200,120,80万円",16,800.0,11,1,1,クリーンエア,牡,4,58.0,横山武,93.8,1,5,9.6,35.3,3-4-5,美浦 上原博,472,2,
202506030507,2025-04-12,中山,7,4歳以上1勝クラス,芝,1600,右,晴,良,"3回 中山 5日目 サラ系４歳以上 １勝クラス       (混)[指] 定量 16頭 本賞金:800,320,200,120,80万円",16,800.0,12,2,4,ホイッスルソング,牝,5,56.0,野中,93.9,3/4,14,308.9,35.1,6-7-8,美浦 黒岩,482,0,
202506030507,2025-04-12,中山,7,4歳以上1勝クラス,芝,1600,右,晴,良,"3回 中山 5日目 サラ系４歳以上 １勝クラス       (混)[指] 定量 16頭 本賞金:800,320,200,120,80万円",16,800.0,13,4,7,マルメラーダ,牝,5,56.0,津村,94.1,1.1/4,12,119.4,35.1,10-9-8,美浦 伊藤大,442,-29,
202506030507,2025-04-12,中山,7,4歳以上1勝クラス,芝,1600,右,晴,良,"3回 中山 5日目 サラ系４歳以上 １勝クラス       (混)[指] 定量 16頭 本賞金:800,320,200,120,80万円",16,800.0,14,4,8,パヴァーヌ,牝,5,56.0,田辺,94.4,1.1/2,13,227.3,34.7,14-13-13,美浦 伊藤圭,448,-12,
202506030507,2025-04-12,中山,7,4歳以上1勝クラス,芝,1600,右,晴,良,"3回 中山 5日目 サラ系４歳以上 １勝クラス       (混)[指] 定量 16頭 本賞金:800,320,200,120,80万円",16,800.0,15,5,9,キイロノトマト,牝,5,56.0,小林凌,96.0,10,16,365.6,36.4,11-13-15,美浦 石栗,470,2,
202506030507,2025-04-12,中山,7,4歳以上1勝クラス,芝,1600,右,晴,良,"3回 中山 5日目 サラ系４歳以上 １勝クラス       (混)[指] 定量 16頭 本賞金:800,320,200,120,80万円",16,800.0,16,2,3,ユキノフルマチ,牝,4,56.0,原,99.4,大,15,317.1,38.6,11-16-16,美浦 杉浦,468,-12,
202506030508,2025-04-12,中山,8,4歳以上1勝クラス,ダ,2400,右,晴,良,"3回 中山 5日目 サラ系４歳以上 １勝クラス       (混)[指] 定量 14頭 本賞金:800,320,200,120,80万円",14,800.0,1,6,10,ラファールドール,セ,4,58.0,木幡巧,157.7,,3,6.2,39.7,2-2-2-2,美浦 田島,496,-8,
202506030508,2025-04-12,中山,8,4歳以上1勝クラス,ダ,2400,右,晴,良,"3回 中山 5日目 サラ系４歳以上 １勝クラス       (混)[指] 定量 14頭 本賞金:800,320,200,120,80万円",14,800.0,2,3,3,ロードインフェルノ,牡,4,58.0,石川,158.5,5,6,18.4,38.4,13-14-12-12,美浦 尾形,482,-4,
202506030508,2025-04-12,中山,8,4歳以上1勝クラス,ダ,2400,右,晴,良,"3回 中山 5日目 サラ系４歳以上 １勝クラス       (混)[指] 定量 14頭 本賞金:800,320,200,120,80万円",14,800.0,3,5,8,ポップスター,セ,4,58.0,丸田,158.5,クビ,7,18.7,38.4,11-13-12-13,美浦 南田,490,2,
202506030508,2025-04-12,中山,8,4歳以上1勝クラス,ダ,2400,右,晴,良,"3回 中山 5日目 サラ系４歳以上 １勝クラス       (混)[指] 定量 14頭 本賞金:800,320,200,120,80万円",14,800.0,4,4,5,ヒットアンドロール,牡,4,55.0,▲今村,158.5,アタマ,10,24.0,38.5,7-8-12-8,美浦 田中勝,446,2,
202506030508,2025-04-12,中山,8,4歳以上1勝クラス,ダ,2400,右,晴,良,"3回 中山 5日目 サラ系４歳以上 １勝クラス       (混)[指] 定量 14頭 本賞金:800,320,200,120,80万円",14,800.0,5,8,14,セイウンガレオン,セ,6,58.0,菅原明,158.6,クビ,2,3.4,38.8,10-11-9-8,美浦 奥平,528,-4,
202506030508,2025-04-12,中山,8,4歳以上1勝クラス,ダ,2400,右,晴,良,"3回 中山 5日目 サラ系４歳以上 １勝クラス       (混)[指] 定量 14頭 本賞金:800,320,200,120,80万円",14,800.0,6,8,13,クールシェルタ,牡,6,55.0,▲長浜,158.7,3/4,12,49.4,39.7,3-3-4-4,美浦 高橋文,506,0,
202506030508,2025-04-12,中山,8,4歳以上1勝クラス,ダ,2400,右,晴,良,"3回 中山 5日目 サラ系４歳以上 １勝クラス       (混)[指] 定量 14頭 本賞金:800,320,200,120,80万円",14,800.0,7,6,9,パッカパッカブー,牡,4,58.0,杉原,158.8,クビ,8,19.8,39.7,6-6-4-6,美浦 堀内,482,-12,
202506030508,2025-04-12,中山,8,4歳以上1勝クラス,ダ,2400,右,晴,良,"3回 中山 5日目 サラ系４歳以上 １勝クラス       (混)[指] 定量 14頭 本賞金:800,320,200,120,80万円",14,800.0,8,1,1,サーティファイド,牡,6,58.0,岩田康,158.9,1/2,11,27.2,39.3,3-4-7-7,栗東 佐藤悠,484,-2,
202506030508,2025-04-12,中山,8,4歳以上1勝クラス,ダ,2400,右,晴,良,"3回 中山 5日目 サラ系４歳以上 １勝クラス       (混)[指] 定量 14頭 本賞金:800,320,200,120,80万円",14,800.0,9,4,6,トゥザヒロイン,牝,6,56.0,大野,159.0,1/2,5,15.4,40.0,5-4-4-4,美浦 辻,538,10,
202506030508,2025-04-12,中山,8,4歳以上1勝クラス,ダ,2400,右,晴,良,"3回 中山 5日目 サラ系４歳以上 １勝クラス       (混)[指] 定量 14頭 本賞金:800,320,200,120,80万円",14,800.0,10,7,12,アスプリージャ,牡,4,58.0,江田照,159.1,1/2,4,14.1,41.1,1-1-1-1,美浦 中舘,480,8,
202506030508,2025-04-12,中山,8,4歳以上1勝クラス,ダ,2400,右,晴,良,"3回 中山 5日目 サラ系４歳以上 １勝クラス       (混)[指] 定量 14頭 本賞金:800,320,200,120,80万円",14,800.0,11,2,2,シーリュウシー,牡,4,58.0,戸崎圭,159.6,3,1,2.9,40.1,8-8-7-8,栗東 岡田,504,0,
202506030508,2025-04-12,中山,8,4歳以上1勝クラス,ダ,2400,右,晴,良,"3回 中山 5日目 サラ系４歳以上 １勝クラス       (混)[指] 定量 14頭 本賞金:800,320,200,120,80万円",14,800.0,12,7,11,タキ,牡,4,55.0,▲舟山,159.7,1,14,147.3,39.9,11-11-9-13,栗東 高橋一,430,-6,
202506030508,2025-04-12,中山,8,4歳以上1勝クラス,ダ,2400,右,晴,良,"3回 中山 5日目 サラ系４歳以上 １勝クラス       (混)[指] 定量 14頭 本賞金:800,320,200,120,80万円",14,800.0,13,5,7,スカパラダイス,牡,5,58.0,野中,160.5,5,13,118.1,40.8,8-10-9-8,美浦 大和田,460,2,
202506030508,2025-04-12,中山,8,4歳以上1勝クラス,ダ,2400,右,晴,良,"3回 中山 5日目 サラ系４歳以上 １勝クラス       (混)[指] 定量 14頭 本賞金:800,320,200,120,80万円",14,800.0,14,3,4,アレスエルピーダ,牡,4,58.0,横山和,160.6,クビ,9,20.8,42.6,14-6-2-3,美浦 栗田,470,2,
202506030509,2025-04-12,中山,9,山藤賞,芝,2000,右,晴,良,"3回 中山 5日目 サラ系３歳 １勝クラス       (混)(特指) 馬齢 9頭 本賞金:1110,440,280,170,111万円",9,1110.0,1,2,2,ビーオンザカバー,牡,3,57.0,川田,119.0,,2,4.2,35.4,4-4-3-2,美浦 伊藤圭,472,-2,
202506030509,2025-04-12,中山,9,山藤賞,芝,2000,右,晴,良,"3回 中山 5日目 サラ系３歳 １勝クラス       (混)(特指) 馬齢 9頭 本賞金:1110,440,280,170,111万円",9,1110.0,2,7,7,クモヒトツナイ,牡,3,57.0,松岡,119.4,2.1/2,5,26.5,35.5,7-7-6-3,美浦 堀内,474,2,
202506030509,2025-04-12,中山,9,山藤賞,芝,2000,右,晴,良,"3回 中山 5日目 サラ系３歳 １勝クラス       (混)(特指) 馬齢 9頭 本賞金:1110,440,280,170,111万円",9,1110.0,3,4,4,ブルーマエストロ,牡,3,57.0,戸崎圭,119.6,3/4,1,2.1,35.7,4-4-6-3,美浦 黒岩,466,-2,
202506030509,2025-04-12,中山,9,山藤賞,芝,2000,右,晴,良,"3回 中山 5日目 サラ系３歳 １勝クラス       (混)(特指) 馬齢 9頭 本賞金:1110,440,280,170,111万円",9,1110.0,4,5,5,ファイアトリック,牡,3,57.0,田辺,120.3,4,7,86.3,36.0,7-7-8-7,美浦 伊坂,446,-8,
202506030509,2025-04-12,中山,9,山藤賞,芝,2000,右,晴,良,"3回 中山 5日目 サラ系３歳 １勝クラス       (混)(特指) 馬齢 9頭 本賞金:1110,440,280,170,111万円",9,1110.0,5,8,8,ジェットブレード,牡,3,57.0,原,120.4,クビ,6,35.7,37.5,1-1-1-1,美浦 青木,494,-2,
202506030509,2025-04-12,中山,9,山藤賞,芝,2000,右,晴,良,"3回 中山 5日目 サラ系３歳 １勝クラス       (混)(特指) 馬齢 9頭 本賞金:1110,440,280,170,111万円",9,1110.0,6,6,6,エンペラーズソード,セ,3,57.0,菅原明,121.7,8,4,4.5,38.1,4-4-3-6,美浦 高木,488,-4,
202506030509,2025-04-12,中山,9,山藤賞,芝,2000,右,晴,良,"3回 中山 5日目 サラ系３歳 １勝クラス       (混)(特指) 馬齢 9頭 本賞金:1110,440,280,170,111万円",9,1110.0,7,1,1,ダノンピクチャー,牡,3,57.0,横山武,121.7,アタマ,3,4.2,38.4,2-2-2-3,美浦 田中博,476,0,
202506030509,2025-04-12,中山,9,山藤賞,芝,2000,右,晴,良,"3回 中山 5日目 サラ系３歳 １勝クラス       (混)(特指) 馬齢 9頭 本賞金:1110,440,280,170,111万円",9,1110.0,8,3,3,タイムレス,牝,3,55.0,野中,122.7,6,9,214.6,38.3,9-9-9-9,美浦 根本,416,-4,
202506030509,2025-04-12,中山,9,山藤賞,芝,2000,右,晴,良,"3回 中山 5日目 サラ系３歳 １勝クラス       (混)(特指) 馬齢 9頭 本賞金:1110,440,280,170,111万円",9,1110.0,9,8,9,ウーバーストロング,牡,3,57.0,大野,124.2,9,8,158.0,40.5,2-2-5-8,美浦 杉浦,458,-10,
202506030510,2025-04-12,中山,10,あけぼのS,芝,1600,右,晴,良,"3回 中山 5日目 サラ系４歳以上 ３勝クラス       (混)(特指) 定量 14頭 本賞金:1840,740,460,280,184万円",14,1840.0,1,1,1,ダイシンヤマト,牡,5,58.0,岩田康,92.6,,2,4.4,34.0,7-6-6,美浦 戸田,508,0,
202506030510,2025-04-12,中山,10,あけぼのS,芝,1600,右,晴,良,"3回 中山 5日目 サラ系４歳以上 ３勝クラス       (混)(特指) 定量 14頭 本賞金:1840,740,460,280,184万円",14,1840.0,2,6,9,レッドアトレーヴ,牡,4,58.0,横山和,92.8,1.1/4,3,4.9,34.2,5-6-6,美浦 手塚久,484,2,
202506030510,2025-04-12,中山,10,あけぼのS,芝,1600,右,晴,良,"3回 中山 5日目 サラ系４歳以上 ３勝クラス       (混)(特指) 定量 14頭 本賞金:1840,740,460,280,184万円",14,1840.0,3,5,8,ユキノロイヤル,牡,4,58.0,石橋脩,92.9,アタマ,9,28.4,34.8,2-3-3,美浦 小野,454,0,
202506030510,2025-04-12,中山,10,あけぼのS,芝,1600,右,晴,良,"3回 中山 5日目 サラ系４歳以上 ３勝クラス       (混)(特指) 定量 14頭 本賞金:1840,740,460,280,184万円",14,1840.0,4,7,11,テウメッサ,牝,4,56.0,戸崎圭,92.9,クビ,6,12.6,34.1,11-9-9,美浦 金成,468,-2,
202506030510,2025-04-12,中山,10,あけぼのS,芝,1600,右,晴,良,"3回 中山 5日目 サラ系４歳以上 ３勝クラス       (混)(特指) 定量 14頭 本賞金:1840,740,460,280,184万円",14,1840.0,5,4,6,ジュノー,セ,7,58.0,江田照,93.1,1.1/4,13,202.8,34.0,11-12-12,美浦 田中勝,530,0,
202506030510,2025-04-12,中山,10,あけぼのS,芝,1600,右,晴,良,"3回 中山 5日目 サラ系４歳以上 ３勝クラス       (混)(特指) 定量 14頭 本賞金:1840,740,460,280,184万円",14,1840.0,6,3,4,フロムダスク,牡,5,58.0,松岡,93.1,クビ,8,22.9,35.1,2-2-2,栗東 森秀,508,-2,
202506030510,2025-04-12,中山,10,あけぼのS,芝,1600,右,晴,良,"3回 中山 5日目 サラ系４歳以上 ３勝クラス       (混)(特指) 定量 14頭 本賞金:1840,740,460,280,184万円",14,1840.0,7,7,12,ウインレイアー,牝,5,56.0,モレイ,93.2,1/2,1,2.7,34.8,2-5-4,美浦 和田雄,462,-2,
202506030510,2025-04-12,中山,10,あけぼのS,芝,1600,右,晴,良,"3回 中山 5日目 サラ系４歳以上 ３勝クラス       (混)(特指) 定量 14頭 本賞金:1840,740,460,280,184万円",14,1840.0,8,5,7,ポルカリズム,牝,5,56.0,津村,93.2,ハナ,4,7.6,34.4,7-9-9,栗東 中内田,486,-2,
202506030510,2025-04-12,中山,10,あけぼのS,芝,1600,右,晴,良,"3回 中山 5日目 サラ系４歳以上 ３勝クラス       (混)(特指) 定量 14頭 本賞金:1840,740,460,280,184万円",14,1840.0,8,8,14,ブランデーロック,牡,6,58.0,原,93.2,ハナ,10,60.2,34.1,13-12-12,美浦 青木,484,-2,
202506030510,2025-04-12,中山,10,あけぼのS,芝,1600,右,晴,良,"3回 中山 5日目 サラ系４歳以上 ３勝クラス       (混)(特指) 定量 14頭 本賞金:1840,740,460,280,184万円",14,1840.0,10,6,10,ショウナンラスボス,牡,7,58.0,吉田豊,93.4,1.1/2,11,131.2,35.7,1-1-1,美浦 奥村武,478,-6,
202506030510,2025-04-12,中山,10,あけぼのS,芝,1600,右,晴,良,"3回 中山 5日目 サラ系４歳以上 ３勝クラス       (混)(特指) 定量 14頭 本賞金:1840,740,460,280,184万円",14,1840.0,11,3,3,ミエスペランサ,牝,4,56.0,横山武,93.6,1,7,18.5,34.2,13-14-14,栗東 池江,434,-10,
202506030510,2025-04-12,中山,10,あけぼのS,芝,1600,右,晴,良,"3回 中山 5日目 サラ系４歳以上 ３勝クラス       (混)(特指) 定量 14頭 本賞金:1840,740,460,280,184万円",14,1840.0,12,2,2,キャプテンシー,牡,4,58.0,川田,93.6,クビ,5,12.4,35.4,7-3-4,栗東 松永幹,464,-4,
202506030510,2025-04-12,中山,10,あけぼのS,芝,1600,右,晴,良,"3回 中山 5日目 サラ系４歳以上 ３勝クラス       (混)(特指) 定量 14頭 本賞金:1840,740,460,280,184万円",14,1840.0,13,4,5,ディープリッチ,牡,7,58.0,菅原明,93.6,ハナ,14,217.0,34.8,7-9-9,美浦 小島,536,-2,
202506030510,2025-04-12,中山,10,あけぼのS,芝,1600,右,晴,良,"3回 中山 5日目 サラ系４歳以上 ３勝クラス       (混)(特指) 定量 14頭 本賞金:1840,740,460,280,184万円",14,1840.0,14,8,13,エッセレンチ,牝,5,56.0,杉原,94.5,5,12,144.3,35.9,5-6-6,美浦 蛯名正,426,-10,
202506030511,2025-04-12,中山,11,ニュージーランドT,芝,1600,右,晴,良,"3回 中山 5日目 サラ系３歳 オープン       (国際) 牡・牝(指) 馬齢 14頭 本賞金:5400,2200,1400,810,540万円",14,5400.0,1,8,13,イミグラントソング,牡,3,57.0,石川,92.4,,2,5.5,33.1,10-9-9,美浦 辻,482,-4,
202506030511,2025-04-12,中山,11,ニュージーランドT,芝,1600,右,晴,良,"3回 中山 5日目 サラ系３歳 オープン       (国際) 牡・牝(指) 馬齢 14頭 本賞金:5400,2200,1400,810,540万円",14,5400.0,2,5,7,アドマイヤズーム,牡,3,57.0,川田,92.4,クビ,1,1.7,33.9,4-4-3,栗東 友道,476,8,
202506030511,2025-04-12,中山,11,ニュージーランドT,芝,1600,右,晴,良,"3回 中山 5日目 サラ系３歳 オープン       (国際) 牡・牝(指) 馬齢 14頭 本賞金:5400,2200,1400,810,540万円",14,5400.0,3,2,2,コートアリシアン,牝,3,55.0,菅原明,92.6,1.1/4,5,14.8,33.8,6-6-7,美浦 伊藤大,434,-6,
202506030511,2025-04-12,中山,11,ニュージーランドT,芝,1600,右,晴,良,"3回 中山 5日目 サラ系３歳 オープン       (国際) 牡・牝(指) 馬齢 14頭 本賞金:5400,2200,1400,810,540万円",14,5400.0,4,7,12,プリティディーヴァ,牝,3,55.0,モレイ,92.6,ハナ,3,6.4,33.6,8-8-7,美浦 田中博,464,-10,
202506030511,2025-04-12,中山,11,ニュージーランドT,芝,1600,右,晴,良,"3回 中山 5日目 サラ系３歳 オープン       (国際) 牡・牝(指) 馬齢 14頭 本賞金:5400,2200,1400,810,540万円",14,5400.0,5,4,5,ミーントゥビー,牝,3,55.0,松岡,92.9,1.3/4,12,167.0,33.7,8-9-9,美浦 堀内,432,-6,
202506030511,2025-04-12,中山,11,ニュージーランドT,芝,1600,右,晴,良,"3回 中山 5日目 サラ系３歳 オープン       (国際) 牡・牝(指) 馬齢 14頭 本賞金:5400,2200,1400,810,540万円",14,5400.0,6,8,14,ストレイトトーカー,牡,3,57.0,大野,93.1,1,8,28.3,34.8,3-2-3,美浦 岩戸,472,-6,
202506030511,2025-04-12,中山,11,ニュージーランドT,芝,1600,右,晴,良,"3回 中山 5日目 サラ系３歳 オープン       (国際) 牡・牝(指) 馬齢 14頭 本賞金:5400,2200,1400,810,540万円",14,5400.0,7,4,6,ルージュラナキラ,牝,3,55.0,岩田康,93.1,ハナ,4,14.5,34.9,2-2-2,美浦 加藤征,468,0,
202506030511,2025-04-12,中山,11,ニュージーランドT,芝,1600,右,晴,良,"3回 中山 5日目 サラ系３歳 オープン       (国際) 牡・牝(指) 馬齢 14頭 本賞金:5400,2200,1400,810,540万円",14,5400.0,8,6,9,ジェットマグナム,牡,3,57.0,三浦,93.3,1.1/2,9,41.0,34.6,6-6-5,栗東 安達,486,2,
202506030511,2025-04-12,中山,11,ニュージーランドT,芝,1600,右,晴,良,"3回 中山 5日目 サラ系３歳 オープン       (国際) 牡・牝(指) 馬齢 14頭 本賞金:5400,2200,1400,810,540万円",14,5400.0,9,3,4,ルナルーチェット,牝,3,55.0,横山武,93.4,1/2,7,22.9,34.8,4-4-5,美浦 国枝,416,-8,
202506030511,2025-04-12,中山,11,ニュージーランドT,芝,1600,右,晴,良,"3回 中山 5日目 サラ系３歳 オープン       (国際) 牡・牝(指) 馬齢 14頭 本賞金:5400,2200,1400,810,540万円",14,5400.0,10,5,8,シュバルツマサムネ,牡,3,57.0,田辺,93.5,クビ,14,238.0,33.9,11-11-11,栗東 杉山佳,456,-6,
202506030511,2025-04-12,中山,11,ニュージーランドT,芝,1600,右,晴,良,"3回 中山 5日目 サラ系３歳 オープン       (国際) 牡・牝(指) 馬齢 14頭 本賞金:5400,2200,1400,810,540万円",14,5400.0,11,1,1,チョングク,牡,3,57.0,丸田,93.7,1.1/4,13,220.2,33.4,14-14-14,美浦 南田,476,2,
202506030511,2025-04-12,中山,11,ニュージーランドT,芝,1600,右,晴,良,"3回 中山 5日目 サラ系３歳 オープン       (国際) 牡・牝(指) 馬齢 14頭 本賞金:5400,2200,1400,810,540万円",14,5400.0,12,6,10,ムイ,牝,3,55.0,今村,93.8,1/2,6,17.1,34.1,12-12-13,栗東 笹田,458,-2,
202506030511,2025-04-12,中山,11,ニュージーランドT,芝,1600,右,晴,良,"3回 中山 5日目 サラ系３歳 オープン       (国際) 牡・牝(指) 馬齢 14頭 本賞金:5400,2200,1400,810,540万円",14,5400.0,13,7,11,アタラシイカドデニ,牡,3,57.0,吉田豊,93.8,アタマ,11,141.6,34.0,13-12-11,美浦 上原博,504,-4,
202506030511,2025-04-12,中山,11,ニュージーランドT,芝,1600,右,晴,良,"3回 中山 5日目 サラ系３歳 オープン       (国際) 牡・牝(指) 馬齢 14頭 本賞金:5400,2200,1400,810,540万円",14,5400.0,14,3,3,ベイビーキッス,牝,3,55.0,原,94.3,3,10,136.4,36.6,1-1-1,美浦 青木,452,-4,
202506030512,2025-04-12,中山,12,4歳以上2勝クラス,ダ,1200,右,晴,良,"3回 中山 5日目 サラ系４歳以上 ２勝クラス       牝[指] 定量 16頭 本賞金:1140,460,290,170,114万円",16,1140.0,1,2,4,オーブルクール,牝,4,56.0,石橋脩,70.9,,1,1.9,36.5,1-1,美浦 矢野,474,-4,
202506030512,2025-04-12,中山,12,4歳以上2勝クラス,ダ,1200,右,晴,良,"3回 中山 5日目 サラ系４歳以上 ２勝クラス       牝[指] 定量 16頭 本賞金:1140,460,290,170,114万円",16,1140.0,2,3,6,フレイミングパイ,牝,4,56.0,北村宏,71.1,3/4,6,15.6,36.3,4-4,栗東 中竹,444,2,
202506030512,2025-04-12,中山,12,4歳以上2勝クラス,ダ,1200,右,晴,良,"3回 中山 5日目 サラ系４歳以上 ２勝クラス       牝[指] 定量 16頭 本賞金:1140,460,290,170,114万円",16,1140.0,3,7,13,モデルハント,牝,4,53.0,▲今村,71.2,3/4,13,75.3,36.6,2-2,美浦 武藤,454,10,
202506030512,2025-04-12,中山,12,4歳以上2勝クラス,ダ,1200,右,晴,良,"3回 中山 5日目 サラ系４歳以上 ２勝クラス       牝[指] 定量 16頭 本賞金:1140,460,290,170,114万円",16,1140.0,4,3,5,メイデンタワー,牝,5,56.0,岩田康,71.2,クビ,5,12.6,36.7,2-2,美浦 稲垣,464,0,
202506030512,2025-04-12,中山,12,4歳以上2勝クラス,ダ,1200,右,晴,良,"3回 中山 5日目 サラ系４歳以上 ２勝クラス       牝[指] 定量 16頭 本賞金:1140,460,290,170,114万円",16,1140.0,5,7,14,クラリティスケール,牝,6,56.0,石川,71.3,クビ,16,93.4,35.8,11-10,栗東 藤野,456,-4,
202506030512,2025-04-12,中山,12,4歳以上2勝クラス,ダ,1200,右,晴,良,"3回 中山 5日目 サラ系４歳以上 ２勝クラス       牝[指] 定量 16頭 本賞金:1140,460,290,170,114万円",16,1140.0,6,5,9,アルジェンタージョ,牝,4,56.0,木幡巧,71.3,クビ,11,53.2,36.3,6-6,美浦 伊藤圭,462,2,
202506030512,2025-04-12,中山,12,4歳以上2勝クラス,ダ,1200,右,晴,良,"3回 中山 5日目 サラ系４歳以上 ２勝クラス       牝[指] 定量 16頭 本賞金:1140,460,290,170,114万円",16,1140.0,7,8,16,ジューンポンポン,牝,6,56.0,大野,71.3,ハナ,10,47.6,36.1,9-8,美浦 和田勇,490,-4,
202506030512,2025-04-12,中山,12,4歳以上2勝クラス,ダ,1200,右,晴,良,"3回 中山 5日目 サラ系４歳以上 ２勝クラス       牝[指] 定量 16頭 本賞金:1140,460,290,170,114万円",16,1140.0,8,6,12,フォルクスリート,牝,4,56.0,津村,71.6,1.3/4,4,10.1,36.2,11-10,美浦 矢野,508,12,
202506030512,2025-04-12,中山,12,4歳以上2勝クラス,ダ,1200,右,晴,良,"3回 中山 5日目 サラ系４歳以上 ２勝クラス       牝[指] 定量 16頭 本賞金:1140,460,290,170,114万円",16,1140.0,9,4,7,プレイテシア,牝,6,56.0,菅原明,71.7,1/2,2,7.7,36.7,6-6,栗東 羽月,428,0,
202506030512,2025-04-12,中山,12,4歳以上2勝クラス,ダ,1200,右,晴,良,"3回 中山 5日目 サラ系４歳以上 ２勝クラス       牝[指] 定量 16頭 本賞金:1140,460,290,170,114万円",16,1140.0,10,2,3,シャープソーン,牝,5,53.0,▲長浜,71.8,3/4,9,32.6,36.7,8-8,栗東 西園正,462,-8,
202506030512,2025-04-12,中山,12,4歳以上2勝クラス,ダ,1200,右,晴,良,"3回 中山 5日目 サラ系４歳以上 ２勝クラス       牝[指] 定量 16頭 本賞金:1140,460,290,170,114万円",16,1140.0,11,1,1,ゴキゲンサン,牝,5,56.0,原,71.9,1/2,14,82.7,36.2,14-14,美浦 伊藤大,500,-2,
202506030512,2025-04-12,中山,12,4歳以上2勝クラス,ダ,1200,右,晴,良,"3回 中山 5日目 サラ系４歳以上 ２勝クラス       牝[指] 定量 16頭 本賞金:1140,460,290,170,114万円",16,1140.0,12,4,8,スペキオサレジーナ,牝,5,56.0,杉原,71.9,ハナ,12,58.5,36.0,16-16,美浦 森一,478,-2,
202506030512,2025-04-12,中山,12,4歳以上2勝クラス,ダ,1200,右,晴,良,"3回 中山 5日目 サラ系４歳以上 ２勝クラス       牝[指] 定量 16頭 本賞金:1140,460,290,170,114万円",16,1140.0,13,1,2,モイラ,牝,4,53.0,▲舟山,71.9,アタマ,15,88.6,37.2,4-4,栗東 鈴木孝,464,-2,
202506030512,2025-04-12,中山,12,4歳以上2勝クラス,ダ,1200,右,晴,良,"3回 中山 5日目 サラ系４歳以上 ２勝クラス       牝[指] 定量 16頭 本賞金:1140,460,290,170,114万円",16,1140.0,14,6,11,バロン,牝,4,56.0,横山武,71.9,クビ,3,8.7,36.2,14-14,美浦 手塚久,478,0,
202506030512,2025-04-12,中山,12,4歳以上2勝クラス,ダ,1200,右,晴,良,"3回 中山 5日目 サラ系４歳以上 ２勝クラス       牝[指] 定量 16頭 本賞金:1140,460,290,170,114万円",16,1140.0,15,8,15,ワイノナオミ,牝,4,56.0,田辺,72.0,1/2,7,15.9,36.5,11-13,栗東 畑端,458,0,
202506030512,2025-04-12,中山,12,4歳以上2勝クラス,ダ,1200,右,晴,良,"3回 中山 5日目 サラ系４歳以上 ２勝クラス       牝[指] 定量 16頭 本賞金:1140,460,290,170,114万円",16,1140.0,16,5,10,ルミッキ,牝,4,56.0,三浦,72.1,1/2,8,21.3,36.8,9-10,栗東 橋口,452,-4,
202509020501,2025-04-12,阪神,1,3歳未勝利,ダ,1800,右,晴,良,"2回 阪神 5日目 サラ系３歳 未勝利       牝[指] 馬齢 16頭 本賞金:560,220,140,84,56万円",16,560.0,1,5,10,メイショウウメゴチ,牝,3,55.0,鮫島駿,115.9,,2,4.6,39.3,3-3-4-4,栗東 高橋忠,418,-6,
202509020501,2025-04-12,阪神,1,3歳未勝利,ダ,1800,右,晴,良,"2回 阪神 5日目 サラ系３歳 未勝利       牝[指] 馬齢 16頭 本賞金:560,220,140,84,56万円",16,560.0,2,6,12,コロニス,牝,3,55.0,Ｍデム,116.5,3.1/2,10,38.0,39.5,7-8-7-6,栗東 杉山佳,556,-4,
202509020501,2025-04-12,阪神,1,3歳未勝利,ダ,1800,右,晴,良,"2回 阪神 5日目 サラ系３歳 未勝利       牝[指] 馬齢 16頭 本賞金:560,220,140,84,56万円",16,560.0,3,7,14,アンデルマット,牝,3,55.0,西村淳,116.5,ハナ,5,13.3,40.0,5-5-5-4,栗東 梅田,486,0,
202509020501,2025-04-12,阪神,1,3歳未勝利,ダ,1800,右,晴,良,"2回 阪神 5日目 サラ系３歳 未勝利       牝[指] 馬齢 16頭 本賞金:560,220,140,84,56万円",16,560.0,4,8,15,ペイシャキセキ,牝,3,55.0,和田竜,117.0,3,7,21.9,39.8,11-9-9-9,栗東 吉田,452,0,
202509020501,2025-04-12,阪神,1,3歳未勝利,ダ,1800,右,晴,良,"2回 阪神 5日目 サラ系３歳 未勝利       牝[指] 馬齢 16頭 本賞金:560,220,140,84,56万円",16,560.0,5,7,13,カルドウェル,牝,3,55.0,武豊,117.2,1.1/2,3,5.2,40.9,3-3-3-2,栗東 中村,482,10,
202509020501,2025-04-12,阪神,1,3歳未勝利,ダ,1800,右,晴,良,"2回 阪神 5日目 サラ系３歳 未勝利       牝[指] 馬齢 16頭 本賞金:560,220,140,84,56万円",16,560.0,6,5,9,ショウナンマハト,牝,3,54.0,☆吉村,117.3,クビ,6,18.7,40.4,6-6-7-6,栗東 清水久,444,4,
202509020501,2025-04-12,阪神,1,3歳未勝利,ダ,1800,右,晴,良,"2回 阪神 5日目 サラ系３歳 未勝利       牝[指] 馬齢 16頭 本賞金:560,220,140,84,56万円",16,560.0,7,4,7,ベレーザフィン,牝,3,55.0,坂井,117.6,2,14,240.1,39.8,12-11-13-12,栗東 前川,412,-4,
202509020501,2025-04-12,阪神,1,3歳未勝利,ダ,1800,右,晴,良,"2回 阪神 5日目 サラ系３歳 未勝利       牝[指] 馬齢 16頭 本賞金:560,220,140,84,56万円",16,560.0,8,6,11,ミスサンシャイン,牝,3,55.0,岡田,117.7,クビ,12,146.1,40.1,9-11-12-11,栗東 安田,436,-6,
202509020501,2025-04-12,阪神,1,3歳未勝利,ダ,1800,右,晴,良,"2回 阪神 5日目 サラ系３歳 未勝利       牝[指] 馬齢 16頭 本賞金:560,220,140,84,56万円",16,560.0,9,3,6,メイショウオハコ,牝,3,52.0,▲柴田裕,117.7,ハナ,15,356.1,39.3,16-16-16-16,栗東 高橋亮,406,-12,
202509020501,2025-04-12,阪神,1,3歳未勝利,ダ,1800,右,晴,良,"2回 阪神 5日目 サラ系３歳 未勝利       牝[指] 馬齢 16頭 本賞金:560,220,140,84,56万円",16,560.0,10,4,8,ブルーアロマ,牝,3,55.0,太宰,117.8,1/2,11,60.1,40.4,12-13-9-12,栗東 高橋亮,416,-6,
202509020501,2025-04-12,阪神,1,3歳未勝利,ダ,1800,右,晴,良,"2回 阪神 5日目 サラ系３歳 未勝利       牝[指] 馬齢 16頭 本賞金:560,220,140,84,56万円",16,560.0,11,2,4,ヴォルクメア,牝,3,52.0,▲田山,118.0,1,4,8.1,41.3,7-6-5-6,栗東 新谷,490,0,
202509020501,2025-04-12,阪神,1,3歳未勝利,ダ,1800,右,晴,良,"2回 阪神 5日目 サラ系３歳 未勝利       牝[指] 馬齢 16頭 本賞金:560,220,140,84,56万円",16,560.0,12,1,2,ビガーサンライズ,牝,3,52.0,▲和田陽,118.3,1.3/4,16,418.2,40.9,9-9-9-10,栗東 平田,388,4,
202509020501,2025-04-12,阪神,1,3歳未勝利,ダ,1800,右,晴,良,"2回 阪神 5日目 サラ系３歳 未勝利       牝[指] 馬齢 16頭 本賞金:560,220,140,84,56万円",16,560.0,13,2,3,エイシンナザレ,牝,3,55.0,団野,118.4,1,8,22.5,42.2,2-2-2-1,栗東 中尾,448,0,
202509020501,2025-04-12,阪神,1,3歳未勝利,ダ,1800,右,晴,良,"2回 阪神 5日目 サラ系３歳 未勝利       牝[指] 馬齢 16頭 本賞金:560,220,140,84,56万円",16,560.0,14,8,16,カフジキームン,牝,3,55.0,古川吉,118.6,1,13,172.0,40.6,14-14-14-14,栗東 河嶋,454,-2,
202509020501,2025-04-12,阪神,1,3歳未勝利,ダ,1800,右,晴,良,"2回 阪神 5日目 サラ系３歳 未勝利       牝[指] 馬齢 16頭 本賞金:560,220,140,84,56万円",16,560.0,15,3,5,ルージュヴィーナス,牝,3,55.0,岩田望,118.9,1.3/4,9,30.6,40.8,14-14-14-14,栗東 寺島,450,0,
202509020501,2025-04-12,阪神,1,3歳未勝利,ダ,1800,右,晴,良,"2回 阪神 5日目 サラ系３歳 未勝利       牝[指] 馬齢 16頭 本賞金:560,220,140,84,56万円",16,560.0,16,1,1,レディオンステージ,牝,3,55.0,松山,120.0,7,1,2.4,43.8,1-1-1-2,栗東 西園正,502,6,
202509020502,2025-04-12,阪神,2,3歳未勝利,ダ,1400,右,晴,良,"2回 阪神 5日目 サラ系３歳 未勝利       [指] 馬齢 16頭 本賞金:560,220,140,84,56万円",16,560.0,1,4,7,テーオーミリカン,牡,3,57.0,藤岡佑,85.2,,4,9.1,37.7,5-5,栗東 宮,460,-4,
202509020502,2025-04-12,阪神,2,3歳未勝利,ダ,1400,右,晴,良,"2回 阪神 5日目 サラ系３歳 未勝利       [指] 馬齢 16頭 本賞金:560,220,140,84,56万円",16,560.0,2,5,10,ディアウス,牡,3,57.0,北村友,85.4,1,6,15.5,37.4,9-9,栗東 吉岡,448,-10,
202509020502,2025-04-12,阪神,2,3歳未勝利,ダ,1400,右,晴,良,"2回 阪神 5日目 サラ系３歳 未勝利       [指] 馬齢 16頭 本賞金:560,220,140,84,56万円",16,560.0,3,6,12,ラファル,牡,3,57.0,武豊,85.7,2,1,1.9,38.4,5-2,栗東 田中克,508,0,
202509020502,2025-04-12,阪神,2,3歳未勝利,ダ,1400,右,晴,良,"2回 阪神 5日目 サラ系３歳 未勝利       [指] 馬齢 16頭 本賞金:560,220,140,84,56万円",16,560.0,4,1,1,バルミラクル,牡,3,57.0,鮫島良,85.8,1/2,3,6.5,38.0,8-7,栗東 河嶋,444,0,
202509020502,2025-04-12,阪神,2,3歳未勝利,ダ,1400,右,晴,良,"2回 阪神 5日目 サラ系３歳 未勝利       [指] 馬齢 16頭 本賞金:560,220,140,84,56万円",16,560.0,5,3,6,ニュースフラッシュ,牡,3,57.0,シュタ,86.0,1,9,40.1,37.8,11-11,栗東 新谷,492,0,
202509020502,2025-04-12,阪神,2,3歳未勝利,ダ,1400,右,晴,良,"2回 阪神 5日目 サラ系３歳 未勝利       [指] 馬齢 16頭 本賞金:560,220,140,84,56万円",16,560.0,6,8,16,ダイゴセイリュウ,牡,3,57.0,太宰,86.3,1.3/4,12,192.9,38.4,9-9,栗東 秋山,478,6,
202509020502,2025-04-12,阪神,2,3歳未勝利,ダ,1400,右,晴,良,"2回 阪神 5日目 サラ系３歳 未勝利       [指] 馬齢 16頭 本賞金:560,220,140,84,56万円",16,560.0,7,7,14,フロンティエール,牡,3,57.0,坂井,86.8,3,5,11.4,39.8,1-1,栗東 池添,508,-2,
202509020502,2025-04-12,阪神,2,3歳未勝利,ダ,1400,右,晴,良,"2回 阪神 5日目 サラ系３歳 未勝利       [指] 馬齢 16頭 本賞金:560,220,140,84,56万円",16,560.0,8,3,5,スマートフランキー,牡,3,54.0,▲森田,86.9,クビ,11,103.1,39.5,3-7,栗東 石橋,494,-2,
202509020502,2025-04-12,阪神,2,3歳未勝利,ダ,1400,右,晴,良,"2回 阪神 5日目 サラ系３歳 未勝利       [指] 馬齢 16頭 本賞金:560,220,140,84,56万円",16,560.0,9,4,8,ミライエイゴウ,牡,3,57.0,岩田望,87.3,2.1/2,2,6.0,40.1,3-2,栗東 四位,452,0,
202509020502,2025-04-12,阪神,2,3歳未勝利,ダ,1400,右,晴,良,"2回 阪神 5日目 サラ系３歳 未勝利       [指] 馬齢 16頭 本賞金:560,220,140,84,56万円",16,560.0,10,6,11,バッハアルプゼー,牡,3,57.0,松山,87.3,アタマ,8,30.5,40.1,5-2,栗東 橋口,486,0,
202509020502,2025-04-12,阪神,2,3歳未勝利,ダ,1400,右,晴,良,"2回 阪神 5日目 サラ系３歳 未勝利       [指] 馬齢 16頭 本賞金:560,220,140,84,56万円",16,560.0,11,1,2,ソコトラ,牡,3,57.0,西村淳,87.3,クビ,10,89.8,38.3,14-13,栗東 中内田,414,0,
202509020502,2025-04-12,阪神,2,3歳未勝利,ダ,1400,右,晴,良,"2回 阪神 5日目 サラ系３歳 未勝利       [指] 馬齢 16頭 本賞金:560,220,140,84,56万円",16,560.0,12,5,9,シュタールペスカ,牡,3,54.0,▲和田陽,87.3,ハナ,13,223.3,37.1,16-16,栗東 福永,502,-2,
202509020502,2025-04-12,阪神,2,3歳未勝利,ダ,1400,右,晴,良,"2回 阪神 5日目 サラ系３歳 未勝利       [指] 馬齢 16頭 本賞金:560,220,140,84,56万円",16,560.0,13,8,15,ワンダーキュイラス,牡,3,56.0,☆西塚,87.5,1.1/4,16,762.5,39.2,11-12,栗東 笹田,426,2,
202509020502,2025-04-12,阪神,2,3歳未勝利,ダ,1400,右,晴,良,"2回 阪神 5日目 サラ系３歳 未勝利       [指] 馬齢 16頭 本賞金:560,220,140,84,56万円",16,560.0,14,2,4,ペイドラロワール,牡,3,57.0,城戸,87.9,2.1/2,7,18.7,40.8,2-5,栗東 清水久,462,2,
202509020502,2025-04-12,阪神,2,3歳未勝利,ダ,1400,右,晴,良,"2回 阪神 5日目 サラ系３歳 未勝利       [指] 馬齢 16頭 本賞金:560,220,140,84,56万円",16,560.0,15,7,13,アイファージェット,牡,3,54.0,▲田山,88.7,5,14,262.5,39.9,13-14,栗東 宮本,508,-6,
202509020502,2025-04-12,阪神,2,3歳未勝利,ダ,1400,右,晴,良,"2回 阪神 5日目 サラ系３歳 未勝利       [指] 馬齢 16頭 本賞金:560,220,140,84,56万円",16,560.0,16,2,3,スノーサウンド,牝,3,55.0,菱田,88.8,3/4,15,335.6,39.0,15-15,栗東 牧田,430,-14,
202509020503,2025-04-12,阪神,3,3歳未勝利,ダ,1800,右,晴,良,"2回 阪神 5日目 サラ系３歳 未勝利       [指] 馬齢 16頭 本賞金:560,220,140,84,56万円",16,560.0,1,5,10,アカデミア,牡,3,57.0,坂井,115.1,,2,3.5,37.6,2-2-2-2,栗東 杉山晴,526,0,
202509020503,2025-04-12,阪神,3,3歳未勝利,ダ,1800,右,晴,良,"2回 阪神 5日目 サラ系３歳 未勝利       [指] 馬齢 16頭 本賞金:560,220,140,84,56万円",16,560.0,2,3,6,サントモナルカ,牡,3,57.0,Ｍデム,116.1,6,6,24.7,38.4,3-3-3-4,栗東 平田,456,4,
202509020503,2025-04-12,阪神,3,3歳未勝利,ダ,1800,右,晴,良,"2回 阪神 5日目 サラ系３歳 未勝利       [指] 馬齢 16頭 本賞金:560,220,140,84,56万円",16,560.0,3,6,12,テーオーシュタイン,牡,3,57.0,シュタ,116.4,2,3,7.2,38.6,11-10-7-4,栗東 梅田,468,0,
202509020503,2025-04-12,阪神,3,3歳未勝利,ダ,1800,右,晴,良,"2回 阪神 5日目 サラ系３歳 未勝利       [指] 馬齢 16頭 本賞金:560,220,140,84,56万円",16,560.0,4,1,1,パドロック,牡,3,57.0,幸,116.5,3/4,10,89.1,37.9,11-12-11-9,栗東 橋口,504,2,
202509020503,2025-04-12,阪神,3,3歳未勝利,ダ,1800,右,晴,良,"2回 阪神 5日目 サラ系３歳 未勝利       [指] 馬齢 16頭 本賞金:560,220,140,84,56万円",16,560.0,5,7,13,ドウジギリ,牡,3,57.0,松山,116.8,2,1,1.7,39.1,3-3-3-3,栗東 西園正,478,6,
202509020503,2025-04-12,阪神,3,3歳未勝利,ダ,1800,右,晴,良,"2回 阪神 5日目 サラ系３歳 未勝利       [指] 馬齢 16頭 本賞金:560,220,140,84,56万円",16,560.0,6,4,7,ペプチドモガミ,セ,3,57.0,武豊,117.0,1.1/4,7,48.3,39.0,5-5-7-7,栗東 武英,456,-2,
202509020503,2025-04-12,阪神,3,3歳未勝利,ダ,1800,右,晴,良,"2回 阪神 5日目 サラ系３歳 未勝利       [指] 馬齢 16頭 本賞金:560,220,140,84,56万円",16,560.0,7,7,14,オリジナルファイン,牝,3,54.0,☆吉村,117.1,クビ,5,14.4,38.7,10-8-9-10,栗東 清水久,500,6,
202509020503,2025-04-12,阪神,3,3歳未勝利,ダ,1800,右,晴,良,"2回 阪神 5日目 サラ系３歳 未勝利       [指] 馬齢 16頭 本賞金:560,220,140,84,56万円",16,560.0,8,8,15,オーシンエイチ,牡,3,54.0,▲柴田裕,117.6,3,15,465.0,39.6,5-5-6-7,栗東 宮,504,-4,
202509020503,2025-04-12,阪神,3,3歳未勝利,ダ,1800,右,晴,良,"2回 阪神 5日目 サラ系３歳 未勝利       [指] 馬齢 16頭 本賞金:560,220,140,84,56万円",16,560.0,9,2,4,ダイハッシュウ,牡,3,54.0,▲森田,118.2,3.1/2,13,369.1,39.5,8-10-11-14,栗東 牧田,434,-4,
202509020503,2025-04-12,阪神,3,3歳未勝利,ダ,1800,右,晴,良,"2回 阪神 5日目 サラ系３歳 未勝利       [指] 馬齢 16頭 本賞金:560,220,140,84,56万円",16,560.0,10,5,9,ロイヤルテール,牡,3,57.0,酒井,118.5,1.1/2,9,71.6,40.7,5-5-5-6,栗東 畑端,448,-2,
202509020503,2025-04-12,阪神,3,3歳未勝利,ダ,1800,右,晴,良,"2回 阪神 5日目 サラ系３歳 未勝利       [指] 馬齢 16頭 本賞金:560,220,140,84,56万円",16,560.0,11,1,2,イイデテッシン,牡,3,57.0,和田竜,118.5,アタマ,12,263.7,39.7,13-13-13-11,栗東 北出,514,0,
202509020503,2025-04-12,阪神,3,3歳未勝利,ダ,1800,右,晴,良,"2回 阪神 5日目 サラ系３歳 未勝利       [指] 馬齢 16頭 本賞金:560,220,140,84,56万円",16,560.0,12,2,3,ベルエアキング,牡,3,57.0,鮫島駿,118.5,ハナ,8,62.9,41.1,1-1-1-1,栗東 西村,458,-4,
202509020503,2025-04-12,阪神,3,3歳未勝利,ダ,1800,右,晴,良,"2回 阪神 5日目 サラ系３歳 未勝利       [指] 馬齢 16頭 本賞金:560,220,140,84,56万円",16,560.0,13,6,11,ダンツファントム,牡,3,57.0,古川吉,118.8,2,11,120.7,39.9,13-13-13-12,栗東 四位,496,0,
202509020503,2025-04-12,阪神,3,3歳未勝利,ダ,1800,右,晴,良,"2回 阪神 5日目 サラ系３歳 未勝利       [指] 馬齢 16頭 本賞金:560,220,140,84,56万円",16,560.0,14,8,16,ポセイドンバローズ,牡,3,57.0,西村淳,120.0,7,4,12.8,41.5,8-8-9-12,栗東 石坂,460,-2,
202509020503,2025-04-12,阪神,3,3歳未勝利,ダ,1800,右,晴,良,"2回 阪神 5日目 サラ系３歳 未勝利       [指] 馬齢 16頭 本賞金:560,220,140,84,56万円",16,560.0,15,4,8,テーオーシュタルク,セ,3,57.0,菱田,121.8,大,14,405.8,42.7,15-15-15-15,栗東 岡田,474,-2,
202509020503,2025-04-12,阪神,3,3歳未勝利,ダ,1800,右,晴,良,"2回 阪神 5日目 サラ系３歳 未勝利       [指] 馬齢 16頭 本賞金:560,220,140,84,56万円",16,560.0,16,3,5,マルカプラスター,セ,3,54.0,▲和田陽,124.3,大,16,598.1,43.5,16-16-16-16,栗東 今野,440,0,
202509020504,2025-04-12,阪神,4,3歳未勝利,芝,1600,右,晴,良,"2回 阪神 5日目 サラ系３歳 未勝利       (混)[指] 馬齢 18頭 本賞金:560,220,140,84,56万円",18,560.0,1,3,6,ニシノイツキムスメ,牝,3,55.0,幸,94.7,,4,6.5,33.9,10-8,栗東 北出,404,-10,
202509020504,2025-04-12,阪神,4,3歳未勝利,芝,1600,右,晴,良,"2回 阪神 5日目 サラ系３歳 未勝利       (混)[指] 馬齢 18頭 本賞金:560,220,140,84,56万円",18,560.0,2,5,9,ビップディラン,牡,3,57.0,西村淳,94.7,アタマ,1,3.9,34.4,1-1,栗東 小椋,454,2,
202509020504,2025-04-12,阪神,4,3歳未勝利,芝,1600,右,晴,良,"2回 阪神 5日目 サラ系３歳 未勝利       (混)[指] 馬齢 18頭 本賞金:560,220,140,84,56万円",18,560.0,3,2,3,アメリカンポリス,牡,3,57.0,岩田望,94.8,3/4,3,4.6,34.3,5-4,栗東 池江,504,0,
202509020504,2025-04-12,阪神,4,3歳未勝利,芝,1600,右,晴,良,"2回 阪神 5日目 サラ系３歳 未勝利       (混)[指] 馬齢 18頭 本賞金:560,220,140,84,56万円",18,560.0,4,6,12,エーデルヴェーグ,牝,3,55.0,北村友,94.8,クビ,2,4.4,34.0,5-8,栗東 田中克,430,0,
202509020504,2025-04-12,阪神,4,3歳未勝利,芝,1600,右,晴,良,"2回 阪神 5日目 サラ系３歳 未勝利       (混)[指] 馬齢 18頭 本賞金:560,220,140,84,56万円",18,560.0,5,7,13,ハツコイサイダー,牝,3,55.0,松山,95.1,1.1/2,6,13.9,34.7,2-3,栗東 吉岡,468,2,
202509020504,2025-04-12,阪神,4,3歳未勝利,芝,1600,右,晴,良,"2回 阪神 5日目 サラ系３歳 未勝利       (混)[指] 馬齢 18頭 本賞金:560,220,140,84,56万円",18,560.0,6,7,14,モアサナイト,牝,3,55.0,団野,95.3,1,13,64.6,34.3,12-12,栗東 小林,444,0,
202509020504,2025-04-12,阪神,4,3歳未勝利,芝,1600,右,晴,良,"2回 阪神 5日目 サラ系３歳 未勝利       (混)[指] 馬齢 18頭 本賞金:560,220,140,84,56万円",18,560.0,7,1,1,メイショウモエギ,牝,3,55.0,池添,95.6,1.3/4,7,16.1,34.6,12-12,栗東 池添,486,0,
202509020504,2025-04-12,阪神,4,3歳未勝利,芝,1600,右,晴,良,"2回 阪神 5日目 サラ系３歳 未勝利       (混)[指] 馬齢 18頭 本賞金:560,220,140,84,56万円",18,560.0,8,1,2,ブリスディーシャ,牝,3,55.0,シュタ,95.7,1,16,238.3,34.7,12-12,栗東 小崎,458,0,
202509020504,2025-04-12,阪神,4,3歳未勝利,芝,1600,右,晴,良,"2回 阪神 5日目 サラ系３歳 未勝利       (混)[指] 馬齢 18頭 本賞金:560,220,140,84,56万円",18,560.0,9,4,8,アーバンキング,牡,3,57.0,浜中,95.8,1/2,14,95.7,35.0,10-8,栗東 千田,502,-6,
202509020504,2025-04-12,阪神,4,3歳未勝利,芝,1600,右,晴,良,"2回 阪神 5日目 サラ系３歳 未勝利       (混)[指] 馬齢 18頭 本賞金:560,220,140,84,56万円",18,560.0,10,5,10,ゴールドサニーデイ,牝,3,54.0,☆吉村,95.9,1/2,11,48.8,35.6,2-2,栗東 渡辺,412,-2,
202509020504,2025-04-12,阪神,4,3歳未勝利,芝,1600,右,晴,良,"2回 阪神 5日目 サラ系３歳 未勝利       (混)[指] 馬齢 18頭 本賞金:560,220,140,84,56万円",18,560.0,11,8,16,パクシー,牝,3,55.0,藤岡佑,95.9,ハナ,8,17.4,34.6,16-15,栗東 中内田,424,0,
202509020504,2025-04-12,阪神,4,3歳未勝利,芝,1600,右,晴,良,"2回 阪神 5日目 サラ系３歳 未勝利       (混)[指] 馬齢 18頭 本賞金:560,220,140,84,56万円",18,560.0,12,3,5,タイキクロニクル,牡,3,56.0,☆西塚,96.1,1.1/4,15,135.8,35.5,5-6,栗東 高野,480,-2,
202509020504,2025-04-12,阪神,4,3歳未勝利,芝,1600,右,晴,良,"2回 阪神 5日目 サラ系３歳 未勝利       (混)[指] 馬齢 18頭 本賞金:560,220,140,84,56万円",18,560.0,13,4,7,ルックアップトゥー,牝,3,55.0,広瀬航,96.1,クビ,18,417.1,34.7,15-15,栗東 小栗,406,12,
202509020504,2025-04-12,阪神,4,3歳未勝利,芝,1600,右,晴,良,"2回 阪神 5日目 サラ系３歳 未勝利       (混)[指] 馬齢 18頭 本賞金:560,220,140,84,56万円",18,560.0,14,2,4,フェブルアーリア,牡,3,57.0,鮫島駿,96.3,1.1/4,12,58.1,35.7,5-6,栗東 中村,462,8,
202509020504,2025-04-12,阪神,4,3歳未勝利,芝,1600,右,晴,良,"2回 阪神 5日目 サラ系３歳 未勝利       (混)[指] 馬齢 18頭 本賞金:560,220,140,84,56万円",18,560.0,15,7,15,テーオーノーベル,牡,3,57.0,菱田,96.3,アタマ,9,32.7,35.8,4-4,栗東 岡田,484,-4,
202509020504,2025-04-12,阪神,4,3歳未勝利,芝,1600,右,晴,良,"2回 阪神 5日目 サラ系３歳 未勝利       (混)[指] 馬齢 18頭 本賞金:560,220,140,84,56万円",18,560.0,16,8,18,ヴォレンティエーリ,牝,3,52.0,▲柴田裕,96.5,1.1/4,17,338.0,34.6,16-17,栗東 角田,460,0,
202509020504,2025-04-12,阪神,4,3歳未勝利,芝,1600,右,晴,良,"2回 阪神 5日目 サラ系３歳 未勝利       (混)[指] 馬齢 18頭 本賞金:560,220,140,84,56万円",18,560.0,17,8,17,ウインレオネッサ,牝,3,55.0,坂井,96.6,3/4,5,13.3,35.9,9-8,栗東 長谷川,416,0,
202509020504,2025-04-12,阪神,4,3歳未勝利,芝,1600,右,晴,良,"2回 阪神 5日目 サラ系３歳 未勝利       (混)[指] 馬齢 18頭 本賞金:560,220,140,84,56万円",18,560.0,18,6,11,ウールワース,牝,3,55.0,武豊,97.1,3,10,41.6,34.9,18-18,栗東 吉村,434,0,
202509020505,2025-04-12,阪神,5,3歳1勝クラス,ダ,1800,右,晴,良,"2回 阪神 5日目 サラ系３歳 １勝クラス       (特指) 馬齢 11頭 本賞金:800,320,200,120,80万円",11,800.0,1,4,4,ヒルノハンブルク,牡,3,57.0,坂井,113.7,,4,8.5,38.0,9-10-9-9,栗東 武英,462,-6,
202509020505,2025-04-12,阪神,5,3歳1勝クラス,ダ,1800,右,晴,良,"2回 阪神 5日目 サラ系３歳 １勝クラス       (特指) 馬齢 11頭 本賞金:800,320,200,120,80万円",11,800.0,2,1,1,タガノマカシヤ,牡,3,57.0,岩田望,113.8,1,3,5.3,38.8,2-2-2-2,栗東 中村,494,2,
202509020505,2025-04-12,阪神,5,3歳1勝クラス,ダ,1800,右,晴,良,"2回 阪神 5日目 サラ系３歳 １勝クラス       (特指) 馬齢 11頭 本賞金:800,320,200,120,80万円",11,800.0,3,3,3,ショーダンサー,牡,3,57.0,古川吉,113.8,アタマ,5,13.8,38.6,6-5-5-5,栗東 大根田,438,-8,
202509020505,2025-04-12,阪神,5,3歳1勝クラス,ダ,1800,右,晴,良,"2回 阪神 5日目 サラ系３歳 １勝クラス       (特指) 馬齢 11頭 本賞金:800,320,200,120,80万円",11,800.0,4,8,11,ギュルヴィ,牡,3,57.0,武豊,114.2,2.1/2,2,3.1,38.7,6-7-6-6,栗東 大久保,508,0,
202509020505,2025-04-12,阪神,5,3歳1勝クラス,ダ,1800,右,晴,良,"2回 阪神 5日目 サラ系３歳 １勝クラス       (特指) 馬齢 11頭 本賞金:800,320,200,120,80万円",11,800.0,5,2,2,ライノ,牡,3,57.0,北村友,114.4,3/4,1,2.5,39.2,3-3-3-3,栗東 高野,518,-4,
202509020505,2025-04-12,阪神,5,3歳1勝クラス,ダ,1800,右,晴,良,"2回 阪神 5日目 サラ系３歳 １勝クラス       (特指) 馬齢 11頭 本賞金:800,320,200,120,80万円",11,800.0,6,7,9,マキシマムビスタ,牝,3,55.0,団野,114.8,2.1/2,8,41.6,39.9,1-1-1-1,栗東 斉藤崇,486,2,
202509020505,2025-04-12,阪神,5,3歳1勝クラス,ダ,1800,右,晴,良,"2回 阪神 5日目 サラ系３歳 １勝クラス       (特指) 馬齢 11頭 本賞金:800,320,200,120,80万円",11,800.0,7,6,7,サマーナイト,牡,3,57.0,和田竜,114.8,クビ,10,68.8,39.4,9-7-6-6,栗東 寺島,492,4,
202509020505,2025-04-12,阪神,5,3歳1勝クラス,ダ,1800,右,晴,良,"2回 阪神 5日目 サラ系３歳 １勝クラス       (特指) 馬齢 11頭 本賞金:800,320,200,120,80万円",11,800.0,8,6,6,サイモンシュバリエ,牡,3,57.0,シュタ,115.1,1.1/2,9,68.8,39.6,4-5-6-6,栗東 梅田,474,0,
202509020505,2025-04-12,阪神,5,3歳1勝クラス,ダ,1800,右,晴,良,"2回 阪神 5日目 サラ系３歳 １勝クラス       (特指) 馬齢 11頭 本賞金:800,320,200,120,80万円",11,800.0,9,8,10,クリノラピダス,牡,3,57.0,幸,115.2,1/2,11,278.2,37.4,11-11-11-11,栗東 谷,454,0,
202509020505,2025-04-12,阪神,5,3歳1勝クラス,ダ,1800,右,晴,良,"2回 阪神 5日目 サラ系３歳 １勝クラス       (特指) 馬齢 11頭 本賞金:800,320,200,120,80万円",11,800.0,10,7,8,ポッドフォルク,牡,3,57.0,中井,115.5,2,6,15.1,40.3,4-3-3-3,栗東 西園正,494,0,
202509020505,2025-04-12,阪神,5,3歳1勝クラス,ダ,1800,右,晴,良,"2回 阪神 5日目 サラ系３歳 １勝クラス       (特指) 馬齢 11頭 本賞金:800,320,200,120,80万円",11,800.0,11,5,5,メイショウソウセキ,牡,3,57.0,横山典,115.6,3/4,7,29.6,39.0,6-9-10-10,栗東 松永幹,494,-2,
202509020506,2025-04-12,阪神,6,3歳1勝クラス,芝,1200,右,晴,良,"2回 阪神 5日目 サラ系３歳 １勝クラス       (混)(特指) 馬齢 11頭 本賞金:800,320,200,120,80万円",11,800.0,1,8,10,カンシン,牡,3,57.0,坂井,68.1,,3,4.1,33.6,7-6,栗東 西園翔,466,-2,
202509020506,2025-04-12,阪神,6,3歳1勝クラス,芝,1200,右,晴,良,"2回 阪神 5日目 サラ系３歳 １勝クラス       (混)(特指) 馬齢 11頭 本賞金:800,320,200,120,80万円",11,800.0,2,3,3,タガノアンファン,牡,3,57.0,菱田,68.1,クビ,2,3.9,33.3,8-8,栗東 石坂,462,-4,
202509020506,2025-04-12,阪神,6,3歳1勝クラス,芝,1200,右,晴,良,"2回 阪神 5日目 サラ系３歳 １勝クラス       (混)(特指) 馬齢 11頭 本賞金:800,320,200,120,80万円",11,800.0,3,6,7,モンテディアーナ,牝,3,55.0,武豊,68.1,クビ,5,10.0,34.2,1-1,栗東 四位,452,-4,
202509020506,2025-04-12,阪神,6,3歳1勝クラス,芝,1200,右,晴,良,"2回 阪神 5日目 サラ系３歳 １勝クラス       (混)(特指) 馬齢 11頭 本賞金:800,320,200,120,80万円",11,800.0,4,7,9,セディバン,牡,3,57.0,池添,68.4,1.3/4,4,7.7,34.4,2-2,栗東 吉田,484,4,
202509020506,2025-04-12,阪神,6,3歳1勝クラス,芝,1200,右,晴,良,"2回 阪神 5日目 サラ系３歳 １勝クラス       (混)(特指) 馬齢 11頭 本賞金:800,320,200,120,80万円",11,800.0,5,6,6,ブルーレース,牝,3,55.0,シュタ,68.7,1.3/4,8,40.8,34.5,5-3,栗東 宮本,468,4,
202509020506,2025-04-12,阪神,6,3歳1勝クラス,芝,1200,右,晴,良,"2回 阪神 5日目 サラ系３歳 １勝クラス       (混)(特指) 馬齢 11頭 本賞金:800,320,200,120,80万円",11,800.0,6,5,5,アオイレーギーナ,牝,3,55.0,幸,68.9,1,7,16.5,33.9,10-10,栗東 宮地,478,4,
202509020506,2025-04-12,阪神,6,3歳1勝クラス,芝,1200,右,晴,良,"2回 阪神 5日目 サラ系３歳 １勝クラス       (混)(特指) 馬齢 11頭 本賞金:800,320,200,120,80万円",11,800.0,7,1,1,サトノランデヴー,牝,3,55.0,広瀬航,69.0,1/2,11,158.2,33.8,10-11,地方 田中一,438,-7,
202509020506,2025-04-12,阪神,6,3歳1勝クラス,芝,1200,右,晴,良,"2回 阪神 5日目 サラ系３歳 １勝クラス       (混)(特指) 馬齢 11頭 本賞金:800,320,200,120,80万円",11,800.0,8,4,4,メイショウツヨキ,牡,3,57.0,浜中,69.1,1/2,10,53.5,34.9,3-3,栗東 飯田,450,2,
202509020506,2025-04-12,阪神,6,3歳1勝クラス,芝,1200,右,晴,良,"2回 阪神 5日目 サラ系３歳 １勝クラス       (混)(特指) 馬齢 11頭 本賞金:800,320,200,120,80万円",11,800.0,9,8,11,ミルトライディーン,牡,3,54.0,▲柴田裕,69.3,1.1/2,9,51.3,34.9,5-6,栗東 中竹,514,-4,
202509020506,2025-04-12,阪神,6,3歳1勝クラス,芝,1200,右,晴,良,"2回 阪神 5日目 サラ系３歳 １勝クラス       (混)(特指) 馬齢 11頭 本賞金:800,320,200,120,80万円",11,800.0,10,2,2,イリフィ,牝,3,55.0,北村友,74.8,大,6,10.7,40.1,8-8,栗東 高野,416,6,
202509020506,2025-04-12,阪神,6,3歳1勝クラス,芝,1200,右,晴,良,"2回 阪神 5日目 サラ系３歳 １勝クラス       (混)(特指) 馬齢 11頭 本賞金:800,320,200,120,80万円",11,800.0,,7,8,インブロリオ,牝,3,55.0,西村淳,,,1,3.2,,3-3,栗東 吉村,466,0,中止
202509020507,2025-04-12,阪神,7,4歳以上1勝クラス,ダ,1800,右,晴,良,"2回 阪神 5日目 サラ系４歳以上 １勝クラス       牝[指] 定量 9頭 本賞金:800,320,200,120,80万円",9,800.0,1,5,5,ハリウッドパーク,牝,4,55.0,☆吉村,116.0,,1,2.3,38.0,3-2-2-2,栗東 長谷川,508,4,
202509020507,2025-04-12,阪神,7,4歳以上1勝クラス,ダ,1800,右,晴,良,"2回 阪神 5日目 サラ系４歳以上 １勝クラス       牝[指] 定量 9頭 本賞金:800,320,200,120,80万円",9,800.0,2,8,9,ドゥライトアルディ,牝,6,53.0,▲柴田裕,116.0,クビ,8,55.8,37.5,7-7-6-6,栗東 秋山,514,18,
202509020507,2025-04-12,阪神,7,4歳以上1勝クラス,ダ,1800,右,晴,良,"2回 阪神 5日目 サラ系４歳以上 １勝クラス       牝[指] 定量 9頭 本賞金:800,320,200,120,80万円",9,800.0,3,6,6,フェロニエール,牝,4,56.0,北村友,116.2,1.1/4,4,5.7,38.3,2-2-2-2,栗東 高野,524,6,
202509020507,2025-04-12,阪神,7,4歳以上1勝クラス,ダ,1800,右,晴,良,"2回 阪神 5日目 サラ系４歳以上 １勝クラス       牝[指] 定量 9頭 本賞金:800,320,200,120,80万円",9,800.0,4,4,4,シゲルオトヒメ,牝,6,56.0,酒井,116.3,1/2,6,24.1,37.8,8-8-8-7,栗東 谷,430,2,
202509020507,2025-04-12,阪神,7,4歳以上1勝クラス,ダ,1800,右,晴,良,"2回 阪神 5日目 サラ系４歳以上 １勝クラス       牝[指] 定量 9頭 本賞金:800,320,200,120,80万円",9,800.0,5,1,1,プルーヴンウィナー,牝,4,56.0,坂井,116.4,クビ,3,4.7,38.6,1-1-1-1,栗東 矢作,490,-4,
202509020507,2025-04-12,阪神,7,4歳以上1勝クラス,ダ,1800,右,晴,良,"2回 阪神 5日目 サラ系４歳以上 １勝クラス       牝[指] 定量 9頭 本賞金:800,320,200,120,80万円",9,800.0,6,2,2,スナークメモリー,牝,5,56.0,和田竜,116.4,クビ,7,41.5,38.6,4-4-4-2,栗東 宮地,432,2,
202509020507,2025-04-12,阪神,7,4歳以上1勝クラス,ダ,1800,右,晴,良,"2回 阪神 5日目 サラ系４歳以上 １勝クラス       牝[指] 定量 9頭 本賞金:800,320,200,120,80万円",9,800.0,7,8,8,アリストクラシア,牝,4,56.0,浜中,116.7,1.1/2,2,4.3,38.7,4-5-4-2,栗東 吉岡,458,-4,
202509020507,2025-04-12,阪神,7,4歳以上1勝クラス,ダ,1800,右,晴,良,"2回 阪神 5日目 サラ系４歳以上 １勝クラス       牝[指] 定量 9頭 本賞金:800,320,200,120,80万円",9,800.0,8,7,7,ルージュクライト,牝,4,56.0,Ｍデム,117.0,2,5,9.2,38.3,8-8-8-8,栗東 寺島,430,0,
202509020507,2025-04-12,阪神,7,4歳以上1勝クラス,ダ,1800,右,晴,良,"2回 阪神 5日目 サラ系４歳以上 １勝クラス       牝[指] 定量 9頭 本賞金:800,320,200,120,80万円",9,800.0,9,3,3,キャロルビアンカ,牝,5,56.0,城戸,118.2,7,9,85.5,39.6,6-6-6-9,栗東 荒川,480,2,
202509020508,2025-04-12,阪神,8,4歳以上1勝クラス,ダ,1200,右,晴,良,"2回 阪神 5日目 サラ系４歳以上 １勝クラス       (混)[指] 定量 16頭 本賞金:800,320,200,120,80万円",16,800.0,1,7,13,シリウス,牡,4,58.0,松山,72.9,,1,3.2,37.8,3-3,栗東 佐藤悠,472,0,
202509020508,2025-04-12,阪神,8,4歳以上1勝クラス,ダ,1200,右,晴,良,"2回 阪神 5日目 サラ系４歳以上 １勝クラス       (混)[指] 定量 16頭 本賞金:800,320,200,120,80万円",16,800.0,2,2,3,スパークルジョイ,牝,4,53.0,▲森田,73.2,1.1/2,16,174.1,38.5,1-1,栗東 前川,442,0,
202509020508,2025-04-12,阪神,8,4歳以上1勝クラス,ダ,1200,右,晴,良,"2回 阪神 5日目 サラ系４歳以上 １勝クラス       (混)[指] 定量 16頭 本賞金:800,320,200,120,80万円",16,800.0,3,6,12,ピストンボーイ,牡,4,58.0,坂井,73.2,ハナ,8,15.5,37.5,11-10,栗東 池添,516,-4,
202509020508,2025-04-12,阪神,8,4歳以上1勝クラス,ダ,1200,右,晴,良,"2回 阪神 5日目 サラ系４歳以上 １勝クラス       (混)[指] 定量 16頭 本賞金:800,320,200,120,80万円",16,800.0,4,5,10,ベンダバール,牡,4,58.0,広瀬航,73.2,クビ,2,4.0,37.5,11-10,栗東 牧浦,470,2,
202509020508,2025-04-12,阪神,8,4歳以上1勝クラス,ダ,1200,右,晴,良,"2回 阪神 5日目 サラ系４歳以上 １勝クラス       (混)[指] 定量 16頭 本賞金:800,320,200,120,80万円",16,800.0,5,8,15,ピカリ,牝,4,55.0,☆吉村,73.2,アタマ,5,11.8,38.0,5-3,栗東 森秀,500,-2,
202509020508,2025-04-12,阪神,8,4歳以上1勝クラス,ダ,1200,右,晴,良,"2回 阪神 5日目 サラ系４歳以上 １勝クラス       (混)[指] 定量 16頭 本賞金:800,320,200,120,80万円",16,800.0,6,1,2,セールヴォラン,牡,4,58.0,幸,73.4,3/4,3,6.8,38.2,6-6,栗東 北出,446,-4,
202509020508,2025-04-12,阪神,8,4歳以上1勝クラス,ダ,1200,右,晴,良,"2回 阪神 5日目 サラ系４歳以上 １勝クラス       (混)[指] 定量 16頭 本賞金:800,320,200,120,80万円",16,800.0,7,7,14,ケロシンドリームズ,牡,4,58.0,団野,73.4,クビ,4,11.8,38.0,9-6,栗東 井上,544,38,
202509020508,2025-04-12,阪神,8,4歳以上1勝クラス,ダ,1200,右,晴,良,"2回 阪神 5日目 サラ系４歳以上 １勝クラス       (混)[指] 定量 16頭 本賞金:800,320,200,120,80万円",16,800.0,8,3,5,ペレグリン,牝,4,56.0,鮫島克,73.5,クビ,9,21.3,38.6,2-2,栗東 河嶋,436,2,
202509020508,2025-04-12,阪神,8,4歳以上1勝クラス,ダ,1200,右,晴,良,"2回 阪神 5日目 サラ系４歳以上 １勝クラス       (混)[指] 定量 16頭 本賞金:800,320,200,120,80万円",16,800.0,9,6,11,キャンドルマス,牡,4,58.0,菱田,73.6,3/4,7,14.2,38.3,6-6,栗東 小崎,486,-6,
202509020508,2025-04-12,阪神,8,4歳以上1勝クラス,ダ,1200,右,晴,良,"2回 阪神 5日目 サラ系４歳以上 １勝クラス       (混)[指] 定量 16頭 本賞金:800,320,200,120,80万円",16,800.0,10,3,6,ロードドミニオン,セ,8,58.0,中井,73.8,1.1/4,12,94.5,38.6,6-6,栗東 畑端,442,0,
202509020508,2025-04-12,阪神,8,4歳以上1勝クラス,ダ,1200,右,晴,良,"2回 阪神 5日目 サラ系４歳以上 １勝クラス       (混)[指] 定量 16頭 本賞金:800,320,200,120,80万円",16,800.0,11,4,8,トモジャアルマンド,牡,8,58.0,古川吉,73.8,ハナ,10,22.8,38.8,3-3,栗東 大根田,504,-2,
202509020508,2025-04-12,阪神,8,4歳以上1勝クラス,ダ,1200,右,晴,良,"2回 阪神 5日目 サラ系４歳以上 １勝クラス       (混)[指] 定量 16頭 本賞金:800,320,200,120,80万円",16,800.0,12,4,7,ザングウィル,牡,5,57.0,☆西塚,74.0,1,11,26.9,38.2,11-13,栗東 佐藤悠,504,0,
202509020508,2025-04-12,阪神,8,4歳以上1勝クラス,ダ,1200,右,晴,良,"2回 阪神 5日目 サラ系４歳以上 １勝クラス       (混)[指] 定量 16頭 本賞金:800,320,200,120,80万円",16,800.0,13,8,16,キーウィル,牡,5,55.0,▲柴田裕,74.0,ハナ,6,12.0,38.5,9-10,栗東 宮,510,10,
202509020508,2025-04-12,阪神,8,4歳以上1勝クラス,ダ,1200,右,晴,良,"2回 阪神 5日目 サラ系４歳以上 １勝クラス       (混)[指] 定量 16頭 本賞金:800,320,200,120,80万円",16,800.0,14,1,1,イロハニホ,牝,4,56.0,酒井,74.3,2,15,142.9,37.3,16-16,栗東 坂口,426,-2,
202509020508,2025-04-12,阪神,8,4歳以上1勝クラス,ダ,1200,右,晴,良,"2回 阪神 5日目 サラ系４歳以上 １勝クラス       (混)[指] 定量 16頭 本賞金:800,320,200,120,80万円",16,800.0,15,5,9,アートフォーム,牝,4,56.0,北村友,74.7,2.1/2,14,117.3,38.2,14-14,栗東 畑端,454,4,
202509020508,2025-04-12,阪神,8,4歳以上1勝クラス,ダ,1200,右,晴,良,"2回 阪神 5日目 サラ系４歳以上 １勝クラス       (混)[指] 定量 16頭 本賞金:800,320,200,120,80万円",16,800.0,16,2,4,エコロヴァルム,牡,4,58.0,岩田望,74.9,1.1/4,13,100.4,38.2,15-14,美浦 小西,430,-4,
202509020509,2025-04-12,阪神,9,明石特別,芝,2400,右,晴,良,"2回 阪神 5日目 サラ系４歳以上 ２勝クラス       (混)(特指) 定量 9頭 本賞金:1550,620,390,230,155万円",9,1550.0,1,1,1,ミアステラ,牡,6,58.0,幸,145.5,,8,60.9,36.7,1-1-1-1,栗東 大根田,510,-10,
202509020509,2025-04-12,阪神,9,明石特別,芝,2400,右,晴,良,"2回 阪神 5日目 サラ系４歳以上 ２勝クラス       (混)(特指) 定量 9頭 本賞金:1550,620,390,230,155万円",9,1550.0,2,8,9,ウェイビー,牝,5,56.0,和田竜,146.0,3,5,31.3,37.1,2-2-2-2,栗東 西村,536,-2,
202509020509,2025-04-12,阪神,9,明石特別,芝,2400,右,晴,良,"2回 阪神 5日目 サラ系４歳以上 ２勝クラス       (混)(特指) 定量 9頭 本賞金:1550,620,390,230,155万円",9,1550.0,3,7,7,スピードリッチ,牡,4,58.0,藤岡佑,146.2,1,1,2.2,35.3,4-4-3-4,栗東 藤岡,476,-2,
202509020509,2025-04-12,阪神,9,明石特別,芝,2400,右,晴,良,"2回 阪神 5日目 サラ系４歳以上 ２勝クラス       (混)(特指) 定量 9頭 本賞金:1550,620,390,230,155万円",9,1550.0,4,2,2,アメジストブラック,牡,6,58.0,北村友,146.3,1,3,4.1,35.6,5-5-6-3,栗東 小椋,528,-2,
202509020509,2025-04-12,阪神,9,明石特別,芝,2400,右,晴,良,"2回 阪神 5日目 サラ系４歳以上 ２勝クラス       (混)(特指) 定量 9頭 本賞金:1550,620,390,230,155万円",9,1550.0,5,6,6,サトノスカイターフ,牡,7,58.0,岩田望,146.3,クビ,2,3.1,35.0,9-9-7-5,栗東 池江,508,-6,
202509020509,2025-04-12,阪神,9,明石特別,芝,2400,右,晴,良,"2回 阪神 5日目 サラ系４歳以上 ２勝クラス       (混)(特指) 定量 9頭 本賞金:1550,620,390,230,155万円",9,1550.0,6,3,3,チュウワモーニング,牝,5,56.0,鮫島駿,146.4,1/2,6,34.9,35.1,3-3-5-5,栗東 小崎,460,0,
202509020509,2025-04-12,阪神,9,明石特別,芝,2400,右,晴,良,"2回 阪神 5日目 サラ系４歳以上 ２勝クラス       (混)(特指) 定量 9頭 本賞金:1550,620,390,230,155万円",9,1550.0,7,5,5,シュプリンガー,セ,6,58.0,水口,147.2,5,7,42.7,35.6,6-6-7-8,栗東 小栗,498,-10,
202509020509,2025-04-12,阪神,9,明石特別,芝,2400,右,晴,良,"2回 阪神 5日目 サラ系４歳以上 ２勝クラス       (混)(特指) 定量 9頭 本賞金:1550,620,390,230,155万円",9,1550.0,8,4,4,ブロンディール,牝,5,56.0,内田博,147.7,3,9,164.3,36.2,7-7-9-8,美浦 深山,466,-4,
202509020509,2025-04-12,阪神,9,明石特別,芝,2400,右,晴,良,"2回 阪神 5日目 サラ系４歳以上 ２勝クラス       (混)(特指) 定量 9頭 本賞金:1550,620,390,230,155万円",9,1550.0,9,8,8,フォーチュンコード,牝,5,56.0,浜中,148.4,4,4,7.2,37.2,8-7-3-5,栗東 小林,500,2,
202509020510,2025-04-12,阪神,10,京橋S,芝,2000,右,曇,良,"2回 阪神 5日目 サラ系４歳以上 ３勝クラス       (混)[指] ハンデ 16頭 本賞金:1840,740,460,280,184万円",16,1840.0,1,3,6,カネフラ,牡,5,55.0,藤岡佑,118.9,,10,26.6,34.1,14-14-14-14,栗東 高橋康,448,-6,
202509020510,2025-04-12,阪神,10,京橋S,芝,2000,右,曇,良,"2回 阪神 5日目 サラ系４歳以上 ３勝クラス       (混)[指] ハンデ 16頭 本賞金:1840,740,460,280,184万円",16,1840.0,2,3,5,アスクカムオンモア,牡,4,57.0,シュタ,119.1,1,3,5.8,34.8,7-6-8-8,栗東 藤原,496,8,
202509020510,2025-04-12,阪神,10,京橋S,芝,2000,右,曇,良,"2回 阪神 5日目 サラ系４歳以上 ３勝クラス       (混)[指] ハンデ 16頭 本賞金:1840,740,460,280,184万円",16,1840.0,3,1,1,ソリダリティ,牡,6,55.0,北村友,119.1,アタマ,11,28.4,35.0,4-3-4-4,栗東 西園翔,510,0,
202509020510,2025-04-12,阪神,10,京橋S,芝,2000,右,曇,良,"2回 阪神 5日目 サラ系４歳以上 ３勝クラス       (混)[指] ハンデ 16頭 本賞金:1840,740,460,280,184万円",16,1840.0,4,8,16,デコラシオン,牡,6,57.0,池添,119.2,1/2,13,36.5,34.8,7-8-9-8,美浦 高木,522,-2,
202509020510,2025-04-12,阪神,10,京橋S,芝,2000,右,曇,良,"2回 阪神 5日目 サラ系４歳以上 ３勝クラス       (混)[指] ハンデ 16頭 本賞金:1840,740,460,280,184万円",16,1840.0,5,5,10,ナムラフッカー,牡,4,56.0,武豊,119.2,アタマ,5,9.9,34.6,11-11-11-13,栗東 長谷川,474,-4,
202509020510,2025-04-12,阪神,10,京橋S,芝,2000,右,曇,良,"2回 阪神 5日目 サラ系４歳以上 ３勝クラス       (混)[指] ハンデ 16頭 本賞金:1840,740,460,280,184万円",16,1840.0,6,5,9,チルカーノ,牝,4,54.0,西村淳,119.2,クビ,6,11.9,34.6,12-10-11-10,栗東 高野,466,2,
202509020510,2025-04-12,阪神,10,京橋S,芝,2000,右,曇,良,"2回 阪神 5日目 サラ系４歳以上 ３勝クラス       (混)[指] ハンデ 16頭 本賞金:1840,740,460,280,184万円",16,1840.0,6,7,13,ブラックシールド,牡,6,54.0,内田博,119.2,クビ,7,19.7,35.1,6-6-6-4,栗東 小栗,470,8,
202509020510,2025-04-12,阪神,10,京橋S,芝,2000,右,曇,良,"2回 阪神 5日目 サラ系４歳以上 ３勝クラス       (混)[指] ハンデ 16頭 本賞金:1840,740,460,280,184万円",16,1840.0,8,4,7,ランスオブクイーン,牝,4,55.0,松山,119.3,クビ,2,4.3,34.8,9-8-9-10,栗東 奥村豊,440,0,
202509020510,2025-04-12,阪神,10,京橋S,芝,2000,右,曇,良,"2回 阪神 5日目 サラ系４歳以上 ３勝クラス       (混)[指] ハンデ 16頭 本賞金:1840,740,460,280,184万円",16,1840.0,9,8,15,アスクナイスショー,牡,4,56.0,幸,119.4,1,8,22.7,35.5,2-3-2-2,美浦 中舘,488,-6,
202509020510,2025-04-12,阪神,10,京橋S,芝,2000,右,曇,良,"2回 阪神 5日目 サラ系４歳以上 ３勝クラス       (混)[指] ハンデ 16頭 本賞金:1840,740,460,280,184万円",16,1840.0,10,6,12,メリオーレム,牡,4,57.0,坂井,119.5,3/4,1,3.9,35.4,12-13-6-4,栗東 友道,502,10,
202509020510,2025-04-12,阪神,10,京橋S,芝,2000,右,曇,良,"2回 阪神 5日目 サラ系４歳以上 ３勝クラス       (混)[指] ハンデ 16頭 本賞金:1840,740,460,280,184万円",16,1840.0,11,2,3,ブロッケンボウ,牡,4,55.0,団野,119.7,1,12,32.6,35.9,2-2-2-1,栗東 佐々木,474,2,
202509020510,2025-04-12,阪神,10,京橋S,芝,2000,右,曇,良,"2回 阪神 5日目 サラ系４歳以上 ３勝クラス       (混)[指] ハンデ 16頭 本賞金:1840,740,460,280,184万円",16,1840.0,12,7,14,バールデュヴァン,牡,5,54.0,古川吉,119.7,ハナ,16,110.3,34.9,15-15-15-14,栗東 浜田,522,0,
202509020510,2025-04-12,阪神,10,京橋S,芝,2000,右,曇,良,"2回 阪神 5日目 サラ系４歳以上 ３勝クラス       (混)[指] ハンデ 16頭 本賞金:1840,740,460,280,184万円",16,1840.0,13,2,4,ノーブルスカイ,牡,4,55.0,鮫島駿,119.9,1.1/4,9,23.9,35.8,4-5-4-4,栗東 高柳大,482,0,
202509020510,2025-04-12,阪神,10,京橋S,芝,2000,右,曇,良,"2回 阪神 5日目 サラ系４歳以上 ３勝クラス       (混)[指] ハンデ 16頭 本賞金:1840,740,460,280,184万円",16,1840.0,14,4,8,メイショウゲキリン,牡,6,56.0,浜中,119.9,クビ,4,8.9,35.3,9-11-11-10,栗東 笹田,514,0,
202509020510,2025-04-12,阪神,10,京橋S,芝,2000,右,曇,良,"2回 阪神 5日目 サラ系４歳以上 ３勝クラス       (混)[指] ハンデ 16頭 本賞金:1840,740,460,280,184万円",16,1840.0,15,6,11,ワレハウミノコ,牝,5,53.0,菱田,120.0,クビ,15,106.8,35.2,16-16-16-14,栗東 武英,460,2,
202509020510,2025-04-12,阪神,10,京橋S,芝,2000,右,曇,良,"2回 阪神 5日目 サラ系４歳以上 ３勝クラス       (混)[指] ハンデ 16頭 本賞金:1840,740,460,280,184万円",16,1840.0,16,1,2,マテンロウアレス,セ,7,57.0,太宰,120.7,4,14,70.9,36.9,1-1-1-2,栗東 昆,498,2,
202509020511,2025-04-12,阪神,11,阪神牝馬S,芝,1600,右,曇,良,"2回 阪神 5日目 サラ系４歳以上 オープン       (国際) 牝(指) 別定 14頭 本賞金:5500,2200,1400,830,550万円",14,5500.0,1,7,11,サフィラ,牝,4,55.0,松山,92.8,,9,29.7,33.3,2-2,栗東 池添,464,0,
202509020511,2025-04-12,阪神,11,阪神牝馬S,芝,1600,右,曇,良,"2回 阪神 5日目 サラ系４歳以上 オープン       (国際) 牝(指) 別定 14頭 本賞金:5500,2200,1400,830,550万円",14,5500.0,2,1,1,アルジーヌ,牝,5,55.0,幸英明,92.8,ハナ,3,6.2,33.0,5-6,栗東 中内田,464,12,
202509020511,2025-04-12,阪神,11,阪神牝馬S,芝,1600,右,曇,良,"2回 阪神 5日目 サラ系４歳以上 オープン       (国際) 牝(指) 別定 14頭 本賞金:5500,2200,1400,830,550万円",14,5500.0,3,6,9,ラヴァンダ,牝,4,55.0,岩田望,92.8,ハナ,8,19.1,32.7,10-11,栗東 中村,482,-2,
202509020511,2025-04-12,阪神,11,阪神牝馬S,芝,1600,右,曇,良,"2回 阪神 5日目 サラ系４歳以上 オープン       (国際) 牝(指) 別定 14頭 本賞金:5500,2200,1400,830,550万円",14,5500.0,4,2,2,ビヨンドザヴァレー,牝,5,55.0,菱田,93.0,3/4,6,15.3,33.3,5-4,栗東 橋口,474,2,
202509020511,2025-04-12,阪神,11,阪神牝馬S,芝,1600,右,曇,良,"2回 阪神 5日目 サラ系４歳以上 オープン       (国際) 牝(指) 別定 14頭 本賞金:5500,2200,1400,830,550万円",14,5500.0,5,6,10,ボンドガール,牝,4,55.0,武豊,93.0,アタマ,1,2.5,32.9,11-11,美浦 手塚久,448,-8,
202509020511,2025-04-12,阪神,11,阪神牝馬S,芝,1600,右,曇,良,"2回 阪神 5日目 サラ系４歳以上 オープン       (国際) 牝(指) 別定 14頭 本賞金:5500,2200,1400,830,550万円",14,5500.0,6,3,4,ソーダズリング,牝,5,55.0,坂井,93.1,1,5,9.7,33.3,7-6,栗東 新谷,468,-4,
202509020511,2025-04-12,阪神,11,阪神牝馬S,芝,1600,右,曇,良,"2回 阪神 5日目 サラ系４歳以上 オープン       (国際) 牝(指) 別定 14頭 本賞金:5500,2200,1400,830,550万円",14,5500.0,7,3,3,タガノエルピーダ,牝,4,55.0,団野,93.2,クビ,2,5.5,33.6,3-3,栗東 斉藤崇,458,-8,
202509020511,2025-04-12,阪神,11,阪神牝馬S,芝,1600,右,曇,良,"2回 阪神 5日目 サラ系４歳以上 オープン       (国際) 牝(指) 別定 14頭 本賞金:5500,2200,1400,830,550万円",14,5500.0,8,4,5,ドゥアイズ,牝,5,55.0,鮫島駿,93.2,アタマ,7,16.6,33.2,8-9,栗東 庄野,484,0,
202509020511,2025-04-12,阪神,11,阪神牝馬S,芝,1600,右,曇,良,"2回 阪神 5日目 サラ系４歳以上 オープン       (国際) 牝(指) 別定 14頭 本賞金:5500,2200,1400,830,550万円",14,5500.0,9,4,6,ドナベティ,牝,4,55.0,藤岡佑,93.3,1/2,14,300.2,33.0,13-13,栗東 矢作,428,-2,
202509020511,2025-04-12,阪神,11,阪神牝馬S,芝,1600,右,曇,良,"2回 阪神 5日目 サラ系４歳以上 オープン       (国際) 牝(指) 別定 14頭 本賞金:5500,2200,1400,830,550万円",14,5500.0,10,8,13,ウンブライル,牝,5,55.0,シュタ,93.4,1/2,10,36.8,33.1,12-13,美浦 木村,476,-14,
202509020511,2025-04-12,阪神,11,阪神牝馬S,芝,1600,右,曇,良,"2回 阪神 5日目 サラ系４歳以上 オープン       (国際) 牝(指) 別定 14頭 本賞金:5500,2200,1400,830,550万円",14,5500.0,11,5,8,キミノナハマリア,牝,5,55.0,Ｍデム,93.4,ハナ,12,87.6,33.4,8-9,栗東 千田,506,-8,
202509020511,2025-04-12,阪神,11,阪神牝馬S,芝,1600,右,曇,良,"2回 阪神 5日目 サラ系４歳以上 オープン       (国際) 牝(指) 別定 14頭 本賞金:5500,2200,1400,830,550万円",14,5500.0,12,5,7,スウィープフィート,牝,4,55.0,横山典,93.4,クビ,4,7.2,33.6,14-6,栗東 庄野,488,-2,
202509020511,2025-04-12,阪神,11,阪神牝馬S,芝,1600,右,曇,良,"2回 阪神 5日目 サラ系４歳以上 オープン       (国際) 牝(指) 別定 14頭 本賞金:5500,2200,1400,830,550万円",14,5500.0,13,7,12,ヒルノローザンヌ,牝,6,55.0,池添,93.7,1.1/2,13,266.6,34.0,3-4,栗東 西村,478,-12,
202509020511,2025-04-12,阪神,11,阪神牝馬S,芝,1600,右,曇,良,"2回 阪神 5日目 サラ系４歳以上 オープン       (国際) 牝(指) 別定 14頭 本賞金:5500,2200,1400,830,550万円",14,5500.0,14,8,14,イフェイオン,牝,4,55.0,北村友,94.2,3,11,47.4,34.8,1-1,栗東 杉山佳,486,4,
202509020512,2025-04-12,阪神,12,4歳以上2勝クラス,ダ,1200,右,曇,良,"2回 阪神 5日目 サラ系４歳以上 ２勝クラス       (混)[指] 定量 16頭 本賞金:1140,460,290,170,114万円",16,1140.0,1,1,2,メイショウホウレン,牡,4,58.0,幸,71.7,,3,5.5,36.8,2-2,栗東 安達,510,12,
202509020512,2025-04-12,阪神,12,4歳以上2勝クラス,ダ,1200,右,曇,良,"2回 阪神 5日目 サラ系４歳以上 ２勝クラス       (混)[指] 定量 16頭 本賞金:1140,460,290,170,114万円",16,1140.0,2,6,12,オコタンペ,牡,4,58.0,Ｍデム,71.9,1.1/4,4,7.2,36.2,9-8,栗東 須貝,496,-2,
202509020512,2025-04-12,阪神,12,4歳以上2勝クラス,ダ,1200,右,曇,良,"2回 阪神 5日目 サラ系４歳以上 ２勝クラス       (混)[指] 定量 16頭 本賞金:1140,460,290,170,114万円",16,1140.0,3,3,6,イミュータブル,牡,5,58.0,松山,71.9,クビ,8,29.3,36.9,3-2,栗東 浜田,478,0,
202509020512,2025-04-12,阪神,12,4歳以上2勝クラス,ダ,1200,右,曇,良,"2回 阪神 5日目 サラ系４歳以上 ２勝クラス       (混)[指] 定量 16頭 本賞金:1140,460,290,170,114万円",16,1140.0,4,6,11,アンジュフィールド,牝,5,56.0,広瀬航,72.2,1.1/2,1,3.2,37.1,3-4,栗東 矢作,458,0,
202509020512,2025-04-12,阪神,12,4歳以上2勝クラス,ダ,1200,右,曇,良,"2回 阪神 5日目 サラ系４歳以上 ２勝クラス       (混)[指] 定量 16頭 本賞金:1140,460,290,170,114万円",16,1140.0,5,4,7,ゼンノツキヨミ,牝,4,56.0,横山典,72.2,ハナ,12,83.6,36.9,6-6,栗東 秋山,440,-4,
202509020512,2025-04-12,阪神,12,4歳以上2勝クラス,ダ,1200,右,曇,良,"2回 阪神 5日目 サラ系４歳以上 ２勝クラス       (混)[指] 定量 16頭 本賞金:1140,460,290,170,114万円",16,1140.0,6,2,3,ブルーノート,牡,6,58.0,シュタ,72.3,クビ,13,119.8,37.2,5-5,栗東 梅田,502,-10,
202509020512,2025-04-12,阪神,12,4歳以上2勝クラス,ダ,1200,右,曇,良,"2回 阪神 5日目 サラ系４歳以上 ２勝クラス       (混)[指] 定量 16頭 本賞金:1140,460,290,170,114万円",16,1140.0,7,7,13,ディキシーガンナー,牡,5,58.0,藤岡佑,72.4,1/2,2,3.9,36.9,8-6,栗東 中内田,498,4,
202509020512,2025-04-12,阪神,12,4歳以上2勝クラス,ダ,1200,右,曇,良,"2回 阪神 5日目 サラ系４歳以上 ２勝クラス       (混)[指] 定量 16頭 本賞金:1140,460,290,170,114万円",16,1140.0,8,4,8,スナークシュンソウ,牡,7,58.0,岩田望,72.4,ハナ,9,52.3,36.7,9-11,栗東 野中,530,0,
202509020512,2025-04-12,阪神,12,4歳以上2勝クラス,ダ,1200,右,曇,良,"2回 阪神 5日目 サラ系４歳以上 ２勝クラス       (混)[指] 定量 16頭 本賞金:1140,460,290,170,114万円",16,1140.0,9,7,14,ヨシノヤッタルデー,牡,4,57.0,☆西塚,72.4,クビ,6,14.7,36.4,14-11,栗東 中竹,456,-2,
202509020512,2025-04-12,阪神,12,4歳以上2勝クラス,ダ,1200,右,曇,良,"2回 阪神 5日目 サラ系４歳以上 ２勝クラス       (混)[指] 定量 16頭 本賞金:1140,460,290,170,114万円",16,1140.0,10,2,4,サウンドサンビーム,牡,8,55.0,▲田山,72.6,1.1/2,16,234.3,37.0,9-9,栗東 安達,486,2,
202509020512,2025-04-12,阪神,12,4歳以上2勝クラス,ダ,1200,右,曇,良,"2回 阪神 5日目 サラ系４歳以上 ２勝クラス       (混)[指] 定量 16頭 本賞金:1140,460,290,170,114万円",16,1140.0,11,8,16,ストームバンガード,牡,4,58.0,水口,72.7,1/2,7,16.4,36.6,15-15,栗東 岡田,496,2,
202509020512,2025-04-12,阪神,12,4歳以上2勝クラス,ダ,1200,右,曇,良,"2回 阪神 5日目 サラ系４歳以上 ２勝クラス       (混)[指] 定量 16頭 本賞金:1140,460,290,170,114万円",16,1140.0,12,5,10,ミロワール,牝,6,56.0,古川吉,72.8,クビ,10,70.0,37.2,12-9,栗東 河嶋,468,0,
202509020512,2025-04-12,阪神,12,4歳以上2勝クラス,ダ,1200,右,曇,良,"2回 阪神 5日目 サラ系４歳以上 ２勝クラス       (混)[指] 定量 16頭 本賞金:1140,460,290,170,114万円",16,1140.0,13,5,9,タイセイフェスタ,セ,4,58.0,内田博,73.1,2,11,71.4,37.2,12-14,美浦 森一,474,-6,
202509020512,2025-04-12,阪神,12,4歳以上2勝クラス,ダ,1200,右,曇,良,"2回 阪神 5日目 サラ系４歳以上 ２勝クラス       (混)[指] 定量 16頭 本賞金:1140,460,290,170,114万円",16,1140.0,14,1,1,クリノオリーブ,牝,4,55.0,☆吉村,73.1,ハナ,5,7.7,38.3,1-1,栗東 谷,466,4,
202509020512,2025-04-12,阪神,12,4歳以上2勝クラス,ダ,1200,右,曇,良,"2回 阪神 5日目 サラ系４歳以上 ２勝クラス       (混)[指] 定量 16頭 本賞金:1140,460,290,170,114万円",16,1140.0,15,8,15,テンクウフラワー,牝,6,53.0,▲和田陽,73.5,2.1/2,14,124.2,38.0,6-11,栗東 渡辺,444,12,
202509020512,2025-04-12,阪神,12,4歳以上2勝クラス,ダ,1200,右,曇,良,"2回 阪神 5日目 サラ系４歳以上 ２勝クラス       (混)[指] 定量 16頭 本賞金:1140,460,290,170,114万円",16,1140.0,16,3,5,カナウ,牡,5,58.0,団野,73.5,ハナ,15,149.8,37.0,16-16,栗東 杉山晴,532,-6,
202503010201,2025-04-13,福島,1,3歳未勝利,ダ,1700,右,曇,良,"1回 福島 2日目 サラ系３歳 未勝利       牝[指] 馬齢 15頭 本賞金:560,220,140,84,56万円",15,560.0,1,8,15,エルバステラ,牝,3,55.0,三浦,109.1,,3,4.6,38.9,2-2-2-2,美浦 高柳瑞,488,2,
202503010201,2025-04-13,福島,1,3歳未勝利,ダ,1700,右,曇,良,"1回 福島 2日目 サラ系３歳 未勝利       牝[指] 馬齢 15頭 本賞金:560,220,140,84,56万円",15,560.0,2,4,6,ミサビスケッツ,牝,3,55.0,菱田,109.1,ハナ,2,4.5,38.4,3-3-5-3,美浦 村田,440,4,
202503010201,2025-04-13,福島,1,3歳未勝利,ダ,1700,右,曇,良,"1回 福島 2日目 サラ系３歳 未勝利       牝[指] 馬齢 15頭 本賞金:560,220,140,84,56万円",15,560.0,3,5,9,ナムラペルル,牝,3,55.0,佐々木,110.2,7,4,7.7,40.0,1-1-1-1,美浦 石栗,456,-18,
202503010201,2025-04-13,福島,1,3歳未勝利,ダ,1700,右,曇,良,"1回 福島 2日目 サラ系３歳 未勝利       牝[指] 馬齢 15頭 本賞金:560,220,140,84,56万円",15,560.0,4,5,8,ラヴスティンガー,牝,3,55.0,秋山稔,110.3,3/4,5,7.9,39.9,3-3-3-3,栗東 牧田,472,-6,
202503010201,2025-04-13,福島,1,3歳未勝利,ダ,1700,右,曇,良,"1回 福島 2日目 サラ系３歳 未勝利       牝[指] 馬齢 15頭 本賞金:560,220,140,84,56万円",15,560.0,5,1,1,ラインアルテミス,牝,3,55.0,武藤,110.5,3/4,8,28.3,39.6,8-7-7-5,美浦 武藤,516,-6,
202503010201,2025-04-13,福島,1,3歳未勝利,ダ,1700,右,曇,良,"1回 福島 2日目 サラ系３歳 未勝利       牝[指] 馬齢 15頭 本賞金:560,220,140,84,56万円",15,560.0,6,2,3,トゥーザムーン,牝,3,54.0,☆横山琉,110.5,クビ,13,86.2,38.6,15-14-14-13,美浦 辻,494,0,
202503010201,2025-04-13,福島,1,3歳未勝利,ダ,1700,右,曇,良,"1回 福島 2日目 サラ系３歳 未勝利       牝[指] 馬齢 15頭 本賞金:560,220,140,84,56万円",15,560.0,7,3,4,メイショウバスク,牝,3,55.0,荻野琢,110.5,ハナ,1,4.1,39.3,10-10-10-8,栗東 梅田,474,-8,
202503010201,2025-04-13,福島,1,3歳未勝利,ダ,1700,右,曇,良,"1回 福島 2日目 サラ系３歳 未勝利       牝[指] 馬齢 15頭 本賞金:560,220,140,84,56万円",15,560.0,8,3,5,ネバーランドリーム,牝,3,52.0,▲石田,110.6,クビ,15,141.6,39.1,14-14-12-10,美浦 尾形,418,0,
202503010201,2025-04-13,福島,1,3歳未勝利,ダ,1700,右,曇,良,"1回 福島 2日目 サラ系３歳 未勝利       牝[指] 馬齢 15頭 本賞金:560,220,140,84,56万円",15,560.0,9,7,13,アップライト,牝,3,55.0,杉原,110.7,3/4,7,18.9,40.2,5-5-3-5,美浦 嘉藤,460,4,
202503010201,2025-04-13,福島,1,3歳未勝利,ダ,1700,右,曇,良,"1回 福島 2日目 サラ系３歳 未勝利       牝[指] 馬齢 15頭 本賞金:560,220,140,84,56万円",15,560.0,10,7,12,リュウゼツラン,牝,3,55.0,丹内,111.4,4,6,8.4,40.6,10-10-5-7,美浦 水野,450,0,
202503010201,2025-04-13,福島,1,3歳未勝利,ダ,1700,右,曇,良,"1回 福島 2日目 サラ系３歳 未勝利       牝[指] 馬齢 15頭 本賞金:560,220,140,84,56万円",15,560.0,11,8,14,シーザサンライズ,牝,3,52.0,▲古川奈,112.0,3.1/2,14,106.8,41.1,7-8-7-8,栗東 牧浦,526,10,
202503010201,2025-04-13,福島,1,3歳未勝利,ダ,1700,右,曇,良,"1回 福島 2日目 サラ系３歳 未勝利       牝[指] 馬齢 15頭 本賞金:560,220,140,84,56万円",15,560.0,12,2,2,バレドラパン,牝,3,55.0,丸山,112.1,3/4,11,67.1,40.3,12-12-14-13,美浦 奥村武,452,2,
202503010201,2025-04-13,福島,1,3歳未勝利,ダ,1700,右,曇,良,"1回 福島 2日目 サラ系３歳 未勝利       牝[指] 馬齢 15頭 本賞金:560,220,140,84,56万円",15,560.0,13,6,11,ニーケアイリス,牝,3,55.0,斎藤,112.3,1.1/4,10,35.8,41.2,5-5-10-10,美浦 伊坂,436,-4,
202503010201,2025-04-13,福島,1,3歳未勝利,ダ,1700,右,曇,良,"1回 福島 2日目 サラ系３歳 未勝利       牝[指] 馬齢 15頭 本賞金:560,220,140,84,56万円",15,560.0,14,6,10,アオイアイ,牝,3,55.0,菊沢,113.1,5,12,69.3,41.5,8-8-13-15,栗東 西園翔,446,0,
202503010201,2025-04-13,福島,1,3歳未勝利,ダ,1700,右,曇,良,"1回 福島 2日目 サラ系３歳 未勝利       牝[指] 馬齢 15頭 本賞金:560,220,140,84,56万円",15,560.0,15,4,7,フロルドラーダ,牝,3,55.0,中井,113.2,3/4,9,34.9,42.3,12-12-7-10,栗東 藤野,496,0,
202503010202,2025-04-13,福島,2,3歳未勝利,芝,1200,右,曇,良,"1回 福島 2日目 サラ系３歳 未勝利       (混)[指] 馬齢 16頭 本賞金:560,220,140,84,56万円",16,560.0,1,3,5,アタリダイキチ,牡,3,54.0,▲上里,69.4,,7,37.9,35.2,1-1,美浦 西田,486,6,
202503010202,2025-04-13,福島,2,3歳未勝利,芝,1200,右,曇,良,"1回 福島 2日目 サラ系３歳 未勝利       (混)[指] 馬齢 16頭 本賞金:560,220,140,84,56万円",16,560.0,2,7,14,ユーティジャーニー,牝,3,55.0,丸山,69.7,1.3/4,1,2.3,35.3,3-2,美浦 矢嶋,414,0,
202503010202,2025-04-13,福島,2,3歳未勝利,芝,1200,右,曇,良,"1回 福島 2日目 サラ系３歳 未勝利       (混)[指] 馬齢 16頭 本賞金:560,220,140,84,56万円",16,560.0,3,1,1,ルブリアン,牡,3,54.0,▲柴田裕,70.0,2,2,3.9,35.5,4-4,栗東 佐々木,484,14,
202503010202,2025-04-13,福島,2,3歳未勝利,芝,1200,右,曇,良,"1回 福島 2日目 サラ系３歳 未勝利       (混)[指] 馬齢 16頭 本賞金:560,220,140,84,56万円",16,560.0,4,2,4,ノーブルオリンポス,セ,3,57.0,武藤,70.3,1.3/4,10,56.9,35.5,8-7,美浦 武藤,426,0,
202503010202,2025-04-13,福島,2,3歳未勝利,芝,1200,右,曇,良,"1回 福島 2日目 サラ系３歳 未勝利       (混)[指] 馬齢 16頭 本賞金:560,220,140,84,56万円",16,560.0,5,6,12,ブロンドエール,牝,3,55.0,亀田,70.4,クビ,5,19.9,35.6,8-7,栗東 中村,424,6,
202503010202,2025-04-13,福島,2,3歳未勝利,芝,1200,右,曇,良,"1回 福島 2日目 サラ系３歳 未勝利       (混)[指] 馬齢 16頭 本賞金:560,220,140,84,56万円",16,560.0,6,4,7,パリコレジェンヌ,牝,3,55.0,田口,70.5,1/2,4,5.8,35.5,10-10,栗東 鈴木孝,454,-4,
202503010202,2025-04-13,福島,2,3歳未勝利,芝,1200,右,曇,良,"1回 福島 2日目 サラ系３歳 未勝利       (混)[指] 馬齢 16頭 本賞金:560,220,140,84,56万円",16,560.0,7,5,10,サンタアニタ,牝,3,55.0,斎藤,70.6,1/2,6,23.0,35.3,11-10,美浦 斎藤誠,484,0,
202503010202,2025-04-13,福島,2,3歳未勝利,芝,1200,右,曇,良,"1回 福島 2日目 サラ系３歳 未勝利       (混)[指] 馬齢 16頭 本賞金:560,220,140,84,56万円",16,560.0,8,8,15,メイショウイチモン,牡,3,57.0,角田和,70.8,1.1/2,11,80.6,36.3,4-4,栗東 飯田,504,10,
202503010202,2025-04-13,福島,2,3歳未勝利,芝,1200,右,曇,良,"1回 福島 2日目 サラ系３歳 未勝利       (混)[指] 馬齢 16頭 本賞金:560,220,140,84,56万円",16,560.0,9,3,6,ロアヴィヴィエンヌ,セ,3,57.0,菊沢,70.8,ハナ,9,45.7,36.3,4-4,美浦 本間,456,-12,
202503010202,2025-04-13,福島,2,3歳未勝利,芝,1200,右,曇,良,"1回 福島 2日目 サラ系３歳 未勝利       (混)[指] 馬齢 16頭 本賞金:560,220,140,84,56万円",16,560.0,10,4,8,フランシナテソーロ,牝,3,55.0,佐々木,70.9,クビ,8,45.4,36.6,2-2,美浦 畠山,454,-4,
202503010202,2025-04-13,福島,2,3歳未勝利,芝,1200,右,曇,良,"1回 福島 2日目 サラ系３歳 未勝利       (混)[指] 馬齢 16頭 本賞金:560,220,140,84,56万円",16,560.0,11,5,9,アッケシ,牡,3,54.0,▲橋木,70.9,クビ,3,5.6,36.3,4-7,栗東 西園正,456,2,
202503010202,2025-04-13,福島,2,3歳未勝利,芝,1200,右,曇,良,"1回 福島 2日目 サラ系３歳 未勝利       (混)[指] 馬齢 16頭 本賞金:560,220,140,84,56万円",16,560.0,12,2,3,キョウエイレッド,牝,3,52.0,▲遠藤,71.2,1.3/4,14,261.7,35.8,12-12,美浦 武市,390,-10,
202503010202,2025-04-13,福島,2,3歳未勝利,芝,1200,右,曇,良,"1回 福島 2日目 サラ系３歳 未勝利       (混)[指] 馬齢 16頭 本賞金:560,220,140,84,56万円",16,560.0,13,1,2,クィーンルージュ,牝,3,55.0,菱田,71.4,1.1/4,13,242.2,35.5,15-14,美浦 浅利,466,-6,
202503010202,2025-04-13,福島,2,3歳未勝利,芝,1200,右,曇,良,"1回 福島 2日目 サラ系３歳 未勝利       (混)[指] 馬齢 16頭 本賞金:560,220,140,84,56万円",16,560.0,14,6,11,ラクスノカミカザリ,牝,3,52.0,▲水沼,71.4,ハナ,15,300.9,35.4,16-14,美浦 加藤和,420,-10,
202503010202,2025-04-13,福島,2,3歳未勝利,芝,1200,右,曇,良,"1回 福島 2日目 サラ系３歳 未勝利       (混)[指] 馬齢 16頭 本賞金:560,220,140,84,56万円",16,560.0,15,7,13,フィオーレ,牝,3,55.0,荻野琢,71.4,ハナ,12,172.1,36.0,12-12,栗東 平田,454,2,
202503010202,2025-04-13,福島,2,3歳未勝利,芝,1200,右,曇,良,"1回 福島 2日目 サラ系３歳 未勝利       (混)[指] 馬齢 16頭 本賞金:560,220,140,84,56万円",16,560.0,16,8,16,スンシム,牝,3,55.0,黛,72.1,4,16,379.8,36.7,12-14,美浦 村田,398,-10,
202503010203,2025-04-13,福島,3,3歳未勝利,芝,2600,右,曇,良,"1回 福島 2日目 サラ系３歳 未勝利       [指] 馬齢 16頭 本賞金:560,220,140,84,56万円",16,560.0,1,2,3,オロスコピオ,牝,3,55.0,小沢,161.7,,2,4.9,36.8,3-3-4-4,美浦 青木,422,-8,
202503010203,2025-04-13,福島,3,3歳未勝利,芝,2600,右,曇,良,"1回 福島 2日目 サラ系３歳 未勝利       [指] 馬齢 16頭 本賞金:560,220,140,84,56万円",16,560.0,2,6,12,シャインフリーリー,牡,3,57.0,丹内,162.0,1.3/4,1,3.0,37.3,7-6-2-2,美浦 矢嶋,474,4,
202503010203,2025-04-13,福島,3,3歳未勝利,芝,2600,右,曇,良,"1回 福島 2日目 サラ系３歳 未勝利       [指] 馬齢 16頭 本賞金:560,220,140,84,56万円",16,560.0,3,7,13,ダンスデュヴァン,牡,3,57.0,古川吉,162.3,2,10,51.3,36.8,12-12-8-8,栗東 武英,480,6,
202503010203,2025-04-13,福島,3,3歳未勝利,芝,2600,右,曇,良,"1回 福島 2日目 サラ系３歳 未勝利       [指] 馬齢 16頭 本賞金:560,220,140,84,56万円",16,560.0,4,1,2,デンジエンド,牡,3,57.0,荻野極,162.3,アタマ,15,103.6,37.0,10-8-7-5,美浦 小島,430,-4,
202503010203,2025-04-13,福島,3,3歳未勝利,芝,2600,右,曇,良,"1回 福島 2日目 サラ系３歳 未勝利       [指] 馬齢 16頭 本賞金:560,220,140,84,56万円",16,560.0,5,4,8,オールニッポン,牝,3,52.0,▲舟山,162.4,クビ,3,5.8,37.8,2-2-2-2,美浦 上原佑,424,4,
202503010203,2025-04-13,福島,3,3歳未勝利,芝,2600,右,曇,良,"1回 福島 2日目 サラ系３歳 未勝利       [指] 馬齢 16頭 本賞金:560,220,140,84,56万円",16,560.0,6,3,5,ポテチ,牡,3,53.0,★小林美,162.6,1.1/2,4,7.2,37.0,8-8-11-11,栗東 鈴木孝,400,4,
202503010203,2025-04-13,福島,3,3歳未勝利,芝,2600,右,曇,良,"1回 福島 2日目 サラ系３歳 未勝利       [指] 馬齢 16頭 本賞金:560,220,140,84,56万円",16,560.0,7,1,1,デアルーチェ,牝,3,55.0,杉原,162.7,3/4,9,40.5,37.1,8-8-11-9,美浦 宮田,478,0,
202503010203,2025-04-13,福島,3,3歳未勝利,芝,2600,右,曇,良,"1回 福島 2日目 サラ系３歳 未勝利       [指] 馬齢 16頭 本賞金:560,220,140,84,56万円",16,560.0,8,3,6,ギリギリバイター,牡,3,57.0,武藤,163.1,2,16,204.5,37.6,6-6-8-9,美浦 小笠,432,-4,
202503010203,2025-04-13,福島,3,3歳未勝利,芝,2600,右,曇,良,"1回 福島 2日目 サラ系３歳 未勝利       [指] 馬齢 16頭 本賞金:560,220,140,84,56万円",16,560.0,9,2,4,アンガアヴィス,セ,3,57.0,三浦,163.2,1/2,5,8.9,38.7,1-1-1-1,美浦 新開,434,-2,
202503010203,2025-04-13,福島,3,3歳未勝利,芝,2600,右,曇,良,"1回 福島 2日目 サラ系３歳 未勝利       [指] 馬齢 16頭 本賞金:560,220,140,84,56万円",16,560.0,10,4,7,キタノニーソング,牡,3,57.0,中井,163.2,クビ,6,13.0,38.1,11-11-6-5,栗東 坂口,460,8,
202503010203,2025-04-13,福島,3,3歳未勝利,芝,2600,右,曇,良,"1回 福島 2日目 サラ系３歳 未勝利       [指] 馬齢 16頭 本賞金:560,220,140,84,56万円",16,560.0,11,7,14,フランクテソーロ,牡,3,56.0,☆高杉,163.4,1.1/4,7,16.6,38.4,3-3-4-5,美浦 畠山,478,-4,
202503010203,2025-04-13,福島,3,3歳未勝利,芝,2600,右,曇,良,"1回 福島 2日目 サラ系３歳 未勝利       [指] 馬齢 16頭 本賞金:560,220,140,84,56万円",16,560.0,12,8,16,ホウオウスターツ,牡,3,57.0,菱田,164.0,3.1/2,8,20.3,37.7,13-13-13-12,美浦 池上,470,6,
202503010203,2025-04-13,福島,3,3歳未勝利,芝,2600,右,曇,良,"1回 福島 2日目 サラ系３歳 未勝利       [指] 馬齢 16頭 本賞金:560,220,140,84,56万円",16,560.0,13,5,10,ホウショウビフウ,牝,3,52.0,▲鷲頭,164.0,アタマ,12,72.5,37.4,15-14-14-13,栗東 井上,410,0,
202503010203,2025-04-13,福島,3,3歳未勝利,芝,2600,右,曇,良,"1回 福島 2日目 サラ系３歳 未勝利       [指] 馬齢 16頭 本賞金:560,220,140,84,56万円",16,560.0,14,6,11,カサビセンス,牝,3,52.0,▲石田,164.2,3/4,11,57.1,37.6,16-16-14-13,美浦 加藤士,440,0,
202503010203,2025-04-13,福島,3,3歳未勝利,芝,2600,右,曇,良,"1回 福島 2日目 サラ系３歳 未勝利       [指] 馬齢 16頭 本賞金:560,220,140,84,56万円",16,560.0,15,8,15,トゥルプ,牝,3,52.0,▲柴田裕,166.3,大,14,100.5,39.4,14-14-16-16,栗東 高橋亮,476,2,
202503010203,2025-04-13,福島,3,3歳未勝利,芝,2600,右,曇,良,"1回 福島 2日目 サラ系３歳 未勝利       [指] 馬齢 16頭 本賞金:560,220,140,84,56万円",16,560.0,16,5,9,ジーティーブライト,牡,3,57.0,黛,169.0,大,13,86.0,43.5,3-3-8-13,美浦 柄崎,494,6,
202503010204,2025-04-13,福島,4,3歳未勝利,ダ,1700,右,曇,良,"1回 福島 2日目 サラ系３歳 未勝利       (混)[指] 馬齢 15頭 本賞金:560,220,140,84,56万円",15,560.0,1,2,3,ブルータス,牡,3,57.0,丹内,108.8,,1,1.6,37.9,6-6-8-6,美浦 高柳瑞,458,8,
202503010204,2025-04-13,福島,4,3歳未勝利,ダ,1700,右,曇,良,"1回 福島 2日目 サラ系３歳 未勝利       (混)[指] 馬齢 15頭 本賞金:560,220,140,84,56万円",15,560.0,2,5,8,マンオブザマッチ,牡,3,57.0,斎藤,109.1,1.3/4,2,4.9,39.2,12-11-1-1,栗東 高橋忠,482,-2,
202503010204,2025-04-13,福島,4,3歳未勝利,ダ,1700,右,曇,良,"1回 福島 2日目 サラ系３歳 未勝利       (混)[指] 馬齢 15頭 本賞金:560,220,140,84,56万円",15,560.0,3,8,15,ララエキリーブル,牡,3,57.0,中井,109.2,1/2,9,57.3,39.0,3-3-2-2,栗東 坂口,440,-2,
202503010204,2025-04-13,福島,4,3歳未勝利,ダ,1700,右,曇,良,"1回 福島 2日目 サラ系３歳 未勝利       (混)[指] 馬齢 15頭 本賞金:560,220,140,84,56万円",15,560.0,4,4,6,オドラニャソンソン,牡,3,57.0,小沢,109.8,3.1/2,4,10.7,39.1,6-6-5-4,栗東 東田,464,4,
202503010204,2025-04-13,福島,4,3歳未勝利,ダ,1700,右,曇,良,"1回 福島 2日目 サラ系３歳 未勝利       (混)[指] 馬齢 15頭 本賞金:560,220,140,84,56万円",15,560.0,5,4,7,モズノセイギ,牡,3,57.0,三浦,110.6,5,7,42.1,39.6,9-8-8-7,栗東 荒川,454,-2,
202503010204,2025-04-13,福島,4,3歳未勝利,ダ,1700,右,曇,良,"1回 福島 2日目 サラ系３歳 未勝利       (混)[指] 馬齢 15頭 本賞金:560,220,140,84,56万円",15,560.0,6,2,2,モズシューター,牡,3,57.0,荻野極,110.7,クビ,5,20.3,39.4,9-8-11-7,栗東 飯田,478,2,
202503010204,2025-04-13,福島,4,3歳未勝利,ダ,1700,右,曇,良,"1回 福島 2日目 サラ系３歳 未勝利       (混)[指] 馬齢 15頭 本賞金:560,220,140,84,56万円",15,560.0,7,1,1,サンライズライリー,牡,3,57.0,国分恭,110.7,クビ,13,137.9,39.1,15-14-12-12,栗東 茶木,480,0,
202503010204,2025-04-13,福島,4,3歳未勝利,ダ,1700,右,曇,良,"1回 福島 2日目 サラ系３歳 未勝利       (混)[指] 馬齢 15頭 本賞金:560,220,140,84,56万円",15,560.0,8,7,13,ココデイック,牡,3,56.0,☆高杉,110.7,アタマ,3,6.7,40.2,6-8-4-5,栗東 藤岡,488,-2,
202503010204,2025-04-13,福島,4,3歳未勝利,ダ,1700,右,曇,良,"1回 福島 2日目 サラ系３歳 未勝利       (混)[指] 馬齢 15頭 本賞金:560,220,140,84,56万円",15,560.0,9,6,10,グローサートラウム,牡,3,57.0,佐々木,111.0,1.3/4,12,128.4,40.2,11-11-5-7,栗東 武幸,482,-4,
202503010204,2025-04-13,福島,4,3歳未勝利,ダ,1700,右,曇,良,"1回 福島 2日目 サラ系３歳 未勝利       (混)[指] 馬齢 15頭 本賞金:560,220,140,84,56万円",15,560.0,10,3,5,ジュンベルベット,牡,3,57.0,菊沢,111.3,1.1/2,15,197.0,39.6,13-11-14-13,美浦 伊坂,446,0,
202503010204,2025-04-13,福島,4,3歳未勝利,ダ,1700,右,曇,良,"1回 福島 2日目 サラ系３歳 未勝利       (混)[指] 馬齢 15頭 本賞金:560,220,140,84,56万円",15,560.0,11,7,12,エーピーポエティス,牝,3,55.0,秋山稔,111.4,1/2,14,150.6,39.5,14-14-15-13,栗東 杉山佳,476,0,
202503010204,2025-04-13,福島,4,3歳未勝利,ダ,1700,右,曇,良,"1回 福島 2日目 サラ系３歳 未勝利       (混)[指] 馬齢 15頭 本賞金:560,220,140,84,56万円",15,560.0,12,3,4,ミツカネスコーピオ,牡,3,53.0,★小林美,111.8,2.1/2,6,23.4,41.7,1-1-2-2,美浦 鈴木伸,484,-4,
202503010204,2025-04-13,福島,4,3歳未勝利,ダ,1700,右,曇,良,"1回 福島 2日目 サラ系３歳 未勝利       (混)[指] 馬齢 15頭 本賞金:560,220,140,84,56万円",15,560.0,13,6,11,アメリカンクール,牡,3,57.0,田口,112.7,5,8,48.4,41.7,3-3-8-10,栗東 今野,494,-2,
202503010204,2025-04-13,福島,4,3歳未勝利,ダ,1700,右,曇,良,"1回 福島 2日目 サラ系３歳 未勝利       (混)[指] 馬齢 15頭 本賞金:560,220,140,84,56万円",15,560.0,14,5,9,グルナルーフス,牡,3,57.0,宮崎,113.3,3.1/2,10,68.3,41.7,3-3-12-13,美浦 中川,494,2,
202503010204,2025-04-13,福島,4,3歳未勝利,ダ,1700,右,曇,良,"1回 福島 2日目 サラ系３歳 未勝利       (混)[指] 馬齢 15頭 本賞金:560,220,140,84,56万円",15,560.0,15,8,14,レジリエント,牡,3,54.0,▲舟山,115.3,大,11,73.5,44.6,2-2-5-10,美浦 大和田,422,-10,
202503010205,2025-04-13,福島,5,3歳未勝利,芝,1800,右,曇,良,"1回 福島 2日目 サラ系３歳 未勝利       (混)[指] 馬齢 16頭 本賞金:560,220,140,84,56万円",16,560.0,1,7,13,マイネルフルムーン,牡,3,57.0,丹内,109.0,,1,3.0,35.4,4-5-5-3,栗東 吉田,452,-4,
202503010205,2025-04-13,福島,5,3歳未勝利,芝,1800,右,曇,良,"1回 福島 2日目 サラ系３歳 未勝利       (混)[指] 馬齢 16頭 本賞金:560,220,140,84,56万円",16,560.0,2,7,14,ドウジャスティ,牡,3,57.0,佐々木,109.1,3/4,5,8.4,35.5,8-8-5-3,栗東 池江,492,0,
202503010205,2025-04-13,福島,5,3歳未勝利,芝,1800,右,曇,良,"1回 福島 2日目 サラ系３歳 未勝利       (混)[指] 馬齢 16頭 本賞金:560,220,140,84,56万円",16,560.0,3,5,10,メイショウヤシマ,牡,3,57.0,角田和,109.1,クビ,4,6.0,35.2,6-7-8-7,栗東 高橋亮,470,4,
202503010205,2025-04-13,福島,5,3歳未勝利,芝,1800,右,曇,良,"1回 福島 2日目 サラ系３歳 未勝利       (混)[指] 馬齢 16頭 本賞金:560,220,140,84,56万円",16,560.0,4,4,7,コンドゥイア,牝,3,52.0,▲鷲頭,109.1,アタマ,6,8.9,35.6,4-3-3-3,栗東 井上,462,-10,
202503010205,2025-04-13,福島,5,3歳未勝利,芝,1800,右,曇,良,"1回 福島 2日目 サラ系３歳 未勝利       (混)[指] 馬齢 16頭 本賞金:560,220,140,84,56万円",16,560.0,5,1,1,レイヤードレッド,牡,3,57.0,嶋田,109.2,アタマ,2,4.8,35.9,1-1-1-1,美浦 手塚久,468,-8,
202503010205,2025-04-13,福島,5,3歳未勝利,芝,1800,右,曇,良,"1回 福島 2日目 サラ系３歳 未勝利       (混)[指] 馬齢 16頭 本賞金:560,220,140,84,56万円",16,560.0,6,8,16,プロメテドール,牝,3,55.0,亀田,109.5,1.3/4,12,141.6,35.5,10-10-9-8,美浦 久保田,426,-12,
202503010205,2025-04-13,福島,5,3歳未勝利,芝,1800,右,曇,良,"1回 福島 2日目 サラ系３歳 未勝利       (混)[指] 馬齢 16頭 本賞金:560,220,140,84,56万円",16,560.0,7,3,6,ディプタルアスール,牡,3,57.0,武藤,109.6,3/4,15,161.4,35.4,9-9-10-8,美浦 水野,468,0,
202503010205,2025-04-13,福島,5,3歳未勝利,芝,1800,右,曇,良,"1回 福島 2日目 サラ系３歳 未勝利       (混)[指] 馬齢 16頭 本賞金:560,220,140,84,56万円",16,560.0,8,2,4,テーオービースト,牡,3,57.0,菊沢,109.8,1.1/2,7,16.2,36.4,2-2-2-2,美浦 清水英,460,2,
202503010205,2025-04-13,福島,5,3歳未勝利,芝,1800,右,曇,良,"1回 福島 2日目 サラ系３歳 未勝利       (混)[指] 馬齢 16頭 本賞金:560,220,140,84,56万円",16,560.0,9,4,8,リドルトリガー,牝,3,52.0,▲石田,110.0,1.1/2,13,146.3,35.4,12-11-11-11,美浦 小島,476,-30,
202503010205,2025-04-13,福島,5,3歳未勝利,芝,1800,右,曇,良,"1回 福島 2日目 サラ系３歳 未勝利       (混)[指] 馬齢 16頭 本賞金:560,220,140,84,56万円",16,560.0,10,8,15,スイートグルーヴ,牝,3,55.0,杉原,110.1,クビ,3,5.2,36.6,3-3-3-3,美浦 青木,456,10,
202503010205,2025-04-13,福島,5,3歳未勝利,芝,1800,右,曇,良,"1回 福島 2日目 サラ系３歳 未勝利       (混)[指] 馬齢 16頭 本賞金:560,220,140,84,56万円",16,560.0,11,6,12,コスモブレイズ,牡,3,57.0,田口,111.0,5,8,83.9,37.3,6-5-7-8,美浦 畠山,494,-2,
202503010205,2025-04-13,福島,5,3歳未勝利,芝,1800,右,曇,良,"1回 福島 2日目 サラ系３歳 未勝利       (混)[指] 馬齢 16頭 本賞金:560,220,140,84,56万円",16,560.0,12,6,11,アストラアヴィス,牝,3,54.0,☆横山琉,111.1,クビ,10,121.1,36.2,13-13-13-12,美浦 辻,430,0,
202503010205,2025-04-13,福島,5,3歳未勝利,芝,1800,右,曇,良,"1回 福島 2日目 サラ系３歳 未勝利       (混)[指] 馬齢 16頭 本賞金:560,220,140,84,56万円",16,560.0,13,1,2,ロビン,牡,3,57.0,国分恭,112.1,6,9,102.1,35.6,16-16-15-14,栗東 西園翔,508,0,
202503010205,2025-04-13,福島,5,3歳未勝利,芝,1800,右,曇,良,"1回 福島 2日目 サラ系３歳 未勝利       (混)[指] 馬齢 16頭 本賞金:560,220,140,84,56万円",16,560.0,14,5,9,ジーティーラピッド,牡,3,57.0,菱田,113.3,7,14,148.3,38.5,10-11-12-13,美浦 奥平,470,4,
202503010205,2025-04-13,福島,5,3歳未勝利,芝,1800,右,曇,良,"1回 福島 2日目 サラ系３歳 未勝利       (混)[指] 馬齢 16頭 本賞金:560,220,140,84,56万円",16,560.0,15,2,3,テーブルマナー,牝,3,52.0,▲舟山,113.8,3,11,133.0,37.8,15-15-14-14,美浦 上原佑,456,0,
202503010205,2025-04-13,福島,5,3歳未勝利,芝,1800,右,曇,良,"1回 福島 2日目 サラ系３歳 未勝利       (混)[指] 馬齢 16頭 本賞金:560,220,140,84,56万円",16,560.0,16,3,5,アルマリアルト,牡,3,54.0,▲柴田裕,113.8,クビ,16,166.6,37.3,14-14-15-16,栗東 宮地,528,32,
202503010206,2025-04-13,福島,6,4歳以上1勝クラス,芝,1200,右,曇,良,"1回 福島 2日目 サラ系４歳以上 １勝クラス       牝[指] 定量 16頭 本賞金:800,320,200,120,80万円",16,800.0,1,3,6,ソルレース,牝,4,53.0,▲舟山,67.7,,1,2.8,34.7,1-1,美浦 田中博,466,2,
202503010206,2025-04-13,福島,6,4歳以上1勝クラス,芝,1200,右,曇,良,"1回 福島 2日目 サラ系４歳以上 １勝クラス       牝[指] 定量 16頭 本賞金:800,320,200,120,80万円",16,800.0,2,1,2,ピースフルナイト,牝,5,56.0,佐々木,68.5,5,4,10.0,34.8,7-7,栗東 高野,402,2,
202503010206,2025-04-13,福島,6,4歳以上1勝クラス,芝,1200,右,曇,良,"1回 福島 2日目 サラ系４歳以上 １勝クラス       牝[指] 定量 16頭 本賞金:800,320,200,120,80万円",16,800.0,3,5,10,エルフレスアリー,牝,5,56.0,杉原,68.5,ハナ,2,3.9,35.2,2-2,美浦 木村,436,2,
202503010206,2025-04-13,福島,6,4歳以上1勝クラス,芝,1200,右,曇,良,"1回 福島 2日目 サラ系４歳以上 １勝クラス       牝[指] 定量 16頭 本賞金:800,320,200,120,80万円",16,800.0,4,6,12,セイウンデセオ,牝,4,52.0,★小林美,68.5,ハナ,5,13.8,34.4,13-10,美浦 小手川,488,6,
202503010206,2025-04-13,福島,6,4歳以上1勝クラス,芝,1200,右,曇,良,"1回 福島 2日目 サラ系４歳以上 １勝クラス       牝[指] 定量 16頭 本賞金:800,320,200,120,80万円",16,800.0,5,4,8,イリスアスール,牝,4,56.0,角田和,68.6,クビ,6,15.1,35.1,3-5,栗東 角田,456,-10,
202503010206,2025-04-13,福島,6,4歳以上1勝クラス,芝,1200,右,曇,良,"1回 福島 2日目 サラ系４歳以上 １勝クラス       牝[指] 定量 16頭 本賞金:800,320,200,120,80万円",16,800.0,6,1,1,ソアラ,牝,5,53.0,▲橋木,68.6,クビ,8,20.3,35.2,3-3,栗東 高橋康,490,2,
202503010206,2025-04-13,福島,6,4歳以上1勝クラス,芝,1200,右,曇,良,"1回 福島 2日目 サラ系４歳以上 １勝クラス       牝[指] 定量 16頭 本賞金:800,320,200,120,80万円",16,800.0,7,7,14,グランテレーズ,牝,4,56.0,亀田,68.9,1.1/2,12,47.3,35.0,10-10,栗東 渡辺,444,0,
202503010206,2025-04-13,福島,6,4歳以上1勝クラス,芝,1200,右,曇,良,"1回 福島 2日目 サラ系４歳以上 １勝クラス       牝[指] 定量 16頭 本賞金:800,320,200,120,80万円",16,800.0,8,8,16,レッドカメリア,牝,5,56.0,黛,69.0,1/2,16,146.0,34.4,16-15,美浦 佐藤吉,456,-4,
202503010206,2025-04-13,福島,6,4歳以上1勝クラス,芝,1200,右,曇,良,"1回 福島 2日目 サラ系４歳以上 １勝クラス       牝[指] 定量 16頭 本賞金:800,320,200,120,80万円",16,800.0,9,5,9,ロマンスライト,牝,4,53.0,▲石田,69.0,ハナ,13,85.4,35.4,7-7,美浦 尾形,460,10,
202503010206,2025-04-13,福島,6,4歳以上1勝クラス,芝,1200,右,曇,良,"1回 福島 2日目 サラ系４歳以上 １勝クラス       牝[指] 定量 16頭 本賞金:800,320,200,120,80万円",16,800.0,10,8,15,イコノスタシス,牝,5,56.0,吉田隼,69.1,1/2,10,37.7,35.1,12-13,美浦 古賀,488,-4,
202503010206,2025-04-13,福島,6,4歳以上1勝クラス,芝,1200,右,曇,良,"1回 福島 2日目 サラ系４歳以上 １勝クラス       牝[指] 定量 16頭 本賞金:800,320,200,120,80万円",16,800.0,11,2,4,プリュノワール,牝,4,56.0,丸山,69.1,ハナ,3,6.5,35.6,3-5,美浦 浅利,452,2,
202503010206,2025-04-13,福島,6,4歳以上1勝クラス,芝,1200,右,曇,良,"1回 福島 2日目 サラ系４歳以上 １勝クラス       牝[指] 定量 16頭 本賞金:800,320,200,120,80万円",16,800.0,12,6,11,オンザヴィーナス,牝,4,56.0,菊沢,69.2,3/4,7,17.3,35.8,3-3,美浦 大和田,432,-6,
202503010206,2025-04-13,福島,6,4歳以上1勝クラス,芝,1200,右,曇,良,"1回 福島 2日目 サラ系４歳以上 １勝クラス       牝[指] 定量 16頭 本賞金:800,320,200,120,80万円",16,800.0,13,3,5,スプリングデイ,牝,4,53.0,▲水沼,69.3,クビ,9,24.7,35.5,10-7,美浦 伊藤大,418,-10,
202503010206,2025-04-13,福島,6,4歳以上1勝クラス,芝,1200,右,曇,良,"1回 福島 2日目 サラ系４歳以上 １勝クラス       牝[指] 定量 16頭 本賞金:800,320,200,120,80万円",16,800.0,14,2,3,ディアクルーナ,牝,4,53.0,▲遠藤,69.5,1.1/4,15,119.6,35.3,13-13,美浦 黒岩,448,-21,
202503010206,2025-04-13,福島,6,4歳以上1勝クラス,芝,1200,右,曇,良,"1回 福島 2日目 サラ系４歳以上 １勝クラス       牝[指] 定量 16頭 本賞金:800,320,200,120,80万円",16,800.0,15,4,7,ミニマルデザイン,牝,4,56.0,斎藤,69.5,ハナ,14,110.0,35.2,15-15,美浦 岩戸,460,-13,
202503010206,2025-04-13,福島,6,4歳以上1勝クラス,芝,1200,右,曇,良,"1回 福島 2日目 サラ系４歳以上 １勝クラス       牝[指] 定量 16頭 本賞金:800,320,200,120,80万円",16,800.0,16,7,13,ソングフォーユー,牝,6,53.0,▲上里,71.0,9,11,41.1,37.4,7-10,美浦 上原博,470,-10,
202503010207,2025-04-13,福島,7,4歳以上1勝クラス,芝,2000,右,小雨,良,"1回 福島 2日目 サラ系４歳以上 １勝クラス       見習騎手 定量 16頭 本賞金:800,320,200,120,80万円",16,800.0,1,7,13,バードウォッチャー,牡,4,58.0,小沢,121.1,,3,6.0,35.2,12-11-11-7,美浦 国枝,484,2,
202503010207,2025-04-13,福島,7,4歳以上1勝クラス,芝,2000,右,小雨,良,"1回 福島 2日目 サラ系４歳以上 １勝クラス       見習騎手 定量 16頭 本賞金:800,320,200,120,80万円",16,800.0,2,8,16,アスクメークシェア,牡,5,55.0,▲古川奈,121.7,3.1/2,12,115.3,35.6,13-13-13-10,栗東 前川,496,-6,
202503010207,2025-04-13,福島,7,4歳以上1勝クラス,芝,2000,右,小雨,良,"1回 福島 2日目 サラ系４歳以上 １勝クラス       見習騎手 定量 16頭 本賞金:800,320,200,120,80万円",16,800.0,3,1,2,サングラデーション,牡,5,57.0,☆高杉,121.7,アタマ,5,13.2,36.0,8-7-9-4,美浦 千葉,432,2,
202503010207,2025-04-13,福島,7,4歳以上1勝クラス,芝,2000,右,小雨,良,"1回 福島 2日目 サラ系４歳以上 １勝クラス       見習騎手 定量 16頭 本賞金:800,320,200,120,80万円",16,800.0,4,2,4,ミントマーク,牡,5,58.0,亀田,121.7,アタマ,4,6.3,36.0,8-7-9-7,栗東 高橋一,470,0,
202503010207,2025-04-13,福島,7,4歳以上1勝クラス,芝,2000,右,小雨,良,"1回 福島 2日目 サラ系４歳以上 １勝クラス       見習騎手 定量 16頭 本賞金:800,320,200,120,80万円",16,800.0,5,1,1,パストラーレ,牡,4,58.0,佐々木,122.0,1.3/4,1,1.9,36.8,3-3-3-3,美浦 武市,496,-14,
202503010207,2025-04-13,福島,7,4歳以上1勝クラス,芝,2000,右,小雨,良,"1回 福島 2日目 サラ系４歳以上 １勝クラス       見習騎手 定量 16頭 本賞金:800,320,200,120,80万円",16,800.0,6,3,5,バガン,牡,7,58.0,田口,122.2,3/4,2,5.8,36.8,5-5-6-4,栗東 宮地,478,0,
202503010207,2025-04-13,福島,7,4歳以上1勝クラス,芝,2000,右,小雨,良,"1回 福島 2日目 サラ系４歳以上 １勝クラス       見習騎手 定量 16頭 本賞金:800,320,200,120,80万円",16,800.0,7,4,8,コーラスライン,牝,6,53.0,▲柴田裕,122.6,2.1/2,15,209.6,36.3,14-14-15-14,美浦 本間,442,10,
202503010207,2025-04-13,福島,7,4歳以上1勝クラス,芝,2000,右,小雨,良,"1回 福島 2日目 サラ系４歳以上 １勝クラス       見習騎手 定量 16頭 本賞金:800,320,200,120,80万円",16,800.0,8,2,3,ケイツールピア,牝,4,53.0,▲舟山,123.0,2.1/2,11,60.4,36.3,16-16-16-15,美浦 蛯名利,408,8,
202503010207,2025-04-13,福島,7,4歳以上1勝クラス,芝,2000,右,小雨,良,"1回 福島 2日目 サラ系４歳以上 １勝クラス       見習騎手 定量 16頭 本賞金:800,320,200,120,80万円",16,800.0,9,3,6,セングンバンバ,セ,4,58.0,角田和,123.1,1/2,8,44.5,38.2,1-1-1-1,栗東 松永幹,446,8,
202503010207,2025-04-13,福島,7,4歳以上1勝クラス,芝,2000,右,小雨,良,"1回 福島 2日目 サラ系４歳以上 １勝クラス       見習騎手 定量 16頭 本賞金:800,320,200,120,80万円",16,800.0,10,7,14,ルージュサリナス,牝,4,56.0,秋山稔,123.1,ハナ,6,29.9,38.2,2-2-2-2,栗東 加藤公,420,-4,
202503010207,2025-04-13,福島,7,4歳以上1勝クラス,芝,2000,右,小雨,良,"1回 福島 2日目 サラ系４歳以上 １勝クラス       見習騎手 定量 16頭 本賞金:800,320,200,120,80万円",16,800.0,11,8,15,ヤルダバオト,牡,4,55.0,▲遠藤,123.4,1.3/4,16,274.2,37.5,15-14-11-10,美浦 蛯名利,426,-4,
202503010207,2025-04-13,福島,7,4歳以上1勝クラス,芝,2000,右,小雨,良,"1回 福島 2日目 サラ系４歳以上 １勝クラス       見習騎手 定量 16頭 本賞金:800,320,200,120,80万円",16,800.0,12,5,10,スノーディーヴァ,牝,4,55.0,☆横山琉,123.5,1/2,13,121.8,38.4,11-10-3-4,美浦 深山,458,-4,
202503010207,2025-04-13,福島,7,4歳以上1勝クラス,芝,2000,右,小雨,良,"1回 福島 2日目 サラ系４歳以上 １勝クラス       見習騎手 定量 16頭 本賞金:800,320,200,120,80万円",16,800.0,13,6,11,デアパーディタ,牝,4,52.0,★小林美,123.5,クビ,9,47.2,38.0,5-5-7-13,美浦 武井,430,2,
202503010207,2025-04-13,福島,7,4歳以上1勝クラス,芝,2000,右,小雨,良,"1回 福島 2日目 サラ系４歳以上 １勝クラス       見習騎手 定量 16頭 本賞金:800,320,200,120,80万円",16,800.0,14,6,12,ローブドゥマリエ,牝,5,53.0,▲石田,123.6,1/2,14,167.4,38.0,7-7-7-10,美浦 天間,468,0,
202503010207,2025-04-13,福島,7,4歳以上1勝クラス,芝,2000,右,小雨,良,"1回 福島 2日目 サラ系４歳以上 １勝クラス       見習騎手 定量 16頭 本賞金:800,320,200,120,80万円",16,800.0,15,5,9,ペロ,牡,4,57.0,☆松本,123.7,クビ,10,58.4,37.5,3-3-13-16,栗東 橋口,498,-6,
202503010207,2025-04-13,福島,7,4歳以上1勝クラス,芝,2000,右,小雨,良,"1回 福島 2日目 サラ系４歳以上 １勝クラス       見習騎手 定量 16頭 本賞金:800,320,200,120,80万円",16,800.0,16,4,7,シルバーダイヤ,牝,5,53.0,▲上里,124.4,4,7,41.8,39.1,8-11-5-7,美浦 小野,458,0,
202503010208,2025-04-13,福島,8,4歳以上1勝クラス,ダ,1150,右,小雨,良,"1回 福島 2日目 サラ系４歳以上 １勝クラス       (混)[指] 定量 16頭 本賞金:800,320,200,120,80万円",16,800.0,1,7,13,ニシノクラウン,セ,4,57.0,☆横山琉,69.1,,11,54.1,36.9,3-3,美浦 相沢,468,-12,
202503010208,2025-04-13,福島,8,4歳以上1勝クラス,ダ,1150,右,小雨,良,"1回 福島 2日目 サラ系４歳以上 １勝クラス       (混)[指] 定量 16頭 本賞金:800,320,200,120,80万円",16,800.0,2,8,16,ヨドノゴールド,牡,7,58.0,丸山,69.1,クビ,1,3.5,37.0,2-2,栗東 西園翔,470,-4,
202503010208,2025-04-13,福島,8,4歳以上1勝クラス,ダ,1150,右,小雨,良,"1回 福島 2日目 サラ系４歳以上 １勝クラス       (混)[指] 定量 16頭 本賞金:800,320,200,120,80万円",16,800.0,3,2,3,グッドヴァイブス,牡,4,58.0,佐々木,69.6,3,2,4.4,37.3,4-5,美浦 高柳瑞,486,6,
202503010208,2025-04-13,福島,8,4歳以上1勝クラス,ダ,1150,右,小雨,良,"1回 福島 2日目 サラ系４歳以上 １勝クラス       (混)[指] 定量 16頭 本賞金:800,320,200,120,80万円",16,800.0,4,4,8,ダイチラファール,牡,6,54.0,★小林美,69.9,1.3/4,6,15.1,37.4,7-5,美浦 粕谷,458,-6,
202503010208,2025-04-13,福島,8,4歳以上1勝クラス,ダ,1150,右,小雨,良,"1回 福島 2日目 サラ系４歳以上 １勝クラス       (混)[指] 定量 16頭 本賞金:800,320,200,120,80万円",16,800.0,5,2,4,レグザゴン,牝,4,56.0,斎藤,70.0,クビ,10,52.8,37.4,7-7,美浦 斎藤誠,450,-2,
202503010208,2025-04-13,福島,8,4歳以上1勝クラス,ダ,1150,右,小雨,良,"1回 福島 2日目 サラ系４歳以上 １勝クラス       (混)[指] 定量 16頭 本賞金:800,320,200,120,80万円",16,800.0,6,5,10,ブリングライト,牡,5,58.0,菊沢,70.0,アタマ,16,254.6,36.3,15-15,美浦 土田,474,2,
202503010208,2025-04-13,福島,8,4歳以上1勝クラス,ダ,1150,右,小雨,良,"1回 福島 2日目 サラ系４歳以上 １勝クラス       (混)[指] 定量 16頭 本賞金:800,320,200,120,80万円",16,800.0,7,6,12,プレアデスグループ,牝,4,56.0,丹内,70.0,アタマ,4,7.8,37.1,11-10,栗東 吉岡,442,0,
202503010208,2025-04-13,福島,8,4歳以上1勝クラス,ダ,1150,右,小雨,良,"1回 福島 2日目 サラ系４歳以上 １勝クラス       (混)[指] 定量 16頭 本賞金:800,320,200,120,80万円",16,800.0,8,6,11,マサノヒーロー,牡,4,58.0,荻野琢,70.1,クビ,7,15.2,37.7,6-3,美浦 大竹,476,2,
202503010208,2025-04-13,福島,8,4歳以上1勝クラス,ダ,1150,右,小雨,良,"1回 福島 2日目 サラ系４歳以上 １勝クラス       (混)[指] 定量 16頭 本賞金:800,320,200,120,80万円",16,800.0,9,4,7,ミッキースピナッチ,牡,5,57.0,☆高杉,70.3,1,3,4.8,37.6,9-7,栗東 東田,510,-4,
202503010208,2025-04-13,福島,8,4歳以上1勝クラス,ダ,1150,右,小雨,良,"1回 福島 2日目 サラ系４歳以上 １勝クラス       (混)[指] 定量 16頭 本賞金:800,320,200,120,80万円",16,800.0,10,3,6,ホーリーブライト,牝,4,53.0,▲石田,70.3,ハナ,5,10.1,37.5,10-10,美浦 竹内,454,0,
202503010208,2025-04-13,福島,8,4歳以上1勝クラス,ダ,1150,右,小雨,良,"1回 福島 2日目 サラ系４歳以上 １勝クラス       (混)[指] 定量 16頭 本賞金:800,320,200,120,80万円",16,800.0,11,3,5,ケイエイト,牡,5,55.0,▲柴田裕,70.3,クビ,9,21.8,36.9,14-14,栗東 羽月,476,4,
202503010208,2025-04-13,福島,8,4歳以上1勝クラス,ダ,1150,右,小雨,良,"1回 福島 2日目 サラ系４歳以上 １勝クラス       (混)[指] 定量 16頭 本賞金:800,320,200,120,80万円",16,800.0,12,7,14,カフジヴィオレッタ,牝,7,56.0,菱田,70.8,3,13,161.4,37.6,12-12,栗東 森田,496,6,
202503010208,2025-04-13,福島,8,4歳以上1勝クラス,ダ,1150,右,小雨,良,"1回 福島 2日目 サラ系４歳以上 １勝クラス       (混)[指] 定量 16頭 本賞金:800,320,200,120,80万円",16,800.0,13,1,2,ルミナスフラックス,セ,6,55.0,▲鷲頭,70.8,クビ,15,185.7,37.7,12-12,美浦 堀内,478,-6,
202503010208,2025-04-13,福島,8,4歳以上1勝クラス,ダ,1150,右,小雨,良,"1回 福島 2日目 サラ系４歳以上 １勝クラス       (混)[指] 定量 16頭 本賞金:800,320,200,120,80万円",16,800.0,14,5,9,ユニヴェールアン,牝,4,56.0,杉原,71.3,3,14,170.3,37.6,15-15,美浦 中川,480,-2,
202503010208,2025-04-13,福島,8,4歳以上1勝クラス,ダ,1150,右,小雨,良,"1回 福島 2日目 サラ系４歳以上 １勝クラス       (混)[指] 定量 16頭 本賞金:800,320,200,120,80万円",16,800.0,15,1,1,サイモンオリーブ,牝,5,56.0,三浦,71.8,3,8,16.1,39.5,4-7,栗東 梅田,466,-6,
202503010208,2025-04-13,福島,8,4歳以上1勝クラス,ダ,1150,右,小雨,良,"1回 福島 2日目 サラ系４歳以上 １勝クラス       (混)[指] 定量 16頭 本賞金:800,320,200,120,80万円",16,800.0,16,8,15,エコロブレス,牡,4,58.0,角田和,71.8,ハナ,12,75.9,39.8,1-1,栗東 笹田,474,-1,
202503010209,2025-04-13,福島,9,花見山特別,芝,1200,右,小雨,良,"1回 福島 2日目 サラ系４歳以上 ２勝クラス       (混)(特指) 定量 10頭 本賞金:1550,620,390,230,155万円",10,1550.0,1,1,1,エイムインライフ,牝,5,56.0,高杉,68.2,,2,4.1,35.6,2-2,栗東 角田,480,10,
202503010209,2025-04-13,福島,9,花見山特別,芝,1200,右,小雨,良,"1回 福島 2日目 サラ系４歳以上 ２勝クラス       (混)(特指) 定量 10頭 本賞金:1550,620,390,230,155万円",10,1550.0,2,3,3,ヴァンヴィーヴ,牡,4,58.0,佐々木,68.2,アタマ,4,5.5,34.5,7-5,栗東 牧浦,508,2,
202503010209,2025-04-13,福島,9,花見山特別,芝,1200,右,小雨,良,"1回 福島 2日目 サラ系４歳以上 ２勝クラス       (混)(特指) 定量 10頭 本賞金:1550,620,390,230,155万円",10,1550.0,3,5,5,ニジュウダンサー,牝,5,56.0,菊沢,68.3,1/2,6,10.6,34.9,5-5,美浦 尾関,470,4,
202503010209,2025-04-13,福島,9,花見山特別,芝,1200,右,小雨,良,"1回 福島 2日目 サラ系４歳以上 ２勝クラス       (混)(特指) 定量 10頭 本賞金:1550,620,390,230,155万円",10,1550.0,4,8,9,アイルドリアン,牝,4,56.0,亀田,68.4,1,5,7.3,35.8,1-1,栗東 井上,500,12,
202503010209,2025-04-13,福島,9,花見山特別,芝,1200,右,小雨,良,"1回 福島 2日目 サラ系４歳以上 ２勝クラス       (混)(特指) 定量 10頭 本賞金:1550,620,390,230,155万円",10,1550.0,5,4,4,ビッグドリーム,牡,4,58.0,丸山,68.5,クビ,3,4.8,35.6,3-3,栗東 西園正,532,10,
202503010209,2025-04-13,福島,9,花見山特別,芝,1200,右,小雨,良,"1回 福島 2日目 サラ系４歳以上 ２勝クラス       (混)(特指) 定量 10頭 本賞金:1550,620,390,230,155万円",10,1550.0,6,7,7,オバケノキンタ,牡,5,58.0,角田和,68.8,2,8,32.9,35.2,7-8,栗東 大根田,476,-6,
202503010209,2025-04-13,福島,9,花見山特別,芝,1200,右,小雨,良,"1回 福島 2日目 サラ系４歳以上 ２勝クラス       (混)(特指) 定量 10頭 本賞金:1550,620,390,230,155万円",10,1550.0,7,7,8,インプロバイザー,牡,6,58.0,丹内,69.0,1,1,3.7,36.0,3-4,栗東 東田,502,10,
202503010209,2025-04-13,福島,9,花見山特別,芝,1200,右,小雨,良,"1回 福島 2日目 サラ系４歳以上 ２勝クラス       (混)(特指) 定量 10頭 本賞金:1550,620,390,230,155万円",10,1550.0,8,2,2,タガノスペルノヴァ,牡,7,58.0,吉田隼,69.0,アタマ,9,47.7,35.3,7-8,栗東 中尾,422,-16,
202503010209,2025-04-13,福島,9,花見山特別,芝,1200,右,小雨,良,"1回 福島 2日目 サラ系４歳以上 ２勝クラス       (混)(特指) 定量 10頭 本賞金:1550,620,390,230,155万円",10,1550.0,9,6,6,ラッジオ,牝,5,56.0,三浦,69.0,クビ,7,15.5,34.9,10-10,美浦 大竹,484,4,
202503010209,2025-04-13,福島,9,花見山特別,芝,1200,右,小雨,良,"1回 福島 2日目 サラ系４歳以上 ２勝クラス       (混)(特指) 定量 10頭 本賞金:1550,620,390,230,155万円",10,1550.0,10,8,10,アラクレ,牝,6,56.0,斎藤,69.7,4,10,76.4,36.3,5-5,美浦 清水英,462,-4,
202503010210,2025-04-13,福島,10,やまびこS,ダ,1150,右,雨,良,"1回 福島 2日目 サラ系４歳以上 ３勝クラス       (混)(特指) 定量 16頭 本賞金:1840,740,460,280,184万円",16,1840.0,1,5,9,シークレットヴァウ,牡,4,58.0,武藤,68.7,,4,8.9,36.9,11-9,美浦 武藤,462,-4,
202503010210,2025-04-13,福島,10,やまびこS,ダ,1150,右,雨,良,"1回 福島 2日目 サラ系４歳以上 ３勝クラス       (混)(特指) 定量 16頭 本賞金:1840,740,460,280,184万円",16,1840.0,2,8,15,ミユキアイラブユー,セ,6,58.0,斎藤,68.8,1/2,3,7.6,37.3,9-9,美浦 小島,566,2,
202503010210,2025-04-13,福島,10,やまびこS,ダ,1150,右,雨,良,"1回 福島 2日目 サラ系４歳以上 ３勝クラス       (混)(特指) 定量 16頭 本賞金:1840,740,460,280,184万円",16,1840.0,3,6,12,カフジエニアゴン,牝,6,56.0,国分恭,68.8,アタマ,7,25.5,37.0,11-9,栗東 杉山佳,520,26,
202503010210,2025-04-13,福島,10,やまびこS,ダ,1150,右,雨,良,"1回 福島 2日目 サラ系４歳以上 ３勝クラス       (混)(特指) 定量 16頭 本賞金:1840,740,460,280,184万円",16,1840.0,4,2,3,フラップシグナス,牡,6,58.0,菊沢,68.8,クビ,10,41.6,36.3,16-16,栗東 千田,494,-10,
202503010210,2025-04-13,福島,10,やまびこS,ダ,1150,右,雨,良,"1回 福島 2日目 サラ系４歳以上 ３勝クラス       (混)(特指) 定量 16頭 本賞金:1840,740,460,280,184万円",16,1840.0,5,4,7,アメリカンマーチ,牡,4,58.0,丹内,68.8,アタマ,2,7.1,38.0,3-3,栗東 池江,490,-2,
202503010210,2025-04-13,福島,10,やまびこS,ダ,1150,右,雨,良,"1回 福島 2日目 サラ系４歳以上 ３勝クラス       (混)(特指) 定量 16頭 本賞金:1840,740,460,280,184万円",16,1840.0,6,3,5,クリダーム,牡,5,58.0,荻野極,69.0,1.1/4,13,86.5,36.8,15-15,美浦 上原佑,502,-2,
202503010210,2025-04-13,福島,10,やまびこS,ダ,1150,右,雨,良,"1回 福島 2日目 サラ系４歳以上 ３勝クラス       (混)(特指) 定量 16頭 本賞金:1840,740,460,280,184万円",16,1840.0,7,7,13,レアグリフォン,牡,4,58.0,秋山稔,69.1,クビ,14,96.1,37.5,10-7,美浦 稲垣,464,-8,
202503010210,2025-04-13,福島,10,やまびこS,ダ,1150,右,雨,良,"1回 福島 2日目 サラ系４歳以上 ３勝クラス       (混)(特指) 定量 16頭 本賞金:1840,740,460,280,184万円",16,1840.0,8,6,11,アシャカタカ,牡,5,58.0,小林美,69.3,1.1/4,12,61.8,38.0,6-7,美浦 鈴木伸,470,-10,
202503010210,2025-04-13,福島,10,やまびこS,ダ,1150,右,雨,良,"1回 福島 2日目 サラ系４歳以上 ３勝クラス       (混)(特指) 定量 16頭 本賞金:1840,740,460,280,184万円",16,1840.0,9,4,8,エコロアレス,牡,5,58.0,菱田,69.3,アタマ,5,15.9,37.2,14-13,栗東 森秀,484,0,
202503010210,2025-04-13,福島,10,やまびこS,ダ,1150,右,雨,良,"1回 福島 2日目 サラ系４歳以上 ３勝クラス       (混)(特指) 定量 16頭 本賞金:1840,740,460,280,184万円",16,1840.0,10,1,2,オーロベルディ,牝,6,56.0,小沢,69.6,1.1/2,15,151.3,38.3,6-4,栗東 緒方,486,-6,
202503010210,2025-04-13,福島,10,やまびこS,ダ,1150,右,雨,良,"1回 福島 2日目 サラ系４歳以上 ３勝クラス       (混)(特指) 定量 16頭 本賞金:1840,740,460,280,184万円",16,1840.0,11,5,10,メイショウイジゲン,牡,7,58.0,鮫島良,69.6,アタマ,16,182.2,37.7,13-13,栗東 牧浦,468,6,
202503010210,2025-04-13,福島,10,やまびこS,ダ,1150,右,雨,良,"1回 福島 2日目 サラ系４歳以上 ３勝クラス       (混)(特指) 定量 16頭 本賞金:1840,740,460,280,184万円",16,1840.0,12,2,4,シャカシャカシー,牡,4,58.0,高杉,69.7,1/2,1,1.7,38.7,4-5,栗東 茶木,520,-2,
202503010210,2025-04-13,福島,10,やまびこS,ダ,1150,右,雨,良,"1回 福島 2日目 サラ系４歳以上 ３勝クラス       (混)(特指) 定量 16頭 本賞金:1840,740,460,280,184万円",16,1840.0,13,1,1,メイショウカゼマチ,牡,5,58.0,佐々木,69.8,1/2,8,32.9,39.4,1-1,栗東 角田,454,-8,
202503010210,2025-04-13,福島,10,やまびこS,ダ,1150,右,雨,良,"1回 福島 2日目 サラ系４歳以上 ３勝クラス       (混)(特指) 定量 16頭 本賞金:1840,740,460,280,184万円",16,1840.0,14,8,16,スマートアイ,牝,5,56.0,田口,70.0,1,11,41.8,38.8,6-5,栗東 寺島,506,-2,
202503010210,2025-04-13,福島,10,やまびこS,ダ,1150,右,雨,良,"1回 福島 2日目 サラ系４歳以上 ３勝クラス       (混)(特指) 定量 16頭 本賞金:1840,740,460,280,184万円",16,1840.0,15,3,6,グランフォーブル,牡,5,58.0,丸山,71.0,6,6,19.6,40.6,2-2,美浦 土田,482,8,
202503010210,2025-04-13,福島,10,やまびこS,ダ,1150,右,雨,良,"1回 福島 2日目 サラ系４歳以上 ３勝クラス       (混)(特指) 定量 16頭 本賞金:1840,740,460,280,184万円",16,1840.0,16,7,14,ヨーカイディスコ,牝,4,56.0,三浦,71.9,5,9,40.1,40.8,5-9,美浦 斎藤誠,476,-8,
202503010211,2025-04-13,福島,11,福島民報杯,芝,2000,右,雨,良,"1回 福島 2日目 サラ系４歳以上 オープン       (国際)(特指) 別定 15頭 本賞金:2800,1100,700,420,280万円",15,2800.0,1,3,5,シリウスコルト,牡,4,57.0,古川吉,119.8,,3,6.7,35.7,4-5-4-2,美浦 田中勝,494,2,
202503010211,2025-04-13,福島,11,福島民報杯,芝,2000,右,雨,良,"1回 福島 2日目 サラ系４歳以上 オープン       (国際)(特指) 別定 15頭 本賞金:2800,1100,700,420,280万円",15,2800.0,2,8,14,バラジ,セ,6,57.0,高杉,119.9,1/2,8,13.6,35.0,7-8-8-8,美浦 鹿戸,504,-8,
202503010211,2025-04-13,福島,11,福島民報杯,芝,2000,右,雨,良,"1回 福島 2日目 サラ系４歳以上 オープン       (国際)(特指) 別定 15頭 本賞金:2800,1100,700,420,280万円",15,2800.0,3,5,8,ケイアイセナ,牡,6,57.0,秋山稔,119.9,クビ,6,10.4,36.5,1-1-1-1,栗東 平田,480,0,
202503010211,2025-04-13,福島,11,福島民報杯,芝,2000,右,雨,良,"1回 福島 2日目 サラ系４歳以上 オープン       (国際)(特指) 別定 15頭 本賞金:2800,1100,700,420,280万円",15,2800.0,4,7,13,マイネルケレリウス,牡,5,57.0,佐々木,120.0,クビ,5,9.2,34.3,15-15-15-13,美浦 奥村武,434,-2,
202503010211,2025-04-13,福島,11,福島民報杯,芝,2000,右,雨,良,"1回 福島 2日目 サラ系４歳以上 オープン       (国際)(特指) 別定 15頭 本賞金:2800,1100,700,420,280万円",15,2800.0,5,8,15,グランディア,セ,6,58.0,三浦,120.1,1/2,1,4.3,34.8,14-14-12-11,栗東 中内田,484,-2,
202503010211,2025-04-13,福島,11,福島民報杯,芝,2000,右,雨,良,"1回 福島 2日目 サラ系４歳以上 オープン       (国際)(特指) 別定 15頭 本賞金:2800,1100,700,420,280万円",15,2800.0,6,6,11,ケイアイサンデラ,牡,5,57.0,藤懸,120.1,アタマ,9,19.0,35.6,7-6-6-7,栗東 小林,444,-6,
202503010211,2025-04-13,福島,11,福島民報杯,芝,2000,右,雨,良,"1回 福島 2日目 サラ系４歳以上 オープン       (国際)(特指) 別定 15頭 本賞金:2800,1100,700,420,280万円",15,2800.0,7,2,2,ダンテスヴュー,牡,6,57.0,荻野極,120.2,1/2,14,64.4,36.1,4-4-4-2,栗東 友道,470,-20,
202503010211,2025-04-13,福島,11,福島民報杯,芝,2000,右,雨,良,"1回 福島 2日目 サラ系４歳以上 オープン       (国際)(特指) 別定 15頭 本賞金:2800,1100,700,420,280万円",15,2800.0,8,4,7,コレペティトール,セ,5,59.0,柴田裕,120.4,1.1/4,15,65.7,34.9,13-13-14-14,栗東 中竹,478,-10,
202503010211,2025-04-13,福島,11,福島民報杯,芝,2000,右,雨,良,"1回 福島 2日目 サラ系４歳以上 オープン       (国際)(特指) 別定 15頭 本賞金:2800,1100,700,420,280万円",15,2800.0,9,6,10,エリカヴィータ,牝,6,56.0,小沢,120.5,3/4,13,48.8,36.1,6-6-6-6,美浦 国枝,474,8,
202503010211,2025-04-13,福島,11,福島民報杯,芝,2000,右,雨,良,"1回 福島 2日目 サラ系４歳以上 オープン       (国際)(特指) 別定 15頭 本賞金:2800,1100,700,420,280万円",15,2800.0,10,5,9,ウインシュクラン,セ,7,57.0,丸山,120.5,ハナ,7,10.9,36.6,3-3-3-2,美浦 鹿戸,472,0,
202503010211,2025-04-13,福島,11,福島民報杯,芝,2000,右,雨,良,"1回 福島 2日目 サラ系４歳以上 オープン       (国際)(特指) 別定 15頭 本賞金:2800,1100,700,420,280万円",15,2800.0,11,7,12,グリューネグリーン,牡,5,57.0,横山琉,120.6,1,11,40.9,35.5,11-11-10-8,美浦 相沢,504,4,
202503010211,2025-04-13,福島,11,福島民報杯,芝,2000,右,雨,良,"1回 福島 2日目 サラ系４歳以上 オープン       (国際)(特指) 別定 15頭 本賞金:2800,1100,700,420,280万円",15,2800.0,12,2,3,アスクドゥポルテ,牡,5,57.0,斎藤,120.7,1/2,10,38.9,35.4,10-9-12-14,栗東 梅田,478,8,
202503010211,2025-04-13,福島,11,福島民報杯,芝,2000,右,雨,良,"1回 福島 2日目 サラ系４歳以上 オープン       (国際)(特指) 別定 15頭 本賞金:2800,1100,700,420,280万円",15,2800.0,13,3,4,コスモブッドレア,牡,4,57.0,丹内,120.9,1.1/2,2,4.7,36.0,9-9-8-8,美浦 小野,486,-8,
202503010211,2025-04-13,福島,11,福島民報杯,芝,2000,右,雨,良,"1回 福島 2日目 サラ系４歳以上 オープン       (国際)(特指) 別定 15頭 本賞金:2800,1100,700,420,280万円",15,2800.0,14,4,6,ショウナンマグマ,牡,6,58.0,吉田隼,121.1,1.1/4,12,41.5,35.9,11-11-10-11,美浦 尾関,512,-8,
202503010211,2025-04-13,福島,11,福島民報杯,芝,2000,右,雨,良,"1回 福島 2日目 サラ系４歳以上 オープン       (国際)(特指) 別定 15頭 本賞金:2800,1100,700,420,280万円",15,2800.0,15,1,1,ホウオウプロサンゲ,牡,4,57.0,菱田,121.5,2.1/2,4,8.3,37.8,2-2-2-2,栗東 矢作,500,10,
202503010212,2025-04-13,福島,12,4歳以上1勝クラス,ダ,1700,右,雨,良,"1回 福島 2日目 サラ系４歳以上 １勝クラス       [指] 定量 15頭 本賞金:800,320,200,120,80万円",15,800.0,1,4,6,タカサンフェイス,牡,5,58.0,丸山,107.6,,6,14.0,38.2,7-9-7-8,栗東 森田,470,-20,
202503010212,2025-04-13,福島,12,4歳以上1勝クラス,ダ,1700,右,雨,良,"1回 福島 2日目 サラ系４歳以上 １勝クラス       [指] 定量 15頭 本賞金:800,320,200,120,80万円",15,800.0,2,3,4,プラムダンディ,牡,4,58.0,吉田隼,107.8,1.1/4,4,12.0,37.9,15-15-11-8,美浦 尾形,448,-8,
202503010212,2025-04-13,福島,12,4歳以上1勝クラス,ダ,1700,右,雨,良,"1回 福島 2日目 サラ系４歳以上 １勝クラス       [指] 定量 15頭 本賞金:800,320,200,120,80万円",15,800.0,3,5,8,ブレットフライ,牡,6,57.0,☆横山琉,108.1,1.3/4,9,24.4,38.2,10-10-11-12,美浦 萱野,506,-4,
202503010212,2025-04-13,福島,12,4歳以上1勝クラス,ダ,1700,右,雨,良,"1回 福島 2日目 サラ系４歳以上 １勝クラス       [指] 定量 15頭 本賞金:800,320,200,120,80万円",15,800.0,4,2,2,ワンダーカモン,牡,4,58.0,川又,108.1,クビ,2,3.8,38.7,7-7-7-6,栗東 吉村,472,0,
202503010212,2025-04-13,福島,12,4歳以上1勝クラス,ダ,1700,右,雨,良,"1回 福島 2日目 サラ系４歳以上 １勝クラス       [指] 定量 15頭 本賞金:800,320,200,120,80万円",15,800.0,5,2,3,トモジャシャトー,牡,4,54.0,★小林美,108.6,3,10,38.5,38.4,13-14-14-14,美浦 小笠,480,0,
202503010212,2025-04-13,福島,12,4歳以上1勝クラス,ダ,1700,右,雨,良,"1回 福島 2日目 サラ系４歳以上 １勝クラス       [指] 定量 15頭 本賞金:800,320,200,120,80万円",15,800.0,6,6,10,ガラスノブルース,牡,4,58.0,丹内,108.6,クビ,1,3.3,39.0,6-6-10-11,美浦 田村,448,-6,
202503010212,2025-04-13,福島,12,4歳以上1勝クラス,ダ,1700,右,雨,良,"1回 福島 2日目 サラ系４歳以上 １勝クラス       [指] 定量 15頭 本賞金:800,320,200,120,80万円",15,800.0,7,8,14,ゴンドワナ,セ,5,58.0,荻野極,108.7,クビ,12,57.1,39.6,7-7-4-4,美浦 小島,480,-4,
202503010212,2025-04-13,福島,12,4歳以上1勝クラス,ダ,1700,右,雨,良,"1回 福島 2日目 サラ系４歳以上 １勝クラス       [指] 定量 15頭 本賞金:800,320,200,120,80万円",15,800.0,8,8,15,ライングッドマン,牡,4,58.0,武藤,108.7,ハナ,11,43.9,39.7,5-5-2-2,美浦 武藤,470,-7,
202503010212,2025-04-13,福島,12,4歳以上1勝クラス,ダ,1700,右,雨,良,"1回 福島 2日目 サラ系４歳以上 １勝クラス       [指] 定量 15頭 本賞金:800,320,200,120,80万円",15,800.0,9,4,7,オリエンタルキング,牡,6,58.0,秋山稔,108.9,1,5,12.4,39.6,3-4-6-4,栗東 羽月,504,-2,
202503010212,2025-04-13,福島,12,4歳以上1勝クラス,ダ,1700,右,雨,良,"1回 福島 2日目 サラ系４歳以上 １勝クラス       [指] 定量 15頭 本賞金:800,320,200,120,80万円",15,800.0,10,1,1,バンドネオン,セ,5,55.0,▲遠藤,109.3,2.1/2,15,186.0,39.1,13-13-14-14,美浦 手塚久,518,-8,
202503010212,2025-04-13,福島,12,4歳以上1勝クラス,ダ,1700,右,雨,良,"1回 福島 2日目 サラ系４歳以上 １勝クラス       [指] 定量 15頭 本賞金:800,320,200,120,80万円",15,800.0,11,3,5,ディーエスソフィア,牡,5,57.0,☆高杉,109.3,ハナ,8,23.0,39.9,2-2-7-8,栗東 岡田,474,16,
202503010212,2025-04-13,福島,12,4歳以上1勝クラス,ダ,1700,右,雨,良,"1回 福島 2日目 サラ系４歳以上 １勝クラス       [指] 定量 15頭 本賞金:800,320,200,120,80万円",15,800.0,12,7,12,スノークローバー,牡,4,55.0,▲水沼,109.6,1.3/4,14,158.9,39.8,11-11-11-12,美浦 加藤和,520,4,
202503010212,2025-04-13,福島,12,4歳以上1勝クラス,ダ,1700,右,雨,良,"1回 福島 2日目 サラ系４歳以上 １勝クラス       [指] 定量 15頭 本賞金:800,320,200,120,80万円",15,800.0,13,5,9,テイエムデンセツ,牡,4,58.0,田口,109.8,1,7,14.8,40.9,1-1-1-1,栗東 鈴木孝,476,-12,
202503010212,2025-04-13,福島,12,4歳以上1勝クラス,ダ,1700,右,雨,良,"1回 福島 2日目 サラ系４歳以上 １勝クラス       [指] 定量 15頭 本賞金:800,320,200,120,80万円",15,800.0,14,6,11,ソルアマゾン,牡,4,58.0,小沢,110.4,3.1/2,13,136.0,41.2,12-11-4-6,栗東 小栗,458,-6,
202503010212,2025-04-13,福島,12,4歳以上1勝クラス,ダ,1700,右,雨,良,"1回 福島 2日目 サラ系４歳以上 １勝クラス       [指] 定量 15頭 本賞金:800,320,200,120,80万円",15,800.0,15,7,13,ブリッツクリーク,牡,4,58.0,亀田,110.5,1/2,3,4.6,41.6,3-2-2-2,栗東 北出,522,6,
202506030601,2025-04-13,中山,1,3歳未勝利,ダ,1200,右,雨,良,"3回 中山 6日目 サラ系３歳 未勝利       牝[指] 馬齢 15頭 本賞金:560,220,140,84,56万円",15,560.0,1,4,6,ルチアーナ,牝,3,52.0,▲長浜,71.9,,1,1.6,37.3,2-2,美浦 小笠,448,-6,
202506030601,2025-04-13,中山,1,3歳未勝利,ダ,1200,右,雨,良,"3回 中山 6日目 サラ系３歳 未勝利       牝[指] 馬齢 15頭 本賞金:560,220,140,84,56万円",15,560.0,2,3,5,コオリナラグーン,牝,3,55.0,北村宏,72.4,3,2,7.9,37.7,2-3,美浦 古賀,426,4,
202506030601,2025-04-13,中山,1,3歳未勝利,ダ,1200,右,雨,良,"3回 中山 6日目 サラ系３歳 未勝利       牝[指] 馬齢 15頭 本賞金:560,220,140,84,56万円",15,560.0,3,2,2,エレパイオ,牝,3,55.0,原,72.4,アタマ,5,15.0,37.5,4-4,美浦 嘉藤,492,2,
202506030601,2025-04-13,中山,1,3歳未勝利,ダ,1200,右,雨,良,"3回 中山 6日目 サラ系３歳 未勝利       牝[指] 馬齢 15頭 本賞金:560,220,140,84,56万円",15,560.0,4,7,12,アルマリカシバ,牝,3,55.0,大野,72.7,2,6,16.0,37.5,7-7,美浦 中舘,454,4,
202506030601,2025-04-13,中山,1,3歳未勝利,ダ,1200,右,雨,良,"3回 中山 6日目 サラ系３歳 未勝利       牝[指] 馬齢 15頭 本賞金:560,220,140,84,56万円",15,560.0,5,3,4,ドリームアンコール,牝,3,55.0,木幡巧,73.1,2.1/2,3,8.2,38.6,1-1,美浦 田島,476,-6,
202506030601,2025-04-13,中山,1,3歳未勝利,ダ,1200,右,雨,良,"3回 中山 6日目 サラ系３歳 未勝利       牝[指] 馬齢 15頭 本賞金:560,220,140,84,56万円",15,560.0,6,1,1,トキメキジニア,牝,3,55.0,丸田,73.4,1.1/2,4,13.6,38.5,4-4,美浦 佐藤吉,472,10,
202506030601,2025-04-13,中山,1,3歳未勝利,ダ,1200,右,雨,良,"3回 中山 6日目 サラ系３歳 未勝利       牝[指] 馬齢 15頭 本賞金:560,220,140,84,56万円",15,560.0,7,8,15,ヒルビリーエレジー,牝,3,55.0,吉田豊,73.5,1/2,8,23.4,38.7,4-4,美浦 戸田,444,-2,
202506030601,2025-04-13,中山,1,3歳未勝利,ダ,1200,右,雨,良,"3回 中山 6日目 サラ系３歳 未勝利       牝[指] 馬齢 15頭 本賞金:560,220,140,84,56万円",15,560.0,8,6,11,ラウレア,牝,3,52.0,▲石神道,73.5,クビ,9,25.5,37.9,10-9,美浦 伊藤大,432,-2,
202506030601,2025-04-13,中山,1,3歳未勝利,ダ,1200,右,雨,良,"3回 中山 6日目 サラ系３歳 未勝利       牝[指] 馬齢 15頭 本賞金:560,220,140,84,56万円",15,560.0,9,5,8,ティアップマッハ,牝,3,55.0,岩部,73.6,1/2,7,17.3,38.4,7-9,美浦 奥平,452,-4,
202506030601,2025-04-13,中山,1,3歳未勝利,ダ,1200,右,雨,良,"3回 中山 6日目 サラ系３歳 未勝利       牝[指] 馬齢 15頭 本賞金:560,220,140,84,56万円",15,560.0,10,7,13,サンパギータチャン,牝,3,52.0,▲佐藤,74.2,3.1/2,11,135.0,38.4,11-11,美浦 杉浦,388,-2,
202506030601,2025-04-13,中山,1,3歳未勝利,ダ,1200,右,雨,良,"3回 中山 6日目 サラ系３歳 未勝利       牝[指] 馬齢 15頭 本賞金:560,220,140,84,56万円",15,560.0,11,4,7,カシノベティ,牝,3,52.0,▲土田,74.3,3/4,15,373.7,39.0,9-8,美浦 和田雄,448,-2,
202506030601,2025-04-13,中山,1,3歳未勝利,ダ,1200,右,雨,良,"3回 中山 6日目 サラ系３歳 未勝利       牝[指] 馬齢 15頭 本賞金:560,220,140,84,56万円",15,560.0,12,2,3,ニシノステディミキ,牝,3,52.0,▲今村,74.7,2.1/2,12,160.9,38.5,14-14,美浦 加藤和,460,-8,
202506030601,2025-04-13,中山,1,3歳未勝利,ダ,1200,右,雨,良,"3回 中山 6日目 サラ系３歳 未勝利       牝[指] 馬齢 15頭 本賞金:560,220,140,84,56万円",15,560.0,13,5,9,ゴールデンマーチ,牝,3,55.0,石川,75.3,3.1/2,13,198.5,38.4,15-15,美浦 新開,392,8,
202506030601,2025-04-13,中山,1,3歳未勝利,ダ,1200,右,雨,良,"3回 中山 6日目 サラ系３歳 未勝利       牝[指] 馬齢 15頭 本賞金:560,220,140,84,56万円",15,560.0,14,8,14,グレコ,牝,3,55.0,野中,75.4,1/2,14,289.7,39.6,11-11,美浦 加藤和,420,-6,
202506030601,2025-04-13,中山,1,3歳未勝利,ダ,1200,右,雨,良,"3回 中山 6日目 サラ系３歳 未勝利       牝[指] 馬齢 15頭 本賞金:560,220,140,84,56万円",15,560.0,15,6,10,ルルファーレ,牝,3,55.0,江田照,76.2,5,10,44.6,40.3,11-13,美浦 菊沢,442,2,
202506030602,2025-04-13,中山,2,3歳未勝利,ダ,1800,右,雨,良,"3回 中山 6日目 サラ系３歳 未勝利       [指] 馬齢 16頭 本賞金:560,220,140,84,56万円",16,560.0,1,1,1,スマートクオーレ,牡,3,57.0,木幡初,115.0,,10,72.9,38.6,8-8-9-6,美浦 粕谷,490,2,
202506030602,2025-04-13,中山,2,3歳未勝利,ダ,1800,右,雨,良,"3回 中山 6日目 サラ系３歳 未勝利       [指] 馬齢 16頭 本賞金:560,220,140,84,56万円",16,560.0,2,6,11,ネイチャーズロウ,牡,3,57.0,シュタ,115.1,1/2,1,3.0,39.1,5-5-4-4,美浦 大竹,488,0,
202506030602,2025-04-13,中山,2,3歳未勝利,ダ,1800,右,雨,良,"3回 中山 6日目 サラ系３歳 未勝利       [指] 馬齢 16頭 本賞金:560,220,140,84,56万円",16,560.0,3,4,8,ミセスリリー,牝,3,55.0,石川,115.3,1.1/4,6,16.5,40.0,2-2-2-2,美浦 上原佑,458,-2,
202506030602,2025-04-13,中山,2,3歳未勝利,ダ,1800,右,雨,良,"3回 中山 6日目 サラ系３歳 未勝利       [指] 馬齢 16頭 本賞金:560,220,140,84,56万円",16,560.0,4,3,6,デルマエアロール,牝,3,55.0,野中,115.3,アタマ,4,9.0,40.1,1-1-1-1,美浦 大和田,450,-8,
202506030602,2025-04-13,中山,2,3歳未勝利,ダ,1800,右,雨,良,"3回 中山 6日目 サラ系３歳 未勝利       [指] 馬齢 16頭 本賞金:560,220,140,84,56万円",16,560.0,5,5,10,ヒサエノオモカゲ,牝,3,52.0,▲長浜,115.6,1.3/4,3,4.3,39.8,3-3-3-3,美浦 千葉,482,-2,
202506030602,2025-04-13,中山,2,3歳未勝利,ダ,1800,右,雨,良,"3回 中山 6日目 サラ系３歳 未勝利       [指] 馬齢 16頭 本賞金:560,220,140,84,56万円",16,560.0,6,8,15,グラスビジョン,牡,3,57.0,木幡巧,115.7,1/2,7,36.3,39.4,7-7-8-6,美浦 佐藤吉,426,2,
202506030602,2025-04-13,中山,2,3歳未勝利,ダ,1800,右,雨,良,"3回 中山 6日目 サラ系３歳 未勝利       [指] 馬齢 16頭 本賞金:560,220,140,84,56万円",16,560.0,7,5,9,トレインザマインド,セ,3,57.0,内田博,115.7,ハナ,2,3.3,39.3,8-8-9-8,美浦 中舘,544,0,
202506030602,2025-04-13,中山,2,3歳未勝利,ダ,1800,右,雨,良,"3回 中山 6日目 サラ系３歳 未勝利       [指] 馬齢 16頭 本賞金:560,220,140,84,56万円",16,560.0,8,2,3,ルグランシャリオ,牡,3,57.0,丸田,116.0,1.1/2,5,10.0,39.9,5-5-5-4,美浦 石栗,514,-6,
202506030602,2025-04-13,中山,2,3歳未勝利,ダ,1800,右,雨,良,"3回 中山 6日目 サラ系３歳 未勝利       [指] 馬齢 16頭 本賞金:560,220,140,84,56万円",16,560.0,9,7,14,ステイアンビシャス,牡,3,57.0,松岡,116.4,2.1/2,9,44.1,39.5,15-16-13-11,美浦 堀内,488,6,
202506030602,2025-04-13,中山,2,3歳未勝利,ダ,1800,右,雨,良,"3回 中山 6日目 サラ系３歳 未勝利       [指] 馬齢 16頭 本賞金:560,220,140,84,56万円",16,560.0,10,8,16,ナックエルドラド,牡,3,57.0,吉田豊,116.6,1.1/4,11,162.4,39.9,12-11-11-10,美浦 小野,496,4,
202506030602,2025-04-13,中山,2,3歳未勝利,ダ,1800,右,雨,良,"3回 中山 6日目 サラ系３歳 未勝利       [指] 馬齢 16頭 本賞金:560,220,140,84,56万円",16,560.0,11,1,2,ブルンツヴィーク,牡,3,57.0,北村宏,117.1,3,8,38.7,40.0,15-15-14-14,美浦 柄崎,478,0,
202506030602,2025-04-13,中山,2,3歳未勝利,ダ,1800,右,雨,良,"3回 中山 6日目 サラ系３歳 未勝利       [指] 馬齢 16頭 本賞金:560,220,140,84,56万円",16,560.0,12,2,4,カイトヴィント,牡,3,57.0,柴田大,117.3,1.1/4,16,312.0,40.5,12-11-11-11,美浦 和田雄,484,4,
202506030602,2025-04-13,中山,2,3歳未勝利,ダ,1800,右,雨,良,"3回 中山 6日目 サラ系３歳 未勝利       [指] 馬齢 16頭 本賞金:560,220,140,84,56万円",16,560.0,13,7,13,アスコットロマン,牡,3,57.0,江田照,117.9,4,13,173.5,41.8,8-8-5-8,美浦 天間,480,4,
202506030602,2025-04-13,中山,2,3歳未勝利,ダ,1800,右,雨,良,"3回 中山 6日目 サラ系３歳 未勝利       [指] 馬齢 16頭 本賞金:560,220,140,84,56万円",16,560.0,14,6,12,キャプティバ,牡,3,57.0,小林脩,118.2,1.1/2,15,245.5,40.7,11-11-16-16,美浦 佐藤吉,494,-2,
202506030602,2025-04-13,中山,2,3歳未勝利,ダ,1800,右,雨,良,"3回 中山 6日目 サラ系３歳 未勝利       [指] 馬齢 16頭 本賞金:560,220,140,84,56万円",16,560.0,15,4,7,クレヨンポップ,牡,3,57.0,石橋脩,118.2,クビ,12,166.0,41.2,14-14-14-15,美浦 水野,484,2,
202506030602,2025-04-13,中山,2,3歳未勝利,ダ,1800,右,雨,良,"3回 中山 6日目 サラ系３歳 未勝利       [指] 馬齢 16頭 本賞金:560,220,140,84,56万円",16,560.0,16,3,5,エイチエヌハーモニ,牡,3,57.0,原田和,121.4,大,14,211.6,45.3,3-3-5-11,美浦 蛯名利,488,-6,
202506030603,2025-04-13,中山,3,3歳未勝利,ダ,1200,右,雨,良,"3回 中山 6日目 サラ系３歳 未勝利       (混)[指] 馬齢 16頭 本賞金:560,220,140,84,56万円",16,560.0,1,7,13,サンライズジュピタ,牡,3,57.0,小林脩,72.4,,3,8.7,37.6,5-3,栗東 石坂,494,-2,
202506030603,2025-04-13,中山,3,3歳未勝利,ダ,1200,右,雨,良,"3回 中山 6日目 サラ系３歳 未勝利       (混)[指] 馬齢 16頭 本賞金:560,220,140,84,56万円",16,560.0,2,5,9,コンパクトファイト,牡,3,54.0,▲石神道,72.8,2.1/2,7,22.5,37.2,12-11,美浦 天間,422,-2,
202506030603,2025-04-13,中山,3,3歳未勝利,ダ,1200,右,雨,良,"3回 中山 6日目 サラ系３歳 未勝利       (混)[指] 馬齢 16頭 本賞金:560,220,140,84,56万円",16,560.0,3,4,8,タッカーバリアント,牡,3,57.0,吉田豊,72.8,ハナ,1,1.7,38.1,5-3,美浦 田島,468,0,
202506030603,2025-04-13,中山,3,3歳未勝利,ダ,1200,右,雨,良,"3回 中山 6日目 サラ系３歳 未勝利       (混)[指] 馬齢 16頭 本賞金:560,220,140,84,56万円",16,560.0,4,7,14,ガトリンテソーロ,牡,3,57.0,木幡巧,73.2,2,12,268.9,38.1,7-7,美浦 菊川,458,-8,
202506030603,2025-04-13,中山,3,3歳未勝利,ダ,1200,右,雨,良,"3回 中山 6日目 サラ系３歳 未勝利       (混)[指] 馬齢 16頭 本賞金:560,220,140,84,56万円",16,560.0,5,4,7,イモルテル,セ,3,57.0,石橋脩,73.4,1.1/4,5,15.9,39.0,2-3,栗東 清水久,502,0,
202506030603,2025-04-13,中山,3,3歳未勝利,ダ,1200,右,雨,良,"3回 中山 6日目 サラ系３歳 未勝利       (混)[指] 馬齢 16頭 本賞金:560,220,140,84,56万円",16,560.0,6,1,2,ヤスケ,牡,3,57.0,野中,73.4,クビ,6,22.3,38.3,7-7,美浦 中舘,500,-2,
202506030603,2025-04-13,中山,3,3歳未勝利,ダ,1200,右,雨,良,"3回 中山 6日目 サラ系３歳 未勝利       (混)[指] 馬齢 16頭 本賞金:560,220,140,84,56万円",16,560.0,7,6,11,ガールネクストドア,牝,3,55.0,内田博,73.4,ハナ,11,209.7,38.0,9-9,美浦 南田,438,6,
202506030603,2025-04-13,中山,3,3歳未勝利,ダ,1200,右,雨,良,"3回 中山 6日目 サラ系３歳 未勝利       (混)[指] 馬齢 16頭 本賞金:560,220,140,84,56万円",16,560.0,8,1,1,モズレイラココナ,牝,3,55.0,松岡,73.6,3/4,4,9.0,39.5,1-1,栗東 杉山佳,456,0,
202506030603,2025-04-13,中山,3,3歳未勝利,ダ,1200,右,雨,良,"3回 中山 6日目 サラ系３歳 未勝利       (混)[指] 馬齢 16頭 本賞金:560,220,140,84,56万円",16,560.0,9,8,16,リュウジンオー,牡,3,57.0,横山和,73.6,アタマ,2,4.6,39.2,2-2,栗東 野中,456,2,
202506030603,2025-04-13,中山,3,3歳未勝利,ダ,1200,右,雨,良,"3回 中山 6日目 サラ系３歳 未勝利       (混)[指] 馬齢 16頭 本賞金:560,220,140,84,56万円",16,560.0,10,6,12,リラキトス,牡,3,57.0,原,73.9,1.3/4,9,31.5,38.5,9-9,美浦 高木,504,-4,
202506030603,2025-04-13,中山,3,3歳未勝利,ダ,1200,右,雨,良,"3回 中山 6日目 サラ系３歳 未勝利       (混)[指] 馬齢 16頭 本賞金:560,220,140,84,56万円",16,560.0,11,2,4,ビップモアナ,牝,3,55.0,小林凌,74.4,3,15,442.8,39.1,9-11,美浦 田島,476,-6,
202506030603,2025-04-13,中山,3,3歳未勝利,ダ,1200,右,雨,良,"3回 中山 6日目 サラ系３歳 未勝利       (混)[指] 馬齢 16頭 本賞金:560,220,140,84,56万円",16,560.0,12,5,10,ラストヨンマル,牡,3,54.0,▲長浜,74.8,2.1/2,14,309.6,37.4,15-15,美浦 伊藤伸,462,0,
202506030603,2025-04-13,中山,3,3歳未勝利,ダ,1200,右,雨,良,"3回 中山 6日目 サラ系３歳 未勝利       (混)[指] 馬齢 16頭 本賞金:560,220,140,84,56万円",16,560.0,13,3,5,テーオートムソン,牡,3,57.0,小坂,74.9,1/2,8,29.7,40.3,4-6,栗東 奥村豊,484,-6,
202506030603,2025-04-13,中山,3,3歳未勝利,ダ,1200,右,雨,良,"3回 中山 6日目 サラ系３歳 未勝利       (混)[指] 馬齢 16頭 本賞金:560,220,140,84,56万円",16,560.0,14,2,3,サクラジマ,セ,3,53.0,★谷原,75.0,3/4,13,291.5,39.4,12-13,美浦 高橋文,422,-2,
202506030603,2025-04-13,中山,3,3歳未勝利,ダ,1200,右,雨,良,"3回 中山 6日目 サラ系３歳 未勝利       (混)[指] 馬齢 16頭 本賞金:560,220,140,84,56万円",16,560.0,15,3,6,オーロプロサングエ,牡,3,57.0,北村宏,75.2,1.1/4,10,135.4,37.9,15-16,美浦 伊藤大,478,-4,
202506030603,2025-04-13,中山,3,3歳未勝利,ダ,1200,右,雨,良,"3回 中山 6日目 サラ系３歳 未勝利       (混)[指] 馬齢 16頭 本賞金:560,220,140,84,56万円",16,560.0,16,8,15,シャトーホークビル,牡,3,54.0,▲佐藤,75.3,3/4,16,546.4,39.2,14-14,美浦 加藤和,438,-10,
202506030604,2025-04-13,中山,4,4歳以上障害未勝利,障,2880,,雨,良,"3回 中山 6日目 障害４歳以上 未勝利       (混) 定量 13頭 本賞金:840,340,210,130,84万円",13,840.0,1,6,9,シホノスペランツァ,牡,6,60.0,高田,193.0,,1,3.4,13.4,5-5-3-1,栗東 寺島,478,-6,
202506030604,2025-04-13,中山,4,4歳以上障害未勝利,障,2880,,雨,良,"3回 中山 6日目 障害４歳以上 未勝利       (混) 定量 13頭 本賞金:840,340,210,130,84万円",13,840.0,2,2,2,ヒルズカーン,牡,5,60.0,草野,194.5,9,5,7.6,13.5,3-3-2-2,美浦 松永康,506,4,
202506030604,2025-04-13,中山,4,4歳以上障害未勝利,障,2880,,雨,良,"3回 中山 6日目 障害４歳以上 未勝利       (混) 定量 13頭 本賞金:840,340,210,130,84万円",13,840.0,3,6,8,コスモゴレアドール,牡,6,57.0,▲土田,195.2,4,6,15.8,13.6,9-7-5-4,美浦 土田,440,0,
202506030604,2025-04-13,中山,4,4歳以上障害未勝利,障,2880,,雨,良,"3回 中山 6日目 障害４歳以上 未勝利       (混) 定量 13頭 本賞金:840,340,210,130,84万円",13,840.0,4,3,3,スペクトログラム,牡,6,60.0,小牧加,195.5,1.3/4,3,5.6,13.6,6-6-5-6,栗東 池江,514,-2,
202506030604,2025-04-13,中山,4,4歳以上障害未勝利,障,2880,,雨,良,"3回 中山 6日目 障害４歳以上 未勝利       (混) 定量 13頭 本賞金:840,340,210,130,84万円",13,840.0,5,5,6,ノアフェイス,牡,4,57.0,▲坂口,195.6,1/2,2,3.9,13.6,1-1-1-3,美浦 武藤,516,0,
202506030604,2025-04-13,中山,4,4歳以上障害未勝利,障,2880,,雨,良,"3回 中山 6日目 障害４歳以上 未勝利       (混) 定量 13頭 本賞金:840,340,210,130,84万円",13,840.0,6,1,1,リオンエトワール,セ,5,60.0,大江圭,196.6,6,4,5.7,13.7,7-7-8-7,美浦 堀内,440,2,
202506030604,2025-04-13,中山,4,4歳以上障害未勝利,障,2880,,雨,良,"3回 中山 6日目 障害４歳以上 未勝利       (混) 定量 13頭 本賞金:840,340,210,130,84万円",13,840.0,7,8,13,マグナレガリア,牡,4,59.0,五十嵐,197.9,8,7,17.6,13.7,3-3-4-5,美浦 相沢,488,6,
202506030604,2025-04-13,中山,4,4歳以上障害未勝利,障,2880,,雨,良,"3回 中山 6日目 障害４歳以上 未勝利       (混) 定量 13頭 本賞金:840,340,210,130,84万円",13,840.0,8,4,5,コスモエスメラルダ,牝,4,57.0,小野寺,198.2,2,12,83.7,13.8,10-10-10-10,美浦 土田,514,0,
202506030604,2025-04-13,中山,4,4歳以上障害未勝利,障,2880,,雨,良,"3回 中山 6日目 障害４歳以上 未勝利       (混) 定量 13頭 本賞金:840,340,210,130,84万円",13,840.0,9,5,7,アナザーエース,牡,5,57.0,▲井上,198.6,2.1/2,9,46.2,13.8,8-9-9-9,栗東 宮,506,4,
202506030604,2025-04-13,中山,4,4歳以上障害未勝利,障,2880,,雨,良,"3回 中山 6日目 障害４歳以上 未勝利       (混) 定量 13頭 本賞金:840,340,210,130,84万円",13,840.0,10,7,11,カイザーブリッツ,セ,5,60.0,上野,201.0,大,8,34.0,14.0,2-2-5-8,美浦 伊藤圭,472,-8,
202506030604,2025-04-13,中山,4,4歳以上障害未勝利,障,2880,,雨,良,"3回 中山 6日目 障害４歳以上 未勝利       (混) 定量 13頭 本賞金:840,340,210,130,84万円",13,840.0,11,4,4,ワンダージュノ,セ,6,60.0,田村,204.3,大,13,106.9,14.2,12-12-12-11,栗東 森田,488,10,
202506030604,2025-04-13,中山,4,4歳以上障害未勝利,障,2880,,雨,良,"3回 中山 6日目 障害４歳以上 未勝利       (混) 定量 13頭 本賞金:840,340,210,130,84万円",13,840.0,12,7,10,スタボーンイメル,牡,5,60.0,難波,204.5,1.1/2,11,68.5,14.2,13-13-13-13,栗東 高橋忠,516,-4,
202506030604,2025-04-13,中山,4,4歳以上障害未勝利,障,2880,,雨,良,"3回 中山 6日目 障害４歳以上 未勝利       (混) 定量 13頭 本賞金:840,340,210,130,84万円",13,840.0,13,8,12,ジッピーレーサー,セ,8,60.0,伴,205.5,6,10,59.5,14.3,11-11-11-12,美浦 天間,484,10,
202506030605,2025-04-13,中山,5,3歳未勝利,芝,1600,右,雨,良,"3回 中山 6日目 サラ系３歳 未勝利       (混)[指] 馬齢 16頭 本賞金:560,220,140,84,56万円",16,560.0,1,4,7,ドルビナ,牡,3,57.0,大野,94.9,,1,2.4,35.8,2-2-2,美浦 杉浦,458,8,
202506030605,2025-04-13,中山,5,3歳未勝利,芝,1600,右,雨,良,"3回 中山 6日目 サラ系３歳 未勝利       (混)[指] 馬齢 16頭 本賞金:560,220,140,84,56万円",16,560.0,2,4,8,コンヴァージョン,牡,3,57.0,丸田,94.9,クビ,5,13.0,34.8,13-11-10,美浦 上原博,458,-2,
202506030605,2025-04-13,中山,5,3歳未勝利,芝,1600,右,雨,良,"3回 中山 6日目 サラ系３歳 未勝利       (混)[指] 馬齢 16頭 本賞金:560,220,140,84,56万円",16,560.0,3,3,5,リケアキャンディ,牝,3,55.0,松岡,95.0,クビ,8,37.9,35.2,5-9-9,美浦 蛯名利,430,-4,
202506030605,2025-04-13,中山,5,3歳未勝利,芝,1600,右,雨,良,"3回 中山 6日目 サラ系３歳 未勝利       (混)[指] 馬齢 16頭 本賞金:560,220,140,84,56万円",16,560.0,4,5,9,ショウナンタハティ,牡,3,57.0,シュタ,95.0,アタマ,2,5.3,35.5,5-5-5,美浦 大竹,502,0,
202506030605,2025-04-13,中山,5,3歳未勝利,芝,1600,右,雨,良,"3回 中山 6日目 サラ系３歳 未勝利       (混)[指] 馬齢 16頭 本賞金:560,220,140,84,56万円",16,560.0,5,1,1,ディフューズ,牝,3,55.0,木幡育,95.3,1.1/2,14,109.0,35.6,5-7-7,美浦 勢司,412,0,
202506030605,2025-04-13,中山,5,3歳未勝利,芝,1600,右,雨,良,"3回 中山 6日目 サラ系３歳 未勝利       (混)[指] 馬齢 16頭 本賞金:560,220,140,84,56万円",16,560.0,5,3,6,スペシャルバニー,牝,3,55.0,菅原明,95.3,1.1/2,4,6.1,35.8,2-5-5,美浦 田村,394,-2,
202506030605,2025-04-13,中山,5,3歳未勝利,芝,1600,右,雨,良,"3回 中山 6日目 サラ系３歳 未勝利       (混)[指] 馬齢 16頭 本賞金:560,220,140,84,56万円",16,560.0,7,5,10,シャンパングラス,牡,3,57.0,原,95.3,クビ,11,54.1,35.4,11-9-10,美浦 池上,440,0,
202506030605,2025-04-13,中山,5,3歳未勝利,芝,1600,右,雨,良,"3回 中山 6日目 サラ系３歳 未勝利       (混)[指] 馬齢 16頭 本賞金:560,220,140,84,56万円",16,560.0,8,2,3,ムーンレイデオ,牝,3,55.0,野中,95.4,クビ,12,86.1,35.2,11-13-12,美浦 小野,432,4,
202506030605,2025-04-13,中山,5,3歳未勝利,芝,1600,右,雨,良,"3回 中山 6日目 サラ系３歳 未勝利       (混)[指] 馬齢 16頭 本賞金:560,220,140,84,56万円",16,560.0,9,2,4,エマリオンレイ,牝,3,55.0,小林脩,95.5,1.1/4,9,45.5,36.3,1-2-3,美浦 青木,442,-14,
202506030605,2025-04-13,中山,5,3歳未勝利,芝,1600,右,雨,良,"3回 中山 6日目 サラ系３歳 未勝利       (混)[指] 馬齢 16頭 本賞金:560,220,140,84,56万円",16,560.0,10,6,12,フミマーズ,牝,3,52.0,▲石神道,95.8,1.3/4,16,281.8,35.5,14-14-13,美浦 古賀,422,-10,
202506030605,2025-04-13,中山,5,3歳未勝利,芝,1600,右,雨,良,"3回 中山 6日目 サラ系３歳 未勝利       (混)[指] 馬齢 16頭 本賞金:560,220,140,84,56万円",16,560.0,11,8,16,ニシノハナビ,牝,3,52.0,▲長浜,95.8,クビ,13,106.3,35.5,15-14-13,美浦 鈴木伸,398,0,
202506030605,2025-04-13,中山,5,3歳未勝利,芝,1600,右,雨,良,"3回 中山 6日目 サラ系３歳 未勝利       (混)[指] 馬齢 16頭 本賞金:560,220,140,84,56万円",16,560.0,12,6,11,プリンセスロロ,牝,3,55.0,吉田豊,95.9,1/2,3,5.5,36.3,5-7-7,美浦 戸田,420,0,
202506030605,2025-04-13,中山,5,3歳未勝利,芝,1600,右,雨,良,"3回 中山 6日目 サラ系３歳 未勝利       (混)[指] 馬齢 16頭 本賞金:560,220,140,84,56万円",16,560.0,13,7,13,エムティキング,牡,3,57.0,石橋脩,96.1,1,7,23.5,37.1,2-1-1,美浦 小野,432,2,
202506030605,2025-04-13,中山,5,3歳未勝利,芝,1600,右,雨,良,"3回 中山 6日目 サラ系３歳 未勝利       (混)[指] 馬齢 16頭 本賞金:560,220,140,84,56万円",16,560.0,14,8,15,チャンキーバングル,牝,3,55.0,北村宏,96.5,2.1/2,6,13.9,37.1,5-4-3,美浦 萩原,434,2,
202506030605,2025-04-13,中山,5,3歳未勝利,芝,1600,右,雨,良,"3回 中山 6日目 サラ系３歳 未勝利       (混)[指] 馬齢 16頭 本賞金:560,220,140,84,56万円",16,560.0,15,1,2,ホウオウパシュート,牡,3,57.0,横山和,97.7,7,10,46.6,36.3,16-16-16,美浦 蛯名正,454,0,
202506030605,2025-04-13,中山,5,3歳未勝利,芝,1600,右,雨,良,"3回 中山 6日目 サラ系３歳 未勝利       (混)[指] 馬齢 16頭 本賞金:560,220,140,84,56万円",16,560.0,16,7,14,レナーテテソーロ,牝,3,55.0,木幡巧,98.3,3.1/2,15,246.2,38.3,10-11-13,美浦 牧,356,-14,
202506030606,2025-04-13,中山,6,3歳未勝利,芝,2000,右,雨,良,"3回 中山 6日目 サラ系３歳 未勝利       牝[指] 馬齢 18頭 本賞金:560,220,140,84,56万円",18,560.0,1,4,8,シャドウメテオ,牝,3,55.0,菅原明,121.7,,4,8.4,34.3,7-5-7-6,美浦 金成,446,-10,
202506030606,2025-04-13,中山,6,3歳未勝利,芝,2000,右,雨,良,"3回 中山 6日目 サラ系３歳 未勝利       牝[指] 馬齢 18頭 本賞金:560,220,140,84,56万円",18,560.0,2,7,14,マカナ,牝,3,55.0,北村宏,121.8,3/4,1,2.4,34.3,8-8-8-6,美浦 伊藤大,454,4,
202506030606,2025-04-13,中山,6,3歳未勝利,芝,2000,右,雨,良,"3回 中山 6日目 サラ系３歳 未勝利       牝[指] 馬齢 18頭 本賞金:560,220,140,84,56万円",18,560.0,3,5,10,ネポティズムベビー,牝,3,55.0,内田博,122.2,2,3,5.3,34.1,13-14-14-10,美浦 嘉藤,496,8,
202506030606,2025-04-13,中山,6,3歳未勝利,芝,2000,右,雨,良,"3回 中山 6日目 サラ系３歳 未勝利       牝[指] 馬齢 18頭 本賞金:560,220,140,84,56万円",18,560.0,4,7,13,テルケンユミクイン,牝,3,55.0,吉田豊,122.2,アタマ,5,9.3,35.4,2-2-2-2,美浦 田島,510,-16,
202506030606,2025-04-13,中山,6,3歳未勝利,芝,2000,右,雨,良,"3回 中山 6日目 サラ系３歳 未勝利       牝[指] 馬齢 18頭 本賞金:560,220,140,84,56万円",18,560.0,5,3,6,フィエールガール,牝,3,55.0,木幡巧,122.2,クビ,8,46.6,34.4,13-11-10-9,美浦 土田,448,-8,
202506030606,2025-04-13,中山,6,3歳未勝利,芝,2000,右,雨,良,"3回 中山 6日目 サラ系３歳 未勝利       牝[指] 馬齢 18頭 本賞金:560,220,140,84,56万円",18,560.0,6,4,7,ビジュードネージュ,牝,3,55.0,横山和,122.3,3/4,2,4.3,35.2,3-3-3-3,栗東 高柳大,422,-4,
202506030606,2025-04-13,中山,6,3歳未勝利,芝,2000,右,雨,良,"3回 中山 6日目 サラ系３歳 未勝利       牝[指] 馬齢 18頭 本賞金:560,220,140,84,56万円",18,560.0,7,1,1,ヴィヴィッドムーン,牝,3,52.0,▲石神道,122.4,クビ,6,14.2,35.6,1-1-1-1,美浦 古賀,476,-16,
202506030606,2025-04-13,中山,6,3歳未勝利,芝,2000,右,雨,良,"3回 中山 6日目 サラ系３歳 未勝利       牝[指] 馬齢 18頭 本賞金:560,220,140,84,56万円",18,560.0,8,5,9,イドリス,牝,3,52.0,▲長浜,122.6,1.1/2,11,92.4,35.3,5-5-5-5,美浦 和田勇,414,-10,
202506030606,2025-04-13,中山,6,3歳未勝利,芝,2000,右,雨,良,"3回 中山 6日目 サラ系３歳 未勝利       牝[指] 馬齢 18頭 本賞金:560,220,140,84,56万円",18,560.0,9,6,11,エバーステイ,牝,3,55.0,大野,122.6,ハナ,13,130.3,34.3,17-17-15-13,美浦 久保田,414,0,
202506030606,2025-04-13,中山,6,3歳未勝利,芝,2000,右,雨,良,"3回 中山 6日目 サラ系３歳 未勝利       牝[指] 馬齢 18頭 本賞金:560,220,140,84,56万円",18,560.0,10,2,4,アオイウィンダム,牝,3,55.0,石橋脩,122.8,3/4,12,92.4,35.7,3-3-3-4,美浦 本間,474,2,
202506030606,2025-04-13,中山,6,3歳未勝利,芝,2000,右,雨,良,"3回 中山 6日目 サラ系３歳 未勝利       牝[指] 馬齢 18頭 本賞金:560,220,140,84,56万円",18,560.0,11,8,17,トラストモアリズム,牝,3,52.0,▲今村,122.9,1/2,15,173.7,34.4,16-16-17-14,美浦 高橋文,420,0,
202506030606,2025-04-13,中山,6,3歳未勝利,芝,2000,右,雨,良,"3回 中山 6日目 サラ系３歳 未勝利       牝[指] 馬齢 18頭 本賞金:560,220,140,84,56万円",18,560.0,12,8,16,ショウナンバージ,牝,3,55.0,原,123.7,5,14,149.7,36.4,5-5-5-6,美浦 稲垣,416,0,
202506030606,2025-04-13,中山,6,3歳未勝利,芝,2000,右,雨,良,"3回 中山 6日目 サラ系３歳 未勝利       牝[指] 馬齢 18頭 本賞金:560,220,140,84,56万円",18,560.0,13,1,2,ヴィルナタール,牝,3,55.0,石川,123.8,1/2,7,29.4,35.6,15-15-15-16,美浦 手塚久,442,0,
202506030606,2025-04-13,中山,6,3歳未勝利,芝,2000,右,雨,良,"3回 中山 6日目 サラ系３歳 未勝利       牝[指] 馬齢 18頭 本賞金:560,220,140,84,56万円",18,560.0,14,3,5,スパークルノヴァ,牝,3,55.0,江田照,124.2,2.1/2,16,210.6,36.4,11-11-10-12,美浦 蛯名正,406,4,
202506030606,2025-04-13,中山,6,3歳未勝利,芝,2000,右,雨,良,"3回 中山 6日目 サラ系３歳 未勝利       牝[指] 馬齢 18頭 本賞金:560,220,140,84,56万円",18,560.0,15,6,12,アズーラ,牝,3,55.0,小林脩,124.2,ハナ,18,317.5,36.6,8-8-8-10,美浦 佐藤吉,404,-10,
202506030606,2025-04-13,中山,6,3歳未勝利,芝,2000,右,雨,良,"3回 中山 6日目 サラ系３歳 未勝利       牝[指] 馬齢 18頭 本賞金:560,220,140,84,56万円",18,560.0,16,8,18,アイトカコイトカ,牝,3,55.0,菅原隆,124.5,2,17,285.6,36.6,11-11-10-14,美浦 小手川,450,4,
202506030606,2025-04-13,中山,6,3歳未勝利,芝,2000,右,雨,良,"3回 中山 6日目 サラ系３歳 未勝利       牝[指] 馬齢 18頭 本賞金:560,220,140,84,56万円",18,560.0,17,7,15,ミルキープリンセス,牝,3,55.0,シュタ,126.4,大,9,82.8,37.7,18-18-18-18,美浦 大竹,524,0,
202506030606,2025-04-13,中山,6,3歳未勝利,芝,2000,右,雨,良,"3回 中山 6日目 サラ系３歳 未勝利       牝[指] 馬齢 18頭 本賞金:560,220,140,84,56万円",18,560.0,18,2,3,ブリッジジェイアイ,牝,3,55.0,横山典,127.5,7,10,88.3,39.7,10-8-10-16,美浦 村田,394,2,
202506030607,2025-04-13,中山,7,3歳1勝クラス,ダ,1800,右,雨,良,"3回 中山 6日目 サラ系３歳 １勝クラス       (特指) 馬齢 10頭 本賞金:800,320,200,120,80万円",10,800.0,1,6,6,ニューファウンド,セ,3,57.0,石川,114.6,,3,5.6,37.3,2-2-2-2,美浦 相沢,510,-2,
202506030607,2025-04-13,中山,7,3歳1勝クラス,ダ,1800,右,雨,良,"3回 中山 6日目 サラ系３歳 １勝クラス       (特指) 馬齢 10頭 本賞金:800,320,200,120,80万円",10,800.0,2,7,7,コスモコンフェルマ,牡,3,54.0,▲長浜,114.7,クビ,7,22.4,37.3,2-3-3-1,美浦 鈴木慎,470,4,
202506030607,2025-04-13,中山,7,3歳1勝クラス,ダ,1800,右,雨,良,"3回 中山 6日目 サラ系３歳 １勝クラス       (特指) 馬齢 10頭 本賞金:800,320,200,120,80万円",10,800.0,3,8,10,フジレイメイ,牡,3,57.0,松岡,115.1,2.1/2,4,13.5,37.6,6-4-4-2,美浦 小笠,482,-2,
202506030607,2025-04-13,中山,7,3歳1勝クラス,ダ,1800,右,雨,良,"3回 中山 6日目 サラ系３歳 １勝クラス       (特指) 馬齢 10頭 本賞金:800,320,200,120,80万円",10,800.0,4,2,2,ロンパイア,牡,3,57.0,シュタ,115.2,3/4,8,23.8,37.7,4-4-4-5,美浦 尾関,474,0,
202506030607,2025-04-13,中山,7,3歳1勝クラス,ダ,1800,右,雨,良,"3回 中山 6日目 サラ系３歳 １勝クラス       (特指) 馬齢 10頭 本賞金:800,320,200,120,80万円",10,800.0,5,7,8,シャイニーシップ,牡,3,57.0,吉田豊,115.3,3/4,2,2.6,37.8,8-7-4-5,美浦 畠山,482,-4,
202506030607,2025-04-13,中山,7,3歳1勝クラス,ダ,1800,右,雨,良,"3回 中山 6日目 サラ系３歳 １勝クラス       (特指) 馬齢 10頭 本賞金:800,320,200,120,80万円",10,800.0,6,3,3,シマサンブラック,牡,3,57.0,菅原明,115.6,2,5,15.6,38.0,7-7-8-5,美浦 蛯名正,464,-18,
202506030607,2025-04-13,中山,7,3歳1勝クラス,ダ,1800,右,雨,良,"3回 中山 6日目 サラ系３歳 １勝クラス       (特指) 馬齢 10頭 本賞金:800,320,200,120,80万円",10,800.0,7,8,9,キョウエイタイコ,牝,3,55.0,原,116.0,2.1/2,6,17.7,38.2,8-9-9-9,美浦 勢司,470,4,
202506030607,2025-04-13,中山,7,3歳1勝クラス,ダ,1800,右,雨,良,"3回 中山 6日目 サラ系３歳 １勝クラス       (特指) 馬齢 10頭 本賞金:800,320,200,120,80万円",10,800.0,8,4,4,ランニングホット,牝,3,52.0,▲土田,116.7,4,10,184.0,38.9,8-9-9-9,美浦 田村,398,1,
202506030607,2025-04-13,中山,7,3歳1勝クラス,ダ,1800,右,雨,良,"3回 中山 6日目 サラ系３歳 １勝クラス       (特指) 馬齢 10頭 本賞金:800,320,200,120,80万円",10,800.0,9,1,1,チンプンカンプン,牡,3,57.0,柴田大,116.7,クビ,9,108.4,39.2,4-4-4-5,美浦 奥平,466,-2,
202506030607,2025-04-13,中山,7,3歳1勝クラス,ダ,1800,右,雨,良,"3回 中山 6日目 サラ系３歳 １勝クラス       (特指) 馬齢 10頭 本賞金:800,320,200,120,80万円",10,800.0,10,5,5,リバースザトレンド,牝,3,55.0,横山和,116.8,1/2,1,2.5,39.6,1-1-1-2,美浦 中舘,428,0,
202506030608,2025-04-13,中山,8,3歳1勝クラス,ダ,1200,右,雨,良,"3回 中山 6日目 サラ系３歳 １勝クラス       (混)[指] 馬齢 16頭 本賞金:800,320,200,120,80万円",16,800.0,1,6,11,ハードセルツァー,牡,3,57.0,大野,71.2,,1,2.8,37.2,2-2,美浦 堀,476,-4,
202506030608,2025-04-13,中山,8,3歳1勝クラス,ダ,1200,右,雨,良,"3回 中山 6日目 サラ系３歳 １勝クラス       (混)[指] 馬齢 16頭 本賞金:800,320,200,120,80万円",16,800.0,2,6,12,ワンダラー,牡,3,57.0,内田博,71.2,アタマ,6,18.7,36.9,5-5,美浦 黒岩,528,8,
202506030608,2025-04-13,中山,8,3歳1勝クラス,ダ,1200,右,雨,良,"3回 中山 6日目 サラ系３歳 １勝クラス       (混)[指] 馬齢 16頭 本賞金:800,320,200,120,80万円",16,800.0,3,8,16,ルシード,牡,3,57.0,野中,71.5,1.3/4,2,4.0,37.3,4-4,美浦 田島,512,6,
202506030608,2025-04-13,中山,8,3歳1勝クラス,ダ,1200,右,雨,良,"3回 中山 6日目 サラ系３歳 １勝クラス       (混)[指] 馬齢 16頭 本賞金:800,320,200,120,80万円",16,800.0,4,4,8,カウスリップ,牝,3,55.0,横山和,71.6,1/2,3,4.8,37.6,2-1,美浦 中舘,524,-14,
202506030608,2025-04-13,中山,8,3歳1勝クラス,ダ,1200,右,雨,良,"3回 中山 6日目 サラ系３歳 １勝クラス       (混)[指] 馬齢 16頭 本賞金:800,320,200,120,80万円",16,800.0,5,3,6,フェスタリア,牡,3,57.0,菅原明,72.0,2.1/2,4,11.9,36.8,12-12,美浦 矢野,448,6,
202506030608,2025-04-13,中山,8,3歳1勝クラス,ダ,1200,右,雨,良,"3回 中山 6日目 サラ系３歳 １勝クラス       (混)[指] 馬齢 16頭 本賞金:800,320,200,120,80万円",16,800.0,6,4,7,ジャスパーソレイユ,牡,3,57.0,江田照,72.0,ハナ,5,15.5,37.2,9-8,栗東 森秀,472,-2,
202506030608,2025-04-13,中山,8,3歳1勝クラス,ダ,1200,右,雨,良,"3回 中山 6日目 サラ系３歳 １勝クラス       (混)[指] 馬齢 16頭 本賞金:800,320,200,120,80万円",16,800.0,7,7,13,シルフズミスチーフ,牝,3,55.0,北村宏,72.1,アタマ,7,20.4,37.2,10-10,栗東 池江,442,-4,
202506030608,2025-04-13,中山,8,3歳1勝クラス,ダ,1200,右,雨,良,"3回 中山 6日目 サラ系３歳 １勝クラス       (混)[指] 馬齢 16頭 本賞金:800,320,200,120,80万円",16,800.0,8,8,15,ナリノエンブレム,牝,3,55.0,シュタ,72.4,2,10,32.8,38.4,1-2,美浦 加藤征,478,4,
202506030608,2025-04-13,中山,8,3歳1勝クラス,ダ,1200,右,雨,良,"3回 中山 6日目 サラ系３歳 １勝クラス       (混)[指] 馬齢 16頭 本賞金:800,320,200,120,80万円",16,800.0,9,3,5,ケイツーギルダー,牡,3,57.0,丸田,72.4,クビ,13,98.6,36.9,15-13,美浦 千葉,490,-6,
202506030608,2025-04-13,中山,8,3歳1勝クラス,ダ,1200,右,雨,良,"3回 中山 6日目 サラ系３歳 １勝クラス       (混)[指] 馬齢 16頭 本賞金:800,320,200,120,80万円",16,800.0,10,5,9,リクエイ,牝,3,55.0,木幡初,72.5,アタマ,11,35.3,38.1,5-6,美浦 竹内,418,-2,
202506030608,2025-04-13,中山,8,3歳1勝クラス,ダ,1200,右,雨,良,"3回 中山 6日目 サラ系３歳 １勝クラス       (混)[指] 馬齢 16頭 本賞金:800,320,200,120,80万円",16,800.0,11,5,10,オカメノコイ,牝,3,55.0,原,72.5,クビ,15,121.5,36.6,16-15,美浦 小笠,460,6,
202506030608,2025-04-13,中山,8,3歳1勝クラス,ダ,1200,右,雨,良,"3回 中山 6日目 サラ系３歳 １勝クラス       (混)[指] 馬齢 16頭 本賞金:800,320,200,120,80万円",16,800.0,12,7,14,ルイステソーロ,牡,3,57.0,柴田大,72.9,2.1/2,12,59.3,37.6,13-13,美浦 畠山,482,-6,
202506030608,2025-04-13,中山,8,3歳1勝クラス,ダ,1200,右,雨,良,"3回 中山 6日目 サラ系３歳 １勝クラス       (混)[指] 馬齢 16頭 本賞金:800,320,200,120,80万円",16,800.0,13,2,4,アドバンテスロード,牡,3,54.0,▲石神道,73.0,1/2,16,131.3,38.5,7-7,美浦 斎藤誠,460,2,
202506030608,2025-04-13,中山,8,3歳1勝クラス,ダ,1200,右,雨,良,"3回 中山 6日目 サラ系３歳 １勝クラス       (混)[指] 馬齢 16頭 本賞金:800,320,200,120,80万円",16,800.0,14,2,3,キープサインオン,牡,3,57.0,横山典,73.4,2,8,22.2,38.8,7-8,美浦 加藤征,480,4,
202506030608,2025-04-13,中山,8,3歳1勝クラス,ダ,1200,右,雨,良,"3回 中山 6日目 サラ系３歳 １勝クラス       (混)[指] 馬齢 16頭 本賞金:800,320,200,120,80万円",16,800.0,15,1,2,エベリンテソーロ,牝,3,55.0,木幡巧,73.6,1.1/4,14,104.9,38.7,10-10,美浦 加藤士,462,-6,
202506030608,2025-04-13,中山,8,3歳1勝クラス,ダ,1200,右,雨,良,"3回 中山 6日目 サラ系３歳 １勝クラス       (混)[指] 馬齢 16頭 本賞金:800,320,200,120,80万円",16,800.0,16,1,1,キアニーナ,牝,3,55.0,松岡,74.5,5,9,23.8,39.2,13-15,美浦 宮田,502,-6,
202506030609,2025-04-13,中山,9,印西特別,ダ,2400,右,雨,良,"3回 中山 6日目 サラ系４歳以上 ２勝クラス       (混)[指] 定量 11頭 本賞金:1550,620,390,230,155万円",11,1550.0,1,8,11,コスモジンバック,牡,4,58.0,石橋脩,154.5,,1,3.4,38.2,2-2-2-1,美浦 相沢,496,2,
202506030609,2025-04-13,中山,9,印西特別,ダ,2400,右,雨,良,"3回 中山 6日目 サラ系４歳以上 ２勝クラス       (混)[指] 定量 11頭 本賞金:1550,620,390,230,155万円",11,1550.0,2,7,8,ロードブレイズ,牡,4,58.0,横山和,155.0,3,5,8.2,38.5,6-6-3-3,美浦 稲垣,506,4,
202506030609,2025-04-13,中山,9,印西特別,ダ,2400,右,雨,良,"3回 中山 6日目 サラ系４歳以上 ２勝クラス       (混)[指] 定量 11頭 本賞金:1550,620,390,230,155万円",11,1550.0,3,7,9,シゲルカミカゼ,牡,5,58.0,大野,155.1,1/2,7,15.8,38.5,3-3-4-3,美浦 松山,524,-8,
202506030609,2025-04-13,中山,9,印西特別,ダ,2400,右,雨,良,"3回 中山 6日目 サラ系４歳以上 ２勝クラス       (混)[指] 定量 11頭 本賞金:1550,620,390,230,155万円",11,1550.0,4,2,2,トクシースタローン,牡,6,58.0,内田博,155.2,クビ,4,7.0,38.2,10-10-7-6,美浦 辻,514,14,
202506030609,2025-04-13,中山,9,印西特別,ダ,2400,右,雨,良,"3回 中山 6日目 サラ系４歳以上 ２勝クラス       (混)[指] 定量 11頭 本賞金:1550,620,390,230,155万円",11,1550.0,5,3,3,ソウルアンドジャズ,牡,4,58.0,木幡巧,155.2,クビ,3,6.8,38.6,8-8-4-5,美浦 武井,506,-2,
202506030609,2025-04-13,中山,9,印西特別,ダ,2400,右,雨,良,"3回 中山 6日目 サラ系４歳以上 ２勝クラス       (混)[指] 定量 11頭 本賞金:1550,620,390,230,155万円",11,1550.0,6,4,4,アンバードール,牡,4,58.0,石川,155.3,クビ,2,3.9,38.6,6-6-6-6,栗東 吉岡,510,-4,
202506030609,2025-04-13,中山,9,印西特別,ダ,2400,右,雨,良,"3回 中山 6日目 サラ系４歳以上 ２勝クラス       (混)[指] 定量 11頭 本賞金:1550,620,390,230,155万円",11,1550.0,7,8,10,タナサンブラック,牡,5,58.0,菅原明,155.4,3/4,6,8.9,37.6,11-11-11-11,美浦 伊坂,506,-2,
202506030609,2025-04-13,中山,9,印西特別,ダ,2400,右,雨,良,"3回 中山 6日目 サラ系４歳以上 ２勝クラス       (混)[指] 定量 11頭 本賞金:1550,620,390,230,155万円",11,1550.0,8,6,7,クールブロン,牡,5,58.0,北村宏,155.6,1,10,37.0,38.6,3-3-7-10,栗東 井上,536,0,
202506030609,2025-04-13,中山,9,印西特別,ダ,2400,右,雨,良,"3回 中山 6日目 サラ系４歳以上 ２勝クラス       (混)[指] 定量 11頭 本賞金:1550,620,390,230,155万円",11,1550.0,9,1,1,パーサヴィアランス,牡,6,58.0,丸田,156.8,7,9,31.6,39.8,8-9-7-6,栗東 西村,472,0,
202506030609,2025-04-13,中山,9,印西特別,ダ,2400,右,雨,良,"3回 中山 6日目 サラ系４歳以上 ２勝クラス       (混)[指] 定量 11頭 本賞金:1550,620,390,230,155万円",11,1550.0,10,6,6,アーマルコライト,牡,4,58.0,シュタ,157.3,3,8,16.4,41.0,1-1-1-2,栗東 寺島,530,-2,
202506030609,2025-04-13,中山,9,印西特別,ダ,2400,右,雨,良,"3回 中山 6日目 サラ系４歳以上 ２勝クラス       (混)[指] 定量 11頭 本賞金:1550,620,390,230,155万円",11,1550.0,11,5,5,ヴォーグマチネ,牡,7,58.0,松岡,157.6,1.1/2,11,164.0,40.6,5-5-7-9,美浦 堀内,500,0,
202506030610,2025-04-13,中山,10,鹿野山特別,芝,2000,右,雨,良,"3回 中山 6日目 サラ系４歳以上 ２勝クラス       (混)(特指) 定量 10頭 本賞金:1550,620,390,230,155万円",10,1550.0,1,3,3,ルカランフィースト,牡,4,58.0,菅原明,121.8,,1,3.5,34.3,6-5-6-6,美浦 鹿戸,478,0,
202506030610,2025-04-13,中山,10,鹿野山特別,芝,2000,右,雨,良,"3回 中山 6日目 サラ系４歳以上 ２勝クラス       (混)(特指) 定量 10頭 本賞金:1550,620,390,230,155万円",10,1550.0,2,5,5,トーアライデン,牡,5,58.0,横山和,121.8,ハナ,4,5.6,34.8,2-2-2-1,栗東 河嶋,500,-4,
202506030610,2025-04-13,中山,10,鹿野山特別,芝,2000,右,雨,良,"3回 中山 6日目 サラ系４歳以上 ２勝クラス       (混)(特指) 定量 10頭 本賞金:1550,620,390,230,155万円",10,1550.0,3,7,7,ヤマニンガラッシア,牡,8,58.0,大野,122.0,1.1/4,6,9.9,34.8,3-3-3-2,美浦 辻,458,-2,
202506030610,2025-04-13,中山,10,鹿野山特別,芝,2000,右,雨,良,"3回 中山 6日目 サラ系４歳以上 ２勝クラス       (混)(特指) 定量 10頭 本賞金:1550,620,390,230,155万円",10,1550.0,4,6,6,ピンキープロミス,牡,5,58.0,木幡巧,122.1,1/2,7,24.0,34.7,5-5-4-4,美浦 畠山,484,-8,
202506030610,2025-04-13,中山,10,鹿野山特別,芝,2000,右,雨,良,"3回 中山 6日目 サラ系４歳以上 ２勝クラス       (混)(特指) 定量 10頭 本賞金:1550,620,390,230,155万円",10,1550.0,5,8,9,プリズマジコ,牡,4,58.0,シュタ,122.3,1.1/4,2,4.2,34.6,8-8-7-8,栗東 高橋忠,444,2,
202506030610,2025-04-13,中山,10,鹿野山特別,芝,2000,右,雨,良,"3回 中山 6日目 サラ系４歳以上 ２勝クラス       (混)(特指) 定量 10頭 本賞金:1550,620,390,230,155万円",10,1550.0,6,2,2,ナイトスラッガー,牡,4,58.0,内田博,122.3,アタマ,5,6.3,35.0,3-3-4-4,栗東 小栗,512,-14,
202506030610,2025-04-13,中山,10,鹿野山特別,芝,2000,右,雨,良,"3回 中山 6日目 サラ系４歳以上 ２勝クラス       (混)(特指) 定量 10頭 本賞金:1550,620,390,230,155万円",10,1550.0,7,1,1,ロゼル,牡,5,58.0,野中,122.4,クビ,9,41.0,35.4,1-1-1-2,美浦 大和田,486,-6,
202506030610,2025-04-13,中山,10,鹿野山特別,芝,2000,右,雨,良,"3回 中山 6日目 サラ系４歳以上 ２勝クラス       (混)(特指) 定量 10頭 本賞金:1550,620,390,230,155万円",10,1550.0,8,7,8,バンフィエルド,牡,6,58.0,石橋脩,122.4,クビ,10,76.0,34.7,8-8-7-8,栗東 緒方,430,-2,
202506030610,2025-04-13,中山,10,鹿野山特別,芝,2000,右,雨,良,"3回 中山 6日目 サラ系４歳以上 ２勝クラス       (混)(特指) 定量 10頭 本賞金:1550,620,390,230,155万円",10,1550.0,9,8,10,ビターグラッセ,牝,5,56.0,石川,122.6,1,3,5.2,35.0,7-7-7-6,美浦 栗田,518,20,
202506030610,2025-04-13,中山,10,鹿野山特別,芝,2000,右,雨,良,"3回 中山 6日目 サラ系４歳以上 ２勝クラス       (混)(特指) 定量 10頭 本賞金:1550,620,390,230,155万円",10,1550.0,10,4,4,サクセスドレーク,牡,6,58.0,北村宏,122.8,1.1/2,8,41.0,35.1,10-10-7-8,栗東 野中,508,-2,
202506030611,2025-04-13,中山,11,春雷S,芝,1200,右,雨,稍,"3回 中山 6日目 サラ系４歳以上 オープン       (国際)(特指) ハンデ 14頭 本賞金:2700,1100,680,410,270万円",14,2700.0,1,5,8,ヨシノイースター,牡,7,57.5,内田博,68.0,,3,6.5,34.3,2-2,栗東 中尾,486,6,
202506030611,2025-04-13,中山,11,春雷S,芝,1200,右,雨,稍,"3回 中山 6日目 サラ系４歳以上 オープン       (国際)(特指) ハンデ 14頭 本賞金:2700,1100,680,410,270万円",14,2700.0,2,5,7,ロードフォアエース,牡,4,56.5,石川,68.2,1.1/2,1,2.8,34.6,2-2,栗東 友道,544,4,
202506030611,2025-04-13,中山,11,春雷S,芝,1200,右,雨,稍,"3回 中山 6日目 サラ系４歳以上 オープン       (国際)(特指) ハンデ 14頭 本賞金:2700,1100,680,410,270万円",14,2700.0,3,4,5,デュガ,セ,6,55.0,江田照,68.2,アタマ,12,94.2,34.1,8-8,栗東 森秀,492,-8,
202506030611,2025-04-13,中山,11,春雷S,芝,1200,右,雨,稍,"3回 中山 6日目 サラ系４歳以上 オープン       (国際)(特指) ハンデ 14頭 本賞金:2700,1100,680,410,270万円",14,2700.0,4,6,9,ティニア,牡,5,55.0,横山和,68.2,ハナ,6,11.0,34.3,4-4,栗東 池江,510,2,
202506030611,2025-04-13,中山,11,春雷S,芝,1200,右,雨,稍,"3回 中山 6日目 サラ系４歳以上 オープン       (国際)(特指) ハンデ 14頭 本賞金:2700,1100,680,410,270万円",14,2700.0,5,3,4,ショウナンハクラク,牡,6,56.0,シュタ,68.3,1/2,9,19.7,34.4,4-4,栗東 松下,478,2,
202506030611,2025-04-13,中山,11,春雷S,芝,1200,右,雨,稍,"3回 中山 6日目 サラ系４歳以上 オープン       (国際)(特指) ハンデ 14頭 本賞金:2700,1100,680,410,270万円",14,2700.0,6,2,2,ジョーメッドヴィン,牡,4,55.0,松岡,68.6,1.1/2,5,8.6,35.1,1-1,栗東 清水久,520,10,
202506030611,2025-04-13,中山,11,春雷S,芝,1200,右,雨,稍,"3回 中山 6日目 サラ系４歳以上 オープン       (国際)(特指) ハンデ 14頭 本賞金:2700,1100,680,410,270万円",14,2700.0,7,7,12,カリボール,牡,9,56.0,丸田,68.6,アタマ,14,221.8,34.0,11-11,栗東 西村,498,6,
202506030611,2025-04-13,中山,11,春雷S,芝,1200,右,雨,稍,"3回 中山 6日目 サラ系４歳以上 オープン       (国際)(特指) ハンデ 14頭 本賞金:2700,1100,680,410,270万円",14,2700.0,8,3,3,サウザンサニー,牡,5,55.0,大野,68.7,1/2,7,14.6,34.0,12-11,美浦 岩戸,520,0,
202506030611,2025-04-13,中山,11,春雷S,芝,1200,右,雨,稍,"3回 中山 6日目 サラ系４歳以上 オープン       (国際)(特指) ハンデ 14頭 本賞金:2700,1100,680,410,270万円",14,2700.0,9,7,11,ミルトクレイモー,牡,5,55.0,吉田豊,68.7,クビ,8,16.6,34.7,6-6,栗東 中村,520,6,
202506030611,2025-04-13,中山,11,春雷S,芝,1200,右,雨,稍,"3回 中山 6日目 サラ系４歳以上 オープン       (国際)(特指) ハンデ 14頭 本賞金:2700,1100,680,410,270万円",14,2700.0,10,4,6,メイクアスナッチ,牝,5,53.0,石神道,68.8,クビ,11,71.6,33.9,13-13,美浦 武市,446,-6,
202506030611,2025-04-13,中山,11,春雷S,芝,1200,右,雨,稍,"3回 中山 6日目 サラ系４歳以上 オープン       (国際)(特指) ハンデ 14頭 本賞金:2700,1100,680,410,270万円",14,2700.0,11,8,14,ディヴィナシオン,牡,8,55.0,柴田大,68.8,アタマ,10,64.4,34.5,9-8,栗東 森秀,480,0,
202506030611,2025-04-13,中山,11,春雷S,芝,1200,右,雨,稍,"3回 中山 6日目 サラ系４歳以上 オープン       (国際)(特指) ハンデ 14頭 本賞金:2700,1100,680,410,270万円",14,2700.0,12,6,10,ステークホルダー,牡,5,55.0,菅原明,68.8,ハナ,2,5.4,34.4,9-8,美浦 斎藤誠,464,-2,
202506030611,2025-04-13,中山,11,春雷S,芝,1200,右,雨,稍,"3回 中山 6日目 サラ系４歳以上 オープン       (国際)(特指) ハンデ 14頭 本賞金:2700,1100,680,410,270万円",14,2700.0,13,8,13,ミッキーハーモニー,牝,6,53.0,北村宏,69.2,2.1/2,4,7.9,34.2,13-13,美浦 萩原,466,-2,
202506030611,2025-04-13,中山,11,春雷S,芝,1200,右,雨,稍,"3回 中山 6日目 サラ系４歳以上 オープン       (国際)(特指) ハンデ 14頭 本賞金:2700,1100,680,410,270万円",14,2700.0,14,1,1,チェアリングソング,セ,8,54.0,原,69.3,1/2,13,136.2,35.3,6-6,美浦 青木,474,-2,
202506030612,2025-04-13,中山,12,4歳以上1勝クラス,ダ,1200,右,雨,稍,"3回 中山 6日目 サラ系４歳以上 １勝クラス       牝[指] 定量 16頭 本賞金:800,320,200,120,80万円",16,800.0,1,4,8,ソーニャシュニク,牝,4,53.0,▲今村,71.0,,2,3.2,36.9,2-1,美浦 武井,470,0,
202506030612,2025-04-13,中山,12,4歳以上1勝クラス,ダ,1200,右,雨,稍,"3回 中山 6日目 サラ系４歳以上 １勝クラス       牝[指] 定量 16頭 本賞金:800,320,200,120,80万円",16,800.0,2,6,12,グラスブランシュ,牝,4,56.0,大野,71.6,3.1/2,4,10.0,36.1,14-13,美浦 松山,464,-6,
202506030612,2025-04-13,中山,12,4歳以上1勝クラス,ダ,1200,右,雨,稍,"3回 中山 6日目 サラ系４歳以上 １勝クラス       牝[指] 定量 16頭 本賞金:800,320,200,120,80万円",16,800.0,3,1,1,カルネヴァーレ,牝,4,56.0,内田博,71.9,2,8,23.8,36.5,12-13,美浦 菊沢,524,0,
202506030612,2025-04-13,中山,12,4歳以上1勝クラス,ダ,1200,右,雨,稍,"3回 中山 6日目 サラ系４歳以上 １勝クラス       牝[指] 定量 16頭 本賞金:800,320,200,120,80万円",16,800.0,4,8,15,チェルシー,牝,4,53.0,▲長浜,72.0,クビ,1,2.3,37.1,9-10,美浦 中舘,442,-2,
202506030612,2025-04-13,中山,12,4歳以上1勝クラス,ダ,1200,右,雨,稍,"3回 中山 6日目 サラ系４歳以上 １勝クラス       牝[指] 定量 16頭 本賞金:800,320,200,120,80万円",16,800.0,5,5,9,フォンメイリー,牝,6,56.0,原,72.0,クビ,10,42.2,37.7,3-2,美浦 粕谷,490,6,
202506030612,2025-04-13,中山,12,4歳以上1勝クラス,ダ,1200,右,雨,稍,"3回 中山 6日目 サラ系４歳以上 １勝クラス       牝[指] 定量 16頭 本賞金:800,320,200,120,80万円",16,800.0,6,2,4,マーゴットレーヴ,牝,5,56.0,吉田豊,72.1,クビ,3,8.7,36.8,12-12,美浦 伊坂,476,4,
202506030612,2025-04-13,中山,12,4歳以上1勝クラス,ダ,1200,右,雨,稍,"3回 中山 6日目 サラ系４歳以上 １勝クラス       牝[指] 定量 16頭 本賞金:800,320,200,120,80万円",16,800.0,7,2,3,ペイシャニット,牝,4,56.0,江田照,72.2,1/2,11,102.4,37.4,6-6,美浦 伊藤伸,466,-2,
202506030612,2025-04-13,中山,12,4歳以上1勝クラス,ダ,1200,右,雨,稍,"3回 中山 6日目 サラ系４歳以上 １勝クラス       牝[指] 定量 16頭 本賞金:800,320,200,120,80万円",16,800.0,8,6,11,サンリコリス,牝,4,56.0,岩部,72.2,ハナ,5,13.7,37.8,4-4,美浦 萱野,446,2,
202506030612,2025-04-13,中山,12,4歳以上1勝クラス,ダ,1200,右,雨,稍,"3回 中山 6日目 サラ系４歳以上 １勝クラス       牝[指] 定量 16頭 本賞金:800,320,200,120,80万円",16,800.0,9,7,14,イリディセント,牝,4,56.0,北村宏,72.3,3/4,9,33.0,37.2,10-8,美浦 田中剛,464,-4,
202506030612,2025-04-13,中山,12,4歳以上1勝クラス,ダ,1200,右,雨,稍,"3回 中山 6日目 サラ系４歳以上 １勝クラス       牝[指] 定量 16頭 本賞金:800,320,200,120,80万円",16,800.0,10,3,5,ラヴァグロウ,牝,5,56.0,丸田,72.3,ハナ,6,14.8,36.7,14-13,美浦 畠山,450,-4,
202506030612,2025-04-13,中山,12,4歳以上1勝クラス,ダ,1200,右,雨,稍,"3回 中山 6日目 サラ系４歳以上 １勝クラス       牝[指] 定量 16頭 本賞金:800,320,200,120,80万円",16,800.0,11,8,16,モダンフリンジ,牝,5,52.0,★谷原,72.7,2.1/2,15,293.0,38.0,6-8,美浦 伊藤圭,472,4,
202506030612,2025-04-13,中山,12,4歳以上1勝クラス,ダ,1200,右,雨,稍,"3回 中山 6日目 サラ系４歳以上 １勝クラス       牝[指] 定量 16頭 本賞金:800,320,200,120,80万円",16,800.0,12,4,7,ヨドノルミナス,牝,4,53.0,▲佐藤,72.9,1.1/4,13,232.1,38.5,4-4,美浦 杉浦,466,-8,
202506030612,2025-04-13,中山,12,4歳以上1勝クラス,ダ,1200,右,雨,稍,"3回 中山 6日目 サラ系４歳以上 １勝クラス       牝[指] 定量 16頭 本賞金:800,320,200,120,80万円",16,800.0,13,7,13,ジェイエルトランス,牝,5,56.0,小林凌,73.0,1/2,14,256.5,38.3,6-6,美浦 小西,422,10,
202506030612,2025-04-13,中山,12,4歳以上1勝クラス,ダ,1200,右,雨,稍,"3回 中山 6日目 サラ系４歳以上 １勝クラス       牝[指] 定量 16頭 本賞金:800,320,200,120,80万円",16,800.0,14,1,2,ベリーベリーベリー,牝,5,56.0,菅原明,73.4,2.1/2,7,19.8,38.3,10-10,美浦 鈴木伸,456,6,
202506030612,2025-04-13,中山,12,4歳以上1勝クラス,ダ,1200,右,雨,稍,"3回 中山 6日目 サラ系４歳以上 １勝クラス       牝[指] 定量 16頭 本賞金:800,320,200,120,80万円",16,800.0,15,5,10,ブルーデイジー,牝,6,56.0,的場,73.7,2,16,394.7,37.9,16-16,美浦 的場,452,-2,
202506030612,2025-04-13,中山,12,4歳以上1勝クラス,ダ,1200,右,雨,稍,"3回 中山 6日目 サラ系４歳以上 １勝クラス       牝[指] 定量 16頭 本賞金:800,320,200,120,80万円",16,800.0,16,3,6,ゲッティン,牝,5,56.0,西村太,75.2,9,12,218.8,41.1,1-2,美浦 加藤征,506,28,
202509020601,2025-04-13,阪神,1,3歳未勝利,ダ,1400,右,曇,良,"2回 阪神 6日目 サラ系３歳 未勝利       牝[指] 馬齢 16頭 本賞金:560,220,140,84,56万円",16,560.0,1,7,13,ミヤジマナ,牝,3,55.0,浜中,84.8,,4,11.1,37.2,2-2,栗東 宮地,516,4,
202509020601,2025-04-13,阪神,1,3歳未勝利,ダ,1400,右,曇,良,"2回 阪神 6日目 サラ系３歳 未勝利       牝[指] 馬齢 16頭 本賞金:560,220,140,84,56万円",16,560.0,2,5,10,ステアハート,牝,3,55.0,坂井,85.8,6,3,4.3,38.0,3-3,栗東 新谷,476,2,
202509020601,2025-04-13,阪神,1,3歳未勝利,ダ,1400,右,曇,良,"2回 阪神 6日目 サラ系３歳 未勝利       牝[指] 馬齢 16頭 本賞金:560,220,140,84,56万円",16,560.0,3,3,5,ハイゼンスレイ,牝,3,55.0,川須,86.5,4,9,69.0,37.5,12-11,栗東 畑端,478,4,
202509020601,2025-04-13,阪神,1,3歳未勝利,ダ,1400,右,曇,良,"2回 阪神 6日目 サラ系３歳 未勝利       牝[指] 馬齢 16頭 本賞金:560,220,140,84,56万円",16,560.0,4,8,16,アイブリンク,牝,3,55.0,松若,86.5,クビ,6,17.9,38.4,6-4,栗東 大久保,462,-6,
202509020601,2025-04-13,阪神,1,3歳未勝利,ダ,1400,右,曇,良,"2回 阪神 6日目 サラ系３歳 未勝利       牝[指] 馬齢 16頭 本賞金:560,220,140,84,56万円",16,560.0,5,1,1,ルクスデイジー,牝,3,55.0,鮫島駿,86.6,1/2,1,2.3,38.3,8-7,栗東 高橋亮,458,0,
202509020601,2025-04-13,阪神,1,3歳未勝利,ダ,1400,右,曇,良,"2回 阪神 6日目 サラ系３歳 未勝利       牝[指] 馬齢 16頭 本賞金:560,220,140,84,56万円",16,560.0,6,4,8,メイショウドライブ,牝,3,55.0,幸,86.8,3/4,2,3.6,39.4,1-1,栗東 鈴木孝,434,0,
202509020601,2025-04-13,阪神,1,3歳未勝利,ダ,1400,右,曇,良,"2回 阪神 6日目 サラ系３歳 未勝利       牝[指] 馬齢 16頭 本賞金:560,220,140,84,56万円",16,560.0,7,2,4,パドメ,牝,3,55.0,団野,87.3,3.1/2,12,185.1,38.1,13-13,栗東 高橋康,484,2,
202509020601,2025-04-13,阪神,1,3歳未勝利,ダ,1400,右,曇,良,"2回 阪神 6日目 サラ系３歳 未勝利       牝[指] 馬齢 16頭 本賞金:560,220,140,84,56万円",16,560.0,8,6,11,プラウドメアリー,牝,3,54.0,☆吉村,87.4,1/2,8,41.1,39.1,6-8,栗東 杉山佳,414,-2,
202509020601,2025-04-13,阪神,1,3歳未勝利,ダ,1400,右,曇,良,"2回 阪神 6日目 サラ系３歳 未勝利       牝[指] 馬齢 16頭 本賞金:560,220,140,84,56万円",16,560.0,9,2,3,チムニーパイプ,牝,3,55.0,松山,87.5,クビ,5,14.1,39.4,5-4,栗東 岡田,416,-6,
202509020601,2025-04-13,阪神,1,3歳未勝利,ダ,1400,右,曇,良,"2回 阪神 6日目 サラ系３歳 未勝利       牝[指] 馬齢 16頭 本賞金:560,220,140,84,56万円",16,560.0,10,7,14,メレサンク,牝,3,55.0,北村友,87.5,クビ,7,41.0,38.6,11-11,栗東 田中克,466,0,
202509020601,2025-04-13,阪神,1,3歳未勝利,ダ,1400,右,曇,良,"2回 阪神 6日目 サラ系３歳 未勝利       牝[指] 馬齢 16頭 本賞金:560,220,140,84,56万円",16,560.0,11,4,7,フィヤール,牝,3,54.0,☆西塚,88.3,5,10,81.4,39.6,9-9,栗東 藤原,430,-8,
202509020601,2025-04-13,阪神,1,3歳未勝利,ダ,1400,右,曇,良,"2回 阪神 6日目 サラ系３歳 未勝利       牝[指] 馬齢 16頭 本賞金:560,220,140,84,56万円",16,560.0,12,5,9,エイユービューティ,牝,3,52.0,▲和田陽,88.6,2,16,344.7,38.9,15-15,栗東 藤野,470,-22,
202509020601,2025-04-13,阪神,1,3歳未勝利,ダ,1400,右,曇,良,"2回 阪神 6日目 サラ系３歳 未勝利       牝[指] 馬齢 16頭 本賞金:560,220,140,84,56万円",16,560.0,13,3,6,アサガクル,牝,3,55.0,和田竜,88.7,クビ,11,90.3,40.1,9-9,栗東 小崎,454,2,
202509020601,2025-04-13,阪神,1,3歳未勝利,ダ,1400,右,曇,良,"2回 阪神 6日目 サラ系３歳 未勝利       牝[指] 馬齢 16頭 本賞金:560,220,140,84,56万円",16,560.0,14,8,15,グラースオショコラ,牝,3,55.0,酒井,88.8,3/4,13,219.8,40.7,4-6,栗東 小林,464,4,
202509020601,2025-04-13,阪神,1,3歳未勝利,ダ,1400,右,曇,良,"2回 阪神 6日目 サラ系３歳 未勝利       牝[指] 馬齢 16頭 本賞金:560,220,140,84,56万円",16,560.0,15,6,12,ケンブリッジラブ,牝,3,55.0,太宰,89.8,6,14,272.0,40.4,13-13,栗東 本田,450,18,
202509020601,2025-04-13,阪神,1,3歳未勝利,ダ,1400,右,曇,良,"2回 阪神 6日目 サラ系３歳 未勝利       牝[指] 馬齢 16頭 本賞金:560,220,140,84,56万円",16,560.0,16,1,2,ミスクモカゼ,牝,3,55.0,水口,90.9,7,15,303.3,40.6,16-16,栗東 吉田,474,0,
202509020602,2025-04-13,阪神,2,3歳未勝利,ダ,1800,右,曇,良,"2回 阪神 6日目 サラ系３歳 未勝利       [指] 馬齢 15頭 本賞金:560,220,140,84,56万円",15,560.0,1,6,10,ディニテ,牡,3,57.0,小崎,114.9,,2,4.2,38.8,4-4-2-2,栗東 辻野,492,-6,
202509020602,2025-04-13,阪神,2,3歳未勝利,ダ,1800,右,曇,良,"2回 阪神 6日目 サラ系３歳 未勝利       [指] 馬齢 15頭 本賞金:560,220,140,84,56万円",15,560.0,2,6,11,エルクレスタワー,牡,3,57.0,岩田康,115.1,1.1/4,6,15.9,38.8,5-5-4-4,栗東 吉岡,476,0,
202509020602,2025-04-13,阪神,2,3歳未勝利,ダ,1800,右,曇,良,"2回 阪神 6日目 サラ系３歳 未勝利       [指] 馬齢 15頭 本賞金:560,220,140,84,56万円",15,560.0,3,7,13,ジーティーファラオ,牡,3,57.0,坂井,115.5,2,4,7.4,39.4,2-2-2-1,栗東 矢作,468,-4,
202509020602,2025-04-13,阪神,2,3歳未勝利,ダ,1800,右,曇,良,"2回 阪神 6日目 サラ系３歳 未勝利       [指] 馬齢 15頭 本賞金:560,220,140,84,56万円",15,560.0,4,3,4,ハイクオリティ,牡,3,57.0,松若,115.8,2,3,5.2,38.2,14-15-13-13,栗東 今野,480,0,
202509020602,2025-04-13,阪神,2,3歳未勝利,ダ,1800,右,曇,良,"2回 阪神 6日目 サラ系３歳 未勝利       [指] 馬齢 15頭 本賞金:560,220,140,84,56万円",15,560.0,5,1,1,チャチャピンク,牡,3,57.0,幸,116.0,1,1,2.8,39.5,6-8-7-5,栗東 北出,462,4,
202509020602,2025-04-13,阪神,2,3歳未勝利,ダ,1800,右,曇,良,"2回 阪神 6日目 サラ系３歳 未勝利       [指] 馬齢 15頭 本賞金:560,220,140,84,56万円",15,560.0,6,8,14,ミラクルボーン,牡,3,54.0,▲森田,116.9,5,13,146.5,39.3,13-12-15-15,栗東 石坂,538,-10,
202509020602,2025-04-13,阪神,2,3歳未勝利,ダ,1800,右,曇,良,"2回 阪神 6日目 サラ系３歳 未勝利       [指] 馬齢 15頭 本賞金:560,220,140,84,56万円",15,560.0,7,7,12,アゼム,牡,3,57.0,Ｍデム,118.1,7,8,30.5,40.8,12-12-11-11,栗東 坂口,442,4,
202509020602,2025-04-13,阪神,2,3歳未勝利,ダ,1800,右,曇,良,"2回 阪神 6日目 サラ系３歳 未勝利       [指] 馬齢 15頭 本賞金:560,220,140,84,56万円",15,560.0,8,4,6,グティ,セ,3,57.0,岩田望,118.1,クビ,7,16.1,41.4,6-5-6-8,栗東 友道,498,0,
202509020602,2025-04-13,阪神,2,3歳未勝利,ダ,1800,右,曇,良,"2回 阪神 6日目 サラ系３歳 未勝利       [指] 馬齢 15頭 本賞金:560,220,140,84,56万円",15,560.0,9,4,7,ペールノエル,牡,3,57.0,北村友,118.2,クビ,5,9.1,41.4,10-9-9-8,栗東 西村,452,-4,
202509020602,2025-04-13,阪神,2,3歳未勝利,ダ,1800,右,曇,良,"2回 阪神 6日目 サラ系３歳 未勝利       [指] 馬齢 15頭 本賞金:560,220,140,84,56万円",15,560.0,10,3,5,サウスオブロンドン,牡,3,57.0,泉谷,118.6,2.1/2,10,88.7,42.0,6-7-7-6,栗東 松永幹,468,0,
202509020602,2025-04-13,阪神,2,3歳未勝利,ダ,1800,右,曇,良,"2回 阪神 6日目 サラ系３歳 未勝利       [指] 馬齢 15頭 本賞金:560,220,140,84,56万円",15,560.0,11,2,2,リライトヒストリー,牡,3,54.0,▲田山,118.6,ハナ,15,209.8,41.3,9-11-11-13,栗東 安達,468,2,
202509020602,2025-04-13,阪神,2,3歳未勝利,ダ,1800,右,曇,良,"2回 阪神 6日目 サラ系３歳 未勝利       [指] 馬齢 15頭 本賞金:560,220,140,84,56万円",15,560.0,12,8,15,ダンツアトム,牡,3,57.0,団野,118.7,クビ,14,189.0,42.7,1-1-1-3,栗東 本田,510,0,
202509020602,2025-04-13,阪神,2,3歳未勝利,ダ,1800,右,曇,良,"2回 阪神 6日目 サラ系３歳 未勝利       [指] 馬齢 15頭 本賞金:560,220,140,84,56万円",15,560.0,13,2,3,ギフテッドブラック,牡,3,57.0,津村,118.7,ハナ,12,101.6,41.2,14-14-13-11,栗東 牧田,456,4,
202509020602,2025-04-13,阪神,2,3歳未勝利,ダ,1800,右,曇,良,"2回 阪神 6日目 サラ系３歳 未勝利       [指] 馬齢 15頭 本賞金:560,220,140,84,56万円",15,560.0,14,5,8,オラリオン,牡,3,57.0,和田竜,118.9,1.1/2,9,49.2,42.6,2-2-4-6,栗東 高橋一,474,-8,
202509020602,2025-04-13,阪神,2,3歳未勝利,ダ,1800,右,曇,良,"2回 阪神 6日目 サラ系３歳 未勝利       [指] 馬齢 15頭 本賞金:560,220,140,84,56万円",15,560.0,15,5,9,サラティーノ,牡,3,56.0,☆吉村,119.0,アタマ,11,94.1,42.1,10-9-9-10,栗東 石坂,500,-4,
202509020603,2025-04-13,阪神,3,3歳未勝利,ダ,1200,右,曇,良,"2回 阪神 6日目 サラ系３歳 未勝利       [指] 馬齢 16頭 本賞金:560,220,140,84,56万円",16,560.0,1,7,14,スレッドザニードル,牡,3,57.0,団野,74.0,,4,8.1,36.1,13-12,栗東 佐々木,482,2,
202509020603,2025-04-13,阪神,3,3歳未勝利,ダ,1200,右,曇,良,"2回 阪神 6日目 サラ系３歳 未勝利       [指] 馬齢 16頭 本賞金:560,220,140,84,56万円",16,560.0,2,6,11,キーガッツ,牡,3,57.0,長岡,74.1,3/4,14,141.0,36.9,7-6,栗東 杉山佳,474,0,
202509020603,2025-04-13,阪神,3,3歳未勝利,ダ,1200,右,曇,良,"2回 阪神 6日目 サラ系３歳 未勝利       [指] 馬齢 16頭 本賞金:560,220,140,84,56万円",16,560.0,3,7,13,マローソ,牝,3,55.0,鮫島克,74.3,1.1/2,5,9.5,37.6,2-2,栗東 牧田,486,-8,
202509020603,2025-04-13,阪神,3,3歳未勝利,ダ,1200,右,曇,良,"2回 阪神 6日目 サラ系３歳 未勝利       [指] 馬齢 16頭 本賞金:560,220,140,84,56万円",16,560.0,4,6,12,サファリ,牡,3,57.0,松山,74.3,アタマ,3,7.8,37.6,1-1,栗東 浜田,456,-6,
202509020603,2025-04-13,阪神,3,3歳未勝利,ダ,1200,右,曇,良,"2回 阪神 6日目 サラ系３歳 未勝利       [指] 馬齢 16頭 本賞金:560,220,140,84,56万円",16,560.0,5,8,16,ヴィオレンツァ,牡,3,57.0,モレイ,74.4,クビ,1,2.5,37.7,2-2,栗東 福永,444,0,
202509020603,2025-04-13,阪神,3,3歳未勝利,ダ,1200,右,曇,良,"2回 阪神 6日目 サラ系３歳 未勝利       [指] 馬齢 16頭 本賞金:560,220,140,84,56万円",16,560.0,6,1,1,モズアカトンボ,牝,3,55.0,岩田望,74.6,1,13,75.0,37.7,4-4,栗東 牧田,460,-10,
202509020603,2025-04-13,阪神,3,3歳未勝利,ダ,1200,右,曇,良,"2回 阪神 6日目 サラ系３歳 未勝利       [指] 馬齢 16頭 本賞金:560,220,140,84,56万円",16,560.0,7,2,4,テーオーテバルディ,牝,3,55.0,松若,74.7,1/2,7,37.8,37.0,11-10,栗東 藤野,446,-4,
202509020603,2025-04-13,阪神,3,3歳未勝利,ダ,1200,右,曇,良,"2回 阪神 6日目 サラ系３歳 未勝利       [指] 馬齢 16頭 本賞金:560,220,140,84,56万円",16,560.0,8,2,3,セガンティーニ,牝,3,55.0,Ｍデム,74.8,3/4,10,46.6,37.5,7-7,栗東 坂口,468,0,
202509020603,2025-04-13,阪神,3,3歳未勝利,ダ,1200,右,曇,良,"2回 阪神 6日目 サラ系３歳 未勝利       [指] 馬齢 16頭 本賞金:560,220,140,84,56万円",16,560.0,9,8,15,アニラ,牝,3,54.0,☆吉村,75.0,1.1/4,8,40.6,38.1,4-4,栗東 松下,452,10,
202509020603,2025-04-13,阪神,3,3歳未勝利,ダ,1200,右,曇,良,"2回 阪神 6日目 サラ系３歳 未勝利       [指] 馬齢 16頭 本賞金:560,220,140,84,56万円",16,560.0,10,4,8,ソイジャガー,牝,3,55.0,川須,75.2,1.1/4,11,70.9,38.0,7-7,栗東 中尾,452,-4,
202509020603,2025-04-13,阪神,3,3歳未勝利,ダ,1200,右,曇,良,"2回 阪神 6日目 サラ系３歳 未勝利       [指] 馬齢 16頭 本賞金:560,220,140,84,56万円",16,560.0,11,5,9,ワンダーブリング,牡,3,54.0,▲森田,75.4,1.1/2,9,46.3,37.2,13-14,栗東 石橋,534,-10,
202509020603,2025-04-13,阪神,3,3歳未勝利,ダ,1200,右,曇,良,"2回 阪神 6日目 サラ系３歳 未勝利       [指] 馬齢 16頭 本賞金:560,220,140,84,56万円",16,560.0,12,3,6,テイエムジェネラル,牡,3,57.0,幸,75.5,クビ,12,73.2,37.8,11-12,栗東 秋山,514,6,
202509020603,2025-04-13,阪神,3,3歳未勝利,ダ,1200,右,曇,良,"2回 阪神 6日目 サラ系３歳 未勝利       [指] 馬齢 16頭 本賞金:560,220,140,84,56万円",16,560.0,13,3,5,メイショウセオト,牝,3,54.0,☆西塚,75.5,クビ,6,12.8,38.3,6-7,栗東 笹田,470,4,
202509020603,2025-04-13,阪神,3,3歳未勝利,ダ,1200,右,曇,良,"2回 阪神 6日目 サラ系３歳 未勝利       [指] 馬齢 16頭 本賞金:560,220,140,84,56万円",16,560.0,14,4,7,エイミーショコラ,牝,3,55.0,小崎,75.7,3/4,15,253.4,38.2,10-10,栗東 小椋,458,0,
202509020603,2025-04-13,阪神,3,3歳未勝利,ダ,1200,右,曇,良,"2回 阪神 6日目 サラ系３歳 未勝利       [指] 馬齢 16頭 本賞金:560,220,140,84,56万円",16,560.0,15,5,10,シャインモノリス,牡,3,54.0,▲和田陽,76.1,2.1/2,16,315.8,37.7,15-14,栗東 本田,458,-4,
202509020603,2025-04-13,阪神,3,3歳未勝利,ダ,1200,右,曇,良,"2回 阪神 6日目 サラ系３歳 未勝利       [指] 馬齢 16頭 本賞金:560,220,140,84,56万円",16,560.0,16,1,2,エマダイヤモンド,牝,3,55.0,坂井,77.0,5,2,3.5,38.4,16-14,栗東 矢作,464,0,
202509020604,2025-04-13,阪神,4,3歳未勝利,芝,2000,右,小雨,良,"2回 阪神 6日目 サラ系３歳 未勝利       (混)[指] 馬齢 15頭 本賞金:560,220,140,84,56万円",15,560.0,1,8,15,メイショウビストロ,牡,3,57.0,松山,121.9,,4,7.3,34.6,10-10-9-7,栗東 岡田,438,-2,
202509020604,2025-04-13,阪神,4,3歳未勝利,芝,2000,右,小雨,良,"2回 阪神 6日目 サラ系３歳 未勝利       (混)[指] 馬齢 15頭 本賞金:560,220,140,84,56万円",15,560.0,2,8,14,メイショウキンタイ,牡,3,57.0,モレイ,121.9,ハナ,1,2.0,34.9,5-6-4-3,栗東 高橋亮,470,-4,
202509020604,2025-04-13,阪神,4,3歳未勝利,芝,2000,右,小雨,良,"2回 阪神 6日目 サラ系３歳 未勝利       (混)[指] 馬齢 15頭 本賞金:560,220,140,84,56万円",15,560.0,3,2,3,ダノンジョーカー,牡,3,57.0,川田,122.1,1.1/4,2,3.1,34.5,11-11-11-11,栗東 中内田,484,0,
202509020604,2025-04-13,阪神,4,3歳未勝利,芝,2000,右,小雨,良,"2回 阪神 6日目 サラ系３歳 未勝利       (混)[指] 馬齢 15頭 本賞金:560,220,140,84,56万円",15,560.0,4,4,7,ヴォイスオブゼウス,牡,3,57.0,坂井,122.3,1.1/4,3,6.1,35.1,7-7-8-7,栗東 矢作,460,0,
202509020604,2025-04-13,阪神,4,3歳未勝利,芝,2000,右,小雨,良,"2回 阪神 6日目 サラ系３歳 未勝利       (混)[指] 馬齢 15頭 本賞金:560,220,140,84,56万円",15,560.0,5,5,9,コスモナッシュビル,牡,3,57.0,津村,122.5,1.1/4,8,73.0,36.0,1-1-1-1,栗東 吉田,508,0,
202509020604,2025-04-13,阪神,4,3歳未勝利,芝,2000,右,小雨,良,"2回 阪神 6日目 サラ系３歳 未勝利       (混)[指] 馬齢 15頭 本賞金:560,220,140,84,56万円",15,560.0,6,7,13,オーラエグザート,牡,3,56.0,☆吉村,122.5,クビ,10,142.2,35.6,4-4-4-3,栗東 藤岡,442,0,
202509020604,2025-04-13,阪神,4,3歳未勝利,芝,2000,右,小雨,良,"2回 阪神 6日目 サラ系３歳 未勝利       (混)[指] 馬齢 15頭 本賞金:560,220,140,84,56万円",15,560.0,7,7,12,マイネルビスマルク,牡,3,57.0,松若,122.7,1,6,41.1,35.7,8-8-6-5,栗東 梅田,480,-4,
202509020604,2025-04-13,阪神,4,3歳未勝利,芝,2000,右,小雨,良,"2回 阪神 6日目 サラ系３歳 未勝利       (混)[指] 馬齢 15頭 本賞金:560,220,140,84,56万円",15,560.0,8,5,8,ドンファーラウェイ,牡,3,57.0,和田竜,122.7,クビ,13,357.1,35.3,8-8-9-10,栗東 庄野,444,-2,
202509020604,2025-04-13,阪神,4,3歳未勝利,芝,2000,右,小雨,良,"2回 阪神 6日目 サラ系３歳 未勝利       (混)[指] 馬齢 15頭 本賞金:560,220,140,84,56万円",15,560.0,9,3,5,ターミネーター,牡,3,57.0,浜中,123.1,2.1/2,5,20.3,35.2,12-12-13-13,栗東 笹田,444,-6,
202509020604,2025-04-13,阪神,4,3歳未勝利,芝,2000,右,小雨,良,"2回 阪神 6日目 サラ系３歳 未勝利       (混)[指] 馬齢 15頭 本賞金:560,220,140,84,56万円",15,560.0,10,1,1,ニホンピロマーベル,牡,3,57.0,川須,123.4,1.1/2,9,76.3,36.2,5-4-6-7,栗東 中尾,482,-4,
202509020604,2025-04-13,阪神,4,3歳未勝利,芝,2000,右,小雨,良,"2回 阪神 6日目 サラ系３歳 未勝利       (混)[指] 馬齢 15頭 本賞金:560,220,140,84,56万円",15,560.0,11,6,11,ワンハート,牝,3,52.0,▲和田陽,124.0,3.1/2,7,60.6,37.0,2-2-2-5,栗東 小崎,430,6,
202509020604,2025-04-13,阪神,4,3歳未勝利,芝,2000,右,小雨,良,"2回 阪神 6日目 サラ系３歳 未勝利       (混)[指] 馬齢 15頭 本賞金:560,220,140,84,56万円",15,560.0,12,4,6,カリビアンブルー,牡,3,57.0,水口,124.0,ハナ,11,143.3,37.5,2-2-2-2,栗東 池江,508,8,
202509020604,2025-04-13,阪神,4,3歳未勝利,芝,2000,右,小雨,良,"2回 阪神 6日目 サラ系３歳 未勝利       (混)[指] 馬齢 15頭 本賞金:560,220,140,84,56万円",15,560.0,13,2,2,ラブリヴ,牝,3,54.0,☆西塚,124.3,1.1/2,14,400.0,36.3,13-13-14-13,栗東 高橋一,422,0,
202509020604,2025-04-13,阪神,4,3歳未勝利,芝,2000,右,小雨,良,"2回 阪神 6日目 サラ系３歳 未勝利       (混)[指] 馬齢 15頭 本賞金:560,220,140,84,56万円",15,560.0,14,6,10,フラワームーン,牝,3,55.0,幸,124.3,アタマ,12,151.0,36.7,14-13-12-11,栗東 小林,456,0,
202509020604,2025-04-13,阪神,4,3歳未勝利,芝,2000,右,小雨,良,"2回 阪神 6日目 サラ系３歳 未勝利       (混)[指] 馬齢 15頭 本賞金:560,220,140,84,56万円",15,560.0,,3,4,スイッチビスケット,牡,3,57.0,鮫島駿,,,,,,,栗東 森田,462,-10,除外
202509020605,2025-04-13,阪神,5,3歳1勝クラス,ダ,1400,右,小雨,良,"2回 阪神 6日目 サラ系３歳 １勝クラス       (混)[指] 馬齢 16頭 本賞金:800,320,200,120,80万円",16,800.0,1,3,6,アローオブライト,牡,3,57.0,北村友,84.7,,4,9.4,36.8,15-14,栗東 渡辺,478,-6,
202509020605,2025-04-13,阪神,5,3歳1勝クラス,ダ,1400,右,小雨,良,"2回 阪神 6日目 サラ系３歳 １勝クラス       (混)[指] 馬齢 16頭 本賞金:800,320,200,120,80万円",16,800.0,2,2,4,メイショウハチロー,牡,3,57.0,武豊,84.9,1,7,14.0,37.3,12-10,栗東 福永,484,-12,
202509020605,2025-04-13,阪神,5,3歳1勝クラス,ダ,1400,右,小雨,良,"2回 阪神 6日目 サラ系３歳 １勝クラス       (混)[指] 馬齢 16頭 本賞金:800,320,200,120,80万円",16,800.0,3,7,13,ゴールデンカイト,牡,3,57.0,川田,84.9,クビ,3,5.1,38.2,3-2,栗東 中内田,466,-10,
202509020605,2025-04-13,阪神,5,3歳1勝クラス,ダ,1400,右,小雨,良,"2回 阪神 6日目 サラ系３歳 １勝クラス       (混)[指] 馬齢 16頭 本賞金:800,320,200,120,80万円",16,800.0,4,4,7,モズタチアガレ,牡,3,57.0,幸,85.1,1.1/4,5,12.9,37.8,10-6,栗東 中尾,482,2,
202509020605,2025-04-13,阪神,5,3歳1勝クラス,ダ,1400,右,小雨,良,"2回 阪神 6日目 サラ系３歳 １勝クラス       (混)[指] 馬齢 16頭 本賞金:800,320,200,120,80万円",16,800.0,5,3,5,ダイシンリンク,牡,3,57.0,田辺,85.4,2,13,58.0,37.8,12-10,栗東 森秀,454,-6,
202509020605,2025-04-13,阪神,5,3歳1勝クラス,ダ,1400,右,小雨,良,"2回 阪神 6日目 サラ系３歳 １勝クラス       (混)[指] 馬齢 16頭 本賞金:800,320,200,120,80万円",16,800.0,6,6,11,メイショウゴールド,牡,3,57.0,団野,85.7,1.1/2,15,72.4,38.5,9-9,栗東 荒川,440,0,
202509020605,2025-04-13,阪神,5,3歳1勝クラス,ダ,1400,右,小雨,良,"2回 阪神 6日目 サラ系３歳 １勝クラス       (混)[指] 馬齢 16頭 本賞金:800,320,200,120,80万円",16,800.0,7,1,2,ハリーケーン,牡,3,57.0,水口,85.9,1.1/2,9,24.3,38.1,14-14,栗東 大根田,506,-2,
202509020605,2025-04-13,阪神,5,3歳1勝クラス,ダ,1400,右,小雨,良,"2回 阪神 6日目 サラ系３歳 １勝クラス       (混)[指] 馬齢 16頭 本賞金:800,320,200,120,80万円",16,800.0,8,8,16,ラブミーナッソー,牝,3,55.0,藤岡佑,86.2,1.3/4,14,66.2,39.1,7-6,栗東 宮,452,-10,
202509020605,2025-04-13,阪神,5,3歳1勝クラス,ダ,1400,右,小雨,良,"2回 阪神 6日目 サラ系３歳 １勝クラス       (混)[指] 馬齢 16頭 本賞金:800,320,200,120,80万円",16,800.0,9,5,10,フィドルファドル,牝,3,54.0,☆西塚,86.2,ハナ,6,13.1,39.6,2-2,栗東 矢作,464,4,
202509020605,2025-04-13,阪神,5,3歳1勝クラス,ダ,1400,右,小雨,良,"2回 阪神 6日目 サラ系３歳 １勝クラス       (混)[指] 馬齢 16頭 本賞金:800,320,200,120,80万円",16,800.0,10,4,8,スニーカースキル,牝,3,54.0,☆吉村,86.4,1.1/4,12,49.8,39.5,6-5,栗東 杉山晴,500,-4,
202509020605,2025-04-13,阪神,5,3歳1勝クラス,ダ,1400,右,小雨,良,"2回 阪神 6日目 サラ系３歳 １勝クラス       (混)[指] 馬齢 16頭 本賞金:800,320,200,120,80万円",16,800.0,11,6,12,キョラムン,牝,3,52.0,▲森田,86.5,クビ,11,44.0,39.5,3-6,栗東 石橋,460,-2,
202509020605,2025-04-13,阪神,5,3歳1勝クラス,ダ,1400,右,小雨,良,"2回 阪神 6日目 サラ系３歳 １勝クラス       (混)[指] 馬齢 16頭 本賞金:800,320,200,120,80万円",16,800.0,12,1,1,ダノンフィーゴ,牡,3,57.0,岩田望,86.5,アタマ,2,4.3,39.1,10-10,栗東 友道,466,-4,
202509020605,2025-04-13,阪神,5,3歳1勝クラス,ダ,1400,右,小雨,良,"2回 阪神 6日目 サラ系３歳 １勝クラス       (混)[指] 馬齢 16頭 本賞金:800,320,200,120,80万円",16,800.0,13,2,3,ジェミート,牡,3,57.0,岩田康,86.6,3/4,10,35.9,38.5,16-16,栗東 四位,480,-6,
202509020605,2025-04-13,阪神,5,3歳1勝クラス,ダ,1400,右,小雨,良,"2回 阪神 6日目 サラ系３歳 １勝クラス       (混)[指] 馬齢 16頭 本賞金:800,320,200,120,80万円",16,800.0,14,8,15,レーティッシュ,牡,3,57.0,坂井,86.8,3/4,8,14.3,40.4,1-1,栗東 高橋一,508,4,
202509020605,2025-04-13,阪神,5,3歳1勝クラス,ダ,1400,右,小雨,良,"2回 阪神 6日目 サラ系３歳 １勝クラス       (混)[指] 馬齢 16頭 本賞金:800,320,200,120,80万円",16,800.0,15,7,14,レイザリオ,牡,3,57.0,和田竜,87.1,2,16,125.6,39.9,7-10,栗東 橋口,468,-4,
202509020605,2025-04-13,阪神,5,3歳1勝クラス,ダ,1400,右,小雨,良,"2回 阪神 6日目 サラ系３歳 １勝クラス       (混)[指] 馬齢 16頭 本賞金:800,320,200,120,80万円",16,800.0,16,5,9,ラフォン,牡,3,57.0,松山,87.3,1,1,3.8,40.6,3-4,栗東 松下,504,10,
202509020606,2025-04-13,阪神,6,4歳以上1勝クラス,ダ,1800,右,小雨,稍,"2回 阪神 6日目 サラ系４歳以上 １勝クラス       (混)[指] 定量 10頭 本賞金:800,320,200,120,80万円",10,800.0,1,2,2,バトンインディ,牡,4,58.0,幸,113.9,,6,13.3,37.8,1-1-1-1,栗東 安達,458,6,
202509020606,2025-04-13,阪神,6,4歳以上1勝クラス,ダ,1800,右,小雨,稍,"2回 阪神 6日目 サラ系４歳以上 １勝クラス       (混)[指] 定量 10頭 本賞金:800,320,200,120,80万円",10,800.0,2,5,5,テンエースワン,牡,4,58.0,坂井,114.4,3.1/2,3,5.7,38.0,3-3-4-2,栗東 大久保,474,-6,
202509020606,2025-04-13,阪神,6,4歳以上1勝クラス,ダ,1800,右,小雨,稍,"2回 阪神 6日目 サラ系４歳以上 １勝クラス       (混)[指] 定量 10頭 本賞金:800,320,200,120,80万円",10,800.0,3,1,1,ブルーワール,牡,4,58.0,松若,114.5,アタマ,4,10.8,37.5,10-10-9-6,栗東 高柳大,506,2,
202509020606,2025-04-13,阪神,6,4歳以上1勝クラス,ダ,1800,右,小雨,稍,"2回 阪神 6日目 サラ系４歳以上 １勝クラス       (混)[指] 定量 10頭 本賞金:800,320,200,120,80万円",10,800.0,4,8,10,ジュンラトゥール,牡,4,58.0,松山,114.8,1.3/4,2,4.3,38.2,5-5-4-5,栗東 浜田,464,-4,
202509020606,2025-04-13,阪神,6,4歳以上1勝クラス,ダ,1800,右,小雨,稍,"2回 阪神 6日目 サラ系４歳以上 １勝クラス       (混)[指] 定量 10頭 本賞金:800,320,200,120,80万円",10,800.0,5,3,3,メイショウオオコ,牡,4,58.0,団野,115.2,2.1/2,1,1.8,38.4,8-8-6-6,栗東 荒川,468,0,
202509020606,2025-04-13,阪神,6,4歳以上1勝クラス,ダ,1800,右,小雨,稍,"2回 阪神 6日目 サラ系４歳以上 １勝クラス       (混)[指] 定量 10頭 本賞金:800,320,200,120,80万円",10,800.0,6,7,8,ハギノカノア,牡,5,58.0,津村,115.2,クビ,7,25.3,38.2,9-9-9-9,栗東 秋山,478,-6,
202509020606,2025-04-13,阪神,6,4歳以上1勝クラス,ダ,1800,右,小雨,稍,"2回 阪神 6日目 サラ系４歳以上 １勝クラス       (混)[指] 定量 10頭 本賞金:800,320,200,120,80万円",10,800.0,7,8,9,ハッピーマインド,牡,4,58.0,和田竜,115.3,3/4,5,12.7,38.8,3-3-2-2,栗東 緒方,526,16,
202509020606,2025-04-13,阪神,6,4歳以上1勝クラス,ダ,1800,右,小雨,稍,"2回 阪神 6日目 サラ系４歳以上 １勝クラス       (混)[指] 定量 10頭 本賞金:800,320,200,120,80万円",10,800.0,8,4,4,ドンアポロン,牡,4,58.0,酒井,116.0,4,8,74.4,39.7,2-2-2-2,栗東 西園正,464,-4,
202509020606,2025-04-13,阪神,6,4歳以上1勝クラス,ダ,1800,右,小雨,稍,"2回 阪神 6日目 サラ系４歳以上 １勝クラス       (混)[指] 定量 10頭 本賞金:800,320,200,120,80万円",10,800.0,9,7,7,カレンマウラー,牡,4,58.0,岡田,116.2,1.1/4,10,241.0,39.4,6-5-6-9,栗東 安田,466,0,
202509020606,2025-04-13,阪神,6,4歳以上1勝クラス,ダ,1800,右,小雨,稍,"2回 阪神 6日目 サラ系４歳以上 １勝クラス       (混)[指] 定量 10頭 本賞金:800,320,200,120,80万円",10,800.0,10,6,6,テンカオーライ,牡,5,58.0,川須,116.4,1,9,117.3,39.7,6-5-6-6,栗東 松下,510,0,
202509020607,2025-04-13,阪神,7,4歳以上2勝クラス,芝,1600,右,雨,稍,"2回 阪神 6日目 サラ系４歳以上 ２勝クラス       [指] 定量 7頭 本賞金:1140,460,290,170,114万円",7,1140.0,1,3,3,チャンネルトンネル,牡,4,58.0,幸,94.0,,1,3.0,33.3,5-5,栗東 福永,468,-2,
202509020607,2025-04-13,阪神,7,4歳以上2勝クラス,芝,1600,右,雨,稍,"2回 阪神 6日目 サラ系４歳以上 ２勝クラス       [指] 定量 7頭 本賞金:1140,460,290,170,114万円",7,1140.0,2,4,4,ヨウシタンレイ,牝,5,56.0,Ｍデム,94.0,1/2,5,6.8,33.8,1-2,栗東 藤野,462,-4,
202509020607,2025-04-13,阪神,7,4歳以上2勝クラス,芝,1600,右,雨,稍,"2回 阪神 6日目 サラ系４歳以上 ２勝クラス       [指] 定量 7頭 本賞金:1140,460,290,170,114万円",7,1140.0,3,6,6,アルトゥーム,牡,4,58.0,藤岡佑,94.2,1.1/4,4,6.1,33.8,3-3,栗東 藤岡,434,4,
202509020607,2025-04-13,阪神,7,4歳以上2勝クラス,芝,1600,右,雨,稍,"2回 阪神 6日目 サラ系４歳以上 ２勝クラス       [指] 定量 7頭 本賞金:1140,460,290,170,114万円",7,1140.0,4,5,5,マテンロウブラボー,牡,4,58.0,岩田望,94.5,1.1/2,2,3.0,34.0,4-4,栗東 野中,504,-2,
202509020607,2025-04-13,阪神,7,4歳以上2勝クラス,芝,1600,右,雨,稍,"2回 阪神 6日目 サラ系４歳以上 ２勝クラス       [指] 定量 7頭 本賞金:1140,460,290,170,114万円",7,1140.0,5,1,1,メイショウカイト,牝,7,56.0,団野,94.8,2,3,4.4,34.8,2-1,栗東 荒川,472,4,
202509020607,2025-04-13,阪神,7,4歳以上2勝クラス,芝,1600,右,雨,稍,"2回 阪神 6日目 サラ系４歳以上 ２勝クラス       [指] 定量 7頭 本賞金:1140,460,290,170,114万円",7,1140.0,6,7,7,トゥーテイルズ,牝,5,56.0,小崎,95.2,2.1/2,6,32.8,34.2,6-6,栗東 藤原,466,-2,
202509020607,2025-04-13,阪神,7,4歳以上2勝クラス,芝,1600,右,雨,稍,"2回 阪神 6日目 サラ系４歳以上 ２勝クラス       [指] 定量 7頭 本賞金:1140,460,290,170,114万円",7,1140.0,7,2,2,ベルシャンブル,牝,5,56.0,北村友,97.8,大,7,36.8,36.8,7-6,栗東 小椋,478,0,
202509020608,2025-04-13,阪神,8,天神橋特別,ダ,1800,右,雨,稍,"2回 阪神 6日目 サラ系４歳以上 ２勝クラス       (混)[指] 定量 12頭 本賞金:1550,620,390,230,155万円",12,1550.0,1,8,12,ダブルジョーク,牡,5,58.0,長岡,112.6,,6,10.9,37.7,11-11-11-9,栗東 小林,578,18,
202509020608,2025-04-13,阪神,8,天神橋特別,ダ,1800,右,雨,稍,"2回 阪神 6日目 サラ系４歳以上 ２勝クラス       (混)[指] 定量 12頭 本賞金:1550,620,390,230,155万円",12,1550.0,2,6,7,シンリミテス,牡,6,58.0,太宰啓,113.1,3,9,105.6,38.0,12-12-12-11,栗東 大根田,504,6,
202509020608,2025-04-13,阪神,8,天神橋特別,ダ,1800,右,雨,稍,"2回 阪神 6日目 サラ系４歳以上 ２勝クラス       (混)[指] 定量 12頭 本賞金:1550,620,390,230,155万円",12,1550.0,3,8,11,カネトシゴウト,牡,4,58.0,幸,113.5,2.1/2,7,14.8,38.9,7-7-8-8,栗東 大橋,468,2,
202509020608,2025-04-13,阪神,8,天神橋特別,ダ,1800,右,雨,稍,"2回 阪神 6日目 サラ系４歳以上 ２勝クラス       (混)[指] 定量 12頭 本賞金:1550,620,390,230,155万円",12,1550.0,4,2,2,カゼノランナー,牡,4,58.0,モレイ,113.5,クビ,1,2.8,39.7,2-2-2-2,栗東 松永幹,526,10,
202509020608,2025-04-13,阪神,8,天神橋特別,ダ,1800,右,雨,稍,"2回 阪神 6日目 サラ系４歳以上 ２勝クラス       (混)[指] 定量 12頭 本賞金:1550,620,390,230,155万円",12,1550.0,5,3,3,ケイアイメキラ,セ,5,58.0,津村,113.5,ハナ,11,118.2,38.8,10-10-10-11,栗東 秋山,470,8,
202509020608,2025-04-13,阪神,8,天神橋特別,ダ,1800,右,雨,稍,"2回 阪神 6日目 サラ系４歳以上 ２勝クラス       (混)[指] 定量 12頭 本賞金:1550,620,390,230,155万円",12,1550.0,6,7,9,ヒデノレインボー,牡,6,58.0,戸崎圭,113.6,1/2,8,21.7,38.8,8-8-8-9,栗東 梅田,498,4,
202509020608,2025-04-13,阪神,8,天神橋特別,ダ,1800,右,雨,稍,"2回 阪神 6日目 サラ系４歳以上 ２勝クラス       (混)[指] 定量 12頭 本賞金:1550,620,390,230,155万円",12,1550.0,7,5,5,ポルポラジール,牡,4,58.0,藤岡佑,113.9,2,3,6.7,39.8,4-4-4-3,栗東 新谷,514,2,
202509020608,2025-04-13,阪神,8,天神橋特別,ダ,1800,右,雨,稍,"2回 阪神 6日目 サラ系４歳以上 ２勝クラス       (混)[指] 定量 12頭 本賞金:1550,620,390,230,155万円",12,1550.0,8,1,1,リジン,牡,6,58.0,武豊,114.2,1.1/2,4,7.5,40.2,2-3-3-3,栗東 加藤公,486,0,
202509020608,2025-04-13,阪神,8,天神橋特別,ダ,1800,右,雨,稍,"2回 阪神 6日目 サラ系４歳以上 ２勝クラス       (混)[指] 定量 12頭 本賞金:1550,620,390,230,155万円",12,1550.0,9,5,6,テイエムシニスター,牡,6,58.0,和田竜,114.4,1,12,131.0,39.9,8-8-6-5,栗東 小椋,500,-12,
202509020608,2025-04-13,阪神,8,天神橋特別,ダ,1800,右,雨,稍,"2回 阪神 6日目 サラ系４歳以上 ２勝クラス       (混)[指] 定量 12頭 本賞金:1550,620,390,230,155万円",12,1550.0,10,4,4,ワンダフルトゥデイ,牡,6,58.0,松若,114.5,1/2,10,110.6,40.2,6-5-4-5,栗東 中尾,540,2,
202509020608,2025-04-13,阪神,8,天神橋特別,ダ,1800,右,雨,稍,"2回 阪神 6日目 サラ系４歳以上 ２勝クラス       (混)[指] 定量 12頭 本賞金:1550,620,390,230,155万円",12,1550.0,11,7,10,ジーニアスバローズ,牡,5,58.0,松山,114.6,3/4,2,3.5,40.2,5-5-6-5,栗東 辻野,470,2,
202509020608,2025-04-13,阪神,8,天神橋特別,ダ,1800,右,雨,稍,"2回 阪神 6日目 サラ系４歳以上 ２勝クラス       (混)[指] 定量 12頭 本賞金:1550,620,390,230,155万円",12,1550.0,12,6,8,ラヴオントップ,牝,4,56.0,高倉,115.6,6,5,10.5,42.0,1-1-1-1,栗東 西村,488,0,
202509020609,2025-04-13,阪神,9,忘れな草賞,芝,2000,右,雨,稍,"2回 阪神 6日目 サラ系３歳 オープン       (国際) 牝(特指) 別定 8頭 本賞金:2000,800,500,300,200万円",8,2000.0,1,5,5,サヴォンリンナ,牝,3,55.0,北村友,123.5,,3,5.8,35.6,2-2-2-2,栗東 田中克,444,6,
202509020609,2025-04-13,阪神,9,忘れな草賞,芝,2000,右,雨,稍,"2回 阪神 6日目 サラ系３歳 オープン       (国際) 牝(特指) 別定 8頭 本賞金:2000,800,500,300,200万円",8,2000.0,2,4,4,サタデーサンライズ,牝,3,55.0,幸,123.7,1.1/4,5,15.9,35.7,3-3-3-4,栗東 石坂,440,6,
202509020609,2025-04-13,阪神,9,忘れな草賞,芝,2000,右,雨,稍,"2回 阪神 6日目 サラ系３歳 オープン       (国際) 牝(特指) 別定 8頭 本賞金:2000,800,500,300,200万円",8,2000.0,3,8,8,ノクターン,牝,3,55.0,モレイ,123.8,1/2,1,2.1,35.6,7-6-6-4,美浦 木村,482,8,
202509020609,2025-04-13,阪神,9,忘れな草賞,芝,2000,右,雨,稍,"2回 阪神 6日目 サラ系３歳 オープン       (国際) 牝(特指) 別定 8頭 本賞金:2000,800,500,300,200万円",8,2000.0,4,1,1,ダノンフェアレディ,牝,3,55.0,坂井,123.9,1/2,2,2.6,35.5,7-8-8-8,栗東 橋口,452,2,
202509020609,2025-04-13,阪神,9,忘れな草賞,芝,2000,右,雨,稍,"2回 阪神 6日目 サラ系３歳 オープン       (国際) 牝(特指) 別定 8頭 本賞金:2000,800,500,300,200万円",8,2000.0,5,3,3,ロヴィーサ,牝,3,55.0,松山,124.1,1.1/2,6,19.4,36.3,1-1-1-1,栗東 大根田,432,-6,
202509020609,2025-04-13,阪神,9,忘れな草賞,芝,2000,右,雨,稍,"2回 阪神 6日目 サラ系３歳 オープン       (国際) 牝(特指) 別定 8頭 本賞金:2000,800,500,300,200万円",8,2000.0,6,2,2,メイショウピリカ,牝,3,55.0,武豊,124.2,1/2,7,32.7,35.9,6-6-6-7,栗東 本田,478,2,
202509020609,2025-04-13,阪神,9,忘れな草賞,芝,2000,右,雨,稍,"2回 阪神 6日目 サラ系３歳 オープン       (国際) 牝(特指) 別定 8頭 本賞金:2000,800,500,300,200万円",8,2000.0,7,6,6,マジカルフェアリー,牝,3,55.0,和田竜,124.8,4,8,74.5,36.9,3-3-3-2,栗東 寺島,442,0,
202509020609,2025-04-13,阪神,9,忘れな草賞,芝,2000,右,雨,稍,"2回 阪神 6日目 サラ系３歳 オープン       (国際) 牝(特指) 別定 8頭 本賞金:2000,800,500,300,200万円",8,2000.0,8,7,7,プリンセッサ,牝,3,55.0,津村明,125.2,2.1/2,4,12.5,37.1,5-5-5-4,栗東 牧田,502,2,
202509020610,2025-04-13,阪神,10,大阪―ハンブルクC,芝,2600,右,雨,稍,"2回 阪神 6日目 サラ系４歳以上 オープン       (国際)(特指) ハンデ 11頭 本賞金:2400,960,600,360,240万円",11,2400.0,1,1,1,アドマイヤテラ,牡,4,56.0,武豊,159.8,,1,2.4,34.9,3-3-4-3,栗東 友道,494,12,
202509020610,2025-04-13,阪神,10,大阪―ハンブルクC,芝,2600,右,雨,稍,"2回 阪神 6日目 サラ系４歳以上 オープン       (国際)(特指) ハンデ 11頭 本賞金:2400,960,600,360,240万円",11,2400.0,2,5,5,ニシノレヴナント,セ,5,55.0,池添,159.9,1/2,4,9.0,34.9,4-4-5-3,美浦 上原博,488,-12,
202509020610,2025-04-13,阪神,10,大阪―ハンブルクC,芝,2600,右,雨,稍,"2回 阪神 6日目 サラ系４歳以上 オープン       (国際)(特指) ハンデ 11頭 本賞金:2400,960,600,360,240万円",11,2400.0,3,4,4,ブレイヴロッカー,牡,5,55.0,太宰,160.0,1/2,8,38.5,34.8,6-6-7-5,栗東 本田,464,2,
202509020610,2025-04-13,阪神,10,大阪―ハンブルクC,芝,2600,右,雨,稍,"2回 阪神 6日目 サラ系４歳以上 オープン       (国際)(特指) ハンデ 11頭 本賞金:2400,960,600,360,240万円",11,2400.0,4,2,2,シルブロン,牡,7,57.0,モレイ,160.2,1.1/4,6,15.0,35.1,4-5-6-5,美浦 稲垣,490,-26,
202509020610,2025-04-13,阪神,10,大阪―ハンブルクC,芝,2600,右,雨,稍,"2回 阪神 6日目 サラ系４歳以上 オープン       (国際)(特指) ハンデ 11頭 本賞金:2400,960,600,360,240万円",11,2400.0,5,6,6,シーズンリッチ,牡,5,55.0,北村友,160.4,1.1/4,10,64.9,35.8,1-1-1-1,美浦 久保田,492,-10,
202509020610,2025-04-13,阪神,10,大阪―ハンブルクC,芝,2600,右,雨,稍,"2回 阪神 6日目 サラ系４歳以上 オープン       (国際)(特指) ハンデ 11頭 本賞金:2400,960,600,360,240万円",11,2400.0,6,3,3,ヴェローチェエラ,牡,4,56.0,川田,160.8,2.1/2,2,2.7,35.4,7-7-9-8,栗東 須貝,494,-6,
202509020610,2025-04-13,阪神,10,大阪―ハンブルクC,芝,2600,右,雨,稍,"2回 阪神 6日目 サラ系４歳以上 オープン       (国際)(特指) ハンデ 11頭 本賞金:2400,960,600,360,240万円",11,2400.0,7,7,9,マイネルメモリー,牡,5,55.0,和田竜,160.8,クビ,3,8.6,35.2,8-8-10-11,栗東 宮,466,-6,
202509020610,2025-04-13,阪神,10,大阪―ハンブルクC,芝,2600,右,雨,稍,"2回 阪神 6日目 サラ系４歳以上 オープン       (国際)(特指) ハンデ 11頭 本賞金:2400,960,600,360,240万円",11,2400.0,8,8,10,ダンディズム,セ,9,57.0,岩田望,161.2,2.1/2,5,14.6,36.0,9-9-7-5,栗東 野中,476,2,
202509020610,2025-04-13,阪神,10,大阪―ハンブルクC,芝,2600,右,雨,稍,"2回 阪神 6日目 サラ系４歳以上 オープン       (国際)(特指) ハンデ 11頭 本賞金:2400,960,600,360,240万円",11,2400.0,9,8,11,フォワードアゲン,セ,8,53.0,西塚,161.5,1.1/2,11,215.5,36.0,9-10-10-10,美浦 加藤和,434,-8,
202509020610,2025-04-13,阪神,10,大阪―ハンブルクC,芝,2600,右,雨,稍,"2回 阪神 6日目 サラ系４歳以上 オープン       (国際)(特指) ハンデ 11頭 本賞金:2400,960,600,360,240万円",11,2400.0,10,6,7,フライライクバード,セ,8,57.0,坂井,163.0,9,7,18.3,38.3,2-2-2-2,栗東 福永,456,-2,
202509020610,2025-04-13,阪神,10,大阪―ハンブルクC,芝,2600,右,雨,稍,"2回 阪神 6日目 サラ系４歳以上 オープン       (国際)(特指) ハンデ 11頭 本賞金:2400,960,600,360,240万円",11,2400.0,11,7,8,サスツルギ,牡,5,55.0,幸英明,166.3,大,9,52.9,40.9,11-10-2-8,美浦 木村,484,-6,
202509020611,2025-04-13,阪神,11,桜花賞,芝,1600,右,雨,稍,"2回 阪神 6日目 サラ系３歳 オープン       (国際) 牝(指) 馬齢 18頭 本賞金:14000,5600,3500,2100,1400万円",18,14000.0,1,4,7,エンブロイダリー,牝,3,55.0,モレイ,93.1,,3,5.0,34.0,9-8,美浦 森一,482,0,
202509020611,2025-04-13,阪神,11,桜花賞,芝,1600,右,雨,稍,"2回 阪神 6日目 サラ系３歳 オープン       (国際) 牝(指) 馬齢 18頭 本賞金:14000,5600,3500,2100,1400万円",18,14000.0,2,5,9,アルマヴェローチェ,牝,3,55.0,岩田望,93.1,クビ,2,3.8,33.9,11-10,栗東 上村,496,12,
202509020611,2025-04-13,阪神,11,桜花賞,芝,1600,右,雨,稍,"2回 阪神 6日目 サラ系３歳 オープン       (国際) 牝(指) 馬齢 18頭 本賞金:14000,5600,3500,2100,1400万円",18,14000.0,3,6,12,リンクスティップ,牝,3,55.0,Ｍデム,93.5,2.1/2,4,6.8,34.0,18-15,栗東 西村,472,0,
202509020611,2025-04-13,阪神,11,桜花賞,芝,1600,右,雨,稍,"2回 阪神 6日目 サラ系３歳 オープン       (国際) 牝(指) 馬齢 18頭 本賞金:14000,5600,3500,2100,1400万円",18,14000.0,4,2,3,マピュース,牝,3,55.0,田辺,94.0,2.1/2,9,35.8,34.7,12-12,美浦 和田勇,486,-8,
202509020611,2025-04-13,阪神,11,桜花賞,芝,1600,右,雨,稍,"2回 阪神 6日目 サラ系３歳 オープン       (国際) 牝(指) 馬齢 18頭 本賞金:14000,5600,3500,2100,1400万円",18,14000.0,5,1,2,エリカエクスプレス,牝,3,55.0,戸崎圭,94.2,1.1/2,1,3.4,35.6,1-1,栗東 杉山晴,456,0,
202509020611,2025-04-13,阪神,11,桜花賞,芝,1600,右,雨,稍,"2回 阪神 6日目 サラ系３歳 オープン       (国際) 牝(指) 馬齢 18頭 本賞金:14000,5600,3500,2100,1400万円",18,14000.0,6,7,13,チェルビアット,牝,3,55.0,北村友,94.2,ハナ,12,53.0,34.5,15-17,栗東 高野,482,-2,
202509020611,2025-04-13,阪神,11,桜花賞,芝,1600,右,雨,稍,"2回 阪神 6日目 サラ系３歳 オープン       (国際) 牝(指) 馬齢 18頭 本賞金:14000,5600,3500,2100,1400万円",18,14000.0,7,8,17,プリムツァール,牝,3,55.0,津村,94.2,ハナ,18,158.0,34.6,15-15,美浦 蛯名正,450,-4,
202509020611,2025-04-13,阪神,11,桜花賞,芝,1600,右,雨,稍,"2回 阪神 6日目 サラ系３歳 オープン       (国際) 牝(指) 馬齢 18頭 本賞金:14000,5600,3500,2100,1400万円",18,14000.0,8,1,1,ヴーレヴー,牝,3,55.0,浜中,94.5,1.3/4,10,38.5,35.4,9-8,栗東 武幸,480,6,
202509020611,2025-04-13,阪神,11,桜花賞,芝,1600,右,雨,稍,"2回 阪神 6日目 サラ系３歳 オープン       (国際) 牝(指) 馬齢 18頭 本賞金:14000,5600,3500,2100,1400万円",18,14000.0,9,8,18,ブラウンラチェット,牝,3,55.0,横山武,94.5,ハナ,8,29.4,34.8,17-17,美浦 手塚久,444,16,
202509020611,2025-04-13,阪神,11,桜花賞,芝,1600,右,雨,稍,"2回 阪神 6日目 サラ系３歳 オープン       (国際) 牝(指) 馬齢 18頭 本賞金:14000,5600,3500,2100,1400万円",18,14000.0,10,2,4,ショウナンザナドゥ,牝,3,55.0,池添,94.9,2.1/2,6,21.1,36.1,4-4,栗東 松下,440,-2,
202509020611,2025-04-13,阪神,11,桜花賞,芝,1600,右,雨,稍,"2回 阪神 6日目 サラ系３歳 オープン       (国際) 牝(指) 馬齢 18頭 本賞金:14000,5600,3500,2100,1400万円",18,14000.0,11,3,6,ビップデイジー,牝,3,55.0,幸,95.0,1/2,5,12.8,36.1,6-4,栗東 松下,440,6,
202509020611,2025-04-13,阪神,11,桜花賞,芝,1600,右,雨,稍,"2回 阪神 6日目 サラ系３歳 オープン       (国際) 牝(指) 馬齢 18頭 本賞金:14000,5600,3500,2100,1400万円",18,14000.0,12,3,5,ボンヌソワレ,牝,3,55.0,川田,95.1,1/2,13,77.3,36.2,4-4,美浦 宮田,442,-6,
202509020611,2025-04-13,阪神,11,桜花賞,芝,1600,右,雨,稍,"2回 阪神 6日目 サラ系３歳 オープン       (国際) 牝(指) 馬齢 18頭 本賞金:14000,5600,3500,2100,1400万円",18,14000.0,13,8,16,ナムラクララ,牝,3,55.0,藤岡佑,95.7,3.1/2,16,93.8,37.0,2-2,栗東 長谷川,464,-6,
202509020611,2025-04-13,阪神,11,桜花賞,芝,1600,右,雨,稍,"2回 阪神 6日目 サラ系３歳 オープン       (国際) 牝(指) 馬齢 18頭 本賞金:14000,5600,3500,2100,1400万円",18,14000.0,14,4,8,ウォーターガーベラ,牝,3,55.0,武豊,95.7,クビ,11,40.9,36.3,12-12,栗東 石橋,438,-8,
202509020611,2025-04-13,阪神,11,桜花賞,芝,1600,右,雨,稍,"2回 阪神 6日目 サラ系３歳 オープン       (国際) 牝(指) 馬齢 18頭 本賞金:14000,5600,3500,2100,1400万円",18,14000.0,15,7,15,クリノメイ,牝,3,55.0,酒井,96.0,1.3/4,7,27.3,37.3,2-2,栗東 須貝,440,-6,
202509020611,2025-04-13,阪神,11,桜花賞,芝,1600,右,雨,稍,"2回 阪神 6日目 サラ系３歳 オープン       (国際) 牝(指) 馬齢 18頭 本賞金:14000,5600,3500,2100,1400万円",18,14000.0,16,7,14,ダンツエラン,牝,3,55.0,団野,96.9,5,17,109.1,37.5,12-12,栗東 本田,488,-4,
202509020611,2025-04-13,阪神,11,桜花賞,芝,1600,右,雨,稍,"2回 阪神 6日目 サラ系３歳 オープン       (国際) 牝(指) 馬齢 18頭 本賞金:14000,5600,3500,2100,1400万円",18,14000.0,17,6,11,ミストレス,牝,3,55.0,坂井,97.9,6,14,84.2,39.0,6-4,栗東 矢作,,,
202509020611,2025-04-13,阪神,11,桜花賞,芝,1600,右,雨,稍,"2回 阪神 6日目 サラ系３歳 オープン       (国際) 牝(指) 馬齢 18頭 本賞金:14000,5600,3500,2100,1400万円",18,14000.0,18,5,10,トワイライトシティ,牝,3,55.0,松山,98.3,2.1/2,15,90.2,39.1,6-10,栗東 杉山晴,452,-2,
202509020612,2025-04-13,阪神,12,梅田S,ダ,1800,右,雨,稍,"2回 阪神 6日目 サラ系４歳以上 ３勝クラス       (混)(特指) 定量 16頭 本賞金:1840,740,460,280,184万円",16,1840.0,1,4,7,ネバーモア,牝,4,56.0,藤岡佑,112.8,,1,3.1,37.0,7-7-4-4,栗東 宮本,490,-4,
202509020612,2025-04-13,阪神,12,梅田S,ダ,1800,右,雨,稍,"2回 阪神 6日目 サラ系４歳以上 ３勝クラス       (混)(特指) 定量 16頭 本賞金:1840,740,460,280,184万円",16,1840.0,2,8,15,キュールエフウジン,牡,6,58.0,松若,113.6,5,8,20.3,36.4,16-16-16-16,栗東 中尾,494,-4,
202509020612,2025-04-13,阪神,12,梅田S,ダ,1800,右,雨,稍,"2回 阪神 6日目 サラ系４歳以上 ３勝クラス       (混)(特指) 定量 16頭 本賞金:1840,740,460,280,184万円",16,1840.0,3,5,9,グーデンドラーク,牡,6,58.0,幸,113.7,1/2,3,6.0,38.1,2-3-3-2,栗東 池添,528,2,
202509020612,2025-04-13,阪神,12,梅田S,ダ,1800,右,雨,稍,"2回 阪神 6日目 サラ系４歳以上 ３勝クラス       (混)(特指) 定量 16頭 本賞金:1840,740,460,280,184万円",16,1840.0,4,7,13,タイゲン,牡,6,58.0,和田竜,114.1,2.1/2,12,79.5,38.0,8-9-7-6,栗東 平田,480,2,
202509020612,2025-04-13,阪神,12,梅田S,ダ,1800,右,雨,稍,"2回 阪神 6日目 サラ系４歳以上 ３勝クラス       (混)(特指) 定量 16頭 本賞金:1840,740,460,280,184万円",16,1840.0,5,8,16,レーウィン,セ,4,58.0,岩田康,114.1,ハナ,2,5.4,38.3,4-5-4-4,栗東 上村,502,-2,
202509020612,2025-04-13,阪神,12,梅田S,ダ,1800,右,雨,稍,"2回 阪神 6日目 サラ系４歳以上 ３勝クラス       (混)(特指) 定量 16頭 本賞金:1840,740,460,280,184万円",16,1840.0,6,7,14,アスクデビューモア,牡,4,58.0,戸崎圭,114.1,1/2,4,6.8,37.3,15-15-14-14,栗東 福永,464,0,
202509020612,2025-04-13,阪神,12,梅田S,ダ,1800,右,雨,稍,"2回 阪神 6日目 サラ系４歳以上 ３勝クラス       (混)(特指) 定量 16頭 本賞金:1840,740,460,280,184万円",16,1840.0,7,3,5,アイファーエポック,牡,6,58.0,田辺,114.2,クビ,11,46.8,37.6,11-12-13-10,美浦 根本,484,-12,
202509020612,2025-04-13,阪神,12,梅田S,ダ,1800,右,雨,稍,"2回 阪神 6日目 サラ系４歳以上 ３勝クラス       (混)(特指) 定量 16頭 本賞金:1840,740,460,280,184万円",16,1840.0,8,6,12,シャンデルナゴル,牡,5,58.0,北村友,114.2,クビ,5,8.5,38.7,2-2-2-2,栗東 石坂,492,0,
202509020612,2025-04-13,阪神,12,梅田S,ダ,1800,右,雨,稍,"2回 阪神 6日目 サラ系４歳以上 ３勝クラス       (混)(特指) 定量 16頭 本賞金:1840,740,460,280,184万円",16,1840.0,9,5,10,クレメダンジュ,牝,5,56.0,吉村,114.4,3/4,13,100.0,37.6,14-14-14-10,栗東 鈴木孝,474,4,
202509020612,2025-04-13,阪神,12,梅田S,ダ,1800,右,雨,稍,"2回 阪神 6日目 サラ系４歳以上 ３勝クラス       (混)(特指) 定量 16頭 本賞金:1840,740,460,280,184万円",16,1840.0,10,4,8,ガンウルフ,牡,5,58.0,松山弘,114.4,クビ,6,9.5,39.0,1-1-1-1,栗東 藤岡,496,6,
202509020612,2025-04-13,阪神,12,梅田S,ダ,1800,右,雨,稍,"2回 阪神 6日目 サラ系４歳以上 ３勝クラス       (混)(特指) 定量 16頭 本賞金:1840,740,460,280,184万円",16,1840.0,11,1,1,ヨリノサファイヤ,牝,5,56.0,和田陽,114.4,アタマ,14,171.8,38.2,6-6-7-7,美浦 根本,514,0,
202509020612,2025-04-13,阪神,12,梅田S,ダ,1800,右,雨,稍,"2回 阪神 6日目 サラ系４歳以上 ３勝クラス       (混)(特指) 定量 16頭 本賞金:1840,740,460,280,184万円",16,1840.0,12,2,4,スズノテレサ,牝,6,56.0,津村,114.7,1.1/2,16,243.6,38.5,11-10-9-7,美浦 深山,440,-4,
202509020612,2025-04-13,阪神,12,梅田S,ダ,1800,右,雨,稍,"2回 阪神 6日目 サラ系４歳以上 ３勝クラス       (混)(特指) 定量 16頭 本賞金:1840,740,460,280,184万円",16,1840.0,13,3,6,シゲルバクハツ,牡,7,58.0,酒井,114.7,クビ,10,45.4,38.4,13-12-10-9,栗東 谷,504,-4,
202509020612,2025-04-13,阪神,12,梅田S,ダ,1800,右,雨,稍,"2回 阪神 6日目 サラ系４歳以上 ３勝クラス       (混)(特指) 定量 16頭 本賞金:1840,740,460,280,184万円",16,1840.0,14,6,11,アルムラトゥール,牡,5,58.0,団野,115.4,4,7,18.1,38.9,8-10-12-10,栗東 西園翔,490,0,
202509020612,2025-04-13,阪神,12,梅田S,ダ,1800,右,雨,稍,"2回 阪神 6日目 サラ系４歳以上 ３勝クラス       (混)(特指) 定量 16頭 本賞金:1840,740,460,280,184万円",16,1840.0,15,2,3,ライジングラパス,牝,5,56.0,長岡,116.1,4,9,33.1,39.6,8-7-10-14,栗東 宮本,438,4,
202509020612,2025-04-13,阪神,12,梅田S,ダ,1800,右,雨,稍,"2回 阪神 6日目 サラ系４歳以上 ３勝クラス       (混)(特指) 定量 16頭 本賞金:1840,740,460,280,184万円",16,1840.0,16,1,2,サウンドブライアン,牡,7,58.0,西塚,119.7,大,15,203.0,43.7,4-3-4-10,栗東 加藤公,484,2,
202503010301,2025-04-19,福島,1,3歳未勝利,ダ,1150,右,晴,良,"1回 福島 3日目 サラ系３歳 未勝利       [指] 馬齢 16頭 本賞金:560,220,140,84,56万円",16,560.0,1,7,14,タルトポワール,牝,3,55.0,丹内,69.4,,1,2.8,37.2,4-4,美浦 清水英,438,0,
202503010301,2025-04-19,福島,1,3歳未勝利,ダ,1150,右,晴,良,"1回 福島 3日目 サラ系３歳 未勝利       [指] 馬齢 16頭 本賞金:560,220,140,84,56万円",16,560.0,2,7,13,メイショウホダワラ,牝,3,55.0,藤懸,69.5,クビ,4,6.4,37.9,1-1,栗東 荒川,472,0,
202503010301,2025-04-19,福島,1,3歳未勝利,ダ,1150,右,晴,良,"1回 福島 3日目 サラ系３歳 未勝利       [指] 馬齢 16頭 本賞金:560,220,140,84,56万円",16,560.0,3,5,10,ミトノキャット,牝,3,55.0,佐々木,70.1,3.1/2,3,6.0,38.2,3-3,栗東 前川,436,4,
202503010301,2025-04-19,福島,1,3歳未勝利,ダ,1150,右,晴,良,"1回 福島 3日目 サラ系３歳 未勝利       [指] 馬齢 16頭 本賞金:560,220,140,84,56万円",16,560.0,4,2,3,アシャカルーク,牡,3,53.0,★小林美,70.5,2.1/2,6,22.6,38.8,2-2,美浦 鈴木伸,442,-6,
202503010301,2025-04-19,福島,1,3歳未勝利,ダ,1150,右,晴,良,"1回 福島 3日目 サラ系３歳 未勝利       [指] 馬齢 16頭 本賞金:560,220,140,84,56万円",16,560.0,5,8,15,パッションディーバ,牝,3,55.0,角田和,70.7,1,2,4.1,38.4,7-7,栗東 四位,424,2,
202503010301,2025-04-19,福島,1,3歳未勝利,ダ,1150,右,晴,良,"1回 福島 3日目 サラ系３歳 未勝利       [指] 馬齢 16頭 本賞金:560,220,140,84,56万円",16,560.0,6,6,12,スマートテンペスト,牡,3,57.0,丸山,70.9,1.1/4,5,7.0,38.7,4-4,栗東 西園翔,474,0,
202503010301,2025-04-19,福島,1,3歳未勝利,ダ,1150,右,晴,良,"1回 福島 3日目 サラ系３歳 未勝利       [指] 馬齢 16頭 本賞金:560,220,140,84,56万円",16,560.0,7,8,16,ロベルタカリーナ,牝,3,52.0,▲上里,70.9,クビ,9,53.6,38.5,8-6,美浦 牧,450,0,
202503010301,2025-04-19,福島,1,3歳未勝利,ダ,1150,右,晴,良,"1回 福島 3日目 サラ系３歳 未勝利       [指] 馬齢 16頭 本賞金:560,220,140,84,56万円",16,560.0,8,4,8,シアトルプリンセス,牝,3,55.0,菊沢,71.1,3/4,16,288.9,38.0,9-10,美浦 石栗,442,-8,
202503010301,2025-04-19,福島,1,3歳未勝利,ダ,1150,右,晴,良,"1回 福島 3日目 サラ系３歳 未勝利       [指] 馬齢 16頭 本賞金:560,220,140,84,56万円",16,560.0,9,6,11,シャンパンゴールド,牝,3,53.0,◇永島,71.1,クビ,13,130.5,37.8,11-10,栗東 今野,464,12,
202503010301,2025-04-19,福島,1,3歳未勝利,ダ,1150,右,晴,良,"1回 福島 3日目 サラ系３歳 未勝利       [指] 馬齢 16頭 本賞金:560,220,140,84,56万円",16,560.0,10,4,7,タイセイウーノ,牡,3,56.0,☆松本,71.4,1.3/4,8,32.5,38.3,9-9,栗東 田中克,508,-2,
202503010301,2025-04-19,福島,1,3歳未勝利,ダ,1150,右,晴,良,"1回 福島 3日目 サラ系３歳 未勝利       [指] 馬齢 16頭 本賞金:560,220,140,84,56万円",16,560.0,11,1,2,ワキノグラス,牝,3,55.0,秋山稔,71.5,クビ,10,65.9,39.3,4-7,栗東 高橋忠,440,4,
202503010301,2025-04-19,福島,1,3歳未勝利,ダ,1150,右,晴,良,"1回 福島 3日目 サラ系３歳 未勝利       [指] 馬齢 16頭 本賞金:560,220,140,84,56万円",16,560.0,12,3,5,クリアクォーツ,牡,3,57.0,古川吉,72.0,3,11,78.5,37.8,16-15,美浦 的場,470,-11,
202503010301,2025-04-19,福島,1,3歳未勝利,ダ,1150,右,晴,良,"1回 福島 3日目 サラ系３歳 未勝利       [指] 馬齢 16頭 本賞金:560,220,140,84,56万円",16,560.0,13,5,9,マサハヤモーブ,牡,3,57.0,小沢,72.1,1/2,7,28.9,38.3,12-12,栗東 千田,452,-2,
202503010301,2025-04-19,福島,1,3歳未勝利,ダ,1150,右,晴,良,"1回 福島 3日目 サラ系３歳 未勝利       [指] 馬齢 16頭 本賞金:560,220,140,84,56万円",16,560.0,14,2,4,ジークマインド,牝,3,52.0,▲川端,72.2,3/4,15,199.9,38.1,15-15,美浦 和田雄,454,-2,
202503010301,2025-04-19,福島,1,3歳未勝利,ダ,1150,右,晴,良,"1回 福島 3日目 サラ系３歳 未勝利       [指] 馬齢 16頭 本賞金:560,220,140,84,56万円",16,560.0,15,3,6,ヘレンテソーロ,牝,3,54.0,☆横山琉,72.4,1.1/2,12,107.1,38.5,14-14,美浦 嘉藤,454,0,
202503010301,2025-04-19,福島,1,3歳未勝利,ダ,1150,右,晴,良,"1回 福島 3日目 サラ系３歳 未勝利       [指] 馬齢 16頭 本賞金:560,220,140,84,56万円",16,560.0,16,1,1,ハクサンエクレール,牝,3,52.0,▲石田,72.9,3,14,197.2,39.1,12-12,美浦 新開,372,-8,
202503010302,2025-04-19,福島,2,3歳未勝利,芝,1200,右,晴,良,"1回 福島 3日目 サラ系３歳 未勝利       牝[指] 馬齢 16頭 本賞金:560,220,140,84,56万円",16,560.0,1,4,7,デボラ,牝,3,55.0,佐々木,68.9,,1,2.2,34.6,2-2,栗東 西園正,462,0,
202503010302,2025-04-19,福島,2,3歳未勝利,芝,1200,右,晴,良,"1回 福島 3日目 サラ系３歳 未勝利       牝[指] 馬齢 16頭 本賞金:560,220,140,84,56万円",16,560.0,2,7,13,ミズイロホルトゥス,牝,3,55.0,菊沢,69.1,1.1/4,2,3.0,35.0,1-1,美浦 金成,462,6,
202503010302,2025-04-19,福島,2,3歳未勝利,芝,1200,右,晴,良,"1回 福島 3日目 サラ系３歳 未勝利       牝[指] 馬齢 16頭 本賞金:560,220,140,84,56万円",16,560.0,3,1,2,ウォーターカルミア,牝,3,52.0,▲川端,69.5,2.1/2,8,36.7,34.7,7-4,栗東 藤野,392,-10,
202503010302,2025-04-19,福島,2,3歳未勝利,芝,1200,右,晴,良,"1回 福島 3日目 サラ系３歳 未勝利       牝[指] 馬齢 16頭 本賞金:560,220,140,84,56万円",16,560.0,4,2,4,メイショウマチルダ,牝,3,55.0,中井,69.8,2,4,7.8,34.1,13-10,栗東 鈴木孝,448,-4,
202503010302,2025-04-19,福島,2,3歳未勝利,芝,1200,右,晴,良,"1回 福島 3日目 サラ系３歳 未勝利       牝[指] 馬齢 16頭 本賞金:560,220,140,84,56万円",16,560.0,5,7,14,オーシンブーケ,牝,3,55.0,斎藤,70.2,2.1/2,7,21.5,35.9,2-3,美浦 斎藤誠,430,-12,
202503010302,2025-04-19,福島,2,3歳未勝利,芝,1200,右,晴,良,"1回 福島 3日目 サラ系３歳 未勝利       牝[指] 馬齢 16頭 本賞金:560,220,140,84,56万円",16,560.0,6,6,11,ジュリアナガール,牝,3,52.0,▲今村,70.2,ハナ,13,182.8,34.7,12-12,栗東 笹田,454,0,
202503010302,2025-04-19,福島,2,3歳未勝利,芝,1200,右,晴,良,"1回 福島 3日目 サラ系３歳 未勝利       牝[指] 馬齢 16頭 本賞金:560,220,140,84,56万円",16,560.0,7,2,3,バシレイア,牝,3,55.0,武藤,70.2,クビ,6,21.4,34.6,13-14,美浦 西田,460,0,
202503010302,2025-04-19,福島,2,3歳未勝利,芝,1200,右,晴,良,"1回 福島 3日目 サラ系３歳 未勝利       牝[指] 馬齢 16頭 本賞金:560,220,140,84,56万円",16,560.0,8,3,5,モンサンアマリリス,牝,3,52.0,▲石田,70.6,2,16,239.9,35.3,11-12,美浦 矢野,418,0,
202503010302,2025-04-19,福島,2,3歳未勝利,芝,1200,右,晴,良,"1回 福島 3日目 サラ系３歳 未勝利       牝[指] 馬齢 16頭 本賞金:560,220,140,84,56万円",16,560.0,9,8,15,マーレリアン,牝,3,55.0,小林脩,70.6,ハナ,9,65.6,35.5,9-9,美浦 萱野,480,0,
202503010302,2025-04-19,福島,2,3歳未勝利,芝,1200,右,晴,良,"1回 福島 3日目 サラ系３歳 未勝利       牝[指] 馬齢 16頭 本賞金:560,220,140,84,56万円",16,560.0,10,4,8,ヨシノサプライズ,牝,3,52.0,▲古川奈,70.7,1/2,3,7.7,36.2,5-4,栗東 中竹,450,-2,
202503010302,2025-04-19,福島,2,3歳未勝利,芝,1200,右,晴,良,"1回 福島 3日目 サラ系３歳 未勝利       牝[指] 馬齢 16頭 本賞金:560,220,140,84,56万円",16,560.0,11,3,6,ルアスカリーン,牝,3,55.0,小沢,70.8,1,5,19.2,36.0,7-8,栗東 藤岡,432,-10,
202503010302,2025-04-19,福島,2,3歳未勝利,芝,1200,右,晴,良,"1回 福島 3日目 サラ系３歳 未勝利       牝[指] 馬齢 16頭 本賞金:560,220,140,84,56万円",16,560.0,12,5,10,リュウノハミング,牝,3,52.0,▲遠藤,71.0,1.1/4,10,146.0,36.4,5-6,美浦 伊藤伸,430,-18,
202503010302,2025-04-19,福島,2,3歳未勝利,芝,1200,右,晴,良,"1回 福島 3日目 サラ系３歳 未勝利       牝[指] 馬齢 16頭 本賞金:560,220,140,84,56万円",16,560.0,13,5,9,ハイヌーンチェコ,牝,3,55.0,藤懸,71.3,1.1/2,12,161.5,36.2,9-10,栗東 畑端,430,-18,
202503010302,2025-04-19,福島,2,3歳未勝利,芝,1200,右,晴,良,"1回 福島 3日目 サラ系３歳 未勝利       牝[指] 馬齢 16頭 本賞金:560,220,140,84,56万円",16,560.0,14,1,1,ソシエテトウショウ,牝,3,55.0,古川吉,71.5,1.1/4,14,187.3,35.8,13-15,美浦 杉浦,442,-2,
202503010302,2025-04-19,福島,2,3歳未勝利,芝,1200,右,晴,良,"1回 福島 3日目 サラ系３歳 未勝利       牝[指] 馬齢 16頭 本賞金:560,220,140,84,56万円",16,560.0,15,6,12,トレジャーハウス,牝,3,53.0,◇永島,73.0,9,15,217.7,38.6,4-6,美浦 田中剛,380,-6,
202503010302,2025-04-19,福島,2,3歳未勝利,芝,1200,右,晴,良,"1回 福島 3日目 サラ系３歳 未勝利       牝[指] 馬齢 16頭 本賞金:560,220,140,84,56万円",16,560.0,16,8,16,ヨッシーレイ,牝,3,51.0,★小林美,76.4,大,11,147.7,38.2,16-16,栗東 茶木,414,0,
202503010303,2025-04-19,福島,3,3歳未勝利,芝,2600,右,晴,良,"1回 福島 3日目 サラ系３歳 未勝利       (混)[指] 馬齢 16頭 本賞金:560,220,140,84,56万円",16,560.0,1,8,16,ブリヤディアマンテ,牡,3,56.0,☆横山琉,161.3,,4,8.4,35.6,8-9-7-7,美浦 小島,474,0,
202503010303,2025-04-19,福島,3,3歳未勝利,芝,2600,右,晴,良,"1回 福島 3日目 サラ系３歳 未勝利       (混)[指] 馬齢 16頭 本賞金:560,220,140,84,56万円",16,560.0,2,4,7,シャインバオバブ,牡,3,57.0,古川吉,161.4,1/2,3,6.3,35.8,8-7-4-4,栗東 本田,494,2,
202503010303,2025-04-19,福島,3,3歳未勝利,芝,2600,右,晴,良,"1回 福島 3日目 サラ系３歳 未勝利       (混)[指] 馬齢 16頭 本賞金:560,220,140,84,56万円",16,560.0,3,2,4,アレグリーニ,牡,3,57.0,小沢,162.0,3.1/2,7,15.3,36.6,5-4-2-2,栗東 牧浦,452,-2,
202503010303,2025-04-19,福島,3,3歳未勝利,芝,2600,右,晴,良,"1回 福島 3日目 サラ系３歳 未勝利       (混)[指] 馬齢 16頭 本賞金:560,220,140,84,56万円",16,560.0,4,5,10,ドラギニャン,牡,3,57.0,鮫島良,162.2,1,5,9.0,36.6,7-7-4-5,栗東 河嶋,408,4,
202503010303,2025-04-19,福島,3,3歳未勝利,芝,2600,右,晴,良,"1回 福島 3日目 サラ系３歳 未勝利       (混)[指] 馬齢 16頭 本賞金:560,220,140,84,56万円",16,560.0,5,6,12,マイネルフィスキオ,牡,3,54.0,▲石神道,162.3,1/2,6,12.4,36.0,15-15-12-10,美浦 佐藤吉,418,2,
202503010303,2025-04-19,福島,3,3歳未勝利,芝,2600,右,晴,良,"1回 福島 3日目 サラ系３歳 未勝利       (混)[指] 馬齢 16頭 本賞金:560,220,140,84,56万円",16,560.0,6,6,11,ウインイルネージュ,牝,3,55.0,丹内,162.4,1,2,5.8,36.8,5-6-4-5,美浦 和田郎,418,-6,
202503010303,2025-04-19,福島,3,3歳未勝利,芝,2600,右,晴,良,"1回 福島 3日目 サラ系３歳 未勝利       (混)[指] 馬齢 16頭 本賞金:560,220,140,84,56万円",16,560.0,7,5,9,ルディシャ,牡,3,54.0,▲舟山,162.5,3/4,11,124.5,37.2,3-2-1-1,美浦 田中博,464,4,
202503010303,2025-04-19,福島,3,3歳未勝利,芝,2600,右,晴,良,"1回 福島 3日目 サラ系３歳 未勝利       (混)[指] 馬齢 16頭 本賞金:560,220,140,84,56万円",16,560.0,8,7,13,ロンギングジェニー,牝,3,55.0,嶋田,162.7,1.1/4,8,26.8,36.4,16-15-12-10,美浦 大竹,466,0,
202503010303,2025-04-19,福島,3,3歳未勝利,芝,2600,右,晴,良,"1回 福島 3日目 サラ系３歳 未勝利       (混)[指] 馬齢 16頭 本賞金:560,220,140,84,56万円",16,560.0,9,4,8,メイショウサノサ,牝,3,55.0,加藤,162.7,ハナ,15,233.9,36.6,12-11-9-8,栗東 庄野,420,-8,
202503010303,2025-04-19,福島,3,3歳未勝利,芝,2600,右,晴,良,"1回 福島 3日目 サラ系３歳 未勝利       (混)[指] 馬齢 16頭 本賞金:560,220,140,84,56万円",16,560.0,10,3,5,マシェリアムール,牝,3,55.0,小林脩,162.8,クビ,16,234.1,36.6,12-11-12-10,美浦 高橋文,464,4,
202503010303,2025-04-19,福島,3,3歳未勝利,芝,2600,右,晴,良,"1回 福島 3日目 サラ系３歳 未勝利       (混)[指] 馬齢 16頭 本賞金:560,220,140,84,56万円",16,560.0,11,8,15,グレイトレッグ,牡,3,57.0,菊沢,163.6,5,13,185.9,37.6,10-11-9-8,美浦 菊沢,438,-4,
202503010303,2025-04-19,福島,3,3歳未勝利,芝,2600,右,晴,良,"1回 福島 3日目 サラ系３歳 未勝利       (混)[指] 馬齢 16頭 本賞金:560,220,140,84,56万円",16,560.0,12,7,14,キャルミナス,牡,3,57.0,佐々木,163.7,3/4,9,33.4,37.8,2-2-8-10,美浦 奥村武,486,4,
202503010303,2025-04-19,福島,3,3歳未勝利,芝,2600,右,晴,良,"1回 福島 3日目 サラ系３歳 未勝利       (混)[指] 馬齢 16頭 本賞金:560,220,140,84,56万円",16,560.0,13,2,3,エリジブル,牡,3,54.0,▲上里,164.0,1.3/4,14,198.6,38.0,10-9-9-10,美浦 上原博,486,-4,
202503010303,2025-04-19,福島,3,3歳未勝利,芝,2600,右,晴,良,"1回 福島 3日目 サラ系３歳 未勝利       (混)[指] 馬齢 16頭 本賞金:560,220,140,84,56万円",16,560.0,14,1,2,コスモアチーブ,牡,3,57.0,丸山,164.3,1.3/4,1,2.3,39.0,4-4-2-2,美浦 相沢,472,0,
202503010303,2025-04-19,福島,3,3歳未勝利,芝,2600,右,晴,良,"1回 福島 3日目 サラ系３歳 未勝利       (混)[指] 馬齢 16頭 本賞金:560,220,140,84,56万円",16,560.0,15,3,6,ビビデバビデブー,牡,3,54.0,▲今村,165.2,5,12,144.0,38.0,14-14-16-15,美浦 村田,442,8,
202503010303,2025-04-19,福島,3,3歳未勝利,芝,2600,右,晴,良,"1回 福島 3日目 サラ系３歳 未勝利       (混)[指] 馬齢 16頭 本賞金:560,220,140,84,56万円",16,560.0,16,1,1,ベルランザドール,牝,3,55.0,国分恭,169.1,大,10,92.1,42.8,1-1-12-15,栗東 西村,470,8,
202503010304,2025-04-19,福島,4,3歳未勝利,ダ,1700,右,晴,良,"1回 福島 3日目 サラ系３歳 未勝利       見習騎手 馬齢 15頭 本賞金:560,220,140,84,56万円",15,560.0,1,6,10,ルージュミラージュ,牝,3,52.0,▲今村,107.3,,1,3.2,39.2,1-1-1-1,栗東 武幸,444,4,
202503010304,2025-04-19,福島,4,3歳未勝利,ダ,1700,右,晴,良,"1回 福島 3日目 サラ系３歳 未勝利       見習騎手 馬齢 15頭 本賞金:560,220,140,84,56万円",15,560.0,2,3,5,ミュージックマン,牡,3,54.0,▲上里,107.4,1/2,15,151.5,38.8,4-4-4-4,美浦 大和田,466,-10,
202503010304,2025-04-19,福島,4,3歳未勝利,ダ,1700,右,晴,良,"1回 福島 3日目 サラ系３歳 未勝利       見習騎手 馬齢 15頭 本賞金:560,220,140,84,56万円",15,560.0,3,8,14,ザハント,牡,3,56.0,☆松本,107.5,クビ,2,4.5,38.6,5-5-6-7,栗東 田中克,490,2,
202503010304,2025-04-19,福島,4,3歳未勝利,ダ,1700,右,晴,良,"1回 福島 3日目 サラ系３歳 未勝利       見習騎手 馬齢 15頭 本賞金:560,220,140,84,56万円",15,560.0,4,3,4,ハナウマビーチ,牡,3,57.0,斎藤,107.6,1/2,3,4.7,38.8,7-7-6-5,栗東 西園翔,514,-6,
202503010304,2025-04-19,福島,4,3歳未勝利,ダ,1700,右,晴,良,"1回 福島 3日目 サラ系３歳 未勝利       見習騎手 馬齢 15頭 本賞金:560,220,140,84,56万円",15,560.0,5,7,12,スカイビート,牝,3,55.0,角田和,107.6,クビ,7,16.2,39.4,2-3-2-2,栗東 野中,468,0,
202503010304,2025-04-19,福島,4,3歳未勝利,ダ,1700,右,晴,良,"1回 福島 3日目 サラ系３歳 未勝利       見習騎手 馬齢 15頭 本賞金:560,220,140,84,56万円",15,560.0,6,7,13,スマートブル,牡,3,54.0,▲鷲頭,107.7,クビ,9,45.8,39.5,2-2-2-2,栗東 井上,476,-6,
202503010304,2025-04-19,福島,4,3歳未勝利,ダ,1700,右,晴,良,"1回 福島 3日目 サラ系３歳 未勝利       見習騎手 馬齢 15頭 本賞金:560,220,140,84,56万円",15,560.0,7,8,15,デルマアリエル,牡,3,54.0,▲石神道,108.3,3.1/2,6,14.0,38.7,12-12-11-8,美浦 深山,468,6,
202503010304,2025-04-19,福島,4,3歳未勝利,ダ,1700,右,晴,良,"1回 福島 3日目 サラ系３歳 未勝利       見習騎手 馬齢 15頭 本賞金:560,220,140,84,56万円",15,560.0,8,6,11,ナイトダンサー,牡,3,54.0,▲石田,108.4,3/4,14,145.9,39.2,10-10-8-8,美浦 佐藤吉,444,-6,
202503010304,2025-04-19,福島,4,3歳未勝利,ダ,1700,右,晴,良,"1回 福島 3日目 サラ系３歳 未勝利       見習騎手 馬齢 15頭 本賞金:560,220,140,84,56万円",15,560.0,9,5,9,スイートロータス,牝,3,53.0,◇永島,108.5,3/4,8,19.5,38.6,13-13-13-12,美浦 久保田,422,-8,
202503010304,2025-04-19,福島,4,3歳未勝利,ダ,1700,右,晴,良,"1回 福島 3日目 サラ系３歳 未勝利       見習騎手 馬齢 15頭 本賞金:560,220,140,84,56万円",15,560.0,10,4,7,ピラニアキッス,牝,3,52.0,▲舟山,109.5,6,4,6.6,39.8,7-8-11-11,美浦 嘉藤,446,-4,
202503010304,2025-04-19,福島,4,3歳未勝利,ダ,1700,右,晴,良,"1回 福島 3日目 サラ系３歳 未勝利       見習騎手 馬齢 15頭 本賞金:560,220,140,84,56万円",15,560.0,11,2,3,ルミナヴィクター,牡,3,54.0,▲古川奈,109.5,クビ,13,138.3,40.3,10-8-8-8,栗東 矢作,448,8,
202503010304,2025-04-19,福島,4,3歳未勝利,ダ,1700,右,晴,良,"1回 福島 3日目 サラ系３歳 未勝利       見習騎手 馬齢 15頭 本賞金:560,220,140,84,56万円",15,560.0,12,4,6,メリーサウンド,牝,3,55.0,佐々木,109.6,クビ,5,10.4,40.9,5-5-5-5,美浦 小笠,444,-4,
202503010304,2025-04-19,福島,4,3歳未勝利,ダ,1700,右,晴,良,"1回 福島 3日目 サラ系３歳 未勝利       見習騎手 馬齢 15頭 本賞金:560,220,140,84,56万円",15,560.0,13,2,2,レイネイル,牝,3,54.0,☆横山琉,109.8,1.1/4,11,78.9,39.5,15-15-15-14,美浦 稲垣,436,-10,
202503010304,2025-04-19,福島,4,3歳未勝利,ダ,1700,右,晴,良,"1回 福島 3日目 サラ系３歳 未勝利       見習騎手 馬齢 15頭 本賞金:560,220,140,84,56万円",15,560.0,14,5,8,ナムラクレープ,牝,3,52.0,▲川端,110.4,3.1/2,12,113.2,41.1,7-10-8-12,栗東 大橋,450,-8,
202503010304,2025-04-19,福島,4,3歳未勝利,ダ,1700,右,晴,良,"1回 福島 3日目 サラ系３歳 未勝利       見習騎手 馬齢 15頭 本賞金:560,220,140,84,56万円",15,560.0,15,1,1,メイワファースト,牡,3,57.0,秋山稔,111.0,4,10,72.7,41.0,14-14-14-15,栗東 長谷川,526,0,
202503010305,2025-04-19,福島,5,3歳未勝利,芝,1800,右,晴,良,"1回 福島 3日目 サラ系３歳 未勝利       [指] 馬齢 16頭 本賞金:560,220,140,84,56万円",16,560.0,1,4,7,レッドシュテルン,牡,3,57.0,中井,108.5,,4,4.6,35.4,1-1-1-1,栗東 中内田,496,-2,
202503010305,2025-04-19,福島,5,3歳未勝利,芝,1800,右,晴,良,"1回 福島 3日目 サラ系３歳 未勝利       [指] 馬齢 16頭 本賞金:560,220,140,84,56万円",16,560.0,2,3,6,ウインベラーノ,牡,3,57.0,佐々木,108.5,ハナ,3,4.6,35.2,2-2-3-2,栗東 宮,448,2,
202503010305,2025-04-19,福島,5,3歳未勝利,芝,1800,右,晴,良,"1回 福島 3日目 サラ系３歳 未勝利       [指] 馬齢 16頭 本賞金:560,220,140,84,56万円",16,560.0,3,3,5,オビドス,牡,3,54.0,▲石神道,108.7,1,6,14.9,35.0,9-8-8-8,美浦 高橋文,474,12,
202503010305,2025-04-19,福島,5,3歳未勝利,芝,1800,右,晴,良,"1回 福島 3日目 サラ系３歳 未勝利       [指] 馬齢 16頭 本賞金:560,220,140,84,56万円",16,560.0,4,2,4,メルヘンライズ,牝,3,54.0,☆横山琉,108.7,クビ,5,11.0,35.2,5-5-7-5,美浦 辻,462,-2,
202503010305,2025-04-19,福島,5,3歳未勝利,芝,1800,右,晴,良,"1回 福島 3日目 サラ系３歳 未勝利       [指] 馬齢 16頭 本賞金:560,220,140,84,56万円",16,560.0,5,7,14,マイネルアレス,牡,3,57.0,丹内,109.0,1.3/4,2,3.9,35.8,4-4-2-2,美浦 相沢,438,-2,
202503010305,2025-04-19,福島,5,3歳未勝利,芝,1800,右,晴,良,"1回 福島 3日目 サラ系３歳 未勝利       [指] 馬齢 16頭 本賞金:560,220,140,84,56万円",16,560.0,6,8,16,チェンジオブハート,牡,3,54.0,▲舟山,109.1,1,1,3.9,35.7,9-8-4-2,美浦 田中博,478,-2,
202503010305,2025-04-19,福島,5,3歳未勝利,芝,1800,右,晴,良,"1回 福島 3日目 サラ系３歳 未勝利       [指] 馬齢 16頭 本賞金:560,220,140,84,56万円",16,560.0,7,5,10,サミダレナイツ,牡,3,57.0,丸山,109.4,1.3/4,7,17.7,35.4,13-13-10-9,栗東 谷,476,2,
202503010305,2025-04-19,福島,5,3歳未勝利,芝,1800,右,晴,良,"1回 福島 3日目 サラ系３歳 未勝利       [指] 馬齢 16頭 本賞金:560,220,140,84,56万円",16,560.0,8,6,12,クロウソング,牝,3,55.0,荻野極,109.6,1.1/4,8,33.7,35.2,13-13-14-14,美浦 千葉,452,-2,
202503010305,2025-04-19,福島,5,3歳未勝利,芝,1800,右,晴,良,"1回 福島 3日目 サラ系３歳 未勝利       [指] 馬齢 16頭 本賞金:560,220,140,84,56万円",16,560.0,9,5,9,ノブノリオウ,牡,3,55.0,◇永島,109.9,2,13,115.8,35.4,15-15-15-15,美浦 久保田,432,-6,
202503010305,2025-04-19,福島,5,3歳未勝利,芝,1800,右,晴,良,"1回 福島 3日目 サラ系３歳 未勝利       [指] 馬齢 16頭 本賞金:560,220,140,84,56万円",16,560.0,10,8,15,トラストユー,牝,3,55.0,斎藤,110.0,クビ,14,224.7,36.2,5-7-8-9,美浦 斎藤誠,428,10,
202503010305,2025-04-19,福島,5,3歳未勝利,芝,1800,右,晴,良,"1回 福島 3日目 サラ系３歳 未勝利       [指] 馬齢 16頭 本賞金:560,220,140,84,56万円",16,560.0,11,6,11,レッドエソール,牡,3,57.0,泉谷,110.1,3/4,11,78.6,35.8,9-11-13-11,栗東 杉山晴,492,-6,
202503010305,2025-04-19,福島,5,3歳未勝利,芝,1800,右,晴,良,"1回 福島 3日目 サラ系３歳 未勝利       [指] 馬齢 16頭 本賞金:560,220,140,84,56万円",16,560.0,12,1,2,エルモサメロディア,牝,3,55.0,角田和,110.4,1.3/4,10,61.2,37.0,5-5-4-6,栗東 松永幹,410,-8,
202503010305,2025-04-19,福島,5,3歳未勝利,芝,1800,右,晴,良,"1回 福島 3日目 サラ系３歳 未勝利       [指] 馬齢 16頭 本賞金:560,220,140,84,56万円",16,560.0,13,1,1,ウインアレース,牡,3,57.0,黛,110.8,2.1/2,9,48.2,36.6,9-8-11-11,美浦 畠山,474,0,
202503010305,2025-04-19,福島,5,3歳未勝利,芝,1800,右,晴,良,"1回 福島 3日目 サラ系３歳 未勝利       [指] 馬齢 16頭 本賞金:560,220,140,84,56万円",16,560.0,14,2,3,グラスダイヤモンド,牡,3,57.0,的場,110.8,クビ,12,99.5,36.6,8-11-11-11,美浦 的場,500,24,
202503010305,2025-04-19,福島,5,3歳未勝利,芝,1800,右,晴,良,"1回 福島 3日目 サラ系３歳 未勝利       [指] 馬齢 16頭 本賞金:560,220,140,84,56万円",16,560.0,15,4,8,マジョレル,牝,3,52.0,▲遠藤,111.1,1.3/4,15,240.3,37.7,2-2-4-6,美浦 黒岩,416,-2,
202503010305,2025-04-19,福島,5,3歳未勝利,芝,1800,右,晴,良,"1回 福島 3日目 サラ系３歳 未勝利       [指] 馬齢 16頭 本賞金:560,220,140,84,56万円",16,560.0,,7,13,アクロスザリバー,牡,3,54.0,▲石田,,,,,,,美浦 浅利,432,2,除外
202503010306,2025-04-19,福島,6,3歳未勝利,芝,1200,右,晴,良,"1回 福島 3日目 サラ系３歳 未勝利       [指] 馬齢 16頭 本賞金:560,220,140,84,56万円",16,560.0,1,4,8,ダニエルバローズ,牡,3,57.0,泉谷,69.1,,5,7.3,35.0,1-1,栗東 杉山晴,528,4,
202503010306,2025-04-19,福島,6,3歳未勝利,芝,1200,右,晴,良,"1回 福島 3日目 サラ系３歳 未勝利       [指] 馬齢 16頭 本賞金:560,220,140,84,56万円",16,560.0,2,8,16,グッバイウェーブ,牝,3,55.0,丸山,69.6,2.1/2,7,16.2,35.1,5-6,美浦 中川,448,-10,
202503010306,2025-04-19,福島,6,3歳未勝利,芝,1200,右,晴,良,"1回 福島 3日目 サラ系３歳 未勝利       [指] 馬齢 16頭 本賞金:560,220,140,84,56万円",16,560.0,3,1,1,キタノブリッジ,牝,3,55.0,藤懸,69.7,3/4,4,7.1,34.7,13-13,栗東 羽月,412,-2,
202503010306,2025-04-19,福島,6,3歳未勝利,芝,1200,右,晴,良,"1回 福島 3日目 サラ系３歳 未勝利       [指] 馬齢 16頭 本賞金:560,220,140,84,56万円",16,560.0,4,1,2,シャンハイノハナ,牝,3,55.0,古川吉,69.8,3/4,10,44.5,35.4,5-3,美浦 牧,452,2,
202503010306,2025-04-19,福島,6,3歳未勝利,芝,1200,右,晴,良,"1回 福島 3日目 サラ系３歳 未勝利       [指] 馬齢 16頭 本賞金:560,220,140,84,56万円",16,560.0,5,2,4,ヒロノエクスカリバ,牡,3,57.0,菅原隆,69.8,アタマ,2,5.9,35.1,10-9,美浦 小手川,440,2,
202503010306,2025-04-19,福島,6,3歳未勝利,芝,1200,右,晴,良,"1回 福島 3日目 サラ系３歳 未勝利       [指] 馬齢 16頭 本賞金:560,220,140,84,56万円",16,560.0,6,6,11,コリエドール,牝,3,51.0,★小林美,69.8,クビ,8,18.9,35.6,2-3,栗東 茶木,446,-8,
202503010306,2025-04-19,福島,6,3歳未勝利,芝,1200,右,晴,良,"1回 福島 3日目 サラ系３歳 未勝利       [指] 馬齢 16頭 本賞金:560,220,140,84,56万円",16,560.0,7,3,5,スマートセラム,牡,3,57.0,亀田,70.0,1,6,10.3,35.4,8-6,栗東 須貝,446,4,
202503010306,2025-04-19,福島,6,3歳未勝利,芝,1200,右,晴,良,"1回 福島 3日目 サラ系３歳 未勝利       [指] 馬齢 16頭 本賞金:560,220,140,84,56万円",16,560.0,8,3,6,ゼンダンスバシリ,牡,3,57.0,鮫島良,70.2,1,9,27.9,35.5,10-11,栗東 河嶋,446,4,
202503010306,2025-04-19,福島,6,3歳未勝利,芝,1200,右,晴,良,"1回 福島 3日目 サラ系３歳 未勝利       [指] 馬齢 16頭 本賞金:560,220,140,84,56万円",16,560.0,9,2,3,セイラダンサー,牝,3,55.0,佐々木,70.2,クビ,3,6.9,35.5,10-11,美浦 尾関,432,8,
202503010306,2025-04-19,福島,6,3歳未勝利,芝,1200,右,晴,良,"1回 福島 3日目 サラ系３歳 未勝利       [指] 馬齢 16頭 本賞金:560,220,140,84,56万円",16,560.0,10,8,15,マイネルレクエルド,牡,3,57.0,丹内,70.3,クビ,1,3.0,36.0,4-3,美浦 田島,466,-4,
202503010306,2025-04-19,福島,6,3歳未勝利,芝,1200,右,晴,良,"1回 福島 3日目 サラ系３歳 未勝利       [指] 馬齢 16頭 本賞金:560,220,140,84,56万円",16,560.0,11,7,13,モーリシャスアロマ,牝,3,52.0,▲水沼,70.3,ハナ,12,57.3,35.7,8-9,美浦 西田,460,4,
202503010306,2025-04-19,福島,6,3歳未勝利,芝,1200,右,晴,良,"1回 福島 3日目 サラ系３歳 未勝利       [指] 馬齢 16頭 本賞金:560,220,140,84,56万円",16,560.0,12,6,12,キュールエアザミ,牝,3,52.0,▲石神道,70.4,1/2,15,199.6,36.0,5-6,栗東 中尾,442,-4,
202503010306,2025-04-19,福島,6,3歳未勝利,芝,1200,右,晴,良,"1回 福島 3日目 サラ系３歳 未勝利       [指] 馬齢 16頭 本賞金:560,220,140,84,56万円",16,560.0,13,5,10,ミリオンヒット,牝,3,53.0,◇永島,70.5,1/2,11,54.6,36.3,2-2,美浦 伊坂,398,4,
202503010306,2025-04-19,福島,6,3歳未勝利,芝,1200,右,晴,良,"1回 福島 3日目 サラ系３歳 未勝利       [指] 馬齢 16頭 本賞金:560,220,140,84,56万円",16,560.0,14,4,7,キタノヴァルカン,牡,3,57.0,小林脩,70.8,2,16,211.1,35.7,15-14,美浦 菊川,440,-2,
202503010306,2025-04-19,福島,6,3歳未勝利,芝,1200,右,晴,良,"1回 福島 3日目 サラ系３歳 未勝利       [指] 馬齢 16頭 本賞金:560,220,140,84,56万円",16,560.0,15,7,14,バルスフィーダ,牡,3,57.0,菊沢,71.4,3.1/2,13,99.1,36.4,13-14,美浦 田村,470,0,
202503010306,2025-04-19,福島,6,3歳未勝利,芝,1200,右,晴,良,"1回 福島 3日目 サラ系３歳 未勝利       [指] 馬齢 16頭 本賞金:560,220,140,84,56万円",16,560.0,16,5,9,ペイシャブギー,牝,3,55.0,斎藤,72.0,3.1/2,14,170.1,35.9,16-16,美浦 本間,420,0,
202503010307,2025-04-19,福島,7,4歳以上1勝クラス,ダ,1700,右,晴,良,"1回 福島 3日目 サラ系４歳以上 １勝クラス       牝[指] 定量 15頭 本賞金:800,320,200,120,80万円",15,800.0,1,2,3,トゥピ,牝,5,56.0,丹内,106.9,,12,70.5,38.0,15-15-6-3,美浦 田村,480,6,
202503010307,2025-04-19,福島,7,4歳以上1勝クラス,ダ,1700,右,晴,良,"1回 福島 3日目 サラ系４歳以上 １勝クラス       牝[指] 定量 15頭 本賞金:800,320,200,120,80万円",15,800.0,2,3,4,ケープウィッカム,牝,4,56.0,吉田隼,107.2,2,3,6.4,39.0,2-2-2-2,美浦 中舘,450,-2,
202503010307,2025-04-19,福島,7,4歳以上1勝クラス,ダ,1700,右,晴,良,"1回 福島 3日目 サラ系４歳以上 １勝クラス       牝[指] 定量 15頭 本賞金:800,320,200,120,80万円",15,800.0,3,2,2,イラーナ,牝,4,53.0,▲舟山,107.2,クビ,2,3.5,38.8,5-3-3-3,美浦 林,446,12,
202503010307,2025-04-19,福島,7,4歳以上1勝クラス,ダ,1700,右,晴,良,"1回 福島 3日目 サラ系４歳以上 １勝クラス       牝[指] 定量 15頭 本賞金:800,320,200,120,80万円",15,800.0,4,5,9,コルヴィル,牝,4,56.0,黛,107.4,3/4,7,15.8,38.5,5-5-6-5,美浦 柄崎,478,0,
202503010307,2025-04-19,福島,7,4歳以上1勝クラス,ダ,1700,右,晴,良,"1回 福島 3日目 サラ系４歳以上 １勝クラス       牝[指] 定量 15頭 本賞金:800,320,200,120,80万円",15,800.0,5,8,14,ムーランブルー,牝,5,56.0,佐々木,107.6,1.1/4,4,8.9,38.7,8-9-6-7,美浦 久保田,500,-6,
202503010307,2025-04-19,福島,7,4歳以上1勝クラス,ダ,1700,右,晴,良,"1回 福島 3日目 サラ系４歳以上 １勝クラス       牝[指] 定量 15頭 本賞金:800,320,200,120,80万円",15,800.0,6,8,15,ノーブルアクト,牝,5,53.0,▲水沼,107.9,2,1,3.0,38.8,10-11-10-9,美浦 上原博,498,-8,
202503010307,2025-04-19,福島,7,4歳以上1勝クラス,ダ,1700,右,晴,良,"1回 福島 3日目 サラ系４歳以上 １勝クラス       牝[指] 定量 15頭 本賞金:800,320,200,120,80万円",15,800.0,7,6,11,エスジースパークル,牝,5,55.0,☆横山琉,108.0,1/2,6,14.2,39.4,4-5-5-7,美浦 鈴木慎,456,-8,
202503010307,2025-04-19,福島,7,4歳以上1勝クラス,ダ,1700,右,晴,良,"1回 福島 3日目 サラ系４歳以上 １勝クラス       牝[指] 定量 15頭 本賞金:800,320,200,120,80万円",15,800.0,8,7,12,グレイトフルペイン,牝,4,56.0,小沢,108.2,3/4,11,66.8,38.9,10-9-12-10,栗東 茶木,464,4,
202503010307,2025-04-19,福島,7,4歳以上1勝クラス,ダ,1700,右,晴,良,"1回 福島 3日目 サラ系４歳以上 １勝クラス       牝[指] 定量 15頭 本賞金:800,320,200,120,80万円",15,800.0,9,3,5,ブエナディオサ,牝,6,54.0,◇永島,108.4,1.1/4,14,80.6,38.8,10-12-14-13,美浦 奥平,462,6,
202503010307,2025-04-19,福島,7,4歳以上1勝クラス,ダ,1700,右,晴,良,"1回 福島 3日目 サラ系４歳以上 １勝クラス       牝[指] 定量 15頭 本賞金:800,320,200,120,80万円",15,800.0,10,5,8,コンテソレーラ,牝,4,56.0,武藤,108.5,1/2,5,10.9,39.1,13-13-13-13,美浦 手塚久,488,2,
202503010307,2025-04-19,福島,7,4歳以上1勝クラス,ダ,1700,右,晴,良,"1回 福島 3日目 サラ系４歳以上 １勝クラス       牝[指] 定量 15頭 本賞金:800,320,200,120,80万円",15,800.0,11,7,13,グランバイオレット,牝,4,53.0,▲石神道,108.8,2,15,252.7,39.8,7-7-9-10,美浦 和田郎,412,0,
202503010307,2025-04-19,福島,7,4歳以上1勝クラス,ダ,1700,右,晴,良,"1回 福島 3日目 サラ系４歳以上 １勝クラス       牝[指] 定量 15頭 本賞金:800,320,200,120,80万円",15,800.0,12,1,1,カーリングホリデー,牝,4,53.0,▲石田,109.3,3,13,76.6,39.7,13-14-14-13,美浦 田中勝,466,4,
202503010307,2025-04-19,福島,7,4歳以上1勝クラス,ダ,1700,右,晴,良,"1回 福島 3日目 サラ系４歳以上 １勝クラス       牝[指] 定量 15頭 本賞金:800,320,200,120,80万円",15,800.0,13,4,6,チャコール,牝,4,56.0,荻野極,109.7,2.1/2,9,29.4,41.6,1-1-1-1,美浦 矢野,514,0,
202503010307,2025-04-19,福島,7,4歳以上1勝クラス,ダ,1700,右,晴,良,"1回 福島 3日目 サラ系４歳以上 １勝クラス       牝[指] 定量 15頭 本賞金:800,320,200,120,80万円",15,800.0,14,6,10,シャーリーゴールド,牝,4,56.0,亀田,109.9,1.1/4,8,25.0,40.7,8-7-10-12,栗東 佐藤悠,460,-10,
202503010307,2025-04-19,福島,7,4歳以上1勝クラス,ダ,1700,右,晴,良,"1回 福島 3日目 サラ系４歳以上 １勝クラス       牝[指] 定量 15頭 本賞金:800,320,200,120,80万円",15,800.0,15,4,7,サイモンポーリア,牝,7,56.0,丸山,110.7,5,10,50.4,42.3,2-3-3-5,美浦 根本,484,10,
202503010308,2025-04-19,福島,8,4歳以上1勝クラス,ダ,1150,右,晴,良,"1回 福島 3日目 サラ系４歳以上 １勝クラス       [指] 定量 16頭 本賞金:800,320,200,120,80万円",16,800.0,1,2,3,アオカミ,セ,6,58.0,原田和,69.4,,8,13.2,36.6,9-8,美浦 松山,472,-8,
202503010308,2025-04-19,福島,8,4歳以上1勝クラス,ダ,1150,右,晴,良,"1回 福島 3日目 サラ系４歳以上 １勝クラス       [指] 定量 16頭 本賞金:800,320,200,120,80万円",16,800.0,2,3,6,サンダーアリュール,牝,4,56.0,佐々木,69.5,1/2,10,26.5,37.8,2-2,美浦 菊川,454,-4,
202503010308,2025-04-19,福島,8,4歳以上1勝クラス,ダ,1150,右,晴,良,"1回 福島 3日目 サラ系４歳以上 １勝クラス       [指] 定量 16頭 本賞金:800,320,200,120,80万円",16,800.0,3,6,11,ハローマイラブリー,牝,5,56.0,荻野極,69.5,ハナ,2,4.5,37.8,1-1,美浦 伊坂,530,-4,
202503010308,2025-04-19,福島,8,4歳以上1勝クラス,ダ,1150,右,晴,良,"1回 福島 3日目 サラ系４歳以上 １勝クラス       [指] 定量 16頭 本賞金:800,320,200,120,80万円",16,800.0,4,1,1,イナフセド,牡,5,55.0,▲川端,69.5,クビ,1,3.4,37.2,5-7,栗東 小林,476,2,
202503010308,2025-04-19,福島,8,4歳以上1勝クラス,ダ,1150,右,晴,良,"1回 福島 3日目 サラ系４歳以上 １勝クラス       [指] 定量 16頭 本賞金:800,320,200,120,80万円",16,800.0,5,7,13,カツノテンス,牡,5,55.0,▲遠藤,69.6,3/4,13,77.6,37.7,3-3,美浦 伊藤伸,448,-2,
202503010308,2025-04-19,福島,8,4歳以上1勝クラス,ダ,1150,右,晴,良,"1回 福島 3日目 サラ系４歳以上 １勝クラス       [指] 定量 16頭 本賞金:800,320,200,120,80万円",16,800.0,6,5,9,キングヴァージル,牡,4,58.0,吉田隼,69.7,クビ,5,9.7,37.5,5-4,美浦 田島,510,2,
202503010308,2025-04-19,福島,8,4歳以上1勝クラス,ダ,1150,右,晴,良,"1回 福島 3日目 サラ系４歳以上 １勝クラス       [指] 定量 16頭 本賞金:800,320,200,120,80万円",16,800.0,7,8,15,エスグラシア,牝,6,56.0,秋山稔,69.7,アタマ,11,56.6,36.7,11-10,美浦 加藤和,470,2,
202503010308,2025-04-19,福島,8,4歳以上1勝クラス,ダ,1150,右,晴,良,"1回 福島 3日目 サラ系４歳以上 １勝クラス       [指] 定量 16頭 本賞金:800,320,200,120,80万円",16,800.0,8,8,16,グラニットピーク,セ,5,58.0,丹内,69.9,1.1/4,7,12.7,36.9,11-12,美浦 田島,490,-16,
202503010308,2025-04-19,福島,8,4歳以上1勝クラス,ダ,1150,右,晴,良,"1回 福島 3日目 サラ系４歳以上 １勝クラス       [指] 定量 16頭 本賞金:800,320,200,120,80万円",16,800.0,9,7,14,リワードファラオン,牡,4,58.0,黛,70.0,3/4,3,6.9,37.2,9-10,美浦 村田,518,-6,
202503010308,2025-04-19,福島,8,4歳以上1勝クラス,ダ,1150,右,晴,良,"1回 福島 3日目 サラ系４歳以上 １勝クラス       [指] 定量 16頭 本賞金:800,320,200,120,80万円",16,800.0,10,6,12,コウユーママニニテ,牝,6,56.0,木幡初,70.2,1,9,23.2,36.9,14-13,美浦 竹内,466,4,
202503010308,2025-04-19,福島,8,4歳以上1勝クラス,ダ,1150,右,晴,良,"1回 福島 3日目 サラ系４歳以上 １勝クラス       [指] 定量 16頭 本賞金:800,320,200,120,80万円",16,800.0,11,5,10,メイショウハッブル,牡,4,58.0,角田和,70.4,1,6,11.7,38.0,8-4,栗東 石橋,478,0,
202503010308,2025-04-19,福島,8,4歳以上1勝クラス,ダ,1150,右,晴,良,"1回 福島 3日目 サラ系４歳以上 １勝クラス       [指] 定量 16頭 本賞金:800,320,200,120,80万円",16,800.0,12,1,2,ドヴォルザーク,牡,5,55.0,▲石神道,70.9,3,15,164.3,37.3,15-14,美浦 萱野,514,13,
202503010308,2025-04-19,福島,8,4歳以上1勝クラス,ダ,1150,右,晴,良,"1回 福島 3日目 サラ系４歳以上 １勝クラス       [指] 定量 16頭 本賞金:800,320,200,120,80万円",16,800.0,13,3,5,ミュージアムピース,セ,6,58.0,嶋田,71.0,1,4,9.6,38.9,4-4,美浦 南田,460,-16,
202503010308,2025-04-19,福島,8,4歳以上1勝クラス,ダ,1150,右,晴,良,"1回 福島 3日目 サラ系４歳以上 １勝クラス       [指] 定量 16頭 本賞金:800,320,200,120,80万円",16,800.0,14,2,4,ゴレイジョウ,牝,5,53.0,▲今村,71.3,1.1/2,14,107.2,39.0,5-8,美浦 和田雄,464,6,
202503010308,2025-04-19,福島,8,4歳以上1勝クラス,ダ,1150,右,晴,良,"1回 福島 3日目 サラ系４歳以上 １勝クラス       [指] 定量 16頭 本賞金:800,320,200,120,80万円",16,800.0,15,4,7,アイファーリーベン,牝,6,56.0,的場,72.1,5,16,282.3,38.2,16-16,美浦 的場,454,6,
202503010308,2025-04-19,福島,8,4歳以上1勝クラス,ダ,1150,右,晴,良,"1回 福島 3日目 サラ系４歳以上 １勝クラス       [指] 定量 16頭 本賞金:800,320,200,120,80万円",16,800.0,16,4,8,ホウオウマリアン,牝,4,54.0,◇永島,72.6,2.1/2,12,67.4,39.6,11-14,美浦 尾形,448,13,
202503010309,2025-04-19,福島,9,ひめさゆり賞,芝,2000,右,晴,良,"1回 福島 3日目 サラ系３歳 １勝クラス       (混)(特指) 馬齢 10頭 本賞金:1110,440,280,170,111万円",10,1110.0,1,3,3,デルアヴァー,牡,3,57.0,荻野極,118.8,,1,1.5,34.1,9-9-9-7,栗東 松永幹,476,-2,
202503010309,2025-04-19,福島,9,ひめさゆり賞,芝,2000,右,晴,良,"1回 福島 3日目 サラ系３歳 １勝クラス       (混)(特指) 馬齢 10頭 本賞金:1110,440,280,170,111万円",10,1110.0,2,5,5,ミュージシャン,牡,3,57.0,泉谷,119.1,2,5,14.3,35.2,4-4-4-2,栗東 杉山晴,466,-2,
202503010309,2025-04-19,福島,9,ひめさゆり賞,芝,2000,右,晴,良,"1回 福島 3日目 サラ系３歳 １勝クラス       (混)(特指) 馬齢 10頭 本賞金:1110,440,280,170,111万円",10,1110.0,3,6,6,ジェットブレード,牡,3,57.0,丸山,119.6,3,4,13.4,35.7,4-4-4-4,美浦 青木,478,-16,
202503010309,2025-04-19,福島,9,ひめさゆり賞,芝,2000,右,晴,良,"1回 福島 3日目 サラ系３歳 １勝クラス       (混)(特指) 馬齢 10頭 本賞金:1110,440,280,170,111万円",10,1110.0,4,2,2,ピリカサンライズ,牝,3,55.0,菊沢,119.6,クビ,9,49.5,35.4,6-6-6-7,栗東 牧浦,428,-10,
202503010309,2025-04-19,福島,9,ひめさゆり賞,芝,2000,右,晴,良,"1回 福島 3日目 サラ系３歳 １勝クラス       (混)(特指) 馬齢 10頭 本賞金:1110,440,280,170,111万円",10,1110.0,5,7,7,ノラリクラリ,牡,3,57.0,小沢,119.7,クビ,8,31.7,35.6,6-6-6-4,栗東 藤岡,436,0,
202503010309,2025-04-19,福島,9,ひめさゆり賞,芝,2000,右,晴,良,"1回 福島 3日目 サラ系３歳 １勝クラス       (混)(特指) 馬齢 10頭 本賞金:1110,440,280,170,111万円",10,1110.0,6,8,9,コスモアンソロジー,牡,3,57.0,丹内,119.7,クビ,3,7.6,36.0,3-3-2-1,美浦 嘉藤,450,2,
202503010309,2025-04-19,福島,9,ひめさゆり賞,芝,2000,右,晴,良,"1回 福島 3日目 サラ系３歳 １勝クラス       (混)(特指) 馬齢 10頭 本賞金:1110,440,280,170,111万円",10,1110.0,7,1,1,プレミアシップ,牡,3,57.0,佐々木,119.8,1/2,2,5.6,35.3,8-8-8-4,栗東 吉岡,494,-4,
202503010309,2025-04-19,福島,9,ひめさゆり賞,芝,2000,右,晴,良,"1回 福島 3日目 サラ系３歳 １勝クラス       (混)(特指) 馬齢 10頭 本賞金:1110,440,280,170,111万円",10,1110.0,8,7,8,サトノラポール,牡,3,57.0,永島,121.1,8,6,24.8,38.2,2-1-1-2,美浦 鹿戸,466,-6,
202503010309,2025-04-19,福島,9,ひめさゆり賞,芝,2000,右,晴,良,"1回 福島 3日目 サラ系３歳 １勝クラス       (混)(特指) 馬齢 10頭 本賞金:1110,440,280,170,111万円",10,1110.0,9,4,4,ニシノイストワール,牡,3,57.0,今村,121.2,1/2,7,29.2,36.0,9-9-10-10,美浦 鹿戸,456,-6,
202503010309,2025-04-19,福島,9,ひめさゆり賞,芝,2000,右,晴,良,"1回 福島 3日目 サラ系３歳 １勝クラス       (混)(特指) 馬齢 10頭 本賞金:1110,440,280,170,111万円",10,1110.0,10,8,10,テリオスルナ,牝,3,55.0,古川吉,124.2,大,10,145.9,40.5,1-2-2-9,美浦 高柳瑞,396,-8,
202503010310,2025-04-19,福島,10,桑折特別,芝,2000,右,晴,良,"1回 福島 3日目 サラ系４歳以上 １勝クラス       牝[指] 定量 16頭 本賞金:1110,440,280,170,111万円",16,1110.0,1,1,1,ミスティア,牝,4,56.0,武藤,119.6,,3,6.7,35.3,3-3-5-2,美浦 戸田,476,-6,
202503010310,2025-04-19,福島,10,桑折特別,芝,2000,右,晴,良,"1回 福島 3日目 サラ系４歳以上 １勝クラス       牝[指] 定量 16頭 本賞金:1110,440,280,170,111万円",16,1110.0,2,5,9,エイトスターズ,牝,5,56.0,吉田隼,119.7,1,5,7.8,34.9,10-10-12-9,栗東 坂口,476,0,
202503010310,2025-04-19,福島,10,桑折特別,芝,2000,右,晴,良,"1回 福島 3日目 サラ系４歳以上 １勝クラス       牝[指] 定量 16頭 本賞金:1110,440,280,170,111万円",16,1110.0,3,8,16,ウインデイジー,牝,4,56.0,丸山,119.9,1.1/4,7,10.9,35.7,11-10-2-2,栗東 宮,456,2,
202503010310,2025-04-19,福島,10,桑折特別,芝,2000,右,晴,良,"1回 福島 3日目 サラ系４歳以上 １勝クラス       牝[指] 定量 16頭 本賞金:1110,440,280,170,111万円",16,1110.0,4,6,11,スズカミエール,牝,4,56.0,斎藤,119.9,アタマ,2,4.9,35.2,8-8-10-9,栗東 吉村,468,-2,
202503010310,2025-04-19,福島,10,桑折特別,芝,2000,右,晴,良,"1回 福島 3日目 サラ系４歳以上 １勝クラス       牝[指] 定量 16頭 本賞金:1110,440,280,170,111万円",16,1110.0,5,7,14,ハッピーアズラリー,牝,5,56.0,松本,120.3,2.1/2,14,84.3,35.1,15-14-14-12,栗東 安田,468,8,
202503010310,2025-04-19,福島,10,桑折特別,芝,2000,右,晴,良,"1回 福島 3日目 サラ系４歳以上 １勝クラス       牝[指] 定量 16頭 本賞金:1110,440,280,170,111万円",16,1110.0,6,1,2,コンバットペスカ,牝,4,56.0,古川吉,120.4,クビ,8,18.4,36.4,1-1-1-1,栗東 角田,442,-10,
202503010310,2025-04-19,福島,10,桑折特別,芝,2000,右,晴,良,"1回 福島 3日目 サラ系４歳以上 １勝クラス       牝[指] 定量 16頭 本賞金:1110,440,280,170,111万円",16,1110.0,7,8,15,メアヴィア,牝,4,56.0,横山琉,120.4,クビ,13,65.2,35.8,12-12-7-6,美浦 金成,462,-4,
202503010310,2025-04-19,福島,10,桑折特別,芝,2000,右,晴,良,"1回 福島 3日目 サラ系４歳以上 １勝クラス       牝[指] 定量 16頭 本賞金:1110,440,280,170,111万円",16,1110.0,8,5,10,マハナ,牝,4,56.0,荻野極,120.5,1/2,12,61.1,35.2,16-16-16-15,栗東 井上,422,-14,
202503010310,2025-04-19,福島,10,桑折特別,芝,2000,右,晴,良,"1回 福島 3日目 サラ系４歳以上 １勝クラス       牝[指] 定量 16頭 本賞金:1110,440,280,170,111万円",16,1110.0,9,2,4,オリーボーレン,牝,4,56.0,永島,120.7,1,6,9.7,36.6,2-2-2-2,栗東 藤岡,460,-4,
202503010310,2025-04-19,福島,10,桑折特別,芝,2000,右,晴,良,"1回 福島 3日目 サラ系４歳以上 １勝クラス       牝[指] 定量 16頭 本賞金:1110,440,280,170,111万円",16,1110.0,10,2,3,アンジェリカル,牝,5,56.0,鮫島良,120.7,クビ,16,195.6,36.1,7-6-7-9,栗東 河嶋,446,-2,
202503010310,2025-04-19,福島,10,桑折特別,芝,2000,右,晴,良,"1回 福島 3日目 サラ系４歳以上 １勝クラス       牝[指] 定量 16頭 本賞金:1110,440,280,170,111万円",16,1110.0,11,4,7,アレナリア,牝,6,56.0,佐々木,120.8,クビ,4,7.5,36.3,5-6-7-6,栗東 西園翔,436,-2,
202503010310,2025-04-19,福島,10,桑折特別,芝,2000,右,晴,良,"1回 福島 3日目 サラ系４歳以上 １勝クラス       牝[指] 定量 16頭 本賞金:1110,440,280,170,111万円",16,1110.0,12,3,6,テリオスルル,牝,4,56.0,丹内,121.2,2.1/2,1,4.0,37.0,3-3-2-2,美浦 田島,474,0,
202503010310,2025-04-19,福島,10,桑折特別,芝,2000,右,晴,良,"1回 福島 3日目 サラ系４歳以上 １勝クラス       牝[指] 定量 16頭 本賞金:1110,440,280,170,111万円",16,1110.0,13,3,5,トリオンファルマン,牝,5,56.0,角田和,121.2,クビ,9,19.0,36.8,5-5-6-6,栗東 笹田,440,18,
202503010310,2025-04-19,福島,10,桑折特別,芝,2000,右,晴,良,"1回 福島 3日目 サラ系４歳以上 １勝クラス       牝[指] 定量 16頭 本賞金:1110,440,280,170,111万円",16,1110.0,14,7,13,スナークサファイア,牝,4,56.0,小崎,121.3,クビ,11,60.0,36.4,8-8-12-13,栗東 宮地,480,-10,
202503010310,2025-04-19,福島,10,桑折特別,芝,2000,右,晴,良,"1回 福島 3日目 サラ系４歳以上 １勝クラス       牝[指] 定量 16頭 本賞金:1110,440,280,170,111万円",16,1110.0,15,6,12,リエータメンテ,牝,4,56.0,亀田,121.6,1.3/4,15,113.4,36.9,14-14-10-14,栗東 佐藤悠,468,4,
202503010310,2025-04-19,福島,10,桑折特別,芝,2000,右,晴,良,"1回 福島 3日目 サラ系４歳以上 １勝クラス       牝[指] 定量 16頭 本賞金:1110,440,280,170,111万円",16,1110.0,16,4,8,シュホ,牝,6,56.0,菊沢,121.6,アタマ,10,45.0,36.5,12-12-14-15,美浦 尾関,422,2,
202503010311,2025-04-19,福島,11,ラジオ福島賞,ダ,1700,右,晴,良,"1回 福島 3日目 サラ系４歳以上 ２勝クラス       (混)[指] ハンデ 15頭 本賞金:1550,620,390,230,155万円",15,1550.0,1,6,10,クーアフュルスト,牡,4,56.0,丹内,106.6,,1,3.3,38.1,4-5-3-3,美浦 大和田,470,2,
202503010311,2025-04-19,福島,11,ラジオ福島賞,ダ,1700,右,晴,良,"1回 福島 3日目 サラ系４歳以上 ２勝クラス       (混)[指] ハンデ 15頭 本賞金:1550,620,390,230,155万円",15,1550.0,2,3,4,アイファーグローブ,牡,6,55.0,秋山稔,106.7,3/4,9,21.3,38.3,2-2-2-2,美浦 蛯名利,478,0,
202503010311,2025-04-19,福島,11,ラジオ福島賞,ダ,1700,右,晴,良,"1回 福島 3日目 サラ系４歳以上 ２勝クラス       (混)[指] ハンデ 15頭 本賞金:1550,620,390,230,155万円",15,1550.0,3,5,8,コパノエビータ,牝,4,52.0,嶋田,107.0,2,10,30.9,38.2,4-4-6-4,美浦 手塚久,416,-2,
202503010311,2025-04-19,福島,11,ラジオ福島賞,ダ,1700,右,晴,良,"1回 福島 3日目 サラ系４歳以上 ２勝クラス       (混)[指] ハンデ 15頭 本賞金:1550,620,390,230,155万円",15,1550.0,4,1,1,メイショウジェンマ,牡,5,55.0,角田和,107.1,クビ,4,7.4,37.9,7-7-10-10,栗東 飯田,464,0,
202503010311,2025-04-19,福島,11,ラジオ福島賞,ダ,1700,右,晴,良,"1回 福島 3日目 サラ系４歳以上 ２勝クラス       (混)[指] ハンデ 15頭 本賞金:1550,620,390,230,155万円",15,1550.0,5,8,15,プレイサーゴールド,牡,5,56.0,小沢,107.5,2.1/2,3,6.0,38.7,7-7-6-4,栗東 今野,494,-12,
202503010311,2025-04-19,福島,11,ラジオ福島賞,ダ,1700,右,晴,良,"1回 福島 3日目 サラ系４歳以上 ２勝クラス       (混)[指] ハンデ 15頭 本賞金:1550,620,390,230,155万円",15,1550.0,6,7,12,ブーバー,牝,5,53.0,菊沢,107.5,ハナ,7,14.3,39.2,1-1-1-1,美浦 新開,428,-6,
202503010311,2025-04-19,福島,11,ラジオ福島賞,ダ,1700,右,晴,良,"1回 福島 3日目 サラ系４歳以上 ２勝クラス       (混)[指] ハンデ 15頭 本賞金:1550,620,390,230,155万円",15,1550.0,7,4,7,ネビュルーズ,牡,5,55.0,斎藤,107.5,アタマ,8,17.8,38.4,7-7-9-8,美浦 鹿戸,478,-6,
202503010311,2025-04-19,福島,11,ラジオ福島賞,ダ,1700,右,晴,良,"1回 福島 3日目 サラ系４歳以上 ２勝クラス       (混)[指] ハンデ 15頭 本賞金:1550,620,390,230,155万円",15,1550.0,8,2,2,スペンサーバローズ,牡,5,55.0,荻野極,107.6,クビ,6,13.4,38.7,4-5-8-8,美浦 蛯名正,494,0,
202503010311,2025-04-19,福島,11,ラジオ福島賞,ダ,1700,右,晴,良,"1回 福島 3日目 サラ系４歳以上 ２勝クラス       (混)[指] ハンデ 15頭 本賞金:1550,620,390,230,155万円",15,1550.0,9,8,14,フォーワンセルフ,牡,6,53.0,藤懸,107.6,クビ,11,39.6,38.2,15-15-12-10,美浦 小手川,524,-2,
202503010311,2025-04-19,福島,11,ラジオ福島賞,ダ,1700,右,晴,良,"1回 福島 3日目 サラ系４歳以上 ２勝クラス       (混)[指] ハンデ 15頭 本賞金:1550,620,390,230,155万円",15,1550.0,10,3,5,サヴァビアン,牡,7,54.0,松本,107.8,3/4,15,122.9,38.3,12-12-12-12,栗東 羽月,444,8,
202503010311,2025-04-19,福島,11,ラジオ福島賞,ダ,1700,右,晴,良,"1回 福島 3日目 サラ系４歳以上 ２勝クラス       (混)[指] ハンデ 15頭 本賞金:1550,620,390,230,155万円",15,1550.0,11,6,11,アルムエアフォルク,牝,5,52.0,永島,107.9,1/2,5,8.1,38.2,13-14-15-12,栗東 平田,476,4,
202503010311,2025-04-19,福島,11,ラジオ福島賞,ダ,1700,右,晴,良,"1回 福島 3日目 サラ系４歳以上 ２勝クラス       (混)[指] ハンデ 15頭 本賞金:1550,620,390,230,155万円",15,1550.0,12,4,6,ツインビスケッツ,牝,5,52.0,石田,107.9,クビ,13,50.8,38.3,13-12-14-12,美浦 新開,460,-2,
202503010311,2025-04-19,福島,11,ラジオ福島賞,ダ,1700,右,晴,良,"1回 福島 3日目 サラ系４歳以上 ２勝クラス       (混)[指] ハンデ 15頭 本賞金:1550,620,390,230,155万円",15,1550.0,13,5,9,ラオラシオン,牡,4,56.0,吉田隼,108.1,1.1/4,2,6.0,39.5,7-10-5-7,美浦 斎藤誠,496,12,
202503010311,2025-04-19,福島,11,ラジオ福島賞,ダ,1700,右,晴,良,"1回 福島 3日目 サラ系４歳以上 ２勝クラス       (混)[指] ハンデ 15頭 本賞金:1550,620,390,230,155万円",15,1550.0,14,7,13,パスカリ,牝,5,53.0,武藤,109.1,6,12,50.5,40.6,3-3-3-4,美浦 池上,482,4,
202503010311,2025-04-19,福島,11,ラジオ福島賞,ダ,1700,右,晴,良,"1回 福島 3日目 サラ系４歳以上 ２勝クラス       (混)[指] ハンデ 15頭 本賞金:1550,620,390,230,155万円",15,1550.0,15,2,3,レゾンドゥスリール,セ,7,55.0,亀田,109.9,5,14,77.4,40.7,7-10-10-12,栗東 辻野,458,4,
202503010312,2025-04-19,福島,12,4歳以上1勝クラス,芝,1200,右,晴,良,"1回 福島 3日目 サラ系４歳以上 １勝クラス       [指] 定量 16頭 本賞金:800,320,200,120,80万円",16,800.0,1,2,4,エクセルゴールド,牡,4,58.0,菊沢,68.5,,1,3.4,34.0,6-5,美浦 武市,478,-8,
202503010312,2025-04-19,福島,12,4歳以上1勝クラス,芝,1200,右,晴,良,"1回 福島 3日目 サラ系４歳以上 １勝クラス       [指] 定量 16頭 本賞金:800,320,200,120,80万円",16,800.0,2,1,2,ルージュレベッカ,牝,4,56.0,古川吉,68.6,1/2,10,21.0,34.5,3-3,栗東 昆,460,4,
202503010312,2025-04-19,福島,12,4歳以上1勝クラス,芝,1200,右,晴,良,"1回 福島 3日目 サラ系４歳以上 １勝クラス       [指] 定量 16頭 本賞金:800,320,200,120,80万円",16,800.0,3,4,8,ビアフォーナウ,牝,4,56.0,亀田,68.6,クビ,14,98.1,33.7,13-9,美浦 池上,444,0,
202503010312,2025-04-19,福島,12,4歳以上1勝クラス,芝,1200,右,晴,良,"1回 福島 3日目 サラ系４歳以上 １勝クラス       [指] 定量 16頭 本賞金:800,320,200,120,80万円",16,800.0,4,1,1,クレセントウイング,セ,5,58.0,藤懸,68.7,アタマ,5,10.2,33.4,16-14,美浦 高橋文,458,-8,
202503010312,2025-04-19,福島,12,4歳以上1勝クラス,芝,1200,右,晴,良,"1回 福島 3日目 サラ系４歳以上 １勝クラス       [指] 定量 16頭 本賞金:800,320,200,120,80万円",16,800.0,5,3,6,ナムライリス,牝,4,56.0,角田和,68.7,クビ,11,45.3,34.5,4-3,栗東 中竹,438,-8,
202503010312,2025-04-19,福島,12,4歳以上1勝クラス,芝,1200,右,晴,良,"1回 福島 3日目 サラ系４歳以上 １勝クラス       [指] 定量 16頭 本賞金:800,320,200,120,80万円",16,800.0,6,4,7,マテンロウアネモス,牝,5,53.0,▲今村,68.8,1/2,7,13.0,34.9,2-1,美浦 久保田,444,-12,
202503010312,2025-04-19,福島,12,4歳以上1勝クラス,芝,1200,右,晴,良,"1回 福島 3日目 サラ系４歳以上 １勝クラス       [指] 定量 16頭 本賞金:800,320,200,120,80万円",16,800.0,7,3,5,ペルフェツィオーネ,牡,4,58.0,斎藤,69.0,1.1/4,6,10.9,34.2,11-9,栗東 杉山佳,456,-2,
202503010312,2025-04-19,福島,12,4歳以上1勝クラス,芝,1200,右,晴,良,"1回 福島 3日目 サラ系４歳以上 １勝クラス       [指] 定量 16頭 本賞金:800,320,200,120,80万円",16,800.0,8,5,10,メラヴィリオーザ,牝,5,56.0,原田和,69.0,クビ,12,56.0,33.9,15-16,美浦 栗田,460,0,
202503010312,2025-04-19,福島,12,4歳以上1勝クラス,芝,1200,右,晴,良,"1回 福島 3日目 サラ系４歳以上 １勝クラス       [指] 定量 16頭 本賞金:800,320,200,120,80万円",16,800.0,9,6,12,ジャグアール,牡,4,58.0,丹内,69.0,ハナ,4,9.4,34.5,6-7,美浦 矢野,458,-4,
202503010312,2025-04-19,福島,12,4歳以上1勝クラス,芝,1200,右,晴,良,"1回 福島 3日目 サラ系４歳以上 １勝クラス       [指] 定量 16頭 本賞金:800,320,200,120,80万円",16,800.0,10,7,13,ニシノアヤカゼ,牝,4,52.0,★小林美,69.0,ハナ,8,13.7,34.8,4-5,美浦 鈴木伸,462,-2,
202503010312,2025-04-19,福島,12,4歳以上1勝クラス,芝,1200,右,晴,良,"1回 福島 3日目 サラ系４歳以上 １勝クラス       [指] 定量 16頭 本賞金:800,320,200,120,80万円",16,800.0,11,6,11,レッドカメリア,牝,5,56.0,黛,69.1,クビ,13,71.9,34.2,13-14,美浦 佐藤吉,446,-10,
202503010312,2025-04-19,福島,12,4歳以上1勝クラス,芝,1200,右,晴,良,"1回 福島 3日目 サラ系４歳以上 １勝クラス       [指] 定量 16頭 本賞金:800,320,200,120,80万円",16,800.0,12,5,9,ナックブレイブ,牡,5,58.0,木幡初,69.1,ハナ,15,132.8,35.3,1-2,美浦 杉浦,496,-18,
202503010312,2025-04-19,福島,12,4歳以上1勝クラス,芝,1200,右,晴,良,"1回 福島 3日目 サラ系４歳以上 １勝クラス       [指] 定量 16頭 本賞金:800,320,200,120,80万円",16,800.0,13,8,16,サウンドレイラ,牝,5,56.0,吉田隼,69.2,1/2,3,7.5,34.5,11-12,栗東 渡辺,468,-2,
202503010312,2025-04-19,福島,12,4歳以上1勝クラス,芝,1200,右,晴,良,"1回 福島 3日目 サラ系４歳以上 １勝クラス       [指] 定量 16頭 本賞金:800,320,200,120,80万円",16,800.0,14,8,15,カフェクロニクル,牡,6,58.0,佐々木,69.3,3/4,2,4.7,34.7,10-12,美浦 堀,474,4,
202503010312,2025-04-19,福島,12,4歳以上1勝クラス,芝,1200,右,晴,良,"1回 福島 3日目 サラ系４歳以上 １勝クラス       [指] 定量 16頭 本賞金:800,320,200,120,80万円",16,800.0,15,7,14,コスモジョセフ,牡,5,55.0,▲石神道,69.5,1.1/4,9,20.2,35.1,6-9,美浦 伊藤大,496,-6,
202503010312,2025-04-19,福島,12,4歳以上1勝クラス,芝,1200,右,晴,良,"1回 福島 3日目 サラ系４歳以上 １勝クラス       [指] 定量 16頭 本賞金:800,320,200,120,80万円",16,800.0,16,2,3,ツィスカリーゼ,牡,5,58.0,的場,69.5,アタマ,16,246.3,35.1,6-7,美浦 的場,450,-4,
202506030701,2025-04-19,中山,1,3歳未勝利,ダ,1200,右,晴,良,"3回 中山 7日目 サラ系３歳 未勝利       牝 馬齢 14頭 本賞金:560,220,140,84,56万円",14,560.0,1,4,5,ドナカルナバル,牝,3,55.0,菅原明,71.9,,2,3.8,37.1,1-1,美浦 高木,476,4,
202506030701,2025-04-19,中山,1,3歳未勝利,ダ,1200,右,晴,良,"3回 中山 7日目 サラ系３歳 未勝利       牝 馬齢 14頭 本賞金:560,220,140,84,56万円",14,560.0,2,6,10,ハーモニーソング,牝,3,55.0,モレイ,71.9,クビ,1,1.3,37.0,3-3,美浦 田島,456,4,
202506030701,2025-04-19,中山,1,3歳未勝利,ダ,1200,右,晴,良,"3回 中山 7日目 サラ系３歳 未勝利       牝 馬齢 14頭 本賞金:560,220,140,84,56万円",14,560.0,3,5,8,ピコグリーン,牝,3,55.0,木幡巧,72.7,5,12,102.0,37.6,4-4,美浦 牧,454,2,
202506030701,2025-04-19,中山,1,3歳未勝利,ダ,1200,右,晴,良,"3回 中山 7日目 サラ系３歳 未勝利       牝 馬齢 14頭 本賞金:560,220,140,84,56万円",14,560.0,4,6,9,シンガソング,牝,3,55.0,杉原,73.2,3,3,14.1,38.0,4-5,美浦 土田,428,0,
202506030701,2025-04-19,中山,1,3歳未勝利,ダ,1200,右,晴,良,"3回 中山 7日目 サラ系３歳 未勝利       牝 馬齢 14頭 本賞金:560,220,140,84,56万円",14,560.0,5,8,13,サトミノマリア,牝,3,55.0,津村,73.3,3/4,4,26.4,37.4,7-7,美浦 鈴木伸,492,0,
202506030701,2025-04-19,中山,1,3歳未勝利,ダ,1200,右,晴,良,"3回 中山 7日目 サラ系３歳 未勝利       牝 馬齢 14頭 本賞金:560,220,140,84,56万円",14,560.0,6,3,4,シスター,牝,3,55.0,北村宏,73.4,クビ,7,49.4,37.3,8-8,美浦 勢司,484,0,
202506030701,2025-04-19,中山,1,3歳未勝利,ダ,1200,右,晴,良,"3回 中山 7日目 サラ系３歳 未勝利       牝 馬齢 14頭 本賞金:560,220,140,84,56万円",14,560.0,7,4,6,ラヴィングユー,牝,3,52.0,▲佐藤,73.7,1.3/4,5,35.7,38.9,2-2,栗東 谷,496,0,
202506030701,2025-04-19,中山,1,3歳未勝利,ダ,1200,右,晴,良,"3回 中山 7日目 サラ系３歳 未勝利       牝 馬齢 14頭 本賞金:560,220,140,84,56万円",14,560.0,8,3,3,キカオクベシ,牝,3,53.0,△長浜,73.7,クビ,9,78.0,36.0,14-14,美浦 根本,448,0,
202506030701,2025-04-19,中山,1,3歳未勝利,ダ,1200,右,晴,良,"3回 中山 7日目 サラ系３歳 未勝利       牝 馬齢 14頭 本賞金:560,220,140,84,56万円",14,560.0,9,8,14,エウテルペ,牝,3,55.0,石川,73.9,1,10,81.9,37.4,11-11,美浦 和田郎,456,-4,
202506030701,2025-04-19,中山,1,3歳未勝利,ダ,1200,右,晴,良,"3回 中山 7日目 サラ系３歳 未勝利       牝 馬齢 14頭 本賞金:560,220,140,84,56万円",14,560.0,10,7,12,カシノベティ,牝,3,52.0,▲土田,74.3,2.1/2,14,327.8,38.5,6-6,美浦 和田雄,448,0,
202506030701,2025-04-19,中山,1,3歳未勝利,ダ,1200,右,晴,良,"3回 中山 7日目 サラ系３歳 未勝利       牝 馬齢 14頭 本賞金:560,220,140,84,56万円",14,560.0,11,2,2,ギフトバスケット,牝,3,55.0,内田博,74.3,アタマ,8,69.5,37.0,13-13,美浦 小西,412,-4,
202506030701,2025-04-19,中山,1,3歳未勝利,ダ,1200,右,晴,良,"3回 中山 7日目 サラ系３歳 未勝利       牝 馬齢 14頭 本賞金:560,220,140,84,56万円",14,560.0,12,5,7,トロピカルレイン,牝,3,55.0,三浦,74.4,3/4,6,42.9,38.2,8-8,栗東 斉藤崇,478,-4,
202506030701,2025-04-19,中山,1,3歳未勝利,ダ,1200,右,晴,良,"3回 中山 7日目 サラ系３歳 未勝利       牝 馬齢 14頭 本賞金:560,220,140,84,56万円",14,560.0,13,1,1,アカイツキ,牝,3,55.0,松岡,75.2,5,13,183.1,38.7,11-11,栗東 牧田,482,-6,
202506030701,2025-04-19,中山,1,3歳未勝利,ダ,1200,右,晴,良,"3回 中山 7日目 サラ系３歳 未勝利       牝 馬齢 14頭 本賞金:560,220,140,84,56万円",14,560.0,14,7,11,リリアンファスト,牝,3,55.0,横山和,75.3,1/2,11,89.7,39.1,8-10,美浦 嘉藤,442,4,
202506030702,2025-04-19,中山,2,3歳未勝利,ダ,1800,右,晴,良,"3回 中山 7日目 サラ系３歳 未勝利       馬齢 10頭 本賞金:560,220,140,84,56万円",10,560.0,1,4,4,リザードアイランド,牡,3,57.0,横山和,113.3,,3,3.8,37.6,2-2-2-2,美浦 田村,482,-4,
202506030702,2025-04-19,中山,2,3歳未勝利,ダ,1800,右,晴,良,"3回 中山 7日目 サラ系３歳 未勝利       馬齢 10頭 本賞金:560,220,140,84,56万円",10,560.0,2,6,6,スコーピオンイメル,牡,3,57.0,石橋脩,114.0,4,1,2.4,38.9,1-1-1-1,栗東 武英,490,-4,
202506030702,2025-04-19,中山,2,3歳未勝利,ダ,1800,右,晴,良,"3回 中山 7日目 サラ系３歳 未勝利       馬齢 10頭 本賞金:560,220,140,84,56万円",10,560.0,3,3,3,セブンスウェイ,牡,3,57.0,丸田,114.7,4,4,10.9,38.8,4-3-3-3,美浦 清水英,498,-4,
202506030702,2025-04-19,中山,2,3歳未勝利,ダ,1800,右,晴,良,"3回 中山 7日目 サラ系３歳 未勝利       馬齢 10頭 本賞金:560,220,140,84,56万円",10,560.0,4,2,2,マーゴットゲイン,牡,3,57.0,木幡巧,115.2,2.1/2,6,34.3,37.8,10-10-10-8,美浦 伊坂,466,6,
202506030702,2025-04-19,中山,2,3歳未勝利,ダ,1800,右,晴,良,"3回 中山 7日目 サラ系３歳 未勝利       馬齢 10頭 本賞金:560,220,140,84,56万円",10,560.0,5,1,1,カーフキック,牡,3,57.0,モレイ,115.4,1.1/4,2,2.6,39.2,5-5-4-4,美浦 高橋文,446,-2,
202506030702,2025-04-19,中山,2,3歳未勝利,ダ,1800,右,晴,良,"3回 中山 7日目 サラ系３歳 未勝利       馬齢 10頭 本賞金:560,220,140,84,56万円",10,560.0,6,8,10,パブリックスフィア,牡,3,57.0,北村宏,115.6,1.1/2,8,80.8,39.1,5-5-6-5,美浦 奥村武,454,-6,
202506030702,2025-04-19,中山,2,3歳未勝利,ダ,1800,右,晴,良,"3回 中山 7日目 サラ系３歳 未勝利       馬齢 10頭 本賞金:560,220,140,84,56万円",10,560.0,7,7,8,ブラーブデシジョン,牡,3,57.0,野中,116.7,7,7,51.7,40.3,3-3-5-5,美浦 牧,456,-2,
202506030702,2025-04-19,中山,2,3歳未勝利,ダ,1800,右,晴,良,"3回 中山 7日目 サラ系３歳 未勝利       馬齢 10頭 本賞金:560,220,140,84,56万円",10,560.0,8,8,9,ロジアヴァンセ,牡,3,57.0,三浦,117.3,3.1/2,5,22.1,40.0,9-9-9-10,美浦 新開,500,2,
202506030702,2025-04-19,中山,2,3歳未勝利,ダ,1800,右,晴,良,"3回 中山 7日目 サラ系３歳 未勝利       馬齢 10頭 本賞金:560,220,140,84,56万円",10,560.0,9,7,7,キャバリエクエスト,牡,3,55.0,△長浜,118.0,4,9,260.0,41.0,8-8-7-8,美浦 大和田,474,6,
202506030702,2025-04-19,中山,2,3歳未勝利,ダ,1800,右,晴,良,"3回 中山 7日目 サラ系３歳 未勝利       馬齢 10頭 本賞金:560,220,140,84,56万円",10,560.0,10,5,5,リネンフラッシュ,セ,3,57.0,柴田大,118.7,4,10,287.5,41.8,5-5-7-7,美浦 粕谷,450,4,
202506030703,2025-04-19,中山,3,3歳未勝利,ダ,1200,右,晴,良,"3回 中山 7日目 サラ系３歳 未勝利       馬齢 16頭 本賞金:560,220,140,84,56万円",16,560.0,1,1,1,ショーモッシュ,牡,3,57.0,横山武,72.8,,2,4.3,37.5,1-1,美浦 鈴木伸,504,0,
202506030703,2025-04-19,中山,3,3歳未勝利,ダ,1200,右,晴,良,"3回 中山 7日目 サラ系３歳 未勝利       馬齢 16頭 本賞金:560,220,140,84,56万円",16,560.0,2,4,8,ショウナンラリー,牡,3,57.0,吉田豊,72.8,クビ,1,2.3,37.4,2-2,美浦 嘉藤,482,-8,
202506030703,2025-04-19,中山,3,3歳未勝利,ダ,1200,右,晴,良,"3回 中山 7日目 サラ系３歳 未勝利       馬齢 16頭 本賞金:560,220,140,84,56万円",16,560.0,3,7,13,エスシーレベッカ,牝,3,55.0,田辺,73.2,2,8,32.9,37.5,5-3,美浦 加藤士,446,-12,
202506030703,2025-04-19,中山,3,3歳未勝利,ダ,1200,右,晴,良,"3回 中山 7日目 サラ系３歳 未勝利       馬齢 16頭 本賞金:560,220,140,84,56万円",16,560.0,4,5,9,フルグライト,牡,3,57.0,松岡,73.2,クビ,7,31.6,37.6,3-3,美浦 堀内,466,-2,
202506030703,2025-04-19,中山,3,3歳未勝利,ダ,1200,右,晴,良,"3回 中山 7日目 サラ系３歳 未勝利       馬齢 16頭 本賞金:560,220,140,84,56万円",16,560.0,5,8,16,ウインレアリゼ,牝,3,55.0,三浦,73.3,1/2,5,10.8,37.6,5-6,美浦 小手川,462,-2,
202506030703,2025-04-19,中山,3,3歳未勝利,ダ,1200,右,晴,良,"3回 中山 7日目 サラ系３歳 未勝利       馬齢 16頭 本賞金:560,220,140,84,56万円",16,560.0,6,3,5,カフェブーケット,牡,3,57.0,横山和,73.5,1.1/4,10,48.8,36.6,12-10,美浦 柄崎,480,0,
202506030703,2025-04-19,中山,3,3歳未勝利,ダ,1200,右,晴,良,"3回 中山 7日目 サラ系３歳 未勝利       馬齢 16頭 本賞金:560,220,140,84,56万円",16,560.0,7,6,11,ベルレオーネ,牡,3,57.0,石川,73.6,1/2,14,84.3,36.3,14-13,美浦 天間,460,0,
202506030703,2025-04-19,中山,3,3歳未勝利,ダ,1200,右,晴,良,"3回 中山 7日目 サラ系３歳 未勝利       馬齢 16頭 本賞金:560,220,140,84,56万円",16,560.0,8,4,7,ビレッジルミエール,牝,3,52.0,▲佐藤,73.6,ハナ,9,37.5,37.6,7-7,美浦 伊藤圭,444,2,
202506030703,2025-04-19,中山,3,3歳未勝利,ダ,1200,右,晴,良,"3回 中山 7日目 サラ系３歳 未勝利       馬齢 16頭 本賞金:560,220,140,84,56万円",16,560.0,9,8,15,コウソクグルーヴ,牝,3,55.0,北村宏,73.6,アタマ,3,5.7,37.6,7-7,美浦 中舘,434,-6,
202506030703,2025-04-19,中山,3,3歳未勝利,ダ,1200,右,晴,良,"3回 中山 7日目 サラ系３歳 未勝利       馬齢 16頭 本賞金:560,220,140,84,56万円",16,560.0,10,5,10,アルパインハット,牝,3,55.0,大野,73.7,1/2,4,8.6,38.1,3-3,美浦 上原博,432,-6,
202506030703,2025-04-19,中山,3,3歳未勝利,ダ,1200,右,晴,良,"3回 中山 7日目 サラ系３歳 未勝利       馬齢 16頭 本賞金:560,220,140,84,56万円",16,560.0,11,7,14,オロパタジン,牡,3,55.0,△長浜,73.9,1.1/4,6,26.7,37.6,9-9,美浦 相沢,474,8,
202506030703,2025-04-19,中山,3,3歳未勝利,ダ,1200,右,晴,良,"3回 中山 7日目 サラ系３歳 未勝利       馬齢 16頭 本賞金:560,220,140,84,56万円",16,560.0,12,2,3,ペイシャケリー,牝,3,55.0,野中,74.0,1/2,11,54.8,36.9,13-13,美浦 本間,440,-2,
202506030703,2025-04-19,中山,3,3歳未勝利,ダ,1200,右,晴,良,"3回 中山 7日目 サラ系３歳 未勝利       馬齢 16頭 本賞金:560,220,140,84,56万円",16,560.0,13,6,12,アイビーガオー,牡,3,57.0,原,74.1,1/2,12,61.8,37.6,10-10,美浦 青木,436,2,
202506030703,2025-04-19,中山,3,3歳未勝利,ダ,1200,右,晴,良,"3回 中山 7日目 サラ系３歳 未勝利       馬齢 16頭 本賞金:560,220,140,84,56万円",16,560.0,14,3,6,アオイフォトグラフ,牝,3,52.0,▲土田,74.5,2.1/2,16,406.3,37.8,11-12,美浦 加藤和,500,-2,
202506030703,2025-04-19,中山,3,3歳未勝利,ダ,1200,右,晴,良,"3回 中山 7日目 サラ系３歳 未勝利       馬齢 16頭 本賞金:560,220,140,84,56万円",16,560.0,15,1,2,リケアエスプレッソ,牡,3,57.0,江田照,75.4,5,13,79.5,38.0,14-15,美浦 小野,446,-4,
202506030703,2025-04-19,中山,3,3歳未勝利,ダ,1200,右,晴,良,"3回 中山 7日目 サラ系３歳 未勝利       馬齢 16頭 本賞金:560,220,140,84,56万円",16,560.0,16,2,4,クールマーキュリー,牡,3,57.0,石橋脩,76.3,5,15,181.3,37.4,16-16,美浦 矢野,438,0,
202506030704,2025-04-19,中山,4,3歳未勝利,ダ,1800,右,晴,良,"3回 中山 7日目 サラ系３歳 未勝利       馬齢 13頭 本賞金:560,220,140,84,56万円",13,560.0,1,8,13,アルティテュード,牡,3,57.0,モレイ,115.3,,1,1.8,38.7,4-4-2-3,美浦 森一,486,-6,
202506030704,2025-04-19,中山,4,3歳未勝利,ダ,1800,右,晴,良,"3回 中山 7日目 サラ系３歳 未勝利       馬齢 13頭 本賞金:560,220,140,84,56万円",13,560.0,2,4,4,メイショウコウベ,牡,3,57.0,大野,115.8,3,2,2.9,39.3,2-2-2-2,美浦 和田勇,476,2,
202506030704,2025-04-19,中山,4,3歳未勝利,ダ,1800,右,晴,良,"3回 中山 7日目 サラ系３歳 未勝利       馬齢 13頭 本賞金:560,220,140,84,56万円",13,560.0,3,8,12,ステイアンビシャス,牡,3,57.0,松岡,116.4,3.1/2,5,37.2,39.2,13-13-10-10,美浦 堀内,488,0,
202506030704,2025-04-19,中山,4,3歳未勝利,ダ,1800,右,晴,良,"3回 中山 7日目 サラ系３歳 未勝利       馬齢 13頭 本賞金:560,220,140,84,56万円",13,560.0,4,2,2,エイシンパルサー,牡,3,57.0,江田照,116.5,1/2,9,77.6,40.1,1-1-1-1,美浦 田中剛,502,-6,
202506030704,2025-04-19,中山,4,3歳未勝利,ダ,1800,右,晴,良,"3回 中山 7日目 サラ系３歳 未勝利       馬齢 13頭 本賞金:560,220,140,84,56万円",13,560.0,5,1,1,ホウオウサンサール,牡,3,57.0,菅原明,116.6,1/2,3,4.8,39.6,10-9-6-6,美浦 高木,508,0,
202506030704,2025-04-19,中山,4,3歳未勝利,ダ,1800,右,晴,良,"3回 中山 7日目 サラ系３歳 未勝利       馬齢 13頭 本賞金:560,220,140,84,56万円",13,560.0,6,4,5,コスモグッドラック,牡,3,57.0,柴田大,116.6,クビ,6,51.4,39.9,4-4-5-5,美浦 松永康,508,0,
202506030704,2025-04-19,中山,4,3歳未勝利,ダ,1800,右,晴,良,"3回 中山 7日目 サラ系３歳 未勝利       馬齢 13頭 本賞金:560,220,140,84,56万円",13,560.0,7,3,3,タガノアニマシオン,セ,3,57.0,城戸,117.6,6,7,69.5,40.4,12-12-10-10,栗東 奥村豊,480,0,
202506030704,2025-04-19,中山,4,3歳未勝利,ダ,1800,右,晴,良,"3回 中山 7日目 サラ系３歳 未勝利       馬齢 13頭 本賞金:560,220,140,84,56万円",13,560.0,8,7,10,グランスターオー,牡,3,54.0,▲土田,117.6,クビ,12,257.6,39.6,11-11-13-13,美浦 加藤和,492,-10,
202506030704,2025-04-19,中山,4,3歳未勝利,ダ,1800,右,晴,良,"3回 中山 7日目 サラ系３歳 未勝利       馬齢 13頭 本賞金:560,220,140,84,56万円",13,560.0,9,7,11,ハッスルアニキ,牡,3,55.0,△長浜,118.1,3,10,150.2,41.1,8-8-6-7,美浦 鈴木慎,474,-4,
202506030704,2025-04-19,中山,4,3歳未勝利,ダ,1800,右,晴,良,"3回 中山 7日目 サラ系３歳 未勝利       馬齢 13頭 本賞金:560,220,140,84,56万円",13,560.0,10,5,6,アスクコモンタレヴ,牡,3,57.0,北村宏,118.1,アタマ,4,15.7,41.6,2-3-2-4,栗東 梅田,450,-4,
202506030704,2025-04-19,中山,4,3歳未勝利,ダ,1800,右,晴,良,"3回 中山 7日目 サラ系３歳 未勝利       馬齢 13頭 本賞金:560,220,140,84,56万円",13,560.0,11,5,7,ジュンベルベット,牡,3,57.0,木幡巧,118.1,アタマ,11,255.8,41.1,6-7-6-7,美浦 伊坂,444,-2,
202506030704,2025-04-19,中山,4,3歳未勝利,ダ,1800,右,晴,良,"3回 中山 7日目 サラ系３歳 未勝利       馬齢 13頭 本賞金:560,220,140,84,56万円",13,560.0,12,6,9,ミヤファイター,牝,3,55.0,原,118.5,2.1/2,8,74.3,41.5,6-4-6-7,美浦 小手川,486,-6,
202506030704,2025-04-19,中山,4,3歳未勝利,ダ,1800,右,晴,良,"3回 中山 7日目 サラ系３歳 未勝利       馬齢 13頭 本賞金:560,220,140,84,56万円",13,560.0,13,6,8,ステイラッキー,牝,3,55.0,内田博,119.1,3.1/2,13,275.6,41.6,9-9-12-12,美浦 天間,448,-14,
202506030705,2025-04-19,中山,5,3歳未勝利,芝,1600,右,晴,良,"3回 中山 7日目 サラ系３歳 未勝利       馬齢 16頭 本賞金:560,220,140,84,56万円",16,560.0,1,4,7,リバーバレイト,牡,3,57.0,モレイ,92.0,,1,1.3,34.2,3-2-2,美浦 堀,458,-4,
202506030705,2025-04-19,中山,5,3歳未勝利,芝,1600,右,晴,良,"3回 中山 7日目 サラ系３歳 未勝利       馬齢 16頭 本賞金:560,220,140,84,56万円",16,560.0,2,1,1,トレヴィ,牝,3,55.0,津村,92.5,3,2,3.2,34.9,1-1-1,美浦 木村,440,-4,
202506030705,2025-04-19,中山,5,3歳未勝利,芝,1600,右,晴,良,"3回 中山 7日目 サラ系３歳 未勝利       馬齢 16頭 本賞金:560,220,140,84,56万円",16,560.0,3,6,11,タイキブライトン,牡,3,57.0,原,93.0,3,3,14.8,34.9,6-4-3,美浦 萱野,452,-2,
202506030705,2025-04-19,中山,5,3歳未勝利,芝,1600,右,晴,良,"3回 中山 7日目 サラ系３歳 未勝利       馬齢 16頭 本賞金:560,220,140,84,56万円",16,560.0,4,8,15,ワイドリューレント,牝,3,55.0,城戸,93.5,3,4,39.1,34.9,8-8-8,栗東 奥村豊,452,0,
202506030705,2025-04-19,中山,5,3歳未勝利,芝,1600,右,晴,良,"3回 中山 7日目 サラ系３歳 未勝利       馬齢 16頭 本賞金:560,220,140,84,56万円",16,560.0,5,3,5,エマリオンレイ,牝,3,55.0,丸田,93.5,アタマ,6,46.2,34.9,8-8-8,美浦 青木,436,-6,
202506030705,2025-04-19,中山,5,3歳未勝利,芝,1600,右,晴,良,"3回 中山 7日目 サラ系３歳 未勝利       馬齢 16頭 本賞金:560,220,140,84,56万円",16,560.0,6,2,3,ムーンナイト,牡,3,57.0,木幡巧,93.6,クビ,9,117.6,35.3,6-7-6,美浦 黒岩,544,-2,
202506030705,2025-04-19,中山,5,3歳未勝利,芝,1600,右,晴,良,"3回 中山 7日目 サラ系３歳 未勝利       馬齢 16頭 本賞金:560,220,140,84,56万円",16,560.0,7,2,4,ジャスマン,牡,3,57.0,木幡育,93.8,1.1/2,7,66.7,34.8,10-10-10,美浦 菊沢,474,-8,
202506030705,2025-04-19,中山,5,3歳未勝利,芝,1600,右,晴,良,"3回 中山 7日目 サラ系３歳 未勝利       馬齢 16頭 本賞金:560,220,140,84,56万円",16,560.0,8,3,6,オニムシャ,牡,3,57.0,石橋脩,94.0,1.1/4,8,102.8,36.2,2-2-3,栗東 松永幹,444,-2,
202506030705,2025-04-19,中山,5,3歳未勝利,芝,1600,右,晴,良,"3回 中山 7日目 サラ系３歳 未勝利       馬齢 16頭 本賞金:560,220,140,84,56万円",16,560.0,9,5,9,フルールネージュ,牝,3,52.0,▲佐藤,94.3,1.3/4,15,379.9,34.9,10-12-13,美浦 武藤,410,-1,
202506030705,2025-04-19,中山,5,3歳未勝利,芝,1600,右,晴,良,"3回 中山 7日目 サラ系３歳 未勝利       馬齢 16頭 本賞金:560,220,140,84,56万円",16,560.0,10,7,14,アレナトーレ,牝,3,55.0,杉原,94.3,ハナ,10,163.8,36.2,3-4-6,美浦 西田,428,-10,
202506030705,2025-04-19,中山,5,3歳未勝利,芝,1600,右,晴,良,"3回 中山 7日目 サラ系３歳 未勝利       馬齢 16頭 本賞金:560,220,140,84,56万円",16,560.0,11,6,12,タッチザシーリング,牝,3,55.0,野中,94.5,1.1/4,13,260.9,36.4,3-4-5,美浦 菊川,432,2,
202506030705,2025-04-19,中山,5,3歳未勝利,芝,1600,右,晴,良,"3回 中山 7日目 サラ系３歳 未勝利       馬齢 16頭 本賞金:560,220,140,84,56万円",16,560.0,12,8,16,アズーラ,牝,3,55.0,岩部,95.0,3,16,414.4,35.7,13-12-12,美浦 佐藤吉,398,-6,
202506030705,2025-04-19,中山,5,3歳未勝利,芝,1600,右,晴,良,"3回 中山 7日目 サラ系３歳 未勝利       馬齢 16頭 本賞金:560,220,140,84,56万円",16,560.0,13,4,8,テルケンユミカグラ,牝,3,55.0,石川,95.1,3/4,5,42.3,36.0,10-10-11,美浦 矢嶋,460,-18,
202506030705,2025-04-19,中山,5,3歳未勝利,芝,1600,右,晴,良,"3回 中山 7日目 サラ系３歳 未勝利       馬齢 16頭 本賞金:560,220,140,84,56万円",16,560.0,14,7,13,キャレ,牝,3,55.0,内田博,96.0,5,11,179.3,35.8,15-15-15,美浦 辻,440,0,
202506030705,2025-04-19,中山,5,3歳未勝利,芝,1600,右,晴,良,"3回 中山 7日目 サラ系３歳 未勝利       馬齢 16頭 本賞金:560,220,140,84,56万円",16,560.0,15,5,10,クラウンジュエル,牡,3,55.0,△長浜,96.0,ハナ,12,226.2,36.7,13-12-14,美浦 尾関,472,-9,
202506030705,2025-04-19,中山,5,3歳未勝利,芝,1600,右,晴,良,"3回 中山 7日目 サラ系３歳 未勝利       馬齢 16頭 本賞金:560,220,140,84,56万円",16,560.0,16,1,2,ルクストリッド,牡,3,57.0,西村太,109.0,大,14,296.8,44.8,16-16-16,美浦 浅利,462,0,
202506030706,2025-04-19,中山,6,3歳1勝クラス,芝,1800,右,晴,良,"3回 中山 7日目 サラ系３歳 １勝クラス       牝 馬齢 8頭 本賞金:800,320,200,120,80万円",8,800.0,1,6,6,ノビリシマビジョン,牝,3,55.0,横山武,106.0,,2,3.4,33.3,2-2-2-2,美浦 青木,484,0,
202506030706,2025-04-19,中山,6,3歳1勝クラス,芝,1800,右,晴,良,"3回 中山 7日目 サラ系３歳 １勝クラス       牝 馬齢 8頭 本賞金:800,320,200,120,80万円",8,800.0,2,4,4,ミッキーマドンナ,牝,3,55.0,モレイ,106.2,1.1/4,1,1.8,32.8,6-7-8-5,美浦 堀,458,0,
202506030706,2025-04-19,中山,6,3歳1勝クラス,芝,1800,右,晴,良,"3回 中山 7日目 サラ系３歳 １勝クラス       牝 馬齢 8頭 本賞金:800,320,200,120,80万円",8,800.0,3,3,3,シェーンシュティア,牝,3,55.0,三浦,106.4,1.1/4,3,5.7,33.2,8-8-5-3,美浦 林,470,8,
202506030706,2025-04-19,中山,6,3歳1勝クラス,芝,1800,右,晴,良,"3回 中山 7日目 サラ系３歳 １勝クラス       牝 馬齢 8頭 本賞金:800,320,200,120,80万円",8,800.0,4,7,7,ショウナンサムデイ,牝,3,55.0,横山和,106.6,1.1/2,5,12.5,34.0,1-1-1-1,美浦 奥村武,424,-4,
202506030706,2025-04-19,中山,6,3歳1勝クラス,芝,1800,右,晴,良,"3回 中山 7日目 サラ系３歳 １勝クラス       牝 馬齢 8頭 本賞金:800,320,200,120,80万円",8,800.0,5,2,2,キタノクニカラ,牝,3,55.0,丸田,106.6,アタマ,7,58.5,33.7,4-4-3-4,美浦 小島,380,-2,
202506030706,2025-04-19,中山,6,3歳1勝クラス,芝,1800,右,晴,良,"3回 中山 7日目 サラ系３歳 １勝クラス       牝 馬齢 8頭 本賞金:800,320,200,120,80万円",8,800.0,6,5,5,ザラタン,牝,3,55.0,石川,106.8,1.1/4,4,8.9,33.7,5-4-5-5,栗東 中竹,428,-8,
202506030706,2025-04-19,中山,6,3歳1勝クラス,芝,1800,右,晴,良,"3回 中山 7日目 サラ系３歳 １勝クラス       牝 馬齢 8頭 本賞金:800,320,200,120,80万円",8,800.0,7,8,8,ギフテッド,牝,3,55.0,菅原明,106.9,クビ,6,45.2,33.9,3-3-3-7,美浦 武井,442,-10,
202506030706,2025-04-19,中山,6,3歳1勝クラス,芝,1800,右,晴,良,"3回 中山 7日目 サラ系３歳 １勝クラス       牝 馬齢 8頭 本賞金:800,320,200,120,80万円",8,800.0,8,1,1,ホリーアン,牝,3,55.0,松岡,107.4,3,8,89.6,34.2,6-6-5-8,美浦 萱野,438,0,
202506030707,2025-04-19,中山,7,4歳以上1勝クラス,芝,2000,右,晴,良,"3回 中山 7日目 サラ系４歳以上 １勝クラス       (混) 定量 15頭 本賞金:800,320,200,120,80万円",15,800.0,1,4,7,エラン,牡,4,58.0,モレイ,118.4,,2,4.1,33.5,6-6-6-7,美浦 蛯名正,468,-4,
202506030707,2025-04-19,中山,7,4歳以上1勝クラス,芝,2000,右,晴,良,"3回 中山 7日目 サラ系４歳以上 １勝クラス       (混) 定量 15頭 本賞金:800,320,200,120,80万円",15,800.0,2,3,5,アンドローゼス,牝,4,56.0,杉原,118.4,クビ,7,26.9,33.8,5-5-4-6,美浦 加藤士,454,2,
202506030707,2025-04-19,中山,7,4歳以上1勝クラス,芝,2000,右,晴,良,"3回 中山 7日目 サラ系４歳以上 １勝クラス       (混) 定量 15頭 本賞金:800,320,200,120,80万円",15,800.0,3,8,14,フォルラニーニ,牡,4,58.0,津村,118.6,1,1,1.9,33.8,6-6-6-3,美浦 手塚久,498,-6,
202506030707,2025-04-19,中山,7,4歳以上1勝クラス,芝,2000,右,晴,良,"3回 中山 7日目 サラ系４歳以上 １勝クラス       (混) 定量 15頭 本賞金:800,320,200,120,80万円",15,800.0,4,4,6,ファイナルヒート,牡,5,58.0,北村宏,118.8,1,3,6.9,34.0,10-10-6-7,美浦 古賀,510,10,
202506030707,2025-04-19,中山,7,4歳以上1勝クラス,芝,2000,右,晴,良,"3回 中山 7日目 サラ系４歳以上 １勝クラス       (混) 定量 15頭 本賞金:800,320,200,120,80万円",15,800.0,5,2,3,タッチアンドムーブ,牡,4,58.0,菅原明,118.8,1/2,6,14.9,33.5,11-11-12-12,美浦 栗田,448,4,
202506030707,2025-04-19,中山,7,4歳以上1勝クラス,芝,2000,右,晴,良,"3回 中山 7日目 サラ系４歳以上 １勝クラス       (混) 定量 15頭 本賞金:800,320,200,120,80万円",15,800.0,6,3,4,ミッキースターダム,セ,4,58.0,石川,118.9,1/2,5,14.5,34.6,1-1-1-1,栗東 前川,454,0,
202506030707,2025-04-19,中山,7,4歳以上1勝クラス,芝,2000,右,晴,良,"3回 中山 7日目 サラ系４歳以上 １勝クラス       (混) 定量 15頭 本賞金:800,320,200,120,80万円",15,800.0,7,5,8,キタノマキシム,牡,4,58.0,松岡,119.1,1,9,43.6,34.1,8-8-9-9,美浦 伊藤伸,492,12,
202506030707,2025-04-19,中山,7,4歳以上1勝クラス,芝,2000,右,晴,良,"3回 中山 7日目 サラ系４歳以上 １勝クラス       (混) 定量 15頭 本賞金:800,320,200,120,80万円",15,800.0,8,5,9,イージーブリージー,牝,4,56.0,横山武,119.1,ハナ,4,11.6,34.7,2-2-2-2,美浦 伊坂,444,8,
202506030707,2025-04-19,中山,7,4歳以上1勝クラス,芝,2000,右,晴,良,"3回 中山 7日目 サラ系４歳以上 １勝クラス       (混) 定量 15頭 本賞金:800,320,200,120,80万円",15,800.0,9,1,1,パーセルペーパー,牡,4,58.0,柴田大,119.2,クビ,15,304.2,34.7,3-3-3-3,美浦 和田雄,440,-6,
202506030707,2025-04-19,中山,7,4歳以上1勝クラス,芝,2000,右,晴,良,"3回 中山 7日目 サラ系４歳以上 １勝クラス       (混) 定量 15頭 本賞金:800,320,200,120,80万円",15,800.0,10,2,2,モアナフリューゲル,牝,4,56.0,吉田豊,119.4,1.1/4,12,165.3,34.3,11-11-9-9,美浦 和田勇,454,-2,
202506030707,2025-04-19,中山,7,4歳以上1勝クラス,芝,2000,右,晴,良,"3回 中山 7日目 サラ系４歳以上 １勝クラス       (混) 定量 15頭 本賞金:800,320,200,120,80万円",15,800.0,11,6,10,ファルコンミノル,牡,5,58.0,木幡巧,119.5,1,8,33.9,33.9,14-14-14-13,美浦 中舘,442,-8,
202506030707,2025-04-19,中山,7,4歳以上1勝クラス,芝,2000,右,晴,良,"3回 中山 7日目 サラ系４歳以上 １勝クラス       (混) 定量 15頭 本賞金:800,320,200,120,80万円",15,800.0,12,8,15,アオイメルスイ,牝,4,54.0,△長浜,119.6,1/2,11,77.0,35.0,3-3-4-3,美浦 小西,426,-6,
202506030707,2025-04-19,中山,7,4歳以上1勝クラス,芝,2000,右,晴,良,"3回 中山 7日目 サラ系４歳以上 １勝クラス       (混) 定量 15頭 本賞金:800,320,200,120,80万円",15,800.0,13,6,11,ロジウムエポック,牡,5,58.0,江田照,119.8,1,14,297.0,34.8,8-8-9-9,美浦 村田,482,0,
202506030707,2025-04-19,中山,7,4歳以上1勝クラス,芝,2000,右,晴,良,"3回 中山 7日目 サラ系４歳以上 １勝クラス       (混) 定量 15頭 本賞金:800,320,200,120,80万円",15,800.0,14,7,12,ルージュランブル,牝,4,56.0,横山和,120.9,7,10,67.5,34.7,14-14-15-15,美浦 萩原,456,2,
202506030707,2025-04-19,中山,7,4歳以上1勝クラス,芝,2000,右,晴,良,"3回 中山 7日目 サラ系４歳以上 １勝クラス       (混) 定量 15頭 本賞金:800,320,200,120,80万円",15,800.0,15,7,13,ミサトベレーザ,牝,4,53.0,▲佐藤,121.4,3,13,217.9,36.1,11-11-12-14,美浦 勢司,438,16,
202506030708,2025-04-19,中山,8,4歳以上1勝クラス,ダ,1800,右,晴,良,"3回 中山 7日目 サラ系４歳以上 １勝クラス       定量 14頭 本賞金:800,320,200,120,80万円",14,800.0,1,5,8,マンダリンボレロ,牡,5,58.0,松岡,113.7,,5,13.6,38.8,11-10-8-6,美浦 伊藤伸,506,-8,
202506030708,2025-04-19,中山,8,4歳以上1勝クラス,ダ,1800,右,晴,良,"3回 中山 7日目 サラ系４歳以上 １勝クラス       定量 14頭 本賞金:800,320,200,120,80万円",14,800.0,2,3,4,マリンバンカー,牡,4,58.0,岩部,113.7,クビ,3,6.1,39.2,9-9-5-2,美浦 南田,498,-6,
202506030708,2025-04-19,中山,8,4歳以上1勝クラス,ダ,1800,右,晴,良,"3回 中山 7日目 サラ系４歳以上 １勝クラス       定量 14頭 本賞金:800,320,200,120,80万円",14,800.0,3,8,14,マグマオーシャン,牡,6,58.0,北村宏,114.3,3.1/2,2,5.4,40.2,1-1-1-1,美浦 武藤,500,-10,
202506030708,2025-04-19,中山,8,4歳以上1勝クラス,ダ,1800,右,晴,良,"3回 中山 7日目 サラ系４歳以上 １勝クラス       定量 14頭 本賞金:800,320,200,120,80万円",14,800.0,4,7,12,タナバタ,牡,4,58.0,大野,114.4,1/2,4,9.7,40.1,2-2-2-2,美浦 武井,496,6,
202506030708,2025-04-19,中山,8,4歳以上1勝クラス,ダ,1800,右,晴,良,"3回 中山 7日目 サラ系４歳以上 １勝クラス       定量 14頭 本賞金:800,320,200,120,80万円",14,800.0,5,8,13,ミランカ,牝,4,56.0,木幡巧,114.4,ハナ,10,88.8,40.0,4-4-2-2,美浦 岩戸,474,0,
202506030708,2025-04-19,中山,8,4歳以上1勝クラス,ダ,1800,右,晴,良,"3回 中山 7日目 サラ系４歳以上 １勝クラス       定量 14頭 本賞金:800,320,200,120,80万円",14,800.0,6,5,7,ウッドショック,牡,6,58.0,菅原明,114.5,クビ,6,13.6,39.0,12-12-12-13,美浦 杉浦,520,2,
202506030708,2025-04-19,中山,8,4歳以上1勝クラス,ダ,1800,右,晴,良,"3回 中山 7日目 サラ系４歳以上 １勝クラス       定量 14頭 本賞金:800,320,200,120,80万円",14,800.0,7,7,11,ミヤジテン,牝,4,56.0,丸田,114.5,クビ,12,161.6,38.9,12-13-12-14,美浦 南田,488,-2,
202506030708,2025-04-19,中山,8,4歳以上1勝クラス,ダ,1800,右,晴,良,"3回 中山 7日目 サラ系４歳以上 １勝クラス       定量 14頭 本賞金:800,320,200,120,80万円",14,800.0,8,6,9,ネオシルバー,牡,4,58.0,田辺,114.7,1,1,1.8,40.1,7-7-5-5,美浦 小西,500,0,
202506030708,2025-04-19,中山,8,4歳以上1勝クラス,ダ,1800,右,晴,良,"3回 中山 7日目 サラ系４歳以上 １勝クラス       定量 14頭 本賞金:800,320,200,120,80万円",14,800.0,9,4,6,タリスマン,牡,4,58.0,伊藤,114.8,3/4,9,49.7,39.0,14-14-14-10,美浦 金成,476,4,
202506030708,2025-04-19,中山,8,4歳以上1勝クラス,ダ,1800,右,晴,良,"3回 中山 7日目 サラ系４歳以上 １勝クラス       定量 14頭 本賞金:800,320,200,120,80万円",14,800.0,10,4,5,ヴァンナチュール,牡,5,58.0,杉原,114.9,1/2,8,37.9,40.0,7-7-8-8,美浦 林,480,0,
202506030708,2025-04-19,中山,8,4歳以上1勝クラス,ダ,1800,右,晴,良,"3回 中山 7日目 サラ系４歳以上 １勝クラス       定量 14頭 本賞金:800,320,200,120,80万円",14,800.0,11,1,1,ダイタジャスティス,牡,4,55.0,▲佐藤,116.8,大,14,182.8,42.2,4-4-5-8,美浦 小野,500,-2,
202506030708,2025-04-19,中山,8,4歳以上1勝クラス,ダ,1800,右,晴,良,"3回 中山 7日目 サラ系４歳以上 １勝クラス       定量 14頭 本賞金:800,320,200,120,80万円",14,800.0,12,3,3,ダノンフューチャー,牡,6,58.0,石橋脩,117.3,3,7,29.4,42.9,2-2-2-7,栗東 寺島,518,-4,
202506030708,2025-04-19,中山,8,4歳以上1勝クラス,ダ,1800,右,晴,良,"3回 中山 7日目 サラ系４歳以上 １勝クラス       定量 14頭 本賞金:800,320,200,120,80万円",14,800.0,13,6,10,アベベ,牡,4,58.0,野中,117.4,クビ,11,107.4,42.2,10-10-11-10,美浦 根本,486,14,
202506030708,2025-04-19,中山,8,4歳以上1勝クラス,ダ,1800,右,晴,良,"3回 中山 7日目 サラ系４歳以上 １勝クラス       定量 14頭 本賞金:800,320,200,120,80万円",14,800.0,14,2,2,ストロングブラック,牡,4,58.0,原,117.5,3/4,13,164.4,42.7,4-4-8-10,美浦 粕谷,474,2,
202506030709,2025-04-19,中山,9,袖ケ浦特別,芝,1200,右,晴,良,"3回 中山 7日目 サラ系４歳以上 ２勝クラス       (混) 定量 13頭 本賞金:1550,620,390,230,155万円",13,1550.0,1,2,2,レッドエヴァンス,セ,4,58.0,モレイ,67.2,,1,1.8,33.3,3-2,栗東 東田,490,-6,
202506030709,2025-04-19,中山,9,袖ケ浦特別,芝,1200,右,晴,良,"3回 中山 7日目 サラ系４歳以上 ２勝クラス       (混) 定量 13頭 本賞金:1550,620,390,230,155万円",13,1550.0,2,4,4,ピコアーガイル,牡,4,57.0,北村宏,67.4,1.1/4,3,5.3,33.2,7-7,美浦 伊藤大,484,-8,
202506030709,2025-04-19,中山,9,袖ケ浦特別,芝,1200,右,晴,良,"3回 中山 7日目 サラ系４歳以上 ２勝クラス       (混) 定量 13頭 本賞金:1550,620,390,230,155万円",13,1550.0,3,3,3,フーコサンライズ,牝,4,56.0,杉原,67.6,1.1/4,8,48.1,33.9,1-1,栗東 加藤公,518,18,
202506030709,2025-04-19,中山,9,袖ケ浦特別,芝,1200,右,晴,良,"3回 中山 7日目 サラ系４歳以上 ２勝クラス       (混) 定量 13頭 本賞金:1550,620,390,230,155万円",13,1550.0,4,5,6,カリーシ,牝,4,56.0,菅原明,67.6,アタマ,2,3.4,33.4,7-7,美浦 武井,448,-8,
202506030709,2025-04-19,中山,9,袖ケ浦特別,芝,1200,右,晴,良,"3回 中山 7日目 サラ系４歳以上 ２勝クラス       (混) 定量 13頭 本賞金:1550,620,390,230,155万円",13,1550.0,5,6,9,シックザイン,牡,6,58.0,松岡,67.8,1.1/4,13,235.7,33.7,5-5,美浦 水野,488,-2,
202506030709,2025-04-19,中山,9,袖ケ浦特別,芝,1200,右,晴,良,"3回 中山 7日目 サラ系４歳以上 ２勝クラス       (混) 定量 13頭 本賞金:1550,620,390,230,155万円",13,1550.0,6,1,1,ジャガード,牡,7,58.0,吉田豊,67.8,アタマ,11,181.3,33.3,10-10,美浦 和田雄,420,0,
202506030709,2025-04-19,中山,9,袖ケ浦特別,芝,1200,右,晴,良,"3回 中山 7日目 サラ系４歳以上 ２勝クラス       (混) 定量 13頭 本賞金:1550,620,390,230,155万円",13,1550.0,7,5,7,スミレファースト,牝,4,56.0,三浦,67.8,ハナ,6,27.5,33.8,5-5,美浦 加藤征,456,0,
202506030709,2025-04-19,中山,9,袖ケ浦特別,芝,1200,右,晴,良,"3回 中山 7日目 サラ系４歳以上 ２勝クラス       (混) 定量 13頭 本賞金:1550,620,390,230,155万円",13,1550.0,8,7,11,アップストローク,セ,6,58.0,大野,67.9,3/4,5,19.4,33.2,13-13,美浦 杉浦,470,0,
202506030709,2025-04-19,中山,9,袖ケ浦特別,芝,1200,右,晴,良,"3回 中山 7日目 サラ系４歳以上 ２勝クラス       (混) 定量 13頭 本賞金:1550,620,390,230,155万円",13,1550.0,9,6,8,トーホウフランゴ,牝,5,56.0,原,68.0,1/2,10,66.9,33.5,10-11,栗東 高橋康,440,0,
202506030709,2025-04-19,中山,9,袖ケ浦特別,芝,1200,右,晴,良,"3回 中山 7日目 サラ系４歳以上 ２勝クラス       (混) 定量 13頭 本賞金:1550,620,390,230,155万円",13,1550.0,10,8,13,トリップトゥムーン,牡,6,58.0,柴田大,68.1,1/2,12,228.9,33.8,7-7,美浦 粕谷,466,2,
202506030709,2025-04-19,中山,9,袖ケ浦特別,芝,1200,右,晴,良,"3回 中山 7日目 サラ系４歳以上 ２勝クラス       (混) 定量 13頭 本賞金:1550,620,390,230,155万円",13,1550.0,11,7,10,ヘルメース,牡,4,58.0,横山和,68.2,1/2,7,45.8,34.4,2-2,美浦 伊藤圭,482,0,
202506030709,2025-04-19,中山,9,袖ケ浦特別,芝,1200,右,晴,良,"3回 中山 7日目 サラ系４歳以上 ２勝クラス       (混) 定量 13頭 本賞金:1550,620,390,230,155万円",13,1550.0,12,8,12,ピンクセイラー,牝,6,56.0,津村,68.3,3/4,9,62.5,34.4,3-2,美浦 小笠,456,0,
202506030709,2025-04-19,中山,9,袖ケ浦特別,芝,1200,右,晴,良,"3回 中山 7日目 サラ系４歳以上 ２勝クラス       (混) 定量 13頭 本賞金:1550,620,390,230,155万円",13,1550.0,13,4,5,スーパーマン,牡,5,58.0,横山武,68.5,1,4,14.3,34.0,10-11,美浦 岩戸,492,2,
202506030710,2025-04-19,中山,10,下総S,ダ,1800,右,晴,良,"3回 中山 7日目 サラ系４歳以上 ３勝クラス       (混) 定量 16頭 本賞金:1840,740,460,280,184万円",16,1840.0,1,2,3,ジョージテソーロ,牡,4,58.0,菅原明,112.6,,5,10.5,38.5,1-1-1-1,美浦 嘉藤,476,-8,
202506030710,2025-04-19,中山,10,下総S,ダ,1800,右,晴,良,"3回 中山 7日目 サラ系４歳以上 ３勝クラス       (混) 定量 16頭 本賞金:1840,740,460,280,184万円",16,1840.0,2,5,9,エリカサファイア,牝,4,56.0,津村,112.7,クビ,7,25.3,37.6,11-11-9-7,美浦 堀,500,-10,
202506030710,2025-04-19,中山,10,下総S,ダ,1800,右,晴,良,"3回 中山 7日目 サラ系４歳以上 ３勝クラス       (混) 定量 16頭 本賞金:1840,740,460,280,184万円",16,1840.0,3,8,15,レッドラパルマ,セ,6,58.0,横山和,113.3,4,9,36.3,39.1,2-2-2-2,美浦 加藤征,500,-4,
202506030710,2025-04-19,中山,10,下総S,ダ,1800,右,晴,良,"3回 中山 7日目 サラ系４歳以上 ３勝クラス       (混) 定量 16頭 本賞金:1840,740,460,280,184万円",16,1840.0,4,1,1,タンゴバイラリン,牡,4,58.0,田辺,113.4,1/2,6,17.1,38.0,14-14-13-12,美浦 栗田,518,4,
202506030710,2025-04-19,中山,10,下総S,ダ,1800,右,晴,良,"3回 中山 7日目 サラ系４歳以上 ３勝クラス       (混) 定量 16頭 本賞金:1840,740,460,280,184万円",16,1840.0,5,6,12,オレデイイノカ,牡,7,58.0,内田博,113.6,1.1/4,15,242.2,38.9,9-9-6-5,美浦 古賀,506,-8,
202506030710,2025-04-19,中山,10,下総S,ダ,1800,右,晴,良,"3回 中山 7日目 サラ系４歳以上 ３勝クラス       (混) 定量 16頭 本賞金:1840,740,460,280,184万円",16,1840.0,6,2,4,エスティメート,牡,6,58.0,丸田,113.8,1,16,410.3,38.7,11-11-9-8,美浦 大和田,462,2,
202506030710,2025-04-19,中山,10,下総S,ダ,1800,右,晴,良,"3回 中山 7日目 サラ系４歳以上 ３勝クラス       (混) 定量 16頭 本賞金:1840,740,460,280,184万円",16,1840.0,7,7,13,テリフィックプラン,牡,4,58.0,横山武,113.9,1/2,1,2.5,38.9,9-10-9-8,美浦 萩原,488,-2,
202506030710,2025-04-19,中山,10,下総S,ダ,1800,右,晴,良,"3回 中山 7日目 サラ系４歳以上 ３勝クラス       (混) 定量 16頭 本賞金:1840,740,460,280,184万円",16,1840.0,8,7,14,アスクビックスター,牡,6,58.0,石川,113.9,クビ,12,102.7,38.5,13-13-13-11,栗東 前川,470,-8,
202506030710,2025-04-19,中山,10,下総S,ダ,1800,右,晴,良,"3回 中山 7日目 サラ系４歳以上 ３勝クラス       (混) 定量 16頭 本賞金:1840,740,460,280,184万円",16,1840.0,9,3,5,ハッスルダンク,牡,5,58.0,江田照,114.0,3/4,11,90.7,38.3,16-16-15-12,美浦 中川,448,-6,
202506030710,2025-04-19,中山,10,下総S,ダ,1800,右,晴,良,"3回 中山 7日目 サラ系４歳以上 ３勝クラス       (混) 定量 16頭 本賞金:1840,740,460,280,184万円",16,1840.0,10,4,7,ロジアデレード,牡,4,58.0,三浦,114.1,クビ,3,5.4,39.7,4-4-3-3,美浦 稲垣,498,0,
202506030710,2025-04-19,中山,10,下総S,ダ,1800,右,晴,良,"3回 中山 7日目 サラ系４歳以上 ３勝クラス       (混) 定量 16頭 本賞金:1840,740,460,280,184万円",16,1840.0,11,8,16,シェットランド,牡,5,58.0,大野,114.7,3.1/2,13,126.7,40.4,3-3-3-3,美浦 久保田,554,-8,
202506030710,2025-04-19,中山,10,下総S,ダ,1800,右,晴,良,"3回 中山 7日目 サラ系４歳以上 ３勝クラス       (混) 定量 16頭 本賞金:1840,740,460,280,184万円",16,1840.0,12,6,11,クロースコンバット,牡,6,58.0,原,115.0,2,10,62.4,40.3,7-7-6-8,美浦 青木,496,-4,
202506030710,2025-04-19,中山,10,下総S,ダ,1800,右,晴,良,"3回 中山 7日目 サラ系４歳以上 ３勝クラス       (混) 定量 16頭 本賞金:1840,740,460,280,184万円",16,1840.0,13,5,10,ウンガイソウテン,牡,4,58.0,松岡,115.0,アタマ,4,10.4,40.5,6-6-5-5,美浦 田村,488,10,
202506030710,2025-04-19,中山,10,下総S,ダ,1800,右,晴,良,"3回 中山 7日目 サラ系４歳以上 ３勝クラス       (混) 定量 16頭 本賞金:1840,740,460,280,184万円",16,1840.0,14,3,6,コトホドサヨウニ,牡,4,58.0,モレイ,116.2,7,2,3.7,41.2,7-7-9-14,栗東 奥村豊,514,6,
202506030710,2025-04-19,中山,10,下総S,ダ,1800,右,晴,良,"3回 中山 7日目 サラ系４歳以上 ３勝クラス       (混) 定量 16頭 本賞金:1840,740,460,280,184万円",16,1840.0,15,1,2,レイトカンセイオー,牡,6,58.0,野中,118.1,大,14,189.6,42.3,14-15-16-15,美浦 和田勇,476,-6,
202506030710,2025-04-19,中山,10,下総S,ダ,1800,右,晴,良,"3回 中山 7日目 サラ系４歳以上 ３勝クラス       (混) 定量 16頭 本賞金:1840,740,460,280,184万円",16,1840.0,,4,8,マイネルカーライル,牡,5,58.0,石橋脩,,,8,35.3,,4-4-8-16,栗東 西園正,526,8,中止
202506030711,2025-04-19,中山,11,中山グランドジャンプ,障,4260,,晴,良,"3回 中山 7日目 障害４歳以上 オープン       (国際) 定量 12頭 本賞金:7000,2800,1800,1100,700万円",12,7000.0,1,6,7,エコロデュエル,牡,6,63.0,草野,290.5,,5,6.2,13.6,2-1-1-1,美浦 岩戸,476,-2,
202506030711,2025-04-19,中山,11,中山グランドジャンプ,障,4260,,晴,良,"3回 中山 7日目 障害４歳以上 オープン       (国際) 定量 12頭 本賞金:7000,2800,1800,1100,700万円",12,7000.0,2,1,1,ネビーイーム,牡,7,63.0,小坂,291.8,8,6,16.2,13.7,6-6-4-3,栗東 佐々木,536,2,
202506030711,2025-04-19,中山,11,中山グランドジャンプ,障,4260,,晴,良,"3回 中山 7日目 障害４歳以上 オープン       (国際) 定量 12頭 本賞金:7000,2800,1800,1100,700万円",12,7000.0,3,6,8,インプレス,牡,6,63.0,小牧加,292.2,2.1/2,4,5.8,13.7,5-5-3-2,栗東 佐々木,524,-2,
202506030711,2025-04-19,中山,11,中山グランドジャンプ,障,4260,,晴,良,"3回 中山 7日目 障害４歳以上 オープン       (国際) 定量 12頭 本賞金:7000,2800,1800,1100,700万円",12,7000.0,4,4,4,ジューンベロシティ,牡,7,63.0,森一,293.3,7,2,3.8,13.8,1-2-2-3,栗東 武英,470,2,
202506030711,2025-04-19,中山,11,中山グランドジャンプ,障,4260,,晴,良,"3回 中山 7日目 障害４歳以上 オープン       (国際) 定量 12頭 本賞金:7000,2800,1800,1100,700万円",12,7000.0,5,3,3,マイネルグロン,牡,7,63.0,石神深,294.0,4,1,3.4,13.8,9-8-5-3,美浦 青木,516,-6,
202506030711,2025-04-19,中山,11,中山グランドジャンプ,障,4260,,晴,良,"3回 中山 7日目 障害４歳以上 オープン       (国際) 定量 12頭 本賞金:7000,2800,1800,1100,700万円",12,7000.0,6,5,6,スマイルスルー,牡,5,63.0,高田,294.1,クビ,3,4.0,13.8,8-8-8-7,栗東 斉藤崇,528,4,
202506030711,2025-04-19,中山,11,中山グランドジャンプ,障,4260,,晴,良,"3回 中山 7日目 障害４歳以上 オープン       (国際) 定量 12頭 本賞金:7000,2800,1800,1100,700万円",12,7000.0,7,5,5,アランデル,セ,7,63.0,上野,294.7,3.1/2,7,37.8,13.8,7-6-5-6,美浦 大竹,538,-4,
202506030711,2025-04-19,中山,11,中山グランドジャンプ,障,4260,,晴,良,"3回 中山 7日目 障害４歳以上 オープン       (国際) 定量 12頭 本賞金:7000,2800,1800,1100,700万円",12,7000.0,8,8,12,ピーターサイト,牡,5,63.0,伴,296.3,10,12,263.2,13.9,4-4-9-8,美浦 村田,476,-4,
202506030711,2025-04-19,中山,11,中山グランドジャンプ,障,4260,,晴,良,"3回 中山 7日目 障害４歳以上 オープン       (国際) 定量 12頭 本賞金:7000,2800,1800,1100,700万円",12,7000.0,9,7,9,プラチナドリーム,牡,6,63.0,中村,296.7,2.1/2,11,242.2,13.9,10-10-10-10,美浦 菊川,476,-4,
202506030711,2025-04-19,中山,11,中山グランドジャンプ,障,4260,,晴,良,"3回 中山 7日目 障害４歳以上 オープン       (国際) 定量 12頭 本賞金:7000,2800,1800,1100,700万円",12,7000.0,10,7,10,ザレストノーウェア,牡,7,63.0,五十嵐,298.0,8,10,187.4,14.0,12-11-12-12,美浦 新開,472,-4,
202506030711,2025-04-19,中山,11,中山グランドジャンプ,障,4260,,晴,良,"3回 中山 7日目 障害４歳以上 オープン       (国際) 定量 12頭 本賞金:7000,2800,1800,1100,700万円",12,7000.0,11,2,2,テイエムタツマキ,牡,7,63.0,黒岩,304.6,大,9,119.6,14.3,11-11-11-11,栗東 武英,512,4,
202506030711,2025-04-19,中山,11,中山グランドジャンプ,障,4260,,晴,良,"3回 中山 7日目 障害４歳以上 オープン       (国際) 定量 12頭 本賞金:7000,2800,1800,1100,700万円",12,7000.0,,8,11,バーンパッション,牡,8,63.0,大江圭,,,8,56.5,,3-3-5-8,美浦 天間,480,-10,中止
202506030712,2025-04-19,中山,12,葛飾特別,ダ,1200,右,晴,良,"3回 中山 7日目 サラ系４歳以上 ２勝クラス       定量 16頭 本賞金:1550,620,390,230,155万円",16,1550.0,1,1,1,グレタ,牝,6,56.0,杉原,72.4,,8,36.0,37.2,1-1,美浦 清水英,482,2,
202506030712,2025-04-19,中山,12,葛飾特別,ダ,1200,右,晴,良,"3回 中山 7日目 サラ系４歳以上 ２勝クラス       定量 16頭 本賞金:1550,620,390,230,155万円",16,1550.0,2,3,5,オセアエクスプレス,牡,4,58.0,田辺,72.4,クビ,7,24.8,37.0,3-3,美浦 菊川,490,0,
202506030712,2025-04-19,中山,12,葛飾特別,ダ,1200,右,晴,良,"3回 中山 7日目 サラ系４歳以上 ２勝クラス       定量 16頭 本賞金:1550,620,390,230,155万円",16,1550.0,3,3,6,キュムロンニンバス,牡,7,58.0,内田博,72.5,1/2,15,173.9,36.5,11-9,美浦 南田,516,12,
202506030712,2025-04-19,中山,12,葛飾特別,ダ,1200,右,晴,良,"3回 中山 7日目 サラ系４歳以上 ２勝クラス       定量 16頭 本賞金:1550,620,390,230,155万円",16,1550.0,4,2,3,キングクー,牡,6,58.0,長浜,72.5,ハナ,5,20.5,36.1,14-12,美浦 根本,530,4,
202506030712,2025-04-19,中山,12,葛飾特別,ダ,1200,右,晴,良,"3回 中山 7日目 サラ系４歳以上 ２勝クラス       定量 16頭 本賞金:1550,620,390,230,155万円",16,1550.0,5,8,15,テセラリアン,牝,4,56.0,石橋脩,72.7,1,1,1.7,37.3,3-3,美浦 鈴木慎,434,-8,
202506030712,2025-04-19,中山,12,葛飾特別,ダ,1200,右,晴,良,"3回 中山 7日目 サラ系４歳以上 ２勝クラス       定量 16頭 本賞金:1550,620,390,230,155万円",16,1550.0,6,1,2,メモリーグラス,牡,5,58.0,三浦,72.8,1/2,6,21.9,37.0,8-5,美浦 松永康,486,0,
202506030712,2025-04-19,中山,12,葛飾特別,ダ,1200,右,晴,良,"3回 中山 7日目 サラ系４歳以上 ２勝クラス       定量 16頭 本賞金:1550,620,390,230,155万円",16,1550.0,7,4,8,セキテイオー,牡,6,58.0,江田照,72.9,3/4,10,75.3,36.6,13-14,美浦 田中剛,476,-4,
202506030712,2025-04-19,中山,12,葛飾特別,ダ,1200,右,晴,良,"3回 中山 7日目 サラ系４歳以上 ２勝クラス       定量 16頭 本賞金:1550,620,390,230,155万円",16,1550.0,8,5,9,ベルシャンソン,牝,5,56.0,吉田豊,73.0,1/2,14,172.2,37.5,3-5,美浦 西田,482,0,
202506030712,2025-04-19,中山,12,葛飾特別,ダ,1200,右,晴,良,"3回 中山 7日目 サラ系４歳以上 ２勝クラス       定量 16頭 本賞金:1550,620,390,230,155万円",16,1550.0,9,5,10,メラーキ,牡,8,58.0,松岡,73.0,クビ,11,88.1,37.1,10-9,美浦 稲垣,490,0,
202506030712,2025-04-19,中山,12,葛飾特別,ダ,1200,右,晴,良,"3回 中山 7日目 サラ系４歳以上 ２勝クラス       定量 16頭 本賞金:1550,620,390,230,155万円",16,1550.0,10,6,12,ヤマカツパトリシア,牝,8,56.0,菅原明,73.3,1.3/4,13,90.4,36.9,14-15,栗東 谷,466,-10,
202506030712,2025-04-19,中山,12,葛飾特別,ダ,1200,右,晴,良,"3回 中山 7日目 サラ系４歳以上 ２勝クラス       定量 16頭 本賞金:1550,620,390,230,155万円",16,1550.0,11,8,16,ターニングアップ,牡,7,58.0,丸田,73.4,アタマ,12,90.3,37.9,3-5,美浦 南田,480,8,
202506030712,2025-04-19,中山,12,葛飾特別,ダ,1200,右,晴,良,"3回 中山 7日目 サラ系４歳以上 ２勝クラス       定量 16頭 本賞金:1550,620,390,230,155万円",16,1550.0,12,7,14,メイショウヤーキス,牡,4,58.0,横山和,73.5,1/2,3,7.0,37.9,7-8,栗東 飯田,428,-20,
202506030712,2025-04-19,中山,12,葛飾特別,ダ,1200,右,晴,良,"3回 中山 7日目 サラ系４歳以上 ２勝クラス       定量 16頭 本賞金:1550,620,390,230,155万円",16,1550.0,13,4,7,ルーラルハピネス,牝,5,56.0,北村宏,73.5,ハナ,2,4.3,38.3,2-2,美浦 伊藤大,470,0,
202506030712,2025-04-19,中山,12,葛飾特別,ダ,1200,右,晴,良,"3回 中山 7日目 サラ系４歳以上 ２勝クラス       定量 16頭 本賞金:1550,620,390,230,155万円",16,1550.0,14,6,11,コースタルテラス,セ,6,58.0,原,73.5,クビ,9,74.2,37.5,11-12,美浦 矢嶋,496,2,
202506030712,2025-04-19,中山,12,葛飾特別,ダ,1200,右,晴,良,"3回 中山 7日目 サラ系４歳以上 ２勝クラス       定量 16頭 本賞金:1550,620,390,230,155万円",16,1550.0,15,7,13,アンスリウム,牝,5,56.0,津村,73.5,アタマ,4,13.6,37.7,8-9,美浦 加藤征,494,10,
202506030712,2025-04-19,中山,12,葛飾特別,ダ,1200,右,晴,良,"3回 中山 7日目 サラ系４歳以上 ２勝クラス       定量 16頭 本賞金:1550,620,390,230,155万円",16,1550.0,,2,4,ロサンゼルス,牡,4,58.0,モレイ,,,,,,,美浦 伊藤圭,516,2,除外
202509020701,2025-04-19,阪神,1,3歳未勝利,ダ,1800,右,晴,良,"2回 阪神 7日目 サラ系３歳 未勝利       牝[指] 馬齢 16頭 本賞金:560,220,140,84,56万円",16,560.0,1,6,11,ガールズデイアウト,牝,3,55.0,岩田望,116.9,,1,1.6,38.6,5-5-4-5,栗東 吉村,470,-6,
202509020701,2025-04-19,阪神,1,3歳未勝利,ダ,1800,右,晴,良,"2回 阪神 7日目 サラ系３歳 未勝利       牝[指] 馬齢 16頭 本賞金:560,220,140,84,56万円",16,560.0,2,1,2,ラテライト,牝,3,55.0,菱田,116.9,ハナ,13,142.1,38.0,13-13-15-8,栗東 松下,450,-8,
202509020701,2025-04-19,阪神,1,3歳未勝利,ダ,1800,右,晴,良,"2回 阪神 7日目 サラ系３歳 未勝利       牝[指] 馬齢 16頭 本賞金:560,220,140,84,56万円",16,560.0,3,6,12,アレーティア,牝,3,55.0,浜中,117.1,1.1/4,2,4.8,39.0,3-3-2-2,栗東 田中克,502,10,
202509020701,2025-04-19,阪神,1,3歳未勝利,ダ,1800,右,晴,良,"2回 阪神 7日目 サラ系３歳 未勝利       牝[指] 馬齢 16頭 本賞金:560,220,140,84,56万円",16,560.0,4,3,5,サダルメリク,牝,3,55.0,幸,117.3,1,6,19.2,38.9,14-13-7-4,栗東 今野,466,6,
202509020701,2025-04-19,阪神,1,3歳未勝利,ダ,1800,右,晴,良,"2回 阪神 7日目 サラ系３歳 未勝利       牝[指] 馬齢 16頭 本賞金:560,220,140,84,56万円",16,560.0,5,4,7,ネトル,牝,3,55.0,坂井,117.4,1,5,17.0,38.6,9-9-10-11,栗東 高橋康,400,6,
202509020701,2025-04-19,阪神,1,3歳未勝利,ダ,1800,右,晴,良,"2回 阪神 7日目 サラ系３歳 未勝利       牝[指] 馬齢 16頭 本賞金:560,220,140,84,56万円",16,560.0,6,2,4,アイドルアイズ,牝,3,52.0,▲田山,117.5,クビ,12,110.0,39.3,3-3-4-5,栗東 新谷,418,-6,
202509020701,2025-04-19,阪神,1,3歳未勝利,ダ,1800,右,晴,良,"2回 阪神 7日目 サラ系３歳 未勝利       牝[指] 馬齢 16頭 本賞金:560,220,140,84,56万円",16,560.0,7,5,9,メイショウハマギク,牝,3,54.0,☆高杉,117.8,2,11,64.7,39.8,2-2-2-2,栗東 藤岡,494,-4,
202509020701,2025-04-19,阪神,1,3歳未勝利,ダ,1800,右,晴,良,"2回 阪神 7日目 サラ系３歳 未勝利       牝[指] 馬齢 16頭 本賞金:560,220,140,84,56万円",16,560.0,8,7,14,アンジュアルディ,牝,3,55.0,横山典,117.8,アタマ,3,12.1,39.4,5-5-6-5,栗東 昆,468,-8,
202509020701,2025-04-19,阪神,1,3歳未勝利,ダ,1800,右,晴,良,"2回 阪神 7日目 サラ系３歳 未勝利       牝[指] 馬齢 16頭 本賞金:560,220,140,84,56万円",16,560.0,9,5,10,エールラヴィクトワ,牝,3,55.0,松若,117.9,クビ,15,209.3,38.7,16-16-15-12,栗東 橋口,416,0,
202509020701,2025-04-19,阪神,1,3歳未勝利,ダ,1800,右,晴,良,"2回 阪神 7日目 サラ系３歳 未勝利       牝[指] 馬齢 16頭 本賞金:560,220,140,84,56万円",16,560.0,10,1,1,ゼットヒーロ,牝,3,54.0,☆吉村,118.1,1.1/2,8,29.7,39.5,7-7-7-9,栗東 吉田,458,-4,
202509020701,2025-04-19,阪神,1,3歳未勝利,ダ,1800,右,晴,良,"2回 阪神 7日目 サラ系３歳 未勝利       牝[指] 馬齢 16頭 本賞金:560,220,140,84,56万円",16,560.0,11,3,6,ミッキーティラミス,牝,3,52.0,▲橋木,118.4,1.1/2,16,291.9,39.4,10-11-12-15,栗東 高橋亮,394,6,
202509020701,2025-04-19,阪神,1,3歳未勝利,ダ,1800,右,晴,良,"2回 阪神 7日目 サラ系３歳 未勝利       牝[指] 馬齢 16頭 本賞金:560,220,140,84,56万円",16,560.0,12,8,15,ローズゴジャール,牝,3,55.0,田中健,118.7,1.3/4,14,173.7,39.8,12-12-12-12,栗東 荒川,394,4,
202509020701,2025-04-19,阪神,1,3歳未勝利,ダ,1800,右,晴,良,"2回 阪神 7日目 サラ系３歳 未勝利       牝[指] 馬齢 16頭 本賞金:560,220,140,84,56万円",16,560.0,13,8,16,トップレディー,牝,3,55.0,酒井,118.8,3/4,4,12.9,40.2,7-7-9-9,栗東 北出,502,-16,
202509020701,2025-04-19,阪神,1,3歳未勝利,ダ,1800,右,晴,良,"2回 阪神 7日目 サラ系３歳 未勝利       牝[指] 馬齢 16頭 本賞金:560,220,140,84,56万円",16,560.0,14,4,8,グロウミニョン,牝,3,55.0,川又,118.9,3/4,9,38.4,39.8,15-15-12-15,栗東 佐藤悠,482,0,
202509020701,2025-04-19,阪神,1,3歳未勝利,ダ,1800,右,晴,良,"2回 阪神 7日目 サラ系３歳 未勝利       牝[指] 馬齢 16頭 本賞金:560,220,140,84,56万円",16,560.0,15,2,3,デザフィアドール,牝,3,55.0,池添,119.7,5,10,47.5,41.9,1-1-1-1,栗東 宮本,434,2,
202509020701,2025-04-19,阪神,1,3歳未勝利,ダ,1800,右,晴,良,"2回 阪神 7日目 サラ系３歳 未勝利       牝[指] 馬齢 16頭 本賞金:560,220,140,84,56万円",16,560.0,16,7,13,ハッピードリーム,牝,3,55.0,西村淳,119.8,1/2,7,19.8,41.0,10-10-10-12,栗東 石坂,510,6,
202509020702,2025-04-19,阪神,2,3歳未勝利,ダ,1200,右,晴,良,"2回 阪神 7日目 サラ系３歳 未勝利       (混)[指] 馬齢 16頭 本賞金:560,220,140,84,56万円",16,560.0,1,2,4,ヴリトラハン,牡,3,56.0,☆高杉,74.0,,4,7.7,37.8,4-4,栗東 千田,478,8,
202509020702,2025-04-19,阪神,2,3歳未勝利,ダ,1200,右,晴,良,"2回 阪神 7日目 サラ系３歳 未勝利       (混)[指] 馬齢 16頭 本賞金:560,220,140,84,56万円",16,560.0,2,6,11,ララアヴリル,セ,3,54.0,▲森田,74.0,アタマ,6,12.4,38.5,1-1,栗東 斉藤崇,476,6,
202509020702,2025-04-19,阪神,2,3歳未勝利,ダ,1200,右,晴,良,"2回 阪神 7日目 サラ系３歳 未勝利       (混)[指] 馬齢 16頭 本賞金:560,220,140,84,56万円",16,560.0,3,1,2,メイショウヨンク,牡,3,57.0,菱田,74.3,1.3/4,12,79.6,37.6,8-8,栗東 秋山,454,6,
202509020702,2025-04-19,阪神,2,3歳未勝利,ダ,1200,右,晴,良,"2回 阪神 7日目 サラ系３歳 未勝利       (混)[指] 馬齢 16頭 本賞金:560,220,140,84,56万円",16,560.0,4,6,12,ゼットエール,牡,3,56.0,☆西塚,74.5,1.1/4,11,62.7,37.7,8-5,栗東 吉田,506,0,
202509020702,2025-04-19,阪神,2,3歳未勝利,ダ,1200,右,晴,良,"2回 阪神 7日目 サラ系３歳 未勝利       (混)[指] 馬齢 16頭 本賞金:560,220,140,84,56万円",16,560.0,5,1,1,アラモアナ,牡,3,57.0,松山,74.7,3/4,3,4.6,37.8,12-10,栗東 奥村豊,484,8,
202509020702,2025-04-19,阪神,2,3歳未勝利,ダ,1200,右,晴,良,"2回 阪神 7日目 サラ系３歳 未勝利       (混)[指] 馬齢 16頭 本賞金:560,220,140,84,56万円",16,560.0,6,5,9,アースノイド,牡,3,56.0,☆吉村,74.9,1,2,3.9,39.1,2-2,栗東 杉山佳,462,4,
202509020702,2025-04-19,阪神,2,3歳未勝利,ダ,1200,右,晴,良,"2回 阪神 7日目 サラ系３歳 未勝利       (混)[指] 馬齢 16頭 本賞金:560,220,140,84,56万円",16,560.0,7,4,7,メイショウサトノヒ,牡,3,57.0,田口,74.9,アタマ,1,3.3,39.2,2-2,栗東 長谷川,512,0,
202509020702,2025-04-19,阪神,2,3歳未勝利,ダ,1200,右,晴,良,"2回 阪神 7日目 サラ系３歳 未勝利       (混)[指] 馬齢 16頭 本賞金:560,220,140,84,56万円",16,560.0,8,7,13,スマートエレーヌ,牝,3,55.0,川又,75.2,1.1/2,9,55.2,37.8,14-13,栗東 寺島,512,0,
202509020702,2025-04-19,阪神,2,3歳未勝利,ダ,1200,右,晴,良,"2回 阪神 7日目 サラ系３歳 未勝利       (混)[指] 馬齢 16頭 本賞金:560,220,140,84,56万円",16,560.0,9,2,3,アーロッタレット,牝,3,55.0,酒井,75.3,1/2,10,56.0,38.7,6-8,栗東 須貝,478,0,
202509020702,2025-04-19,阪神,2,3歳未勝利,ダ,1200,右,晴,良,"2回 阪神 7日目 サラ系３歳 未勝利       (混)[指] 馬齢 16頭 本賞金:560,220,140,84,56万円",16,560.0,10,4,8,メイショウアオコチ,牡,3,57.0,浜中,76.3,6,8,48.1,39.3,12-10,栗東 飯田,456,-10,
202509020702,2025-04-19,阪神,2,3歳未勝利,ダ,1200,右,晴,良,"2回 阪神 7日目 サラ系３歳 未勝利       (混)[指] 馬齢 16頭 本賞金:560,220,140,84,56万円",16,560.0,11,3,6,レーヴドアンジュ,牝,3,55.0,鮫島駿,76.3,ハナ,7,18.4,39.9,4-5,栗東 河嶋,428,0,
202509020702,2025-04-19,阪神,2,3歳未勝利,ダ,1200,右,晴,良,"2回 阪神 7日目 サラ系３歳 未勝利       (混)[指] 馬齢 16頭 本賞金:560,220,140,84,56万円",16,560.0,12,7,14,マイティーパワー,牡,3,57.0,団野,76.8,3,15,138.0,38.0,16-16,栗東 荒川,538,0,
202509020702,2025-04-19,阪神,2,3歳未勝利,ダ,1200,右,晴,良,"2回 阪神 7日目 サラ系３歳 未勝利       (混)[指] 馬齢 16頭 本賞金:560,220,140,84,56万円",16,560.0,13,8,16,アラクシュミー,牝,3,55.0,幸,76.9,3/4,13,107.9,40.4,6-5,栗東 北出,454,0,
202509020702,2025-04-19,阪神,2,3歳未勝利,ダ,1200,右,晴,良,"2回 阪神 7日目 サラ系３歳 未勝利       (混)[指] 馬齢 16頭 本賞金:560,220,140,84,56万円",16,560.0,14,8,15,ウインハイエスト,牡,3,54.0,▲橋木,76.9,ハナ,16,302.3,39.8,11-14,栗東 西園正,480,4,
202509020702,2025-04-19,阪神,2,3歳未勝利,ダ,1200,右,晴,良,"2回 阪神 7日目 サラ系３歳 未勝利       (混)[指] 馬齢 16頭 本賞金:560,220,140,84,56万円",16,560.0,15,3,5,アスクザアメリカン,牡,3,57.0,岩田望,76.9,クビ,5,8.9,39.3,15-14,栗東 野中,512,0,
202509020702,2025-04-19,阪神,2,3歳未勝利,ダ,1200,右,晴,良,"2回 阪神 7日目 サラ系３歳 未勝利       (混)[指] 馬齢 16頭 本賞金:560,220,140,84,56万円",16,560.0,16,5,10,アイズミサクラ,牝,3,55.0,松若,77.2,1.1/2,14,116.7,40.4,8-10,栗東 牧田,436,-16,
202509020703,2025-04-19,阪神,3,3歳未勝利,ダ,2000,右,晴,良,"2回 阪神 7日目 サラ系３歳 未勝利       (混)[指] 馬齢 16頭 本賞金:560,220,140,84,56万円",16,560.0,1,1,2,ミラクルブルー,牡,3,57.0,鮫島駿,128.5,,7,24.0,38.6,4-4-4-4,栗東 小林,482,4,
202509020703,2025-04-19,阪神,3,3歳未勝利,ダ,2000,右,晴,良,"2回 阪神 7日目 サラ系３歳 未勝利       (混)[指] 馬齢 16頭 本賞金:560,220,140,84,56万円",16,560.0,2,3,5,セーデルマンランド,牡,3,57.0,幸,128.6,1/2,8,24.7,37.8,16-16-14-8,栗東 大根田,496,0,
202509020703,2025-04-19,阪神,3,3歳未勝利,ダ,2000,右,晴,良,"2回 阪神 7日目 サラ系３歳 未勝利       (混)[指] 馬齢 16頭 本賞金:560,220,140,84,56万円",16,560.0,3,8,16,ファルコンバローズ,セ,3,57.0,長岡,128.9,2,5,15.6,38.7,6-6-6-5,栗東 辻野,506,-10,
202509020703,2025-04-19,阪神,3,3歳未勝利,ダ,2000,右,晴,良,"2回 阪神 7日目 サラ系３歳 未勝利       (混)[指] 馬齢 16頭 本賞金:560,220,140,84,56万円",16,560.0,4,7,13,クロノスバレット,牡,3,57.0,岩田望,129.1,1,3,9.7,39.5,2-2-2-2,栗東 吉村,496,0,
202509020703,2025-04-19,阪神,3,3歳未勝利,ダ,2000,右,晴,良,"2回 阪神 7日目 サラ系３歳 未勝利       (混)[指] 馬齢 16頭 本賞金:560,220,140,84,56万円",16,560.0,5,6,12,アインプレーゲン,牡,3,57.0,酒井,129.3,3/4,4,10.0,38.6,13-13-11-12,栗東 井上,540,-6,
202509020703,2025-04-19,阪神,3,3歳未勝利,ダ,2000,右,晴,良,"2回 阪神 7日目 サラ系３歳 未勝利       (混)[指] 馬齢 16頭 本賞金:560,220,140,84,56万円",16,560.0,6,6,11,ブレスドナイル,牝,3,55.0,岩田康,129.6,2,10,55.2,40.1,1-1-1-1,栗東 北出,434,-2,
202509020703,2025-04-19,阪神,3,3歳未勝利,ダ,2000,右,晴,良,"2回 阪神 7日目 サラ系３歳 未勝利       (混)[指] 馬齢 16頭 本賞金:560,220,140,84,56万円",16,560.0,7,7,14,ガウラサンダー,牡,3,57.0,田口,129.7,1/2,16,353.0,38.4,13-13-16-15,栗東 高柳大,466,3,
202509020703,2025-04-19,阪神,3,3歳未勝利,ダ,2000,右,晴,良,"2回 阪神 7日目 サラ系３歳 未勝利       (混)[指] 馬齢 16頭 本賞金:560,220,140,84,56万円",16,560.0,8,5,9,メリトーリアス,牡,3,57.0,松若,129.8,クビ,6,19.0,39.7,6-6-6-5,栗東 東田,524,6,
202509020703,2025-04-19,阪神,3,3歳未勝利,ダ,2000,右,晴,良,"2回 阪神 7日目 サラ系３歳 未勝利       (混)[指] 馬齢 16頭 本賞金:560,220,140,84,56万円",16,560.0,9,8,15,ダイシンレアレア,牡,3,57.0,西村淳,130.0,1.1/4,1,2.5,40.4,3-3-2-2,栗東 高橋一,486,6,
202509020703,2025-04-19,阪神,3,3歳未勝利,ダ,2000,右,晴,良,"2回 阪神 7日目 サラ系３歳 未勝利       (混)[指] 馬齢 16頭 本賞金:560,220,140,84,56万円",16,560.0,10,1,1,サンリットアワーズ,牡,3,56.0,☆吉村,130.1,1/2,9,26.3,40.0,6-6-6-8,栗東 中内田,492,2,
202509020703,2025-04-19,阪神,3,3歳未勝利,ダ,2000,右,晴,良,"2回 阪神 7日目 サラ系３歳 未勝利       (混)[指] 馬齢 16頭 本賞金:560,220,140,84,56万円",16,560.0,11,5,10,メイショウキタダケ,牡,3,57.0,団野,131.0,5,14,250.7,40.4,11-11-11-12,栗東 荒川,430,0,
202509020703,2025-04-19,阪神,3,3歳未勝利,ダ,2000,右,晴,良,"2回 阪神 7日目 サラ系３歳 未勝利       (混)[指] 馬齢 16頭 本賞金:560,220,140,84,56万円",16,560.0,12,3,6,ヤノマスティーロ,牡,3,56.0,☆高杉,131.3,2,2,2.6,40.9,9-10-9-8,栗東 杉山晴,526,4,
202509020703,2025-04-19,阪神,3,3歳未勝利,ダ,2000,右,晴,良,"2回 阪神 7日目 サラ系３歳 未勝利       (混)[指] 馬齢 16頭 本賞金:560,220,140,84,56万円",16,560.0,13,2,4,タイセイアルジャン,牡,3,56.0,☆西塚,131.7,2,15,334.7,40.8,15-13-14-15,栗東 森田,524,2,
202509020703,2025-04-19,阪神,3,3歳未勝利,ダ,2000,右,晴,良,"2回 阪神 7日目 サラ系３歳 未勝利       (混)[指] 馬齢 16頭 本賞金:560,220,140,84,56万円",16,560.0,14,4,8,トラスティソード,牝,3,55.0,シュタ,131.8,3/4,13,226.9,41.4,9-9-9-11,栗東 新谷,486,6,
202509020703,2025-04-19,阪神,3,3歳未勝利,ダ,2000,右,晴,良,"2回 阪神 7日目 サラ系３歳 未勝利       (混)[指] 馬齢 16頭 本賞金:560,220,140,84,56万円",16,560.0,15,4,7,エールヴィリース,牡,3,57.0,菱田,131.8,アタマ,12,176.2,41.9,4-4-4-5,栗東 橋口,486,-4,
202509020703,2025-04-19,阪神,3,3歳未勝利,ダ,2000,右,晴,良,"2回 阪神 7日目 サラ系３歳 未勝利       (混)[指] 馬齢 16頭 本賞金:560,220,140,84,56万円",16,560.0,16,2,3,ジョインザフレイ,牡,3,57.0,北村友,132.3,2.1/2,11,123.4,41.8,11-11-11-12,栗東 安田,502,-6,
202509020704,2025-04-19,阪神,4,3歳未勝利,芝,2200,右,晴,良,"2回 阪神 7日目 サラ系３歳 未勝利       (混)[指] 馬齢 16頭 本賞金:560,220,140,84,56万円",16,560.0,1,3,5,ファーングロット,牡,3,57.0,北村友,133.7,,1,2.0,35.5,2-2-2-2,栗東 上村,486,-2,
202509020704,2025-04-19,阪神,4,3歳未勝利,芝,2200,右,晴,良,"2回 阪神 7日目 サラ系３歳 未勝利       (混)[指] 馬齢 16頭 本賞金:560,220,140,84,56万円",16,560.0,2,7,14,アルマデオロ,牡,3,57.0,武豊,133.9,1.1/2,2,3.6,35.3,12-12-11-8,栗東 清水久,492,-8,
202509020704,2025-04-19,阪神,4,3歳未勝利,芝,2200,右,晴,良,"2回 阪神 7日目 サラ系３歳 未勝利       (混)[指] 馬齢 16頭 本賞金:560,220,140,84,56万円",16,560.0,3,5,9,サンライズロジャー,牡,3,57.0,田口,134.1,1.1/4,16,262.3,35.8,6-4-4-6,栗東 加藤公,528,0,
202509020704,2025-04-19,阪神,4,3歳未勝利,芝,2200,右,晴,良,"2回 阪神 7日目 サラ系３歳 未勝利       (混)[指] 馬齢 16頭 本賞金:560,220,140,84,56万円",16,560.0,4,1,2,エンゲージプライド,牡,3,54.0,▲田山,134.5,2,3,7.2,35.7,10-10-12-10,栗東 新谷,494,4,
202509020704,2025-04-19,阪神,4,3歳未勝利,芝,2200,右,晴,良,"2回 阪神 7日目 サラ系３歳 未勝利       (混)[指] 馬齢 16頭 本賞金:560,220,140,84,56万円",16,560.0,5,8,16,サンライズシュガー,牡,3,57.0,松山,134.8,1.3/4,4,8.5,36.5,8-8-4-2,栗東 新谷,502,-8,
202509020704,2025-04-19,阪神,4,3歳未勝利,芝,2200,右,晴,良,"2回 阪神 7日目 サラ系３歳 未勝利       (混)[指] 馬齢 16頭 本賞金:560,220,140,84,56万円",16,560.0,6,4,7,タイセイルシエル,牡,3,56.0,☆高杉,134.9,1/2,15,223.2,36.1,14-15-13-10,栗東 松下,426,0,
202509020704,2025-04-19,阪神,4,3歳未勝利,芝,2200,右,晴,良,"2回 阪神 7日目 サラ系３歳 未勝利       (混)[指] 馬齢 16頭 本賞金:560,220,140,84,56万円",16,560.0,7,5,10,ミッキーコンドル,牡,3,57.0,池添,134.9,クビ,5,22.6,36.4,10-10-7-4,栗東 大久保,440,0,
202509020704,2025-04-19,阪神,4,3歳未勝利,芝,2200,右,晴,良,"2回 阪神 7日目 サラ系３歳 未勝利       (混)[指] 馬齢 16頭 本賞金:560,220,140,84,56万円",16,560.0,8,2,3,キタノプレンティ,牝,3,55.0,幸,135.2,1.3/4,12,77.6,36.6,8-8-9-10,栗東 高橋康,458,-2,
202509020704,2025-04-19,阪神,4,3歳未勝利,芝,2200,右,晴,良,"2回 阪神 7日目 サラ系３歳 未勝利       (混)[指] 馬齢 16頭 本賞金:560,220,140,84,56万円",16,560.0,9,4,8,トルストイ,牡,3,57.0,西村淳,135.5,1.3/4,8,44.4,36.7,13-13-13-14,栗東 杉山晴,500,-2,
202509020704,2025-04-19,阪神,4,3歳未勝利,芝,2200,右,晴,良,"2回 阪神 7日目 サラ系３歳 未勝利       (混)[指] 馬齢 16頭 本賞金:560,220,140,84,56万円",16,560.0,10,8,15,スティレセイル,牝,3,54.0,☆吉村,135.5,クビ,7,31.8,36.6,14-13-13-14,栗東 福永,460,8,
202509020704,2025-04-19,阪神,4,3歳未勝利,芝,2200,右,晴,良,"2回 阪神 7日目 サラ系３歳 未勝利       (混)[指] 馬齢 16頭 本賞金:560,220,140,84,56万円",16,560.0,11,1,1,スイッチビスケット,牡,3,54.0,▲柴田裕,135.8,1.3/4,13,95.9,37.1,6-7-9-10,栗東 森田,464,-8,
202509020704,2025-04-19,阪神,4,3歳未勝利,芝,2200,右,晴,良,"2回 阪神 7日目 サラ系３歳 未勝利       (混)[指] 馬齢 16頭 本賞金:560,220,140,84,56万円",16,560.0,12,7,13,グティ,セ,3,57.0,岩田望,135.9,3/4,9,59.5,37.6,5-4-3-4,栗東 友道,494,-4,
202509020704,2025-04-19,阪神,4,3歳未勝利,芝,2200,右,晴,良,"2回 阪神 7日目 サラ系３歳 未勝利       (混)[指] 馬齢 16頭 本賞金:560,220,140,84,56万円",16,560.0,13,3,6,アルファシリウス,牡,3,57.0,団野,136.1,1.1/4,14,124.6,37.8,3-2-4-6,栗東 矢作,456,-6,
202509020704,2025-04-19,阪神,4,3歳未勝利,芝,2200,右,晴,良,"2回 阪神 7日目 サラ系３歳 未勝利       (混)[指] 馬齢 16頭 本賞金:560,220,140,84,56万円",16,560.0,14,6,11,ロッツオブプランズ,牝,3,55.0,藤岡佑,136.5,2.1/2,6,25.1,38.0,3-4-7-8,栗東 四位,482,-12,
202509020704,2025-04-19,阪神,4,3歳未勝利,芝,2200,右,晴,良,"2回 阪神 7日目 サラ系３歳 未勝利       (混)[指] 馬齢 16頭 本賞金:560,220,140,84,56万円",16,560.0,15,2,4,ジャストキングダム,牡,3,54.0,▲橋木,140.2,大,11,76.3,42.1,1-1-1-1,栗東 高橋康,552,-4,
202509020704,2025-04-19,阪神,4,3歳未勝利,芝,2200,右,晴,良,"2回 阪神 7日目 サラ系３歳 未勝利       (混)[指] 馬齢 16頭 本賞金:560,220,140,84,56万円",16,560.0,,6,12,エンハンス,牡,3,57.0,坂井,,,10,75.3,,16,栗東 矢作,498,0,中止
202509020705,2025-04-19,阪神,5,3歳1勝クラス,芝,2000,右,晴,良,"2回 阪神 7日目 サラ系３歳 １勝クラス       (混)(特指) 馬齢 7頭 本賞金:800,320,200,120,80万円",7,800.0,1,2,2,トッピボーン,牡,3,57.0,武豊,117.9,,1,1.7,34.5,7-7-7-5,栗東 笹田,468,4,
202509020705,2025-04-19,阪神,5,3歳1勝クラス,芝,2000,右,晴,良,"2回 阪神 7日目 サラ系３歳 １勝クラス       (混)(特指) 馬齢 7頭 本賞金:800,320,200,120,80万円",7,800.0,2,5,5,リアライズオーラム,牡,3,57.0,川田,118.6,4,2,3.3,35.6,3-3-3-2,栗東 須貝,500,0,
202509020705,2025-04-19,阪神,5,3歳1勝クラス,芝,2000,右,晴,良,"2回 阪神 7日目 サラ系３歳 １勝クラス       (混)(特指) 馬齢 7頭 本賞金:800,320,200,120,80万円",7,800.0,3,4,4,メディテラニアン,牡,3,57.0,ルメー,118.9,2,3,4.0,35.7,5-5-5-4,栗東 池江,460,8,
202509020705,2025-04-19,阪神,5,3歳1勝クラス,芝,2000,右,晴,良,"2回 阪神 7日目 サラ系３歳 １勝クラス       (混)(特指) 馬齢 7頭 本賞金:800,320,200,120,80万円",7,800.0,4,7,7,ジューンエオス,牝,3,55.0,松山,119.5,3.1/2,4,17.1,37.1,2-2-2-1,栗東 武英,474,-8,
202509020705,2025-04-19,阪神,5,3歳1勝クラス,芝,2000,右,晴,良,"2回 阪神 7日目 サラ系３歳 １勝クラス       (混)(特指) 馬齢 7頭 本賞金:800,320,200,120,80万円",7,800.0,5,1,1,ヴォラヴィア,牡,3,57.0,川又,120.8,8,6,28.5,37.6,3-3-3-5,栗東 杉山佳,458,8,
202509020705,2025-04-19,阪神,5,3歳1勝クラス,芝,2000,右,晴,良,"2回 阪神 7日目 サラ系３歳 １勝クラス       (混)(特指) 馬齢 7頭 本賞金:800,320,200,120,80万円",7,800.0,6,3,3,ゴッドヴァレー,牡,3,53.0,★河原田,121.7,5,5,27.2,39.1,1-1-1-2,栗東 渡辺,464,-12,
202509020705,2025-04-19,阪神,5,3歳1勝クラス,芝,2000,右,晴,良,"2回 阪神 7日目 サラ系３歳 １勝クラス       (混)(特指) 馬齢 7頭 本賞金:800,320,200,120,80万円",7,800.0,7,6,6,ベストファンタジー,牝,3,54.0,☆吉村,121.9,3/4,7,135.4,38.3,5-5-6-7,栗東 西園翔,486,0,
202509020706,2025-04-19,阪神,6,3歳1勝クラス,ダ,1800,右,晴,良,"2回 阪神 7日目 サラ系３歳 １勝クラス       牝[指] 馬齢 8頭 本賞金:800,320,200,120,80万円",8,800.0,1,4,4,クリノスワロー,牝,3,55.0,坂井,115.2,,4,4.5,40.4,3-3-3-3,栗東 高橋忠,488,-2,
202509020706,2025-04-19,阪神,6,3歳1勝クラス,ダ,1800,右,晴,良,"2回 阪神 7日目 サラ系３歳 １勝クラス       牝[指] 馬齢 8頭 本賞金:800,320,200,120,80万円",8,800.0,2,5,5,ネティフラウ,牝,3,55.0,鮫島駿,115.2,ハナ,3,4.0,40.7,1-1-1-1,栗東 西園翔,480,6,
202509020706,2025-04-19,阪神,6,3歳1勝クラス,ダ,1800,右,晴,良,"2回 阪神 7日目 サラ系３歳 １勝クラス       牝[指] 馬齢 8頭 本賞金:800,320,200,120,80万円",8,800.0,3,8,8,タマモカンパネラ,牝,3,55.0,団野,115.5,2,7,28.8,41.0,2-2-2-2,美浦 伊藤圭,496,0,
202509020706,2025-04-19,阪神,6,3歳1勝クラス,ダ,1800,右,晴,良,"2回 阪神 7日目 サラ系３歳 １勝クラス       牝[指] 馬齢 8頭 本賞金:800,320,200,120,80万円",8,800.0,4,2,2,クインズショコラ,牝,3,52.0,▲田山,116.1,3.1/2,5,11.3,41.2,4-3-5-4,栗東 新谷,478,-10,
202509020706,2025-04-19,阪神,6,3歳1勝クラス,ダ,1800,右,晴,良,"2回 阪神 7日目 サラ系３歳 １勝クラス       牝[指] 馬齢 8頭 本賞金:800,320,200,120,80万円",8,800.0,5,7,7,マリーヌ,牝,3,55.0,幸,116.5,2.1/2,1,2.9,41.3,5-5-6-6,栗東 斉藤崇,466,4,
202509020706,2025-04-19,阪神,6,3歳1勝クラス,ダ,1800,右,晴,良,"2回 阪神 7日目 サラ系３歳 １勝クラス       牝[指] 馬齢 8頭 本賞金:800,320,200,120,80万円",8,800.0,6,3,3,シュヴァルム,牝,3,55.0,ルメー,117.1,3.1/2,2,3.7,42.0,8-8-6-4,美浦 尾関,464,-4,
202509020706,2025-04-19,阪神,6,3歳1勝クラス,ダ,1800,右,晴,良,"2回 阪神 7日目 サラ系３歳 １勝クラス       牝[指] 馬齢 8頭 本賞金:800,320,200,120,80万円",8,800.0,7,1,1,ゴージャス,牝,3,55.0,浜中,117.1,ハナ,6,17.1,42.1,7-5-3-7,栗東 四位,404,-6,
202509020706,2025-04-19,阪神,6,3歳1勝クラス,ダ,1800,右,晴,良,"2回 阪神 7日目 サラ系３歳 １勝クラス       牝[指] 馬齢 8頭 本賞金:800,320,200,120,80万円",8,800.0,8,6,6,ディアマイハニー,牝,3,55.0,水口,117.4,2,8,203.8,41.8,6-7-8-8,栗東 中尾,454,2,
202509020707,2025-04-19,阪神,7,4歳以上1勝クラス,芝,2400,右,晴,良,"2回 阪神 7日目 サラ系４歳以上 １勝クラス       (混)[指] 定量 10頭 本賞金:800,320,200,120,80万円",10,800.0,1,8,9,アクアヴァーナル,牝,4,56.0,藤岡佑,144.6,,1,2.4,34.1,2-2-2-2,栗東 四位,460,-2,
202509020707,2025-04-19,阪神,7,4歳以上1勝クラス,芝,2400,右,晴,良,"2回 阪神 7日目 サラ系４歳以上 １勝クラス       (混)[指] 定量 10頭 本賞金:800,320,200,120,80万円",10,800.0,2,3,3,ベトルス,セ,4,58.0,岩田望,144.8,1.1/2,3,4.3,33.9,6-6-5-4,栗東 友道,506,-14,
202509020707,2025-04-19,阪神,7,4歳以上1勝クラス,芝,2400,右,晴,良,"2回 阪神 7日目 サラ系４歳以上 １勝クラス       (混)[指] 定量 10頭 本賞金:800,320,200,120,80万円",10,800.0,3,1,1,ティムール,牡,5,58.0,鮫島駿,145.1,1.1/2,2,2.7,34.1,6-6-6-6,栗東 中竹,472,-4,
202509020707,2025-04-19,阪神,7,4歳以上1勝クラス,芝,2400,右,晴,良,"2回 阪神 7日目 サラ系４歳以上 １勝クラス       (混)[指] 定量 10頭 本賞金:800,320,200,120,80万円",10,800.0,4,7,8,ダイヤモンドレイン,牝,4,55.0,☆吉村,145.1,クビ,4,8.0,34.7,1-1-1-1,栗東 池添,506,2,
202509020707,2025-04-19,阪神,7,4歳以上1勝クラス,芝,2400,右,晴,良,"2回 阪神 7日目 サラ系４歳以上 １勝クラス       (混)[指] 定量 10頭 本賞金:800,320,200,120,80万円",10,800.0,5,7,7,コスモアミマネラ,牡,4,58.0,田口,146.0,5,5,12.9,35.3,3-3-3-3,美浦 柄崎,488,10,
202509020707,2025-04-19,阪神,7,4歳以上1勝クラス,芝,2400,右,晴,良,"2回 阪神 7日目 サラ系４歳以上 １勝クラス       (混)[指] 定量 10頭 本賞金:800,320,200,120,80万円",10,800.0,6,6,6,ムーンスカイ,牡,5,58.0,松山,146.3,1.1/2,6,27.5,35.5,4-4-3-4,栗東 牧田,440,-2,
202509020707,2025-04-19,阪神,7,4歳以上1勝クラス,芝,2400,右,晴,良,"2回 阪神 7日目 サラ系４歳以上 １勝クラス       (混)[指] 定量 10頭 本賞金:800,320,200,120,80万円",10,800.0,7,4,4,アットアブラスト,セ,5,57.0,☆西塚,146.4,1/2,7,131.3,34.6,10-10-10-10,栗東 小椋,456,-4,
202509020707,2025-04-19,阪神,7,4歳以上1勝クラス,芝,2400,右,晴,良,"2回 阪神 7日目 サラ系４歳以上 １勝クラス       (混)[指] 定量 10頭 本賞金:800,320,200,120,80万円",10,800.0,8,8,10,マサハヤヴォス,牡,4,58.0,和田竜,146.8,2.1/2,8,160.0,35.5,8-8-8-7,栗東 今野,468,20,
202509020707,2025-04-19,阪神,7,4歳以上1勝クラス,芝,2400,右,晴,良,"2回 阪神 7日目 サラ系４歳以上 １勝クラス       (混)[指] 定量 10頭 本賞金:800,320,200,120,80万円",10,800.0,9,5,5,プレカーサー,牡,4,55.0,▲橋木,147.2,2.1/2,10,306.4,35.7,8-8-8-9,美浦 加藤和,534,-12,
202509020707,2025-04-19,阪神,7,4歳以上1勝クラス,芝,2400,右,晴,良,"2回 阪神 7日目 サラ系４歳以上 １勝クラス       (混)[指] 定量 10頭 本賞金:800,320,200,120,80万円",10,800.0,10,2,2,セルリアンミナギル,牡,5,55.0,▲和田陽,147.2,クビ,9,249.8,35.9,5-5-6-7,栗東 藤野,484,-2,
202509020708,2025-04-19,阪神,8,4歳以上1勝クラス,芝,1600,右,晴,良,"2回 阪神 7日目 サラ系４歳以上 １勝クラス       (混)[指] 定量 14頭 本賞金:800,320,200,120,80万円",14,800.0,1,4,5,ダノンクロム,牡,5,58.0,坂井,93.6,,7,10.8,33.6,1-1,栗東 東田,536,-4,
202509020708,2025-04-19,阪神,8,4歳以上1勝クラス,芝,1600,右,晴,良,"2回 阪神 7日目 サラ系４歳以上 １勝クラス       (混)[指] 定量 14頭 本賞金:800,320,200,120,80万円",14,800.0,2,5,8,ラガークイン,牝,4,56.0,田口,93.9,1.3/4,1,4.0,33.5,7-4,栗東 大久保,420,-2,
202509020708,2025-04-19,阪神,8,4歳以上1勝クラス,芝,1600,右,晴,良,"2回 阪神 7日目 サラ系４歳以上 １勝クラス       (混)[指] 定量 14頭 本賞金:800,320,200,120,80万円",14,800.0,3,7,12,マルカオペラ,牝,4,56.0,北村友,93.9,アタマ,6,10.6,33.8,3-2,栗東 浜田,480,0,
202509020708,2025-04-19,阪神,8,4歳以上1勝クラス,芝,1600,右,晴,良,"2回 阪神 7日目 サラ系４歳以上 １勝クラス       (混)[指] 定量 14頭 本賞金:800,320,200,120,80万円",14,800.0,4,8,13,グローブアマランス,牝,4,56.0,和田竜,94.0,クビ,3,8.2,33.4,8-8,栗東 中尾,464,0,
202509020708,2025-04-19,阪神,8,4歳以上1勝クラス,芝,1600,右,晴,良,"2回 阪神 7日目 サラ系４歳以上 １勝クラス       (混)[指] 定量 14頭 本賞金:800,320,200,120,80万円",14,800.0,5,3,3,ダイシンビヨンド,牝,6,56.0,川須,94.1,1,9,20.1,33.8,4-4,栗東 梅田,466,0,
202509020708,2025-04-19,阪神,8,4歳以上1勝クラス,芝,1600,右,晴,良,"2回 阪神 7日目 サラ系４歳以上 １勝クラス       (混)[指] 定量 14頭 本賞金:800,320,200,120,80万円",14,800.0,6,6,10,サンウリエル,牡,4,58.0,長岡,94.1,ハナ,8,11.7,33.4,8-13,栗東 宮本,486,0,
202509020708,2025-04-19,阪神,8,4歳以上1勝クラス,芝,1600,右,晴,良,"2回 阪神 7日目 サラ系４歳以上 １勝クラス       (混)[指] 定量 14頭 本賞金:800,320,200,120,80万円",14,800.0,7,3,4,サク,牝,6,56.0,幸,94.2,1/2,5,8.3,33.6,8-8,栗東 北出,456,2,
202509020708,2025-04-19,阪神,8,4歳以上1勝クラス,芝,1600,右,晴,良,"2回 阪神 7日目 サラ系４歳以上 １勝クラス       (混)[指] 定量 14頭 本賞金:800,320,200,120,80万円",14,800.0,8,4,6,サトノエンパイア,牡,4,57.0,☆西塚,94.3,クビ,12,54.0,33.6,13-13,栗東 藤原,422,0,
202509020708,2025-04-19,阪神,8,4歳以上1勝クラス,芝,1600,右,晴,良,"2回 阪神 7日目 サラ系４歳以上 １勝クラス       (混)[指] 定量 14頭 本賞金:800,320,200,120,80万円",14,800.0,9,2,2,タガノヘラクレス,牡,4,57.0,☆高杉,94.3,ハナ,4,8.2,33.7,13-8,栗東 千田,514,10,
202509020708,2025-04-19,阪神,8,4歳以上1勝クラス,芝,1600,右,晴,良,"2回 阪神 7日目 サラ系４歳以上 １勝クラス       (混)[指] 定量 14頭 本賞金:800,320,200,120,80万円",14,800.0,10,8,14,オタルグリーン,牝,4,56.0,鮫島駿,94.5,1.1/2,10,24.7,34.0,8-8,栗東 中竹,442,-2,
202509020708,2025-04-19,阪神,8,4歳以上1勝クラス,芝,1600,右,晴,良,"2回 阪神 7日目 サラ系４歳以上 １勝クラス       (混)[指] 定量 14頭 本賞金:800,320,200,120,80万円",14,800.0,11,1,1,シルヴァーデューク,牡,5,58.0,横山典,94.6,1/2,13,65.1,34.1,12-8,栗東 前川,464,2,
202509020708,2025-04-19,阪神,8,4歳以上1勝クラス,芝,1600,右,晴,良,"2回 阪神 7日目 サラ系４歳以上 １勝クラス       (混)[指] 定量 14頭 本賞金:800,320,200,120,80万円",14,800.0,12,6,9,バーケンティン,牡,4,58.0,松山,94.9,2,2,4.6,34.8,2-2,栗東 平田,484,2,
202509020708,2025-04-19,阪神,8,4歳以上1勝クラス,芝,1600,右,晴,良,"2回 阪神 7日目 サラ系４歳以上 １勝クラス       (混)[指] 定量 14頭 本賞金:800,320,200,120,80万円",14,800.0,13,5,7,ラブカヒルー,牝,6,53.0,▲柴田裕,95.3,2,14,342.4,34.9,4-4,栗東 森田,450,-12,
202509020708,2025-04-19,阪神,8,4歳以上1勝クラス,芝,1600,右,晴,良,"2回 阪神 7日目 サラ系４歳以上 １勝クラス       (混)[指] 定量 14頭 本賞金:800,320,200,120,80万円",14,800.0,14,7,11,ルージュクレセント,牝,5,56.0,Ｍデム,95.6,1.1/2,11,37.7,35.3,4-4,栗東 宮地,456,-4,
202509020709,2025-04-19,阪神,9,吹田特別,ダ,1400,右,晴,良,"2回 阪神 7日目 サラ系４歳以上 ２勝クラス       (混)[指] 定量 16頭 本賞金:1550,620,390,230,155万円",16,1550.0,1,6,12,ルディック,牡,4,58.0,北村友,85.0,,1,2.3,37.5,1-1,栗東 高野,526,0,
202509020709,2025-04-19,阪神,9,吹田特別,ダ,1400,右,晴,良,"2回 阪神 7日目 サラ系４歳以上 ２勝クラス       (混)[指] 定量 16頭 本賞金:1550,620,390,230,155万円",16,1550.0,2,4,8,タイガースパーク,牡,5,58.0,田口,85.2,1,10,31.0,36.4,14-13,栗東 大橋,460,-6,
202509020709,2025-04-19,阪神,9,吹田特別,ダ,1400,右,晴,良,"2回 阪神 7日目 サラ系４歳以上 ２勝クラス       (混)[指] 定量 16頭 本賞金:1550,620,390,230,155万円",16,1550.0,3,5,10,フィリップ,牡,4,58.0,川田,85.4,1,2,3.8,37.7,4-5,美浦 岩戸,492,-4,
202509020709,2025-04-19,阪神,9,吹田特別,ダ,1400,右,晴,良,"2回 阪神 7日目 サラ系４歳以上 ２勝クラス       (混)[指] 定量 16頭 本賞金:1550,620,390,230,155万円",16,1550.0,4,4,7,ジャスパーバローズ,牡,5,58.0,浜中,85.4,アタマ,6,17.6,36.9,12-11,栗東 清水久,512,0,
202509020709,2025-04-19,阪神,9,吹田特別,ダ,1400,右,晴,良,"2回 阪神 7日目 サラ系４歳以上 ２勝クラス       (混)[指] 定量 16頭 本賞金:1550,620,390,230,155万円",16,1550.0,5,5,9,ジョニール,牝,4,56.0,吉村,85.6,1,9,30.4,37.9,3-2,栗東 森田,462,0,
202509020709,2025-04-19,阪神,9,吹田特別,ダ,1400,右,晴,良,"2回 阪神 7日目 サラ系４歳以上 ２勝クラス       (混)[指] 定量 16頭 本賞金:1550,620,390,230,155万円",16,1550.0,6,2,4,カッティングジェム,牡,5,58.0,菱田,85.6,ハナ,3,7.4,37.7,5-6,栗東 小崎,512,1,
202509020709,2025-04-19,阪神,9,吹田特別,ダ,1400,右,晴,良,"2回 阪神 7日目 サラ系４歳以上 ２勝クラス       (混)[指] 定量 16頭 本賞金:1550,620,390,230,155万円",16,1550.0,7,3,5,バックトゥザライト,牡,5,58.0,岩田望,85.9,1.3/4,4,11.5,37.7,9-8,栗東 辻野,524,6,
202509020709,2025-04-19,阪神,9,吹田特別,ダ,1400,右,晴,良,"2回 阪神 7日目 サラ系４歳以上 ２勝クラス       (混)[指] 定量 16頭 本賞金:1550,620,390,230,155万円",16,1550.0,8,3,6,ロードオルデン,牡,6,58.0,長岡,85.9,ハナ,13,73.3,36.9,15-15,栗東 辻野,482,-6,
202509020709,2025-04-19,阪神,9,吹田特別,ダ,1400,右,晴,良,"2回 阪神 7日目 サラ系４歳以上 ２勝クラス       (混)[指] 定量 16頭 本賞金:1550,620,390,230,155万円",16,1550.0,9,1,1,コーティアスマナー,牝,4,56.0,団野,86.1,1,11,31.6,38.1,5-8,栗東 高橋忠,448,-2,
202509020709,2025-04-19,阪神,9,吹田特別,ダ,1400,右,晴,良,"2回 阪神 7日目 サラ系４歳以上 ２勝クラス       (混)[指] 定量 16頭 本賞金:1550,620,390,230,155万円",16,1550.0,10,7,14,グラティアスミノル,牡,4,58.0,幸,86.2,3/4,8,28.6,38.3,5-2,栗東 北出,496,-2,
202509020709,2025-04-19,阪神,9,吹田特別,ダ,1400,右,晴,良,"2回 阪神 7日目 サラ系４歳以上 ２勝クラス       (混)[指] 定量 16頭 本賞金:1550,620,390,230,155万円",16,1550.0,11,2,3,ブループリマドンナ,牝,4,56.0,酒井,86.4,1.1/4,12,52.1,37.8,13-13,栗東 小林,470,2,
202509020709,2025-04-19,阪神,9,吹田特別,ダ,1400,右,晴,良,"2回 阪神 7日目 サラ系４歳以上 ２勝クラス       (混)[指] 定量 16頭 本賞金:1550,620,390,230,155万円",16,1550.0,12,8,15,アルファヒディ,セ,6,58.0,坂井,86.5,3/4,5,17.6,38.6,5-6,栗東 石坂,494,22,
202509020709,2025-04-19,阪神,9,吹田特別,ダ,1400,右,晴,良,"2回 阪神 7日目 サラ系４歳以上 ２勝クラス       (混)[指] 定量 16頭 本賞金:1550,620,390,230,155万円",16,1550.0,13,1,2,レッドフランカー,セ,7,58.0,岩田康,86.6,3/4,14,171.2,38.3,9-11,栗東 前川,454,-2,
202509020709,2025-04-19,阪神,9,吹田特別,ダ,1400,右,晴,良,"2回 阪神 7日目 サラ系４歳以上 ２勝クラス       (混)[指] 定量 16頭 本賞金:1550,620,390,230,155万円",16,1550.0,14,7,13,シャイニーズラン,牡,8,58.0,高杉,86.8,3/4,16,378.7,38.5,9-8,栗東 森田,468,0,
202509020709,2025-04-19,阪神,9,吹田特別,ダ,1400,右,晴,良,"2回 阪神 7日目 サラ系４歳以上 ２勝クラス       (混)[指] 定量 16頭 本賞金:1550,620,390,230,155万円",16,1550.0,15,8,16,スピリットワールド,牡,6,58.0,ルメー,88.0,7,7,19.0,40.4,2-2,栗東 高橋一,544,2,
202509020709,2025-04-19,阪神,9,吹田特別,ダ,1400,右,晴,良,"2回 阪神 7日目 サラ系４歳以上 ２勝クラス       (混)[指] 定量 16頭 本賞金:1550,620,390,230,155万円",16,1550.0,16,6,11,リュクスウォリアー,牡,8,58.0,松若,88.5,3,15,334.9,39.4,16-15,栗東 平田,516,-2,
202509020710,2025-04-19,阪神,10,丹波特別,芝,1400,右,晴,良,"2回 阪神 7日目 サラ系４歳以上 ２勝クラス       (混)[指] ハンデ 14頭 本賞金:1550,620,390,230,155万円",14,1550.0,1,4,5,レディマリオン,牝,4,53.0,吉村,80.0,,7,15.6,33.8,5-3,栗東 長谷川,448,-2,
202509020710,2025-04-19,阪神,10,丹波特別,芝,1400,右,晴,良,"2回 阪神 7日目 サラ系４歳以上 ２勝クラス       (混)[指] ハンデ 14頭 本賞金:1550,620,390,230,155万円",14,1550.0,2,7,11,スカイハイ,牡,4,58.0,岩田望,80.1,1/2,1,2.5,33.7,7-6,栗東 清水久,546,4,
202509020710,2025-04-19,阪神,10,丹波特別,芝,1400,右,晴,良,"2回 阪神 7日目 サラ系４歳以上 ２勝クラス       (混)[指] ハンデ 14頭 本賞金:1550,620,390,230,155万円",14,1550.0,3,8,13,トラペジスト,牡,4,57.0,和田竜,80.3,1.1/4,8,21.7,34.4,2-2,栗東 秋山,534,-6,
202509020710,2025-04-19,阪神,10,丹波特別,芝,1400,右,晴,良,"2回 阪神 7日目 サラ系４歳以上 ２勝クラス       (混)[指] ハンデ 14頭 本賞金:1550,620,390,230,155万円",14,1550.0,4,3,3,サロニコス,牝,4,53.0,北村友,80.4,1/2,5,8.6,34.0,7-6,栗東 松下,462,12,
202509020710,2025-04-19,阪神,10,丹波特別,芝,1400,右,晴,良,"2回 阪神 7日目 サラ系４歳以上 ２勝クラス       (混)[指] ハンデ 14頭 本賞金:1550,620,390,230,155万円",14,1550.0,5,1,1,クイックバイオ,牝,4,54.0,川田,80.4,アタマ,4,6.8,34.3,3-3,栗東 須貝,490,-2,
202509020710,2025-04-19,阪神,10,丹波特別,芝,1400,右,晴,良,"2回 阪神 7日目 サラ系４歳以上 ２勝クラス       (混)[指] ハンデ 14頭 本賞金:1550,620,390,230,155万円",14,1550.0,6,2,2,アンビバレント,牡,5,54.0,Ｍデム,80.6,3/4,10,57.6,34.4,4-5,栗東 藤野,470,-2,
202509020710,2025-04-19,阪神,10,丹波特別,芝,1400,右,晴,良,"2回 阪神 7日目 サラ系４歳以上 ２勝クラス       (混)[指] ハンデ 14頭 本賞金:1550,620,390,230,155万円",14,1550.0,7,3,4,ベンガン,牡,8,54.0,高杉,80.6,クビ,14,266.4,34.2,6-6,栗東 千田,470,-8,
202509020710,2025-04-19,阪神,10,丹波特別,芝,1400,右,晴,良,"2回 阪神 7日目 サラ系４歳以上 ２勝クラス       (混)[指] ハンデ 14頭 本賞金:1550,620,390,230,155万円",14,1550.0,8,6,9,モズアンタレス,牝,5,54.0,幸,80.7,1/2,9,32.8,34.9,1-1,栗東 飯田,502,-4,
202509020710,2025-04-19,阪神,10,丹波特別,芝,1400,右,晴,良,"2回 阪神 7日目 サラ系４歳以上 ２勝クラス       (混)[指] ハンデ 14頭 本賞金:1550,620,390,230,155万円",14,1550.0,9,5,8,テラステラ,牡,5,57.0,坂井,80.7,クビ,3,6.7,33.8,11-12,栗東 矢作,480,-6,
202509020710,2025-04-19,阪神,10,丹波特別,芝,1400,右,晴,良,"2回 阪神 7日目 サラ系４歳以上 ２勝クラス       (混)[指] ハンデ 14頭 本賞金:1550,620,390,230,155万円",14,1550.0,10,7,12,ジュンゴールド,牡,4,56.0,武豊,80.8,1/2,2,6.0,34.2,9-9,栗東 友道,494,4,
202509020710,2025-04-19,阪神,10,丹波特別,芝,1400,右,晴,良,"2回 阪神 7日目 サラ系４歳以上 ２勝クラス       (混)[指] ハンデ 14頭 本賞金:1550,620,390,230,155万円",14,1550.0,11,5,7,ベルウッドブラボー,牡,6,54.0,田口,80.9,1/2,13,123.6,33.5,13-14,美浦 和田雄,462,2,
202509020710,2025-04-19,阪神,10,丹波特別,芝,1400,右,晴,良,"2回 阪神 7日目 サラ系４歳以上 ２勝クラス       (混)[指] ハンデ 14頭 本賞金:1550,620,390,230,155万円",14,1550.0,12,6,10,コンフェルマ,牡,4,56.0,松山,80.9,クビ,6,12.0,34.1,11-10,栗東 寺島,506,-4,
202509020710,2025-04-19,阪神,10,丹波特別,芝,1400,右,晴,良,"2回 阪神 7日目 サラ系４歳以上 ２勝クラス       (混)[指] ハンデ 14頭 本賞金:1550,620,390,230,155万円",14,1550.0,13,8,14,ゴールドサーベル,牡,4,54.0,菱田,81.2,1.1/2,12,90.4,34.0,13-12,栗東 大久保,474,4,
202509020710,2025-04-19,阪神,10,丹波特別,芝,1400,右,晴,良,"2回 阪神 7日目 サラ系４歳以上 ２勝クラス       (混)[指] ハンデ 14頭 本賞金:1550,620,390,230,155万円",14,1550.0,14,4,6,プシプシーナ,牝,4,52.0,池添,81.8,3.1/2,11,83.7,35.1,9-10,栗東 小栗,430,0,
202509020711,2025-04-19,阪神,11,アンタレスS,ダ,1800,右,晴,良,"2回 阪神 7日目 サラ系４歳以上 オープン       (国際)(指) 別定 13頭 本賞金:3800,1500,950,570,380万円",13,3800.0,1,6,8,ミッキーファイト,牡,4,58.0,ルメー,111.3,,1,1.8,37.8,2-3-2-2,美浦 田中博,544,-6,
202509020711,2025-04-19,阪神,11,アンタレスS,ダ,1800,右,晴,良,"2回 阪神 7日目 サラ系４歳以上 オープン       (国際)(指) 別定 13頭 本賞金:3800,1500,950,570,380万円",13,3800.0,2,5,7,タイトニット,牡,5,57.0,坂井,111.7,2.1/2,10,39.4,37.6,8-8-8-7,栗東 今野,564,-4,
202509020711,2025-04-19,阪神,11,アンタレスS,ダ,1800,右,晴,良,"2回 阪神 7日目 サラ系４歳以上 オープン       (国際)(指) 別定 13頭 本賞金:3800,1500,950,570,380万円",13,3800.0,3,7,10,ラインオブソウル,牡,6,57.0,松若,111.9,3/4,11,274.4,37.5,9-9-9-9,栗東 東田,526,-4,
202509020711,2025-04-19,阪神,11,アンタレスS,ダ,1800,右,晴,良,"2回 阪神 7日目 サラ系４歳以上 オープン       (国際)(指) 別定 13頭 本賞金:3800,1500,950,570,380万円",13,3800.0,4,3,3,ミッキーヌチバナ,牡,7,58.0,Ｍデム,112.1,1.1/4,7,19.6,38.4,5-5-5-4,栗東 高橋亮,520,2,
202509020711,2025-04-19,阪神,11,アンタレスS,ダ,1800,右,晴,良,"2回 阪神 7日目 サラ系４歳以上 オープン       (国際)(指) 別定 13頭 本賞金:3800,1500,950,570,380万円",13,3800.0,5,8,13,ブレイクフォース,牡,6,57.0,北村友,112.1,クビ,9,37.9,37.3,11-11-12-12,美浦 中舘,490,-2,
202509020711,2025-04-19,阪神,11,アンタレスS,ダ,1800,右,晴,良,"2回 阪神 7日目 サラ系４歳以上 オープン       (国際)(指) 別定 13頭 本賞金:3800,1500,950,570,380万円",13,3800.0,6,4,4,オメガギネス,牡,5,57.0,戸崎圭,112.2,クビ,4,10.2,38.4,5-5-5-4,栗東 安田,504,10,
202509020711,2025-04-19,阪神,11,アンタレスS,ダ,1800,右,晴,良,"2回 阪神 7日目 サラ系４歳以上 オープン       (国際)(指) 別定 13頭 本賞金:3800,1500,950,570,380万円",13,3800.0,7,6,9,ヤマニンウルス,牡,5,58.0,武豊,112.6,2.1/2,2,4.8,38.9,4-4-4-4,栗東 斉藤崇,584,2,
202509020711,2025-04-19,阪神,11,アンタレスS,ダ,1800,右,晴,良,"2回 阪神 7日目 サラ系４歳以上 オープン       (国際)(指) 別定 13頭 本賞金:3800,1500,950,570,380万円",13,3800.0,8,1,1,サンデーファンデー,牡,5,59.0,鮫島駿,112.8,1,5,16.1,39.4,2-2-2-1,栗東 東田,530,-6,
202509020711,2025-04-19,阪神,11,アンタレスS,ダ,1800,右,晴,良,"2回 阪神 7日目 サラ系４歳以上 オープン       (国際)(指) 別定 13頭 本賞金:3800,1500,950,570,380万円",13,3800.0,9,4,5,ホウオウルーレット,牡,6,57.0,岩田康,112.8,アタマ,8,30.4,38.2,11-11-11-10,美浦 栗田,498,-2,
202509020711,2025-04-19,阪神,11,アンタレスS,ダ,1800,右,晴,良,"2回 阪神 7日目 サラ系４歳以上 オープン       (国際)(指) 別定 13頭 本賞金:3800,1500,950,570,380万円",13,3800.0,10,5,6,マーブルロック,牡,5,57.0,松山,113.1,2,6,18.2,39.7,1-1-1-2,栗東 西園正,520,0,
202509020711,2025-04-19,阪神,11,アンタレスS,ダ,1800,右,晴,良,"2回 阪神 7日目 サラ系４歳以上 オープン       (国際)(指) 別定 13頭 本賞金:3800,1500,950,570,380万円",13,3800.0,11,7,11,マリオロード,牡,6,57.0,幸,113.2,3/4,12,296.1,38.8,9-10-9-10,栗東 安達,502,-6,
202509020711,2025-04-19,阪神,11,アンタレスS,ダ,1800,右,晴,良,"2回 阪神 7日目 サラ系４歳以上 オープン       (国際)(指) 別定 13頭 本賞金:3800,1500,950,570,380万円",13,3800.0,12,8,12,ハギノアレグリアス,牡,8,58.0,岩田望,115.8,大,3,7.4,41.7,5-7-7-8,栗東 四位,496,-2,
202509020711,2025-04-19,阪神,11,アンタレスS,ダ,1800,右,晴,良,"2回 阪神 7日目 サラ系４歳以上 オープン       (国際)(指) 別定 13頭 本賞金:3800,1500,950,570,380万円",13,3800.0,,2,2,トウセツ,牡,6,57.0,団野,,,,,,,栗東 杉山佳,,,取消
202509020712,2025-04-19,阪神,12,4歳以上1勝クラス,ダ,1400,右,晴,良,"2回 阪神 7日目 サラ系４歳以上 １勝クラス       (混)[指] 定量 16頭 本賞金:800,320,200,120,80万円",16,800.0,1,6,11,マイティマイティー,牡,4,58.0,坂井,85.0,,1,1.9,37.0,11-7,栗東 佐々木,480,-8,
202509020712,2025-04-19,阪神,12,4歳以上1勝クラス,ダ,1400,右,晴,良,"2回 阪神 7日目 サラ系４歳以上 １勝クラス       (混)[指] 定量 16頭 本賞金:800,320,200,120,80万円",16,800.0,2,7,14,ニホンピロカラット,牡,4,58.0,田口,85.5,3,2,4.8,38.7,2-2,栗東 大橋,514,-12,
202509020712,2025-04-19,阪神,12,4歳以上1勝クラス,ダ,1400,右,晴,良,"2回 阪神 7日目 サラ系４歳以上 １勝クラス       (混)[指] 定量 16頭 本賞金:800,320,200,120,80万円",16,800.0,3,1,2,カルパ,牡,4,58.0,川田,85.6,3/4,3,6.2,38.5,4-4,栗東 須貝,440,0,
202509020712,2025-04-19,阪神,12,4歳以上1勝クラス,ダ,1400,右,晴,良,"2回 阪神 7日目 サラ系４歳以上 １勝クラス       (混)[指] 定量 16頭 本賞金:800,320,200,120,80万円",16,800.0,4,5,9,ウォーターリーダー,牡,5,58.0,武豊,85.8,1,5,20.9,37.5,13-11,栗東 藤野,452,4,
202509020712,2025-04-19,阪神,12,4歳以上1勝クラス,ダ,1400,右,晴,良,"2回 阪神 7日目 サラ系４歳以上 １勝クラス       (混)[指] 定量 16頭 本賞金:800,320,200,120,80万円",16,800.0,5,8,16,エンドレスロード,牡,6,57.0,☆吉村,85.9,1/2,7,24.6,39.0,3-2,栗東 高橋一,482,-4,
202509020712,2025-04-19,阪神,12,4歳以上1勝クラス,ダ,1400,右,晴,良,"2回 阪神 7日目 サラ系４歳以上 １勝クラス       (混)[指] 定量 16頭 本賞金:800,320,200,120,80万円",16,800.0,6,2,4,グランデスフィーダ,牡,5,58.0,西村淳,85.9,アタマ,6,21.1,39.2,1-1,栗東 佐藤悠,548,0,
202509020712,2025-04-19,阪神,12,4歳以上1勝クラス,ダ,1400,右,晴,良,"2回 阪神 7日目 サラ系４歳以上 １勝クラス       (混)[指] 定量 16頭 本賞金:800,320,200,120,80万円",16,800.0,7,6,12,エイシンコクスン,牝,4,56.0,幸,86.1,3/4,4,9.6,39.0,4-4,栗東 大久保,454,2,
202509020712,2025-04-19,阪神,12,4歳以上1勝クラス,ダ,1400,右,晴,良,"2回 阪神 7日目 サラ系４歳以上 １勝クラス       (混)[指] 定量 16頭 本賞金:800,320,200,120,80万円",16,800.0,8,2,3,フォティック,牡,5,58.0,酒井,86.2,1/2,10,38.7,39.1,4-4,栗東 飯田,484,-6,
202509020712,2025-04-19,阪神,12,4歳以上1勝クラス,ダ,1400,右,晴,良,"2回 阪神 7日目 サラ系４歳以上 １勝クラス       (混)[指] 定量 16頭 本賞金:800,320,200,120,80万円",16,800.0,9,1,1,ガウラスパーク,牡,4,55.0,▲田山,86.2,クビ,12,67.8,38.6,7-7,栗東 高柳大,542,-2,
202509020712,2025-04-19,阪神,12,4歳以上1勝クラス,ダ,1400,右,晴,良,"2回 阪神 7日目 サラ系４歳以上 １勝クラス       (混)[指] 定量 16頭 本賞金:800,320,200,120,80万円",16,800.0,10,8,15,ベレニーチェ,牝,4,56.0,高倉,86.4,1.1/4,8,31.9,38.4,9-9,栗東 武英,452,-4,
202509020712,2025-04-19,阪神,12,4歳以上1勝クラス,ダ,1400,右,晴,良,"2回 阪神 7日目 サラ系４歳以上 １勝クラス       (混)[指] 定量 16頭 本賞金:800,320,200,120,80万円",16,800.0,11,5,10,アシャカブラン,牡,4,58.0,松山,86.4,ハナ,9,36.5,38.1,13-14,栗東 大根田,520,6,
202509020712,2025-04-19,阪神,12,4歳以上1勝クラス,ダ,1400,右,晴,良,"2回 阪神 7日目 サラ系４歳以上 １勝クラス       (混)[指] 定量 16頭 本賞金:800,320,200,120,80万円",16,800.0,12,4,8,メイショウホウセン,牡,5,57.0,☆高杉,86.6,3/4,11,67.8,38.5,11-11,栗東 千田,508,-6,
202509020712,2025-04-19,阪神,12,4歳以上1勝クラス,ダ,1400,右,晴,良,"2回 阪神 7日目 サラ系４歳以上 １勝クラス       (混)[指] 定量 16頭 本賞金:800,320,200,120,80万円",16,800.0,13,3,6,スターメイデン,牝,4,55.0,☆西塚,86.7,3/4,15,462.3,38.3,13-14,栗東 吉村,464,6,
202509020712,2025-04-19,阪神,12,4歳以上1勝クラス,ダ,1400,右,晴,良,"2回 阪神 7日目 サラ系４歳以上 １勝クラス       (混)[指] 定量 16頭 本賞金:800,320,200,120,80万円",16,800.0,14,3,5,ピエナクレスコ,牡,4,54.0,★河原田,86.8,3/4,14,331.7,38.8,9-11,栗東 谷,474,16,
202509020712,2025-04-19,阪神,12,4歳以上1勝クラス,ダ,1400,右,晴,良,"2回 阪神 7日目 サラ系４歳以上 １勝クラス       (混)[指] 定量 16頭 本賞金:800,320,200,120,80万円",16,800.0,15,7,13,メイショウイヌワシ,牡,6,55.0,▲森田,87.0,1.1/4,13,154.6,39.2,7-9,栗東 石橋,508,-6,
202509020712,2025-04-19,阪神,12,4歳以上1勝クラス,ダ,1400,右,晴,良,"2回 阪神 7日目 サラ系４歳以上 １勝クラス       (混)[指] 定量 16頭 本賞金:800,320,200,120,80万円",16,800.0,,4,7,エンブレムボム,牡,4,58.0,団野,,,,,,,栗東 森秀,506,3,除外
202503010401,2025-04-20,福島,1,3歳未勝利,ダ,1150,右,曇,良,"1回 福島 4日目 サラ系３歳 未勝利       (混)[指] 馬齢 16頭 本賞金:560,220,140,84,56万円",16,560.0,1,8,15,ファムエレガンテ,牝,3,53.0,◇永島,68.8,,1,3.2,37.2,4-2,栗東 中村,460,-8,
202503010401,2025-04-20,福島,1,3歳未勝利,ダ,1150,右,曇,良,"1回 福島 4日目 サラ系３歳 未勝利       (混)[指] 馬齢 16頭 本賞金:560,220,140,84,56万円",16,560.0,2,8,16,ベルトネ,牝,3,55.0,田辺,70.0,7,2,3.5,38.5,2-2,美浦 牧,482,0,
202503010401,2025-04-20,福島,1,3歳未勝利,ダ,1150,右,曇,良,"1回 福島 4日目 サラ系３歳 未勝利       (混)[指] 馬齢 16頭 本賞金:560,220,140,84,56万円",16,560.0,3,1,1,レイアポポ,牝,3,55.0,原,70.5,3,4,4.3,39.0,2-1,美浦 青木,464,-8,
202503010401,2025-04-20,福島,1,3歳未勝利,ダ,1150,右,曇,良,"1回 福島 4日目 サラ系３歳 未勝利       (混)[指] 馬齢 16頭 本賞金:560,220,140,84,56万円",16,560.0,4,5,10,フラッシュケリー,牝,3,55.0,小沢,70.7,1.1/2,7,56.5,39.0,5-7,栗東 緒方,460,0,
202503010401,2025-04-20,福島,1,3歳未勝利,ダ,1150,右,曇,良,"1回 福島 4日目 サラ系３歳 未勝利       (混)[指] 馬齢 16頭 本賞金:560,220,140,84,56万円",16,560.0,5,7,14,ビーマックス,牡,3,57.0,中井,70.7,ハナ,3,4.2,39.3,1-2,栗東 藤野,508,10,
202503010401,2025-04-20,福島,1,3歳未勝利,ダ,1150,右,曇,良,"1回 福島 4日目 サラ系３歳 未勝利       (混)[指] 馬齢 16頭 本賞金:560,220,140,84,56万円",16,560.0,6,5,9,ブルーフラット,牝,3,52.0,▲石田,70.8,クビ,10,82.8,37.2,10-10,美浦 蛯名利,446,10,
202503010401,2025-04-20,福島,1,3歳未勝利,ダ,1150,右,曇,良,"1回 福島 4日目 サラ系３歳 未勝利       (混)[指] 馬齢 16頭 本賞金:560,220,140,84,56万円",16,560.0,7,1,2,ユアマイクラッシュ,牡,3,57.0,角田和,71.0,1,14,208.2,38.1,8-8,栗東 庄野,462,0,
202503010401,2025-04-20,福島,1,3歳未勝利,ダ,1150,右,曇,良,"1回 福島 4日目 サラ系３歳 未勝利       (混)[指] 馬齢 16頭 本賞金:560,220,140,84,56万円",16,560.0,8,4,8,サンピノン,牝,3,54.0,☆松本,71.1,3/4,15,236.8,36.9,12-12,栗東 谷,436,-2,
202503010401,2025-04-20,福島,1,3歳未勝利,ダ,1150,右,曇,良,"1回 福島 4日目 サラ系３歳 未勝利       (混)[指] 馬齢 16頭 本賞金:560,220,140,84,56万円",16,560.0,9,7,13,マジカルキャンディ,牝,3,52.0,▲石神道,71.2,1/2,6,33.6,39.5,5-5,美浦 岩戸,444,0,
202503010401,2025-04-20,福島,1,3歳未勝利,ダ,1150,右,曇,良,"1回 福島 4日目 サラ系３歳 未勝利       (混)[指] 馬齢 16頭 本賞金:560,220,140,84,56万円",16,560.0,10,2,4,デルタウェーブ,牝,3,55.0,菊沢,71.2,クビ,5,14.5,39.4,5-5,栗東 西園翔,462,2,
202503010401,2025-04-20,福島,1,3歳未勝利,ダ,1150,右,曇,良,"1回 福島 4日目 サラ系３歳 未勝利       (混)[指] 馬齢 16頭 本賞金:560,220,140,84,56万円",16,560.0,11,2,3,ジーティーカメリア,牝,3,52.0,▲古川奈,71.3,クビ,16,259.8,38.2,9-8,美浦 石栗,546,-8,
202503010401,2025-04-20,福島,1,3歳未勝利,ダ,1150,右,曇,良,"1回 福島 4日目 サラ系３歳 未勝利       (混)[指] 馬齢 16頭 本賞金:560,220,140,84,56万円",16,560.0,12,6,11,エスカラムサ,牝,3,55.0,秋山稔,71.6,2,9,62.0,37.7,11-11,栗東 高橋忠,474,0,
202503010401,2025-04-20,福島,1,3歳未勝利,ダ,1150,右,曇,良,"1回 福島 4日目 サラ系３歳 未勝利       (混)[指] 馬齢 16頭 本賞金:560,220,140,84,56万円",16,560.0,13,3,5,アイドルフェスタ,牝,3,51.0,★小林美,71.8,1,8,57.7,36.5,13-13,美浦 西田,454,0,
202503010401,2025-04-20,福島,1,3歳未勝利,ダ,1150,右,曇,良,"1回 福島 4日目 サラ系３歳 未勝利       (混)[指] 馬齢 16頭 本賞金:560,220,140,84,56万円",16,560.0,14,4,7,ライデンシャフト,牡,3,54.0,▲水沼,71.8,クビ,11,127.7,35.9,16-14,美浦 石栗,502,0,
202503010401,2025-04-20,福島,1,3歳未勝利,ダ,1150,右,曇,良,"1回 福島 4日目 サラ系３歳 未勝利       (混)[指] 馬齢 16頭 本賞金:560,220,140,84,56万円",16,560.0,15,3,6,コロラマ,牡,3,54.0,▲上里,72.5,4,13,190.9,36.8,15-14,美浦 松山,474,0,
202503010401,2025-04-20,福島,1,3歳未勝利,ダ,1150,右,曇,良,"1回 福島 4日目 サラ系３歳 未勝利       (混)[指] 馬齢 16頭 本賞金:560,220,140,84,56万円",16,560.0,16,6,12,アブラカタブラ,セ,3,57.0,黛,74.1,10,12,189.8,38.6,14-16,美浦 武市,456,-6,
202503010402,2025-04-20,福島,2,3歳未勝利,ダ,1700,右,曇,良,"1回 福島 4日目 サラ系３歳 未勝利       牝[指] 馬齢 15頭 本賞金:560,220,140,84,56万円",15,560.0,1,1,1,タマモジャスミン,牝,3,55.0,小沢,108.0,,2,4.3,39.6,1-1-1-1,栗東 大橋,494,0,
202503010402,2025-04-20,福島,2,3歳未勝利,ダ,1700,右,曇,良,"1回 福島 4日目 サラ系３歳 未勝利       牝[指] 馬齢 15頭 本賞金:560,220,140,84,56万円",15,560.0,2,4,7,オーケーエンジェル,牝,3,55.0,丸山,108.6,3.1/2,3,5.8,40.1,2-3-2-2,栗東 笹田,448,8,
202503010402,2025-04-20,福島,2,3歳未勝利,ダ,1700,右,曇,良,"1回 福島 4日目 サラ系３歳 未勝利       牝[指] 馬齢 15頭 本賞金:560,220,140,84,56万円",15,560.0,3,2,3,ブルームワルツ,牝,3,55.0,田辺,108.9,1.3/4,7,17.3,39.7,9-9-7-5,美浦 稲垣,418,-2,
202503010402,2025-04-20,福島,2,3歳未勝利,ダ,1700,右,曇,良,"1回 福島 4日目 サラ系３歳 未勝利       牝[指] 馬齢 15頭 本賞金:560,220,140,84,56万円",15,560.0,4,5,9,ピコピンク,牝,3,55.0,吉田隼,109.0,3/4,5,7.2,40.3,2-5-4-4,美浦 尾形,490,-6,
202503010402,2025-04-20,福島,2,3歳未勝利,ダ,1700,右,曇,良,"1回 福島 4日目 サラ系３歳 未勝利       牝[指] 馬齢 15頭 本賞金:560,220,140,84,56万円",15,560.0,5,5,8,クインズメレンゲ,牝,3,55.0,三浦,109.2,1.1/2,4,6.6,40.5,5-3-4-3,栗東 吉岡,458,8,
202503010402,2025-04-20,福島,2,3歳未勝利,ダ,1700,右,曇,良,"1回 福島 4日目 サラ系３歳 未勝利       牝[指] 馬齢 15頭 本賞金:560,220,140,84,56万円",15,560.0,6,7,12,ボンショワ,牝,3,55.0,角田和,109.6,2,12,104.4,40.4,9-9-7-6,栗東 長谷川,504,14,
202503010402,2025-04-20,福島,2,3歳未勝利,ダ,1700,右,曇,良,"1回 福島 4日目 サラ系３歳 未勝利       牝[指] 馬齢 15頭 本賞金:560,220,140,84,56万円",15,560.0,7,7,13,ガイラルディア,牝,3,55.0,鮫島良,110.1,3,10,95.2,40.3,11-11-10-11,栗東 藤野,460,4,
202503010402,2025-04-20,福島,2,3歳未勝利,ダ,1700,右,曇,良,"1回 福島 4日目 サラ系３歳 未勝利       牝[指] 馬齢 15頭 本賞金:560,220,140,84,56万円",15,560.0,8,3,5,ミセスリリー,牝,3,55.0,石川,110.1,アタマ,1,3.3,41.2,7-7-6-8,美浦 上原佑,460,2,
202503010402,2025-04-20,福島,2,3歳未勝利,ダ,1700,右,曇,良,"1回 福島 4日目 サラ系３歳 未勝利       牝[指] 馬齢 15頭 本賞金:560,220,140,84,56万円",15,560.0,9,2,2,メイショウナナコ,牝,3,55.0,亀田,110.6,3,9,42.8,40.4,12-13-14-13,栗東 荒川,482,0,
202503010402,2025-04-20,福島,2,3歳未勝利,ダ,1700,右,曇,良,"1回 福島 4日目 サラ系３歳 未勝利       牝[指] 馬齢 15頭 本賞金:560,220,140,84,56万円",15,560.0,10,3,4,カルデライト,牝,3,52.0,▲舟山,110.6,ハナ,6,8.9,42.0,2-2-3-6,美浦 森一,450,0,
202503010402,2025-04-20,福島,2,3歳未勝利,ダ,1700,右,曇,良,"1回 福島 4日目 サラ系３歳 未勝利       牝[指] 馬齢 15頭 本賞金:560,220,140,84,56万円",15,560.0,11,6,11,カーシュジアン,牝,3,55.0,黛,110.6,クビ,13,175.0,40.6,14-13-12-10,美浦 柄崎,450,0,
202503010402,2025-04-20,福島,2,3歳未勝利,ダ,1700,右,曇,良,"1回 福島 4日目 サラ系３歳 未勝利       牝[指] 馬齢 15頭 本賞金:560,220,140,84,56万円",15,560.0,12,8,15,サンルーナ,牝,3,52.0,▲鷲頭,111.0,2,15,386.5,41.3,12-11-10-9,美浦 堀内,440,-8,
202503010402,2025-04-20,福島,2,3歳未勝利,ダ,1700,右,曇,良,"1回 福島 4日目 サラ系３歳 未勝利       牝[指] 馬齢 15頭 本賞金:560,220,140,84,56万円",15,560.0,13,4,6,ルージュサンセール,牝,3,55.0,古川吉,111.9,5,11,96.6,40.6,14-15-15-15,栗東 松永幹,478,0,
202503010402,2025-04-20,福島,2,3歳未勝利,ダ,1700,右,曇,良,"1回 福島 4日目 サラ系３歳 未勝利       牝[指] 馬齢 15頭 本賞金:560,220,140,84,56万円",15,560.0,14,8,14,テルモプシス,牝,3,52.0,▲石神道,113.7,大,14,334.9,43.7,7-8-12-14,栗東 緒方,406,-10,
202503010402,2025-04-20,福島,2,3歳未勝利,ダ,1700,右,曇,良,"1回 福島 4日目 サラ系３歳 未勝利       牝[指] 馬齢 15頭 本賞金:560,220,140,84,56万円",15,560.0,15,6,10,アークエタニティ,牝,3,52.0,▲遠藤,114.2,3,8,39.7,44.8,5-5-9-12,美浦 伊藤伸,446,4,
202503010403,2025-04-20,福島,3,3歳未勝利,芝,1200,右,曇,良,"1回 福島 4日目 サラ系３歳 未勝利       [指] 馬齢 16頭 本賞金:560,220,140,84,56万円",16,560.0,1,5,9,アンダースコア,牡,3,57.0,三浦,69.0,,2,4.0,34.6,11-8,栗東 庄野,454,0,
202503010403,2025-04-20,福島,3,3歳未勝利,芝,1200,右,曇,良,"1回 福島 4日目 サラ系３歳 未勝利       [指] 馬齢 16頭 本賞金:560,220,140,84,56万円",16,560.0,2,1,1,ラースアルアイン,牡,3,57.0,丸田,69.1,3/4,5,10.8,35.2,4-3,美浦 中川,534,0,
202503010403,2025-04-20,福島,3,3歳未勝利,芝,1200,右,曇,良,"1回 福島 4日目 サラ系３歳 未勝利       [指] 馬齢 16頭 本賞金:560,220,140,84,56万円",16,560.0,3,2,3,リケアコンパンナ,牡,3,57.0,菊沢,69.1,アタマ,12,100.9,35.1,7-6,美浦 村田,464,-6,
202503010403,2025-04-20,福島,3,3歳未勝利,芝,1200,右,曇,良,"1回 福島 4日目 サラ系３歳 未勝利       [指] 馬齢 16頭 本賞金:560,220,140,84,56万円",16,560.0,4,3,5,マグネシアブリック,牡,3,57.0,吉田隼,69.4,1.3/4,4,8.1,34.5,15-16,美浦 中舘,460,-4,
202503010403,2025-04-20,福島,3,3歳未勝利,芝,1200,右,曇,良,"1回 福島 4日目 サラ系３歳 未勝利       [指] 馬齢 16頭 本賞金:560,220,140,84,56万円",16,560.0,5,8,16,ムーンアイドル,牝,3,55.0,荻野極,69.5,1,9,31.2,34.8,13-12,美浦 高柳瑞,464,8,
202503010403,2025-04-20,福島,3,3歳未勝利,芝,1200,右,曇,良,"1回 福島 4日目 サラ系３歳 未勝利       [指] 馬齢 16頭 本賞金:560,220,140,84,56万円",16,560.0,6,1,2,オニマル,牡,3,57.0,丸山,69.8,1.3/4,1,3.5,36.3,2-3,栗東 西園正,502,0,
202503010403,2025-04-20,福島,3,3歳未勝利,芝,1200,右,曇,良,"1回 福島 4日目 サラ系３歳 未勝利       [指] 馬齢 16頭 本賞金:560,220,140,84,56万円",16,560.0,7,7,14,スマートビビット,牝,3,54.0,☆松本,70.0,3/4,10,65.1,36.1,4-3,栗東 新谷,446,-6,
202503010403,2025-04-20,福島,3,3歳未勝利,芝,1200,右,曇,良,"1回 福島 4日目 サラ系３歳 未勝利       [指] 馬齢 16頭 本賞金:560,220,140,84,56万円",16,560.0,8,6,12,バースフラワー,牝,3,53.0,◇永島,70.1,3/4,11,67.6,35.6,11-12,美浦 小手川,430,-4,
202503010403,2025-04-20,福島,3,3歳未勝利,芝,1200,右,曇,良,"1回 福島 4日目 サラ系３歳 未勝利       [指] 馬齢 16頭 本賞金:560,220,140,84,56万円",16,560.0,9,2,4,スイモアマイモ,牝,3,54.0,☆横山琉,70.2,1,16,240.9,35.6,13-12,栗東 藤岡,406,-6,
202503010403,2025-04-20,福島,3,3歳未勝利,芝,1200,右,曇,良,"1回 福島 4日目 サラ系３歳 未勝利       [指] 馬齢 16頭 本賞金:560,220,140,84,56万円",16,560.0,10,6,11,ロケットバディー,牝,3,52.0,▲舟山,70.3,1/2,14,158.2,36.3,7-8,美浦 斎藤誠,426,-4,
202503010403,2025-04-20,福島,3,3歳未勝利,芝,1200,右,曇,良,"1回 福島 4日目 サラ系３歳 未勝利       [指] 馬齢 16頭 本賞金:560,220,140,84,56万円",16,560.0,11,4,7,エスペシャリー,牝,3,55.0,角田和,70.4,3/4,3,4.0,36.8,2-1,栗東 四位,436,-2,
202503010403,2025-04-20,福島,3,3歳未勝利,芝,1200,右,曇,良,"1回 福島 4日目 サラ系３歳 未勝利       [指] 馬齢 16頭 本賞金:560,220,140,84,56万円",16,560.0,12,5,10,ブラックティンカー,牝,3,52.0,▲石神道,70.7,1.3/4,6,12.3,37.2,1-2,美浦 和田雄,434,-4,
202503010403,2025-04-20,福島,3,3歳未勝利,芝,1200,右,曇,良,"1回 福島 4日目 サラ系３歳 未勝利       [指] 馬齢 16頭 本賞金:560,220,140,84,56万円",16,560.0,13,3,6,モリオン,牝,3,51.0,★小林美,70.8,1/2,15,176.7,36.0,15-12,美浦 尾形,414,4,
202503010403,2025-04-20,福島,3,3歳未勝利,芝,1200,右,曇,良,"1回 福島 4日目 サラ系３歳 未勝利       [指] 馬齢 16頭 本賞金:560,220,140,84,56万円",16,560.0,14,8,15,ストラスブール,牡,3,57.0,古川吉,71.2,2.1/2,13,143.9,37.1,7-11,美浦 牧,464,4,
202503010403,2025-04-20,福島,3,3歳未勝利,芝,1200,右,曇,良,"1回 福島 4日目 サラ系３歳 未勝利       [指] 馬齢 16頭 本賞金:560,220,140,84,56万円",16,560.0,15,7,13,バックアップアゲン,牝,3,55.0,斎藤,71.7,3,8,29.9,37.9,4-7,美浦 千葉,466,0,
202503010403,2025-04-20,福島,3,3歳未勝利,芝,1200,右,曇,良,"1回 福島 4日目 サラ系３歳 未勝利       [指] 馬齢 16頭 本賞金:560,220,140,84,56万円",16,560.0,16,4,8,ロールザボーンズ,牝,3,55.0,小沢,71.8,1/2,7,21.1,37.6,10-8,栗東 牧浦,450,-8,
202503010404,2025-04-20,福島,4,3歳未勝利,芝,2000,右,曇,良,"1回 福島 4日目 サラ系３歳 未勝利       牝[指] 馬齢 16頭 本賞金:560,220,140,84,56万円",16,560.0,1,4,7,ルールーリマ,牝,3,55.0,三浦,121.8,,1,1.7,34.4,9-10-11-9,美浦 大竹,414,-2,
202503010404,2025-04-20,福島,4,3歳未勝利,芝,2000,右,曇,良,"1回 福島 4日目 サラ系３歳 未勝利       牝[指] 馬齢 16頭 本賞金:560,220,140,84,56万円",16,560.0,2,7,14,ミッドタウンナイト,牝,3,55.0,秋山稔,122.0,1.1/2,4,13.0,35.3,1-1-1-1,栗東 河嶋,476,0,
202503010404,2025-04-20,福島,4,3歳未勝利,芝,2000,右,曇,良,"1回 福島 4日目 サラ系３歳 未勝利       牝[指] 馬齢 16頭 本賞金:560,220,140,84,56万円",16,560.0,3,4,8,ピリナマアナ,牝,3,52.0,▲石神道,122.2,1.1/4,11,49.0,34.4,13-13-13-12,栗東 橋口,442,0,
202503010404,2025-04-20,福島,4,3歳未勝利,芝,2000,右,曇,良,"1回 福島 4日目 サラ系３歳 未勝利       牝[指] 馬齢 16頭 本賞金:560,220,140,84,56万円",16,560.0,4,6,11,ラッフルズドリーム,牝,3,52.0,▲舟山,122.3,クビ,7,18.7,35.5,2-2-2-2,美浦 宮田,470,2,
202503010404,2025-04-20,福島,4,3歳未勝利,芝,2000,右,曇,良,"1回 福島 4日目 サラ系３歳 未勝利       牝[指] 馬齢 16頭 本賞金:560,220,140,84,56万円",16,560.0,5,5,9,キタノアンシェル,牝,3,55.0,丸田,122.3,クビ,9,28.3,34.7,11-12-12-12,美浦 蛯名利,418,0,
202503010404,2025-04-20,福島,4,3歳未勝利,芝,2000,右,曇,良,"1回 福島 4日目 サラ系３歳 未勝利       牝[指] 馬齢 16頭 本賞金:560,220,140,84,56万円",16,560.0,6,1,1,パルピタシオン,牝,3,55.0,田辺,122.4,クビ,5,15.1,35.1,11-10-9-9,美浦 天間,420,0,
202503010404,2025-04-20,福島,4,3歳未勝利,芝,2000,右,曇,良,"1回 福島 4日目 サラ系３歳 未勝利       牝[指] 馬齢 16頭 本賞金:560,220,140,84,56万円",16,560.0,7,7,13,エリナ,牝,3,55.0,武藤,122.5,3/4,16,260.2,35.5,4-3-4-4,美浦 戸田,408,-2,
202503010404,2025-04-20,福島,4,3歳未勝利,芝,2000,右,曇,良,"1回 福島 4日目 サラ系３歳 未勝利       牝[指] 馬齢 16頭 本賞金:560,220,140,84,56万円",16,560.0,8,8,16,ヴァイスクレー,牝,3,55.0,斎藤,122.5,アタマ,2,6.8,35.6,2-3-3-2,栗東 奥村豊,436,0,
202503010404,2025-04-20,福島,4,3歳未勝利,芝,2000,右,曇,良,"1回 福島 4日目 サラ系３歳 未勝利       牝[指] 馬齢 16頭 本賞金:560,220,140,84,56万円",16,560.0,9,6,12,ハットメリリー,牝,3,55.0,吉田隼,122.6,1/2,10,38.9,35.4,7-7-7-6,美浦 菊沢,440,-8,
202503010404,2025-04-20,福島,4,3歳未勝利,芝,2000,右,曇,良,"1回 福島 4日目 サラ系３歳 未勝利       牝[指] 馬齢 16頭 本賞金:560,220,140,84,56万円",16,560.0,10,3,5,バックパック,牝,3,55.0,丸山,122.7,1/2,6,15.3,34.2,16-16-16-14,美浦 小笠,462,0,
202503010404,2025-04-20,福島,4,3歳未勝利,芝,2000,右,曇,良,"1回 福島 4日目 サラ系３歳 未勝利       牝[指] 馬齢 16頭 本賞金:560,220,140,84,56万円",16,560.0,11,5,10,ブリックダルジャン,牝,3,54.0,☆横山琉,122.8,1/2,14,137.3,35.5,7-7-9-9,美浦 鈴木慎,426,-4,
202503010404,2025-04-20,福島,4,3歳未勝利,芝,2000,右,曇,良,"1回 福島 4日目 サラ系３歳 未勝利       牝[指] 馬齢 16頭 本賞金:560,220,140,84,56万円",16,560.0,12,8,15,ヨヒーン,牝,3,55.0,小沢,122.8,クビ,3,9.4,35.7,5-5-7-6,栗東 杉山晴,458,-6,
202503010404,2025-04-20,福島,4,3歳未勝利,芝,2000,右,曇,良,"1回 福島 4日目 サラ系３歳 未勝利       牝[指] 馬齢 16頭 本賞金:560,220,140,84,56万円",16,560.0,13,1,2,コンサートツアー,牝,3,51.0,★小林美,122.9,1/2,13,125.6,34.9,13-13-14-14,美浦 武井,452,0,
202503010404,2025-04-20,福島,4,3歳未勝利,芝,2000,右,曇,良,"1回 福島 4日目 サラ系３歳 未勝利       牝[指] 馬齢 16頭 本賞金:560,220,140,84,56万円",16,560.0,14,2,3,ルロワ,牝,3,55.0,荻野極,123.0,3/4,15,159.0,36.0,9-7-4-6,美浦 上原佑,426,0,
202503010404,2025-04-20,福島,4,3歳未勝利,芝,2000,右,曇,良,"1回 福島 4日目 サラ系３歳 未勝利       牝[指] 馬齢 16頭 本賞金:560,220,140,84,56万円",16,560.0,15,3,6,イサゴールド,牝,3,55.0,石川,124.0,6,8,22.2,35.8,15-15-15-16,美浦 奥村武,408,0,
202503010404,2025-04-20,福島,4,3歳未勝利,芝,2000,右,曇,良,"1回 福島 4日目 サラ系３歳 未勝利       牝[指] 馬齢 16頭 本賞金:560,220,140,84,56万円",16,560.0,16,2,4,タヤスソーレ,牝,3,55.0,菊沢,124.1,1,12,89.1,37.1,5-5-4-5,美浦 岩戸,446,-6,
202503010405,2025-04-20,福島,5,3歳未勝利,芝,2000,右,曇,良,"1回 福島 4日目 サラ系３歳 未勝利       [指] 馬齢 16頭 本賞金:560,220,140,84,56万円",16,560.0,1,2,4,ピジョンポイント,牡,3,57.0,角田和,121.4,,5,11.7,35.2,1-1-1-1,美浦 岩戸,492,4,
202503010405,2025-04-20,福島,5,3歳未勝利,芝,2000,右,曇,良,"1回 福島 4日目 サラ系３歳 未勝利       [指] 馬齢 16頭 本賞金:560,220,140,84,56万円",16,560.0,2,7,13,バーケンヘッド,牡,3,54.0,▲石神道,122.0,3.1/2,3,7.0,35.5,3-3-5-5,美浦 武井,414,-2,
202503010405,2025-04-20,福島,5,3歳未勝利,芝,2000,右,曇,良,"1回 福島 4日目 サラ系３歳 未勝利       [指] 馬齢 16頭 本賞金:560,220,140,84,56万円",16,560.0,3,6,11,クラシカルカイザー,牡,3,53.0,★小林美,122.0,ハナ,1,3.0,35.0,11-11-10-7,美浦 稲垣,424,2,
202503010405,2025-04-20,福島,5,3歳未勝利,芝,2000,右,曇,良,"1回 福島 4日目 サラ系３歳 未勝利       [指] 馬齢 16頭 本賞金:560,220,140,84,56万円",16,560.0,4,3,5,ハードロックスター,牡,3,57.0,荻野極,122.3,1.1/2,9,41.2,36.0,2-2-2-2,美浦 鹿戸,492,0,
202503010405,2025-04-20,福島,5,3歳未勝利,芝,2000,右,曇,良,"1回 福島 4日目 サラ系３歳 未勝利       [指] 馬齢 16頭 本賞金:560,220,140,84,56万円",16,560.0,5,5,9,ブライトゲイザー,牡,3,57.0,菊沢,122.3,クビ,4,9.1,35.8,6-6-5-2,美浦 田中勝,498,6,
202503010405,2025-04-20,福島,5,3歳未勝利,芝,2000,右,曇,良,"1回 福島 4日目 サラ系３歳 未勝利       [指] 馬齢 16頭 本賞金:560,220,140,84,56万円",16,560.0,6,8,16,ケイツーブル,牡,3,57.0,黛,122.5,1.1/4,6,14.0,35.1,14-15-14-12,美浦 千葉,426,-4,
202503010405,2025-04-20,福島,5,3歳未勝利,芝,2000,右,曇,良,"1回 福島 4日目 サラ系３歳 未勝利       [指] 馬齢 16頭 本賞金:560,220,140,84,56万円",16,560.0,7,1,1,ポジターノ,牝,3,52.0,▲今村,122.6,クビ,12,98.1,35.8,6-6-7-10,栗東 飯田,412,-4,
202503010405,2025-04-20,福島,5,3歳未勝利,芝,2000,右,曇,良,"1回 福島 4日目 サラ系３歳 未勝利       [指] 馬齢 16頭 本賞金:560,220,140,84,56万円",16,560.0,8,8,15,コンスピラシー,牝,3,55.0,原田和,122.6,ハナ,8,14.2,35.9,8-8-7-7,美浦 本間,446,-6,
202503010405,2025-04-20,福島,5,3歳未勝利,芝,2000,右,曇,良,"1回 福島 4日目 サラ系３歳 未勝利       [指] 馬齢 16頭 本賞金:560,220,140,84,56万円",16,560.0,9,4,7,コスモトロイメル,牝,3,55.0,石川,122.6,ハナ,7,14.1,35.8,8-9-7-7,美浦 田島,444,0,
202503010405,2025-04-20,福島,5,3歳未勝利,芝,2000,右,曇,良,"1回 福島 4日目 サラ系３歳 未勝利       [指] 馬齢 16頭 本賞金:560,220,140,84,56万円",16,560.0,10,6,12,トレベルフィーユ,牝,3,55.0,原,122.7,3/4,14,151.2,35.5,14-12-11-10,美浦 竹内,396,0,
202503010405,2025-04-20,福島,5,3歳未勝利,芝,2000,右,曇,良,"1回 福島 4日目 サラ系３歳 未勝利       [指] 馬齢 16頭 本賞金:560,220,140,84,56万円",16,560.0,11,7,14,レイデアンジェロ,牡,3,57.0,三浦,122.8,1/2,2,3.6,36.4,3-3-3-2,美浦 国枝,504,-4,
202503010405,2025-04-20,福島,5,3歳未勝利,芝,2000,右,曇,良,"1回 福島 4日目 サラ系３歳 未勝利       [指] 馬齢 16頭 本賞金:560,220,140,84,56万円",16,560.0,12,2,3,テンダリー,牡,3,54.0,▲川端,122.9,3/4,10,43.4,36.5,3-3-3-5,栗東 佐藤悠,516,6,
202503010405,2025-04-20,福島,5,3歳未勝利,芝,2000,右,曇,良,"1回 福島 4日目 サラ系３歳 未勝利       [指] 馬齢 16頭 本賞金:560,220,140,84,56万円",16,560.0,13,5,10,マルテアヴニール,牝,3,54.0,☆横山琉,123.0,クビ,11,72.7,35.6,16-16-14-14,美浦 小島,444,0,
202503010405,2025-04-20,福島,5,3歳未勝利,芝,2000,右,曇,良,"1回 福島 4日目 サラ系３歳 未勝利       [指] 馬齢 16頭 本賞金:560,220,140,84,56万円",16,560.0,14,1,2,フィンガーダンシン,牡,3,54.0,▲石田,123.7,4,16,233.7,36.6,10-9-11-14,美浦 萱野,498,4,
202503010405,2025-04-20,福島,5,3歳未勝利,芝,2000,右,曇,良,"1回 福島 4日目 サラ系３歳 未勝利       [指] 馬齢 16頭 本賞金:560,220,140,84,56万円",16,560.0,15,3,6,ウィズプライド,牡,3,57.0,小沢,123.9,1,13,102.2,36.8,12-12-11-12,栗東 浜田,440,0,
202503010405,2025-04-20,福島,5,3歳未勝利,芝,2000,右,曇,良,"1回 福島 4日目 サラ系３歳 未勝利       [指] 馬齢 16頭 本賞金:560,220,140,84,56万円",16,560.0,16,4,8,ウインリバイバル,牡,3,54.0,▲舟山,124.1,1.1/2,15,169.2,36.7,12-12-14-16,美浦 嘉藤,456,-2,
202503010406,2025-04-20,福島,6,3歳未勝利,ダ,1700,右,曇,良,"1回 福島 4日目 サラ系３歳 未勝利       [指] 馬齢 15頭 本賞金:560,220,140,84,56万円",15,560.0,1,8,15,ブルーカミング,牡,3,54.0,▲古川奈,108.6,,1,4.6,40.6,7-8-5-3,栗東 牧浦,476,8,
202503010406,2025-04-20,福島,6,3歳未勝利,ダ,1700,右,曇,良,"1回 福島 4日目 サラ系３歳 未勝利       [指] 馬齢 15頭 本賞金:560,220,140,84,56万円",15,560.0,2,4,7,チュラビックタイム,牡,3,57.0,斎藤,108.6,クビ,7,14.0,39.6,13-13-12-9,美浦 斎藤誠,486,10,
202503010406,2025-04-20,福島,6,3歳未勝利,ダ,1700,右,曇,良,"1回 福島 4日目 サラ系３歳 未勝利       [指] 馬齢 15頭 本賞金:560,220,140,84,56万円",15,560.0,3,2,3,アロマフェリス,牝,3,52.0,▲舟山,108.7,1/2,6,11.1,40.1,12-12-9-7,栗東 辻野,404,4,
202503010406,2025-04-20,福島,6,3歳未勝利,ダ,1700,右,曇,良,"1回 福島 4日目 サラ系３歳 未勝利       [指] 馬齢 15頭 本賞金:560,220,140,84,56万円",15,560.0,4,1,1,ナルサー,牡,3,54.0,▲遠藤,109.2,3,5,7.0,41.5,7-6-2-2,美浦 武市,484,-4,
202503010406,2025-04-20,福島,6,3歳未勝利,ダ,1700,右,曇,良,"1回 福島 4日目 サラ系３歳 未勝利       [指] 馬齢 15頭 本賞金:560,220,140,84,56万円",15,560.0,5,3,4,ノースグロリア,牡,3,54.0,▲上里,109.3,クビ,3,5.4,41.5,2-2-2-3,美浦 加藤士,502,-6,
202503010406,2025-04-20,福島,6,3歳未勝利,ダ,1700,右,曇,良,"1回 福島 4日目 サラ系３歳 未勝利       [指] 馬齢 15頭 本賞金:560,220,140,84,56万円",15,560.0,6,6,11,マテンロウアトラス,牡,3,57.0,古川吉,109.3,ハナ,2,5.2,40.2,14-14-12-9,栗東 昆,500,6,
202503010406,2025-04-20,福島,6,3歳未勝利,ダ,1700,右,曇,良,"1回 福島 4日目 サラ系３歳 未勝利       [指] 馬齢 15頭 本賞金:560,220,140,84,56万円",15,560.0,7,5,8,オブシディアーナ,牝,3,55.0,荻野極,109.4,アタマ,4,6.6,42.0,1-1-1-1,美浦 国枝,468,-2,
202503010406,2025-04-20,福島,6,3歳未勝利,ダ,1700,右,曇,良,"1回 福島 4日目 サラ系３歳 未勝利       [指] 馬齢 15頭 本賞金:560,220,140,84,56万円",15,560.0,8,2,2,サヤヒメ,牝,3,55.0,菊沢,109.4,クビ,14,159.4,40.8,9-9-9-7,美浦 青木,462,-4,
202503010406,2025-04-20,福島,6,3歳未勝利,ダ,1700,右,曇,良,"1回 福島 4日目 サラ系３歳 未勝利       [指] 馬齢 15頭 本賞金:560,220,140,84,56万円",15,560.0,9,5,9,ミスターボビー,牡,3,57.0,原,110.2,5,10,27.7,42.1,2-3-5-6,美浦 栗田,462,4,
202503010406,2025-04-20,福島,6,3歳未勝利,ダ,1700,右,曇,良,"1回 福島 4日目 サラ系３歳 未勝利       [指] 馬齢 15頭 本賞金:560,220,140,84,56万円",15,560.0,10,7,13,モンツァフレイバー,牡,3,55.0,◇永島,111.0,5,12,72.7,41.9,11-11-12-14,美浦 久保田,456,-4,
202503010406,2025-04-20,福島,6,3歳未勝利,ダ,1700,右,曇,良,"1回 福島 4日目 サラ系３歳 未勝利       [指] 馬齢 15頭 本賞金:560,220,140,84,56万円",15,560.0,11,8,14,レアルシチー,牡,3,57.0,角田和,111.1,クビ,8,15.4,43.3,2-3-2-5,栗東 羽月,510,-2,
202503010406,2025-04-20,福島,6,3歳未勝利,ダ,1700,右,曇,良,"1回 福島 4日目 サラ系３歳 未勝利       [指] 馬齢 15頭 本賞金:560,220,140,84,56万円",15,560.0,12,7,12,ロードジェネシス,牡,3,57.0,亀田,112.4,8,9,22.8,44.0,5-6-7-9,栗東 奥村豊,484,0,
202503010406,2025-04-20,福島,6,3歳未勝利,ダ,1700,右,曇,良,"1回 福島 4日目 サラ系３歳 未勝利       [指] 馬齢 15頭 本賞金:560,220,140,84,56万円",15,560.0,13,4,6,ミッキーサークル,牝,3,55.0,小沢,112.6,1,13,81.0,44.1,5-5-7-9,栗東 東田,430,2,
202503010406,2025-04-20,福島,6,3歳未勝利,ダ,1700,右,曇,良,"1回 福島 4日目 サラ系３歳 未勝利       [指] 馬齢 15頭 本賞金:560,220,140,84,56万円",15,560.0,14,6,10,ジーティーグロウ,牝,3,55.0,国分恭,112.7,3/4,11,38.7,44.0,9-9-9-13,美浦 岩戸,438,4,
202503010406,2025-04-20,福島,6,3歳未勝利,ダ,1700,右,曇,良,"1回 福島 4日目 サラ系３歳 未勝利       [指] 馬齢 15頭 本賞金:560,220,140,84,56万円",15,560.0,15,3,5,ノアバクシンオー,牡,3,57.0,原田和,113.1,2.1/2,15,247.2,42.4,15-15-15-15,美浦 上原博,458,-2,
202503010407,2025-04-20,福島,7,4歳以上1勝クラス,芝,1800,右,曇,良,"1回 福島 4日目 サラ系４歳以上 １勝クラス       [指] 定量 16頭 本賞金:800,320,200,120,80万円",16,800.0,1,4,8,アラタマフェーヴル,牡,4,58.0,三浦,106.8,,4,10.1,35.4,3-3-3-3,栗東 浜田,478,-6,
202503010407,2025-04-20,福島,7,4歳以上1勝クラス,芝,1800,右,曇,良,"1回 福島 4日目 サラ系４歳以上 １勝クラス       [指] 定量 16頭 本賞金:800,320,200,120,80万円",16,800.0,2,4,7,スノーブリザード,牡,4,58.0,鮫島良,107.1,1.3/4,11,40.7,35.4,6-5-5-4,栗東 畑端,478,-6,
202503010407,2025-04-20,福島,7,4歳以上1勝クラス,芝,1800,右,曇,良,"1回 福島 4日目 サラ系４歳以上 １勝クラス       [指] 定量 16頭 本賞金:800,320,200,120,80万円",16,800.0,3,5,10,アドミラルシップ,牡,4,58.0,石川,107.1,アタマ,7,13.8,35.4,6-7-5-6,美浦 相沢,468,-4,
202503010407,2025-04-20,福島,7,4歳以上1勝クラス,芝,1800,右,曇,良,"1回 福島 4日目 サラ系４歳以上 １勝クラス       [指] 定量 16頭 本賞金:800,320,200,120,80万円",16,800.0,4,2,4,ファインライン,牡,4,58.0,古川吉,107.2,クビ,6,13.5,34.8,12-13-14-14,栗東 松永幹,472,4,
202503010407,2025-04-20,福島,7,4歳以上1勝クラス,芝,1800,右,曇,良,"1回 福島 4日目 サラ系４歳以上 １勝クラス       [指] 定量 16頭 本賞金:800,320,200,120,80万円",16,800.0,5,7,13,ナムラブーニン,牡,4,58.0,小沢,107.3,1,8,14.6,35.1,9-11-12-9,栗東 高橋一,456,0,
202503010407,2025-04-20,福島,7,4歳以上1勝クラス,芝,1800,右,曇,良,"1回 福島 4日目 サラ系４歳以上 １勝クラス       [指] 定量 16頭 本賞金:800,320,200,120,80万円",16,800.0,6,2,3,レイククレセント,牝,4,56.0,田辺,107.4,3/4,1,3.2,35.5,9-9-8-7,美浦 大竹,422,-4,
202503010407,2025-04-20,福島,7,4歳以上1勝クラス,芝,1800,右,曇,良,"1回 福島 4日目 サラ系４歳以上 １勝クラス       [指] 定量 16頭 本賞金:800,320,200,120,80万円",16,800.0,7,8,15,イリスレーン,牝,5,54.0,◇永島,107.6,1.1/4,9,15.3,36.5,1-1-1-1,栗東 清水久,478,-4,
202503010407,2025-04-20,福島,7,4歳以上1勝クラス,芝,1800,右,曇,良,"1回 福島 4日目 サラ系４歳以上 １勝クラス       [指] 定量 16頭 本賞金:800,320,200,120,80万円",16,800.0,8,1,1,ケイツークローン,セ,5,58.0,菊沢,107.6,アタマ,3,5.8,35.0,15-15-16-16,美浦 清水英,460,-4,
202503010407,2025-04-20,福島,7,4歳以上1勝クラス,芝,1800,右,曇,良,"1回 福島 4日目 サラ系４歳以上 １勝クラス       [指] 定量 16頭 本賞金:800,320,200,120,80万円",16,800.0,9,5,9,ジャスティンガルフ,牡,4,58.0,亀田,107.7,1/2,10,29.5,36.3,4-4-3-4,栗東 茶木,514,14,
202503010407,2025-04-20,福島,7,4歳以上1勝クラス,芝,1800,右,曇,良,"1回 福島 4日目 サラ系４歳以上 １勝クラス       [指] 定量 16頭 本賞金:800,320,200,120,80万円",16,800.0,10,3,6,ドンアレス,牡,4,58.0,国分恭,107.7,ハナ,16,183.0,35.5,12-11-12-9,栗東 牧浦,486,-2,
202503010407,2025-04-20,福島,7,4歳以上1勝クラス,芝,1800,右,曇,良,"1回 福島 4日目 サラ系４歳以上 １勝クラス       [指] 定量 16頭 本賞金:800,320,200,120,80万円",16,800.0,11,8,16,ジーゲル,セ,4,55.0,▲舟山,107.8,クビ,5,12.0,36.6,2-2-2-2,美浦 田中博,406,-2,
202503010407,2025-04-20,福島,7,4歳以上1勝クラス,芝,1800,右,曇,良,"1回 福島 4日目 サラ系４歳以上 １勝クラス       [指] 定量 16頭 本賞金:800,320,200,120,80万円",16,800.0,12,3,5,コスモレオナルド,牡,4,58.0,丸山,107.9,1/2,2,4.9,35.8,12-13-10-9,美浦 鹿戸,466,4,
202503010407,2025-04-20,福島,7,4歳以上1勝クラス,芝,1800,右,曇,良,"1回 福島 4日目 サラ系４歳以上 １勝クラス       [指] 定量 16頭 本賞金:800,320,200,120,80万円",16,800.0,13,6,12,クインズステラ,牝,6,53.0,▲石神道,107.9,ハナ,13,80.9,35.5,15-15-14-14,美浦 池上,462,-6,
202503010407,2025-04-20,福島,7,4歳以上1勝クラス,芝,1800,右,曇,良,"1回 福島 4日目 サラ系４歳以上 １勝クラス       [指] 定量 16頭 本賞金:800,320,200,120,80万円",16,800.0,14,1,2,アウローラシエル,牡,5,58.0,中井,108.5,3.1/2,14,101.0,36.5,9-9-10-7,栗東 森田,516,0,
202503010407,2025-04-20,福島,7,4歳以上1勝クラス,芝,1800,右,曇,良,"1回 福島 4日目 サラ系４歳以上 １勝クラス       [指] 定量 16頭 本賞金:800,320,200,120,80万円",16,800.0,15,6,11,ラウダブル,牡,4,58.0,荻野極,109.4,5,12,67.5,37.5,8-8-8-13,栗東 池江,512,2,
202503010407,2025-04-20,福島,7,4歳以上1勝クラス,芝,1800,右,曇,良,"1回 福島 4日目 サラ系４歳以上 １勝クラス       [指] 定量 16頭 本賞金:800,320,200,120,80万円",16,800.0,16,7,14,マイモーメント,セ,5,54.0,★小林美,109.9,3,15,130.3,38.3,5-5-5-9,美浦 大和田,506,6,
202503010408,2025-04-20,福島,8,4歳以上1勝クラス,ダ,1700,右,曇,良,"1回 福島 4日目 サラ系４歳以上 １勝クラス       [指] 定量 15頭 本賞金:800,320,200,120,80万円",15,800.0,1,7,12,パープルナイト,牡,5,55.0,▲遠藤,107.0,,6,12.5,37.8,2-2-2-2,美浦 堀内,500,10,
202503010408,2025-04-20,福島,8,4歳以上1勝クラス,ダ,1700,右,曇,良,"1回 福島 4日目 サラ系４歳以上 １勝クラス       [指] 定量 15頭 本賞金:800,320,200,120,80万円",15,800.0,2,7,13,クアトロジャック,牡,4,58.0,三浦,107.1,1/2,1,3.9,37.9,1-1-1-1,栗東 庄野,488,-8,
202503010408,2025-04-20,福島,8,4歳以上1勝クラス,ダ,1700,右,曇,良,"1回 福島 4日目 サラ系４歳以上 １勝クラス       [指] 定量 15頭 本賞金:800,320,200,120,80万円",15,800.0,3,2,2,ヤマニンクイッカー,牡,6,58.0,菊沢,107.5,2.1/2,2,4.0,38.0,2-2-4-3,美浦 田島,470,2,
202503010408,2025-04-20,福島,8,4歳以上1勝クラス,ダ,1700,右,曇,良,"1回 福島 4日目 サラ系４歳以上 １勝クラス       [指] 定量 15頭 本賞金:800,320,200,120,80万円",15,800.0,4,3,4,ザロック,セ,4,55.0,▲石神道,108.1,3.1/2,4,6.4,38.3,8-7-7-7,美浦 武井,472,-4,
202503010408,2025-04-20,福島,8,4歳以上1勝クラス,ダ,1700,右,曇,良,"1回 福島 4日目 サラ系４歳以上 １勝クラス       [指] 定量 15頭 本賞金:800,320,200,120,80万円",15,800.0,5,3,5,モヴレクス,牡,4,58.0,荻野極,108.1,クビ,14,143.3,38.4,4-4-5-5,美浦 金成,458,-10,
202503010408,2025-04-20,福島,8,4歳以上1勝クラス,ダ,1700,右,曇,良,"1回 福島 4日目 サラ系４歳以上 １勝クラス       [指] 定量 15頭 本賞金:800,320,200,120,80万円",15,800.0,6,8,15,コスモフレディ,牡,4,58.0,丸山,108.3,1.1/4,3,5.4,37.8,12-12-14-12,美浦 水野,460,0,
202503010408,2025-04-20,福島,8,4歳以上1勝クラス,ダ,1700,右,曇,良,"1回 福島 4日目 サラ系４歳以上 １勝クラス       [指] 定量 15頭 本賞金:800,320,200,120,80万円",15,800.0,7,5,8,ワンダーウィルク,牡,6,54.0,★河原田,108.4,クビ,11,48.0,39.1,4-4-2-3,栗東 今野,510,-8,
202503010408,2025-04-20,福島,8,4歳以上1勝クラス,ダ,1700,右,曇,良,"1回 福島 4日目 サラ系４歳以上 １勝クラス       [指] 定量 15頭 本賞金:800,320,200,120,80万円",15,800.0,7,5,9,メッエフアパラ,牡,4,57.0,☆松本,108.4,クビ,7,15.9,38.8,4-4-5-5,美浦 辻,462,2,
202503010408,2025-04-20,福島,8,4歳以上1勝クラス,ダ,1700,右,曇,良,"1回 福島 4日目 サラ系４歳以上 １勝クラス       [指] 定量 15頭 本賞金:800,320,200,120,80万円",15,800.0,9,6,11,ベイビールビオ,牡,6,55.0,▲舟山,108.5,1,10,35.8,38.2,10-11-10-9,美浦 田村,500,6,
202503010408,2025-04-20,福島,8,4歳以上1勝クラス,ダ,1700,右,曇,良,"1回 福島 4日目 サラ系４歳以上 １勝クラス       [指] 定量 15頭 本賞金:800,320,200,120,80万円",15,800.0,10,4,7,リリーアロー,牡,6,58.0,秋山稔,108.8,1.3/4,5,11.1,38.6,9-9-10-11,栗東 平田,502,0,
202503010408,2025-04-20,福島,8,4歳以上1勝クラス,ダ,1700,右,曇,良,"1回 福島 4日目 サラ系４歳以上 １勝クラス       [指] 定量 15頭 本賞金:800,320,200,120,80万円",15,800.0,11,4,6,ヤマカツレオン,セ,8,55.0,▲川端,109.2,2,8,19.8,39.3,15-15-7-8,栗東 谷,492,-14,
202503010408,2025-04-20,福島,8,4歳以上1勝クラス,ダ,1700,右,曇,良,"1回 福島 4日目 サラ系４歳以上 １勝クラス       [指] 定量 15頭 本賞金:800,320,200,120,80万円",15,800.0,12,2,3,ブルーリヴァーサル,牡,5,58.0,的場,109.5,2,15,238.2,38.8,13-14-15-14,美浦 的場,450,-4,
202503010408,2025-04-20,福島,8,4歳以上1勝クラス,ダ,1700,右,曇,良,"1回 福島 4日目 サラ系４歳以上 １勝クラス       [指] 定量 15頭 本賞金:800,320,200,120,80万円",15,800.0,13,6,10,アルマーレシチー,牡,4,55.0,▲水沼,109.6,3/4,9,24.0,39.7,7-7-7-9,美浦 上原博,554,-2,
202503010408,2025-04-20,福島,8,4歳以上1勝クラス,ダ,1700,右,曇,良,"1回 福島 4日目 サラ系４歳以上 １勝クラス       [指] 定量 15頭 本賞金:800,320,200,120,80万円",15,800.0,14,1,1,テンホワイトラブ,牝,5,53.0,▲石田,110.0,2.1/2,12,57.8,39.7,10-9-10-13,美浦 小西,508,-4,
202503010408,2025-04-20,福島,8,4歳以上1勝クラス,ダ,1700,右,曇,良,"1回 福島 4日目 サラ系４歳以上 １勝クラス       [指] 定量 15頭 本賞金:800,320,200,120,80万円",15,800.0,15,8,14,アカツキロットリー,牡,5,58.0,原,111.4,9,13,104.1,41.0,13-13-13-14,美浦 根本,490,15,
202503010409,2025-04-20,福島,9,医王寺特別,芝,1200,右,曇,良,"1回 福島 4日目 サラ系４歳以上 １勝クラス       (混)[指] 定量 15頭 本賞金:1110,440,280,170,111万円",15,1110.0,1,3,4,ロードマイライフ,牡,4,58.0,小沢,68.3,,2,3.7,34.3,4-4,栗東 杉山晴,504,-2,
202503010409,2025-04-20,福島,9,医王寺特別,芝,1200,右,曇,良,"1回 福島 4日目 サラ系４歳以上 １勝クラス       (混)[指] 定量 15頭 本賞金:1110,440,280,170,111万円",15,1110.0,2,1,1,ソングオブライフ,牡,4,58.0,三浦,68.4,1/2,1,2.8,34.6,2-2,栗東 森田,496,-6,
202503010409,2025-04-20,福島,9,医王寺特別,芝,1200,右,曇,良,"1回 福島 4日目 サラ系４歳以上 １勝クラス       (混)[指] 定量 15頭 本賞金:1110,440,280,170,111万円",15,1110.0,3,2,2,ライクアフラワー,牡,5,58.0,石神深,68.6,1.1/4,4,7.9,34.3,7-6,美浦 松永康,504,-2,
202503010409,2025-04-20,福島,9,医王寺特別,芝,1200,右,曇,良,"1回 福島 4日目 サラ系４歳以上 １勝クラス       (混)[指] 定量 15頭 本賞金:1110,440,280,170,111万円",15,1110.0,4,7,13,ブライトアゲイン,牝,4,56.0,石川,68.9,2,6,16.1,34.9,4-4,栗東 森秀,478,-2,
202503010409,2025-04-20,福島,9,医王寺特別,芝,1200,右,曇,良,"1回 福島 4日目 サラ系４歳以上 １勝クラス       (混)[指] 定量 15頭 本賞金:1110,440,280,170,111万円",15,1110.0,5,7,12,モリノレッドスター,牝,4,56.0,丸山,69.0,クビ,3,5.1,34.4,11-9,美浦 鈴木伸,476,2,
202503010409,2025-04-20,福島,9,医王寺特別,芝,1200,右,曇,良,"1回 福島 4日目 サラ系４歳以上 １勝クラス       (混)[指] 定量 15頭 本賞金:1110,440,280,170,111万円",15,1110.0,6,5,9,クリノハレルヤ,牝,4,56.0,角田和,69.0,ハナ,5,14.0,35.6,1-1,栗東 武英,478,-4,
202503010409,2025-04-20,福島,9,医王寺特別,芝,1200,右,曇,良,"1回 福島 4日目 サラ系４歳以上 １勝クラス       (混)[指] 定量 15頭 本賞金:1110,440,280,170,111万円",15,1110.0,7,4,7,ヒーローインチーフ,セ,4,58.0,斎藤,69.0,クビ,7,18.0,34.3,12-11,栗東 吉田,452,0,
202503010409,2025-04-20,福島,9,医王寺特別,芝,1200,右,曇,良,"1回 福島 4日目 サラ系４歳以上 １勝クラス       (混)[指] 定量 15頭 本賞金:1110,440,280,170,111万円",15,1110.0,8,4,6,ビーコング,牡,4,58.0,菊沢,69.0,クビ,9,26.5,34.7,7-6,美浦 小手川,490,-2,
202503010409,2025-04-20,福島,9,医王寺特別,芝,1200,右,曇,良,"1回 福島 4日目 サラ系４歳以上 １勝クラス       (混)[指] 定量 15頭 本賞金:1110,440,280,170,111万円",15,1110.0,9,8,14,レオエンプレス,牝,4,56.0,国分恭,69.4,2.1/2,12,159.3,34.6,13-11,美浦 奥平,490,12,
202503010409,2025-04-20,福島,9,医王寺特別,芝,1200,右,曇,良,"1回 福島 4日目 サラ系４歳以上 １勝クラス       (混)[指] 定量 15頭 本賞金:1110,440,280,170,111万円",15,1110.0,10,8,15,アナレクタ,牡,4,58.0,荻野極,69.8,2,13,189.9,35.5,7-11,栗東 千田,476,10,
202503010409,2025-04-20,福島,9,医王寺特別,芝,1200,右,曇,良,"1回 福島 4日目 サラ系４歳以上 １勝クラス       (混)[指] 定量 15頭 本賞金:1110,440,280,170,111万円",15,1110.0,11,2,3,キガン,牝,5,56.0,横山琉,69.9,1,11,142.1,34.9,15-14,美浦 小島,478,0,
202503010409,2025-04-20,福島,9,医王寺特別,芝,1200,右,曇,良,"1回 福島 4日目 サラ系４歳以上 １勝クラス       (混)[指] 定量 15頭 本賞金:1110,440,280,170,111万円",15,1110.0,12,6,10,ナックアテナ,牝,4,56.0,木幡初,70.0,クビ,10,130.0,35.9,4-6,美浦 杉浦,478,-2,
202503010409,2025-04-20,福島,9,医王寺特別,芝,1200,右,曇,良,"1回 福島 4日目 サラ系４歳以上 １勝クラス       (混)[指] 定量 15頭 本賞金:1110,440,280,170,111万円",15,1110.0,13,5,8,ホウオウドルーリー,牝,4,56.0,古川吉,70.2,1,8,18.5,36.4,2-3,栗東 宮,472,-2,
202503010409,2025-04-20,福島,9,医王寺特別,芝,1200,右,曇,良,"1回 福島 4日目 サラ系４歳以上 １勝クラス       (混)[指] 定量 15頭 本賞金:1110,440,280,170,111万円",15,1110.0,14,3,5,ミニマルデザイン,牝,4,56.0,秋山稔,70.3,3/4,14,195.1,36.0,7-9,美浦 岩戸,458,-2,
202503010409,2025-04-20,福島,9,医王寺特別,芝,1200,右,曇,良,"1回 福島 4日目 サラ系４歳以上 １勝クラス       (混)[指] 定量 15頭 本賞金:1110,440,280,170,111万円",15,1110.0,15,6,11,カゲンノツキ,牝,4,56.0,永島,71.9,10,15,255.2,37.0,13-15,美浦 勢司,432,0,
202503010410,2025-04-20,福島,10,奥の細道特別,芝,2600,右,曇,良,"1回 福島 4日目 サラ系４歳以上 ２勝クラス       (混)(特指) 定量 15頭 本賞金:1550,620,390,230,155万円",15,1550.0,1,8,15,キットハナガサク,牝,4,56.0,三浦,161.7,,9,23.5,35.4,3-3-3-2,美浦 武井,448,-6,
202503010410,2025-04-20,福島,10,奥の細道特別,芝,2600,右,曇,良,"1回 福島 4日目 サラ系４歳以上 ２勝クラス       (混)(特指) 定量 15頭 本賞金:1550,620,390,230,155万円",15,1550.0,2,6,11,ローザサンリヴァル,牡,4,58.0,斎藤,161.7,クビ,2,4.5,35.0,8-8-8-7,栗東 高野,506,-4,
202503010410,2025-04-20,福島,10,奥の細道特別,芝,2600,右,曇,良,"1回 福島 4日目 サラ系４歳以上 ２勝クラス       (混)(特指) 定量 15頭 本賞金:1550,620,390,230,155万円",15,1550.0,3,2,3,エコロレイズ,牡,4,58.0,菊沢,161.7,アタマ,3,4.7,35.2,5-5-5-3,美浦 岩戸,504,2,
202503010410,2025-04-20,福島,10,奥の細道特別,芝,2600,右,曇,良,"1回 福島 4日目 サラ系４歳以上 ２勝クラス       (混)(特指) 定量 15頭 本賞金:1550,620,390,230,155万円",15,1550.0,4,1,1,ウインマイルート,牡,6,58.0,丸山,161.8,クビ,4,7.4,35.2,5-5-5-6,美浦 鈴木慎,460,6,
202503010410,2025-04-20,福島,10,奥の細道特別,芝,2600,右,曇,良,"1回 福島 4日目 サラ系４歳以上 ２勝クラス       (混)(特指) 定量 15頭 本賞金:1550,620,390,230,155万円",15,1550.0,5,3,5,ダンツエスプリ,牡,6,58.0,松本,161.9,1,10,32.4,34.8,12-14-12-11,栗東 本田,480,-14,
202503010410,2025-04-20,福島,10,奥の細道特別,芝,2600,右,曇,良,"1回 福島 4日目 サラ系４歳以上 ２勝クラス       (混)(特指) 定量 15頭 本賞金:1550,620,390,230,155万円",15,1550.0,6,5,8,サークルオブジョイ,牡,4,58.0,亀田,161.9,ハナ,7,12.0,35.1,10-11-8-7,栗東 池添,492,-2,
202503010410,2025-04-20,福島,10,奥の細道特別,芝,2600,右,曇,良,"1回 福島 4日目 サラ系４歳以上 ２勝クラス       (混)(特指) 定量 15頭 本賞金:1550,620,390,230,155万円",15,1550.0,7,8,14,ヤマニンステラータ,牡,4,58.0,古川吉,162.3,2.1/2,5,9.9,34.8,15-15-15-14,栗東 松永幹,492,16,
202503010410,2025-04-20,福島,10,奥の細道特別,芝,2600,右,曇,良,"1回 福島 4日目 サラ系４歳以上 ２勝クラス       (混)(特指) 定量 15頭 本賞金:1550,620,390,230,155万円",15,1550.0,8,7,13,ウインネモフィラ,牝,5,56.0,黛,162.4,1/2,8,23.3,36.3,2-2-2-1,美浦 奥平,440,2,
202503010410,2025-04-20,福島,10,奥の細道特別,芝,2600,右,曇,良,"1回 福島 4日目 サラ系４歳以上 ２勝クラス       (混)(特指) 定量 15頭 本賞金:1550,620,390,230,155万円",15,1550.0,9,4,7,ハイラント,牡,4,58.0,田辺,162.5,クビ,1,4.3,36.2,3-3-3-3,美浦 伊藤大,448,4,
202503010410,2025-04-20,福島,10,奥の細道特別,芝,2600,右,曇,良,"1回 福島 4日目 サラ系４歳以上 ２勝クラス       (混)(特指) 定量 15頭 本賞金:1550,620,390,230,155万円",15,1550.0,10,4,6,パープルクラウド,牡,5,58.0,武藤,162.6,1/2,13,124.8,35.4,12-12-14-14,栗東 吉村,528,-2,
202503010410,2025-04-20,福島,10,奥の細道特別,芝,2600,右,曇,良,"1回 福島 4日目 サラ系４歳以上 ２勝クラス       (混)(特指) 定量 15頭 本賞金:1550,620,390,230,155万円",15,1550.0,11,7,12,ナムアミダブツ,牡,8,58.0,原,162.6,クビ,12,71.8,35.5,14-12-12-11,美浦 加藤和,482,-2,
202503010410,2025-04-20,福島,10,奥の細道特別,芝,2600,右,曇,良,"1回 福島 4日目 サラ系４歳以上 ２勝クラス       (混)(特指) 定量 15頭 本賞金:1550,620,390,230,155万円",15,1550.0,12,3,4,ミヤビブレイブ,牝,5,56.0,横山琉,162.7,クビ,11,39.0,35.9,9-8-8-7,美浦 小島,470,-2,
202503010410,2025-04-20,福島,10,奥の細道特別,芝,2600,右,曇,良,"1回 福島 4日目 サラ系４歳以上 ２勝クラス       (混)(特指) 定量 15頭 本賞金:1550,620,390,230,155万円",15,1550.0,13,6,10,アイザックバローズ,牡,5,58.0,荻野極,162.7,クビ,6,10.2,35.7,10-8-11-11,栗東 友道,482,-4,
202503010410,2025-04-20,福島,10,奥の細道特別,芝,2600,右,曇,良,"1回 福島 4日目 サラ系４歳以上 ２勝クラス       (混)(特指) 定量 15頭 本賞金:1550,620,390,230,155万円",15,1550.0,14,5,9,ボンベール,牡,9,58.0,嶋田,162.8,1/2,15,171.2,36.2,5-5-5-7,美浦 的場,492,-10,
202503010410,2025-04-20,福島,10,奥の細道特別,芝,2600,右,曇,良,"1回 福島 4日目 サラ系４歳以上 ２勝クラス       (混)(特指) 定量 15頭 本賞金:1550,620,390,230,155万円",15,1550.0,15,2,2,コルデアニル,牝,5,56.0,原田和,163.8,6,14,141.2,37.7,1-1-1-3,美浦 金成,476,-4,
202503010411,2025-04-20,福島,11,福島牝馬S,芝,1800,右,曇,良,"1回 福島 4日目 サラ系４歳以上 オープン       (国際) 牝(指) 別定 16頭 本賞金:4000,1600,1000,600,400万円",16,4000.0,1,1,1,アドマイヤマツリ,牝,4,55.0,田辺,106.2,,1,3.8,34.6,6-6-4-3,美浦 宮田,452,2,
202503010411,2025-04-20,福島,11,福島牝馬S,芝,1800,右,曇,良,"1回 福島 4日目 サラ系４歳以上 オープン       (国際) 牝(指) 別定 16頭 本賞金:4000,1600,1000,600,400万円",16,4000.0,2,3,5,フェアエールング,牝,5,56.0,丸山,106.6,2,6,10.4,34.6,8-8-8-9,美浦 和田郎,454,-2,
202503010411,2025-04-20,福島,11,福島牝馬S,芝,1800,右,曇,良,"1回 福島 4日目 サラ系４歳以上 オープン       (国際) 牝(指) 別定 16頭 本賞金:4000,1600,1000,600,400万円",16,4000.0,3,2,4,フィールシンパシー,牝,6,55.0,横山琉,106.6,クビ,8,14.3,34.7,9-8-8-4,美浦 小島,456,-6,
202503010411,2025-04-20,福島,11,福島牝馬S,芝,1800,右,曇,良,"1回 福島 4日目 サラ系４歳以上 オープン       (国際) 牝(指) 別定 16頭 本賞金:4000,1600,1000,600,400万円",16,4000.0,4,3,6,アリスヴェリテ,牝,5,56.0,三浦,106.7,3/4,9,15.9,35.1,5-5-4-4,栗東 中竹,472,2,
202503010411,2025-04-20,福島,11,福島牝馬S,芝,1800,右,曇,良,"1回 福島 4日目 サラ系４歳以上 オープン       (国際) 牝(指) 別定 16頭 本賞金:4000,1600,1000,600,400万円",16,4000.0,5,6,11,シンリョクカ,牝,5,56.0,木幡初,106.7,クビ,5,9.2,34.5,11-13-10-10,美浦 竹内,464,-4,
202503010411,2025-04-20,福島,11,福島牝馬S,芝,1800,右,曇,良,"1回 福島 4日目 サラ系４歳以上 オープン       (国際) 牝(指) 別定 16頭 本賞金:4000,1600,1000,600,400万円",16,4000.0,6,4,7,アマイ,牝,5,55.0,丸田,106.9,3/4,13,71.8,35.7,2-2-2-2,美浦 伊藤大,460,0,
202503010411,2025-04-20,福島,11,福島牝馬S,芝,1800,右,曇,良,"1回 福島 4日目 サラ系４歳以上 オープン       (国際) 牝(指) 別定 16頭 本賞金:4000,1600,1000,600,400万円",16,4000.0,7,2,3,ジューンオレンジ,牝,5,55.0,荻野極,107.1,1.1/2,4,8.9,34.6,14-15-11-11,栗東 長谷川,454,-10,
202503010411,2025-04-20,福島,11,福島牝馬S,芝,1800,右,曇,良,"1回 福島 4日目 サラ系４歳以上 オープン       (国際) 牝(指) 別定 16頭 本賞金:4000,1600,1000,600,400万円",16,4000.0,8,1,2,ライラック,牝,6,55.0,石川,107.2,3/4,3,7.7,34.4,14-14-14-13,美浦 相沢,442,-4,
202503010411,2025-04-20,福島,11,福島牝馬S,芝,1800,右,曇,良,"1回 福島 4日目 サラ系４歳以上 オープン       (国際) 牝(指) 別定 16頭 本賞金:4000,1600,1000,600,400万円",16,4000.0,9,8,15,アスコルティアーモ,牝,5,55.0,菊沢,107.2,ハナ,11,35.7,36.2,1-1-1-1,美浦 林,464,8,
202503010411,2025-04-20,福島,11,福島牝馬S,芝,1800,右,曇,良,"1回 福島 4日目 サラ系４歳以上 オープン       (国際) 牝(指) 別定 16頭 本賞金:4000,1600,1000,600,400万円",16,4000.0,10,5,9,セキトバイースト,牝,4,55.0,吉田隼,107.3,クビ,7,11.9,35.5,13-10-6-7,栗東 四位,454,0,
202503010411,2025-04-20,福島,11,福島牝馬S,芝,1800,右,曇,良,"1回 福島 4日目 サラ系４歳以上 オープン       (国際) 牝(指) 別定 16頭 本賞金:4000,1600,1000,600,400万円",16,4000.0,11,4,8,グランスラムアスク,牝,6,55.0,古川奈,107.3,クビ,15,166.5,34.5,16-16-14-14,栗東 矢作,460,-8,
202503010411,2025-04-20,福島,11,福島牝馬S,芝,1800,右,曇,良,"1回 福島 4日目 サラ系４歳以上 オープン       (国際) 牝(指) 別定 16頭 本賞金:4000,1600,1000,600,400万円",16,4000.0,12,6,12,ホーエリート,牝,4,55.0,原,107.3,ハナ,2,4.5,35.6,6-6-6-7,美浦 田島,482,4,
202503010411,2025-04-20,福島,11,福島牝馬S,芝,1800,右,曇,良,"1回 福島 4日目 サラ系４歳以上 オープン       (国際) 牝(指) 別定 16頭 本賞金:4000,1600,1000,600,400万円",16,4000.0,13,7,13,ガジュノリ,牝,4,55.0,武藤,107.5,3/4,12,37.5,35.1,9-10-11-11,美浦 尾形,474,-4,
202503010411,2025-04-20,福島,11,福島牝馬S,芝,1800,右,曇,良,"1回 福島 4日目 サラ系４歳以上 オープン       (国際) 牝(指) 別定 16頭 本賞金:4000,1600,1000,600,400万円",16,4000.0,14,8,16,ペイシャフラワー,牝,5,55.0,永島,108.2,4,14,157.2,37.0,2-2-2-4,栗東 高橋康,466,0,
202503010411,2025-04-20,福島,11,福島牝馬S,芝,1800,右,曇,良,"1回 福島 4日目 サラ系４歳以上 オープン       (国際) 牝(指) 別定 16頭 本賞金:4000,1600,1000,600,400万円",16,4000.0,15,5,10,ミスカッレーラ,牝,4,55.0,御神本,110.5,大,16,250.1,37.9,11-10-13-15,地方 川島一,490,-10,
202503010411,2025-04-20,福島,11,福島牝馬S,芝,1800,右,曇,良,"1回 福島 4日目 サラ系４歳以上 オープン       (国際) 牝(指) 別定 16頭 本賞金:4000,1600,1000,600,400万円",16,4000.0,,7,14,ラズベリームース,牝,6,55.0,小沢,,,10,33.6,,4-4-16,美浦 林,512,0,中止
202503010412,2025-04-20,福島,12,4歳以上1勝クラス,ダ,1700,右,曇,良,"1回 福島 4日目 サラ系４歳以上 １勝クラス       (混)[指] 定量 15頭 本賞金:800,320,200,120,80万円",15,800.0,1,8,15,トーレ,牡,4,58.0,斎藤,106.5,,3,8.4,37.6,1-1-1-1,栗東 高橋亮,482,-8,
202503010412,2025-04-20,福島,12,4歳以上1勝クラス,ダ,1700,右,曇,良,"1回 福島 4日目 サラ系４歳以上 １勝クラス       (混)[指] 定量 15頭 本賞金:800,320,200,120,80万円",15,800.0,2,2,2,レイワサンサン,牡,4,58.0,亀田,107.3,5,1,2.2,38.2,3-3-3-2,栗東 高柳大,496,-6,
202503010412,2025-04-20,福島,12,4歳以上1勝クラス,ダ,1700,右,曇,良,"1回 福島 4日目 サラ系４歳以上 １勝クラス       (混)[指] 定量 15頭 本賞金:800,320,200,120,80万円",15,800.0,3,8,14,アメリカンチーフ,牡,4,56.0,◇永島,107.8,3,2,3.8,38.7,3-3-3-2,栗東 東田,472,0,
202503010412,2025-04-20,福島,12,4歳以上1勝クラス,ダ,1700,右,曇,良,"1回 福島 4日目 サラ系４歳以上 １勝クラス       (混)[指] 定量 15頭 本賞金:800,320,200,120,80万円",15,800.0,4,3,5,リーゼノアール,セ,5,58.0,荻野極,107.8,クビ,5,13.4,38.6,8-8-5-5,美浦 国枝,494,-2,
202503010412,2025-04-20,福島,12,4歳以上1勝クラス,ダ,1700,右,曇,良,"1回 福島 4日目 サラ系４歳以上 １勝クラス       (混)[指] 定量 15頭 本賞金:800,320,200,120,80万円",15,800.0,5,6,10,ミツカネヴィーナス,牝,6,56.0,菊沢,107.9,1/2,4,11.8,38.1,14-13-11-8,美浦 鈴木伸,460,-2,
202503010412,2025-04-20,福島,12,4歳以上1勝クラス,ダ,1700,右,曇,良,"1回 福島 4日目 サラ系４歳以上 １勝クラス       (混)[指] 定量 15頭 本賞金:800,320,200,120,80万円",15,800.0,6,7,13,ブラックドレス,牝,4,53.0,▲川端,107.9,アタマ,6,15.0,38.9,2-2-2-2,栗東 谷,434,-2,
202503010412,2025-04-20,福島,12,4歳以上1勝クラス,ダ,1700,右,曇,良,"1回 福島 4日目 サラ系４歳以上 １勝クラス       (混)[指] 定量 15頭 本賞金:800,320,200,120,80万円",15,800.0,7,4,7,カールスタード,セ,4,58.0,小沢,108.2,1.3/4,9,27.3,38.9,6-6-6-6,栗東 吉岡,488,-8,
202503010412,2025-04-20,福島,12,4歳以上1勝クラス,ダ,1700,右,曇,良,"1回 福島 4日目 サラ系４歳以上 １勝クラス       (混)[指] 定量 15頭 本賞金:800,320,200,120,80万円",15,800.0,8,5,9,エリカヴェネチア,牝,4,56.0,角田和,108.3,クビ,10,41.1,38.1,14-15-15-12,栗東 吉岡,492,2,
202503010412,2025-04-20,福島,12,4歳以上1勝クラス,ダ,1700,右,曇,良,"1回 福島 4日目 サラ系４歳以上 １勝クラス       (混)[指] 定量 15頭 本賞金:800,320,200,120,80万円",15,800.0,9,5,8,ウインバリオス,牡,6,58.0,黛,108.4,1,14,133.8,38.8,12-10-8-8,栗東 吉田,456,-12,
202503010412,2025-04-20,福島,12,4歳以上1勝クラス,ダ,1700,右,曇,良,"1回 福島 4日目 サラ系４歳以上 １勝クラス       (混)[指] 定量 15頭 本賞金:800,320,200,120,80万円",15,800.0,10,3,4,ウイントールキン,牡,4,55.0,▲石神道,108.9,3,15,194.2,39.5,5-5-6-8,美浦 天間,492,-2,
202503010412,2025-04-20,福島,12,4歳以上1勝クラス,ダ,1700,右,曇,良,"1回 福島 4日目 サラ系４歳以上 １勝クラス       (混)[指] 定量 15頭 本賞金:800,320,200,120,80万円",15,800.0,11,6,11,マーベリックシチー,牡,4,58.0,国分恭,109.1,1.1/2,11,43.5,39.5,12-13-8-8,栗東 岡田,460,-6,
202503010412,2025-04-20,福島,12,4歳以上1勝クラス,ダ,1700,右,曇,良,"1回 福島 4日目 サラ系４歳以上 １勝クラス       (混)[指] 定量 15頭 本賞金:800,320,200,120,80万円",15,800.0,12,7,12,イエローベリル,牝,6,53.0,▲舟山,109.2,1/2,13,113.9,39.4,10-10-11-13,美浦 林,442,4,
202503010412,2025-04-20,福島,12,4歳以上1勝クラス,ダ,1700,右,曇,良,"1回 福島 4日目 サラ系４歳以上 １勝クラス       (混)[指] 定量 15頭 本賞金:800,320,200,120,80万円",15,800.0,13,1,1,ボタニカルガーデン,牝,5,56.0,古川吉,109.5,1.3/4,12,82.6,40.0,6-6-8-6,栗東 緒方,442,-8,
202503010412,2025-04-20,福島,12,4歳以上1勝クラス,ダ,1700,右,曇,良,"1回 福島 4日目 サラ系４歳以上 １勝クラス       (混)[指] 定量 15頭 本賞金:800,320,200,120,80万円",15,800.0,14,2,3,ウヌボレヤサン,牡,4,55.0,▲今村,109.8,1.1/2,8,25.0,39.8,9-8-14-13,美浦 本間,430,0,
202503010412,2025-04-20,福島,12,4歳以上1勝クラス,ダ,1700,右,曇,良,"1回 福島 4日目 サラ系４歳以上 １勝クラス       (混)[指] 定量 15頭 本賞金:800,320,200,120,80万円",15,800.0,15,4,6,ダオラダオラ,セ,5,55.0,▲水沼,110.0,1,7,21.4,40.2,10-10-11-15,栗東 羽月,470,-6,
202506030801,2025-04-20,中山,1,3歳未勝利,ダ,1800,右,曇,良,"3回 中山 8日目 サラ系３歳 未勝利       牝[指] 馬齢 14頭 本賞金:560,220,140,84,56万円",14,560.0,1,7,12,ゲンパチルーナ,牝,3,55.0,横山和,115.8,,1,1.4,38.6,1-1-1-1,美浦 西田,436,8,
202506030801,2025-04-20,中山,1,3歳未勝利,ダ,1800,右,曇,良,"3回 中山 8日目 サラ系３歳 未勝利       牝[指] 馬齢 14頭 本賞金:560,220,140,84,56万円",14,560.0,2,1,1,ラルガメンテ,牝,3,55.0,岩田望,116.7,5,3,6.0,38.8,12-12-8-6,美浦 尾関,458,-2,
202506030801,2025-04-20,中山,1,3歳未勝利,ダ,1800,右,曇,良,"3回 中山 8日目 サラ系３歳 未勝利       牝[指] 馬齢 14頭 本賞金:560,220,140,84,56万円",14,560.0,3,4,5,シェーネアウゲン,牝,3,55.0,横山武,116.9,1.1/4,2,5.0,39.6,2-2-2-2,栗東 清水久,488,0,
202506030801,2025-04-20,中山,1,3歳未勝利,ダ,1800,右,曇,良,"3回 中山 8日目 サラ系３歳 未勝利       牝[指] 馬齢 14頭 本賞金:560,220,140,84,56万円",14,560.0,4,4,6,フロウオブタイム,牝,3,55.0,木幡巧,117.2,2,5,25.9,39.8,3-3-3-3,美浦 大和田,436,-8,
202506030801,2025-04-20,中山,1,3歳未勝利,ダ,1800,右,曇,良,"3回 中山 8日目 サラ系３歳 未勝利       牝[指] 馬齢 14頭 本賞金:560,220,140,84,56万円",14,560.0,5,6,10,ニシノフローレス,牝,3,55.0,大野,117.4,1,4,14.5,39.4,8-9-10-10,美浦 小手川,480,-4,
202506030801,2025-04-20,中山,1,3歳未勝利,ダ,1800,右,曇,良,"3回 中山 8日目 サラ系３歳 未勝利       牝[指] 馬齢 14頭 本賞金:560,220,140,84,56万円",14,560.0,6,3,4,トリュフチョコ,牝,3,55.0,菅原明,117.6,1.1/2,8,60.9,39.8,8-7-6-6,美浦 林,438,-2,
202506030801,2025-04-20,中山,1,3歳未勝利,ダ,1800,右,曇,良,"3回 中山 8日目 サラ系３歳 未勝利       牝[指] 馬齢 14頭 本賞金:560,220,140,84,56万円",14,560.0,7,7,11,ノースカトレア,牝,3,55.0,野中,117.6,ハナ,9,168.7,39.7,6-6-8-6,美浦 和田勇,506,4,
202506030801,2025-04-20,中山,1,3歳未勝利,ダ,1800,右,曇,良,"3回 中山 8日目 サラ系３歳 未勝利       牝[指] 馬齢 14頭 本賞金:560,220,140,84,56万円",14,560.0,8,5,8,ミラコレジェンヌ,牝,3,55.0,丹内,118.0,2.1/2,7,38.3,40.5,4-4-3-4,美浦 和田勇,440,0,
202506030801,2025-04-20,中山,1,3歳未勝利,ダ,1800,右,曇,良,"3回 中山 8日目 サラ系３歳 未勝利       牝[指] 馬齢 14頭 本賞金:560,220,140,84,56万円",14,560.0,9,8,14,インマイハート,牝,3,55.0,松岡,118.2,1,11,191.3,39.8,13-13-12-11,美浦 水野,444,0,
202506030801,2025-04-20,中山,1,3歳未勝利,ダ,1800,右,曇,良,"3回 中山 8日目 サラ系３歳 未勝利       牝[指] 馬齢 14頭 本賞金:560,220,140,84,56万円",14,560.0,10,8,13,フローラルデザイン,牝,3,55.0,北村宏,118.4,1.1/2,6,31.9,40.3,10-9-10-11,美浦 畠山,446,-2,
202506030801,2025-04-20,中山,1,3歳未勝利,ダ,1800,右,曇,良,"3回 中山 8日目 サラ系３歳 未勝利       牝[指] 馬齢 14頭 本賞金:560,220,140,84,56万円",14,560.0,11,5,7,エスキモーギャル,牝,3,52.0,▲佐藤,118.5,1/2,14,307.3,40.7,10-9-6-6,美浦 杉浦,516,-6,
202506030801,2025-04-20,中山,1,3歳未勝利,ダ,1800,右,曇,良,"3回 中山 8日目 サラ系３歳 未勝利       牝[指] 馬齢 14頭 本賞金:560,220,140,84,56万円",14,560.0,12,3,3,ミルキーハニー,牝,3,55.0,石橋脩,119.0,2.1/2,12,235.3,41.4,4-4-5-4,美浦 尾形,482,0,
202506030801,2025-04-20,中山,1,3歳未勝利,ダ,1800,右,曇,良,"3回 中山 8日目 サラ系３歳 未勝利       牝[指] 馬齢 14頭 本賞金:560,220,140,84,56万円",14,560.0,13,2,2,リコリスラジアータ,牝,3,55.0,江田照,119.2,1.1/4,13,263.8,40.5,13-14-13-13,美浦 小笠,442,-12,
202506030801,2025-04-20,中山,1,3歳未勝利,ダ,1800,右,曇,良,"3回 中山 8日目 サラ系３歳 未勝利       牝[指] 馬齢 14頭 本賞金:560,220,140,84,56万円",14,560.0,14,6,9,バルトゥール,牝,3,55.0,木幡育,119.4,1.1/4,10,181.7,40.5,6-7-14-13,美浦 矢野,478,2,
202506030802,2025-04-20,中山,2,3歳未勝利,ダ,1200,右,曇,良,"3回 中山 8日目 サラ系３歳 未勝利       [指] 馬齢 16頭 本賞金:560,220,140,84,56万円",16,560.0,1,4,7,アサクサグレース,牝,3,55.0,戸崎圭,72.5,,1,2.4,37.3,3-2,美浦 戸田,464,-2,
202506030802,2025-04-20,中山,2,3歳未勝利,ダ,1200,右,曇,良,"3回 中山 8日目 サラ系３歳 未勝利       [指] 馬齢 16頭 本賞金:560,220,140,84,56万円",16,560.0,2,3,5,キタノライブリー,牝,3,55.0,丹内,72.7,1.1/4,2,2.7,37.7,1-1,美浦 本間,440,-2,
202506030802,2025-04-20,中山,2,3歳未勝利,ダ,1200,右,曇,良,"3回 中山 8日目 サラ系３歳 未勝利       [指] 馬齢 16頭 本賞金:560,220,140,84,56万円",16,560.0,3,7,14,ウルスクローム,牡,3,57.0,松山,73.1,2.1/2,4,6.8,37.3,8-8,栗東 大橋,476,-2,
202506030802,2025-04-20,中山,2,3歳未勝利,ダ,1200,右,曇,良,"3回 中山 8日目 サラ系３歳 未勝利       [指] 馬齢 16頭 本賞金:560,220,140,84,56万円",16,560.0,4,1,1,シルフレイ,牝,3,55.0,横山武,73.7,3.1/2,3,6.4,38.2,5-5,美浦 千葉,422,-6,
202506030802,2025-04-20,中山,2,3歳未勝利,ダ,1200,右,曇,良,"3回 中山 8日目 サラ系３歳 未勝利       [指] 馬齢 16頭 本賞金:560,220,140,84,56万円",16,560.0,5,8,15,シャインシュシュ,牝,3,55.0,横山和,73.9,1.1/4,9,90.3,38.2,8-8,美浦 小野,480,-2,
202506030802,2025-04-20,中山,2,3歳未勝利,ダ,1200,右,曇,良,"3回 中山 8日目 サラ系３歳 未勝利       [指] 馬齢 16頭 本賞金:560,220,140,84,56万円",16,560.0,6,5,9,エレレラナキラ,牡,3,57.0,木幡巧,74.1,1.1/2,11,216.7,38.9,3-3,美浦 牧,446,2,
202506030802,2025-04-20,中山,2,3歳未勝利,ダ,1200,右,曇,良,"3回 中山 8日目 サラ系３歳 未勝利       [指] 馬齢 16頭 本賞金:560,220,140,84,56万円",16,560.0,7,6,11,ジェントルショット,牡,3,57.0,ルメー,74.4,2,6,26.0,38.1,11-11,美浦 加藤征,480,6,
202506030802,2025-04-20,中山,2,3歳未勝利,ダ,1200,右,曇,良,"3回 中山 8日目 サラ系３歳 未勝利       [指] 馬齢 16頭 本賞金:560,220,140,84,56万円",16,560.0,8,7,13,ナックトライアンフ,牡,3,54.0,▲佐藤,74.6,1,14,388.8,39.1,5-5,美浦 杉浦,480,0,
202506030802,2025-04-20,中山,2,3歳未勝利,ダ,1200,右,曇,良,"3回 中山 8日目 サラ系３歳 未勝利       [指] 馬齢 16頭 本賞金:560,220,140,84,56万円",16,560.0,9,6,12,オンサイト,牡,3,57.0,小林凌,74.9,1.3/4,10,216.5,39.4,5-5,美浦 小西,468,0,
202506030802,2025-04-20,中山,2,3歳未勝利,ダ,1200,右,曇,良,"3回 中山 8日目 サラ系３歳 未勝利       [指] 馬齢 16頭 本賞金:560,220,140,84,56万円",16,560.0,10,3,6,コットンフラワー,牝,3,55.0,木幡育,75.2,1.3/4,13,382.0,38.2,14-14,美浦 松永康,428,-2,
202506030802,2025-04-20,中山,2,3歳未勝利,ダ,1200,右,曇,良,"3回 中山 8日目 サラ系３歳 未勝利       [指] 馬齢 16頭 本賞金:560,220,140,84,56万円",16,560.0,11,2,3,ララヴァンダンジュ,牝,3,55.0,菅原明,75.2,ハナ,5,15.4,38.0,16-16,美浦 大竹,446,-8,
202506030802,2025-04-20,中山,2,3歳未勝利,ダ,1200,右,曇,良,"3回 中山 8日目 サラ系３歳 未勝利       [指] 馬齢 16頭 本賞金:560,220,140,84,56万円",16,560.0,12,4,8,ウィノウザウェイ,牝,3,55.0,杉原,75.2,クビ,12,348.0,39.3,10-10,美浦 土田,488,2,
202506030802,2025-04-20,中山,2,3歳未勝利,ダ,1200,右,曇,良,"3回 中山 8日目 サラ系３歳 未勝利       [指] 馬齢 16頭 本賞金:560,220,140,84,56万円",16,560.0,12,5,10,アドラマリク,牡,3,57.0,野中,75.2,クビ,15,425.1,38.5,13-12,美浦 稲垣,482,4,
202506030802,2025-04-20,中山,2,3歳未勝利,ダ,1200,右,曇,良,"3回 中山 8日目 サラ系３歳 未勝利       [指] 馬齢 16頭 本賞金:560,220,140,84,56万円",16,560.0,14,8,16,ブルドッグワイルド,牡,3,57.0,石橋脩,75.5,2,8,80.2,40.5,2-3,栗東 西園正,478,6,
202506030802,2025-04-20,中山,2,3歳未勝利,ダ,1200,右,曇,良,"3回 中山 8日目 サラ系３歳 未勝利       [指] 馬齢 16頭 本賞金:560,220,140,84,56万円",16,560.0,15,1,2,サラサラヘアー,牝,3,55.0,坂井,75.9,2,7,28.7,38.8,14-14,栗東 前川,454,0,
202506030802,2025-04-20,中山,2,3歳未勝利,ダ,1200,右,曇,良,"3回 中山 8日目 サラ系３歳 未勝利       [指] 馬齢 16頭 本賞金:560,220,140,84,56万円",16,560.0,16,2,4,デルマセシボン,牝,3,55.0,小林脩,76.1,1.1/2,16,639.6,39.7,11-12,美浦 天間,438,-8,
202506030803,2025-04-20,中山,3,3歳未勝利,ダ,1800,右,曇,良,"3回 中山 8日目 サラ系３歳 未勝利       (混)[指] 馬齢 12頭 本賞金:560,220,140,84,56万円",12,560.0,1,6,7,スマートカイロス,牡,3,57.0,北村友,114.6,,5,22.7,39.5,7-6-4-4,栗東 矢作,526,0,
202506030803,2025-04-20,中山,3,3歳未勝利,ダ,1800,右,曇,良,"3回 中山 8日目 サラ系３歳 未勝利       (混)[指] 馬齢 12頭 本賞金:560,220,140,84,56万円",12,560.0,2,7,10,ライフゲート,セ,3,57.0,丹内,114.8,1.1/4,1,1.8,40.6,1-1-1-1,美浦 伊藤圭,500,-2,
202506030803,2025-04-20,中山,3,3歳未勝利,ダ,1800,右,曇,良,"3回 中山 8日目 サラ系３歳 未勝利       (混)[指] 馬齢 12頭 本賞金:560,220,140,84,56万円",12,560.0,3,5,5,ドゥマーヴェリック,牡,3,57.0,坂井,115.2,2.1/2,3,4.6,39.5,8-8-5-5,美浦 萩原,464,-4,
202506030803,2025-04-20,中山,3,3歳未勝利,ダ,1800,右,曇,良,"3回 中山 8日目 サラ系３歳 未勝利       (混)[指] 馬齢 12頭 本賞金:560,220,140,84,56万円",12,560.0,4,7,9,オンクラウドナイン,牡,3,57.0,藤岡佑,115.2,クビ,2,3.4,40.7,2-2-2-2,美浦 和田郎,508,-4,
202506030803,2025-04-20,中山,3,3歳未勝利,ダ,1800,右,曇,良,"3回 中山 8日目 サラ系３歳 未勝利       (混)[指] 馬齢 12頭 本賞金:560,220,140,84,56万円",12,560.0,5,5,6,ブレイクバウンズ,牡,3,57.0,伊藤,116.3,7,4,14.4,41.7,3-2-2-2,美浦 林,482,-2,
202506030803,2025-04-20,中山,3,3歳未勝利,ダ,1800,右,曇,良,"3回 中山 8日目 サラ系３歳 未勝利       (混)[指] 馬齢 12頭 本賞金:560,220,140,84,56万円",12,560.0,6,3,3,ベイビーベリッシモ,牡,3,57.0,杉原,116.4,1/2,6,33.7,40.2,10-9-6-6,美浦 大和田,488,8,
202506030803,2025-04-20,中山,3,3歳未勝利,ダ,1800,右,曇,良,"3回 中山 8日目 サラ系３歳 未勝利       (混)[指] 馬齢 12頭 本賞金:560,220,140,84,56万円",12,560.0,7,2,2,ロードオブドリーム,牡,3,57.0,岩田望,117.5,7,7,39.9,41.3,6-6-6-7,美浦 金成,524,-2,
202506030803,2025-04-20,中山,3,3歳未勝利,ダ,1800,右,曇,良,"3回 中山 8日目 サラ系３歳 未勝利       (混)[指] 馬齢 12頭 本賞金:560,220,140,84,56万円",12,560.0,8,1,1,クリノフローレンス,牝,3,55.0,柴田大,118.1,3.1/2,11,323.4,41.4,8-9-9-7,美浦 南田,446,-2,
202506030803,2025-04-20,中山,3,3歳未勝利,ダ,1800,右,曇,良,"3回 中山 8日目 サラ系３歳 未勝利       (混)[指] 馬齢 12頭 本賞金:560,220,140,84,56万円",12,560.0,9,6,8,ガルガファルム,牡,3,57.0,大野,118.6,3,8,75.5,41.5,11-11-12-9,美浦 稲垣,532,0,
202506030803,2025-04-20,中山,3,3歳未勝利,ダ,1800,右,曇,良,"3回 中山 8日目 サラ系３歳 未勝利       (混)[指] 馬齢 12頭 本賞金:560,220,140,84,56万円",12,560.0,10,8,11,シップウジョー,牡,3,57.0,佐々木,118.7,1/2,10,309.1,41.8,12-12-11-11,美浦 相沢,446,0,
202506030803,2025-04-20,中山,3,3歳未勝利,ダ,1800,右,曇,良,"3回 中山 8日目 サラ系３歳 未勝利       (混)[指] 馬齢 12頭 本賞金:560,220,140,84,56万円",12,560.0,11,8,12,ヴォルケシェッツェ,牡,3,57.0,内田博,121.1,大,9,279.5,44.8,4-4-6-9,美浦 伊坂,482,-4,
202506030803,2025-04-20,中山,3,3歳未勝利,ダ,1800,右,曇,良,"3回 中山 8日目 サラ系３歳 未勝利       (混)[指] 馬齢 12頭 本賞金:560,220,140,84,56万円",12,560.0,12,4,4,グローブミッション,牝,3,55.0,岩部,122.9,大,12,413.9,46.3,5-5-9-12,美浦 松永康,428,-2,
202506030804,2025-04-20,中山,4,3歳未勝利,芝,2000,右,曇,良,"3回 中山 8日目 サラ系３歳 未勝利       (混)[指] 馬齢 16頭 本賞金:560,220,140,84,56万円",16,560.0,1,3,5,ルトンワージ,牡,3,57.0,戸崎圭,119.7,,2,3.0,34.3,4-2-3-2,美浦 斎藤誠,450,0,
202506030804,2025-04-20,中山,4,3歳未勝利,芝,2000,右,曇,良,"3回 中山 8日目 サラ系３歳 未勝利       (混)[指] 馬齢 16頭 本賞金:560,220,140,84,56万円",16,560.0,2,4,8,スティーヴバローズ,牡,3,57.0,横山和,120.0,2,4,6.1,34.9,1-1-1-1,美浦 上原佑,482,2,
202506030804,2025-04-20,中山,4,3歳未勝利,芝,2000,右,曇,良,"3回 中山 8日目 サラ系３歳 未勝利       (混)[指] 馬齢 16頭 本賞金:560,220,140,84,56万円",16,560.0,3,3,6,テンミラージュ,牝,3,55.0,津村,120.1,クビ,9,35.9,34.4,6-6-7-6,美浦 深山,442,2,
202506030804,2025-04-20,中山,4,3歳未勝利,芝,2000,右,曇,良,"3回 中山 8日目 サラ系３歳 未勝利       (混)[指] 馬齢 16頭 本賞金:560,220,140,84,56万円",16,560.0,4,5,9,イフルジャンス,牡,3,57.0,横山武,120.3,1.1/2,1,2.9,34.4,11-12-8-7,美浦 金成,448,2,
202506030804,2025-04-20,中山,4,3歳未勝利,芝,2000,右,曇,良,"3回 中山 8日目 サラ系３歳 未勝利       (混)[指] 馬齢 16頭 本賞金:560,220,140,84,56万円",16,560.0,5,5,10,キタサンライザー,牡,3,57.0,武豊,120.4,3/4,3,5.7,34.9,6-6-6-5,栗東 清水久,470,0,
202506030804,2025-04-20,中山,4,3歳未勝利,芝,2000,右,曇,良,"3回 中山 8日目 サラ系３歳 未勝利       (混)[指] 馬齢 16頭 本賞金:560,220,140,84,56万円",16,560.0,6,6,11,マイネルトラオム,牡,3,57.0,丹内,120.5,クビ,5,16.3,35.1,4-5-3-4,美浦 深山,470,-4,
202506030804,2025-04-20,中山,4,3歳未勝利,芝,2000,右,曇,良,"3回 中山 8日目 サラ系３歳 未勝利       (混)[指] 馬齢 16頭 本賞金:560,220,140,84,56万円",16,560.0,7,8,16,ゴガツノアマノガワ,牡,3,57.0,石橋脩,120.5,クビ,6,18.7,35.2,2-2-3-2,美浦 清水英,444,0,
202506030804,2025-04-20,中山,4,3歳未勝利,芝,2000,右,曇,良,"3回 中山 8日目 サラ系３歳 未勝利       (混)[指] 馬齢 16頭 本賞金:560,220,140,84,56万円",16,560.0,8,7,14,ケイアイカラキア,セ,3,57.0,吉田豊,120.5,ハナ,12,203.9,34.3,13-13-11-11,美浦 上原博,462,-8,
202506030804,2025-04-20,中山,4,3歳未勝利,芝,2000,右,曇,良,"3回 中山 8日目 サラ系３歳 未勝利       (混)[指] 馬齢 16頭 本賞金:560,220,140,84,56万円",16,560.0,9,1,2,センジュコスモス,牝,3,55.0,菅原明,120.5,ハナ,8,28.7,34.6,8-8-8-7,美浦 南田,450,8,
202506030804,2025-04-20,中山,4,3歳未勝利,芝,2000,右,曇,良,"3回 中山 8日目 サラ系３歳 未勝利       (混)[指] 馬齢 16頭 本賞金:560,220,140,84,56万円",16,560.0,10,2,4,ハイタッチマドンナ,牝,3,55.0,内田博,120.6,3/4,10,100.2,34.2,14-15-14-14,美浦 矢嶋,418,-12,
202506030804,2025-04-20,中山,4,3歳未勝利,芝,2000,右,曇,良,"3回 中山 8日目 サラ系３歳 未勝利       (混)[指] 馬齢 16頭 本賞金:560,220,140,84,56万円",16,560.0,11,2,3,ポタリング,セ,3,57.0,江田照,120.8,1.1/2,7,25.6,35.0,8-8-8-7,美浦 武藤,438,0,
202506030804,2025-04-20,中山,4,3歳未勝利,芝,2000,右,曇,良,"3回 中山 8日目 サラ系３歳 未勝利       (混)[指] 馬齢 16頭 本賞金:560,220,140,84,56万円",16,560.0,12,1,1,スイートオレンジ,牝,3,55.0,佐々木,121.1,1.1/2,13,232.5,35.0,11-11-11-11,美浦 中川,456,-4,
202506030804,2025-04-20,中山,4,3歳未勝利,芝,2000,右,曇,良,"3回 中山 8日目 サラ系３歳 未勝利       (混)[指] 馬齢 16頭 本賞金:560,220,140,84,56万円",16,560.0,13,7,13,マナミン,牝,3,55.0,松山,121.6,3,11,190.6,35.2,14-14-14-14,栗東 高橋康,432,-6,
202506030804,2025-04-20,中山,4,3歳未勝利,芝,2000,右,曇,良,"3回 中山 8日目 サラ系３歳 未勝利       (混)[指] 馬齢 16頭 本賞金:560,220,140,84,56万円",16,560.0,14,4,7,ケルティックハーツ,牡,3,54.0,▲佐藤,122.3,4,14,236.9,36.1,8-10-11-13,美浦 杉浦,488,-8,
202506030804,2025-04-20,中山,4,3歳未勝利,芝,2000,右,曇,良,"3回 中山 8日目 サラ系３歳 未勝利       (混)[指] 馬齢 16頭 本賞金:560,220,140,84,56万円",16,560.0,15,8,15,マイウェイ,牡,3,57.0,木幡巧,122.7,2.1/2,16,539.3,36.2,16-15-14-16,美浦 高橋文,404,-8,
202506030804,2025-04-20,中山,4,3歳未勝利,芝,2000,右,曇,良,"3回 中山 8日目 サラ系３歳 未勝利       (混)[指] 馬齢 16頭 本賞金:560,220,140,84,56万円",16,560.0,16,6,12,スカイリスト,牝,3,55.0,松岡,122.9,1.1/2,15,426.1,37.7,2-2-2-7,美浦 小野,464,-6,
202506030805,2025-04-20,中山,5,3歳1勝クラス,芝,1200,右,曇,良,"3回 中山 8日目 サラ系３歳 １勝クラス       (混)[指] 馬齢 11頭 本賞金:800,320,200,120,80万円",11,800.0,1,7,8,マックアルイーン,牡,3,57.0,ルメー,67.4,,3,3.0,33.2,2-2,美浦 木村,530,-6,
202506030805,2025-04-20,中山,5,3歳1勝クラス,芝,1200,右,曇,良,"3回 中山 8日目 サラ系３歳 １勝クラス       (混)[指] 馬齢 11頭 本賞金:800,320,200,120,80万円",11,800.0,2,8,11,カウンターセブン,牡,3,57.0,松山,67.8,2.1/2,6,19.6,33.9,1-1,美浦 村田,490,2,
202506030805,2025-04-20,中山,5,3歳1勝クラス,芝,1200,右,曇,良,"3回 中山 8日目 サラ系３歳 １勝クラス       (混)[指] 馬齢 11頭 本賞金:800,320,200,120,80万円",11,800.0,3,7,9,ミクストベリーズ,牡,3,57.0,モレイ,68.0,1.1/2,1,2.8,33.1,6-5,美浦 伊藤圭,482,0,
202506030805,2025-04-20,中山,5,3歳1勝クラス,芝,1200,右,曇,良,"3回 中山 8日目 サラ系３歳 １勝クラス       (混)[指] 馬齢 11頭 本賞金:800,320,200,120,80万円",11,800.0,4,3,3,スピリットライズ,セ,3,57.0,坂井,68.2,1,4,14.2,33.8,3-3,栗東 高柳大,428,-2,
202506030805,2025-04-20,中山,5,3歳1勝クラス,芝,1200,右,曇,良,"3回 中山 8日目 サラ系３歳 １勝クラス       (混)[指] 馬齢 11頭 本賞金:800,320,200,120,80万円",11,800.0,5,6,6,ヒラボクカレラ,牡,3,57.0,岩田望,68.3,1/2,2,2.8,33.8,4-3,栗東 奥村豊,460,0,
202506030805,2025-04-20,中山,5,3歳1勝クラス,芝,1200,右,曇,良,"3回 中山 8日目 サラ系３歳 １勝クラス       (混)[指] 馬齢 11頭 本賞金:800,320,200,120,80万円",11,800.0,6,2,2,クラウンウルル,牡,3,57.0,佐々木,68.4,3/4,7,82.2,33.8,4-5,美浦 菊川,476,2,
202506030805,2025-04-20,中山,5,3歳1勝クラス,芝,1200,右,曇,良,"3回 中山 8日目 サラ系３歳 １勝クラス       (混)[指] 馬齢 11頭 本賞金:800,320,200,120,80万円",11,800.0,7,6,7,カガバベル,牡,3,57.0,松岡,68.9,3,8,118.2,33.8,8-7,美浦 萱野,516,-8,
202506030805,2025-04-20,中山,5,3歳1勝クラス,芝,1200,右,曇,良,"3回 中山 8日目 サラ系３歳 １勝クラス       (混)[指] 馬齢 11頭 本賞金:800,320,200,120,80万円",11,800.0,8,1,1,ヒデノブルースカイ,牡,3,57.0,武豊,69.3,2.1/2,5,14.9,33.4,10-10,栗東 梅田,422,-2,
202506030805,2025-04-20,中山,5,3歳1勝クラス,芝,1200,右,曇,良,"3回 中山 8日目 サラ系３歳 １勝クラス       (混)[指] 馬齢 11頭 本賞金:800,320,200,120,80万円",11,800.0,9,8,10,アミグダラ,牝,3,55.0,内田博,69.4,3/4,10,358.6,33.8,9-9,美浦 岩戸,434,2,
202506030805,2025-04-20,中山,5,3歳1勝クラス,芝,1200,右,曇,良,"3回 中山 8日目 サラ系３歳 １勝クラス       (混)[指] 馬齢 11頭 本賞金:800,320,200,120,80万円",11,800.0,10,5,5,エイシンダリア,牝,3,55.0,横山和,69.8,2.1/2,9,178.1,33.9,10-10,美浦 勢司,454,0,
202506030805,2025-04-20,中山,5,3歳1勝クラス,芝,1200,右,曇,良,"3回 中山 8日目 サラ系３歳 １勝クラス       (混)[指] 馬齢 11頭 本賞金:800,320,200,120,80万円",11,800.0,11,4,4,スンシム,牝,3,55.0,小林脩,70.0,1.1/2,11,442.7,35.0,6-8,美浦 村田,398,0,
202506030806,2025-04-20,中山,6,3歳1勝クラス,ダ,1800,右,曇,良,"3回 中山 8日目 サラ系３歳 １勝クラス       (混)[指] 馬齢 15頭 本賞金:800,320,200,120,80万円",15,800.0,1,6,11,ナルカミ,牡,3,57.0,戸崎圭,112.9,,1,2.5,37.5,2-2-2-1,美浦 田中博,496,-6,
202506030806,2025-04-20,中山,6,3歳1勝クラス,ダ,1800,右,曇,良,"3回 中山 8日目 サラ系３歳 １勝クラス       (混)[指] 馬齢 15頭 本賞金:800,320,200,120,80万円",15,800.0,2,5,9,サムシャイン,牡,3,57.0,横山和,113.0,1,4,7.5,36.6,13-13-9-4,美浦 鈴木慎,472,-4,
202506030806,2025-04-20,中山,6,3歳1勝クラス,ダ,1800,右,曇,良,"3回 中山 8日目 サラ系３歳 １勝クラス       (混)[指] 馬齢 15頭 本賞金:800,320,200,120,80万円",15,800.0,3,8,15,アールプロスト,牡,3,57.0,藤岡佑,114.0,6,12,88.4,37.6,10-11-9-9,美浦 伊藤大,514,-4,
202506030806,2025-04-20,中山,6,3歳1勝クラス,ダ,1800,右,曇,良,"3回 中山 8日目 サラ系３歳 １勝クラス       (混)[指] 馬齢 15頭 本賞金:800,320,200,120,80万円",15,800.0,4,4,7,ロッシニアーナ,牡,3,57.0,ルメー,114.1,1,2,3.5,38.3,5-5-5-4,美浦 木村,516,-2,
202506030806,2025-04-20,中山,6,3歳1勝クラス,ダ,1800,右,曇,良,"3回 中山 8日目 サラ系３歳 １勝クラス       (混)[指] 馬齢 15頭 本賞金:800,320,200,120,80万円",15,800.0,5,8,14,ハルノアラシ,牡,3,57.0,丹内,114.3,1,10,50.0,38.8,12-12-2-2,美浦 相沢,512,2,
202506030806,2025-04-20,中山,6,3歳1勝クラス,ダ,1800,右,曇,良,"3回 中山 8日目 サラ系３歳 １勝クラス       (混)[指] 馬齢 15頭 本賞金:800,320,200,120,80万円",15,800.0,6,7,12,ブレトワルダ,牡,3,57.0,岩田望,114.4,3/4,9,41.3,38.6,7-5-5-7,美浦 新開,500,2,
202506030806,2025-04-20,中山,6,3歳1勝クラス,ダ,1800,右,曇,良,"3回 中山 8日目 サラ系３歳 １勝クラス       (混)[指] 馬齢 15頭 本賞金:800,320,200,120,80万円",15,800.0,7,2,3,ソルナシエンテ,牡,3,57.0,津村,114.6,1,8,40.1,38.4,9-8-7-8,栗東 藤岡,510,0,
202506030806,2025-04-20,中山,6,3歳1勝クラス,ダ,1800,右,曇,良,"3回 中山 8日目 サラ系３歳 １勝クラス       (混)[指] 馬齢 15頭 本賞金:800,320,200,120,80万円",15,800.0,8,3,5,ニシノブレイゼスト,牡,3,57.0,菅原明,115.1,3,13,230.2,38.3,5-7-12-11,美浦 高木,494,0,
202506030806,2025-04-20,中山,6,3歳1勝クラス,ダ,1800,右,曇,良,"3回 中山 8日目 サラ系３歳 １勝クラス       (混)[指] 馬齢 15頭 本賞金:800,320,200,120,80万円",15,800.0,9,6,10,ダノンミッション,牡,3,57.0,モレイ,115.2,クビ,3,6.9,39.5,3-3-4-4,美浦 堀,476,2,
202506030806,2025-04-20,中山,6,3歳1勝クラス,ダ,1800,右,曇,良,"3回 中山 8日目 サラ系３歳 １勝クラス       (混)[指] 馬齢 15頭 本賞金:800,320,200,120,80万円",15,800.0,10,7,13,オタマジャクシ,牡,3,57.0,木幡育,115.2,クビ,7,31.5,38.9,7-8-7-10,美浦 松永康,478,6,
202506030806,2025-04-20,中山,6,3歳1勝クラス,ダ,1800,右,曇,良,"3回 中山 8日目 サラ系３歳 １勝クラス       (混)[指] 馬齢 15頭 本賞金:800,320,200,120,80万円",15,800.0,11,3,4,タイセイカイザー,牡,3,57.0,川田,115.3,3/4,5,10.8,38.4,15-15-12-11,栗東 奥村豊,504,2,
202506030806,2025-04-20,中山,6,3歳1勝クラス,ダ,1800,右,曇,良,"3回 中山 8日目 サラ系３歳 １勝クラス       (混)[指] 馬齢 15頭 本賞金:800,320,200,120,80万円",15,800.0,12,4,6,ロードシュヴァリエ,牡,3,57.0,西村淳,115.7,2,11,78.6,38.6,13-13-14-13,栗東 森田,484,-14,
202506030806,2025-04-20,中山,6,3歳1勝クラス,ダ,1800,右,曇,良,"3回 中山 8日目 サラ系３歳 １勝クラス       (混)[指] 馬齢 15頭 本賞金:800,320,200,120,80万円",15,800.0,13,2,2,オリーブグリーン,牡,3,57.0,坂井,115.7,ハナ,6,14.3,38.7,10-10-14-15,栗東 矢作,526,-2,
202506030806,2025-04-20,中山,6,3歳1勝クラス,ダ,1800,右,曇,良,"3回 中山 8日目 サラ系３歳 １勝クラス       (混)[指] 馬齢 15頭 本賞金:800,320,200,120,80万円",15,800.0,14,1,1,ヒフミバンダム,セ,3,57.0,内田博,116.5,5,15,448.6,40.0,4-4-11-13,栗東 小栗,468,0,
202506030806,2025-04-20,中山,6,3歳1勝クラス,ダ,1800,右,曇,良,"3回 中山 8日目 サラ系３歳 １勝クラス       (混)[指] 馬齢 15頭 本賞金:800,320,200,120,80万円",15,800.0,15,5,8,リュキア,牡,3,57.0,木幡巧,116.7,3/4,14,371.6,41.3,1-1-1-3,美浦 牧,466,-8,
202506030807,2025-04-20,中山,7,4歳以上1勝クラス,ダ,1200,右,曇,良,"3回 中山 8日目 サラ系４歳以上 １勝クラス       (混)[指] 定量 16頭 本賞金:800,320,200,120,80万円",16,800.0,1,2,4,エコロエイト,牡,4,58.0,丹内,71.7,,10,34.4,36.9,1-1,美浦 田村,504,0,
202506030807,2025-04-20,中山,7,4歳以上1勝クラス,ダ,1200,右,曇,良,"3回 中山 8日目 サラ系４歳以上 １勝クラス       (混)[指] 定量 16頭 本賞金:800,320,200,120,80万円",16,800.0,2,7,14,ショウナンハクウン,牡,5,58.0,モレイ,72.2,3,1,2.6,37.0,4-3,美浦 大竹,506,-2,
202506030807,2025-04-20,中山,7,4歳以上1勝クラス,ダ,1200,右,曇,良,"3回 中山 8日目 サラ系４歳以上 １勝クラス       (混)[指] 定量 16頭 本賞金:800,320,200,120,80万円",16,800.0,3,4,7,レジーナローズ,牝,5,56.0,津村,72.2,クビ,4,9.8,37.1,2-2,美浦 鈴木慎,458,4,
202506030807,2025-04-20,中山,7,4歳以上1勝クラス,ダ,1200,右,曇,良,"3回 中山 8日目 サラ系４歳以上 １勝クラス       (混)[指] 定量 16頭 本賞金:800,320,200,120,80万円",16,800.0,4,6,12,スプランドゥール,牡,4,58.0,柴田大,72.3,クビ,7,21.2,37.2,2-3,美浦 和田雄,468,2,
202506030807,2025-04-20,中山,7,4歳以上1勝クラス,ダ,1200,右,曇,良,"3回 中山 8日目 サラ系４歳以上 １勝クラス       (混)[指] 定量 16頭 本賞金:800,320,200,120,80万円",16,800.0,5,8,16,トモジャシーマ,牡,5,58.0,横山武,72.5,1.1/2,2,4.1,37.0,5-5,美浦 鈴木伸,510,-12,
202506030807,2025-04-20,中山,7,4歳以上1勝クラス,ダ,1200,右,曇,良,"3回 中山 8日目 サラ系４歳以上 １勝クラス       (混)[指] 定量 16頭 本賞金:800,320,200,120,80万円",16,800.0,6,7,13,クインズポラリス,牝,4,56.0,吉田豊,72.9,2.1/2,5,12.6,36.7,11-10,美浦 上原博,488,0,
202506030807,2025-04-20,中山,7,4歳以上1勝クラス,ダ,1200,右,曇,良,"3回 中山 8日目 サラ系４歳以上 １勝クラス       (混)[指] 定量 16頭 本賞金:800,320,200,120,80万円",16,800.0,7,8,15,カサブランカキッド,牡,5,58.0,野中,72.9,クビ,9,26.9,36.4,12-12,美浦 和田勇,522,6,
202506030807,2025-04-20,中山,7,4歳以上1勝クラス,ダ,1200,右,曇,良,"3回 中山 8日目 サラ系４歳以上 １勝クラス       (混)[指] 定量 16頭 本賞金:800,320,200,120,80万円",16,800.0,8,1,1,アツキヤマト,牡,4,58.0,小林凌,73.1,3/4,12,85.0,37.6,5-5,美浦 小西,512,2,
202506030807,2025-04-20,中山,7,4歳以上1勝クラス,ダ,1200,右,曇,良,"3回 中山 8日目 サラ系４歳以上 １勝クラス       (混)[指] 定量 16頭 本賞金:800,320,200,120,80万円",16,800.0,9,2,3,オーロラアーク,牝,6,56.0,杉原,73.2,1/2,14,171.8,36.3,16-16,美浦 石栗,462,6,
202506030807,2025-04-20,中山,7,4歳以上1勝クラス,ダ,1200,右,曇,良,"3回 中山 8日目 サラ系４歳以上 １勝クラス       (混)[指] 定量 16頭 本賞金:800,320,200,120,80万円",16,800.0,10,3,6,ミルフルール,牝,4,56.0,北村友,73.3,1/2,8,26.8,36.7,13-13,美浦 伊坂,470,2,
202506030807,2025-04-20,中山,7,4歳以上1勝クラス,ダ,1200,右,曇,良,"3回 中山 8日目 サラ系４歳以上 １勝クラス       (混)[指] 定量 16頭 本賞金:800,320,200,120,80万円",16,800.0,11,4,8,フレイムジョーカー,牡,6,58.0,菅原明,73.5,1.1/4,6,18.1,38.0,5-7,美浦 岩戸,490,0,
202506030807,2025-04-20,中山,7,4歳以上1勝クラス,ダ,1200,右,曇,良,"3回 中山 8日目 サラ系４歳以上 １勝クラス       (混)[指] 定量 16頭 本賞金:800,320,200,120,80万円",16,800.0,12,1,2,スイッチオン,牡,5,55.0,▲佐藤,73.5,クビ,13,97.1,36.7,14-13,美浦 小手川,490,4,
202506030807,2025-04-20,中山,7,4歳以上1勝クラス,ダ,1200,右,曇,良,"3回 中山 8日目 サラ系４歳以上 １勝クラス       (混)[指] 定量 16頭 本賞金:800,320,200,120,80万円",16,800.0,13,5,9,タイセイピューマ,牡,4,58.0,大野,73.5,アタマ,3,5.1,37.8,8-8,美浦 新開,482,0,
202506030807,2025-04-20,中山,7,4歳以上1勝クラス,ダ,1200,右,曇,良,"3回 中山 8日目 サラ系４歳以上 １勝クラス       (混)[指] 定量 16頭 本賞金:800,320,200,120,80万円",16,800.0,14,6,11,カルフ,セ,4,58.0,小林脩,73.5,ハナ,15,267.8,36.7,14-13,美浦 大和田,460,-8,
202506030807,2025-04-20,中山,7,4歳以上1勝クラス,ダ,1200,右,曇,良,"3回 中山 8日目 サラ系４歳以上 １勝クラス       (混)[指] 定量 16頭 本賞金:800,320,200,120,80万円",16,800.0,15,3,5,ゴールデンシーカー,牡,6,58.0,内田博,74.0,3,11,63.8,38.1,9-8,美浦 天間,498,4,
202506030807,2025-04-20,中山,7,4歳以上1勝クラス,ダ,1200,右,曇,良,"3回 中山 8日目 サラ系４歳以上 １勝クラス       (混)[指] 定量 16頭 本賞金:800,320,200,120,80万円",16,800.0,16,5,10,バンブトンプロ,牡,5,58.0,木幡巧,74.1,3/4,16,354.0,38.1,10-10,美浦 粕谷,490,4,
202506030808,2025-04-20,中山,8,利根川特別,ダ,1800,右,曇,良,"3回 中山 8日目 サラ系４歳以上 ２勝クラス       (混)[指] 定量 16頭 本賞金:1550,620,390,230,155万円",16,1550.0,1,6,12,ソレルビュレット,牡,4,58.0,ルメー,113.9,,1,2.2,38.1,3-2-1-1,美浦 宮田,522,2,
202506030808,2025-04-20,中山,8,利根川特別,ダ,1800,右,曇,良,"3回 中山 8日目 サラ系４歳以上 ２勝クラス       (混)[指] 定量 16頭 本賞金:1550,620,390,230,155万円",16,1550.0,2,2,3,ドバイブルース,牡,4,58.0,モレイ,114.1,1.1/4,2,2.6,37.8,5-4-5-4,美浦 加藤征,508,0,
202506030808,2025-04-20,中山,8,利根川特別,ダ,1800,右,曇,良,"3回 中山 8日目 サラ系４歳以上 ２勝クラス       (混)[指] 定量 16頭 本賞金:1550,620,390,230,155万円",16,1550.0,3,5,10,オールマキシマム,牝,5,56.0,小林脩,114.2,3/4,12,88.2,37.6,15-14-11-7,美浦 奥平,458,10,
202506030808,2025-04-20,中山,8,利根川特別,ダ,1800,右,曇,良,"3回 中山 8日目 サラ系４歳以上 ２勝クラス       (混)[指] 定量 16頭 本賞金:1550,620,390,230,155万円",16,1550.0,4,7,14,プルナチャンドラ,牡,4,58.0,横山和,114.7,3,4,17.1,38.5,12-12-5-4,美浦 小野,502,-4,
202506030808,2025-04-20,中山,8,利根川特別,ダ,1800,右,曇,良,"3回 中山 8日目 サラ系４歳以上 ２勝クラス       (混)[指] 定量 16頭 本賞金:1550,620,390,230,155万円",16,1550.0,5,7,13,サパテアール,セ,6,58.0,丹内,114.8,クビ,8,50.2,38.3,7-7-8-9,美浦 畠山,522,12,
202506030808,2025-04-20,中山,8,利根川特別,ダ,1800,右,曇,良,"3回 中山 8日目 サラ系４歳以上 ２勝クラス       (混)[指] 定量 16頭 本賞金:1550,620,390,230,155万円",16,1550.0,6,1,1,カムランベイ,牡,5,58.0,津村,114.8,クビ,9,62.5,38.1,9-9-12-12,美浦 岩戸,504,-6,
202506030808,2025-04-20,中山,8,利根川特別,ダ,1800,右,曇,良,"3回 中山 8日目 サラ系４歳以上 ２勝クラス       (混)[指] 定量 16頭 本賞金:1550,620,390,230,155万円",16,1550.0,7,3,5,ホレーショ,牡,4,58.0,杉原,115.2,2.1/2,3,5.1,38.8,8-7-8-9,美浦 西田,520,2,
202506030808,2025-04-20,中山,8,利根川特別,ダ,1800,右,曇,良,"3回 中山 8日目 サラ系４歳以上 ２勝クラス       (混)[指] 定量 16頭 本賞金:1550,620,390,230,155万円",16,1550.0,8,4,8,スプレーフォール,牡,4,58.0,佐々木,115.4,1.1/4,14,187.4,39.4,2-2-3-3,美浦 相沢,452,-2,
202506030808,2025-04-20,中山,8,利根川特別,ダ,1800,右,曇,良,"3回 中山 8日目 サラ系４歳以上 ２勝クラス       (混)[指] 定量 16頭 本賞金:1550,620,390,230,155万円",16,1550.0,9,2,4,スピーディブレイク,牡,5,58.0,岩田望,115.4,ハナ,7,47.2,38.3,12-14-14-14,美浦 村田,458,4,
202506030808,2025-04-20,中山,8,利根川特別,ダ,1800,右,曇,良,"3回 中山 8日目 サラ系４歳以上 ２勝クラス       (混)[指] 定量 16頭 本賞金:1550,620,390,230,155万円",16,1550.0,10,5,9,マイネルトルファン,牡,6,58.0,柴田大,115.4,ハナ,11,73.3,38.4,12-12-14-14,美浦 粕谷,512,4,
202506030808,2025-04-20,中山,8,利根川特別,ダ,1800,右,曇,良,"3回 中山 8日目 サラ系４歳以上 ２勝クラス       (混)[指] 定量 16頭 本賞金:1550,620,390,230,155万円",16,1550.0,11,8,16,レオスパーク,牡,4,58.0,木幡巧,115.9,3,13,103.1,40.1,1-1-2-2,美浦 牧,506,-4,
202506030808,2025-04-20,中山,8,利根川特別,ダ,1800,右,曇,良,"3回 中山 8日目 サラ系４歳以上 ２勝クラス       (混)[指] 定量 16頭 本賞金:1550,620,390,230,155万円",16,1550.0,12,8,15,オソルノ,セ,5,58.0,菅原明,115.9,クビ,6,34.4,39.8,6-6-3-4,美浦 萩原,494,-6,
202506030808,2025-04-20,中山,8,利根川特別,ダ,1800,右,曇,良,"3回 中山 8日目 サラ系４歳以上 ２勝クラス       (混)[指] 定量 16頭 本賞金:1550,620,390,230,155万円",16,1550.0,13,4,7,カフェアローロ,牝,4,56.0,内田博,116.1,3/4,10,67.9,38.7,16-16-16-16,美浦 古賀,498,4,
202506030808,2025-04-20,中山,8,利根川特別,ダ,1800,右,曇,良,"3回 中山 8日目 サラ系４歳以上 ２勝クラス       (混)[指] 定量 16頭 本賞金:1550,620,390,230,155万円",16,1550.0,14,6,11,アッティラ,牡,5,58.0,石橋脩,116.2,3/4,16,291.6,39.5,11-11-12-12,美浦 相沢,458,2,
202506030808,2025-04-20,中山,8,利根川特別,ダ,1800,右,曇,良,"3回 中山 8日目 サラ系４歳以上 ２勝クラス       (混)[指] 定量 16頭 本賞金:1550,620,390,230,155万円",16,1550.0,15,1,2,サトミノマロン,牡,6,58.0,横山武,116.3,クビ,15,215.7,40.1,3-4-5-7,美浦 鈴木伸,528,0,
202506030808,2025-04-20,中山,8,利根川特別,ダ,1800,右,曇,良,"3回 中山 8日目 サラ系４歳以上 ２勝クラス       (混)[指] 定量 16頭 本賞金:1550,620,390,230,155万円",16,1550.0,16,3,6,フラッシング,牡,4,58.0,武豊,116.9,4,5,29.3,40.5,9-9-8-9,栗東 牧浦,484,-6,
202506030809,2025-04-20,中山,9,野島崎特別,芝,2000,右,曇,良,"3回 中山 8日目 サラ系４歳以上 ２勝クラス       牝[指] 定量 12頭 本賞金:1550,620,390,230,155万円",12,1550.0,1,6,8,アンゴラブラック,牝,4,56.0,戸崎圭,118.2,,1,3.1,33.9,3-3-4-3,美浦 尾関,466,-6,
202506030809,2025-04-20,中山,9,野島崎特別,芝,2000,右,曇,良,"3回 中山 8日目 サラ系４歳以上 ２勝クラス       牝[指] 定量 12頭 本賞金:1550,620,390,230,155万円",12,1550.0,2,7,9,クロシェットノエル,牝,4,56.0,モレイ,118.3,クビ,2,3.1,33.6,10-10-9-7,美浦 戸田,454,2,
202506030809,2025-04-20,中山,9,野島崎特別,芝,2000,右,曇,良,"3回 中山 8日目 サラ系４歳以上 ２勝クラス       牝[指] 定量 12頭 本賞金:1550,620,390,230,155万円",12,1550.0,3,7,10,エバーハピネス,牝,5,56.0,菅原明,118.3,クビ,6,16.7,33.7,7-7-7-9,美浦 久保田,480,0,
202506030809,2025-04-20,中山,9,野島崎特別,芝,2000,右,曇,良,"3回 中山 8日目 サラ系４歳以上 ２勝クラス       牝[指] 定量 12頭 本賞金:1550,620,390,230,155万円",12,1550.0,4,3,3,フラミニア,牝,5,56.0,松山,118.5,1.1/4,7,25.8,33.6,10-10-11-10,美浦 森一,470,-4,
202506030809,2025-04-20,中山,9,野島崎特別,芝,2000,右,曇,良,"3回 中山 8日目 サラ系４歳以上 ２勝クラス       牝[指] 定量 12頭 本賞金:1550,620,390,230,155万円",12,1550.0,5,1,1,テリオスサラ,牝,4,56.0,横山武,118.6,1/2,4,6.2,34.6,1-1-1-1,美浦 高柳瑞,474,2,
202506030809,2025-04-20,中山,9,野島崎特別,芝,2000,右,曇,良,"3回 中山 8日目 サラ系４歳以上 ２勝クラス       牝[指] 定量 12頭 本賞金:1550,620,390,230,155万円",12,1550.0,6,2,2,ピンクジン,牝,5,56.0,小林脩,118.7,1/2,12,177.6,34.0,7-7-9-10,美浦 南田,434,-8,
202506030809,2025-04-20,中山,9,野島崎特別,芝,2000,右,曇,良,"3回 中山 8日目 サラ系４歳以上 ２勝クラス       牝[指] 定量 12頭 本賞金:1550,620,390,230,155万円",12,1550.0,7,8,12,ブラックヴァール,牝,5,56.0,横山和,119.1,2.1/2,5,8.2,35.0,2-2-2-2,美浦 菊川,470,4,
202506030809,2025-04-20,中山,9,野島崎特別,芝,2000,右,曇,良,"3回 中山 8日目 サラ系４歳以上 ２勝クラス       牝[指] 定量 12頭 本賞金:1550,620,390,230,155万円",12,1550.0,8,5,5,ルーチェロッサ,牝,5,56.0,津村,119.2,アタマ,10,115.9,34.7,5-5-7-7,美浦 相沢,468,-2,
202506030809,2025-04-20,中山,9,野島崎特別,芝,2000,右,曇,良,"3回 中山 8日目 サラ系４歳以上 ２勝クラス       牝[指] 定量 12頭 本賞金:1550,620,390,230,155万円",12,1550.0,9,8,11,カンティアーモ,牝,4,56.0,ルメー,119.2,アタマ,3,5.2,34.8,3-3-4-5,美浦 木村,518,14,
202506030809,2025-04-20,中山,9,野島崎特別,芝,2000,右,曇,良,"3回 中山 8日目 サラ系４歳以上 ２勝クラス       牝[指] 定量 12頭 本賞金:1550,620,390,230,155万円",12,1550.0,10,6,7,ガールズレジェンド,牝,5,56.0,佐々木,119.3,1/2,8,55.6,35.2,5-5-2-3,美浦 上原佑,472,6,
202506030809,2025-04-20,中山,9,野島崎特別,芝,2000,右,曇,良,"3回 中山 8日目 サラ系４歳以上 ２勝クラス       牝[指] 定量 12頭 本賞金:1550,620,390,230,155万円",12,1550.0,11,5,6,エメリヨン,牝,5,56.0,西村淳,119.8,3,9,89.9,35.4,9-9-4-5,美浦 加藤士,468,8,
202506030809,2025-04-20,中山,9,野島崎特別,芝,2000,右,曇,良,"3回 中山 8日目 サラ系４歳以上 ２勝クラス       牝[指] 定量 12頭 本賞金:1550,620,390,230,155万円",12,1550.0,12,4,4,バガリーロータス,牝,4,56.0,丹内,120.1,1.3/4,11,165.6,34.9,12-12-12-12,栗東 石坂,448,-8,
202506030810,2025-04-20,中山,10,京葉S,ダ,1200,右,曇,良,"3回 中山 8日目 サラ系４歳以上 オープン       (国際)(特指) 別定 16頭 本賞金:2400,960,600,360,240万円",16,2400.0,1,8,15,インビンシブルパパ,牡,4,56.0,モレイ,71.1,,1,2.4,36.4,1-1,美浦 伊藤大,520,-10,
202506030810,2025-04-20,中山,10,京葉S,ダ,1200,右,曇,良,"3回 中山 8日目 サラ系４歳以上 オープン       (国際)(特指) 別定 16頭 本賞金:2400,960,600,360,240万円",16,2400.0,2,5,10,マニバドラ,牡,5,58.0,松山,71.3,1.1/2,3,6.4,36.0,4-4,栗東 森秀,522,-2,
202506030810,2025-04-20,中山,10,京葉S,ダ,1200,右,曇,良,"3回 中山 8日目 サラ系４歳以上 オープン       (国際)(特指) 別定 16頭 本賞金:2400,960,600,360,240万円",16,2400.0,3,2,3,ペプチドヤマト,牡,6,57.0,北村宏,71.5,1,12,58.3,35.6,7-7,栗東 武英,500,4,
202506030810,2025-04-20,中山,10,京葉S,ダ,1200,右,曇,良,"3回 中山 8日目 サラ系４歳以上 オープン       (国際)(特指) 別定 16頭 本賞金:2400,960,600,360,240万円",16,2400.0,4,3,6,スターターン,牡,4,57.0,戸崎圭,71.5,アタマ,2,3.6,35.9,5-5,栗東 坂口,492,-14,
202506030810,2025-04-20,中山,10,京葉S,ダ,1200,右,曇,良,"3回 中山 8日目 サラ系４歳以上 オープン       (国際)(特指) 別定 16頭 本賞金:2400,960,600,360,240万円",16,2400.0,5,6,12,ジュンウィンダム,牝,5,55.0,北村友,71.5,アタマ,7,31.5,35.9,5-5,栗東 浜田,500,-6,
202506030810,2025-04-20,中山,10,京葉S,ダ,1200,右,曇,良,"3回 中山 8日目 サラ系４歳以上 オープン       (国際)(特指) 別定 16頭 本賞金:2400,960,600,360,240万円",16,2400.0,6,8,16,イスラアネーロ,牡,6,58.0,川又,71.5,クビ,9,37.2,35.6,7-7,栗東 吉村,452,-6,
202506030810,2025-04-20,中山,10,京葉S,ダ,1200,右,曇,良,"3回 中山 8日目 サラ系４歳以上 オープン       (国際)(特指) 別定 16頭 本賞金:2400,960,600,360,240万円",16,2400.0,7,7,14,ナムラフランク,牡,6,58.0,岩田望,71.6,クビ,10,45.6,36.4,3-3,栗東 鈴木孝,498,-1,
202506030810,2025-04-20,中山,10,京葉S,ダ,1200,右,曇,良,"3回 中山 8日目 サラ系４歳以上 オープン       (国際)(特指) 別定 16頭 本賞金:2400,960,600,360,240万円",16,2400.0,8,3,5,エティエンヌ,セ,6,57.0,津村,71.6,クビ,6,17.5,35.5,11-9,栗東 吉田,514,-8,
202506030810,2025-04-20,中山,10,京葉S,ダ,1200,右,曇,良,"3回 中山 8日目 サラ系４歳以上 オープン       (国際)(特指) 別定 16頭 本賞金:2400,960,600,360,240万円",16,2400.0,9,7,13,ハチメンロッピ,牡,5,57.0,石橋脩,71.8,3/4,13,87.0,35.9,7-9,美浦 矢野,520,2,
202506030810,2025-04-20,中山,10,京葉S,ダ,1200,右,曇,良,"3回 中山 8日目 サラ系４歳以上 オープン       (国際)(特指) 別定 16頭 本賞金:2400,960,600,360,240万円",16,2400.0,10,2,4,シアージスト,牡,6,58.0,佐々木,71.9,1,5,15.0,37.0,2-2,美浦 堀,564,0,
202506030810,2025-04-20,中山,10,京葉S,ダ,1200,右,曇,良,"3回 中山 8日目 サラ系４歳以上 オープン       (国際)(特指) 別定 16頭 本賞金:2400,960,600,360,240万円",16,2400.0,11,6,11,ロードフロンティア,牡,4,57.0,坂井,72.5,3.1/2,4,9.0,36.2,13-13,栗東 松下,468,2,
202506030810,2025-04-20,中山,10,京葉S,ダ,1200,右,曇,良,"3回 中山 8日目 サラ系４歳以上 オープン       (国際)(特指) 別定 16頭 本賞金:2400,960,600,360,240万円",16,2400.0,12,4,7,スズカコテキタイ,牡,6,59.0,内田博,72.6,クビ,16,169.0,35.9,15-15,美浦 奥村武,498,0,
202506030810,2025-04-20,中山,10,京葉S,ダ,1200,右,曇,良,"3回 中山 8日目 サラ系４歳以上 オープン       (国際)(特指) 別定 16頭 本賞金:2400,960,600,360,240万円",16,2400.0,13,1,2,メタマックス,牡,5,58.0,菅原明,73.0,2.1/2,8,36.9,36.9,11-11,栗東 森秀,534,-2,
202506030810,2025-04-20,中山,10,京葉S,ダ,1200,右,曇,良,"3回 中山 8日目 サラ系４歳以上 オープン       (国際)(特指) 別定 16頭 本賞金:2400,960,600,360,240万円",16,2400.0,14,4,8,テイエムトッキュウ,牡,7,60.0,大野,73.2,3/4,11,53.9,37.3,7-11,栗東 秋山,502,8,
202506030810,2025-04-20,中山,10,京葉S,ダ,1200,右,曇,良,"3回 中山 8日目 サラ系４歳以上 オープン       (国際)(特指) 別定 16頭 本賞金:2400,960,600,360,240万円",16,2400.0,15,1,1,ハコダテブショウ,牡,7,58.0,木幡巧,74.0,5,15,127.1,37.7,13-14,美浦 相沢,504,0,
202506030810,2025-04-20,中山,10,京葉S,ダ,1200,右,曇,良,"3回 中山 8日目 サラ系４歳以上 オープン       (国際)(特指) 別定 16頭 本賞金:2400,960,600,360,240万円",16,2400.0,16,5,9,オタルエバー,牡,6,58.0,丹内,74.5,2.1/2,14,110.1,37.4,16-16,栗東 中竹,492,-2,
202506030811,2025-04-20,中山,11,皐月賞,芝,2000,右,曇,良,"3回 中山 8日目 サラ系３歳 オープン       (国際) 牡・牝(指) 馬齢 18頭 本賞金:20000,8000,5000,3000,2000万円",18,20000.0,1,6,11,ミュージアムマイル,牡,3,57.0,モレイ,117.0,,3,10.6,34.1,8-8-8-10,栗東 高柳大,500,-2,
202506030811,2025-04-20,中山,11,皐月賞,芝,2000,右,曇,良,"3回 中山 8日目 サラ系３歳 オープン       (国際) 牡・牝(指) 馬齢 18頭 本賞金:20000,8000,5000,3000,2000万円",18,20000.0,2,5,10,クロワデュノール,牡,3,57.0,北村友,117.3,1.1/2,1,1.5,34.7,4-4-6-2,栗東 斉藤崇,500,4,
202506030811,2025-04-20,中山,11,皐月賞,芝,2000,右,曇,良,"3回 中山 8日目 サラ系３歳 オープン       (国際) 牡・牝(指) 馬齢 18頭 本賞金:20000,8000,5000,3000,2000万円",18,20000.0,3,3,6,マスカレードボール,牡,3,57.0,横山武,117.3,クビ,4,13.7,33.9,11-10-14-13,美浦 手塚久,460,-4,
202506030811,2025-04-20,中山,11,皐月賞,芝,2000,右,曇,良,"3回 中山 8日目 サラ系３歳 オープン       (国際) 牡・牝(指) 馬齢 18頭 本賞金:20000,8000,5000,3000,2000万円",18,20000.0,4,3,5,ジョバンニ,牡,3,57.0,松山,117.4,1/2,7,23.4,34.3,6-6-11-10,栗東 杉山晴,482,2,
202506030811,2025-04-20,中山,11,皐月賞,芝,2000,右,曇,良,"3回 中山 8日目 サラ系３歳 オープン       (国際) 牡・牝(指) 馬齢 18頭 本賞金:20000,8000,5000,3000,2000万円",18,20000.0,5,8,16,サトノシャイニング,牡,3,57.0,西村淳,117.4,アタマ,2,8.6,34.5,9-10-8-7,栗東 杉山晴,496,4,
202506030811,2025-04-20,中山,11,皐月賞,芝,2000,右,曇,良,"3回 中山 8日目 サラ系３歳 オープン       (国際) 牡・牝(指) 馬齢 18頭 本賞金:20000,8000,5000,3000,2000万円",18,20000.0,6,8,18,マジックサンズ,牡,3,57.0,佐々木,117.6,1,16,201.5,33.8,16-17-17-13,栗東 須貝,516,6,
202506030811,2025-04-20,中山,11,皐月賞,芝,2000,右,曇,良,"3回 中山 8日目 サラ系３歳 オープン       (国際) 牡・牝(指) 馬齢 18頭 本賞金:20000,8000,5000,3000,2000万円",18,20000.0,7,2,3,キングスコール,牡,3,57.0,藤岡佑,117.7,1,9,40.1,33.9,14-14-17-17,栗東 矢作,494,-2,
202506030811,2025-04-20,中山,11,皐月賞,芝,2000,右,曇,良,"3回 中山 8日目 サラ系３歳 オープン       (国際) 牡・牝(指) 馬齢 18頭 本賞金:20000,8000,5000,3000,2000万円",18,20000.0,8,7,13,アロヒアリイ,牡,3,57.0,横山和,117.9,1,11,56.5,35.5,17-18-3-2,美浦 田中博,492,-2,
202506030811,2025-04-20,中山,11,皐月賞,芝,2000,右,曇,良,"3回 中山 8日目 サラ系３歳 オープン       (国際) 牡・牝(指) 馬齢 18頭 本賞金:20000,8000,5000,3000,2000万円",18,20000.0,9,7,15,ヴィンセンシオ,牡,3,57.0,ルメー,117.9,クビ,6,19.8,34.7,14-14-13-13,美浦 森一,506,-10,
202506030811,2025-04-20,中山,11,皐月賞,芝,2000,右,曇,良,"3回 中山 8日目 サラ系３歳 オープン       (国際) 牡・牝(指) 馬齢 18頭 本賞金:20000,8000,5000,3000,2000万円",18,20000.0,10,7,14,カラマティアノス,牡,3,57.0,戸崎圭,118.0,クビ,12,60.8,34.6,12-12-14-13,美浦 奥村武,464,-2,
202506030811,2025-04-20,中山,11,皐月賞,芝,2000,右,曇,良,"3回 中山 8日目 サラ系３歳 オープン       (国際) 牡・牝(指) 馬齢 18頭 本賞金:20000,8000,5000,3000,2000万円",18,20000.0,11,1,2,エリキング,牡,3,57.0,川田,118.0,ハナ,5,18.7,34.9,9-8-11-10,栗東 中内田,500,2,
202506030811,2025-04-20,中山,11,皐月賞,芝,2000,右,曇,良,"3回 中山 8日目 サラ系３歳 オープン       (国際) 牡・牝(指) 馬齢 18頭 本賞金:20000,8000,5000,3000,2000万円",18,20000.0,12,2,4,ジュタ,牡,3,57.0,坂井,118.0,クビ,15,110.1,35.5,2-2-4-2,栗東 矢作,500,2,
202506030811,2025-04-20,中山,11,皐月賞,芝,2000,右,曇,良,"3回 中山 8日目 サラ系３歳 オープン       (国際) 牡・牝(指) 馬齢 18頭 本賞金:20000,8000,5000,3000,2000万円",18,20000.0,13,1,1,ニシノエージェント,牡,3,57.0,津村,118.1,1/2,14,91.1,35.3,4-4-8-7,美浦 千葉,470,-2,
202506030811,2025-04-20,中山,11,皐月賞,芝,2000,右,曇,良,"3回 中山 8日目 サラ系３歳 オープン       (国際) 牡・牝(指) 馬齢 18頭 本賞金:20000,8000,5000,3000,2000万円",18,20000.0,14,4,8,ジーティーアダマン,牡,3,57.0,岩田望,118.2,クビ,10,41.3,35.7,3-3-4-6,栗東 上村,496,4,
202506030811,2025-04-20,中山,11,皐月賞,芝,2000,右,曇,良,"3回 中山 8日目 サラ系３歳 オープン       (国際) 牡・牝(指) 馬齢 18頭 本賞金:20000,8000,5000,3000,2000万円",18,20000.0,15,8,17,ファウストラーゼン,牡,3,57.0,杉原,118.2,クビ,8,39.8,36.0,18-14-1-1,栗東 西村,456,0,
202506030811,2025-04-20,中山,11,皐月賞,芝,2000,右,曇,良,"3回 中山 8日目 サラ系３歳 オープン       (国際) 牡・牝(指) 馬齢 18頭 本賞金:20000,8000,5000,3000,2000万円",18,20000.0,16,4,7,フクノブルーレイク,牡,3,57.0,松岡,118.6,2,18,261.1,35.1,12-12-14-17,美浦 竹内,456,4,
202506030811,2025-04-20,中山,11,皐月賞,芝,2000,右,曇,良,"3回 中山 8日目 サラ系３歳 オープン       (国際) 牡・牝(指) 馬齢 18頭 本賞金:20000,8000,5000,3000,2000万円",18,20000.0,17,6,12,ドラゴンブースト,牡,3,57.0,丹内,118.6,1/2,17,244.6,36.0,6-6-6-7,栗東 藤野,476,6,
202506030811,2025-04-20,中山,11,皐月賞,芝,2000,右,曇,良,"3回 中山 8日目 サラ系３歳 オープン       (国際) 牡・牝(指) 馬齢 18頭 本賞金:20000,8000,5000,3000,2000万円",18,20000.0,18,5,9,ピコチャンブラック,牡,3,57.0,石橋脩,118.9,1.1/2,13,74.7,36.7,1-1-2-2,美浦 上原佑,484,-4,
202506030812,2025-04-20,中山,12,サンシャインS,芝,2200,右,曇,良,"3回 中山 8日目 サラ系４歳以上 ３勝クラス       (混)[指] ハンデ 13頭 本賞金:1840,740,460,280,184万円",13,1840.0,1,4,4,コスモフリーゲン,牡,5,57.0,柴田大,130.4,,2,3.0,34.4,2-2-2-2,美浦 畠山,502,-2,
202506030812,2025-04-20,中山,12,サンシャインS,芝,2200,右,曇,良,"3回 中山 8日目 サラ系４歳以上 ３勝クラス       (混)[指] ハンデ 13頭 本賞金:1840,740,460,280,184万円",13,1840.0,2,7,11,イヤサカ,牝,7,52.0,江田照,130.7,2,11,111.5,34.8,1-1-1-1,美浦 天間,492,-2,
202506030812,2025-04-20,中山,12,サンシャインS,芝,2200,右,曇,良,"3回 中山 8日目 サラ系４歳以上 ３勝クラス       (混)[指] ハンデ 13頭 本賞金:1840,740,460,280,184万円",13,1840.0,3,3,3,シャイニングソード,牡,4,56.0,川田,130.8,クビ,1,2.8,34.1,10-8-9-7,栗東 中内田,514,10,
202506030812,2025-04-20,中山,12,サンシャインS,芝,2200,右,曇,良,"3回 中山 8日目 サラ系４歳以上 ３勝クラス       (混)[指] ハンデ 13頭 本賞金:1840,740,460,280,184万円",13,1840.0,4,6,9,レッドヴェロシティ,牡,7,56.0,杉原,130.8,クビ,10,92.1,34.6,8-8-3-3,美浦 木村,540,-10,
202506030812,2025-04-20,中山,12,サンシャインS,芝,2200,右,曇,良,"3回 中山 8日目 サラ系４歳以上 ３勝クラス       (混)[指] ハンデ 13頭 本賞金:1840,740,460,280,184万円",13,1840.0,5,6,8,ナイトインロンドン,牡,5,56.0,モレイ,131.0,1.1/4,3,3.7,34.1,11-11-11-11,美浦 大竹,492,2,
202506030812,2025-04-20,中山,12,サンシャインS,芝,2200,右,曇,良,"3回 中山 8日目 サラ系４歳以上 ３勝クラス       (混)[指] ハンデ 13頭 本賞金:1840,740,460,280,184万円",13,1840.0,6,8,13,キントリヒ,牡,6,55.0,松山,131.1,クビ,9,86.8,34.6,4-4-5-5,美浦 矢野,478,0,
202506030812,2025-04-20,中山,12,サンシャインS,芝,2200,右,曇,良,"3回 中山 8日目 サラ系４歳以上 ３勝クラス       (混)[指] ハンデ 13頭 本賞金:1840,740,460,280,184万円",13,1840.0,7,4,5,ウインリブルマン,牡,7,55.0,松岡,131.1,クビ,13,240.8,34.8,3-3-3-3,栗東 緒方,508,0,
202506030812,2025-04-20,中山,12,サンシャインS,芝,2200,右,曇,良,"3回 中山 8日目 サラ系４歳以上 ３勝クラス       (混)[指] ハンデ 13頭 本賞金:1840,740,460,280,184万円",13,1840.0,8,1,1,ジオフロント,牡,7,56.0,北村宏,131.2,アタマ,7,36.4,34.6,4-5-7-9,栗東 清水久,476,6,
202506030812,2025-04-20,中山,12,サンシャインS,芝,2200,右,曇,良,"3回 中山 8日目 サラ系４歳以上 ３勝クラス       (混)[指] ハンデ 13頭 本賞金:1840,740,460,280,184万円",13,1840.0,9,8,12,ハギノアルデバラン,牡,5,55.0,佐々木,131.2,ハナ,8,48.1,34.6,9-8-7-7,栗東 佐藤悠,508,-22,
202506030812,2025-04-20,中山,12,サンシャインS,芝,2200,右,曇,良,"3回 中山 8日目 サラ系４歳以上 ３勝クラス       (混)[指] ハンデ 13頭 本賞金:1840,740,460,280,184万円",13,1840.0,10,5,7,メイテソーロ,牡,5,54.0,木幡巧,131.2,クビ,12,216.1,34.5,7-7-9-9,美浦 武市,496,-6,
202506030812,2025-04-20,中山,12,サンシャインS,芝,2200,右,曇,良,"3回 中山 8日目 サラ系４歳以上 ３勝クラス       (混)[指] ハンデ 13頭 本賞金:1840,740,460,280,184万円",13,1840.0,11,5,6,アドマイヤサジー,牝,5,54.0,丹内,131.3,3/4,4,9.2,34.4,12-12-11-11,美浦 宮田,444,-4,
202506030812,2025-04-20,中山,12,サンシャインS,芝,2200,右,曇,良,"3回 中山 8日目 サラ系４歳以上 ３勝クラス       (混)[指] ハンデ 13頭 本賞金:1840,740,460,280,184万円",13,1840.0,12,2,2,ルクスビッグスター,牡,5,56.0,石橋脩,131.8,2.1/2,6,27.9,34.7,13-13-13-13,栗東 清水久,482,-2,
202506030812,2025-04-20,中山,12,サンシャインS,芝,2200,右,曇,良,"3回 中山 8日目 サラ系４歳以上 ３勝クラス       (混)[指] ハンデ 13頭 本賞金:1840,740,460,280,184万円",13,1840.0,13,7,10,サトノクローク,牡,5,56.0,戸崎圭,131.8,クビ,5,12.5,35.3,6-6-5-6,栗東 橋口,480,-2,
202509020801,2025-04-20,阪神,1,3歳未勝利,ダ,1400,右,曇,良,"2回 阪神 8日目 サラ系３歳 未勝利       [指] 馬齢 16頭 本賞金:560,220,140,84,56万円",16,560.0,1,4,7,ニューオーリンズ,牡,3,54.0,▲和田陽,85.8,,3,4.9,38.8,2-2,栗東 杉山晴,524,-4,
202509020801,2025-04-20,阪神,1,3歳未勝利,ダ,1400,右,曇,良,"2回 阪神 8日目 サラ系３歳 未勝利       [指] 馬齢 16頭 本賞金:560,220,140,84,56万円",16,560.0,2,4,8,ワイドデコラシオン,牡,3,57.0,田口,86.3,3,1,3.5,39.1,4-4,栗東 辻野,504,-10,
202509020801,2025-04-20,阪神,1,3歳未勝利,ダ,1400,右,曇,良,"2回 阪神 8日目 サラ系３歳 未勝利       [指] 馬齢 16頭 本賞金:560,220,140,84,56万円",16,560.0,3,3,5,トリプレーテ,牡,3,57.0,横山典,86.7,2.1/2,6,11.6,38.4,11-10,栗東 武英,486,6,
202509020801,2025-04-20,阪神,1,3歳未勝利,ダ,1400,右,曇,良,"2回 阪神 8日目 サラ系３歳 未勝利       [指] 馬齢 16頭 本賞金:560,220,140,84,56万円",16,560.0,4,6,11,タガノテツ,牡,3,57.0,田中健,86.9,1.1/4,8,17.1,39.1,9-9,栗東 荒川,458,0,
202509020801,2025-04-20,阪神,1,3歳未勝利,ダ,1400,右,曇,良,"2回 阪神 8日目 サラ系３歳 未勝利       [指] 馬齢 16頭 本賞金:560,220,140,84,56万円",16,560.0,5,2,3,タイセイアビリティ,牡,3,57.0,鮫島駿,87.1,1.1/4,10,40.2,39.6,6-6,栗東 小林,484,12,
202509020801,2025-04-20,阪神,1,3歳未勝利,ダ,1400,右,曇,良,"2回 阪神 8日目 サラ系３歳 未勝利       [指] 馬齢 16頭 本賞金:560,220,140,84,56万円",16,560.0,6,2,4,ワンウェイトゥヘル,牡,3,57.0,長岡,87.6,3,5,9.0,40.8,1-1,栗東 中村,456,-2,
202509020801,2025-04-20,阪神,1,3歳未勝利,ダ,1400,右,曇,良,"2回 阪神 8日目 サラ系３歳 未勝利       [指] 馬齢 16頭 本賞金:560,220,140,84,56万円",16,560.0,7,8,15,アンノドミニ,牡,3,54.0,▲田山,88.2,3.1/2,4,8.8,40.7,6-6,栗東 佐々木,444,0,
202509020801,2025-04-20,阪神,1,3歳未勝利,ダ,1400,右,曇,良,"2回 阪神 8日目 サラ系３歳 未勝利       [指] 馬齢 16頭 本賞金:560,220,140,84,56万円",16,560.0,8,7,14,ヒルノカーディフ,牝,3,55.0,太宰,88.2,クビ,11,74.0,39.1,12-13,栗東 昆,430,12,
202509020801,2025-04-20,阪神,1,3歳未勝利,ダ,1400,右,曇,良,"2回 阪神 8日目 サラ系３歳 未勝利       [指] 馬齢 16頭 本賞金:560,220,140,84,56万円",16,560.0,9,8,16,タイセイビートル,牡,3,57.0,藤懸,88.4,1,14,177.6,39.2,13-12,栗東 平田,476,0,
202509020801,2025-04-20,阪神,1,3歳未勝利,ダ,1400,右,曇,良,"2回 阪神 8日目 サラ系３歳 未勝利       [指] 馬齢 16頭 本賞金:560,220,140,84,56万円",16,560.0,10,5,10,オルペラー,牡,3,57.0,酒井,88.6,1.1/2,9,29.0,38.9,15-14,栗東 吉岡,500,0,
202509020801,2025-04-20,阪神,1,3歳未勝利,ダ,1400,右,曇,良,"2回 阪神 8日目 サラ系３歳 未勝利       [指] 馬齢 16頭 本賞金:560,220,140,84,56万円",16,560.0,11,6,12,ステラノヴァ,牡,3,56.0,☆高杉,89.0,2.1/2,12,87.6,41.7,4-4,栗東 千田,472,0,
202509020801,2025-04-20,阪神,1,3歳未勝利,ダ,1400,右,曇,良,"2回 阪神 8日目 サラ系３歳 未勝利       [指] 馬齢 16頭 本賞金:560,220,140,84,56万円",16,560.0,12,1,1,ナムラモモ,牝,3,55.0,菱田,90.0,6,7,13.9,42.5,6-6,栗東 羽月,428,10,
202509020801,2025-04-20,阪神,1,3歳未勝利,ダ,1400,右,曇,良,"2回 阪神 8日目 サラ系３歳 未勝利       [指] 馬齢 16頭 本賞金:560,220,140,84,56万円",16,560.0,13,5,9,ヒマラヤベロス,牡,3,57.0,川須,90.9,5,16,273.9,41.0,15-16,栗東 河嶋,482,16,
202509020801,2025-04-20,阪神,1,3歳未勝利,ダ,1400,右,曇,良,"2回 阪神 8日目 サラ系３歳 未勝利       [指] 馬齢 16頭 本賞金:560,220,140,84,56万円",16,560.0,14,3,6,ヴィータレヴィス,牡,3,57.0,団野,91.1,1.1/4,2,4.5,44.2,2-2,栗東 池添,484,-4,
202509020801,2025-04-20,阪神,1,3歳未勝利,ダ,1400,右,曇,良,"2回 阪神 8日目 サラ系３歳 未勝利       [指] 馬齢 16頭 本賞金:560,220,140,84,56万円",16,560.0,15,1,2,アルサクレイグ,牝,3,52.0,▲橋木,91.3,1.1/4,13,131.6,43.2,9-11,栗東 高橋康,400,-8,
202509020801,2025-04-20,阪神,1,3歳未勝利,ダ,1400,右,曇,良,"2回 阪神 8日目 サラ系３歳 未勝利       [指] 馬齢 16頭 本賞金:560,220,140,84,56万円",16,560.0,16,7,13,モアハピネス,牡,3,57.0,水口,91.5,1.1/4,15,201.4,42.0,13-15,栗東 岡田,498,0,
202509020802,2025-04-20,阪神,2,3歳未勝利,芝,2000,右,曇,良,"2回 阪神 8日目 サラ系３歳 未勝利       牝[指] 馬齢 16頭 本賞金:560,220,140,84,56万円",16,560.0,1,7,14,エレガンシア,牝,3,55.0,鮫島駿,121.3,,5,20.2,35.6,4-7-4-4,栗東 高柳大,442,0,
202509020802,2025-04-20,阪神,2,3歳未勝利,芝,2000,右,曇,良,"2回 阪神 8日目 サラ系３歳 未勝利       牝[指] 馬齢 16頭 本賞金:560,220,140,84,56万円",16,560.0,2,3,6,ナムラローラ,牝,3,55.0,川須,121.5,1.1/4,10,85.3,36.2,1-1-1-1,栗東 河嶋,460,-20,
202509020802,2025-04-20,阪神,2,3歳未勝利,芝,2000,右,曇,良,"2回 阪神 8日目 サラ系３歳 未勝利       牝[指] 馬齢 16頭 本賞金:560,220,140,84,56万円",16,560.0,3,6,11,アイスモント,牝,3,55.0,池添,121.7,3/4,3,4.0,35.8,8-8-7-6,栗東 宮本,436,-8,
202509020802,2025-04-20,阪神,2,3歳未勝利,芝,2000,右,曇,良,"2回 阪神 8日目 サラ系３歳 未勝利       牝[指] 馬齢 16頭 本賞金:560,220,140,84,56万円",16,560.0,4,7,13,カウンティフェア,牝,3,54.0,☆高杉,121.8,1,4,7.1,36.3,2-2-2-2,栗東 高野,460,4,
202509020802,2025-04-20,阪神,2,3歳未勝利,芝,2000,右,曇,良,"2回 阪神 8日目 サラ系３歳 未勝利       牝[指] 馬齢 16頭 本賞金:560,220,140,84,56万円",16,560.0,5,5,10,ハローエンジェル,牝,3,54.0,☆西塚,121.8,アタマ,9,59.1,35.6,10-10-10-9,栗東 田中克,472,0,
202509020802,2025-04-20,阪神,2,3歳未勝利,芝,2000,右,曇,良,"2回 阪神 8日目 サラ系３歳 未勝利       牝[指] 馬齢 16頭 本賞金:560,220,140,84,56万円",16,560.0,6,8,15,アメージングハナビ,牝,3,55.0,横山典,121.9,1/2,2,4.0,36.4,3-3-2-2,栗東 昆,474,4,
202509020802,2025-04-20,阪神,2,3歳未勝利,芝,2000,右,曇,良,"2回 阪神 8日目 サラ系３歳 未勝利       牝[指] 馬齢 16頭 本賞金:560,220,140,84,56万円",16,560.0,7,2,4,イズジョーレイナス,牝,3,55.0,岩田康,122.0,クビ,8,56.7,35.8,10-10-10-9,栗東 北出,384,-2,
202509020802,2025-04-20,阪神,2,3歳未勝利,芝,2000,右,曇,良,"2回 阪神 8日目 サラ系３歳 未勝利       牝[指] 馬齢 16頭 本賞金:560,220,140,84,56万円",16,560.0,8,2,3,ペンダンティフ,牝,3,52.0,▲和田陽,122.1,1,6,36.3,35.3,15-15-14-12,栗東 茶木,438,8,
202509020802,2025-04-20,阪神,2,3歳未勝利,芝,2000,右,曇,良,"2回 阪神 8日目 サラ系３歳 未勝利       牝[指] 馬齢 16頭 本賞金:560,220,140,84,56万円",16,560.0,9,4,8,ノボリユーミン,牝,3,52.0,▲森田,122.4,1.1/2,7,53.9,35.6,12-12-12-15,栗東 石橋,474,-8,
202509020802,2025-04-20,阪神,2,3歳未勝利,芝,2000,右,曇,良,"2回 阪神 8日目 サラ系３歳 未勝利       牝[指] 馬齢 16頭 本賞金:560,220,140,84,56万円",16,560.0,10,6,12,クイーンパレス,牝,3,53.0,△長浜,122.4,クビ,14,202.0,36.3,8-8-9-9,栗東 高橋亮,384,4,
202509020802,2025-04-20,阪神,2,3歳未勝利,芝,2000,右,曇,良,"2回 阪神 8日目 サラ系３歳 未勝利       牝[指] 馬齢 16頭 本賞金:560,220,140,84,56万円",16,560.0,11,5,9,コスモメモラブル,牝,3,52.0,▲柴田裕,122.5,クビ,12,97.9,35.9,12-13-12-12,栗東 梅田,396,0,
202509020802,2025-04-20,阪神,2,3歳未勝利,芝,2000,右,曇,良,"2回 阪神 8日目 サラ系３歳 未勝利       牝[指] 馬齢 16頭 本賞金:560,220,140,84,56万円",16,560.0,12,4,7,ヴァンガルダ,牝,3,55.0,団野,122.5,クビ,1,2.2,36.8,4-4-4-4,栗東 奥村豊,432,6,
202509020802,2025-04-20,阪神,2,3歳未勝利,芝,2000,右,曇,良,"2回 阪神 8日目 サラ系３歳 未勝利       牝[指] 馬齢 16頭 本賞金:560,220,140,84,56万円",16,560.0,13,1,1,ゴートゥーミジョカ,牝,3,55.0,水口,122.9,2.1/2,15,292.3,35.9,14-14-14-16,栗東 宮本,428,-10,
202509020802,2025-04-20,阪神,2,3歳未勝利,芝,2000,右,曇,良,"2回 阪神 8日目 サラ系３歳 未勝利       牝[指] 馬齢 16頭 本賞金:560,220,140,84,56万円",16,560.0,14,1,2,リュウレイ,牝,3,55.0,幸,123.0,3/4,11,92.9,36.2,16-16-16-12,栗東 岡田,446,0,
202509020802,2025-04-20,阪神,2,3歳未勝利,芝,2000,右,曇,良,"2回 阪神 8日目 サラ系３歳 未勝利       牝[指] 馬齢 16頭 本賞金:560,220,140,84,56万円",16,560.0,15,8,16,ホープフルソング,牝,3,52.0,▲田山,124.4,9,16,456.3,38.4,4-6-7-8,栗東 佐々木,442,-6,
202509020802,2025-04-20,阪神,2,3歳未勝利,芝,2000,右,曇,良,"2回 阪神 8日目 サラ系３歳 未勝利       牝[指] 馬齢 16頭 本賞金:560,220,140,84,56万円",16,560.0,16,3,5,エールヴェガ,牝,3,55.0,松若,127.3,大,13,183.1,41.6,4-4-4-6,栗東 畑端,428,-2,
202509020803,2025-04-20,阪神,3,3歳未勝利,ダ,1800,右,曇,良,"2回 阪神 8日目 サラ系３歳 未勝利       [指] 馬齢 16頭 本賞金:560,220,140,84,56万円",16,560.0,1,2,4,スパイラルビジョン,牡,3,57.0,団野,116.1,,7,22.9,38.3,8-4-4-4,栗東 佐々木,488,-2,
202509020803,2025-04-20,阪神,3,3歳未勝利,ダ,1800,右,曇,良,"2回 阪神 8日目 サラ系３歳 未勝利       [指] 馬齢 16頭 本賞金:560,220,140,84,56万円",16,560.0,2,5,10,ケンエージェント,牡,3,56.0,☆高杉,116.1,クビ,10,42.7,38.6,1-1-1-1,栗東 千田,456,2,
202509020803,2025-04-20,阪神,3,3歳未勝利,ダ,1800,右,曇,良,"2回 阪神 8日目 サラ系３歳 未勝利       [指] 馬齢 16頭 本賞金:560,220,140,84,56万円",16,560.0,3,6,12,タガノマルアフ,牡,3,55.0,△長浜,116.2,1/2,3,4.4,38.7,2-2-2-2,栗東 角田,488,0,
202509020803,2025-04-20,阪神,3,3歳未勝利,ダ,1800,右,曇,良,"2回 阪神 8日目 サラ系３歳 未勝利       [指] 馬齢 16頭 本賞金:560,220,140,84,56万円",16,560.0,4,7,13,メイショウタイピン,牡,3,57.0,池添,116.6,2.1/2,4,5.8,38.5,5-7-8-7,栗東 飯田,490,2,
202509020803,2025-04-20,阪神,3,3歳未勝利,ダ,1800,右,曇,良,"2回 阪神 8日目 サラ系３歳 未勝利       [指] 馬齢 16頭 本賞金:560,220,140,84,56万円",16,560.0,5,7,14,ヴノ,牡,3,57.0,幸,116.7,クビ,5,9.1,39.0,3-3-3-3,栗東 野中,460,2,
202509020803,2025-04-20,阪神,3,3歳未勝利,ダ,1800,右,曇,良,"2回 阪神 8日目 サラ系３歳 未勝利       [指] 馬齢 16頭 本賞金:560,220,140,84,56万円",16,560.0,6,4,7,ピストルスター,牡,3,56.0,☆吉村,116.8,3/4,1,3.4,39.0,4-4-4-4,栗東 高橋亮,494,0,
202509020803,2025-04-20,阪神,3,3歳未勝利,ダ,1800,右,曇,良,"2回 阪神 8日目 サラ系３歳 未勝利       [指] 馬齢 16頭 本賞金:560,220,140,84,56万円",16,560.0,7,3,6,ディオスパーダ,牡,3,54.0,▲柴田裕,116.9,1,11,55.1,38.8,9-9-8-9,栗東 小椋,488,-2,
202509020803,2025-04-20,阪神,3,3歳未勝利,ダ,1800,右,曇,良,"2回 阪神 8日目 サラ系３歳 未勝利       [指] 馬齢 16頭 本賞金:560,220,140,84,56万円",16,560.0,8,6,11,ワクシングムーン,牡,3,57.0,太宰,117.1,1.1/4,8,23.4,38.8,12-12-11-9,栗東 畑端,520,0,
202509020803,2025-04-20,阪神,3,3歳未勝利,ダ,1800,右,曇,良,"2回 阪神 8日目 サラ系３歳 未勝利       [指] 馬齢 16頭 本賞金:560,220,140,84,56万円",16,560.0,9,5,9,タイキフィアリーベ,牡,3,57.0,和田竜,117.4,1.3/4,16,394.9,39.5,5-7-6-7,栗東 中尾,470,0,
202509020803,2025-04-20,阪神,3,3歳未勝利,ダ,1800,右,曇,良,"2回 阪神 8日目 サラ系３歳 未勝利       [指] 馬齢 16頭 本賞金:560,220,140,84,56万円",16,560.0,10,8,16,ストラーダレアーレ,牡,3,57.0,鮫島駿,117.8,2,2,4.3,40.0,5-4-6-4,栗東 大久保,490,0,
202509020803,2025-04-20,阪神,3,3歳未勝利,ダ,1800,右,曇,良,"2回 阪神 8日目 サラ系３歳 未勝利       [指] 馬齢 16頭 本賞金:560,220,140,84,56万円",16,560.0,11,1,1,ラッシュグリーン,牡,3,57.0,川須,119.1,8,13,235.7,39.8,16-16-16-15,栗東 池添,524,0,
202509020803,2025-04-20,阪神,3,3歳未勝利,ダ,1800,右,曇,良,"2回 阪神 8日目 サラ系３歳 未勝利       [指] 馬齢 16頭 本賞金:560,220,140,84,56万円",16,560.0,12,4,8,ガンナール,牡,3,57.0,Ｍデム,119.2,1/2,9,34.3,40.4,15-15-14-13,栗東 宮本,478,-6,
202509020803,2025-04-20,阪神,3,3歳未勝利,ダ,1800,右,曇,良,"2回 阪神 8日目 サラ系３歳 未勝利       [指] 馬齢 16頭 本賞金:560,220,140,84,56万円",16,560.0,13,8,15,ジョーテルプジ,牝,3,52.0,▲橋木,119.9,4,14,257.2,41.5,10-10-10-12,栗東 中竹,446,0,
202509020803,2025-04-20,阪神,3,3歳未勝利,ダ,1800,右,曇,良,"2回 阪神 8日目 サラ系３歳 未勝利       [指] 馬齢 16頭 本賞金:560,220,140,84,56万円",16,560.0,14,3,5,メイショウクレピス,牝,3,52.0,▲和田陽,120.3,2.1/2,15,361.8,41.3,14-14-14-15,栗東 本田,506,-3,
202509020803,2025-04-20,阪神,3,3歳未勝利,ダ,1800,右,曇,良,"2回 阪神 8日目 サラ系３歳 未勝利       [指] 馬齢 16頭 本賞金:560,220,140,84,56万円",16,560.0,15,2,3,ジークヴァルツァー,牡,3,57.0,小崎,120.3,クビ,12,118.0,41.5,12-12-13-13,栗東 高橋一,548,0,
202509020803,2025-04-20,阪神,3,3歳未勝利,ダ,1800,右,曇,良,"2回 阪神 8日目 サラ系３歳 未勝利       [指] 馬齢 16頭 本賞金:560,220,140,84,56万円",16,560.0,16,1,2,オセアフランケル,セ,3,57.0,加藤,120.7,2,6,20.5,42.4,11-10-11-11,栗東 杉山晴,506,0,
202509020804,2025-04-20,阪神,4,4歳以上障害未勝利,障,2970,,曇,良,"2回 阪神 8日目 障害４歳以上 未勝利       (混) 定量 14頭 本賞金:840,340,210,130,84万円",14,840.0,1,1,1,テイエムマジック,牡,7,60.0,難波,204.6,,1,3.8,13.8,6-6-3-2,栗東 鈴木孝,516,2,
202509020804,2025-04-20,阪神,4,4歳以上障害未勝利,障,2970,,曇,良,"2回 阪神 8日目 障害４歳以上 未勝利       (混) 定量 14頭 本賞金:840,340,210,130,84万円",14,840.0,2,4,5,タマモエース,牡,6,60.0,小野寺,205.0,2.1/2,2,4.1,13.8,2-2-3-3,栗東 宮地,492,2,
202509020804,2025-04-20,阪神,4,4歳以上障害未勝利,障,2970,,曇,良,"2回 阪神 8日目 障害４歳以上 未勝利       (混) 定量 14頭 本賞金:840,340,210,130,84万円",14,840.0,3,2,2,ネイチャーシップ,牡,7,60.0,高田潤,205.0,クビ,6,9.0,13.8,6-6-5-4,美浦 根本,504,-2,
202509020804,2025-04-20,阪神,4,4歳以上障害未勝利,障,2970,,曇,良,"2回 阪神 8日目 障害４歳以上 未勝利       (混) 定量 14頭 本賞金:840,340,210,130,84万円",14,840.0,4,3,3,アメリカンピース,セ,7,60.0,小坂,205.2,1.1/4,5,7.9,13.8,1-1-1-1,栗東 東田,460,2,
202509020804,2025-04-20,阪神,4,4歳以上障害未勝利,障,2970,,曇,良,"2回 阪神 8日目 障害４歳以上 未勝利       (混) 定量 14頭 本賞金:840,340,210,130,84万円",14,840.0,5,7,12,メネラオス,牡,4,59.0,森一,205.3,1/2,10,45.8,13.8,8-8-7-7,栗東 奥村豊,560,-2,
202509020804,2025-04-20,阪神,4,4歳以上障害未勝利,障,2970,,曇,良,"2回 阪神 8日目 障害４歳以上 未勝利       (混) 定量 14頭 本賞金:840,340,210,130,84万円",14,840.0,6,5,8,アルカンサス,牡,6,60.0,伴,206.4,7,7,16.3,13.9,10-9-7-5,美浦 土田,472,-14,
202509020804,2025-04-20,阪神,4,4歳以上障害未勝利,障,2970,,曇,良,"2回 阪神 8日目 障害４歳以上 未勝利       (混) 定量 14頭 本賞金:840,340,210,130,84万円",14,840.0,7,4,6,ロードプレジール,牡,7,60.0,西谷誠,206.5,1/2,4,6.7,13.9,11-11-10-10,栗東 中内田,498,-2,
202509020804,2025-04-20,阪神,4,4歳以上障害未勝利,障,2970,,曇,良,"2回 阪神 8日目 障害４歳以上 未勝利       (混) 定量 14頭 本賞金:840,340,210,130,84万円",14,840.0,8,6,10,ミラクルジニア,牡,4,59.0,上野,207.0,2.1/2,3,5.5,13.9,4-4-2-5,美浦 粕谷,468,0,
202509020804,2025-04-20,阪神,4,4歳以上障害未勝利,障,2970,,曇,良,"2回 阪神 8日目 障害４歳以上 未勝利       (混) 定量 14頭 本賞金:840,340,210,130,84万円",14,840.0,9,8,14,アルファインディ,牡,5,57.0,▲坂口,207.0,ハナ,12,78.2,13.9,9-9-9-9,美浦 武藤,442,-2,
202509020804,2025-04-20,阪神,4,4歳以上障害未勝利,障,2970,,曇,良,"2回 阪神 8日目 障害４歳以上 未勝利       (混) 定量 14頭 本賞金:840,340,210,130,84万円",14,840.0,10,6,9,グラヴィテ,牝,7,58.0,小牧加,207.5,3.1/2,8,32.1,14.0,3-3-6-8,栗東 藤野,506,6,
202509020804,2025-04-20,阪神,4,4歳以上障害未勝利,障,2970,,曇,良,"2回 阪神 8日目 障害４歳以上 未勝利       (混) 定量 14頭 本賞金:840,340,210,130,84万円",14,840.0,11,3,4,デスティネ,牡,8,57.0,▲土田,209.2,10,11,69.1,14.1,12-12-12-11,美浦 萱野,476,-8,
202509020804,2025-04-20,阪神,4,4歳以上障害未勝利,障,2970,,曇,良,"2回 阪神 8日目 障害４歳以上 未勝利       (混) 定量 14頭 本賞金:840,340,210,130,84万円",14,840.0,12,8,13,ストラクチャー,セ,4,59.0,草野,210.9,10,13,81.5,14.2,13-13-13-12,美浦 和田郎,434,-6,
202509020804,2025-04-20,阪神,4,4歳以上障害未勝利,障,2970,,曇,良,"2回 阪神 8日目 障害４歳以上 未勝利       (混) 定量 14頭 本賞金:840,340,210,130,84万円",14,840.0,13,5,7,マイネルクロンヌ,牡,8,60.0,五十嵐,216.4,大,9,34.6,14.6,4-5-11-13,美浦 青木,510,-2,
202509020804,2025-04-20,阪神,4,4歳以上障害未勝利,障,2970,,曇,良,"2回 阪神 8日目 障害４歳以上 未勝利       (混) 定量 14頭 本賞金:840,340,210,130,84万円",14,840.0,14,7,11,シュウズダイヤ,セ,4,57.0,▲井上,221.1,大,14,157.7,14.9,14-14-14-14,美浦 戸田,470,-14,
202509020805,2025-04-20,阪神,5,3歳未勝利,芝,1800,右,曇,良,"2回 阪神 8日目 サラ系３歳 未勝利       [指] 馬齢 18頭 本賞金:560,220,140,84,56万円",18,560.0,1,2,3,アスクヴォルテージ,牡,3,56.0,☆西塚,106.2,,5,8.8,34.5,5-6,栗東 藤原,504,-4,
202509020805,2025-04-20,阪神,5,3歳未勝利,芝,1800,右,曇,良,"2回 阪神 8日目 サラ系３歳 未勝利       [指] 馬齢 18頭 本賞金:560,220,140,84,56万円",18,560.0,2,8,16,フェイトライン,牡,3,57.0,団野,106.5,2,9,46.5,35.2,3-2,栗東 斉藤崇,518,6,
202509020805,2025-04-20,阪神,5,3歳未勝利,芝,1800,右,曇,良,"2回 阪神 8日目 サラ系３歳 未勝利       [指] 馬齢 18頭 本賞金:560,220,140,84,56万円",18,560.0,3,5,10,タイセイフィオーレ,牡,3,57.0,鮫島駿,106.5,アタマ,1,2.4,35.3,2-2,栗東 高野,462,4,
202509020805,2025-04-20,阪神,5,3歳未勝利,芝,1800,右,曇,良,"2回 阪神 8日目 サラ系３歳 未勝利       [指] 馬齢 18頭 本賞金:560,220,140,84,56万円",18,560.0,4,5,9,ルクスフレンジー,牡,3,57.0,酒井,106.5,クビ,6,9.7,34.0,14-14,栗東 松永幹,476,-4,
202509020805,2025-04-20,阪神,5,3歳未勝利,芝,1800,右,曇,良,"2回 阪神 8日目 サラ系３歳 未勝利       [指] 馬齢 18頭 本賞金:560,220,140,84,56万円",18,560.0,5,7,13,フライバイビーナス,牝,3,55.0,池添,106.8,1.1/2,2,4.7,35.8,1-1,栗東 茶木,436,-8,
202509020805,2025-04-20,阪神,5,3歳未勝利,芝,1800,右,曇,良,"2回 阪神 8日目 サラ系３歳 未勝利       [指] 馬齢 18頭 本賞金:560,220,140,84,56万円",18,560.0,6,3,5,サフランクイン,牝,3,55.0,田口,106.9,1/2,16,309.6,34.9,7-8,栗東 渡辺,432,6,
202509020805,2025-04-20,阪神,5,3歳未勝利,芝,1800,右,曇,良,"2回 阪神 8日目 サラ系３歳 未勝利       [指] 馬齢 18頭 本賞金:560,220,140,84,56万円",18,560.0,7,3,6,エピファランド,牝,3,55.0,浜中,107.1,1.1/4,4,8.6,35.5,5-4,栗東 武幸,486,8,
202509020805,2025-04-20,阪神,5,3歳未勝利,芝,1800,右,曇,良,"2回 阪神 8日目 サラ系３歳 未勝利       [指] 馬齢 18頭 本賞金:560,220,140,84,56万円",18,560.0,8,8,17,ボンドロア,牡,3,57.0,横山典,107.3,1.1/4,8,34.3,35.3,9-8,栗東 松永幹,466,4,
202509020805,2025-04-20,阪神,5,3歳未勝利,芝,1800,右,曇,良,"2回 阪神 8日目 サラ系３歳 未勝利       [指] 馬齢 18頭 本賞金:560,220,140,84,56万円",18,560.0,9,6,11,ダノンジャガー,牡,3,56.0,☆高杉,107.3,アタマ,3,7.3,35.2,11-11,栗東 池江,510,-6,
202509020805,2025-04-20,阪神,5,3歳未勝利,芝,1800,右,曇,良,"2回 阪神 8日目 サラ系３歳 未勝利       [指] 馬齢 18頭 本賞金:560,220,140,84,56万円",18,560.0,10,4,7,ミュトスオード,牝,3,55.0,幸,107.3,クビ,7,26.7,35.5,7-6,栗東 渡辺,470,0,
202509020805,2025-04-20,阪神,5,3歳未勝利,芝,1800,右,曇,良,"2回 阪神 8日目 サラ系３歳 未勝利       [指] 馬齢 18頭 本賞金:560,220,140,84,56万円",18,560.0,11,4,8,アスタイクウス,牡,3,57.0,長岡,107.5,3/4,14,253.2,35.0,14-14,栗東 岡田,482,-8,
202509020805,2025-04-20,阪神,5,3歳未勝利,芝,1800,右,曇,良,"2回 阪神 8日目 サラ系３歳 未勝利       [指] 馬齢 18頭 本賞金:560,220,140,84,56万円",18,560.0,12,8,18,ハイアップグレード,牡,3,55.0,△長浜,107.5,クビ,10,59.1,35.4,11-11,栗東 谷,474,-4,
202509020805,2025-04-20,阪神,5,3歳未勝利,芝,1800,右,曇,良,"2回 阪神 8日目 サラ系３歳 未勝利       [指] 馬齢 18頭 本賞金:560,220,140,84,56万円",18,560.0,13,2,4,アンビアンス,牝,3,54.0,☆吉村,107.6,クビ,11,65.5,35.1,16-14,栗東 清水久,448,16,
202509020805,2025-04-20,阪神,5,3歳未勝利,芝,1800,右,曇,良,"2回 阪神 8日目 サラ系３歳 未勝利       [指] 馬齢 18頭 本賞金:560,220,140,84,56万円",18,560.0,14,7,15,サンライズプロミス,牡,3,57.0,川須,108.0,2.1/2,13,132.0,35.8,11-13,栗東 浜田,410,2,
202509020805,2025-04-20,阪神,5,3歳未勝利,芝,1800,右,曇,良,"2回 阪神 8日目 サラ系３歳 未勝利       [指] 馬齢 18頭 本賞金:560,220,140,84,56万円",18,560.0,15,1,1,ヴェルトツィール,牡,3,57.0,松若,108.6,4,12,79.7,35.6,18-17,栗東 東田,516,0,
202509020805,2025-04-20,阪神,5,3歳未勝利,芝,1800,右,曇,良,"2回 阪神 8日目 サラ系３歳 未勝利       [指] 馬齢 18頭 本賞金:560,220,140,84,56万円",18,560.0,16,7,14,ディープカインズ,牡,3,54.0,▲和田陽,108.7,クビ,18,469.1,35.0,17-18,栗東 本田,434,4,
202509020805,2025-04-20,阪神,5,3歳未勝利,芝,1800,右,曇,良,"2回 阪神 8日目 サラ系３歳 未勝利       [指] 馬齢 18頭 本賞金:560,220,140,84,56万円",18,560.0,17,1,2,ノエル,牡,3,54.0,▲橋木,108.7,クビ,17,374.1,37.2,3-4,栗東 加藤公,420,-6,
202509020805,2025-04-20,阪神,5,3歳未勝利,芝,1800,右,曇,良,"2回 阪神 8日目 サラ系３歳 未勝利       [指] 馬齢 18頭 本賞金:560,220,140,84,56万円",18,560.0,18,6,12,タガノグラウス,牝,3,55.0,和田竜,110.5,大,15,289.7,38.5,9-8,栗東 中尾,446,0,
202509020806,2025-04-20,阪神,6,3歳1勝クラス,ダ,1200,右,曇,良,"2回 阪神 8日目 サラ系３歳 １勝クラス       (混)[指] 馬齢 16頭 本賞金:800,320,200,120,80万円",16,800.0,1,7,14,フェデラー,牡,3,57.0,横山典,72.7,,1,2.2,36.9,12-6,栗東 石橋,504,-4,
202509020806,2025-04-20,阪神,6,3歳1勝クラス,ダ,1200,右,曇,良,"2回 阪神 8日目 サラ系３歳 １勝クラス       (混)[指] 馬齢 16頭 本賞金:800,320,200,120,80万円",16,800.0,2,2,4,ルークススペイ,牡,3,57.0,団野,72.7,クビ,3,9.0,37.5,2-2,美浦 伊藤圭,482,10,
202509020806,2025-04-20,阪神,6,3歳1勝クラス,ダ,1200,右,曇,良,"2回 阪神 8日目 サラ系３歳 １勝クラス       (混)[指] 馬齢 16頭 本賞金:800,320,200,120,80万円",16,800.0,3,8,15,ヤマニンシュラ,牡,3,54.0,▲森田,72.7,ハナ,7,14.1,37.6,1-1,栗東 斉藤崇,468,-10,
202509020806,2025-04-20,阪神,6,3歳1勝クラス,ダ,1200,右,曇,良,"2回 阪神 8日目 サラ系３歳 １勝クラス       (混)[指] 馬齢 16頭 本賞金:800,320,200,120,80万円",16,800.0,4,5,9,スリーピース,牡,3,57.0,シュタ,73.1,2.1/2,4,10.3,37.3,8-8,美浦 武井,466,-12,
202509020806,2025-04-20,阪神,6,3歳1勝クラス,ダ,1200,右,曇,良,"2回 阪神 8日目 サラ系３歳 １勝クラス       (混)[指] 馬齢 16頭 本賞金:800,320,200,120,80万円",16,800.0,5,6,11,パシーヴ,牡,3,57.0,Ｍデム,73.2,3/4,10,47.7,37.2,12-8,美浦 上原博,464,-2,
202509020806,2025-04-20,阪神,6,3歳1勝クラス,ダ,1200,右,曇,良,"2回 阪神 8日目 サラ系３歳 １勝クラス       (混)[指] 馬齢 16頭 本賞金:800,320,200,120,80万円",16,800.0,6,3,6,ゴメンネジロー,牡,3,55.0,△長浜,73.2,アタマ,6,12.1,37.4,6-8,栗東 谷,456,-8,
202509020806,2025-04-20,阪神,6,3歳1勝クラス,ダ,1200,右,曇,良,"2回 阪神 8日目 サラ系３歳 １勝クラス       (混)[指] 馬齢 16頭 本賞金:800,320,200,120,80万円",16,800.0,7,2,3,タイセイディアマン,牡,3,56.0,☆西塚,73.2,ハナ,13,85.6,36.6,15-15,栗東 大橋,456,-4,
202509020806,2025-04-20,阪神,6,3歳1勝クラス,ダ,1200,右,曇,良,"2回 阪神 8日目 サラ系３歳 １勝クラス       (混)[指] 馬齢 16頭 本賞金:800,320,200,120,80万円",16,800.0,8,7,13,ショウナンアトレ,牡,3,54.0,▲和田陽,73.2,アタマ,16,253.9,37.1,8-11,栗東 梅田,460,-4,
202509020806,2025-04-20,阪神,6,3歳1勝クラス,ダ,1200,右,曇,良,"2回 阪神 8日目 サラ系３歳 １勝クラス       (混)[指] 馬齢 16頭 本賞金:800,320,200,120,80万円",16,800.0,9,4,7,テルユアワールド,牝,3,55.0,浜中,73.7,3,8,32.4,37.7,8-11,美浦 斎藤誠,438,-8,
202509020806,2025-04-20,阪神,6,3歳1勝クラス,ダ,1200,右,曇,良,"2回 阪神 8日目 サラ系３歳 １勝クラス       (混)[指] 馬齢 16頭 本賞金:800,320,200,120,80万円",16,800.0,10,6,12,フェニーチェドーロ,牝,3,55.0,幸,74.1,2.1/2,12,72.0,37.5,15-14,栗東 宮本,438,-10,
202509020806,2025-04-20,阪神,6,3歳1勝クラス,ダ,1200,右,曇,良,"2回 阪神 8日目 サラ系３歳 １勝クラス       (混)[指] 馬齢 16頭 本賞金:800,320,200,120,80万円",16,800.0,11,1,1,キアヌ,牡,3,57.0,松若,74.1,クビ,15,237.2,37.7,14-13,栗東 小崎,496,-8,
202509020806,2025-04-20,阪神,6,3歳1勝クラス,ダ,1200,右,曇,良,"2回 阪神 8日目 サラ系３歳 １勝クラス       (混)[指] 馬齢 16頭 本賞金:800,320,200,120,80万円",16,800.0,12,4,8,イマージョン,牡,3,57.0,鮫島駿,74.3,3/4,2,4.7,38.7,6-5,栗東 高野,502,-2,
202509020806,2025-04-20,阪神,6,3歳1勝クラス,ダ,1200,右,曇,良,"2回 阪神 8日目 サラ系３歳 １勝クラス       (混)[指] 馬齢 16頭 本賞金:800,320,200,120,80万円",16,800.0,13,8,16,エコロレオナ,牝,3,55.0,岩田康,74.6,2,9,34.6,39.4,2-3,栗東 森秀,436,8,
202509020806,2025-04-20,阪神,6,3歳1勝クラス,ダ,1200,右,曇,良,"2回 阪神 8日目 サラ系３歳 １勝クラス       (混)[指] 馬齢 16頭 本賞金:800,320,200,120,80万円",16,800.0,14,3,5,ラストシャリナ,牡,3,57.0,酒井,74.6,ハナ,5,11.6,39.3,2-3,美浦 矢嶋,478,-8,
202509020806,2025-04-20,阪神,6,3歳1勝クラス,ダ,1200,右,曇,良,"2回 阪神 8日目 サラ系３歳 １勝クラス       (混)[指] 馬齢 16頭 本賞金:800,320,200,120,80万円",16,800.0,15,1,2,ワイルドゴーア,牡,3,57.0,和田竜,76.6,大,14,140.1,41.1,5-6,美浦 加藤士,458,-2,
202509020806,2025-04-20,阪神,6,3歳1勝クラス,ダ,1200,右,曇,良,"2回 阪神 8日目 サラ系３歳 １勝クラス       (混)[指] 馬齢 16頭 本賞金:800,320,200,120,80万円",16,800.0,16,5,10,レーンアジリティ,牡,3,56.0,☆高杉,130.8,大,11,51.5,134.3,8-16,栗東 中尾,468,2,
202509020807,2025-04-20,阪神,7,3歳1勝クラス,芝,1600,右,曇,良,"2回 阪神 8日目 サラ系３歳 １勝クラス       (混)(特指) 馬齢 11頭 本賞金:800,320,200,120,80万円",11,800.0,1,6,6,マテンロウサン,牡,3,57.0,横山典,94.3,,1,2.7,33.0,4-4,栗東 昆,510,22,
202509020807,2025-04-20,阪神,7,3歳1勝クラス,芝,1600,右,曇,良,"2回 阪神 8日目 サラ系３歳 １勝クラス       (混)(特指) 馬齢 11頭 本賞金:800,320,200,120,80万円",11,800.0,2,6,7,ベイリークロア,牡,3,57.0,Ｍデム,94.4,3/4,2,3.0,33.5,2-1,栗東 大久保,486,4,
202509020807,2025-04-20,阪神,7,3歳1勝クラス,芝,1600,右,曇,良,"2回 阪神 8日目 サラ系３歳 １勝クラス       (混)(特指) 馬齢 11頭 本賞金:800,320,200,120,80万円",11,800.0,3,7,9,マリブオレンジ,牝,3,54.0,☆吉村,94.4,アタマ,7,17.0,33.3,4-3,栗東 福永,446,-2,
202509020807,2025-04-20,阪神,7,3歳1勝クラス,芝,1600,右,曇,良,"2回 阪神 8日目 サラ系３歳 １勝クラス       (混)(特指) 馬齢 11頭 本賞金:800,320,200,120,80万円",11,800.0,4,2,2,セルズパワー,牡,3,57.0,鮫島駿,94.6,1.1/2,3,4.3,33.7,1-2,栗東 牧田,466,2,
202509020807,2025-04-20,阪神,7,3歳1勝クラス,芝,1600,右,曇,良,"2回 阪神 8日目 サラ系３歳 １勝クラス       (混)(特指) 馬齢 11頭 本賞金:800,320,200,120,80万円",11,800.0,5,8,10,フェルシナ,牝,3,55.0,田口,94.7,1/2,5,12.3,33.2,7-7,栗東 西園翔,440,0,
202509020807,2025-04-20,阪神,7,3歳1勝クラス,芝,1600,右,曇,良,"2回 阪神 8日目 サラ系３歳 １勝クラス       (混)(特指) 馬齢 11頭 本賞金:800,320,200,120,80万円",11,800.0,6,3,3,ユメシバイ,牝,3,55.0,酒井,94.8,クビ,8,151.4,33.3,7-7,栗東 松永幹,442,6,
202509020807,2025-04-20,阪神,7,3歳1勝クラス,芝,1600,右,曇,良,"2回 阪神 8日目 サラ系３歳 １勝クラス       (混)(特指) 馬齢 11頭 本賞金:800,320,200,120,80万円",11,800.0,6,8,11,ゴーゴータカシ,牡,3,57.0,シュタ,94.8,クビ,6,13.0,33.5,6-4,美浦 武井,484,-4,
202509020807,2025-04-20,阪神,7,3歳1勝クラス,芝,1600,右,曇,良,"2回 阪神 8日目 サラ系３歳 １勝クラス       (混)(特指) 馬齢 11頭 本賞金:800,320,200,120,80万円",11,800.0,8,1,1,マゴイチタ,セ,3,57.0,高倉,94.9,3/4,10,197.4,33.7,3-4,栗東 武英,454,-6,
202509020807,2025-04-20,阪神,7,3歳1勝クラス,芝,1600,右,曇,良,"2回 阪神 8日目 サラ系３歳 １勝クラス       (混)(特指) 馬齢 11頭 本賞金:800,320,200,120,80万円",11,800.0,9,5,5,ザカリナン,牡,3,55.0,△長浜,95.4,3,4,11.3,33.7,10-10,栗東 小栗,444,6,
202509020807,2025-04-20,阪神,7,3歳1勝クラス,芝,1600,右,曇,良,"2回 阪神 8日目 サラ系３歳 １勝クラス       (混)(特指) 馬齢 11頭 本賞金:800,320,200,120,80万円",11,800.0,10,7,8,パワーアイガー,牡,3,57.0,幸,95.7,1.3/4,9,190.1,34.1,7-7,栗東 大橋,430,-2,
202509020807,2025-04-20,阪神,7,3歳1勝クラス,芝,1600,右,曇,良,"2回 阪神 8日目 サラ系３歳 １勝クラス       (混)(特指) 馬齢 11頭 本賞金:800,320,200,120,80万円",11,800.0,11,4,4,プライムクオリティ,牡,3,54.0,▲森田,97.1,9,11,361.0,35.2,10-11,栗東 前川,472,-2,
202509020808,2025-04-20,阪神,8,4歳以上1勝クラス,ダ,1800,右,曇,良,"2回 阪神 8日目 サラ系４歳以上 １勝クラス       [指] 定量 13頭 本賞金:800,320,200,120,80万円",13,800.0,1,5,7,アラナコア,牡,4,58.0,幸,113.4,,1,2.6,38.4,12-12-9-3,栗東 田中克,490,0,
202509020808,2025-04-20,阪神,8,4歳以上1勝クラス,ダ,1800,右,曇,良,"2回 阪神 8日目 サラ系４歳以上 １勝クラス       [指] 定量 13頭 本賞金:800,320,200,120,80万円",13,800.0,2,8,12,オーシンハーフ,セ,4,58.0,池添,114.5,7,3,6.5,40.2,3-3-2-2,栗東 高橋一,442,-12,
202509020808,2025-04-20,阪神,8,4歳以上1勝クラス,ダ,1800,右,曇,良,"2回 阪神 8日目 サラ系４歳以上 １勝クラス       [指] 定量 13頭 本賞金:800,320,200,120,80万円",13,800.0,3,6,8,ポルトドール,牡,5,57.0,☆高杉,114.9,2,9,23.6,39.8,11-11-6-5,栗東 小栗,466,2,
202509020808,2025-04-20,阪神,8,4歳以上1勝クラス,ダ,1800,右,曇,良,"2回 阪神 8日目 サラ系４歳以上 １勝クラス       [指] 定量 13頭 本賞金:800,320,200,120,80万円",13,800.0,4,4,4,ハイグッドワールド,牡,4,55.0,▲柴田裕,115.1,1.1/2,10,32.0,39.7,8-8-9-7,栗東 谷,502,2,
202509020808,2025-04-20,阪神,8,4歳以上1勝クラス,ダ,1800,右,曇,良,"2回 阪神 8日目 サラ系４歳以上 １勝クラス       [指] 定量 13頭 本賞金:800,320,200,120,80万円",13,800.0,5,8,13,モズバンディット,牡,5,58.0,菱田,115.2,1/2,5,13.9,40.4,4-5-4-3,栗東 中尾,458,-4,
202509020808,2025-04-20,阪神,8,4歳以上1勝クラス,ダ,1800,右,曇,良,"2回 阪神 8日目 サラ系４歳以上 １勝クラス       [指] 定量 13頭 本賞金:800,320,200,120,80万円",13,800.0,6,2,2,リアルペガサス,牡,4,58.0,田口,115.4,1.1/4,6,16.1,40.1,7-7-6-10,栗東 大橋,450,-19,
202509020808,2025-04-20,阪神,8,4歳以上1勝クラス,ダ,1800,右,曇,良,"2回 阪神 8日目 サラ系４歳以上 １勝クラス       [指] 定量 13頭 本賞金:800,320,200,120,80万円",13,800.0,7,1,1,ダノンケイツー,牡,4,58.0,Ｍデム,115.8,2,4,8.6,39.8,13-13-12-12,栗東 寺島,446,-6,
202509020808,2025-04-20,阪神,8,4歳以上1勝クラス,ダ,1800,右,曇,良,"2回 阪神 8日目 サラ系４歳以上 １勝クラス       [指] 定量 13頭 本賞金:800,320,200,120,80万円",13,800.0,8,4,5,ビルンバウム,セ,4,58.0,和田竜,115.8,クビ,8,18.9,41.7,1-1-1-1,栗東 渡辺,552,-8,
202509020808,2025-04-20,阪神,8,4歳以上1勝クラス,ダ,1800,右,曇,良,"2回 阪神 8日目 サラ系４歳以上 １勝クラス       [指] 定量 13頭 本賞金:800,320,200,120,80万円",13,800.0,9,6,9,ケイアイアンタレス,牡,4,55.0,▲和田陽,116.1,1.1/2,13,166.0,40.0,9-9-12-13,栗東 平田,456,0,
202509020808,2025-04-20,阪神,8,4歳以上1勝クラス,ダ,1800,右,曇,良,"2回 阪神 8日目 サラ系４歳以上 １勝クラス       [指] 定量 13頭 本賞金:800,320,200,120,80万円",13,800.0,10,7,11,スティーロポリス,牡,5,58.0,酒井,116.2,1/2,12,63.7,40.8,9-9-9-11,栗東 西村,508,-8,
202509020808,2025-04-20,阪神,8,4歳以上1勝クラス,ダ,1800,右,曇,良,"2回 阪神 8日目 サラ系４歳以上 １勝クラス       [指] 定量 13頭 本賞金:800,320,200,120,80万円",13,800.0,11,3,3,マテンロウノカゼ,牡,4,58.0,横山典,116.3,3/4,7,18.4,41.1,6-6-6-8,栗東 昆,482,-2,
202509020808,2025-04-20,阪神,8,4歳以上1勝クラス,ダ,1800,右,曇,良,"2回 阪神 8日目 サラ系４歳以上 １勝クラス       [指] 定量 13頭 本賞金:800,320,200,120,80万円",13,800.0,12,5,6,アーロンイメル,牡,4,58.0,藤懸,119.0,大,2,4.0,44.6,2-2-2-5,栗東 高橋忠,502,-2,
202509020808,2025-04-20,阪神,8,4歳以上1勝クラス,ダ,1800,右,曇,良,"2回 阪神 8日目 サラ系４歳以上 １勝クラス       [指] 定量 13頭 本賞金:800,320,200,120,80万円",13,800.0,13,7,10,レインメーカー,牡,5,58.0,団野,119.9,5,11,56.0,44.8,4-3-4-8,栗東 佐藤悠,462,2,
202509020809,2025-04-20,阪神,9,蓬莱峡特別,芝,2000,右,曇,良,"2回 阪神 8日目 サラ系４歳以上 ２勝クラス       (混)(特指) 定量 8頭 本賞金:1550,620,390,230,155万円",8,1550.0,1,5,5,ヴェルテンベルク,牡,5,58.0,池添,119.9,,3,4.9,34.5,5-5-4-4,栗東 宮本,486,6,
202509020809,2025-04-20,阪神,9,蓬莱峡特別,芝,2000,右,曇,良,"2回 阪神 8日目 サラ系４歳以上 ２勝クラス       (混)(特指) 定量 8頭 本賞金:1550,620,390,230,155万円",8,1550.0,2,6,6,ライフセービング,牡,4,58.0,田口,120.0,クビ,8,34.9,34.4,7-7-6-7,栗東 宮,456,-2,
202509020809,2025-04-20,阪神,9,蓬莱峡特別,芝,2000,右,曇,良,"2回 阪神 8日目 サラ系４歳以上 ２勝クラス       (混)(特指) 定量 8頭 本賞金:1550,620,390,230,155万円",8,1550.0,3,1,1,ストップザタイム,牡,6,58.0,横山典,120.3,1.3/4,1,2.5,35.3,1-1-1-1,栗東 昆,522,-2,
202509020809,2025-04-20,阪神,9,蓬莱峡特別,芝,2000,右,曇,良,"2回 阪神 8日目 サラ系４歳以上 ２勝クラス       (混)(特指) 定量 8頭 本賞金:1550,620,390,230,155万円",8,1550.0,4,2,2,エルディアブロ,牡,7,58.0,団野,120.4,クビ,7,25.4,35.1,3-3-4-4,栗東 佐々木,452,-2,
202509020809,2025-04-20,阪神,9,蓬莱峡特別,芝,2000,右,曇,良,"2回 阪神 8日目 サラ系４歳以上 ２勝クラス       (混)(特指) 定量 8頭 本賞金:1550,620,390,230,155万円",8,1550.0,5,3,3,コスモエクスプレス,牡,6,58.0,シュタ,120.4,クビ,6,12.1,34.7,7-7-8-8,美浦 松永康,492,-4,
202509020809,2025-04-20,阪神,9,蓬莱峡特別,芝,2000,右,曇,良,"2回 阪神 8日目 サラ系４歳以上 ２勝クラス       (混)(特指) 定量 8頭 本賞金:1550,620,390,230,155万円",8,1550.0,6,7,7,サンライズエース,牡,6,58.0,酒井,120.5,1/2,5,11.4,35.1,6-6-6-4,栗東 秋山,510,6,
202509020809,2025-04-20,阪神,9,蓬莱峡特別,芝,2000,右,曇,良,"2回 阪神 8日目 サラ系４歳以上 ２勝クラス       (混)(特指) 定量 8頭 本賞金:1550,620,390,230,155万円",8,1550.0,7,4,4,ダノンフロイデ,牡,6,58.0,菱田,120.8,1.3/4,4,4.9,35.8,2-2-2-2,栗東 坂口,480,-8,
202509020809,2025-04-20,阪神,9,蓬莱峡特別,芝,2000,右,曇,良,"2回 阪神 8日目 サラ系４歳以上 ２勝クラス       (混)(特指) 定量 8頭 本賞金:1550,620,390,230,155万円",8,1550.0,8,8,8,パンデアスカル,牡,5,58.0,幸,121.0,1,2,4.6,35.9,3-3-2-3,栗東 小椋,490,0,
202509020810,2025-04-20,阪神,10,天満橋S,ダ,1400,右,曇,良,"2回 阪神 8日目 サラ系４歳以上 ３勝クラス       (混)[指] ハンデ 16頭 本賞金:1840,740,460,280,184万円",16,1840.0,1,1,2,ローズスター,牡,5,57.0,団野,84.4,,2,6.1,36.3,13-9,栗東 上村,464,2,
202509020810,2025-04-20,阪神,10,天満橋S,ダ,1400,右,曇,良,"2回 阪神 8日目 サラ系４歳以上 ３勝クラス       (混)[指] ハンデ 16頭 本賞金:1840,740,460,280,184万円",16,1840.0,2,2,4,ノボリショウリュウ,牡,4,55.0,浜中,84.5,3/4,5,8.4,36.5,12-11,栗東 石橋,466,2,
202509020810,2025-04-20,阪神,10,天満橋S,ダ,1400,右,曇,良,"2回 阪神 8日目 サラ系４歳以上 ３勝クラス       (混)[指] ハンデ 16頭 本賞金:1840,740,460,280,184万円",16,1840.0,3,5,10,ヘルモーズ,牡,4,54.0,吉村,84.6,3/4,8,16.4,37.2,3-2,栗東 小林,514,-2,
202509020810,2025-04-20,阪神,10,天満橋S,ダ,1400,右,曇,良,"2回 阪神 8日目 サラ系４歳以上 ３勝クラス       (混)[指] ハンデ 16頭 本賞金:1840,740,460,280,184万円",16,1840.0,4,7,14,ローズバルサム,牝,5,52.0,酒井,84.7,クビ,11,36.5,36.9,9-7,栗東 吉村,442,0,
202509020810,2025-04-20,阪神,10,天満橋S,ダ,1400,右,曇,良,"2回 阪神 8日目 サラ系４歳以上 ３勝クラス       (混)[指] ハンデ 16頭 本賞金:1840,740,460,280,184万円",16,1840.0,5,4,8,フェルヴェンテ,牡,5,57.0,幸,84.9,1,1,4.0,37.3,6-4,栗東 宮,486,-4,
202509020810,2025-04-20,阪神,10,天満橋S,ダ,1400,右,曇,良,"2回 阪神 8日目 サラ系４歳以上 ３勝クラス       (混)[指] ハンデ 16頭 本賞金:1840,740,460,280,184万円",16,1840.0,6,7,13,ギーロカスタル,牡,5,54.0,和田竜,85.2,2,16,170.9,36.7,15-13,栗東 鈴木孝,468,-4,
202509020810,2025-04-20,阪神,10,天満橋S,ダ,1400,右,曇,良,"2回 阪神 8日目 サラ系４歳以上 ３勝クラス       (混)[指] ハンデ 16頭 本賞金:1840,740,460,280,184万円",16,1840.0,7,8,15,ベルウェザー,牡,4,55.0,横山典,85.4,1.1/4,3,6.1,36.3,16-16,栗東 茶木,482,-8,
202509020810,2025-04-20,阪神,10,天満橋S,ダ,1400,右,曇,良,"2回 阪神 8日目 サラ系４歳以上 ３勝クラス       (混)[指] ハンデ 16頭 本賞金:1840,740,460,280,184万円",16,1840.0,8,8,16,ビルカール,牡,5,54.0,高杉,85.4,クビ,12,38.8,38.2,2-2,美浦 水野,474,-2,
202509020810,2025-04-20,阪神,10,天満橋S,ダ,1400,右,曇,良,"2回 阪神 8日目 サラ系４歳以上 ３勝クラス       (混)[指] ハンデ 16頭 本賞金:1840,740,460,280,184万円",16,1840.0,9,5,9,ビーアイオラクル,牡,6,55.0,鮫島駿,85.6,3/4,6,10.6,38.0,6-4,栗東 牧田,494,-8,
202509020810,2025-04-20,阪神,10,天満橋S,ダ,1400,右,曇,良,"2回 阪神 8日目 サラ系４歳以上 ３勝クラス       (混)[指] ハンデ 16頭 本賞金:1840,740,460,280,184万円",16,1840.0,10,6,12,メイショウタイゲイ,牡,6,56.0,池添,85.6,アタマ,9,24.3,37.3,14-12,栗東 荒川,474,0,
202509020810,2025-04-20,阪神,10,天満橋S,ダ,1400,右,曇,良,"2回 阪神 8日目 サラ系４歳以上 ３勝クラス       (混)[指] ハンデ 16頭 本賞金:1840,740,460,280,184万円",16,1840.0,11,3,5,レイズカイザー,セ,5,56.0,Ｍデム,85.6,クビ,4,7.2,37.9,9-9,美浦 田村,526,-2,
202509020810,2025-04-20,阪神,10,天満橋S,ダ,1400,右,曇,良,"2回 阪神 8日目 サラ系４歳以上 ３勝クラス       (混)[指] ハンデ 16頭 本賞金:1840,740,460,280,184万円",16,1840.0,12,4,7,スターペスカオリ,牝,5,53.0,森田,86.0,2.1/2,15,71.8,38.4,6-7,栗東 石橋,462,6,
202509020810,2025-04-20,阪神,10,天満橋S,ダ,1400,右,曇,良,"2回 阪神 8日目 サラ系４歳以上 ３勝クラス       (混)[指] ハンデ 16頭 本賞金:1840,740,460,280,184万円",16,1840.0,13,3,6,ツークフォーゲル,牡,5,56.0,シュタ,86.4,2.1/2,7,14.1,38.6,9-13,栗東 荒川,562,18,
202509020810,2025-04-20,阪神,10,天満橋S,ダ,1400,右,曇,良,"2回 阪神 8日目 サラ系４歳以上 ３勝クラス       (混)[指] ハンデ 16頭 本賞金:1840,740,460,280,184万円",16,1840.0,14,2,3,イチネンエーグミ,牡,6,55.0,松若,86.5,クビ,14,47.4,39.2,3-4,栗東 茶木,540,-16,
202509020810,2025-04-20,阪神,10,天満橋S,ダ,1400,右,曇,良,"2回 阪神 8日目 サラ系４歳以上 ３勝クラス       (混)[指] ハンデ 16頭 本賞金:1840,740,460,280,184万円",16,1840.0,15,6,11,レアンダー,牡,4,55.0,西塚,86.8,2,13,45.6,39.8,1-1,栗東 大根田,466,0,
202509020810,2025-04-20,阪神,10,天満橋S,ダ,1400,右,曇,良,"2回 阪神 8日目 サラ系４歳以上 ３勝クラス       (混)[指] ハンデ 16頭 本賞金:1840,740,460,280,184万円",16,1840.0,,1,1,ダイリュウホマレ,牝,5,54.0,菱田,,,10,28.6,,3-15,栗東 橋口,452,-4,中止
202509020811,2025-04-20,阪神,11,心斎橋S,芝,1400,右,曇,良,"2回 阪神 8日目 サラ系４歳以上 ３勝クラス       (混)(特指) 定量 11頭 本賞金:1840,740,460,280,184万円",11,1840.0,1,4,4,ナムラアトム,牡,4,58.0,菱田,79.9,,2,3.8,34.5,4-4,栗東 長谷川,490,-6,
202509020811,2025-04-20,阪神,11,心斎橋S,芝,1400,右,曇,良,"2回 阪神 8日目 サラ系４歳以上 ３勝クラス       (混)(特指) 定量 11頭 本賞金:1840,740,460,280,184万円",11,1840.0,2,1,1,ユハンヌス,牡,5,58.0,西塚,80.0,3/4,3,3.9,34.3,7-7,栗東 大久保,470,0,
202509020811,2025-04-20,阪神,11,心斎橋S,芝,1400,右,曇,良,"2回 阪神 8日目 サラ系４歳以上 ３勝クラス       (混)(特指) 定量 11頭 本賞金:1840,740,460,280,184万円",11,1840.0,3,6,6,グランデサラス,牡,5,58.0,高杉,80.0,ハナ,9,33.5,34.1,10-9,栗東 池添,490,-2,
202509020811,2025-04-20,阪神,11,心斎橋S,芝,1400,右,曇,良,"2回 阪神 8日目 サラ系４歳以上 ３勝クラス       (混)(特指) 定量 11頭 本賞金:1840,740,460,280,184万円",11,1840.0,4,3,3,サクセスアイ,牝,5,56.0,池添,80.0,クビ,4,7.8,34.5,4-4,栗東 北出,440,0,
202509020811,2025-04-20,阪神,11,心斎橋S,芝,1400,右,曇,良,"2回 阪神 8日目 サラ系４歳以上 ３勝クラス       (混)(特指) 定量 11頭 本賞金:1840,740,460,280,184万円",11,1840.0,5,8,10,ウインスノーライト,牡,5,58.0,長岡,80.1,1/2,6,22.2,33.8,11-11,栗東 杉山晴,494,2,
202509020811,2025-04-20,阪神,11,心斎橋S,芝,1400,右,曇,良,"2回 阪神 8日目 サラ系４歳以上 ３勝クラス       (混)(特指) 定量 11頭 本賞金:1840,740,460,280,184万円",11,1840.0,6,2,2,ルミノメテオール,牝,5,56.0,シュタ,80.2,クビ,7,26.9,34.4,7-9,美浦 金成,466,2,
202509020811,2025-04-20,阪神,11,心斎橋S,芝,1400,右,曇,良,"2回 阪神 8日目 サラ系４歳以上 ３勝クラス       (混)(特指) 定量 11頭 本賞金:1840,740,460,280,184万円",11,1840.0,7,5,5,メイショウフンケイ,牡,7,58.0,吉村,80.2,ハナ,5,9.8,35.1,1-1,栗東 高橋亮,540,-2,
202509020811,2025-04-20,阪神,11,心斎橋S,芝,1400,右,曇,良,"2回 阪神 8日目 サラ系４歳以上 ３勝クラス       (混)(特指) 定量 11頭 本賞金:1840,740,460,280,184万円",11,1840.0,8,6,7,ガロンヌ,牡,4,58.0,団野,80.2,ハナ,1,2.9,34.9,3-3,栗東 上村,472,-6,
202509020811,2025-04-20,阪神,11,心斎橋S,芝,1400,右,曇,良,"2回 阪神 8日目 サラ系４歳以上 ３勝クラス       (混)(特指) 定量 11頭 本賞金:1840,740,460,280,184万円",11,1840.0,9,7,9,シークレットキー,牡,4,58.0,田口,80.9,4,8,29.3,35.2,7-7,栗東 井上,484,-16,
202509020811,2025-04-20,阪神,11,心斎橋S,芝,1400,右,曇,良,"2回 阪神 8日目 サラ系４歳以上 ３勝クラス       (混)(特指) 定量 11頭 本賞金:1840,740,460,280,184万円",11,1840.0,10,8,11,ダークエクリプス,牡,6,58.0,松若,81.3,2.1/2,10,52.7,35.9,4-4,栗東 今野,480,-6,
202509020811,2025-04-20,阪神,11,心斎橋S,芝,1400,右,曇,良,"2回 阪神 8日目 サラ系４歳以上 ３勝クラス       (混)(特指) 定量 11頭 本賞金:1840,740,460,280,184万円",11,1840.0,11,7,8,ラブコメディ,牝,4,56.0,小崎,81.5,1,11,87.3,36.4,2-2,栗東 寺島,450,-2,
202509020812,2025-04-20,阪神,12,4歳以上2勝クラス,ダ,1800,右,晴,良,"2回 阪神 8日目 サラ系４歳以上 ２勝クラス       牝[指] 定量 16頭 本賞金:1140,460,290,170,114万円",16,1140.0,1,6,11,タガノチョコラータ,牝,5,54.0,△長浜,113.8,,8,39.0,39.1,11-10-10-8,栗東 角田,504,6,
202509020812,2025-04-20,阪神,12,4歳以上2勝クラス,ダ,1800,右,晴,良,"2回 阪神 8日目 サラ系４歳以上 ２勝クラス       牝[指] 定量 16頭 本賞金:1140,460,290,170,114万円",16,1140.0,2,7,14,メイショウリリー,牝,4,56.0,藤懸,114.1,1.1/2,5,11.0,38.9,15-15-14-11,栗東 高橋忠,434,0,
202509020812,2025-04-20,阪神,12,4歳以上2勝クラス,ダ,1800,右,晴,良,"2回 阪神 8日目 サラ系４歳以上 ２勝クラス       牝[指] 定量 16頭 本賞金:1140,460,290,170,114万円",16,1140.0,3,4,8,ハリウッドパーク,牝,4,56.0,浜中,114.4,1.3/4,13,59.2,40.1,14-14-7-2,栗東 長谷川,504,-4,
202509020812,2025-04-20,阪神,12,4歳以上2勝クラス,ダ,1800,右,晴,良,"2回 阪神 8日目 サラ系４歳以上 ２勝クラス       牝[指] 定量 16頭 本賞金:1140,460,290,170,114万円",16,1140.0,4,7,13,サクソンジェンヌ,牝,4,56.0,団野,114.5,3/4,3,6.3,40.1,8-9-7-6,栗東 高橋忠,462,6,
202509020812,2025-04-20,阪神,12,4歳以上2勝クラス,ダ,1800,右,晴,良,"2回 阪神 8日目 サラ系４歳以上 ２勝クラス       牝[指] 定量 16頭 本賞金:1140,460,290,170,114万円",16,1140.0,5,5,9,スマートケープ,牝,5,56.0,鮫島駿,114.6,クビ,12,54.3,40.4,5-5-4-2,栗東 辻野,498,0,
202509020812,2025-04-20,阪神,12,4歳以上2勝クラス,ダ,1800,右,晴,良,"2回 阪神 8日目 サラ系４歳以上 ２勝クラス       牝[指] 定量 16頭 本賞金:1140,460,290,170,114万円",16,1140.0,6,8,15,テーオールビー,牝,4,56.0,菱田,115.1,3,2,4.1,40.5,12-12-10-5,栗東 宮,464,10,
202509020812,2025-04-20,阪神,12,4歳以上2勝クラス,ダ,1800,右,晴,良,"2回 阪神 8日目 サラ系４歳以上 ２勝クラス       牝[指] 定量 16頭 本賞金:1140,460,290,170,114万円",16,1140.0,7,3,6,パルクリチュード,牝,5,55.0,☆吉村,115.5,2.1/2,1,2.7,41.5,2-2-2-2,栗東 松永幹,450,4,
202509020812,2025-04-20,阪神,12,4歳以上2勝クラス,ダ,1800,右,晴,良,"2回 阪神 8日目 サラ系４歳以上 ２勝クラス       牝[指] 定量 16頭 本賞金:1140,460,290,170,114万円",16,1140.0,8,6,12,ルージュシュエット,牝,4,55.0,☆西塚,115.6,クビ,16,199.8,39.6,16-16-16-16,栗東 矢作,456,2,
202509020812,2025-04-20,阪神,12,4歳以上2勝クラス,ダ,1800,右,晴,良,"2回 阪神 8日目 サラ系４歳以上 ２勝クラス       牝[指] 定量 16頭 本賞金:1140,460,290,170,114万円",16,1140.0,9,8,16,ゼットレジーナ,牝,4,56.0,和田竜,115.7,1/2,15,141.0,40.7,13-12-12-13,栗東 吉田,428,-10,
202509020812,2025-04-20,阪神,12,4歳以上2勝クラス,ダ,1800,右,晴,良,"2回 阪神 8日目 サラ系４歳以上 ２勝クラス       牝[指] 定量 16頭 本賞金:1140,460,290,170,114万円",16,1140.0,10,4,7,サラサハウプリティ,牝,5,53.0,▲柴田裕,115.7,ハナ,14,64.1,40.7,10-10-12-13,栗東 岡田,446,0,
202509020812,2025-04-20,阪神,12,4歳以上2勝クラス,ダ,1800,右,晴,良,"2回 阪神 8日目 サラ系４歳以上 ２勝クラス       牝[指] 定量 16頭 本賞金:1140,460,290,170,114万円",16,1140.0,11,3,5,ルナビス,牝,5,56.0,シュタ,115.7,クビ,6,15.5,41.2,8-7-7-6,栗東 森田,486,0,
202509020812,2025-04-20,阪神,12,4歳以上2勝クラス,ダ,1800,右,晴,良,"2回 阪神 8日目 サラ系４歳以上 ２勝クラス       牝[指] 定量 16頭 本賞金:1140,460,290,170,114万円",16,1140.0,12,1,1,モモンウールー,牝,4,55.0,☆高杉,115.9,1.1/4,7,17.5,41.5,2-2-6-11,栗東 池添,462,0,
202509020812,2025-04-20,阪神,12,4歳以上2勝クラス,ダ,1800,右,晴,良,"2回 阪神 8日目 サラ系４歳以上 ２勝クラス       牝[指] 定量 16頭 本賞金:1140,460,290,170,114万円",16,1140.0,13,5,10,ミヤジレガリア,牝,5,56.0,幸,116.1,1,4,8.0,42.2,2-2-2-1,栗東 鈴木孝,510,12,
202509020812,2025-04-20,阪神,12,4歳以上2勝クラス,ダ,1800,右,晴,良,"2回 阪神 8日目 サラ系４歳以上 ２勝クラス       牝[指] 定量 16頭 本賞金:1140,460,290,170,114万円",16,1140.0,14,2,3,ミッキーマカロン,牝,5,56.0,田口,116.8,4,10,48.7,41.4,7-7-14-15,栗東 大久保,458,14,
202509020812,2025-04-20,阪神,12,4歳以上2勝クラス,ダ,1800,右,晴,良,"2回 阪神 8日目 サラ系４歳以上 ２勝クラス       牝[指] 定量 16頭 本賞金:1140,460,290,170,114万円",16,1140.0,15,2,4,ブリーズオンチーク,牝,4,56.0,松若,116.9,3/4,11,49.5,42.5,5-5-4-9,栗東 高野,462,0,
202509020812,2025-04-20,阪神,12,4歳以上2勝クラス,ダ,1800,右,晴,良,"2回 阪神 8日目 サラ系４歳以上 ２勝クラス       牝[指] 定量 16頭 本賞金:1140,460,290,170,114万円",16,1140.0,16,1,2,タクシンイメル,牝,4,56.0,酒井,118.6,10,9,46.8,44.7,1-1-1-9,栗東 武英,472,0,
202503010501,2025-04-26,福島,1,3歳未勝利,ダ,1700,右,晴,良,"1回 福島 5日目 サラ系３歳 未勝利       牝[指] 馬齢 15頭 本賞金:560,220,140,84,56万円",15,560.0,1,7,12,キミオモウハナ,牝,3,55.0,斎藤,107.8,,9,21.0,39.4,13-13-1-1,栗東 杉山佳,482,-2,
202503010501,2025-04-26,福島,1,3歳未勝利,ダ,1700,右,晴,良,"1回 福島 5日目 サラ系３歳 未勝利       牝[指] 馬齢 15頭 本賞金:560,220,140,84,56万円",15,560.0,2,6,11,ベルチュガダン,牝,3,55.0,丸山,108.2,2.1/2,8,20.6,39.6,5-5-2-2,美浦 矢嶋,460,0,
202503010501,2025-04-26,福島,1,3歳未勝利,ダ,1700,右,晴,良,"1回 福島 5日目 サラ系３歳 未勝利       牝[指] 馬齢 15頭 本賞金:560,220,140,84,56万円",15,560.0,3,8,15,カスバートテソーロ,牝,3,55.0,丹内,109.1,5,5,13.4,40.0,9-9-5-5,美浦 畠山,428,-12,
202503010501,2025-04-26,福島,1,3歳未勝利,ダ,1700,右,晴,良,"1回 福島 5日目 サラ系３歳 未勝利       牝[指] 馬齢 15頭 本賞金:560,220,140,84,56万円",15,560.0,4,8,14,ディザーヴユー,牝,3,55.0,小沢,109.5,2.1/2,11,35.9,40.1,12-12-9-12,栗東 吉村,476,0,
202503010501,2025-04-26,福島,1,3歳未勝利,ダ,1700,右,晴,良,"1回 福島 5日目 サラ系３歳 未勝利       牝[指] 馬齢 15頭 本賞金:560,220,140,84,56万円",15,560.0,5,4,6,キタノマーシャル,牝,3,55.0,小林脩,109.7,1,7,19.3,40.4,5-5-9-10,美浦 奥平,496,-4,
202503010501,2025-04-26,福島,1,3歳未勝利,ダ,1700,右,晴,良,"1回 福島 5日目 サラ系３歳 未勝利       牝[指] 馬齢 15頭 本賞金:560,220,140,84,56万円",15,560.0,6,7,13,クリムゾンボタン,牝,3,52.0,▲佐藤,109.7,アタマ,12,40.8,40.4,9-9-9-10,美浦 小手川,436,-3,
202503010501,2025-04-26,福島,1,3歳未勝利,ダ,1700,右,晴,良,"1回 福島 5日目 サラ系３歳 未勝利       牝[指] 馬齢 15頭 本賞金:560,220,140,84,56万円",15,560.0,7,5,8,リックメイン,牝,3,51.0,★小林美,109.7,クビ,1,1.7,41.0,3-1-3-3,美浦 武井,440,-2,
202503010501,2025-04-26,福島,1,3歳未勝利,ダ,1700,右,晴,良,"1回 福島 5日目 サラ系３歳 未勝利       牝[指] 馬齢 15頭 本賞金:560,220,140,84,56万円",15,560.0,8,6,10,エピックサイクル,牝,3,52.0,▲石田,110.1,2,10,33.4,39.2,14-14-15-15,美浦 新開,436,-6,
202503010501,2025-04-26,福島,1,3歳未勝利,ダ,1700,右,晴,良,"1回 福島 5日目 サラ系３歳 未勝利       牝[指] 馬齢 15頭 本賞金:560,220,140,84,56万円",15,560.0,9,3,4,マンノミューズ,牝,3,55.0,角田和,110.2,3/4,3,10.3,41.0,3-4-7-6,栗東 角田,416,-4,
202503010501,2025-04-26,福島,1,3歳未勝利,ダ,1700,右,晴,良,"1回 福島 5日目 サラ系３歳 未勝利       牝[指] 馬齢 15頭 本賞金:560,220,140,84,56万円",15,560.0,10,4,7,ノメンターノ,牝,3,55.0,杉原,110.2,クビ,13,75.4,40.6,9-9-13-12,美浦 武市,428,-6,
202503010501,2025-04-26,福島,1,3歳未勝利,ダ,1700,右,晴,良,"1回 福島 5日目 サラ系３歳 未勝利       牝[指] 馬齢 15頭 本賞金:560,220,140,84,56万円",15,560.0,11,5,9,シルヴァーレディ,牝,3,55.0,菊沢,110.3,クビ,15,285.9,41.2,5-5-5-6,美浦 矢野,438,0,
202503010501,2025-04-26,福島,1,3歳未勝利,ダ,1700,右,晴,良,"1回 福島 5日目 サラ系３歳 未勝利       牝[指] 馬齢 15頭 本賞金:560,220,140,84,56万円",15,560.0,12,3,5,サーフプラチナム,牝,3,55.0,内田博,110.3,クビ,4,11.8,41.0,15-14-9-6,美浦 古賀,456,-2,
202503010501,2025-04-26,福島,1,3歳未勝利,ダ,1700,右,晴,良,"1回 福島 5日目 サラ系３歳 未勝利       牝[指] 馬齢 15頭 本賞金:560,220,140,84,56万円",15,560.0,13,1,1,ラヴスティンガー,牝,3,55.0,秋山稔,110.7,2.1/2,6,17.2,42.0,1-2-3-4,栗東 牧田,476,4,
202503010501,2025-04-26,福島,1,3歳未勝利,ダ,1700,右,晴,良,"1回 福島 5日目 サラ系３歳 未勝利       牝[指] 馬齢 15頭 本賞金:560,220,140,84,56万円",15,560.0,14,2,2,リッスンクロース,牝,3,52.0,▲舟山,111.0,1.1/2,2,9.4,41.8,2-3-7-6,美浦 林,446,-2,
202503010501,2025-04-26,福島,1,3歳未勝利,ダ,1700,右,晴,良,"1回 福島 5日目 サラ系３歳 未勝利       牝[指] 馬齢 15頭 本賞金:560,220,140,84,56万円",15,560.0,15,2,3,ベルジャッド,牝,3,55.0,亀田,111.0,クビ,14,232.6,41.3,5-5-14-14,栗東 高柳大,412,2,
202503010502,2025-04-26,福島,2,3歳未勝利,ダ,1150,右,晴,良,"1回 福島 5日目 サラ系３歳 未勝利       [指] 馬齢 16頭 本賞金:560,220,140,84,56万円",16,560.0,1,8,15,スノーサイレンス,牝,3,51.0,★小林美,69.2,,2,3.0,37.3,2-2,栗東 小栗,454,4,
202503010502,2025-04-26,福島,2,3歳未勝利,ダ,1150,右,晴,良,"1回 福島 5日目 サラ系３歳 未勝利       [指] 馬齢 16頭 本賞金:560,220,140,84,56万円",16,560.0,2,6,12,アスコットアイ,牝,3,55.0,小沢,70.0,5,3,4.3,37.8,3-3,栗東 緒方,434,6,
202503010502,2025-04-26,福島,2,3歳未勝利,ダ,1150,右,晴,良,"1回 福島 5日目 サラ系３歳 未勝利       [指] 馬齢 16頭 本賞金:560,220,140,84,56万円",16,560.0,3,4,7,アイファーモービル,牡,3,57.0,丸山,70.2,1.1/4,1,2.1,37.0,11-9,栗東 井上,462,0,
202503010502,2025-04-26,福島,2,3歳未勝利,ダ,1150,右,晴,良,"1回 福島 5日目 サラ系３歳 未勝利       [指] 馬齢 16頭 本賞金:560,220,140,84,56万円",16,560.0,4,5,9,モズアカトンボ,牝,3,55.0,斎藤,70.6,2.1/2,7,39.9,38.4,3-3,栗東 牧田,460,0,
202503010502,2025-04-26,福島,2,3歳未勝利,ダ,1150,右,晴,良,"1回 福島 5日目 サラ系３歳 未勝利       [指] 馬齢 16頭 本賞金:560,220,140,84,56万円",16,560.0,5,1,2,サヨノミッキー,牡,3,57.0,亀田,70.8,1.1/2,6,37.6,38.1,8-6,栗東 羽月,464,0,
202503010502,2025-04-26,福島,2,3歳未勝利,ダ,1150,右,晴,良,"1回 福島 5日目 サラ系３歳 未勝利       [指] 馬齢 16頭 本賞金:560,220,140,84,56万円",16,560.0,6,2,4,タイセイルヴァン,牡,3,54.0,▲石田,71.0,3/4,11,181.1,36.9,16-16,美浦 新開,492,0,
202503010502,2025-04-26,福島,2,3歳未勝利,ダ,1150,右,晴,良,"1回 福島 5日目 サラ系３歳 未勝利       [指] 馬齢 16頭 本賞金:560,220,140,84,56万円",16,560.0,7,3,6,ゴールドプレミアム,牡,3,54.0,▲川端,71.2,1.1/4,10,110.3,37.9,12-10,栗東 大橋,444,-4,
202503010502,2025-04-26,福島,2,3歳未勝利,ダ,1150,右,晴,良,"1回 福島 5日目 サラ系３歳 未勝利       [指] 馬齢 16頭 本賞金:560,220,140,84,56万円",16,560.0,8,6,11,ニシノプライム,牡,3,57.0,古川吉,71.2,ハナ,14,312.5,38.7,6-6,美浦 牧,436,-16,
202503010502,2025-04-26,福島,2,3歳未勝利,ダ,1150,右,晴,良,"1回 福島 5日目 サラ系３歳 未勝利       [指] 馬齢 16頭 本賞金:560,220,140,84,56万円",16,560.0,9,7,14,シンフォニーシーズ,牝,3,55.0,丹内,71.3,3/4,4,10.8,39.4,1-1,美浦 清水英,440,-6,
202503010502,2025-04-26,福島,2,3歳未勝利,ダ,1150,右,晴,良,"1回 福島 5日目 サラ系３歳 未勝利       [指] 馬齢 16頭 本賞金:560,220,140,84,56万円",16,560.0,10,2,3,ロゴモコ,牝,3,52.0,▲上里,71.4,1/2,9,94.8,38.9,6-6,美浦 小野,428,-22,
202503010502,2025-04-26,福島,2,3歳未勝利,ダ,1150,右,晴,良,"1回 福島 5日目 サラ系３歳 未勝利       [指] 馬齢 16頭 本賞金:560,220,140,84,56万円",16,560.0,11,4,8,プレミアムハニー,牝,3,52.0,▲遠藤,72.0,3.1/2,16,479.5,39.0,9-10,美浦 鈴木伸,414,-2,
202503010502,2025-04-26,福島,2,3歳未勝利,ダ,1150,右,晴,良,"1回 福島 5日目 サラ系３歳 未勝利       [指] 馬齢 16頭 本賞金:560,220,140,84,56万円",16,560.0,12,7,13,アスクサヴァイバル,牡,3,54.0,▲古川奈,72.1,1/2,12,196.3,38.1,13-13,美浦 田島,426,0,
202503010502,2025-04-26,福島,2,3歳未勝利,ダ,1150,右,晴,良,"1回 福島 5日目 サラ系３歳 未勝利       [指] 馬齢 16頭 本賞金:560,220,140,84,56万円",16,560.0,13,1,1,ワンダーレジット,牡,3,56.0,☆横山琉,72.3,1.1/2,13,289.0,38.4,13-13,美浦 斎藤誠,468,-14,
202503010502,2025-04-26,福島,2,3歳未勝利,ダ,1150,右,晴,良,"1回 福島 5日目 サラ系３歳 未勝利       [指] 馬齢 16頭 本賞金:560,220,140,84,56万円",16,560.0,14,5,10,ミッキーショット,牡,3,57.0,荻野極,72.4,アタマ,8,91.7,39.4,9-10,栗東 矢作,464,-10,
202503010502,2025-04-26,福島,2,3歳未勝利,ダ,1150,右,晴,良,"1回 福島 5日目 サラ系３歳 未勝利       [指] 馬齢 16頭 本賞金:560,220,140,84,56万円",16,560.0,15,3,5,スナークサンダー,牡,3,55.0,◇永島,72.6,1.1/4,5,29.2,38.7,13-13,栗東 宮地,466,-4,
202503010502,2025-04-26,福島,2,3歳未勝利,ダ,1150,右,晴,良,"1回 福島 5日目 サラ系３歳 未勝利       [指] 馬齢 16頭 本賞金:560,220,140,84,56万円",16,560.0,16,8,16,テイエムファラオ,牡,3,54.0,▲佐藤,72.7,1/2,15,412.8,40.5,3-5,美浦 伊藤圭,446,-14,
202503010503,2025-04-26,福島,3,3歳未勝利,芝,2000,右,晴,良,"1回 福島 5日目 サラ系３歳 未勝利       牝[指] 馬齢 16頭 本賞金:560,220,140,84,56万円",16,560.0,1,3,6,ティティナ,牝,3,51.0,★小林美,121.6,,10,70.0,36.8,1-1-1-1,美浦 和田郎,412,-10,
202503010503,2025-04-26,福島,3,3歳未勝利,芝,2000,右,晴,良,"1回 福島 5日目 サラ系３歳 未勝利       牝[指] 馬齢 16頭 本賞金:560,220,140,84,56万円",16,560.0,2,5,10,ノーランサンライズ,牝,3,52.0,▲今村,122.0,2,11,98.2,36.4,3-3-5-4,栗東 佐藤悠,484,2,
202503010503,2025-04-26,福島,3,3歳未勝利,芝,2000,右,晴,良,"1回 福島 5日目 サラ系３歳 未勝利       牝[指] 馬齢 16頭 本賞金:560,220,140,84,56万円",16,560.0,3,1,1,マカナ,牝,3,55.0,丹内,122.0,クビ,1,1.4,36.3,11-9-6-6,美浦 伊藤大,456,2,
202503010503,2025-04-26,福島,3,3歳未勝利,芝,2000,右,晴,良,"1回 福島 5日目 サラ系３歳 未勝利       牝[指] 馬齢 16頭 本賞金:560,220,140,84,56万円",16,560.0,4,4,8,フィナルフェリス,牝,3,52.0,▲鷲頭,122.2,3/4,12,148.6,36.4,15-9-7-7,美浦 武市,430,-14,
202503010503,2025-04-26,福島,3,3歳未勝利,芝,2000,右,晴,良,"1回 福島 5日目 サラ系３歳 未勝利       牝[指] 馬齢 16頭 本賞金:560,220,140,84,56万円",16,560.0,5,2,3,スタンピー,牝,3,55.0,内田博,122.3,3/4,2,7.8,37.4,4-4-2-2,美浦 深山,456,-8,
202503010503,2025-04-26,福島,3,3歳未勝利,芝,2000,右,晴,良,"1回 福島 5日目 サラ系３歳 未勝利       牝[指] 馬齢 16頭 本賞金:560,220,140,84,56万円",16,560.0,6,7,13,メテオレーナ,牝,3,55.0,田中健,122.5,1,7,29.1,36.5,9-9-9-8,栗東 中村,416,-6,
202503010503,2025-04-26,福島,3,3歳未勝利,芝,2000,右,晴,良,"1回 福島 5日目 サラ系３歳 未勝利       牝[指] 馬齢 16頭 本賞金:560,220,140,84,56万円",16,560.0,7,8,15,ストレートブラック,牝,3,53.0,◇永島,122.5,クビ,3,7.9,36.1,15-15-13-13,美浦 奥平,428,-2,
202503010503,2025-04-26,福島,3,3歳未勝利,芝,2000,右,晴,良,"1回 福島 5日目 サラ系３歳 未勝利       牝[指] 馬齢 16頭 本賞金:560,220,140,84,56万円",16,560.0,8,7,14,レジーナシルバルム,牝,3,55.0,古川吉,122.5,アタマ,9,40.0,37.0,6-7-4-4,美浦 武井,468,-6,
202503010503,2025-04-26,福島,3,3歳未勝利,芝,2000,右,晴,良,"1回 福島 5日目 サラ系３歳 未勝利       牝[指] 馬齢 16頭 本賞金:560,220,140,84,56万円",16,560.0,9,4,7,フィエールガール,牝,3,52.0,▲石神道,122.5,ハナ,4,10.2,36.1,12-13-13-12,美浦 土田,452,4,
202503010503,2025-04-26,福島,3,3歳未勝利,芝,2000,右,晴,良,"1回 福島 5日目 サラ系３歳 未勝利       牝[指] 馬齢 16頭 本賞金:560,220,140,84,56万円",16,560.0,10,6,12,ジュラ,牝,3,55.0,菊沢,122.5,クビ,8,37.7,36.3,12-13-10-9,美浦 小手川,438,-2,
202503010503,2025-04-26,福島,3,3歳未勝利,芝,2000,右,晴,良,"1回 福島 5日目 サラ系３歳 未勝利       牝[指] 馬齢 16頭 本賞金:560,220,140,84,56万円",16,560.0,11,8,16,オールニッポン,牝,3,52.0,▲舟山,122.8,1.1/2,5,15.8,37.5,2-2-3-3,美浦 上原佑,426,2,
202503010503,2025-04-26,福島,3,3歳未勝利,芝,2000,右,晴,良,"1回 福島 5日目 サラ系３歳 未勝利       牝[指] 馬齢 16頭 本賞金:560,220,140,84,56万円",16,560.0,12,1,2,ブリリアントカーラ,牝,3,55.0,亀田,123.1,2,6,27.3,37.3,6-5-7-9,栗東 杉山佳,404,-18,
202503010503,2025-04-26,福島,3,3歳未勝利,芝,2000,右,晴,良,"1回 福島 5日目 サラ系３歳 未勝利       牝[指] 馬齢 16頭 本賞金:560,220,140,84,56万円",16,560.0,13,5,9,ココロエ,牝,3,55.0,小林脩,123.1,クビ,15,270.5,36.9,8-7-10-9,美浦 本間,400,-4,
202503010503,2025-04-26,福島,3,3歳未勝利,芝,2000,右,晴,良,"1回 福島 5日目 サラ系３歳 未勝利       牝[指] 馬齢 16頭 本賞金:560,220,140,84,56万円",16,560.0,14,3,5,クルールローザンヌ,牝,3,55.0,小沢,124.1,6,13,176.3,37.3,14-16-16-16,栗東 橋口,432,4,
202503010503,2025-04-26,福島,3,3歳未勝利,芝,2000,右,晴,良,"1回 福島 5日目 サラ系３歳 未勝利       牝[指] 馬齢 16頭 本賞金:560,220,140,84,56万円",16,560.0,15,2,4,バストス,牝,3,52.0,▲古川奈,125.3,7,14,201.3,38.8,10-12-13-14,栗東 吉田,486,0,
202503010503,2025-04-26,福島,3,3歳未勝利,芝,2000,右,晴,良,"1回 福島 5日目 サラ系３歳 未勝利       牝[指] 馬齢 16頭 本賞金:560,220,140,84,56万円",16,560.0,16,6,11,フジサンエンヤス,牝,3,52.0,▲石田,127.1,大,16,396.8,40.9,5-5-10-14,美浦 松山,378,0,
202503010504,2025-04-26,福島,4,3歳未勝利,芝,1200,右,晴,良,"1回 福島 5日目 サラ系３歳 未勝利       [指] 馬齢 12頭 本賞金:560,220,140,84,56万円",12,560.0,1,8,12,カウンターセブン,牡,3,57.0,丹内,68.7,,1,1.6,35.0,1-1,美浦 村田,486,-4,
202503010504,2025-04-26,福島,4,3歳未勝利,芝,1200,右,晴,良,"1回 福島 5日目 サラ系３歳 未勝利       [指] 馬齢 12頭 本賞金:560,220,140,84,56万円",12,560.0,2,8,11,アンビシャスヨシノ,牡,3,56.0,☆松本,69.4,4,3,4.9,35.0,4-4,栗東 吉田,466,-2,
202503010504,2025-04-26,福島,4,3歳未勝利,芝,1200,右,晴,良,"1回 福島 5日目 サラ系３歳 未勝利       [指] 馬齢 12頭 本賞金:560,220,140,84,56万円",12,560.0,3,7,9,ピースフルゴールド,牝,3,55.0,斎藤,69.6,1,2,4.2,35.3,3-3,美浦 斎藤誠,472,4,
202503010504,2025-04-26,福島,4,3歳未勝利,芝,1200,右,晴,良,"1回 福島 5日目 サラ系３歳 未勝利       [指] 馬齢 12頭 本賞金:560,220,140,84,56万円",12,560.0,4,6,8,ラピルスイメル,牝,3,55.0,藤懸,69.7,1/2,4,18.8,35.6,2-2,栗東 小崎,502,-2,
202503010504,2025-04-26,福島,4,3歳未勝利,芝,1200,右,晴,良,"1回 福島 5日目 サラ系３歳 未勝利       [指] 馬齢 12頭 本賞金:560,220,140,84,56万円",12,560.0,5,4,4,クリアクォーツ,牡,3,57.0,内田博,69.9,1.1/2,12,121.1,34.5,10-10,美浦 的場,470,0,
202503010504,2025-04-26,福島,4,3歳未勝利,芝,1200,右,晴,良,"1回 福島 5日目 サラ系３歳 未勝利       [指] 馬齢 12頭 本賞金:560,220,140,84,56万円",12,560.0,6,6,7,ロールザボーンズ,牝,3,52.0,▲古川奈,69.9,アタマ,6,33.0,34.8,9-9,栗東 牧浦,448,-2,
202503010504,2025-04-26,福島,4,3歳未勝利,芝,1200,右,晴,良,"1回 福島 5日目 サラ系３歳 未勝利       [指] 馬齢 12頭 本賞金:560,220,140,84,56万円",12,560.0,7,1,1,ポッドロルフ,牡,3,54.0,▲上里,70.2,1.3/4,8,55.8,35.6,6-8,美浦 小野,458,-10,
202503010504,2025-04-26,福島,4,3歳未勝利,芝,1200,右,晴,良,"1回 福島 5日目 サラ系３歳 未勝利       [指] 馬齢 12頭 本賞金:560,220,140,84,56万円",12,560.0,8,5,5,サンライズロンドン,牡,3,54.0,▲川端,70.2,アタマ,10,76.4,35.3,8-7,栗東 浜田,470,-12,
202503010504,2025-04-26,福島,4,3歳未勝利,芝,1200,右,晴,良,"1回 福島 5日目 サラ系３歳 未勝利       [指] 馬齢 12頭 本賞金:560,220,140,84,56万円",12,560.0,9,2,2,シプレーノート,牝,3,55.0,菊沢,70.4,1,9,63.5,35.8,6-5,美浦 堀内,426,-2,
202503010504,2025-04-26,福島,4,3歳未勝利,芝,1200,右,晴,良,"1回 福島 5日目 サラ系３歳 未勝利       [指] 馬齢 12頭 本賞金:560,220,140,84,56万円",12,560.0,10,5,6,ロンドンキッド,牝,3,53.0,◇永島,70.5,3/4,5,30.4,36.1,4-5,美浦 菊川,428,2,
202503010504,2025-04-26,福島,4,3歳未勝利,芝,1200,右,晴,良,"1回 福島 5日目 サラ系３歳 未勝利       [指] 馬齢 12頭 本賞金:560,220,140,84,56万円",12,560.0,11,7,10,パッションビラーゴ,牝,3,52.0,▲今村,71.4,5,11,100.5,35.5,11-11,美浦 武藤,520,0,
202503010504,2025-04-26,福島,4,3歳未勝利,芝,1200,右,晴,良,"1回 福島 5日目 サラ系３歳 未勝利       [指] 馬齢 12頭 本賞金:560,220,140,84,56万円",12,560.0,12,3,3,メイショウナナカゼ,牝,3,51.0,★小林美,73.8,大,7,46.0,36.9,12-12,美浦 和田勇,424,0,
202503010505,2025-04-26,福島,5,3歳未勝利,芝,1800,右,晴,良,"1回 福島 5日目 サラ系３歳 未勝利       見習騎手 馬齢 16頭 本賞金:560,220,140,84,56万円",16,560.0,1,6,12,ウインリベラシオン,牡,3,57.0,小沢,107.5,,3,4.7,35.6,7-6-5-4,栗東 緒方,486,0,
202503010505,2025-04-26,福島,5,3歳未勝利,芝,1800,右,晴,良,"1回 福島 5日目 サラ系３歳 未勝利       見習騎手 馬齢 16頭 本賞金:560,220,140,84,56万円",16,560.0,2,4,8,ファンタズマ,牡,3,54.0,▲舟山,107.5,クビ,6,21.8,35.8,4-4-4-3,美浦 上原佑,460,2,
202503010505,2025-04-26,福島,5,3歳未勝利,芝,1800,右,晴,良,"1回 福島 5日目 サラ系３歳 未勝利       見習騎手 馬齢 16頭 本賞金:560,220,140,84,56万円",16,560.0,3,7,14,ヴォワラクテ,牝,3,54.0,☆松本,107.7,1.1/2,5,17.3,35.2,10-10-11-8,栗東 田中克,430,10,
202503010505,2025-04-26,福島,5,3歳未勝利,芝,1800,右,晴,良,"1回 福島 5日目 サラ系３歳 未勝利       見習騎手 馬齢 16頭 本賞金:560,220,140,84,56万円",16,560.0,4,8,15,サクラアドリア,牡,3,57.0,亀田,107.8,クビ,2,4.1,35.7,8-9-8-5,美浦 尾関,470,-8,
202503010505,2025-04-26,福島,5,3歳未勝利,芝,1800,右,晴,良,"1回 福島 5日目 サラ系３歳 未勝利       見習騎手 馬齢 16頭 本賞金:560,220,140,84,56万円",16,560.0,5,2,3,リケアキャンディ,牝,3,55.0,秋山稔,108.0,1.1/2,4,12.1,35.8,8-8-8-8,美浦 蛯名利,426,-4,
202503010505,2025-04-26,福島,5,3歳未勝利,芝,1800,右,晴,良,"1回 福島 5日目 サラ系３歳 未勝利       見習騎手 馬齢 16頭 本賞金:560,220,140,84,56万円",16,560.0,6,5,10,ドルチェルナ,牝,3,55.0,斎藤,108.1,1/2,8,36.2,35.2,12-12-12-12,美浦 辻,444,-18,
202503010505,2025-04-26,福島,5,3歳未勝利,芝,1800,右,晴,良,"1回 福島 5日目 サラ系３歳 未勝利       見習騎手 馬齢 16頭 本賞金:560,220,140,84,56万円",16,560.0,7,3,5,アクデニズ,牡,3,56.0,☆横山琉,108.5,2.1/2,12,125.4,36.5,6-6-6-7,美浦 小笠,466,-10,
202503010505,2025-04-26,福島,5,3歳未勝利,芝,1800,右,晴,良,"1回 福島 5日目 サラ系３歳 未勝利       見習騎手 馬齢 16頭 本賞金:560,220,140,84,56万円",16,560.0,8,3,6,ウェーヴレット,牝,3,52.0,▲鷲頭,108.5,クビ,13,153.2,36.3,10-10-8-8,美浦 菊沢,430,2,
202503010505,2025-04-26,福島,5,3歳未勝利,芝,1800,右,晴,良,"1回 福島 5日目 サラ系３歳 未勝利       見習騎手 馬齢 16頭 本賞金:560,220,140,84,56万円",16,560.0,9,8,16,ベルサ,牝,3,53.0,◇永島,108.6,クビ,7,24.8,37.2,3-3-2-2,栗東 鈴木孝,458,-4,
202503010505,2025-04-26,福島,5,3歳未勝利,芝,1800,右,晴,良,"1回 福島 5日目 サラ系３歳 未勝利       見習騎手 馬齢 16頭 本賞金:560,220,140,84,56万円",16,560.0,10,6,11,コスモコロネット,牝,3,52.0,▲橋木,108.6,クビ,14,200.5,36.6,5-5-6-8,美浦 加藤士,404,0,
202503010505,2025-04-26,福島,5,3歳未勝利,芝,1800,右,晴,良,"1回 福島 5日目 サラ系３歳 未勝利       見習騎手 馬齢 16頭 本賞金:560,220,140,84,56万円",16,560.0,11,1,1,シンヒダカゴールド,牝,3,55.0,角田和,108.7,1/2,1,2.1,38.0,1-1-1-1,栗東 角田,468,-2,
202503010505,2025-04-26,福島,5,3歳未勝利,芝,1800,右,晴,良,"1回 福島 5日目 サラ系３歳 未勝利       見習騎手 馬齢 16頭 本賞金:560,220,140,84,56万円",16,560.0,12,4,7,ブルーメサイア,牡,3,54.0,▲今村,108.8,1/2,9,47.4,35.4,13-13-13-13,美浦 国枝,452,-4,
202503010505,2025-04-26,福島,5,3歳未勝利,芝,1800,右,晴,良,"1回 福島 5日目 サラ系３歳 未勝利       見習騎手 馬齢 16頭 本賞金:560,220,140,84,56万円",16,560.0,13,7,13,ジュールスレーヴ,牝,3,51.0,★小林美,109.3,3,11,118.5,35.9,16-14-13-14,美浦 粕谷,420,6,
202503010505,2025-04-26,福島,5,3歳未勝利,芝,1800,右,晴,良,"1回 福島 5日目 サラ系３歳 未勝利       見習騎手 馬齢 16頭 本賞金:560,220,140,84,56万円",16,560.0,14,2,4,ジャヴェール,牡,3,54.0,▲石田,109.5,1.1/4,15,242.6,35.8,14-16-15-15,美浦 松山,472,2,
202503010505,2025-04-26,福島,5,3歳未勝利,芝,1800,右,晴,良,"1回 福島 5日目 サラ系３歳 未勝利       見習騎手 馬齢 16頭 本賞金:560,220,140,84,56万円",16,560.0,15,5,9,アクロスザリバー,牡,3,54.0,▲古川奈,110.0,2.1/2,16,275.9,36.2,14-14-16-16,美浦 浅利,430,0,
202503010505,2025-04-26,福島,5,3歳未勝利,芝,1800,右,晴,良,"1回 福島 5日目 サラ系３歳 未勝利       見習騎手 馬齢 16頭 本賞金:560,220,140,84,56万円",16,560.0,16,1,2,コンセントレイト,セ,3,54.0,▲川端,110.1,1/2,10,49.5,38.7,2-2-2-5,栗東 渡辺,434,-18,
202503010506,2025-04-26,福島,6,3歳未勝利,ダ,1700,右,晴,良,"1回 福島 5日目 サラ系３歳 未勝利       [指] 馬齢 15頭 本賞金:560,220,140,84,56万円",15,560.0,1,5,9,マテンロウカナロア,牡,3,57.0,小沢,108.3,,3,6.2,39.5,2-2-2-1,栗東 野中,478,-6,
202503010506,2025-04-26,福島,6,3歳未勝利,ダ,1700,右,晴,良,"1回 福島 5日目 サラ系３歳 未勝利       [指] 馬齢 15頭 本賞金:560,220,140,84,56万円",15,560.0,2,2,3,コスモシェルベット,牡,3,57.0,杉原,108.6,1.3/4,9,43.8,39.4,4-3-5-5,美浦 水野,440,8,
202503010506,2025-04-26,福島,6,3歳未勝利,ダ,1700,右,晴,良,"1回 福島 5日目 サラ系３歳 未勝利       [指] 馬齢 15頭 本賞金:560,220,140,84,56万円",15,560.0,3,8,14,デルマムーン,牡,3,57.0,荻野極,108.7,3/4,4,10.3,39.8,3-3-3-3,美浦 鹿戸,526,0,
202503010506,2025-04-26,福島,6,3歳未勝利,ダ,1700,右,晴,良,"1回 福島 5日目 サラ系３歳 未勝利       [指] 馬齢 15頭 本賞金:560,220,140,84,56万円",15,560.0,4,2,2,オキョンピー,牡,3,57.0,丹内,108.8,クビ,1,1.8,39.9,6-6-3-4,美浦 高柳瑞,432,-4,
202503010506,2025-04-26,福島,6,3歳未勝利,ダ,1700,右,晴,良,"1回 福島 5日目 サラ系３歳 未勝利       [指] 馬齢 15頭 本賞金:560,220,140,84,56万円",15,560.0,5,7,13,ブラザービート,牡,3,57.0,内田博,109.1,2,2,5.3,39.0,14-15-10-6,美浦 奥村武,520,-8,
202503010506,2025-04-26,福島,6,3歳未勝利,ダ,1700,右,晴,良,"1回 福島 5日目 サラ系３歳 未勝利       [指] 馬齢 15頭 本賞金:560,220,140,84,56万円",15,560.0,6,3,5,チョウリニア,牝,3,52.0,▲古川奈,109.8,4,14,267.5,39.4,9-9-11-9,栗東 羽月,426,-8,
202503010506,2025-04-26,福島,6,3歳未勝利,ダ,1700,右,晴,良,"1回 福島 5日目 サラ系３歳 未勝利       [指] 馬齢 15頭 本賞金:560,220,140,84,56万円",15,560.0,7,8,15,ミユンガー,牡,3,57.0,国分恭,109.8,アタマ,8,40.3,39.4,12-12-11-9,栗東 岡田,460,-2,
202503010506,2025-04-26,福島,6,3歳未勝利,ダ,1700,右,晴,良,"1回 福島 5日目 サラ系３歳 未勝利       [指] 馬齢 15頭 本賞金:560,220,140,84,56万円",15,560.0,8,1,1,セイフウサツキ,牡,3,55.0,◇永島,110.1,1.3/4,10,44.9,39.2,13-13-14-12,栗東 松永幹,462,2,
202503010506,2025-04-26,福島,6,3歳未勝利,ダ,1700,右,晴,良,"1回 福島 5日目 サラ系３歳 未勝利       [指] 馬齢 15頭 本賞金:560,220,140,84,56万円",15,560.0,9,6,11,トンヤイビーン,牡,3,54.0,▲石田,110.1,クビ,7,30.5,40.3,10-10-7-6,美浦 辻,494,0,
202503010506,2025-04-26,福島,6,3歳未勝利,ダ,1700,右,晴,良,"1回 福島 5日目 サラ系３歳 未勝利       [指] 馬齢 15頭 本賞金:560,220,140,84,56万円",15,560.0,10,3,4,ファイアーワークス,牡,3,57.0,水口,110.3,1,11,52.0,40.5,11-10-7-6,美浦 加藤征,574,4,
202503010506,2025-04-26,福島,6,3歳未勝利,ダ,1700,右,晴,良,"1回 福島 5日目 サラ系３歳 未勝利       [指] 馬齢 15頭 本賞金:560,220,140,84,56万円",15,560.0,11,7,12,ヘイケ,牡,3,53.0,★小林美,110.7,2,6,19.7,42.0,1-1-1-2,美浦 尾形,506,-4,
202503010506,2025-04-26,福島,6,3歳未勝利,ダ,1700,右,晴,良,"1回 福島 5日目 サラ系３歳 未勝利       [指] 馬齢 15頭 本賞金:560,220,140,84,56万円",15,560.0,12,6,10,ソラノキャンバス,セ,3,54.0,▲石神道,110.7,クビ,5,12.9,40.8,6-7-9-12,美浦 武井,426,6,
202503010506,2025-04-26,福島,6,3歳未勝利,ダ,1700,右,晴,良,"1回 福島 5日目 サラ系３歳 未勝利       [指] 馬齢 15頭 本賞金:560,220,140,84,56万円",15,560.0,13,4,6,ハクシンマルペンサ,牝,3,52.0,▲遠藤,111.3,3.1/2,15,423.5,40.9,8-8-11-12,美浦 蛯名利,448,-4,
202503010506,2025-04-26,福島,6,3歳未勝利,ダ,1700,右,晴,良,"1回 福島 5日目 サラ系３歳 未勝利       [指] 馬齢 15頭 本賞金:560,220,140,84,56万円",15,560.0,14,4,7,ミラクルミッキー,牡,3,57.0,古川吉,112.5,7,12,62.1,43.4,4-5-5-9,美浦 牧,520,0,
202503010506,2025-04-26,福島,6,3歳未勝利,ダ,1700,右,晴,良,"1回 福島 5日目 サラ系３歳 未勝利       [指] 馬齢 15頭 本賞金:560,220,140,84,56万円",15,560.0,,5,8,メイショウトサンコ,牡,3,54.0,▲今村,,,13,188.6,,14-13-15-15,栗東 飯田,430,-8,中止
202503010507,2025-04-26,福島,7,4歳以上1勝クラス,芝,1200,右,晴,良,"1回 福島 5日目 サラ系４歳以上 １勝クラス       [指] 定量 15頭 本賞金:800,320,200,120,80万円",15,800.0,1,3,5,マイネルラッシュ,牡,5,58.0,丹内,69.7,,3,5.5,33.4,14-10,美浦 水野,466,-2,
202503010507,2025-04-26,福島,7,4歳以上1勝クラス,芝,1200,右,晴,良,"1回 福島 5日目 サラ系４歳以上 １勝クラス       [指] 定量 15頭 本賞金:800,320,200,120,80万円",15,800.0,2,1,1,ブライティアダイヤ,牝,4,55.0,☆横山琉,69.7,クビ,13,74.2,33.7,7-7,美浦 稲垣,458,-4,
202503010507,2025-04-26,福島,7,4歳以上1勝クラス,芝,1200,右,晴,良,"1回 福島 5日目 サラ系４歳以上 １勝クラス       [指] 定量 15頭 本賞金:800,320,200,120,80万円",15,800.0,3,6,11,アンバーニードル,牡,4,58.0,菊沢,69.7,ハナ,1,5.0,34.2,2-2,美浦 加藤征,490,-14,
202503010507,2025-04-26,福島,7,4歳以上1勝クラス,芝,1200,右,晴,良,"1回 福島 5日目 サラ系４歳以上 １勝クラス       [指] 定量 15頭 本賞金:800,320,200,120,80万円",15,800.0,4,3,4,ピースフルナイト,牝,5,56.0,斎藤,69.7,ハナ,2,5.0,33.9,4-4,栗東 高野,402,0,
202503010507,2025-04-26,福島,7,4歳以上1勝クラス,芝,1200,右,晴,良,"1回 福島 5日目 サラ系４歳以上 １勝クラス       [指] 定量 15頭 本賞金:800,320,200,120,80万円",15,800.0,5,6,10,イリスアスール,牝,4,56.0,角田和,69.8,1/2,6,10.8,34.3,1-1,栗東 角田,448,-8,
202503010507,2025-04-26,福島,7,4歳以上1勝クラス,芝,1200,右,晴,良,"1回 福島 5日目 サラ系４歳以上 １勝クラス       [指] 定量 15頭 本賞金:800,320,200,120,80万円",15,800.0,6,8,14,キョウエイカンセ,牡,4,55.0,▲遠藤,69.8,クビ,14,90.2,34.0,4-4,美浦 萱野,490,2,
202503010507,2025-04-26,福島,7,4歳以上1勝クラス,芝,1200,右,晴,良,"1回 福島 5日目 サラ系４歳以上 １勝クラス       [指] 定量 15頭 本賞金:800,320,200,120,80万円",15,800.0,7,2,3,サンライズフォルス,牡,5,55.0,▲川端,69.9,1/2,5,9.6,33.9,7-7,栗東 羽月,512,14,
202503010507,2025-04-26,福島,7,4歳以上1勝クラス,芝,1200,右,晴,良,"1回 福島 5日目 サラ系４歳以上 １勝クラス       [指] 定量 15頭 本賞金:800,320,200,120,80万円",15,800.0,8,2,2,ドランクマン,牡,4,57.0,☆松本,69.9,クビ,7,11.0,34.2,4-4,栗東 新谷,458,2,
202503010507,2025-04-26,福島,7,4歳以上1勝クラス,芝,1200,右,晴,良,"1回 福島 5日目 サラ系４歳以上 １勝クラス       [指] 定量 15頭 本賞金:800,320,200,120,80万円",15,800.0,9,4,6,ツッチーフェイス,牝,6,56.0,小沢,70.0,1/2,12,70.4,33.8,12-10,栗東 今野,482,6,
202503010507,2025-04-26,福島,7,4歳以上1勝クラス,芝,1200,右,晴,良,"1回 福島 5日目 サラ系４歳以上 １勝クラス       [指] 定量 15頭 本賞金:800,320,200,120,80万円",15,800.0,10,4,7,マテンロウアネモス,牝,5,53.0,▲今村,70.1,3/4,8,14.2,34.2,7-7,美浦 久保田,448,4,
202503010507,2025-04-26,福島,7,4歳以上1勝クラス,芝,1200,右,晴,良,"1回 福島 5日目 サラ系４歳以上 １勝クラス       [指] 定量 15頭 本賞金:800,320,200,120,80万円",15,800.0,11,7,13,アンタノバラード,牝,5,56.0,内田博,70.1,ハナ,11,40.0,34.5,3-3,美浦 伊藤大,436,-10,
202503010507,2025-04-26,福島,7,4歳以上1勝クラス,芝,1200,右,晴,良,"1回 福島 5日目 サラ系４歳以上 １勝クラス       [指] 定量 15頭 本賞金:800,320,200,120,80万円",15,800.0,12,8,15,ハッピーサプライズ,牡,4,58.0,秋山稔,70.3,1,10,38.1,34.2,10-10,美浦 佐藤吉,470,2,
202503010507,2025-04-26,福島,7,4歳以上1勝クラス,芝,1200,右,晴,良,"1回 福島 5日目 サラ系４歳以上 １勝クラス       [指] 定量 15頭 本賞金:800,320,200,120,80万円",15,800.0,13,7,12,ビアフォーナウ,牝,4,56.0,亀田,70.5,1,9,18.4,34.2,14-14,美浦 池上,444,0,
202503010507,2025-04-26,福島,7,4歳以上1勝クラス,芝,1200,右,晴,良,"1回 福島 5日目 サラ系４歳以上 １勝クラス       [指] 定量 15頭 本賞金:800,320,200,120,80万円",15,800.0,14,5,8,ハウファアイルゴー,牝,6,53.0,▲古川奈,70.5,クビ,15,325.1,34.3,12-15,美浦 天間,468,2,
202503010507,2025-04-26,福島,7,4歳以上1勝クラス,芝,1200,右,晴,良,"1回 福島 5日目 サラ系４歳以上 １勝クラス       [指] 定量 15頭 本賞金:800,320,200,120,80万円",15,800.0,15,5,9,ガットネロ,牝,5,54.0,◇永島,70.8,1.1/2,4,5.9,34.7,10-10,栗東 東田,484,2,
202503010508,2025-04-26,福島,8,4歳以上1勝クラス,ダ,1150,右,晴,良,"1回 福島 5日目 サラ系４歳以上 １勝クラス       牝[指] 定量 16頭 本賞金:800,320,200,120,80万円",16,800.0,1,4,7,ニホンピロトッティ,牝,4,56.0,小沢,69.2,,1,2.0,37.3,1-1,栗東 緒方,406,8,
202503010508,2025-04-26,福島,8,4歳以上1勝クラス,ダ,1150,右,晴,良,"1回 福島 5日目 サラ系４歳以上 １勝クラス       牝[指] 定量 16頭 本賞金:800,320,200,120,80万円",16,800.0,2,6,12,ゴッドカインド,牝,4,53.0,▲今村,69.3,3/4,2,3.2,36.7,6-5,栗東 飯田,392,-6,
202503010508,2025-04-26,福島,8,4歳以上1勝クラス,ダ,1150,右,晴,良,"1回 福島 5日目 サラ系４歳以上 １勝クラス       牝[指] 定量 16頭 本賞金:800,320,200,120,80万円",16,800.0,3,8,15,サザンレイク,牝,5,53.0,▲石神道,69.8,3,5,17.0,37.5,4-4,美浦 根本,490,-16,
202503010508,2025-04-26,福島,8,4歳以上1勝クラス,ダ,1150,右,晴,良,"1回 福島 5日目 サラ系４歳以上 １勝クラス       牝[指] 定量 16頭 本賞金:800,320,200,120,80万円",16,800.0,4,4,8,ベニシア,牝,4,56.0,菊沢,69.8,ハナ,9,33.8,37.8,2-2,美浦 粕谷,436,4,
202503010508,2025-04-26,福島,8,4歳以上1勝クラス,ダ,1150,右,晴,良,"1回 福島 5日目 サラ系４歳以上 １勝クラス       牝[指] 定量 16頭 本賞金:800,320,200,120,80万円",16,800.0,5,6,11,アルヘンティニータ,牝,4,56.0,杉原,69.9,1/2,13,70.6,37.8,3-3,栗東 西村,428,2,
202503010508,2025-04-26,福島,8,4歳以上1勝クラス,ダ,1150,右,晴,良,"1回 福島 5日目 サラ系４歳以上 １勝クラス       牝[指] 定量 16頭 本賞金:800,320,200,120,80万円",16,800.0,6,7,13,ノーブルミステリー,牝,5,56.0,丹内,70.0,1/2,7,29.8,37.0,9-9,美浦 菊川,454,0,
202503010508,2025-04-26,福島,8,4歳以上1勝クラス,ダ,1150,右,晴,良,"1回 福島 5日目 サラ系４歳以上 １勝クラス       牝[指] 定量 16頭 本賞金:800,320,200,120,80万円",16,800.0,7,3,5,アイスリンディ,牝,4,56.0,亀田,70.0,アタマ,4,12.1,36.9,9-9,栗東 高柳大,462,6,
202503010508,2025-04-26,福島,8,4歳以上1勝クラス,ダ,1150,右,晴,良,"1回 福島 5日目 サラ系４歳以上 １勝クラス       牝[指] 定量 16頭 本賞金:800,320,200,120,80万円",16,800.0,8,1,1,ローズブルーム,牝,6,56.0,小林脩,70.3,1.1/2,12,63.1,37.6,6-5,美浦 伊藤大,452,-8,
202503010508,2025-04-26,福島,8,4歳以上1勝クラス,ダ,1150,右,晴,良,"1回 福島 5日目 サラ系４歳以上 １勝クラス       牝[指] 定量 16頭 本賞金:800,320,200,120,80万円",16,800.0,9,5,9,レグザゴン,牝,4,56.0,斎藤,70.3,クビ,6,21.7,38.0,4-5,美浦 斎藤誠,448,-2,
202503010508,2025-04-26,福島,8,4歳以上1勝クラス,ダ,1150,右,晴,良,"1回 福島 5日目 サラ系４歳以上 １勝クラス       牝[指] 定量 16頭 本賞金:800,320,200,120,80万円",16,800.0,10,1,2,タミゼ,牝,4,56.0,荻野琢,70.6,1.1/2,8,30.3,37.9,6-8,栗東 平田,480,12,
202503010508,2025-04-26,福島,8,4歳以上1勝クラス,ダ,1150,右,晴,良,"1回 福島 5日目 サラ系４歳以上 １勝クラス       牝[指] 定量 16頭 本賞金:800,320,200,120,80万円",16,800.0,11,2,3,グッドロマンス,牝,5,53.0,▲古川奈,70.9,1.3/4,14,103.0,37.5,13-13,栗東 前川,456,-10,
202503010508,2025-04-26,福島,8,4歳以上1勝クラス,ダ,1150,右,晴,良,"1回 福島 5日目 サラ系４歳以上 １勝クラス       牝[指] 定量 16頭 本賞金:800,320,200,120,80万円",16,800.0,12,3,6,フェレザ,牝,4,52.0,★小林美,70.9,アタマ,3,11.5,37.6,12-12,栗東 高橋一,446,8,
202503010508,2025-04-26,福島,8,4歳以上1勝クラス,ダ,1150,右,晴,良,"1回 福島 5日目 サラ系４歳以上 １勝クラス       牝[指] 定量 16頭 本賞金:800,320,200,120,80万円",16,800.0,13,2,4,マオノボルケーノ,牝,4,54.0,◇永島,71.0,1,11,60.8,37.1,16-15,美浦 辻,440,-19,
202503010508,2025-04-26,福島,8,4歳以上1勝クラス,ダ,1150,右,晴,良,"1回 福島 5日目 サラ系４歳以上 １勝クラス       牝[指] 定量 16頭 本賞金:800,320,200,120,80万円",16,800.0,14,5,10,イエローサファイア,牝,4,53.0,▲舟山,71.1,クビ,16,242.8,37.4,15-16,栗東 佐藤悠,514,-4,
202503010508,2025-04-26,福島,8,4歳以上1勝クラス,ダ,1150,右,晴,良,"1回 福島 5日目 サラ系４歳以上 １勝クラス       牝[指] 定量 16頭 本賞金:800,320,200,120,80万円",16,800.0,15,8,16,レットイットゴー,牝,5,56.0,秋山稔,71.1,アタマ,15,175.5,38.1,9-9,栗東 佐藤悠,446,-7,
202503010508,2025-04-26,福島,8,4歳以上1勝クラス,ダ,1150,右,晴,良,"1回 福島 5日目 サラ系４歳以上 １勝クラス       牝[指] 定量 16頭 本賞金:800,320,200,120,80万円",16,800.0,16,7,14,シンボリノエル,牝,4,56.0,古川吉,71.1,ハナ,10,52.7,37.5,14-13,美浦 土田,494,2,
202503010509,2025-04-26,福島,9,雪うさぎ賞,芝,1200,右,晴,良,"1回 福島 5日目 サラ系３歳 １勝クラス       (混)(特指) 馬齢 16頭 本賞金:1110,440,280,170,111万円",16,1110.0,1,6,12,ワース,牡,3,57.0,丹内,68.7,,1,2.8,34.2,3-3,美浦 上原佑,494,-2,
202503010509,2025-04-26,福島,9,雪うさぎ賞,芝,1200,右,晴,良,"1回 福島 5日目 サラ系３歳 １勝クラス       (混)(特指) 馬齢 16頭 本賞金:1110,440,280,170,111万円",16,1110.0,2,8,15,ウインマスカレード,牡,3,57.0,加藤,68.8,3/4,7,19.8,34.4,2-2,栗東 宮本,460,-14,
202503010509,2025-04-26,福島,9,雪うさぎ賞,芝,1200,右,晴,良,"1回 福島 5日目 サラ系３歳 １勝クラス       (混)(特指) 馬齢 16頭 本賞金:1110,440,280,170,111万円",16,1110.0,3,5,10,フウセツ,牡,3,57.0,丸山,68.9,クビ,3,6.0,34.6,1-1,美浦 鈴木慎,478,-14,
202503010509,2025-04-26,福島,9,雪うさぎ賞,芝,1200,右,晴,良,"1回 福島 5日目 サラ系３歳 １勝クラス       (混)(特指) 馬齢 16頭 本賞金:1110,440,280,170,111万円",16,1110.0,4,8,16,カルプスペルシュ,牝,3,55.0,吉田隼,69.0,3/4,5,8.2,34.4,3-6,栗東 石坂,464,-2,
202503010509,2025-04-26,福島,9,雪うさぎ賞,芝,1200,右,晴,良,"1回 福島 5日目 サラ系３歳 １勝クラス       (混)(特指) 馬齢 16頭 本賞金:1110,440,280,170,111万円",16,1110.0,5,3,5,ブルーサンセット,牝,3,55.0,荻野極,69.1,クビ,9,26.2,34.5,3-3,栗東 奥村豊,446,-6,
202503010509,2025-04-26,福島,9,雪うさぎ賞,芝,1200,右,晴,良,"1回 福島 5日目 サラ系３歳 １勝クラス       (混)(特指) 馬齢 16頭 本賞金:1110,440,280,170,111万円",16,1110.0,6,5,9,フリッカージャブ,牡,3,57.0,杉原,69.2,1/2,2,4.8,34.6,3-3,栗東 西園翔,480,8,
202503010509,2025-04-26,福島,9,雪うさぎ賞,芝,1200,右,晴,良,"1回 福島 5日目 サラ系３歳 １勝クラス       (混)(特指) 馬齢 16頭 本賞金:1110,440,280,170,111万円",16,1110.0,7,2,4,アーサーズウェイン,牝,3,55.0,小沢,69.3,3/4,6,15.9,34.2,10-9,栗東 高橋一,444,0,
202503010509,2025-04-26,福島,9,雪うさぎ賞,芝,1200,右,晴,良,"1回 福島 5日目 サラ系３歳 １勝クラス       (混)(特指) 馬齢 16頭 本賞金:1110,440,280,170,111万円",16,1110.0,8,4,7,エコロハート,牝,3,55.0,亀田,69.3,クビ,13,126.4,34.1,12-11,栗東 須貝,418,-6,
202503010509,2025-04-26,福島,9,雪うさぎ賞,芝,1200,右,晴,良,"1回 福島 5日目 サラ系３歳 １勝クラス       (混)(特指) 馬齢 16頭 本賞金:1110,440,280,170,111万円",16,1110.0,9,1,1,ロードヴェルト,牡,3,57.0,国分恭,69.4,クビ,10,35.2,34.0,14-14,栗東 牧浦,420,-6,
202503010509,2025-04-26,福島,9,雪うさぎ賞,芝,1200,右,晴,良,"1回 福島 5日目 サラ系３歳 １勝クラス       (混)(特指) 馬齢 16頭 本賞金:1110,440,280,170,111万円",16,1110.0,10,2,3,セディバン,牡,3,57.0,古川吉,69.5,3/4,4,7.1,34.7,8-7,栗東 吉田,480,-4,
202503010509,2025-04-26,福島,9,雪うさぎ賞,芝,1200,右,晴,良,"1回 福島 5日目 サラ系３歳 １勝クラス       (混)(特指) 馬齢 16頭 本賞金:1110,440,280,170,111万円",16,1110.0,11,6,11,クロユキ,牝,3,55.0,角田和,69.9,2.1/2,11,71.2,35.1,8-9,栗東 松永幹,424,-6,
202503010509,2025-04-26,福島,9,雪うさぎ賞,芝,1200,右,晴,良,"1回 福島 5日目 サラ系３歳 １勝クラス       (混)(特指) 馬齢 16頭 本賞金:1110,440,280,170,111万円",16,1110.0,12,3,6,シュードタキライト,牡,3,57.0,横山琉,69.9,ハナ,14,138.8,34.9,10-11,美浦 菊川,486,-4,
202503010509,2025-04-26,福島,9,雪うさぎ賞,芝,1200,右,晴,良,"1回 福島 5日目 サラ系３歳 １勝クラス       (混)(特指) 馬齢 16頭 本賞金:1110,440,280,170,111万円",16,1110.0,13,7,14,ラインパシオン,牝,3,55.0,今村,69.9,ハナ,16,301.9,34.4,15-15,美浦 水野,390,-6,
202503010509,2025-04-26,福島,9,雪うさぎ賞,芝,1200,右,晴,良,"1回 福島 5日目 サラ系３歳 １勝クラス       (混)(特指) 馬齢 16頭 本賞金:1110,440,280,170,111万円",16,1110.0,14,1,2,シュラフ,牝,3,55.0,嶋田,69.9,クビ,15,227.7,34.2,16-15,美浦 佐藤吉,432,-6,
202503010509,2025-04-26,福島,9,雪うさぎ賞,芝,1200,右,晴,良,"1回 福島 5日目 サラ系３歳 １勝クラス       (混)(特指) 馬齢 16頭 本賞金:1110,440,280,170,111万円",16,1110.0,15,7,13,キャリーグレイス,牝,3,55.0,菊沢,70.2,1.3/4,12,88.3,35.5,7-7,栗東 寺島,436,2,
202503010509,2025-04-26,福島,9,雪うさぎ賞,芝,1200,右,晴,良,"1回 福島 5日目 サラ系３歳 １勝クラス       (混)(特指) 馬齢 16頭 本賞金:1110,440,280,170,111万円",16,1110.0,16,4,8,サマースイートピー,牝,3,55.0,内田博,70.2,アタマ,8,23.1,34.9,12-11,美浦 千葉,480,4,
202503010510,2025-04-26,福島,10,飯盛山特別,芝,2000,右,晴,良,"1回 福島 5日目 サラ系４歳以上 １勝クラス       (混)[指] 定量 13頭 本賞金:1110,440,280,170,111万円",13,1110.0,1,7,11,カリーニョ,牡,4,58.0,小沢,119.3,,1,3.6,34.6,8-8-8-7,栗東 杉山晴,462,-4,
202503010510,2025-04-26,福島,10,飯盛山特別,芝,2000,右,晴,良,"1回 福島 5日目 サラ系４歳以上 １勝クラス       (混)[指] 定量 13頭 本賞金:1110,440,280,170,111万円",13,1110.0,2,3,3,マイネルモメンタム,牡,4,58.0,横山琉,119.5,1.1/4,6,12.5,35.2,3-3-3-3,美浦 相沢,482,-4,
202503010510,2025-04-26,福島,10,飯盛山特別,芝,2000,右,晴,良,"1回 福島 5日目 サラ系４歳以上 １勝クラス       (混)[指] 定量 13頭 本賞金:1110,440,280,170,111万円",13,1110.0,3,8,13,フォルテフィオーレ,牡,4,58.0,吉田隼,119.8,2,2,3.7,35.7,2-2-2-2,美浦 上原佑,448,0,
202503010510,2025-04-26,福島,10,飯盛山特別,芝,2000,右,晴,良,"1回 福島 5日目 サラ系４歳以上 １勝クラス       (混)[指] 定量 13頭 本賞金:1110,440,280,170,111万円",13,1110.0,4,4,5,サングラデーション,牡,5,58.0,杉原,120.0,3/4,5,11.8,35.4,6-5-5-5,美浦 千葉,428,-4,
202503010510,2025-04-26,福島,10,飯盛山特別,芝,2000,右,晴,良,"1回 福島 5日目 サラ系４歳以上 １勝クラス       (混)[指] 定量 13頭 本賞金:1110,440,280,170,111万円",13,1110.0,5,5,6,アスクメークシェア,牡,5,58.0,古川奈,120.1,1/2,10,23.7,34.9,11-11-11-11,栗東 前川,496,0,
202503010510,2025-04-26,福島,10,飯盛山特別,芝,2000,右,晴,良,"1回 福島 5日目 サラ系４歳以上 １勝クラス       (混)[指] 定量 13頭 本賞金:1110,440,280,170,111万円",13,1110.0,6,5,7,コスモアバンサ,牡,5,58.0,斎藤,120.3,1.1/4,7,15.7,36.1,3-3-3-3,美浦 清水英,488,0,
202503010510,2025-04-26,福島,10,飯盛山特別,芝,2000,右,晴,良,"1回 福島 5日目 サラ系４歳以上 １勝クラス       (混)[指] 定量 13頭 本賞金:1110,440,280,170,111万円",13,1110.0,7,2,2,マーゴットソラーレ,牡,4,58.0,菊沢,120.3,クビ,4,7.9,36.3,1-1-1-1,美浦 伊坂,450,0,
202503010510,2025-04-26,福島,10,飯盛山特別,芝,2000,右,晴,良,"1回 福島 5日目 サラ系４歳以上 １勝クラス       (混)[指] 定量 13頭 本賞金:1110,440,280,170,111万円",13,1110.0,8,1,1,フォーグッド,セ,6,58.0,内田博,120.3,アタマ,11,52.0,35.4,8-8-9-8,美浦 国枝,506,-10,
202503010510,2025-04-26,福島,10,飯盛山特別,芝,2000,右,晴,良,"1回 福島 5日目 サラ系４歳以上 １勝クラス       (混)[指] 定量 13頭 本賞金:1110,440,280,170,111万円",13,1110.0,9,6,8,ミラキュラスドラマ,牡,4,58.0,亀田,120.5,1,8,16.6,35.7,8-8-9-8,栗東 宮地,462,0,
202503010510,2025-04-26,福島,10,飯盛山特別,芝,2000,右,晴,良,"1回 福島 5日目 サラ系４歳以上 １勝クラス       (混)[指] 定量 13頭 本賞金:1110,440,280,170,111万円",13,1110.0,10,4,4,ヘザルフェン,牡,4,58.0,古川吉,120.9,2.1/2,9,19.5,35.6,11-11-12-12,栗東 昆,492,-6,
202503010510,2025-04-26,福島,10,飯盛山特別,芝,2000,右,晴,良,"1回 福島 5日目 サラ系４歳以上 １勝クラス       (混)[指] 定量 13頭 本賞金:1110,440,280,170,111万円",13,1110.0,11,6,9,スコプルス,牝,5,56.0,国分恭,121.3,2.1/2,13,226.4,35.8,13-13-13-12,美浦 天間,438,2,
202503010510,2025-04-26,福島,10,飯盛山特別,芝,2000,右,晴,良,"1回 福島 5日目 サラ系４歳以上 １勝クラス       (混)[指] 定量 13頭 本賞金:1110,440,280,170,111万円",13,1110.0,12,8,12,コスモバラタ,牡,5,58.0,丹内,121.6,1.3/4,3,6.2,37.1,5-5-5-5,美浦 武市,476,-6,
202503010510,2025-04-26,福島,10,飯盛山特別,芝,2000,右,晴,良,"1回 福島 5日目 サラ系４歳以上 １勝クラス       (混)[指] 定量 13頭 本賞金:1110,440,280,170,111万円",13,1110.0,13,7,10,フリューゲルホルン,牡,6,58.0,荻野極,123.2,10,12,61.1,38.7,6-5-5-8,美浦 和田郎,522,-6,
202503010511,2025-04-26,福島,11,福島中央テレビ杯,芝,1200,右,晴,良,"1回 福島 5日目 サラ系４歳以上 ２勝クラス       (混)[指] ハンデ 16頭 本賞金:1550,620,390,230,155万円",16,1550.0,1,4,7,トールキン,牡,5,56.0,古川吉,68.3,,9,21.5,33.5,10-9,栗東 西園正,496,-2,
202503010511,2025-04-26,福島,11,福島中央テレビ杯,芝,1200,右,晴,良,"1回 福島 5日目 サラ系４歳以上 ２勝クラス       (混)[指] ハンデ 16頭 本賞金:1550,620,390,230,155万円",16,1550.0,2,2,3,アスティスプマンテ,牝,4,54.0,小沢,68.4,1,5,7.8,34.0,5-4,栗東 杉山晴,432,4,
202503010511,2025-04-26,福島,11,福島中央テレビ杯,芝,1200,右,晴,良,"1回 福島 5日目 サラ系４歳以上 ２勝クラス       (混)[指] ハンデ 16頭 本賞金:1550,620,390,230,155万円",16,1550.0,3,7,13,イグニション,牡,5,55.0,荻野極,68.5,1/2,11,22.2,34.1,5-4,栗東 畑端,466,-10,
202503010511,2025-04-26,福島,11,福島中央テレビ杯,芝,1200,右,晴,良,"1回 福島 5日目 サラ系４歳以上 ２勝クラス       (混)[指] ハンデ 16頭 本賞金:1550,620,390,230,155万円",16,1550.0,4,1,2,バシレウスシチー,牡,6,57.0,角田和,68.7,1,8,18.6,34.1,8-7,栗東 岡田,454,-6,
202503010511,2025-04-26,福島,11,福島中央テレビ杯,芝,1200,右,晴,良,"1回 福島 5日目 サラ系４歳以上 ２勝クラス       (混)[指] ハンデ 16頭 本賞金:1550,620,390,230,155万円",16,1550.0,5,3,5,アドマイヤジェイ,牡,6,55.0,丹内,68.7,アタマ,2,6.6,34.2,7-9,栗東 友道,486,-4,
202503010511,2025-04-26,福島,11,福島中央テレビ杯,芝,1200,右,晴,良,"1回 福島 5日目 サラ系４歳以上 ２勝クラス       (混)[指] ハンデ 16頭 本賞金:1550,620,390,230,155万円",16,1550.0,6,8,16,スイミーユニバンス,牝,5,53.0,藤懸,68.8,1/2,13,53.2,33.3,14-15,栗東 平田,424,0,
202503010511,2025-04-26,福島,11,福島中央テレビ杯,芝,1200,右,晴,良,"1回 福島 5日目 サラ系４歳以上 ２勝クラス       (混)[指] ハンデ 16頭 本賞金:1550,620,390,230,155万円",16,1550.0,7,6,12,ゴルトリッチ,牡,5,55.0,菊沢,68.8,アタマ,7,13.0,33.4,14-12,栗東 牧浦,504,-8,
202503010511,2025-04-26,福島,11,福島中央テレビ杯,芝,1200,右,晴,良,"1回 福島 5日目 サラ系４歳以上 ２勝クラス       (混)[指] ハンデ 16頭 本賞金:1550,620,390,230,155万円",16,1550.0,8,8,15,ジオパーククラウン,牡,5,54.0,横山琉,68.9,1/2,14,110.1,33.8,12-12,栗東 長谷川,450,2,
202503010511,2025-04-26,福島,11,福島中央テレビ杯,芝,1200,右,晴,良,"1回 福島 5日目 サラ系４歳以上 ２勝クラス       (混)[指] ハンデ 16頭 本賞金:1550,620,390,230,155万円",16,1550.0,9,5,9,イツモニコニコ,牝,4,55.0,田中健,69.0,1/2,4,7.0,34.8,2-2,栗東 浜田,494,-2,
202503010511,2025-04-26,福島,11,福島中央テレビ杯,芝,1200,右,晴,良,"1回 福島 5日目 サラ系４歳以上 ２勝クラス       (混)[指] ハンデ 16頭 本賞金:1550,620,390,230,155万円",16,1550.0,10,1,1,グランツベリー,牝,5,53.0,国分恭,69.0,アタマ,10,21.9,34.4,8-7,栗東 田中克,446,-8,
202503010511,2025-04-26,福島,11,福島中央テレビ杯,芝,1200,右,晴,良,"1回 福島 5日目 サラ系４歳以上 ２勝クラス       (混)[指] ハンデ 16頭 本賞金:1550,620,390,230,155万円",16,1550.0,11,4,8,メイショウミリオレ,牝,4,53.0,松本,69.1,3/4,12,24.1,34.1,11-11,栗東 藤岡,472,-10,
202503010511,2025-04-26,福島,11,福島中央テレビ杯,芝,1200,右,晴,良,"1回 福島 5日目 サラ系４歳以上 ２勝クラス       (混)[指] ハンデ 16頭 本賞金:1550,620,390,230,155万円",16,1550.0,12,7,14,アイノセンシ,牡,5,56.0,吉田隼,69.3,1,6,8.2,35.0,4-4,美浦 牧,508,-2,
202503010511,2025-04-26,福島,11,福島中央テレビ杯,芝,1200,右,晴,良,"1回 福島 5日目 サラ系４歳以上 ２勝クラス       (混)[指] ハンデ 16頭 本賞金:1550,620,390,230,155万円",16,1550.0,13,6,11,プルスウルトラ,牡,7,52.0,小林脩,69.6,1.3/4,15,166.4,34.5,12-12,美浦 高橋文,528,-20,
202503010511,2025-04-26,福島,11,福島中央テレビ杯,芝,1200,右,晴,良,"1回 福島 5日目 サラ系４歳以上 ２勝クラス       (混)[指] ハンデ 16頭 本賞金:1550,620,390,230,155万円",16,1550.0,14,2,4,ワンダーキサラ,牝,6,56.0,斎藤,69.7,1/2,1,4.5,35.6,1-1,栗東 石橋,464,0,
202503010511,2025-04-26,福島,11,福島中央テレビ杯,芝,1200,右,晴,良,"1回 福島 5日目 サラ系４歳以上 ２勝クラス       (混)[指] ハンデ 16頭 本賞金:1550,620,390,230,155万円",16,1550.0,15,3,6,ビッグドリーム,牡,4,55.0,丸山,70.0,1.3/4,3,6.7,35.8,2-2,栗東 西園正,528,-4,
202503010511,2025-04-26,福島,11,福島中央テレビ杯,芝,1200,右,晴,良,"1回 福島 5日目 サラ系４歳以上 ２勝クラス       (混)[指] ハンデ 16頭 本賞金:1550,620,390,230,155万円",16,1550.0,,5,10,モズトキキ,牝,4,54.0,永島,,,,,,,栗東 平田,544,-6,除外
202503010512,2025-04-26,福島,12,4歳以上1勝クラス,ダ,1700,右,晴,良,"1回 福島 5日目 サラ系４歳以上 １勝クラス       [指] 定量 13頭 本賞金:800,320,200,120,80万円",13,800.0,1,7,10,マッスルバック,牡,4,58.0,菊沢,107.1,,3,5.4,37.9,3-3-4-4,美浦 水野,470,-4,
202503010512,2025-04-26,福島,12,4歳以上1勝クラス,ダ,1700,右,晴,良,"1回 福島 5日目 サラ系４歳以上 １勝クラス       [指] 定量 13頭 本賞金:800,320,200,120,80万円",13,800.0,2,7,11,プラムダンディ,牡,4,58.0,吉田隼,107.5,2.1/2,2,4.5,37.6,7-7-8-6,美浦 尾形,450,2,
202503010512,2025-04-26,福島,12,4歳以上1勝クラス,ダ,1700,右,晴,良,"1回 福島 5日目 サラ系４歳以上 １勝クラス       [指] 定量 13頭 本賞金:800,320,200,120,80万円",13,800.0,3,3,3,セージグリーン,牝,4,52.0,★小林美,107.7,1.1/4,6,16.3,38.4,4-4-5-5,美浦 菊川,476,2,
202503010512,2025-04-26,福島,12,4歳以上1勝クラス,ダ,1700,右,晴,良,"1回 福島 5日目 サラ系４歳以上 １勝クラス       [指] 定量 13頭 本賞金:800,320,200,120,80万円",13,800.0,4,4,4,オーケーバーディー,牝,4,55.0,☆横山琉,107.9,1.1/4,4,7.8,39.0,2-2-2-2,美浦 相沢,444,0,
202503010512,2025-04-26,福島,12,4歳以上1勝クラス,ダ,1700,右,晴,良,"1回 福島 5日目 サラ系４歳以上 １勝クラス       [指] 定量 13頭 本賞金:800,320,200,120,80万円",13,800.0,5,5,7,ウインイメル,牡,4,58.0,黛,107.9,ハナ,1,2.9,38.3,4-4-6-6,美浦 深山,488,-2,
202503010512,2025-04-26,福島,12,4歳以上1勝クラス,ダ,1700,右,晴,良,"1回 福島 5日目 サラ系４歳以上 １勝クラス       [指] 定量 13頭 本賞金:800,320,200,120,80万円",13,800.0,6,8,13,アイファーファイト,牡,6,58.0,藤懸,108.1,1.1/4,12,61.3,37.5,13-13-13-10,栗東 井上,440,-2,
202503010512,2025-04-26,福島,12,4歳以上1勝クラス,ダ,1700,右,晴,良,"1回 福島 5日目 サラ系４歳以上 １勝クラス       [指] 定量 13頭 本賞金:800,320,200,120,80万円",13,800.0,7,5,6,サンカルミア,牡,4,58.0,荻野極,108.1,ハナ,11,38.0,37.8,10-9-11-10,美浦 伊坂,486,8,
202503010512,2025-04-26,福島,12,4歳以上1勝クラス,ダ,1700,右,晴,良,"1回 福島 5日目 サラ系４歳以上 １勝クラス       [指] 定量 13頭 本賞金:800,320,200,120,80万円",13,800.0,8,6,8,アステロイドメア,牝,5,55.0,☆松本,108.2,1/2,7,16.9,38.2,11-11-9-9,美浦 武市,500,0,
202503010512,2025-04-26,福島,12,4歳以上1勝クラス,ダ,1700,右,晴,良,"1回 福島 5日目 サラ系４歳以上 １勝クラス       [指] 定量 13頭 本賞金:800,320,200,120,80万円",13,800.0,9,1,1,オリエンタルキング,牡,6,56.0,◇永島,108.7,3,10,25.3,39.0,4-4-6-8,栗東 羽月,498,-6,
202503010512,2025-04-26,福島,12,4歳以上1勝クラス,ダ,1700,右,晴,良,"1回 福島 5日目 サラ系４歳以上 １勝クラス       [指] 定量 13頭 本賞金:800,320,200,120,80万円",13,800.0,10,2,2,ブリッツクリーク,牡,4,58.0,秋山稔,108.7,ハナ,5,13.5,39.8,1-1-1-1,栗東 北出,516,-6,
202503010512,2025-04-26,福島,12,4歳以上1勝クラス,ダ,1700,右,晴,良,"1回 福島 5日目 サラ系４歳以上 １勝クラス       [指] 定量 13頭 本賞金:800,320,200,120,80万円",13,800.0,11,4,5,アドマイヤイル,牡,5,58.0,杉原,108.8,クビ,8,17.3,38.5,12-12-11-10,栗東 友道,538,-4,
202503010512,2025-04-26,福島,12,4歳以上1勝クラス,ダ,1700,右,晴,良,"1回 福島 5日目 サラ系４歳以上 １勝クラス       [指] 定量 13頭 本賞金:800,320,200,120,80万円",13,800.0,12,8,12,テンフェリーチェ,牝,5,53.0,▲古川奈,108.8,ハナ,13,197.9,38.7,7-9-10-10,美浦 辻,480,-2,
202503010512,2025-04-26,福島,12,4歳以上1勝クラス,ダ,1700,右,晴,良,"1回 福島 5日目 サラ系４歳以上 １勝クラス       [指] 定量 13頭 本賞金:800,320,200,120,80万円",13,800.0,13,6,9,ジーティーアグリム,牝,4,56.0,丹内,108.9,3/4,9,22.0,40.0,7-7-2-2,美浦 奥平,528,-4,
202505020101,2025-04-26,東京,1,3歳未勝利,ダ,1600,左,曇,稍,"2回 東京 1日目 サラ系３歳 未勝利       牝[指] 馬齢 16頭 本賞金:560,220,140,84,56万円",16,560.0,1,3,6,ライズトゥザトップ,牝,3,55.0,木幡巧,98.1,,6,8.7,38.1,4-4,美浦 牧,486,2,
202505020101,2025-04-26,東京,1,3歳未勝利,ダ,1600,左,曇,稍,"2回 東京 1日目 サラ系３歳 未勝利       牝[指] 馬齢 16頭 本賞金:560,220,140,84,56万円",16,560.0,2,4,7,ジェンダアネモス,牝,3,55.0,石川,98.6,3,10,22.3,39.1,1-1,美浦 伊坂,436,2,
202505020101,2025-04-26,東京,1,3歳未勝利,ダ,1600,左,曇,稍,"2回 東京 1日目 サラ系３歳 未勝利       牝[指] 馬齢 16頭 本賞金:560,220,140,84,56万円",16,560.0,3,1,2,ヴェネチアンレース,牝,3,55.0,津村,99.2,3.1/2,12,84.7,38.6,8-8,美浦 嘉藤,508,2,
202505020101,2025-04-26,東京,1,3歳未勝利,ダ,1600,左,曇,稍,"2回 東京 1日目 サラ系３歳 未勝利       牝[指] 馬齢 16頭 本賞金:560,220,140,84,56万円",16,560.0,4,5,10,ピンキースウェア,牝,3,54.0,☆高杉,99.7,3,4,7.5,39.3,6-6,美浦 鹿戸,482,14,
202505020101,2025-04-26,東京,1,3歳未勝利,ダ,1600,左,曇,稍,"2回 東京 1日目 サラ系３歳 未勝利       牝[指] 馬齢 16頭 本賞金:560,220,140,84,56万円",16,560.0,5,2,3,サウンドリアン,牝,3,55.0,横山武,99.7,クビ,1,2.7,39.8,2-2,美浦 和田郎,426,-2,
202505020101,2025-04-26,東京,1,3歳未勝利,ダ,1600,左,曇,稍,"2回 東京 1日目 サラ系３歳 未勝利       牝[指] 馬齢 16頭 本賞金:560,220,140,84,56万円",16,560.0,6,4,8,リカード,牝,3,55.0,柴田大,99.8,3/4,13,191.2,38.1,15-14,美浦 和田雄,508,0,
202505020101,2025-04-26,東京,1,3歳未勝利,ダ,1600,左,曇,稍,"2回 東京 1日目 サラ系３歳 未勝利       牝[指] 馬齢 16頭 本賞金:560,220,140,84,56万円",16,560.0,7,5,9,ドリームパンジャ,牝,3,55.0,シュタ,99.9,1/2,11,77.1,38.9,11-10,美浦 金成,414,-6,
202505020101,2025-04-26,東京,1,3歳未勝利,ダ,1600,左,曇,稍,"2回 東京 1日目 サラ系３歳 未勝利       牝[指] 馬齢 16頭 本賞金:560,220,140,84,56万円",16,560.0,8,6,11,ミスブランニュデイ,牝,3,55.0,野中,100.4,3,3,7.4,39.4,8-10,美浦 菊川,450,-2,
202505020101,2025-04-26,東京,1,3歳未勝利,ダ,1600,左,曇,稍,"2回 東京 1日目 サラ系３歳 未勝利       牝[指] 馬齢 16頭 本賞金:560,220,140,84,56万円",16,560.0,9,3,5,ベルフォン,牝,3,53.0,△長浜,100.4,クビ,15,264.4,39.1,13-12,美浦 小手川,412,2,
202505020101,2025-04-26,東京,1,3歳未勝利,ダ,1600,左,曇,稍,"2回 東京 1日目 サラ系３歳 未勝利       牝[指] 馬齢 16頭 本賞金:560,220,140,84,56万円",16,560.0,10,7,13,アオイハナミチ,牝,3,55.0,吉田豊,100.5,クビ,5,8.3,39.9,8-8,美浦 高橋文,438,4,
202505020101,2025-04-26,東京,1,3歳未勝利,ダ,1600,左,曇,稍,"2回 東京 1日目 サラ系３歳 未勝利       牝[指] 馬齢 16頭 本賞金:560,220,140,84,56万円",16,560.0,11,8,16,ニジノカナタニ,牝,3,55.0,菅原明,100.5,クビ,8,22.2,40.2,6-6,美浦 中川,464,0,
202505020101,2025-04-26,東京,1,3歳未勝利,ダ,1600,左,曇,稍,"2回 東京 1日目 サラ系３歳 未勝利       牝[指] 馬齢 16頭 本賞金:560,220,140,84,56万円",16,560.0,12,8,15,タイセイルーマー,牝,3,55.0,松山,100.6,1/2,2,6.4,40.6,4-4,美浦 斎藤誠,464,0,
202505020101,2025-04-26,東京,1,3歳未勝利,ダ,1600,左,曇,稍,"2回 東京 1日目 サラ系３歳 未勝利       牝[指] 馬齢 16頭 本賞金:560,220,140,84,56万円",16,560.0,13,2,4,フクチャンサクラ,牝,3,55.0,三浦,100.7,クビ,7,18.2,40.9,2-2,美浦 加藤征,476,0,
202505020101,2025-04-26,東京,1,3歳未勝利,ダ,1600,左,曇,稍,"2回 東京 1日目 サラ系３歳 未勝利       牝[指] 馬齢 16頭 本賞金:560,220,140,84,56万円",16,560.0,14,6,12,コーンポピー,牝,3,55.0,原,102.5,大,16,297.8,40.8,11-14,美浦 稲垣,426,0,
202505020101,2025-04-26,東京,1,3歳未勝利,ダ,1600,左,曇,稍,"2回 東京 1日目 サラ系３歳 未勝利       牝[指] 馬齢 16頭 本賞金:560,220,140,84,56万円",16,560.0,15,1,1,オスカージュディ,牝,3,55.0,江田照,104.3,大,14,256.2,43.0,13-12,美浦 小島,438,12,
202505020101,2025-04-26,東京,1,3歳未勝利,ダ,1600,左,曇,稍,"2回 東京 1日目 サラ系３歳 未勝利       牝[指] 馬齢 16頭 本賞金:560,220,140,84,56万円",16,560.0,,7,14,リュクスビスケッツ,牝,3,55.0,ディー,,,9,22.2,,15,美浦 加藤士,472,4,中止
202505020102,2025-04-26,東京,2,3歳未勝利,ダ,1400,左,曇,稍,"2回 東京 1日目 サラ系３歳 未勝利       (混)[指] 馬齢 16頭 本賞金:560,220,140,84,56万円",16,560.0,1,4,7,アイアムイチバン,牡,3,57.0,松岡,85.8,,7,32.0,36.7,1-1,美浦 奥平,502,-8,
202505020102,2025-04-26,東京,2,3歳未勝利,ダ,1400,左,曇,稍,"2回 東京 1日目 サラ系３歳 未勝利       (混)[指] 馬齢 16頭 本賞金:560,220,140,84,56万円",16,560.0,2,5,9,アラスカフレイバー,牡,3,57.0,戸崎圭,85.8,アタマ,1,2.2,36.6,2-2,美浦 松永康,508,-2,
202505020102,2025-04-26,東京,2,3歳未勝利,ダ,1400,左,曇,稍,"2回 東京 1日目 サラ系３歳 未勝利       (混)[指] 馬齢 16頭 本賞金:560,220,140,84,56万円",16,560.0,3,3,5,テーオーライマン,牡,3,56.0,☆高杉,85.8,クビ,4,9.7,36.0,8-10,栗東 宮,456,-2,
202505020102,2025-04-26,東京,2,3歳未勝利,ダ,1400,左,曇,稍,"2回 東京 1日目 サラ系３歳 未勝利       (混)[指] 馬齢 16頭 本賞金:560,220,140,84,56万円",16,560.0,4,6,11,ミスティマウンテン,牡,3,57.0,横山武,86.1,2,5,13.3,36.6,4-4,美浦 池上,446,-4,
202505020102,2025-04-26,東京,2,3歳未勝利,ダ,1400,左,曇,稍,"2回 東京 1日目 サラ系３歳 未勝利       (混)[指] 馬齢 16頭 本賞金:560,220,140,84,56万円",16,560.0,5,4,8,アイファーシャドー,牡,3,55.0,△長浜,86.2,1/2,15,215.2,36.0,15-15,美浦 根本,448,4,
202505020102,2025-04-26,東京,2,3歳未勝利,ダ,1400,左,曇,稍,"2回 東京 1日目 サラ系３歳 未勝利       (混)[指] 馬齢 16頭 本賞金:560,220,140,84,56万円",16,560.0,6,5,10,グルナルーフス,牡,3,57.0,宮崎,86.3,クビ,13,157.6,37.1,2-2,美浦 中川,496,2,
202505020102,2025-04-26,東京,2,3歳未勝利,ダ,1400,左,曇,稍,"2回 東京 1日目 サラ系３歳 未勝利       (混)[指] 馬齢 16頭 本賞金:560,220,140,84,56万円",16,560.0,7,6,12,アリアルブラック,牡,3,57.0,菅原明,86.4,1/2,3,8.2,36.3,12-13,美浦 久保田,496,2,
202505020102,2025-04-26,東京,2,3歳未勝利,ダ,1400,左,曇,稍,"2回 東京 1日目 サラ系３歳 未勝利       (混)[指] 馬齢 16頭 本賞金:560,220,140,84,56万円",16,560.0,8,8,16,リネンプリンセス,牝,3,55.0,丸田,86.4,クビ,10,54.9,36.8,8-7,美浦 南田,454,2,
202505020102,2025-04-26,東京,2,3歳未勝利,ダ,1400,左,曇,稍,"2回 東京 1日目 サラ系３歳 未勝利       (混)[指] 馬齢 16頭 本賞金:560,220,140,84,56万円",16,560.0,9,7,14,ガストフロント,牡,3,57.0,武藤,86.5,1/2,9,53.4,37.1,4-4,美浦 水野,450,2,
202505020102,2025-04-26,東京,2,3歳未勝利,ダ,1400,左,曇,稍,"2回 東京 1日目 サラ系３歳 未勝利       (混)[指] 馬齢 16頭 本賞金:560,220,140,84,56万円",16,560.0,10,1,1,コーシューパンジャ,牡,3,57.0,北村宏,86.8,1.1/2,11,70.7,37.2,8-7,美浦 勢司,488,-8,
202505020102,2025-04-26,東京,2,3歳未勝利,ダ,1400,左,曇,稍,"2回 東京 1日目 サラ系３歳 未勝利       (混)[指] 馬齢 16頭 本賞金:560,220,140,84,56万円",16,560.0,11,2,4,クラウンハート,牡,3,57.0,石川,87.3,3,2,3.3,37.3,12-13,美浦 相沢,492,-6,
202505020102,2025-04-26,東京,2,3歳未勝利,ダ,1400,左,曇,稍,"2回 東京 1日目 サラ系３歳 未勝利       (混)[指] 馬齢 16頭 本賞金:560,220,140,84,56万円",16,560.0,12,8,15,フクノジョヴァンニ,牝,3,55.0,ディー,87.6,1.3/4,8,48.0,37.8,12-10,美浦 伊藤圭,428,2,
202505020102,2025-04-26,東京,2,3歳未勝利,ダ,1400,左,曇,稍,"2回 東京 1日目 サラ系３歳 未勝利       (混)[指] 馬齢 16頭 本賞金:560,220,140,84,56万円",16,560.0,13,1,2,エクストラチャージ,牝,3,55.0,三浦,87.6,ハナ,6,13.9,38.2,4-4,美浦 田村,476,2,
202505020102,2025-04-26,東京,2,3歳未勝利,ダ,1400,左,曇,稍,"2回 東京 1日目 サラ系３歳 未勝利       (混)[指] 馬齢 16頭 本賞金:560,220,140,84,56万円",16,560.0,14,2,3,ワカギミ,牡,3,57.0,江田照,87.6,クビ,16,326.1,37.0,16-16,美浦 佐藤吉,450,2,
202505020102,2025-04-26,東京,2,3歳未勝利,ダ,1400,左,曇,稍,"2回 東京 1日目 サラ系３歳 未勝利       (混)[指] 馬齢 16頭 本賞金:560,220,140,84,56万円",16,560.0,15,3,6,ヘビーキュー,牡,3,57.0,原,87.7,クビ,14,174.7,38.1,4-7,美浦 矢嶋,574,2,
202505020102,2025-04-26,東京,2,3歳未勝利,ダ,1400,左,曇,稍,"2回 東京 1日目 サラ系３歳 未勝利       (混)[指] 馬齢 16頭 本賞金:560,220,140,84,56万円",16,560.0,16,7,13,ファリア,牡,3,57.0,佐々木,88.0,1.3/4,12,116.8,38.2,11-10,美浦 土田,446,-6,
202505020103,2025-04-26,東京,3,3歳未勝利,ダ,2100,左,曇,稍,"2回 東京 1日目 サラ系３歳 未勝利       (混)[指] 馬齢 16頭 本賞金:560,220,140,84,56万円",16,560.0,1,6,12,ダカラフェスティヴ,牝,3,55.0,戸崎圭,133.2,,1,1.4,37.9,12-12-11-6,美浦 奥平,452,-6,
202505020103,2025-04-26,東京,3,3歳未勝利,ダ,2100,左,曇,稍,"2回 東京 1日目 サラ系３歳 未勝利       (混)[指] 馬齢 16頭 本賞金:560,220,140,84,56万円",16,560.0,2,5,10,アルデツヨシ,セ,3,57.0,ディー,133.6,2,10,73.1,39.4,1-1-1-1,美浦 田中剛,468,-10,
202505020103,2025-04-26,東京,3,3歳未勝利,ダ,2100,左,曇,稍,"2回 東京 1日目 サラ系３歳 未勝利       (混)[指] 馬齢 16頭 本賞金:560,220,140,84,56万円",16,560.0,3,1,2,タケルサバイバル,牡,3,57.0,シュタ,133.8,1.1/2,11,74.9,38.3,10-10-8-8,美浦 金成,502,-2,
202505020103,2025-04-26,東京,3,3歳未勝利,ダ,2100,左,曇,稍,"2回 東京 1日目 サラ系３歳 未勝利       (混)[指] 馬齢 16頭 本賞金:560,220,140,84,56万円",16,560.0,4,4,7,ダブルメッセージ,牡,3,57.0,石川,134.1,1.3/4,6,28.7,38.9,5-5-7-6,美浦 和田郎,482,4,
202505020103,2025-04-26,東京,3,3歳未勝利,ダ,2100,左,曇,稍,"2回 東京 1日目 サラ系３歳 未勝利       (混)[指] 馬齢 16頭 本賞金:560,220,140,84,56万円",16,560.0,5,1,1,セイスイミリオン,牡,3,57.0,大野,134.2,1/2,3,7.8,38.4,16-16-15-11,美浦 堀内,494,14,
202505020103,2025-04-26,東京,3,3歳未勝利,ダ,2100,左,曇,稍,"2回 東京 1日目 サラ系３歳 未勝利       (混)[指] 馬齢 16頭 本賞金:560,220,140,84,56万円",16,560.0,6,6,11,カサビセンス,牝,3,55.0,小崎,134.3,クビ,16,255.1,38.8,5-5-8-8,美浦 加藤士,446,6,
202505020103,2025-04-26,東京,3,3歳未勝利,ダ,2100,左,曇,稍,"2回 東京 1日目 サラ系３歳 未勝利       (混)[指] 馬齢 16頭 本賞金:560,220,140,84,56万円",16,560.0,7,2,4,フーイナム,牡,3,57.0,松岡,134.6,1.3/4,5,27.0,40.3,8-8-2-2,美浦 森一,490,-2,
202505020103,2025-04-26,東京,3,3歳未勝利,ダ,2100,左,曇,稍,"2回 東京 1日目 サラ系３歳 未勝利       (混)[指] 馬齢 16頭 本賞金:560,220,140,84,56万円",16,560.0,8,2,3,ピュアマケナ,牡,3,57.0,吉田豊,135.0,2.1/2,7,42.9,39.3,15-15-11-10,美浦 竹内,490,6,
202505020103,2025-04-26,東京,3,3歳未勝利,ダ,2100,左,曇,稍,"2回 東京 1日目 サラ系３歳 未勝利       (混)[指] 馬齢 16頭 本賞金:560,220,140,84,56万円",16,560.0,9,8,16,アウフヴィント,牝,3,55.0,武藤,135.0,クビ,2,5.4,40.1,2-2-3-3,美浦 戸田,520,0,
202505020103,2025-04-26,東京,3,3歳未勝利,ダ,2100,左,曇,稍,"2回 東京 1日目 サラ系３歳 未勝利       (混)[指] 馬齢 16頭 本賞金:560,220,140,84,56万円",16,560.0,10,7,13,プレイザットソング,牡,3,57.0,原,135.7,4,4,18.3,39.7,10-11-13-14,美浦 中舘,532,-10,
202505020103,2025-04-26,東京,3,3歳未勝利,ダ,2100,左,曇,稍,"2回 東京 1日目 サラ系３歳 未勝利       (混)[指] 馬齢 16頭 本賞金:560,220,140,84,56万円",16,560.0,11,4,8,ユースフルネス,牡,3,57.0,原田和,135.8,1/2,15,251.4,39.9,12-12-13-11,美浦 小野,452,-10,
202505020103,2025-04-26,東京,3,3歳未勝利,ダ,2100,左,曇,稍,"2回 東京 1日目 サラ系３歳 未勝利       (混)[指] 馬齢 16頭 本賞金:560,220,140,84,56万円",16,560.0,12,3,5,セラード,牝,3,53.0,△長浜,135.9,1/2,14,154.6,39.9,9-9-10-14,美浦 佐藤吉,430,-2,
202505020103,2025-04-26,東京,3,3歳未勝利,ダ,2100,左,曇,稍,"2回 東京 1日目 サラ系３歳 未勝利       (混)[指] 馬齢 16頭 本賞金:560,220,140,84,56万円",16,560.0,13,5,9,トルーティクス,牡,3,57.0,松山,136.7,5,8,59.9,40.3,12-12-16-16,美浦 尾関,484,0,
202505020103,2025-04-26,東京,3,3歳未勝利,ダ,2100,左,曇,稍,"2回 東京 1日目 サラ系３歳 未勝利       (混)[指] 馬齢 16頭 本賞金:560,220,140,84,56万円",16,560.0,14,7,14,マオノギミック,牡,3,57.0,菅原明,136.9,1.1/4,9,68.1,41.8,2-3-4-4,美浦 加藤士,428,-14,
202505020103,2025-04-26,東京,3,3歳未勝利,ダ,2100,左,曇,稍,"2回 東京 1日目 サラ系３歳 未勝利       (混)[指] 馬齢 16頭 本賞金:560,220,140,84,56万円",16,560.0,15,8,15,アルカナエ,セ,3,57.0,江田照,137.5,4,13,123.3,41.7,5-5-4-11,美浦 上原佑,476,-8,
202505020103,2025-04-26,東京,3,3歳未勝利,ダ,2100,左,曇,稍,"2回 東京 1日目 サラ系３歳 未勝利       (混)[指] 馬齢 16頭 本賞金:560,220,140,84,56万円",16,560.0,16,3,6,スムースオペレター,牡,3,57.0,木幡巧,138.1,3.1/2,12,79.2,43.1,2-3-4-4,美浦 岩戸,440,2,
202505020104,2025-04-26,東京,4,3歳未勝利,芝,1800,左,曇,良,"2回 東京 1日目 サラ系３歳 未勝利       牝[指] 馬齢 18頭 本賞金:560,220,140,84,56万円",18,560.0,1,3,6,エリーナストーム,牝,3,55.0,モレイ,105.6,,1,1.7,34.0,6-7-7,美浦 鹿戸,524,0,
202505020104,2025-04-26,東京,4,3歳未勝利,芝,1800,左,曇,良,"2回 東京 1日目 サラ系３歳 未勝利       牝[指] 馬齢 18頭 本賞金:560,220,140,84,56万円",18,560.0,2,1,1,オルグジェシダ,牝,3,55.0,ディー,105.8,1.1/4,3,7.5,35.0,2-2-2,美浦 宮田,484,12,
202505020104,2025-04-26,東京,4,3歳未勝利,芝,1800,左,曇,良,"2回 東京 1日目 サラ系３歳 未勝利       牝[指] 馬齢 18頭 本賞金:560,220,140,84,56万円",18,560.0,2,5,9,リポサンテ,牝,3,55.0,横山和,105.8,1.1/4,4,13.6,33.9,11-9-9,美浦 蛯名正,432,-4,
202505020104,2025-04-26,東京,4,3歳未勝利,芝,1800,左,曇,良,"2回 東京 1日目 サラ系３歳 未勝利       牝[指] 馬齢 18頭 本賞金:560,220,140,84,56万円",18,560.0,4,7,15,ハーバードスクエア,牝,3,55.0,ルメー,106.5,4,2,3.1,34.5,12-12-12,美浦 木村,416,-6,
202505020104,2025-04-26,東京,4,3歳未勝利,芝,1800,左,曇,良,"2回 東京 1日目 サラ系３歳 未勝利       牝[指] 馬齢 18頭 本賞金:560,220,140,84,56万円",18,560.0,5,8,18,ヴォルヴァ,牝,3,55.0,石川,106.7,1.1/4,7,61.0,34.3,16-16-15,美浦 尾形,418,0,
202505020104,2025-04-26,東京,4,3歳未勝利,芝,1800,左,曇,良,"2回 東京 1日目 サラ系３歳 未勝利       牝[指] 馬齢 18頭 本賞金:560,220,140,84,56万円",18,560.0,6,6,12,ウインベアトリス,牝,3,55.0,松岡,106.8,1,5,14.3,35.7,3-4-3,美浦 深山,444,8,
202505020104,2025-04-26,東京,4,3歳未勝利,芝,1800,左,曇,良,"2回 東京 1日目 サラ系３歳 未勝利       牝[指] 馬齢 18頭 本賞金:560,220,140,84,56万円",18,560.0,7,3,5,アルディスティーノ,牝,3,55.0,松山,106.8,ハナ,6,36.5,35.7,4-3-3,栗東 安田,476,-6,
202505020104,2025-04-26,東京,4,3歳未勝利,芝,1800,左,曇,良,"2回 東京 1日目 サラ系３歳 未勝利       牝[指] 馬齢 18頭 本賞金:560,220,140,84,56万円",18,560.0,8,8,16,ココレカ,牝,3,55.0,小崎,107.1,1.3/4,14,428.8,35.2,9-9-9,栗東 小椋,466,2,
202505020104,2025-04-26,東京,4,3歳未勝利,芝,1800,左,曇,良,"2回 東京 1日目 サラ系３歳 未勝利       牝[指] 馬齢 18頭 本賞金:560,220,140,84,56万円",18,560.0,9,8,17,ママアリガトー,牝,3,55.0,佐々木,107.3,3/4,8,69.2,34.7,17-17-17,美浦 石栗,422,6,
202505020104,2025-04-26,東京,4,3歳未勝利,芝,1800,左,曇,良,"2回 東京 1日目 サラ系３歳 未勝利       牝[指] 馬齢 18頭 本賞金:560,220,140,84,56万円",18,560.0,10,1,2,デルマジュテーム,牝,3,55.0,的場,107.4,1,13,315.0,33.8,18-18-18,美浦 的場,460,0,
202505020104,2025-04-26,東京,4,3歳未勝利,芝,1800,左,曇,良,"2回 東京 1日目 サラ系３歳 未勝利       牝[指] 馬齢 18頭 本賞金:560,220,140,84,56万円",18,560.0,11,4,8,サラニキケン,牝,3,55.0,木幡初,107.5,1/2,9,202.5,35.7,9-9-9,美浦 竹内,422,0,
202505020104,2025-04-26,東京,4,3歳未勝利,芝,1800,左,曇,良,"2回 東京 1日目 サラ系３歳 未勝利       牝[指] 馬齢 18頭 本賞金:560,220,140,84,56万円",18,560.0,12,2,3,ファランジリング,牝,3,55.0,武藤,107.5,クビ,16,485.6,36.1,7-5-5,美浦 手塚久,474,8,
202505020104,2025-04-26,東京,4,3歳未勝利,芝,1800,左,曇,良,"2回 東京 1日目 サラ系３歳 未勝利       牝[指] 馬齢 18頭 本賞金:560,220,140,84,56万円",18,560.0,13,5,10,ノーブルリリー,牝,3,53.0,△長浜,107.9,2,12,283.3,36.2,4-7-7,美浦 矢嶋,390,4,
202505020104,2025-04-26,東京,4,3歳未勝利,芝,1800,左,曇,良,"2回 東京 1日目 サラ系３歳 未勝利       牝[指] 馬齢 18頭 本賞金:560,220,140,84,56万円",18,560.0,14,7,13,マエストーソ,牝,3,55.0,木幡育,108.1,1.1/4,18,567.3,36.0,13-12-12,美浦 松永康,400,0,
202505020104,2025-04-26,東京,4,3歳未勝利,芝,1800,左,曇,良,"2回 東京 1日目 サラ系３歳 未勝利       牝[指] 馬齢 18頭 本賞金:560,220,140,84,56万円",18,560.0,15,6,11,ニシノステディミキ,牝,3,55.0,野中,108.1,1/2,17,558.6,35.7,13-15-15,美浦 加藤和,460,0,
202505020104,2025-04-26,東京,4,3歳未勝利,芝,1800,左,曇,良,"2回 東京 1日目 サラ系３歳 未勝利       牝[指] 馬齢 18頭 本賞金:560,220,140,84,56万円",18,560.0,16,4,7,ミスベレザ,牝,3,55.0,大野,108.3,1.1/4,15,478.4,36.2,13-12-12,美浦 加藤征,432,-8,
202505020104,2025-04-26,東京,4,3歳未勝利,芝,1800,左,曇,良,"2回 東京 1日目 サラ系３歳 未勝利       牝[指] 馬齢 18頭 本賞金:560,220,140,84,56万円",18,560.0,17,7,14,ブリスディーシャ,牝,3,55.0,シュタ,108.6,1.1/2,11,210.7,37.2,7-5-5,栗東 小崎,456,-2,
202505020104,2025-04-26,東京,4,3歳未勝利,芝,1800,左,曇,良,"2回 東京 1日目 サラ系３歳 未勝利       牝[指] 馬齢 18頭 本賞金:560,220,140,84,56万円",18,560.0,18,2,4,ラブフォルテッシモ,牝,3,55.0,三浦,110.0,8,10,209.7,39.3,1-1-1,美浦 田村,416,-10,
202505020105,2025-04-26,東京,5,3歳未勝利,芝,1400,左,曇,良,"2回 東京 1日目 サラ系３歳 未勝利       (混)[指] 馬齢 18頭 本賞金:560,220,140,84,56万円",18,560.0,1,4,8,フロウアンドライム,牡,3,57.0,モレイ,81.0,,1,2.7,34.4,7-7,美浦 大和田,444,-4,
202505020105,2025-04-26,東京,5,3歳未勝利,芝,1400,左,曇,良,"2回 東京 1日目 サラ系３歳 未勝利       (混)[指] 馬齢 18頭 本賞金:560,220,140,84,56万円",18,560.0,2,8,17,アーラグラシア,牝,3,55.0,ルメー,81.1,1/2,3,3.5,34.1,11-12,美浦 栗田,424,2,
202505020105,2025-04-26,東京,5,3歳未勝利,芝,1400,左,曇,良,"2回 東京 1日目 サラ系３歳 未勝利       (混)[指] 馬齢 18頭 本賞金:560,220,140,84,56万円",18,560.0,3,4,7,ベラジオワールド,牡,3,55.0,戸崎圭,81.2,1/2,2,3.3,34.9,4-5,美浦 伊藤大,480,-6,
202505020105,2025-04-26,東京,5,3歳未勝利,芝,1400,左,曇,良,"2回 東京 1日目 サラ系３歳 未勝利       (混)[指] 馬齢 18頭 本賞金:560,220,140,84,56万円",18,560.0,4,7,15,ハーフェン,牝,3,55.0,大野,81.3,クビ,11,210.9,34.1,12-13,美浦 新開,396,-8,
202505020105,2025-04-26,東京,5,3歳未勝利,芝,1400,左,曇,良,"2回 東京 1日目 サラ系３歳 未勝利       (混)[指] 馬齢 18頭 本賞金:560,220,140,84,56万円",18,560.0,5,7,14,セゾンデフィーユ,牝,3,55.0,松山,81.4,1,4,7.7,35.2,3-3,美浦 稲垣,468,-4,
202505020105,2025-04-26,東京,5,3歳未勝利,芝,1400,左,曇,良,"2回 東京 1日目 サラ系３歳 未勝利       (混)[指] 馬齢 18頭 本賞金:560,220,140,84,56万円",18,560.0,6,8,18,ガンビーチ,牝,3,55.0,ディー,81.4,ハナ,7,43.3,34.6,9-9,美浦 加藤征,452,4,
202505020105,2025-04-26,東京,5,3歳未勝利,芝,1400,左,曇,良,"2回 東京 1日目 サラ系３歳 未勝利       (混)[指] 馬齢 18頭 本賞金:560,220,140,84,56万円",18,560.0,7,3,5,ダノンエンブレム,牡,3,57.0,北村宏,81.4,クビ,6,34.2,34.8,7-7,美浦 宮田,440,2,
202505020105,2025-04-26,東京,5,3歳未勝利,芝,1400,左,曇,良,"2回 東京 1日目 サラ系３歳 未勝利       (混)[指] 馬齢 18頭 本賞金:560,220,140,84,56万円",18,560.0,8,1,1,ニシノコイブミ,牝,3,55.0,池添,81.6,1.1/4,5,11.5,35.4,6-3,美浦 西田,428,0,
202505020105,2025-04-26,東京,5,3歳未勝利,芝,1400,左,曇,良,"2回 東京 1日目 サラ系３歳 未勝利       (混)[指] 馬齢 18頭 本賞金:560,220,140,84,56万円",18,560.0,9,5,10,ジーティートリック,牡,3,57.0,野中,82.1,3,10,150.9,35.3,9-9,美浦 柄崎,448,6,
202505020105,2025-04-26,東京,5,3歳未勝利,芝,1400,左,曇,良,"2回 東京 1日目 サラ系３歳 未勝利       (混)[指] 馬齢 18頭 本賞金:560,220,140,84,56万円",18,560.0,10,8,16,レインチェック,牝,3,55.0,原,82.1,アタマ,13,337.2,34.7,17-15,美浦 大竹,372,0,
202505020105,2025-04-26,東京,5,3歳未勝利,芝,1400,左,曇,良,"2回 東京 1日目 サラ系３歳 未勝利       (混)[指] 馬齢 18頭 本賞金:560,220,140,84,56万円",18,560.0,11,7,13,パリモード,牝,3,55.0,津村,82.3,1.1/4,16,433.5,34.9,15-15,美浦 的場,422,4,
202505020105,2025-04-26,東京,5,3歳未勝利,芝,1400,左,曇,良,"2回 東京 1日目 サラ系３歳 未勝利       (混)[指] 馬齢 18頭 本賞金:560,220,140,84,56万円",18,560.0,12,5,9,アルデヤーノ,牡,3,57.0,松岡,82.6,1.1/2,9,129.0,35.8,12-9,美浦 矢野,482,6,
202505020105,2025-04-26,東京,5,3歳未勝利,芝,1400,左,曇,良,"2回 東京 1日目 サラ系３歳 未勝利       (混)[指] 馬齢 18頭 本賞金:560,220,140,84,56万円",18,560.0,13,6,12,メルシーボクアスク,牝,3,55.0,横山武,82.6,クビ,8,85.7,36.5,2-2,美浦 蛯名正,436,3,
202505020105,2025-04-26,東京,5,3歳未勝利,芝,1400,左,曇,良,"2回 東京 1日目 サラ系３歳 未勝利       (混)[指] 馬齢 18頭 本賞金:560,220,140,84,56万円",18,560.0,14,2,4,カシノフロレゾン,牡,3,57.0,柴田大,82.7,1/2,15,409.8,35.6,12-13,美浦 和田雄,468,-14,
202505020105,2025-04-26,東京,5,3歳未勝利,芝,1400,左,曇,良,"2回 東京 1日目 サラ系３歳 未勝利       (混)[指] 馬齢 18頭 本賞金:560,220,140,84,56万円",18,560.0,15,1,2,ラクスノカミカザリ,牝,3,55.0,小林凌,82.9,1.1/4,18,921.9,35.4,15-15,美浦 加藤和,418,-2,
202505020105,2025-04-26,東京,5,3歳未勝利,芝,1400,左,曇,良,"2回 東京 1日目 サラ系３歳 未勝利       (混)[指] 馬齢 18頭 本賞金:560,220,140,84,56万円",18,560.0,16,3,6,リアライズリリー,牝,3,53.0,△長浜,83.0,3/4,12,299.3,37.0,1-1,美浦 手塚久,416,-10,
202505020105,2025-04-26,東京,5,3歳未勝利,芝,1400,左,曇,良,"2回 東京 1日目 サラ系３歳 未勝利       (混)[指] 馬齢 18頭 本賞金:560,220,140,84,56万円",18,560.0,17,2,3,ゴールドジェネラル,牡,3,57.0,木幡巧,83.2,1.1/4,17,655.3,35.4,17-18,美浦 中川,448,-4,
202505020105,2025-04-26,東京,5,3歳未勝利,芝,1400,左,曇,良,"2回 東京 1日目 サラ系３歳 未勝利       (混)[指] 馬齢 18頭 本賞金:560,220,140,84,56万円",18,560.0,18,6,11,ミリオンヒット,牝,3,55.0,小崎,83.7,3,14,383.5,37.3,4-5,美浦 伊坂,398,0,
202505020106,2025-04-26,東京,6,3歳1勝クラス,ダ,1600,左,曇,稍,"2回 東京 1日目 サラ系３歳 １勝クラス       (混)[指] 馬齢 16頭 本賞金:800,320,200,120,80万円",16,800.0,1,5,10,トルショー,牡,3,55.0,△長浜,97.2,,5,18.2,36.4,2-2,美浦 伊藤圭,460,-4,
202505020106,2025-04-26,東京,6,3歳1勝クラス,ダ,1600,左,曇,稍,"2回 東京 1日目 サラ系３歳 １勝クラス       (混)[指] 馬齢 16頭 本賞金:800,320,200,120,80万円",16,800.0,2,2,4,クラリネットソナタ,牝,3,55.0,ディー,97.2,クビ,4,13.9,35.8,12-10,美浦 田中博,490,-4,
202505020106,2025-04-26,東京,6,3歳1勝クラス,ダ,1600,左,曇,稍,"2回 東京 1日目 サラ系３歳 １勝クラス       (混)[指] 馬齢 16頭 本賞金:800,320,200,120,80万円",16,800.0,3,1,1,ゴールデンクラウド,牡,3,57.0,戸崎圭,97.3,クビ,3,4.4,35.7,9-12,栗東 小林,526,2,
202505020106,2025-04-26,東京,6,3歳1勝クラス,ダ,1600,左,曇,稍,"2回 東京 1日目 サラ系３歳 １勝クラス       (混)[指] 馬齢 16頭 本賞金:800,320,200,120,80万円",16,800.0,4,7,14,ボルトテソーロ,牡,3,57.0,大野,97.3,アタマ,9,105.8,36.3,5-3,美浦 栗田,482,-2,
202505020106,2025-04-26,東京,6,3歳1勝クラス,ダ,1600,左,曇,稍,"2回 東京 1日目 サラ系３歳 １勝クラス       (混)[指] 馬齢 16頭 本賞金:800,320,200,120,80万円",16,800.0,5,6,11,ヨリノレジェンド,牡,3,57.0,横山武,97.3,クビ,13,165.3,36.1,6-7,栗東 奥村豊,454,-2,
202505020106,2025-04-26,東京,6,3歳1勝クラス,ダ,1600,左,曇,稍,"2回 東京 1日目 サラ系３歳 １勝クラス       (混)[指] 馬齢 16頭 本賞金:800,320,200,120,80万円",16,800.0,6,5,9,リアライズカミオン,牡,3,57.0,モレイ,97.3,ハナ,1,2.5,35.9,9-10,美浦 堀,512,4,
202505020106,2025-04-26,東京,6,3歳1勝クラス,ダ,1600,左,曇,稍,"2回 東京 1日目 サラ系３歳 １勝クラス       (混)[指] 馬齢 16頭 本賞金:800,320,200,120,80万円",16,800.0,7,8,15,ローズマイスター,牡,3,57.0,原,97.4,クビ,8,44.6,36.3,6-6,美浦 黒岩,516,2,
202505020106,2025-04-26,東京,6,3歳1勝クラス,ダ,1600,左,曇,稍,"2回 東京 1日目 サラ系３歳 １勝クラス       (混)[指] 馬齢 16頭 本賞金:800,320,200,120,80万円",16,800.0,8,2,3,タガノバビロン,牡,3,57.0,佐々木,97.4,ハナ,2,2.6,35.8,12-12,栗東 西園翔,508,-4,
202505020106,2025-04-26,東京,6,3歳1勝クラス,ダ,1600,左,曇,稍,"2回 東京 1日目 サラ系３歳 １勝クラス       (混)[指] 馬齢 16頭 本賞金:800,320,200,120,80万円",16,800.0,9,6,12,ピコレッド,牡,3,57.0,木幡巧,97.4,アタマ,11,161.5,36.5,3-3,美浦 牧,536,4,
202505020106,2025-04-26,東京,6,3歳1勝クラス,ダ,1600,左,曇,稍,"2回 東京 1日目 サラ系３歳 １勝クラス       (混)[指] 馬齢 16頭 本賞金:800,320,200,120,80万円",16,800.0,10,8,16,プルシャプラ,牡,3,57.0,北村宏,97.5,クビ,14,204.4,36.8,1-1,美浦 池上,506,-8,
202505020106,2025-04-26,東京,6,3歳1勝クラス,ダ,1600,左,曇,稍,"2回 東京 1日目 サラ系３歳 １勝クラス       (混)[指] 馬齢 16頭 本賞金:800,320,200,120,80万円",16,800.0,11,4,7,ニシノジェダイ,牡,3,57.0,田辺,97.6,3/4,12,163.0,35.7,15-15,栗東 宮本,460,-2,
202505020106,2025-04-26,東京,6,3歳1勝クラス,ダ,1600,左,曇,稍,"2回 東京 1日目 サラ系３歳 １勝クラス       (混)[指] 馬齢 16頭 本賞金:800,320,200,120,80万円",16,800.0,12,1,2,ダンツファイター,牡,3,57.0,三浦,97.8,1.1/4,6,29.4,36.1,12-12,美浦 蛯名正,560,4,
202505020106,2025-04-26,東京,6,3歳1勝クラス,ダ,1600,左,曇,稍,"2回 東京 1日目 サラ系３歳 １勝クラス       (混)[指] 馬齢 16頭 本賞金:800,320,200,120,80万円",16,800.0,13,3,6,ゴールドダイアー,牡,3,57.0,池添,98.4,4,15,271.2,37.1,6-7,栗東 平田,466,-8,
202505020106,2025-04-26,東京,6,3歳1勝クラス,ダ,1600,左,曇,稍,"2回 東京 1日目 サラ系３歳 １勝クラス       (混)[指] 馬齢 16頭 本賞金:800,320,200,120,80万円",16,800.0,14,4,8,エンプレスフレーム,牝,3,55.0,石橋脩,98.6,1,16,288.3,37.6,3-3,美浦 上原博,444,-4,
202505020106,2025-04-26,東京,6,3歳1勝クラス,ダ,1600,左,曇,稍,"2回 東京 1日目 サラ系３歳 １勝クラス       (混)[指] 馬齢 16頭 本賞金:800,320,200,120,80万円",16,800.0,15,3,5,チュウワチーフ,牡,3,57.0,シュタ,99.0,2.1/2,7,43.9,37.7,9-7,栗東 小崎,464,-8,
202505020106,2025-04-26,東京,6,3歳1勝クラス,ダ,1600,左,曇,稍,"2回 東京 1日目 サラ系３歳 １勝クラス       (混)[指] 馬齢 16頭 本賞金:800,320,200,120,80万円",16,800.0,16,7,13,エルオレンス,牡,3,57.0,横山典,100.1,7,10,108.4,37.9,16-16,美浦 深山,476,-4,
202505020107,2025-04-26,東京,7,4歳以上1勝クラス,ダ,1400,左,曇,稍,"2回 東京 1日目 サラ系４歳以上 １勝クラス       牝[指] 定量 14頭 本賞金:800,320,200,120,80万円",14,800.0,1,3,3,チェイスザウェイ,牝,5,54.0,△長浜,85.7,,7,21.6,36.6,1-1,美浦 伊藤圭,470,-2,
202505020107,2025-04-26,東京,7,4歳以上1勝クラス,ダ,1400,左,曇,稍,"2回 東京 1日目 サラ系４歳以上 １勝クラス       牝[指] 定量 14頭 本賞金:800,320,200,120,80万円",14,800.0,1,7,12,オーロラアーク,牝,6,56.0,佐々木,85.7,同着,8,25.3,36.3,4-4,美浦 石栗,460,-2,
202505020107,2025-04-26,東京,7,4歳以上1勝クラス,ダ,1400,左,曇,稍,"2回 東京 1日目 サラ系４歳以上 １勝クラス       牝[指] 定量 14頭 本賞金:800,320,200,120,80万円",14,800.0,3,8,13,サンロレンツォ,牝,4,56.0,三浦,86.0,1.3/4,5,14.2,36.2,10-10,美浦 武藤,492,8,
202505020107,2025-04-26,東京,7,4歳以上1勝クラス,ダ,1400,左,曇,稍,"2回 東京 1日目 サラ系４歳以上 １勝クラス       牝[指] 定量 14頭 本賞金:800,320,200,120,80万円",14,800.0,4,5,7,イリュージョン,牝,5,56.0,横山和,86.1,3/4,4,6.1,36.9,2-2,美浦 西田,472,0,
202505020107,2025-04-26,東京,7,4歳以上1勝クラス,ダ,1400,左,曇,稍,"2回 東京 1日目 サラ系４歳以上 １勝クラス       牝[指] 定量 14頭 本賞金:800,320,200,120,80万円",14,800.0,5,1,1,アトリウムチャペル,牝,4,56.0,ルメー,86.2,クビ,2,3.9,36.6,7-7,美浦 浅利,424,-6,
202505020107,2025-04-26,東京,7,4歳以上1勝クラス,ダ,1400,左,曇,稍,"2回 東京 1日目 サラ系４歳以上 １勝クラス       牝[指] 定量 14頭 本賞金:800,320,200,120,80万円",14,800.0,6,6,9,ルプランドル,牝,6,56.0,原,86.3,1/2,9,52.5,37.1,2-2,美浦 萱野,488,8,
202505020107,2025-04-26,東京,7,4歳以上1勝クラス,ダ,1400,左,曇,稍,"2回 東京 1日目 サラ系４歳以上 １勝クラス       牝[指] 定量 14頭 本賞金:800,320,200,120,80万円",14,800.0,7,2,2,マーゴットレーヴ,牝,5,56.0,戸崎圭,86.4,1/2,1,2.8,36.8,7-7,美浦 伊坂,476,0,
202505020107,2025-04-26,東京,7,4歳以上1勝クラス,ダ,1400,左,曇,稍,"2回 東京 1日目 サラ系４歳以上 １勝クラス       牝[指] 定量 14頭 本賞金:800,320,200,120,80万円",14,800.0,8,6,10,ホウオウジュビリー,牝,5,56.0,丸田,86.4,ハナ,6,20.3,36.3,11-11,美浦 西田,476,-4,
202505020107,2025-04-26,東京,7,4歳以上1勝クラス,ダ,1400,左,曇,稍,"2回 東京 1日目 サラ系４歳以上 １勝クラス       牝[指] 定量 14頭 本賞金:800,320,200,120,80万円",14,800.0,9,8,14,サトノセレナーデ,牝,4,56.0,北村宏,86.4,ハナ,3,4.1,36.8,9-7,美浦 古賀,512,2,
202505020107,2025-04-26,東京,7,4歳以上1勝クラス,ダ,1400,左,曇,稍,"2回 東京 1日目 サラ系４歳以上 １勝クラス       牝[指] 定量 14頭 本賞金:800,320,200,120,80万円",14,800.0,10,7,11,シュテルンロット,牝,5,56.0,横山典,87.0,3.1/2,10,126.8,36.4,13-13,栗東 高橋康,440,-4,
202505020107,2025-04-26,東京,7,4歳以上1勝クラス,ダ,1400,左,曇,稍,"2回 東京 1日目 サラ系４歳以上 １勝クラス       牝[指] 定量 14頭 本賞金:800,320,200,120,80万円",14,800.0,11,4,6,モダンフリンジ,牝,5,52.0,★谷原,87.4,2.1/2,12,269.7,38.0,4-4,美浦 伊藤圭,476,4,
202505020107,2025-04-26,東京,7,4歳以上1勝クラス,ダ,1400,左,曇,稍,"2回 東京 1日目 サラ系４歳以上 １勝クラス       牝[指] 定量 14頭 本賞金:800,320,200,120,80万円",14,800.0,12,4,5,ザハーフェル,牝,4,55.0,☆高杉,87.5,1/2,11,157.7,37.2,12-12,美浦 本間,482,0,
202505020107,2025-04-26,東京,7,4歳以上1勝クラス,ダ,1400,左,曇,稍,"2回 東京 1日目 サラ系４歳以上 １勝クラス       牝[指] 定量 14頭 本賞金:800,320,200,120,80万円",14,800.0,13,5,8,ヨドノルミナス,牝,4,56.0,木幡巧,88.2,4,13,358.6,38.8,4-4,美浦 杉浦,466,0,
202505020107,2025-04-26,東京,7,4歳以上1勝クラス,ダ,1400,左,曇,稍,"2回 東京 1日目 サラ系４歳以上 １勝クラス       牝[指] 定量 14頭 本賞金:800,320,200,120,80万円",14,800.0,14,3,4,ブルーデイジー,牝,6,56.0,的場,89.2,6,14,450.4,38.6,14-13,美浦 的場,460,8,
202505020108,2025-04-26,東京,8,4歳以上1勝クラス,芝,1600,左,曇,良,"2回 東京 1日目 サラ系４歳以上 １勝クラス       (混)[指] 定量 12頭 本賞金:800,320,200,120,80万円",12,800.0,1,3,3,シャンパンマーク,牡,4,58.0,戸崎圭,93.7,,5,10.5,32.9,7-7,美浦 蛯名正,492,-4,
202505020108,2025-04-26,東京,8,4歳以上1勝クラス,芝,1600,左,曇,良,"2回 東京 1日目 サラ系４歳以上 １勝クラス       (混)[指] 定量 12頭 本賞金:800,320,200,120,80万円",12,800.0,2,1,1,ドリーミングアップ,牡,4,58.0,吉田豊,93.8,クビ,2,4.1,32.8,9-9,美浦 高橋文,472,2,
202505020108,2025-04-26,東京,8,4歳以上1勝クラス,芝,1600,左,曇,良,"2回 東京 1日目 サラ系４歳以上 １勝クラス       (混)[指] 定量 12頭 本賞金:800,320,200,120,80万円",12,800.0,3,6,7,パルティキュリエ,牝,5,56.0,ルメー,93.8,クビ,1,2.4,33.9,1-1,美浦 小手川,466,-2,
202505020108,2025-04-26,東京,8,4歳以上1勝クラス,芝,1600,左,曇,良,"2回 東京 1日目 サラ系４歳以上 １勝クラス       (混)[指] 定量 12頭 本賞金:800,320,200,120,80万円",12,800.0,4,5,6,ゴールドシーン,セ,5,58.0,津村,93.9,クビ,3,6.5,33.6,4-4,美浦 林,456,-6,
202505020108,2025-04-26,東京,8,4歳以上1勝クラス,芝,1600,左,曇,良,"2回 東京 1日目 サラ系４歳以上 １勝クラス       (混)[指] 定量 12頭 本賞金:800,320,200,120,80万円",12,800.0,5,2,2,ヴァンガーズハート,セ,6,58.0,松山,94.0,1/2,4,8.0,33.8,3-3,美浦 鹿戸,526,-6,
202505020108,2025-04-26,東京,8,4歳以上1勝クラス,芝,1600,左,曇,良,"2回 東京 1日目 サラ系４歳以上 １勝クラス       (混)[指] 定量 12頭 本賞金:800,320,200,120,80万円",12,800.0,6,7,10,ラケダイモーン,牡,4,58.0,佐々木,94.1,3/4,6,11.1,33.6,6-5,栗東 須貝,494,-4,
202505020108,2025-04-26,東京,8,4歳以上1勝クラス,芝,1600,左,曇,良,"2回 東京 1日目 サラ系４歳以上 １勝クラス       (混)[指] 定量 12頭 本賞金:800,320,200,120,80万円",12,800.0,7,5,5,カイトグート,牝,4,56.0,柴田大,94.1,クビ,8,20.6,33.6,5-5,美浦 和田雄,476,8,
202505020108,2025-04-26,東京,8,4歳以上1勝クラス,芝,1600,左,曇,良,"2回 東京 1日目 サラ系４歳以上 １勝クラス       (混)[指] 定量 12頭 本賞金:800,320,200,120,80万円",12,800.0,8,6,8,ドリームクルーズ,牝,4,56.0,ディー,94.3,1.1/4,7,15.3,34.3,2-2,美浦 戸田,488,6,
202505020108,2025-04-26,東京,8,4歳以上1勝クラス,芝,1600,左,曇,良,"2回 東京 1日目 サラ系４歳以上 １勝クラス       (混)[指] 定量 12頭 本賞金:800,320,200,120,80万円",12,800.0,9,7,9,プチボヌール,牝,5,56.0,北村宏,94.7,2.1/2,11,294.6,33.9,7-7,美浦 畠山,452,4,
202505020108,2025-04-26,東京,8,4歳以上1勝クラス,芝,1600,左,曇,良,"2回 東京 1日目 サラ系４歳以上 １勝クラス       (混)[指] 定量 12頭 本賞金:800,320,200,120,80万円",12,800.0,10,8,12,ジーティームテキ,牡,4,58.0,原,94.7,ハナ,10,183.9,33.7,9-9,美浦 加藤和,464,-2,
202505020108,2025-04-26,東京,8,4歳以上1勝クラス,芝,1600,左,曇,良,"2回 東京 1日目 サラ系４歳以上 １勝クラス       (混)[指] 定量 12頭 本賞金:800,320,200,120,80万円",12,800.0,11,8,11,ユニヴェール,セ,4,58.0,菅原明,95.1,2.1/2,9,53.1,33.7,11-11,美浦 高木,470,-4,
202505020108,2025-04-26,東京,8,4歳以上1勝クラス,芝,1600,左,曇,良,"2回 東京 1日目 サラ系４歳以上 １勝クラス       (混)[指] 定量 12頭 本賞金:800,320,200,120,80万円",12,800.0,12,4,4,ヤルダバオト,牡,4,57.0,☆高杉,95.6,3,12,358.9,34.2,12-11,美浦 蛯名利,428,2,
202505020109,2025-04-26,東京,9,石和特別,芝,1800,左,曇,良,"2回 東京 1日目 サラ系４歳以上 ２勝クラス       (混)(特指) 定量 9頭 本賞金:1550,620,390,230,155万円",9,1550.0,1,8,8,ブエナオンダ,牡,4,58.0,モレイ,105.8,,2,2.6,33.5,6-6-6,栗東 須貝,452,2,
202505020109,2025-04-26,東京,9,石和特別,芝,1800,左,曇,良,"2回 東京 1日目 サラ系４歳以上 ２勝クラス       (混)(特指) 定量 9頭 本賞金:1550,620,390,230,155万円",9,1550.0,2,4,4,ユキワリザクラ,牝,4,56.0,戸崎圭,105.8,ハナ,1,2.2,33.0,9-9-8,美浦 田中剛,470,0,
202505020109,2025-04-26,東京,9,石和特別,芝,1800,左,曇,良,"2回 東京 1日目 サラ系４歳以上 ２勝クラス       (混)(特指) 定量 9頭 本賞金:1550,620,390,230,155万円",9,1550.0,3,5,5,パンジャ,牡,4,58.0,菅原明,106.2,2.1/2,3,7.3,34.2,2-2-2,美浦 金成,488,0,
202505020109,2025-04-26,東京,9,石和特別,芝,1800,左,曇,良,"2回 東京 1日目 サラ系４歳以上 ２勝クラス       (混)(特指) 定量 9頭 本賞金:1550,620,390,230,155万円",9,1550.0,4,1,1,ヤマニンガラッシア,牡,8,58.0,大野,106.3,3/4,6,14.8,34.2,3-3-3,美浦 辻,460,2,
202505020109,2025-04-26,東京,9,石和特別,芝,1800,左,曇,良,"2回 東京 1日目 サラ系４歳以上 ２勝クラス       (混)(特指) 定量 9頭 本賞金:1550,620,390,230,155万円",9,1550.0,5,7,7,アヴニールドブリエ,牡,5,58.0,横山武,106.5,1.1/2,4,10.1,33.9,8-7-7,美浦 宮田,510,2,
202505020109,2025-04-26,東京,9,石和特別,芝,1800,左,曇,良,"2回 東京 1日目 サラ系４歳以上 ２勝クラス       (混)(特指) 定量 9頭 本賞金:1550,620,390,230,155万円",9,1550.0,6,8,9,ロードマンハイム,牡,5,58.0,石川,106.5,ハナ,5,11.4,34.3,3-3-5,栗東 友道,514,-2,
202505020109,2025-04-26,東京,9,石和特別,芝,1800,左,曇,良,"2回 東京 1日目 サラ系４歳以上 ２勝クラス       (混)(特指) 定量 9頭 本賞金:1550,620,390,230,155万円",9,1550.0,7,6,6,レッドバレンティア,牡,5,58.0,ディー,106.7,1.1/2,7,55.7,34.6,3-5-3,美浦 矢嶋,472,12,
202505020109,2025-04-26,東京,9,石和特別,芝,1800,左,曇,良,"2回 東京 1日目 サラ系４歳以上 ２勝クラス       (混)(特指) 定量 9頭 本賞金:1550,620,390,230,155万円",9,1550.0,8,2,2,ラーテル,セ,5,58.0,原田和,107.0,1.3/4,9,267.0,34.2,7-8-8,美浦 南田,478,6,
202505020109,2025-04-26,東京,9,石和特別,芝,1800,左,曇,良,"2回 東京 1日目 サラ系４歳以上 ２勝クラス       (混)(特指) 定量 9頭 本賞金:1550,620,390,230,155万円",9,1550.0,9,3,3,コスモスプモーニ,牡,5,58.0,木幡巧,107.2,1.1/4,8,80.6,35.4,1-1-1,美浦 松山,492,0,
202505020110,2025-04-26,東京,10,鎌倉S,ダ,1400,左,曇,稍,"2回 東京 1日目 サラ系４歳以上 ３勝クラス       (混)(特指) 定量 16頭 本賞金:1840,740,460,280,184万円",16,1840.0,1,8,15,ビダーヤ,牡,4,58.0,モレイ,82.9,,1,2.3,35.0,6-6,栗東 矢作,486,-8,
202505020110,2025-04-26,東京,10,鎌倉S,ダ,1400,左,曇,稍,"2回 東京 1日目 サラ系４歳以上 ３勝クラス       (混)(特指) 定量 16頭 本賞金:1840,740,460,280,184万円",16,1840.0,2,6,11,ストレングス,牡,4,58.0,ルメー,83.4,3,2,4.3,35.8,2-2,栗東 寺島,470,6,
202505020110,2025-04-26,東京,10,鎌倉S,ダ,1400,左,曇,稍,"2回 東京 1日目 サラ系４歳以上 ３勝クラス       (混)(特指) 定量 16頭 本賞金:1840,740,460,280,184万円",16,1840.0,3,1,1,アッチャゴーラ,牡,5,58.0,小崎,83.7,1.3/4,8,32.8,35.2,10-10,美浦 浅利,508,2,
202505020110,2025-04-26,東京,10,鎌倉S,ダ,1400,左,曇,稍,"2回 東京 1日目 サラ系４歳以上 ３勝クラス       (混)(特指) 定量 16頭 本賞金:1840,740,460,280,184万円",16,1840.0,4,3,6,ムーヴ,牡,6,58.0,三浦,83.7,ハナ,5,21.2,35.4,9-8,美浦 池上,480,8,
202505020110,2025-04-26,東京,10,鎌倉S,ダ,1400,左,曇,稍,"2回 東京 1日目 サラ系４歳以上 ３勝クラス       (混)(特指) 定量 16頭 本賞金:1840,740,460,280,184万円",16,1840.0,5,8,16,ペプチドタイガー,牡,5,58.0,横山武,83.8,3/4,7,27.6,36.0,3-3,栗東 吉村,450,-6,
202505020110,2025-04-26,東京,10,鎌倉S,ダ,1400,左,曇,稍,"2回 東京 1日目 サラ系４歳以上 ３勝クラス       (混)(特指) 定量 16頭 本賞金:1840,740,460,280,184万円",16,1840.0,6,6,12,ヴァンドーム,牡,4,58.0,横山和,84.0,1,4,6.7,34.8,14-13,栗東 安田,506,0,
202505020110,2025-04-26,東京,10,鎌倉S,ダ,1400,左,曇,稍,"2回 東京 1日目 サラ系４歳以上 ３勝クラス       (混)(特指) 定量 16頭 本賞金:1840,740,460,280,184万円",16,1840.0,7,7,13,エストレヤデベレン,牡,4,58.0,津村,84.1,3/4,3,5.1,35.9,7-7,栗東 武幸,544,2,
202505020110,2025-04-26,東京,10,鎌倉S,ダ,1400,左,曇,稍,"2回 東京 1日目 サラ系４歳以上 ３勝クラス       (混)(特指) 定量 16頭 本賞金:1840,740,460,280,184万円",16,1840.0,8,1,2,アンシール,セ,4,58.0,石橋脩,84.2,3/4,12,71.0,35.3,13-12,栗東 小崎,470,0,
202505020110,2025-04-26,東京,10,鎌倉S,ダ,1400,左,曇,稍,"2回 東京 1日目 サラ系４歳以上 ３勝クラス       (混)(特指) 定量 16頭 本賞金:1840,740,460,280,184万円",16,1840.0,9,5,10,ショウナンアビアス,牡,5,58.0,菅原明,84.3,1/2,9,42.8,36.5,3-3,美浦 加藤士,502,-6,
202505020110,2025-04-26,東京,10,鎌倉S,ダ,1400,左,曇,稍,"2回 東京 1日目 サラ系４歳以上 ３勝クラス       (混)(特指) 定量 16頭 本賞金:1840,740,460,280,184万円",16,1840.0,10,2,3,マッシャーブルム,牡,4,58.0,戸崎圭,84.4,クビ,10,54.3,36.9,1-1,栗東 前川,516,-16,
202505020110,2025-04-26,東京,10,鎌倉S,ダ,1400,左,曇,稍,"2回 東京 1日目 サラ系４歳以上 ３勝クラス       (混)(特指) 定量 16頭 本賞金:1840,740,460,280,184万円",16,1840.0,11,4,8,バルミュゼット,牡,6,58.0,原,84.5,1/2,15,279.2,34.8,16-16,栗東 藤野,526,-8,
202505020110,2025-04-26,東京,10,鎌倉S,ダ,1400,左,曇,稍,"2回 東京 1日目 サラ系４歳以上 ３勝クラス       (混)(特指) 定量 16頭 本賞金:1840,740,460,280,184万円",16,1840.0,12,2,4,セミマル,牡,5,58.0,松山,84.7,1.1/2,11,59.6,36.4,7-8,栗東 西村,526,0,
202505020110,2025-04-26,東京,10,鎌倉S,ダ,1400,左,曇,稍,"2回 東京 1日目 サラ系４歳以上 ３勝クラス       (混)(特指) 定量 16頭 本賞金:1840,740,460,280,184万円",16,1840.0,13,7,14,ジャスリー,牡,5,58.0,ディー,84.7,ハナ,6,23.7,36.9,3-3,美浦 田島,532,-10,
202505020110,2025-04-26,東京,10,鎌倉S,ダ,1400,左,曇,稍,"2回 東京 1日目 サラ系４歳以上 ３勝クラス       (混)(特指) 定量 16頭 本賞金:1840,740,460,280,184万円",16,1840.0,14,4,7,ビートエモーション,セ,6,58.0,佐々木,84.8,1/2,14,160.5,36.2,10-10,美浦 上原佑,500,-6,
202505020110,2025-04-26,東京,10,鎌倉S,ダ,1400,左,曇,稍,"2回 東京 1日目 サラ系４歳以上 ３勝クラス       (混)(特指) 定量 16頭 本賞金:1840,740,460,280,184万円",16,1840.0,15,5,9,グラスシフォン,牝,5,56.0,木幡巧,85.1,1.3/4,16,293.1,36.0,12-13,美浦 松山,432,-2,
202505020110,2025-04-26,東京,10,鎌倉S,ダ,1400,左,曇,稍,"2回 東京 1日目 サラ系４歳以上 ３勝クラス       (混)(特指) 定量 16頭 本賞金:1840,740,460,280,184万円",16,1840.0,16,3,5,ハードワイヤード,牡,5,58.0,大野,85.4,1.3/4,13,88.2,36.2,14-13,美浦 加藤征,518,4,
202505020111,2025-04-26,東京,11,青葉賞,芝,2400,左,曇,良,"2回 東京 1日目 サラ系３歳 オープン       (国際)(指) 馬齢 13頭 本賞金:5400,2200,1400,810,540万円",13,5400.0,1,7,10,エネルジコ,牡,3,57.0,ルメー,144.8,,1,2.6,33.4,10-11-12-12,美浦 高柳瑞,456,2,
202505020111,2025-04-26,東京,11,青葉賞,芝,2400,左,曇,良,"2回 東京 1日目 サラ系３歳 オープン       (国際)(指) 馬齢 13頭 本賞金:5400,2200,1400,810,540万円",13,5400.0,2,6,9,ファイアンクランツ,牡,3,57.0,モレイ,144.9,クビ,2,2.9,33.7,8-9-9-9,美浦 堀,454,-2,
202505020111,2025-04-26,東京,11,青葉賞,芝,2400,左,曇,良,"2回 東京 1日目 サラ系３歳 オープン       (国際)(指) 馬齢 13頭 本賞金:5400,2200,1400,810,540万円",13,5400.0,3,4,4,ゲルチュタール,牡,3,57.0,シュタ,144.9,ハナ,4,7.9,34.0,5-5-5-5,栗東 杉山晴,512,-14,
202505020111,2025-04-26,東京,11,青葉賞,芝,2400,左,曇,良,"2回 東京 1日目 サラ系３歳 オープン       (国際)(指) 馬齢 13頭 本賞金:5400,2200,1400,810,540万円",13,5400.0,4,7,11,レッドバンデ,牡,3,57.0,佐々木,144.9,クビ,3,7.1,33.8,12-11-11-9,美浦 大竹,480,-4,
202505020111,2025-04-26,東京,11,青葉賞,芝,2400,左,曇,良,"2回 東京 1日目 サラ系３歳 オープン       (国際)(指) 馬齢 13頭 本賞金:5400,2200,1400,810,540万円",13,5400.0,5,5,7,アマキヒ,牡,3,57.0,横山武,145.0,クビ,7,23.7,34.0,8-7-6-6,美浦 国枝,480,-6,
202505020111,2025-04-26,東京,11,青葉賞,芝,2400,左,曇,良,"2回 東京 1日目 サラ系３歳 オープン       (国際)(指) 馬齢 13頭 本賞金:5400,2200,1400,810,540万円",13,5400.0,6,4,5,ホウオウアートマン,牡,3,57.0,戸崎圭,145.1,1/2,8,56.3,34.3,3-3-3-3,栗東 矢作,472,0,
202505020111,2025-04-26,東京,11,青葉賞,芝,2400,左,曇,良,"2回 東京 1日目 サラ系３歳 オープン       (国際)(指) 馬齢 13頭 本賞金:5400,2200,1400,810,540万円",13,5400.0,7,8,12,スワローシチー,牡,3,57.0,田辺,145.3,1.1/2,11,94.8,33.8,13-13-13-12,美浦 相沢,462,2,
202505020111,2025-04-26,東京,11,青葉賞,芝,2400,左,曇,良,"2回 東京 1日目 サラ系３歳 オープン       (国際)(指) 馬齢 13頭 本賞金:5400,2200,1400,810,540万円",13,5400.0,8,5,6,ヤマニンブークリエ,牡,3,57.0,津村,145.3,アタマ,10,74.1,34.3,5-7-6-6,栗東 松永幹,512,-4,
202505020111,2025-04-26,東京,11,青葉賞,芝,2400,左,曇,良,"2回 東京 1日目 サラ系３歳 オープン       (国際)(指) 馬齢 13頭 本賞金:5400,2200,1400,810,540万円",13,5400.0,9,2,2,ロードガレリア,牡,3,57.0,高杉,145.6,1.1/2,9,69.5,34.6,5-5-6-6,栗東 藤岡,436,-4,
202505020111,2025-04-26,東京,11,青葉賞,芝,2400,左,曇,良,"2回 東京 1日目 サラ系３歳 オープン       (国際)(指) 馬齢 13頭 本賞金:5400,2200,1400,810,540万円",13,5400.0,10,3,3,フィーリウス,牡,3,57.0,木幡巧,145.6,クビ,12,151.3,34.4,10-9-9-9,美浦 手塚久,490,-2,
202505020111,2025-04-26,東京,11,青葉賞,芝,2400,左,曇,良,"2回 東京 1日目 サラ系３歳 オープン       (国際)(指) 馬齢 13頭 本賞金:5400,2200,1400,810,540万円",13,5400.0,11,8,13,パッションリッチ,牡,3,57.0,菅原明,145.8,1.1/4,13,198.7,35.3,2-2-2-2,美浦 久保田,476,0,
202505020111,2025-04-26,東京,11,青葉賞,芝,2400,左,曇,良,"2回 東京 1日目 サラ系３歳 オープン       (国際)(指) 馬齢 13頭 本賞金:5400,2200,1400,810,540万円",13,5400.0,12,6,8,ガルダイア,牡,3,57.0,池添,146.1,2,6,16.9,35.7,1-1-1-1,美浦 国枝,478,0,
202505020111,2025-04-26,東京,11,青葉賞,芝,2400,左,曇,良,"2回 東京 1日目 サラ系３歳 オープン       (国際)(指) 馬齢 13頭 本賞金:5400,2200,1400,810,540万円",13,5400.0,13,1,1,マテンロウバローズ,牡,3,57.0,横山典,146.3,1.1/4,5,9.7,35.6,3-3-3-3,栗東 昆,476,-2,
202505020112,2025-04-26,東京,12,4歳以上2勝クラス,ダ,1600,左,小雨,稍,"2回 東京 1日目 サラ系４歳以上 ２勝クラス       (混)[指] 定量 16頭 本賞金:1140,460,290,170,114万円",16,1140.0,1,7,14,ターコイズフリンジ,牡,4,58.0,ルメー,96.2,,1,1.4,36.8,6-5,美浦 田中博,522,-14,
202505020112,2025-04-26,東京,12,4歳以上2勝クラス,ダ,1600,左,小雨,稍,"2回 東京 1日目 サラ系４歳以上 ２勝クラス       (混)[指] 定量 16頭 本賞金:1140,460,290,170,114万円",16,1140.0,2,2,3,ショウナンカブト,セ,5,58.0,大野,96.6,2,6,16.4,36.2,14-14,美浦 戸田,532,-6,
202505020112,2025-04-26,東京,12,4歳以上2勝クラス,ダ,1600,左,小雨,稍,"2回 東京 1日目 サラ系４歳以上 ２勝クラス       (混)[指] 定量 16頭 本賞金:1140,460,290,170,114万円",16,1140.0,3,7,13,カプラローラ,牝,6,54.0,△長浜,96.7,3/4,5,15.8,36.7,13-12,美浦 菊沢,484,-2,
202505020112,2025-04-26,東京,12,4歳以上2勝クラス,ダ,1600,左,小雨,稍,"2回 東京 1日目 サラ系４歳以上 ２勝クラス       (混)[指] 定量 16頭 本賞金:1140,460,290,170,114万円",16,1140.0,4,4,7,アリエスキング,牡,4,58.0,戸崎圭,97.0,1.1/2,2,6.9,37.2,9-9,栗東 庄野,464,2,
202505020112,2025-04-26,東京,12,4歳以上2勝クラス,ダ,1600,左,小雨,稍,"2回 東京 1日目 サラ系４歳以上 ２勝クラス       (混)[指] 定量 16頭 本賞金:1140,460,290,170,114万円",16,1140.0,5,3,6,フミサウンド,牡,5,58.0,石川,97.2,1.1/2,11,152.1,37.5,10-9,美浦 鹿戸,444,-6,
202505020112,2025-04-26,東京,12,4歳以上2勝クラス,ダ,1600,左,小雨,稍,"2回 東京 1日目 サラ系４歳以上 ２勝クラス       (混)[指] 定量 16頭 本賞金:1140,460,290,170,114万円",16,1140.0,6,1,2,ヒストリアイ,セ,4,58.0,モレイ,97.5,1.3/4,4,12.1,38.4,3-2,美浦 堀,542,-2,
202505020112,2025-04-26,東京,12,4歳以上2勝クラス,ダ,1600,左,小雨,稍,"2回 東京 1日目 サラ系４歳以上 ２勝クラス       (混)[指] 定量 16頭 本賞金:1140,460,290,170,114万円",16,1140.0,7,6,12,モックモック,牡,5,58.0,松山,97.5,クビ,3,11.6,38.1,6-5,栗東 寺島,498,10,
202505020112,2025-04-26,東京,12,4歳以上2勝クラス,ダ,1600,左,小雨,稍,"2回 東京 1日目 サラ系４歳以上 ２勝クラス       (混)[指] 定量 16頭 本賞金:1140,460,290,170,114万円",16,1140.0,8,8,16,サイモンソーラン,牡,6,58.0,原,97.8,2,10,92.0,38.5,6-5,美浦 勢司,486,-2,
202505020112,2025-04-26,東京,12,4歳以上2勝クラス,ダ,1600,左,小雨,稍,"2回 東京 1日目 サラ系４歳以上 ２勝クラス       (混)[指] 定量 16頭 本賞金:1140,460,290,170,114万円",16,1140.0,9,5,9,ビヨンドザシーン,牡,7,58.0,丸田,98.4,3.1/2,15,485.0,37.3,15-15,美浦 南田,464,-4,
202505020112,2025-04-26,東京,12,4歳以上2勝クラス,ダ,1600,左,小雨,稍,"2回 東京 1日目 サラ系４歳以上 ２勝クラス       (混)[指] 定量 16頭 本賞金:1140,460,290,170,114万円",16,1140.0,10,3,5,ワイワイレジェンド,牡,4,58.0,佐々木,98.6,1,9,82.9,39.6,1-1,栗東 矢作,482,-6,
202505020112,2025-04-26,東京,12,4歳以上2勝クラス,ダ,1600,左,小雨,稍,"2回 東京 1日目 サラ系４歳以上 ２勝クラス       (混)[指] 定量 16頭 本賞金:1140,460,290,170,114万円",16,1140.0,11,8,15,セイウンマカロン,牝,4,56.0,池添,98.8,1.1/4,8,50.0,39.7,3-2,美浦 千葉,448,0,
202505020112,2025-04-26,東京,12,4歳以上2勝クラス,ダ,1600,左,小雨,稍,"2回 東京 1日目 サラ系４歳以上 ２勝クラス       (混)[指] 定量 16頭 本賞金:1140,460,290,170,114万円",16,1140.0,12,6,11,ウインアザレア,牝,4,55.0,☆高杉,98.8,ハナ,14,336.0,38.7,10-12,美浦 本間,466,2,
202505020112,2025-04-26,東京,12,4歳以上2勝クラス,ダ,1600,左,小雨,稍,"2回 東京 1日目 サラ系４歳以上 ２勝クラス       (混)[指] 定量 16頭 本賞金:1140,460,290,170,114万円",16,1140.0,13,5,10,ヴォーグマチネ,牡,7,58.0,松岡,99.1,2,16,535.6,37.6,16-16,美浦 堀内,500,0,
202505020112,2025-04-26,東京,12,4歳以上2勝クラス,ダ,1600,左,小雨,稍,"2回 東京 1日目 サラ系４歳以上 ２勝クラス       (混)[指] 定量 16頭 本賞金:1140,460,290,170,114万円",16,1140.0,14,1,1,テンクウジョー,牡,4,58.0,田辺,99.3,1.1/4,12,172.1,39.5,12-9,美浦 小西,480,-2,
202505020112,2025-04-26,東京,12,4歳以上2勝クラス,ダ,1600,左,小雨,稍,"2回 東京 1日目 サラ系４歳以上 ２勝クラス       (混)[指] 定量 16頭 本賞金:1140,460,290,170,114万円",16,1140.0,15,4,8,ヴォルスター,牡,4,58.0,シュタ,100.3,6,7,28.4,41.2,2-2,栗東 清水久,434,-8,
202505020112,2025-04-26,東京,12,4歳以上2勝クラス,ダ,1600,左,小雨,稍,"2回 東京 1日目 サラ系４歳以上 ２勝クラス       (混)[指] 定量 16頭 本賞金:1140,460,290,170,114万円",16,1140.0,16,2,4,ロードジャスティス,牡,6,58.0,木幡巧,100.6,2,13,197.4,41.1,3-8,栗東 小椋,496,2,
202508020101,2025-04-26,京都,1,3歳未勝利,ダ,1400,右,晴,良,"2回 京都 1日目 サラ系３歳 未勝利       (混)[指] 馬齢 16頭 本賞金:560,220,140,84,56万円",16,560.0,1,6,11,アメリカンポリス,牡,3,57.0,坂井,84.5,,1,1.4,37.5,2-2,栗東 池江,504,0,
202508020101,2025-04-26,京都,1,3歳未勝利,ダ,1400,右,晴,良,"2回 京都 1日目 サラ系３歳 未勝利       (混)[指] 馬齢 16頭 本賞金:560,220,140,84,56万円",16,560.0,2,4,8,ナリタヒカリ,牝,3,55.0,団野,84.9,2.1/2,5,11.9,37.5,5-3,栗東 荒川,432,0,
202508020101,2025-04-26,京都,1,3歳未勝利,ダ,1400,右,晴,良,"2回 京都 1日目 サラ系３歳 未勝利       (混)[指] 馬齢 16頭 本賞金:560,220,140,84,56万円",16,560.0,3,2,4,エイシンマールス,牡,3,57.0,和田竜,85.2,1.3/4,4,11.4,38.1,3-3,栗東 今野,462,-2,
202508020101,2025-04-26,京都,1,3歳未勝利,ダ,1400,右,晴,良,"2回 京都 1日目 サラ系３歳 未勝利       (混)[指] 馬齢 16頭 本賞金:560,220,140,84,56万円",16,560.0,4,1,2,ナムラフィクサー,牡,3,57.0,幸,85.3,1/2,13,254.3,37.1,11-11,栗東 鈴木孝,434,-8,
202508020101,2025-04-26,京都,1,3歳未勝利,ダ,1400,右,晴,良,"2回 京都 1日目 サラ系３歳 未勝利       (混)[指] 馬齢 16頭 本賞金:560,220,140,84,56万円",16,560.0,5,3,5,ジェバーダ,牝,3,55.0,北村友,85.5,1.1/4,3,10.2,37.8,7-6,栗東 松下,490,0,
202508020101,2025-04-26,京都,1,3歳未勝利,ダ,1400,右,晴,良,"2回 京都 1日目 サラ系３歳 未勝利       (混)[指] 馬齢 16頭 本賞金:560,220,140,84,56万円",16,560.0,6,4,7,ツリートップムーン,牡,3,57.0,中井,85.6,1/2,15,443.6,37.7,9-8,栗東 坂口,488,-10,
202508020101,2025-04-26,京都,1,3歳未勝利,ダ,1400,右,晴,良,"2回 京都 1日目 サラ系３歳 未勝利       (混)[指] 馬齢 16頭 本賞金:560,220,140,84,56万円",16,560.0,7,8,16,エアビッグマム,牝,3,55.0,岩田望,85.6,クビ,2,10.2,37.9,6-6,栗東 笹田,502,6,
202508020101,2025-04-26,京都,1,3歳未勝利,ダ,1400,右,晴,良,"2回 京都 1日目 サラ系３歳 未勝利       (混)[指] 馬齢 16頭 本賞金:560,220,140,84,56万円",16,560.0,8,7,14,ハイゼンスレイ,牝,3,55.0,川須,85.7,1/2,7,22.4,38.4,3-3,栗東 畑端,478,0,
202508020101,2025-04-26,京都,1,3歳未勝利,ダ,1400,右,晴,良,"2回 京都 1日目 サラ系３歳 未勝利       (混)[指] 馬齢 16頭 本賞金:560,220,140,84,56万円",16,560.0,9,2,3,カルドウェル,牝,3,55.0,武豊,86.5,5,8,27.1,39.6,1-1,栗東 中村,478,-4,
202508020101,2025-04-26,京都,1,3歳未勝利,ダ,1400,右,晴,良,"2回 京都 1日目 サラ系３歳 未勝利       (混)[指] 馬齢 16頭 本賞金:560,220,140,84,56万円",16,560.0,10,6,12,ヤヌシサンダー,牡,3,53.0,★河原田,86.6,1/2,16,589.8,37.8,15-15,栗東 牧田,434,8,
202508020101,2025-04-26,京都,1,3歳未勝利,ダ,1400,右,晴,良,"2回 京都 1日目 サラ系３歳 未勝利       (混)[指] 馬齢 16頭 本賞金:560,220,140,84,56万円",16,560.0,11,3,6,ボル,牡,3,57.0,太宰,86.8,1.1/4,12,242.4,37.8,16-16,栗東 秋山,440,-2,
202508020101,2025-04-26,京都,1,3歳未勝利,ダ,1400,右,晴,良,"2回 京都 1日目 サラ系３歳 未勝利       (混)[指] 馬齢 16頭 本賞金:560,220,140,84,56万円",16,560.0,12,7,13,バレアレス,牡,3,57.0,菱田,86.9,3/4,6,16.0,39.0,9-8,栗東 橋口,524,0,
202508020101,2025-04-26,京都,1,3歳未勝利,ダ,1400,右,晴,良,"2回 京都 1日目 サラ系３歳 未勝利       (混)[指] 馬齢 16頭 本賞金:560,220,140,84,56万円",16,560.0,13,5,9,バトンロード,牡,3,57.0,長岡,87.1,1.1/4,10,171.9,38.7,12-12,栗東 石橋,478,0,
202508020101,2025-04-26,京都,1,3歳未勝利,ダ,1400,右,晴,良,"2回 京都 1日目 サラ系３歳 未勝利       (混)[指] 馬齢 16頭 本賞金:560,220,140,84,56万円",16,560.0,14,8,15,トーアカフウ,牝,3,55.0,松若,87.4,1.3/4,9,48.8,39.0,12-12,栗東 牧田,424,-10,
202508020101,2025-04-26,京都,1,3歳未勝利,ダ,1400,右,晴,良,"2回 京都 1日目 サラ系３歳 未勝利       (混)[指] 馬齢 16頭 本賞金:560,220,140,84,56万円",16,560.0,15,1,1,メイショウボナンザ,牝,3,52.0,▲和田陽,88.2,5,11,217.7,40.5,7-10,栗東 石橋,488,6,
202508020101,2025-04-26,京都,1,3歳未勝利,ダ,1400,右,晴,良,"2回 京都 1日目 サラ系３歳 未勝利       (混)[指] 馬齢 16頭 本賞金:560,220,140,84,56万円",16,560.0,16,5,10,プラクシテレス,牡,3,57.0,田口,90.1,大,14,295.7,41.7,12-14,栗東 上村,470,0,
202508020102,2025-04-26,京都,2,3歳未勝利,ダ,1800,右,晴,良,"2回 京都 1日目 サラ系３歳 未勝利       [指] 馬齢 16頭 本賞金:560,220,140,84,56万円",16,560.0,1,2,3,パーフェクト,牡,3,56.0,☆吉村,113.7,,7,12.2,38.6,4-3-4-4,栗東 松下,484,0,
202508020102,2025-04-26,京都,2,3歳未勝利,ダ,1800,右,晴,良,"2回 京都 1日目 サラ系３歳 未勝利       [指] 馬齢 16頭 本賞金:560,220,140,84,56万円",16,560.0,2,8,16,アスクガンバーレ,牡,3,57.0,岩田康,113.7,アタマ,9,14.1,37.8,14-14-13-12,栗東 福永,442,0,
202508020102,2025-04-26,京都,2,3歳未勝利,ダ,1800,右,晴,良,"2回 京都 1日目 サラ系３歳 未勝利       [指] 馬齢 16頭 本賞金:560,220,140,84,56万円",16,560.0,3,7,14,メイショウゲキハ,牡,3,57.0,幸,114.1,2.1/2,11,21.8,38.4,12-12-10-6,栗東 藤原,520,-14,
202508020102,2025-04-26,京都,2,3歳未勝利,ダ,1800,右,晴,良,"2回 京都 1日目 サラ系３歳 未勝利       [指] 馬齢 16頭 本賞金:560,220,140,84,56万円",16,560.0,4,4,8,ハイクオリティ,牡,3,57.0,松若,114.2,1/2,4,9.3,39.3,3-3-2-2,栗東 今野,480,0,
202508020102,2025-04-26,京都,2,3歳未勝利,ダ,1800,右,晴,良,"2回 京都 1日目 サラ系３歳 未勝利       [指] 馬齢 16頭 本賞金:560,220,140,84,56万円",16,560.0,5,7,13,レヴァンテシチー,牡,3,54.0,▲田山,114.2,アタマ,14,209.8,38.6,12-12-12-12,栗東 佐々木,478,0,
202508020102,2025-04-26,京都,2,3歳未勝利,ダ,1800,右,晴,良,"2回 京都 1日目 サラ系３歳 未勝利       [指] 馬齢 16頭 本賞金:560,220,140,84,56万円",16,560.0,6,3,6,ロックウイズユー,牡,3,57.0,坂井,114.3,クビ,8,13.9,38.7,9-9-11-10,栗東 西園正,452,-4,
202508020102,2025-04-26,京都,2,3歳未勝利,ダ,1800,右,晴,良,"2回 京都 1日目 サラ系３歳 未勝利       [指] 馬齢 16頭 本賞金:560,220,140,84,56万円",16,560.0,7,1,2,サントモナルカ,牡,3,57.0,Ｍデム,114.6,2,10,14.7,38.6,9-11-13-10,栗東 平田,458,2,
202508020102,2025-04-26,京都,2,3歳未勝利,ダ,1800,右,晴,良,"2回 京都 1日目 サラ系３歳 未勝利       [指] 馬齢 16頭 本賞金:560,220,140,84,56万円",16,560.0,8,8,15,ルセルマンダムール,牡,3,57.0,鮫島駿,115.1,3,2,4.5,39.4,8-8-6-14,栗東 松永幹,480,4,
202508020102,2025-04-26,京都,2,3歳未勝利,ダ,1800,右,晴,良,"2回 京都 1日目 サラ系３歳 未勝利       [指] 馬齢 16頭 本賞金:560,220,140,84,56万円",16,560.0,9,5,9,サンライズバレット,牡,3,57.0,岩田望,115.2,1/2,1,4.2,40.1,4-5-4-4,栗東 茶木,506,-4,
202508020102,2025-04-26,京都,2,3歳未勝利,ダ,1800,右,晴,良,"2回 京都 1日目 サラ系３歳 未勝利       [指] 馬齢 16頭 本賞金:560,220,140,84,56万円",16,560.0,10,3,5,メイショウライズ,牡,3,57.0,和田竜,115.5,1.1/2,6,11.6,40.2,6-5-6-6,栗東 安達,496,-2,
202508020102,2025-04-26,京都,2,3歳未勝利,ダ,1800,右,晴,良,"2回 京都 1日目 サラ系３歳 未勝利       [指] 馬齢 16頭 本賞金:560,220,140,84,56万円",16,560.0,11,6,12,ナムラロビン,牡,3,54.0,▲柴田裕,116.5,6,16,590.6,39.8,15-15-15-15,栗東 秋山,498,4,
202508020102,2025-04-26,京都,2,3歳未勝利,ダ,1800,右,晴,良,"2回 京都 1日目 サラ系３歳 未勝利       [指] 馬齢 16頭 本賞金:560,220,140,84,56万円",16,560.0,12,4,7,モズノセイギ,牡,3,57.0,団野,116.8,2,12,121.3,41.4,9-9-6-6,栗東 荒川,452,-2,
202508020102,2025-04-26,京都,2,3歳未勝利,ダ,1800,右,晴,良,"2回 京都 1日目 サラ系３歳 未勝利       [指] 馬齢 16頭 本賞金:560,220,140,84,56万円",16,560.0,13,2,4,マスターライセンス,牡,3,57.0,川田,116.9,1/2,5,9.5,41.6,6-7-6-6,栗東 石坂,510,0,
202508020102,2025-04-26,京都,2,3歳未勝利,ダ,1800,右,晴,良,"2回 京都 1日目 サラ系３歳 未勝利       [指] 馬齢 16頭 本賞金:560,220,140,84,56万円",16,560.0,14,6,11,ロードステイタス,牡,3,57.0,藤岡佑,117.2,1.1/2,3,7.5,42.4,2-2-2-2,栗東 四位,468,0,
202508020102,2025-04-26,京都,2,3歳未勝利,ダ,1800,右,晴,良,"2回 京都 1日目 サラ系３歳 未勝利       [指] 馬齢 16頭 本賞金:560,220,140,84,56万円",16,560.0,15,1,1,ヨリナスウィート,牝,3,55.0,川須,117.5,2,13,134.9,42.9,1-1-1-1,栗東 河嶋,490,-6,
202508020102,2025-04-26,京都,2,3歳未勝利,ダ,1800,右,晴,良,"2回 京都 1日目 サラ系３歳 未勝利       [指] 馬齢 16頭 本賞金:560,220,140,84,56万円",16,560.0,16,5,10,ユナパール,牝,3,55.0,菱田,120.5,大,15,425.1,40.7,16-16-16-16,栗東 岡田,500,0,
202508020103,2025-04-26,京都,3,3歳未勝利,芝,1200,右,晴,良,"2回 京都 1日目 サラ系３歳 未勝利       [指] 馬齢 18頭 本賞金:560,220,140,84,56万円",18,560.0,1,2,3,レディエンス,牝,3,55.0,Ｍデム,68.7,,5,19.3,33.7,7-6,栗東 藤野,436,-12,
202508020103,2025-04-26,京都,3,3歳未勝利,芝,1200,右,晴,良,"2回 京都 1日目 サラ系３歳 未勝利       [指] 馬齢 18頭 本賞金:560,220,140,84,56万円",18,560.0,2,7,15,ダディーズグーグー,牡,3,57.0,川又,68.7,ハナ,4,14.3,34.4,3-3,栗東 畑端,482,-2,
202508020103,2025-04-26,京都,3,3歳未勝利,芝,1200,右,晴,良,"2回 京都 1日目 サラ系３歳 未勝利       [指] 馬齢 18頭 本賞金:560,220,140,84,56万円",18,560.0,3,5,9,ベルヴィヴァン,牝,3,55.0,鮫島駿,68.8,クビ,2,3.8,34.1,5-5,栗東 西村,470,-4,
202508020103,2025-04-26,京都,3,3歳未勝利,芝,1200,右,晴,良,"2回 京都 1日目 サラ系３歳 未勝利       [指] 馬齢 18頭 本賞金:560,220,140,84,56万円",18,560.0,4,8,17,メイショウマサツラ,牡,3,57.0,武豊,69.0,1.1/4,1,2.6,35.0,1-1,栗東 本田,504,-2,
202508020103,2025-04-26,京都,3,3歳未勝利,芝,1200,右,晴,良,"2回 京都 1日目 サラ系３歳 未勝利       [指] 馬齢 18頭 本賞金:560,220,140,84,56万円",18,560.0,5,2,4,ラインピクシー,牝,3,52.0,▲和田陽,69.0,アタマ,6,22.5,34.0,7-6,栗東 長谷川,474,-6,
202508020103,2025-04-26,京都,3,3歳未勝利,芝,1200,右,晴,良,"2回 京都 1日目 サラ系３歳 未勝利       [指] 馬齢 18頭 本賞金:560,220,140,84,56万円",18,560.0,6,1,2,カシノメンコチャン,牝,3,55.0,松若,69.1,1/2,17,227.2,33.9,11-9,栗東 牧田,416,-4,
202508020103,2025-04-26,京都,3,3歳未勝利,芝,1200,右,晴,良,"2回 京都 1日目 サラ系３歳 未勝利       [指] 馬齢 18頭 本賞金:560,220,140,84,56万円",18,560.0,7,6,12,パリコレジェンヌ,牝,3,55.0,和田竜,69.2,1/2,9,27.9,34.0,10-9,栗東 鈴木孝,456,2,
202508020103,2025-04-26,京都,3,3歳未勝利,芝,1200,右,晴,良,"2回 京都 1日目 サラ系３歳 未勝利       [指] 馬齢 18頭 本賞金:560,220,140,84,56万円",18,560.0,8,7,14,トウカイリュタン,牝,3,55.0,幸,69.4,1.1/4,15,162.5,33.9,11-12,栗東 北出,390,0,
202508020103,2025-04-26,京都,3,3歳未勝利,芝,1200,右,晴,良,"2回 京都 1日目 サラ系３歳 未勝利       [指] 馬齢 18頭 本賞金:560,220,140,84,56万円",18,560.0,9,3,5,アジアンテーラー,牝,3,55.0,長岡,69.6,1.1/4,8,27.0,35.3,3-3,栗東 緒方,422,8,
202508020103,2025-04-26,京都,3,3歳未勝利,芝,1200,右,晴,良,"2回 京都 1日目 サラ系３歳 未勝利       [指] 馬齢 18頭 本賞金:560,220,140,84,56万円",18,560.0,10,7,13,メイショウハヤセ,牝,3,54.0,☆西塚,69.7,1,16,224.6,33.6,17-16,栗東 笹田,418,-12,
202508020103,2025-04-26,京都,3,3歳未勝利,芝,1200,右,晴,良,"2回 京都 1日目 サラ系３歳 未勝利       [指] 馬齢 18頭 本賞金:560,220,140,84,56万円",18,560.0,11,1,1,シエルルビー,牝,3,55.0,岩田康,69.8,1/2,12,63.6,34.1,14-13,栗東 藤野,404,4,
202508020103,2025-04-26,京都,3,3歳未勝利,芝,1200,右,晴,良,"2回 京都 1日目 サラ系３歳 未勝利       [指] 馬齢 18頭 本賞金:560,220,140,84,56万円",18,560.0,12,5,10,クロスレジーナ,牝,3,55.0,太宰,70.0,1.1/4,3,4.1,35.9,2-2,栗東 高橋亮,430,16,
202508020103,2025-04-26,京都,3,3歳未勝利,芝,1200,右,晴,良,"2回 京都 1日目 サラ系３歳 未勝利       [指] 馬齢 18頭 本賞金:560,220,140,84,56万円",18,560.0,13,6,11,ニホンピロリーチ,牝,3,55.0,田口,70.0,ハナ,11,57.7,34.2,14-14,栗東 大橋,450,0,
202508020103,2025-04-26,京都,3,3歳未勝利,芝,1200,右,晴,良,"2回 京都 1日目 サラ系３歳 未勝利       [指] 馬齢 18頭 本賞金:560,220,140,84,56万円",18,560.0,14,4,7,オーウェンズバレー,牡,3,57.0,藤岡佑,70.1,クビ,10,48.0,34.9,9-11,栗東 宮,490,-5,
202508020103,2025-04-26,京都,3,3歳未勝利,芝,1200,右,晴,良,"2回 京都 1日目 サラ系３歳 未勝利       [指] 馬齢 18頭 本賞金:560,220,140,84,56万円",18,560.0,15,3,6,コルネイユドール,牝,3,55.0,岩田望,70.7,3.1/2,7,23.1,35.9,5-6,栗東 千田,456,-13,
202508020103,2025-04-26,京都,3,3歳未勝利,芝,1200,右,晴,良,"2回 京都 1日目 サラ系３歳 未勝利       [指] 馬齢 18頭 本賞金:560,220,140,84,56万円",18,560.0,16,8,18,ブルーセルリアン,牡,3,54.0,▲柴田裕,70.8,1/2,18,398.3,35.0,14-14,栗東 宮,484,4,
202508020103,2025-04-26,京都,3,3歳未勝利,芝,1200,右,晴,良,"2回 京都 1日目 サラ系３歳 未勝利       [指] 馬齢 18頭 本賞金:560,220,140,84,56万円",18,560.0,17,4,8,ファーニスクリーク,牡,3,54.0,▲森田,71.5,4,14,127.4,35.0,18-18,栗東 斉藤崇,508,6,
202508020103,2025-04-26,京都,3,3歳未勝利,芝,1200,右,晴,良,"2回 京都 1日目 サラ系３歳 未勝利       [指] 馬齢 18頭 本賞金:560,220,140,84,56万円",18,560.0,18,8,16,ダイメイハッピー,牝,3,55.0,菱田,71.5,アタマ,13,126.2,35.5,13-17,栗東 森田,486,-12,
202508020104,2025-04-26,京都,4,4歳以上障害OP,障,3170,,晴,良,"2回 京都 1日目 障害４歳以上 オープン       (混) 別定 11頭 本賞金:1430,570,360,210,143万円",11,1430.0,1,3,3,ナリノモンターニュ,牡,8,61.0,五十嵐,215.4,,3,6.1,13.6,3-3-3-3,美浦 上原博,520,-4,
202508020104,2025-04-26,京都,4,4歳以上障害OP,障,3170,,晴,良,"2回 京都 1日目 障害４歳以上 オープン       (混) 別定 11頭 本賞金:1430,570,360,210,143万円",11,1430.0,2,4,4,オールザワールド,牡,8,62.0,森一,215.6,1.1/2,1,2.2,13.6,2-2-2-2,栗東 中竹,484,12,
202508020104,2025-04-26,京都,4,4歳以上障害OP,障,3170,,晴,良,"2回 京都 1日目 障害４歳以上 オープン       (混) 別定 11頭 本賞金:1430,570,360,210,143万円",11,1430.0,3,8,11,インディゴブラック,セ,6,61.0,小坂,216.2,3.1/2,2,3.4,13.6,1-1-1-1,栗東 奥村豊,522,6,
202508020104,2025-04-26,京都,4,4歳以上障害OP,障,3170,,晴,良,"2回 京都 1日目 障害４歳以上 オープン       (混) 別定 11頭 本賞金:1430,570,360,210,143万円",11,1430.0,4,5,5,ナイトスピアー,牡,5,60.0,大江圭,217.0,5,8,27.4,13.7,4-4-4-4,美浦 小野,492,4,
202508020104,2025-04-26,京都,4,4歳以上障害OP,障,3170,,晴,良,"2回 京都 1日目 障害４歳以上 オープン       (混) 別定 11頭 本賞金:1430,570,360,210,143万円",11,1430.0,5,1,1,プラチナムレイアー,セ,7,60.0,小牧加,218.3,8,6,16.0,13.8,5-5-5-5,栗東 河嶋,508,6,
202508020104,2025-04-26,京都,4,4歳以上障害OP,障,3170,,晴,良,"2回 京都 1日目 障害４歳以上 オープン       (混) 別定 11頭 本賞金:1430,570,360,210,143万円",11,1430.0,6,6,6,マケルナマサムネ,牡,7,60.0,難波,219.2,5,10,57.5,13.8,8-7-6-6,栗東 畑端,480,-4,
202508020104,2025-04-26,京都,4,4歳以上障害OP,障,3170,,晴,良,"2回 京都 1日目 障害４歳以上 オープン       (混) 別定 11頭 本賞金:1430,570,360,210,143万円",11,1430.0,7,7,8,ウインチェレステ,牡,7,60.0,草野,219.7,3,5,15.1,13.9,9-9-8-7,美浦 畠山,508,-12,
202508020104,2025-04-26,京都,4,4歳以上障害OP,障,3170,,晴,良,"2回 京都 1日目 障害４歳以上 オープン       (混) 別定 11頭 本賞金:1430,570,360,210,143万円",11,1430.0,8,8,10,ワールドスケール,牡,8,61.0,黒岩,219.9,1.1/4,9,30.9,13.9,11-10-7-7,栗東 加藤公,494,2,
202508020104,2025-04-26,京都,4,4歳以上障害OP,障,3170,,晴,良,"2回 京都 1日目 障害４歳以上 オープン       (混) 別定 11頭 本賞金:1430,570,360,210,143万円",11,1430.0,9,7,9,トラファルガー,セ,5,60.0,石神深,221.1,7,7,27.0,13.9,6-6-9-9,美浦 加藤和,500,-2,
202508020104,2025-04-26,京都,4,4歳以上障害OP,障,3170,,晴,良,"2回 京都 1日目 障害４歳以上 オープン       (混) 別定 11頭 本賞金:1430,570,360,210,143万円",11,1430.0,10,2,2,コルドゥーン,牡,9,60.0,伴,221.7,3.1/2,11,216.6,14.0,10-10-11-10,美浦 石栗,466,-4,
202508020104,2025-04-26,京都,4,4歳以上障害OP,障,3170,,晴,良,"2回 京都 1日目 障害４歳以上 オープン       (混) 別定 11頭 本賞金:1430,570,360,210,143万円",11,1430.0,11,6,7,トランシルヴァニア,セ,8,57.0,▲坂口,224.0,大,4,10.4,14.1,7-7-9-10,美浦 田中剛,496,-6,
202508020105,2025-04-26,京都,5,3歳未勝利,芝,1800,右,晴,良,"2回 京都 1日目 サラ系３歳 未勝利       牝[指] 馬齢 18頭 本賞金:560,220,140,84,56万円",18,560.0,1,3,6,エイカイカッシーナ,牝,3,54.0,☆西塚,108.0,,6,11.6,34.8,2-3,栗東 藤原,432,4,
202508020105,2025-04-26,京都,5,3歳未勝利,芝,1800,右,晴,良,"2回 京都 1日目 サラ系３歳 未勝利       牝[指] 馬齢 18頭 本賞金:560,220,140,84,56万円",18,560.0,2,8,16,ハートメテオ,牝,3,55.0,鮫島駿,108.0,クビ,2,4.7,34.9,2-2,栗東 笹田,438,-2,
202508020105,2025-04-26,京都,5,3歳未勝利,芝,1800,右,晴,良,"2回 京都 1日目 サラ系３歳 未勝利       牝[指] 馬齢 18頭 本賞金:560,220,140,84,56万円",18,560.0,3,8,17,アドラビーレ,牝,3,55.0,酒井,108.3,1.1/2,8,39.5,34.9,7-5,栗東 石坂,438,4,
202508020105,2025-04-26,京都,5,3歳未勝利,芝,1800,右,晴,良,"2回 京都 1日目 サラ系３歳 未勝利       牝[指] 馬齢 18頭 本賞金:560,220,140,84,56万円",18,560.0,4,6,12,シェーラ,牝,3,51.0,★河原田,108.3,クビ,15,239.1,34.5,13-13,栗東 牧田,416,14,
202508020105,2025-04-26,京都,5,3歳未勝利,芝,1800,右,晴,良,"2回 京都 1日目 サラ系３歳 未勝利       牝[指] 馬齢 18頭 本賞金:560,220,140,84,56万円",18,560.0,5,5,10,エスタンシア,牝,3,55.0,北村友,108.3,ハナ,5,7.6,35.0,5-5,栗東 松下,456,-8,
202508020105,2025-04-26,京都,5,3歳未勝利,芝,1800,右,晴,良,"2回 京都 1日目 サラ系３歳 未勝利       牝[指] 馬齢 18頭 本賞金:560,220,140,84,56万円",18,560.0,6,1,1,サトノベリル,牝,3,55.0,川田,108.4,クビ,1,3.4,35.0,9-8,栗東 吉岡,434,8,
202508020105,2025-04-26,京都,5,3歳未勝利,芝,1800,右,晴,良,"2回 京都 1日目 サラ系３歳 未勝利       牝[指] 馬齢 18頭 本賞金:560,220,140,84,56万円",18,560.0,7,3,5,パスコード,牝,3,54.0,☆吉村,108.5,1/2,3,4.7,34.8,11-10,栗東 高柳大,436,0,
202508020105,2025-04-26,京都,5,3歳未勝利,芝,1800,右,晴,良,"2回 京都 1日目 サラ系３歳 未勝利       牝[指] 馬齢 18頭 本賞金:560,220,140,84,56万円",18,560.0,8,5,9,ハギノデュエット,牝,3,52.0,▲柴田裕,108.6,1,13,183.6,34.2,16-16,栗東 中竹,462,-2,
202508020105,2025-04-26,京都,5,3歳未勝利,芝,1800,右,晴,良,"2回 京都 1日目 サラ系３歳 未勝利       牝[指] 馬齢 18頭 本賞金:560,220,140,84,56万円",18,560.0,9,4,8,メリッサバローズ,牝,3,55.0,岩田望,108.7,3/4,7,12.1,35.1,9-10,栗東 友道,442,0,
202508020105,2025-04-26,京都,5,3歳未勝利,芝,1800,右,晴,良,"2回 京都 1日目 サラ系３歳 未勝利       牝[指] 馬齢 18頭 本賞金:560,220,140,84,56万円",18,560.0,10,7,15,コトリノウタウウタ,牝,3,55.0,田口,108.8,クビ,17,376.9,35.8,1-1,栗東 庄野,430,4,
202508020105,2025-04-26,京都,5,3歳未勝利,芝,1800,右,晴,良,"2回 京都 1日目 サラ系３歳 未勝利       牝[指] 馬齢 18頭 本賞金:560,220,140,84,56万円",18,560.0,11,2,4,ドライヴサンライズ,牝,3,55.0,長岡,108.9,1/2,9,50.2,35.4,7-8,栗東 茶木,422,-2,
202508020105,2025-04-26,京都,5,3歳未勝利,芝,1800,右,晴,良,"2回 京都 1日目 サラ系３歳 未勝利       牝[指] 馬齢 18頭 本賞金:560,220,140,84,56万円",18,560.0,12,4,7,トモエジョウ,牝,3,55.0,菱田,109.0,1,14,214.7,35.1,14-14,栗東 岡田,460,0,
202508020105,2025-04-26,京都,5,3歳未勝利,芝,1800,右,晴,良,"2回 京都 1日目 サラ系３歳 未勝利       牝[指] 馬齢 18頭 本賞金:560,220,140,84,56万円",18,560.0,13,6,11,シャルメイビス,牝,3,55.0,浜中,109.4,2.1/2,11,71.6,36.1,5-5,栗東 森秀,420,4,
202508020105,2025-04-26,京都,5,3歳未勝利,芝,1800,右,晴,良,"2回 京都 1日目 サラ系３歳 未勝利       牝[指] 馬齢 18頭 本賞金:560,220,140,84,56万円",18,560.0,14,1,2,ジーティーパール,牝,3,52.0,▲森田,110.2,5,16,294.1,35.3,18-18,栗東 石坂,436,2,
202508020105,2025-04-26,京都,5,3歳未勝利,芝,1800,右,晴,良,"2回 京都 1日目 サラ系３歳 未勝利       牝[指] 馬齢 18頭 本賞金:560,220,140,84,56万円",18,560.0,15,8,18,エリカブルージュ,牝,3,55.0,幸,110.2,ハナ,12,109.4,35.6,17-17,栗東 杉山晴,450,0,
202508020105,2025-04-26,京都,5,3歳未勝利,芝,1800,右,晴,良,"2回 京都 1日目 サラ系３歳 未勝利       牝[指] 馬齢 18頭 本賞金:560,220,140,84,56万円",18,560.0,16,2,3,ストンプ,牝,3,55.0,武豊,110.3,1,10,54.2,36.3,14-15,栗東 清水久,462,6,
202508020105,2025-04-26,京都,5,3歳未勝利,芝,1800,右,晴,良,"2回 京都 1日目 サラ系３歳 未勝利       牝[指] 馬齢 18頭 本賞金:560,220,140,84,56万円",18,560.0,17,7,13,アイルシャンス,牝,3,52.0,▲田山,110.5,1.1/4,18,582.5,37.4,2-3,栗東 新谷,432,-2,
202508020105,2025-04-26,京都,5,3歳未勝利,芝,1800,右,晴,良,"2回 京都 1日目 サラ系３歳 未勝利       牝[指] 馬齢 18頭 本賞金:560,220,140,84,56万円",18,560.0,18,7,14,チルウィズミー,牝,3,55.0,藤岡佑,110.8,1.3/4,4,7.5,37.1,11-10,栗東 中内田,468,0,
202508020106,2025-04-26,京都,6,3歳未勝利,芝,2400,右,晴,良,"2回 京都 1日目 サラ系３歳 未勝利       [指] 馬齢 14頭 本賞金:560,220,140,84,56万円",14,560.0,1,7,11,サイモンベローチェ,牡,3,54.0,▲柴田裕,145.4,,7,20.9,35.4,1-1-1-1,栗東 佐々木,516,-2,
202508020106,2025-04-26,京都,6,3歳未勝利,芝,2400,右,晴,良,"2回 京都 1日目 サラ系３歳 未勝利       [指] 馬齢 14頭 本賞金:560,220,140,84,56万円",14,560.0,2,2,2,ジョイボーイ,牡,3,57.0,岩田康,145.4,アタマ,1,1.7,35.0,12-11-5-4,栗東 四位,472,-2,
202508020106,2025-04-26,京都,6,3歳未勝利,芝,2400,右,晴,良,"2回 京都 1日目 サラ系３歳 未勝利       [指] 馬齢 14頭 本賞金:560,220,140,84,56万円",14,560.0,3,8,14,バルデラマ,牡,3,57.0,菱田,145.4,ハナ,3,8.1,35.1,3-3-3-2,栗東 辻野,460,-4,
202508020106,2025-04-26,京都,6,3歳未勝利,芝,2400,右,晴,良,"2回 京都 1日目 サラ系３歳 未勝利       [指] 馬齢 14頭 本賞金:560,220,140,84,56万円",14,560.0,4,7,12,マンオブノーブル,牡,3,56.0,☆吉村,145.5,3/4,6,16.7,34.9,7-7-7-6,栗東 池江,466,-6,
202508020106,2025-04-26,京都,6,3歳未勝利,芝,2400,右,晴,良,"2回 京都 1日目 サラ系３歳 未勝利       [指] 馬齢 14頭 本賞金:560,220,140,84,56万円",14,560.0,5,6,10,レッドヴァリアート,牡,3,57.0,田口,146.0,2.1/2,8,23.3,35.7,3-3-3-4,栗東 加藤公,448,0,
202508020106,2025-04-26,京都,6,3歳未勝利,芝,2400,右,晴,良,"2回 京都 1日目 サラ系３歳 未勝利       [指] 馬齢 14頭 本賞金:560,220,140,84,56万円",14,560.0,6,3,3,プレデスティナーレ,牡,3,57.0,和田竜,146.1,3/4,2,6.3,35.3,9-9-9-9,栗東 北出,458,2,
202508020106,2025-04-26,京都,6,3歳未勝利,芝,2400,右,晴,良,"2回 京都 1日目 サラ系３歳 未勝利       [指] 馬齢 14頭 本賞金:560,220,140,84,56万円",14,560.0,7,4,5,ヴァリラプトル,牝,3,55.0,幸,146.1,クビ,9,148.5,34.8,14-14-13-13,栗東 高野,408,-2,
202508020106,2025-04-26,京都,6,3歳未勝利,芝,2400,右,晴,良,"2回 京都 1日目 サラ系３歳 未勝利       [指] 馬齢 14頭 本賞金:560,220,140,84,56万円",14,560.0,8,4,6,シカレ,牝,3,55.0,坂井,146.1,アタマ,5,9.6,35.3,7-7-9-9,栗東 前川,408,-4,
202508020106,2025-04-26,京都,6,3歳未勝利,芝,2400,右,晴,良,"2回 京都 1日目 サラ系３歳 未勝利       [指] 馬齢 14頭 本賞金:560,220,140,84,56万円",14,560.0,9,5,8,ベラジオガルフ,牡,3,57.0,岩田望,146.6,3,4,9.1,36.0,5-5-7-6,栗東 上村,472,0,
202508020106,2025-04-26,京都,6,3歳未勝利,芝,2400,右,晴,良,"2回 京都 1日目 サラ系３歳 未勝利       [指] 馬齢 14頭 本賞金:560,220,140,84,56万円",14,560.0,10,3,4,タガノポストマン,牡,3,57.0,中井,147.4,5,14,362.9,36.4,13-13-11-11,栗東 鈴木孝,480,0,
202508020106,2025-04-26,京都,6,3歳未勝利,芝,2400,右,晴,良,"2回 京都 1日目 サラ系３歳 未勝利       [指] 馬齢 14頭 本賞金:560,220,140,84,56万円",14,560.0,11,6,9,タイキクロニクル,牡,3,56.0,☆西塚,147.8,2,10,212.0,37.3,5-5-6-6,栗東 高野,478,-2,
202508020106,2025-04-26,京都,6,3歳未勝利,芝,2400,右,晴,良,"2回 京都 1日目 サラ系３歳 未勝利       [指] 馬齢 14頭 本賞金:560,220,140,84,56万円",14,560.0,12,8,13,アスタイクウス,牡,3,57.0,長岡,147.9,3/4,11,226.9,37.8,2-2-2-2,栗東 岡田,478,-4,
202508020106,2025-04-26,京都,6,3歳未勝利,芝,2400,右,晴,良,"2回 京都 1日目 サラ系３歳 未勝利       [指] 馬齢 14頭 本賞金:560,220,140,84,56万円",14,560.0,13,1,1,ラブリヴ,牝,3,55.0,松若,148.1,3/4,12,262.2,37.0,10-10-11-11,栗東 高橋一,424,2,
202508020106,2025-04-26,京都,6,3歳未勝利,芝,2400,右,晴,良,"2回 京都 1日目 サラ系３歳 未勝利       [指] 馬齢 14頭 本賞金:560,220,140,84,56万円",14,560.0,14,5,7,テーオーウィルソン,牡,3,57.0,太宰,151.0,大,13,263.7,38.5,11-12-14-14,栗東 宮,520,-2,
202508020107,2025-04-26,京都,7,3歳1勝クラス,ダ,1800,右,晴,良,"2回 京都 1日目 サラ系３歳 １勝クラス       (混)[指] 馬齢 12頭 本賞金:800,320,200,120,80万円",12,800.0,1,5,6,ロードラビリンス,牡,3,57.0,川田,112.7,,1,3.0,38.2,7-7-2-1,栗東 松下,488,-2,
202508020107,2025-04-26,京都,7,3歳1勝クラス,ダ,1800,右,晴,良,"2回 京都 1日目 サラ系３歳 １勝クラス       (混)[指] 馬齢 12頭 本賞金:800,320,200,120,80万円",12,800.0,2,2,2,テーオーマルコーニ,牡,3,57.0,藤岡佑,112.8,3/4,8,16.6,38.1,7-7-5-4,栗東 奥村豊,492,-8,
202508020107,2025-04-26,京都,7,3歳1勝クラス,ダ,1800,右,晴,良,"2回 京都 1日目 サラ系３歳 １勝クラス       (混)[指] 馬齢 12頭 本賞金:800,320,200,120,80万円",12,800.0,3,8,11,エコロスパーダ,牡,3,54.0,▲和田陽,113.1,2,5,9.8,36.8,12-12-12-11,栗東 大久保,450,-2,
202508020107,2025-04-26,京都,7,3歳1勝クラス,ダ,1800,右,晴,良,"2回 京都 1日目 サラ系３歳 １勝クラス       (混)[指] 馬齢 12頭 本賞金:800,320,200,120,80万円",12,800.0,4,6,7,ベイラム,牡,3,57.0,岩田望,113.5,2,6,12.4,38.5,11-10-8-8,栗東 武英,434,0,
202508020107,2025-04-26,京都,7,3歳1勝クラス,ダ,1800,右,晴,良,"2回 京都 1日目 サラ系３歳 １勝クラス       (混)[指] 馬齢 12頭 本賞金:800,320,200,120,80万円",12,800.0,5,5,5,スリーキングス,牡,3,57.0,岩田康,113.5,クビ,4,7.2,38.6,4-5-6-6,栗東 上村,504,0,
202508020107,2025-04-26,京都,7,3歳1勝クラス,ダ,1800,右,晴,良,"2回 京都 1日目 サラ系３歳 １勝クラス       (混)[指] 馬齢 12頭 本賞金:800,320,200,120,80万円",12,800.0,6,4,4,プロスペクトパーク,牡,3,56.0,☆吉村,113.8,2,9,38.3,39.2,2-3-4-3,美浦 高柳瑞,500,-4,
202508020107,2025-04-26,京都,7,3歳1勝クラス,ダ,1800,右,晴,良,"2回 京都 1日目 サラ系３歳 １勝クラス       (混)[指] 馬齢 12頭 本賞金:800,320,200,120,80万円",12,800.0,7,3,3,シンビリーブ,牡,3,57.0,団野,114.0,1.1/4,2,3.8,38.8,4-5-8-9,栗東 森秀,514,-6,
202508020107,2025-04-26,京都,7,3歳1勝クラス,ダ,1800,右,晴,良,"2回 京都 1日目 サラ系３歳 １勝クラス       (混)[指] 馬齢 12頭 本賞金:800,320,200,120,80万円",12,800.0,8,6,8,ポッドフォルク,牡,3,57.0,中井,114.0,ハナ,12,83.9,38.6,9-10-10-9,栗東 西園正,492,-2,
202508020107,2025-04-26,京都,7,3歳1勝クラス,ダ,1800,右,晴,良,"2回 京都 1日目 サラ系３歳 １勝クラス       (混)[指] 馬齢 12頭 本賞金:800,320,200,120,80万円",12,800.0,9,8,12,グレイスフルマーチ,牡,3,57.0,幸,115.0,6,10,55.8,40.1,9-9-6-6,栗東 中村,456,-2,
202508020107,2025-04-26,京都,7,3歳1勝クラス,ダ,1800,右,晴,良,"2回 京都 1日目 サラ系３歳 １勝クラス       (混)[指] 馬齢 12頭 本賞金:800,320,200,120,80万円",12,800.0,10,1,1,ラージギャラリー,牝,3,55.0,鮫島駿,115.4,2.1/2,3,7.2,40.9,2-2-2-2,栗東 高橋亮,466,2,
202508020107,2025-04-26,京都,7,3歳1勝クラス,ダ,1800,右,晴,良,"2回 京都 1日目 サラ系３歳 １勝クラス       (混)[指] 馬齢 12頭 本賞金:800,320,200,120,80万円",12,800.0,11,7,9,ソングコレクター,牝,3,54.0,☆西塚,117.1,10,11,78.1,42.7,1-1-1-4,栗東 小林,482,-4,
202508020107,2025-04-26,京都,7,3歳1勝クラス,ダ,1800,右,晴,良,"2回 京都 1日目 サラ系３歳 １勝クラス       (混)[指] 馬齢 12頭 本賞金:800,320,200,120,80万円",12,800.0,12,7,10,テルアスワッド,牡,3,57.0,坂井,121.7,大,7,12.8,45.3,4-3-11-12,栗東 須貝,498,-6,
202508020108,2025-04-26,京都,8,あやめ賞,芝,1800,右,晴,良,"2回 京都 1日目 サラ系３歳 １勝クラス       (混)(特指) 馬齢 7頭 本賞金:1110,440,280,170,111万円",7,1110.0,1,2,2,キングメーカー,牡,3,57.0,武豊,106.9,,2,3.1,32.8,7-7,栗東 須貝,488,-4,
202508020108,2025-04-26,京都,8,あやめ賞,芝,1800,右,晴,良,"2回 京都 1日目 サラ系３歳 １勝クラス       (混)(特指) 馬齢 7頭 本賞金:1110,440,280,170,111万円",7,1110.0,2,3,3,グラフィティアート,牡,3,57.0,浜中,107.0,3/4,3,4.0,33.1,5-4,栗東 石橋,470,-4,
202508020108,2025-04-26,京都,8,あやめ賞,芝,1800,右,晴,良,"2回 京都 1日目 サラ系３歳 １勝クラス       (混)(特指) 馬齢 7頭 本賞金:1110,440,280,170,111万円",7,1110.0,3,1,1,トリポリタニア,牡,3,57.0,北村友,107.1,3/4,1,3.1,33.3,4-4,栗東 上村,474,-4,
202508020108,2025-04-26,京都,8,あやめ賞,芝,1800,右,晴,良,"2回 京都 1日目 サラ系３歳 １勝クラス       (混)(特指) 馬齢 7頭 本賞金:1110,440,280,170,111万円",7,1110.0,4,4,4,フォーキャンドルズ,牡,3,57.0,団野,107.4,2,5,9.4,33.6,5-4,栗東 本田,500,-2,
202508020108,2025-04-26,京都,8,あやめ賞,芝,1800,右,晴,良,"2回 京都 1日目 サラ系３歳 １勝クラス       (混)(特指) 馬齢 7頭 本賞金:1110,440,280,170,111万円",7,1110.0,5,7,7,ネーブルオレンジ,牝,3,55.0,坂井,107.6,1.1/4,4,5.8,34.3,1-1,栗東 杉山佳,470,0,
202508020108,2025-04-26,京都,8,あやめ賞,芝,1800,右,晴,良,"2回 京都 1日目 サラ系３歳 １勝クラス       (混)(特指) 馬齢 7頭 本賞金:1110,440,280,170,111万円",7,1110.0,6,5,5,バルティカ,牡,3,57.0,鮫島駿,107.7,3/4,6,20.5,34.2,2-2,栗東 高橋亮,446,10,
202508020108,2025-04-26,京都,8,あやめ賞,芝,1800,右,晴,良,"2回 京都 1日目 サラ系３歳 １勝クラス       (混)(特指) 馬齢 7頭 本賞金:1110,440,280,170,111万円",7,1110.0,7,6,6,ツーエムクロノス,牡,3,57.0,太宰,108.5,5,7,25.2,34.9,2-3,栗東 本田,506,2,
202508020109,2025-04-26,京都,9,4歳以上1勝クラス,芝,1400,右,晴,良,"2回 京都 1日目 サラ系４歳以上 １勝クラス       (混)[指] 定量 12頭 本賞金:800,320,200,120,80万円",12,800.0,1,6,8,サダメ,牝,4,56.0,幸,80.8,,1,3.5,34.2,4-3,栗東 畑端,458,-2,
202508020109,2025-04-26,京都,9,4歳以上1勝クラス,芝,1400,右,晴,良,"2回 京都 1日目 サラ系４歳以上 １勝クラス       (混)[指] 定量 12頭 本賞金:800,320,200,120,80万円",12,800.0,2,6,7,メイショウサチダケ,牡,4,58.0,武豊,80.8,アタマ,4,5.4,34.2,3-3,栗東 鈴木孝,492,-4,
202508020109,2025-04-26,京都,9,4歳以上1勝クラス,芝,1400,右,晴,良,"2回 京都 1日目 サラ系４歳以上 １勝クラス       (混)[指] 定量 12頭 本賞金:800,320,200,120,80万円",12,800.0,3,7,10,リアライズ,牡,5,55.0,▲森田,80.8,ハナ,6,10.6,34.0,5-5,栗東 石橋,506,-6,
202508020109,2025-04-26,京都,9,4歳以上1勝クラス,芝,1400,右,晴,良,"2回 京都 1日目 サラ系４歳以上 １勝クラス       (混)[指] 定量 12頭 本賞金:800,320,200,120,80万円",12,800.0,4,8,12,ジャンヌローサ,牝,4,55.0,☆吉村,80.8,ハナ,8,37.8,33.8,8-8,栗東 井上,454,-2,
202508020109,2025-04-26,京都,9,4歳以上1勝クラス,芝,1400,右,晴,良,"2回 京都 1日目 サラ系４歳以上 １勝クラス       (混)[指] 定量 12頭 本賞金:800,320,200,120,80万円",12,800.0,5,2,2,サリュエ,牡,4,58.0,団野,80.8,ハナ,2,4.3,33.8,8-8,栗東 野中,478,-8,
202508020109,2025-04-26,京都,9,4歳以上1勝クラス,芝,1400,右,晴,良,"2回 京都 1日目 サラ系４歳以上 １勝クラス       (混)[指] 定量 12頭 本賞金:800,320,200,120,80万円",12,800.0,6,1,1,マーシーラン,牝,4,56.0,藤岡佑,80.9,3/4,3,5.2,34.1,5-5,栗東 渡辺,466,2,
202508020109,2025-04-26,京都,9,4歳以上1勝クラス,芝,1400,右,晴,良,"2回 京都 1日目 サラ系４歳以上 １勝クラス       (混)[指] 定量 12頭 本賞金:800,320,200,120,80万円",12,800.0,7,4,4,ショウナンラウール,牝,4,56.0,田口,81.1,3/4,5,6.5,34.3,5-5,栗東 高橋忠,438,8,
202508020109,2025-04-26,京都,9,4歳以上1勝クラス,芝,1400,右,晴,良,"2回 京都 1日目 サラ系４歳以上 １勝クラス       (混)[指] 定量 12頭 本賞金:800,320,200,120,80万円",12,800.0,8,5,6,マルクパージュ,牝,5,53.0,▲和田陽,81.3,1.1/4,10,79.4,34.1,10-10,栗東 加藤公,428,4,
202508020109,2025-04-26,京都,9,4歳以上1勝クラス,芝,1400,右,晴,良,"2回 京都 1日目 サラ系４歳以上 １勝クラス       (混)[指] 定量 12頭 本賞金:800,320,200,120,80万円",12,800.0,9,8,11,ヴァイタルピース,セ,4,58.0,和田竜,81.4,1,9,52.6,34.2,11-10,栗東 吉田,448,-4,
202508020109,2025-04-26,京都,9,4歳以上1勝クラス,芝,1400,右,晴,良,"2回 京都 1日目 サラ系４歳以上 １勝クラス       (混)[指] 定量 12頭 本賞金:800,320,200,120,80万円",12,800.0,10,3,3,テリオスソラ,牝,4,53.0,▲柴田裕,81.5,1/2,11,134.7,35.2,1-1,栗東 松下,470,-4,
202508020109,2025-04-26,京都,9,4歳以上1勝クラス,芝,1400,右,晴,良,"2回 京都 1日目 サラ系４歳以上 １勝クラス       (混)[指] 定量 12頭 本賞金:800,320,200,120,80万円",12,800.0,11,5,5,メイショウヒュウガ,牡,5,58.0,松若,81.6,3/4,12,144.5,34.1,12-12,栗東 安達,490,-2,
202508020109,2025-04-26,京都,9,4歳以上1勝クラス,芝,1400,右,晴,良,"2回 京都 1日目 サラ系４歳以上 １勝クラス       (混)[指] 定量 12頭 本賞金:800,320,200,120,80万円",12,800.0,12,7,9,ニックオブタイム,セ,4,58.0,中井,81.9,2,7,23.1,35.5,2-2,栗東 中内田,480,-6,
202508020110,2025-04-26,京都,10,観月橋S,ダ,1900,右,晴,良,"2回 京都 1日目 サラ系４歳以上 ３勝クラス       (混)(特指) 定量 12頭 本賞金:1840,740,460,280,184万円",12,1840.0,1,6,8,ジンセイ,牡,4,58.0,川田,118.0,,1,1.5,36.0,5-5-5-4,栗東 庄野,510,-2,
202508020110,2025-04-26,京都,10,観月橋S,ダ,1900,右,晴,良,"2回 京都 1日目 サラ系４歳以上 ３勝クラス       (混)(特指) 定量 12頭 本賞金:1840,740,460,280,184万円",12,1840.0,2,5,5,ハギノサステナブル,牡,5,58.0,鮫島駿,118.3,1.3/4,2,5.4,36.1,8-8-7-6,栗東 高野,486,6,
202508020110,2025-04-26,京都,10,観月橋S,ダ,1900,右,晴,良,"2回 京都 1日目 サラ系４歳以上 ３勝クラス       (混)(特指) 定量 12頭 本賞金:1840,740,460,280,184万円",12,1840.0,3,5,6,サイモンザナドゥ,牡,5,58.0,浜中,118.4,3/4,6,20.7,36.2,10-10-7-10,栗東 小林,476,8,
202508020110,2025-04-26,京都,10,観月橋S,ダ,1900,右,晴,良,"2回 京都 1日目 サラ系４歳以上 ３勝クラス       (混)(特指) 定量 12頭 本賞金:1840,740,460,280,184万円",12,1840.0,4,7,9,パシアンジャン,牡,4,58.0,幸,118.6,1.1/4,3,8.1,36.8,3-3-3-2,栗東 鈴木孝,452,0,
202508020110,2025-04-26,京都,10,観月橋S,ダ,1900,右,晴,良,"2回 京都 1日目 サラ系４歳以上 ３勝クラス       (混)(特指) 定量 12頭 本賞金:1840,740,460,280,184万円",12,1840.0,5,6,7,ペンナヴェローチェ,牡,4,58.0,岩田望,118.7,1/2,5,12.0,36.6,6-6-5-6,栗東 須貝,498,0,
202508020110,2025-04-26,京都,10,観月橋S,ダ,1900,右,晴,良,"2回 京都 1日目 サラ系４歳以上 ３勝クラス       (混)(特指) 定量 12頭 本賞金:1840,740,460,280,184万円",12,1840.0,6,7,10,メイショウミカワ,牡,7,58.0,武豊,119.4,4,8,64.0,36.9,9-9-10-6,栗東 千田,516,0,
202508020110,2025-04-26,京都,10,観月橋S,ダ,1900,右,晴,良,"2回 京都 1日目 サラ系４歳以上 ３勝クラス       (混)(特指) 定量 12頭 本賞金:1840,740,460,280,184万円",12,1840.0,7,8,11,フームスムート,牡,8,58.0,川須,119.4,クビ,10,202.9,36.9,10-11-10-11,美浦 水野,534,4,
202508020110,2025-04-26,京都,10,観月橋S,ダ,1900,右,晴,良,"2回 京都 1日目 サラ系４歳以上 ３勝クラス       (混)(特指) 定量 12頭 本賞金:1840,740,460,280,184万円",12,1840.0,8,4,4,クロニクル,セ,6,58.0,酒井,119.5,クビ,7,39.0,37.7,4-3-3-4,栗東 田中克,508,6,
202508020110,2025-04-26,京都,10,観月橋S,ダ,1900,右,晴,良,"2回 京都 1日目 サラ系４歳以上 ３勝クラス       (混)(特指) 定量 12頭 本賞金:1840,740,460,280,184万円",12,1840.0,9,3,3,シゲルバクハツ,牡,7,58.0,田口,120.6,7,11,241.9,37.7,12-12-12-12,栗東 谷,504,0,
202508020110,2025-04-26,京都,10,観月橋S,ダ,1900,右,晴,良,"2回 京都 1日目 サラ系４歳以上 ３勝クラス       (混)(特指) 定量 12頭 本賞金:1840,740,460,280,184万円",12,1840.0,10,8,12,ショーモン,セ,5,58.0,菱田,120.7,1/2,9,143.8,38.4,7-6-7-6,栗東 橋口,498,4,
202508020110,2025-04-26,京都,10,観月橋S,ダ,1900,右,晴,良,"2回 京都 1日目 サラ系４歳以上 ３勝クラス       (混)(特指) 定量 12頭 本賞金:1840,740,460,280,184万円",12,1840.0,11,1,1,ギャンブルルーム,牡,4,58.0,北村友,121.4,4,4,9.4,39.8,1-1-1-1,栗東 大久保,504,4,
202508020110,2025-04-26,京都,10,観月橋S,ダ,1900,右,晴,良,"2回 京都 1日目 サラ系４歳以上 ３勝クラス       (混)(特指) 定量 12頭 本賞金:1840,740,460,280,184万円",12,1840.0,12,2,2,サウンドウォリアー,牡,7,58.0,松若,122.4,6,12,320.7,40.7,2-2-2-2,栗東 高橋康,516,0,
202508020111,2025-04-26,京都,11,天王山S,ダ,1200,右,晴,良,"2回 京都 1日目 サラ系４歳以上 オープン       (国際)(特指) 別定 14頭 本賞金:2200,880,550,330,220万円",14,2200.0,1,8,13,ドンアミティエ,牡,5,59.0,坂井,70.7,,1,2.7,35.2,5-5,栗東 今野,496,-4,
202508020111,2025-04-26,京都,11,天王山S,ダ,1200,右,晴,良,"2回 京都 1日目 サラ系４歳以上 オープン       (国際)(特指) 別定 14頭 本賞金:2200,880,550,330,220万円",14,2200.0,2,4,6,インユアパレス,牡,4,57.0,団野,70.8,1/2,3,6.0,34.9,9-8,栗東 須貝,480,-2,
202508020111,2025-04-26,京都,11,天王山S,ダ,1200,右,晴,良,"2回 京都 1日目 サラ系４歳以上 オープン       (国際)(特指) 別定 14頭 本賞金:2200,880,550,330,220万円",14,2200.0,3,5,8,ファーンヒル,牡,6,57.0,吉村,70.8,ハナ,11,126.2,35.7,2-2,栗東 清水久,486,-2,
202508020111,2025-04-26,京都,11,天王山S,ダ,1200,右,晴,良,"2回 京都 1日目 サラ系４歳以上 オープン       (国際)(特指) 別定 14頭 本賞金:2200,880,550,330,220万円",14,2200.0,4,6,10,ボナンザ,牡,5,58.0,川田,70.8,ハナ,2,5.0,35.6,3-2,栗東 庄野,506,6,
202508020111,2025-04-26,京都,11,天王山S,ダ,1200,右,晴,良,"2回 京都 1日目 サラ系４歳以上 オープン       (国際)(特指) 別定 14頭 本賞金:2200,880,550,330,220万円",14,2200.0,5,8,14,スマートフォルス,牡,5,57.0,武豊,71.2,2,6,12.7,35.0,11-12,栗東 吉村,482,2,
202508020111,2025-04-26,京都,11,天王山S,ダ,1200,右,晴,良,"2回 京都 1日目 サラ系４歳以上 オープン       (国際)(特指) 別定 14頭 本賞金:2200,880,550,330,220万円",14,2200.0,6,2,2,エーティーマクフィ,牡,6,57.0,藤岡佑,71.2,アタマ,4,8.4,34.7,14-13,栗東 武英,476,-10,
202508020111,2025-04-26,京都,11,天王山S,ダ,1200,右,晴,良,"2回 京都 1日目 サラ系４歳以上 オープン       (国際)(特指) 別定 14頭 本賞金:2200,880,550,330,220万円",14,2200.0,7,5,7,メイショウミツヤス,牡,7,57.0,和田竜,71.4,1.1/4,13,185.8,35.3,11-10,栗東 飯田,512,-8,
202508020111,2025-04-26,京都,11,天王山S,ダ,1200,右,晴,良,"2回 京都 1日目 サラ系４歳以上 オープン       (国際)(特指) 別定 14頭 本賞金:2200,880,550,330,220万円",14,2200.0,8,7,12,ルクスメテオール,牡,5,57.0,浜中,71.5,1/2,7,13.1,35.8,7-8,栗東 小林,488,-2,
202508020111,2025-04-26,京都,11,天王山S,ダ,1200,右,晴,良,"2回 京都 1日目 サラ系４歳以上 オープン       (国際)(特指) 別定 14頭 本賞金:2200,880,550,330,220万円",14,2200.0,9,1,1,タイセイブリリオ,牡,6,57.0,田口,71.8,2,12,160.9,36.2,7-6,栗東 大橋,488,-2,
202508020111,2025-04-26,京都,11,天王山S,ダ,1200,右,晴,良,"2回 京都 1日目 サラ系４歳以上 オープン       (国際)(特指) 別定 14頭 本賞金:2200,880,550,330,220万円",14,2200.0,10,7,11,エコロガイア,牡,4,57.0,岩田望,71.8,アタマ,8,20.2,36.5,3-2,栗東 森秀,476,2,
202508020111,2025-04-26,京都,11,天王山S,ダ,1200,右,晴,良,"2回 京都 1日目 サラ系４歳以上 オープン       (国際)(特指) 別定 14頭 本賞金:2200,880,550,330,220万円",14,2200.0,11,3,3,サンライズアムール,牡,6,60.0,鮫島駿,71.9,1/2,5,10.3,35.5,13-13,栗東 小林,526,6,
202508020111,2025-04-26,京都,11,天王山S,ダ,1200,右,晴,良,"2回 京都 1日目 サラ系４歳以上 オープン       (国際)(特指) 別定 14頭 本賞金:2200,880,550,330,220万円",14,2200.0,12,4,5,ステラフィオーレ,牝,6,55.0,松若,71.9,クビ,9,22.5,37.6,1-1,栗東 小栗,490,12,
202508020111,2025-04-26,京都,11,天王山S,ダ,1200,右,晴,良,"2回 京都 1日目 サラ系４歳以上 オープン       (国際)(特指) 別定 14頭 本賞金:2200,880,550,330,220万円",14,2200.0,13,3,4,ムーンプローブ,牝,5,55.0,北村友,72.1,3/4,14,265.0,36.2,10-10,栗東 上村,486,6,
202508020111,2025-04-26,京都,11,天王山S,ダ,1200,右,晴,良,"2回 京都 1日目 サラ系４歳以上 オープン       (国際)(特指) 別定 14頭 本賞金:2200,880,550,330,220万円",14,2200.0,14,6,9,メズメライザー,セ,6,57.0,幸,72.1,クビ,10,30.4,36.7,5-6,栗東 千田,532,-2,
202508020112,2025-04-26,京都,12,4歳以上2勝クラス,芝,1600,右,晴,良,"2回 京都 1日目 サラ系４歳以上 ２勝クラス       (混)(特指) 定量 9頭 本賞金:1140,460,290,170,114万円",9,1140.0,1,4,4,ブリックワーク,牝,4,55.0,☆西塚,92.9,,1,2.3,33.9,1-1,栗東 辻野,436,0,
202508020112,2025-04-26,京都,12,4歳以上2勝クラス,芝,1600,右,晴,良,"2回 京都 1日目 サラ系４歳以上 ２勝クラス       (混)(特指) 定量 9頭 本賞金:1140,460,290,170,114万円",9,1140.0,2,2,2,トーホウガレオン,牡,5,58.0,田口,93.1,1.1/2,5,17.3,34.0,2-2,栗東 谷,518,-4,
202508020112,2025-04-26,京都,12,4歳以上2勝クラス,芝,1600,右,晴,良,"2回 京都 1日目 サラ系４歳以上 ２勝クラス       (混)(特指) 定量 9頭 本賞金:1140,460,290,170,114万円",9,1140.0,3,6,6,オトコギアンパン,牡,4,57.0,☆吉村,93.3,1.1/4,2,3.3,33.7,5-5,栗東 小栗,490,-4,
202508020112,2025-04-26,京都,12,4歳以上2勝クラス,芝,1600,右,晴,良,"2回 京都 1日目 サラ系４歳以上 ２勝クラス       (混)(特指) 定量 9頭 本賞金:1140,460,290,170,114万円",9,1140.0,4,1,1,レッドベルアーム,牡,6,58.0,幸,93.4,クビ,3,4.7,34.2,3-3,栗東 河嶋,526,-4,
202508020112,2025-04-26,京都,12,4歳以上2勝クラス,芝,1600,右,晴,良,"2回 京都 1日目 サラ系４歳以上 ２勝クラス       (混)(特指) 定量 9頭 本賞金:1140,460,290,170,114万円",9,1140.0,5,7,7,ヒロノゴウカイ,牡,6,58.0,菅原隆,93.7,2,7,58.9,33.9,6-6,美浦 蛯名利,502,-8,
202508020112,2025-04-26,京都,12,4歳以上2勝クラス,芝,1600,右,晴,良,"2回 京都 1日目 サラ系４歳以上 ２勝クラス       (混)(特指) 定量 9頭 本賞金:1140,460,290,170,114万円",9,1140.0,6,3,3,タガノスペルノヴァ,牡,7,58.0,松若,93.7,ハナ,8,68.5,33.8,6-6,栗東 中尾,434,12,
202508020112,2025-04-26,京都,12,4歳以上2勝クラス,芝,1600,右,晴,良,"2回 京都 1日目 サラ系４歳以上 ２勝クラス       (混)(特指) 定量 9頭 本賞金:1140,460,290,170,114万円",9,1140.0,7,5,5,テラステラ,牡,5,58.0,坂井,94.0,1.3/4,4,5.1,34.8,3-3,栗東 矢作,474,-6,
202508020112,2025-04-26,京都,12,4歳以上2勝クラス,芝,1600,右,晴,良,"2回 京都 1日目 サラ系４歳以上 ２勝クラス       (混)(特指) 定量 9頭 本賞金:1140,460,290,170,114万円",9,1140.0,8,8,9,イーサンアイ,牡,6,58.0,鮫島良,94.3,1.3/4,9,114.0,33.9,8-8,栗東 河嶋,466,6,
202508020112,2025-04-26,京都,12,4歳以上2勝クラス,芝,1600,右,晴,良,"2回 京都 1日目 サラ系４歳以上 ２勝クラス       (混)(特指) 定量 9頭 本賞金:1140,460,290,170,114万円",9,1140.0,9,8,8,トゥーテイルズ,牝,5,56.0,北村友,94.4,1/2,6,55.8,33.6,9-9,栗東 藤原,466,0,
202503010601,2025-04-27,福島,1,3歳未勝利,ダ,1150,右,晴,良,"1回 福島 6日目 サラ系３歳 未勝利       牝[指] 馬齢 16頭 本賞金:560,220,140,84,56万円",16,560.0,1,8,15,フェデルミエール,牝,3,55.0,斎藤,68.8,,2,4.2,36.8,1-1,美浦 中川,486,0,
202503010601,2025-04-27,福島,1,3歳未勝利,ダ,1150,右,晴,良,"1回 福島 6日目 サラ系３歳 未勝利       牝[指] 馬齢 16頭 本賞金:560,220,140,84,56万円",16,560.0,2,5,9,ジョイナーテソーロ,牝,3,55.0,丹内,69.0,1.1/4,3,4.6,36.9,2-2,美浦 畠山,428,-10,
202503010601,2025-04-27,福島,1,3歳未勝利,ダ,1150,右,晴,良,"1回 福島 6日目 サラ系３歳 未勝利       牝[指] 馬齢 16頭 本賞金:560,220,140,84,56万円",16,560.0,3,7,13,メイショウドライブ,牝,3,55.0,小沢,69.9,5,1,4.0,37.4,6-6,栗東 鈴木孝,436,2,
202503010601,2025-04-27,福島,1,3歳未勝利,ダ,1150,右,晴,良,"1回 福島 6日目 サラ系３歳 未勝利       牝[指] 馬齢 16頭 本賞金:560,220,140,84,56万円",16,560.0,4,2,3,ゴールドシャーク,牝,3,55.0,荻野極,70.1,1,7,18.7,37.8,3-3,美浦 水野,466,-2,
202503010601,2025-04-27,福島,1,3歳未勝利,ダ,1150,右,晴,良,"1回 福島 6日目 サラ系３歳 未勝利       牝[指] 馬齢 16頭 本賞金:560,220,140,84,56万円",16,560.0,5,7,14,キャラメリー,牝,3,55.0,小林脩,70.7,3.1/2,13,157.9,38.0,7-7,美浦 佐藤吉,472,-16,
202503010601,2025-04-27,福島,1,3歳未勝利,ダ,1150,右,晴,良,"1回 福島 6日目 サラ系３歳 未勝利       牝[指] 馬齢 16頭 本賞金:560,220,140,84,56万円",16,560.0,6,6,12,ニッシンゲッポ,牝,3,52.0,▲石神道,70.9,1.1/4,8,23.0,38.7,3-4,美浦 金成,428,-12,
202503010601,2025-04-27,福島,1,3歳未勝利,ダ,1150,右,晴,良,"1回 福島 6日目 サラ系３歳 未勝利       牝[指] 馬齢 16頭 本賞金:560,220,140,84,56万円",16,560.0,7,1,1,フレーズボンボン,牝,3,53.0,◇永島,70.9,ハナ,5,8.7,37.7,13-12,美浦 中舘,428,6,
202503010601,2025-04-27,福島,1,3歳未勝利,ダ,1150,右,晴,良,"1回 福島 6日目 サラ系３歳 未勝利       牝[指] 馬齢 16頭 本賞金:560,220,140,84,56万円",16,560.0,8,4,7,ワンダーアンジェ,牝,3,55.0,川又,71.0,3/4,11,45.1,37.5,14-13,栗東 吉村,450,-4,
202503010601,2025-04-27,福島,1,3歳未勝利,ダ,1150,右,晴,良,"1回 福島 6日目 サラ系３歳 未勝利       牝[指] 馬齢 16頭 本賞金:560,220,140,84,56万円",16,560.0,9,4,8,ベルトネ,牝,3,55.0,古川吉,71.2,1,4,6.2,39.0,3-4,美浦 牧,480,-2,
202503010601,2025-04-27,福島,1,3歳未勝利,ダ,1150,右,晴,良,"1回 福島 6日目 サラ系３歳 未勝利       牝[指] 馬齢 16頭 本賞金:560,220,140,84,56万円",16,560.0,10,1,2,レトロブーム,牝,3,52.0,▲上里,71.2,クビ,10,41.1,38.4,9-9,美浦 西田,472,0,
202503010601,2025-04-27,福島,1,3歳未勝利,ダ,1150,右,晴,良,"1回 福島 6日目 サラ系３歳 未勝利       牝[指] 馬齢 16頭 本賞金:560,220,140,84,56万円",16,560.0,11,5,10,ヒタムキ,牝,3,54.0,☆横山琉,71.4,1.1/4,9,26.5,38.7,7-8,美浦 鈴木慎,442,-2,
202503010601,2025-04-27,福島,1,3歳未勝利,ダ,1150,右,晴,良,"1回 福島 6日目 サラ系３歳 未勝利       牝[指] 馬齢 16頭 本賞金:560,220,140,84,56万円",16,560.0,12,3,6,ワンダーサリュー,牝,3,55.0,荻野琢,71.8,2.1/2,14,191.7,38.1,15-15,栗東 今野,422,0,
202503010601,2025-04-27,福島,1,3歳未勝利,ダ,1150,右,晴,良,"1回 福島 6日目 サラ系３歳 未勝利       牝[指] 馬齢 16頭 本賞金:560,220,140,84,56万円",16,560.0,13,6,11,コモモチャン,牝,3,52.0,▲古川奈,71.8,クビ,12,155.3,38.9,9-10,栗東 牧浦,444,6,
202503010601,2025-04-27,福島,1,3歳未勝利,ダ,1150,右,晴,良,"1回 福島 6日目 サラ系３歳 未勝利       牝[指] 馬齢 16頭 本賞金:560,220,140,84,56万円",16,560.0,14,3,5,ドリームアンコール,牝,3,55.0,菊沢,72.0,1.1/4,6,13.9,38.9,11-10,美浦 田島,476,0,
202503010601,2025-04-27,福島,1,3歳未勝利,ダ,1150,右,晴,良,"1回 福島 6日目 サラ系３歳 未勝利       牝[指] 馬齢 16頭 本賞金:560,220,140,84,56万円",16,560.0,15,2,4,カツノトゥウェルヴ,牝,3,52.0,▲遠藤,72.1,3/4,16,292.5,39.0,11-13,美浦 伊藤伸,470,0,
202503010601,2025-04-27,福島,1,3歳未勝利,ダ,1150,右,晴,良,"1回 福島 6日目 サラ系３歳 未勝利       牝[指] 馬齢 16頭 本賞金:560,220,140,84,56万円",16,560.0,16,8,16,カフェアリス,牝,3,52.0,▲石田,72.7,3.1/2,15,235.5,38.6,16-16,美浦 柄崎,378,-2,
202503010602,2025-04-27,福島,2,3歳未勝利,芝,1200,右,晴,良,"1回 福島 6日目 サラ系３歳 未勝利       [指] 馬齢 16頭 本賞金:560,220,140,84,56万円",16,560.0,1,3,6,ユーティジャーニー,牝,3,51.0,★小林美,68.9,,1,1.6,34.6,3-3,美浦 矢嶋,414,0,
202503010602,2025-04-27,福島,2,3歳未勝利,芝,1200,右,晴,良,"1回 福島 6日目 サラ系３歳 未勝利       [指] 馬齢 16頭 本賞金:560,220,140,84,56万円",16,560.0,2,8,15,アンダーザライト,牡,3,57.0,丸山,69.2,1.1/2,4,13.4,34.3,9-8,美浦 宮田,526,6,
202503010602,2025-04-27,福島,2,3歳未勝利,芝,1200,右,晴,良,"1回 福島 6日目 サラ系３歳 未勝利       [指] 馬齢 16頭 本賞金:560,220,140,84,56万円",16,560.0,3,6,11,リケアコンパンナ,牡,3,57.0,菊沢,69.4,1.1/4,2,5.2,34.8,6-5,美浦 村田,462,-2,
202503010602,2025-04-27,福島,2,3歳未勝利,芝,1200,右,晴,良,"1回 福島 6日目 サラ系３歳 未勝利       [指] 馬齢 16頭 本賞金:560,220,140,84,56万円",16,560.0,4,2,3,ブライティアブーケ,牝,3,55.0,荻野琢,69.6,1.1/4,3,6.7,35.5,1-1,栗東 小林,420,-8,
202503010602,2025-04-27,福島,2,3歳未勝利,芝,1200,右,晴,良,"1回 福島 6日目 サラ系３歳 未勝利       [指] 馬齢 16頭 本賞金:560,220,140,84,56万円",16,560.0,5,6,12,ルナティックアイ,牡,3,54.0,▲今村,69.6,ハナ,11,116.7,34.0,13-13,美浦 村田,424,-8,
202503010602,2025-04-27,福島,2,3歳未勝利,芝,1200,右,晴,良,"1回 福島 6日目 サラ系３歳 未勝利       [指] 馬齢 16頭 本賞金:560,220,140,84,56万円",16,560.0,6,5,9,ミストラルフェザー,牝,3,55.0,斎藤,69.7,1/2,8,41.5,35.5,2-2,栗東 茶木,472,-4,
202503010602,2025-04-27,福島,2,3歳未勝利,芝,1200,右,晴,良,"1回 福島 6日目 サラ系３歳 未勝利       [指] 馬齢 16頭 本賞金:560,220,140,84,56万円",16,560.0,7,1,1,ノブダブルホワイト,牡,3,54.0,▲上里,69.7,アタマ,14,217.7,35.1,6-7,美浦 松永康,434,0,
202503010602,2025-04-27,福島,2,3歳未勝利,芝,1200,右,晴,良,"1回 福島 6日目 サラ系３歳 未勝利       [指] 馬齢 16頭 本賞金:560,220,140,84,56万円",16,560.0,8,7,14,スピードイエロー,牡,3,54.0,▲柴田裕,69.8,1/2,10,102.0,34.0,14-14,栗東 佐々木,424,4,
202503010602,2025-04-27,福島,2,3歳未勝利,芝,1200,右,晴,良,"1回 福島 6日目 サラ系３歳 未勝利       [指] 馬齢 16頭 本賞金:560,220,140,84,56万円",16,560.0,9,7,13,ブラックソンソルト,牝,3,55.0,角田和,69.9,クビ,5,15.1,34.7,11-11,栗東 松永幹,424,10,
202503010602,2025-04-27,福島,2,3歳未勝利,芝,1200,右,晴,良,"1回 福島 6日目 サラ系３歳 未勝利       [指] 馬齢 16頭 本賞金:560,220,140,84,56万円",16,560.0,10,3,5,シーザサンライズ,牝,3,52.0,▲古川奈,70.0,3/4,13,167.4,34.7,12-12,栗東 牧浦,530,4,
202503010602,2025-04-27,福島,2,3歳未勝利,芝,1200,右,晴,良,"1回 福島 6日目 サラ系３歳 未勝利       [指] 馬齢 16頭 本賞金:560,220,140,84,56万円",16,560.0,11,4,7,エコロジェイド,牡,3,55.0,◇永島,70.0,クビ,12,161.1,34.1,15-14,美浦 小西,490,-2,
202503010602,2025-04-27,福島,2,3歳未勝利,芝,1200,右,晴,良,"1回 福島 6日目 サラ系３歳 未勝利       [指] 馬齢 16頭 本賞金:560,220,140,84,56万円",16,560.0,12,8,16,シャンハイノハナ,牝,3,55.0,古川吉,70.1,クビ,7,32.8,35.7,3-4,美浦 牧,450,-2,
202503010602,2025-04-27,福島,2,3歳未勝利,芝,1200,右,晴,良,"1回 福島 6日目 サラ系３歳 未勝利       [指] 馬齢 16頭 本賞金:560,220,140,84,56万円",16,560.0,13,1,2,レイリースピリット,牡,3,57.0,川須,70.3,1.1/4,9,46.3,35.6,6-8,栗東 浜田,428,6,
202503010602,2025-04-27,福島,2,3歳未勝利,芝,1200,右,晴,良,"1回 福島 6日目 サラ系３歳 未勝利       [指] 馬齢 16頭 本賞金:560,220,140,84,56万円",16,560.0,14,2,4,アスコットレイ,牝,3,55.0,小林脩,70.3,アタマ,16,238.4,35.3,9-10,美浦 粕谷,426,-4,
202503010602,2025-04-27,福島,2,3歳未勝利,芝,1200,右,晴,良,"1回 福島 6日目 サラ系３歳 未勝利       [指] 馬齢 16頭 本賞金:560,220,140,84,56万円",16,560.0,15,5,10,キャンディリボン,牝,3,55.0,丹内,70.3,アタマ,6,32.4,35.9,3-5,美浦 清水英,452,-2,
202503010602,2025-04-27,福島,2,3歳未勝利,芝,1200,右,晴,良,"1回 福島 6日目 サラ系３歳 未勝利       [指] 馬齢 16頭 本賞金:560,220,140,84,56万円",16,560.0,16,4,8,クリノボタンチャン,牝,3,52.0,▲川端,70.5,1.1/4,15,218.2,34.4,16-16,栗東 大橋,426,-14,
202503010603,2025-04-27,福島,3,3歳未勝利,ダ,1700,右,晴,良,"1回 福島 6日目 サラ系３歳 未勝利       (混)[指] 馬齢 15頭 本賞金:560,220,140,84,56万円",15,560.0,1,4,7,ティアップドライブ,牡,3,57.0,丸田,108.8,,1,2.9,38.6,5-5-3-2,美浦 奥平,496,-2,
202503010603,2025-04-27,福島,3,3歳未勝利,ダ,1700,右,晴,良,"1回 福島 6日目 サラ系３歳 未勝利       (混)[指] 馬齢 15頭 本賞金:560,220,140,84,56万円",15,560.0,2,4,6,ヒサエノオモカゲ,牝,3,55.0,内田博,108.9,1/2,2,6.4,38.9,2-2-1-1,美浦 千葉,480,-2,
202503010603,2025-04-27,福島,3,3歳未勝利,ダ,1700,右,晴,良,"1回 福島 6日目 サラ系３歳 未勝利       (混)[指] 馬齢 15頭 本賞金:560,220,140,84,56万円",15,560.0,3,6,10,タイセイバンクール,牡,3,57.0,菊沢,109.0,1/2,5,8.7,38.6,4-4-6-5,栗東 西村,460,10,
202503010603,2025-04-27,福島,3,3歳未勝利,ダ,1700,右,晴,良,"1回 福島 6日目 サラ系３歳 未勝利       (混)[指] 馬齢 15頭 本賞金:560,220,140,84,56万円",15,560.0,4,7,12,グロワールスカイ,牡,3,57.0,松岡,109.0,ハナ,10,27.9,38.3,11-10-7-5,美浦 加藤士,480,-4,
202503010603,2025-04-27,福島,3,3歳未勝利,ダ,1700,右,晴,良,"1回 福島 6日目 サラ系３歳 未勝利       (混)[指] 馬齢 15頭 本賞金:560,220,140,84,56万円",15,560.0,5,8,15,ジーティートゥルー,牡,3,57.0,丸山,109.1,1/2,4,8.4,38.9,9-9-3-2,美浦 田島,446,0,
202503010603,2025-04-27,福島,3,3歳未勝利,ダ,1700,右,晴,良,"1回 福島 6日目 サラ系３歳 未勝利       (混)[指] 馬齢 15頭 本賞金:560,220,140,84,56万円",15,560.0,6,5,8,キタノブレイク,牡,3,57.0,丹内,109.2,3/4,6,10.8,38.2,15-14-12-9,美浦 本間,462,-14,
202503010603,2025-04-27,福島,3,3歳未勝利,ダ,1700,右,晴,良,"1回 福島 6日目 サラ系３歳 未勝利       (混)[指] 馬齢 15頭 本賞金:560,220,140,84,56万円",15,560.0,7,6,11,エイシンヤタガラス,牡,3,57.0,川又,109.3,3/4,9,16.6,39.2,3-3-2-2,栗東 渡辺,480,0,
202503010603,2025-04-27,福島,3,3歳未勝利,ダ,1700,右,晴,良,"1回 福島 6日目 サラ系３歳 未勝利       (混)[指] 馬齢 15頭 本賞金:560,220,140,84,56万円",15,560.0,8,5,9,ポジティビティ,牡,3,57.0,泉谷,109.5,1,8,15.5,38.9,7-7-7-7,栗東 飯田,472,0,
202503010603,2025-04-27,福島,3,3歳未勝利,ダ,1700,右,晴,良,"1回 福島 6日目 サラ系３歳 未勝利       (混)[指] 馬齢 15頭 本賞金:560,220,140,84,56万円",15,560.0,9,3,5,アンヘリート,牝,3,55.0,川須,109.6,クビ,14,257.1,38.7,7-7-11-9,栗東 高橋一,448,-4,
202503010603,2025-04-27,福島,3,3歳未勝利,ダ,1700,右,晴,良,"1回 福島 6日目 サラ系３歳 未勝利       (混)[指] 馬齢 15頭 本賞金:560,220,140,84,56万円",15,560.0,10,7,13,バーンズベリー,牡,3,56.0,☆横山琉,109.8,1.1/2,7,12.1,39.1,13-12-7-7,美浦 尾関,456,-12,
202503010603,2025-04-27,福島,3,3歳未勝利,ダ,1700,右,晴,良,"1回 福島 6日目 サラ系３歳 未勝利       (混)[指] 馬齢 15頭 本賞金:560,220,140,84,56万円",15,560.0,11,2,3,アリステア,牡,3,57.0,斎藤,110.4,3.1/2,3,8.2,39.7,5-6-7-11,美浦 斎藤誠,496,0,
202503010603,2025-04-27,福島,3,3歳未勝利,ダ,1700,右,晴,良,"1回 福島 6日目 サラ系３歳 未勝利       (混)[指] 馬齢 15頭 本賞金:560,220,140,84,56万円",15,560.0,12,2,2,サニースマイル,牡,3,54.0,▲古川奈,111.0,3.1/2,12,78.6,39.9,10-10-13-11,栗東 羽月,474,4,
202503010603,2025-04-27,福島,3,3歳未勝利,ダ,1700,右,晴,良,"1回 福島 6日目 サラ系３歳 未勝利       (混)[指] 馬齢 15頭 本賞金:560,220,140,84,56万円",15,560.0,13,8,14,ビリーヴアンドラン,牡,3,57.0,秋山稔,111.1,1,15,399.2,39.3,11-13-14-14,美浦 蛯名利,488,-2,
202503010603,2025-04-27,福島,3,3歳未勝利,ダ,1700,右,晴,良,"1回 福島 6日目 サラ系３歳 未勝利       (混)[指] 馬齢 15頭 本賞金:560,220,140,84,56万円",15,560.0,14,1,1,グランダイト,セ,3,54.0,▲上里,113.7,大,13,109.7,41.0,14-14-15-15,美浦 奥村武,490,-20,
202503010603,2025-04-27,福島,3,3歳未勝利,ダ,1700,右,晴,良,"1回 福島 6日目 サラ系３歳 未勝利       (混)[指] 馬齢 15頭 本賞金:560,220,140,84,56万円",15,560.0,15,3,4,ベラジオボヤージュ,牝,3,50.0,▲舟山,114.3,4,11,30.6,44.1,1-1-3-11,美浦 上原佑,456,4,
202503010604,2025-04-27,福島,4,3歳未勝利,芝,1200,右,晴,良,"1回 福島 6日目 サラ系３歳 未勝利       (混)[指] 馬齢 16頭 本賞金:560,220,140,84,56万円",16,560.0,1,6,11,タマカヅラ,牝,3,55.0,丹内,69.8,,1,2.8,34.7,1-1,美浦 斎藤誠,426,2,
202503010604,2025-04-27,福島,4,3歳未勝利,芝,1200,右,晴,良,"1回 福島 6日目 サラ系３歳 未勝利       (混)[指] 馬齢 16頭 本賞金:560,220,140,84,56万円",16,560.0,2,7,13,グリフォン,牝,3,55.0,小沢,69.8,アタマ,6,11.9,34.6,2-2,栗東 小椋,420,-4,
202503010604,2025-04-27,福島,4,3歳未勝利,芝,1200,右,晴,良,"1回 福島 6日目 サラ系３歳 未勝利       (混)[指] 馬齢 16頭 本賞金:560,220,140,84,56万円",16,560.0,3,7,14,ペイシャアーサー,牡,3,57.0,国分恭,69.8,ハナ,2,3.1,34.3,6-4,美浦 本間,452,0,
202503010604,2025-04-27,福島,4,3歳未勝利,芝,1200,右,晴,良,"1回 福島 6日目 サラ系３歳 未勝利       (混)[指] 馬齢 16頭 本賞金:560,220,140,84,56万円",16,560.0,4,4,8,ロネット,牝,3,55.0,秋山稔,69.9,クビ,7,16.5,34.5,4-4,栗東 浜田,418,-2,
202503010604,2025-04-27,福島,4,3歳未勝利,芝,1200,右,晴,良,"1回 福島 6日目 サラ系３歳 未勝利       (混)[指] 馬齢 16頭 本賞金:560,220,140,84,56万円",16,560.0,5,5,10,ラッキーカムカム,牝,3,53.0,◇永島,70.1,1.1/2,3,7.6,34.8,2-3,栗東 中村,460,-6,
202503010604,2025-04-27,福島,4,3歳未勝利,芝,1200,右,晴,良,"1回 福島 6日目 サラ系３歳 未勝利       (混)[指] 馬齢 16頭 本賞金:560,220,140,84,56万円",16,560.0,6,5,9,キャナルクルーズ,牝,3,55.0,嶋田,70.3,1.1/4,4,11.2,34.7,8-7,美浦 大竹,440,4,
202503010604,2025-04-27,福島,4,3歳未勝利,芝,1200,右,晴,良,"1回 福島 6日目 サラ系３歳 未勝利       (混)[指] 馬齢 16頭 本賞金:560,220,140,84,56万円",16,560.0,7,3,6,シベリアンデネブ,牡,3,57.0,松岡,70.7,2.1/2,9,27.4,35.1,8-7,美浦 水野,488,-2,
202503010604,2025-04-27,福島,4,3歳未勝利,芝,1200,右,晴,良,"1回 福島 6日目 サラ系３歳 未勝利       (混)[指] 馬齢 16頭 本賞金:560,220,140,84,56万円",16,560.0,8,2,3,アドバンスオーセン,牡,3,56.0,☆松本,70.8,3/4,14,280.5,34.9,10-10,栗東 森秀,430,3,
202503010604,2025-04-27,福島,4,3歳未勝利,芝,1200,右,晴,良,"1回 福島 6日目 サラ系３歳 未勝利       (混)[指] 馬齢 16頭 本賞金:560,220,140,84,56万円",16,560.0,9,3,5,フォルトレス,牝,3,55.0,荻野極,70.8,ハナ,8,16.6,34.5,16-16,美浦 国枝,440,-6,
202503010604,2025-04-27,福島,4,3歳未勝利,芝,1200,右,晴,良,"1回 福島 6日目 サラ系３歳 未勝利       (混)[指] 馬齢 16頭 本賞金:560,220,140,84,56万円",16,560.0,10,8,16,ココリハクタク,牡,3,57.0,内田博,70.9,クビ,11,131.8,34.8,13-13,美浦 古賀,458,-4,
202503010604,2025-04-27,福島,4,3歳未勝利,芝,1200,右,晴,良,"1回 福島 6日目 サラ系３歳 未勝利       (混)[指] 馬齢 16頭 本賞金:560,220,140,84,56万円",16,560.0,11,2,4,コルヴィーナ,牝,3,52.0,▲柴田裕,71.0,3/4,13,180.3,35.6,4-4,栗東 渡辺,394,-2,
202503010604,2025-04-27,福島,4,3歳未勝利,芝,1200,右,晴,良,"1回 福島 6日目 サラ系３歳 未勝利       (混)[指] 馬齢 16頭 本賞金:560,220,140,84,56万円",16,560.0,12,1,2,アッケシ,牡,3,57.0,吉田隼,71.0,ハナ,5,11.6,35.0,13-15,栗東 西園正,458,2,
202503010604,2025-04-27,福島,4,3歳未勝利,芝,1200,右,晴,良,"1回 福島 6日目 サラ系３歳 未勝利       (混)[指] 馬齢 16頭 本賞金:560,220,140,84,56万円",16,560.0,13,6,12,フェスティヴイリス,牝,3,55.0,菊沢,71.2,1.1/2,15,315.3,35.4,10-10,美浦 清水英,394,2,
202503010604,2025-04-27,福島,4,3歳未勝利,芝,1200,右,晴,良,"1回 福島 6日目 サラ系３歳 未勝利       (混)[指] 馬齢 16頭 本賞金:560,220,140,84,56万円",16,560.0,14,8,15,モリオン,牝,3,51.0,★小林美,71.4,3/4,12,139.9,35.9,6-7,美浦 尾形,412,-2,
202503010604,2025-04-27,福島,4,3歳未勝利,芝,1200,右,晴,良,"1回 福島 6日目 サラ系３歳 未勝利       (混)[指] 馬齢 16頭 本賞金:560,220,140,84,56万円",16,560.0,15,4,7,ニシノカスガイ,牝,3,52.0,▲今村,71.4,クビ,10,112.2,35.6,10-10,美浦 村田,400,-6,
202503010604,2025-04-27,福島,4,3歳未勝利,芝,1200,右,晴,良,"1回 福島 6日目 サラ系３歳 未勝利       (混)[指] 馬齢 16頭 本賞金:560,220,140,84,56万円",16,560.0,16,1,1,サクラジマ,セ,3,54.0,▲川端,71.5,1/2,16,496.2,35.5,13-13,美浦 高橋文,414,-8,
202503010605,2025-04-27,福島,5,3歳未勝利,芝,2000,右,晴,良,"1回 福島 6日目 サラ系３歳 未勝利       (混)[指] 馬齢 14頭 本賞金:560,220,140,84,56万円",14,560.0,1,5,8,ウインポセイドン,牡,3,57.0,国分恭,119.8,,5,18.1,34.9,10-9-10-9,栗東 奥村豊,462,-14,
202503010605,2025-04-27,福島,5,3歳未勝利,芝,2000,右,晴,良,"1回 福島 6日目 サラ系３歳 未勝利       (混)[指] 馬齢 14頭 本賞金:560,220,140,84,56万円",14,560.0,2,3,3,サンカシグレ,牡,3,57.0,柴田大,119.9,クビ,3,4.7,35.4,8-9-5-2,美浦 粕谷,452,4,
202503010605,2025-04-27,福島,5,3歳未勝利,芝,2000,右,晴,良,"1回 福島 6日目 サラ系３歳 未勝利       (混)[指] 馬齢 14頭 本賞金:560,220,140,84,56万円",14,560.0,3,4,6,ディベルティスマン,牡,3,57.0,菊沢,120.0,3/4,2,2.5,35.4,6-6-8-6,美浦 菊沢,516,2,
202503010605,2025-04-27,福島,5,3歳未勝利,芝,2000,右,晴,良,"1回 福島 6日目 サラ系３歳 未勝利       (混)[指] 馬齢 14頭 本賞金:560,220,140,84,56万円",14,560.0,4,6,10,リギーロ,牡,3,57.0,荻野極,120.1,1/2,4,10.1,36.0,10-9-2-1,美浦 栗田,470,4,
202503010605,2025-04-27,福島,5,3歳未勝利,芝,2000,右,晴,良,"1回 福島 6日目 サラ系３歳 未勝利       (混)[指] 馬齢 14頭 本賞金:560,220,140,84,56万円",14,560.0,5,3,4,ミッドセンチュリー,牡,3,57.0,小林脩,120.6,3,6,22.8,36.1,5-4-5-6,美浦 松山,442,-10,
202503010605,2025-04-27,福島,5,3歳未勝利,芝,2000,右,晴,良,"1回 福島 6日目 サラ系３歳 未勝利       (混)[指] 馬齢 14頭 本賞金:560,220,140,84,56万円",14,560.0,6,1,1,ラーシャローム,牡,3,57.0,泉谷,121.0,2.1/2,9,84.1,35.7,12-12-12-10,美浦 奥村武,480,2,
202503010605,2025-04-27,福島,5,3歳未勝利,芝,2000,右,晴,良,"1回 福島 6日目 サラ系３歳 未勝利       (混)[指] 馬齢 14頭 本賞金:560,220,140,84,56万円",14,560.0,7,4,5,ドウジャスティ,牡,3,57.0,丹内,121.1,クビ,1,2.5,36.7,6-6-3-4,栗東 池江,490,-2,
202503010605,2025-04-27,福島,5,3歳未勝利,芝,2000,右,晴,良,"1回 福島 6日目 サラ系３歳 未勝利       (混)[指] 馬齢 14頭 本賞金:560,220,140,84,56万円",14,560.0,8,6,9,マルカベント,牡,3,57.0,荻野琢,121.3,1.1/4,7,58.6,37.0,2-2-3-4,栗東 今野,456,4,
202503010605,2025-04-27,福島,5,3歳未勝利,芝,2000,右,晴,良,"1回 福島 6日目 サラ系３歳 未勝利       (混)[指] 馬齢 14頭 本賞金:560,220,140,84,56万円",14,560.0,9,7,12,ムーンナイトローズ,牝,3,55.0,斎藤,121.6,2,10,122.5,36.1,13-13-13-13,美浦 武市,448,8,
202503010605,2025-04-27,福島,5,3歳未勝利,芝,2000,右,晴,良,"1回 福島 6日目 サラ系３歳 未勝利       (混)[指] 馬齢 14頭 本賞金:560,220,140,84,56万円",14,560.0,10,2,2,フルオブエナジー,セ,3,54.0,▲舟山,122.1,3,8,70.0,37.6,9-8-5-6,栗東 佐藤悠,464,10,
202503010605,2025-04-27,福島,5,3歳未勝利,芝,2000,右,晴,良,"1回 福島 6日目 サラ系３歳 未勝利       (混)[指] 馬齢 14頭 本賞金:560,220,140,84,56万円",14,560.0,11,8,14,カドバンソコヂカラ,牡,3,54.0,▲川端,122.1,アタマ,12,136.6,37.2,4-4-10-10,美浦 千葉,458,0,
202503010605,2025-04-27,福島,5,3歳未勝利,芝,2000,右,晴,良,"1回 福島 6日目 サラ系３歳 未勝利       (混)[指] 馬齢 14頭 本賞金:560,220,140,84,56万円",14,560.0,12,5,7,ピエノダモーレ,牝,3,52.0,▲遠藤,123.0,5,13,305.8,38.9,1-1-1-2,美浦 松山,460,-10,
202503010605,2025-04-27,福島,5,3歳未勝利,芝,2000,右,晴,良,"1回 福島 6日目 サラ系３歳 未勝利       (混)[指] 馬齢 14頭 本賞金:560,220,140,84,56万円",14,560.0,13,8,13,カルタジローネ,牝,3,52.0,▲石田,123.8,5,11,125.4,39.1,2-2-8-12,美浦 池上,462,-4,
202503010605,2025-04-27,福島,5,3歳未勝利,芝,2000,右,晴,良,"1回 福島 6日目 サラ系３歳 未勝利       (混)[指] 馬齢 14頭 本賞金:560,220,140,84,56万円",14,560.0,,7,11,クランドゥイユ,牝,3,52.0,▲古川奈,,,,,,,栗東 矢作,480,4,除外
202503010606,2025-04-27,福島,6,4歳以上1勝クラス,ダ,1700,右,晴,良,"1回 福島 6日目 サラ系４歳以上 １勝クラス       [指] 定量 14頭 本賞金:800,320,200,120,80万円",14,800.0,1,8,13,ナチュラルリバー,牡,5,58.0,荻野極,106.4,,4,8.3,37.9,6-6-5-4,栗東 宮地,474,-2,
202503010606,2025-04-27,福島,6,4歳以上1勝クラス,ダ,1700,右,晴,良,"1回 福島 6日目 サラ系４歳以上 １勝クラス       [指] 定量 14頭 本賞金:800,320,200,120,80万円",14,800.0,2,3,3,クールシェルタ,牡,6,55.0,▲舟山,106.5,クビ,10,42.9,38.4,5-4-2-2,美浦 高橋文,506,0,
202503010606,2025-04-27,福島,6,4歳以上1勝クラス,ダ,1700,右,晴,良,"1回 福島 6日目 サラ系４歳以上 １勝クラス       [指] 定量 14頭 本賞金:800,320,200,120,80万円",14,800.0,3,2,2,ブレットフライ,牡,6,57.0,☆横山琉,106.8,2,6,9.7,37.5,13-13-10-10,美浦 萱野,508,2,
202503010606,2025-04-27,福島,6,4歳以上1勝クラス,ダ,1700,右,晴,良,"1回 福島 6日目 サラ系４歳以上 １勝クラス       [指] 定量 14頭 本賞金:800,320,200,120,80万円",14,800.0,4,5,7,エイブラムス,牡,4,55.0,▲今村,107.0,1.1/4,2,5.2,38.6,3-3-4-5,美浦 鈴木慎,470,0,
202503010606,2025-04-27,福島,6,4歳以上1勝クラス,ダ,1700,右,晴,良,"1回 福島 6日目 サラ系４歳以上 １勝クラス       [指] 定量 14頭 本賞金:800,320,200,120,80万円",14,800.0,5,8,14,トモジャシャトー,牡,4,54.0,★小林美,107.1,クビ,9,29.1,38.4,7-7-6-6,美浦 小笠,478,-2,
202503010606,2025-04-27,福島,6,4歳以上1勝クラス,ダ,1700,右,晴,良,"1回 福島 6日目 サラ系４歳以上 １勝クラス       [指] 定量 14頭 本賞金:800,320,200,120,80万円",14,800.0,6,3,4,エーデル,牝,4,56.0,丹内,107.3,1.1/4,3,5.8,38.3,8-7-7-6,美浦 金成,462,2,
202503010606,2025-04-27,福島,6,4歳以上1勝クラス,ダ,1700,右,晴,良,"1回 福島 6日目 サラ系４歳以上 １勝クラス       [指] 定量 14頭 本賞金:800,320,200,120,80万円",14,800.0,7,4,5,ジャクソン,牡,5,58.0,丸田,107.5,1.1/4,5,9.5,38.5,10-9-7-8,美浦 武市,514,-14,
202503010606,2025-04-27,福島,6,4歳以上1勝クラス,ダ,1700,右,晴,良,"1回 福島 6日目 サラ系４歳以上 １勝クラス       [指] 定量 14頭 本賞金:800,320,200,120,80万円",14,800.0,8,1,1,ザロック,セ,4,55.0,▲石神道,107.6,1/2,7,10.7,38.6,10-9-7-8,美浦 武井,476,4,
202503010606,2025-04-27,福島,6,4歳以上1勝クラス,ダ,1700,右,晴,良,"1回 福島 6日目 サラ系４歳以上 １勝クラス       [指] 定量 14頭 本賞金:800,320,200,120,80万円",14,800.0,9,7,12,オブシディアン,牡,5,58.0,内田博,108.1,3,11,43.8,38.7,14-13-13-11,美浦 武藤,528,-12,
202503010606,2025-04-27,福島,6,4歳以上1勝クラス,ダ,1700,右,晴,良,"1回 福島 6日目 サラ系４歳以上 １勝クラス       [指] 定量 14頭 本賞金:800,320,200,120,80万円",14,800.0,10,6,10,ゼンダンスカイ,牡,4,55.0,▲柴田裕,108.1,ハナ,1,3.2,40.1,2-2-2-2,栗東 角田,474,18,
202503010606,2025-04-27,福島,6,4歳以上1勝クラス,ダ,1700,右,晴,良,"1回 福島 6日目 サラ系４歳以上 １勝クラス       [指] 定量 14頭 本賞金:800,320,200,120,80万円",14,800.0,11,6,9,ヴェラグエリエロ,牡,5,55.0,▲遠藤,108.6,3,12,127.2,39.4,3-4-10-12,美浦 辻,454,6,
202503010606,2025-04-27,福島,6,4歳以上1勝クラス,ダ,1700,右,晴,良,"1回 福島 6日目 サラ系４歳以上 １勝クラス       [指] 定量 14頭 本賞金:800,320,200,120,80万円",14,800.0,12,5,8,ドレミファニー,牝,5,56.0,菊沢,109.0,2,8,16.2,41.1,1-1-1-1,美浦 西田,508,8,
202503010606,2025-04-27,福島,6,4歳以上1勝クラス,ダ,1700,右,晴,良,"1回 福島 6日目 サラ系４歳以上 １勝クラス       [指] 定量 14頭 本賞金:800,320,200,120,80万円",14,800.0,13,7,11,カシノインディード,牡,5,55.0,▲川端,109.8,5,14,392.0,40.6,10-12-10-13,美浦 天間,464,-16,
202503010606,2025-04-27,福島,6,4歳以上1勝クラス,ダ,1700,右,晴,良,"1回 福島 6日目 サラ系４歳以上 １勝クラス       [指] 定量 14頭 本賞金:800,320,200,120,80万円",14,800.0,14,4,6,ウェルキン,牝,4,53.0,▲石田,110.7,5,13,128.3,41.1,8-9-14-14,美浦 新開,420,10,
202503010607,2025-04-27,福島,7,4歳以上1勝クラス,芝,1200,右,晴,良,"1回 福島 6日目 サラ系４歳以上 １勝クラス       見習騎手 定量 14頭 本賞金:800,320,200,120,80万円",14,800.0,1,2,2,ライクアフラワー,牡,5,55.0,▲上里,69.0,,1,2.6,34.3,5-5,美浦 松永康,504,0,
202503010607,2025-04-27,福島,7,4歳以上1勝クラス,芝,1200,右,晴,良,"1回 福島 6日目 サラ系４歳以上 １勝クラス       見習騎手 定量 14頭 本賞金:800,320,200,120,80万円",14,800.0,2,3,4,テンプーシャオン,牡,5,58.0,小沢,69.1,1/2,5,8.1,34.3,5-5,美浦 和田勇,430,-2,
202503010607,2025-04-27,福島,7,4歳以上1勝クラス,芝,1200,右,晴,良,"1回 福島 6日目 サラ系４歳以上 １勝クラス       見習騎手 定量 14頭 本賞金:800,320,200,120,80万円",14,800.0,3,8,13,セイウンデセオ,牝,4,53.0,▲今村,69.2,1/2,6,9.1,33.8,13-13,美浦 小手川,492,4,
202503010607,2025-04-27,福島,7,4歳以上1勝クラス,芝,1200,右,晴,良,"1回 福島 6日目 サラ系４歳以上 １勝クラス       見習騎手 定量 14頭 本賞金:800,320,200,120,80万円",14,800.0,4,5,8,ジョウゲンノツキ,牝,4,56.0,秋山稔,69.3,1/2,2,5.1,34.4,8-8,栗東 牧田,442,-18,
202503010607,2025-04-27,福島,7,4歳以上1勝クラス,芝,1200,右,晴,良,"1回 福島 6日目 サラ系４歳以上 １勝クラス       見習騎手 定量 14頭 本賞金:800,320,200,120,80万円",14,800.0,5,5,7,ラセーヌシュメール,牝,4,53.0,▲佐藤,69.3,ハナ,12,111.1,34.7,3-3,美浦 杉浦,450,-2,
202503010607,2025-04-27,福島,7,4歳以上1勝クラス,芝,1200,右,晴,良,"1回 福島 6日目 サラ系４歳以上 １勝クラス       見習騎手 定量 14頭 本賞金:800,320,200,120,80万円",14,800.0,6,6,10,ソレントフレイバー,牡,6,57.0,☆横山琉,69.3,クビ,3,5.8,34.2,9-8,美浦 久保田,484,-6,
202503010607,2025-04-27,福島,7,4歳以上1勝クラス,芝,1200,右,晴,良,"1回 福島 6日目 サラ系４歳以上 １勝クラス       見習騎手 定量 14頭 本賞金:800,320,200,120,80万円",14,800.0,7,1,1,スプリングデイ,牝,4,56.0,小林脩,69.5,1,10,81.0,34.4,9-8,美浦 伊藤大,416,-2,
202503010607,2025-04-27,福島,7,4歳以上1勝クラス,芝,1200,右,晴,良,"1回 福島 6日目 サラ系４歳以上 １勝クラス       見習騎手 定量 14頭 本賞金:800,320,200,120,80万円",14,800.0,8,8,14,マキバシラ,牝,5,53.0,▲橋木,69.5,ハナ,14,331.5,35.2,1-1,栗東 畑端,480,14,
202503010607,2025-04-27,福島,7,4歳以上1勝クラス,芝,1200,右,晴,良,"1回 福島 6日目 サラ系４歳以上 １勝クラス       見習騎手 定量 14頭 本賞金:800,320,200,120,80万円",14,800.0,9,4,6,ヴォンヌヴォー,牝,5,53.0,▲舟山,69.6,3/4,13,208.7,35.2,2-2,美浦 菊川,452,0,
202503010607,2025-04-27,福島,7,4歳以上1勝クラス,芝,1200,右,晴,良,"1回 福島 6日目 サラ系４歳以上 １勝クラス       見習騎手 定量 14頭 本賞金:800,320,200,120,80万円",14,800.0,10,7,12,マランジュ,牝,5,56.0,斎藤,69.8,1.1/4,7,25.7,34.6,9-11,栗東 田中克,434,0,
202503010607,2025-04-27,福島,7,4歳以上1勝クラス,芝,1200,右,晴,良,"1回 福島 6日目 サラ系４歳以上 １勝クラス       見習騎手 定量 14頭 本賞金:800,320,200,120,80万円",14,800.0,11,3,3,テキーラワルツ,牝,4,53.0,▲川端,70.0,1.1/4,11,94.1,35.5,3-3,栗東 大根田,432,4,
202503010607,2025-04-27,福島,7,4歳以上1勝クラス,芝,1200,右,晴,良,"1回 福島 6日目 サラ系４歳以上 １勝クラス       見習騎手 定量 14頭 本賞金:800,320,200,120,80万円",14,800.0,12,7,11,ガーデンプランナー,牝,4,53.0,▲遠藤,70.1,1/2,9,76.4,34.7,13-13,美浦 堀内,446,-6,
202503010607,2025-04-27,福島,7,4歳以上1勝クラス,芝,1200,右,晴,良,"1回 福島 6日目 サラ系４歳以上 １勝クラス       見習騎手 定量 14頭 本賞金:800,320,200,120,80万円",14,800.0,13,6,9,コーリングユー,牝,6,56.0,亀田,70.2,1/2,4,6.7,34.9,12-11,栗東 茶木,442,-8,
202503010607,2025-04-27,福島,7,4歳以上1勝クラス,芝,1200,右,晴,良,"1回 福島 6日目 サラ系４歳以上 １勝クラス       見習騎手 定量 14頭 本賞金:800,320,200,120,80万円",14,800.0,14,4,5,ファンユー,牝,4,53.0,▲石神道,70.4,1.1/2,8,40.1,35.7,5-5,美浦 加藤和,478,0,
202503010608,2025-04-27,福島,8,4歳以上1勝クラス,芝,1800,右,晴,良,"1回 福島 6日目 サラ系４歳以上 １勝クラス       牝[指] 定量 16頭 本賞金:800,320,200,120,80万円",16,800.0,1,5,9,グランカンタンテ,牝,4,56.0,小沢,107.7,,5,8.5,36.0,6-6-5-4,美浦 鹿戸,416,-4,
202503010608,2025-04-27,福島,8,4歳以上1勝クラス,芝,1800,右,晴,良,"1回 福島 6日目 サラ系４歳以上 １勝クラス       牝[指] 定量 16頭 本賞金:800,320,200,120,80万円",16,800.0,2,3,6,グレイトクラウン,牝,4,53.0,▲佐藤,107.8,クビ,6,8.6,36.1,5-5-5-4,美浦 松山,448,6,
202503010608,2025-04-27,福島,8,4歳以上1勝クラス,芝,1800,右,晴,良,"1回 福島 6日目 サラ系４歳以上 １勝クラス       牝[指] 定量 16頭 本賞金:800,320,200,120,80万円",16,800.0,3,8,15,ハーエクセレンシー,牝,5,56.0,丹内,107.8,ハナ,2,5.4,36.2,4-4-4-2,美浦 大和田,432,-8,
202503010608,2025-04-27,福島,8,4歳以上1勝クラス,芝,1800,右,晴,良,"1回 福島 6日目 サラ系４歳以上 １勝クラス       牝[指] 定量 16頭 本賞金:800,320,200,120,80万円",16,800.0,4,4,7,ニシノコマチムスメ,牝,4,53.0,▲今村,107.8,アタマ,9,21.4,35.3,16-14-14-13,美浦 松山,438,0,
202503010608,2025-04-27,福島,8,4歳以上1勝クラス,芝,1800,右,晴,良,"1回 福島 6日目 サラ系４歳以上 １勝クラス       牝[指] 定量 16頭 本賞金:800,320,200,120,80万円",16,800.0,5,7,14,クインズステラ,牝,6,53.0,▲石神道,108.0,1,10,31.2,35.7,11-10-12-13,美浦 池上,458,-4,
202503010608,2025-04-27,福島,8,4歳以上1勝クラス,芝,1800,右,晴,良,"1回 福島 6日目 サラ系４歳以上 １勝クラス       牝[指] 定量 16頭 本賞金:800,320,200,120,80万円",16,800.0,6,4,8,ルージュラメンテ,牝,4,53.0,▲古川奈,108.3,1.3/4,8,18.1,36.3,7-7-8-4,栗東 高橋一,454,-2,
202503010608,2025-04-27,福島,8,4歳以上1勝クラス,芝,1800,右,晴,良,"1回 福島 6日目 サラ系４歳以上 １勝クラス       牝[指] 定量 16頭 本賞金:800,320,200,120,80万円",16,800.0,7,5,10,クイーンズワーフ,牝,4,56.0,菊沢,108.3,アタマ,4,7.5,36.9,3-3-2-2,美浦 青木,450,-2,
202503010608,2025-04-27,福島,8,4歳以上1勝クラス,芝,1800,右,晴,良,"1回 福島 6日目 サラ系４歳以上 １勝クラス       牝[指] 定量 16頭 本賞金:800,320,200,120,80万円",16,800.0,8,6,11,ロマンスライト,牝,4,52.0,★小林美,108.5,1.1/4,12,45.0,37.5,1-1-1-1,美浦 尾形,462,2,
202503010608,2025-04-27,福島,8,4歳以上1勝クラス,芝,1800,右,晴,良,"1回 福島 6日目 サラ系４歳以上 １勝クラス       牝[指] 定量 16頭 本賞金:800,320,200,120,80万円",16,800.0,9,1,1,ツインクルステージ,牝,4,56.0,荻野極,108.5,クビ,7,10.9,36.1,10-10-12-9,美浦 高木,490,-8,
202503010608,2025-04-27,福島,8,4歳以上1勝クラス,芝,1800,右,晴,良,"1回 福島 6日目 サラ系４歳以上 １勝クラス       牝[指] 定量 16頭 本賞金:800,320,200,120,80万円",16,800.0,10,7,13,イズジョーノヒカリ,牝,4,53.0,▲上里,108.9,2.1/2,13,128.4,36.8,8-9-9-9,美浦 本間,478,-4,
202503010608,2025-04-27,福島,8,4歳以上1勝クラス,芝,1800,右,晴,良,"1回 福島 6日目 サラ系４歳以上 １勝クラス       牝[指] 定量 16頭 本賞金:800,320,200,120,80万円",16,800.0,11,8,16,フラッシングレート,牝,5,56.0,亀田,108.9,アタマ,1,4.4,37.1,8-7-7-4,栗東 加藤公,478,-4,
202503010608,2025-04-27,福島,8,4歳以上1勝クラス,芝,1800,右,晴,良,"1回 福島 6日目 サラ系４歳以上 １勝クラス       牝[指] 定量 16頭 本賞金:800,320,200,120,80万円",16,800.0,12,3,5,ドゥムーラン,牝,5,56.0,斎藤,109.0,1/2,3,5.6,36.9,12-10-9-9,美浦 尾関,460,-2,
202503010608,2025-04-27,福島,8,4歳以上1勝クラス,芝,1800,右,晴,良,"1回 福島 6日目 サラ系４歳以上 １勝クラス       牝[指] 定量 16頭 本賞金:800,320,200,120,80万円",16,800.0,13,2,3,ウマピョイ,牝,5,53.0,▲石田,109.0,ハナ,11,35.5,36.4,15-15-15-15,美浦 加藤和,448,16,
202503010608,2025-04-27,福島,8,4歳以上1勝クラス,芝,1800,右,晴,良,"1回 福島 6日目 サラ系４歳以上 １勝クラス       牝[指] 定量 16頭 本賞金:800,320,200,120,80万円",16,800.0,14,2,4,ハルノドゥミプリエ,牝,4,56.0,秋山稔,109.2,1.1/4,15,237.5,37.1,12-10-9-9,美浦 勢司,456,4,
202503010608,2025-04-27,福島,8,4歳以上1勝クラス,芝,1800,右,晴,良,"1回 福島 6日目 サラ系４歳以上 １勝クラス       牝[指] 定量 16頭 本賞金:800,320,200,120,80万円",16,800.0,15,1,2,パラダイスリズム,牝,4,53.0,▲遠藤,109.5,1.3/4,16,262.1,36.2,14-15-16-16,美浦 伊藤伸,446,-6,
202503010608,2025-04-27,福島,8,4歳以上1勝クラス,芝,1800,右,晴,良,"1回 福島 6日目 サラ系４歳以上 １勝クラス       牝[指] 定量 16頭 本賞金:800,320,200,120,80万円",16,800.0,16,6,12,セブンスリーローズ,牝,4,53.0,▲柴田裕,110.1,3.1/2,14,162.8,38.7,2-2-2-8,栗東 飯田,416,-7,
202503010609,2025-04-27,福島,9,燧ケ岳特別,芝,2600,右,晴,良,"1回 福島 6日目 サラ系４歳以上 １勝クラス       (混)[指] 定量 11頭 本賞金:1110,440,280,170,111万円",11,1110.0,1,8,11,ヴァイザーバルコ,セ,5,58.0,丸田,158.6,,4,6.0,35.2,10-9-5-4,美浦 水野,470,8,
202503010609,2025-04-27,福島,9,燧ケ岳特別,芝,2600,右,晴,良,"1回 福島 6日目 サラ系４歳以上 １勝クラス       (混)[指] 定量 11頭 本賞金:1110,440,280,170,111万円",11,1110.0,2,8,10,テイクザクラウン,牡,4,58.0,斎藤,158.6,アタマ,5,9.3,35.3,6-6-5-6,栗東 吉村,440,0,
202503010609,2025-04-27,福島,9,燧ケ岳特別,芝,2600,右,晴,良,"1回 福島 6日目 サラ系４歳以上 １勝クラス       (混)[指] 定量 11頭 本賞金:1110,440,280,170,111万円",11,1110.0,3,7,8,モルトマエストーソ,牡,4,58.0,荻野極,158.9,1.1/2,6,9.8,36.2,2-2-2-1,美浦 国枝,548,0,
202503010609,2025-04-27,福島,9,燧ケ岳特別,芝,2600,右,晴,良,"1回 福島 6日目 サラ系４歳以上 １勝クラス       (混)[指] 定量 11頭 本賞金:1110,440,280,170,111万円",11,1110.0,4,6,7,ビッグベルーガ,牡,5,58.0,菊沢,159.1,1.1/2,7,11.6,36.1,3-3-3-4,栗東 牧浦,466,-8,
202503010609,2025-04-27,福島,9,燧ケ岳特別,芝,2600,右,晴,良,"1回 福島 6日目 サラ系４歳以上 １勝クラス       (混)[指] 定量 11頭 本賞金:1110,440,280,170,111万円",11,1110.0,5,2,2,マイファミリー,牡,4,58.0,黛,159.2,3/4,2,4.4,36.2,5-5-3-3,美浦 深山,448,-4,
202503010609,2025-04-27,福島,9,燧ケ岳特別,芝,2600,右,晴,良,"1回 福島 6日目 サラ系４歳以上 １勝クラス       (混)[指] 定量 11頭 本賞金:1110,440,280,170,111万円",11,1110.0,6,7,9,ルークスヘリオス,牡,6,58.0,丸山,159.8,3.1/2,8,67.5,36.3,6-6-7-7,美浦 中川,490,0,
202503010609,2025-04-27,福島,9,燧ケ岳特別,芝,2600,右,晴,良,"1回 福島 6日目 サラ系４歳以上 １勝クラス       (混)[指] 定量 11頭 本賞金:1110,440,280,170,111万円",11,1110.0,7,4,4,ピースヒロフェイス,牝,4,56.0,古川吉,160.0,1,3,4.6,37.3,1-1-1-2,美浦 牧,462,0,
202503010609,2025-04-27,福島,9,燧ケ岳特別,芝,2600,右,晴,良,"1回 福島 6日目 サラ系４歳以上 １勝クラス       (混)[指] 定量 11頭 本賞金:1110,440,280,170,111万円",11,1110.0,8,5,5,チャイボーグ,牝,5,56.0,内田博,160.1,3/4,11,115.7,36.4,8-8-8-9,美浦 的場,486,0,
202503010609,2025-04-27,福島,9,燧ケ岳特別,芝,2600,右,晴,良,"1回 福島 6日目 サラ系４歳以上 １勝クラス       (混)[指] 定量 11頭 本賞金:1110,440,280,170,111万円",11,1110.0,9,3,3,オールデュスヴラン,牡,4,58.0,丹内,160.5,2.1/2,1,3.3,36.8,9-9-8-7,栗東 池江,488,0,
202503010609,2025-04-27,福島,9,燧ケ岳特別,芝,2600,右,晴,良,"1回 福島 6日目 サラ系４歳以上 １勝クラス       (混)[指] 定量 11頭 本賞金:1110,440,280,170,111万円",11,1110.0,10,6,6,ラルンエベール,牝,4,56.0,永島,161.1,3.1/2,10,84.4,37.0,11-11-11-10,美浦 田島,416,-4,
202503010609,2025-04-27,福島,9,燧ケ岳特別,芝,2600,右,晴,良,"1回 福島 6日目 サラ系４歳以上 １勝クラス       (混)[指] 定量 11頭 本賞金:1110,440,280,170,111万円",11,1110.0,11,1,1,ワンダフルヘヴン,牝,6,56.0,荻野琢,162.1,6,9,68.7,38.5,3-3-8-11,栗東 今野,512,14,
202503010610,2025-04-27,福島,10,尾瀬特別,ダ,1700,右,晴,良,"1回 福島 6日目 サラ系４歳以上 ２勝クラス       (混)(特指) 定量 15頭 本賞金:1550,620,390,230,155万円",15,1550.0,1,1,1,タガノアレハンドラ,牝,5,56.0,国分恭,106.6,,6,19.1,38.4,15-15-12-8,栗東 西園翔,500,2,
202503010610,2025-04-27,福島,10,尾瀬特別,ダ,1700,右,晴,良,"1回 福島 6日目 サラ系４歳以上 ２勝クラス       (混)(特指) 定量 15頭 本賞金:1550,620,390,230,155万円",15,1550.0,2,5,8,イモータルバード,牡,4,58.0,荻野極,106.7,1/2,7,22.4,39.1,7-8-6-6,美浦 栗田,474,-6,
202503010610,2025-04-27,福島,10,尾瀬特別,ダ,1700,右,晴,良,"1回 福島 6日目 サラ系４歳以上 ２勝クラス       (混)(特指) 定量 15頭 本賞金:1550,620,390,230,155万円",15,1550.0,3,8,15,ヤウガウ,セ,8,58.0,菊沢,107.0,1.1/2,13,76.7,39.1,11-11-9-8,美浦 金成,502,-6,
202503010610,2025-04-27,福島,10,尾瀬特別,ダ,1700,右,晴,良,"1回 福島 6日目 サラ系４歳以上 ２勝クラス       (混)(特指) 定量 15頭 本賞金:1550,620,390,230,155万円",15,1550.0,4,3,4,パフ,牡,4,58.0,斎藤,107.0,アタマ,1,3.1,39.3,9-9-8-5,栗東 橋口,472,0,
202503010610,2025-04-27,福島,10,尾瀬特別,ダ,1700,右,晴,良,"1回 福島 6日目 サラ系４歳以上 ２勝クラス       (混)(特指) 定量 15頭 本賞金:1550,620,390,230,155万円",15,1550.0,5,6,10,スマートプレシャス,牝,4,56.0,永島,107.0,アタマ,8,23.9,40.2,1-1-1-1,栗東 中村,508,0,
202503010610,2025-04-27,福島,10,尾瀬特別,ダ,1700,右,晴,良,"1回 福島 6日目 サラ系４歳以上 ２勝クラス       (混)(特指) 定量 15頭 本賞金:1550,620,390,230,155万円",15,1550.0,6,8,14,サンドブラスト,牡,4,58.0,丹内,107.2,1.1/4,3,6.3,40.3,2-2-2-2,美浦 鈴木慎,502,-10,
202503010610,2025-04-27,福島,10,尾瀬特別,ダ,1700,右,晴,良,"1回 福島 6日目 サラ系４歳以上 ２勝クラス       (混)(特指) 定量 15頭 本賞金:1550,620,390,230,155万円",15,1550.0,7,4,7,アセレラシオン,牡,4,58.0,小沢,107.3,1/2,2,3.5,40.1,6-5-3-3,栗東 浜田,532,-6,
202503010610,2025-04-27,福島,10,尾瀬特別,ダ,1700,右,晴,良,"1回 福島 6日目 サラ系４歳以上 ２勝クラス       (混)(特指) 定量 15頭 本賞金:1550,620,390,230,155万円",15,1550.0,8,2,3,スマートハンター,牡,5,58.0,丸山,107.5,1.1/4,12,71.5,39.3,10-9-12-11,栗東 中村,506,0,
202503010610,2025-04-27,福島,10,尾瀬特別,ダ,1700,右,晴,良,"1回 福島 6日目 サラ系４歳以上 ２勝クラス       (混)(特指) 定量 15頭 本賞金:1550,620,390,230,155万円",15,1550.0,9,6,11,ウィズザドリーム,セ,5,58.0,松本,107.7,1.1/4,10,38.7,40.5,2-3-3-6,栗東 高野,496,-8,
202503010610,2025-04-27,福島,10,尾瀬特別,ダ,1700,右,晴,良,"1回 福島 6日目 サラ系４歳以上 ２勝クラス       (混)(特指) 定量 15頭 本賞金:1550,620,390,230,155万円",15,1550.0,10,7,12,ビターゼノビア,牝,5,56.0,嶋田,107.9,1.1/4,15,243.7,39.9,13-13-10-8,美浦 手塚久,464,8,
202503010610,2025-04-27,福島,10,尾瀬特別,ダ,1700,右,晴,良,"1回 福島 6日目 サラ系４歳以上 ２勝クラス       (混)(特指) 定量 15頭 本賞金:1550,620,390,230,155万円",15,1550.0,11,3,5,ノーブルラン,牡,5,58.0,横山琉,108.1,3/4,14,172.3,39.7,13-12-14-12,美浦 尾形,474,-11,
202503010610,2025-04-27,福島,10,尾瀬特別,ダ,1700,右,晴,良,"1回 福島 6日目 サラ系４歳以上 ２勝クラス       (混)(特指) 定量 15頭 本賞金:1550,620,390,230,155万円",15,1550.0,12,5,9,ブレイゼスト,牡,5,58.0,古川吉,108.2,1,4,6.4,41.1,4-5-3-3,美浦 牧,520,0,
202503010610,2025-04-27,福島,10,尾瀬特別,ダ,1700,右,晴,良,"1回 福島 6日目 サラ系４歳以上 ２勝クラス       (混)(特指) 定量 15頭 本賞金:1550,620,390,230,155万円",15,1550.0,13,4,6,アレナパラシオ,牡,4,58.0,川端,109.6,8,9,25.3,42.0,4-3-6-12,栗東 四位,476,0,
202503010610,2025-04-27,福島,10,尾瀬特別,ダ,1700,右,晴,良,"1回 福島 6日目 サラ系４歳以上 ２勝クラス       (混)(特指) 定量 15頭 本賞金:1550,620,390,230,155万円",15,1550.0,14,7,13,イサチルカゼニタツ,牡,4,58.0,内田博,109.9,1.1/2,5,12.6,40.6,11-13-15-15,美浦 辻,494,6,
202503010610,2025-04-27,福島,10,尾瀬特別,ダ,1700,右,晴,良,"1回 福島 6日目 サラ系４歳以上 ２勝クラス       (混)(特指) 定量 15頭 本賞金:1550,620,390,230,155万円",15,1550.0,15,2,2,ミレニアムヒロイン,牝,4,56.0,角田和,110.6,4,11,53.2,42.6,7-7-10-14,美浦 池上,436,2,
202503010611,2025-04-27,福島,11,モルガナイトS,芝,1200,右,晴,良,"1回 福島 6日目 サラ系４歳以上 オープン       (国際)(特指) 別定 16頭 本賞金:2300,920,580,350,230万円",16,2300.0,1,7,13,ジャスティンスカイ,牡,6,59.0,荻野極,68.5,,3,11.0,34.0,4-4,栗東 友道,538,2,
202503010611,2025-04-27,福島,11,モルガナイトS,芝,1200,右,晴,良,"1回 福島 6日目 サラ系４歳以上 オープン       (国際)(特指) 別定 16頭 本賞金:2300,920,580,350,230万円",16,2300.0,2,1,1,スマートクラージュ,牡,8,58.0,角田和,68.7,1.1/4,7,15.4,34.2,4-4,栗東 池江,474,-10,
202503010611,2025-04-27,福島,11,モルガナイトS,芝,1200,右,晴,良,"1回 福島 6日目 サラ系４歳以上 オープン       (国際)(特指) 別定 16頭 本賞金:2300,920,580,350,230万円",16,2300.0,3,7,14,バンデルオーラ,牡,6,57.0,国分恭,68.7,アタマ,12,46.9,34.1,6-4,栗東 牧浦,480,0,
202503010611,2025-04-27,福島,11,モルガナイトS,芝,1200,右,晴,良,"1回 福島 6日目 サラ系４歳以上 オープン       (国際)(特指) 別定 16頭 本賞金:2300,920,580,350,230万円",16,2300.0,4,2,4,レッドアヴァンティ,牡,6,57.0,吉田隼,68.7,ハナ,2,7.8,34.1,6-4,美浦 尾関,496,-4,
202503010611,2025-04-27,福島,11,モルガナイトS,芝,1200,右,晴,良,"1回 福島 6日目 サラ系４歳以上 オープン       (国際)(特指) 別定 16頭 本賞金:2300,920,580,350,230万円",16,2300.0,5,6,11,ツインクルトーズ,牝,5,55.0,古川吉,68.7,クビ,9,18.7,33.8,12-11,美浦 牧,514,-4,
202503010611,2025-04-27,福島,11,モルガナイトS,芝,1200,右,晴,良,"1回 福島 6日目 サラ系４歳以上 オープン       (国際)(特指) 別定 16頭 本賞金:2300,920,580,350,230万円",16,2300.0,6,4,8,ブーケファロス,牡,5,57.0,丹内,68.8,1/2,8,17.1,34.0,10-8,美浦 清水英,444,-6,
202503010611,2025-04-27,福島,11,モルガナイトS,芝,1200,右,晴,良,"1回 福島 6日目 サラ系４歳以上 オープン       (国際)(特指) 別定 16頭 本賞金:2300,920,580,350,230万円",16,2300.0,7,2,3,プルパレイ,セ,6,59.0,小沢,69.0,1.1/4,11,36.1,34.2,10-8,栗東 須貝,494,2,
202503010611,2025-04-27,福島,11,モルガナイトS,芝,1200,右,晴,良,"1回 福島 6日目 サラ系４歳以上 オープン       (国際)(特指) 別定 16頭 本賞金:2300,920,580,350,230万円",16,2300.0,8,8,16,デュガ,セ,6,57.0,丸山,69.1,クビ,10,19.0,34.5,6-8,栗東 森秀,490,-2,
202503010611,2025-04-27,福島,11,モルガナイトS,芝,1200,右,晴,良,"1回 福島 6日目 サラ系４歳以上 オープン       (国際)(特指) 別定 16頭 本賞金:2300,920,580,350,230万円",16,2300.0,9,1,2,アスクワンタイム,牡,4,57.0,川須,69.1,クビ,6,14.2,33.7,13-13,栗東 梅田,454,-6,
202503010611,2025-04-27,福島,11,モルガナイトS,芝,1200,右,晴,良,"1回 福島 6日目 サラ系４歳以上 オープン       (国際)(特指) 別定 16頭 本賞金:2300,920,580,350,230万円",16,2300.0,10,8,15,セットアップ,牡,4,57.0,内田博,69.1,ハナ,14,89.2,34.4,9-11,美浦 鹿戸,492,-6,
202503010611,2025-04-27,福島,11,モルガナイトS,芝,1200,右,晴,良,"1回 福島 6日目 サラ系４歳以上 オープン       (国際)(特指) 別定 16頭 本賞金:2300,920,580,350,230万円",16,2300.0,11,6,12,レッドヒルシューズ,牝,5,55.0,川又,69.3,3/4,5,13.5,34.9,2-2,栗東 武英,452,-2,
202503010611,2025-04-27,福島,11,モルガナイトS,芝,1200,右,晴,良,"1回 福島 6日目 サラ系４歳以上 オープン       (国際)(特指) 別定 16頭 本賞金:2300,920,580,350,230万円",16,2300.0,12,5,10,ウインモナーク,牡,6,57.0,松岡,69.3,クビ,1,2.0,35.0,2-2,美浦 奥平,496,-8,
202503010611,2025-04-27,福島,11,モルガナイトS,芝,1200,右,晴,良,"1回 福島 6日目 サラ系４歳以上 オープン       (国際)(特指) 別定 16頭 本賞金:2300,920,580,350,230万円",16,2300.0,13,5,9,スリーアイランド,牝,5,55.0,柴田裕,69.4,3/4,4,11.7,35.2,1-1,栗東 中竹,490,10,
202503010611,2025-04-27,福島,11,モルガナイトS,芝,1200,右,晴,良,"1回 福島 6日目 サラ系４歳以上 オープン       (国際)(特指) 別定 16頭 本賞金:2300,920,580,350,230万円",16,2300.0,14,3,6,ユキノファラオ,牡,7,57.0,菊沢,69.5,3/4,16,178.3,34.1,13-14,美浦 小野,480,-10,
202503010611,2025-04-27,福島,11,モルガナイトS,芝,1200,右,晴,良,"1回 福島 6日目 サラ系４歳以上 オープン       (国際)(特指) 別定 16頭 本賞金:2300,920,580,350,230万円",16,2300.0,15,4,7,エエヤン,セ,5,59.0,丸田,69.5,ハナ,13,55.2,33.8,15-15,美浦 伊藤大,466,-30,
202503010611,2025-04-27,福島,11,モルガナイトS,芝,1200,右,晴,良,"1回 福島 6日目 サラ系４歳以上 オープン       (国際)(特指) 別定 16頭 本賞金:2300,920,580,350,230万円",16,2300.0,16,3,5,キタウイング,牝,5,56.0,小林脩,70.5,6,15,132.3,34.8,15-16,美浦 小島,432,-10,
202503010612,2025-04-27,福島,12,4歳以上1勝クラス,ダ,1150,右,晴,良,"1回 福島 6日目 サラ系４歳以上 １勝クラス       (混)[指] 定量 12頭 本賞金:800,320,200,120,80万円",12,800.0,1,6,7,グランファラオ,牡,5,58.0,秋山稔,68.8,,5,9.3,36.8,2-1,栗東 高橋忠,516,4,
202503010612,2025-04-27,福島,12,4歳以上1勝クラス,ダ,1150,右,晴,良,"1回 福島 6日目 サラ系４歳以上 １勝クラス       (混)[指] 定量 12頭 本賞金:800,320,200,120,80万円",12,800.0,2,8,12,スノーホルンロード,セ,6,55.0,▲石神道,69.6,5,3,8.0,36.9,6-5,美浦 清水英,508,-6,
202503010612,2025-04-27,福島,12,4歳以上1勝クラス,ダ,1150,右,晴,良,"1回 福島 6日目 サラ系４歳以上 １勝クラス       (混)[指] 定量 12頭 本賞金:800,320,200,120,80万円",12,800.0,3,7,9,シャーンゴッセ,セ,5,58.0,泉谷,70.0,2.1/2,1,2.2,36.9,9-9,美浦 蛯名正,506,-2,
202503010612,2025-04-27,福島,12,4歳以上1勝クラス,ダ,1150,右,晴,良,"1回 福島 6日目 サラ系４歳以上 １勝クラス       (混)[指] 定量 12頭 本賞金:800,320,200,120,80万円",12,800.0,4,5,5,ブリングライト,牡,5,58.0,菊沢,70.1,クビ,8,35.8,36.7,10-12,美浦 土田,478,4,
202503010612,2025-04-27,福島,12,4歳以上1勝クラス,ダ,1150,右,晴,良,"1回 福島 6日目 サラ系４歳以上 １勝クラス       (混)[指] 定量 12頭 本賞金:800,320,200,120,80万円",12,800.0,5,1,1,エフエイト,牡,4,58.0,亀田,70.1,クビ,4,8.3,36.8,10-10,栗東 北出,446,0,
202503010612,2025-04-27,福島,12,4歳以上1勝クラス,ダ,1150,右,晴,良,"1回 福島 6日目 サラ系４歳以上 １勝クラス       (混)[指] 定量 12頭 本賞金:800,320,200,120,80万円",12,800.0,6,5,6,ダイチラファール,牡,6,54.0,★小林美,70.2,クビ,7,14.2,37.3,7-7,美浦 粕谷,456,-2,
202503010612,2025-04-27,福島,12,4歳以上1勝クラス,ダ,1150,右,晴,良,"1回 福島 6日目 サラ系４歳以上 １勝クラス       (混)[指] 定量 12頭 本賞金:800,320,200,120,80万円",12,800.0,7,2,2,マーゴットファブ,牡,4,55.0,▲古川奈,70.3,1,9,52.6,38.3,1-2,美浦 伊坂,526,10,
202503010612,2025-04-27,福島,12,4歳以上1勝クラス,ダ,1150,右,晴,良,"1回 福島 6日目 サラ系４歳以上 １勝クラス       (混)[指] 定量 12頭 本賞金:800,320,200,120,80万円",12,800.0,8,3,3,ドンアポロン,牡,4,58.0,丸山,70.4,クビ,11,82.9,37.1,10-10,栗東 西園正,466,2,
202503010612,2025-04-27,福島,12,4歳以上1勝クラス,ダ,1150,右,晴,良,"1回 福島 6日目 サラ系４歳以上 １勝クラス       (混)[指] 定量 12頭 本賞金:800,320,200,120,80万円",12,800.0,9,8,11,トモジャアルマンド,牡,8,58.0,小沢,70.5,1/2,6,11.2,38.3,3-3,栗東 大根田,510,6,
202503010612,2025-04-27,福島,12,4歳以上1勝クラス,ダ,1150,右,晴,良,"1回 福島 6日目 サラ系４歳以上 １勝クラス       (混)[指] 定量 12頭 本賞金:800,320,200,120,80万円",12,800.0,10,6,8,アップフルーク,牡,6,55.0,▲石田,70.8,2,12,185.1,38.5,4-3,美浦 松山,518,-2,
202503010612,2025-04-27,福島,12,4歳以上1勝クラス,ダ,1150,右,晴,良,"1回 福島 6日目 サラ系４歳以上 １勝クラス       (混)[指] 定量 12頭 本賞金:800,320,200,120,80万円",12,800.0,11,4,4,ナゲットモンスター,牡,5,58.0,丹内,70.9,クビ,2,4.7,38.0,7-7,栗東 西村,518,-4,
202503010612,2025-04-27,福島,12,4歳以上1勝クラス,ダ,1150,右,晴,良,"1回 福島 6日目 サラ系４歳以上 １勝クラス       (混)[指] 定量 12頭 本賞金:800,320,200,120,80万円",12,800.0,12,7,10,スモーキンビリー,牡,5,58.0,荻野極,71.1,1.1/2,10,59.5,38.6,5-5,栗東 佐藤悠,496,-4,
202505020201,2025-04-27,東京,1,3歳未勝利,ダ,1400,左,晴,稍,"2回 東京 2日目 サラ系３歳 未勝利       牝[指] 馬齢 16頭 本賞金:560,220,140,84,56万円",16,560.0,1,5,10,ミッシオーネ,牝,3,55.0,津村,86.5,,5,16.4,39.0,1-1,栗東 西園正,408,8,
202505020201,2025-04-27,東京,1,3歳未勝利,ダ,1400,左,晴,稍,"2回 東京 2日目 サラ系３歳 未勝利       牝[指] 馬齢 16頭 本賞金:560,220,140,84,56万円",16,560.0,2,2,4,ポートタウランガ,牝,3,55.0,横山和,86.5,1/2,7,20.5,38.4,5-5,美浦 嘉藤,466,8,
202505020201,2025-04-27,東京,1,3歳未勝利,ダ,1400,左,晴,稍,"2回 東京 2日目 サラ系３歳 未勝利       牝[指] 馬齢 16頭 本賞金:560,220,140,84,56万円",16,560.0,3,8,16,スフレ,牝,3,55.0,佐々木,86.7,1.1/4,4,16.4,37.7,10-11,栗東 野中,434,-2,
202505020201,2025-04-27,東京,1,3歳未勝利,ダ,1400,左,晴,稍,"2回 東京 2日目 サラ系３歳 未勝利       牝[指] 馬齢 16頭 本賞金:560,220,140,84,56万円",16,560.0,4,4,8,ルージュアマリア,牝,3,55.0,原,86.7,ハナ,3,9.1,37.2,15-15,美浦 黒岩,400,2,
202505020201,2025-04-27,東京,1,3歳未勝利,ダ,1400,左,晴,稍,"2回 東京 2日目 サラ系３歳 未勝利       牝[指] 馬齢 16頭 本賞金:560,220,140,84,56万円",16,560.0,5,7,13,エイミームーン,牝,3,55.0,石橋脩,86.9,1.1/4,1,1.5,38.9,5-5,美浦 矢野,466,8,
202505020201,2025-04-27,東京,1,3歳未勝利,ダ,1400,左,晴,稍,"2回 東京 2日目 サラ系３歳 未勝利       牝[指] 馬齢 16頭 本賞金:560,220,140,84,56万円",16,560.0,6,1,2,ガールネクストドア,牝,3,55.0,杉原,87.1,1,14,221.3,37.8,12-13,美浦 南田,442,4,
202505020201,2025-04-27,東京,1,3歳未勝利,ダ,1400,左,晴,稍,"2回 東京 2日目 サラ系３歳 未勝利       牝[指] 馬齢 16頭 本賞金:560,220,140,84,56万円",16,560.0,7,3,5,フランシナテソーロ,牝,3,55.0,木幡巧,87.3,1.1/4,13,206.3,39.4,3-3,美浦 畠山,452,-2,
202505020201,2025-04-27,東京,1,3歳未勝利,ダ,1400,左,晴,稍,"2回 東京 2日目 サラ系３歳 未勝利       牝[指] 馬齢 16頭 本賞金:560,220,140,84,56万円",16,560.0,8,4,7,アイスリーディング,牝,3,55.0,三浦,87.4,1/2,8,26.1,38.5,12-11,美浦 小笠,434,0,
202505020201,2025-04-27,東京,1,3歳未勝利,ダ,1400,左,晴,稍,"2回 東京 2日目 サラ系３歳 未勝利       牝[指] 馬齢 16頭 本賞金:560,220,140,84,56万円",16,560.0,9,7,14,ネバーランドリーム,牝,3,55.0,小林凌,87.9,3,16,495.3,38.6,12-13,美浦 尾形,416,-2,
202505020201,2025-04-27,東京,1,3歳未勝利,ダ,1400,左,晴,稍,"2回 東京 2日目 サラ系３歳 未勝利       牝[指] 馬齢 16頭 本賞金:560,220,140,84,56万円",16,560.0,10,5,9,パッヘルベルカノン,牝,3,55.0,菅原明,87.9,クビ,11,168.1,39.2,11-9,美浦 高木,484,0,
202505020201,2025-04-27,東京,1,3歳未勝利,ダ,1400,左,晴,稍,"2回 東京 2日目 サラ系３歳 未勝利       牝[指] 馬齢 16頭 本賞金:560,220,140,84,56万円",16,560.0,11,1,1,アヤチャンス,牝,3,55.0,岩部,88.1,1,10,117.7,38.7,15-15,美浦 田中勝,440,0,
202505020201,2025-04-27,東京,1,3歳未勝利,ダ,1400,左,晴,稍,"2回 東京 2日目 サラ系３歳 未勝利       牝[指] 馬齢 16頭 本賞金:560,220,140,84,56万円",16,560.0,12,6,12,ココアミュレット,牝,3,55.0,横山武,88.3,1,2,5.4,40.5,3-3,美浦 稲垣,456,2,
202505020201,2025-04-27,東京,1,3歳未勝利,ダ,1400,左,晴,稍,"2回 東京 2日目 サラ系３歳 未勝利       牝[指] 馬齢 16頭 本賞金:560,220,140,84,56万円",16,560.0,13,6,11,ラヴィーズドリーム,牝,3,55.0,江田照,88.3,クビ,15,394.2,39.8,7-7,美浦 伊藤伸,450,0,
202505020201,2025-04-27,東京,1,3歳未勝利,ダ,1400,左,晴,稍,"2回 東京 2日目 サラ系３歳 未勝利       牝[指] 馬齢 16頭 本賞金:560,220,140,84,56万円",16,560.0,14,3,6,テルケンユミカグラ,牝,3,53.0,△長浜,88.6,2,9,87.7,39.9,9-9,美浦 矢嶋,464,4,
202505020201,2025-04-27,東京,1,3歳未勝利,ダ,1400,左,晴,稍,"2回 東京 2日目 サラ系３歳 未勝利       牝[指] 馬齢 16頭 本賞金:560,220,140,84,56万円",16,560.0,15,8,15,アレナトーレ,牝,3,54.0,☆西塚,89.2,3.1/2,12,194.5,41.5,2-2,美浦 西田,420,-8,
202505020201,2025-04-27,東京,1,3歳未勝利,ダ,1400,左,晴,稍,"2回 東京 2日目 サラ系３歳 未勝利       牝[指] 馬齢 16頭 本賞金:560,220,140,84,56万円",16,560.0,16,2,3,アッサジャン,牝,3,55.0,ディー,93.9,大,6,16.6,45.4,7-7,美浦 国枝,446,-4,
202505020202,2025-04-27,東京,2,3歳未勝利,ダ,1600,左,晴,稍,"2回 東京 2日目 サラ系３歳 未勝利       [指] 馬齢 16頭 本賞金:560,220,140,84,56万円",16,560.0,1,1,1,ファンタイムギフト,牡,3,57.0,田辺,98.2,,4,7.1,37.4,7-7,美浦 相沢,496,-6,
202505020202,2025-04-27,東京,2,3歳未勝利,ダ,1600,左,晴,稍,"2回 東京 2日目 サラ系３歳 未勝利       [指] 馬齢 16頭 本賞金:560,220,140,84,56万円",16,560.0,2,8,16,イトウ,牡,3,57.0,菅原明,98.5,1.3/4,2,4.3,37.8,6-5,美浦 高柳瑞,488,0,
202505020202,2025-04-27,東京,2,3歳未勝利,ダ,1600,左,晴,稍,"2回 東京 2日目 サラ系３歳 未勝利       [指] 馬齢 16頭 本賞金:560,220,140,84,56万円",16,560.0,3,3,5,アバレリュウ,牡,3,57.0,野中,99.0,3,16,365.3,36.7,12-15,美浦 鈴木慎,488,0,
202505020202,2025-04-27,東京,2,3歳未勝利,ダ,1600,左,晴,稍,"2回 東京 2日目 サラ系３歳 未勝利       [指] 馬齢 16頭 本賞金:560,220,140,84,56万円",16,560.0,4,6,12,ワウワウワウ,牡,3,57.0,松山,99.1,3/4,6,19.6,38.8,2-2,美浦 牧,494,-6,
202505020202,2025-04-27,東京,2,3歳未勝利,ダ,1600,左,晴,稍,"2回 東京 2日目 サラ系３歳 未勝利       [指] 馬齢 16頭 本賞金:560,220,140,84,56万円",16,560.0,5,1,2,アルテボーイ,牡,3,57.0,戸崎圭,99.2,クビ,1,2.4,38.7,4-4,美浦 斎藤誠,508,-4,
202505020202,2025-04-27,東京,2,3歳未勝利,ダ,1600,左,晴,稍,"2回 東京 2日目 サラ系３歳 未勝利       [指] 馬齢 16頭 本賞金:560,220,140,84,56万円",16,560.0,6,2,4,テソリーノ,牡,3,57.0,ディー,99.2,ハナ,5,15.0,38.3,7-8,美浦 青木,570,6,
202505020202,2025-04-27,東京,2,3歳未勝利,ダ,1600,左,晴,稍,"2回 東京 2日目 サラ系３歳 未勝利       [指] 馬齢 16頭 本賞金:560,220,140,84,56万円",16,560.0,7,5,9,サクラコーラル,牡,3,57.0,津村,99.5,2,14,159.6,38.5,10-8,美浦 尾関,456,-10,
202505020202,2025-04-27,東京,2,3歳未勝利,ダ,1600,左,晴,稍,"2回 東京 2日目 サラ系３歳 未勝利       [指] 馬齢 16頭 本賞金:560,220,140,84,56万円",16,560.0,8,7,14,マーゴットフェスタ,牡,3,57.0,木幡巧,99.9,2,8,32.9,39.5,3-2,美浦 伊坂,470,0,
202505020202,2025-04-27,東京,2,3歳未勝利,ダ,1600,左,晴,稍,"2回 東京 2日目 サラ系３歳 未勝利       [指] 馬齢 16頭 本賞金:560,220,140,84,56万円",16,560.0,9,6,11,グレイグアン,牡,3,57.0,佐々木,99.9,ハナ,7,27.3,39.7,1-1,美浦 斎藤誠,500,-6,
202505020202,2025-04-27,東京,2,3歳未勝利,ダ,1600,左,晴,稍,"2回 東京 2日目 サラ系３歳 未勝利       [指] 馬齢 16頭 本賞金:560,220,140,84,56万円",16,560.0,10,7,13,ニシノベニトアイト,牡,3,55.0,△長浜,100.0,3/4,9,51.7,39.0,7-8,美浦 伊藤圭,482,2,
202505020202,2025-04-27,東京,2,3歳未勝利,ダ,1600,左,晴,稍,"2回 東京 2日目 サラ系３歳 未勝利       [指] 馬齢 16頭 本賞金:560,220,140,84,56万円",16,560.0,11,4,7,トキノカンピオーネ,牡,3,57.0,原,100.3,1.1/2,3,5.1,39.7,4-5,美浦 矢野,498,2,
202505020202,2025-04-27,東京,2,3歳未勝利,ダ,1600,左,晴,稍,"2回 東京 2日目 サラ系３歳 未勝利       [指] 馬齢 16頭 本賞金:560,220,140,84,56万円",16,560.0,12,3,6,リアライズオネスト,牡,3,57.0,石橋脩,100.8,3,10,55.4,38.9,12-11,美浦 池上,504,2,
202505020202,2025-04-27,東京,2,3歳未勝利,ダ,1600,左,晴,稍,"2回 東京 2日目 サラ系３歳 未勝利       [指] 馬齢 16頭 本賞金:560,220,140,84,56万円",16,560.0,13,2,3,キロノヴァ,牡,3,57.0,三浦,101.2,2,12,84.4,39.1,15-12,美浦 萩原,438,-2,
202505020202,2025-04-27,東京,2,3歳未勝利,ダ,1600,左,晴,稍,"2回 東京 2日目 サラ系３歳 未勝利       [指] 馬齢 16頭 本賞金:560,220,140,84,56万円",16,560.0,14,5,10,ダノンメナージュ,牡,3,57.0,横山武,101.2,クビ,11,56.5,39.2,12-12,美浦 西田,460,-2,
202505020202,2025-04-27,東京,2,3歳未勝利,ダ,1600,左,晴,稍,"2回 東京 2日目 サラ系３歳 未勝利       [指] 馬齢 16頭 本賞金:560,220,140,84,56万円",16,560.0,15,8,15,ウエスタンクリス,牡,3,57.0,江田照,102.3,7,15,260.5,40.3,11-12,美浦 田中勝,510,0,
202505020202,2025-04-27,東京,2,3歳未勝利,ダ,1600,左,晴,稍,"2回 東京 2日目 サラ系３歳 未勝利       [指] 馬齢 16頭 本賞金:560,220,140,84,56万円",16,560.0,16,4,8,オイナリサン,牡,3,57.0,木幡育,102.4,クビ,13,143.3,39.5,16-16,美浦 松永康,524,0,
202505020203,2025-04-27,東京,3,3歳未勝利,ダ,1300,左,晴,稍,"2回 東京 2日目 サラ系３歳 未勝利       [指] 馬齢 15頭 本賞金:560,220,140,84,56万円",15,560.0,1,6,10,ガンハンマー,牡,3,57.0,ルメー,78.6,,1,2.2,36.2,5-4,美浦 加藤征,428,-2,
202505020203,2025-04-27,東京,3,3歳未勝利,ダ,1300,左,晴,稍,"2回 東京 2日目 サラ系３歳 未勝利       [指] 馬齢 15頭 本賞金:560,220,140,84,56万円",15,560.0,2,5,8,エムティエスターテ,牡,3,57.0,シュタ,78.7,1/2,3,4.3,36.5,2-3,美浦 矢野,468,-2,
202505020203,2025-04-27,東京,3,3歳未勝利,ダ,1300,左,晴,稍,"2回 東京 2日目 サラ系３歳 未勝利       [指] 馬齢 15頭 本賞金:560,220,140,84,56万円",15,560.0,3,8,15,エンジョイドライブ,牡,3,57.0,田辺,79.6,5,2,3.2,36.2,11-11,栗東 宮本,480,4,
202505020203,2025-04-27,東京,3,3歳未勝利,ダ,1300,左,晴,稍,"2回 東京 2日目 サラ系３歳 未勝利       [指] 馬齢 15頭 本賞金:560,220,140,84,56万円",15,560.0,4,8,14,ゲンキイッパイ,牡,3,57.0,杉原,80.0,2.1/2,10,82.6,36.2,12-12,美浦 石栗,494,-4,
202505020203,2025-04-27,東京,3,3歳未勝利,ダ,1300,左,晴,稍,"2回 東京 2日目 サラ系３歳 未勝利       [指] 馬齢 15頭 本賞金:560,220,140,84,56万円",15,560.0,5,6,11,アルマリカシバ,牝,3,55.0,大野,80.2,1.1/4,6,22.3,37.3,9-9,美浦 中舘,454,0,
202505020203,2025-04-27,東京,3,3歳未勝利,ダ,1300,左,晴,稍,"2回 東京 2日目 サラ系３歳 未勝利       [指] 馬齢 15頭 本賞金:560,220,140,84,56万円",15,560.0,6,3,4,ブルーオブウインド,牝,3,55.0,石橋脩,80.2,アタマ,8,39.0,37.7,4-6,美浦 的場,430,4,
202505020203,2025-04-27,東京,3,3歳未勝利,ダ,1300,左,晴,稍,"2回 東京 2日目 サラ系３歳 未勝利       [指] 馬齢 15頭 本賞金:560,220,140,84,56万円",15,560.0,7,7,13,キャバリエクエスト,牡,3,57.0,野中,80.5,1.3/4,15,484.5,37.2,10-10,美浦 大和田,468,-6,
202505020203,2025-04-27,東京,3,3歳未勝利,ダ,1300,左,晴,稍,"2回 東京 2日目 サラ系３歳 未勝利       [指] 馬齢 15頭 本賞金:560,220,140,84,56万円",15,560.0,8,7,12,ユウオウマイシン,牡,3,55.0,△長浜,80.5,クビ,4,14.6,36.4,14-14,美浦 松永康,462,-8,
202505020203,2025-04-27,東京,3,3歳未勝利,ダ,1300,左,晴,稍,"2回 東京 2日目 サラ系３歳 未勝利       [指] 馬齢 15頭 本賞金:560,220,140,84,56万円",15,560.0,9,2,3,クラウンジュエル,牡,3,57.0,木幡巧,80.6,3/4,14,425.9,38.2,5-4,美浦 尾関,472,0,
202505020203,2025-04-27,東京,3,3歳未勝利,ダ,1300,左,晴,稍,"2回 東京 2日目 サラ系３歳 未勝利       [指] 馬齢 15頭 本賞金:560,220,140,84,56万円",15,560.0,10,4,6,ディライトベル,牝,3,55.0,ディー,80.7,クビ,5,19.3,38.6,1-1,美浦 竹内,486,10,
202505020203,2025-04-27,東京,3,3歳未勝利,ダ,1300,左,晴,稍,"2回 東京 2日目 サラ系３歳 未勝利       [指] 馬齢 15頭 本賞金:560,220,140,84,56万円",15,560.0,11,5,9,ピチクリ,牝,3,55.0,佐々木,81.0,1.1/2,13,346.5,38.2,8-7,美浦 高橋文,464,-10,
202505020203,2025-04-27,東京,3,3歳未勝利,ダ,1300,左,晴,稍,"2回 東京 2日目 サラ系３歳 未勝利       [指] 馬齢 15頭 本賞金:560,220,140,84,56万円",15,560.0,12,1,1,コスモエンエン,牡,3,57.0,原,81.0,ハナ,7,35.3,38.9,2-2,栗東 西園正,484,0,
202505020203,2025-04-27,東京,3,3歳未勝利,ダ,1300,左,晴,稍,"2回 東京 2日目 サラ系３歳 未勝利       [指] 馬齢 15頭 本賞金:560,220,140,84,56万円",15,560.0,13,3,5,ピースシャイニー,牡,3,57.0,酒井,82.6,10,9,51.8,39.8,7-7,栗東 河嶋,478,-4,
202505020203,2025-04-27,東京,3,3歳未勝利,ダ,1300,左,晴,稍,"2回 東京 2日目 サラ系３歳 未勝利       [指] 馬齢 15頭 本賞金:560,220,140,84,56万円",15,560.0,14,2,2,カネトシブライト,牡,3,57.0,藤懸,83.4,5,12,309.2,39.5,13-12,栗東 高橋康,436,0,
202505020203,2025-04-27,東京,3,3歳未勝利,ダ,1300,左,晴,稍,"2回 東京 2日目 サラ系３歳 未勝利       [指] 馬齢 15頭 本賞金:560,220,140,84,56万円",15,560.0,15,4,7,アーチーテソーロ,牡,3,57.0,菅原明,85.0,10,11,91.4,38.4,15-15,美浦 高木,490,0,
202505020204,2025-04-27,東京,4,3歳未勝利,芝,2400,左,晴,良,"2回 東京 2日目 サラ系３歳 未勝利       (混)[指] 馬齢 11頭 本賞金:560,220,140,84,56万円",11,560.0,1,8,11,レヴーズマン,牡,3,57.0,ルメー,147.4,,1,1.7,34.0,5-4-4-3,美浦 手塚久,440,-8,
202505020204,2025-04-27,東京,4,3歳未勝利,芝,2400,左,晴,良,"2回 東京 2日目 サラ系３歳 未勝利       (混)[指] 馬齢 11頭 本賞金:560,220,140,84,56万円",11,560.0,2,7,9,イフルジャンス,牡,3,57.0,佐々木,147.5,1,4,8.2,33.6,9-8-9-9,美浦 金成,444,-4,
202505020204,2025-04-27,東京,4,3歳未勝利,芝,2400,左,晴,良,"2回 東京 2日目 サラ系３歳 未勝利       (混)[指] 馬齢 11頭 本賞金:560,220,140,84,56万円",11,560.0,3,2,2,ムーンストラック,牝,3,55.0,江田照,147.6,3/4,6,16.1,34.0,4-4-4-5,美浦 武市,454,2,
202505020204,2025-04-27,東京,4,3歳未勝利,芝,2400,左,晴,良,"2回 東京 2日目 サラ系３歳 未勝利       (混)[指] 馬齢 11頭 本賞金:560,220,140,84,56万円",11,560.0,4,7,8,ワーキングデライト,牝,3,55.0,武藤,147.8,1.1/4,5,9.1,34.2,8-8-7-5,美浦 武藤,444,2,
202505020204,2025-04-27,東京,4,3歳未勝利,芝,2400,左,晴,良,"2回 東京 2日目 サラ系３歳 未勝利       (混)[指] 馬齢 11頭 本賞金:560,220,140,84,56万円",11,560.0,5,4,4,ディクシャ,牡,3,57.0,シュタ,148.2,2.1/2,7,30.9,34.9,3-2-2-2,栗東 西村,492,-4,
202505020204,2025-04-27,東京,4,3歳未勝利,芝,2400,左,晴,良,"2回 東京 2日目 サラ系３歳 未勝利       (混)[指] 馬齢 11頭 本賞金:560,220,140,84,56万円",11,560.0,6,8,10,メイショウアゴナス,牡,3,57.0,横山典,148.6,2,2,4.9,34.6,10-10-10-9,栗東 本田,466,2,
202505020204,2025-04-27,東京,4,3歳未勝利,芝,2400,左,晴,良,"2回 東京 2日目 サラ系３歳 未勝利       (混)[指] 馬齢 11頭 本賞金:560,220,140,84,56万円",11,560.0,7,5,5,エオアリイ,牡,3,57.0,ディー,148.7,3/4,3,6.8,35.6,1-1-1-1,美浦 田中博,468,4,
202505020204,2025-04-27,東京,4,3歳未勝利,芝,2400,左,晴,良,"2回 東京 2日目 サラ系３歳 未勝利       (混)[指] 馬齢 11頭 本賞金:560,220,140,84,56万円",11,560.0,8,1,1,エバーグリーン,牡,3,55.0,△長浜,149.0,1.3/4,9,199.2,35.2,6-6-7-8,美浦 青木,434,-2,
202505020204,2025-04-27,東京,4,3歳未勝利,芝,2400,左,晴,良,"2回 東京 2日目 サラ系３歳 未勝利       (混)[指] 馬齢 11頭 本賞金:560,220,140,84,56万円",11,560.0,9,6,7,グランツローゼ,牝,3,55.0,津村,149.0,クビ,8,112.8,35.4,7-6-6-5,美浦 千葉,448,-4,
202505020204,2025-04-27,東京,4,3歳未勝利,芝,2400,左,晴,良,"2回 東京 2日目 サラ系３歳 未勝利       (混)[指] 馬齢 11頭 本賞金:560,220,140,84,56万円",11,560.0,10,6,6,ワンハート,牝,3,55.0,小崎,150.6,10,10,221.1,37.2,2-2-2-3,栗東 小崎,426,-4,
202505020204,2025-04-27,東京,4,3歳未勝利,芝,2400,左,晴,良,"2回 東京 2日目 サラ系３歳 未勝利       (混)[指] 馬齢 11頭 本賞金:560,220,140,84,56万円",11,560.0,11,3,3,ギフテッドブラック,牡,3,57.0,酒井,151.9,8,11,307.9,37.5,11-11-11-11,栗東 牧田,450,-6,
202505020205,2025-04-27,東京,5,3歳未勝利,芝,1800,左,晴,良,"2回 東京 2日目 サラ系３歳 未勝利       [指] 馬齢 14頭 本賞金:560,220,140,84,56万円",14,560.0,1,5,8,アールヴィヴァン,牡,3,57.0,ルメー,106.4,,1,1.3,34.0,6-6-6,美浦 田中博,468,2,
202505020205,2025-04-27,東京,5,3歳未勝利,芝,1800,左,晴,良,"2回 東京 2日目 サラ系３歳 未勝利       [指] 馬齢 14頭 本賞金:560,220,140,84,56万円",14,560.0,2,8,13,キアラメンテ,牝,3,55.0,戸崎圭,106.7,2,2,5.0,34.7,6-2-3,美浦 鹿戸,428,-6,
202505020205,2025-04-27,東京,5,3歳未勝利,芝,1800,左,晴,良,"2回 東京 2日目 サラ系３歳 未勝利       [指] 馬齢 14頭 本賞金:560,220,140,84,56万円",14,560.0,3,7,11,コスモグラニット,牡,3,57.0,横山武,107.3,3.1/2,3,7.1,35.4,1-2-2,美浦 清水英,482,-6,
202505020205,2025-04-27,東京,5,3歳未勝利,芝,1800,左,晴,良,"2回 東京 2日目 サラ系３歳 未勝利       [指] 馬齢 14頭 本賞金:560,220,140,84,56万円",14,560.0,4,7,12,メジャーアピール,牡,3,57.0,木幡巧,107.3,クビ,7,45.9,35.1,2-4-4,美浦 加藤士,452,0,
202505020205,2025-04-27,東京,5,3歳未勝利,芝,1800,左,晴,良,"2回 東京 2日目 サラ系３歳 未勝利       [指] 馬齢 14頭 本賞金:560,220,140,84,56万円",14,560.0,5,4,5,ロードオブキング,牡,3,57.0,ディー,107.5,1.1/4,6,41.4,34.6,13-13-12,美浦 中川,442,0,
202505020205,2025-04-27,東京,5,3歳未勝利,芝,1800,左,晴,良,"2回 東京 2日目 サラ系３歳 未勝利       [指] 馬齢 14頭 本賞金:560,220,140,84,56万円",14,560.0,6,2,2,ジェットエアー,牡,3,57.0,シュタ,107.5,ハナ,9,123.4,35.3,4-4-4,栗東 清水久,508,2,
202505020205,2025-04-27,東京,5,3歳未勝利,芝,1800,左,晴,良,"2回 東京 2日目 サラ系３歳 未勝利       [指] 馬齢 14頭 本賞金:560,220,140,84,56万円",14,560.0,7,6,9,バイオマックス,牡,3,55.0,△長浜,107.6,クビ,12,278.4,34.9,10-10-9,美浦 黒岩,474,2,
202505020205,2025-04-27,東京,5,3歳未勝利,芝,1800,左,晴,良,"2回 東京 2日目 サラ系３歳 未勝利       [指] 馬齢 14頭 本賞金:560,220,140,84,56万円",14,560.0,8,3,4,ベアリミッション,牝,3,55.0,田辺,107.8,1.1/4,5,37.3,35.0,10-11-11,美浦 杉浦,418,-18,
202505020205,2025-04-27,東京,5,3歳未勝利,芝,1800,左,晴,良,"2回 東京 2日目 サラ系３歳 未勝利       [指] 馬齢 14頭 本賞金:560,220,140,84,56万円",14,560.0,9,5,7,カンナギ,牝,3,55.0,原,107.9,1/2,10,217.3,35.2,8-8-9,美浦 小手川,414,2,
202505020205,2025-04-27,東京,5,3歳未勝利,芝,1800,左,晴,良,"2回 東京 2日目 サラ系３歳 未勝利       [指] 馬齢 14頭 本賞金:560,220,140,84,56万円",14,560.0,10,6,10,テルケンレングレー,牡,3,57.0,野中,108.0,1/2,14,573.3,35.1,10-12-12,美浦 蛯名利,436,6,
202505020205,2025-04-27,東京,5,3歳未勝利,芝,1800,左,晴,良,"2回 東京 2日目 サラ系３歳 未勝利       [指] 馬齢 14頭 本賞金:560,220,140,84,56万円",14,560.0,11,4,6,エマダイヤモンド,牝,3,55.0,佐々木,108.4,2.1/2,8,74.1,36.0,4-6-6,栗東 矢作,462,-2,
202505020205,2025-04-27,東京,5,3歳未勝利,芝,1800,左,晴,良,"2回 東京 2日目 サラ系３歳 未勝利       [指] 馬齢 14頭 本賞金:560,220,140,84,56万円",14,560.0,12,8,14,エメラルドラグーン,牡,3,57.0,江田照,108.5,3/4,11,261.3,36.7,2-1-1,美浦 伊藤伸,464,-10,
202505020205,2025-04-27,東京,5,3歳未勝利,芝,1800,左,晴,良,"2回 東京 2日目 サラ系３歳 未勝利       [指] 馬齢 14頭 本賞金:560,220,140,84,56万円",14,560.0,13,1,1,スノーリン,牡,3,57.0,杉原,108.6,1/2,13,314.7,35.5,13-13-14,美浦 西田,458,4,
202505020205,2025-04-27,東京,5,3歳未勝利,芝,1800,左,晴,良,"2回 東京 2日目 サラ系３歳 未勝利       [指] 馬齢 14頭 本賞金:560,220,140,84,56万円",14,560.0,14,3,3,ジーティーレグルス,牡,3,57.0,大野,108.8,1.1/2,4,29.0,36.3,8-8-6,美浦 栗田,466,4,
202505020206,2025-04-27,東京,6,3歳1勝クラス,芝,1600,左,晴,良,"2回 東京 2日目 サラ系３歳 １勝クラス       (混)(特指) 馬齢 9頭 本賞金:800,320,200,120,80万円",9,800.0,1,7,7,アスクセクシーモア,牡,3,57.0,戸崎圭,92.2,,2,2.7,34.1,5-6,栗東 福永,486,10,
202505020206,2025-04-27,東京,6,3歳1勝クラス,芝,1600,左,晴,良,"2回 東京 2日目 サラ系３歳 １勝クラス       (混)(特指) 馬齢 9頭 本賞金:800,320,200,120,80万円",9,800.0,2,1,1,エンペラーズソード,セ,3,57.0,菅原明,92.2,クビ,6,23.1,34.6,1-1,美浦 高木,486,-2,
202505020206,2025-04-27,東京,6,3歳1勝クラス,芝,1600,左,晴,良,"2回 東京 2日目 サラ系３歳 １勝クラス       (混)(特指) 馬齢 9頭 本賞金:800,320,200,120,80万円",9,800.0,3,8,8,ルパヴィヨン,牝,3,55.0,大野,92.6,2.1/2,4,13.6,34.2,7-7,美浦 小手川,464,-4,
202505020206,2025-04-27,東京,6,3歳1勝クラス,芝,1600,左,晴,良,"2回 東京 2日目 サラ系３歳 １勝クラス       (混)(特指) 馬齢 9頭 本賞金:800,320,200,120,80万円",9,800.0,4,8,9,フィリップバローズ,牡,3,57.0,松山,92.7,1/2,7,34.3,34.1,8-8,美浦 森一,466,8,
202505020206,2025-04-27,東京,6,3歳1勝クラス,芝,1600,左,晴,良,"2回 東京 2日目 サラ系３歳 １勝クラス       (混)(特指) 馬齢 9頭 本賞金:800,320,200,120,80万円",9,800.0,5,2,2,イブニングタイド,牝,3,55.0,津村,92.7,クビ,5,17.2,34.8,4-3,美浦 林,442,-8,
202505020206,2025-04-27,東京,6,3歳1勝クラス,芝,1600,左,晴,良,"2回 東京 2日目 サラ系３歳 １勝クラス       (混)(特指) 馬齢 9頭 本賞金:800,320,200,120,80万円",9,800.0,6,5,5,カザンラク,牡,3,57.0,ルメー,93.2,2.1/2,1,1.7,35.2,5-3,美浦 嘉藤,482,-4,
202505020206,2025-04-27,東京,6,3歳1勝クラス,芝,1600,左,晴,良,"2回 東京 2日目 サラ系３歳 １勝クラス       (混)(特指) 馬齢 9頭 本賞金:800,320,200,120,80万円",9,800.0,7,6,6,ガーネットウインク,牝,3,53.0,△長浜,93.5,2,3,10.2,35.6,3-3,美浦 小西,486,-6,
202505020206,2025-04-27,東京,6,3歳1勝クラス,芝,1600,左,晴,良,"2回 東京 2日目 サラ系３歳 １勝クラス       (混)(特指) 馬齢 9頭 本賞金:800,320,200,120,80万円",9,800.0,8,3,3,ニシノルアノーヴァ,牡,3,57.0,池添,94.3,5,8,93.0,36.5,2-2,美浦 古賀,480,-2,
202505020206,2025-04-27,東京,6,3歳1勝クラス,芝,1600,左,晴,良,"2回 東京 2日目 サラ系３歳 １勝クラス       (混)(特指) 馬齢 9頭 本賞金:800,320,200,120,80万円",9,800.0,9,4,4,ニシノヒナアラレ,牝,3,55.0,野中,95.7,8,9,162.0,37.0,8-8,美浦 根本,470,-4,
202505020207,2025-04-27,東京,7,4歳以上1勝クラス,ダ,1600,左,晴,稍,"2回 東京 2日目 サラ系４歳以上 １勝クラス       (混)[指] 定量 14頭 本賞金:800,320,200,120,80万円",14,800.0,1,6,9,ロードブライト,牡,6,58.0,大野,97.9,,6,13.0,36.6,9-6,美浦 和田勇,536,4,
202505020207,2025-04-27,東京,7,4歳以上1勝クラス,ダ,1600,左,晴,稍,"2回 東京 2日目 サラ系４歳以上 １勝クラス       (混)[指] 定量 14頭 本賞金:800,320,200,120,80万円",14,800.0,2,7,12,ネオシルバー,牡,4,58.0,田辺,98.0,1/2,2,4.2,36.8,5-4,美浦 小西,502,2,
202505020207,2025-04-27,東京,7,4歳以上1勝クラス,ダ,1600,左,晴,稍,"2回 東京 2日目 サラ系４歳以上 １勝クラス       (混)[指] 定量 14頭 本賞金:800,320,200,120,80万円",14,800.0,3,5,7,ライングッドマン,牡,4,58.0,武藤,98.0,ハナ,11,64.5,37.0,3-2,美浦 武藤,464,-6,
202505020207,2025-04-27,東京,7,4歳以上1勝クラス,ダ,1600,左,晴,稍,"2回 東京 2日目 サラ系４歳以上 １勝クラス       (混)[指] 定量 14頭 本賞金:800,320,200,120,80万円",14,800.0,4,8,14,バランスダンサー,牝,4,56.0,横山和,98.0,クビ,1,2.9,37.0,2-2,美浦 久保田,476,4,
202505020207,2025-04-27,東京,7,4歳以上1勝クラス,ダ,1600,左,晴,稍,"2回 東京 2日目 サラ系４歳以上 １勝クラス       (混)[指] 定量 14頭 本賞金:800,320,200,120,80万円",14,800.0,5,3,4,アスクムービーオン,牡,4,58.0,松山,98.1,クビ,4,7.3,37.2,1-1,栗東 前川,468,0,
202505020207,2025-04-27,東京,7,4歳以上1勝クラス,ダ,1600,左,晴,稍,"2回 東京 2日目 サラ系４歳以上 １勝クラス       (混)[指] 定量 14頭 本賞金:800,320,200,120,80万円",14,800.0,6,2,2,ホワイトクロウ,セ,7,58.0,石橋脩,98.3,1,5,12.9,36.3,13-12,美浦 矢野,472,6,
202505020207,2025-04-27,東京,7,4歳以上1勝クラス,ダ,1600,左,晴,稍,"2回 東京 2日目 サラ系４歳以上 １勝クラス       (混)[指] 定量 14頭 本賞金:800,320,200,120,80万円",14,800.0,7,4,5,カルフ,セ,4,58.0,杉原,98.6,2,12,262.0,37.5,3-4,美浦 大和田,468,8,
202505020207,2025-04-27,東京,7,4歳以上1勝クラス,ダ,1600,左,晴,稍,"2回 東京 2日目 サラ系４歳以上 １勝クラス       (混)[指] 定量 14頭 本賞金:800,320,200,120,80万円",14,800.0,8,8,13,ルルシュシュ,牝,5,56.0,横山武,98.6,ハナ,7,14.3,37.1,7-8,美浦 金成,502,14,
202505020207,2025-04-27,東京,7,4歳以上1勝クラス,ダ,1600,左,晴,稍,"2回 東京 2日目 サラ系４歳以上 １勝クラス       (混)[指] 定量 14頭 本賞金:800,320,200,120,80万円",14,800.0,9,4,6,インテルメディオ,牡,4,58.0,ディー,98.9,2,3,4.5,37.1,7-9,美浦 栗田,524,-6,
202505020207,2025-04-27,東京,7,4歳以上1勝クラス,ダ,1600,左,晴,稍,"2回 東京 2日目 サラ系４歳以上 １勝クラス       (混)[指] 定量 14頭 本賞金:800,320,200,120,80万円",14,800.0,10,3,3,ニシノアウェイク,牡,4,54.0,★谷原,99.0,クビ,10,48.1,37.1,11-11,美浦 伊藤圭,474,0,
202505020207,2025-04-27,東京,7,4歳以上1勝クラス,ダ,1600,左,晴,稍,"2回 東京 2日目 サラ系４歳以上 １勝クラス       (混)[指] 定量 14頭 本賞金:800,320,200,120,80万円",14,800.0,11,5,8,ブライテストドーン,セ,5,56.0,△長浜,99.0,クビ,9,39.5,37.0,9-12,美浦 田島,512,-2,
202505020207,2025-04-27,東京,7,4歳以上1勝クラス,ダ,1600,左,晴,稍,"2回 東京 2日目 サラ系４歳以上 １勝クラス       (混)[指] 定量 14頭 本賞金:800,320,200,120,80万円",14,800.0,12,6,10,ペプチドヒナタ,牡,4,58.0,小崎,99.1,クビ,8,32.1,37.3,11-9,栗東 武英,482,-6,
202505020207,2025-04-27,東京,7,4歳以上1勝クラス,ダ,1600,左,晴,稍,"2回 東京 2日目 サラ系４歳以上 １勝クラス       (混)[指] 定量 14頭 本賞金:800,320,200,120,80万円",14,800.0,13,7,11,メンドロントット,牡,4,58.0,木幡巧,99.3,1.1/2,14,428.9,37.9,5-6,美浦 杉浦,556,-4,
202505020207,2025-04-27,東京,7,4歳以上1勝クラス,ダ,1600,左,晴,稍,"2回 東京 2日目 サラ系４歳以上 １勝クラス       (混)[指] 定量 14頭 本賞金:800,320,200,120,80万円",14,800.0,14,1,1,スラーヴァ,牡,4,57.0,☆西塚,99.7,2.1/2,13,363.4,37.2,14-14,美浦 高橋文,488,4,
202505020208,2025-04-27,東京,8,4歳以上2勝クラス,芝,1400,左,晴,良,"2回 東京 2日目 サラ系４歳以上 ２勝クラス       牝[指] 定量 14頭 本賞金:1140,460,290,170,114万円",14,1140.0,1,6,10,シンバーシア,牝,4,56.0,戸崎圭,80.4,,1,2.8,33.4,2-3,美浦 萩原,456,-2,
202505020208,2025-04-27,東京,8,4歳以上2勝クラス,芝,1400,左,晴,良,"2回 東京 2日目 サラ系４歳以上 ２勝クラス       牝[指] 定量 14頭 本賞金:1140,460,290,170,114万円",14,1140.0,2,2,2,アニトラ,牝,5,54.0,△長浜,80.5,1,5,9.5,33.6,1-1,美浦 矢嶋,456,-4,
202505020208,2025-04-27,東京,8,4歳以上2勝クラス,芝,1400,左,晴,良,"2回 東京 2日目 サラ系４歳以上 ２勝クラス       牝[指] 定量 14頭 本賞金:1140,460,290,170,114万円",14,1140.0,3,6,9,ヨウシタンレイ,牝,5,56.0,松山,80.6,クビ,3,5.4,32.7,13-13,栗東 藤野,448,-14,
202505020208,2025-04-27,東京,8,4歳以上2勝クラス,芝,1400,左,晴,良,"2回 東京 2日目 サラ系４歳以上 ２勝クラス       牝[指] 定量 14頭 本賞金:1140,460,290,170,114万円",14,1140.0,4,4,6,ウインアイオライト,牝,5,56.0,シュタ,80.6,ハナ,4,9.1,33.4,4-6,美浦 矢嶋,482,12,
202505020208,2025-04-27,東京,8,4歳以上2勝クラス,芝,1400,左,晴,良,"2回 東京 2日目 サラ系４歳以上 ２勝クラス       牝[指] 定量 14頭 本賞金:1140,460,290,170,114万円",14,1140.0,5,3,3,マンウォル,牝,4,56.0,吉田豊,80.6,クビ,7,15.3,33.2,8-8,美浦 菊沢,432,-4,
202505020208,2025-04-27,東京,8,4歳以上2勝クラス,芝,1400,左,晴,良,"2回 東京 2日目 サラ系４歳以上 ２勝クラス       牝[指] 定量 14頭 本賞金:1140,460,290,170,114万円",14,1140.0,6,7,11,ラッジオ,牝,5,56.0,佐々木,80.7,クビ,12,110.7,33.3,8-8,美浦 大竹,482,-2,
202505020208,2025-04-27,東京,8,4歳以上2勝クラス,芝,1400,左,晴,良,"2回 東京 2日目 サラ系４歳以上 ２勝クラス       牝[指] 定量 14頭 本賞金:1140,460,290,170,114万円",14,1140.0,7,5,8,ゴキゲンサン,牝,5,56.0,杉原,80.7,クビ,14,210.9,33.8,2-2,美浦 伊藤大,500,0,
202505020208,2025-04-27,東京,8,4歳以上2勝クラス,芝,1400,左,晴,良,"2回 東京 2日目 サラ系４歳以上 ２勝クラス       牝[指] 定量 14頭 本賞金:1140,460,290,170,114万円",14,1140.0,8,8,13,マルプリ,牝,5,56.0,原,80.7,アタマ,11,55.6,33.1,11-11,美浦 青木,478,8,
202505020208,2025-04-27,東京,8,4歳以上2勝クラス,芝,1400,左,晴,良,"2回 東京 2日目 サラ系４歳以上 ２勝クラス       牝[指] 定量 14頭 本賞金:1140,460,290,170,114万円",14,1140.0,9,4,5,オルフェスト,牝,5,56.0,ディー,80.8,1/2,8,40.7,33.6,4-6,美浦 池上,448,0,
202505020208,2025-04-27,東京,8,4歳以上2勝クラス,芝,1400,左,晴,良,"2回 東京 2日目 サラ系４歳以上 ２勝クラス       牝[指] 定量 14頭 本賞金:1140,460,290,170,114万円",14,1140.0,10,5,7,サクラオーラ,牝,6,56.0,酒井,81.0,1,6,11.8,33.4,11-11,栗東 河嶋,432,-8,
202505020208,2025-04-27,東京,8,4歳以上2勝クラス,芝,1400,左,晴,良,"2回 東京 2日目 サラ系４歳以上 ２勝クラス       牝[指] 定量 14頭 本賞金:1140,460,290,170,114万円",14,1140.0,11,7,12,コスモディナー,牝,4,56.0,石川,81.0,クビ,10,44.1,33.1,13-13,美浦 伊藤伸,478,16,
202505020208,2025-04-27,東京,8,4歳以上2勝クラス,芝,1400,左,晴,良,"2回 東京 2日目 サラ系４歳以上 ２勝クラス       牝[指] 定量 14頭 本賞金:1140,460,290,170,114万円",14,1140.0,12,3,4,ロゼクラン,牝,7,56.0,津村,81.0,アタマ,13,114.7,33.6,8-8,栗東 秋山,450,2,
202505020208,2025-04-27,東京,8,4歳以上2勝クラス,芝,1400,左,晴,良,"2回 東京 2日目 サラ系４歳以上 ２勝クラス       牝[指] 定量 14頭 本賞金:1140,460,290,170,114万円",14,1140.0,13,8,14,メイショウピース,牝,5,56.0,菅原明,81.0,アタマ,2,4.1,33.9,4-4,栗東 高橋亮,474,0,
202505020208,2025-04-27,東京,8,4歳以上2勝クラス,芝,1400,左,晴,良,"2回 東京 2日目 サラ系４歳以上 ２勝クラス       牝[指] 定量 14頭 本賞金:1140,460,290,170,114万円",14,1140.0,14,1,1,ウェイトゥゴー,牝,4,56.0,横山典,81.2,1,9,41.3,34.1,4-4,栗東 昆,470,10,
202505020209,2025-04-27,東京,9,湘南S,芝,1400,左,晴,良,"2回 東京 2日目 サラ系４歳以上 ３勝クラス       (混)[指] ハンデ 15頭 本賞金:1840,740,460,280,184万円",15,1840.0,1,2,3,ハクサンバード,牡,5,54.0,小崎,79.8,,7,33.5,33.6,6-6,栗東 高橋一,484,-8,
202505020209,2025-04-27,東京,9,湘南S,芝,1400,左,晴,良,"2回 東京 2日目 サラ系４歳以上 ３勝クラス       (混)[指] ハンデ 15頭 本賞金:1840,740,460,280,184万円",15,1840.0,2,6,10,レッドシュヴェルト,牡,5,55.0,ルメー,79.8,ハナ,3,4.7,33.1,13-13,美浦 尾関,472,2,
202505020209,2025-04-27,東京,9,湘南S,芝,1400,左,晴,良,"2回 東京 2日目 サラ系４歳以上 ３勝クラス       (混)[指] ハンデ 15頭 本賞金:1840,740,460,280,184万円",15,1840.0,3,4,6,コスモアディラート,牡,7,54.0,石川,80.0,1,10,41.7,34.1,4-4,美浦 和田郎,508,-2,
202505020209,2025-04-27,東京,9,湘南S,芝,1400,左,晴,良,"2回 東京 2日目 サラ系４歳以上 ３勝クラス       (混)[指] ハンデ 15頭 本賞金:1840,740,460,280,184万円",15,1840.0,4,5,8,イサチルシーサイド,牡,4,57.0,木幡初,80.0,クビ,4,8.5,34.2,3-3,美浦 竹内,476,-4,
202505020209,2025-04-27,東京,9,湘南S,芝,1400,左,晴,良,"2回 東京 2日目 サラ系４歳以上 ３勝クラス       (混)[指] ハンデ 15頭 本賞金:1840,740,460,280,184万円",15,1840.0,5,6,11,ヴェサリウス,牡,4,56.0,三浦,80.0,アタマ,5,8.7,33.8,6-6,美浦 菊沢,478,-2,
202505020209,2025-04-27,東京,9,湘南S,芝,1400,左,晴,良,"2回 東京 2日目 サラ系４歳以上 ３勝クラス       (混)[指] ハンデ 15頭 本賞金:1840,740,460,280,184万円",15,1840.0,6,4,7,ジュノー,セ,7,55.0,江田照,80.0,アタマ,8,36.7,33.6,9-9,美浦 田中勝,536,6,
202505020209,2025-04-27,東京,9,湘南S,芝,1400,左,晴,良,"2回 東京 2日目 サラ系４歳以上 ３勝クラス       (混)[指] ハンデ 15頭 本賞金:1840,740,460,280,184万円",15,1840.0,7,1,1,サトミノキラリ,牡,4,56.0,津村,80.1,クビ,1,2.9,33.2,14-14,美浦 鈴木伸,458,-2,
202505020209,2025-04-27,東京,9,湘南S,芝,1400,左,晴,良,"2回 東京 2日目 サラ系４歳以上 ３勝クラス       (混)[指] ハンデ 15頭 本賞金:1840,740,460,280,184万円",15,1840.0,8,3,4,メイショウフンケイ,牡,7,54.0,酒井,80.2,1/2,6,13.6,33.9,6-8,栗東 高橋亮,540,0,
202505020209,2025-04-27,東京,9,湘南S,芝,1400,左,晴,良,"2回 東京 2日目 サラ系４歳以上 ３勝クラス       (混)[指] ハンデ 15頭 本賞金:1840,740,460,280,184万円",15,1840.0,9,5,9,ショウナンラスボス,牡,7,55.0,吉田豊,80.2,クビ,14,94.7,34.9,1-1,美浦 奥村武,478,0,
202505020209,2025-04-27,東京,9,湘南S,芝,1400,左,晴,良,"2回 東京 2日目 サラ系４歳以上 ３勝クラス       (混)[指] ハンデ 15頭 本賞金:1840,740,460,280,184万円",15,1840.0,10,2,2,ドーバーホーク,牡,5,56.0,北村宏,80.2,クビ,12,64.3,33.6,11-11,美浦 清水英,484,2,
202505020209,2025-04-27,東京,9,湘南S,芝,1400,左,晴,良,"2回 東京 2日目 サラ系４歳以上 ３勝クラス       (混)[指] ハンデ 15頭 本賞金:1840,740,460,280,184万円",15,1840.0,10,8,15,オメガウインク,牝,4,56.0,戸崎圭,80.2,クビ,2,4.3,33.6,11-11,美浦 大和田,474,4,
202505020209,2025-04-27,東京,9,湘南S,芝,1400,左,晴,良,"2回 東京 2日目 サラ系４歳以上 ３勝クラス       (混)[指] ハンデ 15頭 本賞金:1840,740,460,280,184万円",15,1840.0,12,3,5,ハピネスアゲン,牝,6,53.0,佐々木,80.3,アタマ,11,44.4,33.9,9-9,美浦 萱野,464,2,
202505020209,2025-04-27,東京,9,湘南S,芝,1400,左,晴,良,"2回 東京 2日目 サラ系４歳以上 ３勝クラス       (混)[指] ハンデ 15頭 本賞金:1840,740,460,280,184万円",15,1840.0,13,7,13,オーサムストローク,牡,4,55.0,田辺,80.3,クビ,9,37.7,34.9,2-2,美浦 伊藤圭,452,0,
202505020209,2025-04-27,東京,9,湘南S,芝,1400,左,晴,良,"2回 東京 2日目 サラ系４歳以上 ３勝クラス       (混)[指] ハンデ 15頭 本賞金:1840,740,460,280,184万円",15,1840.0,14,7,12,コスモエスパーダ,牡,9,55.0,シュタ,80.8,3,13,72.7,34.8,4-5,美浦 天間,510,-2,
202505020209,2025-04-27,東京,9,湘南S,芝,1400,左,晴,良,"2回 東京 2日目 サラ系４歳以上 ３勝クラス       (混)[指] ハンデ 15頭 本賞金:1840,740,460,280,184万円",15,1840.0,15,8,14,セイカフォルゴーレ,牡,6,54.0,石橋脩,81.4,3.1/2,15,211.0,34.2,15-15,美浦 相沢,520,2,
202505020210,2025-04-27,東京,10,オアシスS,ダ,1600,左,晴,稍,"2回 東京 2日目 サラ系４歳以上 オープン       (国際)(特指) ハンデ 12頭 本賞金:2400,960,600,360,240万円",12,2400.0,1,5,6,バトルクライ,牡,6,58.0,戸崎圭,95.5,,4,6.8,35.6,7-7,美浦 高木,504,0,
202505020210,2025-04-27,東京,10,オアシスS,ダ,1600,左,晴,稍,"2回 東京 2日目 サラ系４歳以上 オープン       (国際)(特指) ハンデ 12頭 本賞金:2400,960,600,360,240万円",12,2400.0,2,1,1,バトゥーキ,牡,5,56.0,水口,95.5,アタマ,8,17.0,35.3,10-10,栗東 浜田,498,0,
202505020210,2025-04-27,東京,10,オアシスS,ダ,1600,左,晴,稍,"2回 東京 2日目 サラ系４歳以上 オープン       (国際)(特指) ハンデ 12頭 本賞金:2400,960,600,360,240万円",12,2400.0,3,6,7,ハビレ,牡,4,57.0,三浦,95.5,アタマ,1,3.8,35.4,10-10,美浦 武井,508,2,
202505020210,2025-04-27,東京,10,オアシスS,ダ,1600,左,晴,稍,"2回 東京 2日目 サラ系４歳以上 オープン       (国際)(特指) ハンデ 12頭 本賞金:2400,960,600,360,240万円",12,2400.0,4,5,5,ペリエール,牡,5,58.0,佐々木,95.7,1.1/4,3,6.0,36.2,4-4,美浦 黒岩,490,6,
202505020210,2025-04-27,東京,10,オアシスS,ダ,1600,左,晴,稍,"2回 東京 2日目 サラ系４歳以上 オープン       (国際)(特指) ハンデ 12頭 本賞金:2400,960,600,360,240万円",12,2400.0,5,8,11,モズミギカタアガリ,牝,4,53.0,酒井,95.9,1.1/4,7,12.7,36.6,2-2,栗東 藤岡,464,-2,
202505020210,2025-04-27,東京,10,オアシスS,ダ,1600,左,晴,稍,"2回 東京 2日目 サラ系４歳以上 オープン       (国際)(特指) ハンデ 12頭 本賞金:2400,960,600,360,240万円",12,2400.0,6,2,2,サルヴァトーレ,牡,5,55.0,松山,96.1,1.1/2,5,7.6,36.3,7-7,美浦 和田郎,490,10,
202505020210,2025-04-27,東京,10,オアシスS,ダ,1600,左,晴,稍,"2回 東京 2日目 サラ系４歳以上 オープン       (国際)(特指) ハンデ 12頭 本賞金:2400,960,600,360,240万円",12,2400.0,7,3,3,ユティタム,牡,5,57.5,ディー,96.3,1,9,24.2,37.1,1-1,栗東 須貝,518,2,
202505020210,2025-04-27,東京,10,オアシスS,ダ,1600,左,晴,稍,"2回 東京 2日目 サラ系４歳以上 オープン       (国際)(特指) ハンデ 12頭 本賞金:2400,960,600,360,240万円",12,2400.0,8,4,4,ハチメンロッピ,牡,5,55.0,原,96.4,クビ,11,67.2,36.5,7-7,美浦 矢野,520,0,
202505020210,2025-04-27,東京,10,オアシスS,ダ,1600,左,晴,稍,"2回 東京 2日目 サラ系４歳以上 オープン       (国際)(特指) ハンデ 12頭 本賞金:2400,960,600,360,240万円",12,2400.0,9,7,10,ドゥラレジリエント,牡,5,56.0,シュタ,96.5,3/4,2,5.1,36.9,6-6,栗東 牧田,524,8,
202505020210,2025-04-27,東京,10,オアシスS,ダ,1600,左,晴,稍,"2回 東京 2日目 サラ系４歳以上 オープン       (国際)(特指) ハンデ 12頭 本賞金:2400,960,600,360,240万円",12,2400.0,10,6,8,タマモロック,牡,5,56.5,田辺,96.9,2.1/2,6,7.7,36.5,12-12,美浦 伊藤圭,502,2,
202505020210,2025-04-27,東京,10,オアシスS,ダ,1600,左,晴,稍,"2回 東京 2日目 サラ系４歳以上 オープン       (国際)(特指) ハンデ 12頭 本賞金:2400,960,600,360,240万円",12,2400.0,11,7,9,ベルダーイメル,牡,8,57.5,吉田豊,97.1,3/4,12,100.9,37.6,4-4,栗東 本田,464,-2,
202505020210,2025-04-27,東京,10,オアシスS,ダ,1600,左,晴,稍,"2回 東京 2日目 サラ系４歳以上 オープン       (国際)(特指) ハンデ 12頭 本賞金:2400,960,600,360,240万円",12,2400.0,12,8,12,サンライズジーク,牡,5,56.0,津村,97.2,1/2,10,48.5,37.9,2-2,栗東 矢作,510,-6,
202505020211,2025-04-27,東京,11,フローラS,芝,2000,左,晴,良,"2回 東京 2日目 サラ系３歳 オープン       (国際) 牝(指) 馬齢 18頭 本賞金:5200,2100,1300,780,520万円",18,5200.0,1,5,10,カムニャック,牝,3,55.0,シュタ,118.6,,7,14.7,33.4,8-9-9,栗東 友道,470,-12,
202505020211,2025-04-27,東京,11,フローラS,芝,2000,左,晴,良,"2回 東京 2日目 サラ系３歳 オープン       (国際) 牝(指) 馬齢 18頭 本賞金:5200,2100,1300,780,520万円",18,5200.0,2,6,12,ヴァルキリーバース,牝,3,55.0,ルメー,118.8,1.1/4,1,3.1,33.6,10-9-9,美浦 田中博,444,4,
202505020211,2025-04-27,東京,11,フローラS,芝,2000,左,晴,良,"2回 東京 2日目 サラ系３歳 オープン       (国際) 牝(指) 馬齢 18頭 本賞金:5200,2100,1300,780,520万円",18,5200.0,3,3,5,タイセイプランセス,牝,3,55.0,石橋脩,118.8,ハナ,18,304.0,33.0,16-16-16,美浦 池上,406,0,
202505020211,2025-04-27,東京,11,フローラS,芝,2000,左,晴,良,"2回 東京 2日目 サラ系３歳 オープン       (国際) 牝(指) 馬齢 18頭 本賞金:5200,2100,1300,780,520万円",18,5200.0,4,8,18,エストゥペンダ,牝,3,55.0,三浦,118.9,3/4,4,7.8,34.5,10-1-1,美浦 高柳瑞,442,0,
202505020211,2025-04-27,東京,11,フローラS,芝,2000,左,晴,良,"2回 東京 2日目 サラ系３歳 オープン       (国際) 牝(指) 馬齢 18頭 本賞金:5200,2100,1300,780,520万円",18,5200.0,5,1,1,タガノアビー,牝,3,55.0,藤岡佑,119.0,3/4,12,80.9,33.3,16-16-16,栗東 千田,496,4,
202505020211,2025-04-27,東京,11,フローラS,芝,2000,左,晴,良,"2回 東京 2日目 サラ系３歳 オープン       (国際) 牝(指) 馬齢 18頭 本賞金:5200,2100,1300,780,520万円",18,5200.0,6,1,2,ロートホルン,牝,3,55.0,横山武,119.1,1/2,6,12.8,34.6,1-2-2,美浦 加藤征,460,-2,
202505020211,2025-04-27,東京,11,フローラS,芝,2000,左,晴,良,"2回 東京 2日目 サラ系３歳 オープン       (国際) 牝(指) 馬齢 18頭 本賞金:5200,2100,1300,780,520万円",18,5200.0,7,7,13,ルクスジニア,牝,3,55.0,池添,119.2,クビ,9,16.2,34.1,7-7-7,栗東 平田,432,-2,
202505020211,2025-04-27,東京,11,フローラS,芝,2000,左,晴,良,"2回 東京 2日目 サラ系３歳 オープン       (国際) 牝(指) 馬齢 18頭 本賞金:5200,2100,1300,780,520万円",18,5200.0,8,4,8,マーゴットレジーナ,牝,3,55.0,北村宏,119.2,ハナ,15,128.6,33.8,10-12-11,栗東 小林,430,-2,
202505020211,2025-04-27,東京,11,フローラS,芝,2000,左,晴,良,"2回 東京 2日目 サラ系３歳 オープン       (国際) 牝(指) 馬齢 18頭 本賞金:5200,2100,1300,780,520万円",18,5200.0,9,7,15,ロンドボス,牝,3,55.0,西塚,119.2,ハナ,17,251.2,33.4,16-18-16,栗東 藤原,446,0,
202505020211,2025-04-27,東京,11,フローラS,芝,2000,左,晴,良,"2回 東京 2日目 サラ系３歳 オープン       (国際) 牝(指) 馬齢 18頭 本賞金:5200,2100,1300,780,520万円",18,5200.0,10,8,17,ハギノピアチェーレ,牝,3,55.0,藤懸,119.2,アタマ,13,86.0,34.5,2-3-3,栗東 高野,466,4,
202505020211,2025-04-27,東京,11,フローラS,芝,2000,左,晴,良,"2回 東京 2日目 サラ系３歳 オープン       (国際) 牝(指) 馬齢 18頭 本賞金:5200,2100,1300,780,520万円",18,5200.0,11,2,3,ドーギッド,牝,3,55.0,吉田豊,119.3,1/2,16,131.7,34.2,4-7-7,栗東 矢作,456,-6,
202505020211,2025-04-27,東京,11,フローラS,芝,2000,左,晴,良,"2回 東京 2日目 サラ系３歳 オープン       (国際) 牝(指) 馬齢 18頭 本賞金:5200,2100,1300,780,520万円",18,5200.0,12,6,11,ホウオウタイタン,牝,3,55.0,佐々木,119.3,クビ,14,103.3,33.8,13-12-13,栗東 須貝,504,0,
202505020211,2025-04-27,東京,11,フローラS,芝,2000,左,晴,良,"2回 東京 2日目 サラ系３歳 オープン       (国際) 牝(指) 馬齢 18頭 本賞金:5200,2100,1300,780,520万円",18,5200.0,13,4,7,ブラックルビー,牝,3,55.0,戸崎圭,119.5,1.1/4,2,5.7,34.6,4-5-5,美浦 田中博,424,4,
202505020211,2025-04-27,東京,11,フローラS,芝,2000,左,晴,良,"2回 東京 2日目 サラ系３歳 オープン       (国際) 牝(指) 馬齢 18頭 本賞金:5200,2100,1300,780,520万円",18,5200.0,14,2,4,エンジェルブリーズ,牝,3,55.0,横山典,119.6,クビ,5,11.9,34.9,3-3-3,美浦 中舘,454,0,
202505020211,2025-04-27,東京,11,フローラS,芝,2000,左,晴,良,"2回 東京 2日目 サラ系３歳 オープン       (国際) 牝(指) 馬齢 18頭 本賞金:5200,2100,1300,780,520万円",18,5200.0,15,3,6,ティラトーレ,牝,3,55.0,木幡巧,119.7,1,8,15.8,34.8,4-5-5,美浦 牧,486,0,
202505020211,2025-04-27,東京,11,フローラS,芝,2000,左,晴,良,"2回 東京 2日目 サラ系３歳 オープン       (国際) 牝(指) 馬齢 18頭 本賞金:5200,2100,1300,780,520万円",18,5200.0,16,5,9,ゴーソーファー,牝,3,55.0,津村,119.7,アタマ,3,6.5,34.2,13-12-13,美浦 手塚久,458,-4,
202505020211,2025-04-27,東京,11,フローラS,芝,2000,左,晴,良,"2回 東京 2日目 サラ系３歳 オープン       (国際) 牝(指) 馬齢 18頭 本賞金:5200,2100,1300,780,520万円",18,5200.0,17,8,16,ロジャリーマイン,牝,3,55.0,菅原明,119.9,1.1/4,10,21.0,34.4,15-12-13,美浦 久保田,432,10,
202505020211,2025-04-27,東京,11,フローラS,芝,2000,左,晴,良,"2回 東京 2日目 サラ系３歳 オープン       (国際) 牝(指) 馬齢 18頭 本賞金:5200,2100,1300,780,520万円",18,5200.0,18,7,14,マイスターヴェルク,牝,3,55.0,杉原,120.0,クビ,11,64.4,34.7,8-9-11,美浦 勢司,508,10,
202505020212,2025-04-27,東京,12,4歳以上2勝クラス,ダ,1400,左,晴,稍,"2回 東京 2日目 サラ系４歳以上 ２勝クラス       (混)[指] 定量 16頭 本賞金:1140,460,290,170,114万円",16,1140.0,1,5,9,ルージュスタニング,牝,4,56.0,石川,84.6,,2,4.6,35.6,2-2,栗東 友道,506,-4,
202505020212,2025-04-27,東京,12,4歳以上2勝クラス,ダ,1400,左,晴,稍,"2回 東京 2日目 サラ系４歳以上 ２勝クラス       (混)[指] 定量 16頭 本賞金:1140,460,290,170,114万円",16,1140.0,2,3,6,ホウオウプレミア,牡,6,58.0,横山和,85.0,2,10,36.9,34.7,15-15,美浦 奥村武,484,-2,
202505020212,2025-04-27,東京,12,4歳以上2勝クラス,ダ,1400,左,晴,稍,"2回 東京 2日目 サラ系４歳以上 ２勝クラス       (混)[指] 定量 16頭 本賞金:1140,460,290,170,114万円",16,1140.0,3,5,10,トーセンサウダージ,牡,5,58.0,大野,85.0,アタマ,4,5.6,35.2,13-11,美浦 杉浦,532,0,
202505020212,2025-04-27,東京,12,4歳以上2勝クラス,ダ,1400,左,晴,稍,"2回 東京 2日目 サラ系４歳以上 ２勝クラス       (混)[指] 定量 16頭 本賞金:1140,460,290,170,114万円",16,1140.0,4,8,16,アイファーバトル,牡,4,56.0,△長浜,85.0,クビ,6,13.4,35.3,11-11,美浦 根本,462,8,
202505020212,2025-04-27,東京,12,4歳以上2勝クラス,ダ,1400,左,晴,稍,"2回 東京 2日目 サラ系４歳以上 ２勝クラス       (混)[指] 定量 16頭 本賞金:1140,460,290,170,114万円",16,1140.0,5,2,3,ハリウッドブルース,牡,4,58.0,水口,85.0,クビ,7,15.3,35.1,12-13,栗東 浜田,466,0,
202505020212,2025-04-27,東京,12,4歳以上2勝クラス,ダ,1400,左,晴,稍,"2回 東京 2日目 サラ系４歳以上 ２勝クラス       (混)[指] 定量 16頭 本賞金:1140,460,290,170,114万円",16,1140.0,6,1,1,ウィンダミア,牡,6,58.0,津村,85.1,1/2,9,29.4,36.0,4-3,美浦 林,462,0,
202505020212,2025-04-27,東京,12,4歳以上2勝クラス,ダ,1400,左,晴,稍,"2回 東京 2日目 サラ系４歳以上 ２勝クラス       (混)[指] 定量 16頭 本賞金:1140,460,290,170,114万円",16,1140.0,7,6,11,ローリーグローリー,牝,4,56.0,藤岡佑,85.2,1/2,11,47.6,36.1,2-3,美浦 蛯名正,468,-1,
202505020212,2025-04-27,東京,12,4歳以上2勝クラス,ダ,1400,左,晴,稍,"2回 東京 2日目 サラ系４歳以上 ２勝クラス       (混)[指] 定量 16頭 本賞金:1140,460,290,170,114万円",16,1140.0,8,3,5,オルゴーリオ,牡,4,58.0,菅原明,85.3,クビ,5,12.9,34.8,16-16,美浦 菊沢,514,8,
202505020212,2025-04-27,東京,12,4歳以上2勝クラス,ダ,1400,左,晴,稍,"2回 東京 2日目 サラ系４歳以上 ２勝クラス       (混)[指] 定量 16頭 本賞金:1140,460,290,170,114万円",16,1140.0,9,1,2,ヨゾラノムコウニ,牡,4,58.0,吉田豊,85.3,アタマ,14,118.2,35.9,7-6,美浦 小笠,492,2,
202505020212,2025-04-27,東京,12,4歳以上2勝クラス,ダ,1400,左,晴,稍,"2回 東京 2日目 サラ系４歳以上 ２勝クラス       (混)[指] 定量 16頭 本賞金:1140,460,290,170,114万円",16,1140.0,10,4,7,アンジュフィールド,牝,5,56.0,松山,85.3,クビ,1,4.0,36.4,1-1,栗東 矢作,454,-4,
202505020212,2025-04-27,東京,12,4歳以上2勝クラス,ダ,1400,左,晴,稍,"2回 東京 2日目 サラ系４歳以上 ２勝クラス       (混)[指] 定量 16頭 本賞金:1140,460,290,170,114万円",16,1140.0,11,7,14,ニシノスピカ,牝,6,56.0,横山武,85.4,1/2,8,18.3,36.0,7-6,美浦 鈴木伸,486,2,
202505020212,2025-04-27,東京,12,4歳以上2勝クラス,ダ,1400,左,晴,稍,"2回 東京 2日目 サラ系４歳以上 ２勝クラス       (混)[指] 定量 16頭 本賞金:1140,460,290,170,114万円",16,1140.0,12,7,13,トウカイファクター,セ,6,58.0,杉原,86.1,4,15,284.9,36.6,9-9,美浦 菊川,472,6,
202505020212,2025-04-27,東京,12,4歳以上2勝クラス,ダ,1400,左,晴,稍,"2回 東京 2日目 サラ系４歳以上 ２勝クラス       (混)[指] 定量 16頭 本賞金:1140,460,290,170,114万円",16,1140.0,13,2,4,ミスヨコハマ,牝,5,56.0,三浦,86.1,クビ,13,58.5,36.9,4-3,美浦 斎藤誠,482,-6,
202505020212,2025-04-27,東京,12,4歳以上2勝クラス,ダ,1400,左,晴,稍,"2回 東京 2日目 サラ系４歳以上 ２勝クラス       (混)[指] 定量 16頭 本賞金:1140,460,290,170,114万円",16,1140.0,14,6,12,アンドアイラヴハー,牝,4,56.0,戸崎圭,86.3,1.1/4,3,4.7,37.0,4-6,美浦 田村,482,2,
202505020212,2025-04-27,東京,12,4歳以上2勝クラス,ダ,1400,左,晴,稍,"2回 東京 2日目 サラ系４歳以上 ２勝クラス       (混)[指] 定量 16頭 本賞金:1140,460,290,170,114万円",16,1140.0,15,4,8,マーシヴィガラス,牡,5,58.0,木幡巧,86.4,1/2,16,365.6,36.8,9-10,美浦 的場,516,2,
202505020212,2025-04-27,東京,12,4歳以上2勝クラス,ダ,1400,左,晴,稍,"2回 東京 2日目 サラ系４歳以上 ２勝クラス       (混)[指] 定量 16頭 本賞金:1140,460,290,170,114万円",16,1140.0,16,8,15,ホウオウフロイト,牡,4,58.0,ディー,87.3,5,12,49.7,37.2,14-14,美浦 加藤和,446,2,
202508020201,2025-04-27,京都,1,3歳未勝利,ダ,1200,右,晴,良,"2回 京都 2日目 サラ系３歳 未勝利       牝[指] 馬齢 16頭 本賞金:560,220,140,84,56万円",16,560.0,1,5,9,ペプチドクレマチス,牝,3,55.0,岩田望,73.0,,8,23.7,36.2,1-2,栗東 畑端,444,-2,
202508020201,2025-04-27,京都,1,3歳未勝利,ダ,1200,右,晴,良,"2回 京都 2日目 サラ系３歳 未勝利       牝[指] 馬齢 16頭 本賞金:560,220,140,84,56万円",16,560.0,2,1,2,メイショウセツゲツ,牝,3,55.0,田口,73.3,1.3/4,3,6.5,36.4,3-3,栗東 高橋忠,482,4,
202508020201,2025-04-27,京都,1,3歳未勝利,ダ,1200,右,晴,良,"2回 京都 2日目 サラ系３歳 未勝利       牝[指] 馬齢 16頭 本賞金:560,220,140,84,56万円",16,560.0,3,3,5,メイショウアキカゼ,牝,3,54.0,☆高杉,73.4,3/4,4,7.1,36.7,2-1,栗東 角田,460,-4,
202508020201,2025-04-27,京都,1,3歳未勝利,ダ,1200,右,晴,良,"2回 京都 2日目 サラ系３歳 未勝利       牝[指] 馬齢 16頭 本賞金:560,220,140,84,56万円",16,560.0,4,6,12,ヤマニンレセディ,牝,3,55.0,団野,73.6,1.1/4,5,7.5,36.6,3-3,栗東 長谷川,456,0,
202508020201,2025-04-27,京都,1,3歳未勝利,ダ,1200,右,晴,良,"2回 京都 2日目 サラ系３歳 未勝利       牝[指] 馬齢 16頭 本賞金:560,220,140,84,56万円",16,560.0,5,7,14,コパノマロン,牝,3,55.0,Ｍデム,74.0,2.1/2,1,3.2,36.7,7-8,栗東 加藤公,446,10,
202508020201,2025-04-27,京都,1,3歳未勝利,ダ,1200,右,晴,良,"2回 京都 2日目 サラ系３歳 未勝利       牝[指] 馬齢 16頭 本賞金:560,220,140,84,56万円",16,560.0,6,4,8,シェリルファミーユ,牝,3,55.0,坂井,74.1,1/2,9,24.0,36.6,10-10,栗東 橋口,442,0,
202508020201,2025-04-27,京都,1,3歳未勝利,ダ,1200,右,晴,良,"2回 京都 2日目 サラ系３歳 未勝利       牝[指] 馬齢 16頭 本賞金:560,220,140,84,56万円",16,560.0,7,5,10,ドラゴンガール,牝,3,55.0,和田竜,74.1,アタマ,10,28.7,37.0,6-6,栗東 鈴木孝,478,10,
202508020201,2025-04-27,京都,1,3歳未勝利,ダ,1200,右,晴,良,"2回 京都 2日目 サラ系３歳 未勝利       牝[指] 馬齢 16頭 本賞金:560,220,140,84,56万円",16,560.0,8,2,3,オレノナオミ,牝,3,54.0,☆吉村,74.4,1.1/2,11,49.2,37.0,10-10,栗東 佐藤悠,460,-6,
202508020201,2025-04-27,京都,1,3歳未勝利,ダ,1200,右,晴,良,"2回 京都 2日目 サラ系３歳 未勝利       牝[指] 馬齢 16頭 本賞金:560,220,140,84,56万円",16,560.0,9,6,11,マローソ,牝,3,55.0,鮫島駿,74.4,クビ,2,4.6,37.5,3-3,栗東 牧田,492,6,
202508020201,2025-04-27,京都,1,3歳未勝利,ダ,1200,右,晴,良,"2回 京都 2日目 サラ系３歳 未勝利       牝[指] 馬齢 16頭 本賞金:560,220,140,84,56万円",16,560.0,10,1,1,エルピーゾ,牝,3,52.0,▲森田,74.6,1,7,19.1,37.2,10-10,栗東 安達,490,2,
202508020201,2025-04-27,京都,1,3歳未勝利,ダ,1200,右,晴,良,"2回 京都 2日目 サラ系３歳 未勝利       牝[指] 馬齢 16頭 本賞金:560,220,140,84,56万円",16,560.0,11,8,15,アドマイヤアーデル,牝,3,55.0,菱田,74.6,ハナ,13,58.2,36.9,13-13,栗東 大久保,414,22,
202508020201,2025-04-27,京都,1,3歳未勝利,ダ,1200,右,晴,良,"2回 京都 2日目 サラ系３歳 未勝利       牝[指] 馬齢 16頭 本賞金:560,220,140,84,56万円",16,560.0,12,7,13,センビトウリョウ,牝,3,55.0,松若,74.6,クビ,6,15.7,37.4,7-6,栗東 今野,416,-8,
202508020201,2025-04-27,京都,1,3歳未勝利,ダ,1200,右,晴,良,"2回 京都 2日目 サラ系３歳 未勝利       牝[指] 馬齢 16頭 本賞金:560,220,140,84,56万円",16,560.0,13,2,4,ドクターサクラ,牝,3,55.0,鮫島良,75.1,3,14,223.6,37.9,7-8,栗東 河嶋,436,0,
202508020201,2025-04-27,京都,1,3歳未勝利,ダ,1200,右,晴,良,"2回 京都 2日目 サラ系３歳 未勝利       牝[指] 馬齢 16頭 本賞金:560,220,140,84,56万円",16,560.0,14,3,6,ゴールドディガー,牝,3,52.0,▲田山,75.3,1.1/4,12,52.0,37.4,14-15,栗東 四位,466,0,
202508020201,2025-04-27,京都,1,3歳未勝利,ダ,1200,右,晴,良,"2回 京都 2日目 サラ系３歳 未勝利       牝[指] 馬齢 16頭 本賞金:560,220,140,84,56万円",16,560.0,15,4,7,マルモジーニー,牝,3,55.0,長岡,76.1,5,15,369.7,38.4,14-14,栗東 中尾,440,18,
202508020201,2025-04-27,京都,1,3歳未勝利,ダ,1200,右,晴,良,"2回 京都 2日目 サラ系３歳 未勝利       牝[指] 馬齢 16頭 本賞金:560,220,140,84,56万円",16,560.0,,8,16,スマートイザナミ,牝,3,55.0,幸,,,,,,,栗東 谷,440,-4,除外
202508020202,2025-04-27,京都,2,3歳未勝利,ダ,1800,右,晴,良,"2回 京都 2日目 サラ系３歳 未勝利       [指] 馬齢 16頭 本賞金:560,220,140,84,56万円",16,560.0,1,6,11,シュネーグロッケン,牡,3,56.0,☆吉村,114.0,,1,2.9,37.8,3-3-2-2,栗東 清水久,480,0,
202508020202,2025-04-27,京都,2,3歳未勝利,ダ,1800,右,晴,良,"2回 京都 2日目 サラ系３歳 未勝利       [指] 馬齢 16頭 本賞金:560,220,140,84,56万円",16,560.0,2,2,4,ヴァリオーサ,牝,3,52.0,▲森田,115.1,7,8,68.6,39.1,2-1-2-2,栗東 武幸,472,-2,
202508020202,2025-04-27,京都,2,3歳未勝利,ダ,1800,右,晴,良,"2回 京都 2日目 サラ系３歳 未勝利       [指] 馬齢 16頭 本賞金:560,220,140,84,56万円",16,560.0,3,5,9,エイシンアニーモ,牡,3,57.0,松若,115.2,1/2,4,8.5,39.2,1-2-1-1,栗東 高橋康,490,6,
202508020202,2025-04-27,京都,2,3歳未勝利,ダ,1800,右,晴,良,"2回 京都 2日目 サラ系３歳 未勝利       [指] 馬齢 16頭 本賞金:560,220,140,84,56万円",16,560.0,4,2,3,リアルサファリ,牝,3,55.0,武豊,115.2,クビ,3,3.9,38.5,10-9-7-6,栗東 小崎,450,-12,
202508020202,2025-04-27,京都,2,3歳未勝利,ダ,1800,右,晴,良,"2回 京都 2日目 サラ系３歳 未勝利       [指] 馬齢 16頭 本賞金:560,220,140,84,56万円",16,560.0,5,4,7,ベルエアフォース,牡,3,57.0,幸,115.3,クビ,6,14.3,38.9,8-8-4-5,栗東 野中,516,0,
202508020202,2025-04-27,京都,2,3歳未勝利,ダ,1800,右,晴,良,"2回 京都 2日目 サラ系３歳 未勝利       [指] 馬齢 16頭 本賞金:560,220,140,84,56万円",16,560.0,6,3,5,ディスタービア,牝,3,54.0,☆高杉,115.5,1.1/4,9,110.5,39.2,4-3-4-4,栗東 庄野,466,-4,
202508020202,2025-04-27,京都,2,3歳未勝利,ダ,1800,右,晴,良,"2回 京都 2日目 サラ系３歳 未勝利       [指] 馬齢 16頭 本賞金:560,220,140,84,56万円",16,560.0,7,4,8,イイデテッシン,牡,3,57.0,岩田康,115.9,2.1/2,11,253.6,38.7,14-14-12-10,栗東 北出,514,0,
202508020202,2025-04-27,京都,2,3歳未勝利,ダ,1800,右,晴,良,"2回 京都 2日目 サラ系３歳 未勝利       [指] 馬齢 16頭 本賞金:560,220,140,84,56万円",16,560.0,8,7,14,オドラニャソンソン,牡,3,57.0,鮫島駿,116.3,2.1/2,5,8.6,39.4,10-12-10-8,栗東 東田,464,0,
202508020202,2025-04-27,京都,2,3歳未勝利,ダ,1800,右,晴,良,"2回 京都 2日目 サラ系３歳 未勝利       [指] 馬齢 16頭 本賞金:560,220,140,84,56万円",16,560.0,9,7,13,カガセブンスター,牡,3,57.0,田口,116.5,1.1/4,12,266.1,39.1,13-13-12-12,栗東 安達,454,0,
202508020202,2025-04-27,京都,2,3歳未勝利,ダ,1800,右,晴,良,"2回 京都 2日目 サラ系３歳 未勝利       [指] 馬齢 16頭 本賞金:560,220,140,84,56万円",16,560.0,10,1,2,クリノエドガー,牡,3,57.0,城戸,116.7,1.1/2,14,321.2,40.0,4-3-7-6,栗東 荒川,482,-6,
202508020202,2025-04-27,京都,2,3歳未勝利,ダ,1800,右,晴,良,"2回 京都 2日目 サラ系３歳 未勝利       [指] 馬齢 16頭 本賞金:560,220,140,84,56万円",16,560.0,11,5,10,パルジファル,牡,3,57.0,岩田望,117.3,3.1/2,7,58.3,40.2,10-9-11-12,栗東 吉村,464,0,
202508020202,2025-04-27,京都,2,3歳未勝利,ダ,1800,右,晴,良,"2回 京都 2日目 サラ系３歳 未勝利       [指] 馬齢 16頭 本賞金:560,220,140,84,56万円",16,560.0,12,3,6,マテンロウビジョン,牡,3,57.0,太宰,117.5,1.1/4,10,199.0,41.0,7-6-4-8,栗東 武英,510,0,
202508020202,2025-04-27,京都,2,3歳未勝利,ダ,1800,右,晴,良,"2回 京都 2日目 サラ系３歳 未勝利       [指] 馬齢 16頭 本賞金:560,220,140,84,56万円",16,560.0,13,1,1,ビモクシュウレイ,牡,3,57.0,中井,117.9,2.1/2,15,439.8,39.8,15-15-15-15,栗東 坂口,502,0,
202508020202,2025-04-27,京都,2,3歳未勝利,ダ,1800,右,晴,良,"2回 京都 2日目 サラ系３歳 未勝利       [指] 馬齢 16頭 本賞金:560,220,140,84,56万円",16,560.0,14,8,16,パーソナルレコード,牡,3,57.0,坂井,118.5,3.1/2,2,3.4,41.7,8-9-7-10,栗東 高柳大,522,0,
202508020202,2025-04-27,京都,2,3歳未勝利,ダ,1800,右,晴,良,"2回 京都 2日目 サラ系３歳 未勝利       [指] 馬齢 16頭 本賞金:560,220,140,84,56万円",16,560.0,15,8,15,チョウハチ,牡,3,54.0,▲和田陽,118.6,1/2,13,278.0,40.9,4-6-14-14,栗東 高橋一,454,-4,
202508020202,2025-04-27,京都,2,3歳未勝利,ダ,1800,右,晴,良,"2回 京都 2日目 サラ系３歳 未勝利       [指] 馬齢 16頭 本賞金:560,220,140,84,56万円",16,560.0,,6,12,ハッピーダンチャン,牡,3,57.0,和田竜,,,,,,,栗東 小椋,,,取消
202508020203,2025-04-27,京都,3,3歳未勝利,芝,1600,右,晴,良,"2回 京都 2日目 サラ系３歳 未勝利       (混)[指] 馬齢 18頭 本賞金:560,220,140,84,56万円",18,560.0,1,7,13,シャインベック,牡,3,57.0,岩田康,94.3,,2,5.6,35.1,8-5,栗東 北出,448,-6,
202508020203,2025-04-27,京都,3,3歳未勝利,芝,1600,右,晴,良,"2回 京都 2日目 サラ系３歳 未勝利       (混)[指] 馬齢 18頭 本賞金:560,220,140,84,56万円",18,560.0,2,2,3,リアルフォルゴーレ,牡,3,57.0,田口,94.3,クビ,3,9.4,34.5,14-12,栗東 大橋,472,-6,
202508020203,2025-04-27,京都,3,3歳未勝利,芝,1600,右,晴,良,"2回 京都 2日目 サラ系３歳 未勝利       (混)[指] 馬齢 18頭 本賞金:560,220,140,84,56万円",18,560.0,3,1,2,ビップディラン,牡,3,57.0,坂井,94.4,アタマ,1,1.5,36.0,1-1,栗東 小椋,454,0,
202508020203,2025-04-27,京都,3,3歳未勝利,芝,1600,右,晴,良,"2回 京都 2日目 サラ系３歳 未勝利       (混)[指] 馬齢 18頭 本賞金:560,220,140,84,56万円",18,560.0,4,5,9,ドバイミッション,牡,3,57.0,菱田,94.6,1.1/4,7,33.9,35.9,3-2,栗東 辻野,550,-2,
202508020203,2025-04-27,京都,3,3歳未勝利,芝,1600,右,晴,良,"2回 京都 2日目 サラ系３歳 未勝利       (混)[指] 馬齢 18頭 本賞金:560,220,140,84,56万円",18,560.0,5,7,14,セルリアンドロップ,牡,3,57.0,太宰,94.8,1.1/2,18,424.6,35.3,11-9,栗東 宮,464,4,
202508020203,2025-04-27,京都,3,3歳未勝利,芝,1600,右,晴,良,"2回 京都 2日目 サラ系３歳 未勝利       (混)[指] 馬齢 18頭 本賞金:560,220,140,84,56万円",18,560.0,6,1,1,ドゥラルーナ,牝,3,55.0,浜中,94.9,1/2,9,48.8,35.0,14-13,栗東 清水久,456,4,
202508020203,2025-04-27,京都,3,3歳未勝利,芝,1600,右,晴,良,"2回 京都 2日目 サラ系３歳 未勝利       (混)[指] 馬齢 18頭 本賞金:560,220,140,84,56万円",18,560.0,7,7,15,ウインロゼライト,牝,3,55.0,岩田望,95.0,3/4,6,25.3,34.9,16-15,栗東 寺島,418,-8,
202508020203,2025-04-27,京都,3,3歳未勝利,芝,1600,右,晴,良,"2回 京都 2日目 サラ系３歳 未勝利       (混)[指] 馬齢 18頭 本賞金:560,220,140,84,56万円",18,560.0,8,3,5,チャットケリー,牝,3,55.0,鮫島良,95.1,1/2,17,335.4,34.5,18-17,栗東 緒方,418,-2,
202508020203,2025-04-27,京都,3,3歳未勝利,芝,1600,右,晴,良,"2回 京都 2日目 サラ系３歳 未勝利       (混)[指] 馬齢 18頭 本賞金:560,220,140,84,56万円",18,560.0,9,8,16,バイアビリティ,牡,3,57.0,和田竜,95.2,クビ,10,90.1,35.8,10-9,栗東 加藤公,496,0,
202508020203,2025-04-27,京都,3,3歳未勝利,芝,1600,右,晴,良,"2回 京都 2日目 サラ系３歳 未勝利       (混)[指] 馬齢 18頭 本賞金:560,220,140,84,56万円",18,560.0,10,4,8,ストームレーン,牡,3,57.0,長岡,95.3,3/4,14,175.8,36.5,4-3,栗東 緒方,424,8,
202508020203,2025-04-27,京都,3,3歳未勝利,芝,1600,右,晴,良,"2回 京都 2日目 サラ系３歳 未勝利       (混)[指] 馬齢 18頭 本賞金:560,220,140,84,56万円",18,560.0,11,4,7,モルビド,牝,3,54.0,☆吉村,95.7,2.1/2,8,35.2,36.0,12-13,栗東 中内田,408,6,
202508020203,2025-04-27,京都,3,3歳未勝利,芝,1600,右,晴,良,"2回 京都 2日目 サラ系３歳 未勝利       (混)[指] 馬齢 18頭 本賞金:560,220,140,84,56万円",18,560.0,12,2,4,シオーグ,牝,3,51.0,★河原田,95.7,クビ,13,134.0,36.6,7-8,栗東 中竹,498,8,
202508020203,2025-04-27,京都,3,3歳未勝利,芝,1600,右,晴,良,"2回 京都 2日目 サラ系３歳 未勝利       (混)[指] 馬齢 18頭 本賞金:560,220,140,84,56万円",18,560.0,13,3,6,トモジャシック,牡,3,56.0,☆高杉,95.9,3/4,12,115.0,36.9,5-5,栗東 大根田,474,5,
202508020203,2025-04-27,京都,3,3歳未勝利,芝,1600,右,晴,良,"2回 京都 2日目 サラ系３歳 未勝利       (混)[指] 馬齢 18頭 本賞金:560,220,140,84,56万円",18,560.0,14,8,18,モズプリヴェール,牡,3,57.0,幸,96.0,3/4,15,234.6,35.6,17-18,栗東 森田,500,4,
202508020203,2025-04-27,京都,3,3歳未勝利,芝,1600,右,晴,良,"2回 京都 2日目 サラ系３歳 未勝利       (混)[指] 馬齢 18頭 本賞金:560,220,140,84,56万円",18,560.0,15,5,10,クリオシダード,牡,3,57.0,鮫島駿,96.5,3,4,15.5,37.6,5-5,栗東 清水久,500,0,
202508020203,2025-04-27,京都,3,3歳未勝利,芝,1600,右,晴,良,"2回 京都 2日目 サラ系３歳 未勝利       (混)[指] 馬齢 18頭 本賞金:560,220,140,84,56万円",18,560.0,16,8,17,クリノエニシ,牡,3,57.0,高倉,96.5,クビ,16,235.4,36.7,12-15,栗東 武英,480,0,
202508020203,2025-04-27,京都,3,3歳未勝利,芝,1600,右,晴,良,"2回 京都 2日目 サラ系３歳 未勝利       (混)[指] 馬齢 18頭 本賞金:560,220,140,84,56万円",18,560.0,17,6,12,ベイストラトラ,牡,3,57.0,Ｍデム,96.7,1,5,15.9,37.5,8-9,栗東 井上,488,16,
202508020203,2025-04-27,京都,3,3歳未勝利,芝,1600,右,晴,良,"2回 京都 2日目 サラ系３歳 未勝利       (混)[指] 馬齢 18頭 本賞金:560,220,140,84,56万円",18,560.0,18,6,11,デリツィオーサ,牝,3,52.0,▲森田,98.0,8,11,98.4,39.5,2-3,栗東 坂口,468,2,
202508020204,2025-04-27,京都,4,4歳以上障害未勝利,障,2910,,晴,良,"2回 京都 2日目 障害４歳以上 未勝利       (混) 定量 12頭 本賞金:840,340,210,130,84万円",12,840.0,1,7,9,アルマーザアミール,牡,4,59.0,小牧加,201.3,,6,15.5,13.8,4-4-2-2,栗東 斉藤崇,486,0,
202508020204,2025-04-27,京都,4,4歳以上障害未勝利,障,2910,,晴,良,"2回 京都 2日目 障害４歳以上 未勝利       (混) 定量 12頭 本賞金:840,340,210,130,84万円",12,840.0,2,8,11,トゥラッタッタ,牡,4,59.0,上野,201.5,1.1/2,3,6.3,13.8,2-2-1-1,美浦 新開,462,-16,
202508020204,2025-04-27,京都,4,4歳以上障害未勝利,障,2910,,晴,良,"2回 京都 2日目 障害４歳以上 未勝利       (混) 定量 12頭 本賞金:840,340,210,130,84万円",12,840.0,3,6,8,ゲインサポート,セ,4,59.0,森一,201.9,2,1,2.1,13.9,2-2-4-3,栗東 斉藤崇,452,-18,
202508020204,2025-04-27,京都,4,4歳以上障害未勝利,障,2910,,晴,良,"2回 京都 2日目 障害４歳以上 未勝利       (混) 定量 12頭 本賞金:840,340,210,130,84万円",12,840.0,4,8,12,スズカハービン,牡,5,60.0,難波,202.4,3,8,31.6,13.9,9-9-8-7,栗東 高橋忠,470,2,
202508020204,2025-04-27,京都,4,4歳以上障害未勝利,障,2910,,晴,良,"2回 京都 2日目 障害４歳以上 未勝利       (混) 定量 12頭 本賞金:840,340,210,130,84万円",12,840.0,5,2,2,リードアクトレス,牝,4,57.0,小野寺,203.0,3.1/2,11,76.6,14.0,6-6-6-6,栗東 安達,488,0,
202508020204,2025-04-27,京都,4,4歳以上障害未勝利,障,2910,,晴,良,"2回 京都 2日目 障害４歳以上 未勝利       (混) 定量 12頭 本賞金:840,340,210,130,84万円",12,840.0,6,5,5,バンクサイド,牡,5,60.0,伴,203.0,クビ,10,53.8,14.0,8-8-7-7,美浦 竹内,516,-5,
202508020204,2025-04-27,京都,4,4歳以上障害未勝利,障,2910,,晴,良,"2回 京都 2日目 障害４歳以上 未勝利       (混) 定量 12頭 本賞金:840,340,210,130,84万円",12,840.0,7,7,10,ゴットリープ,牡,5,60.0,五十嵐,203.1,1/2,12,140.2,14.0,1-1-3-3,美浦 栗田,464,-6,
202508020204,2025-04-27,京都,4,4歳以上障害未勝利,障,2910,,晴,良,"2回 京都 2日目 障害４歳以上 未勝利       (混) 定量 12頭 本賞金:840,340,210,130,84万円",12,840.0,8,6,7,アニージョ,セ,6,60.0,草野,203.8,4,7,18.3,14.0,4-4-4-5,美浦 畠山,508,-16,
202508020204,2025-04-27,京都,4,4歳以上障害未勝利,障,2910,,晴,良,"2回 京都 2日目 障害４歳以上 未勝利       (混) 定量 12頭 本賞金:840,340,210,130,84万円",12,840.0,9,5,6,トップスティール,牡,6,60.0,石神深,205.5,10,5,14.5,14.1,10-10-10-10,美浦 深山,510,2,
202508020204,2025-04-27,京都,4,4歳以上障害未勝利,障,2910,,晴,良,"2回 京都 2日目 障害４歳以上 未勝利       (混) 定量 12頭 本賞金:840,340,210,130,84万円",12,840.0,10,3,3,カイトレッド,牝,8,57.0,▲土田,205.7,1.1/4,4,12.6,14.1,7-6-8-9,美浦 和田雄,486,-2,
202508020204,2025-04-27,京都,4,4歳以上障害未勝利,障,2910,,晴,良,"2回 京都 2日目 障害４歳以上 未勝利       (混) 定量 12頭 本賞金:840,340,210,130,84万円",12,840.0,11,4,4,ユウトザキンパツ,牡,4,59.0,黒岩,206.0,1.1/2,9,47.0,14.2,11-11-11-11,栗東 小崎,498,-2,
202508020204,2025-04-27,京都,4,4歳以上障害未勝利,障,2910,,晴,良,"2回 京都 2日目 障害４歳以上 未勝利       (混) 定量 12頭 本賞金:840,340,210,130,84万円",12,840.0,12,1,1,レッドファーロ,牡,6,60.0,西谷誠,209.3,大,2,3.6,14.4,12-12-12-12,栗東 松永幹,520,2,
202508020205,2025-04-27,京都,5,3歳未勝利,芝,2000,右,晴,良,"2回 京都 2日目 サラ系３歳 未勝利       [指] 馬齢 14頭 本賞金:560,220,140,84,56万円",14,560.0,1,7,12,ルージュスティーズ,牝,3,55.0,団野,119.5,,1,2.7,34.8,2-2-2-2,栗東 斉藤崇,480,0,
202508020205,2025-04-27,京都,5,3歳未勝利,芝,2000,右,晴,良,"2回 京都 2日目 サラ系３歳 未勝利       [指] 馬齢 14頭 本賞金:560,220,140,84,56万円",14,560.0,2,6,9,テレプシコーラ,牝,3,54.0,☆吉村,119.7,1.1/2,4,11.8,34.5,6-6-6-6,栗東 坂口,410,4,
202508020205,2025-04-27,京都,5,3歳未勝利,芝,2000,右,晴,良,"2回 京都 2日目 サラ系３歳 未勝利       [指] 馬齢 14頭 本賞金:560,220,140,84,56万円",14,560.0,3,4,6,キーチファイター,牡,3,54.0,▲森田,119.9,1.1/4,5,14.4,35.3,1-1-1-1,栗東 斉藤崇,468,2,
202508020205,2025-04-27,京都,5,3歳未勝利,芝,2000,右,晴,良,"2回 京都 2日目 サラ系３歳 未勝利       [指] 馬齢 14頭 本賞金:560,220,140,84,56万円",14,560.0,4,5,7,ヴォイスオブゼウス,牡,3,57.0,坂井,119.9,クビ,2,3.6,34.9,10-10-5-3,栗東 矢作,458,-2,
202508020205,2025-04-27,京都,5,3歳未勝利,芝,2000,右,晴,良,"2回 京都 2日目 サラ系３歳 未勝利       [指] 馬齢 14頭 本賞金:560,220,140,84,56万円",14,560.0,5,3,3,サイモンイロハニー,牝,3,55.0,幸,120.4,3,10,33.5,35.1,10-10-6-7,栗東 谷,410,2,
202508020205,2025-04-27,京都,5,3歳未勝利,芝,2000,右,晴,良,"2回 京都 2日目 サラ系３歳 未勝利       [指] 馬齢 14頭 本賞金:560,220,140,84,56万円",14,560.0,6,2,2,マイネルビスマルク,牡,3,57.0,松若,120.5,クビ,7,17.2,34.7,8-8-10-10,栗東 梅田,468,-12,
202508020205,2025-04-27,京都,5,3歳未勝利,芝,2000,右,晴,良,"2回 京都 2日目 サラ系３歳 未勝利       [指] 馬齢 14頭 本賞金:560,220,140,84,56万円",14,560.0,7,1,1,カピオラ,牝,3,55.0,Ｍデム,120.6,3/4,6,16.9,34.7,6-6-10-10,栗東 武幸,416,-8,
202508020205,2025-04-27,京都,5,3歳未勝利,芝,2000,右,晴,良,"2回 京都 2日目 サラ系３歳 未勝利       [指] 馬齢 14頭 本賞金:560,220,140,84,56万円",14,560.0,8,8,14,ラマヌジャン,牡,3,57.0,浜中,120.7,1/2,8,18.8,35.7,4-4-3-3,栗東 宮地,492,6,
202508020205,2025-04-27,京都,5,3歳未勝利,芝,2000,右,晴,良,"2回 京都 2日目 サラ系３歳 未勝利       [指] 馬齢 14頭 本賞金:560,220,140,84,56万円",14,560.0,9,4,5,アルクドラ,牝,3,55.0,田口,120.9,1.1/4,12,179.0,35.9,4-4-3-3,栗東 石坂,478,0,
202508020205,2025-04-27,京都,5,3歳未勝利,芝,2000,右,晴,良,"2回 京都 2日目 サラ系３歳 未勝利       [指] 馬齢 14頭 本賞金:560,220,140,84,56万円",14,560.0,10,6,10,ダノンポセイドン,牡,3,57.0,長岡,121.2,2,11,56.8,35.7,8-8-9-9,栗東 坂口,506,-2,
202508020205,2025-04-27,京都,5,3歳未勝利,芝,2000,右,晴,良,"2回 京都 2日目 サラ系３歳 未勝利       [指] 馬齢 14頭 本賞金:560,220,140,84,56万円",14,560.0,11,8,13,リアライズルークス,牡,3,57.0,鮫島駿,121.2,ハナ,3,4.9,35.0,14-14-13-12,栗東 杉山晴,508,0,
202508020205,2025-04-27,京都,5,3歳未勝利,芝,2000,右,晴,良,"2回 京都 2日目 サラ系３歳 未勝利       [指] 馬齢 14頭 本賞金:560,220,140,84,56万円",14,560.0,12,7,11,イモータルプラチナ,牡,3,57.0,和田竜,121.3,1/2,9,28.3,35.2,12-12-12-12,栗東 鈴木孝,432,-18,
202508020205,2025-04-27,京都,5,3歳未勝利,芝,2000,右,晴,良,"2回 京都 2日目 サラ系３歳 未勝利       [指] 馬齢 14頭 本賞金:560,220,140,84,56万円",14,560.0,13,3,4,デルマレッドスター,牝,3,52.0,▲和田陽,121.5,1,14,420.6,36.2,3-3-6-7,栗東 飯田,422,-4,
202508020205,2025-04-27,京都,5,3歳未勝利,芝,2000,右,晴,良,"2回 京都 2日目 サラ系３歳 未勝利       [指] 馬齢 14頭 本賞金:560,220,140,84,56万円",14,560.0,14,5,8,キタノロジック,牡,3,57.0,中井,122.2,4,13,243.5,35.6,12-12-14-14,栗東 畑端,462,-16,
202508020206,2025-04-27,京都,6,3歳1勝クラス,ダ,1400,右,晴,良,"2回 京都 2日目 サラ系３歳 １勝クラス       (混)(特指) 馬齢 10頭 本賞金:800,320,200,120,80万円",10,800.0,1,4,4,ゲッティヴィラ,牡,3,56.0,☆吉村,85.0,,1,2.3,37.1,2-3,栗東 小栗,450,2,
202508020206,2025-04-27,京都,6,3歳1勝クラス,ダ,1400,右,晴,良,"2回 京都 2日目 サラ系３歳 １勝クラス       (混)(特指) 馬齢 10頭 本賞金:800,320,200,120,80万円",10,800.0,2,2,2,レイナデアルシーラ,牝,3,55.0,田口,85.3,1.3/4,5,9.8,37.6,1-1,栗東 西園正,500,-2,
202508020206,2025-04-27,京都,6,3歳1勝クラス,ダ,1400,右,晴,良,"2回 京都 2日目 サラ系３歳 １勝クラス       (混)(特指) 馬齢 10頭 本賞金:800,320,200,120,80万円",10,800.0,3,1,1,ユウトザユウト,牡,3,57.0,団野,85.4,クビ,3,5.4,37.2,5-4,栗東 小崎,504,-2,
202508020206,2025-04-27,京都,6,3歳1勝クラス,ダ,1400,右,晴,良,"2回 京都 2日目 サラ系３歳 １勝クラス       (混)(特指) 馬齢 10頭 本賞金:800,320,200,120,80万円",10,800.0,4,3,3,モズタチアガレ,牡,3,57.0,幸,85.6,1.1/2,4,5.9,37.6,4-4,栗東 中尾,480,-2,
202508020206,2025-04-27,京都,6,3歳1勝クラス,ダ,1400,右,晴,良,"2回 京都 2日目 サラ系３歳 １勝クラス       (混)(特指) 馬齢 10頭 本賞金:800,320,200,120,80万円",10,800.0,5,7,8,パヴィーア,牝,3,55.0,北村友,85.7,クビ,2,3.8,37.0,9-7,栗東 田中克,460,-4,
202508020206,2025-04-27,京都,6,3歳1勝クラス,ダ,1400,右,晴,良,"2回 京都 2日目 サラ系３歳 １勝クラス       (混)(特指) 馬齢 10頭 本賞金:800,320,200,120,80万円",10,800.0,6,7,7,ツーピース,牝,3,55.0,Ｍデム,85.8,3/4,8,57.9,38.0,2-2,栗東 河嶋,504,0,
202508020206,2025-04-27,京都,6,3歳1勝クラス,ダ,1400,右,晴,良,"2回 京都 2日目 サラ系３歳 １勝クラス       (混)(特指) 馬齢 10頭 本賞金:800,320,200,120,80万円",10,800.0,7,5,5,キュードス,牡,3,57.0,田中健,85.9,クビ,6,25.6,37.4,8-6,栗東 荒川,478,4,
202508020206,2025-04-27,京都,6,3歳1勝クラス,ダ,1400,右,晴,良,"2回 京都 2日目 サラ系３歳 １勝クラス       (混)(特指) 馬齢 10頭 本賞金:800,320,200,120,80万円",10,800.0,8,8,9,サマーナイト,牡,3,57.0,和田竜,85.9,ハナ,7,37.9,37.4,7-7,栗東 寺島,486,-6,
202508020206,2025-04-27,京都,6,3歳1勝クラス,ダ,1400,右,晴,良,"2回 京都 2日目 サラ系３歳 １勝クラス       (混)(特指) 馬齢 10頭 本賞金:800,320,200,120,80万円",10,800.0,9,8,10,ピーチマカロン,牝,3,54.0,☆高杉,87.4,9,10,153.9,39.1,5-7,栗東 大根田,462,0,
202508020206,2025-04-27,京都,6,3歳1勝クラス,ダ,1400,右,晴,良,"2回 京都 2日目 サラ系３歳 １勝クラス       (混)(特指) 馬齢 10頭 本賞金:800,320,200,120,80万円",10,800.0,10,6,6,サンライズアレス,牡,3,57.0,鮫島駿,88.8,8,9,81.0,39.8,10-10,栗東 前川,530,-5,
202508020207,2025-04-27,京都,7,4歳以上1勝クラス,芝,1800,右,晴,良,"2回 京都 2日目 サラ系４歳以上 １勝クラス       [指] 定量 10頭 本賞金:800,320,200,120,80万円",10,800.0,1,7,8,ジーティームソウ,牡,4,58.0,坂井,106.6,,2,3.4,34.1,5-5,栗東 西村,488,-2,
202508020207,2025-04-27,京都,7,4歳以上1勝クラス,芝,1800,右,晴,良,"2回 京都 2日目 サラ系４歳以上 １勝クラス       [指] 定量 10頭 本賞金:800,320,200,120,80万円",10,800.0,2,1,1,アレンテージョ,牡,5,58.0,団野,106.7,3/4,3,4.5,34.3,3-4,栗東 坂口,476,-14,
202508020207,2025-04-27,京都,7,4歳以上1勝クラス,芝,1800,右,晴,良,"2回 京都 2日目 サラ系４歳以上 １勝クラス       [指] 定量 10頭 本賞金:800,320,200,120,80万円",10,800.0,3,5,5,デルシエロ,牡,4,57.0,☆吉村,106.8,1/2,4,6.8,34.0,8-7,栗東 清水久,418,4,
202508020207,2025-04-27,京都,7,4歳以上1勝クラス,芝,1800,右,晴,良,"2回 京都 2日目 サラ系４歳以上 １勝クラス       [指] 定量 10頭 本賞金:800,320,200,120,80万円",10,800.0,4,8,9,タガノヘラクレス,牡,4,57.0,☆高杉,106.9,3/4,5,7.7,33.9,9-7,栗東 千田,512,-2,
202508020207,2025-04-27,京都,7,4歳以上1勝クラス,芝,1800,右,晴,良,"2回 京都 2日目 サラ系４歳以上 １勝クラス       [指] 定量 10頭 本賞金:800,320,200,120,80万円",10,800.0,5,4,4,ルミエールドゥース,牝,4,53.0,▲和田陽,107.1,3/4,7,72.8,35.0,1-1,栗東 緒方,466,4,
202508020207,2025-04-27,京都,7,4歳以上1勝クラス,芝,1800,右,晴,良,"2回 京都 2日目 サラ系４歳以上 １勝クラス       [指] 定量 10頭 本賞金:800,320,200,120,80万円",10,800.0,6,7,7,アンテロース,牡,5,58.0,武豊,107.2,1/2,6,8.1,34.9,3-3,栗東 岡田,460,6,
202508020207,2025-04-27,京都,7,4歳以上1勝クラス,芝,1800,右,晴,良,"2回 京都 2日目 サラ系４歳以上 １勝クラス       [指] 定量 10頭 本賞金:800,320,200,120,80万円",10,800.0,7,3,3,マサハヤヴォス,牡,4,58.0,和田竜,107.4,1.1/2,10,163.5,34.8,5-6,栗東 今野,474,6,
202508020207,2025-04-27,京都,7,4歳以上1勝クラス,芝,1800,右,晴,良,"2回 京都 2日目 サラ系４歳以上 １勝クラス       [指] 定量 10頭 本賞金:800,320,200,120,80万円",10,800.0,8,2,2,ヤマニンアラクリア,牡,4,55.0,▲森田,107.5,3/4,8,79.4,34.8,5-7,栗東 中村,484,2,
202508020207,2025-04-27,京都,7,4歳以上1勝クラス,芝,1800,右,晴,良,"2回 京都 2日目 サラ系４歳以上 １勝クラス       [指] 定量 10頭 本賞金:800,320,200,120,80万円",10,800.0,9,6,6,タキ,牡,4,58.0,菱田,107.6,クビ,9,153.6,34.4,10-10,栗東 高橋一,442,12,
202508020207,2025-04-27,京都,7,4歳以上1勝クラス,芝,1800,右,晴,良,"2回 京都 2日目 サラ系４歳以上 １勝クラス       [指] 定量 10頭 本賞金:800,320,200,120,80万円",10,800.0,10,8,10,パシフィックハイ,牝,4,56.0,鮫島駿,108.1,3.1/2,1,3.2,35.9,2-2,栗東 杉山佳,462,4,
202508020208,2025-04-27,京都,8,4歳以上1勝クラス,ダ,1800,右,晴,良,"2回 京都 2日目 サラ系４歳以上 １勝クラス       (混)[指] 定量 12頭 本賞金:800,320,200,120,80万円",12,800.0,1,5,6,メイショウオオコ,牡,4,58.0,武豊,112.9,,1,3.2,37.3,8-8-7-5,栗東 荒川,468,0,
202508020208,2025-04-27,京都,8,4歳以上1勝クラス,ダ,1800,右,晴,良,"2回 京都 2日目 サラ系４歳以上 １勝クラス       (混)[指] 定量 12頭 本賞金:800,320,200,120,80万円",12,800.0,2,6,8,ポルトドール,牡,5,58.0,鮫島駿,112.9,アタマ,8,17.7,37.1,7-7-8-7,栗東 小栗,462,-4,
202508020208,2025-04-27,京都,8,4歳以上1勝クラス,ダ,1800,右,晴,良,"2回 京都 2日目 サラ系４歳以上 １勝クラス       (混)[指] 定量 12頭 本賞金:800,320,200,120,80万円",12,800.0,3,3,3,ダノンペドロ,セ,5,58.0,幸,113.5,3.1/2,10,24.0,37.6,10-10-8-7,栗東 寺島,482,4,
202508020208,2025-04-27,京都,8,4歳以上1勝クラス,ダ,1800,右,晴,良,"2回 京都 2日目 サラ系４歳以上 １勝クラス       (混)[指] 定量 12頭 本賞金:800,320,200,120,80万円",12,800.0,4,5,5,ウィンターガーデン,牝,4,56.0,Ｍデム,113.9,2.1/2,2,3.7,38.6,6-6-5-4,栗東 武幸,488,6,
202508020208,2025-04-27,京都,8,4歳以上1勝クラス,ダ,1800,右,晴,良,"2回 京都 2日目 サラ系４歳以上 １勝クラス       (混)[指] 定量 12頭 本賞金:800,320,200,120,80万円",12,800.0,5,7,9,ハッピーマインド,牡,4,58.0,和田竜,114.1,1.1/4,6,16.7,39.2,4-4-3-3,栗東 緒方,522,-4,
202508020208,2025-04-27,京都,8,4歳以上1勝クラス,ダ,1800,右,晴,良,"2回 京都 2日目 サラ系４歳以上 １勝クラス       (混)[指] 定量 12頭 本賞金:800,320,200,120,80万円",12,800.0,6,8,12,ブーヤカ,セ,4,58.0,岩田望,114.2,3/4,7,17.3,39.7,3-3-1-1,栗東 藤岡,436,-10,
202508020208,2025-04-27,京都,8,4歳以上1勝クラス,ダ,1800,右,晴,良,"2回 京都 2日目 サラ系４歳以上 １勝クラス       (混)[指] 定量 12頭 本賞金:800,320,200,120,80万円",12,800.0,7,2,2,ハギノカノア,牡,5,58.0,北村友,114.2,アタマ,9,19.8,38.1,11-11-10-10,栗東 秋山,478,0,
202508020208,2025-04-27,京都,8,4歳以上1勝クラス,ダ,1800,右,晴,良,"2回 京都 2日目 サラ系４歳以上 １勝クラス       (混)[指] 定量 12頭 本賞金:800,320,200,120,80万円",12,800.0,8,6,7,ネロコルヴィーノ,牡,4,58.0,坂井,114.4,3/4,4,7.0,38.9,4-4-6-7,栗東 辻野,522,4,
202508020208,2025-04-27,京都,8,4歳以上1勝クラス,ダ,1800,右,晴,良,"2回 京都 2日目 サラ系４歳以上 １勝クラス       (混)[指] 定量 12頭 本賞金:800,320,200,120,80万円",12,800.0,9,8,11,テイエムデンセツ,牡,4,58.0,城戸,114.5,1/2,11,74.6,38.1,9-9-11-11,栗東 鈴木孝,480,4,
202508020208,2025-04-27,京都,8,4歳以上1勝クラス,ダ,1800,右,晴,良,"2回 京都 2日目 サラ系４歳以上 １勝クラス       (混)[指] 定量 12頭 本賞金:800,320,200,120,80万円",12,800.0,10,1,1,イーサンハンター,牡,4,58.0,田口,114.6,3/4,12,114.9,37.8,12-12-12-11,栗東 宮地,528,2,
202508020208,2025-04-27,京都,8,4歳以上1勝クラス,ダ,1800,右,晴,良,"2回 京都 2日目 サラ系４歳以上 １勝クラス       (混)[指] 定量 12頭 本賞金:800,320,200,120,80万円",12,800.0,11,4,4,タイセイマンボ,牡,5,57.0,☆吉村,115.3,4,3,5.9,40.7,2-2-2-2,栗東 高野,550,8,
202508020208,2025-04-27,京都,8,4歳以上1勝クラス,ダ,1800,右,晴,良,"2回 京都 2日目 サラ系４歳以上 １勝クラス       (混)[指] 定量 12頭 本賞金:800,320,200,120,80万円",12,800.0,12,7,10,ミッションルース,牡,4,57.0,☆高杉,117.7,大,5,12.1,42.5,1-1-4-5,栗東 平田,432,-16,
202508020209,2025-04-27,京都,9,比良山特別,芝,2200,右,晴,良,"2回 京都 2日目 サラ系４歳以上 ２勝クラス       (混)[指] ハンデ 8頭 本賞金:1550,620,390,230,155万円",8,1550.0,1,4,4,キャントウェイト,牡,4,57.0,和田竜,134.6,,2,2.9,33.2,2-2-2-1,美浦 萱野,470,-4,
202508020209,2025-04-27,京都,9,比良山特別,芝,2200,右,晴,良,"2回 京都 2日目 サラ系４歳以上 ２勝クラス       (混)[指] ハンデ 8頭 本賞金:1550,620,390,230,155万円",8,1550.0,2,6,6,エルディアブロ,牡,7,55.0,坂井,134.8,1.1/4,3,5.7,33.0,3-3-3-3,栗東 佐々木,450,-2,
202508020209,2025-04-27,京都,9,比良山特別,芝,2200,右,晴,良,"2回 京都 2日目 サラ系４歳以上 ２勝クラス       (混)[指] ハンデ 8頭 本賞金:1550,620,390,230,155万円",8,1550.0,3,1,1,バガン,牡,7,54.0,田口,134.9,1,7,15.9,33.4,1-1-1-2,栗東 宮地,482,4,
202508020209,2025-04-27,京都,9,比良山特別,芝,2200,右,晴,良,"2回 京都 2日目 サラ系４歳以上 ２勝クラス       (混)[指] ハンデ 8頭 本賞金:1550,620,390,230,155万円",8,1550.0,4,3,3,フォーチュンコード,牝,5,54.0,団野,135.2,1.3/4,4,7.5,33.5,4-4-3-3,栗東 小林,502,2,
202508020209,2025-04-27,京都,9,比良山特別,芝,2200,右,晴,良,"2回 京都 2日目 サラ系４歳以上 ２勝クラス       (混)[指] ハンデ 8頭 本賞金:1550,620,390,230,155万円",8,1550.0,5,7,7,モモンウールー,牝,4,53.0,吉村,135.3,1/2,5,10.0,33.3,5-5-5-5,栗東 池添,458,-4,
202508020209,2025-04-27,京都,9,比良山特別,芝,2200,右,晴,良,"2回 京都 2日目 サラ系４歳以上 ２勝クラス       (混)[指] ハンデ 8頭 本賞金:1550,620,390,230,155万円",8,1550.0,6,8,8,ナイトスラッガー,牡,4,57.0,鮫島駿,135.3,クビ,1,2.7,33.2,6-6-6-5,栗東 小栗,522,10,
202508020209,2025-04-27,京都,9,比良山特別,芝,2200,右,晴,良,"2回 京都 2日目 サラ系４歳以上 ２勝クラス       (混)[指] ハンデ 8頭 本賞金:1550,620,390,230,155万円",8,1550.0,7,2,2,ダンツエスプリ,牡,6,55.0,太宰,135.5,1.1/4,6,13.1,33.4,7-7-7-7,栗東 本田,488,8,
202508020209,2025-04-27,京都,9,比良山特別,芝,2200,右,晴,良,"2回 京都 2日目 サラ系４歳以上 ２勝クラス       (混)[指] ハンデ 8頭 本賞金:1550,620,390,230,155万円",8,1550.0,8,5,5,サイモンルモンド,セ,8,51.0,松若,136.3,5,8,132.3,34.2,8-8-8-7,美浦 根本,460,-2,
202508020210,2025-04-27,京都,10,センテニアル・パークS,芝,1800,右,晴,良,"2回 京都 2日目 サラ系４歳以上 ３勝クラス       (混)[指] ハンデ 16頭 本賞金:1840,740,460,280,184万円",16,1840.0,1,7,14,ホウオウラスカーズ,牝,7,54.0,田口,105.8,,12,67.8,32.9,11-11,美浦 高木,454,-2,
202508020210,2025-04-27,京都,10,センテニアル・パークS,芝,1800,右,晴,良,"2回 京都 2日目 サラ系４歳以上 ３勝クラス       (混)[指] ハンデ 16頭 本賞金:1840,740,460,280,184万円",16,1840.0,2,3,6,ブルーミンデザイン,牡,4,56.0,浜中,105.9,クビ,6,16.8,33.3,4-5,栗東 宮本,498,0,
202508020210,2025-04-27,京都,10,センテニアル・パークS,芝,1800,右,晴,良,"2回 京都 2日目 サラ系４歳以上 ３勝クラス       (混)[指] ハンデ 16頭 本賞金:1840,740,460,280,184万円",16,1840.0,3,8,16,ガイアメンテ,牡,4,56.0,団野,106.1,1.1/2,4,8.2,33.4,7-8,栗東 須貝,500,-2,
202508020210,2025-04-27,京都,10,センテニアル・パークS,芝,1800,右,晴,良,"2回 京都 2日目 サラ系４歳以上 ３勝クラス       (混)[指] ハンデ 16頭 本賞金:1840,740,460,280,184万円",16,1840.0,4,2,3,ナムラフッカー,牡,4,56.0,菱田,106.2,3/4,8,26.6,33.2,11-14,栗東 長谷川,472,-2,
202508020210,2025-04-27,京都,10,センテニアル・パークS,芝,1800,右,晴,良,"2回 京都 2日目 サラ系４歳以上 ３勝クラス       (混)[指] ハンデ 16頭 本賞金:1840,740,460,280,184万円",16,1840.0,5,5,9,エアミアーニ,セ,7,54.0,高杉,106.3,クビ,14,172.2,33.3,11-11,栗東 笹田,450,-2,
202508020210,2025-04-27,京都,10,センテニアル・パークS,芝,1800,右,晴,良,"2回 京都 2日目 サラ系４歳以上 ３勝クラス       (混)[指] ハンデ 16頭 本賞金:1840,740,460,280,184万円",16,1840.0,6,5,10,シュタールヴィント,牡,5,56.0,吉村,106.3,クビ,7,22.1,33.1,14-16,栗東 矢作,458,-4,
202508020210,2025-04-27,京都,10,センテニアル・パークS,芝,1800,右,晴,良,"2回 京都 2日目 サラ系４歳以上 ３勝クラス       (混)[指] ハンデ 16頭 本賞金:1840,740,460,280,184万円",16,1840.0,7,4,7,ベラジオボンド,牡,4,57.0,岩田望,106.4,クビ,1,2.2,33.7,7-8,栗東 上村,500,6,
202508020210,2025-04-27,京都,10,センテニアル・パークS,芝,1800,右,晴,良,"2回 京都 2日目 サラ系４歳以上 ３勝クラス       (混)[指] ハンデ 16頭 本賞金:1840,740,460,280,184万円",16,1840.0,8,4,8,カヨウネンカ,牝,6,53.0,和田竜,106.5,1,13,85.9,33.7,7-8,美浦 斎藤誠,468,6,
202508020210,2025-04-27,京都,10,センテニアル・パークS,芝,1800,右,晴,良,"2回 京都 2日目 サラ系４歳以上 ３勝クラス       (混)[指] ハンデ 16頭 本賞金:1840,740,460,280,184万円",16,1840.0,9,1,1,インザモーメント,牡,4,57.0,武豊,106.5,ハナ,2,5.2,33.8,7-7,栗東 田中克,486,2,
202508020210,2025-04-27,京都,10,センテニアル・パークS,芝,1800,右,晴,良,"2回 京都 2日目 サラ系４歳以上 ３勝クラス       (混)[指] ハンデ 16頭 本賞金:1840,740,460,280,184万円",16,1840.0,10,6,11,メイショウウネビ,牡,6,54.0,松若,106.5,アタマ,15,222.2,33.4,14-14,栗東 本田,502,0,
202508020210,2025-04-27,京都,10,センテニアル・パークS,芝,1800,右,晴,良,"2回 京都 2日目 サラ系４歳以上 ３勝クラス       (混)[指] ハンデ 16頭 本賞金:1840,740,460,280,184万円",16,1840.0,11,6,12,アイスグリーン,牡,5,57.0,北村友,106.5,クビ,5,15.6,34.0,4-5,栗東 池添,478,-6,
202508020210,2025-04-27,京都,10,センテニアル・パークS,芝,1800,右,晴,良,"2回 京都 2日目 サラ系４歳以上 ３勝クラス       (混)[指] ハンデ 16頭 本賞金:1840,740,460,280,184万円",16,1840.0,12,2,4,シーウィザード,セ,5,56.0,Ｍデム,106.5,アタマ,10,28.6,34.1,2-2,美浦 鹿戸,490,-2,
202508020210,2025-04-27,京都,10,センテニアル・パークS,芝,1800,右,晴,良,"2回 京都 2日目 サラ系４歳以上 ３勝クラス       (混)[指] ハンデ 16頭 本賞金:1840,740,460,280,184万円",16,1840.0,13,7,13,コスモフロイデ,牡,6,54.0,高倉,106.6,1/2,16,530.5,34.2,3-3,美浦 天間,478,-4,
202508020210,2025-04-27,京都,10,センテニアル・パークS,芝,1800,右,晴,良,"2回 京都 2日目 サラ系４歳以上 ３勝クラス       (混)[指] ハンデ 16頭 本賞金:1840,740,460,280,184万円",16,1840.0,14,1,2,スイープアワーズ,牡,5,56.0,坂井,106.7,3/4,3,6.3,33.7,14-11,栗東 友道,450,6,
202508020210,2025-04-27,京都,10,センテニアル・パークS,芝,1800,右,晴,良,"2回 京都 2日目 サラ系４歳以上 ３勝クラス       (混)[指] ハンデ 16頭 本賞金:1840,740,460,280,184万円",16,1840.0,15,8,15,ノーブルスカイ,牡,4,55.0,鮫島駿,106.8,クビ,11,62.5,34.6,1-1,栗東 高柳大,484,2,
202508020210,2025-04-27,京都,10,センテニアル・パークS,芝,1800,右,晴,良,"2回 京都 2日目 サラ系４歳以上 ３勝クラス       (混)[指] ハンデ 16頭 本賞金:1840,740,460,280,184万円",16,1840.0,16,3,5,マラキナイア,牝,5,54.0,幸,107.1,2,9,27.3,34.6,4-3,栗東 吉岡,446,-8,
202508020211,2025-04-27,京都,11,マイラーズC,芝,1600,右,晴,良,"2回 京都 2日目 サラ系４歳以上 オープン       (国際)(指) 別定 10頭 本賞金:5900,2400,1500,890,590万円",10,5900.0,1,8,10,ロングラン,セ,7,57.0,岩田康,91.7,,5,10.2,33.3,6-7,美浦 和田勇,478,0,
202508020211,2025-04-27,京都,11,マイラーズC,芝,1600,右,晴,良,"2回 京都 2日目 サラ系４歳以上 オープン       (国際)(指) 別定 10頭 本賞金:5900,2400,1500,890,590万円",10,5900.0,2,3,3,ジュンブロッサム,牡,6,58.0,武豊,91.8,1/2,1,2.1,33.2,8-8,栗東 友道,482,4,
202508020211,2025-04-27,京都,11,マイラーズC,芝,1600,右,晴,良,"2回 京都 2日目 サラ系４歳以上 オープン       (国際)(指) 別定 10頭 本賞金:5900,2400,1500,890,590万円",10,5900.0,3,7,8,セオ,牡,5,57.0,岩田望,92.1,1.1/2,2,4.4,34.2,2-2,栗東 上村,498,2,
202508020211,2025-04-27,京都,11,マイラーズC,芝,1600,右,晴,良,"2回 京都 2日目 サラ系４歳以上 オープン       (国際)(指) 別定 10頭 本賞金:5900,2400,1500,890,590万円",10,5900.0,4,2,2,ニホンピロキーフ,牡,5,57.0,田口,92.2,1/2,3,4.8,33.9,6-6,栗東 大橋,486,-4,
202508020211,2025-04-27,京都,11,マイラーズC,芝,1600,右,晴,良,"2回 京都 2日目 サラ系４歳以上 オープン       (国際)(指) 別定 10頭 本賞金:5900,2400,1500,890,590万円",10,5900.0,5,7,7,グラティアス,牡,7,57.0,北村友,92.3,1/2,9,41.9,34.1,5-4,栗東 安田,494,-12,
202508020211,2025-04-27,京都,11,マイラーズC,芝,1600,右,晴,良,"2回 京都 2日目 サラ系４歳以上 オープン       (国際)(指) 別定 10頭 本賞金:5900,2400,1500,890,590万円",10,5900.0,6,1,1,ホウオウリアリティ,牡,7,57.0,団野,92.3,アタマ,10,43.4,33.6,8-8,栗東 井上,484,2,
202508020211,2025-04-27,京都,11,マイラーズC,芝,1600,右,晴,良,"2回 京都 2日目 サラ系４歳以上 オープン       (国際)(指) 別定 10頭 本賞金:5900,2400,1500,890,590万円",10,5900.0,7,5,5,エアファンディタ,牡,8,57.0,Ｍデム,92.3,クビ,7,29.0,33.1,10-10,栗東 池添,470,10,
202508020211,2025-04-27,京都,11,マイラーズC,芝,1600,右,晴,良,"2回 京都 2日目 サラ系４歳以上 オープン       (国際)(指) 別定 10頭 本賞金:5900,2400,1500,890,590万円",10,5900.0,8,8,9,レイベリング,牡,5,57.0,和田竜,93.0,4,6,26.5,35.0,4-2,美浦 鹿戸,484,-12,
202508020211,2025-04-27,京都,11,マイラーズC,芝,1600,右,晴,良,"2回 京都 2日目 サラ系４歳以上 オープン       (国際)(指) 別定 10頭 本賞金:5900,2400,1500,890,590万円",10,5900.0,9,4,4,ビーアストニッシド,牡,6,57.0,西村太,93.6,3.1/2,8,35.9,35.8,1-1,美浦 堀内,476,-4,
202508020211,2025-04-27,京都,11,マイラーズC,芝,1600,右,晴,良,"2回 京都 2日目 サラ系４歳以上 オープン       (国際)(指) 別定 10頭 本賞金:5900,2400,1500,890,590万円",10,5900.0,10,6,6,ミスタージーティー,牡,4,57.0,坂井,93.6,ハナ,4,9.7,35.5,2-4,栗東 矢作,472,2,
202508020212,2025-04-27,京都,12,4歳以上2勝クラス,ダ,1800,右,晴,良,"2回 京都 2日目 サラ系４歳以上 ２勝クラス       (混)[指] 定量 12頭 本賞金:1140,460,290,170,114万円",12,1140.0,1,5,5,スマートリアファル,牡,4,58.0,武豊,112.0,,6,12.8,37.1,1-1-2-2,栗東 加藤公,492,0,
202508020212,2025-04-27,京都,12,4歳以上2勝クラス,ダ,1800,右,晴,良,"2回 京都 2日目 サラ系４歳以上 ２勝クラス       (混)[指] 定量 12頭 本賞金:1140,460,290,170,114万円",12,1140.0,2,6,8,ワイドブリザード,セ,4,58.0,浜中,112.0,クビ,1,2.3,37.2,10-10-1-1,栗東 佐藤悠,440,-2,
202508020212,2025-04-27,京都,12,4歳以上2勝クラス,ダ,1800,右,晴,良,"2回 京都 2日目 サラ系４歳以上 ２勝クラス       (混)[指] 定量 12頭 本賞金:1140,460,290,170,114万円",12,1140.0,3,6,7,クリノフィガロ,牡,4,58.0,和田竜,112.4,2.1/2,3,9.2,37.3,5-5-4-4,栗東 荒川,498,-6,
202508020212,2025-04-27,京都,12,4歳以上2勝クラス,ダ,1800,右,晴,良,"2回 京都 2日目 サラ系４歳以上 ２勝クラス       (混)[指] 定量 12頭 本賞金:1140,460,290,170,114万円",12,1140.0,4,8,11,リアド,牡,6,58.0,幸,112.6,1,8,18.4,37.7,9-9-2-3,栗東 小椋,482,-6,
202508020212,2025-04-27,京都,12,4歳以上2勝クラス,ダ,1800,右,晴,良,"2回 京都 2日目 サラ系４歳以上 ２勝クラス       (混)[指] 定量 12頭 本賞金:1140,460,290,170,114万円",12,1140.0,5,7,10,シュプリンガー,セ,6,58.0,長岡,112.7,1/2,11,35.9,37.2,6-5-7-7,栗東 小栗,496,-2,
202508020212,2025-04-27,京都,12,4歳以上2勝クラス,ダ,1800,右,晴,良,"2回 京都 2日目 サラ系４歳以上 ２勝クラス       (混)[指] 定量 12頭 本賞金:1140,460,290,170,114万円",12,1140.0,6,1,1,シンリミテス,牡,6,58.0,太宰,112.8,3/4,9,21.8,36.9,11-11-11-9,栗東 大根田,500,-4,
202508020212,2025-04-27,京都,12,4歳以上2勝クラス,ダ,1800,右,晴,良,"2回 京都 2日目 サラ系４歳以上 ２勝クラス       (混)[指] 定量 12頭 本賞金:1140,460,290,170,114万円",12,1140.0,7,5,6,ケイアイメキラ,セ,5,58.0,北村友,112.9,クビ,7,16.0,36.7,12-12-12-11,栗東 秋山,472,2,
202508020212,2025-04-27,京都,12,4歳以上2勝クラス,ダ,1800,右,晴,良,"2回 京都 2日目 サラ系４歳以上 ２勝クラス       (混)[指] 定量 12頭 本賞金:1140,460,290,170,114万円",12,1140.0,8,2,2,ブルーペクトライト,牝,5,56.0,Ｍデム,113.0,1/2,10,24.2,37.3,6-7-9-9,栗東 宮地,488,6,
202508020212,2025-04-27,京都,12,4歳以上2勝クラス,ダ,1800,右,晴,良,"2回 京都 2日目 サラ系４歳以上 ２勝クラス       (混)[指] 定量 12頭 本賞金:1140,460,290,170,114万円",12,1140.0,9,3,3,ワンダースティング,牡,7,58.0,高倉,113.0,クビ,4,9.4,37.9,3-3-4-4,栗東 渡辺,520,-2,
202508020212,2025-04-27,京都,12,4歳以上2勝クラス,ダ,1800,右,晴,良,"2回 京都 2日目 サラ系４歳以上 ２勝クラス       (混)[指] 定量 12頭 本賞金:1140,460,290,170,114万円",12,1140.0,10,4,4,マサハヤウォルズ,牡,5,58.0,田口,113.5,3,12,172.8,38.0,8-7-9-6,栗東 今野,472,6,
202508020212,2025-04-27,京都,12,4歳以上2勝クラス,ダ,1800,右,晴,良,"2回 京都 2日目 サラ系４歳以上 ２勝クラス       (混)[指] 定量 12頭 本賞金:1140,460,290,170,114万円",12,1140.0,11,8,12,タマモキャリコ,セ,4,57.0,☆吉村,113.8,1.3/4,5,12.1,38.2,3-3-7-11,栗東 宮地,424,-2,
202508020212,2025-04-27,京都,12,4歳以上2勝クラス,ダ,1800,右,晴,良,"2回 京都 2日目 サラ系４歳以上 ２勝クラス       (混)[指] 定量 12頭 本賞金:1140,460,290,170,114万円",12,1140.0,12,7,9,エアサンサーラ,牡,4,58.0,岩田望,115.4,10,2,4.7,40.2,2-2-4-7,栗東 辻野,578,-12,
