race_id,date,venue,race_no,race_name,surface,distance,turn,weather,going,race_class,field_size,prize1,chaku,waku,umaban,horse,sex,age,kinryo,jockey,time_sec,margin,ninki,odds,agari,passage,trainer,weight,weight_diff,status
202505040101,2025-10-04,東京,1,2歳未勝利,ダ,1600,左,曇,良,"4回 東京 1日目 サラ系２歳 未勝利       [指] 馬齢 16頭 本賞金:560,220,140,84,56万円",16,560.0,1,7,13,テンカムテキ,牡,2,56.0,丹内,98.9,,2,6.3,38.2,6-5,美浦 林,498,2,
202505040101,2025-10-04,東京,1,2歳未勝利,ダ,1600,左,曇,良,"4回 東京 1日目 サラ系２歳 未勝利       [指] 馬齢 16頭 本賞金:560,220,140,84,56万円",16,560.0,2,7,14,イナズマダイモン,牡,2,56.0,菅原明,99.2,2,1,1.3,38.8,3-2,美浦 宮田,504,-2,
202505040101,2025-10-04,東京,1,2歳未勝利,ダ,1600,左,曇,良,"4回 東京 1日目 サラ系２歳 未勝利       [指] 馬齢 16頭 本賞金:560,220,140,84,56万円",16,560.0,3,3,6,ゴットタレント,牡,2,56.0,杉原,99.6,2,6,52.3,38.3,8-8,美浦 田村,456,2,
202505040101,2025-10-04,東京,1,2歳未勝利,ダ,1600,左,曇,良,"4回 東京 1日目 サラ系２歳 未勝利       [指] 馬齢 16頭 本賞金:560,220,140,84,56万円",16,560.0,4,2,4,リアライズタキオン,牡,2,56.0,津村,99.7,1/2,3,8.1,39.5,1-1,美浦 手塚久,464,6,
202505040101,2025-10-04,東京,1,2歳未勝利,ダ,1600,左,曇,良,"4回 東京 1日目 サラ系２歳 未勝利       [指] 馬齢 16頭 本賞金:560,220,140,84,56万円",16,560.0,5,4,8,パワポケウォーズ,牡,2,53.0,▲上里,101.7,大,10,151.8,39.3,14-14,美浦 大和田,422,4,
202505040101,2025-10-04,東京,1,2歳未勝利,ダ,1600,左,曇,良,"4回 東京 1日目 サラ系２歳 未勝利       [指] 馬齢 16頭 本賞金:560,220,140,84,56万円",16,560.0,6,5,10,ラストシャイニー,牝,2,55.0,横山和,101.8,1/2,5,13.5,41.3,3-2,美浦 千葉,430,-4,
202505040101,2025-10-04,東京,1,2歳未勝利,ダ,1600,左,曇,良,"4回 東京 1日目 サラ系２歳 未勝利       [指] 馬齢 16頭 本賞金:560,220,140,84,56万円",16,560.0,7,3,5,ウルヴァリン,牡,2,56.0,松岡,102.0,1.1/4,13,291.2,40.5,12-9,美浦 伊藤伸,484,0,
202505040101,2025-10-04,東京,1,2歳未勝利,ダ,1600,左,曇,良,"4回 東京 1日目 サラ系２歳 未勝利       [指] 馬齢 16頭 本賞金:560,220,140,84,56万円",16,560.0,8,4,7,カシノユメミヅキ,牡,2,53.0,▲土田,102.4,2,16,517.6,40.6,13-11,美浦 和田雄,498,2,
202505040101,2025-10-04,東京,1,2歳未勝利,ダ,1600,左,曇,良,"4回 東京 1日目 サラ系２歳 未勝利       [指] 馬齢 16頭 本賞金:560,220,140,84,56万円",16,560.0,9,6,11,ミラクルカイザー,牡,2,56.0,丸田,102.6,1.1/2,11,179.6,40.2,15-14,美浦 武市,482,-2,
202505040101,2025-10-04,東京,1,2歳未勝利,ダ,1600,左,曇,良,"4回 東京 1日目 サラ系２歳 未勝利       [指] 馬齢 16頭 本賞金:560,220,140,84,56万円",16,560.0,10,1,1,ソークール,牡,2,56.0,黛,103.5,5,15,342.3,42.0,10-9,美浦 佐藤吉,476,6,
202505040101,2025-10-04,東京,1,2歳未勝利,ダ,1600,左,曇,良,"4回 東京 1日目 サラ系２歳 未勝利       [指] 馬齢 16頭 本賞金:560,220,140,84,56万円",16,560.0,11,2,3,ニャンキニーズ,牡,2,56.0,木幡巧,103.5,クビ,14,299.8,42.7,6-6,美浦 勢司,434,-2,
202505040101,2025-10-04,東京,1,2歳未勝利,ダ,1600,左,曇,良,"4回 東京 1日目 サラ系２歳 未勝利       [指] 馬齢 16頭 本賞金:560,220,140,84,56万円",16,560.0,12,5,9,レーヴドクロンヌ,牡,2,54.0,△長浜,103.8,1.1/2,9,101.4,40.6,16-16,美浦 加藤士,492,4,
202505040101,2025-10-04,東京,1,2歳未勝利,ダ,1600,左,曇,良,"4回 東京 1日目 サラ系２歳 未勝利       [指] 馬齢 16頭 本賞金:560,220,140,84,56万円",16,560.0,13,8,15,サンクスアミリオン,牝,2,55.0,江田照,104.0,1.1/4,12,234.4,41.9,8-12,美浦 金成,496,12,
202505040101,2025-10-04,東京,1,2歳未勝利,ダ,1600,左,曇,良,"4回 東京 1日目 サラ系２歳 未勝利       [指] 馬齢 16頭 本賞金:560,220,140,84,56万円",16,560.0,14,8,16,ディアファニス,牝,2,55.0,荻野極,104.6,3.1/2,4,10.1,44.2,2-2,美浦 伊坂,470,2,
202505040101,2025-10-04,東京,1,2歳未勝利,ダ,1600,左,曇,良,"4回 東京 1日目 サラ系２歳 未勝利       [指] 馬齢 16頭 本賞金:560,220,140,84,56万円",16,560.0,15,1,2,スピネルテソーロ,牝,2,55.0,佐々木,104.6,アタマ,7,86.5,43.8,5-6,美浦 栗田,468,8,
202505040101,2025-10-04,東京,1,2歳未勝利,ダ,1600,左,曇,良,"4回 東京 1日目 サラ系２歳 未勝利       [指] 馬齢 16頭 本賞金:560,220,140,84,56万円",16,560.0,16,6,12,センジュキヨマル,牡,2,56.0,内田博,109.1,大,8,88.2,46.9,10-12,美浦 南田,530,8,
202505040101,2025-10-04,東京,1,2歳未勝利,ダ,1600,左,曇,良,"4回 東京 1日目 サラ系２歳 未勝利       [指] 馬齢 16頭 本賞金:560,220,140,84,56万円",16,560.0,,1,13,テンカムテキ,,,100.0,103,,12.7,11,11.2,5.0,11.6,5,,,
202505040101,2025-10-04,東京,1,2歳未勝利,ダ,1600,左,曇,良,"4回 東京 1日目 サラ系２歳 未勝利       [指] 馬齢 16頭 本賞金:560,220,140,84,56万円",16,560.0,,1,13,テンカムテキ,,,,-,,-,,,,-,-,,,
202505040102,2025-10-04,東京,2,2歳未勝利,芝,2000,左,曇,良,"4回 東京 1日目 サラ系２歳 未勝利       [指] 馬齢 9頭 本賞金:560,220,140,84,56万円",9,560.0,1,1,1,ミッキーマーメイド,牝,2,55.0,松山,120.3,,2,4.2,34.2,5-5-2,栗東 福永,456,-4,
202505040102,2025-10-04,東京,2,2歳未勝利,芝,2000,左,曇,良,"4回 東京 1日目 サラ系２歳 未勝利       [指] 馬齢 9頭 本賞金:560,220,140,84,56万円",9,560.0,2,5,5,ガードオブオナー,牡,2,56.0,戸崎圭,120.6,1.3/4,3,5.1,34.2,7-6-5,美浦 林,504,10,
202505040102,2025-10-04,東京,2,2歳未勝利,芝,2000,左,曇,良,"4回 東京 1日目 サラ系２歳 未勝利       [指] 馬齢 9頭 本賞金:560,220,140,84,56万円",9,560.0,3,3,3,アルデキングダム,牡,2,56.0,江田照,120.6,クビ,4,6.8,34.2,6-6-5,美浦 村田,464,-2,
202505040102,2025-10-04,東京,2,2歳未勝利,芝,2000,左,曇,良,"4回 東京 1日目 サラ系２歳 未勝利       [指] 馬齢 9頭 本賞金:560,220,140,84,56万円",9,560.0,4,8,8,スカイストライプス,牡,2,56.0,横山典,120.7,3/4,1,2.1,34.6,2-2-2,栗東 安田,488,0,
202505040102,2025-10-04,東京,2,2歳未勝利,芝,2000,左,曇,良,"4回 東京 1日目 サラ系２歳 未勝利       [指] 馬齢 9頭 本賞金:560,220,140,84,56万円",9,560.0,5,7,7,アイムスティルミー,セ,2,56.0,嶋田,121.4,4,7,42.8,35.5,1-1-1,美浦 手塚久,436,6,
202505040102,2025-10-04,東京,2,2歳未勝利,芝,2000,左,曇,良,"4回 東京 1日目 サラ系２歳 未勝利       [指] 馬齢 9頭 本賞金:560,220,140,84,56万円",9,560.0,6,2,2,ブルージェネシス,牡,2,53.0,▲遠藤,121.4,ハナ,6,16.6,35.2,2-3-4,美浦 菊川,446,4,
202505040102,2025-10-04,東京,2,2歳未勝利,芝,2000,左,曇,良,"4回 東京 1日目 サラ系２歳 未勝利       [指] 馬齢 9頭 本賞金:560,220,140,84,56万円",9,560.0,7,6,6,オーキッドワン,牡,2,56.0,武藤,121.8,2.1/2,8,238.0,35.1,8-8-8,美浦 水野,442,2,
202505040102,2025-10-04,東京,2,2歳未勝利,芝,2000,左,曇,良,"4回 東京 1日目 サラ系２歳 未勝利       [指] 馬齢 9頭 本賞金:560,220,140,84,56万円",9,560.0,8,8,9,コスモグロボーサ,牡,2,53.0,▲石神道,122.3,3,9,286.1,36.0,2-3-5,美浦 天間,502,-6,
202505040102,2025-10-04,東京,2,2歳未勝利,芝,2000,左,曇,良,"4回 東京 1日目 サラ系２歳 未勝利       [指] 馬齢 9頭 本賞金:560,220,140,84,56万円",9,560.0,9,4,4,セイウンアズール,牝,2,55.0,津村,122.6,1.1/2,5,8.6,35.9,9-9-8,美浦 千葉,452,0,
202505040102,2025-10-04,東京,2,2歳未勝利,芝,2000,左,曇,良,"4回 東京 1日目 サラ系２歳 未勝利       [指] 馬齢 9頭 本賞金:560,220,140,84,56万円",9,560.0,,1,1,ミッキーマーメイド,,,94.0,92,,13.3,1,12.0,5.0,11.8,5,,,
202505040102,2025-10-04,東京,2,2歳未勝利,芝,2000,左,曇,良,"4回 東京 1日目 サラ系２歳 未勝利       [指] 馬齢 9頭 本賞金:560,220,140,84,56万円",9,560.0,,1,1,ミッキーマーメイド,,,,-,,-,,,,-,-,,,
202505040103,2025-10-04,東京,3,2歳新馬,芝,1400,左,曇,良,"4回 東京 1日目 サラ系２歳 新馬       (混)[指] 馬齢 18頭 本賞金:750,300,190,110,75万円",18,750.0,1,1,1,ファインサマーデイ,牡,2,56.0,菅原明,83.4,,2,5.7,33.9,1-1,美浦 高柳瑞,458,0,
202505040103,2025-10-04,東京,3,2歳新馬,芝,1400,左,曇,良,"4回 東京 1日目 サラ系２歳 新馬       (混)[指] 馬齢 18頭 本賞金:750,300,190,110,75万円",18,750.0,2,5,9,ジャスフォール,牡,2,56.0,石橋脩,83.8,2.1/2,4,6.7,33.5,11-7,美浦 上原佑,482,0,
202505040103,2025-10-04,東京,3,2歳新馬,芝,1400,左,曇,良,"4回 東京 1日目 サラ系２歳 新馬       (混)[指] 馬齢 18頭 本賞金:750,300,190,110,75万円",18,750.0,3,8,16,ショウナンパトス,牡,2,56.0,横山和,83.8,クビ,5,14.8,33.8,4-4,美浦 中舘,446,0,
202505040103,2025-10-04,東京,3,2歳新馬,芝,1400,左,曇,良,"4回 東京 1日目 サラ系２歳 新馬       (混)[指] 馬齢 18頭 本賞金:750,300,190,110,75万円",18,750.0,4,8,18,ディサイドオンミー,牝,2,55.0,松岡,84.1,1.1/2,10,37.3,34.3,3-2,美浦 堀内,420,0,
202505040103,2025-10-04,東京,3,2歳新馬,芝,1400,左,曇,良,"4回 東京 1日目 サラ系２歳 新馬       (混)[指] 馬齢 18頭 本賞金:750,300,190,110,75万円",18,750.0,5,7,13,ブランチアウト,牡,2,56.0,古川吉,84.2,3/4,3,6.6,34.5,2-2,栗東 昆,446,0,
202505040103,2025-10-04,東京,3,2歳新馬,芝,1400,左,曇,良,"4回 東京 1日目 サラ系２歳 新馬       (混)[指] 馬齢 18頭 本賞金:750,300,190,110,75万円",18,750.0,6,6,12,モンサンドール,牝,2,55.0,木幡巧,84.3,1/2,9,25.3,34.1,6-7,美浦 牧,390,0,
202505040103,2025-10-04,東京,3,2歳新馬,芝,1400,左,曇,良,"4回 東京 1日目 サラ系２歳 新馬       (混)[指] 馬齢 18頭 本賞金:750,300,190,110,75万円",18,750.0,7,2,3,エフティヴェント,牡,2,56.0,伊藤,84.4,1,11,56.7,34.4,4-4,美浦 金成,420,0,
202505040103,2025-10-04,東京,3,2歳新馬,芝,1400,左,曇,良,"4回 東京 1日目 サラ系２歳 新馬       (混)[指] 馬齢 18頭 本賞金:750,300,190,110,75万円",18,750.0,8,5,10,フーディエラン,牝,2,55.0,横山琉,84.5,1/2,8,24.3,33.7,16-15,美浦 田中剛,424,0,
202505040103,2025-10-04,東京,3,2歳新馬,芝,1400,左,曇,良,"4回 東京 1日目 サラ系２歳 新馬       (混)[指] 馬齢 18頭 本賞金:750,300,190,110,75万円",18,750.0,9,7,15,ワイルドカモミール,牝,2,55.0,柴田大,84.6,1/2,7,23.4,34.2,9-11,美浦 金成,434,0,
202505040103,2025-10-04,東京,3,2歳新馬,芝,1400,左,曇,良,"4回 東京 1日目 サラ系２歳 新馬       (混)[指] 馬齢 18頭 本賞金:750,300,190,110,75万円",18,750.0,10,7,14,ミラビリオン,牡,2,56.0,菊沢,84.6,クビ,12,58.2,34.1,11-13,美浦 伊坂,490,0,
202505040103,2025-10-04,東京,3,2歳新馬,芝,1400,左,曇,良,"4回 東京 1日目 サラ系２歳 新馬       (混)[指] 馬齢 18頭 本賞金:750,300,190,110,75万円",18,750.0,11,2,4,ピコテーパー,牡,2,56.0,杉原,84.7,クビ,6,20.5,34.4,9-7,美浦 伊藤大,498,0,
202505040103,2025-10-04,東京,3,2歳新馬,芝,1400,左,曇,良,"4回 東京 1日目 サラ系２歳 新馬       (混)[指] 馬齢 18頭 本賞金:750,300,190,110,75万円",18,750.0,12,3,5,モンテール,牡,2,56.0,佐々木,84.9,1,1,2.2,34.4,14-13,美浦 栗田,430,0,
202505040103,2025-10-04,東京,3,2歳新馬,芝,1400,左,曇,良,"4回 東京 1日目 サラ系２歳 新馬       (混)[指] 馬齢 18頭 本賞金:750,300,190,110,75万円",18,750.0,13,1,2,リケアフェデリーニ,牝,2,55.0,原田和,84.9,クビ,16,348.5,34.7,6-7,美浦 蛯名利,462,0,
202505040103,2025-10-04,東京,3,2歳新馬,芝,1400,左,曇,良,"4回 東京 1日目 サラ系２歳 新馬       (混)[指] 馬齢 18頭 本賞金:750,300,190,110,75万円",18,750.0,14,6,11,ナンヨーメルシー,牡,2,56.0,柴田善,85.1,1.1/4,13,62.3,34.3,14-15,美浦 杉浦,418,0,
202505040103,2025-10-04,東京,3,2歳新馬,芝,1400,左,曇,良,"4回 東京 1日目 サラ系２歳 新馬       (混)[指] 馬齢 18頭 本賞金:750,300,190,110,75万円",18,750.0,15,4,7,ソヴァージュ,牝,2,55.0,大野,85.3,1,14,169.8,35.3,6-4,美浦 菊川,434,0,
202505040103,2025-10-04,東京,3,2歳新馬,芝,1400,左,曇,良,"4回 東京 1日目 サラ系２歳 新馬       (混)[指] 馬齢 18頭 本賞金:750,300,190,110,75万円",18,750.0,16,4,8,アイファーサックス,牝,2,55.0,野中,85.6,1.3/4,15,330.4,34.8,17-15,美浦 根本,406,0,
202505040103,2025-10-04,東京,3,2歳新馬,芝,1400,左,曇,良,"4回 東京 1日目 サラ系２歳 新馬       (混)[指] 馬齢 18頭 本賞金:750,300,190,110,75万円",18,750.0,17,3,6,ウィザードオブマリ,牝,2,55.0,菅原隆,85.8,1.1/2,17,363.7,35.4,11-11,美浦 蛯名利,456,0,
202505040103,2025-10-04,東京,3,2歳新馬,芝,1400,左,曇,良,"4回 東京 1日目 サラ系２歳 新馬       (混)[指] 馬齢 18頭 本賞金:750,300,190,110,75万円",18,750.0,,8,17,テラシエスタ,牡,2,56.0,内田博,,,,,,,美浦 黒岩,456,0,除外
202505040103,2025-10-04,東京,3,2歳新馬,芝,1400,左,曇,良,"4回 東京 1日目 サラ系２歳 新馬       (混)[指] 馬齢 18頭 本賞金:750,300,190,110,75万円",18,750.0,,1,1,ファインサマーデイ,,,90.0,62,,12.8,2,11.6,1.0,12.5,1,,,
202505040103,2025-10-04,東京,3,2歳新馬,芝,1400,左,曇,良,"4回 東京 1日目 サラ系２歳 新馬       (混)[指] 馬齢 18頭 本賞金:750,300,190,110,75万円",18,750.0,,1,1,ファインサマーデイ,,,,-,,-,,,,-,-,,,
202505040104,2025-10-04,東京,4,3歳以上障害OP,障,3100,,曇,良,"4回 東京 1日目 障害３歳以上 オープン       (混) 別定 11頭 本賞金:1430,570,360,210,143万円",11,1430.0,1,8,11,ジオフロント,牡,7,57.0,▲鷲頭,210.4,,4,7.4,13.6,3-3-2-2,栗東 清水久,476,-4,
202505040104,2025-10-04,東京,4,3歳以上障害OP,障,3100,,曇,良,"4回 東京 1日目 障害３歳以上 オープン       (混) 別定 11頭 本賞金:1430,570,360,210,143万円",11,1430.0,2,1,1,スズカハービン,牡,5,61.0,難波,210.6,1.1/4,1,2.1,13.6,3-3-5-4,栗東 高橋忠,466,-4,
202505040104,2025-10-04,東京,4,3歳以上障害OP,障,3100,,曇,良,"4回 東京 1日目 障害３歳以上 オープン       (混) 別定 11頭 本賞金:1430,570,360,210,143万円",11,1430.0,3,6,7,ピーターサイト,牡,5,60.0,上野,210.6,クビ,2,4.4,13.6,1-1-1-1,美浦 村田,482,6,
202505040104,2025-10-04,東京,4,3歳以上障害OP,障,3100,,曇,良,"4回 東京 1日目 障害３歳以上 オープン       (混) 別定 11頭 本賞金:1430,570,360,210,143万円",11,1430.0,4,7,8,ピンポイントドロー,牡,5,60.0,五十嵐,212.4,大,10,104.0,13.7,9-9-10-10,美浦 田中勝,512,6,
202505040104,2025-10-04,東京,4,3歳以上障害OP,障,3100,,曇,良,"4回 東京 1日目 障害３歳以上 オープン       (混) 別定 11頭 本賞金:1430,570,360,210,143万円",11,1430.0,5,5,5,ブリエヴェール,牡,7,61.0,金子,212.5,クビ,6,21.0,13.7,7-6-5-6,美浦 小笠,462,6,
202505040104,2025-10-04,東京,4,3歳以上障害OP,障,3100,,曇,良,"4回 東京 1日目 障害３歳以上 オープン       (混) 別定 11頭 本賞金:1430,570,360,210,143万円",11,1430.0,6,3,3,テクネチウム,牡,4,60.0,小野寺,212.7,1.1/4,9,66.7,13.7,3-3-2-2,栗東 前川,490,0,
202505040104,2025-10-04,東京,4,3歳以上障害OP,障,3100,,曇,良,"4回 東京 1日目 障害３歳以上 オープン       (混) 別定 11頭 本賞金:1430,570,360,210,143万円",11,1430.0,7,6,6,スピアヘッド,牡,6,60.0,石神深,213.0,1.3/4,7,22.1,13.7,10-10-7-7,美浦 菊川,452,4,
202505040104,2025-10-04,東京,4,3歳以上障害OP,障,3100,,曇,良,"4回 東京 1日目 障害３歳以上 オープン       (混) 別定 11頭 本賞金:1430,570,360,210,143万円",11,1430.0,8,8,10,シゲルタヌキ,牡,6,60.0,小坂,213.3,1.1/2,8,36.3,13.8,2-2-2-4,栗東 谷,484,-2,
202505040104,2025-10-04,東京,4,3歳以上障害OP,障,3100,,曇,良,"4回 東京 1日目 障害３歳以上 オープン       (混) 別定 11頭 本賞金:1430,570,360,210,143万円",11,1430.0,9,7,9,モントライゼ,牡,7,60.0,高田,213.5,1.1/2,3,4.9,13.8,6-6-7-7,栗東 松永幹,518,-2,
202505040104,2025-10-04,東京,4,3歳以上障害OP,障,3100,,曇,良,"4回 東京 1日目 障害３歳以上 オープン       (混) 別定 11頭 本賞金:1430,570,360,210,143万円",11,1430.0,10,2,2,マイネルヴァッサー,牡,12,60.0,▲坂口,215.7,大,11,114.1,13.9,8-8-9-9,美浦 土田,440,16,
202505040104,2025-10-04,東京,4,3歳以上障害OP,障,3100,,曇,良,"4回 東京 1日目 障害３歳以上 オープン       (混) 別定 11頭 本賞金:1430,570,360,210,143万円",11,1430.0,11,4,4,パープルアドミラル,牡,5,60.0,大江圭,216.6,5,5,16.0,14.0,11-11-11-11,美浦 堀内,446,8,
202505040105,2025-10-04,東京,5,2歳新馬,芝,1800,左,曇,良,"4回 東京 1日目 サラ系２歳 新馬       (混)[指] 馬齢 17頭 本賞金:750,300,190,110,75万円",17,750.0,1,2,3,カレントゥルーシー,牡,2,56.0,松山,108.3,,2,4.1,34.2,1-1-1,栗東 鈴木孝,494,0,
202505040105,2025-10-04,東京,5,2歳新馬,芝,1800,左,曇,良,"4回 東京 1日目 サラ系２歳 新馬       (混)[指] 馬齢 17頭 本賞金:750,300,190,110,75万円",17,750.0,2,3,5,スカイリッチ,牡,2,56.0,菅原明,108.5,1.1/4,7,12.9,34.0,8-7-6,美浦 小笠,422,0,
202505040105,2025-10-04,東京,5,2歳新馬,芝,1800,左,曇,良,"4回 東京 1日目 サラ系２歳 新馬       (混)[指] 馬齢 17頭 本賞金:750,300,190,110,75万円",17,750.0,3,7,14,ロジケープ,牡,2,56.0,吉田隼,108.7,1.1/2,4,8.2,34.5,4-3-3,美浦 尾形,502,0,
202505040105,2025-10-04,東京,5,2歳新馬,芝,1800,左,曇,良,"4回 東京 1日目 サラ系２歳 新馬       (混)[指] 馬齢 17頭 本賞金:750,300,190,110,75万円",17,750.0,4,8,16,ラグアイリータ,牝,2,55.0,丸山,108.8,クビ,16,280.8,34.7,5-2-2,美浦 岩戸,438,0,
202505040105,2025-10-04,東京,5,2歳新馬,芝,1800,左,曇,良,"4回 東京 1日目 サラ系２歳 新馬       (混)[指] 馬齢 17頭 本賞金:750,300,190,110,75万円",17,750.0,5,4,8,ファーザーアウェイ,牡,2,56.0,三浦,108.8,アタマ,1,3.2,34.0,10-9-9,美浦 尾関,474,0,
202505040105,2025-10-04,東京,5,2歳新馬,芝,1800,左,曇,良,"4回 東京 1日目 サラ系２歳 新馬       (混)[指] 馬齢 17頭 本賞金:750,300,190,110,75万円",17,750.0,6,1,2,ヴェルメロディ,牝,2,54.0,☆吉村,108.8,アタマ,5,8.3,34.5,5-3-4,栗東 福永,446,0,
202505040105,2025-10-04,東京,5,2歳新馬,芝,1800,左,曇,良,"4回 東京 1日目 サラ系２歳 新馬       (混)[指] 馬齢 17頭 本賞金:750,300,190,110,75万円",17,750.0,7,5,9,ファムクラジューズ,牝,2,52.0,▲石神道,108.9,3/4,11,54.7,34.1,13-9-9,美浦 黒岩,424,0,
202505040105,2025-10-04,東京,5,2歳新馬,芝,1800,左,曇,良,"4回 東京 1日目 サラ系２歳 新馬       (混)[指] 馬齢 17頭 本賞金:750,300,190,110,75万円",17,750.0,8,8,15,マーゴットライズ,牡,2,56.0,佐々木,108.9,ハナ,3,6.2,34.2,8-7-8,美浦 伊坂,470,0,
202505040105,2025-10-04,東京,5,2歳新馬,芝,1800,左,曇,良,"4回 東京 1日目 サラ系２歳 新馬       (混)[指] 馬齢 17頭 本賞金:750,300,190,110,75万円",17,750.0,9,6,11,ナックホワイト,牝,2,55.0,大野,109.2,1.1/2,13,165.9,34.0,10-11-11,美浦 杉浦,484,0,
202505040105,2025-10-04,東京,5,2歳新馬,芝,1800,左,曇,良,"4回 東京 1日目 サラ系２歳 新馬       (混)[指] 馬齢 17頭 本賞金:750,300,190,110,75万円",17,750.0,10,6,12,ブラックパロット,牡,2,56.0,戸崎圭,109.3,1,6,12.0,34.2,13-11-11,美浦 黒岩,536,0,
202505040105,2025-10-04,東京,5,2歳新馬,芝,1800,左,曇,良,"4回 東京 1日目 サラ系２歳 新馬       (混)[指] 馬齢 17頭 本賞金:750,300,190,110,75万円",17,750.0,11,3,6,エコロセレナ,牝,2,55.0,丹内,109.5,1.1/2,9,32.5,35.1,2-5-4,美浦 斎藤誠,474,0,
202505040105,2025-10-04,東京,5,2歳新馬,芝,1800,左,曇,良,"4回 東京 1日目 サラ系２歳 新馬       (混)[指] 馬齢 17頭 本賞金:750,300,190,110,75万円",17,750.0,12,2,4,ウインターアヘッド,牡,2,56.0,杉原,109.7,1,10,48.4,34.2,5-13-13,美浦 小島,474,0,
202505040105,2025-10-04,東京,5,2歳新馬,芝,1800,左,曇,良,"4回 東京 1日目 サラ系２歳 新馬       (混)[指] 馬齢 17頭 本賞金:750,300,190,110,75万円",17,750.0,13,5,10,カサナルキセキ,牝,2,55.0,原,110.1,2.1/2,14,167.1,34.6,10-13-13,美浦 青木,448,0,
202505040105,2025-10-04,東京,5,2歳新馬,芝,1800,左,曇,良,"4回 東京 1日目 サラ系２歳 新馬       (混)[指] 馬齢 17頭 本賞金:750,300,190,110,75万円",17,750.0,14,1,1,スカーレットジーン,牝,2,55.0,石川,110.6,3,12,96.4,34.7,15-15-15,美浦 水野,428,0,
202505040105,2025-10-04,東京,5,2歳新馬,芝,1800,左,曇,良,"4回 東京 1日目 サラ系２歳 新馬       (混)[指] 馬齢 17頭 本賞金:750,300,190,110,75万円",17,750.0,15,7,13,アルクノワール,牝,2,55.0,木幡巧,110.6,クビ,8,31.8,36.1,2-5-6,美浦 牧,406,0,
202505040105,2025-10-04,東京,5,2歳新馬,芝,1800,左,曇,良,"4回 東京 1日目 サラ系２歳 新馬       (混)[指] 馬齢 17頭 本賞金:750,300,190,110,75万円",17,750.0,16,4,7,アタックエース,牡,2,56.0,原田和,111.2,3.1/2,17,345.3,35.1,15-16-16,美浦 蛯名利,474,0,
202505040105,2025-10-04,東京,5,2歳新馬,芝,1800,左,曇,良,"4回 東京 1日目 サラ系２歳 新馬       (混)[指] 馬齢 17頭 本賞金:750,300,190,110,75万円",17,750.0,17,8,17,アズサ,牝,2,55.0,嶋田,112.4,7,15,190.2,35.7,17-17-17,美浦 和田郎,480,0,
202505040105,2025-10-04,東京,5,2歳新馬,芝,1800,左,曇,良,"4回 東京 1日目 サラ系２歳 新馬       (混)[指] 馬齢 17頭 本賞金:750,300,190,110,75万円",17,750.0,,1,3,カレントゥルーシー,,,90.0,79,,13.3,1,11.8,3.0,12.0,2,,,
202505040105,2025-10-04,東京,5,2歳新馬,芝,1800,左,曇,良,"4回 東京 1日目 サラ系２歳 新馬       (混)[指] 馬齢 17頭 本賞金:750,300,190,110,75万円",17,750.0,,1,3,カレントゥルーシー,,,,-,,-,,,,-,-,,,
202505040106,2025-10-04,東京,6,3歳以上1勝クラス,ダ,1400,左,曇,良,"4回 東京 1日目 サラ系３歳以上 １勝クラス       (混)[指] 定量 16頭 本賞金:800,320,200,120,80万円",16,800.0,1,5,10,ゲキザル,牡,6,58.0,小林脩,85.9,,8,26.1,36.3,11-11,美浦 青木,480,4,
202505040106,2025-10-04,東京,6,3歳以上1勝クラス,ダ,1400,左,曇,良,"4回 東京 1日目 サラ系３歳以上 １勝クラス       (混)[指] 定量 16頭 本賞金:800,320,200,120,80万円",16,800.0,2,7,13,ピコテンダー,牝,3,53.0,戸崎圭,86.0,1/2,1,1.7,36.9,5-5,美浦 上原佑,484,-6,
202505040106,2025-10-04,東京,6,3歳以上1勝クラス,ダ,1400,左,曇,良,"4回 東京 1日目 サラ系３歳以上 １勝クラス       (混)[指] 定量 16頭 本賞金:800,320,200,120,80万円",16,800.0,3,3,5,ポッドベル,牡,3,56.0,横山武,86.0,アタマ,4,12.7,36.9,6-5,美浦 和田勇,468,6,
202505040106,2025-10-04,東京,6,3歳以上1勝クラス,ダ,1400,左,曇,良,"4回 東京 1日目 サラ系３歳以上 １勝クラス       (混)[指] 定量 16頭 本賞金:800,320,200,120,80万円",16,800.0,4,3,6,ホウオウゴールド,牡,3,56.0,横山和,86.2,1.1/4,3,10.2,36.3,13-13,美浦 栗田,472,4,
202505040106,2025-10-04,東京,6,3歳以上1勝クラス,ダ,1400,左,曇,良,"4回 東京 1日目 サラ系３歳以上 １勝クラス       (混)[指] 定量 16頭 本賞金:800,320,200,120,80万円",16,800.0,5,5,9,スプランドゥール,牡,4,55.0,▲石神道,86.5,1.3/4,2,5.3,37.0,9-10,美浦 和田雄,478,12,
202505040106,2025-10-04,東京,6,3歳以上1勝クラス,ダ,1400,左,曇,良,"4回 東京 1日目 サラ系３歳以上 １勝クラス       (混)[指] 定量 16頭 本賞金:800,320,200,120,80万円",16,800.0,6,1,2,ラッキーヤース,牡,4,55.0,▲小林美,86.5,ハナ,11,38.9,36.4,14-15,美浦 鈴木伸,466,0,
202505040106,2025-10-04,東京,6,3歳以上1勝クラス,ダ,1400,左,曇,良,"4回 東京 1日目 サラ系３歳以上 １勝クラス       (混)[指] 定量 16頭 本賞金:800,320,200,120,80万円",16,800.0,7,1,1,サンロレンツォ,牝,4,56.0,三浦,86.6,クビ,10,36.1,36.7,14-13,美浦 武藤,514,4,
202505040106,2025-10-04,東京,6,3歳以上1勝クラス,ダ,1400,左,曇,良,"4回 東京 1日目 サラ系３歳以上 １勝クラス       (混)[指] 定量 16頭 本賞金:800,320,200,120,80万円",16,800.0,8,6,12,パッセアジル,牡,4,58.0,石川,86.6,クビ,6,23.7,37.8,3-3,美浦 千葉,470,0,
202505040106,2025-10-04,東京,6,3歳以上1勝クラス,ダ,1400,左,曇,良,"4回 東京 1日目 サラ系３歳以上 １勝クラス       (混)[指] 定量 16頭 本賞金:800,320,200,120,80万円",16,800.0,9,7,14,メレカリキマカ,牡,7,58.0,菊沢,86.6,アタマ,16,400.5,36.9,12-11,美浦 小島,502,2,
202505040106,2025-10-04,東京,6,3歳以上1勝クラス,ダ,1400,左,曇,良,"4回 東京 1日目 サラ系３歳以上 １勝クラス       (混)[指] 定量 16頭 本賞金:800,320,200,120,80万円",16,800.0,10,2,3,ブリックンクリック,セ,3,55.0,☆吉村,86.8,1.1/4,12,44.8,38.2,2-1,美浦 中舘,462,4,
202505040106,2025-10-04,東京,6,3歳以上1勝クラス,ダ,1400,左,曇,良,"4回 東京 1日目 サラ系３歳以上 １勝クラス       (混)[指] 定量 16頭 本賞金:800,320,200,120,80万円",16,800.0,11,8,16,シュガーハイ,牡,3,54.0,△長浜,86.9,クビ,7,23.8,37.7,6-5,美浦 加藤士,514,6,
202505040106,2025-10-04,東京,6,3歳以上1勝クラス,ダ,1400,左,曇,良,"4回 東京 1日目 サラ系３歳以上 １勝クラス       (混)[指] 定量 16頭 本賞金:800,320,200,120,80万円",16,800.0,12,4,8,グアラニア,牡,4,58.0,原,87.3,2.1/2,15,216.8,38.4,3-3,美浦 矢野,498,-11,
202505040106,2025-10-04,東京,6,3歳以上1勝クラス,ダ,1400,左,曇,良,"4回 東京 1日目 サラ系３歳以上 １勝クラス       (混)[指] 定量 16頭 本賞金:800,320,200,120,80万円",16,800.0,13,8,15,フレイムジョーカー,牡,6,58.0,菅原明,87.5,1.1/4,5,23.4,38.1,6-8,美浦 岩戸,490,-2,
202505040106,2025-10-04,東京,6,3歳以上1勝クラス,ダ,1400,左,曇,良,"4回 東京 1日目 サラ系３歳以上 １勝クラス       (混)[指] 定量 16頭 本賞金:800,320,200,120,80万円",16,800.0,14,6,11,デルマムーン,牡,3,56.0,荻野極,87.5,クビ,9,34.8,37.2,16-16,美浦 鹿戸,520,2,
202505040106,2025-10-04,東京,6,3歳以上1勝クラス,ダ,1400,左,曇,良,"4回 東京 1日目 サラ系３歳以上 １勝クラス       (混)[指] 定量 16頭 本賞金:800,320,200,120,80万円",16,800.0,15,2,4,レミギノテソーロ,牡,3,56.0,木幡巧,88.2,4,14,95.4,39.6,1-2,美浦 牧,480,6,
202505040106,2025-10-04,東京,6,3歳以上1勝クラス,ダ,1400,左,曇,良,"4回 東京 1日目 サラ系３歳以上 １勝クラス       (混)[指] 定量 16頭 本賞金:800,320,200,120,80万円",16,800.0,16,4,7,アルナイル,牡,4,58.0,内田博,91.6,大,13,54.4,42.2,9-8,美浦 大竹,472,-6,
202505040106,2025-10-04,東京,6,3歳以上1勝クラス,ダ,1400,左,曇,良,"4回 東京 1日目 サラ系３歳以上 １勝クラス       (混)[指] 定量 16頭 本賞金:800,320,200,120,80万円",16,800.0,,1,10,ゲキザル,,,91.0,80,,13.1,10,11.6,4.0,12.1,4,,,
202505040106,2025-10-04,東京,6,3歳以上1勝クラス,ダ,1400,左,曇,良,"4回 東京 1日目 サラ系３歳以上 １勝クラス       (混)[指] 定量 16頭 本賞金:800,320,200,120,80万円",16,800.0,,1,10,ゲキザル,,,,-,,-,,,,-,-,,,
202505040107,2025-10-04,東京,7,3歳以上1勝クラス,芝,2000,左,曇,良,"4回 東京 1日目 サラ系３歳以上 １勝クラス       牝[指] 定量 10頭 本賞金:800,320,200,120,80万円",10,800.0,1,7,7,サラスヴァティー,牝,3,54.0,横山武,120.8,,6,12.8,33.2,2-1-1,美浦 森一,470,-20,
202505040107,2025-10-04,東京,7,3歳以上1勝クラス,芝,2000,左,曇,良,"4回 東京 1日目 サラ系３歳以上 １勝クラス       牝[指] 定量 10頭 本賞金:800,320,200,120,80万円",10,800.0,2,6,6,リポサンテ,牝,3,54.0,横山和,120.8,クビ,3,5.4,32.6,6-5-5,美浦 蛯名正,440,6,
202505040107,2025-10-04,東京,7,3歳以上1勝クラス,芝,2000,左,曇,良,"4回 東京 1日目 サラ系３歳以上 １勝クラス       牝[指] 定量 10頭 本賞金:800,320,200,120,80万円",10,800.0,3,2,2,キューティリップ,牝,3,54.0,丹内,121.0,1.1/4,2,3.7,32.6,2-5-6,美浦 戸田,458,2,
202505040107,2025-10-04,東京,7,3歳以上1勝クラス,芝,2000,左,曇,良,"4回 東京 1日目 サラ系３歳以上 １勝クラス       牝[指] 定量 10頭 本賞金:800,320,200,120,80万円",10,800.0,4,7,8,エポナ,牝,3,54.0,戸崎圭,121.1,3/4,1,2.3,33.2,5-3-3,美浦 木村,500,0,
202505040107,2025-10-04,東京,7,3歳以上1勝クラス,芝,2000,左,曇,良,"4回 東京 1日目 サラ系３歳以上 １勝クラス       牝[指] 定量 10頭 本賞金:800,320,200,120,80万円",10,800.0,5,8,9,オプレントジュエル,牝,3,54.0,三浦,121.1,ハナ,5,12.7,33.4,2-2-2,美浦 田村,516,2,
202505040107,2025-10-04,東京,7,3歳以上1勝クラス,芝,2000,左,曇,良,"4回 東京 1日目 サラ系３歳以上 １勝クラス       牝[指] 定量 10頭 本賞金:800,320,200,120,80万円",10,800.0,6,3,3,トロピカルティー,牝,4,56.0,菅原明,121.5,2.1/2,4,7.4,32.9,6-7-7,美浦 林,452,12,
202505040107,2025-10-04,東京,7,3歳以上1勝クラス,芝,2000,左,曇,良,"4回 東京 1日目 サラ系３歳以上 １勝クラス       牝[指] 定量 10頭 本賞金:800,320,200,120,80万円",10,800.0,7,4,4,デルマジュテーム,牝,3,54.0,的場,121.7,1.1/2,10,222.9,33.1,6-7-7,美浦 的場,452,-4,
202505040107,2025-10-04,東京,7,3歳以上1勝クラス,芝,2000,左,曇,良,"4回 東京 1日目 サラ系３歳以上 １勝クラス       牝[指] 定量 10頭 本賞金:800,320,200,120,80万円",10,800.0,8,1,1,ヒロインズクレスト,牝,4,56.0,古川吉,121.9,1.1/4,9,209.7,32.9,9-9-10,栗東 本田,474,-2,
202505040107,2025-10-04,東京,7,3歳以上1勝クラス,芝,2000,左,曇,良,"4回 東京 1日目 サラ系３歳以上 １勝クラス       牝[指] 定量 10頭 本賞金:800,320,200,120,80万円",10,800.0,9,5,5,ニシノエピカリ,牝,3,51.0,▲小林美,121.9,アタマ,8,28.6,33.9,1-3-4,美浦 手塚久,402,-4,
202505040107,2025-10-04,東京,7,3歳以上1勝クラス,芝,2000,左,曇,良,"4回 東京 1日目 サラ系３歳以上 １勝クラス       牝[指] 定量 10頭 本賞金:800,320,200,120,80万円",10,800.0,10,8,10,アビッサルスター,牝,3,54.0,佐々木,122.0,クビ,7,28.2,33.1,9-10-9,美浦 堀,428,-2,
202505040107,2025-10-04,東京,7,3歳以上1勝クラス,芝,2000,左,曇,良,"4回 東京 1日目 サラ系３歳以上 １勝クラス       牝[指] 定量 10頭 本賞金:800,320,200,120,80万円",10,800.0,,1,7,サラスヴァティー,,,89.0,81,,13.8,3,12.1,8.0,11.7,3,,,
202505040107,2025-10-04,東京,7,3歳以上1勝クラス,芝,2000,左,曇,良,"4回 東京 1日目 サラ系３歳以上 １勝クラス       牝[指] 定量 10頭 本賞金:800,320,200,120,80万円",10,800.0,,1,7,サラスヴァティー,,,,-,,-,,,,-,-,,,
202505040108,2025-10-04,東京,8,3歳以上1勝クラス,ダ,1600,左,曇,良,"4回 東京 1日目 サラ系３歳以上 １勝クラス       [指] 定量 16頭 本賞金:800,320,200,120,80万円",16,800.0,1,6,12,ヴォンフレ,牝,3,54.0,横山典,98.1,,6,14.8,36.2,7-6,美浦 村田,484,16,
202505040108,2025-10-04,東京,8,3歳以上1勝クラス,ダ,1600,左,曇,良,"4回 東京 1日目 サラ系３歳以上 １勝クラス       [指] 定量 16頭 本賞金:800,320,200,120,80万円",16,800.0,2,1,2,ジェイエルマスター,牡,3,56.0,横山和,98.1,1/2,1,1.9,34.9,15-15,美浦 小西,488,20,
202505040108,2025-10-04,東京,8,3歳以上1勝クラス,ダ,1600,左,曇,良,"4回 東京 1日目 サラ系３歳以上 １勝クラス       [指] 定量 16頭 本賞金:800,320,200,120,80万円",16,800.0,3,6,11,クニノハッピー,牡,3,56.0,横山琉,98.3,1.1/4,3,6.9,36.4,7-6,美浦 田中剛,476,8,
202505040108,2025-10-04,東京,8,3歳以上1勝クラス,ダ,1600,左,曇,良,"4回 東京 1日目 サラ系３歳以上 １勝クラス       [指] 定量 16頭 本賞金:800,320,200,120,80万円",16,800.0,4,4,7,ファンタイムギフト,牡,3,56.0,丹内,98.6,1.1/2,5,10.0,37.2,2-2,美浦 相沢,500,2,
202505040108,2025-10-04,東京,8,3歳以上1勝クラス,ダ,1600,左,曇,良,"4回 東京 1日目 サラ系３歳以上 １勝クラス       [指] 定量 16頭 本賞金:800,320,200,120,80万円",16,800.0,5,2,4,マリンバンカー,牡,4,58.0,岩部,98.6,クビ,12,66.8,36.1,11-10,美浦 南田,490,-4,
202505040108,2025-10-04,東京,8,3歳以上1勝クラス,ダ,1600,左,曇,良,"4回 東京 1日目 サラ系３歳以上 １勝クラス       [指] 定量 16頭 本賞金:800,320,200,120,80万円",16,800.0,6,4,8,ソニックライン,セ,4,58.0,荻野極,98.7,クビ,4,7.7,37.4,1-1,美浦 浅利,490,6,
202505040108,2025-10-04,東京,8,3歳以上1勝クラス,ダ,1600,左,曇,良,"4回 東京 1日目 サラ系３歳以上 １勝クラス       [指] 定量 16頭 本賞金:800,320,200,120,80万円",16,800.0,7,7,13,エドワードバローズ,牡,3,56.0,岩田康,99.0,1.3/4,2,6.2,36.3,11-11,美浦 奥村武,484,10,
202505040108,2025-10-04,東京,8,3歳以上1勝クラス,ダ,1600,左,曇,良,"4回 東京 1日目 サラ系３歳以上 １勝クラス       [指] 定量 16頭 本賞金:800,320,200,120,80万円",16,800.0,8,3,5,スパークインザアイ,セ,8,58.0,武藤,99.0,アタマ,15,368.9,37.3,4-4,美浦 小島,492,8,
202505040108,2025-10-04,東京,8,3歳以上1勝クラス,ダ,1600,左,曇,良,"4回 東京 1日目 サラ系３歳以上 １勝クラス       [指] 定量 16頭 本賞金:800,320,200,120,80万円",16,800.0,9,8,16,ロジリッキー,牡,3,53.0,▲小林美,99.4,2.1/2,9,61.0,37.4,4-8,美浦 国枝,488,0,
202505040108,2025-10-04,東京,8,3歳以上1勝クラス,ダ,1600,左,曇,良,"4回 東京 1日目 サラ系３歳以上 １勝クラス       [指] 定量 16頭 本賞金:800,320,200,120,80万円",16,800.0,10,7,14,レッドルイナール,セ,3,55.0,☆吉村,99.5,1/2,8,39.7,38.1,2-2,美浦 加藤征,478,0,
202505040108,2025-10-04,東京,8,3歳以上1勝クラス,ダ,1600,左,曇,良,"4回 東京 1日目 サラ系３歳以上 １勝クラス       [指] 定量 16頭 本賞金:800,320,200,120,80万円",16,800.0,11,5,9,リーゼントジェイド,セ,4,58.0,松岡,99.6,3/4,14,168.5,37.3,9-9,美浦 矢嶋,486,-6,
202505040108,2025-10-04,東京,8,3歳以上1勝クラス,ダ,1600,左,曇,良,"4回 東京 1日目 サラ系３歳以上 １勝クラス       [指] 定量 16頭 本賞金:800,320,200,120,80万円",16,800.0,12,3,6,ユニヴェール,セ,4,58.0,菅原明,100.1,3,10,61.9,37.3,13-13,美浦 高木,470,2,
202505040108,2025-10-04,東京,8,3歳以上1勝クラス,ダ,1600,左,曇,良,"4回 東京 1日目 サラ系３歳以上 １勝クラス       [指] 定量 16頭 本賞金:800,320,200,120,80万円",16,800.0,13,8,15,ロードソルスティス,牡,3,56.0,佐々木,100.2,1/2,7,36.6,37.6,9-11,美浦 斎藤誠,496,-24,
202505040108,2025-10-04,東京,8,3歳以上1勝クラス,ダ,1600,左,曇,良,"4回 東京 1日目 サラ系３歳以上 １勝クラス       [指] 定量 16頭 本賞金:800,320,200,120,80万円",16,800.0,14,1,1,アーチーテソーロ,牡,3,56.0,木幡巧,100.4,1.1/4,13,116.0,38.6,4-4,美浦 牧,486,1,
202505040108,2025-10-04,東京,8,3歳以上1勝クラス,ダ,1600,左,曇,良,"4回 東京 1日目 サラ系３歳以上 １勝クラス       [指] 定量 16頭 本賞金:800,320,200,120,80万円",16,800.0,15,5,10,ブラーブデシジョン,牡,3,56.0,石橋脩,100.5,1/2,11,66.2,37.6,13-14,美浦 牧,470,2,
202505040108,2025-10-04,東京,8,3歳以上1勝クラス,ダ,1600,左,曇,良,"4回 東京 1日目 サラ系３歳以上 １勝クラス       [指] 定量 16頭 本賞金:800,320,200,120,80万円",16,800.0,16,2,3,ヒロピアーナ,牡,5,58.0,丸田,101.1,3.1/2,16,473.5,37.6,16-16,美浦 石栗,538,-7,
202505040108,2025-10-04,東京,8,3歳以上1勝クラス,ダ,1600,左,曇,良,"4回 東京 1日目 サラ系３歳以上 １勝クラス       [指] 定量 16頭 本賞金:800,320,200,120,80万円",16,800.0,,1,12,ヴォンフレ,,,96.0,87,,12.7,8,11.6,5.0,12.5,4,,,
202505040108,2025-10-04,東京,8,3歳以上1勝クラス,ダ,1600,左,曇,良,"4回 東京 1日目 サラ系３歳以上 １勝クラス       [指] 定量 16頭 本賞金:800,320,200,120,80万円",16,800.0,,1,12,ヴォンフレ,,,,-,,-,,,,-,-,,,
202505040109,2025-10-04,東京,9,八ケ岳特別,芝,1800,左,曇,良,"4回 東京 1日目 サラ系３歳以上 ２勝クラス       (混)[指] 定量 12頭 本賞金:1550,620,390,230,155万円",12,1550.0,1,5,6,サトノヴィレ,セ,5,58.0,荻野極,105.4,,10,78.7,34.0,3-3-3,美浦 鹿戸,494,10,
202505040109,2025-10-04,東京,9,八ケ岳特別,芝,1800,左,曇,良,"4回 東京 1日目 サラ系３歳以上 ２勝クラス       (混)[指] 定量 12頭 本賞金:1550,620,390,230,155万円",12,1550.0,2,2,2,アルゲンテウス,セ,6,58.0,戸崎圭,105.5,1/2,4,10.6,33.0,8-8-8,美浦 小島,462,0,
202505040109,2025-10-04,東京,9,八ケ岳特別,芝,1800,左,曇,良,"4回 東京 1日目 サラ系３歳以上 ２勝クラス       (混)[指] 定量 12頭 本賞金:1550,620,390,230,155万円",12,1550.0,3,1,1,ラブリージャブリー,牝,3,54.0,三浦,105.7,1.1/2,1,1.7,32.7,11-10-10,美浦 蛯名正,424,0,
202505040109,2025-10-04,東京,9,八ケ岳特別,芝,1800,左,曇,良,"4回 東京 1日目 サラ系３歳以上 ２勝クラス       (混)[指] 定量 12頭 本賞金:1550,620,390,230,155万円",12,1550.0,4,6,7,マテンロウブラボー,牡,4,58.0,吉村,105.8,3/4,6,16.0,33.6,7-7-7,栗東 野中,506,2,
202505040109,2025-10-04,東京,9,八ケ岳特別,芝,1800,左,曇,良,"4回 東京 1日目 サラ系３歳以上 ２勝クラス       (混)[指] 定量 12頭 本賞金:1550,620,390,230,155万円",12,1550.0,5,8,11,バードウォッチャー,牡,4,58.0,吉田隼,105.9,クビ,9,77.8,33.1,8-9-9,美浦 国枝,480,-6,
202505040109,2025-10-04,東京,9,八ケ岳特別,芝,1800,左,曇,良,"4回 東京 1日目 サラ系３歳以上 ２勝クラス       (混)[指] 定量 12頭 本賞金:1550,620,390,230,155万円",12,1550.0,6,7,10,コスモアンソロジー,牡,3,56.0,丹内,106.1,1.1/2,3,7.9,34.1,5-5-5,美浦 嘉藤,446,0,
202505040109,2025-10-04,東京,9,八ケ岳特別,芝,1800,左,曇,良,"4回 東京 1日目 サラ系３歳以上 ２勝クラス       (混)[指] 定量 12頭 本賞金:1550,620,390,230,155万円",12,1550.0,7,6,8,エバーグルーヴ,牝,3,54.0,津村,106.2,1/2,2,5.3,33.3,10-10-10,栗東 藤岡,418,-6,
202505040109,2025-10-04,東京,9,八ケ岳特別,芝,1800,左,曇,良,"4回 東京 1日目 サラ系３歳以上 ２勝クラス       (混)[指] 定量 12頭 本賞金:1550,620,390,230,155万円",12,1550.0,8,5,5,ドリームクルーズ,牝,4,56.0,吉田豊,106.4,1.1/2,5,12.0,35.9,1-1-1,美浦 戸田,494,8,
202505040109,2025-10-04,東京,9,八ケ岳特別,芝,1800,左,曇,良,"4回 東京 1日目 サラ系３歳以上 ２勝クラス       (混)[指] 定量 12頭 本賞金:1550,620,390,230,155万円",12,1550.0,9,7,9,ジッピーレーサー,セ,8,58.0,大野,106.5,クビ,11,92.9,34.4,5-5-5,美浦 天間,492,14,
202505040109,2025-10-04,東京,9,八ケ岳特別,芝,1800,左,曇,良,"4回 東京 1日目 サラ系３歳以上 ２勝クラス       (混)[指] 定量 12頭 本賞金:1550,620,390,230,155万円",12,1550.0,10,3,3,アヴニールドブリエ,セ,5,58.0,杉原,106.6,3/4,8,69.1,33.1,12-12-12,美浦 大和田,510,6,
202505040109,2025-10-04,東京,9,八ケ岳特別,芝,1800,左,曇,良,"4回 東京 1日目 サラ系３歳以上 ２勝クラス       (混)[指] 定量 12頭 本賞金:1550,620,390,230,155万円",12,1550.0,11,4,4,ミラーダカリエンテ,牝,3,54.0,石川,107.9,8,7,16.7,36.4,3-3-4,美浦 相沢,480,4,
202505040109,2025-10-04,東京,9,八ケ岳特別,芝,1800,左,曇,良,"4回 東京 1日目 サラ系３歳以上 ２勝クラス       (混)[指] 定量 12頭 本賞金:1550,620,390,230,155万円",12,1550.0,12,8,12,イサチルカゼニタツ,牡,4,58.0,木幡巧,112.2,大,12,302.4,41.6,2-2-2,美浦 辻,484,-6,
202505040109,2025-10-04,東京,9,八ケ岳特別,芝,1800,左,曇,良,"4回 東京 1日目 サラ系３歳以上 ２勝クラス       (混)[指] 定量 12頭 本賞金:1550,620,390,230,155万円",12,1550.0,,1,6,サトノヴィレ,,,98.0,95,,12.9,3,11.3,3.0,11.9,3,,,
202505040109,2025-10-04,東京,9,八ケ岳特別,芝,1800,左,曇,良,"4回 東京 1日目 サラ系３歳以上 ２勝クラス       (混)[指] 定量 12頭 本賞金:1550,620,390,230,155万円",12,1550.0,,1,6,サトノヴィレ,,,,-,,-,,,,-,-,,,
202505040110,2025-10-04,東京,10,白秋S,芝,1400,左,小雨,良,"4回 東京 1日目 サラ系３歳以上 ３勝クラス       (混)[指] ハンデ 15頭 本賞金:1840,740,460,280,184万円",15,1840.0,1,2,2,レッドシュヴェルト,牡,5,56.0,佐々木,79.8,,6,12.7,32.8,12-13,美浦 尾関,468,-10,
202505040110,2025-10-04,東京,10,白秋S,芝,1400,左,小雨,良,"4回 東京 1日目 サラ系３歳以上 ３勝クラス       (混)[指] ハンデ 15頭 本賞金:1840,740,460,280,184万円",15,1840.0,2,7,13,ユハンヌス,牡,5,56.0,横山和,79.8,アタマ,8,18.8,33.2,9-8,栗東 大久保,470,-4,
202505040110,2025-10-04,東京,10,白秋S,芝,1400,左,小雨,良,"4回 東京 1日目 サラ系３歳以上 ３勝クラス       (混)[指] ハンデ 15頭 本賞金:1840,740,460,280,184万円",15,1840.0,3,4,7,スカイハイ,牡,4,57.0,松山,79.9,クビ,4,6.1,33.5,5-5,栗東 清水久,538,-2,
202505040110,2025-10-04,東京,10,白秋S,芝,1400,左,小雨,良,"4回 東京 1日目 サラ系３歳以上 ３勝クラス       (混)[指] ハンデ 15頭 本賞金:1840,740,460,280,184万円",15,1840.0,4,8,15,レディマリオン,牝,4,54.0,吉村,80.0,1,3,5.5,33.7,5-5,栗東 長谷川,452,4,
202505040110,2025-10-04,東京,10,白秋S,芝,1400,左,小雨,良,"4回 東京 1日目 サラ系３歳以上 ３勝クラス       (混)[指] ハンデ 15頭 本賞金:1840,740,460,280,184万円",15,1840.0,5,2,3,サトミノキラリ,牡,4,55.0,津村,80.1,クビ,9,19.2,33.5,9-8,美浦 鈴木伸,456,-2,
202505040110,2025-10-04,東京,10,白秋S,芝,1400,左,小雨,良,"4回 東京 1日目 サラ系３歳以上 ３勝クラス       (混)[指] ハンデ 15頭 本賞金:1840,740,460,280,184万円",15,1840.0,6,7,12,コト,牝,4,53.0,菅原明,80.2,3/4,10,24.2,33.6,8-8,栗東 野中,474,0,
202505040110,2025-10-04,東京,10,白秋S,芝,1400,左,小雨,良,"4回 東京 1日目 サラ系３歳以上 ３勝クラス       (混)[指] ハンデ 15頭 本賞金:1840,740,460,280,184万円",15,1840.0,7,8,14,オーサムストローク,牡,4,55.0,丸山,80.2,クビ,13,111.4,33.3,12-11,美浦 伊藤圭,454,0,
202505040110,2025-10-04,東京,10,白秋S,芝,1400,左,小雨,良,"4回 東京 1日目 サラ系３歳以上 ３勝クラス       (混)[指] ハンデ 15頭 本賞金:1840,740,460,280,184万円",15,1840.0,8,3,4,ジュノー,セ,7,54.0,江田照,80.3,クビ,14,128.5,33.1,14-14,美浦 田中勝,528,-2,
202505040110,2025-10-04,東京,10,白秋S,芝,1400,左,小雨,良,"4回 東京 1日目 サラ系３歳以上 ３勝クラス       (混)[指] ハンデ 15頭 本賞金:1840,740,460,280,184万円",15,1840.0,9,5,8,アームテイル,牝,5,54.0,大野,80.3,アタマ,5,10.0,33.9,5-5,美浦 和田勇,460,2,
202505040110,2025-10-04,東京,10,白秋S,芝,1400,左,小雨,良,"4回 東京 1日目 サラ系３歳以上 ３勝クラス       (混)[指] ハンデ 15頭 本賞金:1840,740,460,280,184万円",15,1840.0,10,3,5,シュヴェルトライテ,牝,6,54.0,荻野極,80.5,1,12,58.5,33.7,9-11,美浦 池上,452,6,
202505040110,2025-10-04,東京,10,白秋S,芝,1400,左,小雨,良,"4回 東京 1日目 サラ系３歳以上 ３勝クラス       (混)[指] ハンデ 15頭 本賞金:1840,740,460,280,184万円",15,1840.0,11,1,1,シンバーシア,牝,4,55.0,戸崎圭,80.8,2,2,5.1,34.9,2-2,美浦 萩原,450,0,
202505040110,2025-10-04,東京,10,白秋S,芝,1400,左,小雨,良,"4回 東京 1日目 サラ系３歳以上 ３勝クラス       (混)[指] ハンデ 15頭 本賞金:1840,740,460,280,184万円",15,1840.0,12,6,11,エリーズダイヤ,牝,5,53.0,松岡,80.8,ハナ,11,55.4,35.0,1-1,美浦 戸田,494,-2,
202505040110,2025-10-04,東京,10,白秋S,芝,1400,左,小雨,良,"4回 東京 1日目 サラ系３歳以上 ３勝クラス       (混)[指] ハンデ 15頭 本賞金:1840,740,460,280,184万円",15,1840.0,13,5,9,ランドオブラヴ,牝,5,53.0,丹内,80.8,クビ,15,149.3,33.3,15-15,美浦 蛯名正,438,8,
202505040110,2025-10-04,東京,10,白秋S,芝,1400,左,小雨,良,"4回 東京 1日目 サラ系３歳以上 ３勝クラス       (混)[指] ハンデ 15頭 本賞金:1840,740,460,280,184万円",15,1840.0,14,6,10,ペリファーニア,牝,5,55.0,横山武,80.9,クビ,1,3.7,34.7,4-4,美浦 鹿戸,512,4,
202505040110,2025-10-04,東京,10,白秋S,芝,1400,左,小雨,良,"4回 東京 1日目 サラ系３歳以上 ３勝クラス       (混)[指] ハンデ 15頭 本賞金:1840,740,460,280,184万円",15,1840.0,15,4,6,ヴェサリウス,牡,4,56.0,三浦,80.9,クビ,7,15.1,35.0,2-2,美浦 菊沢,484,4,
202505040110,2025-10-04,東京,10,白秋S,芝,1400,左,小雨,良,"4回 東京 1日目 サラ系３歳以上 ３勝クラス       (混)[指] ハンデ 15頭 本賞金:1840,740,460,280,184万円",15,1840.0,,1,2,レッドシュヴェルト,,,88.0,88,,13.2,4,11.2,2.0,11.3,2,,,
202505040110,2025-10-04,東京,10,白秋S,芝,1400,左,小雨,良,"4回 東京 1日目 サラ系３歳以上 ３勝クラス       (混)[指] ハンデ 15頭 本賞金:1840,740,460,280,184万円",15,1840.0,,1,2,レッドシュヴェルト,,,,-,,-,,,,-,-,,,
202505040111,2025-10-04,東京,11,グリーンチャンネルC,ダ,1600,左,曇,良,"4回 東京 1日目 サラ系３歳以上 オープン       (国際)(特指) 別定 16頭 本賞金:2400,960,600,360,240万円",16,2400.0,1,4,7,オメガギネス,牡,5,60.0,岩田康,95.5,,4,8.4,35.4,8-9,栗東 安田,496,-8,
202505040111,2025-10-04,東京,11,グリーンチャンネルC,ダ,1600,左,曇,良,"4回 東京 1日目 サラ系３歳以上 オープン       (国際)(特指) 別定 16頭 本賞金:2400,960,600,360,240万円",16,2400.0,2,7,14,マテンロウコマンド,牡,3,57.0,松山,96.2,4,2,5.6,36.6,3-3,栗東 長谷川,520,0,
202505040111,2025-10-04,東京,11,グリーンチャンネルC,ダ,1600,左,曇,良,"4回 東京 1日目 サラ系３歳以上 オープン       (国際)(特指) 別定 16頭 本賞金:2400,960,600,360,240万円",16,2400.0,3,6,12,ユティタム,牡,5,58.0,佐々木,96.3,3/4,10,44.5,37.0,2-2,栗東 須貝,512,2,
202505040111,2025-10-04,東京,11,グリーンチャンネルC,ダ,1600,左,曇,良,"4回 東京 1日目 サラ系３歳以上 オープン       (国際)(特指) 別定 16頭 本賞金:2400,960,600,360,240万円",16,2400.0,4,2,4,ロードフォンス,牡,5,60.0,横山和,96.4,クビ,5,12.8,36.1,11-11,栗東 安田,502,3,
202505040111,2025-10-04,東京,11,グリーンチャンネルC,ダ,1600,左,曇,良,"4回 東京 1日目 サラ系３歳以上 オープン       (国際)(特指) 別定 16頭 本賞金:2400,960,600,360,240万円",16,2400.0,5,1,1,ウェットシーズン,セ,4,57.0,三浦,96.7,2,1,2.4,37.1,3-3,美浦 田中博,522,14,
202505040111,2025-10-04,東京,11,グリーンチャンネルC,ダ,1600,左,曇,良,"4回 東京 1日目 サラ系３歳以上 オープン       (国際)(特指) 別定 16頭 本賞金:2400,960,600,360,240万円",16,2400.0,6,5,10,バトゥーキ,牡,5,57.0,川須,96.8,1/2,7,19.8,36.4,13-11,栗東 浜田,498,0,
202505040111,2025-10-04,東京,11,グリーンチャンネルC,ダ,1600,左,曇,良,"4回 東京 1日目 サラ系３歳以上 オープン       (国際)(特指) 別定 16頭 本賞金:2400,960,600,360,240万円",16,2400.0,7,2,3,エルゲルージ,牡,6,57.0,丹内,96.9,クビ,12,49.2,37.0,8-5,栗東 石坂,518,6,
202505040111,2025-10-04,東京,11,グリーンチャンネルC,ダ,1600,左,曇,良,"4回 東京 1日目 サラ系３歳以上 オープン       (国際)(特指) 別定 16頭 本賞金:2400,960,600,360,240万円",16,2400.0,8,4,8,サトノルフィアン,牡,6,58.0,津村,96.9,ハナ,13,55.1,37.1,3-5,栗東 高橋康,514,-14,
202505040111,2025-10-04,東京,11,グリーンチャンネルC,ダ,1600,左,曇,良,"4回 東京 1日目 サラ系３歳以上 オープン       (国際)(特指) 別定 16頭 本賞金:2400,960,600,360,240万円",16,2400.0,9,7,13,サルヴァトーレ,牡,5,57.0,吉村,96.9,クビ,9,38.8,37.0,6-5,美浦 和田郎,484,-2,
202505040111,2025-10-04,東京,11,グリーンチャンネルC,ダ,1600,左,曇,良,"4回 東京 1日目 サラ系３歳以上 オープン       (国際)(特指) 別定 16頭 本賞金:2400,960,600,360,240万円",16,2400.0,10,5,9,ニシキギミッチー,牡,5,57.0,古川吉,97.1,3/4,8,30.6,36.5,15-14,美浦 鈴木伸,500,8,
202505040111,2025-10-04,東京,11,グリーンチャンネルC,ダ,1600,左,曇,良,"4回 東京 1日目 サラ系３歳以上 オープン       (国際)(特指) 別定 16頭 本賞金:2400,960,600,360,240万円",16,2400.0,11,8,15,レディントン,牡,4,57.0,横山武,97.1,クビ,3,5.9,37.0,8-9,栗東 杉山晴,484,-6,
202505040111,2025-10-04,東京,11,グリーンチャンネルC,ダ,1600,左,曇,良,"4回 東京 1日目 サラ系３歳以上 オープン       (国際)(特指) 別定 16頭 本賞金:2400,960,600,360,240万円",16,2400.0,12,3,5,キタノリューオー,牡,7,58.0,丸山,97.4,1.1/2,16,239.0,36.5,16-16,美浦 萱野,474,2,
202505040111,2025-10-04,東京,11,グリーンチャンネルC,ダ,1600,左,曇,良,"4回 東京 1日目 サラ系３歳以上 オープン       (国際)(特指) 別定 16頭 本賞金:2400,960,600,360,240万円",16,2400.0,13,1,2,テイエムリステット,牡,4,57.0,太宰,97.4,クビ,15,85.1,38.2,1-1,栗東 秋山,478,0,
202505040111,2025-10-04,東京,11,グリーンチャンネルC,ダ,1600,左,曇,良,"4回 東京 1日目 サラ系３歳以上 オープン       (国際)(特指) 別定 16頭 本賞金:2400,960,600,360,240万円",16,2400.0,14,3,6,ダノンザボルケーノ,牡,4,57.0,横山典,97.5,1/2,6,13.3,36.8,13-14,美浦 菊沢,484,8,
202505040111,2025-10-04,東京,11,グリーンチャンネルC,ダ,1600,左,曇,良,"4回 東京 1日目 サラ系３歳以上 オープン       (国際)(特指) 別定 16頭 本賞金:2400,960,600,360,240万円",16,2400.0,15,6,11,アッチャゴーラ,牡,5,57.0,荻野極,97.7,1.1/4,14,61.2,37.3,11-11,美浦 浅利,524,6,
202505040111,2025-10-04,東京,11,グリーンチャンネルC,ダ,1600,左,曇,良,"4回 東京 1日目 サラ系３歳以上 オープン       (国際)(特指) 別定 16頭 本賞金:2400,960,600,360,240万円",16,2400.0,16,8,16,タガノエスコート,牡,6,57.0,菅原明,97.8,3/4,11,47.6,37.9,6-5,栗東 小林,496,-2,
202505040111,2025-10-04,東京,11,グリーンチャンネルC,ダ,1600,左,曇,良,"4回 東京 1日目 サラ系３歳以上 オープン       (国際)(特指) 別定 16頭 本賞金:2400,960,600,360,240万円",16,2400.0,,1,7,オメガギネス,,,103.0,105,,12.8,3,11.0,4.0,11.8,4,,,
202505040111,2025-10-04,東京,11,グリーンチャンネルC,ダ,1600,左,曇,良,"4回 東京 1日目 サラ系３歳以上 オープン       (国際)(特指) 別定 16頭 本賞金:2400,960,600,360,240万円",16,2400.0,,1,7,オメガギネス,,,,-,,-,,,,-,-,,,
202505040112,2025-10-04,東京,12,3歳以上2勝クラス,ダ,1400,左,曇,良,"4回 東京 1日目 サラ系３歳以上 ２勝クラス       (混)[指] 定量 16頭 本賞金:1140,460,290,170,114万円",16,1140.0,1,1,2,ピックアップライン,牡,5,57.0,☆吉村,84.8,,7,11.3,36.7,2-2,美浦 田中剛,514,4,
202505040112,2025-10-04,東京,12,3歳以上2勝クラス,ダ,1400,左,曇,良,"4回 東京 1日目 サラ系３歳以上 ２勝クラス       (混)[指] 定量 16頭 本賞金:1140,460,290,170,114万円",16,1140.0,2,1,1,フウセツ,牡,3,56.0,大野,84.9,1,2,5.7,36.6,5-3,美浦 鈴木慎,488,4,
202505040112,2025-10-04,東京,12,3歳以上2勝クラス,ダ,1400,左,曇,良,"4回 東京 1日目 サラ系３歳以上 ２勝クラス       (混)[指] 定量 16頭 本賞金:1140,460,290,170,114万円",16,1140.0,3,7,14,カネショウレジェン,牡,3,56.0,横山琉,84.9,アタマ,4,6.7,36.4,3-5,美浦 稲垣,490,2,
202505040112,2025-10-04,東京,12,3歳以上2勝クラス,ダ,1400,左,曇,良,"4回 東京 1日目 サラ系３歳以上 ２勝クラス       (混)[指] 定量 16頭 本賞金:1140,460,290,170,114万円",16,1140.0,4,3,5,ルークススペイ,牡,3,56.0,三浦,85.2,1.3/4,1,4.5,36.6,5-6,美浦 伊藤圭,484,6,
202505040112,2025-10-04,東京,12,3歳以上2勝クラス,ダ,1400,左,曇,良,"4回 東京 1日目 サラ系３歳以上 ２勝クラス       (混)[指] 定量 16頭 本賞金:1140,460,290,170,114万円",16,1140.0,5,4,7,ジューンポンポン,牝,6,56.0,岩田康,85.3,1/2,13,84.6,36.4,12-11,美浦 和田勇,500,10,
202505040112,2025-10-04,東京,12,3歳以上2勝クラス,ダ,1400,左,曇,良,"4回 東京 1日目 サラ系３歳以上 ２勝クラス       (混)[指] 定量 16頭 本賞金:1140,460,290,170,114万円",16,1140.0,6,3,6,アグラード,牡,4,58.0,津村,85.3,クビ,10,30.7,36.7,9-6,美浦 高柳瑞,462,-6,
202505040112,2025-10-04,東京,12,3歳以上2勝クラス,ダ,1400,左,曇,良,"4回 東京 1日目 サラ系３歳以上 ２勝クラス       (混)[指] 定量 16頭 本賞金:1140,460,290,170,114万円",16,1140.0,7,8,16,クインズデネブ,牝,4,56.0,菅原明,85.4,1/2,3,6.1,36.5,11-11,美浦 小島,438,8,
202505040112,2025-10-04,東京,12,3歳以上2勝クラス,ダ,1400,左,曇,良,"4回 東京 1日目 サラ系３歳以上 ２勝クラス       (混)[指] 定量 16頭 本賞金:1140,460,290,170,114万円",16,1140.0,8,2,3,トリリオンボーイ,牡,3,56.0,吉田隼,85.5,1/2,8,13.6,36.6,14-11,美浦 武井,482,4,
202505040112,2025-10-04,東京,12,3歳以上2勝クラス,ダ,1400,左,曇,良,"4回 東京 1日目 サラ系３歳以上 ２勝クラス       (混)[指] 定量 16頭 本賞金:1140,460,290,170,114万円",16,1140.0,9,6,12,モナコブル,牡,4,58.0,丹内,85.6,1/2,11,57.6,36.9,8-8,美浦 岩戸,464,-2,
202505040112,2025-10-04,東京,12,3歳以上2勝クラス,ダ,1400,左,曇,良,"4回 東京 1日目 サラ系３歳以上 ２勝クラス       (混)[指] 定量 16頭 本賞金:1140,460,290,170,114万円",16,1140.0,10,7,13,ホウオウプレミア,牡,6,58.0,横山和,85.6,ハナ,6,8.2,36.2,16-15,美浦 奥村武,488,4,
202505040112,2025-10-04,東京,12,3歳以上2勝クラス,ダ,1400,左,曇,良,"4回 東京 1日目 サラ系３歳以上 ２勝クラス       (混)[指] 定量 16頭 本賞金:1140,460,290,170,114万円",16,1140.0,11,4,8,ベルブリエ,牝,4,56.0,石橋脩,85.8,1,12,69.3,37.5,3-3,美浦 尾関,470,8,
202505040112,2025-10-04,東京,12,3歳以上2勝クラス,ダ,1400,左,曇,良,"4回 東京 1日目 サラ系３歳以上 ２勝クラス       (混)[指] 定量 16頭 本賞金:1140,460,290,170,114万円",16,1140.0,11,6,11,シホノペルフェット,牡,3,56.0,松山,85.8,1,5,7.9,36.3,14-15,栗東 寺島,510,4,
202505040112,2025-10-04,東京,12,3歳以上2勝クラス,ダ,1400,左,曇,良,"4回 東京 1日目 サラ系３歳以上 ２勝クラス       (混)[指] 定量 16頭 本賞金:1140,460,290,170,114万円",16,1140.0,13,5,9,メラーキ,牡,8,58.0,松岡,86.0,1,16,272.0,36.9,12-14,美浦 稲垣,488,2,
202505040112,2025-10-04,東京,12,3歳以上2勝クラス,ダ,1400,左,曇,良,"4回 東京 1日目 サラ系３歳以上 ２勝クラス       (混)[指] 定量 16頭 本賞金:1140,460,290,170,114万円",16,1140.0,14,5,10,フクチャントウメイ,牡,4,58.0,佐々木,86.4,2.1/2,9,25.8,37.6,9-10,美浦 加藤征,538,-6,
202505040112,2025-10-04,東京,12,3歳以上2勝クラス,ダ,1400,左,曇,良,"4回 東京 1日目 サラ系３歳以上 ２勝クラス       (混)[指] 定量 16頭 本賞金:1140,460,290,170,114万円",16,1140.0,15,8,15,セイウンマカロン,牝,4,54.0,△長浜,86.5,1/2,14,86.9,37.8,5-8,美浦 千葉,448,2,
202505040112,2025-10-04,東京,12,3歳以上2勝クラス,ダ,1400,左,曇,良,"4回 東京 1日目 サラ系３歳以上 ２勝クラス       (混)[指] 定量 16頭 本賞金:1140,460,290,170,114万円",16,1140.0,16,2,4,トモジャミ,牝,5,53.0,▲小林美,87.9,9,15,177.7,39.9,1-1,美浦 鈴木伸,530,12,
202505040112,2025-10-04,東京,12,3歳以上2勝クラス,ダ,1400,左,曇,良,"4回 東京 1日目 サラ系３歳以上 ２勝クラス       (混)[指] 定量 16頭 本賞金:1140,460,290,170,114万円",16,1140.0,,1,2,ピックアップライン,,,98.0,94,,12.6,4,11.4,3.0,11.8,2,,,
202505040112,2025-10-04,東京,12,3歳以上2勝クラス,ダ,1400,左,曇,良,"4回 東京 1日目 サラ系３歳以上 ２勝クラス       (混)[指] 定量 16頭 本賞金:1140,460,290,170,114万円",16,1140.0,,1,2,ピックアップライン,,,,-,,-,,,,-,-,,,
202508030101,2025-10-04,京都,1,2歳未勝利,ダ,1800,右,雨,重,"3回 京都 1日目 サラ系２歳 未勝利       (混)[指] 馬齢 14頭 本賞金:560,220,140,84,56万円",14,560.0,1,5,7,フルールドール,牝,2,55.0,坂井,112.2,,2,4.5,37.7,2-2-2-1,栗東 藤原,490,0,
202508030101,2025-10-04,京都,1,2歳未勝利,ダ,1800,右,雨,重,"3回 京都 1日目 サラ系２歳 未勝利       (混)[指] 馬齢 14頭 本賞金:560,220,140,84,56万円",14,560.0,2,3,3,メイショウコシュウ,牡,2,56.0,浜中,112.3,1,3,5.1,37.0,13-12-7-5,栗東 松永幹,482,-6,
202508030101,2025-10-04,京都,1,2歳未勝利,ダ,1800,右,雨,重,"3回 京都 1日目 サラ系２歳 未勝利       (混)[指] 馬齢 14頭 本賞金:560,220,140,84,56万円",14,560.0,3,7,12,アンリミテッド,牡,2,56.0,岩田望,112.8,3,6,7.8,37.7,7-6-7-5,栗東 高野,496,2,
202508030101,2025-10-04,京都,1,2歳未勝利,ダ,1800,右,雨,重,"3回 京都 1日目 サラ系２歳 未勝利       (混)[指] 馬齢 14頭 本賞金:560,220,140,84,56万円",14,560.0,4,4,6,イサギ,牡,2,56.0,斎藤,112.9,3/4,9,40.1,38.1,4-4-3-2,栗東 小椋,456,2,
202508030101,2025-10-04,京都,1,2歳未勝利,ダ,1800,右,雨,重,"3回 京都 1日目 サラ系２歳 未勝利       (混)[指] 馬齢 14頭 本賞金:560,220,140,84,56万円",14,560.0,5,2,2,ウルトラハート,牡,2,56.0,角田和,113.1,1.1/4,7,18.0,37.3,7-8-10-9,栗東 中尾,476,4,
202508030101,2025-10-04,京都,1,2歳未勝利,ダ,1800,右,雨,重,"3回 京都 1日目 サラ系２歳 未勝利       (混)[指] 馬齢 14頭 本賞金:560,220,140,84,56万円",14,560.0,6,8,13,ヒロノスカイ,牡,2,56.0,松若,113.9,5,5,6.0,38.8,12-12-6-7,栗東 宮本,502,4,
202508030101,2025-10-04,京都,1,2歳未勝利,ダ,1800,右,雨,重,"3回 京都 1日目 サラ系２歳 未勝利       (混)[指] 馬齢 14頭 本賞金:560,220,140,84,56万円",14,560.0,7,6,10,アドフランマム,牡,2,56.0,団野,114.1,3/4,4,5.6,39.3,2-3-3-2,栗東 本田,508,0,
202508030101,2025-10-04,京都,1,2歳未勝利,ダ,1800,右,雨,重,"3回 京都 1日目 サラ系２歳 未勝利       (混)[指] 馬齢 14頭 本賞金:560,220,140,84,56万円",14,560.0,8,5,8,メイショウバンサン,牡,2,56.0,酒井,114.6,3.1/2,8,32.2,40.1,1-1-1-2,栗東 西園正,502,0,
202508030101,2025-10-04,京都,1,2歳未勝利,ダ,1800,右,雨,重,"3回 京都 1日目 サラ系２歳 未勝利       (混)[指] 馬齢 14頭 本賞金:560,220,140,84,56万円",14,560.0,9,3,4,オラヴィンリンナ,牝,2,55.0,川田,114.8,3/4,1,4.3,38.8,6-6-11-11,栗東 吉岡,486,4,
202508030101,2025-10-04,京都,1,2歳未勝利,ダ,1800,右,雨,重,"3回 京都 1日目 サラ系２歳 未勝利       (混)[指] 馬齢 14頭 本賞金:560,220,140,84,56万円",14,560.0,10,8,14,ゴーゴーパワー,牡,2,55.0,☆西塚,115.2,2.1/2,12,286.4,38.7,14-14-14-12,栗東 井上,468,2,
202508030101,2025-10-04,京都,1,2歳未勝利,ダ,1800,右,雨,重,"3回 京都 1日目 サラ系２歳 未勝利       (混)[指] 馬齢 14頭 本賞金:560,220,140,84,56万円",14,560.0,11,7,11,ユーアーフラワー,牝,2,52.0,▲森田,115.7,3,11,226.3,40.0,9-10-9-10,栗東 茶木,506,-2,
202508030101,2025-10-04,京都,1,2歳未勝利,ダ,1800,右,雨,重,"3回 京都 1日目 サラ系２歳 未勝利       (混)[指] 馬齢 14頭 本賞金:560,220,140,84,56万円",14,560.0,12,4,5,ケンフィールド,牡,2,53.0,▲和田陽,115.9,1.1/2,10,87.5,41.1,4-4-3-7,栗東 大根田,478,6,
202508030101,2025-10-04,京都,1,2歳未勝利,ダ,1800,右,雨,重,"3回 京都 1日目 サラ系２歳 未勝利       (混)[指] 馬齢 14頭 本賞金:560,220,140,84,56万円",14,560.0,13,6,9,ファントムヴォルト,牡,2,56.0,小沢,116.8,5,14,445.2,40.5,9-9-12-14,栗東 松下,516,-4,
202508030101,2025-10-04,京都,1,2歳未勝利,ダ,1800,右,雨,重,"3回 京都 1日目 サラ系２歳 未勝利       (混)[指] 馬齢 14頭 本賞金:560,220,140,84,56万円",14,560.0,14,1,1,レッドファイブ,牡,2,56.0,岡田,117.1,2,13,400.6,41.0,9-10-12-12,栗東 安田,486,2,
202508030101,2025-10-04,京都,1,2歳未勝利,ダ,1800,右,雨,重,"3回 京都 1日目 サラ系２歳 未勝利       (混)[指] 馬齢 14頭 本賞金:560,220,140,84,56万円",14,560.0,,1,7,フルールドール,,,100.0,92,,12.5,7,11.3,2.0,12.4,3,,,
202508030101,2025-10-04,京都,1,2歳未勝利,ダ,1800,右,雨,重,"3回 京都 1日目 サラ系２歳 未勝利       (混)[指] 馬齢 14頭 本賞金:560,220,140,84,56万円",14,560.0,,1,7,フルールドール,,,,-,,-,,,,-,-,,,
202508030102,2025-10-04,京都,2,2歳未勝利,芝,2000,右,雨,稍,"3回 京都 1日目 サラ系２歳 未勝利       (混)[指] 馬齢 8頭 本賞金:560,220,140,84,56万円",8,560.0,1,4,4,ウィズクィーン,牝,2,55.0,岩田望,122.9,,3,7.2,34.3,2-2-2-1,栗東 上村,424,-2,
202508030102,2025-10-04,京都,2,2歳未勝利,芝,2000,右,雨,稍,"3回 京都 1日目 サラ系２歳 未勝利       (混)[指] 馬齢 8頭 本賞金:560,220,140,84,56万円",8,560.0,2,3,3,ジャスティンルマン,牡,2,56.0,坂井,123.3,2.1/2,1,1.1,34.6,3-3-3-2,栗東 杉山晴,528,-8,
202508030102,2025-10-04,京都,2,2歳未勝利,芝,2000,右,雨,稍,"3回 京都 1日目 サラ系２歳 未勝利       (混)[指] 馬齢 8頭 本賞金:560,220,140,84,56万円",8,560.0,3,6,6,キーテーマ,牝,2,55.0,長岡,123.6,1.3/4,5,79.5,34.7,3-3-3-4,栗東 宮,446,4,
202508030102,2025-10-04,京都,2,2歳未勝利,芝,2000,右,雨,稍,"3回 京都 1日目 サラ系２歳 未勝利       (混)[指] 馬齢 8頭 本賞金:560,220,140,84,56万円",8,560.0,4,1,1,ホールドミーワンス,牝,2,55.0,田口,124.0,2.1/2,4,32.2,35.0,8-6-5-4,栗東 西園翔,498,-4,
202508030102,2025-10-04,京都,2,2歳未勝利,芝,2000,右,雨,稍,"3回 京都 1日目 サラ系２歳 未勝利       (混)[指] 馬齢 8頭 本賞金:560,220,140,84,56万円",8,560.0,5,8,8,マイコンチェルト,牡,2,56.0,高杉,124.5,3,2,5.2,35.1,6-6-7-6,栗東 大久保,496,8,
202508030102,2025-10-04,京都,2,2歳未勝利,芝,2000,右,雨,稍,"3回 京都 1日目 サラ系２歳 未勝利       (混)[指] 馬齢 8頭 本賞金:560,220,140,84,56万円",8,560.0,6,5,5,ファインマン,牡,2,56.0,高倉,124.7,1.1/4,8,259.4,35.5,7-6-6-6,栗東 前川,496,0,
202508030102,2025-10-04,京都,2,2歳未勝利,芝,2000,右,雨,稍,"3回 京都 1日目 サラ系２歳 未勝利       (混)[指] 馬齢 8頭 本賞金:560,220,140,84,56万円",8,560.0,7,7,7,ナムラライラック,牝,2,52.0,▲和田陽,125.2,3,6,171.1,35.7,3-3-8-8,栗東 畑端,402,0,
202508030102,2025-10-04,京都,2,2歳未勝利,芝,2000,右,雨,稍,"3回 京都 1日目 サラ系２歳 未勝利       (混)[指] 馬齢 8頭 本賞金:560,220,140,84,56万円",8,560.0,8,2,2,ニュートラ,牝,2,55.0,菱田,125.5,1.1/2,7,194.0,37.0,1-1-1-2,栗東 畑端,460,6,
202508030102,2025-10-04,京都,2,2歳未勝利,芝,2000,右,雨,稍,"3回 京都 1日目 サラ系２歳 未勝利       (混)[指] 馬齢 8頭 本賞金:560,220,140,84,56万円",8,560.0,,1,4,ウィズクィーン,,,94.0,68,,12.8,5,11.8,2.0,13.2,2,,,
202508030102,2025-10-04,京都,2,2歳未勝利,芝,2000,右,雨,稍,"3回 京都 1日目 サラ系２歳 未勝利       (混)[指] 馬齢 8頭 本賞金:560,220,140,84,56万円",8,560.0,,1,4,ウィズクィーン,,,,-,,-,,,,-,-,,,
202508030103,2025-10-04,京都,3,2歳新馬,ダ,1400,右,雨,重,"3回 京都 1日目 サラ系２歳 新馬       (混)[指] 馬齢 16頭 本賞金:750,300,190,110,75万円",16,750.0,1,6,11,アスクケンタッキー,牡,2,56.0,坂井,84.4,,1,2.1,37.2,1-1,栗東 藤原,474,0,
202508030103,2025-10-04,京都,3,2歳新馬,ダ,1400,右,雨,重,"3回 京都 1日目 サラ系２歳 新馬       (混)[指] 馬齢 16頭 本賞金:750,300,190,110,75万円",16,750.0,2,7,14,リーグナイト,牡,2,53.0,▲田山,85.1,4,3,7.7,37.6,3-2,栗東 新谷,460,0,
202508030103,2025-10-04,京都,3,2歳新馬,ダ,1400,右,雨,重,"3回 京都 1日目 サラ系２歳 新馬       (混)[指] 馬齢 16頭 本賞金:750,300,190,110,75万円",16,750.0,3,6,12,ガーネットフレア,牝,2,55.0,西村淳,85.6,2.1/2,2,3.5,38.2,2-2,栗東 杉山佳,450,0,
202508030103,2025-10-04,京都,3,2歳新馬,ダ,1400,右,雨,重,"3回 京都 1日目 サラ系２歳 新馬       (混)[指] 馬齢 16頭 本賞金:750,300,190,110,75万円",16,750.0,4,4,7,モズジェネラル,牡,2,56.0,国分恭,85.6,クビ,6,19.9,37.3,7-7,栗東 田中克,508,0,
202508030103,2025-10-04,京都,3,2歳新馬,ダ,1400,右,雨,重,"3回 京都 1日目 サラ系２歳 新馬       (混)[指] 馬齢 16頭 本賞金:750,300,190,110,75万円",16,750.0,5,1,2,エイシンビリオン,牝,2,55.0,小沢,85.8,1.1/4,4,11.8,38.1,5-5,栗東 今野,462,0,
202508030103,2025-10-04,京都,3,2歳新馬,ダ,1400,右,雨,重,"3回 京都 1日目 サラ系２歳 新馬       (混)[指] 馬齢 16頭 本賞金:750,300,190,110,75万円",16,750.0,6,5,10,マーゴットオネイロ,牡,2,56.0,団野,86.0,1.1/4,8,27.2,38.5,3-4,栗東 小林,480,0,
202508030103,2025-10-04,京都,3,2歳新馬,ダ,1400,右,雨,重,"3回 京都 1日目 サラ系２歳 新馬       (混)[指] 馬齢 16頭 本賞金:750,300,190,110,75万円",16,750.0,7,8,16,パープルウインド,牝,2,52.0,▲古川奈,86.1,クビ,12,88.1,38.0,6-6,栗東 羽月,384,0,
202508030103,2025-10-04,京都,3,2歳新馬,ダ,1400,右,雨,重,"3回 京都 1日目 サラ系２歳 新馬       (混)[指] 馬齢 16頭 本賞金:750,300,190,110,75万円",16,750.0,8,2,3,ノリノドラゴン,牡,2,56.0,城戸,86.8,4,16,200.6,37.5,12-11,栗東 荒川,454,0,
202508030103,2025-10-04,京都,3,2歳新馬,ダ,1400,右,雨,重,"3回 京都 1日目 サラ系２歳 新馬       (混)[指] 馬齢 16頭 本賞金:750,300,190,110,75万円",16,750.0,9,1,1,ジューンセクレタ,牡,2,56.0,高倉,87.0,3/4,5,18.3,38.2,11-10,栗東 武英,516,0,
202508030103,2025-10-04,京都,3,2歳新馬,ダ,1400,右,雨,重,"3回 京都 1日目 サラ系２歳 新馬       (混)[指] 馬齢 16頭 本賞金:750,300,190,110,75万円",16,750.0,10,5,9,マイカラー,牡,2,56.0,岩田望,87.1,3/4,7,21.4,37.5,13-14,栗東 吉岡,456,0,
202508030103,2025-10-04,京都,3,2歳新馬,ダ,1400,右,雨,重,"3回 京都 1日目 サラ系２歳 新馬       (混)[指] 馬齢 16頭 本賞金:750,300,190,110,75万円",16,750.0,11,3,5,リリーサンダー,牡,2,53.0,▲和田陽,87.1,アタマ,15,145.7,36.5,16-14,栗東 緒方,424,0,
202508030103,2025-10-04,京都,3,2歳新馬,ダ,1400,右,雨,重,"3回 京都 1日目 サラ系２歳 新馬       (混)[指] 馬齢 16頭 本賞金:750,300,190,110,75万円",16,750.0,12,2,4,ヴァンロゼ,牝,2,55.0,松若,87.8,4,13,127.5,38.4,13-13,栗東 東田,456,0,
202508030103,2025-10-04,京都,3,2歳新馬,ダ,1400,右,雨,重,"3回 京都 1日目 サラ系２歳 新馬       (混)[指] 馬齢 16頭 本賞金:750,300,190,110,75万円",16,750.0,13,8,15,ヒャクギマル,牡,2,56.0,菱田,87.8,クビ,10,57.3,39.3,8-8,栗東 坂口,472,0,
202508030103,2025-10-04,京都,3,2歳新馬,ダ,1400,右,雨,重,"3回 京都 1日目 サラ系２歳 新馬       (混)[指] 馬齢 16頭 本賞金:750,300,190,110,75万円",16,750.0,14,4,8,ポルタシャーンス,牝,2,55.0,斎藤,88.3,2.1/2,14,144.3,39.8,8-8,美浦 武藤,460,0,
202508030103,2025-10-04,京都,3,2歳新馬,ダ,1400,右,雨,重,"3回 京都 1日目 サラ系２歳 新馬       (混)[指] 馬齢 16頭 本賞金:750,300,190,110,75万円",16,750.0,15,7,13,ウシワカマル,牡,2,56.0,田口,88.7,2.1/2,11,69.8,38.5,15-16,栗東 安達,460,0,
202508030103,2025-10-04,京都,3,2歳新馬,ダ,1400,右,雨,重,"3回 京都 1日目 サラ系２歳 新馬       (混)[指] 馬齢 16頭 本賞金:750,300,190,110,75万円",16,750.0,16,3,6,ジャスパールビー,牝,2,54.0,☆松本,92.5,大,9,28.7,43.8,8-12,栗東 森秀,438,0,
202508030103,2025-10-04,京都,3,2歳新馬,ダ,1400,右,雨,重,"3回 京都 1日目 サラ系２歳 新馬       (混)[指] 馬齢 16頭 本賞金:750,300,190,110,75万円",16,750.0,,1,11,アスクケンタッキー,,,98.0,92,,12.5,8,10.8,3.0,11.5,2,,,
202508030103,2025-10-04,京都,3,2歳新馬,ダ,1400,右,雨,重,"3回 京都 1日目 サラ系２歳 新馬       (混)[指] 馬齢 16頭 本賞金:750,300,190,110,75万円",16,750.0,,1,11,アスクケンタッキー,,,,-,,-,,,,-,-,,,
202508030104,2025-10-04,京都,4,3歳以上1勝クラス,ダ,1800,右,雨,重,"3回 京都 1日目 サラ系３歳以上 １勝クラス       [指] 定量 14頭 本賞金:800,320,200,120,80万円",14,800.0,1,4,5,メイショウヤシマ,牡,3,56.0,武豊,110.7,,1,1.3,37.2,1-1-1-1,栗東 高橋亮,466,4,
202508030104,2025-10-04,京都,4,3歳以上1勝クラス,ダ,1800,右,雨,重,"3回 京都 1日目 サラ系３歳以上 １勝クラス       [指] 定量 14頭 本賞金:800,320,200,120,80万円",14,800.0,2,3,3,マジックブルー,牡,4,58.0,団野,111.2,3,5,19.7,37.4,3-3-3-3,栗東 荒川,496,10,
202508030104,2025-10-04,京都,4,3歳以上1勝クラス,ダ,1800,右,雨,重,"3回 京都 1日目 サラ系３歳以上 １勝クラス       [指] 定量 14頭 本賞金:800,320,200,120,80万円",14,800.0,3,4,6,ナムラルッコラ,牝,4,56.0,田口,111.2,クビ,12,197.3,37.6,2-2-2-2,栗東 大橋,510,20,
202508030104,2025-10-04,京都,4,3歳以上1勝クラス,ダ,1800,右,雨,重,"3回 京都 1日目 サラ系３歳以上 １勝クラス       [指] 定量 14頭 本賞金:800,320,200,120,80万円",14,800.0,4,5,8,コズミックダンサー,牡,3,53.0,▲和田陽,111.6,2.1/2,3,11.6,37.0,10-10-9-9,栗東 藤原,488,2,
202508030104,2025-10-04,京都,4,3歳以上1勝クラス,ダ,1800,右,雨,重,"3回 京都 1日目 サラ系３歳以上 １勝クラス       [指] 定量 14頭 本賞金:800,320,200,120,80万円",14,800.0,5,7,11,キタノサワヤカ,牡,3,56.0,池添,111.8,1,4,17.0,37.6,6-6-6-6,栗東 吉田,464,-4,
202508030104,2025-10-04,京都,4,3歳以上1勝クラス,ダ,1800,右,雨,重,"3回 京都 1日目 サラ系３歳以上 １勝クラス       [指] 定量 14頭 本賞金:800,320,200,120,80万円",14,800.0,6,8,14,チュウワダイオウ,セ,4,58.0,富田,111.9,3/4,8,57.3,37.7,6-6-6-6,栗東 加藤公,460,3,
202508030104,2025-10-04,京都,4,3歳以上1勝クラス,ダ,1800,右,雨,重,"3回 京都 1日目 サラ系３歳以上 １勝クラス       [指] 定量 14頭 本賞金:800,320,200,120,80万円",14,800.0,7,7,12,ヴェーヌドール,牡,3,53.0,▲森田,111.9,クビ,6,24.3,37.8,4-3-5-4,栗東 武英,514,-2,
202508030104,2025-10-04,京都,4,3歳以上1勝クラス,ダ,1800,右,雨,重,"3回 京都 1日目 サラ系３歳以上 １勝クラス       [指] 定量 14頭 本賞金:800,320,200,120,80万円",14,800.0,8,2,2,スティルザワン,セ,4,58.0,荻野琢,112.0,クビ,13,214.7,37.1,12-12-11-11,栗東 前川,452,-3,
202508030104,2025-10-04,京都,4,3歳以上1勝クラス,ダ,1800,右,雨,重,"3回 京都 1日目 サラ系３歳以上 １勝クラス       [指] 定量 14頭 本賞金:800,320,200,120,80万円",14,800.0,9,6,9,オブラマエストラ,牡,3,56.0,亀田,112.0,アタマ,7,51.1,37.4,9-9-9-9,栗東 池添,438,6,
202508030104,2025-10-04,京都,4,3歳以上1勝クラス,ダ,1800,右,雨,重,"3回 京都 1日目 サラ系３歳以上 １勝クラス       [指] 定量 14頭 本賞金:800,320,200,120,80万円",14,800.0,10,5,7,ローズゴジャール,牝,3,54.0,城戸,112.1,クビ,11,65.7,36.9,11-11-13-13,栗東 荒川,408,8,
202508030104,2025-10-04,京都,4,3歳以上1勝クラス,ダ,1800,右,雨,重,"3回 京都 1日目 サラ系３歳以上 １勝クラス       [指] 定量 14頭 本賞金:800,320,200,120,80万円",14,800.0,11,3,4,イエスウィズキャン,牡,5,58.0,菱田,112.1,クビ,10,64.2,37.2,13-12-11-11,栗東 羽月,552,10,
202508030104,2025-10-04,京都,4,3歳以上1勝クラス,ダ,1800,右,雨,重,"3回 京都 1日目 サラ系３歳以上 １勝クラス       [指] 定量 14頭 本賞金:800,320,200,120,80万円",14,800.0,12,1,1,バルミーウェザー,セ,4,58.0,岩田望,112.4,1.3/4,9,60.5,38.0,6-8-8-6,栗東 佐藤悠,470,4,
202508030104,2025-10-04,京都,4,3歳以上1勝クラス,ダ,1800,右,雨,重,"3回 京都 1日目 サラ系３歳以上 １勝クラス       [指] 定量 14頭 本賞金:800,320,200,120,80万円",14,800.0,13,8,13,ダイシンレアレア,牡,3,56.0,川田,112.7,2,2,6.1,38.8,4-3-3-4,栗東 高橋一,480,4,
202508030104,2025-10-04,京都,4,3歳以上1勝クラス,ダ,1800,右,雨,重,"3回 京都 1日目 サラ系３歳以上 １勝クラス       [指] 定量 14頭 本賞金:800,320,200,120,80万円",14,800.0,14,6,10,オブシディアン,牡,5,57.0,☆松本,112.9,1,14,418.8,37.5,14-14-14-14,美浦 石栗,540,0,
202508030104,2025-10-04,京都,4,3歳以上1勝クラス,ダ,1800,右,雨,重,"3回 京都 1日目 サラ系３歳以上 １勝クラス       [指] 定量 14頭 本賞金:800,320,200,120,80万円",14,800.0,,1,5,メイショウヤシマ,,,95.0,97,,12.7,3,11.6,1.0,12.3,2,,,
202508030104,2025-10-04,京都,4,3歳以上1勝クラス,ダ,1800,右,雨,重,"3回 京都 1日目 サラ系３歳以上 １勝クラス       [指] 定量 14頭 本賞金:800,320,200,120,80万円",14,800.0,,1,5,メイショウヤシマ,,,,-,,-,,,,-,-,,,
202508030105,2025-10-04,京都,5,2歳新馬,芝,2000,右,小雨,重,"3回 京都 1日目 サラ系２歳 新馬       (混)[指] 馬齢 14頭 本賞金:750,300,190,110,75万円",14,750.0,1,4,6,ダークマルス,牡,2,56.0,川田,122.3,,3,5.1,35.1,1-1-1-1,栗東 杉山晴,472,0,
202508030105,2025-10-04,京都,5,2歳新馬,芝,2000,右,小雨,重,"3回 京都 1日目 サラ系２歳 新馬       (混)[指] 馬齢 14頭 本賞金:750,300,190,110,75万円",14,750.0,2,7,11,リアライズグリント,牡,2,56.0,坂井,122.4,1/2,1,3.3,34.9,5-5-3-3,栗東 矢作,480,0,
202508030105,2025-10-04,京都,5,2歳新馬,芝,2000,右,小雨,重,"3回 京都 1日目 サラ系２歳 新馬       (混)[指] 馬齢 14頭 本賞金:750,300,190,110,75万円",14,750.0,3,5,7,ロングホリデー,牡,2,56.0,鮫島駿,122.5,3/4,9,29.7,35.2,2-2-2-2,栗東 茶木,456,0,
202508030105,2025-10-04,京都,5,2歳新馬,芝,2000,右,小雨,重,"3回 京都 1日目 サラ系２歳 新馬       (混)[指] 馬齢 14頭 本賞金:750,300,190,110,75万円",14,750.0,4,5,8,パーヴォ,牡,2,56.0,和田竜,122.5,アタマ,10,44.4,34.7,8-9-11-9,栗東 吉田,452,0,
202508030105,2025-10-04,京都,5,2歳新馬,芝,2000,右,小雨,重,"3回 京都 1日目 サラ系２歳 新馬       (混)[指] 馬齢 14頭 本賞金:750,300,190,110,75万円",14,750.0,5,4,5,メイショウソラリス,牡,2,56.0,西村淳,122.7,1,2,3.9,35.2,2-3-3-4,栗東 角田,460,0,
202508030105,2025-10-04,京都,5,2歳新馬,芝,2000,右,小雨,重,"3回 京都 1日目 サラ系２歳 新馬       (混)[指] 馬齢 14頭 本賞金:750,300,190,110,75万円",14,750.0,6,2,2,コスモブラック,牡,2,56.0,団野,122.7,ハナ,7,20.3,35.1,5-5-7-6,栗東 武英,468,0,
202508030105,2025-10-04,京都,5,2歳新馬,芝,2000,右,小雨,重,"3回 京都 1日目 サラ系２歳 新馬       (混)[指] 馬齢 14頭 本賞金:750,300,190,110,75万円",14,750.0,7,3,4,サトノトリニティ,牡,2,56.0,高杉,123.2,3,6,13.5,35.5,8-8-8-8,栗東 池江,488,0,
202508030105,2025-10-04,京都,5,2歳新馬,芝,2000,右,小雨,重,"3回 京都 1日目 サラ系２歳 新馬       (混)[指] 馬齢 14頭 本賞金:750,300,190,110,75万円",14,750.0,8,8,13,キングズテイル,牡,2,56.0,浜中,123.7,3,11,62.6,35.8,12-11-12-12,栗東 岡田,486,0,
202508030105,2025-10-04,京都,5,2歳新馬,芝,2000,右,小雨,重,"3回 京都 1日目 サラ系２歳 新馬       (混)[指] 馬齢 14頭 本賞金:750,300,190,110,75万円",14,750.0,9,1,1,ロザーンジュ,牝,2,53.0,◇今村,124.2,3,8,25.6,36.1,14-14-14-13,栗東 寺島,446,0,
202508030105,2025-10-04,京都,5,2歳新馬,芝,2000,右,小雨,重,"3回 京都 1日目 サラ系２歳 新馬       (混)[指] 馬齢 14頭 本賞金:750,300,190,110,75万円",14,750.0,10,8,14,エアヴァイブス,牝,2,55.0,武豊,124.2,クビ,4,5.8,36.5,12-13-8-11,栗東 福永,446,0,
202508030105,2025-10-04,京都,5,2歳新馬,芝,2000,右,小雨,重,"3回 京都 1日目 サラ系２歳 新馬       (混)[指] 馬齢 14頭 本賞金:750,300,190,110,75万円",14,750.0,11,7,12,ラップトップ,牝,2,52.0,▲田山,124.3,1/2,12,105.4,36.8,8-11-3-6,栗東 小栗,396,0,
202508030105,2025-10-04,京都,5,2歳新馬,芝,2000,右,小雨,重,"3回 京都 1日目 サラ系２歳 新馬       (混)[指] 馬齢 14頭 本賞金:750,300,190,110,75万円",14,750.0,12,6,10,ライトフライヤー,牡,2,56.0,岩田望,124.6,2,5,12.8,37.1,4-3-3-4,栗東 吉岡,484,0,
202508030105,2025-10-04,京都,5,2歳新馬,芝,2000,右,小雨,重,"3回 京都 1日目 サラ系２歳 新馬       (混)[指] 馬齢 14頭 本賞金:750,300,190,110,75万円",14,750.0,13,3,3,スティーブ,牡,2,56.0,小沢,124.8,1,14,249.9,36.7,5-5-12-14,栗東 高橋亮,466,0,
202508030105,2025-10-04,京都,5,2歳新馬,芝,2000,右,小雨,重,"3回 京都 1日目 サラ系２歳 新馬       (混)[指] 馬齢 14頭 本賞金:750,300,190,110,75万円",14,750.0,14,6,9,エコログレン,牡,2,56.0,国分恭,125.0,1.1/2,13,121.0,37.3,8-9-8-9,栗東 牧浦,476,0,
202508030105,2025-10-04,京都,5,2歳新馬,芝,2000,右,小雨,重,"3回 京都 1日目 サラ系２歳 新馬       (混)[指] 馬齢 14頭 本賞金:750,300,190,110,75万円",14,750.0,,1,6,ダークマルス,,,97.0,80,,12.8,5,11.6,1.0,12.9,1,,,
202508030105,2025-10-04,京都,5,2歳新馬,芝,2000,右,小雨,重,"3回 京都 1日目 サラ系２歳 新馬       (混)[指] 馬齢 14頭 本賞金:750,300,190,110,75万円",14,750.0,,1,6,ダークマルス,,,,-,,-,,,,-,-,,,
202508030106,2025-10-04,京都,6,3歳以上1勝クラス,ダ,1400,右,曇,不,"3回 京都 1日目 サラ系３歳以上 １勝クラス       [指] 定量 16頭 本賞金:800,320,200,120,80万円",16,800.0,1,7,13,サンダーロード,牡,3,56.0,松若,82.5,,8,29.6,37.2,2-2,栗東 杉山晴,538,-2,
202508030106,2025-10-04,京都,6,3歳以上1勝クラス,ダ,1400,右,曇,不,"3回 京都 1日目 サラ系３歳以上 １勝クラス       [指] 定量 16頭 本賞金:800,320,200,120,80万円",16,800.0,2,3,5,ヒミノエトワール,牝,3,54.0,池添,82.6,クビ,4,7.7,37.0,4-4,栗東 宮地,464,0,
202508030106,2025-10-04,京都,6,3歳以上1勝クラス,ダ,1400,右,曇,不,"3回 京都 1日目 サラ系３歳以上 １勝クラス       [指] 定量 16頭 本賞金:800,320,200,120,80万円",16,800.0,3,7,14,モズケイスター,牡,3,56.0,高杉,82.7,3/4,1,3.7,35.8,13-13,栗東 高柳大,470,12,
202508030106,2025-10-04,京都,6,3歳以上1勝クラス,ダ,1400,右,曇,不,"3回 京都 1日目 サラ系３歳以上 １勝クラス       [指] 定量 16頭 本賞金:800,320,200,120,80万円",16,800.0,4,8,15,テイエムパイロット,牡,3,53.0,▲田山,83.0,2,16,157.1,37.6,2-3,栗東 秋山,512,-6,
202508030106,2025-10-04,京都,6,3歳以上1勝クラス,ダ,1400,右,曇,不,"3回 京都 1日目 サラ系３歳以上 １勝クラス       [指] 定量 16頭 本賞金:800,320,200,120,80万円",16,800.0,5,8,16,ポンピエ,牡,4,58.0,鮫島駿,83.2,3/4,6,9.5,37.6,4-4,栗東 西園正,450,-2,
202508030106,2025-10-04,京都,6,3歳以上1勝クラス,ダ,1400,右,曇,不,"3回 京都 1日目 サラ系３歳以上 １勝クラス       [指] 定量 16頭 本賞金:800,320,200,120,80万円",16,800.0,6,1,1,クリノミニスター,牡,6,58.0,団野,83.2,アタマ,12,79.8,37.1,9-7,栗東 荒川,470,8,
202508030106,2025-10-04,京都,6,3歳以上1勝クラス,ダ,1400,右,曇,不,"3回 京都 1日目 サラ系３歳以上 １勝クラス       [指] 定量 16頭 本賞金:800,320,200,120,80万円",16,800.0,7,3,6,ウォーターパラディ,牡,3,56.0,菱田,83.4,1.1/4,5,9.4,37.8,4-4,栗東 岡田,462,0,
202508030106,2025-10-04,京都,6,3歳以上1勝クラス,ダ,1400,右,曇,不,"3回 京都 1日目 サラ系３歳以上 １勝クラス       [指] 定量 16頭 本賞金:800,320,200,120,80万円",16,800.0,8,4,8,ドラゴン,牡,3,56.0,武豊,83.7,2,2,4.5,35.5,16-16,栗東 松永幹,504,8,
202508030106,2025-10-04,京都,6,3歳以上1勝クラス,ダ,1400,右,曇,不,"3回 京都 1日目 サラ系３歳以上 １勝クラス       [指] 定量 16頭 本賞金:800,320,200,120,80万円",16,800.0,9,4,7,マテンロウカナロア,牡,3,56.0,小沢,83.7,ハナ,7,13.7,37.8,7-7,栗東 野中,486,8,
202508030106,2025-10-04,京都,6,3歳以上1勝クラス,ダ,1400,右,曇,不,"3回 京都 1日目 サラ系３歳以上 １勝クラス       [指] 定量 16頭 本賞金:800,320,200,120,80万円",16,800.0,10,6,11,タイセイディアマン,牡,3,56.0,田口,83.9,1.1/4,3,4.6,37.5,11-10,栗東 大橋,462,2,
202508030106,2025-10-04,京都,6,3歳以上1勝クラス,ダ,1400,右,曇,不,"3回 京都 1日目 サラ系３歳以上 １勝クラス       [指] 定量 16頭 本賞金:800,320,200,120,80万円",16,800.0,11,2,4,キアヌ,牡,3,56.0,酒井,84.0,クビ,13,97.7,36.8,14-14,栗東 小崎,502,6,
202508030106,2025-10-04,京都,6,3歳以上1勝クラス,ダ,1400,右,曇,不,"3回 京都 1日目 サラ系３歳以上 １勝クラス       [指] 定量 16頭 本賞金:800,320,200,120,80万円",16,800.0,12,5,10,ハイケンス,牡,4,56.0,◇今村,84.1,1/2,11,64.4,38.1,9-7,栗東 今野,458,-4,
202508030106,2025-10-04,京都,6,3歳以上1勝クラス,ダ,1400,右,曇,不,"3回 京都 1日目 サラ系３歳以上 １勝クラス       [指] 定量 16頭 本賞金:800,320,200,120,80万円",16,800.0,13,6,12,ファイヤーウィップ,牡,4,57.0,☆松本,84.1,アタマ,15,140.9,37.6,12-10,栗東 吉田,502,-6,
202508030106,2025-10-04,京都,6,3歳以上1勝クラス,ダ,1400,右,曇,不,"3回 京都 1日目 サラ系３歳以上 １勝クラス       [指] 定量 16頭 本賞金:800,320,200,120,80万円",16,800.0,14,1,2,ローガンパス,セ,4,58.0,富田,84.1,クビ,14,100.6,38.9,1-1,栗東 東田,482,-12,
202508030106,2025-10-04,京都,6,3歳以上1勝クラス,ダ,1400,右,曇,不,"3回 京都 1日目 サラ系３歳以上 １勝クラス       [指] 定量 16頭 本賞金:800,320,200,120,80万円",16,800.0,15,2,3,ライツユーアップ,牝,3,51.0,▲柴田裕,84.5,2,9,46.3,38.6,7-10,栗東 角田,434,0,
202508030106,2025-10-04,京都,6,3歳以上1勝クラス,ダ,1400,右,曇,不,"3回 京都 1日目 サラ系３歳以上 １勝クラス       [指] 定量 16頭 本賞金:800,320,200,120,80万円",16,800.0,16,5,9,タマモブラウンタイ,牡,3,52.0,★河原田,84.9,2.1/2,10,52.5,37.8,14-14,栗東 角田,470,14,
202508030106,2025-10-04,京都,6,3歳以上1勝クラス,ダ,1400,右,曇,不,"3回 京都 1日目 サラ系３歳以上 １勝クラス       [指] 定量 16頭 本賞金:800,320,200,120,80万円",16,800.0,,1,13,サンダーロード,,,108.0,114,,12.1,7,10.3,4.0,11.2,3,,,
202508030106,2025-10-04,京都,6,3歳以上1勝クラス,ダ,1400,右,曇,不,"3回 京都 1日目 サラ系３歳以上 １勝クラス       [指] 定量 16頭 本賞金:800,320,200,120,80万円",16,800.0,,1,13,サンダーロード,,,,-,,-,,,,-,-,,,
202508030107,2025-10-04,京都,7,3歳以上1勝クラス,芝,1200,右,曇,重,"3回 京都 1日目 サラ系３歳以上 １勝クラス       (混)[指] 定量 18頭 本賞金:800,320,200,120,80万円",18,800.0,1,8,16,ジャスパーディビネ,牡,3,54.0,▲和田陽,68.0,,3,8.4,35.3,1-1,栗東 森秀,516,-2,
202508030107,2025-10-04,京都,7,3歳以上1勝クラス,芝,1200,右,曇,重,"3回 京都 1日目 サラ系３歳以上 １勝クラス       (混)[指] 定量 18頭 本賞金:800,320,200,120,80万円",18,800.0,2,1,2,ストレイトアスク,牝,4,52.0,★河原田,68.1,3/4,7,18.8,34.3,5-5,栗東 藤原,436,6,
202508030107,2025-10-04,京都,7,3歳以上1勝クラス,芝,1200,右,曇,重,"3回 京都 1日目 サラ系３歳以上 １勝クラス       (混)[指] 定量 18頭 本賞金:800,320,200,120,80万円",18,800.0,3,3,6,セディバン,牡,3,57.0,池添,68.2,1/2,5,10.8,34.2,7-7,栗東 吉田,490,10,
202508030107,2025-10-04,京都,7,3歳以上1勝クラス,芝,1200,右,曇,重,"3回 京都 1日目 サラ系３歳以上 １勝クラス       (混)[指] 定量 18頭 本賞金:800,320,200,120,80万円",18,800.0,4,6,12,セナマリン,牝,3,55.0,岩田望,68.2,アタマ,1,3.0,34.0,9-9,栗東 安田,510,6,
202508030107,2025-10-04,京都,7,3歳以上1勝クラス,芝,1200,右,曇,重,"3回 京都 1日目 サラ系３歳以上 １勝クラス       (混)[指] 定量 18頭 本賞金:800,320,200,120,80万円",18,800.0,5,3,5,ジェニファー,牝,4,53.0,▲田山,68.3,1/2,4,10.0,35.2,2-2,栗東 浜田,476,18,
202508030107,2025-10-04,京都,7,3歳以上1勝クラス,芝,1200,右,曇,重,"3回 京都 1日目 サラ系３歳以上 １勝クラス       (混)[指] 定量 18頭 本賞金:800,320,200,120,80万円",18,800.0,6,7,15,アーサーズウェイン,牝,3,55.0,小沢,68.4,クビ,14,51.1,34.1,9-11,栗東 高橋一,454,6,
202508030107,2025-10-04,京都,7,3歳以上1勝クラス,芝,1200,右,曇,重,"3回 京都 1日目 サラ系３歳以上 １勝クラス       (混)[指] 定量 18頭 本賞金:800,320,200,120,80万円",18,800.0,7,1,1,ダイヤモンド,牡,3,57.0,和田竜,68.4,クビ,10,33.1,33.8,13-13,栗東 清水久,520,8,
202508030107,2025-10-04,京都,7,3歳以上1勝クラス,芝,1200,右,曇,重,"3回 京都 1日目 サラ系３歳以上 １勝クラス       (混)[指] 定量 18頭 本賞金:800,320,200,120,80万円",18,800.0,8,7,13,サンウイキョウ,牡,4,58.0,秋山稔,68.6,1,15,143.2,34.8,5-5,栗東 秋山,484,8,
202508030107,2025-10-04,京都,7,3歳以上1勝クラス,芝,1200,右,曇,重,"3回 京都 1日目 サラ系３歳以上 １勝クラス       (混)[指] 定量 18頭 本賞金:800,320,200,120,80万円",18,800.0,9,5,9,ルクスノア,牝,4,56.0,富田,68.6,クビ,12,38.0,33.6,15-14,栗東 平田,502,20,
202508030107,2025-10-04,京都,7,3歳以上1勝クラス,芝,1200,右,曇,重,"3回 京都 1日目 サラ系３歳以上 １勝クラス       (混)[指] 定量 18頭 本賞金:800,320,200,120,80万円",18,800.0,10,2,4,グランルーチェ,セ,4,58.0,藤懸,68.7,クビ,17,216.9,34.3,9-11,栗東 庄野,490,10,
202508030107,2025-10-04,京都,7,3歳以上1勝クラス,芝,1200,右,曇,重,"3回 京都 1日目 サラ系３歳以上 １勝クラス       (混)[指] 定量 18頭 本賞金:800,320,200,120,80万円",18,800.0,11,2,3,ブライティアブーケ,牝,3,55.0,城戸,68.7,クビ,8,18.9,35.5,2-3,栗東 小林,428,-2,
202508030107,2025-10-04,京都,7,3歳以上1勝クラス,芝,1200,右,曇,重,"3回 京都 1日目 サラ系３歳以上 １勝クラス       (混)[指] 定量 18頭 本賞金:800,320,200,120,80万円",18,800.0,12,8,17,カフジキアッキエレ,牝,5,56.0,松若,68.8,クビ,11,36.5,34.5,12-9,栗東 森田,446,10,
202508030107,2025-10-04,京都,7,3歳以上1勝クラス,芝,1200,右,曇,重,"3回 京都 1日目 サラ系３歳以上 １勝クラス       (混)[指] 定量 18頭 本賞金:800,320,200,120,80万円",18,800.0,13,6,11,ウォーターエルピス,牝,3,55.0,西村淳,68.8,アタマ,9,26.8,33.2,17-17,栗東 藤野,510,8,
202508030107,2025-10-04,京都,7,3歳以上1勝クラス,芝,1200,右,曇,重,"3回 京都 1日目 サラ系３歳以上 １勝クラス       (混)[指] 定量 18頭 本賞金:800,320,200,120,80万円",18,800.0,14,5,10,モンタルチーノ,牡,3,57.0,川田,68.9,3/4,2,3.7,35.4,4-3,栗東 庄野,510,8,
202508030107,2025-10-04,京都,7,3歳以上1勝クラス,芝,1200,右,曇,重,"3回 京都 1日目 サラ系３歳以上 １勝クラス       (混)[指] 定量 18頭 本賞金:800,320,200,120,80万円",18,800.0,15,4,7,ディーエストッキー,牡,4,58.0,菱田,69.0,1/2,13,49.6,34.0,15-16,栗東 橋口,468,10,
202508030107,2025-10-04,京都,7,3歳以上1勝クラス,芝,1200,右,曇,重,"3回 京都 1日目 サラ系３歳以上 １勝クラス       (混)[指] 定量 18頭 本賞金:800,320,200,120,80万円",18,800.0,16,7,14,ノイヤー,牝,4,56.0,角田和,69.3,1.1/2,18,324.0,33.5,18-18,栗東 高橋亮,466,-7,
202508030107,2025-10-04,京都,7,3歳以上1勝クラス,芝,1200,右,曇,重,"3回 京都 1日目 サラ系３歳以上 １勝クラス       (混)[指] 定量 18頭 本賞金:800,320,200,120,80万円",18,800.0,17,8,18,レディエンス,牝,3,55.0,高杉,69.3,クビ,16,148.6,35.3,7-7,栗東 藤野,442,6,
202508030107,2025-10-04,京都,7,3歳以上1勝クラス,芝,1200,右,曇,重,"3回 京都 1日目 サラ系３歳以上 １勝クラス       (混)[指] 定量 18頭 本賞金:800,320,200,120,80万円",18,800.0,18,4,8,パリコレジェンヌ,牝,3,55.0,田口,69.4,クビ,6,16.7,34.6,14-14,栗東 鈴木孝,468,12,
202508030107,2025-10-04,京都,7,3歳以上1勝クラス,芝,1200,右,曇,重,"3回 京都 1日目 サラ系３歳以上 １勝クラス       (混)[指] 定量 18頭 本賞金:800,320,200,120,80万円",18,800.0,,1,16,ジャスパーディビネ,,,110.0,116,,12.0,9,10.2,2.0,10.5,2,,,
202508030107,2025-10-04,京都,7,3歳以上1勝クラス,芝,1200,右,曇,重,"3回 京都 1日目 サラ系３歳以上 １勝クラス       (混)[指] 定量 18頭 本賞金:800,320,200,120,80万円",18,800.0,,1,16,ジャスパーディビネ,,,,-,,-,,,,-,-,,,
202508030108,2025-10-04,京都,8,3歳以上2勝クラス,芝,2000,右,曇,重,"3回 京都 1日目 サラ系３歳以上 ２勝クラス       (混)(特指) 定量 12頭 本賞金:1140,460,290,170,114万円",12,1140.0,1,2,2,ウイントレメンデス,牡,4,58.0,武豊,119.3,,7,16.9,34.7,10-10-10-10,栗東 長谷川,478,-4,
202508030108,2025-10-04,京都,8,3歳以上2勝クラス,芝,2000,右,曇,重,"3回 京都 1日目 サラ系３歳以上 ２勝クラス       (混)(特指) 定量 12頭 本賞金:1140,460,290,170,114万円",12,1140.0,2,8,12,マトラコーニッシュ,牝,3,54.0,団野,119.4,1/2,4,11.0,35.0,7-8-8-8,栗東 池添,430,-2,
202508030108,2025-10-04,京都,8,3歳以上2勝クラス,芝,2000,右,曇,重,"3回 京都 1日目 サラ系３歳以上 ２勝クラス       (混)(特指) 定量 12頭 本賞金:1140,460,290,170,114万円",12,1140.0,3,7,10,ヴァリディシームス,牡,3,56.0,川田,119.5,1/2,2,3.3,35.3,4-4-4-4,栗東 中内田,498,12,
202508030108,2025-10-04,京都,8,3歳以上2勝クラス,芝,2000,右,曇,重,"3回 京都 1日目 サラ系３歳以上 ２勝クラス       (混)(特指) 定量 12頭 本賞金:1140,460,290,170,114万円",12,1140.0,4,1,1,ステラクラウン,牝,4,56.0,岩田望,119.6,1/2,6,13.9,34.9,7-8-10-10,栗東 上村,502,2,
202508030108,2025-10-04,京都,8,3歳以上2勝クラス,芝,2000,右,曇,重,"3回 京都 1日目 サラ系３歳以上 ２勝クラス       (混)(特指) 定量 12頭 本賞金:1140,460,290,170,114万円",12,1140.0,5,3,3,バルティカ,牡,3,56.0,小沢,119.7,1/2,10,72.8,35.3,4-6-8-8,栗東 高橋亮,452,-6,
202508030108,2025-10-04,京都,8,3歳以上2勝クラス,芝,2000,右,曇,重,"3回 京都 1日目 サラ系３歳以上 ２勝クラス       (混)(特指) 定量 12頭 本賞金:1140,460,290,170,114万円",12,1140.0,6,6,7,デルアヴァー,牡,3,56.0,角田和,119.8,1.1/4,3,3.9,35.8,9-6-2-2,栗東 松永幹,488,-2,
202508030108,2025-10-04,京都,8,3歳以上2勝クラス,芝,2000,右,曇,重,"3回 京都 1日目 サラ系３歳以上 ２勝クラス       (混)(特指) 定量 12頭 本賞金:1140,460,290,170,114万円",12,1140.0,7,5,5,ラレーヌデリス,牝,5,56.0,亀田,120.0,1.1/4,11,97.8,35.8,2-3-4-4,栗東 安田,472,8,
202508030108,2025-10-04,京都,8,3歳以上2勝クラス,芝,2000,右,曇,重,"3回 京都 1日目 サラ系３歳以上 ２勝クラス       (混)(特指) 定量 12頭 本賞金:1140,460,290,170,114万円",12,1140.0,8,5,6,キングスコール,牡,3,56.0,坂井,120.0,ハナ,1,2.9,35.8,4-4-4-4,栗東 矢作,492,-4,
202508030108,2025-10-04,京都,8,3歳以上2勝クラス,芝,2000,右,曇,重,"3回 京都 1日目 サラ系３歳以上 ２勝クラス       (混)(特指) 定量 12頭 本賞金:1140,460,290,170,114万円",12,1140.0,9,8,11,ショウナンバルドル,セ,3,56.0,池添,120.4,2.1/2,9,71.4,35.4,12-12-12-12,栗東 須貝,494,-6,
202508030108,2025-10-04,京都,8,3歳以上2勝クラス,芝,2000,右,曇,重,"3回 京都 1日目 サラ系３歳以上 ２勝クラス       (混)(特指) 定量 12頭 本賞金:1140,460,290,170,114万円",12,1140.0,10,7,9,オデット,牝,3,54.0,高杉,120.8,2.1/2,8,55.1,36.9,2-2-1-1,栗東 緒方,446,0,
202508030108,2025-10-04,京都,8,3歳以上2勝クラス,芝,2000,右,曇,重,"3回 京都 1日目 サラ系３歳以上 ２勝クラス       (混)(特指) 定量 12頭 本賞金:1140,460,290,170,114万円",12,1140.0,11,6,8,キャリーハピネス,牡,5,58.0,鮫島駿,121.1,2,12,240.0,37.2,1-1-2-2,栗東 河嶋,506,6,
202508030108,2025-10-04,京都,8,3歳以上2勝クラス,芝,2000,右,曇,重,"3回 京都 1日目 サラ系３歳以上 ２勝クラス       (混)(特指) 定量 12頭 本賞金:1140,460,290,170,114万円",12,1140.0,12,4,4,ナグルファル,牡,3,56.0,西村淳,121.2,1/2,5,12.9,37.0,11-10-4-4,栗東 杉山晴,516,2,
202508030108,2025-10-04,京都,8,3歳以上2勝クラス,芝,2000,右,曇,重,"3回 京都 1日目 サラ系３歳以上 ２勝クラス       (混)(特指) 定量 12頭 本賞金:1140,460,290,170,114万円",12,1140.0,,1,2,ウイントレメンデス,,,92.0,91,,13.1,5,11.7,1.0,12.4,2,,,
202508030108,2025-10-04,京都,8,3歳以上2勝クラス,芝,2000,右,曇,重,"3回 京都 1日目 サラ系３歳以上 ２勝クラス       (混)(特指) 定量 12頭 本賞金:1140,460,290,170,114万円",12,1140.0,,1,2,ウイントレメンデス,,,,-,,-,,,,-,-,,,
202508030109,2025-10-04,京都,9,りんどう賞,芝,1400,右,小雨,重,"3回 京都 1日目 サラ系２歳 １勝クラス       (混) 牝(特指) 馬齢 8頭 本賞金:1110,440,280,170,111万円",8,1110.0,1,6,6,ラスティングスノー,牝,2,55.0,西村淳,81.7,,7,18.8,34.8,1-1,美浦 池上,464,0,
202508030109,2025-10-04,京都,9,りんどう賞,芝,1400,右,小雨,重,"3回 京都 1日目 サラ系２歳 １勝クラス       (混) 牝(特指) 馬齢 8頭 本賞金:1110,440,280,170,111万円",8,1110.0,2,5,5,メイショウハッケイ,牝,2,55.0,武豊,81.8,クビ,3,4.6,34.1,8-7,栗東 本田,458,0,
202508030109,2025-10-04,京都,9,りんどう賞,芝,1400,右,小雨,重,"3回 京都 1日目 サラ系２歳 １勝クラス       (混) 牝(特指) 馬齢 8頭 本賞金:1110,440,280,170,111万円",8,1110.0,3,3,3,フルールジェンヌ,牝,2,55.0,和田竜,81.8,ハナ,6,18.5,34.7,3-3,栗東 鈴木孝,460,2,
202508030109,2025-10-04,京都,9,りんどう賞,芝,1400,右,小雨,重,"3回 京都 1日目 サラ系２歳 １勝クラス       (混) 牝(特指) 馬齢 8頭 本賞金:1110,440,280,170,111万円",8,1110.0,4,4,4,アイニードユー,牝,2,55.0,川田,81.8,クビ,4,5.3,34.6,3-4,栗東 吉村,468,6,
202508030109,2025-10-04,京都,9,りんどう賞,芝,1400,右,小雨,重,"3回 京都 1日目 サラ系２歳 １勝クラス       (混) 牝(特指) 馬齢 8頭 本賞金:1110,440,280,170,111万円",8,1110.0,5,8,8,ファムマルキーズ,牝,2,55.0,高杉,82.2,2.1/2,1,2.8,34.6,7-7,栗東 大久保,446,10,
202508030109,2025-10-04,京都,9,りんどう賞,芝,1400,右,小雨,重,"3回 京都 1日目 サラ系２歳 １勝クラス       (混) 牝(特指) 馬齢 8頭 本賞金:1110,440,280,170,111万円",8,1110.0,6,7,7,ルージュサウダージ,牝,2,55.0,小沢,82.4,1.1/4,5,6.9,35.4,2-2,栗東 松永幹,462,0,
202508030109,2025-10-04,京都,9,りんどう賞,芝,1400,右,小雨,重,"3回 京都 1日目 サラ系２歳 １勝クラス       (混) 牝(特指) 馬齢 8頭 本賞金:1110,440,280,170,111万円",8,1110.0,7,1,1,ベルフラム,牝,2,55.0,田口,82.6,1.1/4,8,36.8,35.2,5-5,栗東 高橋一,416,4,
202508030109,2025-10-04,京都,9,りんどう賞,芝,1400,右,小雨,重,"3回 京都 1日目 サラ系２歳 １勝クラス       (混) 牝(特指) 馬齢 8頭 本賞金:1110,440,280,170,111万円",8,1110.0,8,2,2,カイショー,牝,2,55.0,池添,82.8,1.1/2,2,4.5,35.3,5-5,栗東 長谷川,460,6,
202508030109,2025-10-04,京都,9,りんどう賞,芝,1400,右,小雨,重,"3回 京都 1日目 サラ系２歳 １勝クラス       (混) 牝(特指) 馬齢 8頭 本賞金:1110,440,280,170,111万円",8,1110.0,,1,6,ラスティングスノー,,,104.0,94,,12.2,6,11.0,3.0,11.8,1,,,
202508030109,2025-10-04,京都,9,りんどう賞,芝,1400,右,小雨,重,"3回 京都 1日目 サラ系２歳 １勝クラス       (混) 牝(特指) 馬齢 8頭 本賞金:1110,440,280,170,111万円",8,1110.0,,1,6,ラスティングスノー,,,,-,,-,,,,-,-,,,
202508030110,2025-10-04,京都,10,大山崎S,ダ,1200,右,小雨,不,"3回 京都 1日目 サラ系３歳以上 ３勝クラス       (混)(特指) 定量 16頭 本賞金:1840,740,460,280,184万円",16,1840.0,1,5,9,メイショウホウレン,牡,4,58.0,浜中,69.1,,4,9.0,35.5,1-1,栗東 安達,506,-4,
202508030110,2025-10-04,京都,10,大山崎S,ダ,1200,右,小雨,不,"3回 京都 1日目 サラ系３歳以上 ３勝クラス       (混)(特指) 定量 16頭 本賞金:1840,740,460,280,184万円",16,1840.0,2,8,15,ルディック,牡,4,58.0,西村淳,69.2,3/4,1,3.4,35.2,4-2,栗東 高野,524,0,
202508030110,2025-10-04,京都,10,大山崎S,ダ,1200,右,小雨,不,"3回 京都 1日目 サラ系３歳以上 ３勝クラス       (混)(特指) 定量 16頭 本賞金:1840,740,460,280,184万円",16,1840.0,3,8,16,ノボリショウリュウ,牡,4,58.0,高杉,69.7,2.1/2,3,7.8,34.9,9-8,栗東 石橋,464,0,
202508030110,2025-10-04,京都,10,大山崎S,ダ,1200,右,小雨,不,"3回 京都 1日目 サラ系３歳以上 ３勝クラス       (混)(特指) 定量 16頭 本賞金:1840,740,460,280,184万円",16,1840.0,4,1,2,エレガントムーン,牝,5,56.0,斎藤,69.7,1/2,15,204.5,34.9,10-8,栗東 牧浦,448,-2,
202508030110,2025-10-04,京都,10,大山崎S,ダ,1200,右,小雨,不,"3回 京都 1日目 サラ系３歳以上 ３勝クラス       (混)(特指) 定量 16頭 本賞金:1840,740,460,280,184万円",16,1840.0,5,2,4,パドマ,牝,4,56.0,松若,69.8,クビ,8,18.0,35.5,6-6,栗東 杉山晴,508,6,
202508030110,2025-10-04,京都,10,大山崎S,ダ,1200,右,小雨,不,"3回 京都 1日目 サラ系３歳以上 ３勝クラス       (混)(特指) 定量 16頭 本賞金:1840,740,460,280,184万円",16,1840.0,6,1,1,ヒルノドゴール,牡,4,58.0,和田竜,70.0,1.1/2,6,11.9,34.9,11-11,栗東 北出,524,10,
202508030110,2025-10-04,京都,10,大山崎S,ダ,1200,右,小雨,不,"3回 京都 1日目 サラ系３歳以上 ３勝クラス       (混)(特指) 定量 16頭 本賞金:1840,740,460,280,184万円",16,1840.0,7,6,12,ローズバルサム,牝,5,56.0,武豊,70.1,クビ,11,22.4,34.9,11-13,栗東 吉村,446,-2,
202508030110,2025-10-04,京都,10,大山崎S,ダ,1200,右,小雨,不,"3回 京都 1日目 サラ系３歳以上 ３勝クラス       (混)(特指) 定量 16頭 本賞金:1840,740,460,280,184万円",16,1840.0,8,7,14,ウナギノボリ,牡,6,58.0,国分恭,70.1,1/2,13,72.6,34.6,14-14,栗東 東田,472,-6,
202508030110,2025-10-04,京都,10,大山崎S,ダ,1200,右,小雨,不,"3回 京都 1日目 サラ系３歳以上 ３勝クラス       (混)(特指) 定量 16頭 本賞金:1840,740,460,280,184万円",16,1840.0,9,4,7,メイショウヤーキス,牡,4,58.0,菱田,70.2,1/2,7,16.9,35.7,7-6,栗東 飯田,452,8,
202508030110,2025-10-04,京都,10,大山崎S,ダ,1200,右,小雨,不,"3回 京都 1日目 サラ系３歳以上 ３勝クラス       (混)(特指) 定量 16頭 本賞金:1840,740,460,280,184万円",16,1840.0,10,7,13,タマモダイジョッキ,牡,7,58.0,小沢,70.2,ハナ,12,68.2,34.8,14-14,栗東 緒方,486,-6,
202508030110,2025-10-04,京都,10,大山崎S,ダ,1200,右,小雨,不,"3回 京都 1日目 サラ系３歳以上 ３勝クラス       (混)(特指) 定量 16頭 本賞金:1840,740,460,280,184万円",16,1840.0,11,5,10,カネコメシスター,牝,6,56.0,団野,70.5,1.1/2,16,289.0,35.5,11-11,栗東 中尾,502,-8,
202508030110,2025-10-04,京都,10,大山崎S,ダ,1200,右,小雨,不,"3回 京都 1日目 サラ系３歳以上 ３勝クラス       (混)(特指) 定量 16頭 本賞金:1840,740,460,280,184万円",16,1840.0,12,3,5,ストレングス,牡,4,58.0,岩田望,70.6,3/4,2,4.0,36.8,2-2,栗東 寺島,470,-2,
202508030110,2025-10-04,京都,10,大山崎S,ダ,1200,右,小雨,不,"3回 京都 1日目 サラ系３歳以上 ３勝クラス       (混)(特指) 定量 16頭 本賞金:1840,740,460,280,184万円",16,1840.0,13,2,3,ビバップ,牡,4,58.0,西塚,70.8,1.1/2,10,22.0,36.9,2-4,栗東 清水久,492,0,
202508030110,2025-10-04,京都,10,大山崎S,ダ,1200,右,小雨,不,"3回 京都 1日目 サラ系３歳以上 ３勝クラス       (混)(特指) 定量 16頭 本賞金:1840,740,460,280,184万円",16,1840.0,14,6,11,ネグレスコ,牝,4,56.0,秋山稔,71.4,3.1/2,5,10.7,36.9,7-10,栗東 西園正,486,0,
202508030110,2025-10-04,京都,10,大山崎S,ダ,1200,右,小雨,不,"3回 京都 1日目 サラ系３歳以上 ３勝クラス       (混)(特指) 定量 16頭 本賞金:1840,740,460,280,184万円",16,1840.0,15,4,8,イミュータブル,牡,5,58.0,鮫島駿,71.5,クビ,9,20.7,37.4,4-5,栗東 浜田,478,-12,
202508030110,2025-10-04,京都,10,大山崎S,ダ,1200,右,小雨,不,"3回 京都 1日目 サラ系３歳以上 ３勝クラス       (混)(特指) 定量 16頭 本賞金:1840,740,460,280,184万円",16,1840.0,16,3,6,サトノグレイト,セ,5,58.0,池添,73.0,9,14,170.8,36.7,16-16,栗東 中竹,492,2,
202508030110,2025-10-04,京都,10,大山崎S,ダ,1200,右,小雨,不,"3回 京都 1日目 サラ系３歳以上 ３勝クラス       (混)(特指) 定量 16頭 本賞金:1840,740,460,280,184万円",16,1840.0,,1,9,メイショウホウレン,,,111.0,114,,12.0,4,10.5,3.0,11.1,1,,,
202508030110,2025-10-04,京都,10,大山崎S,ダ,1200,右,小雨,不,"3回 京都 1日目 サラ系３歳以上 ３勝クラス       (混)(特指) 定量 16頭 本賞金:1840,740,460,280,184万円",16,1840.0,,1,9,メイショウホウレン,,,,-,,-,,,,-,-,,,
202508030111,2025-10-04,京都,11,オパールS,芝,1200,右,曇,重,"3回 京都 1日目 サラ系３歳以上 オープン       (国際)(特指) ハンデ 18頭 本賞金:2700,1100,680,410,270万円",18,2700.0,1,2,3,メイショウソラフネ,牡,6,57.0,高杉,67.7,,2,5.7,33.7,4-4,栗東 石橋,454,2,
202508030111,2025-10-04,京都,11,オパールS,芝,1200,右,曇,重,"3回 京都 1日目 サラ系３歳以上 オープン       (国際)(特指) ハンデ 18頭 本賞金:2700,1100,680,410,270万円",18,2700.0,2,6,11,ナムラクララ,牝,3,54.0,浜中,67.7,クビ,1,3.5,33.8,3-3,栗東 長谷川,478,-8,
202508030111,2025-10-04,京都,11,オパールS,芝,1200,右,曇,重,"3回 京都 1日目 サラ系３歳以上 オープン       (国際)(特指) ハンデ 18頭 本賞金:2700,1100,680,410,270万円",18,2700.0,3,4,7,クラスペディア,牡,3,56.0,藤岡佑,67.9,1,3,6.4,34.1,2-2,栗東 河嶋,510,10,
202508030111,2025-10-04,京都,11,オパールS,芝,1200,右,曇,重,"3回 京都 1日目 サラ系３歳以上 オープン       (国際)(特指) ハンデ 18頭 本賞金:2700,1100,680,410,270万円",18,2700.0,4,5,9,ジョーメッドヴィン,牡,4,55.0,岩田望,68.1,1.1/4,10,29.2,33.2,16-15,栗東 清水久,510,-4,
202508030111,2025-10-04,京都,11,オパールS,芝,1200,右,曇,重,"3回 京都 1日目 サラ系３歳以上 オープン       (国際)(特指) ハンデ 18頭 本賞金:2700,1100,680,410,270万円",18,2700.0,5,3,6,フィオライア,牝,4,54.0,国分恭,68.2,3/4,5,9.7,34.5,1-1,栗東 西園正,464,-2,
202508030111,2025-10-04,京都,11,オパールS,芝,1200,右,曇,重,"3回 京都 1日目 サラ系３歳以上 オープン       (国際)(特指) ハンデ 18頭 本賞金:2700,1100,680,410,270万円",18,2700.0,6,4,8,タマモブラックタイ,牡,5,55.0,酒井,68.2,アタマ,7,16.6,33.6,13-10,栗東 角田,518,4,
202508030111,2025-10-04,京都,11,オパールS,芝,1200,右,曇,重,"3回 京都 1日目 サラ系３歳以上 オープン       (国際)(特指) ハンデ 18頭 本賞金:2700,1100,680,410,270万円",18,2700.0,7,8,17,バンデルオーラ,牡,6,55.0,西村淳,68.2,クビ,15,57.7,34.2,4-4,栗東 牧浦,484,2,
202508030111,2025-10-04,京都,11,オパールS,芝,1200,右,曇,重,"3回 京都 1日目 サラ系３歳以上 オープン       (国際)(特指) ハンデ 18頭 本賞金:2700,1100,680,410,270万円",18,2700.0,8,2,4,プルパレイ,セ,6,57.0,富田,68.3,アタマ,12,34.9,34.1,9-8,栗東 須貝,494,-2,
202508030111,2025-10-04,京都,11,オパールS,芝,1200,右,曇,重,"3回 京都 1日目 サラ系３歳以上 オープン       (国際)(特指) ハンデ 18頭 本賞金:2700,1100,680,410,270万円",18,2700.0,9,6,12,カリボール,牡,9,56.0,田口,68.3,1/2,14,44.5,34.3,4-4,栗東 西村,504,-2,
202508030111,2025-10-04,京都,11,オパールS,芝,1200,右,曇,重,"3回 京都 1日目 サラ系３歳以上 オープン       (国際)(特指) ハンデ 18頭 本賞金:2700,1100,680,410,270万円",18,2700.0,10,1,1,グランテスト,牝,5,54.0,松若,68.4,クビ,6,16.5,34.1,11-10,栗東 今野,482,-4,
202508030111,2025-10-04,京都,11,オパールS,芝,1200,右,曇,重,"3回 京都 1日目 サラ系３歳以上 オープン       (国際)(特指) ハンデ 18頭 本賞金:2700,1100,680,410,270万円",18,2700.0,11,7,15,ベガリス,牝,5,54.0,藤懸,68.4,アタマ,4,8.3,34.3,9-7,栗東 高橋忠,444,4,
202508030111,2025-10-04,京都,11,オパールS,芝,1200,右,曇,重,"3回 京都 1日目 サラ系３歳以上 オープン       (国際)(特指) ハンデ 18頭 本賞金:2700,1100,680,410,270万円",18,2700.0,12,1,2,ジュンウィンダム,牝,5,54.0,小沢,68.4,アタマ,8,18.4,33.9,11-13,栗東 浜田,514,2,
202508030111,2025-10-04,京都,11,オパールS,芝,1200,右,曇,重,"3回 京都 1日目 サラ系３歳以上 オープン       (国際)(特指) ハンデ 18頭 本賞金:2700,1100,680,410,270万円",18,2700.0,13,7,13,ブトンドール,牝,5,54.0,鮫島駿,68.5,1/2,16,62.9,33.4,17-17,栗東 池添,516,14,
202508030111,2025-10-04,京都,11,オパールS,芝,1200,右,曇,重,"3回 京都 1日目 サラ系３歳以上 オープン       (国際)(特指) ハンデ 18頭 本賞金:2700,1100,680,410,270万円",18,2700.0,14,5,10,ブーケファロス,牡,5,55.0,斎藤,68.6,1/2,11,29.8,33.9,13-14,美浦 清水英,450,2,
202508030111,2025-10-04,京都,11,オパールS,芝,1200,右,曇,重,"3回 京都 1日目 サラ系３歳以上 オープン       (国際)(特指) ハンデ 18頭 本賞金:2700,1100,680,410,270万円",18,2700.0,15,3,5,ショウナンハクラク,牡,6,56.0,池添,68.7,クビ,9,25.0,33.6,18-17,栗東 松下,478,0,
202508030111,2025-10-04,京都,11,オパールS,芝,1200,右,曇,重,"3回 京都 1日目 サラ系３歳以上 オープン       (国際)(特指) ハンデ 18頭 本賞金:2700,1100,680,410,270万円",18,2700.0,16,8,16,ミルトクレイモー,牡,5,54.0,菱田,69.2,3,13,36.0,35.1,7-8,栗東 中村,518,2,
202508030111,2025-10-04,京都,11,オパールS,芝,1200,右,曇,重,"3回 京都 1日目 サラ系３歳以上 オープン       (国際)(特指) ハンデ 18頭 本賞金:2700,1100,680,410,270万円",18,2700.0,17,7,14,エコロガイア,牡,4,55.0,団野,70.7,9,17,66.5,36.1,13-15,栗東 森秀,470,-4,
202508030111,2025-10-04,京都,11,オパールS,芝,1200,右,曇,重,"3回 京都 1日目 サラ系３歳以上 オープン       (国際)(特指) ハンデ 18頭 本賞金:2700,1100,680,410,270万円",18,2700.0,18,8,18,マイネルジェロディ,牡,7,56.0,和田竜,70.9,1.1/2,18,104.8,36.7,7-10,栗東 西園正,488,6,
202508030111,2025-10-04,京都,11,オパールS,芝,1200,右,曇,重,"3回 京都 1日目 サラ系３歳以上 オープン       (国際)(特指) ハンデ 18頭 本賞金:2700,1100,680,410,270万円",18,2700.0,,1,3,メイショウソラフネ,,,101.0,102,,12.2,5,10.8,1.0,10.9,1,,,
202508030111,2025-10-04,京都,11,オパールS,芝,1200,右,曇,重,"3回 京都 1日目 サラ系３歳以上 オープン       (国際)(特指) ハンデ 18頭 本賞金:2700,1100,680,410,270万円",18,2700.0,,1,3,メイショウソラフネ,,,,-,,-,,,,-,-,,,
202508030112,2025-10-04,京都,12,3歳以上2勝クラス,ダ,1800,右,曇,不,"3回 京都 1日目 サラ系３歳以上 ２勝クラス       [指] 定量 13頭 本賞金:1140,460,290,170,114万円",13,1140.0,1,2,2,ヒルノハンブルク,牡,3,56.0,武豊,110.2,,1,1.6,36.5,2-2-2-2,栗東 武英,468,0,
202508030112,2025-10-04,京都,12,3歳以上2勝クラス,ダ,1800,右,曇,不,"3回 京都 1日目 サラ系３歳以上 ２勝クラス       [指] 定量 13頭 本賞金:1140,460,290,170,114万円",13,1140.0,2,4,4,モックモック,牡,5,56.0,◇今村,110.2,アタマ,2,7.1,36.1,5-5-8-7,栗東 寺島,500,2,
202508030112,2025-10-04,京都,12,3歳以上2勝クラス,ダ,1800,右,曇,不,"3回 京都 1日目 サラ系３歳以上 ２勝クラス       [指] 定量 13頭 本賞金:1140,460,290,170,114万円",13,1140.0,3,1,1,マキシマムビスタ,牝,3,54.0,団野,110.7,3,7,18.1,36.9,3-3-4-3,栗東 斉藤崇,516,16,
202508030112,2025-10-04,京都,12,3歳以上2勝クラス,ダ,1800,右,曇,不,"3回 京都 1日目 サラ系３歳以上 ２勝クラス       [指] 定量 13頭 本賞金:1140,460,290,170,114万円",13,1140.0,4,6,9,クリノフィガロ,牡,4,58.0,高杉,110.8,1/2,5,12.0,36.8,11-11-5-3,栗東 荒川,496,4,
202508030112,2025-10-04,京都,12,3歳以上2勝クラス,ダ,1800,右,曇,不,"3回 京都 1日目 サラ系３歳以上 ２勝クラス       [指] 定量 13頭 本賞金:1140,460,290,170,114万円",13,1140.0,5,6,8,キングオブフジ,牡,4,58.0,中井,111.0,1.1/2,8,25.4,36.5,12-12-12-10,栗東 角田,500,2,
202508030112,2025-10-04,京都,12,3歳以上2勝クラス,ダ,1800,右,曇,不,"3回 京都 1日目 サラ系３歳以上 ２勝クラス       [指] 定量 13頭 本賞金:1140,460,290,170,114万円",13,1140.0,6,5,7,メイショウツヨキ,牡,3,56.0,坂井,111.3,1.3/4,3,9.2,37.0,8-8-9-10,栗東 飯田,470,-16,
202508030112,2025-10-04,京都,12,3歳以上2勝クラス,ダ,1800,右,曇,不,"3回 京都 1日目 サラ系３歳以上 ２勝クラス       [指] 定量 13頭 本賞金:1140,460,290,170,114万円",13,1140.0,7,7,10,ドンアチェカ,牡,5,55.0,▲森田,111.4,クビ,11,215.4,37.4,3-3-5-7,栗東 千田,488,0,
202508030112,2025-10-04,京都,12,3歳以上2勝クラス,ダ,1800,右,曇,不,"3回 京都 1日目 サラ系３歳以上 ２勝クラス       [指] 定量 13頭 本賞金:1140,460,290,170,114万円",13,1140.0,8,7,11,クリノグローリー,牡,5,58.0,泉谷,111.4,ハナ,9,51.6,37.1,8-8-9-10,栗東 谷,480,-16,
202508030112,2025-10-04,京都,12,3歳以上2勝クラス,ダ,1800,右,曇,不,"3回 京都 1日目 サラ系３歳以上 ２勝クラス       [指] 定量 13頭 本賞金:1140,460,290,170,114万円",13,1140.0,9,3,3,メイショウシロガネ,牡,7,58.0,角田和,111.4,ハナ,12,241.0,37.4,5-5-5-3,栗東 笹田,458,4,
202508030112,2025-10-04,京都,12,3歳以上2勝クラス,ダ,1800,右,曇,不,"3回 京都 1日目 サラ系３歳以上 ２勝クラス       [指] 定量 13頭 本賞金:1140,460,290,170,114万円",13,1140.0,10,5,6,トーレ,牡,4,58.0,斎藤,111.6,1.1/4,4,9.8,38.1,1-1-1-1,栗東 高橋亮,498,10,
202508030112,2025-10-04,京都,12,3歳以上2勝クラス,ダ,1800,右,曇,不,"3回 京都 1日目 サラ系３歳以上 ２勝クラス       [指] 定量 13頭 本賞金:1140,460,290,170,114万円",13,1140.0,11,8,12,クリノラピダス,牡,3,56.0,秋山稔,111.8,1.1/2,13,254.7,37.4,13-12-9-7,栗東 谷,446,-4,
202508030112,2025-10-04,京都,12,3歳以上2勝クラス,ダ,1800,右,曇,不,"3回 京都 1日目 サラ系３歳以上 ２勝クラス       [指] 定量 13頭 本賞金:1140,460,290,170,114万円",13,1140.0,12,8,13,ヒデノレインボー,牡,6,55.0,▲和田陽,112.0,1.1/4,10,89.2,38.2,5-5-2-6,栗東 梅田,502,8,
202508030112,2025-10-04,京都,12,3歳以上2勝クラス,ダ,1800,右,曇,不,"3回 京都 1日目 サラ系３歳以上 ２勝クラス       [指] 定量 13頭 本賞金:1140,460,290,170,114万円",13,1140.0,13,4,5,オーシンハーフ,セ,4,58.0,池添,114.4,大,6,17.5,39.2,10-10-13-13,栗東 高橋一,448,4,
202508030112,2025-10-04,京都,12,3歳以上2勝クラス,ダ,1800,右,曇,不,"3回 京都 1日目 サラ系３歳以上 ２勝クラス       [指] 定量 13頭 本賞金:1140,460,290,170,114万円",13,1140.0,,1,2,ヒルノハンブルク,,,101.0,94,,12.3,4,11.3,2.0,12.9,3,,,
202508030112,2025-10-04,京都,12,3歳以上2勝クラス,ダ,1800,右,曇,不,"3回 京都 1日目 サラ系３歳以上 ２勝クラス       [指] 定量 13頭 本賞金:1140,460,290,170,114万円",13,1140.0,,1,2,ヒルノハンブルク,,,,-,,-,,,,-,-,,,
202505040201,2025-10-05,東京,1,2歳未勝利,ダ,1400,左,曇,良,"4回 東京 2日目 サラ系２歳 未勝利       (混)[指] 馬齢 16頭 本賞金:560,220,140,84,56万円",16,560.0,1,4,7,エコロシード,牡,2,56.0,佐々木,85.1,,2,3.6,36.9,2-1,美浦 堀,534,4,
202505040201,2025-10-05,東京,1,2歳未勝利,ダ,1400,左,曇,良,"4回 東京 2日目 サラ系２歳 未勝利       (混)[指] 馬齢 16頭 本賞金:560,220,140,84,56万円",16,560.0,2,5,10,ヘリテージブルーム,牡,2,56.0,戸崎圭,85.1,ハナ,3,4.7,36.8,2-2,美浦 伊藤圭,446,0,
202505040201,2025-10-05,東京,1,2歳未勝利,ダ,1400,左,曇,良,"4回 東京 2日目 サラ系２歳 未勝利       (混)[指] 馬齢 16頭 本賞金:560,220,140,84,56万円",16,560.0,3,4,8,カセノアステリア,牝,2,55.0,津村,86.3,7,6,19.3,37.5,7-7,美浦 鈴木伸,490,2,
202505040201,2025-10-05,東京,1,2歳未勝利,ダ,1400,左,曇,良,"4回 東京 2日目 サラ系２歳 未勝利       (混)[指] 馬齢 16頭 本賞金:560,220,140,84,56万円",16,560.0,4,3,5,ドナシェーン,牝,2,55.0,菅原明,86.8,3,4,5.9,38.3,4-3,美浦 栗田,448,6,
202505040201,2025-10-05,東京,1,2歳未勝利,ダ,1400,左,曇,良,"4回 東京 2日目 サラ系２歳 未勝利       (混)[指] 馬齢 16頭 本賞金:560,220,140,84,56万円",16,560.0,5,3,6,エスシーレイジュ,牝,2,55.0,大野,86.9,1/2,13,234.9,37.6,13-12,美浦 松山,446,0,
202505040201,2025-10-05,東京,1,2歳未勝利,ダ,1400,左,曇,良,"4回 東京 2日目 サラ系２歳 未勝利       (混)[指] 馬齢 16頭 本賞金:560,220,140,84,56万円",16,560.0,6,5,9,トコシエノヒトミ,牝,2,52.0,▲石神道,87.5,3.1/2,10,83.9,37.8,15-14,美浦 小笠,408,0,
202505040201,2025-10-05,東京,1,2歳未勝利,ダ,1400,左,曇,良,"4回 東京 2日目 サラ系２歳 未勝利       (混)[指] 馬齢 16頭 本賞金:560,220,140,84,56万円",16,560.0,7,6,11,ワールドブレイヴ,牡,2,56.0,丸山,87.7,1.1/4,11,141.3,37.5,16-16,美浦 宮田,488,8,
202505040201,2025-10-05,東京,1,2歳未勝利,ダ,1400,左,曇,良,"4回 東京 2日目 サラ系２歳 未勝利       (混)[指] 馬齢 16頭 本賞金:560,220,140,84,56万円",16,560.0,8,7,14,モーゲンセン,牡,2,56.0,岩田望,87.9,1.1/2,9,37.3,39.1,7-7,美浦 斎藤誠,504,4,
202505040201,2025-10-05,東京,1,2歳未勝利,ダ,1400,左,曇,良,"4回 東京 2日目 サラ系２歳 未勝利       (混)[指] 馬齢 16頭 本賞金:560,220,140,84,56万円",16,560.0,9,1,1,コパノエイダン,牡,2,56.0,原,88.7,5,5,13.5,39.8,10-10,美浦 上原博,492,2,
202505040201,2025-10-05,東京,1,2歳未勝利,ダ,1400,左,曇,良,"4回 東京 2日目 サラ系２歳 未勝利       (混)[指] 馬齢 16頭 本賞金:560,220,140,84,56万円",16,560.0,10,2,4,ビースタニング,牝,2,52.0,▲佐藤,88.7,ハナ,14,260.0,39.7,10-10,美浦 小手川,478,2,
202505040201,2025-10-05,東京,1,2歳未勝利,ダ,1400,左,曇,良,"4回 東京 2日目 サラ系２歳 未勝利       (混)[指] 馬齢 16頭 本賞金:560,220,140,84,56万円",16,560.0,11,8,15,タマコロリン,牝,2,55.0,荻野極,88.8,クビ,15,311.2,40.0,7-7,美浦 村田,478,6,
202505040201,2025-10-05,東京,1,2歳未勝利,ダ,1400,左,曇,良,"4回 東京 2日目 サラ系２歳 未勝利       (混)[指] 馬齢 16頭 本賞金:560,220,140,84,56万円",16,560.0,12,6,12,アンプイットアップ,牡,2,56.0,丹内,88.8,クビ,1,3.1,40.4,4-3,美浦 岩戸,488,0,
202505040201,2025-10-05,東京,1,2歳未勝利,ダ,1400,左,曇,良,"4回 東京 2日目 サラ系２歳 未勝利       (混)[指] 馬齢 16頭 本賞金:560,220,140,84,56万円",16,560.0,13,7,13,フィールドアピール,牝,2,55.0,木幡初,89.2,2.1/2,7,20.5,39.8,10-12,美浦 竹内,480,2,
202505040201,2025-10-05,東京,1,2歳未勝利,ダ,1400,左,曇,良,"4回 東京 2日目 サラ系２歳 未勝利       (混)[指] 馬齢 16頭 本賞金:560,220,140,84,56万円",16,560.0,14,1,2,カナデライド,牡,2,56.0,江田照,89.2,ハナ,16,351.5,39.2,14-15,美浦 田中剛,422,6,
202505040201,2025-10-05,東京,1,2歳未勝利,ダ,1400,左,曇,良,"4回 東京 2日目 サラ系２歳 未勝利       (混)[指] 馬齢 16頭 本賞金:560,220,140,84,56万円",16,560.0,15,2,3,ホワイトナイル,牡,2,56.0,木幡巧,90.7,9,8,25.0,42.1,4-6,美浦 牧,488,2,
202505040201,2025-10-05,東京,1,2歳未勝利,ダ,1400,左,曇,良,"4回 東京 2日目 サラ系２歳 未勝利       (混)[指] 馬齢 16頭 本賞金:560,220,140,84,56万円",16,560.0,16,8,16,ビップレオン,牡,2,53.0,▲上里,94.3,大,12,173.7,45.8,1-3,美浦 田島,486,26,
202505040201,2025-10-05,東京,1,2歳未勝利,ダ,1400,左,曇,良,"4回 東京 2日目 サラ系２歳 未勝利       (混)[指] 馬齢 16頭 本賞金:560,220,140,84,56万円",16,560.0,,1,7,エコロシード,,,105.0,96,,12.5,4,11.0,2.0,11.9,1,,,
202505040201,2025-10-05,東京,1,2歳未勝利,ダ,1400,左,曇,良,"4回 東京 2日目 サラ系２歳 未勝利       (混)[指] 馬齢 16頭 本賞金:560,220,140,84,56万円",16,560.0,,1,7,エコロシード,,,,-,,-,,,,-,-,,,
202505040202,2025-10-05,東京,2,2歳未勝利,芝,1800,左,曇,良,"4回 東京 2日目 サラ系２歳 未勝利       (混)[指] 馬齢 11頭 本賞金:560,220,140,84,56万円",11,560.0,1,7,9,ラフターラインズ,牝,2,55.0,戸崎圭,106.0,,1,1.6,33.8,8-5-4,美浦 小笠,456,-4,
202505040202,2025-10-05,東京,2,2歳未勝利,芝,1800,左,曇,良,"4回 東京 2日目 サラ系２歳 未勝利       (混)[指] 馬齢 11頭 本賞金:560,220,140,84,56万円",11,560.0,2,1,1,セキテイリノ,牡,2,56.0,江田照,106.4,2.1/2,4,9.5,34.7,1-1-1,美浦 田中剛,468,6,
202505040202,2025-10-05,東京,2,2歳未勝利,芝,1800,左,曇,良,"4回 東京 2日目 サラ系２歳 未勝利       (混)[指] 馬齢 11頭 本賞金:560,220,140,84,56万円",11,560.0,3,6,6,ナハトナナレオン,牝,2,53.0,△長浜,106.7,1.3/4,5,11.6,34.7,4-3-3,美浦 矢嶋,412,14,
202505040202,2025-10-05,東京,2,2歳未勝利,芝,1800,左,曇,良,"4回 東京 2日目 サラ系２歳 未勝利       (混)[指] 馬齢 11頭 本賞金:560,220,140,84,56万円",11,560.0,4,2,2,コスモクラシック,牡,2,56.0,石川,106.7,ハナ,6,15.0,34.8,2-2-2,美浦 嘉藤,484,0,
202505040202,2025-10-05,東京,2,2歳未勝利,芝,1800,左,曇,良,"4回 東京 2日目 サラ系２歳 未勝利       (混)[指] 馬齢 11頭 本賞金:560,220,140,84,56万円",11,560.0,5,8,10,ダノンドナウ,牝,2,55.0,丹内,107.2,3,7,25.0,34.6,4-9-9,美浦 菊沢,444,0,
202505040202,2025-10-05,東京,2,2歳未勝利,芝,1800,左,曇,良,"4回 東京 2日目 サラ系２歳 未勝利       (混)[指] 馬齢 11頭 本賞金:560,220,140,84,56万円",11,560.0,6,6,7,レッドジェルブロワ,牡,2,56.0,荻野極,107.2,アタマ,3,6.5,34.8,4-7-6,美浦 鹿戸,444,2,
202505040202,2025-10-05,東京,2,2歳未勝利,芝,1800,左,曇,良,"4回 東京 2日目 サラ系２歳 未勝利       (混)[指] 馬齢 11頭 本賞金:560,220,140,84,56万円",11,560.0,7,3,3,ムーングレイル,牡,2,56.0,三浦,107.5,1.1/2,2,5.6,35.4,3-3-4,美浦 森一,468,0,
202505040202,2025-10-05,東京,2,2歳未勝利,芝,1800,左,曇,良,"4回 東京 2日目 サラ系２歳 未勝利       (混)[指] 馬齢 11頭 本賞金:560,220,140,84,56万円",11,560.0,8,5,5,ナムラパピ,牝,2,55.0,木幡初,108.3,5,10,468.0,35.8,9-7-7,美浦 武市,434,0,
202505040202,2025-10-05,東京,2,2歳未勝利,芝,1800,左,曇,良,"4回 東京 2日目 サラ系２歳 未勝利       (混)[指] 馬齢 11頭 本賞金:560,220,140,84,56万円",11,560.0,9,4,4,ナデシコ,牝,2,55.0,杉原,108.7,2.1/2,9,460.1,35.7,10-10-10,美浦 村田,418,4,
202505040202,2025-10-05,東京,2,2歳未勝利,芝,1800,左,曇,良,"4回 東京 2日目 サラ系２歳 未勝利       (混)[指] 馬齢 11頭 本賞金:560,220,140,84,56万円",11,560.0,10,7,8,ソロイノシタク,牝,2,52.0,▲小林美,109.1,2.1/2,8,158.7,36.6,4-5-7,美浦 矢嶋,414,-8,
202505040202,2025-10-05,東京,2,2歳未勝利,芝,1800,左,曇,良,"4回 東京 2日目 サラ系２歳 未勝利       (混)[指] 馬齢 11頭 本賞金:560,220,140,84,56万円",11,560.0,11,8,11,ルディドゥゲンジ,牝,2,55.0,黛,109.6,3,11,652.9,36.4,10-10-11,美浦 蛯名利,414,-8,
202505040202,2025-10-05,東京,2,2歳未勝利,芝,1800,左,曇,良,"4回 東京 2日目 サラ系２歳 未勝利       (混)[指] 馬齢 11頭 本賞金:560,220,140,84,56万円",11,560.0,,1,9,ラフターラインズ,,,97.0,90,,13.3,3,11.0,4.0,11.5,3,,,
202505040202,2025-10-05,東京,2,2歳未勝利,芝,1800,左,曇,良,"4回 東京 2日目 サラ系２歳 未勝利       (混)[指] 馬齢 11頭 本賞金:560,220,140,84,56万円",11,560.0,,1,9,ラフターラインズ,,,,-,,-,,,,-,-,,,
202505040203,2025-10-05,東京,3,2歳未勝利,芝,1400,左,晴,良,"4回 東京 2日目 サラ系２歳 未勝利       (混)[指] 馬齢 17頭 本賞金:560,220,140,84,56万円",17,560.0,1,2,4,フェーダーローター,牝,2,55.0,原,81.6,,16,257.4,34.2,3-4,美浦 天間,444,4,
202505040203,2025-10-05,東京,3,2歳未勝利,芝,1400,左,晴,良,"4回 東京 2日目 サラ系２歳 未勝利       (混)[指] 馬齢 17頭 本賞金:560,220,140,84,56万円",17,560.0,2,1,1,ヨドノティアラ,牝,2,55.0,津村,81.8,1.1/4,4,6.4,34.9,1-1,美浦 矢嶋,436,10,
202505040203,2025-10-05,東京,3,2歳未勝利,芝,1400,左,晴,良,"4回 東京 2日目 サラ系２歳 未勝利       (混)[指] 馬齢 17頭 本賞金:560,220,140,84,56万円",17,560.0,3,5,9,カラーオブサクセス,牝,2,55.0,菊沢,81.8,ハナ,2,5.3,34.4,5-4,美浦 武市,440,-6,
202505040203,2025-10-05,東京,3,2歳未勝利,芝,1400,左,晴,良,"4回 東京 2日目 サラ系２歳 未勝利       (混)[指] 馬齢 17頭 本賞金:560,220,140,84,56万円",17,560.0,4,8,16,シンハ,牡,2,53.0,▲石神道,82.0,1,7,13.8,33.9,13-12,美浦 和田郎,472,0,
202505040203,2025-10-05,東京,3,2歳未勝利,芝,1400,左,晴,良,"4回 東京 2日目 サラ系２歳 未勝利       (混)[指] 馬齢 17頭 本賞金:560,220,140,84,56万円",17,560.0,5,2,3,セイウンシシマイ,牡,2,53.0,▲佐藤,82.1,1/2,15,81.8,34.5,6-6,美浦 杉浦,462,-4,
202505040203,2025-10-05,東京,3,2歳未勝利,芝,1400,左,晴,良,"4回 東京 2日目 サラ系２歳 未勝利       (混)[指] 馬齢 17頭 本賞金:560,220,140,84,56万円",17,560.0,6,3,6,ノーブルラホーヤ,牝,2,53.0,△長浜,82.2,3/4,14,79.2,34.3,9-9,美浦 深山,382,-8,
202505040203,2025-10-05,東京,3,2歳未勝利,芝,1400,左,晴,良,"4回 東京 2日目 サラ系２歳 未勝利       (混)[指] 馬齢 17頭 本賞金:560,220,140,84,56万円",17,560.0,7,7,14,アドミ,牝,2,55.0,菅原明,82.3,3/4,1,5.2,34.6,6-6,美浦 中川,442,-2,
202505040203,2025-10-05,東京,3,2歳未勝利,芝,1400,左,晴,良,"4回 東京 2日目 サラ系２歳 未勝利       (混)[指] 馬齢 17頭 本賞金:560,220,140,84,56万円",17,560.0,8,6,12,レヴェンドール,牝,2,55.0,野中,82.4,クビ,5,6.4,34.5,10-9,美浦 柄崎,460,4,
202505040203,2025-10-05,東京,3,2歳未勝利,芝,1400,左,晴,良,"4回 東京 2日目 サラ系２歳 未勝利       (混)[指] 馬齢 17頭 本賞金:560,220,140,84,56万円",17,560.0,9,7,13,エレクトロン,牡,2,56.0,杉原,82.5,1,8,17.5,34.1,14-14,美浦 佐藤吉,430,6,
202505040203,2025-10-05,東京,3,2歳未勝利,芝,1400,左,晴,良,"4回 東京 2日目 サラ系２歳 未勝利       (混)[指] 馬齢 17頭 本賞金:560,220,140,84,56万円",17,560.0,10,4,8,ロット,牝,2,55.0,嶋田,82.5,ハナ,10,44.2,34.4,12-12,美浦 本間,416,2,
202505040203,2025-10-05,東京,3,2歳未勝利,芝,1400,左,晴,良,"4回 東京 2日目 サラ系２歳 未勝利       (混)[指] 馬齢 17頭 本賞金:560,220,140,84,56万円",17,560.0,11,8,17,エルリオ,牝,2,52.0,▲小林美,82.5,ハナ,13,65.9,33.9,16-16,美浦 深山,444,-4,
202505040203,2025-10-05,東京,3,2歳未勝利,芝,1400,左,晴,良,"4回 東京 2日目 サラ系２歳 未勝利       (混)[指] 馬齢 17頭 本賞金:560,220,140,84,56万円",17,560.0,12,3,5,ニシノゴージャス,牝,2,52.0,▲遠藤,82.7,1.1/4,11,52.6,35.5,3-2,美浦 村田,410,2,
202505040203,2025-10-05,東京,3,2歳未勝利,芝,1400,左,晴,良,"4回 東京 2日目 サラ系２歳 未勝利       (混)[指] 馬齢 17頭 本賞金:560,220,140,84,56万円",17,560.0,13,8,15,レディアエラ,牝,2,55.0,石橋脩,83.1,2,12,56.1,35.2,10-9,美浦 大和田,430,-2,
202505040203,2025-10-05,東京,3,2歳未勝利,芝,1400,左,晴,良,"4回 東京 2日目 サラ系２歳 未勝利       (混)[指] 馬齢 17頭 本賞金:560,220,140,84,56万円",17,560.0,14,5,10,リュウセイコウテイ,牡,2,56.0,丹内,83.2,1,6,9.6,35.5,6-6,美浦 奥平,442,4,
202505040203,2025-10-05,東京,3,2歳未勝利,芝,1400,左,晴,良,"4回 東京 2日目 サラ系２歳 未勝利       (混)[指] 馬齢 17頭 本賞金:560,220,140,84,56万円",17,560.0,15,4,7,ダイシンレスター,牡,2,56.0,岩田康,83.3,3/4,3,5.6,36.2,2-2,美浦 戸田,446,0,
202505040203,2025-10-05,東京,3,2歳未勝利,芝,1400,左,晴,良,"4回 東京 2日目 サラ系２歳 未勝利       (混)[指] 馬齢 17頭 本賞金:560,220,140,84,56万円",17,560.0,16,6,11,ジェンダウィナー,牝,2,52.0,▲石田,83.4,3/4,17,563.4,34.9,14-14,美浦 青木,468,0,
202505040203,2025-10-05,東京,3,2歳未勝利,芝,1400,左,晴,良,"4回 東京 2日目 サラ系２歳 未勝利       (混)[指] 馬齢 17頭 本賞金:560,220,140,84,56万円",17,560.0,17,1,2,シシリアンキッス,牝,2,53.0,◇今村,83.4,ハナ,9,20.0,34.6,16-17,美浦 佐藤吉,434,-4,
202505040203,2025-10-05,東京,3,2歳未勝利,芝,1400,左,晴,良,"4回 東京 2日目 サラ系２歳 未勝利       (混)[指] 馬齢 17頭 本賞金:560,220,140,84,56万円",17,560.0,,1,4,フェーダーローター,,,99.0,85,,12.5,4,11.1,1.0,11.6,1,,,
202505040203,2025-10-05,東京,3,2歳未勝利,芝,1400,左,晴,良,"4回 東京 2日目 サラ系２歳 未勝利       (混)[指] 馬齢 17頭 本賞金:560,220,140,84,56万円",17,560.0,,1,4,フェーダーローター,,,,-,,-,,,,-,-,,,
202505040204,2025-10-05,東京,4,3歳以上障害未勝利,障,3000,,晴,良,"4回 東京 2日目 障害３歳以上 未勝利       (混) 定量 14頭 本賞金:840,340,210,130,84万円",14,840.0,1,3,3,プラチナトレジャー,牡,7,60.0,伴,206.5,,1,2.0,13.8,2-2-2-2,美浦 国枝,492,2,
202505040204,2025-10-05,東京,4,3歳以上障害未勝利,障,3000,,晴,良,"4回 東京 2日目 障害３歳以上 未勝利       (混) 定量 14頭 本賞金:840,340,210,130,84万円",14,840.0,2,5,8,タイセイジャスパー,セ,6,60.0,上野,207.0,3,5,13.2,13.8,4-4-3-3,美浦 伊藤圭,498,6,
202505040204,2025-10-05,東京,4,3歳以上障害未勝利,障,3000,,晴,良,"4回 東京 2日目 障害３歳以上 未勝利       (混) 定量 14頭 本賞金:840,340,210,130,84万円",14,840.0,3,8,14,ファベル,牡,6,60.0,小牧加,207.3,1.3/4,2,3.3,13.8,3-3-5-4,栗東 小林,442,2,
202505040204,2025-10-05,東京,4,3歳以上障害未勝利,障,3000,,晴,良,"4回 東京 2日目 障害３歳以上 未勝利       (混) 定量 14頭 本賞金:840,340,210,130,84万円",14,840.0,4,6,9,ネイチャーシップ,牡,7,60.0,大江圭,207.3,クビ,3,7.5,13.8,7-7-4-4,美浦 根本,506,-2,
202505040204,2025-10-05,東京,4,3歳以上障害未勝利,障,3000,,晴,良,"4回 東京 2日目 障害３歳以上 未勝利       (混) 定量 14頭 本賞金:840,340,210,130,84万円",14,840.0,5,5,7,ブライテストドーン,セ,5,60.0,草野,208.1,5,8,49.6,13.9,8-8-7-6,美浦 田島,520,0,
202505040204,2025-10-05,東京,4,3歳以上障害未勝利,障,3000,,晴,良,"4回 東京 2日目 障害３歳以上 未勝利       (混) 定量 14頭 本賞金:840,340,210,130,84万円",14,840.0,6,4,5,フェスティヴビーム,牡,5,60.0,石神深,208.4,1.3/4,4,10.3,13.9,10-9-9-8,美浦 畠山,466,-10,
202505040204,2025-10-05,東京,4,3歳以上障害未勝利,障,3000,,晴,良,"4回 東京 2日目 障害３歳以上 未勝利       (混) 定量 14頭 本賞金:840,340,210,130,84万円",14,840.0,7,7,12,ケイアイカラキア,セ,3,56.0,▲水沼,209.3,5,12,138.8,14.0,10-11-10-9,美浦 上原博,468,6,
202505040204,2025-10-05,東京,4,3歳以上障害未勝利,障,3000,,晴,良,"4回 東京 2日目 障害３歳以上 未勝利       (混) 定量 14頭 本賞金:840,340,210,130,84万円",14,840.0,8,2,2,カレンマックナイト,牡,6,60.0,黒岩,209.4,3/4,9,67.1,14.0,5-5-7-9,栗東 平田,448,-4,
202505040204,2025-10-05,東京,4,3歳以上障害未勝利,障,3000,,晴,良,"4回 東京 2日目 障害３歳以上 未勝利       (混) 定量 14頭 本賞金:840,340,210,130,84万円",14,840.0,9,4,6,ナムラドーギー,牡,4,60.0,五十嵐,210.2,5,6,16.6,14.0,9-10-10-9,美浦 石栗,462,8,
202505040204,2025-10-05,東京,4,3歳以上障害未勝利,障,3000,,晴,良,"4回 東京 2日目 障害３歳以上 未勝利       (混) 定量 14頭 本賞金:840,340,210,130,84万円",14,840.0,10,8,13,ワンダージュノ,セ,6,60.0,田村,210.3,1,14,240.1,14.0,5-5-6-7,栗東 森田,508,20,
202505040204,2025-10-05,東京,4,3歳以上障害未勝利,障,3000,,晴,良,"4回 東京 2日目 障害３歳以上 未勝利       (混) 定量 14頭 本賞金:840,340,210,130,84万円",14,840.0,11,7,11,ウォーターリーダー,牡,5,60.0,難波,210.6,1.1/2,7,37.0,14.0,14-14-14-14,栗東 藤野,454,4,
202505040204,2025-10-05,東京,4,3歳以上障害未勝利,障,3000,,晴,良,"4回 東京 2日目 障害３歳以上 未勝利       (混) 定量 14頭 本賞金:840,340,210,130,84万円",14,840.0,12,6,10,サウンドブライアン,牡,7,60.0,小野寺,211.6,6,11,96.8,14.1,1-1-1-1,栗東 加藤公,496,6,
202505040204,2025-10-05,東京,4,3歳以上障害未勝利,障,3000,,晴,良,"4回 東京 2日目 障害３歳以上 未勝利       (混) 定量 14頭 本賞金:840,340,210,130,84万円",14,840.0,13,3,4,シェアホルダーズ,牡,4,57.0,▲土田,212.4,5,13,151.9,14.2,12-12-13-13,美浦 松山,492,8,
202505040204,2025-10-05,東京,4,3歳以上障害未勝利,障,3000,,晴,良,"4回 東京 2日目 障害３歳以上 未勝利       (混) 定量 14頭 本賞金:840,340,210,130,84万円",14,840.0,14,1,1,ピコイチ,牡,4,57.0,▲坂口,212.6,1.1/4,10,92.9,14.2,13-13-12-12,美浦 尾形,506,26,
202505040205,2025-10-05,東京,5,2歳新馬,芝,2000,左,晴,良,"4回 東京 2日目 サラ系２歳 新馬       [指] 馬齢 15頭 本賞金:750,300,190,110,75万円",15,750.0,1,4,6,ゴーイントゥスカイ,牡,2,56.0,荻野極,120.8,,2,4.0,34.3,3-3-3,美浦 上原佑,488,0,
202505040205,2025-10-05,東京,5,2歳新馬,芝,2000,左,晴,良,"4回 東京 2日目 サラ系２歳 新馬       [指] 馬齢 15頭 本賞金:750,300,190,110,75万円",15,750.0,2,8,15,ミスターライト,牡,2,56.0,三浦,120.8,クビ,4,8.2,34.0,6-5-5,美浦 鹿戸,494,0,
202505040205,2025-10-05,東京,5,2歳新馬,芝,2000,左,晴,良,"4回 東京 2日目 サラ系２歳 新馬       [指] 馬齢 15頭 本賞金:750,300,190,110,75万円",15,750.0,3,7,13,アッパーウォーター,牝,2,55.0,戸崎圭,121.0,1,1,3.2,34.4,4-3-4,美浦 千葉,414,0,
202505040205,2025-10-05,東京,5,2歳新馬,芝,2000,左,晴,良,"4回 東京 2日目 サラ系２歳 新馬       [指] 馬齢 15頭 本賞金:750,300,190,110,75万円",15,750.0,4,2,2,ピュアエンブレム,牝,2,55.0,丸山,121.2,1.1/2,6,11.9,34.4,6-5-5,美浦 小手川,482,0,
202505040205,2025-10-05,東京,5,2歳新馬,芝,2000,左,晴,良,"4回 東京 2日目 サラ系２歳 新馬       [指] 馬齢 15頭 本賞金:750,300,190,110,75万円",15,750.0,5,6,10,ロイヤルヤマト,牡,2,56.0,丹内,121.2,クビ,9,39.1,34.1,4-7-7,美浦 伊藤圭,448,0,
202505040205,2025-10-05,東京,5,2歳新馬,芝,2000,左,晴,良,"4回 東京 2日目 サラ系２歳 新馬       [指] 馬齢 15頭 本賞金:750,300,190,110,75万円",15,750.0,6,3,4,ルージュバロン,牝,2,55.0,岩田望,121.5,1.1/2,3,5.7,34.4,9-8-7,栗東 福永,466,0,
202505040205,2025-10-05,東京,5,2歳新馬,芝,2000,左,晴,良,"4回 東京 2日目 サラ系２歳 新馬       [指] 馬齢 15頭 本賞金:750,300,190,110,75万円",15,750.0,7,2,3,コスモヘリアンサス,牡,2,56.0,菊沢,122.0,3,14,138.7,34.7,11-10-10,美浦 伊藤大,478,0,
202505040205,2025-10-05,東京,5,2歳新馬,芝,2000,左,晴,良,"4回 東京 2日目 サラ系２歳 新馬       [指] 馬齢 15頭 本賞金:750,300,190,110,75万円",15,750.0,8,1,1,グリーンガーネット,牝,2,55.0,木幡巧,122.7,4,8,21.9,35.2,13-15-12,美浦 牧,452,0,
202505040205,2025-10-05,東京,5,2歳新馬,芝,2000,左,晴,良,"4回 東京 2日目 サラ系２歳 新馬       [指] 馬齢 15頭 本賞金:750,300,190,110,75万円",15,750.0,9,6,11,ベンティガスエルテ,牝,2,55.0,武豊,123.0,1.3/4,5,8.9,35.4,12-12-12,栗東 安田,436,0,
202505040205,2025-10-05,東京,5,2歳新馬,芝,2000,左,晴,良,"4回 東京 2日目 サラ系２歳 新馬       [指] 馬齢 15頭 本賞金:750,300,190,110,75万円",15,750.0,10,5,8,チアファンファーレ,牝,2,55.0,津村,123.0,クビ,7,14.4,35.8,8-8-7,美浦 田中博,412,0,
202505040205,2025-10-05,東京,5,2歳新馬,芝,2000,左,晴,良,"4回 東京 2日目 サラ系２歳 新馬       [指] 馬齢 15頭 本賞金:750,300,190,110,75万円",15,750.0,11,8,14,マイネルオラクル,牡,2,56.0,杉原,123.3,1.3/4,13,106.0,35.5,15-13-14,美浦 尾関,488,0,
202505040205,2025-10-05,東京,5,2歳新馬,芝,2000,左,晴,良,"4回 東京 2日目 サラ系２歳 新馬       [指] 馬齢 15頭 本賞金:750,300,190,110,75万円",15,750.0,12,5,9,ゴールデンボート,牡,2,56.0,原,123.4,クビ,11,68.7,36.1,10-10-10,美浦 矢野,454,0,
202505040205,2025-10-05,東京,5,2歳新馬,芝,2000,左,晴,良,"4回 東京 2日目 サラ系２歳 新馬       [指] 馬齢 15頭 本賞金:750,300,190,110,75万円",15,750.0,13,4,7,マイネルアイフェル,牡,2,56.0,柴田大,123.5,1/2,12,100.9,37.1,2-2-2,美浦 上原博,492,0,
202505040205,2025-10-05,東京,5,2歳新馬,芝,2000,左,晴,良,"4回 東京 2日目 サラ系２歳 新馬       [指] 馬齢 15頭 本賞金:750,300,190,110,75万円",15,750.0,14,7,12,レッツゴーファイト,牡,2,53.0,▲遠藤,123.6,3/4,15,218.3,35.8,13-13-14,美浦 伊藤伸,452,0,
202505040205,2025-10-05,東京,5,2歳新馬,芝,2000,左,晴,良,"4回 東京 2日目 サラ系２歳 新馬       [指] 馬齢 15頭 本賞金:750,300,190,110,75万円",15,750.0,15,3,5,ヴェリタスポルタ,牡,2,56.0,佐々木,126.8,大,10,45.9,40.5,1-1-1,美浦 菊川,498,0,
202505040205,2025-10-05,東京,5,2歳新馬,芝,2000,左,晴,良,"4回 東京 2日目 サラ系２歳 新馬       [指] 馬齢 15頭 本賞金:750,300,190,110,75万円",15,750.0,,1,6,ゴーイントゥスカイ,,,87.0,81,,13.7,1,12.3,2.0,11.7,2,,,
202505040205,2025-10-05,東京,5,2歳新馬,芝,2000,左,晴,良,"4回 東京 2日目 サラ系２歳 新馬       [指] 馬齢 15頭 本賞金:750,300,190,110,75万円",15,750.0,,1,6,ゴーイントゥスカイ,,,,-,,-,,,,-,-,,,
202505040206,2025-10-05,東京,6,2歳新馬,ダ,1600,左,晴,良,"4回 東京 2日目 サラ系２歳 新馬       (混)[指] 馬齢 16頭 本賞金:750,300,190,110,75万円",16,750.0,1,2,3,ゲームカレンダー,牡,2,56.0,丸田,100.5,,10,63.5,36.2,5-5,美浦 小笠,438,0,
202505040206,2025-10-05,東京,6,2歳新馬,ダ,1600,左,晴,良,"4回 東京 2日目 サラ系２歳 新馬       (混)[指] 馬齢 16頭 本賞金:750,300,190,110,75万円",16,750.0,2,7,13,ウインビギニング,牡,2,56.0,佐々木,100.5,ハナ,2,3.8,36.4,4-3,美浦 上原博,496,0,
202505040206,2025-10-05,東京,6,2歳新馬,ダ,1600,左,晴,良,"4回 東京 2日目 サラ系２歳 新馬       (混)[指] 馬齢 16頭 本賞金:750,300,190,110,75万円",16,750.0,3,4,8,リアライズガイザー,牡,2,56.0,西村淳,100.6,1/2,1,2.1,36.6,2-2,栗東 杉山晴,508,0,
202505040206,2025-10-05,東京,6,2歳新馬,ダ,1600,左,晴,良,"4回 東京 2日目 サラ系２歳 新馬       (混)[指] 馬齢 16頭 本賞金:750,300,190,110,75万円",16,750.0,4,1,2,グラスハーティー,牝,2,55.0,大野,100.9,2,7,32.0,35.8,10-11,美浦 松山,490,0,
202505040206,2025-10-05,東京,6,2歳新馬,ダ,1600,左,晴,良,"4回 東京 2日目 サラ系２歳 新馬       (混)[指] 馬齢 16頭 本賞金:750,300,190,110,75万円",16,750.0,5,3,6,ガーディアンテイル,牡,2,56.0,杉原,101.7,5,5,16.7,37.1,8-7,美浦 小手川,500,0,
202505040206,2025-10-05,東京,6,2歳新馬,ダ,1600,左,晴,良,"4回 東京 2日目 サラ系２歳 新馬       (混)[指] 馬齢 16頭 本賞金:750,300,190,110,75万円",16,750.0,6,5,9,マーガレットクレア,牝,2,55.0,原,102.2,3,6,17.7,37.4,10-9,美浦 黒岩,438,0,
202505040206,2025-10-05,東京,6,2歳新馬,ダ,1600,左,晴,良,"4回 東京 2日目 サラ系２歳 新馬       (混)[指] 馬齢 16頭 本賞金:750,300,190,110,75万円",16,750.0,7,6,11,アデルフィー,牡,2,56.0,菊沢,102.2,クビ,4,7.2,37.4,9-9,美浦 金成,454,0,
202505040206,2025-10-05,東京,6,2歳新馬,ダ,1600,左,晴,良,"4回 東京 2日目 サラ系２歳 新馬       (混)[指] 馬齢 16頭 本賞金:750,300,190,110,75万円",16,750.0,8,3,5,ライブリピュア,牝,2,52.0,▲遠藤,103.4,7,15,229.2,37.9,12-12,美浦 尾形,450,0,
202505040206,2025-10-05,東京,6,2歳新馬,ダ,1600,左,晴,良,"4回 東京 2日目 サラ系２歳 新馬       (混)[指] 馬齢 16頭 本賞金:750,300,190,110,75万円",16,750.0,9,1,1,トウシンライオット,牡,2,56.0,吉田隼,103.9,3,11,74.7,39.7,2-3,美浦 尾形,506,0,
202505040206,2025-10-05,東京,6,2歳新馬,ダ,1600,左,晴,良,"4回 東京 2日目 サラ系２歳 新馬       (混)[指] 馬齢 16頭 本賞金:750,300,190,110,75万円",16,750.0,10,8,16,トントンビョウシ,牝,2,55.0,嶋田,104.9,6,9,58.9,41.0,1-1,美浦 伊坂,486,0,
202505040206,2025-10-05,東京,6,2歳新馬,ダ,1600,左,晴,良,"4回 東京 2日目 サラ系２歳 新馬       (混)[指] 馬齢 16頭 本賞金:750,300,190,110,75万円",16,750.0,11,5,10,テキサスバローズ,牡,2,56.0,武豊,105.2,1.1/2,3,6.9,40.9,5-5,美浦 蛯名正,514,0,
202505040206,2025-10-05,東京,6,2歳新馬,ダ,1600,左,晴,良,"4回 東京 2日目 サラ系２歳 新馬       (混)[指] 馬齢 16頭 本賞金:750,300,190,110,75万円",16,750.0,12,4,7,ビップルーク,牡,2,53.0,▲小林美,105.2,アタマ,13,118.2,38.7,16-16,美浦 嘉藤,482,0,
202505040206,2025-10-05,東京,6,2歳新馬,ダ,1600,左,晴,良,"4回 東京 2日目 サラ系２歳 新馬       (混)[指] 馬齢 16頭 本賞金:750,300,190,110,75万円",16,750.0,13,7,14,ナックステート,牡,2,53.0,▲佐藤,105.2,クビ,16,233.5,39.1,14-13,美浦 杉浦,430,0,
202505040206,2025-10-05,東京,6,2歳新馬,ダ,1600,左,晴,良,"4回 東京 2日目 サラ系２歳 新馬       (混)[指] 馬齢 16頭 本賞金:750,300,190,110,75万円",16,750.0,14,6,12,レガーメ,牝,2,55.0,荻野極,105.6,2,12,80.6,41.0,5-7,美浦 矢野,474,0,
202505040206,2025-10-05,東京,6,2歳新馬,ダ,1600,左,晴,良,"4回 東京 2日目 サラ系２歳 新馬       (混)[指] 馬齢 16頭 本賞金:750,300,190,110,75万円",16,750.0,15,2,4,アースジャッジ,牡,2,56.0,菅原明,106.3,4,8,54.2,40.3,12-13,美浦 高木,458,0,
202505040206,2025-10-05,東京,6,2歳新馬,ダ,1600,左,晴,良,"4回 東京 2日目 サラ系２歳 新馬       (混)[指] 馬齢 16頭 本賞金:750,300,190,110,75万円",16,750.0,16,8,15,セイカスサノオ,牡,2,56.0,横山琉,106.9,3.1/2,14,217.8,40.6,15-15,美浦 南田,420,0,
202505040206,2025-10-05,東京,6,2歳新馬,ダ,1600,左,晴,良,"4回 東京 2日目 サラ系２歳 新馬       (混)[指] 馬齢 16頭 本賞金:750,300,190,110,75万円",16,750.0,,1,3,ゲームカレンダー,,,92.0,70,,13.1,6,11.7,5.0,13.1,5,,,
202505040206,2025-10-05,東京,6,2歳新馬,ダ,1600,左,晴,良,"4回 東京 2日目 サラ系２歳 新馬       (混)[指] 馬齢 16頭 本賞金:750,300,190,110,75万円",16,750.0,,1,3,ゲームカレンダー,,,,-,,-,,,,-,-,,,
202505040207,2025-10-05,東京,7,3歳以上1勝クラス,芝,1400,左,晴,良,"4回 東京 2日目 サラ系３歳以上 １勝クラス       [指] 定量 18頭 本賞金:800,320,200,120,80万円",18,800.0,1,1,1,レイククレセント,牝,4,56.0,佐々木,80.1,,1,3.6,33.5,6-6,美浦 大竹,420,-2,
202505040207,2025-10-05,東京,7,3歳以上1勝クラス,芝,1400,左,晴,良,"4回 東京 2日目 サラ系３歳以上 １勝クラス       [指] 定量 18頭 本賞金:800,320,200,120,80万円",18,800.0,2,3,6,バンブルビー,牡,3,53.0,▲石田,80.2,1/2,3,5.1,34.2,1-1,美浦 小西,464,0,
202505040207,2025-10-05,東京,7,3歳以上1勝クラス,芝,1400,左,晴,良,"4回 東京 2日目 サラ系３歳以上 １勝クラス       [指] 定量 18頭 本賞金:800,320,200,120,80万円",18,800.0,3,4,8,アサクサヴィーナス,牝,5,56.0,大野,80.3,3/4,7,18.2,33.6,7-7,美浦 高柳瑞,450,0,
202505040207,2025-10-05,東京,7,3歳以上1勝クラス,芝,1400,左,晴,良,"4回 東京 2日目 サラ系３歳以上 １勝クラス       [指] 定量 18頭 本賞金:800,320,200,120,80万円",18,800.0,4,7,13,シホリーン,牝,3,54.0,武豊,80.3,クビ,2,3.6,32.7,13-15,美浦 武井,452,-2,
202505040207,2025-10-05,東京,7,3歳以上1勝クラス,芝,1400,左,晴,良,"4回 東京 2日目 サラ系３歳以上 １勝クラス       [指] 定量 18頭 本賞金:800,320,200,120,80万円",18,800.0,5,4,7,サザンティスプーン,牝,3,54.0,津村,80.3,アタマ,6,10.4,33.3,9-10,美浦 鈴木伸,436,0,
202505040207,2025-10-05,東京,7,3歳以上1勝クラス,芝,1400,左,晴,良,"4回 東京 2日目 サラ系３歳以上 １勝クラス       [指] 定量 18頭 本賞金:800,320,200,120,80万円",18,800.0,6,8,17,イヴニングスター,セ,6,58.0,菊沢,80.4,1/2,12,84.1,33.9,4-4,美浦 戸田,510,10,
202505040207,2025-10-05,東京,7,3歳以上1勝クラス,芝,1400,左,晴,良,"4回 東京 2日目 サラ系３歳以上 １勝クラス       [指] 定量 18頭 本賞金:800,320,200,120,80万円",18,800.0,7,2,3,カイトグート,牝,4,56.0,柴田大,80.4,ハナ,8,29.8,34.0,4-4,美浦 和田雄,474,0,
202505040207,2025-10-05,東京,7,3歳以上1勝クラス,芝,1400,左,晴,良,"4回 東京 2日目 サラ系３歳以上 １勝クラス       [指] 定量 18頭 本賞金:800,320,200,120,80万円",18,800.0,8,8,16,ラブリーガール,牝,3,54.0,横山典,80.5,1/2,4,7.7,34.3,2-2,美浦 勢司,458,0,
202505040207,2025-10-05,東京,7,3歳以上1勝クラス,芝,1400,左,晴,良,"4回 東京 2日目 サラ系３歳以上 １勝クラス       [指] 定量 18頭 本賞金:800,320,200,120,80万円",18,800.0,9,8,18,スペルキャスター,牝,5,53.0,▲小林美,80.7,1,14,127.6,33.9,7-8,美浦 蛯名利,488,9,
202505040207,2025-10-05,東京,7,3歳以上1勝クラス,芝,1400,左,晴,良,"4回 東京 2日目 サラ系３歳以上 １勝クラス       [指] 定量 18頭 本賞金:800,320,200,120,80万円",18,800.0,10,6,12,チギリ,牝,3,54.0,荻野極,80.9,1.1/4,5,9.9,33.6,9-12,美浦 鹿戸,464,4,
202505040207,2025-10-05,東京,7,3歳以上1勝クラス,芝,1400,左,晴,良,"4回 東京 2日目 サラ系３歳以上 １勝クラス       [指] 定量 18頭 本賞金:800,320,200,120,80万円",18,800.0,11,3,5,ニシノタンギー,牡,3,56.0,武藤,80.9,クビ,17,250.2,34.0,9-8,美浦 水野,460,4,
202505040207,2025-10-05,東京,7,3歳以上1勝クラス,芝,1400,左,晴,良,"4回 東京 2日目 サラ系３歳以上 １勝クラス       [指] 定量 18頭 本賞金:800,320,200,120,80万円",18,800.0,12,5,9,マジカルワード,牝,5,56.0,嶋田,81.1,1,15,195.3,33.2,16-17,美浦 大竹,452,6,
202505040207,2025-10-05,東京,7,3歳以上1勝クラス,芝,1400,左,晴,良,"4回 東京 2日目 サラ系３歳以上 １勝クラス       [指] 定量 18頭 本賞金:800,320,200,120,80万円",18,800.0,13,1,2,フリントロック,牝,5,53.0,▲上里,81.1,クビ,13,115.3,34.8,3-2,美浦 菊沢,446,18,
202505040207,2025-10-05,東京,7,3歳以上1勝クラス,芝,1400,左,晴,良,"4回 東京 2日目 サラ系３歳以上 １勝クラス       [指] 定量 18頭 本賞金:800,320,200,120,80万円",18,800.0,13,2,4,ホリーアン,牝,3,51.0,▲遠藤,81.1,クビ,11,67.9,33.8,13-12,美浦 萱野,442,2,
202505040207,2025-10-05,東京,7,3歳以上1勝クラス,芝,1400,左,晴,良,"4回 東京 2日目 サラ系３歳以上 １勝クラス       [指] 定量 18頭 本賞金:800,320,200,120,80万円",18,800.0,15,7,15,ショウナンマリーナ,牝,3,54.0,丸山,81.3,3/4,9,49.5,34.2,9-11,美浦 森一,428,-4,
202505040207,2025-10-05,東京,7,3歳以上1勝クラス,芝,1400,左,晴,良,"4回 東京 2日目 サラ系３歳以上 １勝クラス       [指] 定量 18頭 本賞金:800,320,200,120,80万円",18,800.0,16,6,11,シャルパンティエ,牝,3,54.0,石橋脩,81.4,1/2,16,243.9,33.5,16-17,美浦 南田,422,1,
202505040207,2025-10-05,東京,7,3歳以上1勝クラス,芝,1400,左,晴,良,"4回 東京 2日目 サラ系３歳以上 １勝クラス       [指] 定量 18頭 本賞金:800,320,200,120,80万円",18,800.0,17,7,14,アルマグラース,牝,3,54.0,古川吉,81.5,3/4,18,314.5,34.1,13-12,美浦 水野,460,-4,
202505040207,2025-10-05,東京,7,3歳以上1勝クラス,芝,1400,左,晴,良,"4回 東京 2日目 サラ系３歳以上 １勝クラス       [指] 定量 18頭 本賞金:800,320,200,120,80万円",18,800.0,18,5,10,サトノジール,牝,4,56.0,菅原明,81.6,3/4,10,65.1,33.9,16-15,美浦 古賀,416,2,
202505040207,2025-10-05,東京,7,3歳以上1勝クラス,芝,1400,左,晴,良,"4回 東京 2日目 サラ系３歳以上 １勝クラス       [指] 定量 18頭 本賞金:800,320,200,120,80万円",18,800.0,,1,1,レイククレセント,,,96.0,96,,12.7,3,11.1,1.0,11.3,1,,,
202505040207,2025-10-05,東京,7,3歳以上1勝クラス,芝,1400,左,晴,良,"4回 東京 2日目 サラ系３歳以上 １勝クラス       [指] 定量 18頭 本賞金:800,320,200,120,80万円",18,800.0,,1,1,レイククレセント,,,,-,,-,,,,-,-,,,
202505040208,2025-10-05,東京,8,3歳以上1勝クラス,芝,1800,左,曇,良,"4回 東京 2日目 サラ系３歳以上 １勝クラス       (混)[指] 定量 14頭 本賞金:800,320,200,120,80万円",14,800.0,1,6,9,ジャサルディア,牝,3,54.0,戸崎圭,105.7,,1,2.0,33.6,2-3-3,美浦 萩原,464,-4,
202505040208,2025-10-05,東京,8,3歳以上1勝クラス,芝,1800,左,曇,良,"4回 東京 2日目 サラ系３歳以上 １勝クラス       (混)[指] 定量 14頭 本賞金:800,320,200,120,80万円",14,800.0,2,3,4,ガラク,牝,3,54.0,荻野極,106.0,1.1/2,3,6.1,34.1,1-1-1,美浦 伊坂,430,0,
202505040208,2025-10-05,東京,8,3歳以上1勝クラス,芝,1800,左,曇,良,"4回 東京 2日目 サラ系３歳以上 １勝クラス       (混)[指] 定量 14頭 本賞金:800,320,200,120,80万円",14,800.0,3,5,8,カザンラク,牡,3,56.0,丸山,106.1,1,4,10.2,33.5,7-7-7,美浦 嘉藤,488,-8,
202505040208,2025-10-05,東京,8,3歳以上1勝クラス,芝,1800,左,曇,良,"4回 東京 2日目 サラ系３歳以上 １勝クラス       (混)[指] 定量 14頭 本賞金:800,320,200,120,80万円",14,800.0,4,8,14,ケイツークローン,セ,5,58.0,菊沢,106.2,1/2,7,34.6,33.3,8-9-9,美浦 清水英,476,10,
202505040208,2025-10-05,東京,8,3歳以上1勝クラス,芝,1800,左,曇,良,"4回 東京 2日目 サラ系３歳以上 １勝クラス       (混)[指] 定量 14頭 本賞金:800,320,200,120,80万円",14,800.0,5,5,7,ベストレーサー,牝,3,54.0,石橋脩,106.4,1,8,36.0,33.8,9-7-7,美浦 小野,462,-2,
202505040208,2025-10-05,東京,8,3歳以上1勝クラス,芝,1800,左,曇,良,"4回 東京 2日目 サラ系３歳以上 １勝クラス       (混)[指] 定量 14頭 本賞金:800,320,200,120,80万円",14,800.0,6,2,2,ベストシーン,牡,3,56.0,津村,106.5,クビ,2,3.5,34.2,4-4-4,美浦 手塚久,470,-2,
202505040208,2025-10-05,東京,8,3歳以上1勝クラス,芝,1800,左,曇,良,"4回 東京 2日目 サラ系３歳以上 １勝クラス       (混)[指] 定量 14頭 本賞金:800,320,200,120,80万円",14,800.0,7,7,12,クイーンズワーフ,牝,4,54.0,△長浜,106.6,3/4,6,23.2,34.3,4-4-4,美浦 青木,456,-2,
202505040208,2025-10-05,東京,8,3歳以上1勝クラス,芝,1800,左,曇,良,"4回 東京 2日目 サラ系３歳以上 １勝クラス       (混)[指] 定量 14頭 本賞金:800,320,200,120,80万円",14,800.0,8,4,5,パーセルペーパー,牡,4,58.0,柴田大,106.7,1/2,10,58.0,34.7,2-2-2,美浦 和田雄,444,2,
202505040208,2025-10-05,東京,8,3歳以上1勝クラス,芝,1800,左,曇,良,"4回 東京 2日目 サラ系３歳以上 １勝クラス       (混)[指] 定量 14頭 本賞金:800,320,200,120,80万円",14,800.0,9,7,11,ハットメリリー,牝,3,51.0,▲石田,106.8,3/4,14,283.4,33.2,13-13-13,美浦 菊沢,430,-6,
202505040208,2025-10-05,東京,8,3歳以上1勝クラス,芝,1800,左,曇,良,"4回 東京 2日目 サラ系３歳以上 １勝クラス       (混)[指] 定量 14頭 本賞金:800,320,200,120,80万円",14,800.0,10,3,3,クラウドセイル,牡,5,55.0,▲上里,106.8,ハナ,11,94.3,33.9,11-9-9,美浦 堀内,476,2,
202505040208,2025-10-05,東京,8,3歳以上1勝クラス,芝,1800,左,曇,良,"4回 東京 2日目 サラ系３歳以上 １勝クラス       (混)[指] 定量 14頭 本賞金:800,320,200,120,80万円",14,800.0,11,8,13,リケアキャンディ,牝,3,54.0,横山琉,106.9,クビ,9,41.6,33.3,11-13-13,美浦 蛯名利,438,0,
202505040208,2025-10-05,東京,8,3歳以上1勝クラス,芝,1800,左,曇,良,"4回 東京 2日目 サラ系３歳以上 １勝クラス       (混)[指] 定量 14頭 本賞金:800,320,200,120,80万円",14,800.0,12,6,10,ディナーラッシュ,牝,3,52.0,◇今村,107.1,1.1/4,5,22.3,33.8,9-11-11,栗東 寺島,470,16,
202505040208,2025-10-05,東京,8,3歳以上1勝クラス,芝,1800,左,曇,良,"4回 東京 2日目 サラ系３歳以上 １勝クラス       (混)[指] 定量 14頭 本賞金:800,320,200,120,80万円",14,800.0,13,4,6,プリンセスロロ,牝,3,54.0,木幡巧,107.3,1.1/4,12,128.6,35.0,4-4-4,美浦 戸田,432,10,
202505040208,2025-10-05,東京,8,3歳以上1勝クラス,芝,1800,左,曇,良,"4回 東京 2日目 サラ系３歳以上 １勝クラス       (混)[指] 定量 14頭 本賞金:800,320,200,120,80万円",14,800.0,14,1,1,ジーティームテキ,セ,4,55.0,▲水沼,107.7,2.1/2,13,182.9,34.4,14-11-11,美浦 加藤和,474,10,
202505040208,2025-10-05,東京,8,3歳以上1勝クラス,芝,1800,左,曇,良,"4回 東京 2日目 サラ系３歳以上 １勝クラス       (混)[指] 定量 14頭 本賞金:800,320,200,120,80万円",14,800.0,,1,9,ジャサルディア,,,96.0,90,,13.0,3,11.4,4.0,11.9,4,,,
202505040208,2025-10-05,東京,8,3歳以上1勝クラス,芝,1800,左,曇,良,"4回 東京 2日目 サラ系３歳以上 １勝クラス       (混)[指] 定量 14頭 本賞金:800,320,200,120,80万円",14,800.0,,1,9,ジャサルディア,,,,-,,-,,,,-,-,,,
202505040209,2025-10-05,東京,9,tvk賞,芝,1400,左,曇,良,"4回 東京 2日目 サラ系３歳以上 ２勝クラス       (混)(特指) 定量 18頭 本賞金:1550,620,390,230,155万円",18,1550.0,1,8,16,ジュドー,セ,5,58.0,嶋田,79.8,,16,244.3,33.5,8-10,美浦 手塚久,476,4,
202505040209,2025-10-05,東京,9,tvk賞,芝,1400,左,曇,良,"4回 東京 2日目 サラ系３歳以上 ２勝クラス       (混)(特指) 定量 18頭 本賞金:1550,620,390,230,155万円",18,1550.0,2,3,6,メイケイバートン,牡,6,58.0,津村,80.0,1.1/4,11,28.9,33.9,8-8,栗東 中竹,472,2,
202505040209,2025-10-05,東京,9,tvk賞,芝,1400,左,曇,良,"4回 東京 2日目 サラ系３歳以上 ２勝クラス       (混)(特指) 定量 18頭 本賞金:1550,620,390,230,155万円",18,1550.0,3,5,10,タイセイカレント,牡,3,56.0,岩田康,80.0,クビ,9,17.2,33.4,12-13,栗東 矢作,486,2,
202505040209,2025-10-05,東京,9,tvk賞,芝,1400,左,曇,良,"4回 東京 2日目 サラ系３歳以上 ２勝クラス       (混)(特指) 定量 18頭 本賞金:1550,620,390,230,155万円",18,1550.0,4,4,7,サクセスカラー,牝,4,56.0,佐々木,80.1,クビ,2,4.6,33.3,16-15,美浦 久保田,478,-6,
202505040209,2025-10-05,東京,9,tvk賞,芝,1400,左,曇,良,"4回 東京 2日目 サラ系３歳以上 ２勝クラス       (混)(特指) 定量 18頭 本賞金:1550,620,390,230,155万円",18,1550.0,5,3,5,チューラワンサ,牝,3,54.0,西村淳,80.1,クビ,1,3.8,33.8,12-10,栗東 高野,436,12,
202505040209,2025-10-05,東京,9,tvk賞,芝,1400,左,曇,良,"4回 東京 2日目 サラ系３歳以上 ２勝クラス       (混)(特指) 定量 18頭 本賞金:1550,620,390,230,155万円",18,1550.0,6,8,18,ポッドロワール,牡,3,56.0,荻野極,80.2,3/4,4,9.7,34.5,3-3,美浦 畠山,504,10,
202505040209,2025-10-05,東京,9,tvk賞,芝,1400,左,曇,良,"4回 東京 2日目 サラ系３歳以上 ２勝クラス       (混)(特指) 定量 18頭 本賞金:1550,620,390,230,155万円",18,1550.0,7,1,1,ラッジオ,牝,5,56.0,武豊,80.2,クビ,10,26.1,33.9,11-10,美浦 大竹,484,4,
202505040209,2025-10-05,東京,9,tvk賞,芝,1400,左,曇,良,"4回 東京 2日目 サラ系３歳以上 ２勝クラス       (混)(特指) 定量 18頭 本賞金:1550,620,390,230,155万円",18,1550.0,8,8,17,オンザブルースカイ,牡,3,56.0,古川吉,80.3,1/2,15,181.7,34.2,8-8,栗東 谷,458,-6,
202505040209,2025-10-05,東京,9,tvk賞,芝,1400,左,曇,良,"4回 東京 2日目 サラ系３歳以上 ２勝クラス       (混)(特指) 定量 18頭 本賞金:1550,620,390,230,155万円",18,1550.0,9,2,4,アンドアイラヴハー,牝,4,56.0,杉原,80.3,ハナ,12,29.2,34.5,3-3,美浦 田村,488,-6,
202505040209,2025-10-05,東京,9,tvk賞,芝,1400,左,曇,良,"4回 東京 2日目 サラ系３歳以上 ２勝クラス       (混)(特指) 定量 18頭 本賞金:1550,620,390,230,155万円",18,1550.0,10,4,8,エクストラバック,牡,4,58.0,三浦,80.4,1/2,8,16.2,34.6,5-3,栗東 西園正,500,4,
202505040209,2025-10-05,東京,9,tvk賞,芝,1400,左,曇,良,"4回 東京 2日目 サラ系３歳以上 ２勝クラス       (混)(特指) 定量 18頭 本賞金:1550,620,390,230,155万円",18,1550.0,11,1,2,プチプラージュ,牝,3,54.0,渡辺竜,80.4,クビ,17,271.2,33.9,14-13,地方 笹野博,452,-6,
202505040209,2025-10-05,東京,9,tvk賞,芝,1400,左,曇,良,"4回 東京 2日目 サラ系３歳以上 ２勝クラス       (混)(特指) 定量 18頭 本賞金:1550,620,390,230,155万円",18,1550.0,12,2,3,クレオズニードル,牝,3,54.0,大野,80.6,1,6,11.6,34.6,5-6,美浦 和田勇,466,6,
202505040209,2025-10-05,東京,9,tvk賞,芝,1400,左,曇,良,"4回 東京 2日目 サラ系３歳以上 ２勝クラス       (混)(特指) 定量 18頭 本賞金:1550,620,390,230,155万円",18,1550.0,13,5,9,コーティアスマナー,牝,4,56.0,丹内,80.6,ハナ,13,40.1,34.6,5-6,栗東 高橋忠,458,-8,
202505040209,2025-10-05,東京,9,tvk賞,芝,1400,左,曇,良,"4回 東京 2日目 サラ系３歳以上 ２勝クラス       (混)(特指) 定量 18頭 本賞金:1550,620,390,230,155万円",18,1550.0,14,7,13,フードマン,牡,3,56.0,岩田望,80.6,ハナ,5,10.1,35.0,2-2,栗東 小栗,484,20,
202505040209,2025-10-05,東京,9,tvk賞,芝,1400,左,曇,良,"4回 東京 2日目 サラ系３歳以上 ２勝クラス       (混)(特指) 定量 18頭 本賞金:1550,620,390,230,155万円",18,1550.0,15,6,11,ホウオウシェリー,牝,4,56.0,原,80.7,3/4,7,15.0,35.2,1-1,美浦 池上,442,8,
202505040209,2025-10-05,東京,9,tvk賞,芝,1400,左,曇,良,"4回 東京 2日目 サラ系３歳以上 ２勝クラス       (混)(特指) 定量 18頭 本賞金:1550,620,390,230,155万円",18,1550.0,16,7,14,ヴェンチュラムーン,セ,5,58.0,武藤,80.7,クビ,14,171.2,33.7,16-17,美浦 小島,444,4,
202505040209,2025-10-05,東京,9,tvk賞,芝,1400,左,曇,良,"4回 東京 2日目 サラ系３歳以上 ２勝クラス       (混)(特指) 定量 18頭 本賞金:1550,620,390,230,155万円",18,1550.0,17,6,12,パワースナッチ,牡,3,56.0,戸崎圭,81.4,4,3,6.7,34.6,15-15,美浦 武市,444,0,
202505040209,2025-10-05,東京,9,tvk賞,芝,1400,左,曇,良,"4回 東京 2日目 サラ系３歳以上 ２勝クラス       (混)(特指) 定量 18頭 本賞金:1550,620,390,230,155万円",18,1550.0,,7,15,ミスヨコハマ,牝,5,56.0,横山琉,,,,,,,美浦 斎藤誠,478,-4,除外
202505040209,2025-10-05,東京,9,tvk賞,芝,1400,左,曇,良,"4回 東京 2日目 サラ系３歳以上 ２勝クラス       (混)(特指) 定量 18頭 本賞金:1550,620,390,230,155万円",18,1550.0,,1,16,ジュドー,,,104.0,100,,12.4,6,10.8,3.0,11.4,3,,,
202505040209,2025-10-05,東京,9,tvk賞,芝,1400,左,曇,良,"4回 東京 2日目 サラ系３歳以上 ２勝クラス       (混)(特指) 定量 18頭 本賞金:1550,620,390,230,155万円",18,1550.0,,1,16,ジュドー,,,,-,,-,,,,-,-,,,
202505040210,2025-10-05,東京,10,赤富士S,ダ,1600,左,曇,良,"4回 東京 2日目 サラ系３歳以上 ３勝クラス       (混)(特指) 定量 16頭 本賞金:1840,740,460,280,184万円",16,1840.0,1,7,13,オウギノカナメ,牡,5,58.0,菅原明,96.3,,8,15.8,36.8,3-3,美浦 高木,484,-2,
202505040210,2025-10-05,東京,10,赤富士S,ダ,1600,左,曇,良,"4回 東京 2日目 サラ系３歳以上 ３勝クラス       (混)(特指) 定量 16頭 本賞金:1840,740,460,280,184万円",16,1840.0,2,3,5,ヴァンドーム,牡,4,58.0,大野,96.3,クビ,5,8.4,35.8,13-13,栗東 安田,502,0,
202505040210,2025-10-05,東京,10,赤富士S,ダ,1600,左,曇,良,"4回 東京 2日目 サラ系３歳以上 ３勝クラス       (混)(特指) 定量 16頭 本賞金:1840,740,460,280,184万円",16,1840.0,3,4,7,フルオール,牡,6,58.0,西村淳,96.7,2,4,7.8,36.7,11-8,美浦 斎藤誠,476,2,
202505040210,2025-10-05,東京,10,赤富士S,ダ,1600,左,曇,良,"4回 東京 2日目 サラ系３歳以上 ３勝クラス       (混)(特指) 定量 16頭 本賞金:1840,740,460,280,184万円",16,1840.0,4,3,6,アルゴナヴィス,牡,4,58.0,岩田望,96.8,1/2,6,8.8,37.4,2-2,栗東 池江,484,-2,
202505040210,2025-10-05,東京,10,赤富士S,ダ,1600,左,曇,良,"4回 東京 2日目 サラ系３歳以上 ３勝クラス       (混)(特指) 定量 16頭 本賞金:1840,740,460,280,184万円",16,1840.0,5,5,10,ジョディーズマロン,牡,7,58.0,横山典,96.9,1/2,7,13.4,36.3,14-13,栗東 北出,470,-8,
202505040210,2025-10-05,東京,10,赤富士S,ダ,1600,左,曇,良,"4回 東京 2日目 サラ系３歳以上 ３勝クラス       (混)(特指) 定量 16頭 本賞金:1840,740,460,280,184万円",16,1840.0,6,6,11,シェットランド,牡,5,58.0,木幡巧,96.9,アタマ,12,75.7,37.2,6-5,美浦 久保田,564,2,
202505040210,2025-10-05,東京,10,赤富士S,ダ,1600,左,曇,良,"4回 東京 2日目 サラ系３歳以上 ３勝クラス       (混)(特指) 定量 16頭 本賞金:1840,740,460,280,184万円",16,1840.0,7,6,12,ウィステリアリヴァ,牡,5,58.0,石橋脩,96.9,クビ,9,16.2,36.9,9-8,美浦 小野,504,10,
202505040210,2025-10-05,東京,10,赤富士S,ダ,1600,左,曇,良,"4回 東京 2日目 サラ系３歳以上 ３勝クラス       (混)(特指) 定量 16頭 本賞金:1840,740,460,280,184万円",16,1840.0,8,8,15,ガンウルフ,牡,5,58.0,津村,97.1,1.1/4,3,7.3,37.6,4-3,栗東 藤岡,480,-8,
202505040210,2025-10-05,東京,10,赤富士S,ダ,1600,左,曇,良,"4回 東京 2日目 サラ系３歳以上 ３勝クラス       (混)(特指) 定量 16頭 本賞金:1840,740,460,280,184万円",16,1840.0,9,2,4,フランスゴデイナ,牡,7,58.0,丸山,97.5,2.1/2,15,130.8,37.3,9-11,栗東 森秀,490,-6,
202505040210,2025-10-05,東京,10,赤富士S,ダ,1600,左,曇,良,"4回 東京 2日目 サラ系３歳以上 ３勝クラス       (混)(特指) 定量 16頭 本賞金:1840,740,460,280,184万円",16,1840.0,10,4,8,グラウンドビート,セ,4,58.0,佐々木,97.5,アタマ,10,18.2,37.3,11-11,美浦 田村,482,-6,
202505040210,2025-10-05,東京,10,赤富士S,ダ,1600,左,曇,良,"4回 東京 2日目 サラ系３歳以上 ３勝クラス       (混)(特指) 定量 16頭 本賞金:1840,740,460,280,184万円",16,1840.0,11,1,1,ゴールデンオスカー,牡,4,58.0,石川,97.7,1.1/4,2,6.4,36.8,15-15,美浦 堀内,502,4,
202505040210,2025-10-05,東京,10,赤富士S,ダ,1600,左,曇,良,"4回 東京 2日目 サラ系３歳以上 ３勝クラス       (混)(特指) 定量 16頭 本賞金:1840,740,460,280,184万円",16,1840.0,12,5,9,サノノエスポ,牝,5,56.0,荻野極,98.0,1.1/2,13,95.3,36.7,16-16,美浦 中舘,464,-2,
202505040210,2025-10-05,東京,10,赤富士S,ダ,1600,左,曇,良,"4回 東京 2日目 サラ系３歳以上 ３勝クラス       (混)(特指) 定量 16頭 本賞金:1840,740,460,280,184万円",16,1840.0,13,1,2,テリフィックプラン,牡,4,58.0,戸崎圭,98.0,クビ,1,3.4,38.4,4-5,美浦 萩原,492,2,
202505040210,2025-10-05,東京,10,赤富士S,ダ,1600,左,曇,良,"4回 東京 2日目 サラ系３歳以上 ３勝クラス       (混)(特指) 定量 16頭 本賞金:1840,740,460,280,184万円",16,1840.0,14,8,16,グラヴィス,牡,4,58.0,吉田隼,98.3,1.1/2,14,106.1,38.6,6-5,栗東 矢作,496,0,
202505040210,2025-10-05,東京,10,赤富士S,ダ,1600,左,曇,良,"4回 東京 2日目 サラ系３歳以上 ３勝クラス       (混)(特指) 定量 16頭 本賞金:1840,740,460,280,184万円",16,1840.0,15,2,3,ビーアイオラクル,牡,6,58.0,岩田康,98.3,クビ,11,60.8,39.1,1-1,栗東 牧田,504,8,
202505040210,2025-10-05,東京,10,赤富士S,ダ,1600,左,曇,良,"4回 東京 2日目 サラ系３歳以上 ３勝クラス       (混)(特指) 定量 16頭 本賞金:1840,740,460,280,184万円",16,1840.0,16,7,14,ルーンファクター,牡,5,58.0,柴田大,98.4,1/2,16,274.3,38.5,6-8,美浦 畠山,460,-8,
202505040210,2025-10-05,東京,10,赤富士S,ダ,1600,左,曇,良,"4回 東京 2日目 サラ系３歳以上 ３勝クラス       (混)(特指) 定量 16頭 本賞金:1840,740,460,280,184万円",16,1840.0,,1,13,オウギノカナメ,,,105.0,107,,12.4,6,11.0,5.0,11.7,5,,,
202505040210,2025-10-05,東京,10,赤富士S,ダ,1600,左,曇,良,"4回 東京 2日目 サラ系３歳以上 ３勝クラス       (混)(特指) 定量 16頭 本賞金:1840,740,460,280,184万円",16,1840.0,,1,13,オウギノカナメ,,,,-,,-,,,,-,-,,,
202505040211,2025-10-05,東京,11,毎日王冠,芝,1800,左,曇,良,"4回 東京 2日目 サラ系３歳以上 オープン       (国際)(指) 別定 11頭 本賞金:6700,2700,1700,1000,670万円",11,6700.0,1,7,9,レーベンスティール,牡,5,57.0,津村,104.0,,5,7.7,33.3,3-3-3,美浦 田中博,484,0,
202505040211,2025-10-05,東京,11,毎日王冠,芝,1800,左,曇,良,"4回 東京 2日目 サラ系３歳以上 オープン       (国際)(指) 別定 11頭 本賞金:6700,2700,1700,1000,670万円",11,6700.0,2,7,8,ホウオウビスケッツ,牡,5,57.0,岩田康,104.1,1/2,2,4.3,33.8,1-1-1,美浦 奥村武,508,-6,
202505040211,2025-10-05,東京,11,毎日王冠,芝,1800,左,曇,良,"4回 東京 2日目 サラ系３歳以上 オープン       (国際)(指) 別定 11頭 本賞金:6700,2700,1700,1000,670万円",11,6700.0,3,8,10,サトノシャイニング,牡,3,55.0,武豊,104.2,3/4,1,2.4,33.7,2-2-2,栗東 杉山晴,498,2,
202505040211,2025-10-05,東京,11,毎日王冠,芝,1800,左,曇,良,"4回 東京 2日目 サラ系３歳以上 オープン       (国際)(指) 別定 11頭 本賞金:6700,2700,1700,1000,670万円",11,6700.0,4,3,3,ディマイザキッド,牡,4,57.0,岩田望,104.4,1.1/2,7,28.7,33.2,10-10-9,美浦 清水英,464,4,
202505040211,2025-10-05,東京,11,毎日王冠,芝,1800,左,曇,良,"4回 東京 2日目 サラ系３歳以上 オープン       (国際)(指) 別定 11頭 本賞金:6700,2700,1700,1000,670万円",11,6700.0,5,2,2,エルトンバローズ,牡,5,57.0,西村淳,104.5,1/2,4,6.9,33.8,5-3-3,栗東 杉山晴,516,-4,
202505040211,2025-10-05,東京,11,毎日王冠,芝,1800,左,曇,良,"4回 東京 2日目 サラ系３歳以上 オープン       (国際)(指) 別定 11頭 本賞金:6700,2700,1700,1000,670万円",11,6700.0,6,5,5,ジェイパームス,セ,5,57.0,佐々木,104.6,3/4,10,57.4,33.6,7-6-6,美浦 堀,510,0,
202505040211,2025-10-05,東京,11,毎日王冠,芝,1800,左,曇,良,"4回 東京 2日目 サラ系３歳以上 オープン       (国際)(指) 別定 11頭 本賞金:6700,2700,1700,1000,670万円",11,6700.0,7,6,6,チェルヴィニア,牝,4,56.0,戸崎圭,104.7,クビ,3,5.0,33.8,7-6-6,美浦 木村,500,16,
202505040211,2025-10-05,東京,11,毎日王冠,芝,1800,左,曇,良,"4回 東京 2日目 サラ系３歳以上 オープン       (国際)(指) 別定 11頭 本賞金:6700,2700,1700,1000,670万円",11,6700.0,8,1,1,ロングラン,セ,7,58.0,丹内,104.7,クビ,9,48.4,33.3,10-11-11,美浦 和田勇,490,14,
202505040211,2025-10-05,東京,11,毎日王冠,芝,1800,左,曇,良,"4回 東京 2日目 サラ系３歳以上 オープン       (国際)(指) 別定 11頭 本賞金:6700,2700,1700,1000,670万円",11,6700.0,9,6,7,シルトホルン,牡,5,57.0,大野,104.8,3/4,8,36.0,33.9,6-6-6,美浦 新開,464,-14,
202505040211,2025-10-05,東京,11,毎日王冠,芝,1800,左,曇,良,"4回 東京 2日目 サラ系３歳以上 オープン       (国際)(指) 別定 11頭 本賞金:6700,2700,1700,1000,670万円",11,6700.0,10,4,4,ラファドゥラ,牝,5,55.0,菅原明,104.9,1/2,11,132.9,33.8,7-9-9,美浦 小島,496,6,
202505040211,2025-10-05,東京,11,毎日王冠,芝,1800,左,曇,良,"4回 東京 2日目 サラ系３歳以上 オープン       (国際)(指) 別定 11頭 本賞金:6700,2700,1700,1000,670万円",11,6700.0,11,8,11,シリウスコルト,牡,4,57.0,古川吉,105.2,1.3/4,6,26.4,34.5,3-3-3,美浦 田中勝,496,6,
202505040211,2025-10-05,東京,11,毎日王冠,芝,1800,左,曇,良,"4回 東京 2日目 サラ系３歳以上 オープン       (国際)(指) 別定 11頭 本賞金:6700,2700,1700,1000,670万円",11,6700.0,,1,9,レーベンスティール,,,104.0,102,,12.7,3,10.8,5.0,11.5,4,,,
202505040211,2025-10-05,東京,11,毎日王冠,芝,1800,左,曇,良,"4回 東京 2日目 サラ系３歳以上 オープン       (国際)(指) 別定 11頭 本賞金:6700,2700,1700,1000,670万円",11,6700.0,,1,9,レーベンスティール,,,0.428,7.46,,6.34,,7.81,0.44,7.61,0.454,,,
202505040212,2025-10-05,東京,12,3歳以上2勝クラス,ダ,1600,左,曇,良,"4回 東京 2日目 サラ系３歳以上 ２勝クラス       (混)[指] 定量 16頭 本賞金:1140,460,290,170,114万円",16,1140.0,1,7,14,ファリーザ,牝,3,54.0,津村,97.5,,1,1.8,36.3,5-5,美浦 千葉,440,10,
202505040212,2025-10-05,東京,12,3歳以上2勝クラス,ダ,1600,左,曇,良,"4回 東京 2日目 サラ系３歳以上 ２勝クラス       (混)[指] 定量 16頭 本賞金:1140,460,290,170,114万円",16,1140.0,2,5,9,グレイスザクラウン,セ,3,56.0,木幡巧,97.5,クビ,2,6.2,36.1,6-6,美浦 上原博,496,-6,
202505040212,2025-10-05,東京,12,3歳以上2勝クラス,ダ,1600,左,曇,良,"4回 東京 2日目 サラ系３歳以上 ２勝クラス       (混)[指] 定量 16頭 本賞金:1140,460,290,170,114万円",16,1140.0,3,1,2,スマートスピア,牡,4,58.0,武豊,97.9,2,4,10.4,36.2,9-8,栗東 池江,502,0,
202505040212,2025-10-05,東京,12,3歳以上2勝クラス,ダ,1600,左,曇,良,"4回 東京 2日目 サラ系３歳以上 ２勝クラス       (混)[指] 定量 16頭 本賞金:1140,460,290,170,114万円",16,1140.0,4,2,4,ベルダイナフェロー,牝,4,56.0,石川,98.0,クビ,12,80.8,37.2,1-1,栗東 東田,474,0,
202505040212,2025-10-05,東京,12,3歳以上2勝クラス,ダ,1600,左,曇,良,"4回 東京 2日目 サラ系３歳以上 ２勝クラス       (混)[指] 定量 16頭 本賞金:1140,460,290,170,114万円",16,1140.0,5,5,10,クールブロン,牡,5,58.0,武藤,98.1,1/2,13,95.2,36.6,6-6,栗東 井上,550,10,
202505040212,2025-10-05,東京,12,3歳以上2勝クラス,ダ,1600,左,曇,良,"4回 東京 2日目 サラ系３歳以上 ２勝クラス       (混)[指] 定量 16頭 本賞金:1140,460,290,170,114万円",16,1140.0,6,8,16,クォーツァイト,牝,4,53.0,▲小林美,98.2,1,10,48.7,37.2,3-2,美浦 斎藤誠,458,-8,
202505040212,2025-10-05,東京,12,3歳以上2勝クラス,ダ,1600,左,曇,良,"4回 東京 2日目 サラ系３歳以上 ２勝クラス       (混)[指] 定量 16頭 本賞金:1140,460,290,170,114万円",16,1140.0,7,3,6,ノルドヴェスト,牡,5,58.0,丹内,98.4,3/4,8,21.0,36.8,10-8,美浦 萩原,472,0,
202505040212,2025-10-05,東京,12,3歳以上2勝クラス,ダ,1600,左,曇,良,"4回 東京 2日目 サラ系３歳以上 ２勝クラス       (混)[指] 定量 16頭 本賞金:1140,460,290,170,114万円",16,1140.0,8,8,15,トーホウキザン,牡,5,55.0,▲橋木,98.4,クビ,9,21.5,36.5,12-11,栗東 高橋康,488,8,
202505040212,2025-10-05,東京,12,3歳以上2勝クラス,ダ,1600,左,曇,良,"4回 東京 2日目 サラ系３歳以上 ２勝クラス       (混)[指] 定量 16頭 本賞金:1140,460,290,170,114万円",16,1140.0,9,4,7,ショウナンヤッホー,牡,3,56.0,菅原明,98.4,ハナ,6,18.1,36.4,15-13,美浦 栗田,486,-4,
202505040212,2025-10-05,東京,12,3歳以上2勝クラス,ダ,1600,左,曇,良,"4回 東京 2日目 サラ系３歳以上 ２勝クラス       (混)[指] 定量 16頭 本賞金:1140,460,290,170,114万円",16,1140.0,10,6,12,リュウノタブーク,牝,4,56.0,嶋田,98.7,1.1/2,5,17.2,37.8,2-2,美浦 伊坂,442,2,
202505040212,2025-10-05,東京,12,3歳以上2勝クラス,ダ,1600,左,曇,良,"4回 東京 2日目 サラ系３歳以上 ２勝クラス       (混)[指] 定量 16頭 本賞金:1140,460,290,170,114万円",16,1140.0,11,2,3,ロミオボス,牡,5,58.0,岩田康,98.9,1,15,170.5,36.5,16-16,美浦 加藤征,484,2,
202505040212,2025-10-05,東京,12,3歳以上2勝クラス,ダ,1600,左,曇,良,"4回 東京 2日目 サラ系３歳以上 ２勝クラス       (混)[指] 定量 16頭 本賞金:1140,460,290,170,114万円",16,1140.0,12,4,8,デビッドテソーロ,牡,4,58.0,荻野極,99.0,1/2,16,172.9,37.1,12-11,美浦 田中剛,468,-2,
202505040212,2025-10-05,東京,12,3歳以上2勝クラス,ダ,1600,左,曇,良,"4回 東京 2日目 サラ系３歳以上 ２勝クラス       (混)[指] 定量 16頭 本賞金:1140,460,290,170,114万円",16,1140.0,13,3,5,サラサハウプリティ,牝,5,53.0,▲石田,99.3,2,11,76.5,38.2,3-4,栗東 岡田,454,8,
202505040212,2025-10-05,東京,12,3歳以上2勝クラス,ダ,1600,左,曇,良,"4回 東京 2日目 サラ系３歳以上 ２勝クラス       (混)[指] 定量 16頭 本賞金:1140,460,290,170,114万円",16,1140.0,14,7,13,ヤウガウ,セ,8,58.0,菊沢,99.4,クビ,14,147.2,37.2,14-15,美浦 金成,488,-4,
202505040212,2025-10-05,東京,12,3歳以上2勝クラス,ダ,1600,左,曇,良,"4回 東京 2日目 サラ系３歳以上 ２勝クラス       (混)[指] 定量 16頭 本賞金:1140,460,290,170,114万円",16,1140.0,15,1,1,アージェント,牡,4,58.0,戸崎圭,100.1,4,3,8.1,38.3,8-10,美浦 黒岩,546,-4,
202505040212,2025-10-05,東京,12,3歳以上2勝クラス,ダ,1600,左,曇,良,"4回 東京 2日目 サラ系３歳以上 ２勝クラス       (混)[指] 定量 16頭 本賞金:1140,460,290,170,114万円",16,1140.0,16,6,11,オンザスクエア,牝,3,54.0,佐々木,102.0,大,7,20.0,40.0,10-13,美浦 上原佑,470,0,
202505040212,2025-10-05,東京,12,3歳以上2勝クラス,ダ,1600,左,曇,良,"4回 東京 2日目 サラ系３歳以上 ２勝クラス       (混)[指] 定量 16頭 本賞金:1140,460,290,170,114万円",16,1140.0,,1,14,ファリーザ,,,96.0,94,,12.8,6,11.5,5.0,12.0,4,,,
202505040212,2025-10-05,東京,12,3歳以上2勝クラス,ダ,1600,左,曇,良,"4回 東京 2日目 サラ系３歳以上 ２勝クラス       (混)[指] 定量 16頭 本賞金:1140,460,290,170,114万円",16,1140.0,,1,14,ファリーザ,,,,-,,-,,,,-,-,,,
202508030201,2025-10-05,京都,1,2歳未勝利,ダ,1400,右,小雨,重,"3回 京都 2日目 サラ系２歳 未勝利       [指] 馬齢 16頭 本賞金:560,220,140,84,56万円",16,560.0,1,4,7,サヨノパララックス,牡,2,56.0,田口,84.5,,4,5.4,37.1,1-1,栗東 羽月,436,2,
202508030201,2025-10-05,京都,1,2歳未勝利,ダ,1400,右,小雨,重,"3回 京都 2日目 サラ系２歳 未勝利       [指] 馬齢 16頭 本賞金:560,220,140,84,56万円",16,560.0,2,5,9,スマートジュリアス,牡,2,56.0,松山,84.7,1.1/4,1,2.5,37.1,2-2,栗東 中村,480,10,
202508030201,2025-10-05,京都,1,2歳未勝利,ダ,1400,右,小雨,重,"3回 京都 2日目 サラ系２歳 未勝利       [指] 馬齢 16頭 本賞金:560,220,140,84,56万円",16,560.0,3,1,1,テーオーアンジェラ,牝,2,55.0,松若,85.2,3,3,5.2,37.5,3-3,栗東 梅田,444,-8,
202508030201,2025-10-05,京都,1,2歳未勝利,ダ,1400,右,小雨,重,"3回 京都 2日目 サラ系２歳 未勝利       [指] 馬齢 16頭 本賞金:560,220,140,84,56万円",16,560.0,4,3,6,アンガーザガール,牝,2,54.0,☆吉村,85.5,1.3/4,7,31.3,37.2,11-9,栗東 東田,446,-4,
202508030201,2025-10-05,京都,1,2歳未勝利,ダ,1400,右,小雨,重,"3回 京都 2日目 サラ系２歳 未勝利       [指] 馬齢 16頭 本賞金:560,220,140,84,56万円",16,560.0,5,5,10,ハードシングス,牡,2,56.0,団野,85.8,1.3/4,2,4.7,37.6,10-7,栗東 小崎,456,-4,
202508030201,2025-10-05,京都,1,2歳未勝利,ダ,1400,右,小雨,重,"3回 京都 2日目 サラ系２歳 未勝利       [指] 馬齢 16頭 本賞金:560,220,140,84,56万円",16,560.0,6,2,3,マーゴットクリュグ,牝,2,55.0,荻野琢,86.0,1.1/4,5,15.5,37.9,7-9,栗東 小林,460,-6,
202508030201,2025-10-05,京都,1,2歳未勝利,ダ,1400,右,小雨,重,"3回 京都 2日目 サラ系２歳 未勝利       [指] 馬齢 16頭 本賞金:560,220,140,84,56万円",16,560.0,7,8,16,ルファーダ,牡,2,53.0,▲和田陽,86.0,クビ,6,21.7,38.0,5-5,栗東 大根田,516,22,
202508030201,2025-10-05,京都,1,2歳未勝利,ダ,1400,右,小雨,重,"3回 京都 2日目 サラ系２歳 未勝利       [指] 馬齢 16頭 本賞金:560,220,140,84,56万円",16,560.0,8,7,13,ロードベルファスト,牡,2,56.0,高杉,86.1,クビ,11,57.8,38.3,3-3,栗東 畑端,474,-2,
202508030201,2025-10-05,京都,1,2歳未勝利,ダ,1400,右,小雨,重,"3回 京都 2日目 サラ系２歳 未勝利       [指] 馬齢 16頭 本賞金:560,220,140,84,56万円",16,560.0,9,3,5,セレーノ,牝,2,53.0,◇永島,86.4,1.3/4,13,88.6,37.7,15-14,栗東 高橋亮,442,-2,
202508030201,2025-10-05,京都,1,2歳未勝利,ダ,1400,右,小雨,重,"3回 京都 2日目 サラ系２歳 未勝利       [指] 馬齢 16頭 本賞金:560,220,140,84,56万円",16,560.0,10,4,8,カセノコンコルド,牡,2,53.0,▲柴田裕,86.5,3/4,12,87.4,37.8,15-14,栗東 中尾,446,4,
202508030201,2025-10-05,京都,1,2歳未勝利,ダ,1400,右,小雨,重,"3回 京都 2日目 サラ系２歳 未勝利       [指] 馬齢 16頭 本賞金:560,220,140,84,56万円",16,560.0,11,8,15,ユウトザケンケン,牡,2,56.0,和田竜,86.7,1.1/4,9,47.0,38.3,13-11,栗東 小崎,468,-10,
202508030201,2025-10-05,京都,1,2歳未勝利,ダ,1400,右,小雨,重,"3回 京都 2日目 サラ系２歳 未勝利       [指] 馬齢 16頭 本賞金:560,220,140,84,56万円",16,560.0,12,7,14,ジャストキュート,牝,2,55.0,斎藤,86.9,3/4,14,131.7,39.0,5-5,美浦 武藤,460,-2,
202508030201,2025-10-05,京都,1,2歳未勝利,ダ,1400,右,小雨,重,"3回 京都 2日目 サラ系２歳 未勝利       [指] 馬齢 16頭 本賞金:560,220,140,84,56万円",16,560.0,13,1,2,マクアケ,牡,2,56.0,鮫島駿,87.3,2.1/2,8,38.9,39.4,7-7,栗東 杉山佳,496,36,
202508030201,2025-10-05,京都,1,2歳未勝利,ダ,1400,右,小雨,重,"3回 京都 2日目 サラ系２歳 未勝利       [指] 馬齢 16頭 本賞金:560,220,140,84,56万円",16,560.0,14,6,11,トモエナゲ,牡,2,52.0,★河原田,87.5,3/4,16,487.1,39.0,13-13,美浦 青木,464,-2,
202508030201,2025-10-05,京都,1,2歳未勝利,ダ,1400,右,小雨,重,"3回 京都 2日目 サラ系２歳 未勝利       [指] 馬齢 16頭 本賞金:560,220,140,84,56万円",16,560.0,15,6,12,ブラッドムーン,牝,2,52.0,▲田山,87.7,1.1/2,10,50.7,39.2,11-14,栗東 宮本,444,-4,
202508030201,2025-10-05,京都,1,2歳未勝利,ダ,1400,右,小雨,重,"3回 京都 2日目 サラ系２歳 未勝利       [指] 馬齢 16頭 本賞金:560,220,140,84,56万円",16,560.0,16,2,4,ナンテヒダ,牡,2,56.0,川須,88.0,1.3/4,15,149.9,39.8,7-12,栗東 中尾,446,4,
202508030201,2025-10-05,京都,1,2歳未勝利,ダ,1400,右,小雨,重,"3回 京都 2日目 サラ系２歳 未勝利       [指] 馬齢 16頭 本賞金:560,220,140,84,56万円",16,560.0,,1,7,サヨノパララックス,,,103.0,90,,12.0,4,10.8,3.0,12.0,2,,,
202508030201,2025-10-05,京都,1,2歳未勝利,ダ,1400,右,小雨,重,"3回 京都 2日目 サラ系２歳 未勝利       [指] 馬齢 16頭 本賞金:560,220,140,84,56万円",16,560.0,,1,7,サヨノパララックス,,,,-,,-,,,,-,-,,,
202508030202,2025-10-05,京都,2,2歳未勝利,芝,1600,右,曇,稍,"3回 京都 2日目 サラ系２歳 未勝利       (混)[指] 馬齢 7頭 本賞金:560,220,140,84,56万円",7,560.0,1,2,2,プレセピオ,牝,2,55.0,浜中,93.9,,3,5.1,35.3,1-1,栗東 笹田,472,0,
202508030202,2025-10-05,京都,2,2歳未勝利,芝,1600,右,曇,稍,"3回 京都 2日目 サラ系２歳 未勝利       (混)[指] 馬齢 7頭 本賞金:560,220,140,84,56万円",7,560.0,2,1,1,ミッキーラヴィータ,牝,2,55.0,団野,93.9,ハナ,1,2.2,34.9,3-2,栗東 高橋亮,442,8,
202508030202,2025-10-05,京都,2,2歳未勝利,芝,1600,右,曇,稍,"3回 京都 2日目 サラ系２歳 未勝利       (混)[指] 馬齢 7頭 本賞金:560,220,140,84,56万円",7,560.0,3,3,3,シャローアロス,牝,2,55.0,坂井,94.7,5,5,6.0,35.8,3-2,栗東 安達,438,0,
202508030202,2025-10-05,京都,2,2歳未勝利,芝,1600,右,曇,稍,"3回 京都 2日目 サラ系２歳 未勝利       (混)[指] 馬齢 7頭 本賞金:560,220,140,84,56万円",7,560.0,4,4,4,トランスマリーン,牡,2,56.0,和田竜,94.8,1/2,2,4.2,35.4,5-5,栗東 平田,486,0,
202508030202,2025-10-05,京都,2,2歳未勝利,芝,1600,右,曇,稍,"3回 京都 2日目 サラ系２歳 未勝利       (混)[指] 馬齢 7頭 本賞金:560,220,140,84,56万円",7,560.0,5,5,5,デルニエジョイ,牡,2,56.0,田口,94.9,1/2,4,5.2,36.1,2-2,栗東 鈴木孝,468,8,
202508030202,2025-10-05,京都,2,2歳未勝利,芝,1600,右,曇,稍,"3回 京都 2日目 サラ系２歳 未勝利       (混)[指] 馬齢 7頭 本賞金:560,220,140,84,56万円",7,560.0,6,6,6,リケアラザニア,牝,2,52.0,▲柴田裕,96.3,9,7,238.8,36.7,5-6,美浦 村田,410,-8,
202508030202,2025-10-05,京都,2,2歳未勝利,芝,1600,右,曇,稍,"3回 京都 2日目 サラ系２歳 未勝利       (混)[指] 馬齢 7頭 本賞金:560,220,140,84,56万円",7,560.0,7,7,7,エンジェルグラース,牝,2,53.0,◇永島,96.4,1/2,6,83.7,36.5,7-7,栗東 高橋康,436,0,
202508030202,2025-10-05,京都,2,2歳未勝利,芝,1600,右,曇,稍,"3回 京都 2日目 サラ系２歳 未勝利       (混)[指] 馬齢 7頭 本賞金:560,220,140,84,56万円",7,560.0,,1,2,プレセピオ,,,106.0,101,,12.5,3,10.9,2.0,11.6,2,,,
202508030202,2025-10-05,京都,2,2歳未勝利,芝,1600,右,曇,稍,"3回 京都 2日目 サラ系２歳 未勝利       (混)[指] 馬齢 7頭 本賞金:560,220,140,84,56万円",7,560.0,,1,2,プレセピオ,,,,-,,-,,,,-,-,,,
202508030203,2025-10-05,京都,3,2歳新馬,ダ,1800,右,曇,重,"3回 京都 2日目 サラ系２歳 新馬       [指] 馬齢 16頭 本賞金:750,300,190,110,75万円",16,750.0,1,5,10,パイロマンサー,牡,2,56.0,横山武,111.8,,1,3.4,37.3,2-2-1-1,栗東 吉村,504,0,
202508030203,2025-10-05,京都,3,2歳新馬,ダ,1800,右,曇,重,"3回 京都 2日目 サラ系２歳 新馬       [指] 馬齢 16頭 本賞金:750,300,190,110,75万円",16,750.0,2,4,8,ジャスティンダラス,牡,2,56.0,松山,112.1,2,2,3.4,37.3,5-3-3-3,栗東 杉山晴,522,0,
202508030203,2025-10-05,京都,3,2歳新馬,ダ,1800,右,曇,重,"3回 京都 2日目 サラ系２歳 新馬       [指] 馬齢 16頭 本賞金:750,300,190,110,75万円",16,750.0,3,2,4,アーネストアイズ,牝,2,55.0,角田和,113.2,7,5,12.8,37.4,15-13-7-5,栗東 松永幹,474,0,
202508030203,2025-10-05,京都,3,2歳新馬,ダ,1800,右,曇,重,"3回 京都 2日目 サラ系２歳 新馬       [指] 馬齢 16頭 本賞金:750,300,190,110,75万円",16,750.0,4,7,14,レッドフロイデ,牡,2,56.0,高杉,113.8,3.1/2,11,36.5,37.9,7-9-8-6,栗東 大久保,442,0,
202508030203,2025-10-05,京都,3,2歳新馬,ダ,1800,右,曇,重,"3回 京都 2日目 サラ系２歳 新馬       [指] 馬齢 16頭 本賞金:750,300,190,110,75万円",16,750.0,5,4,7,アルムランプシー,牝,2,55.0,秋山稔,114.2,2.1/2,7,18.4,39.7,1-1-2-2,栗東 北出,494,0,
202508030203,2025-10-05,京都,3,2歳新馬,ダ,1800,右,曇,重,"3回 京都 2日目 サラ系２歳 新馬       [指] 馬齢 16頭 本賞金:750,300,190,110,75万円",16,750.0,6,6,12,コンテナヒーロー,牡,2,56.0,団野,114.6,2.1/2,13,73.9,38.5,10-10-11-9,栗東 茶木,486,0,
202508030203,2025-10-05,京都,3,2歳新馬,ダ,1800,右,曇,重,"3回 京都 2日目 サラ系２歳 新馬       [指] 馬齢 16頭 本賞金:750,300,190,110,75万円",16,750.0,7,5,9,タガノアイゼン,牡,2,56.0,菱田,115.0,2.1/2,6,15.0,39.3,6-6-5-8,栗東 岡田,460,0,
202508030203,2025-10-05,京都,3,2歳新馬,ダ,1800,右,曇,重,"3回 京都 2日目 サラ系２歳 新馬       [指] 馬齢 16頭 本賞金:750,300,190,110,75万円",16,750.0,8,3,5,アクロフェイズ,牡,2,55.0,☆吉村,115.1,1,3,4.8,39.5,13-12-5-6,栗東 奥村豊,476,0,
202508030203,2025-10-05,京都,3,2歳新馬,ダ,1800,右,曇,重,"3回 京都 2日目 サラ系２歳 新馬       [指] 馬齢 16頭 本賞金:750,300,190,110,75万円",16,750.0,9,8,16,サンライズケヴィン,牡,2,56.0,池添,115.9,5,4,11.6,41.0,3-3-3-4,栗東 平田,492,0,
202508030203,2025-10-05,京都,3,2歳新馬,ダ,1800,右,曇,重,"3回 京都 2日目 サラ系２歳 新馬       [指] 馬齢 16頭 本賞金:750,300,190,110,75万円",16,750.0,10,2,3,ケイトバローズ,牝,2,55.0,松若,116.1,1.1/4,9,34.0,39.3,16-16-14-11,栗東 渡辺,468,0,
202508030203,2025-10-05,京都,3,2歳新馬,ダ,1800,右,曇,重,"3回 京都 2日目 サラ系２歳 新馬       [指] 馬齢 16頭 本賞金:750,300,190,110,75万円",16,750.0,11,1,1,ナブッコ,牡,2,53.0,▲柴田裕,117.2,7,16,157.3,40.5,8-6-12-13,栗東 中竹,500,0,
202508030203,2025-10-05,京都,3,2歳新馬,ダ,1800,右,曇,重,"3回 京都 2日目 サラ系２歳 新馬       [指] 馬齢 16頭 本賞金:750,300,190,110,75万円",16,750.0,12,1,2,スギノダイナミック,牡,2,56.0,藤懸,117.5,1.3/4,8,32.6,40.9,11-10-12-11,栗東 高橋忠,516,0,
202508030203,2025-10-05,京都,3,2歳新馬,ダ,1800,右,曇,重,"3回 京都 2日目 サラ系２歳 新馬       [指] 馬齢 16頭 本賞金:750,300,190,110,75万円",16,750.0,13,7,13,レヴロード,牡,2,56.0,内田博,118.9,8,15,142.4,42.0,12-13-14-15,栗東 畑端,482,0,
202508030203,2025-10-05,京都,3,2歳新馬,ダ,1800,右,曇,重,"3回 京都 2日目 サラ系２歳 新馬       [指] 馬齢 16頭 本賞金:750,300,190,110,75万円",16,750.0,14,6,11,リアルフォルツァ,牡,2,56.0,田口,119.0,3/4,12,39.7,43.1,8-6-8-10,栗東 大橋,506,0,
202508030203,2025-10-05,京都,3,2歳新馬,ダ,1800,右,曇,重,"3回 京都 2日目 サラ系２歳 新馬       [指] 馬齢 16頭 本賞金:750,300,190,110,75万円",16,750.0,15,3,6,ミトノテイオー,牡,2,56.0,高倉,120.7,10,14,120.9,43.4,14-13-16-16,栗東 前川,510,0,
202508030203,2025-10-05,京都,3,2歳新馬,ダ,1800,右,曇,重,"3回 京都 2日目 サラ系２歳 新馬       [指] 馬齢 16頭 本賞金:750,300,190,110,75万円",16,750.0,16,8,15,カイラーサ,牡,2,56.0,鮫島駿,121.2,3,10,35.3,45.1,3-5-8-13,栗東 河嶋,514,0,
202508030203,2025-10-05,京都,3,2歳新馬,ダ,1800,右,曇,重,"3回 京都 2日目 サラ系２歳 新馬       [指] 馬齢 16頭 本賞金:750,300,190,110,75万円",16,750.0,,1,10,パイロマンサー,,,102.0,92,,12.4,5,11.2,2.0,12.3,3,,,
202508030203,2025-10-05,京都,3,2歳新馬,ダ,1800,右,曇,重,"3回 京都 2日目 サラ系２歳 新馬       [指] 馬齢 16頭 本賞金:750,300,190,110,75万円",16,750.0,,1,10,パイロマンサー,,,,-,,-,,,,-,-,,,
202508030204,2025-10-05,京都,4,2歳新馬,芝,1200,右,曇,稍,"3回 京都 2日目 サラ系２歳 新馬       (混)[指] 馬齢 12頭 本賞金:750,300,190,110,75万円",12,750.0,1,5,6,マーブルパレス,牝,2,55.0,酒井,70.0,,1,3.2,34.7,2-2,栗東 西園正,418,0,
202508030204,2025-10-05,京都,4,2歳新馬,芝,1200,右,曇,稍,"3回 京都 2日目 サラ系２歳 新馬       (混)[指] 馬齢 12頭 本賞金:750,300,190,110,75万円",12,750.0,2,8,12,ヒバリノコ,牡,2,56.0,亀田,70.2,1.1/4,5,10.4,34.7,3-3,栗東 北出,422,0,
202508030204,2025-10-05,京都,4,2歳新馬,芝,1200,右,曇,稍,"3回 京都 2日目 サラ系２歳 新馬       (混)[指] 馬齢 12頭 本賞金:750,300,190,110,75万円",12,750.0,3,2,2,レガリアーナ,牝,2,55.0,松若,70.6,2.1/2,12,58.3,35.1,3-3,栗東 安達,384,0,
202508030204,2025-10-05,京都,4,2歳新馬,芝,1200,右,曇,稍,"3回 京都 2日目 サラ系２歳 新馬       (混)[指] 馬齢 12頭 本賞金:750,300,190,110,75万円",12,750.0,4,7,10,パッションマーレ,牝,2,55.0,富田,70.7,3/4,2,4.7,34.8,7-5,栗東 四位,406,0,
202508030204,2025-10-05,京都,4,2歳新馬,芝,1200,右,曇,稍,"3回 京都 2日目 サラ系２歳 新馬       (混)[指] 馬齢 12頭 本賞金:750,300,190,110,75万円",12,750.0,5,6,8,モカプウイング,牝,2,54.0,☆吉村,70.8,クビ,4,6.3,34.7,8-8,栗東 加藤公,458,0,
202508030204,2025-10-05,京都,4,2歳新馬,芝,1200,右,曇,稍,"3回 京都 2日目 サラ系２歳 新馬       (混)[指] 馬齢 12頭 本賞金:750,300,190,110,75万円",12,750.0,6,8,11,オフクマメ,牝,2,55.0,荻野琢,70.8,アタマ,8,26.7,34.5,10-10,栗東 松下,462,0,
202508030204,2025-10-05,京都,4,2歳新馬,芝,1200,右,曇,稍,"3回 京都 2日目 サラ系２歳 新馬       (混)[指] 馬齢 12頭 本賞金:750,300,190,110,75万円",12,750.0,7,5,5,ハンザキ,牝,2,55.0,藤懸,70.8,アタマ,6,11.5,35.6,1-1,栗東 高橋忠,450,0,
202508030204,2025-10-05,京都,4,2歳新馬,芝,1200,右,曇,稍,"3回 京都 2日目 サラ系２歳 新馬       (混)[指] 馬齢 12頭 本賞金:750,300,190,110,75万円",12,750.0,8,3,3,ジーティーシップ,牡,2,56.0,鮫島駿,70.8,アタマ,7,18.4,35.1,5-5,栗東 森田,460,0,
202508030204,2025-10-05,京都,4,2歳新馬,芝,1200,右,曇,稍,"3回 京都 2日目 サラ系２歳 新馬       (混)[指] 馬齢 12頭 本賞金:750,300,190,110,75万円",12,750.0,9,7,9,ピルスナー,牝,2,55.0,斎藤,71.6,5,11,40.9,34.8,11-11,美浦 青木,434,0,
202508030204,2025-10-05,京都,4,2歳新馬,芝,1200,右,曇,稍,"3回 京都 2日目 サラ系２歳 新馬       (混)[指] 馬齢 12頭 本賞金:750,300,190,110,75万円",12,750.0,10,6,7,キシュウサラトイロ,牝,2,55.0,田口,71.7,クビ,9,38.1,35.0,11-11,栗東 安達,432,0,
202508030204,2025-10-05,京都,4,2歳新馬,芝,1200,右,曇,稍,"3回 京都 2日目 サラ系２歳 新馬       (混)[指] 馬齢 12頭 本賞金:750,300,190,110,75万円",12,750.0,11,4,4,ジーティーリボーン,牝,2,55.0,坂井,71.7,クビ,3,4.7,36.0,5-5,栗東 中村,454,0,
202508030204,2025-10-05,京都,4,2歳新馬,芝,1200,右,曇,稍,"3回 京都 2日目 サラ系２歳 新馬       (混)[指] 馬齢 12頭 本賞金:750,300,190,110,75万円",12,750.0,12,1,1,ユイアヴェニール,牡,2,56.0,秋山稔,72.6,5,10,38.8,36.6,8-8,栗東 高橋忠,432,0,
202508030204,2025-10-05,京都,4,2歳新馬,芝,1200,右,曇,稍,"3回 京都 2日目 サラ系２歳 新馬       (混)[指] 馬齢 12頭 本賞金:750,300,190,110,75万円",12,750.0,,1,6,マーブルパレス,,,93.0,82,,12.4,5,11.2,2.0,11.7,2,,,
202508030204,2025-10-05,京都,4,2歳新馬,芝,1200,右,曇,稍,"3回 京都 2日目 サラ系２歳 新馬       (混)[指] 馬齢 12頭 本賞金:750,300,190,110,75万円",12,750.0,,1,6,マーブルパレス,,,,-,,-,,,,-,-,,,
202508030205,2025-10-05,京都,5,2歳新馬,芝,1800,右,小雨,稍,"3回 京都 2日目 サラ系２歳 新馬       [指] 馬齢 13頭 本賞金:750,300,190,110,75万円",13,750.0,1,5,7,コウギョク,牝,2,55.0,横山和,108.8,,2,4.0,34.7,1-1,栗東 昆,438,0,
202508030205,2025-10-05,京都,5,2歳新馬,芝,1800,右,小雨,稍,"3回 京都 2日目 サラ系２歳 新馬       [指] 馬齢 13頭 本賞金:750,300,190,110,75万円",13,750.0,2,8,13,ブレットパス,牡,2,56.0,川田,109.1,1.1/2,1,2.3,34.8,3-3,栗東 中内田,496,0,
202508030205,2025-10-05,京都,5,2歳新馬,芝,1800,右,小雨,稍,"3回 京都 2日目 サラ系２歳 新馬       [指] 馬齢 13頭 本賞金:750,300,190,110,75万円",13,750.0,3,8,12,ロサドラーダ,牝,2,55.0,田口,109.2,1/2,7,18.2,34.7,6-6,栗東 藤岡,490,0,
202508030205,2025-10-05,京都,5,2歳新馬,芝,1800,右,小雨,稍,"3回 京都 2日目 サラ系２歳 新馬       [指] 馬齢 13頭 本賞金:750,300,190,110,75万円",13,750.0,4,4,5,ストームゲイル,牡,2,56.0,藤岡佑,109.2,クビ,8,23.2,34.7,6-7,栗東 四位,462,0,
202508030205,2025-10-05,京都,5,2歳新馬,芝,1800,右,小雨,稍,"3回 京都 2日目 サラ系２歳 新馬       [指] 馬齢 13頭 本賞金:750,300,190,110,75万円",13,750.0,5,7,10,ラコンチャビエン,牝,2,55.0,高杉,109.3,1/2,5,15.7,34.9,3-3,栗東 藤原,442,0,
202508030205,2025-10-05,京都,5,2歳新馬,芝,1800,右,小雨,稍,"3回 京都 2日目 サラ系２歳 新馬       [指] 馬齢 13頭 本賞金:750,300,190,110,75万円",13,750.0,6,7,11,オーロアルジェント,牝,2,55.0,横山武,109.4,1/2,4,14.8,35.2,2-2,栗東 高野,460,0,
202508030205,2025-10-05,京都,5,2歳新馬,芝,1800,右,小雨,稍,"3回 京都 2日目 サラ系２歳 新馬       [指] 馬齢 13頭 本賞金:750,300,190,110,75万円",13,750.0,7,6,9,シャドウクライ,牝,2,55.0,鮫島駿,109.4,1/2,11,47.0,34.3,11-11,栗東 杉山佳,462,0,
202508030205,2025-10-05,京都,5,2歳新馬,芝,1800,右,小雨,稍,"3回 京都 2日目 サラ系２歳 新馬       [指] 馬齢 13頭 本賞金:750,300,190,110,75万円",13,750.0,8,2,2,グッデイ,牝,2,55.0,秋山稔,109.7,2,13,105.1,35.1,9-7,栗東 河嶋,428,0,
202508030205,2025-10-05,京都,5,2歳新馬,芝,1800,右,小雨,稍,"3回 京都 2日目 サラ系２歳 新馬       [指] 馬齢 13頭 本賞金:750,300,190,110,75万円",13,750.0,9,3,3,ビサーロ,牡,2,56.0,小沢,109.8,1/2,12,92.5,35.4,3-3,栗東 田中克,464,0,
202508030205,2025-10-05,京都,5,2歳新馬,芝,1800,右,小雨,稍,"3回 京都 2日目 サラ系２歳 新馬       [指] 馬齢 13頭 本賞金:750,300,190,110,75万円",13,750.0,10,4,4,マーゴットガイア,牝,2,54.0,☆吉村,110.1,1.1/2,6,16.1,35.5,6-7,栗東 石坂,490,0,
202508030205,2025-10-05,京都,5,2歳新馬,芝,1800,右,小雨,稍,"3回 京都 2日目 サラ系２歳 新馬       [指] 馬齢 13頭 本賞金:750,300,190,110,75万円",13,750.0,11,5,6,ヒラボクソライア,牡,2,56.0,坂井,110.2,3/4,10,41.7,35.4,10-10,栗東 東田,502,0,
202508030205,2025-10-05,京都,5,2歳新馬,芝,1800,右,小雨,稍,"3回 京都 2日目 サラ系２歳 新馬       [指] 馬齢 13頭 本賞金:750,300,190,110,75万円",13,750.0,12,6,8,ポッドジーク,牡,2,56.0,松山,110.4,1.1/2,9,30.5,35.1,12-12,栗東 西園正,520,0,
202508030205,2025-10-05,京都,5,2歳新馬,芝,1800,右,小雨,稍,"3回 京都 2日目 サラ系２歳 新馬       [指] 馬齢 13頭 本賞金:750,300,190,110,75万円",13,750.0,13,1,1,アオイハルカ,牝,2,53.0,◇永島,110.5,アタマ,3,5.4,35.1,13-13,栗東 大久保,448,0,
202508030205,2025-10-05,京都,5,2歳新馬,芝,1800,右,小雨,稍,"3回 京都 2日目 サラ系２歳 新馬       [指] 馬齢 13頭 本賞金:750,300,190,110,75万円",13,750.0,,1,7,コウギョク,,,95.0,85,,13.0,4,11.5,3.0,12.1,2,,,
202508030205,2025-10-05,京都,5,2歳新馬,芝,1800,右,小雨,稍,"3回 京都 2日目 サラ系２歳 新馬       [指] 馬齢 13頭 本賞金:750,300,190,110,75万円",13,750.0,,1,7,コウギョク,,,,-,,-,,,,-,-,,,
202508030206,2025-10-05,京都,6,3歳以上1勝クラス,ダ,1800,右,小雨,重,"3回 京都 2日目 サラ系３歳以上 １勝クラス       (混)[指] 定量 14頭 本賞金:800,320,200,120,80万円",14,800.0,1,4,6,ポッドフォルク,牡,3,56.0,中井,112.1,,9,40.5,36.7,2-2-1-1,栗東 西園正,492,0,
202508030206,2025-10-05,京都,6,3歳以上1勝クラス,ダ,1800,右,小雨,重,"3回 京都 2日目 サラ系３歳以上 １勝クラス       (混)[指] 定量 14頭 本賞金:800,320,200,120,80万円",14,800.0,2,8,14,エコロスパーダ,牡,3,53.0,▲和田陽,112.2,1/2,3,5.3,36.6,3-4-3-3,栗東 大久保,452,2,
202508030206,2025-10-05,京都,6,3歳以上1勝クラス,ダ,1800,右,小雨,重,"3回 京都 2日目 サラ系３歳以上 １勝クラス       (混)[指] 定量 14頭 本賞金:800,320,200,120,80万円",14,800.0,3,5,7,ディニテ,牡,3,56.0,松山,112.2,ハナ,5,9.7,36.5,5-4-3-4,栗東 辻野,496,2,
202508030206,2025-10-05,京都,6,3歳以上1勝クラス,ダ,1800,右,小雨,重,"3回 京都 2日目 サラ系３歳以上 １勝クラス       (混)[指] 定量 14頭 本賞金:800,320,200,120,80万円",14,800.0,4,3,4,ヴァリージア,牡,5,58.0,団野,112.2,1/2,7,23.5,36.2,5-6-6-7,栗東 斉藤崇,526,-2,
202508030206,2025-10-05,京都,6,3歳以上1勝クラス,ダ,1800,右,小雨,重,"3回 京都 2日目 サラ系３歳以上 １勝クラス       (混)[指] 定量 14頭 本賞金:800,320,200,120,80万円",14,800.0,5,6,9,ブルーワール,牡,4,58.0,松若,112.4,1.1/4,6,11.3,36.2,14-14-9-7,栗東 高柳大,512,4,
202508030206,2025-10-05,京都,6,3歳以上1勝クラス,ダ,1800,右,小雨,重,"3回 京都 2日目 サラ系３歳以上 １勝クラス       (混)[指] 定量 14頭 本賞金:800,320,200,120,80万円",14,800.0,6,8,13,チムニートップス,牡,3,55.0,☆吉村,112.5,クビ,4,6.0,36.7,5-6-6-4,栗東 杉山晴,490,2,
202508030206,2025-10-05,京都,6,3歳以上1勝クラス,ダ,1800,右,小雨,重,"3回 京都 2日目 サラ系３歳以上 １勝クラス       (混)[指] 定量 14頭 本賞金:800,320,200,120,80万円",14,800.0,7,4,5,エリカヴェネチア,牝,4,56.0,高杉,112.6,3/4,8,29.0,36.2,11-11-13-12,栗東 吉岡,498,2,
202508030206,2025-10-05,京都,6,3歳以上1勝クラス,ダ,1800,右,小雨,重,"3回 京都 2日目 サラ系３歳以上 １勝クラス       (混)[指] 定量 14頭 本賞金:800,320,200,120,80万円",14,800.0,8,7,11,マテンロウブレイブ,牡,3,56.0,太宰,112.7,3/4,1,2.7,36.7,11-11-6-4,栗東 高橋亮,490,6,
202508030206,2025-10-05,京都,6,3歳以上1勝クラス,ダ,1800,右,小雨,重,"3回 京都 2日目 サラ系３歳以上 １勝クラス       (混)[指] 定量 14頭 本賞金:800,320,200,120,80万円",14,800.0,9,5,8,コウジョリョウゾク,牡,3,56.0,荻野琢,113.2,3.1/2,12,165.7,36.7,13-11-13-10,栗東 牧田,466,6,
202508030206,2025-10-05,京都,6,3歳以上1勝クラス,ダ,1800,右,小雨,重,"3回 京都 2日目 サラ系３歳以上 １勝クラス       (混)[指] 定量 14頭 本賞金:800,320,200,120,80万円",14,800.0,10,7,12,アメリカンビヨンド,牡,3,56.0,坂井,113.5,1.1/2,2,4.7,37.9,3-3-3-2,栗東 藤原,532,-4,
202508030206,2025-10-05,京都,6,3歳以上1勝クラス,ダ,1800,右,小雨,重,"3回 京都 2日目 サラ系３歳以上 １勝クラス       (混)[指] 定量 14頭 本賞金:800,320,200,120,80万円",14,800.0,11,6,10,クレスコドルフィン,牡,3,56.0,角田和,113.5,クビ,11,126.9,37.3,8-9-9-7,栗東 長谷川,520,-4,
202508030206,2025-10-05,京都,6,3歳以上1勝クラス,ダ,1800,右,小雨,重,"3回 京都 2日目 サラ系３歳以上 １勝クラス       (混)[指] 定量 14頭 本賞金:800,320,200,120,80万円",14,800.0,12,2,2,アイムアクイーン,牝,3,54.0,田中健,113.8,1.3/4,13,232.0,37.6,8-9-9-12,栗東 荒川,436,6,
202508030206,2025-10-05,京都,6,3歳以上1勝クラス,ダ,1800,右,小雨,重,"3回 京都 2日目 サラ系３歳以上 １勝クラス       (混)[指] 定量 14頭 本賞金:800,320,200,120,80万円",14,800.0,13,1,1,キャロルビアンカ,牝,5,56.0,城戸,116.6,大,14,428.2,40.4,8-8-12-14,栗東 荒川,478,-4,
202508030206,2025-10-05,京都,6,3歳以上1勝クラス,ダ,1800,右,小雨,重,"3回 京都 2日目 サラ系３歳以上 １勝クラス       (混)[指] 定量 14頭 本賞金:800,320,200,120,80万円",14,800.0,14,3,3,ブーディガ,牝,3,54.0,斎藤,121.6,大,10,63.7,46.2,1-1-2-10,栗東 高橋一,472,0,
202508030206,2025-10-05,京都,6,3歳以上1勝クラス,ダ,1800,右,小雨,重,"3回 京都 2日目 サラ系３歳以上 １勝クラス       (混)[指] 定量 14頭 本賞金:800,320,200,120,80万円",14,800.0,,1,6,ポッドフォルク,,,98.0,87,,12.5,3,11.5,2.0,12.8,3,,,
202508030206,2025-10-05,京都,6,3歳以上1勝クラス,ダ,1800,右,小雨,重,"3回 京都 2日目 サラ系３歳以上 １勝クラス       (混)[指] 定量 14頭 本賞金:800,320,200,120,80万円",14,800.0,,1,6,ポッドフォルク,,,,-,,-,,,,-,-,,,
202508030207,2025-10-05,京都,7,3歳以上1勝クラス,芝,2000,右,小雨,稍,"3回 京都 2日目 サラ系３歳以上 １勝クラス       [指] 定量 12頭 本賞金:800,320,200,120,80万円",12,800.0,1,4,4,フォーキャンドルズ,牡,3,55.0,☆松本,120.1,,8,35.4,34.5,8-7-6-4,栗東 本田,498,-4,
202508030207,2025-10-05,京都,7,3歳以上1勝クラス,芝,2000,右,小雨,稍,"3回 京都 2日目 サラ系３歳以上 １勝クラス       [指] 定量 12頭 本賞金:800,320,200,120,80万円",12,800.0,2,5,6,クラウディアイ,牡,3,56.0,松山,120.2,1/2,1,1.7,34.4,8-9-8-9,栗東 橋口,440,2,
202508030207,2025-10-05,京都,7,3歳以上1勝クラス,芝,2000,右,小雨,稍,"3回 京都 2日目 サラ系３歳以上 １勝クラス       [指] 定量 12頭 本賞金:800,320,200,120,80万円",12,800.0,3,7,9,デルシエロ,牡,4,57.0,☆吉村,120.2,アタマ,2,6.4,34.4,11-11-8-7,栗東 清水久,418,6,
202508030207,2025-10-05,京都,7,3歳以上1勝クラス,芝,2000,右,小雨,稍,"3回 京都 2日目 サラ系３歳以上 １勝クラス       [指] 定量 12頭 本賞金:800,320,200,120,80万円",12,800.0,4,2,2,ダノンジャイアン,牡,3,56.0,横山武,120.6,2.1/2,3,7.0,35.1,3-3-2-4,栗東 茶木,450,12,
202508030207,2025-10-05,京都,7,3歳以上1勝クラス,芝,2000,右,小雨,稍,"3回 京都 2日目 サラ系３歳以上 １勝クラス       [指] 定量 12頭 本賞金:800,320,200,120,80万円",12,800.0,5,8,12,ニホンピロゴルディ,牡,4,58.0,田口,120.8,1,11,153.5,34.7,10-9-11-11,栗東 安達,460,4,
202508030207,2025-10-05,京都,7,3歳以上1勝クラス,芝,2000,右,小雨,稍,"3回 京都 2日目 サラ系３歳以上 １勝クラス       [指] 定量 12頭 本賞金:800,320,200,120,80万円",12,800.0,6,6,7,ドゥラシェーナ,牝,4,53.0,▲田山,120.8,アタマ,10,115.9,35.0,7-7-8-9,栗東 佐々木,464,0,
202508030207,2025-10-05,京都,7,3歳以上1勝クラス,芝,2000,右,小雨,稍,"3回 京都 2日目 サラ系３歳以上 １勝クラス       [指] 定量 12頭 本賞金:800,320,200,120,80万円",12,800.0,7,7,10,ディスパラール,牝,3,54.0,団野,120.8,ハナ,4,9.0,35.1,6-5-6-7,栗東 斉藤崇,448,8,
202508030207,2025-10-05,京都,7,3歳以上1勝クラス,芝,2000,右,小雨,稍,"3回 京都 2日目 サラ系３歳以上 １勝クラス       [指] 定量 12頭 本賞金:800,320,200,120,80万円",12,800.0,8,6,8,レーヌマロン,牝,3,54.0,長岡,121.0,1.1/4,6,14.1,35.6,5-5-2-2,栗東 小栗,450,2,
202508030207,2025-10-05,京都,7,3歳以上1勝クラス,芝,2000,右,小雨,稍,"3回 京都 2日目 サラ系３歳以上 １勝クラス       [指] 定量 12頭 本賞金:800,320,200,120,80万円",12,800.0,9,1,1,プレミアシップ,牡,3,56.0,高杉,121.6,3.1/2,5,12.3,36.2,2-2-2-2,栗東 吉岡,500,-2,
202508030207,2025-10-05,京都,7,3歳以上1勝クラス,芝,2000,右,小雨,稍,"3回 京都 2日目 サラ系３歳以上 １勝クラス       [指] 定量 12頭 本賞金:800,320,200,120,80万円",12,800.0,10,5,5,ルージュサリナス,牝,4,54.0,◇永島,122.0,2,9,88.9,36.4,4-4-5-4,栗東 加藤公,436,18,
202508030207,2025-10-05,京都,7,3歳以上1勝クラス,芝,2000,右,小雨,稍,"3回 京都 2日目 サラ系３歳以上 １勝クラス       [指] 定量 12頭 本賞金:800,320,200,120,80万円",12,800.0,11,8,11,ヴォラヴィア,牡,3,56.0,川又,122.0,ハナ,7,20.9,36.9,1-1-1-1,栗東 杉山佳,458,6,
202508030207,2025-10-05,京都,7,3歳以上1勝クラス,芝,2000,右,小雨,稍,"3回 京都 2日目 サラ系３歳以上 １勝クラス       [指] 定量 12頭 本賞金:800,320,200,120,80万円",12,800.0,12,3,3,ショウナンアトレ,牡,3,53.0,▲和田陽,125.0,大,12,239.8,38.3,11-11-12-12,栗東 梅田,454,2,
202508030207,2025-10-05,京都,7,3歳以上1勝クラス,芝,2000,右,小雨,稍,"3回 京都 2日目 サラ系３歳以上 １勝クラス       [指] 定量 12頭 本賞金:800,320,200,120,80万円",12,800.0,,1,4,フォーキャンドルズ,,,90.0,90,,13.5,7,11.5,2.0,12.0,2,,,
202508030207,2025-10-05,京都,7,3歳以上1勝クラス,芝,2000,右,小雨,稍,"3回 京都 2日目 サラ系３歳以上 １勝クラス       [指] 定量 12頭 本賞金:800,320,200,120,80万円",12,800.0,,1,4,フォーキャンドルズ,,,,-,,-,,,,-,-,,,
202508030208,2025-10-05,京都,8,3歳以上2勝クラス,ダ,1400,右,曇,重,"3回 京都 2日目 サラ系３歳以上 ２勝クラス       (混)[指] 定量 16頭 本賞金:1140,460,290,170,114万円",16,1140.0,1,7,14,タマモティーカップ,牝,3,52.0,◇永島,82.6,,6,14.6,36.2,3-2,栗東 高橋亮,462,2,
202508030208,2025-10-05,京都,8,3歳以上2勝クラス,ダ,1400,右,曇,重,"3回 京都 2日目 サラ系３歳以上 ２勝クラス       (混)[指] 定量 16頭 本賞金:1140,460,290,170,114万円",16,1140.0,2,3,5,ピエマンソン,牡,3,56.0,池添,82.7,3/4,1,2.5,36.1,6-5,栗東 平田,476,4,
202508030208,2025-10-05,京都,8,3歳以上2勝クラス,ダ,1400,右,曇,重,"3回 京都 2日目 サラ系３歳以上 ２勝クラス       (混)[指] 定量 16頭 本賞金:1140,460,290,170,114万円",16,1140.0,3,7,13,ワーズワース,牡,7,58.0,高杉,82.9,1.1/4,7,17.2,35.2,16-15,栗東 高橋一,502,10,
202508030208,2025-10-05,京都,8,3歳以上2勝クラス,ダ,1400,右,曇,重,"3回 京都 2日目 サラ系３歳以上 ２勝クラス       (混)[指] 定量 16頭 本賞金:1140,460,290,170,114万円",16,1140.0,4,4,8,コスモストーム,牡,3,56.0,秋山稔,83.0,1/2,2,3.8,36.0,9-8,栗東 北出,508,8,
202508030208,2025-10-05,京都,8,3歳以上2勝クラス,ダ,1400,右,曇,重,"3回 京都 2日目 サラ系３歳以上 ２勝クラス       (混)[指] 定量 16頭 本賞金:1140,460,290,170,114万円",16,1140.0,5,8,16,クアトロジャック,牡,4,58.0,横山和,83.5,2.1/2,3,8.3,37.7,2-2,栗東 庄野,494,6,
202508030208,2025-10-05,京都,8,3歳以上2勝クラス,ダ,1400,右,曇,重,"3回 京都 2日目 サラ系３歳以上 ２勝クラス       (混)[指] 定量 16頭 本賞金:1140,460,290,170,114万円",16,1140.0,6,6,11,ワイノナオミ,牝,4,56.0,藤岡佑,83.6,3/4,9,39.1,36.3,11-11,栗東 畑端,474,12,
202508030208,2025-10-05,京都,8,3歳以上2勝クラス,ダ,1400,右,曇,重,"3回 京都 2日目 サラ系３歳以上 ２勝クラス       (混)[指] 定量 16頭 本賞金:1140,460,290,170,114万円",16,1140.0,7,6,12,モズナイスバディー,牡,4,58.0,和田竜,83.8,3/4,10,40.5,37.0,7-8,栗東 飯田,492,-2,
202508030208,2025-10-05,京都,8,3歳以上2勝クラス,ダ,1400,右,曇,重,"3回 京都 2日目 サラ系３歳以上 ２勝クラス       (混)[指] 定量 16頭 本賞金:1140,460,290,170,114万円",16,1140.0,8,1,1,リネアグローリア,牡,4,58.0,酒井,83.8,ハナ,8,20.6,37.0,7-7,栗東 小崎,480,2,
202508030208,2025-10-05,京都,8,3歳以上2勝クラス,ダ,1400,右,曇,重,"3回 京都 2日目 サラ系３歳以上 ２勝クラス       (混)[指] 定量 16頭 本賞金:1140,460,290,170,114万円",16,1140.0,9,2,3,フラーハ,牝,4,56.0,松山,84.1,2,5,10.2,38.5,1-1,美浦 嘉藤,492,4,
202508030208,2025-10-05,京都,8,3歳以上2勝クラス,ダ,1400,右,曇,重,"3回 京都 2日目 サラ系３歳以上 ２勝クラス       (混)[指] 定量 16頭 本賞金:1140,460,290,170,114万円",16,1140.0,10,5,9,ランタナヒルズ,牝,4,53.0,▲和田陽,84.1,クビ,13,115.9,36.6,14-13,美浦 田中勝,470,4,
202508030208,2025-10-05,京都,8,3歳以上2勝クラス,ダ,1400,右,曇,重,"3回 京都 2日目 サラ系３歳以上 ２勝クラス       (混)[指] 定量 16頭 本賞金:1140,460,290,170,114万円",16,1140.0,11,2,4,ブライトルピナス,牝,4,56.0,川須,84.3,1.1/4,11,85.2,38.0,3-5,栗東 東田,476,20,
202508030208,2025-10-05,京都,8,3歳以上2勝クラス,ダ,1400,右,曇,重,"3回 京都 2日目 サラ系３歳以上 ２勝クラス       (混)[指] 定量 16頭 本賞金:1140,460,290,170,114万円",16,1140.0,12,1,2,サマーアゲイン,牡,4,58.0,高倉,84.3,アタマ,16,358.8,37.3,9-8,栗東 渡辺,502,2,
202508030208,2025-10-05,京都,8,3歳以上2勝クラス,ダ,1400,右,曇,重,"3回 京都 2日目 サラ系３歳以上 ２勝クラス       (混)[指] 定量 16頭 本賞金:1140,460,290,170,114万円",16,1140.0,13,8,15,バイファーザベスト,牡,6,57.0,☆吉村,84.5,1,12,90.9,36.9,14-15,栗東 清水久,536,10,
202508030208,2025-10-05,京都,8,3歳以上2勝クラス,ダ,1400,右,曇,重,"3回 京都 2日目 サラ系３歳以上 ２勝クラス       (混)[指] 定量 16頭 本賞金:1140,460,290,170,114万円",16,1140.0,14,3,6,シンゼンイズモ,牡,5,58.0,団野,84.7,1.1/4,15,305.4,37.4,11-13,栗東 荒川,522,-10,
202508030208,2025-10-05,京都,8,3歳以上2勝クラス,ダ,1400,右,曇,重,"3回 京都 2日目 サラ系３歳以上 ２勝クラス       (混)[指] 定量 16頭 本賞金:1140,460,290,170,114万円",16,1140.0,15,5,10,マイティマイティー,牡,4,58.0,坂井,84.8,クビ,4,8.8,37.6,11-11,栗東 佐々木,490,-2,
202508030208,2025-10-05,京都,8,3歳以上2勝クラス,ダ,1400,右,曇,重,"3回 京都 2日目 サラ系３歳以上 ２勝クラス       (混)[指] 定量 16頭 本賞金:1140,460,290,170,114万円",16,1140.0,16,4,7,ストームバンガード,牡,4,58.0,菱田,85.6,5,14,158.9,39.3,3-4,栗東 岡田,506,16,
202508030208,2025-10-05,京都,8,3歳以上2勝クラス,ダ,1400,右,曇,重,"3回 京都 2日目 サラ系３歳以上 ２勝クラス       (混)[指] 定量 16頭 本賞金:1140,460,290,170,114万円",16,1140.0,,1,14,タマモティーカップ,,,101.0,100,,12.3,9,10.6,5.0,11.6,6,,,
202508030208,2025-10-05,京都,8,3歳以上2勝クラス,ダ,1400,右,曇,重,"3回 京都 2日目 サラ系３歳以上 ２勝クラス       (混)[指] 定量 16頭 本賞金:1140,460,290,170,114万円",16,1140.0,,1,14,タマモティーカップ,,,,-,,-,,,,-,-,,,
202508030209,2025-10-05,京都,9,大原S,芝,2000,右,曇,稍,"3回 京都 2日目 サラ系３歳以上 ３勝クラス       (混)(特指) 定量 9頭 本賞金:1840,740,460,280,184万円",9,1840.0,1,1,1,レディーヴァリュー,牝,4,56.0,団野,119.4,,2,2.9,34.2,2-2-2-1,栗東 小林,454,-10,
202508030209,2025-10-05,京都,9,大原S,芝,2000,右,曇,稍,"3回 京都 2日目 サラ系３歳以上 ３勝クラス       (混)(特指) 定量 9頭 本賞金:1840,740,460,280,184万円",9,1840.0,2,3,3,アイスグリーン,牡,5,58.0,吉村,119.6,1.1/4,4,9.7,34.2,3-3-3-3,栗東 池添,482,-2,
202508030209,2025-10-05,京都,9,大原S,芝,2000,右,曇,稍,"3回 京都 2日目 サラ系３歳以上 ３勝クラス       (混)(特指) 定量 9頭 本賞金:1840,740,460,280,184万円",9,1840.0,3,8,9,キャントウェイト,牡,4,58.0,和田竜,119.7,クビ,5,13.7,34.1,5-5-6-7,美浦 萱野,478,0,
202508030209,2025-10-05,京都,9,大原S,芝,2000,右,曇,稍,"3回 京都 2日目 サラ系３歳以上 ３勝クラス       (混)(特指) 定量 9頭 本賞金:1840,740,460,280,184万円",9,1840.0,4,2,2,タイキラフター,牡,5,58.0,横山武,119.7,ハナ,6,16.5,33.8,8-8-8-8,美浦 大竹,518,-14,
202508030209,2025-10-05,京都,9,大原S,芝,2000,右,曇,稍,"3回 京都 2日目 サラ系３歳以上 ３勝クラス       (混)(特指) 定量 9頭 本賞金:1840,740,460,280,184万円",9,1840.0,5,8,8,バッデレイト,牡,4,58.0,川田,119.9,1.1/2,1,2.2,34.4,5-5-6-6,栗東 上村,476,8,
202508030209,2025-10-05,京都,9,大原S,芝,2000,右,曇,稍,"3回 京都 2日目 サラ系３歳以上 ３勝クラス       (混)(特指) 定量 9頭 本賞金:1840,740,460,280,184万円",9,1840.0,6,7,7,マイネルニコラス,牡,6,58.0,斎藤,120.0,1/2,9,161.1,33.8,9-9-9-9,美浦 畠山,516,6,
202508030209,2025-10-05,京都,9,大原S,芝,2000,右,曇,稍,"3回 京都 2日目 サラ系３歳以上 ３勝クラス       (混)(特指) 定量 9頭 本賞金:1840,740,460,280,184万円",9,1840.0,7,6,6,キュクヌス,牝,4,56.0,松山,120.1,1,3,6.0,34.8,3-3-3-3,栗東 池江,458,10,
202508030209,2025-10-05,京都,9,大原S,芝,2000,右,曇,稍,"3回 京都 2日目 サラ系３歳以上 ３勝クラス       (混)(特指) 定量 9頭 本賞金:1840,740,460,280,184万円",9,1840.0,8,4,4,サトノクローク,牡,5,58.0,鮫島駿,120.1,ハナ,7,24.2,34.8,5-5-3-3,栗東 橋口,466,-12,
202508030209,2025-10-05,京都,9,大原S,芝,2000,右,曇,稍,"3回 京都 2日目 サラ系３歳以上 ３勝クラス       (混)(特指) 定量 9頭 本賞金:1840,740,460,280,184万円",9,1840.0,9,5,5,ベント,セ,4,58.0,松若,121.0,5,8,84.0,35.9,1-1-1-2,栗東 小崎,436,8,
202508030209,2025-10-05,京都,9,大原S,芝,2000,右,曇,稍,"3回 京都 2日目 サラ系３歳以上 ３勝クラス       (混)(特指) 定量 9頭 本賞金:1840,740,460,280,184万円",9,1840.0,,1,1,レディーヴァリュー,,,98.0,91,,12.9,2,11.4,1.0,12.5,1,,,
202508030209,2025-10-05,京都,9,大原S,芝,2000,右,曇,稍,"3回 京都 2日目 サラ系３歳以上 ３勝クラス       (混)(特指) 定量 9頭 本賞金:1840,740,460,280,184万円",9,1840.0,,1,1,レディーヴァリュー,,,,-,,-,,,,-,-,,,
202508030210,2025-10-05,京都,10,藤森S,ダ,1200,右,曇,重,"3回 京都 2日目 サラ系３歳以上 オープン       (国際)(特指) 別定 16頭 本賞金:2200,880,550,330,220万円",16,2200.0,1,6,12,タガノミスト,牝,4,55.0,松山,69.4,,4,10.6,34.7,2-2,栗東 渡辺,488,0,
202508030210,2025-10-05,京都,10,藤森S,ダ,1200,右,曇,重,"3回 京都 2日目 サラ系３歳以上 オープン       (国際)(特指) 別定 16頭 本賞金:2200,880,550,330,220万円",16,2200.0,2,5,9,アメリカンステージ,牡,3,56.0,坂井,69.5,クビ,1,1.9,34.9,1-1,栗東 矢作,,,
202508030210,2025-10-05,京都,10,藤森S,ダ,1200,右,曇,重,"3回 京都 2日目 サラ系３歳以上 オープン       (国際)(特指) 別定 16頭 本賞金:2200,880,550,330,220万円",16,2200.0,3,2,4,スターターン,牡,4,57.0,川田,69.9,2.1/2,2,7.0,34.9,5-5,栗東 坂口,500,10,
202508030210,2025-10-05,京都,10,藤森S,ダ,1200,右,曇,重,"3回 京都 2日目 サラ系３歳以上 オープン       (国際)(特指) 別定 16頭 本賞金:2200,880,550,330,220万円",16,2200.0,4,7,14,ジョーローリット,牝,4,55.0,内田博,70.1,1.1/4,9,23.0,35.3,3-3,栗東 中竹,504,8,
202508030210,2025-10-05,京都,10,藤森S,ダ,1200,右,曇,重,"3回 京都 2日目 サラ系３歳以上 オープン       (国際)(特指) 別定 16頭 本賞金:2200,880,550,330,220万円",16,2200.0,5,6,11,スマートフォルス,牡,5,57.0,横山武,70.3,1,10,44.0,34.5,14-14,栗東 吉村,484,2,
202508030210,2025-10-05,京都,10,藤森S,ダ,1200,右,曇,重,"3回 京都 2日目 サラ系３歳以上 オープン       (国際)(特指) 別定 16頭 本賞金:2200,880,550,330,220万円",16,2200.0,6,7,13,ニットウバジル,牡,5,57.0,吉田豊,70.3,アタマ,8,22.0,34.9,11-11,美浦 高橋文,510,-4,
202508030210,2025-10-05,京都,10,藤森S,ダ,1200,右,曇,重,"3回 京都 2日目 サラ系３歳以上 オープン       (国際)(特指) 別定 16頭 本賞金:2200,880,550,330,220万円",16,2200.0,7,4,8,メイショウミツヤス,牡,7,57.0,和田竜,70.4,1/2,15,262.8,35.2,9-8,栗東 飯田,518,6,
202508030210,2025-10-05,京都,10,藤森S,ダ,1200,右,曇,重,"3回 京都 2日目 サラ系３歳以上 オープン       (国際)(特指) 別定 16頭 本賞金:2200,880,550,330,220万円",16,2200.0,8,2,3,キタノズエッジ,牡,4,57.0,池添,70.7,1.1/2,6,16.1,35.2,13-13,栗東 畑端,546,4,
202508030210,2025-10-05,京都,10,藤森S,ダ,1200,右,曇,重,"3回 京都 2日目 サラ系３歳以上 オープン       (国際)(特指) 別定 16頭 本賞金:2200,880,550,330,220万円",16,2200.0,9,5,10,ロードラディウス,牡,5,57.0,松若,71.0,2,12,60.7,35.7,11-11,栗東 森田,480,-2,
202508030210,2025-10-05,京都,10,藤森S,ダ,1200,右,曇,重,"3回 京都 2日目 サラ系３歳以上 オープン       (国際)(特指) 別定 16頭 本賞金:2200,880,550,330,220万円",16,2200.0,10,8,15,メズメライザー,セ,6,57.0,高杉,71.2,1,11,59.5,36.1,7-6,栗東 千田,528,6,
202508030210,2025-10-05,京都,10,藤森S,ダ,1200,右,曇,重,"3回 京都 2日目 サラ系３歳以上 オープン       (国際)(特指) 別定 16頭 本賞金:2200,880,550,330,220万円",16,2200.0,11,8,16,スマートサニー,牡,5,57.0,浜中,71.3,3/4,5,11.9,36.2,7-6,栗東 石橋,480,2,
202508030210,2025-10-05,京都,10,藤森S,ダ,1200,右,曇,重,"3回 京都 2日目 サラ系３歳以上 オープン       (国際)(特指) 別定 16頭 本賞金:2200,880,550,330,220万円",16,2200.0,12,1,2,プロトポロス,牡,5,57.0,小沢,71.3,クビ,7,19.1,36.2,9-8,栗東 西村,486,0,
202508030210,2025-10-05,京都,10,藤森S,ダ,1200,右,曇,重,"3回 京都 2日目 サラ系３歳以上 オープン       (国際)(特指) 別定 16頭 本賞金:2200,880,550,330,220万円",16,2200.0,13,1,1,マニバドラ,牡,5,58.0,団野,71.5,1.1/4,3,8.2,36.7,3-3,栗東 森秀,534,14,
202508030210,2025-10-05,京都,10,藤森S,ダ,1200,右,曇,重,"3回 京都 2日目 サラ系３歳以上 オープン       (国際)(特指) 別定 16頭 本賞金:2200,880,550,330,220万円",16,2200.0,14,4,7,メタマックス,牡,5,58.0,吉村,71.6,1/2,14,119.6,35.8,16-15,栗東 森秀,534,0,
202508030210,2025-10-05,京都,10,藤森S,ダ,1200,右,曇,重,"3回 京都 2日目 サラ系３歳以上 オープン       (国際)(特指) 別定 16頭 本賞金:2200,880,550,330,220万円",16,2200.0,15,3,6,サクセスローレル,牡,6,57.0,亀田,72.0,2,16,283.8,36.9,5-8,栗東 北出,524,-8,
202508030210,2025-10-05,京都,10,藤森S,ダ,1200,右,曇,重,"3回 京都 2日目 サラ系３歳以上 オープン       (国際)(特指) 別定 16頭 本賞金:2200,880,550,330,220万円",16,2200.0,16,3,5,ソウテン,牡,6,57.0,鮫島駿,73.0,6,13,115.5,37.2,14-15,栗東 斉藤崇,538,12,
202508030210,2025-10-05,京都,10,藤森S,ダ,1200,右,曇,重,"3回 京都 2日目 サラ系３歳以上 オープン       (国際)(特指) 別定 16頭 本賞金:2200,880,550,330,220万円",16,2200.0,,1,12,タガノミスト,,,104.0,101,,12.1,5,11.0,3.0,11.6,2,,,
202508030210,2025-10-05,京都,10,藤森S,ダ,1200,右,曇,重,"3回 京都 2日目 サラ系３歳以上 オープン       (国際)(特指) 別定 16頭 本賞金:2200,880,550,330,220万円",16,2200.0,,1,12,タガノミスト,,,,-,,-,,,,-,-,,,
202508030211,2025-10-05,京都,11,京都大賞典,芝,2400,右,曇,稍,"3回 京都 2日目 サラ系３歳以上 オープン       (国際)(指) 別定 18頭 本賞金:6700,2700,1700,1000,670万円",18,6700.0,1,2,3,ディープモンスター,牡,7,57.0,浜中,143.9,,5,11.3,34.4,6-5-7-7,栗東 池江,466,0,
202508030211,2025-10-05,京都,11,京都大賞典,芝,2400,右,曇,稍,"3回 京都 2日目 サラ系３歳以上 オープン       (国際)(指) 別定 18頭 本賞金:6700,2700,1700,1000,670万円",18,6700.0,2,3,5,サンライズアース,牡,4,58.0,池添,144.0,1/2,2,5.3,35.0,1-1-1-1,栗東 石坂,534,4,
202508030211,2025-10-05,京都,11,京都大賞典,芝,2400,右,曇,稍,"3回 京都 2日目 サラ系３歳以上 オープン       (国際)(指) 別定 18頭 本賞金:6700,2700,1700,1000,670万円",18,6700.0,3,4,8,ヴェルミセル,牝,5,55.0,鮫島駿,144.1,クビ,15,90.8,34.3,12-12-11-11,栗東 吉村,468,4,
202508030211,2025-10-05,京都,11,京都大賞典,芝,2400,右,曇,稍,"3回 京都 2日目 サラ系３歳以上 オープン       (国際)(指) 別定 18頭 本賞金:6700,2700,1700,1000,670万円",18,6700.0,4,2,4,アドマイヤテラ,牡,4,58.0,川田,144.2,1/2,1,3.1,34.8,6-7-6-3,栗東 友道,496,2,
202508030211,2025-10-05,京都,11,京都大賞典,芝,2400,右,曇,稍,"3回 京都 2日目 サラ系３歳以上 オープン       (国際)(指) 別定 18頭 本賞金:6700,2700,1700,1000,670万円",18,6700.0,5,8,18,ショウナンラプンタ,牡,4,57.0,松山,144.2,クビ,3,5.3,34.5,16-17-13-9,栗東 高野,542,-2,
202508030211,2025-10-05,京都,11,京都大賞典,芝,2400,右,曇,稍,"3回 京都 2日目 サラ系３歳以上 オープン       (国際)(指) 別定 18頭 本賞金:6700,2700,1700,1000,670万円",18,6700.0,6,8,17,アルナシーム,牡,6,57.0,藤岡佑,144.3,1/2,12,80.6,34.8,3-3-7-7,栗東 橋口,446,-2,
202508030211,2025-10-05,京都,11,京都大賞典,芝,2400,右,曇,稍,"3回 京都 2日目 サラ系３歳以上 オープン       (国際)(指) 別定 18頭 本賞金:6700,2700,1700,1000,670万円",18,6700.0,7,6,11,ヴェルテンベルク,牡,5,57.0,松若,144.4,1/2,16,151.9,34.5,12-12-15-14,栗東 宮本,486,4,
202508030211,2025-10-05,京都,11,京都大賞典,芝,2400,右,曇,稍,"3回 京都 2日目 サラ系３歳以上 オープン       (国際)(指) 別定 18頭 本賞金:6700,2700,1700,1000,670万円",18,6700.0,8,4,7,ドゥレッツァ,牡,5,58.0,横山武,144.5,クビ,4,5.9,35.4,8-8-2-2,美浦 尾関,478,10,
202508030211,2025-10-05,京都,11,京都大賞典,芝,2400,右,曇,稍,"3回 京都 2日目 サラ系３歳以上 オープン       (国際)(指) 別定 18頭 本賞金:6700,2700,1700,1000,670万円",18,6700.0,9,1,1,サンライズソレイユ,牡,4,57.0,坂井,144.5,ハナ,10,37.8,35.2,4-3-3-3,栗東 矢作,522,0,
202508030211,2025-10-05,京都,11,京都大賞典,芝,2400,右,曇,稍,"3回 京都 2日目 サラ系３歳以上 オープン       (国際)(指) 別定 18頭 本賞金:6700,2700,1700,1000,670万円",18,6700.0,10,8,16,ボルドグフーシュ,牡,6,57.0,内田博,144.5,クビ,8,26.2,34.7,15-15-13-14,栗東 宮本,510,6,
202508030211,2025-10-05,京都,11,京都大賞典,芝,2400,右,曇,稍,"3回 京都 2日目 サラ系３歳以上 オープン       (国際)(指) 別定 18頭 本賞金:6700,2700,1700,1000,670万円",18,6700.0,11,1,2,カネフラ,牡,5,57.0,団野,144.7,1,18,282.8,34.7,16-15-15-14,栗東 高橋康,448,0,
202508030211,2025-10-05,京都,11,京都大賞典,芝,2400,右,曇,稍,"3回 京都 2日目 サラ系３歳以上 オープン       (国際)(指) 別定 18頭 本賞金:6700,2700,1700,1000,670万円",18,6700.0,12,7,15,ジューンテイク,牡,4,57.0,菱田,144.8,1,9,28.2,34.8,14-14-17-18,栗東 武英,490,-14,
202508030211,2025-10-05,京都,11,京都大賞典,芝,2400,右,曇,稍,"3回 京都 2日目 サラ系３歳以上 オープン       (国際)(指) 別定 18頭 本賞金:6700,2700,1700,1000,670万円",18,6700.0,13,5,10,ブレイヴロッカー,セ,5,57.0,太宰,144.8,クビ,13,84.5,35.2,10-9-9-9,栗東 本田,466,-6,
202508030211,2025-10-05,京都,11,京都大賞典,芝,2400,右,曇,稍,"3回 京都 2日目 サラ系３歳以上 オープン       (国際)(指) 別定 18頭 本賞金:6700,2700,1700,1000,670万円",18,6700.0,14,7,13,メイショウブレゲ,牡,6,57.0,酒井,144.9,クビ,11,47.4,34.9,18-17-18-14,栗東 本田,474,4,
202508030211,2025-10-05,京都,11,京都大賞典,芝,2400,右,曇,稍,"3回 京都 2日目 サラ系３歳以上 オープン       (国際)(指) 別定 18頭 本賞金:6700,2700,1700,1000,670万円",18,6700.0,15,3,6,プラダリア,牡,6,57.0,高杉,145.0,1,7,23.2,35.7,2-2-3-3,栗東 池添,468,-2,
202508030211,2025-10-05,京都,11,京都大賞典,芝,2400,右,曇,稍,"3回 京都 2日目 サラ系３歳以上 オープン       (国際)(指) 別定 18頭 本賞金:6700,2700,1700,1000,670万円",18,6700.0,16,7,14,サブマリーナ,牡,4,57.0,横山和,145.1,クビ,6,12.1,35.9,5-5-3-3,栗東 庄野,478,-2,
202508030211,2025-10-05,京都,11,京都大賞典,芝,2400,右,曇,稍,"3回 京都 2日目 サラ系３歳以上 オープン       (国際)(指) 別定 18頭 本賞金:6700,2700,1700,1000,670万円",18,6700.0,17,5,9,ミクソロジー,セ,6,57.0,斎藤,145.3,1.1/4,17,235.1,35.5,11-9-11-11,栗東 辻野,434,-10,
202508030211,2025-10-05,京都,11,京都大賞典,芝,2400,右,曇,稍,"3回 京都 2日目 サラ系３歳以上 オープン       (国際)(指) 別定 18頭 本賞金:6700,2700,1700,1000,670万円",18,6700.0,18,6,12,ワープスピード,牡,6,57.0,吉村,147.2,大,14,89.9,37.6,8-9-9-11,美浦 高木,498,-10,
202508030211,2025-10-05,京都,11,京都大賞典,芝,2400,右,曇,稍,"3回 京都 2日目 サラ系３歳以上 オープン       (国際)(指) 別定 18頭 本賞金:6700,2700,1700,1000,670万円",18,6700.0,,1,3,ディープモンスター,,,100.0,98,,13.1,4,10.9,3.0,11.8,2,,,
202508030211,2025-10-05,京都,11,京都大賞典,芝,2400,右,曇,稍,"3回 京都 2日目 サラ系３歳以上 オープン       (国際)(指) 別定 18頭 本賞金:6700,2700,1700,1000,670万円",18,6700.0,,1,3,ディープモンスター,,,0.443,7.41,,6.34,,7.78,0.442,7.46,0.449,,,
202508030212,2025-10-05,京都,12,3歳以上2勝クラス,芝,1200,右,曇,稍,"3回 京都 2日目 サラ系３歳以上 ２勝クラス       (混)[指] 定量 16頭 本賞金:1140,460,290,170,114万円",16,1140.0,1,1,2,ブラックケリー,牝,3,55.0,横山武,67.9,,3,6.3,33.8,7-7,栗東 長谷川,436,0,
202508030212,2025-10-05,京都,12,3歳以上2勝クラス,芝,1200,右,曇,稍,"3回 京都 2日目 サラ系３歳以上 ２勝クラス       (混)[指] 定量 16頭 本賞金:1140,460,290,170,114万円",16,1140.0,2,7,13,ジュンヴァンケット,セ,4,58.0,松山,68.0,クビ,1,4.0,34.7,1-1,栗東 友道,462,0,
202508030212,2025-10-05,京都,12,3歳以上2勝クラス,芝,1200,右,曇,稍,"3回 京都 2日目 サラ系３歳以上 ２勝クラス       (混)[指] 定量 16頭 本賞金:1140,460,290,170,114万円",16,1140.0,3,5,9,カンシン,牡,3,57.0,坂井,68.3,2,2,4.8,33.7,11-11,栗東 西園翔,462,-6,
202508030212,2025-10-05,京都,12,3歳以上2勝クラス,芝,1200,右,曇,稍,"3回 京都 2日目 サラ系３歳以上 ２勝クラス       (混)[指] 定量 16頭 本賞金:1140,460,290,170,114万円",16,1140.0,4,8,15,シュブロンレーヴル,牝,4,56.0,斎藤,68.4,クビ,14,60.7,33.4,15-13,栗東 杉山佳,422,10,
202508030212,2025-10-05,京都,12,3歳以上2勝クラス,芝,1200,右,曇,稍,"3回 京都 2日目 サラ系３歳以上 ２勝クラス       (混)[指] 定量 16頭 本賞金:1140,460,290,170,114万円",16,1140.0,5,5,10,カリーシ,牝,4,56.0,高杉,68.4,ハナ,12,52.4,34.2,8-7,美浦 武井,448,-6,
202508030212,2025-10-05,京都,12,3歳以上2勝クラス,芝,1200,右,曇,稍,"3回 京都 2日目 サラ系３歳以上 ２勝クラス       (混)[指] 定量 16頭 本賞金:1140,460,290,170,114万円",16,1140.0,6,6,11,ブルーサンセット,牝,3,54.0,☆吉村,68.5,クビ,7,17.0,34.6,5-5,栗東 奥村豊,452,8,
202508030212,2025-10-05,京都,12,3歳以上2勝クラス,芝,1200,右,曇,稍,"3回 京都 2日目 サラ系３歳以上 ２勝クラス       (混)[指] 定量 16頭 本賞金:1140,460,290,170,114万円",16,1140.0,7,3,6,ビービーエフォート,牝,3,54.0,☆西塚,68.5,アタマ,8,20.1,33.4,15-16,美浦 高柳瑞,404,-8,
202508030212,2025-10-05,京都,12,3歳以上2勝クラス,芝,1200,右,曇,稍,"3回 京都 2日目 サラ系３歳以上 ２勝クラス       (混)[指] 定量 16頭 本賞金:1140,460,290,170,114万円",16,1140.0,8,1,1,エルサトアナ,牝,3,54.0,☆松本,68.5,ハナ,6,9.2,34.9,3-3,栗東 本田,426,-8,
202508030212,2025-10-05,京都,12,3歳以上2勝クラス,芝,1200,右,曇,稍,"3回 京都 2日目 サラ系３歳以上 ２勝クラス       (混)[指] 定量 16頭 本賞金:1140,460,290,170,114万円",16,1140.0,9,6,12,マゴイチタ,セ,3,57.0,高倉,68.6,3/4,13,57.7,34.2,9-9,栗東 武英,452,4,
202508030212,2025-10-05,京都,12,3歳以上2勝クラス,芝,1200,右,曇,稍,"3回 京都 2日目 サラ系３歳以上 ２勝クラス       (混)[指] 定量 16頭 本賞金:1140,460,290,170,114万円",16,1140.0,10,3,5,ソングオブライフ,牡,4,58.0,鮫島駿,68.7,クビ,4,8.0,35.0,4-3,栗東 森田,500,6,
202508030212,2025-10-05,京都,12,3歳以上2勝クラス,芝,1200,右,曇,稍,"3回 京都 2日目 サラ系３歳以上 ２勝クラス       (混)[指] 定量 16頭 本賞金:1140,460,290,170,114万円",16,1140.0,11,2,3,アンビバレント,牡,5,58.0,田口,68.8,3/4,11,40.1,33.9,13-15,栗東 藤野,476,-6,
202508030212,2025-10-05,京都,12,3歳以上2勝クラス,芝,1200,右,曇,稍,"3回 京都 2日目 サラ系３歳以上 ２勝クラス       (混)[指] 定量 16頭 本賞金:1140,460,290,170,114万円",16,1140.0,12,4,8,トウカイエルデ,牡,4,58.0,団野,68.8,クビ,5,8.2,34.2,11-11,栗東 茶木,450,-10,
202508030212,2025-10-05,京都,12,3歳以上2勝クラス,芝,1200,右,曇,稍,"3回 京都 2日目 サラ系３歳以上 ２勝クラス       (混)[指] 定量 16頭 本賞金:1140,460,290,170,114万円",16,1140.0,13,8,16,マイネルビジョン,牡,5,58.0,和田竜,69.6,5,16,180.1,34.8,13-13,美浦 伊藤大,462,0,
202508030212,2025-10-05,京都,12,3歳以上2勝クラス,芝,1200,右,曇,稍,"3回 京都 2日目 サラ系３歳以上 ２勝クラス       (混)[指] 定量 16頭 本賞金:1140,460,290,170,114万円",16,1140.0,14,4,7,アスクキングコング,セ,7,58.0,松若,70.5,5,15,131.5,36.1,9-9,栗東 梅田,476,0,
202508030212,2025-10-05,京都,12,3歳以上2勝クラス,芝,1200,右,曇,稍,"3回 京都 2日目 サラ系３歳以上 ２勝クラス       (混)[指] 定量 16頭 本賞金:1140,460,290,170,114万円",16,1140.0,15,7,14,ファイツオン,牡,4,58.0,浜中,71.4,5,9,20.5,38.0,2-2,栗東 藤岡,510,-2,
202508030212,2025-10-05,京都,12,3歳以上2勝クラス,芝,1200,右,曇,稍,"3回 京都 2日目 サラ系３歳以上 ２勝クラス       (混)[指] 定量 16頭 本賞金:1140,460,290,170,114万円",16,1140.0,,2,4,セレッソデアモール,牝,5,56.0,川須,,,10,27.1,,5-5,栗東 庄野,480,2,中止
202508030212,2025-10-05,京都,12,3歳以上2勝クラス,芝,1200,右,曇,稍,"3回 京都 2日目 サラ系３歳以上 ２勝クラス       (混)[指] 定量 16頭 本賞金:1140,460,290,170,114万円",16,1140.0,,1,2,ブラックケリー,,,98.0,99,,12.5,3,10.7,1.0,10.9,2,,,
202508030212,2025-10-05,京都,12,3歳以上2勝クラス,芝,1200,右,曇,稍,"3回 京都 2日目 サラ系３歳以上 ２勝クラス       (混)[指] 定量 16頭 本賞金:1140,460,290,170,114万円",16,1140.0,,1,2,ブラックケリー,,,,-,,-,,,,-,-,,,
202505040301,2025-10-11,東京,1,2歳未勝利,芝,1600,左,雨,良,"4回 東京 3日目 サラ系２歳 未勝利       牝[指] 馬齢 10頭 本賞金:560,220,140,84,56万円",10,560.0,1,4,4,ルージュブリッツ,牝,2,55.0,横山和,95.9,,4,9.6,33.7,9-8,美浦 古賀,436,2,
202505040301,2025-10-11,東京,1,2歳未勝利,芝,1600,左,雨,良,"4回 東京 3日目 サラ系２歳 未勝利       牝[指] 馬齢 10頭 本賞金:560,220,140,84,56万円",10,560.0,2,3,3,モルニケ,牝,2,55.0,戸崎圭,96.0,1,2,3.3,34.3,3-3,美浦 金成,458,2,
202505040301,2025-10-11,東京,1,2歳未勝利,芝,1600,左,雨,良,"4回 東京 3日目 サラ系２歳 未勝利       牝[指] 馬齢 10頭 本賞金:560,220,140,84,56万円",10,560.0,3,8,10,ニシノマーレ,牝,2,55.0,津村,96.0,ハナ,3,6.4,34.5,2-2,美浦 伊藤大,404,0,
202505040301,2025-10-11,東京,1,2歳未勝利,芝,1600,左,雨,良,"4回 東京 3日目 サラ系２歳 未勝利       牝[指] 馬齢 10頭 本賞金:560,220,140,84,56万円",10,560.0,4,8,9,セルリア,牝,2,55.0,横山琉,96.3,1.3/4,7,34.4,34.9,1-1,美浦 大和田,448,4,
202505040301,2025-10-11,東京,1,2歳未勝利,芝,1600,左,雨,良,"4回 東京 3日目 サラ系２歳 未勝利       牝[指] 馬齢 10頭 本賞金:560,220,140,84,56万円",10,560.0,5,1,1,ジャストマイウェイ,牝,2,55.0,ルメー,96.6,1.1/2,1,1.8,34.7,7-5,美浦 国枝,520,2,
202505040301,2025-10-11,東京,1,2歳未勝利,芝,1600,左,雨,良,"4回 東京 3日目 サラ系２歳 未勝利       牝[指] 馬齢 10頭 本賞金:560,220,140,84,56万円",10,560.0,6,7,7,ダイユウヴェンティ,牝,2,55.0,内田博,96.6,アタマ,5,17.2,34.4,7-8,美浦 松永康,438,2,
202505040301,2025-10-11,東京,1,2歳未勝利,芝,1600,左,雨,良,"4回 東京 3日目 サラ系２歳 未勝利       牝[指] 馬齢 10頭 本賞金:560,220,140,84,56万円",10,560.0,7,7,8,ブルーエ,牝,2,55.0,原,96.7,3/4,6,26.2,34.8,6-5,美浦 田村,456,0,
202505040301,2025-10-11,東京,1,2歳未勝利,芝,1600,左,雨,良,"4回 東京 3日目 サラ系２歳 未勝利       牝[指] 馬齢 10頭 本賞金:560,220,140,84,56万円",10,560.0,8,6,6,ルサフィール,牝,2,55.0,菊沢,97.0,1.3/4,8,170.0,34.9,9-8,美浦 矢野,476,0,
202505040301,2025-10-11,東京,1,2歳未勝利,芝,1600,左,雨,良,"4回 東京 3日目 サラ系２歳 未勝利       牝[指] 馬齢 10頭 本賞金:560,220,140,84,56万円",10,560.0,9,2,2,レースクイーン,牝,2,55.0,江田照,97.5,3,10,205.8,35.8,3-3,美浦 蛯名利,428,4,
202505040301,2025-10-11,東京,1,2歳未勝利,芝,1600,左,雨,良,"4回 東京 3日目 サラ系２歳 未勝利       牝[指] 馬齢 10頭 本賞金:560,220,140,84,56万円",10,560.0,10,5,5,クイーンオブハート,牝,2,53.0,△長浜,97.8,1.3/4,9,203.6,35.9,3-5,美浦 根本,376,-2,
202505040301,2025-10-11,東京,1,2歳未勝利,芝,1600,左,雨,良,"4回 東京 3日目 サラ系２歳 未勝利       牝[指] 馬齢 10頭 本賞金:560,220,140,84,56万円",10,560.0,,1,4,ルージュブリッツ,,,91.0,77,,13.0,4,11.6,5.0,11.9,3,,,
202505040301,2025-10-11,東京,1,2歳未勝利,芝,1600,左,雨,良,"4回 東京 3日目 サラ系２歳 未勝利       牝[指] 馬齢 10頭 本賞金:560,220,140,84,56万円",10,560.0,,1,4,ルージュブリッツ,,,,-,,-,,,,-,-,,,
202505040302,2025-10-11,東京,2,2歳未勝利,ダ,1300,左,雨,良,"4回 東京 3日目 サラ系２歳 未勝利       [指] 馬齢 16頭 本賞金:560,220,140,84,56万円",16,560.0,1,8,16,マジッククッキー,牡,2,53.0,▲上里,80.1,,5,11.9,36.7,8-7,美浦 加藤士,486,4,
202505040302,2025-10-11,東京,2,2歳未勝利,ダ,1300,左,雨,良,"4回 東京 3日目 サラ系２歳 未勝利       [指] 馬齢 16頭 本賞金:560,220,140,84,56万円",16,560.0,2,6,11,ビップムーラン,牝,2,55.0,戸崎圭,80.9,5,1,1.9,38.5,1-1,美浦 田島,460,-6,
202505040302,2025-10-11,東京,2,2歳未勝利,ダ,1300,左,雨,良,"4回 東京 3日目 サラ系２歳 未勝利       [指] 馬齢 16頭 本賞金:560,220,140,84,56万円",16,560.0,3,4,8,ツァレヴナ,牝,2,55.0,佐々木,81.5,3.1/2,4,8.7,38.8,3-3,栗東 野中,450,-12,
202505040302,2025-10-11,東京,2,2歳未勝利,ダ,1300,左,雨,良,"4回 東京 3日目 サラ系２歳 未勝利       [指] 馬齢 16頭 本賞金:560,220,140,84,56万円",16,560.0,4,1,2,ラブデウザ,牝,2,52.0,▲水沼,81.5,クビ,12,156.5,38.6,7-5,美浦 加藤和,396,6,
202505040302,2025-10-11,東京,2,2歳未勝利,ダ,1300,左,雨,良,"4回 東京 3日目 サラ系２歳 未勝利       [指] 馬齢 16頭 本賞金:560,220,140,84,56万円",16,560.0,5,5,10,イーアンベ,牡,2,56.0,吉田隼,81.5,アタマ,3,7.2,37.7,12-11,美浦 和田雄,464,-2,
202505040302,2025-10-11,東京,2,2歳未勝利,ダ,1300,左,雨,良,"4回 東京 3日目 サラ系２歳 未勝利       [指] 馬齢 16頭 本賞金:560,220,140,84,56万円",16,560.0,6,5,9,サトミノアカリ,牝,2,52.0,▲小林美,81.7,1,2,5.3,38.9,4-3,美浦 鈴木伸,474,0,
202505040302,2025-10-11,東京,2,2歳未勝利,ダ,1300,左,雨,良,"4回 東京 3日目 サラ系２歳 未勝利       [指] 馬齢 16頭 本賞金:560,220,140,84,56万円",16,560.0,7,2,4,ルーナディサングエ,牡,2,56.0,菅原隆,81.8,1/2,11,71.6,38.0,8-11,美浦 天間,452,-2,
202505040302,2025-10-11,東京,2,2歳未勝利,ダ,1300,左,雨,良,"4回 東京 3日目 サラ系２歳 未勝利       [指] 馬齢 16頭 本賞金:560,220,140,84,56万円",16,560.0,8,7,13,トモエナゲ,牡,2,56.0,小林脩,82.1,1.3/4,14,271.9,37.8,14-14,美浦 青木,464,0,
202505040302,2025-10-11,東京,2,2歳未勝利,ダ,1300,左,雨,良,"4回 東京 3日目 サラ系２歳 未勝利       [指] 馬齢 16頭 本賞金:560,220,140,84,56万円",16,560.0,9,8,15,シーキングザバース,牝,2,52.0,▲遠藤,82.1,クビ,9,47.1,39.7,2-2,美浦 村田,448,16,
202505040302,2025-10-11,東京,2,2歳未勝利,ダ,1300,左,雨,良,"4回 東京 3日目 サラ系２歳 未勝利       [指] 馬齢 16頭 本賞金:560,220,140,84,56万円",16,560.0,10,3,5,コパノカーター,牡,2,56.0,杉原,82.5,2,10,52.4,39.0,8-7,美浦 大和田,486,6,
202505040302,2025-10-11,東京,2,2歳未勝利,ダ,1300,左,雨,良,"4回 東京 3日目 サラ系２歳 未勝利       [指] 馬齢 16頭 本賞金:560,220,140,84,56万円",16,560.0,11,1,1,クールフィールド,牝,2,55.0,石橋脩,82.5,クビ,8,34.9,38.4,16-13,美浦 矢野,440,0,
202505040302,2025-10-11,東京,2,2歳未勝利,ダ,1300,左,雨,良,"4回 東京 3日目 サラ系２歳 未勝利       [指] 馬齢 16頭 本賞金:560,220,140,84,56万円",16,560.0,12,4,7,マリンディーゼル,牡,2,56.0,岩部,82.6,クビ,7,18.0,39.4,4-6,美浦 南田,514,-4,
202505040302,2025-10-11,東京,2,2歳未勝利,ダ,1300,左,雨,良,"4回 東京 3日目 サラ系２歳 未勝利       [指] 馬齢 16頭 本賞金:560,220,140,84,56万円",16,560.0,13,7,14,アイファーローレル,牝,2,52.0,▲石田,83.0,2.1/2,15,339.9,38.3,14-16,美浦 根本,426,14,
202505040302,2025-10-11,東京,2,2歳未勝利,ダ,1300,左,雨,良,"4回 東京 3日目 サラ系２歳 未勝利       [指] 馬齢 16頭 本賞金:560,220,140,84,56万円",16,560.0,14,6,12,カンタベリービーム,牡,2,56.0,小林凌,83.3,2,16,382.7,39.1,13-14,美浦 石栗,436,4,
202505040302,2025-10-11,東京,2,2歳未勝利,ダ,1300,左,雨,良,"4回 東京 3日目 サラ系２歳 未勝利       [指] 馬齢 16頭 本賞金:560,220,140,84,56万円",16,560.0,15,2,3,フロリスタン,牝,2,55.0,原田和,83.7,2,13,244.5,40.1,8-9,美浦 松山,480,4,
202505040302,2025-10-11,東京,2,2歳未勝利,ダ,1300,左,雨,良,"4回 東京 3日目 サラ系２歳 未勝利       [指] 馬齢 16頭 本賞金:560,220,140,84,56万円",16,560.0,16,3,6,ファストワーカー,牝,2,55.0,丹内,84.3,3.1/2,6,14.5,40.7,4-9,美浦 伊藤大,498,2,
202505040302,2025-10-11,東京,2,2歳未勝利,ダ,1300,左,雨,良,"4回 東京 3日目 サラ系２歳 未勝利       [指] 馬齢 16頭 本賞金:560,220,140,84,56万円",16,560.0,,1,16,マジッククッキー,,,85.0,77,,7.5,15,11.8,8.0,11.9,4,,,
202505040302,2025-10-11,東京,2,2歳未勝利,ダ,1300,左,雨,良,"4回 東京 3日目 サラ系２歳 未勝利       [指] 馬齢 16頭 本賞金:560,220,140,84,56万円",16,560.0,,1,16,マジッククッキー,,,,-,,-,,,,-,-,,,
202505040303,2025-10-11,東京,3,2歳未勝利,芝,1800,左,雨,良,"4回 東京 3日目 サラ系２歳 未勝利       [指] 馬齢 10頭 本賞金:560,220,140,84,56万円",10,560.0,1,1,1,ラストスマイル,牡,2,56.0,杉原,108.6,,2,3.9,33.4,1-1-1,美浦 本間,506,6,
202505040303,2025-10-11,東京,3,2歳未勝利,芝,1800,左,雨,良,"4回 東京 3日目 サラ系２歳 未勝利       [指] 馬齢 10頭 本賞金:560,220,140,84,56万円",10,560.0,2,2,2,リスレジャンデール,牝,2,55.0,ルメー,108.7,1/2,1,1.4,33.3,3-3-2,美浦 栗田,458,8,
202505040303,2025-10-11,東京,3,2歳未勝利,芝,1800,左,雨,良,"4回 東京 3日目 サラ系２歳 未勝利       [指] 馬齢 10頭 本賞金:560,220,140,84,56万円",10,560.0,3,7,7,ベアサナエチャン,牝,2,55.0,松岡,109.5,5,3,8.4,33.7,6-6-6,美浦 杉浦,440,8,
202505040303,2025-10-11,東京,3,2歳未勝利,芝,1800,左,雨,良,"4回 東京 3日目 サラ系２歳 未勝利       [指] 馬齢 10頭 本賞金:560,220,140,84,56万円",10,560.0,4,3,3,ファインブライト,牡,2,56.0,大野,110.0,3,6,43.5,34.3,3-5-5,美浦 佐藤吉,472,12,
202505040303,2025-10-11,東京,3,2歳未勝利,芝,1800,左,雨,良,"4回 東京 3日目 サラ系２歳 未勝利       [指] 馬齢 10頭 本賞金:560,220,140,84,56万円",10,560.0,5,4,4,ゴールドパレード,牡,2,56.0,横山琉,110.2,1.1/2,8,99.3,34.8,2-2-2,美浦 天間,468,4,
202505040303,2025-10-11,東京,3,2歳未勝利,芝,1800,左,雨,良,"4回 東京 3日目 サラ系２歳 未勝利       [指] 馬齢 10頭 本賞金:560,220,140,84,56万円",10,560.0,6,7,8,タイセイカラーズ,牡,2,56.0,石川,110.3,1/2,4,10.8,34.3,8-8-7,美浦 奥村武,484,0,
202505040303,2025-10-11,東京,3,2歳未勝利,芝,1800,左,雨,良,"4回 東京 3日目 サラ系２歳 未勝利       [指] 馬齢 10頭 本賞金:560,220,140,84,56万円",10,560.0,7,5,5,ケンブリッジサクラ,牝,2,55.0,丸田,110.3,クビ,9,174.4,34.8,3-3-4,美浦 石栗,442,-2,
202505040303,2025-10-11,東京,3,2歳未勝利,芝,1800,左,雨,良,"4回 東京 3日目 サラ系２歳 未勝利       [指] 馬齢 10頭 本賞金:560,220,140,84,56万円",10,560.0,8,8,9,エミフルソウタ,牡,2,56.0,野中,110.8,2.1/2,5,18.6,34.5,8-9-9,美浦 根本,490,12,
202505040303,2025-10-11,東京,3,2歳未勝利,芝,1800,左,雨,良,"4回 東京 3日目 サラ系２歳 未勝利       [指] 馬齢 10頭 本賞金:560,220,140,84,56万円",10,560.0,9,6,6,ナデシコ,牝,2,52.0,▲遠藤,111.1,2,10,197.7,35.2,7-7-7,美浦 村田,414,-4,
202505040303,2025-10-11,東京,3,2歳未勝利,芝,1800,左,雨,良,"4回 東京 3日目 サラ系２歳 未勝利       [指] 馬齢 10頭 本賞金:560,220,140,84,56万円",10,560.0,10,8,10,ビップルーク,牡,2,53.0,▲小林美,111.9,5,7,96.9,34.8,10-10-10,美浦 嘉藤,476,-6,
202505040303,2025-10-11,東京,3,2歳未勝利,芝,1800,左,雨,良,"4回 東京 3日目 サラ系２歳 未勝利       [指] 馬齢 10頭 本賞金:560,220,140,84,56万円",10,560.0,,1,1,ラストスマイル,,,90.0,73,,13.2,1,12.0,3.0,12.3,2,,,
202505040303,2025-10-11,東京,3,2歳未勝利,芝,1800,左,雨,良,"4回 東京 3日目 サラ系２歳 未勝利       [指] 馬齢 10頭 本賞金:560,220,140,84,56万円",10,560.0,,1,1,ラストスマイル,,,,-,,-,,,,-,-,,,
202505040304,2025-10-11,東京,4,2歳新馬,ダ,1400,左,雨,稍,"4回 東京 3日目 サラ系２歳 新馬       [指] 馬齢 16頭 本賞金:750,300,190,110,75万円",16,750.0,1,5,9,ウィッキドピケット,牡,2,56.0,津村,85.4,,2,3.2,37.0,1-1,美浦 林,498,0,
202505040304,2025-10-11,東京,4,2歳新馬,ダ,1400,左,雨,稍,"4回 東京 3日目 サラ系２歳 新馬       [指] 馬齢 16頭 本賞金:750,300,190,110,75万円",16,750.0,2,5,10,カーリキュー,牝,2,55.0,坂井,86.4,6,1,2.7,37.8,2-2,栗東 高橋一,444,0,
202505040304,2025-10-11,東京,4,2歳新馬,ダ,1400,左,雨,稍,"4回 東京 3日目 サラ系２歳 新馬       [指] 馬齢 16頭 本賞金:750,300,190,110,75万円",16,750.0,3,1,1,ルクソンライト,牡,2,56.0,横山武,87.7,8,3,7.9,39.0,2-2,美浦 伊藤圭,480,0,
202505040304,2025-10-11,東京,4,2歳新馬,ダ,1400,左,雨,稍,"4回 東京 3日目 サラ系２歳 新馬       [指] 馬齢 16頭 本賞金:750,300,190,110,75万円",16,750.0,4,4,8,ファイアリービート,牡,2,56.0,大野,88.1,2.1/2,8,27.9,36.5,14-15,美浦 鈴木慎,448,0,
202505040304,2025-10-11,東京,4,2歳新馬,ダ,1400,左,雨,稍,"4回 東京 3日目 サラ系２歳 新馬       [指] 馬齢 16頭 本賞金:750,300,190,110,75万円",16,750.0,5,8,15,マイネルオランチア,牡,2,53.0,▲石神道,88.2,クビ,9,35.0,37.7,11-10,美浦 小手川,478,0,
202505040304,2025-10-11,東京,4,2歳新馬,ダ,1400,左,雨,稍,"4回 東京 3日目 サラ系２歳 新馬       [指] 馬齢 16頭 本賞金:750,300,190,110,75万円",16,750.0,6,8,16,アイアンナックル,牡,2,53.0,▲小林美,88.5,2,7,27.5,37.1,15-13,美浦 尾形,454,0,
202505040304,2025-10-11,東京,4,2歳新馬,ダ,1400,左,雨,稍,"4回 東京 3日目 サラ系２歳 新馬       [指] 馬齢 16頭 本賞金:750,300,190,110,75万円",16,750.0,7,1,2,ポッドシャンク,牡,2,56.0,荻野極,88.7,1,13,93.9,38.9,8-7,美浦 武市,452,0,
202505040304,2025-10-11,東京,4,2歳新馬,ダ,1400,左,雨,稍,"4回 東京 3日目 サラ系２歳 新馬       [指] 馬齢 16頭 本賞金:750,300,190,110,75万円",16,750.0,8,4,7,ワルキューレキング,牡,2,56.0,菊沢,88.8,1/2,4,8.3,39.3,6-4,美浦 伊藤大,490,0,
202505040304,2025-10-11,東京,4,2歳新馬,ダ,1400,左,雨,稍,"4回 東京 3日目 サラ系２歳 新馬       [指] 馬齢 16頭 本賞金:750,300,190,110,75万円",16,750.0,9,2,3,ニシノオトムスメ,牝,2,52.0,▲水沼,89.1,1.3/4,14,125.9,37.7,12-13,美浦 西田,456,0,
202505040304,2025-10-11,東京,4,2歳新馬,ダ,1400,左,雨,稍,"4回 東京 3日目 サラ系２歳 新馬       [指] 馬齢 16頭 本賞金:750,300,190,110,75万円",16,750.0,10,3,6,カフェオリーブ,牝,2,55.0,内田博,89.7,3.1/2,6,18.5,39.5,9-9,美浦 古賀,432,0,
202505040304,2025-10-11,東京,4,2歳新馬,ダ,1400,左,雨,稍,"4回 東京 3日目 サラ系２歳 新馬       [指] 馬齢 16頭 本賞金:750,300,190,110,75万円",16,750.0,11,3,5,ジーティーニッツァ,牡,2,53.0,▲遠藤,89.7,クビ,12,74.6,40.3,4-4,美浦 伊藤伸,454,0,
202505040304,2025-10-11,東京,4,2歳新馬,ダ,1400,左,雨,稍,"4回 東京 3日目 サラ系２歳 新馬       [指] 馬齢 16頭 本賞金:750,300,190,110,75万円",16,750.0,12,2,4,フライデイゼーン,牡,2,56.0,丹内,89.9,3/4,5,10.6,38.2,16-16,美浦 岩戸,454,0,
202505040304,2025-10-11,東京,4,2歳新馬,ダ,1400,左,雨,稍,"4回 東京 3日目 サラ系２歳 新馬       [指] 馬齢 16頭 本賞金:750,300,190,110,75万円",16,750.0,13,7,14,アレキサンダーサン,牡,2,53.0,▲上里,90.1,1.1/4,15,143.5,39.4,10-11,美浦 伊坂,458,0,
202505040304,2025-10-11,東京,4,2歳新馬,ダ,1400,左,雨,稍,"4回 東京 3日目 サラ系２歳 新馬       [指] 馬齢 16頭 本賞金:750,300,190,110,75万円",16,750.0,14,7,13,アイアムアヒーロー,牡,2,56.0,木幡巧,90.1,クビ,11,52.9,40.4,6-7,美浦 奥平,454,0,
202505040304,2025-10-11,東京,4,2歳新馬,ダ,1400,左,雨,稍,"4回 東京 3日目 サラ系２歳 新馬       [指] 馬齢 16頭 本賞金:750,300,190,110,75万円",16,750.0,15,6,12,ストロボエッジ,牡,2,56.0,岩部,90.2,1/2,16,210.6,39.0,12-12,美浦 萱野,444,0,
202505040304,2025-10-11,東京,4,2歳新馬,ダ,1400,左,雨,稍,"4回 東京 3日目 サラ系２歳 新馬       [指] 馬齢 16頭 本賞金:750,300,190,110,75万円",16,750.0,16,6,11,ネオアカジョウ,牡,2,56.0,横山和,91.2,6,10,42.4,41.8,4-4,美浦 小西,490,0,
202505040304,2025-10-11,東京,4,2歳新馬,ダ,1400,左,雨,稍,"4回 東京 3日目 サラ系２歳 新馬       [指] 馬齢 16頭 本賞金:750,300,190,110,75万円",16,750.0,,1,9,ウィッキドピケット,,,98.0,94,,12.6,4,11.5,2.0,12.0,1,,,
202505040304,2025-10-11,東京,4,2歳新馬,ダ,1400,左,雨,稍,"4回 東京 3日目 サラ系２歳 新馬       [指] 馬齢 16頭 本賞金:750,300,190,110,75万円",16,750.0,,1,9,ウィッキドピケット,,,,-,,-,,,,-,-,,,
202505040305,2025-10-11,東京,5,2歳新馬,芝,1600,左,雨,良,"4回 東京 3日目 サラ系２歳 新馬       [指] 馬齢 14頭 本賞金:750,300,190,110,75万円",14,750.0,1,7,12,シュペルリング,牡,2,56.0,津村,96.5,,3,5.3,33.7,5-3,美浦 嘉藤,434,0,
202505040305,2025-10-11,東京,5,2歳新馬,芝,1600,左,雨,良,"4回 東京 3日目 サラ系２歳 新馬       [指] 馬齢 14頭 本賞金:750,300,190,110,75万円",14,750.0,2,5,8,テーオーカイザー,牡,2,56.0,横山武,96.5,クビ,2,4.5,33.4,8-9,栗東 高柳大,492,0,
202505040305,2025-10-11,東京,5,2歳新馬,芝,1600,左,雨,良,"4回 東京 3日目 サラ系２歳 新馬       [指] 馬齢 14頭 本賞金:750,300,190,110,75万円",14,750.0,3,2,2,エコロラヴァー,牝,2,55.0,坂井,96.6,1/2,6,12.4,33.8,3-3,栗東 牧浦,460,0,
202505040305,2025-10-11,東京,5,2歳新馬,芝,1600,左,雨,良,"4回 東京 3日目 サラ系２歳 新馬       [指] 馬齢 14頭 本賞金:750,300,190,110,75万円",14,750.0,4,5,7,ボニープリンス,牡,2,56.0,ルメー,96.7,3/4,1,2.2,33.7,8-8,美浦 大竹,454,0,
202505040305,2025-10-11,東京,5,2歳新馬,芝,1600,左,雨,良,"4回 東京 3日目 サラ系２歳 新馬       [指] 馬齢 14頭 本賞金:750,300,190,110,75万円",14,750.0,5,8,13,ヨドノサファイア,牝,2,55.0,横山和,96.8,クビ,10,52.8,33.5,11-11,美浦 稲垣,430,0,
202505040305,2025-10-11,東京,5,2歳新馬,芝,1600,左,雨,良,"4回 東京 3日目 サラ系２歳 新馬       [指] 馬齢 14頭 本賞金:750,300,190,110,75万円",14,750.0,6,3,3,レアリゼソンレーヴ,牡,2,56.0,三浦,96.8,ハナ,7,23.4,34.2,2-2,美浦 萩原,472,0,
202505040305,2025-10-11,東京,5,2歳新馬,芝,1600,左,雨,良,"4回 東京 3日目 サラ系２歳 新馬       [指] 馬齢 14頭 本賞金:750,300,190,110,75万円",14,750.0,7,4,5,ブラーヴジャン,牡,2,56.0,佐々木,96.9,1,9,49.1,34.0,5-6,美浦 和田勇,414,0,
202505040305,2025-10-11,東京,5,2歳新馬,芝,1600,左,雨,良,"4回 東京 3日目 サラ系２歳 新馬       [指] 馬齢 14頭 本賞金:750,300,190,110,75万円",14,750.0,8,6,10,ミッキースワン,牝,2,55.0,菊沢,97.2,1.1/2,8,47.6,34.1,8-9,美浦 菊沢,446,0,
202505040305,2025-10-11,東京,5,2歳新馬,芝,1600,左,雨,良,"4回 東京 3日目 サラ系２歳 新馬       [指] 馬齢 14頭 本賞金:750,300,190,110,75万円",14,750.0,9,4,6,サントマーレ,牡,2,56.0,戸崎圭,97.2,クビ,4,9.8,34.5,3-3,美浦 尾関,510,0,
202505040305,2025-10-11,東京,5,2歳新馬,芝,1600,左,雨,良,"4回 東京 3日目 サラ系２歳 新馬       [指] 馬齢 14頭 本賞金:750,300,190,110,75万円",14,750.0,10,7,11,フォワードマーチ,牝,2,53.0,△長浜,97.2,アタマ,13,169.7,33.7,11-13,美浦 矢嶋,442,0,
202505040305,2025-10-11,東京,5,2歳新馬,芝,1600,左,雨,良,"4回 東京 3日目 サラ系２歳 新馬       [指] 馬齢 14頭 本賞金:750,300,190,110,75万円",14,750.0,11,1,1,ベネファクター,牡,2,56.0,丹内,97.2,ハナ,5,11.2,34.7,1-1,美浦 斎藤誠,458,0,
202505040305,2025-10-11,東京,5,2歳新馬,芝,1600,左,雨,良,"4回 東京 3日目 サラ系２歳 新馬       [指] 馬齢 14頭 本賞金:750,300,190,110,75万円",14,750.0,12,3,4,ジャンプストリート,牡,2,53.0,▲遠藤,97.5,1.3/4,14,322.5,34.1,11-11,美浦 伊藤伸,430,0,
202505040305,2025-10-11,東京,5,2歳新馬,芝,1600,左,雨,良,"4回 東京 3日目 サラ系２歳 新馬       [指] 馬齢 14頭 本賞金:750,300,190,110,75万円",14,750.0,13,6,9,ストライプブルー,牡,2,56.0,木幡巧,97.7,1,12,154.6,34.8,5-6,美浦 中川,440,0,
202505040305,2025-10-11,東京,5,2歳新馬,芝,1600,左,雨,良,"4回 東京 3日目 サラ系２歳 新馬       [指] 馬齢 14頭 本賞金:750,300,190,110,75万円",14,750.0,14,8,14,バディーズライズ,牡,2,53.0,▲小林美,97.9,1.1/4,11,75.4,34.3,14-14,美浦 小手川,458,0,
202505040305,2025-10-11,東京,5,2歳新馬,芝,1600,左,雨,良,"4回 東京 3日目 サラ系２歳 新馬       [指] 馬齢 14頭 本賞金:750,300,190,110,75万円",14,750.0,,1,12,シュペルリング,,,91.0,69,,12.9,8,11.7,5.0,12.7,4,,,
202505040305,2025-10-11,東京,5,2歳新馬,芝,1600,左,雨,良,"4回 東京 3日目 サラ系２歳 新馬       [指] 馬齢 14頭 本賞金:750,300,190,110,75万円",14,750.0,,1,12,シュペルリング,,,,-,,-,,,,-,-,,,
202505040306,2025-10-11,東京,6,2歳新馬,ダ,1600,左,雨,稍,"4回 東京 3日目 サラ系２歳 新馬       [指] 馬齢 16頭 本賞金:750,300,190,110,75万円",16,750.0,1,7,13,セイントエルモズ,牡,2,56.0,菅原明,99.9,,13,65.9,37.0,11-12,美浦 小島,546,0,
202505040306,2025-10-11,東京,6,2歳新馬,ダ,1600,左,雨,稍,"4回 東京 3日目 サラ系２歳 新馬       [指] 馬齢 16頭 本賞金:750,300,190,110,75万円",16,750.0,2,3,5,ウリズンベー,牡,2,56.0,岩田康,99.9,ハナ,5,8.8,37.2,11-11,美浦 萩原,472,0,
202505040306,2025-10-11,東京,6,2歳新馬,ダ,1600,左,雨,稍,"4回 東京 3日目 サラ系２歳 新馬       [指] 馬齢 16頭 本賞金:750,300,190,110,75万円",16,750.0,3,2,4,カナタコナタ,牡,2,56.0,杉原,100.3,2.1/2,2,5.5,38.0,5-7,栗東 高橋一,484,0,
202505040306,2025-10-11,東京,6,2歳新馬,ダ,1600,左,雨,稍,"4回 東京 3日目 サラ系２歳 新馬       [指] 馬齢 16頭 本賞金:750,300,190,110,75万円",16,750.0,4,6,11,アドマイヤウルトラ,牡,2,56.0,丹内,100.9,3.1/2,3,5.8,39.1,4-3,美浦 宮田,498,0,
202505040306,2025-10-11,東京,6,2歳新馬,ダ,1600,左,雨,稍,"4回 東京 3日目 サラ系２歳 新馬       [指] 馬齢 16頭 本賞金:750,300,190,110,75万円",16,750.0,5,3,6,アオイミズホ,牡,2,56.0,三浦,101.0,3/4,1,2.9,38.9,7-5,美浦 古賀,518,0,
202505040306,2025-10-11,東京,6,2歳新馬,ダ,1600,左,雨,稍,"4回 東京 3日目 サラ系２歳 新馬       [指] 馬齢 16頭 本賞金:750,300,190,110,75万円",16,750.0,6,4,8,ツイスティドシルク,牡,2,56.0,津村,101.3,1.1/2,14,77.7,38.3,13-13,美浦 武藤,482,0,
202505040306,2025-10-11,東京,6,2歳新馬,ダ,1600,左,雨,稍,"4回 東京 3日目 サラ系２歳 新馬       [指] 馬齢 16頭 本賞金:750,300,190,110,75万円",16,750.0,7,1,2,ブロンザイト,牡,2,56.0,北村友,101.3,アタマ,4,6.7,39.0,8-7,栗東 福永,494,0,
202505040306,2025-10-11,東京,6,2歳新馬,ダ,1600,左,雨,稍,"4回 東京 3日目 サラ系２歳 新馬       [指] 馬齢 16頭 本賞金:750,300,190,110,75万円",16,750.0,8,2,3,ブルースパーダ,牡,2,56.0,原,101.4,1/2,10,52.7,39.4,5-5,美浦 矢野,482,0,
202505040306,2025-10-11,東京,6,2歳新馬,ダ,1600,左,雨,稍,"4回 東京 3日目 サラ系２歳 新馬       [指] 馬齢 16頭 本賞金:750,300,190,110,75万円",16,750.0,9,4,7,ディレクティオ,牝,2,55.0,伊藤,102.0,3.1/2,8,25.9,38.8,14-14,美浦 金成,436,0,
202505040306,2025-10-11,東京,6,2歳新馬,ダ,1600,左,雨,稍,"4回 東京 3日目 サラ系２歳 新馬       [指] 馬齢 16頭 本賞金:750,300,190,110,75万円",16,750.0,10,6,12,トモジャユニベール,牡,2,53.0,▲小林美,102.3,2,9,35.3,39.1,14-14,美浦 小笠,450,0,
202505040306,2025-10-11,東京,6,2歳新馬,ダ,1600,左,雨,稍,"4回 東京 3日目 サラ系２歳 新馬       [指] 馬齢 16頭 本賞金:750,300,190,110,75万円",16,750.0,11,8,16,スウィートラキ,牝,2,53.0,△長浜,102.8,3,15,121.3,40.2,10-9,美浦 堀内,448,0,
202505040306,2025-10-11,東京,6,2歳新馬,ダ,1600,左,雨,稍,"4回 東京 3日目 サラ系２歳 新馬       [指] 馬齢 16頭 本賞金:750,300,190,110,75万円",16,750.0,12,5,10,ロードストラダーレ,牡,2,56.0,横山琉,103.4,4,7,15.8,41.7,2-2,美浦 本間,484,0,
202505040306,2025-10-11,東京,6,2歳新馬,ダ,1600,左,雨,稍,"4回 東京 3日目 サラ系２歳 新馬       [指] 馬齢 16頭 本賞金:750,300,190,110,75万円",16,750.0,13,5,9,ノーブルティアラ,牝,2,55.0,武藤,104.6,7,11,56.8,43.0,1-1,美浦 水野,452,0,
202505040306,2025-10-11,東京,6,2歳新馬,ダ,1600,左,雨,稍,"4回 東京 3日目 サラ系２歳 新馬       [指] 馬齢 16頭 本賞金:750,300,190,110,75万円",16,750.0,14,7,14,ユイノディスタンス,牡,2,56.0,木幡初,104.7,クビ,16,146.3,39.8,16-16,美浦 深山,460,0,
202505040306,2025-10-11,東京,6,2歳新馬,ダ,1600,左,雨,稍,"4回 東京 3日目 サラ系２歳 新馬       [指] 馬齢 16頭 本賞金:750,300,190,110,75万円",16,750.0,15,1,1,タイセイギガース,牡,2,56.0,大野,105.4,4,12,63.5,42.8,8-9,美浦 伊藤圭,494,0,
202505040306,2025-10-11,東京,6,2歳新馬,ダ,1600,左,雨,稍,"4回 東京 3日目 サラ系２歳 新馬       [指] 馬齢 16頭 本賞金:750,300,190,110,75万円",16,750.0,,8,15,ヴェイルドハート,牡,2,56.0,横山武,,,6,13.9,,2-3,美浦 尾関,566,0,中止
202505040306,2025-10-11,東京,6,2歳新馬,ダ,1600,左,雨,稍,"4回 東京 3日目 サラ系２歳 新馬       [指] 馬齢 16頭 本賞金:750,300,190,110,75万円",16,750.0,,1,13,セイントエルモズ,,,87.0,79,,13.5,9,11.5,7.0,12.2,5,,,
202505040306,2025-10-11,東京,6,2歳新馬,ダ,1600,左,雨,稍,"4回 東京 3日目 サラ系２歳 新馬       [指] 馬齢 16頭 本賞金:750,300,190,110,75万円",16,750.0,,1,13,セイントエルモズ,,,,-,,-,,,,-,-,,,
202505040307,2025-10-11,東京,7,3歳以上1勝クラス,芝,2000,左,雨,良,"4回 東京 3日目 サラ系３歳以上 １勝クラス       [指] 定量 10頭 本賞金:800,320,200,120,80万円",10,800.0,1,1,1,ボウウィンドウ,牝,3,54.0,ルメー,117.6,,2,3.0,33.7,3-4-4,美浦 武井,470,4,
202505040307,2025-10-11,東京,7,3歳以上1勝クラス,芝,2000,左,雨,良,"4回 東京 3日目 サラ系３歳以上 １勝クラス       [指] 定量 10頭 本賞金:800,320,200,120,80万円",10,800.0,2,7,7,エテルニータ,牡,3,56.0,荻野極,117.9,2,3,4.9,34.3,2-2-2,美浦 稲垣,498,4,
202505040307,2025-10-11,東京,7,3歳以上1勝クラス,芝,2000,左,雨,良,"4回 東京 3日目 サラ系３歳以上 １勝クラス       [指] 定量 10頭 本賞金:800,320,200,120,80万円",10,800.0,3,3,3,メアヴィア,牝,4,56.0,丹内,118.5,3.1/2,7,46.0,35.7,1-1-1,美浦 金成,470,8,
202505040307,2025-10-11,東京,7,3歳以上1勝クラス,芝,2000,左,雨,良,"4回 東京 3日目 サラ系３歳以上 １勝クラス       [指] 定量 10頭 本賞金:800,320,200,120,80万円",10,800.0,4,5,5,スワローシチー,牡,3,56.0,石川,119.0,3,4,5.5,34.7,8-7-7,美浦 相沢,474,12,
202505040307,2025-10-11,東京,7,3歳以上1勝クラス,芝,2000,左,雨,良,"4回 東京 3日目 サラ系３歳以上 １勝クラス       [指] 定量 10頭 本賞金:800,320,200,120,80万円",10,800.0,5,6,6,エバーステイ,牝,3,54.0,菅原明,119.1,クビ,9,132.1,35.0,7-7-5,美浦 久保田,406,-10,
202505040307,2025-10-11,東京,7,3歳以上1勝クラス,芝,2000,左,雨,良,"4回 東京 3日目 サラ系３歳以上 １勝クラス       [指] 定量 10頭 本賞金:800,320,200,120,80万円",10,800.0,6,2,2,シンドリームシン,牡,4,58.0,津村,119.1,クビ,6,24.4,34.5,10-9-9,栗東 武幸,500,-2,
202505040307,2025-10-11,東京,7,3歳以上1勝クラス,芝,2000,左,雨,良,"4回 東京 3日目 サラ系３歳以上 １勝クラス       [指] 定量 10頭 本賞金:800,320,200,120,80万円",10,800.0,7,8,9,タイセイプランセス,牝,3,54.0,石橋脩,119.3,1,1,2.7,35.5,3-3-3,美浦 池上,412,2,
202505040307,2025-10-11,東京,7,3歳以上1勝クラス,芝,2000,左,雨,良,"4回 東京 3日目 サラ系３歳以上 １勝クラス       [指] 定量 10頭 本賞金:800,320,200,120,80万円",10,800.0,8,8,10,シドニーホバート,牡,3,56.0,坂井,119.3,クビ,5,11.2,35.3,5-4-5,栗東 杉山佳,520,-2,
202505040307,2025-10-11,東京,7,3歳以上1勝クラス,芝,2000,左,雨,良,"4回 東京 3日目 サラ系３歳以上 １勝クラス       [指] 定量 10頭 本賞金:800,320,200,120,80万円",10,800.0,9,7,8,オルソビアンコ,牝,5,54.0,◇今村,119.6,1.1/2,8,91.8,35.4,6-6-7,美浦 田村,410,12,
202505040307,2025-10-11,東京,7,3歳以上1勝クラス,芝,2000,左,雨,良,"4回 東京 3日目 サラ系３歳以上 １勝クラス       [指] 定量 10頭 本賞金:800,320,200,120,80万円",10,800.0,10,4,4,レリッシュ,牝,4,56.0,菅原隆,122.1,大,10,325.0,37.5,9-9-9,美浦 天間,496,2,
202505040307,2025-10-11,東京,7,3歳以上1勝クラス,芝,2000,左,雨,良,"4回 東京 3日目 サラ系３歳以上 １勝クラス       [指] 定量 10頭 本賞金:800,320,200,120,80万円",10,800.0,,1,1,ボウウィンドウ,,,96.0,100,,13.3,1,11.7,3.0,11.3,2,,,
202505040307,2025-10-11,東京,7,3歳以上1勝クラス,芝,2000,左,雨,良,"4回 東京 3日目 サラ系３歳以上 １勝クラス       [指] 定量 10頭 本賞金:800,320,200,120,80万円",10,800.0,,1,1,ボウウィンドウ,,,,-,,-,,,,-,-,,,
202505040308,2025-10-11,東京,8,3歳以上1勝クラス,ダ,1600,左,雨,稍,"4回 東京 3日目 サラ系３歳以上 １勝クラス       牝[指] 定量 16頭 本賞金:800,320,200,120,80万円",16,800.0,1,8,15,パイシャオピン,牝,3,54.0,横山武,97.7,,1,2.5,36.6,13-10,美浦 鈴木伸,466,6,
202505040308,2025-10-11,東京,8,3歳以上1勝クラス,ダ,1600,左,雨,稍,"4回 東京 3日目 サラ系３歳以上 １勝クラス       牝[指] 定量 16頭 本賞金:800,320,200,120,80万円",16,800.0,2,6,12,タマモカンパネラ,牝,3,50.0,★谷原,97.7,アタマ,5,9.9,36.9,9-8,美浦 伊藤圭,510,12,
202505040308,2025-10-11,東京,8,3歳以上1勝クラス,ダ,1600,左,雨,稍,"4回 東京 3日目 サラ系３歳以上 １勝クラス       牝[指] 定量 16頭 本賞金:800,320,200,120,80万円",16,800.0,3,1,1,カーラデマドレ,牝,3,54.0,ルメー,97.9,1,4,7.6,38.2,2-2,美浦 宮田,482,8,
202505040308,2025-10-11,東京,8,3歳以上1勝クラス,ダ,1600,左,雨,稍,"4回 東京 3日目 サラ系３歳以上 １勝クラス       牝[指] 定量 16頭 本賞金:800,320,200,120,80万円",16,800.0,4,2,3,エーデル,牝,4,56.0,丹内,97.9,アタマ,8,26.6,36.6,12-13,美浦 金成,468,6,
202505040308,2025-10-11,東京,8,3歳以上1勝クラス,ダ,1600,左,雨,稍,"4回 東京 3日目 サラ系３歳以上 １勝クラス       牝[指] 定量 16頭 本賞金:800,320,200,120,80万円",16,800.0,5,7,14,コルヴィル,牝,4,56.0,黛,98.5,3.1/2,11,71.7,37.7,8-8,美浦 柄崎,494,4,
202505040308,2025-10-11,東京,8,3歳以上1勝クラス,ダ,1600,左,雨,稍,"4回 東京 3日目 サラ系３歳以上 １勝クラス       牝[指] 定量 16頭 本賞金:800,320,200,120,80万円",16,800.0,6,8,16,ラーナローザ,牝,3,54.0,荻野極,98.7,1.1/2,3,6.2,38.4,6-6,美浦 畠山,502,0,
202505040308,2025-10-11,東京,8,3歳以上1勝クラス,ダ,1600,左,雨,稍,"4回 東京 3日目 サラ系３歳以上 １勝クラス       牝[指] 定量 16頭 本賞金:800,320,200,120,80万円",16,800.0,7,2,4,ラヴアンドライク,牝,3,54.0,原,98.9,3/4,2,4.5,39.0,3-3,美浦 稲垣,490,20,
202505040308,2025-10-11,東京,8,3歳以上1勝クラス,ダ,1600,左,雨,稍,"4回 東京 3日目 サラ系３歳以上 １勝クラス       牝[指] 定量 16頭 本賞金:800,320,200,120,80万円",16,800.0,8,1,2,グランコネクシオン,牝,4,54.0,△長浜,99.0,3/4,9,53.8,36.9,16-16,美浦 畠山,448,8,
202505040308,2025-10-11,東京,8,3歳以上1勝クラス,ダ,1600,左,雨,稍,"4回 東京 3日目 サラ系３歳以上 １勝クラス       牝[指] 定量 16頭 本賞金:800,320,200,120,80万円",16,800.0,9,5,10,ノンスタンダルド,牝,3,54.0,戸崎圭,99.0,クビ,6,12.8,38.4,7-7,美浦 嘉藤,498,-4,
202505040308,2025-10-11,東京,8,3歳以上1勝クラス,ダ,1600,左,雨,稍,"4回 東京 3日目 サラ系３歳以上 １勝クラス       牝[指] 定量 16頭 本賞金:800,320,200,120,80万円",16,800.0,10,3,6,ミランカ,牝,4,56.0,菊沢,99.1,クビ,13,142.3,37.4,15-15,美浦 岩戸,462,-2,
202505040308,2025-10-11,東京,8,3歳以上1勝クラス,ダ,1600,左,雨,稍,"4回 東京 3日目 サラ系３歳以上 １勝クラス       牝[指] 定量 16頭 本賞金:800,320,200,120,80万円",16,800.0,11,6,11,ノーブルノワール,牝,3,54.0,石川,99.1,クビ,12,93.0,37.7,14-14,美浦 林,446,-2,
202505040308,2025-10-11,東京,8,3歳以上1勝クラス,ダ,1600,左,雨,稍,"4回 東京 3日目 サラ系３歳以上 １勝クラス       牝[指] 定量 16頭 本賞金:800,320,200,120,80万円",16,800.0,12,4,8,フイノマジワリ,牝,4,56.0,木幡初,99.2,クビ,14,175.1,38.2,11-10,美浦 竹内,448,8,
202505040308,2025-10-11,東京,8,3歳以上1勝クラス,ダ,1600,左,雨,稍,"4回 東京 3日目 サラ系３歳以上 １勝クラス       牝[指] 定量 16頭 本賞金:800,320,200,120,80万円",16,800.0,13,3,5,ラルガメンテ,牝,3,54.0,内田博,100.7,9,7,23.8,40.7,3-4,美浦 尾関,462,12,
202505040308,2025-10-11,東京,8,3歳以上1勝クラス,ダ,1600,左,雨,稍,"4回 東京 3日目 サラ系３歳以上 １勝クラス       牝[指] 定量 16頭 本賞金:800,320,200,120,80万円",16,800.0,14,4,7,スペシャリスト,牝,5,56.0,横山琉,100.9,3/4,16,285.0,39.9,9-10,美浦 高橋文,474,0,
202505040308,2025-10-11,東京,8,3歳以上1勝クラス,ダ,1600,左,雨,稍,"4回 東京 3日目 サラ系３歳以上 １勝クラス       牝[指] 定量 16頭 本賞金:800,320,200,120,80万円",16,800.0,15,5,9,メリーサウンド,牝,3,54.0,三浦,102.1,7,10,59.1,42.0,3-4,美浦 小笠,458,12,
202505040308,2025-10-11,東京,8,3歳以上1勝クラス,ダ,1600,左,雨,稍,"4回 東京 3日目 サラ系３歳以上 １勝クラス       牝[指] 定量 16頭 本賞金:800,320,200,120,80万円",16,800.0,16,7,13,エポカスピーガ,牝,3,54.0,松岡,102.4,1.3/4,15,217.1,42.8,1-1,美浦 田中剛,492,10,
202505040308,2025-10-11,東京,8,3歳以上1勝クラス,ダ,1600,左,雨,稍,"4回 東京 3日目 サラ系３歳以上 １勝クラス       牝[指] 定量 16頭 本賞金:800,320,200,120,80万円",16,800.0,,1,15,パイシャオピン,,,88.0,89,,13.5,10,11.4,6.0,11.9,4,,,
202505040308,2025-10-11,東京,8,3歳以上1勝クラス,ダ,1600,左,雨,稍,"4回 東京 3日目 サラ系３歳以上 １勝クラス       牝[指] 定量 16頭 本賞金:800,320,200,120,80万円",16,800.0,,1,15,パイシャオピン,,,,-,,-,,,,-,-,,,
202505040309,2025-10-11,東京,9,陣馬特別,芝,2400,左,雨,良,"4回 東京 3日目 サラ系３歳以上 ２勝クラス       (混)(特指) 定量 10頭 本賞金:1550,620,390,230,155万円",10,1550.0,1,7,8,ダノンホイットニー,牝,4,56.0,佐々木,148.3,,2,6.5,33.5,3-3-3-3,美浦 大竹,438,0,
202505040309,2025-10-11,東京,9,陣馬特別,芝,2400,左,雨,良,"4回 東京 3日目 サラ系３歳以上 ２勝クラス       (混)(特指) 定量 10頭 本賞金:1550,620,390,230,155万円",10,1550.0,2,2,2,ミントマーク,牡,5,58.0,戸崎圭,148.3,アタマ,3,6.8,33.3,4-4-5-5,栗東 高橋一,472,-8,
202505040309,2025-10-11,東京,9,陣馬特別,芝,2400,左,雨,良,"4回 東京 3日目 サラ系３歳以上 ２勝クラス       (混)(特指) 定量 10頭 本賞金:1550,620,390,230,155万円",10,1550.0,3,1,1,ホウオウアートマン,牡,3,55.0,坂井,148.4,クビ,1,1.7,34.0,2-2-2-2,栗東 矢作,476,14,
202505040309,2025-10-11,東京,9,陣馬特別,芝,2400,左,雨,良,"4回 東京 3日目 サラ系３歳以上 ２勝クラス       (混)(特指) 定量 10頭 本賞金:1550,620,390,230,155万円",10,1550.0,4,6,6,バレンタインガール,牝,4,56.0,内田博,148.4,クビ,6,11.5,33.2,6-7-7-7,美浦 古賀,482,6,
202505040309,2025-10-11,東京,9,陣馬特別,芝,2400,左,雨,良,"4回 東京 3日目 サラ系３歳以上 ２勝クラス       (混)(特指) 定量 10頭 本賞金:1550,620,390,230,155万円",10,1550.0,5,4,4,ズイウンゴサイ,牡,4,58.0,丸田,148.8,2,4,9.5,33.8,6-6-5-5,美浦 武市,466,0,
202505040309,2025-10-11,東京,9,陣馬特別,芝,2400,左,雨,良,"4回 東京 3日目 サラ系３歳以上 ２勝クラス       (混)(特指) 定量 10頭 本賞金:1550,620,390,230,155万円",10,1550.0,6,3,3,モルトマエストーソ,牡,4,58.0,丹内,148.9,3/4,7,31.4,34.6,4-4-1-1,美浦 国枝,540,2,
202505040309,2025-10-11,東京,9,陣馬特別,芝,2400,左,雨,良,"4回 東京 3日目 サラ系３歳以上 ２勝クラス       (混)(特指) 定量 10頭 本賞金:1550,620,390,230,155万円",10,1550.0,7,7,7,セイウンパシュート,牡,5,58.0,杉原,149.1,1,9,49.9,34.3,1-1-3-3,美浦 上原博,476,6,
202505040309,2025-10-11,東京,9,陣馬特別,芝,2400,左,雨,良,"4回 東京 3日目 サラ系３歳以上 ２勝クラス       (混)(特指) 定量 10頭 本賞金:1550,620,390,230,155万円",10,1550.0,8,8,9,エーオーキング,牡,3,55.0,吉田隼,149.2,1,8,39.0,33.9,8-8-8-7,美浦 久保田,452,2,
202505040309,2025-10-11,東京,9,陣馬特別,芝,2400,左,雨,良,"4回 東京 3日目 サラ系３歳以上 ２勝クラス       (混)(特指) 定量 10頭 本賞金:1550,620,390,230,155万円",10,1550.0,9,5,5,ゴージョニーゴー,牡,4,58.0,横山和,149.2,ハナ,5,10.1,33.5,10-10-10-9,栗東 四位,520,2,
202505040309,2025-10-11,東京,9,陣馬特別,芝,2400,左,雨,良,"4回 東京 3日目 サラ系３歳以上 ２勝クラス       (混)(特指) 定量 10頭 本賞金:1550,620,390,230,155万円",10,1550.0,10,8,10,ソワドリヨン,牝,5,56.0,岩田康,149.4,1.1/4,10,75.0,33.8,9-9-9-9,美浦 古賀,480,4,
202505040309,2025-10-11,東京,9,陣馬特別,芝,2400,左,雨,良,"4回 東京 3日目 サラ系３歳以上 ２勝クラス       (混)(特指) 定量 10頭 本賞金:1550,620,390,230,155万円",10,1550.0,,1,8,ダノンホイットニー,,,90.0,66,,13.5,4,12.3,2.0,13.3,2,,,
202505040309,2025-10-11,東京,9,陣馬特別,芝,2400,左,雨,良,"4回 東京 3日目 サラ系３歳以上 ２勝クラス       (混)(特指) 定量 10頭 本賞金:1550,620,390,230,155万円",10,1550.0,,1,8,ダノンホイットニー,,,,-,,-,,,,-,-,,,
202505040310,2025-10-11,東京,10,東村山特別,ダ,2100,左,雨,稍,"4回 東京 3日目 サラ系３歳以上 ２勝クラス       (混)[指] 定量 16頭 本賞金:1550,620,390,230,155万円",16,1550.0,1,8,16,シャンパンポップ,牡,4,58.0,ルメー,130.8,,1,1.8,37.0,5-2-2-2,栗東 武幸,552,-10,
202505040310,2025-10-11,東京,10,東村山特別,ダ,2100,左,雨,稍,"4回 東京 3日目 サラ系３歳以上 ２勝クラス       (混)[指] 定量 16頭 本賞金:1550,620,390,230,155万円",16,1550.0,2,3,6,キョウキランブ,牡,3,56.0,舟山,131.6,5,5,12.9,38.0,1-1-1-1,美浦 古賀,518,6,
202505040310,2025-10-11,東京,10,東村山特別,ダ,2100,左,雨,稍,"4回 東京 3日目 サラ系３歳以上 ２勝クラス       (混)[指] 定量 16頭 本賞金:1550,620,390,230,155万円",16,1550.0,3,4,8,トクシースタローン,牡,6,58.0,菊沢,132.1,3,8,33.2,37.4,15-15-14-14,美浦 辻,508,-6,
202505040310,2025-10-11,東京,10,東村山特別,ダ,2100,左,雨,稍,"4回 東京 3日目 サラ系３歳以上 ２勝クラス       (混)[指] 定量 16頭 本賞金:1550,620,390,230,155万円",16,1550.0,4,4,7,レッドリベルタ,牡,4,58.0,戸崎圭,132.1,アタマ,4,12.9,37.3,15-16-16-16,栗東 庄野,458,6,
202505040310,2025-10-11,東京,10,東村山特別,ダ,2100,左,雨,稍,"4回 東京 3日目 サラ系３歳以上 ２勝クラス       (混)[指] 定量 16頭 本賞金:1550,620,390,230,155万円",16,1550.0,5,2,4,ファイアトリック,牡,3,56.0,佐々木,132.7,3.1/2,10,41.0,38.2,10-11-11-12,美浦 伊坂,454,8,
202505040310,2025-10-11,東京,10,東村山特別,ダ,2100,左,雨,稍,"4回 東京 3日目 サラ系３歳以上 ２勝クラス       (混)[指] 定量 16頭 本賞金:1550,620,390,230,155万円",16,1550.0,6,1,2,ラファールドール,セ,4,58.0,内田博,132.8,3/4,11,54.4,38.2,10-12-11-12,美浦 田島,498,8,
202505040310,2025-10-11,東京,10,東村山特別,ダ,2100,左,雨,稍,"4回 東京 3日目 サラ系３歳以上 ２勝クラス       (混)[指] 定量 16頭 本賞金:1550,620,390,230,155万円",16,1550.0,7,5,10,プレシャスデイ,牡,3,56.0,荻野極,132.8,クビ,2,4.6,38.6,7-6-7-7,美浦 伊坂,508,6,
202505040310,2025-10-11,東京,10,東村山特別,ダ,2100,左,雨,稍,"4回 東京 3日目 サラ系３歳以上 ２勝クラス       (混)[指] 定量 16頭 本賞金:1550,620,390,230,155万円",16,1550.0,8,5,9,タイセイアディクト,牡,4,58.0,坂井,133.1,1.1/2,3,10.2,38.9,12-12-7-7,美浦 池上,492,4,
202505040310,2025-10-11,東京,10,東村山特別,ダ,2100,左,雨,稍,"4回 東京 3日目 サラ系３歳以上 ２勝クラス       (混)[指] 定量 16頭 本賞金:1550,620,390,230,155万円",16,1550.0,9,7,14,ピュアグルーヴ,牝,5,56.0,横山琉,133.2,3/4,14,89.8,39.2,3-3-5-3,栗東 藤岡,472,0,
202505040310,2025-10-11,東京,10,東村山特別,ダ,2100,左,雨,稍,"4回 東京 3日目 サラ系３歳以上 ２勝クラス       (混)[指] 定量 16頭 本賞金:1550,620,390,230,155万円",16,1550.0,10,6,12,ルーラーリッチ,セ,5,58.0,菅原明,133.2,ハナ,16,231.5,38.5,14-14-14-14,美浦 小島,494,6,
202505040310,2025-10-11,東京,10,東村山特別,ダ,2100,左,雨,稍,"4回 東京 3日目 サラ系３歳以上 ２勝クラス       (混)[指] 定量 16頭 本賞金:1550,620,390,230,155万円",16,1550.0,11,2,3,カムランベイ,牡,5,58.0,木幡巧,133.4,1,12,68.7,39.0,7-9-11-9,美浦 岩戸,512,10,
202505040310,2025-10-11,東京,10,東村山特別,ダ,2100,左,雨,稍,"4回 東京 3日目 サラ系３歳以上 ２勝クラス       (混)[指] 定量 16頭 本賞金:1550,620,390,230,155万円",16,1550.0,12,1,1,ジョウショーパワー,牡,5,58.0,丸山,133.8,2.1/2,13,87.1,39.4,5-6-7-9,栗東 中尾,470,0,
202505040310,2025-10-11,東京,10,東村山特別,ダ,2100,左,雨,稍,"4回 東京 3日目 サラ系３歳以上 ２勝クラス       (混)[指] 定量 16頭 本賞金:1550,620,390,230,155万円",16,1550.0,13,7,13,ピコシー,牡,3,56.0,岩田康,134.0,3/4,9,39.7,39.6,9-9-7-9,美浦 奥村武,472,4,
202505040310,2025-10-11,東京,10,東村山特別,ダ,2100,左,雨,稍,"4回 東京 3日目 サラ系３歳以上 ２勝クラス       (混)[指] 定量 16頭 本賞金:1550,620,390,230,155万円",16,1550.0,14,3,5,ライジンマル,牡,4,58.0,津村,134.0,ハナ,6,18.0,40.0,13-6-5-3,美浦 竹内,532,-2,
202505040310,2025-10-11,東京,10,東村山特別,ダ,2100,左,雨,稍,"4回 東京 3日目 サラ系３歳以上 ２勝クラス       (混)[指] 定量 16頭 本賞金:1550,620,390,230,155万円",16,1550.0,15,8,15,シグムンド,牡,4,58.0,原,134.3,1.3/4,7,29.1,40.3,3-3-3-3,美浦 岩戸,504,0,
202505040310,2025-10-11,東京,10,東村山特別,ダ,2100,左,雨,稍,"4回 東京 3日目 サラ系３歳以上 ２勝クラス       (混)[指] 定量 16頭 本賞金:1550,620,390,230,155万円",16,1550.0,16,6,11,シゲルカミカゼ,牡,5,58.0,大野,134.8,3,15,118.4,40.8,2-3-3-3,美浦 松山,516,-8,
202505040310,2025-10-11,東京,10,東村山特別,ダ,2100,左,雨,稍,"4回 東京 3日目 サラ系３歳以上 ２勝クラス       (混)[指] 定量 16頭 本賞金:1550,620,390,230,155万円",16,1550.0,,1,16,シャンパンポップ,,,96.0,99,,7.4,17,11.8,5.0,12.3,3,,,
202505040310,2025-10-11,東京,10,東村山特別,ダ,2100,左,雨,稍,"4回 東京 3日目 サラ系３歳以上 ２勝クラス       (混)[指] 定量 16頭 本賞金:1550,620,390,230,155万円",16,1550.0,,1,16,シャンパンポップ,,,,-,,-,,,,-,-,,,
202505040311,2025-10-11,東京,11,サウジアラビアRC,芝,1600,左,小雨,良,"4回 東京 3日目 サラ系２歳 オープン       (国際)(特指) 馬齢 8頭 本賞金:3300,1300,830,500,330万円",8,3300.0,1,6,6,エコロアルバ,牡,2,56.0,坂井,93.8,,2,3.6,33.2,8-8,美浦 田村,472,8,
202505040311,2025-10-11,東京,11,サウジアラビアRC,芝,1600,左,小雨,良,"4回 東京 3日目 サラ系２歳 オープン       (国際)(特指) 馬齢 8頭 本賞金:3300,1300,830,500,330万円",8,3300.0,2,1,1,ガリレア,牡,2,56.0,杉原,94.1,1.1/2,7,53.4,34.0,3-3,美浦 清水英,442,2,
202505040311,2025-10-11,東京,11,サウジアラビアRC,芝,1600,左,小雨,良,"4回 東京 3日目 サラ系２歳 オープン       (国際)(特指) 馬齢 8頭 本賞金:3300,1300,830,500,330万円",8,3300.0,3,5,5,ゾロアストロ,牡,2,56.0,ルメー,94.1,クビ,1,1.9,33.8,5-6,美浦 宮田,470,4,
202505040311,2025-10-11,東京,11,サウジアラビアRC,芝,1600,左,小雨,良,"4回 東京 3日目 サラ系２歳 オープン       (国際)(特指) 馬齢 8頭 本賞金:3300,1300,830,500,330万円",8,3300.0,4,2,2,マーゴットブロー,牡,2,56.0,荻野極,94.2,クビ,8,60.1,34.4,1-1,美浦 伊坂,494,-2,
202505040311,2025-10-11,東京,11,サウジアラビアRC,芝,1600,左,小雨,良,"4回 東京 3日目 サラ系２歳 オープン       (国際)(特指) 馬齢 8頭 本賞金:3300,1300,830,500,330万円",8,3300.0,5,8,8,チュウワカーネギー,牡,2,56.0,北村友,94.4,1.1/2,3,4.4,34.2,5-5,栗東 大久保,534,18,
202505040311,2025-10-11,東京,11,サウジアラビアRC,芝,1600,左,小雨,良,"4回 東京 3日目 サラ系２歳 オープン       (国際)(特指) 馬齢 8頭 本賞金:3300,1300,830,500,330万円",8,3300.0,6,4,4,ユウファラオ,牡,2,56.0,丸山,94.4,ハナ,6,42.5,34.5,2-2,栗東 森秀,482,0,
202505040311,2025-10-11,東京,11,サウジアラビアRC,芝,1600,左,小雨,良,"4回 東京 3日目 サラ系２歳 オープン       (国際)(特指) 馬齢 8頭 本賞金:3300,1300,830,500,330万円",8,3300.0,7,3,3,アスクエジンバラ,牡,2,56.0,岩田康,94.6,1.1/2,4,9.1,34.3,5-6,栗東 福永,458,0,
202505040311,2025-10-11,東京,11,サウジアラビアRC,芝,1600,左,小雨,良,"4回 東京 3日目 サラ系２歳 オープン       (国際)(特指) 馬齢 8頭 本賞金:3300,1300,830,500,330万円",8,3300.0,8,7,7,ニシノエースサマ,牡,2,56.0,三浦,94.9,2,5,15.1,34.9,3-3,美浦 鹿戸,486,6,
202505040311,2025-10-11,東京,11,サウジアラビアRC,芝,1600,左,小雨,良,"4回 東京 3日目 サラ系２歳 オープン       (国際)(特指) 馬齢 8頭 本賞金:3300,1300,830,500,330万円",8,3300.0,,1,6,エコロアルバ,,,88.0,85,,13.1,6,11.8,4.0,11.7,1,,,
202505040311,2025-10-11,東京,11,サウジアラビアRC,芝,1600,左,小雨,良,"4回 東京 3日目 サラ系２歳 オープン       (国際)(特指) 馬齢 8頭 本賞金:3300,1300,830,500,330万円",8,3300.0,,1,6,エコロアルバ,,,0.438,7.51,,6.61,,7.51,0.448,7.69,0.447,,,
202505040312,2025-10-11,東京,12,3歳以上1勝クラス,ダ,1400,左,小雨,稍,"4回 東京 3日目 サラ系３歳以上 １勝クラス       [指] 定量 16頭 本賞金:800,320,200,120,80万円",16,800.0,1,2,3,トラヴェリンバンド,牡,3,56.0,丹内,84.8,,6,15.8,36.4,2-2,栗東 西村,468,-4,
202505040312,2025-10-11,東京,12,3歳以上1勝クラス,ダ,1400,左,小雨,稍,"4回 東京 3日目 サラ系３歳以上 １勝クラス       [指] 定量 16頭 本賞金:800,320,200,120,80万円",16,800.0,2,1,2,アンクエンチャブル,セ,4,58.0,三浦,85.0,1.1/2,3,5.2,36.8,1-1,美浦 高柳瑞,520,-6,
202505040312,2025-10-11,東京,12,3歳以上1勝クラス,ダ,1400,左,小雨,稍,"4回 東京 3日目 サラ系３歳以上 １勝クラス       [指] 定量 16頭 本賞金:800,320,200,120,80万円",16,800.0,3,4,8,トニケンサンバ,牡,3,56.0,戸崎圭,86.0,6,2,4.5,37.4,4-5,美浦 西田,502,2,
202505040312,2025-10-11,東京,12,3歳以上1勝クラス,ダ,1400,左,小雨,稍,"4回 東京 3日目 サラ系３歳以上 １勝クラス       [指] 定量 16頭 本賞金:800,320,200,120,80万円",16,800.0,4,6,12,キョウエイスレーヴ,牡,3,56.0,原,86.0,ハナ,5,8.6,36.9,13-12,美浦 萱野,446,8,
202505040312,2025-10-11,東京,12,3歳以上1勝クラス,ダ,1400,左,小雨,稍,"4回 東京 3日目 サラ系３歳以上 １勝クラス       [指] 定量 16頭 本賞金:800,320,200,120,80万円",16,800.0,5,1,1,フレイムジョーカー,牡,6,58.0,菅原明,86.1,クビ,9,53.0,37.6,4-3,美浦 岩戸,484,-6,
202505040312,2025-10-11,東京,12,3歳以上1勝クラス,ダ,1400,左,小雨,稍,"4回 東京 3日目 サラ系３歳以上 １勝クラス       [指] 定量 16頭 本賞金:800,320,200,120,80万円",16,800.0,6,8,15,ピコレッド,牡,3,56.0,木幡巧,86.1,クビ,1,3.2,37.4,4-5,美浦 牧,532,0,
202505040312,2025-10-11,東京,12,3歳以上1勝クラス,ダ,1400,左,小雨,稍,"4回 東京 3日目 サラ系３歳以上 １勝クラス       [指] 定量 16頭 本賞金:800,320,200,120,80万円",16,800.0,7,5,9,シルフレイ,牝,3,54.0,横山武,86.2,3/4,4,5.3,37.6,4-5,美浦 千葉,436,2,
202505040312,2025-10-11,東京,12,3歳以上1勝クラス,ダ,1400,左,小雨,稍,"4回 東京 3日目 サラ系３歳以上 １勝クラス       [指] 定量 16頭 本賞金:800,320,200,120,80万円",16,800.0,8,5,10,ダイタエリュシオン,牡,3,53.0,▲石神道,86.3,クビ,13,155.1,37.1,12-12,美浦 土田,476,-1,
202505040312,2025-10-11,東京,12,3歳以上1勝クラス,ダ,1400,左,小雨,稍,"4回 東京 3日目 サラ系３歳以上 １勝クラス       [指] 定量 16頭 本賞金:800,320,200,120,80万円",16,800.0,9,2,4,トルズイーガー,牡,5,55.0,▲佐藤,86.3,クビ,16,309.8,37.0,15-14,美浦 伊藤圭,518,8,
202505040312,2025-10-11,東京,12,3歳以上1勝クラス,ダ,1400,左,小雨,稍,"4回 東京 3日目 サラ系３歳以上 １勝クラス       [指] 定量 16頭 本賞金:800,320,200,120,80万円",16,800.0,10,3,5,ガンハンマー,牡,3,56.0,坂井,86.6,1.1/2,7,17.5,37.9,4-5,美浦 加藤征,432,4,
202505040312,2025-10-11,東京,12,3歳以上1勝クラス,ダ,1400,左,小雨,稍,"4回 東京 3日目 サラ系３歳以上 １勝クラス       [指] 定量 16頭 本賞金:800,320,200,120,80万円",16,800.0,11,3,6,オブシディアン,牡,5,55.0,▲水沼,86.6,ハナ,15,282.0,37.1,15-16,美浦 石栗,544,4,
202505040312,2025-10-11,東京,12,3歳以上1勝クラス,ダ,1400,左,小雨,稍,"4回 東京 3日目 サラ系３歳以上 １勝クラス       [指] 定量 16頭 本賞金:800,320,200,120,80万円",16,800.0,12,6,11,リアルショット,牡,3,56.0,佐々木,86.9,2,14,175.0,38.0,9-9,美浦 加藤征,464,-2,
202505040312,2025-10-11,東京,12,3歳以上1勝クラス,ダ,1400,左,小雨,稍,"4回 東京 3日目 サラ系３歳以上 １勝クラス       [指] 定量 16頭 本賞金:800,320,200,120,80万円",16,800.0,13,8,16,セッカチドラゴン,牡,4,58.0,菊沢,86.9,ハナ,11,80.0,37.6,13-14,美浦 本間,466,2,
202505040312,2025-10-11,東京,12,3歳以上1勝クラス,ダ,1400,左,小雨,稍,"4回 東京 3日目 サラ系３歳以上 １勝クラス       [指] 定量 16頭 本賞金:800,320,200,120,80万円",16,800.0,14,4,7,マイネルブリオン,牡,3,56.0,松岡,87.0,クビ,8,29.9,38.2,9-9,美浦 矢野,480,-6,
202505040312,2025-10-11,東京,12,3歳以上1勝クラス,ダ,1400,左,小雨,稍,"4回 東京 3日目 サラ系３歳以上 １勝クラス       [指] 定量 16頭 本賞金:800,320,200,120,80万円",16,800.0,15,7,13,サヨノジャンボリー,牡,3,56.0,内田博,87.2,1.1/2,12,98.4,38.7,2-3,美浦 小笠,470,-2,
202505040312,2025-10-11,東京,12,3歳以上1勝クラス,ダ,1400,左,小雨,稍,"4回 東京 3日目 サラ系３歳以上 １勝クラス       [指] 定量 16頭 本賞金:800,320,200,120,80万円",16,800.0,16,7,14,タイセイブロウ,牡,4,58.0,荻野極,87.3,クビ,10,55.6,38.4,11-9,栗東 平田,500,4,
202505040312,2025-10-11,東京,12,3歳以上1勝クラス,ダ,1400,左,小雨,稍,"4回 東京 3日目 サラ系３歳以上 １勝クラス       [指] 定量 16頭 本賞金:800,320,200,120,80万円",16,800.0,,1,3,トラヴェリンバンド,,,96.0,90,,12.7,4,11.4,4.0,11.9,2,,,
202505040312,2025-10-11,東京,12,3歳以上1勝クラス,ダ,1400,左,小雨,稍,"4回 東京 3日目 サラ系３歳以上 １勝クラス       [指] 定量 16頭 本賞金:800,320,200,120,80万円",16,800.0,,1,3,トラヴェリンバンド,,,,-,,-,,,,-,-,,,
202508030301,2025-10-11,京都,1,2歳未勝利,ダ,1200,右,曇,良,"3回 京都 3日目 サラ系２歳 未勝利       [指] 馬齢 16頭 本賞金:560,220,140,84,56万円",16,560.0,1,7,14,ランスオブキング,牡,2,56.0,松山,72.9,,1,2.9,37.4,2-2,栗東 本田,468,8,
202508030301,2025-10-11,京都,1,2歳未勝利,ダ,1200,右,曇,良,"3回 京都 3日目 サラ系２歳 未勝利       [指] 馬齢 16頭 本賞金:560,220,140,84,56万円",16,560.0,2,8,15,リアルアルバ,牡,2,56.0,田口,73.1,1.1/4,10,25.9,37.6,2-2,栗東 大橋,462,10,
202508030301,2025-10-11,京都,1,2歳未勝利,ダ,1200,右,曇,良,"3回 京都 3日目 サラ系２歳 未勝利       [指] 馬齢 16頭 本賞金:560,220,140,84,56万円",16,560.0,3,6,12,グラスゴー,牝,2,55.0,高杉,73.3,1.1/4,5,9.2,38.0,1-1,栗東 浜田,440,4,
202508030301,2025-10-11,京都,1,2歳未勝利,ダ,1200,右,曇,良,"3回 京都 3日目 サラ系２歳 未勝利       [指] 馬齢 16頭 本賞金:560,220,140,84,56万円",16,560.0,4,5,9,ミヤラティーニ,牝,2,55.0,秋山稔,73.4,1/2,12,33.6,37.1,12-11,栗東 東田,422,4,
202508030301,2025-10-11,京都,1,2歳未勝利,ダ,1200,右,曇,良,"3回 京都 3日目 サラ系２歳 未勝利       [指] 馬齢 16頭 本賞金:560,220,140,84,56万円",16,560.0,5,2,3,サンリナリア,牝,2,55.0,中井,73.7,2,6,19.8,37.7,8-8,栗東 緒方,434,-2,
202508030301,2025-10-11,京都,1,2歳未勝利,ダ,1200,右,曇,良,"3回 京都 3日目 サラ系２歳 未勝利       [指] 馬齢 16頭 本賞金:560,220,140,84,56万円",16,560.0,6,8,16,テリオスヒナ,牝,2,52.0,▲和田陽,73.8,1,16,266.4,38.0,4-4,栗東 小椋,434,2,
202508030301,2025-10-11,京都,1,2歳未勝利,ダ,1200,右,曇,良,"3回 京都 3日目 サラ系２歳 未勝利       [指] 馬齢 16頭 本賞金:560,220,140,84,56万円",16,560.0,7,1,2,フレンズプラス,牝,2,54.0,☆吉村,73.9,クビ,2,4.7,38.2,4-4,栗東 宮本,416,0,
202508030301,2025-10-11,京都,1,2歳未勝利,ダ,1200,右,曇,良,"3回 京都 3日目 サラ系２歳 未勝利       [指] 馬齢 16頭 本賞金:560,220,140,84,56万円",16,560.0,8,5,10,ハルイチバン,牡,2,56.0,岩田望,74.2,1.1/2,3,5.6,37.9,12-11,栗東 西園正,464,4,
202508030301,2025-10-11,京都,1,2歳未勝利,ダ,1200,右,曇,良,"3回 京都 3日目 サラ系２歳 未勝利       [指] 馬齢 16頭 本賞金:560,220,140,84,56万円",16,560.0,9,7,13,メイショウボンテン,牡,2,56.0,武豊,74.6,2.1/2,8,24.4,38.5,8-11,栗東 飯田,450,-2,
202508030301,2025-10-11,京都,1,2歳未勝利,ダ,1200,右,曇,良,"3回 京都 3日目 サラ系２歳 未勝利       [指] 馬齢 16頭 本賞金:560,220,140,84,56万円",16,560.0,10,4,7,リーガルスプレンダ,牝,2,55.0,加藤,74.9,1.3/4,11,27.2,39.1,4-4,栗東 庄野,466,10,
202508030301,2025-10-11,京都,1,2歳未勝利,ダ,1200,右,曇,良,"3回 京都 3日目 サラ系２歳 未勝利       [指] 馬齢 16頭 本賞金:560,220,140,84,56万円",16,560.0,11,6,11,ワイドアルバ,牡,2,56.0,松若,74.9,ハナ,9,25.1,38.8,8-8,栗東 藤野,472,10,
202508030301,2025-10-11,京都,1,2歳未勝利,ダ,1200,右,曇,良,"3回 京都 3日目 サラ系２歳 未勝利       [指] 馬齢 16頭 本賞金:560,220,140,84,56万円",16,560.0,12,2,4,クイーンズステート,牝,2,51.0,★河原田,75.0,3/4,15,261.0,37.6,16-15,栗東 新谷,376,8,
202508030301,2025-10-11,京都,1,2歳未勝利,ダ,1200,右,曇,良,"3回 京都 3日目 サラ系２歳 未勝利       [指] 馬齢 16頭 本賞金:560,220,140,84,56万円",16,560.0,13,3,6,テーオーエリーナ,牝,2,52.0,▲橋木,75.7,4,14,159.4,39.0,14-14,栗東 宮,426,-12,
202508030301,2025-10-11,京都,1,2歳未勝利,ダ,1200,右,曇,良,"3回 京都 3日目 サラ系２歳 未勝利       [指] 馬齢 16頭 本賞金:560,220,140,84,56万円",16,560.0,14,3,5,ナムラマフィン,牝,2,55.0,和田竜,75.7,ハナ,7,22.6,39.8,8-8,栗東 鈴木孝,422,0,
202508030301,2025-10-11,京都,1,2歳未勝利,ダ,1200,右,曇,良,"3回 京都 3日目 サラ系２歳 未勝利       [指] 馬齢 16頭 本賞金:560,220,140,84,56万円",16,560.0,15,1,1,ワイドカクゲン,牡,2,56.0,鮫島駿,76.6,5,4,8.8,40.9,4-4,栗東 杉山佳,490,0,
202508030301,2025-10-11,京都,1,2歳未勝利,ダ,1200,右,曇,良,"3回 京都 3日目 サラ系２歳 未勝利       [指] 馬齢 16頭 本賞金:560,220,140,84,56万円",16,560.0,16,4,8,マジックアロマ,牝,2,55.0,西村淳,77.0,2.1/2,13,88.5,40.0,15-16,栗東 小栗,446,0,
202508030301,2025-10-11,京都,1,2歳未勝利,ダ,1200,右,曇,良,"3回 京都 3日目 サラ系２歳 未勝利       [指] 馬齢 16頭 本賞金:560,220,140,84,56万円",16,560.0,,1,14,ランスオブキング,,,97.0,92,,12.5,6,11.2,3.0,11.8,2,,,
202508030301,2025-10-11,京都,1,2歳未勝利,ダ,1200,右,曇,良,"3回 京都 3日目 サラ系２歳 未勝利       [指] 馬齢 16頭 本賞金:560,220,140,84,56万円",16,560.0,,1,14,ランスオブキング,,,,-,,-,,,,-,-,,,
202508030302,2025-10-11,京都,2,2歳未勝利,ダ,1800,右,曇,良,"3回 京都 3日目 サラ系２歳 未勝利       [指] 馬齢 8頭 本賞金:560,220,140,84,56万円",8,560.0,1,1,1,カムアップローゼス,牡,2,56.0,松山,113.5,,1,1.3,37.1,1-1-1-1,栗東 浜田,476,8,
202508030302,2025-10-11,京都,2,2歳未勝利,ダ,1800,右,曇,良,"3回 京都 3日目 サラ系２歳 未勝利       [指] 馬齢 8頭 本賞金:560,220,140,84,56万円",8,560.0,2,7,7,サトノリシャール,牡,2,56.0,古川吉,113.6,3/4,4,8.2,36.7,7-6-5-5,栗東 福永,478,2,
202508030302,2025-10-11,京都,2,2歳未勝利,ダ,1800,右,曇,良,"3回 京都 3日目 サラ系２歳 未勝利       [指] 馬齢 8頭 本賞金:560,220,140,84,56万円",8,560.0,3,6,6,ヴォーカライズ,牡,2,55.0,☆吉村,113.6,アタマ,2,4.6,36.8,6-6-4-4,栗東 高野,478,-10,
202508030302,2025-10-11,京都,2,2歳未勝利,ダ,1800,右,曇,良,"3回 京都 3日目 サラ系２歳 未勝利       [指] 馬齢 8頭 本賞金:560,220,140,84,56万円",8,560.0,4,3,3,バトゥカーダ,牡,2,56.0,松若,113.9,1.1/2,3,6.7,37.3,3-3-3-2,栗東 安達,484,4,
202508030302,2025-10-11,京都,2,2歳未勝利,ダ,1800,右,曇,良,"3回 京都 3日目 サラ系２歳 未勝利       [指] 馬齢 8頭 本賞金:560,220,140,84,56万円",8,560.0,5,8,8,コパノルーカス,牡,2,53.0,▲和田陽,116.2,大,7,100.8,38.0,8-8-8-8,栗東 梅田,480,-2,
202508030302,2025-10-11,京都,2,2歳未勝利,ダ,1800,右,曇,良,"3回 京都 3日目 サラ系２歳 未勝利       [指] 馬齢 8頭 本賞金:560,220,140,84,56万円",8,560.0,6,2,2,ゴールドアイリーン,牝,2,55.0,斎藤,116.3,1/2,5,63.3,39.9,2-2-2-2,栗東 小栗,502,0,
202508030302,2025-10-11,京都,2,2歳未勝利,ダ,1800,右,曇,良,"3回 京都 3日目 サラ系２歳 未勝利       [指] 馬齢 8頭 本賞金:560,220,140,84,56万円",8,560.0,7,4,4,スナークホクサイ,牡,2,56.0,富田,116.9,3.1/2,6,71.4,39.9,3-4-5-6,栗東 野中,478,-12,
202508030302,2025-10-11,京都,2,2歳未勝利,ダ,1800,右,曇,良,"3回 京都 3日目 サラ系２歳 未勝利       [指] 馬齢 8頭 本賞金:560,220,140,84,56万円",8,560.0,8,5,5,テーオールーラー,牡,2,52.0,★河原田,119.5,大,8,188.8,42.3,3-4-5-7,栗東 清水久,420,2,
202508030302,2025-10-11,京都,2,2歳未勝利,ダ,1800,右,曇,良,"3回 京都 3日目 サラ系２歳 未勝利       [指] 馬齢 8頭 本賞金:560,220,140,84,56万円",8,560.0,,1,1,カムアップローゼス,,,96.0,82,,12.5,3,12.0,1.0,13.3,2,,,
202508030302,2025-10-11,京都,2,2歳未勝利,ダ,1800,右,曇,良,"3回 京都 3日目 サラ系２歳 未勝利       [指] 馬齢 8頭 本賞金:560,220,140,84,56万円",8,560.0,,1,1,カムアップローゼス,,,,-,,-,,,,-,-,,,
202508030303,2025-10-11,京都,3,2歳未勝利,芝,1800,右,曇,良,"3回 京都 3日目 サラ系２歳 未勝利       (混)[指] 馬齢 6頭 本賞金:560,220,140,84,56万円",6,560.0,1,2,2,シーミハットク,牡,2,56.0,岩田望,108.0,,2,3.1,34.1,1-1,栗東 寺島,488,4,
202508030303,2025-10-11,京都,3,2歳未勝利,芝,1800,右,曇,良,"3回 京都 3日目 サラ系２歳 未勝利       (混)[指] 馬齢 6頭 本賞金:560,220,140,84,56万円",6,560.0,2,5,5,テーオーアルアイン,牡,2,56.0,松山,108.3,1.3/4,3,4.2,34.0,5-5,栗東 奥村豊,480,2,
202508030303,2025-10-11,京都,3,2歳未勝利,芝,1800,右,曇,良,"3回 京都 3日目 サラ系２歳 未勝利       (混)[指] 馬齢 6頭 本賞金:560,220,140,84,56万円",6,560.0,3,6,6,イルミナジーティー,牝,2,55.0,藤岡佑,108.5,1.1/4,1,2.1,34.1,5-6,栗東 西園翔,434,0,
202508030303,2025-10-11,京都,3,2歳未勝利,芝,1800,右,曇,良,"3回 京都 3日目 サラ系２歳 未勝利       (混)[指] 馬齢 6頭 本賞金:560,220,140,84,56万円",6,560.0,4,1,1,ソルトハッピー,牡,2,56.0,団野,108.6,クビ,4,5.2,34.4,2-3,栗東 荒川,460,4,
202508030303,2025-10-11,京都,3,2歳未勝利,芝,1800,右,曇,良,"3回 京都 3日目 サラ系２歳 未勝利       (混)[指] 馬齢 6頭 本賞金:560,220,140,84,56万円",6,560.0,5,3,3,テーオーレックス,牡,2,56.0,菱田,110.0,9,6,71.7,35.9,2-2,栗東 岡田,456,4,
202508030303,2025-10-11,京都,3,2歳未勝利,芝,1800,右,曇,良,"3回 京都 3日目 サラ系２歳 未勝利       (混)[指] 馬齢 6頭 本賞金:560,220,140,84,56万円",6,560.0,6,4,4,イノリ,牝,2,53.0,◇永島,110.9,5,5,32.0,36.8,2-3,栗東 高橋康,410,-4,
202508030303,2025-10-11,京都,3,2歳未勝利,芝,1800,右,曇,良,"3回 京都 3日目 サラ系２歳 未勝利       (混)[指] 馬齢 6頭 本賞金:560,220,140,84,56万円",6,560.0,,1,2,シーミハットク,,,92.0,80,,12.9,4,11.6,2.0,11.6,2,,,
202508030303,2025-10-11,京都,3,2歳未勝利,芝,1800,右,曇,良,"3回 京都 3日目 サラ系２歳 未勝利       (混)[指] 馬齢 6頭 本賞金:560,220,140,84,56万円",6,560.0,,1,2,シーミハットク,,,,-,,-,,,,-,-,,,
202508030304,2025-10-11,京都,4,3歳以上障害OP,障,3170,,曇,良,"3回 京都 3日目 障害３歳以上 オープン       (混) 別定 11頭 本賞金:1430,570,360,210,143万円",11,1430.0,1,5,5,ディナースタ,牡,6,61.0,高田,215.5,,1,2.1,13.6,3-3-2-2,栗東 辻野,482,-2,
202508030304,2025-10-11,京都,4,3歳以上障害OP,障,3170,,曇,良,"3回 京都 3日目 障害３歳以上 オープン       (混) 別定 11頭 本賞金:1430,570,360,210,143万円",11,1430.0,2,6,7,ヘザルフェン,牡,4,61.0,森一,216.7,7,2,2.7,13.7,1-1-1-1,栗東 昆,516,8,
202508030304,2025-10-11,京都,4,3歳以上障害OP,障,3170,,曇,良,"3回 京都 3日目 障害３歳以上 オープン       (混) 別定 11頭 本賞金:1430,570,360,210,143万円",11,1430.0,3,1,1,テイエムエメラルド,牝,7,58.0,小野寺,217.5,5,6,41.2,13.7,3-4-4-5,栗東 小椋,462,6,
202508030304,2025-10-11,京都,4,3歳以上障害OP,障,3170,,曇,良,"3回 京都 3日目 障害３歳以上 オープン       (混) 別定 11頭 本賞金:1430,570,360,210,143万円",11,1430.0,4,4,4,アルマーザアミール,牡,4,60.0,小牧加,217.6,3/4,7,50.8,13.7,5-5-7-7,栗東 斉藤崇,502,-2,
202508030304,2025-10-11,京都,4,3歳以上障害OP,障,3170,,曇,良,"3回 京都 3日目 障害３歳以上 オープン       (混) 別定 11頭 本賞金:1430,570,360,210,143万円",11,1430.0,5,8,11,ワールドスケール,牡,8,61.0,黒岩,218.1,3,8,57.3,13.8,8-8-8-8,栗東 加藤公,484,-2,
202508030304,2025-10-11,京都,4,3歳以上障害OP,障,3170,,曇,良,"3回 京都 3日目 障害３歳以上 オープン       (混) 別定 11頭 本賞金:1430,570,360,210,143万円",11,1430.0,6,6,6,テイエムマジック,牡,7,60.0,難波,218.1,クビ,3,5.7,13.8,7-5-4-3,栗東 鈴木孝,532,4,
202508030304,2025-10-11,京都,4,3歳以上障害OP,障,3170,,曇,良,"3回 京都 3日目 障害３歳以上 オープン       (混) 別定 11頭 本賞金:1430,570,360,210,143万円",11,1430.0,7,7,8,マイネルメサイア,牡,6,60.0,上野,218.2,アタマ,5,25.0,13.8,2-2-3-3,美浦 水野,486,-6,
202508030304,2025-10-11,京都,4,3歳以上障害OP,障,3170,,曇,良,"3回 京都 3日目 障害３歳以上 オープン       (混) 別定 11頭 本賞金:1430,570,360,210,143万円",11,1430.0,8,7,9,コンテナワールド,牡,4,57.0,▲井上,218.2,ハナ,4,8.6,13.8,6-7-6-6,栗東 中竹,484,0,
202508030304,2025-10-11,京都,4,3歳以上障害OP,障,3170,,曇,良,"3回 京都 3日目 障害３歳以上 オープン       (混) 別定 11頭 本賞金:1430,570,360,210,143万円",11,1430.0,9,8,10,レディステディゴー,牡,7,60.0,中村,220.3,大,9,79.6,13.9,9-9-9-9,栗東 中村,516,0,
202508030304,2025-10-11,京都,4,3歳以上障害OP,障,3170,,曇,良,"3回 京都 3日目 障害３歳以上 オープン       (混) 別定 11頭 本賞金:1430,570,360,210,143万円",11,1430.0,10,2,2,ビーンスターク,牡,4,60.0,田村,222.4,大,10,126.6,14.0,10-10-10-10,栗東 森田,482,-2,
202508030304,2025-10-11,京都,4,3歳以上障害OP,障,3170,,曇,良,"3回 京都 3日目 障害３歳以上 オープン       (混) 別定 11頭 本賞金:1430,570,360,210,143万円",11,1430.0,,3,3,ポリトナリティー,牝,4,58.0,草野,,,,,,,美浦 和田雄,416,2,除外
202508030305,2025-10-11,京都,5,2歳新馬,芝,1400,右,曇,良,"3回 京都 3日目 サラ系２歳 新馬       牝[指] 馬齢 18頭 本賞金:750,300,190,110,75万円",18,750.0,1,3,6,マーゴットラヴミー,牝,2,55.0,池添,80.2,,5,13.7,33.4,2-2,栗東 小林,432,0,
202508030305,2025-10-11,京都,5,2歳新馬,芝,1400,右,曇,良,"3回 京都 3日目 サラ系２歳 新馬       牝[指] 馬齢 18頭 本賞金:750,300,190,110,75万円",18,750.0,2,5,9,ナオミニオールイン,牝,2,55.0,浜中,80.5,2,3,10.8,34.0,1-1,栗東 佐藤悠,432,0,
202508030305,2025-10-11,京都,5,2歳新馬,芝,1400,右,曇,良,"3回 京都 3日目 サラ系２歳 新馬       牝[指] 馬齢 18頭 本賞金:750,300,190,110,75万円",18,750.0,3,6,12,メルメラーダ,牝,2,55.0,西村淳,80.9,2.1/2,1,2.3,34.1,2-2,栗東 高橋一,444,0,
202508030305,2025-10-11,京都,5,2歳新馬,芝,1400,右,曇,良,"3回 京都 3日目 サラ系２歳 新馬       牝[指] 馬齢 18頭 本賞金:750,300,190,110,75万円",18,750.0,4,1,1,テイエムアイラン,牝,2,55.0,酒井,81.1,1.1/2,10,29.6,34.1,6-5,栗東 宮地,414,0,
202508030305,2025-10-11,京都,5,2歳新馬,芝,1400,右,曇,良,"3回 京都 3日目 サラ系２歳 新馬       牝[指] 馬齢 18頭 本賞金:750,300,190,110,75万円",18,750.0,5,1,2,ファイネクローネ,牝,2,55.0,和田竜,81.5,2,12,49.2,34.3,9-9,栗東 緒方,430,0,
202508030305,2025-10-11,京都,5,2歳新馬,芝,1400,右,曇,良,"3回 京都 3日目 サラ系２歳 新馬       牝[指] 馬齢 18頭 本賞金:750,300,190,110,75万円",18,750.0,6,4,7,マティンデ,牝,2,55.0,松若,81.5,アタマ,9,29.5,34.5,6-5,栗東 清水久,450,0,
202508030305,2025-10-11,京都,5,2歳新馬,芝,1400,右,曇,良,"3回 京都 3日目 サラ系２歳 新馬       牝[指] 馬齢 18頭 本賞金:750,300,190,110,75万円",18,750.0,7,2,3,ルージュビバーチェ,牝,2,55.0,松山,81.7,1,7,20.9,34.0,13-13,栗東 橋口,450,0,
202508030305,2025-10-11,京都,5,2歳新馬,芝,1400,右,曇,良,"3回 京都 3日目 サラ系２歳 新馬       牝[指] 馬齢 18頭 本賞金:750,300,190,110,75万円",18,750.0,8,6,11,モノノケ,牝,2,52.0,▲田山,81.9,1.1/2,13,62.0,35.2,2-2,栗東 宮地,464,0,
202508030305,2025-10-11,京都,5,2歳新馬,芝,1400,右,曇,良,"3回 京都 3日目 サラ系２歳 新馬       牝[指] 馬齢 18頭 本賞金:750,300,190,110,75万円",18,750.0,9,8,17,ベルシュヴァル,牝,2,55.0,岩田望,82.0,1,11,34.8,34.3,12-12,栗東 中村,420,0,
202508030305,2025-10-11,京都,5,2歳新馬,芝,1400,右,曇,良,"3回 京都 3日目 サラ系２歳 新馬       牝[指] 馬齢 18頭 本賞金:750,300,190,110,75万円",18,750.0,10,7,14,アスターシャウルス,牝,2,52.0,▲柴田裕,82.2,1,16,251.2,34.3,13-14,栗東 中竹,418,0,
202508030305,2025-10-11,京都,5,2歳新馬,芝,1400,右,曇,良,"3回 京都 3日目 サラ系２歳 新馬       牝[指] 馬齢 18頭 本賞金:750,300,190,110,75万円",18,750.0,11,8,16,ユナダイヤ,牝,2,55.0,菱田,82.3,1/2,14,129.3,34.8,10-10,栗東 岡田,430,0,
202508030305,2025-10-11,京都,5,2歳新馬,芝,1400,右,曇,良,"3回 京都 3日目 サラ系２歳 新馬       牝[指] 馬齢 18頭 本賞金:750,300,190,110,75万円",18,750.0,12,4,8,リアルナイスガール,牝,2,55.0,鮫島良,82.4,1/2,15,138.5,34.9,10-10,栗東 畑端,432,0,
202508030305,2025-10-11,京都,5,2歳新馬,芝,1400,右,曇,良,"3回 京都 3日目 サラ系２歳 新馬       牝[指] 馬齢 18頭 本賞金:750,300,190,110,75万円",18,750.0,13,8,18,サマーバンク,牝,2,55.0,団野,82.4,クビ,8,22.4,35.4,5-5,栗東 森田,466,0,
202508030305,2025-10-11,京都,5,2歳新馬,芝,1400,右,曇,良,"3回 京都 3日目 サラ系２歳 新馬       牝[指] 馬齢 18頭 本賞金:750,300,190,110,75万円",18,750.0,14,7,15,グランビスタ,牝,2,54.0,☆吉村,82.4,クビ,6,14.8,34.4,13-14,栗東 池添,438,0,
202508030305,2025-10-11,京都,5,2歳新馬,芝,1400,右,曇,良,"3回 京都 3日目 サラ系２歳 新馬       牝[指] 馬齢 18頭 本賞金:750,300,190,110,75万円",18,750.0,15,3,5,ビップアリス,牝,2,55.0,高杉,82.7,1.1/2,4,12.6,35.7,6-5,栗東 松下,426,0,
202508030305,2025-10-11,京都,5,2歳新馬,芝,1400,右,曇,良,"3回 京都 3日目 サラ系２歳 新馬       牝[指] 馬齢 18頭 本賞金:750,300,190,110,75万円",18,750.0,16,5,10,ライトオブジアース,牝,2,55.0,武豊,82.9,1.1/4,2,3.8,34.6,16-16,栗東 松永幹,494,0,
202508030305,2025-10-11,京都,5,2歳新馬,芝,1400,右,曇,良,"3回 京都 3日目 サラ系２歳 新馬       牝[指] 馬齢 18頭 本賞金:750,300,190,110,75万円",18,750.0,17,2,4,サリー,牝,2,54.0,☆西塚,83.5,3.1/2,17,251.3,34.8,17-17,栗東 前川,412,0,
202508030305,2025-10-11,京都,5,2歳新馬,芝,1400,右,曇,良,"3回 京都 3日目 サラ系２歳 新馬       牝[指] 馬齢 18頭 本賞金:750,300,190,110,75万円",18,750.0,,7,13,シェイプオブユー,牝,2,55.0,川又,,,,,,,栗東 吉村,,,取消
202508030305,2025-10-11,京都,5,2歳新馬,芝,1400,右,曇,良,"3回 京都 3日目 サラ系２歳 新馬       牝[指] 馬齢 18頭 本賞金:750,300,190,110,75万円",18,750.0,,1,6,マーゴットラヴミー,,,100.0,90,,12.2,2,11.1,2.0,11.8,1,,,
202508030305,2025-10-11,京都,5,2歳新馬,芝,1400,右,曇,良,"3回 京都 3日目 サラ系２歳 新馬       牝[指] 馬齢 18頭 本賞金:750,300,190,110,75万円",18,750.0,,1,6,マーゴットラヴミー,,,,-,,-,,,,-,-,,,
202508030306,2025-10-11,京都,6,2歳新馬,ダ,1200,右,曇,良,"3回 京都 3日目 サラ系２歳 新馬       [指] 馬齢 11頭 本賞金:750,300,190,110,75万円",11,750.0,1,6,6,マメタンク,牡,2,56.0,松若,72.4,,1,3.1,36.4,2-2,栗東 東田,448,0,
202508030306,2025-10-11,京都,6,2歳新馬,ダ,1200,右,曇,良,"3回 京都 3日目 サラ系２歳 新馬       [指] 馬齢 11頭 本賞金:750,300,190,110,75万円",11,750.0,2,8,10,タイニーワンダー,牝,2,55.0,角田和,72.9,3,6,9.9,36.5,5-5,栗東 四位,424,0,
202508030306,2025-10-11,京都,6,2歳新馬,ダ,1200,右,曇,良,"3回 京都 3日目 サラ系２歳 新馬       [指] 馬齢 11頭 本賞金:750,300,190,110,75万円",11,750.0,3,7,8,メイショウテリオス,牡,2,55.0,☆吉村,73.3,2.1/2,3,6.2,37.1,3-3,栗東 高橋亮,498,0,
202508030306,2025-10-11,京都,6,2歳新馬,ダ,1200,右,曇,良,"3回 京都 3日目 サラ系２歳 新馬       [指] 馬齢 11頭 本賞金:750,300,190,110,75万円",11,750.0,4,4,4,テルヴィセクス,牡,2,56.0,団野,73.6,1.3/4,2,3.2,37.7,1-1,栗東 斉藤崇,474,0,
202508030306,2025-10-11,京都,6,2歳新馬,ダ,1200,右,曇,良,"3回 京都 3日目 サラ系２歳 新馬       [指] 馬齢 11頭 本賞金:750,300,190,110,75万円",11,750.0,5,1,1,サクライロマウコロ,牝,2,55.0,松山,74.4,5,5,9.4,36.8,11-11,栗東 西園正,442,0,
202508030306,2025-10-11,京都,6,2歳新馬,ダ,1200,右,曇,良,"3回 京都 3日目 サラ系２歳 新馬       [指] 馬齢 11頭 本賞金:750,300,190,110,75万円",11,750.0,6,5,5,スマートイデアル,牝,2,53.0,◇永島,74.4,アタマ,8,32.6,37.4,8-7,栗東 角田,390,0,
202508030306,2025-10-11,京都,6,2歳新馬,ダ,1200,右,曇,良,"3回 京都 3日目 サラ系２歳 新馬       [指] 馬齢 11頭 本賞金:750,300,190,110,75万円",11,750.0,7,7,9,クロカミジョウ,牝,2,55.0,菱田,74.6,1,7,13.4,38.4,3-3,栗東 岡田,476,0,
202508030306,2025-10-11,京都,6,2歳新馬,ダ,1200,右,曇,良,"3回 京都 3日目 サラ系２歳 新馬       [指] 馬齢 11頭 本賞金:750,300,190,110,75万円",11,750.0,8,3,3,スラッシュ,牡,2,56.0,田口,75.3,4,9,78.4,38.4,8-9,栗東 安達,470,0,
202508030306,2025-10-11,京都,6,2歳新馬,ダ,1200,右,曇,良,"3回 京都 3日目 サラ系２歳 新馬       [指] 馬齢 11頭 本賞金:750,300,190,110,75万円",11,750.0,9,8,11,ゲキシン,牝,2,55.0,高杉,75.4,1/2,4,7.9,38.4,7-7,栗東 角田,458,0,
202508030306,2025-10-11,京都,6,2歳新馬,ダ,1200,右,曇,良,"3回 京都 3日目 サラ系２歳 新馬       [指] 馬齢 11頭 本賞金:750,300,190,110,75万円",11,750.0,10,2,2,ライクシュガー,牝,2,55.0,秋山稔,76.9,9,11,148.9,40.5,5-6,栗東 坂口,448,0,
202508030306,2025-10-11,京都,6,2歳新馬,ダ,1200,右,曇,良,"3回 京都 3日目 サラ系２歳 新馬       [指] 馬齢 11頭 本賞金:750,300,190,110,75万円",11,750.0,11,6,7,チョウギャル,牝,2,55.0,加藤,78.3,9,10,129.6,41.1,10-10,栗東 羽月,450,0,
202508030306,2025-10-11,京都,6,2歳新馬,ダ,1200,右,曇,良,"3回 京都 3日目 サラ系２歳 新馬       [指] 馬齢 11頭 本賞金:750,300,190,110,75万円",11,750.0,,1,6,マメタンク,,,95.0,87,,12.6,3,11.3,3.0,12.0,2,,,
202508030306,2025-10-11,京都,6,2歳新馬,ダ,1200,右,曇,良,"3回 京都 3日目 サラ系２歳 新馬       [指] 馬齢 11頭 本賞金:750,300,190,110,75万円",11,750.0,,1,6,マメタンク,,,,-,,-,,,,-,-,,,
202508030307,2025-10-11,京都,7,3歳以上1勝クラス,芝,1800,右,曇,良,"3回 京都 3日目 サラ系３歳以上 １勝クラス       牝[指] 定量 11頭 本賞金:800,320,200,120,80万円",11,800.0,1,2,2,アラベラ,牝,3,54.0,松山,104.6,,3,5.8,34.2,8-7,栗東 上村,428,-6,
202508030307,2025-10-11,京都,7,3歳以上1勝クラス,芝,1800,右,曇,良,"3回 京都 3日目 サラ系３歳以上 １勝クラス       牝[指] 定量 11頭 本賞金:800,320,200,120,80万円",11,800.0,2,8,10,マディソンガール,牝,3,54.0,川田,104.6,アタマ,1,2.2,33.9,11-11,栗東 中内田,458,-2,
202508030307,2025-10-11,京都,7,3歳以上1勝クラス,芝,1800,右,曇,良,"3回 京都 3日目 サラ系３歳以上 １勝クラス       牝[指] 定量 11頭 本賞金:800,320,200,120,80万円",11,800.0,3,4,4,ジーティードレス,牝,3,54.0,岩田望,104.7,1/2,2,4.2,34.5,4-4,栗東 辻野,446,-2,
202508030307,2025-10-11,京都,7,3歳以上1勝クラス,芝,1800,右,曇,良,"3回 京都 3日目 サラ系３歳以上 １勝クラス       牝[指] 定量 11頭 本賞金:800,320,200,120,80万円",11,800.0,4,7,8,アンビアンス,牝,3,54.0,酒井,104.8,クビ,9,65.9,34.4,8-7,栗東 清水久,454,4,
202508030307,2025-10-11,京都,7,3歳以上1勝クラス,芝,1800,右,曇,良,"3回 京都 3日目 サラ系３歳以上 １勝クラス       牝[指] 定量 11頭 本賞金:800,320,200,120,80万円",11,800.0,5,8,11,エアビッグマム,牝,3,54.0,武豊,105.1,1.3/4,5,12.2,34.7,8-7,栗東 笹田,510,2,
202508030307,2025-10-11,京都,7,3歳以上1勝クラス,芝,1800,右,曇,良,"3回 京都 3日目 サラ系３歳以上 １勝クラス       牝[指] 定量 11頭 本賞金:800,320,200,120,80万円",11,800.0,6,1,1,オリーボーレン,牝,4,56.0,高杉,105.2,1/2,4,7.9,35.3,1-2,栗東 藤岡,468,6,
202508030307,2025-10-11,京都,7,3歳以上1勝クラス,芝,1800,右,曇,良,"3回 京都 3日目 サラ系３歳以上 １勝クラス       牝[指] 定量 11頭 本賞金:800,320,200,120,80万円",11,800.0,7,7,9,ブルーミングローズ,牝,3,53.0,☆吉村,105.2,クビ,8,26.4,35.1,4-4,栗東 高野,466,10,
202508030307,2025-10-11,京都,7,3歳以上1勝クラス,芝,1800,右,曇,良,"3回 京都 3日目 サラ系３歳以上 １勝クラス       牝[指] 定量 11頭 本賞金:800,320,200,120,80万円",11,800.0,8,5,5,ベランジェール,牝,4,53.0,▲森田,105.3,クビ,10,118.6,35.0,4-7,栗東 武幸,484,12,
202508030307,2025-10-11,京都,7,3歳以上1勝クラス,芝,1800,右,曇,良,"3回 京都 3日目 サラ系３歳以上 １勝クラス       牝[指] 定量 11頭 本賞金:800,320,200,120,80万円",11,800.0,9,6,6,ムーンライトラガー,牝,3,54.0,荻野琢,105.5,1.1/4,7,22.1,35.6,2-1,栗東 大久保,436,10,
202508030307,2025-10-11,京都,7,3歳以上1勝クラス,芝,1800,右,曇,良,"3回 京都 3日目 サラ系３歳以上 １勝クラス       牝[指] 定量 11頭 本賞金:800,320,200,120,80万円",11,800.0,10,3,3,ザラタン,牝,3,54.0,池添,105.5,ハナ,6,13.6,35.3,4-4,栗東 中竹,446,12,
202508030307,2025-10-11,京都,7,3歳以上1勝クラス,芝,1800,右,曇,良,"3回 京都 3日目 サラ系３歳以上 １勝クラス       牝[指] 定量 11頭 本賞金:800,320,200,120,80万円",11,800.0,11,6,7,ダイシンビヨンド,牝,6,56.0,国分優,106.0,3,11,133.5,36.0,3-2,栗東 梅田,478,0,
202508030307,2025-10-11,京都,7,3歳以上1勝クラス,芝,1800,右,曇,良,"3回 京都 3日目 サラ系３歳以上 １勝クラス       牝[指] 定量 11頭 本賞金:800,320,200,120,80万円",11,800.0,,1,2,アラベラ,,,93.0,99,,13.3,4,11.0,3.0,11.0,2,,,
202508030307,2025-10-11,京都,7,3歳以上1勝クラス,芝,1800,右,曇,良,"3回 京都 3日目 サラ系３歳以上 １勝クラス       牝[指] 定量 11頭 本賞金:800,320,200,120,80万円",11,800.0,,1,2,アラベラ,,,,-,,-,,,,-,-,,,
202508030308,2025-10-11,京都,8,紫菊賞,芝,2000,右,曇,良,"3回 京都 3日目 サラ系２歳 １勝クラス       (混)(特指) 馬齢 7頭 本賞金:1110,440,280,170,111万円",7,1110.0,1,1,1,ロードラヴォール,牡,2,56.0,川田,119.3,,1,1.7,36.3,2-1-1-1,栗東 中内田,522,20,
202508030308,2025-10-11,京都,8,紫菊賞,芝,2000,右,曇,良,"3回 京都 3日目 サラ系２歳 １勝クラス       (混)(特指) 馬齢 7頭 本賞金:1110,440,280,170,111万円",7,1110.0,2,7,7,サトノアイボリー,牡,2,56.0,団野,119.3,クビ,3,4.4,36.1,3-3-3-2,栗東 杉山晴,486,6,
202508030308,2025-10-11,京都,8,紫菊賞,芝,2000,右,曇,良,"3回 京都 3日目 サラ系２歳 １勝クラス       (混)(特指) 馬齢 7頭 本賞金:1110,440,280,170,111万円",7,1110.0,3,2,2,ユメシルベ,牝,2,55.0,柴田大,119.7,2.1/2,4,13.8,36.1,4-4-4-4,美浦 粕谷,416,-2,
202508030308,2025-10-11,京都,8,紫菊賞,芝,2000,右,曇,良,"3回 京都 3日目 サラ系２歳 １勝クラス       (混)(特指) 馬齢 7頭 本賞金:1110,440,280,170,111万円",7,1110.0,4,4,4,ブルースカイブルー,牡,2,56.0,和田竜,121.3,10,2,2.8,38.3,1-2-2-2,栗東 平田,536,2,
202508030308,2025-10-11,京都,8,紫菊賞,芝,2000,右,曇,良,"3回 京都 3日目 サラ系２歳 １勝クラス       (混)(特指) 馬齢 7頭 本賞金:1110,440,280,170,111万円",7,1110.0,5,5,5,セイカンサンラン,牡,2,56.0,古川吉,122.7,8,7,212.3,38.2,7-7-6-6,栗東 大根田,430,-2,
202508030308,2025-10-11,京都,8,紫菊賞,芝,2000,右,曇,良,"3回 京都 3日目 サラ系２歳 １勝クラス       (混)(特指) 馬齢 7頭 本賞金:1110,440,280,170,111万円",7,1110.0,6,6,6,ファインマン,牡,2,56.0,高倉,122.8,1/2,5,106.5,38.5,5-4-5-5,栗東 前川,496,0,
202508030308,2025-10-11,京都,8,紫菊賞,芝,2000,右,曇,良,"3回 京都 3日目 サラ系２歳 １勝クラス       (混)(特指) 馬齢 7頭 本賞金:1110,440,280,170,111万円",7,1110.0,7,3,3,オッハッピー,牝,2,55.0,鷲頭,123.5,4,6,143.8,39.0,5-6-6-6,栗東 西村,424,-8,
202508030308,2025-10-11,京都,8,紫菊賞,芝,2000,右,曇,良,"3回 京都 3日目 サラ系２歳 １勝クラス       (混)(特指) 馬齢 7頭 本賞金:1110,440,280,170,111万円",7,1110.0,,1,1,ロードラヴォール,,,97.0,102,,12.8,2,11.6,1.0,11.6,1,,,
202508030308,2025-10-11,京都,8,紫菊賞,芝,2000,右,曇,良,"3回 京都 3日目 サラ系２歳 １勝クラス       (混)(特指) 馬齢 7頭 本賞金:1110,440,280,170,111万円",7,1110.0,,1,1,ロードラヴォール,,,,-,,-,,,,-,-,,,
202508030309,2025-10-11,京都,9,3歳以上1勝クラス,ダ,1800,右,曇,良,"3回 京都 3日目 サラ系３歳以上 １勝クラス       [指] 定量 12頭 本賞金:800,320,200,120,80万円",12,800.0,1,4,4,スマートカイロス,牡,3,53.0,▲古川奈,112.0,,2,3.6,37.0,2-2-2-1,栗東 矢作,518,6,
202508030309,2025-10-11,京都,9,3歳以上1勝クラス,ダ,1800,右,曇,良,"3回 京都 3日目 サラ系３歳以上 １勝クラス       [指] 定量 12頭 本賞金:800,320,200,120,80万円",12,800.0,2,3,3,ゴールドダイアー,牡,3,56.0,和田竜,112.0,ハナ,3,4.9,36.3,6-6-7-5,栗東 平田,488,6,
202508030309,2025-10-11,京都,9,3歳以上1勝クラス,ダ,1800,右,曇,良,"3回 京都 3日目 サラ系３歳以上 １勝クラス       [指] 定量 12頭 本賞金:800,320,200,120,80万円",12,800.0,3,7,9,ドラゴン,牡,3,56.0,武豊,112.3,2,1,2.2,37.0,3-3-3-3,栗東 松永幹,496,-8,
202508030309,2025-10-11,京都,9,3歳以上1勝クラス,ダ,1800,右,曇,良,"3回 京都 3日目 サラ系３歳以上 １勝クラス       [指] 定量 12頭 本賞金:800,320,200,120,80万円",12,800.0,4,2,2,ドゥラエテルノ,牡,3,56.0,浜中,112.3,クビ,4,5.9,36.7,4-4-4-4,栗東 武幸,468,-4,
202508030309,2025-10-11,京都,9,3歳以上1勝クラス,ダ,1800,右,曇,良,"3回 京都 3日目 サラ系３歳以上 １勝クラス       [指] 定量 12頭 本賞金:800,320,200,120,80万円",12,800.0,5,1,1,サンダーユニバンス,牡,4,58.0,城戸,113.2,5,10,146.9,38.3,1-1-1-2,栗東 奥村豊,476,0,
202508030309,2025-10-11,京都,9,3歳以上1勝クラス,ダ,1800,右,曇,良,"3回 京都 3日目 サラ系３歳以上 １勝クラス       [指] 定量 12頭 本賞金:800,320,200,120,80万円",12,800.0,6,6,7,サーティファイド,セ,6,58.0,田口,113.5,1.3/4,8,94.8,36.6,11-11-12-12,栗東 佐藤悠,460,-2,
202508030309,2025-10-11,京都,9,3歳以上1勝クラス,ダ,1800,右,曇,良,"3回 京都 3日目 サラ系３歳以上 １勝クラス       [指] 定量 12頭 本賞金:800,320,200,120,80万円",12,800.0,7,8,11,サンピノン,牝,3,52.0,△鷲頭,113.8,1.3/4,12,208.7,38.2,9-7-4-5,栗東 谷,442,-24,
202508030309,2025-10-11,京都,9,3歳以上1勝クラス,ダ,1800,右,曇,良,"3回 京都 3日目 サラ系３歳以上 １勝クラス       [指] 定量 12頭 本賞金:800,320,200,120,80万円",12,800.0,8,5,6,イエスウィズキャン,牡,5,58.0,菱田,113.8,クビ,7,49.4,37.6,11-11-9-9,栗東 羽月,548,-4,
202508030309,2025-10-11,京都,9,3歳以上1勝クラス,ダ,1800,右,曇,良,"3回 京都 3日目 サラ系３歳以上 １勝クラス       [指] 定量 12頭 本賞金:800,320,200,120,80万円",12,800.0,9,6,8,スコーピオンイメル,牡,3,56.0,富田,114.0,1.1/4,5,12.4,38.1,8-7-7-8,栗東 武英,498,-4,
202508030309,2025-10-11,京都,9,3歳以上1勝クラス,ダ,1800,右,曇,良,"3回 京都 3日目 サラ系３歳以上 １勝クラス       [指] 定量 12頭 本賞金:800,320,200,120,80万円",12,800.0,10,7,10,ナムラブーニン,牡,4,58.0,鮫島駿,114.2,1.1/4,6,32.0,38.0,9-10-9-9,栗東 高橋一,464,0,
202508030309,2025-10-11,京都,9,3歳以上1勝クラス,ダ,1800,右,曇,良,"3回 京都 3日目 サラ系３歳以上 １勝クラス       [指] 定量 12頭 本賞金:800,320,200,120,80万円",12,800.0,11,5,5,ウイングスオブラヴ,セ,6,54.0,★河原田,114.3,アタマ,9,122.4,37.7,7-7-11-11,栗東 笹田,476,-10,
202508030309,2025-10-11,京都,9,3歳以上1勝クラス,ダ,1800,右,曇,良,"3回 京都 3日目 サラ系３歳以上 １勝クラス       [指] 定量 12頭 本賞金:800,320,200,120,80万円",12,800.0,12,8,12,テーオーニコラス,セ,4,55.0,▲和田陽,114.7,2.1/2,11,161.6,39.1,4-4-4-7,栗東 奥村豊,474,0,
202508030309,2025-10-11,京都,9,3歳以上1勝クラス,ダ,1800,右,曇,良,"3回 京都 3日目 サラ系３歳以上 １勝クラス       [指] 定量 12頭 本賞金:800,320,200,120,80万円",12,800.0,,1,4,スマートカイロス,,,94.0,84,,12.6,3,11.9,2.0,12.8,3,,,
202508030309,2025-10-11,京都,9,3歳以上1勝クラス,ダ,1800,右,曇,良,"3回 京都 3日目 サラ系３歳以上 １勝クラス       [指] 定量 12頭 本賞金:800,320,200,120,80万円",12,800.0,,1,4,スマートカイロス,,,,-,,-,,,,-,-,,,
202508030310,2025-10-11,京都,10,宇治川特別,芝,1400,右,晴,良,"3回 京都 3日目 サラ系３歳以上 ２勝クラス       [指] 定量 13頭 本賞金:1550,620,390,230,155万円",13,1550.0,1,2,2,ミストレス,牝,3,54.0,岩田望,80.3,,5,20.9,33.4,6-6,栗東 矢作,480,0,
202508030310,2025-10-11,京都,10,宇治川特別,芝,1400,右,晴,良,"3回 京都 3日目 サラ系３歳以上 ２勝クラス       [指] 定量 13頭 本賞金:1550,620,390,230,155万円",13,1550.0,2,1,1,ホーリーブラッサム,牝,3,54.0,川田,80.3,クビ,1,1.5,33.8,2-3,栗東 斉藤崇,484,-2,
202508030310,2025-10-11,京都,10,宇治川特別,芝,1400,右,晴,良,"3回 京都 3日目 サラ系３歳以上 ２勝クラス       [指] 定量 13頭 本賞金:1550,620,390,230,155万円",13,1550.0,2,6,8,リリーフィールド,牝,3,54.0,武豊,80.3,クビ,2,4.3,33.9,2-2,栗東 小崎,436,6,
202508030310,2025-10-11,京都,10,宇治川特別,芝,1400,右,晴,良,"3回 京都 3日目 サラ系３歳以上 ２勝クラス       [指] 定量 13頭 本賞金:1550,620,390,230,155万円",13,1550.0,4,5,6,ホウオウサンデー,牡,7,58.0,団野,80.4,1/2,7,26.3,33.1,11-12,栗東 井上,464,0,
202508030310,2025-10-11,京都,10,宇治川特別,芝,1400,右,晴,良,"3回 京都 3日目 サラ系３歳以上 ２勝クラス       [指] 定量 13頭 本賞金:1550,620,390,230,155万円",13,1550.0,5,7,10,クイックバイオ,牝,4,56.0,田口,80.4,クビ,9,57.2,33.9,4-3,栗東 畑端,498,-4,
202508030310,2025-10-11,京都,10,宇治川特別,芝,1400,右,晴,良,"3回 京都 3日目 サラ系３歳以上 ２勝クラス       [指] 定量 13頭 本賞金:1550,620,390,230,155万円",13,1550.0,6,4,5,ルヴァンノワール,牝,7,56.0,鮫島駿,80.6,3/4,12,83.0,33.8,7-6,栗東 庄野,474,16,
202508030310,2025-10-11,京都,10,宇治川特別,芝,1400,右,晴,良,"3回 京都 3日目 サラ系３歳以上 ２勝クラス       [指] 定量 13頭 本賞金:1550,620,390,230,155万円",13,1550.0,7,6,9,エールトゥヘヴン,牡,6,58.0,池添,80.6,ハナ,4,16.7,34.3,1-1,美浦 戸田,464,2,
202508030310,2025-10-11,京都,10,宇治川特別,芝,1400,右,晴,良,"3回 京都 3日目 サラ系３歳以上 ２勝クラス       [指] 定量 13頭 本賞金:1550,620,390,230,155万円",13,1550.0,8,3,3,サロニコス,牝,4,56.0,西村淳,80.6,クビ,3,10.9,34.0,4-3,栗東 松下,466,4,
202508030310,2025-10-11,京都,10,宇治川特別,芝,1400,右,晴,良,"3回 京都 3日目 サラ系３歳以上 ２勝クラス       [指] 定量 13頭 本賞金:1550,620,390,230,155万円",13,1550.0,9,4,4,アップストローク,セ,6,58.0,松山,80.6,クビ,8,26.9,33.5,8-9,美浦 杉浦,456,-6,
202508030310,2025-10-11,京都,10,宇治川特別,芝,1400,右,晴,良,"3回 京都 3日目 サラ系３歳以上 ２勝クラス       [指] 定量 13頭 本賞金:1550,620,390,230,155万円",13,1550.0,10,7,11,ジオパーククラウン,牡,5,58.0,吉村,80.7,クビ,10,64.8,33.6,10-8,栗東 長谷川,458,2,
202508030310,2025-10-11,京都,10,宇治川特別,芝,1400,右,晴,良,"3回 京都 3日目 サラ系３歳以上 ２勝クラス       [指] 定量 13頭 本賞金:1550,620,390,230,155万円",13,1550.0,11,8,12,エイムフォーエース,牡,4,58.0,酒井,80.7,アタマ,11,71.4,33.4,13-9,美浦 武井,438,2,
202508030310,2025-10-11,京都,10,宇治川特別,芝,1400,右,晴,良,"3回 京都 3日目 サラ系３歳以上 ２勝クラス       [指] 定量 13頭 本賞金:1550,620,390,230,155万円",13,1550.0,12,8,13,アスクドリームモア,牡,5,58.0,西塚,80.7,クビ,6,24.2,33.3,11-13,栗東 藤原,520,6,
202508030310,2025-10-11,京都,10,宇治川特別,芝,1400,右,晴,良,"3回 京都 3日目 サラ系３歳以上 ２勝クラス       [指] 定量 13頭 本賞金:1550,620,390,230,155万円",13,1550.0,13,5,7,ホークマン,牡,4,58.0,柴田大,81.2,2.1/2,13,279.6,34.1,8-9,美浦 粕谷,480,2,
202508030310,2025-10-11,京都,10,宇治川特別,芝,1400,右,晴,良,"3回 京都 3日目 サラ系３歳以上 ２勝クラス       [指] 定量 13頭 本賞金:1550,620,390,230,155万円",13,1550.0,,1,2,ミストレス,,,91.0,89,,12.7,2,11.4,2.0,11.6,1,,,
202508030310,2025-10-11,京都,10,宇治川特別,芝,1400,右,晴,良,"3回 京都 3日目 サラ系３歳以上 ２勝クラス       [指] 定量 13頭 本賞金:1550,620,390,230,155万円",13,1550.0,,1,2,ミストレス,,,,-,,-,,,,-,-,,,
202508030311,2025-10-11,京都,11,御陵S,ダ,1900,右,晴,良,"3回 京都 3日目 サラ系３歳以上 ３勝クラス       (混)[指] ハンデ 16頭 本賞金:1840,740,460,280,184万円",16,1840.0,1,7,14,タガノバビロン,牡,3,55.0,松山,117.6,,1,3.2,36.8,12-12-9-7,栗東 西園翔,516,2,
202508030311,2025-10-11,京都,11,御陵S,ダ,1900,右,晴,良,"3回 京都 3日目 サラ系３歳以上 ３勝クラス       (混)[指] ハンデ 16頭 本賞金:1840,740,460,280,184万円",16,1840.0,2,3,5,シンビリーブ,牡,3,54.0,松若,117.8,1.1/4,6,16.5,37.7,3-3-2-5,栗東 森秀,518,-2,
202508030311,2025-10-11,京都,11,御陵S,ダ,1900,右,晴,良,"3回 京都 3日目 サラ系３歳以上 ３勝クラス       (混)[指] ハンデ 16頭 本賞金:1840,740,460,280,184万円",16,1840.0,3,8,16,ペンナヴェローチェ,牡,4,57.0,川田,117.9,1/2,3,6.6,37.3,5-8-5-7,栗東 須貝,496,6,
202508030311,2025-10-11,京都,11,御陵S,ダ,1900,右,晴,良,"3回 京都 3日目 サラ系３歳以上 ３勝クラス       (混)[指] ハンデ 16頭 本賞金:1840,740,460,280,184万円",16,1840.0,4,4,8,メイショウズイウン,牡,3,56.0,武豊,117.9,アタマ,2,3.5,37.5,8-5-4-2,栗東 本田,496,0,
202508030311,2025-10-11,京都,11,御陵S,ダ,1900,右,晴,良,"3回 京都 3日目 サラ系３歳以上 ３勝クラス       (混)[指] ハンデ 16頭 本賞金:1840,740,460,280,184万円",16,1840.0,5,7,13,イデアイゴッソウ,牡,4,56.0,横山典,118.0,1/2,4,6.8,36.1,15-15-15-15,美浦 小野,474,8,
202508030311,2025-10-11,京都,11,御陵S,ダ,1900,右,晴,良,"3回 京都 3日目 サラ系３歳以上 ３勝クラス       (混)[指] ハンデ 16頭 本賞金:1840,740,460,280,184万円",16,1840.0,6,1,1,デコラシオン,牡,6,57.0,池添,118.3,1.3/4,5,11.4,38.1,3-3-2-2,美浦 高木,520,2,
202508030311,2025-10-11,京都,11,御陵S,ダ,1900,右,晴,良,"3回 京都 3日目 サラ系３歳以上 ３勝クラス       (混)[指] ハンデ 16頭 本賞金:1840,740,460,280,184万円",16,1840.0,7,3,6,ホルトバージ,牡,4,56.0,西村淳,118.4,アタマ,7,18.6,38.0,5-5-5-2,栗東 寺島,478,12,
202508030311,2025-10-11,京都,11,御陵S,ダ,1900,右,晴,良,"3回 京都 3日目 サラ系３歳以上 ３勝クラス       (混)[指] ハンデ 16頭 本賞金:1840,740,460,280,184万円",16,1840.0,8,8,15,オメガタキシード,セ,5,56.0,高杉,118.5,3/4,10,50.4,37.4,13-14-13-9,栗東 井上,464,6,
202508030311,2025-10-11,京都,11,御陵S,ダ,1900,右,晴,良,"3回 京都 3日目 サラ系３歳以上 ３勝クラス       (混)[指] ハンデ 16頭 本賞金:1840,740,460,280,184万円",16,1840.0,9,4,7,シャルクハフト,牡,3,55.0,和田竜,118.6,3/4,8,19.2,38.1,10-9-5-5,栗東 清水久,494,2,
202508030311,2025-10-11,京都,11,御陵S,ダ,1900,右,晴,良,"3回 京都 3日目 サラ系３歳以上 ３勝クラス       (混)[指] ハンデ 16頭 本賞金:1840,740,460,280,184万円",16,1840.0,10,2,4,スズノテレサ,牝,6,51.0,柴田大,119.0,2.1/2,15,198.5,38.0,10-11-11-11,美浦 深山,452,4,
202508030311,2025-10-11,京都,11,御陵S,ダ,1900,右,晴,良,"3回 京都 3日目 サラ系３歳以上 ３勝クラス       (混)[指] ハンデ 16頭 本賞金:1840,740,460,280,184万円",16,1840.0,11,5,10,ハーバーライト,牡,4,54.0,岩田望,119.2,1.1/2,12,73.0,38.4,5-5-9-12,栗東 高橋忠,534,0,
202508030311,2025-10-11,京都,11,御陵S,ダ,1900,右,晴,良,"3回 京都 3日目 サラ系３歳以上 ３勝クラス       (混)[指] ハンデ 16頭 本賞金:1840,740,460,280,184万円",16,1840.0,12,5,9,タンゴバイラリン,牡,4,55.0,吉村,119.5,1.3/4,9,29.5,38.4,14-13-13-12,美浦 栗田,528,2,
202508030311,2025-10-11,京都,11,御陵S,ダ,1900,右,晴,良,"3回 京都 3日目 サラ系３歳以上 ３勝クラス       (混)[指] ハンデ 16頭 本賞金:1840,740,460,280,184万円",16,1840.0,13,6,11,サンライズグルーヴ,牡,5,55.0,団野,119.7,1.1/2,14,97.6,38.9,9-9-11-9,栗東 前川,526,4,
202508030311,2025-10-11,京都,11,御陵S,ダ,1900,右,晴,良,"3回 京都 3日目 サラ系３歳以上 ３勝クラス       (混)[指] ハンデ 16頭 本賞金:1840,740,460,280,184万円",16,1840.0,14,2,3,スマートリアファル,牡,4,55.0,富田,120.4,4,11,58.8,39.8,2-2-5-12,栗東 加藤公,492,-8,
202508030311,2025-10-11,京都,11,御陵S,ダ,1900,右,晴,良,"3回 京都 3日目 サラ系３歳以上 ３勝クラス       (混)[指] ハンデ 16頭 本賞金:1840,740,460,280,184万円",16,1840.0,15,1,2,ダイメイセブン,牡,5,53.0,藤懸,120.5,アタマ,16,261.7,40.6,1-1-1-1,栗東 本田,518,0,
202508030311,2025-10-11,京都,11,御陵S,ダ,1900,右,晴,良,"3回 京都 3日目 サラ系３歳以上 ３勝クラス       (混)[指] ハンデ 16頭 本賞金:1840,740,460,280,184万円",16,1840.0,16,6,12,キュールエフウジン,牡,6,56.0,藤岡佑,120.6,1/2,13,87.5,37.7,16-16-16-16,栗東 中尾,502,2,
202508030311,2025-10-11,京都,11,御陵S,ダ,1900,右,晴,良,"3回 京都 3日目 サラ系３歳以上 ３勝クラス       (混)[指] ハンデ 16頭 本賞金:1840,740,460,280,184万円",16,1840.0,,1,14,タガノバビロン,,,92.0,93,,7.6,11,11.8,6.0,12.1,3,,,
202508030311,2025-10-11,京都,11,御陵S,ダ,1900,右,晴,良,"3回 京都 3日目 サラ系３歳以上 ３勝クラス       (混)[指] ハンデ 16頭 本賞金:1840,740,460,280,184万円",16,1840.0,,1,14,タガノバビロン,,,,-,,-,,,,-,-,,,
202508030312,2025-10-11,京都,12,3歳以上1勝クラス,ダ,1400,右,晴,良,"3回 京都 3日目 サラ系３歳以上 １勝クラス       (混)[指] 定量 16頭 本賞金:800,320,200,120,80万円",16,800.0,1,1,2,ゴールデンカイト,牡,3,56.0,川田,83.2,,1,2.0,36.9,4-3,栗東 中内田,478,10,
202508030312,2025-10-11,京都,12,3歳以上1勝クラス,ダ,1400,右,晴,良,"3回 京都 3日目 サラ系３歳以上 １勝クラス       (混)[指] 定量 16頭 本賞金:800,320,200,120,80万円",16,800.0,2,8,15,サンマルノヴェル,牡,3,56.0,田口,83.3,クビ,5,8.2,36.9,4-3,栗東 大橋,502,8,
202508030312,2025-10-11,京都,12,3歳以上1勝クラス,ダ,1400,右,晴,良,"3回 京都 3日目 サラ系３歳以上 １勝クラス       (混)[指] 定量 16頭 本賞金:800,320,200,120,80万円",16,800.0,3,6,12,チュウワチーフ,牡,3,56.0,和田竜,83.3,クビ,8,31.0,37.1,2-2,栗東 小崎,478,8,
202508030312,2025-10-11,京都,12,3歳以上1勝クラス,ダ,1400,右,晴,良,"3回 京都 3日目 サラ系３歳以上 １勝クラス       (混)[指] 定量 16頭 本賞金:800,320,200,120,80万円",16,800.0,4,3,6,アメリカンチーフ,牡,4,58.0,団野,83.4,1/2,11,57.8,36.8,8-6,栗東 東田,470,0,
202508030312,2025-10-11,京都,12,3歳以上1勝クラス,ダ,1400,右,晴,良,"3回 京都 3日目 サラ系３歳以上 １勝クラス       (混)[指] 定量 16頭 本賞金:800,320,200,120,80万円",16,800.0,5,4,7,モズタチアガレ,牡,3,55.0,☆西塚,83.7,1.1/2,2,6.7,37.3,4-6,栗東 中尾,488,0,
202508030312,2025-10-11,京都,12,3歳以上1勝クラス,ダ,1400,右,晴,良,"3回 京都 3日目 サラ系３歳以上 １勝クラス       (混)[指] 定量 16頭 本賞金:800,320,200,120,80万円",16,800.0,6,3,5,ゼットスパンキー,牡,4,58.0,高杉,84.2,3,6,18.4,37.0,13-12,栗東 宮,476,6,
202508030312,2025-10-11,京都,12,3歳以上1勝クラス,ダ,1400,右,晴,良,"3回 京都 3日目 サラ系３歳以上 １勝クラス       (混)[指] 定量 16頭 本賞金:800,320,200,120,80万円",16,800.0,7,5,10,レーティッシュ,牡,3,56.0,岩田望,84.3,3/4,4,7.9,37.7,7-6,栗東 高橋一,512,0,
202508030312,2025-10-11,京都,12,3歳以上1勝クラス,ダ,1400,右,晴,良,"3回 京都 3日目 サラ系３歳以上 １勝クラス       (混)[指] 定量 16頭 本賞金:800,320,200,120,80万円",16,800.0,8,8,16,レーヴドアンジュ,牝,3,53.0,☆吉村,84.4,クビ,12,132.3,37.0,15-14,栗東 河嶋,432,16,
202508030312,2025-10-11,京都,12,3歳以上1勝クラス,ダ,1400,右,晴,良,"3回 京都 3日目 サラ系３歳以上 １勝クラス       (混)[指] 定量 16頭 本賞金:800,320,200,120,80万円",16,800.0,9,4,8,ステイクオール,牡,3,56.0,松山,84.5,1/2,3,7.0,37.0,15-14,栗東 上村,494,2,
202508030312,2025-10-11,京都,12,3歳以上1勝クラス,ダ,1400,右,晴,良,"3回 京都 3日目 サラ系３歳以上 １勝クラス       (混)[指] 定量 16頭 本賞金:800,320,200,120,80万円",16,800.0,10,7,13,サンライズブレイク,牡,3,56.0,鮫島駿,84.8,1.3/4,10,48.2,37.7,11-10,栗東 浜田,506,10,
202508030312,2025-10-11,京都,12,3歳以上1勝クラス,ダ,1400,右,晴,良,"3回 京都 3日目 サラ系３歳以上 １勝クラス       (混)[指] 定量 16頭 本賞金:800,320,200,120,80万円",16,800.0,11,7,14,テイオームサシ,牡,3,56.0,国分優,85.1,2,16,204.2,38.2,11-9,栗東 秋山,476,-20,
202508030312,2025-10-11,京都,12,3歳以上1勝クラス,ダ,1400,右,晴,良,"3回 京都 3日目 サラ系３歳以上 １勝クラス       (混)[指] 定量 16頭 本賞金:800,320,200,120,80万円",16,800.0,12,6,11,リアライズオーラム,牡,3,53.0,▲大久保,85.3,1.1/4,7,23.3,38.4,8-12,栗東 須貝,492,-4,
202508030312,2025-10-11,京都,12,3歳以上1勝クラス,ダ,1400,右,晴,良,"3回 京都 3日目 サラ系３歳以上 １勝クラス       (混)[指] 定量 16頭 本賞金:800,320,200,120,80万円",16,800.0,13,2,3,ガウラスパーク,セ,4,58.0,亀田,86.6,8,14,152.1,40.6,1-1,栗東 高柳大,548,-4,
202508030312,2025-10-11,京都,12,3歳以上1勝クラス,ダ,1400,右,晴,良,"3回 京都 3日目 サラ系３歳以上 １勝クラス       (混)[指] 定量 16頭 本賞金:800,320,200,120,80万円",16,800.0,14,5,9,クロユキ,牝,3,54.0,武豊,87.5,5,9,46.6,40.7,8-10,栗東 松永幹,444,2,
202508030312,2025-10-11,京都,12,3歳以上1勝クラス,ダ,1400,右,晴,良,"3回 京都 3日目 サラ系３歳以上 １勝クラス       (混)[指] 定量 16頭 本賞金:800,320,200,120,80万円",16,800.0,15,2,4,ピカリ,牝,4,56.0,西村淳,87.6,1,15,196.5,41.4,2-3,栗東 森秀,514,4,
202508030312,2025-10-11,京都,12,3歳以上1勝クラス,ダ,1400,右,晴,良,"3回 京都 3日目 サラ系３歳以上 １勝クラス       (混)[指] 定量 16頭 本賞金:800,320,200,120,80万円",16,800.0,16,1,1,ジャスパーノベル,牝,3,51.0,▲和田陽,87.9,1.3/4,13,133.3,40.8,13-14,栗東 森秀,480,6,
202508030312,2025-10-11,京都,12,3歳以上1勝クラス,ダ,1400,右,晴,良,"3回 京都 3日目 サラ系３歳以上 １勝クラス       (混)[指] 定量 16頭 本賞金:800,320,200,120,80万円",16,800.0,,1,2,ゴールデンカイト,,,105.0,107,,12.3,4,10.6,3.0,11.6,2,,,
202508030312,2025-10-11,京都,12,3歳以上1勝クラス,ダ,1400,右,晴,良,"3回 京都 3日目 サラ系３歳以上 １勝クラス       (混)[指] 定量 16頭 本賞金:800,320,200,120,80万円",16,800.0,,1,2,ゴールデンカイト,,,,-,,-,,,,-,-,,,
202505040401,2025-10-12,東京,1,2歳未勝利,ダ,1600,左,晴,良,"4回 東京 4日目 サラ系２歳 未勝利       (混)[指] 馬齢 16頭 本賞金:560,220,140,84,56万円",16,560.0,1,8,15,サンダーヴィント,牡,2,56.0,菅原明,98.7,,4,5.1,37.2,9-6,美浦 高木,450,-2,
202505040401,2025-10-12,東京,1,2歳未勝利,ダ,1600,左,晴,良,"4回 東京 4日目 サラ系２歳 未勝利       (混)[指] 馬齢 16頭 本賞金:560,220,140,84,56万円",16,560.0,2,3,5,ヴンダーバール,牝,2,55.0,横山武,98.9,1.1/4,1,3.5,37.8,4-4,美浦 斎藤誠,482,22,
202505040401,2025-10-12,東京,1,2歳未勝利,ダ,1600,左,晴,良,"4回 東京 4日目 サラ系２歳 未勝利       (混)[指] 馬齢 16頭 本賞金:560,220,140,84,56万円",16,560.0,3,6,12,ヴァルボナ,牡,2,56.0,大野,99.8,5,3,4.8,39.0,2-2,美浦 田村,470,0,
202505040401,2025-10-12,東京,1,2歳未勝利,ダ,1600,左,晴,良,"4回 東京 4日目 サラ系２歳 未勝利       (混)[指] 馬齢 16頭 本賞金:560,220,140,84,56万円",16,560.0,4,3,6,ドゥーニ,牡,2,56.0,津村,99.8,ハナ,10,111.3,37.6,14-13,美浦 矢嶋,482,-6,
202505040401,2025-10-12,東京,1,2歳未勝利,ダ,1600,左,晴,良,"4回 東京 4日目 サラ系２歳 未勝利       (混)[指] 馬齢 16頭 本賞金:560,220,140,84,56万円",16,560.0,5,5,10,セントゴーデンス,牡,2,56.0,内田博,99.9,1/2,2,4.6,38.5,5-5,美浦 黒岩,520,14,
202505040401,2025-10-12,東京,1,2歳未勝利,ダ,1600,左,晴,良,"4回 東京 4日目 サラ系２歳 未勝利       (混)[指] 馬齢 16頭 本賞金:560,220,140,84,56万円",16,560.0,6,7,13,タイセイゴッシュ,牡,2,56.0,丹内,100.0,クビ,12,127.0,38.4,8-8,美浦 池上,482,2,
202505040401,2025-10-12,東京,1,2歳未勝利,ダ,1600,左,晴,良,"4回 東京 4日目 サラ系２歳 未勝利       (混)[指] 馬齢 16頭 本賞金:560,220,140,84,56万円",16,560.0,7,6,11,パワポケウォーズ,牡,2,53.0,▲上里,100.3,2,9,84.9,38.4,12-9,美浦 大和田,422,0,
202505040401,2025-10-12,東京,1,2歳未勝利,ダ,1600,左,晴,良,"4回 東京 4日目 サラ系２歳 未勝利       (混)[指] 馬齢 16頭 本賞金:560,220,140,84,56万円",16,560.0,8,1,2,セイウンリメンバー,牡,2,54.0,△長浜,100.9,3.1/2,6,14.0,38.8,5-12,美浦 千葉,470,0,
202505040401,2025-10-12,東京,1,2歳未勝利,ダ,1600,左,晴,良,"4回 東京 4日目 サラ系２歳 未勝利       (混)[指] 馬齢 16頭 本賞金:560,220,140,84,56万円",16,560.0,9,2,4,ウォータースパウト,牝,2,55.0,佐々木,101.0,クビ,7,24.8,39.1,12-9,美浦 小笠,474,-6,
202505040401,2025-10-12,東京,1,2歳未勝利,ダ,1600,左,晴,良,"4回 東京 4日目 サラ系２歳 未勝利       (混)[指] 馬齢 16頭 本賞金:560,220,140,84,56万円",16,560.0,10,8,16,スーパーチャイルド,牡,2,56.0,菊沢,101.0,クビ,8,51.2,40.1,2-3,美浦 本間,484,-2,
202505040401,2025-10-12,東京,1,2歳未勝利,ダ,1600,左,晴,良,"4回 東京 4日目 サラ系２歳 未勝利       (混)[指] 馬齢 16頭 本賞金:560,220,140,84,56万円",16,560.0,11,4,7,ミラクルカイザー,牡,2,56.0,丸田,102.4,8,14,168.7,39.5,15-15,美浦 武市,484,2,
202505040401,2025-10-12,東京,1,2歳未勝利,ダ,1600,左,晴,良,"4回 東京 4日目 サラ系２歳 未勝利       (混)[指] 馬齢 16頭 本賞金:560,220,140,84,56万円",16,560.0,12,2,3,フォールティア,牡,2,56.0,原田和,102.6,1.1/4,15,295.5,41.1,5-6,美浦 小野,500,2,
202505040401,2025-10-12,東京,1,2歳未勝利,ダ,1600,左,晴,良,"4回 東京 4日目 サラ系２歳 未勝利       (混)[指] 馬齢 16頭 本賞金:560,220,140,84,56万円",16,560.0,13,1,1,ニシノギブソン,牡,2,56.0,野中,102.8,1.1/2,11,121.4,40.5,9-13,美浦 根本,472,4,
202505040401,2025-10-12,東京,1,2歳未勝利,ダ,1600,左,晴,良,"4回 東京 4日目 サラ系２歳 未勝利       (混)[指] 馬齢 16頭 本賞金:560,220,140,84,56万円",16,560.0,14,4,8,ボグラーモデル,牡,2,53.0,▲石神道,105.3,大,13,138.2,43.3,9-11,美浦 柄崎,472,2,
202505040401,2025-10-12,東京,1,2歳未勝利,ダ,1600,左,晴,良,"4回 東京 4日目 サラ系２歳 未勝利       (混)[指] 馬齢 16頭 本賞金:560,220,140,84,56万円",16,560.0,15,5,9,エマープ,牡,2,56.0,原,105.3,ハナ,5,6.1,44.5,1-1,美浦 青木,490,4,
202505040401,2025-10-12,東京,1,2歳未勝利,ダ,1600,左,晴,良,"4回 東京 4日目 サラ系２歳 未勝利       (混)[指] 馬齢 16頭 本賞金:560,220,140,84,56万円",16,560.0,,7,14,サンデーパーティー,牡,2,56.0,横山琉,,,,,,,美浦 相沢,,,取消
202505040401,2025-10-12,東京,1,2歳未勝利,ダ,1600,左,晴,良,"4回 東京 4日目 サラ系２歳 未勝利       (混)[指] 馬齢 16頭 本賞金:560,220,140,84,56万円",16,560.0,,1,15,サンダーヴィント,,,94.0,95,,13.6,12,10.9,7.0,11.5,5,,,
202505040401,2025-10-12,東京,1,2歳未勝利,ダ,1600,左,晴,良,"4回 東京 4日目 サラ系２歳 未勝利       (混)[指] 馬齢 16頭 本賞金:560,220,140,84,56万円",16,560.0,,1,15,サンダーヴィント,,,,-,,-,,,,-,-,,,
202505040402,2025-10-12,東京,2,2歳未勝利,芝,1600,左,晴,良,"4回 東京 4日目 サラ系２歳 未勝利       (混)[指] 馬齢 10頭 本賞金:560,220,140,84,56万円",10,560.0,1,3,3,コズミックボックス,牝,2,55.0,ルメー,94.0,,1,1.8,34.2,1-1,美浦 中舘,438,0,
202505040402,2025-10-12,東京,2,2歳未勝利,芝,1600,左,晴,良,"4回 東京 4日目 サラ系２歳 未勝利       (混)[指] 馬齢 10頭 本賞金:560,220,140,84,56万円",10,560.0,2,1,1,テンユウ,牡,2,56.0,横山和,94.3,1.3/4,6,12.8,33.8,8-8,美浦 奥村武,480,2,
202505040402,2025-10-12,東京,2,2歳未勝利,芝,1600,左,晴,良,"4回 東京 4日目 サラ系２歳 未勝利       (混)[指] 馬齢 10頭 本賞金:560,220,140,84,56万円",10,560.0,3,5,5,サザンテイオー,牡,2,54.0,△長浜,94.6,2,7,36.3,34.5,4-4,美浦 根本,436,0,
202505040402,2025-10-12,東京,2,2歳未勝利,芝,1600,左,晴,良,"4回 東京 4日目 サラ系２歳 未勝利       (混)[指] 馬齢 10頭 本賞金:560,220,140,84,56万円",10,560.0,4,4,4,キンググローリー,牡,2,56.0,菅原明,94.7,クビ,3,5.7,34.7,4-4,美浦 古賀,466,0,
202505040402,2025-10-12,東京,2,2歳未勝利,芝,1600,左,晴,良,"4回 東京 4日目 サラ系２歳 未勝利       (混)[指] 馬齢 10頭 本賞金:560,220,140,84,56万円",10,560.0,5,8,10,マカナアネラ,牡,2,56.0,武豊,94.7,ハナ,2,4.7,34.9,2-2,栗東 角田,458,0,
202505040402,2025-10-12,東京,2,2歳未勝利,芝,1600,左,晴,良,"4回 東京 4日目 サラ系２歳 未勝利       (混)[指] 馬齢 10頭 本賞金:560,220,140,84,56万円",10,560.0,6,7,8,エーデルハイ,牝,2,55.0,津村,95.1,2.1/2,9,184.3,35.1,6-4,美浦 天間,442,2,
202505040402,2025-10-12,東京,2,2歳未勝利,芝,1600,左,晴,良,"4回 東京 4日目 サラ系２歳 未勝利       (混)[指] 馬齢 10頭 本賞金:560,220,140,84,56万円",10,560.0,7,2,2,ウインラファーガ,牡,2,56.0,丹内,95.1,クビ,5,11.1,34.5,9-8,美浦 村田,454,-8,
202505040402,2025-10-12,東京,2,2歳未勝利,芝,1600,左,晴,良,"4回 東京 4日目 サラ系２歳 未勝利       (混)[指] 馬齢 10頭 本賞金:560,220,140,84,56万円",10,560.0,8,6,6,フィーユレアル,牝,2,55.0,横山琉,95.2,3/4,4,9.6,34.9,6-7,美浦 斎藤誠,466,-10,
202505040402,2025-10-12,東京,2,2歳未勝利,芝,1600,左,晴,良,"4回 東京 4日目 サラ系２歳 未勝利       (混)[指] 馬齢 10頭 本賞金:560,220,140,84,56万円",10,560.0,9,7,7,イヌボウノユウヒ,牝,2,52.0,▲石神道,95.4,1,10,243.2,35.6,2-2,美浦 鹿戸,452,0,
202505040402,2025-10-12,東京,2,2歳未勝利,芝,1600,左,晴,良,"4回 東京 4日目 サラ系２歳 未勝利       (混)[指] 馬齢 10頭 本賞金:560,220,140,84,56万円",10,560.0,10,8,9,トレニアムーン,牝,2,55.0,杉原,95.8,2.1/2,8,115.2,34.7,10-10,美浦 清水英,468,4,
202505040402,2025-10-12,東京,2,2歳未勝利,芝,1600,左,晴,良,"4回 東京 4日目 サラ系２歳 未勝利       (混)[指] 馬齢 10頭 本賞金:560,220,140,84,56万円",10,560.0,,1,3,コズミックボックス,,,97.0,88,,12.6,5,11.3,3.0,12.0,1,,,
202505040402,2025-10-12,東京,2,2歳未勝利,芝,1600,左,晴,良,"4回 東京 4日目 サラ系２歳 未勝利       (混)[指] 馬齢 10頭 本賞金:560,220,140,84,56万円",10,560.0,,1,3,コズミックボックス,,,,-,,-,,,,-,-,,,
202505040403,2025-10-12,東京,3,2歳未勝利,芝,2000,左,曇,良,"4回 東京 4日目 サラ系２歳 未勝利       (混)[指] 馬齢 10頭 本賞金:560,220,140,84,56万円",10,560.0,1,3,3,チャリングクロス,牡,2,56.0,内田博,120.0,,4,5.1,34.2,6-5-4,美浦 奥村武,488,20,
202505040403,2025-10-12,東京,3,2歳未勝利,芝,2000,左,曇,良,"4回 東京 4日目 サラ系２歳 未勝利       (混)[指] 馬齢 10頭 本賞金:560,220,140,84,56万円",10,560.0,2,6,6,イブキ,牡,2,56.0,原,120.2,1.1/2,3,3.5,34.1,8-7-7,美浦 矢野,458,4,
202505040403,2025-10-12,東京,3,2歳未勝利,芝,2000,左,曇,良,"4回 東京 4日目 サラ系２歳 未勝利       (混)[指] 馬齢 10頭 本賞金:560,220,140,84,56万円",10,560.0,3,7,8,タイドグラフ,牡,2,54.0,△長浜,120.3,1/2,6,43.0,34.2,6-7-7,美浦 上原博,474,0,
202505040403,2025-10-12,東京,3,2歳未勝利,芝,2000,左,曇,良,"4回 東京 4日目 サラ系２歳 未勝利       (混)[指] 馬齢 10頭 本賞金:560,220,140,84,56万円",10,560.0,4,8,9,アルデキングダム,牡,2,56.0,横山典,120.4,1/2,1,3.0,34.9,3-3-2,美浦 村田,462,-2,
202505040403,2025-10-12,東京,3,2歳未勝利,芝,2000,左,曇,良,"4回 東京 4日目 サラ系２歳 未勝利       (混)[指] 馬齢 10頭 本賞金:560,220,140,84,56万円",10,560.0,5,5,5,ゼータレティクル,牝,2,55.0,丹内,120.4,アタマ,7,49.8,34.5,5-5-6,美浦 小手川,466,4,
202505040403,2025-10-12,東京,3,2歳未勝利,芝,2000,左,曇,良,"4回 東京 4日目 サラ系２歳 未勝利       (混)[指] 馬齢 10頭 本賞金:560,220,140,84,56万円",10,560.0,6,1,1,アトリ,牝,2,55.0,岩田望,120.7,2,5,11.7,35.0,4-4-4,栗東 清水久,466,0,
202505040403,2025-10-12,東京,3,2歳未勝利,芝,2000,左,曇,良,"4回 東京 4日目 サラ系２歳 未勝利       (混)[指] 馬齢 10頭 本賞金:560,220,140,84,56万円",10,560.0,7,8,10,ブリサマリーナ,牝,2,55.0,菅原明,121.0,1.1/2,2,3.3,35.5,2-2-2,美浦 久保田,468,4,
202505040403,2025-10-12,東京,3,2歳未勝利,芝,2000,左,曇,良,"4回 東京 4日目 サラ系２歳 未勝利       (混)[指] 馬齢 10頭 本賞金:560,220,140,84,56万円",10,560.0,8,4,4,ツキノマバタキ,牝,2,55.0,津村,121.4,2.1/2,8,63.8,36.3,1-1-1,美浦 牧,434,8,
202505040403,2025-10-12,東京,3,2歳未勝利,芝,2000,左,曇,良,"4回 東京 4日目 サラ系２歳 未勝利       (混)[指] 馬齢 10頭 本賞金:560,220,140,84,56万円",10,560.0,9,7,7,フロステリオン,牡,2,56.0,菊沢,121.7,2,10,217.6,35.5,8-9-7,美浦 萱野,442,0,
202505040403,2025-10-12,東京,3,2歳未勝利,芝,2000,左,曇,良,"4回 東京 4日目 サラ系２歳 未勝利       (混)[指] 馬齢 10頭 本賞金:560,220,140,84,56万円",10,560.0,10,2,2,ハロングロットル,牡,2,53.0,▲遠藤,122.0,2,9,170.4,35.6,10-10-10,美浦 伊藤伸,448,2,
202505040403,2025-10-12,東京,3,2歳未勝利,芝,2000,左,曇,良,"4回 東京 4日目 サラ系２歳 未勝利       (混)[指] 馬齢 10頭 本賞金:560,220,140,84,56万円",10,560.0,,1,3,チャリングクロス,,,89.0,86,,13.7,1,12.1,5.0,11.7,2,,,
202505040403,2025-10-12,東京,3,2歳未勝利,芝,2000,左,曇,良,"4回 東京 4日目 サラ系２歳 未勝利       (混)[指] 馬齢 10頭 本賞金:560,220,140,84,56万円",10,560.0,,1,3,チャリングクロス,,,,-,,-,,,,-,-,,,
202505040404,2025-10-12,東京,4,2歳新馬,ダ,1300,左,曇,良,"4回 東京 4日目 サラ系２歳 新馬       (混)[指] 馬齢 16頭 本賞金:750,300,190,110,75万円",16,750.0,1,4,7,レイオブファイア,牡,2,56.0,内田博,80.8,,10,38.6,37.2,9-9,美浦 加藤士,446,0,
202505040404,2025-10-12,東京,4,2歳新馬,ダ,1300,左,曇,良,"4回 東京 4日目 サラ系２歳 新馬       (混)[指] 馬齢 16頭 本賞金:750,300,190,110,75万円",16,750.0,2,5,9,ガイストライヒ,牡,2,56.0,ルメー,80.9,クビ,1,3.1,36.7,13-13,栗東 高柳大,460,0,
202505040404,2025-10-12,東京,4,2歳新馬,ダ,1300,左,曇,良,"4回 東京 4日目 サラ系２歳 新馬       (混)[指] 馬齢 16頭 本賞金:750,300,190,110,75万円",16,750.0,3,1,1,アクロスメモリア,牝,2,55.0,荻野極,81.0,1,7,17.9,36.4,14-14,美浦 田島,478,0,
202505040404,2025-10-12,東京,4,2歳新馬,ダ,1300,左,曇,良,"4回 東京 4日目 サラ系２歳 新馬       (混)[指] 馬齢 16頭 本賞金:750,300,190,110,75万円",16,750.0,4,7,14,アルコア,牡,2,56.0,横山武,81.0,クビ,6,15.4,37.9,3-3,美浦 伊藤圭,470,0,
202505040404,2025-10-12,東京,4,2歳新馬,ダ,1300,左,曇,良,"4回 東京 4日目 サラ系２歳 新馬       (混)[指] 馬齢 16頭 本賞金:750,300,190,110,75万円",16,750.0,5,6,11,モンスエ,牡,2,56.0,松山,81.0,アタマ,5,7.4,38.1,2-2,栗東 高橋一,520,0,
202505040404,2025-10-12,東京,4,2歳新馬,ダ,1300,左,曇,良,"4回 東京 4日目 サラ系２歳 新馬       (混)[指] 馬齢 16頭 本賞金:750,300,190,110,75万円",16,750.0,6,1,2,ゴールデンスラム,牡,2,56.0,武豊,81.3,1.1/2,3,5.9,37.9,7-8,栗東 池江,488,0,
202505040404,2025-10-12,東京,4,2歳新馬,ダ,1300,左,曇,良,"4回 東京 4日目 サラ系２歳 新馬       (混)[指] 馬齢 16頭 本賞金:750,300,190,110,75万円",16,750.0,7,4,8,スーホ,牡,2,56.0,戸崎圭,81.4,1/2,2,5.0,38.2,4-4,美浦 上原佑,494,0,
202505040404,2025-10-12,東京,4,2歳新馬,ダ,1300,左,曇,良,"4回 東京 4日目 サラ系２歳 新馬       (混)[指] 馬齢 16頭 本賞金:750,300,190,110,75万円",16,750.0,8,3,6,エムアイプレスト,牝,2,55.0,菊沢,81.7,1.1/2,14,166.1,37.7,12-11,美浦 青木,478,0,
202505040404,2025-10-12,東京,4,2歳新馬,ダ,1300,左,曇,良,"4回 東京 4日目 サラ系２歳 新馬       (混)[指] 馬齢 16頭 本賞金:750,300,190,110,75万円",16,750.0,9,7,13,サンマルフォース,牡,2,56.0,岩部,81.7,クビ,12,71.4,37.7,11-11,美浦 和田勇,470,0,
202505040404,2025-10-12,東京,4,2歳新馬,ダ,1300,左,曇,良,"4回 東京 4日目 サラ系２歳 新馬       (混)[指] 馬齢 16頭 本賞金:750,300,190,110,75万円",16,750.0,10,5,10,ニューカワイイ,牝,2,52.0,▲石神道,81.8,1,13,102.0,38.2,9-9,美浦 清水英,440,0,
202505040404,2025-10-12,東京,4,2歳新馬,ダ,1300,左,曇,良,"4回 東京 4日目 サラ系２歳 新馬       (混)[指] 馬齢 16頭 本賞金:750,300,190,110,75万円",16,750.0,11,3,5,キョウエイハル,牝,2,55.0,嶋田,82.0,1.1/4,11,46.9,38.8,4-4,美浦 伊坂,458,0,
202505040404,2025-10-12,東京,4,2歳新馬,ダ,1300,左,曇,良,"4回 東京 4日目 サラ系２歳 新馬       (混)[指] 馬齢 16頭 本賞金:750,300,190,110,75万円",16,750.0,12,2,3,デアトゥノウ,牝,2,55.0,佐々木,82.3,1.1/2,8,21.2,39.4,1-1,美浦 田島,498,0,
202505040404,2025-10-12,東京,4,2歳新馬,ダ,1300,左,曇,良,"4回 東京 4日目 サラ系２歳 新馬       (混)[指] 馬齢 16頭 本賞金:750,300,190,110,75万円",16,750.0,13,8,15,トリアングルレディ,牝,2,52.0,▲小林美,83.3,6,4,6.5,40.1,4-4,美浦 尾関,400,0,
202505040404,2025-10-12,東京,4,2歳新馬,ダ,1300,左,曇,良,"4回 東京 4日目 サラ系２歳 新馬       (混)[指] 馬齢 16頭 本賞金:750,300,190,110,75万円",16,750.0,14,8,16,レオレコメンド,牡,2,56.0,木幡巧,83.7,2.1/2,16,195.9,40.4,7-4,美浦 牧,492,0,
202505040404,2025-10-12,東京,4,2歳新馬,ダ,1300,左,曇,良,"4回 東京 4日目 サラ系２歳 新馬       (混)[指] 馬齢 16頭 本賞金:750,300,190,110,75万円",16,750.0,15,2,4,パトリシア,牝,2,52.0,▲佐藤,84.3,3.1/2,9,38.4,38.6,15-15,美浦 杉浦,458,0,
202505040404,2025-10-12,東京,4,2歳新馬,ダ,1300,左,曇,良,"4回 東京 4日目 サラ系２歳 新馬       (混)[指] 馬齢 16頭 本賞金:750,300,190,110,75万円",16,750.0,16,6,12,ココニーナ,牝,2,52.0,▲水沼,86.3,大,15,185.2,39.2,16-16,美浦 加藤和,452,0,
202505040404,2025-10-12,東京,4,2歳新馬,ダ,1300,左,曇,良,"4回 東京 4日目 サラ系２歳 新馬       (混)[指] 馬齢 16頭 本賞金:750,300,190,110,75万円",16,750.0,,1,7,レイオブファイア,,,93.0,78,,7.5,7,11.4,2.0,11.7,1,,,
202505040404,2025-10-12,東京,4,2歳新馬,ダ,1300,左,曇,良,"4回 東京 4日目 サラ系２歳 新馬       (混)[指] 馬齢 16頭 本賞金:750,300,190,110,75万円",16,750.0,,1,7,レイオブファイア,,,,-,,-,,,,-,-,,,
202505040405,2025-10-12,東京,5,2歳新馬,芝,2000,左,曇,良,"4回 東京 4日目 サラ系２歳 新馬       (混)[指] 馬齢 12頭 本賞金:750,300,190,110,75万円",12,750.0,1,8,12,イクシード,牝,2,55.0,ルメー,120.2,,1,1.7,33.4,9-7-7,美浦 木村,472,0,
202505040405,2025-10-12,東京,5,2歳新馬,芝,2000,左,曇,良,"4回 東京 4日目 サラ系２歳 新馬       (混)[指] 馬齢 12頭 本賞金:750,300,190,110,75万円",12,750.0,2,1,1,モンシーク,牡,2,56.0,松山,120.5,1.1/2,2,3.5,34.0,3-4-4,栗東 橋口,464,0,
202505040405,2025-10-12,東京,5,2歳新馬,芝,2000,左,曇,良,"4回 東京 4日目 サラ系２歳 新馬       (混)[指] 馬齢 12頭 本賞金:750,300,190,110,75万円",12,750.0,3,4,4,フォンドルレール,牡,2,56.0,吉田豊,120.8,2,6,31.3,34.0,6-7-7,美浦 戸田,422,0,
202505040405,2025-10-12,東京,5,2歳新馬,芝,2000,左,曇,良,"4回 東京 4日目 サラ系２歳 新馬       (混)[指] 馬齢 12頭 本賞金:750,300,190,110,75万円",12,750.0,4,7,9,ベンティガオルサ,牡,2,56.0,武豊,120.9,3/4,4,10.1,34.6,3-3-3,栗東 清水久,500,0,
202505040405,2025-10-12,東京,5,2歳新馬,芝,2000,左,曇,良,"4回 東京 4日目 サラ系２歳 新馬       (混)[指] 馬齢 12頭 本賞金:750,300,190,110,75万円",12,750.0,5,6,8,ベリンガム,牡,2,56.0,丸山,121.1,3/4,5,17.4,34.9,2-2-2,美浦 矢嶋,462,0,
202505040405,2025-10-12,東京,5,2歳新馬,芝,2000,左,曇,良,"4回 東京 4日目 サラ系２歳 新馬       (混)[指] 馬齢 12頭 本賞金:750,300,190,110,75万円",12,750.0,6,3,3,リーピングサイン,牝,2,55.0,石川,121.4,2,9,81.8,34.3,11-11-9,美浦 武藤,492,0,
202505040405,2025-10-12,東京,5,2歳新馬,芝,2000,左,曇,良,"4回 東京 4日目 サラ系２歳 新馬       (混)[指] 馬齢 12頭 本賞金:750,300,190,110,75万円",12,750.0,7,6,7,エンジェルボイス,牡,2,56.0,三浦,121.5,1/2,3,8.1,35.4,1-1-1,栗東 吉村,470,0,
202505040405,2025-10-12,東京,5,2歳新馬,芝,2000,左,曇,良,"4回 東京 4日目 サラ系２歳 新馬       (混)[指] 馬齢 12頭 本賞金:750,300,190,110,75万円",12,750.0,8,5,6,キーサーバー,牡,2,56.0,原,122.1,3.1/2,10,155.6,35.6,5-4-4,美浦 青木,434,0,
202505040405,2025-10-12,東京,5,2歳新馬,芝,2000,左,曇,良,"4回 東京 4日目 サラ系２歳 新馬       (混)[指] 馬齢 12頭 本賞金:750,300,190,110,75万円",12,750.0,9,2,2,コスモアマデウス,牡,2,56.0,柴田大,122.3,1.1/4,11,172.8,35.2,10-10-9,美浦 畠山,490,0,
202505040405,2025-10-12,東京,5,2歳新馬,芝,2000,左,曇,良,"4回 東京 4日目 サラ系２歳 新馬       (混)[指] 馬齢 12頭 本賞金:750,300,190,110,75万円",12,750.0,10,8,11,オセアフェアモント,牡,2,56.0,佐々木,122.4,3/4,7,49.3,35.3,8-7-9,美浦 菊川,466,0,
202505040405,2025-10-12,東京,5,2歳新馬,芝,2000,左,曇,良,"4回 東京 4日目 サラ系２歳 新馬       (混)[指] 馬齢 12頭 本賞金:750,300,190,110,75万円",12,750.0,11,5,5,マスカルポーネ,牝,2,55.0,武藤,122.5,1/2,12,191.0,34.9,12-12-12,美浦 水野,446,0,
202505040405,2025-10-12,東京,5,2歳新馬,芝,2000,左,曇,良,"4回 東京 4日目 サラ系２歳 新馬       (混)[指] 馬齢 12頭 本賞金:750,300,190,110,75万円",12,750.0,12,7,10,ディープエフェクト,牡,2,56.0,横山琉,122.6,1/2,8,51.8,36.0,6-6-4,美浦 相沢,496,0,
202505040405,2025-10-12,東京,5,2歳新馬,芝,2000,左,曇,良,"4回 東京 4日目 サラ系２歳 新馬       (混)[指] 馬齢 12頭 本賞金:750,300,190,110,75万円",12,750.0,,1,12,イクシード,,,87.0,79,,13.9,4,12.1,7.0,11.9,5,,,
202505040405,2025-10-12,東京,5,2歳新馬,芝,2000,左,曇,良,"4回 東京 4日目 サラ系２歳 新馬       (混)[指] 馬齢 12頭 本賞金:750,300,190,110,75万円",12,750.0,,1,12,イクシード,,,,-,,-,,,,-,-,,,
202505040406,2025-10-12,東京,6,3歳以上1勝クラス,ダ,1400,左,曇,良,"4回 東京 4日目 サラ系３歳以上 １勝クラス       牝[指] 定量 15頭 本賞金:800,320,200,120,80万円",15,800.0,1,7,13,モーニングマジック,牝,3,54.0,三浦,85.0,,3,6.0,35.7,8-6,美浦 武藤,538,14,
202505040406,2025-10-12,東京,6,3歳以上1勝クラス,ダ,1400,左,曇,良,"4回 東京 4日目 サラ系３歳以上 １勝クラス       牝[指] 定量 15頭 本賞金:800,320,200,120,80万円",15,800.0,2,8,14,セギレエルビエント,牝,3,54.0,荻野極,85.1,1/2,1,2.7,36.1,3-3,美浦 伊坂,460,-2,
202505040406,2025-10-12,東京,6,3歳以上1勝クラス,ダ,1400,左,曇,良,"4回 東京 4日目 サラ系３歳以上 １勝クラス       牝[指] 定量 15頭 本賞金:800,320,200,120,80万円",15,800.0,3,2,2,サンタアニタ,牝,3,54.0,戸崎圭,85.4,1.3/4,2,4.1,36.6,1-1,美浦 斎藤誠,476,2,
202505040406,2025-10-12,東京,6,3歳以上1勝クラス,ダ,1400,左,曇,良,"4回 東京 4日目 サラ系３歳以上 １勝クラス       牝[指] 定量 15頭 本賞金:800,320,200,120,80万円",15,800.0,4,5,9,ウエヲムイテゴラン,牝,4,56.0,ルメー,85.4,クビ,6,13.4,36.3,5-4,美浦 萩原,460,10,
202505040406,2025-10-12,東京,6,3歳以上1勝クラス,ダ,1400,左,曇,良,"4回 東京 4日目 サラ系３歳以上 １勝クラス       牝[指] 定量 15頭 本賞金:800,320,200,120,80万円",15,800.0,5,4,6,メルシージュテーム,牝,3,54.0,岩田望,85.5,3/4,5,9.6,36.0,9-9,美浦 西田,452,-6,
202505040406,2025-10-12,東京,6,3歳以上1勝クラス,ダ,1400,左,曇,良,"4回 東京 4日目 サラ系３歳以上 １勝クラス       牝[指] 定量 15頭 本賞金:800,320,200,120,80万円",15,800.0,6,6,10,ルージュナリッシュ,牝,3,54.0,横山和,85.6,クビ,4,6.9,35.7,13-13,美浦 国枝,452,8,
202505040406,2025-10-12,東京,6,3歳以上1勝クラス,ダ,1400,左,曇,良,"4回 東京 4日目 サラ系３歳以上 １勝クラス       牝[指] 定量 15頭 本賞金:800,320,200,120,80万円",15,800.0,7,3,4,ノアスペシャル,牝,4,56.0,木幡巧,85.9,1.3/4,12,124.4,36.7,6-6,美浦 鈴木慎,448,-2,
202505040406,2025-10-12,東京,6,3歳以上1勝クラス,ダ,1400,左,曇,良,"4回 東京 4日目 サラ系３歳以上 １勝クラス       牝[指] 定量 15頭 本賞金:800,320,200,120,80万円",15,800.0,8,7,12,モリノアミーゴ,牝,3,51.0,▲小林美,86.1,1.1/4,8,30.5,35.9,14-14,美浦 鈴木伸,464,4,
202505040406,2025-10-12,東京,6,3歳以上1勝クラス,ダ,1400,左,曇,良,"4回 東京 4日目 サラ系３歳以上 １勝クラス       牝[指] 定量 15頭 本賞金:800,320,200,120,80万円",15,800.0,9,4,7,キカオクベシ,牝,3,54.0,野中,86.3,1.1/4,10,89.0,36.1,14-14,美浦 根本,446,-4,
202505040406,2025-10-12,東京,6,3歳以上1勝クラス,ダ,1400,左,曇,良,"4回 東京 4日目 サラ系３歳以上 １勝クラス       牝[指] 定量 15頭 本賞金:800,320,200,120,80万円",15,800.0,10,5,8,ルージュベルベット,牝,4,56.0,菅原明,86.3,クビ,9,32.8,36.6,11-11,美浦 浅利,452,2,
202505040406,2025-10-12,東京,6,3歳以上1勝クラス,ダ,1400,左,曇,良,"4回 東京 4日目 サラ系３歳以上 １勝クラス       牝[指] 定量 15頭 本賞金:800,320,200,120,80万円",15,800.0,11,6,11,グレイスカリヨン,牝,5,56.0,松岡,86.5,1,15,240.3,36.8,11-11,美浦 堀内,462,6,
202505040406,2025-10-12,東京,6,3歳以上1勝クラス,ダ,1400,左,曇,良,"4回 東京 4日目 サラ系３歳以上 １勝クラス       牝[指] 定量 15頭 本賞金:800,320,200,120,80万円",15,800.0,12,2,3,アサクサグレース,牝,3,54.0,杉原,87.1,3.1/2,7,20.9,37.8,6-6,美浦 戸田,468,4,
202505040406,2025-10-12,東京,6,3歳以上1勝クラス,ダ,1400,左,曇,良,"4回 東京 4日目 サラ系３歳以上 １勝クラス       牝[指] 定量 15頭 本賞金:800,320,200,120,80万円",15,800.0,13,1,1,テンホワイトラブ,牝,5,56.0,津村,87.2,1,14,185.1,37.7,9-9,美浦 小西,522,14,
202505040406,2025-10-12,東京,6,3歳以上1勝クラス,ダ,1400,左,曇,良,"4回 東京 4日目 サラ系３歳以上 １勝クラス       牝[指] 定量 15頭 本賞金:800,320,200,120,80万円",15,800.0,14,8,15,シンガソング,牝,3,54.0,佐々木,87.5,2,11,92.5,38.6,2-2,美浦 土田,430,6,
202505040406,2025-10-12,東京,6,3歳以上1勝クラス,ダ,1400,左,曇,良,"4回 東京 4日目 サラ系３歳以上 １勝クラス       牝[指] 定量 15頭 本賞金:800,320,200,120,80万円",15,800.0,15,3,5,アンビシュー,牝,4,53.0,▲遠藤,87.6,1/2,13,177.7,38.5,3-4,美浦 村田,454,-8,
202505040406,2025-10-12,東京,6,3歳以上1勝クラス,ダ,1400,左,曇,良,"4回 東京 4日目 サラ系３歳以上 １勝クラス       牝[指] 定量 15頭 本賞金:800,320,200,120,80万円",15,800.0,,1,13,モーニングマジック,,,96.0,83,,12.8,8,11.5,4.0,12.2,4,,,
202505040406,2025-10-12,東京,6,3歳以上1勝クラス,ダ,1400,左,曇,良,"4回 東京 4日目 サラ系３歳以上 １勝クラス       牝[指] 定量 15頭 本賞金:800,320,200,120,80万円",15,800.0,,1,13,モーニングマジック,,,,-,,-,,,,-,-,,,
202505040407,2025-10-12,東京,7,3歳以上1勝クラス,ダ,1600,左,曇,良,"4回 東京 4日目 サラ系３歳以上 １勝クラス       (混)[指] 定量 16頭 本賞金:800,320,200,120,80万円",16,800.0,1,4,7,アデランテ,セ,4,58.0,佐々木,98.3,,5,6.8,36.8,1-1,美浦 菊川,508,-2,
202505040407,2025-10-12,東京,7,3歳以上1勝クラス,ダ,1600,左,曇,良,"4回 東京 4日目 サラ系３歳以上 １勝クラス       (混)[指] 定量 16頭 本賞金:800,320,200,120,80万円",16,800.0,2,6,12,ジェシーテソーロ,牡,3,56.0,木幡巧,98.4,1,12,56.5,36.8,2-2,美浦 牧,484,4,
202505040407,2025-10-12,東京,7,3歳以上1勝クラス,ダ,1600,左,曇,良,"4回 東京 4日目 サラ系３歳以上 １勝クラス       (混)[指] 定量 16頭 本賞金:800,320,200,120,80万円",16,800.0,3,5,10,ボルトテソーロ,牡,3,56.0,戸崎圭,98.7,1.3/4,4,6.4,37.1,2-2,美浦 栗田,496,12,
202505040407,2025-10-12,東京,7,3歳以上1勝クラス,ダ,1600,左,曇,良,"4回 東京 4日目 サラ系３歳以上 １勝クラス       (混)[指] 定量 16頭 本賞金:800,320,200,120,80万円",16,800.0,4,8,16,コーカサスゴールド,牡,4,58.0,吉田豊,98.8,3/4,3,6.0,36.7,9-6,美浦 加藤和,570,6,
202505040407,2025-10-12,東京,7,3歳以上1勝クラス,ダ,1600,左,曇,良,"4回 東京 4日目 サラ系３歳以上 １勝クラス       (混)[指] 定量 16頭 本賞金:800,320,200,120,80万円",16,800.0,5,2,4,レッドベルダンス,牡,3,54.0,△長浜,98.9,クビ,7,20.0,36.4,10-10,美浦 手塚久,480,-2,
202505040407,2025-10-12,東京,7,3歳以上1勝クラス,ダ,1600,左,曇,良,"4回 東京 4日目 サラ系３歳以上 １勝クラス       (混)[指] 定量 16頭 本賞金:800,320,200,120,80万円",16,800.0,6,5,9,ハッピーウィズユー,牝,3,54.0,横山武,99.0,3/4,8,21.7,36.3,12-12,美浦 小笠,500,-2,
202505040407,2025-10-12,東京,7,3歳以上1勝クラス,ダ,1600,左,曇,良,"4回 東京 4日目 サラ系３歳以上 １勝クラス       (混)[指] 定量 16頭 本賞金:800,320,200,120,80万円",16,800.0,7,1,1,ウインドワンピース,牡,5,55.0,▲石田,99.0,クビ,16,204.7,36.6,10-10,美浦 新開,516,6,
202505040407,2025-10-12,東京,7,3歳以上1勝クラス,ダ,1600,左,曇,良,"4回 東京 4日目 サラ系３歳以上 １勝クラス       (混)[指] 定量 16頭 本賞金:800,320,200,120,80万円",16,800.0,8,3,5,ツマヤ,牡,4,58.0,原田和,99.1,アタマ,13,150.5,37.3,5-4,美浦 小野,542,5,
202505040407,2025-10-12,東京,7,3歳以上1勝クラス,ダ,1600,左,曇,良,"4回 東京 4日目 サラ系３歳以上 １勝クラス       (混)[指] 定量 16頭 本賞金:800,320,200,120,80万円",16,800.0,9,3,6,サムワンライクユー,牡,5,58.0,内田博,99.1,クビ,11,48.1,36.9,7-9,美浦 佐藤吉,486,16,
202505040407,2025-10-12,東京,7,3歳以上1勝クラス,ダ,1600,左,曇,良,"4回 東京 4日目 サラ系３歳以上 １勝クラス       (混)[指] 定量 16頭 本賞金:800,320,200,120,80万円",16,800.0,10,4,8,プルシャプラ,牡,3,56.0,石橋脩,99.5,2.1/2,9,23.6,36.5,15-13,美浦 池上,508,-2,
202505040407,2025-10-12,東京,7,3歳以上1勝クラス,ダ,1600,左,曇,良,"4回 東京 4日目 サラ系３歳以上 １勝クラス       (混)[指] 定量 16頭 本賞金:800,320,200,120,80万円",16,800.0,11,1,2,カフェロワドール,牡,3,56.0,横山典,99.6,クビ,2,5.5,36.6,13-13,美浦 嘉藤,488,-2,
202505040407,2025-10-12,東京,7,3歳以上1勝クラス,ダ,1600,左,曇,良,"4回 東京 4日目 サラ系３歳以上 １勝クラス       (混)[指] 定量 16頭 本賞金:800,320,200,120,80万円",16,800.0,12,2,3,ヒットミー,牝,3,54.0,柴田善,99.9,1.3/4,10,34.8,37.8,7-6,美浦 鹿戸,476,-8,
202505040407,2025-10-12,東京,7,3歳以上1勝クラス,ダ,1600,左,曇,良,"4回 東京 4日目 サラ系３歳以上 １勝クラス       (混)[指] 定量 16頭 本賞金:800,320,200,120,80万円",16,800.0,13,6,11,ホウオウジュビリー,牝,5,56.0,丸田,100.0,クビ,15,186.7,38.1,4-4,美浦 西田,492,0,
202505040407,2025-10-12,東京,7,3歳以上1勝クラス,ダ,1600,左,曇,良,"4回 東京 4日目 サラ系３歳以上 １勝クラス       (混)[指] 定量 16頭 本賞金:800,320,200,120,80万円",16,800.0,14,8,15,ピコブルー,牡,3,56.0,原,100.2,1.1/4,14,152.3,37.2,13-13,美浦 上原博,478,4,
202505040407,2025-10-12,東京,7,3歳以上1勝クラス,ダ,1600,左,曇,良,"4回 東京 4日目 サラ系３歳以上 １勝クラス       (混)[指] 定量 16頭 本賞金:800,320,200,120,80万円",16,800.0,15,7,13,スクレイピング,牡,3,56.0,横山和,101.6,9,6,19.5,37.3,16-16,美浦 尾関,502,8,
202505040407,2025-10-12,東京,7,3歳以上1勝クラス,ダ,1600,左,曇,良,"4回 東京 4日目 サラ系３歳以上 １勝クラス       (混)[指] 定量 16頭 本賞金:800,320,200,120,80万円",16,800.0,16,7,14,カンレイスキー,牡,3,56.0,松山,105.1,大,1,3.0,43.0,5-6,美浦 竹内,482,8,
202505040407,2025-10-12,東京,7,3歳以上1勝クラス,ダ,1600,左,曇,良,"4回 東京 4日目 サラ系３歳以上 １勝クラス       (混)[指] 定量 16頭 本賞金:800,320,200,120,80万円",16,800.0,,1,7,アデランテ,,,97.0,90,,12.6,4,11.6,2.0,12.4,2,,,
202505040407,2025-10-12,東京,7,3歳以上1勝クラス,ダ,1600,左,曇,良,"4回 東京 4日目 サラ系３歳以上 １勝クラス       (混)[指] 定量 16頭 本賞金:800,320,200,120,80万円",16,800.0,,1,7,アデランテ,,,,-,,-,,,,-,-,,,
202505040408,2025-10-12,東京,8,3歳以上1勝クラス,芝,2400,左,曇,良,"4回 東京 4日目 サラ系３歳以上 １勝クラス       (混)[指] 定量 11頭 本賞金:800,320,200,120,80万円",11,800.0,1,4,4,アロンズロッド,牡,3,55.0,ルメー,144.9,,1,2.8,33.9,6-6-6-5,美浦 国枝,488,2,
202505040408,2025-10-12,東京,8,3歳以上1勝クラス,芝,2400,左,曇,良,"4回 東京 4日目 サラ系３歳以上 １勝クラス       (混)[指] 定量 11頭 本賞金:800,320,200,120,80万円",11,800.0,2,6,6,ノラリクラリ,牡,3,55.0,丹内,144.9,クビ,4,10.6,33.6,8-9-9-9,栗東 藤岡,434,-2,
202505040408,2025-10-12,東京,8,3歳以上1勝クラス,芝,2400,左,曇,良,"4回 東京 4日目 サラ系３歳以上 １勝クラス       (混)[指] 定量 11頭 本賞金:800,320,200,120,80万円",11,800.0,3,7,8,ティムール,牡,5,58.0,三浦,145.0,クビ,3,5.8,33.9,7-7-8-7,栗東 中竹,478,-6,
202505040408,2025-10-12,東京,8,3歳以上1勝クラス,芝,2400,左,曇,良,"4回 東京 4日目 サラ系３歳以上 １勝クラス       (混)[指] 定量 11頭 本賞金:800,320,200,120,80万円",11,800.0,4,5,5,レッドヴァリアート,牡,3,55.0,横山武,145.5,3,5,10.9,34.9,10-10-2-2,栗東 加藤公,452,0,
202505040408,2025-10-12,東京,8,3歳以上1勝クラス,芝,2400,左,曇,良,"4回 東京 4日目 サラ系３歳以上 １勝クラス       (混)[指] 定量 11頭 本賞金:800,320,200,120,80万円",11,800.0,5,1,1,ダノンジャガー,牡,3,55.0,荻野極,145.6,1/2,7,13.8,34.1,8-7-9-10,栗東 池江,514,-2,
202505040408,2025-10-12,東京,8,3歳以上1勝クラス,芝,2400,左,曇,良,"4回 東京 4日目 サラ系３歳以上 １勝クラス       (混)[指] 定量 11頭 本賞金:800,320,200,120,80万円",11,800.0,6,6,7,ビリングス,牡,3,55.0,石川,145.6,アタマ,6,11.8,34.8,4-4-2-3,美浦 手塚久,470,8,
202505040408,2025-10-12,東京,8,3歳以上1勝クラス,芝,2400,左,曇,良,"4回 東京 4日目 サラ系３歳以上 １勝クラス       (混)[指] 定量 11頭 本賞金:800,320,200,120,80万円",11,800.0,7,2,2,ピースヒロフェイス,牝,4,56.0,木幡巧,145.6,ハナ,11,40.6,34.5,4-4-6-7,美浦 牧,468,8,
202505040408,2025-10-12,東京,8,3歳以上1勝クラス,芝,2400,左,曇,良,"4回 東京 4日目 サラ系３歳以上 １勝クラス       (混)[指] 定量 11頭 本賞金:800,320,200,120,80万円",11,800.0,8,8,10,マーゴットソラーレ,牡,4,55.0,▲上里,145.7,1/2,10,38.3,35.1,1-1-1-1,美浦 伊坂,446,-2,
202505040408,2025-10-12,東京,8,3歳以上1勝クラス,芝,2400,左,曇,良,"4回 東京 4日目 サラ系３歳以上 １勝クラス       (混)[指] 定量 11頭 本賞金:800,320,200,120,80万円",11,800.0,9,3,3,サンライズガッツ,牡,4,58.0,松山,146.0,2,2,3.7,35.0,2-2-4-5,栗東 茶木,488,2,
202505040408,2025-10-12,東京,8,3歳以上1勝クラス,芝,2400,左,曇,良,"4回 東京 4日目 サラ系３歳以上 １勝クラス       (混)[指] 定量 11頭 本賞金:800,320,200,120,80万円",11,800.0,10,8,11,メイショウアゴナス,牡,3,55.0,石橋脩,146.0,ハナ,9,36.9,34.3,11-11-11-11,栗東 本田,476,-16,
202505040408,2025-10-12,東京,8,3歳以上1勝クラス,芝,2400,左,曇,良,"4回 東京 4日目 サラ系３歳以上 １勝クラス       (混)[指] 定量 11頭 本賞金:800,320,200,120,80万円",11,800.0,11,7,9,サラダ,牝,3,53.0,武豊,146.4,2.1/2,8,22.9,35.5,3-3-4-3,栗東 武英,452,8,
202505040408,2025-10-12,東京,8,3歳以上1勝クラス,芝,2400,左,曇,良,"4回 東京 4日目 サラ系３歳以上 １勝クラス       (混)[指] 定量 11頭 本賞金:800,320,200,120,80万円",11,800.0,,1,4,アロンズロッド,,,88.0,83,,13.8,4,12.1,2.0,12.4,2,,,
202505040408,2025-10-12,東京,8,3歳以上1勝クラス,芝,2400,左,曇,良,"4回 東京 4日目 サラ系３歳以上 １勝クラス       (混)[指] 定量 11頭 本賞金:800,320,200,120,80万円",11,800.0,,1,4,アロンズロッド,,,,-,,-,,,,-,-,,,
202505040409,2025-10-12,東京,9,鷹巣山特別,芝,1600,左,曇,良,"4回 東京 4日目 サラ系３歳以上 ２勝クラス       (混)[指] ハンデ 16頭 本賞金:1550,620,390,230,155万円",16,1550.0,1,4,7,アイサンサン,牝,3,52.0,石川,92.0,,2,4.7,34.0,2-2,栗東 佐々木,462,4,
202505040409,2025-10-12,東京,9,鷹巣山特別,芝,1600,左,曇,良,"4回 東京 4日目 サラ系３歳以上 ２勝クラス       (混)[指] ハンデ 16頭 本賞金:1550,620,390,230,155万円",16,1550.0,2,6,12,マテンロウバローズ,牡,3,56.0,横山典,92.2,1,4,8.5,33.1,11-11,栗東 昆,488,12,
202505040409,2025-10-12,東京,9,鷹巣山特別,芝,1600,左,曇,良,"4回 東京 4日目 サラ系３歳以上 ２勝クラス       (混)[指] ハンデ 16頭 本賞金:1550,620,390,230,155万円",16,1550.0,3,5,10,エンペラーズソード,セ,3,55.0,菅原明,92.2,ハナ,5,8.7,33.9,3-3,美浦 高木,496,4,
202505040409,2025-10-12,東京,9,鷹巣山特別,芝,1600,左,曇,良,"4回 東京 4日目 サラ系３歳以上 ２勝クラス       (混)[指] ハンデ 16頭 本賞金:1550,620,390,230,155万円",16,1550.0,4,4,8,コムユンプリュム,牝,3,52.0,長浜,92.4,1.1/4,8,26.8,33.9,6-6,美浦 鹿戸,428,0,
202505040409,2025-10-12,東京,9,鷹巣山特別,芝,1600,左,曇,良,"4回 東京 4日目 サラ系３歳以上 ２勝クラス       (混)[指] ハンデ 16頭 本賞金:1550,620,390,230,155万円",16,1550.0,5,8,16,ストレイトトーカー,牡,3,55.0,大野,92.4,クビ,6,10.4,34.0,4-4,美浦 岩戸,474,4,
202505040409,2025-10-12,東京,9,鷹巣山特別,芝,1600,左,曇,良,"4回 東京 4日目 サラ系３歳以上 ２勝クラス       (混)[指] ハンデ 16頭 本賞金:1550,620,390,230,155万円",16,1550.0,6,7,13,マンウォル,牝,4,53.0,吉田豊,92.5,クビ,13,67.3,33.8,7-8,美浦 菊沢,434,6,
202505040409,2025-10-12,東京,9,鷹巣山特別,芝,1600,左,曇,良,"4回 東京 4日目 サラ系３歳以上 ２勝クラス       (混)[指] ハンデ 16頭 本賞金:1550,620,390,230,155万円",16,1550.0,7,1,2,ギフテッド,牝,3,52.0,今村,92.5,クビ,7,19.2,33.6,8-9,美浦 武井,454,0,
202505040409,2025-10-12,東京,9,鷹巣山特別,芝,1600,左,曇,良,"4回 東京 4日目 サラ系３歳以上 ２勝クラス       (混)[指] ハンデ 16頭 本賞金:1550,620,390,230,155万円",16,1550.0,8,8,15,ミーントゥビー,牝,3,53.0,松岡,92.6,クビ,10,30.6,33.2,15-13,美浦 堀内,434,-2,
202505040409,2025-10-12,東京,9,鷹巣山特別,芝,1600,左,曇,良,"4回 東京 4日目 サラ系３歳以上 ２勝クラス       (混)[指] ハンデ 16頭 本賞金:1550,620,390,230,155万円",16,1550.0,9,3,5,ベストオブユー,牡,4,55.0,木幡巧,92.6,クビ,16,152.1,33.7,8-9,美浦 久保田,436,-2,
202505040409,2025-10-12,東京,9,鷹巣山特別,芝,1600,左,曇,良,"4回 東京 4日目 サラ系３歳以上 ２勝クラス       (混)[指] ハンデ 16頭 本賞金:1550,620,390,230,155万円",16,1550.0,10,7,14,ネーヴェフレスカ,牝,3,53.0,荻野極,92.6,アタマ,11,43.0,32.8,16-16,栗東 石坂,440,-6,
202505040409,2025-10-12,東京,9,鷹巣山特別,芝,1600,左,曇,良,"4回 東京 4日目 サラ系３歳以上 ２勝クラス       (混)[指] ハンデ 16頭 本賞金:1550,620,390,230,155万円",16,1550.0,11,5,9,メタルスピード,牡,5,56.0,丹内,92.7,3/4,9,28.1,35.2,1-1,美浦 斎藤誠,520,4,
202505040409,2025-10-12,東京,9,鷹巣山特別,芝,1600,左,曇,良,"4回 東京 4日目 サラ系３歳以上 ２勝クラス       (混)[指] ハンデ 16頭 本賞金:1550,620,390,230,155万円",16,1550.0,12,2,3,キングノジョー,牡,3,56.0,ルメー,92.8,3/4,1,2.7,33.5,11-13,美浦 田中博,452,8,
202505040409,2025-10-12,東京,9,鷹巣山特別,芝,1600,左,曇,良,"4回 東京 4日目 サラ系３歳以上 ２勝クラス       (混)[指] ハンデ 16頭 本賞金:1550,620,390,230,155万円",16,1550.0,13,2,4,ロゼル,牡,5,54.0,横山琉,92.9,クビ,12,65.4,34.5,4-4,美浦 大和田,488,4,
202505040409,2025-10-12,東京,9,鷹巣山特別,芝,1600,左,曇,良,"4回 東京 4日目 サラ系３歳以上 ２勝クラス       (混)[指] ハンデ 16頭 本賞金:1550,620,390,230,155万円",16,1550.0,14,3,6,ドーンコーラス,牝,4,55.0,戸崎圭,92.9,ハナ,3,8.2,33.7,11-11,美浦 萩原,454,2,
202505040409,2025-10-12,東京,9,鷹巣山特別,芝,1600,左,曇,良,"4回 東京 4日目 サラ系３歳以上 ２勝クラス       (混)[指] ハンデ 16頭 本賞金:1550,620,390,230,155万円",16,1550.0,15,6,11,ステラバルセロナ,牝,5,53.0,吉田隼,93.1,1,14,110.0,34.6,8-6,美浦 菊川,432,4,
202505040409,2025-10-12,東京,9,鷹巣山特別,芝,1600,左,曇,良,"4回 東京 4日目 サラ系３歳以上 ２勝クラス       (混)[指] ハンデ 16頭 本賞金:1550,620,390,230,155万円",16,1550.0,16,1,1,サンドオブエテル,牡,4,54.0,柴田善,93.5,2.1/2,15,130.5,34.0,14-15,美浦 蛯名正,490,8,
202505040409,2025-10-12,東京,9,鷹巣山特別,芝,1600,左,曇,良,"4回 東京 4日目 サラ系３歳以上 ２勝クラス       (混)[指] ハンデ 16頭 本賞金:1550,620,390,230,155万円",16,1550.0,,1,7,アイサンサン,,,101.0,99,,12.1,3,11.2,2.0,11.4,2,,,
202505040409,2025-10-12,東京,9,鷹巣山特別,芝,1600,左,曇,良,"4回 東京 4日目 サラ系３歳以上 ２勝クラス       (混)[指] ハンデ 16頭 本賞金:1550,620,390,230,155万円",16,1550.0,,1,7,アイサンサン,,,,-,,-,,,,-,-,,,
202505040410,2025-10-12,東京,10,テレビ静岡賞,ダ,1400,左,曇,良,"4回 東京 4日目 サラ系３歳以上 ３勝クラス       (混)(特指) 定量 16頭 本賞金:1840,740,460,280,184万円",16,1840.0,1,7,14,ワイワイレジェンド,牡,4,58.0,松山,83.9,,2,4.5,36.3,1-1,栗東 前川,488,4,
202505040410,2025-10-12,東京,10,テレビ静岡賞,ダ,1400,左,曇,良,"4回 東京 4日目 サラ系３歳以上 ３勝クラス       (混)(特指) 定量 16頭 本賞金:1840,740,460,280,184万円",16,1840.0,2,4,7,ペプチドタイガー,牡,5,58.0,横山武,84.5,3.1/2,1,3.7,35.9,3-3,栗東 吉村,452,-8,
202505040410,2025-10-12,東京,10,テレビ静岡賞,ダ,1400,左,曇,良,"4回 東京 4日目 サラ系３歳以上 ３勝クラス       (混)(特指) 定量 16頭 本賞金:1840,740,460,280,184万円",16,1840.0,3,3,5,アンシール,セ,4,58.0,石橋脩,84.6,1/2,6,13.6,35.9,4-3,栗東 小崎,482,4,
202505040410,2025-10-12,東京,10,テレビ静岡賞,ダ,1400,左,曇,良,"4回 東京 4日目 サラ系３歳以上 ３勝クラス       (混)(特指) 定量 16頭 本賞金:1840,740,460,280,184万円",16,1840.0,4,1,2,マーブルマウンテン,牝,4,56.0,亀田,84.8,1.1/2,9,32.8,36.5,2-2,栗東 田中克,488,18,
202505040410,2025-10-12,東京,10,テレビ静岡賞,ダ,1400,左,曇,良,"4回 東京 4日目 サラ系３歳以上 ３勝クラス       (混)(特指) 定量 16頭 本賞金:1840,740,460,280,184万円",16,1840.0,5,2,4,トクシーカイザー,牡,5,58.0,横山琉,85.1,1.1/2,5,7.9,35.8,8-7,美浦 小島,486,0,
202505040410,2025-10-12,東京,10,テレビ静岡賞,ダ,1400,左,曇,良,"4回 東京 4日目 サラ系３歳以上 ３勝クラス       (混)(特指) 定量 16頭 本賞金:1840,740,460,280,184万円",16,1840.0,6,8,15,レイズカイザー,セ,5,58.0,荻野極,85.2,クビ,8,20.9,36.1,6-5,美浦 田村,534,8,
202505040410,2025-10-12,東京,10,テレビ静岡賞,ダ,1400,左,曇,良,"4回 東京 4日目 サラ系３歳以上 ３勝クラス       (混)(特指) 定量 16頭 本賞金:1840,740,460,280,184万円",16,1840.0,7,3,6,ハッピーロンドン,牡,5,58.0,菊沢,85.4,1.1/2,12,50.1,35.9,11-10,美浦 菊沢,490,0,
202505040410,2025-10-12,東京,10,テレビ静岡賞,ダ,1400,左,曇,良,"4回 東京 4日目 サラ系３歳以上 ３勝クラス       (混)(特指) 定量 16頭 本賞金:1840,740,460,280,184万円",16,1840.0,8,2,3,カフェニクス,牝,4,56.0,菅原明,85.4,クビ,4,7.2,35.9,11-10,美浦 柄崎,512,20,
202505040410,2025-10-12,東京,10,テレビ静岡賞,ダ,1400,左,曇,良,"4回 東京 4日目 サラ系３歳以上 ３勝クラス       (混)(特指) 定量 16頭 本賞金:1840,740,460,280,184万円",16,1840.0,9,6,11,ジャスリー,牡,5,58.0,木幡巧,85.4,ハナ,13,51.6,35.5,14-14,美浦 田島,530,-2,
202505040410,2025-10-12,東京,10,テレビ静岡賞,ダ,1400,左,曇,良,"4回 東京 4日目 サラ系３歳以上 ３勝クラス       (混)(特指) 定量 16頭 本賞金:1840,740,460,280,184万円",16,1840.0,10,5,9,キュムロンニンバス,牡,7,58.0,内田博,85.6,3/4,14,70.2,36.0,11-12,美浦 南田,526,14,
202505040410,2025-10-12,東京,10,テレビ静岡賞,ダ,1400,左,曇,良,"4回 東京 4日目 サラ系３歳以上 ３勝クラス       (混)(特指) 定量 16頭 本賞金:1840,740,460,280,184万円",16,1840.0,11,5,10,トーセンサウダージ,牡,5,58.0,大野,85.6,クビ,11,35.1,35.7,14-14,美浦 杉浦,536,8,
202505040410,2025-10-12,東京,10,テレビ静岡賞,ダ,1400,左,曇,良,"4回 東京 4日目 サラ系３歳以上 ３勝クラス       (混)(特指) 定量 16頭 本賞金:1840,740,460,280,184万円",16,1840.0,12,4,8,タイセイレスポンス,セ,4,58.0,丹内,85.8,1,7,20.0,36.7,5-5,栗東 安田,492,6,
202505040410,2025-10-12,東京,10,テレビ静岡賞,ダ,1400,左,曇,良,"4回 東京 4日目 サラ系３歳以上 ３勝クラス       (混)(特指) 定量 16頭 本賞金:1840,740,460,280,184万円",16,1840.0,13,7,13,スマイルアップ,牝,6,56.0,原,85.9,1,16,156.9,36.5,8-9,美浦 萱野,468,12,
202505040410,2025-10-12,東京,10,テレビ静岡賞,ダ,1400,左,曇,良,"4回 東京 4日目 サラ系３歳以上 ３勝クラス       (混)(特指) 定量 16頭 本賞金:1840,740,460,280,184万円",16,1840.0,14,6,12,スティールブルー,牝,4,56.0,丸山,86.4,3,10,34.6,36.8,8-12,美浦 田中勝,456,-2,
202505040410,2025-10-12,東京,10,テレビ静岡賞,ダ,1400,左,曇,良,"4回 東京 4日目 サラ系３歳以上 ３勝クラス       (混)(特指) 定量 16頭 本賞金:1840,740,460,280,184万円",16,1840.0,15,1,1,アバンチュリエ,セ,6,58.0,三浦,87.0,3.1/2,15,105.5,37.8,7-7,美浦 大竹,486,12,
202505040410,2025-10-12,東京,10,テレビ静岡賞,ダ,1400,左,曇,良,"4回 東京 4日目 サラ系３歳以上 ３勝クラス       (混)(特指) 定量 16頭 本賞金:1840,740,460,280,184万円",16,1840.0,,8,16,ノットファウンド,牝,5,56.0,ルメー,,,3,5.7,,,美浦 国枝,506,-2,中止
202505040410,2025-10-12,東京,10,テレビ静岡賞,ダ,1400,左,曇,良,"4回 東京 4日目 サラ系３歳以上 ３勝クラス       (混)(特指) 定量 16頭 本賞金:1840,740,460,280,184万円",16,1840.0,,1,14,ワイワイレジェンド,,,99.0,104,,12.5,4,11.5,3.0,11.9,2,,,
202505040410,2025-10-12,東京,10,テレビ静岡賞,ダ,1400,左,曇,良,"4回 東京 4日目 サラ系３歳以上 ３勝クラス       (混)(特指) 定量 16頭 本賞金:1840,740,460,280,184万円",16,1840.0,,1,14,ワイワイレジェンド,,,,-,,-,,,,-,-,,,
202505040411,2025-10-12,東京,11,アイルランドT,芝,1800,左,曇,良,"4回 東京 4日目 サラ系３歳以上 オープン       (国際) 牝(指) 別定 16頭 本賞金:5500,2200,1400,830,550万円",16,5500.0,1,8,15,ラヴァンダ,牝,4,55.0,岩田望,105.7,,4,7.0,32.4,7-8-10,栗東 中村,488,-4,
202505040411,2025-10-12,東京,11,アイルランドT,芝,1800,左,曇,良,"4回 東京 4日目 サラ系３歳以上 オープン       (国際) 牝(指) 別定 16頭 本賞金:5500,2200,1400,830,550万円",16,5500.0,2,1,2,アンゴラブラック,牝,4,55.0,戸崎圭,105.8,1/2,6,13.2,33.0,4-4-3,美浦 尾関,470,10,
202505040411,2025-10-12,東京,11,アイルランドT,芝,1800,左,曇,良,"4回 東京 4日目 サラ系３歳以上 オープン       (国際) 牝(指) 別定 16頭 本賞金:5500,2200,1400,830,550万円",16,5500.0,3,4,7,カナテープ,牝,6,55.0,佐々木,105.8,クビ,5,7.2,32.9,4-4-5,美浦 堀,468,-14,
202505040411,2025-10-12,東京,11,アイルランドT,芝,1800,左,曇,良,"4回 東京 4日目 サラ系３歳以上 オープン       (国際) 牝(指) 別定 16頭 本賞金:5500,2200,1400,830,550万円",16,5500.0,4,5,10,ライラック,牝,6,55.0,石川,105.8,ハナ,8,19.1,32.3,11-13-13,美浦 相沢,458,4,
202505040411,2025-10-12,東京,11,アイルランドT,芝,1800,左,曇,良,"4回 東京 4日目 サラ系３歳以上 オープン       (国際) 牝(指) 別定 16頭 本賞金:5500,2200,1400,830,550万円",16,5500.0,5,3,6,セフィロ,牝,5,55.0,横山和,106.1,1.3/4,12,58.2,32.2,15-15-15,美浦 菊沢,474,10,
202505040411,2025-10-12,東京,11,アイルランドT,芝,1800,左,曇,良,"4回 東京 4日目 サラ系３歳以上 オープン       (国際) 牝(指) 別定 16頭 本賞金:5500,2200,1400,830,550万円",16,5500.0,6,7,14,ホウオウラスカーズ,牝,7,55.0,木幡巧,106.2,3/4,11,49.7,32.9,13-12-10,美浦 高木,458,2,
202505040411,2025-10-12,東京,11,アイルランドT,芝,1800,左,曇,良,"4回 東京 4日目 サラ系３歳以上 オープン       (国際) 牝(指) 別定 16頭 本賞金:5500,2200,1400,830,550万円",16,5500.0,7,1,1,アドマイヤマツリ,牝,4,55.0,武豊,106.2,ハナ,2,4.4,33.7,1-1-1,美浦 宮田,470,16,
202505040411,2025-10-12,東京,11,アイルランドT,芝,1800,左,曇,良,"4回 東京 4日目 サラ系３歳以上 オープン       (国際) 牝(指) 別定 16頭 本賞金:5500,2200,1400,830,550万円",16,5500.0,8,3,5,リラボニート,牝,4,55.0,横山武,106.3,クビ,9,29.3,33.2,7-8-6,栗東 須貝,466,-2,
202505040411,2025-10-12,東京,11,アイルランドT,芝,1800,左,曇,良,"4回 東京 4日目 サラ系３歳以上 オープン       (国際) 牝(指) 別定 16頭 本賞金:5500,2200,1400,830,550万円",16,5500.0,9,4,8,ボンドガール,牝,4,55.0,ルメー,106.5,1.1/4,1,3.9,33.2,7-11-10,美浦 手塚久,458,2,
202505040411,2025-10-12,東京,11,アイルランドT,芝,1800,左,曇,良,"4回 東京 4日目 サラ系３歳以上 オープン       (国際) 牝(指) 別定 16頭 本賞金:5500,2200,1400,830,550万円",16,5500.0,10,6,11,セキトバイースト,牝,4,55.0,浜中,106.6,3/4,3,5.9,33.8,3-3-3,栗東 四位,478,20,
202505040411,2025-10-12,東京,11,アイルランドT,芝,1800,左,曇,良,"4回 東京 4日目 サラ系３歳以上 オープン       (国際) 牝(指) 別定 16頭 本賞金:5500,2200,1400,830,550万円",16,5500.0,11,2,4,フィールシンパシー,牝,6,55.0,横山琉,106.6,アタマ,15,115.7,33.5,11-8-6,美浦 小島,464,8,
202505040411,2025-10-12,東京,11,アイルランドT,芝,1800,左,曇,良,"4回 東京 4日目 サラ系３歳以上 オープン       (国際) 牝(指) 別定 16頭 本賞金:5500,2200,1400,830,550万円",16,5500.0,12,7,13,サフィラ,牝,4,56.0,松山,106.8,1,7,13.8,33.8,4-4-6,栗東 池添,464,10,
202505040411,2025-10-12,東京,11,アイルランドT,芝,1800,左,曇,良,"4回 東京 4日目 サラ系３歳以上 オープン       (国際) 牝(指) 別定 16頭 本賞金:5500,2200,1400,830,550万円",16,5500.0,13,6,12,ドゥアイズ,牝,5,55.0,三浦,106.8,クビ,10,44.6,33.7,7-7-6,栗東 庄野,476,-8,
202505040411,2025-10-12,東京,11,アイルランドT,芝,1800,左,曇,良,"4回 東京 4日目 サラ系３歳以上 オープン       (国際) 牝(指) 別定 16頭 本賞金:5500,2200,1400,830,550万円",16,5500.0,14,8,16,アンリーロード,牝,5,55.0,荻野極,107.3,3,14,113.2,33.2,16-16-16,栗東 茶木,482,0,
202505040411,2025-10-12,東京,11,アイルランドT,芝,1800,左,曇,良,"4回 東京 4日目 サラ系３歳以上 オープン       (国際) 牝(指) 別定 16頭 本賞金:5500,2200,1400,830,550万円",16,5500.0,15,5,9,ピースオブザライフ,牝,5,55.0,菊沢,107.7,2.1/2,16,207.1,35.0,2-2-2,栗東 野中,492,4,
202505040411,2025-10-12,東京,11,アイルランドT,芝,1800,左,曇,良,"4回 東京 4日目 サラ系３歳以上 オープン       (国際) 牝(指) 別定 16頭 本賞金:5500,2200,1400,830,550万円",16,5500.0,16,2,3,キャットファイト,牝,4,55.0,大野,108.5,5,13,74.9,34.8,14-14-14,美浦 上原博,480,22,
202505040411,2025-10-12,東京,11,アイルランドT,芝,1800,左,曇,良,"4回 東京 4日目 サラ系３歳以上 オープン       (国際) 牝(指) 別定 16頭 本賞金:5500,2200,1400,830,550万円",16,5500.0,,1,15,ラヴァンダ,,,90.0,79,,13.4,7,11.7,5.0,12.0,5,,,
202505040411,2025-10-12,東京,11,アイルランドT,芝,1800,左,曇,良,"4回 東京 4日目 サラ系３歳以上 オープン       (国際) 牝(指) 別定 16頭 本賞金:5500,2200,1400,830,550万円",16,5500.0,,1,15,ラヴァンダ,,,0.433,7.47,,6.43,,7.49,0.452,7.55,0.46,,,
202505040412,2025-10-12,東京,12,3歳以上2勝クラス,ダ,1300,左,曇,良,"4回 東京 4日目 サラ系３歳以上 ２勝クラス       (混)[指] 定量 16頭 本賞金:1140,460,290,170,114万円",16,1140.0,1,4,8,マーズオデッセイ,牡,3,57.0,三浦,77.7,,5,6.5,35.2,11-10,美浦 田中勝,508,0,
202505040412,2025-10-12,東京,12,3歳以上2勝クラス,ダ,1300,左,曇,良,"4回 東京 4日目 サラ系３歳以上 ２勝クラス       (混)[指] 定量 16頭 本賞金:1140,460,290,170,114万円",16,1140.0,2,6,12,エイプリルインパリ,牝,3,55.0,津村,78.2,3,4,6.1,37.1,2-2,栗東 高橋忠,466,12,
202505040412,2025-10-12,東京,12,3歳以上2勝クラス,ダ,1300,左,曇,良,"4回 東京 4日目 サラ系３歳以上 ２勝クラス       (混)[指] 定量 16頭 本賞金:1140,460,290,170,114万円",16,1140.0,3,3,5,ペイシャケイプ,牡,3,55.0,◇永島,78.2,ハナ,3,5.8,35.2,14-15,栗東 高橋康,542,6,
202505040412,2025-10-12,東京,12,3歳以上2勝クラス,ダ,1300,左,曇,良,"4回 東京 4日目 サラ系３歳以上 ２勝クラス       (混)[指] 定量 16頭 本賞金:1140,460,290,170,114万円",16,1140.0,4,7,14,ユウトザレン,牡,3,57.0,岩田望,78.2,アタマ,1,3.6,36.4,7-6,栗東 千田,492,16,
202505040412,2025-10-12,東京,12,3歳以上2勝クラス,ダ,1300,左,曇,良,"4回 東京 4日目 サラ系３歳以上 ２勝クラス       (混)[指] 定量 16頭 本賞金:1140,460,290,170,114万円",16,1140.0,5,3,6,ニシノクードクール,牝,3,55.0,武藤,78.8,3.1/2,13,84.2,36.8,8-8,美浦 武藤,460,4,
202505040412,2025-10-12,東京,12,3歳以上2勝クラス,ダ,1300,左,曇,良,"4回 東京 4日目 サラ系３歳以上 ２勝クラス       (混)[指] 定量 16頭 本賞金:1140,460,290,170,114万円",16,1140.0,5,8,15,ケンキョ,牡,5,58.0,荻野極,78.8,3.1/2,7,18.2,36.1,11-13,美浦 高橋文,468,-8,
202505040412,2025-10-12,東京,12,3歳以上2勝クラス,ダ,1300,左,曇,良,"4回 東京 4日目 サラ系３歳以上 ２勝クラス       (混)[指] 定量 16頭 本賞金:1140,460,290,170,114万円",16,1140.0,7,4,7,メモリーグラス,牡,5,58.0,木幡巧,78.9,1/2,10,63.4,36.7,9-9,美浦 松永康,492,2,
202505040412,2025-10-12,東京,12,3歳以上2勝クラス,ダ,1300,左,曇,良,"4回 東京 4日目 サラ系３歳以上 ２勝クラス       (混)[指] 定量 16頭 本賞金:1140,460,290,170,114万円",16,1140.0,8,7,13,マサノユニコーン,牡,3,57.0,横山琉,79.0,1/2,2,5.0,37.5,4-4,美浦 小島,474,18,
202505040412,2025-10-12,東京,12,3歳以上2勝クラス,ダ,1300,左,曇,良,"4回 東京 4日目 サラ系３歳以上 ２勝クラス       (混)[指] 定量 16頭 本賞金:1140,460,290,170,114万円",16,1140.0,9,2,3,トルーマンテソーロ,牡,6,58.0,佐々木,79.0,クビ,8,20.9,37.7,3-3,美浦 菊川,528,-6,
202505040412,2025-10-12,東京,12,3歳以上2勝クラス,ダ,1300,左,曇,良,"4回 東京 4日目 サラ系３歳以上 ２勝クラス       (混)[指] 定量 16頭 本賞金:1140,460,290,170,114万円",16,1140.0,10,2,4,プレイテシア,牝,6,56.0,菅原明,79.4,2,9,52.0,37.8,4-4,栗東 羽月,442,0,
202505040412,2025-10-12,東京,12,3歳以上2勝クラス,ダ,1300,左,曇,良,"4回 東京 4日目 サラ系３歳以上 ２勝クラス       (混)[指] 定量 16頭 本賞金:1140,460,290,170,114万円",16,1140.0,11,8,16,ジョヴィアン,牡,5,58.0,戸崎圭,79.4,ハナ,6,10.1,38.5,1-1,栗東 奥村豊,506,2,
202505040412,2025-10-12,東京,12,3歳以上2勝クラス,ダ,1300,左,曇,良,"4回 東京 4日目 サラ系３歳以上 ２勝クラス       (混)[指] 定量 16頭 本賞金:1140,460,290,170,114万円",16,1140.0,12,1,1,カンザシ,牝,6,54.0,△長浜,79.4,ハナ,12,75.5,36.4,14-15,美浦 国枝,494,-12,
202505040412,2025-10-12,東京,12,3歳以上2勝クラス,ダ,1300,左,曇,良,"4回 東京 4日目 サラ系３歳以上 ２勝クラス       (混)[指] 定量 16頭 本賞金:1140,460,290,170,114万円",16,1140.0,13,6,11,グラティアスミノル,牡,4,58.0,亀田,79.5,1/2,15,240.0,37.1,10-10,栗東 北出,488,-16,
202505040412,2025-10-12,東京,12,3歳以上2勝クラス,ダ,1300,左,曇,良,"4回 東京 4日目 サラ系３歳以上 ２勝クラス       (混)[指] 定量 16頭 本賞金:1140,460,290,170,114万円",16,1140.0,14,1,2,モーニングヘイズ,セ,6,55.0,▲石田,79.5,クビ,11,68.1,37.0,11-10,美浦 岩戸,524,0,
202505040412,2025-10-12,東京,12,3歳以上2勝クラス,ダ,1300,左,曇,良,"4回 東京 4日目 サラ系３歳以上 ２勝クラス       (混)[指] 定量 16頭 本賞金:1140,460,290,170,114万円",16,1140.0,15,5,9,アレスグート,牡,3,57.0,柴田大,80.1,3.1/2,14,116.6,38.3,6-6,美浦 牧,462,6,
202505040412,2025-10-12,東京,12,3歳以上2勝クラス,ダ,1300,左,曇,良,"4回 東京 4日目 サラ系３歳以上 ２勝クラス       (混)[指] 定量 16頭 本賞金:1140,460,290,170,114万円",16,1140.0,16,5,10,アベベ,牡,4,58.0,丸山,80.2,3/4,16,257.1,37.3,14-14,美浦 根本,472,2,
202505040412,2025-10-12,東京,12,3歳以上2勝クラス,ダ,1300,左,曇,良,"4回 東京 4日目 サラ系３歳以上 ２勝クラス       (混)[指] 定量 16頭 本賞金:1140,460,290,170,114万円",16,1140.0,,1,8,マーズオデッセイ,,,89.0,92,,7.6,9,11.6,5.0,11.6,2,,,
202505040412,2025-10-12,東京,12,3歳以上2勝クラス,ダ,1300,左,曇,良,"4回 東京 4日目 サラ系３歳以上 ２勝クラス       (混)[指] 定量 16頭 本賞金:1140,460,290,170,114万円",16,1140.0,,1,8,マーズオデッセイ,,,,-,,-,,,,-,-,,,
202508030401,2025-10-12,京都,1,2歳未勝利,ダ,1400,右,曇,良,"3回 京都 4日目 サラ系２歳 未勝利       牝[指] 馬齢 12頭 本賞金:560,220,140,84,56万円",12,560.0,1,4,4,ワイズギャング,牝,2,55.0,古川吉,85.4,,3,4.3,37.8,9-9,栗東 河嶋,444,2,
202508030401,2025-10-12,京都,1,2歳未勝利,ダ,1400,右,曇,良,"3回 京都 4日目 サラ系２歳 未勝利       牝[指] 馬齢 12頭 本賞金:560,220,140,84,56万円",12,560.0,2,1,1,フィアーブル,牝,2,55.0,西村淳,85.5,3/4,2,4.0,38.6,4-4,栗東 長谷川,460,0,
202508030401,2025-10-12,京都,1,2歳未勝利,ダ,1400,右,曇,良,"3回 京都 4日目 サラ系２歳 未勝利       牝[指] 馬齢 12頭 本賞金:560,220,140,84,56万円",12,560.0,3,8,11,ソウルオンファイア,牝,2,55.0,富田,85.5,ハナ,4,4.7,38.6,4-4,栗東 野中,482,0,
202508030401,2025-10-12,京都,1,2歳未勝利,ダ,1400,右,曇,良,"3回 京都 4日目 サラ系２歳 未勝利       牝[指] 馬齢 12頭 本賞金:560,220,140,84,56万円",12,560.0,4,3,3,ガーリッシュ,牝,2,55.0,和田竜,85.6,1/2,7,29.6,39.0,1-1,栗東 鈴木孝,458,2,
202508030401,2025-10-12,京都,1,2歳未勝利,ダ,1400,右,曇,良,"3回 京都 4日目 サラ系２歳 未勝利       牝[指] 馬齢 12頭 本賞金:560,220,140,84,56万円",12,560.0,5,6,8,ナムラソラン,牝,2,51.0,★河原田,86.1,2.1/2,11,125.9,38.9,6-6,栗東 羽月,432,0,
202508030401,2025-10-12,京都,1,2歳未勝利,ダ,1400,右,曇,良,"3回 京都 4日目 サラ系２歳 未勝利       牝[指] 馬齢 12頭 本賞金:560,220,140,84,56万円",12,560.0,6,5,6,タマモヒロイン,牝,2,52.0,▲和田陽,86.7,4,9,41.2,38.9,11-12,栗東 緒方,438,-4,
202508030401,2025-10-12,京都,1,2歳未勝利,ダ,1400,右,曇,良,"3回 京都 4日目 サラ系２歳 未勝利       牝[指] 馬齢 12頭 本賞金:560,220,140,84,56万円",12,560.0,7,8,12,ツーエムボヌール,牝,2,54.0,☆松本,87.2,3,10,67.6,40.4,2-2,栗東 本田,454,4,
202508030401,2025-10-12,京都,1,2歳未勝利,ダ,1400,右,曇,良,"3回 京都 4日目 サラ系２歳 未勝利       牝[指] 馬齢 12頭 本賞金:560,220,140,84,56万円",12,560.0,8,7,9,リアライズブルーム,牝,2,55.0,川田,87.5,1.3/4,1,3.9,40.2,6-7,栗東 須貝,486,10,
202508030401,2025-10-12,京都,1,2歳未勝利,ダ,1400,右,曇,良,"3回 京都 4日目 サラ系２歳 未勝利       牝[指] 馬齢 12頭 本賞金:560,220,140,84,56万円",12,560.0,9,2,2,サウンドプリモ,牝,2,55.0,鮫島駿,87.7,1,8,35.1,40.1,9-10,栗東 高柳大,424,10,
202508030401,2025-10-12,京都,1,2歳未勝利,ダ,1400,右,曇,良,"3回 京都 4日目 サラ系２歳 未勝利       牝[指] 馬齢 12頭 本賞金:560,220,140,84,56万円",12,560.0,10,7,10,グリッタードール,牝,2,55.0,田口,87.8,1/2,12,229.0,40.0,11-10,栗東 大橋,458,-4,
202508030401,2025-10-12,京都,1,2歳未勝利,ダ,1400,右,曇,良,"3回 京都 4日目 サラ系２歳 未勝利       牝[指] 馬齢 12頭 本賞金:560,220,140,84,56万円",12,560.0,11,6,7,シュヴェスター,牝,2,55.0,高杉,88.0,1.1/4,6,14.4,40.7,8-7,栗東 高橋亮,428,2,
202508030401,2025-10-12,京都,1,2歳未勝利,ダ,1400,右,曇,良,"3回 京都 4日目 サラ系２歳 未勝利       牝[指] 馬齢 12頭 本賞金:560,220,140,84,56万円",12,560.0,12,5,5,サンタクローチェ,牝,2,55.0,城戸,88.7,4,5,7.7,42.0,2-2,栗東 西村,446,2,
202508030401,2025-10-12,京都,1,2歳未勝利,ダ,1400,右,曇,良,"3回 京都 4日目 サラ系２歳 未勝利       牝[指] 馬齢 12頭 本賞金:560,220,140,84,56万円",12,560.0,,1,4,ワイズギャング,,,99.0,93,,12.5,6,10.9,5.0,11.9,4,,,
202508030401,2025-10-12,京都,1,2歳未勝利,ダ,1400,右,曇,良,"3回 京都 4日目 サラ系２歳 未勝利       牝[指] 馬齢 12頭 本賞金:560,220,140,84,56万円",12,560.0,,1,4,ワイズギャング,,,,-,,-,,,,-,-,,,
202508030402,2025-10-12,京都,2,2歳未勝利,ダ,1800,右,曇,良,"3回 京都 4日目 サラ系２歳 未勝利       [指] 馬齢 7頭 本賞金:560,220,140,84,56万円",7,560.0,1,2,2,サイン,牡,2,56.0,西村淳,113.8,,2,4.2,37.7,1-1-1-1,栗東 佐藤悠,516,-4,
202508030402,2025-10-12,京都,2,2歳未勝利,ダ,1800,右,曇,良,"3回 京都 4日目 サラ系２歳 未勝利       [指] 馬齢 7頭 本賞金:560,220,140,84,56万円",7,560.0,2,7,7,ヴィエントデコラ,牡,2,56.0,小沢,114.0,1,5,6.3,37.8,2-2-2-2,栗東 寺島,448,4,
202508030402,2025-10-12,京都,2,2歳未勝利,ダ,1800,右,曇,良,"3回 京都 4日目 サラ系２歳 未勝利       [指] 馬齢 7頭 本賞金:560,220,140,84,56万円",7,560.0,3,1,1,マシン,牡,2,56.0,団野,114.5,3.1/2,4,4.8,38.1,3-3-3-3,栗東 石坂,468,-10,
202508030402,2025-10-12,京都,2,2歳未勝利,ダ,1800,右,曇,良,"3回 京都 4日目 サラ系２歳 未勝利       [指] 馬齢 7頭 本賞金:560,220,140,84,56万円",7,560.0,4,6,6,ジーティースティア,牡,2,56.0,鮫島駿,115.2,4,3,4.3,38.6,6-5-5-5,栗東 藤野,486,-10,
202508030402,2025-10-12,京都,2,2歳未勝利,ダ,1800,右,曇,良,"3回 京都 4日目 サラ系２歳 未勝利       [指] 馬齢 7頭 本賞金:560,220,140,84,56万円",7,560.0,5,4,4,グロリアス,牝,2,55.0,田口,115.6,2.1/2,6,8.1,39.2,3-3-3-3,栗東 新谷,456,-2,
202508030402,2025-10-12,京都,2,2歳未勝利,ダ,1800,右,曇,良,"3回 京都 4日目 サラ系２歳 未勝利       [指] 馬齢 7頭 本賞金:560,220,140,84,56万円",7,560.0,6,5,5,ロードステラート,牡,2,56.0,富田,115.8,1,1,3.4,39.2,5-5-5-5,栗東 武英,502,6,
202508030402,2025-10-12,京都,2,2歳未勝利,ダ,1800,右,曇,良,"3回 京都 4日目 サラ系２歳 未勝利       [指] 馬齢 7頭 本賞金:560,220,140,84,56万円",7,560.0,7,3,3,マクローリン,牡,2,52.0,★河原田,117.4,10,7,114.1,40.2,7-7-7-7,栗東 加藤公,468,2,
202508030402,2025-10-12,京都,2,2歳未勝利,ダ,1800,右,曇,良,"3回 京都 4日目 サラ系２歳 未勝利       [指] 馬齢 7頭 本賞金:560,220,140,84,56万円",7,560.0,,1,2,サイン,,,96.0,84,,12.6,3,11.9,1.0,13.2,2,,,
202508030402,2025-10-12,京都,2,2歳未勝利,ダ,1800,右,曇,良,"3回 京都 4日目 サラ系２歳 未勝利       [指] 馬齢 7頭 本賞金:560,220,140,84,56万円",7,560.0,,1,2,サイン,,,,-,,-,,,,-,-,,,
202508030403,2025-10-12,京都,3,2歳未勝利,芝,2000,右,曇,良,"3回 京都 4日目 サラ系２歳 未勝利       [指] 馬齢 9頭 本賞金:560,220,140,84,56万円",9,560.0,1,7,7,ブレナヴォン,牡,2,55.0,☆吉村,119.5,,2,2.8,35.0,5-6-4-4,栗東 池江,454,0,
202508030403,2025-10-12,京都,3,2歳未勝利,芝,2000,右,曇,良,"3回 京都 4日目 サラ系２歳 未勝利       [指] 馬齢 9頭 本賞金:560,220,140,84,56万円",9,560.0,2,2,2,リアライズグリント,牡,2,56.0,坂井,120.1,3.1/2,1,1.8,35.8,3-3-3-3,栗東 矢作,474,-6,
202508030403,2025-10-12,京都,3,2歳未勝利,芝,2000,右,曇,良,"3回 京都 4日目 サラ系２歳 未勝利       [指] 馬齢 9頭 本賞金:560,220,140,84,56万円",9,560.0,3,6,6,アスクチャンスマン,牡,2,56.0,松若,120.1,クビ,9,187.7,35.4,8-8-6-6,栗東 梅田,434,-2,
202508030403,2025-10-12,京都,3,2歳未勝利,芝,2000,右,曇,良,"3回 京都 4日目 サラ系２歳 未勝利       [指] 馬齢 9頭 本賞金:560,220,140,84,56万円",9,560.0,4,3,3,ラージアンサンブル,牡,2,56.0,高杉,120.1,ハナ,6,30.3,35.3,3-4-6-8,美浦 武井,474,6,
202508030403,2025-10-12,京都,3,2歳未勝利,芝,2000,右,曇,良,"3回 京都 4日目 サラ系２歳 未勝利       [指] 馬齢 9頭 本賞金:560,220,140,84,56万円",9,560.0,5,8,9,ジーティービキニ,牝,2,55.0,北村友,120.3,1,4,13.0,35.9,5-4-4-4,栗東 松下,496,8,
202508030403,2025-10-12,京都,3,2歳未勝利,芝,2000,右,曇,良,"3回 京都 4日目 サラ系２歳 未勝利       [指] 馬齢 9頭 本賞金:560,220,140,84,56万円",9,560.0,6,5,5,コスモブラック,牡,2,56.0,団野,120.5,1.1/2,3,5.7,36.5,2-2-1-1,栗東 武英,464,-4,
202508030403,2025-10-12,京都,3,2歳未勝利,芝,2000,右,曇,良,"3回 京都 4日目 サラ系２歳 未勝利       [指] 馬齢 9頭 本賞金:560,220,140,84,56万円",9,560.0,7,1,1,クーレスト,牡,2,56.0,古川吉,120.6,1/2,8,100.7,35.5,9-9-9-8,栗東 大根田,446,4,
202508030403,2025-10-12,京都,3,2歳未勝利,芝,2000,右,曇,良,"3回 京都 4日目 サラ系２歳 未勝利       [指] 馬齢 9頭 本賞金:560,220,140,84,56万円",9,560.0,8,8,8,アスピラシオン,牡,2,56.0,岩田康,120.8,1,5,20.6,36.1,7-7-6-6,栗東 上村,490,2,
202508030403,2025-10-12,京都,3,2歳未勝利,芝,2000,右,曇,良,"3回 京都 4日目 サラ系２歳 未勝利       [指] 馬齢 9頭 本賞金:560,220,140,84,56万円",9,560.0,9,4,4,テイエムプレミラン,牡,2,56.0,鮫島駿,122.3,9,7,46.4,38.3,1-1-2-2,栗東 宮地,488,2,
202508030403,2025-10-12,京都,3,2歳未勝利,芝,2000,右,曇,良,"3回 京都 4日目 サラ系２歳 未勝利       [指] 馬齢 9頭 本賞金:560,220,140,84,56万円",9,560.0,,1,7,ブレナヴォン,,,98.0,87,,13.2,6,11.1,2.0,12.4,2,,,
202508030403,2025-10-12,京都,3,2歳未勝利,芝,2000,右,曇,良,"3回 京都 4日目 サラ系２歳 未勝利       [指] 馬齢 9頭 本賞金:560,220,140,84,56万円",9,560.0,,1,7,ブレナヴォン,,,,-,,-,,,,-,-,,,
202508030404,2025-10-12,京都,4,3歳以上障害未勝利,障,2910,,曇,良,"3回 京都 4日目 障害３歳以上 未勝利       (混) 定量 12頭 本賞金:840,340,210,130,84万円",12,840.0,1,1,1,ヴィアルークス,牡,7,60.0,森一,198.1,,1,2.2,13.6,2-2-2-1,栗東 小林,510,4,
202508030404,2025-10-12,京都,4,3歳以上障害未勝利,障,2910,,曇,良,"3回 京都 4日目 障害３歳以上 未勝利       (混) 定量 12頭 本賞金:840,340,210,130,84万円",12,840.0,2,5,5,フォーディアライフ,セ,4,60.0,石神深,199.3,7,2,4.6,13.7,1-1-1-2,美浦 矢嶋,538,-4,
202508030404,2025-10-12,京都,4,3歳以上障害未勝利,障,2910,,曇,良,"3回 京都 4日目 障害３歳以上 未勝利       (混) 定量 12頭 本賞金:840,340,210,130,84万円",12,840.0,3,8,12,オステリア,牡,6,60.0,高田,199.4,1/2,3,8.4,13.7,3-4-4-3,栗東 宮本,522,-2,
202508030404,2025-10-12,京都,4,3歳以上障害未勝利,障,2910,,曇,良,"3回 京都 4日目 障害３歳以上 未勝利       (混) 定量 12頭 本賞金:840,340,210,130,84万円",12,840.0,4,4,4,ブラックバラード,セ,4,60.0,伴,199.6,1.1/4,12,46.8,13.7,6-6-5-5,美浦 嘉藤,458,16,
202508030404,2025-10-12,京都,4,3歳以上障害未勝利,障,2910,,曇,良,"3回 京都 4日目 障害３歳以上 未勝利       (混) 定量 12頭 本賞金:840,340,210,130,84万円",12,840.0,5,3,3,エブリモーメント,牡,4,60.0,黒岩,200.1,3.1/2,11,46.5,13.8,8-8-8-7,栗東 牧田,502,0,
202508030404,2025-10-12,京都,4,3歳以上障害未勝利,障,2910,,曇,良,"3回 京都 4日目 障害３歳以上 未勝利       (混) 定量 12頭 本賞金:840,340,210,130,84万円",12,840.0,6,8,11,シュハリ,牡,5,60.0,江田勇,200.3,1.1/4,10,43.9,13.8,5-4-3-3,美浦 粕谷,458,0,
202508030404,2025-10-12,京都,4,3歳以上障害未勝利,障,2910,,曇,良,"3回 京都 4日目 障害３歳以上 未勝利       (混) 定量 12頭 本賞金:840,340,210,130,84万円",12,840.0,7,7,9,ストラクチャー,セ,4,60.0,草野,201.3,6,5,10.8,13.8,10-10-9-9,美浦 和田郎,446,4,
202508030404,2025-10-12,京都,4,3歳以上障害未勝利,障,2910,,曇,良,"3回 京都 4日目 障害３歳以上 未勝利       (混) 定量 12頭 本賞金:840,340,210,130,84万円",12,840.0,8,6,7,スズノイナズマ,セ,7,60.0,大江圭,201.8,3,8,18.4,13.9,7-7-7-8,美浦 深山,478,10,
202508030404,2025-10-12,京都,4,3歳以上障害未勝利,障,2910,,曇,良,"3回 京都 4日目 障害３歳以上 未勝利       (混) 定量 12頭 本賞金:840,340,210,130,84万円",12,840.0,9,7,10,シルバースペード,牡,5,60.0,上野,202.8,6,7,16.5,13.9,3-3-6-6,美浦 小野,478,-2,
202508030404,2025-10-12,京都,4,3歳以上障害未勝利,障,2910,,曇,良,"3回 京都 4日目 障害３歳以上 未勝利       (混) 定量 12頭 本賞金:840,340,210,130,84万円",12,840.0,10,6,8,アルカンサス,牡,6,60.0,西谷誠,202.9,1/2,4,10.4,13.9,11-11-11-11,美浦 土田,482,-8,
202508030404,2025-10-12,京都,4,3歳以上障害未勝利,障,2910,,曇,良,"3回 京都 4日目 障害３歳以上 未勝利       (混) 定量 12頭 本賞金:840,340,210,130,84万円",12,840.0,11,5,6,ゴットリープ,牡,5,60.0,五十嵐,203.2,1.1/2,9,38.9,14.0,9-9-10-10,美浦 栗田,482,10,
202508030404,2025-10-12,京都,4,3歳以上障害未勝利,障,2910,,曇,良,"3回 京都 4日目 障害３歳以上 未勝利       (混) 定量 12頭 本賞金:840,340,210,130,84万円",12,840.0,12,2,2,シーク,セ,3,58.0,小牧加,205.9,大,6,14.3,14.2,12-12-12-12,栗東 角田,528,16,
202508030405,2025-10-12,京都,5,2歳新馬,芝,2000,右,曇,良,"3回 京都 4日目 サラ系２歳 新馬       [指] 馬齢 13頭 本賞金:750,300,190,110,75万円",13,750.0,1,8,13,ヴィサージュ,牡,2,56.0,藤岡佑,120.5,,5,14.0,33.6,9-9-4-7,栗東 大久保,498,0,
202508030405,2025-10-12,京都,5,2歳新馬,芝,2000,右,曇,良,"3回 京都 4日目 サラ系２歳 新馬       [指] 馬齢 13頭 本賞金:750,300,190,110,75万円",13,750.0,2,2,2,アメティスタ,牝,2,55.0,高杉,120.5,クビ,8,27.1,33.8,3-3-4-4,栗東 牧浦,462,0,
202508030405,2025-10-12,京都,5,2歳新馬,芝,2000,右,曇,良,"3回 京都 4日目 サラ系２歳 新馬       [指] 馬齢 13頭 本賞金:750,300,190,110,75万円",13,750.0,3,7,11,ビクスバイト,牝,2,55.0,鮫島駿,120.5,ハナ,9,34.6,34.0,2-2-2-2,栗東 佐藤悠,454,0,
202508030405,2025-10-12,京都,5,2歳新馬,芝,2000,右,曇,良,"3回 京都 4日目 サラ系２歳 新馬       [指] 馬齢 13頭 本賞金:750,300,190,110,75万円",13,750.0,4,7,10,ショウナンバンライ,牡,2,56.0,池添,120.9,2,2,3.3,34.3,3-3-3-3,栗東 松下,462,0,
202508030405,2025-10-12,京都,5,2歳新馬,芝,2000,右,曇,良,"3回 京都 4日目 サラ系２歳 新馬       [指] 馬齢 13頭 本賞金:750,300,190,110,75万円",13,750.0,5,1,1,ワンダフルボンド,牡,2,56.0,川田,120.9,ハナ,1,2.2,34.1,5-5-4-4,栗東 友道,476,0,
202508030405,2025-10-12,京都,5,2歳新馬,芝,2000,右,曇,良,"3回 京都 4日目 サラ系２歳 新馬       [指] 馬齢 13頭 本賞金:750,300,190,110,75万円",13,750.0,6,6,8,シュプリームレルム,牡,2,56.0,西村淳,121.2,1.3/4,4,8.7,34.5,5-5-4-4,栗東 高野,510,0,
202508030405,2025-10-12,京都,5,2歳新馬,芝,2000,右,曇,良,"3回 京都 4日目 サラ系２歳 新馬       [指] 馬齢 13頭 本賞金:750,300,190,110,75万円",13,750.0,7,3,3,クラリティサウンド,牡,2,55.0,☆吉村,121.2,クビ,6,16.7,34.2,7-7-8-8,栗東 中村,454,0,
202508030405,2025-10-12,京都,5,2歳新馬,芝,2000,右,曇,良,"3回 京都 4日目 サラ系２歳 新馬       [指] 馬齢 13頭 本賞金:750,300,190,110,75万円",13,750.0,8,4,4,ボンボンベイビー,牡,2,56.0,坂井,121.6,2.1/2,3,8.1,34.6,7-7-8-8,栗東 矢作,456,0,
202508030405,2025-10-12,京都,5,2歳新馬,芝,2000,右,曇,良,"3回 京都 4日目 サラ系２歳 新馬       [指] 馬齢 13頭 本賞金:750,300,190,110,75万円",13,750.0,9,4,5,ヨカオウ,牡,2,56.0,古川吉,121.6,ハナ,7,17.9,34.2,11-10-11-11,栗東 谷,472,0,
202508030405,2025-10-12,京都,5,2歳新馬,芝,2000,右,曇,良,"3回 京都 4日目 サラ系２歳 新馬       [指] 馬齢 13頭 本賞金:750,300,190,110,75万円",13,750.0,10,8,12,ウインビスタ,牡,2,56.0,松若,122.0,2.1/2,11,128.3,34.5,13-13-12-12,栗東 梅田,440,0,
202508030405,2025-10-12,京都,5,2歳新馬,芝,2000,右,曇,良,"3回 京都 4日目 サラ系２歳 新馬       [指] 馬齢 13頭 本賞金:750,300,190,110,75万円",13,750.0,11,5,7,ベラジオマーカス,牡,2,56.0,国分優,122.1,クビ,12,154.4,34.9,9-10-10-10,栗東 小椋,444,0,
202508030405,2025-10-12,京都,5,2歳新馬,芝,2000,右,曇,良,"3回 京都 4日目 サラ系２歳 新馬       [指] 馬齢 13頭 本賞金:750,300,190,110,75万円",13,750.0,12,6,9,ピエナカノン,牝,2,55.0,城戸,122.7,4,13,209.0,37.5,1-1-1-1,栗東 奥村豊,456,0,
202508030405,2025-10-12,京都,5,2歳新馬,芝,2000,右,曇,良,"3回 京都 4日目 サラ系２歳 新馬       [指] 馬齢 13頭 本賞金:750,300,190,110,75万円",13,750.0,13,5,6,ミカレオス,牡,2,56.0,岩田康,127.0,大,10,110.2,39.1,12-12-13-13,栗東 河嶋,466,0,
202508030405,2025-10-12,京都,5,2歳新馬,芝,2000,右,曇,良,"3回 京都 4日目 サラ系２歳 新馬       [指] 馬齢 13頭 本賞金:750,300,190,110,75万円",13,750.0,,1,13,ヴィサージュ,,,86.0,71,,13.5,8,12.0,3.0,12.6,3,,,
202508030405,2025-10-12,京都,5,2歳新馬,芝,2000,右,曇,良,"3回 京都 4日目 サラ系２歳 新馬       [指] 馬齢 13頭 本賞金:750,300,190,110,75万円",13,750.0,,1,13,ヴィサージュ,,,,-,,-,,,,-,-,,,
202508030406,2025-10-12,京都,6,2歳新馬,ダ,1800,右,曇,良,"3回 京都 4日目 サラ系２歳 新馬       (混)[指] 馬齢 16頭 本賞金:750,300,190,110,75万円",16,750.0,1,7,13,タマモフリージア,牝,2,55.0,田口,114.5,,8,25.9,37.9,4-4-4-2,栗東 大橋,494,0,
202508030406,2025-10-12,京都,6,2歳新馬,ダ,1800,右,曇,良,"3回 京都 4日目 サラ系２歳 新馬       (混)[指] 馬齢 16頭 本賞金:750,300,190,110,75万円",16,750.0,2,3,6,シオンダンサー,牝,2,55.0,川田,115.1,3.1/2,1,3.3,38.5,4-4-4-6,栗東 斉藤崇,464,0,
202508030406,2025-10-12,京都,6,2歳新馬,ダ,1800,右,曇,良,"3回 京都 4日目 サラ系２歳 新馬       (混)[指] 馬齢 16頭 本賞金:750,300,190,110,75万円",16,750.0,3,4,7,メンデレーエフ,牡,2,56.0,富田,115.1,クビ,7,21.1,37.6,13-12-11-9,栗東 野中,480,0,
202508030406,2025-10-12,京都,6,2歳新馬,ダ,1800,右,曇,良,"3回 京都 4日目 サラ系２歳 新馬       (混)[指] 馬齢 16頭 本賞金:750,300,190,110,75万円",16,750.0,4,4,8,テイエムゴッホ,牡,2,56.0,和田竜,115.2,1/2,13,118.3,39.0,1-1-1-1,栗東 浜田,512,0,
202508030406,2025-10-12,京都,6,2歳新馬,ダ,1800,右,曇,良,"3回 京都 4日目 サラ系２歳 新馬       (混)[指] 馬齢 16頭 本賞金:750,300,190,110,75万円",16,750.0,5,8,16,ダンジョンヒーロー,牡,2,56.0,藤懸,115.5,1.1/2,5,13.1,39.1,3-3-2-2,栗東 石坂,458,0,
202508030406,2025-10-12,京都,6,2歳新馬,ダ,1800,右,曇,良,"3回 京都 4日目 サラ系２歳 新馬       (混)[指] 馬齢 16頭 本賞金:750,300,190,110,75万円",16,750.0,6,6,12,サンライズアーサー,牡,2,56.0,鮫島駿,115.7,1.1/2,12,82.2,38.4,10-10-8-7,栗東 前川,490,0,
202508030406,2025-10-12,京都,6,2歳新馬,ダ,1800,右,曇,良,"3回 京都 4日目 サラ系２歳 新馬       (混)[指] 馬齢 16頭 本賞金:750,300,190,110,75万円",16,750.0,7,2,4,ジューンレトリバー,牡,2,55.0,☆吉村,115.8,1/2,4,6.6,39.2,4-4-4-2,栗東 長谷川,478,0,
202508030406,2025-10-12,京都,6,2歳新馬,ダ,1800,右,曇,良,"3回 京都 4日目 サラ系２歳 新馬       (混)[指] 馬齢 16頭 本賞金:750,300,190,110,75万円",16,750.0,8,1,2,ディアギレフ,牡,2,55.0,☆西塚,116.0,1.1/4,11,71.5,38.5,10-12-11-11,栗東 中村,498,0,
202508030406,2025-10-12,京都,6,2歳新馬,ダ,1800,右,曇,良,"3回 京都 4日目 サラ系２歳 新馬       (混)[指] 馬齢 16頭 本賞金:750,300,190,110,75万円",16,750.0,9,2,3,リフラ,牡,2,56.0,高杉,116.9,5,2,3.4,39.6,14-14-8-9,栗東 西村,480,0,
202508030406,2025-10-12,京都,6,2歳新馬,ダ,1800,右,曇,良,"3回 京都 4日目 サラ系２歳 新馬       (混)[指] 馬齢 16頭 本賞金:750,300,190,110,75万円",16,750.0,10,5,10,クリコファルコン,牡,2,53.0,▲田山,117.3,2.1/2,16,181.1,40.3,4-4-7-7,栗東 谷,446,0,
202508030406,2025-10-12,京都,6,2歳新馬,ダ,1800,右,曇,良,"3回 京都 4日目 サラ系２歳 新馬       (混)[指] 馬齢 16頭 本賞金:750,300,190,110,75万円",16,750.0,11,1,1,ブルームザスマイル,牝,2,51.0,★河原田,117.7,2.1/2,10,54.9,39.8,8-8-14-15,栗東 鈴木孝,434,0,
202508030406,2025-10-12,京都,6,2歳新馬,ダ,1800,右,曇,良,"3回 京都 4日目 サラ系２歳 新馬       (混)[指] 馬齢 16頭 本賞金:750,300,190,110,75万円",16,750.0,12,3,5,メイショウハチマキ,牡,2,53.0,▲和田陽,117.8,1/2,14,147.0,38.9,15-15-16-16,栗東 飯田,496,0,
202508030406,2025-10-12,京都,6,2歳新馬,ダ,1800,右,曇,良,"3回 京都 4日目 サラ系２歳 新馬       (混)[指] 馬齢 16頭 本賞金:750,300,190,110,75万円",16,750.0,13,7,14,ゲキオコプンプン,牝,2,55.0,西村淳,118.2,2.1/2,6,19.8,41.8,2-2-2-2,栗東 今野,484,0,
202508030406,2025-10-12,京都,6,2歳新馬,ダ,1800,右,曇,良,"3回 京都 4日目 サラ系２歳 新馬       (混)[指] 馬齢 16頭 本賞金:750,300,190,110,75万円",16,750.0,14,5,9,クモンリュウ,牡,2,56.0,松若,118.5,1.3/4,9,29.5,40.9,10-10-11-12,栗東 牧田,554,0,
202508030406,2025-10-12,京都,6,2歳新馬,ダ,1800,右,曇,良,"3回 京都 4日目 サラ系２歳 新馬       (混)[指] 馬齢 16頭 本賞金:750,300,190,110,75万円",16,750.0,15,8,15,コラカオ,牡,2,56.0,小沢,119.0,3,15,158.1,41.2,16-15-14-12,栗東 坂口,500,0,
202508030406,2025-10-12,京都,6,2歳新馬,ダ,1800,右,曇,良,"3回 京都 4日目 サラ系２歳 新馬       (混)[指] 馬齢 16頭 本賞金:750,300,190,110,75万円",16,750.0,16,6,11,ゴールデンバランス,牡,2,56.0,坂井,120.4,9,3,5.0,43.0,8-9-8-14,栗東 杉山晴,520,0,
202508030406,2025-10-12,京都,6,2歳新馬,ダ,1800,右,曇,良,"3回 京都 4日目 サラ系２歳 新馬       (混)[指] 馬齢 16頭 本賞金:750,300,190,110,75万円",16,750.0,,1,13,タマモフリージア,,,95.0,82,,12.9,8,11.8,4.0,13.1,4,,,
202508030406,2025-10-12,京都,6,2歳新馬,ダ,1800,右,曇,良,"3回 京都 4日目 サラ系２歳 新馬       (混)[指] 馬齢 16頭 本賞金:750,300,190,110,75万円",16,750.0,,1,13,タマモフリージア,,,,-,,-,,,,-,-,,,
202508030407,2025-10-12,京都,7,3歳以上1勝クラス,芝,2400,右,小雨,良,"3回 京都 4日目 サラ系３歳以上 １勝クラス       [指] 定量 13頭 本賞金:800,320,200,120,80万円",13,800.0,1,4,5,ランツフート,牡,3,54.0,☆松本,146.4,,9,23.9,33.8,3-2-3-3,栗東 大久保,462,8,
202508030407,2025-10-12,京都,7,3歳以上1勝クラス,芝,2400,右,小雨,良,"3回 京都 4日目 サラ系３歳以上 １勝クラス       [指] 定量 13頭 本賞金:800,320,200,120,80万円",13,800.0,2,7,10,レジェンドシップ,セ,5,58.0,西村淳,146.5,クビ,4,8.2,33.9,4-4-4-3,栗東 佐藤悠,456,-4,
202508030407,2025-10-12,京都,7,3歳以上1勝クラス,芝,2400,右,小雨,良,"3回 京都 4日目 サラ系３歳以上 １勝クラス       [指] 定量 13頭 本賞金:800,320,200,120,80万円",13,800.0,3,5,7,サイモンベローチェ,牡,3,55.0,酒井,146.6,3/4,2,6.0,34.3,1-1-1-1,栗東 佐々木,544,4,
202508030407,2025-10-12,京都,7,3歳以上1勝クラス,芝,2400,右,小雨,良,"3回 京都 4日目 サラ系３歳以上 １勝クラス       [指] 定量 13頭 本賞金:800,320,200,120,80万円",13,800.0,4,4,4,ジュンライデン,牡,3,54.0,☆西塚,146.7,クビ,6,9.6,33.9,5-5-5-5,栗東 友道,520,22,
202508030407,2025-10-12,京都,7,3歳以上1勝クラス,芝,2400,右,小雨,良,"3回 京都 4日目 サラ系３歳以上 １勝クラス       [指] 定量 13頭 本賞金:800,320,200,120,80万円",13,800.0,5,8,12,アットアブラスト,セ,5,57.0,☆吉村,146.7,アタマ,12,53.7,33.9,6-6-5-5,栗東 小椋,460,2,
202508030407,2025-10-12,京都,7,3歳以上1勝クラス,芝,2400,右,小雨,良,"3回 京都 4日目 サラ系３歳以上 １勝クラス       [指] 定量 13頭 本賞金:800,320,200,120,80万円",13,800.0,6,6,8,ホウオウレイヴン,セ,3,55.0,坂井,146.8,1/2,1,2.7,33.7,10-10-8-8,栗東 矢作,456,-2,
202508030407,2025-10-12,京都,7,3歳以上1勝クラス,芝,2400,右,小雨,良,"3回 京都 4日目 サラ系３歳以上 １勝クラス       [指] 定量 13頭 本賞金:800,320,200,120,80万円",13,800.0,7,5,6,ヘルツアス,牝,4,56.0,松若,146.8,クビ,8,20.6,34.4,2-2-2-2,栗東 森田,426,10,
202508030407,2025-10-12,京都,7,3歳以上1勝クラス,芝,2400,右,小雨,良,"3回 京都 4日目 サラ系３歳以上 １勝クラス       [指] 定量 13頭 本賞金:800,320,200,120,80万円",13,800.0,8,7,11,ファームツエンティ,セ,5,58.0,高倉,146.8,クビ,3,7.0,33.5,12-12-10-10,栗東 北出,450,6,
202508030407,2025-10-12,京都,7,3歳以上1勝クラス,芝,2400,右,小雨,良,"3回 京都 4日目 サラ系３歳以上 １勝クラス       [指] 定量 13頭 本賞金:800,320,200,120,80万円",13,800.0,9,6,9,シャインバオバブ,牡,3,55.0,太宰,146.9,3/4,10,29.0,34.1,6-6-5-5,栗東 本田,498,6,
202508030407,2025-10-12,京都,7,3歳以上1勝クラス,芝,2400,右,小雨,良,"3回 京都 4日目 サラ系３歳以上 １勝クラス       [指] 定量 13頭 本賞金:800,320,200,120,80万円",13,800.0,10,2,2,テイクザクラウン,牡,4,58.0,斎藤,147.0,1/2,5,9.1,33.7,9-9-10-10,栗東 吉村,444,4,
202508030407,2025-10-12,京都,7,3歳以上1勝クラス,芝,2400,右,小雨,良,"3回 京都 4日目 サラ系３歳以上 １勝クラス       [指] 定量 13頭 本賞金:800,320,200,120,80万円",13,800.0,11,1,1,サンセットビュー,牝,4,56.0,田口,147.0,クビ,7,13.4,33.9,8-8-8-8,栗東 新谷,458,2,
202508030407,2025-10-12,京都,7,3歳以上1勝クラス,芝,2400,右,小雨,良,"3回 京都 4日目 サラ系３歳以上 １勝クラス       [指] 定量 13頭 本賞金:800,320,200,120,80万円",13,800.0,12,3,3,ジャスティンライズ,セ,4,58.0,菱田,147.3,1.3/4,13,92.0,33.9,10-10-10-10,栗東 吉岡,530,2,
202508030407,2025-10-12,京都,7,3歳以上1勝クラス,芝,2400,右,小雨,良,"3回 京都 4日目 サラ系３歳以上 １勝クラス       [指] 定量 13頭 本賞金:800,320,200,120,80万円",13,800.0,13,8,13,ボナペティアスク,牝,3,50.0,▲和田陽,147.3,クビ,11,45.8,33.5,13-13-13-13,栗東 梅田,462,2,
202508030407,2025-10-12,京都,7,3歳以上1勝クラス,芝,2400,右,小雨,良,"3回 京都 4日目 サラ系３歳以上 １勝クラス       [指] 定量 13頭 本賞金:800,320,200,120,80万円",13,800.0,,1,5,ランツフート,,,98.0,84,,12.8,2,11.3,2.0,12.3,1,,,
202508030407,2025-10-12,京都,7,3歳以上1勝クラス,芝,2400,右,小雨,良,"3回 京都 4日目 サラ系３歳以上 １勝クラス       [指] 定量 13頭 本賞金:800,320,200,120,80万円",13,800.0,,1,5,ランツフート,,,,-,,-,,,,-,-,,,
202508030408,2025-10-12,京都,8,3歳以上2勝クラス,ダ,1800,右,小雨,良,"3回 京都 4日目 サラ系３歳以上 ２勝クラス       牝[指] 定量 14頭 本賞金:1140,460,290,170,114万円",14,1140.0,1,3,4,ルージュミラージュ,牝,3,51.0,▲森田,111.7,,5,10.9,37.0,2-2-1-1,栗東 武幸,446,-2,
202508030408,2025-10-12,京都,8,3歳以上2勝クラス,ダ,1800,右,小雨,良,"3回 京都 4日目 サラ系３歳以上 ２勝クラス       牝[指] 定量 14頭 本賞金:1140,460,290,170,114万円",14,1140.0,2,7,11,ウィンターダフネ,牝,5,53.0,▲柴田裕,112.5,5,10,37.8,36.4,11-12-13-12,美浦 国枝,484,0,
202508030408,2025-10-12,京都,8,3歳以上2勝クラス,ダ,1800,右,小雨,良,"3回 京都 4日目 サラ系３歳以上 ２勝クラス       牝[指] 定量 14頭 本賞金:1140,460,290,170,114万円",14,1140.0,3,8,14,フクキタテーラー,牝,3,54.0,菱田,112.6,3/4,8,18.6,36.9,13-12-8-8,栗東 緒方,442,2,
202508030408,2025-10-12,京都,8,3歳以上2勝クラス,ダ,1800,右,小雨,良,"3回 京都 4日目 サラ系３歳以上 ２勝クラス       牝[指] 定量 14頭 本賞金:1140,460,290,170,114万円",14,1140.0,4,3,3,メイショウタムシバ,牝,4,56.0,池添,112.7,クビ,9,18.6,37.2,8-8-7-6,栗東 飯田,446,4,
202508030408,2025-10-12,京都,8,3歳以上2勝クラス,ダ,1800,右,小雨,良,"3回 京都 4日目 サラ系３歳以上 ２勝クラス       牝[指] 定量 14頭 本賞金:1140,460,290,170,114万円",14,1140.0,5,1,1,オーケーカルメン,牝,4,56.0,泉谷,112.8,1,14,221.0,38.1,1-1-2-2,栗東 奥村豊,434,6,
202508030408,2025-10-12,京都,8,3歳以上2勝クラス,ダ,1800,右,小雨,良,"3回 京都 4日目 サラ系３歳以上 ２勝クラス       牝[指] 定量 14頭 本賞金:1140,460,290,170,114万円",14,1140.0,6,2,2,シンコーナホチャン,牝,4,56.0,国分優,112.8,アタマ,2,6.7,36.8,8-9-12-8,栗東 畑端,482,12,
202508030408,2025-10-12,京都,8,3歳以上2勝クラス,ダ,1800,右,小雨,良,"3回 京都 4日目 サラ系３歳以上 ２勝クラス       牝[指] 定量 14頭 本賞金:1140,460,290,170,114万円",14,1140.0,7,5,8,オーケアニス,牝,3,54.0,坂井,113.0,1,1,2.0,37.9,3-3-3-3,栗東 松永幹,458,-2,
202508030408,2025-10-12,京都,8,3歳以上2勝クラス,ダ,1800,右,小雨,良,"3回 京都 4日目 サラ系３歳以上 ２勝クラス       牝[指] 定量 14頭 本賞金:1140,460,290,170,114万円",14,1140.0,8,5,7,メイショウリリー,牝,4,56.0,藤懸,113.1,クビ,7,17.3,36.8,14-14-14-13,栗東 高橋忠,436,-10,
202508030408,2025-10-12,京都,8,3歳以上2勝クラス,ダ,1800,右,小雨,良,"3回 京都 4日目 サラ系３歳以上 ２勝クラス       牝[指] 定量 14頭 本賞金:1140,460,290,170,114万円",14,1140.0,9,6,9,ツキノアカリ,牝,3,51.0,▲田山,113.1,クビ,3,7.1,37.7,6-6-5-4,栗東 牧田,464,18,
202508030408,2025-10-12,京都,8,3歳以上2勝クラス,ダ,1800,右,小雨,良,"3回 京都 4日目 サラ系３歳以上 ２勝クラス       牝[指] 定量 14頭 本賞金:1140,460,290,170,114万円",14,1140.0,10,4,5,キタノブライド,牝,5,56.0,古川吉,113.2,1/2,12,195.1,37.4,11-10-10-11,栗東 坂口,450,8,
202508030408,2025-10-12,京都,8,3歳以上2勝クラス,ダ,1800,右,小雨,良,"3回 京都 4日目 サラ系３歳以上 ２勝クラス       牝[指] 定量 14頭 本賞金:1140,460,290,170,114万円",14,1140.0,11,7,12,タマモナポリ,牝,4,56.0,岩田康,113.3,クビ,6,14.3,37.9,4-4-5-6,栗東 河嶋,474,18,
202508030408,2025-10-12,京都,8,3歳以上2勝クラス,ダ,1800,右,小雨,良,"3回 京都 4日目 サラ系３歳以上 ２勝クラス       牝[指] 定量 14頭 本賞金:1140,460,290,170,114万円",14,1140.0,12,6,10,プウスカンドゥール,牝,5,56.0,中井,113.3,クビ,11,96.0,37.6,10-10-8-8,栗東 坂口,460,-8,
202508030408,2025-10-12,京都,8,3歳以上2勝クラス,ダ,1800,右,小雨,良,"3回 京都 4日目 サラ系３歳以上 ２勝クラス       牝[指] 定量 14頭 本賞金:1140,460,290,170,114万円",14,1140.0,13,4,6,ルナビス,牝,5,56.0,田口,113.4,1/2,4,10.1,38.2,4-4-4-4,栗東 森田,492,0,
202508030408,2025-10-12,京都,8,3歳以上2勝クラス,ダ,1800,右,小雨,良,"3回 京都 4日目 サラ系３歳以上 ２勝クラス       牝[指] 定量 14頭 本賞金:1140,460,290,170,114万円",14,1140.0,14,8,13,ミレニアムヒロイン,牝,4,56.0,高杉,115.2,大,13,210.4,39.2,6-6-10-13,美浦 池上,442,0,
202508030408,2025-10-12,京都,8,3歳以上2勝クラス,ダ,1800,右,小雨,良,"3回 京都 4日目 サラ系３歳以上 ２勝クラス       牝[指] 定量 14頭 本賞金:1140,460,290,170,114万円",14,1140.0,,1,4,ルージュミラージュ,,,102.0,90,,12.3,5,11.4,2.0,13.0,3,,,
202508030408,2025-10-12,京都,8,3歳以上2勝クラス,ダ,1800,右,小雨,良,"3回 京都 4日目 サラ系３歳以上 ２勝クラス       牝[指] 定量 14頭 本賞金:1140,460,290,170,114万円",14,1140.0,,1,4,ルージュミラージュ,,,,-,,-,,,,-,-,,,
202508030409,2025-10-12,京都,9,円山特別,ダ,1200,右,小雨,良,"3回 京都 4日目 サラ系３歳以上 ２勝クラス       (混)[指] 定量 14頭 本賞金:1550,620,390,230,155万円",14,1550.0,1,7,11,アメリカンビキニ,牝,3,55.0,団野,70.1,,1,2.2,35.8,1-1,栗東 斉藤崇,518,8,
202508030409,2025-10-12,京都,9,円山特別,ダ,1200,右,小雨,良,"3回 京都 4日目 サラ系３歳以上 ２勝クラス       (混)[指] 定量 14頭 本賞金:1550,620,390,230,155万円",14,1550.0,2,5,8,アスタールフナ,牝,3,55.0,川田,70.3,1,2,4.4,35.7,2-2,栗東 中竹,452,0,
202508030409,2025-10-12,京都,9,円山特別,ダ,1200,右,小雨,良,"3回 京都 4日目 サラ系３歳以上 ２勝クラス       (混)[指] 定量 14頭 本賞金:1550,620,390,230,155万円",14,1550.0,3,8,14,ウルスクローム,牡,3,57.0,高杉,70.5,1,3,5.2,35.0,7-7,栗東 大橋,488,8,
202508030409,2025-10-12,京都,9,円山特別,ダ,1200,右,小雨,良,"3回 京都 4日目 サラ系３歳以上 ２勝クラス       (混)[指] 定量 14頭 本賞金:1550,620,390,230,155万円",14,1550.0,4,7,12,ランウインディ,牝,4,56.0,国分優,70.8,2,7,26.4,35.9,4-4,栗東 中尾,460,0,
202508030409,2025-10-12,京都,9,円山特別,ダ,1200,右,小雨,良,"3回 京都 4日目 サラ系３歳以上 ２勝クラス       (混)[指] 定量 14頭 本賞金:1550,620,390,230,155万円",14,1550.0,5,3,3,ズバットマサムネ,セ,4,58.0,荻野琢,71.0,1.1/4,10,69.1,35.9,5-6,栗東 杉山佳,494,2,
202508030409,2025-10-12,京都,9,円山特別,ダ,1200,右,小雨,良,"3回 京都 4日目 サラ系３歳以上 ２勝クラス       (混)[指] 定量 14頭 本賞金:1550,620,390,230,155万円",14,1550.0,6,6,9,スペシャルナンバー,牡,6,58.0,斎藤,71.1,1/2,12,104.7,35.3,9-10,栗東 西村,502,6,
202508030409,2025-10-12,京都,9,円山特別,ダ,1200,右,小雨,良,"3回 京都 4日目 サラ系３歳以上 ２勝クラス       (混)[指] 定量 14頭 本賞金:1550,620,390,230,155万円",14,1550.0,7,8,13,セントールビースト,牡,3,57.0,田山,71.3,1.1/4,6,14.8,36.6,2-2,栗東 羽月,436,14,
202508030409,2025-10-12,京都,9,円山特別,ダ,1200,右,小雨,良,"3回 京都 4日目 サラ系３歳以上 ２勝クラス       (混)[指] 定量 14頭 本賞金:1550,620,390,230,155万円",14,1550.0,8,4,5,プレアデスグループ,牝,4,56.0,鮫島駿,71.3,アタマ,5,11.3,35.8,7-7,栗東 吉岡,446,2,
202508030409,2025-10-12,京都,9,円山特別,ダ,1200,右,小雨,良,"3回 京都 4日目 サラ系３歳以上 ２勝クラス       (混)[指] 定量 14頭 本賞金:1550,620,390,230,155万円",14,1550.0,9,4,6,パールフロント,牝,3,55.0,川又,71.3,クビ,4,9.4,36.1,6-5,栗東 寺島,540,2,
202508030409,2025-10-12,京都,9,円山特別,ダ,1200,右,小雨,良,"3回 京都 4日目 サラ系３歳以上 ２勝クラス       (混)[指] 定量 14頭 本賞金:1550,620,390,230,155万円",14,1550.0,10,6,10,ヒルノピレネー,牡,5,58.0,秋山稔,71.4,1/2,8,27.2,35.1,13-12,栗東 北出,452,8,
202508030409,2025-10-12,京都,9,円山特別,ダ,1200,右,小雨,良,"3回 京都 4日目 サラ系３歳以上 ２勝クラス       (混)[指] 定量 14頭 本賞金:1550,620,390,230,155万円",14,1550.0,11,3,4,サンガネーブ,牡,5,58.0,吉村,72.1,4,9,54.3,36.3,9-9,栗東 田中克,500,0,
202508030409,2025-10-12,京都,9,円山特別,ダ,1200,右,小雨,良,"3回 京都 4日目 サラ系３歳以上 ２勝クラス       (混)[指] 定量 14頭 本賞金:1550,620,390,230,155万円",14,1550.0,12,1,1,カツラノキサノキ,牡,4,58.0,岩田康,72.1,ハナ,13,157.2,36.2,11-11,栗東 庄野,494,0,
202508030409,2025-10-12,京都,9,円山特別,ダ,1200,右,小雨,良,"3回 京都 4日目 サラ系３歳以上 ２勝クラス       (混)[指] 定量 14頭 本賞金:1550,620,390,230,155万円",14,1550.0,13,2,2,ストームバンガード,牡,4,58.0,田口,72.3,1,11,104.3,35.9,13-14,栗東 岡田,498,-8,
202508030409,2025-10-12,京都,9,円山特別,ダ,1200,右,小雨,良,"3回 京都 4日目 サラ系３歳以上 ２勝クラス       (混)[指] 定量 14頭 本賞金:1550,620,390,230,155万円",14,1550.0,14,5,7,イルザ,牝,6,56.0,菱田,72.9,3.1/2,14,225.1,36.7,11-12,美浦 小手川,470,0,
202508030409,2025-10-12,京都,9,円山特別,ダ,1200,右,小雨,良,"3回 京都 4日目 サラ系３歳以上 ２勝クラス       (混)[指] 定量 14頭 本賞金:1550,620,390,230,155万円",14,1550.0,,1,11,アメリカンビキニ,,,108.0,112,,12.0,6,11.0,2.0,11.2,1,,,
202508030409,2025-10-12,京都,9,円山特別,ダ,1200,右,小雨,良,"3回 京都 4日目 サラ系３歳以上 ２勝クラス       (混)[指] 定量 14頭 本賞金:1550,620,390,230,155万円",14,1550.0,,1,11,アメリカンビキニ,,,,-,,-,,,,-,-,,,
202508030410,2025-10-12,京都,10,三年坂S,芝,1600,右,曇,良,"3回 京都 4日目 サラ系３歳以上 ３勝クラス       (混)[指] ハンデ 13頭 本賞金:1840,740,460,280,184万円",13,1840.0,1,4,4,ブエナオンダ,牡,4,56.0,川田,92.1,,3,6.9,33.5,7-6,栗東 須貝,456,4,
202508030410,2025-10-12,京都,10,三年坂S,芝,1600,右,曇,良,"3回 京都 4日目 サラ系３歳以上 ３勝クラス       (混)[指] ハンデ 13頭 本賞金:1840,740,460,280,184万円",13,1840.0,2,2,2,マイネルチケット,牡,3,56.0,和田竜,92.1,クビ,1,2.6,33.6,6-6,栗東 宮,474,8,
202508030410,2025-10-12,京都,10,三年坂S,芝,1600,右,曇,良,"3回 京都 4日目 サラ系３歳以上 ３勝クラス       (混)[指] ハンデ 13頭 本賞金:1840,740,460,280,184万円",13,1840.0,3,7,11,ウォーターガーベラ,牝,3,54.0,高杉,92.2,クビ,2,5.4,33.2,12-12,栗東 石橋,452,14,
202508030410,2025-10-12,京都,10,三年坂S,芝,1600,右,曇,良,"3回 京都 4日目 サラ系３歳以上 ３勝クラス       (混)[指] ハンデ 13頭 本賞金:1840,740,460,280,184万円",13,1840.0,4,6,9,プッシュオン,牡,5,56.0,坂井,92.2,ハナ,4,9.0,33.1,13-13,栗東 西村,458,-2,
202508030410,2025-10-12,京都,10,三年坂S,芝,1600,右,曇,良,"3回 京都 4日目 サラ系３歳以上 ３勝クラス       (混)[指] ハンデ 13頭 本賞金:1840,740,460,280,184万円",13,1840.0,5,7,10,ミエスペランサ,牝,4,54.0,団野,92.3,1/2,7,15.3,33.5,11-9,栗東 池江,452,14,
202508030410,2025-10-12,京都,10,三年坂S,芝,1600,右,曇,良,"3回 京都 4日目 サラ系３歳以上 ３勝クラス       (混)[指] ハンデ 13頭 本賞金:1840,740,460,280,184万円",13,1840.0,6,5,6,エポックヴィーナス,牝,4,54.0,田口,92.4,3/4,9,20.7,33.7,9-9,栗東 新谷,444,2,
202508030410,2025-10-12,京都,10,三年坂S,芝,1600,右,曇,良,"3回 京都 4日目 サラ系３歳以上 ３勝クラス       (混)[指] ハンデ 13頭 本賞金:1840,740,460,280,184万円",13,1840.0,7,6,8,エアミアーニ,セ,7,54.0,角田和,92.4,クビ,12,107.0,33.8,7-6,栗東 笹田,456,2,
202508030410,2025-10-12,京都,10,三年坂S,芝,1600,右,曇,良,"3回 京都 4日目 サラ系３歳以上 ３勝クラス       (混)[指] ハンデ 13頭 本賞金:1840,740,460,280,184万円",13,1840.0,8,8,12,サムハンター,牡,7,54.0,斎藤,92.5,クビ,13,132.2,34.5,1-1,栗東 高橋康,502,16,
202508030410,2025-10-12,京都,10,三年坂S,芝,1600,右,曇,良,"3回 京都 4日目 サラ系３歳以上 ３勝クラス       (混)[指] ハンデ 13頭 本賞金:1840,740,460,280,184万円",13,1840.0,9,1,1,ケイデンシーマーク,牝,5,53.0,鮫島駿,92.5,クビ,6,12.9,34.2,3-4,栗東 福永,448,2,
202508030410,2025-10-12,京都,10,三年坂S,芝,1600,右,曇,良,"3回 京都 4日目 サラ系３歳以上 ３勝クラス       (混)[指] ハンデ 13頭 本賞金:1840,740,460,280,184万円",13,1840.0,10,3,3,ファインライン,牡,4,55.0,池添,92.8,1.1/2,5,11.3,34.1,9-9,栗東 松永幹,484,4,
202508030410,2025-10-12,京都,10,三年坂S,芝,1600,右,曇,良,"3回 京都 4日目 サラ系３歳以上 ３勝クラス       (混)[指] ハンデ 13頭 本賞金:1840,740,460,280,184万円",13,1840.0,11,8,13,メルトユアハート,牝,4,53.0,吉村,92.8,アタマ,10,23.7,34.5,5-4,栗東 長谷川,508,4,
202508030410,2025-10-12,京都,10,三年坂S,芝,1600,右,曇,良,"3回 京都 4日目 サラ系３歳以上 ３勝クラス       (混)[指] ハンデ 13頭 本賞金:1840,740,460,280,184万円",13,1840.0,12,5,7,ウインレイアー,牝,5,54.0,西村淳,92.8,クビ,11,26.4,34.6,3-2,美浦 和田雄,460,0,
202508030410,2025-10-12,京都,10,三年坂S,芝,1600,右,曇,良,"3回 京都 4日目 サラ系３歳以上 ３勝クラス       (混)[指] ハンデ 13頭 本賞金:1840,740,460,280,184万円",13,1840.0,13,4,5,ブリックワーク,牝,4,53.0,西塚,93.0,1.1/4,8,15.6,34.9,2-2,栗東 辻野,432,-8,
202508030410,2025-10-12,京都,10,三年坂S,芝,1600,右,曇,良,"3回 京都 4日目 サラ系３歳以上 ３勝クラス       (混)[指] ハンデ 13頭 本賞金:1840,740,460,280,184万円",13,1840.0,,1,4,ブエナオンダ,,,101.0,94,,12.7,9,10.5,5.0,11.6,4,,,
202508030410,2025-10-12,京都,10,三年坂S,芝,1600,右,曇,良,"3回 京都 4日目 サラ系３歳以上 ３勝クラス       (混)[指] ハンデ 13頭 本賞金:1840,740,460,280,184万円",13,1840.0,,1,4,ブエナオンダ,,,,-,,-,,,,-,-,,,
202508030411,2025-10-12,京都,11,太秦S,ダ,1800,右,曇,良,"3回 京都 4日目 サラ系３歳以上 オープン       (国際)(特指) 別定 9頭 本賞金:2200,880,550,330,220万円",9,2200.0,1,8,8,ハピ,牡,6,58.0,菱田,110.4,,5,9.1,35.6,8-8-6-5,栗東 大久保,488,10,
202508030411,2025-10-12,京都,11,太秦S,ダ,1800,右,曇,良,"3回 京都 4日目 サラ系３歳以上 オープン       (国際)(特指) 別定 9頭 本賞金:2200,880,550,330,220万円",9,2200.0,2,5,5,カネトシゴウト,牡,4,57.0,高杉,110.7,1.1/2,8,44.8,36.6,2-2-2-2,栗東 大橋,466,0,
202508030411,2025-10-12,京都,11,太秦S,ダ,1800,右,曇,良,"3回 京都 4日目 サラ系３歳以上 オープン       (国際)(特指) 別定 9頭 本賞金:2200,880,550,330,220万円",9,2200.0,3,6,6,ジンセイ,牡,4,57.0,川田,110.9,1.1/4,1,1.9,36.5,4-4-3-3,栗東 庄野,514,2,
202508030411,2025-10-12,京都,11,太秦S,ダ,1800,右,曇,良,"3回 京都 4日目 サラ系３歳以上 オープン       (国際)(特指) 別定 9頭 本賞金:2200,880,550,330,220万円",9,2200.0,4,2,2,ハビレ,牡,4,57.0,池添,110.9,クビ,4,8.7,35.8,9-9-8-8,美浦 武井,508,2,
202508030411,2025-10-12,京都,11,太秦S,ダ,1800,右,曇,良,"3回 京都 4日目 サラ系３歳以上 オープン       (国際)(特指) 別定 9頭 本賞金:2200,880,550,330,220万円",9,2200.0,5,3,3,サーマルソアリング,牝,5,55.0,北村友,111.0,1/2,6,16.0,37.1,1-1-1-1,栗東 藤原,506,16,
202508030411,2025-10-12,京都,11,太秦S,ダ,1800,右,曇,良,"3回 京都 4日目 サラ系３歳以上 オープン       (国際)(特指) 別定 9頭 本賞金:2200,880,550,330,220万円",9,2200.0,6,8,9,ルヴァンユニベール,牡,3,55.0,和田竜,111.1,3/4,2,4.0,36.8,3-3-3-3,栗東 北出,552,10,
202508030411,2025-10-12,京都,11,太秦S,ダ,1800,右,曇,良,"3回 京都 4日目 サラ系３歳以上 オープン       (国際)(特指) 別定 9頭 本賞金:2200,880,550,330,220万円",9,2200.0,7,7,7,タイセイドレフォン,牡,6,58.0,田口,111.4,1.3/4,7,31.8,36.8,5-5-5-5,栗東 西村,500,0,
202508030411,2025-10-12,京都,11,太秦S,ダ,1800,右,曇,良,"3回 京都 4日目 サラ系３歳以上 オープン       (国際)(特指) 別定 9頭 本賞金:2200,880,550,330,220万円",9,2200.0,8,4,4,エナハツホ,牝,6,55.0,西塚,111.5,3/4,9,124.7,36.8,7-7-6-7,栗東 吉田,470,4,
202508030411,2025-10-12,京都,11,太秦S,ダ,1800,右,曇,良,"3回 京都 4日目 サラ系３歳以上 オープン       (国際)(特指) 別定 9頭 本賞金:2200,880,550,330,220万円",9,2200.0,,1,1,ネバーモア,牝,4,55.0,藤岡佑,,,3,7.5,,5-5,栗東 宮本,506,8,中止
202508030411,2025-10-12,京都,11,太秦S,ダ,1800,右,曇,良,"3回 京都 4日目 サラ系３歳以上 オープン       (国際)(特指) 別定 9頭 本賞金:2200,880,550,330,220万円",9,2200.0,,1,8,ハピ,,,89.0,93,,13.4,5,12.0,2.0,12.7,3,,,
202508030411,2025-10-12,京都,11,太秦S,ダ,1800,右,曇,良,"3回 京都 4日目 サラ系３歳以上 オープン       (国際)(特指) 別定 9頭 本賞金:2200,880,550,330,220万円",9,2200.0,,1,8,ハピ,,,,-,,-,,,,-,-,,,
202508030412,2025-10-12,京都,12,3歳以上1勝クラス,芝,1600,右,曇,良,"3回 京都 4日目 サラ系３歳以上 １勝クラス       (混)[指] 定量 18頭 本賞金:800,320,200,120,80万円",18,800.0,1,8,17,ワンモアスマイル,牡,3,56.0,坂井,92.7,,5,8.3,33.5,5-5,栗東 藤岡,454,-2,
202508030412,2025-10-12,京都,12,3歳以上1勝クラス,芝,1600,右,曇,良,"3回 京都 4日目 サラ系３歳以上 １勝クラス       (混)[指] 定量 18頭 本賞金:800,320,200,120,80万円",18,800.0,2,2,4,ミッキースターダム,セ,4,58.0,高杉,92.8,1/2,8,23.3,34.4,1-1,栗東 前川,458,-2,
202508030412,2025-10-12,京都,12,3歳以上1勝クラス,芝,1600,右,曇,良,"3回 京都 4日目 サラ系３歳以上 １勝クラス       (混)[指] 定量 18頭 本賞金:800,320,200,120,80万円",18,800.0,3,7,13,シャイフ,牡,3,56.0,西村淳,92.9,1,2,4.8,33.6,8-6,栗東 池添,476,0,
202508030412,2025-10-12,京都,12,3歳以上1勝クラス,芝,1600,右,曇,良,"3回 京都 4日目 サラ系３歳以上 １勝クラス       (混)[指] 定量 18頭 本賞金:800,320,200,120,80万円",18,800.0,4,7,15,ラトラース,セ,3,56.0,川田,92.9,ハナ,1,4.7,34.0,3-3,栗東 中内田,476,14,
202508030412,2025-10-12,京都,12,3歳以上1勝クラス,芝,1600,右,曇,良,"3回 京都 4日目 サラ系３歳以上 １勝クラス       (混)[指] 定量 18頭 本賞金:800,320,200,120,80万円",18,800.0,5,5,9,ニシノイツキムスメ,牝,3,54.0,和田竜,93.2,1.3/4,11,60.1,34.2,3-3,栗東 北出,418,2,
202508030412,2025-10-12,京都,12,3歳以上1勝クラス,芝,1600,右,曇,良,"3回 京都 4日目 サラ系３歳以上 １勝クラス       (混)[指] 定量 18頭 本賞金:800,320,200,120,80万円",18,800.0,6,6,12,ハレアカラフラ,牝,5,56.0,池添,93.2,クビ,14,137.7,34.4,2-2,栗東 吉田,482,8,
202508030412,2025-10-12,京都,12,3歳以上1勝クラス,芝,1600,右,曇,良,"3回 京都 4日目 サラ系３歳以上 １勝クラス       (混)[指] 定量 18頭 本賞金:800,320,200,120,80万円",18,800.0,7,2,3,ラージギャラリー,牝,3,54.0,鮫島駿,93.3,アタマ,6,10.9,34.0,5-6,栗東 高橋亮,484,18,
202508030412,2025-10-12,京都,12,3歳以上1勝クラス,芝,1600,右,曇,良,"3回 京都 4日目 サラ系３歳以上 １勝クラス       (混)[指] 定量 18頭 本賞金:800,320,200,120,80万円",18,800.0,8,1,1,フェイトライン,牡,3,56.0,団野,93.3,アタマ,7,11.1,33.8,9-9,栗東 斉藤崇,520,-4,
202508030412,2025-10-12,京都,12,3歳以上1勝クラス,芝,1600,右,曇,良,"3回 京都 4日目 サラ系３歳以上 １勝クラス       (混)[指] 定量 18頭 本賞金:800,320,200,120,80万円",18,800.0,9,3,5,レベルスルール,牡,3,56.0,田口,93.3,クビ,3,4.9,33.6,11-12,栗東 池江,504,4,
202508030412,2025-10-12,京都,12,3歳以上1勝クラス,芝,1600,右,曇,良,"3回 京都 4日目 サラ系３歳以上 １勝クラス       (混)[指] 定量 18頭 本賞金:800,320,200,120,80万円",18,800.0,10,7,14,ジーティーマン,牡,3,56.0,北村友,93.5,1,4,6.1,33.6,17-15,栗東 小栗,492,-2,
202508030412,2025-10-12,京都,12,3歳以上1勝クラス,芝,1600,右,曇,良,"3回 京都 4日目 サラ系３歳以上 １勝クラス       (混)[指] 定量 18頭 本賞金:800,320,200,120,80万円",18,800.0,11,4,7,ホウオウペトリュス,牝,4,53.0,▲大久保,93.5,クビ,13,82.8,33.7,15-12,栗東 須貝,464,-2,
202508030412,2025-10-12,京都,12,3歳以上1勝クラス,芝,1600,右,曇,良,"3回 京都 4日目 サラ系３歳以上 １勝クラス       (混)[指] 定量 18頭 本賞金:800,320,200,120,80万円",18,800.0,12,8,18,ミッキーストライク,牡,4,58.0,松若,93.5,アタマ,10,36.6,34.0,14-6,栗東 矢作,520,6,
202508030412,2025-10-12,京都,12,3歳以上1勝クラス,芝,1600,右,曇,良,"3回 京都 4日目 サラ系３歳以上 １勝クラス       (混)[指] 定量 18頭 本賞金:800,320,200,120,80万円",18,800.0,13,4,8,グローブアマランス,牝,4,55.0,☆西塚,93.5,アタマ,9,33.5,34.1,5-9,栗東 中尾,484,18,
202508030412,2025-10-12,京都,12,3歳以上1勝クラス,芝,1600,右,曇,良,"3回 京都 4日目 サラ系３歳以上 １勝クラス       (混)[指] 定量 18頭 本賞金:800,320,200,120,80万円",18,800.0,14,5,10,テクノデザイン,牝,5,54.0,△鷲頭,93.6,1/2,15,166.9,33.9,11-16,栗東 千田,446,0,
202508030412,2025-10-12,京都,12,3歳以上1勝クラス,芝,1600,右,曇,良,"3回 京都 4日目 サラ系３歳以上 １勝クラス       (混)[指] 定量 18頭 本賞金:800,320,200,120,80万円",18,800.0,15,6,11,メイショウオオミネ,牡,5,58.0,角田和,93.6,ハナ,17,287.2,33.7,15-16,栗東 石橋,452,-2,
202508030412,2025-10-12,京都,12,3歳以上1勝クラス,芝,1600,右,曇,良,"3回 京都 4日目 サラ系３歳以上 １勝クラス       (混)[指] 定量 18頭 本賞金:800,320,200,120,80万円",18,800.0,16,3,6,オレノアイバ,牡,5,58.0,酒井,93.8,3/4,16,280.1,34.3,9-12,栗東 高橋康,472,12,
202508030412,2025-10-12,京都,12,3歳以上1勝クラス,芝,1600,右,曇,良,"3回 京都 4日目 サラ系３歳以上 １勝クラス       (混)[指] 定量 18頭 本賞金:800,320,200,120,80万円",18,800.0,17,8,16,デリュージョン,牡,3,56.0,城戸,94.0,1.1/2,12,71.6,34.5,11-11,栗東 奥村豊,466,-2,
202508030412,2025-10-12,京都,12,3歳以上1勝クラス,芝,1600,右,曇,良,"3回 京都 4日目 サラ系３歳以上 １勝クラス       (混)[指] 定量 18頭 本賞金:800,320,200,120,80万円",18,800.0,18,1,2,ピエナオルフェ,牡,4,58.0,田中健,94.1,クビ,18,311.7,34.0,17-18,栗東 荒川,452,-6,
202508030412,2025-10-12,京都,12,3歳以上1勝クラス,芝,1600,右,曇,良,"3回 京都 4日目 サラ系３歳以上 １勝クラス       (混)[指] 定量 18頭 本賞金:800,320,200,120,80万円",18,800.0,,1,17,ワンモアスマイル,,,99.0,92,,12.7,10,10.9,5.0,11.7,4,,,
202508030412,2025-10-12,京都,12,3歳以上1勝クラス,芝,1600,右,曇,良,"3回 京都 4日目 サラ系３歳以上 １勝クラス       (混)[指] 定量 18頭 本賞金:800,320,200,120,80万円",18,800.0,,1,17,ワンモアスマイル,,,,-,,-,,,,-,-,,,
202505040501,2025-10-13,東京,1,2歳未勝利,ダ,1600,左,曇,良,"4回 東京 5日目 サラ系２歳 未勝利       牝[指] 馬齢 15頭 本賞金:560,220,140,84,56万円",15,560.0,1,3,4,エコールナヴァール,牝,2,55.0,ルメー,100.0,,1,2.5,39.3,4-3,美浦 森一,474,0,
202505040501,2025-10-13,東京,1,2歳未勝利,ダ,1600,左,曇,良,"4回 東京 5日目 サラ系２歳 未勝利       牝[指] 馬齢 15頭 本賞金:560,220,140,84,56万円",15,560.0,2,3,5,ウィングブルー,牝,2,55.0,斎藤,100.3,1.3/4,2,3.2,40.2,1-1,美浦 斎藤誠,502,2,
202505040501,2025-10-13,東京,1,2歳未勝利,ダ,1600,左,曇,良,"4回 東京 5日目 サラ系２歳 未勝利       牝[指] 馬齢 15頭 本賞金:560,220,140,84,56万円",15,560.0,3,8,14,アーティラリー,牝,2,55.0,菊沢,100.4,3/4,7,29.8,39.0,10-8,美浦 松山,490,-2,
202505040501,2025-10-13,東京,1,2歳未勝利,ダ,1600,左,曇,良,"4回 東京 5日目 サラ系２歳 未勝利       牝[指] 馬齢 15頭 本賞金:560,220,140,84,56万円",15,560.0,4,8,15,ジャストビコーズ,牝,2,55.0,横山武,100.7,1.3/4,4,7.5,38.7,11-11,美浦 武井,478,4,
202505040501,2025-10-13,東京,1,2歳未勝利,ダ,1600,左,曇,良,"4回 東京 5日目 サラ系２歳 未勝利       牝[指] 馬齢 15頭 本賞金:560,220,140,84,56万円",15,560.0,5,2,3,ガーネットテソーロ,牝,2,52.0,▲舟山,100.8,3/4,9,93.7,39.5,6-6,美浦 高木,474,14,
202505040501,2025-10-13,東京,1,2歳未勝利,ダ,1600,左,曇,良,"4回 東京 5日目 サラ系２歳 未勝利       牝[指] 馬齢 15頭 本賞金:560,220,140,84,56万円",15,560.0,6,6,10,ロココ,牝,2,55.0,丸山,101.7,5,12,184.6,40.5,6-6,美浦 根本,448,14,
202505040501,2025-10-13,東京,1,2歳未勝利,ダ,1600,左,曇,良,"4回 東京 5日目 サラ系２歳 未勝利       牝[指] 馬齢 15頭 本賞金:560,220,140,84,56万円",15,560.0,7,5,8,レヴェランジェ,牝,2,55.0,津村,102.1,2.1/2,3,4.3,41.5,4-3,美浦 鈴木慎,442,2,
202505040501,2025-10-13,東京,1,2歳未勝利,ダ,1600,左,曇,良,"4回 東京 5日目 サラ系２歳 未勝利       牝[指] 馬齢 15頭 本賞金:560,220,140,84,56万円",15,560.0,8,2,2,クイーンズホリデー,牝,2,55.0,荻野極,102.6,3,5,17.4,41.5,9-5,美浦 林,492,0,
202505040501,2025-10-13,東京,1,2歳未勝利,ダ,1600,左,曇,良,"4回 東京 5日目 サラ系２歳 未勝利       牝[指] 馬齢 15頭 本賞金:560,220,140,84,56万円",15,560.0,9,1,1,サバイバルトゥルー,牝,2,52.0,▲石神道,102.9,1.3/4,15,373.5,39.8,15-15,美浦 和田雄,436,0,
202505040501,2025-10-13,東京,1,2歳未勝利,ダ,1600,左,曇,良,"4回 東京 5日目 サラ系２歳 未勝利       牝[指] 馬齢 15頭 本賞金:560,220,140,84,56万円",15,560.0,10,4,7,フライスカイハイ,牝,2,55.0,吉田隼,102.9,クビ,6,28.4,40.9,12-11,美浦 菊川,414,-2,
202505040501,2025-10-13,東京,1,2歳未勝利,ダ,1600,左,曇,良,"4回 東京 5日目 サラ系２歳 未勝利       牝[指] 馬齢 15頭 本賞金:560,220,140,84,56万円",15,560.0,11,7,13,エンゼルランプ,牝,2,55.0,嶋田,103.2,1.3/4,14,229.6,41.5,6-10,美浦 武市,442,6,
202505040501,2025-10-13,東京,1,2歳未勝利,ダ,1600,左,曇,良,"4回 東京 5日目 サラ系２歳 未勝利       牝[指] 馬齢 15頭 本賞金:560,220,140,84,56万円",15,560.0,12,4,6,ソーマッチ,牝,2,52.0,▲ 遠藤汰,103.9,4,11,114.3,41.3,13-13,美浦 鈴木伸,430,4,
202505040501,2025-10-13,東京,1,2歳未勝利,ダ,1600,左,曇,良,"4回 東京 5日目 サラ系２歳 未勝利       牝[指] 馬齢 15頭 本賞金:560,220,140,84,56万円",15,560.0,13,5,9,ナタール,牝,2,52.0,▲佐藤,107.4,大,13,192.9,44.6,13-14,美浦 杉浦,496,4,
202505040501,2025-10-13,東京,1,2歳未勝利,ダ,1600,左,曇,良,"4回 東京 5日目 サラ系２歳 未勝利       牝[指] 馬齢 15頭 本賞金:560,220,140,84,56万円",15,560.0,14,6,11,ニシノガランテ,牝,2,55.0,木幡巧,108.5,7,8,48.6,48.1,2-2,美浦 牧,450,8,
202505040501,2025-10-13,東京,1,2歳未勝利,ダ,1600,左,曇,良,"4回 東京 5日目 サラ系２歳 未勝利       牝[指] 馬齢 15頭 本賞金:560,220,140,84,56万円",15,560.0,,7,12,ロンドンプライド,牝,2,55.0,吉田豊,,,10,96.8,,3-8,美浦 竹内,428,-26,中止
202505040501,2025-10-13,東京,1,2歳未勝利,ダ,1600,左,曇,良,"4回 東京 5日目 サラ系２歳 未勝利       牝[指] 馬齢 15頭 本賞金:560,220,140,84,56万円",15,560.0,,1,4,エコールナヴァール,,,103.0,103,,12.6,6,11.1,5.0,11.8,5,,,
202505040501,2025-10-13,東京,1,2歳未勝利,ダ,1600,左,曇,良,"4回 東京 5日目 サラ系２歳 未勝利       牝[指] 馬齢 15頭 本賞金:560,220,140,84,56万円",15,560.0,,1,4,エコールナヴァール,,,,-,,-,,,,-,-,,,
202505040502,2025-10-13,東京,2,2歳未勝利,ダ,1400,左,晴,良,"4回 東京 5日目 サラ系２歳 未勝利       [指] 馬齢 13頭 本賞金:560,220,140,84,56万円",13,560.0,1,4,4,エッジアキュート,牡,2,56.0,木幡巧,86.5,,5,12.7,37.4,2-2,美浦 大和田,520,6,
202505040502,2025-10-13,東京,2,2歳未勝利,ダ,1400,左,晴,良,"4回 東京 5日目 サラ系２歳 未勝利       [指] 馬齢 13頭 本賞金:560,220,140,84,56万円",13,560.0,2,8,13,ヴェネチアンキング,牡,2,56.0,横山武,86.7,1.1/4,2,3.8,37.8,1-1,美浦 伊藤圭,508,-2,
202505040502,2025-10-13,東京,2,2歳未勝利,ダ,1400,左,晴,良,"4回 東京 5日目 サラ系２歳 未勝利       [指] 馬齢 13頭 本賞金:560,220,140,84,56万円",13,560.0,3,5,7,ゴディアンフィンチ,牡,2,56.0,横山典,87.1,2.1/2,4,12.6,36.8,12-10,栗東 安田,522,-10,
202505040502,2025-10-13,東京,2,2歳未勝利,ダ,1400,左,晴,良,"4回 東京 5日目 サラ系２歳 未勝利       [指] 馬齢 13頭 本賞金:560,220,140,84,56万円",13,560.0,4,6,8,グラティアム,牝,2,55.0,三浦,87.3,1.1/2,1,1.8,37.5,5-5,美浦 嘉藤,454,0,
202505040502,2025-10-13,東京,2,2歳未勝利,ダ,1400,左,晴,良,"4回 東京 5日目 サラ系２歳 未勝利       [指] 馬齢 13頭 本賞金:560,220,140,84,56万円",13,560.0,5,4,5,フレンチブラッサム,牝,2,55.0,野中,87.6,1.1/2,8,33.7,38.4,3-2,美浦 柄崎,444,4,
202505040502,2025-10-13,東京,2,2歳未勝利,ダ,1400,左,晴,良,"4回 東京 5日目 サラ系２歳 未勝利       [指] 馬齢 13頭 本賞金:560,220,140,84,56万円",13,560.0,6,1,1,ドレドレ,牝,2,53.0,△長浜,87.9,1.3/4,10,80.5,37.9,7-7,美浦 矢嶋,452,6,
202505040502,2025-10-13,東京,2,2歳未勝利,ダ,1400,左,晴,良,"4回 東京 5日目 サラ系２歳 未勝利       [指] 馬齢 13頭 本賞金:560,220,140,84,56万円",13,560.0,7,7,10,エクスプレスナイト,牡,2,53.0,▲石田,88.2,1.3/4,7,31.4,37.8,10-10,美浦 青木,464,4,
202505040502,2025-10-13,東京,2,2歳未勝利,ダ,1400,左,晴,良,"4回 東京 5日目 サラ系２歳 未勝利       [指] 馬齢 13頭 本賞金:560,220,140,84,56万円",13,560.0,8,5,6,エコロバロン,牡,2,56.0,菊沢,88.5,2,6,15.0,39.0,4-4,美浦 菊沢,498,10,
202505040502,2025-10-13,東京,2,2歳未勝利,ダ,1400,左,晴,良,"4回 東京 5日目 サラ系２歳 未勝利       [指] 馬齢 13頭 本賞金:560,220,140,84,56万円",13,560.0,9,8,12,ニシノランペイジ,牡,2,56.0,内田博,88.8,1.3/4,11,125.3,38.6,7-8,美浦 松山,470,4,
202505040502,2025-10-13,東京,2,2歳未勝利,ダ,1400,左,晴,良,"4回 東京 5日目 サラ系２歳 未勝利       [指] 馬齢 13頭 本賞金:560,220,140,84,56万円",13,560.0,10,7,11,ベアアッコチャン,牝,2,55.0,松岡,89.7,5,3,8.9,39.1,10-12,美浦 杉浦,476,2,
202505040502,2025-10-13,東京,2,2歳未勝利,ダ,1400,左,晴,良,"4回 東京 5日目 サラ系２歳 未勝利       [指] 馬齢 13頭 本賞金:560,220,140,84,56万円",13,560.0,11,6,9,ヘイマー,牡,2,53.0,▲遠藤,90.3,3.1/2,9,67.7,40.1,7-8,美浦 伊藤伸,506,8,
202505040502,2025-10-13,東京,2,2歳未勝利,ダ,1400,左,晴,良,"4回 東京 5日目 サラ系２歳 未勝利       [指] 馬齢 13頭 本賞金:560,220,140,84,56万円",13,560.0,12,2,2,ロゼインパルス,牡,2,56.0,丹内,90.5,1.1/2,12,362.1,39.2,13-13,美浦 伊藤伸,420,-8,
202505040502,2025-10-13,東京,2,2歳未勝利,ダ,1400,左,晴,良,"4回 東京 5日目 サラ系２歳 未勝利       [指] 馬齢 13頭 本賞金:560,220,140,84,56万円",13,560.0,13,3,3,アイアンブランド,牝,2,55.0,柴田大,91.8,8,13,494.9,41.9,5-5,美浦 南田,420,-4,
202505040502,2025-10-13,東京,2,2歳未勝利,ダ,1400,左,晴,良,"4回 東京 5日目 サラ系２歳 未勝利       [指] 馬齢 13頭 本賞金:560,220,140,84,56万円",13,560.0,,1,4,エッジアキュート,,,98.0,88,,12.6,4,11.6,3.0,12.2,2,,,
202505040502,2025-10-13,東京,2,2歳未勝利,ダ,1400,左,晴,良,"4回 東京 5日目 サラ系２歳 未勝利       [指] 馬齢 13頭 本賞金:560,220,140,84,56万円",13,560.0,,1,4,エッジアキュート,,,,-,,-,,,,-,-,,,
202505040503,2025-10-13,東京,3,2歳未勝利,芝,1400,左,晴,良,"4回 東京 5日目 サラ系２歳 未勝利       [指] 馬齢 12頭 本賞金:560,220,140,84,56万円",12,560.0,1,7,9,シャオママル,牡,2,56.0,ルメー,82.0,,1,1.5,33.6,9-8,美浦 加藤士,436,2,
202505040503,2025-10-13,東京,3,2歳未勝利,芝,1400,左,晴,良,"4回 東京 5日目 サラ系２歳 未勝利       [指] 馬齢 12頭 本賞金:560,220,140,84,56万円",12,560.0,2,7,10,ファインコンダクト,牝,2,55.0,横山武,82.2,1.1/2,3,6.7,34.0,6-5,美浦 久保田,464,2,
202505040503,2025-10-13,東京,3,2歳未勝利,芝,1400,左,晴,良,"4回 東京 5日目 サラ系２歳 未勝利       [指] 馬齢 12頭 本賞金:560,220,140,84,56万円",12,560.0,3,8,11,ワディアルリヤハ,牝,2,55.0,横山和,82.3,3/4,5,17.5,33.6,10-11,美浦 田村,444,4,
202505040503,2025-10-13,東京,3,2歳未勝利,芝,1400,左,晴,良,"4回 東京 5日目 サラ系２歳 未勝利       [指] 馬齢 12頭 本賞金:560,220,140,84,56万円",12,560.0,4,3,3,ミスターマーボー,牡,2,56.0,原,82.4,1/2,2,4.4,34.9,2-2,美浦 青木,436,0,
202505040503,2025-10-13,東京,3,2歳未勝利,芝,1400,左,晴,良,"4回 東京 5日目 サラ系２歳 未勝利       [指] 馬齢 12頭 本賞金:560,220,140,84,56万円",12,560.0,5,4,4,カズノダイジョウ,牝,2,53.0,△長浜,82.5,クビ,7,27.6,34.7,4-4,美浦 浅利,522,10,
202505040503,2025-10-13,東京,3,2歳未勝利,芝,1400,左,晴,良,"4回 東京 5日目 サラ系２歳 未勝利       [指] 馬齢 12頭 本賞金:560,220,140,84,56万円",12,560.0,6,6,7,ダイヤテソーロ,牝,2,55.0,木幡巧,82.7,1.1/2,6,19.5,34.4,7-8,美浦 牧,438,6,
202505040503,2025-10-13,東京,3,2歳未勝利,芝,1400,左,晴,良,"4回 東京 5日目 サラ系２歳 未勝利       [指] 馬齢 12頭 本賞金:560,220,140,84,56万円",12,560.0,7,5,6,トーアシチフクジン,牡,2,56.0,江田照,82.7,クビ,8,83.5,34.0,10-11,美浦 村田,458,6,
202505040503,2025-10-13,東京,3,2歳未勝利,芝,1400,左,晴,良,"4回 東京 5日目 サラ系２歳 未勝利       [指] 馬齢 12頭 本賞金:560,220,140,84,56万円",12,560.0,8,6,8,ウレシイゴサン,牡,2,56.0,杉原,82.8,1/2,4,14.9,34.7,4-5,美浦 伊藤大,480,0,
202505040503,2025-10-13,東京,3,2歳未勝利,芝,1400,左,晴,良,"4回 東京 5日目 サラ系２歳 未勝利       [指] 馬齢 12頭 本賞金:560,220,140,84,56万円",12,560.0,9,5,5,リトルエンジェル,牝,2,52.0,▲上里,83.2,2.1/2,11,309.7,35.1,7-5,美浦 清水英,396,-2,
202505040503,2025-10-13,東京,3,2歳未勝利,芝,1400,左,晴,良,"4回 東京 5日目 サラ系２歳 未勝利       [指] 馬齢 12頭 本賞金:560,220,140,84,56万円",12,560.0,10,1,1,カゼノハゴロモ,牝,2,55.0,野中,84.1,5,10,258.1,36.7,1-1,美浦 根本,396,0,
202505040503,2025-10-13,東京,3,2歳未勝利,芝,1400,左,晴,良,"4回 東京 5日目 サラ系２歳 未勝利       [指] 馬齢 12頭 本賞金:560,220,140,84,56万円",12,560.0,11,2,2,フックセンチョウ,牡,2,53.0,▲石田,84.4,1.3/4,12,370.9,35.9,10-10,美浦 佐藤吉,444,4,
202505040503,2025-10-13,東京,3,2歳未勝利,芝,1400,左,晴,良,"4回 東京 5日目 サラ系２歳 未勝利       [指] 馬齢 12頭 本賞金:560,220,140,84,56万円",12,560.0,12,8,12,ヴェリタスポルタ,牡,2,56.0,丹内,85.7,8,9,84.5,38.0,2-3,美浦 菊川,500,2,
202505040503,2025-10-13,東京,3,2歳未勝利,芝,1400,左,晴,良,"4回 東京 5日目 サラ系２歳 未勝利       [指] 馬齢 12頭 本賞金:560,220,140,84,56万円",12,560.0,,1,9,シャオママル,,,89.0,74,,13.1,7,11.3,4.0,11.7,3,,,
202505040503,2025-10-13,東京,3,2歳未勝利,芝,1400,左,晴,良,"4回 東京 5日目 サラ系２歳 未勝利       [指] 馬齢 12頭 本賞金:560,220,140,84,56万円",12,560.0,,1,9,シャオママル,,,,-,,-,,,,-,-,,,
202505040504,2025-10-13,東京,4,3歳以上障害未勝利,障,3000,,晴,良,"4回 東京 5日目 障害３歳以上 未勝利       (混) 定量 14頭 本賞金:840,340,210,130,84万円",14,840.0,1,5,7,ジーティーオウジャ,セ,4,57.0,▲水沼,201.6,,2,4.5,13.4,4-4-3-2,美浦 石栗,526,10,
202505040504,2025-10-13,東京,4,3歳以上障害未勝利,障,3000,,晴,良,"4回 東京 5日目 障害３歳以上 未勝利       (混) 定量 14頭 本賞金:840,340,210,130,84万円",14,840.0,2,4,6,テーオーリカード,セ,5,60.0,小野寺,201.8,1,1,1.9,13.5,1-1-1-1,栗東 高柳大,488,-2,
202505040504,2025-10-13,東京,4,3歳以上障害未勝利,障,3000,,晴,良,"4回 東京 5日目 障害３歳以上 未勝利       (混) 定量 14頭 本賞金:840,340,210,130,84万円",14,840.0,3,2,2,トーアマリシテン,セ,4,60.0,石神深,203.6,大,14,140.8,13.6,2-2-2-2,美浦 小島,454,4,
202505040504,2025-10-13,東京,4,3歳以上障害未勝利,障,3000,,晴,良,"4回 東京 5日目 障害３歳以上 未勝利       (混) 定量 14頭 本賞金:840,340,210,130,84万円",14,840.0,4,7,11,サトノトルネード,牡,5,60.0,上野,204.2,3.1/2,3,9.0,13.6,3-2-4-4,美浦 国枝,532,2,
202505040504,2025-10-13,東京,4,3歳以上障害未勝利,障,3000,,晴,良,"4回 東京 5日目 障害３歳以上 未勝利       (混) 定量 14頭 本賞金:840,340,210,130,84万円",14,840.0,5,7,12,ワカムシャ,牡,3,58.0,大江圭,204.5,2,10,83.4,13.6,5-5-6-6,美浦 矢野,492,2,
202505040504,2025-10-13,東京,4,3歳以上障害未勝利,障,3000,,晴,良,"4回 東京 5日目 障害３歳以上 未勝利       (混) 定量 14頭 本賞金:840,340,210,130,84万円",14,840.0,6,8,14,サンライズウェーヴ,牡,4,60.0,難波,204.9,2,4,9.7,13.7,7-7-5-5,栗東 石坂,494,-4,
202505040504,2025-10-13,東京,4,3歳以上障害未勝利,障,3000,,晴,良,"4回 東京 5日目 障害３歳以上 未勝利       (混) 定量 14頭 本賞金:840,340,210,130,84万円",14,840.0,7,3,4,ペンティメント,牡,5,60.0,伴,208.6,大,7,17.3,13.9,10-10-12-12,美浦 嘉藤,506,14,
202505040504,2025-10-13,東京,4,3歳以上障害未勝利,障,3000,,晴,良,"4回 東京 5日目 障害３歳以上 未勝利       (混) 定量 14頭 本賞金:840,340,210,130,84万円",14,840.0,8,6,10,ゴールデンルーキー,牡,4,60.0,草野,208.7,1/2,5,11.6,13.9,12-12-11-10,美浦 粕谷,476,-2,
202505040504,2025-10-13,東京,4,3歳以上障害未勝利,障,3000,,晴,良,"4回 東京 5日目 障害３歳以上 未勝利       (混) 定量 14頭 本賞金:840,340,210,130,84万円",14,840.0,9,8,13,ニシノリアリティ,牡,4,60.0,五十嵐,209.2,3,9,77.7,13.9,5-5-7-7,美浦 田村,520,4,
202505040504,2025-10-13,東京,4,3歳以上障害未勝利,障,3000,,晴,良,"4回 東京 5日目 障害３歳以上 未勝利       (混) 定量 14頭 本賞金:840,340,210,130,84万円",14,840.0,10,5,8,ビリオネアボーイ,牡,3,58.0,小坂,209.2,アタマ,11,113.0,13.9,9-8-8-8,栗東 新谷,476,8,
202505040504,2025-10-13,東京,4,3歳以上障害未勝利,障,3000,,晴,良,"4回 東京 5日目 障害３歳以上 未勝利       (混) 定量 14頭 本賞金:840,340,210,130,84万円",14,840.0,11,6,9,メイショウコガシラ,牡,5,60.0,森一,209.3,クビ,6,14.1,14.0,8-9-10-11,栗東 本田,494,2,
202505040504,2025-10-13,東京,4,3歳以上障害未勝利,障,3000,,晴,良,"4回 東京 5日目 障害３歳以上 未勝利       (混) 定量 14頭 本賞金:840,340,210,130,84万円",14,840.0,12,4,5,カールスタード,セ,4,60.0,小牧加,209.5,1.1/4,8,23.3,14.0,13-13-13-13,栗東 武幸,494,6,
202505040504,2025-10-13,東京,4,3歳以上障害未勝利,障,3000,,晴,良,"4回 東京 5日目 障害３歳以上 未勝利       (混) 定量 14頭 本賞金:840,340,210,130,84万円",14,840.0,13,3,3,ボエーム,牡,4,57.0,▲坂口,209.6,1,13,128.7,14.0,14-14-14-13,美浦 石栗,450,4,
202505040504,2025-10-13,東京,4,3歳以上障害未勝利,障,3000,,晴,良,"4回 東京 5日目 障害３歳以上 未勝利       (混) 定量 14頭 本賞金:840,340,210,130,84万円",14,840.0,14,1,1,リプレイ,牝,4,57.0,▲土田,213.8,大,12,122.7,14.3,10-10-9-9,美浦 戸田,438,8,
202505040505,2025-10-13,東京,5,2歳新馬,芝,1800,左,晴,良,"4回 東京 5日目 サラ系２歳 新馬       [指] 馬齢 13頭 本賞金:750,300,190,110,75万円",13,750.0,1,4,5,スタニングレディ,牝,2,55.0,津村,107.4,,9,30.6,34.2,7-7-7,美浦 高木,456,0,
202505040505,2025-10-13,東京,5,2歳新馬,芝,1800,左,晴,良,"4回 東京 5日目 サラ系２歳 新馬       [指] 馬齢 13頭 本賞金:750,300,190,110,75万円",13,750.0,2,6,9,ポッドクロス,牡,2,56.0,横山武,107.4,クビ,3,6.8,33.9,12-10-9,美浦 大竹,454,0,
202505040505,2025-10-13,東京,5,2歳新馬,芝,1800,左,晴,良,"4回 東京 5日目 サラ系２歳 新馬       [指] 馬齢 13頭 本賞金:750,300,190,110,75万円",13,750.0,3,6,8,マンサニージャ,牝,2,52.0,▲石神道,107.6,1,7,28.1,34.1,11-10-9,美浦 菊川,432,0,
202505040505,2025-10-13,東京,5,2歳新馬,芝,1800,左,晴,良,"4回 東京 5日目 サラ系２歳 新馬       [指] 馬齢 13頭 本賞金:750,300,190,110,75万円",13,750.0,4,4,4,マイネルディザイア,牡,2,56.0,丹内,107.6,クビ,5,19.8,34.4,8-8-7,栗東 西園正,434,0,
202505040505,2025-10-13,東京,5,2歳新馬,芝,1800,左,晴,良,"4回 東京 5日目 サラ系２歳 新馬       [指] 馬齢 13頭 本賞金:750,300,190,110,75万円",13,750.0,5,5,6,リゾートアイランド,牡,2,56.0,荻野極,107.7,1/2,2,3.9,34.7,3-4-4,美浦 上原佑,504,0,
202505040505,2025-10-13,東京,5,2歳新馬,芝,1800,左,晴,良,"4回 東京 5日目 サラ系２歳 新馬       [指] 馬齢 13頭 本賞金:750,300,190,110,75万円",13,750.0,6,3,3,オーケーグリット,牡,2,56.0,石川,108.0,1.1/2,6,25.8,35.3,1-1-1,美浦 相沢,460,0,
202505040505,2025-10-13,東京,5,2歳新馬,芝,1800,左,晴,良,"4回 東京 5日目 サラ系２歳 新馬       [指] 馬齢 13頭 本賞金:750,300,190,110,75万円",13,750.0,7,8,13,ネッカーズルム,牡,2,56.0,吉田豊,108.0,ハナ,10,68.5,35.0,3-4-4,美浦 土田,464,0,
202505040505,2025-10-13,東京,5,2歳新馬,芝,1800,左,晴,良,"4回 東京 5日目 サラ系２歳 新馬       [指] 馬齢 13頭 本賞金:750,300,190,110,75万円",13,750.0,8,7,10,ノービレ,牡,2,56.0,西村淳,108.2,1.1/2,4,7.4,35.5,2-2-2,栗東 小椋,490,0,
202505040505,2025-10-13,東京,5,2歳新馬,芝,1800,左,晴,良,"4回 東京 5日目 サラ系２歳 新馬       [指] 馬齢 13頭 本賞金:750,300,190,110,75万円",13,750.0,9,5,7,オウケンハニー,牝,2,55.0,木幡巧,108.4,1,13,122.0,35.6,3-2-2,美浦 岩戸,446,0,
202505040505,2025-10-13,東京,5,2歳新馬,芝,1800,左,晴,良,"4回 東京 5日目 サラ系２歳 新馬       [指] 馬齢 13頭 本賞金:750,300,190,110,75万円",13,750.0,10,7,11,イロゴルシ,牡,2,56.0,鮫島駿,108.7,1.3/4,8,28.2,35.2,9-9-9,栗東 牧田,510,0,
202505040505,2025-10-13,東京,5,2歳新馬,芝,1800,左,晴,良,"4回 東京 5日目 サラ系２歳 新馬       [指] 馬齢 13頭 本賞金:750,300,190,110,75万円",13,750.0,11,1,1,ユイノサダハル,牡,2,56.0,吉田隼,108.9,1.1/4,12,109.1,35.9,3-4-4,美浦 古賀,460,0,
202505040505,2025-10-13,東京,5,2歳新馬,芝,1800,左,晴,良,"4回 東京 5日目 サラ系２歳 新馬       [指] 馬齢 13頭 本賞金:750,300,190,110,75万円",13,750.0,12,2,2,アラクラン,牡,2,56.0,ルメー,109.4,3,1,2.0,34.7,10-12-12,美浦 田村,506,0,
202505040505,2025-10-13,東京,5,2歳新馬,芝,1800,左,晴,良,"4回 東京 5日目 サラ系２歳 新馬       [指] 馬齢 13頭 本賞金:750,300,190,110,75万円",13,750.0,13,8,12,ラクシオンデクラ,牡,2,56.0,原,109.4,アタマ,11,102.6,34.5,13-13-13,美浦 尾関,430,0,
202505040505,2025-10-13,東京,5,2歳新馬,芝,1800,左,晴,良,"4回 東京 5日目 サラ系２歳 新馬       [指] 馬齢 13頭 本賞金:750,300,190,110,75万円",13,750.0,,1,5,スタニングレディ,,,92.0,78,,13.1,2,11.7,4.0,12.0,3,,,
202505040505,2025-10-13,東京,5,2歳新馬,芝,1800,左,晴,良,"4回 東京 5日目 サラ系２歳 新馬       [指] 馬齢 13頭 本賞金:750,300,190,110,75万円",13,750.0,,1,5,スタニングレディ,,,,-,,-,,,,-,-,,,
202505040506,2025-10-13,東京,6,2歳新馬,芝,1600,左,晴,良,"4回 東京 5日目 サラ系２歳 新馬       牝[指] 馬齢 17頭 本賞金:750,300,190,110,75万円",17,750.0,1,2,4,ノーザンタイタン,牝,2,55.0,横山武,94.2,,3,6.0,34.7,2-2,美浦 中舘,440,0,
202505040506,2025-10-13,東京,6,2歳新馬,芝,1600,左,晴,良,"4回 東京 5日目 サラ系２歳 新馬       牝[指] 馬齢 17頭 本賞金:750,300,190,110,75万円",17,750.0,2,3,6,ピエドゥラパン,牝,2,55.0,荻野極,94.2,クビ,4,7.3,33.9,8-8,美浦 千葉,460,0,
202505040506,2025-10-13,東京,6,2歳新馬,芝,1600,左,晴,良,"4回 東京 5日目 サラ系２歳 新馬       牝[指] 馬齢 17頭 本賞金:750,300,190,110,75万円",17,750.0,3,5,10,ブライトエアリー,牝,2,55.0,横山琉,94.5,1.1/2,5,7.6,35.0,2-2,美浦 相沢,464,0,
202505040506,2025-10-13,東京,6,2歳新馬,芝,1600,左,晴,良,"4回 東京 5日目 サラ系２歳 新馬       牝[指] 馬齢 17頭 本賞金:750,300,190,110,75万円",17,750.0,4,4,8,バルボアパーク,牝,2,55.0,ルメー,94.5,アタマ,1,2.8,34.7,4-4,美浦 田中博,498,0,
202505040506,2025-10-13,東京,6,2歳新馬,芝,1600,左,晴,良,"4回 東京 5日目 サラ系２歳 新馬       牝[指] 馬齢 17頭 本賞金:750,300,190,110,75万円",17,750.0,5,2,3,フロンテアムーン,牝,2,52.0,▲ 舟山瑠,94.6,1,11,43.5,34.8,6-4,美浦 国枝,414,0,
202505040506,2025-10-13,東京,6,2歳新馬,芝,1600,左,晴,良,"4回 東京 5日目 サラ系２歳 新馬       牝[指] 馬齢 17頭 本賞金:750,300,190,110,75万円",17,750.0,6,8,17,ヒナタ,牝,2,55.0,津村,94.7,1/2,10,39.0,34.3,10-10,美浦 上原佑,436,0,
202505040506,2025-10-13,東京,6,2歳新馬,芝,1600,左,晴,良,"4回 東京 5日目 サラ系２歳 新馬       牝[指] 馬齢 17頭 本賞金:750,300,190,110,75万円",17,750.0,7,8,16,エルミー,牝,2,55.0,西村淳,94.8,1/2,9,30.5,33.8,12-12,美浦 中川,430,0,
202505040506,2025-10-13,東京,6,2歳新馬,芝,1600,左,晴,良,"4回 東京 5日目 サラ系２歳 新馬       牝[指] 馬齢 17頭 本賞金:750,300,190,110,75万円",17,750.0,8,5,9,アリアベルデ,牝,2,55.0,石橋脩,94.8,アタマ,7,23.1,34.7,7-7,栗東 清水久,452,0,
202505040506,2025-10-13,東京,6,2歳新馬,芝,1600,左,晴,良,"4回 東京 5日目 サラ系２歳 新馬       牝[指] 馬齢 17頭 本賞金:750,300,190,110,75万円",17,750.0,9,7,14,スカイドリーマー,牝,2,55.0,三浦,94.9,1/2,2,5.4,34.4,10-10,美浦 木村,442,0,
202505040506,2025-10-13,東京,6,2歳新馬,芝,1600,左,晴,良,"4回 東京 5日目 サラ系２歳 新馬       牝[指] 馬齢 17頭 本賞金:750,300,190,110,75万円",17,750.0,10,1,2,ヘリオドール,牝,2,55.0,吉田隼,95.5,3.1/2,14,143.9,36.5,1-1,美浦 和田雄,454,0,
202505040506,2025-10-13,東京,6,2歳新馬,芝,1600,左,晴,良,"4回 東京 5日目 サラ系２歳 新馬       牝[指] 馬齢 17頭 本賞金:750,300,190,110,75万円",17,750.0,11,7,13,ティンブロポップ,牝,2,55.0,大野,95.5,クビ,13,123.9,34.3,14-13,美浦 和田勇,444,0,
202505040506,2025-10-13,東京,6,2歳新馬,芝,1600,左,晴,良,"4回 東京 5日目 サラ系２歳 新馬       牝[指] 馬齢 17頭 本賞金:750,300,190,110,75万円",17,750.0,12,6,12,ミッキーパラソル,牝,2,55.0,横山和,95.8,1.3/4,6,12.7,34.2,15-15,美浦 久保田,472,0,
202505040506,2025-10-13,東京,6,2歳新馬,芝,1600,左,晴,良,"4回 東京 5日目 サラ系２歳 新馬       牝[指] 馬齢 17頭 本賞金:750,300,190,110,75万円",17,750.0,13,8,15,ミルトメロディー,牝,2,55.0,原,96.1,1.1/2,12,119.8,36.4,4-4,美浦 青木,426,0,
202505040506,2025-10-13,東京,6,2歳新馬,芝,1600,左,晴,良,"4回 東京 5日目 サラ系２歳 新馬       牝[指] 馬齢 17頭 本賞金:750,300,190,110,75万円",17,750.0,14,4,7,オーシャンドリーム,牝,2,52.0,▲石神道,96.6,3,15,180.2,36.3,8-8,美浦 水野,494,0,
202505040506,2025-10-13,東京,6,2歳新馬,芝,1600,左,晴,良,"4回 東京 5日目 サラ系２歳 新馬       牝[指] 馬齢 17頭 本賞金:750,300,190,110,75万円",17,750.0,15,6,11,キャリアビジョン,牝,2,53.0,△長浜,96.8,1.1/2,8,26.9,34.5,17-17,美浦 西田,408,0,
202505040506,2025-10-13,東京,6,2歳新馬,芝,1600,左,晴,良,"4回 東京 5日目 サラ系２歳 新馬       牝[指] 馬齢 17頭 本賞金:750,300,190,110,75万円",17,750.0,16,1,1,ゼルノードゥス,牝,2,55.0,木幡巧,97.0,1,16,182.9,35.8,12-13,栗東 中竹,474,0,
202505040506,2025-10-13,東京,6,2歳新馬,芝,1600,左,晴,良,"4回 東京 5日目 サラ系２歳 新馬       牝[指] 馬齢 17頭 本賞金:750,300,190,110,75万円",17,750.0,17,3,5,フォセットジェンヌ,牝,2,55.0,野中,97.8,5,17,301.0,35.6,15-16,美浦 和田勇,410,0,
202505040506,2025-10-13,東京,6,2歳新馬,芝,1600,左,晴,良,"4回 東京 5日目 サラ系２歳 新馬       牝[指] 馬齢 17頭 本賞金:750,300,190,110,75万円",17,750.0,,1,4,ノーザンタイタン,,,93.0,89,,13.1,4,11.1,2.0,11.6,1,,,
202505040506,2025-10-13,東京,6,2歳新馬,芝,1600,左,晴,良,"4回 東京 5日目 サラ系２歳 新馬       牝[指] 馬齢 17頭 本賞金:750,300,190,110,75万円",17,750.0,,1,4,ノーザンタイタン,,,,-,,-,,,,-,-,,,
202505040507,2025-10-13,東京,7,3歳以上1勝クラス,ダ,2100,左,曇,良,"4回 東京 5日目 サラ系３歳以上 １勝クラス       [指] 定量 16頭 本賞金:800,320,200,120,80万円",16,800.0,1,1,1,コスモコンフェルマ,牡,3,56.0,丹内,133.1,,4,7.2,38.8,5-3-3-2,美浦 鈴木慎,478,8,
202505040507,2025-10-13,東京,7,3歳以上1勝クラス,ダ,2100,左,曇,良,"4回 東京 5日目 サラ系３歳以上 １勝クラス       [指] 定量 16頭 本賞金:800,320,200,120,80万円",16,800.0,2,8,16,タマモトリノ,牡,3,56.0,大野,133.2,クビ,1,4.7,38.4,6-5-6-6,美浦 辻,508,14,
202505040507,2025-10-13,東京,7,3歳以上1勝クラス,ダ,2100,左,曇,良,"4回 東京 5日目 サラ系３歳以上 １勝クラス       [指] 定量 16頭 本賞金:800,320,200,120,80万円",16,800.0,3,4,7,カージオイド,牡,3,56.0,木幡巧,133.2,クビ,9,18.3,38.7,3-5-5-5,美浦 黒岩,510,4,
202505040507,2025-10-13,東京,7,3歳以上1勝クラス,ダ,2100,左,曇,良,"4回 東京 5日目 サラ系３歳以上 １勝クラス       [指] 定量 16頭 本賞金:800,320,200,120,80万円",16,800.0,4,7,13,ディズレーリ,セ,5,58.0,内田博,133.3,1/2,14,99.9,38.1,14-14-13-11,美浦 池上,516,-4,
202505040507,2025-10-13,東京,7,3歳以上1勝クラス,ダ,2100,左,曇,良,"4回 東京 5日目 サラ系３歳以上 １勝クラス       [指] 定量 16頭 本賞金:800,320,200,120,80万円",16,800.0,5,5,10,ダカラフェスティヴ,牝,3,54.0,横山武,133.6,1.3/4,2,5.3,38.1,12-14-14-14,美浦 奥平,464,10,
202505040507,2025-10-13,東京,7,3歳以上1勝クラス,ダ,2100,左,曇,良,"4回 東京 5日目 サラ系３歳以上 １勝クラス       [指] 定量 16頭 本賞金:800,320,200,120,80万円",16,800.0,6,8,15,ブルージャイアント,牡,3,56.0,原,133.7,クビ,3,6.4,38.7,9-9-8-8,美浦 蛯名正,546,4,
202505040507,2025-10-13,東京,7,3歳以上1勝クラス,ダ,2100,左,曇,良,"4回 東京 5日目 サラ系３歳以上 １勝クラス       [指] 定量 16頭 本賞金:800,320,200,120,80万円",16,800.0,7,2,4,トライゴーニック,牡,3,56.0,荻野極,133.7,ハナ,7,14.1,37.9,14-16-16-16,美浦 池上,490,16,
202505040507,2025-10-13,東京,7,3歳以上1勝クラス,ダ,2100,左,曇,良,"4回 東京 5日目 サラ系３歳以上 １勝クラス       [指] 定量 16頭 本賞金:800,320,200,120,80万円",16,800.0,8,3,5,ハルノアラシ,牡,3,56.0,石川,134.1,2.1/2,5,8.4,39.0,14-12-10-8,美浦 相沢,516,4,
202505040507,2025-10-13,東京,7,3歳以上1勝クラス,ダ,2100,左,曇,良,"4回 東京 5日目 サラ系３歳以上 １勝クラス       [指] 定量 16頭 本賞金:800,320,200,120,80万円",16,800.0,9,7,14,タケルゴールド,牡,4,58.0,鮫島駿,134.1,アタマ,6,13.9,38.8,9-9-12-13,美浦 加藤征,468,-2,
202505040507,2025-10-13,東京,7,3歳以上1勝クラス,ダ,2100,左,曇,良,"4回 東京 5日目 サラ系３歳以上 １勝クラス       [指] 定量 16頭 本賞金:800,320,200,120,80万円",16,800.0,10,6,12,ファイナルヒート,牡,5,58.0,丸山,134.2,1/2,10,18.7,38.7,12-13-14-14,美浦 古賀,514,10,
202505040507,2025-10-13,東京,7,3歳以上1勝クラス,ダ,2100,左,曇,良,"4回 東京 5日目 サラ系３歳以上 １勝クラス       [指] 定量 16頭 本賞金:800,320,200,120,80万円",16,800.0,11,1,2,アルデツヨシ,セ,3,56.0,江田照,134.4,1.1/2,8,14.1,40.4,1-1-1-1,美浦 田中剛,470,2,
202505040507,2025-10-13,東京,7,3歳以上1勝クラス,ダ,2100,左,曇,良,"4回 東京 5日目 サラ系３歳以上 １勝クラス       [指] 定量 16頭 本賞金:800,320,200,120,80万円",16,800.0,12,6,11,ロックウイズユー,牡,3,56.0,石橋脩,135.0,3.1/2,11,22.0,40.7,3-3-3-2,栗東 西園正,450,0,
202505040507,2025-10-13,東京,7,3歳以上1勝クラス,ダ,2100,左,曇,良,"4回 東京 5日目 サラ系３歳以上 １勝クラス       [指] 定量 16頭 本賞金:800,320,200,120,80万円",16,800.0,13,5,9,ヤコブセン,牡,3,56.0,斎藤,135.1,1/2,12,29.6,40.9,2-2-2-2,美浦 斎藤誠,510,4,
202505040507,2025-10-13,東京,7,3歳以上1勝クラス,ダ,2100,左,曇,良,"4回 東京 5日目 サラ系３歳以上 １勝クラス       [指] 定量 16頭 本賞金:800,320,200,120,80万円",16,800.0,14,3,6,フォレストゲート,牡,4,58.0,菊沢,136.4,8,13,57.1,41.2,9-9-10-11,美浦 小手川,466,1,
202505040507,2025-10-13,東京,7,3歳以上1勝クラス,ダ,2100,左,曇,良,"4回 東京 5日目 サラ系３歳以上 １勝クラス       [指] 定量 16頭 本賞金:800,320,200,120,80万円",16,800.0,15,4,8,マインドミー,牝,3,54.0,柴田大,136.5,3/4,15,100.9,41.4,6-8-8-8,美浦 高橋文,466,14,
202505040507,2025-10-13,東京,7,3歳以上1勝クラス,ダ,2100,左,曇,良,"4回 東京 5日目 サラ系３歳以上 １勝クラス       [指] 定量 16頭 本賞金:800,320,200,120,80万円",16,800.0,16,2,3,ネイサン,牡,4,55.0,▲遠藤,137.7,7,16,157.7,42.8,6-7-7-6,美浦 粕谷,480,0,
202505040507,2025-10-13,東京,7,3歳以上1勝クラス,ダ,2100,左,曇,良,"4回 東京 5日目 サラ系３歳以上 １勝クラス       [指] 定量 16頭 本賞金:800,320,200,120,80万円",16,800.0,,1,1,コスモコンフェルマ,,,100.0,101,,7.3,3,11.6,1.0,12.3,1,,,
202505040507,2025-10-13,東京,7,3歳以上1勝クラス,ダ,2100,左,曇,良,"4回 東京 5日目 サラ系３歳以上 １勝クラス       [指] 定量 16頭 本賞金:800,320,200,120,80万円",16,800.0,,1,1,コスモコンフェルマ,,,,-,,-,,,,-,-,,,
202505040508,2025-10-13,東京,8,プラタナス賞,ダ,1600,左,曇,良,"4回 東京 5日目 サラ系２歳 １勝クラス       (混)(特指) 馬齢 7頭 本賞金:1110,440,280,170,111万円",7,1110.0,1,1,1,テイエムキハク,牡,2,56.0,丹内,98.8,,2,5.4,35.9,5-3,美浦 伊藤圭,468,2,
202505040508,2025-10-13,東京,8,プラタナス賞,ダ,1600,左,曇,良,"4回 東京 5日目 サラ系２歳 １勝クラス       (混)(特指) 馬齢 7頭 本賞金:1110,440,280,170,111万円",7,1110.0,2,2,2,ショーリバース,牡,2,56.0,津村,99.0,1,4,20.8,36.4,1-1,美浦 鈴木伸,508,18,
202505040508,2025-10-13,東京,8,プラタナス賞,ダ,1600,左,曇,良,"4回 東京 5日目 サラ系２歳 １勝クラス       (混)(特指) 馬齢 7頭 本賞金:1110,440,280,170,111万円",7,1110.0,3,3,3,マテンロウダビンチ,牡,2,56.0,西村淳,99.6,3.1/2,1,1.3,36.7,2-3,栗東 中内田,520,0,
202505040508,2025-10-13,東京,8,プラタナス賞,ダ,1600,左,曇,良,"4回 東京 5日目 サラ系２歳 １勝クラス       (混)(特指) 馬齢 7頭 本賞金:1110,440,280,170,111万円",7,1110.0,4,5,5,アルデトップガン,牡,2,56.0,三浦,99.9,2,3,5.8,37.1,2-2,美浦 田中剛,464,0,
202505040508,2025-10-13,東京,8,プラタナス賞,ダ,1600,左,曇,良,"4回 東京 5日目 サラ系２歳 １勝クラス       (混)(特指) 馬齢 7頭 本賞金:1110,440,280,170,111万円",7,1110.0,5,7,7,トップマジシャン,牡,2,56.0,石橋脩,101.2,8,7,41.9,37.5,7-7,美浦 石栗,448,2,
202505040508,2025-10-13,東京,8,プラタナス賞,ダ,1600,左,曇,良,"4回 東京 5日目 サラ系２歳 １勝クラス       (混)(特指) 馬齢 7頭 本賞金:1110,440,280,170,111万円",7,1110.0,6,4,4,ラエトゥス,牝,2,55.0,横山和,101.3,3/4,5,21.1,37.8,5-6,栗東 池添,458,-4,
202505040508,2025-10-13,東京,8,プラタナス賞,ダ,1600,左,曇,良,"4回 東京 5日目 サラ系２歳 １勝クラス       (混)(特指) 馬齢 7頭 本賞金:1110,440,280,170,111万円",7,1110.0,7,6,6,リネンタイリン,牡,2,56.0,柴田大,102.4,7,6,41.1,39.2,4-5,美浦 南田,466,2,
202505040508,2025-10-13,東京,8,プラタナス賞,ダ,1600,左,曇,良,"4回 東京 5日目 サラ系２歳 １勝クラス       (混)(特指) 馬齢 7頭 本賞金:1110,440,280,170,111万円",7,1110.0,,1,1,テイエムキハク,,,86.0,78,,13.7,7,11.7,4.0,12.7,4,,,
202505040508,2025-10-13,東京,8,プラタナス賞,ダ,1600,左,曇,良,"4回 東京 5日目 サラ系２歳 １勝クラス       (混)(特指) 馬齢 7頭 本賞金:1110,440,280,170,111万円",7,1110.0,,1,1,テイエムキハク,,,,-,,-,,,,-,-,,,
202505040509,2025-10-13,東京,9,3歳以上1勝クラス,芝,1600,左,曇,良,"4回 東京 5日目 サラ系３歳以上 １勝クラス       [指] 定量 18頭 本賞金:800,320,200,120,80万円",18,800.0,1,1,1,ダノンセンチュリー,牡,3,56.0,横山和,93.1,,1,1.5,32.7,16-16,美浦 萩原,464,0,
202505040509,2025-10-13,東京,9,3歳以上1勝クラス,芝,1600,左,曇,良,"4回 東京 5日目 サラ系３歳以上 １勝クラス       [指] 定量 18頭 本賞金:800,320,200,120,80万円",18,800.0,2,5,10,エルマーゴ,牡,3,56.0,鮫島駿,93.3,1.1/4,13,96.3,33.8,6-6,美浦 加藤征,474,4,
202505040509,2025-10-13,東京,9,3歳以上1勝クラス,芝,1600,左,曇,良,"4回 東京 5日目 サラ系３歳以上 １勝クラス       [指] 定量 18頭 本賞金:800,320,200,120,80万円",18,800.0,3,7,15,ダノンエンブレム,牡,3,56.0,荻野極,93.3,アタマ,9,42.3,34.1,3-2,美浦 宮田,444,4,
202505040509,2025-10-13,東京,9,3歳以上1勝クラス,芝,1600,左,曇,良,"4回 東京 5日目 サラ系３歳以上 １勝クラス       [指] 定量 18頭 本賞金:800,320,200,120,80万円",18,800.0,4,8,18,ドリーミングアップ,牡,4,58.0,吉田豊,93.3,クビ,2,8.0,33.4,11-11,美浦 高橋文,470,8,
202505040509,2025-10-13,東京,9,3歳以上1勝クラス,芝,1600,左,曇,良,"4回 東京 5日目 サラ系３歳以上 １勝クラス       [指] 定量 18頭 本賞金:800,320,200,120,80万円",18,800.0,5,1,2,ゴールドシーン,セ,5,58.0,津村,93.3,ハナ,5,16.8,33.8,6-6,美浦 林,454,2,
202505040509,2025-10-13,東京,9,3歳以上1勝クラス,芝,1600,左,曇,良,"4回 東京 5日目 サラ系３歳以上 １勝クラス       [指] 定量 18頭 本賞金:800,320,200,120,80万円",18,800.0,6,2,4,プチプランス,牡,3,56.0,西村淳,93.4,クビ,6,17.1,34.1,3-4,栗東 藤岡,498,14,
202505040509,2025-10-13,東京,9,3歳以上1勝クラス,芝,1600,左,曇,良,"4回 東京 5日目 サラ系３歳以上 １勝クラス       [指] 定量 18頭 本賞金:800,320,200,120,80万円",18,800.0,7,7,13,チョングク,牡,3,56.0,嶋田,93.4,アタマ,15,146.6,33.3,14-14,美浦 南田,486,6,
202505040509,2025-10-13,東京,9,3歳以上1勝クラス,芝,1600,左,曇,良,"4回 東京 5日目 サラ系３歳以上 １勝クラス       [指] 定量 18頭 本賞金:800,320,200,120,80万円",18,800.0,8,6,12,ルトンワージ,牡,3,56.0,斎藤,93.4,ハナ,12,90.5,33.4,11-13,美浦 斎藤誠,454,2,
202505040509,2025-10-13,東京,9,3歳以上1勝クラス,芝,1600,左,曇,良,"4回 東京 5日目 サラ系３歳以上 １勝クラス       [指] 定量 18頭 本賞金:800,320,200,120,80万円",18,800.0,9,6,11,ルパヴィヨン,牝,3,54.0,大野,93.5,1,3,10.5,34.3,2-2,美浦 小手川,468,0,
202505040509,2025-10-13,東京,9,3歳以上1勝クラス,芝,1600,左,曇,良,"4回 東京 5日目 サラ系３歳以上 １勝クラス       [指] 定量 18頭 本賞金:800,320,200,120,80万円",18,800.0,10,8,16,サトノラポール,セ,3,56.0,内田博,93.6,クビ,11,63.0,34.0,9-8,美浦 鹿戸,462,0,
202505040509,2025-10-13,東京,9,3歳以上1勝クラス,芝,1600,左,曇,良,"4回 東京 5日目 サラ系３歳以上 １勝クラス       [指] 定量 18頭 本賞金:800,320,200,120,80万円",18,800.0,11,4,7,フォルテフィオーレ,牡,4,58.0,菊沢,93.6,ハナ,10,45.9,34.2,5-4,美浦 上原佑,454,2,
202505040509,2025-10-13,東京,9,3歳以上1勝クラス,芝,1600,左,曇,良,"4回 東京 5日目 サラ系３歳以上 １勝クラス       [指] 定量 18頭 本賞金:800,320,200,120,80万円",18,800.0,12,5,9,メイリー,牝,3,54.0,横山武,93.7,3/4,4,15.0,33.8,11-11,美浦 鈴木慎,446,6,
202505040509,2025-10-13,東京,9,3歳以上1勝クラス,芝,1600,左,曇,良,"4回 東京 5日目 サラ系３歳以上 １勝クラス       [指] 定量 18頭 本賞金:800,320,200,120,80万円",18,800.0,13,4,8,ラガークイン,牝,4,56.0,丹内,93.8,クビ,8,27.4,34.1,9-8,栗東 大久保,418,0,
202505040509,2025-10-13,東京,9,3歳以上1勝クラス,芝,1600,左,曇,良,"4回 東京 5日目 サラ系３歳以上 １勝クラス       [指] 定量 18頭 本賞金:800,320,200,120,80万円",18,800.0,14,3,5,ルミナスピラー,牝,3,51.0,▲石神道,94.0,1.1/4,18,428.2,34.3,8-8,美浦 和田郎,428,-4,
202505040509,2025-10-13,東京,9,3歳以上1勝クラス,芝,1600,左,曇,良,"4回 東京 5日目 サラ系３歳以上 １勝クラス       [指] 定量 18頭 本賞金:800,320,200,120,80万円",18,800.0,15,8,17,ルナルーチェット,牝,3,54.0,三浦,94.3,2,7,23.8,34.2,14-14,美浦 国枝,420,2,
202505040509,2025-10-13,東京,9,3歳以上1勝クラス,芝,1600,左,曇,良,"4回 東京 5日目 サラ系３歳以上 １勝クラス       [指] 定量 18頭 本賞金:800,320,200,120,80万円",18,800.0,16,7,14,トウカイフルーレ,牡,3,54.0,△長浜,94.8,2.1/2,14,118.1,33.8,18-18,栗東 野中,426,-4,
202505040509,2025-10-13,東京,9,3歳以上1勝クラス,芝,1600,左,曇,良,"4回 東京 5日目 サラ系３歳以上 １勝クラス       [指] 定量 18頭 本賞金:800,320,200,120,80万円",18,800.0,17,2,3,ユイノオールイン,牡,3,56.0,木幡初,95.0,1.1/4,16,216.9,34.6,17-16,美浦 竹内,494,6,
202505040509,2025-10-13,東京,9,3歳以上1勝クラス,芝,1600,左,曇,良,"4回 東京 5日目 サラ系３歳以上 １勝クラス       [指] 定量 18頭 本賞金:800,320,200,120,80万円",18,800.0,18,3,6,オーケースマイル,牝,3,54.0,横山琉,96.2,7,17,274.4,37.1,1-1,美浦 相沢,430,8,
202505040509,2025-10-13,東京,9,3歳以上1勝クラス,芝,1600,左,曇,良,"4回 東京 5日目 サラ系３歳以上 １勝クラス       [指] 定量 18頭 本賞金:800,320,200,120,80万円",18,800.0,,1,1,ダノンセンチュリー,,,86.0,81,,13.6,5,11.3,3.0,11.8,1,,,
202505040509,2025-10-13,東京,9,3歳以上1勝クラス,芝,1600,左,曇,良,"4回 東京 5日目 サラ系３歳以上 １勝クラス       [指] 定量 18頭 本賞金:800,320,200,120,80万円",18,800.0,,1,1,ダノンセンチュリー,,,,-,,-,,,,-,-,,,
202505040510,2025-10-13,東京,10,昇仙峡S,芝,2400,左,曇,良,"4回 東京 5日目 サラ系３歳以上 ３勝クラス       (混)(特指) 定量 8頭 本賞金:1840,740,460,280,184万円",8,1840.0,1,1,1,シャイニングソード,牡,4,58.0,西村淳,146.7,,2,2.8,33.9,5-4-7-5,栗東 中内田,522,-4,
202505040510,2025-10-13,東京,10,昇仙峡S,芝,2400,左,曇,良,"4回 東京 5日目 サラ系３歳以上 ３勝クラス       (混)(特指) 定量 8頭 本賞金:1840,740,460,280,184万円",8,1840.0,2,5,5,エンドウノハナ,牡,6,58.0,津村,146.8,3/4,6,15.4,33.6,7-8-8-8,美浦 中舘,490,2,
202505040510,2025-10-13,東京,10,昇仙峡S,芝,2400,左,曇,良,"4回 東京 5日目 サラ系３歳以上 ３勝クラス       (混)(特指) 定量 8頭 本賞金:1840,740,460,280,184万円",8,1840.0,3,8,8,デュアルウィルダー,牡,4,58.0,大野,146.9,1/2,1,2.0,34.3,3-3-4-2,美浦 堀,514,6,
202505040510,2025-10-13,東京,10,昇仙峡S,芝,2400,左,曇,良,"4回 東京 5日目 サラ系３歳以上 ３勝クラス       (混)(特指) 定量 8頭 本賞金:1840,740,460,280,184万円",8,1840.0,4,6,6,スピードリッチ,牡,4,58.0,横山武,146.9,アタマ,3,7.6,34.3,2-2-3-2,栗東 藤岡,482,2,
202505040510,2025-10-13,東京,10,昇仙峡S,芝,2400,左,曇,良,"4回 東京 5日目 サラ系３歳以上 ３勝クラス       (混)(特指) 定量 8頭 本賞金:1840,740,460,280,184万円",8,1840.0,5,7,7,ヴォランテ,牡,5,58.0,丹内,147.0,1/2,7,24.0,34.4,7-7-2-2,栗東 羽月,462,-8,
202505040510,2025-10-13,東京,10,昇仙峡S,芝,2400,左,曇,良,"4回 東京 5日目 サラ系３歳以上 ３勝クラス       (混)(特指) 定量 8頭 本賞金:1840,740,460,280,184万円",8,1840.0,6,2,2,ロードオールライト,牡,4,58.0,内田博,147.1,1/2,4,10.5,34.9,1-1-1-1,栗東 中内田,526,-6,
202505040510,2025-10-13,東京,10,昇仙峡S,芝,2400,左,曇,良,"4回 東京 5日目 サラ系３歳以上 ３勝クラス       (混)(特指) 定量 8頭 本賞金:1840,740,460,280,184万円",8,1840.0,7,4,4,レッドヴェロシティ,牡,7,58.0,杉原,147.2,1/2,8,72.3,34.5,5-4-4-5,美浦 木村,548,8,
202505040510,2025-10-13,東京,10,昇仙峡S,芝,2400,左,曇,良,"4回 東京 5日目 サラ系３歳以上 ３勝クラス       (混)(特指) 定量 8頭 本賞金:1840,740,460,280,184万円",8,1840.0,8,3,3,ウィープディライト,セ,4,58.0,斎藤,147.3,3/4,5,13.6,34.3,3-4-6-7,栗東 池添,498,-10,
202505040510,2025-10-13,東京,10,昇仙峡S,芝,2400,左,曇,良,"4回 東京 5日目 サラ系３歳以上 ３勝クラス       (混)(特指) 定量 8頭 本賞金:1840,740,460,280,184万円",8,1840.0,,1,1,シャイニングソード,,,87.0,66,,13.9,3,12.1,2.0,13.1,2,,,
202505040510,2025-10-13,東京,10,昇仙峡S,芝,2400,左,曇,良,"4回 東京 5日目 サラ系３歳以上 ３勝クラス       (混)(特指) 定量 8頭 本賞金:1840,740,460,280,184万円",8,1840.0,,1,1,シャイニングソード,,,,-,,-,,,,-,-,,,
202505040511,2025-10-13,東京,11,オクトーバーS,芝,2000,左,曇,良,"4回 東京 5日目 サラ系３歳以上 オープン       (国際)(特指) ハンデ 18頭 本賞金:2800,1100,700,420,280万円",18,2800.0,1,4,8,ニシノレヴナント,セ,5,55.0,野中,117.5,,13,47.0,32.9,15-16-14,美浦 上原博,480,0,
202505040511,2025-10-13,東京,11,オクトーバーS,芝,2000,左,曇,良,"4回 東京 5日目 サラ系３歳以上 オープン       (国際)(特指) ハンデ 18頭 本賞金:2800,1100,700,420,280万円",18,2800.0,2,8,16,トーセンリョウ,牡,6,56.0,鮫島駿,117.8,2,5,8.7,33.7,9-8-9,美浦 加藤征,456,0,
202505040511,2025-10-13,東京,11,オクトーバーS,芝,2000,左,曇,良,"4回 東京 5日目 サラ系３歳以上 オープン       (国際)(特指) ハンデ 18頭 本賞金:2800,1100,700,420,280万円",18,2800.0,3,1,1,ボーンディスウェイ,牡,6,57.0,木幡巧,117.9,1/2,4,8.6,33.4,13-14-14,美浦 牧,496,0,
202505040511,2025-10-13,東京,11,オクトーバーS,芝,2000,左,曇,良,"4回 東京 5日目 サラ系３歳以上 オープン       (国際)(特指) ハンデ 18頭 本賞金:2800,1100,700,420,280万円",18,2800.0,4,7,15,ワイドエンペラー,牡,7,55.0,西村淳,118.0,クビ,10,27.8,33.7,11-13-11,栗東 藤岡,496,-2,
202505040511,2025-10-13,東京,11,オクトーバーS,芝,2000,左,曇,良,"4回 東京 5日目 サラ系３歳以上 オープン       (国際)(特指) ハンデ 18頭 本賞金:2800,1100,700,420,280万円",18,2800.0,5,6,12,マイネルモーント,牡,5,56.0,丹内,118.1,1/2,7,12.3,34.4,2-5-5,美浦 高木,464,-2,
202505040511,2025-10-13,東京,11,オクトーバーS,芝,2000,左,曇,良,"4回 東京 5日目 サラ系３歳以上 オープン       (国際)(特指) ハンデ 18頭 本賞金:2800,1100,700,420,280万円",18,2800.0,6,8,17,スパイダーゴールド,牡,6,55.0,石橋脩,118.3,1.1/4,18,122.0,34.9,2-2-2,美浦 鹿戸,506,-4,
202505040511,2025-10-13,東京,11,オクトーバーS,芝,2000,左,曇,良,"4回 東京 5日目 サラ系３歳以上 オープン       (国際)(特指) ハンデ 18頭 本賞金:2800,1100,700,420,280万円",18,2800.0,7,5,10,ウインエーデル,牝,5,52.0,原,118.4,1,9,17.9,34.1,9-11-11,栗東 吉田,458,6,
202505040511,2025-10-13,東京,11,オクトーバーS,芝,2000,左,曇,良,"4回 東京 5日目 サラ系３歳以上 オープン       (国際)(特指) ハンデ 18頭 本賞金:2800,1100,700,420,280万円",18,2800.0,8,2,3,ギャラクシーナイト,牡,6,54.0,菊沢,118.4,ハナ,16,107.4,34.6,5-6-5,美浦 菊沢,508,-6,
202505040511,2025-10-13,東京,11,オクトーバーS,芝,2000,左,曇,良,"4回 東京 5日目 サラ系３歳以上 オープン       (国際)(特指) ハンデ 18頭 本賞金:2800,1100,700,420,280万円",18,2800.0,9,7,13,ブラックシールド,牡,6,53.0,内田博,118.5,クビ,11,29.2,35.2,1-1-1,栗東 小栗,472,-2,
202505040511,2025-10-13,東京,11,オクトーバーS,芝,2000,左,曇,良,"4回 東京 5日目 サラ系３歳以上 オープン       (国際)(特指) ハンデ 18頭 本賞金:2800,1100,700,420,280万円",18,2800.0,10,6,11,メリオーレム,牡,4,56.0,石川,118.5,クビ,6,9.1,34.9,5-3-3,栗東 友道,498,10,
202505040511,2025-10-13,東京,11,オクトーバーS,芝,2000,左,曇,良,"4回 東京 5日目 サラ系３歳以上 オープン       (国際)(特指) ハンデ 18頭 本賞金:2800,1100,700,420,280万円",18,2800.0,11,1,2,オクタヴィアヌス,牡,5,56.0,横山武,118.6,クビ,2,7.0,34.6,8-8-7,美浦 木村,518,-4,
202505040511,2025-10-13,東京,11,オクトーバーS,芝,2000,左,曇,良,"4回 東京 5日目 サラ系３歳以上 オープン       (国際)(特指) ハンデ 18頭 本賞金:2800,1100,700,420,280万円",18,2800.0,12,3,6,セレシオン,牡,6,57.0,荻野極,118.6,アタマ,3,8.2,34.4,11-11-11,栗東 友道,472,10,
202505040511,2025-10-13,東京,11,オクトーバーS,芝,2000,左,曇,良,"4回 東京 5日目 サラ系３歳以上 オープン       (国際)(特指) ハンデ 18頭 本賞金:2800,1100,700,420,280万円",18,2800.0,13,7,14,エープラス,牝,7,52.0,横山琉,118.6,ハナ,14,51.1,33.8,13-15-17,美浦 池上,492,0,
202505040511,2025-10-13,東京,11,オクトーバーS,芝,2000,左,曇,良,"4回 東京 5日目 サラ系３歳以上 オープン       (国際)(特指) ハンデ 18頭 本賞金:2800,1100,700,420,280万円",18,2800.0,14,3,5,グランドカリナン,牡,5,55.0,丸山,118.6,クビ,12,37.6,35.0,2-3-3,美浦 田島,462,4,
202505040511,2025-10-13,東京,11,オクトーバーS,芝,2000,左,曇,良,"4回 東京 5日目 サラ系３歳以上 オープン       (国際)(特指) ハンデ 18頭 本賞金:2800,1100,700,420,280万円",18,2800.0,15,2,4,シルブロン,牡,7,57.0,大野,118.7,3/4,15,61.7,34.1,15-16-14,美浦 稲垣,496,-6,
202505040511,2025-10-13,東京,11,オクトーバーS,芝,2000,左,曇,良,"4回 東京 5日目 サラ系３歳以上 オープン       (国際)(特指) ハンデ 18頭 本賞金:2800,1100,700,420,280万円",18,2800.0,16,5,9,サクセスシュート,牡,6,55.0,吉田豊,118.8,3/4,17,109.4,34.7,15-10-9,美浦 久保田,490,0,
202505040511,2025-10-13,東京,11,オクトーバーS,芝,2000,左,曇,良,"4回 東京 5日目 サラ系３歳以上 オープン       (国際)(特指) ハンデ 18頭 本賞金:2800,1100,700,420,280万円",18,2800.0,17,4,7,ラスカンブレス,牡,4,56.0,ルメー,119.1,1.1/2,1,3.8,34.3,15-16-17,美浦 林,488,-2,
202505040511,2025-10-13,東京,11,オクトーバーS,芝,2000,左,曇,良,"4回 東京 5日目 サラ系３歳以上 オープン       (国際)(特指) ハンデ 18頭 本賞金:2800,1100,700,420,280万円",18,2800.0,18,8,18,ウエストナウ,牡,4,55.0,三浦,119.3,1.1/4,8,14.1,35.3,5-6-7,栗東 佐々木,498,4,
202505040511,2025-10-13,東京,11,オクトーバーS,芝,2000,左,曇,良,"4回 東京 5日目 サラ系３歳以上 オープン       (国際)(特指) ハンデ 18頭 本賞金:2800,1100,700,420,280万円",18,2800.0,,1,8,ニシノレヴナント,,,84.0,81,,14.2,2,12.0,5.0,11.4,5,,,
202505040511,2025-10-13,東京,11,オクトーバーS,芝,2000,左,曇,良,"4回 東京 5日目 サラ系３歳以上 オープン       (国際)(特指) ハンデ 18頭 本賞金:2800,1100,700,420,280万円",18,2800.0,,1,8,ニシノレヴナント,,,,-,,-,,,,-,-,,,
202505040512,2025-10-13,東京,12,3歳以上1勝クラス,ダ,1300,左,晴,良,"4回 東京 5日目 サラ系３歳以上 １勝クラス       [指] 定量 16頭 本賞金:800,320,200,120,80万円",16,800.0,1,8,15,ラストシャリナ,牡,3,57.0,石川,79.2,,3,6.1,37.0,1-1,美浦 矢嶋,496,8,
202505040512,2025-10-13,東京,12,3歳以上1勝クラス,ダ,1300,左,晴,良,"4回 東京 5日目 サラ系３歳以上 １勝クラス       [指] 定量 16頭 本賞金:800,320,200,120,80万円",16,800.0,2,7,14,スリーピース,セ,3,57.0,三浦,79.3,1/2,2,4.1,36.0,6-6,美浦 武井,460,6,
202505040512,2025-10-13,東京,12,3歳以上1勝クラス,ダ,1300,左,晴,良,"4回 東京 5日目 サラ系３歳以上 １勝クラス       [指] 定量 16頭 本賞金:800,320,200,120,80万円",16,800.0,3,5,9,アフトクラーティラ,牝,5,56.0,石橋脩,79.3,クビ,5,10.2,36.3,4-4,美浦 上原佑,470,-14,
202505040512,2025-10-13,東京,12,3歳以上1勝クラス,ダ,1300,左,晴,良,"4回 東京 5日目 サラ系３歳以上 １勝クラス       [指] 定量 16頭 本賞金:800,320,200,120,80万円",16,800.0,4,3,6,キミハスコール,牡,4,58.0,鮫島駿,79.5,1,4,8.6,35.8,12-11,美浦 加藤征,458,-4,
202505040512,2025-10-13,東京,12,3歳以上1勝クラス,ダ,1300,左,晴,良,"4回 東京 5日目 サラ系３歳以上 １勝クラス       [指] 定量 16頭 本賞金:800,320,200,120,80万円",16,800.0,5,4,7,スーパーバイザー,牡,4,55.0,▲石田,79.5,クビ,7,14.6,35.4,14-14,美浦 菊沢,468,-2,
202505040512,2025-10-13,東京,12,3歳以上1勝クラス,ダ,1300,左,晴,良,"4回 東京 5日目 サラ系３歳以上 １勝クラス       [指] 定量 16頭 本賞金:800,320,200,120,80万円",16,800.0,6,1,2,ルイステソーロ,牡,3,57.0,丹内,79.5,ハナ,1,3.2,36.3,5-5,美浦 畠山,480,-2,
202505040512,2025-10-13,東京,12,3歳以上1勝クラス,ダ,1300,左,晴,良,"4回 東京 5日目 サラ系３歳以上 １勝クラス       [指] 定量 16頭 本賞金:800,320,200,120,80万円",16,800.0,7,2,3,オーサムデアラー,セ,5,58.0,大野,80.1,3.1/2,8,19.7,36.0,14-14,美浦 上原博,482,2,
202505040512,2025-10-13,東京,12,3歳以上1勝クラス,ダ,1300,左,晴,良,"4回 東京 5日目 サラ系３歳以上 １勝クラス       [指] 定量 16頭 本賞金:800,320,200,120,80万円",16,800.0,8,7,13,エコロヴァルム,牡,4,58.0,横山琉,80.3,1.1/2,12,53.0,36.7,7-9,美浦 小西,436,4,
202505040512,2025-10-13,東京,12,3歳以上1勝クラス,ダ,1300,左,晴,良,"4回 東京 5日目 サラ系３歳以上 １勝クラス       [指] 定量 16頭 本賞金:800,320,200,120,80万円",16,800.0,9,2,4,バルサミコ,牝,4,53.0,▲佐藤,80.7,2,9,21.3,38.3,2-2,美浦 小手川,432,0,
202505040512,2025-10-13,東京,12,3歳以上1勝クラス,ダ,1300,左,晴,良,"4回 東京 5日目 サラ系３歳以上 １勝クラス       [指] 定量 16頭 本賞金:800,320,200,120,80万円",16,800.0,10,6,12,ウインアリス,牝,4,56.0,黛,80.9,1,13,76.7,38.2,3-3,美浦 柄崎,474,4,
202505040512,2025-10-13,東京,12,3歳以上1勝クラス,ダ,1300,左,晴,良,"4回 東京 5日目 サラ系３歳以上 １勝クラス       [指] 定量 16頭 本賞金:800,320,200,120,80万円",16,800.0,11,5,10,ヒルビリーエレジー,牝,3,55.0,吉田豊,81.0,3/4,6,14.5,37.6,7-6,美浦 戸田,440,2,
202505040512,2025-10-13,東京,12,3歳以上1勝クラス,ダ,1300,左,晴,良,"4回 東京 5日目 サラ系３歳以上 １勝クラス       [指] 定量 16頭 本賞金:800,320,200,120,80万円",16,800.0,12,8,16,ダイユウファリーナ,牡,4,58.0,松岡,81.0,ハナ,15,207.8,37.1,13-13,美浦 松永康,486,-10,
202505040512,2025-10-13,東京,12,3歳以上1勝クラス,ダ,1300,左,晴,良,"4回 東京 5日目 サラ系３歳以上 １勝クラス       [指] 定量 16頭 本賞金:800,320,200,120,80万円",16,800.0,13,3,5,カサブランカキッド,牡,5,58.0,野中,81.0,クビ,10,42.2,36.8,16-14,美浦 和田勇,530,12,
202505040512,2025-10-13,東京,12,3歳以上1勝クラス,ダ,1300,左,晴,良,"4回 東京 5日目 サラ系３歳以上 １勝クラス       [指] 定量 16頭 本賞金:800,320,200,120,80万円",16,800.0,14,1,1,ハッピーサプライズ,牡,4,58.0,菊沢,82.0,6,11,48.5,38.7,7-6,美浦 佐藤吉,470,12,
202505040512,2025-10-13,東京,12,3歳以上1勝クラス,ダ,1300,左,晴,良,"4回 東京 5日目 サラ系３歳以上 １勝クラス       [指] 定量 16頭 本賞金:800,320,200,120,80万円",16,800.0,15,6,11,ジャーニーメモリー,牡,5,55.0,▲ 石神深,82.7,4,16,219.6,39.1,10-9,美浦 粕谷,470,-6,
202505040512,2025-10-13,東京,12,3歳以上1勝クラス,ダ,1300,左,晴,良,"4回 東京 5日目 サラ系３歳以上 １勝クラス       [指] 定量 16頭 本賞金:800,320,200,120,80万円",16,800.0,16,4,8,ヴェレノージ,牝,5,56.0,柴田大,82.9,1,14,152.1,39.2,10-11,美浦 田中剛,538,-17,
202505040512,2025-10-13,東京,12,3歳以上1勝クラス,ダ,1300,左,晴,良,"4回 東京 5日目 サラ系３歳以上 １勝クラス       [指] 定量 16頭 本賞金:800,320,200,120,80万円",16,800.0,,1,15,ラストシャリナ,,,99.0,97,,7.2,16,11.2,6.0,11.3,1,,,
202505040512,2025-10-13,東京,12,3歳以上1勝クラス,ダ,1300,左,晴,良,"4回 東京 5日目 サラ系３歳以上 １勝クラス       [指] 定量 16頭 本賞金:800,320,200,120,80万円",16,800.0,,1,15,ラストシャリナ,,,,-,,-,,,,-,-,,,
202508030501,2025-10-13,京都,1,2歳未勝利,ダ,1400,右,晴,良,"3回 京都 5日目 サラ系２歳 未勝利       (混)[指] 馬齢 8頭 本賞金:560,220,140,84,56万円",8,560.0,1,8,8,ライトオブヌカタ,牡,2,56.0,岩田康,85.4,,4,8.7,38.0,3-3,栗東 上村,496,-2,
202508030501,2025-10-13,京都,1,2歳未勝利,ダ,1400,右,晴,良,"3回 京都 5日目 サラ系２歳 未勝利       (混)[指] 馬齢 8頭 本賞金:560,220,140,84,56万円",8,560.0,2,1,1,カッタッパ,牡,2,56.0,団野,85.7,1.1/2,1,1.7,38.5,2-2,栗東 森秀,484,4,
202508030501,2025-10-13,京都,1,2歳未勝利,ダ,1400,右,晴,良,"3回 京都 5日目 サラ系２歳 未勝利       (混)[指] 馬齢 8頭 本賞金:560,220,140,84,56万円",8,560.0,3,5,5,ネメス,牡,2,56.0,北村友,86.8,7,3,4.8,39.8,1-1,栗東 坂口,478,0,
202508030501,2025-10-13,京都,1,2歳未勝利,ダ,1400,右,晴,良,"3回 京都 5日目 サラ系２歳 未勝利       (混)[指] 馬齢 8頭 本賞金:560,220,140,84,56万円",8,560.0,4,6,6,サマーブリザード,牡,2,55.0,☆西塚,86.8,アタマ,6,42.9,38.5,5-5,栗東 吉田,452,-8,
202508030501,2025-10-13,京都,1,2歳未勝利,ダ,1400,右,晴,良,"3回 京都 5日目 サラ系２歳 未勝利       (混)[指] 馬齢 8頭 本賞金:560,220,140,84,56万円",8,560.0,5,7,7,アーデントアイ,牡,2,56.0,高杉,86.8,ハナ,5,10.7,39.0,4-4,栗東 高柳大,444,-2,
202508030501,2025-10-13,京都,1,2歳未勝利,ダ,1400,右,晴,良,"3回 京都 5日目 サラ系２歳 未勝利       (混)[指] 馬齢 8頭 本賞金:560,220,140,84,56万円",8,560.0,6,4,4,キープシャイニング,牡,2,56.0,田口,87.2,2.1/2,2,4.5,38.5,6-6,栗東 長谷川,494,2,
202508030501,2025-10-13,京都,1,2歳未勝利,ダ,1400,右,晴,良,"3回 京都 5日目 サラ系２歳 未勝利       (混)[指] 馬齢 8頭 本賞金:560,220,140,84,56万円",8,560.0,7,2,2,ケンフィールド,牡,2,56.0,古川吉,87.5,2,7,142.5,38.9,6-6,栗東 大根田,470,-8,
202508030501,2025-10-13,京都,1,2歳未勝利,ダ,1400,右,晴,良,"3回 京都 5日目 サラ系２歳 未勝利       (混)[指] 馬齢 8頭 本賞金:560,220,140,84,56万円",8,560.0,8,3,3,ナンテヒダ,牡,2,53.0,▲柴田裕,87.7,1,8,151.9,38.6,8-8,栗東 中尾,448,2,
202508030501,2025-10-13,京都,1,2歳未勝利,ダ,1400,右,晴,良,"3回 京都 5日目 サラ系２歳 未勝利       (混)[指] 馬齢 8頭 本賞金:560,220,140,84,56万円",8,560.0,,1,8,ライトオブヌカタ,,,100.0,98,,12.4,7,11.0,4.0,11.8,4,,,
202508030501,2025-10-13,京都,1,2歳未勝利,ダ,1400,右,晴,良,"3回 京都 5日目 サラ系２歳 未勝利       (混)[指] 馬齢 8頭 本賞金:560,220,140,84,56万円",8,560.0,,1,8,ライトオブヌカタ,,,,-,,-,,,,-,-,,,
202508030502,2025-10-13,京都,2,2歳未勝利,芝,1600,右,晴,良,"3回 京都 5日目 サラ系２歳 未勝利       牝[指] 馬齢 10頭 本賞金:560,220,140,84,56万円",10,560.0,1,8,9,メイプルハッピー,牝,2,55.0,亀田,94.6,,3,4.2,34.8,1-1,栗東 北出,498,2,
202508030502,2025-10-13,京都,2,2歳未勝利,芝,1600,右,晴,良,"3回 京都 5日目 サラ系２歳 未勝利       牝[指] 馬齢 10頭 本賞金:560,220,140,84,56万円",10,560.0,2,7,7,サンダーバード,牝,2,55.0,戸崎圭,94.7,クビ,1,2.6,34.8,2-2,栗東 武幸,436,-8,
202508030502,2025-10-13,京都,2,2歳未勝利,芝,1600,右,晴,良,"3回 京都 5日目 サラ系２歳 未勝利       牝[指] 馬齢 10頭 本賞金:560,220,140,84,56万円",10,560.0,3,5,5,アンディムジーク,牝,2,54.0,☆吉村,94.7,クビ,2,2.6,34.6,4-2,栗東 渡辺,436,-8,
202508030502,2025-10-13,京都,2,2歳未勝利,芝,1600,右,晴,良,"3回 京都 5日目 サラ系２歳 未勝利       牝[指] 馬齢 10頭 本賞金:560,220,140,84,56万円",10,560.0,4,6,6,リトゥリア,牝,2,55.0,北村友,94.9,1.1/4,5,17.3,34.6,7-7,栗東 河嶋,452,2,
202508030502,2025-10-13,京都,2,2歳未勝利,芝,1600,右,晴,良,"3回 京都 5日目 サラ系２歳 未勝利       牝[指] 馬齢 10頭 本賞金:560,220,140,84,56万円",10,560.0,5,2,2,フィラーエ,牝,2,53.0,◇永島,95.0,クビ,4,10.8,34.5,8-7,栗東 高橋康,444,-6,
202508030502,2025-10-13,京都,2,2歳未勝利,芝,1600,右,晴,良,"3回 京都 5日目 サラ系２歳 未勝利       牝[指] 馬齢 10頭 本賞金:560,220,140,84,56万円",10,560.0,6,8,10,ジェイパック,牝,2,55.0,松若,95.0,ハナ,8,45.6,34.9,4-5,栗東 宮本,448,2,
202508030502,2025-10-13,京都,2,2歳未勝利,芝,1600,右,晴,良,"3回 京都 5日目 サラ系２歳 未勝利       牝[指] 馬齢 10頭 本賞金:560,220,140,84,56万円",10,560.0,7,3,3,ナムラオリガミ,牝,2,55.0,小崎,95.0,クビ,10,132.3,34.9,4-5,栗東 高橋一,446,6,
202508030502,2025-10-13,京都,2,2歳未勝利,芝,1600,右,晴,良,"3回 京都 5日目 サラ系２歳 未勝利       牝[指] 馬齢 10頭 本賞金:560,220,140,84,56万円",10,560.0,8,4,4,オドワローズ,牝,2,55.0,小沢,95.7,4,9,123.9,35.1,10-10,栗東 渡辺,442,0,
202508030502,2025-10-13,京都,2,2歳未勝利,芝,1600,右,晴,良,"3回 京都 5日目 サラ系２歳 未勝利       牝[指] 馬齢 10頭 本賞金:560,220,140,84,56万円",10,560.0,9,7,8,アイク,牝,2,55.0,岩田望,95.7,クビ,6,19.9,35.7,3-2,栗東 佐藤悠,420,8,
202508030502,2025-10-13,京都,2,2歳未勝利,芝,1600,右,晴,良,"3回 京都 5日目 サラ系２歳 未勝利       牝[指] 馬齢 10頭 本賞金:560,220,140,84,56万円",10,560.0,10,1,1,サラサチャーミング,牝,2,52.0,▲柴田裕,95.9,1,7,40.9,35.5,8-9,栗東 高柳大,412,2,
202508030502,2025-10-13,京都,2,2歳未勝利,芝,1600,右,晴,良,"3回 京都 5日目 サラ系２歳 未勝利       牝[指] 馬齢 10頭 本賞金:560,220,140,84,56万円",10,560.0,,1,9,メイプルハッピー,,,101.0,94,,12.7,3,11.1,2.0,11.5,2,,,
202508030502,2025-10-13,京都,2,2歳未勝利,芝,1600,右,晴,良,"3回 京都 5日目 サラ系２歳 未勝利       牝[指] 馬齢 10頭 本賞金:560,220,140,84,56万円",10,560.0,,1,9,メイプルハッピー,,,,-,,-,,,,-,-,,,
202508030503,2025-10-13,京都,3,2歳未勝利,芝,1400,右,晴,良,"3回 京都 5日目 サラ系２歳 未勝利       (混)[指] 馬齢 16頭 本賞金:560,220,140,84,56万円",16,560.0,1,7,13,ネネキリマル,牡,2,56.0,高杉,80.9,,10,45.5,35.2,7-4,栗東 河嶋,472,-4,
202508030503,2025-10-13,京都,3,2歳未勝利,芝,1400,右,晴,良,"3回 京都 5日目 サラ系２歳 未勝利       (混)[指] 馬齢 16頭 本賞金:560,220,140,84,56万円",16,560.0,2,8,16,シャンデリュイーズ,牝,2,55.0,戸崎圭,81.2,2,3,4.7,35.4,8-9,栗東 小栗,410,0,
202508030503,2025-10-13,京都,3,2歳未勝利,芝,1400,右,晴,良,"3回 京都 5日目 サラ系２歳 未勝利       (混)[指] 馬齢 16頭 本賞金:560,220,140,84,56万円",16,560.0,3,1,2,パトローナス,牡,2,56.0,亀田,81.2,ハナ,4,5.4,35.2,10-9,栗東 高橋亮,486,6,
202508030503,2025-10-13,京都,3,2歳未勝利,芝,1400,右,晴,良,"3回 京都 5日目 サラ系２歳 未勝利       (混)[指] 馬齢 16頭 本賞金:560,220,140,84,56万円",16,560.0,4,2,4,ミトノリン,牝,2,55.0,菅原明,81.4,1.1/4,9,36.8,35.6,8-8,栗東 前川,474,0,
202508030503,2025-10-13,京都,3,2歳未勝利,芝,1400,右,晴,良,"3回 京都 5日目 サラ系２歳 未勝利       (混)[指] 馬齢 16頭 本賞金:560,220,140,84,56万円",16,560.0,5,5,9,ウォーターブビンガ,牡,2,55.0,☆吉村,81.5,クビ,12,72.8,35.3,12-12,栗東 藤野,438,-2,
202508030503,2025-10-13,京都,3,2歳未勝利,芝,1400,右,晴,良,"3回 京都 5日目 サラ系２歳 未勝利       (混)[指] 馬齢 16頭 本賞金:560,220,140,84,56万円",16,560.0,6,4,7,タワワ,牝,2,55.0,小崎,81.5,クビ,8,32.3,36.3,3-2,栗東 秋山,418,-8,
202508030503,2025-10-13,京都,3,2歳未勝利,芝,1400,右,晴,良,"3回 京都 5日目 サラ系２歳 未勝利       (混)[指] 馬齢 16頭 本賞金:560,220,140,84,56万円",16,560.0,7,7,14,タナブイハチターボ,牡,2,53.0,▲和田陽,81.6,1/2,6,16.7,36.7,1-1,栗東 大根田,480,-4,
202508030503,2025-10-13,京都,3,2歳未勝利,芝,1400,右,晴,良,"3回 京都 5日目 サラ系２歳 未勝利       (混)[指] 馬齢 16頭 本賞金:560,220,140,84,56万円",16,560.0,8,2,3,ルナーマンス,牝,2,55.0,団野,81.8,1.1/4,2,4.2,36.2,6-4,栗東 斉藤崇,428,-10,
202508030503,2025-10-13,京都,3,2歳未勝利,芝,1400,右,晴,良,"3回 京都 5日目 サラ系２歳 未勝利       (混)[指] 馬齢 16頭 本賞金:560,220,140,84,56万円",16,560.0,9,6,11,アウェイクネス,牝,2,52.0,▲古川奈,82.0,1.1/4,7,16.7,36.0,10-9,栗東 矢作,428,6,
202508030503,2025-10-13,京都,3,2歳未勝利,芝,1400,右,晴,良,"3回 京都 5日目 サラ系２歳 未勝利       (混)[指] 馬齢 16頭 本賞金:560,220,140,84,56万円",16,560.0,10,1,1,パークヒルシューズ,牝,2,55.0,松若,82.3,2,11,72.1,35.8,14-13,栗東 高橋一,452,10,
202508030503,2025-10-13,京都,3,2歳未勝利,芝,1400,右,晴,良,"3回 京都 5日目 サラ系２歳 未勝利       (混)[指] 馬齢 16頭 本賞金:560,220,140,84,56万円",16,560.0,11,6,12,クライナリーゼ,牡,2,56.0,酒井,82.3,アタマ,16,178.6,35.4,15-15,栗東 高橋康,374,-6,
202508030503,2025-10-13,京都,3,2歳未勝利,芝,1400,右,晴,良,"3回 京都 5日目 サラ系２歳 未勝利       (混)[指] 馬齢 16頭 本賞金:560,220,140,84,56万円",16,560.0,12,5,10,イクヒロ,牡,2,56.0,和田竜,82.5,1,13,78.0,37.1,4-4,栗東 小椋,466,10,
202508030503,2025-10-13,京都,3,2歳未勝利,芝,1400,右,晴,良,"3回 京都 5日目 サラ系２歳 未勝利       (混)[指] 馬齢 16頭 本賞金:560,220,140,84,56万円",16,560.0,13,4,8,グランディマージュ,牡,2,56.0,藤懸,82.8,1.3/4,15,169.9,36.4,13-13,栗東 鈴木孝,544,2,
202508030503,2025-10-13,京都,3,2歳未勝利,芝,1400,右,晴,良,"3回 京都 5日目 サラ系２歳 未勝利       (混)[指] 馬齢 16頭 本賞金:560,220,140,84,56万円",16,560.0,14,3,6,トモジャプレジール,牡,2,56.0,国分優,83.2,2.1/2,5,9.2,38.1,2-2,栗東 大根田,440,22,
202508030503,2025-10-13,京都,3,2歳未勝利,芝,1400,右,晴,良,"3回 京都 5日目 サラ系２歳 未勝利       (混)[指] 馬齢 16頭 本賞金:560,220,140,84,56万円",16,560.0,15,3,5,マサハヤルージュ,牝,2,55.0,岩田望,83.6,2.1/2,1,4.0,38.1,4-4,栗東 千田,422,6,
202508030503,2025-10-13,京都,3,2歳未勝利,芝,1400,右,晴,良,"3回 京都 5日目 サラ系２歳 未勝利       (混)[指] 馬齢 16頭 本賞金:560,220,140,84,56万円",16,560.0,16,8,15,ソンブレロ,牡,2,56.0,北村友,86.6,大,14,143.5,38.5,16-16,栗東 飯田,510,8,
202508030503,2025-10-13,京都,3,2歳未勝利,芝,1400,右,晴,良,"3回 京都 5日目 サラ系２歳 未勝利       (混)[指] 馬齢 16頭 本賞金:560,220,140,84,56万円",16,560.0,,1,13,ネネキリマル,,,105.0,103,,12.2,10,10.7,4.0,11.3,3,,,
202508030503,2025-10-13,京都,3,2歳未勝利,芝,1400,右,晴,良,"3回 京都 5日目 サラ系２歳 未勝利       (混)[指] 馬齢 16頭 本賞金:560,220,140,84,56万円",16,560.0,,1,13,ネネキリマル,,,,-,,-,,,,-,-,,,
202508030504,2025-10-13,京都,4,3歳以上1勝クラス,ダ,1800,右,晴,良,"3回 京都 5日目 サラ系３歳以上 １勝クラス       牝[指] 定量 13頭 本賞金:800,320,200,120,80万円",13,800.0,1,6,8,プリンセッサ,牝,3,54.0,松若,112.2,,3,4.9,37.3,2-2-2-2,栗東 牧田,510,-4,
202508030504,2025-10-13,京都,4,3歳以上1勝クラス,ダ,1800,右,晴,良,"3回 京都 5日目 サラ系３歳以上 １勝クラス       牝[指] 定量 13頭 本賞金:800,320,200,120,80万円",13,800.0,2,2,2,ヴァンアグレアブル,牝,3,54.0,戸崎圭,112.4,1.1/4,2,3.8,37.7,1-1-1-1,栗東 橋口,520,6,
202508030504,2025-10-13,京都,4,3歳以上1勝クラス,ダ,1800,右,晴,良,"3回 京都 5日目 サラ系３歳以上 １勝クラス       牝[指] 定量 13頭 本賞金:800,320,200,120,80万円",13,800.0,3,1,1,アリストクラシア,牝,4,56.0,高杉,113.8,9,7,14.1,38.0,6-7-8-8,栗東 吉岡,470,4,
202508030504,2025-10-13,京都,4,3歳以上1勝クラス,ダ,1800,右,晴,良,"3回 京都 5日目 サラ系３歳以上 １勝クラス       牝[指] 定量 13頭 本賞金:800,320,200,120,80万円",13,800.0,4,5,7,レイフロレット,牝,4,54.0,△鷲頭,114.0,3/4,9,31.8,38.9,6-3-5-3,栗東 井上,426,20,
202508030504,2025-10-13,京都,4,3歳以上1勝クラス,ダ,1800,右,晴,良,"3回 京都 5日目 サラ系３歳以上 １勝クラス       牝[指] 定量 13頭 本賞金:800,320,200,120,80万円",13,800.0,5,7,11,カルミアクラウン,牝,3,54.0,松山,114.0,クビ,5,12.6,38.9,2-3-3-3,栗東 吉岡,446,12,
202508030504,2025-10-13,京都,4,3歳以上1勝クラス,ダ,1800,右,晴,良,"3回 京都 5日目 サラ系３歳以上 １勝クラス       牝[指] 定量 13頭 本賞金:800,320,200,120,80万円",13,800.0,6,8,12,ハギノコラソン,牝,3,54.0,坂井,114.1,クビ,1,3.1,38.9,4-5-5-6,栗東 寺島,478,8,
202508030504,2025-10-13,京都,4,3歳以上1勝クラス,ダ,1800,右,晴,良,"3回 京都 5日目 サラ系３歳以上 １勝クラス       牝[指] 定量 13頭 本賞金:800,320,200,120,80万円",13,800.0,7,7,10,パシフィックハイ,牝,4,55.0,☆吉村,114.1,クビ,6,13.3,39.0,4-5-3-3,栗東 杉山佳,472,-2,
202508030504,2025-10-13,京都,4,3歳以上1勝クラス,ダ,1800,右,晴,良,"3回 京都 5日目 サラ系３歳以上 １勝クラス       牝[指] 定量 13頭 本賞金:800,320,200,120,80万円",13,800.0,8,4,4,メラヴィリオーザ,牝,5,53.0,▲柴田裕,114.2,クビ,8,31.1,37.9,10-10-10-10,栗東 秋山,472,4,
202508030504,2025-10-13,京都,4,3歳以上1勝クラス,ダ,1800,右,晴,良,"3回 京都 5日目 サラ系３歳以上 １勝クラス       牝[指] 定量 13頭 本賞金:800,320,200,120,80万円",13,800.0,9,8,13,スカイビート,牝,3,54.0,岩田望,114.5,1.3/4,4,8.3,38.9,8-8-7-6,栗東 野中,470,14,
202508030504,2025-10-13,京都,4,3歳以上1勝クラス,ダ,1800,右,晴,良,"3回 京都 5日目 サラ系３歳以上 １勝クラス       牝[指] 定量 13頭 本賞金:800,320,200,120,80万円",13,800.0,10,4,5,ヒラリーステップ,牝,5,56.0,和田竜,114.9,2.1/2,10,35.9,38.9,11-11-9-9,美浦 天間,498,2,
202508030504,2025-10-13,京都,4,3歳以上1勝クラス,ダ,1800,右,晴,良,"3回 京都 5日目 サラ系３歳以上 １勝クラス       牝[指] 定量 13頭 本賞金:800,320,200,120,80万円",13,800.0,11,5,6,シゲルオトヒメ,牝,6,54.0,◇永島,115.1,1,11,68.8,37.7,13-13-13-12,栗東 谷,440,4,
202508030504,2025-10-13,京都,4,3歳以上1勝クラス,ダ,1800,右,晴,良,"3回 京都 5日目 サラ系３歳以上 １勝クラス       牝[指] 定量 13頭 本賞金:800,320,200,120,80万円",13,800.0,12,3,3,メイショウマヒロ,牝,3,52.0,◇今村,115.1,クビ,12,77.3,38.4,9-9-11-11,栗東 飯田,404,-6,
202508030504,2025-10-13,京都,4,3歳以上1勝クラス,ダ,1800,右,晴,良,"3回 京都 5日目 サラ系３歳以上 １勝クラス       牝[指] 定量 13頭 本賞金:800,320,200,120,80万円",13,800.0,13,6,9,リノアラ,牝,6,56.0,小沢,116.0,5,13,253.2,38.9,12-12-12-12,栗東 今野,450,4,
202508030504,2025-10-13,京都,4,3歳以上1勝クラス,ダ,1800,右,晴,良,"3回 京都 5日目 サラ系３歳以上 １勝クラス       牝[指] 定量 13頭 本賞金:800,320,200,120,80万円",13,800.0,,1,8,プリンセッサ,,,98.0,96,,12.8,4,11.6,2.0,12.8,3,,,
202508030504,2025-10-13,京都,4,3歳以上1勝クラス,ダ,1800,右,晴,良,"3回 京都 5日目 サラ系３歳以上 １勝クラス       牝[指] 定量 13頭 本賞金:800,320,200,120,80万円",13,800.0,,1,8,プリンセッサ,,,,-,,-,,,,-,-,,,
202508030505,2025-10-13,京都,5,2歳新馬,芝,1800,右,晴,良,"3回 京都 5日目 サラ系２歳 新馬       [指] 馬齢 11頭 本賞金:750,300,190,110,75万円",11,750.0,1,8,10,ジャスティンビスタ,牡,2,56.0,北村友,107.7,,5,7.2,34.7,2-2,栗東 吉岡,512,0,
202508030505,2025-10-13,京都,5,2歳新馬,芝,1800,右,晴,良,"3回 京都 5日目 サラ系２歳 新馬       [指] 馬齢 11頭 本賞金:750,300,190,110,75万円",11,750.0,2,7,8,タイムレスフレアー,牡,2,56.0,岩田望,107.8,1,2,4.6,34.4,4-4,栗東 橋口,470,0,
202508030505,2025-10-13,京都,5,2歳新馬,芝,1800,右,晴,良,"3回 京都 5日目 サラ系２歳 新馬       [指] 馬齢 11頭 本賞金:750,300,190,110,75万円",11,750.0,3,6,6,ノンブルドール,牡,2,56.0,戸崎圭,108.1,2,4,7.1,34.4,6-6,栗東 西園翔,438,0,
202508030505,2025-10-13,京都,5,2歳新馬,芝,1800,右,晴,良,"3回 京都 5日目 サラ系２歳 新馬       [指] 馬齢 11頭 本賞金:750,300,190,110,75万円",11,750.0,4,6,7,セヴェロ,牡,2,56.0,菅原明,108.1,ハナ,1,4.3,34.2,9-8,栗東 池江,502,0,
202508030505,2025-10-13,京都,5,2歳新馬,芝,1800,右,晴,良,"3回 京都 5日目 サラ系２歳 新馬       [指] 馬齢 11頭 本賞金:750,300,190,110,75万円",11,750.0,5,7,9,シャリキモン,牡,2,56.0,松若,108.6,3,8,12.6,35.6,1-1,栗東 吉田,432,0,
202508030505,2025-10-13,京都,5,2歳新馬,芝,1800,右,晴,良,"3回 京都 5日目 サラ系２歳 新馬       [指] 馬齢 11頭 本賞金:750,300,190,110,75万円",11,750.0,6,2,2,ランスオブヒーロー,牡,2,56.0,高杉,108.8,1.1/4,7,10.5,34.9,8-8,栗東 奥村豊,478,0,
202508030505,2025-10-13,京都,5,2歳新馬,芝,1800,右,晴,良,"3回 京都 5日目 サラ系２歳 新馬       [指] 馬齢 11頭 本賞金:750,300,190,110,75万円",11,750.0,7,8,11,メイショウヒタカミ,牡,2,56.0,角田和,108.9,1/2,11,99.8,35.8,2-3,栗東 石橋,446,0,
202508030505,2025-10-13,京都,5,2歳新馬,芝,1800,右,晴,良,"3回 京都 5日目 サラ系２歳 新馬       [指] 馬齢 11頭 本賞金:750,300,190,110,75万円",11,750.0,8,1,1,リヴァデラルナ,牡,2,56.0,池添,110.2,8,6,7.6,36.9,4-4,栗東 西村,516,0,
202508030505,2025-10-13,京都,5,2歳新馬,芝,1800,右,晴,良,"3回 京都 5日目 サラ系２歳 新馬       [指] 馬齢 11頭 本賞金:750,300,190,110,75万円",11,750.0,9,5,5,イニシオ,牡,2,56.0,松山,110.3,3/4,3,6.8,36.6,6-6,栗東 福永,474,0,
202508030505,2025-10-13,京都,5,2歳新馬,芝,1800,右,晴,良,"3回 京都 5日目 サラ系２歳 新馬       [指] 馬齢 11頭 本賞金:750,300,190,110,75万円",11,750.0,10,4,4,クロワール,牡,2,56.0,佐々木,111.4,7,9,27.5,36.8,10-10,栗東 鈴木孝,466,0,
202508030505,2025-10-13,京都,5,2歳新馬,芝,1800,右,晴,良,"3回 京都 5日目 サラ系２歳 新馬       [指] 馬齢 11頭 本賞金:750,300,190,110,75万円",11,750.0,,3,3,レザベーション,牡,2,56.0,坂井,,,10,31.3,,,栗東 松下,460,0,中止
202508030505,2025-10-13,京都,5,2歳新馬,芝,1800,右,晴,良,"3回 京都 5日目 サラ系２歳 新馬       [指] 馬齢 11頭 本賞金:750,300,190,110,75万円",11,750.0,,1,10,ジャスティンビスタ,,,94.0,88,,13.0,5,11.3,5.0,11.5,4,,,
202508030505,2025-10-13,京都,5,2歳新馬,芝,1800,右,晴,良,"3回 京都 5日目 サラ系２歳 新馬       [指] 馬齢 11頭 本賞金:750,300,190,110,75万円",11,750.0,,1,10,ジャスティンビスタ,,,,-,,-,,,,-,-,,,
202508030506,2025-10-13,京都,6,2歳新馬,芝,1600,右,晴,良,"3回 京都 5日目 サラ系２歳 新馬       (混)[指] 馬齢 15頭 本賞金:750,300,190,110,75万円",15,750.0,1,7,12,バルセシート,牡,2,56.0,北村友,93.6,,3,4.7,34.8,8-7,栗東 松下,466,0,
202508030506,2025-10-13,京都,6,2歳新馬,芝,1600,右,晴,良,"3回 京都 5日目 サラ系２歳 新馬       (混)[指] 馬齢 15頭 本賞金:750,300,190,110,75万円",15,750.0,2,3,5,アロハ,牝,2,55.0,松山,94.2,3.1/2,2,3.9,35.6,5-4,栗東 杉山晴,450,0,
202508030506,2025-10-13,京都,6,2歳新馬,芝,1600,右,晴,良,"3回 京都 5日目 サラ系２歳 新馬       (混)[指] 馬齢 15頭 本賞金:750,300,190,110,75万円",15,750.0,3,4,6,パウワウビート,牡,2,56.0,岩田望,94.5,2,5,13.9,35.3,9-8,栗東 友道,478,0,
202508030506,2025-10-13,京都,6,2歳新馬,芝,1600,右,晴,良,"3回 京都 5日目 サラ系２歳 新馬       (混)[指] 馬齢 15頭 本賞金:750,300,190,110,75万円",15,750.0,4,5,9,ラブインアクション,牝,2,55.0,坂井,94.6,クビ,1,3.1,36.2,2-2,栗東 橋口,470,0,
202508030506,2025-10-13,京都,6,2歳新馬,芝,1600,右,晴,良,"3回 京都 5日目 サラ系２歳 新馬       (混)[指] 馬齢 15頭 本賞金:750,300,190,110,75万円",15,750.0,5,6,11,メイショウソウテン,牡,2,56.0,和田竜,94.8,1.1/2,8,39.8,36.1,5-4,栗東 鈴木孝,558,0,
202508030506,2025-10-13,京都,6,2歳新馬,芝,1600,右,晴,良,"3回 京都 5日目 サラ系２歳 新馬       (混)[指] 馬齢 15頭 本賞金:750,300,190,110,75万円",15,750.0,6,4,7,ラヴィニール,牝,2,55.0,戸崎圭,94.8,クビ,4,5.7,35.1,12-12,栗東 武英,448,0,
202508030506,2025-10-13,京都,6,2歳新馬,芝,1600,右,晴,良,"3回 京都 5日目 サラ系２歳 新馬       (混)[指] 馬齢 15頭 本賞金:750,300,190,110,75万円",15,750.0,7,1,1,ウインハルフォード,牡,2,56.0,団野,94.9,クビ,9,45.4,36.7,1-1,栗東 西園翔,454,0,
202508030506,2025-10-13,京都,6,2歳新馬,芝,1600,右,晴,良,"3回 京都 5日目 サラ系２歳 新馬       (混)[指] 馬齢 15頭 本賞金:750,300,190,110,75万円",15,750.0,8,2,3,メイショウゴウケツ,牡,2,56.0,太宰,95.8,5,10,71.1,36.4,10-9,栗東 石橋,492,0,
202508030506,2025-10-13,京都,6,2歳新馬,芝,1600,右,晴,良,"3回 京都 5日目 サラ系２歳 新馬       (混)[指] 馬齢 15頭 本賞金:750,300,190,110,75万円",15,750.0,9,8,14,モチモチチャン,牝,2,55.0,佐々木,96.1,1.3/4,6,15.0,36.7,10-11,栗東 西村,482,0,
202508030506,2025-10-13,京都,6,2歳新馬,芝,1600,右,晴,良,"3回 京都 5日目 サラ系２歳 新馬       (混)[指] 馬齢 15頭 本賞金:750,300,190,110,75万円",15,750.0,10,6,10,ラヴネヴァーダイズ,牡,2,55.0,☆吉村,97.2,7,7,17.5,38.7,2-3,栗東 渡辺,488,0,
202508030506,2025-10-13,京都,6,2歳新馬,芝,1600,右,晴,良,"3回 京都 5日目 サラ系２歳 新馬       (混)[指] 馬齢 15頭 本賞金:750,300,190,110,75万円",15,750.0,11,2,2,ゴッドシュアウイン,牡,2,56.0,角田和,97.3,クビ,13,134.9,38.6,5-4,栗東 飯田,496,0,
202508030506,2025-10-13,京都,6,2歳新馬,芝,1600,右,晴,良,"3回 京都 5日目 サラ系２歳 新馬       (混)[指] 馬齢 15頭 本賞金:750,300,190,110,75万円",15,750.0,12,7,13,メイショウトッド,牡,2,56.0,田口,97.8,3.1/2,11,72.5,39.0,2-9,栗東 安達,450,0,
202508030506,2025-10-13,京都,6,2歳新馬,芝,1600,右,晴,良,"3回 京都 5日目 サラ系２歳 新馬       (混)[指] 馬齢 15頭 本賞金:750,300,190,110,75万円",15,750.0,13,3,4,マイネルカイザー,牡,2,56.0,菱田,98.2,2.1/2,12,105.1,36.3,14-13,栗東 宮,448,0,
202508030506,2025-10-13,京都,6,2歳新馬,芝,1600,右,晴,良,"3回 京都 5日目 サラ系２歳 新馬       (混)[指] 馬齢 15頭 本賞金:750,300,190,110,75万円",15,750.0,14,5,8,ジョイフルサンデー,牡,2,56.0,古川吉,98.3,アタマ,14,146.6,36.4,13-15,栗東 宮,472,0,
202508030506,2025-10-13,京都,6,2歳新馬,芝,1600,右,晴,良,"3回 京都 5日目 サラ系２歳 新馬       (混)[指] 馬齢 15頭 本賞金:750,300,190,110,75万円",15,750.0,15,8,15,マサノハヤブサ,牡,2,53.0,▲和田陽,98.3,アタマ,15,187.2,36.5,14-13,栗東 藤野,420,0,
202508030506,2025-10-13,京都,6,2歳新馬,芝,1600,右,晴,良,"3回 京都 5日目 サラ系２歳 新馬       (混)[指] 馬齢 15頭 本賞金:750,300,190,110,75万円",15,750.0,,1,12,バルセシート,,,96.0,103,,13.6,8,10.6,7.0,10.9,5,,,
202508030506,2025-10-13,京都,6,2歳新馬,芝,1600,右,晴,良,"3回 京都 5日目 サラ系２歳 新馬       (混)[指] 馬齢 15頭 本賞金:750,300,190,110,75万円",15,750.0,,1,12,バルセシート,,,,-,,-,,,,-,-,,,
202508030507,2025-10-13,京都,7,3歳以上1勝クラス,ダ,1400,右,曇,良,"3回 京都 5日目 サラ系３歳以上 １勝クラス       牝[指] 定量 15頭 本賞金:800,320,200,120,80万円",15,800.0,1,6,11,スニーカースキル,牝,3,54.0,戸崎圭,84.0,,5,7.3,37.4,5-5,栗東 杉山晴,494,0,
202508030507,2025-10-13,京都,7,3歳以上1勝クラス,ダ,1400,右,曇,良,"3回 京都 5日目 サラ系３歳以上 １勝クラス       牝[指] 定量 15頭 本賞金:800,320,200,120,80万円",15,800.0,2,7,12,ルクスデイジー,牝,3,52.0,◇永島,84.3,2,4,6.7,38.1,2-2,栗東 高橋亮,480,28,
202508030507,2025-10-13,京都,7,3歳以上1勝クラス,ダ,1400,右,曇,良,"3回 京都 5日目 サラ系３歳以上 １勝クラス       牝[指] 定量 15頭 本賞金:800,320,200,120,80万円",15,800.0,3,8,14,ステアハート,牝,3,51.0,▲田山,84.4,3/4,2,4.3,38.0,3-3,栗東 新谷,474,-8,
202508030507,2025-10-13,京都,7,3歳以上1勝クラス,ダ,1400,右,曇,良,"3回 京都 5日目 サラ系３歳以上 １勝クラス       牝[指] 定量 15頭 本賞金:800,320,200,120,80万円",15,800.0,4,2,3,キョラムン,牝,3,54.0,高杉,84.7,1.1/2,1,4.0,37.7,8-8,栗東 石橋,462,4,
202508030507,2025-10-13,京都,7,3歳以上1勝クラス,ダ,1400,右,曇,良,"3回 京都 5日目 サラ系３歳以上 １勝クラス       牝[指] 定量 15頭 本賞金:800,320,200,120,80万円",15,800.0,5,4,7,バシリス,牝,3,52.0,◇今村,84.9,1.1/4,9,27.7,37.9,8-8,栗東 寺島,460,-2,
202508030507,2025-10-13,京都,7,3歳以上1勝クラス,ダ,1400,右,曇,良,"3回 京都 5日目 サラ系３歳以上 １勝クラス       牝[指] 定量 15頭 本賞金:800,320,200,120,80万円",15,800.0,6,1,1,アレーティア,牝,3,54.0,北村友,84.9,クビ,8,19.4,38.6,3-3,栗東 田中克,504,8,
202508030507,2025-10-13,京都,7,3歳以上1勝クラス,ダ,1400,右,曇,良,"3回 京都 5日目 サラ系３歳以上 １勝クラス       牝[指] 定量 15頭 本賞金:800,320,200,120,80万円",15,800.0,7,3,5,ラピダリア,牝,4,56.0,富田,85.0,クビ,14,225.3,37.8,10-10,栗東 吉田,472,-10,
202508030507,2025-10-13,京都,7,3歳以上1勝クラス,ダ,1400,右,曇,良,"3回 京都 5日目 サラ系３歳以上 １勝クラス       牝[指] 定量 15頭 本賞金:800,320,200,120,80万円",15,800.0,8,5,8,ゴーオンパーパス,牝,3,54.0,小沢,85.2,1,12,96.1,38.7,5-5,栗東 長谷川,444,11,
202508030507,2025-10-13,京都,7,3歳以上1勝クラス,ダ,1400,右,曇,良,"3回 京都 5日目 サラ系３歳以上 １勝クラス       牝[指] 定量 15頭 本賞金:800,320,200,120,80万円",15,800.0,9,3,4,プレゼンティーア,牝,4,56.0,坂井,85.2,ハナ,3,4.9,39.1,1-1,栗東 田中克,490,-4,
202508030507,2025-10-13,京都,7,3歳以上1勝クラス,ダ,1400,右,曇,良,"3回 京都 5日目 サラ系３歳以上 １勝クラス       牝[指] 定量 15頭 本賞金:800,320,200,120,80万円",15,800.0,10,5,9,ロンシャンクイーン,牝,5,56.0,佐々木,85.3,3/4,6,10.2,37.8,12-13,栗東 野中,446,-2,
202508030507,2025-10-13,京都,7,3歳以上1勝クラス,ダ,1400,右,曇,良,"3回 京都 5日目 サラ系３歳以上 １勝クラス       牝[指] 定量 15頭 本賞金:800,320,200,120,80万円",15,800.0,11,6,10,ルルフィーユ,牝,4,53.0,▲和田陽,85.6,2,13,148.1,37.3,15-15,栗東 谷,452,-8,
202508030507,2025-10-13,京都,7,3歳以上1勝クラス,ダ,1400,右,曇,良,"3回 京都 5日目 サラ系３歳以上 １勝クラス       牝[指] 定量 15頭 本賞金:800,320,200,120,80万円",15,800.0,12,4,6,ブロードグリン,牝,4,55.0,☆吉村,85.7,1/2,10,76.1,38.2,12-11,栗東 中村,454,10,
202508030507,2025-10-13,京都,7,3歳以上1勝クラス,ダ,1400,右,曇,良,"3回 京都 5日目 サラ系３歳以上 １勝クラス       牝[指] 定量 15頭 本賞金:800,320,200,120,80万円",15,800.0,13,7,13,デュアルロール,牝,3,54.0,岩田望,86.3,3.1/2,7,19.1,39.0,10-11,栗東 笹田,494,6,
202508030507,2025-10-13,京都,7,3歳以上1勝クラス,ダ,1400,右,曇,良,"3回 京都 5日目 サラ系３歳以上 １勝クラス       牝[指] 定量 15頭 本賞金:800,320,200,120,80万円",15,800.0,14,2,2,デアルーチェ,牝,3,52.0,△鷲頭,86.4,1/2,15,360.8,38.4,14-14,栗東 井上,480,-8,
202508030507,2025-10-13,京都,7,3歳以上1勝クラス,ダ,1400,右,曇,良,"3回 京都 5日目 サラ系３歳以上 １勝クラス       牝[指] 定量 15頭 本賞金:800,320,200,120,80万円",15,800.0,15,8,15,フルドド,牝,3,54.0,長岡,86.4,クビ,11,82.4,39.7,5-7,栗東 茶木,466,4,
202508030507,2025-10-13,京都,7,3歳以上1勝クラス,ダ,1400,右,曇,良,"3回 京都 5日目 サラ系３歳以上 １勝クラス       牝[指] 定量 15頭 本賞金:800,320,200,120,80万円",15,800.0,,1,11,スニーカースキル,,,105.0,106,,12.2,7,10.8,4.0,11.7,4,,,
202508030507,2025-10-13,京都,7,3歳以上1勝クラス,ダ,1400,右,曇,良,"3回 京都 5日目 サラ系３歳以上 １勝クラス       牝[指] 定量 15頭 本賞金:800,320,200,120,80万円",15,800.0,,1,11,スニーカースキル,,,,-,,-,,,,-,-,,,
202508030508,2025-10-13,京都,8,3歳以上1勝クラス,ダ,1900,右,曇,良,"3回 京都 5日目 サラ系３歳以上 １勝クラス       [指] 定量 13頭 本賞金:800,320,200,120,80万円",13,800.0,1,5,6,ハッピーダンチャン,牡,3,55.0,☆西塚,119.8,,1,4.2,38.6,1-1-1-1,栗東 小椋,468,4,
202508030508,2025-10-13,京都,8,3歳以上1勝クラス,ダ,1900,右,曇,良,"3回 京都 5日目 サラ系３歳以上 １勝クラス       [指] 定量 13頭 本賞金:800,320,200,120,80万円",13,800.0,2,7,11,ユキノクラウン,牡,3,55.0,☆吉村,120.4,3.1/2,2,5.5,38.6,6-5-5-5,栗東 長谷川,522,12,
202508030508,2025-10-13,京都,8,3歳以上1勝クラス,ダ,1900,右,曇,良,"3回 京都 5日目 サラ系３歳以上 １勝クラス       [指] 定量 13頭 本賞金:800,320,200,120,80万円",13,800.0,3,3,3,オーレアミスト,牡,3,56.0,岩田望,120.4,クビ,3,5.6,37.8,10-10-11-10,栗東 友道,494,0,
202508030508,2025-10-13,京都,8,3歳以上1勝クラス,ダ,1900,右,曇,良,"3回 京都 5日目 サラ系３歳以上 １勝クラス       [指] 定量 13頭 本賞金:800,320,200,120,80万円",13,800.0,4,5,7,ロードシュヴァリエ,牡,3,56.0,中井,120.7,1.1/2,7,10.6,38.4,6-5-8-6,栗東 森田,484,-8,
202508030508,2025-10-13,京都,8,3歳以上1勝クラス,ダ,1900,右,曇,良,"3回 京都 5日目 サラ系３歳以上 １勝クラス       [指] 定量 13頭 本賞金:800,320,200,120,80万円",13,800.0,5,7,10,バースライト,牡,3,56.0,戸崎圭,120.8,3/4,5,7.1,39.3,2-2-3-3,栗東 武幸,514,8,
202508030508,2025-10-13,京都,8,3歳以上1勝クラス,ダ,1900,右,曇,良,"3回 京都 5日目 サラ系３歳以上 １勝クラス       [指] 定量 13頭 本賞金:800,320,200,120,80万円",13,800.0,6,8,13,テンカオーライ,牡,5,58.0,田口,121.0,1.1/4,13,161.7,38.6,9-9-8-6,栗東 松下,504,2,
202508030508,2025-10-13,京都,8,3歳以上1勝クラス,ダ,1900,右,曇,良,"3回 京都 5日目 サラ系３歳以上 １勝クラス       [指] 定量 13頭 本賞金:800,320,200,120,80万円",13,800.0,7,6,8,テルアスワッド,牡,3,53.0,▲大久保,121.1,3/4,8,15.7,38.3,10-11-13-12,栗東 須貝,492,-12,
202508030508,2025-10-13,京都,8,3歳以上1勝クラス,ダ,1900,右,曇,良,"3回 京都 5日目 サラ系３歳以上 １勝クラス       [指] 定量 13頭 本賞金:800,320,200,120,80万円",13,800.0,8,6,9,モーメントキャッチ,牡,5,58.0,原田和,121.2,クビ,4,5.6,39.7,12-11-3-3,美浦 松山,528,2,
202508030508,2025-10-13,京都,8,3歳以上1勝クラス,ダ,1900,右,曇,良,"3回 京都 5日目 サラ系３歳以上 １勝クラス       [指] 定量 13頭 本賞金:800,320,200,120,80万円",13,800.0,9,4,5,コウジョリョウゾク,牡,3,56.0,荻野琢,121.2,クビ,11,55.2,39.9,13-13-2-2,栗東 牧田,462,-4,
202508030508,2025-10-13,京都,8,3歳以上1勝クラス,ダ,1900,右,曇,良,"3回 京都 5日目 サラ系３歳以上 １勝クラス       [指] 定量 13頭 本賞金:800,320,200,120,80万円",13,800.0,10,8,12,ココデイック,牡,3,56.0,高杉,122.4,7,6,9.6,40.3,4-5-7-10,栗東 藤岡,476,-16,
202508030508,2025-10-13,京都,8,3歳以上1勝クラス,ダ,1900,右,曇,良,"3回 京都 5日目 サラ系３歳以上 １勝クラス       [指] 定量 13頭 本賞金:800,320,200,120,80万円",13,800.0,11,1,1,トリプルバレル,牡,3,56.0,松若,122.8,2.1/2,10,51.5,40.6,4-3-8-8,栗東 藤野,470,-6,
202508030508,2025-10-13,京都,8,3歳以上1勝クラス,ダ,1900,右,曇,良,"3回 京都 5日目 サラ系３歳以上 １勝クラス       [指] 定量 13頭 本賞金:800,320,200,120,80万円",13,800.0,12,4,4,アロガントシェイム,牝,3,54.0,秋山稔,123.2,2.1/2,12,86.5,40.4,8-8-11-13,栗東 杉山佳,478,-14,
202508030508,2025-10-13,京都,8,3歳以上1勝クラス,ダ,1900,右,曇,良,"3回 京都 5日目 サラ系３歳以上 １勝クラス       [指] 定量 13頭 本賞金:800,320,200,120,80万円",13,800.0,13,2,2,エイシンアニーモ,牡,3,54.0,◇永島,124.3,7,9,40.9,42.4,3-3-5-8,栗東 高橋康,500,8,
202508030508,2025-10-13,京都,8,3歳以上1勝クラス,ダ,1900,右,曇,良,"3回 京都 5日目 サラ系３歳以上 １勝クラス       [指] 定量 13頭 本賞金:800,320,200,120,80万円",13,800.0,,1,6,ハッピーダンチャン,,,103.0,95,,7.3,6,10.9,4.0,12.0,1,,,
202508030508,2025-10-13,京都,8,3歳以上1勝クラス,ダ,1900,右,曇,良,"3回 京都 5日目 サラ系３歳以上 １勝クラス       [指] 定量 13頭 本賞金:800,320,200,120,80万円",13,800.0,,1,6,ハッピーダンチャン,,,,-,,-,,,,-,-,,,
202508030509,2025-10-13,京都,9,蹴上特別,ダ,1800,右,曇,良,"3回 京都 5日目 サラ系３歳以上 ２勝クラス       (混)(特指) 定量 12頭 本賞金:1550,620,390,230,155万円",12,1550.0,1,7,9,ハナウマビーチ,牡,3,56.0,松山,111.9,,3,6.4,37.8,7-7-6-6,栗東 西園翔,518,2,
202508030509,2025-10-13,京都,9,蹴上特別,ダ,1800,右,曇,良,"3回 京都 5日目 サラ系３歳以上 ２勝クラス       (混)(特指) 定量 12頭 本賞金:1550,620,390,230,155万円",12,1550.0,2,8,11,タガノマカシヤ,牡,3,56.0,岩田望,111.9,ハナ,1,1.9,38.4,1-1-1-1,栗東 中村,506,4,
202508030509,2025-10-13,京都,9,蹴上特別,ダ,1800,右,曇,良,"3回 京都 5日目 サラ系３歳以上 ２勝クラス       (混)(特指) 定量 12頭 本賞金:1550,620,390,230,155万円",12,1550.0,3,6,8,テーオーライマン,牡,3,56.0,高杉,112.1,1.1/2,2,3.3,37.7,9-9-8-8,栗東 宮,464,10,
202508030509,2025-10-13,京都,9,蹴上特別,ダ,1800,右,曇,良,"3回 京都 5日目 サラ系３歳以上 ２勝クラス       (混)(特指) 定量 12頭 本賞金:1550,620,390,230,155万円",12,1550.0,4,4,4,スーパージョック,牡,3,56.0,北村友,112.2,1/2,4,7.5,38.4,4-4-4-3,栗東 佐々木,500,8,
202508030509,2025-10-13,京都,9,蹴上特別,ダ,1800,右,曇,良,"3回 京都 5日目 サラ系３歳以上 ２勝クラス       (混)(特指) 定量 12頭 本賞金:1550,620,390,230,155万円",12,1550.0,5,5,6,ゴヴェルナーレリコ,牝,4,56.0,菅原明,112.3,3/4,6,37.2,38.5,5-5-4-3,美浦 辻,444,2,
202508030509,2025-10-13,京都,9,蹴上特別,ダ,1800,右,曇,良,"3回 京都 5日目 サラ系３歳以上 ２勝クラス       (混)(特指) 定量 12頭 本賞金:1550,620,390,230,155万円",12,1550.0,6,1,1,コスモオピニオン,牡,5,58.0,和田竜,112.7,2.1/2,8,63.8,38.6,7-7-6-6,美浦 黒岩,508,-2,
202508030509,2025-10-13,京都,9,蹴上特別,ダ,1800,右,曇,良,"3回 京都 5日目 サラ系３歳以上 ２勝クラス       (混)(特指) 定量 12頭 本賞金:1550,620,390,230,155万円",12,1550.0,7,3,3,オールマイデイズ,牡,5,58.0,佐々木,113.2,2.1/2,7,37.8,38.8,9-9-8-8,美浦 矢嶋,502,-6,
202508030509,2025-10-13,京都,9,蹴上特別,ダ,1800,右,曇,良,"3回 京都 5日目 サラ系３歳以上 ２勝クラス       (混)(特指) 定量 12頭 本賞金:1550,620,390,230,155万円",12,1550.0,8,2,2,セイウンガレオン,セ,6,58.0,古川吉,113.3,1,12,207.0,38.4,11-11-11-10,美浦 奥平,528,-2,
202508030509,2025-10-13,京都,9,蹴上特別,ダ,1800,右,曇,良,"3回 京都 5日目 サラ系３歳以上 ２勝クラス       (混)(特指) 定量 12頭 本賞金:1550,620,390,230,155万円",12,1550.0,9,6,7,タッチャブル,牡,5,58.0,吉村,113.6,1.1/2,10,108.1,38.2,11-12-12-12,栗東 中村,516,0,
202508030509,2025-10-13,京都,9,蹴上特別,ダ,1800,右,曇,良,"3回 京都 5日目 サラ系３歳以上 ２勝クラス       (混)(特指) 定量 12頭 本賞金:1550,620,390,230,155万円",12,1550.0,10,7,10,シホノペルフェット,牡,3,56.0,坂井,113.9,1.3/4,5,20.6,40.4,2-2-2-2,栗東 寺島,504,-6,
202508030509,2025-10-13,京都,9,蹴上特別,ダ,1800,右,曇,良,"3回 京都 5日目 サラ系３歳以上 ２勝クラス       (混)(特指) 定量 12頭 本賞金:1550,620,390,230,155万円",12,1550.0,11,5,5,キュピドン,牡,5,58.0,松若,113.9,アタマ,9,76.6,40.1,3-3-3-5,栗東 森秀,516,-1,
202508030509,2025-10-13,京都,9,蹴上特別,ダ,1800,右,曇,良,"3回 京都 5日目 サラ系３歳以上 ２勝クラス       (混)(特指) 定量 12頭 本賞金:1550,620,390,230,155万円",12,1550.0,12,8,12,メイショウトム,牡,4,58.0,田口,114.2,1.1/2,11,153.1,39.5,5-5-10-10,栗東 谷,478,-4,
202508030509,2025-10-13,京都,9,蹴上特別,ダ,1800,右,曇,良,"3回 京都 5日目 サラ系３歳以上 ２勝クラス       (混)(特指) 定量 12頭 本賞金:1550,620,390,230,155万円",12,1550.0,,1,9,ハナウマビーチ,,,95.0,103,,13.0,7,11.7,2.0,12.3,4,,,
202508030509,2025-10-13,京都,9,蹴上特別,ダ,1800,右,曇,良,"3回 京都 5日目 サラ系３歳以上 ２勝クラス       (混)(特指) 定量 12頭 本賞金:1550,620,390,230,155万円",12,1550.0,,1,9,ハナウマビーチ,,,,-,,-,,,,-,-,,,
202508030510,2025-10-13,京都,10,堀川特別,芝,1800,右,曇,良,"3回 京都 5日目 サラ系３歳以上 ２勝クラス       (混)[指] 定量 10頭 本賞金:1550,620,390,230,155万円",10,1550.0,1,2,2,ローランドバローズ,牡,3,56.0,岩田康,105.8,,1,1.6,33.2,4-4,栗東 上村,498,0,
202508030510,2025-10-13,京都,10,堀川特別,芝,1800,右,曇,良,"3回 京都 5日目 サラ系３歳以上 ２勝クラス       (混)[指] 定量 10頭 本賞金:1550,620,390,230,155万円",10,1550.0,2,5,5,レディーミコノス,牝,3,54.0,岩田望,105.9,アタマ,3,6.8,33.4,2-2,栗東 寺島,468,8,
202508030510,2025-10-13,京都,10,堀川特別,芝,1800,右,曇,良,"3回 京都 5日目 サラ系３歳以上 ２勝クラス       (混)[指] 定量 10頭 本賞金:1550,620,390,230,155万円",10,1550.0,3,6,6,ゼンダンハヤブサ,牡,3,56.0,坂井瑠,106.1,1.1/2,5,11.5,33.4,5-6,栗東 佐々木,452,4,
202508030510,2025-10-13,京都,10,堀川特別,芝,1800,右,曇,良,"3回 京都 5日目 サラ系３歳以上 ２勝クラス       (混)[指] 定量 10頭 本賞金:1550,620,390,230,155万円",10,1550.0,4,7,8,リカントロポ,牡,3,56.0,田口,106.1,ハナ,6,32.3,33.6,2-2,栗東 梅田,476,-2,
202508030510,2025-10-13,京都,10,堀川特別,芝,1800,右,曇,良,"3回 京都 5日目 サラ系３歳以上 ２勝クラス       (混)[指] 定量 10頭 本賞金:1550,620,390,230,155万円",10,1550.0,5,8,10,チェルノボーグ,セ,6,58.0,松山,106.1,アタマ,2,5.3,33.4,5-4,栗東 藤原,480,0,
202508030510,2025-10-13,京都,10,堀川特別,芝,1800,右,曇,良,"3回 京都 5日目 サラ系３歳以上 ２勝クラス       (混)[指] 定量 10頭 本賞金:1550,620,390,230,155万円",10,1550.0,6,7,7,ジャルディニエ,牝,3,54.0,吉村,106.5,2,7,38.0,33.5,9-8,栗東 奥村豊,454,12,
202508030510,2025-10-13,京都,10,堀川特別,芝,1800,右,曇,良,"3回 京都 5日目 サラ系３歳以上 ２勝クラス       (混)[指] 定量 10頭 本賞金:1550,620,390,230,155万円",10,1550.0,7,3,3,ジェットマグナム,牡,3,56.0,戸崎圭,106.6,1/2,4,7.5,33.6,9-8,栗東 安達,494,-8,
202508030510,2025-10-13,京都,10,堀川特別,芝,1800,右,曇,良,"3回 京都 5日目 サラ系３歳以上 ２勝クラス       (混)[指] 定量 10頭 本賞金:1550,620,390,230,155万円",10,1550.0,8,8,9,アラタマフェーヴル,牡,4,58.0,国分優,106.7,3/4,8,69.6,34.0,7-6,栗東 浜田,496,2,
202508030510,2025-10-13,京都,10,堀川特別,芝,1800,右,曇,良,"3回 京都 5日目 サラ系３歳以上 ２勝クラス       (混)[指] 定量 10頭 本賞金:1550,620,390,230,155万円",10,1550.0,9,4,4,ベント,セ,4,58.0,小崎,106.8,1/2,9,138.9,34.5,1-1,栗東 小崎,434,-2,
202508030510,2025-10-13,京都,10,堀川特別,芝,1800,右,曇,良,"3回 京都 5日目 サラ系３歳以上 ２勝クラス       (混)[指] 定量 10頭 本賞金:1550,620,390,230,155万円",10,1550.0,10,1,1,ジッピーレーサー,セ,8,58.0,菅原明,107.2,2.1/2,10,173.2,34.2,7-10,美浦 天間,484,-8,
202508030510,2025-10-13,京都,10,堀川特別,芝,1800,右,曇,良,"3回 京都 5日目 サラ系３歳以上 ２勝クラス       (混)[指] 定量 10頭 本賞金:1550,620,390,230,155万円",10,1550.0,,1,2,ローランドバローズ,,,96.0,90,,12.7,3,11.5,2.0,11.7,2,,,
202508030510,2025-10-13,京都,10,堀川特別,芝,1800,右,曇,良,"3回 京都 5日目 サラ系３歳以上 ２勝クラス       (混)[指] 定量 10頭 本賞金:1550,620,390,230,155万円",10,1550.0,,1,2,ローランドバローズ,,,,-,,-,,,,-,-,,,
202508030511,2025-10-13,京都,11,スワンS,芝,1400,右,晴,良,"3回 京都 5日目 サラ系３歳以上 オープン       (国際)(指) 別定 18頭 本賞金:5900,2400,1500,890,590万円",18,5900.0,1,4,7,オフトレイル,牡,4,57.0,菅原明,78.9,,5,7.5,33.2,11-11,栗東 吉村,462,-2,
202508030511,2025-10-13,京都,11,スワンS,芝,1400,右,晴,良,"3回 京都 5日目 サラ系３歳以上 オープン       (国際)(指) 別定 18頭 本賞金:5900,2400,1500,890,590万円",18,5900.0,2,2,4,ワイドラトゥール,牝,4,55.0,北村友,78.9,クビ,12,43.7,33.3,11-11,栗東 藤原,428,8,
202508030511,2025-10-13,京都,11,スワンS,芝,1400,右,晴,良,"3回 京都 5日目 サラ系３歳以上 オープン       (国際)(指) 別定 18頭 本賞金:5900,2400,1500,890,590万円",18,5900.0,3,1,1,ランスオブカオス,牡,3,55.0,吉村,79.0,1/2,4,7.0,33.6,6-6,栗東 奥村豊,492,-2,
202508030511,2025-10-13,京都,11,スワンS,芝,1400,右,晴,良,"3回 京都 5日目 サラ系３歳以上 オープン       (国際)(指) 別定 18頭 本賞金:5900,2400,1500,890,590万円",18,5900.0,4,3,5,ウインマーベル,牡,6,57.0,松山,79.0,ハナ,3,5.9,33.8,4-4,美浦 深山,482,-2,
202508030511,2025-10-13,京都,11,スワンS,芝,1400,右,晴,良,"3回 京都 5日目 サラ系３歳以上 オープン       (国際)(指) 別定 18頭 本賞金:5900,2400,1500,890,590万円",18,5900.0,5,5,9,シュタールヴィント,牡,5,57.0,小崎,79.1,3/4,14,64.9,33.2,13-13,栗東 矢作,446,0,
202508030511,2025-10-13,京都,11,スワンS,芝,1400,右,晴,良,"3回 京都 5日目 サラ系３歳以上 オープン       (国際)(指) 別定 18頭 本賞金:5900,2400,1500,890,590万円",18,5900.0,6,7,14,アドマイヤズーム,牡,3,55.0,坂井,79.1,クビ,2,4.7,33.7,6-6,栗東 友道,474,-4,
202508030511,2025-10-13,京都,11,スワンS,芝,1400,右,晴,良,"3回 京都 5日目 サラ系３歳以上 オープン       (国際)(指) 別定 18頭 本賞金:5900,2400,1500,890,590万円",18,5900.0,7,7,13,ダンツエラン,牝,3,53.0,松若,79.2,クビ,17,201.6,33.2,15-13,栗東 本田,492,2,
202508030511,2025-10-13,京都,11,スワンS,芝,1400,右,晴,良,"3回 京都 5日目 サラ系３歳以上 オープン       (国際)(指) 別定 18頭 本賞金:5900,2400,1500,890,590万円",18,5900.0,8,4,8,ワールズエンド,牡,4,57.0,戸崎圭,79.2,アタマ,1,4.4,34.3,1-1,栗東 池添,470,2,
202508030511,2025-10-13,京都,11,スワンS,芝,1400,右,晴,良,"3回 京都 5日目 サラ系３歳以上 オープン       (国際)(指) 別定 18頭 本賞金:5900,2400,1500,890,590万円",18,5900.0,9,8,18,レッドモンレーヴ,牡,6,57.0,酒井,79.3,クビ,15,78.1,33.0,17-16,美浦 蛯名正,512,-12,
202508030511,2025-10-13,京都,11,スワンS,芝,1400,右,晴,良,"3回 京都 5日目 サラ系３歳以上 オープン       (国際)(指) 別定 18頭 本賞金:5900,2400,1500,890,590万円",18,5900.0,10,6,12,ロジリオン,牡,4,57.0,古川吉,79.4,1/2,7,18.8,33.9,6-8,美浦 古賀,504,8,
202508030511,2025-10-13,京都,11,スワンS,芝,1400,右,晴,良,"3回 京都 5日目 サラ系３歳以上 オープン       (国際)(指) 別定 18頭 本賞金:5900,2400,1500,890,590万円",18,5900.0,10,7,15,ショウナンザナドゥ,牝,3,53.0,池添,79.4,1/2,10,26.8,33.8,10-10,栗東 松下,450,-2,
202508030511,2025-10-13,京都,11,スワンS,芝,1400,右,晴,良,"3回 京都 5日目 サラ系３歳以上 オープン       (国際)(指) 別定 18頭 本賞金:5900,2400,1500,890,590万円",18,5900.0,12,1,2,タイムトゥヘヴン,牡,7,57.0,柴田善,79.5,1,16,86.9,33.1,17-18,美浦 戸田,482,-2,
202508030511,2025-10-13,京都,11,スワンS,芝,1400,右,晴,良,"3回 京都 5日目 サラ系３歳以上 オープン       (国際)(指) 別定 18頭 本賞金:5900,2400,1500,890,590万円",18,5900.0,13,8,16,グレイイングリーン,牡,7,57.0,高杉,79.5,ハナ,13,48.5,33.3,16-16,栗東 池江,504,6,
202508030511,2025-10-13,京都,11,スワンS,芝,1400,右,晴,良,"3回 京都 5日目 サラ系３歳以上 オープン       (国際)(指) 別定 18頭 本賞金:5900,2400,1500,890,590万円",18,5900.0,14,2,3,ムイ,牝,3,53.0,岩田望,79.8,1.1/2,9,21.9,33.9,14-13,栗東 笹田,478,14,
202508030511,2025-10-13,京都,11,スワンS,芝,1400,右,晴,良,"3回 京都 5日目 サラ系３歳以上 オープン       (国際)(指) 別定 18頭 本賞金:5900,2400,1500,890,590万円",18,5900.0,15,5,10,アルテヴェローチェ,牡,3,55.0,佐々木,79.8,クビ,6,16.9,34.5,4-4,栗東 須貝,462,6,
202508030511,2025-10-13,京都,11,スワンS,芝,1400,右,晴,良,"3回 京都 5日目 サラ系３歳以上 オープン       (国際)(指) 別定 18頭 本賞金:5900,2400,1500,890,590万円",18,5900.0,16,6,11,バルサムノート,牡,5,57.0,小沢,80.1,2,18,281.3,35.0,2-3,栗東 高野,516,6,
202508030511,2025-10-13,京都,11,スワンS,芝,1400,右,晴,良,"3回 京都 5日目 サラ系３歳以上 オープン       (国際)(指) 別定 18頭 本賞金:5900,2400,1500,890,590万円",18,5900.0,17,8,17,アサカラキング,牡,5,57.0,岩田康,80.2,クビ,8,19.1,35.2,2-2,美浦 斎藤誠,526,-4,
202508030511,2025-10-13,京都,11,スワンS,芝,1400,右,晴,良,"3回 京都 5日目 サラ系３歳以上 オープン       (国際)(指) 別定 18頭 本賞金:5900,2400,1500,890,590万円",18,5900.0,18,3,6,ソーダズリング,牝,5,55.0,菱田,80.9,4,11,29.7,35.4,6-8,栗東 新谷,466,-4,
202508030511,2025-10-13,京都,11,スワンS,芝,1400,右,晴,良,"3回 京都 5日目 サラ系３歳以上 オープン       (国際)(指) 別定 18頭 本賞金:5900,2400,1500,890,590万円",18,5900.0,,1,7,オフトレイル,,,95.0,104,,13.1,6,10.8,5.0,10.6,3,,,
202508030511,2025-10-13,京都,11,スワンS,芝,1400,右,晴,良,"3回 京都 5日目 サラ系３歳以上 オープン       (国際)(指) 別定 18頭 本賞金:5900,2400,1500,890,590万円",18,5900.0,,1,7,オフトレイル,,,0.406,7.29,,6.19,,7.43,0.403,7.71,0.418,,,
202508030512,2025-10-13,京都,12,3歳以上1勝クラス,ダ,1200,右,晴,良,"3回 京都 5日目 サラ系３歳以上 １勝クラス       [指] 定量 16頭 本賞金:800,320,200,120,80万円",16,800.0,1,7,13,セールヴォラン,牡,4,58.0,松若,71.4,,5,10.2,35.9,4-4,栗東 北出,452,2,
202508030512,2025-10-13,京都,12,3歳以上1勝クラス,ダ,1200,右,晴,良,"3回 京都 5日目 サラ系３歳以上 １勝クラス       [指] 定量 16頭 本賞金:800,320,200,120,80万円",16,800.0,2,5,9,ロードヴァルカン,牡,3,57.0,岩田望,71.4,クビ,4,7.3,36.1,2-1,栗東 中村,464,0,
202508030512,2025-10-13,京都,12,3歳以上1勝クラス,ダ,1200,右,晴,良,"3回 京都 5日目 サラ系３歳以上 １勝クラス       [指] 定量 16頭 本賞金:800,320,200,120,80万円",16,800.0,3,7,14,ヴリトラハン,牡,3,57.0,高杉,72.0,3.1/2,2,4.2,36.3,7-5,栗東 千田,480,0,
202508030512,2025-10-13,京都,12,3歳以上1勝クラス,ダ,1200,右,晴,良,"3回 京都 5日目 サラ系３歳以上 １勝クラス       [指] 定量 16頭 本賞金:800,320,200,120,80万円",16,800.0,4,6,11,ヴェントインコーダ,牝,3,55.0,田口,72.3,1.1/2,7,15.4,37.0,3-2,栗東 角田,464,0,
202508030512,2025-10-13,京都,12,3歳以上1勝クラス,ダ,1200,右,晴,良,"3回 京都 5日目 サラ系３歳以上 １勝クラス       [指] 定量 16頭 本賞金:800,320,200,120,80万円",16,800.0,5,4,7,モンテディアーナ,牝,3,55.0,坂井,72.3,クビ,1,4.0,36.6,7-8,栗東 四位,474,14,
202508030512,2025-10-13,京都,12,3歳以上1勝クラス,ダ,1200,右,晴,良,"3回 京都 5日目 サラ系３歳以上 １勝クラス       [指] 定量 16頭 本賞金:800,320,200,120,80万円",16,800.0,6,3,6,サムデイ,牝,4,53.0,▲田山,72.5,1.1/4,8,18.9,36.8,7-8,栗東 新谷,442,-8,
202508030512,2025-10-13,京都,12,3歳以上1勝クラス,ダ,1200,右,晴,良,"3回 京都 5日目 サラ系３歳以上 １勝クラス       [指] 定量 16頭 本賞金:800,320,200,120,80万円",16,800.0,7,2,4,ワイルドブッター,牡,3,57.0,高倉,72.5,アタマ,14,90.1,36.0,14-14,栗東 武英,502,-16,
202508030512,2025-10-13,京都,12,3歳以上1勝クラス,ダ,1200,右,晴,良,"3回 京都 5日目 サラ系３歳以上 １勝クラス       [指] 定量 16頭 本賞金:800,320,200,120,80万円",16,800.0,8,2,3,ペイドラロワール,牡,3,57.0,和田竜,72.6,クビ,11,29.9,36.6,11-11,栗東 清水久,456,2,
202508030512,2025-10-13,京都,12,3歳以上1勝クラス,ダ,1200,右,晴,良,"3回 京都 5日目 サラ系３歳以上 １勝クラス       [指] 定量 16頭 本賞金:800,320,200,120,80万円",16,800.0,9,8,16,セルヴァンス,セ,3,57.0,長岡,72.6,ハナ,12,50.4,36.7,7-10,栗東 小椋,434,18,
202508030512,2025-10-13,京都,12,3歳以上1勝クラス,ダ,1200,右,晴,良,"3回 京都 5日目 サラ系３歳以上 １勝クラス       [指] 定量 16頭 本賞金:800,320,200,120,80万円",16,800.0,10,5,10,キープライジング,牝,4,56.0,井上,72.7,3/4,16,166.0,35.2,16-16,栗東 吉田,462,-4,
202508030512,2025-10-13,京都,12,3歳以上1勝クラス,ダ,1200,右,晴,良,"3回 京都 5日目 サラ系３歳以上 １勝クラス       [指] 定量 16頭 本賞金:800,320,200,120,80万円",16,800.0,11,1,2,ナムラモモ,牝,3,55.0,小沢,72.7,ハナ,10,27.4,37.5,1-2,栗東 羽月,436,2,
202508030512,2025-10-13,京都,12,3歳以上1勝クラス,ダ,1200,右,晴,良,"3回 京都 5日目 サラ系３歳以上 １勝クラス       [指] 定量 16頭 本賞金:800,320,200,120,80万円",16,800.0,12,3,5,ミルミナーヴァ,牝,4,56.0,菱田,72.9,1.1/4,9,24.3,35.8,15-15,栗東 西園正,484,2,
202508030512,2025-10-13,京都,12,3歳以上1勝クラス,ダ,1200,右,晴,良,"3回 京都 5日目 サラ系３歳以上 １勝クラス       [指] 定量 16頭 本賞金:800,320,200,120,80万円",16,800.0,13,6,12,セサンパ,牝,3,53.0,◇今村,73.2,1.1/2,13,78.7,37.1,11-13,栗東 寺島,436,0,
202508030512,2025-10-13,京都,12,3歳以上1勝クラス,ダ,1200,右,晴,良,"3回 京都 5日目 サラ系３歳以上 １勝クラス       [指] 定量 16頭 本賞金:800,320,200,120,80万円",16,800.0,14,1,1,アーデルリーベ,牝,3,55.0,戸崎圭,73.3,クビ,3,5.8,37.9,4-5,栗東 斉藤崇,460,6,
202508030512,2025-10-13,京都,12,3歳以上1勝クラス,ダ,1200,右,晴,良,"3回 京都 5日目 サラ系３歳以上 １勝クラス       [指] 定量 16頭 本賞金:800,320,200,120,80万円",16,800.0,15,4,8,オースミライト,牝,3,55.0,加藤,73.4,3/4,15,135.7,37.4,11-11,栗東 宮本,472,-4,
202508030512,2025-10-13,京都,12,3歳以上1勝クラス,ダ,1200,右,晴,良,"3回 京都 5日目 サラ系３歳以上 １勝クラス       [指] 定量 16頭 本賞金:800,320,200,120,80万円",16,800.0,16,8,15,コーリンラズベリー,牝,5,56.0,松山,73.7,1.1/2,6,12.5,38.1,4-5,栗東 茶木,518,-3,
202508030512,2025-10-13,京都,12,3歳以上1勝クラス,ダ,1200,右,晴,良,"3回 京都 5日目 サラ系３歳以上 １勝クラス       [指] 定量 16頭 本賞金:800,320,200,120,80万円",16,800.0,,1,13,セールヴォラン,,,101.0,97,,12.4,6,11.2,3.0,11.8,2,,,
202508030512,2025-10-13,京都,12,3歳以上1勝クラス,ダ,1200,右,晴,良,"3回 京都 5日目 サラ系３歳以上 １勝クラス       [指] 定量 16頭 本賞金:800,320,200,120,80万円",16,800.0,,1,13,セールヴォラン,,,,-,,-,,,,-,-,,,
202504040101,2025-10-18,新潟,1,2歳未勝利,芝,1600,左,曇,良,"4回 新潟 1日目 サラ系２歳 未勝利       馬齢 13頭 本賞金:560,220,140,84,56万円",13,560.0,1,8,12,リアライズブラーヴ,牡,2,56.0,小沢,93.9,,3,5.0,33.6,2-3,栗東 杉山晴,468,10,
202504040101,2025-10-18,新潟,1,2歳未勝利,芝,1600,左,曇,良,"4回 新潟 1日目 サラ系２歳 未勝利       馬齢 13頭 本賞金:560,220,140,84,56万円",13,560.0,2,6,8,スマッシング,牝,2,55.0,荻野極,94.0,3/4,2,3.9,33.8,2-2,栗東 佐藤悠,474,-6,
202504040101,2025-10-18,新潟,1,2歳未勝利,芝,1600,左,曇,良,"4回 新潟 1日目 サラ系２歳 未勝利       馬齢 13頭 本賞金:560,220,140,84,56万円",13,560.0,3,4,5,ロジケープ,牡,2,56.0,吉田隼,94.1,クビ,6,8.8,33.7,4-5,美浦 尾形,496,-6,
202504040101,2025-10-18,新潟,1,2歳未勝利,芝,1600,左,曇,良,"4回 新潟 1日目 サラ系２歳 未勝利       馬齢 13頭 本賞金:560,220,140,84,56万円",13,560.0,4,8,13,ルージュリリック,牝,2,55.0,丹内,94.5,2.1/2,1,3.7,34.0,6-5,美浦 上原佑,470,8,
202504040101,2025-10-18,新潟,1,2歳未勝利,芝,1600,左,曇,良,"4回 新潟 1日目 サラ系２歳 未勝利       馬齢 13頭 本賞金:560,220,140,84,56万円",13,560.0,5,2,2,タナスーペルノーバ,牡,2,54.0,◇今村,94.7,1,5,8.1,34.7,1-1,栗東 寺島,462,8,
202504040101,2025-10-18,新潟,1,2歳未勝利,芝,1600,左,曇,良,"4回 新潟 1日目 サラ系２歳 未勝利       馬齢 13頭 本賞金:560,220,140,84,56万円",13,560.0,6,5,6,ハートニヒヲツケテ,牝,2,55.0,小林脩,94.7,ハナ,10,39.2,34.3,6-5,美浦 鈴木慎,400,6,
202504040101,2025-10-18,新潟,1,2歳未勝利,芝,1600,左,曇,良,"4回 新潟 1日目 サラ系２歳 未勝利       馬齢 13頭 本賞金:560,220,140,84,56万円",13,560.0,7,4,4,マイネルゼーロス,牡,2,56.0,横山琉,94.8,3/4,7,18.4,34.1,9-9,美浦 相沢,486,6,
202504040101,2025-10-18,新潟,1,2歳未勝利,芝,1600,左,曇,良,"4回 新潟 1日目 サラ系２歳 未勝利       馬齢 13頭 本賞金:560,220,140,84,56万円",13,560.0,8,6,9,チェリヴェント,牡,2,56.0,松山,94.9,1/2,4,6.9,33.8,12-12,栗東 清水久,502,14,
202504040101,2025-10-18,新潟,1,2歳未勝利,芝,1600,左,曇,良,"4回 新潟 1日目 サラ系２歳 未勝利       馬齢 13頭 本賞金:560,220,140,84,56万円",13,560.0,9,7,11,シーズンシート,牝,2,55.0,丸田,95.0,3/4,8,32.4,34.1,10-10,美浦 柄崎,412,6,
202504040101,2025-10-18,新潟,1,2歳未勝利,芝,1600,左,曇,良,"4回 新潟 1日目 サラ系２歳 未勝利       馬齢 13頭 本賞金:560,220,140,84,56万円",13,560.0,10,3,3,ヒャクレツケン,牡,2,53.0,▲石田,95.5,3,12,185.1,35.1,4-3,美浦 青木,448,10,
202504040101,2025-10-18,新潟,1,2歳未勝利,芝,1600,左,曇,良,"4回 新潟 1日目 サラ系２歳 未勝利       馬齢 13頭 本賞金:560,220,140,84,56万円",13,560.0,11,5,7,エターナルビジョン,牝,2,53.0,◇永島,95.7,3/4,9,39.0,34.3,13-13,栗東 高橋康,470,4,
202504040101,2025-10-18,新潟,1,2歳未勝利,芝,1600,左,曇,良,"4回 新潟 1日目 サラ系２歳 未勝利       馬齢 13頭 本賞金:560,220,140,84,56万円",13,560.0,12,7,10,ワイルドカモミール,牝,2,52.0,▲石神道,95.9,1.1/2,11,163.9,35.2,8-8,美浦 金成,432,-2,
202504040101,2025-10-18,新潟,1,2歳未勝利,芝,1600,左,曇,良,"4回 新潟 1日目 サラ系２歳 未勝利       馬齢 13頭 本賞金:560,220,140,84,56万円",13,560.0,13,1,1,ミスデルマー,牝,2,55.0,武藤,96.1,1.1/4,13,355.4,35.0,11-11,美浦 和田郎,434,10,
202504040101,2025-10-18,新潟,1,2歳未勝利,芝,1600,左,曇,良,"4回 新潟 1日目 サラ系２歳 未勝利       馬齢 13頭 本賞金:560,220,140,84,56万円",13,560.0,,1,12,リアライズブラーヴ,,,97.0,91,,12.7,7,11.1,5.0,11.8,3,,,
202504040101,2025-10-18,新潟,1,2歳未勝利,芝,1600,左,曇,良,"4回 新潟 1日目 サラ系２歳 未勝利       馬齢 13頭 本賞金:560,220,140,84,56万円",13,560.0,,1,12,リアライズブラーヴ,,,,-,,-,,,,-,-,,,
202504040102,2025-10-18,新潟,2,2歳未勝利,ダ,1800,左,曇,良,"4回 新潟 1日目 サラ系２歳 未勝利       馬齢 14頭 本賞金:560,220,140,84,56万円",14,560.0,1,1,1,ゴールデンブラッド,牡,2,56.0,松山,114.7,,1,1.9,39.0,1-1-1-1,栗東 杉山晴,474,6,
202504040102,2025-10-18,新潟,2,2歳未勝利,ダ,1800,左,曇,良,"4回 新潟 1日目 サラ系２歳 未勝利       馬齢 14頭 本賞金:560,220,140,84,56万円",14,560.0,2,6,9,ウルトラハート,牡,2,56.0,丸山,115.4,4,2,3.0,39.3,5-5-5-2,栗東 中尾,476,0,
202504040102,2025-10-18,新潟,2,2歳未勝利,ダ,1800,左,曇,良,"4回 新潟 1日目 サラ系２歳 未勝利       馬齢 14頭 本賞金:560,220,140,84,56万円",14,560.0,3,5,8,オトシダマ,牝,2,55.0,伊藤,115.6,3/4,10,66.2,39.6,6-5-3-2,美浦 金成,472,-2,
202504040102,2025-10-18,新潟,2,2歳未勝利,ダ,1800,左,曇,良,"4回 新潟 1日目 サラ系２歳 未勝利       馬齢 14頭 本賞金:560,220,140,84,56万円",14,560.0,4,6,10,マツリダシリウス,牡,2,56.0,武藤,116.1,3,9,54.9,39.6,14-13-7-6,美浦 水野,460,2,
202504040102,2025-10-18,新潟,2,2歳未勝利,ダ,1800,左,曇,良,"4回 新潟 1日目 サラ系２歳 未勝利       馬齢 14頭 本賞金:560,220,140,84,56万円",14,560.0,5,3,4,ティンバーライン,牡,2,56.0,菊沢,116.4,2,8,42.0,39.2,11-11-10-10,美浦 鈴木慎,472,-6,
202504040102,2025-10-18,新潟,2,2歳未勝利,ダ,1800,左,曇,良,"4回 新潟 1日目 サラ系２歳 未勝利       馬齢 14頭 本賞金:560,220,140,84,56万円",14,560.0,6,2,2,アドフランマム,牡,2,55.0,☆松本,116.6,1,3,7.5,40.7,3-2-2-2,栗東 本田,506,-2,
202504040102,2025-10-18,新潟,2,2歳未勝利,ダ,1800,左,曇,良,"4回 新潟 1日目 サラ系２歳 未勝利       馬齢 14頭 本賞金:560,220,140,84,56万円",14,560.0,7,8,13,ウインターブレス,牡,2,56.0,小沢,116.8,1.1/4,12,119.5,40.7,9-7-5-6,美浦 竹内,498,2,
202504040102,2025-10-18,新潟,2,2歳未勝利,ダ,1800,左,曇,良,"4回 新潟 1日目 サラ系２歳 未勝利       馬齢 14頭 本賞金:560,220,140,84,56万円",14,560.0,8,7,11,アスパラゴ,牝,2,55.0,江田照,117.1,1.1/2,7,32.2,40.2,9-7-9-9,美浦 田村,470,-2,
202504040102,2025-10-18,新潟,2,2歳未勝利,ダ,1800,左,曇,良,"4回 新潟 1日目 サラ系２歳 未勝利       馬齢 14頭 本賞金:560,220,140,84,56万円",14,560.0,9,5,7,ビッキーセカンド,牡,2,56.0,丹内,117.1,アタマ,6,19.5,41.1,3-4-3-5,美浦 武井,470,6,
202504040102,2025-10-18,新潟,2,2歳未勝利,ダ,1800,左,曇,良,"4回 新潟 1日目 サラ系２歳 未勝利       馬齢 14頭 本賞金:560,220,140,84,56万円",14,560.0,10,7,12,ニシノロッドマン,牡,2,54.0,◇今村,117.4,1.3/4,4,17.1,40.9,6-7-7-8,美浦 矢嶋,500,2,
202504040102,2025-10-18,新潟,2,2歳未勝利,ダ,1800,左,曇,良,"4回 新潟 1日目 サラ系２歳 未勝利       馬齢 14頭 本賞金:560,220,140,84,56万円",14,560.0,11,4,6,マリブ,牡,2,53.0,▲上里,118.1,4,14,346.7,40.9,11-11-10-10,美浦 和田郎,448,2,
202504040102,2025-10-18,新潟,2,2歳未勝利,ダ,1800,左,曇,良,"4回 新潟 1日目 サラ系２歳 未勝利       馬齢 14頭 本賞金:560,220,140,84,56万円",14,560.0,12,4,5,タガノアイゼン,牡,2,56.0,吉田隼,119.3,7,5,17.5,41.8,6-7-14-14,栗東 岡田,448,-12,
202504040102,2025-10-18,新潟,2,2歳未勝利,ダ,1800,左,曇,良,"4回 新潟 1日目 サラ系２歳 未勝利       馬齢 14頭 本賞金:560,220,140,84,56万円",14,560.0,13,8,14,テンバコウクウ,牡,2,56.0,丸田,119.5,1,13,288.5,42.3,11-13-10-12,美浦 柄崎,466,4,
202504040102,2025-10-18,新潟,2,2歳未勝利,ダ,1800,左,曇,良,"4回 新潟 1日目 サラ系２歳 未勝利       馬齢 14頭 本賞金:560,220,140,84,56万円",14,560.0,14,3,3,フリッシュ,牡,2,54.0,◇永島,120.1,3.1/2,11,114.6,42.9,2-2-10-12,栗東 平田,492,6,
202504040102,2025-10-18,新潟,2,2歳未勝利,ダ,1800,左,曇,良,"4回 新潟 1日目 サラ系２歳 未勝利       馬齢 14頭 本賞金:560,220,140,84,56万円",14,560.0,,1,1,ゴールデンブラッド,,,101.0,93,,12.9,2,11.3,1.0,12.8,1,,,
202504040102,2025-10-18,新潟,2,2歳未勝利,ダ,1800,左,曇,良,"4回 新潟 1日目 サラ系２歳 未勝利       馬齢 14頭 本賞金:560,220,140,84,56万円",14,560.0,,1,1,ゴールデンブラッド,,,,-,,-,,,,-,-,,,
202504040103,2025-10-18,新潟,3,2歳未勝利,芝,1200,左,曇,良,"4回 新潟 1日目 サラ系２歳 未勝利       (混) 馬齢 18頭 本賞金:560,220,140,84,56万円",18,560.0,1,7,14,ガラベイヤ,牝,2,55.0,丸山,69.5,,3,5.1,34.8,7-7,美浦 加藤士,426,10,
202504040103,2025-10-18,新潟,3,2歳未勝利,芝,1200,左,曇,良,"4回 新潟 1日目 サラ系２歳 未勝利       (混) 馬齢 18頭 本賞金:560,220,140,84,56万円",18,560.0,2,6,12,ハッピーラッキー,牡,2,56.0,丸田,69.6,1,2,4.6,34.9,7-7,美浦 武市,456,0,
202504040103,2025-10-18,新潟,3,2歳未勝利,芝,1200,左,曇,良,"4回 新潟 1日目 サラ系２歳 未勝利       (混) 馬齢 18頭 本賞金:560,220,140,84,56万円",18,560.0,3,2,3,レッドアイスピア,牡,2,53.0,▲柴田裕,69.7,クビ,4,7.5,35.4,4-4,栗東 中竹,454,-2,
202504040103,2025-10-18,新潟,3,2歳未勝利,芝,1200,左,曇,良,"4回 新潟 1日目 サラ系２歳 未勝利       (混) 馬齢 18頭 本賞金:560,220,140,84,56万円",18,560.0,4,3,5,メテオロイド,牡,2,56.0,松山,69.7,クビ,1,4.5,35.6,1-1,栗東 宮地,452,2,
202504040103,2025-10-18,新潟,3,2歳未勝利,芝,1200,左,曇,良,"4回 新潟 1日目 サラ系２歳 未勝利       (混) 馬齢 18頭 本賞金:560,220,140,84,56万円",18,560.0,5,5,9,ドリーマーズ,牝,2,55.0,杉原,69.8,クビ,8,20.1,35.3,5-4,美浦 伊藤大,428,6,
202504040103,2025-10-18,新潟,3,2歳未勝利,芝,1200,左,曇,良,"4回 新潟 1日目 サラ系２歳 未勝利       (混) 馬齢 18頭 本賞金:560,220,140,84,56万円",18,560.0,6,4,7,ハヤテノオジョー,牝,2,55.0,斎藤,69.9,1,7,11.6,35.4,5-4,栗東 杉山佳,402,0,
202504040103,2025-10-18,新潟,3,2歳未勝利,芝,1200,左,曇,良,"4回 新潟 1日目 サラ系２歳 未勝利       (混) 馬齢 18頭 本賞金:560,220,140,84,56万円",18,560.0,7,5,10,ヨドノティアラ,牝,2,55.0,横山琉,70.1,1,6,11.1,35.9,3-3,美浦 矢嶋,434,-2,
202504040103,2025-10-18,新潟,3,2歳未勝利,芝,1200,左,曇,良,"4回 新潟 1日目 サラ系２歳 未勝利       (混) 馬齢 18頭 本賞金:560,220,140,84,56万円",18,560.0,8,2,4,ニシノメイホウ,牡,2,56.0,秋山稔,70.3,1,12,47.6,35.3,14-11,栗東 北出,402,28,
202504040103,2025-10-18,新潟,3,2歳未勝利,芝,1200,左,曇,良,"4回 新潟 1日目 サラ系２歳 未勝利       (混) 馬齢 18頭 本賞金:560,220,140,84,56万円",18,560.0,9,8,16,シャンデヴィーニュ,牝,2,55.0,富田,70.4,3/4,11,43.2,35.5,11-11,栗東 秋山,458,16,
202504040103,2025-10-18,新潟,3,2歳未勝利,芝,1200,左,曇,良,"4回 新潟 1日目 サラ系２歳 未勝利       (混) 馬齢 18頭 本賞金:560,220,140,84,56万円",18,560.0,10,1,1,ニシノセイエス,牝,2,53.0,◇今村,70.4,ハナ,9,27.1,35.7,7-7,栗東 前川,386,0,
202504040103,2025-10-18,新潟,3,2歳未勝利,芝,1200,左,曇,良,"4回 新潟 1日目 サラ系２歳 未勝利       (混) 馬齢 18頭 本賞金:560,220,140,84,56万円",18,560.0,11,7,13,イソダ,牝,2,55.0,丹内,70.6,1.1/4,10,33.1,34.7,18-18,美浦 尾形,410,-4,
202504040103,2025-10-18,新潟,3,2歳未勝利,芝,1200,左,曇,良,"4回 新潟 1日目 サラ系２歳 未勝利       (混) 馬齢 18頭 本賞金:560,220,140,84,56万円",18,560.0,12,8,18,カシノリアーナ,牝,2,52.0,▲和田陽,70.6,クビ,16,334.4,35.7,11-11,美浦 天間,438,-6,
202504040103,2025-10-18,新潟,3,2歳未勝利,芝,1200,左,曇,良,"4回 新潟 1日目 サラ系２歳 未勝利       (混) 馬齢 18頭 本賞金:560,220,140,84,56万円",18,560.0,13,7,15,オレンジリバー,牝,2,52.0,▲石田,70.7,クビ,14,95.1,35.1,16-16,美浦 黒岩,422,4,
202504040103,2025-10-18,新潟,3,2歳未勝利,芝,1200,左,曇,良,"4回 新潟 1日目 サラ系２歳 未勝利       (混) 馬齢 18頭 本賞金:560,220,140,84,56万円",18,560.0,14,3,6,ラブソング,牝,2,55.0,黛,70.9,1.1/4,13,49.6,35.2,16-16,美浦 尾関,412,-16,
202504040103,2025-10-18,新潟,3,2歳未勝利,芝,1200,左,曇,良,"4回 新潟 1日目 サラ系２歳 未勝利       (混) 馬齢 18頭 本賞金:560,220,140,84,56万円",18,560.0,15,6,11,ナンヨーラーク,牝,2,52.0,▲佐藤,71.0,3/4,18,398.9,36.4,7-7,美浦 杉浦,392,-8,
202504040103,2025-10-18,新潟,3,2歳未勝利,芝,1200,左,曇,良,"4回 新潟 1日目 サラ系２歳 未勝利       (混) 馬齢 18頭 本賞金:560,220,140,84,56万円",18,560.0,16,8,17,サマーブリーズ,牡,2,56.0,菊沢,71.0,アタマ,15,138.6,36.1,11-11,栗東 森田,478,14,
202504040103,2025-10-18,新潟,3,2歳未勝利,芝,1200,左,曇,良,"4回 新潟 1日目 サラ系２歳 未勝利       (混) 馬齢 18頭 本賞金:560,220,140,84,56万円",18,560.0,17,4,8,ヒバリノコ,牡,2,56.0,亀田,71.0,アタマ,5,9.5,36.9,2-2,栗東 北出,422,0,
202504040103,2025-10-18,新潟,3,2歳未勝利,芝,1200,左,曇,良,"4回 新潟 1日目 サラ系２歳 未勝利       (混) 馬齢 18頭 本賞金:560,220,140,84,56万円",18,560.0,18,1,2,ユイノピカゴロウ,牡,2,56.0,木幡初,73.3,大,17,347.0,37.9,15-15,美浦 深山,532,-8,
202504040103,2025-10-18,新潟,3,2歳未勝利,芝,1200,左,曇,良,"4回 新潟 1日目 サラ系２歳 未勝利       (混) 馬齢 18頭 本賞金:560,220,140,84,56万円",18,560.0,,1,14,ガラベイヤ,,,90.0,86,,12.6,8,10.7,4.0,11.4,3,,,
202504040103,2025-10-18,新潟,3,2歳未勝利,芝,1200,左,曇,良,"4回 新潟 1日目 サラ系２歳 未勝利       (混) 馬齢 18頭 本賞金:560,220,140,84,56万円",18,560.0,,1,14,ガラベイヤ,,,,-,,-,,,,-,-,,,
202504040104,2025-10-18,新潟,4,3歳以上1勝クラス,ダ,1800,左,曇,良,"4回 新潟 1日目 サラ系３歳以上 １勝クラス       牝 定量 14頭 本賞金:800,320,200,120,80万円",14,800.0,1,5,7,シンボリノエル,牝,4,56.0,菊沢,113.6,,9,27.5,37.9,14-13-9-8,美浦 土田,508,-2,
202504040104,2025-10-18,新潟,4,3歳以上1勝クラス,ダ,1800,左,曇,良,"4回 新潟 1日目 サラ系３歳以上 １勝クラス       牝 定量 14頭 本賞金:800,320,200,120,80万円",14,800.0,2,5,8,ルージュマローネ,牝,3,51.0,▲舟山,113.7,1/2,8,20.0,38.0,12-12-9-9,美浦 栗田,478,2,
202504040104,2025-10-18,新潟,4,3歳以上1勝クラス,ダ,1800,左,曇,良,"4回 新潟 1日目 サラ系３歳以上 １勝クラス       牝 定量 14頭 本賞金:800,320,200,120,80万円",14,800.0,3,7,11,ドゥラリス,牝,3,54.0,松山,114.0,1.1/2,1,2.9,38.8,5-5-4-4,栗東 吉岡,522,8,
202504040104,2025-10-18,新潟,4,3歳以上1勝クラス,ダ,1800,左,曇,良,"4回 新潟 1日目 サラ系３歳以上 １勝クラス       牝 定量 14頭 本賞金:800,320,200,120,80万円",14,800.0,4,4,6,キタノマーシャル,牝,3,54.0,小林脩,114.4,2.1/2,11,77.9,39.0,11-10-6-6,美浦 奥平,506,2,
202504040104,2025-10-18,新潟,4,3歳以上1勝クラス,ダ,1800,左,曇,良,"4回 新潟 1日目 サラ系３歳以上 １勝クラス       牝 定量 14頭 本賞金:800,320,200,120,80万円",14,800.0,5,7,12,フォンデネージュ,牝,3,52.0,◇今村,114.5,クビ,2,3.7,39.6,4-4-3-3,美浦 武井,522,6,
202504040104,2025-10-18,新潟,4,3歳以上1勝クラス,ダ,1800,左,曇,良,"4回 新潟 1日目 サラ系３歳以上 １勝クラス       牝 定量 14頭 本賞金:800,320,200,120,80万円",14,800.0,6,8,13,ヴァズレーヌ,牝,4,56.0,丹内,114.5,クビ,3,5.3,39.3,7-6-4-4,美浦 嘉藤,470,0,
202504040104,2025-10-18,新潟,4,3歳以上1勝クラス,ダ,1800,左,曇,良,"4回 新潟 1日目 サラ系３歳以上 １勝クラス       牝 定量 14頭 本賞金:800,320,200,120,80万円",14,800.0,7,1,1,オウケンヴィーナス,牝,4,56.0,木幡育,115.3,5,13,273.6,39.2,13-13-11-11,美浦 松永康,408,12,
202504040104,2025-10-18,新潟,4,3歳以上1勝クラス,ダ,1800,左,曇,良,"4回 新潟 1日目 サラ系３歳以上 １勝クラス       牝 定量 14頭 本賞金:800,320,200,120,80万円",14,800.0,8,4,5,ステラスプレンダー,牝,4,56.0,富田,115.3,クビ,7,18.8,40.5,2-2-2-2,栗東 石坂,454,12,
202504040104,2025-10-18,新潟,4,3歳以上1勝クラス,ダ,1800,左,曇,良,"4回 新潟 1日目 サラ系３歳以上 １勝クラス       牝 定量 14頭 本賞金:800,320,200,120,80万円",14,800.0,9,2,2,ライヴスプーン,牝,3,54.0,小林凌,115.4,1/2,5,9.2,39.0,5-6-12-12,美浦 尾形,412,4,
202504040104,2025-10-18,新潟,4,3歳以上1勝クラス,ダ,1800,左,曇,良,"4回 新潟 1日目 サラ系３歳以上 １勝クラス       牝 定量 14頭 本賞金:800,320,200,120,80万円",14,800.0,10,3,4,アンジュグルーヴ,牝,4,55.0,☆松本,115.7,1.1/2,4,9.0,41.0,1-1-1-1,栗東 安田,502,14,
202504040104,2025-10-18,新潟,4,3歳以上1勝クラス,ダ,1800,左,曇,良,"4回 新潟 1日目 サラ系３歳以上 １勝クラス       牝 定量 14頭 本賞金:800,320,200,120,80万円",14,800.0,11,8,14,サイモンポーリア,牝,7,56.0,丸山,116.3,3.1/2,14,404.8,40.9,7-6-6-6,美浦 根本,476,-2,
202504040104,2025-10-18,新潟,4,3歳以上1勝クラス,ダ,1800,左,曇,良,"4回 新潟 1日目 サラ系３歳以上 １勝クラス       牝 定量 14頭 本賞金:800,320,200,120,80万円",14,800.0,12,3,3,アイムアクイーン,牝,3,51.0,▲川端,116.6,1.3/4,12,215.1,39.9,7-10-14-13,栗東 荒川,430,-6,
202504040104,2025-10-18,新潟,4,3歳以上1勝クラス,ダ,1800,左,曇,良,"4回 新潟 1日目 サラ系３歳以上 １勝クラス       牝 定量 14頭 本賞金:800,320,200,120,80万円",14,800.0,13,6,9,イッシンフラン,牝,3,54.0,長岡,117.1,3.1/2,10,65.5,40.5,7-9-13-13,美浦 竹内,452,6,
202504040104,2025-10-18,新潟,4,3歳以上1勝クラス,ダ,1800,左,曇,良,"4回 新潟 1日目 サラ系３歳以上 １勝クラス       牝 定量 14頭 本賞金:800,320,200,120,80万円",14,800.0,14,6,10,メイショウウメゴチ,牝,3,52.0,◇永島,117.5,2.1/2,6,17.8,42.2,3-3-6-10,栗東 高橋忠,410,-8,
202504040104,2025-10-18,新潟,4,3歳以上1勝クラス,ダ,1800,左,曇,良,"4回 新潟 1日目 サラ系３歳以上 １勝クラス       牝 定量 14頭 本賞金:800,320,200,120,80万円",14,800.0,,1,7,シンボリノエル,,,88.0,91,,14.1,4,11.6,2.0,12.6,2,,,
202504040104,2025-10-18,新潟,4,3歳以上1勝クラス,ダ,1800,左,曇,良,"4回 新潟 1日目 サラ系３歳以上 １勝クラス       牝 定量 14頭 本賞金:800,320,200,120,80万円",14,800.0,,1,7,シンボリノエル,,,,-,,-,,,,-,-,,,
202504040105,2025-10-18,新潟,5,2歳新馬,ダ,1200,左,曇,良,"4回 新潟 1日目 サラ系２歳 新馬       (混) 馬齢 15頭 本賞金:750,300,190,110,75万円",15,750.0,1,4,6,ジェイエルキャリア,牡,2,56.0,丸山,73.1,,4,8.0,37.3,2-2,美浦 小西,466,0,
202504040105,2025-10-18,新潟,5,2歳新馬,ダ,1200,左,曇,良,"4回 新潟 1日目 サラ系２歳 新馬       (混) 馬齢 15頭 本賞金:750,300,190,110,75万円",15,750.0,2,7,12,ジャックナダル,牡,2,56.0,荻野極,73.3,1.1/2,6,10.3,36.9,5-5,美浦 伊坂,522,0,
202504040105,2025-10-18,新潟,5,2歳新馬,ダ,1200,左,曇,良,"4回 新潟 1日目 サラ系２歳 新馬       (混) 馬齢 15頭 本賞金:750,300,190,110,75万円",15,750.0,3,3,4,アルサック,牝,2,55.0,松山,73.8,3,1,3.5,38.1,1-1,栗東 西園正,478,0,
202504040105,2025-10-18,新潟,5,2歳新馬,ダ,1200,左,曇,良,"4回 新潟 1日目 サラ系２歳 新馬       (混) 馬齢 15頭 本賞金:750,300,190,110,75万円",15,750.0,4,1,1,コブラツイスト,牡,2,54.0,◇永島,74.3,3,11,51.5,36.2,13-13,美浦 石栗,444,0,
202504040105,2025-10-18,新潟,5,2歳新馬,ダ,1200,左,曇,良,"4回 新潟 1日目 サラ系２歳 新馬       (混) 馬齢 15頭 本賞金:750,300,190,110,75万円",15,750.0,5,5,9,ナムラオットー,牡,2,56.0,富田,74.4,1/2,13,104.8,38.0,5-5,栗東 荒川,468,0,
202504040105,2025-10-18,新潟,5,2歳新馬,ダ,1200,左,曇,良,"4回 新潟 1日目 サラ系２歳 新馬       (混) 馬齢 15頭 本賞金:750,300,190,110,75万円",15,750.0,6,7,13,ニシノゲッパク,牝,2,53.0,◇今村,74.4,クビ,8,15.5,37.6,8-7,美浦 伊藤伸,472,0,
202504040105,2025-10-18,新潟,5,2歳新馬,ダ,1200,左,曇,良,"4回 新潟 1日目 サラ系２歳 新馬       (混) 馬齢 15頭 本賞金:750,300,190,110,75万円",15,750.0,7,6,10,マメーアップル,牝,2,55.0,杉原,74.6,3/4,7,14.4,38.5,3-3,美浦 岩戸,434,0,
202504040105,2025-10-18,新潟,5,2歳新馬,ダ,1200,左,曇,良,"4回 新潟 1日目 サラ系２歳 新馬       (混) 馬齢 15頭 本賞金:750,300,190,110,75万円",15,750.0,8,4,7,サンライズロイ,牡,2,56.0,国分恭,74.6,クビ,2,4.5,38.5,3-3,栗東 牧浦,464,0,
202504040105,2025-10-18,新潟,5,2歳新馬,ダ,1200,左,曇,良,"4回 新潟 1日目 サラ系２歳 新馬       (混) 馬齢 15頭 本賞金:750,300,190,110,75万円",15,750.0,9,5,8,ジョリュウジャンシ,牝,2,55.0,嶋田,74.8,1.1/4,14,188.6,37.4,12-12,美浦 南田,406,0,
202504040105,2025-10-18,新潟,5,2歳新馬,ダ,1200,左,曇,良,"4回 新潟 1日目 サラ系２歳 新馬       (混) 馬齢 15頭 本賞金:750,300,190,110,75万円",15,750.0,10,6,11,シンシア,牝,2,55.0,菊沢,74.9,1,10,48.1,37.8,10-9,美浦 蛯名正,452,0,
202504040105,2025-10-18,新潟,5,2歳新馬,ダ,1200,左,曇,良,"4回 新潟 1日目 サラ系２歳 新馬       (混) 馬齢 15頭 本賞金:750,300,190,110,75万円",15,750.0,11,8,15,カワキタベレッタ,牝,2,55.0,小沢,75.5,3.1/2,9,31.7,38.9,7-9,栗東 角田,434,0,
202504040105,2025-10-18,新潟,5,2歳新馬,ダ,1200,左,曇,良,"4回 新潟 1日目 サラ系２歳 新馬       (混) 馬齢 15頭 本賞金:750,300,190,110,75万円",15,750.0,12,8,14,フクシマグランツ,牝,2,55.0,木幡育,75.7,1.1/2,15,189.9,38.9,8-7,美浦 松永康,384,0,
202504040105,2025-10-18,新潟,5,2歳新馬,ダ,1200,左,曇,良,"4回 新潟 1日目 サラ系２歳 新馬       (混) 馬齢 15頭 本賞金:750,300,190,110,75万円",15,750.0,13,3,5,サドルトウショウ,牝,2,55.0,岩部,76.0,1.3/4,12,100.4,39.0,10-9,美浦 萱野,478,0,
202504040105,2025-10-18,新潟,5,2歳新馬,ダ,1200,左,曇,良,"4回 新潟 1日目 サラ系２歳 新馬       (混) 馬齢 15頭 本賞金:750,300,190,110,75万円",15,750.0,14,2,3,スピットブレイク,牡,2,53.0,▲石田,76.2,1.1/2,5,8.5,37.9,15-15,美浦 新開,484,0,
202504040105,2025-10-18,新潟,5,2歳新馬,ダ,1200,左,曇,良,"4回 新潟 1日目 サラ系２歳 新馬       (混) 馬齢 15頭 本賞金:750,300,190,110,75万円",15,750.0,15,2,2,ローズライズ,牝,2,55.0,丹内,76.4,1,3,5.7,38.4,13-14,美浦 伊藤圭,448,0,
202504040105,2025-10-18,新潟,5,2歳新馬,ダ,1200,左,曇,良,"4回 新潟 1日目 サラ系２歳 新馬       (混) 馬齢 15頭 本賞金:750,300,190,110,75万円",15,750.0,,1,6,ジェイエルキャリア,,,94.0,83,,12.3,6,11.3,5.0,12.2,2,,,
202504040105,2025-10-18,新潟,5,2歳新馬,ダ,1200,左,曇,良,"4回 新潟 1日目 サラ系２歳 新馬       (混) 馬齢 15頭 本賞金:750,300,190,110,75万円",15,750.0,,1,6,ジェイエルキャリア,,,,-,,-,,,,-,-,,,
202504040106,2025-10-18,新潟,6,3歳以上1勝クラス,ダ,1800,左,曇,良,"4回 新潟 1日目 サラ系３歳以上 １勝クラス       (混) 定量 15頭 本賞金:800,320,200,120,80万円",15,800.0,1,4,6,ゴールデンクラウド,牡,3,56.0,松山,113.2,,1,1.3,37.9,3-3-3-3,栗東 小林,526,6,
202504040106,2025-10-18,新潟,6,3歳以上1勝クラス,ダ,1800,左,曇,良,"4回 新潟 1日目 サラ系３歳以上 １勝クラス       (混) 定量 15頭 本賞金:800,320,200,120,80万円",15,800.0,2,4,7,ブルーゴールド,牡,5,58.0,野中,114.0,5,10,87.2,37.7,12-12-13-12,美浦 根本,536,10,
202504040106,2025-10-18,新潟,6,3歳以上1勝クラス,ダ,1800,左,曇,良,"4回 新潟 1日目 サラ系３歳以上 １勝クラス       (混) 定量 15頭 本賞金:800,320,200,120,80万円",15,800.0,3,5,8,キャストロププ,牡,3,56.0,丹内,114.1,1/2,5,19.6,38.3,9-8-7-6,美浦 尾形,494,-2,
202504040106,2025-10-18,新潟,6,3歳以上1勝クラス,ダ,1800,左,曇,良,"4回 新潟 1日目 サラ系３歳以上 １勝クラス       (混) 定量 15頭 本賞金:800,320,200,120,80万円",15,800.0,4,1,1,ブリスフル,牡,4,58.0,丸田,114.5,2.1/2,15,255.1,38.4,13-13-11-8,美浦 武市,494,-2,
202504040106,2025-10-18,新潟,6,3歳以上1勝クラス,ダ,1800,左,曇,良,"4回 新潟 1日目 サラ系３歳以上 １勝クラス       (混) 定量 15頭 本賞金:800,320,200,120,80万円",15,800.0,5,6,10,レイワサンサン,セ,4,58.0,亀田,114.6,1/2,3,10.8,39.0,6-5-5-5,栗東 高柳大,490,-8,
202504040106,2025-10-18,新潟,6,3歳以上1勝クラス,ダ,1800,左,曇,良,"4回 新潟 1日目 サラ系３歳以上 １勝クラス       (混) 定量 15頭 本賞金:800,320,200,120,80万円",15,800.0,6,3,5,コスモフレディ,牡,4,55.0,▲石神道,114.8,1.1/4,9,41.8,38.8,11-9-9-8,美浦 水野,460,-2,
202504040106,2025-10-18,新潟,6,3歳以上1勝クラス,ダ,1800,左,曇,良,"4回 新潟 1日目 サラ系３歳以上 １勝クラス       (混) 定量 15頭 本賞金:800,320,200,120,80万円",15,800.0,7,7,13,ハイクオリティ,牡,3,56.0,斎藤,115.1,1.3/4,2,6.5,40.3,5-5-1-1,栗東 今野,478,2,
202504040106,2025-10-18,新潟,6,3歳以上1勝クラス,ダ,1800,左,曇,良,"4回 新潟 1日目 サラ系３歳以上 １勝クラス       (混) 定量 15頭 本賞金:800,320,200,120,80万円",15,800.0,8,3,4,チェイスザウィンド,牡,4,58.0,菊沢,115.4,2,12,117.8,38.6,15-15-15-15,美浦 石栗,500,4,
202504040106,2025-10-18,新潟,6,3歳以上1勝クラス,ダ,1800,左,曇,良,"4回 新潟 1日目 サラ系３歳以上 １勝クラス       (混) 定量 15頭 本賞金:800,320,200,120,80万円",15,800.0,9,6,11,ブレイクバウンズ,牡,3,56.0,伊藤,115.6,1.1/2,7,26.6,40.7,2-2-2-2,美浦 林,490,12,
202504040106,2025-10-18,新潟,6,3歳以上1勝クラス,ダ,1800,左,曇,良,"4回 新潟 1日目 サラ系３歳以上 １勝クラス       (混) 定量 15頭 本賞金:800,320,200,120,80万円",15,800.0,10,2,3,グランエシェゾー,牝,4,56.0,横山琉,115.7,クビ,13,195.4,40.0,6-5-6-6,美浦 高橋文,502,-4,
202504040106,2025-10-18,新潟,6,3歳以上1勝クラス,ダ,1800,左,曇,良,"4回 新潟 1日目 サラ系３歳以上 １勝クラス       (混) 定量 15頭 本賞金:800,320,200,120,80万円",15,800.0,11,7,12,ルクスメンデス,牡,3,56.0,国分優,115.9,3/4,11,87.5,39.5,14-14-13-12,栗東 小崎,478,10,
202504040106,2025-10-18,新潟,6,3歳以上1勝クラス,ダ,1800,左,曇,良,"4回 新潟 1日目 サラ系３歳以上 １勝クラス       (混) 定量 15頭 本賞金:800,320,200,120,80万円",15,800.0,12,2,2,トクシージェネラル,牡,4,54.0,★谷原,116.6,4,6,22.0,41.3,1-1-3-3,美浦 辻,520,-8,
202504040106,2025-10-18,新潟,6,3歳以上1勝クラス,ダ,1800,左,曇,良,"4回 新潟 1日目 サラ系３歳以上 １勝クラス       (混) 定量 15頭 本賞金:800,320,200,120,80万円",15,800.0,13,5,9,スマートクラビ,牡,3,56.0,小沢,117.3,4,8,39.1,41.5,3-4-7-8,栗東 中村,500,10,
202504040106,2025-10-18,新潟,6,3歳以上1勝クラス,ダ,1800,左,曇,良,"4回 新潟 1日目 サラ系３歳以上 １勝クラス       (混) 定量 15頭 本賞金:800,320,200,120,80万円",15,800.0,14,8,15,イーブンナウ,牝,4,53.0,▲川端,117.5,1.1/4,14,204.5,41.4,9-11-11-12,栗東 東田,466,13,
202504040106,2025-10-18,新潟,6,3歳以上1勝クラス,ダ,1800,左,曇,良,"4回 新潟 1日目 サラ系３歳以上 １勝クラス       (混) 定量 15頭 本賞金:800,320,200,120,80万円",15,800.0,15,8,14,イスタンテ,牡,4,58.0,荻野極,118.4,5,4,18.6,42.5,8-9-9-11,美浦 矢野,512,9,
202504040106,2025-10-18,新潟,6,3歳以上1勝クラス,ダ,1800,左,曇,良,"4回 新潟 1日目 サラ系３歳以上 １勝クラス       (混) 定量 15頭 本賞金:800,320,200,120,80万円",15,800.0,,1,6,ゴールデンクラウド,,,101.0,95,,13.0,5,11.3,2.0,12.6,2,,,
202504040106,2025-10-18,新潟,6,3歳以上1勝クラス,ダ,1800,左,曇,良,"4回 新潟 1日目 サラ系３歳以上 １勝クラス       (混) 定量 15頭 本賞金:800,320,200,120,80万円",15,800.0,,1,6,ゴールデンクラウド,,,,-,,-,,,,-,-,,,
202504040107,2025-10-18,新潟,7,3歳以上1勝クラス,芝,1800,左,曇,良,"4回 新潟 1日目 サラ系３歳以上 １勝クラス       定量 18頭 本賞金:800,320,200,120,80万円",18,800.0,1,7,14,ソルトブリーズ,牡,4,58.0,横山琉,105.6,,4,8.0,33.6,6-6,美浦 田中剛,456,0,
202504040107,2025-10-18,新潟,7,3歳以上1勝クラス,芝,1800,左,曇,良,"4回 新潟 1日目 サラ系３歳以上 １勝クラス       定量 18頭 本賞金:800,320,200,120,80万円",18,800.0,2,1,2,ミエノフェアリー,牝,3,51.0,▲舟山,105.7,3/4,1,2.6,33.0,13-13,美浦 古賀,404,4,
202504040107,2025-10-18,新潟,7,3歳以上1勝クラス,芝,1800,左,曇,良,"4回 新潟 1日目 サラ系３歳以上 １勝クラス       定量 18頭 本賞金:800,320,200,120,80万円",18,800.0,3,7,15,アンドローゼス,牝,4,56.0,杉原,106.1,2.1/2,5,8.5,33.4,13-13,美浦 加藤士,460,2,
202504040107,2025-10-18,新潟,7,3歳以上1勝クラス,芝,1800,左,曇,良,"4回 新潟 1日目 サラ系３歳以上 １勝クラス       定量 18頭 本賞金:800,320,200,120,80万円",18,800.0,4,1,1,スピアッジャローザ,牝,3,54.0,菊沢,106.2,1/2,12,50.3,33.0,16-17,美浦 蛯名利,454,-2,
202504040107,2025-10-18,新潟,7,3歳以上1勝クラス,芝,1800,左,曇,良,"4回 新潟 1日目 サラ系３歳以上 １勝クラス       定量 18頭 本賞金:800,320,200,120,80万円",18,800.0,5,6,12,リオンプライム,牝,3,51.0,▲和田陽,106.2,ハナ,9,33.3,34.4,2-2,栗東 鈴木孝,482,6,
202504040107,2025-10-18,新潟,7,3歳以上1勝クラス,芝,1800,左,曇,良,"4回 新潟 1日目 サラ系３歳以上 １勝クラス       定量 18頭 本賞金:800,320,200,120,80万円",18,800.0,6,2,3,カレンラップスター,牡,3,56.0,松山,106.2,ハナ,2,6.8,33.3,15-15,栗東 小林,500,-8,
202504040107,2025-10-18,新潟,7,3歳以上1勝クラス,芝,1800,左,曇,良,"4回 新潟 1日目 サラ系３歳以上 １勝クラス       定量 18頭 本賞金:800,320,200,120,80万円",18,800.0,7,3,5,ゴールドジェスター,セ,3,56.0,岩部,106.2,アタマ,17,435.5,33.7,10-10,美浦 中川,446,-4,
202504040107,2025-10-18,新潟,7,3歳以上1勝クラス,芝,1800,左,曇,良,"4回 新潟 1日目 サラ系３歳以上 １勝クラス       定量 18頭 本賞金:800,320,200,120,80万円",18,800.0,8,4,8,レッドイステル,セ,3,55.0,☆西塚,106.4,1,3,7.7,34.4,4-4,栗東 友道,482,-18,
202504040107,2025-10-18,新潟,7,3歳以上1勝クラス,芝,1800,左,曇,良,"4回 新潟 1日目 サラ系３歳以上 １勝クラス       定量 18頭 本賞金:800,320,200,120,80万円",18,800.0,9,7,13,ハニードレス,牝,3,54.0,丹内,106.4,クビ,6,8.6,34.6,3-3,美浦 牧,442,4,
202504040107,2025-10-18,新潟,7,3歳以上1勝クラス,芝,1800,左,曇,良,"4回 新潟 1日目 サラ系３歳以上 １勝クラス       定量 18頭 本賞金:800,320,200,120,80万円",18,800.0,10,8,16,プレミアシップ,牡,3,56.0,国分恭,106.5,クビ,11,36.1,34.0,10-10,栗東 吉岡,498,-2,
202504040107,2025-10-18,新潟,7,3歳以上1勝クラス,芝,1800,左,曇,良,"4回 新潟 1日目 サラ系３歳以上 １勝クラス       定量 18頭 本賞金:800,320,200,120,80万円",18,800.0,11,8,18,ロジルーラー,牡,4,58.0,丸山,106.5,ハナ,13,50.6,34.2,7-7,美浦 稲垣,518,0,
202504040107,2025-10-18,新潟,7,3歳以上1勝クラス,芝,1800,左,曇,良,"4回 新潟 1日目 サラ系３歳以上 １勝クラス       定量 18頭 本賞金:800,320,200,120,80万円",18,800.0,12,6,11,ツインクルステージ,牝,4,53.0,▲石神道,106.5,クビ,14,123.0,34.5,4-4,美浦 高木,496,0,
202504040107,2025-10-18,新潟,7,3歳以上1勝クラス,芝,1800,左,曇,良,"4回 新潟 1日目 サラ系３歳以上 １勝クラス       定量 18頭 本賞金:800,320,200,120,80万円",18,800.0,13,5,10,ポタリング,セ,3,56.0,江田照,106.6,1/2,7,19.2,34.1,10-10,美浦 武藤,442,16,
202504040107,2025-10-18,新潟,7,3歳以上1勝クラス,芝,1800,左,曇,良,"4回 新潟 1日目 サラ系３歳以上 １勝クラス       定量 18頭 本賞金:800,320,200,120,80万円",18,800.0,14,4,7,ウインリベラシオン,牡,3,56.0,小沢,106.6,アタマ,8,28.0,34.3,7-7,栗東 緒方,486,4,
202504040107,2025-10-18,新潟,7,3歳以上1勝クラス,芝,1800,左,曇,良,"4回 新潟 1日目 サラ系３歳以上 １勝クラス       定量 18頭 本賞金:800,320,200,120,80万円",18,800.0,15,5,9,ヴォラヴィア,牡,3,56.0,秋山稔,107.3,4,15,123.2,35.6,1-1,栗東 杉山佳,446,-12,
202504040107,2025-10-18,新潟,7,3歳以上1勝クラス,芝,1800,左,曇,良,"4回 新潟 1日目 サラ系３歳以上 １勝クラス       定量 18頭 本賞金:800,320,200,120,80万円",18,800.0,16,3,6,オーサムピクチャ,牝,4,54.0,◇永島,107.4,クビ,16,157.1,33.8,18-18,栗東 佐々木,438,4,
202504040107,2025-10-18,新潟,7,3歳以上1勝クラス,芝,1800,左,曇,良,"4回 新潟 1日目 サラ系３歳以上 １勝クラス       定量 18頭 本賞金:800,320,200,120,80万円",18,800.0,17,2,4,サトノシュタール,牡,3,56.0,荻野極,108.0,3.1/2,10,33.5,35.7,7-7,美浦 国枝,506,0,
202504040107,2025-10-18,新潟,7,3歳以上1勝クラス,芝,1800,左,曇,良,"4回 新潟 1日目 サラ系３歳以上 １勝クラス       定量 18頭 本賞金:800,320,200,120,80万円",18,800.0,18,8,17,ムゾラシカ,牝,3,54.0,野中,108.6,3.1/2,18,670.3,35.5,16-15,美浦 根本,458,6,
202504040107,2025-10-18,新潟,7,3歳以上1勝クラス,芝,1800,左,曇,良,"4回 新潟 1日目 サラ系３歳以上 １勝クラス       定量 18頭 本賞金:800,320,200,120,80万円",18,800.0,,1,14,ソルトブリーズ,,,95.0,92,,12.8,8,11.3,4.0,11.6,4,,,
202504040107,2025-10-18,新潟,7,3歳以上1勝クラス,芝,1800,左,曇,良,"4回 新潟 1日目 サラ系３歳以上 １勝クラス       定量 18頭 本賞金:800,320,200,120,80万円",18,800.0,,1,14,ソルトブリーズ,,,,-,,-,,,,-,-,,,
202504040108,2025-10-18,新潟,8,3歳以上1勝クラス,ダ,1200,左,曇,良,"4回 新潟 1日目 サラ系３歳以上 １勝クラス       見習騎手 定量 15頭 本賞金:800,320,200,120,80万円",15,800.0,1,1,1,ミッキーマカパ,牡,3,54.0,▲舟山,71.7,,2,3.6,37.9,1-1,美浦 田中博,522,8,
202504040108,2025-10-18,新潟,8,3歳以上1勝クラス,ダ,1200,左,曇,良,"4回 新潟 1日目 サラ系３歳以上 １勝クラス       見習騎手 定量 15頭 本賞金:800,320,200,120,80万円",15,800.0,2,2,2,ゲーベル,牡,4,58.0,小沢,71.9,3/4,3,5.7,38.0,2-2,栗東 渡辺,528,-8,
202504040108,2025-10-18,新潟,8,3歳以上1勝クラス,ダ,1200,左,曇,良,"4回 新潟 1日目 サラ系３歳以上 １勝クラス       見習騎手 定量 15頭 本賞金:800,320,200,120,80万円",15,800.0,3,8,15,アツキヤマト,牡,4,58.0,小林凌,72.0,1/2,5,7.7,37.5,5-5,美浦 小西,512,10,
202504040108,2025-10-18,新潟,8,3歳以上1勝クラス,ダ,1200,左,曇,良,"4回 新潟 1日目 サラ系３歳以上 １勝クラス       見習騎手 定量 15頭 本賞金:800,320,200,120,80万円",15,800.0,4,5,8,ノビル,牝,4,54.0,◇永島,72.3,1.3/4,11,50.5,37.4,10-10,栗東 鈴木孝,438,8,
202504040108,2025-10-18,新潟,8,3歳以上1勝クラス,ダ,1200,左,曇,良,"4回 新潟 1日目 サラ系３歳以上 １勝クラス       見習騎手 定量 15頭 本賞金:800,320,200,120,80万円",15,800.0,5,6,11,ペイシャスウィフト,牝,4,53.0,▲和田陽,72.3,クビ,6,16.5,38.2,3-3,美浦 本間,506,-10,
202504040108,2025-10-18,新潟,8,3歳以上1勝クラス,ダ,1200,左,曇,良,"4回 新潟 1日目 サラ系３歳以上 １勝クラス       見習騎手 定量 15頭 本賞金:800,320,200,120,80万円",15,800.0,6,8,14,トモジャアルマンド,牡,8,56.0,△鷲頭,72.3,ハナ,9,38.3,37.9,5-5,栗東 大根田,506,4,
202504040108,2025-10-18,新潟,8,3歳以上1勝クラス,ダ,1200,左,曇,良,"4回 新潟 1日目 サラ系３歳以上 １勝クラス       見習騎手 定量 15頭 本賞金:800,320,200,120,80万円",15,800.0,7,5,9,エスグラシア,牝,6,53.0,▲上里,72.4,1/2,14,222.7,37.3,12-12,美浦 加藤和,476,-2,
202504040108,2025-10-18,新潟,8,3歳以上1勝クラス,ダ,1200,左,曇,良,"4回 新潟 1日目 サラ系３歳以上 １勝クラス       見習騎手 定量 15頭 本賞金:800,320,200,120,80万円",15,800.0,8,7,13,サンライズジュピタ,牡,3,57.0,小林脩,72.4,クビ,4,7.4,37.8,8-7,栗東 石坂,506,2,
202504040108,2025-10-18,新潟,8,3歳以上1勝クラス,ダ,1200,左,曇,良,"4回 新潟 1日目 サラ系３歳以上 １勝クラス       見習騎手 定量 15頭 本賞金:800,320,200,120,80万円",15,800.0,9,6,10,ディニトーソ,牡,3,55.0,◇今村,72.6,1,1,3.5,38.2,5-7,栗東 辻野,468,0,
202504040108,2025-10-18,新潟,8,3歳以上1勝クラス,ダ,1200,左,曇,良,"4回 新潟 1日目 サラ系３歳以上 １勝クラス       見習騎手 定量 15頭 本賞金:800,320,200,120,80万円",15,800.0,10,3,5,ゲクウ,牡,3,54.0,▲石田,72.7,クビ,12,71.9,37.7,12-11,美浦 小手川,502,6,
202504040108,2025-10-18,新潟,8,3歳以上1勝クラス,ダ,1200,左,曇,良,"4回 新潟 1日目 サラ系３歳以上 １勝クラス       見習騎手 定量 15頭 本賞金:800,320,200,120,80万円",15,800.0,11,2,3,ライヴドライバー,牡,3,53.0,★河原田,72.9,1.1/2,8,26.6,38.2,8-9,美浦 尾形,514,-4,
202504040108,2025-10-18,新潟,8,3歳以上1勝クラス,ダ,1200,左,曇,良,"4回 新潟 1日目 サラ系３歳以上 １勝クラス       見習騎手 定量 15頭 本賞金:800,320,200,120,80万円",15,800.0,12,3,4,メイショウハボマイ,牡,3,56.0,☆松本,73.4,3,13,85.2,38.5,10-12,栗東 本田,460,-8,
202504040108,2025-10-18,新潟,8,3歳以上1勝クラス,ダ,1200,左,曇,良,"4回 新潟 1日目 サラ系３歳以上 １勝クラス       見習騎手 定量 15頭 本賞金:800,320,200,120,80万円",15,800.0,13,4,6,ダニエルバローズ,牡,3,57.0,泉谷,73.5,1/2,7,17.6,39.4,3-4,栗東 杉山晴,534,4,
202504040108,2025-10-18,新潟,8,3歳以上1勝クラス,ダ,1200,左,曇,良,"4回 新潟 1日目 サラ系３歳以上 １勝クラス       見習騎手 定量 15頭 本賞金:800,320,200,120,80万円",15,800.0,14,4,7,アイファーリーベン,牝,6,53.0,▲橋木,74.4,5,15,555.2,39.0,15-14,美浦 的場,462,2,
202504040108,2025-10-18,新潟,8,3歳以上1勝クラス,ダ,1200,左,曇,良,"4回 新潟 1日目 サラ系３歳以上 １勝クラス       見習騎手 定量 15頭 本賞金:800,320,200,120,80万円",15,800.0,15,7,12,トモサカエ,牝,4,56.0,横山琉,74.5,1/2,10,38.7,39.2,14-14,美浦 大竹,534,-11,
202504040108,2025-10-18,新潟,8,3歳以上1勝クラス,ダ,1200,左,曇,良,"4回 新潟 1日目 サラ系３歳以上 １勝クラス       見習騎手 定量 15頭 本賞金:800,320,200,120,80万円",15,800.0,,1,1,ミッキーマカパ,,,107.0,107,,12.0,3,10.5,2.0,11.3,1,,,
202504040108,2025-10-18,新潟,8,3歳以上1勝クラス,ダ,1200,左,曇,良,"4回 新潟 1日目 サラ系３歳以上 １勝クラス       見習騎手 定量 15頭 本賞金:800,320,200,120,80万円",15,800.0,,1,1,ミッキーマカパ,,,,-,,-,,,,-,-,,,
202504040109,2025-10-18,新潟,9,岩船特別,芝,2200,左,曇,良,"4回 新潟 1日目 サラ系３歳以上 １勝クラス       (混) 定量 15頭 本賞金:1110,440,280,170,111万円",15,1110.0,1,2,2,レーヴドロペラ,牝,3,53.0,吉田隼,132.8,,4,9.1,35.7,4-6-5-6,美浦 加藤士,462,12,
202504040109,2025-10-18,新潟,9,岩船特別,芝,2200,左,曇,良,"4回 新潟 1日目 サラ系３歳以上 １勝クラス       (混) 定量 15頭 本賞金:1110,440,280,170,111万円",15,1110.0,2,3,5,ドマーネ,牝,3,53.0,国分恭,132.9,1/2,3,8.5,35.1,12-12-12-10,栗東 辻野,434,-4,
202504040109,2025-10-18,新潟,9,岩船特別,芝,2200,左,曇,良,"4回 新潟 1日目 サラ系３歳以上 １勝クラス       (混) 定量 15頭 本賞金:1110,440,280,170,111万円",15,1110.0,3,7,12,スイートオレンジ,牝,3,53.0,横山琉,132.9,クビ,9,19.6,36.2,2-2-2-2,美浦 中川,458,0,
202504040109,2025-10-18,新潟,9,岩船特別,芝,2200,左,曇,良,"4回 新潟 1日目 サラ系３歳以上 １勝クラス       (混) 定量 15頭 本賞金:1110,440,280,170,111万円",15,1110.0,4,1,1,グランセゾン,牝,3,53.0,松山,133.0,クビ,1,3.5,35.7,8-9-7-8,美浦 栗田,466,4,
202504040109,2025-10-18,新潟,9,岩船特別,芝,2200,左,曇,良,"4回 新潟 1日目 サラ系３歳以上 １勝クラス       (混) 定量 15頭 本賞金:1110,440,280,170,111万円",15,1110.0,5,8,14,ビップチェイス,牡,4,58.0,江田照,133.0,アタマ,5,9.9,36.4,1-1-1-1,美浦 田島,466,0,
202504040109,2025-10-18,新潟,9,岩船特別,芝,2200,左,曇,良,"4回 新潟 1日目 サラ系３歳以上 １勝クラス       (混) 定量 15頭 本賞金:1110,440,280,170,111万円",15,1110.0,6,2,3,テイキットイージー,牡,4,58.0,丸山,133.1,3/4,12,111.6,34.9,14-14-13-13,美浦 萱野,438,-4,
202504040109,2025-10-18,新潟,9,岩船特別,芝,2200,左,曇,良,"4回 新潟 1日目 サラ系３歳以上 １勝クラス       (混) 定量 15頭 本賞金:1110,440,280,170,111万円",15,1110.0,7,5,8,ジェットブレード,牡,3,55.0,菊沢,133.3,1,7,12.3,35.8,11-9-9-8,美浦 青木,484,10,
202504040109,2025-10-18,新潟,9,岩船特別,芝,2200,左,曇,良,"4回 新潟 1日目 サラ系３歳以上 １勝クラス       (混) 定量 15頭 本賞金:1110,440,280,170,111万円",15,1110.0,8,4,6,イゾレエオリア,牝,5,56.0,荻野極,133.4,クビ,8,17.6,36.5,2-3-4-4,美浦 伊藤大,466,-10,
202504040109,2025-10-18,新潟,9,岩船特別,芝,2200,左,曇,良,"4回 新潟 1日目 サラ系３歳以上 １勝クラス       (混) 定量 15頭 本賞金:1110,440,280,170,111万円",15,1110.0,9,6,10,ペリプルス,牡,5,58.0,国分優,133.6,1.1/4,13,159.7,35.9,13-13-11-10,美浦 佐藤吉,448,2,
202504040109,2025-10-18,新潟,9,岩船特別,芝,2200,左,曇,良,"4回 新潟 1日目 サラ系３歳以上 １勝クラス       (混) 定量 15頭 本賞金:1110,440,280,170,111万円",15,1110.0,10,3,4,ラブカ,牡,4,58.0,小沢,133.6,クビ,6,10.6,36.3,8-7-7-7,栗東 今野,454,2,
202504040109,2025-10-18,新潟,9,岩船特別,芝,2200,左,曇,良,"4回 新潟 1日目 サラ系３歳以上 １勝クラス       (混) 定量 15頭 本賞金:1110,440,280,170,111万円",15,1110.0,11,5,9,コスモイシュタル,牝,3,53.0,丹内,133.6,クビ,2,3.7,36.6,4-5-5-4,美浦 深山,430,-4,
202504040109,2025-10-18,新潟,9,岩船特別,芝,2200,左,曇,良,"4回 新潟 1日目 サラ系３歳以上 １勝クラス       (混) 定量 15頭 本賞金:1110,440,280,170,111万円",15,1110.0,12,4,7,ハルノドゥミプリエ,牝,4,56.0,亀田,133.7,3/4,15,382.0,35.3,15-15-15-14,美浦 勢司,456,-12,
202504040109,2025-10-18,新潟,9,岩船特別,芝,2200,左,曇,良,"4回 新潟 1日目 サラ系３歳以上 １勝クラス       (混) 定量 15頭 本賞金:1110,440,280,170,111万円",15,1110.0,13,8,15,トラストモアリズム,牝,3,53.0,今村,134.8,7,10,20.9,38.1,4-3-2-2,美浦 高橋文,412,-8,
202504040109,2025-10-18,新潟,9,岩船特別,芝,2200,左,曇,良,"4回 新潟 1日目 サラ系３歳以上 １勝クラス       (混) 定量 15頭 本賞金:1110,440,280,170,111万円",15,1110.0,14,7,13,デルタフォー,牡,3,55.0,斎藤,135.7,5,11,63.5,38.2,8-9-9-10,栗東 藤岡,536,10,
202504040109,2025-10-18,新潟,9,岩船特別,芝,2200,左,曇,良,"4回 新潟 1日目 サラ系３歳以上 １勝クラス       (混) 定量 15頭 本賞金:1110,440,280,170,111万円",15,1110.0,15,6,11,ハナアヤメ,牝,4,56.0,太宰,135.8,クビ,14,179.3,37.6,7-7-13-15,栗東 昆,506,-12,
202504040109,2025-10-18,新潟,9,岩船特別,芝,2200,左,曇,良,"4回 新潟 1日目 サラ系３歳以上 １勝クラス       (混) 定量 15頭 本賞金:1110,440,280,170,111万円",15,1110.0,,1,2,レーヴドロペラ,,,98.0,90,,13.2,4,11.1,2.0,11.8,2,,,
202504040109,2025-10-18,新潟,9,岩船特別,芝,2200,左,曇,良,"4回 新潟 1日目 サラ系３歳以上 １勝クラス       (混) 定量 15頭 本賞金:1110,440,280,170,111万円",15,1110.0,,1,2,レーヴドロペラ,,,,-,,-,,,,-,-,,,
202504040110,2025-10-18,新潟,10,妙高特別,ダ,1200,左,曇,良,"4回 新潟 1日目 サラ系３歳以上 ２勝クラス       (混) 定量 15頭 本賞金:1550,620,390,230,155万円",15,1550.0,1,6,10,ファムエレガンテ,牝,3,55.0,丹内,71.2,,2,3.5,36.8,4-5,栗東 中村,482,10,
202504040110,2025-10-18,新潟,10,妙高特別,ダ,1200,左,曇,良,"4回 新潟 1日目 サラ系３歳以上 ２勝クラス       (混) 定量 15頭 本賞金:1550,620,390,230,155万円",15,1550.0,2,3,5,ザウリ,牡,6,58.0,丸山,71.5,1.3/4,6,21.9,36.9,6-5,栗東 森田,540,4,
202504040110,2025-10-18,新潟,10,妙高特別,ダ,1200,左,曇,良,"4回 新潟 1日目 サラ系３歳以上 ２勝クラス       (混) 定量 15頭 本賞金:1550,620,390,230,155万円",15,1550.0,3,7,12,ミスエル,牡,4,58.0,菊沢,71.8,2,7,25.4,36.4,14-12,美浦 菊沢,478,0,
202504040110,2025-10-18,新潟,10,妙高特別,ダ,1200,左,曇,良,"4回 新潟 1日目 サラ系３歳以上 ２勝クラス       (混) 定量 15頭 本賞金:1550,620,390,230,155万円",15,1550.0,4,8,14,ストリンジェンド,牡,5,58.0,亀田,71.9,1/2,5,15.5,37.3,6-7,栗東 加藤公,482,8,
202504040110,2025-10-18,新潟,10,妙高特別,ダ,1200,左,曇,良,"4回 新潟 1日目 サラ系３歳以上 ２勝クラス       (混) 定量 15頭 本賞金:1550,620,390,230,155万円",15,1550.0,5,7,13,スペキオサレジーナ,牝,5,56.0,黛,72.3,2.1/2,9,42.2,36.7,15-15,美浦 森一,482,8,
202504040110,2025-10-18,新潟,10,妙高特別,ダ,1200,左,曇,良,"4回 新潟 1日目 サラ系３歳以上 ２勝クラス       (混) 定量 15頭 本賞金:1550,620,390,230,155万円",15,1550.0,6,2,3,サンディブロンド,牝,4,56.0,荻野極,72.3,ハナ,8,41.4,38.0,4-3,美浦 鈴木慎,488,2,
202504040110,2025-10-18,新潟,10,妙高特別,ダ,1200,左,曇,良,"4回 新潟 1日目 サラ系３歳以上 ２勝クラス       (混) 定量 15頭 本賞金:1550,620,390,230,155万円",15,1550.0,7,4,6,ダズリングダンス,セ,5,58.0,西塚,72.4,クビ,1,2.4,38.3,2-2,栗東 小椋,492,4,
202504040110,2025-10-18,新潟,10,妙高特別,ダ,1200,左,曇,良,"4回 新潟 1日目 サラ系３歳以上 ２勝クラス       (混) 定量 15頭 本賞金:1550,620,390,230,155万円",15,1550.0,8,2,2,モリノセピア,牡,4,58.0,横山琉,72.4,ハナ,4,6.6,38.4,1-1,美浦 鈴木伸,490,4,
202504040110,2025-10-18,新潟,10,妙高特別,ダ,1200,左,曇,良,"4回 新潟 1日目 サラ系３歳以上 ２勝クラス       (混) 定量 15頭 本賞金:1550,620,390,230,155万円",15,1550.0,9,4,7,バンブトンプロ,牡,5,58.0,丸田,72.6,1.1/4,14,198.8,37.6,11-8,美浦 粕谷,500,6,
202504040110,2025-10-18,新潟,10,妙高特別,ダ,1200,左,曇,良,"4回 新潟 1日目 サラ系３歳以上 ２勝クラス       (混) 定量 15頭 本賞金:1550,620,390,230,155万円",15,1550.0,10,5,9,ヴェラリーシャ,牝,4,56.0,小林凌,72.7,3/4,15,340.6,38.5,3-3,美浦 伊藤圭,488,10,
202504040110,2025-10-18,新潟,10,妙高特別,ダ,1200,左,曇,良,"4回 新潟 1日目 サラ系３歳以上 ２勝クラス       (混) 定量 15頭 本賞金:1550,620,390,230,155万円",15,1550.0,11,6,11,ジャスパーバローズ,牡,5,58.0,松山,72.9,1.1/4,3,6.5,37.6,12-12,栗東 清水久,510,-2,
202504040110,2025-10-18,新潟,10,妙高特別,ダ,1200,左,曇,良,"4回 新潟 1日目 サラ系３歳以上 ２勝クラス       (混) 定量 15頭 本賞金:1550,620,390,230,155万円",15,1550.0,12,3,4,ダークンストーミー,牡,5,58.0,江田照,73.0,1/2,13,178.4,38.1,9-8,美浦 小笠,454,10,
202504040110,2025-10-18,新潟,10,妙高特別,ダ,1200,左,曇,良,"4回 新潟 1日目 サラ系３歳以上 ２勝クラス       (混) 定量 15頭 本賞金:1550,620,390,230,155万円",15,1550.0,13,5,8,ホワイトターフ,牝,6,56.0,小沢,73.4,2.1/2,11,56.7,38.1,12-14,美浦 清水英,468,0,
202504040110,2025-10-18,新潟,10,妙高特別,ダ,1200,左,曇,良,"4回 新潟 1日目 サラ系３歳以上 ２勝クラス       (混) 定量 15頭 本賞金:1550,620,390,230,155万円",15,1550.0,14,8,15,オーロラアーク,牝,6,56.0,富田,73.5,3/4,12,74.6,38.6,9-11,美浦 石栗,460,0,
202504040110,2025-10-18,新潟,10,妙高特別,ダ,1200,左,曇,良,"4回 新潟 1日目 サラ系３歳以上 ２勝クラス       (混) 定量 15頭 本賞金:1550,620,390,230,155万円",15,1550.0,15,1,1,イナフセド,牡,5,58.0,斎藤,73.9,2,10,52.3,39.2,6-8,栗東 小林,484,2,
202504040110,2025-10-18,新潟,10,妙高特別,ダ,1200,左,曇,良,"4回 新潟 1日目 サラ系３歳以上 ２勝クラス       (混) 定量 15頭 本賞金:1550,620,390,230,155万円",15,1550.0,,1,10,ファムエレガンテ,,,105.0,102,,12.0,6,10.8,5.0,11.6,4,,,
202504040110,2025-10-18,新潟,10,妙高特別,ダ,1200,左,曇,良,"4回 新潟 1日目 サラ系３歳以上 ２勝クラス       (混) 定量 15頭 本賞金:1550,620,390,230,155万円",15,1550.0,,1,10,ファムエレガンテ,,,,-,,-,,,,-,-,,,
202504040111,2025-10-18,新潟,11,北陸S,芝,1200,左,曇,良,"4回 新潟 1日目 サラ系３歳以上 ３勝クラス       (混) ハンデ 18頭 本賞金:1840,740,460,280,184万円",18,1840.0,1,6,12,フリッカージャブ,牡,3,56.0,松山,68.0,,1,1.6,34.1,1-1,栗東 西園翔,494,4,
202504040111,2025-10-18,新潟,11,北陸S,芝,1200,左,曇,良,"4回 新潟 1日目 サラ系３歳以上 ３勝クラス       (混) ハンデ 18頭 本賞金:1840,740,460,280,184万円",18,1840.0,2,8,18,ソルトクィーン,牝,4,55.0,富田,68.4,2,5,14.1,34.4,2-2,栗東 武英,450,8,
202504040111,2025-10-18,新潟,11,北陸S,芝,1200,左,曇,良,"4回 新潟 1日目 サラ系３歳以上 ３勝クラス       (混) ハンデ 18頭 本賞金:1840,740,460,280,184万円",18,1840.0,3,7,13,ルーフ,牝,5,54.0,丹内,68.7,2,7,19.1,34.1,6-6,栗東 清水久,506,4,
202504040111,2025-10-18,新潟,11,北陸S,芝,1200,左,曇,良,"4回 新潟 1日目 サラ系３歳以上 ３勝クラス       (混) ハンデ 18頭 本賞金:1840,740,460,280,184万円",18,1840.0,4,8,16,エマヌエーレ,牡,5,56.0,横山琉,68.8,1/2,3,12.6,33.7,11-10,栗東 平田,500,-10,
202504040111,2025-10-18,新潟,11,北陸S,芝,1200,左,曇,良,"4回 新潟 1日目 サラ系３歳以上 ３勝クラス       (混) ハンデ 18頭 本賞金:1840,740,460,280,184万円",18,1840.0,5,4,7,ショウナンラスボス,牡,7,53.0,江田照,68.8,ハナ,17,131.1,34.6,4-4,美浦 奥村武,468,2,
202504040111,2025-10-18,新潟,11,北陸S,芝,1200,左,曇,良,"4回 新潟 1日目 サラ系３歳以上 ３勝クラス       (混) ハンデ 18頭 本賞金:1840,740,460,280,184万円",18,1840.0,6,3,6,レッドエヴァンス,セ,4,56.0,西塚,68.9,クビ,8,21.5,33.5,15-12,栗東 東田,494,-6,
202504040111,2025-10-18,新潟,11,北陸S,芝,1200,左,曇,良,"4回 新潟 1日目 サラ系３歳以上 ３勝クラス       (混) ハンデ 18頭 本賞金:1840,740,460,280,184万円",18,1840.0,7,1,1,イサチルシーサイド,牡,4,57.0,木幡初,68.9,ハナ,9,24.8,34.3,6-6,美浦 竹内,486,6,
202504040111,2025-10-18,新潟,11,北陸S,芝,1200,左,曇,良,"4回 新潟 1日目 サラ系３歳以上 ３勝クラス       (混) ハンデ 18頭 本賞金:1840,740,460,280,184万円",18,1840.0,8,8,17,トールキン,牡,5,56.0,斎藤,69.0,3/4,14,98.8,34.3,8-6,栗東 西園正,498,-2,
202504040111,2025-10-18,新潟,11,北陸S,芝,1200,左,曇,良,"4回 新潟 1日目 サラ系３歳以上 ３勝クラス       (混) ハンデ 18頭 本賞金:1840,740,460,280,184万円",18,1840.0,9,1,2,アルトシュタット,牡,6,55.0,松本,69.2,1,18,135.5,34.3,9-9,栗東 安田,480,4,
202504040111,2025-10-18,新潟,11,北陸S,芝,1200,左,曇,良,"4回 新潟 1日目 サラ系３歳以上 ３勝クラス       (混) ハンデ 18頭 本賞金:1840,740,460,280,184万円",18,1840.0,10,7,15,シカゴスティング,牝,4,54.0,荻野極,69.2,ハナ,6,17.8,34.1,11-10,栗東 庄野,458,8,
202504040111,2025-10-18,新潟,11,北陸S,芝,1200,左,曇,良,"4回 新潟 1日目 サラ系３歳以上 ３勝クラス       (混) ハンデ 18頭 本賞金:1840,740,460,280,184万円",18,1840.0,11,2,4,ウルトラソニック,牡,7,53.0,柴田裕,69.2,クビ,13,92.1,34.0,13-12,栗東 中尾,472,6,
202504040111,2025-10-18,新潟,11,北陸S,芝,1200,左,曇,良,"4回 新潟 1日目 サラ系３歳以上 ３勝クラス       (混) ハンデ 18頭 本賞金:1840,740,460,280,184万円",18,1840.0,12,5,10,ソノママソノママ,牝,5,54.0,泉谷,69.2,アタマ,11,49.1,35.1,3-3,栗東 奥村豊,446,-6,
202504040111,2025-10-18,新潟,11,北陸S,芝,1200,左,曇,良,"4回 新潟 1日目 サラ系３歳以上 ３勝クラス       (混) ハンデ 18頭 本賞金:1840,740,460,280,184万円",18,1840.0,13,7,14,ハピネスアゲン,牝,6,53.0,野中,69.4,1,12,72.4,33.7,18-17,美浦 萱野,464,-2,
202504040111,2025-10-18,新潟,11,北陸S,芝,1200,左,曇,良,"4回 新潟 1日目 サラ系３歳以上 ３勝クラス       (混) ハンデ 18頭 本賞金:1840,740,460,280,184万円",18,1840.0,14,2,3,パクスロマーナ,牝,5,55.0,杉原,69.5,1/2,10,34.4,34.3,13-12,栗東 加藤公,448,12,
202504040111,2025-10-18,新潟,11,北陸S,芝,1200,左,曇,良,"4回 新潟 1日目 サラ系３歳以上 ３勝クラス       (混) ハンデ 18頭 本賞金:1840,740,460,280,184万円",18,1840.0,15,3,5,テイエムタリスマ,牡,4,55.0,国分恭,69.6,1/2,16,115.7,34.1,15-17,栗東 高橋一,472,-2,
202504040111,2025-10-18,新潟,11,北陸S,芝,1200,左,曇,良,"4回 新潟 1日目 サラ系３歳以上 ３勝クラス       (混) ハンデ 18頭 本賞金:1840,740,460,280,184万円",18,1840.0,16,5,9,エコロジーク,牡,3,56.0,丸山,69.6,クビ,2,8.9,35.2,5-4,栗東 森秀,504,10,
202504040111,2025-10-18,新潟,11,北陸S,芝,1200,左,曇,良,"4回 新潟 1日目 サラ系３歳以上 ３勝クラス       (混) ハンデ 18頭 本賞金:1840,740,460,280,184万円",18,1840.0,17,6,11,アスティスプマンテ,牝,4,54.0,小沢,69.7,クビ,4,13.8,34.7,9-12,栗東 佐藤悠,440,-6,
202504040111,2025-10-18,新潟,11,北陸S,芝,1200,左,曇,良,"4回 新潟 1日目 サラ系３歳以上 ３勝クラス       (混) ハンデ 18頭 本賞金:1840,740,460,280,184万円",18,1840.0,18,4,8,グレタ,牝,6,52.0,永島,70.1,2.1/2,15,100.5,34.7,15-16,美浦 清水英,476,-2,
202504040111,2025-10-18,新潟,11,北陸S,芝,1200,左,曇,良,"4回 新潟 1日目 サラ系３歳以上 ３勝クラス       (混) ハンデ 18頭 本賞金:1840,740,460,280,184万円",18,1840.0,,1,12,フリッカージャブ,,,98.0,97,,11.9,4,10.8,1.0,11.2,1,,,
202504040111,2025-10-18,新潟,11,北陸S,芝,1200,左,曇,良,"4回 新潟 1日目 サラ系３歳以上 ３勝クラス       (混) ハンデ 18頭 本賞金:1840,740,460,280,184万円",18,1840.0,,1,12,フリッカージャブ,,,,-,,-,,,,-,-,,,
202504040112,2025-10-18,新潟,12,3歳以上1勝クラス,芝,1000,直線,小雨,良,"4回 新潟 1日目 サラ系３歳以上 １勝クラス       定量 18頭 本賞金:800,320,200,120,80万円",18,800.0,1,7,14,シュラフ,牝,3,55.0,嶋田,55.3,,2,4.8,32.9,5,美浦 佐藤吉,442,8,
202504040112,2025-10-18,新潟,12,3歳以上1勝クラス,芝,1000,直線,小雨,良,"4回 新潟 1日目 サラ系３歳以上 １勝クラス       定量 18頭 本賞金:800,320,200,120,80万円",18,800.0,2,7,15,パレスドフィーヌ,牝,4,56.0,丸山,55.3,アタマ,4,7.5,32.6,9,美浦 鈴木慎,494,-2,
202504040112,2025-10-18,新潟,12,3歳以上1勝クラス,芝,1000,直線,小雨,良,"4回 新潟 1日目 サラ系３歳以上 １勝クラス       定量 18頭 本賞金:800,320,200,120,80万円",18,800.0,3,4,7,カウンターセブン,牡,3,57.0,丹内,55.4,アタマ,3,5.7,32.7,9,美浦 村田,494,2,
202504040112,2025-10-18,新潟,12,3歳以上1勝クラス,芝,1000,直線,小雨,良,"4回 新潟 1日目 サラ系３歳以上 １勝クラス       定量 18頭 本賞金:800,320,200,120,80万円",18,800.0,4,3,5,ラブカムーン,牝,4,52.0,★河原田,55.7,2,14,123.8,33.4,2,栗東 千田,482,10,
202504040112,2025-10-18,新潟,12,3歳以上1勝クラス,芝,1000,直線,小雨,良,"4回 新潟 1日目 サラ系３歳以上 １勝クラス       定量 18頭 本賞金:800,320,200,120,80万円",18,800.0,5,6,11,マオノボルケーノ,牝,4,53.0,▲舟山,55.8,クビ,11,53.5,32.7,14,美浦 辻,462,6,
202504040112,2025-10-18,新潟,12,3歳以上1勝クラス,芝,1000,直線,小雨,良,"4回 新潟 1日目 サラ系３歳以上 １勝クラス       定量 18頭 本賞金:800,320,200,120,80万円",18,800.0,6,8,17,リアンエターナル,牝,3,55.0,菊沢,55.9,1/2,6,11.8,33.7,1,美浦 武藤,442,14,
202504040112,2025-10-18,新潟,12,3歳以上1勝クラス,芝,1000,直線,小雨,良,"4回 新潟 1日目 サラ系３歳以上 １勝クラス       定量 18頭 本賞金:800,320,200,120,80万円",18,800.0,7,8,16,ザブルース,牝,4,56.0,小林凌,55.9,アタマ,8,26.6,32.9,12,美浦 土田,428,0,
202504040112,2025-10-18,新潟,12,3歳以上1勝クラス,芝,1000,直線,小雨,良,"4回 新潟 1日目 サラ系３歳以上 １勝クラス       定量 18頭 本賞金:800,320,200,120,80万円",18,800.0,8,3,6,フラッシュポイント,牝,3,55.0,杉原,55.9,クビ,1,3.0,33.5,5,美浦 西田,502,-2,
202504040112,2025-10-18,新潟,12,3歳以上1勝クラス,芝,1000,直線,小雨,良,"4回 新潟 1日目 サラ系３歳以上 １勝クラス       定量 18頭 本賞金:800,320,200,120,80万円",18,800.0,9,2,3,アーコレード,牝,4,56.0,丸田,56.0,クビ,18,358.8,32.7,15,美浦 奥村武,472,2,
202504040112,2025-10-18,新潟,12,3歳以上1勝クラス,芝,1000,直線,小雨,良,"4回 新潟 1日目 サラ系３歳以上 １勝クラス       定量 18頭 本賞金:800,320,200,120,80万円",18,800.0,10,8,18,シャトーボビー,牡,5,55.0,▲上里,56.0,アタマ,9,37.4,33.6,5,美浦 菊川,480,6,
202504040112,2025-10-18,新潟,12,3歳以上1勝クラス,芝,1000,直線,小雨,良,"4回 新潟 1日目 サラ系３歳以上 １勝クラス       定量 18頭 本賞金:800,320,200,120,80万円",18,800.0,11,2,4,ヒメカミノイタダキ,牡,6,58.0,横山琉,56.1,クビ,13,109.5,33.5,8,美浦 武市,504,-4,
202504040112,2025-10-18,新潟,12,3歳以上1勝クラス,芝,1000,直線,小雨,良,"4回 新潟 1日目 サラ系３歳以上 １勝クラス       定量 18頭 本賞金:800,320,200,120,80万円",18,800.0,12,7,13,サイコウダネ,牡,4,55.0,▲和田陽,56.1,クビ,17,166.4,33.2,11,美浦 天間,452,-18,
202504040112,2025-10-18,新潟,12,3歳以上1勝クラス,芝,1000,直線,小雨,良,"4回 新潟 1日目 サラ系３歳以上 １勝クラス       定量 18頭 本賞金:800,320,200,120,80万円",18,800.0,13,5,9,レイム,牝,4,54.0,◇永島,56.2,1/2,15,141.9,33.2,12,栗東 高橋康,454,0,
202504040112,2025-10-18,新潟,12,3歳以上1勝クラス,芝,1000,直線,小雨,良,"4回 新潟 1日目 サラ系３歳以上 １勝クラス       定量 18頭 本賞金:800,320,200,120,80万円",18,800.0,14,1,2,ジョウゲンノツキ,牝,4,56.0,斎藤,56.3,1/2,10,41.8,32.9,16,栗東 牧田,454,6,
202504040112,2025-10-18,新潟,12,3歳以上1勝クラス,芝,1000,直線,小雨,良,"4回 新潟 1日目 サラ系３歳以上 １勝クラス       定量 18頭 本賞金:800,320,200,120,80万円",18,800.0,15,4,8,ハッピーパンニャ,牡,5,57.0,☆西塚,56.4,3/4,5,10.3,32.9,18,美浦 鈴木伸,496,-4,
202504040112,2025-10-18,新潟,12,3歳以上1勝クラス,芝,1000,直線,小雨,良,"4回 新潟 1日目 サラ系３歳以上 １勝クラス       定量 18頭 本賞金:800,320,200,120,80万円",18,800.0,16,6,12,ノーブルオリンポス,セ,3,57.0,武藤,56.6,1.1/2,7,15.4,34.3,2,美浦 武藤,440,6,
202504040112,2025-10-18,新潟,12,3歳以上1勝クラス,芝,1000,直線,小雨,良,"4回 新潟 1日目 サラ系３歳以上 １勝クラス       定量 18頭 本賞金:800,320,200,120,80万円",18,800.0,17,1,1,ラインパシオン,牝,3,52.0,▲佐藤,56.8,3/4,16,154.7,33.4,16,美浦 水野,392,2,
202504040112,2025-10-18,新潟,12,3歳以上1勝クラス,芝,1000,直線,小雨,良,"4回 新潟 1日目 サラ系３歳以上 １勝クラス       定量 18頭 本賞金:800,320,200,120,80万円",18,800.0,18,5,10,ハッピーダンシング,牝,3,52.0,▲石神道,57.4,4,12,57.1,35.1,2,美浦 和田郎,434,-10,
202504040112,2025-10-18,新潟,12,3歳以上1勝クラス,芝,1000,直線,小雨,良,"4回 新潟 1日目 サラ系３歳以上 １勝クラス       定量 18頭 本賞金:800,320,200,120,80万円",18,800.0,,1,14,シュラフ,,,94.0,90,,12.2,21,10.2,21.0,10.7,22,,,
202504040112,2025-10-18,新潟,12,3歳以上1勝クラス,芝,1000,直線,小雨,良,"4回 新潟 1日目 サラ系３歳以上 １勝クラス       定量 18頭 本賞金:800,320,200,120,80万円",18,800.0,,1,14,シュラフ,,,,-,,-,,,,-,-,,,
202505040601,2025-10-18,東京,1,2歳未勝利,ダ,1600,左,晴,良,"4回 東京 6日目 サラ系２歳 未勝利       [指] 馬齢 11頭 本賞金:560,220,140,84,56万円",11,560.0,1,7,8,サンデーパーティー,牡,2,56.0,津村,98.5,,3,5.7,37.3,2-2,美浦 相沢,482,2,
202505040601,2025-10-18,東京,1,2歳未勝利,ダ,1600,左,晴,良,"4回 東京 6日目 サラ系２歳 未勝利       [指] 馬齢 11頭 本賞金:560,220,140,84,56万円",11,560.0,2,1,1,サイモフェーン,牡,2,56.0,ルメー,99.5,6,1,1.9,37.6,7-6,美浦 高木,492,-2,
202505040601,2025-10-18,東京,1,2歳未勝利,ダ,1600,左,晴,良,"4回 東京 6日目 サラ系２歳 未勝利       [指] 馬齢 11頭 本賞金:560,220,140,84,56万円",11,560.0,3,6,7,マッドゲイル,牡,2,56.0,戸崎圭,99.7,1.1/4,5,7.4,37.8,6-6,美浦 上原佑,448,8,
202505040601,2025-10-18,東京,1,2歳未勝利,ダ,1600,左,晴,良,"4回 東京 6日目 サラ系２歳 未勝利       [指] 馬齢 11頭 本賞金:560,220,140,84,56万円",11,560.0,4,7,9,ラインジーク,牡,2,56.0,矢野貴,99.8,3/4,4,7.1,38.2,3-4,美浦 水野,446,2,
202505040601,2025-10-18,東京,1,2歳未勝利,ダ,1600,左,晴,良,"4回 東京 6日目 サラ系２歳 未勝利       [指] 馬齢 11頭 本賞金:560,220,140,84,56万円",11,560.0,5,4,4,マテンロウストーム,牡,2,56.0,菅原明,99.8,ハナ,6,18.8,38.7,1-1,美浦 久保田,490,8,
202505040601,2025-10-18,東京,1,2歳未勝利,ダ,1600,左,晴,良,"4回 東京 6日目 サラ系２歳 未勝利       [指] 馬齢 11頭 本賞金:560,220,140,84,56万円",11,560.0,6,8,11,モズジェネラル,牡,2,56.0,北村友,100.4,3.1/2,2,5.3,39.0,3-3,栗東 田中克,506,-2,
202505040601,2025-10-18,東京,1,2歳未勝利,ダ,1600,左,晴,良,"4回 東京 6日目 サラ系２歳 未勝利       [指] 馬齢 11頭 本賞金:560,220,140,84,56万円",11,560.0,7,5,5,キタイノホシ,牡,2,54.0,△長浜,100.7,2,10,271.7,37.7,10-10,美浦 蛯名利,440,-6,
202505040601,2025-10-18,東京,1,2歳未勝利,ダ,1600,左,晴,良,"4回 東京 6日目 サラ系２歳 未勝利       [指] 馬齢 11頭 本賞金:560,220,140,84,56万円",11,560.0,8,8,10,ファイヤサラマンダ,牡,2,56.0,石橋脩,100.9,1.1/2,7,59.0,37.8,11-10,美浦 牧,484,6,
202505040601,2025-10-18,東京,1,2歳未勝利,ダ,1600,左,晴,良,"4回 東京 6日目 サラ系２歳 未勝利       [指] 馬齢 11頭 本賞金:560,220,140,84,56万円",11,560.0,9,3,3,カンタベリービーム,牡,2,56.0,原,101.5,3.1/2,9,256.8,38.9,9-9,美浦 石栗,434,-2,
202505040601,2025-10-18,東京,1,2歳未勝利,ダ,1600,左,晴,良,"4回 東京 6日目 サラ系２歳 未勝利       [指] 馬齢 11頭 本賞金:560,220,140,84,56万円",11,560.0,10,6,6,カシノユメミヅキ,牡,2,53.0,▲土田,101.6,クビ,11,496.6,39.4,8-8,美浦 和田雄,498,0,
202505040601,2025-10-18,東京,1,2歳未勝利,ダ,1600,左,晴,良,"4回 東京 6日目 サラ系２歳 未勝利       [指] 馬齢 11頭 本賞金:560,220,140,84,56万円",11,560.0,11,2,2,フクスケ,牡,2,56.0,木幡巧,105.5,大,8,71.7,44.0,3-4,美浦 杉浦,450,-6,
202505040601,2025-10-18,東京,1,2歳未勝利,ダ,1600,左,晴,良,"4回 東京 6日目 サラ系２歳 未勝利       [指] 馬齢 11頭 本賞金:560,220,140,84,56万円",11,560.0,,1,8,サンデーパーティー,,,99.0,97,,12.6,8,11.4,3.0,12.1,3,,,
202505040601,2025-10-18,東京,1,2歳未勝利,ダ,1600,左,晴,良,"4回 東京 6日目 サラ系２歳 未勝利       [指] 馬齢 11頭 本賞金:560,220,140,84,56万円",11,560.0,,1,8,サンデーパーティー,,,,-,,-,,,,-,-,,,
202505040602,2025-10-18,東京,2,2歳未勝利,ダ,1400,左,晴,良,"4回 東京 6日目 サラ系２歳 未勝利       牝[指] 馬齢 9頭 本賞金:560,220,140,84,56万円",9,560.0,1,5,5,イヌボウノアサヒ,牝,2,55.0,戸崎圭,85.5,,1,2.2,36.3,2-2,美浦 中舘,444,2,
202505040602,2025-10-18,東京,2,2歳未勝利,ダ,1400,左,晴,良,"4回 東京 6日目 サラ系２歳 未勝利       牝[指] 馬齢 9頭 本賞金:560,220,140,84,56万円",9,560.0,2,3,3,カセノアステリア,牝,2,55.0,津村,85.8,1.3/4,3,4.0,36.7,1-1,美浦 鈴木伸,490,0,
202505040602,2025-10-18,東京,2,2歳未勝利,ダ,1400,左,晴,良,"4回 東京 6日目 サラ系２歳 未勝利       牝[指] 馬齢 9頭 本賞金:560,220,140,84,56万円",9,560.0,3,2,2,セントリアン,牝,2,52.0,▲遠藤,86.9,7,6,35.3,37.5,3-3,美浦 萱野,432,-2,
202505040602,2025-10-18,東京,2,2歳未勝利,ダ,1400,左,晴,良,"4回 東京 6日目 サラ系２歳 未勝利       牝[指] 馬齢 9頭 本賞金:560,220,140,84,56万円",9,560.0,4,8,9,ミヤエスケープ,牝,2,55.0,横山武,86.9,ハナ,2,3.0,36.8,6-6,美浦 伊藤圭,482,-14,
202505040602,2025-10-18,東京,2,2歳未勝利,ダ,1400,左,晴,良,"4回 東京 6日目 サラ系２歳 未勝利       牝[指] 馬齢 9頭 本賞金:560,220,140,84,56万円",9,560.0,5,4,4,ラヴィングリー,牝,2,53.0,△長浜,87.1,1,7,81.7,37.4,5-5,美浦 池上,438,6,
202505040602,2025-10-18,東京,2,2歳未勝利,ダ,1400,左,晴,良,"4回 東京 6日目 サラ系２歳 未勝利       牝[指] 馬齢 9頭 本賞金:560,220,140,84,56万円",9,560.0,6,7,7,バレンタインビスタ,牝,2,55.0,横山和,87.2,1/2,4,7.9,36.9,9-7,美浦 蛯名正,470,4,
202505040602,2025-10-18,東京,2,2歳未勝利,ダ,1400,左,晴,良,"4回 東京 6日目 サラ系２歳 未勝利       牝[指] 馬齢 9頭 本賞金:560,220,140,84,56万円",9,560.0,7,6,6,ジェイドテソーロ,牝,2,55.0,木幡巧,87.6,2.1/2,5,17.1,38.1,3-3,美浦 千葉,430,6,
202505040602,2025-10-18,東京,2,2歳未勝利,ダ,1400,左,晴,良,"4回 東京 6日目 サラ系２歳 未勝利       牝[指] 馬齢 9頭 本賞金:560,220,140,84,56万円",9,560.0,8,8,8,レディアエラ,牝,2,55.0,原,89.7,大,8,97.6,39.5,7-7,美浦 大和田,426,-4,
202505040602,2025-10-18,東京,2,2歳未勝利,ダ,1400,左,晴,良,"4回 東京 6日目 サラ系２歳 未勝利       牝[指] 馬齢 9頭 本賞金:560,220,140,84,56万円",9,560.0,9,1,1,コパノセビリア,牝,2,55.0,菅原明,90.2,3,9,179.0,40.0,8-7,美浦 土田,424,-6,
202505040602,2025-10-18,東京,2,2歳未勝利,ダ,1400,左,晴,良,"4回 東京 6日目 サラ系２歳 未勝利       牝[指] 馬齢 9頭 本賞金:560,220,140,84,56万円",9,560.0,,1,5,イヌボウノアサヒ,,,89.0,83,,13.1,3,11.7,3.0,12.1,2,,,
202505040602,2025-10-18,東京,2,2歳未勝利,ダ,1400,左,晴,良,"4回 東京 6日目 サラ系２歳 未勝利       牝[指] 馬齢 9頭 本賞金:560,220,140,84,56万円",9,560.0,,1,5,イヌボウノアサヒ,,,,-,,-,,,,-,-,,,
202505040603,2025-10-18,東京,3,2歳未勝利,芝,1800,左,晴,良,"4回 東京 6日目 サラ系２歳 未勝利       (混)[指] 馬齢 8頭 本賞金:560,220,140,84,56万円",8,560.0,1,5,5,ダノンセフィーロ,牡,2,56.0,川田,107.5,,1,1.6,34.4,6-5-5,栗東 福永,480,4,
202505040603,2025-10-18,東京,3,2歳未勝利,芝,1800,左,晴,良,"4回 東京 6日目 サラ系２歳 未勝利       (混)[指] 馬齢 8頭 本賞金:560,220,140,84,56万円",8,560.0,2,1,1,ラグアイリータ,牝,2,55.0,津村,107.6,1,3,9.5,35.2,1-1-1,美浦 岩戸,436,-2,
202505040603,2025-10-18,東京,3,2歳未勝利,芝,1800,左,晴,良,"4回 東京 6日目 サラ系２歳 未勝利       (混)[指] 馬齢 8頭 本賞金:560,220,140,84,56万円",8,560.0,3,8,8,エルアン,牡,2,56.0,三浦,107.8,1.1/4,5,29.2,35.2,2-2-2,美浦 浅利,446,6,
202505040603,2025-10-18,東京,3,2歳未勝利,芝,1800,左,晴,良,"4回 東京 6日目 サラ系２歳 未勝利       (混)[指] 馬齢 8頭 本賞金:560,220,140,84,56万円",8,560.0,4,4,4,パーシヴァル,牡,2,56.0,石川,108.0,1.1/4,2,2.3,35.1,3-3-3,美浦 相沢,480,4,
202505040603,2025-10-18,東京,3,2歳未勝利,芝,1800,左,晴,良,"4回 東京 6日目 サラ系２歳 未勝利       (混)[指] 馬齢 8頭 本賞金:560,220,140,84,56万円",8,560.0,5,2,2,シトリンテソーロ,牝,2,55.0,佐々木,108.3,2,4,16.9,35.5,4-3-3,美浦 武市,414,-8,
202505040603,2025-10-18,東京,3,2歳未勝利,芝,1800,左,晴,良,"4回 東京 6日目 サラ系２歳 未勝利       (混)[指] 馬齢 8頭 本賞金:560,220,140,84,56万円",8,560.0,6,7,7,マイネルアイフェル,牡,2,56.0,柴田大,108.7,2.1/2,7,122.0,35.6,5-5-5,美浦 上原博,502,10,
202505040603,2025-10-18,東京,3,2歳未勝利,芝,1800,左,晴,良,"4回 東京 6日目 サラ系２歳 未勝利       (混)[指] 馬齢 8頭 本賞金:560,220,140,84,56万円",8,560.0,7,3,3,スチールナイト,牡,2,56.0,石橋脩,108.8,クビ,8,149.6,35.4,7-7-7,美浦 和田雄,446,12,
202505040603,2025-10-18,東京,3,2歳未勝利,芝,1800,左,晴,良,"4回 東京 6日目 サラ系２歳 未勝利       (混)[指] 馬齢 8頭 本賞金:560,220,140,84,56万円",8,560.0,8,6,6,ウインターアヘッド,牡,2,56.0,内田博,109.1,2,6,43.2,35.7,7-8-7,美浦 小島,472,-2,
202505040603,2025-10-18,東京,3,2歳未勝利,芝,1800,左,晴,良,"4回 東京 6日目 サラ系２歳 未勝利       (混)[指] 馬齢 8頭 本賞金:560,220,140,84,56万円",8,560.0,,1,5,ダノンセフィーロ,,,91.0,86,,13.4,1,11.5,5.0,11.5,5,,,
202505040603,2025-10-18,東京,3,2歳未勝利,芝,1800,左,晴,良,"4回 東京 6日目 サラ系２歳 未勝利       (混)[指] 馬齢 8頭 本賞金:560,220,140,84,56万円",8,560.0,,1,5,ダノンセフィーロ,,,,-,,-,,,,-,-,,,
202505040604,2025-10-18,東京,4,2歳新馬,芝,1400,左,晴,良,"4回 東京 6日目 サラ系２歳 新馬       牝[指] 馬齢 18頭 本賞金:750,300,190,110,75万円",18,750.0,1,4,8,エピッククイーン,牝,2,55.0,川田,83.3,,1,2.7,33.8,1-1,栗東 中内田,438,0,
202505040604,2025-10-18,東京,4,2歳新馬,芝,1400,左,晴,良,"4回 東京 6日目 サラ系２歳 新馬       牝[指] 馬齢 18頭 本賞金:750,300,190,110,75万円",18,750.0,2,6,11,ジッピーチューン,牝,2,55.0,武豊,83.4,1/2,7,15.2,33.4,6-6,美浦 林,434,0,
202505040604,2025-10-18,東京,4,2歳新馬,芝,1400,左,晴,良,"4回 東京 6日目 サラ系２歳 新馬       牝[指] 馬齢 18頭 本賞金:750,300,190,110,75万円",18,750.0,3,6,12,ミスティユニバンス,牝,2,55.0,坂井,83.5,1/2,3,9.4,33.8,3-3,美浦 加藤征,430,0,
202505040604,2025-10-18,東京,4,2歳新馬,芝,1400,左,晴,良,"4回 東京 6日目 サラ系２歳 新馬       牝[指] 馬齢 18頭 本賞金:750,300,190,110,75万円",18,750.0,4,8,17,イヌボウノウタゴエ,牝,2,55.0,石川,83.5,クビ,6,14.6,33.1,10-10,美浦 西田,480,0,
202505040604,2025-10-18,東京,4,2歳新馬,芝,1400,左,晴,良,"4回 東京 6日目 サラ系２歳 新馬       牝[指] 馬齢 18頭 本賞金:750,300,190,110,75万円",18,750.0,5,7,13,アイアムステキ,牝,2,55.0,松岡,83.7,1.1/2,12,86.9,33.6,6-7,美浦 奥平,448,0,
202505040604,2025-10-18,東京,4,2歳新馬,芝,1400,左,晴,良,"4回 東京 6日目 サラ系２歳 新馬       牝[指] 馬齢 18頭 本賞金:750,300,190,110,75万円",18,750.0,6,4,7,クシマトゥルー,牝,2,53.0,△長浜,83.8,3/4,13,134.6,33.9,5-4,美浦 矢嶋,422,0,
202505040604,2025-10-18,東京,4,2歳新馬,芝,1400,左,晴,良,"4回 東京 6日目 サラ系２歳 新馬       牝[指] 馬齢 18頭 本賞金:750,300,190,110,75万円",18,750.0,7,7,15,ソチミルコ,牝,2,55.0,ルメー,84.0,1.1/4,2,4.4,33.5,10-10,美浦 宮田,448,0,
202505040604,2025-10-18,東京,4,2歳新馬,芝,1400,左,晴,良,"4回 東京 6日目 サラ系２歳 新馬       牝[指] 馬齢 18頭 本賞金:750,300,190,110,75万円",18,750.0,8,3,5,アルデバローズ,牝,2,55.0,石橋脩,84.1,1/2,4,9.4,34.3,3-4,美浦 矢野,446,0,
202505040604,2025-10-18,東京,4,2歳新馬,芝,1400,左,晴,良,"4回 東京 6日目 サラ系２歳 新馬       牝[指] 馬齢 18頭 本賞金:750,300,190,110,75万円",18,750.0,9,7,14,トウシンラヴ,牝,2,55.0,菅原明,84.3,1,9,17.0,34.1,9-9,美浦 高柳瑞,448,0,
202505040604,2025-10-18,東京,4,2歳新馬,芝,1400,左,晴,良,"4回 東京 6日目 サラ系２歳 新馬       牝[指] 馬齢 18頭 本賞金:750,300,190,110,75万円",18,750.0,10,5,9,ミスチヴマリアンヌ,牝,2,55.0,横山和,84.4,3/4,14,146.9,33.6,13-13,美浦 小野,448,0,
202505040604,2025-10-18,東京,4,2歳新馬,芝,1400,左,晴,良,"4回 東京 6日目 サラ系２歳 新馬       牝[指] 馬齢 18頭 本賞金:750,300,190,110,75万円",18,750.0,11,1,2,ホテルストリート,牝,2,55.0,横山武,84.4,クビ,5,9.8,34.3,6-7,美浦 伊藤大,496,0,
202505040604,2025-10-18,東京,4,2歳新馬,芝,1400,左,晴,良,"4回 東京 6日目 サラ系２歳 新馬       牝[指] 馬齢 18頭 本賞金:750,300,190,110,75万円",18,750.0,12,5,10,ウッケン,牝,2,55.0,大野,84.4,クビ,11,67.1,34.8,2-2,美浦 松山,420,0,
202505040604,2025-10-18,東京,4,2歳新馬,芝,1400,左,晴,良,"4回 東京 6日目 サラ系２歳 新馬       牝[指] 馬齢 18頭 本賞金:750,300,190,110,75万円",18,750.0,13,8,18,イデアジュアンイハ,牝,2,55.0,原田和,84.4,アタマ,18,365.2,33.7,10-12,美浦 小野,432,0,
202505040604,2025-10-18,東京,4,2歳新馬,芝,1400,左,晴,良,"4回 東京 6日目 サラ系２歳 新馬       牝[指] 馬齢 18頭 本賞金:750,300,190,110,75万円",18,750.0,14,3,6,モーブプリエール,牝,2,55.0,内田博,84.7,1.3/4,10,33.3,33.5,14-15,美浦 鈴木慎,426,0,
202505040604,2025-10-18,東京,4,2歳新馬,芝,1400,左,晴,良,"4回 東京 6日目 サラ系２歳 新馬       牝[指] 馬齢 18頭 本賞金:750,300,190,110,75万円",18,750.0,15,2,4,シンデレラカラー,牝,2,55.0,矢野貴,84.8,3/4,15,148.6,33.4,16-16,美浦 加藤和,462,0,
202505040604,2025-10-18,東京,4,2歳新馬,芝,1400,左,晴,良,"4回 東京 6日目 サラ系２歳 新馬       牝[指] 馬齢 18頭 本賞金:750,300,190,110,75万円",18,750.0,16,8,16,ノアシルヴィ,牝,2,55.0,菅原隆,85.1,2,17,362.8,33.8,16-16,美浦 天間,464,0,
202505040604,2025-10-18,東京,4,2歳新馬,芝,1400,左,晴,良,"4回 東京 6日目 サラ系２歳 新馬       牝[指] 馬齢 18頭 本賞金:750,300,190,110,75万円",18,750.0,17,2,3,シュガームーン,牝,2,55.0,西村太,85.6,2.1/2,16,289.7,34.6,14-14,美浦 的場,416,0,
202505040604,2025-10-18,東京,4,2歳新馬,芝,1400,左,晴,良,"4回 東京 6日目 サラ系２歳 新馬       牝[指] 馬齢 18頭 本賞金:750,300,190,110,75万円",18,750.0,18,1,1,スティルアイライズ,牝,2,52.0,▲遠藤,85.7,1,8,15.4,34.0,18-18,美浦 加藤和,426,0,
202505040604,2025-10-18,東京,4,2歳新馬,芝,1400,左,晴,良,"4回 東京 6日目 サラ系２歳 新馬       牝[指] 馬齢 18頭 本賞金:750,300,190,110,75万円",18,750.0,,1,8,エピッククイーン,,,92.0,62,,12.7,3,11.5,1.0,12.5,1,,,
202505040604,2025-10-18,東京,4,2歳新馬,芝,1400,左,晴,良,"4回 東京 6日目 サラ系２歳 新馬       牝[指] 馬齢 18頭 本賞金:750,300,190,110,75万円",18,750.0,,1,8,エピッククイーン,,,,-,,-,,,,-,-,,,
202505040605,2025-10-18,東京,5,2歳新馬,芝,1600,左,晴,良,"4回 東京 6日目 サラ系２歳 新馬       (混)[指] 馬齢 16頭 本賞金:750,300,190,110,75万円",16,750.0,1,4,7,アドマイヤクワッズ,牡,2,56.0,坂井,94.1,,1,3.4,33.3,9-9,栗東 友道,472,0,
202505040605,2025-10-18,東京,5,2歳新馬,芝,1600,左,晴,良,"4回 東京 6日目 サラ系２歳 新馬       (混)[指] 馬齢 16頭 本賞金:750,300,190,110,75万円",16,750.0,2,6,12,スペルーチェ,牡,2,56.0,三浦,94.2,3/4,4,7.1,34.0,2-2,美浦 宮田,458,0,
202505040605,2025-10-18,東京,5,2歳新馬,芝,1600,左,晴,良,"4回 東京 6日目 サラ系２歳 新馬       (混)[指] 馬齢 16頭 本賞金:750,300,190,110,75万円",16,750.0,3,5,9,ハニージョー,牡,2,56.0,ルメー,94.6,2,7,15.1,34.5,1-1,美浦 矢嶋,508,0,
202505040605,2025-10-18,東京,5,2歳新馬,芝,1600,左,晴,良,"4回 東京 6日目 サラ系２歳 新馬       (混)[指] 馬齢 16頭 本賞金:750,300,190,110,75万円",16,750.0,4,3,6,ジュナベーラ,牝,2,55.0,戸崎圭,94.6,クビ,2,3.5,33.9,7-7,美浦 木村,426,0,
202505040605,2025-10-18,東京,5,2歳新馬,芝,1600,左,晴,良,"4回 東京 6日目 サラ系２歳 新馬       (混)[指] 馬齢 16頭 本賞金:750,300,190,110,75万円",16,750.0,5,8,16,ショウナンサイオウ,牡,2,56.0,池添,94.8,1.1/4,3,5.8,34.5,3-3,美浦 奥村武,488,0,
202505040605,2025-10-18,東京,5,2歳新馬,芝,1600,左,晴,良,"4回 東京 6日目 サラ系２歳 新馬       (混)[指] 馬齢 16頭 本賞金:750,300,190,110,75万円",16,750.0,6,2,3,ダンデノン,牝,2,55.0,北村友,94.8,ハナ,6,14.9,34.1,6-7,栗東 田中克,480,0,
202505040605,2025-10-18,東京,5,2歳新馬,芝,1600,左,晴,良,"4回 東京 6日目 サラ系２歳 新馬       (混)[指] 馬齢 16頭 本賞金:750,300,190,110,75万円",16,750.0,7,6,11,オーパパ,牡,2,56.0,横山武,95.1,2,10,67.9,34.7,3-3,美浦 斎藤誠,482,0,
202505040605,2025-10-18,東京,5,2歳新馬,芝,1600,左,晴,良,"4回 東京 6日目 サラ系２歳 新馬       (混)[指] 馬齢 16頭 本賞金:750,300,190,110,75万円",16,750.0,8,1,2,ゴーフォアブローク,牡,2,54.0,△長浜,95.1,アタマ,8,32.3,34.1,9-10,美浦 手塚久,532,0,
202505040605,2025-10-18,東京,5,2歳新馬,芝,1600,左,晴,良,"4回 東京 6日目 サラ系２歳 新馬       (混)[指] 馬齢 16頭 本賞金:750,300,190,110,75万円",16,750.0,9,1,1,カドドゥディエ,牝,2,52.0,▲遠藤,95.2,3/4,16,312.0,33.9,12-13,美浦 西田,426,0,
202505040605,2025-10-18,東京,5,2歳新馬,芝,1600,左,晴,良,"4回 東京 6日目 サラ系２歳 新馬       (混)[指] 馬齢 16頭 本賞金:750,300,190,110,75万円",16,750.0,10,7,14,ノブレスラブリエ,牝,2,55.0,原,95.3,クビ,13,105.1,34.8,3-5,栗東 西園翔,436,0,
202505040605,2025-10-18,東京,5,2歳新馬,芝,1600,左,晴,良,"4回 東京 6日目 サラ系２歳 新馬       (混)[指] 馬齢 16頭 本賞金:750,300,190,110,75万円",16,750.0,11,8,15,スフェーンテソーロ,牝,2,55.0,木幡巧,95.4,1,12,103.8,34.8,7-5,美浦 牧,490,0,
202505040605,2025-10-18,東京,5,2歳新馬,芝,1600,左,晴,良,"4回 東京 6日目 サラ系２歳 新馬       (混)[指] 馬齢 16頭 本賞金:750,300,190,110,75万円",16,750.0,12,4,8,ハルノアメ,牡,2,56.0,原田和,95.5,1/2,14,204.3,34.4,12-10,美浦 上原博,422,0,
202505040605,2025-10-18,東京,5,2歳新馬,芝,1600,左,晴,良,"4回 東京 6日目 サラ系２歳 新馬       (混)[指] 馬齢 16頭 本賞金:750,300,190,110,75万円",16,750.0,13,3,5,ジーティートゥーリ,牝,2,55.0,津村,95.6,3/4,5,8.6,34.4,12-13,美浦 武市,438,0,
202505040605,2025-10-18,東京,5,2歳新馬,芝,1600,左,晴,良,"4回 東京 6日目 サラ系２歳 新馬       (混)[指] 馬齢 16頭 本賞金:750,300,190,110,75万円",16,750.0,14,7,13,バンダムソレール,牡,2,56.0,矢野貴,95.8,1,15,232.8,34.3,16-15,栗東 小栗,464,0,
202505040605,2025-10-18,東京,5,2歳新馬,芝,1600,左,晴,良,"4回 東京 6日目 サラ系２歳 新馬       (混)[指] 馬齢 16頭 本賞金:750,300,190,110,75万円",16,750.0,15,5,10,マダックス,牡,2,56.0,菅原明,95.8,アタマ,11,71.3,34.4,12-15,美浦 高柳瑞,456,0,
202505040605,2025-10-18,東京,5,2歳新馬,芝,1600,左,晴,良,"4回 東京 6日目 サラ系２歳 新馬       (混)[指] 馬齢 16頭 本賞金:750,300,190,110,75万円",16,750.0,16,2,4,ベストレイク,牝,2,55.0,武豊,96.3,3,9,36.1,35.3,9-10,栗東 小崎,510,0,
202505040605,2025-10-18,東京,5,2歳新馬,芝,1600,左,晴,良,"4回 東京 6日目 サラ系２歳 新馬       (混)[指] 馬齢 16頭 本賞金:750,300,190,110,75万円",16,750.0,,1,7,アドマイヤクワッズ,,,90.0,80,,13.2,6,11.4,4.0,12.1,3,,,
202505040605,2025-10-18,東京,5,2歳新馬,芝,1600,左,晴,良,"4回 東京 6日目 サラ系２歳 新馬       (混)[指] 馬齢 16頭 本賞金:750,300,190,110,75万円",16,750.0,,1,7,アドマイヤクワッズ,,,,-,,-,,,,-,-,,,
202505040606,2025-10-18,東京,6,3歳以上1勝クラス,ダ,1600,左,晴,良,"4回 東京 6日目 サラ系３歳以上 １勝クラス       [指] 定量 15頭 本賞金:800,320,200,120,80万円",15,800.0,1,2,2,ヘリオトロープ,牡,3,56.0,ルメー,97.2,,1,1.5,37.5,3-3,美浦 萩原,480,0,
202505040606,2025-10-18,東京,6,3歳以上1勝クラス,ダ,1600,左,晴,良,"4回 東京 6日目 サラ系３歳以上 １勝クラス       [指] 定量 15頭 本賞金:800,320,200,120,80万円",15,800.0,2,3,5,ソナタン,牡,3,56.0,戸崎圭,97.3,3/4,2,5.4,37.9,1-1,美浦 和田勇,470,18,
202505040606,2025-10-18,東京,6,3歳以上1勝クラス,ダ,1600,左,晴,良,"4回 東京 6日目 サラ系３歳以上 １勝クラス       [指] 定量 15頭 本賞金:800,320,200,120,80万円",15,800.0,3,4,7,グレイルクエスト,牡,3,56.0,矢野貴,97.8,3,4,10.1,38.1,3-3,栗東 小栗,474,-11,
202505040606,2025-10-18,東京,6,3歳以上1勝クラス,ダ,1600,左,晴,良,"4回 東京 6日目 サラ系３歳以上 １勝クラス       [指] 定量 15頭 本賞金:800,320,200,120,80万円",15,800.0,4,2,3,レッドエウロス,セ,3,56.0,原,97.8,ハナ,3,8.5,37.9,7-5,美浦 田中博,472,4,
202505040606,2025-10-18,東京,6,3歳以上1勝クラス,ダ,1600,左,晴,良,"4回 東京 6日目 サラ系３歳以上 １勝クラス       [指] 定量 15頭 本賞金:800,320,200,120,80万円",15,800.0,5,6,11,ゴンドワナ,セ,5,56.0,△長浜,98.1,1.3/4,14,351.4,37.2,11-12,美浦 小島,490,16,
202505040606,2025-10-18,東京,6,3歳以上1勝クラス,ダ,1600,左,晴,良,"4回 東京 6日目 サラ系３歳以上 １勝クラス       [指] 定量 15頭 本賞金:800,320,200,120,80万円",15,800.0,6,5,8,キョウエイフロイデ,牝,4,56.0,菅原明,98.1,アタマ,5,13.2,36.2,15-14,美浦 中川,502,6,
202505040606,2025-10-18,東京,6,3歳以上1勝クラス,ダ,1600,左,晴,良,"4回 東京 6日目 サラ系３歳以上 １勝クラス       [指] 定量 15頭 本賞金:800,320,200,120,80万円",15,800.0,7,5,9,サムワンライクユー,牡,5,58.0,内田博,98.2,クビ,7,39.9,38.0,7-7,美浦 佐藤吉,484,-2,
202505040606,2025-10-18,東京,6,3歳以上1勝クラス,ダ,1600,左,晴,良,"4回 東京 6日目 サラ系３歳以上 １勝クラス       [指] 定量 15頭 本賞金:800,320,200,120,80万円",15,800.0,8,6,10,ファミーユウルーズ,牡,3,56.0,木幡巧,98.3,クビ,9,79.4,38.3,5-5,美浦 武藤,538,8,
202505040606,2025-10-18,東京,6,3歳以上1勝クラス,ダ,1600,左,晴,良,"4回 東京 6日目 サラ系３歳以上 １勝クラス       [指] 定量 15頭 本賞金:800,320,200,120,80万円",15,800.0,9,3,4,プロピエダッド,牝,3,54.0,石川,98.6,2,13,293.3,38.1,11-10,美浦 武藤,476,6,
202505040606,2025-10-18,東京,6,3歳以上1勝クラス,ダ,1600,左,晴,良,"4回 東京 6日目 サラ系３歳以上 １勝クラス       [指] 定量 15頭 本賞金:800,320,200,120,80万円",15,800.0,10,7,13,ブラーブデシジョン,牡,3,56.0,石橋脩,98.6,ハナ,8,75.8,37.4,13-13,美浦 牧,472,2,
202505040606,2025-10-18,東京,6,3歳以上1勝クラス,ダ,1600,左,晴,良,"4回 東京 6日目 サラ系３歳以上 １勝クラス       [指] 定量 15頭 本賞金:800,320,200,120,80万円",15,800.0,11,8,14,エースアビリティ,牡,4,58.0,原田和,98.7,1/2,12,255.7,38.5,9-7,美浦 堀内,494,-4,
202505040606,2025-10-18,東京,6,3歳以上1勝クラス,ダ,1600,左,晴,良,"4回 東京 6日目 サラ系３歳以上 １勝クラス       [指] 定量 15頭 本賞金:800,320,200,120,80万円",15,800.0,12,1,1,リカード,牝,3,54.0,柴田大,99.4,4,11,172.4,39.2,5-7,美浦 和田雄,520,2,
202505040606,2025-10-18,東京,6,3歳以上1勝クラス,ダ,1600,左,晴,良,"4回 東京 6日目 サラ系３歳以上 １勝クラス       [指] 定量 15頭 本賞金:800,320,200,120,80万円",15,800.0,13,7,12,ライズトゥザトップ,牝,3,54.0,津村,100.0,3.1/2,6,30.9,40.5,2-2,美浦 牧,494,0,
202505040606,2025-10-18,東京,6,3歳以上1勝クラス,ダ,1600,左,晴,良,"4回 東京 6日目 サラ系３歳以上 １勝クラス       [指] 定量 15頭 本賞金:800,320,200,120,80万円",15,800.0,14,4,6,レリッシュ,牝,4,56.0,菅原隆,100.0,クビ,15,518.7,39.5,10-10,美浦 天間,496,0,
202505040606,2025-10-18,東京,6,3歳以上1勝クラス,ダ,1600,左,晴,良,"4回 東京 6日目 サラ系３歳以上 １勝クラス       [指] 定量 15頭 本賞金:800,320,200,120,80万円",15,800.0,15,8,15,ソラノキャンバス,セ,3,56.0,山本聡,102.4,大,10,126.9,40.5,13-14,美浦 武井,426,16,
202505040606,2025-10-18,東京,6,3歳以上1勝クラス,ダ,1600,左,晴,良,"4回 東京 6日目 サラ系３歳以上 １勝クラス       [指] 定量 15頭 本賞金:800,320,200,120,80万円",15,800.0,,1,2,ヘリオトロープ,,,103.0,108,,12.6,4,11.0,4.0,11.5,3,,,
202505040606,2025-10-18,東京,6,3歳以上1勝クラス,ダ,1600,左,晴,良,"4回 東京 6日目 サラ系３歳以上 １勝クラス       [指] 定量 15頭 本賞金:800,320,200,120,80万円",15,800.0,,1,2,ヘリオトロープ,,,,-,,-,,,,-,-,,,
202505040607,2025-10-18,東京,7,3歳以上1勝クラス,芝,1400,左,晴,良,"4回 東京 6日目 サラ系３歳以上 １勝クラス       (混)[指] 定量 17頭 本賞金:800,320,200,120,80万円",17,800.0,1,6,12,ミクストベリーズ,牡,3,56.0,川田,80.1,,7,14.2,33.5,6-4,美浦 伊藤圭,480,6,
202505040607,2025-10-18,東京,7,3歳以上1勝クラス,芝,1400,左,晴,良,"4回 東京 6日目 サラ系３歳以上 １勝クラス       (混)[指] 定量 17頭 本賞金:800,320,200,120,80万円",17,800.0,2,6,11,アルレッキーノ,セ,3,56.0,ルメー,80.3,1.1/4,2,4.8,34.1,1-1,美浦 国枝,456,8,
202505040607,2025-10-18,東京,7,3歳以上1勝クラス,芝,1400,左,晴,良,"4回 東京 6日目 サラ系３歳以上 １勝クラス       (混)[指] 定量 17頭 本賞金:800,320,200,120,80万円",17,800.0,3,7,13,モティスフォント,牡,3,56.0,戸崎圭,80.7,2.1/2,8,14.6,33.3,13-11,美浦 田村,494,2,
202505040607,2025-10-18,東京,7,3歳以上1勝クラス,芝,1400,左,晴,良,"4回 東京 6日目 サラ系３歳以上 １勝クラス       (混)[指] 定量 17頭 本賞金:800,320,200,120,80万円",17,800.0,4,7,14,ロジカルワーズ,牡,4,58.0,北村友,80.7,クビ,5,8.9,34.4,2-2,美浦 大竹,500,-6,
202505040607,2025-10-18,東京,7,3歳以上1勝クラス,芝,1400,左,晴,良,"4回 東京 6日目 サラ系３歳以上 １勝クラス       (混)[指] 定量 17頭 本賞金:800,320,200,120,80万円",17,800.0,5,8,17,シホリーン,牝,3,54.0,武豊,80.8,クビ,3,5.8,33.7,9-9,美浦 武井,458,6,
202505040607,2025-10-18,東京,7,3歳以上1勝クラス,芝,1400,左,晴,良,"4回 東京 6日目 サラ系３歳以上 １勝クラス       (混)[指] 定量 17頭 本賞金:800,320,200,120,80万円",17,800.0,6,5,9,ベラジオワールド,牡,3,55.0,横山武,81.0,1.1/4,1,4.1,34.1,7-7,美浦 伊藤大,486,2,
202505040607,2025-10-18,東京,7,3歳以上1勝クラス,芝,1400,左,晴,良,"4回 東京 6日目 サラ系３歳以上 １勝クラス       (混)[指] 定量 17頭 本賞金:800,320,200,120,80万円",17,800.0,7,8,16,アトリウムチャペル,牝,4,56.0,坂井,81.0,クビ,11,47.8,33.8,9-9,美浦 浅利,434,14,
202505040607,2025-10-18,東京,7,3歳以上1勝クラス,芝,1400,左,晴,良,"4回 東京 6日目 サラ系３歳以上 １勝クラス       (混)[指] 定量 17頭 本賞金:800,320,200,120,80万円",17,800.0,8,4,8,イコノスタシス,牝,5,56.0,北村宏,81.2,1.1/4,12,49.9,34.6,3-4,美浦 古賀,500,0,
202505040607,2025-10-18,東京,7,3歳以上1勝クラス,芝,1400,左,晴,良,"4回 東京 6日目 サラ系３歳以上 １勝クラス       (混)[指] 定量 17頭 本賞金:800,320,200,120,80万円",17,800.0,9,4,7,カイトグート,牝,4,56.0,柴田大,81.2,ハナ,13,82.6,34.3,7-7,美浦 和田雄,478,4,
202505040607,2025-10-18,東京,7,3歳以上1勝クラス,芝,1400,左,晴,良,"4回 東京 6日目 サラ系３歳以上 １勝クラス       (混)[指] 定量 17頭 本賞金:800,320,200,120,80万円",17,800.0,10,5,10,ラミアメンテ,牝,3,54.0,佐々木,81.3,クビ,6,10.5,34.7,5-4,美浦 堀,500,2,
202505040607,2025-10-18,東京,7,3歳以上1勝クラス,芝,1400,左,晴,良,"4回 東京 6日目 サラ系３歳以上 １勝クラス       (混)[指] 定量 17頭 本賞金:800,320,200,120,80万円",17,800.0,11,3,6,ブエナディオサ,牝,6,56.0,津村,81.4,1/2,16,268.2,33.9,11-11,美浦 奥平,468,10,
202505040607,2025-10-18,東京,7,3歳以上1勝クラス,芝,1400,左,晴,良,"4回 東京 6日目 サラ系３歳以上 １勝クラス       (混)[指] 定量 17頭 本賞金:800,320,200,120,80万円",17,800.0,12,2,3,エンジェルブリーズ,牝,3,54.0,横山和,81.4,ハナ,4,6.5,33.1,17-17,美浦 中舘,454,0,
202505040607,2025-10-18,東京,7,3歳以上1勝クラス,芝,1400,左,晴,良,"4回 東京 6日目 サラ系３歳以上 １勝クラス       (混)[指] 定量 17頭 本賞金:800,320,200,120,80万円",17,800.0,13,1,1,アサクサヴィーナス,牝,5,56.0,大野,81.4,ハナ,9,28.9,33.7,13-14,美浦 高柳瑞,450,0,
202505040607,2025-10-18,東京,7,3歳以上1勝クラス,芝,1400,左,晴,良,"4回 東京 6日目 サラ系３歳以上 １勝クラス       (混)[指] 定量 17頭 本賞金:800,320,200,120,80万円",17,800.0,14,8,15,ヴィヴァクラウン,牡,4,58.0,木幡巧,81.6,1.1/4,14,122.3,35.2,3-2,美浦 杉浦,482,4,
202505040607,2025-10-18,東京,7,3歳以上1勝クラス,芝,1400,左,晴,良,"4回 東京 6日目 サラ系３歳以上 １勝クラス       (混)[指] 定量 17頭 本賞金:800,320,200,120,80万円",17,800.0,15,2,4,パーリーラスター,牝,3,52.0,△長浜,81.9,1.3/4,17,286.5,34.0,13-15,美浦 池上,430,-14,
202505040607,2025-10-18,東京,7,3歳以上1勝クラス,芝,1400,左,晴,良,"4回 東京 6日目 サラ系３歳以上 １勝クラス       (混)[指] 定量 17頭 本賞金:800,320,200,120,80万円",17,800.0,16,1,2,クインズスピカ,牝,4,56.0,横山典,82.1,1.1/4,10,38.6,34.6,11-11,美浦 村田,492,22,
202505040607,2025-10-18,東京,7,3歳以上1勝クラス,芝,1400,左,晴,良,"4回 東京 6日目 サラ系３歳以上 １勝クラス       (混)[指] 定量 17頭 本賞金:800,320,200,120,80万円",17,800.0,17,3,5,ロンドンアームズ,牝,4,56.0,三浦,82.2,1,15,149.6,34.2,16-15,美浦 伊坂,458,8,
202505040607,2025-10-18,東京,7,3歳以上1勝クラス,芝,1400,左,晴,良,"4回 東京 6日目 サラ系３歳以上 １勝クラス       (混)[指] 定量 17頭 本賞金:800,320,200,120,80万円",17,800.0,,1,12,ミクストベリーズ,,,94.0,95,,12.8,6,11.2,3.0,11.3,3,,,
202505040607,2025-10-18,東京,7,3歳以上1勝クラス,芝,1400,左,晴,良,"4回 東京 6日目 サラ系３歳以上 １勝クラス       (混)[指] 定量 17頭 本賞金:800,320,200,120,80万円",17,800.0,,1,12,ミクストベリーズ,,,,-,,-,,,,-,-,,,
202505040608,2025-10-18,東京,8,3歳以上2勝クラス,芝,2000,左,晴,良,"4回 東京 6日目 サラ系３歳以上 ２勝クラス       (混)(特指) 定量 8頭 本賞金:1140,460,290,170,114万円",8,1140.0,1,3,3,エラン,牡,4,58.0,横山武,119.8,,4,8.2,34.3,1-1-1,美浦 蛯名正,466,-8,
202505040608,2025-10-18,東京,8,3歳以上2勝クラス,芝,2000,左,晴,良,"4回 東京 6日目 サラ系３歳以上 ２勝クラス       (混)(特指) 定量 8頭 本賞金:1140,460,290,170,114万円",8,1140.0,2,1,1,クラッシファイド,牡,4,58.0,ルメー,120.0,1.1/4,2,4.4,34.1,3-3-3,美浦 黒岩,474,0,
202505040608,2025-10-18,東京,8,3歳以上2勝クラス,芝,2000,左,晴,良,"4回 東京 6日目 サラ系３歳以上 ２勝クラス       (混)(特指) 定量 8頭 本賞金:1140,460,290,170,114万円",8,1140.0,3,2,2,ヴァリディシームス,牡,3,56.0,川田,120.2,3/4,1,1.5,33.9,5-5-5,栗東 中内田,490,-8,
202505040608,2025-10-18,東京,8,3歳以上2勝クラス,芝,2000,左,晴,良,"4回 東京 6日目 サラ系３歳以上 ２勝クラス       (混)(特指) 定量 8頭 本賞金:1140,460,290,170,114万円",8,1140.0,4,5,5,ウインルピナス,牝,5,56.0,松岡,120.4,1.1/4,6,31.7,34.4,4-4-3,美浦 鈴木伸,442,0,
202505040608,2025-10-18,東京,8,3歳以上2勝クラス,芝,2000,左,晴,良,"4回 東京 6日目 サラ系３歳以上 ２勝クラス       (混)(特指) 定量 8頭 本賞金:1140,460,290,170,114万円",8,1140.0,5,7,7,ゴーソーファー,牝,3,54.0,津村,120.5,3/4,3,4.9,34.8,2-2-2,美浦 手塚久,468,10,
202505040608,2025-10-18,東京,8,3歳以上2勝クラス,芝,2000,左,晴,良,"4回 東京 6日目 サラ系３歳以上 ２勝クラス       (混)(特指) 定量 8頭 本賞金:1140,460,290,170,114万円",8,1140.0,6,8,8,ワイズゴールド,牝,5,56.0,菅原隆,121.0,3,7,156.2,34.4,6-6-6,美浦 蛯名利,434,4,
202505040608,2025-10-18,東京,8,3歳以上2勝クラス,芝,2000,左,晴,良,"4回 東京 6日目 サラ系３歳以上 ２勝クラス       (混)(特指) 定量 8頭 本賞金:1140,460,290,170,114万円",8,1140.0,7,6,6,ピンキープロミス,牡,5,58.0,矢野貴,121.1,1/2,5,29.8,34.3,7-7-7,美浦 畠山,488,4,
202505040608,2025-10-18,東京,8,3歳以上2勝クラス,芝,2000,左,晴,良,"4回 東京 6日目 サラ系３歳以上 ２勝クラス       (混)(特指) 定量 8頭 本賞金:1140,460,290,170,114万円",8,1140.0,,4,4,シャドウメテオ,牝,3,54.0,戸崎圭,,,,,,,美浦 金成,,,取消
202505040608,2025-10-18,東京,8,3歳以上2勝クラス,芝,2000,左,晴,良,"4回 東京 6日目 サラ系３歳以上 ２勝クラス       (混)(特指) 定量 8頭 本賞金:1140,460,290,170,114万円",8,1140.0,,1,3,エラン,,,91.0,85,,13.3,2,12.3,4.0,11.9,2,,,
202505040608,2025-10-18,東京,8,3歳以上2勝クラス,芝,2000,左,晴,良,"4回 東京 6日目 サラ系３歳以上 ２勝クラス       (混)(特指) 定量 8頭 本賞金:1140,460,290,170,114万円",8,1140.0,,1,3,エラン,,,,-,,-,,,,-,-,,,
202505040609,2025-10-18,東京,9,アイビーS,芝,1800,左,晴,良,"4回 東京 6日目 サラ系２歳 オープン       (国際)(特指) 別定 7頭 本賞金:1700,680,430,260,170万円",7,1700.0,1,5,5,アンドゥーリル,牡,2,56.0,川田,106.8,,1,2.3,33.6,2-2-2,栗東 中内田,462,8,
202505040609,2025-10-18,東京,9,アイビーS,芝,1800,左,晴,良,"4回 東京 6日目 サラ系２歳 オープン       (国際)(特指) 別定 7頭 本賞金:1700,680,430,260,170万円",7,1700.0,2,2,2,アートバーゼル,牝,2,55.0,戸崎圭,107.0,1,2,3.1,33.5,3-4-4,美浦 宮田,458,0,
202505040609,2025-10-18,東京,9,アイビーS,芝,1800,左,晴,良,"4回 東京 6日目 サラ系２歳 オープン       (国際)(特指) 別定 7頭 本賞金:1700,680,430,260,170万円",7,1700.0,3,3,3,モノポリオ,牡,2,56.0,ルメー,107.2,1.1/2,3,3.4,33.6,5-6-5,美浦 森一,492,20,
202505040609,2025-10-18,東京,9,アイビーS,芝,1800,左,晴,良,"4回 東京 6日目 サラ系２歳 オープン       (国際)(特指) 別定 7頭 本賞金:1700,680,430,260,170万円",7,1700.0,4,1,1,スマートプリエール,牝,2,55.0,武豊,107.3,3/4,4,6.4,33.5,5-7-7,栗東 大久保,472,-4,
202505040609,2025-10-18,東京,9,アイビーS,芝,1800,左,晴,良,"4回 東京 6日目 サラ系２歳 オープン       (国際)(特指) 別定 7頭 本賞金:1700,680,430,260,170万円",7,1700.0,5,7,7,マイネルシンベリン,牡,2,56.0,津村,107.4,クビ,5,20.5,35.1,1-1-1,美浦 武市,448,0,
202505040609,2025-10-18,東京,9,アイビーS,芝,1800,左,晴,良,"4回 東京 6日目 サラ系２歳 オープン       (国際)(特指) 別定 7頭 本賞金:1700,680,430,260,170万円",7,1700.0,6,4,4,ルージュカルデア,牝,2,55.0,坂井,107.5,3/4,6,66.3,34.1,3-3-3,美浦 加藤征,452,-6,
202505040609,2025-10-18,東京,9,アイビーS,芝,1800,左,晴,良,"4回 東京 6日目 サラ系２歳 オープン       (国際)(特指) 別定 7頭 本賞金:1700,680,430,260,170万円",7,1700.0,7,6,6,コスモギガンティア,牡,2,56.0,矢野貴,107.8,2,7,148.8,34.1,5-4-5,地方 河津裕,464,6,
202505040609,2025-10-18,東京,9,アイビーS,芝,1800,左,晴,良,"4回 東京 6日目 サラ系２歳 オープン       (国際)(特指) 別定 7頭 本賞金:1700,680,430,260,170万円",7,1700.0,,1,5,アンドゥーリル,,,93.0,82,,13.2,2,11.5,3.0,11.9,2,,,
202505040609,2025-10-18,東京,9,アイビーS,芝,1800,左,晴,良,"4回 東京 6日目 サラ系２歳 オープン       (国際)(特指) 別定 7頭 本賞金:1700,680,430,260,170万円",7,1700.0,,1,5,アンドゥーリル,,,,-,,-,,,,-,-,,,
202505040610,2025-10-18,東京,10,伊勢佐木S,ダ,2100,左,曇,良,"4回 東京 6日目 サラ系３歳以上 ３勝クラス       (混)(特指) 定量 16頭 本賞金:1840,740,460,280,184万円",16,1840.0,1,7,14,ピカピカサンダー,牡,3,56.0,三浦,132.0,,1,2.3,36.4,3-3-3-3,美浦 鹿戸,494,-4,
202505040610,2025-10-18,東京,10,伊勢佐木S,ダ,2100,左,曇,良,"4回 東京 6日目 サラ系３歳以上 ３勝クラス       (混)(特指) 定量 16頭 本賞金:1840,740,460,280,184万円",16,1840.0,2,3,6,ノットイナフ,牡,4,58.0,石橋脩,132.2,1.1/2,8,21.6,36.8,1-1-1-1,栗東 浜田,482,8,
202505040610,2025-10-18,東京,10,伊勢佐木S,ダ,2100,左,曇,良,"4回 東京 6日目 サラ系３歳以上 ３勝クラス       (混)(特指) 定量 16頭 本賞金:1840,740,460,280,184万円",16,1840.0,3,5,9,レッドプロフェシー,牡,5,58.0,原,132.5,2,2,6.0,36.7,5-5-6-5,栗東 大久保,484,0,
202505040610,2025-10-18,東京,10,伊勢佐木S,ダ,2100,左,曇,良,"4回 東京 6日目 サラ系３歳以上 ３勝クラス       (混)(特指) 定量 16頭 本賞金:1840,740,460,280,184万円",16,1840.0,4,1,1,ワンパット,牡,4,58.0,団野,132.9,2.1/2,11,39.4,37.1,7-5-6-5,栗東 高橋亮,500,14,
202505040610,2025-10-18,東京,10,伊勢佐木S,ダ,2100,左,曇,良,"4回 東京 6日目 サラ系３歳以上 ３勝クラス       (混)(特指) 定量 16頭 本賞金:1840,740,460,280,184万円",16,1840.0,5,2,3,アスクデビューモア,牡,4,58.0,戸崎圭,133.0,クビ,7,13.2,36.8,13-13-12-11,栗東 福永,462,-4,
202505040610,2025-10-18,東京,10,伊勢佐木S,ダ,2100,左,曇,良,"4回 東京 6日目 サラ系３歳以上 ３勝クラス       (混)(特指) 定量 16頭 本賞金:1840,740,460,280,184万円",16,1840.0,6,3,5,ジャスパーグレイト,牡,6,58.0,横山典,133.2,1,5,11.9,37.6,4-3-3-3,栗東 森秀,490,4,
202505040610,2025-10-18,東京,10,伊勢佐木S,ダ,2100,左,曇,良,"4回 東京 6日目 サラ系３歳以上 ３勝クラス       (混)(特指) 定量 16頭 本賞金:1840,740,460,280,184万円",16,1840.0,7,8,16,オンザライン,セ,7,58.0,小崎,133.2,クビ,12,47.1,37.0,12-11-11-11,美浦 大和田,462,6,
202505040610,2025-10-18,東京,10,伊勢佐木S,ダ,2100,左,曇,良,"4回 東京 6日目 サラ系３歳以上 ３勝クラス       (混)(特指) 定量 16頭 本賞金:1840,740,460,280,184万円",16,1840.0,8,6,12,ヤマニンエンディマ,牡,5,58.0,大野,133.2,ハナ,3,9.4,37.7,2-2-2-2,美浦 辻,514,2,
202505040610,2025-10-18,東京,10,伊勢佐木S,ダ,2100,左,曇,良,"4回 東京 6日目 サラ系３歳以上 ３勝クラス       (混)(特指) 定量 16頭 本賞金:1840,740,460,280,184万円",16,1840.0,9,2,4,ビップスコーピオン,牡,5,58.0,松岡,133.8,3.1/2,14,55.0,37.7,8-8-9-9,美浦 田島,460,2,
202505040610,2025-10-18,東京,10,伊勢佐木S,ダ,2100,左,曇,良,"4回 東京 6日目 サラ系３歳以上 ３勝クラス       (混)(特指) 定量 16頭 本賞金:1840,740,460,280,184万円",16,1840.0,10,4,8,セブンスレター,セ,6,58.0,柴田大,133.9,1/2,16,299.9,37.9,10-10-10-9,美浦 佐藤吉,498,16,
202505040610,2025-10-18,東京,10,伊勢佐木S,ダ,2100,左,曇,良,"4回 東京 6日目 サラ系３歳以上 ３勝クラス       (混)(特指) 定量 16頭 本賞金:1840,740,460,280,184万円",16,1840.0,11,5,10,コスモジンバック,牡,4,58.0,石川,134.2,1.3/4,10,33.4,38.3,8-8-6-5,美浦 相沢,496,2,
202505040610,2025-10-18,東京,10,伊勢佐木S,ダ,2100,左,曇,良,"4回 東京 6日目 サラ系３歳以上 ３勝クラス       (混)(特指) 定量 16頭 本賞金:1840,740,460,280,184万円",16,1840.0,12,4,7,ホウオウバリスタ,牡,6,58.0,横山武,134.4,1.1/4,6,12.7,37.5,14-14-14-13,美浦 稲垣,524,-2,
202505040610,2025-10-18,東京,10,伊勢佐木S,ダ,2100,左,曇,良,"4回 東京 6日目 サラ系３歳以上 ３勝クラス       (混)(特指) 定量 16頭 本賞金:1840,740,460,280,184万円",16,1840.0,13,8,15,リューデスハイム,牡,4,58.0,北村友,134.6,1.1/2,4,9.8,37.7,10-11-13-13,栗東 牧田,518,0,
202505040610,2025-10-18,東京,10,伊勢佐木S,ダ,2100,左,曇,良,"4回 東京 6日目 サラ系３歳以上 ３勝クラス       (混)(特指) 定量 16頭 本賞金:1840,740,460,280,184万円",16,1840.0,14,6,11,ニューバラード,牡,4,58.0,矢野貴,134.7,クビ,9,28.5,38.9,5-5-5-5,美浦 尾関,518,2,
202505040610,2025-10-18,東京,10,伊勢佐木S,ダ,2100,左,曇,良,"4回 東京 6日目 サラ系３歳以上 ３勝クラス       (混)(特指) 定量 16頭 本賞金:1840,740,460,280,184万円",16,1840.0,15,1,2,アームブランシュ,牡,5,58.0,木幡巧,134.7,クビ,15,139.9,37.5,15-15-15-15,美浦 竹内,466,6,
202505040610,2025-10-18,東京,10,伊勢佐木S,ダ,2100,左,曇,良,"4回 東京 6日目 サラ系３歳以上 ３勝クラス       (混)(特指) 定量 16頭 本賞金:1840,740,460,280,184万円",16,1840.0,,7,13,グロバーテソーロ,牡,4,58.0,菅原明,,,13,48.1,,,美浦 高木,512,6,中止
202505040610,2025-10-18,東京,10,伊勢佐木S,ダ,2100,左,曇,良,"4回 東京 6日目 サラ系３歳以上 ３勝クラス       (混)(特指) 定量 16頭 本賞金:1840,740,460,280,184万円",16,1840.0,,1,14,ピカピカサンダー,,,98.0,89,,7.3,13,11.9,3.0,12.8,3,,,
202505040610,2025-10-18,東京,10,伊勢佐木S,ダ,2100,左,曇,良,"4回 東京 6日目 サラ系３歳以上 ３勝クラス       (混)(特指) 定量 16頭 本賞金:1840,740,460,280,184万円",16,1840.0,,1,14,ピカピカサンダー,,,,-,,-,,,,-,-,,,
202505040611,2025-10-18,東京,11,富士S,芝,1600,左,曇,良,"4回 東京 6日目 サラ系３歳以上 オープン       (国際)(指) 別定 14頭 本賞金:5900,2400,1500,890,590万円",14,5900.0,1,7,11,ガイアフォース,牡,6,57.0,横山武,91.7,,3,7.1,33.3,2-2,栗東 杉山晴,496,2,
202505040611,2025-10-18,東京,11,富士S,芝,1600,左,曇,良,"4回 東京 6日目 サラ系３歳以上 オープン       (国際)(指) 別定 14頭 本賞金:5900,2400,1500,890,590万円",14,5900.0,2,8,14,ジャンタルマンタル,牡,4,59.0,川田,91.8,1/2,1,1.9,33.3,2-3,栗東 高野,506,8,
202505040611,2025-10-18,東京,11,富士S,芝,1600,左,曇,良,"4回 東京 6日目 サラ系３歳以上 オープン       (国際)(指) 別定 14頭 本賞金:5900,2400,1500,890,590万円",14,5900.0,3,4,6,ソウルラッシュ,牡,7,59.0,団野,92.1,1.3/4,4,7.2,33.4,5-5,栗東 池江,514,2,
202505040611,2025-10-18,東京,11,富士S,芝,1600,左,曇,良,"4回 東京 6日目 サラ系３歳以上 オープン       (国際)(指) 別定 14頭 本賞金:5900,2400,1500,890,590万円",14,5900.0,4,5,8,ジュンブロッサム,牡,6,58.0,石川,92.1,クビ,9,32.8,32.8,12-11,栗東 友道,470,-4,
202505040611,2025-10-18,東京,11,富士S,芝,1600,左,曇,良,"4回 東京 6日目 サラ系３歳以上 オープン       (国際)(指) 別定 14頭 本賞金:5900,2400,1500,890,590万円",14,5900.0,5,3,4,ウンブライル,牝,5,55.0,ルメー,92.1,クビ,8,23.3,33.2,8-7,美浦 木村,492,12,
202505040611,2025-10-18,東京,11,富士S,芝,1600,左,曇,良,"4回 東京 6日目 サラ系３歳以上 オープン       (国際)(指) 別定 14頭 本賞金:5900,2400,1500,890,590万円",14,5900.0,6,6,9,キープカルム,牡,4,57.0,坂井,92.3,1,6,17.6,33.3,8-9,栗東 中竹,488,-8,
202505040611,2025-10-18,東京,11,富士S,芝,1600,左,曇,良,"4回 東京 6日目 サラ系３歳以上 オープン       (国際)(指) 別定 14頭 本賞金:5900,2400,1500,890,590万円",14,5900.0,7,8,13,ファーヴェント,牡,4,57.0,佐々木,92.5,1,10,42.4,33.7,5-5,栗東 藤原,508,-2,
202505040611,2025-10-18,東京,11,富士S,芝,1600,左,曇,良,"4回 東京 6日目 サラ系３歳以上 オープン       (国際)(指) 別定 14頭 本賞金:5900,2400,1500,890,590万円",14,5900.0,8,7,12,シャンパンカラー,牡,5,58.0,戸崎圭,92.5,アタマ,7,18.6,33.1,14-13,美浦 田中剛,516,2,
202505040611,2025-10-18,東京,11,富士S,芝,1600,左,曇,良,"4回 東京 6日目 サラ系３歳以上 オープン       (国際)(指) 別定 14頭 本賞金:5900,2400,1500,890,590万円",14,5900.0,9,2,2,ウォーターリヒト,牡,4,57.0,菅原明,92.5,アタマ,5,15.9,33.0,13-13,栗東 石橋,462,-6,
202505040611,2025-10-18,東京,11,富士S,芝,1600,左,曇,良,"4回 東京 6日目 サラ系３歳以上 オープン       (国際)(指) 別定 14頭 本賞金:5900,2400,1500,890,590万円",14,5900.0,10,1,1,マジックサンズ,牡,3,55.0,武豊,92.9,2.1/2,2,6.1,34.0,7-7,栗東 須貝,520,6,
202505040611,2025-10-18,東京,11,富士S,芝,1600,左,曇,良,"4回 東京 6日目 サラ系３歳以上 オープン       (国際)(指) 別定 14頭 本賞金:5900,2400,1500,890,590万円",14,5900.0,11,5,7,ニシノスーベニア,牡,6,57.0,大野,93.0,3/4,11,94.5,33.8,10-10,美浦 上原博,530,8,
202505040611,2025-10-18,東京,11,富士S,芝,1600,左,曇,良,"4回 東京 6日目 サラ系３歳以上 オープン       (国際)(指) 別定 14頭 本賞金:5900,2400,1500,890,590万円",14,5900.0,12,4,5,レイベリング,牡,5,57.0,津村,93.1,1/2,13,219.4,34.6,4-3,美浦 鹿戸,484,2,
202505040611,2025-10-18,東京,11,富士S,芝,1600,左,曇,良,"4回 東京 6日目 サラ系３歳以上 オープン       (国際)(指) 別定 14頭 本賞金:5900,2400,1500,890,590万円",14,5900.0,13,6,10,グリューネグリーン,牡,5,57.0,石橋脩,93.2,1/2,12,216.7,34.9,1-1,美浦 相沢,490,-12,
202505040611,2025-10-18,東京,11,富士S,芝,1600,左,曇,良,"4回 東京 6日目 サラ系３歳以上 オープン       (国際)(指) 別定 14頭 本賞金:5900,2400,1500,890,590万円",14,5900.0,14,3,3,シャイニーロック,牡,9,57.0,山本聡,93.9,4,14,235.0,34.6,10-11,地方 佐々由,502,-7,
202505040611,2025-10-18,東京,11,富士S,芝,1600,左,曇,良,"4回 東京 6日目 サラ系３歳以上 オープン       (国際)(指) 別定 14頭 本賞金:5900,2400,1500,890,590万円",14,5900.0,,1,11,ガイアフォース,,,99.0,98,,12.6,6,11.1,3.0,11.5,2,,,
202505040611,2025-10-18,東京,11,富士S,芝,1600,左,曇,良,"4回 東京 6日目 サラ系３歳以上 オープン       (国際)(指) 別定 14頭 本賞金:5900,2400,1500,890,590万円",14,5900.0,,1,11,ガイアフォース,,,0.442,7.75,,6.75,,7.96,0.455,7.91,0.455,,,
202505040612,2025-10-18,東京,12,3歳以上2勝クラス,ダ,1400,左,曇,良,"4回 東京 6日目 サラ系３歳以上 ２勝クラス       (混)[指] 定量 14頭 本賞金:1140,460,290,170,114万円",14,1140.0,1,3,3,コシュデリ,牡,3,56.0,武豊,84.7,,4,6.6,36.8,1-1,栗東 千田,486,-2,
202505040612,2025-10-18,東京,12,3歳以上2勝クラス,ダ,1400,左,曇,良,"4回 東京 6日目 サラ系３歳以上 ２勝クラス       (混)[指] 定量 14頭 本賞金:1140,460,290,170,114万円",14,1140.0,2,5,7,ダイシンリンク,牡,3,56.0,戸崎圭,85.0,2,3,5.8,36.4,10-9,栗東 森秀,464,18,
202505040612,2025-10-18,東京,12,3歳以上2勝クラス,ダ,1400,左,曇,良,"4回 東京 6日目 サラ系３歳以上 ２勝クラス       (混)[指] 定量 14頭 本賞金:1140,460,290,170,114万円",14,1140.0,3,6,9,エチャケナ,牝,4,56.0,北村宏,85.1,クビ,7,21.2,36.7,6-7,美浦 金成,452,6,
202505040612,2025-10-18,東京,12,3歳以上2勝クラス,ダ,1400,左,曇,良,"4回 東京 6日目 サラ系３歳以上 ２勝クラス       (混)[指] 定量 14頭 本賞金:1140,460,290,170,114万円",14,1140.0,4,8,13,スズカコーズ,牡,5,58.0,木幡巧,85.5,2.1/2,2,4.4,37.1,6-7,美浦 伊藤圭,506,6,
202505040612,2025-10-18,東京,12,3歳以上2勝クラス,ダ,1400,左,曇,良,"4回 東京 6日目 サラ系３歳以上 ２勝クラス       (混)[指] 定量 14頭 本賞金:1140,460,290,170,114万円",14,1140.0,5,3,4,サンダーアリュール,牝,4,53.0,▲遠藤,85.5,アタマ,12,108.0,37.5,2-2,美浦 菊川,460,2,
202505040612,2025-10-18,東京,12,3歳以上2勝クラス,ダ,1400,左,曇,良,"4回 東京 6日目 サラ系３歳以上 ２勝クラス       (混)[指] 定量 14頭 本賞金:1140,460,290,170,114万円",14,1140.0,6,7,12,ハクサンアイリス,牡,3,56.0,小崎,85.6,3/4,1,3.1,36.9,9-9,栗東 高橋一,488,4,
202505040612,2025-10-18,東京,12,3歳以上2勝クラス,ダ,1400,左,曇,良,"4回 東京 6日目 サラ系３歳以上 ２勝クラス       (混)[指] 定量 14頭 本賞金:1140,460,290,170,114万円",14,1140.0,7,6,10,トルーマンテソーロ,牡,6,58.0,石橋脩,86.1,3,11,51.3,38.1,2-2,美浦 菊川,528,0,
202505040612,2025-10-18,東京,12,3歳以上2勝クラス,ダ,1400,左,曇,良,"4回 東京 6日目 サラ系３歳以上 ２勝クラス       (混)[指] 定量 14頭 本賞金:1140,460,290,170,114万円",14,1140.0,8,5,8,ディージェーサン,牝,6,56.0,松岡,86.1,ハナ,13,285.4,37.4,11-9,美浦 堀内,444,-4,
202505040612,2025-10-18,東京,12,3歳以上2勝クラス,ダ,1400,左,曇,良,"4回 東京 6日目 サラ系３歳以上 ２勝クラス       (混)[指] 定量 14頭 本賞金:1140,460,290,170,114万円",14,1140.0,9,7,11,ハリケーンリッジ,牝,5,56.0,矢野貴,86.6,3,8,22.1,37.7,12-12,美浦 大和田,436,-6,
202505040612,2025-10-18,東京,12,3歳以上2勝クラス,ダ,1400,左,曇,良,"4回 東京 6日目 サラ系３歳以上 ２勝クラス       (混)[指] 定量 14頭 本賞金:1140,460,290,170,114万円",14,1140.0,10,1,1,ロサンゼルス,牡,4,58.0,三浦,86.7,クビ,6,12.4,38.5,4-4,美浦 伊藤圭,528,2,
202505040612,2025-10-18,東京,12,3歳以上2勝クラス,ダ,1400,左,曇,良,"4回 東京 6日目 サラ系３歳以上 ２勝クラス       (混)[指] 定量 14頭 本賞金:1140,460,290,170,114万円",14,1140.0,11,8,14,リュウノタブーク,牝,4,56.0,山本聡,86.7,ハナ,9,22.6,38.4,4-5,美浦 伊坂,440,-2,
202505040612,2025-10-18,東京,12,3歳以上2勝クラス,ダ,1400,左,曇,良,"4回 東京 6日目 サラ系３歳以上 ２勝クラス       (混)[指] 定量 14頭 本賞金:1140,460,290,170,114万円",14,1140.0,12,4,5,セキテイオー,牡,6,58.0,柴田大,87.1,2.1/2,14,296.0,37.9,13-13,美浦 田中剛,478,-2,
202505040612,2025-10-18,東京,12,3歳以上2勝クラス,ダ,1400,左,曇,良,"4回 東京 6日目 サラ系３歳以上 ２勝クラス       (混)[指] 定量 14頭 本賞金:1140,460,290,170,114万円",14,1140.0,13,2,2,グランオルカ,セ,4,58.0,佐々木,88.1,6,5,8.6,39.8,6-5,美浦 武井,482,2,
202505040612,2025-10-18,東京,12,3歳以上2勝クラス,ダ,1400,左,曇,良,"4回 東京 6日目 サラ系３歳以上 ２勝クラス       (混)[指] 定量 14頭 本賞金:1140,460,290,170,114万円",14,1140.0,14,4,6,クレイヴィンオナー,牡,4,58.0,横山和,89.5,8,10,45.6,37.4,14-14,美浦 嘉藤,544,16,
202505040612,2025-10-18,東京,12,3歳以上2勝クラス,ダ,1400,左,曇,良,"4回 東京 6日目 サラ系３歳以上 ２勝クラス       (混)[指] 定量 14頭 本賞金:1140,460,290,170,114万円",14,1140.0,,1,3,コシュデリ,,,101.0,99,,12.4,3,11.4,3.0,11.7,1,,,
202505040612,2025-10-18,東京,12,3歳以上2勝クラス,ダ,1400,左,曇,良,"4回 東京 6日目 サラ系３歳以上 ２勝クラス       (混)[指] 定量 14頭 本賞金:1140,460,290,170,114万円",14,1140.0,,1,3,コシュデリ,,,,-,,-,,,,-,-,,,
202508030601,2025-10-18,京都,1,2歳未勝利,ダ,1400,右,曇,稍,"3回 京都 6日目 サラ系２歳 未勝利       [指] 馬齢 9頭 本賞金:560,220,140,84,56万円",9,560.0,1,8,9,エシェックオロワ,牡,2,56.0,岩田望,85.2,,2,3.7,37.7,3-3,栗東 千田,474,-10,
202508030601,2025-10-18,京都,1,2歳未勝利,ダ,1400,右,曇,稍,"3回 京都 6日目 サラ系２歳 未勝利       [指] 馬齢 9頭 本賞金:560,220,140,84,56万円",9,560.0,2,6,6,ノリノドラゴン,牡,2,56.0,城戸,85.4,1.1/4,7,34.6,36.8,9-7,栗東 荒川,450,-4,
202508030601,2025-10-18,京都,1,2歳未勝利,ダ,1400,右,曇,稍,"3回 京都 6日目 サラ系２歳 未勝利       [指] 馬齢 9頭 本賞金:560,220,140,84,56万円",9,560.0,3,7,7,ジャカルタバオ,セ,2,56.0,松若,85.7,1.1/2,6,21.9,37.5,6-6,栗東 藤野,448,0,
202508030601,2025-10-18,京都,1,2歳未勝利,ダ,1400,右,曇,稍,"3回 京都 6日目 サラ系２歳 未勝利       [指] 馬齢 9頭 本賞金:560,220,140,84,56万円",9,560.0,4,1,1,マクアケ,牡,2,56.0,鮫島駿,85.7,クビ,9,94.4,38.1,4-4,栗東 杉山佳,492,-4,
202508030601,2025-10-18,京都,1,2歳未勝利,ダ,1400,右,曇,稍,"3回 京都 6日目 サラ系２歳 未勝利       [指] 馬齢 9頭 本賞金:560,220,140,84,56万円",9,560.0,5,3,3,リーグナイト,牡,2,53.0,▲田山,85.8,クビ,1,2.0,38.5,2-2,栗東 新谷,458,-2,
202508030601,2025-10-18,京都,1,2歳未勝利,ダ,1400,右,曇,稍,"3回 京都 6日目 サラ系２歳 未勝利       [指] 馬齢 9頭 本賞金:560,220,140,84,56万円",9,560.0,6,8,8,ルファーダ,牡,2,56.0,古川吉,85.8,クビ,4,7.0,37.9,5-5,栗東 大根田,504,-12,
202508030601,2025-10-18,京都,1,2歳未勝利,ダ,1400,右,曇,稍,"3回 京都 6日目 サラ系２歳 未勝利       [指] 馬齢 9頭 本賞金:560,220,140,84,56万円",9,560.0,7,2,2,デルニエジョイ,牡,2,56.0,和田竜,85.9,1/2,3,5.1,38.8,1-1,栗東 鈴木孝,458,-10,
202508030601,2025-10-18,京都,1,2歳未勝利,ダ,1400,右,曇,稍,"3回 京都 6日目 サラ系２歳 未勝利       [指] 馬齢 9頭 本賞金:560,220,140,84,56万円",9,560.0,8,4,4,カレンショー,牡,2,55.0,☆吉村,88.0,大,5,17.4,39.7,6-8,栗東 安田,432,6,
202508030601,2025-10-18,京都,1,2歳未勝利,ダ,1400,右,曇,稍,"3回 京都 6日目 サラ系２歳 未勝利       [指] 馬齢 9頭 本賞金:560,220,140,84,56万円",9,560.0,9,5,5,スナークホクサイ,牡,2,56.0,田口,91.1,大,8,87.9,42.6,8-9,栗東 野中,476,-2,
202508030601,2025-10-18,京都,1,2歳未勝利,ダ,1400,右,曇,稍,"3回 京都 6日目 サラ系２歳 未勝利       [指] 馬齢 9頭 本賞金:560,220,140,84,56万円",9,560.0,,1,9,エシェックオロワ,,,101.0,92,,12.3,6,10.9,4.0,11.9,4,,,
202508030601,2025-10-18,京都,1,2歳未勝利,ダ,1400,右,曇,稍,"3回 京都 6日目 サラ系２歳 未勝利       [指] 馬齢 9頭 本賞金:560,220,140,84,56万円",9,560.0,,1,9,エシェックオロワ,,,,-,,-,,,,-,-,,,
202508030602,2025-10-18,京都,2,2歳未勝利,ダ,1800,右,曇,稍,"3回 京都 6日目 サラ系２歳 未勝利       (混)[指] 馬齢 10頭 本賞金:560,220,140,84,56万円",10,560.0,1,2,2,シルバーレシオ,牡,2,56.0,岩田望,112.3,,1,2.6,37.8,7-7-5-3,栗東 野中,510,-4,
202508030602,2025-10-18,京都,2,2歳未勝利,ダ,1800,右,曇,稍,"3回 京都 6日目 サラ系２歳 未勝利       (混)[指] 馬齢 10頭 本賞金:560,220,140,84,56万円",10,560.0,2,3,3,サマーマッドネス,牡,2,56.0,岩田康,113.7,9,2,3.6,39.6,2-2-2-2,栗東 森秀,518,-2,
202508030602,2025-10-18,京都,2,2歳未勝利,ダ,1800,右,曇,稍,"3回 京都 6日目 サラ系２歳 未勝利       (混)[指] 馬齢 10頭 本賞金:560,220,140,84,56万円",10,560.0,3,5,5,ブームバップビート,牡,2,56.0,西村淳,113.9,3/4,4,6.0,39.7,2-3-3-3,栗東 中内田,544,-4,
202508030602,2025-10-18,京都,2,2歳未勝利,ダ,1800,右,曇,稍,"3回 京都 6日目 サラ系２歳 未勝利       (混)[指] 馬齢 10頭 本賞金:560,220,140,84,56万円",10,560.0,4,6,6,ライトフライヤー,牡,2,56.0,菱田,114.1,1.1/2,6,20.8,39.3,6-6-7-6,栗東 吉岡,486,2,
202508030602,2025-10-18,京都,2,2歳未勝利,ダ,1800,右,曇,稍,"3回 京都 6日目 サラ系２歳 未勝利       (混)[指] 馬齢 10頭 本賞金:560,220,140,84,56万円",10,560.0,5,4,4,テイエムパイロダン,牡,2,56.0,酒井,114.2,1/2,8,52.2,39.1,9-9-9-9,栗東 宮地,450,8,
202508030602,2025-10-18,京都,2,2歳未勝利,ダ,1800,右,曇,稍,"3回 京都 6日目 サラ系２歳 未勝利       (混)[指] 馬齢 10頭 本賞金:560,220,140,84,56万円",10,560.0,6,7,7,タガノニューデリー,牡,2,53.0,▲森田,114.4,1,10,153.0,38.5,10-10-10-10,栗東 斉藤崇,468,8,
202508030602,2025-10-18,京都,2,2歳未勝利,ダ,1800,右,曇,稍,"3回 京都 6日目 サラ系２歳 未勝利       (混)[指] 馬齢 10頭 本賞金:560,220,140,84,56万円",10,560.0,7,8,10,ファイブタンゴ,牡,2,55.0,☆吉村,114.6,1.1/4,5,18.0,39.9,8-8-7-6,栗東 秋山,502,6,
202508030602,2025-10-18,京都,2,2歳未勝利,ダ,1800,右,曇,稍,"3回 京都 6日目 サラ系２歳 未勝利       (混)[指] 馬齢 10頭 本賞金:560,220,140,84,56万円",10,560.0,8,7,8,カセノコンコルド,牡,2,56.0,和田竜,114.6,アタマ,9,68.7,40.1,5-5-5-6,栗東 中尾,452,6,
202508030602,2025-10-18,京都,2,2歳未勝利,ダ,1800,右,曇,稍,"3回 京都 6日目 サラ系２歳 未勝利       (混)[指] 馬齢 10頭 本賞金:560,220,140,84,56万円",10,560.0,9,8,9,カフジクロミエ,牝,2,52.0,▲田山,115.4,5,3,4.0,41.1,4-3-3-3,栗東 中竹,478,0,
202508030602,2025-10-18,京都,2,2歳未勝利,ダ,1800,右,曇,稍,"3回 京都 6日目 サラ系２歳 未勝利       (混)[指] 馬齢 10頭 本賞金:560,220,140,84,56万円",10,560.0,10,1,1,ゴールデンバランス,牡,2,56.0,松若,115.5,1/2,7,23.7,41.5,1-1-1-1,栗東 杉山晴,510,-10,
202508030602,2025-10-18,京都,2,2歳未勝利,ダ,1800,右,曇,稍,"3回 京都 6日目 サラ系２歳 未勝利       (混)[指] 馬齢 10頭 本賞金:560,220,140,84,56万円",10,560.0,,1,2,シルバーレシオ,,,95.0,97,,13.0,3,11.6,1.0,12.4,3,,,
202508030602,2025-10-18,京都,2,2歳未勝利,ダ,1800,右,曇,稍,"3回 京都 6日目 サラ系２歳 未勝利       (混)[指] 馬齢 10頭 本賞金:560,220,140,84,56万円",10,560.0,,1,2,シルバーレシオ,,,,-,,-,,,,-,-,,,
202508030603,2025-10-18,京都,3,2歳未勝利,芝,1600,右,曇,良,"3回 京都 6日目 サラ系２歳 未勝利       [指] 馬齢 7頭 本賞金:560,220,140,84,56万円",7,560.0,1,4,4,ルートサーティーン,牡,2,56.0,岩田康,95.4,,2,2.4,33.9,2-2,栗東 辻野,472,4,
202508030603,2025-10-18,京都,3,2歳未勝利,芝,1600,右,曇,良,"3回 京都 6日目 サラ系２歳 未勝利       [指] 馬齢 7頭 本賞金:560,220,140,84,56万円",7,560.0,2,3,3,イージーライダー,牡,2,56.0,西村淳,95.7,1.3/4,4,10.5,34.1,3-2,栗東 杉山晴,456,-2,
202508030603,2025-10-18,京都,3,2歳未勝利,芝,1600,右,曇,良,"3回 京都 6日目 サラ系２歳 未勝利       [指] 馬齢 7頭 本賞金:560,220,140,84,56万円",7,560.0,3,2,2,クラウンインジエア,牡,2,56.0,高杉,95.8,1,3,6.6,34.5,1-1,栗東 藤岡,480,-8,
202508030603,2025-10-18,京都,3,2歳未勝利,芝,1600,右,曇,良,"3回 京都 6日目 サラ系２歳 未勝利       [指] 馬齢 7頭 本賞金:560,220,140,84,56万円",7,560.0,4,5,5,ルージュプルーヴ,牝,2,55.0,岩田望,96.1,2,1,1.9,34.4,4-4,栗東 中内田,444,2,
202508030603,2025-10-18,京都,3,2歳未勝利,芝,1600,右,曇,良,"3回 京都 6日目 サラ系２歳 未勝利       [指] 馬齢 7頭 本賞金:560,220,140,84,56万円",7,560.0,5,7,7,セイントホース,牡,2,56.0,菱田,96.2,クビ,5,18.1,34.0,7-7,栗東 谷,500,4,
202508030603,2025-10-18,京都,3,2歳未勝利,芝,1600,右,曇,良,"3回 京都 6日目 サラ系２歳 未勝利       [指] 馬齢 7頭 本賞金:560,220,140,84,56万円",7,560.0,6,1,1,ツーエムボヌール,牝,2,55.0,城戸,96.5,2,7,51.8,34.6,5-5,栗東 本田,454,0,
202508030603,2025-10-18,京都,3,2歳未勝利,芝,1600,右,曇,良,"3回 京都 6日目 サラ系２歳 未勝利       [指] 馬齢 7頭 本賞金:560,220,140,84,56万円",7,560.0,7,6,6,サウンドコネクト,セ,2,55.0,☆吉村,96.8,1.3/4,6,46.5,34.9,5-5,栗東 安達,434,-2,
202508030603,2025-10-18,京都,3,2歳未勝利,芝,1600,右,曇,良,"3回 京都 6日目 サラ系２歳 未勝利       [指] 馬齢 7頭 本賞金:560,220,140,84,56万円",7,560.0,,1,4,ルートサーティーン,,,89.0,76,,13.2,5,11.6,4.0,12.0,3,,,
202508030603,2025-10-18,京都,3,2歳未勝利,芝,1600,右,曇,良,"3回 京都 6日目 サラ系２歳 未勝利       [指] 馬齢 7頭 本賞金:560,220,140,84,56万円",7,560.0,,1,4,ルートサーティーン,,,,-,,-,,,,-,-,,,
202508030604,2025-10-18,京都,4,3歳以上障害未勝利,障,2910,,雨,良,"3回 京都 6日目 障害３歳以上 未勝利       (混) 定量 11頭 本賞金:840,340,210,130,84万円",11,840.0,1,5,5,ホウオウプレシャス,牡,5,57.0,▲水沼,198.0,,6,16.0,13.6,3-4-3-3,美浦 天間,490,0,
202508030604,2025-10-18,京都,4,3歳以上障害未勝利,障,2910,,雨,良,"3回 京都 6日目 障害３歳以上 未勝利       (混) 定量 11頭 本賞金:840,340,210,130,84万円",11,840.0,2,7,9,カイコウ,セ,4,60.0,五十嵐,198.7,4,4,8.7,13.7,2-2-1-2,美浦 田島,468,8,
202508030604,2025-10-18,京都,4,3歳以上障害未勝利,障,2910,,雨,良,"3回 京都 6日目 障害３歳以上 未勝利       (混) 定量 11頭 本賞金:840,340,210,130,84万円",11,840.0,3,8,11,ゴールデンスロープ,セ,4,60.0,大江圭,198.9,1.1/4,1,2.8,13.7,1-1-2-1,美浦 小笠,438,-2,
202508030604,2025-10-18,京都,4,3歳以上障害未勝利,障,2910,,雨,良,"3回 京都 6日目 障害３歳以上 未勝利       (混) 定量 11頭 本賞金:840,340,210,130,84万円",11,840.0,4,6,7,ゲインサポート,セ,4,60.0,森一,199.2,2,3,5.6,13.7,5-5-5-5,栗東 斉藤崇,458,14,
202508030604,2025-10-18,京都,4,3歳以上障害未勝利,障,2910,,雨,良,"3回 京都 6日目 障害３歳以上 未勝利       (混) 定量 11頭 本賞金:840,340,210,130,84万円",11,840.0,5,4,4,セイフウサツキ,牡,3,58.0,難波,199.9,4,7,21.3,13.7,6-8-6-6,栗東 松永幹,468,12,
202508030604,2025-10-18,京都,4,3歳以上障害未勝利,障,2910,,雨,良,"3回 京都 6日目 障害３歳以上 未勝利       (混) 定量 11頭 本賞金:840,340,210,130,84万円",11,840.0,6,3,3,テーオーサンドニ,牡,6,60.0,小野寺,200.1,3/4,5,9.5,13.8,3-3-3-4,栗東 高柳大,478,-6,
202508030604,2025-10-18,京都,4,3歳以上障害未勝利,障,2910,,雨,良,"3回 京都 6日目 障害３歳以上 未勝利       (混) 定量 11頭 本賞金:840,340,210,130,84万円",11,840.0,7,6,6,ランスオブサターン,牝,5,58.0,中村,200.6,3,10,77.9,13.8,9-9-8-8,栗東 本田,472,4,
202508030604,2025-10-18,京都,4,3歳以上障害未勝利,障,2910,,雨,良,"3回 京都 6日目 障害３歳以上 未勝利       (混) 定量 11頭 本賞金:840,340,210,130,84万円",11,840.0,8,2,2,スマラグドス,牡,5,60.0,田村,200.8,1,8,22.1,13.8,6-6-7-7,栗東 西園正,480,0,
202508030604,2025-10-18,京都,4,3歳以上障害未勝利,障,2910,,雨,良,"3回 京都 6日目 障害３歳以上 未勝利       (混) 定量 11頭 本賞金:840,340,210,130,84万円",11,840.0,9,1,1,コレペティトール,セ,5,57.0,▲井上,201.0,1.1/4,2,3.2,13.8,6-6-9-9,栗東 中竹,488,10,
202508030604,2025-10-18,京都,4,3歳以上障害未勝利,障,2910,,雨,良,"3回 京都 6日目 障害３歳以上 未勝利       (混) 定量 11頭 本賞金:840,340,210,130,84万円",11,840.0,10,8,10,サトノグレイト,セ,5,60.0,黒岩,204.9,大,11,186.5,14.1,10-10-10-10,栗東 中竹,500,8,
202508030604,2025-10-18,京都,4,3歳以上障害未勝利,障,2910,,雨,良,"3回 京都 6日目 障害３歳以上 未勝利       (混) 定量 11頭 本賞金:840,340,210,130,84万円",11,840.0,11,7,8,アスクオンディープ,セ,6,60.0,小牧加,211.2,大,9,43.0,14.5,11-11-11-11,栗東 前川,506,14,
202508030605,2025-10-18,京都,5,2歳新馬,芝,1600,右,小雨,良,"3回 京都 6日目 サラ系２歳 新馬       牝[指] 馬齢 13頭 本賞金:750,300,190,110,75万円",13,750.0,1,4,5,スウィートハピネス,牝,2,55.0,高杉,94.8,,5,17.9,34.2,4-4,栗東 北出,446,0,
202508030605,2025-10-18,京都,5,2歳新馬,芝,1600,右,小雨,良,"3回 京都 6日目 サラ系２歳 新馬       牝[指] 馬齢 13頭 本賞金:750,300,190,110,75万円",13,750.0,2,5,6,タイムレスキス,牝,2,54.0,☆吉村,94.8,クビ,1,2.6,34.5,2-2,栗東 吉村,462,0,
202508030605,2025-10-18,京都,5,2歳新馬,芝,1600,右,小雨,良,"3回 京都 6日目 サラ系２歳 新馬       牝[指] 馬齢 13頭 本賞金:750,300,190,110,75万円",13,750.0,3,4,4,デアヴェローチェ,牝,2,55.0,岩田望,95.3,3,2,3.3,35.1,1-1,栗東 上村,460,0,
202508030605,2025-10-18,京都,5,2歳新馬,芝,1600,右,小雨,良,"3回 京都 6日目 サラ系２歳 新馬       牝[指] 馬齢 13頭 本賞金:750,300,190,110,75万円",13,750.0,4,1,1,クープグラッセ,牝,2,55.0,菱田,95.6,1.1/2,6,22.7,34.8,6-6,栗東 岡田,438,0,
202508030605,2025-10-18,京都,5,2歳新馬,芝,1600,右,小雨,良,"3回 京都 6日目 サラ系２歳 新馬       牝[指] 馬齢 13頭 本賞金:750,300,190,110,75万円",13,750.0,5,2,2,ワンダーアスク,牝,2,55.0,岩田康,95.6,クビ,9,43.9,35.0,4-4,栗東 笹田,438,0,
202508030605,2025-10-18,京都,5,2歳新馬,芝,1600,右,小雨,良,"3回 京都 6日目 サラ系２歳 新馬       牝[指] 馬齢 13頭 本賞金:750,300,190,110,75万円",13,750.0,6,7,11,プルーフリーディン,牝,2,55.0,鮫島駿,95.9,2,4,12.4,34.8,9-9,栗東 小林,514,0,
202508030605,2025-10-18,京都,5,2歳新馬,芝,1600,右,小雨,良,"3回 京都 6日目 サラ系２歳 新馬       牝[指] 馬齢 13頭 本賞金:750,300,190,110,75万円",13,750.0,7,6,9,ブエノスオプティマ,牝,2,55.0,和田竜,96.0,3/4,7,22.8,35.1,6-6,栗東 高橋忠,458,0,
202508030605,2025-10-18,京都,5,2歳新馬,芝,1600,右,小雨,良,"3回 京都 6日目 サラ系２歳 新馬       牝[指] 馬齢 13頭 本賞金:750,300,190,110,75万円",13,750.0,8,8,12,メイワメジェール,牝,2,55.0,西村淳,96.5,2.1/2,3,4.1,36.1,3-3,栗東 茶木,462,0,
202508030605,2025-10-18,京都,5,2歳新馬,芝,1600,右,小雨,良,"3回 京都 6日目 サラ系２歳 新馬       牝[指] 馬齢 13頭 本賞金:750,300,190,110,75万円",13,750.0,9,6,8,キミガスキダ,牝,2,55.0,松若,96.9,2.1/2,11,63.2,36.1,6-8,栗東 牧田,438,0,
202508030605,2025-10-18,京都,5,2歳新馬,芝,1600,右,小雨,良,"3回 京都 6日目 サラ系２歳 新馬       牝[指] 馬齢 13頭 本賞金:750,300,190,110,75万円",13,750.0,10,5,7,ジューンレイヴン,牝,2,55.0,加藤,96.9,クビ,12,91.1,35.6,11-11,栗東 小椋,454,0,
202508030605,2025-10-18,京都,5,2歳新馬,芝,1600,右,小雨,良,"3回 京都 6日目 サラ系２歳 新馬       牝[指] 馬齢 13頭 本賞金:750,300,190,110,75万円",13,750.0,11,7,10,ゴールドアテネ,牝,2,55.0,田口,97.2,1.3/4,10,56.2,36.1,9-9,栗東 小崎,432,0,
202508030605,2025-10-18,京都,5,2歳新馬,芝,1600,右,小雨,良,"3回 京都 6日目 サラ系２歳 新馬       牝[指] 馬齢 13頭 本賞金:750,300,190,110,75万円",13,750.0,12,8,13,ラヴィングチャンプ,牝,2,52.0,▲田山,97.5,1.1/2,8,28.8,36.0,13-11,栗東 河嶋,464,0,
202508030605,2025-10-18,京都,5,2歳新馬,芝,1600,右,小雨,良,"3回 京都 6日目 サラ系２歳 新馬       牝[指] 馬齢 13頭 本賞金:750,300,190,110,75万円",13,750.0,13,3,3,アスターリコッタ,牝,2,55.0,角田和,98.5,6,13,92.3,37.3,11-11,栗東 中竹,420,0,
202508030605,2025-10-18,京都,5,2歳新馬,芝,1600,右,小雨,良,"3回 京都 6日目 サラ系２歳 新馬       牝[指] 馬齢 13頭 本賞金:750,300,190,110,75万円",13,750.0,,1,5,スウィートハピネス,,,92.0,85,,13.1,5,11.5,5.0,11.9,4,,,
202508030605,2025-10-18,京都,5,2歳新馬,芝,1600,右,小雨,良,"3回 京都 6日目 サラ系２歳 新馬       牝[指] 馬齢 13頭 本賞金:750,300,190,110,75万円",13,750.0,,1,5,スウィートハピネス,,,,-,,-,,,,-,-,,,
202508030606,2025-10-18,京都,6,2歳新馬,ダ,1400,右,曇,稍,"3回 京都 6日目 サラ系２歳 新馬       [指] 馬齢 16頭 本賞金:750,300,190,110,75万円",16,750.0,1,5,10,エブリーポッシブル,牝,2,55.0,岩田望,85.0,,1,2.0,36.4,2-2,栗東 新谷,450,0,
202508030606,2025-10-18,京都,6,2歳新馬,ダ,1400,右,曇,稍,"3回 京都 6日目 サラ系２歳 新馬       [指] 馬齢 16頭 本賞金:750,300,190,110,75万円",16,750.0,2,1,1,ナリタアーマー,牡,2,56.0,高杉,85.6,3.1/2,2,5.4,36.6,7-6,栗東 高橋亮,474,0,
202508030606,2025-10-18,京都,6,2歳新馬,ダ,1400,右,曇,稍,"3回 京都 6日目 サラ系２歳 新馬       [指] 馬齢 16頭 本賞金:750,300,190,110,75万円",16,750.0,3,3,5,プルメリアリノ,牝,2,52.0,▲田山,86.1,3,4,13.4,37.2,6-6,栗東 小栗,434,0,
202508030606,2025-10-18,京都,6,2歳新馬,ダ,1400,右,曇,稍,"3回 京都 6日目 サラ系２歳 新馬       [指] 馬齢 16頭 本賞金:750,300,190,110,75万円",16,750.0,4,7,14,ムーランオランジュ,牡,2,56.0,和田竜,86.5,2.1/2,6,16.7,37.7,4-3,栗東 小崎,482,0,
202508030606,2025-10-18,京都,6,2歳新馬,ダ,1400,右,曇,稍,"3回 京都 6日目 サラ系２歳 新馬       [指] 馬齢 16頭 本賞金:750,300,190,110,75万円",16,750.0,5,6,12,タガノヒダマリ,牝,2,55.0,酒井,86.9,2.1/2,7,18.3,38.1,4-3,栗東 西園正,458,0,
202508030606,2025-10-18,京都,6,2歳新馬,ダ,1400,右,曇,稍,"3回 京都 6日目 サラ系２歳 新馬       [指] 馬齢 16頭 本賞金:750,300,190,110,75万円",16,750.0,6,8,16,シェイプオブユー,牝,2,55.0,川又,87.1,1.1/2,10,41.6,38.7,1-1,栗東 吉村,482,0,
202508030606,2025-10-18,京都,6,2歳新馬,ダ,1400,右,曇,稍,"3回 京都 6日目 サラ系２歳 新馬       [指] 馬齢 16頭 本賞金:750,300,190,110,75万円",16,750.0,7,3,6,キングスペード,牡,2,56.0,菱田,87.4,1.1/2,14,73.6,37.6,12-12,栗東 武英,474,0,
202508030606,2025-10-18,京都,6,2歳新馬,ダ,1400,右,曇,稍,"3回 京都 6日目 サラ系２歳 新馬       [指] 馬齢 16頭 本賞金:750,300,190,110,75万円",16,750.0,8,2,3,メイショウケンゴウ,牡,2,56.0,松若,87.7,1.3/4,12,60.4,38.0,12-12,栗東 高橋亮,484,0,
202508030606,2025-10-18,京都,6,2歳新馬,ダ,1400,右,曇,稍,"3回 京都 6日目 サラ系２歳 新馬       [指] 馬齢 16頭 本賞金:750,300,190,110,75万円",16,750.0,9,2,4,モズタイシソウシ,牡,2,56.0,藤懸,87.8,1/2,5,15.4,38.4,10-9,栗東 平田,472,0,
202508030606,2025-10-18,京都,6,2歳新馬,ダ,1400,右,曇,稍,"3回 京都 6日目 サラ系２歳 新馬       [指] 馬齢 16頭 本賞金:750,300,190,110,75万円",16,750.0,10,4,8,ジャズホリック,牝,2,55.0,田口,88.1,2,9,40.5,39.0,9-6,栗東 梅田,466,0,
202508030606,2025-10-18,京都,6,2歳新馬,ダ,1400,右,曇,稍,"3回 京都 6日目 サラ系２歳 新馬       [指] 馬齢 16頭 本賞金:750,300,190,110,75万円",16,750.0,11,6,11,テイエムカミカゼ,牝,2,55.0,古川吉,88.2,1,8,24.2,37.8,15-14,栗東 鈴木孝,422,0,
202508030606,2025-10-18,京都,6,2歳新馬,ダ,1400,右,曇,稍,"3回 京都 6日目 サラ系２歳 新馬       [指] 馬齢 16頭 本賞金:750,300,190,110,75万円",16,750.0,12,8,15,ラブペイトー,牝,2,52.0,▲森田,88.9,4,16,252.5,38.9,14-14,栗東 羽月,448,0,
202508030606,2025-10-18,京都,6,2歳新馬,ダ,1400,右,曇,稍,"3回 京都 6日目 サラ系２歳 新馬       [指] 馬齢 16頭 本賞金:750,300,190,110,75万円",16,750.0,13,1,2,グレートアゲイン,牡,2,56.0,鮫島駿,89.0,クビ,15,86.8,38.3,16-16,栗東 牧浦,458,0,
202508030606,2025-10-18,京都,6,2歳新馬,ダ,1400,右,曇,稍,"3回 京都 6日目 サラ系２歳 新馬       [指] 馬齢 16頭 本賞金:750,300,190,110,75万円",16,750.0,14,4,7,ウエスタンオレンジ,牝,2,54.0,☆吉村,89.1,1/2,13,60.7,40.1,7-10,栗東 前川,440,0,
202508030606,2025-10-18,京都,6,2歳新馬,ダ,1400,右,曇,稍,"3回 京都 6日目 サラ系２歳 新馬       [指] 馬齢 16頭 本賞金:750,300,190,110,75万円",16,750.0,15,5,9,フェーヴルブラン,牡,2,56.0,鮫島良,89.8,4,11,46.8,40.3,10-10,栗東 牧浦,472,0,
202508030606,2025-10-18,京都,6,2歳新馬,ダ,1400,右,曇,稍,"3回 京都 6日目 サラ系２歳 新馬       [指] 馬齢 16頭 本賞金:750,300,190,110,75万円",16,750.0,16,7,13,ヤングジャガー,牡,2,56.0,角田和,90.9,7,3,6.5,42.2,2-3,栗東 羽月,436,0,
202508030606,2025-10-18,京都,6,2歳新馬,ダ,1400,右,曇,稍,"3回 京都 6日目 サラ系２歳 新馬       [指] 馬齢 16頭 本賞金:750,300,190,110,75万円",16,750.0,,1,10,エブリーポッシブル,,,100.0,80,,12.2,7,11.1,4.0,12.4,4,,,
202508030606,2025-10-18,京都,6,2歳新馬,ダ,1400,右,曇,稍,"3回 京都 6日目 サラ系２歳 新馬       [指] 馬齢 16頭 本賞金:750,300,190,110,75万円",16,750.0,,1,10,エブリーポッシブル,,,,-,,-,,,,-,-,,,
202508030607,2025-10-18,京都,7,3歳以上1勝クラス,芝,2000,右,曇,良,"3回 京都 6日目 サラ系３歳以上 １勝クラス       (混)[指] 定量 8頭 本賞金:800,320,200,120,80万円",8,800.0,1,8,8,バガン,牡,7,58.0,岩田望,120.3,,2,3.3,35.1,7-7-7-5,栗東 宮地,478,-2,
202508030607,2025-10-18,京都,7,3歳以上1勝クラス,芝,2000,右,曇,良,"3回 京都 6日目 サラ系３歳以上 １勝クラス       (混)[指] 定量 8頭 本賞金:800,320,200,120,80万円",8,800.0,2,5,5,サンライズグラシア,牡,3,56.0,西村淳,120.5,1.1/2,3,4.0,35.8,4-4-2-2,栗東 矢作,482,16,
202508030607,2025-10-18,京都,7,3歳以上1勝クラス,芝,2000,右,曇,良,"3回 京都 6日目 サラ系３歳以上 １勝クラス       (混)[指] 定量 8頭 本賞金:800,320,200,120,80万円",8,800.0,3,7,7,ルージュスティーズ,牝,3,51.0,▲森田,120.6,1/2,1,2.6,35.8,6-6-2-5,栗東 斉藤崇,502,10,
202508030607,2025-10-18,京都,7,3歳以上1勝クラス,芝,2000,右,曇,良,"3回 京都 6日目 サラ系３歳以上 １勝クラス       (混)[指] 定量 8頭 本賞金:800,320,200,120,80万円",8,800.0,4,4,4,サイモンイロハニー,牝,3,54.0,菱田,120.6,ハナ,7,40.8,35.1,8-8-8-8,栗東 谷,416,4,
202508030607,2025-10-18,京都,7,3歳以上1勝クラス,芝,2000,右,曇,良,"3回 京都 6日目 サラ系３歳以上 １勝クラス       (混)[指] 定量 8頭 本賞金:800,320,200,120,80万円",8,800.0,5,6,6,ニホンピロホリデー,牝,4,56.0,高杉,121.1,3,5,9.4,36.2,4-4-5-4,栗東 緒方,410,14,
202508030607,2025-10-18,京都,7,3歳以上1勝クラス,芝,2000,右,曇,良,"3回 京都 6日目 サラ系３歳以上 １勝クラス       (混)[指] 定量 8頭 本賞金:800,320,200,120,80万円",8,800.0,6,2,2,アスクアットバット,セ,3,56.0,田口,122.0,5,8,146.6,37.0,3-3-5-7,栗東 藤原,480,6,
202508030607,2025-10-18,京都,7,3歳以上1勝クラス,芝,2000,右,曇,良,"3回 京都 6日目 サラ系３歳以上 １勝クラス       (混)[指] 定量 8頭 本賞金:800,320,200,120,80万円",8,800.0,7,3,3,モルティフレーバー,牝,3,53.0,☆吉村,122.1,クビ,4,7.6,37.7,1-1-1-1,栗東 清水久,472,18,
202508030607,2025-10-18,京都,7,3歳以上1勝クラス,芝,2000,右,曇,良,"3回 京都 6日目 サラ系３歳以上 １勝クラス       (混)[指] 定量 8頭 本賞金:800,320,200,120,80万円",8,800.0,8,1,1,ワイドモヒート,牡,4,58.0,鮫島駿,122.4,1.1/2,6,14.3,37.8,2-2-2-2,栗東 藤岡,502,-10,
202508030607,2025-10-18,京都,7,3歳以上1勝クラス,芝,2000,右,曇,良,"3回 京都 6日目 サラ系３歳以上 １勝クラス       (混)[指] 定量 8頭 本賞金:800,320,200,120,80万円",8,800.0,,1,8,バガン,,,93.0,89,,13.2,9,11.5,1.0,12.0,1,,,
202508030607,2025-10-18,京都,7,3歳以上1勝クラス,芝,2000,右,曇,良,"3回 京都 6日目 サラ系３歳以上 １勝クラス       (混)[指] 定量 8頭 本賞金:800,320,200,120,80万円",8,800.0,,1,8,バガン,,,,-,,-,,,,-,-,,,
202508030608,2025-10-18,京都,8,なでしこ賞,ダ,1400,右,曇,稍,"3回 京都 6日目 サラ系２歳 １勝クラス       (混)(特指) 馬齢 7頭 本賞金:1110,440,280,170,111万円",7,1110.0,1,3,3,ローズカリス,牝,2,55.0,田口,84.7,,4,5.2,36.2,1-1,栗東 大橋,434,-4,
202508030608,2025-10-18,京都,8,なでしこ賞,ダ,1400,右,曇,稍,"3回 京都 6日目 サラ系２歳 １勝クラス       (混)(特指) 馬齢 7頭 本賞金:1110,440,280,170,111万円",7,1110.0,2,6,6,ブロンテス,牡,2,56.0,古川吉,85.0,1.1/2,1,3.3,35.9,6-4,栗東 大根田,468,4,
202508030608,2025-10-18,京都,8,なでしこ賞,ダ,1400,右,曇,稍,"3回 京都 6日目 サラ系２歳 １勝クラス       (混)(特指) 馬齢 7頭 本賞金:1110,440,280,170,111万円",7,1110.0,3,7,7,テーオーグレーザー,牡,2,56.0,高杉,85.4,2.1/2,3,3.7,36.5,3-3,栗東 藤岡,490,0,
202508030608,2025-10-18,京都,8,なでしこ賞,ダ,1400,右,曇,稍,"3回 京都 6日目 サラ系２歳 １勝クラス       (混)(特指) 馬齢 7頭 本賞金:1110,440,280,170,111万円",7,1110.0,4,4,4,キーンセンス,牡,2,56.0,西村淳,85.9,3,2,3.4,37.2,2-2,栗東 松永幹,510,-6,
202508030608,2025-10-18,京都,8,なでしこ賞,ダ,1400,右,曇,稍,"3回 京都 6日目 サラ系２歳 １勝クラス       (混)(特指) 馬齢 7頭 本賞金:1110,440,280,170,111万円",7,1110.0,5,1,1,キンダープンシュ,牝,2,55.0,岩田望,86.2,1.1/2,6,23.5,37.4,3-4,栗東 大久保,476,-2,
202508030608,2025-10-18,京都,8,なでしこ賞,ダ,1400,右,曇,稍,"3回 京都 6日目 サラ系２歳 １勝クラス       (混)(特指) 馬齢 7頭 本賞金:1110,440,280,170,111万円",7,1110.0,6,5,5,カラクニダケ,牡,2,56.0,岩田康,86.3,1/2,7,25.2,36.7,7-7,栗東 谷,494,16,
202508030608,2025-10-18,京都,8,なでしこ賞,ダ,1400,右,曇,稍,"3回 京都 6日目 サラ系２歳 １勝クラス       (混)(特指) 馬齢 7頭 本賞金:1110,440,280,170,111万円",7,1110.0,7,2,2,イダテンシャチョウ,牡,2,56.0,吉村,88.4,大,5,7.8,39.4,5-6,栗東 森秀,472,0,
202508030608,2025-10-18,京都,8,なでしこ賞,ダ,1400,右,曇,稍,"3回 京都 6日目 サラ系２歳 １勝クラス       (混)(特指) 馬齢 7頭 本賞金:1110,440,280,170,111万円",7,1110.0,,1,3,ローズカリス,,,97.0,81,,12.1,3,11.4,3.0,12.4,2,,,
202508030608,2025-10-18,京都,8,なでしこ賞,ダ,1400,右,曇,稍,"3回 京都 6日目 サラ系２歳 １勝クラス       (混)(特指) 馬齢 7頭 本賞金:1110,440,280,170,111万円",7,1110.0,,1,3,ローズカリス,,,,-,,-,,,,-,-,,,
202508030609,2025-10-18,京都,9,3歳以上2勝クラス,ダ,1400,右,曇,稍,"3回 京都 6日目 サラ系３歳以上 ２勝クラス       牝[指] 定量 13頭 本賞金:1140,460,290,170,114万円",13,1140.0,1,7,10,ヴェロクオーレ,牝,4,56.0,高杉,83.1,,1,2.6,36.2,2-1,栗東 石坂,476,4,
202508030609,2025-10-18,京都,9,3歳以上2勝クラス,ダ,1400,右,曇,稍,"3回 京都 6日目 サラ系３歳以上 ２勝クラス       牝[指] 定量 13頭 本賞金:1140,460,290,170,114万円",13,1140.0,2,8,13,ワイノナオミ,牝,4,56.0,藤岡佑,83.5,2.1/2,4,9.5,36.0,8-7,栗東 畑端,474,0,
202508030609,2025-10-18,京都,9,3歳以上2勝クラス,ダ,1400,右,曇,稍,"3回 京都 6日目 サラ系３歳以上 ２勝クラス       牝[指] 定量 13頭 本賞金:1140,460,290,170,114万円",13,1140.0,3,4,5,アンズアメ,牝,3,54.0,鮫島駿,83.7,1.1/2,2,3.1,36.3,7-5,栗東 高柳大,476,6,
202508030609,2025-10-18,京都,9,3歳以上2勝クラス,ダ,1400,右,曇,稍,"3回 京都 6日目 サラ系３歳以上 ２勝クラス       牝[指] 定量 13頭 本賞金:1140,460,290,170,114万円",13,1140.0,4,6,9,ミロワール,牝,6,56.0,古川吉,83.8,クビ,7,23.5,35.9,11-10,栗東 河嶋,474,2,
202508030609,2025-10-18,京都,9,3歳以上2勝クラス,ダ,1400,右,曇,稍,"3回 京都 6日目 サラ系３歳以上 ２勝クラス       牝[指] 定量 13頭 本賞金:1140,460,290,170,114万円",13,1140.0,5,5,7,ジューンポンポン,牝,6,56.0,岩田康,84.5,4,6,16.3,36.3,12-12,美浦 和田勇,504,4,
202508030609,2025-10-18,京都,9,3歳以上2勝クラス,ダ,1400,右,曇,稍,"3回 京都 6日目 サラ系３歳以上 ２勝クラス       牝[指] 定量 13頭 本賞金:1140,460,290,170,114万円",13,1140.0,6,5,6,クリノクリスタル,牝,5,56.0,田口,84.7,1.1/4,12,97.7,37.0,9-8,栗東 大橋,472,-6,
202508030609,2025-10-18,京都,9,3歳以上2勝クラス,ダ,1400,右,曇,稍,"3回 京都 6日目 サラ系３歳以上 ２勝クラス       牝[指] 定量 13頭 本賞金:1140,460,290,170,114万円",13,1140.0,7,2,2,アルタビスタ,牝,5,56.0,角田和,84.9,1.1/4,10,85.5,37.7,5-4,栗東 松永幹,492,8,
202508030609,2025-10-18,京都,9,3歳以上2勝クラス,ダ,1400,右,曇,稍,"3回 京都 6日目 サラ系３歳以上 ２勝クラス       牝[指] 定量 13頭 本賞金:1140,460,290,170,114万円",13,1140.0,8,3,3,ブリーズオンチーク,牝,4,56.0,菱田,85.2,2,8,34.6,37.5,9-8,栗東 高野,482,20,
202508030609,2025-10-18,京都,9,3歳以上2勝クラス,ダ,1400,右,曇,稍,"3回 京都 6日目 サラ系３歳以上 ２勝クラス       牝[指] 定量 13頭 本賞金:1140,460,290,170,114万円",13,1140.0,9,4,4,ラヴオントップ,牝,4,56.0,西村淳,85.7,3,3,5.9,38.3,5-10,栗東 西村,492,-4,
202508030609,2025-10-18,京都,9,3歳以上2勝クラス,ダ,1400,右,曇,稍,"3回 京都 6日目 サラ系３歳以上 ２勝クラス       牝[指] 定量 13頭 本賞金:1140,460,290,170,114万円",13,1140.0,10,7,11,ブライトルピナス,牝,4,56.0,松若,85.8,1/2,11,86.6,38.8,2-2,栗東 東田,472,-4,
202508030609,2025-10-18,京都,9,3歳以上2勝クラス,ダ,1400,右,曇,稍,"3回 京都 6日目 サラ系３歳以上 ２勝クラス       牝[指] 定量 13頭 本賞金:1140,460,290,170,114万円",13,1140.0,11,8,12,フレッシュラン,牝,3,54.0,吉田豊,85.9,クビ,5,11.3,38.7,4-5,美浦 尾形,466,-6,
202508030609,2025-10-18,京都,9,3歳以上2勝クラス,ダ,1400,右,曇,稍,"3回 京都 6日目 サラ系３歳以上 ２勝クラス       牝[指] 定量 13頭 本賞金:1140,460,290,170,114万円",13,1140.0,12,6,8,ディクレアブルーム,牝,5,53.0,▲田山,87.3,9,9,47.2,40.4,1-2,栗東 辻野,484,6,
202508030609,2025-10-18,京都,9,3歳以上2勝クラス,ダ,1400,右,曇,稍,"3回 京都 6日目 サラ系３歳以上 ２勝クラス       牝[指] 定量 13頭 本賞金:1140,460,290,170,114万円",13,1140.0,,1,1,ハリウッドパーク,牝,4,55.0,☆吉村,,,,,,,栗東 長谷川,,,取消
202508030609,2025-10-18,京都,9,3歳以上2勝クラス,ダ,1400,右,曇,稍,"3回 京都 6日目 サラ系３歳以上 ２勝クラス       牝[指] 定量 13頭 本賞金:1140,460,290,170,114万円",13,1140.0,,1,10,ヴェロクオーレ,,,103.0,99,,12.1,7,10.9,3.0,11.9,3,,,
202508030609,2025-10-18,京都,9,3歳以上2勝クラス,ダ,1400,右,曇,稍,"3回 京都 6日目 サラ系３歳以上 ２勝クラス       牝[指] 定量 13頭 本賞金:1140,460,290,170,114万円",13,1140.0,,1,10,ヴェロクオーレ,,,,-,,-,,,,-,-,,,
202508030610,2025-10-18,京都,10,清滝特別,芝,2200,右,曇,良,"3回 京都 6日目 サラ系３歳以上 ２勝クラス       (混)(特指) 定量 10頭 本賞金:1550,620,390,230,155万円",10,1550.0,1,2,2,ジョイボーイ,牡,3,55.0,岩田望,133.7,,1,2.0,33.6,3-3-3-3,栗東 四位,484,0,
202508030610,2025-10-18,京都,10,清滝特別,芝,2200,右,曇,良,"3回 京都 6日目 サラ系３歳以上 ２勝クラス       (混)(特指) 定量 10頭 本賞金:1550,620,390,230,155万円",10,1550.0,2,4,4,シュバルツマサムネ,牡,3,55.0,藤岡佑,133.8,クビ,2,3.5,33.9,1-1-1-1,栗東 杉山佳,470,8,
202508030610,2025-10-18,京都,10,清滝特別,芝,2200,右,曇,良,"3回 京都 6日目 サラ系３歳以上 ２勝クラス       (混)(特指) 定量 10頭 本賞金:1550,620,390,230,155万円",10,1550.0,3,6,6,リギーロ,牡,3,55.0,西村淳,134.3,3,3,4.0,34.3,4-3-3-3,美浦 栗田,476,0,
202508030610,2025-10-18,京都,10,清滝特別,芝,2200,右,曇,良,"3回 京都 6日目 サラ系３歳以上 ２勝クラス       (混)(特指) 定量 10頭 本賞金:1550,620,390,230,155万円",10,1550.0,4,1,1,デルマグレムリン,牡,6,58.0,高杉,134.3,クビ,6,42.7,33.8,5-5-5-5,栗東 緒方,462,4,
202508030610,2025-10-18,京都,10,清滝特別,芝,2200,右,曇,良,"3回 京都 6日目 サラ系３歳以上 ２勝クラス       (混)(特指) 定量 10頭 本賞金:1550,620,390,230,155万円",10,1550.0,5,7,8,カエルム,牡,4,58.0,鮫島駿,134.4,クビ,4,8.0,33.9,6-6-5-5,栗東 安田,478,0,
202508030610,2025-10-18,京都,10,清滝特別,芝,2200,右,曇,良,"3回 京都 6日目 サラ系３歳以上 ２勝クラス       (混)(特指) 定量 10頭 本賞金:1550,620,390,230,155万円",10,1550.0,6,3,3,パーサヴィアランス,牡,6,58.0,角田和,134.4,クビ,7,64.1,34.5,2-2-2-2,栗東 西村,464,-2,
202508030610,2025-10-18,京都,10,清滝特別,芝,2200,右,曇,良,"3回 京都 6日目 サラ系３歳以上 ２勝クラス       (混)(特指) 定量 10頭 本賞金:1550,620,390,230,155万円",10,1550.0,7,7,7,ライフセービング,牡,4,58.0,岩田康,135.1,4,5,22.4,33.7,8-8-8-8,栗東 宮,454,4,
202508030610,2025-10-18,京都,10,清滝特別,芝,2200,右,曇,良,"3回 京都 6日目 サラ系３歳以上 ２勝クラス       (混)(特指) 定量 10頭 本賞金:1550,620,390,230,155万円",10,1550.0,8,8,9,ショウナンハウル,セ,4,58.0,松若,135.2,クビ,8,71.8,34.0,9-9-8-7,栗東 松下,498,0,
202508030610,2025-10-18,京都,10,清滝特別,芝,2200,右,曇,良,"3回 京都 6日目 サラ系３歳以上 ２勝クラス       (混)(特指) 定量 10頭 本賞金:1550,620,390,230,155万円",10,1550.0,9,5,5,スカイドゥエラー,牡,7,58.0,井上,135.6,2.1/2,9,240.9,34.0,7-7-7-9,栗東 谷,458,14,
202508030610,2025-10-18,京都,10,清滝特別,芝,2200,右,曇,良,"3回 京都 6日目 サラ系３歳以上 ２勝クラス       (混)(特指) 定量 10頭 本賞金:1550,620,390,230,155万円",10,1550.0,,8,10,ローレルキャニオン,牡,5,58.0,田口,,,,,,,栗東 加藤公,,,取消
202508030610,2025-10-18,京都,10,清滝特別,芝,2200,右,曇,良,"3回 京都 6日目 サラ系３歳以上 ２勝クラス       (混)(特指) 定量 10頭 本賞金:1550,620,390,230,155万円",10,1550.0,,1,2,ジョイボーイ,,,86.0,81,,13.7,3,12.3,1.0,12.7,1,,,
202508030610,2025-10-18,京都,10,清滝特別,芝,2200,右,曇,良,"3回 京都 6日目 サラ系３歳以上 ２勝クラス       (混)(特指) 定量 10頭 本賞金:1550,620,390,230,155万円",10,1550.0,,1,2,ジョイボーイ,,,,-,,-,,,,-,-,,,
202508030611,2025-10-18,京都,11,トルマリンS,ダ,1800,右,曇,稍,"3回 京都 6日目 サラ系３歳以上 ３勝クラス       (混) 牝(特指) 定量 16頭 本賞金:1840,740,460,280,184万円",16,1840.0,1,3,5,レイナデアルシーラ,牝,3,54.0,田口,111.1,,1,3.2,36.6,1-1-1-1,栗東 西園正,512,12,
202508030611,2025-10-18,京都,11,トルマリンS,ダ,1800,右,曇,稍,"3回 京都 6日目 サラ系３歳以上 ３勝クラス       (混) 牝(特指) 定量 16頭 本賞金:1840,740,460,280,184万円",16,1840.0,2,3,6,パルクリチュード,牝,5,56.0,鮫島駿,111.2,3/4,2,5.7,36.4,4-3-5-3,栗東 松永幹,464,8,
202508030611,2025-10-18,京都,11,トルマリンS,ダ,1800,右,曇,稍,"3回 京都 6日目 サラ系３歳以上 ３勝クラス       (混) 牝(特指) 定量 16頭 本賞金:1840,740,460,280,184万円",16,1840.0,3,5,9,ルージュアベリア,牝,4,56.0,高杉,111.3,1/2,5,8.2,36.7,2-2-2-2,美浦 加藤士,486,-2,
202508030611,2025-10-18,京都,11,トルマリンS,ダ,1800,右,曇,稍,"3回 京都 6日目 サラ系３歳以上 ３勝クラス       (混) 牝(特指) 定量 16頭 本賞金:1840,740,460,280,184万円",16,1840.0,4,4,7,イージーオンミー,牝,5,56.0,西村淳,111.6,1.3/4,9,22.6,36.6,7-6-9-7,美浦 中舘,442,-6,
202508030611,2025-10-18,京都,11,トルマリンS,ダ,1800,右,曇,稍,"3回 京都 6日目 サラ系３歳以上 ３勝クラス       (混) 牝(特指) 定量 16頭 本賞金:1840,740,460,280,184万円",16,1840.0,5,6,11,スミ,牝,6,56.0,角田和,111.8,1.1/2,7,15.7,37.0,6-6-3-3,栗東 高橋亮,498,6,
202508030611,2025-10-18,京都,11,トルマリンS,ダ,1800,右,曇,稍,"3回 京都 6日目 サラ系３歳以上 ３勝クラス       (混) 牝(特指) 定量 16頭 本賞金:1840,740,460,280,184万円",16,1840.0,6,1,1,クレメダンジュ,牝,5,56.0,酒井,111.9,クビ,14,69.1,36.4,13-12-13-13,栗東 鈴木孝,482,10,
202508030611,2025-10-18,京都,11,トルマリンS,ダ,1800,右,曇,稍,"3回 京都 6日目 サラ系３歳以上 ３勝クラス       (混) 牝(特指) 定量 16頭 本賞金:1840,740,460,280,184万円",16,1840.0,7,5,10,タガノチョコラータ,牝,5,56.0,岩田康,112.0,1/2,11,44.6,37.0,7-8-8-9,栗東 角田,516,4,
202508030611,2025-10-18,京都,11,トルマリンS,ダ,1800,右,曇,稍,"3回 京都 6日目 サラ系３歳以上 ３勝クラス       (混) 牝(特指) 定量 16頭 本賞金:1840,740,460,280,184万円",16,1840.0,8,1,2,メイショウポペット,牝,5,56.0,松若,112.0,ハナ,12,49.7,36.8,11-8-11-10,栗東 角田,498,10,
202508030611,2025-10-18,京都,11,トルマリンS,ダ,1800,右,曇,稍,"3回 京都 6日目 サラ系３歳以上 ３勝クラス       (混) 牝(特指) 定量 16頭 本賞金:1840,740,460,280,184万円",16,1840.0,9,7,14,ピクシレーション,牝,5,56.0,吉村,112.0,クビ,3,6.2,36.7,9-11-11-12,美浦 菊沢,484,-2,
202508030611,2025-10-18,京都,11,トルマリンS,ダ,1800,右,曇,稍,"3回 京都 6日目 サラ系３歳以上 ３勝クラス       (混) 牝(特指) 定量 16頭 本賞金:1840,740,460,280,184万円",16,1840.0,10,2,3,メテオールライト,牝,5,56.0,岩田望,112.2,3/4,10,37.7,37.0,12-12-9-10,美浦 萩原,434,0,
202508030611,2025-10-18,京都,11,トルマリンS,ダ,1800,右,曇,稍,"3回 京都 6日目 サラ系３歳以上 ３勝クラス       (混) 牝(特指) 定量 16頭 本賞金:1840,740,460,280,184万円",16,1840.0,11,7,13,アグラシアド,牝,5,56.0,藤岡佑,112.2,クビ,13,69.1,36.4,16-16-15-14,栗東 中村,476,-12,
202508030611,2025-10-18,京都,11,トルマリンS,ダ,1800,右,曇,稍,"3回 京都 6日目 サラ系３歳以上 ３勝クラス       (混) 牝(特指) 定量 16頭 本賞金:1840,740,460,280,184万円",16,1840.0,12,4,8,サイモンブーケ,牝,5,56.0,古川奈,112.3,クビ,15,166.7,37.4,4-3-5-6,栗東 梅田,516,-6,
202508030611,2025-10-18,京都,11,トルマリンS,ダ,1800,右,曇,稍,"3回 京都 6日目 サラ系３歳以上 ３勝クラス       (混) 牝(特指) 定量 16頭 本賞金:1840,740,460,280,184万円",16,1840.0,13,6,12,ライジングラパス,牝,5,56.0,荻野琢,112.4,クビ,16,260.6,36.7,15-15-15-14,栗東 宮本,458,6,
202508030611,2025-10-18,京都,11,トルマリンS,ダ,1800,右,曇,稍,"3回 京都 6日目 サラ系３歳以上 ３勝クラス       (混) 牝(特指) 定量 16頭 本賞金:1840,740,460,280,184万円",16,1840.0,14,2,4,リバートゥルー,牝,5,56.0,吉田豊,112.6,1.1/4,4,7.6,37.0,13-14-13-14,美浦 久保田,466,-4,
202508030611,2025-10-18,京都,11,トルマリンS,ダ,1800,右,曇,稍,"3回 京都 6日目 サラ系３歳以上 ３勝クラス       (混) 牝(特指) 定量 16頭 本賞金:1840,740,460,280,184万円",16,1840.0,15,8,16,タマモプルメリア,牝,4,56.0,古川吉,112.8,1.1/4,8,21.2,38.1,2-3-3-3,栗東 大橋,466,2,
202508030611,2025-10-18,京都,11,トルマリンS,ダ,1800,右,曇,稍,"3回 京都 6日目 サラ系３歳以上 ３勝クラス       (混) 牝(特指) 定量 16頭 本賞金:1840,740,460,280,184万円",16,1840.0,16,8,15,バロッサヴァレー,牝,5,56.0,和田竜,113.4,3.1/2,6,10.3,38.4,9-8-5-7,栗東 高野,488,0,
202508030611,2025-10-18,京都,11,トルマリンS,ダ,1800,右,曇,稍,"3回 京都 6日目 サラ系３歳以上 ３勝クラス       (混) 牝(特指) 定量 16頭 本賞金:1840,740,460,280,184万円",16,1840.0,,1,5,レイナデアルシーラ,,,101.0,97,,12.5,3,11.5,1.0,12.3,2,,,
202508030611,2025-10-18,京都,11,トルマリンS,ダ,1800,右,曇,稍,"3回 京都 6日目 サラ系３歳以上 ３勝クラス       (混) 牝(特指) 定量 16頭 本賞金:1840,740,460,280,184万円",16,1840.0,,1,5,レイナデアルシーラ,,,,-,,-,,,,-,-,,,
202508030612,2025-10-18,京都,12,3歳以上1勝クラス,芝,1400,右,曇,良,"3回 京都 6日目 サラ系３歳以上 １勝クラス       [指] 定量 15頭 本賞金:800,320,200,120,80万円",15,800.0,1,4,6,リアライズ,牡,5,58.0,角田和,80.5,,7,15.9,33.8,3-3,栗東 石橋,506,6,
202508030612,2025-10-18,京都,12,3歳以上1勝クラス,芝,1400,右,曇,良,"3回 京都 6日目 サラ系３歳以上 １勝クラス       [指] 定量 15頭 本賞金:800,320,200,120,80万円",15,800.0,2,8,15,ダノンクロム,牡,5,58.0,西村淳,80.5,ハナ,4,10.0,34.3,2-2,栗東 東田,534,0,
202508030612,2025-10-18,京都,12,3歳以上1勝クラス,芝,1400,右,曇,良,"3回 京都 6日目 サラ系３歳以上 １勝クラス       [指] 定量 15頭 本賞金:800,320,200,120,80万円",15,800.0,3,3,4,タンテドヴィーヴル,牡,3,56.0,和田竜,80.6,1/2,12,40.3,33.7,5-5,栗東 斉藤崇,496,2,
202508030612,2025-10-18,京都,12,3歳以上1勝クラス,芝,1400,右,曇,良,"3回 京都 6日目 サラ系３歳以上 １勝クラス       [指] 定量 15頭 本賞金:800,320,200,120,80万円",15,800.0,4,5,8,インペリアルコート,牝,5,53.0,▲森田,80.6,クビ,13,90.1,34.6,1-1,栗東 畑端,446,4,
202508030612,2025-10-18,京都,12,3歳以上1勝クラス,芝,1400,右,曇,良,"3回 京都 6日目 サラ系３歳以上 １勝クラス       [指] 定量 15頭 本賞金:800,320,200,120,80万円",15,800.0,5,5,9,セクシーマージュ,牝,3,53.0,☆吉村,80.7,3/4,2,3.7,34.1,3-3,栗東 小椋,424,4,
202508030612,2025-10-18,京都,12,3歳以上1勝クラス,芝,1400,右,曇,良,"3回 京都 6日目 サラ系３歳以上 １勝クラス       [指] 定量 15頭 本賞金:800,320,200,120,80万円",15,800.0,6,6,11,サーナーティオン,牡,4,58.0,高杉,80.9,1.1/4,1,3.5,33.1,13-14,栗東 藤岡,488,-6,
202508030612,2025-10-18,京都,12,3歳以上1勝クラス,芝,1400,右,曇,良,"3回 京都 6日目 サラ系３歳以上 １勝クラス       [指] 定量 15頭 本賞金:800,320,200,120,80万円",15,800.0,7,6,10,ショウナンラウール,牝,4,56.0,岩田康,80.9,ハナ,8,16.9,33.3,12-11,栗東 高橋忠,418,-8,
202508030612,2025-10-18,京都,12,3歳以上1勝クラス,芝,1400,右,曇,良,"3回 京都 6日目 サラ系３歳以上 １勝クラス       [指] 定量 15頭 本賞金:800,320,200,120,80万円",15,800.0,8,7,13,バニーラビット,牡,3,56.0,鮫島駿,81.0,クビ,5,13.1,33.8,7-6,栗東 武幸,496,6,
202508030612,2025-10-18,京都,12,3歳以上1勝クラス,芝,1400,右,曇,良,"3回 京都 6日目 サラ系３歳以上 １勝クラス       [指] 定量 15頭 本賞金:800,320,200,120,80万円",15,800.0,9,7,12,ビーグラッド,牝,4,56.0,菱田,81.0,ハナ,6,14.0,33.6,10-9,栗東 岡田,440,2,
202508030612,2025-10-18,京都,12,3歳以上1勝クラス,芝,1400,右,曇,良,"3回 京都 6日目 サラ系３歳以上 １勝クラス       [指] 定量 15頭 本賞金:800,320,200,120,80万円",15,800.0,10,2,2,ヴァージル,牡,3,56.0,高倉,81.0,クビ,3,5.5,33.0,15-15,栗東 杉山晴,456,2,
202508030612,2025-10-18,京都,12,3歳以上1勝クラス,芝,1400,右,曇,良,"3回 京都 6日目 サラ系３歳以上 １勝クラス       [指] 定量 15頭 本賞金:800,320,200,120,80万円",15,800.0,11,8,14,ウォーターエルピス,牝,3,54.0,松若,81.4,2,11,40.0,33.6,13-13,栗東 藤野,510,0,
202508030612,2025-10-18,京都,12,3歳以上1勝クラス,芝,1400,右,曇,良,"3回 京都 6日目 サラ系３歳以上 １勝クラス       [指] 定量 15頭 本賞金:800,320,200,120,80万円",15,800.0,12,3,5,グランルーチェ,セ,4,58.0,藤懸,81.6,1,15,277.6,34.3,8-6,栗東 庄野,488,-2,
202508030612,2025-10-18,京都,12,3歳以上1勝クラス,芝,1400,右,曇,良,"3回 京都 6日目 サラ系３歳以上 １勝クラス       [指] 定量 15頭 本賞金:800,320,200,120,80万円",15,800.0,13,2,3,アルバニー,牝,4,56.0,岩田望,81.9,2,10,25.8,34.8,5-6,栗東 千田,480,28,
202508030612,2025-10-18,京都,12,3歳以上1勝クラス,芝,1400,右,曇,良,"3回 京都 6日目 サラ系３歳以上 １勝クラス       [指] 定量 15頭 本賞金:800,320,200,120,80万円",15,800.0,14,4,7,アーデルリーベ,牝,3,54.0,古川吉,81.9,クビ,9,21.4,34.4,10-11,栗東 斉藤崇,458,-2,
202508030612,2025-10-18,京都,12,3歳以上1勝クラス,芝,1400,右,曇,良,"3回 京都 6日目 サラ系３歳以上 １勝クラス       [指] 定量 15頭 本賞金:800,320,200,120,80万円",15,800.0,15,1,1,ノイヤー,牝,4,53.0,▲田山,82.0,アタマ,14,235.1,34.6,8-9,栗東 高橋亮,466,0,
202508030612,2025-10-18,京都,12,3歳以上1勝クラス,芝,1400,右,曇,良,"3回 京都 6日目 サラ系３歳以上 １勝クラス       [指] 定量 15頭 本賞金:800,320,200,120,80万円",15,800.0,,1,6,リアライズ,,,102.0,97,,12.3,4,11.1,2.0,11.7,1,,,
202508030612,2025-10-18,京都,12,3歳以上1勝クラス,芝,1400,右,曇,良,"3回 京都 6日目 サラ系３歳以上 １勝クラス       [指] 定量 15頭 本賞金:800,320,200,120,80万円",15,800.0,,1,6,リアライズ,,,,-,,-,,,,-,-,,,
202504040201,2025-10-19,新潟,1,2歳未勝利,芝,2000,左,曇,稍,"4回 新潟 2日目 サラ系２歳 未勝利       (混)[指] 馬齢 12頭 本賞金:560,220,140,84,56万円",12,560.0,1,6,7,ステラスペース,牡,2,56.0,武藤,121.6,,3,3.6,36.3,2-2-2-2,美浦 武藤,482,-8,
202504040201,2025-10-19,新潟,1,2歳未勝利,芝,2000,左,曇,稍,"4回 新潟 2日目 サラ系２歳 未勝利       (混)[指] 馬齢 12頭 本賞金:560,220,140,84,56万円",12,560.0,2,8,11,トルネードアイル,牡,2,56.0,荻野極,121.9,1.3/4,1,3.2,36.1,6-6-6-6,美浦 鹿戸,490,16,
202504040201,2025-10-19,新潟,1,2歳未勝利,芝,2000,左,曇,稍,"4回 新潟 2日目 サラ系２歳 未勝利       (混)[指] 馬齢 12頭 本賞金:560,220,140,84,56万円",12,560.0,3,4,4,ワインダークシー,牡,2,56.0,横山琉,121.9,アタマ,2,3.4,36.7,1-1-1-1,美浦 中舘,428,4,
202504040201,2025-10-19,新潟,1,2歳未勝利,芝,2000,左,曇,稍,"4回 新潟 2日目 サラ系２歳 未勝利       (混)[指] 馬齢 12頭 本賞金:560,220,140,84,56万円",12,560.0,4,5,6,ウールヴヘジン,牡,2,56.0,菊沢,122.4,3,5,13.2,36.8,5-5-3-3,美浦 青木,426,6,
202504040201,2025-10-19,新潟,1,2歳未勝利,芝,2000,左,曇,稍,"4回 新潟 2日目 サラ系２歳 未勝利       (混)[指] 馬齢 12頭 本賞金:560,220,140,84,56万円",12,560.0,5,5,5,コーディアリー,牡,2,53.0,▲石神道,122.4,クビ,6,23.0,36.5,6-6-6-7,美浦 天間,468,8,
202504040201,2025-10-19,新潟,1,2歳未勝利,芝,2000,左,曇,稍,"4回 新潟 2日目 サラ系２歳 未勝利       (混)[指] 馬齢 12頭 本賞金:560,220,140,84,56万円",12,560.0,6,1,1,ノリマル,牡,2,56.0,吉田隼,122.5,3/4,4,6.6,36.2,9-9-10-9,美浦 尾形,458,0,
202504040201,2025-10-19,新潟,1,2歳未勝利,芝,2000,左,曇,稍,"4回 新潟 2日目 サラ系２歳 未勝利       (混)[指] 馬齢 12頭 本賞金:560,220,140,84,56万円",12,560.0,7,7,9,パノラマステージ,牝,2,55.0,小沢,122.7,1,8,47.3,37.2,3-3-3-3,栗東 牧浦,458,16,
202504040201,2025-10-19,新潟,1,2歳未勝利,芝,2000,左,曇,稍,"4回 新潟 2日目 サラ系２歳 未勝利       (混)[指] 馬齢 12頭 本賞金:560,220,140,84,56万円",12,560.0,8,8,12,ゴールドエンバー,牡,2,56.0,黛,122.8,1,11,69.8,36.3,11-11-11-12,美浦 竹内,466,14,
202504040201,2025-10-19,新潟,1,2歳未勝利,芝,2000,左,曇,稍,"4回 新潟 2日目 サラ系２歳 未勝利       (混)[指] 馬齢 12頭 本賞金:560,220,140,84,56万円",12,560.0,9,7,10,グッドホース,牡,2,56.0,泉谷,123.0,1,7,30.4,36.8,9-9-8-8,栗東 杉山晴,472,12,
202504040201,2025-10-19,新潟,1,2歳未勝利,芝,2000,左,曇,稍,"4回 新潟 2日目 サラ系２歳 未勝利       (混)[指] 馬齢 12頭 本賞金:560,220,140,84,56万円",12,560.0,10,2,2,フルフィルメント,牝,2,55.0,斎藤,123.1,クビ,9,54.0,37.6,3-3-3-3,栗東 宮地,514,-2,
202504040201,2025-10-19,新潟,1,2歳未勝利,芝,2000,左,曇,稍,"4回 新潟 2日目 サラ系２歳 未勝利       (混)[指] 馬齢 12頭 本賞金:560,220,140,84,56万円",12,560.0,11,6,8,トラストレガート,牝,2,53.0,◇今村,123.2,1,10,67.6,36.8,12-12-11-11,美浦 高橋文,448,0,
202504040201,2025-10-19,新潟,1,2歳未勝利,芝,2000,左,曇,稍,"4回 新潟 2日目 サラ系２歳 未勝利       (混)[指] 馬齢 12頭 本賞金:560,220,140,84,56万円",12,560.0,12,3,3,カサナルキセキ,牝,2,52.0,▲石田,123.6,2.1/2,12,240.3,37.5,6-6-8-9,美浦 青木,460,12,
202504040201,2025-10-19,新潟,1,2歳未勝利,芝,2000,左,曇,稍,"4回 新潟 2日目 サラ系２歳 未勝利       (混)[指] 馬齢 12頭 本賞金:560,220,140,84,56万円",12,560.0,,1,7,ステラスペース,,,105.0,103,,12.6,6,10.8,3.0,11.7,2,,,
202504040201,2025-10-19,新潟,1,2歳未勝利,芝,2000,左,曇,稍,"4回 新潟 2日目 サラ系２歳 未勝利       (混)[指] 馬齢 12頭 本賞金:560,220,140,84,56万円",12,560.0,,1,7,ステラスペース,,,,-,,-,,,,-,-,,,
202504040202,2025-10-19,新潟,2,2歳未勝利,ダ,1200,左,曇,重,"4回 新潟 2日目 サラ系２歳 未勝利       (混)[指] 馬齢 15頭 本賞金:560,220,140,84,56万円",15,560.0,1,4,7,モンサンゴールデン,牡,2,53.0,▲柴田裕,71.1,,1,2.4,36.2,2-2,栗東 中竹,470,-2,
202504040202,2025-10-19,新潟,2,2歳未勝利,ダ,1200,左,曇,重,"4回 新潟 2日目 サラ系２歳 未勝利       (混)[指] 馬齢 15頭 本賞金:560,220,140,84,56万円",15,560.0,2,7,13,ドナシェーン,牝,2,55.0,荻野極,72.1,6,2,4.1,36.9,5-5,美浦 栗田,454,6,
202504040202,2025-10-19,新潟,2,2歳未勝利,ダ,1200,左,曇,重,"4回 新潟 2日目 サラ系２歳 未勝利       (混)[指] 馬齢 15頭 本賞金:560,220,140,84,56万円",15,560.0,3,3,5,ムテキシャチョウ,牡,2,56.0,丸山,72.3,1.1/4,3,5.4,37.1,5-5,栗東 森秀,496,2,
202504040202,2025-10-19,新潟,2,2歳未勝利,ダ,1200,左,曇,重,"4回 新潟 2日目 サラ系２歳 未勝利       (混)[指] 馬齢 15頭 本賞金:560,220,140,84,56万円",15,560.0,4,3,4,ファンシーフリル,牝,2,53.0,◇永島,72.4,3/4,4,6.4,37.8,1-1,美浦 蛯名利,462,0,
202504040202,2025-10-19,新潟,2,2歳未勝利,ダ,1200,左,曇,重,"4回 新潟 2日目 サラ系２歳 未勝利       (混)[指] 馬齢 15頭 本賞金:560,220,140,84,56万円",15,560.0,5,2,2,ラムールデュヴォン,牡,2,56.0,亀田,73.1,4,13,219.0,37.6,7-7,美浦 堀内,460,16,
202504040202,2025-10-19,新潟,2,2歳未勝利,ダ,1200,左,曇,重,"4回 新潟 2日目 サラ系２歳 未勝利       (混)[指] 馬齢 15頭 本賞金:560,220,140,84,56万円",15,560.0,6,6,10,ボールドタワー,牡,2,56.0,菊沢,73.3,3/4,6,14.6,37.9,7-7,美浦 鈴木慎,480,2,
202504040202,2025-10-19,新潟,2,2歳未勝利,ダ,1200,左,曇,重,"4回 新潟 2日目 サラ系２歳 未勝利       (混)[指] 馬齢 15頭 本賞金:560,220,140,84,56万円",15,560.0,7,6,11,マジンタクシー,牝,2,55.0,長岡,73.5,1.1/4,10,68.1,37.8,9-9,美浦 深山,484,-6,
202504040202,2025-10-19,新潟,2,2歳未勝利,ダ,1200,左,曇,重,"4回 新潟 2日目 サラ系２歳 未勝利       (混)[指] 馬齢 15頭 本賞金:560,220,140,84,56万円",15,560.0,8,8,14,ミルトハッピー,牡,2,56.0,横山琉,73.7,1.1/2,7,28.5,38.7,3-3,美浦 武市,484,16,
202504040202,2025-10-19,新潟,2,2歳未勝利,ダ,1200,左,曇,重,"4回 新潟 2日目 サラ系２歳 未勝利       (混)[指] 馬齢 15頭 本賞金:560,220,140,84,56万円",15,560.0,9,7,12,クレインヴォイス,牡,2,53.0,▲石田,73.7,アタマ,11,163.6,37.7,11-9,美浦 相沢,434,-10,
202504040202,2025-10-19,新潟,2,2歳未勝利,ダ,1200,左,曇,重,"4回 新潟 2日目 サラ系２歳 未勝利       (混)[指] 馬齢 15頭 本賞金:560,220,140,84,56万円",15,560.0,10,8,15,オスロクィーン,牝,2,53.0,◇今村,74.2,3,5,12.5,38.3,10-11,美浦 武井,444,-2,
202504040202,2025-10-19,新潟,2,2歳未勝利,ダ,1200,左,曇,重,"4回 新潟 2日目 サラ系２歳 未勝利       (混)[指] 馬齢 15頭 本賞金:560,220,140,84,56万円",15,560.0,11,5,8,ニシノガンリキ,牡,2,56.0,武藤,74.3,クビ,14,387.4,37.4,13-13,美浦 杉浦,454,-10,
202504040202,2025-10-19,新潟,2,2歳未勝利,ダ,1200,左,曇,重,"4回 新潟 2日目 サラ系２歳 未勝利       (混)[指] 馬齢 15頭 本賞金:560,220,140,84,56万円",15,560.0,12,2,3,グリーンスリーヴス,牡,2,56.0,秋山稔,74.3,クビ,9,52.2,39.3,3-4,栗東 羽月,402,-10,
202504040202,2025-10-19,新潟,2,2歳未勝利,ダ,1200,左,曇,重,"4回 新潟 2日目 サラ系２歳 未勝利       (混)[指] 馬齢 15頭 本賞金:560,220,140,84,56万円",15,560.0,13,4,6,カイトアザリー,牝,2,52.0,▲森田,74.4,1/2,15,556.5,38.0,12-12,美浦 和田雄,414,-4,
202504040202,2025-10-19,新潟,2,2歳未勝利,ダ,1200,左,曇,重,"4回 新潟 2日目 サラ系２歳 未勝利       (混)[指] 馬齢 15頭 本賞金:560,220,140,84,56万円",15,560.0,14,1,1,アドバンスモダン,牡,2,53.0,▲和田陽,75.6,7,8,32.3,38.7,13-14,栗東 森秀,464,18,
202504040202,2025-10-19,新潟,2,2歳未勝利,ダ,1200,左,曇,重,"4回 新潟 2日目 サラ系２歳 未勝利       (混)[指] 馬齢 15頭 本賞金:560,220,140,84,56万円",15,560.0,15,5,9,シンデレラリバティ,牝,2,55.0,黛,75.7,1/2,12,182.7,38.5,15-15,美浦 蛯名利,408,-6,
202504040202,2025-10-19,新潟,2,2歳未勝利,ダ,1200,左,曇,重,"4回 新潟 2日目 サラ系２歳 未勝利       (混)[指] 馬齢 15頭 本賞金:560,220,140,84,56万円",15,560.0,,1,7,モンサンゴールデン,,,97.0,87,,11.9,4,11.1,3.0,11.9,2,,,
202504040202,2025-10-19,新潟,2,2歳未勝利,ダ,1200,左,曇,重,"4回 新潟 2日目 サラ系２歳 未勝利       (混)[指] 馬齢 15頭 本賞金:560,220,140,84,56万円",15,560.0,,1,7,モンサンゴールデン,,,,-,,-,,,,-,-,,,
202504040203,2025-10-19,新潟,3,3歳以上1勝クラス,芝,1200,左,曇,稍,"4回 新潟 2日目 サラ系３歳以上 １勝クラス       (混)[指] 定量 18頭 本賞金:800,320,200,120,80万円",18,800.0,1,7,13,インフローレ,牝,3,53.0,◇今村,69.8,,12,33.6,34.5,9-7,栗東 寺島,442,2,
202504040203,2025-10-19,新潟,3,3歳以上1勝クラス,芝,1200,左,曇,稍,"4回 新潟 2日目 サラ系３歳以上 １勝クラス       (混)[指] 定量 18頭 本賞金:800,320,200,120,80万円",18,800.0,2,7,15,コムーネ,牝,3,55.0,野中,69.8,クビ,17,427.6,34.2,13-11,美浦 奥平,428,4,
202504040203,2025-10-19,新潟,3,3歳以上1勝クラス,芝,1200,左,曇,稍,"4回 新潟 2日目 サラ系３歳以上 １勝クラス       (混)[指] 定量 18頭 本賞金:800,320,200,120,80万円",18,800.0,3,1,2,ティピティーナ,牝,3,53.0,◇永島,69.8,ハナ,3,5.1,33.8,17-17,美浦 林,438,6,
202504040203,2025-10-19,新潟,3,3歳以上1勝クラス,芝,1200,左,曇,稍,"4回 新潟 2日目 サラ系３歳以上 １勝クラス       (混)[指] 定量 18頭 本賞金:800,320,200,120,80万円",18,800.0,4,7,14,フォルトレス,牝,3,55.0,横山琉,70.0,1,7,16.3,34.3,15-14,美浦 国枝,468,2,
202504040203,2025-10-19,新潟,3,3歳以上1勝クラス,芝,1200,左,曇,稍,"4回 新潟 2日目 サラ系３歳以上 １勝クラス       (混)[指] 定量 18頭 本賞金:800,320,200,120,80万円",18,800.0,5,6,12,レッドカメリア,牝,5,56.0,小林脩,70.1,3/4,8,17.3,34.8,9-9,美浦 佐藤吉,458,0,
202504040203,2025-10-19,新潟,3,3歳以上1勝クラス,芝,1200,左,曇,稍,"4回 新潟 2日目 サラ系３歳以上 １勝クラス       (混)[指] 定量 18頭 本賞金:800,320,200,120,80万円",18,800.0,6,8,17,マイネルステラート,牡,3,54.0,▲石神道,70.1,アタマ,2,4.8,35.6,1-1,美浦 高木,470,10,
202504040203,2025-10-19,新潟,3,3歳以上1勝クラス,芝,1200,左,曇,稍,"4回 新潟 2日目 サラ系３歳以上 １勝クラス       (混)[指] 定量 18頭 本賞金:800,320,200,120,80万円",18,800.0,7,8,16,アンバーニードル,牡,4,58.0,斎藤,70.3,1,11,26.5,35.3,6-7,美浦 加藤征,496,12,
202504040203,2025-10-19,新潟,3,3歳以上1勝クラス,芝,1200,左,曇,稍,"4回 新潟 2日目 サラ系３歳以上 １勝クラス       (混)[指] 定量 18頭 本賞金:800,320,200,120,80万円",18,800.0,8,6,11,シュークリーム,牝,4,56.0,亀田,70.4,3/4,14,52.3,35.5,5-5,栗東 西村,440,14,
202504040203,2025-10-19,新潟,3,3歳以上1勝クラス,芝,1200,左,曇,稍,"4回 新潟 2日目 サラ系３歳以上 １勝クラス       (混)[指] 定量 18頭 本賞金:800,320,200,120,80万円",18,800.0,9,3,6,アウクソー,牝,5,56.0,富田,70.4,アタマ,5,11.8,35.1,9-11,栗東 平田,440,16,
202504040203,2025-10-19,新潟,3,3歳以上1勝クラス,芝,1200,左,曇,稍,"4回 新潟 2日目 サラ系３歳以上 １勝クラス       (混)[指] 定量 18頭 本賞金:800,320,200,120,80万円",18,800.0,10,2,3,キングズブレス,牡,4,58.0,武藤,70.4,クビ,6,15.7,34.7,15-14,美浦 木村,504,6,
202504040203,2025-10-19,新潟,3,3歳以上1勝クラス,芝,1200,左,曇,稍,"4回 新潟 2日目 サラ系３歳以上 １勝クラス       (混)[指] 定量 18頭 本賞金:800,320,200,120,80万円",18,800.0,11,2,4,クリーンエア,牡,4,58.0,丸山,70.6,1,10,21.9,35.2,12-11,美浦 上原博,468,-4,
202504040203,2025-10-19,新潟,3,3歳以上1勝クラス,芝,1200,左,曇,稍,"4回 新潟 2日目 サラ系３歳以上 １勝クラス       (混)[指] 定量 18頭 本賞金:800,320,200,120,80万円",18,800.0,12,5,10,オンザヴィーナス,牝,4,56.0,杉原,70.6,ハナ,13,34.4,35.8,3-3,美浦 大和田,446,-2,
202504040203,2025-10-19,新潟,3,3歳以上1勝クラス,芝,1200,左,曇,稍,"4回 新潟 2日目 サラ系３歳以上 １勝クラス       (混)[指] 定量 18頭 本賞金:800,320,200,120,80万円",18,800.0,13,3,5,バンディート,牡,5,58.0,荻野極,70.6,アタマ,1,4.1,35.4,8-9,栗東 東田,516,-2,
202504040203,2025-10-19,新潟,3,3歳以上1勝クラス,芝,1200,左,曇,稍,"4回 新潟 2日目 サラ系３歳以上 １勝クラス       (混)[指] 定量 18頭 本賞金:800,320,200,120,80万円",18,800.0,14,4,7,アルヴァレス,牡,4,58.0,泉谷,70.7,1/2,16,213.9,35.2,13-14,美浦 奥村武,468,2,
202504040203,2025-10-19,新潟,3,3歳以上1勝クラス,芝,1200,左,曇,稍,"4回 新潟 2日目 サラ系３歳以上 １勝クラス       (混)[指] 定量 18頭 本賞金:800,320,200,120,80万円",18,800.0,15,1,1,ジェニファー,牝,4,56.0,鮫島駿,70.9,3/4,4,8.8,35.9,6-5,栗東 浜田,470,-6,
202504040203,2025-10-19,新潟,3,3歳以上1勝クラス,芝,1200,左,曇,稍,"4回 新潟 2日目 サラ系３歳以上 １勝クラス       (混)[指] 定量 18頭 本賞金:800,320,200,120,80万円",18,800.0,16,4,8,ツィスカリーゼ,牡,5,58.0,的場,71.2,1.3/4,15,92.9,35.2,17-17,美浦 的場,464,4,
202504040203,2025-10-19,新潟,3,3歳以上1勝クラス,芝,1200,左,曇,稍,"4回 新潟 2日目 サラ系３歳以上 １勝クラス       (混)[指] 定量 18頭 本賞金:800,320,200,120,80万円",18,800.0,17,8,18,ビスケット,牝,5,56.0,小沢,71.2,クビ,18,497.7,36.4,3-3,美浦 和田雄,476,4,
202504040203,2025-10-19,新潟,3,3歳以上1勝クラス,芝,1200,左,曇,稍,"4回 新潟 2日目 サラ系３歳以上 １勝クラス       (混)[指] 定量 18頭 本賞金:800,320,200,120,80万円",18,800.0,18,5,9,ダノンリュラ,牝,3,55.0,菊沢,71.3,3/4,9,20.3,36.6,2-2,美浦 菊沢,458,-2,
202504040203,2025-10-19,新潟,3,3歳以上1勝クラス,芝,1200,左,曇,稍,"4回 新潟 2日目 サラ系３歳以上 １勝クラス       (混)[指] 定量 18頭 本賞金:800,320,200,120,80万円",18,800.0,,1,13,インフローレ,,,81.0,76,,12.8,8,11.0,7.0,11.5,4,,,
202504040203,2025-10-19,新潟,3,3歳以上1勝クラス,芝,1200,左,曇,稍,"4回 新潟 2日目 サラ系３歳以上 １勝クラス       (混)[指] 定量 18頭 本賞金:800,320,200,120,80万円",18,800.0,,1,13,インフローレ,,,,-,,-,,,,-,-,,,
202504040204,2025-10-19,新潟,4,3歳以上1勝クラス,ダ,1200,左,曇,重,"4回 新潟 2日目 サラ系３歳以上 １勝クラス       牝[指] 定量 13頭 本賞金:800,320,200,120,80万円",13,800.0,1,6,8,エスシーレベッカ,牝,3,52.0,▲上里,71.5,,3,6.4,37.0,2-2,美浦 加藤士,470,4,
202504040204,2025-10-19,新潟,4,3歳以上1勝クラス,ダ,1200,左,曇,重,"4回 新潟 2日目 サラ系３歳以上 １勝クラス       牝[指] 定量 13頭 本賞金:800,320,200,120,80万円",13,800.0,2,6,9,ハニーローリエ,牝,3,53.0,◇今村,71.9,2,2,3.9,37.6,1-1,美浦 小手川,476,-4,
202504040204,2025-10-19,新潟,4,3歳以上1勝クラス,ダ,1200,左,曇,重,"4回 新潟 2日目 サラ系３歳以上 １勝クラス       牝[指] 定量 13頭 本賞金:800,320,200,120,80万円",13,800.0,3,5,7,ノーブルミステリー,牝,5,53.0,▲舟山,72.0,3/4,9,62.4,36.1,10-9,美浦 菊川,462,8,
202504040204,2025-10-19,新潟,4,3歳以上1勝クラス,ダ,1200,左,曇,重,"4回 新潟 2日目 サラ系３歳以上 １勝クラス       牝[指] 定量 13頭 本賞金:800,320,200,120,80万円",13,800.0,4,7,11,アイアンソリッド,牝,3,55.0,斎藤,72.2,1,6,11.3,37.1,5-5,美浦 本間,450,-4,
202504040204,2025-10-19,新潟,4,3歳以上1勝クラス,ダ,1200,左,曇,重,"4回 新潟 2日目 サラ系３歳以上 １勝クラス       牝[指] 定量 13頭 本賞金:800,320,200,120,80万円",13,800.0,5,3,3,メイショウドライブ,牝,3,53.0,◇永島,72.5,2,1,2.4,37.9,3-3,栗東 鈴木孝,458,0,
202504040204,2025-10-19,新潟,4,3歳以上1勝クラス,ダ,1200,左,曇,重,"4回 新潟 2日目 サラ系３歳以上 １勝クラス       牝[指] 定量 13頭 本賞金:800,320,200,120,80万円",13,800.0,6,4,4,アスコットアイ,牝,3,55.0,小沢,72.7,3/4,5,10.0,37.7,5-5,栗東 緒方,434,0,
202504040204,2025-10-19,新潟,4,3歳以上1勝クラス,ダ,1200,左,曇,重,"4回 新潟 2日目 サラ系３歳以上 １勝クラス       牝[指] 定量 13頭 本賞金:800,320,200,120,80万円",13,800.0,7,8,13,シエラメンテ,牝,6,52.0,★河原田,72.9,1.1/2,12,203.8,37.6,7-8,美浦 堀内,490,6,
202504040204,2025-10-19,新潟,4,3歳以上1勝クラス,ダ,1200,左,曇,重,"4回 新潟 2日目 サラ系３歳以上 １勝クラス       牝[指] 定量 13頭 本賞金:800,320,200,120,80万円",13,800.0,8,7,10,デルマエアロール,牝,3,55.0,杉原,73.0,クビ,4,7.0,38.2,4-4,美浦 大和田,458,0,
202504040204,2025-10-19,新潟,4,3歳以上1勝クラス,ダ,1200,左,曇,重,"4回 新潟 2日目 サラ系３歳以上 １勝クラス       牝[指] 定量 13頭 本賞金:800,320,200,120,80万円",13,800.0,9,5,6,サラマックイーン,牝,5,56.0,亀田,73.2,1.1/4,10,84.9,37.9,7-7,栗東 西村,468,2,
202504040204,2025-10-19,新潟,4,3歳以上1勝クラス,ダ,1200,左,曇,重,"4回 新潟 2日目 サラ系３歳以上 １勝クラス       牝[指] 定量 13頭 本賞金:800,320,200,120,80万円",13,800.0,10,8,12,シューンカイゼリン,牝,4,53.0,▲和田陽,73.3,3/4,7,27.8,37.6,9-9,栗東 佐藤悠,438,-7,
202504040204,2025-10-19,新潟,4,3歳以上1勝クラス,ダ,1200,左,曇,重,"4回 新潟 2日目 サラ系３歳以上 １勝クラス       牝[指] 定量 13頭 本賞金:800,320,200,120,80万円",13,800.0,11,2,2,ブルーデイジー,牝,6,56.0,的場,73.7,2.1/2,13,385.3,37.3,12-12,美浦 的場,460,8,
202504040204,2025-10-19,新潟,4,3歳以上1勝クラス,ダ,1200,左,曇,重,"4回 新潟 2日目 サラ系３歳以上 １勝クラス       牝[指] 定量 13頭 本賞金:800,320,200,120,80万円",13,800.0,12,4,5,マイドリームガール,牝,3,55.0,横山琉,74.3,3.1/2,11,113.7,37.5,13-13,美浦 大竹,470,10,
202504040204,2025-10-19,新潟,4,3歳以上1勝クラス,ダ,1200,左,曇,重,"4回 新潟 2日目 サラ系３歳以上 １勝クラス       牝[指] 定量 13頭 本賞金:800,320,200,120,80万円",13,800.0,13,1,1,ジェイエルトランス,牝,5,53.0,▲石田,74.4,クビ,8,56.6,38.5,10-11,美浦 小西,428,-2,
202504040204,2025-10-19,新潟,4,3歳以上1勝クラス,ダ,1200,左,曇,重,"4回 新潟 2日目 サラ系３歳以上 １勝クラス       牝[指] 定量 13頭 本賞金:800,320,200,120,80万円",13,800.0,,1,8,エスシーレベッカ,,,97.0,93,,12.2,5,10.8,3.0,11.5,2,,,
202504040204,2025-10-19,新潟,4,3歳以上1勝クラス,ダ,1200,左,曇,重,"4回 新潟 2日目 サラ系３歳以上 １勝クラス       牝[指] 定量 13頭 本賞金:800,320,200,120,80万円",13,800.0,,1,8,エスシーレベッカ,,,,-,,-,,,,-,-,,,
202504040205,2025-10-19,新潟,5,2歳新馬,芝,1400,左,曇,稍,"4回 新潟 2日目 サラ系２歳 新馬       [指] 馬齢 18頭 本賞金:750,300,190,110,75万円",18,750.0,1,3,6,ヘルモソブレード,牝,2,55.0,杉原,83.7,,4,8.0,35.9,2-1,美浦 岩戸,452,0,
202504040205,2025-10-19,新潟,5,2歳新馬,芝,1400,左,曇,稍,"4回 新潟 2日目 サラ系２歳 新馬       [指] 馬齢 18頭 本賞金:750,300,190,110,75万円",18,750.0,2,5,9,ウォーターデライト,牡,2,56.0,鮫島駿,84.0,2,2,4.6,36.2,1-2,栗東 高柳大,444,0,
202504040205,2025-10-19,新潟,5,2歳新馬,芝,1400,左,曇,稍,"4回 新潟 2日目 サラ系２歳 新馬       [指] 馬齢 18頭 本賞金:750,300,190,110,75万円",18,750.0,3,5,10,ベルオーシャン,牝,2,52.0,▲舟山,84.3,1.3/4,14,64.8,36.2,3-3,美浦 柄崎,408,0,
202504040205,2025-10-19,新潟,5,2歳新馬,芝,1400,左,曇,稍,"4回 新潟 2日目 サラ系２歳 新馬       [指] 馬齢 18頭 本賞金:750,300,190,110,75万円",18,750.0,4,8,16,ツウキンカイソク,牡,2,53.0,▲石田,84.4,1/2,9,32.7,35.7,9-9,美浦 岩戸,458,0,
202504040205,2025-10-19,新潟,5,2歳新馬,芝,1400,左,曇,稍,"4回 新潟 2日目 サラ系２歳 新馬       [指] 馬齢 18頭 本賞金:750,300,190,110,75万円",18,750.0,5,7,13,ミルトメテオ,牡,2,53.0,▲柴田裕,84.4,アタマ,1,3.8,35.7,9-9,栗東 中竹,494,0,
202504040205,2025-10-19,新潟,5,2歳新馬,芝,1400,左,曇,稍,"4回 新潟 2日目 サラ系２歳 新馬       [指] 馬齢 18頭 本賞金:750,300,190,110,75万円",18,750.0,6,6,12,ヒーナシャム,牝,2,55.0,中井,84.5,1/2,5,8.2,36.3,6-6,栗東 橋口,420,0,
202504040205,2025-10-19,新潟,5,2歳新馬,芝,1400,左,曇,稍,"4回 新潟 2日目 サラ系２歳 新馬       [指] 馬齢 18頭 本賞金:750,300,190,110,75万円",18,750.0,7,7,15,ノーブルトレジャー,牝,2,55.0,国分恭,84.8,1.3/4,6,13.3,35.8,12-12,栗東 牧浦,442,0,
202504040205,2025-10-19,新潟,5,2歳新馬,芝,1400,左,曇,稍,"4回 新潟 2日目 サラ系２歳 新馬       [指] 馬齢 18頭 本賞金:750,300,190,110,75万円",18,750.0,8,6,11,ジュエルサンライズ,牝,2,55.0,富田,84.8,クビ,8,30.1,36.5,6-7,栗東 東田,482,0,
202504040205,2025-10-19,新潟,5,2歳新馬,芝,1400,左,曇,稍,"4回 新潟 2日目 サラ系２歳 新馬       [指] 馬齢 18頭 本賞金:750,300,190,110,75万円",18,750.0,9,8,17,トゥレイス,牝,2,53.0,◇今村,84.8,ハナ,7,14.0,36.7,3-3,美浦 高柳瑞,424,0,
202504040205,2025-10-19,新潟,5,2歳新馬,芝,1400,左,曇,稍,"4回 新潟 2日目 サラ系２歳 新馬       [指] 馬齢 18頭 本賞金:750,300,190,110,75万円",18,750.0,10,2,4,チャンピオンホース,牡,2,56.0,小林凌,84.8,ハナ,13,44.4,36.0,11-11,美浦 尾形,466,0,
202504040205,2025-10-19,新潟,5,2歳新馬,芝,1400,左,曇,稍,"4回 新潟 2日目 サラ系２歳 新馬       [指] 馬齢 18頭 本賞金:750,300,190,110,75万円",18,750.0,11,4,8,テラシエスタ,牡,2,53.0,▲上里,84.9,1/2,11,40.0,35.8,12-13,美浦 黒岩,458,0,
202504040205,2025-10-19,新潟,5,2歳新馬,芝,1400,左,曇,稍,"4回 新潟 2日目 サラ系２歳 新馬       [指] 馬齢 18頭 本賞金:750,300,190,110,75万円",18,750.0,12,1,1,ターコイズテソーロ,牝,2,55.0,吉田隼,85.0,クビ,10,36.1,36.5,8-7,美浦 畠山,440,0,
202504040205,2025-10-19,新潟,5,2歳新馬,芝,1400,左,曇,稍,"4回 新潟 2日目 サラ系２歳 新馬       [指] 馬齢 18頭 本賞金:750,300,190,110,75万円",18,750.0,13,7,14,アンファール,牝,2,55.0,黛,85.1,1/2,17,127.0,35.9,15-13,美浦 和田雄,402,0,
202504040205,2025-10-19,新潟,5,2歳新馬,芝,1400,左,曇,稍,"4回 新潟 2日目 サラ系２歳 新馬       [指] 馬齢 18頭 本賞金:750,300,190,110,75万円",18,750.0,14,3,5,ポポラヴィスタ,牝,2,55.0,江田照,85.1,ハナ,12,42.3,37.0,3-3,美浦 鈴木慎,422,0,
202504040205,2025-10-19,新潟,5,2歳新馬,芝,1400,左,曇,稍,"4回 新潟 2日目 サラ系２歳 新馬       [指] 馬齢 18頭 本賞金:750,300,190,110,75万円",18,750.0,15,2,3,ウインカグヤヒメ,牝,2,52.0,▲石神道,85.2,1,16,70.6,36.1,12-13,美浦 武市,436,0,
202504040205,2025-10-19,新潟,5,2歳新馬,芝,1400,左,曇,稍,"4回 新潟 2日目 サラ系２歳 新馬       [指] 馬齢 18頭 本賞金:750,300,190,110,75万円",18,750.0,16,8,18,イアム,牝,2,52.0,▲水沼,86.3,7,18,210.0,35.9,17-17,美浦 加藤和,410,0,
202504040205,2025-10-19,新潟,5,2歳新馬,芝,1400,左,曇,稍,"4回 新潟 2日目 サラ系２歳 新馬       [指] 馬齢 18頭 本賞金:750,300,190,110,75万円",18,750.0,17,4,7,ナムラステラ,牝,2,53.0,◇永島,86.6,1.3/4,3,5.9,36.9,16-16,栗東 荒川,454,0,
202504040205,2025-10-19,新潟,5,2歳新馬,芝,1400,左,曇,稍,"4回 新潟 2日目 サラ系２歳 新馬       [指] 馬齢 18頭 本賞金:750,300,190,110,75万円",18,750.0,18,1,2,ヴァールザーゲン,牝,2,55.0,武藤,87.4,5,15,68.7,36.5,18-18,美浦 松山,412,0,
202504040205,2025-10-19,新潟,5,2歳新馬,芝,1400,左,曇,稍,"4回 新潟 2日目 サラ系２歳 新馬       [指] 馬齢 18頭 本賞金:750,300,190,110,75万円",18,750.0,,1,6,ヘルモソブレード,,,86.0,74,,12.7,5,11.4,2.0,11.6,2,,,
202504040205,2025-10-19,新潟,5,2歳新馬,芝,1400,左,曇,稍,"4回 新潟 2日目 サラ系２歳 新馬       [指] 馬齢 18頭 本賞金:750,300,190,110,75万円",18,750.0,,1,6,ヘルモソブレード,,,,-,,-,,,,-,-,,,
202504040206,2025-10-19,新潟,6,3歳以上1勝クラス,ダ,1800,左,曇,重,"4回 新潟 2日目 サラ系３歳以上 １勝クラス       見習騎手 定量 15頭 本賞金:800,320,200,120,80万円",15,800.0,1,8,15,ケーヴァラ,牡,4,55.0,▲柴田裕,112.7,,4,6.8,37.9,1-2-2-1,栗東 羽月,492,4,
202504040206,2025-10-19,新潟,6,3歳以上1勝クラス,ダ,1800,左,曇,重,"4回 新潟 2日目 サラ系３歳以上 １勝クラス       見習騎手 定量 15頭 本賞金:800,320,200,120,80万円",15,800.0,2,6,11,エイシンマールス,牡,3,52.0,★河原田,113.5,5,7,9.1,38.5,5-3-3-3,栗東 今野,474,6,
202504040206,2025-10-19,新潟,6,3歳以上1勝クラス,ダ,1800,左,曇,重,"4回 新潟 2日目 サラ系３歳以上 １勝クラス       見習騎手 定量 15頭 本賞金:800,320,200,120,80万円",15,800.0,3,3,5,ダイシンレアレア,牡,3,56.0,横山琉,113.6,クビ,8,13.7,38.0,7-6-8-6,栗東 高橋一,492,12,
202504040206,2025-10-19,新潟,6,3歳以上1勝クラス,ダ,1800,左,曇,重,"4回 新潟 2日目 サラ系３歳以上 １勝クラス       見習騎手 定量 15頭 本賞金:800,320,200,120,80万円",15,800.0,4,5,9,チュウワダイオウ,セ,4,56.0,△鷲頭,113.7,1,11,38.2,38.0,10-10-10-9,栗東 加藤公,458,-2,
202504040206,2025-10-19,新潟,6,3歳以上1勝クラス,ダ,1800,左,曇,重,"4回 新潟 2日目 サラ系３歳以上 １勝クラス       見習騎手 定量 15頭 本賞金:800,320,200,120,80万円",15,800.0,5,5,8,マシュー,牡,4,56.0,◇永島,113.9,3/4,6,8.8,37.2,13-14-15-14,美浦 尾形,478,4,
202504040206,2025-10-19,新潟,6,3歳以上1勝クラス,ダ,1800,左,曇,重,"4回 新潟 2日目 サラ系３歳以上 １勝クラス       見習騎手 定量 15頭 本賞金:800,320,200,120,80万円",15,800.0,6,7,12,ロストボール,セ,6,55.0,▲森田,114.0,1/2,14,115.5,37.6,15-15-14-13,美浦 加藤和,448,0,
202504040206,2025-10-19,新潟,6,3歳以上1勝クラス,ダ,1800,左,曇,重,"4回 新潟 2日目 サラ系３歳以上 １勝クラス       見習騎手 定量 15頭 本賞金:800,320,200,120,80万円",15,800.0,7,8,14,エポカリーナ,牡,3,53.0,▲古川奈,114.1,1/2,12,50.7,38.5,12-12-8-9,美浦 土田,456,-12,
202504040206,2025-10-19,新潟,6,3歳以上1勝クラス,ダ,1800,左,曇,重,"4回 新潟 2日目 サラ系３歳以上 １勝クラス       見習騎手 定量 15頭 本賞金:800,320,200,120,80万円",15,800.0,8,6,10,チャチャピンク,牡,3,56.0,亀田,114.2,1/2,1,5.1,39.0,6-6-5-4,栗東 北出,488,22,
202504040206,2025-10-19,新潟,6,3歳以上1勝クラス,ダ,1800,左,曇,重,"4回 新潟 2日目 サラ系３歳以上 １勝クラス       見習騎手 定量 15頭 本賞金:800,320,200,120,80万円",15,800.0,9,3,4,カフェノーチェ,牡,3,53.0,▲舟山,114.2,クビ,5,7.0,39.5,14-13-1-2,美浦 古賀,526,2,
202504040206,2025-10-19,新潟,6,3歳以上1勝クラス,ダ,1800,左,曇,重,"4回 新潟 2日目 サラ系３歳以上 １勝クラス       見習騎手 定量 15頭 本賞金:800,320,200,120,80万円",15,800.0,10,4,7,ロミヒ,牝,3,51.0,▲石神道,114.2,ハナ,3,6.8,38.7,8-8-7-6,美浦 伊藤圭,508,22,
202504040206,2025-10-19,新潟,6,3歳以上1勝クラス,ダ,1800,左,曇,重,"4回 新潟 2日目 サラ系３歳以上 １勝クラス       見習騎手 定量 15頭 本賞金:800,320,200,120,80万円",15,800.0,11,2,3,テーオーシュタイン,牡,3,53.0,▲和田陽,114.4,3/4,2,6.0,38.3,8-8-11-11,栗東 梅田,464,8,
202504040206,2025-10-19,新潟,6,3歳以上1勝クラス,ダ,1800,左,曇,重,"4回 新潟 2日目 サラ系３歳以上 １勝クラス       見習騎手 定量 15頭 本賞金:800,320,200,120,80万円",15,800.0,12,2,2,インディゴ,牡,3,56.0,斎藤,114.4,アタマ,10,23.4,38.3,10-10-11-11,栗東 野中,492,4,
202504040206,2025-10-19,新潟,6,3歳以上1勝クラス,ダ,1800,左,曇,重,"4回 新潟 2日目 サラ系３歳以上 １勝クラス       見習騎手 定量 15頭 本賞金:800,320,200,120,80万円",15,800.0,13,4,6,ヤマニンクイッカー,牡,6,57.0,☆松本,114.8,2.1/2,9,21.1,39.7,2-1-3-4,美浦 田島,476,6,
202504040206,2025-10-19,新潟,6,3歳以上1勝クラス,ダ,1800,左,曇,重,"4回 新潟 2日目 サラ系３歳以上 １勝クラス       見習騎手 定量 15頭 本賞金:800,320,200,120,80万円",15,800.0,14,7,13,アーチーテソーロ,牡,3,56.0,小林脩,118.2,大,15,258.3,42.9,3-3-5-6,美浦 牧,488,2,
202504040206,2025-10-19,新潟,6,3歳以上1勝クラス,ダ,1800,左,曇,重,"4回 新潟 2日目 サラ系３歳以上 １勝クラス       見習騎手 定量 15頭 本賞金:800,320,200,120,80万円",15,800.0,15,1,1,ヴァイオパイシーズ,牝,3,54.0,小沢,119.9,10,13,71.4,43.7,4-3-11-14,美浦 和田勇,466,2,
202504040206,2025-10-19,新潟,6,3歳以上1勝クラス,ダ,1800,左,曇,重,"4回 新潟 2日目 サラ系３歳以上 １勝クラス       見習騎手 定量 15頭 本賞金:800,320,200,120,80万円",15,800.0,,1,15,ケーヴァラ,,,101.0,91,,12.6,6,11.2,2.0,12.6,2,,,
202504040206,2025-10-19,新潟,6,3歳以上1勝クラス,ダ,1800,左,曇,重,"4回 新潟 2日目 サラ系３歳以上 １勝クラス       見習騎手 定量 15頭 本賞金:800,320,200,120,80万円",15,800.0,,1,15,ケーヴァラ,,,,-,,-,,,,-,-,,,
202504040207,2025-10-19,新潟,7,3歳以上1勝クラス,芝,1600,左,曇,稍,"4回 新潟 2日目 サラ系３歳以上 １勝クラス       [指] 定量 18頭 本賞金:800,320,200,120,80万円",18,800.0,1,8,16,ネーブルオレンジ,牝,3,51.0,▲森田,93.7,,5,9.6,34.1,1-1,栗東 杉山佳,472,-4,
202504040207,2025-10-19,新潟,7,3歳以上1勝クラス,芝,1600,左,曇,稍,"4回 新潟 2日目 サラ系３歳以上 １勝クラス       [指] 定量 18頭 本賞金:800,320,200,120,80万円",18,800.0,2,1,2,グレゴリオ,牡,3,56.0,杉原,93.9,1.1/4,6,15.3,32.9,12-12,美浦 木村,506,2,
202504040207,2025-10-19,新潟,7,3歳以上1勝クラス,芝,1600,左,曇,稍,"4回 新潟 2日目 サラ系３歳以上 １勝クラス       [指] 定量 18頭 本賞金:800,320,200,120,80万円",18,800.0,2,2,4,ゴールドブレス,セ,4,58.0,国分恭,93.9,1.1/4,3,8.2,33.5,6-6,栗東 西園翔,432,2,
202504040207,2025-10-19,新潟,7,3歳以上1勝クラス,芝,1600,左,曇,稍,"4回 新潟 2日目 サラ系３歳以上 １勝クラス       [指] 定量 18頭 本賞金:800,320,200,120,80万円",18,800.0,4,3,5,デリュージョン,牡,3,56.0,富田,93.9,クビ,12,34.3,33.8,4-5,栗東 奥村豊,462,-4,
202504040207,2025-10-19,新潟,7,3歳以上1勝クラス,芝,1600,左,曇,稍,"4回 新潟 2日目 サラ系３歳以上 １勝クラス       [指] 定量 18頭 本賞金:800,320,200,120,80万円",18,800.0,5,4,7,スタンピー,牝,3,54.0,石川,93.9,ハナ,10,25.3,34.1,4-3,美浦 深山,456,-4,
202504040207,2025-10-19,新潟,7,3歳以上1勝クラス,芝,1600,左,曇,稍,"4回 新潟 2日目 サラ系３歳以上 １勝クラス       [指] 定量 18頭 本賞金:800,320,200,120,80万円",18,800.0,6,5,10,アンダーザライト,牡,3,56.0,丸山,94.2,1.1/2,1,3.3,33.6,8-7,美浦 宮田,532,0,
202504040207,2025-10-19,新潟,7,3歳以上1勝クラス,芝,1600,左,曇,稍,"4回 新潟 2日目 サラ系３歳以上 １勝クラス       [指] 定量 18頭 本賞金:800,320,200,120,80万円",18,800.0,7,6,11,デビューフライト,牝,3,54.0,横山琉,94.2,ハナ,4,9.4,33.1,16-14,美浦 小島,430,4,
202504040207,2025-10-19,新潟,7,3歳以上1勝クラス,芝,1600,左,曇,稍,"4回 新潟 2日目 サラ系３歳以上 １勝クラス       [指] 定量 18頭 本賞金:800,320,200,120,80万円",18,800.0,8,7,15,ラコルネータ,牝,4,53.0,▲和田陽,94.2,クビ,2,3.7,33.4,10-9,栗東 中内田,454,6,
202504040207,2025-10-19,新潟,7,3歳以上1勝クラス,芝,1600,左,曇,稍,"4回 新潟 2日目 サラ系３歳以上 １勝クラス       [指] 定量 18頭 本賞金:800,320,200,120,80万円",18,800.0,9,7,14,ミッキーストライク,牡,4,58.0,荻野極,94.4,1,9,23.0,33.5,10-9,栗東 矢作,518,-2,
202504040207,2025-10-19,新潟,7,3歳以上1勝クラス,芝,1600,左,曇,稍,"4回 新潟 2日目 サラ系３歳以上 １勝クラス       [指] 定量 18頭 本賞金:800,320,200,120,80万円",18,800.0,10,3,6,ユナホークパワー,牝,3,51.0,▲橋木,94.5,3/4,13,56.5,33.8,8-9,美浦 小西,454,-4,
202504040207,2025-10-19,新潟,7,3歳以上1勝クラス,芝,1600,左,曇,稍,"4回 新潟 2日目 サラ系３歳以上 １勝クラス       [指] 定量 18頭 本賞金:800,320,200,120,80万円",18,800.0,11,8,18,ゴッドヴァレー,牡,3,56.0,小沢,94.7,1.1/4,8,22.4,35.0,2-2,栗東 渡辺,476,14,
202504040207,2025-10-19,新潟,7,3歳以上1勝クラス,芝,1600,左,曇,稍,"4回 新潟 2日目 サラ系３歳以上 １勝クラス       [指] 定量 18頭 本賞金:800,320,200,120,80万円",18,800.0,12,6,12,タイキバルドル,牡,5,58.0,菊沢,94.8,3/4,11,30.4,33.5,14-14,美浦 勢司,474,-4,
202504040207,2025-10-19,新潟,7,3歳以上1勝クラス,芝,1600,左,曇,稍,"4回 新潟 2日目 サラ系３歳以上 １勝クラス       [指] 定量 18頭 本賞金:800,320,200,120,80万円",18,800.0,13,4,8,ラウルベア,牝,3,54.0,斎藤,94.9,クビ,7,18.5,34.3,7-7,栗東 高野,456,12,
202504040207,2025-10-19,新潟,7,3歳以上1勝クラス,芝,1600,左,曇,稍,"4回 新潟 2日目 サラ系３歳以上 １勝クラス       [指] 定量 18頭 本賞金:800,320,200,120,80万円",18,800.0,14,5,9,リヴァイデント,牝,4,53.0,▲柴田裕,95.1,1.1/4,16,274.2,34.0,13-13,栗東 秋山,424,2,
202504040207,2025-10-19,新潟,7,3歳以上1勝クラス,芝,1600,左,曇,稍,"4回 新潟 2日目 サラ系３歳以上 １勝クラス       [指] 定量 18頭 本賞金:800,320,200,120,80万円",18,800.0,15,7,13,チャージドアップ,牝,4,53.0,▲石神道,95.1,クビ,14,82.9,35.1,2-3,美浦 和田郎,470,6,
202504040207,2025-10-19,新潟,7,3歳以上1勝クラス,芝,1600,左,曇,稍,"4回 新潟 2日目 サラ系３歳以上 １勝クラス       [指] 定量 18頭 本賞金:800,320,200,120,80万円",18,800.0,16,8,17,ジーティーポライト,牝,4,53.0,▲水沼,95.1,クビ,17,279.8,33.7,17-17,美浦 加藤和,468,-2,
202504040207,2025-10-19,新潟,7,3歳以上1勝クラス,芝,1600,左,曇,稍,"4回 新潟 2日目 サラ系３歳以上 １勝クラス       [指] 定量 18頭 本賞金:800,320,200,120,80万円",18,800.0,17,1,1,ヴィントシュティレ,牝,4,56.0,武藤,95.4,1.1/2,15,114.9,34.1,17-17,美浦 古賀,476,-4,
202504040207,2025-10-19,新潟,7,3歳以上1勝クラス,芝,1600,左,曇,稍,"4回 新潟 2日目 サラ系３歳以上 １勝クラス       [指] 定量 18頭 本賞金:800,320,200,120,80万円",18,800.0,18,2,3,シャトーホークビル,牡,3,53.0,▲上里,96.7,8,18,400.2,35.4,14-14,美浦 加藤和,436,-2,
202504040207,2025-10-19,新潟,7,3歳以上1勝クラス,芝,1600,左,曇,稍,"4回 新潟 2日目 サラ系３歳以上 １勝クラス       [指] 定量 18頭 本賞金:800,320,200,120,80万円",18,800.0,,1,16,ネーブルオレンジ,,,101.0,95,,12.4,6,10.8,3.0,11.7,1,,,
202504040207,2025-10-19,新潟,7,3歳以上1勝クラス,芝,1600,左,曇,稍,"4回 新潟 2日目 サラ系３歳以上 １勝クラス       [指] 定量 18頭 本賞金:800,320,200,120,80万円",18,800.0,,1,16,ネーブルオレンジ,,,,-,,-,,,,-,-,,,
202504040208,2025-10-19,新潟,8,3歳以上1勝クラス,ダ,2500,左,曇,重,"4回 新潟 2日目 サラ系３歳以上 １勝クラス       [指] 定量 15頭 本賞金:800,320,200,120,80万円",15,800.0,1,8,15,リエータメンテ,牝,4,56.0,鮫島駿,161.8,,1,3.3,38.8,3-3-2-1,栗東 佐藤悠,474,-10,
202504040208,2025-10-19,新潟,8,3歳以上1勝クラス,ダ,2500,左,曇,重,"4回 新潟 2日目 サラ系３歳以上 １勝クラス       [指] 定量 15頭 本賞金:800,320,200,120,80万円",15,800.0,2,8,14,シーリュウシー,牡,4,55.0,▲柴田裕,162.9,7,6,11.5,38.2,13-12-10-11,栗東 岡田,500,4,
202504040208,2025-10-19,新潟,8,3歳以上1勝クラス,ダ,2500,左,曇,重,"4回 新潟 2日目 サラ系３歳以上 １勝クラス       [指] 定量 15頭 本賞金:800,320,200,120,80万円",15,800.0,3,2,3,オオタチ,牡,3,55.0,野中,163.1,1.1/2,3,5.5,39.9,5-5-3-3,美浦 久保田,450,-6,
202504040208,2025-10-19,新潟,8,3歳以上1勝クラス,ダ,2500,左,曇,重,"4回 新潟 2日目 サラ系３歳以上 １勝クラス       [指] 定量 15頭 本賞金:800,320,200,120,80万円",15,800.0,4,1,1,ルシタニア,牡,3,52.0,▲森田,163.4,1.1/2,4,5.7,39.6,5-6-5-4,栗東 武幸,484,2,
202504040208,2025-10-19,新潟,8,3歳以上1勝クラス,ダ,2500,左,曇,重,"4回 新潟 2日目 サラ系３歳以上 １勝クラス       [指] 定量 15頭 本賞金:800,320,200,120,80万円",15,800.0,5,5,8,チビノシエラザード,牝,4,56.0,菊沢,163.6,1.1/2,13,110.0,38.9,12-12-10-9,美浦 和田勇,456,2,
202504040208,2025-10-19,新潟,8,3歳以上1勝クラス,ダ,2500,左,曇,重,"4回 新潟 2日目 サラ系３歳以上 １勝クラス       [指] 定量 15頭 本賞金:800,320,200,120,80万円",15,800.0,6,5,9,ディアスポラ,牡,4,58.0,江田照,163.8,1,7,17.8,39.3,8-7-8-9,美浦 田中剛,512,2,
202504040208,2025-10-19,新潟,8,3歳以上1勝クラス,ダ,2500,左,曇,重,"4回 新潟 2日目 サラ系３歳以上 １勝クラス       [指] 定量 15頭 本賞金:800,320,200,120,80万円",15,800.0,7,2,2,ロードインフェルノ,牡,4,58.0,吉田隼,163.8,クビ,8,19.8,39.9,8-7-5-4,美浦 尾形,480,-4,
202504040208,2025-10-19,新潟,8,3歳以上1勝クラス,ダ,2500,左,曇,重,"4回 新潟 2日目 サラ系３歳以上 １勝クラス       [指] 定量 15頭 本賞金:800,320,200,120,80万円",15,800.0,8,6,10,コンテソレーラ,牝,4,56.0,嶋田,163.9,1/2,9,34.8,39.4,10-10-8-8,美浦 手塚久,496,2,
202504040208,2025-10-19,新潟,8,3歳以上1勝クラス,ダ,2500,左,曇,重,"4回 新潟 2日目 サラ系３歳以上 １勝クラス       [指] 定量 15頭 本賞金:800,320,200,120,80万円",15,800.0,9,7,13,エンマ,牡,3,55.0,富田,164.0,3/4,2,4.8,41.1,2-2-1-2,栗東 武英,462,-2,
202504040208,2025-10-19,新潟,8,3歳以上1勝クラス,ダ,2500,左,曇,重,"4回 新潟 2日目 サラ系３歳以上 １勝クラス       [指] 定量 15頭 本賞金:800,320,200,120,80万円",15,800.0,10,7,12,ホウオウラムセス,牡,4,55.0,▲水沼,164.1,1/2,15,169.1,39.9,5-7-7-7,美浦 加藤和,502,2,
202504040208,2025-10-19,新潟,8,3歳以上1勝クラス,ダ,2500,左,曇,重,"4回 新潟 2日目 サラ系３歳以上 １勝クラス       [指] 定量 15頭 本賞金:800,320,200,120,80万円",15,800.0,11,6,11,ヤングアメリカンズ,牡,3,55.0,斎藤,164.4,1.3/4,5,9.8,39.4,15-15-13-12,栗東 奥村豊,494,6,
202504040208,2025-10-19,新潟,8,3歳以上1勝クラス,ダ,2500,左,曇,重,"4回 新潟 2日目 サラ系３歳以上 １勝クラス       [指] 定量 15頭 本賞金:800,320,200,120,80万円",15,800.0,12,4,6,ピスタ,牡,3,51.0,★河原田,165.9,9,11,63.4,40.8,13-14-13-13,栗東 藤原,538,4,
202504040208,2025-10-19,新潟,8,3歳以上1勝クラス,ダ,2500,左,曇,重,"4回 新潟 2日目 サラ系３歳以上 １勝クラス       [指] 定量 15頭 本賞金:800,320,200,120,80万円",15,800.0,13,3,4,ジーティーアグリム,牝,4,56.0,小沢,166.5,4,12,86.0,41.4,10-11-13-13,美浦 奥平,550,-2,
202504040208,2025-10-19,新潟,8,3歳以上1勝クラス,ダ,2500,左,曇,重,"4回 新潟 2日目 サラ系３歳以上 １勝クラス       [指] 定量 15頭 本賞金:800,320,200,120,80万円",15,800.0,14,4,7,ジェンマ,牡,4,58.0,小林凌,167.5,6,14,145.8,42.6,1-1-12-15,美浦 尾形,484,0,
202504040208,2025-10-19,新潟,8,3歳以上1勝クラス,ダ,2500,左,曇,重,"4回 新潟 2日目 サラ系３歳以上 １勝クラス       [指] 定量 15頭 本賞金:800,320,200,120,80万円",15,800.0,15,3,5,レグロスヴァーグ,牡,4,58.0,荻野極,168.8,8,10,42.5,45.4,3-4-4-4,栗東 鈴木孝,536,2,
202504040208,2025-10-19,新潟,8,3歳以上1勝クラス,ダ,2500,左,曇,重,"4回 新潟 2日目 サラ系３歳以上 １勝クラス       [指] 定量 15頭 本賞金:800,320,200,120,80万円",15,800.0,,1,15,リエータメンテ,,,97.0,85,,7.7,9,11.9,4.0,12.6,3,,,
202504040208,2025-10-19,新潟,8,3歳以上1勝クラス,ダ,2500,左,曇,重,"4回 新潟 2日目 サラ系３歳以上 １勝クラス       [指] 定量 15頭 本賞金:800,320,200,120,80万円",15,800.0,,1,15,リエータメンテ,,,,-,,-,,,,-,-,,,
202504040209,2025-10-19,新潟,9,松浜特別,芝,2000,左,曇,稍,"4回 新潟 2日目 サラ系３歳以上 １勝クラス       [指] 定量 15頭 本賞金:1110,440,280,170,111万円",15,1110.0,1,1,1,ジャンビ,牝,4,56.0,菊沢,119.4,,11,33.5,34.3,7-7,美浦 勢司,460,-2,
202504040209,2025-10-19,新潟,9,松浜特別,芝,2000,左,曇,稍,"4回 新潟 2日目 サラ系３歳以上 １勝クラス       [指] 定量 15頭 本賞金:1110,440,280,170,111万円",15,1110.0,2,7,12,ダノンアトラス,牡,4,58.0,荻野極,120.0,3.1/2,5,9.9,34.4,11-13,栗東 橋口,404,-6,
202504040209,2025-10-19,新潟,9,松浜特別,芝,2000,左,曇,稍,"4回 新潟 2日目 サラ系３歳以上 １勝クラス       [指] 定量 15頭 本賞金:1110,440,280,170,111万円",15,1110.0,3,6,11,ゼンノインヴォーク,セ,6,58.0,小沢,120.1,クビ,3,5.6,35.0,4-6,栗東 緒方,442,-6,
202504040209,2025-10-19,新潟,9,松浜特別,芝,2000,左,曇,稍,"4回 新潟 2日目 サラ系３歳以上 １勝クラス       [指] 定量 15頭 本賞金:1110,440,280,170,111万円",15,1110.0,4,8,15,ケイツールピア,牝,4,56.0,石田,120.1,アタマ,14,126.4,34.6,15-14,美浦 蛯名利,406,-16,
202504040209,2025-10-19,新潟,9,松浜特別,芝,2000,左,曇,稍,"4回 新潟 2日目 サラ系３歳以上 １勝クラス       [指] 定量 15頭 本賞金:1110,440,280,170,111万円",15,1110.0,5,7,13,パナランギン,牡,3,56.0,長岡,120.2,3/4,12,71.7,34.9,7-7,美浦 松山,476,0,
202504040209,2025-10-19,新潟,9,松浜特別,芝,2000,左,曇,稍,"4回 新潟 2日目 サラ系３歳以上 １勝クラス       [指] 定量 15頭 本賞金:1110,440,280,170,111万円",15,1110.0,6,3,5,キャピタルリッチ,牡,3,56.0,横山琉,120.4,1,1,4.4,35.0,11-10,美浦 小笠,466,8,
202504040209,2025-10-19,新潟,9,松浜特別,芝,2000,左,曇,稍,"4回 新潟 2日目 サラ系３歳以上 １勝クラス       [指] 定量 15頭 本賞金:1110,440,280,170,111万円",15,1110.0,7,2,2,メイショウアイル,牡,3,56.0,秋山稔,120.4,クビ,2,4.5,35.8,1-1,栗東 高橋忠,480,8,
202504040209,2025-10-19,新潟,9,松浜特別,芝,2000,左,曇,稍,"4回 新潟 2日目 サラ系３歳以上 １勝クラス       [指] 定量 15頭 本賞金:1110,440,280,170,111万円",15,1110.0,8,8,14,ホワイトビーチ,牡,4,58.0,黛,120.4,アタマ,7,13.6,34.8,14-14,美浦 森一,512,22,
202504040209,2025-10-19,新潟,9,松浜特別,芝,2000,左,曇,稍,"4回 新潟 2日目 サラ系３歳以上 １勝クラス       [指] 定量 15頭 本賞金:1110,440,280,170,111万円",15,1110.0,9,2,3,ヴィルナタール,牝,3,54.0,石川,120.5,クビ,6,10.9,35.4,4-3,美浦 手塚久,456,12,
202504040209,2025-10-19,新潟,9,松浜特別,芝,2000,左,曇,稍,"4回 新潟 2日目 サラ系３歳以上 １勝クラス       [指] 定量 15頭 本賞金:1110,440,280,170,111万円",15,1110.0,10,5,8,サングラデーション,牡,5,58.0,杉原,120.5,クビ,10,29.4,35.2,10-7,美浦 千葉,428,-8,
202504040209,2025-10-19,新潟,9,松浜特別,芝,2000,左,曇,稍,"4回 新潟 2日目 サラ系３歳以上 １勝クラス       [指] 定量 15頭 本賞金:1110,440,280,170,111万円",15,1110.0,11,3,4,ポッポノフェスタ,牡,3,56.0,西村太,120.6,クビ,8,14.8,35.7,4-3,美浦 堀内,458,8,
202504040209,2025-10-19,新潟,9,松浜特別,芝,2000,左,曇,稍,"4回 新潟 2日目 サラ系３歳以上 １勝クラス       [指] 定量 15頭 本賞金:1110,440,280,170,111万円",15,1110.0,12,4,6,オーバースタンド,牡,3,56.0,鮫島駿,121.0,2.1/2,4,7.1,35.6,7-10,栗東 小崎,438,4,
202504040209,2025-10-19,新潟,9,松浜特別,芝,2000,左,曇,稍,"4回 新潟 2日目 サラ系３歳以上 １勝クラス       [指] 定量 15頭 本賞金:1110,440,280,170,111万円",15,1110.0,13,5,9,デリシュー,牡,4,58.0,野中,121.4,2.1/2,9,18.1,36.3,3-3,美浦 新開,474,4,
202504040209,2025-10-19,新潟,9,松浜特別,芝,2000,左,曇,稍,"4回 新潟 2日目 サラ系３歳以上 １勝クラス       [指] 定量 15頭 本賞金:1110,440,280,170,111万円",15,1110.0,14,6,10,シュエットアムール,牝,3,54.0,亀田,121.9,3,13,110.7,36.4,11-12,美浦 小西,418,-2,
202504040209,2025-10-19,新潟,9,松浜特別,芝,2000,左,曇,稍,"4回 新潟 2日目 サラ系３歳以上 １勝クラス       [指] 定量 15頭 本賞金:1110,440,280,170,111万円",15,1110.0,15,4,7,ソルエパトリオット,セ,3,56.0,江田照,122.3,2,15,219.7,37.4,2-2,美浦 粕谷,396,2,
202504040209,2025-10-19,新潟,9,松浜特別,芝,2000,左,曇,稍,"4回 新潟 2日目 サラ系３歳以上 １勝クラス       [指] 定量 15頭 本賞金:1110,440,280,170,111万円",15,1110.0,,1,1,ジャンビ,,,84.0,92,,13.8,3,11.5,2.0,11.6,2,,,
202504040209,2025-10-19,新潟,9,松浜特別,芝,2000,左,曇,稍,"4回 新潟 2日目 サラ系３歳以上 １勝クラス       [指] 定量 15頭 本賞金:1110,440,280,170,111万円",15,1110.0,,1,1,ジャンビ,,,,-,,-,,,,-,-,,,
202504040210,2025-10-19,新潟,10,飛翼特別,芝,1000,直線,曇,良,"4回 新潟 2日目 サラ系３歳以上 ２勝クラス       (混)[指] 定量 18頭 本賞金:1550,620,390,230,155万円",18,1550.0,1,4,7,ベイビーキッス,牝,3,55.0,菊沢,55.0,,5,7.1,32.2,16,美浦 青木,454,8,
202504040210,2025-10-19,新潟,10,飛翼特別,芝,1000,直線,曇,良,"4回 新潟 2日目 サラ系３歳以上 ２勝クラス       (混)[指] 定量 18頭 本賞金:1550,620,390,230,155万円",18,1550.0,2,5,10,ジャスパーディビネ,牡,3,57.0,和田陽,55.6,3.1/2,1,4.9,33.4,3,栗東 森秀,522,6,
202504040210,2025-10-19,新潟,10,飛翼特別,芝,1000,直線,曇,良,"4回 新潟 2日目 サラ系３歳以上 ２勝クラス       (混)[指] 定量 18頭 本賞金:1550,620,390,230,155万円",18,1550.0,3,8,18,ニシノトキメキ,牝,5,56.0,河原田,55.6,ハナ,7,11.5,33.8,1,美浦 小手川,504,10,
202504040210,2025-10-19,新潟,10,飛翼特別,芝,1000,直線,曇,良,"4回 新潟 2日目 サラ系３歳以上 ２勝クラス       (混)[指] 定量 18頭 本賞金:1550,620,390,230,155万円",18,1550.0,4,7,13,ソレントフレイバー,牡,6,58.0,亀田,55.7,3/4,10,28.0,33.0,15,美浦 久保田,498,24,
202504040210,2025-10-19,新潟,10,飛翼特別,芝,1000,直線,曇,良,"4回 新潟 2日目 サラ系３歳以上 ２勝クラス       (混)[指] 定量 18頭 本賞金:1550,620,390,230,155万円",18,1550.0,5,6,11,ラトルシェ,牝,3,55.0,吉田隼,55.9,3/4,4,6.7,33.4,11,美浦 菊川,470,4,
202504040210,2025-10-19,新潟,10,飛翼特別,芝,1000,直線,曇,良,"4回 新潟 2日目 サラ系３歳以上 ２勝クラス       (混)[指] 定量 18頭 本賞金:1550,620,390,230,155万円",18,1550.0,6,8,16,ニジュウダンサー,牝,5,56.0,黛,55.9,クビ,3,6.3,33.4,11,美浦 尾関,476,8,
202504040210,2025-10-19,新潟,10,飛翼特別,芝,1000,直線,曇,良,"4回 新潟 2日目 サラ系３歳以上 ２勝クラス       (混)[指] 定量 18頭 本賞金:1550,620,390,230,155万円",18,1550.0,7,8,17,ミルフルール,牝,4,56.0,斎藤,55.9,アタマ,8,15.5,33.6,6,美浦 伊坂,476,-12,
202504040210,2025-10-19,新潟,10,飛翼特別,芝,1000,直線,曇,良,"4回 新潟 2日目 サラ系３歳以上 ２勝クラス       (混)[指] 定量 18頭 本賞金:1550,620,390,230,155万円",18,1550.0,8,5,9,ゼンダンタカ,牝,3,55.0,江田照,56.0,1/2,12,44.8,33.8,3,美浦 田村,436,6,
202504040210,2025-10-19,新潟,10,飛翼特別,芝,1000,直線,曇,良,"4回 新潟 2日目 サラ系３歳以上 ２勝クラス       (混)[指] 定量 18頭 本賞金:1550,620,390,230,155万円",18,1550.0,9,2,3,ヴェナートル,牡,3,57.0,武藤,56.1,クビ,15,88.0,33.5,13,美浦 武藤,494,2,
202504040210,2025-10-19,新潟,10,飛翼特別,芝,1000,直線,曇,良,"4回 新潟 2日目 サラ系３歳以上 ２勝クラス       (混)[指] 定量 18頭 本賞金:1550,620,390,230,155万円",18,1550.0,10,3,5,ブルボンクイーン,牝,4,56.0,松本,56.1,クビ,14,83.9,33.8,6,栗東 角田,490,8,
202504040210,2025-10-19,新潟,10,飛翼特別,芝,1000,直線,曇,良,"4回 新潟 2日目 サラ系３歳以上 ２勝クラス       (混)[指] 定量 18頭 本賞金:1550,620,390,230,155万円",18,1550.0,11,4,8,イスラコラソン,牝,3,55.0,今村,56.2,1/2,6,10.5,34.2,2,美浦 大和田,438,-6,
202504040210,2025-10-19,新潟,10,飛翼特別,芝,1000,直線,曇,良,"4回 新潟 2日目 サラ系３歳以上 ２勝クラス       (混)[指] 定量 18頭 本賞金:1550,620,390,230,155万円",18,1550.0,12,2,4,ゼットカレン,牝,5,56.0,富田,56.2,クビ,17,149.8,33.3,18,栗東 宮,484,-6,
202504040210,2025-10-19,新潟,10,飛翼特別,芝,1000,直線,曇,良,"4回 新潟 2日目 サラ系３歳以上 ２勝クラス       (混)[指] 定量 18頭 本賞金:1550,620,390,230,155万円",18,1550.0,13,7,15,ルーラルハピネス,牝,5,56.0,杉原,56.2,ハナ,2,6.1,33.6,13,美浦 伊藤大,470,-6,
202504040210,2025-10-19,新潟,10,飛翼特別,芝,1000,直線,曇,良,"4回 新潟 2日目 サラ系３歳以上 ２勝クラス       (混)[指] 定量 18頭 本賞金:1550,620,390,230,155万円",18,1550.0,14,7,14,ハッピーデービー,牝,4,56.0,横山琉,56.2,ハナ,9,20.5,33.8,8,美浦 鈴木伸,462,4,
202504040210,2025-10-19,新潟,10,飛翼特別,芝,1000,直線,曇,良,"4回 新潟 2日目 サラ系３歳以上 ２勝クラス       (混)[指] 定量 18頭 本賞金:1550,620,390,230,155万円",18,1550.0,15,6,12,カイザーブリッツ,セ,5,58.0,野中,56.4,1,16,128.1,33.6,16,美浦 伊藤圭,482,18,
202504040210,2025-10-19,新潟,10,飛翼特別,芝,1000,直線,曇,良,"4回 新潟 2日目 サラ系３歳以上 ２勝クラス       (混)[指] 定量 18頭 本賞金:1550,620,390,230,155万円",18,1550.0,16,1,2,インテンソ,セ,5,58.0,永島,56.9,3,13,76.3,34.5,8,栗東 松永幹,492,10,
202504040210,2025-10-19,新潟,10,飛翼特別,芝,1000,直線,曇,良,"4回 新潟 2日目 サラ系３歳以上 ２勝クラス       (混)[指] 定量 18頭 本賞金:1550,620,390,230,155万円",18,1550.0,17,3,6,ジェイエルバルカー,牡,5,58.0,小林凌,57.5,3.1/2,18,331.3,35.3,3,美浦 小西,504,10,
202504040210,2025-10-19,新潟,10,飛翼特別,芝,1000,直線,曇,良,"4回 新潟 2日目 サラ系３歳以上 ２勝クラス       (混)[指] 定量 18頭 本賞金:1550,620,390,230,155万円",18,1550.0,18,1,1,ディーエスショウマ,牡,3,57.0,中井,57.7,1.1/2,11,31.2,35.3,8,栗東 橋口,462,0,
202504040210,2025-10-19,新潟,10,飛翼特別,芝,1000,直線,曇,良,"4回 新潟 2日目 サラ系３歳以上 ２勝クラス       (混)[指] 定量 18頭 本賞金:1550,620,390,230,155万円",18,1550.0,,1,7,ベイビーキッス,,,87.0,85,,12.7,22,10.1,23.0,10.6,23,,,
202504040210,2025-10-19,新潟,10,飛翼特別,芝,1000,直線,曇,良,"4回 新潟 2日目 サラ系３歳以上 ２勝クラス       (混)[指] 定量 18頭 本賞金:1550,620,390,230,155万円",18,1550.0,,1,7,ベイビーキッス,,,,-,,-,,,,-,-,,,
202504040211,2025-10-19,新潟,11,新潟牝馬S,芝,2200,左,曇,良,"4回 新潟 2日目 サラ系３歳以上 オープン       (国際) 牝(特指) 別定 14頭 本賞金:2700,1100,680,410,270万円",14,2700.0,1,4,5,カネラフィーナ,牝,3,52.0,石川,132.7,,1,2.1,34.6,4-4-5-4,美浦 手塚久,478,10,
202504040211,2025-10-19,新潟,11,新潟牝馬S,芝,2200,左,曇,良,"4回 新潟 2日目 サラ系３歳以上 オープン       (国際) 牝(特指) 別定 14頭 本賞金:2700,1100,680,410,270万円",14,2700.0,2,7,12,フレミングフープ,牝,4,55.0,荻野極,132.9,1.1/4,5,9.1,34.7,8-8-6-4,栗東 友道,494,0,
202504040211,2025-10-19,新潟,11,新潟牝馬S,芝,2200,左,曇,良,"4回 新潟 2日目 サラ系３歳以上 オープン       (国際) 牝(特指) 別定 14頭 本賞金:2700,1100,680,410,270万円",14,2700.0,3,2,2,レミージュ,牝,5,55.0,丸山,133.0,1/2,7,16.0,34.6,7-7-8-7,栗東 井上,444,-4,
202504040211,2025-10-19,新潟,11,新潟牝馬S,芝,2200,左,曇,良,"4回 新潟 2日目 サラ系３歳以上 オープン       (国際) 牝(特指) 別定 14頭 本賞金:2700,1100,680,410,270万円",14,2700.0,4,6,10,ミアネーロ,牝,4,56.0,舟山,133.1,1/2,4,7.9,34.6,11-11-8-7,美浦 林,496,14,
202504040211,2025-10-19,新潟,11,新潟牝馬S,芝,2200,左,曇,良,"4回 新潟 2日目 サラ系３歳以上 オープン       (国際) 牝(特指) 別定 14頭 本賞金:2700,1100,680,410,270万円",14,2700.0,5,4,6,ロジシルバー,牝,5,55.0,野中,133.1,ハナ,3,7.3,34.8,5-5-6-7,美浦 宮田,508,4,
202504040211,2025-10-19,新潟,11,新潟牝馬S,芝,2200,左,曇,良,"4回 新潟 2日目 サラ系３歳以上 オープン       (国際) 牝(特指) 別定 14頭 本賞金:2700,1100,680,410,270万円",14,2700.0,6,6,9,チルカーノ,牝,4,55.0,鮫島駿,133.2,クビ,6,13.9,34.7,9-8-8-7,栗東 高野,466,0,
202504040211,2025-10-19,新潟,11,新潟牝馬S,芝,2200,左,曇,良,"4回 新潟 2日目 サラ系３歳以上 オープン       (国際) 牝(特指) 別定 14頭 本賞金:2700,1100,680,410,270万円",14,2700.0,7,1,1,エリカヴィータ,牝,6,56.0,菊沢,133.2,クビ,8,20.8,35.2,3-3-2-2,美浦 国枝,468,2,
202504040211,2025-10-19,新潟,11,新潟牝馬S,芝,2200,左,曇,良,"4回 新潟 2日目 サラ系３歳以上 オープン       (国際) 牝(特指) 別定 14頭 本賞金:2700,1100,680,410,270万円",14,2700.0,8,3,3,エリダヌス,牝,5,55.0,横山琉,133.5,2,9,27.2,34.6,12-13-13-13,美浦 青木,504,16,
202504040211,2025-10-19,新潟,11,新潟牝馬S,芝,2200,左,曇,良,"4回 新潟 2日目 サラ系３歳以上 オープン       (国際) 牝(特指) 別定 14頭 本賞金:2700,1100,680,410,270万円",14,2700.0,9,3,4,ピンクジン,牝,5,55.0,黛,133.5,クビ,11,66.8,34.9,9-8-11-11,美浦 南田,448,2,
202504040211,2025-10-19,新潟,11,新潟牝馬S,芝,2200,左,曇,良,"4回 新潟 2日目 サラ系３歳以上 オープン       (国際) 牝(特指) 別定 14頭 本賞金:2700,1100,680,410,270万円",14,2700.0,10,5,8,ファンタジア,牝,6,55.0,武藤,133.6,1/2,13,88.4,34.9,12-11-11-12,美浦 堀,512,2,
202504040211,2025-10-19,新潟,11,新潟牝馬S,芝,2200,左,曇,良,"4回 新潟 2日目 サラ系３歳以上 オープン       (国際) 牝(特指) 別定 14頭 本賞金:2700,1100,680,410,270万円",14,2700.0,11,7,11,キミノナハマリア,牝,5,55.0,斎藤,133.6,ハナ,2,7.2,35.7,5-5-2-2,栗東 千田,518,8,
202504040211,2025-10-19,新潟,11,新潟牝馬S,芝,2200,左,曇,良,"4回 新潟 2日目 サラ系３歳以上 オープン       (国際) 牝(特指) 別定 14頭 本賞金:2700,1100,680,410,270万円",14,2700.0,12,5,7,アマイ,牝,5,55.0,杉原,133.8,1,10,56.7,36.1,1-1-1-1,美浦 伊藤大,468,2,
202504040211,2025-10-19,新潟,11,新潟牝馬S,芝,2200,左,曇,良,"4回 新潟 2日目 サラ系３歳以上 オープン       (国際) 牝(特指) 別定 14頭 本賞金:2700,1100,680,410,270万円",14,2700.0,13,8,14,カヨウネンカ,牝,6,55.0,嶋田,134.5,4,12,77.5,35.3,14-14-14-14,美浦 斎藤誠,470,-2,
202504040211,2025-10-19,新潟,11,新潟牝馬S,芝,2200,左,曇,良,"4回 新潟 2日目 サラ系３歳以上 オープン       (国際) 牝(特指) 別定 14頭 本賞金:2700,1100,680,410,270万円",14,2700.0,14,8,13,イヤサカ,牝,7,55.0,江田照,134.9,2.1/2,14,107.5,37.0,2-2-2-4,美浦 天間,494,6,
202504040211,2025-10-19,新潟,11,新潟牝馬S,芝,2200,左,曇,良,"4回 新潟 2日目 サラ系３歳以上 オープン       (国際) 牝(特指) 別定 14頭 本賞金:2700,1100,680,410,270万円",14,2700.0,,1,5,カネラフィーナ,,,99.0,88,,13.1,5,11.1,4.0,12.2,3,,,
202504040211,2025-10-19,新潟,11,新潟牝馬S,芝,2200,左,曇,良,"4回 新潟 2日目 サラ系３歳以上 オープン       (国際) 牝(特指) 別定 14頭 本賞金:2700,1100,680,410,270万円",14,2700.0,,1,5,カネラフィーナ,,,,-,,-,,,,-,-,,,
202504040212,2025-10-19,新潟,12,3歳以上1勝クラス,ダ,1200,左,曇,稍,"4回 新潟 2日目 サラ系３歳以上 １勝クラス       [指] 定量 14頭 本賞金:800,320,200,120,80万円",14,800.0,1,6,10,スノーサイレンス,牝,3,55.0,鮫島駿,71.0,,1,2.3,36.0,1-1,栗東 小栗,466,6,
202504040212,2025-10-19,新潟,12,3歳以上1勝クラス,ダ,1200,左,曇,稍,"4回 新潟 2日目 サラ系３歳以上 １勝クラス       [指] 定量 14頭 本賞金:800,320,200,120,80万円",14,800.0,2,8,13,キーガッツ,牡,3,57.0,長岡,71.7,4,4,6.6,36.6,2-2,栗東 杉山佳,458,-4,
202504040212,2025-10-19,新潟,12,3歳以上1勝クラス,ダ,1200,左,曇,稍,"4回 新潟 2日目 サラ系３歳以上 １勝クラス       [指] 定量 14頭 本賞金:800,320,200,120,80万円",14,800.0,3,2,2,ブリングライト,牡,5,58.0,菊沢,72.0,2,7,17.8,35.2,14-14,美浦 土田,474,-4,
202504040212,2025-10-19,新潟,12,3歳以上1勝クラス,ダ,1200,左,曇,稍,"4回 新潟 2日目 サラ系３歳以上 １勝クラス       [指] 定量 14頭 本賞金:800,320,200,120,80万円",14,800.0,4,5,7,ケイツーギルダー,牡,3,57.0,荻野極,72.0,ハナ,2,5.2,36.4,7-6,美浦 千葉,496,0,
202504040212,2025-10-19,新潟,12,3歳以上1勝クラス,ダ,1200,左,曇,稍,"4回 新潟 2日目 サラ系３歳以上 １勝クラス       [指] 定量 14頭 本賞金:800,320,200,120,80万円",14,800.0,5,7,12,スカイブルー,牡,3,54.0,▲和田陽,72.1,1/2,3,6.1,36.8,3-3,栗東 杉山晴,520,4,
202504040212,2025-10-19,新潟,12,3歳以上1勝クラス,ダ,1200,左,曇,稍,"4回 新潟 2日目 サラ系３歳以上 １勝クラス       [指] 定量 14頭 本賞金:800,320,200,120,80万円",14,800.0,6,8,14,クリノミニスター,牡,6,55.0,▲川端,72.5,2,6,15.9,37.1,4-4,栗東 荒川,466,-4,
202504040212,2025-10-19,新潟,12,3歳以上1勝クラス,ダ,1200,左,曇,稍,"4回 新潟 2日目 サラ系３歳以上 １勝クラス       [指] 定量 14頭 本賞金:800,320,200,120,80万円",14,800.0,7,1,1,セイゲン,セ,6,55.0,▲舟山,72.5,クビ,12,99.9,36.4,12-12,美浦 中川,456,-2,
202504040212,2025-10-19,新潟,12,3歳以上1勝クラス,ダ,1200,左,曇,稍,"4回 新潟 2日目 サラ系３歳以上 １勝クラス       [指] 定量 14頭 本賞金:800,320,200,120,80万円",14,800.0,8,4,6,ベンダバール,牡,4,58.0,国分恭,72.5,ハナ,5,11.6,36.7,9-11,栗東 牧浦,488,24,
202504040212,2025-10-19,新潟,12,3歳以上1勝クラス,ダ,1200,左,曇,稍,"4回 新潟 2日目 サラ系３歳以上 １勝クラス       [指] 定量 14頭 本賞金:800,320,200,120,80万円",14,800.0,9,3,4,ディナーラッシュ,牝,3,53.0,◇今村,72.5,ハナ,8,31.3,36.8,7-8,栗東 寺島,466,-4,
202504040212,2025-10-19,新潟,12,3歳以上1勝クラス,ダ,1200,左,曇,稍,"4回 新潟 2日目 サラ系３歳以上 １勝クラス       [指] 定量 14頭 本賞金:800,320,200,120,80万円",14,800.0,10,5,8,ヒデノブルースカイ,牡,3,57.0,国分優,72.9,2.1/2,13,110.9,36.9,11-8,栗東 梅田,424,0,
202504040212,2025-10-19,新潟,12,3歳以上1勝クラス,ダ,1200,左,曇,稍,"4回 新潟 2日目 サラ系３歳以上 １勝クラス       [指] 定量 14頭 本賞金:800,320,200,120,80万円",14,800.0,11,7,11,ダイチラファール,牡,6,56.0,◇永島,73.0,3/4,11,77.7,37.2,9-8,美浦 粕谷,458,-6,
202504040212,2025-10-19,新潟,12,3歳以上1勝クラス,ダ,1200,左,曇,稍,"4回 新潟 2日目 サラ系３歳以上 １勝クラス       [指] 定量 14頭 本賞金:800,320,200,120,80万円",14,800.0,12,3,3,トーアジョウトウ,牡,3,57.0,江田照,73.1,クビ,10,45.1,37.7,4-4,美浦 村田,500,0,
202504040212,2025-10-19,新潟,12,3歳以上1勝クラス,ダ,1200,左,曇,稍,"4回 新潟 2日目 サラ系３歳以上 １勝クラス       [指] 定量 14頭 本賞金:800,320,200,120,80万円",14,800.0,13,6,9,ジロラータ,牡,3,54.0,▲石田,73.8,4,14,265.3,37.7,12-13,美浦 久保田,474,6,
202504040212,2025-10-19,新潟,12,3歳以上1勝クラス,ダ,1200,左,曇,稍,"4回 新潟 2日目 サラ系３歳以上 １勝クラス       [指] 定量 14頭 本賞金:800,320,200,120,80万円",14,800.0,14,4,5,レーヴレジェンド,牡,3,54.0,▲石神道,74.4,3.1/2,9,44.3,38.9,4-7,美浦 金成,486,8,
202504040212,2025-10-19,新潟,12,3歳以上1勝クラス,ダ,1200,左,曇,稍,"4回 新潟 2日目 サラ系３歳以上 １勝クラス       [指] 定量 14頭 本賞金:800,320,200,120,80万円",14,800.0,,1,10,スノーサイレンス,,,95.0,93,,12.2,3,11.2,3.0,11.5,1,,,
202504040212,2025-10-19,新潟,12,3歳以上1勝クラス,ダ,1200,左,曇,稍,"4回 新潟 2日目 サラ系３歳以上 １勝クラス       [指] 定量 14頭 本賞金:800,320,200,120,80万円",14,800.0,,1,10,スノーサイレンス,,,,-,,-,,,,-,-,,,
202505040701,2025-10-19,東京,1,2歳未勝利,ダ,1400,左,曇,良,"4回 東京 7日目 サラ系２歳 未勝利       [指] 馬齢 14頭 本賞金:560,220,140,84,56万円",14,560.0,1,5,7,リフレックス,牡,2,56.0,三浦,86.3,,1,2.2,37.7,3-3,美浦 金成,462,8,
202505040701,2025-10-19,東京,1,2歳未勝利,ダ,1400,左,曇,良,"4回 東京 7日目 サラ系２歳 未勝利       [指] 馬齢 14頭 本賞金:560,220,140,84,56万円",14,560.0,2,4,5,マイネルテオドロス,牡,2,56.0,佐々木,86.8,3,3,12.1,38.1,3-4,美浦 菊川,458,6,
202505040701,2025-10-19,東京,1,2歳未勝利,ダ,1400,左,曇,良,"4回 東京 7日目 サラ系２歳 未勝利       [指] 馬齢 14頭 本賞金:560,220,140,84,56万円",14,560.0,3,5,8,タイセイゴッシュ,牡,2,56.0,原,87.1,1.1/2,6,18.6,37.9,7-6,美浦 池上,476,-6,
202505040701,2025-10-19,東京,1,2歳未勝利,ダ,1400,左,曇,良,"4回 東京 7日目 サラ系２歳 未勝利       [指] 馬齢 14頭 本賞金:560,220,140,84,56万円",14,560.0,4,3,3,ランニングビーチ,牡,2,56.0,木幡巧,87.2,3/4,5,14.9,39.4,1-1,美浦 牧,470,-4,
202505040701,2025-10-19,東京,1,2歳未勝利,ダ,1400,左,曇,良,"4回 東京 7日目 サラ系２歳 未勝利       [指] 馬齢 14頭 本賞金:560,220,140,84,56万円",14,560.0,5,8,14,ユイノカタリベ,牡,2,56.0,木幡初,87.4,1.1/2,7,46.2,38.0,7-8,美浦 竹内,514,0,
202505040701,2025-10-19,東京,1,2歳未勝利,ダ,1400,左,曇,良,"4回 東京 7日目 サラ系２歳 未勝利       [指] 馬齢 14頭 本賞金:560,220,140,84,56万円",14,560.0,6,7,12,スタームーンナイト,牡,2,56.0,横山和,87.5,クビ,2,2.2,38.8,5-4,美浦 中舘,498,2,
202505040701,2025-10-19,東京,1,2歳未勝利,ダ,1400,左,曇,良,"4回 東京 7日目 サラ系２歳 未勝利       [指] 馬齢 14頭 本賞金:560,220,140,84,56万円",14,560.0,7,6,10,ヌクレオチド,牡,2,56.0,柴田善,87.8,2,4,13.3,38.6,6-6,美浦 粕谷,470,8,
202505040701,2025-10-19,東京,1,2歳未勝利,ダ,1400,左,曇,良,"4回 東京 7日目 サラ系２歳 未勝利       [指] 馬齢 14頭 本賞金:560,220,140,84,56万円",14,560.0,8,3,4,オテモヤン,牝,2,52.0,▲遠藤,88.0,1.1/4,11,173.9,39.6,2-2,美浦 本間,462,-6,
202505040701,2025-10-19,東京,1,2歳未勝利,ダ,1400,左,曇,良,"4回 東京 7日目 サラ系２歳 未勝利       [指] 馬齢 14頭 本賞金:560,220,140,84,56万円",14,560.0,9,4,6,ウルヴァリン,牡,2,56.0,松岡,88.7,4,13,230.9,39.1,9-9,美浦 伊藤伸,486,2,
202505040701,2025-10-19,東京,1,2歳未勝利,ダ,1400,左,曇,良,"4回 東京 7日目 サラ系２歳 未勝利       [指] 馬齢 14頭 本賞金:560,220,140,84,56万円",14,560.0,10,6,9,アージェンタイド,牡,2,56.0,吉田豊,89.0,2,8,46.7,39.1,10-10,美浦 池上,432,6,
202505040701,2025-10-19,東京,1,2歳未勝利,ダ,1400,左,曇,良,"4回 東京 7日目 サラ系２歳 未勝利       [指] 馬齢 14頭 本賞金:560,220,140,84,56万円",14,560.0,11,7,11,サンマルフォース,牡,2,56.0,岩部,89.3,1.3/4,9,73.3,39.4,10-10,美浦 和田勇,468,-2,
202505040701,2025-10-19,東京,1,2歳未勝利,ダ,1400,左,曇,良,"4回 東京 7日目 サラ系２歳 未勝利       [指] 馬齢 14頭 本賞金:560,220,140,84,56万円",14,560.0,12,2,2,アレキサンダーサン,牡,2,56.0,丸田,89.5,1.1/4,10,160.6,38.7,12-12,美浦 伊坂,454,-4,
202505040701,2025-10-19,東京,1,2歳未勝利,ダ,1400,左,曇,良,"4回 東京 7日目 サラ系２歳 未勝利       [指] 馬齢 14頭 本賞金:560,220,140,84,56万円",14,560.0,13,8,13,マジックショー,牡,2,56.0,内田博,89.8,1.3/4,12,211.1,39.1,12-12,美浦 奥平,444,10,
202505040701,2025-10-19,東京,1,2歳未勝利,ダ,1400,左,曇,良,"4回 東京 7日目 サラ系２歳 未勝利       [指] 馬齢 14頭 本賞金:560,220,140,84,56万円",14,560.0,,1,1,スーパーガール,牝,2,53.0,△長浜,,,,,,,美浦 伊藤圭,494,-2,除外
202505040701,2025-10-19,東京,1,2歳未勝利,ダ,1400,左,曇,良,"4回 東京 7日目 サラ系２歳 未勝利       [指] 馬齢 14頭 本賞金:560,220,140,84,56万円",14,560.0,,1,7,リフレックス,,,95.0,93,,12.7,6,11.7,5.0,12.0,2,,,
202505040701,2025-10-19,東京,1,2歳未勝利,ダ,1400,左,曇,良,"4回 東京 7日目 サラ系２歳 未勝利       [指] 馬齢 14頭 本賞金:560,220,140,84,56万円",14,560.0,,1,7,リフレックス,,,,-,,-,,,,-,-,,,
202505040702,2025-10-19,東京,2,2歳未勝利,芝,1600,左,曇,良,"4回 東京 7日目 サラ系２歳 未勝利       [指] 馬齢 8頭 本賞金:560,220,140,84,56万円",8,560.0,1,7,7,フジガイフウ,牡,2,56.0,菅原明,94.4,,2,2.5,33.6,5-5,美浦 岩戸,492,4,
202505040702,2025-10-19,東京,2,2歳未勝利,芝,1600,左,曇,良,"4回 東京 7日目 サラ系２歳 未勝利       [指] 馬齢 8頭 本賞金:560,220,140,84,56万円",8,560.0,2,2,2,テルケンレンスキー,牡,2,56.0,木幡初,94.9,3.1/2,4,10.2,34.9,2-2,美浦 竹内,480,2,
202505040702,2025-10-19,東京,2,2歳未勝利,芝,1600,左,曇,良,"4回 東京 7日目 サラ系２歳 未勝利       [指] 馬齢 8頭 本賞金:560,220,140,84,56万円",8,560.0,3,4,4,ルージュアストレア,牝,2,55.0,戸崎圭,95.0,1/2,3,5.3,34.5,4-4,美浦 栗田,408,0,
202505040702,2025-10-19,東京,2,2歳未勝利,芝,1600,左,曇,良,"4回 東京 7日目 サラ系２歳 未勝利       [指] 馬齢 8頭 本賞金:560,220,140,84,56万円",8,560.0,4,3,3,リラ,牝,2,55.0,三浦,95.3,2,1,2.0,35.0,3-3,美浦 蛯名正,422,-2,
202505040702,2025-10-19,東京,2,2歳未勝利,芝,1600,左,曇,良,"4回 東京 7日目 サラ系２歳 未勝利       [指] 馬齢 8頭 本賞金:560,220,140,84,56万円",8,560.0,5,8,8,ニシノカルラ,牡,2,56.0,内田博,95.7,2.1/2,6,51.2,36.2,1-1,美浦 和田勇,440,0,
202505040702,2025-10-19,東京,2,2歳未勝利,芝,1600,左,曇,良,"4回 東京 7日目 サラ系２歳 未勝利       [指] 馬齢 8頭 本賞金:560,220,140,84,56万円",8,560.0,6,1,1,ノーウェアマン,牡,2,56.0,大野,97.4,10,5,21.3,35.3,7-7,美浦 浅利,496,10,
202505040702,2025-10-19,東京,2,2歳未勝利,芝,1600,左,曇,良,"4回 東京 7日目 サラ系２歳 未勝利       [指] 馬齢 8頭 本賞金:560,220,140,84,56万円",8,560.0,7,5,5,シスターブラック,牝,2,52.0,▲遠藤,98.1,4,7,154.3,36.9,6-6,美浦 西田,442,-2,
202505040702,2025-10-19,東京,2,2歳未勝利,芝,1600,左,曇,良,"4回 東京 7日目 サラ系２歳 未勝利       [指] 馬齢 8頭 本賞金:560,220,140,84,56万円",8,560.0,8,6,6,ナックステート,牡,2,53.0,▲佐藤,98.5,2,8,306.5,35.6,8-8,美浦 杉浦,434,4,
202505040702,2025-10-19,東京,2,2歳未勝利,芝,1600,左,曇,良,"4回 東京 7日目 サラ系２歳 未勝利       [指] 馬齢 8頭 本賞金:560,220,140,84,56万円",8,560.0,,1,7,フジガイフウ,,,93.0,81,,12.9,7,11.4,2.0,12.0,1,,,
202505040702,2025-10-19,東京,2,2歳未勝利,芝,1600,左,曇,良,"4回 東京 7日目 サラ系２歳 未勝利       [指] 馬齢 8頭 本賞金:560,220,140,84,56万円",8,560.0,,1,7,フジガイフウ,,,,-,,-,,,,-,-,,,
202505040703,2025-10-19,東京,3,2歳未勝利,芝,1400,左,曇,良,"4回 東京 7日目 サラ系２歳 未勝利       (混)[指] 馬齢 13頭 本賞金:560,220,140,84,56万円",13,560.0,1,7,11,ザバルガド,牝,2,53.0,△長浜,82.1,,7,23.4,33.8,5-4,美浦 奥村武,436,-4,
202505040703,2025-10-19,東京,3,2歳未勝利,芝,1400,左,曇,良,"4回 東京 7日目 サラ系２歳 未勝利       (混)[指] 馬齢 13頭 本賞金:560,220,140,84,56万円",13,560.0,2,6,9,ヴェンデボヌール,牡,2,56.0,戸崎圭,82.6,3,1,1.9,33.9,7-6,美浦 久保田,462,-2,
202505040703,2025-10-19,東京,3,2歳未勝利,芝,1400,左,曇,良,"4回 東京 7日目 サラ系２歳 未勝利       (混)[指] 馬齢 13頭 本賞金:560,220,140,84,56万円",13,560.0,3,4,4,チュウワメロディー,牡,2,56.0,三浦,82.8,1.1/4,2,4.9,34.2,5-6,栗東 小崎,462,8,
202505040703,2025-10-19,東京,3,2歳未勝利,芝,1400,左,曇,良,"4回 東京 7日目 サラ系２歳 未勝利       (混)[指] 馬齢 13頭 本賞金:560,220,140,84,56万円",13,560.0,4,4,5,ブラーヴジャン,牡,2,56.0,大野,82.8,ハナ,4,8.8,33.6,10-9,美浦 和田勇,424,10,
202505040703,2025-10-19,東京,3,2歳未勝利,芝,1400,左,曇,良,"4回 東京 7日目 サラ系２歳 未勝利       (混)[指] 馬齢 13頭 本賞金:560,220,140,84,56万円",13,560.0,5,7,10,セイウンシシマイ,牡,2,56.0,佐々木,82.8,クビ,6,15.7,34.5,4-4,美浦 杉浦,460,-2,
202505040703,2025-10-19,東京,3,2歳未勝利,芝,1400,左,曇,良,"4回 東京 7日目 サラ系２歳 未勝利       (混)[指] 馬齢 13頭 本賞金:560,220,140,84,56万円",13,560.0,6,5,6,フェイスリフト,牡,2,56.0,内田博,82.8,アタマ,3,6.4,33.7,9-9,美浦 嘉藤,450,0,
202505040703,2025-10-19,東京,3,2歳未勝利,芝,1400,左,曇,良,"4回 東京 7日目 サラ系２歳 未勝利       (混)[指] 馬齢 13頭 本賞金:560,220,140,84,56万円",13,560.0,7,5,7,リュウノエッセンス,牝,2,55.0,松岡,82.9,1/2,5,12.4,35.9,3-3,美浦 伊藤伸,448,2,
202505040703,2025-10-19,東京,3,2歳未勝利,芝,1400,左,曇,良,"4回 東京 7日目 サラ系２歳 未勝利       (混)[指] 馬齢 13頭 本賞金:560,220,140,84,56万円",13,560.0,8,6,8,ノブピースオブラブ,牡,2,56.0,吉田豊,83.2,1.1/2,8,43.9,34.3,7-8,美浦 小島,462,6,
202505040703,2025-10-19,東京,3,2歳未勝利,芝,1400,左,曇,良,"4回 東京 7日目 サラ系２歳 未勝利       (混)[指] 馬齢 13頭 本賞金:560,220,140,84,56万円",13,560.0,9,3,3,リーデレクオーレ,牝,2,55.0,柴田大,83.2,クビ,9,56.8,36.5,1-2,美浦 土田,416,-2,
202505040703,2025-10-19,東京,3,2歳未勝利,芝,1400,左,曇,良,"4回 東京 7日目 サラ系２歳 未勝利       (混)[指] 馬齢 13頭 本賞金:560,220,140,84,56万円",13,560.0,10,8,13,トンガリボウシ,牝,2,52.0,▲遠藤,83.4,1,11,70.6,34.0,13-12,美浦 加藤和,408,-2,
202505040703,2025-10-19,東京,3,2歳未勝利,芝,1400,左,曇,良,"4回 東京 7日目 サラ系２歳 未勝利       (混)[指] 馬齢 13頭 本賞金:560,220,140,84,56万円",13,560.0,11,8,12,ミラクルスパート,牝,2,51.0,★谷原,83.4,アタマ,10,70.5,36.8,2-1,美浦 小野,434,18,
202505040703,2025-10-19,東京,3,2歳未勝利,芝,1400,左,曇,良,"4回 東京 7日目 サラ系２歳 未勝利       (混)[指] 馬齢 13頭 本賞金:560,220,140,84,56万円",13,560.0,12,1,1,ピルスナー,牝,2,55.0,原,83.5,3/4,12,81.3,34.0,12-13,美浦 青木,438,4,
202505040703,2025-10-19,東京,3,2歳未勝利,芝,1400,左,曇,良,"4回 東京 7日目 サラ系２歳 未勝利       (混)[指] 馬齢 13頭 本賞金:560,220,140,84,56万円",13,560.0,13,2,2,ナンヨーメルシー,牡,2,53.0,▲佐藤,84.8,8,13,459.5,35.5,10-11,美浦 杉浦,412,-6,
202505040703,2025-10-19,東京,3,2歳未勝利,芝,1400,左,曇,良,"4回 東京 7日目 サラ系２歳 未勝利       (混)[指] 馬齢 13頭 本賞金:560,220,140,84,56万円",13,560.0,,1,11,ザバルガド,,,84.0,72,,13.5,7,11.2,3.0,11.6,2,,,
202505040703,2025-10-19,東京,3,2歳未勝利,芝,1400,左,曇,良,"4回 東京 7日目 サラ系２歳 未勝利       (混)[指] 馬齢 13頭 本賞金:560,220,140,84,56万円",13,560.0,,1,11,ザバルガド,,,,-,,-,,,,-,-,,,
202505040704,2025-10-19,東京,4,2歳新馬,ダ,1600,左,雨,良,"4回 東京 7日目 サラ系２歳 新馬       (混)[指] 馬齢 16頭 本賞金:750,300,190,110,75万円",16,750.0,1,6,11,ラッキーキッド,牡,2,56.0,北村宏,99.6,,3,4.4,36.4,2-2,美浦 加藤征,490,0,
202505040704,2025-10-19,東京,4,2歳新馬,ダ,1600,左,雨,良,"4回 東京 7日目 サラ系２歳 新馬       (混)[指] 馬齢 16頭 本賞金:750,300,190,110,75万円",16,750.0,2,2,4,エコロガノン,牡,2,56.0,菅原明,100.1,3,10,34.8,36.7,3-3,美浦 矢野,456,0,
202505040704,2025-10-19,東京,4,2歳新馬,ダ,1600,左,雨,良,"4回 東京 7日目 サラ系２歳 新馬       (混)[指] 馬齢 16頭 本賞金:750,300,190,110,75万円",16,750.0,3,4,8,イッテラッシャイ,牡,2,56.0,石橋脩,100.4,1.3/4,12,50.2,35.9,13-13,美浦 斎藤誠,484,0,
202505040704,2025-10-19,東京,4,2歳新馬,ダ,1600,左,雨,良,"4回 東京 7日目 サラ系２歳 新馬       (混)[指] 馬齢 16頭 本賞金:750,300,190,110,75万円",16,750.0,4,1,1,ティルベリー,牝,2,55.0,戸崎圭,100.5,1/2,1,3.6,37.0,5-3,美浦 宮田,466,0,
202505040704,2025-10-19,東京,4,2歳新馬,ダ,1600,左,雨,良,"4回 東京 7日目 サラ系２歳 新馬       (混)[指] 馬齢 16頭 本賞金:750,300,190,110,75万円",16,750.0,5,7,13,クールチェンジ,牡,2,56.0,津村,100.7,1.1/2,5,11.4,36.9,7-7,美浦 和田郎,470,0,
202505040704,2025-10-19,東京,4,2歳新馬,ダ,1600,左,雨,良,"4回 東京 7日目 サラ系２歳 新馬       (混)[指] 馬齢 16頭 本賞金:750,300,190,110,75万円",16,750.0,6,8,15,アオハルブルース,牡,2,56.0,大野,100.7,クビ,7,17.1,36.4,13-11,美浦 栗田,512,0,
202505040704,2025-10-19,東京,4,2歳新馬,ダ,1600,左,雨,良,"4回 東京 7日目 サラ系２歳 新馬       (混)[指] 馬齢 16頭 本賞金:750,300,190,110,75万円",16,750.0,7,2,3,コスモリコリス,牝,2,55.0,柴田大,100.9,1.1/4,15,146.1,36.9,9-9,美浦 千葉,454,0,
202505040704,2025-10-19,東京,4,2歳新馬,ダ,1600,左,雨,良,"4回 東京 7日目 サラ系２歳 新馬       (混)[指] 馬齢 16頭 本賞金:750,300,190,110,75万円",16,750.0,8,6,12,ロケットパンチ,牡,2,56.0,柴田善,101.2,1.1/2,9,33.3,37.6,6-6,美浦 武藤,470,0,
202505040704,2025-10-19,東京,4,2歳新馬,ダ,1600,左,雨,良,"4回 東京 7日目 サラ系２歳 新馬       (混)[指] 馬齢 16頭 本賞金:750,300,190,110,75万円",16,750.0,9,4,7,アジュアカレンツ,牝,2,55.0,吉田豊,101.8,3.1/2,4,11.3,37.6,11-11,美浦 西田,440,0,
202505040704,2025-10-19,東京,4,2歳新馬,ダ,1600,左,雨,良,"4回 東京 7日目 サラ系２歳 新馬       (混)[指] 馬齢 16頭 本賞金:750,300,190,110,75万円",16,750.0,10,5,9,モータリゼーション,牡,2,56.0,佐々木,102.8,6,6,14.2,37.9,16-14,美浦 鈴木慎,494,0,
202505040704,2025-10-19,東京,4,2歳新馬,ダ,1600,左,雨,良,"4回 東京 7日目 サラ系２歳 新馬       (混)[指] 馬齢 16頭 本賞金:750,300,190,110,75万円",16,750.0,11,3,6,カーマインジュエル,牝,2,55.0,内田博,102.8,クビ,11,35.4,39.1,7-7,美浦 尾関,478,0,
202505040704,2025-10-19,東京,4,2歳新馬,ダ,1600,左,雨,良,"4回 東京 7日目 サラ系２歳 新馬       (混)[指] 馬齢 16頭 本賞金:750,300,190,110,75万円",16,750.0,12,3,5,テイスティング,牡,2,56.0,菅原隆,103.4,3.1/2,13,97.9,40.0,3-3,栗東 矢作,474,0,
202505040704,2025-10-19,東京,4,2歳新馬,ダ,1600,左,雨,良,"4回 東京 7日目 サラ系２歳 新馬       (混)[指] 馬齢 16頭 本賞金:750,300,190,110,75万円",16,750.0,13,8,16,フクノハリファ,牝,2,55.0,松岡,103.8,2.1/2,8,22.5,40.7,1-1,美浦 千葉,458,0,
202505040704,2025-10-19,東京,4,2歳新馬,ダ,1600,左,雨,良,"4回 東京 7日目 サラ系２歳 新馬       (混)[指] 馬齢 16頭 本賞金:750,300,190,110,75万円",16,750.0,14,7,14,マイネルメテオーラ,牡,2,53.0,▲遠藤,104.0,1,14,107.7,39.9,9-9,美浦 小笠,524,0,
202505040704,2025-10-19,東京,4,2歳新馬,ダ,1600,左,雨,良,"4回 東京 7日目 サラ系２歳 新馬       (混)[指] 馬齢 16頭 本賞金:750,300,190,110,75万円",16,750.0,15,1,2,ホウオウミステリー,牝,2,55.0,丸田,104.4,2.1/2,16,162.8,39.6,15-14,美浦 池上,478,0,
202505040704,2025-10-19,東京,4,2歳新馬,ダ,1600,左,雨,良,"4回 東京 7日目 サラ系２歳 新馬       (混)[指] 馬齢 16頭 本賞金:750,300,190,110,75万円",16,750.0,16,5,10,フォーオール,牡,2,56.0,横山典,108.2,大,2,3.8,43.2,12-16,栗東 昆,508,0,
202505040704,2025-10-19,東京,4,2歳新馬,ダ,1600,左,雨,良,"4回 東京 7日目 サラ系２歳 新馬       (混)[指] 馬齢 16頭 本賞金:750,300,190,110,75万円",16,750.0,,1,11,ラッキーキッド,,,96.0,81,,12.6,7,11.8,4.0,12.7,3,,,
202505040704,2025-10-19,東京,4,2歳新馬,ダ,1600,左,雨,良,"4回 東京 7日目 サラ系２歳 新馬       (混)[指] 馬齢 16頭 本賞金:750,300,190,110,75万円",16,750.0,,1,11,ラッキーキッド,,,,-,,-,,,,-,-,,,
202505040705,2025-10-19,東京,5,2歳新馬,芝,1800,左,雨,良,"4回 東京 7日目 サラ系２歳 新馬       [指] 馬齢 18頭 本賞金:750,300,190,110,75万円",18,750.0,1,8,18,ブラウンバナナ,牡,2,56.0,津村,110.2,,3,5.1,33.8,3-2-2,美浦 林,488,0,
202505040705,2025-10-19,東京,5,2歳新馬,芝,1800,左,雨,良,"4回 東京 7日目 サラ系２歳 新馬       [指] 馬齢 18頭 本賞金:750,300,190,110,75万円",18,750.0,2,6,11,スノーエルヴァ,牝,2,53.0,△長浜,110.4,1,10,51.9,34.1,2-2-2,美浦 田村,456,0,
202505040705,2025-10-19,東京,5,2歳新馬,芝,1800,左,雨,良,"4回 東京 7日目 サラ系２歳 新馬       [指] 馬齢 18頭 本賞金:750,300,190,110,75万円",18,750.0,3,5,10,ピアス,牝,2,55.0,石橋脩,110.7,1.3/4,6,16.3,34.5,1-1-1,美浦 森一,476,0,
202505040705,2025-10-19,東京,5,2歳新馬,芝,1800,左,雨,良,"4回 東京 7日目 サラ系２歳 新馬       [指] 馬齢 18頭 本賞金:750,300,190,110,75万円",18,750.0,4,8,16,マッキュラシオン,牡,2,56.0,大野,110.7,アタマ,8,24.3,34.2,10-4-4,美浦 武市,496,0,
202505040705,2025-10-19,東京,5,2歳新馬,芝,1800,左,雨,良,"4回 東京 7日目 サラ系２歳 新馬       [指] 馬齢 18頭 本賞金:750,300,190,110,75万円",18,750.0,5,3,6,スマートエラン,牡,2,56.0,菅原明,110.8,クビ,2,3.2,34.2,3-5-5,栗東 池江,452,0,
202505040705,2025-10-19,東京,5,2歳新馬,芝,1800,左,雨,良,"4回 東京 7日目 サラ系２歳 新馬       [指] 馬齢 18頭 本賞金:750,300,190,110,75万円",18,750.0,6,2,4,ランズダウンロード,牡,2,56.0,戸崎圭,110.8,クビ,1,3.1,33.9,6-9-9,美浦 木村,470,0,
202505040705,2025-10-19,東京,5,2歳新馬,芝,1800,左,雨,良,"4回 東京 7日目 サラ系２歳 新馬       [指] 馬齢 18頭 本賞金:750,300,190,110,75万円",18,750.0,7,4,8,スズカサートゥル,牡,2,56.0,内田博,110.8,クビ,4,13.5,33.7,12-13-13,栗東 中竹,444,0,
202505040705,2025-10-19,東京,5,2歳新馬,芝,1800,左,雨,良,"4回 東京 7日目 サラ系２歳 新馬       [指] 馬齢 18頭 本賞金:750,300,190,110,75万円",18,750.0,8,7,14,セイントクーヤ,牡,2,56.0,木幡巧,110.9,1/2,9,26.8,34.3,6-5-5,美浦 黒岩,492,0,
202505040705,2025-10-19,東京,5,2歳新馬,芝,1800,左,雨,良,"4回 東京 7日目 サラ系２歳 新馬       [指] 馬齢 18頭 本賞金:750,300,190,110,75万円",18,750.0,9,1,2,アンヴデット,牝,2,55.0,北村宏,111.0,1/2,7,19.2,33.9,12-13-13,美浦 高橋文,422,0,
202505040705,2025-10-19,東京,5,2歳新馬,芝,1800,左,雨,良,"4回 東京 7日目 サラ系２歳 新馬       [指] 馬齢 18頭 本賞金:750,300,190,110,75万円",18,750.0,10,5,9,トゥントゥントゥン,牡,2,56.0,佐々木,111.1,1/2,12,63.4,33.9,14-15-15,美浦 手塚久,404,0,
202505040705,2025-10-19,東京,5,2歳新馬,芝,1800,左,雨,良,"4回 東京 7日目 サラ系２歳 新馬       [指] 馬齢 18頭 本賞金:750,300,190,110,75万円",18,750.0,11,8,17,マイネルアルゴー,牡,2,56.0,木幡初,111.1,ハナ,15,106.2,34.1,14-12-12,美浦 清水英,436,0,
202505040705,2025-10-19,東京,5,2歳新馬,芝,1800,左,雨,良,"4回 東京 7日目 サラ系２歳 新馬       [指] 馬齢 18頭 本賞金:750,300,190,110,75万円",18,750.0,12,1,1,モデレートゲイル,牡,2,56.0,吉田豊,111.1,クビ,5,14.0,33.6,16-16-16,美浦 戸田,506,0,
202505040705,2025-10-19,東京,5,2歳新馬,芝,1800,左,雨,良,"4回 東京 7日目 サラ系２歳 新馬       [指] 馬齢 18頭 本賞金:750,300,190,110,75万円",18,750.0,13,6,12,ローレルエース,牡,2,56.0,原,111.3,1,16,176.7,34.5,11-8-8,美浦 松永康,458,0,
202505040705,2025-10-19,東京,5,2歳新馬,芝,1800,左,雨,良,"4回 東京 7日目 サラ系２歳 新馬       [指] 馬齢 18頭 本賞金:750,300,190,110,75万円",18,750.0,14,4,7,ユイアンゴロー,牡,2,56.0,原田和,111.4,1,14,99.5,34.5,6-9-9,美浦 栗田,480,0,
202505040705,2025-10-19,東京,5,2歳新馬,芝,1800,左,雨,良,"4回 東京 7日目 サラ系２歳 新馬       [指] 馬齢 18頭 本賞金:750,300,190,110,75万円",18,750.0,15,2,3,マイネルミラケル,牡,2,56.0,柴田大,111.8,2.1/2,11,62.2,34.9,6-9-9,美浦 畠山,504,0,
202505040705,2025-10-19,東京,5,2歳新馬,芝,1800,左,雨,良,"4回 東京 7日目 サラ系２歳 新馬       [指] 馬齢 18頭 本賞金:750,300,190,110,75万円",18,750.0,16,3,5,シラカワゴウ,牝,2,55.0,丸田,111.9,3/4,13,84.5,35.3,3-5-5,美浦 上原博,484,0,
202505040705,2025-10-19,東京,5,2歳新馬,芝,1800,左,雨,良,"4回 東京 7日目 サラ系２歳 新馬       [指] 馬齢 18頭 本賞金:750,300,190,110,75万円",18,750.0,17,7,13,ウマナミカイドウ,セ,2,53.0,▲遠藤,112.0,1/2,17,244.6,34.6,17-17-16,美浦 天間,444,0,
202505040705,2025-10-19,東京,5,2歳新馬,芝,1800,左,雨,良,"4回 東京 7日目 サラ系２歳 新馬       [指] 馬齢 18頭 本賞金:750,300,190,110,75万円",18,750.0,18,7,15,センノウィン,牡,2,53.0,▲佐藤,114.8,大,18,325.4,36.7,18-18-18,美浦 南田,460,0,
202505040705,2025-10-19,東京,5,2歳新馬,芝,1800,左,雨,良,"4回 東京 7日目 サラ系２歳 新馬       [指] 馬齢 18頭 本賞金:750,300,190,110,75万円",18,750.0,,1,18,ブラウンバナナ,,,80.0,55,,13.8,5,12.4,4.0,12.9,4,,,
202505040705,2025-10-19,東京,5,2歳新馬,芝,1800,左,雨,良,"4回 東京 7日目 サラ系２歳 新馬       [指] 馬齢 18頭 本賞金:750,300,190,110,75万円",18,750.0,,1,18,ブラウンバナナ,,,,-,,-,,,,-,-,,,
202505040706,2025-10-19,東京,6,2歳1勝クラス,芝,1400,左,曇,良,"4回 東京 7日目 サラ系２歳 １勝クラス       (混)(特指) 馬齢 8頭 本賞金:800,320,200,120,80万円",8,800.0,1,6,6,サンアントワーヌ,牝,2,55.0,戸崎圭,82.7,,1,1.6,32.7,8-8,美浦 鹿戸,462,4,
202505040706,2025-10-19,東京,6,2歳1勝クラス,芝,1400,左,曇,良,"4回 東京 7日目 サラ系２歳 １勝クラス       (混)(特指) 馬齢 8頭 本賞金:800,320,200,120,80万円",8,800.0,2,5,5,レッドスティンガー,牡,2,56.0,横山和,82.9,1.1/4,2,5.2,33.2,6-6,美浦 矢嶋,462,-8,
202505040706,2025-10-19,東京,6,2歳1勝クラス,芝,1400,左,曇,良,"4回 東京 7日目 サラ系２歳 １勝クラス       (混)(特指) 馬齢 8頭 本賞金:800,320,200,120,80万円",8,800.0,3,7,7,ランプローグ,牝,2,55.0,三浦,82.9,クビ,7,34.6,33.5,4-4,美浦 矢野,408,4,
202505040706,2025-10-19,東京,6,2歳1勝クラス,芝,1400,左,曇,良,"4回 東京 7日目 サラ系２歳 １勝クラス       (混)(特指) 馬齢 8頭 本賞金:800,320,200,120,80万円",8,800.0,4,4,4,タガノアラリア,牡,2,56.0,津村,83.0,クビ,3,5.4,33.3,6-6,栗東 西園翔,446,12,
202505040706,2025-10-19,東京,6,2歳1勝クラス,芝,1400,左,曇,良,"4回 東京 7日目 サラ系２歳 １勝クラス       (混)(特指) 馬齢 8頭 本賞金:800,320,200,120,80万円",8,800.0,5,8,8,コックオーヴァン,牝,2,55.0,松岡,83.1,1/2,5,21.3,34.1,1-1,美浦 伊藤伸,460,6,
202505040706,2025-10-19,東京,6,2歳1勝クラス,芝,1400,左,曇,良,"4回 東京 7日目 サラ系２歳 １勝クラス       (混)(特指) 馬齢 8頭 本賞金:800,320,200,120,80万円",8,800.0,6,1,1,ハイヤーマーク,牡,2,56.0,木幡巧,83.1,クビ,4,9.0,33.5,4-5,美浦 手塚久,464,8,
202505040706,2025-10-19,東京,6,2歳1勝クラス,芝,1400,左,曇,良,"4回 東京 7日目 サラ系２歳 １勝クラス       (混)(特指) 馬齢 8頭 本賞金:800,320,200,120,80万円",8,800.0,7,2,2,トラスコンガーデン,牝,2,55.0,吉田豊,83.2,1,6,22.8,33.9,2-2,美浦 竹内,442,4,
202505040706,2025-10-19,東京,6,2歳1勝クラス,芝,1400,左,曇,良,"4回 東京 7日目 サラ系２歳 １勝クラス       (混)(特指) 馬齢 8頭 本賞金:800,320,200,120,80万円",8,800.0,8,3,3,クラディスティーナ,牡,2,56.0,菅原明,83.3,クビ,8,38.5,34.1,2-2,美浦 清水英,488,8,
202505040706,2025-10-19,東京,6,2歳1勝クラス,芝,1400,左,曇,良,"4回 東京 7日目 サラ系２歳 １勝クラス       (混)(特指) 馬齢 8頭 本賞金:800,320,200,120,80万円",8,800.0,,1,6,サンアントワーヌ,,,81.0,58,,13.2,5,12.0,2.0,12.5,3,,,
202505040706,2025-10-19,東京,6,2歳1勝クラス,芝,1400,左,曇,良,"4回 東京 7日目 サラ系２歳 １勝クラス       (混)(特指) 馬齢 8頭 本賞金:800,320,200,120,80万円",8,800.0,,1,6,サンアントワーヌ,,,,-,,-,,,,-,-,,,
202505040707,2025-10-19,東京,7,3歳以上1勝クラス,芝,1800,左,曇,良,"4回 東京 7日目 サラ系３歳以上 １勝クラス       [指] 定量 13頭 本賞金:800,320,200,120,80万円",13,800.0,1,4,5,ミッキーソルジャー,牡,3,56.0,横山典,105.9,,2,4.6,33.4,3-3-4,美浦 菊沢,512,4,
202505040707,2025-10-19,東京,7,3歳以上1勝クラス,芝,1800,左,曇,良,"4回 東京 7日目 サラ系３歳以上 １勝クラス       [指] 定量 13頭 本賞金:800,320,200,120,80万円",13,800.0,2,6,9,クライスレリアーナ,牝,3,54.0,戸崎圭,106.2,2,1,1.5,33.9,4-3-2,美浦 木村,462,0,
202505040707,2025-10-19,東京,7,3歳以上1勝クラス,芝,1800,左,曇,良,"4回 東京 7日目 サラ系３歳以上 １勝クラス       [指] 定量 13頭 本賞金:800,320,200,120,80万円",13,800.0,3,3,3,ツインピークス,牝,3,52.0,△長浜,106.2,クビ,8,68.4,33.0,8-8-8,美浦 千葉,490,-8,
202505040707,2025-10-19,東京,7,3歳以上1勝クラス,芝,1800,左,曇,良,"4回 東京 7日目 サラ系３歳以上 １勝クラス       [指] 定量 13頭 本賞金:800,320,200,120,80万円",13,800.0,4,1,1,プリムツァール,牝,3,54.0,横山和,106.2,ハナ,3,5.0,34.0,2-2-2,美浦 蛯名正,468,8,
202505040707,2025-10-19,東京,7,3歳以上1勝クラス,芝,1800,左,曇,良,"4回 東京 7日目 サラ系３歳以上 １勝クラス       [指] 定量 13頭 本賞金:800,320,200,120,80万円",13,800.0,5,5,7,パストラーレ,牡,4,58.0,津村,106.4,1.1/4,5,24.2,33.6,4-6-6,美浦 武市,494,-14,
202505040707,2025-10-19,東京,7,3歳以上1勝クラス,芝,1800,左,曇,良,"4回 東京 7日目 サラ系３歳以上 １勝クラス       [指] 定量 13頭 本賞金:800,320,200,120,80万円",13,800.0,6,7,11,スモーキーゴッド,牡,3,56.0,大野,106.6,1.1/4,6,35.5,33.1,9-10-10,美浦 萩原,454,4,
202505040707,2025-10-19,東京,7,3歳以上1勝クラス,芝,1800,左,曇,良,"4回 東京 7日目 サラ系３歳以上 １勝クラス       [指] 定量 13頭 本賞金:800,320,200,120,80万円",13,800.0,7,6,8,パーセルペーパー,牡,4,58.0,柴田大,106.7,3/4,10,173.0,33.7,7-7-7,美浦 和田雄,444,0,
202505040707,2025-10-19,東京,7,3歳以上1勝クラス,芝,1800,左,曇,良,"4回 東京 7日目 サラ系３歳以上 １勝クラス       [指] 定量 13頭 本賞金:800,320,200,120,80万円",13,800.0,8,4,4,ニシノインヴィクタ,牡,4,58.0,菅原明,106.9,1.1/4,7,60.4,34.4,6-5-4,美浦 本間,512,-4,
202505040707,2025-10-19,東京,7,3歳以上1勝クラス,芝,1800,左,曇,良,"4回 東京 7日目 サラ系３歳以上 １勝クラス       [指] 定量 13頭 本賞金:800,320,200,120,80万円",13,800.0,9,7,10,フェンスブレイカー,牡,3,56.0,三浦,107.1,1,4,15.4,35.2,1-1-1,美浦 田島,548,8,
202505040707,2025-10-19,東京,7,3歳以上1勝クラス,芝,1800,左,曇,良,"4回 東京 7日目 サラ系３歳以上 １勝クラス       [指] 定量 13頭 本賞金:800,320,200,120,80万円",13,800.0,10,8,12,アルヴィア,牡,4,58.0,木幡巧,107.2,3/4,11,298.3,33.4,11-12-12,美浦 小西,470,-7,
202505040707,2025-10-19,東京,7,3歳以上1勝クラス,芝,1800,左,曇,良,"4回 東京 7日目 サラ系３歳以上 １勝クラス       [指] 定量 13頭 本賞金:800,320,200,120,80万円",13,800.0,11,5,6,プリンセスロロ,牝,3,54.0,吉田豊,107.4,1,12,310.6,34.1,10-9-9,美浦 戸田,434,2,
202505040707,2025-10-19,東京,7,3歳以上1勝クラス,芝,1800,左,曇,良,"4回 東京 7日目 サラ系３歳以上 １勝クラス       [指] 定量 13頭 本賞金:800,320,200,120,80万円",13,800.0,12,2,2,フェアリーグレン,牝,3,54.0,原,107.5,3/4,9,96.4,33.8,11-10-11,栗東 吉田,410,-14,
202505040707,2025-10-19,東京,7,3歳以上1勝クラス,芝,1800,左,曇,良,"4回 東京 7日目 サラ系３歳以上 １勝クラス       [指] 定量 13頭 本賞金:800,320,200,120,80万円",13,800.0,13,8,13,サツキスマイル,牝,5,56.0,菅原隆,109.9,大,13,407.8,35.7,13-13-13,美浦 土田,422,24,
202505040707,2025-10-19,東京,7,3歳以上1勝クラス,芝,1800,左,曇,良,"4回 東京 7日目 サラ系３歳以上 １勝クラス       [指] 定量 13頭 本賞金:800,320,200,120,80万円",13,800.0,,1,5,ミッキーソルジャー,,,104.0,94,,12.7,2,10.9,2.0,11.7,2,,,
202505040707,2025-10-19,東京,7,3歳以上1勝クラス,芝,1800,左,曇,良,"4回 東京 7日目 サラ系３歳以上 １勝クラス       [指] 定量 13頭 本賞金:800,320,200,120,80万円",13,800.0,,1,5,ミッキーソルジャー,,,,-,,-,,,,-,-,,,
202505040708,2025-10-19,東京,8,3歳以上1勝クラス,ダ,1400,左,曇,良,"4回 東京 7日目 サラ系３歳以上 １勝クラス       (混)[指] 定量 15頭 本賞金:800,320,200,120,80万円",15,800.0,1,1,1,ゴールドハンマー,牝,3,54.0,横山典,85.9,,2,5.1,36.2,4-4,美浦 村田,502,14,
202505040708,2025-10-19,東京,8,3歳以上1勝クラス,ダ,1400,左,曇,良,"4回 東京 7日目 サラ系３歳以上 １勝クラス       (混)[指] 定量 15頭 本賞金:800,320,200,120,80万円",15,800.0,2,3,5,マーゴットレーヴ,牝,5,56.0,丸田,86.1,1.1/4,6,21.0,36.0,10-9,美浦 伊坂,476,2,
202505040708,2025-10-19,東京,8,3歳以上1勝クラス,ダ,1400,左,曇,良,"4回 東京 7日目 サラ系３歳以上 １勝クラス       (混)[指] 定量 15頭 本賞金:800,320,200,120,80万円",15,800.0,3,5,8,ワイルデンウーリー,牝,3,54.0,三浦,86.1,クビ,3,5.2,36.4,6-4,栗東 大久保,480,-4,
202505040708,2025-10-19,東京,8,3歳以上1勝クラス,ダ,1400,左,曇,良,"4回 東京 7日目 サラ系３歳以上 １勝クラス       (混)[指] 定量 15頭 本賞金:800,320,200,120,80万円",15,800.0,4,2,2,ロードフロイデ,牡,3,56.0,横山和,86.2,1/2,5,16.6,36.9,1-1,栗東 小栗,458,6,
202505040708,2025-10-19,東京,8,3歳以上1勝クラス,ダ,1400,左,曇,良,"4回 東京 7日目 サラ系３歳以上 １勝クラス       (混)[指] 定量 15頭 本賞金:800,320,200,120,80万円",15,800.0,5,4,6,キチロクキャップ,牡,3,54.0,△長浜,86.4,3/4,11,125.2,36.4,7-7,美浦 松永康,524,12,
202505040708,2025-10-19,東京,8,3歳以上1勝クラス,ダ,1400,左,曇,良,"4回 東京 7日目 サラ系３歳以上 １勝クラス       (混)[指] 定量 15頭 本賞金:800,320,200,120,80万円",15,800.0,6,7,12,ピコテンダー,牝,3,53.0,戸崎圭,86.4,ハナ,1,2.0,36.3,7-9,美浦 上原佑,488,4,
202505040708,2025-10-19,東京,8,3歳以上1勝クラス,ダ,1400,左,曇,良,"4回 東京 7日目 サラ系３歳以上 １勝クラス       (混)[指] 定量 15頭 本賞金:800,320,200,120,80万円",15,800.0,7,7,13,リッキースタイル,牡,3,56.0,石橋脩,86.5,1,10,102.8,36.1,11-11,美浦 水野,476,7,
202505040708,2025-10-19,東京,8,3歳以上1勝クラス,ダ,1400,左,曇,良,"4回 東京 7日目 サラ系３歳以上 １勝クラス       (混)[指] 定量 15頭 本賞金:800,320,200,120,80万円",15,800.0,8,6,11,ハーモニーソング,牝,3,54.0,津村,86.6,3/4,4,5.7,37.1,2-3,美浦 田島,456,10,
202505040708,2025-10-19,東京,8,3歳以上1勝クラス,ダ,1400,左,曇,良,"4回 東京 7日目 サラ系３歳以上 １勝クラス       (混)[指] 定量 15頭 本賞金:800,320,200,120,80万円",15,800.0,9,5,9,アイスブレイカー,牡,4,58.0,内田博,86.9,1.3/4,9,66.2,37.3,4-4,美浦 伊坂,498,4,
202505040708,2025-10-19,東京,8,3歳以上1勝クラス,ダ,1400,左,曇,良,"4回 東京 7日目 サラ系３歳以上 １勝クラス       (混)[指] 定量 15頭 本賞金:800,320,200,120,80万円",15,800.0,10,6,10,グランプリショット,牡,4,58.0,吉田豊,87.0,1/2,13,170.9,37.1,7-7,美浦 加藤征,498,-4,
202505040708,2025-10-19,東京,8,3歳以上1勝クラス,ダ,1400,左,曇,良,"4回 東京 7日目 サラ系３歳以上 １勝クラス       (混)[指] 定量 15頭 本賞金:800,320,200,120,80万円",15,800.0,11,8,14,ユニヴェール,セ,4,58.0,菅原明,87.1,クビ,7,43.5,36.5,13-13,美浦 高木,472,2,
202505040708,2025-10-19,東京,8,3歳以上1勝クラス,ダ,1400,左,曇,良,"4回 東京 7日目 サラ系３歳以上 １勝クラス       (混)[指] 定量 15頭 本賞金:800,320,200,120,80万円",15,800.0,12,8,15,ファートム,セ,5,58.0,原,87.6,3.1/2,15,265.7,36.9,12-13,美浦 金成,470,-14,
202505040708,2025-10-19,東京,8,3歳以上1勝クラス,ダ,1400,左,曇,良,"4回 東京 7日目 サラ系３歳以上 １勝クラス       (混)[指] 定量 15頭 本賞金:800,320,200,120,80万円",15,800.0,13,3,4,レゼールドラペ,セ,3,56.0,大野,87.8,3/4,8,48.7,37.4,13-11,美浦 高柳瑞,422,-4,
202505040708,2025-10-19,東京,8,3歳以上1勝クラス,ダ,1400,左,曇,良,"4回 東京 7日目 サラ系３歳以上 １勝クラス       (混)[指] 定量 15頭 本賞金:800,320,200,120,80万円",15,800.0,14,2,3,レミギノテソーロ,牡,3,56.0,木幡巧,89.0,7,12,153.2,39.6,2-2,美浦 牧,478,-2,
202505040708,2025-10-19,東京,8,3歳以上1勝クラス,ダ,1400,左,曇,良,"4回 東京 7日目 サラ系３歳以上 １勝クラス       (混)[指] 定量 15頭 本賞金:800,320,200,120,80万円",15,800.0,15,4,7,タツブラック,牡,3,53.0,▲佐藤,93.7,大,14,222.4,40.3,15-15,美浦 的場,500,0,
202505040708,2025-10-19,東京,8,3歳以上1勝クラス,ダ,1400,左,曇,良,"4回 東京 7日目 サラ系３歳以上 １勝クラス       (混)[指] 定量 15頭 本賞金:800,320,200,120,80万円",15,800.0,,1,1,ゴールドハンマー,,,88.0,78,,13.3,3,11.6,2.0,12.2,1,,,
202505040708,2025-10-19,東京,8,3歳以上1勝クラス,ダ,1400,左,曇,良,"4回 東京 7日目 サラ系３歳以上 １勝クラス       (混)[指] 定量 15頭 本賞金:800,320,200,120,80万円",15,800.0,,1,1,ゴールドハンマー,,,,-,,-,,,,-,-,,,
202505040709,2025-10-19,東京,9,東京ハイジャンプ,障,3110,,曇,良,"4回 東京 7日目 障害３歳以上 オープン       (混) 別定 10頭 本賞金:4500,1800,1100,680,450万円",10,4500.0,1,6,6,ジューンベロシティ,牡,7,61.0,高田,206.8,,1,1.9,13.3,2-2-2-2,栗東 武英,472,4,
202505040709,2025-10-19,東京,9,東京ハイジャンプ,障,3110,,曇,良,"4回 東京 7日目 障害３歳以上 オープン       (混) 別定 10頭 本賞金:4500,1800,1100,680,450万円",10,4500.0,2,7,7,エコロデュエル,牡,6,62.0,草野,206.8,ハナ,2,3.1,13.3,8-8-5-5,美浦 岩戸,482,6,
202505040709,2025-10-19,東京,9,東京ハイジャンプ,障,3110,,曇,良,"4回 東京 7日目 障害３歳以上 オープン       (混) 別定 10頭 本賞金:4500,1800,1100,680,450万円",10,4500.0,3,5,5,サイード,セ,6,60.0,小牧加,207.0,1,3,4.4,13.3,3-3-3-3,栗東 角田,504,-2,
202505040709,2025-10-19,東京,9,東京ハイジャンプ,障,3110,,曇,良,"4回 東京 7日目 障害３歳以上 オープン       (混) 別定 10頭 本賞金:4500,1800,1100,680,450万円",10,4500.0,4,8,10,インディゴブラック,セ,6,60.0,小坂,207.9,5,5,16.1,13.4,1-1-1-1,栗東 奥村豊,518,-6,
202505040709,2025-10-19,東京,9,東京ハイジャンプ,障,3110,,曇,良,"4回 東京 7日目 障害３歳以上 オープン       (混) 別定 10頭 本賞金:4500,1800,1100,680,450万円",10,4500.0,5,4,4,プラチナドリーム,牡,6,60.0,石神深,208.4,3,4,15.0,13.4,5-4-3-3,美浦 菊川,484,-2,
202505040709,2025-10-19,東京,9,東京ハイジャンプ,障,3110,,曇,良,"4回 東京 7日目 障害３歳以上 オープン       (混) 別定 10頭 本賞金:4500,1800,1100,680,450万円",10,4500.0,6,1,1,デシマルサーガ,牡,5,60.0,上野,208.7,2,7,77.8,13.4,4-4-6-6,美浦 粕谷,474,4,
202505040709,2025-10-19,東京,9,東京ハイジャンプ,障,3110,,曇,良,"4回 東京 7日目 障害３歳以上 オープン       (混) 別定 10頭 本賞金:4500,1800,1100,680,450万円",10,4500.0,7,3,3,マイネルメサイア,牡,6,60.0,五十嵐,209.9,7,6,55.5,13.5,9-9-8-8,美浦 水野,486,0,
202505040709,2025-10-19,東京,9,東京ハイジャンプ,障,3110,,曇,良,"4回 東京 7日目 障害３歳以上 オープン       (混) 別定 10頭 本賞金:4500,1800,1100,680,450万円",10,4500.0,8,7,8,ラエール,牝,6,58.0,小野寺,210.1,1.1/4,10,169.3,13.5,6-6-8-8,美浦 土田,422,-4,
202505040709,2025-10-19,東京,9,東京ハイジャンプ,障,3110,,曇,良,"4回 東京 7日目 障害３歳以上 オープン       (混) 別定 10頭 本賞金:4500,1800,1100,680,450万円",10,4500.0,9,2,2,ブリエヴェール,牡,7,60.0,金子,210.2,1/2,8,100.1,13.5,10-10-10-10,美浦 小笠,456,-6,
202505040709,2025-10-19,東京,9,東京ハイジャンプ,障,3110,,曇,良,"4回 東京 7日目 障害３歳以上 オープン       (混) 別定 10頭 本賞金:4500,1800,1100,680,450万円",10,4500.0,10,8,9,サンマルグレイト,牡,5,60.0,大江圭,213.1,大,9,126.9,13.7,6-6-7-7,美浦 佐藤吉,452,10,
202505040710,2025-10-19,東京,10,西湖特別,ダ,1600,左,曇,良,"4回 東京 7日目 サラ系３歳以上 ２勝クラス       [指] 定量 13頭 本賞金:1550,620,390,230,155万円",13,1550.0,1,3,3,クールブロン,牡,5,58.0,内田博,97.5,,10,57.5,36.0,5-4,栗東 井上,544,-6,
202505040710,2025-10-19,東京,10,西湖特別,ダ,1600,左,曇,良,"4回 東京 7日目 サラ系３歳以上 ２勝クラス       [指] 定量 13頭 本賞金:1550,620,390,230,155万円",13,1550.0,2,6,8,サノノワンダー,牡,3,56.0,戸崎圭,97.7,1.1/4,1,1.7,35.4,11-10,美浦 栗田,524,4,
202505040710,2025-10-19,東京,10,西湖特別,ダ,1600,左,曇,良,"4回 東京 7日目 サラ系３歳以上 ２勝クラス       [指] 定量 13頭 本賞金:1550,620,390,230,155万円",13,1550.0,3,5,6,スマートスピア,牡,4,58.0,三浦,97.9,1.1/4,5,13.3,36.4,4-4,栗東 池江,496,-6,
202505040710,2025-10-19,東京,10,西湖特別,ダ,1600,左,曇,良,"4回 東京 7日目 サラ系３歳以上 ２勝クラス       [指] 定量 13頭 本賞金:1550,620,390,230,155万円",13,1550.0,4,4,4,レッドダンルース,牡,5,58.0,菅原明,98.1,1,3,9.5,36.8,2-2,栗東 福永,472,-4,
202505040710,2025-10-19,東京,10,西湖特別,ダ,1600,左,曇,良,"4回 東京 7日目 サラ系３歳以上 ２勝クラス       [指] 定量 13頭 本賞金:1550,620,390,230,155万円",13,1550.0,5,8,12,ケイアイメキラ,セ,5,58.0,柴田善,98.3,1.1/4,11,60.7,36.7,5-4,栗東 秋山,488,-2,
202505040710,2025-10-19,東京,10,西湖特別,ダ,1600,左,曇,良,"4回 東京 7日目 サラ系３歳以上 ２勝クラス       [指] 定量 13頭 本賞金:1550,620,390,230,155万円",13,1550.0,6,1,1,ハリウッドブルース,牡,4,58.0,石橋脩,98.4,1,12,61.2,36.0,10-10,栗東 浜田,466,-2,
202505040710,2025-10-19,東京,10,西湖特別,ダ,1600,左,曇,良,"4回 東京 7日目 サラ系３歳以上 ２勝クラス       [指] 定量 13頭 本賞金:1550,620,390,230,155万円",13,1550.0,7,7,10,アイオリア,牡,3,56.0,横山和,98.5,クビ,4,12.5,35.9,12-12,美浦 奥村武,510,-10,
202505040710,2025-10-19,東京,10,西湖特別,ダ,1600,左,曇,良,"4回 東京 7日目 サラ系３歳以上 ２勝クラス       [指] 定量 13頭 本賞金:1550,620,390,230,155万円",13,1550.0,8,2,2,ショウナンカブト,セ,5,58.0,大野,98.5,ハナ,9,27.7,36.6,7-7,美浦 戸田,536,0,
202505040710,2025-10-19,東京,10,西湖特別,ダ,1600,左,曇,良,"4回 東京 7日目 サラ系３歳以上 ２勝クラス       [指] 定量 13頭 本賞金:1550,620,390,230,155万円",13,1550.0,9,8,13,ヴォンフレ,牝,3,54.0,横山典,98.5,クビ,2,7.0,36.4,9-8,美浦 村田,492,8,
202505040710,2025-10-19,東京,10,西湖特別,ダ,1600,左,曇,良,"4回 東京 7日目 サラ系３歳以上 ２勝クラス       [指] 定量 13頭 本賞金:1550,620,390,230,155万円",13,1550.0,10,6,9,キングツェッペリン,牡,4,58.0,津村,98.7,1.1/4,7,15.5,36.7,7-8,栗東 牧田,466,0,
202505040710,2025-10-19,東京,10,西湖特別,ダ,1600,左,曇,良,"4回 東京 7日目 サラ系３歳以上 ２勝クラス       [指] 定量 13頭 本賞金:1550,620,390,230,155万円",13,1550.0,11,7,11,サイモンソーラン,牡,6,58.0,原,99.2,3,13,124.0,36.6,12-12,美浦 勢司,488,-2,
202505040710,2025-10-19,東京,10,西湖特別,ダ,1600,左,曇,良,"4回 東京 7日目 サラ系３歳以上 ２勝クラス       [指] 定量 13頭 本賞金:1550,620,390,230,155万円",13,1550.0,12,4,5,トルショー,牡,3,56.0,長浜,99.3,クビ,8,21.0,38.1,1-1,美浦 伊藤圭,458,1,
202505040710,2025-10-19,東京,10,西湖特別,ダ,1600,左,曇,良,"4回 東京 7日目 サラ系３歳以上 ２勝クラス       [指] 定量 13頭 本賞金:1550,620,390,230,155万円",13,1550.0,13,5,7,バランスダンサー,牝,4,56.0,木幡巧,99.5,1.1/4,6,15.0,38.1,3-3,美浦 久保田,476,0,
202505040710,2025-10-19,東京,10,西湖特別,ダ,1600,左,曇,良,"4回 東京 7日目 サラ系３歳以上 ２勝クラス       [指] 定量 13頭 本賞金:1550,620,390,230,155万円",13,1550.0,,1,3,クールブロン,,,96.0,91,,13.0,5,11.3,3.0,12.1,3,,,
202505040710,2025-10-19,東京,10,西湖特別,ダ,1600,左,曇,良,"4回 東京 7日目 サラ系３歳以上 ２勝クラス       [指] 定量 13頭 本賞金:1550,620,390,230,155万円",13,1550.0,,1,3,クールブロン,,,,-,,-,,,,-,-,,,
202505040711,2025-10-19,東京,11,ブラジルC,ダ,2100,左,小雨,良,"4回 東京 7日目 サラ系３歳以上 オープン       (国際)(特指) ハンデ 12頭 本賞金:2400,960,600,360,240万円",12,2400.0,1,2,2,アピーリングルック,牝,4,53.0,大野,130.2,,9,28.9,36.7,6-6-6-6,美浦 辻,482,4,
202505040711,2025-10-19,東京,11,ブラジルC,ダ,2100,左,小雨,良,"4回 東京 7日目 サラ系３歳以上 オープン       (国際)(特指) ハンデ 12頭 本賞金:2400,960,600,360,240万円",12,2400.0,2,3,3,クールミラボー,牡,5,57.0,戸崎圭,130.3,クビ,1,3.5,36.5,8-8-8-8,栗東 寺島,500,2,
202505040711,2025-10-19,東京,11,ブラジルC,ダ,2100,左,小雨,良,"4回 東京 7日目 サラ系３歳以上 オープン       (国際)(特指) ハンデ 12頭 本賞金:2400,960,600,360,240万円",12,2400.0,2,8,12,ゼットリアン,牡,5,56.0,三浦,130.3,クビ,4,6.7,36.3,10-10-11-10,栗東 吉田,442,-6,
202505040711,2025-10-19,東京,11,ブラジルC,ダ,2100,左,小雨,良,"4回 東京 7日目 サラ系３歳以上 オープン       (国際)(特指) ハンデ 12頭 本賞金:2400,960,600,360,240万円",12,2400.0,4,4,4,フタイテンロック,牡,6,55.0,丸田,130.7,2.1/2,11,57.0,37.1,7-6-7-6,美浦 佐藤吉,490,-4,
202505040711,2025-10-19,東京,11,ブラジルC,ダ,2100,左,小雨,良,"4回 東京 7日目 サラ系３歳以上 オープン       (国際)(特指) ハンデ 12頭 本賞金:2400,960,600,360,240万円",12,2400.0,5,7,9,ブレイクフォース,牡,6,57.5,菅原明,130.9,1,7,11.0,37.0,12-12-12-10,美浦 中舘,490,6,
202505040711,2025-10-19,東京,11,ブラジルC,ダ,2100,左,小雨,良,"4回 東京 7日目 サラ系３歳以上 オープン       (国際)(特指) ハンデ 12頭 本賞金:2400,960,600,360,240万円",12,2400.0,6,5,5,リアレスト,牡,4,55.0,石橋脩,130.9,ハナ,8,22.3,36.9,9-9-9-10,美浦 尾関,522,8,
202505040711,2025-10-19,東京,11,ブラジルC,ダ,2100,左,小雨,良,"4回 東京 7日目 サラ系３歳以上 オープン       (国際)(特指) ハンデ 12頭 本賞金:2400,960,600,360,240万円",12,2400.0,7,6,8,リチュアル,セ,6,56.0,内田博,131.0,3/4,6,10.2,37.8,5-5-5-2,栗東 田中克,514,-2,
202505040711,2025-10-19,東京,11,ブラジルC,ダ,2100,左,小雨,良,"4回 東京 7日目 サラ系３歳以上 オープン       (国際)(特指) ハンデ 12頭 本賞金:2400,960,600,360,240万円",12,2400.0,8,7,10,ピュアキアン,牡,4,57.0,吉田豊,132.4,8,3,5.6,39.3,1-1-1-1,美浦 竹内,518,1,
202505040711,2025-10-19,東京,11,ブラジルC,ダ,2100,左,小雨,良,"4回 東京 7日目 サラ系３歳以上 オープン       (国際)(特指) ハンデ 12頭 本賞金:2400,960,600,360,240万円",12,2400.0,9,6,7,アムールドパリ,牝,4,54.0,木幡巧,132.5,1/2,5,9.4,39.3,2-2-3-2,美浦 稲垣,448,0,
202505040711,2025-10-19,東京,11,ブラジルC,ダ,2100,左,小雨,良,"4回 東京 7日目 サラ系３歳以上 オープン       (国際)(特指) ハンデ 12頭 本賞金:2400,960,600,360,240万円",12,2400.0,10,8,11,カゼノランナー,牡,4,56.0,横山和,133.1,4,2,4.8,39.8,4-4-3-2,栗東 松永幹,536,2,
202505040711,2025-10-19,東京,11,ブラジルC,ダ,2100,左,小雨,良,"4回 東京 7日目 サラ系３歳以上 オープン       (国際)(特指) ハンデ 12頭 本賞金:2400,960,600,360,240万円",12,2400.0,11,5,6,サンストックトン,牡,6,55.0,松岡,134.3,7,12,66.1,40.5,11-11-9-8,美浦 堀内,468,2,
202505040711,2025-10-19,東京,11,ブラジルC,ダ,2100,左,小雨,良,"4回 東京 7日目 サラ系３歳以上 オープン       (国際)(特指) ハンデ 12頭 本賞金:2400,960,600,360,240万円",12,2400.0,12,1,1,サトノエピック,牡,4,56.0,原,135.5,7,10,36.5,42.3,2-2-2-2,美浦 国枝,532,-2,
202505040711,2025-10-19,東京,11,ブラジルC,ダ,2100,左,小雨,良,"4回 東京 7日目 サラ系３歳以上 オープン       (国際)(特指) ハンデ 12頭 本賞金:2400,960,600,360,240万円",12,2400.0,,1,2,アピーリングルック,,,100.0,99,,7.2,4,11.5,1.0,12.3,1,,,
202505040711,2025-10-19,東京,11,ブラジルC,ダ,2100,左,小雨,良,"4回 東京 7日目 サラ系３歳以上 オープン       (国際)(特指) ハンデ 12頭 本賞金:2400,960,600,360,240万円",12,2400.0,,1,2,アピーリングルック,,,,-,,-,,,,-,-,,,
202505040712,2025-10-19,東京,12,甲斐路S,芝,1800,左,小雨,良,"4回 東京 7日目 サラ系３歳以上 ３勝クラス       (混)[指] ハンデ 18頭 本賞金:1840,740,460,280,184万円",18,1840.0,1,8,16,ニシノティアモ,牝,4,54.0,津村,105.4,,6,12.7,33.1,9-9-10,美浦 上原佑,440,2,
202505040712,2025-10-19,東京,12,甲斐路S,芝,1800,左,小雨,良,"4回 東京 7日目 サラ系３歳以上 ３勝クラス       (混)[指] ハンデ 18頭 本賞金:1840,740,460,280,184万円",18,1840.0,2,3,5,ジョイフルニュース,牝,3,53.0,佐々木,105.7,1.3/4,1,2.7,33.7,5-5-6,美浦 大竹,456,0,
202505040712,2025-10-19,東京,12,甲斐路S,芝,1800,左,小雨,良,"4回 東京 7日目 サラ系３歳以上 ３勝クラス       (混)[指] ハンデ 18頭 本賞金:1840,740,460,280,184万円",18,1840.0,3,7,15,エバーハピネス,牝,5,53.0,木幡巧,105.8,クビ,9,45.0,33.4,12-11-10,美浦 久保田,488,10,
202505040712,2025-10-19,東京,12,甲斐路S,芝,1800,左,小雨,良,"4回 東京 7日目 サラ系３歳以上 ３勝クラス       (混)[指] ハンデ 18頭 本賞金:1840,740,460,280,184万円",18,1840.0,4,4,7,スパークリシャール,セ,4,54.0,吉田豊,105.9,3/4,17,270.1,33.1,15-16-16,美浦 小島,474,2,
202505040712,2025-10-19,東京,12,甲斐路S,芝,1800,左,小雨,良,"4回 東京 7日目 サラ系３歳以上 ３勝クラス       (混)[指] ハンデ 18頭 本賞金:1840,740,460,280,184万円",18,1840.0,5,5,10,グローリーリンク,牝,3,54.0,内田博,106.0,3/4,2,3.2,34.4,4-3-3,栗東 吉岡,510,-2,
202505040712,2025-10-19,東京,12,甲斐路S,芝,1800,左,小雨,良,"4回 東京 7日目 サラ系３歳以上 ３勝クラス       (混)[指] ハンデ 18頭 本賞金:1840,740,460,280,184万円",18,1840.0,6,6,12,ショウナンラピダス,牡,4,57.0,三浦,106.0,アタマ,5,10.9,33.9,9-9-7,美浦 国枝,494,4,
202505040712,2025-10-19,東京,12,甲斐路S,芝,1800,左,小雨,良,"4回 東京 7日目 サラ系３歳以上 ３勝クラス       (混)[指] ハンデ 18頭 本賞金:1840,740,460,280,184万円",18,1840.0,7,8,17,ブランデーロック,牡,6,54.0,長浜,106.1,クビ,16,260.1,33.6,14-11-13,美浦 青木,486,20,
202505040712,2025-10-19,東京,12,甲斐路S,芝,1800,左,小雨,良,"4回 東京 7日目 サラ系３歳以上 ３勝クラス       (混)[指] ハンデ 18頭 本賞金:1840,740,460,280,184万円",18,1840.0,8,6,11,トラマンダーレ,セ,5,56.0,北村宏,106.2,1/2,7,24.7,33.6,15-14-14,美浦 鹿戸,514,8,
202505040712,2025-10-19,東京,12,甲斐路S,芝,1800,左,小雨,良,"4回 東京 7日目 サラ系３歳以上 ３勝クラス       (混)[指] ハンデ 18頭 本賞金:1840,740,460,280,184万円",18,1840.0,9,4,8,ワンダイレクト,牡,5,57.0,松岡,106.3,1,8,27.5,34.4,5-5-4,栗東 藤岡,458,4,
202505040712,2025-10-19,東京,12,甲斐路S,芝,1800,左,小雨,良,"4回 東京 7日目 サラ系３歳以上 ３勝クラス       (混)[指] ハンデ 18頭 本賞金:1840,740,460,280,184万円",18,1840.0,10,7,14,テリオスララ,牝,3,54.0,戸崎圭,106.4,クビ,4,10.8,34.3,5-5-7,美浦 田島,488,-4,
202505040712,2025-10-19,東京,12,甲斐路S,芝,1800,左,小雨,良,"4回 東京 7日目 サラ系３歳以上 ３勝クラス       (混)[指] ハンデ 18頭 本賞金:1840,740,460,280,184万円",18,1840.0,11,2,4,サウンドウォリアー,牡,7,53.0,木幡初,106.5,1/2,15,233.1,35.1,2-2-2,栗東 高橋康,500,-2,
202505040712,2025-10-19,東京,12,甲斐路S,芝,1800,左,小雨,良,"4回 東京 7日目 サラ系３歳以上 ３勝クラス       (混)[指] ハンデ 18頭 本賞金:1840,740,460,280,184万円",18,1840.0,12,3,6,コスモフロイデ,牡,6,54.0,原田和,106.6,1/2,18,310.7,35.3,1-1-1,美浦 天間,478,2,
202505040712,2025-10-19,東京,12,甲斐路S,芝,1800,左,小雨,良,"4回 東京 7日目 サラ系３歳以上 ３勝クラス       (混)[指] ハンデ 18頭 本賞金:1840,740,460,280,184万円",18,1840.0,13,7,13,マルチャン,牡,5,56.0,丸田,106.6,クビ,10,46.6,34.0,12-14-14,美浦 武市,472,-6,
202505040712,2025-10-19,東京,12,甲斐路S,芝,1800,左,小雨,良,"4回 東京 7日目 サラ系３歳以上 ３勝クラス       (混)[指] ハンデ 18頭 本賞金:1840,740,460,280,184万円",18,1840.0,14,5,9,ニューステソーロ,牝,4,52.0,原,106.7,3/4,11,67.3,34.9,3-4-4,美浦 高木,480,-4,
202505040712,2025-10-19,東京,12,甲斐路S,芝,1800,左,小雨,良,"4回 東京 7日目 サラ系３歳以上 ３勝クラス       (混)[指] ハンデ 18頭 本賞金:1840,740,460,280,184万円",18,1840.0,15,2,3,イケイケドンドン,牡,5,55.0,柴田大,106.8,3/4,13,153.8,34.5,9-11-10,美浦 松山,470,0,
202505040712,2025-10-19,東京,12,甲斐路S,芝,1800,左,小雨,良,"4回 東京 7日目 サラ系３歳以上 ３勝クラス       (混)[指] ハンデ 18頭 本賞金:1840,740,460,280,184万円",18,1840.0,16,1,2,レディネス,牡,3,55.0,横山典,107.2,2,3,7.2,35.1,8-8-7,栗東 昆,488,-8,
202505040712,2025-10-19,東京,12,甲斐路S,芝,1800,左,小雨,良,"4回 東京 7日目 サラ系３歳以上 ３勝クラス       (混)[指] ハンデ 18頭 本賞金:1840,740,460,280,184万円",18,1840.0,17,8,18,ディープリッチ,牡,7,53.0,菅原明,107.6,2.1/2,14,213.2,34.4,17-17-17,美浦 小島,524,-2,
202505040712,2025-10-19,東京,12,甲斐路S,芝,1800,左,小雨,良,"4回 東京 7日目 サラ系３歳以上 ３勝クラス       (混)[指] ハンデ 18頭 本賞金:1840,740,460,280,184万円",18,1840.0,18,1,1,バトルハーデン,牡,5,55.0,横山和,108.8,7,12,87.9,34.5,18-18-18,栗東 矢作,542,8,
202505040712,2025-10-19,東京,12,甲斐路S,芝,1800,左,小雨,良,"4回 東京 7日目 サラ系３歳以上 ３勝クラス       (混)[指] ハンデ 18頭 本賞金:1840,740,460,280,184万円",18,1840.0,,1,16,ニシノティアモ,,,93.0,87,,13.3,5,11.3,5.0,11.9,5,,,
202505040712,2025-10-19,東京,12,甲斐路S,芝,1800,左,小雨,良,"4回 東京 7日目 サラ系３歳以上 ３勝クラス       (混)[指] ハンデ 18頭 本賞金:1840,740,460,280,184万円",18,1840.0,,1,16,ニシノティアモ,,,,-,,-,,,,-,-,,,
202508030701,2025-10-19,京都,1,2歳未勝利,ダ,1400,右,曇,稍,"3回 京都 7日目 サラ系２歳 未勝利       牝[指] 馬齢 12頭 本賞金:560,220,140,84,56万円",12,560.0,1,8,11,フィアーブル,牝,2,55.0,松山,85.4,,1,1.4,38.2,1-1,栗東 長谷川,460,0,
202508030701,2025-10-19,京都,1,2歳未勝利,ダ,1400,右,曇,稍,"3回 京都 7日目 サラ系２歳 未勝利       牝[指] 馬齢 12頭 本賞金:560,220,140,84,56万円",12,560.0,2,6,8,アーガイルショア,牝,2,55.0,西村淳,86.0,3.1/2,2,3.3,38.4,5-4,栗東 安田,504,10,
202508030701,2025-10-19,京都,1,2歳未勝利,ダ,1400,右,曇,稍,"3回 京都 7日目 サラ系２歳 未勝利       牝[指] 馬齢 12頭 本賞金:560,220,140,84,56万円",12,560.0,3,6,7,ナムラティアラ,牝,2,55.0,高杉,86.2,1.1/2,4,19.6,38.7,3-2,栗東 牧田,464,-4,
202508030701,2025-10-19,京都,1,2歳未勝利,ダ,1400,右,曇,稍,"3回 京都 7日目 サラ系２歳 未勝利       牝[指] 馬齢 12頭 本賞金:560,220,140,84,56万円",12,560.0,4,7,9,ベラジオリン,牝,2,54.0,☆吉村,86.7,2.1/2,7,47.2,39.3,2-2,栗東 小椋,418,2,
202508030701,2025-10-19,京都,1,2歳未勝利,ダ,1400,右,曇,稍,"3回 京都 7日目 サラ系２歳 未勝利       牝[指] 馬齢 12頭 本賞金:560,220,140,84,56万円",12,560.0,5,3,3,パドゼフィール,牝,2,52.0,▲田山,87.3,3.1/2,5,25.9,39.8,3-4,栗東 新谷,466,14,
202508030701,2025-10-19,京都,1,2歳未勝利,ダ,1400,右,曇,稍,"3回 京都 7日目 サラ系２歳 未勝利       牝[指] 馬齢 12頭 本賞金:560,220,140,84,56万円",12,560.0,6,1,1,アロハマウロア,牝,2,55.0,古川吉,87.5,1.1/2,11,195.7,38.9,12-11,栗東 藤野,454,4,
202508030701,2025-10-19,京都,1,2歳未勝利,ダ,1400,右,曇,稍,"3回 京都 7日目 サラ系２歳 未勝利       牝[指] 馬齢 12頭 本賞金:560,220,140,84,56万円",12,560.0,7,2,2,サリー,牝,2,55.0,田口,88.0,3,10,175.3,40.1,9-9,栗東 前川,406,-6,
202508030701,2025-10-19,京都,1,2歳未勝利,ダ,1400,右,曇,稍,"3回 京都 7日目 サラ系２歳 未勝利       牝[指] 馬齢 12頭 本賞金:560,220,140,84,56万円",12,560.0,8,5,5,グリッタードール,牝,2,55.0,和田竜,88.1,3/4,12,295.3,40.4,7-7,栗東 大橋,456,-2,
202508030701,2025-10-19,京都,1,2歳未勝利,ダ,1400,右,曇,稍,"3回 京都 7日目 サラ系２歳 未勝利       牝[指] 馬齢 12頭 本賞金:560,220,140,84,56万円",12,560.0,9,8,12,サンタクローチェ,牝,2,55.0,城戸,88.7,3.1/2,3,12.4,41.0,7-6,栗東 西村,454,8,
202508030701,2025-10-19,京都,1,2歳未勝利,ダ,1400,右,曇,稍,"3回 京都 7日目 サラ系２歳 未勝利       牝[指] 馬齢 12頭 本賞金:560,220,140,84,56万円",12,560.0,10,5,6,シュネードリーム,牝,2,55.0,丹内,89.3,3.1/2,9,167.2,40.8,11-11,栗東 緒方,446,6,
202508030701,2025-10-19,京都,1,2歳未勝利,ダ,1400,右,曇,稍,"3回 京都 7日目 サラ系２歳 未勝利       牝[指] 馬齢 12頭 本賞金:560,220,140,84,56万円",12,560.0,11,7,10,スイーヴル,牝,2,55.0,加藤,90.6,8,8,86.8,42.9,5-7,栗東 小椋,454,0,
202508030701,2025-10-19,京都,1,2歳未勝利,ダ,1400,右,曇,稍,"3回 京都 7日目 サラ系２歳 未勝利       牝[指] 馬齢 12頭 本賞金:560,220,140,84,56万円",12,560.0,12,4,4,ベルフィーノ,牝,2,55.0,菱田,91.6,6,6,40.2,43.6,9-9,栗東 宮本,442,-4,
202508030701,2025-10-19,京都,1,2歳未勝利,ダ,1400,右,曇,稍,"3回 京都 7日目 サラ系２歳 未勝利       牝[指] 馬齢 12頭 本賞金:560,220,140,84,56万円",12,560.0,,1,11,フィアーブル,,,104.0,96,,12.2,10,10.8,6.0,11.8,5,,,
202508030701,2025-10-19,京都,1,2歳未勝利,ダ,1400,右,曇,稍,"3回 京都 7日目 サラ系２歳 未勝利       牝[指] 馬齢 12頭 本賞金:560,220,140,84,56万円",12,560.0,,1,11,フィアーブル,,,,-,,-,,,,-,-,,,
202508030702,2025-10-19,京都,2,2歳未勝利,芝,1800,右,曇,良,"3回 京都 7日目 サラ系２歳 未勝利       [指] 馬齢 6頭 本賞金:560,220,140,84,56万円",6,560.0,1,1,1,サーディンラン,牡,2,56.0,松山,107.4,,1,1.6,34.7,2-2,栗東 武英,460,6,
202508030702,2025-10-19,京都,2,2歳未勝利,芝,1800,右,曇,良,"3回 京都 7日目 サラ系２歳 未勝利       [指] 馬齢 6頭 本賞金:560,220,140,84,56万円",6,560.0,2,6,6,クールドリオン,牡,2,56.0,坂井,107.5,3/4,2,2.8,34.6,3-3,栗東 庄野,482,-6,
202508030702,2025-10-19,京都,2,2歳未勝利,芝,1800,右,曇,良,"3回 京都 7日目 サラ系２歳 未勝利       [指] 馬齢 6頭 本賞金:560,220,140,84,56万円",6,560.0,3,2,2,ダンツウルス,牡,2,56.0,田口,107.6,クビ,3,8.5,34.3,6-5,栗東 谷,468,-6,
202508030702,2025-10-19,京都,2,2歳未勝利,芝,1800,右,曇,良,"3回 京都 7日目 サラ系２歳 未勝利       [指] 馬齢 6頭 本賞金:560,220,140,84,56万円",6,560.0,4,3,3,コマチチャン,牝,2,55.0,松若,107.7,1/2,5,19.7,35.2,1-1,栗東 小椋,460,-8,
202508030702,2025-10-19,京都,2,2歳未勝利,芝,1800,右,曇,良,"3回 京都 7日目 サラ系２歳 未勝利       [指] 馬齢 6頭 本賞金:560,220,140,84,56万円",6,560.0,5,5,5,ボンボンベイビー,牡,2,56.0,岩田望,107.7,アタマ,4,10.5,34.6,4-4,栗東 矢作,456,0,
202508030702,2025-10-19,京都,2,2歳未勝利,芝,1800,右,曇,良,"3回 京都 7日目 サラ系２歳 未勝利       [指] 馬齢 6頭 本賞金:560,220,140,84,56万円",6,560.0,6,4,4,パンパネイラ,牡,2,56.0,岩田康,113.7,大,6,23.3,40.6,4-5,栗東 上村,446,2,
202508030702,2025-10-19,京都,2,2歳未勝利,芝,1800,右,曇,良,"3回 京都 7日目 サラ系２歳 未勝利       [指] 馬齢 6頭 本賞金:560,220,140,84,56万円",6,560.0,,1,1,サーディンラン,,,100.0,91,,12.4,3,11.3,3.0,11.8,3,,,
202508030702,2025-10-19,京都,2,2歳未勝利,芝,1800,右,曇,良,"3回 京都 7日目 サラ系２歳 未勝利       [指] 馬齢 6頭 本賞金:560,220,140,84,56万円",6,560.0,,1,1,サーディンラン,,,,-,,-,,,,-,-,,,
202508030703,2025-10-19,京都,3,3歳以上1勝クラス,ダ,1400,右,曇,稍,"3回 京都 7日目 サラ系３歳以上 １勝クラス       [指] 定量 12頭 本賞金:800,320,200,120,80万円",12,800.0,1,4,4,トゥロン,牝,3,54.0,西村淳,84.1,,2,3.4,36.2,8-8,栗東 佐々木,524,4,
202508030703,2025-10-19,京都,3,3歳以上1勝クラス,ダ,1400,右,曇,稍,"3回 京都 7日目 サラ系３歳以上 １勝クラス       [指] 定量 12頭 本賞金:800,320,200,120,80万円",12,800.0,2,5,6,エフエイト,牡,4,58.0,和田竜,84.5,2.1/2,9,43.2,36.9,6-8,栗東 北出,452,10,
202508030703,2025-10-19,京都,3,3歳以上1勝クラス,ダ,1400,右,曇,稍,"3回 京都 7日目 サラ系３歳以上 １勝クラス       [指] 定量 12頭 本賞金:800,320,200,120,80万円",12,800.0,3,5,5,ペイドラロワール,牡,3,55.0,☆西塚,84.6,クビ,7,21.0,37.5,3-3,栗東 清水久,458,2,
202508030703,2025-10-19,京都,3,3歳以上1勝クラス,ダ,1400,右,曇,稍,"3回 京都 7日目 サラ系３歳以上 １勝クラス       [指] 定量 12頭 本賞金:800,320,200,120,80万円",12,800.0,4,8,12,タイセイディアマン,牡,3,56.0,田口,84.8,1.1/4,3,3.7,37.1,6-6,栗東 大橋,464,2,
202508030703,2025-10-19,京都,3,3歳以上1勝クラス,ダ,1400,右,曇,稍,"3回 京都 7日目 サラ系３歳以上 １勝クラス       [指] 定量 12頭 本賞金:800,320,200,120,80万円",12,800.0,5,3,3,タイセイレグノ,牡,3,56.0,高杉,84.9,3/4,6,17.8,36.7,11-12,栗東 浜田,470,2,
202508030703,2025-10-19,京都,3,3歳以上1勝クラス,ダ,1400,右,曇,稍,"3回 京都 7日目 サラ系３歳以上 １勝クラス       [指] 定量 12頭 本賞金:800,320,200,120,80万円",12,800.0,6,1,1,テーオーミリカン,牡,3,56.0,岩田康,84.9,アタマ,8,22.5,37.6,4-4,栗東 宮,470,0,
202508030703,2025-10-19,京都,3,3歳以上1勝クラス,ダ,1400,右,曇,稍,"3回 京都 7日目 サラ系３歳以上 １勝クラス       [指] 定量 12頭 本賞金:800,320,200,120,80万円",12,800.0,7,6,8,ラフォン,牡,3,55.0,☆吉村,85.1,1.1/4,1,3.3,38.3,2-2,栗東 松下,512,0,
202508030703,2025-10-19,京都,3,3歳以上1勝クラス,ダ,1400,右,曇,稍,"3回 京都 7日目 サラ系３歳以上 １勝クラス       [指] 定量 12頭 本賞金:800,320,200,120,80万円",12,800.0,8,8,11,メイショウゴールド,牡,3,56.0,丹内,85.3,3/4,4,9.5,37.9,4-4,栗東 荒川,460,20,
202508030703,2025-10-19,京都,3,3歳以上1勝クラス,ダ,1400,右,曇,稍,"3回 京都 7日目 サラ系３歳以上 １勝クラス       [指] 定量 12頭 本賞金:800,320,200,120,80万円",12,800.0,9,7,9,カフェロワイヤル,牝,3,54.0,小崎,85.3,クビ,11,65.9,37.3,11-10,栗東 小林,470,4,
202508030703,2025-10-19,京都,3,3歳以上1勝クラス,ダ,1400,右,曇,稍,"3回 京都 7日目 サラ系３歳以上 １勝クラス       [指] 定量 12頭 本賞金:800,320,200,120,80万円",12,800.0,10,7,10,ベレニーチェ,牝,4,56.0,高倉,85.4,3/4,10,47.3,37.5,8-10,栗東 武英,464,12,
202508030703,2025-10-19,京都,3,3歳以上1勝クラス,ダ,1400,右,曇,稍,"3回 京都 7日目 サラ系３歳以上 １勝クラス       [指] 定量 12頭 本賞金:800,320,200,120,80万円",12,800.0,11,6,7,ケイエイト,牡,5,55.0,▲田山,85.5,クビ,12,267.6,37.8,8-6,栗東 羽月,478,6,
202508030703,2025-10-19,京都,3,3歳以上1勝クラス,ダ,1400,右,曇,稍,"3回 京都 7日目 サラ系３歳以上 １勝クラス       [指] 定量 12頭 本賞金:800,320,200,120,80万円",12,800.0,12,2,2,ダディーズアイル,牡,4,58.0,岩田望,85.9,2.1/2,5,13.1,39.2,1-1,栗東 千田,486,4,
202508030703,2025-10-19,京都,3,3歳以上1勝クラス,ダ,1400,右,曇,稍,"3回 京都 7日目 サラ系３歳以上 １勝クラス       [指] 定量 12頭 本賞金:800,320,200,120,80万円",12,800.0,,1,4,トゥロン,,,93.0,89,,12.8,7,11.1,5.0,12.0,5,,,
202508030703,2025-10-19,京都,3,3歳以上1勝クラス,ダ,1400,右,曇,稍,"3回 京都 7日目 サラ系３歳以上 １勝クラス       [指] 定量 12頭 本賞金:800,320,200,120,80万円",12,800.0,,1,4,トゥロン,,,,-,,-,,,,-,-,,,
202508030704,2025-10-19,京都,4,2歳新馬,芝,1400,右,曇,良,"3回 京都 7日目 サラ系２歳 新馬       (混)[指] 馬齢 17頭 本賞金:750,300,190,110,75万円",17,750.0,1,8,15,ミルトベスト,牡,2,56.0,岩田望,82.2,,5,21.6,35.0,2-1,栗東 中村,470,0,
202508030704,2025-10-19,京都,4,2歳新馬,芝,1400,右,曇,良,"3回 京都 7日目 サラ系２歳 新馬       (混)[指] 馬齢 17頭 本賞金:750,300,190,110,75万円",17,750.0,2,3,6,アゲンストオッズ,牝,2,55.0,川田,82.5,2,1,1.8,35.0,5-4,栗東 大久保,426,0,
202508030704,2025-10-19,京都,4,2歳新馬,芝,1400,右,曇,良,"3回 京都 7日目 サラ系２歳 新馬       (混)[指] 馬齢 17頭 本賞金:750,300,190,110,75万円",17,750.0,3,2,4,メイショウトウコウ,牡,2,56.0,武豊,82.5,クビ,4,12.5,34.5,11-10,栗東 石橋,464,0,
202508030704,2025-10-19,京都,4,2歳新馬,芝,1400,右,曇,良,"3回 京都 7日目 サラ系２歳 新馬       (混)[指] 馬齢 17頭 本賞金:750,300,190,110,75万円",17,750.0,4,6,11,ベアコルム,牝,2,52.0,▲田山,82.5,ハナ,11,68.3,35.1,3-4,栗東 小栗,436,0,
202508030704,2025-10-19,京都,4,2歳新馬,芝,1400,右,曇,良,"3回 京都 7日目 サラ系２歳 新馬       (混)[指] 馬齢 17頭 本賞金:750,300,190,110,75万円",17,750.0,5,8,16,フリーダムスタイル,牝,2,55.0,北村友,82.7,1,12,76.2,34.4,13-12,栗東 森田,404,0,
202508030704,2025-10-19,京都,4,2歳新馬,芝,1400,右,曇,良,"3回 京都 7日目 サラ系２歳 新馬       (混)[指] 馬齢 17頭 本賞金:750,300,190,110,75万円",17,750.0,6,6,12,プラヤデルカルメン,牝,2,55.0,ルメー,82.8,1/2,2,4.5,35.6,1-2,栗東 杉山晴,448,0,
202508030704,2025-10-19,京都,4,2歳新馬,芝,1400,右,曇,良,"3回 京都 7日目 サラ系２歳 新馬       (混)[指] 馬齢 17頭 本賞金:750,300,190,110,75万円",17,750.0,7,7,14,ナムラロダン,牡,2,56.0,西村淳,82.9,1/2,3,7.2,35.2,5-4,栗東 長谷川,472,0,
202508030704,2025-10-19,京都,4,2歳新馬,芝,1400,右,曇,良,"3回 京都 7日目 サラ系２歳 新馬       (混)[指] 馬齢 17頭 本賞金:750,300,190,110,75万円",17,750.0,8,8,17,イズントイット,牝,2,55.0,菱田,82.9,クビ,7,23.7,35.5,3-3,栗東 岡田,510,0,
202508030704,2025-10-19,京都,4,2歳新馬,芝,1400,右,曇,良,"3回 京都 7日目 サラ系２歳 新馬       (混)[指] 馬齢 17頭 本賞金:750,300,190,110,75万円",17,750.0,9,1,2,ティンクルバレット,牝,2,55.0,池添,83.2,1.1/2,8,24.2,35.4,7-7,栗東 池添,412,0,
202508030704,2025-10-19,京都,4,2歳新馬,芝,1400,右,曇,良,"3回 京都 7日目 サラ系２歳 新馬       (混)[指] 馬齢 17頭 本賞金:750,300,190,110,75万円",17,750.0,10,5,10,ラッキーヴォーグ,牡,2,56.0,岩田康,83.4,1.1/2,13,88.4,35.1,13-12,栗東 牧田,486,0,
202508030704,2025-10-19,京都,4,2歳新馬,芝,1400,右,曇,良,"3回 京都 7日目 サラ系２歳 新馬       (混)[指] 馬齢 17頭 本賞金:750,300,190,110,75万円",17,750.0,11,4,8,ロードヴェルテクス,牡,2,55.0,☆吉村,83.7,1.3/4,14,145.1,35.5,11-12,栗東 奥村豊,448,0,
202508030704,2025-10-19,京都,4,2歳新馬,芝,1400,右,曇,良,"3回 京都 7日目 サラ系２歳 新馬       (混)[指] 馬齢 17頭 本賞金:750,300,190,110,75万円",17,750.0,12,2,3,チャナッカレ,牝,2,55.0,松若,83.8,1/2,9,43.3,36.1,7-7,栗東 佐々木,380,0,
202508030704,2025-10-19,京都,4,2歳新馬,芝,1400,右,曇,良,"3回 京都 7日目 サラ系２歳 新馬       (混)[指] 馬齢 17頭 本賞金:750,300,190,110,75万円",17,750.0,13,7,13,シティプロスパー,牝,2,55.0,丹内,83.9,3/4,15,172.6,36.0,10-10,栗東 小栗,444,0,
202508030704,2025-10-19,京都,4,2歳新馬,芝,1400,右,曇,良,"3回 京都 7日目 サラ系２歳 新馬       (混)[指] 馬齢 17頭 本賞金:750,300,190,110,75万円",17,750.0,14,4,7,レインボーステート,牡,2,56.0,松山,84.3,2.1/2,6,22.7,35.4,17-16,栗東 茶木,444,0,
202508030704,2025-10-19,京都,4,2歳新馬,芝,1400,右,曇,良,"3回 京都 7日目 サラ系２歳 新馬       (混)[指] 馬齢 17頭 本賞金:750,300,190,110,75万円",17,750.0,15,3,5,エナジーアユ,牝,2,55.0,高杉,84.3,ハナ,10,62.0,36.5,7-7,栗東 荒川,464,0,
202508030704,2025-10-19,京都,4,2歳新馬,芝,1400,右,曇,良,"3回 京都 7日目 サラ系２歳 新馬       (混)[指] 馬齢 17頭 本賞金:750,300,190,110,75万円",17,750.0,16,1,1,ニホンピロエール,牡,2,56.0,田口,84.4,3/4,16,249.0,35.9,15-15,栗東 安達,432,0,
202508030704,2025-10-19,京都,4,2歳新馬,芝,1400,右,曇,良,"3回 京都 7日目 サラ系２歳 新馬       (混)[指] 馬齢 17頭 本賞金:750,300,190,110,75万円",17,750.0,17,5,9,ヤマトフォース,牡,2,56.0,高倉,85.5,7,17,410.3,36.9,15-16,栗東 安達,392,0,
202508030704,2025-10-19,京都,4,2歳新馬,芝,1400,右,曇,良,"3回 京都 7日目 サラ系２歳 新馬       (混)[指] 馬齢 17頭 本賞金:750,300,190,110,75万円",17,750.0,,1,15,ミルトベスト,,,99.0,87,,12.5,10,11.0,5.0,11.7,2,,,
202508030704,2025-10-19,京都,4,2歳新馬,芝,1400,右,曇,良,"3回 京都 7日目 サラ系２歳 新馬       (混)[指] 馬齢 17頭 本賞金:750,300,190,110,75万円",17,750.0,,1,15,ミルトベスト,,,,-,,-,,,,-,-,,,
202508030705,2025-10-19,京都,5,2歳新馬,芝,2000,右,曇,良,"3回 京都 7日目 サラ系２歳 新馬       (混)[指] 馬齢 11頭 本賞金:750,300,190,110,75万円",11,750.0,1,4,4,ヴァロンブローサ,牡,2,56.0,北村友,122.1,,5,9.7,35.8,1-1-1-1,栗東 池添,462,0,
202508030705,2025-10-19,京都,5,2歳新馬,芝,2000,右,曇,良,"3回 京都 7日目 サラ系２歳 新馬       (混)[指] 馬齢 11頭 本賞金:750,300,190,110,75万円",11,750.0,2,6,7,マジックファイヤー,牡,2,56.0,岩田康,122.3,1,7,14.6,35.7,4-3-4-4,栗東 辻野,466,0,
202508030705,2025-10-19,京都,5,2歳新馬,芝,2000,右,曇,良,"3回 京都 7日目 サラ系２歳 新馬       (混)[指] 馬齢 11頭 本賞金:750,300,190,110,75万円",11,750.0,3,3,3,インフィオラータ,牝,2,55.0,岩田望,122.4,3/4,2,4.5,35.3,10-10-10-10,栗東 須貝,446,0,
202508030705,2025-10-19,京都,5,2歳新馬,芝,2000,右,曇,良,"3回 京都 7日目 サラ系２歳 新馬       (混)[指] 馬齢 11頭 本賞金:750,300,190,110,75万円",11,750.0,4,1,1,パウンドフォーワン,牡,2,56.0,坂井,122.4,クビ,4,8.2,35.6,7-6-7-8,栗東 田中克,488,0,
202508030705,2025-10-19,京都,5,2歳新馬,芝,2000,右,曇,良,"3回 京都 7日目 サラ系２歳 新馬       (混)[指] 馬齢 11頭 本賞金:750,300,190,110,75万円",11,750.0,5,6,6,マジョレルブルー,牡,2,56.0,川田,122.4,ハナ,3,5.1,35.9,9-9-3-3,栗東 友道,464,0,
202508030705,2025-10-19,京都,5,2歳新馬,芝,2000,右,曇,良,"3回 京都 7日目 サラ系２歳 新馬       (混)[指] 馬齢 11頭 本賞金:750,300,190,110,75万円",11,750.0,6,5,5,タガノアルトゥーラ,牡,2,55.0,☆吉村,122.5,1/2,10,85.4,35.6,7-8-7-8,栗東 長谷川,488,0,
202508030705,2025-10-19,京都,5,2歳新馬,芝,2000,右,曇,良,"3回 京都 7日目 サラ系２歳 新馬       (混)[指] 馬齢 11頭 本賞金:750,300,190,110,75万円",11,750.0,7,8,11,リン,牡,2,56.0,松山,122.6,1/2,1,2.6,35.9,3-3-6-4,栗東 四位,460,0,
202508030705,2025-10-19,京都,5,2歳新馬,芝,2000,右,曇,良,"3回 京都 7日目 サラ系２歳 新馬       (混)[指] 馬齢 11頭 本賞金:750,300,190,110,75万円",11,750.0,8,7,9,トラカイキャッスル,牝,2,55.0,丹内,122.7,クビ,6,13.9,36.0,4-5-4-6,栗東 西村,438,0,
202508030705,2025-10-19,京都,5,2歳新馬,芝,2000,右,曇,良,"3回 京都 7日目 サラ系２歳 新馬       (混)[指] 馬齢 11頭 本賞金:750,300,190,110,75万円",11,750.0,9,7,8,ゴールデンドラゴン,牡,2,56.0,松若,123.8,7,9,76.1,37.0,6-6-7-6,栗東 宮本,450,0,
202508030705,2025-10-19,京都,5,2歳新馬,芝,2000,右,曇,良,"3回 京都 7日目 サラ系２歳 新馬       (混)[指] 馬齢 11頭 本賞金:750,300,190,110,75万円",11,750.0,10,8,10,ダンツカレン,牝,2,55.0,藤岡佑,124.6,5,8,15.8,38.2,2-2-2-2,栗東 四位,502,0,
202508030705,2025-10-19,京都,5,2歳新馬,芝,2000,右,曇,良,"3回 京都 7日目 サラ系２歳 新馬       (混)[指] 馬齢 11頭 本賞金:750,300,190,110,75万円",11,750.0,,2,2,マーゴットバディ,牡,2,56.0,西村淳,,,11,100.9,,11-11-11,栗東 石坂,508,0,中止
202508030705,2025-10-19,京都,5,2歳新馬,芝,2000,右,曇,良,"3回 京都 7日目 サラ系２歳 新馬       (混)[指] 馬齢 11頭 本賞金:750,300,190,110,75万円",11,750.0,,1,4,ヴァロンブローサ,,,96.0,83,,12.9,4,11.6,1.0,12.3,1,,,
202508030705,2025-10-19,京都,5,2歳新馬,芝,2000,右,曇,良,"3回 京都 7日目 サラ系２歳 新馬       (混)[指] 馬齢 11頭 本賞金:750,300,190,110,75万円",11,750.0,,1,4,ヴァロンブローサ,,,,-,,-,,,,-,-,,,
202508030706,2025-10-19,京都,6,3歳以上1勝クラス,ダ,1800,右,曇,良,"3回 京都 7日目 サラ系３歳以上 １勝クラス       [指] 定量 12頭 本賞金:800,320,200,120,80万円",12,800.0,1,7,9,ミッションルース,牡,4,58.0,田口,112.5,,11,170.4,37.8,2-2-1-1,栗東 平田,440,-14,
202508030706,2025-10-19,京都,6,3歳以上1勝クラス,ダ,1800,右,曇,良,"3回 京都 7日目 サラ系３歳以上 １勝クラス       [指] 定量 12頭 本賞金:800,320,200,120,80万円",12,800.0,2,1,1,ギュルヴィ,牡,3,56.0,武豊,112.5,アタマ,2,2.4,37.4,4-3-5-5,栗東 大久保,514,-4,
202508030706,2025-10-19,京都,6,3歳以上1勝クラス,ダ,1800,右,曇,良,"3回 京都 7日目 サラ系３歳以上 １勝クラス       [指] 定量 12頭 本賞金:800,320,200,120,80万円",12,800.0,3,6,8,サルタール,セ,3,56.0,小崎,112.7,1,10,73.5,37.9,1-1-2-2,栗東 小崎,518,6,
202508030706,2025-10-19,京都,6,3歳以上1勝クラス,ダ,1800,右,曇,良,"3回 京都 7日目 サラ系３歳以上 １勝クラス       [指] 定量 12頭 本賞金:800,320,200,120,80万円",12,800.0,4,8,11,ユキノクラウン,牡,3,55.0,☆吉村,112.8,1/2,3,6.5,37.9,3-3-2-2,栗東 長谷川,516,-6,
202508030706,2025-10-19,京都,6,3歳以上1勝クラス,ダ,1800,右,曇,良,"3回 京都 7日目 サラ系３歳以上 １勝クラス       [指] 定量 12頭 本賞金:800,320,200,120,80万円",12,800.0,5,3,3,メイショウマジック,牡,5,58.0,古川吉,113.0,1,8,43.4,37.7,8-8-8-8,栗東 四位,490,6,
202508030706,2025-10-19,京都,6,3歳以上1勝クラス,ダ,1800,右,曇,良,"3回 京都 7日目 サラ系３歳以上 １勝クラス       [指] 定量 12頭 本賞金:800,320,200,120,80万円",12,800.0,6,7,10,ジーティーアメリカ,牡,3,56.0,北村友,113.1,1/2,6,40.4,37.9,9-9-7-5,栗東 吉岡,534,4,
202508030706,2025-10-19,京都,6,3歳以上1勝クラス,ダ,1800,右,曇,良,"3回 京都 7日目 サラ系３歳以上 １勝クラス       [指] 定量 12頭 本賞金:800,320,200,120,80万円",12,800.0,7,6,7,マテンロウノカゼ,牡,4,58.0,太宰,113.1,クビ,7,42.1,38.2,10-10-2-2,栗東 昆,486,0,
202508030706,2025-10-19,京都,6,3歳以上1勝クラス,ダ,1800,右,曇,良,"3回 京都 7日目 サラ系３歳以上 １勝クラス       [指] 定量 12頭 本賞金:800,320,200,120,80万円",12,800.0,8,2,2,モズバンディット,牡,5,58.0,高杉,113.7,3.1/2,9,56.1,38.2,6-6-10-9,栗東 中尾,458,10,
202508030706,2025-10-19,京都,6,3歳以上1勝クラス,ダ,1800,右,曇,良,"3回 京都 7日目 サラ系３歳以上 １勝クラス       [指] 定量 12頭 本賞金:800,320,200,120,80万円",12,800.0,9,5,5,レッドボブ,牡,3,56.0,ルメー,113.7,クビ,1,2.2,38.5,5-5-5-7,栗東 田中克,520,-2,
202508030706,2025-10-19,京都,6,3歳以上1勝クラス,ダ,1800,右,曇,良,"3回 京都 7日目 サラ系３歳以上 １勝クラス       [指] 定量 12頭 本賞金:800,320,200,120,80万円",12,800.0,10,5,6,リュクスドレフォン,牡,5,58.0,藤懸,113.8,クビ,4,13.1,38.1,10-10-11-10,栗東 平田,520,14,
202508030706,2025-10-19,京都,6,3歳以上1勝クラス,ダ,1800,右,曇,良,"3回 京都 7日目 サラ系３歳以上 １勝クラス       [指] 定量 12頭 本賞金:800,320,200,120,80万円",12,800.0,11,8,12,スティルザワン,セ,4,58.0,荻野琢,113.9,1/2,12,181.5,38.1,12-12-11-11,栗東 前川,454,2,
202508030706,2025-10-19,京都,6,3歳以上1勝クラス,ダ,1800,右,曇,良,"3回 京都 7日目 サラ系３歳以上 １勝クラス       [指] 定量 12頭 本賞金:800,320,200,120,80万円",12,800.0,12,4,4,キタノサワヤカ,牡,3,56.0,池添,114.9,6,5,19.7,39.4,7-6-8-11,栗東 吉田,464,0,
202508030706,2025-10-19,京都,6,3歳以上1勝クラス,ダ,1800,右,曇,良,"3回 京都 7日目 サラ系３歳以上 １勝クラス       [指] 定量 12頭 本賞金:800,320,200,120,80万円",12,800.0,,1,9,ミッションルース,,,100.0,93,,12.4,5,11.6,2.0,12.8,3,,,
202508030706,2025-10-19,京都,6,3歳以上1勝クラス,ダ,1800,右,曇,良,"3回 京都 7日目 サラ系３歳以上 １勝クラス       [指] 定量 12頭 本賞金:800,320,200,120,80万円",12,800.0,,1,9,ミッションルース,,,,-,,-,,,,-,-,,,
202508030707,2025-10-19,京都,7,3歳以上1勝クラス,ダ,1200,右,曇,良,"3回 京都 7日目 サラ系３歳以上 １勝クラス       (混)[指] 定量 12頭 本賞金:800,320,200,120,80万円",12,800.0,1,7,9,イリフィ,牝,3,55.0,西村淳,71.4,,6,17.5,35.6,8-6,栗東 高野,430,8,
202508030707,2025-10-19,京都,7,3歳以上1勝クラス,ダ,1200,右,曇,良,"3回 京都 7日目 サラ系３歳以上 １勝クラス       (混)[指] 定量 12頭 本賞金:800,320,200,120,80万円",12,800.0,2,8,12,ジャスパーソレイユ,牡,3,57.0,武豊,71.7,2,3,8.2,36.2,3-3,栗東 森秀,476,12,
202508030707,2025-10-19,京都,7,3歳以上1勝クラス,ダ,1200,右,曇,良,"3回 京都 7日目 サラ系３歳以上 １勝クラス       (混)[指] 定量 12頭 本賞金:800,320,200,120,80万円",12,800.0,3,2,2,バッハアルプゼー,牡,3,57.0,松山,71.8,クビ,1,1.9,36.2,4-6,栗東 橋口,490,12,
202508030707,2025-10-19,京都,7,3歳以上1勝クラス,ダ,1200,右,曇,良,"3回 京都 7日目 サラ系３歳以上 １勝クラス       (混)[指] 定量 12頭 本賞金:800,320,200,120,80万円",12,800.0,4,6,8,ララアヴリル,セ,3,57.0,団野,71.9,1/2,2,3.7,36.7,1-1,栗東 斉藤崇,484,4,
202508030707,2025-10-19,京都,7,3歳以上1勝クラス,ダ,1200,右,曇,良,"3回 京都 7日目 サラ系３歳以上 １勝クラス       (混)[指] 定量 12頭 本賞金:800,320,200,120,80万円",12,800.0,5,7,10,ペッパーミル,牡,4,58.0,横山武,71.9,クビ,5,15.5,36.3,4-4,美浦 加藤士,500,-4,
202508030707,2025-10-19,京都,7,3歳以上1勝クラス,ダ,1200,右,曇,良,"3回 京都 7日目 サラ系３歳以上 １勝クラス       (混)[指] 定量 12頭 本賞金:800,320,200,120,80万円",12,800.0,6,8,11,プルミエールパス,牝,4,56.0,小崎,72.1,1.1/4,8,26.4,36.8,2-2,栗東 河嶋,498,15,
202508030707,2025-10-19,京都,7,3歳以上1勝クラス,ダ,1200,右,曇,良,"3回 京都 7日目 サラ系３歳以上 １勝クラス       (混)[指] 定量 12頭 本賞金:800,320,200,120,80万円",12,800.0,7,5,5,ガンマジーティーピ,牡,3,57.0,岩田望,72.1,アタマ,4,12.5,36.1,10-10,栗東 渡辺,462,2,
202508030707,2025-10-19,京都,7,3歳以上1勝クラス,ダ,1200,右,曇,良,"3回 京都 7日目 サラ系３歳以上 １勝クラス       (混)[指] 定量 12頭 本賞金:800,320,200,120,80万円",12,800.0,8,3,3,ワールドシリーズ,牡,4,58.0,北村友,72.3,1,11,62.6,36.3,10-10,栗東 秋山,470,2,
202508030707,2025-10-19,京都,7,3歳以上1勝クラス,ダ,1200,右,曇,良,"3回 京都 7日目 サラ系３歳以上 １勝クラス       (混)[指] 定量 12頭 本賞金:800,320,200,120,80万円",12,800.0,9,1,1,ガウラスパーク,セ,4,58.0,高杉,72.7,2.1/2,10,38.9,36.9,8-8,栗東 高柳大,548,0,
202508030707,2025-10-19,京都,7,3歳以上1勝クラス,ダ,1200,右,曇,良,"3回 京都 7日目 サラ系３歳以上 １勝クラス       (混)[指] 定量 12頭 本賞金:800,320,200,120,80万円",12,800.0,10,6,7,リーサムギニー,牡,4,57.0,☆吉村,73.3,3.1/2,9,36.5,37.6,7-9,栗東 矢作,510,6,
202508030707,2025-10-19,京都,7,3歳以上1勝クラス,ダ,1200,右,曇,良,"3回 京都 7日目 サラ系３歳以上 １勝クラス       (混)[指] 定量 12頭 本賞金:800,320,200,120,80万円",12,800.0,11,4,4,マキシマムレーヴ,牡,3,57.0,高倉,73.5,1.1/4,12,306.3,37.0,12-12,栗東 武英,502,-6,
202508030707,2025-10-19,京都,7,3歳以上1勝クラス,ダ,1200,右,曇,良,"3回 京都 7日目 サラ系３歳以上 １勝クラス       (混)[指] 定量 12頭 本賞金:800,320,200,120,80万円",12,800.0,12,5,6,ミトノキャット,牝,3,55.0,坂井,74.0,3,7,20.6,38.5,4-4,栗東 前川,454,14,
202508030707,2025-10-19,京都,7,3歳以上1勝クラス,ダ,1200,右,曇,良,"3回 京都 7日目 サラ系３歳以上 １勝クラス       (混)[指] 定量 12頭 本賞金:800,320,200,120,80万円",12,800.0,,1,9,イリフィ,,,95.0,91,,12.7,6,11.2,4.0,11.8,4,,,
202508030707,2025-10-19,京都,7,3歳以上1勝クラス,ダ,1200,右,曇,良,"3回 京都 7日目 サラ系３歳以上 １勝クラス       (混)[指] 定量 12頭 本賞金:800,320,200,120,80万円",12,800.0,,1,9,イリフィ,,,,-,,-,,,,-,-,,,
202508030708,2025-10-19,京都,8,3歳以上2勝クラス,芝,1600,右,曇,良,"3回 京都 7日目 サラ系３歳以上 ２勝クラス       (混)[指] 定量 10頭 本賞金:1140,460,290,170,114万円",10,1140.0,1,4,4,ミニトランザット,牡,3,55.0,☆吉村,93.3,,1,2.0,33.1,7-7,栗東 杉山佳,468,10,
202508030708,2025-10-19,京都,8,3歳以上2勝クラス,芝,1600,右,曇,良,"3回 京都 7日目 サラ系３歳以上 ２勝クラス       (混)[指] 定量 10頭 本賞金:1140,460,290,170,114万円",10,1140.0,2,2,2,フェアリーライク,牝,3,54.0,武豊,93.4,3/4,2,4.4,32.6,10-10,栗東 笹田,468,4,
202508030708,2025-10-19,京都,8,3歳以上2勝クラス,芝,1600,右,曇,良,"3回 京都 7日目 サラ系３歳以上 ２勝クラス       (混)[指] 定量 10頭 本賞金:1140,460,290,170,114万円",10,1140.0,3,5,5,ヴィスマール,牡,4,58.0,西村淳,93.4,アタマ,6,17.4,33.8,1-1,栗東 奥村豊,450,-2,
202508030708,2025-10-19,京都,8,3歳以上2勝クラス,芝,1600,右,曇,良,"3回 京都 7日目 サラ系３歳以上 ２勝クラス       (混)[指] 定量 10頭 本賞金:1140,460,290,170,114万円",10,1140.0,4,8,10,サクラオーラ,牝,6,56.0,酒井,93.5,クビ,8,37.4,33.7,3-3,栗東 河嶋,454,0,
202508030708,2025-10-19,京都,8,3歳以上2勝クラス,芝,1600,右,曇,良,"3回 京都 7日目 サラ系３歳以上 ２勝クラス       (混)[指] 定量 10頭 本賞金:1140,460,290,170,114万円",10,1140.0,5,7,8,ロンドボス,牝,3,54.0,横山武,93.5,クビ,3,5.8,33.7,3-3,栗東 藤原,460,8,
202508030708,2025-10-19,京都,8,3歳以上2勝クラス,芝,1600,右,曇,良,"3回 京都 7日目 サラ系３歳以上 ２勝クラス       (混)[指] 定量 10頭 本賞金:1140,460,290,170,114万円",10,1140.0,6,7,7,アンジョルラス,セ,4,58.0,藤岡佑,93.6,1/2,5,9.5,33.1,9-9,栗東 藤野,500,0,
202508030708,2025-10-19,京都,8,3歳以上2勝クラス,芝,1600,右,曇,良,"3回 京都 7日目 サラ系３歳以上 ２勝クラス       (混)[指] 定量 10頭 本賞金:1140,460,290,170,114万円",10,1140.0,7,6,6,エーデルサンライズ,牝,5,56.0,小崎,93.9,2,9,97.9,34.2,2-2,栗東 小林,450,2,
202508030708,2025-10-19,京都,8,3歳以上2勝クラス,芝,1600,右,曇,良,"3回 京都 7日目 サラ系３歳以上 ２勝クラス       (混)[指] 定量 10頭 本賞金:1140,460,290,170,114万円",10,1140.0,8,1,1,メイショウカイト,牝,7,56.0,高杉,94.0,3/4,7,25.0,34.0,5-5,栗東 荒川,478,6,
202508030708,2025-10-19,京都,8,3歳以上2勝クラス,芝,1600,右,曇,良,"3回 京都 7日目 サラ系３歳以上 ２勝クラス       (混)[指] 定量 10頭 本賞金:1140,460,290,170,114万円",10,1140.0,9,8,9,オトコギアンパン,牡,4,58.0,松山,94.3,1.3/4,4,7.7,34.4,5-5,栗東 小栗,502,2,
202508030708,2025-10-19,京都,8,3歳以上2勝クラス,芝,1600,右,曇,良,"3回 京都 7日目 サラ系３歳以上 ２勝クラス       (混)[指] 定量 10頭 本賞金:1140,460,290,170,114万円",10,1140.0,10,3,3,ドンアチェカ,牡,5,58.0,菱田,94.7,2.1/2,10,227.8,34.5,7-7,栗東 千田,494,6,
202508030708,2025-10-19,京都,8,3歳以上2勝クラス,芝,1600,右,曇,良,"3回 京都 7日目 サラ系３歳以上 ２勝クラス       (混)[指] 定量 10頭 本賞金:1140,460,290,170,114万円",10,1140.0,,1,4,ミニトランザット,,,89.0,84,,13.5,7,11.4,5.0,11.9,3,,,
202508030708,2025-10-19,京都,8,3歳以上2勝クラス,芝,1600,右,曇,良,"3回 京都 7日目 サラ系３歳以上 ２勝クラス       (混)[指] 定量 10頭 本賞金:1140,460,290,170,114万円",10,1140.0,,1,4,ミニトランザット,,,,-,,-,,,,-,-,,,
202508030709,2025-10-19,京都,9,もみじS,芝,1400,右,曇,良,"3回 京都 7日目 サラ系２歳 オープン       (国際)(特指) 別定 7頭 本賞金:1600,640,400,240,160万円",7,1600.0,1,7,7,リリージョワ,牝,2,55.0,ルメー,80.5,,2,2.7,34.2,1-1,栗東 武幸,434,-10,
202508030709,2025-10-19,京都,9,もみじS,芝,1400,右,曇,良,"3回 京都 7日目 サラ系２歳 オープン       (国際)(特指) 別定 7頭 本賞金:1600,640,400,240,160万円",7,1600.0,2,2,2,ダイヤモンドノット,牡,2,56.0,川田,80.6,1/2,1,2.5,33.3,2-2,栗東 福永,474,2,
202508030709,2025-10-19,京都,9,もみじS,芝,1400,右,曇,良,"3回 京都 7日目 サラ系２歳 オープン       (国際)(特指) 別定 7頭 本賞金:1600,640,400,240,160万円",7,1600.0,3,1,1,ファニーバニー,牝,2,55.0,横山武,81.4,5,5,18.2,33.9,3-3,栗東 杉山佳,446,12,
202508030709,2025-10-19,京都,9,もみじS,芝,1400,右,曇,良,"3回 京都 7日目 サラ系２歳 オープン       (国際)(特指) 別定 7頭 本賞金:1600,640,400,240,160万円",7,1600.0,4,6,6,シルバーナイツ,牡,2,56.0,団野,81.6,1.1/4,3,3.3,33.8,5-5,栗東 西園正,506,0,
202508030709,2025-10-19,京都,9,もみじS,芝,1400,右,曇,良,"3回 京都 7日目 サラ系２歳 オープン       (国際)(特指) 別定 7頭 本賞金:1600,640,400,240,160万円",7,1600.0,5,5,5,コラルリーフ,牝,2,55.0,西村淳,82.1,3,6,26.9,34.1,7-6,栗東 佐藤悠,456,-4,
202508030709,2025-10-19,京都,9,もみじS,芝,1400,右,曇,良,"3回 京都 7日目 サラ系２歳 オープン       (国際)(特指) 別定 7頭 本賞金:1600,640,400,240,160万円",7,1600.0,6,4,4,ナオミライトニング,牝,2,55.0,坂井,82.3,1.1/4,4,13.4,34.8,3-3,栗東 矢作,460,18,
202508030709,2025-10-19,京都,9,もみじS,芝,1400,右,曇,良,"3回 京都 7日目 サラ系２歳 オープン       (国際)(特指) 別定 7頭 本賞金:1600,640,400,240,160万円",7,1600.0,7,3,3,ロードヴィゴラス,牡,2,56.0,高杉,82.6,1.3/4,7,47.0,34.6,6-6,栗東 四位,432,2,
202508030709,2025-10-19,京都,9,もみじS,芝,1400,右,曇,良,"3回 京都 7日目 サラ系２歳 オープン       (国際)(特指) 別定 7頭 本賞金:1600,640,400,240,160万円",7,1600.0,,1,7,リリージョワ,,,98.0,97,,12.3,5,11.2,1.0,11.5,1,,,
202508030709,2025-10-19,京都,9,もみじS,芝,1400,右,曇,良,"3回 京都 7日目 サラ系２歳 オープン       (国際)(特指) 別定 7頭 本賞金:1600,640,400,240,160万円",7,1600.0,,1,7,リリージョワ,,,,-,,-,,,,-,-,,,
202508030710,2025-10-19,京都,10,京都競馬場開設100周年記念,ダ,1400,右,曇,良,"3回 京都 7日目 サラ系３歳以上 ３勝クラス       (混)[指] ハンデ 16頭 本賞金:1840,740,460,280,184万円",16,1840.0,1,6,12,グランフォーブル,牡,5,54.0,酒井,83.2,,14,116.5,35.4,1-1,美浦 土田,484,2,
202508030710,2025-10-19,京都,10,京都競馬場開設100周年記念,ダ,1400,右,曇,良,"3回 京都 7日目 サラ系３歳以上 ３勝クラス       (混)[指] ハンデ 16頭 本賞金:1840,740,460,280,184万円",16,1840.0,2,5,10,エストレヤデベレン,牡,4,57.0,ルメー,83.5,2,4,12.1,35.5,2-2,栗東 武幸,536,-10,
202508030710,2025-10-19,京都,10,京都競馬場開設100周年記念,ダ,1400,右,曇,良,"3回 京都 7日目 サラ系３歳以上 ３勝クラス       (混)[指] ハンデ 16頭 本賞金:1840,740,460,280,184万円",16,1840.0,3,7,13,ダノンフィーゴ,牡,3,55.0,川田,83.5,ハナ,1,1.5,35.3,4-6,栗東 友道,476,6,
202508030710,2025-10-19,京都,10,京都競馬場開設100周年記念,ダ,1400,右,曇,良,"3回 京都 7日目 サラ系３歳以上 ３勝クラス       (混)[指] ハンデ 16頭 本賞金:1840,740,460,280,184万円",16,1840.0,4,5,9,セミマル,牡,5,55.0,西村淳,83.6,アタマ,5,17.8,35.4,4-4,栗東 西村,534,-4,
202508030710,2025-10-19,京都,10,京都競馬場開設100周年記念,ダ,1400,右,曇,良,"3回 京都 7日目 サラ系３歳以上 ３勝クラス       (混)[指] ハンデ 16頭 本賞金:1840,740,460,280,184万円",16,1840.0,5,3,5,プロミシングスター,牡,4,56.0,団野,83.6,クビ,2,7.9,35.2,8-7,栗東 高橋忠,454,-6,
202508030710,2025-10-19,京都,10,京都競馬場開設100周年記念,ダ,1400,右,曇,良,"3回 京都 7日目 サラ系３歳以上 ３勝クラス       (混)[指] ハンデ 16頭 本賞金:1840,740,460,280,184万円",16,1840.0,6,8,16,レーウィン,セ,4,55.0,岩田康,84.0,2.1/2,11,53.9,34.9,15-14,栗東 上村,514,14,
202508030710,2025-10-19,京都,10,京都競馬場開設100周年記念,ダ,1400,右,曇,良,"3回 京都 7日目 サラ系３歳以上 ３勝クラス       (混)[指] ハンデ 16頭 本賞金:1840,740,460,280,184万円",16,1840.0,7,2,3,タマモダイジョッキ,牡,7,56.0,高杉,84.2,1,10,52.1,35.8,9-7,栗東 緒方,486,0,
202508030710,2025-10-19,京都,10,京都競馬場開設100周年記念,ダ,1400,右,曇,良,"3回 京都 7日目 サラ系３歳以上 ３勝クラス       (混)[指] ハンデ 16頭 本賞金:1840,740,460,280,184万円",16,1840.0,8,7,14,イノセントキャット,牝,4,53.0,横山武,84.2,クビ,6,19.1,36.3,2-2,美浦 久保田,454,0,
202508030710,2025-10-19,京都,10,京都競馬場開設100周年記念,ダ,1400,右,曇,良,"3回 京都 7日目 サラ系３歳以上 ３勝クラス       (混)[指] ハンデ 16頭 本賞金:1840,740,460,280,184万円",16,1840.0,9,3,6,ライジン,牡,5,56.0,池添,84.3,1/2,12,93.4,36.0,7-7,栗東 池添,492,6,
202508030710,2025-10-19,京都,10,京都競馬場開設100周年記念,ダ,1400,右,曇,良,"3回 京都 7日目 サラ系３歳以上 ３勝クラス       (混)[指] ハンデ 16頭 本賞金:1840,740,460,280,184万円",16,1840.0,10,1,2,パルデンス,牡,7,55.0,小崎,84.5,3/4,16,221.3,35.9,11-10,美浦 森一,496,2,
202508030710,2025-10-19,京都,10,京都競馬場開設100周年記念,ダ,1400,右,曇,良,"3回 京都 7日目 サラ系３歳以上 ３勝クラス       (混)[指] ハンデ 16頭 本賞金:1840,740,460,280,184万円",16,1840.0,11,4,7,ビルカール,牡,5,54.0,丹内,84.6,1/2,15,161.0,36.5,4-4,美浦 水野,462,-8,
202508030710,2025-10-19,京都,10,京都競馬場開設100周年記念,ダ,1400,右,曇,良,"3回 京都 7日目 サラ系３歳以上 ３勝クラス       (混)[指] ハンデ 16頭 本賞金:1840,740,460,280,184万円",16,1840.0,12,8,15,ジャーヴィス,牡,5,55.0,坂井,84.7,1/2,7,20.8,36.0,11-12,栗東 千田,498,4,
202508030710,2025-10-19,京都,10,京都競馬場開設100周年記念,ダ,1400,右,曇,良,"3回 京都 7日目 サラ系３歳以上 ３勝クラス       (混)[指] ハンデ 16頭 本賞金:1840,740,460,280,184万円",16,1840.0,13,2,4,ノボリショウリュウ,牡,4,56.0,武豊,84.7,クビ,3,8.7,36.0,13-12,栗東 石橋,464,0,
202508030710,2025-10-19,京都,10,京都競馬場開設100周年記念,ダ,1400,右,曇,良,"3回 京都 7日目 サラ系３歳以上 ３勝クラス       (混)[指] ハンデ 16頭 本賞金:1840,740,460,280,184万円",16,1840.0,14,6,11,テイエムランウェイ,牡,6,55.0,鮫島良,85.1,2.1/2,9,46.6,36.3,13-15,栗東 河嶋,494,6,
202508030710,2025-10-19,京都,10,京都競馬場開設100周年記念,ダ,1400,右,曇,良,"3回 京都 7日目 サラ系３歳以上 ３勝クラス       (混)[指] ハンデ 16頭 本賞金:1840,740,460,280,184万円",16,1840.0,15,4,8,ワレハウミノコ,牝,5,52.0,高倉,85.2,1/2,13,96.5,36.7,9-10,栗東 武英,462,2,
202508030710,2025-10-19,京都,10,京都競馬場開設100周年記念,ダ,1400,右,曇,良,"3回 京都 7日目 サラ系３歳以上 ３勝クラス       (混)[指] ハンデ 16頭 本賞金:1840,740,460,280,184万円",16,1840.0,16,1,1,ヘンリー,牡,5,54.0,吉村,85.8,3.1/2,8,29.9,36.6,16-16,栗東 吉岡,542,-2,
202508030710,2025-10-19,京都,10,京都競馬場開設100周年記念,ダ,1400,右,曇,良,"3回 京都 7日目 サラ系３歳以上 ３勝クラス       (混)[指] ハンデ 16頭 本賞金:1840,740,460,280,184万円",16,1840.0,,1,12,グランフォーブル,,,91.0,86,,12.6,4,11.3,2.0,11.7,1,,,
202508030710,2025-10-19,京都,10,京都競馬場開設100周年記念,ダ,1400,右,曇,良,"3回 京都 7日目 サラ系３歳以上 ３勝クラス       (混)[指] ハンデ 16頭 本賞金:1840,740,460,280,184万円",16,1840.0,,1,12,グランフォーブル,,,,-,,-,,,,-,-,,,
202508030711,2025-10-19,京都,11,秋華賞,芝,2000,右,曇,良,"3回 京都 7日目 サラ系３歳 オープン       (国際) 牝(指) 馬齢 18頭 本賞金:11000,4400,2800,1700,1100万円",18,11000.0,1,6,11,エンブロイダリー,牝,3,55.0,ルメー,118.3,,2,5.5,35.2,6-6-2-2,美浦 森一,488,6,
202508030711,2025-10-19,京都,11,秋華賞,芝,2000,右,曇,良,"3回 京都 7日目 サラ系３歳 オープン       (国際) 牝(指) 馬齢 18頭 本賞金:11000,4400,2800,1700,1100万円",18,11000.0,2,5,10,エリカエクスプレス,牝,3,55.0,武豊,118.4,1/2,5,15.1,35.4,1-1-1-1,栗東 杉山晴,462,0,
202508030711,2025-10-19,京都,11,秋華賞,芝,2000,右,曇,良,"3回 京都 7日目 サラ系３歳 オープン       (国際) 牝(指) 馬齢 18頭 本賞金:11000,4400,2800,1700,1100万円",18,11000.0,3,8,18,パラディレーヌ,牝,3,55.0,丹内,118.5,3/4,6,16.9,34.4,16-17-14-10,栗東 千田,502,6,
202508030711,2025-10-19,京都,11,秋華賞,芝,2000,右,曇,良,"3回 京都 7日目 サラ系３歳 オープン       (国際) 牝(指) 馬齢 18頭 本賞金:11000,4400,2800,1700,1100万円",18,11000.0,4,2,3,ジョスラン,牝,3,55.0,岩田望,118.8,1.3/4,4,12.5,34.7,6-9-11-13,美浦 鹿戸,472,2,
202508030711,2025-10-19,京都,11,秋華賞,芝,2000,右,曇,良,"3回 京都 7日目 サラ系３歳 オープン       (国際) 牝(指) 馬齢 18頭 本賞金:11000,4400,2800,1700,1100万円",18,11000.0,5,7,13,セナスタイル,牝,3,55.0,岩田康,118.8,ハナ,3,10.1,34.6,15-13-14-14,栗東 安田,434,0,
202508030711,2025-10-19,京都,11,秋華賞,芝,2000,右,曇,良,"3回 京都 7日目 サラ系３歳 オープン       (国際) 牝(指) 馬齢 18頭 本賞金:11000,4400,2800,1700,1100万円",18,11000.0,6,7,14,ビップデイジー,牝,3,55.0,西村淳,119.0,3/4,9,23.9,35.5,11-10-6-6,栗東 松下,442,10,
202508030711,2025-10-19,京都,11,秋華賞,芝,2000,右,曇,良,"3回 京都 7日目 サラ系３歳 オープン       (国際) 牝(指) 馬齢 18頭 本賞金:11000,4400,2800,1700,1100万円",18,11000.0,7,4,7,クリノメイ,牝,3,55.0,酒井,119.0,クビ,17,180.6,34.7,11-14-14-15,栗東 須貝,454,2,
202508030711,2025-10-19,京都,11,秋華賞,芝,2000,右,曇,良,"3回 京都 7日目 サラ系３歳 オープン       (国際) 牝(指) 馬齢 18頭 本賞金:11000,4400,2800,1700,1100万円",18,11000.0,8,1,2,ルージュソリテール,牝,3,55.0,北村友,119.2,1.1/4,12,43.2,35.4,6-6-9-9,栗東 藤原,450,2,
202508030711,2025-10-19,京都,11,秋華賞,芝,2000,右,曇,良,"3回 京都 7日目 サラ系３歳 オープン       (国際) 牝(指) 馬齢 18頭 本賞金:11000,4400,2800,1700,1100万円",18,11000.0,9,7,15,インヴォーグ,牝,3,55.0,団野,119.2,ハナ,14,56.0,35.8,2-2-3-3,栗東 福永,502,6,
202508030711,2025-10-19,京都,11,秋華賞,芝,2000,右,曇,良,"3回 京都 7日目 サラ系３歳 オープン       (国際) 牝(指) 馬齢 18頭 本賞金:11000,4400,2800,1700,1100万円",18,11000.0,10,5,9,マピュース,牝,3,55.0,横山武,119.2,アタマ,10,28.1,35.3,11-10-9-10,美浦 和田勇,488,0,
202508030711,2025-10-19,京都,11,秋華賞,芝,2000,右,曇,良,"3回 京都 7日目 サラ系３歳 オープン       (国際) 牝(指) 馬齢 18頭 本賞金:11000,4400,2800,1700,1100万円",18,11000.0,11,3,6,ケリフレッドアスク,牝,3,55.0,西塚,119.3,3/4,11,39.5,35.7,3-4-8-7,栗東 藤原,458,2,
202508030711,2025-10-19,京都,11,秋華賞,芝,2000,右,曇,良,"3回 京都 7日目 サラ系３歳 オープン       (国際) 牝(指) 馬齢 18頭 本賞金:11000,4400,2800,1700,1100万円",18,11000.0,12,6,12,ヴーレヴー,牝,3,55.0,菱田,119.4,アタマ,16,122.6,35.5,11-15-11-10,栗東 武幸,494,6,
202508030711,2025-10-19,京都,11,秋華賞,芝,2000,右,曇,良,"3回 京都 7日目 サラ系３歳 オープン       (国際) 牝(指) 馬齢 18頭 本賞金:11000,4400,2800,1700,1100万円",18,11000.0,13,8,16,ランフォーヴァウ,牝,3,55.0,小崎,119.6,1.1/2,18,348.5,35.1,17-16-17-15,栗東 福永,460,-4,
202508030711,2025-10-19,京都,11,秋華賞,芝,2000,右,曇,良,"3回 京都 7日目 サラ系３歳 オープン       (国際) 牝(指) 馬齢 18頭 本賞金:11000,4400,2800,1700,1100万円",18,11000.0,14,4,8,テレサ,牝,3,55.0,松山,119.8,1,8,19.4,36.2,6-6-6-7,栗東 杉山晴,444,6,
202508030711,2025-10-19,京都,11,秋華賞,芝,2000,右,曇,良,"3回 京都 7日目 サラ系３歳 オープン       (国際) 牝(指) 馬齢 18頭 本賞金:11000,4400,2800,1700,1100万円",18,11000.0,15,1,1,ダノンフェアレディ,牝,3,55.0,坂井,120.0,1.1/4,7,18.8,36.7,3-2-3-3,栗東 橋口,470,-12,
202508030711,2025-10-19,京都,11,秋華賞,芝,2000,右,曇,良,"3回 京都 7日目 サラ系３歳 オープン       (国際) 牝(指) 馬齢 18頭 本賞金:11000,4400,2800,1700,1100万円",18,11000.0,16,8,17,カムニャック,牝,3,55.0,川田,120.2,1.1/4,1,2.1,36.9,3-4-3-3,栗東 友道,490,8,
202508030711,2025-10-19,京都,11,秋華賞,芝,2000,右,曇,良,"3回 京都 7日目 サラ系３歳 オープン       (国際) 牝(指) 馬齢 18頭 本賞金:11000,4400,2800,1700,1100万円",18,11000.0,17,2,4,レーゼドラマ,牝,3,55.0,藤岡佑,122.1,大,15,78.0,37.6,17-17-17-18,栗東 辻野,474,-2,
202508030711,2025-10-19,京都,11,秋華賞,芝,2000,右,曇,良,"3回 京都 7日目 サラ系３歳 オープン       (国際) 牝(指) 馬齢 18頭 本賞金:11000,4400,2800,1700,1100万円",18,11000.0,18,3,5,ブラウンラチェット,牝,3,55.0,池添,127.0,大,13,45.5,42.9,6-10-11-15,美浦 手塚久,440,-2,
202508030711,2025-10-19,京都,11,秋華賞,芝,2000,右,曇,良,"3回 京都 7日目 サラ系３歳 オープン       (国際) 牝(指) 馬齢 18頭 本賞金:11000,4400,2800,1700,1100万円",18,11000.0,,1,11,エンブロイダリー,,,101.0,107,,12.8,9,11.3,5.0,12.0,4,,,
202508030711,2025-10-19,京都,11,秋華賞,芝,2000,右,曇,良,"3回 京都 7日目 サラ系３歳 オープン       (国際) 牝(指) 馬齢 18頭 本賞金:11000,4400,2800,1700,1100万円",18,11000.0,,1,11,エンブロイダリー,,,0.428,7.31,,6.32,,7.69,0.432,7.34,0.434,,,
202508030712,2025-10-19,京都,12,聚楽第特別,ダ,1800,右,曇,良,"3回 京都 7日目 サラ系３歳以上 ２勝クラス       (混)[指] 定量 14頭 本賞金:1550,620,390,230,155万円",14,1550.0,1,6,9,テスティモーネ,牡,3,56.0,古川吉,110.9,,1,3.3,36.9,5-5-4-2,栗東 大根田,520,2,
202508030712,2025-10-19,京都,12,聚楽第特別,ダ,1800,右,曇,良,"3回 京都 7日目 サラ系３歳以上 ２勝クラス       (混)[指] 定量 14頭 本賞金:1550,620,390,230,155万円",14,1550.0,2,4,6,バッケンレコード,牡,3,56.0,太宰,111.0,クビ,6,10.7,36.8,7-7-6-5,栗東 秋山,490,2,
202508030712,2025-10-19,京都,12,聚楽第特別,ダ,1800,右,曇,良,"3回 京都 7日目 サラ系３歳以上 ２勝クラス       (混)[指] 定量 14頭 本賞金:1550,620,390,230,155万円",14,1550.0,3,1,1,クリノフィガロ,牡,4,58.0,岩田望,111.4,2.1/2,5,8.4,36.9,11-11-9-7,栗東 荒川,496,0,
202508030712,2025-10-19,京都,12,聚楽第特別,ダ,1800,右,曇,良,"3回 京都 7日目 サラ系３歳以上 ２勝クラス       (混)[指] 定量 14頭 本賞金:1550,620,390,230,155万円",14,1550.0,4,2,2,プルナチャンドラ,牡,4,58.0,酒井,111.5,3/4,11,44.0,36.8,12-11-11-9,美浦 小野,506,-18,
202508030712,2025-10-19,京都,12,聚楽第特別,ダ,1800,右,曇,良,"3回 京都 7日目 サラ系３歳以上 ２勝クラス       (混)[指] 定量 14頭 本賞金:1550,620,390,230,155万円",14,1550.0,5,7,12,アンバードール,牡,4,58.0,川田,111.7,1.1/2,3,6.3,37.3,7-7-7-7,栗東 吉岡,508,4,
202508030712,2025-10-19,京都,12,聚楽第特別,ダ,1800,右,曇,良,"3回 京都 7日目 サラ系３歳以上 ２勝クラス       (混)[指] 定量 14頭 本賞金:1550,620,390,230,155万円",14,1550.0,6,3,3,ポッドフォルク,牡,3,56.0,松山,112.1,2,7,16.0,38.4,2-2-2-2,栗東 西園正,492,0,
202508030712,2025-10-19,京都,12,聚楽第特別,ダ,1800,右,曇,良,"3回 京都 7日目 サラ系３歳以上 ２勝クラス       (混)[指] 定量 14頭 本賞金:1550,620,390,230,155万円",14,1550.0,7,4,5,メイショウマントル,牡,7,58.0,高倉,112.2,1/2,14,129.2,37.3,13-13-13-11,栗東 安達,512,0,
202508030712,2025-10-19,京都,12,聚楽第特別,ダ,1800,右,曇,良,"3回 京都 7日目 サラ系３歳以上 ２勝クラス       (混)[指] 定量 14頭 本賞金:1550,620,390,230,155万円",14,1550.0,8,5,8,アーロンイメル,牡,4,58.0,藤懸,112.3,クビ,8,16.5,38.8,1-1-1-1,栗東 高橋一,500,4,
202508030712,2025-10-19,京都,12,聚楽第特別,ダ,1800,右,曇,良,"3回 京都 7日目 サラ系３歳以上 ２勝クラス       (混)[指] 定量 14頭 本賞金:1550,620,390,230,155万円",14,1550.0,9,3,4,ストップヤーニング,牡,3,56.0,高杉,112.5,1,2,5.5,37.9,9-9-9-9,栗東 羽月,436,-6,
202508030712,2025-10-19,京都,12,聚楽第特別,ダ,1800,右,曇,良,"3回 京都 7日目 サラ系３歳以上 ２勝クラス       (混)[指] 定量 14頭 本賞金:1550,620,390,230,155万円",14,1550.0,10,7,11,インペリアルライン,セ,6,58.0,丹内,112.7,1.1/2,10,39.0,36.2,14-14-14-14,美浦 中舘,474,-2,
202508030712,2025-10-19,京都,12,聚楽第特別,ダ,1800,右,曇,良,"3回 京都 7日目 サラ系３歳以上 ２勝クラス       (混)[指] 定量 14頭 本賞金:1550,620,390,230,155万円",14,1550.0,11,6,10,アリエスキング,牡,4,58.0,田口,113.0,2,4,6.4,38.5,6-6-7-11,栗東 庄野,470,8,
202508030712,2025-10-19,京都,12,聚楽第特別,ダ,1800,右,曇,良,"3回 京都 7日目 サラ系３歳以上 ２勝クラス       (混)[指] 定量 14頭 本賞金:1550,620,390,230,155万円",14,1550.0,12,5,7,タガノマルアフ,牡,3,56.0,横山武,113.6,3.1/2,12,63.6,38.6,9-9-11-13,栗東 角田,480,4,
202508030712,2025-10-19,京都,12,聚楽第特別,ダ,1800,右,曇,良,"3回 京都 7日目 サラ系３歳以上 ２勝クラス       (混)[指] 定量 14頭 本賞金:1550,620,390,230,155万円",14,1550.0,13,8,14,トーレ,牡,4,58.0,松若,114.0,2.1/2,9,24.4,40.2,2-3-2-2,栗東 高橋亮,492,-6,
202508030712,2025-10-19,京都,12,聚楽第特別,ダ,1800,右,曇,良,"3回 京都 7日目 サラ系３歳以上 ２勝クラス       (混)[指] 定量 14頭 本賞金:1550,620,390,230,155万円",14,1550.0,14,8,13,ヴォルスター,牡,4,58.0,吉村,114.3,1.3/4,13,115.7,40.3,4-4-4-6,栗東 清水久,434,0,
202508030712,2025-10-19,京都,12,聚楽第特別,ダ,1800,右,曇,良,"3回 京都 7日目 サラ系３歳以上 ２勝クラス       (混)[指] 定量 14頭 本賞金:1550,620,390,230,155万円",14,1550.0,,1,9,テスティモーネ,,,103.0,105,,12.3,5,11.5,3.0,12.3,3,,,
202508030712,2025-10-19,京都,12,聚楽第特別,ダ,1800,右,曇,良,"3回 京都 7日目 サラ系３歳以上 ２勝クラス       (混)[指] 定量 14頭 本賞金:1550,620,390,230,155万円",14,1550.0,,1,9,テスティモーネ,,,,-,,-,,,,-,-,,,
202504040301,2025-10-25,新潟,1,2歳未勝利,芝,1200,左,晴,良,"4回 新潟 3日目 サラ系２歳 未勝利       [指] 馬齢 15頭 本賞金:560,220,140,84,56万円",15,560.0,1,3,5,ラテラルパーム,牡,2,56.0,丹内,70.1,,2,3.4,35.6,3-3,美浦 栗田,458,6,
202504040301,2025-10-25,新潟,1,2歳未勝利,芝,1200,左,晴,良,"4回 新潟 3日目 サラ系２歳 未勝利       [指] 馬齢 15頭 本賞金:560,220,140,84,56万円",15,560.0,2,7,13,カレンデュラ,牝,2,55.0,嶋田,70.1,ハナ,3,3.7,35.5,3-3,美浦 南田,420,-2,
202504040301,2025-10-25,新潟,1,2歳未勝利,芝,1200,左,晴,良,"4回 新潟 3日目 サラ系２歳 未勝利       [指] 馬齢 15頭 本賞金:560,220,140,84,56万円",15,560.0,3,7,12,インザライムライト,牝,2,55.0,斎藤,70.2,クビ,14,115.5,35.0,11-10,美浦 和田雄,430,-2,
202504040301,2025-10-25,新潟,1,2歳未勝利,芝,1200,左,晴,良,"4回 新潟 3日目 サラ系２歳 未勝利       [指] 馬齢 15頭 本賞金:560,220,140,84,56万円",15,560.0,4,8,15,ジーティーシップ,牡,2,56.0,荻野極,70.3,1/2,7,36.4,35.6,6-6,栗東 森田,464,4,
202504040301,2025-10-25,新潟,1,2歳未勝利,芝,1200,左,晴,良,"4回 新潟 3日目 サラ系２歳 未勝利       [指] 馬齢 15頭 本賞金:560,220,140,84,56万円",15,560.0,5,5,9,ハンザキ,牝,2,52.0,▲舟山,70.3,クビ,8,39.1,35.1,11-10,栗東 高橋忠,442,-8,
202504040301,2025-10-25,新潟,1,2歳未勝利,芝,1200,左,晴,良,"4回 新潟 3日目 サラ系２歳 未勝利       [指] 馬齢 15頭 本賞金:560,220,140,84,56万円",15,560.0,6,5,8,マーゴットミスト,牡,2,56.0,鮫島駿,70.3,ハナ,1,3.3,35.3,8-8,栗東 杉山佳,524,12,
202504040301,2025-10-25,新潟,1,2歳未勝利,芝,1200,左,晴,良,"4回 新潟 3日目 サラ系２歳 未勝利       [指] 馬齢 15頭 本賞金:560,220,140,84,56万円",15,560.0,7,4,6,ゴールドヴィーナス,牝,2,55.0,丸山,70.4,1/2,4,9.0,36.1,2-2,栗東 森秀,462,0,
202504040301,2025-10-25,新潟,1,2歳未勝利,芝,1200,左,晴,良,"4回 新潟 3日目 サラ系２歳 未勝利       [指] 馬齢 15頭 本賞金:560,220,140,84,56万円",15,560.0,8,2,3,ケイベエ,牡,2,53.0,▲佐藤,70.5,クビ,6,16.6,35.9,3-3,美浦 杉浦,460,-2,
202504040301,2025-10-25,新潟,1,2歳未勝利,芝,1200,左,晴,良,"4回 新潟 3日目 サラ系２歳 未勝利       [指] 馬齢 15頭 本賞金:560,220,140,84,56万円",15,560.0,9,3,4,メーテルリンク,牝,2,52.0,▲石田,70.7,1.1/2,11,76.7,35.9,6-6,美浦 深山,414,-2,
202504040301,2025-10-25,新潟,1,2歳未勝利,芝,1200,左,晴,良,"4回 新潟 3日目 サラ系２歳 未勝利       [指] 馬齢 15頭 本賞金:560,220,140,84,56万円",15,560.0,10,6,10,カシノハンゾウ,牡,2,53.0,▲上里,70.8,3/4,10,67.9,35.4,14-14,美浦 蛯名利,456,-4,
202504040301,2025-10-25,新潟,1,2歳未勝利,芝,1200,左,晴,良,"4回 新潟 3日目 サラ系２歳 未勝利       [指] 馬齢 15頭 本賞金:560,220,140,84,56万円",15,560.0,11,2,2,ヒャクレツケン,牡,2,52.0,★河原田,70.8,アタマ,12,91.5,35.7,10-10,美浦 青木,450,2,
202504040301,2025-10-25,新潟,1,2歳未勝利,芝,1200,左,晴,良,"4回 新潟 3日目 サラ系２歳 未勝利       [指] 馬齢 15頭 本賞金:560,220,140,84,56万円",15,560.0,12,4,7,イイクニパッション,牡,2,53.0,▲石神道,70.9,1/2,5,11.3,36.6,1-1,美浦 深山,494,10,
202504040301,2025-10-25,新潟,1,2歳未勝利,芝,1200,左,晴,良,"4回 新潟 3日目 サラ系２歳 未勝利       [指] 馬齢 15頭 本賞金:560,220,140,84,56万円",15,560.0,13,8,14,ニシノギブソン,牡,2,56.0,野中,71.0,クビ,13,114.3,35.7,11-13,美浦 根本,464,-8,
202504040301,2025-10-25,新潟,1,2歳未勝利,芝,1200,左,晴,良,"4回 新潟 3日目 サラ系２歳 未勝利       [指] 馬齢 15頭 本賞金:560,220,140,84,56万円",15,560.0,14,6,11,アダマント,牡,2,56.0,小沢,71.0,クビ,9,51.7,36.0,8-8,栗東 高橋一,446,6,
202504040301,2025-10-25,新潟,1,2歳未勝利,芝,1200,左,晴,良,"4回 新潟 3日目 サラ系２歳 未勝利       [指] 馬齢 15頭 本賞金:560,220,140,84,56万円",15,560.0,15,1,1,シンデレラヒメ,牝,2,55.0,菊沢,71.2,1.1/2,15,163.2,35.5,15-15,美浦 石栗,452,4,
202504040301,2025-10-25,新潟,1,2歳未勝利,芝,1200,左,晴,良,"4回 新潟 3日目 サラ系２歳 未勝利       [指] 馬齢 15頭 本賞金:560,220,140,84,56万円",15,560.0,,1,5,ラテラルパーム,,,93.0,90,,12.3,4,10.8,3.0,11.4,2,,,
202504040301,2025-10-25,新潟,1,2歳未勝利,芝,1200,左,晴,良,"4回 新潟 3日目 サラ系２歳 未勝利       [指] 馬齢 15頭 本賞金:560,220,140,84,56万円",15,560.0,,1,5,ラテラルパーム,,,,-,,-,,,,-,-,,,
202504040302,2025-10-25,新潟,2,2歳未勝利,ダ,1200,左,晴,良,"4回 新潟 3日目 サラ系２歳 未勝利       [指] 馬齢 15頭 本賞金:560,220,140,84,56万円",15,560.0,1,3,4,レディサン,牝,2,55.0,丹内,72.1,,1,2.4,37.6,1-1,美浦 栗田,462,12,
202504040302,2025-10-25,新潟,2,2歳未勝利,ダ,1200,左,晴,良,"4回 新潟 3日目 サラ系２歳 未勝利       [指] 馬齢 15頭 本賞金:560,220,140,84,56万円",15,560.0,2,5,8,ウーマンズパワー,牝,2,55.0,荻野極,72.8,4,3,8.0,38.1,2-2,栗東 中尾,456,0,
202504040302,2025-10-25,新潟,2,2歳未勝利,ダ,1200,左,晴,良,"4回 新潟 3日目 サラ系２歳 未勝利       [指] 馬齢 15頭 本賞金:560,220,140,84,56万円",15,560.0,3,3,5,ピョイットハレルヤ,牝,2,55.0,藤懸,73.9,7,12,67.4,38.9,4-4,栗東 浜田,454,4,
202504040302,2025-10-25,新潟,2,2歳未勝利,ダ,1200,左,晴,良,"4回 新潟 3日目 サラ系２歳 未勝利       [指] 馬齢 15頭 本賞金:560,220,140,84,56万円",15,560.0,4,5,9,エイシンビリオン,牝,2,55.0,小沢,74.1,1,4,8.9,39.1,4-6,栗東 今野,468,6,
202504040302,2025-10-25,新潟,2,2歳未勝利,ダ,1200,左,晴,良,"4回 新潟 3日目 サラ系２歳 未勝利       [指] 馬齢 15頭 本賞金:560,220,140,84,56万円",15,560.0,5,4,6,フレンチブラッサム,牝,2,55.0,野中,74.2,クビ,10,26.5,38.9,9-7,美浦 柄崎,442,-2,
202504040302,2025-10-25,新潟,2,2歳未勝利,ダ,1200,左,晴,良,"4回 新潟 3日目 サラ系２歳 未勝利       [指] 馬齢 15頭 本賞金:560,220,140,84,56万円",15,560.0,6,1,1,キタノマテンロウ,牝,2,55.0,菊沢,74.2,ハナ,14,222.4,38.0,15-13,美浦 萱野,460,6,
202504040302,2025-10-25,新潟,2,2歳未勝利,ダ,1200,左,晴,良,"4回 新潟 3日目 サラ系２歳 未勝利       [指] 馬齢 15頭 本賞金:560,220,140,84,56万円",15,560.0,7,4,7,ミュージックレイン,牝,2,55.0,江田照,74.3,1,2,6.5,39.0,9-7,美浦 村田,452,16,
202504040302,2025-10-25,新潟,2,2歳未勝利,ダ,1200,左,晴,良,"4回 新潟 3日目 サラ系２歳 未勝利       [指] 馬齢 15頭 本賞金:560,220,140,84,56万円",15,560.0,8,6,10,ゴーゴーエイミー,牝,2,52.0,▲舟山,74.6,1.3/4,6,12.1,39.4,8-11,栗東 東田,468,26,
202504040302,2025-10-25,新潟,2,2歳未勝利,ダ,1200,左,晴,良,"4回 新潟 3日目 サラ系２歳 未勝利       [指] 馬齢 15頭 本賞金:560,220,140,84,56万円",15,560.0,9,6,11,タイセイガナール,牡,2,56.0,黛,74.7,クビ,9,23.1,39.0,13-13,美浦 伊藤圭,472,2,
202504040302,2025-10-25,新潟,2,2歳未勝利,ダ,1200,左,晴,良,"4回 新潟 3日目 サラ系２歳 未勝利       [指] 馬齢 15頭 本賞金:560,220,140,84,56万円",15,560.0,10,2,2,マーゴットオネイロ,牡,2,56.0,斎藤,75.2,3,7,13.2,39.9,9-7,栗東 小林,482,2,
202504040302,2025-10-25,新潟,2,2歳未勝利,ダ,1200,左,晴,良,"4回 新潟 3日目 サラ系２歳 未勝利       [指] 馬齢 15頭 本賞金:560,220,140,84,56万円",15,560.0,11,8,14,ベアゴーフォー,牡,2,53.0,▲佐藤,75.3,クビ,11,58.7,39.9,12-11,美浦 杉浦,462,10,
202504040302,2025-10-25,新潟,2,2歳未勝利,ダ,1200,左,晴,良,"4回 新潟 3日目 サラ系２歳 未勝利       [指] 馬齢 15頭 本賞金:560,220,140,84,56万円",15,560.0,12,7,13,ガルディーノ,牡,2,53.0,▲石田,76.0,4,13,166.9,40.3,13-13,美浦 新開,484,-2,
202504040302,2025-10-25,新潟,2,2歳未勝利,ダ,1200,左,晴,良,"4回 新潟 3日目 サラ系２歳 未勝利       [指] 馬齢 15頭 本賞金:560,220,140,84,56万円",15,560.0,13,2,3,ナムラリアン,牝,2,55.0,武藤,76.3,2,15,235.9,41.3,4-4,美浦 武藤,404,6,
202504040302,2025-10-25,新潟,2,2歳未勝利,ダ,1200,左,晴,良,"4回 新潟 3日目 サラ系２歳 未勝利       [指] 馬齢 15頭 本賞金:560,220,140,84,56万円",15,560.0,14,7,12,ダブルチャレンジ,牝,2,53.0,◇今村,77.0,4,5,9.2,42.2,3-3,美浦 深山,438,12,
202504040302,2025-10-25,新潟,2,2歳未勝利,ダ,1200,左,晴,良,"4回 新潟 3日目 サラ系２歳 未勝利       [指] 馬齢 15頭 本賞金:560,220,140,84,56万円",15,560.0,15,8,15,オアシスアラン,牡,2,55.0,☆松本,77.7,4,8,15.1,42.7,4-10,栗東 高柳大,480,-6,
202504040302,2025-10-25,新潟,2,2歳未勝利,ダ,1200,左,晴,良,"4回 新潟 3日目 サラ系２歳 未勝利       [指] 馬齢 15頭 本賞金:560,220,140,84,56万円",15,560.0,,1,4,レディサン,,,102.0,100,,12.0,2,11.0,2.0,11.5,1,,,
202504040302,2025-10-25,新潟,2,2歳未勝利,ダ,1200,左,晴,良,"4回 新潟 3日目 サラ系２歳 未勝利       [指] 馬齢 15頭 本賞金:560,220,140,84,56万円",15,560.0,,1,4,レディサン,,,,-,,-,,,,-,-,,,
202504040303,2025-10-25,新潟,3,2歳未勝利,芝,1800,左,晴,良,"4回 新潟 3日目 サラ系２歳 未勝利       [指] 馬齢 13頭 本賞金:560,220,140,84,56万円",13,560.0,1,8,12,ショウナンダイン,牡,2,56.0,丸山,108.7,,1,2.5,33.6,10-9,美浦 森一,476,-4,
202504040303,2025-10-25,新潟,3,2歳未勝利,芝,1800,左,晴,良,"4回 新潟 3日目 サラ系２歳 未勝利       [指] 馬齢 13頭 本賞金:560,220,140,84,56万円",13,560.0,2,5,7,ローズプリンセス,牝,2,55.0,荻野極,109.0,1.3/4,2,3.6,34.4,3-3,美浦 上原佑,440,8,
202504040303,2025-10-25,新潟,3,2歳未勝利,芝,1800,左,晴,良,"4回 新潟 3日目 サラ系２歳 未勝利       [指] 馬齢 13頭 本賞金:560,220,140,84,56万円",13,560.0,3,1,1,アイドクレース,牝,2,52.0,▲石神道,109.0,ハナ,4,11.3,33.7,12-11,美浦 金成,430,2,
202504040303,2025-10-25,新潟,3,2歳未勝利,芝,1800,左,晴,良,"4回 新潟 3日目 サラ系２歳 未勝利       [指] 馬齢 13頭 本賞金:560,220,140,84,56万円",13,560.0,4,4,5,マンサニージャ,牝,2,55.0,丹内,109.1,1/2,3,3.7,34.5,3-3,美浦 菊川,432,0,
202504040303,2025-10-25,新潟,3,2歳未勝利,芝,1800,左,晴,良,"4回 新潟 3日目 サラ系２歳 未勝利       [指] 馬齢 13頭 本賞金:560,220,140,84,56万円",13,560.0,5,3,3,アルカマル,牡,2,56.0,杉原,109.1,ハナ,7,31.1,34.6,2-2,美浦 青木,468,10,
202504040303,2025-10-25,新潟,3,2歳未勝利,芝,1800,左,晴,良,"4回 新潟 3日目 サラ系２歳 未勝利       [指] 馬齢 13頭 本賞金:560,220,140,84,56万円",13,560.0,6,6,9,フーディエラン,牝,2,55.0,横山琉,109.2,1,5,13.8,34.4,5-5,美浦 田中剛,420,-4,
202504040303,2025-10-25,新潟,3,2歳未勝利,芝,1800,左,晴,良,"4回 新潟 3日目 サラ系２歳 未勝利       [指] 馬齢 13頭 本賞金:560,220,140,84,56万円",13,560.0,7,7,10,ホノボノ,牡,2,54.0,◇永島,109.4,1,8,45.0,35.1,1-1,美浦 尾形,450,14,
202504040303,2025-10-25,新潟,3,2歳未勝利,芝,1800,左,晴,良,"4回 新潟 3日目 サラ系２歳 未勝利       [指] 馬齢 13頭 本賞金:560,220,140,84,56万円",13,560.0,8,7,11,ガミーヌ,牝,2,55.0,武藤,109.5,1,6,17.0,34.5,7-7,美浦 水野,440,-2,
202504040303,2025-10-25,新潟,3,2歳未勝利,芝,1800,左,晴,良,"4回 新潟 3日目 サラ系２歳 未勝利       [指] 馬齢 13頭 本賞金:560,220,140,84,56万円",13,560.0,9,2,2,キーサーバー,牡,2,56.0,小林脩,109.8,1.1/2,13,176.6,35.0,5-5,美浦 青木,434,0,
202504040303,2025-10-25,新潟,3,2歳未勝利,芝,1800,左,晴,良,"4回 新潟 3日目 サラ系２歳 未勝利       [指] 馬齢 13頭 本賞金:560,220,140,84,56万円",13,560.0,10,8,13,パンジー,牝,2,55.0,黛,109.9,クビ,9,83.5,34.9,7-7,美浦 深山,442,2,
202504040303,2025-10-25,新潟,3,2歳未勝利,芝,1800,左,晴,良,"4回 新潟 3日目 サラ系２歳 未勝利       [指] 馬齢 13頭 本賞金:560,220,140,84,56万円",13,560.0,11,4,4,カタッポチャン,牝,2,55.0,木幡育,110.4,3.1/2,12,154.0,35.0,9-9,美浦 松永康,416,0,
202504040303,2025-10-25,新潟,3,2歳未勝利,芝,1800,左,晴,良,"4回 新潟 3日目 サラ系２歳 未勝利       [指] 馬齢 13頭 本賞金:560,220,140,84,56万円",13,560.0,12,5,6,メープルタフィー,牝,2,52.0,▲上里,110.8,2,10,94.5,35.2,10-11,美浦 佐藤吉,412,6,
202504040303,2025-10-25,新潟,3,2歳未勝利,芝,1800,左,晴,良,"4回 新潟 3日目 サラ系２歳 未勝利       [指] 馬齢 13頭 本賞金:560,220,140,84,56万円",13,560.0,13,6,8,アポロンテソーロ,牡,2,56.0,菊沢,111.2,2.1/2,11,103.0,35.1,13-13,美浦 嘉藤,478,16,
202504040303,2025-10-25,新潟,3,2歳未勝利,芝,1800,左,晴,良,"4回 新潟 3日目 サラ系２歳 未勝利       [指] 馬齢 13頭 本賞金:560,220,140,84,56万円",13,560.0,,1,12,ショウナンダイン,,,87.0,71,,13.5,8,11.7,5.0,12.2,4,,,
202504040303,2025-10-25,新潟,3,2歳未勝利,芝,1800,左,晴,良,"4回 新潟 3日目 サラ系２歳 未勝利       [指] 馬齢 13頭 本賞金:560,220,140,84,56万円",13,560.0,,1,12,ショウナンダイン,,,,-,,-,,,,-,-,,,
202504040304,2025-10-25,新潟,4,3歳以上1勝クラス,ダ,1200,左,晴,良,"4回 新潟 3日目 サラ系３歳以上 １勝クラス       牝[指] 定量 15頭 本賞金:800,320,200,120,80万円",15,800.0,1,3,5,ロッカバイベイビー,牝,3,52.0,▲佐藤,71.9,,1,2.6,37.1,5-5,美浦 伊藤圭,454,4,
202504040304,2025-10-25,新潟,4,3歳以上1勝クラス,ダ,1200,左,晴,良,"4回 新潟 3日目 サラ系３歳以上 １勝クラス       牝[指] 定量 15頭 本賞金:800,320,200,120,80万円",15,800.0,2,3,4,ゴールデンチップス,牝,4,56.0,富田,72.2,2,8,39.0,37.1,7-7,栗東 須貝,500,-4,
202504040304,2025-10-25,新潟,4,3歳以上1勝クラス,ダ,1200,左,晴,良,"4回 新潟 3日目 サラ系３歳以上 １勝クラス       牝[指] 定量 15頭 本賞金:800,320,200,120,80万円",15,800.0,3,2,2,クインズシャウラ,牝,4,54.0,◇永島,72.2,クビ,9,40.0,36.7,10-8,栗東 野中,426,0,
202504040304,2025-10-25,新潟,4,3歳以上1勝クラス,ダ,1200,左,晴,良,"4回 新潟 3日目 サラ系３歳以上 １勝クラス       牝[指] 定量 15頭 本賞金:800,320,200,120,80万円",15,800.0,4,7,13,トゥインクルアップ,牝,3,55.0,丹内,72.3,1/2,2,2.6,38.1,2-2,栗東 杉山佳,480,-6,
202504040304,2025-10-25,新潟,4,3歳以上1勝クラス,ダ,1200,左,晴,良,"4回 新潟 3日目 サラ系３歳以上 １勝クラス       牝[指] 定量 15頭 本賞金:800,320,200,120,80万円",15,800.0,5,6,11,ガールネクストドア,牝,3,55.0,杉原,72.6,1.3/4,7,38.3,37.3,9-8,美浦 南田,456,6,
202504040304,2025-10-25,新潟,4,3歳以上1勝クラス,ダ,1200,左,晴,良,"4回 新潟 3日目 サラ系３歳以上 １勝クラス       牝[指] 定量 15頭 本賞金:800,320,200,120,80万円",15,800.0,6,5,8,フォンメイリー,牝,6,54.0,◇今村,72.6,ハナ,4,13.9,38.1,4-4,美浦 粕谷,494,0,
202504040304,2025-10-25,新潟,4,3歳以上1勝クラス,ダ,1200,左,晴,良,"4回 新潟 3日目 サラ系３歳以上 １勝クラス       牝[指] 定量 15頭 本賞金:800,320,200,120,80万円",15,800.0,7,8,14,ノーブルミステリー,牝,5,53.0,▲舟山,72.8,3/4,6,22.6,36.7,15-14,美浦 菊川,462,0,
202504040304,2025-10-25,新潟,4,3歳以上1勝クラス,ダ,1200,左,晴,良,"4回 新潟 3日目 サラ系３歳以上 １勝クラス       牝[指] 定量 15頭 本賞金:800,320,200,120,80万円",15,800.0,8,4,7,キャリーグレイス,牝,3,55.0,菊沢,72.8,クビ,10,47.8,38.6,2-2,栗東 寺島,448,-8,
202504040304,2025-10-25,新潟,4,3歳以上1勝クラス,ダ,1200,左,晴,良,"4回 新潟 3日目 サラ系３歳以上 １勝クラス       牝[指] 定量 15頭 本賞金:800,320,200,120,80万円",15,800.0,9,4,6,メイショウバスク,牝,3,52.0,▲古川奈,73.2,2.1/2,11,49.4,37.5,12-10,栗東 梅田,468,2,
202504040304,2025-10-25,新潟,4,3歳以上1勝クラス,ダ,1200,左,晴,良,"4回 新潟 3日目 サラ系３歳以上 １勝クラス       牝[指] 定量 15頭 本賞金:800,320,200,120,80万円",15,800.0,10,6,10,チェルシー,牝,4,53.0,▲上里,73.4,3/4,5,20.3,37.6,12-14,美浦 中舘,440,2,
202504040304,2025-10-25,新潟,4,3歳以上1勝クラス,ダ,1200,左,晴,良,"4回 新潟 3日目 サラ系３歳以上 １勝クラス       牝[指] 定量 15頭 本賞金:800,320,200,120,80万円",15,800.0,11,8,15,サンマルリアン,牝,5,56.0,小林凌,73.8,2.1/2,15,423.8,38.2,10-10,美浦 土田,460,12,
202504040304,2025-10-25,新潟,4,3歳以上1勝クラス,ダ,1200,左,晴,良,"4回 新潟 3日目 サラ系３歳以上 １勝クラス       牝[指] 定量 15頭 本賞金:800,320,200,120,80万円",15,800.0,12,2,3,デアデルマーレ,牝,5,56.0,中井,74.3,3,12,83.7,39.4,5-6,栗東 坂口,484,8,
202504040304,2025-10-25,新潟,4,3歳以上1勝クラス,ダ,1200,左,晴,良,"4回 新潟 3日目 サラ系３歳以上 １勝クラス       牝[指] 定量 15頭 本賞金:800,320,200,120,80万円",15,800.0,13,7,12,サクラサルーテ,牝,4,55.0,☆松本,74.5,1.1/4,14,321.0,38.5,14-10,美浦 田島,460,10,
202504040304,2025-10-25,新潟,4,3歳以上1勝クラス,ダ,1200,左,晴,良,"4回 新潟 3日目 サラ系３歳以上 １勝クラス       牝[指] 定量 15頭 本賞金:800,320,200,120,80万円",15,800.0,14,1,1,カロローザ,牝,3,55.0,鮫島駿,74.9,2.1/2,3,5.2,40.8,1-1,栗東 松永幹,474,-6,
202504040304,2025-10-25,新潟,4,3歳以上1勝クラス,ダ,1200,左,晴,良,"4回 新潟 3日目 サラ系３歳以上 １勝クラス       牝[指] 定量 15頭 本賞金:800,320,200,120,80万円",15,800.0,15,5,9,グレースルージュ,牝,4,52.0,★河原田,75.4,3.1/2,13,301.6,40.2,8-10,栗東 吉村,454,2,
202504040304,2025-10-25,新潟,4,3歳以上1勝クラス,ダ,1200,左,晴,良,"4回 新潟 3日目 サラ系３歳以上 １勝クラス       牝[指] 定量 15頭 本賞金:800,320,200,120,80万円",15,800.0,,1,5,ロッカバイベイビー,,,96.0,92,,12.1,4,11.1,3.0,11.6,2,,,
202504040304,2025-10-25,新潟,4,3歳以上1勝クラス,ダ,1200,左,晴,良,"4回 新潟 3日目 サラ系３歳以上 １勝クラス       牝[指] 定量 15頭 本賞金:800,320,200,120,80万円",15,800.0,,1,5,ロッカバイベイビー,,,,-,,-,,,,-,-,,,
202504040305,2025-10-25,新潟,5,3歳以上1勝クラス,ダ,1800,左,晴,良,"4回 新潟 3日目 サラ系３歳以上 １勝クラス       [指] 定量 14頭 本賞金:800,320,200,120,80万円",14,800.0,1,6,10,ショウサンジョージ,牡,3,56.0,国分優,112.7,,3,4.8,37.6,2-2-2-2,栗東 松下,490,0,
202504040305,2025-10-25,新潟,5,3歳以上1勝クラス,ダ,1800,左,晴,良,"4回 新潟 3日目 サラ系３歳以上 １勝クラス       [指] 定量 14頭 本賞金:800,320,200,120,80万円",14,800.0,2,8,14,マテンロウブレイブ,牡,3,56.0,太宰,113.1,2.1/2,2,3.5,36.8,14-14-13-12,栗東 高橋亮,486,-4,
202504040305,2025-10-25,新潟,5,3歳以上1勝クラス,ダ,1800,左,晴,良,"4回 新潟 3日目 サラ系３歳以上 １勝クラス       [指] 定量 14頭 本賞金:800,320,200,120,80万円",14,800.0,3,3,4,カーフキック,牡,3,56.0,武藤,113.4,2,4,8.4,37.4,11-11-10-8,美浦 高橋文,446,-4,
202504040305,2025-10-25,新潟,5,3歳以上1勝クラス,ダ,1800,左,晴,良,"4回 新潟 3日目 サラ系３歳以上 １勝クラス       [指] 定量 14頭 本賞金:800,320,200,120,80万円",14,800.0,4,6,9,クラリネットソナタ,牝,3,51.0,▲舟山,113.6,1,1,3.2,38.4,2-2-3-2,美浦 田中博,496,8,
202504040305,2025-10-25,新潟,5,3歳以上1勝クラス,ダ,1800,左,晴,良,"4回 新潟 3日目 サラ系３歳以上 １勝クラス       [指] 定量 14頭 本賞金:800,320,200,120,80万円",14,800.0,5,5,8,ユイノコキュウ,牡,4,56.0,◇今村,113.8,1.1/2,9,53.7,38.8,1-1-1-1,美浦 竹内,480,-6,
202504040305,2025-10-25,新潟,5,3歳以上1勝クラス,ダ,1800,左,晴,良,"4回 新潟 3日目 サラ系３歳以上 １勝クラス       [指] 定量 14頭 本賞金:800,320,200,120,80万円",14,800.0,6,2,2,ダイオジェナイト,牡,4,58.0,丹内,113.9,クビ,5,10.8,38.6,5-5-4-4,美浦 稲垣,448,4,
202504040305,2025-10-25,新潟,5,3歳以上1勝クラス,ダ,1800,左,晴,良,"4回 新潟 3日目 サラ系３歳以上 １勝クラス       [指] 定量 14頭 本賞金:800,320,200,120,80万円",14,800.0,7,4,5,バレンシア,牝,3,54.0,鮫島駿,113.9,クビ,8,20.5,38.2,10-10-6-6,栗東 笹田,458,-4,
202504040305,2025-10-25,新潟,5,3歳以上1勝クラス,ダ,1800,左,晴,良,"4回 新潟 3日目 サラ系３歳以上 １勝クラス       [指] 定量 14頭 本賞金:800,320,200,120,80万円",14,800.0,8,1,1,コズミックダンサー,牡,3,53.0,▲和田陽,114.0,クビ,6,14.3,38.0,9-9-10-9,栗東 藤原,474,-14,
202504040305,2025-10-25,新潟,5,3歳以上1勝クラス,ダ,1800,左,晴,良,"4回 新潟 3日目 サラ系３歳以上 １勝クラス       [指] 定量 14頭 本賞金:800,320,200,120,80万円",14,800.0,9,5,7,レヴァントリ,牡,3,56.0,小沢,114.6,3.1/2,12,132.5,39.1,5-5-5-5,美浦 大和田,472,-2,
202504040305,2025-10-25,新潟,5,3歳以上1勝クラス,ダ,1800,左,晴,良,"4回 新潟 3日目 サラ系３歳以上 １勝クラス       [指] 定量 14頭 本賞金:800,320,200,120,80万円",14,800.0,10,4,6,ベイビールビオ,牡,6,58.0,杉原,114.7,クビ,13,179.2,38.7,11-12-10-9,美浦 田村,496,-4,
202504040305,2025-10-25,新潟,5,3歳以上1勝クラス,ダ,1800,左,晴,良,"4回 新潟 3日目 サラ系３歳以上 １勝クラス       [指] 定量 14頭 本賞金:800,320,200,120,80万円",14,800.0,11,3,3,ポンサン,牡,5,55.0,▲石田,115.0,2,11,110.6,39.3,7-7-6-6,美浦 小西,504,4,
202504040305,2025-10-25,新潟,5,3歳以上1勝クラス,ダ,1800,左,晴,良,"4回 新潟 3日目 サラ系３歳以上 １勝クラス       [指] 定量 14頭 本賞金:800,320,200,120,80万円",14,800.0,12,7,11,レッドシュトラール,牡,3,56.0,丸山,115.2,3/4,7,14.8,39.3,7-7-9-9,美浦 宮田,490,6,
202504040305,2025-10-25,新潟,5,3歳以上1勝クラス,ダ,1800,左,晴,良,"4回 新潟 3日目 サラ系３歳以上 １勝クラス       [指] 定量 14頭 本賞金:800,320,200,120,80万円",14,800.0,13,8,13,ルクルス,牡,5,56.0,△鷲頭,115.2,クビ,14,240.2,38.6,13-13-14-14,栗東 井上,510,6,
202504040305,2025-10-25,新潟,5,3歳以上1勝クラス,ダ,1800,左,晴,良,"4回 新潟 3日目 サラ系３歳以上 １勝クラス       [指] 定量 14頭 本賞金:800,320,200,120,80万円",14,800.0,14,7,12,デルタフォー,牡,3,55.0,☆松本,119.6,大,10,65.0,43.9,2-2-6-12,栗東 藤岡,536,0,
202504040305,2025-10-25,新潟,5,3歳以上1勝クラス,ダ,1800,左,晴,良,"4回 新潟 3日目 サラ系３歳以上 １勝クラス       [指] 定量 14頭 本賞金:800,320,200,120,80万円",14,800.0,,1,10,ショウサンジョージ,,,98.0,95,,13.3,4,11.2,2.0,12.2,2,,,
202504040305,2025-10-25,新潟,5,3歳以上1勝クラス,ダ,1800,左,晴,良,"4回 新潟 3日目 サラ系３歳以上 １勝クラス       [指] 定量 14頭 本賞金:800,320,200,120,80万円",14,800.0,,1,10,ショウサンジョージ,,,,-,,-,,,,-,-,,,
202504040306,2025-10-25,新潟,6,3歳以上1勝クラス,芝,1800,左,晴,良,"4回 新潟 3日目 サラ系３歳以上 １勝クラス       見習騎手 定量 15頭 本賞金:800,320,200,120,80万円",15,800.0,1,7,13,コンフォルツァ,牡,3,54.0,◇永島,106.6,,4,8.1,33.6,7-4,栗東 松永幹,498,4,
202504040306,2025-10-25,新潟,6,3歳以上1勝クラス,芝,1800,左,晴,良,"4回 新潟 3日目 サラ系３歳以上 １勝クラス       見習騎手 定量 15頭 本賞金:800,320,200,120,80万円",15,800.0,2,7,12,トゥルーサクセサー,牡,4,55.0,▲石田,106.7,1/2,3,6.4,33.5,9-8,美浦 高木,466,-6,
202504040306,2025-10-25,新潟,6,3歳以上1勝クラス,芝,1800,左,晴,良,"4回 新潟 3日目 サラ系３歳以上 １勝クラス       見習騎手 定量 15頭 本賞金:800,320,200,120,80万円",15,800.0,3,6,11,スピアッジャローザ,牝,3,54.0,横山琉,106.8,クビ,5,9.2,33.2,15-15,美浦 蛯名利,454,0,
202504040306,2025-10-25,新潟,6,3歳以上1勝クラス,芝,1800,左,晴,良,"4回 新潟 3日目 サラ系３歳以上 １勝クラス       見習騎手 定量 15頭 本賞金:800,320,200,120,80万円",15,800.0,4,6,10,シャインバオバブ,牡,3,55.0,☆松本,106.9,1,9,17.4,33.5,13-13,栗東 本田,492,-6,
202504040306,2025-10-25,新潟,6,3歳以上1勝クラス,芝,1800,左,晴,良,"4回 新潟 3日目 サラ系３歳以上 １勝クラス       見習騎手 定量 15頭 本賞金:800,320,200,120,80万円",15,800.0,5,8,14,マーシーラン,牝,4,52.0,★河原田,107.0,1/2,1,3.9,33.9,5-4,栗東 渡辺,474,8,
202504040306,2025-10-25,新潟,6,3歳以上1勝クラス,芝,1800,左,晴,良,"4回 新潟 3日目 サラ系３歳以上 １勝クラス       見習騎手 定量 15頭 本賞金:800,320,200,120,80万円",15,800.0,6,4,7,ピティロディア,牡,3,53.0,▲上里,107.2,1,13,81.8,33.9,9-8,美浦 西田,448,-2,
202504040306,2025-10-25,新潟,6,3歳以上1勝クラス,芝,1800,左,晴,良,"4回 新潟 3日目 サラ系３歳以上 １勝クラス       見習騎手 定量 15頭 本賞金:800,320,200,120,80万円",15,800.0,7,1,1,レインオンミー,牡,3,53.0,▲大久保,107.4,1.1/4,11,59.3,34.3,4-4,栗東 福永,482,0,
202504040306,2025-10-25,新潟,6,3歳以上1勝クラス,芝,1800,左,晴,良,"4回 新潟 3日目 サラ系３歳以上 １勝クラス       見習騎手 定量 15頭 本賞金:800,320,200,120,80万円",15,800.0,8,8,15,アンドローゼス,牝,4,53.0,▲舟山,107.6,1,2,4.2,34.4,9-8,美浦 加藤士,464,4,
202504040306,2025-10-25,新潟,6,3歳以上1勝クラス,芝,1800,左,晴,良,"4回 新潟 3日目 サラ系３歳以上 １勝クラス       見習騎手 定量 15頭 本賞金:800,320,200,120,80万円",15,800.0,9,5,8,セザンワールド,セ,5,58.0,小林脩,107.8,1.1/4,14,99.6,34.3,13-13,美浦 蛯名利,494,6,
202504040306,2025-10-25,新潟,6,3歳以上1勝クラス,芝,1800,左,晴,良,"4回 新潟 3日目 サラ系３歳以上 １勝クラス       見習騎手 定量 15頭 本賞金:800,320,200,120,80万円",15,800.0,10,4,6,ウィズマスタング,牡,3,56.0,斎藤,107.8,ハナ,8,15.9,34.6,5-4,栗東 西園翔,444,2,
202504040306,2025-10-25,新潟,6,3歳以上1勝クラス,芝,1800,左,晴,良,"4回 新潟 3日目 サラ系３歳以上 １勝クラス       見習騎手 定量 15頭 本賞金:800,320,200,120,80万円",15,800.0,11,2,3,チャイボーグ,牝,5,53.0,▲橋木,107.9,3/4,15,104.7,34.6,9-8,美浦 的場,494,0,
202504040306,2025-10-25,新潟,6,3歳以上1勝クラス,芝,1800,左,晴,良,"4回 新潟 3日目 サラ系３歳以上 １勝クラス       見習騎手 定量 15頭 本賞金:800,320,200,120,80万円",15,800.0,12,2,2,トリオンファルマン,牝,5,55.0,☆西塚,107.9,ハナ,10,25.3,34.6,7-8,栗東 笹田,458,6,
202504040306,2025-10-25,新潟,6,3歳以上1勝クラス,芝,1800,左,晴,良,"4回 新潟 3日目 サラ系３歳以上 １勝クラス       見習騎手 定量 15頭 本賞金:800,320,200,120,80万円",15,800.0,13,5,9,スプリンクルソルト,牡,4,58.0,小沢,108.0,クビ,12,67.6,35.1,2-2,美浦 栗田,470,4,
202504040306,2025-10-25,新潟,6,3歳以上1勝クラス,芝,1800,左,晴,良,"4回 新潟 3日目 サラ系３歳以上 １勝クラス       見習騎手 定量 15頭 本賞金:800,320,200,120,80万円",15,800.0,14,3,4,デビューフライト,牝,3,52.0,◇今村,108.1,3/4,7,14.6,35.3,1-1,美浦 小島,424,-6,
202504040306,2025-10-25,新潟,6,3歳以上1勝クラス,芝,1800,左,晴,良,"4回 新潟 3日目 サラ系３歳以上 １勝クラス       見習騎手 定量 15頭 本賞金:800,320,200,120,80万円",15,800.0,15,3,5,ベランジェール,牝,4,53.0,▲森田,108.6,3,6,12.4,35.6,2-2,栗東 武幸,482,-2,
202504040306,2025-10-25,新潟,6,3歳以上1勝クラス,芝,1800,左,晴,良,"4回 新潟 3日目 サラ系３歳以上 １勝クラス       見習騎手 定量 15頭 本賞金:800,320,200,120,80万円",15,800.0,,1,13,コンフォルツァ,,,87.0,83,,13.3,8,11.7,7.0,11.8,5,,,
202504040306,2025-10-25,新潟,6,3歳以上1勝クラス,芝,1800,左,晴,良,"4回 新潟 3日目 サラ系３歳以上 １勝クラス       見習騎手 定量 15頭 本賞金:800,320,200,120,80万円",15,800.0,,1,13,コンフォルツァ,,,,-,,-,,,,-,-,,,
202504040307,2025-10-25,新潟,7,3歳以上1勝クラス,ダ,1200,左,晴,良,"4回 新潟 3日目 サラ系３歳以上 １勝クラス       [指] 定量 14頭 本賞金:800,320,200,120,80万円",14,800.0,1,3,3,サンライズプルート,牡,5,55.0,▲舟山,71.5,,1,3.9,36.8,1-1,栗東 東田,480,2,
202504040307,2025-10-25,新潟,7,3歳以上1勝クラス,ダ,1200,左,晴,良,"4回 新潟 3日目 サラ系３歳以上 １勝クラス       [指] 定量 14頭 本賞金:800,320,200,120,80万円",14,800.0,2,5,8,ヒラボクカレラ,牡,3,57.0,斎藤,71.9,2.1/2,3,5.6,36.9,2-2,栗東 奥村豊,462,-6,
202504040307,2025-10-25,新潟,7,3歳以上1勝クラス,ダ,1200,左,晴,良,"4回 新潟 3日目 サラ系３歳以上 １勝クラス       [指] 定量 14頭 本賞金:800,320,200,120,80万円",14,800.0,3,4,5,コーラルクラウン,牡,3,54.0,▲大久保,72.0,クビ,2,4.6,36.6,5-5,栗東 福永,496,16,
202504040307,2025-10-25,新潟,7,3歳以上1勝クラス,ダ,1200,左,晴,良,"4回 新潟 3日目 サラ系３歳以上 １勝クラス       [指] 定量 14頭 本賞金:800,320,200,120,80万円",14,800.0,4,6,10,ハッピーパンニャ,牡,5,58.0,古川吉,72.0,クビ,9,26.2,36.0,11-9,美浦 鈴木伸,498,2,
202504040307,2025-10-25,新潟,7,3歳以上1勝クラス,ダ,1200,左,晴,良,"4回 新潟 3日目 サラ系３歳以上 １勝クラス       [指] 定量 14頭 本賞金:800,320,200,120,80万円",14,800.0,5,1,1,アルバニー,牝,4,56.0,荻野極,72.1,クビ,8,18.9,37.1,2-2,栗東 千田,474,-6,
202504040307,2025-10-25,新潟,7,3歳以上1勝クラス,ダ,1200,左,晴,良,"4回 新潟 3日目 サラ系３歳以上 １勝クラス       [指] 定量 14頭 本賞金:800,320,200,120,80万円",14,800.0,6,7,12,サンライズブレイク,牡,3,57.0,丹内,72.1,クビ,4,6.7,36.9,4-4,栗東 浜田,514,8,
202504040307,2025-10-25,新潟,7,3歳以上1勝クラス,ダ,1200,左,晴,良,"4回 新潟 3日目 サラ系３歳以上 １勝クラス       [指] 定量 14頭 本賞金:800,320,200,120,80万円",14,800.0,7,4,6,スーパーバイザー,牡,4,55.0,▲石田,72.3,1.1/4,7,11.9,36.2,11-12,美浦 菊沢,470,2,
202504040307,2025-10-25,新潟,7,3歳以上1勝クラス,ダ,1200,左,晴,良,"4回 新潟 3日目 サラ系３歳以上 １勝クラス       [指] 定量 14頭 本賞金:800,320,200,120,80万円",14,800.0,8,6,9,ハヌル,牝,4,56.0,嶋田,72.4,1,6,9.9,36.5,9-9,美浦 岩戸,472,-2,
202504040307,2025-10-25,新潟,7,3歳以上1勝クラス,ダ,1200,左,晴,良,"4回 新潟 3日目 サラ系３歳以上 １勝クラス       [指] 定量 14頭 本賞金:800,320,200,120,80万円",14,800.0,9,2,2,グレイスカリヨン,牝,5,56.0,横山琉,72.5,クビ,11,73.4,36.4,11-12,美浦 堀内,460,-2,
202504040307,2025-10-25,新潟,7,3歳以上1勝クラス,ダ,1200,左,晴,良,"4回 新潟 3日目 サラ系３歳以上 １勝クラス       [指] 定量 14頭 本賞金:800,320,200,120,80万円",14,800.0,10,8,14,スピリットライズ,セ,3,57.0,亀田,73.2,4,5,7.7,37.4,9-11,栗東 高柳大,432,0,
202504040307,2025-10-25,新潟,7,3歳以上1勝クラス,ダ,1200,左,晴,良,"4回 新潟 3日目 サラ系３歳以上 １勝クラス       [指] 定量 14頭 本賞金:800,320,200,120,80万円",14,800.0,11,7,11,セサンパ,牝,3,55.0,菊沢,73.5,1.3/4,12,93.7,37.8,8-8,栗東 寺島,430,-6,
202504040307,2025-10-25,新潟,7,3歳以上1勝クラス,ダ,1200,左,晴,良,"4回 新潟 3日目 サラ系３歳以上 １勝クラス       [指] 定量 14頭 本賞金:800,320,200,120,80万円",14,800.0,12,3,4,タッカー,牡,4,57.0,☆西塚,74.3,5,13,223.4,38.9,5-5,美浦 清水英,478,6,
202504040307,2025-10-25,新潟,7,3歳以上1勝クラス,ダ,1200,左,晴,良,"4回 新潟 3日目 サラ系３歳以上 １勝クラス       [指] 定量 14頭 本賞金:800,320,200,120,80万円",14,800.0,13,8,13,ブリッツアロング,牡,3,57.0,丸山,74.8,3,10,45.5,39.4,5-5,美浦 上原博,508,20,
202504040307,2025-10-25,新潟,7,3歳以上1勝クラス,ダ,1200,左,晴,良,"4回 新潟 3日目 サラ系３歳以上 １勝クラス       [指] 定量 14頭 本賞金:800,320,200,120,80万円",14,800.0,14,5,7,タツアレックス,牡,4,55.0,▲橋木,75.8,6,14,247.2,37.4,14-14,美浦 的場,506,0,
202504040307,2025-10-25,新潟,7,3歳以上1勝クラス,ダ,1200,左,晴,良,"4回 新潟 3日目 サラ系３歳以上 １勝クラス       [指] 定量 14頭 本賞金:800,320,200,120,80万円",14,800.0,,1,3,サンライズプルート,,,97.0,92,,12.1,5,11.0,3.0,11.6,1,,,
202504040307,2025-10-25,新潟,7,3歳以上1勝クラス,ダ,1200,左,晴,良,"4回 新潟 3日目 サラ系３歳以上 １勝クラス       [指] 定量 14頭 本賞金:800,320,200,120,80万円",14,800.0,,1,3,サンライズプルート,,,,-,,-,,,,-,-,,,
202504040308,2025-10-25,新潟,8,3歳以上1勝クラス,ダ,1800,左,晴,良,"4回 新潟 3日目 サラ系３歳以上 １勝クラス       [指] 定量 14頭 本賞金:800,320,200,120,80万円",14,800.0,1,6,9,サンカルミア,牡,4,55.0,▲上里,112.7,,2,4.1,37.3,8-7-8-5,美浦 伊坂,486,10,
202504040308,2025-10-25,新潟,8,3歳以上1勝クラス,ダ,1800,左,晴,良,"4回 新潟 3日目 サラ系３歳以上 １勝クラス       [指] 定量 14頭 本賞金:800,320,200,120,80万円",14,800.0,2,7,12,ブレードサクセス,牡,4,58.0,丹内,112.8,クビ,1,4.1,37.8,4-6-4-3,美浦 岩戸,500,-2,
202504040308,2025-10-25,新潟,8,3歳以上1勝クラス,ダ,1800,左,晴,良,"4回 新潟 3日目 サラ系３歳以上 １勝クラス       [指] 定量 14頭 本賞金:800,320,200,120,80万円",14,800.0,3,5,7,マハナ,牝,4,55.0,☆西塚,113.2,2,3,4.2,38.5,11-10-1-1,栗東 井上,448,2,
202504040308,2025-10-25,新潟,8,3歳以上1勝クラス,ダ,1800,左,晴,良,"4回 新潟 3日目 サラ系３歳以上 １勝クラス       [指] 定量 14頭 本賞金:800,320,200,120,80万円",14,800.0,4,4,6,ライヴスプーン,牝,3,54.0,小林凌,113.8,4,7,16.0,38.8,1-1-4-5,美浦 尾形,412,0,
202504040308,2025-10-25,新潟,8,3歳以上1勝クラス,ダ,1800,左,晴,良,"4回 新潟 3日目 サラ系３歳以上 １勝クラス       [指] 定量 14頭 本賞金:800,320,200,120,80万円",14,800.0,5,3,3,ブリスキー,セ,5,58.0,鮫島駿,114.1,1.1/2,4,4.6,38.9,4-4-6-5,美浦 堀,468,6,
202504040308,2025-10-25,新潟,8,3歳以上1勝クラス,ダ,1800,左,晴,良,"4回 新潟 3日目 サラ系３歳以上 １勝クラス       [指] 定量 14頭 本賞金:800,320,200,120,80万円",14,800.0,6,4,5,ヒラリーステップ,牝,5,56.0,野中,114.2,1/2,11,87.6,38.2,13-13-12-12,美浦 天間,494,-4,
202504040308,2025-10-25,新潟,8,3歳以上1勝クラス,ダ,1800,左,晴,良,"4回 新潟 3日目 サラ系３歳以上 １勝クラス       [指] 定量 14頭 本賞金:800,320,200,120,80万円",14,800.0,7,1,1,ステイアンビシャス,牡,3,56.0,横山琉,114.4,1.1/4,6,16.0,38.3,14-14-14-14,美浦 堀内,488,6,
202504040308,2025-10-25,新潟,8,3歳以上1勝クラス,ダ,1800,左,晴,良,"4回 新潟 3日目 サラ系３歳以上 １勝クラス       [指] 定量 14頭 本賞金:800,320,200,120,80万円",14,800.0,8,3,4,モヴレクス,牡,4,58.0,菊沢,114.8,2.1/2,14,183.6,39.1,8-9-9-8,美浦 金成,464,-8,
202504040308,2025-10-25,新潟,8,3歳以上1勝クラス,ダ,1800,左,晴,良,"4回 新潟 3日目 サラ系３歳以上 １勝クラス       [指] 定量 14頭 本賞金:800,320,200,120,80万円",14,800.0,9,2,2,トリプルバレル,牡,3,53.0,▲川端,114.9,3/4,13,155.8,39.1,10-10-9-8,栗東 藤野,470,0,
202504040308,2025-10-25,新潟,8,3歳以上1勝クラス,ダ,1800,左,晴,良,"4回 新潟 3日目 サラ系３歳以上 １勝クラス       [指] 定量 14頭 本賞金:800,320,200,120,80万円",14,800.0,10,8,13,イエスウィズキャン,牡,5,58.0,小沢,114.9,クビ,10,84.9,39.0,12-12-12-12,栗東 羽月,554,6,
202504040308,2025-10-25,新潟,8,3歳以上1勝クラス,ダ,1800,左,晴,良,"4回 新潟 3日目 サラ系３歳以上 １勝クラス       [指] 定量 14頭 本賞金:800,320,200,120,80万円",14,800.0,11,6,10,シュネーグロッケン,牡,3,56.0,亀田,115.4,3,5,9.7,40.6,3-2-2-2,栗東 清水久,492,2,
202504040308,2025-10-25,新潟,8,3歳以上1勝クラス,ダ,1800,左,晴,良,"4回 新潟 3日目 サラ系３歳以上 １勝クラス       [指] 定量 14頭 本賞金:800,320,200,120,80万円",14,800.0,12,8,14,シルバーニース,牝,5,54.0,◇今村,115.5,クビ,12,92.2,40.6,4-4-3-4,美浦 田村,464,0,
202504040308,2025-10-25,新潟,8,3歳以上1勝クラス,ダ,1800,左,晴,良,"4回 新潟 3日目 サラ系３歳以上 １勝クラス       [指] 定量 14頭 本賞金:800,320,200,120,80万円",14,800.0,13,5,8,プルーヴンウィナー,牝,4,53.0,▲古川奈,115.8,1.3/4,8,29.1,40.6,2-2-6-8,栗東 矢作,522,32,
202504040308,2025-10-25,新潟,8,3歳以上1勝クラス,ダ,1800,左,晴,良,"4回 新潟 3日目 サラ系３歳以上 １勝クラス       [指] 定量 14頭 本賞金:800,320,200,120,80万円",14,800.0,14,7,11,テイラーテソーロ,牡,4,55.0,▲舟山,118.8,大,9,83.9,43.1,4-7-9-11,美浦 菊川,500,6,
202504040308,2025-10-25,新潟,8,3歳以上1勝クラス,ダ,1800,左,晴,良,"4回 新潟 3日目 サラ系３歳以上 １勝クラス       [指] 定量 14頭 本賞金:800,320,200,120,80万円",14,800.0,,1,9,サンカルミア,,,92.0,87,,13.5,9,11.4,3.0,12.4,3,,,
202504040308,2025-10-25,新潟,8,3歳以上1勝クラス,ダ,1800,左,晴,良,"4回 新潟 3日目 サラ系３歳以上 １勝クラス       [指] 定量 14頭 本賞金:800,320,200,120,80万円",14,800.0,,1,9,サンカルミア,,,,-,,-,,,,-,-,,,
202504040309,2025-10-25,新潟,9,稲光特別,芝,1000,直線,曇,良,"4回 新潟 3日目 サラ系３歳以上 １勝クラス       (混)[指] 定量 18頭 本賞金:1110,440,280,170,111万円",18,1110.0,1,5,9,スペルキャスター,牝,5,56.0,小林凌,55.0,,8,31.2,32.3,1,美浦 蛯名利,478,-10,
202504040309,2025-10-25,新潟,9,稲光特別,芝,1000,直線,曇,良,"4回 新潟 3日目 サラ系３歳以上 １勝クラス       (混)[指] 定量 18頭 本賞金:1110,440,280,170,111万円",18,1110.0,2,2,4,ルブリアン,牡,3,57.0,鷲頭,55.1,1/2,11,63.9,32.4,1,栗東 佐々木,496,2,
202504040309,2025-10-25,新潟,9,稲光特別,芝,1000,直線,曇,良,"4回 新潟 3日目 サラ系３歳以上 １勝クラス       (混)[指] 定量 18頭 本賞金:1110,440,280,170,111万円",18,1110.0,3,8,17,マグネシアブリック,牡,3,57.0,丹内,55.2,1/2,2,4.0,32.4,3,美浦 中舘,466,8,
202504040309,2025-10-25,新潟,9,稲光特別,芝,1000,直線,曇,良,"4回 新潟 3日目 サラ系３歳以上 １勝クラス       (混)[指] 定量 18頭 本賞金:1110,440,280,170,111万円",18,1110.0,4,6,12,レジーナローズ,牝,5,56.0,菊沢,55.2,クビ,1,3.3,31.9,9,美浦 鈴木慎,450,26,
202504040309,2025-10-25,新潟,9,稲光特別,芝,1000,直線,曇,良,"4回 新潟 3日目 サラ系３歳以上 １勝クラス       (混)[指] 定量 18頭 本賞金:1110,440,280,170,111万円",18,1110.0,5,8,16,ラブカムーン,牝,4,56.0,鮫島駿,55.5,1.3/4,3,5.4,32.4,6,栗東 千田,476,-6,
202504040309,2025-10-25,新潟,9,稲光特別,芝,1000,直線,曇,良,"4回 新潟 3日目 サラ系３歳以上 １勝クラス       (混)[指] 定量 18頭 本賞金:1110,440,280,170,111万円",18,1110.0,6,7,14,ブラヴィーノ,牡,6,58.0,斎藤,55.6,クビ,13,116.9,32.6,5,美浦 天間,456,-4,
202504040309,2025-10-25,新潟,9,稲光特別,芝,1000,直線,曇,良,"4回 新潟 3日目 サラ系３歳以上 １勝クラス       (混)[指] 定量 18頭 本賞金:1110,440,280,170,111万円",18,1110.0,7,7,15,カレンナオトメ,牝,4,56.0,嶋田,55.6,アタマ,5,10.9,32.1,12,美浦 小野,430,12,
202504040309,2025-10-25,新潟,9,稲光特別,芝,1000,直線,曇,良,"4回 新潟 3日目 サラ系３歳以上 １勝クラス       (混)[指] 定量 18頭 本賞金:1110,440,280,170,111万円",18,1110.0,8,4,8,カフジキアッキエレ,牝,5,56.0,富田,55.6,アタマ,10,43.3,32.0,16,栗東 森田,440,-6,
202504040309,2025-10-25,新潟,9,稲光特別,芝,1000,直線,曇,良,"4回 新潟 3日目 サラ系３歳以上 １勝クラス       (混)[指] 定量 18頭 本賞金:1110,440,280,170,111万円",18,1110.0,9,3,6,ダイチラポール,牡,3,57.0,横山琉,55.7,1,14,124.5,32.8,4,美浦 蛯名利,480,-12,
202504040309,2025-10-25,新潟,9,稲光特別,芝,1000,直線,曇,良,"4回 新潟 3日目 サラ系３歳以上 １勝クラス       (混)[指] 定量 18頭 本賞金:1110,440,280,170,111万円",18,1110.0,10,3,5,パレスドフィーヌ,牝,4,56.0,荻野極,55.8,クビ,4,7.9,32.7,6,美浦 鈴木慎,492,-2,
202504040309,2025-10-25,新潟,9,稲光特別,芝,1000,直線,曇,良,"4回 新潟 3日目 サラ系３歳以上 １勝クラス       (混)[指] 定量 18頭 本賞金:1110,440,280,170,111万円",18,1110.0,11,4,7,ブライトアゲイン,牝,4,56.0,中井,55.8,アタマ,9,35.8,32.6,8,栗東 森秀,484,14,
202504040309,2025-10-25,新潟,9,稲光特別,芝,1000,直線,曇,良,"4回 新潟 3日目 サラ系３歳以上 １勝クラス       (混)[指] 定量 18頭 本賞金:1110,440,280,170,111万円",18,1110.0,12,8,18,スターチスブーケ,牝,4,56.0,丸山,56.0,3/4,7,13.7,32.6,11,美浦 田中勝,498,-6,
202504040309,2025-10-25,新潟,9,稲光特別,芝,1000,直線,曇,良,"4回 新潟 3日目 サラ系３歳以上 １勝クラス       (混)[指] 定量 18頭 本賞金:1110,440,280,170,111万円",18,1110.0,13,6,11,ローズブルーム,牝,6,56.0,黛,56.0,クビ,17,204.3,32.4,16,美浦 伊藤大,462,4,
202504040309,2025-10-25,新潟,9,稲光特別,芝,1000,直線,曇,良,"4回 新潟 3日目 サラ系３歳以上 １勝クラス       (混)[指] 定量 18頭 本賞金:1110,440,280,170,111万円",18,1110.0,14,7,13,シュシュトディエス,牝,4,56.0,松本,56.0,クビ,12,107.3,32.7,9,美浦 石栗,458,6,
202504040309,2025-10-25,新潟,9,稲光特別,芝,1000,直線,曇,良,"4回 新潟 3日目 サラ系３歳以上 １勝クラス       (混)[指] 定量 18頭 本賞金:1110,440,280,170,111万円",18,1110.0,15,5,10,ブライアーヒル,牝,3,55.0,国分優,56.1,クビ,6,11.4,32.6,12,栗東 中尾,474,0,
202504040309,2025-10-25,新潟,9,稲光特別,芝,1000,直線,曇,良,"4回 新潟 3日目 サラ系３歳以上 １勝クラス       (混)[指] 定量 18頭 本賞金:1110,440,280,170,111万円",18,1110.0,16,1,2,アップフルーク,牡,6,58.0,杉原,56.4,2,18,245.5,32.9,12,美浦 松山,504,-10,
202504040309,2025-10-25,新潟,9,稲光特別,芝,1000,直線,曇,良,"4回 新潟 3日目 サラ系３歳以上 １勝クラス       (混)[指] 定量 18頭 本賞金:1110,440,280,170,111万円",18,1110.0,17,2,3,ラブアイミー,牝,3,55.0,国分恭,56.7,1.3/4,15,139.4,33.1,16,栗東 森田,406,-6,
202504040309,2025-10-25,新潟,9,稲光特別,芝,1000,直線,曇,良,"4回 新潟 3日目 サラ系３歳以上 １勝クラス       (混)[指] 定量 18頭 本賞金:1110,440,280,170,111万円",18,1110.0,18,1,1,マオノボルケーノ,牝,4,56.0,舟山,56.9,1.1/4,16,149.0,33.4,12,美浦 辻,456,-6,
202504040309,2025-10-25,新潟,9,稲光特別,芝,1000,直線,曇,良,"4回 新潟 3日目 サラ系３歳以上 １勝クラス       (混)[指] 定量 18頭 本賞金:1110,440,280,170,111万円",18,1110.0,,1,9,スペルキャスター,,,90.0,84,,12.2,20,10.5,21.0,10.8,21,,,
202504040309,2025-10-25,新潟,9,稲光特別,芝,1000,直線,曇,良,"4回 新潟 3日目 サラ系３歳以上 １勝クラス       (混)[指] 定量 18頭 本賞金:1110,440,280,170,111万円",18,1110.0,,1,9,スペルキャスター,,,,-,,-,,,,-,-,,,
202504040310,2025-10-25,新潟,10,菅名岳特別,ダ,1800,左,曇,良,"4回 新潟 3日目 サラ系３歳以上 ２勝クラス       [指] 定量 15頭 本賞金:1550,620,390,230,155万円",15,1550.0,1,2,2,アスクシュタイン,牡,3,56.0,松本,110.7,,3,4.5,36.7,2-2-2-2,栗東 藤原,518,20,
202504040310,2025-10-25,新潟,10,菅名岳特別,ダ,1800,左,曇,良,"4回 新潟 3日目 サラ系３歳以上 ２勝クラス       [指] 定量 15頭 本賞金:1550,620,390,230,155万円",15,1550.0,2,6,11,アラレタバシル,牡,4,58.0,丸山,111.2,3,6,11.2,36.4,12-11-7-5,美浦 根本,466,12,
202504040310,2025-10-25,新潟,10,菅名岳特別,ダ,1800,左,曇,良,"4回 新潟 3日目 サラ系３歳以上 ２勝クラス       [指] 定量 15頭 本賞金:1550,620,390,230,155万円",15,1550.0,3,4,6,ブルータス,牡,3,56.0,杉原,111.7,3,4,6.0,36.6,14-13-10-10,美浦 高柳瑞,458,0,
202504040310,2025-10-25,新潟,10,菅名岳特別,ダ,1800,左,曇,良,"4回 新潟 3日目 サラ系３歳以上 ２勝クラス       [指] 定量 15頭 本賞金:1550,620,390,230,155万円",15,1550.0,4,5,8,ミライヘノカギ,牡,3,56.0,荻野極,111.8,1/2,2,4.4,37.3,6-7-5-5,美浦 上原佑,528,8,
202504040310,2025-10-25,新潟,10,菅名岳特別,ダ,1800,左,曇,良,"4回 新潟 3日目 サラ系３歳以上 ２勝クラス       [指] 定量 15頭 本賞金:1550,620,390,230,155万円",15,1550.0,5,8,14,タマモキャリコ,セ,4,58.0,鮫島駿,112.4,3.1/2,5,7.2,38.1,3-3-3-3,栗東 宮地,424,8,
202504040310,2025-10-25,新潟,10,菅名岳特別,ダ,1800,左,曇,良,"4回 新潟 3日目 サラ系３歳以上 ２勝クラス       [指] 定量 15頭 本賞金:1550,620,390,230,155万円",15,1550.0,6,5,9,エイブラムス,牡,4,58.0,今村,112.4,ハナ,10,57.3,37.3,11-11-10-11,美浦 鈴木慎,468,-14,
202504040310,2025-10-25,新潟,10,菅名岳特別,ダ,1800,左,曇,良,"4回 新潟 3日目 サラ系３歳以上 ２勝クラス       [指] 定量 15頭 本賞金:1550,620,390,230,155万円",15,1550.0,7,2,3,キングオブフジ,牡,4,58.0,中井,112.5,クビ,9,38.0,37.1,13-13-13-13,栗東 角田,506,6,
202504040310,2025-10-25,新潟,10,菅名岳特別,ダ,1800,左,曇,良,"4回 新潟 3日目 サラ系３歳以上 ２勝クラス       [指] 定量 15頭 本賞金:1550,620,390,230,155万円",15,1550.0,8,6,10,アイウィル,牡,4,58.0,西塚,112.5,ハナ,7,15.4,37.7,8-8-7-8,美浦 高木,514,2,
202504040310,2025-10-25,新潟,10,菅名岳特別,ダ,1800,左,曇,良,"4回 新潟 3日目 サラ系３歳以上 ２勝クラス       [指] 定量 15頭 本賞金:1550,620,390,230,155万円",15,1550.0,9,1,1,アールプロスト,牡,3,56.0,丹内,112.6,1/2,1,4.3,37.2,15-15-13-13,美浦 伊藤大,514,-2,
202504040310,2025-10-25,新潟,10,菅名岳特別,ダ,1800,左,曇,良,"4回 新潟 3日目 サラ系３歳以上 ２勝クラス       [指] 定量 15頭 本賞金:1550,620,390,230,155万円",15,1550.0,10,7,13,ブーバー,牝,5,56.0,菊沢,112.6,アタマ,12,106.0,38.6,1-1-1-1,美浦 新開,432,0,
202504040310,2025-10-25,新潟,10,菅名岳特別,ダ,1800,左,曇,良,"4回 新潟 3日目 サラ系３歳以上 ２勝クラス       [指] 定量 15頭 本賞金:1550,620,390,230,155万円",15,1550.0,11,8,15,ラオラシオン,牡,4,58.0,斎藤,113.9,8,8,28.0,39.4,6-5-5-7,美浦 斎藤誠,490,-6,
202504040310,2025-10-25,新潟,10,菅名岳特別,ダ,1800,左,曇,良,"4回 新潟 3日目 サラ系３歳以上 ２勝クラス       [指] 定量 15頭 本賞金:1550,620,390,230,155万円",15,1550.0,12,3,5,イデアユウシン,牡,5,58.0,江田照,114.2,2,15,243.9,39.4,8-8-7-8,美浦 松永康,544,8,
202504040310,2025-10-25,新潟,10,菅名岳特別,ダ,1800,左,曇,良,"4回 新潟 3日目 サラ系３歳以上 ２勝クラス       [指] 定量 15頭 本賞金:1550,620,390,230,155万円",15,1550.0,13,4,7,コルサファターレ,セ,5,58.0,石神道,114.2,ハナ,13,150.1,39.0,8-8-10-11,美浦 中川,504,-12,
202504040310,2025-10-25,新潟,10,菅名岳特別,ダ,1800,左,曇,良,"4回 新潟 3日目 サラ系３歳以上 ２勝クラス       [指] 定量 15頭 本賞金:1550,620,390,230,155万円",15,1550.0,14,7,12,ユメハハテシナク,牡,5,58.0,小林脩,114.3,1/2,11,75.7,39.0,3-5-13-15,栗東 石坂,484,4,
202504040310,2025-10-25,新潟,10,菅名岳特別,ダ,1800,左,曇,良,"4回 新潟 3日目 サラ系３歳以上 ２勝クラス       [指] 定量 15頭 本賞金:1550,620,390,230,155万円",15,1550.0,15,3,4,エンファサイズ,牡,5,58.0,小沢,114.7,2.1/2,14,162.4,40.4,3-3-3-3,美浦 小笠,464,0,
202504040310,2025-10-25,新潟,10,菅名岳特別,ダ,1800,左,曇,良,"4回 新潟 3日目 サラ系３歳以上 ２勝クラス       [指] 定量 15頭 本賞金:1550,620,390,230,155万円",15,1550.0,,1,2,アスクシュタイン,,,105.0,102,,12.7,5,11.0,3.0,12.4,2,,,
202504040310,2025-10-25,新潟,10,菅名岳特別,ダ,1800,左,曇,良,"4回 新潟 3日目 サラ系３歳以上 ２勝クラス       [指] 定量 15頭 本賞金:1550,620,390,230,155万円",15,1550.0,,1,2,アスクシュタイン,,,,-,,-,,,,-,-,,,
202504040311,2025-10-25,新潟,11,魚沼S,芝,2000,左,曇,良,"4回 新潟 3日目 サラ系３歳以上 ３勝クラス       (混)(特指) 定量 18頭 本賞金:1840,740,460,280,184万円",18,1840.0,1,2,3,シンハナーダ,牡,4,58.0,鮫島駿,118.2,,2,5.6,32.7,14-12,美浦 国枝,460,6,
202504040311,2025-10-25,新潟,11,魚沼S,芝,2000,左,曇,良,"4回 新潟 3日目 サラ系３歳以上 ３勝クラス       (混)(特指) 定量 18頭 本賞金:1840,740,460,280,184万円",18,1840.0,2,1,2,ヴィレム,牡,4,58.0,西塚,118.5,1.3/4,5,7.6,33.4,5-6,栗東 藤原,520,-4,
202504040311,2025-10-25,新潟,11,魚沼S,芝,2000,左,曇,良,"4回 新潟 3日目 サラ系３歳以上 ３勝クラス       (混)(特指) 定量 18頭 本賞金:1840,740,460,280,184万円",18,1840.0,3,7,13,タガノデュード,牡,4,58.0,古川吉,118.5,クビ,1,5.1,32.9,13-12,栗東 宮,488,-4,
202504040311,2025-10-25,新潟,11,魚沼S,芝,2000,左,曇,良,"4回 新潟 3日目 サラ系３歳以上 ３勝クラス       (混)(特指) 定量 18頭 本賞金:1840,740,460,280,184万円",18,1840.0,4,5,10,マイネルエニグマ,牡,7,58.0,国分優,118.6,クビ,16,75.2,33.2,8-8,栗東 吉田,478,2,
202504040311,2025-10-25,新潟,11,魚沼S,芝,2000,左,曇,良,"4回 新潟 3日目 サラ系３歳以上 ３勝クラス       (混)(特指) 定量 18頭 本賞金:1840,740,460,280,184万円",18,1840.0,5,5,9,ウインオーディン,牡,5,58.0,荻野極,118.6,クビ,3,5.6,33.8,8-2,美浦 鹿戸,490,2,
202504040311,2025-10-25,新潟,11,魚沼S,芝,2000,左,曇,良,"4回 新潟 3日目 サラ系３歳以上 ３勝クラス       (混)(特指) 定量 18頭 本賞金:1840,740,460,280,184万円",18,1840.0,6,8,18,ミカッテヨンデイイ,牝,5,56.0,小林脩,118.6,ハナ,11,34.2,33.2,11-11,美浦 堀内,430,-2,
202504040311,2025-10-25,新潟,11,魚沼S,芝,2000,左,曇,良,"4回 新潟 3日目 サラ系３歳以上 ３勝クラス       (混)(特指) 定量 18頭 本賞金:1840,740,460,280,184万円",18,1840.0,7,3,6,タイキラフター,牡,5,58.0,杉原,118.7,クビ,9,22.8,32.7,18-18,美浦 大竹,524,6,
202504040311,2025-10-25,新潟,11,魚沼S,芝,2000,左,曇,良,"4回 新潟 3日目 サラ系３歳以上 ３勝クラス       (混)(特指) 定量 18頭 本賞金:1840,740,460,280,184万円",18,1840.0,8,8,17,キャントウェイト,牡,4,58.0,野中,119.0,1.1/2,8,22.3,33.9,8-8,美浦 萱野,476,-2,
202504040311,2025-10-25,新潟,11,魚沼S,芝,2000,左,曇,良,"4回 新潟 3日目 サラ系３歳以上 ３勝クラス       (混)(特指) 定量 18頭 本賞金:1840,740,460,280,184万円",18,1840.0,9,4,7,サダムオプシス,牡,4,58.0,藤懸,119.0,ハナ,7,22.3,33.2,16-15,栗東 平田,480,4,
202504040311,2025-10-25,新潟,11,魚沼S,芝,2000,左,曇,良,"4回 新潟 3日目 サラ系３歳以上 ３勝クラス       (混)(特指) 定量 18頭 本賞金:1840,740,460,280,184万円",18,1840.0,10,3,5,ドラゴンヘッド,牡,5,58.0,横山琉,119.2,1.1/4,12,40.2,33.4,16-15,美浦 武藤,450,2,
202504040311,2025-10-25,新潟,11,魚沼S,芝,2000,左,曇,良,"4回 新潟 3日目 サラ系３歳以上 ３勝クラス       (混)(特指) 定量 18頭 本賞金:1840,740,460,280,184万円",18,1840.0,11,2,4,モズマーヴェリック,牡,4,58.0,国分恭,119.3,1/2,14,44.9,33.5,14-15,栗東 牧浦,480,-2,
202504040311,2025-10-25,新潟,11,魚沼S,芝,2000,左,曇,良,"4回 新潟 3日目 サラ系３歳以上 ３勝クラス       (混)(特指) 定量 18頭 本賞金:1840,740,460,280,184万円",18,1840.0,12,7,15,アスクナイスショー,牡,4,58.0,斎藤,119.3,クビ,4,6.8,34.4,2-2,美浦 中舘,504,6,
202504040311,2025-10-25,新潟,11,魚沼S,芝,2000,左,曇,良,"4回 新潟 3日目 サラ系３歳以上 ３勝クラス       (混)(特指) 定量 18頭 本賞金:1840,740,460,280,184万円",18,1840.0,13,4,8,シルキーガール,牝,4,56.0,丹内,119.4,1/2,6,9.8,33.9,11-12,栗東 上村,468,-2,
202504040311,2025-10-25,新潟,11,魚沼S,芝,2000,左,曇,良,"4回 新潟 3日目 サラ系３歳以上 ３勝クラス       (混)(特指) 定量 18頭 本賞金:1840,740,460,280,184万円",18,1840.0,14,7,14,ナヴォーナ,牡,5,58.0,川端,119.6,1,15,45.6,34.5,6-6,栗東 矢作,502,18,
202504040311,2025-10-25,新潟,11,魚沼S,芝,2000,左,曇,良,"4回 新潟 3日目 サラ系３歳以上 ３勝クラス       (混)(特指) 定量 18頭 本賞金:1840,740,460,280,184万円",18,1840.0,15,1,1,モズロックンロール,牡,5,58.0,鷲頭,119.8,1.1/4,10,23.2,34.4,6-8,栗東 藤岡,520,6,
202504040311,2025-10-25,新潟,11,魚沼S,芝,2000,左,曇,良,"4回 新潟 3日目 サラ系３歳以上 ３勝クラス       (混)(特指) 定量 18頭 本賞金:1840,740,460,280,184万円",18,1840.0,16,6,12,ウインアイオライト,牝,5,56.0,菊沢,120.3,3.1/2,13,41.1,35.5,1-1,美浦 矢嶋,472,-2,
202504040311,2025-10-25,新潟,11,魚沼S,芝,2000,左,曇,良,"4回 新潟 3日目 サラ系３歳以上 ３勝クラス       (混)(特指) 定量 18頭 本賞金:1840,740,460,280,184万円",18,1840.0,17,6,11,シャンデルナゴル,牡,5,58.0,舟山,120.4,1/2,18,231.4,35.4,2-2,栗東 石坂,494,-4,
202504040311,2025-10-25,新潟,11,魚沼S,芝,2000,左,曇,良,"4回 新潟 3日目 サラ系３歳以上 ３勝クラス       (混)(特指) 定量 18頭 本賞金:1840,740,460,280,184万円",18,1840.0,18,8,16,ダノンフロイデ,牡,6,58.0,小沢,122.4,大,17,100.3,37.5,2-2,栗東 坂口,482,0,
202504040311,2025-10-25,新潟,11,魚沼S,芝,2000,左,曇,良,"4回 新潟 3日目 サラ系３歳以上 ３勝クラス       (混)(特指) 定量 18頭 本賞金:1840,740,460,280,184万円",18,1840.0,,1,3,シンハナーダ,,,83.0,86,,14.3,8,11.2,5.0,12.3,5,,,
202504040311,2025-10-25,新潟,11,魚沼S,芝,2000,左,曇,良,"4回 新潟 3日目 サラ系３歳以上 ３勝クラス       (混)(特指) 定量 18頭 本賞金:1840,740,460,280,184万円",18,1840.0,,1,3,シンハナーダ,,,,-,,-,,,,-,-,,,
202504040312,2025-10-25,新潟,12,3歳以上1勝クラス,芝,1400,左,曇,良,"4回 新潟 3日目 サラ系３歳以上 １勝クラス       [指] 定量 17頭 本賞金:800,320,200,120,80万円",17,800.0,1,5,10,ワタシマツワ,牝,3,54.0,丹内,81.3,,7,16.6,34.9,4-4,美浦 竹内,414,-12,
202504040312,2025-10-25,新潟,12,3歳以上1勝クラス,芝,1400,左,曇,良,"4回 新潟 3日目 サラ系３歳以上 １勝クラス       [指] 定量 17頭 本賞金:800,320,200,120,80万円",17,800.0,2,4,8,ベルサ,牝,3,52.0,◇永島,81.5,1,2,4.8,35.4,1-1,栗東 鈴木孝,466,8,
202504040312,2025-10-25,新潟,12,3歳以上1勝クラス,芝,1400,左,曇,良,"4回 新潟 3日目 サラ系３歳以上 １勝クラス       [指] 定量 17頭 本賞金:800,320,200,120,80万円",17,800.0,3,3,6,ビッグフラワー,牡,4,58.0,丸山,81.5,1/2,8,21.8,34.4,12-10,美浦 加藤征,492,0,
202504040312,2025-10-25,新潟,12,3歳以上1勝クラス,芝,1400,左,曇,良,"4回 新潟 3日目 サラ系３歳以上 １勝クラス       [指] 定量 17頭 本賞金:800,320,200,120,80万円",17,800.0,4,2,3,バンブルビー,牡,3,53.0,▲石田,81.7,1.1/4,3,4.9,35.4,3-2,美浦 小西,464,0,
202504040312,2025-10-25,新潟,12,3歳以上1勝クラス,芝,1400,左,曇,良,"4回 新潟 3日目 サラ系３歳以上 １勝クラス       [指] 定量 17頭 本賞金:800,320,200,120,80万円",17,800.0,5,2,4,ディオデルマーレ,牡,3,56.0,鮫島駿,81.8,1/2,1,3.6,34.4,15-14,美浦 堀,508,0,
202504040312,2025-10-25,新潟,12,3歳以上1勝クラス,芝,1400,左,曇,良,"4回 新潟 3日目 サラ系３歳以上 １勝クラス       [指] 定量 17頭 本賞金:800,320,200,120,80万円",17,800.0,6,8,15,レオンバローズ,牡,6,58.0,国分優,81.9,1/2,9,28.0,35.0,9-5,栗東 渡辺,478,14,
202504040312,2025-10-25,新潟,12,3歳以上1勝クラス,芝,1400,左,曇,良,"4回 新潟 3日目 サラ系３歳以上 １勝クラス       [指] 定量 17頭 本賞金:800,320,200,120,80万円",17,800.0,7,1,1,ハルオーブ,牡,5,56.0,◇今村,81.9,クビ,12,65.8,35.2,6-5,美浦 武井,478,8,
202504040312,2025-10-25,新潟,12,3歳以上1勝クラス,芝,1400,左,曇,良,"4回 新潟 3日目 サラ系３歳以上 １勝クラス       [指] 定量 17頭 本賞金:800,320,200,120,80万円",17,800.0,8,8,17,レインボーブリッジ,牝,4,56.0,菊沢,82.0,クビ,6,10.2,34.4,16-16,美浦 小手川,454,1,
202504040312,2025-10-25,新潟,12,3歳以上1勝クラス,芝,1400,左,曇,良,"4回 新潟 3日目 サラ系３歳以上 １勝クラス       [指] 定量 17頭 本賞金:800,320,200,120,80万円",17,800.0,9,4,7,ブルバンビーナ,牝,3,51.0,▲古川奈,82.3,1.1/2,11,47.5,35.0,14-13,美浦 尾形,402,0,
202504040312,2025-10-25,新潟,12,3歳以上1勝クラス,芝,1400,左,曇,良,"4回 新潟 3日目 サラ系３歳以上 １勝クラス       [指] 定量 17頭 本賞金:800,320,200,120,80万円",17,800.0,10,3,5,パヴァーヌ,牝,5,52.0,★谷原,82.3,アタマ,16,198.2,35.3,11-10,美浦 伊藤圭,452,10,
202504040312,2025-10-25,新潟,12,3歳以上1勝クラス,芝,1400,左,曇,良,"4回 新潟 3日目 サラ系３歳以上 １勝クラス       [指] 定量 17頭 本賞金:800,320,200,120,80万円",17,800.0,11,6,11,クレセントウイング,セ,5,58.0,荻野極,82.4,1,4,8.0,35.5,9-10,美浦 高橋文,466,-2,
202504040312,2025-10-25,新潟,12,3歳以上1勝クラス,芝,1400,左,曇,良,"4回 新潟 3日目 サラ系３歳以上 １勝クラス       [指] 定量 17頭 本賞金:800,320,200,120,80万円",17,800.0,12,1,2,ツッチーフェイス,牝,6,56.0,中井,82.4,アタマ,13,83.9,34.7,16-16,栗東 今野,492,12,
202504040312,2025-10-25,新潟,12,3歳以上1勝クラス,芝,1400,左,曇,良,"4回 新潟 3日目 サラ系３歳以上 １勝クラス       [指] 定量 17頭 本賞金:800,320,200,120,80万円",17,800.0,13,5,9,サニーサルサ,牝,3,54.0,斎藤,82.5,1/2,10,36.3,35.7,8-8,栗東 高橋康,464,8,
202504040312,2025-10-25,新潟,12,3歳以上1勝クラス,芝,1400,左,曇,良,"4回 新潟 3日目 サラ系３歳以上 １勝クラス       [指] 定量 17頭 本賞金:800,320,200,120,80万円",17,800.0,14,7,14,セントキルダ,牡,4,54.0,★河原田,82.7,1,14,113.0,35.6,12-14,栗東 東田,474,2,
202504040312,2025-10-25,新潟,12,3歳以上1勝クラス,芝,1400,左,曇,良,"4回 新潟 3日目 サラ系３歳以上 １勝クラス       [指] 定量 17頭 本賞金:800,320,200,120,80万円",17,800.0,15,8,16,ストレイトアスク,牝,4,55.0,☆西塚,83.0,2,5,9.3,36.3,6-8,栗東 藤原,430,-6,
202504040312,2025-10-25,新潟,12,3歳以上1勝クラス,芝,1400,左,曇,良,"4回 新潟 3日目 サラ系３歳以上 １勝クラス       [指] 定量 17頭 本賞金:800,320,200,120,80万円",17,800.0,16,6,12,ミニマルデザイン,牝,4,54.0,△鷲頭,83.6,3.1/2,17,257.0,37.4,2-2,美浦 岩戸,468,2,
202504040312,2025-10-25,新潟,12,3歳以上1勝クラス,芝,1400,左,曇,良,"4回 新潟 3日目 サラ系３歳以上 １勝クラス       [指] 定量 17頭 本賞金:800,320,200,120,80万円",17,800.0,17,7,13,ガーデンプランナー,牝,4,56.0,横山琉,84.1,3,15,150.0,37.7,4-5,美浦 堀内,448,2,
202504040312,2025-10-25,新潟,12,3歳以上1勝クラス,芝,1400,左,曇,良,"4回 新潟 3日目 サラ系３歳以上 １勝クラス       [指] 定量 17頭 本賞金:800,320,200,120,80万円",17,800.0,,1,10,ワタシマツワ,,,94.0,90,,12.5,6,10.9,3.0,11.3,3,,,
202504040312,2025-10-25,新潟,12,3歳以上1勝クラス,芝,1400,左,曇,良,"4回 新潟 3日目 サラ系３歳以上 １勝クラス       [指] 定量 17頭 本賞金:800,320,200,120,80万円",17,800.0,,1,10,ワタシマツワ,,,,-,,-,,,,-,-,,,
202505040801,2025-10-25,東京,1,2歳未勝利,ダ,1600,左,小雨,稍,"4回 東京 8日目 サラ系２歳 未勝利       [指] 馬齢 15頭 本賞金:560,220,140,84,56万円",15,560.0,1,8,14,ケイアイアギト,牡,2,56.0,ルメー,98.1,,2,3.6,36.1,4-4,美浦 加藤征,512,-4,
202505040801,2025-10-25,東京,1,2歳未勝利,ダ,1600,左,小雨,稍,"4回 東京 8日目 サラ系２歳 未勝利       [指] 馬齢 15頭 本賞金:560,220,140,84,56万円",15,560.0,2,7,12,イナズマダイモン,牡,2,56.0,川田,98.1,アタマ,1,1.7,35.8,8-6,美浦 宮田,508,4,
202505040801,2025-10-25,東京,1,2歳未勝利,ダ,1600,左,小雨,稍,"4回 東京 8日目 サラ系２歳 未勝利       [指] 馬齢 15頭 本賞金:560,220,140,84,56万円",15,560.0,3,2,3,セイウンリメンバー,牡,2,54.0,△長浜,99.0,5,6,32.5,37.3,1-1,美浦 千葉,474,4,
202505040801,2025-10-25,東京,1,2歳未勝利,ダ,1600,左,小雨,稍,"4回 東京 8日目 サラ系２歳 未勝利       [指] 馬齢 15頭 本賞金:560,220,140,84,56万円",15,560.0,4,3,4,ゴットタレント,牡,2,56.0,三浦,99.2,1,5,19.7,37.3,2-3,美浦 田村,460,4,
202505040801,2025-10-25,東京,1,2歳未勝利,ダ,1600,左,小雨,稍,"4回 東京 8日目 サラ系２歳 未勝利       [指] 馬齢 15頭 本賞金:560,220,140,84,56万円",15,560.0,5,1,1,ウインビギニング,牡,2,56.0,佐々木,99.3,3/4,3,6.8,37.5,2-2,美浦 上原博,506,10,
202505040801,2025-10-25,東京,1,2歳未勝利,ダ,1600,左,小雨,稍,"4回 東京 8日目 サラ系２歳 未勝利       [指] 馬齢 15頭 本賞金:560,220,140,84,56万円",15,560.0,6,2,2,テンレディーゴー,牡,2,56.0,吉田豊,99.4,1/2,11,141.2,37.0,9-8,美浦 菊川,476,2,
202505040801,2025-10-25,東京,1,2歳未勝利,ダ,1600,左,小雨,稍,"4回 東京 8日目 サラ系２歳 未勝利       [指] 馬齢 15頭 本賞金:560,220,140,84,56万円",15,560.0,7,7,13,グラスハーティー,牝,2,55.0,大野,99.4,アタマ,4,8.6,37.1,6-6,美浦 松山,492,2,
202505040801,2025-10-25,東京,1,2歳未勝利,ダ,1600,左,小雨,稍,"4回 東京 8日目 サラ系２歳 未勝利       [指] 馬齢 15頭 本賞金:560,220,140,84,56万円",15,560.0,8,5,9,ドゥーニ,牡,2,56.0,津村,99.6,1.1/4,7,41.7,37.5,4-4,美浦 矢嶋,472,-10,
202505040801,2025-10-25,東京,1,2歳未勝利,ダ,1600,左,小雨,稍,"4回 東京 8日目 サラ系２歳 未勝利       [指] 馬齢 15頭 本賞金:560,220,140,84,56万円",15,560.0,9,4,6,マーガレットクレア,牝,2,55.0,原,99.9,1.3/4,9,99.5,37.5,6-8,美浦 黒岩,440,2,
202505040801,2025-10-25,東京,1,2歳未勝利,ダ,1600,左,小雨,稍,"4回 東京 8日目 サラ系２歳 未勝利       [指] 馬齢 15頭 本賞金:560,220,140,84,56万円",15,560.0,10,4,7,アデルフィー,牡,2,56.0,横山武,100.1,1.1/4,8,68.4,36.7,15-15,美浦 金成,460,6,
202505040801,2025-10-25,東京,1,2歳未勝利,ダ,1600,左,小雨,稍,"4回 東京 8日目 サラ系２歳 未勝利       [指] 馬齢 15頭 本賞金:560,220,140,84,56万円",15,560.0,11,3,5,ファイヤサラマンダ,牡,2,56.0,木幡巧,100.2,1,12,298.0,37.5,11-10,美浦 牧,488,4,
202505040801,2025-10-25,東京,1,2歳未勝利,ダ,1600,左,小雨,稍,"4回 東京 8日目 サラ系２歳 未勝利       [指] 馬齢 15頭 本賞金:560,220,140,84,56万円",15,560.0,12,5,8,キタノリスクミー,牝,2,55.0,木幡初,100.6,2,14,383.7,37.7,13-11,美浦 粕谷,440,-2,
202505040801,2025-10-25,東京,1,2歳未勝利,ダ,1600,左,小雨,稍,"4回 東京 8日目 サラ系２歳 未勝利       [指] 馬齢 15頭 本賞金:560,220,140,84,56万円",15,560.0,13,8,15,カンタベリービーム,牡,2,56.0,丸田,102.3,10,15,466.7,39.1,13-14,美浦 石栗,434,0,
202505040801,2025-10-25,東京,1,2歳未勝利,ダ,1600,左,小雨,稍,"4回 東京 8日目 サラ系２歳 未勝利       [指] 馬齢 15頭 本賞金:560,220,140,84,56万円",15,560.0,14,6,10,ニシノガウェイン,牡,2,56.0,内田博,102.6,1.3/4,10,106.0,39.7,11-11,美浦 稲垣,452,8,
202505040801,2025-10-25,東京,1,2歳未勝利,ダ,1600,左,小雨,稍,"4回 東京 8日目 サラ系２歳 未勝利       [指] 馬齢 15頭 本賞金:560,220,140,84,56万円",15,560.0,15,6,11,シスターブラック,牝,2,52.0,▲遠藤,103.5,5,13,304.7,40.6,9-11,美浦 西田,440,-2,
202505040801,2025-10-25,東京,1,2歳未勝利,ダ,1600,左,小雨,稍,"4回 東京 8日目 サラ系２歳 未勝利       [指] 馬齢 15頭 本賞金:560,220,140,84,56万円",15,560.0,,1,14,ケイアイアギト,,,98.0,85,,12.8,12,11.2,7.0,12.5,5,,,
202505040801,2025-10-25,東京,1,2歳未勝利,ダ,1600,左,小雨,稍,"4回 東京 8日目 サラ系２歳 未勝利       [指] 馬齢 15頭 本賞金:560,220,140,84,56万円",15,560.0,,1,14,ケイアイアギト,,,,-,,-,,,,-,-,,,
202505040802,2025-10-25,東京,2,2歳未勝利,芝,1600,左,小雨,良,"4回 東京 8日目 サラ系２歳 未勝利       牝[指] 馬齢 10頭 本賞金:560,220,140,84,56万円",10,560.0,1,7,8,ヒズマスターピース,牝,2,55.0,菅原明,94.9,,2,5.4,35.2,1-1,美浦 国枝,512,-2,
202505040802,2025-10-25,東京,2,2歳未勝利,芝,1600,左,小雨,良,"4回 東京 8日目 サラ系２歳 未勝利       牝[指] 馬齢 10頭 本賞金:560,220,140,84,56万円",10,560.0,2,5,5,ダイユウヴェンティ,牝,2,55.0,内田博,95.0,3/4,6,46.8,34.8,5-5,美浦 松永康,432,-6,
202505040802,2025-10-25,東京,2,2歳未勝利,芝,1600,左,小雨,良,"4回 東京 8日目 サラ系２歳 未勝利       牝[指] 馬齢 10頭 本賞金:560,220,140,84,56万円",10,560.0,3,2,2,ジュラトリー,牝,2,55.0,津村,95.2,1.1/4,3,10.6,34.8,7-7,美浦 池上,470,10,
202505040802,2025-10-25,東京,2,2歳未勝利,芝,1600,左,小雨,良,"4回 東京 8日目 サラ系２歳 未勝利       牝[指] 馬齢 10頭 本賞金:560,220,140,84,56万円",10,560.0,4,3,3,ボーントゥラブユー,牝,2,55.0,三浦,95.2,ハナ,5,24.5,34.8,7-7,美浦 小笠,464,8,
202505040802,2025-10-25,東京,2,2歳未勝利,芝,1600,左,小雨,良,"4回 東京 8日目 サラ系２歳 未勝利       牝[指] 馬齢 10頭 本賞金:560,220,140,84,56万円",10,560.0,5,7,7,トレニアムーン,牝,2,52.0,▲遠藤,95.5,1.3/4,7,159.4,34.9,9-9,美浦 清水英,468,0,
202505040802,2025-10-25,東京,2,2歳未勝利,芝,1600,左,小雨,良,"4回 東京 8日目 サラ系２歳 未勝利       牝[指] 馬齢 10頭 本賞金:560,220,140,84,56万円",10,560.0,6,8,9,サンセリテ,牝,2,55.0,戸崎圭,95.8,1.1/2,1,1.1,36.0,2-2,美浦 鹿戸,440,2,
202505040802,2025-10-25,東京,2,2歳未勝利,芝,1600,左,小雨,良,"4回 東京 8日目 サラ系２歳 未勝利       牝[指] 馬齢 10頭 本賞金:560,220,140,84,56万円",10,560.0,7,6,6,カシノリアーナ,牝,2,52.0,▲水沼,96.1,2,9,266.5,35.1,10-10,美浦 天間,440,2,
202505040802,2025-10-25,東京,2,2歳未勝利,芝,1600,左,小雨,良,"4回 東京 8日目 サラ系２歳 未勝利       牝[指] 馬齢 10頭 本賞金:560,220,140,84,56万円",10,560.0,8,1,1,セルリア,牝,2,55.0,佐々木,97.1,6,4,21.6,37.0,4-4,美浦 大和田,444,-4,
202505040802,2025-10-25,東京,2,2歳未勝利,芝,1600,左,小雨,良,"4回 東京 8日目 サラ系２歳 未勝利       牝[指] 馬齢 10頭 本賞金:560,220,140,84,56万円",10,560.0,9,8,10,ノアシルヴィ,牝,2,55.0,菅原隆,97.1,ハナ,10,348.2,37.2,2-3,美浦 天間,466,2,
202505040802,2025-10-25,東京,2,2歳未勝利,芝,1600,左,小雨,良,"4回 東京 8日目 サラ系２歳 未勝利       牝[指] 馬齢 10頭 本賞金:560,220,140,84,56万円",10,560.0,10,4,4,アビエーション,牝,2,53.0,△長浜,98.9,大,8,211.8,38.6,5-5,美浦 佐藤吉,462,10,
202505040802,2025-10-25,東京,2,2歳未勝利,芝,1600,左,小雨,良,"4回 東京 8日目 サラ系２歳 未勝利       牝[指] 馬齢 10頭 本賞金:560,220,140,84,56万円",10,560.0,,1,8,ヒズマスターピース,,,97.0,91,,12.7,6,11.2,3.0,11.7,1,,,
202505040802,2025-10-25,東京,2,2歳未勝利,芝,1600,左,小雨,良,"4回 東京 8日目 サラ系２歳 未勝利       牝[指] 馬齢 10頭 本賞金:560,220,140,84,56万円",10,560.0,,1,8,ヒズマスターピース,,,,-,,-,,,,-,-,,,
202505040803,2025-10-25,東京,3,2歳未勝利,芝,1800,左,小雨,良,"4回 東京 8日目 サラ系２歳 未勝利       [指] 馬齢 9頭 本賞金:560,220,140,84,56万円",9,560.0,1,8,9,ノーウェアマン,牡,2,56.0,木幡巧,108.6,,5,29.5,35.0,1-1-1,美浦 浅利,490,-6,
202505040803,2025-10-25,東京,3,2歳未勝利,芝,1800,左,小雨,良,"4回 東京 8日目 サラ系２歳 未勝利       [指] 馬齢 9頭 本賞金:560,220,140,84,56万円",9,560.0,2,6,6,ナックホワイト,牝,2,55.0,大野,108.7,1,4,12.4,33.9,5-5-6,美浦 杉浦,486,2,
202505040803,2025-10-25,東京,3,2歳未勝利,芝,1800,左,小雨,良,"4回 東京 8日目 サラ系２歳 未勝利       [指] 馬齢 9頭 本賞金:560,220,140,84,56万円",9,560.0,3,4,4,シルバーゴールド,牝,2,55.0,吉田豊,108.8,1/2,3,8.8,34.3,3-4-4,美浦 戸田,442,10,
202505040803,2025-10-25,東京,3,2歳未勝利,芝,1800,左,小雨,良,"4回 東京 8日目 サラ系２歳 未勝利       [指] 馬齢 9頭 本賞金:560,220,140,84,56万円",9,560.0,4,7,7,アッシズオブローズ,牝,2,55.0,ルメー,108.9,クビ,2,2.1,33.9,8-8-7,美浦 尾関,462,10,
202505040803,2025-10-25,東京,3,2歳未勝利,芝,1800,左,小雨,良,"4回 東京 8日目 サラ系２歳 未勝利       [指] 馬齢 9頭 本賞金:560,220,140,84,56万円",9,560.0,5,3,3,ケナゲ,牝,2,55.0,柴田大,109.5,3.1/2,6,60.0,34.6,7-7-7,美浦 和田雄,452,10,
202505040803,2025-10-25,東京,3,2歳未勝利,芝,1800,左,小雨,良,"4回 東京 8日目 サラ系２歳 未勝利       [指] 馬齢 9頭 本賞金:560,220,140,84,56万円",9,560.0,6,1,1,スカイリッチ,牡,2,56.0,菅原明,109.7,1.1/4,1,1.9,35.1,5-5-5,美浦 小笠,420,-2,
202505040803,2025-10-25,東京,3,2歳未勝利,芝,1800,左,小雨,良,"4回 東京 8日目 サラ系２歳 未勝利       [指] 馬齢 9頭 本賞金:560,220,140,84,56万円",9,560.0,7,2,2,チャンピオンホース,牡,2,56.0,石川,110.5,5,7,135.1,36.5,2-2-2,美浦 尾形,466,0,
202505040803,2025-10-25,東京,3,2歳未勝利,芝,1800,左,小雨,良,"4回 東京 8日目 サラ系２歳 未勝利       [指] 馬齢 9頭 本賞金:560,220,140,84,56万円",9,560.0,8,5,5,チッタデラモーレ,牡,2,53.0,▲遠藤,110.8,2,8,141.6,36.7,3-2-2,美浦 伊藤圭,472,-2,
202505040803,2025-10-25,東京,3,2歳未勝利,芝,1800,左,小雨,良,"4回 東京 8日目 サラ系２歳 未勝利       [指] 馬齢 9頭 本賞金:560,220,140,84,56万円",9,560.0,9,8,8,ウマナミカイドウ,セ,2,53.0,▲水沼,111.1,1.1/2,9,213.3,35.1,9-9-9,美浦 天間,442,-2,
202505040803,2025-10-25,東京,3,2歳未勝利,芝,1800,左,小雨,良,"4回 東京 8日目 サラ系２歳 未勝利       [指] 馬齢 9頭 本賞金:560,220,140,84,56万円",9,560.0,,1,9,ノーウェアマン,,,103.0,84,,12.7,2,11.0,2.0,12.2,1,,,
202505040803,2025-10-25,東京,3,2歳未勝利,芝,1800,左,小雨,良,"4回 東京 8日目 サラ系２歳 未勝利       [指] 馬齢 9頭 本賞金:560,220,140,84,56万円",9,560.0,,1,9,ノーウェアマン,,,,-,,-,,,,-,-,,,
202505040804,2025-10-25,東京,4,2歳新馬,ダ,1400,左,小雨,稍,"4回 東京 8日目 サラ系２歳 新馬       (混)[指] 馬齢 16頭 本賞金:750,300,190,110,75万円",16,750.0,1,7,13,ジャレッド,牡,2,56.0,武豊,86.9,,1,1.6,37.6,2-1,栗東 秋山,474,0,
202505040804,2025-10-25,東京,4,2歳新馬,ダ,1400,左,小雨,稍,"4回 東京 8日目 サラ系２歳 新馬       (混)[指] 馬齢 16頭 本賞金:750,300,190,110,75万円",16,750.0,2,5,9,マカイゾウ,牝,2,55.0,内田博,86.9,クビ,7,30.5,37.5,1-2,美浦 竹内,474,0,
202505040804,2025-10-25,東京,4,2歳新馬,ダ,1400,左,小雨,稍,"4回 東京 8日目 サラ系２歳 新馬       (混)[指] 馬齢 16頭 本賞金:750,300,190,110,75万円",16,750.0,3,6,11,ジャガーライズ,牡,2,56.0,三浦,87.0,1/2,2,4.5,37.3,5-4,美浦 伊藤圭,474,0,
202505040804,2025-10-25,東京,4,2歳新馬,ダ,1400,左,小雨,稍,"4回 東京 8日目 サラ系２歳 新馬       (混)[指] 馬齢 16頭 本賞金:750,300,190,110,75万円",16,750.0,4,2,3,フェスティヴハート,牝,2,55.0,柴田大,87.3,1.1/2,11,50.0,37.6,4-4,美浦 畠山,502,0,
202505040804,2025-10-25,東京,4,2歳新馬,ダ,1400,左,小雨,稍,"4回 東京 8日目 サラ系２歳 新馬       (混)[指] 馬齢 16頭 本賞金:750,300,190,110,75万円",16,750.0,5,1,1,フジコンフィデンス,牝,2,55.0,木幡巧,87.4,3/4,3,9.6,37.5,7-7,美浦 牧,486,0,
202505040804,2025-10-25,東京,4,2歳新馬,ダ,1400,左,小雨,稍,"4回 東京 8日目 サラ系２歳 新馬       (混)[指] 馬齢 16頭 本賞金:750,300,190,110,75万円",16,750.0,6,3,5,ハピナスター,牡,2,56.0,松岡,87.8,2,14,155.6,37.4,10-10,美浦 伊藤伸,504,0,
202505040804,2025-10-25,東京,4,2歳新馬,ダ,1400,左,小雨,稍,"4回 東京 8日目 サラ系２歳 新馬       (混)[指] 馬齢 16頭 本賞金:750,300,190,110,75万円",16,750.0,7,2,4,プレデンシア,牝,2,55.0,津村,87.8,クビ,5,20.3,37.8,8-7,栗東 中尾,492,0,
202505040804,2025-10-25,東京,4,2歳新馬,ダ,1400,左,小雨,稍,"4回 東京 8日目 サラ系２歳 新馬       (混)[指] 馬齢 16頭 本賞金:750,300,190,110,75万円",16,750.0,8,5,10,クルビデンス,牡,2,56.0,佐々木,87.9,1/2,9,36.9,38.5,2-2,美浦 菊川,446,0,
202505040804,2025-10-25,東京,4,2歳新馬,ダ,1400,左,小雨,稍,"4回 東京 8日目 サラ系２歳 新馬       (混)[指] 馬齢 16頭 本賞金:750,300,190,110,75万円",16,750.0,9,3,6,マッシブショット,牡,2,56.0,丸田,87.9,ハナ,6,23.0,37.7,8-9,美浦 武藤,480,0,
202505040804,2025-10-25,東京,4,2歳新馬,ダ,1400,左,小雨,稍,"4回 東京 8日目 サラ系２歳 新馬       (混)[指] 馬齢 16頭 本賞金:750,300,190,110,75万円",16,750.0,10,8,15,フランジパーヌ,牝,2,53.0,△長浜,88.2,1.3/4,10,48.5,38.5,5-4,美浦 深山,506,0,
202505040804,2025-10-25,東京,4,2歳新馬,ダ,1400,左,小雨,稍,"4回 東京 8日目 サラ系２歳 新馬       (混)[指] 馬齢 16頭 本賞金:750,300,190,110,75万円",16,750.0,11,1,2,サーロー,牝,2,55.0,横山和,88.3,クビ,12,108.2,37.0,15-15,美浦 勢司,488,0,
202505040804,2025-10-25,東京,4,2歳新馬,ダ,1400,左,小雨,稍,"4回 東京 8日目 サラ系２歳 新馬       (混)[指] 馬齢 16頭 本賞金:750,300,190,110,75万円",16,750.0,12,8,16,サリーアン,牡,2,56.0,石川,88.6,2,8,35.2,38.2,10-10,美浦 鈴木伸,456,0,
202505040804,2025-10-25,東京,4,2歳新馬,ダ,1400,左,小雨,稍,"4回 東京 8日目 サラ系２歳 新馬       (混)[指] 馬齢 16頭 本賞金:750,300,190,110,75万円",16,750.0,13,4,8,アイクルムズ,牝,2,55.0,木幡初,89.4,5,15,246.1,38.6,13-12,美浦 粕谷,430,0,
202505040804,2025-10-25,東京,4,2歳新馬,ダ,1400,左,小雨,稍,"4回 東京 8日目 サラ系２歳 新馬       (混)[指] 馬齢 16頭 本賞金:750,300,190,110,75万円",16,750.0,14,4,7,アメジストテソーロ,牝,2,55.0,大野,89.8,2.1/2,13,109.9,37.7,16-16,美浦 稲垣,410,0,
202505040804,2025-10-25,東京,4,2歳新馬,ダ,1400,左,小雨,稍,"4回 東京 8日目 サラ系２歳 新馬       (混)[指] 馬齢 16頭 本賞金:750,300,190,110,75万円",16,750.0,15,6,12,カテドラルクォーツ,牡,2,56.0,原,89.8,クビ,4,14.2,38.9,13-12,美浦 菊沢,466,0,
202505040804,2025-10-25,東京,4,2歳新馬,ダ,1400,左,小雨,稍,"4回 東京 8日目 サラ系２歳 新馬       (混)[指] 馬齢 16頭 本賞金:750,300,190,110,75万円",16,750.0,16,7,14,マインセーラ,牝,2,52.0,▲水沼,90.0,1.1/4,16,287.2,38.9,10-14,美浦 的場,446,0,
202505040804,2025-10-25,東京,4,2歳新馬,ダ,1400,左,小雨,稍,"4回 東京 8日目 サラ系２歳 新馬       (混)[指] 馬齢 16頭 本賞金:750,300,190,110,75万円",16,750.0,,1,13,ジャレッド,,,93.0,79,,12.7,8,11.7,5.0,12.5,3,,,
202505040804,2025-10-25,東京,4,2歳新馬,ダ,1400,左,小雨,稍,"4回 東京 8日目 サラ系２歳 新馬       (混)[指] 馬齢 16頭 本賞金:750,300,190,110,75万円",16,750.0,,1,13,ジャレッド,,,,-,,-,,,,-,-,,,
202505040805,2025-10-25,東京,5,2歳新馬,芝,2000,左,小雨,良,"4回 東京 8日目 サラ系２歳 新馬       [指] 馬齢 9頭 本賞金:750,300,190,110,75万円",9,750.0,1,1,1,ウップヘリーア,牡,2,56.0,ルメー,123.1,,3,3.8,34.2,1-1-1,美浦 黒岩,488,0,
202505040805,2025-10-25,東京,5,2歳新馬,芝,2000,左,小雨,良,"4回 東京 8日目 サラ系２歳 新馬       [指] 馬齢 9頭 本賞金:750,300,190,110,75万円",9,750.0,2,5,5,ブラックオリンピア,牡,2,56.0,川田,123.1,ハナ,2,2.9,33.9,5-3-4,栗東 友道,524,0,
202505040805,2025-10-25,東京,5,2歳新馬,芝,2000,左,小雨,良,"4回 東京 8日目 サラ系２歳 新馬       [指] 馬齢 9頭 本賞金:750,300,190,110,75万円",9,750.0,3,8,8,オルフセン,牡,2,56.0,戸崎圭,123.2,3/4,1,2.6,33.7,7-6-7,美浦 斎藤誠,486,0,
202505040805,2025-10-25,東京,5,2歳新馬,芝,2000,左,小雨,良,"4回 東京 8日目 サラ系２歳 新馬       [指] 馬齢 9頭 本賞金:750,300,190,110,75万円",9,750.0,4,2,2,ヴァンデスペランス,牡,2,56.0,石川,123.5,1.3/4,4,9.5,34.3,3-3-4,美浦 中舘,464,0,
202505040805,2025-10-25,東京,5,2歳新馬,芝,2000,左,小雨,良,"4回 東京 8日目 サラ系２歳 新馬       [指] 馬齢 9頭 本賞金:750,300,190,110,75万円",9,750.0,5,7,7,ダイユウアレグロ,牡,2,56.0,内田博,123.6,1,7,38.7,34.2,6-6-6,美浦 松永康,526,0,
202505040805,2025-10-25,東京,5,2歳新馬,芝,2000,左,小雨,良,"4回 東京 8日目 サラ系２歳 新馬       [指] 馬齢 9頭 本賞金:750,300,190,110,75万円",9,750.0,6,6,6,マテンロウゼロ,牡,2,56.0,横山典,123.9,1.1/2,6,18.5,34.8,3-3-3,栗東 松永幹,466,0,
202505040805,2025-10-25,東京,5,2歳新馬,芝,2000,左,小雨,良,"4回 東京 8日目 サラ系２歳 新馬       [指] 馬齢 9頭 本賞金:750,300,190,110,75万円",9,750.0,7,8,9,ジングアップ,牡,2,56.0,木幡巧,124.0,1/2,8,54.8,34.3,9-9-9,美浦 大竹,440,0,
202505040805,2025-10-25,東京,5,2歳新馬,芝,2000,左,小雨,良,"4回 東京 8日目 サラ系２歳 新馬       [指] 馬齢 9頭 本賞金:750,300,190,110,75万円",9,750.0,8,4,4,トゥインクルピカ,牝,2,55.0,横山武,124.3,1.3/4,5,18.2,34.8,7-6-7,栗東 四位,470,0,
202505040805,2025-10-25,東京,5,2歳新馬,芝,2000,左,小雨,良,"4回 東京 8日目 サラ系２歳 新馬       [指] 馬齢 9頭 本賞金:750,300,190,110,75万円",9,750.0,9,3,3,ファストフォワード,牝,2,55.0,津村,124.4,1,9,86.5,35.5,2-2-2,栗東 小林,522,0,
202505040805,2025-10-25,東京,5,2歳新馬,芝,2000,左,小雨,良,"4回 東京 8日目 サラ系２歳 新馬       [指] 馬齢 9頭 本賞金:750,300,190,110,75万円",9,750.0,,1,1,ウップヘリーア,,,91.0,78,,13.5,1,12.2,4.0,12.1,2,,,
202505040805,2025-10-25,東京,5,2歳新馬,芝,2000,左,小雨,良,"4回 東京 8日目 サラ系２歳 新馬       [指] 馬齢 9頭 本賞金:750,300,190,110,75万円",9,750.0,,1,1,ウップヘリーア,,,,-,,-,,,,-,-,,,
202505040806,2025-10-25,東京,6,2歳新馬,ダ,1600,左,小雨,稍,"4回 東京 8日目 サラ系２歳 新馬       [指] 馬齢 16頭 本賞金:750,300,190,110,75万円",16,750.0,1,2,3,ホウオウルクソール,牡,2,56.0,横山和,97.6,,2,6.0,36.1,2-2,美浦 栗田,474,0,
202505040806,2025-10-25,東京,6,2歳新馬,ダ,1600,左,小雨,稍,"4回 東京 8日目 サラ系２歳 新馬       [指] 馬齢 16頭 本賞金:750,300,190,110,75万円",16,750.0,2,3,5,マクリール,牡,2,56.0,ルメー,98.3,4,1,1.8,36.4,6-4,美浦 手塚久,474,0,
202505040806,2025-10-25,東京,6,2歳新馬,ダ,1600,左,小雨,稍,"4回 東京 8日目 サラ系２歳 新馬       [指] 馬齢 16頭 本賞金:750,300,190,110,75万円",16,750.0,3,1,1,マイネルトレマーズ,牡,2,56.0,津村,98.4,クビ,8,32.0,37.0,1-1,美浦 手塚久,560,0,
202505040806,2025-10-25,東京,6,2歳新馬,ダ,1600,左,小雨,稍,"4回 東京 8日目 サラ系２歳 新馬       [指] 馬齢 16頭 本賞金:750,300,190,110,75万円",16,750.0,4,1,2,ノボリフジ,牡,2,53.0,▲遠藤,98.8,2.1/2,16,320.2,37.1,3-3,美浦 伊藤伸,464,0,
202505040806,2025-10-25,東京,6,2歳新馬,ダ,1600,左,小雨,稍,"4回 東京 8日目 サラ系２歳 新馬       [指] 馬齢 16頭 本賞金:750,300,190,110,75万円",16,750.0,5,2,4,ヤマメイッカ,牡,2,56.0,佐々木,98.9,3/4,12,85.7,36.4,13-9,美浦 久保田,494,0,
202505040806,2025-10-25,東京,6,2歳新馬,ダ,1600,左,小雨,稍,"4回 東京 8日目 サラ系２歳 新馬       [指] 馬齢 16頭 本賞金:750,300,190,110,75万円",16,750.0,6,3,6,タートルインメイ,牝,2,55.0,松岡,99.5,3.1/2,14,138.3,37.3,7-7,美浦 奥平,490,0,
202505040806,2025-10-25,東京,6,2歳新馬,ダ,1600,左,小雨,稍,"4回 東京 8日目 サラ系２歳 新馬       [指] 馬齢 16頭 本賞金:750,300,190,110,75万円",16,750.0,7,7,14,フェルアフリーゼ,牝,2,53.0,△長浜,100.0,2.1/2,9,34.9,38.0,3-4,美浦 深山,432,0,
202505040806,2025-10-25,東京,6,2歳新馬,ダ,1600,左,小雨,稍,"4回 東京 8日目 サラ系２歳 新馬       [指] 馬齢 16頭 本賞金:750,300,190,110,75万円",16,750.0,8,5,9,ゾネブルーム,牡,2,56.0,石川,100.0,クビ,7,24.0,36.8,13-15,美浦 矢嶋,488,0,
202505040806,2025-10-25,東京,6,2歳新馬,ダ,1600,左,小雨,稍,"4回 東京 8日目 サラ系２歳 新馬       [指] 馬齢 16頭 本賞金:750,300,190,110,75万円",16,750.0,9,6,12,タケルムサシ,牡,2,56.0,横山武,100.0,ハナ,3,6.1,36.9,11-13,美浦 斎藤誠,480,0,
202505040806,2025-10-25,東京,6,2歳新馬,ダ,1600,左,小雨,稍,"4回 東京 8日目 サラ系２歳 新馬       [指] 馬齢 16頭 本賞金:750,300,190,110,75万円",16,750.0,10,7,13,オルブライト,牡,2,56.0,大野,100.1,3/4,11,85.6,36.7,15-16,美浦 杉浦,478,0,
202505040806,2025-10-25,東京,6,2歳新馬,ダ,1600,左,小雨,稍,"4回 東京 8日目 サラ系２歳 新馬       [指] 馬齢 16頭 本賞金:750,300,190,110,75万円",16,750.0,11,8,16,カリビアンダンサー,牝,2,55.0,横山典,100.3,3/4,4,11.1,37.4,9-11,栗東 宮地,488,0,
202505040806,2025-10-25,東京,6,2歳新馬,ダ,1600,左,小雨,稍,"4回 東京 8日目 サラ系２歳 新馬       [指] 馬齢 16頭 本賞金:750,300,190,110,75万円",16,750.0,12,6,11,タマモチョコチップ,牝,2,55.0,原,100.4,3/4,10,51.9,37.5,16-11,美浦 菊沢,452,0,
202505040806,2025-10-25,東京,6,2歳新馬,ダ,1600,左,小雨,稍,"4回 東京 8日目 サラ系２歳 新馬       [指] 馬齢 16頭 本賞金:750,300,190,110,75万円",16,750.0,13,4,7,ポッドスモーカー,牡,2,56.0,吉田豊,100.6,1.1/2,15,201.7,38.1,10-9,美浦 小野,516,0,
202505040806,2025-10-25,東京,6,2歳新馬,ダ,1600,左,小雨,稍,"4回 東京 8日目 サラ系２歳 新馬       [指] 馬齢 16頭 本賞金:750,300,190,110,75万円",16,750.0,14,5,10,ラットバラット,牡,2,56.0,内田博,101.0,2,13,105.9,38.7,7-8,美浦 矢野,474,0,
202505040806,2025-10-25,東京,6,2歳新馬,ダ,1600,左,小雨,稍,"4回 東京 8日目 サラ系２歳 新馬       [指] 馬齢 16頭 本賞金:750,300,190,110,75万円",16,750.0,15,8,15,ムーンブランシュ,牝,2,55.0,木幡巧,101.3,2,6,21.9,38.2,11-13,美浦 牧,482,0,
202505040806,2025-10-25,東京,6,2歳新馬,ダ,1600,左,小雨,稍,"4回 東京 8日目 サラ系２歳 新馬       [指] 馬齢 16頭 本賞金:750,300,190,110,75万円",16,750.0,16,4,8,トシッキーセカンド,牡,2,56.0,石橋脩,103.6,大,5,13.8,41.7,3-4,栗東 清水久,500,0,
202505040806,2025-10-25,東京,6,2歳新馬,ダ,1600,左,小雨,稍,"4回 東京 8日目 サラ系２歳 新馬       [指] 馬齢 16頭 本賞金:750,300,190,110,75万円",16,750.0,,1,3,ホウオウルクソール,,,97.0,86,,12.5,5,11.5,4.0,12.5,3,,,
202505040806,2025-10-25,東京,6,2歳新馬,ダ,1600,左,小雨,稍,"4回 東京 8日目 サラ系２歳 新馬       [指] 馬齢 16頭 本賞金:750,300,190,110,75万円",16,750.0,,1,3,ホウオウルクソール,,,,-,,-,,,,-,-,,,
202505040807,2025-10-25,東京,7,3歳以上1勝クラス,ダ,1400,左,雨,稍,"4回 東京 8日目 サラ系３歳以上 １勝クラス       [指] 定量 16頭 本賞金:800,320,200,120,80万円",16,800.0,1,7,14,メリディアンスター,牡,3,56.0,ルメー,82.7,,1,2.8,35.5,3-3,美浦 加藤征,490,4,
202505040807,2025-10-25,東京,7,3歳以上1勝クラス,ダ,1400,左,雨,稍,"4回 東京 8日目 サラ系３歳以上 １勝クラス       [指] 定量 16頭 本賞金:800,320,200,120,80万円",16,800.0,2,4,8,ゼンカイパイロ,牡,4,58.0,横山典,83.6,5,5,9.6,36.0,7-6,美浦 伊坂,486,-4,
202505040807,2025-10-25,東京,7,3歳以上1勝クラス,ダ,1400,左,雨,稍,"4回 東京 8日目 サラ系３歳以上 １勝クラス       [指] 定量 16頭 本賞金:800,320,200,120,80万円",16,800.0,3,8,16,マクミランテソーロ,牡,4,58.0,横山武,83.9,2,2,4.4,36.8,2-2,美浦 田中剛,480,0,
202505040807,2025-10-25,東京,7,3歳以上1勝クラス,ダ,1400,左,雨,稍,"4回 東京 8日目 サラ系３歳以上 １勝クラス       [指] 定量 16頭 本賞金:800,320,200,120,80万円",16,800.0,4,4,7,ホウオウゴールド,牡,3,56.0,横山和,84.0,クビ,4,8.6,36.6,5-4,美浦 栗田,476,4,
202505040807,2025-10-25,東京,7,3歳以上1勝クラス,ダ,1400,左,雨,稍,"4回 東京 8日目 サラ系３歳以上 １勝クラス       [指] 定量 16頭 本賞金:800,320,200,120,80万円",16,800.0,5,5,9,マルセルテソーロ,牡,3,56.0,戸崎圭,84.2,1.1/4,7,10.1,36.7,3-4,美浦 牧,494,-2,
202505040807,2025-10-25,東京,7,3歳以上1勝クラス,ダ,1400,左,雨,稍,"4回 東京 8日目 サラ系３歳以上 １勝クラス       [指] 定量 16頭 本賞金:800,320,200,120,80万円",16,800.0,6,5,10,トモジャシーマ,セ,5,58.0,津村,84.5,1.3/4,8,17.1,36.8,7-6,美浦 鈴木伸,504,4,
202505040807,2025-10-25,東京,7,3歳以上1勝クラス,ダ,1400,左,雨,稍,"4回 東京 8日目 サラ系３歳以上 １勝クラス       [指] 定量 16頭 本賞金:800,320,200,120,80万円",16,800.0,7,6,11,スプランドゥール,牡,4,58.0,柴田大,84.5,ハナ,3,8.2,35.9,10-12,美浦 和田雄,476,-2,
202505040807,2025-10-25,東京,7,3歳以上1勝クラス,ダ,1400,左,雨,稍,"4回 東京 8日目 サラ系３歳以上 １勝クラス       [指] 定量 16頭 本賞金:800,320,200,120,80万円",16,800.0,8,3,5,アイスブレイカー,牡,4,58.0,内田博,84.6,1,15,199.3,36.2,10-10,美浦 伊坂,500,2,
202505040807,2025-10-25,東京,7,3歳以上1勝クラス,ダ,1400,左,雨,稍,"4回 東京 8日目 サラ系３歳以上 １勝クラス       [指] 定量 16頭 本賞金:800,320,200,120,80万円",16,800.0,9,1,2,キカオクベシ,牝,3,52.0,△長浜,85.1,3,10,58.3,36.1,15-15,美浦 根本,444,-2,
202505040807,2025-10-25,東京,7,3歳以上1勝クラス,ダ,1400,左,雨,稍,"4回 東京 8日目 サラ系３歳以上 １勝クラス       [指] 定量 16頭 本賞金:800,320,200,120,80万円",16,800.0,10,6,12,メリーサウンド,牝,3,54.0,原,85.1,クビ,14,179.0,35.7,16-16,美浦 小笠,458,0,
202505040807,2025-10-25,東京,7,3歳以上1勝クラス,ダ,1400,左,雨,稍,"4回 東京 8日目 サラ系３歳以上 １勝クラス       [指] 定量 16頭 本賞金:800,320,200,120,80万円",16,800.0,11,2,4,マイネルブリオン,牡,3,56.0,松岡,85.2,クビ,11,94.1,36.5,13-13,美浦 矢野,478,-2,
202505040807,2025-10-25,東京,7,3歳以上1勝クラス,ダ,1400,左,雨,稍,"4回 東京 8日目 サラ系３歳以上 １勝クラス       [指] 定量 16頭 本賞金:800,320,200,120,80万円",16,800.0,12,2,3,ジェイエルバース,牡,3,56.0,石川,85.6,2.1/2,9,55.7,38.5,1-1,美浦 小西,504,6,
202505040807,2025-10-25,東京,7,3歳以上1勝クラス,ダ,1400,左,雨,稍,"4回 東京 8日目 サラ系３歳以上 １勝クラス       [指] 定量 16頭 本賞金:800,320,200,120,80万円",16,800.0,13,1,1,アルシミスト,セ,4,58.0,大野,85.7,3/4,12,95.5,37.4,10-10,美浦 浅利,514,-4,
202505040807,2025-10-25,東京,7,3歳以上1勝クラス,ダ,1400,左,雨,稍,"4回 東京 8日目 サラ系３歳以上 １勝クラス       [指] 定量 16頭 本賞金:800,320,200,120,80万円",16,800.0,14,3,6,ジーティーエンジン,牡,3,53.0,▲遠藤,86.2,3,13,173.7,37.5,14-13,美浦 伊藤圭,518,-8,
202505040807,2025-10-25,東京,7,3歳以上1勝クラス,ダ,1400,左,雨,稍,"4回 東京 8日目 サラ系３歳以上 １勝クラス       [指] 定量 16頭 本賞金:800,320,200,120,80万円",16,800.0,15,8,15,ミツカネリブラ,牡,3,56.0,木幡巧,86.3,3/4,16,222.5,38.2,9-9,美浦 清水英,486,6,
202505040807,2025-10-25,東京,7,3歳以上1勝クラス,ダ,1400,左,雨,稍,"4回 東京 8日目 サラ系３歳以上 １勝クラス       [指] 定量 16頭 本賞金:800,320,200,120,80万円",16,800.0,16,7,13,ポッドボウ,牡,3,56.0,菅原明,86.4,クビ,6,9.9,38.6,5-8,栗東 矢作,500,-7,
202505040807,2025-10-25,東京,7,3歳以上1勝クラス,ダ,1400,左,雨,稍,"4回 東京 8日目 サラ系３歳以上 １勝クラス       [指] 定量 16頭 本賞金:800,320,200,120,80万円",16,800.0,,1,14,メリディアンスター,,,95.0,101,,12.7,7,11.4,5.0,11.5,4,,,
202505040807,2025-10-25,東京,7,3歳以上1勝クラス,ダ,1400,左,雨,稍,"4回 東京 8日目 サラ系３歳以上 １勝クラス       [指] 定量 16頭 本賞金:800,320,200,120,80万円",16,800.0,,1,14,メリディアンスター,,,,-,,-,,,,-,-,,,
202505040808,2025-10-25,東京,8,3歳以上1勝クラス,芝,2000,左,雨,稍,"4回 東京 8日目 サラ系３歳以上 １勝クラス       [指] 定量 8頭 本賞金:800,320,200,120,80万円",8,800.0,1,5,5,レイニング,牡,3,56.0,ルメー,121.5,,2,3.0,33.4,2-2-2,美浦 国枝,470,-2,
202505040808,2025-10-25,東京,8,3歳以上1勝クラス,芝,2000,左,雨,稍,"4回 東京 8日目 サラ系３歳以上 １勝クラス       [指] 定量 8頭 本賞金:800,320,200,120,80万円",8,800.0,2,7,7,リポサンテ,牝,3,54.0,横山和,121.7,1,1,2.0,33.5,6-3-3,美浦 蛯名正,438,-2,
202505040808,2025-10-25,東京,8,3歳以上1勝クラス,芝,2000,左,雨,稍,"4回 東京 8日目 サラ系３歳以上 １勝クラス       [指] 定量 8頭 本賞金:800,320,200,120,80万円",8,800.0,3,1,1,プルミエソルティ,牡,3,56.0,武豊,121.9,1.1/4,4,10.9,33.9,1-1-1,美浦 斎藤誠,472,-4,
202505040808,2025-10-25,東京,8,3歳以上1勝クラス,芝,2000,左,雨,稍,"4回 東京 8日目 サラ系３歳以上 １勝クラス       [指] 定量 8頭 本賞金:800,320,200,120,80万円",8,800.0,4,3,3,アドミラルシップ,牡,4,58.0,戸崎圭,122.2,2,3,4.3,33.9,3-3-3,美浦 相沢,478,8,
202505040808,2025-10-25,東京,8,3歳以上1勝クラス,芝,2000,左,雨,稍,"4回 東京 8日目 サラ系３歳以上 １勝クラス       [指] 定量 8頭 本賞金:800,320,200,120,80万円",8,800.0,5,4,4,ドーバーブライト,牡,3,54.0,△長浜,122.2,アタマ,6,27.2,33.9,4-3-3,美浦 西田,530,30,
202505040808,2025-10-25,東京,8,3歳以上1勝クラス,芝,2000,左,雨,稍,"4回 東京 8日目 サラ系３歳以上 １勝クラス       [指] 定量 8頭 本賞金:800,320,200,120,80万円",8,800.0,6,2,2,エンジェルマーク,牝,3,54.0,横山武,122.2,クビ,5,13.4,33.7,5-6-6,美浦 宮田,466,4,
202505040808,2025-10-25,東京,8,3歳以上1勝クラス,芝,2000,左,雨,稍,"4回 東京 8日目 サラ系３歳以上 １勝クラス       [指] 定量 8頭 本賞金:800,320,200,120,80万円",8,800.0,7,6,6,ネイサン,牡,4,55.0,▲遠藤,122.6,2,7,176.5,34.0,7-7-6,美浦 粕谷,478,-2,
202505040808,2025-10-25,東京,8,3歳以上1勝クラス,芝,2000,左,雨,稍,"4回 東京 8日目 サラ系３歳以上 １勝クラス       [指] 定量 8頭 本賞金:800,320,200,120,80万円",8,800.0,8,8,8,ムゾラシカ,牝,3,54.0,原,123.6,6,8,241.5,34.8,8-8-8,美浦 根本,458,0,
202505040808,2025-10-25,東京,8,3歳以上1勝クラス,芝,2000,左,雨,稍,"4回 東京 8日目 サラ系３歳以上 １勝クラス       [指] 定量 8頭 本賞金:800,320,200,120,80万円",8,800.0,,1,5,レイニング,,,94.0,80,,13.5,4,11.9,5.0,12.2,4,,,
202505040808,2025-10-25,東京,8,3歳以上1勝クラス,芝,2000,左,雨,稍,"4回 東京 8日目 サラ系３歳以上 １勝クラス       [指] 定量 8頭 本賞金:800,320,200,120,80万円",8,800.0,,1,5,レイニング,,,,-,,-,,,,-,-,,,
202505040809,2025-10-25,東京,9,精進湖特別,芝,1400,左,雨,稍,"4回 東京 8日目 サラ系３歳以上 ２勝クラス       (混)(特指) 定量 12頭 本賞金:1550,620,390,230,155万円",12,1550.0,1,5,6,ウイントワイライト,牝,3,54.0,武豊,81.4,,3,6.3,32.5,12-12,栗東 西園翔,446,0,
202505040809,2025-10-25,東京,9,精進湖特別,芝,1400,左,雨,稍,"4回 東京 8日目 サラ系３歳以上 ２勝クラス       (混)(特指) 定量 12頭 本賞金:1550,620,390,230,155万円",12,1550.0,2,6,8,タイセイカレント,牡,3,56.0,横山武,81.4,アタマ,7,22.2,33.5,7-6,栗東 矢作,484,-2,
202505040809,2025-10-25,東京,9,精進湖特別,芝,1400,左,雨,稍,"4回 東京 8日目 サラ系３歳以上 ２勝クラス       (混)(特指) 定量 12頭 本賞金:1550,620,390,230,155万円",12,1550.0,3,6,7,デンクマール,牡,3,56.0,ルメー,81.4,ハナ,1,2.3,33.8,4-3,美浦 田中博,546,-8,
202505040809,2025-10-25,東京,9,精進湖特別,芝,1400,左,雨,稍,"4回 東京 8日目 サラ系３歳以上 ２勝クラス       (混)(特指) 定量 12頭 本賞金:1550,620,390,230,155万円",12,1550.0,4,2,2,ゴールドスター,牡,4,58.0,川田,81.4,クビ,5,9.3,33.1,10-10,美浦 奥村武,460,0,
202505040809,2025-10-25,東京,9,精進湖特別,芝,1400,左,雨,稍,"4回 東京 8日目 サラ系３歳以上 ２勝クラス       (混)(特指) 定量 12頭 本賞金:1550,620,390,230,155万円",12,1550.0,5,8,12,メイケイバートン,牡,6,58.0,津村,81.6,1,8,22.5,34.3,2-2,栗東 中竹,472,0,
202505040809,2025-10-25,東京,9,精進湖特別,芝,1400,左,雨,稍,"4回 東京 8日目 サラ系３歳以上 ２勝クラス       (混)(特指) 定量 12頭 本賞金:1550,620,390,230,155万円",12,1550.0,6,8,11,イブニングタイド,牝,3,54.0,菅原明,81.6,アタマ,10,67.3,33.9,5-5,美浦 林,456,12,
202505040809,2025-10-25,東京,9,精進湖特別,芝,1400,左,雨,稍,"4回 東京 8日目 サラ系３歳以上 ２勝クラス       (混)(特指) 定量 12頭 本賞金:1550,620,390,230,155万円",12,1550.0,7,7,10,マテンロウサン,牡,3,56.0,横山典,81.7,1/2,2,4.4,34.1,3-3,栗東 昆,506,6,
202505040809,2025-10-25,東京,9,精進湖特別,芝,1400,左,雨,稍,"4回 東京 8日目 サラ系３歳以上 ２勝クラス       (混)(特指) 定量 12頭 本賞金:1550,620,390,230,155万円",12,1550.0,8,3,3,ジュンゴールド,牡,4,58.0,戸崎圭,81.8,3/4,6,16.9,33.5,11-10,栗東 友道,482,0,
202505040809,2025-10-25,東京,9,精進湖特別,芝,1400,左,雨,稍,"4回 東京 8日目 サラ系３歳以上 ２勝クラス       (混)(特指) 定量 12頭 本賞金:1550,620,390,230,155万円",12,1550.0,9,5,5,オンザブルースカイ,牡,3,56.0,和田竜,81.8,ハナ,12,126.3,34.0,7-6,栗東 谷,458,0,
202505040809,2025-10-25,東京,9,精進湖特別,芝,1400,左,雨,稍,"4回 東京 8日目 サラ系３歳以上 ２勝クラス       (混)(特指) 定量 12頭 本賞金:1550,620,390,230,155万円",12,1550.0,10,7,9,エクストラバック,牡,4,58.0,石橋脩,82.0,1,9,64.5,34.9,1-1,栗東 西園正,498,-2,
202505040809,2025-10-25,東京,9,精進湖特別,芝,1400,左,雨,稍,"4回 東京 8日目 サラ系３歳以上 ２勝クラス       (混)(特指) 定量 12頭 本賞金:1550,620,390,230,155万円",12,1550.0,11,1,1,ミッキーチャレンジ,牡,6,58.0,佐々木,82.0,クビ,11,119.2,33.8,9-9,栗東 中内田,506,2,
202505040809,2025-10-25,東京,9,精進湖特別,芝,1400,左,雨,稍,"4回 東京 8日目 サラ系３歳以上 ２勝クラス       (混)(特指) 定量 12頭 本賞金:1550,620,390,230,155万円",12,1550.0,12,4,4,エフォートレス,牡,4,58.0,横山和,82.0,ハナ,4,7.6,34.2,5-6,美浦 嘉藤,478,-14,
202505040809,2025-10-25,東京,9,精進湖特別,芝,1400,左,雨,稍,"4回 東京 8日目 サラ系３歳以上 ２勝クラス       (混)(特指) 定量 12頭 本賞金:1550,620,390,230,155万円",12,1550.0,,1,6,ウイントワイライト,,,81.0,75,,13.6,6,11.7,3.0,11.8,2,,,
202505040809,2025-10-25,東京,9,精進湖特別,芝,1400,左,雨,稍,"4回 東京 8日目 サラ系３歳以上 ２勝クラス       (混)(特指) 定量 12頭 本賞金:1550,620,390,230,155万円",12,1550.0,,1,6,ウイントワイライト,,,,-,,-,,,,-,-,,,
202505040810,2025-10-25,東京,10,河口湖S,ダ,1600,左,雨,稍,"4回 東京 8日目 サラ系３歳以上 ３勝クラス       (混)[指] ハンデ 16頭 本賞金:1840,740,460,280,184万円",16,1840.0,1,8,16,ロジアデレード,牡,4,57.0,武豊,95.1,,4,10.7,35.6,2-2,美浦 稲垣,500,2,
202505040810,2025-10-25,東京,10,河口湖S,ダ,1600,左,雨,稍,"4回 東京 8日目 サラ系３歳以上 ３勝クラス       (混)[指] ハンデ 16頭 本賞金:1840,740,460,280,184万円",16,1840.0,2,5,9,ヴァンドーム,牡,4,57.0,ルメー,95.1,クビ,3,5.0,35.3,5-5,栗東 安田,498,-4,
202505040810,2025-10-25,東京,10,河口湖S,ダ,1600,左,雨,稍,"4回 東京 8日目 サラ系３歳以上 ３勝クラス       (混)[指] ハンデ 16頭 本賞金:1840,740,460,280,184万円",16,1840.0,3,8,15,ルグランヴァン,牡,3,55.0,菅原明,95.1,ハナ,2,3.7,35.2,5-5,美浦 高木,488,0,
202505040810,2025-10-25,東京,10,河口湖S,ダ,1600,左,雨,稍,"4回 東京 8日目 サラ系３歳以上 ３勝クラス       (混)[指] ハンデ 16頭 本賞金:1840,740,460,280,184万円",16,1840.0,4,2,3,ベンヌ,牡,3,55.0,横山武,95.8,4,1,2.1,36.5,1-1,美浦 久保田,508,0,
202505040810,2025-10-25,東京,10,河口湖S,ダ,1600,左,雨,稍,"4回 東京 8日目 サラ系３歳以上 ３勝クラス       (混)[指] ハンデ 16頭 本賞金:1840,740,460,280,184万円",16,1840.0,5,2,4,フルオール,牡,6,57.0,横山和,96.1,1.3/4,5,23.9,35.3,15-13,美浦 斎藤誠,478,2,
202505040810,2025-10-25,東京,10,河口湖S,ダ,1600,左,雨,稍,"4回 東京 8日目 サラ系３歳以上 ３勝クラス       (混)[指] ハンデ 16頭 本賞金:1840,740,460,280,184万円",16,1840.0,6,6,11,ベルウェザー,牡,4,55.0,戸崎圭,96.2,3/4,9,40.1,35.3,14-14,栗東 茶木,490,6,
202505040810,2025-10-25,東京,10,河口湖S,ダ,1600,左,雨,稍,"4回 東京 8日目 サラ系３歳以上 ３勝クラス       (混)[指] ハンデ 16頭 本賞金:1840,740,460,280,184万円",16,1840.0,7,3,6,トウカイポワール,牝,4,53.0,松岡,96.4,1.1/4,10,59.4,36.7,3-3,栗東 北出,470,2,
202505040810,2025-10-25,東京,10,河口湖S,ダ,1600,左,雨,稍,"4回 東京 8日目 サラ系３歳以上 ３勝クラス       (混)[指] ハンデ 16頭 本賞金:1840,740,460,280,184万円",16,1840.0,8,3,5,タイゲン,牡,6,55.0,和田竜,96.4,ハナ,15,162.3,36.4,8-7,栗東 平田,470,-10,
202505040810,2025-10-25,東京,10,河口湖S,ダ,1600,左,雨,稍,"4回 東京 8日目 サラ系３歳以上 ３勝クラス       (混)[指] ハンデ 16頭 本賞金:1840,740,460,280,184万円",16,1840.0,9,4,8,グロッシェン,牡,4,56.0,木幡巧,96.4,クビ,8,39.9,36.0,10-10,美浦 宮田,484,6,
202505040810,2025-10-25,東京,10,河口湖S,ダ,1600,左,雨,稍,"4回 東京 8日目 サラ系３歳以上 ３勝クラス       (混)[指] ハンデ 16頭 本賞金:1840,740,460,280,184万円",16,1840.0,10,4,7,ラフエイジアン,セ,5,55.0,佐々木,96.5,1/2,6,26.4,36.1,10-10,美浦 中舘,464,-10,
202505040810,2025-10-25,東京,10,河口湖S,ダ,1600,左,雨,稍,"4回 東京 8日目 サラ系３歳以上 ３勝クラス       (混)[指] ハンデ 16頭 本賞金:1840,740,460,280,184万円",16,1840.0,11,1,1,オレデイイノカ,牡,7,54.0,内田博,96.5,クビ,11,79.7,36.5,7-7,美浦 古賀,512,2,
202505040810,2025-10-25,東京,10,河口湖S,ダ,1600,左,雨,稍,"4回 東京 8日目 サラ系３歳以上 ３勝クラス       (混)[指] ハンデ 16頭 本賞金:1840,740,460,280,184万円",16,1840.0,12,6,12,ラップスター,牡,5,55.0,吉田豊,96.6,1/2,12,81.5,36.9,3-3,栗東 森秀,512,6,
202505040810,2025-10-25,東京,10,河口湖S,ダ,1600,左,雨,稍,"4回 東京 8日目 サラ系３歳以上 ３勝クラス       (混)[指] ハンデ 16頭 本賞金:1840,740,460,280,184万円",16,1840.0,13,7,13,メイショウフジ,牡,5,56.0,大野,96.8,1.1/4,7,33.4,35.6,16-16,美浦 和田勇,492,8,
202505040810,2025-10-25,東京,10,河口湖S,ダ,1600,左,雨,稍,"4回 東京 8日目 サラ系３歳以上 ３勝クラス       (混)[指] ハンデ 16頭 本賞金:1840,740,460,280,184万円",16,1840.0,14,7,14,ギーロカスタル,牡,5,54.0,原,96.9,1/2,14,147.1,36.2,12-12,美浦 伊藤大,484,4,
202505040810,2025-10-25,東京,10,河口湖S,ダ,1600,左,雨,稍,"4回 東京 8日目 サラ系３歳以上 ３勝クラス       (混)[指] ハンデ 16頭 本賞金:1840,740,460,280,184万円",16,1840.0,15,5,10,グランツアーテム,牡,7,55.0,三浦,97.0,クビ,13,122.0,36.9,8-9,美浦 中川,516,0,
202505040810,2025-10-25,東京,10,河口湖S,ダ,1600,左,雨,稍,"4回 東京 8日目 サラ系３歳以上 ３勝クラス       (混)[指] ハンデ 16頭 本賞金:1840,740,460,280,184万円",16,1840.0,16,1,2,モナルヒ,セ,6,54.0,石橋脩,100.5,大,16,298.8,39.6,12-14,栗東 小崎,462,-30,
202505040810,2025-10-25,東京,10,河口湖S,ダ,1600,左,雨,稍,"4回 東京 8日目 サラ系３歳以上 ３勝クラス       (混)[指] ハンデ 16頭 本賞金:1840,740,460,280,184万円",16,1840.0,,1,16,ロジアデレード,,,103.0,100,,12.3,6,11.0,3.0,12.0,3,,,
202505040810,2025-10-25,東京,10,河口湖S,ダ,1600,左,雨,稍,"4回 東京 8日目 サラ系３歳以上 ３勝クラス       (混)[指] ハンデ 16頭 本賞金:1840,740,460,280,184万円",16,1840.0,,1,16,ロジアデレード,,,,-,,-,,,,-,-,,,
202505040811,2025-10-25,東京,11,アルテミスS,芝,1600,左,雨,稍,"4回 東京 8日目 サラ系２歳 オープン       (国際) 牝(指) 馬齢 10頭 本賞金:2900,1200,730,440,290万円",10,2900.0,1,5,5,フィロステファニ,牝,2,55.0,川田,93.8,,2,3.9,33.9,3-3,栗東 中内田,460,12,
202505040811,2025-10-25,東京,11,アルテミスS,芝,1600,左,雨,稍,"4回 東京 8日目 サラ系２歳 オープン       (国際) 牝(指) 馬齢 10頭 本賞金:2900,1200,730,440,290万円",10,2900.0,2,8,10,ミツカネベネラ,牝,2,55.0,津村,94.1,1.3/4,9,60.9,34.0,4-4,美浦 鈴木伸,444,0,
202505040811,2025-10-25,東京,11,アルテミスS,芝,1600,左,雨,稍,"4回 東京 8日目 サラ系２歳 オープン       (国際) 牝(指) 馬齢 10頭 本賞金:2900,1200,730,440,290万円",10,2900.0,3,1,1,タイセイボーグ,牝,2,55.0,佐々木,94.2,クビ,3,6.1,33.7,9-9,栗東 松下,470,2,
202505040811,2025-10-25,東京,11,アルテミスS,芝,1600,左,雨,稍,"4回 東京 8日目 サラ系２歳 オープン       (国際) 牝(指) 馬齢 10頭 本賞金:2900,1200,730,440,290万円",10,2900.0,4,7,8,ハッピーエンジェル,牝,2,55.0,三浦,94.3,3/4,4,8.7,34.7,2-2,美浦 武市,424,0,
202505040811,2025-10-25,東京,11,アルテミスS,芝,1600,左,雨,稍,"4回 東京 8日目 サラ系２歳 オープン       (国際) 牝(指) 馬齢 10頭 本賞金:2900,1200,730,440,290万円",10,2900.0,5,7,7,マルガ,牝,2,55.0,武豊,94.5,1.1/4,1,2.2,35.2,1-1,栗東 須貝,484,14,
202505040811,2025-10-25,東京,11,アルテミスS,芝,1600,左,雨,稍,"4回 東京 8日目 サラ系２歳 オープン       (国際) 牝(指) 馬齢 10頭 本賞金:2900,1200,730,440,290万円",10,2900.0,6,4,4,レディーゴール,牝,2,55.0,菅原明,94.5,ハナ,10,70.7,34.0,9-9,栗東 池添,456,6,
202505040811,2025-10-25,東京,11,アルテミスS,芝,1600,左,雨,稍,"4回 東京 8日目 サラ系２歳 オープン       (国際) 牝(指) 馬齢 10頭 本賞金:2900,1200,730,440,290万円",10,2900.0,7,3,3,ルーチェフィオーレ,牝,2,55.0,横山和,94.7,3/4,5,9.7,34.6,4-4,美浦 嘉藤,442,-4,
202505040811,2025-10-25,東京,11,アルテミスS,芝,1600,左,雨,稍,"4回 東京 8日目 サラ系２歳 オープン       (国際) 牝(指) 馬齢 10頭 本賞金:2900,1200,730,440,290万円",10,2900.0,8,8,9,バースデイフライト,牝,2,55.0,和田竜,94.7,ハナ,6,16.3,34.4,6-6,栗東 新谷,458,14,
202505040811,2025-10-25,東京,11,アルテミスS,芝,1600,左,雨,稍,"4回 東京 8日目 サラ系２歳 オープン       (国際) 牝(指) 馬齢 10頭 本賞金:2900,1200,730,440,290万円",10,2900.0,9,6,6,ヒルデグリム,牝,2,55.0,横山武,94.8,3/4,8,47.2,34.5,6-6,美浦 小野,448,0,
202505040811,2025-10-25,東京,11,アルテミスS,芝,1600,左,雨,稍,"4回 東京 8日目 サラ系２歳 オープン       (国際) 牝(指) 馬齢 10頭 本賞金:2900,1200,730,440,290万円",10,2900.0,10,2,2,ドナルンバ,牝,2,55.0,石橋脩,94.9,1/2,7,19.6,34.6,6-6,美浦 上原佑,460,4,
202505040811,2025-10-25,東京,11,アルテミスS,芝,1600,左,雨,稍,"4回 東京 8日目 サラ系２歳 オープン       (国際) 牝(指) 馬齢 10頭 本賞金:2900,1200,730,440,290万円",10,2900.0,,1,5,フィロステファニ,,,100.0,96,,12.5,7,11.4,7.0,11.9,3,,,
202505040811,2025-10-25,東京,11,アルテミスS,芝,1600,左,雨,稍,"4回 東京 8日目 サラ系２歳 オープン       (国際) 牝(指) 馬齢 10頭 本賞金:2900,1200,730,440,290万円",10,2900.0,,1,5,フィロステファニ,,,0.416,7.15,,6.38,,7.23,0.428,7.25,0.429,,,
202505040812,2025-10-25,東京,12,3歳以上2勝クラス,ダ,1400,左,雨,稍,"4回 東京 8日目 サラ系３歳以上 ２勝クラス       (混)[指] 定量 13頭 本賞金:1140,460,290,170,114万円",13,1140.0,1,1,1,フウセツ,牡,3,56.0,大野,84.1,,1,2.7,35.4,1-1,美浦 鈴木慎,492,4,
202505040812,2025-10-25,東京,12,3歳以上2勝クラス,ダ,1400,左,雨,稍,"4回 東京 8日目 サラ系３歳以上 ２勝クラス       (混)[指] 定量 13頭 本賞金:1140,460,290,170,114万円",13,1140.0,2,2,2,マサノユニコーン,牡,3,56.0,菅原明,84.4,2,2,3.9,35.6,2-2,美浦 小島,470,-4,
202505040812,2025-10-25,東京,12,3歳以上2勝クラス,ダ,1400,左,雨,稍,"4回 東京 8日目 サラ系３歳以上 ２勝クラス       (混)[指] 定量 13頭 本賞金:1140,460,290,170,114万円",13,1140.0,3,3,3,オセアエクスプレス,牡,4,58.0,佐々木,84.5,1/2,5,16.6,35.6,3-3,美浦 菊川,488,4,
202505040812,2025-10-25,東京,12,3歳以上2勝クラス,ダ,1400,左,雨,稍,"4回 東京 8日目 サラ系３歳以上 ２勝クラス       (混)[指] 定量 13頭 本賞金:1140,460,290,170,114万円",13,1140.0,4,6,9,ワーズワース,牡,7,58.0,ルメー,84.5,クビ,3,4.0,35.0,11-10,栗東 高橋一,492,-10,
202505040812,2025-10-25,東京,12,3歳以上2勝クラス,ダ,1400,左,雨,稍,"4回 東京 8日目 サラ系３歳以上 ２勝クラス       (混)[指] 定量 13頭 本賞金:1140,460,290,170,114万円",13,1140.0,5,8,12,カルパ,牡,4,58.0,川田,84.6,クビ,4,6.2,35.3,7-8,栗東 須貝,450,4,
202505040812,2025-10-25,東京,12,3歳以上2勝クラス,ダ,1400,左,雨,稍,"4回 東京 8日目 サラ系３歳以上 ２勝クラス       (混)[指] 定量 13頭 本賞金:1140,460,290,170,114万円",13,1140.0,6,5,7,メモリーグラス,牡,5,58.0,北村宏,84.8,1.1/2,10,80.8,35.5,9-8,美浦 松永康,490,-2,
202505040812,2025-10-25,東京,12,3歳以上2勝クラス,ダ,1400,左,雨,稍,"4回 東京 8日目 サラ系３歳以上 ２勝クラス       (混)[指] 定量 13頭 本賞金:1140,460,290,170,114万円",13,1140.0,7,4,5,アオカミ,セ,6,58.0,原田和,85.1,1.3/4,11,160.4,35.9,7-6,美浦 松山,488,-6,
202505040812,2025-10-25,東京,12,3歳以上2勝クラス,ダ,1400,左,雨,稍,"4回 東京 8日目 サラ系３歳以上 ２勝クラス       (混)[指] 定量 13頭 本賞金:1140,460,290,170,114万円",13,1140.0,8,6,8,トルーマンテソーロ,牡,6,58.0,石橋脩,85.1,ハナ,8,34.2,36.2,5-3,美浦 菊川,532,4,
202505040812,2025-10-25,東京,12,3歳以上2勝クラス,ダ,1400,左,雨,稍,"4回 東京 8日目 サラ系３歳以上 ２勝クラス       (混)[指] 定量 13頭 本賞金:1140,460,290,170,114万円",13,1140.0,9,8,13,トロピカルヒーロー,牡,5,56.0,△長浜,85.2,1/2,13,193.4,35.3,12-12,美浦 根本,540,4,
202505040812,2025-10-25,東京,12,3歳以上2勝クラス,ダ,1400,左,雨,稍,"4回 東京 8日目 サラ系３歳以上 ２勝クラス       (混)[指] 定量 13頭 本賞金:1140,460,290,170,114万円",13,1140.0,10,5,6,アルジェンタージョ,牝,4,56.0,木幡巧,85.2,アタマ,7,26.4,35.8,9-10,美浦 伊藤圭,480,10,
202505040812,2025-10-25,東京,12,3歳以上2勝クラス,ダ,1400,左,雨,稍,"4回 東京 8日目 サラ系３歳以上 ２勝クラス       (混)[指] 定量 13頭 本賞金:1140,460,290,170,114万円",13,1140.0,11,7,10,レヴィテーション,牝,4,56.0,原,85.5,2,6,20.5,35.7,12-12,美浦 中川,448,6,
202505040812,2025-10-25,東京,12,3歳以上2勝クラス,ダ,1400,左,雨,稍,"4回 東京 8日目 サラ系３歳以上 ２勝クラス       (混)[指] 定量 13頭 本賞金:1140,460,290,170,114万円",13,1140.0,12,4,4,バイファーザベスト,牡,6,58.0,和田竜,85.7,1,9,50.1,36.8,3-3,栗東 清水久,530,-6,
202505040812,2025-10-25,東京,12,3歳以上2勝クラス,ダ,1400,左,雨,稍,"4回 東京 8日目 サラ系３歳以上 ２勝クラス       (混)[指] 定量 13頭 本賞金:1140,460,290,170,114万円",13,1140.0,13,7,11,ターニングアップ,牡,7,58.0,内田博,86.1,2.1/2,12,175.9,37.0,5-6,美浦 南田,484,4,
202505040812,2025-10-25,東京,12,3歳以上2勝クラス,ダ,1400,左,雨,稍,"4回 東京 8日目 サラ系３歳以上 ２勝クラス       (混)[指] 定量 13頭 本賞金:1140,460,290,170,114万円",13,1140.0,,1,1,フウセツ,,,94.0,84,,12.5,3,11.7,2.0,12.2,1,,,
202505040812,2025-10-25,東京,12,3歳以上2勝クラス,ダ,1400,左,雨,稍,"4回 東京 8日目 サラ系３歳以上 ２勝クラス       (混)[指] 定量 13頭 本賞金:1140,460,290,170,114万円",13,1140.0,,1,1,フウセツ,,,,-,,-,,,,-,-,,,
202508030801,2025-10-25,京都,1,2歳未勝利,ダ,1400,右,曇,良,"3回 京都 8日目 サラ系２歳 未勝利       [指] 馬齢 14頭 本賞金:560,220,140,84,56万円",14,560.0,1,8,14,ホールオブミラーズ,牡,2,56.0,北村友,86.3,,2,4.5,39.0,8-6,栗東 高野,464,4,
202508030801,2025-10-25,京都,1,2歳未勝利,ダ,1400,右,曇,良,"3回 京都 8日目 サラ系２歳 未勝利       [指] 馬齢 14頭 本賞金:560,220,140,84,56万円",14,560.0,2,6,9,ジャストアダッシュ,牡,2,56.0,松若,86.3,ハナ,6,16.3,38.9,9-7,栗東 藤野,474,4,
202508030801,2025-10-25,京都,1,2歳未勝利,ダ,1400,右,曇,良,"3回 京都 8日目 サラ系２歳 未勝利       [指] 馬齢 14頭 本賞金:560,220,140,84,56万円",14,560.0,3,5,8,キープシャイニング,牡,2,55.0,☆吉村,86.3,クビ,5,10.6,39.3,4-4,栗東 長谷川,488,-6,
202508030801,2025-10-25,京都,1,2歳未勝利,ダ,1400,右,曇,良,"3回 京都 8日目 サラ系２歳 未勝利       [指] 馬齢 14頭 本賞金:560,220,140,84,56万円",14,560.0,4,3,4,アドフランマム,牡,2,56.0,角田和,86.5,1.1/4,10,34.8,38.7,12-10,栗東 本田,506,0,
202508030801,2025-10-25,京都,1,2歳未勝利,ダ,1400,右,曇,良,"3回 京都 8日目 サラ系２歳 未勝利       [指] 馬齢 14頭 本賞金:560,220,140,84,56万円",14,560.0,5,1,1,トワイライトビュー,牡,2,53.0,▲田山,86.5,クビ,8,25.2,39.2,9-7,栗東 佐々木,492,10,
202508030801,2025-10-25,京都,1,2歳未勝利,ダ,1400,右,曇,良,"3回 京都 8日目 サラ系２歳 未勝利       [指] 馬齢 14頭 本賞金:560,220,140,84,56万円",14,560.0,6,3,3,リアライズガイザー,牡,2,56.0,西村淳,87.1,3.1/2,1,2.5,40.4,2-1,栗東 杉山晴,514,6,
202508030801,2025-10-25,京都,1,2歳未勝利,ダ,1400,右,曇,良,"3回 京都 8日目 サラ系２歳 未勝利       [指] 馬齢 14頭 本賞金:560,220,140,84,56万円",14,560.0,7,4,6,サクライロマウコロ,牝,2,55.0,松山,88.2,7,11,39.0,39.7,14-14,栗東 西園正,442,0,
202508030801,2025-10-25,京都,1,2歳未勝利,ダ,1400,右,曇,良,"3回 京都 8日目 サラ系２歳 未勝利       [指] 馬齢 14頭 本賞金:560,220,140,84,56万円",14,560.0,8,7,11,ロードベルファスト,牡,2,56.0,長岡,88.4,1.1/4,13,101.5,41.7,2-2,栗東 畑端,478,4,
202508030801,2025-10-25,京都,1,2歳未勝利,ダ,1400,右,曇,良,"3回 京都 8日目 サラ系２歳 未勝利       [指] 馬齢 14頭 本賞金:560,220,140,84,56万円",14,560.0,9,5,7,ジョイフルサンデー,牡,2,56.0,秋山稔,88.4,クビ,14,323.4,40.5,12-12,栗東 宮,464,-8,
202508030801,2025-10-25,京都,1,2歳未勝利,ダ,1400,右,曇,良,"3回 京都 8日目 サラ系２歳 未勝利       [指] 馬齢 14頭 本賞金:560,220,140,84,56万円",14,560.0,10,6,10,メイショウシンガン,牡,2,56.0,岩田望,88.5,クビ,3,5.5,41.5,4-4,栗東 高橋忠,462,0,
202508030801,2025-10-25,京都,1,2歳未勝利,ダ,1400,右,曇,良,"3回 京都 8日目 サラ系２歳 未勝利       [指] 馬齢 14頭 本賞金:560,220,140,84,56万円",14,560.0,11,7,12,ラヴネヴァーダイズ,牡,2,56.0,団野,88.6,3/4,7,21.8,41.9,1-2,栗東 渡辺,492,4,
202508030801,2025-10-25,京都,1,2歳未勝利,ダ,1400,右,曇,良,"3回 京都 8日目 サラ系２歳 未勝利       [指] 馬齢 14頭 本賞金:560,220,140,84,56万円",14,560.0,12,8,13,アイク,牝,2,55.0,浜中,88.9,1.1/2,12,77.6,41.0,11-12,栗東 佐藤悠,420,0,
202508030801,2025-10-25,京都,1,2歳未勝利,ダ,1400,右,曇,良,"3回 京都 8日目 サラ系２歳 未勝利       [指] 馬齢 14頭 本賞金:560,220,140,84,56万円",14,560.0,13,4,5,メイワキラリ,牡,2,56.0,高杉,89.9,6,9,29.0,42.9,4-9,栗東 河嶋,466,10,
202508030801,2025-10-25,京都,1,2歳未勝利,ダ,1400,右,曇,良,"3回 京都 8日目 サラ系２歳 未勝利       [指] 馬齢 14頭 本賞金:560,220,140,84,56万円",14,560.0,14,2,2,エコロガルダ,牡,2,56.0,小崎,90.0,クビ,4,10.2,43.0,4-10,栗東 大久保,458,6,
202508030801,2025-10-25,京都,1,2歳未勝利,ダ,1400,右,曇,良,"3回 京都 8日目 サラ系２歳 未勝利       [指] 馬齢 14頭 本賞金:560,220,140,84,56万円",14,560.0,,1,14,ホールオブミラーズ,,,101.0,97,,12.5,10,10.8,5.0,11.7,5,,,
202508030801,2025-10-25,京都,1,2歳未勝利,ダ,1400,右,曇,良,"3回 京都 8日目 サラ系２歳 未勝利       [指] 馬齢 14頭 本賞金:560,220,140,84,56万円",14,560.0,,1,14,ホールオブミラーズ,,,,-,,-,,,,-,-,,,
202508030802,2025-10-25,京都,2,2歳未勝利,ダ,1800,右,曇,良,"3回 京都 8日目 サラ系２歳 未勝利       [指] 馬齢 11頭 本賞金:560,220,140,84,56万円",11,560.0,1,8,11,ゴールデンスラム,牡,2,56.0,坂井,115.6,,2,3.3,37.3,3-3-3-2,栗東 池江,484,-4,
202508030802,2025-10-25,京都,2,2歳未勝利,ダ,1800,右,曇,良,"3回 京都 8日目 サラ系２歳 未勝利       [指] 馬齢 11頭 本賞金:560,220,140,84,56万円",11,560.0,2,8,10,サンライズケヴィン,牡,2,56.0,池添,116.1,3,5,15.1,37.6,4-4-4-4,栗東 平田,494,2,
202508030802,2025-10-25,京都,2,2歳未勝利,ダ,1800,右,曇,良,"3回 京都 8日目 サラ系２歳 未勝利       [指] 馬齢 11頭 本賞金:560,220,140,84,56万円",11,560.0,3,5,5,アンリミテッド,牡,2,56.0,岩田望,116.3,1.1/2,1,2.0,37.9,6-4-4-5,栗東 高野,498,2,
202508030802,2025-10-25,京都,2,2歳未勝利,ダ,1800,右,曇,良,"3回 京都 8日目 サラ系２歳 未勝利       [指] 馬齢 11頭 本賞金:560,220,140,84,56万円",11,560.0,4,7,9,ヒロノスカイ,牡,2,56.0,松若,116.3,アタマ,3,5.4,37.7,9-7-7-5,栗東 宮本,506,4,
202508030802,2025-10-25,京都,2,2歳未勝利,ダ,1800,右,曇,良,"3回 京都 8日目 サラ系２歳 未勝利       [指] 馬齢 11頭 本賞金:560,220,140,84,56万円",11,560.0,5,4,4,マルーンドライブ,牡,2,56.0,田口,116.4,クビ,6,18.9,38.0,4-4-4-5,栗東 庄野,450,-6,
202508030802,2025-10-25,京都,2,2歳未勝利,ダ,1800,右,曇,良,"3回 京都 8日目 サラ系２歳 未勝利       [指] 馬齢 11頭 本賞金:560,220,140,84,56万円",11,560.0,6,6,7,リフラ,牡,2,56.0,西村淳,116.8,2.1/2,4,11.4,38.0,10-10-8-5,栗東 西村,478,-2,
202508030802,2025-10-25,京都,2,2歳未勝利,ダ,1800,右,曇,良,"3回 京都 8日目 サラ系２歳 未勝利       [指] 馬齢 11頭 本賞金:560,220,140,84,56万円",11,560.0,7,3,3,メイショウハチマキ,牡,2,56.0,川又,117.2,2.1/2,11,323.0,38.5,7-7-8-9,栗東 飯田,492,-4,
202508030802,2025-10-25,京都,2,2歳未勝利,ダ,1800,右,曇,良,"3回 京都 8日目 サラ系２歳 未勝利       [指] 馬齢 11頭 本賞金:560,220,140,84,56万円",11,560.0,8,7,8,コパノルーカス,牡,2,56.0,岩田康,117.6,2.1/2,9,95.4,39.5,2-2-2-2,栗東 梅田,484,4,
202508030802,2025-10-25,京都,2,2歳未勝利,ダ,1800,右,曇,良,"3回 京都 8日目 サラ系２歳 未勝利       [指] 馬齢 11頭 本賞金:560,220,140,84,56万円",11,560.0,9,6,6,ファインマン,牡,2,56.0,高倉,119.2,10,10,125.0,40.5,7-7-8-10,栗東 前川,492,-4,
202508030802,2025-10-25,京都,2,2歳未勝利,ダ,1800,右,曇,良,"3回 京都 8日目 サラ系２歳 未勝利       [指] 馬齢 11頭 本賞金:560,220,140,84,56万円",11,560.0,10,2,2,タガノニューデリー,牡,2,53.0,▲田山,120.3,7,8,54.7,42.4,1-1-1-1,栗東 斉藤崇,468,0,
202508030802,2025-10-25,京都,2,2歳未勝利,ダ,1800,右,曇,良,"3回 京都 8日目 サラ系２歳 未勝利       [指] 馬齢 11頭 本賞金:560,220,140,84,56万円",11,560.0,,1,1,キングズテイル,牡,2,56.0,浜中,,,7,24.6,,,栗東 岡田,492,6,中止
202508030802,2025-10-25,京都,2,2歳未勝利,ダ,1800,右,曇,良,"3回 京都 8日目 サラ系２歳 未勝利       [指] 馬齢 11頭 本賞金:560,220,140,84,56万円",11,560.0,,1,11,ゴールデンスラム,,,90.0,68,,12.8,5,12.5,2.0,13.7,4,,,
202508030802,2025-10-25,京都,2,2歳未勝利,ダ,1800,右,曇,良,"3回 京都 8日目 サラ系２歳 未勝利       [指] 馬齢 11頭 本賞金:560,220,140,84,56万円",11,560.0,,1,11,ゴールデンスラム,,,,-,,-,,,,-,-,,,
202508030803,2025-10-25,京都,3,2歳未勝利,芝,1400,右,曇,良,"3回 京都 8日目 サラ系２歳 未勝利       牝[指] 馬齢 12頭 本賞金:560,220,140,84,56万円",12,560.0,1,6,8,フロムレイブン,牝,2,55.0,松山,81.3,,2,4.6,35.3,2-2,栗東 坂口,472,0,
202508030803,2025-10-25,京都,3,2歳未勝利,芝,1400,右,曇,良,"3回 京都 8日目 サラ系２歳 未勝利       牝[指] 馬齢 12頭 本賞金:560,220,140,84,56万円",12,560.0,2,6,7,ナムラコスモス,牝,2,55.0,田口,81.3,アタマ,5,15.9,35.1,3-3,栗東 大橋,490,10,
202508030803,2025-10-25,京都,3,2歳未勝利,芝,1400,右,曇,良,"3回 京都 8日目 サラ系２歳 未勝利       牝[指] 馬齢 12頭 本賞金:560,220,140,84,56万円",12,560.0,3,2,2,テイエムアイラン,牝,2,55.0,酒井,81.6,2,7,28.1,35.5,3-3,栗東 宮地,412,-2,
202508030803,2025-10-25,京都,3,2歳未勝利,芝,1400,右,曇,良,"3回 京都 8日目 サラ系２歳 未勝利       牝[指] 馬齢 12頭 本賞金:560,220,140,84,56万円",12,560.0,4,7,10,ペプチドブッドレア,牝,2,55.0,川又,81.6,ハナ,3,10.7,34.9,10-9,栗東 吉村,472,4,
202508030803,2025-10-25,京都,3,2歳未勝利,芝,1400,右,曇,良,"3回 京都 8日目 サラ系２歳 未勝利       牝[指] 馬齢 12頭 本賞金:560,220,140,84,56万円",12,560.0,5,8,12,クロスボーダー,牝,2,55.0,北村友,81.7,1,4,11.7,34.7,11-11,栗東 小林,488,0,
202508030803,2025-10-25,京都,3,2歳未勝利,芝,1400,右,曇,良,"3回 京都 8日目 サラ系２歳 未勝利       牝[指] 馬齢 12頭 本賞金:560,220,140,84,56万円",12,560.0,6,3,3,ナムラオリガミ,牝,2,55.0,小崎,81.9,1,11,225.5,35.6,6-6,栗東 高橋一,448,2,
202508030803,2025-10-25,京都,3,2歳未勝利,芝,1400,右,曇,良,"3回 京都 8日目 サラ系２歳 未勝利       牝[指] 馬齢 12頭 本賞金:560,220,140,84,56万円",12,560.0,7,8,11,モカプウイング,牝,2,55.0,岩田望,82.0,3/4,9,43.5,35.6,7-7,栗東 加藤公,454,-4,
202508030803,2025-10-25,京都,3,2歳未勝利,芝,1400,右,曇,良,"3回 京都 8日目 サラ系２歳 未勝利       牝[指] 馬齢 12頭 本賞金:560,220,140,84,56万円",12,560.0,8,1,1,オフクマメ,牝,2,55.0,荻野琢,82.1,1/2,10,62.3,35.1,11-11,栗東 松下,468,6,
202508030803,2025-10-25,京都,3,2歳未勝利,芝,1400,右,曇,良,"3回 京都 8日目 サラ系２歳 未勝利       牝[指] 馬齢 12頭 本賞金:560,220,140,84,56万円",12,560.0,9,5,6,シャローアロス,牝,2,55.0,坂井,82.3,3/4,6,25.8,35.8,7-7,栗東 安達,440,2,
202508030803,2025-10-25,京都,3,2歳未勝利,芝,1400,右,曇,良,"3回 京都 8日目 サラ系２歳 未勝利       牝[指] 馬齢 12頭 本賞金:560,220,140,84,56万円",12,560.0,10,5,5,ダンシングドール,牝,2,55.0,高杉,82.5,1.1/2,8,30.6,36.3,3-5,栗東 牧田,456,4,
202508030803,2025-10-25,京都,3,2歳未勝利,芝,1400,右,曇,良,"3回 京都 8日目 サラ系２歳 未勝利       牝[指] 馬齢 12頭 本賞金:560,220,140,84,56万円",12,560.0,11,4,4,ナオミニオールイン,牝,2,55.0,浜中,83.4,5,1,1.5,37.5,1-1,栗東 佐藤悠,436,4,
202508030803,2025-10-25,京都,3,2歳未勝利,芝,1400,右,曇,良,"3回 京都 8日目 サラ系２歳 未勝利       牝[指] 馬齢 12頭 本賞金:560,220,140,84,56万円",12,560.0,12,7,9,ステイフリー,牝,2,55.0,吉田隼,83.7,1.3/4,12,296.4,37.1,9-9,栗東 高橋忠,446,2,
202508030803,2025-10-25,京都,3,2歳未勝利,芝,1400,右,曇,良,"3回 京都 8日目 サラ系２歳 未勝利       牝[指] 馬齢 12頭 本賞金:560,220,140,84,56万円",12,560.0,,1,8,フロムレイブン,,,109.0,103,,12.2,9,10.5,4.0,11.6,2,,,
202508030803,2025-10-25,京都,3,2歳未勝利,芝,1400,右,曇,良,"3回 京都 8日目 サラ系２歳 未勝利       牝[指] 馬齢 12頭 本賞金:560,220,140,84,56万円",12,560.0,,1,8,フロムレイブン,,,,-,,-,,,,-,-,,,
202508030804,2025-10-25,京都,4,3歳以上障害OP,障,3170,,曇,良,"3回 京都 8日目 障害３歳以上 オープン       (混) 別定 8頭 本賞金:1430,570,360,210,143万円",8,1430.0,1,3,3,コパノニコルソン,牡,6,60.0,小牧加,219.4,,2,3.9,13.8,6-6-5-5,栗東 宮,520,-4,
202508030804,2025-10-25,京都,4,3歳以上障害OP,障,3170,,曇,良,"3回 京都 8日目 障害３歳以上 オープン       (混) 別定 8頭 本賞金:1430,570,360,210,143万円",8,1430.0,2,7,7,ヴィンテージボンド,牡,6,60.0,難波,219.5,3/4,3,9.0,13.8,3-3-3-3,栗東 西園正,492,-4,
202508030804,2025-10-25,京都,4,3歳以上障害OP,障,3170,,曇,良,"3回 京都 8日目 障害３歳以上 オープン       (混) 別定 8頭 本賞金:1430,570,360,210,143万円",8,1430.0,3,1,1,ウイングランブルー,牡,5,60.0,大江圭,220.3,5,4,13.9,13.9,1-1-1-1,美浦 深山,474,10,
202508030804,2025-10-25,京都,4,3歳以上障害OP,障,3170,,曇,良,"3回 京都 8日目 障害３歳以上 オープン       (混) 別定 8頭 本賞金:1430,570,360,210,143万円",8,1430.0,4,4,4,ヴラディア,牡,6,60.0,石神深,220.6,1.3/4,6,40.0,13.9,4-3-4-4,美浦 小西,480,-4,
202508030804,2025-10-25,京都,4,3歳以上障害OP,障,3170,,曇,良,"3回 京都 8日目 障害３歳以上 オープン       (混) 別定 8頭 本賞金:1430,570,360,210,143万円",8,1430.0,5,2,2,サルサロッサ,牝,6,58.0,伴,221.9,8,7,55.7,14.0,8-8-8-7,美浦 高柳瑞,456,2,
202508030804,2025-10-25,京都,4,3歳以上障害OP,障,3170,,曇,良,"3回 京都 8日目 障害３歳以上 オープン       (混) 別定 8頭 本賞金:1430,570,360,210,143万円",8,1430.0,6,5,5,シゲルタヌキ,牡,6,60.0,小坂,221.9,クビ,8,61.1,14.0,7-7-7-7,栗東 谷,494,10,
202508030804,2025-10-25,京都,4,3歳以上障害OP,障,3170,,曇,良,"3回 京都 8日目 障害３歳以上 オープン       (混) 別定 8頭 本賞金:1430,570,360,210,143万円",8,1430.0,7,8,8,サンダーアラート,セ,4,60.0,上野,222.1,3/4,1,1.4,14.0,4-3-5-6,美浦 田中博,482,8,
202508030804,2025-10-25,京都,4,3歳以上障害OP,障,3170,,曇,良,"3回 京都 8日目 障害３歳以上 オープン       (混) 別定 8頭 本賞金:1430,570,360,210,143万円",8,1430.0,8,6,6,スズカキング,牡,8,60.0,小野寺,224.4,大,5,20.3,14.2,2-2-2-2,栗東 谷,472,16,
202508030805,2025-10-25,京都,5,2歳新馬,芝,1600,右,曇,良,"3回 京都 8日目 サラ系２歳 新馬       [指] 馬齢 14頭 本賞金:750,300,190,110,75万円",14,750.0,1,3,4,アーリーハーベスト,牝,2,55.0,北村友,94.8,,4,6.8,34.8,1-1,栗東 小林,460,0,
202508030805,2025-10-25,京都,5,2歳新馬,芝,1600,右,曇,良,"3回 京都 8日目 サラ系２歳 新馬       [指] 馬齢 14頭 本賞金:750,300,190,110,75万円",14,750.0,2,2,2,トミーバローズ,牡,2,56.0,松若,95.0,1.1/2,2,3.5,34.8,3-3,栗東 清水久,474,0,
202508030805,2025-10-25,京都,5,2歳新馬,芝,1600,右,曇,良,"3回 京都 8日目 サラ系２歳 新馬       [指] 馬齢 14頭 本賞金:750,300,190,110,75万円",14,750.0,3,4,5,エイズルブルーム,牝,2,55.0,団野,95.7,4,10,29.6,34.8,11-9,栗東 坂口,450,0,
202508030805,2025-10-25,京都,5,2歳新馬,芝,1600,右,曇,良,"3回 京都 8日目 サラ系２歳 新馬       [指] 馬齢 14頭 本賞金:750,300,190,110,75万円",14,750.0,4,1,1,ビケイムフリー,牝,2,54.0,☆吉村,95.9,1,12,114.5,35.5,7-6,栗東 吉村,406,0,
202508030805,2025-10-25,京都,5,2歳新馬,芝,1600,右,曇,良,"3回 京都 8日目 サラ系２歳 新馬       [指] 馬齢 14頭 本賞金:750,300,190,110,75万円",14,750.0,5,5,8,ヒルノジェノヴァ,牝,2,55.0,菱田,95.9,ハナ,14,228.7,35.9,2-2,栗東 藤野,432,0,
202508030805,2025-10-25,京都,5,2歳新馬,芝,1600,右,曇,良,"3回 京都 8日目 サラ系２歳 新馬       [指] 馬齢 14頭 本賞金:750,300,190,110,75万円",14,750.0,6,6,10,サイモンシャリオ,牡,2,56.0,松山,96.0,1,8,26.8,34.9,12-11,栗東 梅田,494,0,
202508030805,2025-10-25,京都,5,2歳新馬,芝,1600,右,曇,良,"3回 京都 8日目 サラ系２歳 新馬       [指] 馬齢 14頭 本賞金:750,300,190,110,75万円",14,750.0,7,8,13,メランコリニスタ,牝,2,55.0,岩田康,96.3,1.3/4,5,20.7,36.1,3-3,栗東 吉村,456,0,
202508030805,2025-10-25,京都,5,2歳新馬,芝,1600,右,曇,良,"3回 京都 8日目 サラ系２歳 新馬       [指] 馬齢 14頭 本賞金:750,300,190,110,75万円",14,750.0,8,3,3,アスクウルトラモア,牡,2,56.0,西村淳,96.4,クビ,6,21.7,35.9,7-6,栗東 矢作,408,0,
202508030805,2025-10-25,京都,5,2歳新馬,芝,1600,右,曇,良,"3回 京都 8日目 サラ系２歳 新馬       [指] 馬齢 14頭 本賞金:750,300,190,110,75万円",14,750.0,9,4,6,ペガサスジルシ,牝,2,55.0,坂井,96.7,2,1,2.6,36.4,3-3,栗東 新谷,432,0,
202508030805,2025-10-25,京都,5,2歳新馬,芝,1600,右,曇,良,"3回 京都 8日目 サラ系２歳 新馬       [指] 馬齢 14頭 本賞金:750,300,190,110,75万円",14,750.0,10,5,7,メドウセージ,牝,2,55.0,高杉,97.4,4,9,29.1,36.6,9-9,栗東 藤岡,488,0,
202508030805,2025-10-25,京都,5,2歳新馬,芝,1600,右,曇,良,"3回 京都 8日目 サラ系２歳 新馬       [指] 馬齢 14頭 本賞金:750,300,190,110,75万円",14,750.0,11,7,12,メイショウランケイ,牡,2,56.0,浜中,97.9,3.1/2,11,57.9,36.7,12-11,栗東 武幸,492,0,
202508030805,2025-10-25,京都,5,2歳新馬,芝,1600,右,曇,良,"3回 京都 8日目 サラ系２歳 新馬       [指] 馬齢 14頭 本賞金:750,300,190,110,75万円",14,750.0,12,8,14,ファフロツキーズ,牡,2,56.0,岩田望,98.0,3/4,3,5.5,37.6,6-6,栗東 野中,474,0,
202508030805,2025-10-25,京都,5,2歳新馬,芝,1600,右,曇,良,"3回 京都 8日目 サラ系２歳 新馬       [指] 馬齢 14頭 本賞金:750,300,190,110,75万円",14,750.0,13,7,11,シャマレル,牡,2,56.0,田口,98.4,2.1/2,7,25.1,37.5,9-11,栗東 渡辺,446,0,
202508030805,2025-10-25,京都,5,2歳新馬,芝,1600,右,曇,良,"3回 京都 8日目 サラ系２歳 新馬       [指] 馬齢 14頭 本賞金:750,300,190,110,75万円",14,750.0,14,6,9,ピレシー,牝,2,55.0,小崎,100.1,10,13,225.8,38.0,14-14,栗東 宮地,480,0,
202508030805,2025-10-25,京都,5,2歳新馬,芝,1600,右,曇,良,"3回 京都 8日目 サラ系２歳 新馬       [指] 馬齢 14頭 本賞金:750,300,190,110,75万円",14,750.0,,1,4,アーリーハーベスト,,,101.0,92,,12.6,2,11.2,2.0,11.7,2,,,
202508030805,2025-10-25,京都,5,2歳新馬,芝,1600,右,曇,良,"3回 京都 8日目 サラ系２歳 新馬       [指] 馬齢 14頭 本賞金:750,300,190,110,75万円",14,750.0,,1,4,アーリーハーベスト,,,,-,,-,,,,-,-,,,
202508030806,2025-10-25,京都,6,2歳新馬,ダ,1400,右,曇,良,"3回 京都 8日目 サラ系２歳 新馬       牝[指] 馬齢 16頭 本賞金:750,300,190,110,75万円",16,750.0,1,3,6,フレグレイ,牝,2,55.0,北村友,85.6,,2,3.1,37.9,5-3,栗東 角田,492,0,
202508030806,2025-10-25,京都,6,2歳新馬,ダ,1400,右,曇,良,"3回 京都 8日目 サラ系２歳 新馬       牝[指] 馬齢 16頭 本賞金:750,300,190,110,75万円",16,750.0,2,6,12,ピカラ,牝,2,54.0,☆吉村,85.8,1.1/4,16,114.3,37.9,6-3,栗東 坂口,452,0,
202508030806,2025-10-25,京都,6,2歳新馬,ダ,1400,右,曇,良,"3回 京都 8日目 サラ系２歳 新馬       牝[指] 馬齢 16頭 本賞金:750,300,190,110,75万円",16,750.0,3,7,13,テーオーナタリー,牝,2,55.0,西村淳,86.0,3/4,4,10.5,38.4,2-2,栗東 梅田,436,0,
202508030806,2025-10-25,京都,6,2歳新馬,ダ,1400,右,曇,良,"3回 京都 8日目 サラ系２歳 新馬       牝[指] 馬齢 16頭 本賞金:750,300,190,110,75万円",16,750.0,4,2,4,アイカンアズーラ,牝,2,55.0,酒井,86.3,1.3/4,7,22.4,38.4,8-7,栗東 河嶋,448,0,
202508030806,2025-10-25,京都,6,2歳新馬,ダ,1400,右,曇,良,"3回 京都 8日目 サラ系２歳 新馬       牝[指] 馬齢 16頭 本賞金:750,300,190,110,75万円",16,750.0,5,1,2,コズミックフレア,牝,2,55.0,岩田康,86.3,クビ,13,76.3,37.5,14-12,栗東 吉田,464,0,
202508030806,2025-10-25,京都,6,2歳新馬,ダ,1400,右,曇,良,"3回 京都 8日目 サラ系２歳 新馬       牝[指] 馬齢 16頭 本賞金:750,300,190,110,75万円",16,750.0,6,5,10,コイバナ,牝,2,55.0,小崎,86.4,アタマ,15,97.3,38.3,9-9,栗東 渡辺,458,0,
202508030806,2025-10-25,京都,6,2歳新馬,ダ,1400,右,曇,良,"3回 京都 8日目 サラ系２歳 新馬       牝[指] 馬齢 16頭 本賞金:750,300,190,110,75万円",16,750.0,7,3,5,カネコメブライト,牝,2,55.0,松若,86.6,1.1/2,10,38.0,38.1,12-12,栗東 中尾,480,0,
202508030806,2025-10-25,京都,6,2歳新馬,ダ,1400,右,曇,良,"3回 京都 8日目 サラ系２歳 新馬       牝[指] 馬齢 16頭 本賞金:750,300,190,110,75万円",16,750.0,8,7,14,オリヒメボシ,牝,2,55.0,田口,86.8,1.1/4,9,35.2,38.5,10-9,栗東 庄野,426,0,
202508030806,2025-10-25,京都,6,2歳新馬,ダ,1400,右,曇,良,"3回 京都 8日目 サラ系２歳 新馬       牝[指] 馬齢 16頭 本賞金:750,300,190,110,75万円",16,750.0,9,2,3,ミスヘンリー,牝,2,55.0,長岡,86.9,クビ,8,32.3,39.1,6-7,栗東 羽月,436,0,
202508030806,2025-10-25,京都,6,2歳新馬,ダ,1400,右,曇,良,"3回 京都 8日目 サラ系２歳 新馬       牝[指] 馬齢 16頭 本賞金:750,300,190,110,75万円",16,750.0,10,5,9,アクシュラ,牝,2,55.0,松山,86.9,クビ,5,13.4,38.0,14-15,栗東 橋口,452,0,
202508030806,2025-10-25,京都,6,2歳新馬,ダ,1400,右,曇,良,"3回 京都 8日目 サラ系２歳 新馬       牝[指] 馬齢 16頭 本賞金:750,300,190,110,75万円",16,750.0,11,4,8,スノーガーネット,牝,2,55.0,角田和,87.4,3,11,43.5,40.0,1-1,栗東 中尾,478,0,
202508030806,2025-10-25,京都,6,2歳新馬,ダ,1400,右,曇,良,"3回 京都 8日目 サラ系２歳 新馬       牝[指] 馬齢 16頭 本賞金:750,300,190,110,75万円",16,750.0,12,8,15,テンタイムトップ,牝,2,55.0,坂井,87.7,1.1/2,1,3.1,39.4,11-9,栗東 高柳大,452,0,
202508030806,2025-10-25,京都,6,2歳新馬,ダ,1400,右,曇,良,"3回 京都 8日目 サラ系２歳 新馬       牝[指] 馬齢 16頭 本賞金:750,300,190,110,75万円",16,750.0,13,8,16,タイセイパフューム,牝,2,55.0,高杉,88.7,6,6,19.3,40.1,12-14,栗東 牧浦,474,0,
202508030806,2025-10-25,京都,6,2歳新馬,ダ,1400,右,曇,良,"3回 京都 8日目 サラ系２歳 新馬       牝[指] 馬齢 16頭 本賞金:750,300,190,110,75万円",16,750.0,14,1,1,ウインジャスミン,牝,2,55.0,吉田隼,89.1,2,14,84.3,39.4,16-16,栗東 緒方,428,0,
202508030806,2025-10-25,京都,6,2歳新馬,ダ,1400,右,曇,良,"3回 京都 8日目 サラ系２歳 新馬       牝[指] 馬齢 16頭 本賞金:750,300,190,110,75万円",16,750.0,15,4,7,ディーズベンチャー,牝,2,55.0,菱田,89.2,1/2,12,58.2,41.5,2-3,栗東 岡田,422,0,
202508030806,2025-10-25,京都,6,2歳新馬,ダ,1400,右,曇,良,"3回 京都 8日目 サラ系２歳 新馬       牝[指] 馬齢 16頭 本賞金:750,300,190,110,75万円",16,750.0,16,6,11,メイショウピュルテ,牝,2,55.0,岩田望,89.6,2.1/2,3,5.5,42.0,2-3,栗東 笹田,440,0,
202508030806,2025-10-25,京都,6,2歳新馬,ダ,1400,右,曇,良,"3回 京都 8日目 サラ系２歳 新馬       牝[指] 馬齢 16頭 本賞金:750,300,190,110,75万円",16,750.0,,1,6,フレグレイ,,,97.0,92,,12.3,3,11.3,2.0,11.9,2,,,
202508030806,2025-10-25,京都,6,2歳新馬,ダ,1400,右,曇,良,"3回 京都 8日目 サラ系２歳 新馬       牝[指] 馬齢 16頭 本賞金:750,300,190,110,75万円",16,750.0,,1,6,フレグレイ,,,,-,,-,,,,-,-,,,
202508030807,2025-10-25,京都,7,3歳以上1勝クラス,ダ,1800,右,曇,良,"3回 京都 8日目 サラ系３歳以上 １勝クラス       (混)[指] 定量 11頭 本賞金:800,320,200,120,80万円",11,800.0,1,2,2,エリカヴェネチア,牝,4,56.0,高杉,112.7,,8,28.1,37.7,11-11-10-11,栗東 吉岡,492,-6,
202508030807,2025-10-25,京都,7,3歳以上1勝クラス,ダ,1800,右,曇,良,"3回 京都 8日目 サラ系３歳以上 １勝クラス       (混)[指] 定量 11頭 本賞金:800,320,200,120,80万円",11,800.0,2,8,10,アークドール,牡,4,58.0,浜中,112.9,1.1/2,6,11.1,38.2,7-7-6-2,栗東 松永幹,444,-6,
202508030807,2025-10-25,京都,7,3歳以上1勝クラス,ダ,1800,右,曇,良,"3回 京都 8日目 サラ系３歳以上 １勝クラス       (混)[指] 定量 11頭 本賞金:800,320,200,120,80万円",11,800.0,3,4,4,ディニテ,牡,3,56.0,松山,112.9,アタマ,2,3.7,37.9,10-10-10-7,栗東 辻野,498,2,
202508030807,2025-10-25,京都,7,3歳以上1勝クラス,ダ,1800,右,曇,良,"3回 京都 8日目 サラ系３歳以上 １勝クラス       (混)[指] 定量 11頭 本賞金:800,320,200,120,80万円",11,800.0,4,5,5,ポイントネモ,牡,3,56.0,菱田,113.1,1.1/4,5,9.9,38.9,2-2-2-1,栗東 大久保,488,-2,
202508030807,2025-10-25,京都,7,3歳以上1勝クラス,ダ,1800,右,曇,良,"3回 京都 8日目 サラ系３歳以上 １勝クラス       (混)[指] 定量 11頭 本賞金:800,320,200,120,80万円",11,800.0,5,6,6,ゴルデールスカー,牡,5,58.0,西村淳,113.4,1.1/2,10,40.5,39.0,5-5-4-5,栗東 加藤公,480,10,
202508030807,2025-10-25,京都,7,3歳以上1勝クラス,ダ,1800,右,曇,良,"3回 京都 8日目 サラ系３歳以上 １勝クラス       (混)[指] 定量 11頭 本賞金:800,320,200,120,80万円",11,800.0,6,6,7,リアルペガサス,牡,4,58.0,田口,113.5,1,7,27.5,38.6,7-8-8-10,栗東 大橋,464,10,
202508030807,2025-10-25,京都,7,3歳以上1勝クラス,ダ,1800,右,曇,良,"3回 京都 8日目 サラ系３歳以上 １勝クラス       (混)[指] 定量 11頭 本賞金:800,320,200,120,80万円",11,800.0,7,7,9,ミライエイゴウ,牡,3,53.0,▲田山,114.0,3,1,2.9,39.7,2-2-2-2,栗東 四位,454,6,
202508030807,2025-10-25,京都,7,3歳以上1勝クラス,ダ,1800,右,曇,良,"3回 京都 8日目 サラ系３歳以上 １勝クラス       (混)[指] 定量 11頭 本賞金:800,320,200,120,80万円",11,800.0,8,8,11,ニシノミチアキ,牡,3,56.0,池添,114.1,クビ,9,38.4,39.5,2-2-4-6,栗東 吉村,494,22,
202508030807,2025-10-25,京都,7,3歳以上1勝クラス,ダ,1800,右,曇,良,"3回 京都 8日目 サラ系３歳以上 １勝クラス       (混)[指] 定量 11頭 本賞金:800,320,200,120,80万円",11,800.0,9,7,8,マジックブルー,牡,4,58.0,団野,114.1,クビ,4,6.6,39.4,5-5-6-7,栗東 荒川,502,6,
202508030807,2025-10-25,京都,7,3歳以上1勝クラス,ダ,1800,右,曇,良,"3回 京都 8日目 サラ系３歳以上 １勝クラス       (混)[指] 定量 11頭 本賞金:800,320,200,120,80万円",11,800.0,10,1,1,プチプランス,牡,3,56.0,藤岡佑,114.3,1.1/4,3,5.5,39.6,9-8-8-7,栗東 藤岡,492,-6,
202508030807,2025-10-25,京都,7,3歳以上1勝クラス,ダ,1800,右,曇,良,"3回 京都 8日目 サラ系３歳以上 １勝クラス       (混)[指] 定量 11頭 本賞金:800,320,200,120,80万円",11,800.0,11,3,3,サンダーユニバンス,牡,4,58.0,城戸,115.4,7,11,138.6,41.3,1-1-1-2,栗東 奥村豊,474,-2,
202508030807,2025-10-25,京都,7,3歳以上1勝クラス,ダ,1800,右,曇,良,"3回 京都 8日目 サラ系３歳以上 １勝クラス       (混)[指] 定量 11頭 本賞金:800,320,200,120,80万円",11,800.0,,1,2,エリカヴェネチア,,,85.0,92,,13.6,2,12.2,1.0,12.4,3,,,
202508030807,2025-10-25,京都,7,3歳以上1勝クラス,ダ,1800,右,曇,良,"3回 京都 8日目 サラ系３歳以上 １勝クラス       (混)[指] 定量 11頭 本賞金:800,320,200,120,80万円",11,800.0,,1,2,エリカヴェネチア,,,,-,,-,,,,-,-,,,
202508030808,2025-10-25,京都,8,3歳以上2勝クラス,芝,1800,右,曇,良,"3回 京都 8日目 サラ系３歳以上 ２勝クラス       (混)(特指) 定量 12頭 本賞金:1140,460,290,170,114万円",12,1140.0,1,2,2,ネブラディスク,牡,3,56.0,岩田望,105.7,,1,1.9,33.5,10-10,栗東 福永,448,14,
202508030808,2025-10-25,京都,8,3歳以上2勝クラス,芝,1800,右,曇,良,"3回 京都 8日目 サラ系３歳以上 ２勝クラス       (混)(特指) 定量 12頭 本賞金:1140,460,290,170,114万円",12,1140.0,2,1,1,リカントロポ,牡,3,56.0,田口,106.0,2,5,16.2,34.1,7-7,栗東 梅田,478,2,
202508030808,2025-10-25,京都,8,3歳以上2勝クラス,芝,1800,右,曇,良,"3回 京都 8日目 サラ系３歳以上 ２勝クラス       (混)(特指) 定量 12頭 本賞金:1140,460,290,170,114万円",12,1140.0,3,4,4,コスモアンソロジー,牡,3,56.0,坂井,106.0,ハナ,4,14.2,34.4,4-5,美浦 嘉藤,440,-6,
202508030808,2025-10-25,京都,8,3歳以上2勝クラス,芝,1800,右,曇,良,"3回 京都 8日目 サラ系３歳以上 ２勝クラス       (混)(特指) 定量 12頭 本賞金:1140,460,290,170,114万円",12,1140.0,4,7,9,キングスコール,牡,3,56.0,藤岡佑,106.0,ハナ,2,3.5,34.7,1-1,栗東 矢作,498,6,
202508030808,2025-10-25,京都,8,3歳以上2勝クラス,芝,1800,右,曇,良,"3回 京都 8日目 サラ系３歳以上 ２勝クラス       (混)(特指) 定量 12頭 本賞金:1140,460,290,170,114万円",12,1140.0,5,5,5,オデット,牝,3,53.0,☆吉村,106.1,クビ,9,69.2,34.4,6-5,栗東 緒方,446,0,
202508030808,2025-10-25,京都,8,3歳以上2勝クラス,芝,1800,右,曇,良,"3回 京都 8日目 サラ系３歳以上 ２勝クラス       (混)(特指) 定量 12頭 本賞金:1140,460,290,170,114万円",12,1140.0,6,5,6,マイネルバーテクス,牡,4,58.0,松若,106.2,3/4,12,117.0,34.3,7-8,美浦 水野,502,-14,
202508030808,2025-10-25,京都,8,3歳以上2勝クラス,芝,1800,右,曇,良,"3回 京都 8日目 サラ系３歳以上 ２勝クラス       (混)(特指) 定量 12頭 本賞金:1140,460,290,170,114万円",12,1140.0,7,6,8,アラタマフェーヴル,牡,4,58.0,北村友,106.3,クビ,8,60.6,34.8,4-4,栗東 浜田,496,0,
202508030808,2025-10-25,京都,8,3歳以上2勝クラス,芝,1800,右,曇,良,"3回 京都 8日目 サラ系３歳以上 ２勝クラス       (混)(特指) 定量 12頭 本賞金:1140,460,290,170,114万円",12,1140.0,8,6,7,プリズマジコ,牡,4,58.0,秋山稔,106.3,ハナ,6,18.6,34.1,10-11,栗東 高橋忠,444,0,
202508030808,2025-10-25,京都,8,3歳以上2勝クラス,芝,1800,右,曇,良,"3回 京都 8日目 サラ系３歳以上 ２勝クラス       (混)(特指) 定量 12頭 本賞金:1140,460,290,170,114万円",12,1140.0,9,3,3,メイショウヨゾラ,牝,4,56.0,松山,106.5,1.1/2,3,5.0,34.5,7-8,美浦 高柳瑞,478,2,
202508030808,2025-10-25,京都,8,3歳以上2勝クラス,芝,1800,右,曇,良,"3回 京都 8日目 サラ系３歳以上 ２勝クラス       (混)(特指) 定量 12頭 本賞金:1140,460,290,170,114万円",12,1140.0,10,8,12,レッドベルアーム,牡,6,58.0,鮫島良,106.6,3/4,7,49.9,35.1,3-2,栗東 河嶋,534,6,
202508030808,2025-10-25,京都,8,3歳以上2勝クラス,芝,1800,右,曇,良,"3回 京都 8日目 サラ系３歳以上 ２勝クラス       (混)(特指) 定量 12頭 本賞金:1140,460,290,170,114万円",12,1140.0,11,8,11,テンメジャーガール,牝,6,56.0,西村淳,106.9,2,11,113.8,34.4,10-12,栗東 高柳大,512,0,
202508030808,2025-10-25,京都,8,3歳以上2勝クラス,芝,1800,右,曇,良,"3回 京都 8日目 サラ系３歳以上 ２勝クラス       (混)(特指) 定量 12頭 本賞金:1140,460,290,170,114万円",12,1140.0,12,7,10,リリーブライト,牡,7,58.0,荻野琢,107.1,1.1/4,10,103.2,35.7,2-2,美浦 西田,480,6,
202508030808,2025-10-25,京都,8,3歳以上2勝クラス,芝,1800,右,曇,良,"3回 京都 8日目 サラ系３歳以上 ２勝クラス       (混)(特指) 定量 12頭 本賞金:1140,460,290,170,114万円",12,1140.0,,1,2,ネブラディスク,,,95.0,93,,13.3,4,11.0,3.0,11.3,3,,,
202508030808,2025-10-25,京都,8,3歳以上2勝クラス,芝,1800,右,曇,良,"3回 京都 8日目 サラ系３歳以上 ２勝クラス       (混)(特指) 定量 12頭 本賞金:1140,460,290,170,114万円",12,1140.0,,1,2,ネブラディスク,,,,-,,-,,,,-,-,,,
202508030809,2025-10-25,京都,9,北國新聞杯,ダ,1900,右,曇,良,"3回 京都 8日目 サラ系３歳以上 ２勝クラス       (混)[指] 定量 16頭 本賞金:1550,620,390,230,155万円",16,1550.0,1,7,13,タガノマカシヤ,牡,3,56.0,岩田望,118.0,,1,1.9,37.3,5-4-5-3,栗東 中村,506,0,
202508030809,2025-10-25,京都,9,北國新聞杯,ダ,1900,右,曇,良,"3回 京都 8日目 サラ系３歳以上 ２勝クラス       (混)[指] 定量 16頭 本賞金:1550,620,390,230,155万円",16,1550.0,2,4,8,ジョータルマエ,セ,5,58.0,鮫島良,118.2,1.1/4,4,10.3,38.2,1-1-1-1,栗東 河嶋,498,0,
202508030809,2025-10-25,京都,9,北國新聞杯,ダ,1900,右,曇,良,"3回 京都 8日目 サラ系３歳以上 ２勝クラス       (混)[指] 定量 16頭 本賞金:1550,620,390,230,155万円",16,1550.0,3,5,10,ソウルアンドジャズ,セ,4,58.0,松山,118.8,4,2,4.5,38.6,2-2-2-2,美浦 武井,494,0,
202508030809,2025-10-25,京都,9,北國新聞杯,ダ,1900,右,曇,良,"3回 京都 8日目 サラ系３歳以上 ２勝クラス       (混)[指] 定量 16頭 本賞金:1550,620,390,230,155万円",16,1550.0,4,6,12,ノボリクレバー,牝,5,56.0,坂井,119.2,2,5,11.7,38.7,3-3-3-3,栗東 石橋,506,2,
202508030809,2025-10-25,京都,9,北國新聞杯,ダ,1900,右,曇,良,"3回 京都 8日目 サラ系３歳以上 ２勝クラス       (混)[指] 定量 16頭 本賞金:1550,620,390,230,155万円",16,1550.0,5,1,2,レッドリベルタ,牡,4,58.0,西村淳,119.2,ハナ,3,7.5,38.0,8-8-8-8,栗東 庄野,458,0,
202508030809,2025-10-25,京都,9,北國新聞杯,ダ,1900,右,曇,良,"3回 京都 8日目 サラ系３歳以上 ２勝クラス       (混)[指] 定量 16頭 本賞金:1550,620,390,230,155万円",16,1550.0,6,4,7,メイケイロゼッタ,牡,3,56.0,酒井,119.2,ハナ,7,33.4,38.3,5-6-7-6,栗東 河嶋,464,0,
202508030809,2025-10-25,京都,9,北國新聞杯,ダ,1900,右,曇,良,"3回 京都 8日目 サラ系３歳以上 ２勝クラス       (混)[指] 定量 16頭 本賞金:1550,620,390,230,155万円",16,1550.0,7,3,6,リアド,牡,6,58.0,岩田康,119.3,1/2,8,39.6,38.9,4-4-3-3,栗東 小椋,480,-8,
202508030809,2025-10-25,京都,9,北國新聞杯,ダ,1900,右,曇,良,"3回 京都 8日目 サラ系３歳以上 ２勝クラス       (混)[指] 定量 16頭 本賞金:1550,620,390,230,155万円",16,1550.0,8,3,5,シャンバラ,牡,6,58.0,田口,119.4,クビ,9,46.1,38.0,10-10-11-10,栗東 橋口,526,4,
202508030809,2025-10-25,京都,9,北國新聞杯,ダ,1900,右,曇,良,"3回 京都 8日目 サラ系３歳以上 ２勝クラス       (混)[指] 定量 16頭 本賞金:1550,620,390,230,155万円",16,1550.0,9,7,14,タイセイアディクト,牡,4,58.0,団野,119.4,アタマ,6,25.7,38.1,11-11-10-10,美浦 池上,490,-2,
202508030809,2025-10-25,京都,9,北國新聞杯,ダ,1900,右,曇,良,"3回 京都 8日目 サラ系３歳以上 ２勝クラス       (混)[指] 定量 16頭 本賞金:1550,620,390,230,155万円",16,1550.0,10,8,15,シュプリンガー,セ,6,58.0,長岡,119.5,3/4,11,47.6,37.5,13-13-13-13,栗東 小栗,492,-10,
202508030809,2025-10-25,京都,9,北國新聞杯,ダ,1900,右,曇,良,"3回 京都 8日目 サラ系３歳以上 ２勝クラス       (混)[指] 定量 16頭 本賞金:1550,620,390,230,155万円",16,1550.0,11,5,9,ハッピーアズラリー,牝,5,56.0,松若,119.7,1,15,134.4,38.1,11-11-11-10,栗東 安田,466,8,
202508030809,2025-10-25,京都,9,北國新聞杯,ダ,1900,右,曇,良,"3回 京都 8日目 サラ系３歳以上 ２勝クラス       (混)[指] 定量 16頭 本賞金:1550,620,390,230,155万円",16,1550.0,12,2,4,キャリーハピネス,牡,5,58.0,高杉,120.6,5,12,66.4,38.1,15-15-15-16,栗東 河嶋,502,-4,
202508030809,2025-10-25,京都,9,北國新聞杯,ダ,1900,右,曇,良,"3回 京都 8日目 サラ系３歳以上 ２勝クラス       (混)[指] 定量 16頭 本賞金:1550,620,390,230,155万円",16,1550.0,13,8,16,メイショウシロガネ,牡,7,58.0,角田和,120.8,3/4,16,241.7,38.4,16-16-15-14,栗東 笹田,462,4,
202508030809,2025-10-25,京都,9,北國新聞杯,ダ,1900,右,曇,良,"3回 京都 8日目 サラ系３歳以上 ２勝クラス       (混)[指] 定量 16頭 本賞金:1550,620,390,230,155万円",16,1550.0,14,1,1,バナマンテソーロ,牡,4,58.0,吉村,120.8,クビ,13,80.0,40.2,7-6-5-6,美浦 加藤士,496,-4,
202508030809,2025-10-25,京都,9,北國新聞杯,ダ,1900,右,曇,良,"3回 京都 8日目 サラ系３歳以上 ２勝クラス       (混)[指] 定量 16頭 本賞金:1550,620,390,230,155万円",16,1550.0,15,2,3,セレクティオ,牡,5,58.0,菱田,121.3,3,10,46.2,39.0,14-14-14-15,栗東 橋口,486,6,
202508030809,2025-10-25,京都,9,北國新聞杯,ダ,1900,右,曇,良,"3回 京都 8日目 サラ系３歳以上 ２勝クラス       (混)[指] 定量 16頭 本賞金:1550,620,390,230,155万円",16,1550.0,16,6,11,メイショウジェンマ,牡,5,58.0,池添,121.4,1/2,14,86.0,40.2,9-9-8-8,栗東 飯田,476,8,
202508030809,2025-10-25,京都,9,北國新聞杯,ダ,1900,右,曇,良,"3回 京都 8日目 サラ系３歳以上 ２勝クラス       (混)[指] 定量 16頭 本賞金:1550,620,390,230,155万円",16,1550.0,,1,13,タガノマカシヤ,,,94.0,98,,7.4,11,11.9,5.0,11.9,3,,,
202508030809,2025-10-25,京都,9,北國新聞杯,ダ,1900,右,曇,良,"3回 京都 8日目 サラ系３歳以上 ２勝クラス       (混)[指] 定量 16頭 本賞金:1550,620,390,230,155万円",16,1550.0,,1,13,タガノマカシヤ,,,,-,,-,,,,-,-,,,
202508030810,2025-10-25,京都,10,長岡京S,芝,1400,右,曇,良,"3回 京都 8日目 サラ系３歳以上 ３勝クラス       (混)(特指) 定量 13頭 本賞金:1840,740,460,280,184万円",13,1840.0,1,4,5,スリールミニョン,牝,3,54.0,坂井,80.2,,4,5.5,34.1,1-1,栗東 高橋康,458,16,
202508030810,2025-10-25,京都,10,長岡京S,芝,1400,右,曇,良,"3回 京都 8日目 サラ系３歳以上 ３勝クラス       (混)(特指) 定量 13頭 本賞金:1840,740,460,280,184万円",13,1840.0,2,8,13,スマートワイス,牡,4,58.0,松山,80.3,クビ,2,4.2,33.9,4-4,栗東 大久保,490,-14,
202508030810,2025-10-25,京都,10,長岡京S,芝,1400,右,曇,良,"3回 京都 8日目 サラ系３歳以上 ３勝クラス       (混)(特指) 定量 13頭 本賞金:1840,740,460,280,184万円",13,1840.0,3,3,3,キタサンダムール,牝,5,56.0,岩田望,80.3,クビ,5,9.4,33.8,4-4,栗東 清水久,500,18,
202508030810,2025-10-25,京都,10,長岡京S,芝,1400,右,曇,良,"3回 京都 8日目 サラ系３歳以上 ３勝クラス       (混)(特指) 定量 13頭 本賞金:1840,740,460,280,184万円",13,1840.0,4,4,4,ケーブパール,牝,4,56.0,小崎,80.3,ハナ,3,4.8,33.0,10-10,栗東 友道,430,-2,
202508030810,2025-10-25,京都,10,長岡京S,芝,1400,右,曇,良,"3回 京都 8日目 サラ系３歳以上 ３勝クラス       (混)(特指) 定量 13頭 本賞金:1840,740,460,280,184万円",13,1840.0,5,2,2,ヤマニンアストロン,牡,4,58.0,高杉,80.3,クビ,7,14.5,33.5,6-6,栗東 石橋,494,4,
202508030810,2025-10-25,京都,10,長岡京S,芝,1400,右,曇,良,"3回 京都 8日目 サラ系３歳以上 ３勝クラス       (混)(特指) 定量 13頭 本賞金:1840,740,460,280,184万円",13,1840.0,6,6,9,レディマリオン,牝,4,56.0,吉村,80.4,1/2,1,3.7,34.2,2-2,栗東 長谷川,450,-2,
202508030810,2025-10-25,京都,10,長岡京S,芝,1400,右,曇,良,"3回 京都 8日目 サラ系３歳以上 ３勝クラス       (混)(特指) 定量 13頭 本賞金:1840,740,460,280,184万円",13,1840.0,7,1,1,サクセスアイ,牝,5,56.0,池添,80.5,1/2,6,10.8,34.2,2-2,栗東 北出,450,6,
202508030810,2025-10-25,京都,10,長岡京S,芝,1400,右,曇,良,"3回 京都 8日目 サラ系３歳以上 ３勝クラス       (混)(特指) 定量 13頭 本賞金:1840,740,460,280,184万円",13,1840.0,8,8,12,ルミノメテオール,牝,5,56.0,岩田康,80.7,1.1/2,11,64.8,33.9,6-6,美浦 金成,456,-2,
202508030810,2025-10-25,京都,10,長岡京S,芝,1400,右,曇,良,"3回 京都 8日目 サラ系３歳以上 ３勝クラス       (混)(特指) 定量 13頭 本賞金:1840,740,460,280,184万円",13,1840.0,9,6,8,ジョディーズマロン,牡,7,58.0,菱田,80.9,1.1/4,10,59.9,33.0,13-13,栗東 北出,470,0,
202508030810,2025-10-25,京都,10,長岡京S,芝,1400,右,曇,良,"3回 京都 8日目 サラ系３歳以上 ３勝クラス       (混)(特指) 定量 13頭 本賞金:1840,740,460,280,184万円",13,1840.0,10,7,10,アバンチュリエ,セ,6,58.0,柴田善,81.1,3/4,13,158.5,34.0,8-8,美浦 大竹,476,-10,
202508030810,2025-10-25,京都,10,長岡京S,芝,1400,右,曇,良,"3回 京都 8日目 サラ系３歳以上 ３勝クラス       (混)(特指) 定量 13頭 本賞金:1840,740,460,280,184万円",13,1840.0,11,5,7,ウインスノーライト,牡,5,58.0,長岡,81.2,1,9,49.8,33.7,11-11,栗東 宮,496,6,
202508030810,2025-10-25,京都,10,長岡京S,芝,1400,右,曇,良,"3回 京都 8日目 サラ系３歳以上 ３勝クラス       (混)(特指) 定量 13頭 本賞金:1840,740,460,280,184万円",13,1840.0,12,5,6,シークレットキー,牡,4,58.0,田口,81.3,3/4,12,101.3,33.6,12-12,栗東 井上,498,6,
202508030810,2025-10-25,京都,10,長岡京S,芝,1400,右,曇,良,"3回 京都 8日目 サラ系３歳以上 ３勝クラス       (混)(特指) 定量 13頭 本賞金:1840,740,460,280,184万円",13,1840.0,13,7,11,フライングブレード,牡,5,58.0,浜中,81.6,1.1/2,8,47.6,34.5,8-8,栗東 飯田,486,4,
202508030810,2025-10-25,京都,10,長岡京S,芝,1400,右,曇,良,"3回 京都 8日目 サラ系３歳以上 ３勝クラス       (混)(特指) 定量 13頭 本賞金:1840,740,460,280,184万円",13,1840.0,,1,5,スリールミニョン,,,101.0,101,,12.1,2,11.2,2.0,11.6,1,,,
202508030810,2025-10-25,京都,10,長岡京S,芝,1400,右,曇,良,"3回 京都 8日目 サラ系３歳以上 ３勝クラス       (混)(特指) 定量 13頭 本賞金:1840,740,460,280,184万円",13,1840.0,,1,5,スリールミニョン,,,,-,,-,,,,-,-,,,
202508030811,2025-10-25,京都,11,カシオペアS,芝,1800,右,曇,良,"3回 京都 8日目 サラ系３歳以上 オープン       (国際)(特指) 別定 10頭 本賞金:2800,1100,700,420,280万円",10,2800.0,1,7,7,オーロラエックス,牝,4,55.0,松山,105.0,,2,3.9,33.7,7-8,栗東 杉山晴,488,-2,
202508030811,2025-10-25,京都,11,カシオペアS,芝,1800,右,曇,良,"3回 京都 8日目 サラ系３歳以上 オープン       (国際)(特指) 別定 10頭 本賞金:2800,1100,700,420,280万円",10,2800.0,2,3,3,ナムラエイハブ,牡,4,57.0,吉田隼,105.0,クビ,4,5.2,34.2,3-3,栗東 長谷川,518,0,
202508030811,2025-10-25,京都,11,カシオペアS,芝,1800,右,曇,良,"3回 京都 8日目 サラ系３歳以上 オープン       (国際)(特指) 別定 10頭 本賞金:2800,1100,700,420,280万円",10,2800.0,3,8,9,ショウナンマグマ,セ,6,58.0,池添,105.1,クビ,9,74.2,35.5,1-1,美浦 尾関,508,8,
202508030811,2025-10-25,京都,11,カシオペアS,芝,1800,右,曇,良,"3回 京都 8日目 サラ系３歳以上 オープン       (国際)(特指) 別定 10頭 本賞金:2800,1100,700,420,280万円",10,2800.0,4,2,2,バレエマスター,牡,6,57.0,吉村,105.2,1/2,6,13.2,33.8,8-6,栗東 梅田,476,0,
202508030811,2025-10-25,京都,11,カシオペアS,芝,1800,右,曇,良,"3回 京都 8日目 サラ系３歳以上 オープン       (国際)(特指) 別定 10頭 本賞金:2800,1100,700,420,280万円",10,2800.0,5,4,4,ドクタードリトル,牡,5,57.0,岩田望,105.3,3/4,7,21.5,33.5,10-9,栗東 今野,474,0,
202508030811,2025-10-25,京都,11,カシオペアS,芝,1800,右,曇,良,"3回 京都 8日目 サラ系３歳以上 オープン       (国際)(特指) 別定 10頭 本賞金:2800,1100,700,420,280万円",10,2800.0,6,8,10,ピースワンデュック,牡,4,57.0,柴田善,105.5,1,1,3.8,34.9,2-2,美浦 大竹,452,-2,
202508030811,2025-10-25,京都,11,カシオペアS,芝,1800,右,曇,良,"3回 京都 8日目 サラ系３歳以上 オープン       (国際)(特指) 別定 10頭 本賞金:2800,1100,700,420,280万円",10,2800.0,7,1,1,センツブラッド,牡,3,55.0,坂井,105.5,ハナ,3,3.9,34.4,5-4,栗東 斉藤崇,462,2,
202508030811,2025-10-25,京都,11,カシオペアS,芝,1800,右,曇,良,"3回 京都 8日目 サラ系３歳以上 オープン       (国際)(特指) 別定 10頭 本賞金:2800,1100,700,420,280万円",10,2800.0,8,5,5,ダンテスヴュー,牡,6,57.0,小崎,105.5,クビ,10,91.3,34.3,5-6,栗東 友道,468,0,
202508030811,2025-10-25,京都,11,カシオペアS,芝,1800,右,曇,良,"3回 京都 8日目 サラ系３歳以上 オープン       (国際)(特指) 別定 10頭 本賞金:2800,1100,700,420,280万円",10,2800.0,9,7,8,マイネルメモリー,牡,5,57.0,菱田,105.5,アタマ,8,30.1,33.9,9-9,栗東 宮,460,-4,
202508030811,2025-10-25,京都,11,カシオペアS,芝,1800,右,曇,良,"3回 京都 8日目 サラ系３歳以上 オープン       (国際)(特指) 別定 10頭 本賞金:2800,1100,700,420,280万円",10,2800.0,10,6,6,シルトホルン,牡,5,58.0,浜中,105.7,1,5,8.8,34.7,4-4,美浦 新開,466,2,
202508030811,2025-10-25,京都,11,カシオペアS,芝,1800,右,曇,良,"3回 京都 8日目 サラ系３歳以上 オープン       (国際)(特指) 別定 10頭 本賞金:2800,1100,700,420,280万円",10,2800.0,,1,7,オーロラエックス,,,97.0,97,,13.0,6,11.0,2.0,11.6,2,,,
202508030811,2025-10-25,京都,11,カシオペアS,芝,1800,右,曇,良,"3回 京都 8日目 サラ系３歳以上 オープン       (国際)(特指) 別定 10頭 本賞金:2800,1100,700,420,280万円",10,2800.0,,1,7,オーロラエックス,,,,-,,-,,,,-,-,,,
202508030812,2025-10-25,京都,12,3歳以上1勝クラス,芝,1800,右,雨,良,"3回 京都 8日目 サラ系３歳以上 １勝クラス       [指] 定量 10頭 本賞金:800,320,200,120,80万円",10,800.0,1,8,9,マイネルフルムーン,牡,3,56.0,団野,107.6,,4,5.8,33.9,7-5,栗東 吉田,468,6,
202508030812,2025-10-25,京都,12,3歳以上1勝クラス,芝,1800,右,雨,良,"3回 京都 8日目 サラ系３歳以上 １勝クラス       [指] 定量 10頭 本賞金:800,320,200,120,80万円",10,800.0,2,8,10,アレンテージョ,牡,5,58.0,藤岡佑,107.7,3/4,2,5.3,33.8,9-8,栗東 坂口,478,0,
202508030812,2025-10-25,京都,12,3歳以上1勝クラス,芝,1800,右,雨,良,"3回 京都 8日目 サラ系３歳以上 １勝クラス       [指] 定量 10頭 本賞金:800,320,200,120,80万円",10,800.0,3,1,1,ニュークレド,牡,3,56.0,高杉,107.7,アタマ,1,3.0,34.1,4-5,栗東 石坂,432,2,
202508030812,2025-10-25,京都,12,3歳以上1勝クラス,芝,1800,右,雨,良,"3回 京都 8日目 サラ系３歳以上 １勝クラス       [指] 定量 10頭 本賞金:800,320,200,120,80万円",10,800.0,4,5,5,イガッチ,牡,3,56.0,浜中,107.7,アタマ,6,10.2,34.3,2-2,栗東 笹田,470,-2,
202508030812,2025-10-25,京都,12,3歳以上1勝クラス,芝,1800,右,雨,良,"3回 京都 8日目 サラ系３歳以上 １勝クラス       [指] 定量 10頭 本賞金:800,320,200,120,80万円",10,800.0,5,3,3,デルシエロ,牡,4,57.0,☆吉村,107.9,1.1/4,8,14.2,34.1,8-8,栗東 清水久,420,2,
202508030812,2025-10-25,京都,12,3歳以上1勝クラス,芝,1800,右,雨,良,"3回 京都 8日目 サラ系３歳以上 １勝クラス       [指] 定量 10頭 本賞金:800,320,200,120,80万円",10,800.0,6,7,7,サラコスティ,牡,3,56.0,北村友,108.0,1/2,7,14.1,34.5,4-4,栗東 池添,476,4,
202508030812,2025-10-25,京都,12,3歳以上1勝クラス,芝,1800,右,雨,良,"3回 京都 8日目 サラ系３歳以上 １勝クラス       [指] 定量 10頭 本賞金:800,320,200,120,80万円",10,800.0,7,4,4,エンベッカ,牝,3,54.0,西村淳,108.1,1/2,3,5.8,34.5,4-5,栗東 斉藤崇,420,-6,
202508030812,2025-10-25,京都,12,3歳以上1勝クラス,芝,1800,右,雨,良,"3回 京都 8日目 サラ系３歳以上 １勝クラス       [指] 定量 10頭 本賞金:800,320,200,120,80万円",10,800.0,8,7,8,エボルヴィング,牡,4,58.0,松山,108.1,クビ,5,9.5,34.6,3-2,栗東 藤原,462,12,
202508030812,2025-10-25,京都,12,3歳以上1勝クラス,芝,1800,右,雨,良,"3回 京都 8日目 サラ系３歳以上 １勝クラス       [指] 定量 10頭 本賞金:800,320,200,120,80万円",10,800.0,9,6,6,ランフォースマイル,牝,3,54.0,坂井,108.6,3,9,20.9,35.3,1-1,栗東 渡辺,448,0,
202508030812,2025-10-25,京都,12,3歳以上1勝クラス,芝,1800,右,雨,良,"3回 京都 8日目 サラ系３歳以上 １勝クラス       [指] 定量 10頭 本賞金:800,320,200,120,80万円",10,800.0,10,2,2,スティルザワン,セ,4,58.0,荻野琢,109.5,5,10,236.1,35.6,9-10,栗東 前川,452,-2,
202508030812,2025-10-25,京都,12,3歳以上1勝クラス,芝,1800,右,雨,良,"3回 京都 8日目 サラ系３歳以上 １勝クラス       [指] 定量 10頭 本賞金:800,320,200,120,80万円",10,800.0,,1,9,マイネルフルムーン,,,91.0,82,,13.2,10,11.7,8.0,11.6,6,,,
202508030812,2025-10-25,京都,12,3歳以上1勝クラス,芝,1800,右,雨,良,"3回 京都 8日目 サラ系３歳以上 １勝クラス       [指] 定量 10頭 本賞金:800,320,200,120,80万円",10,800.0,,1,9,マイネルフルムーン,,,,-,,-,,,,-,-,,,
202504040401,2025-10-26,新潟,1,2歳未勝利,ダ,1800,左,小雨,良,"4回 新潟 4日目 サラ系２歳 未勝利       牝[指] 馬齢 13頭 本賞金:560,220,140,84,56万円",13,560.0,1,5,6,ガーネットテソーロ,牝,2,54.0,☆西塚,116.0,,3,6.3,39.9,2-2-1-1,美浦 高木,478,4,
202504040401,2025-10-26,新潟,1,2歳未勝利,ダ,1800,左,小雨,良,"4回 新潟 4日目 サラ系２歳 未勝利       牝[指] 馬齢 13頭 本賞金:560,220,140,84,56万円",13,560.0,2,6,8,アルティソナンテ,牝,2,55.0,丹内,116.1,1/2,6,9.3,39.4,7-7-6-7,美浦 萩原,430,2,
202504040401,2025-10-26,新潟,1,2歳未勝利,ダ,1800,左,小雨,良,"4回 新潟 4日目 サラ系２歳 未勝利       牝[指] 馬齢 13頭 本賞金:560,220,140,84,56万円",13,560.0,3,3,3,スマイルガーデン,牝,2,55.0,小沢,116.1,クビ,7,20.0,39.1,7-7-8-8,栗東 西村,474,12,
202504040401,2025-10-26,新潟,1,2歳未勝利,ダ,1800,左,小雨,良,"4回 新潟 4日目 サラ系２歳 未勝利       牝[指] 馬齢 13頭 本賞金:560,220,140,84,56万円",13,560.0,4,5,7,ティナンヴァランタ,牝,2,52.0,▲石神道,116.1,ハナ,5,7.6,39.4,4-4-6-5,美浦 森一,440,12,
202504040401,2025-10-26,新潟,1,2歳未勝利,ダ,1800,左,小雨,良,"4回 新潟 4日目 サラ系２歳 未勝利       牝[指] 馬齢 13頭 本賞金:560,220,140,84,56万円",13,560.0,5,2,2,マーゴットクリュグ,牝,2,55.0,古川吉,116.7,3.1/2,1,3.3,40.3,2-2-4-4,栗東 小林,464,4,
202504040401,2025-10-26,新潟,1,2歳未勝利,ダ,1800,左,小雨,良,"4回 新潟 4日目 サラ系２歳 未勝利       牝[指] 馬齢 13頭 本賞金:560,220,140,84,56万円",13,560.0,6,8,13,ブリスフルイヤー,牝,2,52.0,▲石田,117.1,2.1/2,10,58.3,39.6,11-12-11-10,美浦 新開,464,-8,
202504040401,2025-10-26,新潟,1,2歳未勝利,ダ,1800,左,小雨,良,"4回 新潟 4日目 サラ系２歳 未勝利       牝[指] 馬齢 13頭 本賞金:560,220,140,84,56万円",13,560.0,7,6,9,ノリチャンボウルズ,牝,2,55.0,国分恭,117.2,クビ,8,34.8,40.1,11-11-8-8,栗東 西園翔,474,12,
202504040401,2025-10-26,新潟,1,2歳未勝利,ダ,1800,左,小雨,良,"4回 新潟 4日目 サラ系２歳 未勝利       牝[指] 馬齢 13頭 本賞金:560,220,140,84,56万円",13,560.0,8,7,11,ドナソール,牝,2,52.0,▲舟山,117.2,クビ,4,6.8,40.8,4-4-4-5,美浦 畠山,472,8,
202504040401,2025-10-26,新潟,1,2歳未勝利,ダ,1800,左,小雨,良,"4回 新潟 4日目 サラ系２歳 未勝利       牝[指] 馬齢 13頭 本賞金:560,220,140,84,56万円",13,560.0,9,4,4,セラサイト,牝,2,55.0,鮫島駿,118.0,5,2,3.8,41.8,6-6-2-2,栗東 茶木,488,0,
202504040401,2025-10-26,新潟,1,2歳未勝利,ダ,1800,左,小雨,良,"4回 新潟 4日目 サラ系２歳 未勝利       牝[指] 馬齢 13頭 本賞金:560,220,140,84,56万円",13,560.0,10,1,1,ゼルノードゥス,牝,2,53.0,△柴田裕,118.3,2,13,120.2,40.3,13-13-12-12,栗東 中竹,478,4,
202504040401,2025-10-26,新潟,1,2歳未勝利,ダ,1800,左,小雨,良,"4回 新潟 4日目 サラ系２歳 未勝利       牝[指] 馬齢 13頭 本賞金:560,220,140,84,56万円",13,560.0,11,4,5,キョウエイハル,牝,2,52.0,▲上里,118.7,2,9,43.0,42.6,1-1-2-2,美浦 伊坂,454,-4,
202504040401,2025-10-26,新潟,1,2歳未勝利,ダ,1800,左,小雨,良,"4回 新潟 4日目 サラ系２歳 未勝利       牝[指] 馬齢 13頭 本賞金:560,220,140,84,56万円",13,560.0,12,7,10,カワキタスズリノ,牝,2,55.0,横山琉,119.5,5,12,83.7,42.3,7-7-10-11,美浦 池上,474,-2,
202504040401,2025-10-26,新潟,1,2歳未勝利,ダ,1800,左,小雨,良,"4回 新潟 4日目 サラ系２歳 未勝利       牝[指] 馬齢 13頭 本賞金:560,220,140,84,56万円",13,560.0,13,8,12,ルーン,牝,2,55.0,斎藤,119.7,1,11,69.2,41.3,10-10-13-13,栗東 高橋一,468,-10,
202504040401,2025-10-26,新潟,1,2歳未勝利,ダ,1800,左,小雨,良,"4回 新潟 4日目 サラ系２歳 未勝利       牝[指] 馬齢 13頭 本賞金:560,220,140,84,56万円",13,560.0,,1,6,ガーネットテソーロ,,,104.0,88,,12.7,5,11.0,3.0,13.2,4,,,
202504040401,2025-10-26,新潟,1,2歳未勝利,ダ,1800,左,小雨,良,"4回 新潟 4日目 サラ系２歳 未勝利       牝[指] 馬齢 13頭 本賞金:560,220,140,84,56万円",13,560.0,,1,6,ガーネットテソーロ,,,,-,,-,,,,-,-,,,
202504040402,2025-10-26,新潟,2,2歳未勝利,芝,1400,左,小雨,良,"4回 新潟 4日目 サラ系２歳 未勝利       (混)[指] 馬齢 13頭 本賞金:560,220,140,84,56万円",13,560.0,1,6,8,アスミル,牡,2,55.0,☆松本,83.2,,2,4.0,36.0,6-6,栗東 本田,484,4,
202504040402,2025-10-26,新潟,2,2歳未勝利,芝,1400,左,小雨,良,"4回 新潟 4日目 サラ系２歳 未勝利       (混)[指] 馬齢 13頭 本賞金:560,220,140,84,56万円",13,560.0,2,1,1,エイシンティザー,牡,2,55.0,☆西塚,83.2,ハナ,9,76.9,35.8,7-6,栗東 吉村,496,-2,
202504040402,2025-10-26,新潟,2,2歳未勝利,芝,1400,左,小雨,良,"4回 新潟 4日目 サラ系２歳 未勝利       (混)[指] 馬齢 13頭 本賞金:560,220,140,84,56万円",13,560.0,3,3,3,アンジュプロミス,牝,2,52.0,▲古川奈,83.5,1.3/4,3,4.1,36.7,1-1,栗東 矢作,462,6,
202504040402,2025-10-26,新潟,2,2歳未勝利,芝,1400,左,小雨,良,"4回 新潟 4日目 サラ系２歳 未勝利       (混)[指] 馬齢 13頭 本賞金:560,220,140,84,56万円",13,560.0,4,5,7,ミスターマーボー,牡,2,56.0,杉原,83.6,1/2,5,11.3,36.7,2-2,美浦 青木,448,12,
202504040402,2025-10-26,新潟,2,2歳未勝利,芝,1400,左,小雨,良,"4回 新潟 4日目 サラ系２歳 未勝利       (混)[指] 馬齢 13頭 本賞金:560,220,140,84,56万円",13,560.0,5,8,12,ゴールドパレード,牡,2,56.0,横山琉,83.7,クビ,12,125.5,35.9,9-8,美浦 天間,474,6,
202504040402,2025-10-26,新潟,2,2歳未勝利,芝,1400,左,小雨,良,"4回 新潟 4日目 サラ系２歳 未勝利       (混)[指] 馬齢 13頭 本賞金:560,220,140,84,56万円",13,560.0,6,7,10,ブランチアウト,牡,2,56.0,古川吉,83.8,3/4,7,25.0,36.8,3-3,栗東 昆,442,-4,
202504040402,2025-10-26,新潟,2,2歳未勝利,芝,1400,左,小雨,良,"4回 新潟 4日目 サラ系２歳 未勝利       (混)[指] 馬齢 13頭 本賞金:560,220,140,84,56万円",13,560.0,7,4,4,スカイピア,牝,2,55.0,鮫島駿,84.0,1.1/4,8,56.9,36.0,12-11,栗東 前川,442,2,
202504040402,2025-10-26,新潟,2,2歳未勝利,芝,1400,左,小雨,良,"4回 新潟 4日目 サラ系２歳 未勝利       (混)[指] 馬齢 13頭 本賞金:560,220,140,84,56万円",13,560.0,8,8,13,スマイルカーブ,牝,2,52.0,▲舟山,84.0,クビ,10,92.9,36.0,12-12,美浦 小手川,422,-6,
202504040402,2025-10-26,新潟,2,2歳未勝利,芝,1400,左,小雨,良,"4回 新潟 4日目 サラ系２歳 未勝利       (混)[指] 馬齢 13頭 本賞金:560,220,140,84,56万円",13,560.0,9,7,11,ジャスフォール,牡,2,56.0,丹内,84.1,クビ,1,2.4,37.0,3-3,美浦 上原佑,490,8,
202504040402,2025-10-26,新潟,2,2歳未勝利,芝,1400,左,小雨,良,"4回 新潟 4日目 サラ系２歳 未勝利       (混)[指] 馬齢 13頭 本賞金:560,220,140,84,56万円",13,560.0,10,2,2,カラーオブサクセス,牝,2,55.0,菊沢,84.5,2,4,7.5,37.5,3-3,美浦 武市,436,-4,
202504040402,2025-10-26,新潟,2,2歳未勝利,芝,1400,左,小雨,良,"4回 新潟 4日目 サラ系２歳 未勝利       (混)[指] 馬齢 13頭 本賞金:560,220,140,84,56万円",13,560.0,11,4,5,グランフォワイエ,牡,2,53.0,▲石田,85.0,3,11,109.1,37.2,9-10,美浦 矢野,418,-10,
202504040402,2025-10-26,新潟,2,2歳未勝利,芝,1400,左,小雨,良,"4回 新潟 4日目 サラ系２歳 未勝利       (混)[指] 馬齢 13頭 本賞金:560,220,140,84,56万円",13,560.0,12,6,9,ベルバード,牝,2,52.0,▲石神道,85.6,3.1/2,6,24.6,38.1,8-8,美浦 武井,444,2,
202504040402,2025-10-26,新潟,2,2歳未勝利,芝,1400,左,小雨,良,"4回 新潟 4日目 サラ系２歳 未勝利       (混)[指] 馬齢 13頭 本賞金:560,220,140,84,56万円",13,560.0,13,5,6,ドナベーネ,牝,2,55.0,斎藤,86.4,5,13,449.4,38.6,9-13,栗東 高橋一,402,-2,
202504040402,2025-10-26,新潟,2,2歳未勝利,芝,1400,左,小雨,良,"4回 新潟 4日目 サラ系２歳 未勝利       (混)[指] 馬齢 13頭 本賞金:560,220,140,84,56万円",13,560.0,,1,8,アスミル,,,89.0,80,,13.1,8,10.7,5.0,11.3,5,,,
202504040402,2025-10-26,新潟,2,2歳未勝利,芝,1400,左,小雨,良,"4回 新潟 4日目 サラ系２歳 未勝利       (混)[指] 馬齢 13頭 本賞金:560,220,140,84,56万円",13,560.0,,1,8,アスミル,,,,-,,-,,,,-,-,,,
202504040403,2025-10-26,新潟,3,2歳未勝利,ダ,1800,左,雨,稍,"4回 新潟 4日目 サラ系２歳 未勝利       (混)[指] 馬齢 10頭 本賞金:560,220,140,84,56万円",10,560.0,1,7,7,バトゥカーダ,牡,2,54.0,△柴田裕,113.9,,1,2.7,38.3,2-2-2-2,栗東 安達,488,4,
202504040403,2025-10-26,新潟,3,2歳未勝利,ダ,1800,左,雨,稍,"4回 新潟 4日目 サラ系２歳 未勝利       (混)[指] 馬齢 10頭 本賞金:560,220,140,84,56万円",10,560.0,2,4,4,マッドゲイル,牡,2,56.0,鮫島駿,114.5,3.1/2,3,4.5,38.6,5-5-3-3,美浦 上原佑,448,0,
202504040403,2025-10-26,新潟,3,2歳未勝利,ダ,1800,左,雨,稍,"4回 新潟 4日目 サラ系２歳 未勝利       (混)[指] 馬齢 10頭 本賞金:560,220,140,84,56万円",10,560.0,3,5,5,ユニゾン,牡,2,56.0,丹内,114.6,1/2,2,3.5,38.1,9-9-9-8,美浦 菊川,450,-6,
202504040403,2025-10-26,新潟,3,2歳未勝利,ダ,1800,左,雨,稍,"4回 新潟 4日目 サラ系２歳 未勝利       (混)[指] 馬齢 10頭 本賞金:560,220,140,84,56万円",10,560.0,4,6,6,カナタコナタ,牡,2,56.0,杉原,114.9,2,4,4.7,39.0,3-3-3-3,栗東 高橋一,488,4,
202504040403,2025-10-26,新潟,3,2歳未勝利,ダ,1800,左,雨,稍,"4回 新潟 4日目 サラ系２歳 未勝利       (混)[指] 馬齢 10頭 本賞金:560,220,140,84,56万円",10,560.0,5,8,9,サンライズアーサー,牡,2,56.0,小沢,115.3,2,6,23.5,39.3,4-4-3-3,栗東 前川,492,2,
202504040403,2025-10-26,新潟,3,2歳未勝利,ダ,1800,左,雨,稍,"4回 新潟 4日目 サラ系２歳 未勝利       (混)[指] 馬齢 10頭 本賞金:560,220,140,84,56万円",10,560.0,6,7,8,スノースコール,牡,2,56.0,斎藤,115.8,3.1/2,5,13.4,39.6,7-8-7-6,美浦 加藤征,492,-10,
202504040403,2025-10-26,新潟,3,2歳未勝利,ダ,1800,左,雨,稍,"4回 新潟 4日目 サラ系２歳 未勝利       (混)[指] 馬齢 10頭 本賞金:560,220,140,84,56万円",10,560.0,7,8,10,ディープエフェクト,牡,2,56.0,横山琉,116.2,2,8,42.6,40.7,1-1-1-1,美浦 相沢,492,-4,
202504040403,2025-10-26,新潟,3,2歳未勝利,ダ,1800,左,雨,稍,"4回 新潟 4日目 サラ系２歳 未勝利       (混)[指] 馬齢 10頭 本賞金:560,220,140,84,56万円",10,560.0,8,3,3,ディアギレフ,牡,2,55.0,☆西塚,117.2,6,7,34.5,41.1,6-5-6-6,栗東 中村,494,-4,
202504040403,2025-10-26,新潟,3,2歳未勝利,ダ,1800,左,雨,稍,"4回 新潟 4日目 サラ系２歳 未勝利       (混)[指] 馬齢 10頭 本賞金:560,220,140,84,56万円",10,560.0,9,2,2,ビップルーク,牡,2,53.0,▲石田,117.7,3,10,287.4,40.8,10-10-10-10,美浦 嘉藤,480,4,
202504040403,2025-10-26,新潟,3,2歳未勝利,ダ,1800,左,雨,稍,"4回 新潟 4日目 サラ系２歳 未勝利       (混)[指] 馬齢 10頭 本賞金:560,220,140,84,56万円",10,560.0,10,1,1,ユイノディスタンス,牡,2,53.0,▲舟山,118.7,6,9,259.2,42.3,8-5-8-9,美浦 深山,460,0,
202504040403,2025-10-26,新潟,3,2歳未勝利,ダ,1800,左,雨,稍,"4回 新潟 4日目 サラ系２歳 未勝利       (混)[指] 馬齢 10頭 本賞金:560,220,140,84,56万円",10,560.0,,1,7,バトゥカーダ,,,97.0,86,,13.0,6,11.3,3.0,12.8,2,,,
202504040403,2025-10-26,新潟,3,2歳未勝利,ダ,1800,左,雨,稍,"4回 新潟 4日目 サラ系２歳 未勝利       (混)[指] 馬齢 10頭 本賞金:560,220,140,84,56万円",10,560.0,,1,7,バトゥカーダ,,,,-,,-,,,,-,-,,,
202504040404,2025-10-26,新潟,4,3歳以上1勝クラス,芝,1800,左,雨,稍,"4回 新潟 4日目 サラ系３歳以上 １勝クラス       牝[指] 定量 16頭 本賞金:800,320,200,120,80万円",16,800.0,1,8,15,ラブリーリディア,牝,3,54.0,小沢,109.3,,3,6.3,33.8,14-13,栗東 中内田,450,6,
202504040404,2025-10-26,新潟,4,3歳以上1勝クラス,芝,1800,左,雨,稍,"4回 新潟 4日目 サラ系３歳以上 １勝クラス       牝[指] 定量 16頭 本賞金:800,320,200,120,80万円",16,800.0,2,1,2,エアビッグマム,牝,3,53.0,☆西塚,109.4,クビ,5,11.3,34.6,4-4,栗東 笹田,508,-2,
202504040404,2025-10-26,新潟,4,3歳以上1勝クラス,芝,1800,左,雨,稍,"4回 新潟 4日目 サラ系３歳以上 １勝クラス       牝[指] 定量 16頭 本賞金:800,320,200,120,80万円",16,800.0,3,8,16,デイジー,牝,4,56.0,江田照,109.5,1,6,12.2,34.5,6-6,美浦 田中勝,480,4,
202504040404,2025-10-26,新潟,4,3歳以上1勝クラス,芝,1800,左,雨,稍,"4回 新潟 4日目 サラ系３歳以上 １勝クラス       牝[指] 定量 16頭 本賞金:800,320,200,120,80万円",16,800.0,4,5,10,コキーヌ,牝,4,56.0,鮫島駿,109.6,アタマ,9,21.4,34.4,9-9,美浦 堀,450,20,
202504040404,2025-10-26,新潟,4,3歳以上1勝クラス,芝,1800,左,雨,稍,"4回 新潟 4日目 サラ系３歳以上 １勝クラス       牝[指] 定量 16頭 本賞金:800,320,200,120,80万円",16,800.0,5,6,11,シェーンシュティア,牝,3,54.0,杉原,109.7,1,4,10.9,34.3,12-10,美浦 林,470,0,
202504040404,2025-10-26,新潟,4,3歳以上1勝クラス,芝,1800,左,雨,稍,"4回 新潟 4日目 サラ系３歳以上 １勝クラス       牝[指] 定量 16頭 本賞金:800,320,200,120,80万円",16,800.0,6,2,4,メランジェ,牝,3,54.0,横山琉,109.7,クビ,7,17.1,35.2,2-2,美浦 田中剛,452,-2,
202504040404,2025-10-26,新潟,4,3歳以上1勝クラス,芝,1800,左,雨,稍,"4回 新潟 4日目 サラ系３歳以上 １勝クラス       牝[指] 定量 16頭 本賞金:800,320,200,120,80万円",16,800.0,7,5,9,ショウナンラフィネ,牝,3,52.0,◇永島,109.9,1,10,36.6,35.7,1-1,栗東 高野,412,14,
202504040404,2025-10-26,新潟,4,3歳以上1勝クラス,芝,1800,左,雨,稍,"4回 新潟 4日目 サラ系３歳以上 １勝クラス       牝[指] 定量 16頭 本賞金:800,320,200,120,80万円",16,800.0,8,4,8,サンタンドレア,牝,3,54.0,亀田,110.0,1/2,11,52.5,34.3,15-15,栗東 池添,438,-6,
202504040404,2025-10-26,新潟,4,3歳以上1勝クラス,芝,1800,左,雨,稍,"4回 新潟 4日目 サラ系３歳以上 １勝クラス       牝[指] 定量 16頭 本賞金:800,320,200,120,80万円",16,800.0,9,1,1,マジカルワード,牝,5,56.0,中井,110.0,クビ,16,305.2,34.6,11-10,美浦 大竹,448,-4,
202504040404,2025-10-26,新潟,4,3歳以上1勝クラス,芝,1800,左,雨,稍,"4回 新潟 4日目 サラ系３歳以上 １勝クラス       牝[指] 定量 16頭 本賞金:800,320,200,120,80万円",16,800.0,10,3,5,ヴァーナリー,牝,3,51.0,▲舟山,110.1,1/2,8,17.4,35.4,3-3,美浦 古賀,438,18,
202504040404,2025-10-26,新潟,4,3歳以上1勝クラス,芝,1800,左,雨,稍,"4回 新潟 4日目 サラ系３歳以上 １勝クラス       牝[指] 定量 16頭 本賞金:800,320,200,120,80万円",16,800.0,11,7,13,オタルグリーン,牝,4,54.0,△柴田裕,110.1,ハナ,15,138.3,35.0,6-6,栗東 中竹,456,4,
202504040404,2025-10-26,新潟,4,3歳以上1勝クラス,芝,1800,左,雨,稍,"4回 新潟 4日目 サラ系３歳以上 １勝クラス       牝[指] 定量 16頭 本賞金:800,320,200,120,80万円",16,800.0,12,6,12,スペシャルバニー,牝,3,54.0,菊沢,110.2,クビ,13,95.2,34.7,12-13,美浦 田村,410,10,
202504040404,2025-10-26,新潟,4,3歳以上1勝クラス,芝,1800,左,雨,稍,"4回 新潟 4日目 サラ系３歳以上 １勝クラス       牝[指] 定量 16頭 本賞金:800,320,200,120,80万円",16,800.0,13,7,14,サンピアノソナタ,牝,4,53.0,▲和田陽,110.2,クビ,14,102.0,35.3,4-4,美浦 小野,464,4,
202504040404,2025-10-26,新潟,4,3歳以上1勝クラス,芝,1800,左,雨,稍,"4回 新潟 4日目 サラ系３歳以上 １勝クラス       牝[指] 定量 16頭 本賞金:800,320,200,120,80万円",16,800.0,14,4,7,マーゴットレジーナ,牝,3,54.0,斎藤,110.3,クビ,1,2.5,34.5,16-16,栗東 小林,440,4,
202504040404,2025-10-26,新潟,4,3歳以上1勝クラス,芝,1800,左,雨,稍,"4回 新潟 4日目 サラ系３歳以上 １勝クラス       牝[指] 定量 16頭 本賞金:800,320,200,120,80万円",16,800.0,15,2,3,トロピカルティー,牝,4,56.0,丹内,110.3,クビ,2,5.3,35.1,9-10,美浦 林,448,-4,
202504040404,2025-10-26,新潟,4,3歳以上1勝クラス,芝,1800,左,雨,稍,"4回 新潟 4日目 サラ系３歳以上 １勝クラス       牝[指] 定量 16頭 本賞金:800,320,200,120,80万円",16,800.0,16,3,6,アクチノータス,牝,3,51.0,▲古川奈,110.6,1.3/4,12,69.9,35.5,6-6,栗東 矢作,476,8,
202504040404,2025-10-26,新潟,4,3歳以上1勝クラス,芝,1800,左,雨,稍,"4回 新潟 4日目 サラ系３歳以上 １勝クラス       牝[指] 定量 16頭 本賞金:800,320,200,120,80万円",16,800.0,,1,15,ラブリーリディア,,,86.0,76,,13.9,7,11.7,5.0,11.9,3,,,
202504040404,2025-10-26,新潟,4,3歳以上1勝クラス,芝,1800,左,雨,稍,"4回 新潟 4日目 サラ系３歳以上 １勝クラス       牝[指] 定量 16頭 本賞金:800,320,200,120,80万円",16,800.0,,1,15,ラブリーリディア,,,,-,,-,,,,-,-,,,
202504040405,2025-10-26,新潟,5,2歳新馬,芝,1600,左,雨,稍,"4回 新潟 4日目 サラ系２歳 新馬       (混)[指] 馬齢 18頭 本賞金:750,300,190,110,75万円",18,750.0,1,4,8,オーライカモン,牡,2,56.0,亀田,97.7,,7,12.0,33.8,2-2,栗東 田中克,518,0,
202504040405,2025-10-26,新潟,5,2歳新馬,芝,1600,左,雨,稍,"4回 新潟 4日目 サラ系２歳 新馬       (混)[指] 馬齢 18頭 本賞金:750,300,190,110,75万円",18,750.0,2,5,9,アロンソア,牡,2,56.0,川又,98.2,3,5,11.6,33.8,7-6,栗東 牧田,442,0,
202504040405,2025-10-26,新潟,5,2歳新馬,芝,1600,左,雨,稍,"4回 新潟 4日目 サラ系２歳 新馬       (混)[指] 馬齢 18頭 本賞金:750,300,190,110,75万円",18,750.0,3,8,16,アストリル,牝,2,55.0,横山琉,98.5,2,2,5.8,33.9,10-10,美浦 鈴木慎,460,0,
202504040405,2025-10-26,新潟,5,2歳新馬,芝,1600,左,雨,稍,"4回 新潟 4日目 サラ系２歳 新馬       (混)[指] 馬齢 18頭 本賞金:750,300,190,110,75万円",18,750.0,4,2,3,エコロアビス,牝,2,52.0,▲古川奈,98.6,3/4,9,21.8,34.5,6-6,栗東 牧浦,466,0,
202504040405,2025-10-26,新潟,5,2歳新馬,芝,1600,左,雨,稍,"4回 新潟 4日目 サラ系２歳 新馬       (混)[指] 馬齢 18頭 本賞金:750,300,190,110,75万円",18,750.0,5,6,12,ムーンリットビーチ,牝,2,55.0,小沢,98.8,3/4,8,15.0,34.7,3-3,栗東 西園翔,434,0,
202504040405,2025-10-26,新潟,5,2歳新馬,芝,1600,左,雨,稍,"4回 新潟 4日目 サラ系２歳 新馬       (混)[指] 馬齢 18頭 本賞金:750,300,190,110,75万円",18,750.0,6,1,2,マイエラ,牡,2,56.0,菊沢,99.1,1.3/4,14,66.8,35.3,1-1,美浦 蛯名正,468,0,
202504040405,2025-10-26,新潟,5,2歳新馬,芝,1600,左,雨,稍,"4回 新潟 4日目 サラ系２歳 新馬       (混)[指] 馬齢 18頭 本賞金:750,300,190,110,75万円",18,750.0,7,7,14,ルンベーラ,牝,2,55.0,吉田隼,99.1,ハナ,4,11.5,34.0,16-16,美浦 菊川,458,0,
202504040405,2025-10-26,新潟,5,2歳新馬,芝,1600,左,雨,稍,"4回 新潟 4日目 サラ系２歳 新馬       (混)[指] 馬齢 18頭 本賞金:750,300,190,110,75万円",18,750.0,8,1,1,グランフルス,牡,2,56.0,野中,99.1,クビ,16,101.9,35.0,3-3,美浦 矢野,466,0,
202504040405,2025-10-26,新潟,5,2歳新馬,芝,1600,左,雨,稍,"4回 新潟 4日目 サラ系２歳 新馬       (混)[指] 馬齢 18頭 本賞金:750,300,190,110,75万円",18,750.0,9,7,15,ブルーハーツ,牡,2,56.0,武藤,99.3,1,10,27.4,34.4,12-12,美浦 勢司,478,0,
202504040405,2025-10-26,新潟,5,2歳新馬,芝,1600,左,雨,稍,"4回 新潟 4日目 サラ系２歳 新馬       (混)[指] 馬齢 18頭 本賞金:750,300,190,110,75万円",18,750.0,10,4,7,ノーブルクロンヌ,牝,2,55.0,丹内,99.4,1/2,11,28.8,34.8,10-10,美浦 高柳瑞,444,0,
202504040405,2025-10-26,新潟,5,2歳新馬,芝,1600,左,雨,稍,"4回 新潟 4日目 サラ系２歳 新馬       (混)[指] 馬齢 18頭 本賞金:750,300,190,110,75万円",18,750.0,11,3,5,セブンワンダーズ,牡,2,56.0,富田,99.4,クビ,13,57.1,34.9,9-9,美浦 斎藤誠,472,0,
202504040405,2025-10-26,新潟,5,2歳新馬,芝,1600,左,雨,稍,"4回 新潟 4日目 サラ系２歳 新馬       (混)[指] 馬齢 18頭 本賞金:750,300,190,110,75万円",18,750.0,12,5,10,ルージュルガーノ,牝,2,55.0,古川吉,99.5,3/4,1,3.0,35.5,3-3,栗東 昆,450,0,
202504040405,2025-10-26,新潟,5,2歳新馬,芝,1600,左,雨,稍,"4回 新潟 4日目 サラ系２歳 新馬       (混)[指] 馬齢 18頭 本賞金:750,300,190,110,75万円",18,750.0,13,8,18,アイビーキラリ,牝,2,55.0,杉原,99.5,アタマ,15,93.5,34.5,14-14,美浦 青木,440,0,
202504040405,2025-10-26,新潟,5,2歳新馬,芝,1600,左,雨,稍,"4回 新潟 4日目 サラ系２歳 新馬       (混)[指] 馬齢 18頭 本賞金:750,300,190,110,75万円",18,750.0,14,2,4,コスモシュンライ,牝,2,55.0,丸山,99.7,1,17,148.1,35.3,7-6,美浦 稲垣,448,0,
202504040405,2025-10-26,新潟,5,2歳新馬,芝,1600,左,雨,稍,"4回 新潟 4日目 サラ系２歳 新馬       (混)[指] 馬齢 18頭 本賞金:750,300,190,110,75万円",18,750.0,15,8,17,イザショウブ,牡,2,56.0,斎藤,100.1,2.1/2,3,7.4,34.9,14-14,栗東 高橋亮,478,0,
202504040405,2025-10-26,新潟,5,2歳新馬,芝,1600,左,雨,稍,"4回 新潟 4日目 サラ系２歳 新馬       (混)[指] 馬齢 18頭 本賞金:750,300,190,110,75万円",18,750.0,16,6,11,モンサンヴェロニカ,牝,2,53.0,◇今村,100.3,1.1/4,6,11.9,34.8,16-16,栗東 平田,476,0,
202504040405,2025-10-26,新潟,5,2歳新馬,芝,1600,左,雨,稍,"4回 新潟 4日目 サラ系２歳 新馬       (混)[指] 馬齢 18頭 本賞金:750,300,190,110,75万円",18,750.0,17,7,13,オパールテソーロ,牝,2,52.0,▲和田陽,102.6,大,18,188.0,35.5,18-18,美浦 高橋文,418,0,
202504040405,2025-10-26,新潟,5,2歳新馬,芝,1600,左,雨,稍,"4回 新潟 4日目 サラ系２歳 新馬       (混)[指] 馬齢 18頭 本賞金:750,300,190,110,75万円",18,750.0,18,3,6,ダイメイミラクル,牡,2,56.0,藤懸,102.9,1.1/2,12,35.1,37.8,12-12,栗東 本田,518,0,
202504040405,2025-10-26,新潟,5,2歳新馬,芝,1600,左,雨,稍,"4回 新潟 4日目 サラ系２歳 新馬       (混)[指] 馬齢 18頭 本賞金:750,300,190,110,75万円",18,750.0,,1,8,オーライカモン,,,93.0,73,,13.0,6,11.9,5.0,12.8,2,,,
202504040405,2025-10-26,新潟,5,2歳新馬,芝,1600,左,雨,稍,"4回 新潟 4日目 サラ系２歳 新馬       (混)[指] 馬齢 18頭 本賞金:750,300,190,110,75万円",18,750.0,,1,8,オーライカモン,,,,-,,-,,,,-,-,,,
202504040406,2025-10-26,新潟,6,3歳以上1勝クラス,ダ,1200,左,雨,稍,"4回 新潟 4日目 サラ系３歳以上 １勝クラス       見習騎手 定量 13頭 本賞金:800,320,200,120,80万円",13,800.0,1,7,10,セレジェイラ,牝,3,55.0,亀田,70.8,,2,3.6,35.6,5-3,栗東 西村,476,-2,
202504040406,2025-10-26,新潟,6,3歳以上1勝クラス,ダ,1200,左,雨,稍,"4回 新潟 4日目 サラ系３歳以上 １勝クラス       見習騎手 定量 13頭 本賞金:800,320,200,120,80万円",13,800.0,2,6,9,ビーコング,牡,4,56.0,◇永島,71.5,4,1,2.5,36.8,2-1,美浦 小手川,510,10,
202504040406,2025-10-26,新潟,6,3歳以上1勝クラス,ダ,1200,左,雨,稍,"4回 新潟 4日目 サラ系３歳以上 １勝クラス       見習騎手 定量 13頭 本賞金:800,320,200,120,80万円",13,800.0,3,7,11,ノビル,牝,4,53.0,▲川端,71.5,クビ,7,23.0,36.5,3-3,栗東 鈴木孝,436,-2,
202504040406,2025-10-26,新潟,6,3歳以上1勝クラス,ダ,1200,左,雨,稍,"4回 新潟 4日目 サラ系３歳以上 １勝クラス       見習騎手 定量 13頭 本賞金:800,320,200,120,80万円",13,800.0,4,2,2,タイセイピューマ,牡,4,55.0,▲石田,72.0,3,5,13.3,36.1,11-11,美浦 新開,494,14,
202504040406,2025-10-26,新潟,6,3歳以上1勝クラス,ダ,1200,左,雨,稍,"4回 新潟 4日目 サラ系３歳以上 １勝クラス       見習騎手 定量 13頭 本賞金:800,320,200,120,80万円",13,800.0,5,5,6,サンロレンツォ,牝,4,54.0,△柴田裕,72.0,アタマ,6,21.1,36.0,11-11,美浦 武藤,510,-4,
202504040406,2025-10-26,新潟,6,3歳以上1勝クラス,ダ,1200,左,雨,稍,"4回 新潟 4日目 サラ系３歳以上 １勝クラス       見習騎手 定量 13頭 本賞金:800,320,200,120,80万円",13,800.0,6,3,3,ナムラペルル,牝,3,52.0,▲舟山,72.1,クビ,3,4.0,36.4,9-9,美浦 石栗,476,6,
202504040406,2025-10-26,新潟,6,3歳以上1勝クラス,ダ,1200,左,雨,稍,"4回 新潟 4日目 サラ系３歳以上 １勝クラス       見習騎手 定量 13頭 本賞金:800,320,200,120,80万円",13,800.0,7,8,12,ワンウェイトゥヘル,牡,3,57.0,小沢,72.6,3,4,8.7,37.1,7-6,栗東 中村,464,6,
202504040406,2025-10-26,新潟,6,3歳以上1勝クラス,ダ,1200,左,雨,稍,"4回 新潟 4日目 サラ系３歳以上 １勝クラス       見習騎手 定量 13頭 本賞金:800,320,200,120,80万円",13,800.0,8,4,4,アルマーレシチー,セ,4,55.0,▲上里,72.8,3/4,11,196.4,37.4,6-6,美浦 上原博,548,1,
202504040406,2025-10-26,新潟,6,3歳以上1勝クラス,ダ,1200,左,雨,稍,"4回 新潟 4日目 サラ系３歳以上 １勝クラス       見習騎手 定量 13頭 本賞金:800,320,200,120,80万円",13,800.0,9,6,8,グランパリッシュ,牝,4,53.0,▲大久保,72.8,ハナ,10,131.1,37.3,7-8,栗東 畑端,454,0,
202504040406,2025-10-26,新潟,6,3歳以上1勝クラス,ダ,1200,左,雨,稍,"4回 新潟 4日目 サラ系３歳以上 １勝クラス       見習騎手 定量 13頭 本賞金:800,320,200,120,80万円",13,800.0,10,8,13,シンガソング,牝,3,52.0,▲石神道,73.3,3,8,41.5,38.3,3-3,美浦 土田,430,0,
202504040406,2025-10-26,新潟,6,3歳以上1勝クラス,ダ,1200,左,雨,稍,"4回 新潟 4日目 サラ系３歳以上 １勝クラス       見習騎手 定量 13頭 本賞金:800,320,200,120,80万円",13,800.0,11,4,5,ジャーニーメモリー,牡,5,55.0,▲森田,74.0,4,13,456.8,38.3,9-9,美浦 粕谷,470,0,
202504040406,2025-10-26,新潟,6,3歳以上1勝クラス,ダ,1200,左,雨,稍,"4回 新潟 4日目 サラ系３歳以上 １勝クラス       見習騎手 定量 13頭 本賞金:800,320,200,120,80万円",13,800.0,12,1,1,アイファーリーベン,牝,6,54.0,△鷲頭,74.2,3/4,12,430.6,37.2,13-13,美浦 的場,466,4,
202504040406,2025-10-26,新潟,6,3歳以上1勝クラス,ダ,1200,左,雨,稍,"4回 新潟 4日目 サラ系３歳以上 １勝クラス       見習騎手 定量 13頭 本賞金:800,320,200,120,80万円",13,800.0,13,5,7,エコロブレス,牡,4,54.0,★河原田,74.5,2,9,87.9,39.8,1-2,栗東 笹田,470,-4,
202504040406,2025-10-26,新潟,6,3歳以上1勝クラス,ダ,1200,左,雨,稍,"4回 新潟 4日目 サラ系３歳以上 １勝クラス       見習騎手 定量 13頭 本賞金:800,320,200,120,80万円",13,800.0,,1,10,セレジェイラ,,,91.0,87,,12.6,6,11.0,4.0,11.6,3,,,
202504040406,2025-10-26,新潟,6,3歳以上1勝クラス,ダ,1200,左,雨,稍,"4回 新潟 4日目 サラ系３歳以上 １勝クラス       見習騎手 定量 13頭 本賞金:800,320,200,120,80万円",13,800.0,,1,10,セレジェイラ,,,,-,,-,,,,-,-,,,
202504040407,2025-10-26,新潟,7,3歳以上1勝クラス,芝,2000,左,雨,稍,"4回 新潟 4日目 サラ系３歳以上 １勝クラス       (混)[指] 定量 15頭 本賞金:800,320,200,120,80万円",15,800.0,1,8,14,ディヴァインスター,牡,3,56.0,丹内,121.5,,1,4.5,34.5,3-3,美浦 林,484,4,
202504040407,2025-10-26,新潟,7,3歳以上1勝クラス,芝,2000,左,雨,稍,"4回 新潟 4日目 サラ系３歳以上 １勝クラス       (混)[指] 定量 15頭 本賞金:800,320,200,120,80万円",15,800.0,2,6,11,レベルスルール,牡,3,55.0,☆松本,121.6,1,3,5.7,34.4,6-5,栗東 池江,504,0,
202504040407,2025-10-26,新潟,7,3歳以上1勝クラス,芝,2000,左,雨,稍,"4回 新潟 4日目 サラ系３歳以上 １勝クラス       (混)[指] 定量 15頭 本賞金:800,320,200,120,80万円",15,800.0,3,2,2,ダノンジャイアン,牡,3,56.0,斎藤,121.7,クビ,7,13.6,34.6,3-3,栗東 茶木,446,-4,
202504040407,2025-10-26,新潟,7,3歳以上1勝クラス,芝,2000,左,雨,稍,"4回 新潟 4日目 サラ系３歳以上 １勝クラス       (混)[指] 定量 15頭 本賞金:800,320,200,120,80万円",15,800.0,4,1,1,ヤエギリ,牝,3,54.0,小沢,121.7,クビ,4,6.2,34.9,1-1,栗東 福永,476,8,
202504040407,2025-10-26,新潟,7,3歳以上1勝クラス,芝,2000,左,雨,稍,"4回 新潟 4日目 サラ系３歳以上 １勝クラス       (混)[指] 定量 15頭 本賞金:800,320,200,120,80万円",15,800.0,5,4,6,スワローサプライズ,牝,3,51.0,▲和田陽,121.9,1,9,22.7,35.0,2-2,栗東 杉山晴,462,8,
202504040407,2025-10-26,新潟,7,3歳以上1勝クラス,芝,2000,左,雨,稍,"4回 新潟 4日目 サラ系３歳以上 １勝クラス       (混)[指] 定量 15頭 本賞金:800,320,200,120,80万円",15,800.0,6,7,12,メイショウキンタイ,牡,3,53.0,▲石神道,121.9,アタマ,5,7.1,34.1,12-13,栗東 高橋亮,478,4,
202504040407,2025-10-26,新潟,7,3歳以上1勝クラス,芝,2000,左,雨,稍,"4回 新潟 4日目 サラ系３歳以上 １勝クラス       (混)[指] 定量 15頭 本賞金:800,320,200,120,80万円",15,800.0,7,3,4,コスモレオナルド,牡,4,58.0,杉原,122.0,3/4,6,12.8,34.8,5-5,美浦 鹿戸,472,6,
202504040407,2025-10-26,新潟,7,3歳以上1勝クラス,芝,2000,左,雨,稍,"4回 新潟 4日目 サラ系３歳以上 １勝クラス       (混)[指] 定量 15頭 本賞金:800,320,200,120,80万円",15,800.0,8,6,10,ウールデュボヌール,牡,4,55.0,▲大久保,122.1,3/4,11,36.9,34.7,8-7,栗東 須貝,490,-8,
202504040407,2025-10-26,新潟,7,3歳以上1勝クラス,芝,2000,左,雨,稍,"4回 新潟 4日目 サラ系３歳以上 １勝クラス       (混)[指] 定量 15頭 本賞金:800,320,200,120,80万円",15,800.0,9,4,7,ホウオウレイヴン,セ,3,56.0,鮫島駿,122.1,ハナ,2,5.2,34.5,10-10,栗東 矢作,452,-4,
202504040407,2025-10-26,新潟,7,3歳以上1勝クラス,芝,2000,左,雨,稍,"4回 新潟 4日目 サラ系３歳以上 １勝クラス       (混)[指] 定量 15頭 本賞金:800,320,200,120,80万円",15,800.0,10,3,5,コスモアチーブ,牡,3,56.0,野中,122.1,アタマ,8,16.6,34.7,8-7,美浦 相沢,478,8,
202504040407,2025-10-26,新潟,7,3歳以上1勝クラス,芝,2000,左,雨,稍,"4回 新潟 4日目 サラ系３歳以上 １勝クラス       (混)[指] 定量 15頭 本賞金:800,320,200,120,80万円",15,800.0,11,8,15,イサムダイヤモンド,牡,3,56.0,横山琉,122.3,1,10,26.5,34.3,15-15,美浦 高橋文,464,-2,
202504040407,2025-10-26,新潟,7,3歳以上1勝クラス,芝,2000,左,雨,稍,"4回 新潟 4日目 サラ系３歳以上 １勝クラス       (混)[指] 定量 15頭 本賞金:800,320,200,120,80万円",15,800.0,12,5,9,コイヌール,牡,4,55.0,▲舟山,122.5,1,15,122.6,34.8,10-10,美浦 柄崎,492,4,
202504040407,2025-10-26,新潟,7,3歳以上1勝クラス,芝,2000,左,雨,稍,"4回 新潟 4日目 サラ系３歳以上 １勝クラス       (混)[指] 定量 15頭 本賞金:800,320,200,120,80万円",15,800.0,13,7,13,トーマステソーロ,牡,4,58.0,古川吉,123.0,3.1/2,13,88.5,35.1,12-14,栗東 昆,460,-8,
202504040407,2025-10-26,新潟,7,3歳以上1勝クラス,芝,2000,左,雨,稍,"4回 新潟 4日目 サラ系３歳以上 １勝クラス       (混)[指] 定量 15頭 本賞金:800,320,200,120,80万円",15,800.0,14,2,3,メイショウアゴナス,牡,3,56.0,中井,123.7,4,14,108.7,36.3,6-7,栗東 本田,472,-4,
202504040407,2025-10-26,新潟,7,3歳以上1勝クラス,芝,2000,左,雨,稍,"4回 新潟 4日目 サラ系３歳以上 １勝クラス       (混)[指] 定量 15頭 本賞金:800,320,200,120,80万円",15,800.0,15,5,8,アスクメークシェア,牡,5,55.0,▲古川奈,124.8,7,12,48.4,37.1,12-10,栗東 前川,496,0,
202504040407,2025-10-26,新潟,7,3歳以上1勝クラス,芝,2000,左,雨,稍,"4回 新潟 4日目 サラ系３歳以上 １勝クラス       (混)[指] 定量 15頭 本賞金:800,320,200,120,80万円",15,800.0,,1,14,ディヴァインスター,,,90.0,95,,13.5,11,11.4,9.0,11.6,6,,,
202504040407,2025-10-26,新潟,7,3歳以上1勝クラス,芝,2000,左,雨,稍,"4回 新潟 4日目 サラ系３歳以上 １勝クラス       (混)[指] 定量 15頭 本賞金:800,320,200,120,80万円",15,800.0,,1,14,ディヴァインスター,,,,-,,-,,,,-,-,,,
202504040408,2025-10-26,新潟,8,3歳以上1勝クラス,ダ,1800,左,雨,稍,"4回 新潟 4日目 サラ系３歳以上 １勝クラス       [指] 定量 12頭 本賞金:800,320,200,120,80万円",12,800.0,1,6,8,テーオーマルコーニ,牡,3,56.0,丹内,112.3,,1,1.6,37.5,4-4-3-2,栗東 奥村豊,496,8,
202504040408,2025-10-26,新潟,8,3歳以上1勝クラス,ダ,1800,左,雨,稍,"4回 新潟 4日目 サラ系３歳以上 １勝クラス       [指] 定量 12頭 本賞金:800,320,200,120,80万円",12,800.0,2,7,10,ラマンシュ,牡,3,56.0,斎藤,113.4,7,11,64.6,38.0,9-9-7-7,栗東 杉山佳,414,10,
202504040408,2025-10-26,新潟,8,3歳以上1勝クラス,ダ,1800,左,雨,稍,"4回 新潟 4日目 サラ系３歳以上 １勝クラス       [指] 定量 12頭 本賞金:800,320,200,120,80万円",12,800.0,3,6,7,ピストルスター,牡,3,56.0,太宰,113.6,1.1/2,5,15.1,38.8,3-2-3-2,栗東 高橋亮,498,-4,
202504040408,2025-10-26,新潟,8,3歳以上1勝クラス,ダ,1800,左,雨,稍,"4回 新潟 4日目 サラ系３歳以上 １勝クラス       [指] 定量 12頭 本賞金:800,320,200,120,80万円",12,800.0,4,1,1,ショウナンサエッタ,牡,3,56.0,丸山,113.7,1/2,6,15.4,38.7,4-4-5-5,栗東 渡辺,526,0,
202504040408,2025-10-26,新潟,8,3歳以上1勝クラス,ダ,1800,左,雨,稍,"4回 新潟 4日目 サラ系３歳以上 １勝クラス       [指] 定量 12頭 本賞金:800,320,200,120,80万円",12,800.0,5,5,5,エポカリーナ,牡,3,56.0,古川吉,113.8,クビ,10,63.7,38.0,11-11-12-12,美浦 土田,450,-6,
202504040408,2025-10-26,新潟,8,3歳以上1勝クラス,ダ,1800,左,雨,稍,"4回 新潟 4日目 サラ系３歳以上 １勝クラス       [指] 定量 12頭 本賞金:800,320,200,120,80万円",12,800.0,6,3,3,シャンハイナイト,牝,3,54.0,江田照,114.2,2.1/2,4,12.7,39.5,2-2-2-1,美浦 村田,488,6,
202504040408,2025-10-26,新潟,8,3歳以上1勝クラス,ダ,1800,左,雨,稍,"4回 新潟 4日目 サラ系３歳以上 １勝クラス       [指] 定量 12頭 本賞金:800,320,200,120,80万円",12,800.0,7,5,6,パッカパッカブー,セ,4,58.0,杉原,114.5,1.3/4,7,45.8,39.0,12-12-9-9,美浦 堀内,488,6,
202504040408,2025-10-26,新潟,8,3歳以上1勝クラス,ダ,1800,左,雨,稍,"4回 新潟 4日目 サラ系３歳以上 １勝クラス       [指] 定量 12頭 本賞金:800,320,200,120,80万円",12,800.0,8,2,2,ロジリッキー,牡,3,53.0,▲舟山,114.5,クビ,9,54.3,39.0,6-6-9-9,美浦 国枝,490,2,
202504040408,2025-10-26,新潟,8,3歳以上1勝クラス,ダ,1800,左,雨,稍,"4回 新潟 4日目 サラ系３歳以上 １勝クラス       [指] 定量 12頭 本賞金:800,320,200,120,80万円",12,800.0,9,4,4,ロミヒ,牝,3,51.0,▲石神道,114.6,クビ,3,10.5,39.5,6-6-6-6,美浦 伊藤圭,502,-6,
202504040408,2025-10-26,新潟,8,3歳以上1勝クラス,ダ,1800,左,雨,稍,"4回 新潟 4日目 サラ系３歳以上 １勝クラス       [指] 定量 12頭 本賞金:800,320,200,120,80万円",12,800.0,10,8,11,バースライト,牡,3,56.0,鮫島駿,115.0,2.1/2,2,4.4,39.7,8-8-7-8,栗東 武幸,508,-6,
202504040408,2025-10-26,新潟,8,3歳以上1勝クラス,ダ,1800,左,雨,稍,"4回 新潟 4日目 サラ系３歳以上 １勝クラス       [指] 定量 12頭 本賞金:800,320,200,120,80万円",12,800.0,11,8,12,オウケンヴィーナス,牝,4,56.0,木幡育,115.0,クビ,12,190.1,39.4,10-9-9-9,美浦 松永康,404,-4,
202504040408,2025-10-26,新潟,8,3歳以上1勝クラス,ダ,1800,左,雨,稍,"4回 新潟 4日目 サラ系３歳以上 １勝クラス       [指] 定量 12頭 本賞金:800,320,200,120,80万円",12,800.0,12,7,9,ブリスフル,牡,4,58.0,菊沢,115.2,3/4,8,46.7,40.5,1-1-1-2,美浦 武市,498,4,
202504040408,2025-10-26,新潟,8,3歳以上1勝クラス,ダ,1800,左,雨,稍,"4回 新潟 4日目 サラ系３歳以上 １勝クラス       [指] 定量 12頭 本賞金:800,320,200,120,80万円",12,800.0,,1,8,テーオーマルコーニ,,,95.0,93,,13.2,5,11.5,2.0,12.2,2,,,
202504040408,2025-10-26,新潟,8,3歳以上1勝クラス,ダ,1800,左,雨,稍,"4回 新潟 4日目 サラ系３歳以上 １勝クラス       [指] 定量 12頭 本賞金:800,320,200,120,80万円",12,800.0,,1,8,テーオーマルコーニ,,,,-,,-,,,,-,-,,,
202504040409,2025-10-26,新潟,9,柏崎特別,芝,1600,左,雨,稍,"4回 新潟 4日目 サラ系３歳以上 １勝クラス       [指] 定量 14頭 本賞金:1110,440,280,170,111万円",14,1110.0,1,6,9,ジャズ,牡,4,58.0,吉田隼,94.8,,4,6.3,34.9,4-4,栗東 辻野,482,6,
202504040409,2025-10-26,新潟,9,柏崎特別,芝,1600,左,雨,稍,"4回 新潟 4日目 サラ系３歳以上 １勝クラス       [指] 定量 14頭 本賞金:1110,440,280,170,111万円",14,1110.0,2,6,10,ベストシーン,牡,3,56.0,丸山,94.9,1/2,2,4.8,34.5,8-9,美浦 手塚久,470,0,
202504040409,2025-10-26,新潟,9,柏崎特別,芝,1600,左,雨,稍,"4回 新潟 4日目 サラ系３歳以上 １勝クラス       [指] 定量 14頭 本賞金:1110,440,280,170,111万円",14,1110.0,3,4,6,グレゴリオ,牡,3,56.0,杉原,94.9,クビ,1,3.9,34.8,7-7,美浦 木村,504,-2,
202504040409,2025-10-26,新潟,9,柏崎特別,芝,1600,左,雨,稍,"4回 新潟 4日目 サラ系３歳以上 １勝クラス       [指] 定量 14頭 本賞金:1110,440,280,170,111万円",14,1110.0,4,8,13,ダノンブランニュー,牡,3,56.0,松本,95.1,1,5,12.0,34.5,11-11,栗東 福永,492,8,
202504040409,2025-10-26,新潟,9,柏崎特別,芝,1600,左,雨,稍,"4回 新潟 4日目 サラ系３歳以上 １勝クラス       [指] 定量 14頭 本賞金:1110,440,280,170,111万円",14,1110.0,5,7,12,アンダーザライト,牡,3,56.0,野中,95.1,アタマ,3,6.1,34.9,10-8,美浦 宮田,528,-4,
202504040409,2025-10-26,新潟,9,柏崎特別,芝,1600,左,雨,稍,"4回 新潟 4日目 サラ系３歳以上 １勝クラス       [指] 定量 14頭 本賞金:1110,440,280,170,111万円",14,1110.0,6,5,7,オベイユアマスター,セ,4,58.0,古川吉,95.4,1.3/4,8,18.7,34.8,11-11,栗東 昆,444,2,
202504040409,2025-10-26,新潟,9,柏崎特別,芝,1600,左,雨,稍,"4回 新潟 4日目 サラ系３歳以上 １勝クラス       [指] 定量 14頭 本賞金:1110,440,280,170,111万円",14,1110.0,7,3,3,マリーヌ,牝,3,54.0,亀田,95.7,1.3/4,10,22.1,35.5,8-9,栗東 斉藤崇,492,12,
202504040409,2025-10-26,新潟,9,柏崎特別,芝,1600,左,雨,稍,"4回 新潟 4日目 サラ系３歳以上 １勝クラス       [指] 定量 14頭 本賞金:1110,440,280,170,111万円",14,1110.0,8,8,14,ヤコブセン,牡,3,56.0,斎藤,96.1,2.1/2,9,19.6,34.7,14-14,美浦 斎藤誠,512,2,
202504040409,2025-10-26,新潟,9,柏崎特別,芝,1600,左,雨,稍,"4回 新潟 4日目 サラ系３歳以上 １勝クラス       [指] 定量 14頭 本賞金:1110,440,280,170,111万円",14,1110.0,9,3,4,ブドワールドール,牝,3,54.0,丹内,96.1,ハナ,11,22.1,36.2,4-4,美浦 西田,450,4,
202504040409,2025-10-26,新潟,9,柏崎特別,芝,1600,左,雨,稍,"4回 新潟 4日目 サラ系３歳以上 １勝クラス       [指] 定量 14頭 本賞金:1110,440,280,170,111万円",14,1110.0,10,2,2,カウンティフェア,牝,3,54.0,永島,96.1,クビ,6,13.0,36.5,2-2,栗東 高野,452,-2,
202504040409,2025-10-26,新潟,9,柏崎特別,芝,1600,左,雨,稍,"4回 新潟 4日目 サラ系３歳以上 １勝クラス       [指] 定量 14頭 本賞金:1110,440,280,170,111万円",14,1110.0,11,7,11,ウインオーブ,牡,4,58.0,国分優,96.3,1.1/4,14,224.0,36.6,2-3,栗東 宮本,460,-12,
202504040409,2025-10-26,新潟,9,柏崎特別,芝,1600,左,雨,稍,"4回 新潟 4日目 サラ系３歳以上 １勝クラス       [指] 定量 14頭 本賞金:1110,440,280,170,111万円",14,1110.0,12,4,5,クイーンズワーフ,牝,4,56.0,菊沢,96.4,3/4,7,18.3,36.5,4-4,美浦 青木,458,2,
202504040409,2025-10-26,新潟,9,柏崎特別,芝,1600,左,雨,稍,"4回 新潟 4日目 サラ系３歳以上 １勝クラス       [指] 定量 14頭 本賞金:1110,440,280,170,111万円",14,1110.0,13,1,1,パルメリータ,牝,5,56.0,富田,96.7,1.1/2,13,42.6,37.1,1-1,栗東 西園正,500,6,
202504040409,2025-10-26,新潟,9,柏崎特別,芝,1600,左,雨,稍,"4回 新潟 4日目 サラ系３歳以上 １勝クラス       [指] 定量 14頭 本賞金:1110,440,280,170,111万円",14,1110.0,14,5,8,ウインファヴォリ,セ,3,56.0,黛,96.9,1.1/4,12,29.6,36.1,11-11,美浦 栗田,492,14,
202504040409,2025-10-26,新潟,9,柏崎特別,芝,1600,左,雨,稍,"4回 新潟 4日目 サラ系３歳以上 １勝クラス       [指] 定量 14頭 本賞金:1110,440,280,170,111万円",14,1110.0,,1,9,ジャズ,,,99.0,100,,12.9,9,11.1,6.0,11.7,3,,,
202504040409,2025-10-26,新潟,9,柏崎特別,芝,1600,左,雨,稍,"4回 新潟 4日目 サラ系３歳以上 １勝クラス       [指] 定量 14頭 本賞金:1110,440,280,170,111万円",14,1110.0,,1,9,ジャズ,,,,-,,-,,,,-,-,,,
202504040410,2025-10-26,新潟,10,村上特別,芝,2000,左,雨,稍,"4回 新潟 4日目 サラ系３歳以上 ２勝クラス       (混)(特指) 定量 16頭 本賞金:1550,620,390,230,155万円",16,1550.0,1,5,9,マイネルオーシャン,牡,4,58.0,国分恭,120.4,,6,10.0,35.1,6-6,美浦 鹿戸,472,-2,
202504040410,2025-10-26,新潟,10,村上特別,芝,2000,左,雨,稍,"4回 新潟 4日目 サラ系３歳以上 ２勝クラス       (混)(特指) 定量 16頭 本賞金:1550,620,390,230,155万円",16,1550.0,2,1,2,パッションリッチ,牡,3,56.0,斎藤,120.5,1,3,5.0,35.3,4-4,美浦 久保田,486,-4,
202504040410,2025-10-26,新潟,10,村上特別,芝,2000,左,雨,稍,"4回 新潟 4日目 サラ系３歳以上 ２勝クラス       (混)(特指) 定量 16頭 本賞金:1550,620,390,230,155万円",16,1550.0,3,8,16,ウインアクトゥール,牡,4,58.0,黛,121.0,2.1/2,4,7.6,35.4,9-9,美浦 栗田,442,2,
202504040410,2025-10-26,新潟,10,村上特別,芝,2000,左,雨,稍,"4回 新潟 4日目 サラ系３歳以上 ２勝クラス       (混)(特指) 定量 16頭 本賞金:1550,620,390,230,155万円",16,1550.0,4,6,11,ディーガレジェンド,牡,4,58.0,西塚,121.1,1/2,5,9.0,36.1,2-2,栗東 藤原,470,4,
202504040410,2025-10-26,新潟,10,村上特別,芝,2000,左,雨,稍,"4回 新潟 4日目 サラ系３歳以上 ２勝クラス       (混)(特指) 定量 16頭 本賞金:1550,620,390,230,155万円",16,1550.0,5,3,6,シルバープリペット,牡,5,58.0,杉原,121.2,1,15,127.0,35.2,12-12,美浦 松山,474,4,
202504040410,2025-10-26,新潟,10,村上特別,芝,2000,左,雨,稍,"4回 新潟 4日目 サラ系３歳以上 ２勝クラス       (混)(特指) 定量 16頭 本賞金:1550,620,390,230,155万円",16,1550.0,6,2,3,コスモアバンサ,牡,5,58.0,丹内,121.3,1/2,7,23.1,36.5,1-1,美浦 清水英,492,4,
202504040410,2025-10-26,新潟,10,村上特別,芝,2000,左,雨,稍,"4回 新潟 4日目 サラ系３歳以上 ２勝クラス       (混)(特指) 定量 16頭 本賞金:1550,620,390,230,155万円",16,1550.0,7,3,5,バードウォッチャー,牡,4,58.0,吉田隼,121.4,3/4,8,25.0,35.8,9-9,美浦 国枝,484,4,
202504040410,2025-10-26,新潟,10,村上特別,芝,2000,左,雨,稍,"4回 新潟 4日目 サラ系３歳以上 ２勝クラス       (混)(特指) 定量 16頭 本賞金:1550,620,390,230,155万円",16,1550.0,8,2,4,フルレゾン,牝,4,56.0,亀田,121.5,クビ,1,3.8,36.1,7-7,栗東 池添,464,20,
202504040410,2025-10-26,新潟,10,村上特別,芝,2000,左,雨,稍,"4回 新潟 4日目 サラ系３歳以上 ２勝クラス       (混)(特指) 定量 16頭 本賞金:1550,620,390,230,155万円",16,1550.0,9,6,12,カリーニョ,牡,4,58.0,小沢,121.6,1/2,2,4.3,35.4,15-15,栗東 杉山晴,460,-6,
202504040410,2025-10-26,新潟,10,村上特別,芝,2000,左,雨,稍,"4回 新潟 4日目 サラ系３歳以上 ２勝クラス       (混)(特指) 定量 16頭 本賞金:1550,620,390,230,155万円",16,1550.0,10,7,13,マイネルシーマー,牡,6,58.0,菊沢,121.8,1.1/2,12,48.1,35.6,14-14,美浦 青木,480,6,
202504040410,2025-10-26,新潟,10,村上特別,芝,2000,左,雨,稍,"4回 新潟 4日目 サラ系３歳以上 ２勝クラス       (混)(特指) 定量 16頭 本賞金:1550,620,390,230,155万円",16,1550.0,11,4,7,アナレンマ,セ,7,58.0,古川吉,122.0,3/4,14,75.0,36.7,4-4,美浦 中舘,460,0,
202504040410,2025-10-26,新潟,10,村上特別,芝,2000,左,雨,稍,"4回 新潟 4日目 サラ系３歳以上 ２勝クラス       (混)(特指) 定量 16頭 本賞金:1550,620,390,230,155万円",16,1550.0,12,4,8,バルダンツァ,牡,4,58.0,永島,122.0,ハナ,10,42.2,35.3,16-16,美浦 天間,470,18,
202504040410,2025-10-26,新潟,10,村上特別,芝,2000,左,雨,稍,"4回 新潟 4日目 サラ系３歳以上 ２勝クラス       (混)(特指) 定量 16頭 本賞金:1550,620,390,230,155万円",16,1550.0,13,5,10,ルーチェロッサ,牝,5,56.0,横山琉,122.0,アタマ,16,173.7,36.1,12-12,美浦 相沢,470,6,
202504040410,2025-10-26,新潟,10,村上特別,芝,2000,左,雨,稍,"4回 新潟 4日目 サラ系３歳以上 ２勝クラス       (混)(特指) 定量 16頭 本賞金:1550,620,390,230,155万円",16,1550.0,14,1,1,ジェモロジー,牝,5,56.0,国分優,122.1,クビ,13,66.1,37.0,2-2,栗東 橋口,512,14,
202504040410,2025-10-26,新潟,10,村上特別,芝,2000,左,雨,稍,"4回 新潟 4日目 サラ系３歳以上 ２勝クラス       (混)(特指) 定量 16頭 本賞金:1550,620,390,230,155万円",16,1550.0,15,7,14,ドゥレイクパセージ,牡,4,58.0,鮫島駿,122.4,1.3/4,9,38.5,36.9,7-7,美浦 堀,470,-2,
202504040410,2025-10-26,新潟,10,村上特別,芝,2000,左,雨,稍,"4回 新潟 4日目 サラ系３歳以上 ２勝クラス       (混)(特指) 定量 16頭 本賞金:1550,620,390,230,155万円",16,1550.0,16,8,15,アルファヒディ,セ,6,58.0,富田,122.6,1.1/2,11,43.0,36.7,9-11,栗東 石坂,482,2,
202504040410,2025-10-26,新潟,10,村上特別,芝,2000,左,雨,稍,"4回 新潟 4日目 サラ系３歳以上 ２勝クラス       (混)(特指) 定量 16頭 本賞金:1550,620,390,230,155万円",16,1550.0,,1,9,マイネルオーシャン,,,91.0,95,,13.3,9,11.4,8.0,12.1,6,,,
202504040410,2025-10-26,新潟,10,村上特別,芝,2000,左,雨,稍,"4回 新潟 4日目 サラ系３歳以上 ２勝クラス       (混)(特指) 定量 16頭 本賞金:1550,620,390,230,155万円",16,1550.0,,1,9,マイネルオーシャン,,,,-,,-,,,,-,-,,,
202504040411,2025-10-26,新潟,11,ルミエールAD,芝,1000,直線,雨,稍,"4回 新潟 4日目 サラ系３歳以上 オープン       (国際)(特指) ハンデ 17頭 本賞金:2700,1100,680,410,270万円",17,2700.0,1,8,17,イコサン,牡,5,53.0,斎藤,55.3,,2,3.4,33.2,1,栗東 長谷川,498,4,
202504040411,2025-10-26,新潟,11,ルミエールAD,芝,1000,直線,雨,稍,"4回 新潟 4日目 サラ系３歳以上 オープン       (国際)(特指) ハンデ 17頭 本賞金:2700,1100,680,410,270万円",17,2700.0,2,8,15,カルロヴェローチェ,セ,5,57.0,丸山,55.4,1/2,1,3.4,33.2,3,栗東 須貝,502,12,
202504040411,2025-10-26,新潟,11,ルミエールAD,芝,1000,直線,雨,稍,"4回 新潟 4日目 サラ系３歳以上 オープン       (国際)(特指) ハンデ 17頭 本賞金:2700,1100,680,410,270万円",17,2700.0,3,3,5,エコロレジーナ,牝,5,54.0,菊沢,55.8,2.1/2,3,6.6,32.6,13,美浦 菊沢,510,10,
202504040411,2025-10-26,新潟,11,ルミエールAD,芝,1000,直線,雨,稍,"4回 新潟 4日目 サラ系３歳以上 オープン       (国際)(特指) ハンデ 17頭 本賞金:2700,1100,680,410,270万円",17,2700.0,4,2,4,フィオライア,牝,4,54.0,国分恭,55.9,1/2,10,24.5,33.3,6,栗東 西園正,464,0,
202504040411,2025-10-26,新潟,11,ルミエールAD,芝,1000,直線,雨,稍,"4回 新潟 4日目 サラ系３歳以上 オープン       (国際)(特指) ハンデ 17頭 本賞金:2700,1100,680,410,270万円",17,2700.0,5,7,13,リバーラ,牝,5,53.0,丹内,56.0,1/2,5,11.8,33.3,7,美浦 高柳瑞,452,2,
202504040411,2025-10-26,新潟,11,ルミエールAD,芝,1000,直線,雨,稍,"4回 新潟 4日目 サラ系３歳以上 オープン       (国際)(特指) ハンデ 17頭 本賞金:2700,1100,680,410,270万円",17,2700.0,6,4,8,スコーピオン,牡,4,54.0,武藤,56.1,1/2,12,37.9,33.1,11,美浦 武藤,486,6,
202504040411,2025-10-26,新潟,11,ルミエールAD,芝,1000,直線,雨,稍,"4回 新潟 4日目 サラ系３歳以上 オープン       (国際)(特指) ハンデ 17頭 本賞金:2700,1100,680,410,270万円",17,2700.0,7,5,10,ニシノコニャック,牡,6,53.0,西塚,56.2,1/2,8,22.6,32.8,14,美浦 伊藤大,454,2,
202504040411,2025-10-26,新潟,11,ルミエールAD,芝,1000,直線,雨,稍,"4回 新潟 4日目 サラ系３歳以上 オープン       (国際)(特指) ハンデ 17頭 本賞金:2700,1100,680,410,270万円",17,2700.0,8,1,1,クムシラコ,牡,7,56.0,杉原,56.2,クビ,14,64.4,32.5,16,美浦 千葉,470,0,
202504040411,2025-10-26,新潟,11,ルミエールAD,芝,1000,直線,雨,稍,"4回 新潟 4日目 サラ系３歳以上 オープン       (国際)(特指) ハンデ 17頭 本賞金:2700,1100,680,410,270万円",17,2700.0,9,3,6,バグラダス,牡,5,56.0,古川吉,56.2,ハナ,9,24.1,32.7,15,美浦 嘉藤,488,4,
202504040411,2025-10-26,新潟,11,ルミエールAD,芝,1000,直線,雨,稍,"4回 新潟 4日目 サラ系３歳以上 オープン       (国際)(特指) ハンデ 17頭 本賞金:2700,1100,680,410,270万円",17,2700.0,10,5,9,シロン,牝,6,53.0,横山琉,56.2,アタマ,7,19.8,33.8,4,栗東 小栗,526,2,
202504040411,2025-10-26,新潟,11,ルミエールAD,芝,1000,直線,雨,稍,"4回 新潟 4日目 サラ系３歳以上 オープン       (国際)(特指) ハンデ 17頭 本賞金:2700,1100,680,410,270万円",17,2700.0,11,2,3,スリーアイランド,牝,5,53.0,永島,56.4,3/4,15,67.5,33.6,9,栗東 中竹,502,6,
202504040411,2025-10-26,新潟,11,ルミエールAD,芝,1000,直線,雨,稍,"4回 新潟 4日目 サラ系３歳以上 オープン       (国際)(特指) ハンデ 17頭 本賞金:2700,1100,680,410,270万円",17,2700.0,12,6,11,モデルハント,牝,4,49.0,石神道,56.5,1/2,13,61.9,33.8,7,美浦 武藤,456,2,
202504040411,2025-10-26,新潟,11,ルミエールAD,芝,1000,直線,雨,稍,"4回 新潟 4日目 サラ系３歳以上 オープン       (国際)(特指) ハンデ 17頭 本賞金:2700,1100,680,410,270万円",17,2700.0,13,1,2,タツダイヤモンド,牡,5,53.0,的場,56.5,1/2,16,200.2,32.8,16,美浦 的場,478,6,
202504040411,2025-10-26,新潟,11,ルミエールAD,芝,1000,直線,雨,稍,"4回 新潟 4日目 サラ系３歳以上 オープン       (国際)(特指) ハンデ 17頭 本賞金:2700,1100,680,410,270万円",17,2700.0,14,8,16,サウンドアレグリア,牝,4,53.0,富田,56.6,クビ,4,11.6,34.5,1,栗東 武英,504,6,
202504040411,2025-10-26,新潟,11,ルミエールAD,芝,1000,直線,雨,稍,"4回 新潟 4日目 サラ系３歳以上 オープン       (国際)(特指) ハンデ 17頭 本賞金:2700,1100,680,410,270万円",17,2700.0,15,7,14,プルパレイ,セ,6,57.0,中井,56.7,1/2,6,19.4,34.3,4,栗東 須貝,490,-4,
202504040411,2025-10-26,新潟,11,ルミエールAD,芝,1000,直線,雨,稍,"4回 新潟 4日目 サラ系３歳以上 オープン       (国際)(特指) ハンデ 17頭 本賞金:2700,1100,680,410,270万円",17,2700.0,16,6,12,ブーケファロス,牡,5,56.0,鮫島駿,56.7,クビ,11,28.6,33.8,10,美浦 清水英,452,2,
202504040411,2025-10-26,新潟,11,ルミエールAD,芝,1000,直線,雨,稍,"4回 新潟 4日目 サラ系３歳以上 オープン       (国際)(特指) ハンデ 17頭 本賞金:2700,1100,680,410,270万円",17,2700.0,17,4,7,ファロロジー,牝,6,52.0,柴田裕,57.0,2,17,240.6,34.0,11,栗東 安達,472,2,
202504040411,2025-10-26,新潟,11,ルミエールAD,芝,1000,直線,雨,稍,"4回 新潟 4日目 サラ系３歳以上 オープン       (国際)(特指) ハンデ 17頭 本賞金:2700,1100,680,410,270万円",17,2700.0,,1,17,イコサン,,,98.0,95,,11.9,23,10.1,23.0,10.6,23,,,
202504040411,2025-10-26,新潟,11,ルミエールAD,芝,1000,直線,雨,稍,"4回 新潟 4日目 サラ系３歳以上 オープン       (国際)(特指) ハンデ 17頭 本賞金:2700,1100,680,410,270万円",17,2700.0,,1,17,イコサン,,,,-,,-,,,,-,-,,,
202504040412,2025-10-26,新潟,12,3歳以上1勝クラス,ダ,1200,左,雨,重,"4回 新潟 4日目 サラ系３歳以上 １勝クラス       (混)[指] 定量 12頭 本賞金:800,320,200,120,80万円",12,800.0,1,6,8,オトメナシャチョウ,牝,3,55.0,丸山,70.8,,4,6.2,37.0,1-1,栗東 森秀,508,12,
202504040412,2025-10-26,新潟,12,3歳以上1勝クラス,ダ,1200,左,雨,重,"4回 新潟 4日目 サラ系３歳以上 １勝クラス       (混)[指] 定量 12頭 本賞金:800,320,200,120,80万円",12,800.0,2,6,7,ダノンモンテローザ,セ,4,55.0,▲和田陽,71.3,3,1,3.6,37.3,2-2,栗東 茶木,506,6,
202504040412,2025-10-26,新潟,12,3歳以上1勝クラス,ダ,1200,左,雨,重,"4回 新潟 4日目 サラ系３歳以上 １勝クラス       (混)[指] 定量 12頭 本賞金:800,320,200,120,80万円",12,800.0,3,1,1,シルフズミスチーフ,牝,3,55.0,丹内,71.5,3/4,5,8.9,37.3,4-4,栗東 池江,458,4,
202504040412,2025-10-26,新潟,12,3歳以上1勝クラス,ダ,1200,左,雨,重,"4回 新潟 4日目 サラ系３歳以上 １勝クラス       (混)[指] 定量 12頭 本賞金:800,320,200,120,80万円",12,800.0,3,8,11,メイプルギャング,牡,4,56.0,△柴田裕,71.5,3/4,8,20.6,37.5,2-2,栗東 中竹,504,-2,
202504040412,2025-10-26,新潟,12,3歳以上1勝クラス,ダ,1200,左,雨,重,"4回 新潟 4日目 サラ系３歳以上 １勝クラス       (混)[指] 定量 12頭 本賞金:800,320,200,120,80万円",12,800.0,5,3,3,ポンピエ,牡,4,58.0,鮫島駿,71.5,アタマ,2,4.4,36.6,10-9,栗東 西園正,454,4,
202504040412,2025-10-26,新潟,12,3歳以上1勝クラス,ダ,1200,左,雨,重,"4回 新潟 4日目 サラ系３歳以上 １勝クラス       (混)[指] 定量 12頭 本賞金:800,320,200,120,80万円",12,800.0,6,2,2,ベンダバール,牡,4,58.0,国分恭,71.5,クビ,6,13.9,36.4,11-11,栗東 牧浦,480,-8,
202504040412,2025-10-26,新潟,12,3歳以上1勝クラス,ダ,1200,左,雨,重,"4回 新潟 4日目 サラ系３歳以上 １勝クラス       (混)[指] 定量 12頭 本賞金:800,320,200,120,80万円",12,800.0,7,4,4,ヒメカミノイタダキ,牡,6,58.0,菊沢,71.7,1,11,56.4,37.0,9-9,美浦 武市,500,-4,
202504040412,2025-10-26,新潟,12,3歳以上1勝クラス,ダ,1200,左,雨,重,"4回 新潟 4日目 サラ系３歳以上 １勝クラス       (混)[指] 定量 12頭 本賞金:800,320,200,120,80万円",12,800.0,8,7,10,ペッパーミル,牡,4,55.0,▲上里,71.8,1/2,3,4.6,37.4,5-5,美浦 加藤士,510,10,
202504040412,2025-10-26,新潟,12,3歳以上1勝クラス,ダ,1200,左,雨,重,"4回 新潟 4日目 サラ系３歳以上 １勝クラス       (混)[指] 定量 12頭 本賞金:800,320,200,120,80万円",12,800.0,9,5,6,リーサムギニー,牡,4,55.0,▲古川奈,72.0,1,12,74.4,37.4,7-7,栗東 矢作,506,-4,
202504040412,2025-10-26,新潟,12,3歳以上1勝クラス,ダ,1200,左,雨,重,"4回 新潟 4日目 サラ系３歳以上 １勝クラス       (混)[指] 定量 12頭 本賞金:800,320,200,120,80万円",12,800.0,10,7,9,テイエムタワードン,セ,3,57.0,国分優,72.0,アタマ,7,15.6,37.7,5-5,栗東 畑端,514,6,
202504040412,2025-10-26,新潟,12,3歳以上1勝クラス,ダ,1200,左,雨,重,"4回 新潟 4日目 サラ系３歳以上 １勝クラス       (混)[指] 定量 12頭 本賞金:800,320,200,120,80万円",12,800.0,11,8,12,クラウングスタフ,牡,4,58.0,武藤,72.4,2,9,40.4,37.4,11-11,美浦 水野,508,2,
202504040412,2025-10-26,新潟,12,3歳以上1勝クラス,ダ,1200,左,雨,重,"4回 新潟 4日目 サラ系３歳以上 １勝クラス       (混)[指] 定量 12頭 本賞金:800,320,200,120,80万円",12,800.0,12,5,5,テンペストヒロイン,牝,3,55.0,横山琉,73.3,5,10,41.1,38.8,7-7,美浦 堀内,468,2,
202504040412,2025-10-26,新潟,12,3歳以上1勝クラス,ダ,1200,左,雨,重,"4回 新潟 4日目 サラ系３歳以上 １勝クラス       (混)[指] 定量 12頭 本賞金:800,320,200,120,80万円",12,800.0,,1,8,オトメナシャチョウ,,,105.0,106,,11.9,4,10.7,3.0,11.2,1,,,
202504040412,2025-10-26,新潟,12,3歳以上1勝クラス,ダ,1200,左,雨,重,"4回 新潟 4日目 サラ系３歳以上 １勝クラス       (混)[指] 定量 12頭 本賞金:800,320,200,120,80万円",12,800.0,,1,8,オトメナシャチョウ,,,,-,,-,,,,-,-,,,
202505040901,2025-10-26,東京,1,2歳未勝利,ダ,1400,左,小雨,不,"4回 東京 9日目 サラ系２歳 未勝利       (混)[指] 馬齢 14頭 本賞金:560,220,140,84,56万円",14,560.0,1,1,1,エスシーレイジュ,牝,2,55.0,大野,85.5,,3,8.5,36.1,8-8,美浦 松山,446,0,
202505040901,2025-10-26,東京,1,2歳未勝利,ダ,1400,左,小雨,不,"4回 東京 9日目 サラ系２歳 未勝利       (混)[指] 馬齢 14頭 本賞金:560,220,140,84,56万円",14,560.0,2,7,12,スリーコーズ,牡,2,56.0,横山武,85.7,1.1/2,1,1.7,36.9,1-1,美浦 伊藤圭,472,-2,
202505040901,2025-10-26,東京,1,2歳未勝利,ダ,1400,左,小雨,不,"4回 東京 9日目 サラ系２歳 未勝利       (混)[指] 馬齢 14頭 本賞金:560,220,140,84,56万円",14,560.0,3,4,5,アイアンナックル,牡,2,56.0,小林凌,86.0,1.1/2,6,16.7,36.5,8-9,美浦 尾形,448,-6,
202505040901,2025-10-26,東京,1,2歳未勝利,ダ,1400,左,小雨,不,"4回 東京 9日目 サラ系２歳 未勝利       (混)[指] 馬齢 14頭 本賞金:560,220,140,84,56万円",14,560.0,4,2,2,キタノドンカルロ,牡,2,56.0,柴田大,86.0,アタマ,4,14.1,36.3,11-11,美浦 粕谷,436,4,
202505040901,2025-10-26,東京,1,2歳未勝利,ダ,1400,左,小雨,不,"4回 東京 9日目 サラ系２歳 未勝利       (混)[指] 馬齢 14頭 本賞金:560,220,140,84,56万円",14,560.0,5,8,14,ロードストラダーレ,牡,2,56.0,丸田,86.0,クビ,7,18.7,37.1,2-2,美浦 本間,498,14,
202505040901,2025-10-26,東京,1,2歳未勝利,ダ,1400,左,小雨,不,"4回 東京 9日目 サラ系２歳 未勝利       (混)[指] 馬齢 14頭 本賞金:560,220,140,84,56万円",14,560.0,6,3,3,ラブデウザ,牝,2,52.0,▲水沼,86.4,2,10,51.1,37.2,4-4,美浦 加藤和,400,4,
202505040901,2025-10-26,東京,1,2歳未勝利,ダ,1400,左,小雨,不,"4回 東京 9日目 サラ系２歳 未勝利       (混)[指] 馬齢 14頭 本賞金:560,220,140,84,56万円",14,560.0,7,4,6,ライフイズ,牝,2,53.0,△長浜,86.6,1.1/2,9,47.4,37.4,5-4,美浦 鈴木慎,420,2,
202505040901,2025-10-26,東京,1,2歳未勝利,ダ,1400,左,小雨,不,"4回 東京 9日目 サラ系２歳 未勝利       (混)[指] 馬齢 14頭 本賞金:560,220,140,84,56万円",14,560.0,8,5,7,マイネルオランチア,牡,2,56.0,原,86.8,1,5,15.4,37.2,8-9,美浦 小手川,478,0,
202505040901,2025-10-26,東京,1,2歳未勝利,ダ,1400,左,小雨,不,"4回 東京 9日目 サラ系２歳 未勝利       (混)[指] 馬齢 14頭 本賞金:560,220,140,84,56万円",14,560.0,9,5,8,ニューカワイイ,牝,2,51.0,★谷原,87.2,2.1/2,11,64.8,37.2,11-13,美浦 清水英,440,0,
202505040901,2025-10-26,東京,1,2歳未勝利,ダ,1400,左,小雨,不,"4回 東京 9日目 サラ系２歳 未勝利       (混)[指] 馬齢 14頭 本賞金:560,220,140,84,56万円",14,560.0,10,8,13,カレンショー,牡,2,56.0,浜中,87.3,3/4,8,25.2,38.1,5-4,栗東 安田,432,0,
202505040901,2025-10-26,東京,1,2歳未勝利,ダ,1400,左,小雨,不,"4回 東京 9日目 サラ系２歳 未勝利       (混)[指] 馬齢 14頭 本賞金:560,220,140,84,56万円",14,560.0,11,3,4,アルデバローズ,牝,2,55.0,菅原明,88.0,4,2,5.5,38.1,11-12,美浦 矢野,446,0,
202505040901,2025-10-26,東京,1,2歳未勝利,ダ,1400,左,小雨,不,"4回 東京 9日目 サラ系２歳 未勝利       (混)[指] 馬齢 14頭 本賞金:560,220,140,84,56万円",14,560.0,12,6,10,ジーティーニッツァ,牡,2,53.0,▲遠藤,88.3,1.1/2,14,228.9,39.0,5-4,美浦 伊藤伸,450,-4,
202505040901,2025-10-26,東京,1,2歳未勝利,ダ,1400,左,小雨,不,"4回 東京 9日目 サラ系２歳 未勝利       (混)[指] 馬齢 14頭 本賞金:560,220,140,84,56万円",14,560.0,13,6,9,ストライプブルー,牡,2,56.0,吉田豊,88.5,1.1/2,12,89.8,39.5,2-3,美浦 中川,438,-2,
202505040901,2025-10-26,東京,1,2歳未勝利,ダ,1400,左,小雨,不,"4回 東京 9日目 サラ系２歳 未勝利       (混)[指] 馬齢 14頭 本賞金:560,220,140,84,56万円",14,560.0,14,7,11,アイオロステソーロ,牡,2,56.0,石川,89.5,6,13,214.0,39.2,11-14,美浦 高橋文,448,4,
202505040901,2025-10-26,東京,1,2歳未勝利,ダ,1400,左,小雨,不,"4回 東京 9日目 サラ系２歳 未勝利       (混)[指] 馬齢 14頭 本賞金:560,220,140,84,56万円",14,560.0,,1,1,エスシーレイジュ,,,89.0,75,,12.9,3,11.7,2.0,12.2,1,,,
202505040901,2025-10-26,東京,1,2歳未勝利,ダ,1400,左,小雨,不,"4回 東京 9日目 サラ系２歳 未勝利       (混)[指] 馬齢 14頭 本賞金:560,220,140,84,56万円",14,560.0,,1,1,エスシーレイジュ,,,,-,,-,,,,-,-,,,
202505040902,2025-10-26,東京,2,2歳未勝利,芝,2000,左,小雨,稍,"4回 東京 9日目 サラ系２歳 未勝利       [指] 馬齢 10頭 本賞金:560,220,140,84,56万円",10,560.0,1,8,9,セヴェロ,牡,2,56.0,菅原明,121.1,,1,1.8,35.8,6-4-3,栗東 池江,502,0,
202505040902,2025-10-26,東京,2,2歳未勝利,芝,2000,左,小雨,稍,"4回 東京 9日目 サラ系２歳 未勝利       [指] 馬齢 10頭 本賞金:560,220,140,84,56万円",10,560.0,2,3,3,レイヒストリコ,牡,2,56.0,原,121.5,2.1/2,4,7.7,35.4,7-7-9,美浦 黒岩,498,6,
202505040902,2025-10-26,東京,2,2歳未勝利,芝,2000,左,小雨,稍,"4回 東京 9日目 サラ系２歳 未勝利       [指] 馬齢 10頭 本賞金:560,220,140,84,56万円",10,560.0,3,6,6,グリーンガーネット,牝,2,55.0,石橋脩,121.9,2,6,21.5,36.2,8-8-6,美浦 牧,458,6,
202505040902,2025-10-26,東京,2,2歳未勝利,芝,2000,左,小雨,稍,"4回 東京 9日目 サラ系２歳 未勝利       [指] 馬齢 10頭 本賞金:560,220,140,84,56万円",10,560.0,4,2,2,ビレッジルイーザ,牝,2,51.0,★谷原,121.9,クビ,8,86.8,36.1,10-8-8,美浦 伊藤圭,446,8,
202505040902,2025-10-26,東京,2,2歳未勝利,芝,2000,左,小雨,稍,"4回 東京 9日目 サラ系２歳 未勝利       [指] 馬齢 10頭 本賞金:560,220,140,84,56万円",10,560.0,5,7,8,ゼータレティクル,牝,2,55.0,横山武,122.6,4,2,4.9,37.6,3-2-2,美浦 小手川,466,0,
202505040902,2025-10-26,東京,2,2歳未勝利,芝,2000,左,小雨,稍,"4回 東京 9日目 サラ系２歳 未勝利       [指] 馬齢 10頭 本賞金:560,220,140,84,56万円",10,560.0,6,7,7,パッセージピーク,牡,2,56.0,内田博,122.7,3/4,3,5.5,37.3,2-2-4,美浦 田村,496,10,
202505040902,2025-10-26,東京,2,2歳未勝利,芝,2000,左,小雨,稍,"4回 東京 9日目 サラ系２歳 未勝利       [指] 馬齢 10頭 本賞金:560,220,140,84,56万円",10,560.0,7,4,4,ハロングロットル,牡,2,53.0,▲遠藤,122.8,3/4,10,185.2,36.7,8-10-9,美浦 伊藤伸,454,6,
202505040902,2025-10-26,東京,2,2歳未勝利,芝,2000,左,小雨,稍,"4回 東京 9日目 サラ系２歳 未勝利       [指] 馬齢 10頭 本賞金:560,220,140,84,56万円",10,560.0,8,5,5,マスカルポーネ,牝,2,53.0,△長浜,123.0,3/4,9,111.6,37.3,5-4-6,美浦 水野,448,2,
202505040902,2025-10-26,東京,2,2歳未勝利,芝,2000,左,小雨,稍,"4回 東京 9日目 サラ系２歳 未勝利       [指] 馬齢 10頭 本賞金:560,220,140,84,56万円",10,560.0,9,1,1,コスモアマデウス,牡,2,56.0,柴田大,123.0,クビ,7,37.6,37.6,3-4-4,美浦 畠山,490,0,
202505040902,2025-10-26,東京,2,2歳未勝利,芝,2000,左,小雨,稍,"4回 東京 9日目 サラ系２歳 未勝利       [指] 馬齢 10頭 本賞金:560,220,140,84,56万円",10,560.0,10,8,10,ニシノマグノリア,牡,2,56.0,石川,124.5,9,5,11.5,39.5,1-1-1,美浦 上原佑,424,4,
202505040902,2025-10-26,東京,2,2歳未勝利,芝,2000,左,小雨,稍,"4回 東京 9日目 サラ系２歳 未勝利       [指] 馬齢 10頭 本賞金:560,220,140,84,56万円",10,560.0,,1,9,セヴェロ,,,94.0,95,,13.5,5,11.8,6.0,11.4,5,,,
202505040902,2025-10-26,東京,2,2歳未勝利,芝,2000,左,小雨,稍,"4回 東京 9日目 サラ系２歳 未勝利       [指] 馬齢 10頭 本賞金:560,220,140,84,56万円",10,560.0,,1,9,セヴェロ,,,,-,,-,,,,-,-,,,
202505040903,2025-10-26,東京,3,2歳未勝利,芝,1600,左,小雨,稍,"4回 東京 9日目 サラ系２歳 未勝利       (混)[指] 馬齢 11頭 本賞金:560,220,140,84,56万円",11,560.0,1,1,1,リゾートアイランド,牡,2,56.0,津村,94.1,,1,1.7,34.4,2-2,美浦 上原佑,504,0,
202505040903,2025-10-26,東京,3,2歳未勝利,芝,1600,左,小雨,稍,"4回 東京 9日目 サラ系２歳 未勝利       (混)[指] 馬齢 11頭 本賞金:560,220,140,84,56万円",11,560.0,2,8,11,リラ,牝,2,55.0,三浦,94.5,2.1/2,2,2.8,34.4,5-5,美浦 蛯名正,424,2,
202505040903,2025-10-26,東京,3,2歳未勝利,芝,1600,左,小雨,稍,"4回 東京 9日目 サラ系２歳 未勝利       (混)[指] 馬齢 11頭 本賞金:560,220,140,84,56万円",11,560.0,3,3,3,ロット,牝,2,55.0,内田博,95.6,7,6,23.1,35.7,3-3,美浦 本間,424,8,
202505040903,2025-10-26,東京,3,2歳未勝利,芝,1600,左,小雨,稍,"4回 東京 9日目 サラ系２歳 未勝利       (混)[指] 馬齢 11頭 本賞金:560,220,140,84,56万円",11,560.0,4,7,9,エフティヴェント,牡,2,56.0,柴田大,96.0,2.1/2,7,28.7,35.0,7-7,美浦 金成,422,2,
202505040903,2025-10-26,東京,3,2歳未勝利,芝,1600,左,小雨,稍,"4回 東京 9日目 サラ系２歳 未勝利       (混)[指] 馬齢 11頭 本賞金:560,220,140,84,56万円",11,560.0,5,8,10,ダイヤテソーロ,牝,2,55.0,石橋脩,96.2,1.1/2,3,10.8,35.0,11-9,美浦 牧,440,2,
202505040903,2025-10-26,東京,3,2歳未勝利,芝,1600,左,小雨,稍,"4回 東京 9日目 サラ系２歳 未勝利       (混)[指] 馬齢 11頭 本賞金:560,220,140,84,56万円",11,560.0,6,5,5,シークレット,牝,2,55.0,原,96.4,1,4,12.7,35.4,8-7,栗東 西村,484,-2,
202505040903,2025-10-26,東京,3,2歳未勝利,芝,1600,左,小雨,稍,"4回 東京 9日目 サラ系２歳 未勝利       (混)[指] 馬齢 11頭 本賞金:560,220,140,84,56万円",11,560.0,7,2,2,レッツゴーファイト,牡,2,53.0,▲遠藤,96.5,1/2,10,179.0,35.8,6-6,美浦 伊藤伸,458,6,
202505040903,2025-10-26,東京,3,2歳未勝利,芝,1600,左,小雨,稍,"4回 東京 9日目 サラ系２歳 未勝利       (混)[指] 馬齢 11頭 本賞金:560,220,140,84,56万円",11,560.0,8,6,6,ジャンプストリート,牡,2,56.0,松岡,96.5,クビ,8,107.7,36.6,3-3,美浦 伊藤伸,430,0,
202505040903,2025-10-26,東京,3,2歳未勝利,芝,1600,左,小雨,稍,"4回 東京 9日目 サラ系２歳 未勝利       (混)[指] 馬齢 11頭 本賞金:560,220,140,84,56万円",11,560.0,9,4,4,シュガームーン,牝,2,52.0,▲橋木,96.9,2.1/2,11,245.9,35.7,8-9,美浦 的場,412,-4,
202505040903,2025-10-26,東京,3,2歳未勝利,芝,1600,左,小雨,稍,"4回 東京 9日目 サラ系２歳 未勝利       (混)[指] 馬齢 11頭 本賞金:560,220,140,84,56万円",11,560.0,10,6,7,カシノユメミヅキ,牡,2,53.0,▲土田,97.5,3.1/2,9,176.8,36.1,10-11,美浦 和田雄,500,2,
202505040903,2025-10-26,東京,3,2歳未勝利,芝,1600,左,小雨,稍,"4回 東京 9日目 サラ系２歳 未勝利       (混)[指] 馬齢 11頭 本賞金:560,220,140,84,56万円",11,560.0,11,7,8,ダイシンレスター,牡,2,56.0,浜中,101.4,大,5,23.0,43.4,1-1,美浦 戸田,448,2,
202505040903,2025-10-26,東京,3,2歳未勝利,芝,1600,左,小雨,稍,"4回 東京 9日目 サラ系２歳 未勝利       (混)[指] 馬齢 11頭 本賞金:560,220,140,84,56万円",11,560.0,,1,1,リゾートアイランド,,,95.0,90,,12.7,7,11.6,7.0,11.8,4,,,
202505040903,2025-10-26,東京,3,2歳未勝利,芝,1600,左,小雨,稍,"4回 東京 9日目 サラ系２歳 未勝利       (混)[指] 馬齢 11頭 本賞金:560,220,140,84,56万円",11,560.0,,1,1,リゾートアイランド,,,,-,,-,,,,-,-,,,
202505040904,2025-10-26,東京,4,3歳以上障害未勝利,障,3000,,小雨,稍,"4回 東京 9日目 障害３歳以上 未勝利       (混) 定量 14頭 本賞金:840,340,210,130,84万円",14,840.0,1,3,3,キングサーガ,セ,8,60.0,小野寺,203.1,,5,10.5,13.5,7-7-7-6,栗東 小栗,494,-8,
202505040904,2025-10-26,東京,4,3歳以上障害未勝利,障,3000,,小雨,稍,"4回 東京 9日目 障害３歳以上 未勝利       (混) 定量 14頭 本賞金:840,340,210,130,84万円",14,840.0,2,2,2,ダノンロッキー,牡,4,60.0,五十嵐,203.6,3,4,5.8,13.6,2-3-3-2,美浦 萩原,500,4,
202505040904,2025-10-26,東京,4,3歳以上障害未勝利,障,3000,,小雨,稍,"4回 東京 9日目 障害３歳以上 未勝利       (混) 定量 14頭 本賞金:840,340,210,130,84万円",14,840.0,3,8,14,マルベリーシチー,牡,5,60.0,上野,204.1,2.1/2,3,5.3,13.6,1-1-1-1,美浦 奥平,500,0,
202505040904,2025-10-26,東京,4,3歳以上障害未勝利,障,3000,,小雨,稍,"4回 東京 9日目 障害３歳以上 未勝利       (混) 定量 14頭 本賞金:840,340,210,130,84万円",14,840.0,4,7,12,ロードヴァレンチ,セ,6,57.0,▲坂口,204.4,2,1,3.4,13.6,4-4-5-5,美浦 中舘,488,-6,
202505040904,2025-10-26,東京,4,3歳以上障害未勝利,障,3000,,小雨,稍,"4回 東京 9日目 障害３歳以上 未勝利       (混) 定量 14頭 本賞金:840,340,210,130,84万円",14,840.0,5,5,7,ブライテストドーン,セ,5,60.0,草野,205.3,5,6,12.6,13.7,5-5-3-4,美浦 田島,524,4,
202505040904,2025-10-26,東京,4,3歳以上障害未勝利,障,3000,,小雨,稍,"4回 東京 9日目 障害３歳以上 未勝利       (混) 定量 14頭 本賞金:840,340,210,130,84万円",14,840.0,6,3,4,ダスク,牡,5,57.0,▲井上,206.5,7,8,23.3,13.8,10-10-11-11,栗東 石坂,470,-8,
202505040904,2025-10-26,東京,4,3歳以上障害未勝利,障,3000,,小雨,稍,"4回 東京 9日目 障害３歳以上 未勝利       (混) 定量 14頭 本賞金:840,340,210,130,84万円",14,840.0,7,6,10,カレンマックナイト,牡,6,60.0,黒岩,206.8,2,9,51.1,13.8,12-10-8-8,栗東 平田,444,-4,
202505040904,2025-10-26,東京,4,3歳以上障害未勝利,障,3000,,小雨,稍,"4回 東京 9日目 障害３歳以上 未勝利       (混) 定量 14頭 本賞金:840,340,210,130,84万円",14,840.0,8,1,1,シルヴァーデューク,セ,5,60.0,小牧加,207.3,2.1/2,2,3.8,13.8,5-5-6-7,栗東 前川,452,-6,
202505040904,2025-10-26,東京,4,3歳以上障害未勝利,障,3000,,小雨,稍,"4回 東京 9日目 障害３歳以上 未勝利       (混) 定量 14頭 本賞金:840,340,210,130,84万円",14,840.0,9,4,5,イチリュウオー,牡,4,57.0,▲水沼,208.5,7,13,147.0,13.9,8-8-9-10,美浦 小西,472,16,
202505040904,2025-10-26,東京,4,3歳以上障害未勝利,障,3000,,小雨,稍,"4回 東京 9日目 障害３歳以上 未勝利       (混) 定量 14頭 本賞金:840,340,210,130,84万円",14,840.0,10,8,13,ヴァランセカズマ,牡,8,60.0,大江圭,208.8,1.3/4,7,16.1,13.9,2-2-2-2,美浦 蛯名利,504,2,
202505040904,2025-10-26,東京,4,3歳以上障害未勝利,障,3000,,小雨,稍,"4回 東京 9日目 障害３歳以上 未勝利       (混) 定量 14頭 本賞金:840,340,210,130,84万円",14,840.0,11,7,11,グラツィオーソ,牝,3,56.0,江田勇,209.1,2,12,100.3,13.9,11-10-9-9,美浦 田中剛,470,4,
202505040904,2025-10-26,東京,4,3歳以上障害未勝利,障,3000,,小雨,稍,"4回 東京 9日目 障害３歳以上 未勝利       (混) 定量 14頭 本賞金:840,340,210,130,84万円",14,840.0,12,5,8,アドミラブルエース,牡,6,60.0,伴,210.8,10,10,61.3,14.1,8-8-12-12,美浦 蛯名利,496,16,
202505040904,2025-10-26,東京,4,3歳以上障害未勝利,障,3000,,小雨,稍,"4回 東京 9日目 障害３歳以上 未勝利       (混) 定量 14頭 本賞金:840,340,210,130,84万円",14,840.0,13,4,6,ベルウッドウズメ,セ,6,60.0,石神深,213.8,大,11,84.5,14.3,14-14-14-14,美浦 本間,496,10,
202505040904,2025-10-26,東京,4,3歳以上障害未勝利,障,3000,,小雨,稍,"4回 東京 9日目 障害３歳以上 未勝利       (混) 定量 14頭 本賞金:840,340,210,130,84万円",14,840.0,14,6,9,テーオービースト,牡,3,56.0,▲土田,214.2,2,14,228.2,14.3,13-13-13-13,美浦 清水英,486,20,
202505040905,2025-10-26,東京,5,2歳新馬,芝,1800,左,小雨,稍,"4回 東京 9日目 サラ系２歳 新馬       (混)[指] 馬齢 16頭 本賞金:750,300,190,110,75万円",16,750.0,1,3,5,ヴァリスマリネリス,牝,2,55.0,横山武,109.6,,2,3.4,34.2,5-4-3,美浦 中舘,426,0,
202505040905,2025-10-26,東京,5,2歳新馬,芝,1800,左,小雨,稍,"4回 東京 9日目 サラ系２歳 新馬       (混)[指] 馬齢 16頭 本賞金:750,300,190,110,75万円",16,750.0,2,7,14,ミナヅキ,牡,2,56.0,原,109.7,1,10,72.9,33.3,10-10-10,美浦 清水英,454,0,
202505040905,2025-10-26,東京,5,2歳新馬,芝,1800,左,小雨,稍,"4回 東京 9日目 サラ系２歳 新馬       (混)[指] 馬齢 16頭 本賞金:750,300,190,110,75万円",16,750.0,3,7,13,レダアトミカ,牝,2,55.0,津村,109.8,クビ,1,3.1,33.7,8-8-8,美浦 上原佑,480,0,
202505040905,2025-10-26,東京,5,2歳新馬,芝,1800,左,小雨,稍,"4回 東京 9日目 サラ系２歳 新馬       (混)[指] 馬齢 16頭 本賞金:750,300,190,110,75万円",16,750.0,4,8,15,ヒロイックヴァース,牡,2,56.0,浜中,109.9,1/2,7,17.9,34.1,7-6-6,美浦 浅利,488,0,
202505040905,2025-10-26,東京,5,2歳新馬,芝,1800,左,小雨,稍,"4回 東京 9日目 サラ系２歳 新馬       (混)[指] 馬齢 16頭 本賞金:750,300,190,110,75万円",16,750.0,5,1,1,グランアルト,牡,2,56.0,丸田,110.1,1.1/2,4,8.2,34.1,8-8-8,美浦 斎藤誠,512,0,
202505040905,2025-10-26,東京,5,2歳新馬,芝,1800,左,小雨,稍,"4回 東京 9日目 サラ系２歳 新馬       (混)[指] 馬齢 16頭 本賞金:750,300,190,110,75万円",16,750.0,6,1,2,プレイメイカー,牝,2,55.0,菅原明,110.1,クビ,3,6.0,34.3,5-6-6,美浦 栗田,466,0,
202505040905,2025-10-26,東京,5,2歳新馬,芝,1800,左,小雨,稍,"4回 東京 9日目 サラ系２歳 新馬       (混)[指] 馬齢 16頭 本賞金:750,300,190,110,75万円",16,750.0,7,4,7,スクイーズアウト,牡,2,56.0,泉谷楓,110.1,クビ,11,79.5,34.7,3-3-3,美浦 黒岩,496,0,
202505040905,2025-10-26,東京,5,2歳新馬,芝,1800,左,小雨,稍,"4回 東京 9日目 サラ系２歳 新馬       (混)[指] 馬齢 16頭 本賞金:750,300,190,110,75万円",16,750.0,8,5,10,テイクオンミー,牡,2,56.0,柴田善,110.4,1.3/4,6,15.8,35.2,2-2-1,美浦 水野,496,0,
202505040905,2025-10-26,東京,5,2歳新馬,芝,1800,左,小雨,稍,"4回 東京 9日目 サラ系２歳 新馬       (混)[指] 馬齢 16頭 本賞金:750,300,190,110,75万円",16,750.0,9,2,3,ヴァーティゴー,牝,2,55.0,石川,110.7,1.3/4,8,18.6,35.3,3-4-3,栗東 西園翔,446,0,
202505040905,2025-10-26,東京,5,2歳新馬,芝,1800,左,小雨,稍,"4回 東京 9日目 サラ系２歳 新馬       (混)[指] 馬齢 16頭 本賞金:750,300,190,110,75万円",16,750.0,10,6,11,トーセンマジェスタ,牡,2,56.0,内田博,110.8,1,9,71.3,34.4,11-11-10,美浦 池上,490,0,
202505040905,2025-10-26,東京,5,2歳新馬,芝,1800,左,小雨,稍,"4回 東京 9日目 サラ系２歳 新馬       (混)[指] 馬齢 16頭 本賞金:750,300,190,110,75万円",16,750.0,11,2,4,フキョウワオン,牡,2,56.0,石橋脩,111.1,1.3/4,14,108.6,33.4,15-15-14,美浦 勢司,462,0,
202505040905,2025-10-26,東京,5,2歳新馬,芝,1800,左,小雨,稍,"4回 東京 9日目 サラ系２歳 新馬       (混)[指] 馬齢 16頭 本賞金:750,300,190,110,75万円",16,750.0,12,5,9,ウインスターリング,牡,2,56.0,松岡,111.4,2,5,10.6,36.2,1-1-2,美浦 畠山,476,0,
202505040905,2025-10-26,東京,5,2歳新馬,芝,1800,左,小雨,稍,"4回 東京 9日目 サラ系２歳 新馬       (混)[指] 馬齢 16頭 本賞金:750,300,190,110,75万円",16,750.0,13,8,16,トランセンコ,牝,2,52.0,▲遠藤,111.5,クビ,16,208.2,34.7,12-12-12,美浦 松永康,454,0,
202505040905,2025-10-26,東京,5,2歳新馬,芝,1800,左,小雨,稍,"4回 東京 9日目 サラ系２歳 新馬       (混)[指] 馬齢 16頭 本賞金:750,300,190,110,75万円",16,750.0,14,3,6,シーサンタナ,牡,2,54.0,△長浜,112.5,6,13,97.6,34.4,15-15-15,美浦 手塚久,426,0,
202505040905,2025-10-26,東京,5,2歳新馬,芝,1800,左,小雨,稍,"4回 東京 9日目 サラ系２歳 新馬       (混)[指] 馬齢 16頭 本賞金:750,300,190,110,75万円",16,750.0,15,6,12,ペイシャロッチ,牝,2,55.0,柴田大,112.8,1.3/4,15,147.9,35.9,12-12-12,美浦 粕谷,476,0,
202505040905,2025-10-26,東京,5,2歳新馬,芝,1800,左,小雨,稍,"4回 東京 9日目 サラ系２歳 新馬       (混)[指] 馬齢 16頭 本賞金:750,300,190,110,75万円",16,750.0,16,4,8,ゲンパチミスティ,牝,2,55.0,大野,115.0,大,12,87.8,36.8,14-14-15,美浦 西田,474,0,
202505040905,2025-10-26,東京,5,2歳新馬,芝,1800,左,小雨,稍,"4回 東京 9日目 サラ系２歳 新馬       (混)[指] 馬齢 16頭 本賞金:750,300,190,110,75万円",16,750.0,,1,5,ヴァリスマリネリス,,,86.0,69,,13.8,2,11.9,4.0,12.7,4,,,
202505040905,2025-10-26,東京,5,2歳新馬,芝,1800,左,小雨,稍,"4回 東京 9日目 サラ系２歳 新馬       (混)[指] 馬齢 16頭 本賞金:750,300,190,110,75万円",16,750.0,,1,5,ヴァリスマリネリス,,,,-,,-,,,,-,-,,,
202505040906,2025-10-26,東京,6,2歳新馬,芝,1400,左,小雨,稍,"4回 東京 9日目 サラ系２歳 新馬       (混)[指] 馬齢 18頭 本賞金:750,300,190,110,75万円",18,750.0,1,7,15,エゴンウレア,牝,2,55.0,大野,83.3,,5,12.6,34.2,6-8,美浦 小手川,426,0,
202505040906,2025-10-26,東京,6,2歳新馬,芝,1400,左,小雨,稍,"4回 東京 9日目 サラ系２歳 新馬       (混)[指] 馬齢 18頭 本賞金:750,300,190,110,75万円",18,750.0,2,3,5,ジュニートワン,牡,2,54.0,△長浜,83.3,ハナ,6,15.1,34.8,2-2,美浦 武井,432,0,
202505040906,2025-10-26,東京,6,2歳新馬,芝,1400,左,小雨,稍,"4回 東京 9日目 サラ系２歳 新馬       (混)[指] 馬齢 18頭 本賞金:750,300,190,110,75万円",18,750.0,3,8,18,レゲンデ,牝,2,55.0,横山武,83.5,1.1/4,1,3.5,34.1,9-9,美浦 斎藤誠,410,0,
202505040906,2025-10-26,東京,6,2歳新馬,芝,1400,左,小雨,稍,"4回 東京 9日目 サラ系２歳 新馬       (混)[指] 馬齢 18頭 本賞金:750,300,190,110,75万円",18,750.0,4,7,13,ミスタートントン,牡,2,56.0,石橋脩,83.5,クビ,12,51.7,34.7,3-3,美浦 勢司,454,0,
202505040906,2025-10-26,東京,6,2歳新馬,芝,1400,左,小雨,稍,"4回 東京 9日目 サラ系２歳 新馬       (混)[指] 馬齢 18頭 本賞金:750,300,190,110,75万円",18,750.0,5,5,10,アグネスクレスト,牡,2,56.0,柴田善,83.7,3/4,3,5.9,34.4,10-9,美浦 和田勇,500,0,
202505040906,2025-10-26,東京,6,2歳新馬,芝,1400,左,小雨,稍,"4回 東京 9日目 サラ系２歳 新馬       (混)[指] 馬齢 18頭 本賞金:750,300,190,110,75万円",18,750.0,6,7,14,ホウオウヘッセン,牡,2,56.0,浜中,83.8,3/4,2,4.0,34.9,5-5,美浦 田島,454,0,
202505040906,2025-10-26,東京,6,2歳新馬,芝,1400,左,小雨,稍,"4回 東京 9日目 サラ系２歳 新馬       (混)[指] 馬齢 18頭 本賞金:750,300,190,110,75万円",18,750.0,7,1,1,マイチバイ,牝,2,55.0,松岡,83.9,3/4,8,17.2,33.3,17-16,美浦 堀内,430,0,
202505040906,2025-10-26,東京,6,2歳新馬,芝,1400,左,小雨,稍,"4回 東京 9日目 サラ系２歳 新馬       (混)[指] 馬齢 18頭 本賞金:750,300,190,110,75万円",18,750.0,8,4,8,ヤマヤロード,牝,2,55.0,原田和,84.2,1.3/4,9,18.6,35.2,6-6,美浦 上原博,480,0,
202505040906,2025-10-26,東京,6,2歳新馬,芝,1400,左,小雨,稍,"4回 東京 9日目 サラ系２歳 新馬       (混)[指] 馬齢 18頭 本賞金:750,300,190,110,75万円",18,750.0,9,1,2,シュートザムーン,牡,2,56.0,原,84.4,1,14,94.8,34.8,10-11,美浦 伊藤伸,418,0,
202505040906,2025-10-26,東京,6,2歳新馬,芝,1400,左,小雨,稍,"4回 東京 9日目 サラ系２歳 新馬       (混)[指] 馬齢 18頭 本賞金:750,300,190,110,75万円",18,750.0,10,4,7,ケイツータカ,牝,2,52.0,▲水沼,84.5,1/2,17,137.3,35.8,3-3,美浦 深山,424,0,
202505040906,2025-10-26,東京,6,2歳新馬,芝,1400,左,小雨,稍,"4回 東京 9日目 サラ系２歳 新馬       (混)[指] 馬齢 18頭 本賞金:750,300,190,110,75万円",18,750.0,11,3,6,ウェスケンジントン,牡,2,56.0,菅原明,84.5,クビ,11,37.8,35.5,6-6,美浦 小野,486,0,
202505040906,2025-10-26,東京,6,2歳新馬,芝,1400,左,小雨,稍,"4回 東京 9日目 サラ系２歳 新馬       (混)[指] 馬齢 18頭 本賞金:750,300,190,110,75万円",18,750.0,12,8,16,フィレルレーヴ,牝,2,55.0,吉田豊,84.7,1.1/4,4,11.2,34.8,14-14,美浦 竹内,448,0,
202505040906,2025-10-26,東京,6,2歳新馬,芝,1400,左,小雨,稍,"4回 東京 9日目 サラ系２歳 新馬       (混)[指] 馬齢 18頭 本賞金:750,300,190,110,75万円",18,750.0,13,2,3,アルケミラモリス,牝,2,55.0,柴田大,84.8,3/4,18,160.5,35.2,12-11,美浦 粕谷,462,0,
202505040906,2025-10-26,東京,6,2歳新馬,芝,1400,左,小雨,稍,"4回 東京 9日目 サラ系２歳 新馬       (混)[指] 馬齢 18頭 本賞金:750,300,190,110,75万円",18,750.0,14,8,17,ブクブクー,牡,2,56.0,津村,84.9,クビ,10,23.9,35.3,12-11,栗東 小栗,468,0,
202505040906,2025-10-26,東京,6,2歳新馬,芝,1400,左,小雨,稍,"4回 東京 9日目 サラ系２歳 新馬       (混)[指] 馬齢 18頭 本賞金:750,300,190,110,75万円",18,750.0,15,5,9,クアラトレンガヌ,牡,2,56.0,内田博,85.0,1/2,16,108.2,34.2,18-18,美浦 小笠,440,0,
202505040906,2025-10-26,東京,6,2歳新馬,芝,1400,左,小雨,稍,"4回 東京 9日目 サラ系２歳 新馬       (混)[指] 馬齢 18頭 本賞金:750,300,190,110,75万円",18,750.0,16,6,11,ダイメイプリンス,牡,2,56.0,泉谷,85.0,ハナ,7,16.7,34.5,16-16,栗東 森田,490,0,
202505040906,2025-10-26,東京,6,2歳新馬,芝,1400,左,小雨,稍,"4回 東京 9日目 サラ系２歳 新馬       (混)[指] 馬齢 18頭 本賞金:750,300,190,110,75万円",18,750.0,17,2,4,エンチャンテッド,牝,2,55.0,丸田,85.3,2,13,83.0,36.9,1-1,美浦 佐藤吉,412,0,
202505040906,2025-10-26,東京,6,2歳新馬,芝,1400,左,小雨,稍,"4回 東京 9日目 サラ系２歳 新馬       (混)[指] 馬齢 18頭 本賞金:750,300,190,110,75万円",18,750.0,18,6,12,ラブミーアゲイン,牝,2,52.0,▲遠藤,85.8,3,15,100.7,35.7,14-15,美浦 矢嶋,420,0,
202505040906,2025-10-26,東京,6,2歳新馬,芝,1400,左,小雨,稍,"4回 東京 9日目 サラ系２歳 新馬       (混)[指] 馬齢 18頭 本賞金:750,300,190,110,75万円",18,750.0,,1,15,エゴンウレア,,,84.0,72,,13.0,10,12.0,5.0,11.8,5,,,
202505040906,2025-10-26,東京,6,2歳新馬,芝,1400,左,小雨,稍,"4回 東京 9日目 サラ系２歳 新馬       (混)[指] 馬齢 18頭 本賞金:750,300,190,110,75万円",18,750.0,,1,15,エゴンウレア,,,,-,,-,,,,-,-,,,
202505040907,2025-10-26,東京,7,3歳以上1勝クラス,ダ,1600,左,曇,不,"4回 東京 9日目 サラ系３歳以上 １勝クラス       牝[指] 定量 13頭 本賞金:800,320,200,120,80万円",13,800.0,1,6,9,スカイビート,牝,3,54.0,石橋脩,96.4,,5,9.2,34.7,12-13,栗東 野中,458,-12,
202505040907,2025-10-26,東京,7,3歳以上1勝クラス,ダ,1600,左,曇,不,"4回 東京 9日目 サラ系３歳以上 １勝クラス       牝[指] 定量 13頭 本賞金:800,320,200,120,80万円",13,800.0,2,8,12,サザンティスプーン,牝,3,54.0,津村,96.6,1.1/4,2,4.1,35.9,4-4,美浦 鈴木伸,434,-2,
202505040907,2025-10-26,東京,7,3歳以上1勝クラス,ダ,1600,左,曇,不,"4回 東京 9日目 サラ系３歳以上 １勝クラス       牝[指] 定量 13頭 本賞金:800,320,200,120,80万円",13,800.0,3,6,8,ベルメサイア,牝,4,56.0,大野,96.7,クビ,8,27.0,36.3,2-2,栗東 西村,512,4,
202505040907,2025-10-26,東京,7,3歳以上1勝クラス,ダ,1600,左,曇,不,"4回 東京 9日目 サラ系３歳以上 １勝クラス       牝[指] 定量 13頭 本賞金:800,320,200,120,80万円",13,800.0,4,4,5,タマモカンパネラ,牝,3,50.0,★谷原,96.7,クビ,1,2.9,35.1,12-11,美浦 伊藤圭,514,4,
202505040907,2025-10-26,東京,7,3歳以上1勝クラス,ダ,1600,左,曇,不,"4回 東京 9日目 サラ系３歳以上 １勝クラス       牝[指] 定量 13頭 本賞金:800,320,200,120,80万円",13,800.0,5,3,3,ブルージュ,牝,3,54.0,内田博,97.1,2.1/2,7,12.7,36.1,8-7,美浦 栗田,448,12,
202505040907,2025-10-26,東京,7,3歳以上1勝クラス,ダ,1600,左,曇,不,"4回 東京 9日目 サラ系３歳以上 １勝クラス       牝[指] 定量 13頭 本賞金:800,320,200,120,80万円",13,800.0,6,4,4,アンジュグルーヴ,牝,4,56.0,浜中,97.2,1/2,6,10.6,36.4,4-6,栗東 安田,502,0,
202505040907,2025-10-26,東京,7,3歳以上1勝クラス,ダ,1600,左,曇,不,"4回 東京 9日目 サラ系３歳以上 １勝クラス       牝[指] 定量 13頭 本賞金:800,320,200,120,80万円",13,800.0,7,1,1,プロピエダッド,牝,3,54.0,丸田,97.2,ハナ,13,150.3,36.0,10-9,美浦 武藤,466,-10,
202505040907,2025-10-26,東京,7,3歳以上1勝クラス,ダ,1600,左,曇,不,"4回 東京 9日目 サラ系３歳以上 １勝クラス       牝[指] 定量 13頭 本賞金:800,320,200,120,80万円",13,800.0,8,5,6,ライズトゥザトップ,牝,3,54.0,石川裕,97.2,ハナ,11,68.7,36.2,8-7,美浦 牧,494,0,
202505040907,2025-10-26,東京,7,3歳以上1勝クラス,ダ,1600,左,曇,不,"4回 東京 9日目 サラ系３歳以上 １勝クラス       牝[指] 定量 13頭 本賞金:800,320,200,120,80万円",13,800.0,9,2,2,ハッピーウィズユー,牝,3,54.0,横山武,97.2,アタマ,3,7.0,36.5,4-4,美浦 小笠,502,2,
202505040907,2025-10-26,東京,7,3歳以上1勝クラス,ダ,1600,左,曇,不,"4回 東京 9日目 サラ系３歳以上 １勝クラス       牝[指] 定量 13頭 本賞金:800,320,200,120,80万円",13,800.0,10,7,11,ミュークチェルシー,牝,3,54.0,吉田豊,97.2,クビ,4,7.8,36.8,1-1,美浦 稲垣,468,6,
202505040907,2025-10-26,東京,7,3歳以上1勝クラス,ダ,1600,左,曇,不,"4回 東京 9日目 サラ系３歳以上 １勝クラス       牝[指] 定量 13頭 本賞金:800,320,200,120,80万円",13,800.0,11,5,7,コルヴィル,牝,4,56.0,北村宏,97.4,3/4,9,29.0,35.9,11-11,美浦 柄崎,498,4,
202505040907,2025-10-26,東京,7,3歳以上1勝クラス,ダ,1600,左,曇,不,"4回 東京 9日目 サラ系３歳以上 １勝クラス       牝[指] 定量 13頭 本賞金:800,320,200,120,80万円",13,800.0,12,8,13,ミランカ,牝,4,54.0,△長浜,98.5,7,10,60.0,37.2,7-9,美浦 岩戸,472,10,
202505040907,2025-10-26,東京,7,3歳以上1勝クラス,ダ,1600,左,曇,不,"4回 東京 9日目 サラ系３歳以上 １勝クラス       牝[指] 定量 13頭 本賞金:800,320,200,120,80万円",13,800.0,13,7,10,プリンセスロロ,牝,3,51.0,▲遠藤,99.2,4,12,139.3,38.7,2-2,美浦 戸田,432,-2,
202505040907,2025-10-26,東京,7,3歳以上1勝クラス,ダ,1600,左,曇,不,"4回 東京 9日目 サラ系３歳以上 １勝クラス       牝[指] 定量 13頭 本賞金:800,320,200,120,80万円",13,800.0,,1,9,スカイビート,,,84.0,79,,13.5,6,11.7,4.0,12.1,3,,,
202505040907,2025-10-26,東京,7,3歳以上1勝クラス,ダ,1600,左,曇,不,"4回 東京 9日目 サラ系３歳以上 １勝クラス       牝[指] 定量 13頭 本賞金:800,320,200,120,80万円",13,800.0,,1,9,スカイビート,,,,-,,-,,,,-,-,,,
202505040908,2025-10-26,東京,8,3歳以上1勝クラス,芝,1600,左,曇,稍,"4回 東京 9日目 サラ系３歳以上 １勝クラス       (混)[指] 定量 15頭 本賞金:800,320,200,120,80万円",15,800.0,1,1,1,ラージギャラリー,牝,3,54.0,石川,94.2,,6,20.5,33.7,1-1,栗東 高橋亮,478,-6,
202505040908,2025-10-26,東京,8,3歳以上1勝クラス,芝,1600,左,曇,稍,"4回 東京 9日目 サラ系３歳以上 １勝クラス       (混)[指] 定量 15頭 本賞金:800,320,200,120,80万円",15,800.0,2,2,3,サンタンカ,牡,3,56.0,三浦,94.3,3/4,3,7.9,33.6,2-2,栗東 千田,520,0,
202505040908,2025-10-26,東京,8,3歳以上1勝クラス,芝,1600,左,曇,稍,"4回 東京 9日目 サラ系３歳以上 １勝クラス       (混)[指] 定量 15頭 本賞金:800,320,200,120,80万円",15,800.0,3,4,7,テンミラクルスター,牝,3,54.0,津村,94.3,アタマ,4,10.8,32.8,9-9,美浦 辻,458,14,
202505040908,2025-10-26,東京,8,3歳以上1勝クラス,芝,1600,左,曇,稍,"4回 東京 9日目 サラ系３歳以上 １勝クラス       (混)[指] 定量 15頭 本賞金:800,320,200,120,80万円",15,800.0,4,8,14,インパクトシー,牡,3,56.0,横山武,94.3,クビ,1,1.6,33.3,5-4,美浦 大竹,526,0,
202505040908,2025-10-26,東京,8,3歳以上1勝クラス,芝,1600,左,曇,稍,"4回 東京 9日目 サラ系３歳以上 １勝クラス       (混)[指] 定量 15頭 本賞金:800,320,200,120,80万円",15,800.0,5,3,5,ドリーミングアップ,牡,4,58.0,吉田豊,94.5,1.1/2,2,6.5,33.3,6-6,美浦 高橋文,478,8,
202505040908,2025-10-26,東京,8,3歳以上1勝クラス,芝,1600,左,曇,稍,"4回 東京 9日目 サラ系３歳以上 １勝クラス       (混)[指] 定量 15頭 本賞金:800,320,200,120,80万円",15,800.0,6,3,4,グローブアマランス,牝,4,56.0,菅原明,94.7,1,9,42.7,33.7,4-4,栗東 中尾,478,-6,
202505040908,2025-10-26,東京,8,3歳以上1勝クラス,芝,1600,左,曇,稍,"4回 東京 9日目 サラ系３歳以上 １勝クラス       (混)[指] 定量 15頭 本賞金:800,320,200,120,80万円",15,800.0,7,6,10,レッドレナート,牡,4,56.0,△長浜,94.8,1/2,8,29.8,34.0,2-2,美浦 手塚久,486,-2,
202505040908,2025-10-26,東京,8,3歳以上1勝クラス,芝,1600,左,曇,稍,"4回 東京 9日目 サラ系３歳以上 １勝クラス       (混)[指] 定量 15頭 本賞金:800,320,200,120,80万円",15,800.0,8,6,11,ブルスカメンテ,牝,3,54.0,浜中,94.8,アタマ,5,18.4,33.1,11-12,美浦 黒岩,428,8,
202505040908,2025-10-26,東京,8,3歳以上1勝クラス,芝,1600,左,曇,稍,"4回 東京 9日目 サラ系３歳以上 １勝クラス       (混)[指] 定量 15頭 本賞金:800,320,200,120,80万円",15,800.0,9,4,6,ソードマスター,牡,3,56.0,丸田,94.9,3/4,10,52.2,33.7,6-6,美浦 斎藤誠,460,0,
202505040908,2025-10-26,東京,8,3歳以上1勝クラス,芝,1600,左,曇,稍,"4回 東京 9日目 サラ系３歳以上 １勝クラス       (混)[指] 定量 15頭 本賞金:800,320,200,120,80万円",15,800.0,10,7,13,テンダールック,牝,3,54.0,北村宏,95.0,3/4,7,27.1,33.1,13-14,美浦 木村,438,4,
202505040908,2025-10-26,東京,8,3歳以上1勝クラス,芝,1600,左,曇,稍,"4回 東京 9日目 サラ系３歳以上 １勝クラス       (混)[指] 定量 15頭 本賞金:800,320,200,120,80万円",15,800.0,11,2,2,チョングク,牡,3,56.0,内田博,95.3,1.3/4,11,60.3,33.6,11-12,美浦 南田,494,8,
202505040908,2025-10-26,東京,8,3歳以上1勝クラス,芝,1600,左,曇,稍,"4回 東京 9日目 サラ系３歳以上 １勝クラス       (混)[指] 定量 15頭 本賞金:800,320,200,120,80万円",15,800.0,12,5,9,シャルパンティエ,牝,3,54.0,石橋脩,95.5,1.1/4,15,344.7,34.0,9-9,美浦 南田,424,2,
202505040908,2025-10-26,東京,8,3歳以上1勝クラス,芝,1600,左,曇,稍,"4回 東京 9日目 サラ系３歳以上 １勝クラス       (混)[指] 定量 15頭 本賞金:800,320,200,120,80万円",15,800.0,13,7,12,ホリーアン,牝,3,51.0,▲遠藤,95.5,ハナ,14,257.3,33.6,15-14,美浦 萱野,442,0,
202505040908,2025-10-26,東京,8,3歳以上1勝クラス,芝,1600,左,曇,稍,"4回 東京 9日目 サラ系３歳以上 １勝クラス       (混)[指] 定量 15頭 本賞金:800,320,200,120,80万円",15,800.0,14,8,15,ニシノインヴィクタ,牡,4,58.0,松岡,95.8,1.3/4,12,84.0,34.6,6-6,美浦 本間,512,0,
202505040908,2025-10-26,東京,8,3歳以上1勝クラス,芝,1600,左,曇,稍,"4回 東京 9日目 サラ系３歳以上 １勝クラス       (混)[指] 定量 15頭 本賞金:800,320,200,120,80万円",15,800.0,15,5,8,ヴィントシュティレ,牝,4,56.0,原,96.3,3,13,156.0,34.7,13-11,美浦 古賀,484,8,
202505040908,2025-10-26,東京,8,3歳以上1勝クラス,芝,1600,左,曇,稍,"4回 東京 9日目 サラ系３歳以上 １勝クラス       (混)[指] 定量 15頭 本賞金:800,320,200,120,80万円",15,800.0,,1,1,ラージギャラリー,,,102.0,91,,12.3,5,11.4,5.0,12.1,3,,,
202505040908,2025-10-26,東京,8,3歳以上1勝クラス,芝,1600,左,曇,稍,"4回 東京 9日目 サラ系３歳以上 １勝クラス       (混)[指] 定量 15頭 本賞金:800,320,200,120,80万円",15,800.0,,1,1,ラージギャラリー,,,,-,,-,,,,-,-,,,
202505040909,2025-10-26,東京,9,三鷹特別,ダ,1600,左,曇,不,"4回 東京 9日目 サラ系３歳以上 ２勝クラス       (混)[指] 定量 13頭 本賞金:1550,620,390,230,155万円",13,1550.0,1,4,5,ベルダイナフェロー,牝,4,56.0,石川,95.5,,3,6.0,35.6,1-1,栗東 東田,472,-2,
202505040909,2025-10-26,東京,9,三鷹特別,ダ,1600,左,曇,不,"4回 東京 9日目 サラ系３歳以上 ２勝クラス       (混)[指] 定量 13頭 本賞金:1550,620,390,230,155万円",13,1550.0,2,5,6,ホレーショ,牡,4,58.0,北村宏,95.6,1/2,6,12.5,35.2,5-4,美浦 西田,530,-2,
202505040909,2025-10-26,東京,9,三鷹特別,ダ,1600,左,曇,不,"4回 東京 9日目 サラ系３歳以上 ２勝クラス       (混)[指] 定量 13頭 本賞金:1550,620,390,230,155万円",13,1550.0,3,5,7,ゼロスネーク,牡,3,56.0,三浦,95.7,クビ,1,3.1,35.3,4-4,栗東 四位,450,-8,
202505040909,2025-10-26,東京,9,三鷹特別,ダ,1600,左,曇,不,"4回 東京 9日目 サラ系３歳以上 ２勝クラス       (混)[指] 定量 13頭 本賞金:1550,620,390,230,155万円",13,1550.0,4,2,2,マンウォル,牝,4,56.0,吉田豊,95.8,3/4,8,15.0,35.7,3-2,美浦 菊沢,438,4,
202505040909,2025-10-26,東京,9,三鷹特別,ダ,1600,左,曇,不,"4回 東京 9日目 サラ系３歳以上 ２勝クラス       (混)[指] 定量 13頭 本賞金:1550,620,390,230,155万円",13,1550.0,5,7,11,クインズデネブ,牝,4,56.0,菅原明,96.0,1,2,5.9,35.2,7-7,美浦 小島,422,-16,
202505040909,2025-10-26,東京,9,三鷹特別,ダ,1600,左,曇,不,"4回 東京 9日目 サラ系３歳以上 ２勝クラス       (混)[指] 定量 13頭 本賞金:1550,620,390,230,155万円",13,1550.0,6,6,8,マッスルバック,牡,4,58.0,柴田善,96.2,1.1/2,12,40.7,34.6,12-12,美浦 水野,482,12,
202505040909,2025-10-26,東京,9,三鷹特別,ダ,1600,左,曇,不,"4回 東京 9日目 サラ系３歳以上 ２勝クラス       (混)[指] 定量 13頭 本賞金:1550,620,390,230,155万円",13,1550.0,7,6,9,パープルナイト,牡,5,58.0,松岡,96.4,1.1/4,7,13.4,35.8,5-6,美浦 堀内,498,-4,
202505040909,2025-10-26,東京,9,三鷹特別,ダ,1600,左,曇,不,"4回 東京 9日目 サラ系３歳以上 ２勝クラス       (混)[指] 定量 13頭 本賞金:1550,620,390,230,155万円",13,1550.0,8,1,1,タイヨウフレア,牝,3,54.0,大野,96.4,クビ,4,9.6,35.2,11-9,美浦 杉浦,502,4,
202505040909,2025-10-26,東京,9,三鷹特別,ダ,1600,左,曇,不,"4回 東京 9日目 サラ系３歳以上 ２勝クラス       (混)[指] 定量 13頭 本賞金:1550,620,390,230,155万円",13,1550.0,9,3,3,トーホウキザン,牡,5,58.0,橋木,96.5,クビ,13,64.3,35.6,7-7,栗東 高橋康,480,-8,
202505040909,2025-10-26,東京,9,三鷹特別,ダ,1600,左,曇,不,"4回 東京 9日目 サラ系３歳以上 ２勝クラス       (混)[指] 定量 13頭 本賞金:1550,620,390,230,155万円",13,1550.0,10,7,10,ハリウッドブルース,牡,4,58.0,石橋脩,96.8,1.3/4,5,10.0,35.2,12-12,栗東 浜田,464,-2,
202505040909,2025-10-26,東京,9,三鷹特別,ダ,1600,左,曇,不,"4回 東京 9日目 サラ系３歳以上 ２勝クラス       (混)[指] 定量 13頭 本賞金:1550,620,390,230,155万円",13,1550.0,11,8,12,アイファーバトル,牡,4,58.0,長浜,96.9,1/2,9,17.8,35.5,10-10,美浦 根本,468,8,
202505040909,2025-10-26,東京,9,三鷹特別,ダ,1600,左,曇,不,"4回 東京 9日目 サラ系３歳以上 ２勝クラス       (混)[指] 定量 13頭 本賞金:1550,620,390,230,155万円",13,1550.0,12,4,4,ベント,セ,4,58.0,内田博,98.3,9,10,25.7,38.1,2-3,栗東 小崎,430,-4,
202505040909,2025-10-26,東京,9,三鷹特別,ダ,1600,左,曇,不,"4回 東京 9日目 サラ系３歳以上 ２勝クラス       (混)[指] 定量 13頭 本賞金:1550,620,390,230,155万円",13,1550.0,13,8,13,クリノグローリー,牡,5,58.0,泉谷,99.4,7,11,26.6,38.0,7-10,栗東 谷,490,10,
202505040909,2025-10-26,東京,9,三鷹特別,ダ,1600,左,曇,不,"4回 東京 9日目 サラ系３歳以上 ２勝クラス       (混)[指] 定量 13頭 本賞金:1550,620,390,230,155万円",13,1550.0,,1,5,ベルダイナフェロー,,,98.0,99,,12.4,4,11.5,3.0,11.8,2,,,
202505040909,2025-10-26,東京,9,三鷹特別,ダ,1600,左,曇,不,"4回 東京 9日目 サラ系３歳以上 ２勝クラス       (混)[指] 定量 13頭 本賞金:1550,620,390,230,155万円",13,1550.0,,1,5,ベルダイナフェロー,,,,-,,-,,,,-,-,,,
202505040910,2025-10-26,東京,10,山中湖特別,芝,1800,左,曇,稍,"4回 東京 9日目 サラ系３歳以上 ２勝クラス       牝[指] 定量 11頭 本賞金:1550,620,390,230,155万円",11,1550.0,1,6,6,クリニクラウン,牝,5,56.0,大野,107.5,,1,2.9,33.6,6-4-2,美浦 小手川,500,4,
202505040910,2025-10-26,東京,10,山中湖特別,芝,1800,左,曇,稍,"4回 東京 9日目 サラ系３歳以上 ２勝クラス       牝[指] 定量 11頭 本賞金:1550,620,390,230,155万円",11,1550.0,2,1,1,イトカワサクラ,牝,5,56.0,菅原明,107.5,1/2,6,8.8,33.3,10-9-7,栗東 牧田,454,-6,
202505040910,2025-10-26,東京,10,山中湖特別,芝,1800,左,曇,稍,"4回 東京 9日目 サラ系３歳以上 ２勝クラス       牝[指] 定量 11頭 本賞金:1550,620,390,230,155万円",11,1550.0,3,3,3,ミーントゥビー,牝,3,54.0,松岡,107.7,3/4,5,7.9,33.3,9-9-10,美浦 堀内,432,-2,
202505040910,2025-10-26,東京,10,山中湖特別,芝,1800,左,曇,稍,"4回 東京 9日目 サラ系３歳以上 ２勝クラス       牝[指] 定量 11頭 本賞金:1550,620,390,230,155万円",11,1550.0,4,4,4,ミスティア,牝,4,56.0,浜中俊,107.7,アタマ,3,7.0,33.6,4-4-6,美浦 戸田,494,4,
202505040910,2025-10-26,東京,10,山中湖特別,芝,1800,左,曇,稍,"4回 東京 9日目 サラ系３歳以上 ２勝クラス       牝[指] 定量 11頭 本賞金:1550,620,390,230,155万円",11,1550.0,5,8,11,グレイトクラウン,牝,4,56.0,柴田大,108.0,2,9,82.0,33.8,4-4-7,美浦 松山,466,4,
202505040910,2025-10-26,東京,10,山中湖特別,芝,1800,左,曇,稍,"4回 東京 9日目 サラ系３歳以上 ２勝クラス       牝[指] 定量 11頭 本賞金:1550,620,390,230,155万円",11,1550.0,6,6,7,デファイ,牝,4,56.0,津村,108.1,クビ,8,15.9,33.9,7-7-7,美浦 斎藤誠,470,-2,
202505040910,2025-10-26,東京,10,山中湖特別,芝,1800,左,曇,稍,"4回 東京 9日目 サラ系３歳以上 ２勝クラス       牝[指] 定量 11頭 本賞金:1550,620,390,230,155万円",11,1550.0,7,8,10,ブルーベリーフィズ,牝,3,54.0,内田博,108.2,1,2,4.5,34.2,3-3-3,美浦 木村,486,4,
202505040910,2025-10-26,東京,10,山中湖特別,芝,1800,左,曇,稍,"4回 東京 9日目 サラ系３歳以上 ２勝クラス       牝[指] 定量 11頭 本賞金:1550,620,390,230,155万円",11,1550.0,8,2,2,フォーザボーイズ,牝,4,56.0,横山武,108.2,ハナ,4,7.2,34.2,7-7-3,美浦 加藤征,436,2,
202505040910,2025-10-26,東京,10,山中湖特別,芝,1800,左,曇,稍,"4回 東京 9日目 サラ系３歳以上 ２勝クラス       牝[指] 定量 11頭 本賞金:1550,620,390,230,155万円",11,1550.0,9,5,5,ドリームクルーズ,牝,4,56.0,吉田豊,108.4,1,7,11.9,34.6,2-1-1,美浦 戸田,494,0,
202505040910,2025-10-26,東京,10,山中湖特別,芝,1800,左,曇,稍,"4回 東京 9日目 サラ系３歳以上 ２勝クラス       牝[指] 定量 11頭 本賞金:1550,620,390,230,155万円",11,1550.0,10,7,9,ルクスドヌーヴ,牝,5,56.0,北村宏,108.5,3/4,11,187.4,34.2,11-9-10,美浦 堀内,458,8,
202505040910,2025-10-26,東京,10,山中湖特別,芝,1800,左,曇,稍,"4回 東京 9日目 サラ系３歳以上 ２勝クラス       牝[指] 定量 11頭 本賞金:1550,620,390,230,155万円",11,1550.0,11,7,8,ベレザニーニャ,牝,5,56.0,石川,108.8,1.3/4,10,87.1,34.8,1-2-3,栗東 小崎,478,-6,
202505040910,2025-10-26,東京,10,山中湖特別,芝,1800,左,曇,稍,"4回 東京 9日目 サラ系３歳以上 ２勝クラス       牝[指] 定量 11頭 本賞金:1550,620,390,230,155万円",11,1550.0,,1,6,クリニクラウン,,,95.0,83,,13.3,2,11.5,4.0,12.0,5,,,
202505040910,2025-10-26,東京,10,山中湖特別,芝,1800,左,曇,稍,"4回 東京 9日目 サラ系３歳以上 ２勝クラス       牝[指] 定量 11頭 本賞金:1550,620,390,230,155万円",11,1550.0,,1,6,クリニクラウン,,,,-,,-,,,,-,-,,,
202505040911,2025-10-26,東京,11,神無月S,ダ,1400,左,小雨,不,"4回 東京 9日目 サラ系３歳以上 オープン       (国際)(特指) 別定 16頭 本賞金:2200,880,550,330,220万円",16,2200.0,1,7,13,インユアパレス,牡,4,59.0,横山武,82.1,,1,2.8,34.8,6-6,栗東 須貝,488,0,
202505040911,2025-10-26,東京,11,神無月S,ダ,1400,左,小雨,不,"4回 東京 9日目 サラ系３歳以上 オープン       (国際)(特指) 別定 16頭 本賞金:2200,880,550,330,220万円",16,2200.0,2,2,3,ジャスティンアース,牡,4,57.0,菅原明,82.2,クビ,2,4.2,34.5,8-9,栗東 杉山晴,478,0,
202505040911,2025-10-26,東京,11,神無月S,ダ,1400,左,小雨,不,"4回 東京 9日目 サラ系３歳以上 オープン       (国際)(特指) 別定 16頭 本賞金:2200,880,550,330,220万円",16,2200.0,3,1,2,タイセイブレイズ,牡,7,57.0,松岡,82.2,アタマ,13,134.5,34.8,8-8,栗東 牧浦,466,-2,
202505040911,2025-10-26,東京,11,神無月S,ダ,1400,左,小雨,不,"4回 東京 9日目 サラ系３歳以上 オープン       (国際)(特指) 別定 16頭 本賞金:2200,880,550,330,220万円",16,2200.0,4,5,9,ノーブルロジャー,牡,4,58.0,石川,82.2,クビ,8,16.9,34.3,11-11,栗東 吉岡,498,6,
202505040911,2025-10-26,東京,11,神無月S,ダ,1400,左,小雨,不,"4回 東京 9日目 サラ系３歳以上 オープン       (国際)(特指) 別定 16頭 本賞金:2200,880,550,330,220万円",16,2200.0,5,3,6,リジル,牝,4,55.0,浜中,82.4,1.1/4,6,14.0,34.4,13-13,栗東 奥村豊,490,6,
202505040911,2025-10-26,東京,11,神無月S,ダ,1400,左,小雨,不,"4回 東京 9日目 サラ系３歳以上 オープン       (国際)(特指) 別定 16頭 本賞金:2200,880,550,330,220万円",16,2200.0,6,6,12,サトノフェニックス,牡,4,57.0,石橋脩,82.5,1/2,3,8.1,35.5,3-3,栗東 西園正,506,6,
202505040911,2025-10-26,東京,11,神無月S,ダ,1400,左,小雨,不,"4回 東京 9日目 サラ系３歳以上 オープン       (国際)(特指) 別定 16頭 本賞金:2200,880,550,330,220万円",16,2200.0,7,2,4,モズミギカタアガリ,牝,4,55.0,津村,82.5,アタマ,5,11.5,35.7,2-2,栗東 藤岡,470,2,
202505040911,2025-10-26,東京,11,神無月S,ダ,1400,左,小雨,不,"4回 東京 9日目 サラ系３歳以上 オープン       (国際)(特指) 別定 16頭 本賞金:2200,880,550,330,220万円",16,2200.0,8,7,14,サンライズパスカル,牡,5,57.0,大野,82.6,1/2,10,26.3,35.4,5-5,栗東 石坂,530,-8,
202505040911,2025-10-26,東京,11,神無月S,ダ,1400,左,小雨,不,"4回 東京 9日目 サラ系３歳以上 オープン       (国際)(特指) 別定 16頭 本賞金:2200,880,550,330,220万円",16,2200.0,9,4,7,マルモリスペシャル,牡,6,58.0,泉谷,82.8,3/4,14,190.4,35.9,3-3,栗東 大橋,544,-10,
202505040911,2025-10-26,東京,11,神無月S,ダ,1400,左,小雨,不,"4回 東京 9日目 サラ系３歳以上 オープン       (国際)(特指) 別定 16頭 本賞金:2200,880,550,330,220万円",16,2200.0,10,8,16,ムーヴ,牡,6,57.0,三浦,82.8,クビ,7,15.6,34.5,15-14,美浦 池上,482,6,
202505040911,2025-10-26,東京,11,神無月S,ダ,1400,左,小雨,不,"4回 東京 9日目 サラ系３歳以上 オープン       (国際)(特指) 別定 16頭 本賞金:2200,880,550,330,220万円",16,2200.0,11,4,8,ハギノアトラス,セ,9,57.0,柴田大,82.9,クビ,16,284.5,35.6,6-6,栗東 宮地,488,14,
202505040911,2025-10-26,東京,11,神無月S,ダ,1400,左,小雨,不,"4回 東京 9日目 サラ系３歳以上 オープン       (国際)(特指) 別定 16頭 本賞金:2200,880,550,330,220万円",16,2200.0,12,1,1,アドバンスファラオ,牡,5,58.0,吉田豊,82.9,クビ,4,10.5,36.2,1-1,栗東 森秀,506,4,
202505040911,2025-10-26,東京,11,神無月S,ダ,1400,左,小雨,不,"4回 東京 9日目 サラ系３歳以上 オープン       (国際)(特指) 別定 16頭 本賞金:2200,880,550,330,220万円",16,2200.0,13,6,11,ハチメンロッピ,牡,5,57.0,原,83.0,アタマ,12,62.1,35.4,8-9,美浦 矢野,518,-2,
202505040911,2025-10-26,東京,11,神無月S,ダ,1400,左,小雨,不,"4回 東京 9日目 サラ系３歳以上 オープン       (国際)(特指) 別定 16頭 本賞金:2200,880,550,330,220万円",16,2200.0,14,5,10,アクートゥス,牡,5,57.0,内田博,83.0,クビ,9,19.8,35.1,12-11,栗東 藤原,464,4,
202505040911,2025-10-26,東京,11,神無月S,ダ,1400,左,小雨,不,"4回 東京 9日目 サラ系３歳以上 オープン       (国際)(特指) 別定 16頭 本賞金:2200,880,550,330,220万円",16,2200.0,15,8,15,ジョージテソーロ,牡,4,57.0,丸田恭,83.8,5,11,30.7,35.1,16-16,美浦 嘉藤,476,-4,
202505040911,2025-10-26,東京,11,神無月S,ダ,1400,左,小雨,不,"4回 東京 9日目 サラ系３歳以上 オープン       (国際)(特指) 別定 16頭 本賞金:2200,880,550,330,220万円",16,2200.0,16,3,5,パラシュラーマ,牡,5,57.0,北村宏,84.5,4,15,209.2,36.2,14-14,栗東 浜田,494,-4,
202505040911,2025-10-26,東京,11,神無月S,ダ,1400,左,小雨,不,"4回 東京 9日目 サラ系３歳以上 オープン       (国際)(特指) 別定 16頭 本賞金:2200,880,550,330,220万円",16,2200.0,,1,13,インユアパレス,,,99.0,103,,12.7,8,11.2,4.0,11.6,3,,,
202505040911,2025-10-26,東京,11,神無月S,ダ,1400,左,小雨,不,"4回 東京 9日目 サラ系３歳以上 オープン       (国際)(特指) 別定 16頭 本賞金:2200,880,550,330,220万円",16,2200.0,,1,13,インユアパレス,,,,-,,-,,,,-,-,,,
202505040912,2025-10-26,東京,12,3歳以上1勝クラス,ダ,1600,左,小雨,不,"4回 東京 9日目 サラ系３歳以上 １勝クラス       (混)[指] 定量 16頭 本賞金:800,320,200,120,80万円",16,800.0,1,3,5,チュウワチーフ,牡,3,56.0,三浦,95.7,,1,3.4,35.2,2-2,栗東 小崎,474,-4,
202505040912,2025-10-26,東京,12,3歳以上1勝クラス,ダ,1600,左,小雨,不,"4回 東京 9日目 サラ系３歳以上 １勝クラス       (混)[指] 定量 16頭 本賞金:800,320,200,120,80万円",16,800.0,2,4,8,セブンマイスター,牡,4,58.0,横山武,95.8,1/2,2,4.5,35.1,4-3,美浦 千葉,536,-4,
202505040912,2025-10-26,東京,12,3歳以上1勝クラス,ダ,1600,左,小雨,不,"4回 東京 9日目 サラ系３歳以上 １勝クラス       (混)[指] 定量 16頭 本賞金:800,320,200,120,80万円",16,800.0,3,3,6,フィーチャリング,セ,3,56.0,原,96.2,2.1/2,9,21.4,34.5,14-16,美浦 和田郎,462,14,
202505040912,2025-10-26,東京,12,3歳以上1勝クラス,ダ,1600,左,小雨,不,"4回 東京 9日目 サラ系３歳以上 １勝クラス       (混)[指] 定量 16頭 本賞金:800,320,200,120,80万円",16,800.0,4,5,10,エドワードバローズ,牡,3,56.0,菅原明,96.4,3/4,3,7.1,35.4,7-8,美浦 奥村武,480,-4,
202505040912,2025-10-26,東京,12,3歳以上1勝クラス,ダ,1600,左,小雨,不,"4回 東京 9日目 サラ系３歳以上 １勝クラス       (混)[指] 定量 16頭 本賞金:800,320,200,120,80万円",16,800.0,5,1,2,オリーブグリーン,牡,3,56.0,柴田大,96.7,2,5,8.4,35.8,7-6,栗東 矢作,540,14,
202505040912,2025-10-26,東京,12,3歳以上1勝クラス,ダ,1600,左,小雨,不,"4回 東京 9日目 サラ系３歳以上 １勝クラス       (混)[指] 定量 16頭 本賞金:800,320,200,120,80万円",16,800.0,6,7,14,コーリンカルベラ,牡,4,58.0,吉田豊,96.8,クビ,8,21.3,35.2,14-14,美浦 小野,488,-8,
202505040912,2025-10-26,東京,12,3歳以上1勝クラス,ダ,1600,左,小雨,不,"4回 東京 9日目 サラ系３歳以上 １勝クラス       (混)[指] 定量 16頭 本賞金:800,320,200,120,80万円",16,800.0,7,1,1,ジェシーテソーロ,牡,3,56.0,石橋脩,96.8,クビ,6,12.4,36.1,4-3,美浦 牧,486,2,
202505040912,2025-10-26,東京,12,3歳以上1勝クラス,ダ,1600,左,小雨,不,"4回 東京 9日目 サラ系３歳以上 １勝クラス       (混)[指] 定量 16頭 本賞金:800,320,200,120,80万円",16,800.0,8,6,11,ティアップドライブ,牡,3,56.0,丸田,97.0,1.1/2,14,90.4,35.9,9-9,美浦 奥平,504,6,
202505040912,2025-10-26,東京,12,3歳以上1勝クラス,ダ,1600,左,小雨,不,"4回 東京 9日目 サラ系３歳以上 １勝クラス       (混)[指] 定量 16頭 本賞金:800,320,200,120,80万円",16,800.0,9,2,4,ハウリングウィンド,牡,3,56.0,松岡,97.1,クビ,10,24.7,36.7,1-1,栗東 安田,500,0,
202505040912,2025-10-26,東京,12,3歳以上1勝クラス,ダ,1600,左,小雨,不,"4回 東京 9日目 サラ系３歳以上 １勝クラス       (混)[指] 定量 16頭 本賞金:800,320,200,120,80万円",16,800.0,10,8,15,マリンバンカー,牡,4,58.0,岩部,97.2,1/2,11,33.4,36.3,4-6,美浦 南田,496,6,
202505040912,2025-10-26,東京,12,3歳以上1勝クラス,ダ,1600,左,小雨,不,"4回 東京 9日目 サラ系３歳以上 １勝クラス       (混)[指] 定量 16頭 本賞金:800,320,200,120,80万円",16,800.0,11,8,16,エヌマエリシュ,牡,3,56.0,津村,97.4,1.1/2,7,15.4,36.0,12-13,美浦 上原博,476,12,
202505040912,2025-10-26,東京,12,3歳以上1勝クラス,ダ,1600,左,小雨,不,"4回 東京 9日目 サラ系３歳以上 １勝クラス       (混)[指] 定量 16頭 本賞金:800,320,200,120,80万円",16,800.0,12,7,13,グアラニア,牡,4,56.0,△長浜,97.5,1/2,13,78.2,36.9,3-3,美浦 矢野,498,0,
202505040912,2025-10-26,東京,12,3歳以上1勝クラス,ダ,1600,左,小雨,不,"4回 東京 9日目 サラ系３歳以上 １勝クラス       (混)[指] 定量 16頭 本賞金:800,320,200,120,80万円",16,800.0,13,5,9,キチロクキャップ,牡,3,56.0,内田博,97.5,クビ,15,128.2,36.2,12-11,美浦 松永康,524,0,
202505040912,2025-10-26,東京,12,3歳以上1勝クラス,ダ,1600,左,小雨,不,"4回 東京 9日目 サラ系３歳以上 １勝クラス       (混)[指] 定量 16頭 本賞金:800,320,200,120,80万円",16,800.0,14,4,7,キョウエイカンセ,牡,4,55.0,▲遠藤,97.7,1.1/4,4,7.9,36.2,14-14,美浦 萱野,500,2,
202505040912,2025-10-26,東京,12,3歳以上1勝クラス,ダ,1600,左,小雨,不,"4回 東京 9日目 サラ系３歳以上 １勝クラス       (混)[指] 定量 16頭 本賞金:800,320,200,120,80万円",16,800.0,15,2,3,ユイノオールイン,牡,3,56.0,木幡初,98.0,1.3/4,16,189.5,36.8,11-11,美浦 竹内,494,0,
202505040912,2025-10-26,東京,12,3歳以上1勝クラス,ダ,1600,左,小雨,不,"4回 東京 9日目 サラ系３歳以上 １勝クラス       (混)[指] 定量 16頭 本賞金:800,320,200,120,80万円",16,800.0,16,6,12,プルシャプラ,牡,3,56.0,石川,98.1,3/4,12,75.8,37.0,9-9,美浦 池上,518,10,
202505040912,2025-10-26,東京,12,3歳以上1勝クラス,ダ,1600,左,小雨,不,"4回 東京 9日目 サラ系３歳以上 １勝クラス       (混)[指] 定量 16頭 本賞金:800,320,200,120,80万円",16,800.0,,1,5,チュウワチーフ,,,101.0,95,,12.5,6,11.1,3.0,12.0,3,,,
202505040912,2025-10-26,東京,12,3歳以上1勝クラス,ダ,1600,左,小雨,不,"4回 東京 9日目 サラ系３歳以上 １勝クラス       (混)[指] 定量 16頭 本賞金:800,320,200,120,80万円",16,800.0,,1,5,チュウワチーフ,,,,-,,-,,,,-,-,,,
202508030901,2025-10-26,京都,1,2歳未勝利,ダ,1800,右,曇,重,"3回 京都 9日目 サラ系２歳 未勝利       牝[指] 馬齢 9頭 本賞金:560,220,140,84,56万円",9,560.0,1,6,6,サリカリーフォリア,牝,2,55.0,松山,113.0,,3,4.3,38.4,1-1-1-1,栗東 橋口,520,6,
202508030901,2025-10-26,京都,1,2歳未勝利,ダ,1800,右,曇,重,"3回 京都 9日目 サラ系２歳 未勝利       牝[指] 馬齢 9頭 本賞金:560,220,140,84,56万円",9,560.0,2,2,2,ウンナターシャ,牝,2,55.0,坂井,113.0,アタマ,6,14.4,38.3,2-2-2-2,栗東 高柳大,470,0,
202508030901,2025-10-26,京都,1,2歳未勝利,ダ,1800,右,曇,重,"3回 京都 9日目 サラ系２歳 未勝利       牝[指] 馬齢 9頭 本賞金:560,220,140,84,56万円",9,560.0,3,1,1,ジーティービキニ,牝,2,55.0,北村友,113.7,4,5,10.2,38.8,4-3-3-3,栗東 松下,496,0,
202508030901,2025-10-26,京都,1,2歳未勝利,ダ,1800,右,曇,重,"3回 京都 9日目 サラ系２歳 未勝利       牝[指] 馬齢 9頭 本賞金:560,220,140,84,56万円",9,560.0,4,5,5,アーネストアイズ,牝,2,55.0,角田和,114.1,2,2,2.8,39.0,6-5-5-3,栗東 松永幹,466,-8,
202508030901,2025-10-26,京都,1,2歳未勝利,ダ,1800,右,曇,重,"3回 京都 9日目 サラ系２歳 未勝利       牝[指] 馬齢 9頭 本賞金:560,220,140,84,56万円",9,560.0,5,7,7,ジェイストリーク,牝,2,55.0,ルメー,114.1,ハナ,1,2.8,39.1,3-3-3-3,栗東 武幸,498,6,
202508030901,2025-10-26,京都,1,2歳未勝利,ダ,1800,右,曇,重,"3回 京都 9日目 サラ系２歳 未勝利       牝[指] 馬齢 9頭 本賞金:560,220,140,84,56万円",9,560.0,6,3,3,ケイトバローズ,牝,2,55.0,松若,114.6,3.1/2,8,103.8,39.4,7-7-6-6,栗東 渡辺,468,0,
202508030901,2025-10-26,京都,1,2歳未勝利,ダ,1800,右,曇,重,"3回 京都 9日目 サラ系２歳 未勝利       牝[指] 馬齢 9頭 本賞金:560,220,140,84,56万円",9,560.0,7,8,8,エンジェルグラース,牝,2,55.0,酒井,114.7,クビ,7,98.9,39.3,7-7-7-7,栗東 高橋康,436,0,
202508030901,2025-10-26,京都,1,2歳未勝利,ダ,1800,右,曇,重,"3回 京都 9日目 サラ系２歳 未勝利       牝[指] 馬齢 9頭 本賞金:560,220,140,84,56万円",9,560.0,8,8,9,レステダンルヴァン,牝,2,55.0,高杉,114.8,1/2,4,7.6,39.1,4-5-8-7,栗東 藤岡,498,22,
202508030901,2025-10-26,京都,1,2歳未勝利,ダ,1800,右,曇,重,"3回 京都 9日目 サラ系２歳 未勝利       牝[指] 馬齢 9頭 本賞金:560,220,140,84,56万円",9,560.0,9,4,4,オッハッピー,牝,2,55.0,城戸,115.4,3.1/2,9,235.4,39.7,9-9-9-9,栗東 西村,416,-8,
202508030901,2025-10-26,京都,1,2歳未勝利,ダ,1800,右,曇,重,"3回 京都 9日目 サラ系２歳 未勝利       牝[指] 馬齢 9頭 本賞金:560,220,140,84,56万円",9,560.0,,1,6,サリカリーフォリア,,,100.0,95,,12.6,3,11.4,1.0,12.7,2,,,
202508030901,2025-10-26,京都,1,2歳未勝利,ダ,1800,右,曇,重,"3回 京都 9日目 サラ系２歳 未勝利       牝[指] 馬齢 9頭 本賞金:560,220,140,84,56万円",9,560.0,,1,6,サリカリーフォリア,,,,-,,-,,,,-,-,,,
202508030902,2025-10-26,京都,2,2歳未勝利,芝,1600,右,曇,稍,"3回 京都 9日目 サラ系２歳 未勝利       (混)[指] 馬齢 10頭 本賞金:560,220,140,84,56万円",10,560.0,1,8,10,マイリトルヒーロー,牡,2,56.0,坂井,95.0,,2,2.8,36.4,5-5,栗東 高橋康,464,6,
202508030902,2025-10-26,京都,2,2歳未勝利,芝,1600,右,曇,稍,"3回 京都 9日目 サラ系２歳 未勝利       (混)[指] 馬齢 10頭 本賞金:560,220,140,84,56万円",10,560.0,2,1,1,カルロット,牡,2,56.0,武豊,95.2,1.1/2,1,2.7,37.2,1-1,栗東 武幸,502,-10,
202508030902,2025-10-26,京都,2,2歳未勝利,芝,1600,右,曇,稍,"3回 京都 9日目 サラ系２歳 未勝利       (混)[指] 馬齢 10頭 本賞金:560,220,140,84,56万円",10,560.0,3,2,2,パーシャングレー,牡,2,56.0,松山,95.2,ハナ,3,5.4,36.3,7-9,栗東 池添,484,8,
202508030902,2025-10-26,京都,2,2歳未勝利,芝,1600,右,曇,稍,"3回 京都 9日目 サラ系２歳 未勝利       (混)[指] 馬齢 10頭 本賞金:560,220,140,84,56万円",10,560.0,4,3,3,ミライチケット,牝,2,55.0,田口,95.4,1.1/4,7,29.1,36.4,10-9,栗東 加藤公,442,2,
202508030902,2025-10-26,京都,2,2歳未勝利,芝,1600,右,曇,稍,"3回 京都 9日目 サラ系２歳 未勝利       (混)[指] 馬齢 10頭 本賞金:560,220,140,84,56万円",10,560.0,5,7,8,トランスマリーン,牡,2,56.0,和田竜,95.5,クビ,4,8.6,36.7,7-6,栗東 平田,482,-4,
202508030902,2025-10-26,京都,2,2歳未勝利,芝,1600,右,曇,稍,"3回 京都 9日目 サラ系２歳 未勝利       (混)[指] 馬齢 10頭 本賞金:560,220,140,84,56万円",10,560.0,6,4,4,ウォーターブビンガ,牡,2,55.0,☆吉村,95.6,3/4,8,29.6,37.2,4-3,栗東 藤野,440,2,
202508030902,2025-10-26,京都,2,2歳未勝利,芝,1600,右,曇,稍,"3回 京都 9日目 サラ系２歳 未勝利       (混)[指] 馬齢 10頭 本賞金:560,220,140,84,56万円",10,560.0,7,8,9,ミトノリン,牝,2,55.0,西村淳,96.2,3.1/2,6,19.3,38.0,2-2,栗東 前川,476,2,
202508030902,2025-10-26,京都,2,2歳未勝利,芝,1600,右,曇,稍,"3回 京都 9日目 サラ系２歳 未勝利       (混)[指] 馬齢 10頭 本賞金:560,220,140,84,56万円",10,560.0,8,7,7,ナデシコザクラ,牝,2,55.0,菱田,96.4,3/4,5,12.3,38.1,3-3,栗東 秋山,424,-2,
202508030902,2025-10-26,京都,2,2歳未勝利,芝,1600,右,曇,稍,"3回 京都 9日目 サラ系２歳 未勝利       (混)[指] 馬齢 10頭 本賞金:560,220,140,84,56万円",10,560.0,9,5,5,クロワール,牡,2,56.0,酒井,96.6,1.1/4,10,198.6,37.8,7-6,栗東 鈴木孝,464,-2,
202508030902,2025-10-26,京都,2,2歳未勝利,芝,1600,右,曇,稍,"3回 京都 9日目 サラ系２歳 未勝利       (混)[指] 馬齢 10頭 本賞金:560,220,140,84,56万円",10,560.0,10,6,6,ジェイパック,牝,2,55.0,松若,97.9,8,9,41.8,39.2,5-6,栗東 宮本,438,-10,
202508030902,2025-10-26,京都,2,2歳未勝利,芝,1600,右,曇,稍,"3回 京都 9日目 サラ系２歳 未勝利       (混)[指] 馬齢 10頭 本賞金:560,220,140,84,56万円",10,560.0,,1,10,マイリトルヒーロー,,,103.0,107,,13.0,6,10.7,5.0,11.4,5,,,
202508030902,2025-10-26,京都,2,2歳未勝利,芝,1600,右,曇,稍,"3回 京都 9日目 サラ系２歳 未勝利       (混)[指] 馬齢 10頭 本賞金:560,220,140,84,56万円",10,560.0,,1,10,マイリトルヒーロー,,,,-,,-,,,,-,-,,,
202508030903,2025-10-26,京都,3,2歳未勝利,芝,2000,右,曇,稍,"3回 京都 9日目 サラ系２歳 未勝利       (混)[指] 馬齢 10頭 本賞金:560,220,140,84,56万円",10,560.0,1,7,8,メイショウソラリス,牡,2,56.0,武豊,122.5,,4,6.7,35.7,1-1-1-1,栗東 角田,460,0,
202508030903,2025-10-26,京都,3,2歳未勝利,芝,2000,右,曇,稍,"3回 京都 9日目 サラ系２歳 未勝利       (混)[指] 馬齢 10頭 本賞金:560,220,140,84,56万円",10,560.0,2,8,9,パーヴォ,牡,2,56.0,和田竜,123.0,3.1/2,3,4.3,35.6,9-9-8-9,栗東 吉田,456,4,
202508030903,2025-10-26,京都,3,2歳未勝利,芝,2000,右,曇,稍,"3回 京都 9日目 サラ系２歳 未勝利       (混)[指] 馬齢 10頭 本賞金:560,220,140,84,56万円",10,560.0,3,4,4,ショウナンバンライ,牡,2,56.0,池添,123.1,クビ,2,3.8,36.1,3-4-3-2,栗東 松下,466,4,
202508030903,2025-10-26,京都,3,2歳未勝利,芝,2000,右,曇,稍,"3回 京都 9日目 サラ系２歳 未勝利       (混)[指] 馬齢 10頭 本賞金:560,220,140,84,56万円",10,560.0,4,3,3,ヨカオウ,牡,2,56.0,岩田康,123.2,3/4,6,14.8,36.0,5-5-5-5,栗東 谷,470,-2,
202508030903,2025-10-26,京都,3,2歳未勝利,芝,2000,右,曇,稍,"3回 京都 9日目 サラ系２歳 未勝利       (混)[指] 馬齢 10頭 本賞金:560,220,140,84,56万円",10,560.0,5,6,6,カトマンズゴールド,牝,2,55.0,松山,123.3,3/4,1,2.3,36.1,8-8-5-5,栗東 宮本,474,4,
202508030903,2025-10-26,京都,3,2歳未勝利,芝,2000,右,曇,稍,"3回 京都 9日目 サラ系２歳 未勝利       (混)[指] 馬齢 10頭 本賞金:560,220,140,84,56万円",10,560.0,6,8,10,キーテーマ,牝,2,55.0,長岡,123.3,ハナ,7,46.7,35.8,7-7-10-9,栗東 宮,446,0,
202508030903,2025-10-26,京都,3,2歳未勝利,芝,2000,右,曇,稍,"3回 京都 9日目 サラ系２歳 未勝利       (混)[指] 馬齢 10頭 本賞金:560,220,140,84,56万円",10,560.0,7,2,2,イロゴルシ,牡,2,56.0,高杉,123.8,2.1/2,8,57.0,36.5,10-9-8-8,栗東 牧田,512,2,
202508030903,2025-10-26,京都,3,2歳未勝利,芝,2000,右,曇,稍,"3回 京都 9日目 サラ系２歳 未勝利       (混)[指] 馬齢 10頭 本賞金:560,220,140,84,56万円",10,560.0,8,5,5,アスクチャンスマン,牡,2,56.0,戸崎圭,123.9,3/4,5,12.5,36.6,5-5-7-5,栗東 梅田,438,4,
202508030903,2025-10-26,京都,3,2歳未勝利,芝,2000,右,曇,稍,"3回 京都 9日目 サラ系２歳 未勝利       (混)[指] 馬齢 10頭 本賞金:560,220,140,84,56万円",10,560.0,9,1,1,ウインビスタ,牡,2,56.0,松若,124.1,1.1/4,9,147.1,37.0,3-3-3-4,栗東 梅田,438,-2,
202508030903,2025-10-26,京都,3,2歳未勝利,芝,2000,右,曇,稍,"3回 京都 9日目 サラ系２歳 未勝利       (混)[指] 馬齢 10頭 本賞金:560,220,140,84,56万円",10,560.0,10,7,7,バンダムソレール,牡,2,56.0,田口,125.7,10,10,204.2,38.8,2-2-2-2,栗東 小栗,462,-2,
202508030903,2025-10-26,京都,3,2歳未勝利,芝,2000,右,曇,稍,"3回 京都 9日目 サラ系２歳 未勝利       (混)[指] 馬齢 10頭 本賞金:560,220,140,84,56万円",10,560.0,,1,8,メイショウソラリス,,,98.0,85,,12.6,4,11.6,1.0,12.2,1,,,
202508030903,2025-10-26,京都,3,2歳未勝利,芝,2000,右,曇,稍,"3回 京都 9日目 サラ系２歳 未勝利       (混)[指] 馬齢 10頭 本賞金:560,220,140,84,56万円",10,560.0,,1,8,メイショウソラリス,,,,-,,-,,,,-,-,,,
202508030904,2025-10-26,京都,4,2歳新馬,ダ,1800,右,曇,重,"3回 京都 9日目 サラ系２歳 新馬       (混)[指] 馬齢 16頭 本賞金:750,300,190,110,75万円",16,750.0,1,4,8,ダノンバーボン,牡,2,56.0,松山,111.9,,3,5.4,36.1,1-1-1-1,栗東 池添,500,0,
202508030904,2025-10-26,京都,4,2歳新馬,ダ,1800,右,曇,重,"3回 京都 9日目 サラ系２歳 新馬       (混)[指] 馬齢 16頭 本賞金:750,300,190,110,75万円",16,750.0,2,2,4,ファイアスピリット,牡,2,56.0,松若,113.6,10,4,7.4,37.3,9-7-6-3,栗東 東田,528,0,
202508030904,2025-10-26,京都,4,2歳新馬,ダ,1800,右,曇,重,"3回 京都 9日目 サラ系２歳 新馬       (混)[指] 馬齢 16頭 本賞金:750,300,190,110,75万円",16,750.0,3,1,1,キタノシャカール,牡,2,56.0,池添,114.0,2.1/2,15,101.5,37.6,9-7-6-7,栗東 吉田,430,0,
202508030904,2025-10-26,京都,4,2歳新馬,ダ,1800,右,曇,重,"3回 京都 9日目 サラ系２歳 新馬       (混)[指] 馬齢 16頭 本賞金:750,300,190,110,75万円",16,750.0,4,8,16,メイショウセンドウ,牡,2,56.0,横山和,114.1,1/2,5,9.4,37.8,3-2-4-5,栗東 飯田,484,0,
202508030904,2025-10-26,京都,4,2歳新馬,ダ,1800,右,曇,重,"3回 京都 9日目 サラ系２歳 新馬       (混)[指] 馬齢 16頭 本賞金:750,300,190,110,75万円",16,750.0,5,6,12,ジーティーピカソ,牡,2,56.0,西村淳,114.2,3/4,1,3.6,38.2,2-2-2-2,栗東 宮地,542,0,
202508030904,2025-10-26,京都,4,2歳新馬,ダ,1800,右,曇,重,"3回 京都 9日目 サラ系２歳 新馬       (混)[指] 馬齢 16頭 本賞金:750,300,190,110,75万円",16,750.0,6,8,15,リーチグローリー,牝,2,55.0,和田竜,114.7,3,9,30.3,37.3,16-16-15-12,栗東 浜田,496,0,
202508030904,2025-10-26,京都,4,2歳新馬,ダ,1800,右,曇,重,"3回 京都 9日目 サラ系２歳 新馬       (混)[指] 馬齢 16頭 本賞金:750,300,190,110,75万円",16,750.0,7,2,3,サイモンエクセラー,牡,2,56.0,小崎,115.0,1.3/4,10,46.7,38.8,5-4-4-5,栗東 四位,446,0,
202508030904,2025-10-26,京都,4,2歳新馬,ダ,1800,右,曇,重,"3回 京都 9日目 サラ系２歳 新馬       (混)[指] 馬齢 16頭 本賞金:750,300,190,110,75万円",16,750.0,8,7,14,イザベラサンライズ,牝,2,52.0,▲田山,115.2,1.1/4,11,49.3,38.6,3-4-8-8,栗東 羽月,390,0,
202508030904,2025-10-26,京都,4,2歳新馬,ダ,1800,右,曇,重,"3回 京都 9日目 サラ系２歳 新馬       (混)[指] 馬齢 16頭 本賞金:750,300,190,110,75万円",16,750.0,9,3,6,フローラルウェイ,牝,2,55.0,岩田望,115.5,1.3/4,8,26.9,39.4,5-4-3-3,栗東 佐藤悠,424,0,
202508030904,2025-10-26,京都,4,2歳新馬,ダ,1800,右,曇,重,"3回 京都 9日目 サラ系２歳 新馬       (混)[指] 馬齢 16頭 本賞金:750,300,190,110,75万円",16,750.0,10,6,11,サラサダンディー,牡,2,56.0,菱田,115.9,2.1/2,14,97.4,38.4,14-14-14-15,栗東 岡田,506,0,
202508030904,2025-10-26,京都,4,2歳新馬,ダ,1800,右,曇,重,"3回 京都 9日目 サラ系２歳 新馬       (混)[指] 馬齢 16頭 本賞金:750,300,190,110,75万円",16,750.0,11,5,10,リオンサーガ,牡,2,56.0,田口,116.2,1.3/4,12,81.1,39.4,7-7-9-9,栗東 宮地,518,0,
202508030904,2025-10-26,京都,4,2歳新馬,ダ,1800,右,曇,重,"3回 京都 9日目 サラ系２歳 新馬       (混)[指] 馬齢 16頭 本賞金:750,300,190,110,75万円",16,750.0,12,5,9,ゴーレジェンド,牡,2,55.0,☆吉村,116.3,3/4,7,17.8,39.4,7-7-10-9,栗東 武英,472,0,
202508030904,2025-10-26,京都,4,2歳新馬,ダ,1800,右,曇,重,"3回 京都 9日目 サラ系２歳 新馬       (混)[指] 馬齢 16頭 本賞金:750,300,190,110,75万円",16,750.0,13,1,2,ゼウステソーロ,牡,2,56.0,酒井,118.4,大,13,83.3,41.5,13-11-12-9,美浦 加藤士,476,0,
202508030904,2025-10-26,京都,4,2歳新馬,ダ,1800,右,曇,重,"3回 京都 9日目 サラ系２歳 新馬       (混)[指] 馬齢 16頭 本賞金:750,300,190,110,75万円",16,750.0,14,3,5,アルダ,牡,2,56.0,佐々木,118.8,2.1/2,2,3.9,41.6,11-13-13-13,栗東 石坂,500,0,
202508030904,2025-10-26,京都,4,2歳新馬,ダ,1800,右,曇,重,"3回 京都 9日目 サラ系２歳 新馬       (混)[指] 馬齢 16頭 本賞金:750,300,190,110,75万円",16,750.0,15,4,7,ミスティパープル,牝,2,55.0,戸崎圭,118.8,ハナ,6,12.1,41.8,11-11-10-14,栗東 茶木,448,0,
202508030904,2025-10-26,京都,4,2歳新馬,ダ,1800,右,曇,重,"3回 京都 9日目 サラ系２歳 新馬       (混)[指] 馬齢 16頭 本賞金:750,300,190,110,75万円",16,750.0,16,7,13,ワンダーサイファー,牡,2,56.0,長岡,119.3,3,16,253.8,41.0,15-15-16-16,栗東 森田,502,0,
202508030904,2025-10-26,京都,4,2歳新馬,ダ,1800,右,曇,重,"3回 京都 9日目 サラ系２歳 新馬       (混)[指] 馬齢 16頭 本賞金:750,300,190,110,75万円",16,750.0,,1,8,ダノンバーボン,,,97.0,84,,12.5,3,11.8,1.0,12.8,2,,,
202508030904,2025-10-26,京都,4,2歳新馬,ダ,1800,右,曇,重,"3回 京都 9日目 サラ系２歳 新馬       (混)[指] 馬齢 16頭 本賞金:750,300,190,110,75万円",16,750.0,,1,8,ダノンバーボン,,,,-,,-,,,,-,-,,,
202508030905,2025-10-26,京都,5,2歳新馬,芝,1800,右,曇,稍,"3回 京都 9日目 サラ系２歳 新馬       (混)[指] 馬齢 10頭 本賞金:750,300,190,110,75万円",10,750.0,1,6,6,テルヒコウ,牡,2,56.0,坂井,110.5,,3,7.0,33.7,1-1,栗東 矢作,486,0,
202508030905,2025-10-26,京都,5,2歳新馬,芝,1800,右,曇,稍,"3回 京都 9日目 サラ系２歳 新馬       (混)[指] 馬齢 10頭 本賞金:750,300,190,110,75万円",10,750.0,2,1,1,エムズビギン,牡,2,56.0,ルメー,110.9,2.1/2,1,1.4,33.6,5-5,栗東 友道,504,0,
202508030905,2025-10-26,京都,5,2歳新馬,芝,1800,右,曇,稍,"3回 京都 9日目 サラ系２歳 新馬       (混)[指] 馬齢 10頭 本賞金:750,300,190,110,75万円",10,750.0,3,4,4,シートゥサミット,牡,2,56.0,小崎,111.5,3.1/2,6,30.7,33.7,8-8,栗東 吉岡,518,0,
202508030905,2025-10-26,京都,5,2歳新馬,芝,1800,右,曇,稍,"3回 京都 9日目 サラ系２歳 新馬       (混)[指] 馬齢 10頭 本賞金:750,300,190,110,75万円",10,750.0,4,5,5,ジュンドラドラ,牡,2,56.0,岩田望,111.5,アタマ,4,8.3,34.2,5-5,栗東 清水久,546,0,
202508030905,2025-10-26,京都,5,2歳新馬,芝,1800,右,曇,稍,"3回 京都 9日目 サラ系２歳 新馬       (混)[指] 馬齢 10頭 本賞金:750,300,190,110,75万円",10,750.0,5,2,2,スウィーティーベル,牝,2,55.0,北村友,111.7,1.1/4,5,23.0,34.1,8-7,栗東 田中克,408,0,
202508030905,2025-10-26,京都,5,2歳新馬,芝,1800,右,曇,稍,"3回 京都 9日目 サラ系２歳 新馬       (混)[指] 馬齢 10頭 本賞金:750,300,190,110,75万円",10,750.0,6,7,7,ジェンティール,牡,2,56.0,佐々木,111.8,1/2,7,33.8,34.8,2-2,栗東 須貝,494,0,
202508030905,2025-10-26,京都,5,2歳新馬,芝,1800,右,曇,稍,"3回 京都 9日目 サラ系２歳 新馬       (混)[指] 馬齢 10頭 本賞金:750,300,190,110,75万円",10,750.0,7,7,8,グラシアムヘール,牝,2,55.0,松山,112.0,1.1/4,2,6.4,34.9,3-3,栗東 藤原,496,0,
202508030905,2025-10-26,京都,5,2歳新馬,芝,1800,右,曇,稍,"3回 京都 9日目 サラ系２歳 新馬       (混)[指] 馬齢 10頭 本賞金:750,300,190,110,75万円",10,750.0,8,3,3,キョウエイクローム,牝,2,55.0,高倉,113.0,6,10,179.2,35.8,4-3,栗東 森田,434,0,
202508030905,2025-10-26,京都,5,2歳新馬,芝,1800,右,曇,稍,"3回 京都 9日目 サラ系２歳 新馬       (混)[指] 馬齢 10頭 本賞金:750,300,190,110,75万円",10,750.0,9,8,10,アマビエ,牝,2,55.0,嶋田,113.8,5,9,169.1,36.1,8-8,美浦 南田,406,0,
202508030905,2025-10-26,京都,5,2歳新馬,芝,1800,右,曇,稍,"3回 京都 9日目 サラ系２歳 新馬       (混)[指] 馬齢 10頭 本賞金:750,300,190,110,75万円",10,750.0,10,8,9,ヨシノサンキュー,牡,2,56.0,角田和,117.6,大,8,111.3,39.8,5-10,栗東 中竹,490,0,
202508030905,2025-10-26,京都,5,2歳新馬,芝,1800,右,曇,稍,"3回 京都 9日目 サラ系２歳 新馬       (混)[指] 馬齢 10頭 本賞金:750,300,190,110,75万円",10,750.0,,1,6,テルヒコウ,,,89.0,65,,13.4,6,12.0,4.0,12.5,2,,,
202508030905,2025-10-26,京都,5,2歳新馬,芝,1800,右,曇,稍,"3回 京都 9日目 サラ系２歳 新馬       (混)[指] 馬齢 10頭 本賞金:750,300,190,110,75万円",10,750.0,,1,6,テルヒコウ,,,,-,,-,,,,-,-,,,
202508030906,2025-10-26,京都,6,3歳以上1勝クラス,ダ,1400,右,曇,重,"3回 京都 9日目 サラ系３歳以上 １勝クラス       [指] 定量 11頭 本賞金:800,320,200,120,80万円",11,800.0,1,3,3,アンビシャスヨシノ,牡,3,56.0,角田和,83.4,,11,91.9,36.0,10-10,栗東 吉田,468,0,
202508030906,2025-10-26,京都,6,3歳以上1勝クラス,ダ,1400,右,曇,重,"3回 京都 9日目 サラ系３歳以上 １勝クラス       [指] 定量 11頭 本賞金:800,320,200,120,80万円",11,800.0,2,2,2,サンマルノヴェル,牡,3,56.0,田口,83.7,2,1,2.4,36.9,3-4,栗東 大橋,510,8,
202508030906,2025-10-26,京都,6,3歳以上1勝クラス,ダ,1400,右,曇,重,"3回 京都 9日目 サラ系３歳以上 １勝クラス       [指] 定量 11頭 本賞金:800,320,200,120,80万円",11,800.0,3,8,11,テイエムパイロット,牡,3,53.0,▲田山,83.7,クビ,5,13.2,36.9,3-2,栗東 秋山,506,-6,
202508030906,2025-10-26,京都,6,3歳以上1勝クラス,ダ,1400,右,曇,重,"3回 京都 9日目 サラ系３歳以上 １勝クラス       [指] 定量 11頭 本賞金:800,320,200,120,80万円",11,800.0,4,6,7,ポッドドンナー,牡,3,55.0,☆吉村,83.8,クビ,6,15.7,36.7,7-7,栗東 辻野,476,6,
202508030906,2025-10-26,京都,6,3歳以上1勝クラス,ダ,1400,右,曇,重,"3回 京都 9日目 サラ系３歳以上 １勝クラス       [指] 定量 11頭 本賞金:800,320,200,120,80万円",11,800.0,5,8,10,サンライズシア,牡,4,58.0,高杉,84.3,3.1/2,4,8.3,37.0,7-7,栗東 石坂,512,6,
202508030906,2025-10-26,京都,6,3歳以上1勝クラス,ダ,1400,右,曇,重,"3回 京都 9日目 サラ系３歳以上 １勝クラス       [指] 定量 11頭 本賞金:800,320,200,120,80万円",11,800.0,6,7,9,セナマリン,牝,3,54.0,岩田望,84.4,クビ,2,2.8,37.4,6-6,栗東 安田,512,2,
202508030906,2025-10-26,京都,6,3歳以上1勝クラス,ダ,1400,右,曇,重,"3回 京都 9日目 サラ系３歳以上 １勝クラス       [指] 定量 11頭 本賞金:800,320,200,120,80万円",11,800.0,7,6,6,ケイアイブイスリー,牡,3,56.0,和田竜,84.5,1/2,7,25.9,37.9,2-2,栗東 平田,444,0,
202508030906,2025-10-26,京都,6,3歳以上1勝クラス,ダ,1400,右,曇,重,"3回 京都 9日目 サラ系３歳以上 １勝クラス       [指] 定量 11頭 本賞金:800,320,200,120,80万円",11,800.0,8,1,1,モズフラッシュ,牝,3,54.0,佐々木,84.5,1/2,3,8.1,37.6,3-4,栗東 畑端,502,-7,
202508030906,2025-10-26,京都,6,3歳以上1勝クラス,ダ,1400,右,曇,重,"3回 京都 9日目 サラ系３歳以上 １勝クラス       [指] 定量 11頭 本賞金:800,320,200,120,80万円",11,800.0,9,5,5,バシリス,牝,3,54.0,小崎,85.2,4,8,26.0,38.6,1-1,栗東 寺島,458,-2,
202508030906,2025-10-26,京都,6,3歳以上1勝クラス,ダ,1400,右,曇,重,"3回 京都 9日目 サラ系３歳以上 １勝クラス       [指] 定量 11頭 本賞金:800,320,200,120,80万円",11,800.0,10,4,4,サムデイ,牝,4,56.0,団野,85.3,1/2,9,67.5,37.9,10-11,栗東 新谷,442,0,
202508030906,2025-10-26,京都,6,3歳以上1勝クラス,ダ,1400,右,曇,重,"3回 京都 9日目 サラ系３歳以上 １勝クラス       [指] 定量 11頭 本賞金:800,320,200,120,80万円",11,800.0,11,7,8,デュアルロール,牝,3,54.0,北村友,85.5,1,10,85.6,38.4,7-7,栗東 笹田,490,-4,
202508030906,2025-10-26,京都,6,3歳以上1勝クラス,ダ,1400,右,曇,重,"3回 京都 9日目 サラ系３歳以上 １勝クラス       [指] 定量 11頭 本賞金:800,320,200,120,80万円",11,800.0,,1,3,アンビシャスヨシノ,,,93.0,91,,12.9,4,10.9,4.0,11.5,3,,,
202508030906,2025-10-26,京都,6,3歳以上1勝クラス,ダ,1400,右,曇,重,"3回 京都 9日目 サラ系３歳以上 １勝クラス       [指] 定量 11頭 本賞金:800,320,200,120,80万円",11,800.0,,1,3,アンビシャスヨシノ,,,,-,,-,,,,-,-,,,
202508030907,2025-10-26,京都,7,3歳以上1勝クラス,ダ,1800,右,曇,重,"3回 京都 9日目 サラ系３歳以上 １勝クラス       牝[指] 定量 12頭 本賞金:800,320,200,120,80万円",12,800.0,1,6,7,ステアハート,牝,3,51.0,▲田山,111.8,,2,3.6,35.9,3-3-3-3,栗東 新谷,468,-6,
202508030907,2025-10-26,京都,7,3歳以上1勝クラス,ダ,1800,右,曇,重,"3回 京都 9日目 サラ系３歳以上 １勝クラス       牝[指] 定量 12頭 本賞金:800,320,200,120,80万円",12,800.0,2,8,12,ナムラルッコラ,牝,4,56.0,田口,112.1,2,7,13.5,36.5,2-2-2-1,栗東 大橋,508,-2,
202508030907,2025-10-26,京都,7,3歳以上1勝クラス,ダ,1800,右,曇,重,"3回 京都 9日目 サラ系３歳以上 １勝クラス       牝[指] 定量 12頭 本賞金:800,320,200,120,80万円",12,800.0,3,6,8,ハギノコラソン,牝,3,54.0,岩田望,112.5,2.1/2,3,8.3,36.3,8-8-5-4,栗東 寺島,474,-4,
202508030907,2025-10-26,京都,7,3歳以上1勝クラス,ダ,1800,右,曇,重,"3回 京都 9日目 サラ系３歳以上 １勝クラス       牝[指] 定量 12頭 本賞金:800,320,200,120,80万円",12,800.0,4,5,5,デルマサクラサク,牝,3,53.0,☆吉村,112.5,アタマ,8,67.5,36.1,9-8-8-6,栗東 牧田,474,0,
202508030907,2025-10-26,京都,7,3歳以上1勝クラス,ダ,1800,右,曇,重,"3回 京都 9日目 サラ系３歳以上 １勝クラス       牝[指] 定量 12頭 本賞金:800,320,200,120,80万円",12,800.0,5,5,6,ジュルナール,牝,3,54.0,松山,112.6,クビ,1,2.0,37.0,1-1-1-2,栗東 池添,470,4,
202508030907,2025-10-26,京都,7,3歳以上1勝クラス,ダ,1800,右,曇,重,"3回 京都 9日目 サラ系３歳以上 １勝クラス       牝[指] 定量 12頭 本賞金:800,320,200,120,80万円",12,800.0,6,7,9,カルミアクラウン,牝,3,54.0,川田,112.8,1.1/4,5,12.1,36.8,3-3-3-4,栗東 吉岡,442,-4,
202508030907,2025-10-26,京都,7,3歳以上1勝クラス,ダ,1800,右,曇,重,"3回 京都 9日目 サラ系３歳以上 １勝クラス       牝[指] 定量 12頭 本賞金:800,320,200,120,80万円",12,800.0,7,1,1,スルーザナイト,牝,3,54.0,北村友,112.9,クビ,4,11.2,36.6,5-6-5-6,栗東 西園翔,494,8,
202508030907,2025-10-26,京都,7,3歳以上1勝クラス,ダ,1800,右,曇,重,"3回 京都 9日目 サラ系３歳以上 １勝クラス       牝[指] 定量 12頭 本賞金:800,320,200,120,80万円",12,800.0,8,8,11,シゲルオトヒメ,牝,6,56.0,酒井,112.9,ハナ,9,103.1,35.9,12-12-12-11,栗東 谷,438,-2,
202508030907,2025-10-26,京都,7,3歳以上1勝クラス,ダ,1800,右,曇,重,"3回 京都 9日目 サラ系３歳以上 １勝クラス       牝[指] 定量 12頭 本賞金:800,320,200,120,80万円",12,800.0,9,4,4,メイショウマヒロ,牝,3,54.0,角田和,113.3,2.1/2,12,231.7,36.7,7-7-9-9,栗東 飯田,400,-4,
202508030907,2025-10-26,京都,7,3歳以上1勝クラス,ダ,1800,右,曇,重,"3回 京都 9日目 サラ系３歳以上 １勝クラス       牝[指] 定量 12頭 本賞金:800,320,200,120,80万円",12,800.0,10,3,3,ルージュミステリオ,牝,3,54.0,菱田,113.7,2.1/2,6,12.8,36.9,11-11-10-10,栗東 辻野,434,10,
202508030907,2025-10-26,京都,7,3歳以上1勝クラス,ダ,1800,右,曇,重,"3回 京都 9日目 サラ系３歳以上 １勝クラス       牝[指] 定量 12頭 本賞金:800,320,200,120,80万円",12,800.0,11,7,10,オースミライト,牝,3,54.0,加藤,114.6,5,11,224.4,38.4,5-5-5-6,栗東 宮本,474,2,
202508030907,2025-10-26,京都,7,3歳以上1勝クラス,ダ,1800,右,曇,重,"3回 京都 9日目 サラ系３歳以上 １勝クラス       牝[指] 定量 12頭 本賞金:800,320,200,120,80万円",12,800.0,12,2,2,ニホンピロマリンバ,牝,4,56.0,松若,115.6,6,10,118.2,38.8,9-8-10-11,栗東 安達,526,28,
202508030907,2025-10-26,京都,7,3歳以上1勝クラス,ダ,1800,右,曇,重,"3回 京都 9日目 サラ系３歳以上 １勝クラス       牝[指] 定量 12頭 本賞金:800,320,200,120,80万円",12,800.0,,1,7,ステアハート,,,93.0,79,,12.6,5,11.9,2.0,12.9,4,,,
202508030907,2025-10-26,京都,7,3歳以上1勝クラス,ダ,1800,右,曇,重,"3回 京都 9日目 サラ系３歳以上 １勝クラス       牝[指] 定量 12頭 本賞金:800,320,200,120,80万円",12,800.0,,1,7,ステアハート,,,,-,,-,,,,-,-,,,
202508030908,2025-10-26,京都,8,壬生特別,芝,1200,右,曇,稍,"3回 京都 9日目 サラ系３歳以上 ２勝クラス       (混)[指] 定量 14頭 本賞金:1550,620,390,230,155万円",14,1550.0,1,6,9,モジャーリオ,牡,3,57.0,横山和,68.7,,1,3.7,33.7,3-3,美浦 斎藤誠,462,4,
202508030908,2025-10-26,京都,8,壬生特別,芝,1200,右,曇,稍,"3回 京都 9日目 サラ系３歳以上 ２勝クラス       (混)[指] 定量 14頭 本賞金:1550,620,390,230,155万円",14,1550.0,2,5,8,アオイレーギーナ,牝,3,55.0,池添,68.8,3/4,6,10.6,33.5,7-7,栗東 宮地,498,6,
202508030908,2025-10-26,京都,8,壬生特別,芝,1200,右,曇,稍,"3回 京都 9日目 サラ系３歳以上 ２勝クラス       (混)[指] 定量 14頭 本賞金:1550,620,390,230,155万円",14,1550.0,3,3,3,フードマン,牡,3,57.0,岩田望,68.8,ハナ,4,6.6,33.6,7-7,栗東 小栗,482,-2,
202508030908,2025-10-26,京都,8,壬生特別,芝,1200,右,曇,稍,"3回 京都 9日目 サラ系３歳以上 ２勝クラス       (混)[指] 定量 14頭 本賞金:1550,620,390,230,155万円",14,1550.0,4,8,14,コウセキ,牡,3,57.0,ルメー,68.9,1/2,2,3.8,34.1,2-2,栗東 西園正,486,0,
202508030908,2025-10-26,京都,8,壬生特別,芝,1200,右,曇,稍,"3回 京都 9日目 サラ系３歳以上 ２勝クラス       (混)[指] 定量 14頭 本賞金:1550,620,390,230,155万円",14,1550.0,5,7,12,ルージュスエルテ,牝,4,56.0,佐々木,69.0,3/4,7,14.0,33.2,13-13,美浦 国枝,480,0,
202508030908,2025-10-26,京都,8,壬生特別,芝,1200,右,曇,稍,"3回 京都 9日目 サラ系３歳以上 ２勝クラス       (混)[指] 定量 14頭 本賞金:1550,620,390,230,155万円",14,1550.0,6,5,7,アンビバレント,牡,5,58.0,田口,69.0,ハナ,10,44.6,33.4,10-11,栗東 藤野,482,6,
202508030908,2025-10-26,京都,8,壬生特別,芝,1200,右,曇,稍,"3回 京都 9日目 サラ系３歳以上 ２勝クラス       (混)[指] 定量 14頭 本賞金:1550,620,390,230,155万円",14,1550.0,7,8,13,シュブロンレーヴル,牝,4,56.0,吉村,69.1,クビ,9,33.7,34.0,5-3,栗東 杉山佳,420,-2,
202508030908,2025-10-26,京都,8,壬生特別,芝,1200,右,曇,稍,"3回 京都 9日目 サラ系３歳以上 ２勝クラス       (混)[指] 定量 14頭 本賞金:1550,620,390,230,155万円",14,1550.0,8,4,6,スーパーマン,牡,5,58.0,松若,69.2,3/4,12,83.7,33.5,13-13,美浦 岩戸,490,4,
202508030908,2025-10-26,京都,8,壬生特別,芝,1200,右,曇,稍,"3回 京都 9日目 サラ系３歳以上 ２勝クラス       (混)[指] 定量 14頭 本賞金:1550,620,390,230,155万円",14,1550.0,9,2,2,レディメローラ,牝,5,56.0,和田竜,69.2,ハナ,14,87.8,34.1,5-6,栗東 北出,420,18,
202508030908,2025-10-26,京都,8,壬生特別,芝,1200,右,曇,稍,"3回 京都 9日目 サラ系３歳以上 ２勝クラス       (混)[指] 定量 14頭 本賞金:1550,620,390,230,155万円",14,1550.0,10,4,5,クールベイビー,牝,4,56.0,荻野極,69.2,クビ,8,26.6,34.6,1-1,美浦 矢野,468,4,
202508030908,2025-10-26,京都,8,壬生特別,芝,1200,右,曇,稍,"3回 京都 9日目 サラ系３歳以上 ２勝クラス       (混)[指] 定量 14頭 本賞金:1550,620,390,230,155万円",14,1550.0,11,1,1,ピースフルナイト,牝,5,56.0,戸崎圭,69.2,ハナ,11,48.5,33.9,9-9,栗東 畑端,420,6,
202508030908,2025-10-26,京都,8,壬生特別,芝,1200,右,曇,稍,"3回 京都 9日目 サラ系３歳以上 ２勝クラス       (混)[指] 定量 14頭 本賞金:1550,620,390,230,155万円",14,1550.0,12,7,11,ビービーエフォート,牝,3,55.0,武豊,69.2,ハナ,5,10.0,33.6,10-11,美浦 高柳瑞,402,-2,
202508030908,2025-10-26,京都,8,壬生特別,芝,1200,右,曇,稍,"3回 京都 9日目 サラ系３歳以上 ２勝クラス       (混)[指] 定量 14頭 本賞金:1550,620,390,230,155万円",14,1550.0,13,6,10,ドナウパール,牝,5,56.0,団野,69.4,1.1/4,13,86.3,34.0,10-9,栗東 斉藤崇,456,-14,
202508030908,2025-10-26,京都,8,壬生特別,芝,1200,右,曇,稍,"3回 京都 9日目 サラ系３歳以上 ２勝クラス       (混)[指] 定量 14頭 本賞金:1550,620,390,230,155万円",14,1550.0,14,3,4,キントラダンサー,牝,3,55.0,西村淳,69.6,1,3,6.0,34.7,3-3,栗東 長谷川,470,8,
202508030908,2025-10-26,京都,8,壬生特別,芝,1200,右,曇,稍,"3回 京都 9日目 サラ系３歳以上 ２勝クラス       (混)[指] 定量 14頭 本賞金:1550,620,390,230,155万円",14,1550.0,,1,9,モジャーリオ,,,93.0,90,,12.4,4,11.3,2.0,11.2,2,,,
202508030908,2025-10-26,京都,8,壬生特別,芝,1200,右,曇,稍,"3回 京都 9日目 サラ系３歳以上 ２勝クラス       (混)[指] 定量 14頭 本賞金:1550,620,390,230,155万円",14,1550.0,,1,9,モジャーリオ,,,,-,,-,,,,-,-,,,
202508030909,2025-10-26,京都,9,萩S,芝,1800,右,曇,稍,"3回 京都 9日目 サラ系２歳 オープン       (国際)(特指) 別定 8頭 本賞金:1700,680,430,260,170万円",8,1700.0,1,5,5,バドリナート,牡,2,56.0,坂井,107.1,,3,4.0,34.3,3-2,栗東 松永幹,488,-2,
202508030909,2025-10-26,京都,9,萩S,芝,1800,右,曇,稍,"3回 京都 9日目 サラ系２歳 オープン       (国際)(特指) 別定 8頭 本賞金:1700,680,430,260,170万円",8,1700.0,2,2,2,キッコベッロ,牡,2,56.0,川田,107.2,1,1,1.9,34.1,6-7,栗東 友道,494,6,
202508030909,2025-10-26,京都,9,萩S,芝,1800,右,曇,稍,"3回 京都 9日目 サラ系２歳 オープン       (国際)(特指) 別定 8頭 本賞金:1700,680,430,260,170万円",8,1700.0,3,1,1,ストームサンダー,牡,2,56.0,岩田望,107.4,1,6,31.2,34.3,6-4,栗東 安達,456,2,
202508030909,2025-10-26,京都,9,萩S,芝,1800,右,曇,稍,"3回 京都 9日目 サラ系２歳 オープン       (国際)(特指) 別定 8頭 本賞金:1700,680,430,260,170万円",8,1700.0,4,8,8,カレントゥルーシー,牡,2,56.0,松山,107.5,1/2,4,10.1,35.0,1-1,栗東 鈴木孝,492,-2,
202508030909,2025-10-26,京都,9,萩S,芝,1800,右,曇,稍,"3回 京都 9日目 サラ系２歳 オープン       (国際)(特指) 別定 8頭 本賞金:1700,680,430,260,170万円",8,1700.0,5,6,6,オルネーロ,牡,2,56.0,ルメー,107.6,3/4,2,3.6,34.7,4-4,美浦 宮田,494,4,
202508030909,2025-10-26,京都,9,萩S,芝,1800,右,曇,稍,"3回 京都 9日目 サラ系２歳 オープン       (国際)(特指) 別定 8頭 本賞金:1700,680,430,260,170万円",8,1700.0,6,7,7,クールデイトナ,牡,2,56.0,吉村,107.8,3/4,5,20.6,35.2,2-2,栗東 宮地,474,16,
202508030909,2025-10-26,京都,9,萩S,芝,1800,右,曇,稍,"3回 京都 9日目 サラ系２歳 オープン       (国際)(特指) 別定 8頭 本賞金:1700,680,430,260,170万円",8,1700.0,7,4,4,ディーリライズ,牡,2,56.0,高杉,108.2,2.1/2,7,35.3,35.2,4-4,栗東 緒方,472,12,
202508030909,2025-10-26,京都,9,萩S,芝,1800,右,曇,稍,"3回 京都 9日目 サラ系２歳 オープン       (国際)(特指) 別定 8頭 本賞金:1700,680,430,260,170万円",8,1700.0,8,3,3,セイカンサンラン,牡,2,56.0,田口,110.6,大,8,161.7,36.8,8-8,栗東 大根田,428,-2,
202508030909,2025-10-26,京都,9,萩S,芝,1800,右,曇,稍,"3回 京都 9日目 サラ系２歳 オープン       (国際)(特指) 別定 8頭 本賞金:1700,680,430,260,170万円",8,1700.0,,1,5,バドリナート,,,96.0,94,,13.0,3,11.5,2.0,11.5,2,,,
202508030909,2025-10-26,京都,9,萩S,芝,1800,右,曇,稍,"3回 京都 9日目 サラ系２歳 オープン       (国際)(特指) 別定 8頭 本賞金:1700,680,430,260,170万円",8,1700.0,,1,5,バドリナート,,,,-,,-,,,,-,-,,,
202508030910,2025-10-26,京都,10,カノープスS,ダ,1800,右,曇,重,"3回 京都 9日目 サラ系３歳以上 オープン       (国際)(特指) ハンデ 14頭 本賞金:2200,880,550,330,220万円",14,2200.0,1,3,4,シゲルショウグン,牡,5,57.5,岩田康,108.6,,4,7.3,36.5,3-4-2-3,栗東 大橋,520,-2,
202508030910,2025-10-26,京都,10,カノープスS,ダ,1800,右,曇,重,"3回 京都 9日目 サラ系３歳以上 オープン       (国際)(特指) ハンデ 14頭 本賞金:2200,880,550,330,220万円",14,2200.0,2,4,5,ジューンアヲニヨシ,牡,5,56.0,西村淳,108.8,3/4,2,4.0,36.7,3-2-2-2,栗東 松下,494,0,
202508030910,2025-10-26,京都,10,カノープスS,ダ,1800,右,曇,重,"3回 京都 9日目 サラ系３歳以上 オープン       (国際)(特指) ハンデ 14頭 本賞金:2200,880,550,330,220万円",14,2200.0,3,3,3,スナークラファエロ,セ,4,56.0,岩田望,109.1,2,5,9.8,36.6,10-10-8-4,栗東 野中,480,0,
202508030910,2025-10-26,京都,10,カノープスS,ダ,1800,右,曇,重,"3回 京都 9日目 サラ系３歳以上 オープン       (国際)(特指) ハンデ 14頭 本賞金:2200,880,550,330,220万円",14,2200.0,4,6,10,マリアナトレンチ,牡,5,55.0,松若,109.2,1/2,13,74.2,36.8,8-8-8-8,栗東 東田,478,6,
202508030910,2025-10-26,京都,10,カノープスS,ダ,1800,右,曇,重,"3回 京都 9日目 サラ系３歳以上 オープン       (国際)(特指) ハンデ 14頭 本賞金:2200,880,550,330,220万円",14,2200.0,5,5,7,レアンダー,牡,4,54.0,菱田,109.4,1,11,43.9,37.5,1-1-1-1,栗東 大根田,470,8,
202508030910,2025-10-26,京都,10,カノープスS,ダ,1800,右,曇,重,"3回 京都 9日目 サラ系３歳以上 オープン       (国際)(特指) ハンデ 14頭 本賞金:2200,880,550,330,220万円",14,2200.0,6,8,13,サーマルソアリング,牝,5,53.0,北村友,109.4,ハナ,9,22.4,36.4,13-13-13-12,栗東 藤原,502,-4,
202508030910,2025-10-26,京都,10,カノープスS,ダ,1800,右,曇,重,"3回 京都 9日目 サラ系３歳以上 オープン       (国際)(特指) ハンデ 14頭 本賞金:2200,880,550,330,220万円",14,2200.0,7,7,12,タイトニット,牡,5,56.5,坂井,109.6,1,1,3.9,36.9,11-11-10-10,栗東 今野,560,6,
202508030910,2025-10-26,京都,10,カノープスS,ダ,1800,右,曇,重,"3回 京都 9日目 サラ系３歳以上 オープン       (国際)(特指) ハンデ 14頭 本賞金:2200,880,550,330,220万円",14,2200.0,8,7,11,コトホドサヨウニ,牡,4,56.0,川田,109.6,クビ,6,13.2,37.3,3-4-5-4,栗東 奥村豊,506,6,
202508030910,2025-10-26,京都,10,カノープスS,ダ,1800,右,曇,重,"3回 京都 9日目 サラ系３歳以上 オープン       (国際)(特指) ハンデ 14頭 本賞金:2200,880,550,330,220万円",14,2200.0,9,5,8,エナハツホ,牝,6,51.0,高倉,109.7,1/2,14,89.7,36.8,13-13-13-14,栗東 吉田,466,-4,
202508030910,2025-10-26,京都,10,カノープスS,ダ,1800,右,曇,重,"3回 京都 9日目 サラ系３歳以上 オープン       (国際)(特指) ハンデ 14頭 本賞金:2200,880,550,330,220万円",14,2200.0,10,2,2,エルゲルージ,牡,6,56.0,高杉,109.8,3/4,10,28.1,37.2,12-12-10-10,栗東 石坂,518,0,
202508030910,2025-10-26,京都,10,カノープスS,ダ,1800,右,曇,重,"3回 京都 9日目 サラ系３歳以上 オープン       (国際)(特指) ハンデ 14頭 本賞金:2200,880,550,330,220万円",14,2200.0,11,1,1,タガノエスコート,牡,6,55.0,酒井,109.9,1/2,12,64.6,37.6,6-6-5-8,栗東 小林,506,10,
202508030910,2025-10-26,京都,10,カノープスS,ダ,1800,右,曇,重,"3回 京都 9日目 サラ系３歳以上 オープン       (国際)(特指) ハンデ 14頭 本賞金:2200,880,550,330,220万円",14,2200.0,12,8,14,マーブルロック,牡,5,56.5,武豊,110.7,5,7,19.2,38.6,2-2-2-4,栗東 西園正,520,4,
202508030910,2025-10-26,京都,10,カノープスS,ダ,1800,右,曇,重,"3回 京都 9日目 サラ系３歳以上 オープン       (国際)(特指) ハンデ 14頭 本賞金:2200,880,550,330,220万円",14,2200.0,13,4,6,ヴァルツァーシャル,牡,6,58.0,和田竜,112.6,大,8,20.2,40.3,6-6-5-4,美浦 高木,500,-4,
202508030910,2025-10-26,京都,10,カノープスS,ダ,1800,右,曇,重,"3回 京都 9日目 サラ系３歳以上 オープン       (国際)(特指) ハンデ 14頭 本賞金:2200,880,550,330,220万円",14,2200.0,14,6,9,ルシュヴァルドール,牡,4,56.0,松山,123.9,大,3,5.3,51.1,9-9-10-12,栗東 矢作,532,-4,
202508030910,2025-10-26,京都,10,カノープスS,ダ,1800,右,曇,重,"3回 京都 9日目 サラ系３歳以上 オープン       (国際)(特指) ハンデ 14頭 本賞金:2200,880,550,330,220万円",14,2200.0,,1,4,シゲルショウグン,,,103.0,111,,12.1,2,11.5,1.0,12.1,1,,,
202508030910,2025-10-26,京都,10,カノープスS,ダ,1800,右,曇,重,"3回 京都 9日目 サラ系３歳以上 オープン       (国際)(特指) ハンデ 14頭 本賞金:2200,880,550,330,220万円",14,2200.0,,1,4,シゲルショウグン,,,,-,,-,,,,-,-,,,
202508030911,2025-10-26,京都,11,菊花賞,芝,3000,右,小雨,稍,"3回 京都 9日目 サラ系３歳 オープン       (国際) 牡・牝(指) 馬齢 18頭 本賞金:20000,8000,5000,3000,2000万円",18,20000.0,1,5,9,エネルジコ,牡,3,57.0,ルメー,184.0,,1,3.8,35.0,15-14-8-4,美浦 高柳瑞,456,-12,
202508030911,2025-10-26,京都,11,菊花賞,芝,3000,右,小雨,稍,"3回 京都 9日目 サラ系３歳 オープン       (国際) 牡・牝(指) 馬齢 18頭 本賞金:20000,8000,5000,3000,2000万円",18,20000.0,2,7,15,エリキング,牡,3,57.0,川田,184.3,2,2,4.3,35.2,17-17-12-8,栗東 中内田,508,-2,
202508030911,2025-10-26,京都,11,菊花賞,芝,3000,右,小雨,稍,"3回 京都 9日目 サラ系３歳 オープン       (国際) 牡・牝(指) 馬齢 18頭 本賞金:20000,8000,5000,3000,2000万円",18,20000.0,3,7,14,エキサイトバイオ,牡,3,57.0,荻野極,184.4,3/4,13,82.6,35.7,4-5-2-1,栗東 今野,480,8,
202508030911,2025-10-26,京都,11,菊花賞,芝,3000,右,小雨,稍,"3回 京都 9日目 サラ系３歳 オープン       (国際) 牡・牝(指) 馬齢 18頭 本賞金:20000,8000,5000,3000,2000万円",18,20000.0,4,6,12,ゲルチュタール,牡,3,57.0,坂井,184.4,ハナ,5,9.2,35.2,9-9-12-8,栗東 杉山晴,524,8,
202508030911,2025-10-26,京都,11,菊花賞,芝,3000,右,小雨,稍,"3回 京都 9日目 サラ系３歳 オープン       (国際) 牡・牝(指) 馬齢 18頭 本賞金:20000,8000,5000,3000,2000万円",18,20000.0,5,8,18,レッドバンデ,牡,3,57.0,佐々木,184.5,クビ,9,17.4,35.5,7-6-6-4,美浦 大竹,482,-4,
202508030911,2025-10-26,京都,11,菊花賞,芝,3000,右,小雨,稍,"3回 京都 9日目 サラ系３歳 オープン       (国際) 牡・牝(指) 馬齢 18頭 本賞金:20000,8000,5000,3000,2000万円",18,20000.0,6,3,6,ミラージュナイト,牡,3,57.0,藤岡佑,184.5,クビ,8,15.2,35.1,18-18-17-14,栗東 辻野,492,6,
202508030911,2025-10-26,京都,11,菊花賞,芝,3000,右,小雨,稍,"3回 京都 9日目 サラ系３歳 オープン       (国際) 牡・牝(指) 馬齢 18頭 本賞金:20000,8000,5000,3000,2000万円",18,20000.0,7,1,1,コーチェラバレー,牡,3,57.0,西村淳,184.6,3/4,15,107.0,35.3,15-16-12-14,栗東 安田,438,-4,
202508030911,2025-10-26,京都,11,菊花賞,芝,3000,右,小雨,稍,"3回 京都 9日目 サラ系３歳 オープン       (国際) 牡・牝(指) 馬齢 18頭 本賞金:20000,8000,5000,3000,2000万円",18,20000.0,8,3,5,ジョバンニ,牡,3,57.0,松山,184.7,クビ,6,11.9,35.2,9-9-12-16,栗東 杉山晴,478,2,
202508030911,2025-10-26,京都,11,菊花賞,芝,3000,右,小雨,稍,"3回 京都 9日目 サラ系３歳 オープン       (国際) 牡・牝(指) 馬齢 18頭 本賞金:20000,8000,5000,3000,2000万円",18,20000.0,9,4,8,レクスノヴァス,牡,3,57.0,横山和,184.8,クビ,10,20.4,36.0,2-3-3-2,栗東 上村,484,-6,
202508030911,2025-10-26,京都,11,菊花賞,芝,3000,右,小雨,稍,"3回 京都 9日目 サラ系３歳 オープン       (国際) 牡・牝(指) 馬齢 18頭 本賞金:20000,8000,5000,3000,2000万円",18,20000.0,10,7,13,アロンディ,牡,3,57.0,団野,185.1,2,17,214.4,35.9,11-12-8-8,栗東 武英,452,0,
202508030911,2025-10-26,京都,11,菊花賞,芝,3000,右,小雨,稍,"3回 京都 9日目 サラ系３歳 オープン       (国際) 牡・牝(指) 馬齢 18頭 本賞金:20000,8000,5000,3000,2000万円",18,20000.0,11,1,2,アマキヒ,牡,3,57.0,戸崎圭,185.4,2,12,45.9,35.7,11-12-17-18,美浦 国枝,492,0,
202508030911,2025-10-26,京都,11,菊花賞,芝,3000,右,小雨,稍,"3回 京都 9日目 サラ系３歳 オープン       (国際) 牡・牝(指) 馬齢 18頭 本賞金:20000,8000,5000,3000,2000万円",18,20000.0,12,2,3,ライトトラック,牡,3,57.0,和田竜,185.5,3/4,11,41.9,36.3,6-6-8-8,栗東 友道,474,-4,
202508030911,2025-10-26,京都,11,菊花賞,芝,3000,右,小雨,稍,"3回 京都 9日目 サラ系３歳 オープン       (国際) 牡・牝(指) 馬齢 18頭 本賞金:20000,8000,5000,3000,2000万円",18,20000.0,13,6,11,マイユニバース,牡,3,57.0,武豊,185.5,クビ,4,9.1,36.7,11-11-3-3,栗東 武幸,464,-2,
202508030911,2025-10-26,京都,11,菊花賞,芝,3000,右,小雨,稍,"3回 京都 9日目 サラ系３歳 オープン       (国際) 牡・牝(指) 馬齢 18頭 本賞金:20000,8000,5000,3000,2000万円",18,20000.0,14,4,7,ショウヘイ,牡,3,57.0,岩田望,185.6,クビ,3,7.9,36.7,4-4-3-4,栗東 友道,472,8,
202508030911,2025-10-26,京都,11,菊花賞,芝,3000,右,小雨,稍,"3回 京都 9日目 サラ系３歳 オープン       (国際) 牡・牝(指) 馬齢 18頭 本賞金:20000,8000,5000,3000,2000万円",18,20000.0,15,8,17,レイヤードレッド,牡,3,57.0,嶋田,186.3,4,18,265.1,36.9,11-14-16-16,美浦 手塚久,484,8,
202508030911,2025-10-26,京都,11,菊花賞,芝,3000,右,小雨,稍,"3回 京都 9日目 サラ系３歳 オープン       (国際) 牡・牝(指) 馬齢 18頭 本賞金:20000,8000,5000,3000,2000万円",18,20000.0,16,2,4,ヤマニンブークリエ,牡,3,57.0,横山典,186.4,1/2,7,14.1,37.3,2-2-6-8,栗東 松永幹,516,0,
202508030911,2025-10-26,京都,11,菊花賞,芝,3000,右,小雨,稍,"3回 京都 9日目 サラ系３歳 オープン       (国際) 牡・牝(指) 馬齢 18頭 本賞金:20000,8000,5000,3000,2000万円",18,20000.0,17,8,16,ラーシャローム,牡,3,57.0,岩田康,188.3,大,16,179.1,39.2,7-6-8-13,美浦 奥村武,470,-8,
202508030911,2025-10-26,京都,11,菊花賞,芝,3000,右,小雨,稍,"3回 京都 9日目 サラ系３歳 オープン       (国際) 牡・牝(指) 馬齢 18頭 本賞金:20000,8000,5000,3000,2000万円",18,20000.0,18,5,10,ジーティーアダマン,牡,3,57.0,北村友,190.8,大,14,85.2,42.0,1-1-1-4,栗東 上村,492,0,
202508030911,2025-10-26,京都,11,菊花賞,芝,3000,右,小雨,稍,"3回 京都 9日目 サラ系３歳 オープン       (国際) 牡・牝(指) 馬齢 18頭 本賞金:20000,8000,5000,3000,2000万円",18,20000.0,,1,9,エネルジコ,,,97.0,92,,13.8,3,12.1,2.0,12.0,2,,,
202508030911,2025-10-26,京都,11,菊花賞,芝,3000,右,小雨,稍,"3回 京都 9日目 サラ系３歳 オープン       (国際) 牡・牝(指) 馬齢 18頭 本賞金:20000,8000,5000,3000,2000万円",18,20000.0,,1,9,エネルジコ,,,0.447,7.36,,6.39,,7.32,0.432,7.19,0.453,,,
202508030912,2025-10-26,京都,12,嵯峨野特別,ダ,1400,右,曇,重,"3回 京都 9日目 サラ系３歳以上 ２勝クラス       (混)[指] ハンデ 16頭 本賞金:1550,620,390,230,155万円",16,1550.0,1,7,13,ピエマンソン,牡,3,56.0,池添,82.8,,1,2.5,36.3,5-5,栗東 平田,478,2,
202508030912,2025-10-26,京都,12,嵯峨野特別,ダ,1400,右,曇,重,"3回 京都 9日目 サラ系３歳以上 ２勝クラス       (混)[指] ハンデ 16頭 本賞金:1550,620,390,230,155万円",16,1550.0,2,8,15,ウルスクローム,牡,3,55.0,高杉,83.0,1,3,5.8,36.4,8-5,栗東 大橋,480,-8,
202508030912,2025-10-26,京都,12,嵯峨野特別,ダ,1400,右,曇,重,"3回 京都 9日目 サラ系３歳以上 ２勝クラス       (混)[指] ハンデ 16頭 本賞金:1550,620,390,230,155万円",16,1550.0,3,5,9,アレ,牡,4,56.0,西村淳,83.3,1.3/4,9,28.8,36.4,10-10,栗東 中内田,514,0,
202508030912,2025-10-26,京都,12,嵯峨野特別,ダ,1400,右,曇,重,"3回 京都 9日目 サラ系３歳以上 ２勝クラス       (混)[指] ハンデ 16頭 本賞金:1550,620,390,230,155万円",16,1550.0,4,3,6,コスモストーム,牡,3,56.0,秋山稔,83.3,ハナ,4,8.5,36.3,11-11,栗東 北出,514,6,
202508030912,2025-10-26,京都,12,嵯峨野特別,ダ,1400,右,曇,重,"3回 京都 9日目 サラ系３歳以上 ２勝クラス       (混)[指] ハンデ 16頭 本賞金:1550,620,390,230,155万円",16,1550.0,5,6,11,テーオールビー,牝,4,53.0,長岡,83.3,クビ,10,50.2,37.1,2-2,栗東 宮,462,-6,
202508030912,2025-10-26,京都,12,嵯峨野特別,ダ,1400,右,曇,重,"3回 京都 9日目 サラ系３歳以上 ２勝クラス       (混)[指] ハンデ 16頭 本賞金:1550,620,390,230,155万円",16,1550.0,6,2,3,ヤマニンバロネス,牝,3,53.0,武豊,83.4,1/2,5,9.4,36.5,11-11,栗東 千田,468,-4,
202508030912,2025-10-26,京都,12,嵯峨野特別,ダ,1400,右,曇,重,"3回 京都 9日目 サラ系３歳以上 ２勝クラス       (混)[指] ハンデ 16頭 本賞金:1550,620,390,230,155万円",16,1550.0,7,2,4,アメリカンポリス,牡,3,55.0,坂井,83.5,3/4,2,4.7,37.0,5-5,栗東 池江,514,2,
202508030912,2025-10-26,京都,12,嵯峨野特別,ダ,1400,右,曇,重,"3回 京都 9日目 サラ系３歳以上 ２勝クラス       (混)[指] ハンデ 16頭 本賞金:1550,620,390,230,155万円",16,1550.0,8,1,2,バックトゥザライト,牡,5,55.0,団野,83.7,1,12,138.4,36.5,13-11,栗東 辻野,526,2,
202508030912,2025-10-26,京都,12,嵯峨野特別,ダ,1400,右,曇,重,"3回 京都 9日目 サラ系３歳以上 ２勝クラス       (混)[指] ハンデ 16頭 本賞金:1550,620,390,230,155万円",16,1550.0,9,7,14,アストラカ,セ,4,55.0,吉村,83.9,1.1/4,14,182.3,36.5,14-11,栗東 田中克,500,18,
202508030912,2025-10-26,京都,12,嵯峨野特別,ダ,1400,右,曇,重,"3回 京都 9日目 サラ系３歳以上 ２勝クラス       (混)[指] ハンデ 16頭 本賞金:1550,620,390,230,155万円",16,1550.0,10,3,5,シンゼンイズモ,牡,5,53.0,和田竜,83.9,ハナ,16,322.3,36.4,16-16,栗東 荒川,528,6,
202508030912,2025-10-26,京都,12,嵯峨野特別,ダ,1400,右,曇,重,"3回 京都 9日目 サラ系３歳以上 ２勝クラス       (混)[指] ハンデ 16頭 本賞金:1550,620,390,230,155万円",16,1550.0,11,4,7,アスクキングコング,セ,7,53.0,戸崎圭,84.0,クビ,11,88.1,37.3,9-8,栗東 梅田,476,0,
202508030912,2025-10-26,京都,12,嵯峨野特別,ダ,1400,右,曇,重,"3回 京都 9日目 サラ系３歳以上 ２勝クラス       (混)[指] ハンデ 16頭 本賞金:1550,620,390,230,155万円",16,1550.0,12,5,10,サンダーロード,牡,3,54.0,松若,84.0,クビ,6,13.9,37.7,3-3,栗東 杉山晴,530,-8,
202508030912,2025-10-26,京都,12,嵯峨野特別,ダ,1400,右,曇,重,"3回 京都 9日目 サラ系３歳以上 ２勝クラス       (混)[指] ハンデ 16頭 本賞金:1550,620,390,230,155万円",16,1550.0,13,1,1,フェリ,牝,5,52.0,酒井,84.4,2.1/2,13,144.6,37.1,14-15,栗東 佐々木,480,18,
202508030912,2025-10-26,京都,12,嵯峨野特別,ダ,1400,右,曇,重,"3回 京都 9日目 サラ系３歳以上 ２勝クラス       (混)[指] ハンデ 16頭 本賞金:1550,620,390,230,155万円",16,1550.0,14,6,12,ジェネラーレ,牡,4,55.0,岩田望,84.6,1,7,23.8,38.5,1-1,栗東 野中,488,-6,
202508030912,2025-10-26,京都,12,嵯峨野特別,ダ,1400,右,曇,重,"3回 京都 9日目 サラ系３歳以上 ２勝クラス       (混)[指] ハンデ 16頭 本賞金:1550,620,390,230,155万円",16,1550.0,15,4,8,クアトロジャック,牡,4,55.0,北村友,86.1,9,8,24.1,39.7,5-8,栗東 庄野,486,-8,
202508030912,2025-10-26,京都,12,嵯峨野特別,ダ,1400,右,曇,重,"3回 京都 9日目 サラ系３歳以上 ２勝クラス       (混)[指] ハンデ 16頭 本賞金:1550,620,390,230,155万円",16,1550.0,16,8,16,ルージュイストリア,牝,5,51.0,田山,86.4,2,15,276.4,40.1,3-3,美浦 浅利,462,2,
202508030912,2025-10-26,京都,12,嵯峨野特別,ダ,1400,右,曇,重,"3回 京都 9日目 サラ系３歳以上 ２勝クラス       (混)[指] ハンデ 16頭 本賞金:1550,620,390,230,155万円",16,1550.0,,1,13,ピエマンソン,,,103.0,102,,12.5,11,10.4,7.0,11.5,5,,,
202508030912,2025-10-26,京都,12,嵯峨野特別,ダ,1400,右,曇,重,"3回 京都 9日目 サラ系３歳以上 ２勝クラス       (混)[指] ハンデ 16頭 本賞金:1550,620,390,230,155万円",16,1550.0,,1,13,ピエマンソン,,,,-,,-,,,,-,-,,,
