race_id,date,venue,race_no,race_name,surface,distance,turn,weather,going,race_class,field_size,prize1,chaku,waku,umaban,horse,sex,age,kinryo,jockey,time_sec,margin,ninki,odds,agari,passage,trainer,weight,weight_diff,status
202606030301,2026-04-04,中山,1,3歳未勝利,ダ,1200,右,雨,稍,"3回 中山 3日目 サラ系３歳 未勝利       牝[指] 馬齢 16頭 本賞金:590,240,150,89,59万円",16,590.0,1,4,8,カンレイスター,牝,3,55.0,横山武,72.1,,1,2.2,36.9,2-1,美浦 矢野,440,-2,
202606030301,2026-04-04,中山,1,3歳未勝利,ダ,1200,右,雨,稍,"3回 中山 3日目 サラ系３歳 未勝利       牝[指] 馬齢 16頭 本賞金:590,240,150,89,59万円",16,590.0,2,3,5,アドミ,牝,3,55.0,三浦,72.9,5,3,6.9,37.2,7-5,美浦 中川,448,0,
202606030301,2026-04-04,中山,1,3歳未勝利,ダ,1200,右,雨,稍,"3回 中山 3日目 サラ系３歳 未勝利       牝[指] 馬齢 16頭 本賞金:590,240,150,89,59万円",16,590.0,3,6,12,エコロセレナ,牝,3,55.0,岩田康,72.9,ハナ,2,6.5,37.4,4-4,美浦 斎藤誠,460,0,
202606030301,2026-04-04,中山,1,3歳未勝利,ダ,1200,右,雨,稍,"3回 中山 3日目 サラ系３歳 未勝利       牝[指] 馬齢 16頭 本賞金:590,240,150,89,59万円",16,590.0,4,6,11,マーマレードスカイ,牝,3,55.0,松岡,73.3,2.1/2,5,8.8,37.4,9-8,美浦 堀内,408,4,
202606030301,2026-04-04,中山,1,3歳未勝利,ダ,1200,右,雨,稍,"3回 中山 3日目 サラ系３歳 未勝利       牝[指] 馬齢 16頭 本賞金:590,240,150,89,59万円",16,590.0,5,2,3,フェルアフリーゼ,牝,3,52.0,▲石神道,73.3,ハナ,6,10.3,38.2,1-2,美浦 深山,440,-4,
202606030301,2026-04-04,中山,1,3歳未勝利,ダ,1200,右,雨,稍,"3回 中山 3日目 サラ系３歳 未勝利       牝[指] 馬齢 16頭 本賞金:590,240,150,89,59万円",16,590.0,6,3,6,キタノシオン,牝,3,55.0,木幡初,74.2,5,12,174.9,38.0,10-9,美浦 本間,456,0,
202606030301,2026-04-04,中山,1,3歳未勝利,ダ,1200,右,雨,稍,"3回 中山 3日目 サラ系３歳 未勝利       牝[指] 馬齢 16頭 本賞金:590,240,150,89,59万円",16,590.0,7,4,7,マメーアップル,牝,3,52.5,▲小林美,74.3,1/2,8,25.6,39.2,2-2,美浦 岩戸,436,0,
202606030301,2026-04-04,中山,1,3歳未勝利,ダ,1200,右,雨,稍,"3回 中山 3日目 サラ系３歳 未勝利       牝[指] 馬齢 16頭 本賞金:590,240,150,89,59万円",16,590.0,8,8,15,オレンジリバー,牝,3,53.0,△長浜,74.5,1.1/4,7,11.7,39.0,4-5,美浦 黒岩,432,0,
202606030301,2026-04-04,中山,1,3歳未勝利,ダ,1200,右,雨,稍,"3回 中山 3日目 サラ系３歳 未勝利       牝[指] 馬齢 16頭 本賞金:590,240,150,89,59万円",16,590.0,9,5,9,ウィザードオブマリ,牝,3,52.0,▲大久保,74.7,1.1/4,16,400.7,39.2,4-5,美浦 蛯名利,454,2,
202606030301,2026-04-04,中山,1,3歳未勝利,ダ,1200,右,雨,稍,"3回 中山 3日目 サラ系３歳 未勝利       牝[指] 馬齢 16頭 本賞金:590,240,150,89,59万円",16,590.0,10,5,10,ベイビーシスター,牝,3,55.0,伊藤,75.0,2,9,76.5,37.3,12-12,美浦 林,440,0,
202606030301,2026-04-04,中山,1,3歳未勝利,ダ,1200,右,雨,稍,"3回 中山 3日目 サラ系３歳 未勝利       牝[指] 馬齢 16頭 本賞金:590,240,150,89,59万円",16,590.0,11,7,13,マリノフォルトゥナ,牝,3,53.0,△舟山,75.2,1.1/4,10,78.0,37.3,13-12,美浦 水野,436,0,
202606030301,2026-04-04,中山,1,3歳未勝利,ダ,1200,右,雨,稍,"3回 中山 3日目 サラ系３歳 未勝利       牝[指] 馬齢 16頭 本賞金:590,240,150,89,59万円",16,590.0,12,1,2,ハナムラサキ,牝,3,55.0,丸山,75.3,1/2,15,385.4,39.1,10-9,美浦 和田雄,456,-4,
202606030301,2026-04-04,中山,1,3歳未勝利,ダ,1200,右,雨,稍,"3回 中山 3日目 サラ系３歳 未勝利       牝[指] 馬齢 16頭 本賞金:590,240,150,89,59万円",16,590.0,13,8,16,ジュンオルレアン,牝,3,52.0,▲石田,76.3,6,11,142.9,38.2,14-14,美浦 中舘,432,0,
202606030301,2026-04-04,中山,1,3歳未勝利,ダ,1200,右,雨,稍,"3回 中山 3日目 サラ系３歳 未勝利       牝[指] 馬齢 16頭 本賞金:590,240,150,89,59万円",16,590.0,14,7,14,ニシノゲッパク,牝,3,52.0,▲遠藤,76.3,ハナ,4,7.5,40.5,7-9,美浦 伊藤伸,458,0,
202606030301,2026-04-04,中山,1,3歳未勝利,ダ,1200,右,雨,稍,"3回 中山 3日目 サラ系３歳 未勝利       牝[指] 馬齢 16頭 本賞金:590,240,150,89,59万円",16,590.0,15,2,4,ピコラアルテ,牝,3,52.0,▲上里,77.9,10,14,259.6,38.9,15-15,美浦 上原博,426,0,
202606030301,2026-04-04,中山,1,3歳未勝利,ダ,1200,右,雨,稍,"3回 中山 3日目 サラ系３歳 未勝利       牝[指] 馬齢 16頭 本賞金:590,240,150,89,59万円",16,590.0,16,1,1,アンパシオンス,牝,3,52.0,▲佐藤,82.6,大,13,215.5,40.8,16-16,美浦 田島,430,0,
202606030302,2026-04-04,中山,2,3歳未勝利,ダ,1800,右,雨,稍,"3回 中山 3日目 サラ系３歳 未勝利       [指] 馬齢 14頭 本賞金:590,240,150,89,59万円",14,590.0,1,4,5,アオハルブルース,牡,3,57.0,田辺,114.1,,1,1.9,38.6,1-1-1-1,美浦 栗田,522,0,
202606030302,2026-04-04,中山,2,3歳未勝利,ダ,1800,右,雨,稍,"3回 中山 3日目 サラ系３歳 未勝利       [指] 馬齢 14頭 本賞金:590,240,150,89,59万円",14,590.0,2,8,14,ガーディアンテイル,牡,3,57.0,岩田康,115.0,5,3,4.3,39.4,2-2-2-2,美浦 小手川,512,4,
202606030302,2026-04-04,中山,2,3歳未勝利,ダ,1800,右,雨,稍,"3回 中山 3日目 サラ系３歳 未勝利       [指] 馬齢 14頭 本賞金:590,240,150,89,59万円",14,590.0,3,7,11,ゴールドドレッサ,牝,3,52.0,▲石田,115.2,1.1/4,9,45.9,39.4,4-5-3-3,美浦 中川,436,-8,
202606030302,2026-04-04,中山,2,3歳未勝利,ダ,1800,右,雨,稍,"3回 中山 3日目 サラ系３歳 未勝利       [指] 馬齢 14頭 本賞金:590,240,150,89,59万円",14,590.0,4,5,8,ファントムヴォルト,牡,3,57.0,横山琉,116.2,6,11,129.8,40.3,6-6-4-4,栗東 松下,518,-4,
202606030302,2026-04-04,中山,2,3歳未勝利,ダ,1800,右,雨,稍,"3回 中山 3日目 サラ系３歳 未勝利       [指] 馬齢 14頭 本賞金:590,240,150,89,59万円",14,590.0,5,6,9,トーセンアミューズ,牡,3,57.0,木幡巧,116.7,3,5,24.4,40.7,4-3-4-4,美浦 加藤征,452,-2,
202606030302,2026-04-04,中山,2,3歳未勝利,ダ,1800,右,雨,稍,"3回 中山 3日目 サラ系３歳 未勝利       [指] 馬齢 14頭 本賞金:590,240,150,89,59万円",14,590.0,6,7,12,アドマイヤウルトラ,牡,3,57.0,丹内,117.1,2.1/2,2,3.7,40.5,11-11-8-9,美浦 宮田,508,4,
202606030302,2026-04-04,中山,2,3歳未勝利,ダ,1800,右,雨,稍,"3回 中山 3日目 サラ系３歳 未勝利       [指] 馬齢 14頭 本賞金:590,240,150,89,59万円",14,590.0,7,1,1,キョウエイシュバル,牡,3,55.0,△長浜,117.2,1/2,4,17.5,40.6,6-6-8-8,美浦 萱野,480,8,
202606030302,2026-04-04,中山,2,3歳未勝利,ダ,1800,右,雨,稍,"3回 中山 3日目 サラ系３歳 未勝利       [指] 馬齢 14頭 本賞金:590,240,150,89,59万円",14,590.0,8,2,2,ノーブルスアーク,牝,3,55.0,小林凌,117.3,1/2,13,274.2,40.4,8-8-10-10,美浦 尾形,436,0,
202606030302,2026-04-04,中山,2,3歳未勝利,ダ,1800,右,雨,稍,"3回 中山 3日目 サラ系３歳 未勝利       [指] 馬齢 14頭 本賞金:590,240,150,89,59万円",14,590.0,9,4,6,ケイジ,牡,3,54.0,▲遠藤,117.5,3/4,10,98.8,41.3,12-11-6-6,美浦 高柳瑞,502,-2,
202606030302,2026-04-04,中山,2,3歳未勝利,ダ,1800,右,雨,稍,"3回 中山 3日目 サラ系３歳 未勝利       [指] 馬齢 14頭 本賞金:590,240,150,89,59万円",14,590.0,10,5,7,プリンセスダーコ,牝,3,55.0,原,117.6,3/4,8,41.9,41.4,3-3-6-6,美浦 清水英,456,-2,
202606030302,2026-04-04,中山,2,3歳未勝利,ダ,1800,右,雨,稍,"3回 中山 3日目 サラ系３歳 未勝利       [指] 馬齢 14頭 本賞金:590,240,150,89,59万円",14,590.0,11,3,3,ノーブルジャッカル,セ,3,57.0,武藤,118.3,4,7,31.9,41.4,9-9-10-11,美浦 武藤,470,-12,
202606030302,2026-04-04,中山,2,3歳未勝利,ダ,1800,右,雨,稍,"3回 中山 3日目 サラ系３歳 未勝利       [指] 馬齢 14頭 本賞金:590,240,150,89,59万円",14,590.0,12,6,10,ロードリュイール,牡,3,55.0,△舟山,118.8,3,6,26.2,41.8,9-9-10-12,美浦 田中博,430,0,
202606030302,2026-04-04,中山,2,3歳未勝利,ダ,1800,右,雨,稍,"3回 中山 3日目 サラ系３歳 未勝利       [指] 馬齢 14頭 本賞金:590,240,150,89,59万円",14,590.0,13,3,4,シシリアンキッス,牝,3,55.0,小林脩,120.3,9,14,349.9,42.5,14-14-13-12,美浦 佐藤吉,434,-6,
202606030302,2026-04-04,中山,2,3歳未勝利,ダ,1800,右,雨,稍,"3回 中山 3日目 サラ系３歳 未勝利       [指] 馬齢 14頭 本賞金:590,240,150,89,59万円",14,590.0,14,8,13,ドウドウファイト,牡,3,57.0,木幡初,121.6,8,12,258.4,43.8,12-13-13-14,美浦 武市,462,0,
202606030303,2026-04-04,中山,3,3歳未勝利,ダ,1200,右,雨,稍,"3回 中山 3日目 サラ系３歳 未勝利       [指] 馬齢 16頭 本賞金:590,240,150,89,59万円",16,590.0,1,1,1,エコロバロン,牡,3,57.0,菊沢,72.0,,3,7.5,37.0,6-5,美浦 菊沢,500,0,
202606030303,2026-04-04,中山,3,3歳未勝利,ダ,1200,右,雨,稍,"3回 中山 3日目 サラ系３歳 未勝利       [指] 馬齢 16頭 本賞金:590,240,150,89,59万円",16,590.0,2,2,3,クリオロゴールド,牡,3,57.0,横山武,72.2,1.1/4,2,3.3,37.5,3-4,美浦 高柳瑞,436,0,
202606030303,2026-04-04,中山,3,3歳未勝利,ダ,1200,右,雨,稍,"3回 中山 3日目 サラ系３歳 未勝利       [指] 馬齢 16頭 本賞金:590,240,150,89,59万円",16,590.0,3,1,2,ライカ,牡,3,57.0,大野,72.4,1.1/4,7,16.7,37.0,10-8,美浦 杉浦,442,-4,
202606030303,2026-04-04,中山,3,3歳未勝利,ダ,1200,右,雨,稍,"3回 中山 3日目 サラ系３歳 未勝利       [指] 馬齢 16頭 本賞金:590,240,150,89,59万円",16,590.0,4,6,11,ビタミンドロップ,牡,3,57.0,野中,72.8,2,12,199.4,38.1,3-2,美浦 松山,502,0,
202606030303,2026-04-04,中山,3,3歳未勝利,ダ,1200,右,雨,稍,"3回 中山 3日目 サラ系３歳 未勝利       [指] 馬齢 16頭 本賞金:590,240,150,89,59万円",16,590.0,5,3,5,ココラッシー,牡,3,57.0,丹内,72.8,クビ,4,9.3,36.4,16-16,美浦 室井,444,0,
202606030303,2026-04-04,中山,3,3歳未勝利,ダ,1200,右,雨,稍,"3回 中山 3日目 サラ系３歳 未勝利       [指] 馬齢 16頭 本賞金:590,240,150,89,59万円",16,590.0,6,3,6,ツクバアヴァロン,牡,3,57.0,小林脩,73.3,3,11,80.5,38.5,5-5,美浦 奥平,480,0,
202606030303,2026-04-04,中山,3,3歳未勝利,ダ,1200,右,雨,稍,"3回 中山 3日目 サラ系３歳 未勝利       [指] 馬齢 16頭 本賞金:590,240,150,89,59万円",16,590.0,7,7,13,コロッセウム,牡,3,57.0,石橋脩,73.4,3/4,10,72.3,37.5,15-14,美浦 清水英,454,-4,
202606030303,2026-04-04,中山,3,3歳未勝利,ダ,1200,右,雨,稍,"3回 中山 3日目 サラ系３歳 未勝利       [指] 馬齢 16頭 本賞金:590,240,150,89,59万円",16,590.0,8,5,10,カーボフリオ,牝,3,55.0,津村,73.4,ハナ,8,18.7,38.9,2-2,美浦 高木,446,4,
202606030303,2026-04-04,中山,3,3歳未勝利,ダ,1200,右,雨,稍,"3回 中山 3日目 サラ系３歳 未勝利       [指] 馬齢 16頭 本賞金:590,240,150,89,59万円",16,590.0,9,2,4,ヨルヴィック,牝,3,53.0,△舟山,73.5,クビ,1,2.7,39.0,1-1,美浦 稲垣,456,4,
202606030303,2026-04-04,中山,3,3歳未勝利,ダ,1200,右,雨,稍,"3回 中山 3日目 サラ系３歳 未勝利       [指] 馬齢 16頭 本賞金:590,240,150,89,59万円",16,590.0,10,8,16,ヴィラロボス,牝,3,55.0,原,73.8,2,9,21.0,38.3,11-11,美浦 小手川,476,-8,
202606030303,2026-04-04,中山,3,3歳未勝利,ダ,1200,右,雨,稍,"3回 中山 3日目 サラ系３歳 未勝利       [指] 馬齢 16頭 本賞金:590,240,150,89,59万円",16,590.0,11,5,9,スウィートラキ,牝,3,53.0,△長浜,74.0,1,14,312.0,38.4,13-12,美浦 堀内,430,-4,
202606030303,2026-04-04,中山,3,3歳未勝利,ダ,1200,右,雨,稍,"3回 中山 3日目 サラ系３歳 未勝利       [指] 馬齢 16頭 本賞金:590,240,150,89,59万円",16,590.0,12,4,7,ソーマッチ,牝,3,52.0,▲遠藤,74.3,2,16,432.4,38.6,13-14,美浦 鈴木伸,428,5,
202606030303,2026-04-04,中山,3,3歳未勝利,ダ,1200,右,雨,稍,"3回 中山 3日目 サラ系３歳 未勝利       [指] 馬齢 16頭 本賞金:590,240,150,89,59万円",16,590.0,13,4,8,テンカラットレター,牡,3,57.0,木幡初,74.3,ハナ,13,311.6,39.1,8-9,美浦 本間,464,1,
202606030303,2026-04-04,中山,3,3歳未勝利,ダ,1200,右,雨,稍,"3回 中山 3日目 サラ系３歳 未勝利       [指] 馬齢 16頭 本賞金:590,240,150,89,59万円",16,590.0,14,8,15,ホカミテダメ,牝,3,55.0,丸田,74.6,1.1/2,5,12.5,39.6,6-7,美浦 田中勝,462,-10,
202606030303,2026-04-04,中山,3,3歳未勝利,ダ,1200,右,雨,稍,"3回 中山 3日目 サラ系３歳 未勝利       [指] 馬齢 16頭 本賞金:590,240,150,89,59万円",16,590.0,15,7,14,トコシエノヒトミ,牝,3,55.0,団野,75.1,3,6,15.1,39.9,8-9,美浦 小笠,404,-4,
202606030303,2026-04-04,中山,3,3歳未勝利,ダ,1200,右,雨,稍,"3回 中山 3日目 サラ系３歳 未勝利       [指] 馬齢 16頭 本賞金:590,240,150,89,59万円",16,590.0,16,6,12,タツナナイロ,牝,3,55.0,江田照,75.4,2,15,400.5,39.9,11-12,美浦 的場,426,-2,
202606030304,2026-04-04,中山,4,4歳以上障害未勝利,障,2880,,雨,良,"3回 中山 3日目 障害４歳以上 未勝利       (混) 定量 14頭 本賞金:840,340,210,130,84万円",14,840.0,1,7,12,ミレニアムヒロイン,牝,5,58.0,石神深,198.4,,4,6.3,13.8,1-1-1-1,美浦 池上,462,4,
202606030304,2026-04-04,中山,4,4歳以上障害未勝利,障,2880,,雨,良,"3回 中山 3日目 障害４歳以上 未勝利       (混) 定量 14頭 本賞金:840,340,210,130,84万円",14,840.0,2,5,8,アバットゥータ,牡,4,57.0,▲井上,198.5,3/4,7,18.5,13.8,2-2-2-2,栗東 中竹,464,0,
202606030304,2026-04-04,中山,4,4歳以上障害未勝利,障,2880,,雨,良,"3回 中山 3日目 障害４歳以上 未勝利       (混) 定量 14頭 本賞金:840,340,210,130,84万円",14,840.0,3,7,11,モンツァフレイバー,牡,4,59.0,草野,198.6,1/2,5,13.6,13.8,3-4-3-3,美浦 久保田,458,-4,
202606030304,2026-04-04,中山,4,4歳以上障害未勝利,障,2880,,雨,良,"3回 中山 3日目 障害４歳以上 未勝利       (混) 定量 14頭 本賞金:840,340,210,130,84万円",14,840.0,4,8,14,ディベルティスマン,牡,4,59.0,伴,200.5,大,2,4.0,13.9,5-5-6-4,美浦 菊沢,524,2,
202606030304,2026-04-04,中山,4,4歳以上障害未勝利,障,2880,,雨,良,"3回 中山 3日目 障害４歳以上 未勝利       (混) 定量 14頭 本賞金:840,340,210,130,84万円",14,840.0,5,6,10,マテンロウノカゼ,牡,5,60.0,森一,200.5,アタマ,6,14.8,13.9,5-5-6-6,栗東 昆,486,-6,
202606030304,2026-04-04,中山,4,4歳以上障害未勝利,障,2880,,雨,良,"3回 中山 3日目 障害４歳以上 未勝利       (混) 定量 14頭 本賞金:840,340,210,130,84万円",14,840.0,6,1,1,エンジョイドライブ,牡,4,59.0,小野寺,201.0,3,10,42.8,14.0,9-8-8-8,栗東 宮本,464,-8,
202606030304,2026-04-04,中山,4,4歳以上障害未勝利,障,2880,,雨,良,"3回 中山 3日目 障害４歳以上 未勝利       (混) 定量 14頭 本賞金:840,340,210,130,84万円",14,840.0,7,4,5,フォルガイル,牡,5,60.0,五十嵐,201.4,2.1/2,8,22.1,14.0,3-2-4-4,美浦 加藤和,452,8,
202606030304,2026-04-04,中山,4,4歳以上障害未勝利,障,2880,,雨,良,"3回 中山 3日目 障害４歳以上 未勝利       (混) 定量 14頭 本賞金:840,340,210,130,84万円",14,840.0,8,3,4,メイショウゲキリン,牡,7,60.0,小牧加,201.9,3,1,2.9,14.0,10-10-9-9,栗東 笹田,524,-2,
202606030304,2026-04-04,中山,4,4歳以上障害未勝利,障,2880,,雨,良,"3回 中山 3日目 障害４歳以上 未勝利       (混) 定量 14頭 本賞金:840,340,210,130,84万円",14,840.0,9,8,13,ゴールデンステップ,牝,5,58.0,金子,201.9,ハナ,3,5.7,14.0,5-5-4-7,美浦 和田勇,498,2,
202606030304,2026-04-04,中山,4,4歳以上障害未勝利,障,2880,,雨,良,"3回 中山 3日目 障害４歳以上 未勝利       (混) 定量 14頭 本賞金:840,340,210,130,84万円",14,840.0,10,3,3,ユナホークパワー,牝,4,57.0,▲小林凌,203.7,大,14,136.9,14.1,12-12-11-10,美浦 和田雄,450,0,
202606030304,2026-04-04,中山,4,4歳以上障害未勝利,障,2880,,雨,良,"3回 中山 3日目 障害４歳以上 未勝利       (混) 定量 14頭 本賞金:840,340,210,130,84万円",14,840.0,11,5,7,ジオパーククラウン,牡,6,60.0,難波,204.7,6,13,108.5,14.2,11-11-11-12,美浦 清水英,454,2,
202606030304,2026-04-04,中山,4,4歳以上障害未勝利,障,2880,,雨,良,"3回 中山 3日目 障害４歳以上 未勝利       (混) 定量 14頭 本賞金:840,340,210,130,84万円",14,840.0,12,2,2,アルシミスト,セ,5,57.0,▲坂口,206.2,9,11,60.0,14.3,8-8-9-11,美浦 浅利,518,4,
202606030304,2026-04-04,中山,4,4歳以上障害未勝利,障,2880,,雨,良,"3回 中山 3日目 障害４歳以上 未勝利       (混) 定量 14頭 本賞金:840,340,210,130,84万円",14,840.0,13,6,9,プラウドヘリテージ,牡,7,60.0,江田勇,208.4,大,9,38.3,14.5,14-13-13-13,美浦 田中剛,508,0,
202606030304,2026-04-04,中山,4,4歳以上障害未勝利,障,2880,,雨,良,"3回 中山 3日目 障害４歳以上 未勝利       (混) 定量 14頭 本賞金:840,340,210,130,84万円",14,840.0,14,4,6,ラキアレクサンダー,牡,5,60.0,上野,215.2,大,12,104.7,14.9,13-14-14-14,美浦 竹内,536,19,
202606030305,2026-04-04,中山,5,3歳未勝利,芝,1600,右,曇,良,"3回 中山 3日目 サラ系３歳 未勝利       (混)[指] 馬齢 16頭 本賞金:590,240,150,89,59万円",16,590.0,1,2,3,ヴェガリア,牝,3,55.0,西村淳,95.0,,2,4.0,34.5,3-6-4,美浦 栗田,442,0,
202606030305,2026-04-04,中山,5,3歳未勝利,芝,1600,右,曇,良,"3回 中山 3日目 サラ系３歳 未勝利       (混)[指] 馬齢 16頭 本賞金:590,240,150,89,59万円",16,590.0,2,6,11,フリーヤ,牝,3,55.0,横山武,95.2,1.1/4,8,21.7,34.7,3-6-7,美浦 鈴木伸,464,0,
202606030305,2026-04-04,中山,5,3歳未勝利,芝,1600,右,曇,良,"3回 中山 3日目 サラ系３歳 未勝利       (混)[指] 馬齢 16頭 本賞金:590,240,150,89,59万円",16,590.0,3,7,13,ヤマニンアレシス,牡,3,57.0,丹内,95.2,クビ,1,2.4,35.0,2-2-2,美浦 堀内,460,2,
202606030305,2026-04-04,中山,5,3歳未勝利,芝,1600,右,曇,良,"3回 中山 3日目 サラ系３歳 未勝利       (混)[指] 馬齢 16頭 本賞金:590,240,150,89,59万円",16,590.0,4,3,6,アリアス,牝,3,55.0,三浦,95.2,ハナ,7,17.8,34.8,3-4-4,美浦 高柳瑞,426,2,
202606030305,2026-04-04,中山,5,3歳未勝利,芝,1600,右,曇,良,"3回 中山 3日目 サラ系３歳 未勝利       (混)[指] 馬齢 16頭 本賞金:590,240,150,89,59万円",16,590.0,5,4,7,ツウキンカイソク,牡,3,57.0,菊沢,95.3,1/2,5,11.1,35.2,1-1-1,美浦 岩戸,466,8,
202606030305,2026-04-04,中山,5,3歳未勝利,芝,1600,右,曇,良,"3回 中山 3日目 サラ系３歳 未勝利       (混)[指] 馬齢 16頭 本賞金:590,240,150,89,59万円",16,590.0,6,8,15,ムーングレイル,セ,3,54.0,▲石神道,95.4,クビ,3,6.9,35.2,3-2-2,美浦 森一,486,2,
202606030305,2026-04-04,中山,5,3歳未勝利,芝,1600,右,曇,良,"3回 中山 3日目 サラ系３歳 未勝利       (混)[指] 馬齢 16頭 本賞金:590,240,150,89,59万円",16,590.0,7,1,1,ベルウッドバイオ,牡,3,54.0,▲小林美,95.4,クビ,9,26.9,34.7,9-9-10,美浦 高橋文,474,-6,
202606030305,2026-04-04,中山,5,3歳未勝利,芝,1600,右,曇,良,"3回 中山 3日目 サラ系３歳 未勝利       (混)[指] 馬齢 16頭 本賞金:590,240,150,89,59万円",16,590.0,8,5,10,マイネルヴェーゼン,牡,3,57.0,石川,95.5,1,4,8.4,35.1,3-4-4,美浦 相沢,456,-6,
202606030305,2026-04-04,中山,5,3歳未勝利,芝,1600,右,曇,良,"3回 中山 3日目 サラ系３歳 未勝利       (混)[指] 馬齢 16頭 本賞金:590,240,150,89,59万円",16,590.0,9,6,12,ジーナグレイス,牝,3,52.0,▲遠藤,95.7,1.1/4,13,236.2,35.0,8-9-10,美浦 田中勝,428,6,
202606030305,2026-04-04,中山,5,3歳未勝利,芝,1600,右,曇,良,"3回 中山 3日目 サラ系３歳 未勝利       (混)[指] 馬齢 16頭 本賞金:590,240,150,89,59万円",16,590.0,10,2,4,キタノアヤカ,牝,3,55.0,原,95.8,クビ,10,76.1,35.2,9-8-7,美浦 萱野,464,8,
202606030305,2026-04-04,中山,5,3歳未勝利,芝,1600,右,曇,良,"3回 中山 3日目 サラ系３歳 未勝利       (混)[指] 馬齢 16頭 本賞金:590,240,150,89,59万円",16,590.0,11,1,2,ミダレセツゲツカ,牝,3,52.0,▲上里,96.1,1.3/4,12,235.4,35.4,14-9-9,美浦 清水英,400,10,
202606030305,2026-04-04,中山,5,3歳未勝利,芝,1600,右,曇,良,"3回 中山 3日目 サラ系３歳 未勝利       (混)[指] 馬齢 16頭 本賞金:590,240,150,89,59万円",16,590.0,12,3,5,レッドフリーマン,牡,3,57.0,荻野極,96.1,クビ,6,14.8,35.1,9-12-12,美浦 大竹,464,0,
202606030305,2026-04-04,中山,5,3歳未勝利,芝,1600,右,曇,良,"3回 中山 3日目 サラ系３歳 未勝利       (混)[指] 馬齢 16頭 本賞金:590,240,150,89,59万円",16,590.0,13,7,14,デルマテイネ,牡,3,57.0,的場,96.2,1/2,16,341.9,34.9,16-14-12,美浦 的場,426,0,
202606030305,2026-04-04,中山,5,3歳未勝利,芝,1600,右,曇,良,"3回 中山 3日目 サラ系３歳 未勝利       (混)[指] 馬齢 16頭 本賞金:590,240,150,89,59万円",16,590.0,14,5,9,フリーリターン,牝,3,52.0,▲大久保,96.5,2,15,325.7,35.2,9-14-15,美浦 稲垣,402,0,
202606030305,2026-04-04,中山,5,3歳未勝利,芝,1600,右,曇,良,"3回 中山 3日目 サラ系３歳 未勝利       (混)[指] 馬齢 16頭 本賞金:590,240,150,89,59万円",16,590.0,15,4,8,デルマツルギ,牝,3,55.0,菅原隆,96.7,1.1/4,14,297.3,35.7,9-12-12,美浦 蛯名利,482,0,
202606030305,2026-04-04,中山,5,3歳未勝利,芝,1600,右,曇,良,"3回 中山 3日目 サラ系３歳 未勝利       (混)[指] 馬齢 16頭 本賞金:590,240,150,89,59万円",16,590.0,16,8,16,スコアレジーナ,牝,3,53.0,△長浜,97.1,2,11,89.1,35.5,14-16-16,美浦 矢野,414,0,
202606030306,2026-04-04,中山,6,3歳未勝利,ダ,1800,右,雨,稍,"3回 中山 3日目 サラ系３歳 未勝利       [指] 馬齢 13頭 本賞金:590,240,150,89,59万円",13,590.0,1,6,8,アビヤント,牡,3,57.0,三浦,113.9,,4,7.5,37.8,3-3-2-2,美浦 鹿戸,504,-4,
202606030306,2026-04-04,中山,6,3歳未勝利,ダ,1800,右,雨,稍,"3回 中山 3日目 サラ系３歳 未勝利       [指] 馬齢 13頭 本賞金:590,240,150,89,59万円",13,590.0,2,5,7,メディチパワー,牡,3,57.0,木幡巧,114.4,3.1/2,6,18.5,38.1,4-6-6-4,美浦 中川,474,-2,
202606030306,2026-04-04,中山,6,3歳未勝利,ダ,1800,右,雨,稍,"3回 中山 3日目 サラ系３歳 未勝利       [指] 馬齢 13頭 本賞金:590,240,150,89,59万円",13,590.0,3,4,4,ヴァンデスペランス,牡,3,57.0,岩田康,114.6,3/4,1,2.2,38.4,8-7-4-4,美浦 中舘,476,-2,
202606030306,2026-04-04,中山,6,3歳未勝利,ダ,1800,右,雨,稍,"3回 中山 3日目 サラ系３歳 未勝利       [指] 馬齢 13頭 本賞金:590,240,150,89,59万円",13,590.0,4,6,9,ストーリーオブラブ,牝,3,55.0,小林脩,114.7,1/2,11,161.8,38.8,1-1-1-1,美浦 小野,426,-10,
202606030306,2026-04-04,中山,6,3歳未勝利,ダ,1800,右,雨,稍,"3回 中山 3日目 サラ系３歳 未勝利       [指] 馬齢 13頭 本賞金:590,240,150,89,59万円",13,590.0,5,8,12,ジェイエルトランプ,牡,3,55.0,△長浜,115.2,3,8,32.5,39.2,2-2-2-2,美浦 平岩,472,0,
202606030306,2026-04-04,中山,6,3歳未勝利,ダ,1800,右,雨,稍,"3回 中山 3日目 サラ系３歳 未勝利       [指] 馬齢 13頭 本賞金:590,240,150,89,59万円",13,590.0,6,7,10,カシマライフウ,牡,3,57.0,松岡,115.4,1.1/4,2,3.6,38.7,8-10-11-8,美浦 伊藤伸,470,-4,
202606030306,2026-04-04,中山,6,3歳未勝利,ダ,1800,右,雨,稍,"3回 中山 3日目 サラ系３歳 未勝利       [指] 馬齢 13頭 本賞金:590,240,150,89,59万円",13,590.0,7,1,1,コパノミラノ,牡,3,57.0,柴田大,115.7,1.3/4,9,32.5,39.2,8-7-9-8,美浦 上原博,486,2,
202606030306,2026-04-04,中山,6,3歳未勝利,ダ,1800,右,雨,稍,"3回 中山 3日目 サラ系３歳 未勝利       [指] 馬齢 13頭 本賞金:590,240,150,89,59万円",13,590.0,8,3,3,クアッドフォルツァ,牡,3,54.0,▲佐藤,115.7,ハナ,3,6.3,39.3,11-11-6-8,美浦 伊藤圭,470,-4,
202606030306,2026-04-04,中山,6,3歳未勝利,ダ,1800,右,雨,稍,"3回 中山 3日目 サラ系３歳 未勝利       [指] 馬齢 13頭 本賞金:590,240,150,89,59万円",13,590.0,9,5,6,トランセンコ,牝,3,55.0,木幡育,115.9,1.1/2,12,181.2,39.0,12-11-12-11,美浦 松永康,444,-4,
202606030306,2026-04-04,中山,6,3歳未勝利,ダ,1800,右,雨,稍,"3回 中山 3日目 サラ系３歳 未勝利       [指] 馬齢 13頭 本賞金:590,240,150,89,59万円",13,590.0,10,8,13,ウインドオブヘヴン,牡,3,57.0,横山武,116.0,1/2,5,18.0,39.8,4-4-4-4,美浦 戸田,456,-4,
202606030306,2026-04-04,中山,6,3歳未勝利,ダ,1800,右,雨,稍,"3回 中山 3日目 サラ系３歳 未勝利       [指] 馬齢 13頭 本賞金:590,240,150,89,59万円",13,590.0,11,7,11,マツリダシリウス,牡,3,57.0,武藤,116.8,5,10,79.3,40.3,7-7-9-11,美浦 水野,468,-4,
202606030306,2026-04-04,中山,6,3歳未勝利,ダ,1800,右,雨,稍,"3回 中山 3日目 サラ系３歳 未勝利       [指] 馬齢 13頭 本賞金:590,240,150,89,59万円",13,590.0,12,2,2,マイネルモンブラン,牡,3,54.0,▲石神道,117.7,5,13,220.3,39.6,13-13-13-13,美浦 鈴木慎,484,0,
202606030306,2026-04-04,中山,6,3歳未勝利,ダ,1800,右,雨,稍,"3回 中山 3日目 サラ系３歳 未勝利       [指] 馬齢 13頭 本賞金:590,240,150,89,59万円",13,590.0,13,4,5,セーヌデローヴ,牡,3,57.0,丹内,117.8,クビ,7,25.8,41.5,4-4-6-4,美浦 黒岩,440,-8,
202606030307,2026-04-04,中山,7,4歳以上1勝クラス,芝,2000,右,雨,良,"3回 中山 3日目 サラ系４歳以上 １勝クラス       (混)[指] 定量 12頭 本賞金:820,330,210,120,82万円",12,820.0,1,1,1,マリアイリダータ,牝,4,54.0,△舟山,122.0,,1,2.0,35.0,7-7-9-6,美浦 田中博,450,4,
202606030307,2026-04-04,中山,7,4歳以上1勝クラス,芝,2000,右,雨,良,"3回 中山 3日目 サラ系４歳以上 １勝クラス       (混)[指] 定量 12頭 本賞金:820,330,210,120,82万円",12,820.0,2,7,9,ベネスピラ,牡,4,58.0,三浦,122.4,2,6,27.0,35.8,3-3-3-2,美浦 鹿戸,448,-6,
202606030307,2026-04-04,中山,7,4歳以上1勝クラス,芝,2000,右,雨,良,"3回 中山 3日目 サラ系４歳以上 １勝クラス       (混)[指] 定量 12頭 本賞金:820,330,210,120,82万円",12,820.0,3,6,7,アリスメティーク,牝,4,56.0,津村,122.4,ハナ,2,4.8,35.5,7-7-7-4,美浦 大竹,448,8,
202606030307,2026-04-04,中山,7,4歳以上1勝クラス,芝,2000,右,雨,良,"3回 中山 3日目 サラ系４歳以上 １勝クラス       (混)[指] 定量 12頭 本賞金:820,330,210,120,82万円",12,820.0,4,7,10,キューティリップ,牝,4,56.0,横山武,123.0,3.1/2,4,7.2,35.9,9-9-10-6,美浦 戸田,450,0,
202606030307,2026-04-04,中山,7,4歳以上1勝クラス,芝,2000,右,雨,良,"3回 中山 3日目 サラ系４歳以上 １勝クラス       (混)[指] 定量 12頭 本賞金:820,330,210,120,82万円",12,820.0,5,4,4,ニシノエピカリ,牝,4,56.0,佐々木,123.0,1/2,7,48.8,36.2,3-3-4-5,美浦 秋本,406,10,
202606030307,2026-04-04,中山,7,4歳以上1勝クラス,芝,2000,右,雨,良,"3回 中山 3日目 サラ系４歳以上 １勝クラス       (混)[指] 定量 12頭 本賞金:820,330,210,120,82万円",12,820.0,6,6,8,パストラーレ,牡,5,58.0,田辺,123.1,1/2,3,5.2,36.6,2-2-2-2,美浦 武市,502,-8,
202606030307,2026-04-04,中山,7,4歳以上1勝クラス,芝,2000,右,雨,良,"3回 中山 3日目 サラ系４歳以上 １勝クラス       (混)[指] 定量 12頭 本賞金:820,330,210,120,82万円",12,820.0,7,8,11,ウインファヴォリ,セ,4,58.0,原田和,123.2,クビ,10,111.0,36.1,10-9-10-11,美浦 松尾,484,-10,
202606030307,2026-04-04,中山,7,4歳以上1勝クラス,芝,2000,右,雨,良,"3回 中山 3日目 サラ系４歳以上 １勝クラス       (混)[指] 定量 12頭 本賞金:820,330,210,120,82万円",12,820.0,8,5,6,ジェシーテソーロ,牡,4,58.0,石橋脩,123.4,1.1/2,8,53.6,36.9,1-1-1-1,美浦 牧,496,4,
202606030307,2026-04-04,中山,7,4歳以上1勝クラス,芝,2000,右,雨,良,"3回 中山 3日目 サラ系４歳以上 １勝クラス       (混)[指] 定量 12頭 本賞金:820,330,210,120,82万円",12,820.0,9,3,3,チョングク,牡,4,58.0,江田照,123.6,1.1/4,11,126.8,36.7,5-5-7-6,美浦 佐藤吉,486,0,
202606030307,2026-04-04,中山,7,4歳以上1勝クラス,芝,2000,右,雨,良,"3回 中山 3日目 サラ系４歳以上 １勝クラス       (混)[指] 定量 12頭 本賞金:820,330,210,120,82万円",12,820.0,10,8,12,マイネルイグザルト,牡,4,55.0,▲石神道,123.7,クビ,12,216.1,37.0,12-12-4-6,美浦 佐藤吉,456,-2,
202606030307,2026-04-04,中山,7,4歳以上1勝クラス,芝,2000,右,雨,良,"3回 中山 3日目 サラ系４歳以上 １勝クラス       (混)[指] 定量 12頭 本賞金:820,330,210,120,82万円",12,820.0,11,5,5,ルージュカエラ,牝,5,56.0,団野,123.8,3/4,9,55.2,36.5,10-11-12-11,美浦 加藤征,442,0,
202606030307,2026-04-04,中山,7,4歳以上1勝クラス,芝,2000,右,雨,良,"3回 中山 3日目 サラ系４歳以上 １勝クラス       (混)[指] 定量 12頭 本賞金:820,330,210,120,82万円",12,820.0,12,2,2,ロジャリーマイン,牝,4,56.0,岩田康,124.7,5,5,8.6,37.9,5-5-4-6,美浦 久保田,428,-4,
202606030308,2026-04-04,中山,8,4歳以上1勝クラス,ダ,1800,右,雨,重,"3回 中山 3日目 サラ系４歳以上 １勝クラス       [指] 定量 11頭 本賞金:820,330,210,120,82万円",11,820.0,1,5,5,ロードソルスティス,牡,4,58.0,横山琉,113.5,,5,9.1,37.0,2-2-2-2,美浦 斎藤誠,516,0,
202606030308,2026-04-04,中山,8,4歳以上1勝クラス,ダ,1800,右,雨,重,"3回 中山 3日目 サラ系４歳以上 １勝クラス       [指] 定量 11頭 本賞金:820,330,210,120,82万円",11,820.0,2,3,3,ファルコンミノル,牡,6,58.0,田辺,113.6,1,3,6.2,36.8,6-5-6-5,美浦 中舘,444,-4,
202606030308,2026-04-04,中山,8,4歳以上1勝クラス,ダ,1800,右,雨,重,"3回 中山 3日目 サラ系４歳以上 １勝クラス       [指] 定量 11頭 本賞金:820,330,210,120,82万円",11,820.0,3,1,1,オウケンシルヴァー,牡,5,58.0,木幡育,113.8,1,6,9.7,37.3,1-1-1-1,美浦 松永康,498,0,
202606030308,2026-04-04,中山,8,4歳以上1勝クラス,ダ,1800,右,雨,重,"3回 中山 3日目 サラ系４歳以上 １勝クラス       [指] 定量 11頭 本賞金:820,330,210,120,82万円",11,820.0,4,7,9,スモーキーゴッド,牡,4,58.0,武藤,114.0,1.1/2,7,15.3,36.5,10-10-10-10,美浦 萩原,458,-2,
202606030308,2026-04-04,中山,8,4歳以上1勝クラス,ダ,1800,右,雨,重,"3回 中山 3日目 サラ系４歳以上 １勝クラス       [指] 定量 11頭 本賞金:820,330,210,120,82万円",11,820.0,5,6,6,ニシノケンタマン,牡,4,56.0,△長浜,114.0,クビ,2,4.7,37.2,6-7-6-5,美浦 深山,470,0,
202606030308,2026-04-04,中山,8,4歳以上1勝クラス,ダ,1800,右,雨,重,"3回 中山 3日目 サラ系４歳以上 １勝クラス       [指] 定量 11頭 本賞金:820,330,210,120,82万円",11,820.0,6,8,11,ノアヴィヴァーチェ,牡,4,58.0,原,114.3,1.1/2,4,7.6,37.3,6-7-8-5,美浦 鈴木慎,496,-4,
202606030308,2026-04-04,中山,8,4歳以上1勝クラス,ダ,1800,右,雨,重,"3回 中山 3日目 サラ系４歳以上 １勝クラス       [指] 定量 11頭 本賞金:820,330,210,120,82万円",11,820.0,7,8,10,ナムラジミー,牡,4,58.0,菊沢,114.4,1/2,10,55.1,37.4,9-9-8-9,美浦 武市,486,-4,
202606030308,2026-04-04,中山,8,4歳以上1勝クラス,ダ,1800,右,雨,重,"3回 中山 3日目 サラ系４歳以上 １勝クラス       [指] 定量 11頭 本賞金:820,330,210,120,82万円",11,820.0,8,6,7,インテルメディオ,セ,5,58.0,岩田康,114.8,2.1/2,1,2.5,38.1,4-3-3-3,美浦 浅利,538,6,
202606030308,2026-04-04,中山,8,4歳以上1勝クラス,ダ,1800,右,雨,重,"3回 中山 3日目 サラ系４歳以上 １勝クラス       [指] 定量 11頭 本賞金:820,330,210,120,82万円",11,820.0,9,2,2,ロジルーラー,牡,5,58.0,松岡,116.2,8,9,33.7,39.6,3-3-3-3,美浦 稲垣,514,0,
202606030308,2026-04-04,中山,8,4歳以上1勝クラス,ダ,1800,右,雨,重,"3回 中山 3日目 サラ系４歳以上 １勝クラス       [指] 定量 11頭 本賞金:820,330,210,120,82万円",11,820.0,10,4,4,グランプラネッタ,セ,4,55.0,▲遠藤,116.3,1/2,11,305.6,38.7,11-11-10-11,美浦 小島,482,2,
202606030308,2026-04-04,中山,8,4歳以上1勝クラス,ダ,1800,右,雨,重,"3回 中山 3日目 サラ系４歳以上 １勝クラス       [指] 定量 11頭 本賞金:820,330,210,120,82万円",11,820.0,11,7,8,ツマヤ,牡,5,58.0,石橋脩,116.3,アタマ,8,29.4,39.6,5-5-3-5,美浦 小野,530,-6,
202606030309,2026-04-04,中山,9,山吹賞,芝,2200,右,曇,稍,"3回 中山 3日目 サラ系３歳 １勝クラス       (混)(特指) 馬齢 13頭 本賞金:1140,460,290,170,114万円",13,1140.0,1,8,12,ケントン,牡,3,57.0,武藤,133.7,,12,56.4,36.0,4-4-3-2,美浦 田島,492,-2,
202606030309,2026-04-04,中山,9,山吹賞,芝,2200,右,曇,稍,"3回 中山 3日目 サラ系３歳 １勝クラス       (混)(特指) 馬齢 13頭 本賞金:1140,460,290,170,114万円",13,1140.0,2,4,4,ポッドクロス,牡,3,57.0,荻野極,133.7,クビ,2,5.0,35.7,6-5-5-4,美浦 大竹,454,2,
202606030309,2026-04-04,中山,9,山吹賞,芝,2200,右,曇,稍,"3回 中山 3日目 サラ系３歳 １勝クラス       (混)(特指) 馬齢 13頭 本賞金:1140,460,290,170,114万円",13,1140.0,3,8,13,イモータリス,牡,3,57.0,石川,134.0,1.1/2,1,4.1,36.4,2-2-2-3,美浦 手塚久,534,2,
202606030309,2026-04-04,中山,9,山吹賞,芝,2200,右,曇,稍,"3回 中山 3日目 サラ系３歳 １勝クラス       (混)(特指) 馬齢 13頭 本賞金:1140,460,290,170,114万円",13,1140.0,4,5,6,モウエエデショー,牡,3,57.0,原田和,134.0,ハナ,6,9.9,35.5,12-12-10-9,美浦 萱野,470,-6,
202606030309,2026-04-04,中山,9,山吹賞,芝,2200,右,曇,稍,"3回 中山 3日目 サラ系３歳 １勝クラス       (混)(特指) 馬齢 13頭 本賞金:1140,460,290,170,114万円",13,1140.0,5,1,1,ブラウンバナナ,牡,3,57.0,津村,134.0,クビ,5,7.8,35.7,9-8-8-7,美浦 林,504,-8,
202606030309,2026-04-04,中山,9,山吹賞,芝,2200,右,曇,稍,"3回 中山 3日目 サラ系３歳 １勝クラス       (混)(特指) 馬齢 13頭 本賞金:1140,460,290,170,114万円",13,1140.0,6,3,3,ヤマニンヘルシェ,牡,3,57.0,大野,134.6,3.1/2,10,30.2,36.1,8-8-10-11,美浦 辻,482,6,
202606030309,2026-04-04,中山,9,山吹賞,芝,2200,右,曇,稍,"3回 中山 3日目 サラ系３歳 １勝クラス       (混)(特指) 馬齢 13頭 本賞金:1140,460,290,170,114万円",13,1140.0,7,5,7,ヨカオウ,牡,3,57.0,岩田康,134.7,1/2,7,11.0,36.9,2-3-3-4,栗東 谷,468,2,
202606030309,2026-04-04,中山,9,山吹賞,芝,2200,右,曇,稍,"3回 中山 3日目 サラ系３歳 １勝クラス       (混)(特指) 馬齢 13頭 本賞金:1140,460,290,170,114万円",13,1140.0,8,6,9,クラウンインジエア,牡,3,57.0,佐々木,134.7,クビ,8,14.1,37.2,1-1-1-1,栗東 藤岡健,488,6,
202606030309,2026-04-04,中山,9,山吹賞,芝,2200,右,曇,稍,"3回 中山 3日目 サラ系３歳 １勝クラス       (混)(特指) 馬齢 13頭 本賞金:1140,460,290,170,114万円",13,1140.0,9,7,10,バリオス,牡,3,57.0,西村淳,135.2,3,4,7.4,37.3,6-5-5-4,栗東 武幸,528,-6,
202606030309,2026-04-04,中山,9,山吹賞,芝,2200,右,曇,稍,"3回 中山 3日目 サラ系３歳 １勝クラス       (混)(特指) 馬齢 13頭 本賞金:1140,460,290,170,114万円",13,1140.0,10,4,5,レイヒストリコ,牡,3,57.0,団野,135.5,1.1/2,3,5.5,37.2,9-8-8-9,美浦 黒岩,502,0,
202606030309,2026-04-04,中山,9,山吹賞,芝,2200,右,曇,稍,"3回 中山 3日目 サラ系３歳 １勝クラス       (混)(特指) 馬齢 13頭 本賞金:1140,460,290,170,114万円",13,1140.0,11,2,2,グレーヌドジョワ,牡,3,57.0,丹内,135.5,クビ,9,29.5,37.4,4-5-7-7,栗東 今野,446,-6,
202606030309,2026-04-04,中山,9,山吹賞,芝,2200,右,曇,稍,"3回 中山 3日目 サラ系３歳 １勝クラス       (混)(特指) 馬齢 13頭 本賞金:1140,460,290,170,114万円",13,1140.0,12,7,11,トップオブザライン,牡,3,57.0,三浦,138.1,大,11,38.4,39.5,11-11-12-12,栗東 友道,490,-4,
202606030309,2026-04-04,中山,9,山吹賞,芝,2200,右,曇,稍,"3回 中山 3日目 サラ系３歳 １勝クラス       (混)(特指) 馬齢 13頭 本賞金:1140,460,290,170,114万円",13,1140.0,,6,8,ドッグウッド,牡,3,57.0,横山和,,,,,,,美浦 斎藤誠,450,-2,除外
202606030310,2026-04-04,中山,10,千葉日報杯,ダ,1800,右,雨,重,"3回 中山 3日目 サラ系４歳以上 ２勝クラス       (混)(特指) 定量 15頭 本賞金:1580,630,400,240,158万円",15,1580.0,1,2,3,オリーブグリーン,牡,4,58.0,西村淳,113.4,,2,6.1,37.4,3-3-3-5,栗東 矢作,528,-2,
202606030310,2026-04-04,中山,10,千葉日報杯,ダ,1800,右,雨,重,"3回 中山 3日目 サラ系４歳以上 ２勝クラス       (混)(特指) 定量 15頭 本賞金:1580,630,400,240,158万円",15,1580.0,2,4,6,リザードアイランド,牡,4,58.0,横山和,113.4,クビ,1,1.9,37.5,5-4-3-3,美浦 田村,488,-4,
202606030310,2026-04-04,中山,10,千葉日報杯,ダ,1800,右,雨,重,"3回 中山 3日目 サラ系４歳以上 ２勝クラス       (混)(特指) 定量 15頭 本賞金:1580,630,400,240,158万円",15,1580.0,3,6,11,ピコシー,牡,4,58.0,岩田康,113.5,クビ,4,8.4,37.3,6-6-6-5,美浦 奥村武,472,-2,
202606030310,2026-04-04,中山,10,千葉日報杯,ダ,1800,右,雨,重,"3回 中山 3日目 サラ系４歳以上 ２勝クラス       (混)(特指) 定量 15頭 本賞金:1580,630,400,240,158万円",15,1580.0,4,7,13,セザンワールド,セ,6,58.0,柴田善,113.7,1.1/2,9,25.3,37.7,9-6-3-3,美浦 蛯名利,506,-4,
202606030310,2026-04-04,中山,10,千葉日報杯,ダ,1800,右,雨,重,"3回 中山 3日目 サラ系４歳以上 ２勝クラス       (混)(特指) 定量 15頭 本賞金:1580,630,400,240,158万円",15,1580.0,5,5,8,フジレイメイ,牡,4,58.0,松岡,113.8,クビ,7,18.8,37.0,12-12-12-10,美浦 小笠,502,-8,
202606030310,2026-04-04,中山,10,千葉日報杯,ダ,1800,右,雨,重,"3回 中山 3日目 サラ系４歳以上 ２勝クラス       (混)(特指) 定量 15頭 本賞金:1580,630,400,240,158万円",15,1580.0,6,6,10,ライジンマル,セ,5,58.0,木幡初,114.0,1.1/2,3,7.0,38.3,1-1-1-2,美浦 竹内,534,8,
202606030310,2026-04-04,中山,10,千葉日報杯,ダ,1800,右,雨,重,"3回 中山 3日目 サラ系４歳以上 ２勝クラス       (混)(特指) 定量 15頭 本賞金:1580,630,400,240,158万円",15,1580.0,7,4,7,デルマタモン,牡,8,58.0,菊沢,114.3,1.3/4,14,233.9,37.1,14-14-13-12,美浦 勢司,512,8,
202606030310,2026-04-04,中山,10,千葉日報杯,ダ,1800,右,雨,重,"3回 中山 3日目 サラ系４歳以上 ２勝クラス       (混)(特指) 定量 15頭 本賞金:1580,630,400,240,158万円",15,1580.0,8,3,5,サツキノジョウ,牝,5,56.0,丹内,114.3,ハナ,5,15.0,38.1,9-9-6-7,美浦 武井,464,6,
202606030310,2026-04-04,中山,10,千葉日報杯,ダ,1800,右,雨,重,"3回 中山 3日目 サラ系４歳以上 ２勝クラス       (混)(特指) 定量 15頭 本賞金:1580,630,400,240,158万円",15,1580.0,9,8,15,ウインアルドーレ,牡,5,58.0,三浦,114.4,クビ,6,15.4,38.6,2-2-2-1,美浦 奥平,502,-2,
202606030310,2026-04-04,中山,10,千葉日報杯,ダ,1800,右,雨,重,"3回 中山 3日目 サラ系４歳以上 ２勝クラス       (混)(特指) 定量 15頭 本賞金:1580,630,400,240,158万円",15,1580.0,10,7,12,タリエシン,セ,6,58.0,野中,114.5,1/2,15,254.3,37.9,6-9-10-12,美浦 秋本,440,-8,
202606030310,2026-04-04,中山,10,千葉日報杯,ダ,1800,右,雨,重,"3回 中山 3日目 サラ系４歳以上 ２勝クラス       (混)(特指) 定量 15頭 本賞金:1580,630,400,240,158万円",15,1580.0,11,5,9,ニシノブレイゼスト,牡,4,58.0,田辺,114.6,3/4,8,20.8,38.0,9-11-10-10,美浦 高木,508,2,
202606030310,2026-04-04,中山,10,千葉日報杯,ダ,1800,右,雨,重,"3回 中山 3日目 サラ系４歳以上 ２勝クラス       (混)(特指) 定量 15頭 本賞金:1580,630,400,240,158万円",15,1580.0,12,2,2,アベベ,牡,5,58.0,原,115.5,5,13,188.5,39.2,6-6-9-8,美浦 秋本,480,-14,
202606030310,2026-04-04,中山,10,千葉日報杯,ダ,1800,右,雨,重,"3回 中山 3日目 サラ系４歳以上 ２勝クラス       (混)(特指) 定量 15頭 本賞金:1580,630,400,240,158万円",15,1580.0,13,3,4,エンプレスフレーム,牝,4,56.0,原田和,115.7,1,10,107.7,39.5,4-4-6-8,美浦 上原博,458,4,
202606030310,2026-04-04,中山,10,千葉日報杯,ダ,1800,右,雨,重,"3回 中山 3日目 サラ系４歳以上 ２勝クラス       (混)(特指) 定量 15頭 本賞金:1580,630,400,240,158万円",15,1580.0,14,8,14,アースイオス,牡,5,58.0,横山琉,116.5,5,11,116.8,39.1,14-14-15-15,美浦 手塚徳,532,-12,
202606030310,2026-04-04,中山,10,千葉日報杯,ダ,1800,右,雨,重,"3回 中山 3日目 サラ系４歳以上 ２勝クラス       (混)(特指) 定量 15頭 本賞金:1580,630,400,240,158万円",15,1580.0,15,1,1,スプレーフォール,牡,5,58.0,石川,116.6,クビ,12,161.8,39.4,13-13-13-14,美浦 相沢,472,2,
202606030311,2026-04-04,中山,11,ダービー卿CT,芝,1600,右,曇,稍,"3回 中山 3日目 サラ系４歳以上 オープン       (国際)(特指) ハンデ 16頭 本賞金:4100,1600,1000,620,410万円",16,4100.0,1,6,11,スズハローム,牡,6,57.0,藤懸,93.4,,10,15.9,33.8,14-15-14,栗東 牧田,464,-4,
202606030311,2026-04-04,中山,11,ダービー卿CT,芝,1600,右,曇,稍,"3回 中山 3日目 サラ系４歳以上 オープン       (国際)(特指) ハンデ 16頭 本賞金:4100,1600,1000,620,410万円",16,4100.0,2,8,16,サイルーン,セ,7,57.0,大野,93.4,アタマ,6,12.4,34.3,10-12-11,美浦 堀,482,-6,
202606030311,2026-04-04,中山,11,ダービー卿CT,芝,1600,右,曇,稍,"3回 中山 3日目 サラ系４歳以上 オープン       (国際)(特指) ハンデ 16頭 本賞金:4100,1600,1000,620,410万円",16,4100.0,3,4,8,ファーヴェント,牡,5,57.0,横山武,93.4,ハナ,1,5.7,34.8,4-8-8,栗東 藤原,514,2,
202606030311,2026-04-04,中山,11,ダービー卿CT,芝,1600,右,曇,稍,"3回 中山 3日目 サラ系４歳以上 オープン       (国際)(特指) ハンデ 16頭 本賞金:4100,1600,1000,620,410万円",16,4100.0,4,1,2,ミニトランザット,牡,4,56.0,西村淳,93.5,1/2,2,6.0,35.0,4-7-5,栗東 杉山佳,476,10,
202606030311,2026-04-04,中山,11,ダービー卿CT,芝,1600,右,曇,稍,"3回 中山 3日目 サラ系４歳以上 オープン       (国際)(特指) ハンデ 16頭 本賞金:4100,1600,1000,620,410万円",16,4100.0,5,7,13,イミグラントソング,牡,4,57.0,石川,93.7,1.1/4,8,13.3,34.8,10-10-10,美浦 辻,502,14,
202606030311,2026-04-04,中山,11,ダービー卿CT,芝,1600,右,曇,稍,"3回 中山 3日目 サラ系４歳以上 オープン       (国際)(特指) ハンデ 16頭 本賞金:4100,1600,1000,620,410万円",16,4100.0,6,3,5,ブエナオンダ,牡,5,58.0,佐々木,93.7,ハナ,7,13.1,34.9,9-9-8,栗東 須貝,460,2,
202606030311,2026-04-04,中山,11,ダービー卿CT,芝,1600,右,曇,稍,"3回 中山 3日目 サラ系４歳以上 オープン       (国際)(特指) ハンデ 16頭 本賞金:4100,1600,1000,620,410万円",16,4100.0,7,1,1,ゾンニッヒ,牡,8,57.5,団野,93.8,クビ,9,14.7,35.6,4-4-3,栗東 池江,480,-4,
202606030311,2026-04-04,中山,11,ダービー卿CT,芝,1600,右,曇,稍,"3回 中山 3日目 サラ系４歳以上 オープン       (国際)(特指) ハンデ 16頭 本賞金:4100,1600,1000,620,410万円",16,4100.0,8,2,3,エンペラーズソード,セ,4,55.0,丹内,93.8,ハナ,11,16.7,35.9,1-1-1,美浦 高木,490,-4,
202606030311,2026-04-04,中山,11,ダービー卿CT,芝,1600,右,曇,稍,"3回 中山 3日目 サラ系４歳以上 オープン       (国際)(特指) ハンデ 16頭 本賞金:4100,1600,1000,620,410万円",16,4100.0,9,2,4,メタルスピード,牡,6,55.0,岩田康,94.0,1.1/2,4,8.3,36.1,2-2-2,美浦 斎藤誠,524,0,
202606030311,2026-04-04,中山,11,ダービー卿CT,芝,1600,右,曇,稍,"3回 中山 3日目 サラ系４歳以上 オープン       (国際)(特指) ハンデ 16頭 本賞金:4100,1600,1000,620,410万円",16,4100.0,10,5,10,ケイアイセナ,牡,7,57.5,津村,94.3,1.3/4,3,6.8,36.0,3-4-7,栗東 平田,480,0,
202606030311,2026-04-04,中山,11,ダービー卿CT,芝,1600,右,曇,稍,"3回 中山 3日目 サラ系４歳以上 オープン       (国際)(特指) ハンデ 16頭 本賞金:4100,1600,1000,620,410万円",16,4100.0,11,7,14,ジュンブロッサム,牡,7,58.5,荻野極,94.5,1,12,17.0,35.3,12-12-14,栗東 友道,478,4,
202606030311,2026-04-04,中山,11,ダービー卿CT,芝,1600,右,曇,稍,"3回 中山 3日目 サラ系４歳以上 オープン       (国際)(特指) ハンデ 16頭 本賞金:4100,1600,1000,620,410万円",16,4100.0,12,5,9,エエヤン,セ,6,57.0,杉原,94.7,1.1/4,14,115.1,35.6,15-12-11,美浦 伊藤大,480,0,
202606030311,2026-04-04,中山,11,ダービー卿CT,芝,1600,右,曇,稍,"3回 中山 3日目 サラ系４歳以上 オープン       (国際)(特指) ハンデ 16頭 本賞金:4100,1600,1000,620,410万円",16,4100.0,13,8,15,シリウスコルト,牡,5,58.0,三浦,94.8,1/2,5,9.1,36.7,7-3-4,美浦 田中勝,502,-6,
202606030311,2026-04-04,中山,11,ダービー卿CT,芝,1600,右,曇,稍,"3回 中山 3日目 サラ系４歳以上 オープン       (国際)(特指) ハンデ 16頭 本賞金:4100,1600,1000,620,410万円",16,4100.0,14,6,12,ダディーズビビッド,牡,8,57.5,横山和,95.0,1.1/4,15,154.2,36.1,7-10-13,栗東 千田,514,-8,
202606030311,2026-04-04,中山,11,ダービー卿CT,芝,1600,右,曇,稍,"3回 中山 3日目 サラ系４歳以上 オープン       (国際)(特指) ハンデ 16頭 本賞金:4100,1600,1000,620,410万円",16,4100.0,15,3,6,マテンロウオリオン,牡,7,56.0,横山典,95.4,2.1/2,13,25.0,37.1,12-4-5,栗東 昆,474,-18,
202606030311,2026-04-04,中山,11,ダービー卿CT,芝,1600,右,曇,稍,"3回 中山 3日目 サラ系４歳以上 オープン       (国際)(特指) ハンデ 16頭 本賞金:4100,1600,1000,620,410万円",16,4100.0,,4,7,タイムトゥヘヴン,牡,8,56.0,田辺,,,,,,,美浦 戸田,476,-8,除外
202606030312,2026-04-04,中山,12,4歳以上2勝クラス,ダ,1200,右,曇,重,"3回 中山 3日目 サラ系４歳以上 ２勝クラス       (混)[指] 定量 16頭 本賞金:1190,480,300,180,119万円",16,1190.0,1,6,12,コパノヴィンセント,牡,4,58.0,柴田大,70.5,,15,101.1,36.1,2-2,美浦 上原博,566,8,
202606030312,2026-04-04,中山,12,4歳以上2勝クラス,ダ,1200,右,曇,重,"3回 中山 3日目 サラ系４歳以上 ２勝クラス       (混)[指] 定量 16頭 本賞金:1190,480,300,180,119万円",16,1190.0,2,1,1,ホウオウプレミア,牡,7,58.0,岩田康,71.0,3,7,14.7,35.5,13-10,美浦 奥村武,490,-2,
202606030312,2026-04-04,中山,12,4歳以上2勝クラス,ダ,1200,右,曇,重,"3回 中山 3日目 サラ系４歳以上 ２勝クラス       (混)[指] 定量 16頭 本賞金:1190,480,300,180,119万円",16,1190.0,3,7,14,マクミランテソーロ,牡,5,58.0,菊沢,71.1,クビ,2,4.6,36.6,2-3,美浦 田中剛,480,-2,
202606030312,2026-04-04,中山,12,4歳以上2勝クラス,ダ,1200,右,曇,重,"3回 中山 3日目 サラ系４歳以上 ２勝クラス       (混)[指] 定量 16頭 本賞金:1190,480,300,180,119万円",16,1190.0,4,6,11,ドナカルナバル,牝,4,56.0,江田照,71.4,1.3/4,8,22.5,36.7,4-5,美浦 高木,486,8,
202606030312,2026-04-04,中山,12,4歳以上2勝クラス,ダ,1200,右,曇,重,"3回 中山 3日目 サラ系４歳以上 ２勝クラス       (混)[指] 定量 16頭 本賞金:1190,480,300,180,119万円",16,1190.0,5,7,13,キョウエイカンフ,牡,6,58.0,横山和,71.4,ハナ,3,6.5,35.8,15-15,美浦 勢司,526,0,
202606030312,2026-04-04,中山,12,4歳以上2勝クラス,ダ,1200,右,曇,重,"3回 中山 3日目 サラ系４歳以上 ２勝クラス       (混)[指] 定量 16頭 本賞金:1190,480,300,180,119万円",16,1190.0,6,4,7,タッカージーティー,牝,4,56.0,横山典,71.4,クビ,11,40.6,36.5,8-6,美浦 鈴木伸,480,0,
202606030312,2026-04-04,中山,12,4歳以上2勝クラス,ダ,1200,右,曇,重,"3回 中山 3日目 サラ系４歳以上 ２勝クラス       (混)[指] 定量 16頭 本賞金:1190,480,300,180,119万円",16,1190.0,7,2,3,サンドブラスト,牡,5,58.0,丹内,71.5,3/4,4,9.6,36.8,4-4,美浦 鈴木慎,512,-2,
202606030312,2026-04-04,中山,12,4歳以上2勝クラス,ダ,1200,右,曇,重,"3回 中山 3日目 サラ系４歳以上 ２勝クラス       (混)[指] 定量 16頭 本賞金:1190,480,300,180,119万円",16,1190.0,8,2,4,タイセイピューマ,牡,5,55.0,▲石田,71.8,1.1/2,10,35.5,36.6,11-10,美浦 新開,494,-4,
202606030312,2026-04-04,中山,12,4歳以上2勝クラス,ダ,1200,右,曇,重,"3回 中山 3日目 サラ系４歳以上 ２勝クラス       (混)[指] 定量 16頭 本賞金:1190,480,300,180,119万円",16,1190.0,9,5,10,メッエフアパラ,牡,5,58.0,石橋脩,71.8,クビ,13,59.8,36.6,11-13,美浦 辻,464,-6,
202606030312,2026-04-04,中山,12,4歳以上2勝クラス,ダ,1200,右,曇,重,"3回 中山 3日目 サラ系４歳以上 ２勝クラス       (混)[指] 定量 16頭 本賞金:1190,480,300,180,119万円",16,1190.0,10,3,5,ヘルメース,牡,5,55.0,▲佐藤,71.9,クビ,12,46.3,36.5,13-13,美浦 伊藤圭,498,-6,
202606030312,2026-04-04,中山,12,4歳以上2勝クラス,ダ,1200,右,曇,重,"3回 中山 3日目 サラ系４歳以上 ２勝クラス       (混)[指] 定量 16頭 本賞金:1190,480,300,180,119万円",16,1190.0,11,8,15,ショウナンラリー,牡,4,56.0,△舟山,71.9,アタマ,9,22.7,37.6,1-1,美浦 嘉藤,496,0,
202606030312,2026-04-04,中山,12,4歳以上2勝クラス,ダ,1200,右,曇,重,"3回 中山 3日目 サラ系４歳以上 ２勝クラス       (混)[指] 定量 16頭 本賞金:1190,480,300,180,119万円",16,1190.0,12,1,2,ダンケルド,牡,4,58.0,杉原,72.4,3,1,3.2,37.4,8-8,美浦 森一,510,4,
202606030312,2026-04-04,中山,12,4歳以上2勝クラス,ダ,1200,右,曇,重,"3回 中山 3日目 サラ系４歳以上 ２勝クラス       (混)[指] 定量 16頭 本賞金:1190,480,300,180,119万円",16,1190.0,13,4,8,ラヴァグロウ,牝,6,56.0,丸田,72.5,1/2,16,105.1,36.5,16-16,美浦 畠山,446,-4,
202606030312,2026-04-04,中山,12,4歳以上2勝クラス,ダ,1200,右,曇,重,"3回 中山 3日目 サラ系４歳以上 ２勝クラス       (混)[指] 定量 16頭 本賞金:1190,480,300,180,119万円",16,1190.0,14,8,16,カツラノキサノキ,牡,5,58.0,木幡巧,72.5,アタマ,14,98.9,37.7,4-8,栗東 庄野,494,-8,
202606030312,2026-04-04,中山,12,4歳以上2勝クラス,ダ,1200,右,曇,重,"3回 中山 3日目 サラ系４歳以上 ２勝クラス       (混)[指] 定量 16頭 本賞金:1190,480,300,180,119万円",16,1190.0,15,3,6,ビーコング,牡,5,58.0,横山武,72.7,1.1/4,6,11.4,37.8,8-10,美浦 小手川,510,0,
202606030312,2026-04-04,中山,12,4歳以上2勝クラス,ダ,1200,右,曇,重,"3回 中山 3日目 サラ系４歳以上 ２勝クラス       (混)[指] 定量 16頭 本賞金:1190,480,300,180,119万円",16,1190.0,16,5,9,エコロネオ,牡,5,58.0,団野,73.0,1.3/4,5,9.7,38.3,4-6,栗東 森秀,492,-6,
202609020301,2026-04-04,阪神,1,3歳未勝利,ダ,1800,右,小雨,稍,"2回 阪神 3日目 サラ系３歳 未勝利       牝[指] 馬齢 16頭 本賞金:590,240,150,89,59万円",16,590.0,1,8,16,ペトリコール,牝,3,55.0,ルメー,114.2,,1,1.4,37.0,2-2-2-2,栗東 上村,492,4,
202609020301,2026-04-04,阪神,1,3歳未勝利,ダ,1800,右,小雨,稍,"2回 阪神 3日目 サラ系３歳 未勝利       牝[指] 馬齢 16頭 本賞金:590,240,150,89,59万円",16,590.0,2,6,12,ヤマニンエルファバ,牝,3,55.0,武豊,114.6,2.1/2,5,15.3,37.0,8-8-4-4,栗東 千田,462,-16,
202609020301,2026-04-04,阪神,1,3歳未勝利,ダ,1800,右,小雨,稍,"2回 阪神 3日目 サラ系３歳 未勝利       牝[指] 馬齢 16頭 本賞金:590,240,150,89,59万円",16,590.0,3,8,15,コイタマチャン,牝,3,55.0,松山,114.9,2,6,17.6,37.9,1-1-1-1,栗東 宮本,494,0,
202609020301,2026-04-04,阪神,1,3歳未勝利,ダ,1800,右,小雨,稍,"2回 阪神 3日目 サラ系３歳 未勝利       牝[指] 馬齢 16頭 本賞金:590,240,150,89,59万円",16,590.0,4,2,3,ルージュエピック,牝,3,55.0,菱田,115.5,4,2,5.8,37.7,8-8-9-6,栗東 田中克,480,2,
202609020301,2026-04-04,阪神,1,3歳未勝利,ダ,1800,右,小雨,稍,"2回 阪神 3日目 サラ系３歳 未勝利       牝[指] 馬齢 16頭 本賞金:590,240,150,89,59万円",16,590.0,5,3,5,グロリアス,牝,3,52.0,▲田山,115.6,1/2,4,13.6,37.2,11-12-13-10,栗東 新谷,452,-6,
202609020301,2026-04-04,阪神,1,3歳未勝利,ダ,1800,右,小雨,稍,"2回 阪神 3日目 サラ系３歳 未勝利       牝[指] 馬齢 16頭 本賞金:590,240,150,89,59万円",16,590.0,6,7,13,ハッピーリオン,牝,3,55.0,太宰,115.7,クビ,8,50.5,38.4,3-3-3-3,栗東 武英,464,4,
202609020301,2026-04-04,阪神,1,3歳未勝利,ダ,1800,右,小雨,稍,"2回 阪神 3日目 サラ系３歳 未勝利       牝[指] 馬齢 16頭 本賞金:590,240,150,89,59万円",16,590.0,7,5,10,シャドウクライ,牝,3,55.0,北村友,116.5,5,10,55.2,38.5,8-10-10-10,栗東 杉山佳,456,0,
202609020301,2026-04-04,阪神,1,3歳未勝利,ダ,1800,右,小雨,稍,"2回 阪神 3日目 サラ系３歳 未勝利       牝[指] 馬齢 16頭 本賞金:590,240,150,89,59万円",16,590.0,8,2,4,エンジェルグラース,牝,3,55.0,国分恭,116.6,クビ,11,86.7,38.8,5-5-6-8,栗東 高橋康,430,-6,
202609020301,2026-04-04,阪神,1,3歳未勝利,ダ,1800,右,小雨,稍,"2回 阪神 3日目 サラ系３歳 未勝利       牝[指] 馬齢 16頭 本賞金:590,240,150,89,59万円",16,590.0,9,1,2,ミヤジケリー,牝,3,55.0,秋山稔,117.0,2.1/2,16,335.7,39.2,5-5-6-8,栗東 高橋忠,444,-2,
202609020301,2026-04-04,阪神,1,3歳未勝利,ダ,1800,右,小雨,稍,"2回 阪神 3日目 サラ系３歳 未勝利       牝[指] 馬齢 16頭 本賞金:590,240,150,89,59万円",16,590.0,10,4,7,ブライトベリル,牝,3,55.0,岩田望,117.5,3,7,31.8,39.8,5-5-6-7,栗東 中内田,510,0,
202609020301,2026-04-04,阪神,1,3歳未勝利,ダ,1800,右,小雨,稍,"2回 阪神 3日目 サラ系３歳 未勝利       牝[指] 馬齢 16頭 本賞金:590,240,150,89,59万円",16,590.0,11,6,11,モズギャクテン,牝,3,55.0,幸,117.7,1.1/4,9,55.0,39.1,14-13-12-14,栗東 飯田,472,0,
202609020301,2026-04-04,阪神,1,3歳未勝利,ダ,1800,右,小雨,稍,"2回 阪神 3日目 サラ系３歳 未勝利       牝[指] 馬齢 16頭 本賞金:590,240,150,89,59万円",16,590.0,12,4,8,ベリベリハッピー,牝,3,51.0,★河原田,118.1,2.1/2,12,162.7,40.0,11-11-10-10,栗東 渡辺,494,0,
202609020301,2026-04-04,阪神,1,3歳未勝利,ダ,1800,右,小雨,稍,"2回 阪神 3日目 サラ系３歳 未勝利       牝[指] 馬齢 16頭 本賞金:590,240,150,89,59万円",16,590.0,13,1,1,ザタイムハズカム,牝,3,55.0,川田,118.2,クビ,3,10.4,40.7,3-3-4-4,栗東 福永,502,6,
202609020301,2026-04-04,阪神,1,3歳未勝利,ダ,1800,右,小雨,稍,"2回 阪神 3日目 サラ系３歳 未勝利       牝[指] 馬齢 16頭 本賞金:590,240,150,89,59万円",16,590.0,14,7,14,ハギノデュア,牝,3,55.0,鮫島駿,118.6,2.1/2,13,265.6,40.2,13-13-13-13,栗東 高野,428,0,
202609020301,2026-04-04,阪神,1,3歳未勝利,ダ,1800,右,小雨,稍,"2回 阪神 3日目 サラ系３歳 未勝利       牝[指] 馬齢 16頭 本賞金:590,240,150,89,59万円",16,590.0,15,5,9,ルージュマシェリ,牝,3,53.0,◇永島,118.9,2,15,285.7,40.1,16-16-15-15,栗東 四位,438,-10,
202609020301,2026-04-04,阪神,1,3歳未勝利,ダ,1800,右,小雨,稍,"2回 阪神 3日目 サラ系３歳 未勝利       牝[指] 馬齢 16頭 本賞金:590,240,150,89,59万円",16,590.0,16,3,6,メイショウルビー,牝,3,52.0,▲和田陽,120.0,7,14,273.7,41.2,14-13-15-15,栗東 鈴木孝,414,0,
202609020302,2026-04-04,阪神,2,3歳未勝利,ダ,1400,右,小雨,稍,"2回 阪神 3日目 サラ系３歳 未勝利       (混)[指] 馬齢 16頭 本賞金:590,240,150,89,59万円",16,590.0,1,8,15,バトルアックス,牡,3,57.0,坂井,83.7,,2,3.3,36.3,5-2,栗東 今野,518,10,
202609020302,2026-04-04,阪神,2,3歳未勝利,ダ,1400,右,小雨,稍,"2回 阪神 3日目 サラ系３歳 未勝利       (混)[指] 馬齢 16頭 本賞金:590,240,150,89,59万円",16,590.0,2,6,11,モズプリフォール,牡,3,57.0,岩田望,84.3,4,4,8.1,37.7,1-1,栗東 矢作,508,4,
202609020302,2026-04-04,阪神,2,3歳未勝利,ダ,1400,右,小雨,稍,"2回 阪神 3日目 サラ系３歳 未勝利       (混)[指] 馬齢 16頭 本賞金:590,240,150,89,59万円",16,590.0,3,1,1,ジャーナーリア,牡,3,57.0,松山,84.6,2,3,6.1,37.5,2-2,栗東 本田,528,6,
202609020302,2026-04-04,阪神,2,3歳未勝利,ダ,1400,右,小雨,稍,"2回 阪神 3日目 サラ系３歳 未勝利       (混)[指] 馬齢 16頭 本賞金:590,240,150,89,59万円",16,590.0,4,4,8,モズジェネラル,牡,3,54.0,▲森田,85.1,3,7,27.6,37.4,6-6,栗東 田中克,502,2,
202609020302,2026-04-04,阪神,2,3歳未勝利,ダ,1400,右,小雨,稍,"2回 阪神 3日目 サラ系３歳 未勝利       (混)[指] 馬齢 16頭 本賞金:590,240,150,89,59万円",16,590.0,5,7,14,アニマレイ,牡,3,57.0,ルメー,85.9,5,1,2.6,37.9,8-7,栗東 須貝,476,4,
202609020302,2026-04-04,阪神,2,3歳未勝利,ダ,1400,右,小雨,稍,"2回 阪神 3日目 サラ系３歳 未勝利       (混)[指] 馬齢 16頭 本賞金:590,240,150,89,59万円",16,590.0,6,2,3,アメリカンサクラ,牡,3,57.0,北村友,86.0,1/2,8,32.9,38.7,3-4,栗東 矢作,518,-4,
202609020302,2026-04-04,阪神,2,3歳未勝利,ダ,1400,右,小雨,稍,"2回 阪神 3日目 サラ系３歳 未勝利       (混)[指] 馬齢 16頭 本賞金:590,240,150,89,59万円",16,590.0,7,8,16,チャーチルデュース,牡,3,57.0,武豊,86.2,1.1/2,5,9.5,38.3,6-7,栗東 松永幹,470,0,
202609020302,2026-04-04,阪神,2,3歳未勝利,ダ,1400,右,小雨,稍,"2回 阪神 3日目 サラ系３歳 未勝利       (混)[指] 馬齢 16頭 本賞金:590,240,150,89,59万円",16,590.0,8,3,5,マカホウ,牡,3,57.0,角田和,86.5,2,12,134.6,38.3,9-9,栗東 田中克,486,0,
202609020302,2026-04-04,阪神,2,3歳未勝利,ダ,1400,右,小雨,稍,"2回 阪神 3日目 サラ系３歳 未勝利       (混)[指] 馬齢 16頭 本賞金:590,240,150,89,59万円",16,590.0,9,5,9,ミニュイ,牡,3,54.0,▲田山,86.7,1.1/4,11,126.7,38.2,11-11,栗東 秋山,484,-8,
202609020302,2026-04-04,阪神,2,3歳未勝利,ダ,1400,右,小雨,稍,"2回 阪神 3日目 サラ系３歳 未勝利       (混)[指] 馬齢 16頭 本賞金:590,240,150,89,59万円",16,590.0,10,6,12,パイザナンバー,牡,3,57.0,城戸,86.8,1/2,14,327.3,37.6,14-14,栗東 畑端,436,0,
202609020302,2026-04-04,阪神,2,3歳未勝利,ダ,1400,右,小雨,稍,"2回 阪神 3日目 サラ系３歳 未勝利       (混)[指] 馬齢 16頭 本賞金:590,240,150,89,59万円",16,590.0,11,1,2,グレイイメル,牡,3,57.0,高倉,87.0,3/4,10,120.8,38.2,13-13,栗東 武英,422,0,
202609020302,2026-04-04,阪神,2,3歳未勝利,ダ,1400,右,小雨,稍,"2回 阪神 3日目 サラ系３歳 未勝利       (混)[指] 馬齢 16頭 本賞金:590,240,150,89,59万円",16,590.0,12,4,7,ガビーズデトワール,牝,3,53.0,◇古川奈,87.3,1.3/4,15,327.8,37.6,15-15,栗東 牧田,488,2,
202609020302,2026-04-04,阪神,2,3歳未勝利,ダ,1400,右,小雨,稍,"2回 阪神 3日目 サラ系３歳 未勝利       (混)[指] 馬齢 16頭 本賞金:590,240,150,89,59万円",16,590.0,13,7,13,エクスマウス,牝,3,55.0,吉村,87.4,1,9,93.4,38.8,11-11,栗東 茶木,540,2,
202609020302,2026-04-04,阪神,2,3歳未勝利,ダ,1400,右,小雨,稍,"2回 阪神 3日目 サラ系３歳 未勝利       (混)[指] 馬齢 16頭 本賞金:590,240,150,89,59万円",16,590.0,14,3,6,ボトムレス,セ,3,57.0,酒井,87.4,アタマ,13,204.1,39.2,9-9,栗東 四位,446,6,
202609020302,2026-04-04,阪神,2,3歳未勝利,ダ,1400,右,小雨,稍,"2回 阪神 3日目 サラ系３歳 未勝利       (混)[指] 馬齢 16頭 本賞金:590,240,150,89,59万円",16,590.0,15,5,10,ジューンレトリバー,牡,3,57.0,富田,87.5,クビ,6,14.9,40.2,3-4,栗東 長谷川,486,8,
202609020302,2026-04-04,阪神,2,3歳未勝利,ダ,1400,右,小雨,稍,"2回 阪神 3日目 サラ系３歳 未勝利       (混)[指] 馬齢 16頭 本賞金:590,240,150,89,59万円",16,590.0,16,2,4,クインテット,セ,3,57.0,荻野琢,92.5,大,16,443.6,42.8,15-16,栗東 秋山,474,8,
202609020303,2026-04-04,阪神,3,3歳未勝利,ダ,1800,右,小雨,稍,"2回 阪神 3日目 サラ系３歳 未勝利       [指] 馬齢 14頭 本賞金:590,240,150,89,59万円",14,590.0,1,7,11,ゴンタ,牡,3,57.0,松若,114.4,,4,14.0,36.8,14-14-12-7,栗東 小崎,514,-10,
202609020303,2026-04-04,阪神,3,3歳未勝利,ダ,1800,右,小雨,稍,"2回 阪神 3日目 サラ系３歳 未勝利       [指] 馬齢 14頭 本賞金:590,240,150,89,59万円",14,590.0,2,4,6,マーゴットバディ,セ,3,57.0,小崎,114.9,3,3,6.7,38.0,4-4-5-5,栗東 石坂,496,-2,
202609020303,2026-04-04,阪神,3,3歳未勝利,ダ,1800,右,小雨,稍,"2回 阪神 3日目 サラ系３歳 未勝利       [指] 馬齢 14頭 本賞金:590,240,150,89,59万円",14,590.0,3,8,13,グリーンゴー,牡,3,57.0,川田,115.2,2,1,1.5,38.3,6-4-5-5,栗東 福永,484,-2,
202609020303,2026-04-04,阪神,3,3歳未勝利,ダ,1800,右,小雨,稍,"2回 阪神 3日目 サラ系３歳 未勝利       [指] 馬齢 14頭 本賞金:590,240,150,89,59万円",14,590.0,4,4,5,オンザ,牡,3,57.0,富田,115.3,1/2,13,247.2,37.8,10-10-11-7,栗東 高橋一,494,0,
202609020303,2026-04-04,阪神,3,3歳未勝利,ダ,1800,右,小雨,稍,"2回 阪神 3日目 サラ系３歳 未勝利       [指] 馬齢 14頭 本賞金:590,240,150,89,59万円",14,590.0,5,3,4,ドンテスタマスター,牡,3,57.0,坂井,115.7,2,2,3.3,39.0,3-3-3-3,栗東 杉山晴,520,-4,
202609020303,2026-04-04,阪神,3,3歳未勝利,ダ,1800,右,小雨,稍,"2回 阪神 3日目 サラ系３歳 未勝利       [指] 馬齢 14頭 本賞金:590,240,150,89,59万円",14,590.0,6,5,7,ハイビッグゴールド,牡,3,55.0,△柴田裕,116.1,2.1/2,6,71.9,39.4,12-12-3-4,栗東 谷,484,4,
202609020303,2026-04-04,阪神,3,3歳未勝利,ダ,1800,右,小雨,稍,"2回 阪神 3日目 サラ系３歳 未勝利       [指] 馬齢 14頭 本賞金:590,240,150,89,59万円",14,590.0,7,6,10,メイショウイッカク,牡,3,53.0,★河原田,116.2,1/2,8,87.2,39.7,2-2-2-2,栗東 池添,480,2,
202609020303,2026-04-04,阪神,3,3歳未勝利,ダ,1800,右,小雨,稍,"2回 阪神 3日目 サラ系３歳 未勝利       [指] 馬齢 14頭 本賞金:590,240,150,89,59万円",14,590.0,8,2,2,コカボムショット,牡,3,57.0,加藤,116.3,1/2,14,342.8,39.2,7-7-8-7,栗東 庄野,424,-4,
202609020303,2026-04-04,阪神,3,3歳未勝利,ダ,1800,右,小雨,稍,"2回 阪神 3日目 サラ系３歳 未勝利       [指] 馬齢 14頭 本賞金:590,240,150,89,59万円",14,590.0,9,3,3,テーオータウンズ,牡,3,57.0,高杉,117.4,7,5,47.0,40.4,4-4-5-7,栗東 藤岡健,502,2,
202609020303,2026-04-04,阪神,3,3歳未勝利,ダ,1800,右,小雨,稍,"2回 阪神 3日目 サラ系３歳 未勝利       [指] 馬齢 14頭 本賞金:590,240,150,89,59万円",14,590.0,10,1,1,メエメエ,牝,3,53.0,◇永島,117.6,1,10,133.7,39.6,12-12-14-13,栗東 高橋康,476,-4,
202609020303,2026-04-04,阪神,3,3歳未勝利,ダ,1800,右,小雨,稍,"2回 阪神 3日目 サラ系３歳 未勝利       [指] 馬齢 14頭 本賞金:590,240,150,89,59万円",14,590.0,11,5,8,レットフィールマン,牝,3,55.0,角田和,117.7,3/4,9,89.4,40.4,7-7-8-12,栗東 角田,464,-6,
202609020303,2026-04-04,阪神,3,3歳未勝利,ダ,1800,右,小雨,稍,"2回 阪神 3日目 サラ系３歳 未勝利       [指] 馬齢 14頭 本賞金:590,240,150,89,59万円",14,590.0,12,8,14,バンブラボー,牡,3,57.0,幸,117.8,クビ,11,158.8,40.7,7-7-8-7,栗東 飯田,522,4,
202609020303,2026-04-04,阪神,3,3歳未勝利,ダ,1800,右,小雨,稍,"2回 阪神 3日目 サラ系３歳 未勝利       [指] 馬齢 14頭 本賞金:590,240,150,89,59万円",14,590.0,13,7,12,キャリアハイ,牡,3,57.0,亀田,118.0,1,7,80.5,41.6,1-1-1-1,栗東 北出,532,-4,
202609020303,2026-04-04,阪神,3,3歳未勝利,ダ,1800,右,小雨,稍,"2回 阪神 3日目 サラ系３歳 未勝利       [指] 馬齢 14頭 本賞金:590,240,150,89,59万円",14,590.0,14,6,9,ファイヤーナイフ,牡,3,54.0,▲田山,118.5,3,12,223.1,40.6,11-10-12-13,栗東 中村,432,2,
202609020304,2026-04-04,阪神,4,3歳未勝利,芝,1400,右,小雨,良,"2回 阪神 3日目 サラ系３歳 未勝利       (混)[指] 馬齢 18頭 本賞金:590,240,150,89,59万円",18,590.0,1,3,6,マイティキングダム,牡,3,57.0,富田,81.6,,2,4.3,35.0,3-3,栗東 加藤公,460,-2,
202609020304,2026-04-04,阪神,4,3歳未勝利,芝,1400,右,小雨,良,"2回 阪神 3日目 サラ系３歳 未勝利       (混)[指] 馬齢 18頭 本賞金:590,240,150,89,59万円",18,590.0,2,6,11,アクアアイ,牝,3,55.0,岩田望,81.7,クビ,1,2.7,35.0,5-5,栗東 四位,448,-2,
202609020304,2026-04-04,阪神,4,3歳未勝利,芝,1400,右,小雨,良,"2回 阪神 3日目 サラ系３歳 未勝利       (混)[指] 馬齢 18頭 本賞金:590,240,150,89,59万円",18,590.0,3,5,9,タイガーロード,牡,3,57.0,田口,81.8,3/4,11,78.1,35.4,2-2,栗東 大橋,468,-4,
202609020304,2026-04-04,阪神,4,3歳未勝利,芝,1400,右,小雨,良,"2回 阪神 3日目 サラ系３歳 未勝利       (混)[指] 馬齢 18頭 本賞金:590,240,150,89,59万円",18,590.0,4,8,18,レインボーステート,牡,3,57.0,坂井,81.9,1/2,7,15.3,34.3,12-12,栗東 茶木,444,8,
202609020304,2026-04-04,阪神,4,3歳未勝利,芝,1400,右,小雨,良,"2回 阪神 3日目 サラ系３歳 未勝利       (混)[指] 馬齢 18頭 本賞金:590,240,150,89,59万円",18,590.0,5,3,5,ブランチアウト,牡,3,57.0,古川吉,81.9,ハナ,5,10.5,35.6,1-1,栗東 昆,440,-6,
202609020304,2026-04-04,阪神,4,3歳未勝利,芝,1400,右,小雨,良,"2回 阪神 3日目 サラ系３歳 未勝利       (混)[指] 馬齢 18頭 本賞金:590,240,150,89,59万円",18,590.0,6,1,2,サンエンジェルス,牝,3,55.0,浜中,82.1,1.1/4,9,36.4,35.2,7-7,栗東 谷,410,-4,
202609020304,2026-04-04,阪神,4,3歳未勝利,芝,1400,右,小雨,良,"2回 阪神 3日目 サラ系３歳 未勝利       (混)[指] 馬齢 18頭 本賞金:590,240,150,89,59万円",18,590.0,7,2,3,ラッキーヴォーグ,牡,3,57.0,池添,82.3,1.1/4,12,91.3,35.2,9-9,栗東 牧田,486,0,
202609020304,2026-04-04,阪神,4,3歳未勝利,芝,1400,右,小雨,良,"2回 阪神 3日目 サラ系３歳 未勝利       (混)[指] 馬齢 18頭 本賞金:590,240,150,89,59万円",18,590.0,8,4,7,ムーンライトダイヤ,牝,3,55.0,秋山稔,82.4,1/2,14,124.4,34.6,14-14,栗東 河嶋,418,0,
202609020304,2026-04-04,阪神,4,3歳未勝利,芝,1400,右,小雨,良,"2回 阪神 3日目 サラ系３歳 未勝利       (混)[指] 馬齢 18頭 本賞金:590,240,150,89,59万円",18,590.0,9,7,13,ダノンベルビュー,牝,3,55.0,川田,82.4,クビ,4,9.2,35.5,6-6,栗東 坂口,430,2,
202609020304,2026-04-04,阪神,4,3歳未勝利,芝,1400,右,小雨,良,"2回 阪神 3日目 サラ系３歳 未勝利       (混)[指] 馬齢 18頭 本賞金:590,240,150,89,59万円",18,590.0,10,6,12,ワトルツリー,牝,3,55.0,高杉,82.5,1/2,3,6.0,35.9,3-3,栗東 藤岡健,470,4,
202609020304,2026-04-04,阪神,4,3歳未勝利,芝,1400,右,小雨,良,"2回 阪神 3日目 サラ系３歳 未勝利       (混)[指] 馬齢 18頭 本賞金:590,240,150,89,59万円",18,590.0,11,7,14,アスターシャウルス,牝,3,53.0,△柴田裕,82.8,1.3/4,17,403.0,34.7,16-16,栗東 中竹,402,-4,
202609020304,2026-04-04,阪神,4,3歳未勝利,芝,1400,右,小雨,良,"2回 阪神 3日目 サラ系３歳 未勝利       (混)[指] 馬齢 18頭 本賞金:590,240,150,89,59万円",18,590.0,12,8,17,ルナティックブルー,牝,3,55.0,小沢,83.0,1,18,539.9,35.0,14-15,栗東 今野,436,0,
202609020304,2026-04-04,阪神,4,3歳未勝利,芝,1400,右,小雨,良,"2回 阪神 3日目 サラ系３歳 未勝利       (混)[指] 馬齢 18頭 本賞金:590,240,150,89,59万円",18,590.0,13,8,16,ハピネスサンライズ,牝,3,55.0,松若,83.0,クビ,6,12.5,35.9,7-7,栗東 東田,466,2,
202609020304,2026-04-04,阪神,4,3歳未勝利,芝,1400,右,小雨,良,"2回 阪神 3日目 サラ系３歳 未勝利       (混)[指] 馬齢 18頭 本賞金:590,240,150,89,59万円",18,590.0,14,7,15,ヴェルメロディ,牝,3,55.0,吉村,83.0,クビ,8,26.4,35.7,9-10,栗東 福永,442,16,
202609020304,2026-04-04,阪神,4,3歳未勝利,芝,1400,右,小雨,良,"2回 阪神 3日目 サラ系３歳 未勝利       (混)[指] 馬齢 18頭 本賞金:590,240,150,89,59万円",18,590.0,15,4,8,ティアラティアレ,牝,3,55.0,国分優,83.1,クビ,16,195.4,35.8,11-10,栗東 梅田,420,0,
202609020304,2026-04-04,阪神,4,3歳未勝利,芝,1400,右,小雨,良,"2回 阪神 3日目 サラ系３歳 未勝利       (混)[指] 馬齢 18頭 本賞金:590,240,150,89,59万円",18,590.0,16,5,10,チヨ,牝,3,50.0,▲田山,83.1,ハナ,10,53.9,35.7,12-12,栗東 鈴木孝,460,0,
202609020304,2026-04-04,阪神,4,3歳未勝利,芝,1400,右,小雨,良,"2回 阪神 3日目 サラ系３歳 未勝利       (混)[指] 馬齢 18頭 本賞金:590,240,150,89,59万円",18,590.0,17,1,1,イーグルチョイス,牡,3,55.0,◇今村,83.3,1.1/4,13,121.1,35.1,17-17,栗東 千田,512,-4,
202609020304,2026-04-04,阪神,4,3歳未勝利,芝,1400,右,小雨,良,"2回 阪神 3日目 サラ系３歳 未勝利       (混)[指] 馬齢 18頭 本賞金:590,240,150,89,59万円",18,590.0,18,2,4,キタノコウセイ,セ,3,57.0,角田和,83.4,1/2,15,175.5,35.0,18-18,栗東 畑端,454,0,
202609020305,2026-04-04,阪神,5,3歳未勝利,芝,1800,右,雨,良,"2回 阪神 3日目 サラ系３歳 未勝利       (混)[指] 馬齢 18頭 本賞金:590,240,150,89,59万円",18,590.0,1,6,11,ラヴィニール,牝,3,55.0,北村友,107.6,,5,11.8,33.8,1-1,栗東 武英,460,12,
202609020305,2026-04-04,阪神,5,3歳未勝利,芝,1800,右,雨,良,"2回 阪神 3日目 サラ系３歳 未勝利       (混)[指] 馬齢 18頭 本賞金:590,240,150,89,59万円",18,590.0,2,8,16,ハムタン,牡,3,57.0,武豊,107.8,1.1/2,2,3.3,33.8,2-2,栗東 武幸,466,-2,
202609020305,2026-04-04,阪神,5,3歳未勝利,芝,1800,右,雨,良,"2回 阪神 3日目 サラ系３歳 未勝利       (混)[指] 馬齢 18頭 本賞金:590,240,150,89,59万円",18,590.0,3,4,8,プレスリリース,牡,3,57.0,川田,107.9,3/4,4,8.1,33.4,6-6,栗東 中内田,488,0,
202609020305,2026-04-04,阪神,5,3歳未勝利,芝,1800,右,雨,良,"2回 阪神 3日目 サラ系３歳 未勝利       (混)[指] 馬齢 18頭 本賞金:590,240,150,89,59万円",18,590.0,4,2,3,イクオクコウネン,牡,3,57.0,ルメー,108.1,1.1/4,1,2.8,33.7,10-6,栗東 斉藤崇,516,0,
202609020305,2026-04-04,阪神,5,3歳未勝利,芝,1800,右,雨,良,"2回 阪神 3日目 サラ系３歳 未勝利       (混)[指] 馬齢 18頭 本賞金:590,240,150,89,59万円",18,590.0,5,8,18,バックドラフト,牡,3,57.0,坂井,108.5,2,7,31.2,34.3,3-3,栗東 友道,460,0,
202609020305,2026-04-04,阪神,5,3歳未勝利,芝,1800,右,雨,良,"2回 阪神 3日目 サラ系３歳 未勝利       (混)[指] 馬齢 18頭 本賞金:590,240,150,89,59万円",18,590.0,6,3,6,フォルストランキル,牝,3,55.0,岩田望,108.6,3/4,3,5.0,34.4,3-3,栗東 池江,412,2,
202609020305,2026-04-04,阪神,5,3歳未勝利,芝,1800,右,雨,良,"2回 阪神 3日目 サラ系３歳 未勝利       (混)[指] 馬齢 18頭 本賞金:590,240,150,89,59万円",18,590.0,7,1,1,リノルアナ,牡,3,57.0,酒井,108.6,クビ,9,52.0,33.9,13-11,栗東 坂口,460,4,
202609020305,2026-04-04,阪神,5,3歳未勝利,芝,1800,右,雨,良,"2回 阪神 3日目 サラ系３歳 未勝利       (混)[指] 馬齢 18頭 本賞金:590,240,150,89,59万円",18,590.0,8,6,12,フィニステーレ,牝,3,55.0,斎藤,108.8,1.1/4,6,20.5,34.5,3-5,栗東 辻野,462,0,
202609020305,2026-04-04,阪神,5,3歳未勝利,芝,1800,右,雨,良,"2回 阪神 3日目 サラ系３歳 未勝利       (混)[指] 馬齢 18頭 本賞金:590,240,150,89,59万円",18,590.0,9,5,10,ジェンティール,牡,3,54.0,▲田山,108.9,1/2,12,117.2,34.3,6-8,栗東 須貝,494,0,
202609020305,2026-04-04,阪神,5,3歳未勝利,芝,1800,右,雨,良,"2回 阪神 3日目 サラ系３歳 未勝利       (混)[指] 馬齢 18頭 本賞金:590,240,150,89,59万円",18,590.0,10,7,14,ストラドーネ,牡,3,55.0,△柴田裕,109.4,3,18,399.7,34.5,15-12,栗東 中竹,414,-10,
202609020305,2026-04-04,阪神,5,3歳未勝利,芝,1800,右,雨,良,"2回 阪神 3日目 サラ系３歳 未勝利       (混)[指] 馬齢 18頭 本賞金:590,240,150,89,59万円",18,590.0,11,8,17,ダイナソーコー,牡,3,57.0,高杉,109.7,2,8,37.7,35.1,6-8,栗東 藤岡健,448,4,
202609020305,2026-04-04,阪神,5,3歳未勝利,芝,1800,右,雨,良,"2回 阪神 3日目 サラ系３歳 未勝利       (混)[指] 馬齢 18頭 本賞金:590,240,150,89,59万円",18,590.0,12,7,15,ハクサンリング,牡,3,57.0,小沢,109.7,ハナ,13,132.9,35.1,6-8,栗東 緒方,488,-6,
202609020305,2026-04-04,阪神,5,3歳未勝利,芝,1800,右,雨,良,"2回 阪神 3日目 サラ系３歳 未勝利       (混)[指] 馬齢 18頭 本賞金:590,240,150,89,59万円",18,590.0,13,7,13,レイアン,牝,3,52.0,▲和田陽,109.9,1.1/4,16,290.0,35.0,11-12,栗東 笹田,426,0,
202609020305,2026-04-04,阪神,5,3歳未勝利,芝,1800,右,雨,良,"2回 阪神 3日目 サラ系３歳 未勝利       (混)[指] 馬齢 18頭 本賞金:590,240,150,89,59万円",18,590.0,14,4,7,マイラヴノリピー,牝,3,55.0,荻野琢,109.9,ハナ,17,322.0,34.7,17-16,栗東 秋山,458,-26,
202609020305,2026-04-04,阪神,5,3歳未勝利,芝,1800,右,雨,良,"2回 阪神 3日目 サラ系３歳 未勝利       (混)[指] 馬齢 18頭 本賞金:590,240,150,89,59万円",18,590.0,15,2,4,ペプチドアバンス,牡,3,57.0,富田,110.4,3,10,68.9,35.5,13-12,栗東 小椋,482,6,
202609020305,2026-04-04,阪神,5,3歳未勝利,芝,1800,右,雨,良,"2回 阪神 3日目 サラ系３歳 未勝利       (混)[指] 馬齢 18頭 本賞金:590,240,150,89,59万円",18,590.0,16,5,9,レディトゥアタック,牡,3,57.0,西塚,110.5,アタマ,14,162.5,35.3,15-16,栗東 清水久,536,0,
202609020305,2026-04-04,阪神,5,3歳未勝利,芝,1800,右,雨,良,"2回 阪神 3日目 サラ系３歳 未勝利       (混)[指] 馬齢 18頭 本賞金:590,240,150,89,59万円",18,590.0,17,3,5,ステインアライヴ,牝,3,55.0,鮫島駿,112.1,10,15,171.9,37.2,11-12,栗東 中村,426,0,
202609020305,2026-04-04,阪神,5,3歳未勝利,芝,1800,右,雨,良,"2回 阪神 3日目 サラ系３歳 未勝利       (混)[指] 馬齢 18頭 本賞金:590,240,150,89,59万円",18,590.0,18,1,2,ホウオウスカイハイ,牡,3,57.0,古川吉,112.5,2,11,112.9,36.7,18-18,栗東 宮,486,0,
202609020306,2026-04-04,阪神,6,4歳以上1勝クラス,ダ,1200,右,雨,稍,"2回 阪神 3日目 サラ系４歳以上 １勝クラス       (混)[指] 定量 16頭 本賞金:820,330,210,120,82万円",16,820.0,1,1,2,メイショウゴールド,牡,4,58.0,幸,71.7,,3,11.2,36.0,3-4,栗東 荒川,456,4,
202609020306,2026-04-04,阪神,6,4歳以上1勝クラス,ダ,1200,右,雨,稍,"2回 阪神 3日目 サラ系４歳以上 １勝クラス       (混)[指] 定量 16頭 本賞金:820,330,210,120,82万円",16,820.0,2,7,14,ダイヤモンド,牡,4,58.0,酒井,72.2,3,10,28.4,36.6,2-1,栗東 清水久,528,6,
202609020306,2026-04-04,阪神,6,4歳以上1勝クラス,ダ,1200,右,雨,稍,"2回 阪神 3日目 サラ系４歳以上 １勝クラス       (混)[指] 定量 16頭 本賞金:820,330,210,120,82万円",16,820.0,3,3,6,タケルハーロック,牡,4,58.0,鮫島駿,72.2,クビ,1,1.8,36.0,10-8,栗東 高柳大,498,-4,
202609020306,2026-04-04,阪神,6,4歳以上1勝クラス,ダ,1200,右,雨,稍,"2回 阪神 3日目 サラ系４歳以上 １勝クラス       (混)[指] 定量 16頭 本賞金:820,330,210,120,82万円",16,820.0,4,5,10,メイショウハッブル,牡,5,58.0,角田和,72.5,1.3/4,13,109.1,36.2,13-12,栗東 石橋,480,-4,
202609020306,2026-04-04,阪神,6,4歳以上1勝クラス,ダ,1200,右,雨,稍,"2回 阪神 3日目 サラ系４歳以上 １勝クラス       (混)[指] 定量 16頭 本賞金:820,330,210,120,82万円",16,820.0,5,6,12,ワンウェイトゥヘル,牡,4,58.0,岩田望,72.6,クビ,11,31.1,36.6,6-5,栗東 中村,470,-2,
202609020306,2026-04-04,阪神,6,4歳以上1勝クラス,ダ,1200,右,雨,稍,"2回 阪神 3日目 サラ系４歳以上 １勝クラス       (混)[指] 定量 16頭 本賞金:820,330,210,120,82万円",16,820.0,6,4,7,ゼットスパンキー,牡,5,58.0,浜中,72.6,クビ,2,6.3,36.0,14-14,栗東 宮,470,0,
202609020306,2026-04-04,阪神,6,4歳以上1勝クラス,ダ,1200,右,雨,稍,"2回 阪神 3日目 サラ系４歳以上 １勝クラス       (混)[指] 定量 16頭 本賞金:820,330,210,120,82万円",16,820.0,7,1,1,シュネーグロッケン,牡,4,58.0,松山,72.7,3/4,8,21.8,36.7,10-8,栗東 清水久,500,-2,
202609020306,2026-04-04,阪神,6,4歳以上1勝クラス,ダ,1200,右,雨,稍,"2回 阪神 3日目 サラ系４歳以上 １勝クラス       (混)[指] 定量 16頭 本賞金:820,330,210,120,82万円",16,820.0,8,8,16,カネコメファミリー,牝,5,56.0,斎藤,72.8,1/2,4,11.5,37.3,1-2,栗東 中尾,514,20,
202609020306,2026-04-04,阪神,6,4歳以上1勝クラス,ダ,1200,右,雨,稍,"2回 阪神 3日目 サラ系４歳以上 １勝クラス       (混)[指] 定量 16頭 本賞金:820,330,210,120,82万円",16,820.0,9,2,3,オースミライト,牝,4,56.0,加藤,73.3,2.1/2,14,122.6,37.4,3-5,栗東 宮本,480,-2,
202609020306,2026-04-04,阪神,6,4歳以上1勝クラス,ダ,1200,右,雨,稍,"2回 阪神 3日目 サラ系４歳以上 １勝クラス       (混)[指] 定量 16頭 本賞金:820,330,210,120,82万円",16,820.0,10,5,9,ランドブレイブ,牡,4,58.0,田口,73.3,クビ,16,349.4,36.4,15-15,栗東 安達,484,-6,
202609020306,2026-04-04,阪神,6,4歳以上1勝クラス,ダ,1200,右,雨,稍,"2回 阪神 3日目 サラ系４歳以上 １勝クラス       (混)[指] 定量 16頭 本賞金:820,330,210,120,82万円",16,820.0,11,2,4,テーオーミリカン,牡,4,55.0,▲田山,73.3,ハナ,6,14.9,37.1,10-10,栗東 宮,466,0,
202609020306,2026-04-04,阪神,6,4歳以上1勝クラス,ダ,1200,右,雨,稍,"2回 阪神 3日目 サラ系４歳以上 １勝クラス       (混)[指] 定量 16頭 本賞金:820,330,210,120,82万円",16,820.0,12,6,11,サンライズジュピタ,牡,4,58.0,高杉,73.4,アタマ,9,23.4,37.1,9-12,栗東 石坂,520,8,
202609020306,2026-04-04,阪神,6,4歳以上1勝クラス,ダ,1200,右,雨,稍,"2回 阪神 3日目 サラ系４歳以上 １勝クラス       (混)[指] 定量 16頭 本賞金:820,330,210,120,82万円",16,820.0,13,7,13,スカイブルー,牡,4,58.0,秋山稔,73.4,クビ,7,20.9,37.7,6-2,栗東 佐藤悠,516,-4,
202609020306,2026-04-04,阪神,6,4歳以上1勝クラス,ダ,1200,右,雨,稍,"2回 阪神 3日目 サラ系４歳以上 １勝クラス       (混)[指] 定量 16頭 本賞金:820,330,210,120,82万円",16,820.0,14,4,8,バトンロード,牡,4,58.0,太宰,73.6,1.1/4,15,327.6,36.8,16-15,栗東 石橋,476,-2,
202609020306,2026-04-04,阪神,6,4歳以上1勝クラス,ダ,1200,右,雨,稍,"2回 阪神 3日目 サラ系４歳以上 １勝クラス       (混)[指] 定量 16頭 本賞金:820,330,210,120,82万円",16,820.0,15,3,5,ガビーズブラザー,牡,4,58.0,松若,74.8,7,5,13.8,38.6,6-10,栗東 牧田,532,24,
202609020306,2026-04-04,阪神,6,4歳以上1勝クラス,ダ,1200,右,雨,稍,"2回 阪神 3日目 サラ系４歳以上 １勝クラス       (混)[指] 定量 16頭 本賞金:820,330,210,120,82万円",16,820.0,16,8,15,グリフォン,牝,4,56.0,小沢,75.6,5,12,71.5,39.7,3-5,栗東 小椋,436,6,
202609020307,2026-04-04,阪神,7,4歳以上1勝クラス,ダ,1800,右,雨,稍,"2回 阪神 3日目 サラ系４歳以上 １勝クラス       (混)[指] 定量 9頭 本賞金:820,330,210,120,82万円",9,820.0,1,5,5,アークドール,牡,5,58.0,武豊,112.5,,2,3.0,36.9,8-8-7-5,栗東 松永幹,452,2,
202609020307,2026-04-04,阪神,7,4歳以上1勝クラス,ダ,1800,右,雨,稍,"2回 阪神 3日目 サラ系４歳以上 １勝クラス       (混)[指] 定量 9頭 本賞金:820,330,210,120,82万円",9,820.0,2,8,8,ジーティーアメリカ,牡,4,58.0,北村友,112.6,クビ,3,4.7,37.3,5-6-5-2,栗東 吉岡,550,-2,
202609020307,2026-04-04,阪神,7,4歳以上1勝クラス,ダ,1800,右,雨,稍,"2回 阪神 3日目 サラ系４歳以上 １勝クラス       (混)[指] 定量 9頭 本賞金:820,330,210,120,82万円",9,820.0,3,4,4,エイユーファイヤー,牡,4,58.0,松山,112.9,2,1,2.7,37.6,6-4-5-5,栗東 森田,494,-4,
202609020307,2026-04-04,阪神,7,4歳以上1勝クラス,ダ,1800,右,雨,稍,"2回 阪神 3日目 サラ系４歳以上 １勝クラス       (混)[指] 定量 9頭 本賞金:820,330,210,120,82万円",9,820.0,4,6,6,ゴルデールスカー,牡,6,58.0,鮫島駿,112.9,ハナ,5,21.7,37.3,7-7-7-8,栗東 加藤公,480,0,
202609020307,2026-04-04,阪神,7,4歳以上1勝クラス,ダ,1800,右,雨,稍,"2回 阪神 3日目 サラ系４歳以上 １勝クラス       (混)[指] 定量 9頭 本賞金:820,330,210,120,82万円",9,820.0,5,7,7,ハイグッドワールド,牡,5,56.0,△柴田裕,113.0,1/2,7,33.3,37.1,8-8-9-9,栗東 谷,522,0,
202609020307,2026-04-04,阪神,7,4歳以上1勝クラス,ダ,1800,右,雨,稍,"2回 阪神 3日目 サラ系４歳以上 １勝クラス       (混)[指] 定量 9頭 本賞金:820,330,210,120,82万円",9,820.0,6,8,9,バシリス,牝,4,54.0,◇今村,113.5,3,4,5.2,39.7,1-1-1-1,栗東 寺島,470,0,
202609020307,2026-04-04,阪神,7,4歳以上1勝クラス,ダ,1800,右,雨,稍,"2回 阪神 3日目 サラ系４歳以上 １勝クラス       (混)[指] 定量 9頭 本賞金:820,330,210,120,82万円",9,820.0,7,3,3,マジックブルー,牡,5,58.0,幸,113.8,1.1/2,6,22.7,38.8,4-4-3-2,栗東 荒川,492,4,
202609020307,2026-04-04,阪神,7,4歳以上1勝クラス,ダ,1800,右,雨,稍,"2回 阪神 3日目 サラ系４歳以上 １勝クラス       (混)[指] 定量 9頭 本賞金:820,330,210,120,82万円",9,820.0,8,2,2,グリプトグラフィ,牡,4,58.0,亀田,115.0,7,8,45.0,40.0,3-3-3-5,栗東 武幸,560,0,
202609020307,2026-04-04,阪神,7,4歳以上1勝クラス,ダ,1800,右,雨,稍,"2回 阪神 3日目 サラ系４歳以上 １勝クラス       (混)[指] 定量 9頭 本賞金:820,330,210,120,82万円",9,820.0,9,1,1,アカツキロットリー,牡,6,54.0,★河原田,116.1,7,9,229.9,41.3,2-2-2-2,美浦 的場,480,-16,
202609020308,2026-04-04,阪神,8,4歳以上2勝クラス,芝,1200,右,雨,稍,"2回 阪神 3日目 サラ系４歳以上 ２勝クラス       (混)(特指) 定量 9頭 本賞金:1190,480,300,180,119万円",9,1190.0,1,2,2,ディアドコス,牡,6,58.0,吉村,68.6,,1,2.7,32.6,6-6,栗東 羽月,496,-2,
202609020308,2026-04-04,阪神,8,4歳以上2勝クラス,芝,1200,右,雨,稍,"2回 阪神 3日目 サラ系４歳以上 ２勝クラス       (混)(特指) 定量 9頭 本賞金:1190,480,300,180,119万円",9,1190.0,2,1,1,タガノアンファン,牡,4,58.0,高杉,68.9,1.1/2,2,3.6,33.1,5-5,栗東 石坂,474,0,
202609020308,2026-04-04,阪神,8,4歳以上2勝クラス,芝,1200,右,雨,稍,"2回 阪神 3日目 サラ系４歳以上 ２勝クラス       (混)(特指) 定量 9頭 本賞金:1190,480,300,180,119万円",9,1190.0,3,7,7,リリーフィールド,牝,4,56.0,武豊,69.0,3/4,3,4.6,33.6,3-3,栗東 小崎,436,-4,
202609020308,2026-04-04,阪神,8,4歳以上2勝クラス,芝,1200,右,雨,稍,"2回 阪神 3日目 サラ系４歳以上 ２勝クラス       (混)(特指) 定量 9頭 本賞金:1190,480,300,180,119万円",9,1190.0,4,6,6,クイーンズデイ,牝,4,56.0,国分恭,69.0,クビ,4,7.2,33.4,4-4,栗東 岡田,448,-2,
202609020308,2026-04-04,阪神,8,4歳以上2勝クラス,芝,1200,右,雨,稍,"2回 阪神 3日目 サラ系４歳以上 ２勝クラス       (混)(特指) 定量 9頭 本賞金:1190,480,300,180,119万円",9,1190.0,5,5,5,ミロワール,牝,7,56.0,古川吉,69.3,1.3/4,7,37.0,33.0,9-8,栗東 柴田,476,6,
202609020308,2026-04-04,阪神,8,4歳以上2勝クラス,芝,1200,右,雨,稍,"2回 阪神 3日目 サラ系４歳以上 ２勝クラス       (混)(特指) 定量 9頭 本賞金:1190,480,300,180,119万円",9,1190.0,6,8,8,キントラダンサー,牝,4,53.0,▲田山,69.6,1.3/4,6,12.1,34.7,1-1,栗東 長谷川,470,2,
202609020308,2026-04-04,阪神,8,4歳以上2勝クラス,芝,1200,右,雨,稍,"2回 阪神 3日目 サラ系４歳以上 ２勝クラス       (混)(特指) 定量 9頭 本賞金:1190,480,300,180,119万円",9,1190.0,7,8,9,サンドロナイト,牝,5,56.0,松山,69.7,1/2,5,7.8,34.6,2-2,栗東 茶木,460,2,
202609020308,2026-04-04,阪神,8,4歳以上2勝クラス,芝,1200,右,雨,稍,"2回 阪神 3日目 サラ系４歳以上 ２勝クラス       (混)(特指) 定量 9頭 本賞金:1190,480,300,180,119万円",9,1190.0,8,4,4,レッドセニョール,牡,5,58.0,鮫島駿,70.1,2.1/2,8,62.2,34.2,6-6,美浦 矢嶋,490,-8,
202609020308,2026-04-04,阪神,8,4歳以上2勝クラス,芝,1200,右,雨,稍,"2回 阪神 3日目 サラ系４歳以上 ２勝クラス       (混)(特指) 定量 9頭 本賞金:1190,480,300,180,119万円",9,1190.0,9,3,3,ブリーズオンチーク,牝,5,56.0,北村友,70.1,クビ,9,111.8,34.0,6-8,栗東 高野,484,8,
202609020309,2026-04-04,阪神,9,アザレア賞,芝,2400,右,曇,稍,"2回 阪神 3日目 サラ系３歳 １勝クラス       (混)(特指) 馬齢 9頭 本賞金:1140,460,290,170,114万円",9,1140.0,1,4,4,ブラックオリンピア,牡,3,57.0,川田,147.0,,2,2.9,34.1,3-3-3-3,栗東 友道,534,2,
202609020309,2026-04-04,阪神,9,アザレア賞,芝,2400,右,曇,稍,"2回 阪神 3日目 サラ系３歳 １勝クラス       (混)(特指) 馬齢 9頭 本賞金:1140,460,290,170,114万円",9,1140.0,2,2,2,アーレムアレス,牡,3,57.0,菱田,147.3,2,1,1.8,34.1,7-7-7-6,栗東 橋口,494,-2,
202609020309,2026-04-04,阪神,9,アザレア賞,芝,2400,右,曇,稍,"2回 阪神 3日目 サラ系３歳 １勝クラス       (混)(特指) 馬齢 9頭 本賞金:1140,460,290,170,114万円",9,1140.0,3,3,3,カットソロ,牡,3,57.0,坂井,147.6,1.1/2,5,15.6,34.2,8-8-8-8,栗東 矢作,514,-6,
202609020309,2026-04-04,阪神,9,アザレア賞,芝,2400,右,曇,稍,"2回 阪神 3日目 サラ系３歳 １勝クラス       (混)(特指) 馬齢 9頭 本賞金:1140,460,290,170,114万円",9,1140.0,4,8,9,タガノアルトゥーラ,牡,3,57.0,吉村,147.7,3/4,4,14.1,34.7,6-6-5-4,栗東 長谷川,484,4,
202609020309,2026-04-04,阪神,9,アザレア賞,芝,2400,右,曇,稍,"2回 阪神 3日目 サラ系３歳 １勝クラス       (混)(特指) 馬齢 9頭 本賞金:1140,460,290,170,114万円",9,1140.0,5,6,6,ノンブルドール,牡,3,57.0,ルメー,148.1,2.1/2,3,7.4,35.5,2-2-2-1,栗東 西園翔,440,4,
202609020309,2026-04-04,阪神,9,アザレア賞,芝,2400,右,曇,稍,"2回 阪神 3日目 サラ系３歳 １勝クラス       (混)(特指) 馬齢 9頭 本賞金:1140,460,290,170,114万円",9,1140.0,6,8,8,サトノリシャール,牡,3,57.0,岩田望,148.4,2,6,21.0,35.4,5-4-3-4,栗東 福永,480,-8,
202609020309,2026-04-04,阪神,9,アザレア賞,芝,2400,右,曇,稍,"2回 阪神 3日目 サラ系３歳 １勝クラス       (混)(特指) 馬齢 9頭 本賞金:1140,460,290,170,114万円",9,1140.0,7,5,5,サントルドパリ,牡,3,57.0,鮫島駿,148.8,2.1/2,8,34.9,36.2,1-1-1-2,栗東 小林,506,0,
202609020309,2026-04-04,阪神,9,アザレア賞,芝,2400,右,曇,稍,"2回 阪神 3日目 サラ系３歳 １勝クラス       (混)(特指) 馬齢 9頭 本賞金:1140,460,290,170,114万円",9,1140.0,8,1,1,ヘルメスギャング,牡,3,57.0,今村,149.1,1.3/4,9,225.0,35.5,9-9-8-9,美浦 武井,466,4,
202609020309,2026-04-04,阪神,9,アザレア賞,芝,2400,右,曇,稍,"2回 阪神 3日目 サラ系３歳 １勝クラス       (混)(特指) 馬齢 9頭 本賞金:1140,460,290,170,114万円",9,1140.0,9,7,7,ヴァロンブローサ,牡,3,57.0,幸,149.4,2,7,32.3,36.2,4-4-5-6,栗東 池添,442,-8,
202609020310,2026-04-04,阪神,10,ポラリスS,ダ,1400,右,雨,稍,"2回 阪神 3日目 サラ系４歳以上 オープン       (国際)(特指) ハンデ 16頭 本賞金:2200,880,550,330,220万円",16,2200.0,1,3,5,キタノズエッジ,牡,5,57.0,古川吉,82.2,,4,10.0,35.6,10-9,栗東 畑端,550,6,
202609020310,2026-04-04,阪神,10,ポラリスS,ダ,1400,右,雨,稍,"2回 阪神 3日目 サラ系４歳以上 オープン       (国際)(特指) ハンデ 16頭 本賞金:2200,880,550,330,220万円",16,2200.0,2,4,7,ビダーヤ,牡,5,58.0,坂井,82.3,1/2,1,2.5,36.2,6-4,栗東 矢作,498,-2,
202609020310,2026-04-04,阪神,10,ポラリスS,ダ,1400,右,雨,稍,"2回 阪神 3日目 サラ系４歳以上 オープン       (国際)(特指) ハンデ 16頭 本賞金:2200,880,550,330,220万円",16,2200.0,3,6,12,ベルジュロネット,牡,4,56.0,鮫島駿,82.4,3/4,3,6.1,36.0,8-5,栗東 大久保,550,4,
202609020310,2026-04-04,阪神,10,ポラリスS,ダ,1400,右,雨,稍,"2回 阪神 3日目 サラ系４歳以上 オープン       (国際)(特指) ハンデ 16頭 本賞金:2200,880,550,330,220万円",16,2200.0,4,5,10,バトゥーキ,牡,6,56.0,秋山稔,82.5,クビ,10,35.2,35.5,13-12,栗東 浜田,504,6,
202609020310,2026-04-04,阪神,10,ポラリスS,ダ,1400,右,雨,稍,"2回 阪神 3日目 サラ系４歳以上 オープン       (国際)(特指) ハンデ 16頭 本賞金:2200,880,550,330,220万円",16,2200.0,5,2,3,スマートサニー,牡,6,55.0,高杉,82.6,3/4,6,19.3,36.5,5-5,栗東 石橋,478,6,
202609020310,2026-04-04,阪神,10,ポラリスS,ダ,1400,右,雨,稍,"2回 阪神 3日目 サラ系４歳以上 オープン       (国際)(特指) ハンデ 16頭 本賞金:2200,880,550,330,220万円",16,2200.0,6,8,15,ナイトアクアリウム,牡,6,55.0,長岡,82.7,クビ,9,34.2,35.0,16-16,栗東 杉山佳,498,6,
202609020310,2026-04-04,阪神,10,ポラリスS,ダ,1400,右,雨,稍,"2回 阪神 3日目 サラ系４歳以上 オープン       (国際)(特指) ハンデ 16頭 本賞金:2200,880,550,330,220万円",16,2200.0,7,5,9,クロジシジョー,牡,7,59.0,菱田,82.7,ハナ,12,52.6,36.3,8-5,栗東 岡田,460,2,
202609020310,2026-04-04,阪神,10,ポラリスS,ダ,1400,右,雨,稍,"2回 阪神 3日目 サラ系４歳以上 オープン       (国際)(特指) ハンデ 16頭 本賞金:2200,880,550,330,220万円",16,2200.0,8,6,11,サクセスローレル,牡,7,52.0,亀田,82.7,クビ,16,311.4,35.4,15-15,栗東 北出,538,14,
202609020310,2026-04-04,阪神,10,ポラリスS,ダ,1400,右,雨,稍,"2回 阪神 3日目 サラ系４歳以上 オープン       (国際)(特指) ハンデ 16頭 本賞金:2200,880,550,330,220万円",16,2200.0,9,3,6,バトルクライ,牡,7,58.5,北村友,82.8,クビ,11,40.9,36.0,10-9,美浦 高木,512,-4,
202609020310,2026-04-04,阪神,10,ポラリスS,ダ,1400,右,雨,稍,"2回 阪神 3日目 サラ系４歳以上 オープン       (国際)(特指) ハンデ 16頭 本賞金:2200,880,550,330,220万円",16,2200.0,10,7,13,アドバンスファラオ,セ,6,56.0,高倉,82.9,1/2,7,24.4,37.4,1-1,栗東 森秀,492,-18,
202609020310,2026-04-04,阪神,10,ポラリスS,ダ,1400,右,雨,稍,"2回 阪神 3日目 サラ系４歳以上 オープン       (国際)(特指) ハンデ 16頭 本賞金:2200,880,550,330,220万円",16,2200.0,11,2,4,ハセドン,牡,7,56.0,吉村,83.2,2,15,176.8,36.2,13-12,美浦 大和田,478,2,
202609020310,2026-04-04,阪神,10,ポラリスS,ダ,1400,右,雨,稍,"2回 阪神 3日目 サラ系４歳以上 オープン       (国際)(特指) ハンデ 16頭 本賞金:2200,880,550,330,220万円",16,2200.0,12,4,8,ヤマニンウルス,牡,6,59.5,武豊,83.4,1,2,3.5,37.7,2-2,栗東 斉藤崇,584,2,
202609020310,2026-04-04,阪神,10,ポラリスS,ダ,1400,右,雨,稍,"2回 阪神 3日目 サラ系４歳以上 オープン       (国際)(特指) ハンデ 16頭 本賞金:2200,880,550,330,220万円",16,2200.0,13,1,1,ジュンウィンダム,牝,6,53.0,西塚,83.7,2,14,142.9,37.4,7-9,栗東 浜田,514,6,
202609020310,2026-04-04,阪神,10,ポラリスS,ダ,1400,右,雨,稍,"2回 阪神 3日目 サラ系４歳以上 オープン       (国際)(特指) ハンデ 16頭 本賞金:2200,880,550,330,220万円",16,2200.0,14,7,14,セントメモリーズ,牝,5,52.0,富田,83.9,1,13,109.1,37.1,10-12,美浦 斎藤誠,478,-8,
202609020310,2026-04-04,阪神,10,ポラリスS,ダ,1400,右,雨,稍,"2回 阪神 3日目 サラ系４歳以上 オープン       (国際)(特指) ハンデ 16頭 本賞金:2200,880,550,330,220万円",16,2200.0,15,8,16,バグラダス,牡,6,56.0,岩田望,84.9,6,5,16.8,39.1,2-3,美浦 嘉藤,490,-8,
202609020310,2026-04-04,阪神,10,ポラリスS,ダ,1400,右,雨,稍,"2回 阪神 3日目 サラ系４歳以上 オープン       (国際)(特指) ハンデ 16頭 本賞金:2200,880,550,330,220万円",16,2200.0,16,1,2,ヴーレヴー,牝,4,54.0,浜中,85.4,3,8,32.0,39.5,4-5,栗東 武幸,496,-4,
202609020311,2026-04-04,阪神,11,チャーチルダウンズC,芝,1600,右,雨,稍,"2回 阪神 3日目 サラ系３歳 オープン       (国際)(指) 馬齢 14頭 本賞金:4100,1600,1000,620,410万円",14,4100.0,1,8,14,アスクイキゴミ,牡,3,57.0,坂井,94.1,,5,13.8,33.7,2-2,栗東 藤原,492,-8,
202609020311,2026-04-04,阪神,11,チャーチルダウンズC,芝,1600,右,雨,稍,"2回 阪神 3日目 サラ系３歳 オープン       (国際)(指) 馬齢 14頭 本賞金:4100,1600,1000,620,410万円",14,4100.0,2,7,11,ユウファラオ,牡,3,57.0,松若,94.2,1/2,14,243.9,34.0,1-1,栗東 森秀,494,-6,
202609020311,2026-04-04,阪神,11,チャーチルダウンズC,芝,1600,右,雨,稍,"2回 阪神 3日目 サラ系３歳 オープン       (国際)(指) 馬齢 14頭 本賞金:4100,1600,1000,620,410万円",14,4100.0,3,6,10,バルセシート,牡,3,57.0,北村友,94.4,1,3,6.9,33.5,12-10,栗東 松下,460,-4,
202609020311,2026-04-04,阪神,11,チャーチルダウンズC,芝,1600,右,雨,稍,"2回 阪神 3日目 サラ系３歳 オープン       (国際)(指) 馬齢 14頭 本賞金:4100,1600,1000,620,410万円",14,4100.0,4,4,5,シーミハットク,牡,3,57.0,高杉,94.6,1.1/2,6,18.1,33.7,10-10,栗東 寺島,484,2,
202609020311,2026-04-04,阪神,11,チャーチルダウンズC,芝,1600,右,雨,稍,"2回 阪神 3日目 サラ系３歳 オープン       (国際)(指) 馬齢 14頭 本賞金:4100,1600,1000,620,410万円",14,4100.0,5,7,12,サーディンラン,牡,3,57.0,松山,94.7,クビ,11,75.7,34.4,2-2,栗東 武英,462,-2,
202609020311,2026-04-04,阪神,11,チャーチルダウンズC,芝,1600,右,雨,稍,"2回 阪神 3日目 サラ系３歳 オープン       (国際)(指) 馬齢 14頭 本賞金:4100,1600,1000,620,410万円",14,4100.0,6,6,9,クールデイトナ,牡,3,57.0,吉村,94.8,1/2,9,69.5,33.7,14-14,栗東 宮地,480,0,
202609020311,2026-04-04,阪神,11,チャーチルダウンズC,芝,1600,右,雨,稍,"2回 阪神 3日目 サラ系３歳 オープン       (国際)(指) 馬齢 14頭 本賞金:4100,1600,1000,620,410万円",14,4100.0,7,1,1,ストームサンダー,牡,3,57.0,斎藤,94.9,1/2,12,75.7,34.0,12-10,栗東 安達,464,4,
202609020311,2026-04-04,阪神,11,チャーチルダウンズC,芝,1600,右,雨,稍,"2回 阪神 3日目 サラ系３歳 オープン       (国際)(指) 馬齢 14頭 本賞金:4100,1600,1000,620,410万円",14,4100.0,8,5,8,アンドゥーリル,牡,3,57.0,川田,95.4,3,1,2.8,34.9,4-4,栗東 中内田,462,2,
202609020311,2026-04-04,阪神,11,チャーチルダウンズC,芝,1600,右,雨,稍,"2回 阪神 3日目 サラ系３歳 オープン       (国際)(指) 馬齢 14頭 本賞金:4100,1600,1000,620,410万円",14,4100.0,9,3,3,リゾートアイランド,牡,3,57.0,武豊,95.4,クビ,4,9.9,34.8,4-6,美浦 上原佑,508,0,
202609020311,2026-04-04,阪神,11,チャーチルダウンズC,芝,1600,右,雨,稍,"2回 阪神 3日目 サラ系３歳 オープン       (国際)(指) 馬齢 14頭 本賞金:4100,1600,1000,620,410万円",14,4100.0,10,2,2,メイショウソラリス,牡,3,57.0,角田和,95.5,3/4,13,94.5,35.0,4-4,栗東 角田,460,-4,
202609020311,2026-04-04,阪神,11,チャーチルダウンズC,芝,1600,右,雨,稍,"2回 阪神 3日目 サラ系３歳 オープン       (国際)(指) 馬齢 14頭 本賞金:4100,1600,1000,620,410万円",14,4100.0,11,3,4,エイシンティザー,牡,3,57.0,西塚,95.7,3/4,8,20.8,35.0,4-8,栗東 吉村,498,-2,
202609020311,2026-04-04,阪神,11,チャーチルダウンズC,芝,1600,右,雨,稍,"2回 阪神 3日目 サラ系３歳 オープン       (国際)(指) 馬齢 14頭 本賞金:4100,1600,1000,620,410万円",14,4100.0,12,4,6,サンダーストラック,牡,3,57.0,ルメー,95.8,1/2,2,2.8,35.1,4-8,美浦 木村,518,-6,
202609020311,2026-04-04,阪神,11,チャーチルダウンズC,芝,1600,右,雨,稍,"2回 阪神 3日目 サラ系３歳 オープン       (国際)(指) 馬齢 14頭 本賞金:4100,1600,1000,620,410万円",14,4100.0,13,5,7,サトノセプター,牡,3,57.0,岩田望,95.9,3/4,7,19.8,35.3,9-6,栗東 上村,452,-2,
202609020311,2026-04-04,阪神,11,チャーチルダウンズC,芝,1600,右,雨,稍,"2回 阪神 3日目 サラ系３歳 オープン       (国際)(指) 馬齢 14頭 本賞金:4100,1600,1000,620,410万円",14,4100.0,14,8,13,ファンクション,牝,3,55.0,鮫島駿,96.1,1,10,70.7,35.2,11-10,美浦 斎藤誠,430,-12,
202609020312,2026-04-04,阪神,12,4歳以上2勝クラス,ダ,1400,右,雨,重,"2回 阪神 3日目 サラ系４歳以上 ２勝クラス       [指] 定量 15頭 本賞金:1190,480,300,180,119万円",15,1190.0,1,6,11,テイエムヒショウ,牡,6,55.0,▲田山,82.8,,14,252.4,36.1,1-1,栗東 浜田,510,14,
202609020312,2026-04-04,阪神,12,4歳以上2勝クラス,ダ,1400,右,雨,重,"2回 阪神 3日目 サラ系４歳以上 ２勝クラス       [指] 定量 15頭 本賞金:1190,480,300,180,119万円",15,1190.0,2,3,5,ポートデラメール,牝,4,56.0,ルメー,82.9,1/2,1,2.0,35.7,5-5,栗東 斉藤崇,450,-2,
202609020312,2026-04-04,阪神,12,4歳以上2勝クラス,ダ,1400,右,雨,重,"2回 阪神 3日目 サラ系４歳以上 ２勝クラス       [指] 定量 15頭 本賞金:1190,480,300,180,119万円",15,1190.0,3,2,3,メイケイレイン,牡,4,56.0,△柴田裕,83.2,1.3/4,4,6.6,35.5,9-9,栗東 中竹,448,-6,
202609020312,2026-04-04,阪神,12,4歳以上2勝クラス,ダ,1400,右,雨,重,"2回 阪神 3日目 サラ系４歳以上 ２勝クラス       [指] 定量 15頭 本賞金:1190,480,300,180,119万円",15,1190.0,4,7,13,プリンスノット,牡,6,58.0,菱田,83.3,1,11,152.9,35.1,12-12,栗東 小椋,482,8,
202609020312,2026-04-04,阪神,12,4歳以上2勝クラス,ダ,1400,右,雨,重,"2回 阪神 3日目 サラ系４歳以上 ２勝クラス       [指] 定量 15頭 本賞金:1190,480,300,180,119万円",15,1190.0,5,3,4,プチブール,牝,5,56.0,幸,83.5,1,7,27.8,35.7,9-9,美浦 松尾,450,-4,
202609020312,2026-04-04,阪神,12,4歳以上2勝クラス,ダ,1400,右,雨,重,"2回 阪神 3日目 サラ系４歳以上 ２勝クラス       [指] 定量 15頭 本賞金:1190,480,300,180,119万円",15,1190.0,6,5,9,タマモナポリ,牝,5,56.0,酒井,83.5,アタマ,8,33.8,36.6,2-2,栗東 河嶋,460,-2,
202609020312,2026-04-04,阪神,12,4歳以上2勝クラス,ダ,1400,右,雨,重,"2回 阪神 3日目 サラ系４歳以上 ２勝クラス       [指] 定量 15頭 本賞金:1190,480,300,180,119万円",15,1190.0,7,4,7,ロードオルデン,牡,7,58.0,高杉,83.6,アタマ,9,52.7,35.2,13-14,栗東 辻野,488,-6,
202609020312,2026-04-04,阪神,12,4歳以上2勝クラス,ダ,1400,右,雨,重,"2回 阪神 3日目 サラ系４歳以上 ２勝クラス       [指] 定量 15頭 本賞金:1190,480,300,180,119万円",15,1190.0,8,8,14,モズタチアガレ,牡,4,58.0,北村友,83.7,1/2,5,8.2,36.1,7-6,栗東 中尾,498,4,
202609020312,2026-04-04,阪神,12,4歳以上2勝クラス,ダ,1400,右,雨,重,"2回 阪神 3日目 サラ系４歳以上 ２勝クラス       [指] 定量 15頭 本賞金:1190,480,300,180,119万円",15,1190.0,9,2,2,テンクウジョー,牡,5,58.0,西塚,83.7,アタマ,10,125.5,36.2,7-6,美浦 手塚徳,468,-16,
202609020312,2026-04-04,阪神,12,4歳以上2勝クラス,ダ,1400,右,雨,重,"2回 阪神 3日目 サラ系４歳以上 ２勝クラス       [指] 定量 15頭 本賞金:1190,480,300,180,119万円",15,1190.0,10,7,12,ワンダーカモン,牡,5,58.0,川又,83.7,アタマ,12,159.6,35.9,11-9,栗東 吉村,482,0,
202609020312,2026-04-04,阪神,12,4歳以上2勝クラス,ダ,1400,右,雨,重,"2回 阪神 3日目 サラ系４歳以上 ２勝クラス       [指] 定量 15頭 本賞金:1190,480,300,180,119万円",15,1190.0,11,5,8,ラヴオントップ,牝,5,56.0,吉村,83.8,3/4,6,14.4,35.3,14-15,栗東 西村,490,-2,
202609020312,2026-04-04,阪神,12,4歳以上2勝クラス,ダ,1400,右,雨,重,"2回 阪神 3日目 サラ系４歳以上 ２勝クラス       [指] 定量 15頭 本賞金:1190,480,300,180,119万円",15,1190.0,12,6,10,キボウノホシ,セ,7,58.0,長岡,84.0,3/4,13,168.1,36.5,6-6,美浦 奥平,476,-10,
202609020312,2026-04-04,阪神,12,4歳以上2勝クラス,ダ,1400,右,雨,重,"2回 阪神 3日目 サラ系４歳以上 ２勝クラス       [指] 定量 15頭 本賞金:1190,480,300,180,119万円",15,1190.0,13,8,15,ツーネサーン,牡,5,58.0,岩田望,84.1,1,2,6.3,37.2,2-2,栗東 矢作,508,-6,
202609020312,2026-04-04,阪神,12,4歳以上2勝クラス,ダ,1400,右,雨,重,"2回 阪神 3日目 サラ系４歳以上 ２勝クラス       [指] 定量 15頭 本賞金:1190,480,300,180,119万円",15,1190.0,14,1,1,ゴールデンエール,牡,6,58.0,荻野琢,84.8,4,15,285.4,36.5,14-13,美浦 杉浦,488,-26,
202609020312,2026-04-04,阪神,12,4歳以上2勝クラス,ダ,1400,右,雨,重,"2回 阪神 3日目 サラ系４歳以上 ２勝クラス       [指] 定量 15頭 本賞金:1190,480,300,180,119万円",15,1190.0,15,4,6,オーケアニス,牝,4,56.0,坂井,87.8,大,3,6.5,40.9,2-2,栗東 松永幹,480,22,
202606030401,2026-04-05,中山,1,3歳未勝利,ダ,1800,右,曇,不,"3回 中山 4日目 サラ系３歳 未勝利       牝[指] 馬齢 16頭 本賞金:590,240,150,89,59万円",16,590.0,1,4,7,キタノエピックアン,牝,3,52.0,▲上里,114.5,,2,3.6,38.9,6-4-4-2,美浦 萱野,450,-2,
202606030401,2026-04-05,中山,1,3歳未勝利,ダ,1800,右,曇,不,"3回 中山 4日目 サラ系３歳 未勝利       牝[指] 馬齢 16頭 本賞金:590,240,150,89,59万円",16,590.0,2,1,1,ギンケイ,牝,3,55.0,荻野極,114.5,クビ,1,2.2,38.9,2-2-4-5,美浦 中川,468,0,
202606030401,2026-04-05,中山,1,3歳未勝利,ダ,1800,右,曇,不,"3回 中山 4日目 サラ系３歳 未勝利       牝[指] 馬齢 16頭 本賞金:590,240,150,89,59万円",16,590.0,3,3,6,ミアルーチェ,牝,3,55.0,横山武,114.7,1.1/2,5,12.9,39.0,15-15-7-6,美浦 加藤士,478,-10,
202606030401,2026-04-05,中山,1,3歳未勝利,ダ,1800,右,曇,不,"3回 中山 4日目 サラ系３歳 未勝利       牝[指] 馬齢 16頭 本賞金:590,240,150,89,59万円",16,590.0,4,1,2,ゴールドビリーヴ,牝,3,55.0,田辺,114.9,1,8,36.9,38.7,14-14-14-7,美浦 鈴木慎,498,-8,
202606030401,2026-04-05,中山,1,3歳未勝利,ダ,1800,右,曇,不,"3回 中山 4日目 サラ系３歳 未勝利       牝[指] 馬齢 16頭 本賞金:590,240,150,89,59万円",16,590.0,5,6,11,エフハリスト,牝,3,55.0,横山和,115.0,クビ,4,10.6,39.7,13-13-1-1,美浦 奥村武,514,-8,
202606030401,2026-04-05,中山,1,3歳未勝利,ダ,1800,右,曇,不,"3回 中山 4日目 サラ系３歳 未勝利       牝[指] 馬齢 16頭 本賞金:590,240,150,89,59万円",16,590.0,6,5,9,フライスカイハイ,牝,3,53.0,△舟山,115.4,2.1/2,11,61.4,39.9,4-4-2-2,美浦 菊川,428,-2,
202606030401,2026-04-05,中山,1,3歳未勝利,ダ,1800,右,曇,不,"3回 中山 4日目 サラ系３歳 未勝利       牝[指] 馬齢 16頭 本賞金:590,240,150,89,59万円",16,590.0,7,7,14,トラストレガート,牝,3,55.0,吉田豊,115.6,1.1/2,15,132.6,39.5,11-11-12-12,美浦 高橋文,448,-2,
202606030401,2026-04-05,中山,1,3歳未勝利,ダ,1800,右,曇,不,"3回 中山 4日目 サラ系３歳 未勝利       牝[指] 馬齢 16頭 本賞金:590,240,150,89,59万円",16,590.0,8,4,8,タイセイルビー,牝,3,55.0,三浦,115.9,1.3/4,3,7.1,40.4,2-2-2-2,美浦 千葉,454,2,
202606030401,2026-04-05,中山,1,3歳未勝利,ダ,1800,右,曇,不,"3回 中山 4日目 サラ系３歳 未勝利       牝[指] 馬齢 16頭 本賞金:590,240,150,89,59万円",16,590.0,9,3,5,サクラボーベル,牝,3,55.0,丸山,116.2,2,6,23.8,40.3,6-6-8-7,美浦 森一,490,0,
202606030401,2026-04-05,中山,1,3歳未勝利,ダ,1800,右,曇,不,"3回 中山 4日目 サラ系３歳 未勝利       牝[指] 馬齢 16頭 本賞金:590,240,150,89,59万円",16,590.0,10,7,13,ゼフィリア,牝,3,55.0,木幡巧,116.7,3,10,49.5,40.8,8-8-8-12,美浦 岩戸,458,-6,
202606030401,2026-04-05,中山,1,3歳未勝利,ダ,1800,右,曇,不,"3回 中山 4日目 サラ系３歳 未勝利       牝[指] 馬齢 16頭 本賞金:590,240,150,89,59万円",16,590.0,11,2,4,サーロー,牝,3,55.0,菊沢,116.8,3/4,7,26.1,41.0,8-8-8-9,美浦 勢司,478,-8,
202606030401,2026-04-05,中山,1,3歳未勝利,ダ,1800,右,曇,不,"3回 中山 4日目 サラ系３歳 未勝利       牝[指] 馬齢 16頭 本賞金:590,240,150,89,59万円",16,590.0,12,5,10,スターキャンディ,牝,3,55.0,小林脩,117.2,2.1/2,12,73.7,41.3,8-8-8-9,美浦 松山,478,2,
202606030401,2026-04-05,中山,1,3歳未勝利,ダ,1800,右,曇,不,"3回 中山 4日目 サラ系３歳 未勝利       牝[指] 馬齢 16頭 本賞金:590,240,150,89,59万円",16,590.0,13,8,15,トルマリンテソーロ,牝,3,55.0,野中,117.6,2.1/2,13,104.9,41.4,11-11-14-14,美浦 秋本,484,0,
202606030401,2026-04-05,中山,1,3歳未勝利,ダ,1800,右,曇,不,"3回 中山 4日目 サラ系３歳 未勝利       牝[指] 馬齢 16頭 本賞金:590,240,150,89,59万円",16,590.0,14,8,16,プレシャスフェザー,牝,3,52.0,▲遠藤,118.2,3.1/2,9,37.4,42.6,1-1-4-9,美浦 牧,440,0,
202606030401,2026-04-05,中山,1,3歳未勝利,ダ,1800,右,曇,不,"3回 中山 4日目 サラ系３歳 未勝利       牝[指] 馬齢 16頭 本賞金:590,240,150,89,59万円",16,590.0,15,6,12,カフェオリーブ,牝,3,53.0,△長浜,118.4,1.1/2,16,154.0,42.4,4-6-12-15,美浦 古賀慎,436,8,
202606030401,2026-04-05,中山,1,3歳未勝利,ダ,1800,右,曇,不,"3回 中山 4日目 サラ系３歳 未勝利       牝[指] 馬齢 16頭 本賞金:590,240,150,89,59万円",16,590.0,,2,3,デコニミカヅキ,牝,3,52.0,▲水沼,,,14,126.3,,16-16-16-16,美浦 西田,486,0,中止
202606030402,2026-04-05,中山,2,3歳未勝利,ダ,1200,右,曇,不,"3回 中山 4日目 サラ系３歳 未勝利       (混)[指] 馬齢 16頭 本賞金:590,240,150,89,59万円",16,590.0,1,7,14,ラインジーク,牡,3,57.0,横山和,71.1,,1,1.9,36.6,4-3,美浦 水野,452,12,
202606030402,2026-04-05,中山,2,3歳未勝利,ダ,1200,右,曇,不,"3回 中山 4日目 サラ系３歳 未勝利       (混)[指] 馬齢 16頭 本賞金:590,240,150,89,59万円",16,590.0,2,8,15,ミスタートントン,牡,3,57.0,三浦,71.7,4,2,4.3,37.5,2-2,美浦 勢司,454,-4,
202606030402,2026-04-05,中山,2,3歳未勝利,ダ,1200,右,曇,不,"3回 中山 4日目 サラ系３歳 未勝利       (混)[指] 馬齢 16頭 本賞金:590,240,150,89,59万円",16,590.0,3,7,13,ヘイスティハート,牡,3,57.0,津村,71.8,1/2,3,6.3,37.6,1-1,美浦 小笠,470,-4,
202606030402,2026-04-05,中山,2,3歳未勝利,ダ,1200,右,曇,不,"3回 中山 4日目 サラ系３歳 未勝利       (混)[指] 馬齢 16頭 本賞金:590,240,150,89,59万円",16,590.0,4,2,3,ハンナパール,牝,3,55.0,吉田豊,72.0,1,11,64.4,37.2,7-7,美浦 小野,432,-4,
202606030402,2026-04-05,中山,2,3歳未勝利,ダ,1200,右,曇,不,"3回 中山 4日目 サラ系３歳 未勝利       (混)[指] 馬齢 16頭 本賞金:590,240,150,89,59万円",16,590.0,5,2,4,キイチムーブメント,セ,3,57.0,小林脩,72.3,2,6,29.2,36.4,14-13,美浦 青木,474,0,
202606030402,2026-04-05,中山,2,3歳未勝利,ダ,1200,右,曇,不,"3回 中山 4日目 サラ系３歳 未勝利       (混)[指] 馬齢 16頭 本賞金:590,240,150,89,59万円",16,590.0,6,6,11,グランマズドリーム,牝,3,55.0,柴田善,72.3,ハナ,4,7.7,37.5,7-5,美浦 田中勝,446,-6,
202606030402,2026-04-05,中山,2,3歳未勝利,ダ,1200,右,曇,不,"3回 中山 4日目 サラ系３歳 未勝利       (混)[指] 馬齢 16頭 本賞金:590,240,150,89,59万円",16,590.0,7,5,10,トゥモローズウェイ,牝,3,55.0,菊沢,72.4,クビ,8,52.6,37.2,10-9,美浦 小手川,444,-2,
202606030402,2026-04-05,中山,2,3歳未勝利,ダ,1200,右,曇,不,"3回 中山 4日目 サラ系３歳 未勝利       (混)[指] 馬齢 16頭 本賞金:590,240,150,89,59万円",16,590.0,8,1,1,チッタデラモーレ,牡,3,54.0,▲佐藤,72.5,1/2,16,274.3,36.8,12-10,美浦 伊藤圭,474,-2,
202606030402,2026-04-05,中山,2,3歳未勝利,ダ,1200,右,曇,不,"3回 中山 4日目 サラ系３歳 未勝利       (混)[指] 馬齢 16頭 本賞金:590,240,150,89,59万円",16,590.0,9,8,16,ケイベエ,牡,3,57.0,木幡巧,72.9,2.1/2,9,52.7,38.6,3-4,美浦 杉浦,454,-4,
202606030402,2026-04-05,中山,2,3歳未勝利,ダ,1200,右,曇,不,"3回 中山 4日目 サラ系３歳 未勝利       (混)[指] 馬齢 16頭 本賞金:590,240,150,89,59万円",16,590.0,10,1,2,グリュック,牡,3,54.0,▲石神道,72.9,ハナ,14,139.4,37.5,11-10,美浦 和田郎,510,-4,
202606030402,2026-04-05,中山,2,3歳未勝利,ダ,1200,右,曇,不,"3回 中山 4日目 サラ系３歳 未勝利       (混)[指] 馬齢 16頭 本賞金:590,240,150,89,59万円",16,590.0,11,6,12,タイセイギガース,牡,3,57.0,黛,72.9,クビ,10,57.2,38.4,4-5,美浦 伊藤圭,500,2,
202606030402,2026-04-05,中山,2,3歳未勝利,ダ,1200,右,曇,不,"3回 中山 4日目 サラ系３歳 未勝利       (混)[指] 馬齢 16頭 本賞金:590,240,150,89,59万円",16,590.0,12,4,8,ヤマトスイフト,牝,3,55.0,大野,73.2,2,12,93.2,37.0,15-14,美浦 田村,480,-6,
202606030402,2026-04-05,中山,2,3歳未勝利,ダ,1200,右,曇,不,"3回 中山 4日目 サラ系３歳 未勝利       (混)[指] 馬齢 16頭 本賞金:590,240,150,89,59万円",16,590.0,13,5,9,リゼクールグレー,牡,3,55.0,△長浜,73.6,2,7,31.9,37.4,15-16,美浦 高橋文,464,-2,
202606030402,2026-04-05,中山,2,3歳未勝利,ダ,1200,右,曇,不,"3回 中山 4日目 サラ系３歳 未勝利       (混)[指] 馬齢 16頭 本賞金:590,240,150,89,59万円",16,590.0,14,3,5,キトゥンズシルバー,牡,3,54.0,▲小林美,73.9,1.3/4,5,24.2,38.2,12-14,美浦 武井,486,0,
202606030402,2026-04-05,中山,2,3歳未勝利,ダ,1200,右,曇,不,"3回 中山 4日目 サラ系３歳 未勝利       (混)[指] 馬齢 16頭 本賞金:590,240,150,89,59万円",16,590.0,15,3,6,コブラツイスト,牡,3,57.0,佐々木,73.9,クビ,13,120.3,39.4,4-7,美浦 石栗,460,2,
202606030402,2026-04-05,中山,2,3歳未勝利,ダ,1200,右,曇,不,"3回 中山 4日目 サラ系３歳 未勝利       (混)[指] 馬齢 16頭 本賞金:590,240,150,89,59万円",16,590.0,16,4,7,アイアンロッキー,牝,3,55.0,木幡育,76.0,大,15,260.7,41.1,9-10,美浦 本間,446,-2,
202606030403,2026-04-05,中山,3,3歳未勝利,ダ,1800,右,晴,不,"3回 中山 4日目 サラ系３歳 未勝利       (混)[指] 馬齢 16頭 本賞金:590,240,150,89,59万円",16,590.0,1,4,7,ミスターキャンベラ,牡,3,57.0,横山武,112.3,,1,1.3,38.4,1-1-1-1,美浦 稲垣,520,2,
202606030403,2026-04-05,中山,3,3歳未勝利,ダ,1800,右,晴,不,"3回 中山 4日目 サラ系３歳 未勝利       (混)[指] 馬齢 16頭 本賞金:590,240,150,89,59万円",16,590.0,2,2,4,モロノカガヤキ,牡,3,57.0,津村,113.9,10,2,4.4,39.8,3-2-2-2,美浦 林,482,-2,
202606030403,2026-04-05,中山,3,3歳未勝利,ダ,1800,右,晴,不,"3回 中山 4日目 サラ系３歳 未勝利       (混)[指] 馬齢 16頭 本賞金:590,240,150,89,59万円",16,590.0,3,4,8,カシノスパーク,牡,3,54.0,▲石神道,114.3,2.1/2,4,16.0,39.5,6-6-5-4,美浦 天間,458,4,
202606030403,2026-04-05,中山,3,3歳未勝利,ダ,1800,右,晴,不,"3回 中山 4日目 サラ系３歳 未勝利       (混)[指] 馬齢 16頭 本賞金:590,240,150,89,59万円",16,590.0,4,5,10,パワポケグッド,牡,3,57.0,小林凌,115.0,4,16,312.4,39.0,15-15-12-9,美浦 大和田,430,0,
202606030403,2026-04-05,中山,3,3歳未勝利,ダ,1800,右,晴,不,"3回 中山 4日目 サラ系３歳 未勝利       (混)[指] 馬齢 16頭 本賞金:590,240,150,89,59万円",16,590.0,5,6,11,コスモラムバック,牡,3,57.0,武藤,115.0,クビ,3,12.3,39.3,16-16-10-9,美浦 水野,496,-4,
202606030403,2026-04-05,中山,3,3歳未勝利,ダ,1800,右,晴,不,"3回 中山 4日目 サラ系３歳 未勝利       (混)[指] 馬齢 16頭 本賞金:590,240,150,89,59万円",16,590.0,6,8,15,ダイユウアドバンス,牝,3,52.0,▲佐藤,115.6,3.1/2,13,250.6,41.1,4-4-3-3,美浦 松永康,496,0,
202606030403,2026-04-05,中山,3,3歳未勝利,ダ,1800,右,晴,不,"3回 中山 4日目 サラ系３歳 未勝利       (混)[指] 馬齢 16頭 本賞金:590,240,150,89,59万円",16,590.0,7,7,13,ラッキーストーン,牡,3,57.0,荻野極,115.8,1.1/4,5,22.9,40.6,13-12-7-7,栗東 高柳大,494,-2,
202606030403,2026-04-05,中山,3,3歳未勝利,ダ,1800,右,晴,不,"3回 中山 4日目 サラ系３歳 未勝利       (混)[指] 馬齢 16頭 本賞金:590,240,150,89,59万円",16,590.0,8,1,2,ブッチギレ,牡,3,57.0,丹内,115.9,1/2,8,80.0,41.4,4-4-3-4,美浦 栗田,468,-2,
202606030403,2026-04-05,中山,3,3歳未勝利,ダ,1800,右,晴,不,"3回 中山 4日目 サラ系３歳 未勝利       (混)[指] 馬齢 16頭 本賞金:590,240,150,89,59万円",16,590.0,9,7,14,カンフーヒーロー,牡,3,55.0,△長浜,116.5,3.1/2,10,92.9,41.2,9-9-8-8,美浦 的場,482,0,
202606030403,2026-04-05,中山,3,3歳未勝利,ダ,1800,右,晴,不,"3回 中山 4日目 サラ系３歳 未勝利       (混)[指] 馬齢 16頭 本賞金:590,240,150,89,59万円",16,590.0,10,8,16,モズラストセール,牡,3,57.0,木幡巧,117.3,5,7,43.3,41.1,12-12-14-14,美浦 加藤征,494,0,
202606030403,2026-04-05,中山,3,3歳未勝利,ダ,1800,右,晴,不,"3回 中山 4日目 サラ系３歳 未勝利       (混)[指] 馬齢 16頭 本賞金:590,240,150,89,59万円",16,590.0,11,6,12,エルドラド,牡,3,57.0,原田和,117.3,ハナ,11,140.7,42.4,2-2-6-6,美浦 蛯名利,468,-2,
202606030403,2026-04-05,中山,3,3歳未勝利,ダ,1800,右,晴,不,"3回 中山 4日目 サラ系３歳 未勝利       (混)[指] 馬齢 16頭 本賞金:590,240,150,89,59万円",16,590.0,12,3,5,ブルーアンビエンス,牡,3,54.0,▲石田,117.4,3/4,6,36.7,41.5,10-9-12-12,美浦 菊沢,450,-8,
202606030403,2026-04-05,中山,3,3歳未勝利,ダ,1800,右,晴,不,"3回 中山 4日目 サラ系３歳 未勝利       (混)[指] 馬齢 16頭 本賞金:590,240,150,89,59万円",16,590.0,13,2,3,ニケフェリーチェ,牝,3,55.0,柴田大,117.6,1.1/4,15,297.8,41.9,6-6-10-12,美浦 秋本,452,-4,
202606030403,2026-04-05,中山,3,3歳未勝利,ダ,1800,右,晴,不,"3回 中山 4日目 サラ系３歳 未勝利       (混)[指] 馬齢 16頭 本賞金:590,240,150,89,59万円",16,590.0,14,1,1,ピクシーゲイル,牡,3,57.0,木幡育,118.3,4,14,251.2,41.8,8-8-16-16,美浦 松永康,476,-4,
202606030403,2026-04-05,中山,3,3歳未勝利,ダ,1800,右,晴,不,"3回 中山 4日目 サラ系３歳 未勝利       (混)[指] 馬齢 16頭 本賞金:590,240,150,89,59万円",16,590.0,15,3,6,ヒャクレツケン,牡,3,57.0,菊沢,118.3,クビ,9,87.0,42.0,13-12-15-14,美浦 青木,468,6,
202606030403,2026-04-05,中山,3,3歳未勝利,ダ,1800,右,晴,不,"3回 中山 4日目 サラ系３歳 未勝利       (混)[指] 馬齢 16頭 本賞金:590,240,150,89,59万円",16,590.0,16,5,9,サフール,牡,3,57.0,小林脩,118.5,1,12,163.1,43.1,10-9-8-9,美浦 浅利,458,8,
202606030404,2026-04-05,中山,4,4歳以上障害未勝利,障,2880,,晴,重,"3回 中山 4日目 障害４歳以上 未勝利       定量 14頭 本賞金:840,340,210,130,84万円",14,840.0,1,7,12,シャンデルナゴル,牡,6,60.0,中村,199.7,,1,1.3,13.9,2-3-3-1,栗東 石坂,500,2,
202606030404,2026-04-05,中山,4,4歳以上障害未勝利,障,2880,,晴,重,"3回 中山 4日目 障害４歳以上 未勝利       定量 14頭 本賞金:840,340,210,130,84万円",14,840.0,2,3,4,グランナヴィール,牡,5,57.0,▲水沼,200.0,2,4,15.7,13.9,8-7-4-2,美浦 堀内,546,2,
202606030404,2026-04-05,中山,4,4歳以上障害未勝利,障,2880,,晴,重,"3回 中山 4日目 障害４歳以上 未勝利       定量 14頭 本賞金:840,340,210,130,84万円",14,840.0,3,6,9,ドーバーホーク,牡,6,60.0,上野,201.0,6,3,9.0,14.0,2-2-1-2,美浦 清水英,496,0,
202606030404,2026-04-05,中山,4,4歳以上障害未勝利,障,2880,,晴,重,"3回 中山 4日目 障害４歳以上 未勝利       定量 14頭 本賞金:840,340,210,130,84万円",14,840.0,4,4,6,リードアクトレス,牝,5,58.0,小野寺,201.2,1.1/2,11,67.9,14.0,6-6-7-6,栗東 安達,494,2,
202606030404,2026-04-05,中山,4,4歳以上障害未勝利,障,2880,,晴,重,"3回 中山 4日目 障害４歳以上 未勝利       定量 14頭 本賞金:840,340,210,130,84万円",14,840.0,5,6,10,クラウングスタフ,牡,5,60.0,難波,201.3,1/2,8,35.5,14.0,4-5-4-5,美浦 水野,518,0,
202606030404,2026-04-05,中山,4,4歳以上障害未勝利,障,2880,,晴,重,"3回 中山 4日目 障害４歳以上 未勝利       定量 14頭 本賞金:840,340,210,130,84万円",14,840.0,6,8,14,ホウオウスターツ,セ,4,57.0,▲小林凌,203.7,大,13,193.1,14.1,10-10-10-9,美浦 池上,476,8,
202606030404,2026-04-05,中山,4,4歳以上障害未勝利,障,2880,,晴,重,"3回 中山 4日目 障害４歳以上 未勝利       定量 14頭 本賞金:840,340,210,130,84万円",14,840.0,7,8,13,デスティネ,牡,9,60.0,江田勇,203.9,1.1/2,5,19.6,14.2,4-4-6-7,美浦 萱野,494,-4,
202606030404,2026-04-05,中山,4,4歳以上障害未勝利,障,2880,,晴,重,"3回 中山 4日目 障害４歳以上 未勝利       定量 14頭 本賞金:840,340,210,130,84万円",14,840.0,8,5,8,アウルムレガリア,牝,4,57.0,大江圭,204.0,1/2,12,185.3,14.2,11-11-11-11,美浦 粕谷,416,6,
202606030404,2026-04-05,中山,4,4歳以上障害未勝利,障,2880,,晴,重,"3回 中山 4日目 障害４歳以上 未勝利       定量 14頭 本賞金:840,340,210,130,84万円",14,840.0,9,7,11,エクロジャイト,セ,6,60.0,小牧加,204.1,1/2,2,8.2,14.2,7-8-8-8,栗東 武幸,530,-4,
202606030404,2026-04-05,中山,4,4歳以上障害未勝利,障,2880,,晴,重,"3回 中山 4日目 障害４歳以上 未勝利       定量 14頭 本賞金:840,340,210,130,84万円",14,840.0,10,3,3,ヴォンヌヴォー,牝,6,58.0,五十嵐,207.6,大,6,23.8,14.4,9-8-8-10,美浦 天間,476,8,
202606030404,2026-04-05,中山,4,4歳以上障害未勝利,障,2880,,晴,重,"3回 中山 4日目 障害４歳以上 未勝利       定量 14頭 本賞金:840,340,210,130,84万円",14,840.0,11,4,5,エターナルシルバー,牡,4,59.0,草野,208.8,7,7,30.1,14.5,12-12-12-12,美浦 中舘,468,8,
202606030404,2026-04-05,中山,4,4歳以上障害未勝利,障,2880,,晴,重,"3回 中山 4日目 障害４歳以上 未勝利       定量 14頭 本賞金:840,340,210,130,84万円",14,840.0,12,5,7,アルデツヨシ,セ,4,59.0,金子,209.1,1.1/2,9,49.5,14.5,12-12-12-13,美浦 田中剛,474,-4,
202606030404,2026-04-05,中山,4,4歳以上障害未勝利,障,2880,,晴,重,"3回 中山 4日目 障害４歳以上 未勝利       定量 14頭 本賞金:840,340,210,130,84万円",14,840.0,13,1,1,シュバルツガイスト,牡,6,60.0,伴,209.7,3.1/2,10,53.0,14.6,1-1-2-4,美浦 手塚徳,498,-8,
202606030404,2026-04-05,中山,4,4歳以上障害未勝利,障,2880,,晴,重,"3回 中山 4日目 障害４歳以上 未勝利       定量 14頭 本賞金:840,340,210,130,84万円",14,840.0,,2,2,オンクラウドナイン,牡,4,59.0,石神深,,,,,,,美浦 和田郎,516,2,除外
202606030405,2026-04-05,中山,5,3歳未勝利,芝,2000,右,晴,重,"3回 中山 4日目 サラ系３歳 未勝利       [指] 馬齢 16頭 本賞金:590,240,150,89,59万円",16,590.0,1,6,11,コスモナエマ,牝,3,55.0,津村,122.2,,4,11.2,36.6,1-1-1-1,美浦 手塚久,480,0,
202606030405,2026-04-05,中山,5,3歳未勝利,芝,2000,右,晴,重,"3回 中山 4日目 サラ系３歳 未勝利       [指] 馬齢 16頭 本賞金:590,240,150,89,59万円",16,590.0,2,8,15,マーゴットドライ,セ,3,57.0,木幡巧,122.4,1.1/2,5,17.0,36.1,8-5-7-4,美浦 伊坂,438,0,
202606030405,2026-04-05,中山,5,3歳未勝利,芝,2000,右,晴,重,"3回 中山 4日目 サラ系３歳 未勝利       [指] 馬齢 16頭 本賞金:590,240,150,89,59万円",16,590.0,3,5,9,カドドゥディエ,牝,3,52.0,▲遠藤,122.9,2.1/2,8,26.4,36.1,9-10-10-8,美浦 西田,420,-6,
202606030405,2026-04-05,中山,5,3歳未勝利,芝,2000,右,晴,重,"3回 中山 4日目 サラ系３歳 未勝利       [指] 馬齢 16頭 本賞金:590,240,150,89,59万円",16,590.0,4,5,10,ファーザーアウェイ,牡,3,57.0,田辺,123.1,1.1/2,3,5.8,36.6,9-9-8-8,美浦 尾関,458,-4,
202606030405,2026-04-05,中山,5,3歳未勝利,芝,2000,右,晴,重,"3回 中山 4日目 サラ系３歳 未勝利       [指] 馬齢 16頭 本賞金:590,240,150,89,59万円",16,590.0,5,1,1,ファインブライト,牡,3,57.0,杉原,123.5,2.1/2,11,81.6,36.0,15-14-14-10,美浦 佐藤吉,484,-10,
202606030405,2026-04-05,中山,5,3歳未勝利,芝,2000,右,晴,重,"3回 中山 4日目 サラ系３歳 未勝利       [指] 馬齢 16頭 本賞金:590,240,150,89,59万円",16,590.0,6,4,8,グランフルス,牡,3,57.0,菊沢,123.8,1.1/2,12,124.2,37.6,5-5-4-4,美浦 矢野,462,-10,
202606030405,2026-04-05,中山,5,3歳未勝利,芝,2000,右,晴,重,"3回 中山 4日目 サラ系３歳 未勝利       [指] 馬齢 16頭 本賞金:590,240,150,89,59万円",16,590.0,7,7,13,グレイスルーラー,牝,3,55.0,丹内,123.8,ハナ,10,64.5,37.9,2-2-2-2,美浦 尾形,458,-4,
202606030405,2026-04-05,中山,5,3歳未勝利,芝,2000,右,晴,重,"3回 中山 4日目 サラ系３歳 未勝利       [指] 馬齢 16頭 本賞金:590,240,150,89,59万円",16,590.0,8,6,12,ラインクインビー,牝,3,55.0,武藤,124.0,1.1/2,6,19.4,37.0,11-11-11-12,美浦 水野,432,-10,
202606030405,2026-04-05,中山,5,3歳未勝利,芝,2000,右,晴,重,"3回 中山 4日目 サラ系３歳 未勝利       [指] 馬齢 16頭 本賞金:590,240,150,89,59万円",16,590.0,9,3,5,コスモアンタレス,牡,3,57.0,柴田大,124.2,1,9,37.0,38.1,5-5-4-4,美浦 和田勇,460,2,
202606030405,2026-04-05,中山,5,3歳未勝利,芝,2000,右,晴,重,"3回 中山 4日目 サラ系３歳 未勝利       [指] 馬齢 16頭 本賞金:590,240,150,89,59万円",16,590.0,10,4,7,タッカーヴァンバン,牡,3,57.0,吉田豊,124.8,3.1/2,7,20.9,38.9,2-2-2-2,美浦 田島,472,-2,
202606030405,2026-04-05,中山,5,3歳未勝利,芝,2000,右,晴,重,"3回 中山 4日目 サラ系３歳 未勝利       [指] 馬齢 16頭 本賞金:590,240,150,89,59万円",16,590.0,11,7,14,エリュグレイス,牝,3,55.0,横山武,125.0,1.1/2,1,2.2,38.9,2-4-4-4,美浦 和田勇,462,-2,
202606030405,2026-04-05,中山,5,3歳未勝利,芝,2000,右,晴,重,"3回 中山 4日目 サラ系３歳 未勝利       [指] 馬齢 16頭 本賞金:590,240,150,89,59万円",16,590.0,12,2,3,カキュウ,牝,3,55.0,柴田善,125.4,2,15,258.4,38.1,13-13-13-13,美浦 佐藤吉,428,0,
202606030405,2026-04-05,中山,5,3歳未勝利,芝,2000,右,晴,重,"3回 中山 4日目 サラ系３歳 未勝利       [指] 馬齢 16頭 本賞金:590,240,150,89,59万円",16,590.0,13,3,6,フクスケ,牡,3,57.0,木幡育,125.7,2,16,312.5,39.2,5-5-8-10,美浦 杉浦,442,-4,
202606030405,2026-04-05,中山,5,3歳未勝利,芝,2000,右,晴,重,"3回 中山 4日目 サラ系３歳 未勝利       [指] 馬齢 16頭 本賞金:590,240,150,89,59万円",16,590.0,14,1,2,ゴーントゥファー,セ,3,57.0,横山琉,134.0,大,13,167.8,44.1,16-16-16-16,美浦 小島,476,0,
202606030405,2026-04-05,中山,5,3歳未勝利,芝,2000,右,晴,重,"3回 中山 4日目 サラ系３歳 未勝利       [指] 馬齢 16頭 本賞金:590,240,150,89,59万円",16,590.0,15,2,4,サンマルフォース,牡,3,55.0,△長浜,135.0,6,14,245.1,45.5,13-14-15-15,美浦 和田勇,464,0,
202606030405,2026-04-05,中山,5,3歳未勝利,芝,2000,右,晴,重,"3回 中山 4日目 サラ系３歳 未勝利       [指] 馬齢 16頭 本賞金:590,240,150,89,59万円",16,590.0,,8,16,ショウナンサイオウ,牡,3,57.0,三浦,,,2,3.7,,12-11-11-14,美浦 奥村武,484,-6,中止
202606030406,2026-04-05,中山,6,3歳1勝クラス,ダ,1800,右,晴,重,"3回 中山 4日目 サラ系３歳 １勝クラス       (混)[指] 馬齢 16頭 本賞金:820,330,210,120,82万円",16,820.0,1,2,3,テンカムテキ,牡,3,57.0,丹内,111.8,,3,5.0,38.0,4-3-4-2,美浦 林,502,-2,
202606030406,2026-04-05,中山,6,3歳1勝クラス,ダ,1800,右,晴,重,"3回 中山 4日目 サラ系３歳 １勝クラス       (混)[指] 馬齢 16頭 本賞金:820,330,210,120,82万円",16,820.0,2,2,4,プレイメイカー,牝,3,52.0,▲小林美,111.9,1/2,8,40.0,38.3,1-1-1-1,美浦 栗田,456,-2,
202606030406,2026-04-05,中山,6,3歳1勝クラス,ダ,1800,右,晴,重,"3回 中山 4日目 サラ系３歳 １勝クラス       (混)[指] 馬齢 16頭 本賞金:820,330,210,120,82万円",16,820.0,3,8,16,ジェイエルモーダル,牡,3,57.0,田辺,112.0,1,9,44.0,37.9,14-14-8-4,美浦 松尾,456,0,
202606030406,2026-04-05,中山,6,3歳1勝クラス,ダ,1800,右,晴,重,"3回 中山 4日目 サラ系３歳 １勝クラス       (混)[指] 馬齢 16頭 本賞金:820,330,210,120,82万円",16,820.0,4,3,6,ケイツーリーブル,牝,3,55.0,津村,112.4,2.1/2,7,25.2,38.2,14-15-8-10,美浦 千葉,442,3,
202606030406,2026-04-05,中山,6,3歳1勝クラス,ダ,1800,右,晴,重,"3回 中山 4日目 サラ系３歳 １勝クラス       (混)[指] 馬齢 16頭 本賞金:820,330,210,120,82万円",16,820.0,5,1,1,ウリズンベー,牡,3,57.0,横山武,112.5,クビ,6,10.3,37.9,10-10-14-12,美浦 萩原,468,-2,
202606030406,2026-04-05,中山,6,3歳1勝クラス,ダ,1800,右,晴,重,"3回 中山 4日目 サラ系３歳 １勝クラス       (混)[指] 馬齢 16頭 本賞金:820,330,210,120,82万円",16,820.0,6,6,11,エムノビアンカ,牝,3,53.0,△長浜,112.5,クビ,12,50.0,38.8,3-3-2-2,美浦 古賀慎,516,4,
202606030406,2026-04-05,中山,6,3歳1勝クラス,ダ,1800,右,晴,重,"3回 中山 4日目 サラ系３歳 １勝クラス       (混)[指] 馬齢 16頭 本賞金:820,330,210,120,82万円",16,820.0,7,7,13,マーゴットサンズ,牝,3,55.0,菊沢,112.9,2.1/2,4,7.9,39.0,7-7-6-6,美浦 伊坂,480,22,
202606030406,2026-04-05,中山,6,3歳1勝クラス,ダ,1800,右,晴,重,"3回 中山 4日目 サラ系３歳 １勝クラス       (混)[指] 馬齢 16頭 本賞金:820,330,210,120,82万円",16,820.0,8,4,7,リヒトミューレ,牡,3,57.0,小沢,113.0,1/2,5,8.7,38.9,7-7-8-6,栗東 中村,502,-8,
202606030406,2026-04-05,中山,6,3歳1勝クラス,ダ,1800,右,晴,重,"3回 中山 4日目 サラ系３歳 １勝クラス       (混)[指] 馬齢 16頭 本賞金:820,330,210,120,82万円",16,820.0,9,6,12,タイセイエムロード,牡,3,54.0,▲石田,113.4,2,10,44.8,38.9,12-12-14-11,美浦 新開,466,4,
202606030406,2026-04-05,中山,6,3歳1勝クラス,ダ,1800,右,晴,重,"3回 中山 4日目 サラ系３歳 １勝クラス       (混)[指] 馬齢 16頭 本賞金:820,330,210,120,82万円",16,820.0,10,5,9,ピースサイン,牡,3,57.0,佐々木,113.4,クビ,13,52.5,39.4,4-5-6-6,美浦 浅利,456,6,
202606030406,2026-04-05,中山,6,3歳1勝クラス,ダ,1800,右,晴,重,"3回 中山 4日目 サラ系３歳 １勝クラス       (混)[指] 馬齢 16頭 本賞金:820,330,210,120,82万円",16,820.0,11,5,10,エクセルクラウン,牡,3,57.0,横山和,113.6,1,14,76.1,38.6,16-16-16-16,美浦 菊沢,482,-4,
202606030406,2026-04-05,中山,6,3歳1勝クラス,ダ,1800,右,晴,重,"3回 中山 4日目 サラ系３歳 １勝クラス       (混)[指] 馬齢 16頭 本賞金:820,330,210,120,82万円",16,820.0,12,8,15,クイーンズドリーム,牝,3,55.0,小崎,113.6,アタマ,11,48.8,39.4,7-7-8-12,栗東 大久保,496,-12,
202606030406,2026-04-05,中山,6,3歳1勝クラス,ダ,1800,右,晴,重,"3回 中山 4日目 サラ系３歳 １勝クラス       (混)[指] 馬齢 16頭 本賞金:820,330,210,120,82万円",16,820.0,13,4,8,ジオストラテジー,牡,3,57.0,木幡巧,113.9,1.3/4,15,76.9,39.5,10-10-12-15,美浦 牧,512,4,
202606030406,2026-04-05,中山,6,3歳1勝クラス,ダ,1800,右,晴,重,"3回 中山 4日目 サラ系３歳 １勝クラス       (混)[指] 馬齢 16頭 本賞金:820,330,210,120,82万円",16,820.0,14,1,2,アレンスター,牡,3,57.0,三浦,114.2,2,1,3.1,39.9,13-13-12-12,栗東 庄野,496,6,
202606030406,2026-04-05,中山,6,3歳1勝クラス,ダ,1800,右,晴,重,"3回 中山 4日目 サラ系３歳 １勝クラス       (混)[指] 馬齢 16頭 本賞金:820,330,210,120,82万円",16,820.0,15,3,5,ライフイズ,牝,3,55.0,石橋脩,114.3,3/4,16,265.3,40.6,2-2-2-4,美浦 鈴木慎,408,-4,
202606030406,2026-04-05,中山,6,3歳1勝クラス,ダ,1800,右,晴,重,"3回 中山 4日目 サラ系３歳 １勝クラス       (混)[指] 馬齢 16頭 本賞金:820,330,210,120,82万円",16,820.0,16,7,14,ガンダ,牡,3,57.0,横山琉,114.4,1/2,2,5.0,40.6,4-5-4-6,美浦 斎藤誠,496,2,
202606030407,2026-04-05,中山,7,3歳1勝クラス,芝,1200,右,晴,重,"3回 中山 4日目 サラ系３歳 １勝クラス       (混)(特指) 馬齢 14頭 本賞金:820,330,210,120,82万円",14,820.0,1,7,11,ガラベイヤ,牝,3,55.0,丸山,68.8,,6,10.6,33.8,9-9,美浦 加藤士,432,2,
202606030407,2026-04-05,中山,7,3歳1勝クラス,芝,1200,右,晴,重,"3回 中山 4日目 サラ系３歳 １勝クラス       (混)(特指) 馬齢 14頭 本賞金:820,330,210,120,82万円",14,820.0,2,4,5,ハッピーラッキー,牡,3,57.0,田辺,69.1,1.1/2,4,6.5,34.2,7-7,美浦 武市,458,-4,
202606030407,2026-04-05,中山,7,3歳1勝クラス,芝,1200,右,晴,重,"3回 中山 4日目 サラ系３歳 １勝クラス       (混)(特指) 馬齢 14頭 本賞金:820,330,210,120,82万円",14,820.0,3,6,10,ファインサマーデイ,牡,3,57.0,横山武,69.2,3/4,2,4.3,34.9,2-2,美浦 高柳瑞,448,-6,
202606030407,2026-04-05,中山,7,3歳1勝クラス,芝,1200,右,晴,重,"3回 中山 4日目 サラ系３歳 １勝クラス       (混)(特指) 馬齢 14頭 本賞金:820,330,210,120,82万円",14,820.0,4,7,12,フェーダーローター,牝,3,52.0,▲石神道,69.3,1/2,11,46.8,34.6,6-5,美浦 天間,442,2,
202606030407,2026-04-05,中山,7,3歳1勝クラス,芝,1200,右,晴,重,"3回 中山 4日目 サラ系３歳 １勝クラス       (混)(特指) 馬齢 14頭 本賞金:820,330,210,120,82万円",14,820.0,5,3,4,ニルマーネル,牝,3,55.0,吉田豊,69.3,ハナ,1,4.1,34.2,9-9,美浦 小島,398,-2,
202606030407,2026-04-05,中山,7,3歳1勝クラス,芝,1200,右,晴,重,"3回 中山 4日目 サラ系３歳 １勝クラス       (混)(特指) 馬齢 14頭 本賞金:820,330,210,120,82万円",14,820.0,6,8,14,マウンテンバローズ,牡,3,57.0,石橋脩,69.4,1/2,7,12.7,35.0,3-3,栗東 清水久,536,6,
202606030407,2026-04-05,中山,7,3歳1勝クラス,芝,1200,右,晴,重,"3回 中山 4日目 サラ系３歳 １勝クラス       (混)(特指) 馬齢 14頭 本賞金:820,330,210,120,82万円",14,820.0,7,3,3,シーグルロス,牝,3,52.0,▲佐藤,69.7,2,10,44.7,35.4,1-1,美浦 尾形,452,-6,
202606030407,2026-04-05,中山,7,3歳1勝クラス,芝,1200,右,晴,重,"3回 中山 4日目 サラ系３歳 １勝クラス       (混)(特指) 馬齢 14頭 本賞金:820,330,210,120,82万円",14,820.0,8,1,1,ベレーバスク,牝,3,55.0,丹内,69.8,クビ,3,6.4,35.3,4-3,美浦 清水英,444,-10,
202606030407,2026-04-05,中山,7,3歳1勝クラス,芝,1200,右,晴,重,"3回 中山 4日目 サラ系３歳 １勝クラス       (混)(特指) 馬齢 14頭 本賞金:820,330,210,120,82万円",14,820.0,9,8,13,セイウンアインス,牝,3,55.0,武藤,69.8,アタマ,14,123.9,34.3,13-13,美浦 武藤,440,-6,
202606030407,2026-04-05,中山,7,3歳1勝クラス,芝,1200,右,晴,重,"3回 中山 4日目 サラ系３歳 １勝クラス       (混)(特指) 馬齢 14頭 本賞金:820,330,210,120,82万円",14,820.0,10,5,7,クラディスティーナ,牡,3,57.0,荻野極,69.9,1/2,9,22.9,34.6,11-11,美浦 清水英,478,-10,
202606030407,2026-04-05,中山,7,3歳1勝クラス,芝,1200,右,晴,重,"3回 中山 4日目 サラ系３歳 １勝クラス       (混)(特指) 馬齢 14頭 本賞金:820,330,210,120,82万円",14,820.0,11,4,6,ヤマメライズ,牡,3,57.0,佐々木,70.0,3/4,12,47.4,34.7,11-11,美浦 田島,420,-2,
202606030407,2026-04-05,中山,7,3歳1勝クラス,芝,1200,右,晴,重,"3回 中山 4日目 サラ系３歳 １勝クラス       (混)(特指) 馬齢 14頭 本賞金:820,330,210,120,82万円",14,820.0,12,6,9,ラヴノー,牝,3,55.0,津村,70.2,1.1/4,5,9.5,35.7,4-5,美浦 林,402,-4,
202606030407,2026-04-05,中山,7,3歳1勝クラス,芝,1200,右,晴,重,"3回 中山 4日目 サラ系３歳 １勝クラス       (混)(特指) 馬齢 14頭 本賞金:820,330,210,120,82万円",14,820.0,13,2,2,トリスティ,牝,3,51.0,★谷原,70.3,1/2,13,80.1,35.4,7-7,美浦 伊藤圭,466,-10,
202606030407,2026-04-05,中山,7,3歳1勝クラス,芝,1200,右,晴,重,"3回 中山 4日目 サラ系３歳 １勝クラス       (混)(特指) 馬齢 14頭 本賞金:820,330,210,120,82万円",14,820.0,14,5,8,ゼファーテソーロ,牡,3,57.0,原,72.3,大,8,14.1,35.5,14-14,美浦 栗田,490,4,
202606030408,2026-04-05,中山,8,4歳以上1勝クラス,ダ,1200,右,晴,重,"3回 中山 4日目 サラ系４歳以上 １勝クラス       (混)[指] 定量 16頭 本賞金:820,330,210,120,82万円",16,820.0,1,3,5,イノキ,牡,4,58.0,丸山,70.8,,8,26.5,36.1,4-3,美浦 岩戸,502,4,
202606030408,2026-04-05,中山,8,4歳以上1勝クラス,ダ,1200,右,晴,重,"3回 中山 4日目 サラ系４歳以上 １勝クラス       (混)[指] 定量 16頭 本賞金:820,330,210,120,82万円",16,820.0,2,2,4,リッキースタイル,牡,4,58.0,荻野極,70.9,1/2,2,5.0,36.5,2-1,美浦 水野,492,4,
202606030408,2026-04-05,中山,8,4歳以上1勝クラス,ダ,1200,右,晴,重,"3回 中山 4日目 サラ系４歳以上 １勝クラス       (混)[指] 定量 16頭 本賞金:820,330,210,120,82万円",16,820.0,3,8,16,キョウエイスレーヴ,牡,4,56.0,△長浜,71.2,1.1/2,5,8.0,36.5,4-5,美浦 萱野,452,2,
202606030408,2026-04-05,中山,8,4歳以上1勝クラス,ダ,1200,右,晴,重,"3回 中山 4日目 サラ系４歳以上 １勝クラス       (混)[指] 定量 16頭 本賞金:820,330,210,120,82万円",16,820.0,4,6,12,エコロカディス,セ,4,58.0,杉原,71.3,1/2,3,5.2,36.7,3-3,美浦 森一,450,0,
202606030408,2026-04-05,中山,8,4歳以上1勝クラス,ダ,1200,右,晴,重,"3回 中山 4日目 サラ系４歳以上 １勝クラス       (混)[指] 定量 16頭 本賞金:820,330,210,120,82万円",16,820.0,5,3,6,トモジャシーマ,セ,6,58.0,津村,71.4,3/4,1,4.0,36.4,8-8,美浦 鈴木伸,516,-2,
202606030408,2026-04-05,中山,8,4歳以上1勝クラス,ダ,1200,右,晴,重,"3回 中山 4日目 サラ系４歳以上 １勝クラス       (混)[指] 定量 16頭 本賞金:820,330,210,120,82万円",16,820.0,6,5,9,パシーヴ,牡,4,58.0,三浦,71.4,クビ,4,5.9,36.6,6-5,美浦 上原博,478,0,
202606030408,2026-04-05,中山,8,4歳以上1勝クラス,ダ,1200,右,晴,重,"3回 中山 4日目 サラ系４歳以上 １勝クラス       (混)[指] 定量 16頭 本賞金:820,330,210,120,82万円",16,820.0,7,6,11,キングクレオール,牡,5,58.0,大野,72.1,4,13,138.0,36.9,11-12,美浦 和田雄,464,-2,
202606030408,2026-04-05,中山,8,4歳以上1勝クラス,ダ,1200,右,晴,重,"3回 中山 4日目 サラ系４歳以上 １勝クラス       (混)[指] 定量 16頭 本賞金:820,330,210,120,82万円",16,820.0,8,2,3,ウインドファルクス,セ,5,56.0,△舟山,72.1,1/2,15,143.4,36.9,11-10,美浦 畠山,498,9,
202606030408,2026-04-05,中山,8,4歳以上1勝クラス,ダ,1200,右,晴,重,"3回 中山 4日目 サラ系４歳以上 １勝クラス       (混)[指] 定量 16頭 本賞金:820,330,210,120,82万円",16,820.0,9,7,13,シルバードン,牡,4,58.0,石橋脩,72.2,3/4,12,92.8,37.4,6-5,美浦 牧,480,-2,
202606030408,2026-04-05,中山,8,4歳以上1勝クラス,ダ,1200,右,晴,重,"3回 中山 4日目 サラ系４歳以上 １勝クラス       (混)[指] 定量 16頭 本賞金:820,330,210,120,82万円",16,820.0,10,8,15,ガンバレベアー,牝,4,56.0,松岡,72.3,アタマ,6,11.0,36.9,13-14,美浦 杉浦,478,9,
202606030408,2026-04-05,中山,8,4歳以上1勝クラス,ダ,1200,右,晴,重,"3回 中山 4日目 サラ系４歳以上 １勝クラス       (混)[指] 定量 16頭 本賞金:820,330,210,120,82万円",16,820.0,11,4,8,アイスブレイカー,牡,5,58.0,江田照,72.3,アタマ,16,146.6,37.0,13-12,美浦 伊坂,498,-4,
202606030408,2026-04-05,中山,8,4歳以上1勝クラス,ダ,1200,右,晴,重,"3回 中山 4日目 サラ系４歳以上 １勝クラス       (混)[指] 定量 16頭 本賞金:820,330,210,120,82万円",16,820.0,12,4,7,バスターコール,セ,5,58.0,原,72.6,2,9,29.4,36.8,15-15,美浦 田村,498,-2,
202606030408,2026-04-05,中山,8,4歳以上1勝クラス,ダ,1200,右,晴,重,"3回 中山 4日目 サラ系４歳以上 １勝クラス       (混)[指] 定量 16頭 本賞金:820,330,210,120,82万円",16,820.0,13,5,10,セイウンビッグバン,牡,4,58.0,原田和,72.9,1.1/2,10,58.5,37.9,8-9,美浦 萱野,450,-4,
202606030408,2026-04-05,中山,8,4歳以上1勝クラス,ダ,1200,右,晴,重,"3回 中山 4日目 サラ系４歳以上 １勝クラス       (混)[指] 定量 16頭 本賞金:820,330,210,120,82万円",16,820.0,14,1,1,ペイシャアーサー,牡,4,58.0,丹内,73.2,2,7,11.0,38.9,1-2,美浦 本間,472,2,
202606030408,2026-04-05,中山,8,4歳以上1勝クラス,ダ,1200,右,晴,重,"3回 中山 4日目 サラ系４歳以上 １勝クラス       (混)[指] 定量 16頭 本賞金:820,330,210,120,82万円",16,820.0,15,7,14,ジャーニーメモリー,牡,6,58.0,菊沢,74.4,7,14,140.5,39.4,8-10,美浦 粕谷,478,-4,
202606030408,2026-04-05,中山,8,4歳以上1勝クラス,ダ,1200,右,晴,重,"3回 中山 4日目 サラ系４歳以上 １勝クラス       (混)[指] 定量 16頭 本賞金:820,330,210,120,82万円",16,820.0,16,1,2,アルナイル,セ,5,58.0,佐々木,78.3,大,11,66.7,42.5,15-16,美浦 伊藤大,480,-2,
202606030409,2026-04-05,中山,9,安房特別,芝,2500,右,曇,稍,"3回 中山 4日目 サラ系４歳以上 ２勝クラス       (混)[指] 定量 8頭 本賞金:1580,630,400,240,158万円",8,1580.0,1,1,1,オストラヴァ,牡,4,58.0,津村,154.1,,1,2.1,36.8,3-3-2-2,美浦 林,480,0,
202606030409,2026-04-05,中山,9,安房特別,芝,2500,右,曇,稍,"3回 中山 4日目 サラ系４歳以上 ２勝クラス       (混)[指] 定量 8頭 本賞金:1580,630,400,240,158万円",8,1580.0,2,8,8,ダイシンアポロン,牡,5,58.0,丹内,154.4,2,6,12.1,37.0,8-8-5-3,美浦 戸田,470,-4,
202606030409,2026-04-05,中山,9,安房特別,芝,2500,右,曇,稍,"3回 中山 4日目 サラ系４歳以上 ２勝クラス       (混)[指] 定量 8頭 本賞金:1580,630,400,240,158万円",8,1580.0,3,4,4,ロールザダイス,セ,4,58.0,横山武,155.4,6,7,13.8,38.4,1-1-1-1,栗東 池江,460,-14,
202606030409,2026-04-05,中山,9,安房特別,芝,2500,右,曇,稍,"3回 中山 4日目 サラ系４歳以上 ２勝クラス       (混)[指] 定量 8頭 本賞金:1580,630,400,240,158万円",8,1580.0,4,2,2,レイデラルース,牡,5,58.0,杉原,155.5,クビ,8,27.6,37.9,5-5-7-6,美浦 西田,478,0,
202606030409,2026-04-05,中山,9,安房特別,芝,2500,右,曇,稍,"3回 中山 4日目 サラ系４歳以上 ２勝クラス       (混)[指] 定量 8頭 本賞金:1580,630,400,240,158万円",8,1580.0,5,3,3,カーミングライツ,牡,4,58.0,横山和,155.5,ハナ,3,6.8,38.2,3-3-2-4,美浦 小島,536,14,
202606030409,2026-04-05,中山,9,安房特別,芝,2500,右,曇,稍,"3回 中山 4日目 サラ系４歳以上 ２勝クラス       (混)[指] 定量 8頭 本賞金:1580,630,400,240,158万円",8,1580.0,6,6,6,タッチアンドムーブ,牡,5,58.0,荻野極,156.0,3,5,12.0,38.5,6-6-5-6,美浦 栗田,456,-4,
202606030409,2026-04-05,中山,9,安房特別,芝,2500,右,曇,稍,"3回 中山 4日目 サラ系４歳以上 ２勝クラス       (混)[指] 定量 8頭 本賞金:1580,630,400,240,158万円",8,1580.0,7,5,5,リギーロ,牡,4,58.0,佐々木,156.5,3,4,11.2,38.8,7-7-8-8,美浦 栗田,486,10,
202606030409,2026-04-05,中山,9,安房特別,芝,2500,右,曇,稍,"3回 中山 4日目 サラ系４歳以上 ２勝クラス       (混)[指] 定量 8頭 本賞金:1580,630,400,240,158万円",8,1580.0,8,7,7,イクリール,牡,5,58.0,原,156.7,1.1/2,2,3.5,39.5,2-2-2-4,美浦 青木,524,-2,
202606030410,2026-04-05,中山,10,アリエスS,ダ,1800,右,曇,重,"3回 中山 4日目 サラ系４歳以上 ３勝クラス       (混)[指] ハンデ 16頭 本賞金:1870,750,470,280,187万円",16,1870.0,1,8,16,メリークリスマス,牡,4,56.0,三浦,111.4,,1,3.0,37.2,5-5-4-4,美浦 小手川,498,-10,
202606030410,2026-04-05,中山,10,アリエスS,ダ,1800,右,曇,重,"3回 中山 4日目 サラ系４歳以上 ３勝クラス       (混)[指] ハンデ 16頭 本賞金:1870,750,470,280,187万円",16,1870.0,2,4,7,ウィンドフォール,牡,5,57.0,石橋脩,111.4,クビ,3,6.0,37.4,3-3-2-2,美浦 牧,486,-4,
202606030410,2026-04-05,中山,10,アリエスS,ダ,1800,右,曇,重,"3回 中山 4日目 サラ系４歳以上 ３勝クラス       (混)[指] ハンデ 16頭 本賞金:1870,750,470,280,187万円",16,1870.0,3,4,8,デルアヴァー,牡,4,57.0,荻野極,111.4,ハナ,2,3.2,36.5,12-14-13-10,栗東 松永幹,488,-6,
202606030410,2026-04-05,中山,10,アリエスS,ダ,1800,右,曇,重,"3回 中山 4日目 サラ系４歳以上 ３勝クラス       (混)[指] ハンデ 16頭 本賞金:1870,750,470,280,187万円",16,1870.0,4,7,14,タンゴバイラリン,セ,5,54.0,菊沢,112.0,3.1/2,5,13.8,37.4,11-11-10-10,美浦 栗田,520,8,
202606030410,2026-04-05,中山,10,アリエスS,ダ,1800,右,曇,重,"3回 中山 4日目 サラ系４歳以上 ３勝クラス       (混)[指] ハンデ 16頭 本賞金:1870,750,470,280,187万円",16,1870.0,5,5,9,メイショウフジ,セ,6,56.0,大野,112.0,クビ,11,52.8,36.7,16-16-15-12,美浦 和田勇,482,-16,
202606030410,2026-04-05,中山,10,アリエスS,ダ,1800,右,曇,重,"3回 中山 4日目 サラ系４歳以上 ３勝クラス       (混)[指] ハンデ 16頭 本賞金:1870,750,470,280,187万円",16,1870.0,6,6,12,ラオラシオン,セ,5,56.0,横山琉,112.3,1.3/4,6,17.9,37.9,6-7-9-7,美浦 斎藤誠,492,4,
202606030410,2026-04-05,中山,10,アリエスS,ダ,1800,右,曇,重,"3回 中山 4日目 サラ系４歳以上 ３勝クラス       (混)[指] ハンデ 16頭 本賞金:1870,750,470,280,187万円",16,1870.0,7,1,1,グレイテストソング,牡,4,55.0,国分恭,112.8,3,8,24.8,38.5,9-9-7-7,美浦 小笠,438,-2,
202606030410,2026-04-05,中山,10,アリエスS,ダ,1800,右,曇,重,"3回 中山 4日目 サラ系４歳以上 ３勝クラス       (混)[指] ハンデ 16頭 本賞金:1870,750,470,280,187万円",16,1870.0,8,2,3,レッドラパルマ,セ,7,55.0,柴田善,112.9,クビ,12,57.5,38.6,6-5-7-7,美浦 平岩,496,2,
202606030410,2026-04-05,中山,10,アリエスS,ダ,1800,右,曇,重,"3回 中山 4日目 サラ系４歳以上 ３勝クラス       (混)[指] ハンデ 16頭 本賞金:1870,750,470,280,187万円",16,1870.0,9,5,10,オレデイイノカ,牡,8,53.0,松岡,113.2,2,15,121.4,39.1,4-4-4-4,美浦 古賀慎,514,0,
202606030410,2026-04-05,中山,10,アリエスS,ダ,1800,右,曇,重,"3回 中山 4日目 サラ系４歳以上 ３勝クラス       (混)[指] ハンデ 16頭 本賞金:1870,750,470,280,187万円",16,1870.0,10,3,6,タイセイミッション,セ,5,55.0,黛,113.3,1/2,4,11.8,39.2,9-8-4-4,美浦 伊藤圭,530,-2,
202606030410,2026-04-05,中山,10,アリエスS,ダ,1800,右,曇,重,"3回 中山 4日目 サラ系４歳以上 ３勝クラス       (混)[指] ハンデ 16頭 本賞金:1870,750,470,280,187万円",16,1870.0,11,7,13,ペイシャモノノフ,牡,6,55.0,佐々木,113.3,クビ,7,18.8,39.3,2-2-2-1,栗東 畑端,472,-6,
202606030410,2026-04-05,中山,10,アリエスS,ダ,1800,右,曇,重,"3回 中山 4日目 サラ系４歳以上 ３勝クラス       (混)[指] ハンデ 16頭 本賞金:1870,750,470,280,187万円",16,1870.0,12,3,5,バリアントバイオ,牡,6,53.0,小沢,113.4,クビ,16,144.6,38.8,8-9-10-12,栗東 今野,540,2,
202606030410,2026-04-05,中山,10,アリエスS,ダ,1800,右,曇,重,"3回 中山 4日目 サラ系４歳以上 ３勝クラス       (混)[指] ハンデ 16頭 本賞金:1870,750,470,280,187万円",16,1870.0,13,6,11,シゲルソロソロ,牝,6,53.0,丹内,113.5,クビ,9,25.1,38.3,14-15-14-14,栗東 谷,474,-8,
202606030410,2026-04-05,中山,10,アリエスS,ダ,1800,右,曇,重,"3回 中山 4日目 サラ系４歳以上 ３勝クラス       (混)[指] ハンデ 16頭 本賞金:1870,750,470,280,187万円",16,1870.0,14,8,15,トルーマンテソーロ,牡,7,54.0,木幡巧,114.0,3.1/2,14,114.0,39.3,12-12-12-14,美浦 菊川,530,0,
202606030410,2026-04-05,中山,10,アリエスS,ダ,1800,右,曇,重,"3回 中山 4日目 サラ系４歳以上 ３勝クラス       (混)[指] ハンデ 16頭 本賞金:1870,750,470,280,187万円",16,1870.0,15,2,4,クロースコンバット,牡,7,57.0,原,114.1,クビ,10,29.2,40.2,1-1-1-2,美浦 青木,496,0,
202606030410,2026-04-05,中山,10,アリエスS,ダ,1800,右,曇,重,"3回 中山 4日目 サラ系４歳以上 ３勝クラス       (混)[指] ハンデ 16頭 本賞金:1870,750,470,280,187万円",16,1870.0,16,1,2,ラテラルシンキング,牡,6,54.0,石川,119.3,大,13,90.2,43.7,14-12-16-16,美浦 黒岩,434,-10,
202606030411,2026-04-05,中山,11,美浦S,芝,2000,右,曇,稍,"3回 中山 4日目 サラ系４歳以上 ３勝クラス       (混)(特指) 定量 16頭 本賞金:1870,750,470,280,187万円",16,1870.0,1,7,14,ジュタ,牡,4,58.0,横山武,121.5,,2,5.1,34.8,5-5-5-4,栗東 矢作,500,0,
202606030411,2026-04-05,中山,11,美浦S,芝,2000,右,曇,稍,"3回 中山 4日目 サラ系４歳以上 ３勝クラス       (混)(特指) 定量 16頭 本賞金:1870,750,470,280,187万円",16,1870.0,2,1,1,シャドウメテオ,牝,4,56.0,丹内,121.5,1/2,4,8.9,34.5,11-10-9-7,美浦 金成,462,-4,
202606030411,2026-04-05,中山,11,美浦S,芝,2000,右,曇,稍,"3回 中山 4日目 サラ系４歳以上 ３勝クラス       (混)(特指) 定量 16頭 本賞金:1870,750,470,280,187万円",16,1870.0,3,2,4,ヤマニンアドホック,牡,5,58.0,石川,121.6,クビ,1,3.5,34.9,5-5-5-6,美浦 辻,460,-2,
202606030411,2026-04-05,中山,11,美浦S,芝,2000,右,曇,稍,"3回 中山 4日目 サラ系４歳以上 ３勝クラス       (混)(特指) 定量 16頭 本賞金:1870,750,470,280,187万円",16,1870.0,4,3,6,フクノブルーレイク,牡,4,58.0,松岡,121.7,1/2,6,12.4,34.8,7-7-7-7,美浦 竹内,458,8,
202606030411,2026-04-05,中山,11,美浦S,芝,2000,右,曇,稍,"3回 中山 4日目 サラ系４歳以上 ３勝クラス       (混)(特指) 定量 16頭 本賞金:1870,750,470,280,187万円",16,1870.0,5,6,11,ダンツファイター,牡,4,58.0,佐々木,121.9,1,9,19.3,35.8,1-1-1-1,美浦 蛯名正,556,-8,
202606030411,2026-04-05,中山,11,美浦S,芝,2000,右,曇,稍,"3回 中山 4日目 サラ系４歳以上 ３勝クラス       (混)(特指) 定量 16頭 本賞金:1870,750,470,280,187万円",16,1870.0,6,6,12,ホウオウスーペリア,牡,6,58.0,横山琉,121.9,ハナ,10,19.9,35.5,4-3-3-3,栗東 吉岡,490,4,
202606030411,2026-04-05,中山,11,美浦S,芝,2000,右,曇,稍,"3回 中山 4日目 サラ系４歳以上 ３勝クラス       (混)(特指) 定量 16頭 本賞金:1870,750,470,280,187万円",16,1870.0,7,8,15,アマイ,牝,6,56.0,原,121.9,クビ,13,56.3,35.8,2-2-2-2,美浦 伊藤大,468,-2,
202606030411,2026-04-05,中山,11,美浦S,芝,2000,右,曇,稍,"3回 中山 4日目 サラ系４歳以上 ３勝クラス       (混)(特指) 定量 16頭 本賞金:1870,750,470,280,187万円",16,1870.0,8,4,8,クルミナーレ,牡,5,58.0,荻野極,121.9,クビ,3,6.0,35.0,7-7-7-7,栗東 池江,508,-6,
202606030411,2026-04-05,中山,11,美浦S,芝,2000,右,曇,稍,"3回 中山 4日目 サラ系４歳以上 ３勝クラス       (混)(特指) 定量 16頭 本賞金:1870,750,470,280,187万円",16,1870.0,9,7,13,トーアライデン,牡,6,58.0,丸山,122.1,3/4,12,44.9,35.7,3-3-3-4,栗東 河嶋,502,2,
202606030411,2026-04-05,中山,11,美浦S,芝,2000,右,曇,稍,"3回 中山 4日目 サラ系４歳以上 ３勝クラス       (混)(特指) 定量 16頭 本賞金:1870,750,470,280,187万円",16,1870.0,10,1,2,ルクスビッグスター,牡,6,58.0,石橋脩,122.2,3/4,15,111.7,34.9,13-12-12-11,栗東 清水久,482,-4,
202606030411,2026-04-05,中山,11,美浦S,芝,2000,右,曇,稍,"3回 中山 4日目 サラ系４歳以上 ３勝クラス       (混)(特指) 定量 16頭 本賞金:1870,750,470,280,187万円",16,1870.0,11,2,3,ドゥカート,牡,4,58.0,津村,122.2,クビ,11,22.5,35.0,9-9-10-10,美浦 宮田,484,-4,
202606030411,2026-04-05,中山,11,美浦S,芝,2000,右,曇,稍,"3回 中山 4日目 サラ系４歳以上 ３勝クラス       (混)(特指) 定量 16頭 本賞金:1870,750,470,280,187万円",16,1870.0,12,5,10,タイキラフター,牡,6,58.0,大野,122.3,1/2,7,18.9,34.6,16-16-16-16,美浦 大竹,536,10,
202606030411,2026-04-05,中山,11,美浦S,芝,2000,右,曇,稍,"3回 中山 4日目 サラ系４歳以上 ３勝クラス       (混)(特指) 定量 16頭 本賞金:1870,750,470,280,187万円",16,1870.0,13,3,5,スパークリシャール,セ,5,58.0,柴田善,122.5,1,8,18.9,34.9,13-14-15-11,美浦 小島,488,0,
202606030411,2026-04-05,中山,11,美浦S,芝,2000,右,曇,稍,"3回 中山 4日目 サラ系４歳以上 ３勝クラス       (混)(特指) 定量 16頭 本賞金:1870,750,470,280,187万円",16,1870.0,14,4,7,フレーヴァード,牡,6,58.0,横山和,122.7,1.1/2,5,10.7,35.3,13-14-12-13,美浦 大竹,446,-8,
202606030411,2026-04-05,中山,11,美浦S,芝,2000,右,曇,稍,"3回 中山 4日目 サラ系４歳以上 ３勝クラス       (混)(特指) 定量 16頭 本賞金:1870,750,470,280,187万円",16,1870.0,15,8,16,アルトゥーム,牡,5,58.0,小沢,123.0,1.1/2,14,77.6,35.8,11-10-10-13,栗東 藤岡健,430,2,
202606030411,2026-04-05,中山,11,美浦S,芝,2000,右,曇,稍,"3回 中山 4日目 サラ系４歳以上 ３勝クラス       (混)(特指) 定量 16頭 本賞金:1870,750,470,280,187万円",16,1870.0,16,5,9,マイネルニコラス,牡,7,58.0,柴田大,123.2,1.1/2,16,166.9,35.8,10-12-12-15,美浦 畠山,520,-2,
202606030412,2026-04-05,中山,12,4歳以上2勝クラス,芝,1600,右,曇,稍,"3回 中山 4日目 サラ系４歳以上 ２勝クラス       (混)(特指) 定量 12頭 本賞金:1190,480,300,180,119万円",12,1190.0,1,3,3,リバーバレイト,牡,4,58.0,佐々木,94.6,,2,3.0,34.5,2-2-2,美浦 堀,460,-4,
202606030412,2026-04-05,中山,12,4歳以上2勝クラス,芝,1600,右,曇,稍,"3回 中山 4日目 サラ系４歳以上 ２勝クラス       (混)(特指) 定量 12頭 本賞金:1190,480,300,180,119万円",12,1190.0,2,8,12,プリムツァール,牝,4,56.0,横山武,95.0,2.1/2,1,2.4,34.9,2-2-3,美浦 蛯名正,464,-2,
202606030412,2026-04-05,中山,12,4歳以上2勝クラス,芝,1600,右,曇,稍,"3回 中山 4日目 サラ系４歳以上 ２勝クラス       (混)(特指) 定量 12頭 本賞金:1190,480,300,180,119万円",12,1190.0,3,5,5,パワースナッチ,牡,4,58.0,杉原,95.1,クビ,3,5.6,34.9,7-4-3,美浦 武市,450,-4,
202606030412,2026-04-05,中山,12,4歳以上2勝クラス,芝,1600,右,曇,稍,"3回 中山 4日目 サラ系４歳以上 ２勝クラス       (混)(特指) 定量 12頭 本賞金:1190,480,300,180,119万円",12,1190.0,4,2,2,シャンパンマーク,セ,5,58.0,丹内,95.5,2.1/2,5,13.5,35.2,6-4-6,美浦 蛯名正,488,-2,
202606030412,2026-04-05,中山,12,4歳以上2勝クラス,芝,1600,右,曇,稍,"3回 中山 4日目 サラ系４歳以上 ２勝クラス       (混)(特指) 定量 12頭 本賞金:1190,480,300,180,119万円",12,1190.0,5,8,11,レーヴブリリアント,牡,4,56.0,△舟山,95.6,3/4,4,9.0,35.4,7-4-3,美浦 田中博,454,-4,
202606030412,2026-04-05,中山,12,4歳以上2勝クラス,芝,1600,右,曇,稍,"3回 中山 4日目 サラ系４歳以上 ２勝クラス       (混)(特指) 定量 12頭 本賞金:1190,480,300,180,119万円",12,1190.0,6,6,8,ロゼル,牡,6,58.0,横山琉,95.8,1.1/4,9,42.7,35.1,4-9-9,美浦 大和田,494,-4,
202606030412,2026-04-05,中山,12,4歳以上2勝クラス,芝,1600,右,曇,稍,"3回 中山 4日目 サラ系４歳以上 ２勝クラス       (混)(特指) 定量 12頭 本賞金:1190,480,300,180,119万円",12,1190.0,7,6,7,ラーテル,セ,6,58.0,原田和,95.9,クビ,12,236.5,34.6,11-11-11,美浦 室井,468,-4,
202606030412,2026-04-05,中山,12,4歳以上2勝クラス,芝,1600,右,曇,稍,"3回 中山 4日目 サラ系４歳以上 ２勝クラス       (混)(特指) 定量 12頭 本賞金:1190,480,300,180,119万円",12,1190.0,8,1,1,ミラーダカリエンテ,牝,4,53.0,▲石田,95.9,クビ,7,24.1,36.0,1-1-1,美浦 相沢,476,-12,
202606030412,2026-04-05,中山,12,4歳以上2勝クラス,芝,1600,右,曇,稍,"3回 中山 4日目 サラ系４歳以上 ２勝クラス       (混)(特指) 定量 12頭 本賞金:1190,480,300,180,119万円",12,1190.0,9,7,9,マイネルフォルツァ,牡,6,58.0,石川,96.0,1/2,8,35.4,34.4,12-12-12,美浦 金成,520,-6,
202606030412,2026-04-05,中山,12,4歳以上2勝クラス,芝,1600,右,曇,稍,"3回 中山 4日目 サラ系４歳以上 ２勝クラス       (混)(特指) 定量 12頭 本賞金:1190,480,300,180,119万円",12,1190.0,10,7,10,ケイケイ,セ,5,58.0,木幡巧,96.1,クビ,6,24.0,35.7,4-7-6,美浦 杉浦,480,-10,
202606030412,2026-04-05,中山,12,4歳以上2勝クラス,芝,1600,右,曇,稍,"3回 中山 4日目 サラ系４歳以上 ２勝クラス       (混)(特指) 定量 12頭 本賞金:1190,480,300,180,119万円",12,1190.0,11,5,6,アンタノバラード,牝,6,56.0,黛,96.1,ハナ,10,113.2,35.6,9-8-8,美浦 伊藤大,448,0,
202606030412,2026-04-05,中山,12,4歳以上2勝クラス,芝,1600,右,曇,稍,"3回 中山 4日目 サラ系４歳以上 ２勝クラス       (混)(特指) 定量 12頭 本賞金:1190,480,300,180,119万円",12,1190.0,12,4,4,ダイシンバースディ,牡,5,58.0,武藤,96.4,1.3/4,11,162.0,35.4,9-10-9,美浦 戸田,488,2,
202609020401,2026-04-05,阪神,1,3歳未勝利,ダ,1400,右,晴,重,"2回 阪神 4日目 サラ系３歳 未勝利       牝[指] 馬齢 15頭 本賞金:590,240,150,89,59万円",15,590.0,1,2,3,ジーティーアリア,牝,3,55.0,北村友,84.1,,8,17.1,37.0,2-2,栗東 田中克,450,-6,
202609020401,2026-04-05,阪神,1,3歳未勝利,ダ,1400,右,晴,重,"2回 阪神 4日目 サラ系３歳 未勝利       牝[指] 馬齢 15頭 本賞金:590,240,150,89,59万円",15,590.0,2,1,1,プリンセスアツコ,牝,3,55.0,鮫島良,84.2,3/4,6,9.9,36.9,3-5,栗東 河嶋,420,0,
202609020401,2026-04-05,阪神,1,3歳未勝利,ダ,1400,右,晴,重,"2回 阪神 4日目 サラ系３歳 未勝利       牝[指] 馬齢 15頭 本賞金:590,240,150,89,59万円",15,590.0,3,4,6,マリブサーフ,牝,3,52.0,▲田山,84.2,ハナ,3,5.0,37.3,1-1,栗東 牧浦,434,2,
202609020401,2026-04-05,阪神,1,3歳未勝利,ダ,1400,右,晴,重,"2回 阪神 4日目 サラ系３歳 未勝利       牝[指] 馬齢 15頭 本賞金:590,240,150,89,59万円",15,590.0,4,5,8,タガノプディング,牝,3,52.0,▲川端,84.5,2,1,3.8,36.7,10-11,栗東 小林,446,-2,
202609020401,2026-04-05,阪神,1,3歳未勝利,ダ,1400,右,晴,重,"2回 阪神 4日目 サラ系３歳 未勝利       牝[指] 馬齢 15頭 本賞金:590,240,150,89,59万円",15,590.0,5,6,11,ガルディエンヌ,牝,3,55.0,松山,84.6,3/4,4,7.3,36.8,8-9,栗東 高橋亮,474,4,
202609020401,2026-04-05,阪神,1,3歳未勝利,ダ,1400,右,晴,重,"2回 阪神 4日目 サラ系３歳 未勝利       牝[指] 馬齢 15頭 本賞金:590,240,150,89,59万円",15,590.0,6,7,12,ワンダーアスク,牝,3,55.0,川又,84.8,1.1/4,11,64.1,36.7,12-11,栗東 笹田,430,2,
202609020401,2026-04-05,阪神,1,3歳未勝利,ダ,1400,右,晴,重,"2回 阪神 4日目 サラ系３歳 未勝利       牝[指] 馬齢 15頭 本賞金:590,240,150,89,59万円",15,590.0,7,5,9,エレーデサンライズ,牝,3,55.0,藤懸,84.9,クビ,10,32.5,36.5,13-13,栗東 平田,460,10,
202609020401,2026-04-05,阪神,1,3歳未勝利,ダ,1400,右,晴,重,"2回 阪神 4日目 サラ系３歳 未勝利       牝[指] 馬齢 15頭 本賞金:590,240,150,89,59万円",15,590.0,8,8,15,メモリーデイズ,牝,3,55.0,国分優,85.0,3/4,13,128.4,37.1,10-9,栗東 畑端,436,-6,
202609020401,2026-04-05,阪神,1,3歳未勝利,ダ,1400,右,晴,重,"2回 阪神 4日目 サラ系３歳 未勝利       牝[指] 馬齢 15頭 本賞金:590,240,150,89,59万円",15,590.0,9,7,13,エバイダンス,牝,3,55.0,岩田望,85.0,ハナ,2,4.6,37.7,3-3,栗東 鈴木孝,452,0,
202609020401,2026-04-05,阪神,1,3歳未勝利,ダ,1400,右,晴,重,"2回 阪神 4日目 サラ系３歳 未勝利       牝[指] 馬齢 15頭 本賞金:590,240,150,89,59万円",15,590.0,10,3,4,ダノンロワール,牝,3,55.0,吉村,85.1,1/2,12,100.5,37.6,6-7,栗東 池添,460,0,
202609020401,2026-04-05,阪神,1,3歳未勝利,ダ,1400,右,晴,重,"2回 阪神 4日目 サラ系３歳 未勝利       牝[指] 馬齢 15頭 本賞金:590,240,150,89,59万円",15,590.0,11,8,14,メイショウマドンナ,牝,3,55.0,幸,85.3,1,9,30.6,37.8,8-5,栗東 荒川,474,-2,
202609020401,2026-04-05,阪神,1,3歳未勝利,ダ,1400,右,晴,重,"2回 阪神 4日目 サラ系３歳 未勝利       牝[指] 馬齢 15頭 本賞金:590,240,150,89,59万円",15,590.0,12,6,10,アンビエントポップ,牝,3,55.0,岩田康,85.5,1,7,13.8,38.0,6-7,栗東 上村,486,0,
202609020401,2026-04-05,阪神,1,3歳未勝利,ダ,1400,右,晴,重,"2回 阪神 4日目 サラ系３歳 未勝利       牝[指] 馬齢 15頭 本賞金:590,240,150,89,59万円",15,590.0,13,3,5,ココロザスノ,牝,3,55.0,川田,85.5,クビ,5,9.8,38.3,3-3,栗東 千田,460,-12,
202609020401,2026-04-05,阪神,1,3歳未勝利,ダ,1400,右,晴,重,"2回 阪神 4日目 サラ系３歳 未勝利       牝[指] 馬齢 15頭 本賞金:590,240,150,89,59万円",15,590.0,14,2,2,ドールズ,牝,3,55.0,高倉,85.9,2.1/2,14,150.4,37.6,13-13,栗東 中尾,456,0,
202609020401,2026-04-05,阪神,1,3歳未勝利,ダ,1400,右,晴,重,"2回 阪神 4日目 サラ系３歳 未勝利       牝[指] 馬齢 15頭 本賞金:590,240,150,89,59万円",15,590.0,15,4,7,アンウェイバリング,牝,3,52.0,▲和田陽,86.0,アタマ,15,194.4,37.1,15-15,栗東 羽月,402,-2,
202609020402,2026-04-05,阪神,2,3歳未勝利,ダ,1800,右,晴,重,"2回 阪神 4日目 サラ系３歳 未勝利       (混)[指] 馬齢 13頭 本賞金:590,240,150,89,59万円",13,590.0,1,8,13,タイセイサーブル,牡,3,57.0,鮫島駿,112.8,,1,2.5,36.3,1-1-1-1,栗東 高野,476,2,
202609020402,2026-04-05,阪神,2,3歳未勝利,ダ,1800,右,晴,重,"2回 阪神 4日目 サラ系３歳 未勝利       (混)[指] 馬齢 13頭 本賞金:590,240,150,89,59万円",13,590.0,2,4,4,テイエムスターラン,牡,3,57.0,高倉,113.1,1.3/4,2,3.0,36.5,2-2-2-2,栗東 小椋,522,0,
202609020402,2026-04-05,阪神,2,3歳未勝利,ダ,1800,右,晴,重,"2回 阪神 4日目 サラ系３歳 未勝利       (混)[指] 馬齢 13頭 本賞金:590,240,150,89,59万円",13,590.0,3,5,6,ショウナンアワード,牡,3,57.0,田口,113.1,アタマ,9,84.9,36.2,5-4-5-5,栗東 東田,438,-10,
202609020402,2026-04-05,阪神,2,3歳未勝利,ダ,1800,右,晴,重,"2回 阪神 4日目 サラ系３歳 未勝利       (混)[指] 馬齢 13頭 本賞金:590,240,150,89,59万円",13,590.0,4,1,1,マイカラー,牡,3,57.0,岩田康,113.6,3,3,4.9,36.7,3-2-5-5,栗東 吉岡,470,0,
202609020402,2026-04-05,阪神,2,3歳未勝利,ダ,1800,右,晴,重,"2回 阪神 4日目 サラ系３歳 未勝利       (混)[指] 馬齢 13頭 本賞金:590,240,150,89,59万円",13,590.0,5,3,3,クリコバロー,牡,3,53.0,★河原田,114.0,2,11,124.5,36.9,8-7-7-9,栗東 渡辺,486,-4,
202609020402,2026-04-05,阪神,2,3歳未勝利,ダ,1800,右,晴,重,"2回 阪神 4日目 サラ系３歳 未勝利       (混)[指] 馬齢 13頭 本賞金:590,240,150,89,59万円",13,590.0,6,6,8,カフジミモレット,牝,3,55.0,幸,114.1,3/4,5,13.8,37.4,3-4-3-3,栗東 森田,444,-6,
202609020402,2026-04-05,阪神,2,3歳未勝利,ダ,1800,右,晴,重,"2回 阪神 4日目 サラ系３歳 未勝利       (混)[指] 馬齢 13頭 本賞金:590,240,150,89,59万円",13,590.0,7,7,10,サイモンゴージャス,牡,3,57.0,秋山稔,114.2,1/2,8,72.6,36.8,11-11-10-10,栗東 高橋一,508,-2,
202609020402,2026-04-05,阪神,2,3歳未勝利,ダ,1800,右,晴,重,"2回 阪神 4日目 サラ系３歳 未勝利       (混)[指] 馬齢 13頭 本賞金:590,240,150,89,59万円",13,590.0,8,8,12,レヴロード,牡,3,54.0,▲和田陽,114.4,1.1/2,10,101.6,37.6,5-4-3-3,栗東 畑端,476,-8,
202609020402,2026-04-05,阪神,2,3歳未勝利,ダ,1800,右,晴,重,"2回 阪神 4日目 サラ系３歳 未勝利       (混)[指] 馬齢 13頭 本賞金:590,240,150,89,59万円",13,590.0,9,7,11,キタノアンドレイ,牡,3,57.0,古川吉,114.6,1.1/4,6,15.7,37.5,7-8-7-7,栗東 秋山,428,-10,
202609020402,2026-04-05,阪神,2,3歳未勝利,ダ,1800,右,晴,重,"2回 阪神 4日目 サラ系３歳 未勝利       (混)[指] 馬齢 13頭 本賞金:590,240,150,89,59万円",13,590.0,10,4,5,グンバイ,牡,3,54.0,▲田山,114.6,アタマ,7,34.1,37.5,8-8-7-7,栗東 高橋一,476,-2,
202609020402,2026-04-05,阪神,2,3歳未勝利,ダ,1800,右,晴,重,"2回 阪神 4日目 サラ系３歳 未勝利       (混)[指] 馬齢 13頭 本賞金:590,240,150,89,59万円",13,590.0,11,6,9,キングジェネシス,牡,3,57.0,団野,116.4,大,4,8.4,38.5,8-10-11-11,栗東 四位,470,0,
202609020402,2026-04-05,阪神,2,3歳未勝利,ダ,1800,右,晴,重,"2回 阪神 4日目 サラ系３歳 未勝利       (混)[指] 馬齢 13頭 本賞金:590,240,150,89,59万円",13,590.0,12,2,2,ヒロノフウジン,牡,3,54.0,▲川端,116.8,2,12,177.6,38.9,11-12-11-11,栗東 宮本,510,4,
202609020402,2026-04-05,阪神,2,3歳未勝利,ダ,1800,右,晴,重,"2回 阪神 4日目 サラ系３歳 未勝利       (混)[指] 馬齢 13頭 本賞金:590,240,150,89,59万円",13,590.0,,5,7,アウトリュコス,牡,3,57.0,北村友,,,,,,,栗東 安田,520,6,除外
202609020403,2026-04-05,阪神,3,3歳未勝利,ダ,1200,右,晴,重,"2回 阪神 4日目 サラ系３歳 未勝利       [指] 馬齢 16頭 本賞金:590,240,150,89,59万円",16,590.0,1,8,15,ゴーイングムーン,牝,3,55.0,高杉,71.0,,12,98.4,35.8,4-2,栗東 千田,478,0,
202609020403,2026-04-05,阪神,3,3歳未勝利,ダ,1200,右,晴,重,"2回 阪神 4日目 サラ系３歳 未勝利       [指] 馬齢 16頭 本賞金:590,240,150,89,59万円",16,590.0,2,6,12,グレイトソン,牡,3,54.0,▲和田陽,71.3,1.1/2,6,10.8,36.5,1-1,栗東 鈴木孝,460,0,
202609020403,2026-04-05,阪神,3,3歳未勝利,ダ,1200,右,晴,重,"2回 阪神 4日目 サラ系３歳 未勝利       [指] 馬齢 16頭 本賞金:590,240,150,89,59万円",16,590.0,3,7,13,アルムアポジェ,牝,3,55.0,秋山稔,71.8,3.1/2,3,6.1,36.8,2-2,栗東 北出,474,-2,
202609020403,2026-04-05,阪神,3,3歳未勝利,ダ,1200,右,晴,重,"2回 阪神 4日目 サラ系３歳 未勝利       [指] 馬齢 16頭 本賞金:590,240,150,89,59万円",16,590.0,4,5,10,キャッチアシーフ,牡,3,57.0,岩田望,71.9,アタマ,1,2.3,36.6,5-4,栗東 佐藤悠,520,0,
202609020403,2026-04-05,阪神,3,3歳未勝利,ダ,1200,右,晴,重,"2回 阪神 4日目 サラ系３歳 未勝利       [指] 馬齢 16頭 本賞金:590,240,150,89,59万円",16,590.0,5,3,6,マスターストーン,牡,3,57.0,北村友,72.2,1.3/4,5,10.8,36.4,12-10,栗東 前川,560,-2,
202609020403,2026-04-05,阪神,3,3歳未勝利,ダ,1200,右,晴,重,"2回 阪神 4日目 サラ系３歳 未勝利       [指] 馬齢 16頭 本賞金:590,240,150,89,59万円",16,590.0,6,2,4,クロボタン,牝,3,52.0,▲田山,72.2,クビ,13,113.5,36.6,8-8,栗東 岡田,434,6,
202609020403,2026-04-05,阪神,3,3歳未勝利,ダ,1200,右,晴,重,"2回 阪神 4日目 サラ系３歳 未勝利       [指] 馬齢 16頭 本賞金:590,240,150,89,59万円",16,590.0,7,4,8,モズオサキニ,牝,3,55.0,鮫島駿,72.3,3/4,8,34.1,36.3,12-12,栗東 杉山佳,444,-2,
202609020403,2026-04-05,阪神,3,3歳未勝利,ダ,1200,右,晴,重,"2回 阪神 4日目 サラ系３歳 未勝利       [指] 馬齢 16頭 本賞金:590,240,150,89,59万円",16,590.0,8,6,11,ジュエルサンライズ,牝,3,55.0,斎藤,72.5,1,11,78.0,37.5,2-4,栗東 東田,476,-2,
202609020403,2026-04-05,阪神,3,3歳未勝利,ダ,1200,右,晴,重,"2回 阪神 4日目 サラ系３歳 未勝利       [指] 馬齢 16頭 本賞金:590,240,150,89,59万円",16,590.0,9,3,5,レジーナテンペスタ,牝,3,55.0,西塚,72.6,3/4,7,28.9,37.3,5-6,栗東 前川,480,3,
202609020403,2026-04-05,阪神,3,3歳未勝利,ダ,1200,右,晴,重,"2回 阪神 4日目 サラ系３歳 未勝利       [指] 馬齢 16頭 本賞金:590,240,150,89,59万円",16,590.0,10,4,7,アクアマイスター,牡,3,57.0,松若,72.6,ハナ,2,4.7,37.3,5-6,栗東 藤野,464,-2,
202609020403,2026-04-05,阪神,3,3歳未勝利,ダ,1200,右,晴,重,"2回 阪神 4日目 サラ系３歳 未勝利       [指] 馬齢 16頭 本賞金:590,240,150,89,59万円",16,590.0,11,7,14,リアルフォルツァ,セ,3,57.0,幸,73.6,6,10,55.4,37.4,15-12,栗東 大橋,488,-18,
202609020403,2026-04-05,阪神,3,3歳未勝利,ダ,1200,右,晴,重,"2回 阪神 4日目 サラ系３歳 未勝利       [指] 馬齢 16頭 本賞金:590,240,150,89,59万円",16,590.0,12,1,2,チェラブ,牝,3,55.0,藤懸,73.8,1,15,296.7,37.3,16-15,栗東 平田,436,-6,
202609020403,2026-04-05,阪神,3,3歳未勝利,ダ,1200,右,晴,重,"2回 阪神 4日目 サラ系３歳 未勝利       [指] 馬齢 16頭 本賞金:590,240,150,89,59万円",16,590.0,13,2,3,キタノレクレドール,牝,3,52.0,▲大久保,74.1,2,16,304.2,38.5,8-10,栗東 吉田,416,0,
202609020403,2026-04-05,阪神,3,3歳未勝利,ダ,1200,右,晴,重,"2回 阪神 4日目 サラ系３歳 未勝利       [指] 馬齢 16頭 本賞金:590,240,150,89,59万円",16,590.0,14,8,16,シオミン,牝,3,53.0,◇今村,74.5,2.1/2,4,9.4,38.8,11-8,栗東 寺島,428,-6,
202609020403,2026-04-05,阪神,3,3歳未勝利,ダ,1200,右,晴,重,"2回 阪神 4日目 サラ系３歳 未勝利       [指] 馬齢 16頭 本賞金:590,240,150,89,59万円",16,590.0,15,5,9,ナムラオーレ,牝,3,53.0,△柴田裕,74.6,アタマ,14,207.2,38.4,14-15,栗東 中竹,520,-10,
202609020403,2026-04-05,阪神,3,3歳未勝利,ダ,1200,右,晴,重,"2回 阪神 4日目 サラ系３歳 未勝利       [指] 馬齢 16頭 本賞金:590,240,150,89,59万円",16,590.0,16,1,1,ボールドペイト,牡,3,57.0,太宰,75.4,5,9,36.7,39.6,8-14,栗東 千田,534,-2,
202609020404,2026-04-05,阪神,4,3歳未勝利,芝,2400,右,晴,稍,"2回 阪神 4日目 サラ系３歳 未勝利       [指] 馬齢 15頭 本賞金:590,240,150,89,59万円",15,590.0,1,6,11,カモンメーン,牡,3,57.0,坂井,146.4,,2,3.2,35.1,4-5-4-2,栗東 杉山晴,482,-4,
202609020404,2026-04-05,阪神,4,3歳未勝利,芝,2400,右,晴,稍,"2回 阪神 4日目 サラ系３歳 未勝利       [指] 馬齢 15頭 本賞金:590,240,150,89,59万円",15,590.0,2,1,1,ドリームプレミア,牡,3,57.0,岩田望,146.9,3,4,12.1,35.0,12-11-10-8,栗東 友道,490,2,
202609020404,2026-04-05,阪神,4,3歳未勝利,芝,2400,右,晴,稍,"2回 阪神 4日目 サラ系３歳 未勝利       [指] 馬齢 15頭 本賞金:590,240,150,89,59万円",15,590.0,3,3,5,デルマフジ,牡,3,57.0,ルメー,147.2,1.3/4,1,2.5,35.7,6-6-6-3,栗東 武幸,466,0,
202609020404,2026-04-05,阪神,4,3歳未勝利,芝,2400,右,晴,稍,"2回 阪神 4日目 サラ系３歳 未勝利       [指] 馬齢 15頭 本賞金:590,240,150,89,59万円",15,590.0,4,3,4,パーヴォ,牡,3,57.0,松山,147.4,1.1/4,3,4.4,34.9,14-13-13-14,栗東 吉田,444,-4,
202609020404,2026-04-05,阪神,4,3歳未勝利,芝,2400,右,晴,稍,"2回 阪神 4日目 サラ系３歳 未勝利       [指] 馬齢 15頭 本賞金:590,240,150,89,59万円",15,590.0,5,4,7,スウィーティーベル,牝,3,55.0,団野,147.8,2.1/2,10,90.4,36.1,7-7-9-5,栗東 田中克,398,-8,
202609020404,2026-04-05,阪神,4,3歳未勝利,芝,2400,右,晴,稍,"2回 阪神 4日目 サラ系３歳 未勝利       [指] 馬齢 15頭 本賞金:590,240,150,89,59万円",15,590.0,6,4,6,レイワノキセキ,牡,3,54.0,▲田山,148.4,3.1/2,5,16.2,37.0,9-9-6-3,栗東 本田,464,-4,
202609020404,2026-04-05,阪神,4,3歳未勝利,芝,2400,右,晴,稍,"2回 阪神 4日目 サラ系３歳 未勝利       [指] 馬齢 15頭 本賞金:590,240,150,89,59万円",15,590.0,7,6,10,アイゼンハイム,牡,3,57.0,鮫島駿,148.7,2,7,31.5,36.4,14-15-13-12,栗東 辻野,442,0,
202609020404,2026-04-05,阪神,4,3歳未勝利,芝,2400,右,晴,稍,"2回 阪神 4日目 サラ系３歳 未勝利       [指] 馬齢 15頭 本賞金:590,240,150,89,59万円",15,590.0,8,7,12,カパルア,牡,3,57.0,太宰,149.4,4,9,37.1,38.5,1-1-1-1,栗東 松永幹,540,0,
202609020404,2026-04-05,阪神,4,3歳未勝利,芝,2400,右,晴,稍,"2回 阪神 4日目 サラ系３歳 未勝利       [指] 馬齢 15頭 本賞金:590,240,150,89,59万円",15,590.0,9,2,3,サトノトリニティ,牡,3,57.0,高杉,149.7,2,6,16.6,36.7,10-12-15-15,栗東 池江,488,-4,
202609020404,2026-04-05,阪神,4,3歳未勝利,芝,2400,右,晴,稍,"2回 阪神 4日目 サラ系３歳 未勝利       [指] 馬齢 15頭 本賞金:590,240,150,89,59万円",15,590.0,10,2,2,モズノシアワセ,牝,3,52.0,▲森田,149.8,クビ,15,248.8,37.5,10-10-11-12,栗東 森田,446,-2,
202609020404,2026-04-05,阪神,4,3歳未勝利,芝,2400,右,晴,稍,"2回 阪神 4日目 サラ系３歳 未勝利       [指] 馬齢 15頭 本賞金:590,240,150,89,59万円",15,590.0,11,5,9,フクチャンブラック,牡,3,57.0,池添,149.8,クビ,8,36.2,37.7,13-13-11-11,栗東 高橋康,472,-4,
202609020404,2026-04-05,阪神,4,3歳未勝利,芝,2400,右,晴,稍,"2回 阪神 4日目 サラ系３歳 未勝利       [指] 馬齢 15頭 本賞金:590,240,150,89,59万円",15,590.0,12,5,8,ショウナンアンバー,牡,3,57.0,吉村,150.5,4,13,197.9,38.5,8-7-6-10,栗東 清水久,442,-6,
202609020404,2026-04-05,阪神,4,3歳未勝利,芝,2400,右,晴,稍,"2回 阪神 4日目 サラ系３歳 未勝利       [指] 馬齢 15頭 本賞金:590,240,150,89,59万円",15,590.0,13,7,13,ツーエムアスリート,牡,3,57.0,松若,151.3,5,11,110.8,39.4,4-4-4-8,栗東 東田,510,8,
202609020404,2026-04-05,阪神,4,3歳未勝利,芝,2400,右,晴,稍,"2回 阪神 4日目 サラ系３歳 未勝利       [指] 馬齢 15頭 本賞金:590,240,150,89,59万円",15,590.0,14,8,15,ニテンイチリュウ,牡,3,57.0,田口,154.0,大,14,198.3,42.3,2-3-3-5,栗東 高橋康,486,0,
202609020404,2026-04-05,阪神,4,3歳未勝利,芝,2400,右,晴,稍,"2回 阪神 4日目 サラ系３歳 未勝利       [指] 馬齢 15頭 本賞金:590,240,150,89,59万円",15,590.0,15,8,14,オドワローズ,牝,3,55.0,西村淳,155.0,6,12,118.5,43.4,2-2-2-5,栗東 渡辺,440,-6,
202609020405,2026-04-05,阪神,5,3歳1勝クラス,ダ,1800,右,晴,重,"2回 阪神 4日目 サラ系３歳 １勝クラス       (混)[指] 馬齢 13頭 本賞金:820,330,210,120,82万円",13,820.0,1,8,12,シルバーレシオ,牡,3,57.0,岩田望,110.2,,1,2.5,35.1,11-11-9-9,栗東 野中,510,2,
202609020405,2026-04-05,阪神,5,3歳1勝クラス,ダ,1800,右,晴,重,"2回 阪神 4日目 サラ系３歳 １勝クラス       (混)[指] 馬齢 13頭 本賞金:820,330,210,120,82万円",13,820.0,2,8,13,チェリヴェント,牡,3,57.0,吉村,110.2,クビ,7,33.8,36.1,2-2-2-2,栗東 清水久,502,0,
202609020405,2026-04-05,阪神,5,3歳1勝クラス,ダ,1800,右,晴,重,"2回 阪神 4日目 サラ系３歳 １勝クラス       (混)[指] 馬齢 13頭 本賞金:820,330,210,120,82万円",13,820.0,3,7,10,スカイストライプス,牡,3,57.0,ルメー,110.6,2.1/2,2,3.6,35.7,6-6-6-5,栗東 安田,494,-4,
202609020405,2026-04-05,阪神,5,3歳1勝クラス,ダ,1800,右,晴,重,"2回 阪神 4日目 サラ系３歳 １勝クラス       (混)[指] 馬齢 13頭 本賞金:820,330,210,120,82万円",13,820.0,4,3,3,ヴォーカライズ,牡,3,57.0,西村淳,110.9,1.3/4,3,6.2,35.9,6-7-8-7,栗東 高野,488,-2,
202609020405,2026-04-05,阪神,5,3歳1勝クラス,ダ,1800,右,晴,重,"2回 阪神 4日目 サラ系３歳 １勝クラス       (混)[指] 馬齢 13頭 本賞金:820,330,210,120,82万円",13,820.0,5,6,8,ケイアイアマゾン,牡,3,57.0,中井,111.2,1.1/2,13,110.5,36.8,3-3-3-3,栗東 秋山,470,-10,
202609020405,2026-04-05,阪神,5,3歳1勝クラス,ダ,1800,右,晴,重,"2回 阪神 4日目 サラ系３歳 １勝クラス       (混)[指] 馬齢 13頭 本賞金:820,330,210,120,82万円",13,820.0,6,2,2,アスクチャンスマン,牡,3,57.0,岩田康,111.3,1,4,8.9,35.8,12-12-13-12,栗東 梅田,444,2,
202609020405,2026-04-05,阪神,5,3歳1勝クラス,ダ,1800,右,晴,重,"2回 阪神 4日目 サラ系３歳 １勝クラス       (混)[指] 馬齢 13頭 本賞金:820,330,210,120,82万円",13,820.0,7,5,6,ドメイン,牡,3,57.0,松若,111.5,1,12,66.0,37.5,1-1-1-1,栗東 松下,494,-6,
202609020405,2026-04-05,阪神,5,3歳1勝クラス,ダ,1800,右,晴,重,"2回 阪神 4日目 サラ系３歳 １勝クラス       (混)[指] 馬齢 13頭 本賞金:820,330,210,120,82万円",13,820.0,8,4,4,ルファーダ,牡,3,57.0,幸,111.7,1,10,58.0,36.4,12-12-11-11,栗東 大根田,500,-10,
202609020405,2026-04-05,阪神,5,3歳1勝クラス,ダ,1800,右,晴,重,"2回 阪神 4日目 サラ系３歳 １勝クラス       (混)[指] 馬齢 13頭 本賞金:820,330,210,120,82万円",13,820.0,9,5,7,タイセイジェイド,牡,3,57.0,坂井,111.7,クビ,8,40.6,36.6,8-9-9-9,栗東 矢作,494,-10,
202609020405,2026-04-05,阪神,5,3歳1勝クラス,ダ,1800,右,晴,重,"2回 阪神 4日目 サラ系３歳 １勝クラス       (混)[指] 馬齢 13頭 本賞金:820,330,210,120,82万円",13,820.0,10,4,5,ブリッジエフェクト,牡,3,57.0,斎藤,112.1,2.1/2,5,8.9,37.7,3-3-3-3,美浦 斎藤誠,540,-4,
202609020405,2026-04-05,阪神,5,3歳1勝クラス,ダ,1800,右,晴,重,"2回 阪神 4日目 サラ系３歳 １勝クラス       (混)[指] 馬齢 13頭 本賞金:820,330,210,120,82万円",13,820.0,11,1,1,クイノールト,牡,3,57.0,鮫島駿,112.1,ハナ,11,65.8,37.4,8-7-6-5,栗東 橋口,468,-2,
202609020405,2026-04-05,阪神,5,3歳1勝クラス,ダ,1800,右,晴,重,"2回 阪神 4日目 サラ系３歳 １勝クラス       (混)[指] 馬齢 13頭 本賞金:820,330,210,120,82万円",13,820.0,12,6,9,セルジュバローズ,牡,3,57.0,川田,113.8,10,6,16.0,39.1,3-3-3-7,栗東 池江,502,-2,
202609020405,2026-04-05,阪神,5,3歳1勝クラス,ダ,1800,右,晴,重,"2回 阪神 4日目 サラ系３歳 １勝クラス       (混)[指] 馬齢 13頭 本賞金:820,330,210,120,82万円",13,820.0,13,7,11,アーサーバローズ,牡,3,57.0,高杉,115.1,8,9,49.0,39.7,8-9-11-13,栗東 寺島,490,-2,
202609020406,2026-04-05,阪神,6,4歳以上1勝クラス,芝,2000,右,晴,稍,"2回 阪神 4日目 サラ系４歳以上 １勝クラス       (混)[指] 定量 9頭 本賞金:820,330,210,120,82万円",9,820.0,1,3,3,エボルヴィング,牡,5,58.0,ルメー,119.6,,1,3.7,35.7,4-4-4-4,栗東 藤原,466,16,
202609020406,2026-04-05,阪神,6,4歳以上1勝クラス,芝,2000,右,晴,稍,"2回 阪神 4日目 サラ系４歳以上 １勝クラス       (混)[指] 定量 9頭 本賞金:820,330,210,120,82万円",9,820.0,2,1,1,ドウアドバンテージ,牡,5,58.0,浜中,119.7,クビ,4,5.6,35.7,5-5-5-4,栗東 四位,494,8,
202609020406,2026-04-05,阪神,6,4歳以上1勝クラス,芝,2000,右,晴,稍,"2回 阪神 4日目 サラ系４歳以上 １勝クラス       (混)[指] 定量 9頭 本賞金:820,330,210,120,82万円",9,820.0,3,8,8,ドルチェリターン,牡,4,58.0,団野,120.0,2,2,4.2,35.8,5-6-7-8,栗東 前川,472,4,
202609020406,2026-04-05,阪神,6,4歳以上1勝クラス,芝,2000,右,晴,稍,"2回 阪神 4日目 サラ系４歳以上 １勝クラス       (混)[指] 定量 9頭 本賞金:820,330,210,120,82万円",9,820.0,4,2,2,ウインポセイドン,牡,4,58.0,松若,120.1,クビ,7,12.4,35.9,9-8-7-6,栗東 奥村豊,486,-4,
202609020406,2026-04-05,阪神,6,4歳以上1勝クラス,芝,2000,右,晴,稍,"2回 阪神 4日目 サラ系４歳以上 １勝クラス       (混)[指] 定量 9頭 本賞金:820,330,210,120,82万円",9,820.0,5,5,5,デルシエロ,牡,5,58.0,吉村,120.9,5,5,6.0,36.8,7-7-5-6,栗東 清水久,426,0,
202609020406,2026-04-05,阪神,6,4歳以上1勝クラス,芝,2000,右,晴,稍,"2回 阪神 4日目 サラ系４歳以上 １勝クラス       (混)[指] 定量 9頭 本賞金:820,330,210,120,82万円",9,820.0,6,8,9,ハルフロンティア,牡,4,55.0,▲和田陽,121.1,1,3,5.6,37.5,2-2-2-2,栗東 池添,508,-2,
202609020406,2026-04-05,阪神,6,4歳以上1勝クラス,芝,2000,右,晴,稍,"2回 阪神 4日目 サラ系４歳以上 １勝クラス       (混)[指] 定量 9頭 本賞金:820,330,210,120,82万円",9,820.0,7,7,7,ロックウイズユー,セ,4,56.0,◇永島,121.7,4,8,33.4,37.1,8-8-9-9,栗東 橋田,452,2,
202609020406,2026-04-05,阪神,6,4歳以上1勝クラス,芝,2000,右,晴,稍,"2回 阪神 4日目 サラ系４歳以上 １勝クラス       (混)[指] 定量 9頭 本賞金:820,330,210,120,82万円",9,820.0,8,4,4,バニーラビット,牡,4,55.0,▲森田,122.3,3.1/2,6,9.1,38.7,2-2-2-2,栗東 武幸,502,18,
202609020406,2026-04-05,阪神,6,4歳以上1勝クラス,芝,2000,右,晴,稍,"2回 阪神 4日目 サラ系４歳以上 １勝クラス       (混)[指] 定量 9頭 本賞金:820,330,210,120,82万円",9,820.0,9,6,6,アスクアメージモア,牡,5,56.0,◇古川奈,124.2,大,9,79.7,40.7,1-1-1-1,栗東 前川,484,0,
202609020407,2026-04-05,阪神,7,4歳以上2勝クラス,ダ,1800,右,晴,重,"2回 阪神 4日目 サラ系４歳以上 ２勝クラス       [指] 定量 15頭 本賞金:1190,480,300,180,119万円",15,1190.0,1,7,13,マテンロウブレイブ,牡,4,58.0,横山典,110.2,,1,3.3,35.2,15-15-15-15,栗東 高橋亮,488,0,
202609020407,2026-04-05,阪神,7,4歳以上2勝クラス,ダ,1800,右,晴,重,"2回 阪神 4日目 サラ系４歳以上 ２勝クラス       [指] 定量 15頭 本賞金:1190,480,300,180,119万円",15,1190.0,2,4,6,ワイドクリーガー,牡,4,58.0,高杉,110.7,2.1/2,10,38.2,36.7,4-5-5-4,栗東 奥村豊,476,0,
202609020407,2026-04-05,阪神,7,4歳以上2勝クラス,ダ,1800,右,晴,重,"2回 阪神 4日目 サラ系４歳以上 ２勝クラス       [指] 定量 15頭 本賞金:1190,480,300,180,119万円",15,1190.0,3,2,3,ショーダンサー,牡,4,58.0,古川吉,110.8,3/4,4,10.4,36.9,9-7-5-4,栗東 大根田,440,-2,
202609020407,2026-04-05,阪神,7,4歳以上2勝クラス,ダ,1800,右,晴,重,"2回 阪神 4日目 サラ系４歳以上 ２勝クラス       [指] 定量 15頭 本賞金:1190,480,300,180,119万円",15,1190.0,4,5,8,ライノ,セ,4,58.0,西村淳,110.9,クビ,3,4.1,36.5,9-11-13-9,栗東 高野,522,4,
202609020407,2026-04-05,阪神,7,4歳以上2勝クラス,ダ,1800,右,晴,重,"2回 阪神 4日目 サラ系４歳以上 ２勝クラス       [指] 定量 15頭 本賞金:1190,480,300,180,119万円",15,1190.0,5,3,5,バトンインディ,牡,5,58.0,幸,111.0,3/4,5,13.6,37.9,1-1-1-1,栗東 安達,468,0,
202609020407,2026-04-05,阪神,7,4歳以上2勝クラス,ダ,1800,右,晴,重,"2回 阪神 4日目 サラ系４歳以上 ２勝クラス       [指] 定量 15頭 本賞金:1190,480,300,180,119万円",15,1190.0,6,1,1,メイショウオオコ,牡,5,58.0,吉田隼,111.3,2,11,39.9,36.9,12-11-12-12,栗東 荒川,476,-2,
202609020407,2026-04-05,阪神,7,4歳以上2勝クラス,ダ,1800,右,晴,重,"2回 阪神 4日目 サラ系４歳以上 ２勝クラス       [指] 定量 15頭 本賞金:1190,480,300,180,119万円",15,1190.0,7,6,11,アラナコア,牡,5,58.0,菱田,111.4,クビ,2,4.0,37.1,8-7-8-7,栗東 田中克,502,-2,
202609020407,2026-04-05,阪神,7,4歳以上2勝クラス,ダ,1800,右,晴,重,"2回 阪神 4日目 サラ系４歳以上 ２勝クラス       [指] 定量 15頭 本賞金:1190,480,300,180,119万円",15,1190.0,8,4,7,トゥルブレンシア,セ,9,58.0,団野,111.4,ハナ,15,92.8,37.2,12-10-8-9,栗東 東田,468,2,
202609020407,2026-04-05,阪神,7,4歳以上2勝クラス,ダ,1800,右,晴,重,"2回 阪神 4日目 サラ系４歳以上 ２勝クラス       [指] 定量 15頭 本賞金:1190,480,300,180,119万円",15,1190.0,9,8,14,レッドリベルタ,牡,5,58.0,田口,111.8,2.1/2,9,34.9,37.6,9-11-8-7,栗東 庄野,458,-2,
202609020407,2026-04-05,阪神,7,4歳以上2勝クラス,ダ,1800,右,晴,重,"2回 阪神 4日目 サラ系４歳以上 ２勝クラス       [指] 定量 15頭 本賞金:1190,480,300,180,119万円",15,1190.0,10,2,2,スーパージョック,牡,4,58.0,武豊,112.1,2,7,20.9,38.4,4-3-3-3,栗東 橋田,500,-2,
202609020407,2026-04-05,阪神,7,4歳以上2勝クラス,ダ,1800,右,晴,重,"2回 阪神 4日目 サラ系４歳以上 ２勝クラス       [指] 定量 15頭 本賞金:1190,480,300,180,119万円",15,1190.0,11,8,15,モモンウールー,牝,5,53.0,▲田山,112.1,クビ,8,23.6,37.7,7-7-8-12,栗東 池添,478,4,
202609020407,2026-04-05,阪神,7,4歳以上2勝クラス,ダ,1800,右,晴,重,"2回 阪神 4日目 サラ系４歳以上 ２勝クラス       [指] 定量 15頭 本賞金:1190,480,300,180,119万円",15,1190.0,12,6,10,ナグルファル,牡,4,55.0,▲和田陽,113.0,5,6,14.6,38.4,14-14-13-12,栗東 杉山晴,522,4,
202609020407,2026-04-05,阪神,7,4歳以上2勝クラス,ダ,1800,右,晴,重,"2回 阪神 4日目 サラ系４歳以上 ２勝クラス       [指] 定量 15頭 本賞金:1190,480,300,180,119万円",15,1190.0,13,5,9,アオイミモザ,セ,5,58.0,浜中,113.2,1,12,48.7,39.9,2-2-2-2,栗東 佐藤悠,502,4,
202609020407,2026-04-05,阪神,7,4歳以上2勝クラス,ダ,1800,右,晴,重,"2回 阪神 4日目 サラ系４歳以上 ２勝クラス       [指] 定量 15頭 本賞金:1190,480,300,180,119万円",15,1190.0,14,3,4,リアド,牡,7,58.0,坂井,113.2,アタマ,13,54.2,39.1,4-5-5-9,栗東 小椋,490,10,
202609020407,2026-04-05,阪神,7,4歳以上2勝クラス,ダ,1800,右,晴,重,"2回 阪神 4日目 サラ系４歳以上 ２勝クラス       [指] 定量 15頭 本賞金:1190,480,300,180,119万円",15,1190.0,15,7,12,テーオーレガシー,牡,6,55.0,▲森田,113.4,1.1/4,14,69.9,39.6,2-3-3-4,栗東 宮,534,-6,
202609020408,2026-04-05,阪神,8,4歳以上2勝クラス,芝,1800,右,晴,稍,"2回 阪神 4日目 サラ系４歳以上 ２勝クラス       (混)[指] 定量 11頭 本賞金:1190,480,300,180,119万円",11,1190.0,1,4,4,モアリジット,牡,5,56.0,◇古川奈,106.7,,6,15.5,34.6,1-1,栗東 西村,502,2,
202609020408,2026-04-05,阪神,8,4歳以上2勝クラス,芝,1800,右,晴,稍,"2回 阪神 4日目 サラ系４歳以上 ２勝クラス       (混)[指] 定量 11頭 本賞金:1190,480,300,180,119万円",11,1190.0,2,3,3,マイネルフルムーン,牡,4,58.0,団野,106.7,1/2,4,11.7,33.7,6-7,栗東 吉田,474,-6,
202609020408,2026-04-05,阪神,8,4歳以上2勝クラス,芝,1800,右,晴,稍,"2回 阪神 4日目 サラ系４歳以上 ２勝クラス       (混)[指] 定量 11頭 本賞金:1190,480,300,180,119万円",11,1190.0,3,1,1,オメガインペリアル,牡,5,58.0,坂井,106.8,アタマ,5,13.4,33.9,6-6,栗東 安田,474,0,
202609020408,2026-04-05,阪神,8,4歳以上2勝クラス,芝,1800,右,晴,稍,"2回 阪神 4日目 サラ系４歳以上 ２勝クラス       (混)[指] 定量 11頭 本賞金:1190,480,300,180,119万円",11,1190.0,4,7,9,フェアリーライク,牝,4,56.0,武豊,106.8,クビ,3,3.4,33.0,11-11,栗東 笹田,468,2,
202609020408,2026-04-05,阪神,8,4歳以上2勝クラス,芝,1800,右,晴,稍,"2回 阪神 4日目 サラ系４歳以上 ２勝クラス       (混)[指] 定量 11頭 本賞金:1190,480,300,180,119万円",11,1190.0,5,8,10,ホウオウトランプ,牡,5,58.0,ルメー,106.8,クビ,2,3.2,34.5,2-2,栗東 池江,528,2,
202609020408,2026-04-05,阪神,8,4歳以上2勝クラス,芝,1800,右,晴,稍,"2回 阪神 4日目 サラ系４歳以上 ２勝クラス       (混)[指] 定量 11頭 本賞金:1190,480,300,180,119万円",11,1190.0,6,2,2,ジーティーマン,牡,4,58.0,北村友,107.0,1,1,2.9,33.9,8-7,栗東 小栗,506,0,
202609020408,2026-04-05,阪神,8,4歳以上2勝クラス,芝,1800,右,晴,稍,"2回 阪神 4日目 サラ系４歳以上 ２勝クラス       (混)[指] 定量 11頭 本賞金:1190,480,300,180,119万円",11,1190.0,7,6,6,レッドバレンティア,牡,6,58.0,岩田康,107.1,3/4,10,118.1,34.5,4-4,美浦 矢嶋,460,-8,
202609020408,2026-04-05,阪神,8,4歳以上2勝クラス,芝,1800,右,晴,稍,"2回 阪神 4日目 サラ系４歳以上 ２勝クラス       (混)[指] 定量 11頭 本賞金:1190,480,300,180,119万円",11,1190.0,8,7,8,アスクエピソード,牡,6,58.0,国分優,107.9,5,8,75.8,34.6,8-9,栗東 坂口,474,0,
202609020408,2026-04-05,阪神,8,4歳以上2勝クラス,芝,1800,右,晴,稍,"2回 阪神 4日目 サラ系４歳以上 ２勝クラス       (混)[指] 定量 11頭 本賞金:1190,480,300,180,119万円",11,1190.0,9,5,5,ツーエムクロノス,牡,4,58.0,酒井,107.9,ハナ,7,19.7,35.2,4-4,栗東 本田,510,-2,
202609020408,2026-04-05,阪神,8,4歳以上2勝クラス,芝,1800,右,晴,稍,"2回 阪神 4日目 サラ系４歳以上 ２勝クラス       (混)[指] 定量 11頭 本賞金:1190,480,300,180,119万円",11,1190.0,10,8,11,コスモスプモーニ,牡,6,58.0,斎藤,108.2,1.1/2,11,136.5,35.8,3-2,美浦 松山,484,0,
202609020408,2026-04-05,阪神,8,4歳以上2勝クラス,芝,1800,右,晴,稍,"2回 阪神 4日目 サラ系４歳以上 ２勝クラス       (混)[指] 定量 11頭 本賞金:1190,480,300,180,119万円",11,1190.0,11,6,7,ハイディージェン,セ,5,58.0,鮫島駿,109.0,5,9,104.1,35.5,10-10,栗東 森田,480,-14,
202609020409,2026-04-05,阪神,9,バイオレットS,ダ,1400,右,晴,重,"2回 阪神 4日目 サラ系３歳 オープン       (国際)(特指) 別定 12頭 本賞金:1900,760,480,290,190万円",12,1900.0,1,5,6,エコロレーヴ,牡,3,57.0,団野,82.5,,4,9.9,35.8,1-1,栗東 森秀,504,-6,
202609020409,2026-04-05,阪神,9,バイオレットS,ダ,1400,右,晴,重,"2回 阪神 4日目 サラ系３歳 オープン       (国際)(特指) 別定 12頭 本賞金:1900,760,480,290,190万円",12,1900.0,2,3,3,ビービークローサー,牡,3,57.0,坂井,82.6,1,7,14.6,34.7,11-9,栗東 野中,464,6,
202609020409,2026-04-05,阪神,9,バイオレットS,ダ,1400,右,晴,重,"2回 阪神 4日目 サラ系３歳 オープン       (国際)(特指) 別定 12頭 本賞金:1900,760,480,290,190万円",12,1900.0,3,2,2,マジッククッキー,牡,3,57.0,川田,82.8,1.1/2,1,2.7,35.2,8-6,美浦 加藤士,500,-6,
202609020409,2026-04-05,阪神,9,バイオレットS,ダ,1400,右,晴,重,"2回 阪神 4日目 サラ系３歳 オープン       (国際)(特指) 別定 12頭 本賞金:1900,760,480,290,190万円",12,1900.0,4,6,7,エブリーポッシブル,牝,3,55.0,岩田望,83.0,1,9,18.4,36.0,2-2,栗東 新谷,446,0,
202609020409,2026-04-05,阪神,9,バイオレットS,ダ,1400,右,晴,重,"2回 阪神 4日目 サラ系３歳 オープン       (国際)(特指) 別定 12頭 本賞金:1900,760,480,290,190万円",12,1900.0,5,7,10,ハグレジョー,牡,3,57.0,鮫島駿,83.3,1.3/4,8,17.4,35.8,5-6,栗東 岡田,498,2,
202609020409,2026-04-05,阪神,9,バイオレットS,ダ,1400,右,晴,重,"2回 阪神 4日目 サラ系３歳 オープン       (国際)(特指) 別定 12頭 本賞金:1900,760,480,290,190万円",12,1900.0,6,5,5,レッドスティンガー,牡,3,57.0,ルメー,83.3,クビ,3,9.9,36.0,5-4,美浦 矢嶋,454,-4,
202609020409,2026-04-05,阪神,9,バイオレットS,ダ,1400,右,晴,重,"2回 阪神 4日目 サラ系３歳 オープン       (国際)(特指) 別定 12頭 本賞金:1900,760,480,290,190万円",12,1900.0,7,4,4,テーオーグレーザー,牡,3,57.0,高杉,83.3,ハナ,5,10.9,36.2,3-2,栗東 藤岡健,494,-14,
202609020409,2026-04-05,阪神,9,バイオレットS,ダ,1400,右,晴,重,"2回 阪神 4日目 サラ系３歳 オープン       (国際)(特指) 別定 12頭 本賞金:1900,760,480,290,190万円",12,1900.0,8,8,11,メイショウカクウチ,牡,3,57.0,菱田,83.5,3/4,2,4.3,35.8,8-9,栗東 飯田,474,0,
202609020409,2026-04-05,阪神,9,バイオレットS,ダ,1400,右,晴,重,"2回 阪神 4日目 サラ系３歳 オープン       (国際)(特指) 別定 12頭 本賞金:1900,760,480,290,190万円",12,1900.0,9,1,1,ジャックナダル,牡,3,57.0,西村淳,83.5,アタマ,12,41.9,35.6,11-9,美浦 伊坂,518,-4,
202609020409,2026-04-05,阪神,9,バイオレットS,ダ,1400,右,晴,重,"2回 阪神 4日目 サラ系３歳 オープン       (国際)(特指) 別定 12頭 本賞金:1900,760,480,290,190万円",12,1900.0,10,7,9,ローズカリス,牝,3,55.0,田口,83.9,2.1/2,11,27.3,36.0,10-12,栗東 大橋,422,-6,
202609020409,2026-04-05,阪神,9,バイオレットS,ダ,1400,右,晴,重,"2回 阪神 4日目 サラ系３歳 オープン       (国際)(特指) 別定 12頭 本賞金:1900,760,480,290,190万円",12,1900.0,11,6,8,ルクスレイモンド,牡,3,57.0,武豊,84.1,1.1/4,10,27.1,36.9,3-4,美浦 上原佑,488,2,
202609020409,2026-04-05,阪神,9,バイオレットS,ダ,1400,右,晴,重,"2回 阪神 4日目 サラ系３歳 オープン       (国際)(特指) 別定 12頭 本賞金:1900,760,480,290,190万円",12,1900.0,12,8,12,サマーゲール,牡,3,57.0,松山,85.8,10,6,11.3,38.3,5-8,美浦 加藤士,524,-4,
202609020410,2026-04-05,阪神,10,心斎橋S,芝,1400,右,晴,良,"2回 阪神 4日目 サラ系４歳以上 ３勝クラス       (混)[指] ハンデ 18頭 本賞金:1870,750,470,280,187万円",18,1870.0,1,3,6,ミトノオルフェ,牡,4,56.0,ルメー,79.7,,2,4.1,34.1,11-11,栗東 前川,504,-6,
202609020410,2026-04-05,阪神,10,心斎橋S,芝,1400,右,晴,良,"2回 阪神 4日目 サラ系４歳以上 ３勝クラス       (混)[指] ハンデ 18頭 本賞金:1870,750,470,280,187万円",18,1870.0,2,1,2,スライビングロード,牝,4,56.0,岩田望,79.9,1.1/4,1,3.2,34.8,5-6,栗東 福永,476,8,
202609020410,2026-04-05,阪神,10,心斎橋S,芝,1400,右,晴,良,"2回 阪神 4日目 サラ系４歳以上 ３勝クラス       (混)[指] ハンデ 18頭 本賞金:1870,750,470,280,187万円",18,1870.0,3,7,13,スカイハイ,牡,5,57.0,吉村,80.0,3/4,3,6.0,34.7,8-6,栗東 清水久,550,12,
202609020410,2026-04-05,阪神,10,心斎橋S,芝,1400,右,晴,良,"2回 阪神 4日目 サラ系４歳以上 ３勝クラス       (混)[指] ハンデ 18頭 本賞金:1870,750,470,280,187万円",18,1870.0,4,4,8,エマヌエーレ,牡,6,56.0,幸,80.2,1.1/4,4,15.9,34.9,8-9,栗東 平田,514,-4,
202609020410,2026-04-05,阪神,10,心斎橋S,芝,1400,右,晴,良,"2回 阪神 4日目 サラ系４歳以上 ３勝クラス       (混)[指] ハンデ 18頭 本賞金:1870,750,470,280,187万円",18,1870.0,5,3,5,ウナギノボリ,牡,7,54.0,鮫島駿,80.2,ハナ,13,40.9,34.2,15-15,美浦 本間,482,2,
202609020410,2026-04-05,阪神,10,心斎橋S,芝,1400,右,晴,良,"2回 阪神 4日目 サラ系４歳以上 ３勝クラス       (混)[指] ハンデ 18頭 本賞金:1870,750,470,280,187万円",18,1870.0,6,1,1,エイムフォーエース,牡,5,54.0,酒井,80.5,1.1/2,7,17.5,34.5,16-15,美浦 武井,438,-2,
202609020410,2026-04-05,阪神,10,心斎橋S,芝,1400,右,晴,良,"2回 阪神 4日目 サラ系４歳以上 ３勝クラス       (混)[指] ハンデ 18頭 本賞金:1870,750,470,280,187万円",18,1870.0,7,5,10,スーサンアッシャー,牡,7,54.0,城戸,80.7,1.1/2,16,114.2,34.4,17-17,栗東 鈴木孝,472,0,
202609020410,2026-04-05,阪神,10,心斎橋S,芝,1400,右,晴,良,"2回 阪神 4日目 サラ系４歳以上 ３勝クラス       (混)[指] ハンデ 18頭 本賞金:1870,750,470,280,187万円",18,1870.0,8,4,7,サクセスアイ,牝,6,54.0,池添,80.8,3/4,8,18.1,35.5,10-9,栗東 北出,438,-10,
202609020410,2026-04-05,阪神,10,心斎橋S,芝,1400,右,晴,良,"2回 阪神 4日目 サラ系４歳以上 ３勝クラス       (混)[指] ハンデ 18頭 本賞金:1870,750,470,280,187万円",18,1870.0,9,7,15,メルトユアハート,牝,5,53.0,松若,80.8,ハナ,9,22.6,36.1,4-3,栗東 長谷川,504,-4,
202609020410,2026-04-05,阪神,10,心斎橋S,芝,1400,右,晴,良,"2回 阪神 4日目 サラ系４歳以上 ３勝クラス       (混)[指] ハンデ 18頭 本賞金:1870,750,470,280,187万円",18,1870.0,10,6,11,エアミアーニ,セ,8,53.0,西塚,80.9,アタマ,15,77.1,35.1,14-12,栗東 笹田,458,0,
202609020410,2026-04-05,阪神,10,心斎橋S,芝,1400,右,晴,良,"2回 阪神 4日目 サラ系４歳以上 ３勝クラス       (混)[指] ハンデ 18頭 本賞金:1870,750,470,280,187万円",18,1870.0,11,8,18,ミルテンベルク,牡,5,57.0,西村淳,80.9,アタマ,5,16.0,35.8,5-5,栗東 武英,494,6,
202609020410,2026-04-05,阪神,10,心斎橋S,芝,1400,右,晴,良,"2回 阪神 4日目 サラ系４歳以上 ３勝クラス       (混)[指] ハンデ 18頭 本賞金:1870,750,470,280,187万円",18,1870.0,12,2,4,スリリングチェイス,セ,6,54.0,亀田,81.0,クビ,12,27.8,36.6,1-2,栗東 渡辺,510,-4,
202609020410,2026-04-05,阪神,10,心斎橋S,芝,1400,右,晴,良,"2回 阪神 4日目 サラ系４歳以上 ３勝クラス       (混)[指] ハンデ 18頭 本賞金:1870,750,470,280,187万円",18,1870.0,13,6,12,ショウナンラスボス,牡,8,53.0,田口,81.1,1/2,18,144.5,35.4,12-12,美浦 奥村武,474,-8,
202609020410,2026-04-05,阪神,10,心斎橋S,芝,1400,右,晴,良,"2回 阪神 4日目 サラ系４歳以上 ３勝クラス       (混)[指] ハンデ 18頭 本賞金:1870,750,470,280,187万円",18,1870.0,14,8,17,サムハンター,牡,8,53.0,富田,81.1,ハナ,17,130.3,36.7,2-1,栗東 高橋康,494,-8,
202609020410,2026-04-05,阪神,10,心斎橋S,芝,1400,右,晴,良,"2回 阪神 4日目 サラ系４歳以上 ３勝クラス       (混)[指] ハンデ 18頭 本賞金:1870,750,470,280,187万円",18,1870.0,15,8,16,フォルテム,牡,4,55.0,吉田隼,81.1,クビ,11,24.8,36.5,3-3,美浦 千葉,482,-2,
202609020410,2026-04-05,阪神,10,心斎橋S,芝,1400,右,晴,良,"2回 阪神 4日目 サラ系４歳以上 ３勝クラス       (混)[指] ハンデ 18頭 本賞金:1870,750,470,280,187万円",18,1870.0,16,2,3,キャプテンシー,牡,5,56.0,松山,81.2,クビ,10,23.7,34.7,18-17,栗東 松永幹,482,8,
202609020410,2026-04-05,阪神,10,心斎橋S,芝,1400,右,晴,良,"2回 阪神 4日目 サラ系４歳以上 ３勝クラス       (混)[指] ハンデ 18頭 本賞金:1870,750,470,280,187万円",18,1870.0,17,5,9,ミストレス,牝,4,54.0,古川奈,81.2,クビ,14,61.0,35.5,13-12,栗東 矢作,476,-12,
202609020410,2026-04-05,阪神,10,心斎橋S,芝,1400,右,晴,良,"2回 阪神 4日目 サラ系４歳以上 ３勝クラス       (混)[指] ハンデ 18頭 本賞金:1870,750,470,280,187万円",18,1870.0,18,7,14,メイショウツヨキ,牡,4,55.0,武豊,83.1,大,6,16.6,38.0,5-6,栗東 飯田,482,2,
202609020411,2026-04-05,阪神,11,大阪杯,芝,2000,右,晴,良,"2回 阪神 4日目 サラ系４歳以上 オープン       (国際)(指) 定量 15頭 本賞金:30000,12000,7500,4500,3000万円",15,30000.0,1,8,15,クロワデュノール,牡,4,58.0,北村友,117.6,,1,2.5,34.9,8-8-6-4,栗東 斉藤崇,522,10,
202609020411,2026-04-05,阪神,11,大阪杯,芝,2000,右,晴,良,"2回 阪神 4日目 サラ系４歳以上 オープン       (国際)(指) 定量 15頭 本賞金:30000,12000,7500,4500,3000万円",15,30000.0,2,4,6,メイショウタバル,牡,5,58.0,武豊,117.7,3/4,3,4.8,35.6,1-1-1-1,栗東 石橋,500,-12,
202609020411,2026-04-05,阪神,11,大阪杯,芝,2000,右,晴,良,"2回 阪神 4日目 サラ系４歳以上 オープン       (国際)(指) 定量 15頭 本賞金:30000,12000,7500,4500,3000万円",15,30000.0,3,3,4,ダノンデサイル,牡,5,58.0,坂井,117.9,1,2,3.9,34.9,6-6-6-7,栗東 安田,516,2,
202609020411,2026-04-05,阪神,11,大阪杯,芝,2000,右,晴,良,"2回 阪神 4日目 サラ系４歳以上 オープン       (国際)(指) 定量 15頭 本賞金:30000,12000,7500,4500,3000万円",15,30000.0,4,8,14,タガノデュード,牡,5,58.0,古川吉,117.9,クビ,13,113.2,34.8,13-13-12-7,栗東 宮,500,2,
202609020411,2026-04-05,阪神,11,大阪杯,芝,2000,右,晴,良,"2回 阪神 4日目 サラ系４歳以上 オープン       (国際)(指) 定量 15頭 本賞金:30000,12000,7500,4500,3000万円",15,30000.0,5,2,3,セイウンハーデス,牡,7,58.0,幸,118.0,クビ,9,64.9,35.3,3-4-3-4,栗東 橋口,474,0,
202609020411,2026-04-05,阪神,11,大阪杯,芝,2000,右,晴,良,"2回 阪神 4日目 サラ系４歳以上 オープン       (国際)(指) 定量 15頭 本賞金:30000,12000,7500,4500,3000万円",15,30000.0,6,7,12,レーベンスティール,牡,6,58.0,ルメー,118.1,3/4,5,9.9,35.2,11-11-11-4,美浦 田中博,492,8,
202609020411,2026-04-05,阪神,11,大阪杯,芝,2000,右,晴,良,"2回 阪神 4日目 サラ系４歳以上 オープン       (国際)(指) 定量 15頭 本賞金:30000,12000,7500,4500,3000万円",15,30000.0,7,5,9,ヨーホーレイク,牡,8,58.0,西村淳,118.1,クビ,11,68.0,35.0,8-8-9-11,栗東 友道,530,2,
202609020411,2026-04-05,阪神,11,大阪杯,芝,2000,右,晴,良,"2回 阪神 4日目 サラ系４歳以上 オープン       (国際)(指) 定量 15頭 本賞金:30000,12000,7500,4500,3000万円",15,30000.0,8,6,11,デビットバローズ,セ,7,58.0,岩田望,118.3,1,8,58.9,35.4,6-6-6-7,栗東 上村,502,-12,
202609020411,2026-04-05,阪神,11,大阪杯,芝,2000,右,晴,良,"2回 阪神 4日目 サラ系４歳以上 オープン       (国際)(指) 定量 15頭 本賞金:30000,12000,7500,4500,3000万円",15,30000.0,9,6,10,ボルドグフーシュ,牡,7,58.0,松山,118.6,1.1/2,14,162.1,35.1,15-14-14-13,栗東 宮本,516,6,
202609020411,2026-04-05,阪神,11,大阪杯,芝,2000,右,晴,良,"2回 阪神 4日目 サラ系４歳以上 オープン       (国際)(指) 定量 15頭 本賞金:30000,12000,7500,4500,3000万円",15,30000.0,10,3,5,ショウヘイ,牡,4,58.0,川田,118.8,1.1/4,4,6.1,36.2,5-4-3-3,栗東 友道,476,6,
202609020411,2026-04-05,阪神,11,大阪杯,芝,2000,右,晴,良,"2回 阪神 4日目 サラ系４歳以上 オープン       (国際)(指) 定量 15頭 本賞金:30000,12000,7500,4500,3000万円",15,30000.0,11,2,2,マテンロウレオ,牡,7,58.0,横山典,118.9,3/4,10,66.7,35.7,12-12-12-12,栗東 昆,492,4,
202609020411,2026-04-05,阪神,11,大阪杯,芝,2000,右,晴,良,"2回 阪神 4日目 サラ系４歳以上 オープン       (国際)(指) 定量 15頭 本賞金:30000,12000,7500,4500,3000万円",15,30000.0,12,1,1,サンストックトン,牡,7,58.0,高杉,119.3,2.1/2,15,336.7,35.7,14-14-14-13,美浦 堀内,466,-4,
202609020411,2026-04-05,阪神,11,大阪杯,芝,2000,右,晴,良,"2回 阪神 4日目 サラ系４歳以上 オープン       (国際)(指) 定量 15頭 本賞金:30000,12000,7500,4500,3000万円",15,30000.0,13,7,13,ファウストラーゼン,牡,4,58.0,岩田康,120.6,8,12,102.1,38.2,2-2-2-2,栗東 須貝,454,-8,
202609020411,2026-04-05,阪神,11,大阪杯,芝,2000,右,晴,良,"2回 阪神 4日目 サラ系４歳以上 オープン       (国際)(指) 定量 15頭 本賞金:30000,12000,7500,4500,3000万円",15,30000.0,14,5,8,エコロヴァルツ,牡,5,58.0,浜中,120.8,1.1/4,7,45.4,37.9,8-8-9-7,栗東 牧浦,496,4,
202609020411,2026-04-05,阪神,11,大阪杯,芝,2000,右,晴,良,"2回 阪神 4日目 サラ系４歳以上 オープン       (国際)(指) 定量 15頭 本賞金:30000,12000,7500,4500,3000万円",15,30000.0,15,4,7,エコロディノス,牡,4,58.0,池添,128.4,大,6,44.9,45.4,3-3-3-13,栗東 大久保,478,-8,
202609020412,2026-04-05,阪神,12,天満橋S,ダ,1400,右,晴,重,"2回 阪神 4日目 サラ系４歳以上 ３勝クラス       (混)(特指) 定量 16頭 本賞金:1870,750,470,280,187万円",16,1870.0,1,8,16,ルークススペイ,牡,4,58.0,川田,82.4,,4,7.5,35.9,6-7,美浦 伊藤圭,484,-2,
202609020412,2026-04-05,阪神,12,天満橋S,ダ,1400,右,晴,重,"2回 阪神 4日目 サラ系４歳以上 ３勝クラス       (混)(特指) 定量 16頭 本賞金:1870,750,470,280,187万円",16,1870.0,2,3,5,ニューオーリンズ,牡,4,58.0,和田陽,82.4,ハナ,1,3.6,36.6,1-1,栗東 杉山晴,520,0,
202609020412,2026-04-05,阪神,12,天満橋S,ダ,1400,右,晴,重,"2回 阪神 4日目 サラ系４歳以上 ３勝クラス       (混)(特指) 定量 16頭 本賞金:1870,750,470,280,187万円",16,1870.0,3,4,8,ハワイアンタイム,セ,6,58.0,太宰,82.4,クビ,14,76.9,36.5,2-2,栗東 昆,500,0,
202609020412,2026-04-05,阪神,12,天満橋S,ダ,1400,右,晴,重,"2回 阪神 4日目 サラ系４歳以上 ３勝クラス       (混)(特指) 定量 16頭 本賞金:1870,750,470,280,187万円",16,1870.0,4,2,4,ゲイルライダー,牡,4,58.0,武豊,82.5,クビ,2,4.5,36.4,3-3,栗東 牧浦,512,6,
202609020412,2026-04-05,阪神,12,天満橋S,ダ,1400,右,晴,重,"2回 阪神 4日目 サラ系４歳以上 ３勝クラス       (混)(特指) 定量 16頭 本賞金:1870,750,470,280,187万円",16,1870.0,5,6,12,セミマル,牡,6,58.0,西村淳,82.6,1/2,5,11.0,35.7,13-10,栗東 西村,536,-2,
202609020412,2026-04-05,阪神,12,天満橋S,ダ,1400,右,晴,重,"2回 阪神 4日目 サラ系４歳以上 ３勝クラス       (混)(特指) 定量 16頭 本賞金:1870,750,470,280,187万円",16,1870.0,6,5,10,ジョディーズマロン,牡,8,58.0,横山典,83.0,2.1/2,12,58.4,35.8,15-15,栗東 北出,470,0,
202609020412,2026-04-05,阪神,12,天満橋S,ダ,1400,右,晴,重,"2回 阪神 4日目 サラ系４歳以上 ３勝クラス       (混)(特指) 定量 16頭 本賞金:1870,750,470,280,187万円",16,1870.0,7,7,13,リネアグローリア,牡,5,58.0,岩田望,83.0,クビ,10,43.2,36.1,12-14,栗東 小崎,482,4,
202609020412,2026-04-05,阪神,12,天満橋S,ダ,1400,右,晴,重,"2回 阪神 4日目 サラ系４歳以上 ３勝クラス       (混)(特指) 定量 16頭 本賞金:1870,750,470,280,187万円",16,1870.0,8,7,14,イリフィ,牝,4,56.0,ルメー,83.1,クビ,7,12.6,36.4,10-9,栗東 高野,422,0,
202609020412,2026-04-05,阪神,12,天満橋S,ダ,1400,右,晴,重,"2回 阪神 4日目 サラ系４歳以上 ３勝クラス       (混)(特指) 定量 16頭 本賞金:1870,750,470,280,187万円",16,1870.0,9,8,15,タマモティーカップ,牝,4,56.0,永島,83.2,3/4,3,4.8,37.0,3-3,栗東 高橋亮,446,-8,
202609020412,2026-04-05,阪神,12,天満橋S,ダ,1400,右,晴,重,"2回 阪神 4日目 サラ系４歳以上 ３勝クラス       (混)(特指) 定量 16頭 本賞金:1870,750,470,280,187万円",16,1870.0,10,6,11,ガンウルフ,牡,6,58.0,高杉,83.5,2,8,28.1,36.8,10-10,栗東 藤岡健,484,-4,
202609020412,2026-04-05,阪神,12,天満橋S,ダ,1400,右,晴,重,"2回 阪神 4日目 サラ系４歳以上 ３勝クラス       (混)(特指) 定量 16頭 本賞金:1870,750,470,280,187万円",16,1870.0,11,1,1,ジャスパーバローズ,牡,6,58.0,吉村,83.6,1/2,15,126.1,37.2,8-7,栗東 清水久,514,4,
202609020412,2026-04-05,阪神,12,天満橋S,ダ,1400,右,晴,重,"2回 阪神 4日目 サラ系４歳以上 ３勝クラス       (混)(特指) 定量 16頭 本賞金:1870,750,470,280,187万円",16,1870.0,12,3,6,トーセンサウダージ,牡,6,58.0,古川吉,83.7,1/2,16,147.6,36.5,15-15,美浦 杉浦,530,-4,
202609020412,2026-04-05,阪神,12,天満橋S,ダ,1400,右,晴,重,"2回 阪神 4日目 サラ系４歳以上 ３勝クラス       (混)(特指) 定量 16頭 本賞金:1870,750,470,280,187万円",16,1870.0,13,5,9,ダノンスウィッチ,牡,5,58.0,坂井,83.8,1/2,6,11.6,37.7,3-3,栗東 東田,494,0,
202609020412,2026-04-05,阪神,12,天満橋S,ダ,1400,右,晴,重,"2回 阪神 4日目 サラ系４歳以上 ３勝クラス       (混)(特指) 定量 16頭 本賞金:1870,750,470,280,187万円",16,1870.0,14,4,7,タガノシャーンス,牝,6,56.0,幸,84.3,3,9,38.7,38.0,6-6,栗東 中尾,472,2,
202609020412,2026-04-05,阪神,12,天満橋S,ダ,1400,右,晴,重,"2回 阪神 4日目 サラ系４歳以上 ３勝クラス       (混)(特指) 定量 16頭 本賞金:1870,750,470,280,187万円",16,1870.0,15,1,2,サヴォンリンナ,牝,4,56.0,北村友,86.3,大,11,57.8,39.6,8-12,栗東 田中克,452,-6,
202609020412,2026-04-05,阪神,12,天満橋S,ダ,1400,右,晴,重,"2回 阪神 4日目 サラ系４歳以上 ３勝クラス       (混)(特指) 定量 16頭 本賞金:1870,750,470,280,187万円",16,1870.0,16,2,3,ルミノメテオール,牝,6,56.0,岩田康,86.5,3/4,13,74.8,39.6,13-12,美浦 金成,462,-4,
202603010101,2026-04-11,福島,1,3歳未勝利,ダ,1700,右,晴,良,"1回 福島 1日目 サラ系３歳 未勝利       [指] 馬齢 15頭 本賞金:590,240,150,89,59万円",15,590.0,1,6,11,シューティングガイ,牡,3,57.0,斎藤,105.9,,2,5.5,37.9,2-2-2-1,美浦 斎藤誠,492,6,
202603010101,2026-04-11,福島,1,3歳未勝利,ダ,1700,右,晴,良,"1回 福島 1日目 サラ系３歳 未勝利       [指] 馬齢 15頭 本賞金:590,240,150,89,59万円",15,590.0,2,8,14,ウインビギニング,牡,3,57.0,丹内,105.9,クビ,1,1.7,37.8,3-3-2-3,美浦 上原博,496,-10,
202603010101,2026-04-11,福島,1,3歳未勝利,ダ,1700,右,晴,良,"1回 福島 1日目 サラ系３歳 未勝利       [指] 馬齢 15頭 本賞金:590,240,150,89,59万円",15,590.0,3,3,4,ベストブラザーズ,牡,3,54.0,▲小林美,106.2,1.1/2,3,7.7,38.3,1-1-1-2,美浦 辻,490,-8,
202603010101,2026-04-11,福島,1,3歳未勝利,ダ,1700,右,晴,良,"1回 福島 1日目 サラ系３歳 未勝利       [指] 馬齢 15頭 本賞金:590,240,150,89,59万円",15,590.0,4,4,6,シンエンドーツダ,牡,3,57.0,菊沢,106.6,2.1/2,4,10.8,37.9,6-7-7-6,美浦 萱野,470,-2,
202603010101,2026-04-11,福島,1,3歳未勝利,ダ,1700,右,晴,良,"1回 福島 1日目 サラ系３歳 未勝利       [指] 馬齢 15頭 本賞金:590,240,150,89,59万円",15,590.0,5,2,3,レジェルテ,牡,3,54.0,▲和田陽,106.7,クビ,8,28.4,38.2,3-3-4-4,栗東 柴田,460,4,
202603010101,2026-04-11,福島,1,3歳未勝利,ダ,1700,右,晴,良,"1回 福島 1日目 サラ系３歳 未勝利       [指] 馬齢 15頭 本賞金:590,240,150,89,59万円",15,590.0,6,1,1,セルシャーム,牡,3,57.0,富田,106.7,クビ,6,15.2,38.3,6-5-4-4,栗東 野中,512,2,
202603010101,2026-04-11,福島,1,3歳未勝利,ダ,1700,右,晴,良,"1回 福島 1日目 サラ系３歳 未勝利       [指] 馬齢 15頭 本賞金:590,240,150,89,59万円",15,590.0,7,2,2,ロケットパンチ,セ,3,57.0,武藤,107.3,3.1/2,7,16.0,38.4,10-9-8-7,美浦 武藤,444,-18,
202603010101,2026-04-11,福島,1,3歳未勝利,ダ,1700,右,晴,良,"1回 福島 1日目 サラ系３歳 未勝利       [指] 馬齢 15頭 本賞金:590,240,150,89,59万円",15,590.0,8,3,5,グレートアゲイン,牡,3,57.0,松岡,108.1,5,13,196.7,38.7,11-11-9-9,栗東 牧浦,480,-4,
202603010101,2026-04-11,福島,1,3歳未勝利,ダ,1700,右,晴,良,"1回 福島 1日目 サラ系３歳 未勝利       [指] 馬齢 15頭 本賞金:590,240,150,89,59万円",15,590.0,9,7,12,クワッドマリニン,牡,3,57.0,亀田,108.1,アタマ,5,12.0,39.6,6-5-4-7,美浦 久保田,480,2,
202603010101,2026-04-11,福島,1,3歳未勝利,ダ,1700,右,晴,良,"1回 福島 1日目 サラ系３歳 未勝利       [指] 馬齢 15頭 本賞金:590,240,150,89,59万円",15,590.0,10,7,13,カミノトップワン,牡,3,57.0,藤懸,108.3,1,11,132.6,38.6,13-13-11-10,栗東 千田,474,10,
202603010101,2026-04-11,福島,1,3歳未勝利,ダ,1700,右,晴,良,"1回 福島 1日目 サラ系３歳 未勝利       [指] 馬齢 15頭 本賞金:590,240,150,89,59万円",15,590.0,11,6,10,ライヴマティーニ,牝,3,52.0,▲森田,109.1,5,12,135.5,39.5,9-9-10-10,美浦 尾形,444,-26,
202603010101,2026-04-11,福島,1,3歳未勝利,ダ,1700,右,晴,良,"1回 福島 1日目 サラ系３歳 未勝利       [指] 馬齢 15頭 本賞金:590,240,150,89,59万円",15,590.0,12,8,15,ジャストグレース,牡,3,57.0,古川吉,110.1,6,9,117.4,39.9,14-14-13-12,栗東 大根田,496,0,
202603010101,2026-04-11,福島,1,3歳未勝利,ダ,1700,右,晴,良,"1回 福島 1日目 サラ系３歳 未勝利       [指] 馬齢 15頭 本賞金:590,240,150,89,59万円",15,590.0,13,5,8,ウォーターサオラ,牡,3,57.0,松若,110.1,ハナ,10,123.0,39.9,14-14-13-14,栗東 庄野,464,0,
202603010101,2026-04-11,福島,1,3歳未勝利,ダ,1700,右,晴,良,"1回 福島 1日目 サラ系３歳 未勝利       [指] 馬齢 15頭 本賞金:590,240,150,89,59万円",15,590.0,14,5,9,パシオネ,牝,3,55.0,小崎,110.9,5,14,245.9,41.1,3-7-11-13,栗東 高橋一,478,-4,
202603010101,2026-04-11,福島,1,3歳未勝利,ダ,1700,右,晴,良,"1回 福島 1日目 サラ系３歳 未勝利       [指] 馬齢 15頭 本賞金:590,240,150,89,59万円",15,590.0,15,4,7,ディーズベンチャー,牝,3,55.0,国分恭,111.1,1.1/4,15,250.7,40.7,12-12-15-15,栗東 岡田,402,-4,
202603010102,2026-04-11,福島,2,3歳未勝利,芝,1200,右,晴,良,"1回 福島 1日目 サラ系３歳 未勝利       [指] 馬齢 16頭 本賞金:590,240,150,89,59万円",16,590.0,1,3,6,デンプシー,牡,3,55.0,△舟山,68.6,,1,2.2,34.4,2-2,美浦 上原佑,448,4,
202603010102,2026-04-11,福島,2,3歳未勝利,芝,1200,右,晴,良,"1回 福島 1日目 サラ系３歳 未勝利       [指] 馬齢 16頭 本賞金:590,240,150,89,59万円",16,590.0,2,2,4,ブルーエ,牝,3,55.0,杉原,68.8,1,6,23.8,34.3,4-3,美浦 田村,450,-6,
202603010102,2026-04-11,福島,2,3歳未勝利,芝,1200,右,晴,良,"1回 福島 1日目 サラ系３歳 未勝利       [指] 馬齢 16頭 本賞金:590,240,150,89,59万円",16,590.0,3,1,2,ダノンルミエール,牝,3,55.0,吉田隼,69.0,1.1/4,2,2.3,34.3,7-5,美浦 久保田,468,10,
202603010102,2026-04-11,福島,2,3歳未勝利,芝,1200,右,晴,良,"1回 福島 1日目 サラ系３歳 未勝利       [指] 馬齢 16頭 本賞金:590,240,150,89,59万円",16,590.0,4,2,3,エクスペクタント,牡,3,54.0,▲和田陽,69.5,3,9,38.5,35.0,4-5,栗東 西園翔,466,12,
202603010102,2026-04-11,福島,2,3歳未勝利,芝,1200,右,晴,良,"1回 福島 1日目 サラ系３歳 未勝利       [指] 馬齢 16頭 本賞金:590,240,150,89,59万円",16,590.0,5,1,1,ソワンドヴィクター,牝,3,55.0,丸田,69.5,クビ,12,107.0,34.5,10-8,美浦 高橋文,406,-4,
202603010102,2026-04-11,福島,2,3歳未勝利,芝,1200,右,晴,良,"1回 福島 1日目 サラ系３歳 未勝利       [指] 馬齢 16頭 本賞金:590,240,150,89,59万円",16,590.0,6,8,16,アーリマックス,牝,3,52.0,▲石神道,69.5,アタマ,8,37.6,34.7,9-8,美浦 清水英,394,0,
202603010102,2026-04-11,福島,2,3歳未勝利,芝,1200,右,晴,良,"1回 福島 1日目 サラ系３歳 未勝利       [指] 馬齢 16頭 本賞金:590,240,150,89,59万円",16,590.0,7,7,13,セレブトーチ,牝,3,55.0,中井,69.6,3/4,4,18.5,35.3,2-3,栗東 坂口,502,2,
202603010102,2026-04-11,福島,2,3歳未勝利,芝,1200,右,晴,良,"1回 福島 1日目 サラ系３歳 未勝利       [指] 馬齢 16頭 本賞金:590,240,150,89,59万円",16,590.0,8,4,7,チェリーブルーム,牝,3,52.0,▲遠藤,69.8,1,11,75.4,35.8,1-1,美浦 蛯名利,446,-14,
202603010102,2026-04-11,福島,2,3歳未勝利,芝,1200,右,晴,良,"1回 福島 1日目 サラ系３歳 未勝利       [指] 馬齢 16頭 本賞金:590,240,150,89,59万円",16,590.0,9,4,8,ティスマイル,牝,3,55.0,黛,70.1,1.3/4,16,218.2,35.0,12-11,美浦 伊藤圭,424,-14,
202603010102,2026-04-11,福島,2,3歳未勝利,芝,1200,右,晴,良,"1回 福島 1日目 サラ系３歳 未勝利       [指] 馬齢 16頭 本賞金:590,240,150,89,59万円",16,590.0,10,6,11,サンタクローチェ,牝,3,55.0,国分恭,70.2,1,5,20.4,35.6,7-8,栗東 西村,446,-10,
202603010102,2026-04-11,福島,2,3歳未勝利,芝,1200,右,晴,良,"1回 福島 1日目 サラ系３歳 未勝利       [指] 馬齢 16頭 本賞金:590,240,150,89,59万円",16,590.0,11,5,10,サプーズ,牝,3,52.0,▲石田,70.3,1/2,3,14.1,35.3,10-11,美浦 伊藤大,462,-4,
202603010102,2026-04-11,福島,2,3歳未勝利,芝,1200,右,晴,良,"1回 福島 1日目 サラ系３歳 未勝利       [指] 馬齢 16頭 本賞金:590,240,150,89,59万円",16,590.0,12,3,5,アイリーノリチャン,牝,3,55.0,丹内,70.4,1/2,7,24.8,34.9,14-14,美浦 尾形,430,0,
202603010102,2026-04-11,福島,2,3歳未勝利,芝,1200,右,晴,良,"1回 福島 1日目 サラ系３歳 未勝利       [指] 馬齢 16頭 本賞金:590,240,150,89,59万円",16,590.0,13,7,14,グロリアスニケ,牝,3,55.0,松若,70.7,1.3/4,10,59.0,36.2,4-5,栗東 千田,426,0,
202603010102,2026-04-11,福島,2,3歳未勝利,芝,1200,右,晴,良,"1回 福島 1日目 サラ系３歳 未勝利       [指] 馬齢 16頭 本賞金:590,240,150,89,59万円",16,590.0,14,5,9,カゼノオモイデ,牝,3,55.0,丸山,70.9,1.1/2,14,162.2,35.5,13-13,美浦 佐藤吉,428,0,
202603010102,2026-04-11,福島,2,3歳未勝利,芝,1200,右,晴,良,"1回 福島 1日目 サラ系３歳 未勝利       [指] 馬齢 16頭 本賞金:590,240,150,89,59万円",16,590.0,15,8,15,チョコブラウニー,牝,3,53.0,◇永島,71.1,1.1/4,13,115.3,34.8,16-16,美浦 天間,430,0,
202603010102,2026-04-11,福島,2,3歳未勝利,芝,1200,右,晴,良,"1回 福島 1日目 サラ系３歳 未勝利       [指] 馬齢 16頭 本賞金:590,240,150,89,59万円",16,590.0,16,6,12,スリジェダムール,牝,3,55.0,富田,71.4,1.3/4,15,184.8,35.8,14-15,栗東 藤野,406,0,
202603010103,2026-04-11,福島,3,3歳未勝利,芝,1800,右,晴,良,"1回 福島 1日目 サラ系３歳 未勝利       牝[指] 馬齢 16頭 本賞金:590,240,150,89,59万円",16,590.0,1,3,5,サフランルージュ,牝,3,55.0,野中,107.6,,14,113.2,34.6,10-11-12-9,美浦 室井,400,0,
202603010103,2026-04-11,福島,3,3歳未勝利,芝,1800,右,晴,良,"1回 福島 1日目 サラ系３歳 未勝利       牝[指] 馬齢 16頭 本賞金:590,240,150,89,59万円",16,590.0,2,4,8,クシマトゥルー,牝,3,53.0,△長浜,107.7,3/4,5,9.0,36.1,2-2-2-2,美浦 矢嶋,426,8,
202603010103,2026-04-11,福島,3,3歳未勝利,芝,1800,右,晴,良,"1回 福島 1日目 サラ系３歳 未勝利       牝[指] 馬齢 16頭 本賞金:590,240,150,89,59万円",16,590.0,3,1,2,エコロディアン,牝,3,55.0,斎藤,107.8,1/2,3,5.7,35.8,3-4-4-4,栗東 牧浦,442,0,
202603010103,2026-04-11,福島,3,3歳未勝利,芝,1800,右,晴,良,"1回 福島 1日目 サラ系３歳 未勝利       牝[指] 馬齢 16頭 本賞金:590,240,150,89,59万円",16,590.0,4,5,10,ファストフォワード,牝,3,55.0,小崎,107.9,クビ,4,6.8,36.2,3-3-2-3,栗東 小林,506,4,
202603010103,2026-04-11,福島,3,3歳未勝利,芝,1800,右,晴,良,"1回 福島 1日目 サラ系３歳 未勝利       牝[指] 馬齢 16頭 本賞金:590,240,150,89,59万円",16,590.0,5,4,7,ピアス,牝,3,55.0,丸山,107.9,アタマ,1,3.6,36.3,1-1-1-1,美浦 森一,464,2,
202603010103,2026-04-11,福島,3,3歳未勝利,芝,1800,右,晴,良,"1回 福島 1日目 サラ系３歳 未勝利       牝[指] 馬齢 16頭 本賞金:590,240,150,89,59万円",16,590.0,6,2,4,ゴールドアベニュー,牝,3,55.0,富田,108.0,1/2,12,88.0,34.8,12-12-13-12,栗東 宮地,422,0,
202603010103,2026-04-11,福島,3,3歳未勝利,芝,1800,右,晴,良,"1回 福島 1日目 サラ系３歳 未勝利       牝[指] 馬齢 16頭 本賞金:590,240,150,89,59万円",16,590.0,7,5,9,スワトウ,牝,3,55.0,松若,108.1,1/2,6,12.9,35.9,13-12-7-6,栗東 牧田,438,-8,
202603010103,2026-04-11,福島,3,3歳未勝利,芝,1800,右,晴,良,"1回 福島 1日目 サラ系３歳 未勝利       牝[指] 馬齢 16頭 本賞金:590,240,150,89,59万円",16,590.0,8,8,16,オーマイラッキーン,牝,3,55.0,国分恭,108.2,3/4,13,104.6,35.6,11-9-10-11,栗東 高橋康,482,0,
202603010103,2026-04-11,福島,3,3歳未勝利,芝,1800,右,晴,良,"1回 福島 1日目 サラ系３歳 未勝利       牝[指] 馬齢 16頭 本賞金:590,240,150,89,59万円",16,590.0,9,6,11,ハヤブサブロー,牝,3,55.0,吉田隼,108.3,クビ,2,4.3,36.1,7-6-7-5,栗東 高橋忠,426,-10,
202603010103,2026-04-11,福島,3,3歳未勝利,芝,1800,右,晴,良,"1回 福島 1日目 サラ系３歳 未勝利       牝[指] 馬齢 16頭 本賞金:590,240,150,89,59万円",16,590.0,10,6,12,ヴィーラー,牝,3,55.0,黛,108.3,ハナ,10,30.2,36.3,3-5-4-6,栗東 矢作,424,0,
202603010103,2026-04-11,福島,3,3歳未勝利,芝,1800,右,晴,良,"1回 福島 1日目 サラ系３歳 未勝利       牝[指] 馬齢 16頭 本賞金:590,240,150,89,59万円",16,590.0,11,1,1,レーザーキック,牝,3,52.0,▲小林美,108.3,クビ,8,18.2,35.0,16-15-14-12,美浦 竹内,384,0,
202603010103,2026-04-11,福島,3,3歳未勝利,芝,1800,右,晴,良,"1回 福島 1日目 サラ系３歳 未勝利       牝[指] 馬齢 16頭 本賞金:590,240,150,89,59万円",16,590.0,12,7,13,ノクスカンパーナ,牝,3,55.0,田口,108.7,2,11,67.7,36.2,8-8-9-9,栗東 吉岡,472,2,
202603010103,2026-04-11,福島,3,3歳未勝利,芝,1800,右,晴,良,"1回 福島 1日目 サラ系３歳 未勝利       牝[指] 馬齢 16頭 本賞金:590,240,150,89,59万円",16,590.0,13,8,15,ディアデムドール,牝,3,51.0,★河原田,109.3,3.1/2,7,18.0,37.3,6-6-4-6,栗東 今野,492,0,
202603010103,2026-04-11,福島,3,3歳未勝利,芝,1800,右,晴,良,"1回 福島 1日目 サラ系３歳 未勝利       牝[指] 馬齢 16頭 本賞金:590,240,150,89,59万円",16,590.0,14,3,6,ヴェロシオン,牝,3,55.0,高倉,109.7,2.1/2,9,29.2,36.8,8-9-11-12,栗東 武英,416,0,
202603010103,2026-04-11,福島,3,3歳未勝利,芝,1800,右,晴,良,"1回 福島 1日目 サラ系３歳 未勝利       牝[指] 馬齢 16頭 本賞金:590,240,150,89,59万円",16,590.0,15,7,14,ノヴェルピアーチェ,牝,3,53.0,△舟山,109.9,1.1/4,15,150.0,36.5,14-14-15-15,美浦 古賀慎,406,0,
202603010103,2026-04-11,福島,3,3歳未勝利,芝,1800,右,晴,良,"1回 福島 1日目 サラ系３歳 未勝利       牝[指] 馬齢 16頭 本賞金:590,240,150,89,59万円",16,590.0,16,2,3,グレープレモネード,牝,3,55.0,松岡,110.5,3.1/2,16,164.4,36.5,15-15-16-16,美浦 本間,430,0,
202603010104,2026-04-11,福島,4,3歳未勝利,ダ,1150,右,晴,良,"1回 福島 1日目 サラ系３歳 未勝利       [指] 馬齢 16頭 本賞金:590,240,150,89,59万円",16,590.0,1,7,13,ベルゼビュート,牡,3,57.0,菊沢,69.4,,6,21.5,36.5,9-8,美浦 高木,476,0,
202603010104,2026-04-11,福島,4,3歳未勝利,ダ,1150,右,晴,良,"1回 福島 1日目 サラ系３歳 未勝利       [指] 馬齢 16頭 本賞金:590,240,150,89,59万円",16,590.0,2,2,4,シェイプオブユー,牝,3,55.0,川又,69.5,クビ,7,22.2,37.8,1-1,栗東 吉村,468,-12,
202603010104,2026-04-11,福島,4,3歳未勝利,ダ,1150,右,晴,良,"1回 福島 1日目 サラ系３歳 未勝利       [指] 馬齢 16頭 本賞金:590,240,150,89,59万円",16,590.0,3,3,5,メイショウテンジン,牡,3,57.0,丹内,69.5,クビ,2,3.6,37.6,2-2,栗東 高橋亮,484,-6,
202603010104,2026-04-11,福島,4,3歳未勝利,ダ,1150,右,晴,良,"1回 福島 1日目 サラ系３歳 未勝利       [指] 馬齢 16頭 本賞金:590,240,150,89,59万円",16,590.0,4,8,16,セイウンヤオヨロズ,牡,3,57.0,野中,70.0,3,8,26.4,37.6,6-6,美浦 上原博,472,-10,
202603010104,2026-04-11,福島,4,3歳未勝利,ダ,1150,右,晴,良,"1回 福島 1日目 サラ系３歳 未勝利       [指] 馬齢 16頭 本賞金:590,240,150,89,59万円",16,590.0,5,1,2,シルバーアックス,牡,3,57.0,松岡,70.0,クビ,9,40.3,38.0,3-3,美浦 村田,460,6,
202603010104,2026-04-11,福島,4,3歳未勝利,ダ,1150,右,晴,良,"1回 福島 1日目 サラ系３歳 未勝利       [指] 馬齢 16頭 本賞金:590,240,150,89,59万円",16,590.0,6,8,15,クロカミジョウ,牝,3,55.0,国分恭,70.1,クビ,1,3.2,37.7,6-5,栗東 岡田,464,-6,
202603010104,2026-04-11,福島,4,3歳未勝利,ダ,1150,右,晴,良,"1回 福島 1日目 サラ系３歳 未勝利       [指] 馬齢 16頭 本賞金:590,240,150,89,59万円",16,590.0,7,2,3,エコロアビス,牝,3,55.0,斎藤,70.5,2.1/2,4,7.0,38.3,4-3,栗東 牧浦,470,-4,
202603010104,2026-04-11,福島,4,3歳未勝利,ダ,1150,右,晴,良,"1回 福島 1日目 サラ系３歳 未勝利       [指] 馬齢 16頭 本賞金:590,240,150,89,59万円",16,590.0,8,4,7,ヒューザー,牡,3,54.0,▲森田,70.8,1.3/4,13,125.9,36.8,12-12,栗東 小林,476,4,
202603010104,2026-04-11,福島,4,3歳未勝利,ダ,1150,右,晴,良,"1回 福島 1日目 サラ系３歳 未勝利       [指] 馬齢 16頭 本賞金:590,240,150,89,59万円",16,590.0,9,3,6,モズタイシソウシ,牡,3,54.0,▲和田陽,70.8,クビ,3,4.5,37.2,11-11,栗東 平田,468,-6,
202603010104,2026-04-11,福島,4,3歳未勝利,ダ,1150,右,晴,良,"1回 福島 1日目 サラ系３歳 未勝利       [指] 馬齢 16頭 本賞金:590,240,150,89,59万円",16,590.0,10,7,14,スマートイデアル,牝,3,52.0,▲石田,70.9,1/2,10,66.8,38.5,6-6,栗東 角田,372,-8,
202603010104,2026-04-11,福島,4,3歳未勝利,ダ,1150,右,晴,良,"1回 福島 1日目 サラ系３歳 未勝利       [指] 馬齢 16頭 本賞金:590,240,150,89,59万円",16,590.0,11,6,11,ブラックゲイル,牡,3,55.0,◇今村,71.6,4,14,133.3,38.7,9-9,美浦 加藤和,470,-8,
202603010104,2026-04-11,福島,4,3歳未勝利,ダ,1150,右,晴,良,"1回 福島 1日目 サラ系３歳 未勝利       [指] 馬齢 16頭 本賞金:590,240,150,89,59万円",16,590.0,12,1,1,ウィゾマニア,牡,3,53.0,★河原田,71.7,1/2,15,161.8,37.4,13-13,美浦 青木,506,0,
202603010104,2026-04-11,福島,4,3歳未勝利,ダ,1150,右,晴,良,"1回 福島 1日目 サラ系３歳 未勝利       [指] 馬齢 16頭 本賞金:590,240,150,89,59万円",16,590.0,13,5,10,ジュニアスウィート,牝,3,53.0,△舟山,71.8,クビ,11,74.8,37.3,14-15,美浦 小手川,460,-8,
202603010104,2026-04-11,福島,4,3歳未勝利,ダ,1150,右,晴,良,"1回 福島 1日目 サラ系３歳 未勝利       [指] 馬齢 16頭 本賞金:590,240,150,89,59万円",16,590.0,14,5,9,ディースカウ,牡,3,54.0,▲小林美,72.7,5,5,12.3,38.2,14-14,栗東 須貝,476,0,
202603010104,2026-04-11,福島,4,3歳未勝利,ダ,1150,右,晴,良,"1回 福島 1日目 サラ系３歳 未勝利       [指] 馬齢 16頭 本賞金:590,240,150,89,59万円",16,590.0,15,6,12,アッチョンブリケ,牝,3,55.0,松若,73.2,3,12,77.0,41.0,4-9,栗東 小椋,442,6,
202603010104,2026-04-11,福島,4,3歳未勝利,ダ,1150,右,晴,良,"1回 福島 1日目 サラ系３歳 未勝利       [指] 馬齢 16頭 本賞金:590,240,150,89,59万円",16,590.0,16,4,8,マクタン,牡,3,57.0,杉原,74.8,10,16,209.4,37.8,16-16,美浦 栗田,486,4,
202603010105,2026-04-11,福島,5,3歳未勝利,芝,2000,右,晴,良,"1回 福島 1日目 サラ系３歳 未勝利       [指] 馬齢 16頭 本賞金:590,240,150,89,59万円",16,590.0,1,1,1,メイショウハンター,牡,3,57.0,横山琉,120.0,,2,8.6,35.0,7-5-5-4,栗東 長谷川,480,-8,
202603010105,2026-04-11,福島,5,3歳未勝利,芝,2000,右,晴,良,"1回 福島 1日目 サラ系３歳 未勝利       [指] 馬齢 16頭 本賞金:590,240,150,89,59万円",16,590.0,2,2,3,アラムシャピラス,牡,3,57.0,丹内,120.2,1.1/4,1,1.4,35.7,1-1-1-1,栗東 池江,490,4,
202603010105,2026-04-11,福島,5,3歳未勝利,芝,2000,右,晴,良,"1回 福島 1日目 サラ系３歳 未勝利       [指] 馬齢 16頭 本賞金:590,240,150,89,59万円",16,590.0,3,4,8,ブランニューホーム,牡,3,54.0,▲遠藤,120.3,3/4,10,62.5,35.0,8-8-8-6,美浦 深山,446,-6,
202603010105,2026-04-11,福島,5,3歳未勝利,芝,2000,右,晴,良,"1回 福島 1日目 サラ系３歳 未勝利       [指] 馬齢 16頭 本賞金:590,240,150,89,59万円",16,590.0,4,2,4,オートカリテ,牝,3,55.0,富田,120.4,1,9,43.7,35.7,3-3-2-2,美浦 牧,510,0,
202603010105,2026-04-11,福島,5,3歳未勝利,芝,2000,右,晴,良,"1回 福島 1日目 サラ系３歳 未勝利       [指] 馬齢 16頭 本賞金:590,240,150,89,59万円",16,590.0,5,3,6,マイネルリーヒム,牡,3,54.0,▲石神道,120.7,1.1/2,4,11.3,36.0,2-2-2-2,美浦 武市,464,-16,
202603010105,2026-04-11,福島,5,3歳未勝利,芝,2000,右,晴,良,"1回 福島 1日目 サラ系３歳 未勝利       [指] 馬齢 16頭 本賞金:590,240,150,89,59万円",16,590.0,6,6,12,ルシアージュ,牝,3,55.0,丸山,120.8,3/4,7,28.8,35.8,5-5-5-6,美浦 高柳瑞,434,-2,
202603010105,2026-04-11,福島,5,3歳未勝利,芝,2000,右,晴,良,"1回 福島 1日目 サラ系３歳 未勝利       [指] 馬齢 16頭 本賞金:590,240,150,89,59万円",16,590.0,7,6,11,フライングビーナス,牝,3,53.0,△舟山,120.8,ハナ,6,25.1,35.2,13-13-11-11,美浦 田中博,430,0,
202603010105,2026-04-11,福島,5,3歳未勝利,芝,2000,右,晴,良,"1回 福島 1日目 サラ系３歳 未勝利       [指] 馬齢 16頭 本賞金:590,240,150,89,59万円",16,590.0,8,3,5,サンタカタリナ,牝,3,52.0,▲和田陽,121.3,2.1/2,12,92.1,35.4,15-13-14-14,栗東 杉山晴,464,0,
202603010105,2026-04-11,福島,5,3歳未勝利,芝,2000,右,晴,良,"1回 福島 1日目 サラ系３歳 未勝利       [指] 馬齢 16頭 本賞金:590,240,150,89,59万円",16,590.0,9,7,13,ウインスターリング,牡,3,57.0,松岡,121.4,1/2,5,16.5,35.8,16-16-11-11,美浦 畠山,474,-2,
202603010105,2026-04-11,福島,5,3歳未勝利,芝,2000,右,晴,良,"1回 福島 1日目 サラ系３歳 未勝利       [指] 馬齢 16頭 本賞金:590,240,150,89,59万円",16,590.0,10,1,2,オービタルピリオド,牡,3,57.0,石川,121.5,3/4,3,10.5,35.6,11-12-14-14,美浦 奥村武,418,2,
202603010105,2026-04-11,福島,5,3歳未勝利,芝,2000,右,晴,良,"1回 福島 1日目 サラ系３歳 未勝利       [指] 馬齢 16頭 本賞金:590,240,150,89,59万円",16,590.0,11,5,10,ブーケ,牝,3,55.0,松若,121.5,アタマ,8,41.4,36.7,3-3-4-4,栗東 杉山晴,510,0,
202603010105,2026-04-11,福島,5,3歳未勝利,芝,2000,右,晴,良,"1回 福島 1日目 サラ系３歳 未勝利       [指] 馬齢 16頭 本賞金:590,240,150,89,59万円",16,590.0,12,5,9,オグナ,牡,3,57.0,田口,121.9,2.1/2,13,144.9,36.6,10-10-8-8,栗東 鈴木孝,466,4,
202603010105,2026-04-11,福島,5,3歳未勝利,芝,2000,右,晴,良,"1回 福島 1日目 サラ系３歳 未勝利       [指] 馬齢 16頭 本賞金:590,240,150,89,59万円",16,590.0,13,7,14,クライングナウ,牡,3,57.0,斎藤,122.2,1.3/4,11,65.3,36.6,11-11-11-8,美浦 斎藤誠,520,0,
202603010105,2026-04-11,福島,5,3歳未勝利,芝,2000,右,晴,良,"1回 福島 1日目 サラ系３歳 未勝利       [指] 馬齢 16頭 本賞金:590,240,150,89,59万円",16,590.0,14,4,7,ワイルドカイザー,牡,3,55.0,△長浜,122.4,1.1/4,14,148.7,36.4,13-13-14-16,美浦 矢嶋,420,0,
202603010105,2026-04-11,福島,5,3歳未勝利,芝,2000,右,晴,良,"1回 福島 1日目 サラ系３歳 未勝利       [指] 馬齢 16頭 本賞金:590,240,150,89,59万円",16,590.0,15,8,15,ナカラギ,牝,3,55.0,国分恭,122.8,2.1/2,15,277.2,37.8,5-5-5-8,栗東 緒方,448,-4,
202603010105,2026-04-11,福島,5,3歳未勝利,芝,2000,右,晴,良,"1回 福島 1日目 サラ系３歳 未勝利       [指] 馬齢 16頭 本賞金:590,240,150,89,59万円",16,590.0,16,8,16,ダイビングキャッチ,セ,3,54.0,▲大久保,123.5,4,16,314.4,38.2,8-8-8-11,美浦 田中剛,486,-16,
202603010106,2026-04-11,福島,6,3歳未勝利,芝,2600,右,晴,良,"1回 福島 1日目 サラ系３歳 未勝利       [指] 馬齢 15頭 本賞金:590,240,150,89,59万円",15,590.0,1,6,11,アスクファイアモア,牡,3,57.0,富田,160.3,,4,10.3,35.8,12-12-3-2,栗東 矢作,506,-2,
202603010106,2026-04-11,福島,6,3歳未勝利,芝,2600,右,晴,良,"1回 福島 1日目 サラ系３歳 未勝利       [指] 馬齢 15頭 本賞金:590,240,150,89,59万円",15,590.0,2,2,2,フォーチュンローズ,牝,3,55.0,荻野極,160.4,1,2,3.1,36.2,5-5-1-1,美浦 上原佑,460,-2,
202603010106,2026-04-11,福島,6,3歳未勝利,芝,2600,右,晴,良,"1回 福島 1日目 サラ系３歳 未勝利       [指] 馬齢 15頭 本賞金:590,240,150,89,59万円",15,590.0,3,3,5,ジェラルリスト,牡,3,57.0,松若,160.8,2.1/2,3,7.6,35.8,4-4-7-6,栗東 井上,456,-4,
202603010106,2026-04-11,福島,6,3歳未勝利,芝,2600,右,晴,良,"1回 福島 1日目 サラ系３歳 未勝利       [指] 馬齢 15頭 本賞金:590,240,150,89,59万円",15,590.0,4,3,4,フレアオブセンス,牡,3,57.0,斎藤,160.9,クビ,1,2.5,36.5,3-3-2-2,栗東 高野,474,-2,
202603010106,2026-04-11,福島,6,3歳未勝利,芝,2600,右,晴,良,"1回 福島 1日目 サラ系３歳 未勝利       [指] 馬齢 15頭 本賞金:590,240,150,89,59万円",15,590.0,5,8,15,アルタティール,牡,3,55.0,△長浜,161.2,2,14,110.8,36.0,14-14-10-9,美浦 手塚久,422,-6,
202603010106,2026-04-11,福島,6,3歳未勝利,芝,2600,右,晴,良,"1回 福島 1日目 サラ系３歳 未勝利       [指] 馬齢 15頭 本賞金:590,240,150,89,59万円",15,590.0,6,4,6,テンバコウクウ,牡,3,57.0,松岡,161.4,1,15,185.5,36.0,10-8-14-9,美浦 柄崎,460,-10,
202603010106,2026-04-11,福島,6,3歳未勝利,芝,2600,右,晴,良,"1回 福島 1日目 サラ系３歳 未勝利       [指] 馬齢 15頭 本賞金:590,240,150,89,59万円",15,590.0,7,8,14,ロスニーニョス,牡,3,57.0,古川吉,161.8,2.1/2,13,87.5,37.2,15-15-3-4,栗東 大根田,464,-6,
202603010106,2026-04-11,福島,6,3歳未勝利,芝,2600,右,晴,良,"1回 福島 1日目 サラ系３歳 未勝利       [指] 馬齢 15頭 本賞金:590,240,150,89,59万円",15,590.0,8,2,3,グロートカイザー,牡,3,57.0,吉田隼,161.8,ハナ,6,17.7,36.5,7-6-12-11,栗東 辻野,438,-6,
202603010106,2026-04-11,福島,6,3歳未勝利,芝,2600,右,晴,良,"1回 福島 1日目 サラ系３歳 未勝利       [指] 馬齢 15頭 本賞金:590,240,150,89,59万円",15,590.0,9,7,12,ローレルエース,牡,3,57.0,田口,161.8,アタマ,11,58.8,37.1,2-2-5-4,美浦 松永康,472,4,
202603010106,2026-04-11,福島,6,3歳未勝利,芝,2600,右,晴,良,"1回 福島 1日目 サラ系３歳 未勝利       [指] 馬齢 15頭 本賞金:590,240,150,89,59万円",15,590.0,10,6,10,グランドフィナーレ,牡,3,57.0,小沢,162.1,1.1/2,9,34.5,36.5,13-12-15-13,栗東 橋口,460,12,
202603010106,2026-04-11,福島,6,3歳未勝利,芝,2600,右,晴,良,"1回 福島 1日目 サラ系３歳 未勝利       [指] 馬齢 15頭 本賞金:590,240,150,89,59万円",15,590.0,11,5,9,バチラ,牡,3,54.0,▲小林美,162.1,クビ,8,23.7,37.1,10-10-7-7,栗東 須貝,472,-2,
202603010106,2026-04-11,福島,6,3歳未勝利,芝,2600,右,晴,良,"1回 福島 1日目 サラ系３歳 未勝利       [指] 馬齢 15頭 本賞金:590,240,150,89,59万円",15,590.0,12,5,8,スノーエルヴァ,牝,3,55.0,菊沢,162.3,1,7,20.7,37.6,5-8-5-7,美浦 田村,450,-8,
202603010106,2026-04-11,福島,6,3歳未勝利,芝,2600,右,晴,良,"1回 福島 1日目 サラ系３歳 未勝利       [指] 馬齢 15頭 本賞金:590,240,150,89,59万円",15,590.0,13,7,13,ブルージェネシス,牡,3,54.0,▲遠藤,163.0,4,12,82.2,37.7,9-10-12-14,美浦 菊川,446,-6,
202603010106,2026-04-11,福島,6,3歳未勝利,芝,2600,右,晴,良,"1回 福島 1日目 サラ系３歳 未勝利       [指] 馬齢 15頭 本賞金:590,240,150,89,59万円",15,590.0,14,1,1,メイショウシュハリ,牝,3,53.0,◇永島,164.3,8,10,37.7,39.3,1-1-7-11,栗東 庄野,450,-2,
202603010106,2026-04-11,福島,6,3歳未勝利,芝,2600,右,晴,良,"1回 福島 1日目 サラ系３歳 未勝利       [指] 馬齢 15頭 本賞金:590,240,150,89,59万円",15,590.0,15,4,7,マイネルパーロル,牡,3,55.0,△舟山,165.3,6,5,16.4,40.1,7-7-10-14,美浦 嘉藤,444,-6,
202603010107,2026-04-11,福島,7,4歳以上1勝クラス,ダ,1700,右,晴,良,"1回 福島 1日目 サラ系４歳以上 １勝クラス       見習騎手 定量 15頭 本賞金:820,330,210,120,82万円",15,820.0,1,2,2,ルージュマローネ,牝,4,53.0,▲小林美,105.7,,9,29.2,38.7,1-1-1-1,美浦 栗田,480,2,
202603010107,2026-04-11,福島,7,4歳以上1勝クラス,ダ,1700,右,晴,良,"1回 福島 1日目 サラ系４歳以上 １勝クラス       見習騎手 定量 15頭 本賞金:820,330,210,120,82万円",15,820.0,2,6,10,ラストレガシー,牡,4,56.0,△舟山,105.8,1/2,4,5.8,38.7,4-5-2-2,美浦 手塚久,482,-12,
202603010107,2026-04-11,福島,7,4歳以上1勝クラス,ダ,1700,右,晴,良,"1回 福島 1日目 サラ系４歳以上 １勝クラス       見習騎手 定量 15頭 本賞金:820,330,210,120,82万円",15,820.0,3,4,6,プロスペクトパーク,牡,4,55.0,▲石神道,105.8,ハナ,2,4.9,38.7,3-3-2-2,美浦 高柳瑞,514,4,
202603010107,2026-04-11,福島,7,4歳以上1勝クラス,ダ,1700,右,晴,良,"1回 福島 1日目 サラ系４歳以上 １勝クラス       見習騎手 定量 15頭 本賞金:820,330,210,120,82万円",15,820.0,4,4,7,ホウオウバローロ,牡,5,55.0,▲森田,106.1,2,1,3.3,38.7,4-3-6-5,栗東 前川,472,2,
202603010107,2026-04-11,福島,7,4歳以上1勝クラス,ダ,1700,右,晴,良,"1回 福島 1日目 サラ系４歳以上 １勝クラス       見習騎手 定量 15頭 本賞金:820,330,210,120,82万円",15,820.0,5,8,14,チャチャピンク,牡,4,58.0,秋山稔,106.2,クビ,3,5.6,38.1,12-12-10-9,栗東 北出,472,-8,
202603010107,2026-04-11,福島,7,4歳以上1勝クラス,ダ,1700,右,晴,良,"1回 福島 1日目 サラ系４歳以上 １勝クラス       見習騎手 定量 15頭 本賞金:820,330,210,120,82万円",15,820.0,6,6,11,ハイケンス,牡,5,54.0,★河原田,106.2,クビ,10,41.9,39.0,2-2-2-4,栗東 今野,460,0,
202603010107,2026-04-11,福島,7,4歳以上1勝クラス,ダ,1700,右,晴,良,"1回 福島 1日目 サラ系４歳以上 １勝クラス       見習騎手 定量 15頭 本賞金:820,330,210,120,82万円",15,820.0,7,8,15,ワンダーウィルク,牡,7,55.0,▲和田陽,106.3,1/2,11,47.3,38.8,6-6-7-7,栗東 今野,514,-4,
202603010107,2026-04-11,福島,7,4歳以上1勝クラス,ダ,1700,右,晴,良,"1回 福島 1日目 サラ系４歳以上 １勝クラス       見習騎手 定量 15頭 本賞金:820,330,210,120,82万円",15,820.0,8,2,3,キングプロフィット,牡,5,55.0,▲大久保,106.4,1/2,15,243.3,38.6,7-6-8-8,美浦 天間,486,-4,
202603010107,2026-04-11,福島,7,4歳以上1勝クラス,ダ,1700,右,晴,良,"1回 福島 1日目 サラ系４歳以上 １勝クラス       見習騎手 定量 15頭 本賞金:820,330,210,120,82万円",15,820.0,9,7,12,スコーピオンイメル,牡,4,54.0,★谷原,107.3,5,6,10.0,40.1,12-12-2-5,栗東 武英,494,-6,
202603010107,2026-04-11,福島,7,4歳以上1勝クラス,ダ,1700,右,晴,良,"1回 福島 1日目 サラ系４歳以上 １勝クラス       見習騎手 定量 15頭 本賞金:820,330,210,120,82万円",15,820.0,10,3,4,スラーヴァ,牡,5,55.0,▲石田,107.8,3,12,95.9,39.3,9-10-12-11,美浦 高橋文,480,-4,
202603010107,2026-04-11,福島,7,4歳以上1勝クラス,ダ,1700,右,晴,良,"1回 福島 1日目 サラ系４歳以上 １勝クラス       見習騎手 定量 15頭 本賞金:820,330,210,120,82万円",15,820.0,11,7,13,アイファーファイト,牡,7,55.0,▲土田,107.9,3/4,13,148.0,38.6,14-15-15-15,美浦 的場,438,-10,
202603010107,2026-04-11,福島,7,4歳以上1勝クラス,ダ,1700,右,晴,良,"1回 福島 1日目 サラ系４歳以上 １勝クラス       見習騎手 定量 15頭 本賞金:820,330,210,120,82万円",15,820.0,12,3,5,ナインオブレター,牡,4,56.0,△長浜,108.4,3,7,21.5,40.5,9-10-8-9,美浦 佐藤吉,476,-4,
202603010107,2026-04-11,福島,7,4歳以上1勝クラス,ダ,1700,右,晴,良,"1回 福島 1日目 サラ系４歳以上 １勝クラス       見習騎手 定量 15頭 本賞金:820,330,210,120,82万円",15,820.0,13,5,8,リトルスカーレット,牝,4,56.0,小沢,108.5,クビ,8,22.9,39.5,8-9-13-13,栗東 柴田,494,0,
202603010107,2026-04-11,福島,7,4歳以上1勝クラス,ダ,1700,右,晴,良,"1回 福島 1日目 サラ系４歳以上 １勝クラス       見習騎手 定量 15頭 本賞金:820,330,210,120,82万円",15,820.0,14,1,1,プロスペクト,牡,5,56.0,△鷲頭,110.5,大,5,9.2,42.5,9-8-10-12,栗東 小栗,514,-2,
202603010107,2026-04-11,福島,7,4歳以上1勝クラス,ダ,1700,右,晴,良,"1回 福島 1日目 サラ系４歳以上 １勝クラス       見習騎手 定量 15頭 本賞金:820,330,210,120,82万円",15,820.0,15,5,9,バーニングフレーム,牝,4,54.0,◇永島,111.0,3,14,164.3,41.9,14-14-14-14,美浦 伊藤伸,466,0,
202603010108,2026-04-11,福島,8,4歳以上1勝クラス,ダ,1150,右,晴,良,"1回 福島 1日目 サラ系４歳以上 １勝クラス       (混)[指] 定量 16頭 本賞金:820,330,210,120,82万円",16,820.0,1,6,12,ヒラボクカレラ,牡,4,58.0,田口,69.0,,1,3.9,36.7,4-3,栗東 奥村豊,458,-12,
202603010108,2026-04-11,福島,8,4歳以上1勝クラス,ダ,1150,右,晴,良,"1回 福島 1日目 サラ系４歳以上 １勝クラス       (混)[指] 定量 16頭 本賞金:820,330,210,120,82万円",16,820.0,2,4,8,ケイアイマウンガ,牡,4,58.0,藤懸,69.1,1/2,4,5.2,37.1,1-1,栗東 宮本,476,0,
202603010108,2026-04-11,福島,8,4歳以上1勝クラス,ダ,1150,右,晴,良,"1回 福島 1日目 サラ系４歳以上 １勝クラス       (混)[指] 定量 16頭 本賞金:820,330,210,120,82万円",16,820.0,3,2,3,バルジール,牡,4,58.0,吉田隼,69.9,5,8,23.2,37.4,8-7,美浦 久保田,490,-4,
202603010108,2026-04-11,福島,8,4歳以上1勝クラス,ダ,1150,右,晴,良,"1回 福島 1日目 サラ系４歳以上 １勝クラス       (混)[指] 定量 16頭 本賞金:820,330,210,120,82万円",16,820.0,4,8,15,ナンヨークリスタル,セ,6,58.0,丸山,69.9,クビ,5,14.5,37.3,8-7,栗東 松永幹,500,-2,
202603010108,2026-04-11,福島,8,4歳以上1勝クラス,ダ,1150,右,晴,良,"1回 福島 1日目 サラ系４歳以上 １勝クラス       (混)[指] 定量 16頭 本賞金:820,330,210,120,82万円",16,820.0,5,1,2,ノーブルミステリー,牝,6,54.0,△舟山,70.0,クビ,14,76.4,36.8,13-11,美浦 菊川,458,-6,
202603010108,2026-04-11,福島,8,4歳以上1勝クラス,ダ,1150,右,晴,良,"1回 福島 1日目 サラ系４歳以上 １勝クラス       (混)[指] 定量 16頭 本賞金:820,330,210,120,82万円",16,820.0,6,3,6,グランデスフィーダ,牡,6,58.0,斎藤,70.0,クビ,3,4.9,37.0,12-9,栗東 佐藤悠,542,4,
202603010108,2026-04-11,福島,8,4歳以上1勝クラス,ダ,1150,右,晴,良,"1回 福島 1日目 サラ系４歳以上 １勝クラス       (混)[指] 定量 16頭 本賞金:820,330,210,120,82万円",16,820.0,7,8,16,シャーンゴッセ,セ,6,56.0,△長浜,70.0,アタマ,2,4.1,37.6,7-5,美浦 蛯名正,494,-2,
202603010108,2026-04-11,福島,8,4歳以上1勝クラス,ダ,1150,右,晴,良,"1回 福島 1日目 サラ系４歳以上 １勝クラス       (混)[指] 定量 16頭 本賞金:820,330,210,120,82万円",16,820.0,8,4,7,グッドヴァイブス,牡,5,58.0,菊沢,70.6,3.1/2,6,18.8,37.8,10-9,美浦 高柳瑞,482,-12,
202603010108,2026-04-11,福島,8,4歳以上1勝クラス,ダ,1150,右,晴,良,"1回 福島 1日目 サラ系４歳以上 １勝クラス       (混)[指] 定量 16頭 本賞金:820,330,210,120,82万円",16,820.0,9,7,14,レストプレドゥモア,牝,4,56.0,秋山稔,70.6,アタマ,10,37.1,38.5,2-2,栗東 小林,460,-12,
202603010108,2026-04-11,福島,8,4歳以上1勝クラス,ダ,1150,右,晴,良,"1回 福島 1日目 サラ系４歳以上 １勝クラス       (混)[指] 定量 16頭 本賞金:820,330,210,120,82万円",16,820.0,10,1,1,オロパタジン,牡,4,58.0,横山琉,70.9,1.1/2,11,45.8,37.2,15-15,美浦 相沢,466,-2,
202603010108,2026-04-11,福島,8,4歳以上1勝クラス,ダ,1150,右,晴,良,"1回 福島 1日目 サラ系４歳以上 １勝クラス       (混)[指] 定量 16頭 本賞金:820,330,210,120,82万円",16,820.0,11,6,11,サイコウダネ,牡,5,55.0,▲遠藤,71.2,2,16,181.2,38.4,10-11,美浦 天間,454,-8,
202603010108,2026-04-11,福島,8,4歳以上1勝クラス,ダ,1150,右,晴,良,"1回 福島 1日目 サラ系４歳以上 １勝クラス       (混)[指] 定量 16頭 本賞金:820,330,210,120,82万円",16,820.0,12,2,4,オコジュ,牝,6,56.0,江田照,71.3,3/4,13,71.9,39.0,4-3,美浦 矢嶋,472,0,
202603010108,2026-04-11,福島,8,4歳以上1勝クラス,ダ,1150,右,晴,良,"1回 福島 1日目 サラ系４歳以上 １勝クラス       (混)[指] 定量 16頭 本賞金:820,330,210,120,82万円",16,820.0,13,3,5,メイショウハボマイ,牡,4,58.0,黛,71.5,1,15,113.5,37.6,16-16,栗東 本田,470,-8,
202603010108,2026-04-11,福島,8,4歳以上1勝クラス,ダ,1150,右,晴,良,"1回 福島 1日目 サラ系４歳以上 １勝クラス       (混)[指] 定量 16頭 本賞金:820,330,210,120,82万円",16,820.0,14,5,9,エコロレオナ,牝,4,53.0,▲和田陽,71.7,1,7,20.3,38.6,13-11,栗東 森秀,432,-8,
202603010108,2026-04-11,福島,8,4歳以上1勝クラス,ダ,1150,右,晴,良,"1回 福島 1日目 サラ系４歳以上 １勝クラス       (混)[指] 定量 16頭 本賞金:820,330,210,120,82万円",16,820.0,15,7,13,マカニ,牝,4,53.0,▲森田,73.2,9,9,24.7,41.1,2-5,美浦 尾形,470,-4,
202603010108,2026-04-11,福島,8,4歳以上1勝クラス,ダ,1150,右,晴,良,"1回 福島 1日目 サラ系４歳以上 １勝クラス       (混)[指] 定量 16頭 本賞金:820,330,210,120,82万円",16,820.0,16,5,10,リアンエターナル,牝,4,56.0,武藤,73.6,2.1/2,12,49.6,41.3,4-11,美浦 武藤,434,-6,
202603010109,2026-04-11,福島,9,浄土平特別,芝,1800,右,晴,良,"1回 福島 1日目 サラ系４歳以上 １勝クラス       (混)[指] 定量 16頭 本賞金:1140,460,290,170,114万円",16,1140.0,1,2,3,フォルテフィオーレ,牡,5,58.0,丹内,107.0,,1,3.6,35.4,8-6-8-6,美浦 上原佑,450,-6,
202603010109,2026-04-11,福島,9,浄土平特別,芝,1800,右,晴,良,"1回 福島 1日目 サラ系４歳以上 １勝クラス       (混)[指] 定量 16頭 本賞金:1140,460,290,170,114万円",16,1140.0,2,5,9,コスモキャバリエ,牡,4,58.0,斎藤,107.1,3/4,8,21.4,36.0,2-2-2-1,美浦 室井,474,-4,
202603010109,2026-04-11,福島,9,浄土平特別,芝,1800,右,晴,良,"1回 福島 1日目 サラ系４歳以上 １勝クラス       (混)[指] 定量 16頭 本賞金:1140,460,290,170,114万円",16,1140.0,3,1,2,レッドシュテルン,セ,4,58.0,小崎,107.6,3,7,18.0,36.3,3-2-4-4,栗東 高橋一,498,0,
202603010109,2026-04-11,福島,9,浄土平特別,芝,1800,右,晴,良,"1回 福島 1日目 サラ系４歳以上 １勝クラス       (混)[指] 定量 16頭 本賞金:1140,460,290,170,114万円",16,1140.0,4,6,12,ロットブラータ,牡,4,58.0,藤懸,107.6,アタマ,3,5.5,36.4,3-4-3-2,栗東 平田,530,-2,
202603010109,2026-04-11,福島,9,浄土平特別,芝,1800,右,晴,良,"1回 福島 1日目 サラ系４歳以上 １勝クラス       (混)[指] 定量 16頭 本賞金:1140,460,290,170,114万円",16,1140.0,5,7,13,シアブリス,牝,5,56.0,石川,107.7,クビ,14,75.1,35.5,13-13-15-14,美浦 手塚徳,432,-26,
202603010109,2026-04-11,福島,9,浄土平特別,芝,1800,右,晴,良,"1回 福島 1日目 サラ系４歳以上 １勝クラス       (混)[指] 定量 16頭 本賞金:1140,460,290,170,114万円",16,1140.0,6,5,10,スペードギニー,セ,4,58.0,横山琉,107.8,3/4,11,39.2,35.7,14-15-13-14,美浦 大和田,466,-5,
202603010109,2026-04-11,福島,9,浄土平特別,芝,1800,右,晴,良,"1回 福島 1日目 サラ系４歳以上 １勝クラス       (混)[指] 定量 16頭 本賞金:1140,460,290,170,114万円",16,1140.0,7,6,11,サトノラポール,セ,4,58.0,舟山,107.8,ハナ,9,24.1,36.2,8-6-8-6,美浦 鹿戸,466,-6,
202603010109,2026-04-11,福島,9,浄土平特別,芝,1800,右,晴,良,"1回 福島 1日目 サラ系４歳以上 １勝クラス       (混)[指] 定量 16頭 本賞金:1140,460,290,170,114万円",16,1140.0,8,3,6,エナジーショット,牝,4,56.0,長浜,107.8,ハナ,12,57.5,36.5,5-4-4-4,美浦 矢嶋,418,-10,
202603010109,2026-04-11,福島,9,浄土平特別,芝,1800,右,晴,良,"1回 福島 1日目 サラ系４歳以上 １勝クラス       (混)[指] 定量 16頭 本賞金:1140,460,290,170,114万円",16,1140.0,9,7,14,ガンバルマン,牡,4,58.0,原田和,107.8,クビ,4,7.3,35.7,14-13-13-10,美浦 萱野,480,12,
202603010109,2026-04-11,福島,9,浄土平特別,芝,1800,右,晴,良,"1回 福島 1日目 サラ系４歳以上 １勝クラス       (混)[指] 定量 16頭 本賞金:1140,460,290,170,114万円",16,1140.0,10,3,5,ゼットエイト,牡,4,58.0,国分恭,107.9,クビ,10,38.3,36.1,10-10-11-11,栗東 宮地,466,-2,
202603010109,2026-04-11,福島,9,浄土平特別,芝,1800,右,晴,良,"1回 福島 1日目 サラ系４歳以上 １勝クラス       (混)[指] 定量 16頭 本賞金:1140,460,290,170,114万円",16,1140.0,11,8,16,レッドシュトラール,セ,4,58.0,野中,108.1,1.1/4,13,66.1,36.4,10-10-10-11,美浦 宮田,474,-12,
202603010109,2026-04-11,福島,9,浄土平特別,芝,1800,右,晴,良,"1回 福島 1日目 サラ系４歳以上 １勝クラス       (混)[指] 定量 16頭 本賞金:1140,460,290,170,114万円",16,1140.0,12,8,15,デイジー,牝,5,56.0,江田照,108.2,3/4,2,4.4,36.8,6-6-6-6,美浦 田中勝,472,4,
202603010109,2026-04-11,福島,9,浄土平特別,芝,1800,右,晴,良,"1回 福島 1日目 サラ系４歳以上 １勝クラス       (混)[指] 定量 16頭 本賞金:1140,460,290,170,114万円",16,1140.0,13,4,7,ラトラース,セ,4,58.0,小沢,108.3,3/4,5,8.2,36.9,6-6-6-6,栗東 中内田,474,2,
202603010109,2026-04-11,福島,9,浄土平特別,芝,1800,右,晴,良,"1回 福島 1日目 サラ系４歳以上 １勝クラス       (混)[指] 定量 16頭 本賞金:1140,460,290,170,114万円",16,1140.0,14,4,8,フォートポータル,セ,5,58.0,秋山稔,108.9,3.1/2,16,230.7,37.0,10-10-11-11,美浦 粕谷,460,-12,
202603010109,2026-04-11,福島,9,浄土平特別,芝,1800,右,晴,良,"1回 福島 1日目 サラ系４歳以上 １勝クラス       (混)[指] 定量 16頭 本賞金:1140,460,290,170,114万円",16,1140.0,15,2,4,グレヴィレア,牝,4,56.0,荻野極,109.0,クビ,6,15.8,37.9,1-1-1-2,美浦 浅利,436,-1,
202603010109,2026-04-11,福島,9,浄土平特別,芝,1800,右,晴,良,"1回 福島 1日目 サラ系４歳以上 １勝クラス       (混)[指] 定量 16頭 本賞金:1140,460,290,170,114万円",16,1140.0,16,1,1,メイショウヒュウガ,牡,6,58.0,田口,109.0,アタマ,15,129.7,36.3,14-16-16-16,栗東 安達,482,-8,
202603010110,2026-04-11,福島,10,花見山特別,芝,1200,右,晴,良,"1回 福島 1日目 サラ系４歳以上 ２勝クラス       (混)(特指) 定量 16頭 本賞金:1580,630,400,240,158万円",16,1580.0,1,8,16,アサクサグレース,牝,4,56.0,杉原,67.7,,2,3.7,34.3,2-1,栗東 加藤公,458,-8,
202603010110,2026-04-11,福島,10,花見山特別,芝,1200,右,晴,良,"1回 福島 1日目 サラ系４歳以上 ２勝クラス       (混)(特指) 定量 16頭 本賞金:1580,630,400,240,158万円",16,1580.0,2,2,4,ヴァンヴィーヴ,牡,5,58.0,丹内,68.1,2.1/2,1,2.6,33.9,9-8,栗東 牧浦,512,0,
202603010110,2026-04-11,福島,10,花見山特別,芝,1200,右,晴,良,"1回 福島 1日目 サラ系４歳以上 ２勝クラス       (混)(特指) 定量 16頭 本賞金:1580,630,400,240,158万円",16,1580.0,3,4,8,ハニーローリエ,牝,4,56.0,舟山,68.2,3/4,7,19.0,34.4,3-3,美浦 小手川,472,-2,
202603010110,2026-04-11,福島,10,花見山特別,芝,1200,右,晴,良,"1回 福島 1日目 サラ系４歳以上 ２勝クラス       (混)(特指) 定量 16頭 本賞金:1580,630,400,240,158万円",16,1580.0,3,6,12,バンブルビー,牡,4,58.0,石田,68.2,3/4,5,15.2,34.0,9-8,美浦 浅利,460,-6,
202603010110,2026-04-11,福島,10,花見山特別,芝,1200,右,晴,良,"1回 福島 1日目 サラ系４歳以上 ２勝クラス       (混)(特指) 定量 16頭 本賞金:1580,630,400,240,158万円",16,1580.0,5,1,2,ホウオウブースター,牡,4,58.0,丸田,68.4,1.1/4,4,8.8,34.3,6-4,美浦 高柳瑞,442,-6,
202603010110,2026-04-11,福島,10,花見山特別,芝,1200,右,晴,良,"1回 福島 1日目 サラ系４歳以上 ２勝クラス       (混)(特指) 定量 16頭 本賞金:1580,630,400,240,158万円",16,1580.0,6,5,9,マジカルフェアリー,牝,4,56.0,菊沢,68.5,1/2,6,17.0,34.2,11-11,栗東 寺島,436,-10,
202603010110,2026-04-11,福島,10,花見山特別,芝,1200,右,晴,良,"1回 福島 1日目 サラ系４歳以上 ２勝クラス       (混)(特指) 定量 16頭 本賞金:1580,630,400,240,158万円",16,1580.0,7,6,11,アタリダイキチ,牡,4,58.0,中井,68.5,アタマ,8,23.2,34.4,6-8,美浦 西田,484,-14,
202603010110,2026-04-11,福島,10,花見山特別,芝,1200,右,晴,良,"1回 福島 1日目 サラ系４歳以上 ２勝クラス       (混)(特指) 定量 16頭 本賞金:1580,630,400,240,158万円",16,1580.0,8,7,14,マルプリ,牝,6,56.0,野中,68.5,クビ,15,117.3,34.1,12-11,美浦 青木,466,-2,
202603010110,2026-04-11,福島,10,花見山特別,芝,1200,右,晴,良,"1回 福島 1日目 サラ系４歳以上 ２勝クラス       (混)(特指) 定量 16頭 本賞金:1580,630,400,240,158万円",16,1580.0,9,3,5,バシレイア,牝,4,56.0,武藤,68.6,クビ,3,7.4,34.5,6-6,美浦 西田,450,4,
202603010110,2026-04-11,福島,10,花見山特別,芝,1200,右,晴,良,"1回 福島 1日目 サラ系４歳以上 ２勝クラス       (混)(特指) 定量 16頭 本賞金:1580,630,400,240,158万円",16,1580.0,10,4,7,ゴキゲンサン,牝,6,56.0,長浜,68.6,ハナ,12,71.9,34.1,12-14,美浦 伊藤大,498,2,
202603010110,2026-04-11,福島,10,花見山特別,芝,1200,右,晴,良,"1回 福島 1日目 サラ系４歳以上 ２勝クラス       (混)(特指) 定量 16頭 本賞金:1580,630,400,240,158万円",16,1580.0,11,5,10,ブライティアダイヤ,牝,5,56.0,大久保,68.8,1.1/2,16,127.9,34.0,15-15,美浦 稲垣,468,4,
202603010110,2026-04-11,福島,10,花見山特別,芝,1200,右,晴,良,"1回 福島 1日目 サラ系４歳以上 ２勝クラス       (混)(特指) 定量 16頭 本賞金:1580,630,400,240,158万円",16,1580.0,12,2,3,ムチャスグラシアス,牝,5,56.0,田口,69.1,2,10,40.8,34.6,12-11,美浦 菊川,438,0,
202603010110,2026-04-11,福島,10,花見山特別,芝,1200,右,晴,良,"1回 福島 1日目 サラ系４歳以上 ２勝クラス       (混)(特指) 定量 16頭 本賞金:1580,630,400,240,158万円",16,1580.0,13,7,13,タマカヅラ,牝,4,56.0,斎藤,69.2,1/2,9,25.9,35.3,3-4,美浦 斎藤誠,424,0,
202603010110,2026-04-11,福島,10,花見山特別,芝,1200,右,晴,良,"1回 福島 1日目 サラ系４歳以上 ２勝クラス       (混)(特指) 定量 16頭 本賞金:1580,630,400,240,158万円",16,1580.0,14,1,1,シュラフ,牝,4,56.0,江田照,69.4,1.1/4,13,72.5,34.5,16-15,美浦 佐藤吉,442,-8,
202603010110,2026-04-11,福島,10,花見山特別,芝,1200,右,晴,良,"1回 福島 1日目 サラ系４歳以上 ２勝クラス       (混)(特指) 定量 16頭 本賞金:1580,630,400,240,158万円",16,1580.0,15,8,15,ラトルシェ,牝,4,56.0,横山琉,69.4,アタマ,11,64.1,35.4,5-6,美浦 菊川,470,2,
202603010110,2026-04-11,福島,10,花見山特別,芝,1200,右,晴,良,"1回 福島 1日目 サラ系４歳以上 ２勝クラス       (混)(特指) 定量 16頭 本賞金:1580,630,400,240,158万円",16,1580.0,16,3,6,クリノハレルヤ,牝,5,56.0,高倉,69.9,3,14,73.8,36.6,1-2,栗東 武英,484,4,
202603010111,2026-04-11,福島,11,吾妻小富士S,ダ,1700,右,晴,良,"1回 福島 1日目 サラ系４歳以上 オープン       (国際)(特指) ハンデ 15頭 本賞金:2200,880,550,330,220万円",15,2200.0,1,1,1,ラタフォレスト,牡,5,56.0,斎藤,103.4,,5,7.2,37.0,5-4-4-3,美浦 加藤征,510,0,
202603010111,2026-04-11,福島,11,吾妻小富士S,ダ,1700,右,晴,良,"1回 福島 1日目 サラ系４歳以上 オープン       (国際)(特指) ハンデ 15頭 本賞金:2200,880,550,330,220万円",15,2200.0,2,8,15,タガノミスト,牝,5,55.0,丸山,103.6,1.1/4,7,16.3,37.8,2-2-2-1,栗東 渡辺,482,-8,
202603010111,2026-04-11,福島,11,吾妻小富士S,ダ,1700,右,晴,良,"1回 福島 1日目 サラ系４歳以上 オープン       (国際)(特指) ハンデ 15頭 本賞金:2200,880,550,330,220万円",15,2200.0,3,6,11,スナークラファエロ,セ,5,56.0,小崎,104.1,3,3,6.7,37.6,4-4-4-5,栗東 野中,464,-8,
202603010111,2026-04-11,福島,11,吾妻小富士S,ダ,1700,右,晴,良,"1回 福島 1日目 サラ系４歳以上 オープン       (国際)(特指) ハンデ 15頭 本賞金:2200,880,550,330,220万円",15,2200.0,4,6,10,レイナデアルシーラ,牝,4,53.0,田口,104.1,アタマ,6,9.0,37.8,3-3-3-3,栗東 西園翔,510,-12,
202603010111,2026-04-11,福島,11,吾妻小富士S,ダ,1700,右,晴,良,"1回 福島 1日目 サラ系４歳以上 オープン       (国際)(特指) ハンデ 15頭 本賞金:2200,880,550,330,220万円",15,2200.0,5,7,13,カンピオーネ,牡,7,55.0,菊沢,104.5,2.1/2,2,5.6,37.2,9-10-12-12,美浦 栗田,516,-10,
202603010111,2026-04-11,福島,11,吾妻小富士S,ダ,1700,右,晴,良,"1回 福島 1日目 サラ系４歳以上 オープン       (国際)(特指) ハンデ 15頭 本賞金:2200,880,550,330,220万円",15,2200.0,6,4,6,ホールシバン,セ,8,56.0,秋山稔,104.6,クビ,10,27.3,36.8,15-15-15-14,栗東 高橋忠,524,-2,
202603010111,2026-04-11,福島,11,吾妻小富士S,ダ,1700,右,晴,良,"1回 福島 1日目 サラ系４歳以上 オープン       (国際)(特指) ハンデ 15頭 本賞金:2200,880,550,330,220万円",15,2200.0,7,5,9,マリアナトレンチ,牡,6,55.0,富田,104.6,アタマ,12,44.4,37.9,9-9-7-7,栗東 東田,472,-2,
202603010111,2026-04-11,福島,11,吾妻小富士S,ダ,1700,右,晴,良,"1回 福島 1日目 サラ系４歳以上 オープン       (国際)(特指) ハンデ 15頭 本賞金:2200,880,550,330,220万円",15,2200.0,8,2,3,コトホドサヨウニ,牡,5,57.0,松若,104.7,クビ,1,3.9,37.7,13-13-10-10,栗東 奥村豊,516,-6,
202603010111,2026-04-11,福島,11,吾妻小富士S,ダ,1700,右,晴,良,"1回 福島 1日目 サラ系４歳以上 オープン       (国際)(特指) ハンデ 15頭 本賞金:2200,880,550,330,220万円",15,2200.0,9,3,5,ミッキークレスト,牡,5,56.0,丹内,104.8,3/4,4,6.9,37.4,14-14-13-12,栗東 大久保,520,-2,
202603010111,2026-04-11,福島,11,吾妻小富士S,ダ,1700,右,晴,良,"1回 福島 1日目 サラ系４歳以上 オープン       (国際)(特指) ハンデ 15頭 本賞金:2200,880,550,330,220万円",15,2200.0,10,5,8,ダイシンピスケス,牡,8,56.0,中井,105.2,2.1/2,15,99.6,38.2,8-7-10-7,栗東 森秀,510,-2,
202603010111,2026-04-11,福島,11,吾妻小富士S,ダ,1700,右,晴,良,"1回 福島 1日目 サラ系４歳以上 オープン       (国際)(特指) ハンデ 15頭 本賞金:2200,880,550,330,220万円",15,2200.0,11,2,2,イスラアネーロ,牡,7,56.0,川又,105.4,1.1/2,14,90.2,38.7,5-7-7-5,栗東 吉村,456,-6,
202603010111,2026-04-11,福島,11,吾妻小富士S,ダ,1700,右,晴,良,"1回 福島 1日目 サラ系４歳以上 オープン       (国際)(特指) ハンデ 15頭 本賞金:2200,880,550,330,220万円",15,2200.0,12,4,7,サンライズホーク,セ,7,58.0,松岡,106.2,5,13,47.5,39.5,5-6-7-10,栗東 牧浦,512,0,
202603010111,2026-04-11,福島,11,吾妻小富士S,ダ,1700,右,晴,良,"1回 福島 1日目 サラ系４歳以上 オープン       (国際)(特指) ハンデ 15頭 本賞金:2200,880,550,330,220万円",15,2200.0,13,3,4,ペプチドソレイユ,牡,6,55.0,高倉,106.2,アタマ,9,21.4,39.8,12-11-4-7,栗東 武英,490,-8,
202603010111,2026-04-11,福島,11,吾妻小富士S,ダ,1700,右,晴,良,"1回 福島 1日目 サラ系４歳以上 オープン       (国際)(特指) ハンデ 15頭 本賞金:2200,880,550,330,220万円",15,2200.0,14,8,14,レアンダー,牡,5,54.0,古川吉,106.3,クビ,8,20.5,40.6,1-1-1-2,栗東 大根田,460,0,
202603010111,2026-04-11,福島,11,吾妻小富士S,ダ,1700,右,晴,良,"1回 福島 1日目 サラ系４歳以上 オープン       (国際)(特指) ハンデ 15頭 本賞金:2200,880,550,330,220万円",15,2200.0,15,7,12,ダンツエラン,牝,4,53.0,黛,106.9,3.1/2,11,39.2,39.2,9-11-14-15,栗東 本田,492,-2,
202603010112,2026-04-11,福島,12,4歳以上1勝クラス,芝,1200,右,晴,良,"1回 福島 1日目 サラ系４歳以上 １勝クラス       牝[指] 定量 16頭 本賞金:820,330,210,120,82万円",16,820.0,1,4,8,ライツユーアップ,牝,4,56.0,丹内,68.3,,4,7.0,34.0,4-4,栗東 角田,452,2,
202603010112,2026-04-11,福島,12,4歳以上1勝クラス,芝,1200,右,晴,良,"1回 福島 1日目 サラ系４歳以上 １勝クラス       牝[指] 定量 16頭 本賞金:820,330,210,120,82万円",16,820.0,2,1,2,グランテレーズ,牝,5,56.0,小沢,68.3,ハナ,6,9.0,34.2,3-2,栗東 渡辺,458,2,
202603010112,2026-04-11,福島,12,4歳以上1勝クラス,芝,1200,右,晴,良,"1回 福島 1日目 サラ系４歳以上 １勝クラス       牝[指] 定量 16頭 本賞金:820,330,210,120,82万円",16,820.0,3,5,10,セイプリーズ,牝,4,56.0,古川吉,68.4,1/2,3,6.5,34.2,4-4,栗東 宮,428,-8,
202603010112,2026-04-11,福島,12,4歳以上1勝クラス,芝,1200,右,晴,良,"1回 福島 1日目 サラ系４歳以上 １勝クラス       牝[指] 定量 16頭 本賞金:820,330,210,120,82万円",16,820.0,4,7,14,モルティフレーバー,牝,4,56.0,亀田,68.6,1.1/2,14,73.5,33.6,14-14,栗東 清水久,472,-6,
202603010112,2026-04-11,福島,12,4歳以上1勝クラス,芝,1200,右,晴,良,"1回 福島 1日目 サラ系４歳以上 １勝クラス       牝[指] 定量 16頭 本賞金:820,330,210,120,82万円",16,820.0,5,2,3,ホウオウドルーリー,牝,5,53.0,▲森田,68.6,ハナ,11,28.4,34.1,8-8,栗東 宮,482,14,
202603010112,2026-04-11,福島,12,4歳以上1勝クラス,芝,1200,右,晴,良,"1回 福島 1日目 サラ系４歳以上 １勝クラス       牝[指] 定量 16頭 本賞金:820,330,210,120,82万円",16,820.0,6,6,11,マーシーラン,牝,5,56.0,丸山,68.7,クビ,1,4.7,34.3,6-7,栗東 渡辺,454,-4,
202603010112,2026-04-11,福島,12,4歳以上1勝クラス,芝,1200,右,晴,良,"1回 福島 1日目 サラ系４歳以上 １勝クラス       牝[指] 定量 16頭 本賞金:820,330,210,120,82万円",16,820.0,7,8,16,ウインイザナミ,牝,4,56.0,石川,68.7,クビ,7,13.2,34.3,6-4,美浦 上原博,496,-8,
202603010112,2026-04-11,福島,12,4歳以上1勝クラス,芝,1200,右,晴,良,"1回 福島 1日目 サラ系４歳以上 １勝クラス       牝[指] 定量 16頭 本賞金:820,330,210,120,82万円",16,820.0,8,3,5,スウィートリワード,牝,5,56.0,田口,68.8,3/4,13,39.5,33.9,13-11,栗東 宮本,460,2,
202603010112,2026-04-11,福島,12,4歳以上1勝クラス,芝,1200,右,晴,良,"1回 福島 1日目 サラ系４歳以上 １勝クラス       牝[指] 定量 16頭 本賞金:820,330,210,120,82万円",16,820.0,9,1,1,アートフォーム,牝,5,53.0,▲和田陽,68.9,クビ,9,17.2,34.1,12-11,栗東 畑端,456,-6,
202603010112,2026-04-11,福島,12,4歳以上1勝クラス,芝,1200,右,晴,良,"1回 福島 1日目 サラ系４歳以上 １勝クラス       牝[指] 定量 16頭 本賞金:820,330,210,120,82万円",16,820.0,10,5,9,プリュノワール,牝,5,56.0,杉原,68.9,ハナ,5,8.8,33.5,16-16,美浦 浅利,446,-4,
202603010112,2026-04-11,福島,12,4歳以上1勝クラス,芝,1200,右,晴,良,"1回 福島 1日目 サラ系４歳以上 １勝クラス       牝[指] 定量 16頭 本賞金:820,330,210,120,82万円",16,820.0,11,2,4,アーニャワクワク,牝,5,56.0,国分恭,69.1,1.1/2,16,103.5,34.4,9-11,栗東 谷,406,-25,
202603010112,2026-04-11,福島,12,4歳以上1勝クラス,芝,1200,右,晴,良,"1回 福島 1日目 サラ系４歳以上 １勝クラス       牝[指] 定量 16頭 本賞金:820,330,210,120,82万円",16,820.0,12,4,7,ディクシーヴォーグ,牝,4,54.0,△舟山,69.1,ハナ,12,32.7,34.0,15-14,美浦 菊川,436,-10,
202603010112,2026-04-11,福島,12,4歳以上1勝クラス,芝,1200,右,晴,良,"1回 福島 1日目 サラ系４歳以上 １勝クラス       牝[指] 定量 16頭 本賞金:820,330,210,120,82万円",16,820.0,13,3,6,ミニマルデザイン,牝,5,53.0,▲石田,69.2,1/2,15,82.9,34.6,9-8,美浦 岩戸,466,-2,
202603010112,2026-04-11,福島,12,4歳以上1勝クラス,芝,1200,右,晴,良,"1回 福島 1日目 サラ系４歳以上 １勝クラス       牝[指] 定量 16頭 本賞金:820,330,210,120,82万円",16,820.0,14,6,12,レッドカメリア,牝,6,53.0,▲遠藤,69.6,2.1/2,10,25.6,35.0,9-8,美浦 佐藤吉,464,-2,
202603010112,2026-04-11,福島,12,4歳以上1勝クラス,芝,1200,右,晴,良,"1回 福島 1日目 サラ系４歳以上 １勝クラス       牝[指] 定量 16頭 本賞金:820,330,210,120,82万円",16,820.0,15,8,15,ルシェロアズーリ,牝,4,53.0,▲小林美,69.8,1,8,16.5,35.9,2-2,美浦 鈴木伸,440,2,
202603010112,2026-04-11,福島,12,4歳以上1勝クラス,芝,1200,右,晴,良,"1回 福島 1日目 サラ系４歳以上 １勝クラス       牝[指] 定量 16頭 本賞金:820,330,210,120,82万円",16,820.0,16,7,13,サンポーニャ,牝,6,54.0,◇今村,70.5,4,2,6.1,36.8,1-1,栗東 池江,448,-10,
202606030501,2026-04-11,中山,1,3歳未勝利,ダ,1800,右,晴,重,"3回 中山 5日目 サラ系３歳 未勝利       牝[指] 馬齢 16頭 本賞金:590,240,150,89,59万円",16,590.0,1,1,2,アスコットヴェール,牝,3,55.0,横山武,113.3,,1,1.7,38.4,1-1-1-1,美浦 竹内,478,4,
202606030501,2026-04-11,中山,1,3歳未勝利,ダ,1800,右,晴,重,"3回 中山 5日目 サラ系３歳 未勝利       牝[指] 馬齢 16頭 本賞金:590,240,150,89,59万円",16,590.0,2,8,15,ビーチイン,牝,3,55.0,横山和,114.8,9,2,5.0,39.2,11-11-5-3,美浦 和田勇,420,-6,
202606030501,2026-04-11,中山,1,3歳未勝利,ダ,1800,右,晴,重,"3回 中山 5日目 サラ系３歳 未勝利       牝[指] 馬齢 16頭 本賞金:590,240,150,89,59万円",16,590.0,3,3,5,コウソクユノ,牝,3,55.0,原,115.3,3,4,10.2,40.1,5-5-2-2,美浦 中舘,428,2,
202606030501,2026-04-11,中山,1,3歳未勝利,ダ,1800,右,晴,重,"3回 中山 5日目 サラ系３歳 未勝利       牝[指] 馬齢 16頭 本賞金:590,240,150,89,59万円",16,590.0,4,7,13,ライヴマルガリータ,牝,3,55.0,石橋脩,115.9,3.1/2,5,19.9,40.1,14-13-9-5,美浦 牧,458,-4,
202606030501,2026-04-11,中山,1,3歳未勝利,ダ,1800,右,晴,重,"3回 中山 5日目 サラ系３歳 未勝利       牝[指] 馬齢 16頭 本賞金:590,240,150,89,59万円",16,590.0,5,1,1,アスパラゴ,牝,3,55.0,大野,116.0,アタマ,6,33.2,39.4,13-13-13-10,美浦 田村,472,-4,
202606030501,2026-04-11,中山,1,3歳未勝利,ダ,1800,右,晴,重,"3回 中山 5日目 サラ系３歳 未勝利       牝[指] 馬齢 16頭 本賞金:590,240,150,89,59万円",16,590.0,6,7,14,グラスベリー,牝,3,55.0,木幡巧,116.3,1.3/4,15,255.8,40.5,9-10-9-8,美浦 佐藤吉,458,-2,
202606030501,2026-04-11,中山,1,3歳未勝利,ダ,1800,右,晴,重,"3回 中山 5日目 サラ系３歳 未勝利       牝[指] 馬齢 16頭 本賞金:590,240,150,89,59万円",16,590.0,7,4,7,バオシェテンシ,牝,3,52.0,▲水沼,116.3,クビ,14,235.4,40.6,7-7-8-7,美浦 加藤和,430,2,
202606030501,2026-04-11,中山,1,3歳未勝利,ダ,1800,右,晴,重,"3回 中山 5日目 サラ系３歳 未勝利       牝[指] 馬齢 16頭 本賞金:590,240,150,89,59万円",16,590.0,8,3,6,ロット,牝,3,55.0,嶋田,116.7,2.1/2,10,75.4,40.4,11-11-12-10,美浦 本間,420,-4,
202606030501,2026-04-11,中山,1,3歳未勝利,ダ,1800,右,晴,重,"3回 中山 5日目 サラ系３歳 未勝利       牝[指] 馬齢 16頭 本賞金:590,240,150,89,59万円",16,590.0,9,5,9,マイトリックスター,牝,3,55.0,岩田康,116.8,1/2,11,107.6,39.7,16-16-15-14,美浦 和田勇,430,-2,
202606030501,2026-04-11,中山,1,3歳未勝利,ダ,1800,右,晴,重,"3回 中山 5日目 サラ系３歳 未勝利       牝[指] 馬齢 16頭 本賞金:590,240,150,89,59万円",16,590.0,10,6,12,カスターニエ,牝,3,52.0,▲佐藤,117.1,1.3/4,12,125.3,41.6,5-5-5-8,美浦 伊藤圭,422,-2,
202606030501,2026-04-11,中山,1,3歳未勝利,ダ,1800,右,晴,重,"3回 中山 5日目 サラ系３歳 未勝利       牝[指] 馬齢 16頭 本賞金:590,240,150,89,59万円",16,590.0,11,6,11,キタノローズ,牝,3,55.0,佐々木,117.4,1.1/2,7,34.6,42.2,2-2-2-3,美浦 室井,470,0,
202606030501,2026-04-11,中山,1,3歳未勝利,ダ,1800,右,晴,重,"3回 中山 5日目 サラ系３歳 未勝利       牝[指] 馬齢 16頭 本賞金:590,240,150,89,59万円",16,590.0,12,5,10,ジーティーフクフク,牝,3,52.0,▲上里,117.7,2,8,38.8,42.5,3-3-2-5,美浦 西田,452,4,
202606030501,2026-04-11,中山,1,3歳未勝利,ダ,1800,右,晴,重,"3回 中山 5日目 サラ系３歳 未勝利       牝[指] 馬齢 16頭 本賞金:590,240,150,89,59万円",16,590.0,13,2,3,メイショウオタモイ,牝,3,55.0,柴田大,117.9,1.1/2,16,272.2,41.8,3-3-11-12,美浦 高柳瑞,448,2,
202606030501,2026-04-11,中山,1,3歳未勝利,ダ,1800,右,晴,重,"3回 中山 5日目 サラ系３歳 未勝利       牝[指] 馬齢 16頭 本賞金:590,240,150,89,59万円",16,590.0,14,2,4,パレホ,牝,3,55.0,吉田豊,119.8,大,13,173.6,43.2,15-15-13-15,美浦 中川,504,0,
202606030501,2026-04-11,中山,1,3歳未勝利,ダ,1800,右,晴,重,"3回 中山 5日目 サラ系３歳 未勝利       牝[指] 馬齢 16頭 本賞金:590,240,150,89,59万円",16,590.0,15,8,16,モーリア,牝,3,55.0,津村,121.7,大,3,5.6,46.1,9-8-5-12,美浦 伊藤大,462,12,
202606030501,2026-04-11,中山,1,3歳未勝利,ダ,1800,右,晴,重,"3回 中山 5日目 サラ系３歳 未勝利       牝[指] 馬齢 16頭 本賞金:590,240,150,89,59万円",16,590.0,16,4,8,ジェムシリカ,牝,3,55.0,小林脩,121.9,3/4,9,39.7,44.1,7-8-16-16,美浦 千葉,450,0,
202606030502,2026-04-11,中山,2,3歳未勝利,ダ,1200,右,晴,重,"3回 中山 5日目 サラ系３歳 未勝利       [指] 馬齢 16頭 本賞金:590,240,150,89,59万円",16,590.0,1,5,9,ラベンダーヘイズ,牡,3,57.0,木幡巧,70.9,,7,15.4,37.1,2-2,美浦 岩戸,460,0,
202606030502,2026-04-11,中山,2,3歳未勝利,ダ,1200,右,晴,重,"3回 中山 5日目 サラ系３歳 未勝利       [指] 馬齢 16頭 本賞金:590,240,150,89,59万円",16,590.0,2,3,5,フェイスリフト,牡,3,57.0,原,71.3,2,1,2.4,37.0,6-6,美浦 嘉藤,464,0,
202606030502,2026-04-11,中山,2,3歳未勝利,ダ,1200,右,晴,重,"3回 中山 5日目 サラ系３歳 未勝利       [指] 馬齢 16頭 本賞金:590,240,150,89,59万円",16,590.0,3,8,15,スカット,牝,3,52.0,▲上里,71.7,2.1/2,3,7.6,37.7,4-4,美浦 堀内,440,-2,
202606030502,2026-04-11,中山,2,3歳未勝利,ダ,1200,右,晴,重,"3回 中山 5日目 サラ系３歳 未勝利       [指] 馬齢 16頭 本賞金:590,240,150,89,59万円",16,590.0,4,2,4,ラストシャイニー,牝,3,55.0,横山和,71.7,アタマ,8,25.3,37.8,4-4,美浦 千葉,420,-6,
202606030502,2026-04-11,中山,2,3歳未勝利,ダ,1200,右,晴,重,"3回 中山 5日目 サラ系３歳 未勝利       [指] 馬齢 16頭 本賞金:590,240,150,89,59万円",16,590.0,5,1,2,アジュアカレンツ,牝,3,55.0,ディー,72.1,2.1/2,5,9.5,37.6,8-7,美浦 西田,440,-2,
202606030502,2026-04-11,中山,2,3歳未勝利,ダ,1200,右,晴,重,"3回 中山 5日目 サラ系３歳 未勝利       [指] 馬齢 16頭 本賞金:590,240,150,89,59万円",16,590.0,6,7,14,マジンタクシー,牝,3,55.0,田辺,72.4,2,4,7.9,38.7,2-1,美浦 深山,498,-6,
202606030502,2026-04-11,中山,2,3歳未勝利,ダ,1200,右,晴,重,"3回 中山 5日目 サラ系３歳 未勝利       [指] 馬齢 16頭 本賞金:590,240,150,89,59万円",16,590.0,7,4,8,クアラトレンガヌ,牡,3,57.0,岩田康,72.5,クビ,10,70.3,37.1,13-13,美浦 小笠,442,2,
202606030502,2026-04-11,中山,2,3歳未勝利,ダ,1200,右,晴,重,"3回 中山 5日目 サラ系３歳 未勝利       [指] 馬齢 16頭 本賞金:590,240,150,89,59万円",16,590.0,8,3,6,アミナス,牡,3,57.0,柴田善,72.5,ハナ,6,11.2,37.4,12-12,美浦 田中勝,526,0,
202606030502,2026-04-11,中山,2,3歳未勝利,ダ,1200,右,晴,重,"3回 中山 5日目 サラ系３歳 未勝利       [指] 馬齢 16頭 本賞金:590,240,150,89,59万円",16,590.0,9,4,7,テルケンレンタッチ,牡,3,57.0,木幡育,72.5,アタマ,15,264.0,37.6,10-9,美浦 勢司,524,2,
202606030502,2026-04-11,中山,2,3歳未勝利,ダ,1200,右,晴,重,"3回 中山 5日目 サラ系３歳 未勝利       [指] 馬齢 16頭 本賞金:590,240,150,89,59万円",16,590.0,10,6,12,マイネルテオドロス,牡,3,57.0,佐々木,72.7,1,2,4.5,39.0,1-2,美浦 菊川,448,-12,
202606030502,2026-04-11,中山,2,3歳未勝利,ダ,1200,右,晴,重,"3回 中山 5日目 サラ系３歳 未勝利       [指] 馬齢 16頭 本賞金:590,240,150,89,59万円",16,590.0,11,2,3,ディグニダドレアル,牡,3,57.0,泉谷,73.3,3.1/2,11,119.2,37.4,14-14,栗東 宮,464,-6,
202606030502,2026-04-11,中山,2,3歳未勝利,ダ,1200,右,晴,重,"3回 中山 5日目 サラ系３歳 未勝利       [指] 馬齢 16頭 本賞金:590,240,150,89,59万円",16,590.0,12,1,1,バディーズライズ,牡,3,54.0,▲佐藤,73.3,1/2,12,169.2,37.4,14-14,美浦 小手川,456,1,
202606030502,2026-04-11,中山,2,3歳未勝利,ダ,1200,右,晴,重,"3回 中山 5日目 サラ系３歳 未勝利       [指] 馬齢 16頭 本賞金:590,240,150,89,59万円",16,590.0,13,6,11,ルスト,牡,3,54.0,▲水沼,73.4,1/2,13,178.8,38.6,10-9,美浦 堀内,434,-8,
202606030502,2026-04-11,中山,2,3歳未勝利,ダ,1200,右,晴,重,"3回 中山 5日目 サラ系３歳 未勝利       [指] 馬齢 16頭 本賞金:590,240,150,89,59万円",16,590.0,14,7,13,イントゥゴールデン,牡,3,57.0,柴田大,73.7,1.3/4,16,341.1,37.6,16-16,美浦 和田雄,472,-4,
202606030502,2026-04-11,中山,2,3歳未勝利,ダ,1200,右,晴,重,"3回 中山 5日目 サラ系３歳 未勝利       [指] 馬齢 16頭 本賞金:590,240,150,89,59万円",16,590.0,15,8,16,ハイバーニアン,牡,3,57.0,吉田豊,73.7,アタマ,14,195.4,39.1,8-9,美浦 高橋文,470,-6,
202606030502,2026-04-11,中山,2,3歳未勝利,ダ,1200,右,晴,重,"3回 中山 5日目 サラ系３歳 未勝利       [指] 馬齢 16頭 本賞金:590,240,150,89,59万円",16,590.0,16,5,10,エフティヴェント,牡,3,57.0,伊藤,74.8,7,9,48.1,40.4,6-8,美浦 金成,420,2,
202606030503,2026-04-11,中山,3,3歳未勝利,ダ,1800,右,晴,重,"3回 中山 5日目 サラ系３歳 未勝利       [指] 馬齢 13頭 本賞金:590,240,150,89,59万円",13,590.0,1,7,10,アチーヴァー,牡,3,57.0,佐々木,114.6,,2,3.9,38.9,7-7-4-3,栗東 石坂,452,-6,
202606030503,2026-04-11,中山,3,3歳未勝利,ダ,1800,右,晴,重,"3回 中山 5日目 サラ系３歳 未勝利       [指] 馬齢 13頭 本賞金:590,240,150,89,59万円",13,590.0,2,4,4,サルサブラヴァ,牡,3,57.0,原,114.7,3/4,3,7.4,39.2,2-2-2-2,美浦 奥村武,508,-4,
202606030503,2026-04-11,中山,3,3歳未勝利,ダ,1800,右,晴,重,"3回 中山 5日目 サラ系３歳 未勝利       [指] 馬齢 13頭 本賞金:590,240,150,89,59万円",13,590.0,3,8,13,グスク,牡,3,57.0,大野,115.6,5,5,18.2,40.0,2-2-3-4,美浦 辻,480,-2,
202606030503,2026-04-11,中山,3,3歳未勝利,ダ,1800,右,晴,重,"3回 中山 5日目 サラ系３歳 未勝利       [指] 馬齢 13頭 本賞金:590,240,150,89,59万円",13,590.0,4,1,1,アイデアユー,牡,3,57.0,戸崎圭,116.2,4,1,1.7,40.8,1-1-1-1,美浦 鹿戸,476,2,
202606030503,2026-04-11,中山,3,3歳未勝利,ダ,1800,右,晴,重,"3回 中山 5日目 サラ系３歳 未勝利       [指] 馬齢 13頭 本賞金:590,240,150,89,59万円",13,590.0,5,3,3,ユイノスレチガイ,牡,3,57.0,田辺,116.4,3/4,8,26.4,40.0,13-12-11-9,美浦 深山,434,-6,
202606030503,2026-04-11,中山,3,3歳未勝利,ダ,1800,右,晴,重,"3回 中山 5日目 サラ系３歳 未勝利       [指] 馬齢 13頭 本賞金:590,240,150,89,59万円",13,590.0,6,2,2,ディープマウンテン,牝,3,55.0,木幡初,116.4,クビ,10,67.7,40.7,4-4-4-4,美浦 深山,406,0,
202606030503,2026-04-11,中山,3,3歳未勝利,ダ,1800,右,晴,重,"3回 中山 5日目 サラ系３歳 未勝利       [指] 馬齢 13頭 本賞金:590,240,150,89,59万円",13,590.0,7,6,8,カンフーヒーロー,牡,3,54.0,▲水沼,116.5,1/2,13,233.5,40.1,10-10-11-9,美浦 的場,482,0,
202606030503,2026-04-11,中山,3,3歳未勝利,ダ,1800,右,晴,重,"3回 中山 5日目 サラ系３歳 未勝利       [指] 馬齢 13頭 本賞金:590,240,150,89,59万円",13,590.0,8,5,7,ロイヤルタイム,牡,3,57.0,ディー,116.5,クビ,4,13.6,40.5,8-9-7-7,美浦 和田郎,432,2,
202606030503,2026-04-11,中山,3,3歳未勝利,ダ,1800,右,晴,重,"3回 中山 5日目 サラ系３歳 未勝利       [指] 馬齢 13頭 本賞金:590,240,150,89,59万円",13,590.0,9,6,9,シンデレラカラー,牝,3,55.0,岩田康,116.6,アタマ,9,56.4,40.6,4-6-7-7,美浦 加藤和,456,0,
202606030503,2026-04-11,中山,3,3歳未勝利,ダ,1800,右,晴,重,"3回 中山 5日目 サラ系３歳 未勝利       [指] 馬齢 13頭 本賞金:590,240,150,89,59万円",13,590.0,10,5,6,パワポケウォーズ,牡,3,54.0,▲佐藤,117.1,3,11,190.1,40.7,12-12-11-11,美浦 大和田,428,-2,
202606030503,2026-04-11,中山,3,3歳未勝利,ダ,1800,右,晴,重,"3回 中山 5日目 サラ系３歳 未勝利       [指] 馬齢 13頭 本賞金:590,240,150,89,59万円",13,590.0,11,4,5,ネオシューマン,セ,3,57.0,津村,117.1,クビ,7,23.0,41.4,4-4-4-6,美浦 鈴木伸,460,0,
202606030503,2026-04-11,中山,3,3歳未勝利,ダ,1800,右,晴,重,"3回 中山 5日目 サラ系３歳 未勝利       [指] 馬齢 13頭 本賞金:590,240,150,89,59万円",13,590.0,12,7,11,レイランディ,牡,3,57.0,石橋脩,117.8,4,6,22.8,41.7,10-10-10-11,美浦 古賀慎,450,-4,
202606030503,2026-04-11,中山,3,3歳未勝利,ダ,1800,右,晴,重,"3回 中山 5日目 サラ系３歳 未勝利       [指] 馬齢 13頭 本賞金:590,240,150,89,59万円",13,590.0,13,8,12,シャインプレマ,牝,3,55.0,木幡巧,118.6,5,12,211.6,42.6,9-8-7-11,美浦 中舘,422,12,
202606030504,2026-04-11,中山,4,4歳以上障害OP,障,3200,,晴,稍,"3回 中山 5日目 障害４歳以上 オープン       (混) 別定 14頭 本賞金:1430,570,360,210,143万円",14,1430.0,1,2,2,メイショウソムリエ,セ,5,60.0,大江圭,219.2,,2,3.5,13.7,2-2-2-2,美浦 蛯名正,494,-12,
202606030504,2026-04-11,中山,4,4歳以上障害OP,障,3200,,晴,稍,"3回 中山 5日目 障害４歳以上 オープン       (混) 別定 14頭 本賞金:1430,570,360,210,143万円",14,1430.0,2,6,10,コレクテイニア,牡,6,60.0,草野,219.4,3/4,1,3.2,13.7,5-4-4-4,美浦 戸田,470,-2,
202606030504,2026-04-11,中山,4,4歳以上障害OP,障,3200,,晴,稍,"3回 中山 5日目 障害４歳以上 オープン       (混) 別定 14頭 本賞金:1430,570,360,210,143万円",14,1430.0,3,8,13,コンテナワールド,牡,5,59.0,▲井上,219.5,3/4,4,6.6,13.7,3-3-3-3,栗東 中竹,492,4,
202606030504,2026-04-11,中山,4,4歳以上障害OP,障,3200,,晴,稍,"3回 中山 5日目 障害４歳以上 オープン       (混) 別定 14頭 本賞金:1430,570,360,210,143万円",14,1430.0,4,7,12,トゥラッタッタ,牡,5,60.0,石神深,219.8,1.1/2,3,5.8,13.7,13-11-6-5,美浦 新開,474,2,
202606030504,2026-04-11,中山,4,4歳以上障害OP,障,3200,,晴,稍,"3回 中山 5日目 障害４歳以上 オープン       (混) 別定 14頭 本賞金:1430,570,360,210,143万円",14,1430.0,5,3,3,シャンドゥレール,セ,6,60.0,五十嵐,220.4,4,10,40.2,13.8,4-5-5-6,美浦 手塚徳,496,-6,
202606030504,2026-04-11,中山,4,4歳以上障害OP,障,3200,,晴,稍,"3回 中山 5日目 障害４歳以上 オープン       (混) 別定 14頭 本賞金:1430,570,360,210,143万円",14,1430.0,6,8,14,ヒットアンドロール,牡,5,60.0,伴,220.5,1/2,9,39.1,13.8,9-8-6-6,美浦 田中勝,464,-6,
202606030504,2026-04-11,中山,4,4歳以上障害OP,障,3200,,晴,稍,"3回 中山 5日目 障害４歳以上 オープン       (混) 別定 14頭 本賞金:1430,570,360,210,143万円",14,1430.0,7,4,6,ヴラディア,牡,7,60.0,上野,220.7,1.1/4,6,22.4,13.8,7-7-8-8,美浦 松尾,484,0,
202606030504,2026-04-11,中山,4,4歳以上障害OP,障,3200,,晴,稍,"3回 中山 5日目 障害４歳以上 オープン       (混) 別定 14頭 本賞金:1430,570,360,210,143万円",14,1430.0,8,5,7,ウイングランブルー,牡,6,57.0,▲水沼,220.9,1.1/4,7,26.0,13.8,1-1-1-1,美浦 深山,474,-6,
202606030504,2026-04-11,中山,4,4歳以上障害OP,障,3200,,晴,稍,"3回 中山 5日目 障害４歳以上 オープン       (混) 別定 14頭 本賞金:1430,570,360,210,143万円",14,1430.0,9,3,4,グラニットピーク,セ,6,57.0,▲坂口,222.9,大,8,29.9,13.9,8-8-10-10,美浦 田島,512,4,
202606030504,2026-04-11,中山,4,4歳以上障害OP,障,3200,,晴,稍,"3回 中山 5日目 障害４歳以上 オープン       (混) 別定 14頭 本賞金:1430,570,360,210,143万円",14,1430.0,10,4,5,シゲルタヌキ,牡,7,60.0,小坂,223.5,3.1/2,13,105.2,14.0,9-10-8-9,栗東 谷,480,-14,
202606030504,2026-04-11,中山,4,4歳以上障害OP,障,3200,,晴,稍,"3回 中山 5日目 障害４歳以上 オープン       (混) 別定 14頭 本賞金:1430,570,360,210,143万円",14,1430.0,11,1,1,パープルアドミラル,牡,6,60.0,金子,224.4,5,11,61.8,14.0,12-12-12-11,美浦 堀内,452,0,
202606030504,2026-04-11,中山,4,4歳以上障害OP,障,3200,,晴,稍,"3回 中山 5日目 障害４歳以上 オープン       (混) 別定 14頭 本賞金:1430,570,360,210,143万円",14,1430.0,12,5,8,ソルアマゾン,牡,5,60.0,黒岩,227.1,大,14,110.9,14.2,14-14-13-13,栗東 小栗,462,-4,
202606030504,2026-04-11,中山,4,4歳以上障害OP,障,3200,,晴,稍,"3回 中山 5日目 障害４歳以上 オープン       (混) 別定 14頭 本賞金:1430,570,360,210,143万円",14,1430.0,13,6,9,メイショウウネビ,牡,7,60.0,中村,228.0,5,12,65.9,14.3,6-6-11-11,栗東 本田,508,0,
202606030504,2026-04-11,中山,4,4歳以上障害OP,障,3200,,晴,稍,"3回 中山 5日目 障害４歳以上 オープン       (混) 別定 14頭 本賞金:1430,570,360,210,143万円",14,1430.0,14,7,11,ウィズユアドリーム,牡,6,60.0,高田,232.2,大,5,7.7,14.5,9-12-14-14,栗東 宮地,518,6,
202606030505,2026-04-11,中山,5,3歳未勝利,芝,1600,右,晴,良,"3回 中山 5日目 サラ系３歳 未勝利       (混)[指] 馬齢 16頭 本賞金:590,240,150,89,59万円",16,590.0,1,1,2,シヴィータス,牝,3,55.0,横山和,94.6,,1,2.5,34.8,2-2-2,美浦 大竹,454,0,
202606030505,2026-04-11,中山,5,3歳未勝利,芝,1600,右,晴,良,"3回 中山 5日目 サラ系３歳 未勝利       (混)[指] 馬齢 16頭 本賞金:590,240,150,89,59万円",16,590.0,2,3,6,アイムイン,牡,3,57.0,戸崎圭,95.0,2.1/2,2,3.9,34.9,8-7-6,美浦 加藤征,426,-2,
202606030505,2026-04-11,中山,5,3歳未勝利,芝,1600,右,晴,良,"3回 中山 5日目 サラ系３歳 未勝利       (混)[指] 馬齢 16頭 本賞金:590,240,150,89,59万円",16,590.0,3,8,16,ウィズアツインクル,牡,3,57.0,石橋脩,95.0,クビ,10,52.4,35.4,1-1-1,美浦 牧,486,-2,
202606030505,2026-04-11,中山,5,3歳未勝利,芝,1600,右,晴,良,"3回 中山 5日目 サラ系３歳 未勝利       (混)[指] 馬齢 16頭 本賞金:590,240,150,89,59万円",16,590.0,4,4,7,ベアサナエチャン,牝,3,55.0,大野,95.1,1/2,5,11.2,35.2,3-3-3,美浦 杉浦,436,-12,
202606030505,2026-04-11,中山,5,3歳未勝利,芝,1600,右,晴,良,"3回 中山 5日目 サラ系３歳 未勝利       (混)[指] 馬齢 16頭 本賞金:590,240,150,89,59万円",16,590.0,5,2,4,ジュラトリー,牝,3,55.0,田辺,95.2,クビ,6,13.9,35.0,9-9-9,美浦 池上,456,-6,
202606030505,2026-04-11,中山,5,3歳未勝利,芝,1600,右,晴,良,"3回 中山 5日目 サラ系３歳 未勝利       (混)[指] 馬齢 16頭 本賞金:590,240,150,89,59万円",16,590.0,6,2,3,マンサニージャ,牝,3,55.0,佐々木,95.2,クビ,7,15.3,34.9,13-10-10,美浦 菊川,432,0,
202606030505,2026-04-11,中山,5,3歳未勝利,芝,1600,右,晴,良,"3回 中山 5日目 サラ系３歳 未勝利       (混)[指] 馬齢 16頭 本賞金:590,240,150,89,59万円",16,590.0,7,5,9,テンユウ,牡,3,57.0,岩田康,95.4,1,4,8.7,35.3,5-7-6,美浦 奥村武,478,-16,
202606030505,2026-04-11,中山,5,3歳未勝利,芝,1600,右,晴,良,"3回 中山 5日目 サラ系３歳 未勝利       (混)[指] 馬齢 16頭 本賞金:590,240,150,89,59万円",16,590.0,8,4,8,シーサンタナ,セ,3,57.0,嶋田,95.4,クビ,15,367.6,34.9,13-13-13,美浦 手塚久,418,-20,
202606030505,2026-04-11,中山,5,3歳未勝利,芝,1600,右,晴,良,"3回 中山 5日目 サラ系３歳 未勝利       (混)[指] 馬齢 16頭 本賞金:590,240,150,89,59万円",16,590.0,9,3,5,シェリアドレ,牝,3,55.0,横山武,95.5,1/2,3,5.6,35.6,3-3-3,美浦 奥村武,472,0,
202606030505,2026-04-11,中山,5,3歳未勝利,芝,1600,右,晴,良,"3回 中山 5日目 サラ系３歳 未勝利       (混)[指] 馬齢 16頭 本賞金:590,240,150,89,59万円",16,590.0,10,6,11,ダイユウルミナス,牝,3,52.0,▲佐藤,95.5,アタマ,8,26.6,35.2,11-10-10,美浦 松永康,412,-4,
202606030505,2026-04-11,中山,5,3歳未勝利,芝,1600,右,晴,良,"3回 中山 5日目 サラ系３歳 未勝利       (混)[指] 馬齢 16頭 本賞金:590,240,150,89,59万円",16,590.0,11,1,1,ハッピースーニャ,牝,3,55.0,津村,95.5,アタマ,9,46.5,35.5,5-5-3,美浦 鈴木伸,480,0,
202606030505,2026-04-11,中山,5,3歳未勝利,芝,1600,右,晴,良,"3回 中山 5日目 サラ系３歳 未勝利       (混)[指] 馬齢 16頭 本賞金:590,240,150,89,59万円",16,590.0,12,6,12,ルミナスレイナ,牝,3,55.0,吉田豊,95.7,1.1/4,14,306.2,35.1,12-13-14,美浦 菊沢,468,-8,
202606030505,2026-04-11,中山,5,3歳未勝利,芝,1600,右,晴,良,"3回 中山 5日目 サラ系３歳 未勝利       (混)[指] 馬齢 16頭 本賞金:590,240,150,89,59万円",16,590.0,13,7,13,コウユーダイダイ,牝,3,55.0,ディー,95.9,1.1/4,11,147.2,35.9,5-5-6,美浦 辻,508,-2,
202606030505,2026-04-11,中山,5,3歳未勝利,芝,1600,右,晴,良,"3回 中山 5日目 サラ系３歳 未勝利       (混)[指] 馬齢 16頭 本賞金:590,240,150,89,59万円",16,590.0,14,8,15,ルミノヴァンクール,牡,3,57.0,柴田大,96.1,1,12,272.6,35.7,9-10-10,美浦 金成,550,16,
202606030505,2026-04-11,中山,5,3歳未勝利,芝,1600,右,晴,良,"3回 中山 5日目 サラ系３歳 未勝利       (混)[指] 馬齢 16頭 本賞金:590,240,150,89,59万円",16,590.0,15,5,10,スパークルレイ,牝,3,55.0,的場,96.9,5,13,305.8,35.8,15-15-15,美浦 的場,476,0,
202606030505,2026-04-11,中山,5,3歳未勝利,芝,1600,右,晴,良,"3回 中山 5日目 サラ系３歳 未勝利       (混)[指] 馬齢 16頭 本賞金:590,240,150,89,59万円",16,590.0,,7,14,バナナボール,牝,3,55.0,木幡巧,,,,,,,美浦 佐藤吉,496,-4,除外
202606030506,2026-04-11,中山,6,3歳未勝利,芝,2000,右,晴,良,"3回 中山 5日目 サラ系３歳 未勝利       牝[指] 馬齢 18頭 本賞金:590,240,150,89,59万円",18,590.0,1,8,17,ピエスユニーク,牝,3,55.0,戸崎圭,121.5,,1,2.9,36.0,14-14-4-4,美浦 手塚久,474,-10,
202606030506,2026-04-11,中山,6,3歳未勝利,芝,2000,右,晴,良,"3回 中山 5日目 サラ系３歳 未勝利       牝[指] 馬齢 18頭 本賞金:590,240,150,89,59万円",18,590.0,2,7,13,サトノスターライト,牝,3,55.0,大野,121.8,2,2,4.0,35.8,8-9-9-8,美浦 森一,436,-2,
202606030506,2026-04-11,中山,6,3歳未勝利,芝,2000,右,晴,良,"3回 中山 5日目 サラ系３歳 未勝利       牝[指] 馬齢 18頭 本賞金:590,240,150,89,59万円",18,590.0,3,7,14,アマイクチヅケ,牝,3,55.0,木幡育,122.0,1.1/4,18,337.7,35.6,11-11-13-11,美浦 松永康,428,4,
202606030506,2026-04-11,中山,6,3歳未勝利,芝,2000,右,晴,良,"3回 中山 5日目 サラ系３歳 未勝利       牝[指] 馬齢 18頭 本賞金:590,240,150,89,59万円",18,590.0,4,4,7,ゴコウコイコイ,牝,3,55.0,横山和,122.0,ハナ,8,38.1,34.8,15-17-17-16,美浦 栗田,408,2,
202606030506,2026-04-11,中山,6,3歳未勝利,芝,2000,右,晴,良,"3回 中山 5日目 サラ系３歳 未勝利       牝[指] 馬齢 18頭 本賞金:590,240,150,89,59万円",18,590.0,5,2,4,ダイユウヴェンティ,牝,3,55.0,田辺,122.1,3/4,11,56.3,35.4,15-15-15-14,美浦 松永康,424,-2,
202606030506,2026-04-11,中山,6,3歳未勝利,芝,2000,右,晴,良,"3回 中山 5日目 サラ系３歳 未勝利       牝[指] 馬齢 18頭 本賞金:590,240,150,89,59万円",18,590.0,6,6,11,アニゴザントス,牝,3,55.0,佐々木,122.1,アタマ,9,39.2,36.1,11-11-9-8,美浦 古賀慎,434,-2,
202606030506,2026-04-11,中山,6,3歳未勝利,芝,2000,右,晴,良,"3回 中山 5日目 サラ系３歳 未勝利       牝[指] 馬齢 18頭 本賞金:590,240,150,89,59万円",18,590.0,7,1,1,ダンツアラーム,牝,3,55.0,石橋脩,122.2,クビ,6,22.0,36.9,1-1-1-1,栗東 本田,436,2,
202606030506,2026-04-11,中山,6,3歳未勝利,芝,2000,右,晴,良,"3回 中山 5日目 サラ系３歳 未勝利       牝[指] 馬齢 18頭 本賞金:590,240,150,89,59万円",18,590.0,8,6,12,グリーンガーネット,牝,3,55.0,木幡巧,122.2,ハナ,7,37.8,36.6,5-6-5-4,美浦 牧,454,-8,
202606030506,2026-04-11,中山,6,3歳未勝利,芝,2000,右,晴,良,"3回 中山 5日目 サラ系３歳 未勝利       牝[指] 馬齢 18頭 本賞金:590,240,150,89,59万円",18,590.0,9,5,9,アンヴデット,牝,3,55.0,ディー,122.2,ハナ,4,6.3,36.3,5-6-7-6,美浦 高橋文,396,-12,
202606030506,2026-04-11,中山,6,3歳未勝利,芝,2000,右,晴,良,"3回 中山 5日目 サラ系３歳 未勝利       牝[指] 馬齢 18頭 本賞金:590,240,150,89,59万円",18,590.0,10,8,18,ミライヘノティアラ,牝,3,55.0,原,122.2,ハナ,5,12.9,36.4,4-4-7-6,美浦 伊藤大,498,0,
202606030506,2026-04-11,中山,6,3歳未勝利,芝,2000,右,晴,良,"3回 中山 5日目 サラ系３歳 未勝利       牝[指] 馬齢 18頭 本賞金:590,240,150,89,59万円",18,590.0,11,4,8,インテンスゲイズ,牝,3,55.0,三浦,122.3,1/2,10,45.2,36.9,3-3-3-3,美浦 矢嶋,410,-2,
202606030506,2026-04-11,中山,6,3歳未勝利,芝,2000,右,晴,良,"3回 中山 5日目 サラ系３歳 未勝利       牝[指] 馬齢 18頭 本賞金:590,240,150,89,59万円",18,590.0,12,1,2,エバーシャンティ,牝,3,55.0,横山武,122.5,1.1/2,3,4.4,35.2,18-18-17-16,美浦 久保田,436,-2,
202606030506,2026-04-11,中山,6,3歳未勝利,芝,2000,右,晴,良,"3回 中山 5日目 サラ系３歳 未勝利       牝[指] 馬齢 18頭 本賞金:590,240,150,89,59万円",18,590.0,13,5,10,ピカソジャスパー,牝,3,55.0,嶋田,122.6,クビ,14,201.4,36.5,8-9-11-8,美浦 松山,446,8,
202606030506,2026-04-11,中山,6,3歳未勝利,芝,2000,右,晴,良,"3回 中山 5日目 サラ系３歳 未勝利       牝[指] 馬齢 18頭 本賞金:590,240,150,89,59万円",18,590.0,14,3,5,スーザンバローズ,牝,3,55.0,岩田康,122.6,クビ,15,212.5,36.1,11-11-13-13,美浦 奥村武,476,-16,
202606030506,2026-04-11,中山,6,3歳未勝利,芝,2000,右,晴,良,"3回 中山 5日目 サラ系３歳 未勝利       牝[指] 馬齢 18頭 本賞金:590,240,150,89,59万円",18,590.0,15,8,16,ペルシアーノ,牝,3,55.0,津村,122.7,クビ,13,91.1,37.4,2-2-2-2,美浦 相沢,438,-4,
202606030506,2026-04-11,中山,6,3歳未勝利,芝,2000,右,晴,良,"3回 中山 5日目 サラ系３歳 未勝利       牝[指] 馬齢 18頭 本賞金:590,240,150,89,59万円",18,590.0,16,7,15,サファイアプレミア,牝,3,52.0,▲上里,124.1,9,16,293.3,37.4,17-15-15-18,美浦 池上,412,-6,
202606030506,2026-04-11,中山,6,3歳未勝利,芝,2000,右,晴,良,"3回 中山 5日目 サラ系３歳 未勝利       牝[指] 馬齢 18頭 本賞金:590,240,150,89,59万円",18,590.0,17,3,6,ケンブリッジサクラ,牝,3,52.0,▲水沼,124.7,3.1/2,17,295.8,38.6,8-8-11-14,美浦 石栗,438,-2,
202606030506,2026-04-11,中山,6,3歳未勝利,芝,2000,右,晴,良,"3回 中山 5日目 サラ系３歳 未勝利       牝[指] 馬齢 18頭 本賞金:590,240,150,89,59万円",18,590.0,18,2,3,ミウ,牝,3,55.0,西村太,124.9,1.1/4,12,72.3,39.2,5-4-5-11,美浦 加藤征,462,0,
202606030507,2026-04-11,中山,7,3歳1勝クラス,ダ,1200,右,晴,稍,"3回 中山 5日目 サラ系３歳 １勝クラス       (混)[指] 馬齢 16頭 本賞金:820,330,210,120,82万円",16,820.0,1,5,9,タカスタカスタカス,牡,3,57.0,ディー,70.1,,1,1.3,35.9,2-2,栗東 藤原,496,-10,
202606030507,2026-04-11,中山,7,3歳1勝クラス,ダ,1200,右,晴,稍,"3回 中山 5日目 サラ系３歳 １勝クラス       (混)[指] 馬齢 16頭 本賞金:820,330,210,120,82万円",16,820.0,2,1,2,ビップムーラン,牝,3,55.0,吉田豊,71.1,6,7,37.7,37.0,1-1,美浦 田島,454,-14,
202606030507,2026-04-11,中山,7,3歳1勝クラス,ダ,1200,右,晴,稍,"3回 中山 5日目 サラ系３歳 １勝クラス       (混)[指] 馬齢 16頭 本賞金:820,330,210,120,82万円",16,820.0,3,4,8,ラテラルパーム,牡,3,57.0,岩田康,71.2,クビ,11,65.4,36.7,5-3,美浦 栗田,462,-8,
202606030507,2026-04-11,中山,7,3歳1勝クラス,ダ,1200,右,晴,稍,"3回 中山 5日目 サラ系３歳 １勝クラス       (混)[指] 馬齢 16頭 本賞金:820,330,210,120,82万円",16,820.0,4,5,10,サトノエスケープ,牡,3,57.0,横山武,71.2,アタマ,4,15.4,36.7,5-3,美浦 久保田,486,2,
202606030507,2026-04-11,中山,7,3歳1勝クラス,ダ,1200,右,晴,稍,"3回 中山 5日目 サラ系３歳 １勝クラス       (混)[指] 馬齢 16頭 本賞金:820,330,210,120,82万円",16,820.0,5,2,4,ベアハンドキャッチ,牡,3,57.0,石橋脩,71.5,1.1/2,15,203.2,36.1,11-10,美浦 池上,490,0,
202606030507,2026-04-11,中山,7,3歳1勝クラス,ダ,1200,右,晴,稍,"3回 中山 5日目 サラ系３歳 １勝クラス       (混)[指] 馬齢 16頭 本賞金:820,330,210,120,82万円",16,820.0,6,1,1,ルクスポップスター,牡,3,57.0,原,71.5,1/2,10,57.7,35.5,15-15,栗東 西園翔,516,-2,
202606030507,2026-04-11,中山,7,3歳1勝クラス,ダ,1200,右,晴,稍,"3回 中山 5日目 サラ系３歳 １勝クラス       (混)[指] 馬齢 16頭 本賞金:820,330,210,120,82万円",16,820.0,7,7,14,ミルトハーバー,牡,3,57.0,田辺,71.8,1.1/2,3,13.9,37.5,2-5,美浦 鈴木慎,458,4,
202606030507,2026-04-11,中山,7,3歳1勝クラス,ダ,1200,右,晴,稍,"3回 中山 5日目 サラ系３歳 １勝クラス       (混)[指] 馬齢 16頭 本賞金:820,330,210,120,82万円",16,820.0,8,8,16,ベアアッコチャン,牝,3,55.0,木幡巧,71.8,クビ,5,20.4,36.8,8-7,美浦 杉浦,458,-8,
202606030507,2026-04-11,中山,7,3歳1勝クラス,ダ,1200,右,晴,稍,"3回 中山 5日目 サラ系３歳 １勝クラス       (混)[指] 馬齢 16頭 本賞金:820,330,210,120,82万円",16,820.0,9,2,3,ゴーゴーパンチ,牡,3,57.0,泉谷,72.3,3,12,127.9,36.6,14-14,美浦 天間,484,4,
202606030507,2026-04-11,中山,7,3歳1勝クラス,ダ,1200,右,晴,稍,"3回 中山 5日目 サラ系３歳 １勝クラス       (混)[指] 馬齢 16頭 本賞金:820,330,210,120,82万円",16,820.0,10,6,12,ハニーオーケストラ,牝,3,55.0,横山和,72.5,1.1/4,13,131.6,37.7,7-7,美浦 稲垣,424,-8,
202606030507,2026-04-11,中山,7,3歳1勝クラス,ダ,1200,右,晴,稍,"3回 中山 5日目 サラ系３歳 １勝クラス       (混)[指] 馬齢 16頭 本賞金:820,330,210,120,82万円",16,820.0,11,3,5,リゾートライン,牡,3,57.0,戸崎圭,72.6,3/4,2,6.1,37.6,8-7,美浦 伊坂,510,0,
202606030507,2026-04-11,中山,7,3歳1勝クラス,ダ,1200,右,晴,稍,"3回 中山 5日目 サラ系３歳 １勝クラス       (混)[指] 馬齢 16頭 本賞金:820,330,210,120,82万円",16,820.0,12,8,15,トワイライトサイト,牡,3,57.0,三浦,73.1,2.1/2,9,47.9,37.7,11-12,美浦 嘉藤,416,-4,
202606030507,2026-04-11,中山,7,3歳1勝クラス,ダ,1200,右,晴,稍,"3回 中山 5日目 サラ系３歳 １勝クラス       (混)[指] 馬齢 16頭 本賞金:820,330,210,120,82万円",16,820.0,13,6,11,レディサン,牝,3,55.0,大野,73.4,1.3/4,8,37.8,37.3,16-16,美浦 栗田,446,-12,
202606030507,2026-04-11,中山,7,3歳1勝クラス,ダ,1200,右,晴,稍,"3回 中山 5日目 サラ系３歳 １勝クラス       (混)[指] 馬齢 16頭 本賞金:820,330,210,120,82万円",16,820.0,14,3,6,マルターズドン,牡,3,57.0,佐々木,73.5,1,6,23.7,38.4,8-10,美浦 手塚久,490,-2,
202606030507,2026-04-11,中山,7,3歳1勝クラス,ダ,1200,右,晴,稍,"3回 中山 5日目 サラ系３歳 １勝クラス       (混)[指] 馬齢 16頭 本賞金:820,330,210,120,82万円",16,820.0,15,4,7,シュテルン,牝,3,55.0,柴田大,73.6,1/2,16,320.4,38.2,11-12,美浦 和田雄,480,12,
202606030507,2026-04-11,中山,7,3歳1勝クラス,ダ,1200,右,晴,稍,"3回 中山 5日目 サラ系３歳 １勝クラス       (混)[指] 馬齢 16頭 本賞金:820,330,210,120,82万円",16,820.0,16,7,13,マーシャルアン,牡,3,54.0,▲上里,74.0,2,14,168.8,39.7,2-5,美浦 大和田,468,12,
202606030508,2026-04-11,中山,8,4歳以上1勝クラス,ダ,1800,右,晴,稍,"3回 中山 5日目 サラ系４歳以上 １勝クラス       (混)[指] 定量 16頭 本賞金:820,330,210,120,82万円",16,820.0,1,4,7,マリンバンカー,牡,5,55.0,▲上里,112.5,,2,3.9,38.1,4-4-2-2,美浦 松永康,502,4,
202606030508,2026-04-11,中山,8,4歳以上1勝クラス,ダ,1800,右,晴,稍,"3回 中山 5日目 サラ系４歳以上 １勝クラス       (混)[指] 定量 16頭 本賞金:820,330,210,120,82万円",16,820.0,2,7,14,ルシャルムール,セ,4,58.0,原,112.6,クビ,1,2.3,37.7,8-8-7-8,美浦 萩原,464,0,
202606030508,2026-04-11,中山,8,4歳以上1勝クラス,ダ,1800,右,晴,稍,"3回 中山 5日目 サラ系４歳以上 １勝クラス       (混)[指] 定量 16頭 本賞金:820,330,210,120,82万円",16,820.0,3,1,1,ミヤジテン,牝,5,56.0,木幡巧,112.8,1.1/4,12,180.2,37.9,8-8-7-6,美浦 室井,492,-10,
202606030508,2026-04-11,中山,8,4歳以上1勝クラス,ダ,1800,右,晴,稍,"3回 中山 5日目 サラ系４歳以上 １勝クラス       (混)[指] 定量 16頭 本賞金:820,330,210,120,82万円",16,820.0,4,2,4,ランスノーブル,牝,6,56.0,佐々木,113.0,3/4,3,7.0,38.4,4-4-4-3,美浦 上原博,480,0,
202606030508,2026-04-11,中山,8,4歳以上1勝クラス,ダ,1800,右,晴,稍,"3回 中山 5日目 サラ系４歳以上 １勝クラス       (混)[指] 定量 16頭 本賞金:820,330,210,120,82万円",16,820.0,5,1,2,カルフ,セ,5,58.0,嶋田,113.3,2,10,118.9,39.0,1-1-1-1,美浦 大和田,476,-4,
202606030508,2026-04-11,中山,8,4歳以上1勝クラス,ダ,1800,右,晴,稍,"3回 中山 5日目 サラ系４歳以上 １勝クラス       (混)[指] 定量 16頭 本賞金:820,330,210,120,82万円",16,820.0,6,3,6,ユーウェイン,セ,4,58.0,小林脩,113.7,2.1/2,13,181.9,39.0,3-3-4-6,美浦 本間,466,9,
202606030508,2026-04-11,中山,8,4歳以上1勝クラス,ダ,1800,右,晴,稍,"3回 中山 5日目 サラ系４歳以上 １勝クラス       (混)[指] 定量 16頭 本賞金:820,330,210,120,82万円",16,820.0,7,5,10,ショウナンタハティ,牡,4,58.0,津村,113.9,3/4,4,8.6,39.2,6-6-4-5,美浦 中舘,500,-6,
202606030508,2026-04-11,中山,8,4歳以上1勝クラス,ダ,1800,右,晴,稍,"3回 中山 5日目 サラ系４歳以上 １勝クラス       (混)[指] 定量 16頭 本賞金:820,330,210,120,82万円",16,820.0,8,4,8,タケルゴールド,牡,5,58.0,吉田豊,114.1,1.1/2,6,19.2,39.7,2-2-2-3,美浦 加藤征,466,-8,
202606030508,2026-04-11,中山,8,4歳以上1勝クラス,ダ,1800,右,晴,稍,"3回 中山 5日目 サラ系４歳以上 １勝クラス       (混)[指] 定量 16頭 本賞金:820,330,210,120,82万円",16,820.0,9,8,15,ムーランブルー,牝,6,56.0,岩田康,114.2,クビ,7,22.6,39.1,15-15-10-9,美浦 久保田,504,0,
202606030508,2026-04-11,中山,8,4歳以上1勝クラス,ダ,1800,右,晴,稍,"3回 中山 5日目 サラ系４歳以上 １勝クラス       (混)[指] 定量 16頭 本賞金:820,330,210,120,82万円",16,820.0,10,8,16,ディースプレマシー,牡,4,58.0,石橋脩,114.2,ハナ,9,28.6,38.4,16-16-15-13,美浦 牧,456,2,
202606030508,2026-04-11,中山,8,4歳以上1勝クラス,ダ,1800,右,晴,稍,"3回 中山 5日目 サラ系４歳以上 １勝クラス       (混)[指] 定量 16頭 本賞金:820,330,210,120,82万円",16,820.0,11,6,12,ウインイメル,牡,5,58.0,三浦,114.5,2,8,28.4,39.2,10-10-11-11,美浦 深山,494,0,
202606030508,2026-04-11,中山,8,4歳以上1勝クラス,ダ,1800,右,晴,稍,"3回 中山 5日目 サラ系４歳以上 １勝クラス       (混)[指] 定量 16頭 本賞金:820,330,210,120,82万円",16,820.0,12,6,11,ブリスフル,牡,5,58.0,木幡初,114.7,1,16,287.1,39.2,13-12-13-13,美浦 武市,510,2,
202606030508,2026-04-11,中山,8,4歳以上1勝クラス,ダ,1800,右,晴,稍,"3回 中山 5日目 サラ系４歳以上 １勝クラス       (混)[指] 定量 16頭 本賞金:820,330,210,120,82万円",16,820.0,13,7,13,サンダーユニバンス,牡,5,55.0,▲水沼,114.9,1.1/2,11,176.1,40.0,6-6-7-10,美浦 戸田,478,4,
202606030508,2026-04-11,中山,8,4歳以上1勝クラス,ダ,1800,右,晴,稍,"3回 中山 5日目 サラ系４歳以上 １勝クラス       (混)[指] 定量 16頭 本賞金:820,330,210,120,82万円",16,820.0,14,2,3,グランドフォレスト,牡,5,58.0,柴田大,115.2,1.1/2,15,285.7,39.6,10-10-13-15,美浦 室井,468,0,
202606030508,2026-04-11,中山,8,4歳以上1勝クラス,ダ,1800,右,晴,稍,"3回 中山 5日目 サラ系４歳以上 １勝クラス       (混)[指] 定量 16頭 本賞金:820,330,210,120,82万円",16,820.0,15,5,9,カフェロワドール,牡,4,58.0,ディー,115.2,アタマ,5,8.9,39.9,13-12-11-11,美浦 嘉藤,502,0,
202606030508,2026-04-11,中山,8,4歳以上1勝クラス,ダ,1800,右,晴,稍,"3回 中山 5日目 サラ系４歳以上 １勝クラス       (混)[指] 定量 16頭 本賞金:820,330,210,120,82万円",16,820.0,16,3,5,ウーバーストロング,牡,4,58.0,木幡育,116.0,5,14,192.2,40.2,12-12-15-15,美浦 杉浦,446,-12,
202606030509,2026-04-11,中山,9,山藤賞,芝,2000,右,晴,良,"3回 中山 5日目 サラ系３歳 １勝クラス       (混)(特指) 馬齢 7頭 本賞金:1140,460,290,170,114万円",7,1140.0,1,6,6,チャリングクロス,牡,3,57.0,横山武,121.2,,2,3.3,34.6,3-3-3-3,美浦 奥村武,480,-12,
202606030509,2026-04-11,中山,9,山藤賞,芝,2000,右,晴,良,"3回 中山 5日目 サラ系３歳 １勝クラス       (混)(特指) 馬齢 7頭 本賞金:1140,460,290,170,114万円",7,1140.0,2,5,5,コッツォリーノ,牡,3,57.0,田辺,121.4,1.1/2,1,1.9,35.0,2-2-2-2,美浦 池上,462,-6,
202606030509,2026-04-11,中山,9,山藤賞,芝,2000,右,晴,良,"3回 中山 5日目 サラ系３歳 １勝クラス       (混)(特指) 馬齢 7頭 本賞金:1140,460,290,170,114万円",7,1140.0,3,3,3,ソングオブザバード,牝,3,55.0,ディー,121.5,1/2,3,4.7,34.6,4-4-4-4,栗東 佐藤悠,456,-8,
202606030509,2026-04-11,中山,9,山藤賞,芝,2000,右,晴,良,"3回 中山 5日目 サラ系３歳 １勝クラス       (混)(特指) 馬齢 7頭 本賞金:1140,460,290,170,114万円",7,1140.0,4,1,1,ワッフル,牝,3,55.0,嶋田,122.8,8,6,90.8,35.7,5-5-5-5,美浦 室井,446,-4,
202606030509,2026-04-11,中山,9,山藤賞,芝,2000,右,晴,良,"3回 中山 5日目 サラ系３歳 １勝クラス       (混)(特指) 馬齢 7頭 本賞金:1140,460,290,170,114万円",7,1140.0,5,7,7,グランセレスト,牡,3,57.0,三浦,122.9,3/4,4,9.8,36.8,1-1-1-1,美浦 竹内,520,-2,
202606030509,2026-04-11,中山,9,山藤賞,芝,2000,右,晴,良,"3回 中山 5日目 サラ系３歳 １勝クラス       (混)(特指) 馬齢 7頭 本賞金:1140,460,290,170,114万円",7,1140.0,6,4,4,グランアルト,牡,3,57.0,戸崎圭,123.3,2.1/2,5,10.2,36.2,5-5-5-6,美浦 斎藤誠,504,-10,
202606030509,2026-04-11,中山,9,山藤賞,芝,2000,右,晴,良,"3回 中山 5日目 サラ系３歳 １勝クラス       (混)(特指) 馬齢 7頭 本賞金:1140,460,290,170,114万円",7,1140.0,7,2,2,キタノファーンヒル,牝,3,55.0,佐々木,123.5,3/4,7,133.6,36.0,7-7-7-7,栗東 加藤公,458,-2,
202606030510,2026-04-11,中山,10,卯月S,ダ,1200,右,晴,稍,"3回 中山 5日目 サラ系４歳以上 ３勝クラス       (混)(特指) 定量 13頭 本賞金:1870,750,470,280,187万円",13,1870.0,1,4,5,スリーピース,セ,4,58.0,三浦,69.9,,4,9.3,35.7,1-1,美浦 武井,462,0,
202606030510,2026-04-11,中山,10,卯月S,ダ,1200,右,晴,稍,"3回 中山 5日目 サラ系４歳以上 ３勝クラス       (混)(特指) 定量 13頭 本賞金:1870,750,470,280,187万円",13,1870.0,2,2,2,ワンダラー,牡,4,58.0,横山武,70.2,1.3/4,1,2.8,35.6,4-4,美浦 黒岩,536,2,
202606030510,2026-04-11,中山,10,卯月S,ダ,1200,右,晴,稍,"3回 中山 5日目 サラ系４歳以上 ３勝クラス       (混)(特指) 定量 13頭 本賞金:1870,750,470,280,187万円",13,1870.0,3,5,6,キタノソワレ,牝,5,56.0,佐々木,70.3,3/4,9,29.2,35.1,7-8,美浦 本間,480,-2,
202606030510,2026-04-11,中山,10,卯月S,ダ,1200,右,晴,稍,"3回 中山 5日目 サラ系４歳以上 ３勝クラス       (混)(特指) 定量 13頭 本賞金:1870,750,470,280,187万円",13,1870.0,4,8,13,ロサンゼルス,牡,5,58.0,田辺,70.3,ハナ,2,3.8,36.0,2-2,美浦 伊藤圭,524,-6,
202606030510,2026-04-11,中山,10,卯月S,ダ,1200,右,晴,稍,"3回 中山 5日目 サラ系４歳以上 ３勝クラス       (混)(特指) 定量 13頭 本賞金:1870,750,470,280,187万円",13,1870.0,5,7,11,エンヤラヴフェイス,牡,5,58.0,大野,70.7,2,3,8.6,35.0,11-9,栗東 森田,518,-2,
202606030510,2026-04-11,中山,10,卯月S,ダ,1200,右,晴,稍,"3回 中山 5日目 サラ系４歳以上 ３勝クラス       (混)(特指) 定量 13頭 本賞金:1870,750,470,280,187万円",13,1870.0,6,4,4,スタンリーテソーロ,牡,5,58.0,木幡巧,70.8,1/2,6,12.5,35.9,6-6,美浦 稲垣,436,-4,
202606030510,2026-04-11,中山,10,卯月S,ダ,1200,右,晴,稍,"3回 中山 5日目 サラ系４歳以上 ３勝クラス       (混)(特指) 定量 13頭 本賞金:1870,750,470,280,187万円",13,1870.0,7,3,3,ジャーヴィス,牡,6,58.0,原,71.0,1.1/2,12,73.2,34.8,12-12,栗東 千田,484,-12,
202606030510,2026-04-11,中山,10,卯月S,ダ,1200,右,晴,稍,"3回 中山 5日目 サラ系４歳以上 ３勝クラス       (混)(特指) 定量 13頭 本賞金:1870,750,470,280,187万円",13,1870.0,8,1,1,スプランドゥール,牡,5,58.0,柴田大,71.1,1/2,8,19.5,35.0,12-12,美浦 和田雄,474,-4,
202606030510,2026-04-11,中山,10,卯月S,ダ,1200,右,晴,稍,"3回 中山 5日目 サラ系４歳以上 ３勝クラス       (混)(特指) 定量 13頭 本賞金:1870,750,470,280,187万円",13,1870.0,9,5,7,ショウナンハクウン,牡,6,58.0,ディー,71.1,アタマ,5,9.8,36.0,7-6,美浦 大竹,508,-4,
202606030510,2026-04-11,中山,10,卯月S,ダ,1200,右,晴,稍,"3回 中山 5日目 サラ系４歳以上 ３勝クラス       (混)(特指) 定量 13頭 本賞金:1870,750,470,280,187万円",13,1870.0,10,6,8,ナスノカンゲツ,牡,6,58.0,岩田康,71.1,ハナ,10,35.7,36.5,4-5,美浦 武井,518,-6,
202606030510,2026-04-11,中山,10,卯月S,ダ,1200,右,晴,稍,"3回 中山 5日目 サラ系４歳以上 ３勝クラス       (混)(特指) 定量 13頭 本賞金:1870,750,470,280,187万円",13,1870.0,11,6,9,アイアムユウシュン,牡,5,58.0,柴田善,71.1,ハナ,11,38.5,36.6,3-3,美浦 奥平,524,14,
202606030510,2026-04-11,中山,10,卯月S,ダ,1200,右,晴,稍,"3回 中山 5日目 サラ系４歳以上 ３勝クラス       (混)(特指) 定量 13頭 本賞金:1870,750,470,280,187万円",13,1870.0,12,8,12,コパノハンプトン,牡,6,58.0,石橋脩,71.6,3,13,120.0,36.2,9-9,栗東 宮,506,-24,
202606030510,2026-04-11,中山,10,卯月S,ダ,1200,右,晴,稍,"3回 中山 5日目 サラ系４歳以上 ３勝クラス       (混)(特指) 定量 13頭 本賞金:1870,750,470,280,187万円",13,1870.0,13,7,10,ノットファウンド,牝,6,56.0,戸崎圭,71.7,クビ,7,13.6,36.1,10-11,美浦 木村,506,2,
202606030511,2026-04-11,中山,11,ニュージーランドT,芝,1600,右,晴,良,"3回 中山 5日目 サラ系３歳 オープン       (国際) 牡・牝(指) 馬齢 15頭 本賞金:5400,2200,1400,810,540万円",15,5400.0,1,2,3,レザベーション,牡,3,57.0,原,93.3,,6,43.5,34.2,2-2-2,栗東 松下,458,0,
202606030511,2026-04-11,中山,11,ニュージーランドT,芝,1600,右,晴,良,"3回 中山 5日目 サラ系３歳 オープン       (国際) 牡・牝(指) 馬齢 15頭 本賞金:5400,2200,1400,810,540万円",15,5400.0,2,4,7,ロデオドライブ,牡,3,57.0,津村,93.3,クビ,1,1.7,33.9,3-3-3,美浦 辻,476,0,
202606030511,2026-04-11,中山,11,ニュージーランドT,芝,1600,右,晴,良,"3回 中山 5日目 サラ系３歳 オープン       (国際) 牡・牝(指) 馬齢 15頭 本賞金:5400,2200,1400,810,540万円",15,5400.0,3,3,5,ジーネキング,牡,3,57.0,横山和,93.6,1.1/2,4,11.8,34.0,7-6-5,美浦 斎藤誠,494,-2,
202606030511,2026-04-11,中山,11,ニュージーランドT,芝,1600,右,晴,良,"3回 中山 5日目 サラ系３歳 オープン       (国際) 牡・牝(指) 馬齢 15頭 本賞金:5400,2200,1400,810,540万円",15,5400.0,4,8,14,ディールメーカー,牡,3,57.0,戸崎圭,93.6,クビ,3,7.8,34.3,3-3-3,美浦 大和田,498,0,
202606030511,2026-04-11,中山,11,ニュージーランドT,芝,1600,右,晴,良,"3回 中山 5日目 サラ系３歳 オープン       (国際) 牡・牝(指) 馬齢 15頭 本賞金:5400,2200,1400,810,540万円",15,5400.0,5,7,12,アルデトップガン,牡,3,57.0,三浦,93.9,2,7,48.7,33.9,10-10-9,美浦 田中剛,466,0,
202606030511,2026-04-11,中山,11,ニュージーランドT,芝,1600,右,晴,良,"3回 中山 5日目 サラ系３歳 オープン       (国際) 牡・牝(指) 馬齢 15頭 本賞金:5400,2200,1400,810,540万円",15,5400.0,6,6,11,ゴーラッキー,牡,3,57.0,横山武,94.0,1/2,2,3.7,34.4,5-6-7,美浦 黒岩,484,-2,
202606030511,2026-04-11,中山,11,ニュージーランドT,芝,1600,右,晴,良,"3回 中山 5日目 サラ系３歳 オープン       (国際) 牡・牝(指) 馬齢 15頭 本賞金:5400,2200,1400,810,540万円",15,5400.0,7,3,4,ヒズマスターピース,牝,3,55.0,佐々木,94.0,ハナ,5,13.3,35.0,1-1-1,美浦 奥村武,498,-2,
202606030511,2026-04-11,中山,11,ニュージーランドT,芝,1600,右,晴,良,"3回 中山 5日目 サラ系３歳 オープン       (国際) 牡・牝(指) 馬齢 15頭 本賞金:5400,2200,1400,810,540万円",15,5400.0,8,5,8,スマイルカーブ,牝,3,55.0,大野,94.1,クビ,11,114.5,33.9,10-13-12,美浦 小手川,420,-2,
202606030511,2026-04-11,中山,11,ニュージーランドT,芝,1600,右,晴,良,"3回 中山 5日目 サラ系３歳 オープン       (国際) 牡・牝(指) 馬齢 15頭 本賞金:5400,2200,1400,810,540万円",15,5400.0,9,6,10,ジーティーシンドウ,牡,3,57.0,田辺,94.5,2.1/2,9,60.1,34.5,8-10-9,美浦 栗田,438,0,
202606030511,2026-04-11,中山,11,ニュージーランドT,芝,1600,右,晴,良,"3回 中山 5日目 サラ系３歳 オープン       (国際) 牡・牝(指) 馬齢 15頭 本賞金:5400,2200,1400,810,540万円",15,5400.0,10,8,15,ミリオンクラウン,牡,3,57.0,柴田大,94.6,クビ,15,437.6,34.8,8-8-7,美浦 和田雄,492,-4,
202606030511,2026-04-11,中山,11,ニュージーランドT,芝,1600,右,晴,良,"3回 中山 5日目 サラ系３歳 オープン       (国際) 牡・牝(指) 馬齢 15頭 本賞金:5400,2200,1400,810,540万円",15,5400.0,11,7,13,ガリレア,牡,3,57.0,石橋脩,94.6,ハナ,12,161.6,35.1,5-5-5,美浦 清水英,450,2,
202606030511,2026-04-11,中山,11,ニュージーランドT,芝,1600,右,晴,良,"3回 中山 5日目 サラ系３歳 オープン       (国際) 牡・牝(指) 馬齢 15頭 本賞金:5400,2200,1400,810,540万円",15,5400.0,12,5,9,ブルズアイプリンス,牡,3,57.0,柴田善,94.8,1.1/4,14,369.7,34.5,13-13-12,栗東 森秀,428,-8,
202606030511,2026-04-11,中山,11,ニュージーランドT,芝,1600,右,晴,良,"3回 中山 5日目 サラ系３歳 オープン       (国際) 牡・牝(指) 馬齢 15頭 本賞金:5400,2200,1400,810,540万円",15,5400.0,13,4,6,シュペルリング,牡,3,57.0,ディー,94.8,クビ,8,53.2,34.7,13-12-12,美浦 嘉藤,440,-4,
202606030511,2026-04-11,中山,11,ニュージーランドT,芝,1600,右,晴,良,"3回 中山 5日目 サラ系３歳 オープン       (国際) 牡・牝(指) 馬齢 15頭 本賞金:5400,2200,1400,810,540万円",15,5400.0,14,2,2,マダックス,牡,3,57.0,吉田豊,95.2,2.1/2,13,217.9,35.3,10-9-9,美浦 高柳瑞,450,-4,
202606030511,2026-04-11,中山,11,ニュージーランドT,芝,1600,右,晴,良,"3回 中山 5日目 サラ系３歳 オープン       (国際) 牡・牝(指) 馬齢 15頭 本賞金:5400,2200,1400,810,540万円",15,5400.0,15,1,1,ハノハノ,牝,3,55.0,岩田康,101.1,大,10,69.1,39.5,15-15-15,栗東 奥村豊,432,0,
202606030512,2026-04-11,中山,12,4歳以上2勝クラス,ダ,1200,右,晴,稍,"3回 中山 5日目 サラ系４歳以上 ２勝クラス       牝[指] 定量 16頭 本賞金:1190,480,300,180,119万円",16,1190.0,1,3,6,プレゼンティーア,牝,5,53.0,▲上里,70.5,,5,13.2,37.4,1-1,栗東 田中克,494,4,
202606030512,2026-04-11,中山,12,4歳以上2勝クラス,ダ,1200,右,晴,稍,"3回 中山 5日目 サラ系４歳以上 ２勝クラス       牝[指] 定量 16頭 本賞金:1190,480,300,180,119万円",16,1190.0,2,8,16,ルーフオブヘヴン,牝,5,56.0,佐々木,70.6,クビ,8,24.4,36.5,7-6,美浦 武藤,470,-4,
202606030512,2026-04-11,中山,12,4歳以上2勝クラス,ダ,1200,右,晴,稍,"3回 中山 5日目 サラ系４歳以上 ２勝クラス       牝[指] 定量 16頭 本賞金:1190,480,300,180,119万円",16,1190.0,3,8,15,オカメノコイ,牝,4,56.0,大野,71.0,2.1/2,14,90.6,35.5,16-16,美浦 小笠,472,2,
202606030512,2026-04-11,中山,12,4歳以上2勝クラス,ダ,1200,右,晴,稍,"3回 中山 5日目 サラ系４歳以上 ２勝クラス       牝[指] 定量 16頭 本賞金:1190,480,300,180,119万円",16,1190.0,4,2,3,アルジェンタージョ,牝,5,53.0,▲佐藤,71.1,クビ,10,45.5,36.7,10-8,美浦 伊藤圭,464,0,
202606030512,2026-04-11,中山,12,4歳以上2勝クラス,ダ,1200,右,晴,稍,"3回 中山 5日目 サラ系４歳以上 ２勝クラス       牝[指] 定量 16頭 本賞金:1190,480,300,180,119万円",16,1190.0,5,3,5,クインズポラリス,牝,5,56.0,田辺,71.1,クビ,3,7.8,38.0,2-2,美浦 上原博,502,0,
202606030512,2026-04-11,中山,12,4歳以上2勝クラス,ダ,1200,右,晴,稍,"3回 中山 5日目 サラ系４歳以上 ２勝クラス       牝[指] 定量 16頭 本賞金:1190,480,300,180,119万円",16,1190.0,6,6,11,クインズシフォン,牝,4,56.0,津村,71.2,クビ,6,14.2,36.6,12-10,美浦 和田郎,456,4,
202606030512,2026-04-11,中山,12,4歳以上2勝クラス,ダ,1200,右,晴,稍,"3回 中山 5日目 サラ系４歳以上 ２勝クラス       牝[指] 定量 16頭 本賞金:1190,480,300,180,119万円",16,1190.0,7,4,8,シアター,牝,5,56.0,木幡巧,71.2,アタマ,9,33.4,37.9,3-3,栗東 茶木,450,2,
202606030512,2026-04-11,中山,12,4歳以上2勝クラス,ダ,1200,右,晴,稍,"3回 中山 5日目 サラ系４歳以上 ２勝クラス       牝[指] 定量 16頭 本賞金:1190,480,300,180,119万円",16,1190.0,8,2,4,アスタールフナ,牝,4,56.0,三浦,71.3,1/2,1,2.8,37.9,4-3,栗東 中竹,444,-4,
202606030512,2026-04-11,中山,12,4歳以上2勝クラス,ダ,1200,右,晴,稍,"3回 中山 5日目 サラ系４歳以上 ２勝クラス       牝[指] 定量 16頭 本賞金:1190,480,300,180,119万円",16,1190.0,9,5,9,モリノレッドスター,牝,5,56.0,横山武,71.3,クビ,2,3.4,37.3,6-6,美浦 鈴木伸,482,0,
202606030512,2026-04-11,中山,12,4歳以上2勝クラス,ダ,1200,右,晴,稍,"3回 中山 5日目 サラ系４歳以上 ２勝クラス       牝[指] 定量 16頭 本賞金:1190,480,300,180,119万円",16,1190.0,10,6,12,バロン,牝,5,56.0,嶋田,71.4,クビ,13,78.7,36.5,15-14,美浦 手塚久,490,-10,
202606030512,2026-04-11,中山,12,4歳以上2勝クラス,ダ,1200,右,晴,稍,"3回 中山 5日目 サラ系４歳以上 ２勝クラス       牝[指] 定量 16頭 本賞金:1190,480,300,180,119万円",16,1190.0,11,1,2,プレアデスグループ,牝,5,56.0,戸崎圭,71.4,クビ,7,14.9,37.1,9-8,栗東 吉岡,448,-4,
202606030512,2026-04-11,中山,12,4歳以上2勝クラス,ダ,1200,右,晴,稍,"3回 中山 5日目 サラ系４歳以上 ２勝クラス       牝[指] 定量 16頭 本賞金:1190,480,300,180,119万円",16,1190.0,12,7,14,ベルブリエ,牝,5,56.0,ディー,71.8,2,12,68.3,37.2,12-12,美浦 尾関,466,-4,
202606030512,2026-04-11,中山,12,4歳以上2勝クラス,ダ,1200,右,晴,稍,"3回 中山 5日目 サラ系４歳以上 ２勝クラス       牝[指] 定量 16頭 本賞金:1190,480,300,180,119万円",16,1190.0,13,4,7,ボルセーナ,牝,4,56.0,泉谷,71.8,1/2,11,53.5,37.3,10-10,栗東 奥村豊,460,4,
202606030512,2026-04-11,中山,12,4歳以上2勝クラス,ダ,1200,右,晴,稍,"3回 中山 5日目 サラ系４歳以上 ２勝クラス       牝[指] 定量 16頭 本賞金:1190,480,300,180,119万円",16,1190.0,14,5,10,ベニシア,牝,5,56.0,柴田大,72.0,1,15,135.7,37.4,12-14,美浦 粕谷,440,-6,
202606030512,2026-04-11,中山,12,4歳以上2勝クラス,ダ,1200,右,晴,稍,"3回 中山 5日目 サラ系４歳以上 ２勝クラス       牝[指] 定量 16頭 本賞金:1190,480,300,180,119万円",16,1190.0,15,7,13,エリカカリーナ,牝,5,56.0,横山和,74.0,大,4,9.4,40.5,4-5,美浦 宮田,430,-6,
202606030512,2026-04-11,中山,12,4歳以上2勝クラス,ダ,1200,右,晴,稍,"3回 中山 5日目 サラ系４歳以上 ２勝クラス       牝[指] 定量 16頭 本賞金:1190,480,300,180,119万円",16,1190.0,16,1,1,ヒナアラレ,牝,7,56.0,的場,75.9,大,16,277.7,41.8,7-12,美浦 的場,474,-5,
202609020501,2026-04-11,阪神,1,3歳未勝利,ダ,1800,右,晴,重,"2回 阪神 5日目 サラ系３歳 未勝利       牝[指] 馬齢 16頭 本賞金:590,240,150,89,59万円",16,590.0,1,4,7,イルカンダ,牝,3,55.0,菱田,113.3,,2,3.2,39.4,1-1-1-1,栗東 小崎,518,0,
202609020501,2026-04-11,阪神,1,3歳未勝利,ダ,1800,右,晴,重,"2回 阪神 5日目 サラ系３歳 未勝利       牝[指] 馬齢 16頭 本賞金:590,240,150,89,59万円",16,590.0,2,6,11,レステダンルヴァン,牝,3,55.0,吉村,113.4,クビ,4,4.9,38.8,4-5-5-3,栗東 藤岡健,504,0,
202609020501,2026-04-11,阪神,1,3歳未勝利,ダ,1800,右,晴,重,"2回 阪神 5日目 サラ系３歳 未勝利       牝[指] 馬齢 16頭 本賞金:590,240,150,89,59万円",16,590.0,3,1,2,ミルボナー,牝,3,55.0,武豊,113.8,2.1/2,1,3.1,39.1,6-5-5-6,栗東 高野,480,-4,
202609020501,2026-04-11,阪神,1,3歳未勝利,ダ,1800,右,晴,重,"2回 阪神 5日目 サラ系３歳 未勝利       牝[指] 馬齢 16頭 本賞金:590,240,150,89,59万円",16,590.0,4,3,5,マクノス,牝,3,55.0,幸,114.3,2.1/2,14,158.7,39.3,11-10-7-10,栗東 鈴木孝,420,4,
202609020501,2026-04-11,阪神,1,3歳未勝利,ダ,1800,右,晴,重,"2回 阪神 5日目 サラ系３歳 未勝利       牝[指] 馬齢 16頭 本賞金:590,240,150,89,59万円",16,590.0,5,8,15,プルーフリーディン,牝,3,55.0,団野,114.3,クビ,3,4.6,39.4,9-10-7-6,栗東 小林,494,-6,
202609020501,2026-04-11,阪神,1,3歳未勝利,ダ,1800,右,晴,重,"2回 阪神 5日目 サラ系３歳 未勝利       牝[指] 馬齢 16頭 本賞金:590,240,150,89,59万円",16,590.0,6,5,9,スマートコーラル,牝,3,55.0,酒井,114.5,1,15,226.2,40.3,2-2-2-2,栗東 石坂,490,-6,
202609020501,2026-04-11,阪神,1,3歳未勝利,ダ,1800,右,晴,重,"2回 阪神 5日目 サラ系３歳 未勝利       牝[指] 馬齢 16頭 本賞金:590,240,150,89,59万円",16,590.0,7,6,12,ミリオンアップ,牝,3,52.0,▲田山,114.6,1/2,9,67.3,39.4,11-13-10-9,栗東 野中,452,-6,
202609020501,2026-04-11,阪神,1,3歳未勝利,ダ,1800,右,晴,重,"2回 阪神 5日目 サラ系３歳 未勝利       牝[指] 馬齢 16頭 本賞金:590,240,150,89,59万円",16,590.0,8,1,1,ジェイパック,牝,3,53.0,△柴田裕,114.8,1.1/4,13,150.9,40.4,2-3-3-3,栗東 宮本,434,-2,
202609020501,2026-04-11,阪神,1,3歳未勝利,ダ,1800,右,晴,重,"2回 阪神 5日目 サラ系３歳 未勝利       牝[指] 馬齢 16頭 本賞金:590,240,150,89,59万円",16,590.0,9,4,8,リトゥリア,牝,3,55.0,北村友,115.1,1.1/2,10,76.0,39.1,16-16-16-13,栗東 河嶋,450,-2,
202609020501,2026-04-11,阪神,1,3歳未勝利,ダ,1800,右,晴,重,"2回 阪神 5日目 サラ系３歳 未勝利       牝[指] 馬齢 16頭 本賞金:590,240,150,89,59万円",16,590.0,10,5,10,タントレーベル,牝,3,55.0,鮫島駿,115.3,1,7,39.6,40.8,4-4-4-5,栗東 吉村,464,4,
202609020501,2026-04-11,阪神,1,3歳未勝利,ダ,1800,右,晴,重,"2回 阪神 5日目 サラ系３歳 未勝利       牝[指] 馬齢 16頭 本賞金:590,240,150,89,59万円",16,590.0,11,7,13,メイショウゼルク,牝,3,55.0,城戸,115.3,クビ,16,248.6,39.7,15-15-14-12,栗東 安達,456,2,
202609020501,2026-04-11,阪神,1,3歳未勝利,ダ,1800,右,晴,重,"2回 阪神 5日目 サラ系３歳 未勝利       牝[指] 馬齢 16頭 本賞金:590,240,150,89,59万円",16,590.0,12,7,14,ワンインザスカイ,牝,3,55.0,松山,115.3,アタマ,11,90.6,40.0,14-14-10-11,栗東 松永幹,462,10,
202609020501,2026-04-11,阪神,1,3歳未勝利,ダ,1800,右,晴,重,"2回 阪神 5日目 サラ系３歳 未勝利       牝[指] 馬齢 16頭 本賞金:590,240,150,89,59万円",16,590.0,13,2,4,ヒルノジェノヴァ,牝,3,55.0,岩田望,115.4,クビ,5,17.9,40.5,9-9-7-8,栗東 藤野,430,0,
202609020501,2026-04-11,阪神,1,3歳未勝利,ダ,1800,右,晴,重,"2回 阪神 5日目 サラ系３歳 未勝利       牝[指] 馬齢 16頭 本賞金:590,240,150,89,59万円",16,590.0,14,3,6,トゥスコラーナ,牝,3,55.0,角田和,116.3,5,12,95.9,40.6,13-12-12-13,栗東 松永幹,452,0,
202609020501,2026-04-11,阪神,1,3歳未勝利,ダ,1800,右,晴,重,"2回 阪神 5日目 サラ系３歳 未勝利       牝[指] 馬齢 16頭 本賞金:590,240,150,89,59万円",16,590.0,15,2,3,ハバタクジユウニ,牝,3,55.0,高杉,116.3,アタマ,8,52.6,40.3,6-5-13-16,栗東 角田,464,10,
202609020501,2026-04-11,阪神,1,3歳未勝利,ダ,1800,右,晴,重,"2回 阪神 5日目 サラ系３歳 未勝利       牝[指] 馬齢 16頭 本賞金:590,240,150,89,59万円",16,590.0,16,8,16,トライアンドエラー,牝,3,55.0,松本,117.1,5,6,29.3,41.1,6-5-14-13,栗東 加藤公,478,12,
202609020502,2026-04-11,阪神,2,3歳未勝利,ダ,1400,右,晴,重,"2回 阪神 5日目 サラ系３歳 未勝利       [指] 馬齢 16頭 本賞金:590,240,150,89,59万円",16,590.0,1,3,5,ゼロヴィジビリティ,牡,3,57.0,坂井,83.2,,1,2.3,37.7,1-1,栗東 寺島,506,30,
202609020502,2026-04-11,阪神,2,3歳未勝利,ダ,1400,右,晴,重,"2回 阪神 5日目 サラ系３歳 未勝利       [指] 馬齢 16頭 本賞金:590,240,150,89,59万円",16,590.0,2,1,1,オウケンブラッド,牡,3,57.0,北村友,84.0,5,3,5.0,37.3,8-8,栗東 畑端,442,-6,
202609020502,2026-04-11,阪神,2,3歳未勝利,ダ,1400,右,晴,重,"2回 阪神 5日目 サラ系３歳 未勝利       [指] 馬齢 16頭 本賞金:590,240,150,89,59万円",16,590.0,3,4,8,ペプチドレオン,牡,3,57.0,武豊,84.0,クビ,2,4.5,37.5,6-6,栗東 武英,444,2,
202609020502,2026-04-11,阪神,2,3歳未勝利,ダ,1400,右,晴,重,"2回 阪神 5日目 サラ系３歳 未勝利       [指] 馬齢 16頭 本賞金:590,240,150,89,59万円",16,590.0,4,7,14,パピプペピンク,牝,3,55.0,酒井,84.6,3.1/2,14,218.1,38.3,5-5,栗東 西村,446,-6,
202609020502,2026-04-11,阪神,2,3歳未勝利,ダ,1400,右,晴,重,"2回 阪神 5日目 サラ系３歳 未勝利       [指] 馬齢 16頭 本賞金:590,240,150,89,59万円",16,590.0,5,7,13,ライフイズカラフル,牡,3,57.0,角田和,84.7,1,5,9.7,38.6,3-3,栗東 河嶋,480,-8,
202609020502,2026-04-11,阪神,2,3歳未勝利,ダ,1400,右,晴,重,"2回 阪神 5日目 サラ系３歳 未勝利       [指] 馬齢 16頭 本賞金:590,240,150,89,59万円",16,590.0,6,1,2,オアシスアラン,牡,3,57.0,松本,84.8,クビ,13,156.1,38.0,8-8,栗東 高柳大,488,6,
202609020502,2026-04-11,阪神,2,3歳未勝利,ダ,1400,右,晴,重,"2回 阪神 5日目 サラ系３歳 未勝利       [指] 馬齢 16頭 本賞金:590,240,150,89,59万円",16,590.0,7,2,4,ゴールデンボブ,牡,3,57.0,団野,84.8,ハナ,12,110.7,37.7,11-10,栗東 四位,478,-4,
202609020502,2026-04-11,阪神,2,3歳未勝利,ダ,1400,右,晴,重,"2回 阪神 5日目 サラ系３歳 未勝利       [指] 馬齢 16頭 本賞金:590,240,150,89,59万円",16,590.0,8,5,10,メイショウライゴー,牡,3,57.0,浜中,85.2,2,4,8.0,39.5,2-2,栗東 安達,524,2,
202609020502,2026-04-11,阪神,2,3歳未勝利,ダ,1400,右,晴,重,"2回 阪神 5日目 サラ系３歳 未勝利       [指] 馬齢 16頭 本賞金:590,240,150,89,59万円",16,590.0,9,2,3,ラジャブルック,牡,3,57.0,鮫島駿,85.4,1,7,22.8,38.3,11-10,栗東 高野,478,-8,
202609020502,2026-04-11,阪神,2,3歳未勝利,ダ,1400,右,晴,重,"2回 阪神 5日目 サラ系３歳 未勝利       [指] 馬齢 16頭 本賞金:590,240,150,89,59万円",16,590.0,10,6,11,マカラス,牡,3,57.0,高杉,85.5,1/2,8,42.0,38.0,14-13,栗東 飯田,448,2,
202609020502,2026-04-11,阪神,2,3歳未勝利,ダ,1400,右,晴,重,"2回 阪神 5日目 サラ系３歳 未勝利       [指] 馬齢 16頭 本賞金:590,240,150,89,59万円",16,590.0,11,8,15,テリオスリコ,牝,3,55.0,西塚,85.9,2.1/2,15,272.5,38.2,15-15,栗東 松下,442,2,
202609020502,2026-04-11,阪神,2,3歳未勝利,ダ,1400,右,晴,重,"2回 阪神 5日目 サラ系３歳 未勝利       [指] 馬齢 16頭 本賞金:590,240,150,89,59万円",16,590.0,12,5,9,レッドピアレス,牡,3,57.0,西村淳,86.0,クビ,6,20.4,39.5,6-6,栗東 中内田,474,0,
202609020502,2026-04-11,阪神,2,3歳未勝利,ダ,1400,右,晴,重,"2回 阪神 5日目 サラ系３歳 未勝利       [指] 馬齢 16頭 本賞金:590,240,150,89,59万円",16,590.0,13,3,6,ペントハウス,セ,3,54.0,▲田山,86.0,ハナ,10,89.9,40.0,3-4,栗東 福永,454,-2,
202609020502,2026-04-11,阪神,2,3歳未勝利,ダ,1400,右,晴,重,"2回 阪神 5日目 サラ系３歳 未勝利       [指] 馬齢 16頭 本賞金:590,240,150,89,59万円",16,590.0,14,4,7,ペスキエーラ,牝,3,55.0,吉村,86.3,1.3/4,11,98.9,38.6,15-15,栗東 須貝,472,-6,
202609020502,2026-04-11,阪神,2,3歳未勝利,ダ,1400,右,晴,重,"2回 阪神 5日目 サラ系３歳 未勝利       [指] 馬齢 16頭 本賞金:590,240,150,89,59万円",16,590.0,15,8,16,シュネープリンセス,牝,3,55.0,国分優,86.4,1,9,49.0,39.2,11-13,栗東 緒方,454,4,
202609020502,2026-04-11,阪神,2,3歳未勝利,ダ,1400,右,晴,重,"2回 阪神 5日目 サラ系３歳 未勝利       [指] 馬齢 16頭 本賞金:590,240,150,89,59万円",16,590.0,16,6,12,スージーハルワ,牡,3,57.0,菱田,87.0,3.1/2,16,544.6,40.0,10-12,栗東 羽月,428,-6,
202609020503,2026-04-11,阪神,3,3歳未勝利,ダ,1800,右,晴,重,"2回 阪神 5日目 サラ系３歳 未勝利       [指] 馬齢 13頭 本賞金:590,240,150,89,59万円",13,590.0,1,3,3,ジュンドラドラ,牡,3,57.0,西村淳,111.8,,1,1.1,38.2,2-2-2-1,栗東 清水久,550,4,
202609020503,2026-04-11,阪神,3,3歳未勝利,ダ,1800,右,晴,重,"2回 阪神 5日目 サラ系３歳 未勝利       [指] 馬齢 13頭 本賞金:590,240,150,89,59万円",13,590.0,2,6,8,ケンフィールド,牡,3,57.0,幸,113.0,7,8,105.6,39.2,5-5-3-3,栗東 大根田,462,-10,
202609020503,2026-04-11,阪神,3,3歳未勝利,ダ,1800,右,晴,重,"2回 阪神 5日目 サラ系３歳 未勝利       [指] 馬齢 13頭 本賞金:590,240,150,89,59万円",13,590.0,3,4,4,メイショウヒタカミ,牡,3,57.0,角田和,113.1,1/2,6,38.1,39.0,6-7-5-4,栗東 石橋,454,-2,
202609020503,2026-04-11,阪神,3,3歳未勝利,ダ,1800,右,晴,重,"2回 阪神 5日目 サラ系３歳 未勝利       [指] 馬齢 13頭 本賞金:590,240,150,89,59万円",13,590.0,4,1,1,ハオカノア,牡,3,57.0,鮫島駿,113.4,2,4,18.8,38.9,9-8-8-7,栗東 小崎,472,-6,
202609020503,2026-04-11,阪神,3,3歳未勝利,ダ,1800,右,晴,重,"2回 阪神 5日目 サラ系３歳 未勝利       [指] 馬齢 13頭 本賞金:590,240,150,89,59万円",13,590.0,5,5,6,トコトコクマチ,牡,3,55.0,△柴田裕,113.5,1/2,13,258.1,38.7,11-11-9-9,栗東 岡田,480,-2,
202609020503,2026-04-11,阪神,3,3歳未勝利,ダ,1800,右,晴,重,"2回 阪神 5日目 サラ系３歳 未勝利       [指] 馬齢 13頭 本賞金:590,240,150,89,59万円",13,590.0,6,7,11,ジャスティンレビン,牡,3,57.0,北村友,113.6,クビ,2,8.5,39.2,6-6-7-7,栗東 吉岡,514,2,
202609020503,2026-04-11,阪神,3,3歳未勝利,ダ,1800,右,晴,重,"2回 阪神 5日目 サラ系３歳 未勝利       [指] 馬齢 13頭 本賞金:590,240,150,89,59万円",13,590.0,7,8,13,ディープシャロー,牡,3,57.0,太宰,114.1,3,5,20.1,40.5,1-1-1-2,栗東 本田,500,-2,
202609020503,2026-04-11,阪神,3,3歳未勝利,ダ,1800,右,晴,重,"2回 阪神 5日目 サラ系３歳 未勝利       [指] 馬齢 13頭 本賞金:590,240,150,89,59万円",13,590.0,8,7,10,パイザナンバー,牡,3,54.0,▲川端,114.3,1.1/2,10,128.4,39.3,10-10-11-10,栗東 畑端,430,-6,
202609020503,2026-04-11,阪神,3,3歳未勝利,ダ,1800,右,晴,重,"2回 阪神 5日目 サラ系３歳 未勝利       [指] 馬齢 13頭 本賞金:590,240,150,89,59万円",13,590.0,9,6,9,オセアスターライト,セ,3,54.0,▲田山,115.8,9,12,174.6,40.3,11-11-13-13,栗東 東田,460,0,
202609020503,2026-04-11,阪神,3,3歳未勝利,ダ,1800,右,晴,重,"2回 阪神 5日目 サラ系３歳 未勝利       [指] 馬齢 13頭 本賞金:590,240,150,89,59万円",13,590.0,10,8,12,サンライズレマ,牡,3,57.0,吉村,115.8,クビ,7,76.0,41.7,4-4-5-5,栗東 石坂,486,-4,
202609020503,2026-04-11,阪神,3,3歳未勝利,ダ,1800,右,晴,重,"2回 阪神 5日目 サラ系３歳 未勝利       [指] 馬齢 13頭 本賞金:590,240,150,89,59万円",13,590.0,11,2,2,ブラストオフ,牡,3,57.0,高杉,116.5,4,3,16.8,41.4,13-13-11-12,栗東 石橋,546,0,
202609020503,2026-04-11,阪神,3,3歳未勝利,ダ,1800,右,晴,重,"2回 阪神 5日目 サラ系３歳 未勝利       [指] 馬齢 13頭 本賞金:590,240,150,89,59万円",13,590.0,12,4,5,ウインマデイラ,牡,3,57.0,国分優,117.0,3,9,106.6,42.2,8-8-9-10,栗東 吉田,462,8,
202609020503,2026-04-11,阪神,3,3歳未勝利,ダ,1800,右,晴,重,"2回 阪神 5日目 サラ系３歳 未勝利       [指] 馬齢 13頭 本賞金:590,240,150,89,59万円",13,590.0,13,5,7,メイショウトッド,牡,3,57.0,城戸,117.2,1.1/2,11,173.8,43.3,2-3-3-5,栗東 安達,448,-4,
202609020504,2026-04-11,阪神,4,3歳未勝利,芝,2000,右,晴,稍,"2回 阪神 5日目 サラ系３歳 未勝利       (混)[指] 馬齢 16頭 本賞金:590,240,150,89,59万円",16,590.0,1,3,6,オリオンブレード,牡,3,57.0,坂井,121.2,,1,2.0,35.5,3-3-3-3,栗東 矢作,510,-8,
202609020504,2026-04-11,阪神,4,3歳未勝利,芝,2000,右,晴,稍,"2回 阪神 5日目 サラ系３歳 未勝利       (混)[指] 馬齢 16頭 本賞金:590,240,150,89,59万円",16,590.0,2,7,14,パンチャマハブータ,牝,3,55.0,池添,121.3,1/2,6,34.1,34.8,13-15-15-14,栗東 吉田,408,0,
202609020504,2026-04-11,阪神,4,3歳未勝利,芝,2000,右,晴,稍,"2回 阪神 5日目 サラ系３歳 未勝利       (混)[指] 馬齢 16頭 本賞金:590,240,150,89,59万円",16,590.0,3,2,3,エアアルチーナ,牝,3,55.0,松山,121.6,2,4,10.4,35.3,12-12-12-11,栗東 池添,466,0,
202609020504,2026-04-11,阪神,4,3歳未勝利,芝,2000,右,晴,稍,"2回 阪神 5日目 サラ系３歳 未勝利       (混)[指] 馬齢 16頭 本賞金:590,240,150,89,59万円",16,590.0,4,3,5,コスモフィレンツェ,牡,3,57.0,幸,121.7,クビ,2,2.9,36.1,2-2-2-2,栗東 北出,494,6,
202609020504,2026-04-11,阪神,4,3歳未勝利,芝,2000,右,晴,稍,"2回 阪神 5日目 サラ系３歳 未勝利       (混)[指] 馬齢 16頭 本賞金:590,240,150,89,59万円",16,590.0,5,8,16,コワンニシタガウ,牡,3,57.0,ルメー,121.7,ハナ,3,7.5,35.7,9-9-8-7,栗東 庄野,474,4,
202609020504,2026-04-11,阪神,4,3歳未勝利,芝,2000,右,晴,稍,"2回 阪神 5日目 サラ系３歳 未勝利       (混)[指] 馬齢 16頭 本賞金:590,240,150,89,59万円",16,590.0,6,1,1,シャリキモン,牡,3,57.0,団野,121.9,1.1/4,7,78.7,35.7,11-9-11-11,栗東 吉田,430,-2,
202609020504,2026-04-11,阪神,4,3歳未勝利,芝,2000,右,晴,稍,"2回 阪神 5日目 サラ系３歳 未勝利       (混)[指] 馬齢 16頭 本賞金:590,240,150,89,59万円",16,590.0,7,4,7,アリュウ,牝,3,55.0,角田和,122.0,1,11,160.9,36.0,6-6-8-7,栗東 井上,434,-6,
202609020504,2026-04-11,阪神,4,3歳未勝利,芝,2000,右,晴,稍,"2回 阪神 5日目 サラ系３歳 未勝利       (混)[指] 馬齢 16頭 本賞金:590,240,150,89,59万円",16,590.0,8,5,9,グリッタードール,牝,3,55.0,西塚,122.1,クビ,15,219.4,36.3,3-3-5-3,栗東 大橋,468,0,
202609020504,2026-04-11,阪神,4,3歳未勝利,芝,2000,右,晴,稍,"2回 阪神 5日目 サラ系３歳 未勝利       (混)[指] 馬齢 16頭 本賞金:590,240,150,89,59万円",16,590.0,9,1,2,ベルアズーロ,牡,3,55.0,△柴田裕,122.1,ハナ,10,113.1,36.1,6-6-7-7,栗東 西村,542,0,
202609020504,2026-04-11,阪神,4,3歳未勝利,芝,2000,右,晴,稍,"2回 阪神 5日目 サラ系３歳 未勝利       (混)[指] 馬齢 16頭 本賞金:590,240,150,89,59万円",16,590.0,10,8,15,アルダ,牡,3,57.0,吉村,122.2,1/2,8,104.5,35.9,9-9-12-13,栗東 石坂,500,10,
202609020504,2026-04-11,阪神,4,3歳未勝利,芝,2000,右,晴,稍,"2回 阪神 5日目 サラ系３歳 未勝利       (混)[指] 馬齢 16頭 本賞金:590,240,150,89,59万円",16,590.0,11,6,11,プロスト,牡,3,54.0,▲田山,122.3,クビ,9,105.4,35.8,13-12-14-14,栗東 梅田,454,-4,
202609020504,2026-04-11,阪神,4,3歳未勝利,芝,2000,右,晴,稍,"2回 阪神 5日目 サラ系３歳 未勝利       (混)[指] 馬齢 16頭 本賞金:590,240,150,89,59万円",16,590.0,12,2,4,ダンツカレン,牝,3,52.0,▲川端,122.3,アタマ,14,203.1,36.9,1-1-1-1,栗東 四位,482,-2,
202609020504,2026-04-11,阪神,4,3歳未勝利,芝,2000,右,晴,稍,"2回 阪神 5日目 サラ系３歳 未勝利       (混)[指] 馬齢 16頭 本賞金:590,240,150,89,59万円",16,590.0,13,6,12,コティノス,牡,3,57.0,西村淳,122.8,3,5,11.9,37.0,15-14-5-3,栗東 須貝,482,-4,
202609020504,2026-04-11,阪神,4,3歳未勝利,芝,2000,右,晴,稍,"2回 阪神 5日目 サラ系３歳 未勝利       (混)[指] 馬齢 16頭 本賞金:590,240,150,89,59万円",16,590.0,14,5,10,イズントイット,牝,3,55.0,菱田,122.8,クビ,12,171.2,37.1,3-3-3-3,栗東 岡田,486,-6,
202609020504,2026-04-11,阪神,4,3歳未勝利,芝,2000,右,晴,稍,"2回 阪神 5日目 サラ系３歳 未勝利       (混)[指] 馬齢 16頭 本賞金:590,240,150,89,59万円",16,590.0,15,7,13,メイショウバルキア,牝,3,55.0,太宰,123.1,1.1/2,13,183.5,37.1,6-6-8-7,栗東 渡辺,432,12,
202609020504,2026-04-11,阪神,4,3歳未勝利,芝,2000,右,晴,稍,"2回 阪神 5日目 サラ系３歳 未勝利       (混)[指] 馬齢 16頭 本賞金:590,240,150,89,59万円",16,590.0,,4,8,サトノアグード,牡,3,57.0,川田,,,,,,,栗東 藤原,482,6,除外
202609020505,2026-04-11,阪神,5,3歳1勝クラス,ダ,1800,右,晴,重,"2回 阪神 5日目 サラ系３歳 １勝クラス       (特指) 馬齢 12頭 本賞金:820,330,210,120,82万円",12,820.0,1,5,5,チュウワカーネギー,牡,3,57.0,西村淳,110.0,,3,5.2,36.7,1-1-1-1,栗東 大久保,518,4,
202609020505,2026-04-11,阪神,5,3歳1勝クラス,ダ,1800,右,晴,重,"2回 阪神 5日目 サラ系３歳 １勝クラス       (特指) 馬齢 12頭 本賞金:820,330,210,120,82万円",12,820.0,2,4,4,タガノエルー,牡,3,57.0,菱田,110.0,ハナ,1,2.4,36.3,3-3-3-2,栗東 宮,458,4,
202609020505,2026-04-11,阪神,5,3歳1勝クラス,ダ,1800,右,晴,重,"2回 阪神 5日目 サラ系３歳 １勝クラス       (特指) 馬齢 12頭 本賞金:820,330,210,120,82万円",12,820.0,3,1,1,アスクドゥチャンプ,牡,3,57.0,西塚,111.0,6,8,26.3,37.0,5-6-6-5,栗東 藤原,490,0,
202609020505,2026-04-11,阪神,5,3歳1勝クラス,ダ,1800,右,晴,重,"2回 阪神 5日目 サラ系３歳 １勝クラス       (特指) 馬齢 12頭 本賞金:820,330,210,120,82万円",12,820.0,4,8,12,メイショウペイト,牡,3,57.0,加藤,111.2,1.1/4,11,63.2,36.4,12-12-12-10,栗東 梅田,518,-10,
202609020505,2026-04-11,阪神,5,3歳1勝クラス,ダ,1800,右,晴,重,"2回 阪神 5日目 サラ系３歳 １勝クラス       (特指) 馬齢 12頭 本賞金:820,330,210,120,82万円",12,820.0,5,8,11,キタノシャカール,牡,3,57.0,団野,111.4,1,7,25.2,37.1,9-9-9-8,栗東 吉田,432,0,
202609020505,2026-04-11,阪神,5,3歳1勝クラス,ダ,1800,右,晴,重,"2回 阪神 5日目 サラ系３歳 １勝クラス       (特指) 馬齢 12頭 本賞金:820,330,210,120,82万円",12,820.0,6,5,6,ヴィエントデコラ,牡,3,57.0,岩田望,111.8,2.1/2,5,9.3,37.6,8-8-8-8,栗東 寺島,446,-6,
202609020505,2026-04-11,阪神,5,3歳1勝クラス,ダ,1800,右,晴,重,"2回 阪神 5日目 サラ系３歳 １勝クラス       (特指) 馬齢 12頭 本賞金:820,330,210,120,82万円",12,820.0,7,6,7,サイモンゼスト,牡,3,57.0,酒井,112.0,1.1/4,12,102.6,38.3,2-2-2-2,栗東 谷,494,-6,
202609020505,2026-04-11,阪神,5,3歳1勝クラス,ダ,1800,右,晴,重,"2回 阪神 5日目 サラ系３歳 １勝クラス       (特指) 馬齢 12頭 本賞金:820,330,210,120,82万円",12,820.0,8,3,3,テスタヴェローチェ,牡,3,54.0,▲田山,112.1,1/2,4,7.5,38.1,5-3-5-5,栗東 須貝,492,4,
202609020505,2026-04-11,阪神,5,3歳1勝クラス,ダ,1800,右,晴,重,"2回 阪神 5日目 サラ系３歳 １勝クラス       (特指) 馬齢 12頭 本賞金:820,330,210,120,82万円",12,820.0,9,7,9,ワンダフルデイズ,牡,3,57.0,幸,112.2,アタマ,6,15.2,38.1,5-6-6-5,栗東 高橋忠,500,0,
202609020505,2026-04-11,阪神,5,3歳1勝クラス,ダ,1800,右,晴,重,"2回 阪神 5日目 サラ系３歳 １勝クラス       (特指) 馬齢 12頭 本賞金:820,330,210,120,82万円",12,820.0,10,2,2,ジュンプリメーロ,牡,3,57.0,武豊,112.8,4,10,38.5,38.2,10-10-10-10,栗東 友道,482,-2,
202609020505,2026-04-11,阪神,5,3歳1勝クラス,ダ,1800,右,晴,重,"2回 阪神 5日目 サラ系３歳 １勝クラス       (特指) 馬齢 12頭 本賞金:820,330,210,120,82万円",12,820.0,11,6,8,キリオス,牡,3,57.0,松山,112.9,1/2,2,5.1,39.2,3-3-3-2,栗東 庄野,514,6,
202609020505,2026-04-11,阪神,5,3歳1勝クラス,ダ,1800,右,晴,重,"2回 阪神 5日目 サラ系３歳 １勝クラス       (特指) 馬齢 12頭 本賞金:820,330,210,120,82万円",12,820.0,12,7,10,クラッチスラッガー,牡,3,57.0,池添,125.0,大,9,33.1,50.2,10-10-10-12,栗東 池添,510,6,
202609020506,2026-04-11,阪神,6,3歳1勝クラス,芝,1200,右,晴,稍,"2回 阪神 5日目 サラ系３歳 １勝クラス       (混)(特指) 馬齢 15頭 本賞金:820,330,210,120,82万円",15,820.0,1,8,14,デアヴェローチェ,牝,3,55.0,岩田望,68.4,,2,3.2,33.6,6-7,栗東 上村,454,4,
202609020506,2026-04-11,阪神,6,3歳1勝クラス,芝,1200,右,晴,稍,"2回 阪神 5日目 サラ系３歳 １勝クラス       (混)(特指) 馬齢 15頭 本賞金:820,330,210,120,82万円",15,820.0,2,2,3,デルマリシリ,牝,3,55.0,坂井,68.4,ハナ,1,3.2,34.1,2-2,栗東 田中克,466,8,
202609020506,2026-04-11,阪神,6,3歳1勝クラス,芝,1200,右,晴,稍,"2回 阪神 5日目 サラ系３歳 １勝クラス       (混)(特指) 馬齢 15頭 本賞金:820,330,210,120,82万円",15,820.0,3,6,10,グッドピース,牡,3,57.0,西村淳,68.7,2,6,19.7,33.8,9-9,栗東 高野,456,-6,
202609020506,2026-04-11,阪神,6,3歳1勝クラス,芝,1200,右,晴,稍,"2回 阪神 5日目 サラ系３歳 １勝クラス       (混)(特指) 馬齢 15頭 本賞金:820,330,210,120,82万円",15,820.0,4,2,2,マーゴットミスト,牡,3,55.0,◇古川奈,68.7,ハナ,5,14.0,33.8,8-8,栗東 杉山佳,530,-4,
202609020506,2026-04-11,阪神,6,3歳1勝クラス,芝,1200,右,晴,稍,"2回 阪神 5日目 サラ系３歳 １勝クラス       (混)(特指) 馬齢 15頭 本賞金:820,330,210,120,82万円",15,820.0,5,4,7,メイクワンズデイ,牡,3,57.0,武豊,69.0,2,3,4.2,34.8,1-1,栗東 宮地,462,-2,
202609020506,2026-04-11,阪神,6,3歳1勝クラス,芝,1200,右,晴,稍,"2回 阪神 5日目 サラ系３歳 １勝クラス       (混)(特指) 馬齢 15頭 本賞金:820,330,210,120,82万円",15,820.0,6,4,6,ミトノリン,牝,3,55.0,松山,69.1,3/4,8,31.1,33.9,9-13,栗東 前川,472,0,
202609020506,2026-04-11,阪神,6,3歳1勝クラス,芝,1200,右,晴,稍,"2回 阪神 5日目 サラ系３歳 １勝クラス       (混)(特指) 馬齢 15頭 本賞金:820,330,210,120,82万円",15,820.0,7,1,1,テルヴィセクス,牡,3,57.0,団野,69.2,1/2,7,23.0,34.6,6-4,栗東 斉藤崇,482,-8,
202609020506,2026-04-11,阪神,6,3歳1勝クラス,芝,1200,右,晴,稍,"2回 阪神 5日目 サラ系３歳 １勝クラス       (混)(特指) 馬齢 15頭 本賞金:820,330,210,120,82万円",15,820.0,8,7,12,ネメス,牡,3,57.0,北村友,69.2,クビ,4,8.4,34.7,4-4,栗東 坂口,488,-2,
202609020506,2026-04-11,阪神,6,3歳1勝クラス,芝,1200,右,晴,稍,"2回 阪神 5日目 サラ系３歳 １勝クラス       (混)(特指) 馬齢 15頭 本賞金:820,330,210,120,82万円",15,820.0,9,3,4,ヒナノムサシ,牡,3,57.0,松本,69.3,1/2,14,123.1,34.7,4-4,美浦 本間,526,0,
202609020506,2026-04-11,阪神,6,3歳1勝クラス,芝,1200,右,晴,稍,"2回 阪神 5日目 サラ系３歳 １勝クラス       (混)(特指) 馬齢 15頭 本賞金:820,330,210,120,82万円",15,820.0,10,7,13,サヨノパララックス,牡,3,57.0,菱田,69.3,ハナ,12,107.9,34.1,13-10,栗東 羽月,432,0,
202609020506,2026-04-11,阪神,6,3歳1勝クラス,芝,1200,右,晴,稍,"2回 阪神 5日目 サラ系３歳 １勝クラス       (混)(特指) 馬齢 15頭 本賞金:820,330,210,120,82万円",15,820.0,11,6,11,スローモーション,牝,3,55.0,長岡,69.6,1.3/4,15,217.5,34.4,9-10,美浦 深山,382,-2,
202609020506,2026-04-11,阪神,6,3歳1勝クラス,芝,1200,右,晴,稍,"2回 阪神 5日目 サラ系３歳 １勝クラス       (混)(特指) 馬齢 15頭 本賞金:820,330,210,120,82万円",15,820.0,12,5,8,ドルチェミスト,牝,3,52.0,▲田山,69.7,1,11,104.6,34.3,13-14,栗東 小栗,448,4,
202609020506,2026-04-11,阪神,6,3歳1勝クラス,芝,1200,右,晴,稍,"2回 阪神 5日目 サラ系３歳 １勝クラス       (混)(特指) 馬齢 15頭 本賞金:820,330,210,120,82万円",15,820.0,13,8,15,ミスターバッドガイ,牡,3,57.0,角田和,70.1,2.1/2,9,34.0,35.8,2-2,栗東 中尾,494,-2,
202609020506,2026-04-11,阪神,6,3歳1勝クラス,芝,1200,右,晴,稍,"2回 阪神 5日目 サラ系３歳 １勝クラス       (混)(特指) 馬齢 15頭 本賞金:820,330,210,120,82万円",15,820.0,14,5,9,エスティヴァリス,牝,3,55.0,幸,70.2,クビ,10,56.6,35.1,9-10,栗東 高橋康,482,2,
202609020506,2026-04-11,阪神,6,3歳1勝クラス,芝,1200,右,晴,稍,"2回 阪神 5日目 サラ系３歳 １勝クラス       (混)(特指) 馬齢 15頭 本賞金:820,330,210,120,82万円",15,820.0,15,3,5,ゴールドヴィーナス,牝,3,55.0,吉村,70.3,3/4,13,121.5,34.4,15-15,栗東 森秀,450,-2,
202609020507,2026-04-11,阪神,7,4歳以上1勝クラス,ダ,1800,右,晴,重,"2回 阪神 5日目 サラ系４歳以上 １勝クラス       牝[指] 定量 11頭 本賞金:820,330,210,120,82万円",11,820.0,1,3,3,エアニゲラ,牝,4,56.0,松山,112.2,,2,3.3,37.3,1-1-1-1,栗東 池添,460,8,
202609020507,2026-04-11,阪神,7,4歳以上1勝クラス,ダ,1800,右,晴,重,"2回 阪神 5日目 サラ系４歳以上 １勝クラス       牝[指] 定量 11頭 本賞金:820,330,210,120,82万円",11,820.0,2,5,5,ハギノコラソン,牝,4,56.0,坂井,112.3,クビ,1,2.6,37.2,3-3-4-4,栗東 寺島,470,2,
202609020507,2026-04-11,阪神,7,4歳以上1勝クラス,ダ,1800,右,晴,重,"2回 阪神 5日目 サラ系４歳以上 １勝クラス       牝[指] 定量 11頭 本賞金:820,330,210,120,82万円",11,820.0,3,7,8,デルマサクラサク,牝,4,56.0,鮫島駿,112.5,1.1/2,4,7.8,36.6,9-9-9-6,栗東 牧田,486,-4,
202609020507,2026-04-11,阪神,7,4歳以上1勝クラス,ダ,1800,右,晴,重,"2回 阪神 5日目 サラ系４歳以上 １勝クラス       牝[指] 定量 11頭 本賞金:820,330,210,120,82万円",11,820.0,4,8,11,アリストクラシア,牝,5,56.0,高杉,112.8,1.1/2,3,4.6,37.2,7-7-6-6,栗東 吉岡,476,-2,
202609020507,2026-04-11,阪神,7,4歳以上1勝クラス,ダ,1800,右,晴,重,"2回 阪神 5日目 サラ系４歳以上 １勝クラス       牝[指] 定量 11頭 本賞金:820,330,210,120,82万円",11,820.0,5,7,9,ヴィーナスバブル,牝,4,53.0,▲田山,112.9,1/2,8,38.6,37.7,3-4-5-4,栗東 東田,434,0,
202609020507,2026-04-11,阪神,7,4歳以上1勝クラス,ダ,1800,右,晴,重,"2回 阪神 5日目 サラ系４歳以上 １勝クラス       牝[指] 定量 11頭 本賞金:820,330,210,120,82万円",11,820.0,6,1,1,シゲルオトヒメ,牝,7,56.0,酒井,113.1,1,7,33.1,36.8,10-10-10-10,栗東 谷,442,0,
202609020507,2026-04-11,阪神,7,4歳以上1勝クラス,ダ,1800,右,晴,重,"2回 阪神 5日目 サラ系４歳以上 １勝クラス       牝[指] 定量 11頭 本賞金:820,330,210,120,82万円",11,820.0,7,6,6,ウィンターガーデン,牝,5,56.0,西村淳,113.1,ハナ,6,20.4,38.1,6-5-2-2,栗東 武幸,494,-8,
202609020507,2026-04-11,阪神,7,4歳以上1勝クラス,ダ,1800,右,晴,重,"2回 阪神 5日目 サラ系４歳以上 １勝クラス       牝[指] 定量 11頭 本賞金:820,330,210,120,82万円",11,820.0,8,4,4,コンテナライン,牝,4,56.0,吉村,113.2,3/4,9,67.8,37.5,5-5-6-8,栗東 高柳大,486,-4,
202609020507,2026-04-11,阪神,7,4歳以上1勝クラス,ダ,1800,右,晴,重,"2回 阪神 5日目 サラ系４歳以上 １勝クラス       牝[指] 定量 11頭 本賞金:820,330,210,120,82万円",11,820.0,9,2,2,アフェシス,牝,4,53.0,▲川端,113.5,2,11,100.0,37.6,7-7-8-9,栗東 西村,462,6,
202609020507,2026-04-11,阪神,7,4歳以上1勝クラス,ダ,1800,右,晴,重,"2回 阪神 5日目 サラ系４歳以上 １勝クラス       牝[指] 定量 11頭 本賞金:820,330,210,120,82万円",11,820.0,10,6,7,ピコラ,牝,4,54.0,△柴田裕,114.4,5,10,77.7,38.2,11-11-10-10,栗東 秋山,434,-4,
202609020507,2026-04-11,阪神,7,4歳以上1勝クラス,ダ,1800,右,晴,重,"2回 阪神 5日目 サラ系４歳以上 １勝クラス       牝[指] 定量 11頭 本賞金:820,330,210,120,82万円",11,820.0,11,8,10,ナムラルッコラ,牝,5,56.0,国分優,114.7,2,5,10.9,39.7,2-2-2-3,栗東 大橋,502,4,
202609020508,2026-04-11,阪神,8,4歳以上1勝クラス,ダ,1400,右,晴,重,"2回 阪神 5日目 サラ系４歳以上 １勝クラス       (混)[指] 定量 16頭 本賞金:820,330,210,120,82万円",16,820.0,1,5,9,モズケイスター,牡,4,58.0,坂井,84.0,,1,2.1,35.8,7-7,栗東 高柳大,480,6,
202609020508,2026-04-11,阪神,8,4歳以上1勝クラス,ダ,1400,右,晴,重,"2回 阪神 5日目 サラ系４歳以上 １勝クラス       (混)[指] 定量 16頭 本賞金:820,330,210,120,82万円",16,820.0,2,2,4,モーニングコート,牡,5,58.0,川田,84.0,ハナ,2,6.1,36.1,5-4,栗東 中内田,518,-9,
202609020508,2026-04-11,阪神,8,4歳以上1勝クラス,ダ,1400,右,晴,重,"2回 阪神 5日目 サラ系４歳以上 １勝クラス       (混)[指] 定量 16頭 本賞金:820,330,210,120,82万円",16,820.0,3,4,8,ザングウィル,牡,6,58.0,岩田望,84.2,1.1/2,6,10.5,36.6,2-2,栗東 佐藤悠,512,2,
202609020508,2026-04-11,阪神,8,4歳以上1勝クラス,ダ,1400,右,晴,重,"2回 阪神 5日目 サラ系４歳以上 １勝クラス       (混)[指] 定量 16頭 本賞金:820,330,210,120,82万円",16,820.0,4,2,3,パヴィーア,牝,4,56.0,ルメー,84.4,1.1/4,3,7.4,36.6,4-4,栗東 田中克,468,-8,
202609020508,2026-04-11,阪神,8,4歳以上1勝クラス,ダ,1400,右,晴,重,"2回 阪神 5日目 サラ系４歳以上 １勝クラス       (混)[指] 定量 16頭 本賞金:820,330,210,120,82万円",16,820.0,5,3,6,エンダードラゴン,牡,4,58.0,武豊,84.5,1/2,4,7.8,36.1,9-9,栗東 友道,514,-6,
202609020508,2026-04-11,阪神,8,4歳以上1勝クラス,ダ,1400,右,晴,重,"2回 阪神 5日目 サラ系４歳以上 １勝クラス       (混)[指] 定量 16頭 本賞金:820,330,210,120,82万円",16,820.0,6,5,10,ハイクライテリア,セ,6,58.0,国分優,84.6,1/2,13,182.1,36.2,10-9,栗東 羽月,474,4,
202609020508,2026-04-11,阪神,8,4歳以上1勝クラス,ダ,1400,右,晴,重,"2回 阪神 5日目 サラ系４歳以上 １勝クラス       (混)[指] 定量 16頭 本賞金:820,330,210,120,82万円",16,820.0,7,4,7,アメリカンビヨンド,牡,4,58.0,西塚,84.8,3/4,7,13.9,36.6,7-7,栗東 藤原,532,-4,
202609020508,2026-04-11,阪神,8,4歳以上1勝クラス,ダ,1400,右,晴,重,"2回 阪神 5日目 サラ系４歳以上 １勝クラス       (混)[指] 定量 16頭 本賞金:820,330,210,120,82万円",16,820.0,8,6,11,ダディーズグーグー,牡,4,58.0,浜中,84.9,3/4,5,10.4,37.2,3-2,栗東 畑端,474,0,
202609020508,2026-04-11,阪神,8,4歳以上1勝クラス,ダ,1400,右,晴,重,"2回 阪神 5日目 サラ系４歳以上 １勝クラス       (混)[指] 定量 16頭 本賞金:820,330,210,120,82万円",16,820.0,9,1,2,ワイドデコラシオン,牡,4,58.0,鮫島駿,84.9,クビ,9,59.0,37.5,1-1,栗東 辻野,506,-5,
202609020508,2026-04-11,阪神,8,4歳以上1勝クラス,ダ,1400,右,晴,重,"2回 阪神 5日目 サラ系４歳以上 １勝クラス       (混)[指] 定量 16頭 本賞金:820,330,210,120,82万円",16,820.0,10,6,12,リュキア,牡,4,55.0,▲田山,85.0,クビ,11,147.6,36.5,12-11,栗東 小椋,468,6,
202609020508,2026-04-11,阪神,8,4歳以上1勝クラス,ダ,1400,右,晴,重,"2回 阪神 5日目 サラ系４歳以上 １勝クラス       (混)[指] 定量 16頭 本賞金:820,330,210,120,82万円",16,820.0,11,1,1,ゴッドカインド,牝,5,56.0,角田和,85.3,1.1/2,14,199.7,37.4,6-4,栗東 飯田,408,0,
202609020508,2026-04-11,阪神,8,4歳以上1勝クラス,ダ,1400,右,晴,重,"2回 阪神 5日目 サラ系４歳以上 １勝クラス       (混)[指] 定量 16頭 本賞金:820,330,210,120,82万円",16,820.0,12,8,15,ポルトドール,牡,6,58.0,松山,85.4,3/4,8,25.8,36.6,13-11,栗東 小栗,472,2,
202609020508,2026-04-11,阪神,8,4歳以上1勝クラス,ダ,1400,右,晴,重,"2回 阪神 5日目 サラ系４歳以上 １勝クラス       (混)[指] 定量 16頭 本賞金:820,330,210,120,82万円",16,820.0,13,7,14,リュクスドレフォン,牡,6,58.0,荻野琢,85.8,2.1/2,15,203.7,37.0,14-14,栗東 平田,524,-10,
202609020508,2026-04-11,阪神,8,4歳以上1勝クラス,ダ,1400,右,晴,重,"2回 阪神 5日目 サラ系４歳以上 １勝クラス       (混)[指] 定量 16頭 本賞金:820,330,210,120,82万円",16,820.0,14,7,13,スターペスショウマ,牡,4,58.0,太宰,85.9,3/4,16,431.2,37.0,14-16,栗東 石橋,472,2,
202609020508,2026-04-11,阪神,8,4歳以上1勝クラス,ダ,1400,右,晴,重,"2回 阪神 5日目 サラ系４歳以上 １勝クラス       (混)[指] 定量 16頭 本賞金:820,330,210,120,82万円",16,820.0,15,3,5,ケイアイブイスリー,牡,4,58.0,幸,86.1,1.1/4,10,116.7,37.4,10-13,栗東 平田,442,-6,
202609020508,2026-04-11,阪神,8,4歳以上1勝クラス,ダ,1400,右,晴,重,"2回 阪神 5日目 サラ系４歳以上 １勝クラス       (混)[指] 定量 16頭 本賞金:820,330,210,120,82万円",16,820.0,16,8,16,プロクレイア,牝,4,53.0,▲川端,86.8,4,12,175.5,37.9,14-14,栗東 小林,472,0,
202609020509,2026-04-11,阪神,9,明石特別,芝,2400,右,晴,良,"2回 阪神 5日目 サラ系４歳以上 ２勝クラス       (混)(特指) 定量 8頭 本賞金:1580,630,400,240,158万円",8,1580.0,1,1,1,ファームツエンティ,セ,6,58.0,松山,147.4,,3,4.1,33.2,4-4-4-5,栗東 北出,446,-2,
202609020509,2026-04-11,阪神,9,明石特別,芝,2400,右,晴,良,"2回 阪神 5日目 サラ系４歳以上 ２勝クラス       (混)(特指) 定量 8頭 本賞金:1580,630,400,240,158万円",8,1580.0,2,4,4,アロンズロッド,牡,4,58.0,ルメー,147.4,1/2,1,1.7,33.5,3-3-2-2,美浦 宮田,484,-12,
202609020509,2026-04-11,阪神,9,明石特別,芝,2400,右,晴,良,"2回 阪神 5日目 サラ系４歳以上 ２勝クラス       (混)(特指) 定量 8頭 本賞金:1580,630,400,240,158万円",8,1580.0,3,2,2,アルマデオロ,牡,4,58.0,武豊,147.7,1.3/4,2,3.2,33.8,1-1-1-1,栗東 清水久,494,2,
202609020509,2026-04-11,阪神,9,明石特別,芝,2400,右,晴,良,"2回 阪神 5日目 サラ系４歳以上 ２勝クラス       (混)(特指) 定量 8頭 本賞金:1580,630,400,240,158万円",8,1580.0,4,7,7,サトノスカイターフ,牡,8,58.0,高杉,147.7,ハナ,5,40.6,33.8,4-5-4-2,栗東 池江,504,2,
202609020509,2026-04-11,阪神,9,明石特別,芝,2400,右,晴,良,"2回 阪神 5日目 サラ系４歳以上 ２勝クラス       (混)(特指) 定量 8頭 本賞金:1580,630,400,240,158万円",8,1580.0,5,3,3,アルベリック,牡,5,58.0,柴田裕,148.1,2.1/2,7,108.4,33.7,7-7-6-7,栗東 中竹,486,0,
202609020509,2026-04-11,阪神,9,明石特別,芝,2400,右,晴,良,"2回 阪神 5日目 サラ系４歳以上 ２勝クラス       (混)(特指) 定量 8頭 本賞金:1580,630,400,240,158万円",8,1580.0,6,5,5,パンデアスカル,牡,6,58.0,幸,148.2,1/2,4,15.0,33.7,8-7-8-8,栗東 小椋,494,8,
202609020509,2026-04-11,阪神,9,明石特別,芝,2400,右,晴,良,"2回 阪神 5日目 サラ系４歳以上 ２勝クラス       (混)(特指) 定量 8頭 本賞金:1580,630,400,240,158万円",8,1580.0,7,8,8,リッチブラック,牡,7,58.0,吉村,149.0,5,6,75.9,35.0,2-2-3-4,栗東 西村,466,-2,
202609020509,2026-04-11,阪神,9,明石特別,芝,2400,右,晴,良,"2回 阪神 5日目 サラ系４歳以上 ２勝クラス       (混)(特指) 定量 8頭 本賞金:1580,630,400,240,158万円",8,1580.0,8,6,6,プレイリードリーム,牡,10,58.0,浜中,150.6,10,8,139.5,36.4,6-6-6-5,栗東 安達,468,-6,
202609020510,2026-04-11,阪神,10,大阪―ハンブルクC,芝,2600,右,晴,良,"2回 阪神 5日目 サラ系４歳以上 オープン       (国際)(特指) ハンデ 13頭 本賞金:2400,960,600,360,240万円",13,2400.0,1,7,10,ウィクトルウェルス,牡,4,56.0,ルメー,156.9,,1,1.8,33.1,10-11-8-6,美浦 宮田,510,-14,
202609020510,2026-04-11,阪神,10,大阪―ハンブルクC,芝,2600,右,晴,良,"2回 阪神 5日目 サラ系４歳以上 オープン       (国際)(特指) ハンデ 13頭 本賞金:2400,960,600,360,240万円",13,2400.0,2,5,7,ウエストナウ,牡,5,57.0,高杉,156.9,ハナ,4,9.3,33.3,4-4-5-4,栗東 寺島,500,0,
202609020510,2026-04-11,阪神,10,大阪―ハンブルクC,芝,2600,右,晴,良,"2回 阪神 5日目 サラ系４歳以上 オープン       (国際)(特指) ハンデ 13頭 本賞金:2400,960,600,360,240万円",13,2400.0,3,1,1,アマキヒ,牡,4,56.0,岩田望,157.3,2.1/2,2,3.4,33.8,4-4-3-4,栗東 橋田,498,2,
202609020510,2026-04-11,阪神,10,大阪―ハンブルクC,芝,2600,右,晴,良,"2回 阪神 5日目 サラ系４歳以上 オープン       (国際)(特指) ハンデ 13頭 本賞金:2400,960,600,360,240万円",13,2400.0,4,8,12,ドクタードリトル,牡,6,55.0,団野,157.6,2,7,39.0,33.5,10-9-8-10,栗東 今野,460,-12,
202609020510,2026-04-11,阪神,10,大阪―ハンブルクC,芝,2600,右,晴,良,"2回 阪神 5日目 サラ系４歳以上 オープン       (国際)(特指) ハンデ 13頭 本賞金:2400,960,600,360,240万円",13,2400.0,5,7,11,グランドカリナン,牡,6,54.0,菱田,157.7,1/2,13,230.8,34.5,1-1-1-1,美浦 田島,452,-4,
202609020510,2026-04-11,阪神,10,大阪―ハンブルクC,芝,2600,右,晴,良,"2回 阪神 5日目 サラ系４歳以上 オープン       (国際)(特指) ハンデ 13頭 本賞金:2400,960,600,360,240万円",13,2400.0,6,3,3,ボーンディスウェイ,牡,7,57.0,松山,157.8,3/4,6,19.3,34.0,6-6-5-6,美浦 牧,496,-6,
202609020510,2026-04-11,阪神,10,大阪―ハンブルクC,芝,2600,右,晴,良,"2回 阪神 5日目 サラ系４歳以上 オープン       (国際)(特指) ハンデ 13頭 本賞金:2400,960,600,360,240万円",13,2400.0,7,4,5,カネフラ,牡,6,53.0,松本,157.9,1/2,8,50.5,33.5,12-12-13-13,栗東 高橋康,452,0,
202609020510,2026-04-11,阪神,10,大阪―ハンブルクC,芝,2600,右,晴,良,"2回 阪神 5日目 サラ系４歳以上 オープン       (国際)(特指) ハンデ 13頭 本賞金:2400,960,600,360,240万円",13,2400.0,8,6,9,ザイツィンガー,牡,10,54.0,田山,158.0,1/2,11,148.2,33.9,8-8-10-10,栗東 牧田,442,12,
202609020510,2026-04-11,阪神,10,大阪―ハンブルクC,芝,2600,右,晴,良,"2回 阪神 5日目 サラ系４歳以上 オープン       (国際)(特指) ハンデ 13頭 本賞金:2400,960,600,360,240万円",13,2400.0,9,2,2,マイネルクリソーラ,牡,7,57.0,武豊,158.1,1/2,5,18.7,34.3,7-7-5-6,美浦 手塚久,472,0,
202609020510,2026-04-11,阪神,10,大阪―ハンブルクC,芝,2600,右,晴,良,"2回 阪神 5日目 サラ系４歳以上 オープン       (国際)(特指) ハンデ 13頭 本賞金:2400,960,600,360,240万円",13,2400.0,10,4,4,マイネルメモリー,牡,6,55.0,浜中,158.4,1.3/4,9,51.9,34.3,12-12-10-10,栗東 宮,478,2,
202609020510,2026-04-11,阪神,10,大阪―ハンブルクC,芝,2600,右,晴,良,"2回 阪神 5日目 サラ系４歳以上 オープン       (国際)(特指) ハンデ 13頭 本賞金:2400,960,600,360,240万円",13,2400.0,11,5,6,サンライズソレイユ,牡,5,56.0,坂井,158.5,1/2,3,8.8,35.3,3-3-3-2,栗東 矢作,532,2,
202609020510,2026-04-11,阪神,10,大阪―ハンブルクC,芝,2600,右,晴,良,"2回 阪神 5日目 サラ系４歳以上 オープン       (国際)(特指) ハンデ 13頭 本賞金:2400,960,600,360,240万円",13,2400.0,12,6,8,トータルクラリティ,セ,4,54.0,国分優,159.5,6,12,180.0,35.5,8-9-10-9,栗東 池添,476,4,
202609020510,2026-04-11,阪神,10,大阪―ハンブルクC,芝,2600,右,晴,良,"2回 阪神 5日目 サラ系４歳以上 オープン       (国際)(特指) ハンデ 13頭 本賞金:2400,960,600,360,240万円",13,2400.0,13,8,13,ミクソロジー,セ,7,56.0,鮫島駿,161.0,9,10,109.8,37.7,2-2-2-3,栗東 辻野,426,-4,
202609020511,2026-04-11,阪神,11,阪神牝馬S,芝,1600,右,晴,良,"2回 阪神 5日目 サラ系４歳以上 オープン       (国際) 牝(指) 別定 10頭 本賞金:5500,2200,1400,830,550万円",10,5500.0,1,1,1,エンブロイダリー,牝,4,57.0,ルメー,91.6,,1,2.8,33.5,1-1,美浦 森一,496,14,
202609020511,2026-04-11,阪神,11,阪神牝馬S,芝,1600,右,晴,良,"2回 阪神 5日目 サラ系４歳以上 オープン       (国際) 牝(指) 別定 10頭 本賞金:5500,2200,1400,830,550万円",10,5500.0,2,5,5,カムニャック,牝,4,57.0,川田,91.6,クビ,4,7.8,33.2,4-3,栗東 友道,498,8,
202609020511,2026-04-11,阪神,11,阪神牝馬S,芝,1600,右,晴,良,"2回 阪神 5日目 サラ系４歳以上 オープン       (国際) 牝(指) 別定 10頭 本賞金:5500,2200,1400,830,550万円",10,5500.0,3,3,3,ルージュソリテール,牝,4,55.0,西塚,91.8,1,5,11.3,33.6,2-2,栗東 藤原,432,4,
202609020511,2026-04-11,阪神,11,阪神牝馬S,芝,1600,右,晴,良,"2回 阪神 5日目 サラ系４歳以上 オープン       (国際) 牝(指) 別定 10頭 本賞金:5500,2200,1400,830,550万円",10,5500.0,4,7,7,クランフォード,牝,5,55.0,幸,91.8,アタマ,8,35.2,33.4,3-3,栗東 杉山晴,470,0,
202609020511,2026-04-11,阪神,11,阪神牝馬S,芝,1600,右,晴,良,"2回 阪神 5日目 サラ系４歳以上 オープン       (国際) 牝(指) 別定 10頭 本賞金:5500,2200,1400,830,550万円",10,5500.0,5,8,10,ビップデイジー,牝,4,55.0,西村淳,92.0,1.1/4,9,73.4,33.4,6-5,栗東 松下,452,2,
202609020511,2026-04-11,阪神,11,阪神牝馬S,芝,1600,右,晴,良,"2回 阪神 5日目 サラ系４歳以上 オープン       (国際) 牝(指) 別定 10頭 本賞金:5500,2200,1400,830,550万円",10,5500.0,6,7,8,カナテープ,牝,7,55.0,松山,92.2,1,7,33.9,33.2,10-9,美浦 堀,478,10,
202609020511,2026-04-11,阪神,11,阪神牝馬S,芝,1600,右,晴,良,"2回 阪神 5日目 サラ系４歳以上 オープン       (国際) 牝(指) 別定 10頭 本賞金:5500,2200,1400,830,550万円",10,5500.0,7,8,9,エポックヴィーナス,牝,5,55.0,酒井,92.2,クビ,10,241.3,33.2,9-9,栗東 新谷,454,4,
202609020511,2026-04-11,阪神,11,阪神牝馬S,芝,1600,右,晴,良,"2回 阪神 5日目 サラ系４歳以上 オープン       (国際) 牝(指) 別定 10頭 本賞金:5500,2200,1400,830,550万円",10,5500.0,8,4,4,ラヴァンダ,牝,5,56.0,岩田望,92.3,1/2,3,4.2,33.7,4-5,栗東 中村,492,-6,
202609020511,2026-04-11,阪神,11,阪神牝馬S,芝,1600,右,晴,良,"2回 阪神 5日目 サラ系４歳以上 オープン       (国際) 牝(指) 別定 10頭 本賞金:5500,2200,1400,830,550万円",10,5500.0,9,2,2,カピリナ,牝,5,55.0,横山典,92.8,3,6,14.1,34.0,6-7,美浦 田島,476,-4,
202609020511,2026-04-11,阪神,11,阪神牝馬S,芝,1600,右,晴,良,"2回 阪神 5日目 サラ系４歳以上 オープン       (国際) 牝(指) 別定 10頭 本賞金:5500,2200,1400,830,550万円",10,5500.0,10,6,6,アスコリピチェーノ,牝,5,57.0,坂井,93.7,5,2,3.3,34.9,8-7,美浦 黒岩,480,2,
202609020512,2026-04-11,阪神,12,4歳以上2勝クラス,ダ,1200,右,晴,重,"2回 阪神 5日目 サラ系４歳以上 ２勝クラス       (混)[指] 定量 16頭 本賞金:1190,480,300,180,119万円",16,1190.0,1,1,1,ゼンノツキヨミ,牝,5,56.0,松山,70.7,,6,17.1,36.3,1-1,栗東 秋山,444,-4,
202609020512,2026-04-11,阪神,12,4歳以上2勝クラス,ダ,1200,右,晴,重,"2回 阪神 5日目 サラ系４歳以上 ２勝クラス       (混)[指] 定量 16頭 本賞金:1190,480,300,180,119万円",16,1190.0,2,6,11,クリノオリーブ,牝,5,53.0,▲田山,70.7,ハナ,7,23.9,36.2,2-2,栗東 谷,470,0,
202609020512,2026-04-11,阪神,12,4歳以上2勝クラス,ダ,1200,右,晴,重,"2回 阪神 5日目 サラ系４歳以上 ２勝クラス       (混)[指] 定量 16頭 本賞金:1190,480,300,180,119万円",16,1190.0,3,4,7,タイセイディアマン,牡,4,58.0,岩田望,70.9,1,4,7.4,35.8,8-8,栗東 大橋,464,0,
202609020512,2026-04-11,阪神,12,4歳以上2勝クラス,ダ,1200,右,晴,重,"2回 阪神 5日目 サラ系４歳以上 ２勝クラス       (混)[指] 定量 16頭 本賞金:1190,480,300,180,119万円",16,1190.0,4,3,6,ドンパッショーネ,牡,4,58.0,団野,70.9,クビ,1,2.8,36.1,5-3,栗東 斉藤崇,522,12,
202609020512,2026-04-11,阪神,12,4歳以上2勝クラス,ダ,1200,右,晴,重,"2回 阪神 5日目 サラ系４歳以上 ２勝クラス       (混)[指] 定量 16頭 本賞金:1190,480,300,180,119万円",16,1190.0,5,2,4,セールヴォラン,牡,5,58.0,幸,71.2,1.1/2,8,26.9,36.3,6-8,栗東 北出,462,6,
202609020512,2026-04-11,阪神,12,4歳以上2勝クラス,ダ,1200,右,晴,重,"2回 阪神 5日目 サラ系４歳以上 ２勝クラス       (混)[指] 定量 16頭 本賞金:1190,480,300,180,119万円",16,1190.0,6,6,12,フェンダー,牡,5,58.0,西村淳,71.2,クビ,5,10.5,35.5,14-15,栗東 柴田,530,0,
202609020512,2026-04-11,阪神,12,4歳以上2勝クラス,ダ,1200,右,晴,重,"2回 阪神 5日目 サラ系４歳以上 ２勝クラス       (混)[指] 定量 16頭 本賞金:1190,480,300,180,119万円",16,1190.0,7,2,3,メモリーグラス,牡,6,58.0,菱田,71.4,3/4,15,204.4,36.2,9-10,美浦 松永康,492,2,
202609020512,2026-04-11,阪神,12,4歳以上2勝クラス,ダ,1200,右,晴,重,"2回 阪神 5日目 サラ系４歳以上 ２勝クラス       (混)[指] 定量 16頭 本賞金:1190,480,300,180,119万円",16,1190.0,8,8,15,ズバットマサムネ,セ,5,58.0,荻野琢,71.5,1/2,11,46.2,36.0,12-12,栗東 杉山佳,492,2,
202609020512,2026-04-11,阪神,12,4歳以上2勝クラス,ダ,1200,右,晴,重,"2回 阪神 5日目 サラ系４歳以上 ２勝クラス       (混)[指] 定量 16頭 本賞金:1190,480,300,180,119万円",16,1190.0,9,7,13,キタノライブリー,牝,4,56.0,西塚,71.5,クビ,12,49.4,35.6,15-13,美浦 本間,436,-14,
202609020512,2026-04-11,阪神,12,4歳以上2勝クラス,ダ,1200,右,晴,重,"2回 阪神 5日目 サラ系４歳以上 ２勝クラス       (混)[指] 定量 16頭 本賞金:1190,480,300,180,119万円",16,1190.0,10,5,9,カワキタマナレア,牝,4,56.0,鮫島駿,71.6,クビ,10,37.6,35.6,16-16,栗東 杉山佳,422,-6,
202609020512,2026-04-11,阪神,12,4歳以上2勝クラス,ダ,1200,右,晴,重,"2回 阪神 5日目 サラ系４歳以上 ２勝クラス       (混)[指] 定量 16頭 本賞金:1190,480,300,180,119万円",16,1190.0,11,3,5,ヨシノヤッタルデー,牡,5,56.0,△柴田裕,71.6,クビ,14,189.1,36.1,12-13,栗東 中竹,468,-4,
202609020512,2026-04-11,阪神,12,4歳以上2勝クラス,ダ,1200,右,晴,重,"2回 阪神 5日目 サラ系４歳以上 ２勝クラス       (混)[指] 定量 16頭 本賞金:1190,480,300,180,119万円",16,1190.0,12,1,2,ゲクウ,牡,4,58.0,菅原隆,71.6,ハナ,16,305.6,36.9,3-3,美浦 小手川,492,-15,
202609020512,2026-04-11,阪神,12,4歳以上2勝クラス,ダ,1200,右,晴,重,"2回 阪神 5日目 サラ系４歳以上 ２勝クラス       (混)[指] 定量 16頭 本賞金:1190,480,300,180,119万円",16,1190.0,13,7,14,ビーマックス,牡,4,58.0,高杉,72.0,2.1/2,9,27.1,36.8,9-6,栗東 藤野,496,4,
202609020512,2026-04-11,阪神,12,4歳以上2勝クラス,ダ,1200,右,晴,重,"2回 阪神 5日目 サラ系４歳以上 ２勝クラス       (混)[指] 定量 16頭 本賞金:1190,480,300,180,119万円",16,1190.0,14,5,10,レイユール,牝,4,56.0,吉村,72.0,ハナ,13,129.8,36.7,9-10,美浦 手塚久,416,-8,
202609020512,2026-04-11,阪神,12,4歳以上2勝クラス,ダ,1200,右,晴,重,"2回 阪神 5日目 サラ系４歳以上 ２勝クラス       (混)[指] 定量 16頭 本賞金:1190,480,300,180,119万円",16,1190.0,15,4,8,ジャスパーソレイユ,牡,4,58.0,川田,72.1,クビ,3,5.1,37.2,6-6,栗東 森秀,482,0,
202609020512,2026-04-11,阪神,12,4歳以上2勝クラス,ダ,1200,右,晴,重,"2回 阪神 5日目 サラ系４歳以上 ２勝クラス       (混)[指] 定量 16頭 本賞金:1190,480,300,180,119万円",16,1190.0,16,8,16,ミッキーマカパ,牡,4,58.0,坂井,72.2,3/4,2,4.6,37.5,3-3,美浦 田中博,528,2,
202603010201,2026-04-12,福島,1,3歳未勝利,ダ,1700,右,晴,良,"1回 福島 2日目 サラ系３歳 未勝利       牝[指] 馬齢 15頭 本賞金:590,240,150,89,59万円",15,590.0,1,6,11,エアトベーレ,牝,3,55.0,嶋田,107.7,,1,2.5,38.2,5-6-6-4,美浦 手塚久,412,8,
202603010201,2026-04-12,福島,1,3歳未勝利,ダ,1700,右,晴,良,"1回 福島 2日目 サラ系３歳 未勝利       牝[指] 馬齢 15頭 本賞金:590,240,150,89,59万円",15,590.0,2,7,13,シンデレラガール,牝,3,55.0,松若,107.9,1.1/2,4,5.9,38.8,3-3-3-3,栗東 西園翔,428,-4,
202603010201,2026-04-12,福島,1,3歳未勝利,ダ,1700,右,晴,良,"1回 福島 2日目 サラ系３歳 未勝利       牝[指] 馬齢 15頭 本賞金:590,240,150,89,59万円",15,590.0,3,8,14,アーティラリー,牝,3,55.0,菊沢,108.2,1.3/4,3,5.2,38.6,8-7-6-6,美浦 松山,486,-6,
202603010201,2026-04-12,福島,1,3歳未勝利,ダ,1700,右,晴,良,"1回 福島 2日目 サラ系３歳 未勝利       牝[指] 馬齢 15頭 本賞金:590,240,150,89,59万円",15,590.0,4,3,4,クッカユフラ,牝,3,55.0,斎藤,108.4,1.1/4,11,55.8,39.1,4-4-4-4,美浦 池上,444,-10,
202603010201,2026-04-12,福島,1,3歳未勝利,ダ,1700,右,晴,良,"1回 福島 2日目 サラ系３歳 未勝利       牝[指] 馬齢 15頭 本賞金:590,240,150,89,59万円",15,590.0,5,1,1,ホテルストリート,牝,3,55.0,丹内,108.6,1,2,5.1,38.6,10-9-8-8,美浦 伊藤大,488,-2,
202603010201,2026-04-12,福島,1,3歳未勝利,ダ,1700,右,晴,良,"1回 福島 2日目 サラ系３歳 未勝利       牝[指] 馬齢 15頭 本賞金:590,240,150,89,59万円",15,590.0,6,4,6,ベッラモレーン,牝,3,53.0,△鷲頭,108.8,1.1/4,6,16.6,39.8,2-2-2-2,美浦 矢野,460,2,
202603010201,2026-04-12,福島,1,3歳未勝利,ダ,1700,右,晴,良,"1回 福島 2日目 サラ系３歳 未勝利       牝[指] 馬齢 15頭 本賞金:590,240,150,89,59万円",15,590.0,7,4,7,モチモチチャン,牝,3,55.0,杉原,109.0,1.1/4,10,54.2,38.7,12-12-9-8,栗東 西村,466,6,
202603010201,2026-04-12,福島,1,3歳未勝利,ダ,1700,右,晴,良,"1回 福島 2日目 サラ系３歳 未勝利       牝[指] 馬齢 15頭 本賞金:590,240,150,89,59万円",15,590.0,8,7,12,ドルマバフチェ,牝,3,55.0,丸田,109.0,クビ,8,46.1,38.8,14-14-9-10,美浦 千葉,408,-14,
202603010201,2026-04-12,福島,1,3歳未勝利,ダ,1700,右,晴,良,"1回 福島 2日目 サラ系３歳 未勝利       牝[指] 馬齢 15頭 本賞金:590,240,150,89,59万円",15,590.0,9,2,3,アンミックス,牝,3,55.0,西塚,109.1,クビ,5,8.5,39.7,5-4-4-6,栗東 高柳大,442,0,
202603010201,2026-04-12,福島,1,3歳未勝利,ダ,1700,右,晴,良,"1回 福島 2日目 サラ系３歳 未勝利       牝[指] 馬齢 15頭 本賞金:590,240,150,89,59万円",15,590.0,10,2,2,アメジストブルー,牝,3,52.0,▲和田陽,109.5,2.1/2,13,153.3,40.5,1-1-1-1,栗東 浜田,466,2,
202603010201,2026-04-12,福島,1,3歳未勝利,ダ,1700,右,晴,良,"1回 福島 2日目 サラ系３歳 未勝利       牝[指] 馬齢 15頭 本賞金:590,240,150,89,59万円",15,590.0,11,5,8,クラックアスマイル,牝,3,52.0,▲上里,110.3,5,15,180.2,39.4,10-11-12-11,美浦 田島,410,-6,
202603010201,2026-04-12,福島,1,3歳未勝利,ダ,1700,右,晴,良,"1回 福島 2日目 サラ系３歳 未勝利       牝[指] 馬齢 15頭 本賞金:590,240,150,89,59万円",15,590.0,12,3,5,オリエンタルガール,牝,3,52.0,▲石田,110.4,1/2,14,161.6,40.1,8-7-9-11,美浦 相沢,382,-12,
202603010201,2026-04-12,福島,1,3歳未勝利,ダ,1700,右,晴,良,"1回 福島 2日目 サラ系３歳 未勝利       牝[指] 馬齢 15頭 本賞金:590,240,150,89,59万円",15,590.0,13,8,15,ノヴァキュライト,牝,3,53.0,◇古川奈,110.9,3,12,130.7,39.7,15-15-13-13,栗東 高橋忠,504,0,
202603010201,2026-04-12,福島,1,3歳未勝利,ダ,1700,右,晴,良,"1回 福島 2日目 サラ系３歳 未勝利       牝[指] 馬齢 15頭 本賞金:590,240,150,89,59万円",15,590.0,14,6,10,ムーヴザニードル,牝,3,55.0,小沢,113.7,大,9,52.0,42.3,12-12-14-14,栗東 緒方,484,0,
202603010201,2026-04-12,福島,1,3歳未勝利,ダ,1700,右,晴,良,"1回 福島 2日目 サラ系３歳 未勝利       牝[指] 馬齢 15頭 本賞金:590,240,150,89,59万円",15,590.0,15,5,9,フィアスゲイル,牝,3,53.0,△舟山,113.9,1,7,41.9,41.9,7-9-15-15,栗東 柴田,480,10,
202603010202,2026-04-12,福島,2,3歳未勝利,芝,1200,右,晴,良,"1回 福島 2日目 サラ系３歳 未勝利       [指] 馬齢 16頭 本賞金:590,240,150,89,59万円",16,590.0,1,5,10,ツルノマイハシ,牝,3,55.0,丹内,69.2,,2,5.2,34.4,3-3,美浦 杉浦,458,-2,
202603010202,2026-04-12,福島,2,3歳未勝利,芝,1200,右,晴,良,"1回 福島 2日目 サラ系３歳 未勝利       [指] 馬齢 16頭 本賞金:590,240,150,89,59万円",16,590.0,2,5,9,グレイシエーション,牝,3,55.0,杉原,69.4,1,1,1.7,34.8,2-2,美浦 栗田,478,8,
202603010202,2026-04-12,福島,2,3歳未勝利,芝,1200,右,晴,良,"1回 福島 2日目 サラ系３歳 未勝利       [指] 馬齢 16頭 本賞金:590,240,150,89,59万円",16,590.0,3,7,14,ロジスカヤ,牝,3,52.0,▲石田,70.2,5,8,37.6,34.9,7-7,美浦 新開,408,-8,
202603010202,2026-04-12,福島,2,3歳未勝利,芝,1200,右,晴,良,"1回 福島 2日目 サラ系３歳 未勝利       [指] 馬齢 16頭 本賞金:590,240,150,89,59万円",16,590.0,4,4,7,ナツノオジョウサマ,牝,3,55.0,加藤,70.4,3/4,5,13.1,35.9,1-1,栗東 小椋,462,-4,
202603010202,2026-04-12,福島,2,3歳未勝利,芝,1200,右,晴,良,"1回 福島 2日目 サラ系３歳 未勝利       [指] 馬齢 16頭 本賞金:590,240,150,89,59万円",16,590.0,5,3,6,リナシタ,牝,3,52.0,▲石神道,70.7,2,3,7.3,35.8,4-4,美浦 清水英,430,-8,
202603010202,2026-04-12,福島,2,3歳未勝利,芝,1200,右,晴,良,"1回 福島 2日目 サラ系３歳 未勝利       [指] 馬齢 16頭 本賞金:590,240,150,89,59万円",16,590.0,6,2,4,ディジーピナクル,牡,3,57.0,松若,70.7,アタマ,4,8.2,35.7,6-5,栗東 千田,510,20,
202603010202,2026-04-12,福島,2,3歳未勝利,芝,1200,右,晴,良,"1回 福島 2日目 サラ系３歳 未勝利       [指] 馬齢 16頭 本賞金:590,240,150,89,59万円",16,590.0,7,1,1,テイエムリチャード,牝,3,52.0,▲和田陽,71.7,6,12,137.7,36.0,9-8,栗東 鈴木孝,514,8,
202603010202,2026-04-12,福島,2,3歳未勝利,芝,1200,右,晴,良,"1回 福島 2日目 サラ系３歳 未勝利       [指] 馬齢 16頭 本賞金:590,240,150,89,59万円",16,590.0,8,8,15,ヤジロベエバランス,牝,3,52.0,▲遠藤,71.9,1.1/4,7,32.4,37.0,4-6,美浦 岩戸,400,2,
202603010202,2026-04-12,福島,2,3歳未勝利,芝,1200,右,晴,良,"1回 福島 2日目 サラ系３歳 未勝利       [指] 馬齢 16頭 本賞金:590,240,150,89,59万円",16,590.0,9,1,2,ブレイブキトゥン,牝,3,55.0,武藤,71.9,アタマ,11,124.0,35.8,11-11,美浦 尾形,432,0,
202603010202,2026-04-12,福島,2,3歳未勝利,芝,1200,右,晴,良,"1回 福島 2日目 サラ系３歳 未勝利       [指] 馬齢 16頭 本賞金:590,240,150,89,59万円",16,590.0,10,6,11,コラカオ,牡,3,55.0,△鷲頭,72.0,クビ,10,108.3,35.5,13-13,栗東 坂口,504,4,
202603010202,2026-04-12,福島,2,3歳未勝利,芝,1200,右,晴,良,"1回 福島 2日目 サラ系３歳 未勝利       [指] 馬齢 16頭 本賞金:590,240,150,89,59万円",16,590.0,11,6,12,ラブペイトー,牝,3,53.0,◇古川奈,72.1,3/4,14,259.8,36.8,7-8,栗東 羽月,450,2,
202603010202,2026-04-12,福島,2,3歳未勝利,芝,1200,右,晴,良,"1回 福島 2日目 サラ系３歳 未勝利       [指] 馬齢 16頭 本賞金:590,240,150,89,59万円",16,590.0,12,3,5,アッシュグレイス,牝,3,52.0,▲上里,72.1,クビ,9,55.6,36.4,9-10,美浦 上原博,454,0,
202603010202,2026-04-12,福島,2,3歳未勝利,芝,1200,右,晴,良,"1回 福島 2日目 サラ系３歳 未勝利       [指] 馬齢 16頭 本賞金:590,240,150,89,59万円",16,590.0,13,2,3,タイセイフリーデン,牡,3,57.0,西塚,72.2,3/4,6,26.2,36.1,11-11,栗東 大橋,478,4,
202603010202,2026-04-12,福島,2,3歳未勝利,芝,1200,右,晴,良,"1回 福島 2日目 サラ系３歳 未勝利       [指] 馬齢 16頭 本賞金:590,240,150,89,59万円",16,590.0,14,8,16,クラウンアバンティ,牡,3,53.0,★河原田,74.2,大,15,279.3,37.1,15-15,美浦 小手川,482,0,
202603010202,2026-04-12,福島,2,3歳未勝利,芝,1200,右,晴,良,"1回 福島 2日目 サラ系３歳 未勝利       [指] 馬齢 16頭 本賞金:590,240,150,89,59万円",16,590.0,15,4,8,アースジャッジ,牡,3,57.0,石川,74.3,3/4,13,140.3,37.8,13-14,美浦 高木,474,-4,
202603010202,2026-04-12,福島,2,3歳未勝利,芝,1200,右,晴,良,"1回 福島 2日目 サラ系３歳 未勝利       [指] 馬齢 16頭 本賞金:590,240,150,89,59万円",16,590.0,16,7,13,ユウアイ,牝,3,55.0,黛,74.5,1.1/4,16,307.5,37.1,16-16,美浦 柄崎,394,0,
202603010203,2026-04-12,福島,3,3歳未勝利,ダ,1700,右,晴,良,"1回 福島 2日目 サラ系３歳 未勝利       (混)[指] 馬齢 15頭 本賞金:590,240,150,89,59万円",15,590.0,1,4,6,イサチルシーキング,牡,3,54.0,▲小林美,105.7,,2,7.2,38.8,1-1-1-1,美浦 辻,532,2,
202603010203,2026-04-12,福島,3,3歳未勝利,ダ,1700,右,晴,良,"1回 福島 2日目 サラ系３歳 未勝利       (混)[指] 馬齢 15頭 本賞金:590,240,150,89,59万円",15,590.0,2,6,11,ジョーカー,牡,3,57.0,西塚,106.9,7,1,1.4,39.4,4-4-4-4,栗東 友道,480,-2,
202603010203,2026-04-12,福島,3,3歳未勝利,ダ,1700,右,晴,良,"1回 福島 2日目 サラ系３歳 未勝利       (混)[指] 馬齢 15頭 本賞金:590,240,150,89,59万円",15,590.0,3,6,10,エイシンキーンラン,牝,3,53.0,◇永島,107.3,2.1/2,7,32.8,40.3,2-2-2-2,美浦 田中剛,476,2,
202603010203,2026-04-12,福島,3,3歳未勝利,ダ,1700,右,晴,良,"1回 福島 2日目 サラ系３歳 未勝利       (混)[指] 馬齢 15頭 本賞金:590,240,150,89,59万円",15,590.0,4,5,9,アデルフィー,牡,3,57.0,吉田隼,107.3,クビ,4,10.0,39.4,7-6-6-6,美浦 金成,456,-4,
202603010203,2026-04-12,福島,3,3歳未勝利,ダ,1700,右,晴,良,"1回 福島 2日目 サラ系３歳 未勝利       (混)[指] 馬齢 15頭 本賞金:590,240,150,89,59万円",15,590.0,5,8,14,デルマカイモン,牡,3,54.0,▲遠藤,107.4,アタマ,5,23.2,40.3,3-3-3-3,美浦 高柳瑞,502,-4,
202603010203,2026-04-12,福島,3,3歳未勝利,ダ,1700,右,晴,良,"1回 福島 2日目 サラ系３歳 未勝利       (混)[指] 馬齢 15頭 本賞金:590,240,150,89,59万円",15,590.0,6,8,15,ブルーミーティア,牡,3,57.0,丹内,107.5,3/4,3,9.2,39.4,11-11-7-6,美浦 鈴木伸,488,-2,
202603010203,2026-04-12,福島,3,3歳未勝利,ダ,1700,右,晴,良,"1回 福島 2日目 サラ系３歳 未勝利       (混)[指] 馬齢 15頭 本賞金:590,240,150,89,59万円",15,590.0,7,3,4,ハルイチバン,牡,3,57.0,斎藤,108.4,5,8,35.6,39.6,7-8-9-9,栗東 畑端,468,-6,
202603010203,2026-04-12,福島,3,3歳未勝利,ダ,1700,右,晴,良,"1回 福島 2日目 サラ系３歳 未勝利       (混)[指] 馬齢 15頭 本賞金:590,240,150,89,59万円",15,590.0,8,4,7,アリストクラット,牝,3,52.0,▲石田,108.7,1.1/2,13,153.5,40.3,6-6-8-8,美浦 田島,376,-4,
202603010203,2026-04-12,福島,3,3歳未勝利,ダ,1700,右,晴,良,"1回 福島 2日目 サラ系３歳 未勝利       (混)[指] 馬齢 15頭 本賞金:590,240,150,89,59万円",15,590.0,9,1,1,サンライズジャッジ,牡,3,57.0,松若,109.0,2,6,27.1,41.4,4-4-4-4,栗東 小椋,496,-4,
202603010203,2026-04-12,福島,3,3歳未勝利,ダ,1700,右,晴,良,"1回 福島 2日目 サラ系３歳 未勝利       (混)[指] 馬齢 15頭 本賞金:590,240,150,89,59万円",15,590.0,10,7,13,ワンダーサイファー,牡,3,57.0,中井,109.4,2.1/2,15,315.8,40.3,12-12-10-10,栗東 森田,492,-10,
202603010203,2026-04-12,福島,3,3歳未勝利,ダ,1700,右,晴,良,"1回 福島 2日目 サラ系３歳 未勝利       (混)[指] 馬齢 15頭 本賞金:590,240,150,89,59万円",15,590.0,11,3,5,ティーエンティー,牡,3,57.0,亀田,109.5,3/4,9,55.8,40.3,9-9-10-11,美浦 久保田,474,-11,
202603010203,2026-04-12,福島,3,3歳未勝利,ダ,1700,右,晴,良,"1回 福島 2日目 サラ系３歳 未勝利       (混)[指] 馬齢 15頭 本賞金:590,240,150,89,59万円",15,590.0,12,7,12,サンライズハンター,牡,3,57.0,小沢,109.6,3/4,14,197.0,40.3,9-9-12-12,栗東 浜田,448,-2,
202603010203,2026-04-12,福島,3,3歳未勝利,ダ,1700,右,晴,良,"1回 福島 2日目 サラ系３歳 未勝利       (混)[指] 馬齢 15頭 本賞金:590,240,150,89,59万円",15,590.0,13,2,3,オーシャンミューズ,牝,3,52.0,▲上里,110.7,7,11,132.7,40.4,13-13-13-13,美浦 堀内,448,0,
202603010203,2026-04-12,福島,3,3歳未勝利,ダ,1700,右,晴,良,"1回 福島 2日目 サラ系３歳 未勝利       (混)[指] 馬齢 15頭 本賞金:590,240,150,89,59万円",15,590.0,14,2,2,ウォーレーションズ,牡,3,57.0,菊沢,110.8,クビ,10,76.7,39.6,13-14-14-14,美浦 鈴木慎,528,0,
202603010203,2026-04-12,福島,3,3歳未勝利,ダ,1700,右,晴,良,"1回 福島 2日目 サラ系３歳 未勝利       (混)[指] 馬齢 15頭 本賞金:590,240,150,89,59万円",15,590.0,15,5,8,グランヘラクレス,牡,3,57.0,国分恭,112.2,9,12,143.6,40.9,15-15-14-15,栗東 高橋忠,510,0,
202603010204,2026-04-12,福島,4,3歳未勝利,芝,1200,右,晴,良,"1回 福島 2日目 サラ系３歳 未勝利       (混)[指] 馬齢 16頭 本賞金:590,240,150,89,59万円",16,590.0,1,7,14,タガノアルブラック,牝,3,55.0,斎藤,69.3,,9,24.9,35.0,3-3,栗東 千田,448,0,
202603010204,2026-04-12,福島,4,3歳未勝利,芝,1200,右,晴,良,"1回 福島 2日目 サラ系３歳 未勝利       (混)[指] 馬齢 16頭 本賞金:590,240,150,89,59万円",16,590.0,2,8,16,ルナーファントム,牡,3,55.0,石川,69.4,3/4,1,2.0,35.0,3-5,美浦 上原佑,506,2,
202603010204,2026-04-12,福島,4,3歳未勝利,芝,1200,右,晴,良,"1回 福島 2日目 サラ系３歳 未勝利       (混)[指] 馬齢 16頭 本賞金:590,240,150,89,59万円",16,590.0,3,7,13,ブロークンハート,牝,3,52.0,▲石田,69.4,アタマ,3,8.7,34.7,7-7,美浦 菊沢,406,-8,
202603010204,2026-04-12,福島,4,3歳未勝利,芝,1200,右,晴,良,"1回 福島 2日目 サラ系３歳 未勝利       (混)[指] 馬齢 16頭 本賞金:590,240,150,89,59万円",16,590.0,4,2,3,ブルーハーツ,牡,3,57.0,菊沢,69.8,2.1/2,5,12.8,34.8,12-10,美浦 勢司,484,4,
202603010204,2026-04-12,福島,4,3歳未勝利,芝,1200,右,晴,良,"1回 福島 2日目 サラ系３歳 未勝利       (混)[指] 馬齢 16頭 本賞金:590,240,150,89,59万円",16,590.0,5,4,8,ケイツーキップ,牝,3,52.0,▲石神道,69.9,クビ,15,203.5,34.9,12-10,美浦 清水英,400,0,
202603010204,2026-04-12,福島,4,3歳未勝利,芝,1200,右,晴,良,"1回 福島 2日目 サラ系３歳 未勝利       (混)[指] 馬齢 16頭 本賞金:590,240,150,89,59万円",16,590.0,6,6,11,パラフローラ,牝,3,55.0,松若,69.9,ハナ,10,35.5,35.4,6-5,栗東 今野,422,4,
202603010204,2026-04-12,福島,4,3歳未勝利,芝,1200,右,晴,良,"1回 福島 2日目 サラ系３歳 未勝利       (混)[指] 馬齢 16頭 本賞金:590,240,150,89,59万円",16,590.0,7,1,2,ムーンシェイド,牝,3,55.0,丹内,69.9,クビ,2,5.1,35.2,7-7,美浦 牧,454,4,
202603010204,2026-04-12,福島,4,3歳未勝利,芝,1200,右,晴,良,"1回 福島 2日目 サラ系３歳 未勝利       (混)[指] 馬齢 16頭 本賞金:590,240,150,89,59万円",16,590.0,8,3,6,ファストワーカー,牝,3,51.0,★谷原,70.1,1,11,48.2,36.1,2-1,美浦 伊藤大,496,0,
202603010204,2026-04-12,福島,4,3歳未勝利,芝,1200,右,晴,良,"1回 福島 2日目 サラ系３歳 未勝利       (混)[指] 馬齢 16頭 本賞金:590,240,150,89,59万円",16,590.0,9,2,4,ユーベルジーク,牝,3,52.0,▲上里,70.3,1.1/4,8,23.7,35.6,7-10,美浦 辻,466,0,
202603010204,2026-04-12,福島,4,3歳未勝利,芝,1200,右,晴,良,"1回 福島 2日目 サラ系３歳 未勝利       (混)[指] 馬齢 16頭 本賞金:590,240,150,89,59万円",16,590.0,9,5,10,ヒデガミティアラ,牝,3,51.0,★河原田,70.3,1.1/4,16,228.6,35.2,14-14,栗東 浜田,414,2,
202603010204,2026-04-12,福島,4,3歳未勝利,芝,1200,右,晴,良,"1回 福島 2日目 サラ系３歳 未勝利       (混)[指] 馬齢 16頭 本賞金:590,240,150,89,59万円",16,590.0,11,4,7,ブルーアンバー,牝,3,55.0,黛,70.3,ハナ,14,155.6,35.9,3-3,美浦 高橋文,408,-2,
202603010204,2026-04-12,福島,4,3歳未勝利,芝,1200,右,晴,良,"1回 福島 2日目 サラ系３歳 未勝利       (混)[指] 馬齢 16頭 本賞金:590,240,150,89,59万円",16,590.0,12,1,1,ビサイレント,牝,3,52.0,▲和田陽,70.5,1.1/2,6,16.2,35.8,7-7,栗東 畑端,452,0,
202603010204,2026-04-12,福島,4,3歳未勝利,芝,1200,右,晴,良,"1回 福島 2日目 サラ系３歳 未勝利       (混)[指] 馬齢 16頭 本賞金:590,240,150,89,59万円",16,590.0,13,3,5,シュンポシオン,牡,3,55.0,△鷲頭,71.1,3.1/2,13,77.9,35.5,15-15,美浦 矢野,454,14,
202603010204,2026-04-12,福島,4,3歳未勝利,芝,1200,右,晴,良,"1回 福島 2日目 サラ系３歳 未勝利       (混)[指] 馬齢 16頭 本賞金:590,240,150,89,59万円",16,590.0,14,6,12,ジーティーソレイユ,牝,3,55.0,杉原,71.1,クビ,4,10.9,37.1,1-2,美浦 千葉,432,12,
202603010204,2026-04-12,福島,4,3歳未勝利,芝,1200,右,晴,良,"1回 福島 2日目 サラ系３歳 未勝利       (混)[指] 馬齢 16頭 本賞金:590,240,150,89,59万円",16,590.0,15,8,15,サチノブーケ,牝,3,55.0,国分恭,71.4,1.3/4,12,72.8,36.5,11-10,栗東 加藤公,390,-18,
202603010204,2026-04-12,福島,4,3歳未勝利,芝,1200,右,晴,良,"1回 福島 2日目 サラ系３歳 未勝利       (混)[指] 馬齢 16頭 本賞金:590,240,150,89,59万円",16,590.0,,5,9,リベラル,牝,3,52.0,▲小林美,,,7,23.6,,16,美浦 小手川,450,0,中止
202603010205,2026-04-12,福島,5,3歳未勝利,芝,1800,右,晴,良,"1回 福島 2日目 サラ系３歳 未勝利       (混)[指] 馬齢 16頭 本賞金:590,240,150,89,59万円",16,590.0,1,5,10,マイネルクオリア,牡,3,57.0,杉原,109.5,,10,27.6,34.6,15-15-14-13,美浦 田村,502,0,
202603010205,2026-04-12,福島,5,3歳未勝利,芝,1800,右,晴,良,"1回 福島 2日目 サラ系３歳 未勝利       (混)[指] 馬齢 16頭 本賞金:590,240,150,89,59万円",16,590.0,2,1,2,ウインラファーガ,牡,3,55.0,△舟山,109.6,1/2,1,4.8,35.1,3-8-8-7,美浦 村田,450,4,
202603010205,2026-04-12,福島,5,3歳未勝利,芝,1800,右,晴,良,"1回 福島 2日目 サラ系３歳 未勝利       (混)[指] 馬齢 16頭 本賞金:590,240,150,89,59万円",16,590.0,3,3,6,アーデルブリックス,牡,3,57.0,亀田,109.7,クビ,9,14.1,35.7,1-1-2-1,栗東 坂口,422,2,
202603010205,2026-04-12,福島,5,3歳未勝利,芝,1800,右,晴,良,"1回 福島 2日目 サラ系３歳 未勝利       (混)[指] 馬齢 16頭 本賞金:590,240,150,89,59万円",16,590.0,4,8,15,アッパーウォーター,牝,3,55.0,斎藤,109.7,クビ,7,9.1,35.3,8-4-7-7,美浦 千葉,418,2,
202603010205,2026-04-12,福島,5,3歳未勝利,芝,1800,右,晴,良,"1回 福島 2日目 サラ系３歳 未勝利       (混)[指] 馬齢 16頭 本賞金:590,240,150,89,59万円",16,590.0,5,2,3,ワールドブレイヴ,牡,3,57.0,菊沢,109.8,3/4,6,8.9,35.0,11-13-12-14,美浦 平岩,498,10,
202603010205,2026-04-12,福島,5,3歳未勝利,芝,1800,右,晴,良,"1回 福島 2日目 サラ系３歳 未勝利       (混)[指] 馬齢 16頭 本賞金:590,240,150,89,59万円",16,590.0,6,2,4,レガリーノ,牝,3,55.0,武藤,109.9,クビ,15,210.9,35.6,2-4-4-3,美浦 池上,408,-8,
202603010205,2026-04-12,福島,5,3歳未勝利,芝,1800,右,晴,良,"1回 福島 2日目 サラ系３歳 未勝利       (混)[指] 馬齢 16頭 本賞金:590,240,150,89,59万円",16,590.0,7,7,13,ダノンワンダー,牡,3,57.0,西塚,110.0,1,2,5.7,35.4,13-9-8-9,栗東 友道,482,0,
202603010205,2026-04-12,福島,5,3歳未勝利,芝,1800,右,晴,良,"1回 福島 2日目 サラ系３歳 未勝利       (混)[指] 馬齢 16頭 本賞金:590,240,150,89,59万円",16,590.0,8,5,9,エクストラダーク,牡,3,54.0,▲石神道,110.2,1,11,32.0,35.9,5-7-4-5,美浦 和田雄,430,-4,
202603010205,2026-04-12,福島,5,3歳未勝利,芝,1800,右,晴,良,"1回 福島 2日目 サラ系３歳 未勝利       (混)[指] 馬齢 16頭 本賞金:590,240,150,89,59万円",16,590.0,9,4,7,ゼフィルス,牝,3,55.0,丸山,110.2,ハナ,8,11.8,36.2,3-2-1-2,栗東 橋口,444,2,
202603010205,2026-04-12,福島,5,3歳未勝利,芝,1800,右,晴,良,"1回 福島 2日目 サラ系３歳 未勝利       (混)[指] 馬齢 16頭 本賞金:590,240,150,89,59万円",16,590.0,10,1,1,ワンダーシャッフル,牡,3,53.0,★河原田,110.3,3/4,4,7.8,35.5,7-12-12-9,栗東 渡辺,468,4,
202603010205,2026-04-12,福島,5,3歳未勝利,芝,1800,右,晴,良,"1回 福島 2日目 サラ系３歳 未勝利       (混)[指] 馬齢 16頭 本賞金:590,240,150,89,59万円",16,590.0,11,8,16,クレインヴォイス,牡,3,57.0,石川,110.4,1/2,13,117.9,35.3,13-14-15-15,美浦 相沢,440,6,
202603010205,2026-04-12,福島,5,3歳未勝利,芝,1800,右,晴,良,"1回 福島 2日目 サラ系３歳 未勝利       (混)[指] 馬齢 16頭 本賞金:590,240,150,89,59万円",16,590.0,12,6,12,ローズプリンセス,牝,3,55.0,小沢,110.4,アタマ,5,8.6,36.2,9-4-4-5,美浦 上原佑,436,-12,
202603010205,2026-04-12,福島,5,3歳未勝利,芝,1800,右,晴,良,"1回 福島 2日目 サラ系３歳 未勝利       (混)[指] 馬齢 16頭 本賞金:590,240,150,89,59万円",16,590.0,13,6,11,ルージュダズリング,牝,3,55.0,丸田,110.5,1/2,12,47.2,35.9,12-9-8-9,美浦 斎藤誠,440,4,
202603010205,2026-04-12,福島,5,3歳未勝利,芝,1800,右,晴,良,"1回 福島 2日目 サラ系３歳 未勝利       (混)[指] 馬齢 16頭 本賞金:590,240,150,89,59万円",16,590.0,14,4,8,キタノタイキ,牡,3,57.0,小林脩,110.6,3/4,16,236.2,36.1,9-9-8-9,美浦 奥平,438,-6,
202603010205,2026-04-12,福島,5,3歳未勝利,芝,1800,右,晴,良,"1回 福島 2日目 サラ系３歳 未勝利       (混)[指] 馬齢 16頭 本賞金:590,240,150,89,59万円",16,590.0,15,7,14,コスモクラシック,牡,3,57.0,丹内,110.9,1.1/2,3,7.1,36.8,5-2-2-3,美浦 嘉藤,492,6,
202603010205,2026-04-12,福島,5,3歳未勝利,芝,1800,右,晴,良,"1回 福島 2日目 サラ系３歳 未勝利       (混)[指] 馬齢 16頭 本賞金:590,240,150,89,59万円",16,590.0,16,3,5,ホワイトオパール,牝,3,52.0,▲石田,111.7,5,14,196.7,36.0,16-16-16-16,美浦 尾関,410,-4,
202603010206,2026-04-12,福島,6,4歳以上1勝クラス,芝,2000,右,晴,良,"1回 福島 2日目 サラ系４歳以上 １勝クラス       見習騎手 定量 15頭 本賞金:820,330,210,120,82万円",15,820.0,1,6,11,コスモイシュタル,牝,4,54.0,△舟山,118.9,,4,6.7,35.1,4-4-4-4,美浦 深山,440,-4,
202603010206,2026-04-12,福島,6,4歳以上1勝クラス,芝,2000,右,晴,良,"1回 福島 2日目 サラ系４歳以上 １勝クラス       見習騎手 定量 15頭 本賞金:820,330,210,120,82万円",15,820.0,2,7,12,クラウディアイ,牡,4,58.0,小沢,119.2,2,3,6.0,34.8,11-11-10-6,栗東 橋口,446,-6,
202603010206,2026-04-12,福島,6,4歳以上1勝クラス,芝,2000,右,晴,良,"1回 福島 2日目 サラ系４歳以上 １勝クラス       見習騎手 定量 15頭 本賞金:820,330,210,120,82万円",15,820.0,3,8,15,マイネルアウルム,牡,4,55.0,▲石神道,119.5,1.1/2,1,4.1,35.4,12-11-6-6,美浦 伊藤伸,442,6,
202603010206,2026-04-12,福島,6,4歳以上1勝クラス,芝,2000,右,晴,良,"1回 福島 2日目 サラ系４歳以上 １勝クラス       見習騎手 定量 15頭 本賞金:820,330,210,120,82万円",15,820.0,4,3,5,デリシュー,牡,5,55.0,▲石田,119.5,アタマ,7,9.6,34.9,12-13-12-8,美浦 新開,464,-2,
202603010206,2026-04-12,福島,6,4歳以上1勝クラス,芝,2000,右,晴,良,"1回 福島 2日目 サラ系４歳以上 １勝クラス       見習騎手 定量 15頭 本賞金:820,330,210,120,82万円",15,820.0,5,6,10,スタニングヴュー,牝,4,53.0,▲佐藤,119.8,1.3/4,9,27.2,36.3,2-2-2-1,美浦 金成,464,4,
202603010206,2026-04-12,福島,6,4歳以上1勝クラス,芝,2000,右,晴,良,"1回 福島 2日目 サラ系４歳以上 １勝クラス       見習騎手 定量 15頭 本賞金:820,330,210,120,82万円",15,820.0,6,4,6,ウインドラート,牡,5,55.0,▲小林美,119.8,クビ,2,5.7,35.9,9-9-5-5,美浦 水野,480,-2,
202603010206,2026-04-12,福島,6,4歳以上1勝クラス,芝,2000,右,晴,良,"1回 福島 2日目 サラ系４歳以上 １勝クラス       見習騎手 定量 15頭 本賞金:820,330,210,120,82万円",15,820.0,7,2,3,アンビアンス,牝,4,56.0,松本,119.8,クビ,10,36.9,35.6,6-6-9-10,栗東 清水久,450,-6,
202603010206,2026-04-12,福島,6,4歳以上1勝クラス,芝,2000,右,晴,良,"1回 福島 2日目 サラ系４歳以上 １勝クラス       見習騎手 定量 15頭 本賞金:820,330,210,120,82万円",15,820.0,8,3,4,シャインバオバブ,牡,4,56.0,◇永島,119.8,ハナ,8,22.0,35.0,15-15-14-10,栗東 本田,510,2,
202603010206,2026-04-12,福島,6,4歳以上1勝クラス,芝,2000,右,晴,良,"1回 福島 2日目 サラ系４歳以上 １勝クラス       見習騎手 定量 15頭 本賞金:820,330,210,120,82万円",15,820.0,9,1,1,ダイシンラー,牡,4,58.0,西塚,120.0,1.1/4,6,9.5,35.4,9-9-12-14,栗東 梅田,506,10,
202603010206,2026-04-12,福島,6,4歳以上1勝クラス,芝,2000,右,晴,良,"1回 福島 2日目 サラ系４歳以上 １勝クラス       見習騎手 定量 15頭 本賞金:820,330,210,120,82万円",15,820.0,10,2,2,レゼールドラペ,セ,4,55.0,▲上里,120.1,1/2,12,68.8,35.7,8-6-10-10,美浦 松尾,430,-2,
202603010206,2026-04-12,福島,6,4歳以上1勝クラス,芝,2000,右,晴,良,"1回 福島 2日目 サラ系４歳以上 １勝クラス       見習騎手 定量 15頭 本賞金:820,330,210,120,82万円",15,820.0,11,4,7,リケアキャンディ,牝,4,56.0,小林脩,120.1,ハナ,14,136.0,35.2,14-13-14-14,美浦 蛯名利,446,4,
202603010206,2026-04-12,福島,6,4歳以上1勝クラス,芝,2000,右,晴,良,"1回 福島 2日目 サラ系４歳以上 １勝クラス       見習騎手 定量 15頭 本賞金:820,330,210,120,82万円",15,820.0,12,5,9,ジェロニモス,牡,5,55.0,▲川端,120.4,2,5,6.8,36.8,4-4-2-2,栗東 中村,492,2,
202603010206,2026-04-12,福島,6,4歳以上1勝クラス,芝,2000,右,晴,良,"1回 福島 2日目 サラ系４歳以上 １勝クラス       見習騎手 定量 15頭 本賞金:820,330,210,120,82万円",15,820.0,13,8,14,リアルセンター,牝,5,53.0,▲和田陽,120.4,ハナ,11,42.3,36.3,6-6-6-8,美浦 千葉,510,-4,
202603010206,2026-04-12,福島,6,4歳以上1勝クラス,芝,2000,右,晴,良,"1回 福島 2日目 サラ系４歳以上 １勝クラス       見習騎手 定量 15頭 本賞金:820,330,210,120,82万円",15,820.0,14,7,13,ヒラボクヒーロー,牡,5,55.0,▲遠藤,120.8,2.1/2,13,117.4,37.3,1-1-1-2,美浦 平岩,484,-15,
202603010206,2026-04-12,福島,6,4歳以上1勝クラス,芝,2000,右,晴,良,"1回 福島 2日目 サラ系４歳以上 １勝クラス       見習騎手 定量 15頭 本賞金:820,330,210,120,82万円",15,820.0,15,5,8,シェーンルスカ,牝,4,52.0,★河原田,121.4,3.1/2,15,174.1,37.4,2-3-6-10,美浦 本間,478,6,
202603010207,2026-04-12,福島,7,4歳以上1勝クラス,ダ,1700,右,晴,良,"1回 福島 2日目 サラ系４歳以上 １勝クラス       牝[指] 定量 15頭 本賞金:820,330,210,120,82万円",15,820.0,1,6,11,カスバートテソーロ,牝,4,56.0,丹内,106.9,,4,8.1,37.9,6-4-3-2,美浦 畠山,436,-8,
202603010207,2026-04-12,福島,7,4歳以上1勝クラス,ダ,1700,右,晴,良,"1回 福島 2日目 サラ系４歳以上 １勝クラス       牝[指] 定量 15頭 本賞金:820,330,210,120,82万円",15,820.0,2,8,15,ベルフィーヌ,牝,5,56.0,丸田,107.0,3/4,3,6.6,38.3,9-8-1-1,美浦 堀内,514,4,
202603010207,2026-04-12,福島,7,4歳以上1勝クラス,ダ,1700,右,晴,良,"1回 福島 2日目 サラ系４歳以上 １勝クラス       牝[指] 定量 15頭 本賞金:820,330,210,120,82万円",15,820.0,3,3,4,キャットテイル,牝,4,56.0,西塚,107.2,1.1/4,2,3.7,38.3,2-2-2-2,栗東 野中,424,0,
202603010207,2026-04-12,福島,7,4歳以上1勝クラス,ダ,1700,右,晴,良,"1回 福島 2日目 サラ系４歳以上 １勝クラス       牝[指] 定量 15頭 本賞金:820,330,210,120,82万円",15,820.0,4,5,9,ピラニアキッス,牝,4,54.0,△舟山,107.3,クビ,5,8.9,38.0,4-4-6-4,美浦 嘉藤,452,0,
202603010207,2026-04-12,福島,7,4歳以上1勝クラス,ダ,1700,右,晴,良,"1回 福島 2日目 サラ系４歳以上 １勝クラス       牝[指] 定量 15頭 本賞金:820,330,210,120,82万円",15,820.0,5,7,12,ブーケドグレイス,牝,5,56.0,松若,107.8,3,8,25.3,38.0,14-14-10-9,美浦 相沢,480,-2,
202603010207,2026-04-12,福島,7,4歳以上1勝クラス,ダ,1700,右,晴,良,"1回 福島 2日目 サラ系４歳以上 １勝クラス       牝[指] 定量 15頭 本賞金:820,330,210,120,82万円",15,820.0,6,2,2,プリマドンナアスク,牝,4,54.0,◇古川奈,107.8,ハナ,9,42.3,38.8,1-1-3-5,栗東 前川,474,4,
202603010207,2026-04-12,福島,7,4歳以上1勝クラス,ダ,1700,右,晴,良,"1回 福島 2日目 サラ系４歳以上 １勝クラス       牝[指] 定量 15頭 本賞金:820,330,210,120,82万円",15,820.0,7,4,6,ブライティアブーケ,牝,4,56.0,杉原,108.5,4,11,74.0,39.0,2-3-8-7,美浦 田村,428,-2,
202603010207,2026-04-12,福島,7,4歳以上1勝クラス,ダ,1700,右,晴,良,"1回 福島 2日目 サラ系４歳以上 １勝クラス       牝[指] 定量 15頭 本賞金:820,330,210,120,82万円",15,820.0,8,6,10,ショウナンマリーナ,牝,4,56.0,丸山,108.5,クビ,13,100.0,38.8,8-8-9-8,美浦 森一,430,-10,
202603010207,2026-04-12,福島,7,4歳以上1勝クラス,ダ,1700,右,晴,良,"1回 福島 2日目 サラ系４歳以上 １勝クラス       牝[指] 定量 15頭 本賞金:820,330,210,120,82万円",15,820.0,9,4,7,ミルキープリンセス,牝,4,56.0,中井,108.5,ハナ,10,72.7,39.1,12-12-6-9,美浦 大竹,526,4,
202603010207,2026-04-12,福島,7,4歳以上1勝クラス,ダ,1700,右,晴,良,"1回 福島 2日目 サラ系４歳以上 １勝クラス       牝[指] 定量 15頭 本賞金:820,330,210,120,82万円",15,820.0,10,7,13,ブルスカメンテ,牝,4,56.0,石川,108.7,3/4,1,3.0,39.5,9-8-5-5,美浦 黒岩,428,-2,
202603010207,2026-04-12,福島,7,4歳以上1勝クラス,ダ,1700,右,晴,良,"1回 福島 2日目 サラ系４歳以上 １勝クラス       牝[指] 定量 15頭 本賞金:820,330,210,120,82万円",15,820.0,11,3,5,ツインクルステージ,牝,5,56.0,菊沢,109.0,2,14,138.2,39.1,9-11-12-11,美浦 高木,484,-4,
202603010207,2026-04-12,福島,7,4歳以上1勝クラス,ダ,1700,右,晴,良,"1回 福島 2日目 サラ系４歳以上 １勝クラス       牝[指] 定量 15頭 本賞金:820,330,210,120,82万円",15,820.0,12,1,1,ニコ,牝,4,53.0,▲遠藤,109.5,3,12,86.1,39.4,6-7-13-13,美浦 大和田,398,-25,
202603010207,2026-04-12,福島,7,4歳以上1勝クラス,ダ,1700,右,晴,良,"1回 福島 2日目 サラ系４歳以上 １勝クラス       牝[指] 定量 15頭 本賞金:820,330,210,120,82万円",15,820.0,13,2,3,レインボーラッキー,牝,4,56.0,斎藤,109.7,1,7,13.4,39.9,4-4-10-11,美浦 斎藤誠,432,-8,
202603010207,2026-04-12,福島,7,4歳以上1勝クラス,ダ,1700,右,晴,良,"1回 福島 2日目 サラ系４歳以上 １勝クラス       牝[指] 定量 15頭 本賞金:820,330,210,120,82万円",15,820.0,14,5,8,フォンデネージュ,牝,4,53.0,▲石神道,109.9,1.1/2,6,12.7,39.4,14-14-14-14,美浦 武井,522,4,
202603010207,2026-04-12,福島,7,4歳以上1勝クラス,ダ,1700,右,晴,良,"1回 福島 2日目 サラ系４歳以上 １勝クラス       牝[指] 定量 15頭 本賞金:820,330,210,120,82万円",15,820.0,15,8,14,ノクターナル,牝,5,52.0,★河原田,110.1,1,15,241.7,39.2,12-12-15-15,美浦 加藤和,448,-8,
202603010208,2026-04-12,福島,8,4歳以上1勝クラス,芝,1200,右,晴,良,"1回 福島 2日目 サラ系４歳以上 １勝クラス       (混)[指] 定量 16頭 本賞金:820,330,210,120,82万円",16,820.0,1,4,7,サディーク,牝,4,56.0,松若,68.3,,1,3.3,34.0,5-5,栗東 河嶋,438,0,
202603010208,2026-04-12,福島,8,4歳以上1勝クラス,芝,1200,右,晴,良,"1回 福島 2日目 サラ系４歳以上 １勝クラス       (混)[指] 定量 16頭 本賞金:820,330,210,120,82万円",16,820.0,2,6,11,タマモブラウンタイ,牡,4,56.0,△舟山,68.5,1.1/4,5,8.5,34.6,2-2,栗東 角田,480,-2,
202603010208,2026-04-12,福島,8,4歳以上1勝クラス,芝,1200,右,晴,良,"1回 福島 2日目 サラ系４歳以上 １勝クラス       (混)[指] 定量 16頭 本賞金:820,330,210,120,82万円",16,820.0,3,7,13,ピアストイヤーズ,牡,4,58.0,石川,68.5,1/2,4,7.6,33.9,7-10,栗東 小崎,454,-6,
202603010208,2026-04-12,福島,8,4歳以上1勝クラス,芝,1200,右,晴,良,"1回 福島 2日目 サラ系４歳以上 １勝クラス       (混)[指] 定量 16頭 本賞金:820,330,210,120,82万円",16,820.0,4,5,9,フロウアンドライム,牡,4,58.0,杉原,68.6,クビ,3,7.6,33.9,10-8,美浦 大和田,442,-10,
202603010208,2026-04-12,福島,8,4歳以上1勝クラス,芝,1200,右,晴,良,"1回 福島 2日目 サラ系４歳以上 １勝クラス       (混)[指] 定量 16頭 本賞金:820,330,210,120,82万円",16,820.0,5,6,12,ロンドンアームズ,牝,5,56.0,菊沢,68.6,クビ,9,27.8,33.6,12-11,美浦 伊坂,472,8,
202603010208,2026-04-12,福島,8,4歳以上1勝クラス,芝,1200,右,晴,良,"1回 福島 2日目 サラ系４歳以上 １勝クラス       (混)[指] 定量 16頭 本賞金:820,330,210,120,82万円",16,820.0,6,5,10,アンバーニードル,牡,5,58.0,斎藤,68.6,クビ,2,5.4,33.9,10-11,美浦 加藤征,486,-12,
202603010208,2026-04-12,福島,8,4歳以上1勝クラス,芝,1200,右,晴,良,"1回 福島 2日目 サラ系４歳以上 １勝クラス       (混)[指] 定量 16頭 本賞金:820,330,210,120,82万円",16,820.0,7,3,6,ブライトアゲイン,牝,5,56.0,松本,68.8,3/4,6,9.0,34.7,4-3,栗東 森秀,482,2,
202603010208,2026-04-12,福島,8,4歳以上1勝クラス,芝,1200,右,晴,良,"1回 福島 2日目 サラ系４歳以上 １勝クラス       (混)[指] 定量 16頭 本賞金:820,330,210,120,82万円",16,820.0,8,8,16,ハッピーサプライズ,牡,5,55.0,▲石田,69.0,1.1/2,13,40.6,34.6,6-6,美浦 佐藤吉,480,6,
202603010208,2026-04-12,福島,8,4歳以上1勝クラス,芝,1200,右,晴,良,"1回 福島 2日目 サラ系４歳以上 １勝クラス       (混)[指] 定量 16頭 本賞金:820,330,210,120,82万円",16,820.0,9,8,15,スピリットライズ,セ,4,58.0,亀田,69.1,3/4,11,36.6,34.6,7-8,栗東 高柳大,436,-6,
202603010208,2026-04-12,福島,8,4歳以上1勝クラス,芝,1200,右,晴,良,"1回 福島 2日目 サラ系４歳以上 １勝クラス       (混)[指] 定量 16頭 本賞金:820,330,210,120,82万円",16,820.0,10,7,14,ノーブルオリンポス,セ,4,58.0,武藤,69.2,クビ,14,61.9,35.2,3-3,美浦 武藤,440,-6,
202603010208,2026-04-12,福島,8,4歳以上1勝クラス,芝,1200,右,晴,良,"1回 福島 2日目 サラ系４歳以上 １勝クラス       (混)[指] 定量 16頭 本賞金:820,330,210,120,82万円",16,820.0,11,1,1,オンザヴィーナス,牝,5,56.0,嶋田,69.3,1,8,23.2,35.5,1-1,美浦 大和田,454,14,
202603010208,2026-04-12,福島,8,4歳以上1勝クラス,芝,1200,右,晴,良,"1回 福島 2日目 サラ系４歳以上 １勝クラス       (混)[指] 定量 16頭 本賞金:820,330,210,120,82万円",16,820.0,12,2,3,スマッシュアウト,牡,4,56.0,◇永島,69.5,1,7,16.9,34.0,13-13,美浦 栗田,450,4,
202603010208,2026-04-12,福島,8,4歳以上1勝クラス,芝,1200,右,晴,良,"1回 福島 2日目 サラ系４歳以上 １勝クラス       (混)[指] 定量 16頭 本賞金:820,330,210,120,82万円",16,820.0,13,3,5,レオプルミエール,牡,6,58.0,丹内,69.6,3/4,10,32.9,35.1,7-6,美浦 杉浦,430,-10,
202603010208,2026-04-12,福島,8,4歳以上1勝クラス,芝,1200,右,晴,良,"1回 福島 2日目 サラ系４歳以上 １勝クラス       (混)[指] 定量 16頭 本賞金:820,330,210,120,82万円",16,820.0,14,1,2,ルクスアドラー,牡,5,58.0,柴田善,69.9,2,12,40.0,33.6,15-14,美浦 平岩,468,-6,
202603010208,2026-04-12,福島,8,4歳以上1勝クラス,芝,1200,右,晴,良,"1回 福島 2日目 サラ系４歳以上 １勝クラス       (混)[指] 定量 16頭 本賞金:820,330,210,120,82万円",16,820.0,15,2,4,アクアリッズ,牡,4,55.0,▲小林美,70.6,4,15,70.4,34.4,14-15,美浦 加藤和,484,-22,
202603010208,2026-04-12,福島,8,4歳以上1勝クラス,芝,1200,右,晴,良,"1回 福島 2日目 サラ系４歳以上 １勝クラス       (混)[指] 定量 16頭 本賞金:820,330,210,120,82万円",16,820.0,16,4,8,ヴォラーレ,牡,4,58.0,木幡育,70.6,クビ,16,297.9,34.2,16-16,美浦 松永康,424,-12,
202603010209,2026-04-12,福島,9,燧ケ岳特別,芝,2600,右,晴,良,"1回 福島 2日目 サラ系４歳以上 １勝クラス       [指] 定量 13頭 本賞金:1140,460,290,170,114万円",13,1140.0,1,6,9,ビップチェイス,牡,5,58.0,杉原,160.0,,6,11.9,36.3,5-5-1-1,美浦 田島,458,-2,
202603010209,2026-04-12,福島,9,燧ケ岳特別,芝,2600,右,晴,良,"1回 福島 2日目 サラ系４歳以上 １勝クラス       [指] 定量 13頭 本賞金:1140,460,290,170,114万円",13,1140.0,2,4,4,テイクザクラウン,牡,5,58.0,川又,160.2,1.1/4,5,6.4,35.9,8-9-5-4,栗東 吉村,444,-12,
202603010209,2026-04-12,福島,9,燧ケ岳特別,芝,2600,右,晴,良,"1回 福島 2日目 サラ系４歳以上 １勝クラス       [指] 定量 13頭 本賞金:1140,460,290,170,114万円",13,1140.0,3,8,12,ローレルオーブ,牡,4,58.0,斎藤,160.3,クビ,3,5.0,36.2,6-6-3-2,栗東 杉山佳,470,-2,
202603010209,2026-04-12,福島,9,燧ケ岳特別,芝,2600,右,晴,良,"1回 福島 2日目 サラ系４歳以上 １勝クラス       [指] 定量 13頭 本賞金:1140,460,290,170,114万円",13,1140.0,4,7,11,ニホンピロゴルディ,牡,5,58.0,吉田隼,160.3,クビ,2,4.9,35.6,11-11-8-7,栗東 安達,470,-2,
202603010209,2026-04-12,福島,9,燧ケ岳特別,芝,2600,右,晴,良,"1回 福島 2日目 サラ系４歳以上 １勝クラス       [指] 定量 13頭 本賞金:1140,460,290,170,114万円",13,1140.0,5,5,6,ゲンジ,牡,4,58.0,石川,160.4,クビ,1,3.8,35.9,6-7-6-4,美浦 尾形,422,-8,
202603010209,2026-04-12,福島,9,燧ケ岳特別,芝,2600,右,晴,良,"1回 福島 2日目 サラ系４歳以上 １勝クラス       [指] 定量 13頭 本賞金:1140,460,290,170,114万円",13,1140.0,6,1,1,ペネトレイトゴー,セ,6,58.0,武藤,160.4,クビ,4,6.3,35.7,13-12-8-7,美浦 戸田,440,-8,
202603010209,2026-04-12,福島,9,燧ケ岳特別,芝,2600,右,晴,良,"1回 福島 2日目 サラ系４歳以上 １勝クラス       [指] 定量 13頭 本賞金:1140,460,290,170,114万円",13,1140.0,7,4,5,テイキットイージー,牡,5,58.0,菊沢,161.4,6,8,21.4,36.7,9-10-8-7,美浦 萱野,442,-6,
202603010209,2026-04-12,福島,9,燧ケ岳特別,芝,2600,右,晴,良,"1回 福島 2日目 サラ系４歳以上 １勝クラス       [指] 定量 13頭 本賞金:1140,460,290,170,114万円",13,1140.0,8,2,2,ダノンアンチュラス,牡,4,58.0,中井,161.5,3/4,13,95.6,37.5,1-1-2-2,栗東 坂口,476,2,
202603010209,2026-04-12,福島,9,燧ケ岳特別,芝,2600,右,晴,良,"1回 福島 2日目 サラ系４歳以上 １勝クラス       [指] 定量 13頭 本賞金:1140,460,290,170,114万円",13,1140.0,9,5,7,イフルジャンス,牡,4,58.0,丸山,162.2,4,7,19.7,38.1,2-2-3-4,美浦 金成,450,0,
202603010209,2026-04-12,福島,9,燧ケ岳特別,芝,2600,右,晴,良,"1回 福島 2日目 サラ系４歳以上 １勝クラス       [指] 定量 13頭 本賞金:1140,460,290,170,114万円",13,1140.0,10,6,8,シェアホルダーズ,牡,5,58.0,小沢,163.8,10,11,80.9,39.3,3-3-6-10,美浦 松山,500,8,
202603010209,2026-04-12,福島,9,燧ケ岳特別,芝,2600,右,晴,良,"1回 福島 2日目 サラ系４歳以上 １勝クラス       [指] 定量 13頭 本賞金:1140,460,290,170,114万円",13,1140.0,11,8,13,ヘルツアス,牝,5,56.0,松若,164.6,5,9,25.3,39.9,3-3-8-12,栗東 森田,418,-2,
202603010209,2026-04-12,福島,9,燧ケ岳特別,芝,2600,右,晴,良,"1回 福島 2日目 サラ系４歳以上 １勝クラス       [指] 定量 13頭 本賞金:1140,460,290,170,114万円",13,1140.0,12,3,3,サラニキケン,牝,4,56.0,鷲頭,165.0,2,12,90.6,40.4,9-7-8-11,美浦 竹内,428,-10,
202603010209,2026-04-12,福島,9,燧ケ岳特別,芝,2600,右,晴,良,"1回 福島 2日目 サラ系４歳以上 １勝クラス       [指] 定量 13頭 本賞金:1140,460,290,170,114万円",13,1140.0,13,7,10,スタードメイソン,牝,4,56.0,和田陽,166.5,9,10,43.3,40.4,12-13-13-13,栗東 藤原,394,-14,
202603010210,2026-04-12,福島,10,喜多方特別,ダ,1150,右,晴,良,"1回 福島 2日目 サラ系４歳以上 ２勝クラス       (混)[指] 定量 16頭 本賞金:1580,630,400,240,158万円",16,1580.0,1,4,8,イマージョン,牡,4,58.0,丸山,68.7,,1,5.3,37.4,2-2,栗東 高野,512,0,
202603010210,2026-04-12,福島,10,喜多方特別,ダ,1150,右,晴,良,"1回 福島 2日目 サラ系４歳以上 ２勝クラス       (混)[指] 定量 16頭 本賞金:1580,630,400,240,158万円",16,1580.0,2,7,14,セントールビースト,牡,4,58.0,永島,68.8,1,12,21.6,37.4,3-3,栗東 羽月,434,-4,
202603010210,2026-04-12,福島,10,喜多方特別,ダ,1150,右,晴,良,"1回 福島 2日目 サラ系４歳以上 ２勝クラス       (混)[指] 定量 16頭 本賞金:1580,630,400,240,158万円",16,1580.0,3,3,6,モリノセピア,牡,5,58.0,小林美,68.9,3/4,9,15.0,37.0,6-6,美浦 鈴木伸,492,-4,
202603010210,2026-04-12,福島,10,喜多方特別,ダ,1150,右,晴,良,"1回 福島 2日目 サラ系４歳以上 ２勝クラス       (混)[指] 定量 16頭 本賞金:1580,630,400,240,158万円",16,1580.0,4,8,16,アイアムイチバン,牡,4,58.0,柴田善,69.0,アタマ,4,8.1,37.4,4-4,美浦 奥平,516,-6,
202603010210,2026-04-12,福島,10,喜多方特別,ダ,1150,右,晴,良,"1回 福島 2日目 サラ系４歳以上 ２勝クラス       (混)[指] 定量 16頭 本賞金:1580,630,400,240,158万円",16,1580.0,5,4,7,サードウインド,牝,4,56.0,中井,69.0,クビ,15,85.8,36.6,9-8,美浦 西田,452,-8,
202603010210,2026-04-12,福島,10,喜多方特別,ダ,1150,右,晴,良,"1回 福島 2日目 サラ系４歳以上 ２勝クラス       (混)[指] 定量 16頭 本賞金:1580,630,400,240,158万円",16,1580.0,6,6,11,イノキ,牡,4,58.0,舟山,69.2,1.1/4,6,10.6,36.2,15-14,美浦 岩戸,500,-2,
202603010210,2026-04-12,福島,10,喜多方特別,ダ,1150,右,晴,良,"1回 福島 2日目 サラ系４歳以上 ２勝クラス       (混)[指] 定量 16頭 本賞金:1580,630,400,240,158万円",16,1580.0,7,2,3,パールフロント,牝,4,56.0,丹内,69.3,3/4,2,5.4,36.7,11-10,栗東 寺島,534,2,
202603010210,2026-04-12,福島,10,喜多方特別,ダ,1150,右,晴,良,"1回 福島 2日目 サラ系４歳以上 ２勝クラス       (混)[指] 定量 16頭 本賞金:1580,630,400,240,158万円",16,1580.0,8,3,5,リクエイ,牝,4,56.0,長岡,69.4,クビ,11,20.2,37.6,5-4,美浦 竹内,426,-4,
202603010210,2026-04-12,福島,10,喜多方特別,ダ,1150,右,晴,良,"1回 福島 2日目 サラ系４歳以上 ２勝クラス       (混)[指] 定量 16頭 本賞金:1580,630,400,240,158万円",16,1580.0,9,1,1,ジーベック,牡,5,58.0,古川奈,69.6,1,10,18.1,36.8,13-11,栗東 矢作,458,-2,
202603010210,2026-04-12,福島,10,喜多方特別,ダ,1150,右,晴,良,"1回 福島 2日目 サラ系４歳以上 ２勝クラス       (混)[指] 定量 16頭 本賞金:1580,630,400,240,158万円",16,1580.0,10,7,13,ミニョンマルーン,牝,4,56.0,黛,69.6,アタマ,3,7.1,38.4,1-1,美浦 伊藤圭,478,4,
202603010210,2026-04-12,福島,10,喜多方特別,ダ,1150,右,晴,良,"1回 福島 2日目 サラ系４歳以上 ２勝クラス       (混)[指] 定量 16頭 本賞金:1580,630,400,240,158万円",16,1580.0,11,5,9,アメリカンチケット,セ,5,58.0,西塚,69.8,1.1/4,5,9.8,37.0,13-11,栗東 藤原,486,-22,
202603010210,2026-04-12,福島,10,喜多方特別,ダ,1150,右,晴,良,"1回 福島 2日目 サラ系４歳以上 ２勝クラス       (混)[指] 定量 16頭 本賞金:1580,630,400,240,158万円",16,1580.0,12,2,4,ヒルノピレネー,牡,6,58.0,亀田,70.3,3,7,13.5,37.4,15-14,栗東 北出,450,-2,
202603010210,2026-04-12,福島,10,喜多方特別,ダ,1150,右,晴,良,"1回 福島 2日目 サラ系４歳以上 ２勝クラス       (混)[指] 定量 16頭 本賞金:1580,630,400,240,158万円",16,1580.0,13,1,2,ディーエスショウマ,牡,4,58.0,小沢,70.7,2.1/2,8,14.4,38.6,8-7,栗東 橋口,458,0,
202603010210,2026-04-12,福島,10,喜多方特別,ダ,1150,右,晴,良,"1回 福島 2日目 サラ系４歳以上 ２勝クラス       (混)[指] 定量 16頭 本賞金:1580,630,400,240,158万円",16,1580.0,14,6,12,サンディブロンド,牝,5,56.0,武藤,70.8,クビ,16,127.8,38.9,6-8,美浦 鈴木慎,484,-2,
202603010210,2026-04-12,福島,10,喜多方特別,ダ,1150,右,晴,良,"1回 福島 2日目 サラ系４歳以上 ２勝クラス       (混)[指] 定量 16頭 本賞金:1580,630,400,240,158万円",16,1580.0,15,8,15,サベージラヴ,牝,5,56.0,菊沢,71.1,2,13,36.2,38.6,10-13,美浦 伊藤圭,458,-8,
202603010210,2026-04-12,福島,10,喜多方特別,ダ,1150,右,晴,良,"1回 福島 2日目 サラ系４歳以上 ２勝クラス       (混)[指] 定量 16頭 本賞金:1580,630,400,240,158万円",16,1580.0,16,5,10,フレッシュラン,牝,4,56.0,石川,71.8,4,14,72.4,39.2,11-16,美浦 尾形,466,-12,
202603010211,2026-04-12,福島,11,福島民報杯,芝,2000,右,晴,良,"1回 福島 2日目 サラ系４歳以上 オープン       (国際)(特指) 別定 15頭 本賞金:2800,1100,700,420,280万円",15,2800.0,1,6,11,サヴォーナ,牡,6,58.0,松若,118.4,,5,8.8,35.1,3-4-3-2,栗東 中竹,534,10,
202603010211,2026-04-12,福島,11,福島民報杯,芝,2000,右,晴,良,"1回 福島 2日目 サラ系４歳以上 オープン       (国際)(特指) 別定 15頭 本賞金:2800,1100,700,420,280万円",15,2800.0,2,5,8,ガイアメンテ,牡,5,57.0,丸山,118.7,1.3/4,6,10.7,34.7,12-13-11-9,栗東 須貝,494,-2,
202603010211,2026-04-12,福島,11,福島民報杯,芝,2000,右,晴,良,"1回 福島 2日目 サラ系４歳以上 オープン       (国際)(特指) 別定 15頭 本賞金:2800,1100,700,420,280万円",15,2800.0,3,8,14,シルトホルン,牡,6,58.0,丹内,118.8,クビ,3,7.0,35.6,3-3-2-1,美浦 新開,482,-2,
202603010211,2026-04-12,福島,11,福島民報杯,芝,2000,右,晴,良,"1回 福島 2日目 サラ系４歳以上 オープン       (国際)(特指) 別定 15頭 本賞金:2800,1100,700,420,280万円",15,2800.0,4,7,12,マイネルモーント,牡,6,58.0,石川,118.8,アタマ,4,7.4,34.9,11-10-7-7,美浦 高木,464,-6,
202603010211,2026-04-12,福島,11,福島民報杯,芝,2000,右,晴,良,"1回 福島 2日目 サラ系４歳以上 オープン       (国際)(特指) 別定 15頭 本賞金:2800,1100,700,420,280万円",15,2800.0,5,3,4,リビアングラス,牡,6,58.0,古川奈,118.8,ハナ,7,12.6,35.3,7-7-5-3,栗東 矢作,492,-4,
202603010211,2026-04-12,福島,11,福島民報杯,芝,2000,右,晴,良,"1回 福島 2日目 サラ系４歳以上 オープン       (国際)(特指) 別定 15頭 本賞金:2800,1100,700,420,280万円",15,2800.0,6,5,9,タシット,牡,7,57.0,吉田隼,118.8,アタマ,9,34.4,35.4,5-5-3-3,美浦 中川,476,-6,
202603010211,2026-04-12,福島,11,福島民報杯,芝,2000,右,晴,良,"1回 福島 2日目 サラ系４歳以上 オープン       (国際)(特指) 別定 15頭 本賞金:2800,1100,700,420,280万円",15,2800.0,7,4,7,バレエマスター,牡,7,57.0,西塚,118.9,3/4,8,20.8,34.6,12-10-12-11,栗東 梅田,474,-2,
202603010211,2026-04-12,福島,11,福島民報杯,芝,2000,右,晴,良,"1回 福島 2日目 サラ系４歳以上 オープン       (国際)(特指) 別定 15頭 本賞金:2800,1100,700,420,280万円",15,2800.0,8,6,10,ラインベック,セ,9,58.0,杉原,118.9,ハナ,12,58.0,35.3,6-6-6-6,栗東 友道,484,-14,
202603010211,2026-04-12,福島,11,福島民報杯,芝,2000,右,晴,良,"1回 福島 2日目 サラ系４歳以上 オープン       (国際)(特指) 別定 15頭 本賞金:2800,1100,700,420,280万円",15,2800.0,9,7,13,バルナバ,牡,4,57.0,斎藤,119.0,クビ,2,5.6,35.2,10-10-7-7,栗東 浜田,502,-2,
202603010211,2026-04-12,福島,11,福島民報杯,芝,2000,右,晴,良,"1回 福島 2日目 サラ系４歳以上 オープン       (国際)(特指) 別定 15頭 本賞金:2800,1100,700,420,280万円",15,2800.0,10,8,15,ダンディズム,セ,10,59.0,松本,119.2,1,15,134.4,34.7,14-14-13-11,栗東 野中,466,-12,
202603010211,2026-04-12,福島,11,福島民報杯,芝,2000,右,晴,良,"1回 福島 2日目 サラ系４歳以上 オープン       (国際)(特指) 別定 15頭 本賞金:2800,1100,700,420,280万円",15,2800.0,11,3,5,マンマリアーレ,牝,6,55.0,菊沢,119.2,クビ,14,82.0,35.3,7-7-7-11,美浦 高木,472,-4,
202603010211,2026-04-12,福島,11,福島民報杯,芝,2000,右,晴,良,"1回 福島 2日目 サラ系４歳以上 オープン       (国際)(特指) 別定 15頭 本賞金:2800,1100,700,420,280万円",15,2800.0,12,4,6,アスクドゥポルテ,牡,6,57.0,丸田,120.1,5,13,62.6,35.5,15-15-14-14,栗東 梅田,474,-12,
202603010211,2026-04-12,福島,11,福島民報杯,芝,2000,右,晴,良,"1回 福島 2日目 サラ系４歳以上 オープン       (国際)(特指) 別定 15頭 本賞金:2800,1100,700,420,280万円",15,2800.0,13,2,3,トゥデイイズザデイ,牡,7,57.0,小沢,120.3,1.1/4,11,37.2,36.5,7-7-7-9,栗東 池江,472,-12,
202603010211,2026-04-12,福島,11,福島民報杯,芝,2000,右,晴,良,"1回 福島 2日目 サラ系４歳以上 オープン       (国際)(特指) 別定 15頭 本賞金:2800,1100,700,420,280万円",15,2800.0,14,2,2,ピースワンデュック,牡,5,57.0,柴田善,120.4,1/2,1,3.0,38.1,1-1-1-3,美浦 大竹,452,-10,
202603010211,2026-04-12,福島,11,福島民報杯,芝,2000,右,晴,良,"1回 福島 2日目 サラ系４歳以上 オープン       (国際)(特指) 別定 15頭 本賞金:2800,1100,700,420,280万円",15,2800.0,15,1,1,ウインシュクラン,セ,8,57.0,石神道,160.2,大,10,34.5,111.8,2-2-15-15,美浦 和田郎,466,-8,
202603010212,2026-04-12,福島,12,4歳以上1勝クラス,ダ,1700,右,晴,良,"1回 福島 2日目 サラ系４歳以上 １勝クラス       [指] 定量 15頭 本賞金:820,330,210,120,82万円",15,820.0,1,7,13,レイザリオ,牡,4,58.0,斎藤,106.6,,4,7.7,38.4,1-1-1-1,栗東 橋口,480,2,
202603010212,2026-04-12,福島,12,4歳以上1勝クラス,ダ,1700,右,晴,良,"1回 福島 2日目 サラ系４歳以上 １勝クラス       [指] 定量 15頭 本賞金:820,330,210,120,82万円",15,820.0,2,8,15,マテンロウカナロア,牡,4,58.0,松本,106.7,クビ,1,2.5,38.5,2-2-2-2,栗東 野中,486,0,
202603010212,2026-04-12,福島,12,4歳以上1勝クラス,ダ,1700,右,晴,良,"1回 福島 2日目 サラ系４歳以上 １勝クラス       [指] 定量 15頭 本賞金:820,330,210,120,82万円",15,820.0,3,4,6,チギリ,牝,4,54.0,△舟山,106.9,1.1/2,2,6.1,37.8,15-15-9-6,美浦 鹿戸,468,-6,
202603010212,2026-04-12,福島,12,4歳以上1勝クラス,ダ,1700,右,晴,良,"1回 福島 2日目 サラ系４歳以上 １勝クラス       [指] 定量 15頭 本賞金:820,330,210,120,82万円",15,820.0,4,5,9,ラッキーヤース,牡,5,55.0,▲小林美,107.0,クビ,7,17.9,37.5,13-13-12-10,美浦 鈴木伸,464,-18,
202603010212,2026-04-12,福島,12,4歳以上1勝クラス,ダ,1700,右,晴,良,"1回 福島 2日目 サラ系４歳以上 １勝クラス       [指] 定量 15頭 本賞金:820,330,210,120,82万円",15,820.0,5,6,10,タルタロス,牡,5,58.0,黛,107.0,クビ,10,35.9,37.8,12-11-11-10,美浦 天間,462,6,
202603010212,2026-04-12,福島,12,4歳以上1勝クラス,ダ,1700,右,晴,良,"1回 福島 2日目 サラ系４歳以上 １勝クラス       [指] 定量 15頭 本賞金:820,330,210,120,82万円",15,820.0,6,4,7,レッドベルダンス,牡,4,58.0,嶋田,107.0,クビ,3,6.3,38.3,3-6-4-5,美浦 手塚久,480,-6,
202603010212,2026-04-12,福島,12,4歳以上1勝クラス,ダ,1700,右,晴,良,"1回 福島 2日目 サラ系４歳以上 １勝クラス       [指] 定量 15頭 本賞金:820,330,210,120,82万円",15,820.0,7,3,4,ヤマカツレオン,セ,9,54.0,★河原田,107.2,1,11,84.0,38.6,3-3-4-3,栗東 谷,506,-10,
202603010212,2026-04-12,福島,12,4歳以上1勝クラス,ダ,1700,右,晴,良,"1回 福島 2日目 サラ系４歳以上 １勝クラス       [指] 定量 15頭 本賞金:820,330,210,120,82万円",15,820.0,8,3,5,ベンメリア,セ,4,58.0,小林脩,107.9,4,13,103.8,38.8,7-7-9-10,美浦 奥平,480,-13,
202603010212,2026-04-12,福島,12,4歳以上1勝クラス,ダ,1700,右,晴,良,"1回 福島 2日目 サラ系４歳以上 １勝クラス       [指] 定量 15頭 本賞金:820,330,210,120,82万円",15,820.0,9,2,3,ブルーカミング,牡,4,56.0,◇古川奈,108.2,2,8,24.5,39.2,6-3-7-8,栗東 牧浦,460,-10,
202603010212,2026-04-12,福島,12,4歳以上1勝クラス,ダ,1700,右,晴,良,"1回 福島 2日目 サラ系４歳以上 １勝クラス       [指] 定量 15頭 本賞金:820,330,210,120,82万円",15,820.0,10,8,14,カーフキック,セ,4,58.0,武藤,108.4,1.1/4,5,7.7,39.9,3-3-3-3,美浦 高橋文,440,-10,
202603010212,2026-04-12,福島,12,4歳以上1勝クラス,ダ,1700,右,晴,良,"1回 福島 2日目 サラ系４歳以上 １勝クラス       [指] 定量 15頭 本賞金:820,330,210,120,82万円",15,820.0,11,5,8,リーゼントジェイド,セ,5,58.0,石川,108.7,1.1/2,12,87.9,39.2,9-10-12-13,美浦 矢嶋,476,-2,
202603010212,2026-04-12,福島,12,4歳以上1勝クラス,ダ,1700,右,晴,良,"1回 福島 2日目 サラ系４歳以上 １勝クラス       [指] 定量 15頭 本賞金:820,330,210,120,82万円",15,820.0,12,6,11,グレイスフルマーチ,牡,4,58.0,丹内,108.7,クビ,6,11.8,39.7,7-9-7-6,栗東 中村,462,2,
202603010212,2026-04-12,福島,12,4歳以上1勝クラス,ダ,1700,右,晴,良,"1回 福島 2日目 サラ系４歳以上 １勝クラス       [指] 定量 15頭 本賞金:820,330,210,120,82万円",15,820.0,13,2,2,ウイングスオブラヴ,セ,7,55.0,▲和田陽,108.8,クビ,14,159.9,38.7,11-11-14-14,栗東 笹田,470,-6,
202603010212,2026-04-12,福島,12,4歳以上1勝クラス,ダ,1700,右,晴,良,"1回 福島 2日目 サラ系４歳以上 １勝クラス       [指] 定量 15頭 本賞金:820,330,210,120,82万円",15,820.0,14,7,12,ラッキーベイ,牡,4,58.0,松若,108.9,3/4,9,33.2,40.2,9-7-4-8,栗東 今野,462,-6,
202603010212,2026-04-12,福島,12,4歳以上1勝クラス,ダ,1700,右,晴,良,"1回 福島 2日目 サラ系４歳以上 １勝クラス       [指] 定量 15頭 本賞金:820,330,210,120,82万円",15,820.0,15,1,1,インヴェスター,セ,5,58.0,菅原隆,110.7,大,15,180.8,40.5,13-13-15-15,美浦 佐藤吉,466,-12,
202606030601,2026-04-12,中山,1,3歳未勝利,ダ,1200,右,晴,稍,"3回 中山 6日目 サラ系３歳 未勝利       [指] 馬齢 15頭 本賞金:590,240,150,89,59万円",15,590.0,1,5,9,ロードトライデント,牡,3,57.0,横山和,71.6,,1,1.7,37.1,3-3,美浦 千葉,478,-6,
202606030601,2026-04-12,中山,1,3歳未勝利,ダ,1200,右,晴,稍,"3回 中山 6日目 サラ系３歳 未勝利       [指] 馬齢 15頭 本賞金:590,240,150,89,59万円",15,590.0,2,4,6,ニンジャトットリ,牡,3,57.0,田辺,72.2,4,2,3.0,37.9,2-2,美浦 松永康,464,2,
202606030601,2026-04-12,中山,1,3歳未勝利,ダ,1200,右,晴,稍,"3回 中山 6日目 サラ系３歳 未勝利       [指] 馬齢 15頭 本賞金:590,240,150,89,59万円",15,590.0,3,8,15,プラチナムディスク,牝,3,52.0,▲田山,72.7,3,3,12.6,38.5,1-1,美浦 小笠,434,4,
202606030601,2026-04-12,中山,1,3歳未勝利,ダ,1200,右,晴,稍,"3回 中山 6日目 サラ系３歳 未勝利       [指] 馬齢 15頭 本賞金:590,240,150,89,59万円",15,590.0,4,3,5,ツァレヴナ,牝,3,53.0,△長浜,73.0,2,4,13.0,37.8,9-10,栗東 野中,448,-6,
202606030601,2026-04-12,中山,1,3歳未勝利,ダ,1200,右,晴,稍,"3回 中山 6日目 サラ系３歳 未勝利       [指] 馬齢 15頭 本賞金:590,240,150,89,59万円",15,590.0,5,4,7,ブレイブシュガー,牡,3,57.0,吉田豊,73.1,クビ,9,100.7,37.4,15-15,美浦 高橋文,474,0,
202606030601,2026-04-12,中山,1,3歳未勝利,ダ,1200,右,晴,稍,"3回 中山 6日目 サラ系３歳 未勝利       [指] 馬齢 15頭 本賞金:590,240,150,89,59万円",15,590.0,6,6,10,グランキンバリー,牝,3,55.0,野中,73.2,1/2,13,192.5,38.2,6-5,美浦 松山,440,2,
202606030601,2026-04-12,中山,1,3歳未勝利,ダ,1200,右,晴,稍,"3回 中山 6日目 サラ系３歳 未勝利       [指] 馬齢 15頭 本賞金:590,240,150,89,59万円",15,590.0,7,3,4,マクローリン,牡,3,57.0,小崎,73.3,1/2,7,32.0,38.1,9-10,栗東 加藤公,464,-10,
202606030601,2026-04-12,中山,1,3歳未勝利,ダ,1200,右,晴,稍,"3回 中山 6日目 サラ系３歳 未勝利       [指] 馬齢 15頭 本賞金:590,240,150,89,59万円",15,590.0,8,7,12,キョウエイハル,牝,3,55.0,佐々木,73.4,1/2,6,25.3,38.9,3-3,美浦 伊坂,448,-4,
202606030601,2026-04-12,中山,1,3歳未勝利,ダ,1200,右,晴,稍,"3回 中山 6日目 サラ系３歳 未勝利       [指] 馬齢 15頭 本賞金:590,240,150,89,59万円",15,590.0,9,5,8,アンコンケラブル,牡,3,57.0,木幡巧,73.5,3/4,12,178.6,38.5,6-6,美浦 牧,464,-8,
202606030601,2026-04-12,中山,1,3歳未勝利,ダ,1200,右,晴,稍,"3回 中山 6日目 サラ系３歳 未勝利       [指] 馬齢 15頭 本賞金:590,240,150,89,59万円",15,590.0,10,8,14,チッタデラモーレ,牡,3,54.0,▲水沼,73.6,アタマ,10,113.0,38.5,9-7,美浦 伊藤圭,482,8,
202606030601,2026-04-12,中山,1,3歳未勝利,ダ,1200,右,晴,稍,"3回 中山 6日目 サラ系３歳 未勝利       [指] 馬齢 15頭 本賞金:590,240,150,89,59万円",15,590.0,11,2,2,クィーンコッチャン,牝,3,55.0,江田照,73.6,ハナ,11,151.9,38.1,14-13,美浦 小野,452,-6,
202606030601,2026-04-12,中山,1,3歳未勝利,ダ,1200,右,晴,稍,"3回 中山 6日目 サラ系３歳 未勝利       [指] 馬齢 15頭 本賞金:590,240,150,89,59万円",15,590.0,12,1,1,クインズスズラン,牝,3,55.0,横山典,73.7,1/2,8,40.0,38.3,13-13,美浦 村田,496,4,
202606030601,2026-04-12,中山,1,3歳未勝利,ダ,1200,右,晴,稍,"3回 中山 6日目 サラ系３歳 未勝利       [指] 馬齢 15頭 本賞金:590,240,150,89,59万円",15,590.0,13,6,11,ベルテオドーラ,牝,3,55.0,五十嵐,74.4,4,14,225.2,39.4,6-7,美浦 尾形,418,-2,
202606030601,2026-04-12,中山,1,3歳未勝利,ダ,1200,右,晴,稍,"3回 中山 6日目 サラ系３歳 未勝利       [指] 馬齢 15頭 本賞金:590,240,150,89,59万円",15,590.0,14,2,3,アンセートゥモダン,牝,3,55.0,松岡,74.7,2,15,249.3,39.5,9-10,美浦 杉浦,410,-8,
202606030601,2026-04-12,中山,1,3歳未勝利,ダ,1200,右,晴,稍,"3回 中山 6日目 サラ系３歳 未勝利       [指] 馬齢 15頭 本賞金:590,240,150,89,59万円",15,590.0,15,7,13,ダイメイミラクル,牡,3,57.0,酒井,74.8,クビ,5,22.0,40.0,5-9,栗東 本田,518,0,
202606030602,2026-04-12,中山,2,3歳未勝利,ダ,1800,右,晴,稍,"3回 中山 6日目 サラ系３歳 未勝利       [指] 馬齢 15頭 本賞金:590,240,150,89,59万円",15,590.0,1,4,6,アルデキングダム,牡,3,57.0,横山典,115.0,,2,4.2,37.6,8-9-6-2,美浦 村田,474,10,
202606030602,2026-04-12,中山,2,3歳未勝利,ダ,1800,右,晴,稍,"3回 中山 6日目 サラ系３歳 未勝利       [指] 馬齢 15頭 本賞金:590,240,150,89,59万円",15,590.0,2,7,12,タロ,牡,3,54.0,▲田山,115.6,3.1/2,5,16.8,38.6,3-3-3-1,栗東 新谷,464,-6,
202606030602,2026-04-12,中山,2,3歳未勝利,ダ,1800,右,晴,稍,"3回 中山 6日目 サラ系３歳 未勝利       [指] 馬齢 15頭 本賞金:590,240,150,89,59万円",15,590.0,3,1,1,サクセスゴールド,牡,3,57.0,田辺,116.6,6,3,8.1,39.2,3-3-6-8,美浦 久保田,488,2,
202606030602,2026-04-12,中山,2,3歳未勝利,ダ,1800,右,晴,稍,"3回 中山 6日目 サラ系３歳 未勝利       [指] 馬齢 15頭 本賞金:590,240,150,89,59万円",15,590.0,4,2,2,ニシノモリミチ,牡,3,57.0,横山武,116.9,2,4,8.4,40.0,1-1-3-6,美浦 高木,480,-4,
202606030602,2026-04-12,中山,2,3歳未勝利,ダ,1800,右,晴,稍,"3回 中山 6日目 サラ系３歳 未勝利       [指] 馬齢 15頭 本賞金:590,240,150,89,59万円",15,590.0,5,8,15,ミッキーサウザンド,牡,3,57.0,横山和,117.0,1/2,1,1.7,40.3,8-8-1-3,美浦 萩原,490,-2,
202606030602,2026-04-12,中山,2,3歳未勝利,ダ,1800,右,晴,稍,"3回 中山 6日目 サラ系３歳 未勝利       [指] 馬齢 15頭 本賞金:590,240,150,89,59万円",15,590.0,6,3,4,オックスアイ,牡,3,57.0,横山琉,117.1,クビ,6,17.5,39.9,5-5-5-5,栗東 清水久,506,-2,
202606030602,2026-04-12,中山,2,3歳未勝利,ダ,1800,右,晴,稍,"3回 中山 6日目 サラ系３歳 未勝利       [指] 馬齢 15頭 本賞金:590,240,150,89,59万円",15,590.0,7,4,7,アイスアンドスノー,牡,3,57.0,三浦,117.4,2,7,17.8,40.6,2-2-2-3,美浦 古賀慎,514,10,
202606030602,2026-04-12,中山,2,3歳未勝利,ダ,1800,右,晴,稍,"3回 中山 6日目 サラ系３歳 未勝利       [指] 馬齢 15頭 本賞金:590,240,150,89,59万円",15,590.0,8,8,14,バル,牡,3,57.0,小崎,117.5,クビ,11,280.4,40.1,5-5-6-6,美浦 武市,510,-4,
202606030602,2026-04-12,中山,2,3歳未勝利,ダ,1800,右,晴,稍,"3回 中山 6日目 サラ系３歳 未勝利       [指] 馬齢 15頭 本賞金:590,240,150,89,59万円",15,590.0,9,5,9,ブルーフレア,牡,3,57.0,大野,117.9,2.1/2,8,76.8,40.3,7-7-9-9,美浦 辻,488,0,
202606030602,2026-04-12,中山,2,3歳未勝利,ダ,1800,右,晴,稍,"3回 中山 6日目 サラ系３歳 未勝利       [指] 馬齢 15頭 本賞金:590,240,150,89,59万円",15,590.0,10,5,8,キチロクゴール,牡,3,57.0,岩田康,118.3,2,13,345.4,40.2,11-12-10-10,美浦 松永康,494,-4,
202606030602,2026-04-12,中山,2,3歳未勝利,ダ,1800,右,晴,稍,"3回 中山 6日目 サラ系３歳 未勝利       [指] 馬齢 15頭 本賞金:590,240,150,89,59万円",15,590.0,11,3,5,ベルウッドバモス,牡,3,57.0,野中,118.3,アタマ,14,421.5,39.4,14-14-14-14,美浦 中舘,512,-8,
202606030602,2026-04-12,中山,2,3歳未勝利,ダ,1800,右,晴,稍,"3回 中山 6日目 サラ系３歳 未勝利       [指] 馬齢 15頭 本賞金:590,240,150,89,59万円",15,590.0,12,6,10,ウインルナロッサ,牡,3,55.0,△長浜,118.4,1/2,9,81.2,40.4,11-10-10-10,美浦 清水英,466,-4,
202606030602,2026-04-12,中山,2,3歳未勝利,ダ,1800,右,晴,稍,"3回 中山 6日目 サラ系３歳 未勝利       [指] 馬齢 15頭 本賞金:590,240,150,89,59万円",15,590.0,13,6,11,ニシノトマラナイ,セ,3,57.0,松岡,119.4,6,10,265.4,41.1,13-12-12-12,美浦 矢野,464,4,
202606030602,2026-04-12,中山,2,3歳未勝利,ダ,1800,右,晴,稍,"3回 中山 6日目 サラ系３歳 未勝利       [指] 馬齢 15頭 本賞金:590,240,150,89,59万円",15,590.0,14,2,3,スターキャンディ,牝,3,55.0,酒井,119.4,ハナ,12,316.0,40.9,10-10-13-12,美浦 松山,472,-6,
202606030602,2026-04-12,中山,2,3歳未勝利,ダ,1800,右,晴,稍,"3回 中山 6日目 サラ系３歳 未勝利       [指] 馬齢 15頭 本賞金:590,240,150,89,59万円",15,590.0,,7,13,マーゴットリック,牡,3,57.0,江田照,,,,,,,美浦 加藤士,490,-6,除外
202606030603,2026-04-12,中山,3,3歳未勝利,ダ,1200,右,晴,稍,"3回 中山 6日目 サラ系３歳 未勝利       (混)[指] 馬齢 14頭 本賞金:590,240,150,89,59万円",14,590.0,1,7,12,タイセイブルーム,牡,3,55.0,△長浜,72.1,,6,24.7,37.3,3-3,美浦 古賀慎,490,-2,
202606030603,2026-04-12,中山,3,3歳未勝利,ダ,1200,右,晴,稍,"3回 中山 6日目 サラ系３歳 未勝利       (混)[指] 馬齢 14頭 本賞金:590,240,150,89,59万円",14,590.0,2,8,14,エコロボルト,セ,3,57.0,横山武,72.3,1.1/4,2,4.0,37.8,1-1,栗東 森秀,492,-4,
202606030603,2026-04-12,中山,3,3歳未勝利,ダ,1200,右,晴,稍,"3回 中山 6日目 サラ系３歳 未勝利       (混)[指] 馬齢 14頭 本賞金:590,240,150,89,59万円",14,590.0,3,4,5,トラスティア,牝,3,55.0,横山典,73.0,4,1,3.7,38.2,3-5,美浦 菊沢,448,-4,
202606030603,2026-04-12,中山,3,3歳未勝利,ダ,1200,右,晴,稍,"3回 中山 6日目 サラ系３歳 未勝利       (混)[指] 馬齢 14頭 本賞金:590,240,150,89,59万円",14,590.0,4,1,1,ロジザボード,牝,3,55.0,岩田康,73.1,3/4,7,29.5,38.0,6-7,美浦 古賀慎,488,0,
202606030603,2026-04-12,中山,3,3歳未勝利,ダ,1200,右,晴,稍,"3回 中山 6日目 サラ系３歳 未勝利       (混)[指] 馬齢 14頭 本賞金:590,240,150,89,59万円",14,590.0,5,5,7,バンダムソレール,牡,3,54.0,▲田山,73.3,1.1/4,4,5.1,38.3,6-5,栗東 小栗,466,-2,
202606030603,2026-04-12,中山,3,3歳未勝利,ダ,1200,右,晴,稍,"3回 中山 6日目 サラ系３歳 未勝利       (混)[指] 馬齢 14頭 本賞金:590,240,150,89,59万円",14,590.0,6,8,13,グラスリッキー,牡,3,57.0,松岡,73.5,1.1/4,3,4.8,38.9,2-2,美浦 杉浦,472,2,
202606030603,2026-04-12,中山,3,3歳未勝利,ダ,1200,右,晴,稍,"3回 中山 6日目 サラ系３歳 未勝利       (混)[指] 馬齢 14頭 本賞金:590,240,150,89,59万円",14,590.0,7,3,3,マッシブショット,セ,3,57.0,江田照,73.7,3/4,8,30.1,37.9,13-13,美浦 武藤,456,-6,
202606030603,2026-04-12,中山,3,3歳未勝利,ダ,1200,右,晴,稍,"3回 中山 6日目 サラ系３歳 未勝利       (混)[指] 馬齢 14頭 本賞金:590,240,150,89,59万円",14,590.0,8,4,6,アイビーキラリ,牝,3,55.0,柴田大,73.8,1/2,13,223.4,38.4,10-8,美浦 青木,412,-10,
202606030603,2026-04-12,中山,3,3歳未勝利,ダ,1200,右,晴,稍,"3回 中山 6日目 サラ系３歳 未勝利       (混)[指] 馬齢 14頭 本賞金:590,240,150,89,59万円",14,590.0,9,2,2,ダイバーシティ,牡,3,57.0,伊藤,73.9,3/4,12,166.2,38.5,10-8,美浦 金成,584,0,
202606030603,2026-04-12,中山,3,3歳未勝利,ダ,1200,右,晴,稍,"3回 中山 6日目 サラ系３歳 未勝利       (混)[指] 馬齢 14頭 本賞金:590,240,150,89,59万円",14,590.0,10,7,11,モロノラピド,牡,3,54.0,▲大久保,74.0,3/4,11,104.7,38.8,8-8,美浦 田中勝,478,0,
202606030603,2026-04-12,中山,3,3歳未勝利,ダ,1200,右,晴,稍,"3回 中山 6日目 サラ系３歳 未勝利       (混)[指] 馬齢 14頭 本賞金:590,240,150,89,59万円",14,590.0,11,3,4,マリノステアハート,牝,3,55.0,木幡巧,74.4,2,9,95.8,39.6,3-3,美浦 牧,464,2,
202606030603,2026-04-12,中山,3,3歳未勝利,ダ,1200,右,晴,稍,"3回 中山 6日目 サラ系３歳 未勝利       (混)[指] 馬齢 14頭 本賞金:590,240,150,89,59万円",14,590.0,12,6,9,ジュンサク,牝,3,55.0,佐々木,74.5,1/2,10,97.0,39.1,10-11,美浦 伊坂,450,2,
202606030603,2026-04-12,中山,3,3歳未勝利,ダ,1200,右,晴,稍,"3回 中山 6日目 サラ系３歳 未勝利       (混)[指] 馬齢 14頭 本賞金:590,240,150,89,59万円",14,590.0,13,5,8,アーデントアイ,牡,3,57.0,ディー,74.8,1.3/4,5,5.3,39.6,8-11,栗東 高柳大,462,18,
202606030603,2026-04-12,中山,3,3歳未勝利,ダ,1200,右,晴,稍,"3回 中山 6日目 サラ系３歳 未勝利       (混)[指] 馬齢 14頭 本賞金:590,240,150,89,59万円",14,590.0,14,6,10,ヤスエフジン,牝,3,55.0,木幡初,75.5,4,14,235.6,39.6,14-14,美浦 深山,454,0,
202606030604,2026-04-12,中山,4,4歳以上障害未勝利,障,2880,,晴,良,"3回 中山 6日目 障害４歳以上 未勝利       (混) 定量 14頭 本賞金:840,340,210,130,84万円",14,840.0,1,6,10,マオノアラシ,牡,6,60.0,上野,196.2,,5,10.4,13.6,2-2-2-2,美浦 加藤士,494,-2,
202606030604,2026-04-12,中山,4,4歳以上障害未勝利,障,2880,,晴,良,"3回 中山 6日目 障害４歳以上 未勝利       (混) 定量 14頭 本賞金:840,340,210,130,84万円",14,840.0,2,4,5,グランナヴィール,牡,5,60.0,難波,196.8,3.1/2,7,37.6,13.7,10-10-7-4,美浦 堀内,540,-6,
202606030604,2026-04-12,中山,4,4歳以上障害未勝利,障,2880,,晴,良,"3回 中山 6日目 障害４歳以上 未勝利       (混) 定量 14頭 本賞金:840,340,210,130,84万円",14,840.0,3,7,11,コスモアミマネラ,牡,5,60.0,石神深,196.9,1/2,2,4.5,13.7,1-1-1-1,美浦 柄崎,494,-2,
202606030604,2026-04-12,中山,4,4歳以上障害未勝利,障,2880,,晴,良,"3回 中山 6日目 障害４歳以上 未勝利       (混) 定量 14頭 本賞金:840,340,210,130,84万円",14,840.0,4,6,9,ブラックバラード,セ,5,60.0,伴,197.1,1.1/4,4,8.8,13.7,7-4-4-4,美浦 嘉藤,460,6,
202606030604,2026-04-12,中山,4,4歳以上障害未勝利,障,2880,,晴,良,"3回 中山 6日目 障害４歳以上 未勝利       (混) 定量 14頭 本賞金:840,340,210,130,84万円",14,840.0,5,5,8,カイコウ,セ,5,60.0,五十嵐,197.3,1.1/4,3,7.3,13.7,3-2-3-2,美浦 田島,472,2,
202606030604,2026-04-12,中山,4,4歳以上障害未勝利,障,2880,,晴,良,"3回 中山 6日目 障害４歳以上 未勝利       (混) 定量 14頭 本賞金:840,340,210,130,84万円",14,840.0,6,1,1,ストラクチャー,セ,5,57.0,▲水沼,198.1,5,9,54.3,13.8,11-11-9-8,美浦 和田郎,462,16,
202606030604,2026-04-12,中山,4,4歳以上障害未勝利,障,2880,,晴,良,"3回 中山 6日目 障害４歳以上 未勝利       (混) 定量 14頭 本賞金:840,340,210,130,84万円",14,840.0,7,3,4,バラジ,セ,7,60.0,小牧加,198.2,クビ,1,1.8,13.8,3-4-5-8,栗東 井上,502,-4,
202606030604,2026-04-12,中山,4,4歳以上障害未勝利,障,2880,,晴,良,"3回 中山 6日目 障害４歳以上 未勝利       (混) 定量 14頭 本賞金:840,340,210,130,84万円",14,840.0,8,8,13,ソルトチューダ,牡,4,59.0,小野寺,198.4,1.1/4,12,173.5,13.8,7-8-7-6,栗東 荒川,496,0,
202606030604,2026-04-12,中山,4,4歳以上障害未勝利,障,2880,,晴,良,"3回 中山 6日目 障害４歳以上 未勝利       (混) 定量 14頭 本賞金:840,340,210,130,84万円",14,840.0,9,8,14,カルマンフィルター,牡,5,60.0,草野,199.5,7,6,18.0,13.9,5-4-5-6,美浦 戸田,492,-4,
202606030604,2026-04-12,中山,4,4歳以上障害未勝利,障,2880,,晴,良,"3回 中山 6日目 障害４歳以上 未勝利       (混) 定量 14頭 本賞金:840,340,210,130,84万円",14,840.0,10,5,7,ブライトマン,セ,5,60.0,大江圭,199.5,ハナ,8,44.7,13.9,7-8-10-10,美浦 蛯名正,482,2,
202606030604,2026-04-12,中山,4,4歳以上障害未勝利,障,2880,,晴,良,"3回 中山 6日目 障害４歳以上 未勝利       (混) 定量 14頭 本賞金:840,340,210,130,84万円",14,840.0,11,2,2,チャイボーグ,牝,6,57.0,▲土田,200.9,8,13,225.7,14.0,14-13-12-12,美浦 的場,496,0,
202606030604,2026-04-12,中山,4,4歳以上障害未勝利,障,2880,,晴,良,"3回 中山 6日目 障害４歳以上 未勝利       (混) 定量 14頭 本賞金:840,340,210,130,84万円",14,840.0,12,7,12,サトミノマロン,牡,7,60.0,金子,200.9,ハナ,11,137.0,14.0,13-13-12-13,美浦 鈴木伸,532,20,
202606030604,2026-04-12,中山,4,4歳以上障害未勝利,障,2880,,晴,良,"3回 中山 6日目 障害４歳以上 未勝利       (混) 定量 14頭 本賞金:840,340,210,130,84万円",14,840.0,13,4,6,ヒノタマボーイ,牡,6,60.0,江田勇,202.7,大,14,313.1,14.1,6-4-10-11,美浦 和田雄,464,-2,
202606030604,2026-04-12,中山,4,4歳以上障害未勝利,障,2880,,晴,良,"3回 中山 6日目 障害４歳以上 未勝利       (混) 定量 14頭 本賞金:840,340,210,130,84万円",14,840.0,14,3,3,テンカオーライ,牡,6,60.0,中村,204.2,9,10,136.1,14.2,12-12-14-14,栗東 松下,502,-8,
202606030605,2026-04-12,中山,5,3歳未勝利,芝,2200,右,晴,良,"3回 中山 6日目 サラ系３歳 未勝利       (混)[指] 馬齢 18頭 本賞金:590,240,150,89,59万円",18,590.0,1,4,8,ティラーノ,牡,3,57.0,佐々木,134.1,,7,16.5,34.8,8-7-8-6,美浦 小手川,462,0,
202606030605,2026-04-12,中山,5,3歳未勝利,芝,2200,右,晴,良,"3回 中山 6日目 サラ系３歳 未勝利       (混)[指] 馬齢 18頭 本賞金:590,240,150,89,59万円",18,590.0,2,2,3,ビップヴォルフ,牡,3,57.0,ディー,134.1,ハナ,2,4.3,34.6,8-7-11-10,栗東 小椋,440,0,
202606030605,2026-04-12,中山,5,3歳未勝利,芝,2200,右,晴,良,"3回 中山 6日目 サラ系３歳 未勝利       (混)[指] 馬齢 18頭 本賞金:590,240,150,89,59万円",18,590.0,3,7,15,ディアアズール,牝,3,55.0,大野,134.1,アタマ,10,18.8,34.8,4-6-8-6,美浦 森一,422,6,
202606030605,2026-04-12,中山,5,3歳未勝利,芝,2200,右,晴,良,"3回 中山 6日目 サラ系３歳 未勝利       (混)[指] 馬齢 18頭 本賞金:590,240,150,89,59万円",18,590.0,4,6,11,フキョウワオン,牡,3,57.0,三浦,134.2,クビ,3,12.4,35.3,15-15-3-3,美浦 勢司,462,-8,
202606030605,2026-04-12,中山,5,3歳未勝利,芝,2200,右,晴,良,"3回 中山 6日目 サラ系３歳 未勝利       (混)[指] 馬齢 18頭 本賞金:590,240,150,89,59万円",18,590.0,5,7,13,ハリウッドグラム,牡,3,57.0,岩田康,134.3,3/4,9,17.8,35.6,13-13-1-1,美浦 林,522,-8,
202606030605,2026-04-12,中山,5,3歳未勝利,芝,2200,右,晴,良,"3回 中山 6日目 サラ系３歳 未勝利       (混)[指] 馬齢 18頭 本賞金:590,240,150,89,59万円",18,590.0,6,1,1,フォンドルレール,牡,3,57.0,吉田豊,134.8,3,8,17.3,35.1,13-13-15-10,美浦 戸田,424,-4,
202606030605,2026-04-12,中山,5,3歳未勝利,芝,2200,右,晴,良,"3回 中山 6日目 サラ系３歳 未勝利       (混)[指] 馬齢 18頭 本賞金:590,240,150,89,59万円",18,590.0,7,1,2,デルマタカチホ,牡,3,54.0,▲大久保,134.8,1/2,13,114.0,35.0,10-10-15-14,栗東 田中克,478,4,
202606030605,2026-04-12,中山,5,3歳未勝利,芝,2200,右,晴,良,"3回 中山 6日目 サラ系３歳 未勝利       (混)[指] 馬齢 18頭 本賞金:590,240,150,89,59万円",18,590.0,8,3,5,ミサダメキメル,牡,3,57.0,江田照,135.0,3/4,6,15.3,35.5,15-15-11-12,美浦 高橋文,448,-8,
202606030605,2026-04-12,中山,5,3歳未勝利,芝,2200,右,晴,良,"3回 中山 6日目 サラ系３歳 未勝利       (混)[指] 馬齢 18頭 本賞金:590,240,150,89,59万円",18,590.0,9,5,10,レッドリアライズ,牡,3,57.0,横山和,135.5,3,4,14.1,35.0,18-18-18-17,美浦 黒岩,406,-6,
202606030605,2026-04-12,中山,5,3歳未勝利,芝,2200,右,晴,良,"3回 中山 6日目 サラ系３歳 未勝利       (混)[指] 馬齢 18頭 本賞金:590,240,150,89,59万円",18,590.0,10,2,4,ノーブルジャッカル,セ,3,57.0,横山琉,135.6,3/4,14,140.1,36.0,10-10-13-14,美浦 武藤,466,-4,
202606030605,2026-04-12,中山,5,3歳未勝利,芝,2200,右,晴,良,"3回 中山 6日目 サラ系３歳 未勝利       (混)[指] 馬齢 18頭 本賞金:590,240,150,89,59万円",18,590.0,11,8,18,ラスターヴァース,牝,3,55.0,木幡巧,135.8,1.1/2,12,56.2,36.7,7-7-5-6,美浦 牧,472,2,
202606030605,2026-04-12,中山,5,3歳未勝利,芝,2200,右,晴,良,"3回 中山 6日目 サラ系３歳 未勝利       (混)[指] 馬齢 18頭 本賞金:590,240,150,89,59万円",18,590.0,12,8,16,パーフェクトスノー,牝,3,53.0,△長浜,135.9,1/2,17,238.9,36.7,5-4-5-6,美浦 田村,418,-2,
202606030605,2026-04-12,中山,5,3歳未勝利,芝,2200,右,晴,良,"3回 中山 6日目 サラ系３歳 未勝利       (混)[指] 馬齢 18頭 本賞金:590,240,150,89,59万円",18,590.0,13,3,6,ネオアンボウ,牡,3,54.0,▲水沼,136.1,1,15,167.3,37.4,1-1-2-2,美浦 松尾,538,-2,
202606030605,2026-04-12,中山,5,3歳未勝利,芝,2200,右,晴,良,"3回 中山 6日目 サラ系３歳 未勝利       (混)[指] 馬齢 18頭 本賞金:590,240,150,89,59万円",18,590.0,14,6,12,イノリ,牝,3,52.0,▲田山,136.2,1/2,16,175.7,37.3,2-2-3-4,栗東 高橋康,408,-2,
202606030605,2026-04-12,中山,5,3歳未勝利,芝,2200,右,晴,良,"3回 中山 6日目 サラ系３歳 未勝利       (混)[指] 馬齢 18頭 本賞金:590,240,150,89,59万円",18,590.0,15,7,14,アメリカンジゴロ,牡,3,57.0,横山武,136.4,1.1/4,1,2.3,36.8,10-10-13-14,栗東 斉藤崇,490,-4,
202606030605,2026-04-12,中山,5,3歳未勝利,芝,2200,右,晴,良,"3回 中山 6日目 サラ系３歳 未勝利       (混)[指] 馬齢 18頭 本賞金:590,240,150,89,59万円",18,590.0,16,8,17,ダーリンダーリン,牝,3,55.0,田辺,136.4,クビ,5,14.1,37.3,2-2-5-5,栗東 秋山,448,-6,
202606030605,2026-04-12,中山,5,3歳未勝利,芝,2200,右,晴,良,"3回 中山 6日目 サラ系３歳 未勝利       (混)[指] 馬齢 18頭 本賞金:590,240,150,89,59万円",18,590.0,17,4,7,マランドロ,牡,3,57.0,酒井,136.5,クビ,18,399.1,36.2,17-17-17-17,美浦 奥平,456,-6,
202606030605,2026-04-12,中山,5,3歳未勝利,芝,2200,右,晴,良,"3回 中山 6日目 サラ系３歳 未勝利       (混)[指] 馬齢 18頭 本賞金:590,240,150,89,59万円",18,590.0,18,5,9,ハチマン,牡,3,57.0,横山典,137.9,9,11,47.1,38.6,5-4-8-12,美浦 柄崎,482,10,
202606030606,2026-04-12,中山,6,3歳1勝クラス,ダ,1800,右,晴,良,"3回 中山 6日目 サラ系３歳 １勝クラス       (特指) 馬齢 11頭 本賞金:820,330,210,120,82万円",11,820.0,1,5,5,ストロングエース,牡,3,57.0,秋山稔,113.0,,5,14.6,38.4,11-11-8-8,美浦 相沢,470,-6,
202606030606,2026-04-12,中山,6,3歳1勝クラス,ダ,1800,右,晴,良,"3回 中山 6日目 サラ系３歳 １勝クラス       (特指) 馬齢 11頭 本賞金:820,330,210,120,82万円",11,820.0,2,6,6,システマソラー,牡,3,57.0,佐々木,113.1,1/2,4,5.5,38.7,5-5-4-3,栗東 橋田,508,-8,
202606030606,2026-04-12,中山,6,3歳1勝クラス,ダ,1800,右,晴,良,"3回 中山 6日目 サラ系３歳 １勝クラス       (特指) 馬齢 11頭 本賞金:820,330,210,120,82万円",11,820.0,3,7,9,ゴールドブレイズ,牡,3,55.0,△長浜,113.2,1/2,6,15.2,38.8,3-3-4-3,美浦 浅利,432,-2,
202606030606,2026-04-12,中山,6,3歳1勝クラス,ダ,1800,右,晴,良,"3回 中山 6日目 サラ系３歳 １勝クラス       (特指) 馬齢 11頭 本賞金:820,330,210,120,82万円",11,820.0,4,6,7,プレイメイカー,牝,3,55.0,横山和,113.5,1.3/4,3,4.6,39.4,1-1-1-1,美浦 栗田,450,-6,
202606030606,2026-04-12,中山,6,3歳1勝クラス,ダ,1800,右,晴,良,"3回 中山 6日目 サラ系３歳 １勝クラス       (特指) 馬齢 11頭 本賞金:820,330,210,120,82万円",11,820.0,5,1,1,タイセツナヒ,牡,3,54.0,▲田山,113.7,1.1/4,11,44.8,39.1,8-8-8-8,美浦 杉浦,472,-4,
202606030606,2026-04-12,中山,6,3歳1勝クラス,ダ,1800,右,晴,良,"3回 中山 6日目 サラ系３歳 １勝クラス       (特指) 馬齢 11頭 本賞金:820,330,210,120,82万円",11,820.0,6,4,4,ランニングビーチ,牡,3,57.0,木幡巧,114.1,2.1/2,7,16.0,39.4,10-10-8-8,美浦 牧,468,0,
202606030606,2026-04-12,中山,6,3歳1勝クラス,ダ,1800,右,晴,良,"3回 中山 6日目 サラ系３歳 １勝クラス       (特指) 馬齢 11頭 本賞金:820,330,210,120,82万円",11,820.0,7,8,10,エコロガノン,牡,3,57.0,大野,114.1,ハナ,9,17.9,39.9,3-3-3-3,美浦 矢野,452,4,
202606030606,2026-04-12,中山,6,3歳1勝クラス,ダ,1800,右,晴,良,"3回 中山 6日目 サラ系３歳 １勝クラス       (特指) 馬齢 11頭 本賞金:820,330,210,120,82万円",11,820.0,8,3,3,マイネルミストラル,牡,3,57.0,ディー,114.2,クビ,2,4.5,39.8,5-5-4-7,美浦 萱野,524,18,
202606030606,2026-04-12,中山,6,3歳1勝クラス,ダ,1800,右,晴,良,"3回 中山 6日目 サラ系３歳 １勝クラス       (特指) 馬齢 11頭 本賞金:820,330,210,120,82万円",11,820.0,9,2,2,ベルウッドピース,牡,3,57.0,田辺,114.4,1.1/4,10,22.4,39.9,7-7-7-3,美浦 中舘,516,-6,
202606030606,2026-04-12,中山,6,3歳1勝クラス,ダ,1800,右,晴,良,"3回 中山 6日目 サラ系３歳 １勝クラス       (特指) 馬齢 11頭 本賞金:820,330,210,120,82万円",11,820.0,10,7,8,サイモフェーン,牡,3,57.0,横山武,115.1,4,1,3.8,40.4,8-8-8-11,美浦 高木,484,-2,
202606030606,2026-04-12,中山,6,3歳1勝クラス,ダ,1800,右,晴,良,"3回 中山 6日目 サラ系３歳 １勝クラス       (特指) 馬齢 11頭 本賞金:820,330,210,120,82万円",11,820.0,11,8,11,テルケンレンスキー,牡,3,57.0,木幡初,115.9,5,8,17.3,41.8,2-2-2-2,美浦 竹内,478,-6,
202606030607,2026-04-12,中山,7,4歳以上1勝クラス,芝,1600,右,晴,良,"3回 中山 6日目 サラ系４歳以上 １勝クラス       (混)[指] 定量 15頭 本賞金:820,330,210,120,82万円",15,820.0,1,5,8,ブラックジェダイト,牡,4,58.0,佐々木,92.8,,1,1.5,34.5,2-4-4,美浦 大竹,470,4,
202606030607,2026-04-12,中山,7,4歳以上1勝クラス,芝,1600,右,晴,良,"3回 中山 6日目 サラ系４歳以上 １勝クラス       (混)[指] 定量 15頭 本賞金:820,330,210,120,82万円",15,820.0,2,5,9,ゴールドシーン,セ,6,58.0,大野,93.1,1.3/4,2,6.1,34.5,8-7-6,美浦 林,458,-4,
202606030607,2026-04-12,中山,7,4歳以上1勝クラス,芝,1600,右,晴,良,"3回 中山 6日目 サラ系４歳以上 １勝クラス       (混)[指] 定量 15頭 本賞金:820,330,210,120,82万円",15,820.0,3,3,5,ルナルーチェット,牝,4,53.0,▲田山,93.1,クビ,10,37.5,34.2,12-10-11,美浦 松尾,424,-2,
202606030607,2026-04-12,中山,7,4歳以上1勝クラス,芝,1600,右,晴,良,"3回 中山 6日目 サラ系４歳以上 １勝クラス       (混)[指] 定量 15頭 本賞金:820,330,210,120,82万円",15,820.0,4,7,13,アトリウムチャペル,牝,5,56.0,横山典,93.2,1/2,12,74.6,34.0,15-13-13,美浦 浅利,432,0,
202606030607,2026-04-12,中山,7,4歳以上1勝クラス,芝,1600,右,晴,良,"3回 中山 6日目 サラ系４歳以上 １勝クラス       (混)[指] 定量 15頭 本賞金:820,330,210,120,82万円",15,820.0,5,1,1,ガラク,牝,4,56.0,田辺,93.2,アタマ,3,6.9,35.2,1-1-1,美浦 伊坂,440,4,
202606030607,2026-04-12,中山,7,4歳以上1勝クラス,芝,1600,右,晴,良,"3回 中山 6日目 サラ系４歳以上 １勝クラス       (混)[指] 定量 15頭 本賞金:820,330,210,120,82万円",15,820.0,6,4,6,ポッドロルフ,牡,4,55.0,▲大久保,93.3,3/4,8,32.5,35.0,2-4-4,美浦 小野,466,0,
202606030607,2026-04-12,中山,7,4歳以上1勝クラス,芝,1600,右,晴,良,"3回 中山 6日目 サラ系４歳以上 １勝クラス       (混)[指] 定量 15頭 本賞金:820,330,210,120,82万円",15,820.0,7,8,14,コンヴァージョン,牡,4,58.0,吉田豊,93.4,3/4,14,128.5,34.7,8-7-8,美浦 上原博,446,-10,
202606030607,2026-04-12,中山,7,4歳以上1勝クラス,芝,1600,右,晴,良,"3回 中山 6日目 サラ系４歳以上 １勝クラス       (混)[指] 定量 15頭 本賞金:820,330,210,120,82万円",15,820.0,8,6,10,ユーティジャーニー,牝,4,54.0,△長浜,93.4,ハナ,6,24.8,34.6,10-10-8,美浦 矢嶋,430,6,
202606030607,2026-04-12,中山,7,4歳以上1勝クラス,芝,1600,右,晴,良,"3回 中山 6日目 サラ系４歳以上 １勝クラス       (混)[指] 定量 15頭 本賞金:820,330,210,120,82万円",15,820.0,9,2,3,ドルビナ,牡,4,58.0,酒井,93.4,ハナ,11,53.3,34.0,14-15-15,美浦 杉浦,460,0,
202606030607,2026-04-12,中山,7,4歳以上1勝クラス,芝,1600,右,晴,良,"3回 中山 6日目 サラ系４歳以上 １勝クラス       (混)[指] 定量 15頭 本賞金:820,330,210,120,82万円",15,820.0,10,7,12,ゴーゴータカシ,セ,4,58.0,岩田康,93.5,クビ,5,24.0,34.6,12-10-11,美浦 武井,486,2,
202606030607,2026-04-12,中山,7,4歳以上1勝クラス,芝,1600,右,晴,良,"3回 中山 6日目 サラ系４歳以上 １勝クラス       (混)[指] 定量 15頭 本賞金:820,330,210,120,82万円",15,820.0,11,4,7,ライングッドマン,牡,5,58.0,江田照,93.7,1.1/4,15,183.9,35.5,2-3-2,美浦 武藤,460,-15,
202606030607,2026-04-12,中山,7,4歳以上1勝クラス,芝,1600,右,晴,良,"3回 中山 6日目 サラ系４歳以上 １勝クラス       (混)[指] 定量 15頭 本賞金:820,330,210,120,82万円",15,820.0,12,8,15,メイリー,牝,4,56.0,横山和,93.9,1.1/4,7,28.8,35.3,7-7-8,美浦 鈴木慎,450,0,
202606030607,2026-04-12,中山,7,4歳以上1勝クラス,芝,1600,右,晴,良,"3回 中山 6日目 サラ系４歳以上 １勝クラス       (混)[指] 定量 15頭 本賞金:820,330,210,120,82万円",15,820.0,13,3,4,イージーブリージー,牝,5,56.0,木幡巧,93.9,クビ,4,15.6,35.8,2-2-2,美浦 伊坂,450,10,
202606030607,2026-04-12,中山,7,4歳以上1勝クラス,芝,1600,右,晴,良,"3回 中山 6日目 サラ系４歳以上 １勝クラス       (混)[指] 定量 15頭 本賞金:820,330,210,120,82万円",15,820.0,14,2,2,アッシュバーグ,牝,5,56.0,横山琉,94.0,1/2,13,128.0,34.8,11-13-13,美浦 斎藤誠,520,-6,
202606030607,2026-04-12,中山,7,4歳以上1勝クラス,芝,1600,右,晴,良,"3回 中山 6日目 サラ系４歳以上 １勝クラス       (混)[指] 定量 15頭 本賞金:820,330,210,120,82万円",15,820.0,15,6,11,トレヴィ,牝,4,56.0,ディー,94.7,4,9,35.1,36.3,2-6-6,美浦 木村,448,2,
202606030608,2026-04-12,中山,8,4歳以上2勝クラス,芝,1800,右,晴,良,"3回 中山 6日目 サラ系４歳以上 ２勝クラス       (混)(特指) 定量 10頭 本賞金:1190,480,300,180,119万円",10,1190.0,1,8,10,ソルトブリーズ,牡,5,58.0,横山琉,107.4,,5,6.1,33.7,4-5-5-4,美浦 田中剛,462,-2,
202606030608,2026-04-12,中山,8,4歳以上2勝クラス,芝,1800,右,晴,良,"3回 中山 6日目 サラ系４歳以上 ２勝クラス       (混)(特指) 定量 10頭 本賞金:1190,480,300,180,119万円",10,1190.0,2,4,4,ヤマニンガラッシア,牡,9,58.0,木幡巧,107.5,1,9,38.6,34.3,1-1-1-1,美浦 辻,450,2,
202606030608,2026-04-12,中山,8,4歳以上2勝クラス,芝,1800,右,晴,良,"3回 中山 6日目 サラ系４歳以上 ２勝クラス       (混)(特指) 定量 10頭 本賞金:1190,480,300,180,119万円",10,1190.0,3,1,1,ウインシャーガス,牝,4,56.0,三浦,107.6,1/2,2,3.7,34.0,4-4-4-4,栗東 杉山晴,472,-2,
202606030608,2026-04-12,中山,8,4歳以上2勝クラス,芝,1800,右,晴,良,"3回 中山 6日目 サラ系４歳以上 ２勝クラス       (混)(特指) 定量 10頭 本賞金:1190,480,300,180,119万円",10,1190.0,4,5,5,ミーントゥビー,牝,4,56.0,大野,107.7,1/2,4,5.9,33.6,8-8-8-6,美浦 堀内,440,-2,
202606030608,2026-04-12,中山,8,4歳以上2勝クラス,芝,1800,右,晴,良,"3回 中山 6日目 サラ系４歳以上 ２勝クラス       (混)(特指) 定量 10頭 本賞金:1190,480,300,180,119万円",10,1190.0,5,8,9,クラッシファイド,牡,5,58.0,横山武,107.7,アタマ,1,3.3,34.2,2-2-2-2,美浦 黒岩,482,0,
202606030608,2026-04-12,中山,8,4歳以上2勝クラス,芝,1800,右,晴,良,"3回 中山 6日目 サラ系４歳以上 ２勝クラス       (混)(特指) 定量 10頭 本賞金:1190,480,300,180,119万円",10,1190.0,6,7,7,グランカンタンテ,牝,5,54.0,△長浜,107.8,クビ,8,30.3,34.3,2-2-2-2,美浦 鹿戸,442,-4,
202606030608,2026-04-12,中山,8,4歳以上2勝クラス,芝,1800,右,晴,良,"3回 中山 6日目 サラ系４歳以上 ２勝クラス       (混)(特指) 定量 10頭 本賞金:1190,480,300,180,119万円",10,1190.0,7,7,8,ロードマンハイム,セ,6,58.0,岩田康,107.9,1/2,6,16.3,34.0,7-7-7-6,栗東 友道,518,0,
202606030608,2026-04-12,中山,8,4歳以上2勝クラス,芝,1800,右,晴,良,"3回 中山 6日目 サラ系４歳以上 ２勝クラス       (混)(特指) 定量 10頭 本賞金:1190,480,300,180,119万円",10,1190.0,8,6,6,マイネルフーガ,牡,4,58.0,ディー,108.4,3,3,5.8,34.3,8-8-8-9,美浦 鈴木慎,486,2,
202606030608,2026-04-12,中山,8,4歳以上2勝クラス,芝,1800,右,晴,良,"3回 中山 6日目 サラ系４歳以上 ２勝クラス       (混)(特指) 定量 10頭 本賞金:1190,480,300,180,119万円",10,1190.0,9,2,2,コスモアバンサ,牡,6,58.0,佐々木,108.6,1.1/4,7,17.3,34.5,10-10-8-9,美浦 清水英,492,-4,
202606030608,2026-04-12,中山,8,4歳以上2勝クラス,芝,1800,右,晴,良,"3回 中山 6日目 サラ系４歳以上 ２勝クラス       (混)(特指) 定量 10頭 本賞金:1190,480,300,180,119万円",10,1190.0,10,3,3,クインズスピカ,牝,5,53.0,▲田山,108.9,1.3/4,10,146.8,35.2,4-5-5-6,美浦 村田,484,-8,
202606030609,2026-04-12,中山,9,印西特別,ダ,2400,右,晴,良,"3回 中山 6日目 サラ系４歳以上 ２勝クラス       (混)[指] ハンデ 12頭 本賞金:1580,630,400,240,158万円",12,1580.0,1,8,12,インジケーター,牡,5,53.0,田山,154.3,,7,21.8,37.7,1-1-1-1,栗東 高橋康,498,-8,
202606030609,2026-04-12,中山,9,印西特別,ダ,2400,右,晴,良,"3回 中山 6日目 サラ系４歳以上 ２勝クラス       (混)[指] ハンデ 12頭 本賞金:1580,630,400,240,158万円",12,1580.0,2,6,7,オオタチ,牡,4,57.0,佐々木,154.5,3/4,2,3.3,37.1,9-9-7-5,美浦 久保田,462,-10,
202606030609,2026-04-12,中山,9,印西特別,ダ,2400,右,晴,良,"3回 中山 6日目 サラ系４歳以上 ２勝クラス       (混)[指] ハンデ 12頭 本賞金:1580,630,400,240,158万円",12,1580.0,3,5,5,イプシロンナンバー,牡,4,57.0,三浦,154.8,2,1,3.1,37.9,4-4-3-2,栗東 小崎,508,4,
202606030609,2026-04-12,中山,9,印西特別,ダ,2400,右,晴,良,"3回 中山 6日目 サラ系４歳以上 ２勝クラス       (混)[指] ハンデ 12頭 本賞金:1580,630,400,240,158万円",12,1580.0,4,6,8,ムジェロ,牡,6,57.0,ディー,155.1,1.1/2,3,5.0,38.4,2-2-2-2,栗東 藤原,516,-8,
202606030609,2026-04-12,中山,9,印西特別,ダ,2400,右,晴,良,"3回 中山 6日目 サラ系４歳以上 ２勝クラス       (混)[指] ハンデ 12頭 本賞金:1580,630,400,240,158万円",12,1580.0,5,2,2,コーリンカルベラ,牡,5,55.0,吉田豊,155.5,2.1/2,8,22.0,37.6,11-11-10-10,美浦 小野,488,-2,
202606030609,2026-04-12,中山,9,印西特別,ダ,2400,右,晴,良,"3回 中山 6日目 サラ系４歳以上 ２勝クラス       (混)[指] ハンデ 12頭 本賞金:1580,630,400,240,158万円",12,1580.0,6,8,11,キャストロププ,牡,4,56.0,田辺,155.6,1/2,5,13.7,38.7,2-3-3-4,美浦 尾形,504,8,
202606030609,2026-04-12,中山,9,印西特別,ダ,2400,右,晴,良,"3回 中山 6日目 サラ系４歳以上 ２勝クラス       (混)[指] ハンデ 12頭 本賞金:1580,630,400,240,158万円",12,1580.0,7,7,9,ルーラーリッチ,セ,6,54.0,横山琉,155.9,2,10,35.3,38.3,9-9-9-8,美浦 小島,500,-4,
202606030609,2026-04-12,中山,9,印西特別,ダ,2400,右,晴,良,"3回 中山 6日目 サラ系４歳以上 ２勝クラス       (混)[指] ハンデ 12頭 本賞金:1580,630,400,240,158万円",12,1580.0,8,7,10,ラファールドール,セ,5,56.0,木幡巧,156.0,クビ,6,19.9,38.7,6-6-7-8,美浦 田島,484,-16,
202606030609,2026-04-12,中山,9,印西特別,ダ,2400,右,晴,良,"3回 中山 6日目 サラ系４歳以上 ２勝クラス       (混)[指] ハンデ 12頭 本賞金:1580,630,400,240,158万円",12,1580.0,9,3,3,シゲルカミカゼ,牡,6,55.0,大野,156.4,2,9,29.5,39.2,6-6-6-7,美浦 松山,522,4,
202606030609,2026-04-12,中山,9,印西特別,ダ,2400,右,晴,良,"3回 中山 6日目 サラ系４歳以上 ２勝クラス       (混)[指] ハンデ 12頭 本賞金:1580,630,400,240,158万円",12,1580.0,10,4,4,ロンパイア,牡,4,53.0,酒井,156.4,クビ,11,68.6,39.3,8-8-5-5,美浦 尾関,494,-2,
202606030609,2026-04-12,中山,9,印西特別,ダ,2400,右,晴,良,"3回 中山 6日目 サラ系４歳以上 ２勝クラス       (混)[指] ハンデ 12頭 本賞金:1580,630,400,240,158万円",12,1580.0,11,1,1,オーシンハーフ,セ,5,56.0,横山和,157.0,3.1/2,4,7.1,39.0,4-4-11-11,栗東 高橋一,450,2,
202606030609,2026-04-12,中山,9,印西特別,ダ,2400,右,晴,良,"3回 中山 6日目 サラ系４歳以上 ２勝クラス       (混)[指] ハンデ 12頭 本賞金:1580,630,400,240,158万円",12,1580.0,12,5,6,アースイオス,牡,5,53.0,長浜,157.7,4,12,165.3,39.3,12-12-12-12,美浦 手塚徳,538,6,
202606030610,2026-04-12,中山,10,あけぼのS,芝,1600,右,晴,良,"3回 中山 6日目 サラ系４歳以上 ３勝クラス       (混)(特指) 定量 12頭 本賞金:1870,750,470,280,187万円",12,1870.0,1,6,7,ストレイトトーカー,牡,4,58.0,横山武,93.2,,5,8.0,34.1,1-1-1,美浦 岩戸,486,2,
202606030610,2026-04-12,中山,10,あけぼのS,芝,1600,右,晴,良,"3回 中山 6日目 サラ系４歳以上 ３勝クラス       (混)(特指) 定量 12頭 本賞金:1870,750,470,280,187万円",12,1870.0,2,5,5,チャンネルトンネル,牡,5,58.0,岩田康,93.4,1,4,7.9,33.6,10-9-9,栗東 福永,474,4,
202606030610,2026-04-12,中山,10,あけぼのS,芝,1600,右,晴,良,"3回 中山 6日目 サラ系４歳以上 ３勝クラス       (混)(特指) 定量 12頭 本賞金:1870,750,470,280,187万円",12,1870.0,3,5,6,インパクトシー,牡,4,58.0,横山琉,93.4,ハナ,1,2.4,33.5,11-11-10,美浦 大竹,538,4,
202606030610,2026-04-12,中山,10,あけぼのS,芝,1600,右,晴,良,"3回 中山 6日目 サラ系４歳以上 ３勝クラス       (混)(特指) 定量 12頭 本賞金:1870,750,470,280,187万円",12,1870.0,4,7,10,ボーモンド,牡,5,58.0,木幡巧,93.5,3/4,8,45.6,33.9,6-6-7,美浦 武井,482,-8,
202606030610,2026-04-12,中山,10,あけぼのS,芝,1600,右,晴,良,"3回 中山 6日目 サラ系４歳以上 ３勝クラス       (混)(特指) 定量 12頭 本賞金:1870,750,470,280,187万円",12,1870.0,5,3,3,マテンロウブラボー,牡,5,58.0,横山和,93.5,ハナ,3,6.0,34.2,2-3-5,栗東 野中,500,2,
202606030610,2026-04-12,中山,10,あけぼのS,芝,1600,右,晴,良,"3回 中山 6日目 サラ系４歳以上 ３勝クラス       (混)(特指) 定量 12頭 本賞金:1870,750,470,280,187万円",12,1870.0,6,7,9,ヒシアマン,牡,4,58.0,佐々木,93.6,3/4,2,3.3,34.3,2-3-3,美浦 堀,472,2,
202606030610,2026-04-12,中山,10,あけぼのS,芝,1600,右,晴,良,"3回 中山 6日目 サラ系４歳以上 ３勝クラス       (混)(特指) 定量 12頭 本賞金:1870,750,470,280,187万円",12,1870.0,7,1,1,グラニット,牡,6,58.0,江田照,93.8,3/4,9,78.9,34.5,2-3-3,美浦 大和田,484,10,
202606030610,2026-04-12,中山,10,あけぼのS,芝,1600,右,晴,良,"3回 中山 6日目 サラ系４歳以上 ３勝クラス       (混)(特指) 定量 12頭 本賞金:1870,750,470,280,187万円",12,1870.0,8,4,4,トーホウディアス,牡,8,58.0,酒井,93.9,1,11,145.9,34.1,6-9-10,栗東 谷,468,-8,
202606030610,2026-04-12,中山,10,あけぼのS,芝,1600,右,晴,良,"3回 中山 6日目 サラ系４歳以上 ３勝クラス       (混)(特指) 定量 12頭 本賞金:1870,750,470,280,187万円",12,1870.0,9,2,2,ブランデーロック,牡,7,58.0,長浜,93.9,ハナ,10,99.4,34.3,9-6-7,美浦 青木,488,2,
202606030610,2026-04-12,中山,10,あけぼのS,芝,1600,右,晴,良,"3回 中山 6日目 サラ系４歳以上 ３勝クラス       (混)(特指) 定量 12頭 本賞金:1870,750,470,280,187万円",12,1870.0,10,8,11,テウメッサ,牝,5,56.0,野中,93.9,ハナ,7,38.6,34.4,6-6-5,美浦 金成,482,-8,
202606030610,2026-04-12,中山,10,あけぼのS,芝,1600,右,晴,良,"3回 中山 6日目 サラ系４歳以上 ３勝クラス       (混)(特指) 定量 12頭 本賞金:1870,750,470,280,187万円",12,1870.0,11,6,8,ブルクトーア,牡,4,58.0,ディー,94.0,1/2,6,21.3,34.9,2-2-2,栗東 長谷川,498,0,
202606030610,2026-04-12,中山,10,あけぼのS,芝,1600,右,晴,良,"3回 中山 6日目 サラ系４歳以上 ３勝クラス       (混)(特指) 定量 12頭 本賞金:1870,750,470,280,187万円",12,1870.0,12,8,12,エスコバル,セ,8,58.0,柴田大,94.4,2.1/2,12,177.1,34.5,11-11-12,美浦 高橋文,514,-12,
202606030611,2026-04-12,中山,11,春雷S,芝,1200,右,晴,良,"3回 中山 6日目 サラ系４歳以上 オープン       (国際)(特指) ハンデ 16頭 本賞金:2700,1100,680,410,270万円",16,2700.0,1,5,9,クラスペディア,牡,4,57.0,小崎,67.6,,5,16.2,33.9,2-1,栗東 河嶋,532,18,
202606030611,2026-04-12,中山,11,春雷S,芝,1200,右,晴,良,"3回 中山 6日目 サラ系４歳以上 オープン       (国際)(特指) ハンデ 16頭 本賞金:2700,1100,680,410,270万円",16,2700.0,2,8,16,モズナナスター,牝,4,53.0,柴田大,67.6,クビ,14,74.0,33.0,12-14,栗東 矢作,460,2,
202606030611,2026-04-12,中山,11,春雷S,芝,1200,右,晴,良,"3回 中山 6日目 サラ系４歳以上 オープン       (国際)(特指) ハンデ 16頭 本賞金:2700,1100,680,410,270万円",16,2700.0,3,4,7,ウインモナーク,牡,7,55.0,三浦,67.7,1/2,9,22.5,33.4,9-9,美浦 奥平,498,-4,
202606030611,2026-04-12,中山,11,春雷S,芝,1200,右,晴,良,"3回 中山 6日目 サラ系４歳以上 オープン       (国際)(特指) ハンデ 16頭 本賞金:2700,1100,680,410,270万円",16,2700.0,4,4,8,デュガ,セ,7,57.0,江田照,67.7,ハナ,7,19.1,33.5,7-5,栗東 森秀,492,-4,
202606030611,2026-04-12,中山,11,春雷S,芝,1200,右,晴,良,"3回 中山 6日目 サラ系４歳以上 オープン       (国際)(特指) ハンデ 16頭 本賞金:2700,1100,680,410,270万円",16,2700.0,5,5,10,アスクワンタイム,牡,5,56.0,田辺,67.8,クビ,4,14.1,33.8,4-4,栗東 梅田,454,-8,
202606030611,2026-04-12,中山,11,春雷S,芝,1200,右,晴,良,"3回 中山 6日目 サラ系４歳以上 オープン       (国際)(特指) ハンデ 16頭 本賞金:2700,1100,680,410,270万円",16,2700.0,6,3,6,アクートゥス,セ,6,54.0,田山,67.8,ハナ,13,67.4,33.3,11-11,栗東 藤原,450,-6,
202606030611,2026-04-12,中山,11,春雷S,芝,1200,右,晴,良,"3回 中山 6日目 サラ系４歳以上 オープン       (国際)(特指) ハンデ 16頭 本賞金:2700,1100,680,410,270万円",16,2700.0,7,1,2,ソーダーンライト,牝,4,54.0,横山武,67.8,クビ,1,2.3,33.8,4-5,美浦 鹿戸,452,-6,
202606030611,2026-04-12,中山,11,春雷S,芝,1200,右,晴,良,"3回 中山 6日目 サラ系４歳以上 オープン       (国際)(特指) ハンデ 16頭 本賞金:2700,1100,680,410,270万円",16,2700.0,8,2,3,タマモブラックタイ,牡,6,57.0,酒井,67.9,1/2,6,18.8,33.6,9-9,栗東 角田,536,2,
202606030611,2026-04-12,中山,11,春雷S,芝,1200,右,晴,良,"3回 中山 6日目 サラ系４歳以上 オープン       (国際)(特指) ハンデ 16頭 本賞金:2700,1100,680,410,270万円",16,2700.0,9,1,1,カンティーユ,牡,8,57.0,横山和,68.0,1/2,8,19.2,34.3,1-2,美浦 嘉藤,496,-2,
202606030611,2026-04-12,中山,11,春雷S,芝,1200,右,晴,良,"3回 中山 6日目 サラ系４歳以上 オープン       (国際)(特指) ハンデ 16頭 本賞金:2700,1100,680,410,270万円",16,2700.0,10,2,4,ジョーメッドヴィン,牡,5,57.0,ディー,68.0,アタマ,3,12.6,33.9,7-8,栗東 清水久,522,-8,
202606030611,2026-04-12,中山,11,春雷S,芝,1200,右,晴,良,"3回 中山 6日目 サラ系４歳以上 オープン       (国際)(特指) ハンデ 16頭 本賞金:2700,1100,680,410,270万円",16,2700.0,11,7,13,ステークホルダー,牡,6,54.0,横山琉,68.0,ハナ,10,27.9,33.4,12-11,美浦 斎藤誠,470,6,
202606030611,2026-04-12,中山,11,春雷S,芝,1200,右,晴,良,"3回 中山 6日目 サラ系４歳以上 オープン       (国際)(特指) ハンデ 16頭 本賞金:2700,1100,680,410,270万円",16,2700.0,12,6,11,ロードフォアエース,牡,5,57.5,岩田康,68.1,クビ,2,3.6,34.2,3-2,栗東 友道,550,-6,
202606030611,2026-04-12,中山,11,春雷S,芝,1200,右,晴,良,"3回 中山 6日目 サラ系４歳以上 オープン       (国際)(特指) ハンデ 16頭 本賞金:2700,1100,680,410,270万円",16,2700.0,13,3,5,エコロレジーナ,牝,6,54.0,横山典,68.1,クビ,11,35.7,33.4,12-14,美浦 菊沢,504,-4,
202606030611,2026-04-12,中山,11,春雷S,芝,1200,右,晴,良,"3回 中山 6日目 サラ系４歳以上 オープン       (国際)(特指) ハンデ 16頭 本賞金:2700,1100,680,410,270万円",16,2700.0,14,8,15,エナジーグラン,牡,7,52.0,秋山稔,68.2,クビ,16,208.3,33.1,16-16,栗東 高橋康,482,2,
202606030611,2026-04-12,中山,11,春雷S,芝,1200,右,晴,良,"3回 中山 6日目 サラ系４歳以上 オープン       (国際)(特指) ハンデ 16頭 本賞金:2700,1100,680,410,270万円",16,2700.0,15,7,14,サウザンサニー,牡,6,55.0,大野,68.3,3/4,12,46.5,33.4,15-13,美浦 岩戸,520,-2,
202606030611,2026-04-12,中山,11,春雷S,芝,1200,右,晴,良,"3回 中山 6日目 サラ系４歳以上 オープン       (国際)(特指) ハンデ 16頭 本賞金:2700,1100,680,410,270万円",16,2700.0,16,6,12,カリボール,牡,10,56.0,吉田豊,68.7,2.1/2,15,87.6,34.7,4-5,美浦 戸田,508,0,
202606030612,2026-04-12,中山,12,4歳以上1勝クラス,ダ,1200,右,晴,良,"3回 中山 6日目 サラ系４歳以上 １勝クラス       牝[指] 定量 13頭 本賞金:820,330,210,120,82万円",13,820.0,1,8,12,ヴィンブルレー,牝,4,56.0,横山武,71.6,,1,3.0,36.4,9-9,美浦 矢野,466,-2,
202606030612,2026-04-12,中山,12,4歳以上1勝クラス,ダ,1200,右,晴,良,"3回 中山 6日目 サラ系４歳以上 １勝クラス       牝[指] 定量 13頭 本賞金:820,330,210,120,82万円",13,820.0,2,2,2,ハーモニーソング,牝,4,56.0,ディー,71.7,1/2,6,10.1,37.7,1-1,美浦 田島,456,-8,
202606030612,2026-04-12,中山,12,4歳以上1勝クラス,ダ,1200,右,晴,良,"3回 中山 6日目 サラ系４歳以上 １勝クラス       牝[指] 定量 13頭 本賞金:820,330,210,120,82万円",13,820.0,3,1,1,シスター,牝,4,56.0,横山和,71.8,1,8,17.3,37.2,5-5,美浦 勢司,470,-10,
202606030612,2026-04-12,中山,12,4歳以上1勝クラス,ダ,1200,右,晴,良,"3回 中山 6日目 サラ系４歳以上 １勝クラス       牝[指] 定量 13頭 本賞金:820,330,210,120,82万円",13,820.0,4,5,6,ハッピーウィズユー,牝,4,53.0,▲田山,71.9,クビ,5,8.6,37.5,3-3,美浦 小笠,502,-6,
202606030612,2026-04-12,中山,12,4歳以上1勝クラス,ダ,1200,右,晴,良,"3回 中山 6日目 サラ系４歳以上 １勝クラス       牝[指] 定量 13頭 本賞金:820,330,210,120,82万円",13,820.0,5,7,10,シュレン,牝,4,56.0,三浦,71.9,クビ,4,7.0,36.4,11-11,美浦 千葉,384,-6,
202606030612,2026-04-12,中山,12,4歳以上1勝クラス,ダ,1200,右,晴,良,"3回 中山 6日目 サラ系４歳以上 １勝クラス       牝[指] 定量 13頭 本賞金:820,330,210,120,82万円",13,820.0,6,6,9,フォンメイリー,牝,7,53.0,▲大久保,72.0,1/2,11,83.8,37.0,7-6,美浦 粕谷,490,2,
202606030612,2026-04-12,中山,12,4歳以上1勝クラス,ダ,1200,右,晴,良,"3回 中山 6日目 サラ系４歳以上 １勝クラス       牝[指] 定量 13頭 本賞金:820,330,210,120,82万円",13,820.0,7,4,4,ヒットミー,牝,4,54.0,△長浜,72.1,1/2,7,11.3,37.7,3-3,美浦 鹿戸,470,-4,
202606030612,2026-04-12,中山,12,4歳以上1勝クラス,ダ,1200,右,晴,良,"3回 中山 6日目 サラ系４歳以上 １勝クラス       牝[指] 定量 13頭 本賞金:820,330,210,120,82万円",13,820.0,8,4,5,ハヌル,牝,5,56.0,江田照,72.2,クビ,10,67.3,37.4,6-6,美浦 岩戸,488,-2,
202606030612,2026-04-12,中山,12,4歳以上1勝クラス,ダ,1200,右,晴,良,"3回 中山 6日目 サラ系４歳以上 １勝クラス       牝[指] 定量 13頭 本賞金:820,330,210,120,82万円",13,820.0,9,3,3,ハーフェン,牝,4,56.0,木幡巧,72.2,クビ,13,99.7,36.9,9-9,美浦 新開,404,-6,
202606030612,2026-04-12,中山,12,4歳以上1勝クラス,ダ,1200,右,晴,良,"3回 中山 6日目 サラ系４歳以上 １勝クラス       牝[指] 定量 13頭 本賞金:820,330,210,120,82万円",13,820.0,10,7,11,シャンハイナイト,牝,4,56.0,岩田康,72.3,クビ,3,6.7,36.8,11-11,美浦 村田,472,-8,
202606030612,2026-04-12,中山,12,4歳以上1勝クラス,ダ,1200,右,晴,良,"3回 中山 6日目 サラ系４歳以上 １勝クラス       牝[指] 定量 13頭 本賞金:820,330,210,120,82万円",13,820.0,11,8,13,マオノクラッシュ,牝,4,56.0,佐々木,72.3,ハナ,2,5.6,37.3,7-6,美浦 黒岩,488,-4,
202606030612,2026-04-12,中山,12,4歳以上1勝クラス,ダ,1200,右,晴,良,"3回 中山 6日目 サラ系４歳以上 １勝クラス       牝[指] 定量 13頭 本賞金:820,330,210,120,82万円",13,820.0,12,5,7,ブエナディオサ,牝,7,56.0,大野,72.4,1/2,12,86.9,36.8,13-11,美浦 奥平,478,8,
202606030612,2026-04-12,中山,12,4歳以上1勝クラス,ダ,1200,右,晴,良,"3回 中山 6日目 サラ系４歳以上 １勝クラス       牝[指] 定量 13頭 本賞金:820,330,210,120,82万円",13,820.0,13,6,8,グランカッサ,牝,4,56.0,横山琉,73.3,5,9,20.0,39.2,2-2,美浦 加藤士,512,2,
202609020601,2026-04-12,阪神,1,3歳未勝利,ダ,1400,右,晴,稍,"2回 阪神 6日目 サラ系３歳 未勝利       牝[指] 馬齢 16頭 本賞金:590,240,150,89,59万円",16,590.0,1,3,6,ステライヴ,牝,3,55.0,西村淳,85.2,,3,6.7,37.1,7-3,栗東 杉山晴,474,0,
202609020601,2026-04-12,阪神,1,3歳未勝利,ダ,1400,右,晴,稍,"2回 阪神 6日目 サラ系３歳 未勝利       牝[指] 馬齢 16頭 本賞金:590,240,150,89,59万円",16,590.0,2,8,15,スマッシング,牝,3,55.0,幸,85.2,クビ,1,2.7,37.5,2-2,栗東 佐藤悠,462,-2,
202609020601,2026-04-12,阪神,1,3歳未勝利,ダ,1400,右,晴,稍,"2回 阪神 6日目 サラ系３歳 未勝利       牝[指] 馬齢 16頭 本賞金:590,240,150,89,59万円",16,590.0,3,6,11,メイショウナナユキ,牝,3,55.0,菱田,85.5,1.1/2,8,33.1,36.8,11-10,栗東 牧浦,474,0,
202609020601,2026-04-12,阪神,1,3歳未勝利,ダ,1400,右,晴,稍,"2回 阪神 6日目 サラ系３歳 未勝利       牝[指] 馬齢 16頭 本賞金:590,240,150,89,59万円",16,590.0,4,3,5,セヴェンヌ,牝,3,55.0,松山,85.8,1.3/4,2,3.7,37.3,8-7,栗東 藤野,494,0,
202609020601,2026-04-12,阪神,1,3歳未勝利,ダ,1400,右,晴,稍,"2回 阪神 6日目 サラ系３歳 未勝利       牝[指] 馬齢 16頭 本賞金:590,240,150,89,59万円",16,590.0,5,1,1,ヴォメロ,牝,3,55.0,原,86.1,1.3/4,13,126.2,38.2,4-3,栗東 宮地,448,2,
202609020601,2026-04-12,阪神,1,3歳未勝利,ダ,1400,右,晴,稍,"2回 阪神 6日目 サラ系３歳 未勝利       牝[指] 馬齢 16頭 本賞金:590,240,150,89,59万円",16,590.0,6,5,10,ゼルダ,牝,3,55.0,田口,86.2,1/2,5,8.3,37.9,8-7,栗東 鈴木孝,468,0,
202609020601,2026-04-12,阪神,1,3歳未勝利,ダ,1400,右,晴,稍,"2回 阪神 6日目 サラ系３歳 未勝利       牝[指] 馬齢 16頭 本賞金:590,240,150,89,59万円",16,590.0,7,6,12,チョウスター,牝,3,53.0,△柴田裕,86.2,クビ,11,104.4,37.7,10-7,栗東 羽月,460,0,
202609020601,2026-04-12,阪神,1,3歳未勝利,ダ,1400,右,晴,稍,"2回 阪神 6日目 サラ系３歳 未勝利       牝[指] 馬齢 16頭 本賞金:590,240,150,89,59万円",16,590.0,8,7,13,ルージュアイラ,牝,3,55.0,団野,86.3,3/4,9,62.4,38.4,3-3,栗東 池江,406,-4,
202609020601,2026-04-12,阪神,1,3歳未勝利,ダ,1400,右,晴,稍,"2回 阪神 6日目 サラ系３歳 未勝利       牝[指] 馬齢 16頭 本賞金:590,240,150,89,59万円",16,590.0,9,2,3,オーブフレッシュ,牝,3,55.0,岩田望,86.7,2,6,11.4,39.1,1-1,栗東 辻野,450,-6,
202609020601,2026-04-12,阪神,1,3歳未勝利,ダ,1400,右,晴,稍,"2回 阪神 6日目 サラ系３歳 未勝利       牝[指] 馬齢 16頭 本賞金:590,240,150,89,59万円",16,590.0,10,5,9,レーヌペスカ,牝,3,55.0,高杉,87.0,2,12,107.9,37.9,12-12,栗東 角田,418,0,
202609020601,2026-04-12,阪神,1,3歳未勝利,ダ,1400,右,晴,稍,"2回 阪神 6日目 サラ系３歳 未勝利       牝[指] 馬齢 16頭 本賞金:590,240,150,89,59万円",16,590.0,11,7,14,オーロアルジェント,牝,3,55.0,北村友,87.1,1/2,7,21.8,37.8,13-14,栗東 高野,458,4,
202609020601,2026-04-12,阪神,1,3歳未勝利,ダ,1400,右,晴,稍,"2回 阪神 6日目 サラ系３歳 未勝利       牝[指] 馬齢 16頭 本賞金:590,240,150,89,59万円",16,590.0,12,4,8,アスターエポワス,牝,3,55.0,古川吉,87.5,2.1/2,4,8.1,39.3,4-6,栗東 河嶋,462,-10,
202609020601,2026-04-12,阪神,1,3歳未勝利,ダ,1400,右,晴,稍,"2回 阪神 6日目 サラ系３歳 未勝利       牝[指] 馬齢 16頭 本賞金:590,240,150,89,59万円",16,590.0,13,4,7,ファイアプレイス,牝,3,55.0,池添,87.5,クビ,10,82.0,38.3,13-12,栗東 小林,422,0,
202609020601,2026-04-12,阪神,1,3歳未勝利,ダ,1400,右,晴,稍,"2回 阪神 6日目 サラ系３歳 未勝利       牝[指] 馬齢 16頭 本賞金:590,240,150,89,59万円",16,590.0,14,1,2,クリスプレミアム,牝,3,55.0,太宰,87.7,3/4,16,259.3,38.1,15-15,栗東 渡辺,440,-12,
202609020601,2026-04-12,阪神,1,3歳未勝利,ダ,1400,右,晴,稍,"2回 阪神 6日目 サラ系３歳 未勝利       牝[指] 馬齢 16頭 本賞金:590,240,150,89,59万円",16,590.0,15,8,16,ロージーキャンドル,牝,3,55.0,鮫島駿,88.1,2.1/2,14,133.5,37.9,16-16,栗東 小栗,466,12,
202609020601,2026-04-12,阪神,1,3歳未勝利,ダ,1400,右,晴,稍,"2回 阪神 6日目 サラ系３歳 未勝利       牝[指] 馬齢 16頭 本賞金:590,240,150,89,59万円",16,590.0,16,2,4,カネトシフレイア,牝,3,52.0,▲森田,90.8,大,15,176.7,42.5,4-11,栗東 大橋,438,-6,
202609020602,2026-04-12,阪神,2,3歳未勝利,ダ,1800,右,晴,稍,"2回 阪神 6日目 サラ系３歳 未勝利       [指] 馬齢 16頭 本賞金:590,240,150,89,59万円",16,590.0,1,4,8,スマートグロワール,牡,3,57.0,北村友,112.9,,1,2.3,36.4,2-2-2-2,栗東 畑端,528,2,
202609020602,2026-04-12,阪神,2,3歳未勝利,ダ,1800,右,晴,稍,"2回 阪神 6日目 サラ系３歳 未勝利       [指] 馬齢 16頭 本賞金:590,240,150,89,59万円",16,590.0,2,2,4,バケラッタ,牡,3,57.0,鮫島駿,113.5,3.1/2,6,20.4,37.1,1-1-1-1,栗東 河嶋,478,6,
202609020602,2026-04-12,阪神,2,3歳未勝利,ダ,1800,右,晴,稍,"2回 阪神 6日目 サラ系３歳 未勝利       [指] 馬齢 16頭 本賞金:590,240,150,89,59万円",16,590.0,3,6,12,ピコオーバル,牡,3,57.0,菱田,113.8,2,2,4.9,37.1,3-4-3-3,栗東 秋山,482,2,
202609020602,2026-04-12,阪神,2,3歳未勝利,ダ,1800,右,晴,稍,"2回 阪神 6日目 サラ系３歳 未勝利       [指] 馬齢 16頭 本賞金:590,240,150,89,59万円",16,590.0,4,3,6,メンデレーエフ,牡,3,57.0,岩田望,114.0,1.1/2,3,5.5,36.7,7-9-8-8,栗東 野中,472,-4,
202609020602,2026-04-12,阪神,2,3歳未勝利,ダ,1800,右,晴,稍,"2回 阪神 6日目 サラ系３歳 未勝利       [指] 馬齢 16頭 本賞金:590,240,150,89,59万円",16,590.0,5,1,1,エルナト,牡,3,57.0,団野,114.1,アタマ,4,7.7,37.3,3-3-4-3,栗東 斉藤崇,490,8,
202609020602,2026-04-12,阪神,2,3歳未勝利,ダ,1800,右,晴,稍,"2回 阪神 6日目 サラ系３歳 未勝利       [指] 馬齢 16頭 本賞金:590,240,150,89,59万円",16,590.0,6,8,16,メイショウセンドウ,牡,3,57.0,池添,114.4,2,7,20.7,37.5,8-7-4-5,栗東 飯田,474,0,
202609020602,2026-04-12,阪神,2,3歳未勝利,ダ,1800,右,晴,稍,"2回 阪神 6日目 サラ系３歳 未勝利       [指] 馬齢 16頭 本賞金:590,240,150,89,59万円",16,590.0,7,1,2,ミッキーロビン,牡,3,57.0,松山,114.7,1.1/2,5,7.9,37.6,9-7-8-6,栗東 大久保,478,0,
202609020602,2026-04-12,阪神,2,3歳未勝利,ダ,1800,右,晴,稍,"2回 阪神 6日目 サラ系３歳 未勝利       [指] 馬齢 16頭 本賞金:590,240,150,89,59万円",16,590.0,8,4,7,ゼンノスタニング,牡,3,54.0,▲森田,114.9,1.1/2,16,444.2,37.3,12-10-10-10,栗東 武幸,448,-6,
202609020602,2026-04-12,阪神,2,3歳未勝利,ダ,1800,右,晴,稍,"2回 阪神 6日目 サラ系３歳 未勝利       [指] 馬齢 16頭 本賞金:590,240,150,89,59万円",16,590.0,9,7,14,ヴレパリジャン,牡,3,57.0,富田,115.2,1.3/4,13,182.0,38.2,5-6-4-7,栗東 武英,512,0,
202609020602,2026-04-12,阪神,2,3歳未勝利,ダ,1800,右,晴,稍,"2回 阪神 6日目 サラ系３歳 未勝利       [指] 馬齢 16頭 本賞金:590,240,150,89,59万円",16,590.0,10,5,10,シンゼンコジロウ,牡,3,55.0,◇今村,115.2,クビ,11,134.3,37.6,9-11-10-11,栗東 飯田,452,2,
202609020602,2026-04-12,阪神,2,3歳未勝利,ダ,1800,右,晴,稍,"2回 阪神 6日目 サラ系３歳 未勝利       [指] 馬齢 16頭 本賞金:590,240,150,89,59万円",16,590.0,11,3,5,フチサンチャチャ,牡,3,57.0,岡田,115.3,1/2,14,351.0,36.9,16-16-15-14,栗東 笹田,460,0,
202609020602,2026-04-12,阪神,2,3歳未勝利,ダ,1800,右,晴,稍,"2回 阪神 6日目 サラ系３歳 未勝利       [指] 馬齢 16頭 本賞金:590,240,150,89,59万円",16,590.0,12,8,15,ガラード,牡,3,57.0,古川吉,115.4,クビ,8,30.0,37.8,11-11-10-11,栗東 杉山佳,474,-4,
202609020602,2026-04-12,阪神,2,3歳未勝利,ダ,1800,右,晴,稍,"2回 阪神 6日目 サラ系３歳 未勝利       [指] 馬齢 16頭 本賞金:590,240,150,89,59万円",16,590.0,13,2,3,エトワールブルー,牡,3,57.0,太宰,115.4,アタマ,9,74.2,36.9,15-15-15-14,栗東 本田,524,0,
202609020602,2026-04-12,阪神,2,3歳未勝利,ダ,1800,右,晴,稍,"2回 阪神 6日目 サラ系３歳 未勝利       [指] 馬齢 16頭 本賞金:590,240,150,89,59万円",16,590.0,14,5,9,ハイラブレジェンド,牡,3,57.0,藤懸,116.3,5,12,156.1,38.3,14-14-13-13,栗東 荒川,478,0,
202609020602,2026-04-12,阪神,2,3歳未勝利,ダ,1800,右,晴,稍,"2回 阪神 6日目 サラ系３歳 未勝利       [指] 馬齢 16頭 本賞金:590,240,150,89,59万円",16,590.0,15,6,11,ジュウハチキン,牡,3,57.0,幸,117.2,5,10,98.2,40.0,5-4-7-8,栗東 大根田,468,-8,
202609020602,2026-04-12,阪神,2,3歳未勝利,ダ,1800,右,晴,稍,"2回 阪神 6日目 サラ系３歳 未勝利       [指] 馬齢 16頭 本賞金:590,240,150,89,59万円",16,590.0,16,7,13,ウイングリフィス,牡,3,57.0,田口,117.7,3.1/2,15,369.8,39.3,12-13-13-16,栗東 宮,492,0,
202609020603,2026-04-12,阪神,3,3歳未勝利,ダ,1200,右,晴,稍,"2回 阪神 6日目 サラ系３歳 未勝利       [指] 馬齢 16頭 本賞金:590,240,150,89,59万円",16,590.0,1,5,9,ミスヘンリー,牝,3,55.0,幸,72.4,,2,3.5,36.5,4-4,栗東 羽月,428,6,
202609020603,2026-04-12,阪神,3,3歳未勝利,ダ,1200,右,晴,稍,"2回 阪神 6日目 サラ系３歳 未勝利       [指] 馬齢 16頭 本賞金:590,240,150,89,59万円",16,590.0,2,2,4,ザキノフレンズ,牡,3,57.0,団野,72.6,1.1/4,1,2.2,37.0,2-2,栗東 東田,498,0,
202609020603,2026-04-12,阪神,3,3歳未勝利,ダ,1200,右,晴,稍,"2回 阪神 6日目 サラ系３歳 未勝利       [指] 馬齢 16頭 本賞金:590,240,150,89,59万円",16,590.0,3,6,12,クリコファルコン,牡,3,57.0,菱田,72.8,1.1/2,3,5.0,36.5,8-6,栗東 谷,450,-8,
202609020603,2026-04-12,阪神,3,3歳未勝利,ダ,1200,右,晴,稍,"2回 阪神 6日目 サラ系３歳 未勝利       [指] 馬齢 16頭 本賞金:590,240,150,89,59万円",16,590.0,4,6,11,ナムラソラン,牝,3,53.0,△柴田裕,73.1,1.1/2,5,28.9,36.6,7-8,栗東 羽月,420,-2,
202609020603,2026-04-12,阪神,3,3歳未勝利,ダ,1200,右,晴,稍,"2回 阪神 6日目 サラ系３歳 未勝利       [指] 馬齢 16頭 本賞金:590,240,150,89,59万円",16,590.0,5,7,14,メイショウカスミ,牝,3,55.0,石橋脩,73.4,2,9,34.3,36.4,12-11,栗東 岡田,428,-6,
202609020603,2026-04-12,阪神,3,3歳未勝利,ダ,1200,右,晴,稍,"2回 阪神 6日目 サラ系３歳 未勝利       [指] 馬齢 16頭 本賞金:590,240,150,89,59万円",16,590.0,6,1,2,ショーライトイヤー,牡,3,57.0,太宰,73.6,1,7,29.4,37.1,8-8,栗東 石橋,474,0,
202609020603,2026-04-12,阪神,3,3歳未勝利,ダ,1200,右,晴,稍,"2回 阪神 6日目 サラ系３歳 未勝利       [指] 馬齢 16頭 本賞金:590,240,150,89,59万円",16,590.0,7,4,7,ロングフルスペック,牝,3,55.0,角田和,73.6,ハナ,4,10.1,38.0,2-2,栗東 大根田,450,-2,
202609020603,2026-04-12,阪神,3,3歳未勝利,ダ,1200,右,晴,稍,"2回 阪神 6日目 サラ系３歳 未勝利       [指] 馬齢 16頭 本賞金:590,240,150,89,59万円",16,590.0,8,4,8,タマモキャロル,牝,3,55.0,吉村,73.7,クビ,11,76.1,37.6,5-5,栗東 井上,448,-6,
202609020603,2026-04-12,阪神,3,3歳未勝利,ダ,1200,右,晴,稍,"2回 阪神 6日目 サラ系３歳 未勝利       [指] 馬齢 16頭 本賞金:590,240,150,89,59万円",16,590.0,9,7,13,モノノケ,牝,3,55.0,原,74.1,2.1/2,10,49.3,37.2,12-11,栗東 宮地,468,0,
202609020603,2026-04-12,阪神,3,3歳未勝利,ダ,1200,右,晴,稍,"2回 阪神 6日目 サラ系３歳 未勝利       [指] 馬齢 16頭 本賞金:590,240,150,89,59万円",16,590.0,10,1,1,ベリルスフィア,牝,3,55.0,田口,74.4,1.1/2,13,156.8,39.0,1-1,栗東 高柳大,436,-8,
202609020603,2026-04-12,阪神,3,3歳未勝利,ダ,1200,右,晴,稍,"2回 阪神 6日目 サラ系３歳 未勝利       [指] 馬齢 16頭 本賞金:590,240,150,89,59万円",16,590.0,11,8,16,エナクローム,牝,3,55.0,井上,74.4,クビ,14,241.3,37.5,11-14,栗東 吉田,434,-8,
202609020603,2026-04-12,阪神,3,3歳未勝利,ダ,1200,右,晴,稍,"2回 阪神 6日目 サラ系３歳 未勝利       [指] 馬齢 16頭 本賞金:590,240,150,89,59万円",16,590.0,12,3,6,グラディオール,牝,3,55.0,津村,74.6,1,6,29.0,37.7,12-11,栗東 寺島,422,0,
202609020603,2026-04-12,阪神,3,3歳未勝利,ダ,1200,右,晴,稍,"2回 阪神 6日目 サラ系３歳 未勝利       [指] 馬齢 16頭 本賞金:590,240,150,89,59万円",16,590.0,13,8,15,ウルダ,牝,3,55.0,城戸,74.8,1.1/4,15,292.3,37.5,15-15,栗東 荒川,472,-10,
202609020603,2026-04-12,阪神,3,3歳未勝利,ダ,1200,右,晴,稍,"2回 阪神 6日目 サラ系３歳 未勝利       [指] 馬齢 16頭 本賞金:590,240,150,89,59万円",16,590.0,14,2,3,モズガネシア,牡,3,57.0,富田,75.0,1.1/2,8,31.3,38.8,6-7,栗東 中尾,492,-2,
202609020603,2026-04-12,阪神,3,3歳未勝利,ダ,1200,右,晴,稍,"2回 阪神 6日目 サラ系３歳 未勝利       [指] 馬齢 16頭 本賞金:590,240,150,89,59万円",16,590.0,15,3,5,ドリームハーモニー,牝,3,55.0,荻野琢,75.1,1/2,16,304.1,38.4,10-10,栗東 加藤公,446,-1,
202609020603,2026-04-12,阪神,3,3歳未勝利,ダ,1200,右,晴,稍,"2回 阪神 6日目 サラ系３歳 未勝利       [指] 馬齢 16頭 本賞金:590,240,150,89,59万円",16,590.0,16,5,10,スーパーシスター,牝,3,53.0,◇今村,76.6,9,12,91.9,39.1,15-16,栗東 今野,440,-4,
202609020604,2026-04-12,阪神,4,3歳未勝利,芝,1600,右,晴,良,"2回 阪神 6日目 サラ系３歳 未勝利       (混)[指] 馬齢 18頭 本賞金:590,240,150,89,59万円",18,590.0,1,6,11,ララファキュルテ,牡,3,57.0,団野,93.6,,1,2.2,35.1,5-3,栗東 斉藤崇,476,-2,
202609020604,2026-04-12,阪神,4,3歳未勝利,芝,1600,右,晴,良,"2回 阪神 6日目 サラ系３歳 未勝利       (混)[指] 馬齢 18頭 本賞金:590,240,150,89,59万円",18,590.0,2,2,3,セコンドトゥベスト,牝,3,55.0,岩田望,93.6,クビ,3,7.4,34.7,6-7,栗東 上村,432,-2,
202609020604,2026-04-12,阪神,4,3歳未勝利,芝,1600,右,晴,良,"2回 阪神 6日目 サラ系３歳 未勝利       (混)[指] 馬齢 18頭 本賞金:590,240,150,89,59万円",18,590.0,3,3,6,バロッカネーラ,牝,3,55.0,西村淳,93.6,クビ,5,8.1,34.6,9-7,栗東 池添,442,0,
202609020604,2026-04-12,阪神,4,3歳未勝利,芝,1600,右,晴,良,"2回 阪神 6日目 サラ系３歳 未勝利       (混)[指] 馬齢 18頭 本賞金:590,240,150,89,59万円",18,590.0,4,4,8,ソルトアイリス,牝,3,55.0,武豊,93.7,1/2,2,7.1,34.9,6-5,栗東 四位,468,0,
202609020604,2026-04-12,阪神,4,3歳未勝利,芝,1600,右,晴,良,"2回 阪神 6日目 サラ系３歳 未勝利       (混)[指] 馬齢 18頭 本賞金:590,240,150,89,59万円",18,590.0,5,3,5,タナブイハチターボ,牡,3,57.0,古川吉,93.8,クビ,6,9.7,35.3,2-3,栗東 大根田,504,2,
202609020604,2026-04-12,阪神,4,3歳未勝利,芝,1600,右,晴,良,"2回 阪神 6日目 サラ系３歳 未勝利       (混)[指] 馬齢 18頭 本賞金:590,240,150,89,59万円",18,590.0,6,8,17,メイショウショカツ,牡,3,57.0,坂井,93.8,ハナ,10,74.6,34.3,13-13,栗東 石橋,442,-8,
202609020604,2026-04-12,阪神,4,3歳未勝利,芝,1600,右,晴,良,"2回 阪神 6日目 サラ系３歳 未勝利       (混)[指] 馬齢 18頭 本賞金:590,240,150,89,59万円",18,590.0,7,1,1,パナテナイア,牝,3,55.0,北村友,94.0,1.1/4,8,26.4,34.4,14-13,栗東 吉岡,456,0,
202609020604,2026-04-12,阪神,4,3歳未勝利,芝,1600,右,晴,良,"2回 阪神 6日目 サラ系３歳 未勝利       (混)[指] 馬齢 18頭 本賞金:590,240,150,89,59万円",18,590.0,8,2,4,セルヴァジオ,牝,3,55.0,富田,94.1,クビ,11,96.0,34.1,15-15,栗東 上村,446,0,
202609020604,2026-04-12,阪神,4,3歳未勝利,芝,1600,右,晴,良,"2回 阪神 6日目 サラ系３歳 未勝利       (混)[指] 馬齢 18頭 本賞金:590,240,150,89,59万円",18,590.0,9,6,12,オーケーエレガンス,牝,3,55.0,吉村,94.3,1.1/2,15,192.3,35.1,12-10,栗東 奥村豊,414,0,
202609020604,2026-04-12,阪神,4,3歳未勝利,芝,1600,右,晴,良,"2回 阪神 6日目 サラ系３歳 未勝利       (混)[指] 馬齢 18頭 本賞金:590,240,150,89,59万円",18,590.0,10,5,10,エイシンミスリル,牝,3,55.0,荻野琢,94.4,1/2,14,159.6,35.2,11-10,栗東 大久保,430,0,
202609020604,2026-04-12,阪神,4,3歳未勝利,芝,1600,右,晴,良,"2回 阪神 6日目 サラ系３歳 未勝利       (混)[指] 馬齢 18頭 本賞金:590,240,150,89,59万円",18,590.0,11,8,16,ハクサンモッピー,牝,3,55.0,藤懸,94.7,1.3/4,18,328.4,34.4,16-16,栗東 高橋康,490,0,
202609020604,2026-04-12,阪神,4,3歳未勝利,芝,1600,右,晴,良,"2回 阪神 6日目 サラ系３歳 未勝利       (混)[指] 馬齢 18頭 本賞金:590,240,150,89,59万円",18,590.0,12,7,14,ブランヴァンダイク,牡,3,57.0,鮫島駿,95.0,2,7,16.7,36.7,2-2,栗東 辻野,436,8,
202609020604,2026-04-12,阪神,4,3歳未勝利,芝,1600,右,晴,良,"2回 阪神 6日目 サラ系３歳 未勝利       (混)[指] 馬齢 18頭 本賞金:590,240,150,89,59万円",18,590.0,13,7,13,ジャスティンカレラ,牡,3,57.0,戸崎圭,95.3,1.3/4,9,49.6,36.3,8-7,栗東 友道,470,-4,
202609020604,2026-04-12,阪神,4,3歳未勝利,芝,1600,右,晴,良,"2回 阪神 6日目 サラ系３歳 未勝利       (混)[指] 馬齢 18頭 本賞金:590,240,150,89,59万円",18,590.0,14,1,2,ココプレミア,牝,3,55.0,高杉,95.7,2.1/2,12,109.7,36.9,4-5,栗東 中村,416,8,
202609020604,2026-04-12,阪神,4,3歳未勝利,芝,1600,右,晴,良,"2回 阪神 6日目 サラ系３歳 未勝利       (混)[指] 馬齢 18頭 本賞金:590,240,150,89,59万円",18,590.0,15,5,9,シバノパージャン,牡,3,57.0,田口,95.8,1,17,304.0,36.6,9-10,栗東 牧田,442,0,
202609020604,2026-04-12,阪神,4,3歳未勝利,芝,1600,右,晴,良,"2回 阪神 6日目 サラ系３歳 未勝利       (混)[指] 馬齢 18頭 本賞金:590,240,150,89,59万円",18,590.0,16,4,7,アイサーベル,牝,3,55.0,ルメー,96.2,2.1/2,4,7.8,35.2,17-17,栗東 藤岡健,476,0,
202609020604,2026-04-12,阪神,4,3歳未勝利,芝,1600,右,晴,良,"2回 阪神 6日目 サラ系３歳 未勝利       (混)[指] 馬齢 18頭 本賞金:590,240,150,89,59万円",18,590.0,17,7,15,ガルフコースト,牡,3,57.0,浜中,98.3,大,13,142.4,40.1,1-1,栗東 須貝,522,-4,
202609020604,2026-04-12,阪神,4,3歳未勝利,芝,1600,右,晴,良,"2回 阪神 6日目 サラ系３歳 未勝利       (混)[指] 馬齢 18頭 本賞金:590,240,150,89,59万円",18,590.0,18,8,18,ショウナンアネモネ,牝,3,55.0,幸,98.7,2.1/2,16,284.6,37.1,18-18,栗東 高橋忠,394,0,
202609020605,2026-04-12,阪神,5,3歳1勝クラス,ダ,1400,右,晴,稍,"2回 阪神 6日目 サラ系３歳 １勝クラス       (混)[指] 馬齢 16頭 本賞金:820,330,210,120,82万円",16,820.0,1,4,8,リサシテーション,牡,3,57.0,菱田,83.8,,8,21.8,35.6,13-12,栗東 岡田,464,-2,
202609020605,2026-04-12,阪神,5,3歳1勝クラス,ダ,1400,右,晴,稍,"2回 阪神 6日目 サラ系３歳 １勝クラス       (混)[指] 馬齢 16頭 本賞金:820,330,210,120,82万円",16,820.0,2,8,16,ポッドリプル,牡,3,57.0,荻野極,84.0,1,4,6.0,36.3,8-7,栗東 辻野,464,-2,
202609020605,2026-04-12,阪神,5,3歳1勝クラス,ダ,1400,右,晴,稍,"2回 阪神 6日目 サラ系３歳 １勝クラス       (混)[指] 馬齢 16頭 本賞金:820,330,210,120,82万円",16,820.0,3,7,14,テーオーパーセル,牡,3,57.0,藤懸,84.0,ハナ,2,4.5,37.1,1-1,栗東 宮,450,-12,
202609020605,2026-04-12,阪神,5,3歳1勝クラス,ダ,1400,右,晴,稍,"2回 阪神 6日目 サラ系３歳 １勝クラス       (混)[指] 馬齢 16頭 本賞金:820,330,210,120,82万円",16,820.0,4,3,6,ブロンテス,牡,3,57.0,古川吉,84.1,1/2,5,9.9,36.7,5-5,栗東 大根田,476,-6,
202609020605,2026-04-12,阪神,5,3歳1勝クラス,ダ,1400,右,晴,稍,"2回 阪神 6日目 サラ系３歳 １勝クラス       (混)[指] 馬齢 16頭 本賞金:820,330,210,120,82万円",16,820.0,5,2,4,ダンシングドール,牝,3,52.0,▲森田,84.2,1/2,6,11.5,36.1,13-12,栗東 牧田,454,2,
202609020605,2026-04-12,阪神,5,3歳1勝クラス,ダ,1400,右,晴,稍,"2回 阪神 6日目 サラ系３歳 １勝クラス       (混)[指] 馬齢 16頭 本賞金:820,330,210,120,82万円",16,820.0,6,8,15,アンティミスト,牡,3,57.0,津村,84.2,クビ,11,45.8,36.3,11-9,美浦 鈴木伸,510,-10,
202609020605,2026-04-12,阪神,5,3歳1勝クラス,ダ,1400,右,晴,稍,"2回 阪神 6日目 サラ系３歳 １勝クラス       (混)[指] 馬齢 16頭 本賞金:820,330,210,120,82万円",16,820.0,7,5,9,ワイドグンサ,牡,3,57.0,西村淳,84.3,クビ,7,15.6,35.8,16-15,栗東 庄野,446,-8,
202609020605,2026-04-12,阪神,5,3歳1勝クラス,ダ,1400,右,晴,稍,"2回 阪神 6日目 サラ系３歳 １勝クラス       (混)[指] 馬齢 16頭 本賞金:820,330,210,120,82万円",16,820.0,8,4,7,ゴールデンバランス,牡,3,57.0,松山,84.4,1/2,1,4.1,37.3,2-2,栗東 杉山晴,520,0,
202609020605,2026-04-12,阪神,5,3歳1勝クラス,ダ,1400,右,晴,稍,"2回 阪神 6日目 サラ系３歳 １勝クラス       (混)[指] 馬齢 16頭 本賞金:820,330,210,120,82万円",16,820.0,9,6,11,スターオブロンドン,牡,3,57.0,坂井,84.6,1,3,5.5,37.0,7-7,栗東 矢作,476,0,
202609020605,2026-04-12,阪神,5,3歳1勝クラス,ダ,1400,右,晴,稍,"2回 阪神 6日目 サラ系３歳 １勝クラス       (混)[指] 馬齢 16頭 本賞金:820,330,210,120,82万円",16,820.0,10,2,3,ハードシングス,牡,3,57.0,岩田望,84.7,1/2,10,37.8,36.6,12-12,栗東 小崎,464,2,
202609020605,2026-04-12,阪神,5,3歳1勝クラス,ダ,1400,右,晴,稍,"2回 阪神 6日目 サラ系３歳 １勝クラス       (混)[指] 馬齢 16頭 本賞金:820,330,210,120,82万円",16,820.0,11,7,13,ラエトゥス,牝,3,55.0,鮫島駿,85.1,2,15,164.8,36.8,15-15,美浦 斎藤誠,454,-14,
202609020605,2026-04-12,阪神,5,3歳1勝クラス,ダ,1400,右,晴,稍,"2回 阪神 6日目 サラ系３歳 １勝クラス       (混)[指] 馬齢 16頭 本賞金:820,330,210,120,82万円",16,820.0,12,1,2,カフジクロミエ,牝,3,53.0,△柴田裕,85.1,ハナ,12,49.8,37.3,9-10,栗東 中竹,460,2,
202609020605,2026-04-12,阪神,5,3歳1勝クラス,ダ,1400,右,晴,稍,"2回 阪神 6日目 サラ系３歳 １勝クラス       (混)[指] 馬齢 16頭 本賞金:820,330,210,120,82万円",16,820.0,13,5,10,アンプイットアップ,牡,3,57.0,団野,85.1,ハナ,14,87.8,37.7,5-5,美浦 岩戸,494,4,
202609020605,2026-04-12,阪神,5,3歳1勝クラス,ダ,1400,右,晴,稍,"2回 阪神 6日目 サラ系３歳 １勝クラス       (混)[指] 馬齢 16頭 本賞金:820,330,210,120,82万円",16,820.0,14,1,1,ラッキーバック,牡,3,57.0,吉村,85.3,1.1/4,9,27.1,38.2,3-3,栗東 西村,508,-4,
202609020605,2026-04-12,阪神,5,3歳1勝クラス,ダ,1400,右,晴,稍,"2回 阪神 6日目 サラ系３歳 １勝クラス       (混)[指] 馬齢 16頭 本賞金:820,330,210,120,82万円",16,820.0,15,3,5,エスカレイト,牝,3,55.0,高杉,85.4,1/2,13,62.0,37.6,9-10,栗東 小栗,446,-2,
202609020605,2026-04-12,阪神,5,3歳1勝クラス,ダ,1400,右,晴,稍,"2回 阪神 6日目 サラ系３歳 １勝クラス       (混)[指] 馬齢 16頭 本賞金:820,330,210,120,82万円",16,820.0,16,6,12,タマモヒロイン,牝,3,55.0,田口,85.7,2,16,180.5,38.5,3-3,栗東 緒方,446,1,
202609020606,2026-04-12,阪神,6,4歳以上1勝クラス,ダ,1800,右,晴,稍,"2回 阪神 6日目 サラ系４歳以上 １勝クラス       (混)[指] 定量 10頭 本賞金:820,330,210,120,82万円",10,820.0,1,8,10,ソニックステップ,牡,4,58.0,西村淳,111.8,,1,2.2,37.3,2-2-2-2,栗東 高野,528,0,
202609020606,2026-04-12,阪神,6,4歳以上1勝クラス,ダ,1800,右,晴,稍,"2回 阪神 6日目 サラ系４歳以上 １勝クラス       (混)[指] 定量 10頭 本賞金:820,330,210,120,82万円",10,820.0,2,2,2,サマーナイト,牡,4,58.0,高杉,111.9,1/2,6,29.4,37.1,4-4-4-3,栗東 寺島,492,-6,
202609020606,2026-04-12,阪神,6,4歳以上1勝クラス,ダ,1800,右,晴,稍,"2回 阪神 6日目 サラ系４歳以上 １勝クラス       (混)[指] 定量 10頭 本賞金:820,330,210,120,82万円",10,820.0,3,1,1,メイショウクモイ,牡,6,55.0,▲森田,111.9,ハナ,8,46.7,37.2,2-2-2-3,栗東 飯田,478,-4,
202609020606,2026-04-12,阪神,6,4歳以上1勝クラス,ダ,1800,右,晴,稍,"2回 阪神 6日目 サラ系４歳以上 １勝クラス       (混)[指] 定量 10頭 本賞金:820,330,210,120,82万円",10,820.0,4,3,3,ソングコレクター,牝,4,56.0,鮫島駿,112.1,3/4,7,45.8,37.7,1-1-1-1,栗東 加藤公,488,-8,
202609020606,2026-04-12,阪神,6,4歳以上1勝クラス,ダ,1800,右,晴,稍,"2回 阪神 6日目 サラ系４歳以上 １勝クラス       (混)[指] 定量 10頭 本賞金:820,330,210,120,82万円",10,820.0,5,7,8,ロードアルディート,牡,4,58.0,ルメー,112.3,1.1/4,2,2.9,37.2,5-5-5-5,栗東 武幸,462,-2,
202609020606,2026-04-12,阪神,6,4歳以上1勝クラス,ダ,1800,右,晴,稍,"2回 阪神 6日目 サラ系４歳以上 １勝クラス       (混)[指] 定量 10頭 本賞金:820,330,210,120,82万円",10,820.0,6,8,9,モズプリヴェール,牡,4,58.0,松山,112.5,1.1/2,4,19.6,36.6,7-7-7-6,栗東 森田,500,6,
202609020606,2026-04-12,阪神,6,4歳以上1勝クラス,ダ,1800,右,晴,稍,"2回 阪神 6日目 サラ系４歳以上 １勝クラス       (混)[指] 定量 10頭 本賞金:820,330,210,120,82万円",10,820.0,7,5,5,アスクガンバーレ,牡,4,58.0,岩田望,112.8,1.1/2,3,3.5,37.1,6-6-6-6,栗東 福永,440,4,
202609020606,2026-04-12,阪神,6,4歳以上1勝クラス,ダ,1800,右,晴,稍,"2回 阪神 6日目 サラ系４歳以上 １勝クラス       (混)[指] 定量 10頭 本賞金:820,330,210,120,82万円",10,820.0,8,4,4,クレスコドルフィン,牡,4,58.0,藤懸,113.0,1.1/4,5,21.1,37.0,8-8-7-8,栗東 羽月,522,-2,
202609020606,2026-04-12,阪神,6,4歳以上1勝クラス,ダ,1800,右,晴,稍,"2回 阪神 6日目 サラ系４歳以上 １勝クラス       (混)[指] 定量 10頭 本賞金:820,330,210,120,82万円",10,820.0,9,6,6,レーヴドアンジュ,牝,4,54.0,△柴田裕,113.1,1/2,9,160.5,36.7,10-9-9-9,栗東 河嶋,426,2,
202609020606,2026-04-12,阪神,6,4歳以上1勝クラス,ダ,1800,右,晴,稍,"2回 阪神 6日目 サラ系４歳以上 １勝クラス       (混)[指] 定量 10頭 本賞金:820,330,210,120,82万円",10,820.0,10,7,7,アイファーリーベン,牝,7,56.0,荻野琢,119.7,大,10,294.3,42.3,9-9-10-10,美浦 的場,440,-22,
202609020607,2026-04-12,阪神,7,4歳以上2勝クラス,芝,1600,右,晴,良,"2回 阪神 6日目 サラ系４歳以上 ２勝クラス       (混)[指] 定量 11頭 本賞金:1190,480,300,180,119万円",11,1190.0,1,2,2,ジャサルディア,牝,4,56.0,ルメー,91.9,,1,1.4,33.5,6-5,美浦 萩原,470,0,
202609020607,2026-04-12,阪神,7,4歳以上2勝クラス,芝,1600,右,晴,良,"2回 阪神 6日目 サラ系４歳以上 ２勝クラス       (混)[指] 定量 11頭 本賞金:1190,480,300,180,119万円",11,1190.0,2,8,11,イゾラフェリーチェ,牝,5,56.0,荻野極,92.0,1,7,40.2,34.6,1-1,美浦 鹿戸,498,2,
202609020607,2026-04-12,阪神,7,4歳以上2勝クラス,芝,1600,右,晴,良,"2回 阪神 6日目 サラ系４歳以上 ２勝クラス       (混)[指] 定量 11頭 本賞金:1190,480,300,180,119万円",11,1190.0,3,4,4,バガン,牡,8,55.0,▲森田,92.3,1.1/2,8,41.3,33.7,8-8,栗東 宮地,482,2,
202609020607,2026-04-12,阪神,7,4歳以上2勝クラス,芝,1600,右,晴,良,"2回 阪神 6日目 サラ系４歳以上 ２勝クラス       (混)[指] 定量 11頭 本賞金:1190,480,300,180,119万円",11,1190.0,4,3,3,マルカオペラ,牝,5,56.0,北村友,92.4,1/2,6,25.5,33.5,11-9,栗東 浜田,484,4,
202609020607,2026-04-12,阪神,7,4歳以上2勝クラス,芝,1600,右,晴,良,"2回 阪神 6日目 サラ系４歳以上 ２勝クラス       (混)[指] 定量 11頭 本賞金:1190,480,300,180,119万円",11,1190.0,5,6,6,サクラオーラ,牝,7,56.0,松山,92.7,2,3,13.6,34.5,4-4,栗東 河嶋,450,6,
202609020607,2026-04-12,阪神,7,4歳以上2勝クラス,芝,1600,右,晴,良,"2回 阪神 6日目 サラ系４歳以上 ２勝クラス       (混)[指] 定量 11頭 本賞金:1190,480,300,180,119万円",11,1190.0,6,8,10,ロンドボス,牝,4,56.0,西村淳,92.7,クビ,2,3.7,34.2,6-5,栗東 藤原,462,2,
202609020607,2026-04-12,阪神,7,4歳以上2勝クラス,芝,1600,右,晴,良,"2回 阪神 6日目 サラ系４歳以上 ２勝クラス       (混)[指] 定量 11頭 本賞金:1190,480,300,180,119万円",11,1190.0,7,5,5,ガストン,セ,7,58.0,幸,93.2,3,11,188.5,34.4,9-9,栗東 高橋康,470,6,
202609020607,2026-04-12,阪神,7,4歳以上2勝クラス,芝,1600,右,晴,良,"2回 阪神 6日目 サラ系４歳以上 ２勝クラス       (混)[指] 定量 11頭 本賞金:1190,480,300,180,119万円",11,1190.0,8,7,9,アスクキングコング,セ,8,58.0,岩田望,93.2,クビ,9,109.6,34.8,5-5,栗東 梅田,464,0,
202609020607,2026-04-12,阪神,7,4歳以上2勝クラス,芝,1600,右,晴,良,"2回 阪神 6日目 サラ系４歳以上 ２勝クラス       (混)[指] 定量 11頭 本賞金:1190,480,300,180,119万円",11,1190.0,9,1,1,エルサトアナ,牝,4,54.0,◇今村,93.3,クビ,4,21.5,35.4,2-2,栗東 本田,426,12,
202609020607,2026-04-12,阪神,7,4歳以上2勝クラス,芝,1600,右,晴,良,"2回 阪神 6日目 サラ系４歳以上 ２勝クラス       (混)[指] 定量 11頭 本賞金:1190,480,300,180,119万円",11,1190.0,10,7,8,ブルボンクイーン,牝,5,56.0,角田和,93.5,1.1/4,5,23.4,35.5,3-2,栗東 角田,502,4,
202609020607,2026-04-12,阪神,7,4歳以上2勝クラス,芝,1600,右,晴,良,"2回 阪神 6日目 サラ系４歳以上 ２勝クラス       (混)[指] 定量 11頭 本賞金:1190,480,300,180,119万円",11,1190.0,11,6,7,タイキエクセロン,牡,7,56.0,△柴田裕,93.5,ハナ,10,131.7,34.4,10-11,栗東 橋田,512,2,
202609020608,2026-04-12,阪神,8,川西特別,ダ,1800,右,晴,良,"2回 阪神 6日目 サラ系４歳以上 ２勝クラス       (混)[指] 定量 11頭 本賞金:1580,630,400,240,158万円",11,1580.0,1,1,1,スマートカイロス,牡,4,58.0,高杉,111.1,,6,17.3,36.6,1-1-1-1,栗東 矢作,504,-4,
202609020608,2026-04-12,阪神,8,川西特別,ダ,1800,右,晴,良,"2回 阪神 6日目 サラ系４歳以上 ２勝クラス       (混)[指] 定量 11頭 本賞金:1580,630,400,240,158万円",11,1580.0,2,8,11,サンライズバレット,牡,4,58.0,鮫島駿,111.2,1,1,1.9,36.0,6-7-7-7,栗東 茶木,514,2,
202609020608,2026-04-12,阪神,8,川西特別,ダ,1800,右,晴,良,"2回 阪神 6日目 サラ系４歳以上 ２勝クラス       (混)[指] 定量 11頭 本賞金:1580,630,400,240,158万円",11,1580.0,3,7,8,ゼンエスポワール,牡,4,58.0,角田和,111.3,クビ,4,10.3,36.2,6-6-6-6,栗東 飯田,516,0,
202609020608,2026-04-12,阪神,8,川西特別,ダ,1800,右,晴,良,"2回 阪神 6日目 サラ系４歳以上 ２勝クラス       (混)[指] 定量 11頭 本賞金:1580,630,400,240,158万円",11,1580.0,4,2,2,アリエスキング,牡,5,58.0,田口,111.4,3/4,5,15.0,36.5,3-4-4-4,栗東 庄野,460,-2,
202609020608,2026-04-12,阪神,8,川西特別,ダ,1800,右,晴,良,"2回 阪神 6日目 サラ系４歳以上 ２勝クラス       (混)[指] 定量 11頭 本賞金:1580,630,400,240,158万円",11,1580.0,5,6,6,スルーザナイト,牝,4,56.0,北村友,112.1,4,7,35.9,37.4,2-2-2-2,栗東 西園翔,494,-2,
202609020608,2026-04-12,阪神,8,川西特別,ダ,1800,右,晴,良,"2回 阪神 6日目 サラ系４歳以上 ２勝クラス       (混)[指] 定量 11頭 本賞金:1580,630,400,240,158万円",11,1580.0,6,7,9,エクストラノート,セ,9,58.0,藤懸,112.8,4,11,223.0,37.1,9-9-9-10,美浦 加藤和,474,-14,
202609020608,2026-04-12,阪神,8,川西特別,ダ,1800,右,晴,良,"2回 阪神 6日目 サラ系４歳以上 ２勝クラス       (混)[指] 定量 11頭 本賞金:1580,630,400,240,158万円",11,1580.0,7,8,10,ユウトザユウト,牡,4,58.0,岩田望,112.9,クビ,2,3.9,37.9,5-5-4-4,栗東 小崎,508,2,
202609020608,2026-04-12,阪神,8,川西特別,ダ,1800,右,晴,良,"2回 阪神 6日目 サラ系４歳以上 ２勝クラス       (混)[指] 定量 11頭 本賞金:1580,630,400,240,158万円",11,1580.0,8,4,4,オセアバトルプラン,牡,6,58.0,古川吉,113.1,1,8,56.0,37.3,10-10-10-8,美浦 菊川,474,-12,
202609020608,2026-04-12,阪神,8,川西特別,ダ,1800,右,晴,良,"2回 阪神 6日目 サラ系４歳以上 ２勝クラス       (混)[指] 定量 11頭 本賞金:1580,630,400,240,158万円",11,1580.0,9,3,3,ソウルアンドジャズ,セ,5,58.0,坂井,113.1,ハナ,3,5.6,37.5,8-8-8-8,美浦 武井,498,-6,
202609020608,2026-04-12,阪神,8,川西特別,ダ,1800,右,晴,良,"2回 阪神 6日目 サラ系４歳以上 ２勝クラス       (混)[指] 定量 11頭 本賞金:1580,630,400,240,158万円",11,1580.0,10,5,5,クアトロジャック,牡,5,58.0,西村淳,113.9,5,10,60.2,37.2,10-10-11-11,栗東 庄野,480,0,
202609020608,2026-04-12,阪神,8,川西特別,ダ,1800,右,晴,良,"2回 阪神 6日目 サラ系４歳以上 ２勝クラス       (混)[指] 定量 11頭 本賞金:1580,630,400,240,158万円",11,1580.0,11,6,7,マナエトレ,牡,4,58.0,吉村,114.0,1/2,9,58.3,39.2,3-3-2-3,栗東 清水久,484,6,
202609020609,2026-04-12,阪神,9,忘れな草賞,芝,2000,右,晴,良,"2回 阪神 6日目 サラ系３歳 オープン       (国際) 牝(特指) 別定 14頭 本賞金:2100,840,530,320,210万円",14,2100.0,1,8,14,ジュウリョクピエロ,牝,3,55.0,今村,119.1,,7,18.9,35.2,14-14-13-9,栗東 寺島,466,-4,
202609020609,2026-04-12,阪神,9,忘れな草賞,芝,2000,右,晴,良,"2回 阪神 6日目 サラ系３歳 オープン       (国際) 牝(特指) 別定 14頭 本賞金:2100,840,530,320,210万円",14,2100.0,2,6,9,ピカキウイ,牝,3,55.0,西村淳,119.5,2.1/2,9,24.7,35.9,5-5-6-5,栗東 杉山晴,498,0,
202609020609,2026-04-12,阪神,9,忘れな草賞,芝,2000,右,晴,良,"2回 阪神 6日目 サラ系３歳 オープン       (国際) 牝(特指) 別定 14頭 本賞金:2100,840,530,320,210万円",14,2100.0,3,1,1,レダアトミカ,牝,3,55.0,津村,119.7,1.1/4,8,24.1,35.9,8-8-8-9,美浦 上原佑,484,-2,
202609020609,2026-04-12,阪神,9,忘れな草賞,芝,2000,右,晴,良,"2回 阪神 6日目 サラ系３歳 オープン       (国際) 牝(特指) 別定 14頭 本賞金:2100,840,530,320,210万円",14,2100.0,4,5,8,カラペルソナ,牝,3,55.0,戸崎圭,119.8,クビ,4,6.9,35.8,10-11-12-13,栗東 斉藤崇,440,-2,
202609020609,2026-04-12,阪神,9,忘れな草賞,芝,2000,右,晴,良,"2回 阪神 6日目 サラ系３歳 オープン       (国際) 牝(特指) 別定 14頭 本賞金:2100,840,530,320,210万円",14,2100.0,5,6,10,エクリュ,牝,3,55.0,岩田望,119.9,1,13,83.5,36.1,10-10-8-9,栗東 井上,438,2,
202609020609,2026-04-12,阪神,9,忘れな草賞,芝,2000,右,晴,良,"2回 阪神 6日目 サラ系３歳 オープン       (国際) 牝(特指) 別定 14頭 本賞金:2100,840,530,320,210万円",14,2100.0,6,3,4,バースデイフライト,牝,3,55.0,田口,120.2,2,10,39.1,36.4,8-8-8-9,栗東 新谷,448,-4,
202609020609,2026-04-12,阪神,9,忘れな草賞,芝,2000,右,晴,良,"2回 阪神 6日目 サラ系３歳 オープン       (国際) 牝(特指) 別定 14頭 本賞金:2100,840,530,320,210万円",14,2100.0,7,7,12,アドマイヤシュラ,牝,3,55.0,坂井,120.3,クビ,3,6.0,36.6,12-12-8-8,栗東 友道,428,-6,
202609020609,2026-04-12,阪神,9,忘れな草賞,芝,2000,右,晴,良,"2回 阪神 6日目 サラ系３歳 オープン       (国際) 牝(特指) 別定 14頭 本賞金:2100,840,530,320,210万円",14,2100.0,8,5,7,ウィズクィーン,牝,3,55.0,武豊,120.4,1/2,12,65.5,36.1,13-13-14-14,栗東 上村,430,-2,
202609020609,2026-04-12,阪神,9,忘れな草賞,芝,2000,右,晴,良,"2回 阪神 6日目 サラ系３歳 オープン       (国際) 牝(特指) 別定 14頭 本賞金:2100,840,530,320,210万円",14,2100.0,9,4,5,ダーリングハースト,牝,3,55.0,ルメー,120.4,ハナ,1,3.6,36.8,5-5-6-5,美浦 宮田,474,-4,
202609020609,2026-04-12,阪神,9,忘れな草賞,芝,2000,右,晴,良,"2回 阪神 6日目 サラ系３歳 オープン       (国際) 牝(特指) 別定 14頭 本賞金:2100,840,530,320,210万円",14,2100.0,10,8,13,ソルパッサーレ,牝,3,55.0,浜中,120.5,1/2,2,4.1,37.0,5-5-4-4,栗東 四位,456,0,
202609020609,2026-04-12,阪神,9,忘れな草賞,芝,2000,右,晴,良,"2回 阪神 6日目 サラ系３歳 オープン       (国際) 牝(特指) 別定 14頭 本賞金:2100,840,530,320,210万円",14,2100.0,11,7,11,フルールドール,牝,3,55.0,松山,121.1,3.1/2,11,48.4,37.7,2-2-2-2,栗東 藤原,488,4,
202609020609,2026-04-12,阪神,9,忘れな草賞,芝,2000,右,晴,良,"2回 阪神 6日目 サラ系３歳 オープン       (国際) 牝(特指) 別定 14頭 本賞金:2100,840,530,320,210万円",14,2100.0,12,3,3,ニシノサリーナ,牝,3,55.0,池添,121.2,1/2,6,12.8,37.9,1-1-1-1,栗東 橋口,442,-6,
202609020609,2026-04-12,阪神,9,忘れな草賞,芝,2000,右,晴,良,"2回 阪神 6日目 サラ系３歳 オープン       (国際) 牝(特指) 別定 14頭 本賞金:2100,840,530,320,210万円",14,2100.0,13,4,6,フォーチュンライド,牝,3,55.0,川田,121.9,4,5,7.9,38.5,2-2-2-2,栗東 福永,476,-4,
202609020609,2026-04-12,阪神,9,忘れな草賞,芝,2000,右,晴,良,"2回 阪神 6日目 サラ系３歳 オープン       (国際) 牝(特指) 別定 14頭 本賞金:2100,840,530,320,210万円",14,2100.0,14,2,2,メイプルハッピー,牝,3,55.0,幸,122.3,2,14,107.7,38.8,4-4-4-5,栗東 北出,466,-10,
202609020610,2026-04-12,阪神,10,京橋S,芝,2000,右,晴,良,"2回 阪神 6日目 サラ系４歳以上 ３勝クラス       (混)[指] ハンデ 15頭 本賞金:1870,750,470,280,187万円",15,1870.0,1,2,2,マイネルエニグマ,牡,8,57.0,津村,119.6,,6,13.2,33.9,7-7-7-7,栗東 吉田,478,-6,
202609020610,2026-04-12,阪神,10,京橋S,芝,2000,右,晴,良,"2回 阪神 6日目 サラ系４歳以上 ３勝クラス       (混)[指] ハンデ 15頭 本賞金:1870,750,470,280,187万円",15,1870.0,2,4,7,ミュージシャン,牡,4,55.0,坂井,119.6,ハナ,2,4.8,34.4,2-2-2-2,栗東 杉山晴,476,0,
202609020610,2026-04-12,阪神,10,京橋S,芝,2000,右,晴,良,"2回 阪神 6日目 サラ系４歳以上 ３勝クラス       (混)[指] ハンデ 15頭 本賞金:1870,750,470,280,187万円",15,1870.0,3,3,5,バッデレイト,牡,5,56.0,岩田望,119.7,クビ,4,9.2,34.1,5-5-5-5,栗東 上村,472,-10,
202609020610,2026-04-12,阪神,10,京橋S,芝,2000,右,晴,良,"2回 阪神 6日目 サラ系４歳以上 ３勝クラス       (混)[指] ハンデ 15頭 本賞金:1870,750,470,280,187万円",15,1870.0,4,4,6,イケイケドンドン,牡,6,54.0,高杉,119.8,3/4,11,84.0,34.0,7-8-8-7,美浦 松山,478,-2,
202609020610,2026-04-12,阪神,10,京橋S,芝,2000,右,晴,良,"2回 阪神 6日目 サラ系４歳以上 ３勝クラス       (混)[指] ハンデ 15頭 本賞金:1870,750,470,280,187万円",15,1870.0,5,2,3,チルカーノ,牝,5,53.0,北村友,119.8,ハナ,8,25.3,33.9,10-10-10-10,栗東 高野,474,2,
202609020610,2026-04-12,阪神,10,京橋S,芝,2000,右,晴,良,"2回 阪神 6日目 サラ系４歳以上 ３勝クラス       (混)[指] ハンデ 15頭 本賞金:1870,750,470,280,187万円",15,1870.0,6,6,11,ソリダリティ,牡,7,55.0,幸,120.0,1.1/4,9,44.5,34.7,3-3-3-3,栗東 西園翔,514,0,
202609020610,2026-04-12,阪神,10,京橋S,芝,2000,右,晴,良,"2回 阪神 6日目 サラ系４歳以上 ３勝クラス       (混)[指] ハンデ 15頭 本賞金:1870,750,470,280,187万円",15,1870.0,6,8,14,エゾダイモン,牡,6,55.0,浜中,120.0,1.1/4,14,127.4,34.0,10-10-11-10,栗東 武幸,474,-12,
202609020610,2026-04-12,阪神,10,京橋S,芝,2000,右,晴,良,"2回 阪神 6日目 サラ系４歳以上 ３勝クラス       (混)[指] ハンデ 15頭 本賞金:1870,750,470,280,187万円",15,1870.0,8,1,1,アレナリア,牝,7,54.0,吉村,120.1,1/2,10,45.5,34.7,3-3-3-3,栗東 藤野,440,-2,
202609020610,2026-04-12,阪神,10,京橋S,芝,2000,右,晴,良,"2回 阪神 6日目 サラ系４歳以上 ３勝クラス       (混)[指] ハンデ 15頭 本賞金:1870,750,470,280,187万円",15,1870.0,9,5,9,ウイントレメンデス,牡,5,57.0,松山,120.2,クビ,7,14.3,34.0,12-12-12-12,栗東 長谷川,472,-4,
202609020610,2026-04-12,阪神,10,京橋S,芝,2000,右,晴,良,"2回 阪神 6日目 サラ系４歳以上 ３勝クラス       (混)[指] ハンデ 15頭 本賞金:1870,750,470,280,187万円",15,1870.0,10,3,4,リッケンバッカー,牡,8,53.0,古川吉,120.3,1,13,104.6,33.8,13-14-14-14,栗東 西村,470,-12,
202609020610,2026-04-12,阪神,10,京橋S,芝,2000,右,晴,良,"2回 阪神 6日目 サラ系４歳以上 ３勝クラス       (混)[指] ハンデ 15頭 本賞金:1870,750,470,280,187万円",15,1870.0,11,7,13,クレバーテースト,セ,7,55.0,荻野琢,120.3,アタマ,12,90.9,35.2,1-1-1-1,栗東 佐藤悠,450,-6,
202609020610,2026-04-12,阪神,10,京橋S,芝,2000,右,晴,良,"2回 阪神 6日目 サラ系４歳以上 ３勝クラス       (混)[指] ハンデ 15頭 本賞金:1870,750,470,280,187万円",15,1870.0,12,6,10,キングスコール,牡,4,57.0,西村淳,120.5,1,3,5.7,34.0,15-15-14-14,栗東 矢作,498,0,
202609020610,2026-04-12,阪神,10,京橋S,芝,2000,右,晴,良,"2回 阪神 6日目 サラ系４歳以上 ３勝クラス       (混)[指] ハンデ 15頭 本賞金:1870,750,470,280,187万円",15,1870.0,13,7,12,サトノクローク,牡,6,55.0,菱田,120.8,1.1/2,15,145.3,34.5,13-12-12-12,栗東 橋口,480,0,
202609020610,2026-04-12,阪神,10,京橋S,芝,2000,右,晴,良,"2回 阪神 6日目 サラ系４歳以上 ３勝クラス       (混)[指] ハンデ 15頭 本賞金:1870,750,470,280,187万円",15,1870.0,14,8,15,キーパフォーマー,牝,5,53.0,戸崎圭,121.0,1.1/4,5,10.9,35.4,5-5-5-5,栗東 辻野,468,6,
202609020610,2026-04-12,阪神,10,京橋S,芝,2000,右,晴,良,"2回 阪神 6日目 サラ系４歳以上 ３勝クラス       (混)[指] ハンデ 15頭 本賞金:1870,750,470,280,187万円",15,1870.0,15,5,8,ヴァリディシームス,牡,4,56.0,川田,122.1,7,1,2.5,36.3,7-8-8-7,栗東 中内田,494,-2,
202609020611,2026-04-12,阪神,11,桜花賞,芝,1600,右,晴,良,"2回 阪神 6日目 サラ系３歳 オープン       (国際) 牝(指) 馬齢 18頭 本賞金:14000,5600,3500,2100,1400万円",18,14000.0,1,7,15,スターアニス,牝,3,55.0,松山,91.5,,1,2.9,33.7,9-9,栗東 高野,480,2,
202609020611,2026-04-12,阪神,11,桜花賞,芝,1600,右,晴,良,"2回 阪神 6日目 サラ系３歳 オープン       (国際) 牝(指) 馬齢 18頭 本賞金:14000,5600,3500,2100,1400万円",18,14000.0,2,3,5,ギャラボーグ,牝,3,55.0,西村淳,91.9,2.1/2,5,14.1,34.4,5-4,栗東 杉山晴,490,-10,
202609020611,2026-04-12,阪神,11,桜花賞,芝,1600,右,晴,良,"2回 阪神 6日目 サラ系３歳 オープン       (国際) 牝(指) 馬齢 18頭 本賞金:14000,5600,3500,2100,1400万円",18,14000.0,3,6,11,ジッピーチューン,牝,3,55.0,北村友,92.0,3/4,12,79.3,33.7,17-17,美浦 林,422,-6,
202609020611,2026-04-12,阪神,11,桜花賞,芝,1600,右,晴,良,"2回 阪神 6日目 サラ系３歳 オープン       (国際) 牝(指) 馬齢 18頭 本賞金:14000,5600,3500,2100,1400万円",18,14000.0,4,3,6,アイニードユー,牝,3,55.0,川田,92.1,クビ,13,92.1,34.7,4-4,栗東 吉村,458,-2,
202609020611,2026-04-12,阪神,11,桜花賞,芝,1600,右,晴,良,"2回 阪神 6日目 サラ系３歳 オープン       (国際) 牝(指) 馬齢 18頭 本賞金:14000,5600,3500,2100,1400万円",18,14000.0,5,4,7,アランカール,牝,3,55.0,武豊,92.1,アタマ,4,8.1,33.8,17-17,栗東 斉藤崇,430,-2,
202609020611,2026-04-12,阪神,11,桜花賞,芝,1600,右,晴,良,"2回 阪神 6日目 サラ系３歳 オープン       (国際) 牝(指) 馬齢 18頭 本賞金:14000,5600,3500,2100,1400万円",18,14000.0,6,5,10,ナムラコスモス,牝,3,55.0,田口,92.1,クビ,7,23.0,34.1,13-13,栗東 大橋,490,6,
202609020611,2026-04-12,阪神,11,桜花賞,芝,1600,右,晴,良,"2回 阪神 6日目 サラ系３歳 オープン       (国際) 牝(指) 馬齢 18頭 本賞金:14000,5600,3500,2100,1400万円",18,14000.0,7,1,2,サンアントワーヌ,牝,3,55.0,荻野極,92.2,クビ,11,64.8,34.5,7-7,美浦 鹿戸,462,2,
202609020611,2026-04-12,阪神,11,桜花賞,芝,1600,右,晴,良,"2回 阪神 6日目 サラ系３歳 オープン       (国際) 牝(指) 馬齢 18頭 本賞金:14000,5600,3500,2100,1400万円",18,14000.0,8,2,4,エレガンスアスク,牝,3,55.0,岩田望,92.3,1/2,14,155.6,34.3,13-13,栗東 田中克,424,-8,
202609020611,2026-04-12,阪神,11,桜花賞,芝,1600,右,晴,良,"2回 阪神 6日目 サラ系３歳 オープン       (国際) 牝(指) 馬齢 18頭 本賞金:14000,5600,3500,2100,1400万円",18,14000.0,9,7,14,ドリームコア,牝,3,55.0,ルメー,92.3,クビ,2,3.1,34.4,11-11,美浦 萩原,502,0,
202609020611,2026-04-12,阪神,11,桜花賞,芝,1600,右,晴,良,"2回 阪神 6日目 サラ系３歳 オープン       (国際) 牝(指) 馬齢 18頭 本賞金:14000,5600,3500,2100,1400万円",18,14000.0,10,8,16,ショウナンカリス,牝,3,55.0,池添,92.6,1.1/2,17,295.6,35.1,5-4,美浦 加藤士,420,0,
202609020611,2026-04-12,阪神,11,桜花賞,芝,1600,右,晴,良,"2回 阪神 6日目 サラ系３歳 オープン       (国際) 牝(指) 馬齢 18頭 本賞金:14000,5600,3500,2100,1400万円",18,14000.0,11,7,13,リリージョワ,牝,3,55.0,浜中,92.6,クビ,3,7.4,34.4,16-16,栗東 武幸,456,6,
202609020611,2026-04-12,阪神,11,桜花賞,芝,1600,右,晴,良,"2回 阪神 6日目 サラ系３歳 オープン       (国際) 牝(指) 馬齢 18頭 本賞金:14000,5600,3500,2100,1400万円",18,14000.0,12,2,3,ディアダイヤモンド,牝,3,55.0,戸崎圭,92.8,1,6,16.4,35.0,9-9,美浦 手塚久,462,2,
202609020611,2026-04-12,阪神,11,桜花賞,芝,1600,右,晴,良,"2回 阪神 6日目 サラ系３歳 オープン       (国際) 牝(指) 馬齢 18頭 本賞金:14000,5600,3500,2100,1400万円",18,14000.0,13,6,12,スウィートハピネス,牝,3,55.0,高杉,92.8,クビ,9,29.0,34.7,13-15,栗東 北出,440,0,
202609020611,2026-04-12,阪神,11,桜花賞,芝,1600,右,晴,良,"2回 阪神 6日目 サラ系３歳 オープン       (国際) 牝(指) 馬齢 18頭 本賞金:14000,5600,3500,2100,1400万円",18,14000.0,14,5,9,ルールザウェイヴ,牝,3,55.0,原,93.0,1,15,205.7,35.8,2-2,美浦 宮田,422,2,
202609020611,2026-04-12,阪神,11,桜花賞,芝,1600,右,晴,良,"2回 阪神 6日目 サラ系３歳 オープン       (国際) 牝(指) 馬齢 18頭 本賞金:14000,5600,3500,2100,1400万円",18,14000.0,15,8,17,ブラックチャリス,牝,3,55.0,津村,93.5,3,10,39.3,35.8,7-7,栗東 武幸,458,-4,
202609020611,2026-04-12,阪神,11,桜花賞,芝,1600,右,晴,良,"2回 阪神 6日目 サラ系３歳 オープン       (国際) 牝(指) 馬齢 18頭 本賞金:14000,5600,3500,2100,1400万円",18,14000.0,16,8,18,プレセピオ,牝,3,55.0,富田,93.6,1/2,18,467.1,36.3,2-2,栗東 笹田,470,0,
202609020611,2026-04-12,阪神,11,桜花賞,芝,1600,右,晴,良,"2回 阪神 6日目 サラ系３歳 オープン       (国際) 牝(指) 馬齢 18頭 本賞金:14000,5600,3500,2100,1400万円",18,14000.0,17,1,1,フェスティバルヒル,牝,3,55.0,坂井,93.6,ハナ,8,24.0,35.7,11-11,栗東 四位,448,0,
202609020611,2026-04-12,阪神,11,桜花賞,芝,1600,右,晴,良,"2回 阪神 6日目 サラ系３歳 オープン       (国際) 牝(指) 馬齢 18頭 本賞金:14000,5600,3500,2100,1400万円",18,14000.0,18,4,8,ロンギングセリーヌ,牝,3,55.0,石橋脩,94.5,5,16,209.2,37.3,1-1,美浦 竹内,490,-6,
202609020612,2026-04-12,阪神,12,梅田S,ダ,2000,右,晴,良,"2回 阪神 6日目 サラ系４歳以上 ３勝クラス       (混)(特指) 定量 13頭 本賞金:1870,750,470,280,187万円",13,1870.0,1,5,6,ダブルジョーク,牡,6,58.0,池添,124.6,,7,13.6,35.6,13-13-13-7,栗東 小林,570,2,
202609020612,2026-04-12,阪神,12,梅田S,ダ,2000,右,晴,良,"2回 阪神 6日目 サラ系４歳以上 ３勝クラス       (混)(特指) 定量 13頭 本賞金:1870,750,470,280,187万円",13,1870.0,2,6,8,ロングウェイホーム,牡,4,58.0,荻野極,124.9,1.3/4,8,16.1,36.2,7-9-8-7,美浦 伊坂,534,-8,
202609020612,2026-04-12,阪神,12,梅田S,ダ,2000,右,晴,良,"2回 阪神 6日目 サラ系４歳以上 ３勝クラス       (混)(特指) 定量 13頭 本賞金:1870,750,470,280,187万円",13,1870.0,3,8,13,ペンナヴェローチェ,牡,5,58.0,岩田望,125.0,クビ,2,3.9,36.5,4-5-5-4,栗東 須貝,498,-8,
202609020612,2026-04-12,阪神,12,梅田S,ダ,2000,右,晴,良,"2回 阪神 6日目 サラ系４歳以上 ３勝クラス       (混)(特指) 定量 13頭 本賞金:1870,750,470,280,187万円",13,1870.0,4,7,11,リューデスハイム,牡,5,58.0,西村淳,125.0,アタマ,4,7.8,37.1,1-1-1-1,栗東 牧田,528,-10,
202609020612,2026-04-12,阪神,12,梅田S,ダ,2000,右,晴,良,"2回 阪神 6日目 サラ系４歳以上 ３勝クラス       (混)(特指) 定量 13頭 本賞金:1870,750,470,280,187万円",13,1870.0,5,4,5,ポルポラジール,牡,5,58.0,浜中,125.3,1.1/2,5,13.0,36.3,9-10-11-11,栗東 新谷,530,4,
202609020612,2026-04-12,阪神,12,梅田S,ダ,2000,右,晴,良,"2回 阪神 6日目 サラ系４歳以上 ３勝クラス       (混)(特指) 定量 13頭 本賞金:1870,750,470,280,187万円",13,1870.0,6,2,2,シンビリーブ,牡,4,58.0,川田,125.3,クビ,1,3.0,37.1,3-3-3-3,栗東 森秀,526,-4,
202609020612,2026-04-12,阪神,12,梅田S,ダ,2000,右,晴,良,"2回 阪神 6日目 サラ系４歳以上 ３勝クラス       (混)(特指) 定量 13頭 本賞金:1870,750,470,280,187万円",13,1870.0,7,1,1,ゴールドダイアー,牡,4,58.0,幸,125.3,クビ,10,26.6,37.0,4-3-3-4,栗東 平田,490,-2,
202609020612,2026-04-12,阪神,12,梅田S,ダ,2000,右,晴,良,"2回 阪神 6日目 サラ系４歳以上 ３勝クラス       (混)(特指) 定量 13頭 本賞金:1870,750,470,280,187万円",13,1870.0,8,3,3,ホルトバージ,牡,5,58.0,菱田,125.4,クビ,12,90.3,36.9,4-5-5-4,栗東 柴田,482,6,
202609020612,2026-04-12,阪神,12,梅田S,ダ,2000,右,晴,良,"2回 阪神 6日目 サラ系４歳以上 ３勝クラス       (混)(特指) 定量 13頭 本賞金:1870,750,470,280,187万円",13,1870.0,9,7,10,バッケンレコード,牡,4,58.0,武豊,125.4,ハナ,3,7.2,36.7,7-7-8-7,栗東 秋山,496,-2,
202609020612,2026-04-12,阪神,12,梅田S,ダ,2000,右,晴,良,"2回 阪神 6日目 サラ系４歳以上 ３勝クラス       (混)(特指) 定量 13頭 本賞金:1870,750,470,280,187万円",13,1870.0,10,6,9,ワンパット,牡,5,58.0,太宰,125.5,1/2,6,13.1,36.5,9-11-12-11,栗東 高橋亮,498,2,
202609020612,2026-04-12,阪神,12,梅田S,ダ,2000,右,晴,良,"2回 阪神 6日目 サラ系４歳以上 ３勝クラス       (混)(特指) 定量 13頭 本賞金:1870,750,470,280,187万円",13,1870.0,11,8,12,メイプルタピット,牡,5,58.0,藤懸,125.6,3/4,9,24.2,37.6,2-2-2-2,栗東 梅田,516,-2,
202609020612,2026-04-12,阪神,12,梅田S,ダ,2000,右,晴,良,"2回 阪神 6日目 サラ系４歳以上 ３勝クラス       (混)(特指) 定量 13頭 本賞金:1870,750,470,280,187万円",13,1870.0,12,4,4,キュールエフウジン,牡,7,58.0,角田和,125.9,1.1/2,13,221.4,37.1,12-11-10-11,栗東 中尾,500,-6,
202609020612,2026-04-12,阪神,12,梅田S,ダ,2000,右,晴,良,"2回 阪神 6日目 サラ系４歳以上 ３勝クラス       (混)(特指) 定量 13頭 本賞金:1870,750,470,280,187万円",13,1870.0,13,5,7,シャルクハフト,牡,4,58.0,吉村,126.0,1/2,11,37.5,37.4,9-7-7-7,栗東 清水久,506,0,
202603010301,2026-04-18,福島,1,3歳未勝利,ダ,1150,右,晴,良,"1回 福島 3日目 サラ系３歳 未勝利       [指] 馬齢 16頭 本賞金:590,240,150,89,59万円",16,590.0,1,7,14,メイショウイブキ,牝,3,55.0,吉田隼,69.5,,2,3.8,36.7,2-2,栗東 荒川,464,-6,
202603010301,2026-04-18,福島,1,3歳未勝利,ダ,1150,右,晴,良,"1回 福島 3日目 サラ系３歳 未勝利       [指] 馬齢 16頭 本賞金:590,240,150,89,59万円",16,590.0,2,1,2,サンライズロイ,牡,3,57.0,国分恭,69.7,1,8,29.7,36.6,5-3,栗東 牧浦,472,0,
202603010301,2026-04-18,福島,1,3歳未勝利,ダ,1150,右,晴,良,"1回 福島 3日目 サラ系３歳 未勝利       [指] 馬齢 16頭 本賞金:590,240,150,89,59万円",16,590.0,3,8,15,リアアーテシアン,牝,3,53.0,◇今村,69.9,1.1/4,5,9.8,37.2,1-1,美浦 武井,428,-2,
202603010301,2026-04-18,福島,1,3歳未勝利,ダ,1150,右,晴,良,"1回 福島 3日目 サラ系３歳 未勝利       [指] 馬齢 16頭 本賞金:590,240,150,89,59万円",16,590.0,4,5,9,マクアケ,牡,3,57.0,小沢,70.0,1/2,3,5.7,36.8,6-6,栗東 杉山佳,494,4,
202603010301,2026-04-18,福島,1,3歳未勝利,ダ,1150,右,晴,良,"1回 福島 3日目 サラ系３歳 未勝利       [指] 馬齢 16頭 本賞金:590,240,150,89,59万円",16,590.0,5,8,16,フェルアフリーゼ,牝,3,53.0,△長浜,70.0,クビ,4,9.3,37.1,2-3,美浦 深山,440,0,
202603010301,2026-04-18,福島,1,3歳未勝利,ダ,1150,右,晴,良,"1回 福島 3日目 サラ系３歳 未勝利       [指] 馬齢 16頭 本賞金:590,240,150,89,59万円",16,590.0,6,6,11,ワイドアルバ,牡,3,57.0,丹内,70.7,4,7,23.3,37.8,2-3,栗東 藤野,484,0,
202603010301,2026-04-18,福島,1,3歳未勝利,ダ,1150,右,晴,良,"1回 福島 3日目 サラ系３歳 未勝利       [指] 馬齢 16頭 本賞金:590,240,150,89,59万円",16,590.0,7,3,6,エリースノー,牝,3,51.0,★河原田,70.9,1,11,126.5,36.9,16-12,美浦 武市,424,-4,
202603010301,2026-04-18,福島,1,3歳未勝利,ダ,1150,右,晴,良,"1回 福島 3日目 サラ系３歳 未勝利       [指] 馬齢 16頭 本賞金:590,240,150,89,59万円",16,590.0,8,4,8,セランディア,牝,3,55.0,中井,71.1,1.1/2,15,297.5,37.7,9-7,美浦 小野,446,-6,
202603010301,2026-04-18,福島,1,3歳未勝利,ダ,1150,右,晴,良,"1回 福島 3日目 サラ系３歳 未勝利       [指] 馬齢 16頭 本賞金:590,240,150,89,59万円",16,590.0,9,2,4,オニノウタゲ,牝,3,53.0,△舟山,71.3,1.1/4,13,151.0,37.7,11-14,美浦 尾関,440,-10,
202603010301,2026-04-18,福島,1,3歳未勝利,ダ,1150,右,晴,良,"1回 福島 3日目 サラ系３歳 未勝利       [指] 馬齢 16頭 本賞金:590,240,150,89,59万円",16,590.0,10,7,13,シビルガード,牡,3,57.0,藤懸,71.5,1.1/4,6,15.8,38.3,6-7,栗東 庄野,454,-4,
202603010301,2026-04-18,福島,1,3歳未勝利,ダ,1150,右,晴,良,"1回 福島 3日目 サラ系３歳 未勝利       [指] 馬齢 16頭 本賞金:590,240,150,89,59万円",16,590.0,11,3,5,ビップブレット,牡,3,54.0,▲和田陽,71.8,2,14,290.2,38.1,13-11,美浦 田島,480,-14,
202603010301,2026-04-18,福島,1,3歳未勝利,ダ,1150,右,晴,良,"1回 福島 3日目 サラ系３歳 未勝利       [指] 馬齢 16頭 本賞金:590,240,150,89,59万円",16,590.0,12,5,10,スリーマドンナ,牝,3,52.0,▲石田,72.0,1,12,140.9,38.3,13-12,美浦 伊藤圭,430,4,
202603010301,2026-04-18,福島,1,3歳未勝利,ダ,1150,右,晴,良,"1回 福島 3日目 サラ系３歳 未勝利       [指] 馬齢 16頭 本賞金:590,240,150,89,59万円",16,590.0,13,4,7,ノーブルガイザー,牡,3,57.0,荻野琢,72.3,1.1/2,9,78.6,38.8,11-9,栗東 宮本,438,-6,
202603010301,2026-04-18,福島,1,3歳未勝利,ダ,1150,右,晴,良,"1回 福島 3日目 サラ系３歳 未勝利       [指] 馬齢 16頭 本賞金:590,240,150,89,59万円",16,590.0,14,1,1,サノノキャニオン,牡,3,54.0,▲小林美,72.5,1.1/4,1,2.4,39.1,9-14,美浦 栗田,500,-8,
202603010301,2026-04-18,福島,1,3歳未勝利,ダ,1150,右,晴,良,"1回 福島 3日目 サラ系３歳 未勝利       [指] 馬齢 16頭 本賞金:590,240,150,89,59万円",16,590.0,15,2,3,ポッドシャンク,牡,3,54.0,▲大久保,72.6,3/4,16,354.2,38.9,13-14,美浦 武市,458,-8,
202603010301,2026-04-18,福島,1,3歳未勝利,ダ,1150,右,晴,良,"1回 福島 3日目 サラ系３歳 未勝利       [指] 馬齢 16頭 本賞金:590,240,150,89,59万円",16,590.0,16,6,12,イサチルニャーニャ,牝,3,52.0,▲遠藤,72.7,1/2,10,108.3,39.5,6-9,美浦 竹内,426,6,
202603010302,2026-04-18,福島,2,3歳未勝利,芝,2000,右,晴,良,"1回 福島 3日目 サラ系３歳 未勝利       牝[指] 馬齢 16頭 本賞金:590,240,150,89,59万円",16,590.0,1,7,14,ララオウ,牝,3,52.0,▲田山,119.7,,8,18.9,35.3,6-6-6-2,栗東 須貝,496,0,
202603010302,2026-04-18,福島,2,3歳未勝利,芝,2000,右,晴,良,"1回 福島 3日目 サラ系３歳 未勝利       牝[指] 馬齢 16頭 本賞金:590,240,150,89,59万円",16,590.0,2,5,10,ウインポーシャ,牝,3,53.0,△長浜,119.9,3/4,4,9.5,35.9,2-2-2-1,美浦 矢嶋,468,-2,
202603010302,2026-04-18,福島,2,3歳未勝利,芝,2000,右,晴,良,"1回 福島 3日目 サラ系３歳 未勝利       牝[指] 馬齢 16頭 本賞金:590,240,150,89,59万円",16,590.0,3,2,3,ソニックブーム,牝,3,52.0,▲和田陽,120.1,1,5,11.5,35.6,8-8-8-7,栗東 柴田,452,0,
202603010302,2026-04-18,福島,2,3歳未勝利,芝,2000,右,晴,良,"1回 福島 3日目 サラ系３歳 未勝利       牝[指] 馬齢 16頭 本賞金:590,240,150,89,59万円",16,590.0,4,3,6,ブライトエアリー,牝,3,55.0,横山琉,120.2,1/2,2,3.4,35.9,3-4-3-5,美浦 相沢,448,0,
202603010302,2026-04-18,福島,2,3歳未勝利,芝,2000,右,晴,良,"1回 福島 3日目 サラ系３歳 未勝利       牝[指] 馬齢 16頭 本賞金:590,240,150,89,59万円",16,590.0,5,2,4,カルダモン,牝,3,55.0,石川,120.4,1.1/4,1,3.1,36.0,7-7-6-3,美浦 黒岩,466,0,
202603010302,2026-04-18,福島,2,3歳未勝利,芝,2000,右,晴,良,"1回 福島 3日目 サラ系３歳 未勝利       牝[指] 馬齢 16頭 本賞金:590,240,150,89,59万円",16,590.0,6,7,13,カドドゥディエ,牝,3,52.0,▲遠藤,120.4,クビ,3,7.5,35.6,13-13-10-10,美浦 西田,422,2,
202603010302,2026-04-18,福島,2,3歳未勝利,芝,2000,右,晴,良,"1回 福島 3日目 サラ系３歳 未勝利       牝[指] 馬齢 16頭 本賞金:590,240,150,89,59万円",16,590.0,7,4,8,ボーントゥラブユー,牝,3,53.0,△舟山,120.5,1/2,7,17.1,36.2,3-4-3-6,美浦 小笠,472,-8,
202603010302,2026-04-18,福島,2,3歳未勝利,芝,2000,右,晴,良,"1回 福島 3日目 サラ系３歳 未勝利       牝[指] 馬齢 16頭 本賞金:590,240,150,89,59万円",16,590.0,8,1,2,アルティマローネ,牝,3,55.0,丸山,120.5,ハナ,6,13.2,35.3,16-16-15-14,美浦 武市,388,-4,
202603010302,2026-04-18,福島,2,3歳未勝利,芝,2000,右,晴,良,"1回 福島 3日目 サラ系３歳 未勝利       牝[指] 馬齢 16頭 本賞金:590,240,150,89,59万円",16,590.0,9,6,11,スカーレットジーン,牝,3,53.0,◇永島,120.9,2.1/2,16,214.9,35.8,14-14-14-11,美浦 水野,424,4,
202603010302,2026-04-18,福島,2,3歳未勝利,芝,2000,右,晴,良,"1回 福島 3日目 サラ系３歳 未勝利       牝[指] 馬齢 16頭 本賞金:590,240,150,89,59万円",16,590.0,10,3,5,キャリアビジョン,牝,3,52.0,▲上里,120.9,アタマ,13,65.1,35.9,12-12-13-11,美浦 西田,406,-2,
202603010302,2026-04-18,福島,2,3歳未勝利,芝,2000,右,晴,良,"1回 福島 3日目 サラ系３歳 未勝利       牝[指] 馬齢 16頭 本賞金:590,240,150,89,59万円",16,590.0,11,4,7,ヴィンテール,牝,3,53.0,◇今村,120.9,ハナ,11,40.3,35.7,15-15-15-16,栗東 池江,438,-12,
202603010302,2026-04-18,福島,2,3歳未勝利,芝,2000,右,晴,良,"1回 福島 3日目 サラ系３歳 未勝利       牝[指] 馬齢 16頭 本賞金:590,240,150,89,59万円",16,590.0,12,1,1,サンロード,牝,3,55.0,丹内,121.0,1/2,12,64.8,36.5,11-11-8-7,美浦 竹内,434,0,
202603010302,2026-04-18,福島,2,3歳未勝利,芝,2000,右,晴,良,"1回 福島 3日目 サラ系３歳 未勝利       牝[指] 馬齢 16頭 本賞金:590,240,150,89,59万円",16,590.0,13,6,12,エコロゼルダ,牝,3,55.0,斎藤,121.4,2.1/2,10,40.2,36.6,9-9-10-11,栗東 牧浦,474,0,
202603010302,2026-04-18,福島,2,3歳未勝利,芝,2000,右,晴,良,"1回 福島 3日目 サラ系３歳 未勝利       牝[指] 馬齢 16頭 本賞金:590,240,150,89,59万円",16,590.0,14,8,16,ミスティパープル,牝,3,55.0,西塚,122.2,5,9,39.2,37.9,3-3-3-7,栗東 茶木,450,8,
202603010302,2026-04-18,福島,2,3歳未勝利,芝,2000,右,晴,良,"1回 福島 3日目 サラ系３歳 未勝利       牝[指] 馬齢 16頭 本賞金:590,240,150,89,59万円",16,590.0,15,8,15,ウィッシュリスト,牝,3,52.0,▲石神道,122.7,3.1/2,15,102.3,37.9,9-9-10-14,美浦 松尾,498,0,
202603010302,2026-04-18,福島,2,3歳未勝利,芝,2000,右,晴,良,"1回 福島 3日目 サラ系３歳 未勝利       牝[指] 馬齢 16頭 本賞金:590,240,150,89,59万円",16,590.0,16,5,9,ガーデンバイザベイ,牝,3,55.0,菊沢,123.1,2.1/2,14,87.7,39.1,1-1-1-3,美浦 小笠,410,-8,
202603010303,2026-04-18,福島,3,3歳未勝利,芝,1200,右,晴,良,"1回 福島 3日目 サラ系３歳 未勝利       [指] 馬齢 16頭 本賞金:590,240,150,89,59万円",16,590.0,1,8,16,アイアムステキ,牝,3,52.0,▲田山,69.1,,4,8.8,34.4,9-8,美浦 奥平,446,-4,
202603010303,2026-04-18,福島,3,3歳未勝利,芝,1200,右,晴,良,"1回 福島 3日目 サラ系３歳 未勝利       [指] 馬齢 16頭 本賞金:590,240,150,89,59万円",16,590.0,2,7,13,ニシノタチアナ,牝,3,52.0,▲石神道,69.2,1/2,5,10.8,34.6,8-6,美浦 清水英,366,0,
202603010303,2026-04-18,福島,3,3歳未勝利,芝,1200,右,晴,良,"1回 福島 3日目 サラ系３歳 未勝利       [指] 馬齢 16頭 本賞金:590,240,150,89,59万円",16,590.0,3,3,6,タイガーロード,牡,3,57.0,西塚,69.2,ハナ,1,2.8,35.0,4-3,栗東 大橋,462,-6,
202603010303,2026-04-18,福島,3,3歳未勝利,芝,1200,右,晴,良,"1回 福島 3日目 サラ系３歳 未勝利       [指] 馬齢 16頭 本賞金:590,240,150,89,59万円",16,590.0,4,8,15,マイネルユーゲント,牡,3,57.0,丹内,69.3,3/4,2,3.4,35.2,2-3,美浦 加藤士,448,4,
202603010303,2026-04-18,福島,3,3歳未勝利,芝,1200,右,晴,良,"1回 福島 3日目 サラ系３歳 未勝利       [指] 馬齢 16頭 本賞金:590,240,150,89,59万円",16,590.0,5,6,12,トウカイツバキ,牝,3,55.0,亀田,69.4,1/2,16,144.8,34.4,11-10,栗東 北出,392,-16,
202603010303,2026-04-18,福島,3,3歳未勝利,芝,1200,右,晴,良,"1回 福島 3日目 サラ系３歳 未勝利       [指] 馬齢 16頭 本賞金:590,240,150,89,59万円",16,590.0,6,5,9,ノーブルクロンヌ,牝,3,52.0,▲和田陽,69.5,1/2,8,20.1,34.8,9-10,美浦 高柳瑞,446,-4,
202603010303,2026-04-18,福島,3,3歳未勝利,芝,1200,右,晴,良,"1回 福島 3日目 サラ系３歳 未勝利       [指] 馬齢 16頭 本賞金:590,240,150,89,59万円",16,590.0,7,3,5,タワーオブバベル,牡,3,55.0,△鷲頭,69.6,1/2,6,19.1,34.1,14-12,栗東 坂口,512,2,
202603010303,2026-04-18,福島,3,3歳未勝利,芝,1200,右,晴,良,"1回 福島 3日目 サラ系３歳 未勝利       [指] 馬齢 16頭 本賞金:590,240,150,89,59万円",16,590.0,8,4,8,ディサイドオンミー,牝,3,52.0,▲遠藤,69.7,1/2,3,7.3,35.4,5-6,美浦 堀内,410,-2,
202603010303,2026-04-18,福島,3,3歳未勝利,芝,1200,右,晴,良,"1回 福島 3日目 サラ系３歳 未勝利       [指] 馬齢 16頭 本賞金:590,240,150,89,59万円",16,590.0,9,4,7,ニシノキンツバ,牡,3,55.0,◇今村,69.9,1.1/4,13,94.3,34.6,12-14,美浦 小野,444,-10,
202603010303,2026-04-18,福島,3,3歳未勝利,芝,1200,右,晴,良,"1回 福島 3日目 サラ系３歳 未勝利       [指] 馬齢 16頭 本賞金:590,240,150,89,59万円",16,590.0,10,6,11,マテンロウノア,牡,3,57.0,斎藤,70.0,1,7,20.0,34.7,12-12,栗東 坂口,414,0,
202603010303,2026-04-18,福島,3,3歳未勝利,芝,1200,右,晴,良,"1回 福島 3日目 サラ系３歳 未勝利       [指] 馬齢 16頭 本賞金:590,240,150,89,59万円",16,590.0,11,5,10,メイケイシャイン,牡,3,54.0,▲石田,70.2,1,14,104.6,34.7,14-14,栗東 武英,496,34,
202603010303,2026-04-18,福島,3,3歳未勝利,芝,1200,右,晴,良,"1回 福島 3日目 サラ系３歳 未勝利       [指] 馬齢 16頭 本賞金:590,240,150,89,59万円",16,590.0,12,1,2,キャッチミークライ,牝,3,55.0,松若,70.2,ハナ,12,80.1,35.9,5-3,栗東 牧田,404,0,
202603010303,2026-04-18,福島,3,3歳未勝利,芝,1200,右,晴,良,"1回 福島 3日目 サラ系３歳 未勝利       [指] 馬齢 16頭 本賞金:590,240,150,89,59万円",16,590.0,13,1,1,ローズバラード,牝,3,53.0,△長浜,70.8,3.1/2,11,66.3,35.2,14-16,美浦 深山,398,0,
202603010303,2026-04-18,福島,3,3歳未勝利,芝,1200,右,晴,良,"1回 福島 3日目 サラ系３歳 未勝利       [指] 馬齢 16頭 本賞金:590,240,150,89,59万円",16,590.0,14,2,3,ダイシンレスター,牡,3,57.0,杉原,70.9,1/2,9,35.0,36.4,7-8,美浦 戸田,444,-8,
202603010303,2026-04-18,福島,3,3歳未勝利,芝,1200,右,晴,良,"1回 福島 3日目 サラ系３歳 未勝利       [指] 馬齢 16頭 本賞金:590,240,150,89,59万円",16,590.0,15,2,4,ミラクルスパート,牝,3,52.0,▲上里,70.9,クビ,15,106.1,36.9,1-1,美浦 小野,432,-2,
202603010303,2026-04-18,福島,3,3歳未勝利,芝,1200,右,晴,良,"1回 福島 3日目 サラ系３歳 未勝利       [指] 馬齢 16頭 本賞金:590,240,150,89,59万円",16,590.0,16,7,14,エメラルドテソーロ,牝,3,55.0,富田,71.5,3.1/2,10,64.3,37.5,2-2,美浦 牧,398,-8,
202603010304,2026-04-18,福島,4,3歳未勝利,ダ,1700,右,晴,良,"1回 福島 3日目 サラ系３歳 未勝利       [指] 馬齢 15頭 本賞金:590,240,150,89,59万円",15,590.0,1,5,9,アンティーム,牡,3,57.0,国分恭,107.3,,8,24.9,37.1,3-3-3-3,栗東 高橋忠,496,0,
202603010304,2026-04-18,福島,4,3歳未勝利,ダ,1700,右,晴,良,"1回 福島 3日目 サラ系３歳 未勝利       [指] 馬齢 15頭 本賞金:590,240,150,89,59万円",15,590.0,2,7,12,エタンセル,牡,3,57.0,丹内,107.7,2.1/2,1,1.7,37.6,2-2-2-2,美浦 高木,464,0,
202603010304,2026-04-18,福島,4,3歳未勝利,ダ,1700,右,晴,良,"1回 福島 3日目 サラ系３歳 未勝利       [指] 馬齢 15頭 本賞金:590,240,150,89,59万円",15,590.0,3,6,10,ボールドタワー,牡,3,57.0,横山琉,107.8,1,2,6.4,37.4,3-5-4-4,美浦 鈴木慎,476,-6,
202603010304,2026-04-18,福島,4,3歳未勝利,ダ,1700,右,晴,良,"1回 福島 3日目 サラ系３歳 未勝利       [指] 馬齢 15頭 本賞金:590,240,150,89,59万円",15,590.0,4,5,8,メイショウタイザン,牡,3,55.0,△舟山,107.9,クビ,3,7.5,37.9,1-1-1-1,栗東 高橋忠,456,4,
202603010304,2026-04-18,福島,4,3歳未勝利,ダ,1700,右,晴,良,"1回 福島 3日目 サラ系３歳 未勝利       [指] 馬齢 15頭 本賞金:590,240,150,89,59万円",15,590.0,5,4,6,チェイサー,牡,3,55.0,△長浜,108.7,5,11,79.9,38.3,3-3-4-4,美浦 相沢,418,-14,
202603010304,2026-04-18,福島,4,3歳未勝利,ダ,1700,右,晴,良,"1回 福島 3日目 サラ系３歳 未勝利       [指] 馬齢 15頭 本賞金:590,240,150,89,59万円",15,590.0,6,8,14,フロムドーン,牡,3,54.0,▲石田,108.8,1/2,13,156.6,38.0,9-9-9-9,美浦 新開,496,4,
202603010304,2026-04-18,福島,4,3歳未勝利,ダ,1700,右,晴,良,"1回 福島 3日目 サラ系３歳 未勝利       [指] 馬齢 15頭 本賞金:590,240,150,89,59万円",15,590.0,7,3,5,ホウオウモチーヴ,牡,3,55.0,◇古川奈,108.9,1/2,5,12.7,37.8,12-12-11-9,栗東 矢作,490,0,
202603010304,2026-04-18,福島,4,3歳未勝利,ダ,1700,右,晴,良,"1回 福島 3日目 サラ系３歳 未勝利       [指] 馬齢 15頭 本賞金:590,240,150,89,59万円",15,590.0,8,3,4,ドナソラーレ,牝,3,52.0,▲遠藤,109.1,1.1/4,14,196.6,38.4,6-6-6-6,美浦 池上,424,6,
202603010304,2026-04-18,福島,4,3歳未勝利,ダ,1700,右,晴,良,"1回 福島 3日目 サラ系３歳 未勝利       [指] 馬齢 15頭 本賞金:590,240,150,89,59万円",15,590.0,9,8,15,ティナンヴァランタ,牝,3,52.0,▲石神道,109.4,1.1/2,4,12.4,38.7,6-6-6-8,美浦 森一,448,4,
202603010304,2026-04-18,福島,4,3歳未勝利,ダ,1700,右,晴,良,"1回 福島 3日目 サラ系３歳 未勝利       [指] 馬齢 15頭 本賞金:590,240,150,89,59万円",15,590.0,10,7,13,サイモンエクセラー,牡,3,57.0,小崎,109.9,3,9,52.8,38.6,12-12-14-12,栗東 四位,446,-2,
202603010304,2026-04-18,福島,4,3歳未勝利,ダ,1700,右,晴,良,"1回 福島 3日目 サラ系３歳 未勝利       [指] 馬齢 15頭 本賞金:590,240,150,89,59万円",15,590.0,11,4,7,ブロンザイト,牡,3,57.0,小沢,109.9,ハナ,7,16.2,38.6,12-14-14-12,栗東 福永,490,-10,
202603010304,2026-04-18,福島,4,3歳未勝利,ダ,1700,右,晴,良,"1回 福島 3日目 サラ系３歳 未勝利       [指] 馬齢 15頭 本賞金:590,240,150,89,59万円",15,590.0,12,2,2,ラットバラット,牡,3,55.0,△鷲頭,109.9,クビ,15,271.3,39.2,8-6-6-6,美浦 矢野,480,-4,
202603010304,2026-04-18,福島,4,3歳未勝利,ダ,1700,右,晴,良,"1回 福島 3日目 サラ系３歳 未勝利       [指] 馬齢 15頭 本賞金:590,240,150,89,59万円",15,590.0,13,1,1,ワルトシュタイン,牡,3,57.0,菊沢,110.5,3.1/2,6,15.7,39.5,10-9-11-12,栗東 佐藤悠,478,-4,
202603010304,2026-04-18,福島,4,3歳未勝利,ダ,1700,右,晴,良,"1回 福島 3日目 サラ系３歳 未勝利       [指] 馬齢 15頭 本賞金:590,240,150,89,59万円",15,590.0,14,2,3,レッドジルベスター,牡,3,57.0,川又,110.6,クビ,10,78.7,39.6,15-15-11-12,栗東 寺島,480,-12,
202603010304,2026-04-18,福島,4,3歳未勝利,ダ,1700,右,晴,良,"1回 福島 3日目 サラ系３歳 未勝利       [指] 馬齢 15頭 本賞金:590,240,150,89,59万円",15,590.0,15,6,11,クレバー,牡,3,57.0,中井,110.7,1/2,12,137.8,39.8,10-9-9-11,栗東 中内田,446,0,
202603010305,2026-04-18,福島,5,3歳未勝利,芝,1800,右,晴,良,"1回 福島 3日目 サラ系３歳 未勝利       見習騎手 馬齢 16頭 本賞金:590,240,150,89,59万円",16,590.0,1,7,14,ブランドブラン,牡,3,57.0,泉谷,107.2,,2,4.0,34.6,4-4-3-3,栗東 杉山晴,492,-8,
202603010305,2026-04-18,福島,5,3歳未勝利,芝,1800,右,晴,良,"1回 福島 3日目 サラ系３歳 未勝利       見習騎手 馬齢 16頭 本賞金:590,240,150,89,59万円",16,590.0,2,4,7,ウインマニフィーク,牡,3,54.0,▲石神道,107.6,2,1,3.4,34.9,4-4-4-3,美浦 鈴木慎,464,2,
202603010305,2026-04-18,福島,5,3歳未勝利,芝,1800,右,晴,良,"1回 福島 3日目 サラ系３歳 未勝利       見習騎手 馬齢 16頭 本賞金:590,240,150,89,59万円",16,590.0,3,1,1,モンロワイヤル,牡,3,55.0,△舟山,107.8,1.1/2,4,6.9,34.2,15-15-13-10,栗東 牧浦,458,-8,
202603010305,2026-04-18,福島,5,3歳未勝利,芝,1800,右,晴,良,"1回 福島 3日目 サラ系３歳 未勝利       見習騎手 馬齢 16頭 本賞金:590,240,150,89,59万円",16,590.0,4,4,8,イーサンミラー,牡,3,54.0,▲大久保,107.8,アタマ,5,7.2,34.8,6-6-7-8,美浦 稲垣,420,-2,
202603010305,2026-04-18,福島,5,3歳未勝利,芝,1800,右,晴,良,"1回 福島 3日目 サラ系３歳 未勝利       見習騎手 馬齢 16頭 本賞金:590,240,150,89,59万円",16,590.0,5,2,3,ミリオングローリー,牡,3,55.0,△長浜,107.9,クビ,3,5.6,35.1,9-8-4-5,美浦 蛯名正,460,-6,
202603010305,2026-04-18,福島,5,3歳未勝利,芝,1800,右,晴,良,"1回 福島 3日目 サラ系３歳 未勝利       見習騎手 馬齢 16頭 本賞金:590,240,150,89,59万円",16,590.0,6,1,2,テクノピーチ,牝,3,55.0,小沢,107.9,アタマ,13,69.5,34.9,9-10-7-6,栗東 橋口,446,-2,
202603010305,2026-04-18,福島,5,3歳未勝利,芝,1800,右,晴,良,"1回 福島 3日目 サラ系３歳 未勝利       見習騎手 馬齢 16頭 本賞金:590,240,150,89,59万円",16,590.0,7,8,16,ホールドミーワンス,牝,3,53.0,◇今村,108.1,1.1/2,6,15.6,35.7,2-2-2-1,栗東 西園翔,498,-4,
202603010305,2026-04-18,福島,5,3歳未勝利,芝,1800,右,晴,良,"1回 福島 3日目 サラ系３歳 未勝利       見習騎手 馬齢 16頭 本賞金:590,240,150,89,59万円",16,590.0,8,3,5,ファビュラスベガス,牝,3,52.0,▲田山,108.3,3/4,11,64.6,35.0,7-8-10-10,栗東 前川,430,4,
202603010305,2026-04-18,福島,5,3歳未勝利,芝,1800,右,晴,良,"1回 福島 3日目 サラ系３歳 未勝利       見習騎手 馬齢 16頭 本賞金:590,240,150,89,59万円",16,590.0,9,6,12,キボウホー,牡,3,54.0,▲森田,108.3,ハナ,10,42.7,35.4,3-3-6-6,栗東 松永幹,448,2,
202603010305,2026-04-18,福島,5,3歳未勝利,芝,1800,右,晴,良,"1回 福島 3日目 サラ系３歳 未勝利       見習騎手 馬齢 16頭 本賞金:590,240,150,89,59万円",16,590.0,10,2,4,ウインリフレクト,牡,3,54.0,▲遠藤,108.4,1/2,9,39.4,36.1,1-1-1-2,美浦 嘉藤,436,-2,
202603010305,2026-04-18,福島,5,3歳未勝利,芝,1800,右,晴,良,"1回 福島 3日目 サラ系３歳 未勝利       見習騎手 馬齢 16頭 本賞金:590,240,150,89,59万円",16,590.0,11,6,11,ブルーリファール,牡,3,55.0,◇古川奈,108.8,2.1/2,7,24.8,35.1,13-13-15-15,美浦 小野,484,0,
202603010305,2026-04-18,福島,5,3歳未勝利,芝,1800,右,晴,良,"1回 福島 3日目 サラ系３歳 未勝利       見習騎手 馬齢 16頭 本賞金:590,240,150,89,59万円",16,590.0,12,5,10,ウィズアバウンス,牝,3,52.0,▲上里,109.4,3.1/2,8,31.2,36.1,11-10-10-12,美浦 武藤,392,-4,
202603010305,2026-04-18,福島,5,3歳未勝利,芝,1800,右,晴,良,"1回 福島 3日目 サラ系３歳 未勝利       見習騎手 馬齢 16頭 本賞金:590,240,150,89,59万円",16,590.0,13,8,15,レディホークダイヤ,牝,3,55.0,松本,109.6,1.1/4,12,67.2,36.1,12-12-12-13,美浦 田中剛,440,-2,
202603010305,2026-04-18,福島,5,3歳未勝利,芝,1800,右,晴,良,"1回 福島 3日目 サラ系３歳 未勝利       見習騎手 馬齢 16頭 本賞金:590,240,150,89,59万円",16,590.0,14,5,9,アクティングエリア,牝,3,55.0,横山琉,109.7,3/4,14,71.4,36.7,7-6-7-9,美浦 天間,438,-8,
202603010305,2026-04-18,福島,5,3歳未勝利,芝,1800,右,晴,良,"1回 福島 3日目 サラ系３歳 未勝利       見習騎手 馬齢 16頭 本賞金:590,240,150,89,59万円",16,590.0,15,7,13,ジーティーウブラブ,牝,3,51.0,★河原田,109.7,クビ,16,193.2,36.1,14-13-13-13,美浦 伊藤圭,386,-2,
202603010305,2026-04-18,福島,5,3歳未勝利,芝,1800,右,晴,良,"1回 福島 3日目 サラ系３歳 未勝利       見習騎手 馬齢 16頭 本賞金:590,240,150,89,59万円",16,590.0,16,3,6,ホウオウアワード,牡,3,55.0,△鷲頭,116.0,大,15,189.8,39.2,16-16-16-16,美浦 奥村武,444,-6,
202603010306,2026-04-18,福島,6,3歳未勝利,芝,2600,右,晴,良,"1回 福島 3日目 サラ系３歳 未勝利       (混)[指] 馬齢 15頭 本賞金:590,240,150,89,59万円",15,590.0,1,7,12,バルドル,牡,3,57.0,荻野極,162.7,,5,10.7,34.8,2-2-2-1,美浦 池上,446,-4,
202603010306,2026-04-18,福島,6,3歳未勝利,芝,2600,右,晴,良,"1回 福島 3日目 サラ系３歳 未勝利       (混)[指] 馬齢 15頭 本賞金:590,240,150,89,59万円",15,590.0,2,2,2,ベルトラッキ,牡,3,57.0,丹内,163.3,3.1/2,1,2.7,34.4,7-7-9-6,美浦 加藤士,468,-4,
202603010306,2026-04-18,福島,6,3歳未勝利,芝,2600,右,晴,良,"1回 福島 3日目 サラ系３歳 未勝利       (混)[指] 馬齢 15頭 本賞金:590,240,150,89,59万円",15,590.0,3,4,6,ドナディクオーレ,牝,3,55.0,丸山,163.3,クビ,12,90.7,34.9,3-3-3-3,美浦 上原佑,366,-6,
202603010306,2026-04-18,福島,6,3歳未勝利,芝,2600,右,晴,良,"1回 福島 3日目 サラ系３歳 未勝利       (混)[指] 馬齢 15頭 本賞金:590,240,150,89,59万円",15,590.0,4,4,7,タビニュ,牡,3,57.0,吉田隼,163.4,3/4,10,73.9,34.2,10-10-11-9,美浦 松尾,474,-8,
202603010306,2026-04-18,福島,6,3歳未勝利,芝,2600,右,晴,良,"1回 福島 3日目 サラ系３歳 未勝利       (混)[指] 馬齢 15頭 本賞金:590,240,150,89,59万円",15,590.0,5,1,1,フォーティンブラス,牡,3,57.0,松本,163.5,クビ,3,7.8,35.2,7-7-3-3,栗東 池江,450,-8,
202603010306,2026-04-18,福島,6,3歳未勝利,芝,2600,右,晴,良,"1回 福島 3日目 サラ系３歳 未勝利       (混)[指] 馬齢 15頭 本賞金:590,240,150,89,59万円",15,590.0,6,5,9,ジャケットポケット,牡,3,57.0,石川,163.7,1,2,3.0,34.9,7-7-7-9,美浦 奥村武,458,-10,
202603010306,2026-04-18,福島,6,3歳未勝利,芝,2600,右,晴,良,"1回 福島 3日目 サラ系３歳 未勝利       (混)[指] 馬齢 15頭 本賞金:590,240,150,89,59万円",15,590.0,7,6,11,パゴスピグイノス,牝,3,55.0,松若,163.8,3/4,6,17.0,35.4,3-3-3-5,栗東 森田,488,-6,
202603010306,2026-04-18,福島,6,3歳未勝利,芝,2600,右,晴,良,"1回 福島 3日目 サラ系３歳 未勝利       (混)[指] 馬齢 15頭 本賞金:590,240,150,89,59万円",15,590.0,8,7,13,ベルトナリテ,牝,3,52.0,▲田山,164.0,1,8,34.4,35.3,10-10-6-6,栗東 辻野,416,-8,
202603010306,2026-04-18,福島,6,3歳未勝利,芝,2600,右,晴,良,"1回 福島 3日目 サラ系３歳 未勝利       (混)[指] 馬齢 15頭 本賞金:590,240,150,89,59万円",15,590.0,9,3,4,ラヴズプレミアム,牡,3,57.0,富田,164.2,1.1/2,7,18.7,35.2,5-5-10-11,栗東 矢作,436,12,
202603010306,2026-04-18,福島,6,3歳未勝利,芝,2600,右,晴,良,"1回 福島 3日目 サラ系３歳 未勝利       (混)[指] 馬齢 15頭 本賞金:590,240,150,89,59万円",15,590.0,10,6,10,ゴールデンダガー,牡,3,55.0,△長浜,164.3,クビ,4,7.9,36.4,1-1-1-2,美浦 中舘,470,-14,
202603010306,2026-04-18,福島,6,3歳未勝利,芝,2600,右,晴,良,"1回 福島 3日目 サラ系３歳 未勝利       (混)[指] 馬齢 15頭 本賞金:590,240,150,89,59万円",15,590.0,11,8,14,ミカレオス,牡,3,57.0,荻野琢,164.4,1/2,15,253.5,34.9,12-12-12-12,栗東 河嶋,456,-2,
202603010306,2026-04-18,福島,6,3歳未勝利,芝,2600,右,晴,良,"1回 福島 3日目 サラ系３歳 未勝利       (混)[指] 馬齢 15頭 本賞金:590,240,150,89,59万円",15,590.0,12,5,8,マリブ,牡,3,54.0,▲石神道,164.8,2.1/2,14,199.8,36.0,5-5-7-6,美浦 和田郎,446,-4,
202603010306,2026-04-18,福島,6,3歳未勝利,芝,2600,右,晴,良,"1回 福島 3日目 サラ系３歳 未勝利       (混)[指] 馬齢 15頭 本賞金:590,240,150,89,59万円",15,590.0,13,2,3,スノーエルヴァ,牝,3,55.0,杉原,165.2,2.1/2,11,90.2,34.9,15-14-14-13,美浦 田村,448,-2,
202603010306,2026-04-18,福島,6,3歳未勝利,芝,2600,右,晴,良,"1回 福島 3日目 サラ系３歳 未勝利       (混)[指] 馬齢 15頭 本賞金:590,240,150,89,59万円",15,590.0,14,3,5,オルン,牝,3,55.0,城戸,165.9,4,13,169.1,35.8,13-12-13-14,栗東 宮地,436,-4,
202603010306,2026-04-18,福島,6,3歳未勝利,芝,2600,右,晴,良,"1回 福島 3日目 サラ系３歳 未勝利       (混)[指] 馬齢 15頭 本賞金:590,240,150,89,59万円",15,590.0,15,8,15,ウインサルーテ,牡,3,57.0,菊沢,169.0,大,9,67.7,38.7,14-14-14-15,美浦 深山,530,0,
202603010307,2026-04-18,福島,7,4歳以上1勝クラス,ダ,1150,右,晴,良,"1回 福島 3日目 サラ系４歳以上 １勝クラス       牝[指] 定量 15頭 本賞金:820,330,210,120,82万円",15,820.0,1,2,2,ホーリーブライト,牝,5,53.0,▲小林美,69.2,,8,17.1,36.1,10-8,美浦 竹内,456,-12,
202603010307,2026-04-18,福島,7,4歳以上1勝クラス,ダ,1150,右,晴,良,"1回 福島 3日目 サラ系４歳以上 １勝クラス       牝[指] 定量 15頭 本賞金:820,330,210,120,82万円",15,820.0,2,5,8,キャリーグレイス,牝,4,54.0,◇今村,69.2,クビ,3,6.0,37.0,2-2,栗東 寺島,448,-2,
202603010307,2026-04-18,福島,7,4歳以上1勝クラス,ダ,1150,右,晴,良,"1回 福島 3日目 サラ系４歳以上 １勝クラス       牝[指] 定量 15頭 本賞金:820,330,210,120,82万円",15,820.0,3,1,1,プルミエールパス,牝,5,56.0,小崎,69.2,クビ,4,6.2,36.8,4-3,栗東 河嶋,476,-10,
202603010307,2026-04-18,福島,7,4歳以上1勝クラス,ダ,1150,右,晴,良,"1回 福島 3日目 サラ系４歳以上 １勝クラス       牝[指] 定量 15頭 本賞金:820,330,210,120,82万円",15,820.0,4,7,13,アルヘンティニータ,牝,5,56.0,杉原,69.5,1.1/2,6,14.2,36.6,8-6,美浦 戸田,426,-4,
202603010307,2026-04-18,福島,7,4歳以上1勝クラス,ダ,1150,右,晴,良,"1回 福島 3日目 サラ系４歳以上 １勝クラス       牝[指] 定量 15頭 本賞金:820,330,210,120,82万円",15,820.0,5,4,6,スカイダイバー,牝,4,53.0,▲石田,69.9,2.1/2,14,125.1,37.2,6-6,美浦 秋本,460,6,
202603010307,2026-04-18,福島,7,4歳以上1勝クラス,ダ,1150,右,晴,良,"1回 福島 3日目 サラ系４歳以上 １勝クラス       牝[指] 定量 15頭 本賞金:820,330,210,120,82万円",15,820.0,6,6,11,リードプリンシパル,牝,4,56.0,小沢,70.0,3/4,12,53.1,36.8,12-10,栗東 秋山,472,0,
202603010307,2026-04-18,福島,7,4歳以上1勝クラス,ダ,1150,右,晴,良,"1回 福島 3日目 サラ系４歳以上 １勝クラス       牝[指] 定量 15頭 本賞金:820,330,210,120,82万円",15,820.0,7,8,15,デルマエアロール,牝,4,52.0,★河原田,70.2,1.1/2,9,18.9,38.0,2-4,美浦 大和田,446,-8,
202603010307,2026-04-18,福島,7,4歳以上1勝クラス,ダ,1150,右,晴,良,"1回 福島 3日目 サラ系４歳以上 １勝クラス       牝[指] 定量 15頭 本賞金:820,330,210,120,82万円",15,820.0,8,8,14,フラッシュポイント,牝,4,56.0,菊沢,70.2,アタマ,2,5.5,36.9,12-10,美浦 西田,498,-12,
202603010307,2026-04-18,福島,7,4歳以上1勝クラス,ダ,1150,右,晴,良,"1回 福島 3日目 サラ系４歳以上 １勝クラス       牝[指] 定量 15頭 本賞金:820,330,210,120,82万円",15,820.0,9,5,9,グッバイウェーブ,牝,4,56.0,丸山,70.4,1.1/4,11,38.7,37.9,4-5,美浦 中川,460,0,
202603010307,2026-04-18,福島,7,4歳以上1勝クラス,ダ,1150,右,晴,良,"1回 福島 3日目 サラ系４歳以上 １勝クラス       牝[指] 定量 15頭 本賞金:820,330,210,120,82万円",15,820.0,10,2,3,ペイシャマリーン,牝,4,56.0,丹内,70.6,3/4,1,3.8,38.5,1-1,美浦 菊川,454,-8,
202603010307,2026-04-18,福島,7,4歳以上1勝クラス,ダ,1150,右,晴,良,"1回 福島 3日目 サラ系４歳以上 １勝クラス       牝[指] 定量 15頭 本賞金:820,330,210,120,82万円",15,820.0,11,3,4,クロユキ,牝,4,53.0,▲森田,70.6,クビ,13,101.1,37.2,14-14,栗東 松永幹,442,0,
202603010307,2026-04-18,福島,7,4歳以上1勝クラス,ダ,1150,右,晴,良,"1回 福島 3日目 サラ系４歳以上 １勝クラス       牝[指] 定量 15頭 本賞金:820,330,210,120,82万円",15,820.0,12,6,10,ナムラペルル,牝,4,56.0,丸田,70.8,3/4,5,7.3,37.9,8-8,美浦 石栗,468,-2,
202603010307,2026-04-18,福島,7,4歳以上1勝クラス,ダ,1150,右,晴,良,"1回 福島 3日目 サラ系４歳以上 １勝クラス       牝[指] 定量 15頭 本賞金:820,330,210,120,82万円",15,820.0,13,7,12,タルトポワール,牝,4,56.0,横山琉,70.8,クビ,10,25.8,38.0,6-10,美浦 清水英,446,-8,
202603010307,2026-04-18,福島,7,4歳以上1勝クラス,ダ,1150,右,晴,良,"1回 福島 3日目 サラ系４歳以上 １勝クラス       牝[指] 定量 15頭 本賞金:820,330,210,120,82万円",15,820.0,14,4,7,ペガサスノース,牝,4,56.0,亀田,70.9,1/2,7,16.9,37.1,15-15,栗東 高柳大,482,-10,
202603010307,2026-04-18,福島,7,4歳以上1勝クラス,ダ,1150,右,晴,良,"1回 福島 3日目 サラ系４歳以上 １勝クラス       牝[指] 定量 15頭 本賞金:820,330,210,120,82万円",15,820.0,15,3,5,ビスケット,牝,6,54.0,△長浜,73.0,大,15,153.7,40.0,10-10,美浦 和田雄,480,2,
202603010308,2026-04-18,福島,8,4歳以上1勝クラス,ダ,1700,右,晴,良,"1回 福島 3日目 サラ系４歳以上 １勝クラス       [指] 定量 15頭 本賞金:820,330,210,120,82万円",15,820.0,1,2,2,メイショウクーガー,牡,6,58.0,中井,106.0,,3,6.5,38.0,7-7-4-3,栗東 中内田,490,-6,
202603010308,2026-04-18,福島,8,4歳以上1勝クラス,ダ,1700,右,晴,良,"1回 福島 3日目 サラ系４歳以上 １勝クラス       [指] 定量 15頭 本賞金:820,330,210,120,82万円",15,820.0,2,5,8,ハイクオリティ,牡,4,58.0,荻野極,106.1,1/2,1,2.4,38.4,1-1-1-1,栗東 今野,474,-12,
202603010308,2026-04-18,福島,8,4歳以上1勝クラス,ダ,1700,右,晴,良,"1回 福島 3日目 サラ系４歳以上 １勝クラス       [指] 定量 15頭 本賞金:820,330,210,120,82万円",15,820.0,3,3,5,ララエキリーブル,牡,4,58.0,石川,106.1,クビ,6,12.7,38.3,9-9-2-2,栗東 坂口,440,-6,
202603010308,2026-04-18,福島,8,4歳以上1勝クラス,ダ,1700,右,晴,良,"1回 福島 3日目 サラ系４歳以上 １勝クラス       [指] 定量 15頭 本賞金:820,330,210,120,82万円",15,820.0,4,2,3,ヤングアメリカンズ,牡,4,58.0,城戸,106.2,クビ,4,10.4,37.9,13-11-10-5,美浦 加藤征,506,-8,
202603010308,2026-04-18,福島,8,4歳以上1勝クラス,ダ,1700,右,晴,良,"1回 福島 3日目 サラ系４歳以上 １勝クラス       [指] 定量 15頭 本賞金:820,330,210,120,82万円",15,820.0,5,6,11,ウォーターパラディ,牡,4,58.0,国分恭,106.2,1/2,2,4.6,38.3,3-4-3-3,栗東 岡田,464,0,
202603010308,2026-04-18,福島,8,4歳以上1勝クラス,ダ,1700,右,晴,良,"1回 福島 3日目 サラ系４歳以上 １勝クラス       [指] 定量 15頭 本賞金:820,330,210,120,82万円",15,820.0,6,4,6,メイショウピリカ,牝,4,54.0,◇今村,106.6,2.1/2,9,31.2,37.6,15-15-14-9,栗東 本田,474,-8,
202603010308,2026-04-18,福島,8,4歳以上1勝クラス,ダ,1700,右,晴,良,"1回 福島 3日目 サラ系４歳以上 １勝クラス       [指] 定量 15頭 本賞金:820,330,210,120,82万円",15,820.0,7,4,7,コスモシェルベット,牡,4,58.0,丹内,106.7,1/2,5,11.6,38.5,9-9-7-6,美浦 水野,440,-6,
202603010308,2026-04-18,福島,8,4歳以上1勝クラス,ダ,1700,右,晴,良,"1回 福島 3日目 サラ系４歳以上 １勝クラス       [指] 定量 15頭 本賞金:820,330,210,120,82万円",15,820.0,8,8,15,ロストボール,セ,7,55.0,▲森田,106.8,3/4,15,213.9,37.8,14-14-14-9,美浦 加藤和,436,-12,
202603010308,2026-04-18,福島,8,4歳以上1勝クラス,ダ,1700,右,晴,良,"1回 福島 3日目 サラ系４歳以上 １勝クラス       [指] 定量 15頭 本賞金:820,330,210,120,82万円",15,820.0,9,7,12,リアルフォルゴーレ,牡,4,58.0,西塚,107.6,5,7,15.5,39.1,8-7-11-9,栗東 大橋,472,2,
202603010308,2026-04-18,福島,8,4歳以上1勝クラス,ダ,1700,右,晴,良,"1回 福島 3日目 サラ系４歳以上 １勝クラス       [指] 定量 15頭 本賞金:820,330,210,120,82万円",15,820.0,10,7,13,キタノブレイク,牡,4,55.0,▲遠藤,107.7,3/4,13,91.0,39.5,11-11-7-9,美浦 本間,476,2,
202603010308,2026-04-18,福島,8,4歳以上1勝クラス,ダ,1700,右,晴,良,"1回 福島 3日目 サラ系４歳以上 １勝クラス       [指] 定量 15頭 本賞金:820,330,210,120,82万円",15,820.0,11,6,10,カルテシウス,牡,4,58.0,菊沢,108.1,2,10,39.7,39.9,5-4-7-9,美浦 秋本,494,22,
202603010308,2026-04-18,福島,8,4歳以上1勝クラス,ダ,1700,右,晴,良,"1回 福島 3日目 サラ系４歳以上 １勝クラス       [指] 定量 15頭 本賞金:820,330,210,120,82万円",15,820.0,12,5,9,クリオシダード,牡,4,55.0,▲田山,108.1,アタマ,11,45.6,40.1,2-2-4-6,栗東 清水久,496,-8,
202603010308,2026-04-18,福島,8,4歳以上1勝クラス,ダ,1700,右,晴,良,"1回 福島 3日目 サラ系４歳以上 １勝クラス       [指] 定量 15頭 本賞金:820,330,210,120,82万円",15,820.0,13,1,1,ボナーテソーロ,牡,5,58.0,富田,108.3,1,12,71.6,39.7,3-2-11-14,美浦 牧,478,-4,
202603010308,2026-04-18,福島,8,4歳以上1勝クラス,ダ,1700,右,晴,良,"1回 福島 3日目 サラ系４歳以上 １勝クラス       [指] 定量 15頭 本賞金:820,330,210,120,82万円",15,820.0,14,8,14,イイデカンタロウ,牡,5,58.0,松若,109.1,5,8,28.9,41.0,6-6-4-8,栗東 北出,518,-4,
202603010308,2026-04-18,福島,8,4歳以上1勝クラス,ダ,1700,右,晴,良,"1回 福島 3日目 サラ系４歳以上 １勝クラス       [指] 定量 15頭 本賞金:820,330,210,120,82万円",15,820.0,15,3,4,ローガンパス,セ,5,58.0,亀田,109.3,1,14,102.2,40.4,12-11-13-14,栗東 東田,472,-18,
202603010309,2026-04-18,福島,9,ひめさゆり賞,芝,2000,右,晴,良,"1回 福島 3日目 サラ系３歳 １勝クラス       (混)(特指) 馬齢 9頭 本賞金:1140,460,290,170,114万円",9,1140.0,1,5,5,キンググローリー,牡,3,57.0,舟山,117.8,,5,11.2,34.8,2-2-2-1,美浦 古賀慎,462,-10,
202603010309,2026-04-18,福島,9,ひめさゆり賞,芝,2000,右,晴,良,"1回 福島 3日目 サラ系３歳 １勝クラス       (混)(特指) 馬齢 9頭 本賞金:1140,460,290,170,114万円",9,1140.0,2,2,2,マカナアネラ,牡,3,57.0,松本,118.3,3,7,18.1,35.0,4-4-4-2,栗東 角田,450,2,
202603010309,2026-04-18,福島,9,ひめさゆり賞,芝,2000,右,晴,良,"1回 福島 3日目 サラ系３歳 １勝クラス       (混)(特指) 馬齢 9頭 本賞金:1140,460,290,170,114万円",9,1140.0,3,4,4,サイモンシャリオ,牡,3,57.0,松若,118.4,1/2,2,4.6,34.8,5-5-6-5,栗東 梅田,482,-4,
202603010309,2026-04-18,福島,9,ひめさゆり賞,芝,2000,右,晴,良,"1回 福島 3日目 サラ系３歳 １勝クラス       (混)(特指) 馬齢 9頭 本賞金:1140,460,290,170,114万円",9,1140.0,4,1,1,ロザーンジュ,牝,3,55.0,今村,118.5,1,4,9.5,34.7,6-7-7-8,栗東 寺島,422,-4,
202603010309,2026-04-18,福島,9,ひめさゆり賞,芝,2000,右,晴,良,"1回 福島 3日目 サラ系３歳 １勝クラス       (混)(特指) 馬齢 9頭 本賞金:1140,460,290,170,114万円",9,1140.0,5,6,6,マイネルシンベリン,牡,3,57.0,丹内,118.7,1.1/4,1,2.0,35.4,6-6-4-5,美浦 武市,450,0,
202603010309,2026-04-18,福島,9,ひめさゆり賞,芝,2000,右,晴,良,"1回 福島 3日目 サラ系３歳 １勝クラス       (混)(特指) 馬齢 9頭 本賞金:1140,460,290,170,114万円",9,1140.0,6,3,3,サイン,牡,3,57.0,斎藤,118.7,アタマ,6,13.2,34.9,9-9-7-5,栗東 佐藤悠,520,-10,
202603010309,2026-04-18,福島,9,ひめさゆり賞,芝,2000,右,晴,良,"1回 福島 3日目 サラ系３歳 １勝クラス       (混)(特指) 馬齢 9頭 本賞金:1140,460,290,170,114万円",9,1140.0,7,8,8,アイドクレース,牝,3,55.0,石神道,119.3,3.1/2,8,24.0,36.1,3-3-3-2,美浦 金成,418,-6,
202603010309,2026-04-18,福島,9,ひめさゆり賞,芝,2000,右,晴,良,"1回 福島 3日目 サラ系３歳 １勝クラス       (混)(特指) 馬齢 9頭 本賞金:1140,460,290,170,114万円",9,1140.0,8,7,7,オブラプリーマ,牝,3,55.0,石川,120.0,4,3,6.5,36.2,8-8-7-9,美浦 上原佑,410,-10,
202603010309,2026-04-18,福島,9,ひめさゆり賞,芝,2000,右,晴,良,"1回 福島 3日目 サラ系３歳 １勝クラス       (混)(特指) 馬齢 9頭 本賞金:1140,460,290,170,114万円",9,1140.0,9,8,9,ノーウェアマン,牡,3,57.0,西塚,120.4,2.1/2,9,34.7,37.5,1-1-1-2,美浦 浅利,478,-4,
202603010310,2026-04-18,福島,10,桑折特別,芝,2000,右,晴,良,"1回 福島 3日目 サラ系４歳以上 １勝クラス       牝[指] 定量 8頭 本賞金:1140,460,290,170,114万円",8,1140.0,1,8,8,フィオレストラーダ,牝,4,56.0,松若,118.5,,5,7.4,33.9,1-1-1-1,栗東 杉山晴,456,-2,
202603010310,2026-04-18,福島,10,桑折特別,芝,2000,右,晴,良,"1回 福島 3日目 サラ系４歳以上 １勝クラス       牝[指] 定量 8頭 本賞金:1140,460,290,170,114万円",8,1140.0,2,2,2,ルールーリマ,牝,4,56.0,荻野極,118.6,1,1,3.3,33.7,4-3-3-3,美浦 大竹,424,0,
202603010310,2026-04-18,福島,10,桑折特別,芝,2000,右,晴,良,"1回 福島 3日目 サラ系４歳以上 １勝クラス       牝[指] 定量 8頭 本賞金:1140,460,290,170,114万円",8,1140.0,3,3,3,メリザンド,牝,4,56.0,杉原,119.0,2,6,7.8,34.3,2-2-2-2,美浦 小手川,466,-2,
202603010310,2026-04-18,福島,10,桑折特別,芝,2000,右,晴,良,"1回 福島 3日目 サラ系４歳以上 １勝クラス       牝[指] 定量 8頭 本賞金:1140,460,290,170,114万円",8,1140.0,4,4,4,ムーンストラック,牝,4,56.0,菊沢,119.1,1,8,17.1,33.9,5-5-5-5,美浦 武市,450,-2,
202603010310,2026-04-18,福島,10,桑折特別,芝,2000,右,晴,良,"1回 福島 3日目 サラ系４歳以上 １勝クラス       牝[指] 定量 8頭 本賞金:1140,460,290,170,114万円",8,1140.0,5,5,5,スイートオレンジ,牝,4,56.0,横山琉,119.1,ハナ,2,4.7,34.0,5-5-5-5,美浦 中川,446,-6,
202603010310,2026-04-18,福島,10,桑折特別,芝,2000,右,晴,良,"1回 福島 3日目 サラ系４歳以上 １勝クラス       牝[指] 定量 8頭 本賞金:1140,460,290,170,114万円",8,1140.0,6,1,1,マーゴットレジーナ,牝,4,56.0,小崎,119.3,1.1/4,4,5.8,33.7,7-8-8-8,栗東 小林,436,-2,
202603010310,2026-04-18,福島,10,桑折特別,芝,2000,右,晴,良,"1回 福島 3日目 サラ系４歳以上 １勝クラス       牝[指] 定量 8頭 本賞金:1140,460,290,170,114万円",8,1140.0,7,6,6,シェーラ,牝,4,56.0,斎藤,119.5,3/4,7,13.6,34.1,7-7-7-7,栗東 牧田,408,-4,
202603010310,2026-04-18,福島,10,桑折特別,芝,2000,右,晴,良,"1回 福島 3日目 サラ系４歳以上 １勝クラス       牝[指] 定量 8頭 本賞金:1140,460,290,170,114万円",8,1140.0,8,7,7,ウアーシュプルング,牝,4,56.0,丹内,119.9,2.1/2,3,5.7,35.1,3-3-3-3,美浦 鹿戸,472,2,
202603010311,2026-04-18,福島,11,ラジオ福島賞,ダ,1700,右,晴,良,"1回 福島 3日目 サラ系４歳以上 ２勝クラス       (混)[指] ハンデ 15頭 本賞金:1580,630,400,240,158万円",15,1580.0,1,5,8,メイショウカシワデ,牡,5,57.0,松本,105.1,,2,5.1,37.2,5-7-5-4,栗東 角田,452,-12,
202603010311,2026-04-18,福島,11,ラジオ福島賞,ダ,1700,右,晴,良,"1回 福島 3日目 サラ系４歳以上 ２勝クラス       (混)[指] ハンデ 15頭 本賞金:1580,630,400,240,158万円",15,1580.0,2,6,11,レッドライトニング,牡,5,56.0,長浜,105.2,1/2,6,12.0,37.9,13-13-1-1,美浦 浅利,486,-6,
202603010311,2026-04-18,福島,11,ラジオ福島賞,ダ,1700,右,晴,良,"1回 福島 3日目 サラ系４歳以上 ２勝クラス       (混)[指] ハンデ 15頭 本賞金:1580,630,400,240,158万円",15,1580.0,3,2,3,ホウショウマリス,牝,4,54.0,鷲頭,105.4,1.1/2,4,7.4,37.8,3-3-2-2,栗東 井上,458,-4,
202603010311,2026-04-18,福島,11,ラジオ福島賞,ダ,1700,右,晴,良,"1回 福島 3日目 サラ系４歳以上 ２勝クラス       (混)[指] ハンデ 15頭 本賞金:1580,630,400,240,158万円",15,1580.0,4,6,10,ライフゲート,セ,4,56.0,丹内,105.6,1,5,7.8,37.5,9-8-8-6,美浦 伊藤圭,510,-2,
202603010311,2026-04-18,福島,11,ラジオ福島賞,ダ,1700,右,晴,良,"1回 福島 3日目 サラ系４歳以上 ２勝クラス       (混)[指] ハンデ 15頭 本賞金:1580,630,400,240,158万円",15,1580.0,5,7,13,ラマンシュ,牡,4,56.0,斎藤,106.0,2.1/2,1,5.0,37.7,11-11-11-10,栗東 杉山佳,416,-4,
202603010311,2026-04-18,福島,11,ラジオ福島賞,ダ,1700,右,晴,良,"1回 福島 3日目 サラ系４歳以上 ２勝クラス       (混)[指] ハンデ 15頭 本賞金:1580,630,400,240,158万円",15,1580.0,6,4,7,シーニックビュー,牡,5,56.0,荻野極,106.1,1/2,11,24.7,38.3,4-4-5-3,美浦 金成,512,-10,
202603010311,2026-04-18,福島,11,ラジオ福島賞,ダ,1700,右,晴,良,"1回 福島 3日目 サラ系４歳以上 ２勝クラス       (混)[指] ハンデ 15頭 本賞金:1580,630,400,240,158万円",15,1580.0,7,4,6,アイファーグローブ,牡,7,55.0,藤懸,106.4,2,8,16.4,37.7,13-13-15-14,美浦 蛯名利,478,-12,
202603010311,2026-04-18,福島,11,ラジオ福島賞,ダ,1700,右,晴,良,"1回 福島 3日目 サラ系４歳以上 ２勝クラス       (混)[指] ハンデ 15頭 本賞金:1580,630,400,240,158万円",15,1580.0,8,3,5,オコタンペ,牡,5,55.0,田山,106.4,ハナ,10,23.4,38.1,15-15-11-8,栗東 須貝,498,-4,
202603010311,2026-04-18,福島,11,ラジオ福島賞,ダ,1700,右,晴,良,"1回 福島 3日目 サラ系４歳以上 ２勝クラス       (混)[指] ハンデ 15頭 本賞金:1580,630,400,240,158万円",15,1580.0,9,8,15,レーヴブリリアント,牡,4,56.0,舟山,106.4,アタマ,7,14.0,38.3,11-11-8-4,美浦 田中博,450,-4,
202603010311,2026-04-18,福島,11,ラジオ福島賞,ダ,1700,右,晴,良,"1回 福島 3日目 サラ系４歳以上 ２勝クラス       (混)[指] ハンデ 15頭 本賞金:1580,630,400,240,158万円",15,1580.0,10,1,1,ヒストリアイ,セ,5,54.0,丸田,106.4,ハナ,14,50.4,38.0,10-9-11-13,栗東 橋田,550,-4,
202603010311,2026-04-18,福島,11,ラジオ福島賞,ダ,1700,右,晴,良,"1回 福島 3日目 サラ系４歳以上 ２勝クラス       (混)[指] ハンデ 15頭 本賞金:1580,630,400,240,158万円",15,1580.0,11,3,4,サンドオブエテル,セ,5,54.0,菊沢,106.9,3,13,36.2,38.9,5-4-7-8,美浦 蛯名正,464,-26,
202603010311,2026-04-18,福島,11,ラジオ福島賞,ダ,1700,右,晴,良,"1回 福島 3日目 サラ系４歳以上 ２勝クラス       (混)[指] ハンデ 15頭 本賞金:1580,630,400,240,158万円",15,1580.0,12,5,9,ファイントパーズ,牝,5,51.0,遠藤,107.1,1,15,81.9,38.6,5-9-14-14,美浦 鈴木伸,476,-1,
202603010311,2026-04-18,福島,11,ラジオ福島賞,ダ,1700,右,晴,良,"1回 福島 3日目 サラ系４歳以上 ２勝クラス       (混)[指] ハンデ 15頭 本賞金:1580,630,400,240,158万円",15,1580.0,13,8,14,ステラスプレンダー,牝,5,52.0,亀田,107.3,1.1/2,12,25.0,39.6,2-2-2-10,栗東 石坂,456,4,
202603010311,2026-04-18,福島,11,ラジオ福島賞,ダ,1700,右,晴,良,"1回 福島 3日目 サラ系４歳以上 ２勝クラス       (混)[指] ハンデ 15頭 本賞金:1580,630,400,240,158万円",15,1580.0,14,2,2,モレポブラーノ,牡,4,56.0,小沢,107.4,1/2,3,7.0,39.2,5-4-10-12,栗東 庄野,544,-2,
202603010311,2026-04-18,福島,11,ラジオ福島賞,ダ,1700,右,晴,良,"1回 福島 3日目 サラ系４歳以上 ２勝クラス       (混)[指] ハンデ 15頭 本賞金:1580,630,400,240,158万円",15,1580.0,15,7,12,クリノキングマン,牡,5,55.0,小崎,107.7,1.3/4,9,18.2,40.1,1-1-2-6,栗東 高橋康,502,-2,
202603010312,2026-04-18,福島,12,4歳以上1勝クラス,芝,1200,右,晴,良,"1回 福島 3日目 サラ系４歳以上 １勝クラス       [指] 定量 16頭 本賞金:820,330,210,120,82万円",16,820.0,1,8,15,ウィンストン,牡,4,55.0,▲和田陽,67.6,,3,7.4,34.5,1-1,栗東 杉山晴,498,6,
202603010312,2026-04-18,福島,12,4歳以上1勝クラス,芝,1200,右,晴,良,"1回 福島 3日目 サラ系４歳以上 １勝クラス       [指] 定量 16頭 本賞金:820,330,210,120,82万円",16,820.0,2,3,5,ベルファスト,牝,5,52.0,★河原田,68.1,3,1,2.4,34.8,2-2,栗東 今野,496,-2,
202603010312,2026-04-18,福島,12,4歳以上1勝クラス,芝,1200,右,晴,良,"1回 福島 3日目 サラ系４歳以上 １勝クラス       [指] 定量 16頭 本賞金:820,330,210,120,82万円",16,820.0,3,7,13,ジーティーエスピ,牡,4,58.0,丹内,68.2,クビ,2,6.4,34.2,8-7,栗東 中村,454,-18,
202603010312,2026-04-18,福島,12,4歳以上1勝クラス,芝,1200,右,晴,良,"1回 福島 3日目 サラ系４歳以上 １勝クラス       [指] 定量 16頭 本賞金:820,330,210,120,82万円",16,820.0,4,3,6,ブラックティンカー,牝,4,54.0,△長浜,68.3,1,7,12.9,34.7,3-3,美浦 粕谷,458,2,
202603010312,2026-04-18,福島,12,4歳以上1勝クラス,芝,1200,右,晴,良,"1回 福島 3日目 サラ系４歳以上 １勝クラス       [指] 定量 16頭 本賞金:820,330,210,120,82万円",16,820.0,5,6,12,ザカリナン,牡,4,58.0,斎藤,68.4,1/2,4,9.5,34.0,10-12,栗東 小栗,450,-10,
202603010312,2026-04-18,福島,12,4歳以上1勝クラス,芝,1200,右,晴,良,"1回 福島 3日目 サラ系４歳以上 １勝クラス       [指] 定量 16頭 本賞金:820,330,210,120,82万円",16,820.0,6,7,14,セディバン,牡,4,58.0,松本,68.4,ハナ,8,13.4,34.0,10-10,栗東 吉田,484,-2,
202603010312,2026-04-18,福島,12,4歳以上1勝クラス,芝,1200,右,晴,良,"1回 福島 3日目 サラ系４歳以上 １勝クラス       [指] 定量 16頭 本賞金:820,330,210,120,82万円",16,820.0,7,6,11,テンプーシャオン,牡,6,58.0,松若,68.4,ハナ,12,73.1,34.5,7-7,美浦 和田勇,446,0,
202603010312,2026-04-18,福島,12,4歳以上1勝クラス,芝,1200,右,晴,良,"1回 福島 3日目 サラ系４歳以上 １勝クラス       [指] 定量 16頭 本賞金:820,330,210,120,82万円",16,820.0,8,4,7,ハルオーブ,牡,6,56.0,◇今村,68.4,ハナ,10,45.8,33.7,13-13,美浦 武井,480,-10,
202603010312,2026-04-18,福島,12,4歳以上1勝クラス,芝,1200,右,晴,良,"1回 福島 3日目 サラ系４歳以上 １勝クラス       [指] 定量 16頭 本賞金:820,330,210,120,82万円",16,820.0,9,4,8,ラブアイミー,牝,4,56.0,小崎,68.5,クビ,13,101.5,34.5,8-7,栗東 森田,406,0,
202603010312,2026-04-18,福島,12,4歳以上1勝クラス,芝,1200,右,晴,良,"1回 福島 3日目 サラ系４歳以上 １勝クラス       [指] 定量 16頭 本賞金:820,330,210,120,82万円",16,820.0,10,5,9,セガンティーニ,牝,4,56.0,石川,68.6,1/2,5,9.5,34.9,4-6,栗東 坂口,478,14,
202603010312,2026-04-18,福島,12,4歳以上1勝クラス,芝,1200,右,晴,良,"1回 福島 3日目 サラ系４歳以上 １勝クラス       [指] 定量 16頭 本賞金:820,330,210,120,82万円",16,820.0,11,1,2,ナンナンプー,牝,4,53.0,▲石神道,68.6,クビ,6,12.1,34.8,4-3,美浦 水野,468,4,
202603010312,2026-04-18,福島,12,4歳以上1勝クラス,芝,1200,右,晴,良,"1回 福島 3日目 サラ系４歳以上 １勝クラス       [指] 定量 16頭 本賞金:820,330,210,120,82万円",16,820.0,12,8,16,ホリーアン,牝,4,53.0,▲石田,68.7,クビ,15,156.9,34.0,13-13,美浦 萱野,438,0,
202603010312,2026-04-18,福島,12,4歳以上1勝クラス,芝,1200,右,晴,良,"1回 福島 3日目 サラ系４歳以上 １勝クラス       [指] 定量 16頭 本賞金:820,330,210,120,82万円",16,820.0,13,2,3,デボラ,牝,4,56.0,国分恭,69.2,3,9,39.3,34.9,10-10,栗東 柴田,468,-4,
202603010312,2026-04-18,福島,12,4歳以上1勝クラス,芝,1200,右,晴,良,"1回 福島 3日目 サラ系４歳以上 １勝クラス       [指] 定量 16頭 本賞金:820,330,210,120,82万円",16,820.0,14,1,1,ルクスコロン,牝,4,53.0,▲遠藤,69.5,1.3/4,14,110.2,35.8,4-3,美浦 堀内,430,2,
202603010312,2026-04-18,福島,12,4歳以上1勝クラス,芝,1200,右,晴,良,"1回 福島 3日目 サラ系４歳以上 １勝クラス       [指] 定量 16頭 本賞金:820,330,210,120,82万円",16,820.0,15,5,10,ラブカムーン,牝,5,53.0,▲小林美,69.5,クビ,11,54.2,34.4,15-15,栗東 千田,476,2,
202603010312,2026-04-18,福島,12,4歳以上1勝クラス,芝,1200,右,晴,良,"1回 福島 3日目 サラ系４歳以上 １勝クラス       [指] 定量 16頭 本賞金:820,330,210,120,82万円",16,820.0,16,2,4,ベルアーブル,牝,4,56.0,杉原,69.6,1/2,16,258.4,34.6,15-16,美浦 大和田,428,-12,
202606030701,2026-04-18,中山,1,3歳未勝利,ダ,1200,右,曇,良,"3回 中山 7日目 サラ系３歳 未勝利       牝 馬齢 15頭 本賞金:590,240,150,89,59万円",15,590.0,1,8,15,クアロアランチ,牝,3,55.0,ルメー,72.1,,1,1.4,36.9,3-4,美浦 西田,452,4,
202606030701,2026-04-18,中山,1,3歳未勝利,ダ,1200,右,曇,良,"3回 中山 7日目 サラ系３歳 未勝利       牝 馬齢 15頭 本賞金:590,240,150,89,59万円",15,590.0,2,7,12,エコロセレナ,牝,3,55.0,岩田康,72.2,1/2,4,11.0,37.5,1-1,美浦 斎藤誠,468,8,
202606030701,2026-04-18,中山,1,3歳未勝利,ダ,1200,右,曇,良,"3回 中山 7日目 サラ系３歳 未勝利       牝 馬齢 15頭 本賞金:590,240,150,89,59万円",15,590.0,3,3,4,アドミ,牝,3,55.0,戸崎圭,72.6,2,2,4.9,37.1,5-5,美浦 中川,446,-2,
202606030701,2026-04-18,中山,1,3歳未勝利,ダ,1200,右,曇,良,"3回 中山 7日目 サラ系３歳 未勝利       牝 馬齢 15頭 本賞金:590,240,150,89,59万円",15,590.0,4,2,2,オーシャンステラ,牝,3,55.0,横山武,72.8,1.1/2,3,10.8,36.6,9-8,美浦 菊沢,424,8,
202606030701,2026-04-18,中山,1,3歳未勝利,ダ,1200,右,曇,良,"3回 中山 7日目 サラ系３歳 未勝利       牝 馬齢 15頭 本賞金:590,240,150,89,59万円",15,590.0,5,4,6,セントリアン,牝,3,55.0,原,72.8,クビ,7,65.7,37.7,3-2,美浦 萱野,428,-2,
202606030701,2026-04-18,中山,1,3歳未勝利,ダ,1200,右,曇,良,"3回 中山 7日目 サラ系３歳 未勝利       牝 馬齢 15頭 本賞金:590,240,150,89,59万円",15,590.0,6,6,11,グラデュエール,牝,3,55.0,木幡初,73.1,1.3/4,13,281.5,37.3,6-6,美浦 粕谷,422,0,
202606030701,2026-04-18,中山,1,3歳未勝利,ダ,1200,右,曇,良,"3回 中山 7日目 サラ系３歳 未勝利       牝 馬齢 15頭 本賞金:590,240,150,89,59万円",15,590.0,7,5,9,ジャメビュ,牝,3,55.0,江田照,73.3,3/4,6,26.6,37.1,9-10,美浦 佐藤吉,418,-12,
202606030701,2026-04-18,中山,1,3歳未勝利,ダ,1200,右,曇,良,"3回 中山 7日目 サラ系３歳 未勝利       牝 馬齢 15頭 本賞金:590,240,150,89,59万円",15,590.0,8,4,7,ウィザードオブマリ,牝,3,52.0,▲水沼,73.6,2,15,393.6,37.8,6-6,美浦 蛯名利,456,2,
202606030701,2026-04-18,中山,1,3歳未勝利,ダ,1200,右,曇,良,"3回 中山 7日目 サラ系３歳 未勝利       牝 馬齢 15頭 本賞金:590,240,150,89,59万円",15,590.0,9,3,5,シャインネージュ,牝,3,55.0,石橋脩,73.9,1.1/2,9,113.4,37.2,12-11,美浦 小野,470,0,
202606030701,2026-04-18,中山,1,3歳未勝利,ダ,1200,右,曇,良,"3回 中山 7日目 サラ系３歳 未勝利       牝 馬齢 15頭 本賞金:590,240,150,89,59万円",15,590.0,10,6,10,アイリーノリチャン,牝,3,55.0,木幡巧,74.1,1.1/4,10,116.3,38.1,8-8,美浦 尾形,432,2,
202606030701,2026-04-18,中山,1,3歳未勝利,ダ,1200,右,曇,良,"3回 中山 7日目 サラ系３歳 未勝利       牝 馬齢 15頭 本賞金:590,240,150,89,59万円",15,590.0,11,8,14,タイセイスタナー,牝,3,55.0,松岡,74.2,1/2,5,16.4,39.2,2-3,美浦 池上,470,4,
202606030701,2026-04-18,中山,1,3歳未勝利,ダ,1200,右,曇,良,"3回 中山 7日目 サラ系３歳 未勝利       牝 馬齢 15頭 本賞金:590,240,150,89,59万円",15,590.0,12,2,3,サドルトウショウ,牝,3,55.0,野中,74.7,3,14,384.0,38.2,11-11,美浦 萱野,484,-12,
202606030701,2026-04-18,中山,1,3歳未勝利,ダ,1200,右,曇,良,"3回 中山 7日目 サラ系３歳 未勝利       牝 馬齢 15頭 本賞金:590,240,150,89,59万円",15,590.0,13,1,1,エビスディアーナ,牝,3,55.0,ディー,75.0,2,11,127.8,38.2,13-13,美浦 加藤征,426,-2,
202606030701,2026-04-18,中山,1,3歳未勝利,ダ,1200,右,曇,良,"3回 中山 7日目 サラ系３歳 未勝利       牝 馬齢 15頭 本賞金:590,240,150,89,59万円",15,590.0,14,7,13,ベイビーシスター,牝,3,55.0,伊藤,75.3,1.3/4,8,109.9,38.5,13-14,美浦 林,444,4,
202606030701,2026-04-18,中山,1,3歳未勝利,ダ,1200,右,曇,良,"3回 中山 7日目 サラ系３歳 未勝利       牝 馬齢 15頭 本賞金:590,240,150,89,59万円",15,590.0,,5,8,マリノフォルトゥナ,牝,3,55.0,武藤,,,12,228.3,,,美浦 水野,432,-4,中止
202606030702,2026-04-18,中山,2,3歳未勝利,ダ,1800,右,曇,良,"3回 中山 7日目 サラ系３歳 未勝利       馬齢 11頭 本賞金:590,240,150,89,59万円",11,590.0,1,8,10,サウジバラード,牡,3,57.0,ディー,114.8,,5,10.8,37.7,3-3-3-3,美浦 加藤征,458,0,
202606030702,2026-04-18,中山,2,3歳未勝利,ダ,1800,右,曇,良,"3回 中山 7日目 サラ系３歳 未勝利       馬齢 11頭 本賞金:590,240,150,89,59万円",11,590.0,2,1,1,ゴーフォアブローク,牡,3,57.0,田辺,114.8,クビ,3,4.8,37.3,7-7-5-5,美浦 手塚久,524,-6,
202606030702,2026-04-18,中山,2,3歳未勝利,ダ,1800,右,曇,良,"3回 中山 7日目 サラ系３歳 未勝利       馬齢 11頭 本賞金:590,240,150,89,59万円",11,590.0,3,6,6,キセログラフィカ,牡,3,57.0,横山武,114.9,3/4,1,2.3,37.9,2-2-2-2,美浦 大和田,504,0,
202606030702,2026-04-18,中山,2,3歳未勝利,ダ,1800,右,曇,良,"3回 中山 7日目 サラ系３歳 未勝利       馬齢 11頭 本賞金:590,240,150,89,59万円",11,590.0,4,8,11,ロードステラート,牡,3,57.0,横山和,115.3,2,2,4.8,37.7,8-8-7-5,栗東 武英,496,-4,
202606030702,2026-04-18,中山,2,3歳未勝利,ダ,1800,右,曇,良,"3回 中山 7日目 サラ系３歳 未勝利       馬齢 11頭 本賞金:590,240,150,89,59万円",11,590.0,5,4,4,トワイライトビュー,牡,3,57.0,原,115.4,1/2,7,12.7,38.2,3-3-3-3,美浦 中川,506,10,
202606030702,2026-04-18,中山,2,3歳未勝利,ダ,1800,右,曇,良,"3回 中山 7日目 サラ系３歳 未勝利       馬齢 11頭 本賞金:590,240,150,89,59万円",11,590.0,6,7,8,ユイノサダハル,牡,3,57.0,江田照,115.5,3/4,4,9.9,38.1,5-5-5-5,美浦 古賀慎,464,2,
202606030702,2026-04-18,中山,2,3歳未勝利,ダ,1800,右,曇,良,"3回 中山 7日目 サラ系３歳 未勝利       馬齢 11頭 本賞金:590,240,150,89,59万円",11,590.0,7,5,5,サクラドール,牡,3,57.0,佐々木,115.7,1,6,11.3,38.8,1-1-1-1,美浦 田島,498,0,
202606030702,2026-04-18,中山,2,3歳未勝利,ダ,1800,右,曇,良,"3回 中山 7日目 サラ系３歳 未勝利       馬齢 11頭 本賞金:590,240,150,89,59万円",11,590.0,8,6,7,ホウオウファラオ,牡,3,57.0,岩田康,116.3,3.1/2,9,83.2,38.4,9-8-9-9,美浦 奥村武,474,0,
202606030702,2026-04-18,中山,2,3歳未勝利,ダ,1800,右,曇,良,"3回 中山 7日目 サラ系３歳 未勝利       馬齢 11頭 本賞金:590,240,150,89,59万円",11,590.0,9,2,2,フクチャンブラック,牡,3,57.0,津村,116.4,3/4,8,30.2,38.7,9-10-7-8,栗東 高橋康,476,4,
202606030702,2026-04-18,中山,2,3歳未勝利,ダ,1800,右,曇,良,"3回 中山 7日目 サラ系３歳 未勝利       馬齢 11頭 本賞金:590,240,150,89,59万円",11,590.0,10,7,9,ロジシーザ,牡,3,57.0,野中,119.5,大,10,200.8,41.5,6-5-9-10,美浦 古賀慎,488,2,
202606030702,2026-04-18,中山,2,3歳未勝利,ダ,1800,右,曇,良,"3回 中山 7日目 サラ系３歳 未勝利       馬齢 11頭 本賞金:590,240,150,89,59万円",11,590.0,11,3,3,リマーカブル,牡,3,54.0,▲水沼,119.9,2,11,275.0,41.6,11-11-11-10,美浦 加藤和,554,8,
202606030703,2026-04-18,中山,3,3歳未勝利,ダ,1200,右,晴,良,"3回 中山 7日目 サラ系３歳 未勝利       馬齢 14頭 本賞金:590,240,150,89,59万円",14,590.0,1,6,10,ベアゴーフォー,牡,3,57.0,松岡,72.3,,5,16.1,36.8,2-2,美浦 杉浦,464,-4,
202606030703,2026-04-18,中山,3,3歳未勝利,ダ,1200,右,晴,良,"3回 中山 7日目 サラ系３歳 未勝利       馬齢 14頭 本賞金:590,240,150,89,59万円",14,590.0,2,6,9,メリフルアス,牝,3,55.0,ルメー,72.5,1,2,2.8,36.7,7-6,栗東 小栗,476,-2,
202606030703,2026-04-18,中山,3,3歳未勝利,ダ,1200,右,晴,良,"3回 中山 7日目 サラ系３歳 未勝利       馬齢 14頭 本賞金:590,240,150,89,59万円",14,590.0,3,4,5,エコログロウ,牡,3,57.0,ディー,72.7,1.1/2,6,22.9,37.3,1-1,栗東 牧浦,568,0,
202606030703,2026-04-18,中山,3,3歳未勝利,ダ,1200,右,晴,良,"3回 中山 7日目 サラ系３歳 未勝利       馬齢 14頭 本賞金:590,240,150,89,59万円",14,590.0,4,3,4,フクノエルデ,セ,3,57.0,江田照,73.1,2,7,63.8,37.4,4-4,美浦 田中剛,456,-2,
202606030703,2026-04-18,中山,3,3歳未勝利,ダ,1200,右,晴,良,"3回 中山 7日目 サラ系３歳 未勝利       馬齢 14頭 本賞金:590,240,150,89,59万円",14,590.0,5,8,14,ノリキング,牡,3,54.0,▲佐藤,73.1,ハナ,4,15.5,37.4,4-6,美浦 伊藤大,520,-10,
202606030703,2026-04-18,中山,3,3歳未勝利,ダ,1200,右,晴,良,"3回 中山 7日目 サラ系３歳 未勝利       馬齢 14頭 本賞金:590,240,150,89,59万円",14,590.0,6,7,11,クリオロゴールド,牡,3,57.0,横山武,73.2,クビ,1,1.9,37.5,4-4,美浦 高柳瑞,438,2,
202606030703,2026-04-18,中山,3,3歳未勝利,ダ,1200,右,晴,良,"3回 中山 7日目 サラ系３歳 未勝利       馬齢 14頭 本賞金:590,240,150,89,59万円",14,590.0,7,5,7,ビタミンドロップ,牡,3,57.0,野中,73.3,3/4,3,7.0,37.8,2-2,美浦 松山,500,-2,
202606030703,2026-04-18,中山,3,3歳未勝利,ダ,1200,右,晴,良,"3回 中山 7日目 サラ系３歳 未勝利       馬齢 14頭 本賞金:590,240,150,89,59万円",14,590.0,8,1,1,クレバーキュート,牡,3,57.0,津村,73.7,2,10,128.3,37.7,8-8,栗東 秋山,458,-4,
202606030703,2026-04-18,中山,3,3歳未勝利,ダ,1200,右,晴,良,"3回 中山 7日目 サラ系３歳 未勝利       馬齢 14頭 本賞金:590,240,150,89,59万円",14,590.0,9,5,8,コーリンクレア,牝,3,51.0,★谷原,73.9,1.1/2,9,90.8,36.5,13-13,美浦 小野,438,0,
202606030703,2026-04-18,中山,3,3歳未勝利,ダ,1200,右,晴,良,"3回 中山 7日目 サラ系３歳 未勝利       馬齢 14頭 本賞金:590,240,150,89,59万円",14,590.0,10,2,2,コブラツイスト,牡,3,57.0,原,74.0,クビ,8,66.9,35.6,14-14,美浦 石栗,460,0,
202606030703,2026-04-18,中山,3,3歳未勝利,ダ,1200,右,晴,良,"3回 中山 7日目 サラ系３歳 未勝利       馬齢 14頭 本賞金:590,240,150,89,59万円",14,590.0,11,8,13,シルバープレート,セ,3,57.0,小林脩,74.0,ハナ,12,219.3,38.0,8-9,美浦 青木,458,-6,
202606030703,2026-04-18,中山,3,3歳未勝利,ダ,1200,右,晴,良,"3回 中山 7日目 サラ系３歳 未勝利       馬齢 14頭 本賞金:590,240,150,89,59万円",14,590.0,12,4,6,シャインプレマ,牝,3,55.0,嶋田,74.6,3.1/2,14,435.6,38.3,11-11,美浦 中舘,414,-8,
202606030703,2026-04-18,中山,3,3歳未勝利,ダ,1200,右,晴,良,"3回 中山 7日目 サラ系３歳 未勝利       馬齢 14頭 本賞金:590,240,150,89,59万円",14,590.0,13,3,3,ファインヒメ,牝,3,55.0,原田和,74.7,1/2,11,189.5,38.4,11-11,美浦 天間,416,-2,
202606030703,2026-04-18,中山,3,3歳未勝利,ダ,1200,右,晴,良,"3回 中山 7日目 サラ系３歳 未勝利       馬齢 14頭 本賞金:590,240,150,89,59万円",14,590.0,14,7,12,ドリームハーモニー,牝,3,55.0,小林凌,75.2,3,13,417.7,39.3,8-9,栗東 加藤公,442,-4,
202606030704,2026-04-18,中山,4,3歳未勝利,ダ,1800,右,晴,良,"3回 中山 7日目 サラ系３歳 未勝利       馬齢 13頭 本賞金:590,240,150,89,59万円",13,590.0,1,3,3,メディチパワー,牡,3,57.0,木幡巧,114.8,,5,10.9,38.9,4-4-3-3,美浦 中川,474,0,
202606030704,2026-04-18,中山,4,3歳未勝利,ダ,1800,右,晴,良,"3回 中山 7日目 サラ系３歳 未勝利       馬齢 13頭 本賞金:590,240,150,89,59万円",13,590.0,2,6,8,マサッチェハマー,牡,3,57.0,ディー,115.0,1.1/4,1,2.0,39.3,2-2-2-1,美浦 伊藤大,492,2,
202606030704,2026-04-18,中山,4,3歳未勝利,ダ,1800,右,晴,良,"3回 中山 7日目 サラ系３歳 未勝利       馬齢 13頭 本賞金:590,240,150,89,59万円",13,590.0,3,4,5,ピードモント,セ,3,57.0,岩田康,115.0,クビ,4,7.4,37.9,12-12-12-8,美浦 武井,458,-18,
202606030704,2026-04-18,中山,4,3歳未勝利,ダ,1800,右,晴,良,"3回 中山 7日目 サラ系３歳 未勝利       馬齢 13頭 本賞金:590,240,150,89,59万円",13,590.0,4,7,10,レイズテンペスト,牡,3,57.0,横山和,115.7,4,3,5.8,39.6,7-7-5-5,美浦 田村,486,-8,
202606030704,2026-04-18,中山,4,3歳未勝利,ダ,1800,右,晴,良,"3回 中山 7日目 サラ系３歳 未勝利       馬齢 13頭 本賞金:590,240,150,89,59万円",13,590.0,5,5,7,ゴールドプレイヤー,牡,3,57.0,ルメー,115.7,クビ,2,3.4,39.4,6-6-7-6,美浦 古賀慎,454,-2,
202606030704,2026-04-18,中山,4,3歳未勝利,ダ,1800,右,晴,良,"3回 中山 7日目 サラ系３歳 未勝利       馬齢 13頭 本賞金:590,240,150,89,59万円",13,590.0,6,7,11,アイアムアッパレ,牡,3,57.0,野中,116.4,4,7,42.0,39.8,10-10-9-8,美浦 奥平,504,-2,
202606030704,2026-04-18,中山,4,3歳未勝利,ダ,1800,右,晴,良,"3回 中山 7日目 サラ系３歳 未勝利       馬齢 13頭 本賞金:590,240,150,89,59万円",13,590.0,7,8,13,ジョイグリーン,セ,3,57.0,小林脩,116.5,クビ,6,38.4,40.6,4-4-3-3,美浦 青木,482,-8,
202606030704,2026-04-18,中山,4,3歳未勝利,ダ,1800,右,晴,良,"3回 中山 7日目 サラ系３歳 未勝利       馬齢 13頭 本賞金:590,240,150,89,59万円",13,590.0,8,2,2,コスモアンタレス,牡,3,57.0,柴田大,116.8,2,8,68.1,40.3,7-7-8-7,美浦 和田勇,462,2,
202606030704,2026-04-18,中山,4,3歳未勝利,ダ,1800,右,晴,良,"3回 中山 7日目 サラ系３歳 未勝利       馬齢 13頭 本賞金:590,240,150,89,59万円",13,590.0,9,8,12,バンブラボー,牡,3,57.0,大野,116.9,1/2,12,379.5,38.7,13-13-13-13,栗東 飯田,526,4,
202606030704,2026-04-18,中山,4,3歳未勝利,ダ,1800,右,晴,良,"3回 中山 7日目 サラ系３歳 未勝利       馬齢 13頭 本賞金:590,240,150,89,59万円",13,590.0,10,4,4,スチールナイト,牡,3,57.0,黛,117.1,1.1/2,13,503.0,41.4,1-1-1-2,美浦 和田雄,454,5,
202606030704,2026-04-18,中山,4,3歳未勝利,ダ,1800,右,晴,良,"3回 中山 7日目 サラ系３歳 未勝利       馬齢 13頭 本賞金:590,240,150,89,59万円",13,590.0,11,1,1,ウインクリンゲル,牡,3,57.0,武藤,117.5,2.1/2,11,367.5,40.5,11-11-11-11,栗東 宮本,520,0,
202606030704,2026-04-18,中山,4,3歳未勝利,ダ,1800,右,晴,良,"3回 中山 7日目 サラ系３歳 未勝利       馬齢 13頭 本賞金:590,240,150,89,59万円",13,590.0,12,5,6,アージュドール,牡,3,57.0,原,118.4,5,10,205.3,42.2,3-3-5-11,栗東 森田,432,-4,
202606030704,2026-04-18,中山,4,3歳未勝利,ダ,1800,右,晴,良,"3回 中山 7日目 サラ系３歳 未勝利       馬齢 13頭 本賞金:590,240,150,89,59万円",13,590.0,13,6,9,キタノコウセイ,セ,3,57.0,石橋脩,118.6,1.1/4,9,159.9,42.0,9-7-9-8,栗東 畑端,444,-10,
202606030705,2026-04-18,中山,5,3歳未勝利,芝,1600,右,晴,良,"3回 中山 7日目 サラ系３歳 未勝利       馬齢 16頭 本賞金:590,240,150,89,59万円",16,590.0,1,6,11,セイウンラピス,セ,3,57.0,松岡,94.2,,2,7.6,34.0,10-12-11,美浦 村田,476,-4,
202606030705,2026-04-18,中山,5,3歳未勝利,芝,1600,右,晴,良,"3回 中山 7日目 サラ系３歳 未勝利       馬齢 16頭 本賞金:590,240,150,89,59万円",16,590.0,2,3,5,ショウナンバーボン,牡,3,57.0,佐々木,94.3,3/4,4,15.6,35.2,1-2-2,美浦 加藤士,462,2,
202606030705,2026-04-18,中山,5,3歳未勝利,芝,1600,右,晴,良,"3回 中山 7日目 サラ系３歳 未勝利       馬齢 16頭 本賞金:590,240,150,89,59万円",16,590.0,3,1,2,エイシンイクサボシ,牝,3,55.0,木幡初,94.3,クビ,13,180.7,34.6,4-5-5,美浦 勢司,458,0,
202606030705,2026-04-18,中山,5,3歳未勝利,芝,1600,右,晴,良,"3回 中山 7日目 サラ系３歳 未勝利       馬齢 16頭 本賞金:590,240,150,89,59万円",16,590.0,4,1,1,ドラリズム,牡,3,57.0,武藤,94.4,1/2,8,58.7,34.0,13-14-13,美浦 武藤,472,4,
202606030705,2026-04-18,中山,5,3歳未勝利,芝,1600,右,晴,良,"3回 中山 7日目 サラ系３歳 未勝利       馬齢 16頭 本賞金:590,240,150,89,59万円",16,590.0,5,5,9,ビップマリク,セ,3,57.0,吉田豊,94.5,アタマ,7,32.2,34.5,8-10-8,美浦 高柳瑞,478,0,
202606030705,2026-04-18,中山,5,3歳未勝利,芝,1600,右,晴,良,"3回 中山 7日目 サラ系３歳 未勝利       馬齢 16頭 本賞金:590,240,150,89,59万円",16,590.0,6,4,8,ペルウィクトール,牡,3,57.0,ルメー,94.8,1.3/4,1,1.2,36.0,2-1-1,美浦 宮田,504,2,
202606030705,2026-04-18,中山,5,3歳未勝利,芝,1600,右,晴,良,"3回 中山 7日目 サラ系３歳 未勝利       馬齢 16頭 本賞金:590,240,150,89,59万円",16,590.0,7,8,16,ベルウッドバイオ,牡,3,57.0,ディー,94.9,3/4,3,9.7,34.8,12-11-11,美浦 高橋文,476,2,
202606030705,2026-04-18,中山,5,3歳未勝利,芝,1600,右,晴,良,"3回 中山 7日目 サラ系３歳 未勝利       馬齢 16頭 本賞金:590,240,150,89,59万円",16,590.0,8,2,3,キタノアヤカ,牝,3,52.0,▲水沼,95.0,1,11,156.1,33.9,16-16-16,美浦 萱野,454,-10,
202606030705,2026-04-18,中山,5,3歳未勝利,芝,1600,右,晴,良,"3回 中山 7日目 サラ系３歳 未勝利       馬齢 16頭 本賞金:590,240,150,89,59万円",16,590.0,9,7,13,シュガーシャック,牡,3,57.0,木幡巧,95.1,クビ,6,24.9,35.2,10-9-8,美浦 古賀慎,476,0,
202606030705,2026-04-18,中山,5,3歳未勝利,芝,1600,右,晴,良,"3回 中山 7日目 サラ系３歳 未勝利       馬齢 16頭 本賞金:590,240,150,89,59万円",16,590.0,10,5,10,リバージュエル,牝,3,55.0,石橋脩,95.2,クビ,14,269.9,35.7,4-3-3,美浦 高柳瑞,424,4,
202606030705,2026-04-18,中山,5,3歳未勝利,芝,1600,右,晴,良,"3回 中山 7日目 サラ系３歳 未勝利       馬齢 16頭 本賞金:590,240,150,89,59万円",16,590.0,11,3,6,テンムス,牝,3,55.0,岩田康,95.3,3/4,10,119.1,35.8,2-3-3,美浦 古賀慎,412,-14,
202606030705,2026-04-18,中山,5,3歳未勝利,芝,1600,右,晴,良,"3回 中山 7日目 サラ系３歳 未勝利       馬齢 16頭 本賞金:590,240,150,89,59万円",16,590.0,12,4,7,トレニアムーン,牝,3,55.0,江田照,95.4,1/2,12,179.6,34.9,15-14-15,美浦 清水英,462,0,
202606030705,2026-04-18,中山,5,3歳未勝利,芝,1600,右,晴,良,"3回 中山 7日目 サラ系３歳 未勝利       馬齢 16頭 本賞金:590,240,150,89,59万円",16,590.0,13,6,12,グレイスルーラー,牝,3,55.0,田辺,95.8,2.1/2,5,23.9,35.5,13-13-13,美浦 尾形,458,0,
202606030705,2026-04-18,中山,5,3歳未勝利,芝,1600,右,晴,良,"3回 中山 7日目 サラ系３歳 未勝利       馬齢 16頭 本賞金:590,240,150,89,59万円",16,590.0,14,7,14,ナムラハンナ,牝,3,55.0,柴田大,96.1,2,15,327.9,36.5,4-5-6,美浦 石栗,446,-2,
202606030705,2026-04-18,中山,5,3歳未勝利,芝,1600,右,晴,良,"3回 中山 7日目 サラ系３歳 未勝利       馬齢 16頭 本賞金:590,240,150,89,59万円",16,590.0,15,2,4,デルマツルギ,牝,3,55.0,菅原隆,96.3,3/4,16,380.9,36.6,4-5-6,美浦 蛯名利,474,-8,
202606030705,2026-04-18,中山,5,3歳未勝利,芝,1600,右,晴,良,"3回 中山 7日目 サラ系３歳 未勝利       馬齢 16頭 本賞金:590,240,150,89,59万円",16,590.0,16,8,15,ホウオウロレンシア,牝,3,55.0,原,96.6,2,9,109.4,36.9,8-5-8,美浦 高木,438,0,
202606030706,2026-04-18,中山,6,3歳1勝クラス,芝,1800,右,晴,良,"3回 中山 7日目 サラ系３歳 １勝クラス       牝 馬齢 6頭 本賞金:820,330,210,120,82万円",6,820.0,1,2,2,ルージュボヤージュ,牝,3,55.0,戸崎圭,109.4,,2,2.4,33.1,1-1-1-1,美浦 木村,472,-10,
202606030706,2026-04-18,中山,6,3歳1勝クラス,芝,1800,右,晴,良,"3回 中山 7日目 サラ系３歳 １勝クラス       牝 馬齢 6頭 本賞金:820,330,210,120,82万円",6,820.0,2,3,3,ターンザテーブルス,牝,3,55.0,津村,109.4,ハナ,4,8.3,32.8,2-3-3-3,美浦 西田,414,-6,
202606030706,2026-04-18,中山,6,3歳1勝クラス,芝,1800,右,晴,良,"3回 中山 7日目 サラ系３歳 １勝クラス       牝 馬齢 6頭 本賞金:820,330,210,120,82万円",6,820.0,3,5,5,タッセルノット,牝,3,55.0,ルメー,109.9,2.1/2,1,1.9,33.2,4-3-4-4,美浦 林,482,10,
202606030706,2026-04-18,中山,6,3歳1勝クラス,芝,1800,右,晴,良,"3回 中山 7日目 サラ系３歳 １勝クラス       牝 馬齢 6頭 本賞金:820,330,210,120,82万円",6,820.0,4,6,6,ティルベリー,牝,3,55.0,原,109.9,アタマ,5,22.2,33.4,2-2-2-2,美浦 宮田,476,8,
202606030706,2026-04-18,中山,6,3歳1勝クラス,芝,1800,右,晴,良,"3回 中山 7日目 サラ系３歳 １勝クラス       牝 馬齢 6頭 本賞金:820,330,210,120,82万円",6,820.0,5,1,1,ノーザンタイタン,牝,3,55.0,横山武,110.0,1/2,3,6.0,33.1,5-5-5-5,美浦 中舘,442,-4,
202606030706,2026-04-18,中山,6,3歳1勝クラス,芝,1800,右,晴,良,"3回 中山 7日目 サラ系３歳 １勝クラス       牝 馬齢 6頭 本賞金:820,330,210,120,82万円",6,820.0,6,4,4,トライアンドエラー,牝,3,52.0,▲佐藤,110.2,1.1/2,6,113.5,33.2,6-6-5-5,栗東 加藤公,478,0,
202606030707,2026-04-18,中山,7,4歳以上1勝クラス,芝,2000,右,晴,良,"3回 中山 7日目 サラ系４歳以上 １勝クラス       定量 10頭 本賞金:820,330,210,120,82万円",10,820.0,1,7,8,サンライズバブル,牡,4,58.0,横山和,118.1,,5,6.5,34.3,3-3-3-3,栗東 前川,522,0,
202606030707,2026-04-18,中山,7,4歳以上1勝クラス,芝,2000,右,晴,良,"3回 中山 7日目 サラ系４歳以上 １勝クラス       定量 10頭 本賞金:820,330,210,120,82万円",10,820.0,2,8,10,リポサンテ,牝,4,56.0,岩田康,118.1,アタマ,1,3.5,34.2,3-3-4-3,美浦 蛯名正,442,2,
202606030707,2026-04-18,中山,7,4歳以上1勝クラス,芝,2000,右,晴,良,"3回 中山 7日目 サラ系４歳以上 １勝クラス       定量 10頭 本賞金:820,330,210,120,82万円",10,820.0,3,3,3,トゥルーサクセサー,牡,5,58.0,佐々木,118.4,2,4,5.7,34.3,6-6-6-5,美浦 高木,474,8,
202606030707,2026-04-18,中山,7,4歳以上1勝クラス,芝,2000,右,晴,良,"3回 中山 7日目 サラ系４歳以上 １勝クラス       定量 10頭 本賞金:820,330,210,120,82万円",10,820.0,4,8,9,ベネスピラ,牡,4,58.0,戸崎圭,118.5,クビ,2,3.9,34.9,2-2-2-2,美浦 鹿戸,448,0,
202606030707,2026-04-18,中山,7,4歳以上1勝クラス,芝,2000,右,晴,良,"3回 中山 7日目 サラ系４歳以上 １勝クラス       定量 10頭 本賞金:820,330,210,120,82万円",10,820.0,5,5,5,バニーラビット,牡,4,58.0,津村,118.7,1.1/4,7,16.5,35.2,1-1-1-1,栗東 武幸,488,-14,
202606030707,2026-04-18,中山,7,4歳以上1勝クラス,芝,2000,右,晴,良,"3回 中山 7日目 サラ系４歳以上 １勝クラス       定量 10頭 本賞金:820,330,210,120,82万円",10,820.0,6,6,6,クモヒトツナイ,牡,4,58.0,小林脩,118.9,1.1/4,6,16.4,34.8,6-8-6-5,美浦 堀内,480,14,
202606030707,2026-04-18,中山,7,4歳以上1勝クラス,芝,2000,右,晴,良,"3回 中山 7日目 サラ系４歳以上 １勝クラス       定量 10頭 本賞金:820,330,210,120,82万円",10,820.0,7,2,2,チャイボーグ,牝,6,56.0,木幡巧,119.0,3/4,10,179.3,34.7,9-9-9-9,美浦 的場,496,0,
202606030707,2026-04-18,中山,7,4歳以上1勝クラス,芝,2000,右,晴,良,"3回 中山 7日目 サラ系４歳以上 １勝クラス       定量 10頭 本賞金:820,330,210,120,82万円",10,820.0,8,4,4,エンスエーニョ,牝,4,56.0,原,119.0,クビ,8,39.8,34.9,6-6-6-5,栗東 佐藤悠,514,-8,
202606030707,2026-04-18,中山,7,4歳以上1勝クラス,芝,2000,右,晴,良,"3回 中山 7日目 サラ系４歳以上 １勝クラス       定量 10頭 本賞金:820,330,210,120,82万円",10,820.0,9,1,1,カフェロワドール,牡,4,58.0,ディー,119.2,1.1/2,9,48.6,34.4,10-10-10-10,美浦 嘉藤,494,-8,
202606030707,2026-04-18,中山,7,4歳以上1勝クラス,芝,2000,右,晴,良,"3回 中山 7日目 サラ系４歳以上 １勝クラス       定量 10頭 本賞金:820,330,210,120,82万円",10,820.0,10,7,7,イリュストル,牡,4,58.0,横山武,119.3,クビ,3,4.7,35.4,5-5-4-5,美浦 大竹,502,10,
202606030708,2026-04-18,中山,8,4歳以上1勝クラス,ダ,2400,右,晴,良,"3回 中山 7日目 サラ系４歳以上 １勝クラス       (混) 定量 16頭 本賞金:820,330,210,120,82万円",16,820.0,1,2,3,コズミックダンサー,牡,4,58.0,戸崎圭,153.5,,2,3.6,39.0,3-2-2-1,栗東 橋田,488,-4,
202606030708,2026-04-18,中山,8,4歳以上1勝クラス,ダ,2400,右,晴,良,"3回 中山 7日目 サラ系４歳以上 １勝クラス       (混) 定量 16頭 本賞金:820,330,210,120,82万円",16,820.0,2,8,16,ニヒトツーゼーア,牡,4,58.0,ルメー,154.5,6,1,2.5,39.4,9-9-7-5,栗東 中竹,518,-2,
202606030708,2026-04-18,中山,8,4歳以上1勝クラス,ダ,2400,右,晴,良,"3回 中山 7日目 サラ系４歳以上 １勝クラス       (混) 定量 16頭 本賞金:820,330,210,120,82万円",16,820.0,3,6,12,ダイシンレアレア,牡,4,58.0,佐々木,155.2,4,3,8.2,40.4,7-7-5-4,栗東 高橋一,498,6,
202606030708,2026-04-18,中山,8,4歳以上1勝クラス,ダ,2400,右,晴,良,"3回 中山 7日目 サラ系４歳以上 １勝クラス       (混) 定量 16頭 本賞金:820,330,210,120,82万円",16,820.0,4,3,5,タイキフィアリーベ,牡,4,58.0,木幡巧,155.2,ハナ,11,46.6,39.5,13-13-11-9,美浦 室井,474,4,
202606030708,2026-04-18,中山,8,4歳以上1勝クラス,ダ,2400,右,晴,良,"3回 中山 7日目 サラ系４歳以上 １勝クラス       (混) 定量 16頭 本賞金:820,330,210,120,82万円",16,820.0,5,6,11,ロードインフェルノ,牡,5,58.0,田辺,155.2,ハナ,4,10.1,39.4,14-14-13-11,美浦 尾形,484,0,
202606030708,2026-04-18,中山,8,4歳以上1勝クラス,ダ,2400,右,晴,良,"3回 中山 7日目 サラ系４歳以上 １勝クラス       (混) 定量 16頭 本賞金:820,330,210,120,82万円",16,820.0,6,2,4,ブレイクザアイス,セ,7,58.0,黛,155.3,1/2,13,61.0,39.7,10-9-11-13,美浦 森一,470,-6,
202606030708,2026-04-18,中山,8,4歳以上1勝クラス,ダ,2400,右,晴,良,"3回 中山 7日目 サラ系４歳以上 １勝クラス       (混) 定量 16頭 本賞金:820,330,210,120,82万円",16,820.0,7,4,7,シュヴァルノワール,牡,4,58.0,横山和,155.4,1/2,10,34.6,40.6,5-5-5-3,美浦 嘉藤,498,-6,
202606030708,2026-04-18,中山,8,4歳以上1勝クラス,ダ,2400,右,晴,良,"3回 中山 7日目 サラ系４歳以上 １勝クラス       (混) 定量 16頭 本賞金:820,330,210,120,82万円",16,820.0,8,8,15,セージグリーン,牝,5,56.0,吉田豊,155.7,1.3/4,6,17.3,40.3,11-11-10-7,美浦 菊川,466,-4,
202606030708,2026-04-18,中山,8,4歳以上1勝クラス,ダ,2400,右,晴,良,"3回 中山 7日目 サラ系４歳以上 １勝クラス       (混) 定量 16頭 本賞金:820,330,210,120,82万円",16,820.0,9,3,6,リボルトバレット,牡,5,58.0,石橋脩,156.5,5,7,22.1,42.0,2-2-2-5,美浦 伊藤伸,498,0,
202606030708,2026-04-18,中山,8,4歳以上1勝クラス,ダ,2400,右,晴,良,"3回 中山 7日目 サラ系４歳以上 １勝クラス       (混) 定量 16頭 本賞金:820,330,210,120,82万円",16,820.0,10,7,14,ステイアンビシャス,牡,4,58.0,松岡,156.6,クビ,5,14.1,40.5,15-15-15-13,美浦 堀内,478,-3,
202606030708,2026-04-18,中山,8,4歳以上1勝クラス,ダ,2400,右,晴,良,"3回 中山 7日目 サラ系４歳以上 １勝クラス       (混) 定量 16頭 本賞金:820,330,210,120,82万円",16,820.0,11,4,8,レッドルイナール,セ,4,58.0,原,156.8,1.1/4,15,85.0,42.6,1-1-1-2,美浦 平岩,474,4,
202606030708,2026-04-18,中山,8,4歳以上1勝クラス,ダ,2400,右,晴,良,"3回 中山 7日目 サラ系４歳以上 １勝クラス       (混) 定量 16頭 本賞金:820,330,210,120,82万円",16,820.0,12,1,1,ナムラジミー,牡,4,58.0,津村,157.0,1.1/4,9,32.2,41.7,7-7-8-9,美浦 武市,486,0,
202606030708,2026-04-18,中山,8,4歳以上1勝クラス,ダ,2400,右,晴,良,"3回 中山 7日目 サラ系４歳以上 １勝クラス       (混) 定量 16頭 本賞金:820,330,210,120,82万円",16,820.0,13,5,10,ロードスカイブルー,牡,4,58.0,大野,158.6,10,8,26.1,43.9,3-4-4-7,美浦 和田勇,490,10,
202606030708,2026-04-18,中山,8,4歳以上1勝クラス,ダ,2400,右,晴,良,"3回 中山 7日目 サラ系４歳以上 １勝クラス       (混) 定量 16頭 本賞金:820,330,210,120,82万円",16,820.0,14,7,13,アルデツヨシ,セ,4,58.0,江田照,158.9,1.1/2,14,82.3,41.8,16-16-16-16,美浦 田中剛,474,0,
202606030708,2026-04-18,中山,8,4歳以上1勝クラス,ダ,2400,右,晴,良,"3回 中山 7日目 サラ系４歳以上 １勝クラス       (混) 定量 16頭 本賞金:820,330,210,120,82万円",16,820.0,15,5,9,ラキアレクサンダー,牡,5,58.0,柴田大,158.9,アタマ,12,50.6,43.1,11-11-13-15,美浦 竹内,532,-4,
202606030708,2026-04-18,中山,8,4歳以上1勝クラス,ダ,2400,右,晴,良,"3回 中山 7日目 サラ系４歳以上 １勝クラス       (混) 定量 16頭 本賞金:820,330,210,120,82万円",16,820.0,16,1,2,ブレイヴアロウ,牡,6,58.0,岩田康,159.3,2.1/2,16,86.1,44.0,5-5-8-11,美浦 辻,494,-12,
202606030709,2026-04-18,中山,9,袖ケ浦特別,芝,1200,右,晴,良,"3回 中山 7日目 サラ系４歳以上 ２勝クラス       (混) 定量 12頭 本賞金:1580,630,400,240,158万円",12,1580.0,1,6,8,メイショウヨゾラ,牝,5,56.0,横山武,67.1,,4,7.6,33.4,3-3,美浦 高柳瑞,486,10,
202606030709,2026-04-18,中山,9,袖ケ浦特別,芝,1200,右,晴,良,"3回 中山 7日目 サラ系４歳以上 ２勝クラス       (混) 定量 12頭 本賞金:1580,630,400,240,158万円",12,1580.0,2,6,7,キョウエイボニータ,牝,4,56.0,松岡,67.2,1/2,10,71.0,33.5,3-3,美浦 伊藤伸,470,0,
202606030709,2026-04-18,中山,9,袖ケ浦特別,芝,1200,右,晴,良,"3回 中山 7日目 サラ系４歳以上 ２勝クラス       (混) 定量 12頭 本賞金:1580,630,400,240,158万円",12,1580.0,3,3,3,スターウェーブ,セ,4,58.0,津村,67.3,1/2,7,14.9,33.4,6-5,美浦 武井,496,0,
202606030709,2026-04-18,中山,9,袖ケ浦特別,芝,1200,右,晴,良,"3回 中山 7日目 サラ系４歳以上 ２勝クラス       (混) 定量 12頭 本賞金:1580,630,400,240,158万円",12,1580.0,4,2,2,ヴェナートル,牡,4,58.0,武藤,67.3,クビ,6,14.5,34.0,1-1,美浦 武藤,508,2,
202606030709,2026-04-18,中山,9,袖ケ浦特別,芝,1200,右,晴,良,"3回 中山 7日目 サラ系４歳以上 ２勝クラス       (混) 定量 12頭 本賞金:1580,630,400,240,158万円",12,1580.0,5,4,4,カウンターセブン,牡,4,58.0,ディー,67.4,1/2,2,3.8,34.0,2-2,美浦 村田,524,4,
202606030709,2026-04-18,中山,9,袖ケ浦特別,芝,1200,右,晴,良,"3回 中山 7日目 サラ系４歳以上 ２勝クラス       (混) 定量 12頭 本賞金:1580,630,400,240,158万円",12,1580.0,6,7,10,ヴィヴァクラウン,牡,5,58.0,大野,67.4,クビ,9,48.4,33.3,8-8,美浦 杉浦,470,-2,
202606030709,2026-04-18,中山,9,袖ケ浦特別,芝,1200,右,晴,良,"3回 中山 7日目 サラ系４歳以上 ２勝クラス       (混) 定量 12頭 本賞金:1580,630,400,240,158万円",12,1580.0,7,7,9,スムースベルベット,牝,6,56.0,嶋田,67.5,1/2,5,12.7,33.7,5-5,美浦 手塚徳,504,2,
202606030709,2026-04-18,中山,9,袖ケ浦特別,芝,1200,右,晴,良,"3回 中山 7日目 サラ系４歳以上 ２勝クラス       (混) 定量 12頭 本賞金:1580,630,400,240,158万円",12,1580.0,8,1,1,ワース,牡,4,58.0,石橋脩,67.5,クビ,3,5.4,32.7,12-12,美浦 上原佑,502,-2,
202606030709,2026-04-18,中山,9,袖ケ浦特別,芝,1200,右,晴,良,"3回 中山 7日目 サラ系４歳以上 ２勝クラス       (混) 定量 12頭 本賞金:1580,630,400,240,158万円",12,1580.0,9,8,12,アオイレーギーナ,牝,4,56.0,ルメー,67.5,ハナ,1,2.7,33.2,9-10,栗東 宮地,490,2,
202606030709,2026-04-18,中山,9,袖ケ浦特別,芝,1200,右,晴,良,"3回 中山 7日目 サラ系４歳以上 ２勝クラス       (混) 定量 12頭 本賞金:1580,630,400,240,158万円",12,1580.0,10,5,6,ラブディーヴァ,牝,5,56.0,戸崎圭,67.5,ハナ,8,22.8,33.6,6-5,美浦 田中勝,452,10,
202606030709,2026-04-18,中山,9,袖ケ浦特別,芝,1200,右,晴,良,"3回 中山 7日目 サラ系４歳以上 ２勝クラス       (混) 定量 12頭 本賞金:1580,630,400,240,158万円",12,1580.0,11,5,5,ガットネロ,牝,6,56.0,原,67.6,クビ,11,74.2,33.3,9-8,栗東 東田,496,2,
202606030709,2026-04-18,中山,9,袖ケ浦特別,芝,1200,右,晴,良,"3回 中山 7日目 サラ系４歳以上 ２勝クラス       (混) 定量 12頭 本賞金:1580,630,400,240,158万円",12,1580.0,12,8,11,ジャガード,牡,8,58.0,吉田豊,67.6,クビ,12,167.3,33.1,11-11,美浦 和田雄,424,-2,
202606030710,2026-04-18,中山,10,下総S,ダ,1800,右,晴,良,"3回 中山 7日目 サラ系４歳以上 ３勝クラス       (混) 定量 13頭 本賞金:1870,750,470,280,187万円",13,1870.0,1,6,9,ワイドブリザード,セ,5,58.0,戸崎圭,111.7,,2,4.7,37.4,1-1-1-1,栗東 佐藤悠,448,2,
202606030710,2026-04-18,中山,10,下総S,ダ,1800,右,晴,良,"3回 中山 7日目 サラ系４歳以上 ３勝クラス       (混) 定量 13頭 本賞金:1870,750,470,280,187万円",13,1870.0,2,4,5,エクリプスルバン,セ,5,58.0,佐々木,111.9,1.1/4,1,3.9,37.5,2-2-2-2,美浦 田中博,444,2,
202606030710,2026-04-18,中山,10,下総S,ダ,1800,右,晴,良,"3回 中山 7日目 サラ系４歳以上 ３勝クラス       (混) 定量 13頭 本賞金:1870,750,470,280,187万円",13,1870.0,3,3,3,オンザライン,セ,8,58.0,木幡巧,112.1,1.1/4,13,134.2,37.3,6-5-8-6,美浦 大和田,460,-2,
202606030710,2026-04-18,中山,10,下総S,ダ,1800,右,晴,良,"3回 中山 7日目 サラ系４歳以上 ３勝クラス       (混) 定量 13頭 本賞金:1870,750,470,280,187万円",13,1870.0,4,6,8,ドバイブルース,牡,5,58.0,ディー,112.1,アタマ,7,11.8,37.4,7-7-3-2,美浦 加藤征,500,-2,
202606030710,2026-04-18,中山,10,下総S,ダ,1800,右,晴,良,"3回 中山 7日目 サラ系４歳以上 ３勝クラス       (混) 定量 13頭 本賞金:1870,750,470,280,187万円",13,1870.0,5,7,11,ヴァンドーム,牡,5,58.0,大野,112.3,3/4,4,6.9,36.1,12-12-13-13,栗東 安田,506,2,
202606030710,2026-04-18,中山,10,下総S,ダ,1800,右,晴,良,"3回 中山 7日目 サラ系４歳以上 ３勝クラス       (混) 定量 13頭 本賞金:1870,750,470,280,187万円",13,1870.0,6,2,2,ラフエイジアン,セ,6,58.0,原,112.5,1.1/4,8,26.2,36.7,13-13-12-10,美浦 中舘,458,-4,
202606030710,2026-04-18,中山,10,下総S,ダ,1800,右,晴,良,"3回 中山 7日目 サラ系４歳以上 ３勝クラス       (混) 定量 13頭 本賞金:1870,750,470,280,187万円",13,1870.0,7,8,13,プレイサーゴールド,牡,6,58.0,岩田康,112.5,アタマ,11,113.6,37.3,10-10-10-8,栗東 今野,504,6,
202606030710,2026-04-18,中山,10,下総S,ダ,1800,右,晴,良,"3回 中山 7日目 サラ系４歳以上 ３勝クラス       (混) 定量 13頭 本賞金:1870,750,470,280,187万円",13,1870.0,8,8,12,サトミノエンジェル,牡,4,58.0,横山武,112.7,1,6,7.3,37.8,9-9-8-8,美浦 鈴木伸,526,4,
202606030710,2026-04-18,中山,10,下総S,ダ,1800,右,晴,良,"3回 中山 7日目 サラ系４歳以上 ３勝クラス       (混) 定量 13頭 本賞金:1870,750,470,280,187万円",13,1870.0,9,1,1,クロニクル,セ,7,58.0,田辺,112.8,1/2,9,38.2,38.2,3-3-3-4,美浦 平岩,516,-2,
202606030710,2026-04-18,中山,10,下総S,ダ,1800,右,晴,良,"3回 中山 7日目 サラ系４歳以上 ３勝クラス       (混) 定量 13頭 本賞金:1870,750,470,280,187万円",13,1870.0,10,5,6,コスモジンバック,牡,5,58.0,石橋脩,112.8,ハナ,12,113.7,37.3,11-11-11-10,美浦 相沢,492,-4,
202606030710,2026-04-18,中山,10,下総S,ダ,1800,右,晴,良,"3回 中山 7日目 サラ系４歳以上 ３勝クラス       (混) 定量 13頭 本賞金:1870,750,470,280,187万円",13,1870.0,11,5,7,ニシノライコウ,牡,6,58.0,津村,113.2,2.1/2,10,63.2,38.5,8-8-3-7,美浦 古賀慎,504,-6,
202606030710,2026-04-18,中山,10,下総S,ダ,1800,右,晴,良,"3回 中山 7日目 サラ系４歳以上 ３勝クラス       (混) 定量 13頭 本賞金:1870,750,470,280,187万円",13,1870.0,12,7,10,バギーウィップ,牡,4,58.0,武藤,113.4,1.1/4,5,6.9,38.8,5-5-3-4,美浦 萩原,500,-6,
202606030710,2026-04-18,中山,10,下総S,ダ,1800,右,晴,良,"3回 中山 7日目 サラ系４歳以上 ３勝クラス       (混) 定量 13頭 本賞金:1870,750,470,280,187万円",13,1870.0,13,4,4,ターコイズフリンジ,牡,5,58.0,ルメー,121.4,大,3,5.6,46.7,3-3-3-10,美浦 田中博,534,-10,
202606030711,2026-04-18,中山,11,中山グランドJ,障,4260,,晴,良,"3回 中山 7日目 障害４歳以上 オープン       (国際) 定量 10頭 本賞金:7000,2800,1800,1100,700万円",10,7000.0,1,6,6,エコロデュエル,牡,7,63.0,草野,289.0,,1,1.5,13.6,2-2-1-1,美浦 岩戸,480,0,
202606030711,2026-04-18,中山,11,中山グランドJ,障,4260,,晴,良,"3回 中山 7日目 障害４歳以上 オープン       (国際) 定量 10頭 本賞金:7000,2800,1800,1100,700万円",10,7000.0,2,8,10,ディナースタ,牡,7,63.0,高田,291.0,大,3,6.6,13.7,6-7-5-3,栗東 辻野,486,6,
202606030711,2026-04-18,中山,11,中山グランドJ,障,4260,,晴,良,"3回 中山 7日目 障害４歳以上 オープン       (国際) 定量 10頭 本賞金:7000,2800,1800,1100,700万円",10,7000.0,3,2,2,フォージドブリック,牡,5,63.0,大江圭,292.0,6,8,40.2,13.7,3-2-4-3,美浦 西田,566,2,
202606030711,2026-04-18,中山,11,中山グランドJ,障,4260,,晴,良,"3回 中山 7日目 障害４歳以上 オープン       (国際) 定量 10頭 本賞金:7000,2800,1800,1100,700万円",10,7000.0,4,3,3,ホウオウプロサンゲ,牡,5,63.0,小野寺,293.0,6,2,4.6,13.8,4-2-2-2,栗東 矢作,504,2,
202606030711,2026-04-18,中山,11,中山グランドJ,障,4260,,晴,良,"3回 中山 7日目 障害４歳以上 オープン       (国際) 定量 10頭 本賞金:7000,2800,1800,1100,700万円",10,7000.0,5,7,7,ネビーイーム,牡,8,63.0,小牧加,293.0,1/2,4,15.7,13.8,5-5-5-6,栗東 中竹,540,-4,
202606030711,2026-04-18,中山,11,中山グランドJ,障,4260,,晴,良,"3回 中山 7日目 障害４歳以上 オープン       (国際) 定量 10頭 本賞金:7000,2800,1800,1100,700万円",10,7000.0,6,4,4,サンデイビス,牡,8,63.0,上野,293.5,2.1/2,5,17.8,13.8,1-1-3-5,美浦 村田,520,4,
202606030711,2026-04-18,中山,11,中山グランドJ,障,4260,,晴,良,"3回 中山 7日目 障害４歳以上 オープン       (国際) 定量 10頭 本賞金:7000,2800,1800,1100,700万円",10,7000.0,7,7,8,ヘザルフェン,牡,5,63.0,森一,293.5,アタマ,6,25.4,13.8,7-6-5-7,栗東 昆,510,-4,
202606030711,2026-04-18,中山,11,中山グランドJ,障,4260,,晴,良,"3回 中山 7日目 障害４歳以上 オープン       (国際) 定量 10頭 本賞金:7000,2800,1800,1100,700万円",10,7000.0,8,5,5,プラチナドリーム,牡,7,63.0,石神深,294.7,7,7,35.8,13.8,8-8-8-8,美浦 菊川,488,-2,
202606030711,2026-04-18,中山,11,中山グランドJ,障,4260,,晴,良,"3回 中山 7日目 障害４歳以上 オープン       (国際) 定量 10頭 本賞金:7000,2800,1800,1100,700万円",10,7000.0,9,8,9,タンジェントアーク,セ,8,63.0,五十嵐,298.6,大,10,276.2,14.0,9-9-9-9,美浦 田村,448,0,
202606030711,2026-04-18,中山,11,中山グランドJ,障,4260,,晴,良,"3回 中山 7日目 障害４歳以上 オープン       (国際) 定量 10頭 本賞金:7000,2800,1800,1100,700万円",10,7000.0,10,1,1,ポリトナリティー,牝,5,61.0,水沼,316.9,大,9,185.2,14.9,10-10-10-10,美浦 和田雄,430,12,
202606030712,2026-04-18,中山,12,葛飾特別,ダ,1200,右,晴,良,"3回 中山 7日目 サラ系４歳以上 ２勝クラス       (混) 定量 13頭 本賞金:1580,630,400,240,158万円",13,1580.0,1,5,7,ハヤテノツバサ,牡,4,58.0,横山武,70.8,,3,6.7,36.6,1-1,栗東 杉山佳,518,0,
202606030712,2026-04-18,中山,12,葛飾特別,ダ,1200,右,晴,良,"3回 中山 7日目 サラ系４歳以上 ２勝クラス       (混) 定量 13頭 本賞金:1580,630,400,240,158万円",13,1580.0,2,8,12,ライトニングゼウス,牡,5,58.0,ルメー,71.0,1,1,2.1,36.5,2-2,美浦 伊藤圭,510,-4,
202606030712,2026-04-18,中山,12,葛飾特別,ダ,1200,右,晴,良,"3回 中山 7日目 サラ系４歳以上 ２勝クラス       (混) 定量 13頭 本賞金:1580,630,400,240,158万円",13,1580.0,3,8,13,ルイステソーロ,セ,4,58.0,木幡巧,71.2,1.1/2,2,4.8,36.6,2-2,美浦 畠山,480,0,
202606030712,2026-04-18,中山,12,葛飾特別,ダ,1200,右,晴,良,"3回 中山 7日目 サラ系４歳以上 ２勝クラス       (混) 定量 13頭 本賞金:1580,630,400,240,158万円",13,1580.0,4,7,11,サマースイートピー,牝,4,56.0,原田和,71.4,1,8,26.3,36.6,4-4,美浦 千葉,482,2,
202606030712,2026-04-18,中山,12,葛飾特別,ダ,1200,右,晴,良,"3回 中山 7日目 サラ系４歳以上 ２勝クラス       (混) 定量 13頭 本賞金:1580,630,400,240,158万円",13,1580.0,5,6,8,タイセイルヴァン,牡,4,58.0,黛,71.4,クビ,5,10.0,36.2,5-5,美浦 新開,500,-10,
202606030712,2026-04-18,中山,12,葛飾特別,ダ,1200,右,晴,良,"3回 中山 7日目 サラ系４歳以上 ２勝クラス       (混) 定量 13頭 本賞金:1580,630,400,240,158万円",13,1580.0,6,4,5,ホウオウプレミア,牡,7,58.0,岩田康,71.7,1.3/4,4,7.3,35.9,10-10,美浦 奥村武,490,0,
202606030712,2026-04-18,中山,12,葛飾特別,ダ,1200,右,晴,良,"3回 中山 7日目 サラ系４歳以上 ２勝クラス       (混) 定量 13頭 本賞金:1580,630,400,240,158万円",13,1580.0,7,6,9,アストラカ,セ,5,58.0,大野,71.8,クビ,7,23.6,36.3,8-8,栗東 石坂,488,0,
202606030712,2026-04-18,中山,12,葛飾特別,ダ,1200,右,晴,良,"3回 中山 7日目 サラ系４歳以上 ２勝クラス       (混) 定量 13頭 本賞金:1580,630,400,240,158万円",13,1580.0,8,3,3,フォーワンセルフ,牡,7,58.0,柴田大,71.8,クビ,11,179.9,35.4,11-11,美浦 小手川,524,-2,
202606030712,2026-04-18,中山,12,葛飾特別,ダ,1200,右,晴,良,"3回 中山 7日目 サラ系４歳以上 ２勝クラス       (混) 定量 13頭 本賞金:1580,630,400,240,158万円",13,1580.0,9,7,10,ドナカルナバル,牝,4,56.0,江田照,71.9,1/2,6,17.6,36.7,5-6,美浦 高木,488,2,
202606030712,2026-04-18,中山,12,葛飾特別,ダ,1200,右,晴,良,"3回 中山 7日目 サラ系４歳以上 ２勝クラス       (混) 定量 13頭 本賞金:1580,630,400,240,158万円",13,1580.0,10,4,4,ケンキョ,牡,6,58.0,佐々木,72.0,3/4,9,32.2,36.7,7-6,美浦 高橋文,478,2,
202606030712,2026-04-18,中山,12,葛飾特別,ダ,1200,右,晴,良,"3回 中山 7日目 サラ系４歳以上 ２勝クラス       (混) 定量 13頭 本賞金:1580,630,400,240,158万円",13,1580.0,11,2,2,イモータルバード,牡,5,58.0,原,72.4,2,10,57.1,36.9,8-8,美浦 栗田,486,4,
202606030712,2026-04-18,中山,12,葛飾特別,ダ,1200,右,晴,良,"3回 中山 7日目 サラ系４歳以上 ２勝クラス       (混) 定量 13頭 本賞金:1580,630,400,240,158万円",13,1580.0,12,1,1,ブリーズオンチーク,牝,5,56.0,石橋脩,72.5,3/4,12,285.0,36.2,11-12,栗東 高野,488,4,
202606030712,2026-04-18,中山,12,葛飾特別,ダ,1200,右,晴,良,"3回 中山 7日目 サラ系４歳以上 ２勝クラス       (混) 定量 13頭 本賞金:1580,630,400,240,158万円",13,1580.0,13,5,6,トロピカルヒーロー,牡,6,58.0,野中,72.5,ハナ,13,293.9,35.7,13-13,美浦 石栗,538,8,
202609020701,2026-04-18,阪神,1,3歳未勝利,ダ,1800,右,晴,良,"2回 阪神 7日目 サラ系３歳 未勝利       牝[指] 馬齢 15頭 本賞金:590,240,150,89,59万円",15,590.0,1,4,6,アグレイビューティ,牝,3,55.0,岩田望,114.7,,2,3.8,37.4,3-3-4-3,栗東 上村,466,-2,
202609020701,2026-04-18,阪神,1,3歳未勝利,ダ,1800,右,晴,良,"2回 阪神 7日目 サラ系３歳 未勝利       牝[指] 馬齢 15頭 本賞金:590,240,150,89,59万円",15,590.0,2,5,9,コイタマチャン,牝,3,55.0,松山,114.8,1/2,3,6.1,37.9,1-1-1-1,栗東 宮本,492,-2,
202609020701,2026-04-18,阪神,1,3歳未勝利,ダ,1800,右,晴,良,"2回 阪神 7日目 サラ系３歳 未勝利       牝[指] 馬齢 15頭 本賞金:590,240,150,89,59万円",15,590.0,3,2,3,ジーティービキニ,牝,3,55.0,レーン,114.8,アタマ,1,2.5,37.6,3-3-2-3,栗東 松下,502,4,
202609020701,2026-04-18,阪神,1,3歳未勝利,ダ,1800,右,晴,良,"2回 阪神 7日目 サラ系３歳 未勝利       牝[指] 馬齢 15頭 本賞金:590,240,150,89,59万円",15,590.0,4,6,10,メイショウメゴヒメ,牝,3,55.0,高杉,115.1,1.3/4,10,84.3,38.0,2-2-2-2,栗東 大橋,452,-8,
202609020701,2026-04-18,阪神,1,3歳未勝利,ダ,1800,右,晴,良,"2回 阪神 7日目 サラ系３歳 未勝利       牝[指] 馬齢 15頭 本賞金:590,240,150,89,59万円",15,590.0,5,7,12,ペガサスウィンド,牝,3,55.0,吉村,115.9,5,4,7.8,38.4,5-5-6-5,栗東 宮地,494,-2,
202609020701,2026-04-18,阪神,1,3歳未勝利,ダ,1800,右,晴,良,"2回 阪神 7日目 サラ系３歳 未勝利       牝[指] 馬齢 15頭 本賞金:590,240,150,89,59万円",15,590.0,6,1,1,スマートルヴァン,牝,3,55.0,北村友,116.0,クビ,12,130.5,38.5,5-7-5-5,栗東 上村,456,-8,
202609020701,2026-04-18,阪神,1,3歳未勝利,ダ,1800,右,晴,良,"2回 阪神 7日目 サラ系３歳 未勝利       牝[指] 馬齢 15頭 本賞金:590,240,150,89,59万円",15,590.0,7,8,15,グロリアス,牝,3,55.0,田口,116.2,1.1/4,6,10.2,37.7,5-8-11-15,栗東 新谷,454,2,
202609020701,2026-04-18,阪神,1,3歳未勝利,ダ,1800,右,晴,良,"2回 阪神 7日目 サラ系３歳 未勝利       牝[指] 馬齢 15頭 本賞金:590,240,150,89,59万円",15,590.0,8,4,7,ダリアフレイバー,牝,3,55.0,鮫島駿,116.2,クビ,11,92.1,38.4,12-11-8-7,栗東 河嶋,400,-2,
202609020701,2026-04-18,阪神,1,3歳未勝利,ダ,1800,右,晴,良,"2回 阪神 7日目 サラ系３歳 未勝利       牝[指] 馬齢 15頭 本賞金:590,240,150,89,59万円",15,590.0,9,6,11,ペコリズム,牝,3,55.0,幸,116.6,2.1/2,7,30.6,38.7,9-9-8-7,栗東 森田,506,4,
202609020701,2026-04-18,阪神,1,3歳未勝利,ダ,1800,右,晴,良,"2回 阪神 7日目 サラ系３歳 未勝利       牝[指] 馬齢 15頭 本賞金:590,240,150,89,59万円",15,590.0,10,2,2,ケイトバローズ,牝,3,55.0,菱田,116.9,1.3/4,9,72.2,39.1,9-9-8-7,栗東 渡辺,462,-2,
202609020701,2026-04-18,阪神,1,3歳未勝利,ダ,1800,右,晴,良,"2回 阪神 7日目 サラ系３歳 未勝利       牝[指] 馬齢 15頭 本賞金:590,240,150,89,59万円",15,590.0,11,3,5,アンヌグロース,牝,3,55.0,国分優,116.9,クビ,14,399.0,38.9,14-14-11-10,栗東 松下,456,-8,
202609020701,2026-04-18,阪神,1,3歳未勝利,ダ,1800,右,晴,良,"2回 阪神 7日目 サラ系３歳 未勝利       牝[指] 馬齢 15頭 本賞金:590,240,150,89,59万円",15,590.0,12,5,8,アオイハルカ,牝,3,55.0,池添,116.9,ハナ,5,10.1,38.6,13-13-14-10,栗東 大久保,426,-4,
202609020701,2026-04-18,阪神,1,3歳未勝利,ダ,1800,右,晴,良,"2回 阪神 7日目 サラ系３歳 未勝利       牝[指] 馬齢 15頭 本賞金:590,240,150,89,59万円",15,590.0,13,7,13,ゼルノードゥス,牝,3,53.0,△柴田裕,117.1,1,15,564.6,38.7,14-15-15-13,栗東 中竹,476,6,
202609020701,2026-04-18,阪神,1,3歳未勝利,ダ,1800,右,晴,良,"2回 阪神 7日目 サラ系３歳 未勝利       牝[指] 馬齢 15頭 本賞金:590,240,150,89,59万円",15,590.0,14,8,14,ローゾフィア,牝,3,55.0,角田和,118.0,5,8,42.9,39.8,11-11-11-13,栗東 宮本,424,-2,
202609020701,2026-04-18,阪神,1,3歳未勝利,ダ,1800,右,晴,良,"2回 阪神 7日目 サラ系３歳 未勝利       牝[指] 馬齢 15頭 本賞金:590,240,150,89,59万円",15,590.0,15,3,4,ショウサンカナヲ,牝,3,55.0,酒井,118.3,1.1/2,13,176.9,40.6,5-5-6-10,栗東 松下,470,4,
202609020702,2026-04-18,阪神,2,3歳未勝利,ダ,1200,右,晴,良,"2回 阪神 7日目 サラ系３歳 未勝利       (混)[指] 馬齢 16頭 本賞金:590,240,150,89,59万円",16,590.0,1,8,16,ウェルカムソング,牡,3,57.0,岩田望,71.6,,2,3.1,35.8,2-2,栗東 河嶋,464,-2,
202609020702,2026-04-18,阪神,2,3歳未勝利,ダ,1200,右,晴,良,"2回 阪神 7日目 サラ系３歳 未勝利       (混)[指] 馬齢 16頭 本賞金:590,240,150,89,59万円",16,590.0,2,3,6,グレイトソン,牡,3,57.0,松山,72.2,3.1/2,3,4.9,36.5,1-1,栗東 鈴木孝,460,0,
202609020702,2026-04-18,阪神,2,3歳未勝利,ダ,1200,右,晴,良,"2回 阪神 7日目 サラ系３歳 未勝利       (混)[指] 馬齢 16頭 本賞金:590,240,150,89,59万円",16,590.0,3,2,4,マリリンバローズ,牝,3,55.0,川田,73.0,5,1,2.0,37.1,3-3,栗東 佐藤悠,462,2,
202609020702,2026-04-18,阪神,2,3歳未勝利,ダ,1200,右,晴,良,"2回 阪神 7日目 サラ系３歳 未勝利       (混)[指] 馬齢 16頭 本賞金:590,240,150,89,59万円",16,590.0,4,4,8,ナムラステラ,牝,3,55.0,団野,73.6,3.1/2,6,45.9,37.4,5-5,栗東 荒川,462,-2,
202609020702,2026-04-18,阪神,2,3歳未勝利,ダ,1200,右,晴,良,"2回 阪神 7日目 サラ系３歳 未勝利       (混)[指] 馬齢 16頭 本賞金:590,240,150,89,59万円",16,590.0,5,1,2,サンシャインビーチ,牝,3,55.0,岩部,73.6,アタマ,8,86.7,37.3,6-6,栗東 渡辺,420,0,
202609020702,2026-04-18,阪神,2,3歳未勝利,ダ,1200,右,晴,良,"2回 阪神 7日目 サラ系３歳 未勝利       (混)[指] 馬齢 16頭 本賞金:590,240,150,89,59万円",16,590.0,6,2,3,ロードフリューゲル,牡,3,57.0,北村友,73.9,1.3/4,4,8.2,38.0,3-3,栗東 上村,474,0,
202609020702,2026-04-18,阪神,2,3歳未勝利,ダ,1200,右,晴,良,"2回 阪神 7日目 サラ系３歳 未勝利       (混)[指] 馬齢 16頭 本賞金:590,240,150,89,59万円",16,590.0,7,1,1,ジョーヴェスタ,牝,3,55.0,国分優,74.0,アタマ,14,267.7,36.8,13-11,栗東 松下,424,-22,
202609020702,2026-04-18,阪神,2,3歳未勝利,ダ,1200,右,晴,良,"2回 阪神 7日目 サラ系３歳 未勝利       (混)[指] 馬齢 16頭 本賞金:590,240,150,89,59万円",16,590.0,8,7,13,スラッシュ,牡,3,57.0,菱田,74.0,ハナ,11,225.1,36.9,11-11,栗東 安達,472,0,
202609020702,2026-04-18,阪神,2,3歳未勝利,ダ,1200,右,晴,良,"2回 阪神 7日目 サラ系３歳 未勝利       (混)[指] 馬齢 16頭 本賞金:590,240,150,89,59万円",16,590.0,9,7,14,メッチャエエヤン,牡,3,57.0,秋山稔,74.1,1/2,7,72.6,37.6,7-6,栗東 宮,484,-12,
202609020702,2026-04-18,阪神,2,3歳未勝利,ダ,1200,右,晴,良,"2回 阪神 7日目 サラ系３歳 未勝利       (混)[指] 馬齢 16頭 本賞金:590,240,150,89,59万円",16,590.0,10,6,11,チアフルラン,牡,3,57.0,高倉,74.5,2.1/2,9,147.1,37.1,12-13,栗東 渡辺,444,0,
202609020702,2026-04-18,阪神,2,3歳未勝利,ダ,1200,右,晴,良,"2回 阪神 7日目 サラ系３歳 未勝利       (混)[指] 馬齢 16頭 本賞金:590,240,150,89,59万円",16,590.0,11,8,15,ゴッドシュアウイン,牡,3,57.0,酒井,74.8,2,15,275.1,38.1,8-8,栗東 飯田,498,-2,
202609020702,2026-04-18,阪神,2,3歳未勝利,ダ,1200,右,晴,良,"2回 阪神 7日目 サラ系３歳 未勝利       (混)[指] 馬齢 16頭 本賞金:590,240,150,89,59万円",16,590.0,12,5,10,クモンリュウ,牡,3,57.0,太宰,74.9,アタマ,16,312.2,37.3,15-14,栗東 牧田,540,-15,
202609020702,2026-04-18,阪神,2,3歳未勝利,ダ,1200,右,晴,良,"2回 阪神 7日目 サラ系３歳 未勝利       (混)[指] 馬齢 16頭 本賞金:590,240,150,89,59万円",16,590.0,13,3,5,ヤマトチャージ,牡,3,55.0,△柴田裕,75.7,5,12,229.6,39.0,8-8,栗東 安達,442,-4,
202609020702,2026-04-18,阪神,2,3歳未勝利,ダ,1200,右,晴,良,"2回 阪神 7日目 サラ系３歳 未勝利       (混)[指] 馬齢 16頭 本賞金:590,240,150,89,59万円",16,590.0,14,5,9,セイウンダイフク,牡,3,57.0,池添,75.9,3/4,5,31.6,38.3,14-14,栗東 宮本,436,2,
202609020702,2026-04-18,阪神,2,3歳未勝利,ダ,1200,右,晴,良,"2回 阪神 7日目 サラ系３歳 未勝利       (混)[指] 馬齢 16頭 本賞金:590,240,150,89,59万円",16,590.0,15,6,12,プルミエショコラ,牝,3,55.0,田口,75.9,1/2,13,247.5,39.1,10-8,栗東 大橋,480,0,
202609020702,2026-04-18,阪神,2,3歳未勝利,ダ,1200,右,晴,良,"2回 阪神 7日目 サラ系３歳 未勝利       (混)[指] 馬齢 16頭 本賞金:590,240,150,89,59万円",16,590.0,16,4,7,アメリカンパウダー,牝,3,55.0,角田和,76.0,1/2,10,147.7,37.4,16-16,栗東 角田,460,-8,
202609020703,2026-04-18,阪神,3,3歳未勝利,ダ,2000,右,晴,良,"2回 阪神 7日目 サラ系３歳 未勝利       (混)[指] 馬齢 15頭 本賞金:590,240,150,89,59万円",15,590.0,1,5,9,フィサブロス,牡,3,57.0,松山,127.0,,2,3.8,37.9,1-1-1-1,栗東 橋口,460,2,
202609020703,2026-04-18,阪神,3,3歳未勝利,ダ,2000,右,晴,良,"2回 阪神 7日目 サラ系３歳 未勝利       (混)[指] 馬齢 15頭 本賞金:590,240,150,89,59万円",15,590.0,2,4,6,エイシンリブウェル,牡,3,57.0,坂井,127.4,2,1,3.4,37.9,9-7-6-7,栗東 大久保,480,2,
202609020703,2026-04-18,阪神,3,3歳未勝利,ダ,2000,右,晴,良,"2回 阪神 7日目 サラ系３歳 未勝利       (混)[指] 馬齢 15頭 本賞金:590,240,150,89,59万円",15,590.0,3,6,10,グランシャン,牡,3,57.0,菱田,127.7,2,5,9.7,38.5,3-3-3-2,栗東 松永幹,540,-4,
202609020703,2026-04-18,阪神,3,3歳未勝利,ダ,2000,右,晴,良,"2回 阪神 7日目 サラ系３歳 未勝利       (混)[指] 馬齢 15頭 本賞金:590,240,150,89,59万円",15,590.0,4,6,11,エクストラプッシュ,牡,3,57.0,岩田望,127.7,クビ,7,16.3,38.0,7-9-10-9,栗東 奥村豊,526,-8,
202609020703,2026-04-18,阪神,3,3歳未勝利,ダ,2000,右,晴,良,"2回 阪神 7日目 サラ系３歳 未勝利       (混)[指] 馬齢 15頭 本賞金:590,240,150,89,59万円",15,590.0,5,4,7,ボクサークラブ,牡,3,57.0,鮫島駿,127.8,1/2,6,12.6,38.3,3-3-6-4,栗東 杉山佳,488,-4,
202609020703,2026-04-18,阪神,3,3歳未勝利,ダ,2000,右,晴,良,"2回 阪神 7日目 サラ系３歳 未勝利       (混)[指] 馬齢 15頭 本賞金:590,240,150,89,59万円",15,590.0,6,8,14,クリノリキオー,牡,3,57.0,田口,127.9,クビ,3,5.4,38.0,14-13-13-9,栗東 高橋忠,526,0,
202609020703,2026-04-18,阪神,3,3歳未勝利,ダ,2000,右,晴,良,"2回 阪神 7日目 サラ系３歳 未勝利       (混)[指] 馬齢 15頭 本賞金:590,240,150,89,59万円",15,590.0,7,7,13,アビル,牡,3,57.0,レーン,127.9,クビ,4,7.1,38.4,6-6-6-4,栗東 高橋一,486,4,
202609020703,2026-04-18,阪神,3,3歳未勝利,ダ,2000,右,晴,良,"2回 阪神 7日目 サラ系３歳 未勝利       (混)[指] 馬齢 15頭 本賞金:590,240,150,89,59万円",15,590.0,8,8,15,ギレイ,牡,3,57.0,吉村,128.0,クビ,11,139.1,38.8,2-2-2-2,栗東 清水久,480,-2,
202609020703,2026-04-18,阪神,3,3歳未勝利,ダ,2000,右,晴,良,"2回 阪神 7日目 サラ系３歳 未勝利       (混)[指] 馬齢 15頭 本賞金:590,240,150,89,59万円",15,590.0,9,3,4,ポップアップ,セ,3,57.0,高杉,128.2,1,8,21.0,38.3,9-11-10-14,栗東 寺島,478,-6,
202609020703,2026-04-18,阪神,3,3歳未勝利,ダ,2000,右,晴,良,"2回 阪神 7日目 サラ系３歳 未勝利       (混)[指] 馬齢 15頭 本賞金:590,240,150,89,59万円",15,590.0,10,2,3,ピースビート,牡,3,57.0,団野,128.8,3.1/2,13,144.7,39.2,7-7-10-9,栗東 中村,478,0,
202609020703,2026-04-18,阪神,3,3歳未勝利,ダ,2000,右,晴,良,"2回 阪神 7日目 サラ系３歳 未勝利       (混)[指] 馬齢 15頭 本賞金:590,240,150,89,59万円",15,590.0,11,3,5,ウインモンクール,牡,3,57.0,西村淳,128.9,3/4,9,22.2,39.2,12-9-9-9,栗東 新谷,476,-4,
202609020703,2026-04-18,阪神,3,3歳未勝利,ダ,2000,右,晴,良,"2回 阪神 7日目 サラ系３歳 未勝利       (混)[指] 馬齢 15頭 本賞金:590,240,150,89,59万円",15,590.0,12,2,2,アメリカンダンス,牝,3,55.0,角田和,129.1,1,10,100.8,39.7,3-3-3-7,栗東 藤岡健,478,2,
202609020703,2026-04-18,阪神,3,3歳未勝利,ダ,2000,右,晴,良,"2回 阪神 7日目 サラ系３歳 未勝利       (混)[指] 馬齢 15頭 本賞金:590,240,150,89,59万円",15,590.0,13,5,8,メイショウハチマキ,牡,3,57.0,太宰,129.2,1,14,177.9,39.2,9-11-14-9,栗東 飯田,490,-4,
202609020703,2026-04-18,阪神,3,3歳未勝利,ダ,2000,右,晴,良,"2回 阪神 7日目 サラ系３歳 未勝利       (混)[指] 馬齢 15頭 本賞金:590,240,150,89,59万円",15,590.0,14,1,1,ハイビッグゴールド,牡,3,57.0,幸,129.2,ハナ,12,139.1,39.9,12-14-3-4,栗東 谷,486,2,
202609020703,2026-04-18,阪神,3,3歳未勝利,ダ,2000,右,晴,良,"2回 阪神 7日目 サラ系３歳 未勝利       (混)[指] 馬齢 15頭 本賞金:590,240,150,89,59万円",15,590.0,15,7,12,ギガント,牡,3,57.0,酒井,140.9,大,15,291.0,42.5,15-15-15-15,栗東 東田,554,0,
202609020704,2026-04-18,阪神,4,3歳未勝利,芝,1800,右,晴,良,"2回 阪神 7日目 サラ系３歳 未勝利       [指] 馬齢 18頭 本賞金:590,240,150,89,59万円",18,590.0,1,3,5,ダノンテムズ,牡,3,57.0,レーン,105.8,,1,1.9,33.8,8-7,栗東 寺島,456,2,
202609020704,2026-04-18,阪神,4,3歳未勝利,芝,1800,右,晴,良,"2回 阪神 7日目 サラ系３歳 未勝利       [指] 馬齢 18頭 本賞金:590,240,150,89,59万円",18,590.0,2,6,12,ジーティーウタマロ,牡,3,57.0,田口,106.0,1.1/2,11,120.0,34.4,2-2,栗東 鈴木孝,464,-4,
202609020704,2026-04-18,阪神,4,3歳未勝利,芝,1800,右,晴,良,"2回 阪神 7日目 サラ系３歳 未勝利       [指] 馬齢 18頭 本賞金:590,240,150,89,59万円",18,590.0,3,2,3,ウイルソン,牡,3,57.0,松山,106.0,ハナ,2,4.4,34.2,3-4,栗東 杉山晴,474,-10,
202609020704,2026-04-18,阪神,4,3歳未勝利,芝,1800,右,晴,良,"2回 阪神 7日目 サラ系３歳 未勝利       [指] 馬齢 18頭 本賞金:590,240,150,89,59万円",18,590.0,4,1,1,アンバーウェイヴス,牝,3,55.0,坂井,106.3,1.1/2,6,27.7,34.8,1-1,栗東 友道,456,0,
202609020704,2026-04-18,阪神,4,3歳未勝利,芝,1800,右,晴,良,"2回 阪神 7日目 サラ系３歳 未勝利       [指] 馬齢 18頭 本賞金:590,240,150,89,59万円",18,590.0,5,3,6,ランスオブヒーロー,牡,3,57.0,高杉,106.3,ハナ,3,4.6,34.3,8-7,栗東 奥村豊,466,-4,
202609020704,2026-04-18,阪神,4,3歳未勝利,芝,1800,右,晴,良,"2回 阪神 7日目 サラ系３歳 未勝利       [指] 馬齢 18頭 本賞金:590,240,150,89,59万円",18,590.0,6,8,17,ベネディクション,牝,3,55.0,北村友,106.3,クビ,12,122.8,34.5,5-4,栗東 矢作,422,0,
202609020704,2026-04-18,阪神,4,3歳未勝利,芝,1800,右,晴,良,"2回 阪神 7日目 サラ系３歳 未勝利       [指] 馬齢 18頭 本賞金:590,240,150,89,59万円",18,590.0,7,7,14,シートゥサミット,牡,3,57.0,酒井,106.3,アタマ,8,66.7,33.7,16-15,栗東 吉岡,516,-4,
202609020704,2026-04-18,阪神,4,3歳未勝利,芝,1800,右,晴,良,"2回 阪神 7日目 サラ系３歳 未勝利       [指] 馬齢 18頭 本賞金:590,240,150,89,59万円",18,590.0,8,5,9,ソルトハッピー,牡,3,57.0,団野,106.5,1,7,35.1,34.4,11-10,栗東 荒川,458,-2,
202609020704,2026-04-18,阪神,4,3歳未勝利,芝,1800,右,晴,良,"2回 阪神 7日目 サラ系３歳 未勝利       [指] 馬齢 18頭 本賞金:590,240,150,89,59万円",18,590.0,9,2,4,スーパービジー,牡,3,57.0,加藤,106.6,1/2,16,270.4,34.3,11-11,栗東 庄野,458,-4,
202609020704,2026-04-18,阪神,4,3歳未勝利,芝,1800,右,晴,良,"2回 阪神 7日目 サラ系３歳 未勝利       [指] 馬齢 18頭 本賞金:590,240,150,89,59万円",18,590.0,10,6,11,フィンガーレイクス,牡,3,57.0,吉村,106.8,1.1/2,4,9.5,34.5,13-11,栗東 藤原,502,-18,
202609020704,2026-04-18,阪神,4,3歳未勝利,芝,1800,右,晴,良,"2回 阪神 7日目 サラ系３歳 未勝利       [指] 馬齢 18頭 本賞金:590,240,150,89,59万円",18,590.0,11,8,16,ジュンヴァッテッド,牡,3,57.0,浜中,107.1,1.1/2,15,181.4,34.6,14-15,栗東 浜田,472,0,
202609020704,2026-04-18,阪神,4,3歳未勝利,芝,1800,右,晴,良,"2回 阪神 7日目 サラ系３歳 未勝利       [指] 馬齢 18頭 本賞金:590,240,150,89,59万円",18,590.0,12,4,8,メイショウケンゴウ,牡,3,57.0,鮫島駿,107.2,3/4,10,100.1,35.2,5-7,栗東 高橋亮,476,2,
202609020704,2026-04-18,阪神,4,3歳未勝利,芝,1800,右,晴,良,"2回 阪神 7日目 サラ系３歳 未勝利       [指] 馬齢 18頭 本賞金:590,240,150,89,59万円",18,590.0,13,7,15,ホワイトラバーズ,牝,3,55.0,国分優,107.4,1.1/2,18,531.9,35.0,15-14,栗東 大根田,482,-5,
202609020704,2026-04-18,阪神,4,3歳未勝利,芝,1800,右,晴,良,"2回 阪神 7日目 サラ系３歳 未勝利       [指] 馬齢 18頭 本賞金:590,240,150,89,59万円",18,590.0,14,7,13,オーケーキュート,牝,3,55.0,岩田望,107.5,クビ,9,75.4,35.3,10-11,栗東 笹田,442,2,
202609020704,2026-04-18,阪神,4,3歳未勝利,芝,1800,右,晴,良,"2回 阪神 7日目 サラ系３歳 未勝利       [指] 馬齢 18頭 本賞金:590,240,150,89,59万円",18,590.0,15,5,10,ダイシンデリー,牡,3,57.0,幸,107.6,3/4,13,135.1,35.9,3-2,栗東 池添,444,-4,
202609020704,2026-04-18,阪神,4,3歳未勝利,芝,1800,右,晴,良,"2回 阪神 7日目 サラ系３歳 未勝利       [指] 馬齢 18頭 本賞金:590,240,150,89,59万円",18,590.0,16,1,2,ルージュプルーヴ,牝,3,55.0,西村淳,107.9,1.3/4,5,18.3,36.0,5-4,栗東 中内田,452,-4,
202609020704,2026-04-18,阪神,4,3歳未勝利,芝,1800,右,晴,良,"2回 阪神 7日目 サラ系３歳 未勝利       [指] 馬齢 18頭 本賞金:590,240,150,89,59万円",18,590.0,17,4,7,テイスティング,牡,3,54.0,▲川端,108.3,2.1/2,17,442.2,35.6,17-17,栗東 矢作,478,2,
202609020704,2026-04-18,阪神,4,3歳未勝利,芝,1800,右,晴,良,"2回 阪神 7日目 サラ系３歳 未勝利       [指] 馬齢 18頭 本賞金:590,240,150,89,59万円",18,590.0,18,8,18,ディープエスパイア,牡,3,57.0,古川吉,112.1,大,14,157.9,36.8,18-18,栗東 四位,470,0,
202609020705,2026-04-18,阪神,5,3歳1勝クラス,芝,2000,右,晴,良,"2回 阪神 7日目 サラ系３歳 １勝クラス       (混)(特指) 馬齢 6頭 本賞金:820,330,210,120,82万円",6,820.0,1,3,3,イベントホライゾン,牡,3,57.0,松山,120.0,,1,1.9,34.2,3-3-3-3,栗東 池江,486,-4,
202609020705,2026-04-18,阪神,5,3歳1勝クラス,芝,2000,右,晴,良,"2回 阪神 7日目 サラ系３歳 １勝クラス       (混)(特指) 馬齢 6頭 本賞金:820,330,210,120,82万円",6,820.0,2,4,4,サトノアイボリー,牡,3,57.0,団野,120.1,3/4,4,6.7,34.6,2-2-2-2,栗東 杉山晴,484,-8,
202609020705,2026-04-18,阪神,5,3歳1勝クラス,芝,2000,右,晴,良,"2回 阪神 7日目 サラ系３歳 １勝クラス       (混)(特指) 馬齢 6頭 本賞金:820,330,210,120,82万円",6,820.0,3,6,6,エチゴドラゴン,牡,3,57.0,幸,120.2,クビ,2,2.8,34.8,1-1-1-1,栗東 宮本,472,-2,
202609020705,2026-04-18,阪神,5,3歳1勝クラス,芝,2000,右,晴,良,"2回 阪神 7日目 サラ系３歳 １勝クラス       (混)(特指) 馬齢 6頭 本賞金:820,330,210,120,82万円",6,820.0,4,1,1,メイショウテンク,牡,3,57.0,高杉,120.5,1.3/4,3,4.5,34.4,4-4-4-4,栗東 荒川,452,0,
202609020705,2026-04-18,阪神,5,3歳1勝クラス,芝,2000,右,晴,良,"2回 阪神 7日目 サラ系３歳 １勝クラス       (混)(特指) 馬齢 6頭 本賞金:820,330,210,120,82万円",6,820.0,5,2,2,セイカンサンラン,牡,3,57.0,古川吉,122.3,大,5,98.2,36.0,5-5-5-5,栗東 大根田,454,-2,
202609020705,2026-04-18,阪神,5,3歳1勝クラス,芝,2000,右,晴,良,"2回 阪神 7日目 サラ系３歳 １勝クラス       (混)(特指) 馬齢 6頭 本賞金:820,330,210,120,82万円",6,820.0,,5,5,ロングトールサリー,牝,3,55.0,レーン,,,,,,,栗東 福永,,,取消
202609020706,2026-04-18,阪神,6,3歳1勝クラス,ダ,1800,右,晴,良,"2回 阪神 7日目 サラ系３歳 １勝クラス       牝[指] 馬齢 15頭 本賞金:820,330,210,120,82万円",15,820.0,1,5,8,ロイスター,牝,3,55.0,浜中,112.2,,8,23.3,37.3,11-11-10-11,栗東 笹田,444,-10,
202609020706,2026-04-18,阪神,6,3歳1勝クラス,ダ,1800,右,晴,良,"2回 阪神 7日目 サラ系３歳 １勝クラス       牝[指] 馬齢 15頭 本賞金:820,330,210,120,82万円",15,820.0,2,4,7,ケイツーリーブル,牝,3,55.0,三浦,112.3,クビ,5,10.4,37.4,11-12-12-9,美浦 千葉,442,0,
202609020706,2026-04-18,阪神,6,3歳1勝クラス,ダ,1800,右,晴,良,"2回 阪神 7日目 サラ系３歳 １勝クラス       牝[指] 馬齢 15頭 本賞金:820,330,210,120,82万円",15,820.0,3,4,6,シュネルアンジュ,牝,3,55.0,武豊,112.6,2,2,4.8,38.0,10-10-8-5,栗東 寺島,472,-4,
202609020706,2026-04-18,阪神,6,3歳1勝クラス,ダ,1800,右,晴,良,"2回 阪神 7日目 サラ系３歳 １勝クラス       牝[指] 馬齢 15頭 本賞金:820,330,210,120,82万円",15,820.0,4,8,15,ヴァレンティーニ,牝,3,55.0,幸,112.7,1/2,9,28.4,37.5,14-13-13-11,美浦 新開,484,-4,
202609020706,2026-04-18,阪神,6,3歳1勝クラス,ダ,1800,右,晴,良,"2回 阪神 7日目 サラ系３歳 １勝クラス       牝[指] 馬齢 15頭 本賞金:820,330,210,120,82万円",15,820.0,5,8,14,リアンドゥクール,牝,3,55.0,レーン,113.3,3.1/2,3,4.9,39.3,7-4-3-3,栗東 佐藤悠,524,-12,
202609020706,2026-04-18,阪神,6,3歳1勝クラス,ダ,1800,右,晴,良,"2回 阪神 7日目 サラ系３歳 １勝クラス       牝[指] 馬齢 15頭 本賞金:820,330,210,120,82万円",15,820.0,6,2,3,ショコラプリン,牝,3,55.0,川田,113.3,ハナ,1,3.3,39.7,2-2-1-1,栗東 四位,500,0,
202609020706,2026-04-18,阪神,6,3歳1勝クラス,ダ,1800,右,晴,良,"2回 阪神 7日目 サラ系３歳 １勝クラス       牝[指] 馬齢 15頭 本賞金:820,330,210,120,82万円",15,820.0,7,3,4,グラシアムヘール,牝,3,55.0,西村淳,113.7,2,6,10.6,39.1,8-9-8-7,栗東 藤原,480,-8,
202609020706,2026-04-18,阪神,6,3歳1勝クラス,ダ,1800,右,晴,良,"2回 阪神 7日目 サラ系３歳 １勝クラス       牝[指] 馬齢 15頭 本賞金:820,330,210,120,82万円",15,820.0,8,7,12,ペトリコール,牝,3,55.0,北村友,113.8,1/2,4,6.0,39.5,8-8-5-4,栗東 上村,498,6,
202609020706,2026-04-18,阪神,6,3歳1勝クラス,ダ,1800,右,晴,良,"2回 阪神 7日目 サラ系３歳 １勝クラス       牝[指] 馬齢 15頭 本賞金:820,330,210,120,82万円",15,820.0,9,6,11,デールエルバハリ,牝,3,55.0,鮫島駿,114.0,1.1/4,11,75.2,38.8,13-13-14-13,栗東 杉山佳,488,-6,
202609020706,2026-04-18,阪神,6,3歳1勝クラス,ダ,1800,右,晴,良,"2回 阪神 7日目 サラ系３歳 １勝クラス       牝[指] 馬齢 15頭 本賞金:820,330,210,120,82万円",15,820.0,10,7,13,ジョアン,牝,3,55.0,岩田望,114.2,1,7,23.0,40.5,3-3-2-2,栗東 中村,454,-2,
202609020706,2026-04-18,阪神,6,3歳1勝クラス,ダ,1800,右,晴,良,"2回 阪神 7日目 サラ系３歳 １勝クラス       牝[指] 馬齢 15頭 本賞金:820,330,210,120,82万円",15,820.0,11,5,9,キタノサリスカ,牝,3,52.0,▲川端,114.9,4,13,215.5,39.9,4-4-10-14,栗東 羽月,426,0,
202609020706,2026-04-18,阪神,6,3歳1勝クラス,ダ,1800,右,晴,良,"2回 阪神 7日目 サラ系３歳 １勝クラス       牝[指] 馬齢 15頭 本賞金:820,330,210,120,82万円",15,820.0,12,3,5,サリカリーフォリア,牝,3,55.0,菱田,115.1,1.1/4,14,220.1,40.7,4-4-5-6,栗東 橋口,514,4,
202609020706,2026-04-18,阪神,6,3歳1勝クラス,ダ,1800,右,晴,良,"2回 阪神 7日目 サラ系３歳 １勝クラス       牝[指] 馬齢 15頭 本賞金:820,330,210,120,82万円",15,820.0,13,6,10,ヴェールミューズ,牝,3,55.0,高杉,116.3,7,10,28.8,41.7,4-4-5-9,栗東 浜田,430,0,
202609020706,2026-04-18,阪神,6,3歳1勝クラス,ダ,1800,右,晴,良,"2回 阪神 7日目 サラ系３歳 １勝クラス       牝[指] 馬齢 15頭 本賞金:820,330,210,120,82万円",15,820.0,14,1,1,シャンデヴィーニュ,牝,3,55.0,吉村,117.4,7,12,116.9,43.1,1-1-3-7,栗東 柴田,444,0,
202609020706,2026-04-18,阪神,6,3歳1勝クラス,ダ,1800,右,晴,良,"2回 阪神 7日目 サラ系３歳 １勝クラス       牝[指] 馬齢 15頭 本賞金:820,330,210,120,82万円",15,820.0,,2,2,エイコーンドリーム,牝,3,55.0,池添,,,,,,,栗東 河嶋,452,-10,除外
202609020707,2026-04-18,阪神,7,4歳以上1勝クラス,芝,1600,右,晴,良,"2回 阪神 7日目 サラ系４歳以上 １勝クラス       (混)[指] 定量 14頭 本賞金:820,330,210,120,82万円",14,820.0,1,2,2,エーデルヴェーグ,牝,4,56.0,レーン,93.9,,1,1.9,32.8,4-4,栗東 田中克,444,0,
202609020707,2026-04-18,阪神,7,4歳以上1勝クラス,芝,1600,右,晴,良,"2回 阪神 7日目 サラ系４歳以上 １勝クラス       (混)[指] 定量 14頭 本賞金:820,330,210,120,82万円",14,820.0,2,1,1,ヤエギリ,牝,4,56.0,武豊,94.0,1/2,4,7.6,33.2,1-1,栗東 福永,460,-6,
202609020707,2026-04-18,阪神,7,4歳以上1勝クラス,芝,1600,右,晴,良,"2回 阪神 7日目 サラ系４歳以上 １勝クラス       (混)[指] 定量 14頭 本賞金:820,330,210,120,82万円",14,820.0,3,7,11,パスコード,牝,4,56.0,坂井,94.1,1/2,5,8.0,33.2,2-2,栗東 高柳大,444,-4,
202609020707,2026-04-18,阪神,7,4歳以上1勝クラス,芝,1600,右,晴,良,"2回 阪神 7日目 サラ系４歳以上 １勝クラス       (混)[指] 定量 14頭 本賞金:820,330,210,120,82万円",14,820.0,4,8,13,エイヘンハールト,牡,4,58.0,西村淳,94.1,クビ,2,6.3,32.5,10-10,栗東 高野,480,2,
202609020707,2026-04-18,阪神,7,4歳以上1勝クラス,芝,1600,右,晴,良,"2回 阪神 7日目 サラ系４歳以上 １勝クラス       (混)[指] 定量 14頭 本賞金:820,330,210,120,82万円",14,820.0,5,8,14,ラガークイン,牝,5,56.0,池添,94.2,クビ,8,39.7,33.1,4-4,栗東 大久保,436,-2,
202609020707,2026-04-18,阪神,7,4歳以上1勝クラス,芝,1600,右,晴,良,"2回 阪神 7日目 サラ系４歳以上 １勝クラス       (混)[指] 定量 14頭 本賞金:820,330,210,120,82万円",14,820.0,6,4,5,アスクヴォルテージ,牡,4,58.0,高杉,94.4,1.1/4,3,6.3,32.8,11-10,栗東 藤原,534,6,
202609020707,2026-04-18,阪神,7,4歳以上1勝クラス,芝,1600,右,晴,良,"2回 阪神 7日目 サラ系４歳以上 １勝クラス       (混)[指] 定量 14頭 本賞金:820,330,210,120,82万円",14,820.0,7,3,3,ヴァージル,牡,4,58.0,吉村,94.4,クビ,7,25.9,33.1,7-7,栗東 小椋,470,6,
202609020707,2026-04-18,阪神,7,4歳以上1勝クラス,芝,1600,右,晴,良,"2回 阪神 7日目 サラ系４歳以上 １勝クラス       (混)[指] 定量 14頭 本賞金:820,330,210,120,82万円",14,820.0,8,7,12,ゴールドブレス,セ,5,58.0,松山,94.5,クビ,6,14.5,33.6,2-2,栗東 西園翔,434,-2,
202609020707,2026-04-18,阪神,7,4歳以上1勝クラス,芝,1600,右,晴,良,"2回 阪神 7日目 サラ系４歳以上 １勝クラス       (混)[指] 定量 14頭 本賞金:820,330,210,120,82万円",14,820.0,9,3,4,ギルトエッジ,牡,5,58.0,酒井,94.5,アタマ,14,263.9,33.1,7-7,栗東 森田,502,6,
202609020707,2026-04-18,阪神,7,4歳以上1勝クラス,芝,1600,右,晴,良,"2回 阪神 7日目 サラ系４歳以上 １勝クラス       (混)[指] 定量 14頭 本賞金:820,330,210,120,82万円",14,820.0,10,4,6,リオンプライム,牝,4,56.0,田口,94.6,3/4,11,149.8,33.5,4-4,栗東 鈴木孝,478,-6,
202609020707,2026-04-18,阪神,7,4歳以上1勝クラス,芝,1600,右,晴,良,"2回 阪神 7日目 サラ系４歳以上 １勝クラス       (混)[指] 定量 14頭 本賞金:820,330,210,120,82万円",14,820.0,11,5,8,テイクイットオール,牡,4,56.0,△柴田裕,94.9,1.3/4,9,77.0,33.2,11-12,栗東 中竹,470,4,
202609020707,2026-04-18,阪神,7,4歳以上1勝クラス,芝,1600,右,晴,良,"2回 阪神 7日目 サラ系４歳以上 １勝クラス       (混)[指] 定量 14頭 本賞金:820,330,210,120,82万円",14,820.0,12,6,9,シャインベック,セ,4,58.0,秋山稔,95.1,1,12,251.1,33.2,13-13,栗東 北出,438,0,
202609020707,2026-04-18,阪神,7,4歳以上1勝クラス,芝,1600,右,晴,良,"2回 阪神 7日目 サラ系４歳以上 １勝クラス       (混)[指] 定量 14頭 本賞金:820,330,210,120,82万円",14,820.0,13,6,10,パシフィックハイ,牝,5,56.0,鮫島駿,95.3,1.1/4,10,137.4,34.0,7-7,栗東 杉山佳,472,12,
202609020707,2026-04-18,阪神,7,4歳以上1勝クラス,芝,1600,右,晴,良,"2回 阪神 7日目 サラ系４歳以上 １勝クラス       (混)[指] 定量 14頭 本賞金:820,330,210,120,82万円",14,820.0,14,5,7,ヒルノセビリア,牝,5,56.0,岩部,98.3,大,13,257.9,36.3,14-14,栗東 昆,444,-6,
202609020708,2026-04-18,阪神,8,4歳以上1勝クラス,芝,2400,右,晴,良,"2回 阪神 7日目 サラ系４歳以上 １勝クラス       (混)[指] 定量 9頭 本賞金:820,330,210,120,82万円",9,820.0,1,4,4,ノラリクラリ,牡,4,58.0,高杉,147.5,,1,2.8,33.5,3-3-5-4,栗東 藤岡健,452,12,
202609020708,2026-04-18,阪神,8,4歳以上1勝クラス,芝,2400,右,晴,良,"2回 阪神 7日目 サラ系４歳以上 １勝クラス       (混)[指] 定量 9頭 本賞金:820,330,210,120,82万円",9,820.0,2,8,8,ドルチェリターン,牡,4,58.0,レーン,147.6,1/2,3,4.2,33.7,3-3-4-4,栗東 前川,474,2,
202609020708,2026-04-18,阪神,8,4歳以上1勝クラス,芝,2400,右,晴,良,"2回 阪神 7日目 サラ系４歳以上 １勝クラス       (混)[指] 定量 9頭 本賞金:820,330,210,120,82万円",9,820.0,3,1,1,レッドヴァリアート,牡,4,58.0,岩田望,147.6,ハナ,2,3.5,33.5,5-6-6-6,栗東 加藤公,462,-2,
202609020708,2026-04-18,阪神,8,4歳以上1勝クラス,芝,2400,右,晴,良,"2回 阪神 7日目 サラ系４歳以上 １勝クラス       (混)[指] 定量 9頭 本賞金:820,330,210,120,82万円",9,820.0,4,6,6,アットアブラスト,セ,6,58.0,吉村,147.9,1.1/2,9,119.1,34.2,2-2-3-2,栗東 小椋,462,0,
202609020708,2026-04-18,阪神,8,4歳以上1勝クラス,芝,2400,右,晴,良,"2回 阪神 7日目 サラ系４歳以上 １勝クラス       (混)[指] 定量 9頭 本賞金:820,330,210,120,82万円",9,820.0,5,7,7,クラッチプレイヤー,牡,5,58.0,北村友,147.9,クビ,4,5.9,34.3,6-5-1-1,栗東 橋田,524,2,
202609020708,2026-04-18,阪神,8,4歳以上1勝クラス,芝,2400,右,晴,良,"2回 阪神 7日目 サラ系４歳以上 １勝クラス       (混)[指] 定量 9頭 本賞金:820,330,210,120,82万円",9,820.0,6,8,9,マイネルビスマルク,牡,4,58.0,加藤,148.0,3/4,5,13.3,33.6,8-8-8-8,栗東 梅田,504,6,
202609020708,2026-04-18,阪神,8,4歳以上1勝クラス,芝,2400,右,晴,良,"2回 阪神 7日目 サラ系４歳以上 １勝クラス       (混)[指] 定量 9頭 本賞金:820,330,210,120,82万円",9,820.0,7,3,3,タイキジパング,牡,5,56.0,△柴田裕,148.2,3/4,6,14.9,33.6,9-9-9-9,栗東 谷,498,4,
202609020708,2026-04-18,阪神,8,4歳以上1勝クラス,芝,2400,右,晴,良,"2回 阪神 7日目 サラ系４歳以上 １勝クラス       (混)[指] 定量 9頭 本賞金:820,330,210,120,82万円",9,820.0,8,2,2,ボナペティアスク,牝,4,56.0,田口,148.4,1.1/2,8,50.7,34.2,6-7-7-6,栗東 梅田,458,-4,
202609020708,2026-04-18,阪神,8,4歳以上1勝クラス,芝,2400,右,晴,良,"2回 阪神 7日目 サラ系４歳以上 １勝クラス       (混)[指] 定量 9頭 本賞金:820,330,210,120,82万円",9,820.0,9,5,5,ジーティートシオー,牡,4,58.0,角田和,148.4,ハナ,7,23.0,34.7,1-1-2-2,栗東 西村,472,6,
202609020709,2026-04-18,阪神,9,吹田特別,ダ,1400,右,晴,良,"2回 阪神 7日目 サラ系４歳以上 ２勝クラス       (混)[指] 定量 14頭 本賞金:1580,630,400,240,158万円",14,1580.0,1,3,3,メイケイレイン,牡,4,58.0,池添,83.2,,2,4.1,34.8,9-8,栗東 中竹,452,4,
202609020709,2026-04-18,阪神,9,吹田特別,ダ,1400,右,晴,良,"2回 阪神 7日目 サラ系４歳以上 ２勝クラス       (混)[指] 定量 14頭 本賞金:1580,630,400,240,158万円",14,1580.0,2,3,4,ヨリノレジェンド,牡,4,58.0,団野,83.3,1/2,1,3.9,35.1,7-7,栗東 奥村豊,454,0,
202609020709,2026-04-18,阪神,9,吹田特別,ダ,1400,右,晴,良,"2回 阪神 7日目 サラ系４歳以上 ２勝クラス       (混)[指] 定量 14頭 本賞金:1580,630,400,240,158万円",14,1580.0,3,2,2,ダノンキラウェア,牡,5,58.0,西村淳,83.7,2,6,12.9,36.3,2-2,栗東 中内田,474,0,
202609020709,2026-04-18,阪神,9,吹田特別,ダ,1400,右,晴,良,"2回 阪神 7日目 サラ系４歳以上 ２勝クラス       (混)[指] 定量 14頭 本賞金:1580,630,400,240,158万円",14,1580.0,4,1,1,メイショウゴールド,牡,4,58.0,幸,83.8,1,9,21.2,36.2,3-3,栗東 荒川,452,-4,
202609020709,2026-04-18,阪神,9,吹田特別,ダ,1400,右,晴,良,"2回 阪神 7日目 サラ系４歳以上 ２勝クラス       (混)[指] 定量 14頭 本賞金:1580,630,400,240,158万円",14,1580.0,5,7,12,ホウオウゴールド,牡,4,58.0,北村友,83.9,1/2,7,18.8,35.1,11-11,美浦 栗田,478,0,
202609020709,2026-04-18,阪神,9,吹田特別,ダ,1400,右,晴,良,"2回 阪神 7日目 サラ系４歳以上 ２勝クラス       (混)[指] 定量 14頭 本賞金:1580,630,400,240,158万円",14,1580.0,6,8,13,カルパ,牡,5,58.0,川田,84.0,1/2,4,7.2,36.7,1-1,栗東 須貝,450,4,
202609020709,2026-04-18,阪神,9,吹田特別,ダ,1400,右,晴,良,"2回 阪神 7日目 サラ系４歳以上 ２勝クラス       (混)[指] 定量 14頭 本賞金:1580,630,400,240,158万円",14,1580.0,7,5,7,ワイノナオミ,牝,5,56.0,浜中,84.0,アタマ,11,57.9,36.1,5-5,栗東 畑端,476,4,
202609020709,2026-04-18,阪神,9,吹田特別,ダ,1400,右,晴,良,"2回 阪神 7日目 サラ系４歳以上 ２勝クラス       (混)[指] 定量 14頭 本賞金:1580,630,400,240,158万円",14,1580.0,8,7,11,ユウトザレン,牡,4,58.0,岩田望,84.4,2.1/2,3,5.5,36.1,8-8,栗東 千田,494,0,
202609020709,2026-04-18,阪神,9,吹田特別,ダ,1400,右,晴,良,"2回 阪神 7日目 サラ系４歳以上 ２勝クラス       (混)[指] 定量 14頭 本賞金:1580,630,400,240,158万円",14,1580.0,9,6,9,リメンバーヒム,牡,4,58.0,高杉,84.5,クビ,8,20.5,35.9,9-10,栗東 浜田,452,-10,
202609020709,2026-04-18,阪神,9,吹田特別,ダ,1400,右,晴,良,"2回 阪神 7日目 サラ系４歳以上 ２勝クラス       (混)[指] 定量 14頭 本賞金:1580,630,400,240,158万円",14,1580.0,10,6,10,プリンスノット,牡,6,58.0,菱田,84.6,3/4,12,64.1,36.6,5-6,栗東 小椋,488,6,
202609020709,2026-04-18,阪神,9,吹田特別,ダ,1400,右,晴,良,"2回 阪神 7日目 サラ系４歳以上 ２勝クラス       (混)[指] 定量 14頭 本賞金:1580,630,400,240,158万円",14,1580.0,11,5,8,マッスルバック,牡,5,58.0,太宰,84.7,クビ,13,109.4,35.2,14-14,栗東 秋山,476,-2,
202609020709,2026-04-18,阪神,9,吹田特別,ダ,1400,右,晴,良,"2回 阪神 7日目 サラ系４歳以上 ２勝クラス       (混)[指] 定量 14頭 本賞金:1580,630,400,240,158万円",14,1580.0,12,4,6,メイショウタムシバ,牝,5,56.0,武豊,84.8,3/4,5,7.2,37.0,3-4,栗東 飯田,438,12,
202609020709,2026-04-18,阪神,9,吹田特別,ダ,1400,右,晴,良,"2回 阪神 7日目 サラ系４歳以上 ２勝クラス       (混)[指] 定量 14頭 本賞金:1580,630,400,240,158万円",14,1580.0,13,8,14,クリノラピダス,牡,4,58.0,秋山稔,84.9,1/2,14,363.2,35.7,13-13,栗東 谷,472,7,
202609020709,2026-04-18,阪神,9,吹田特別,ダ,1400,右,晴,良,"2回 阪神 7日目 サラ系４歳以上 ２勝クラス       (混)[指] 定量 14頭 本賞金:1580,630,400,240,158万円",14,1580.0,14,4,5,ペイドラロワール,牡,4,58.0,吉村,85.2,2,10,30.5,36.3,11-12,栗東 清水久,476,0,
202609020710,2026-04-18,阪神,10,丹波特別,芝,1400,右,晴,良,"2回 阪神 7日目 サラ系４歳以上 ２勝クラス       (混)[指] 定量 9頭 本賞金:1580,630,400,240,158万円",9,1580.0,1,7,7,ガンマジーティーピ,牡,4,58.0,岩田望,80.2,,3,5.2,34.0,3-3,栗東 渡辺,468,-2,
202609020710,2026-04-18,阪神,10,丹波特別,芝,1400,右,晴,良,"2回 阪神 7日目 サラ系４歳以上 ２勝クラス       (混)[指] 定量 9頭 本賞金:1580,630,400,240,158万円",9,1580.0,2,6,6,アジュマン,牡,4,58.0,菱田,80.2,クビ,4,5.5,33.3,8-8,栗東 石坂,476,0,
202609020710,2026-04-18,阪神,10,丹波特別,芝,1400,右,晴,良,"2回 阪神 7日目 サラ系４歳以上 ２勝クラス       (混)[指] 定量 9頭 本賞金:1580,630,400,240,158万円",9,1580.0,3,1,1,ライラ,牝,4,56.0,松山,80.3,1/2,1,2.1,34.4,1-1,栗東 吉岡,474,-4,
202609020710,2026-04-18,阪神,10,丹波特別,芝,1400,右,晴,良,"2回 阪神 7日目 サラ系４歳以上 ２勝クラス       (混)[指] 定量 9頭 本賞金:1580,630,400,240,158万円",9,1580.0,4,5,5,モズアンタレス,牝,6,56.0,北村友,80.5,1,7,33.4,33.5,9-9,栗東 飯田,504,6,
202609020710,2026-04-18,阪神,10,丹波特別,芝,1400,右,晴,良,"2回 阪神 7日目 サラ系４歳以上 ２勝クラス       (混)[指] 定量 9頭 本賞金:1580,630,400,240,158万円",9,1580.0,5,2,2,タイキヴァンクール,牡,5,58.0,田口,80.6,3/4,5,15.4,34.6,2-2,栗東 中尾,528,0,
202609020710,2026-04-18,阪神,10,丹波特別,芝,1400,右,晴,良,"2回 阪神 7日目 サラ系４歳以上 ２勝クラス       (混)[指] 定量 9頭 本賞金:1580,630,400,240,158万円",9,1580.0,6,4,4,サーナーティオン,牡,5,58.0,高杉,80.6,アタマ,2,3.5,34.2,5-5,栗東 藤岡健,498,-4,
202609020710,2026-04-18,阪神,10,丹波特別,芝,1400,右,晴,良,"2回 阪神 7日目 サラ系４歳以上 ２勝クラス       (混)[指] 定量 9頭 本賞金:1580,630,400,240,158万円",9,1580.0,7,3,3,サヴァビアン,牡,8,58.0,秋山稔,80.9,1.3/4,9,349.4,34.3,6-6,美浦 新開,452,-4,
202609020710,2026-04-18,阪神,10,丹波特別,芝,1400,右,晴,良,"2回 阪神 7日目 サラ系４歳以上 ２勝クラス       (混)[指] 定量 9頭 本賞金:1580,630,400,240,158万円",9,1580.0,8,8,8,サダメ,牝,5,56.0,幸,81.3,2.1/2,6,30.9,35.1,3-3,栗東 畑端,460,2,
202609020710,2026-04-18,阪神,10,丹波特別,芝,1400,右,晴,良,"2回 阪神 7日目 サラ系４歳以上 ２勝クラス       (混)[指] 定量 9頭 本賞金:1580,630,400,240,158万円",9,1580.0,9,8,9,ハピアーザンエバー,牡,5,58.0,吉村,81.5,1,8,160.7,34.9,6-6,栗東 羽月,464,-2,
202609020711,2026-04-18,阪神,11,アンタレスS,ダ,1800,右,曇,良,"2回 阪神 7日目 サラ系４歳以上 オープン       (国際)(指) 別定 16頭 本賞金:3800,1500,950,570,380万円",16,3800.0,1,2,4,ムルソー,牡,5,57.0,坂井,110.3,,1,4.0,35.8,2-1-1-1,栗東 池江,512,2,
202609020711,2026-04-18,阪神,11,アンタレスS,ダ,1800,右,曇,良,"2回 阪神 7日目 サラ系４歳以上 オープン       (国際)(指) 別定 16頭 本賞金:3800,1500,950,570,380万円",16,3800.0,2,1,2,モックモック,牡,6,57.0,武豊,110.5,1.1/2,7,15.2,35.8,4-3-3-4,栗東 寺島,498,0,
202609020711,2026-04-18,阪神,11,アンタレスS,ダ,1800,右,曇,良,"2回 阪神 7日目 サラ系４歳以上 オープン       (国際)(指) 別定 16頭 本賞金:3800,1500,950,570,380万円",16,3800.0,3,3,5,ハグ,牡,4,57.0,高杉,111.0,3,14,95.9,36.4,1-2-2-2,栗東 藤岡健,518,-10,
202609020711,2026-04-18,阪神,11,アンタレスS,ダ,1800,右,曇,良,"2回 阪神 7日目 サラ系４歳以上 オープン       (国際)(指) 別定 16頭 本賞金:3800,1500,950,570,380万円",16,3800.0,4,2,3,タガノバビロン,牡,4,57.0,松山,111.0,ハナ,6,9.5,35.7,12-9-10-8,栗東 西園翔,520,-4,
202609020711,2026-04-18,阪神,11,アンタレスS,ダ,1800,右,曇,良,"2回 阪神 7日目 サラ系４歳以上 オープン       (国際)(指) 別定 16頭 本賞金:3800,1500,950,570,380万円",16,3800.0,5,4,8,サンデーファンデー,牡,6,58.0,角田和,111.2,3/4,5,8.1,36.5,3-3-3-3,栗東 東田,538,6,
202609020711,2026-04-18,阪神,11,アンタレスS,ダ,1800,右,曇,良,"2回 阪神 7日目 サラ系４歳以上 オープン       (国際)(指) 別定 16頭 本賞金:3800,1500,950,570,380万円",16,3800.0,6,1,1,ブライアンセンス,牡,6,57.0,岩田望,111.3,3/4,2,4.3,36.3,7-6-5-6,美浦 斎藤誠,520,-4,
202609020711,2026-04-18,阪神,11,アンタレスS,ダ,1800,右,曇,良,"2回 阪神 7日目 サラ系４歳以上 オープン       (国際)(指) 別定 16頭 本賞金:3800,1500,950,570,380万円",16,3800.0,7,6,11,ハピ,牡,7,57.0,幸,111.3,クビ,10,32.8,35.7,13-13-13-13,栗東 大久保,488,-2,
202609020711,2026-04-18,阪神,11,アンタレスS,ダ,1800,右,曇,良,"2回 阪神 7日目 サラ系４歳以上 オープン       (国際)(指) 別定 16頭 本賞金:3800,1500,950,570,380万円",16,3800.0,8,7,14,シュラザック,牡,4,57.0,古川吉,111.4,クビ,16,154.7,35.5,15-16-16-13,栗東 大根田,498,2,
202609020711,2026-04-18,阪神,11,アンタレスS,ダ,1800,右,曇,良,"2回 阪神 7日目 サラ系４歳以上 オープン       (国際)(指) 別定 16頭 本賞金:3800,1500,950,570,380万円",16,3800.0,9,8,15,ロードラビリンス,牡,4,57.0,鮫島駿,111.6,1.1/2,15,119.1,36.7,6-6-5-5,栗東 松下,496,-4,
202609020711,2026-04-18,阪神,11,アンタレスS,ダ,1800,右,曇,良,"2回 阪神 7日目 サラ系４歳以上 オープン       (国際)(指) 別定 16頭 本賞金:3800,1500,950,570,380万円",16,3800.0,10,5,10,ジェイパームス,セ,6,57.0,レーン,111.7,クビ,4,7.3,36.2,10-12-13-13,美浦 堀,512,2,
202609020711,2026-04-18,阪神,11,アンタレスS,ダ,1800,右,曇,良,"2回 阪神 7日目 サラ系４歳以上 オープン       (国際)(指) 別定 16頭 本賞金:3800,1500,950,570,380万円",16,3800.0,11,4,7,ペイシャエス,牡,7,58.0,田口,112.4,4,13,65.3,37.0,7-9-10-11,美浦 高木,504,-2,
202609020711,2026-04-18,阪神,11,アンタレスS,ダ,1800,右,曇,良,"2回 阪神 7日目 サラ系４歳以上 オープン       (国際)(指) 別定 16頭 本賞金:3800,1500,950,570,380万円",16,3800.0,12,8,16,ジューンアヲニヨシ,牡,6,57.0,浜中,112.4,ハナ,8,22.5,37.3,10-9-8-6,栗東 松下,492,4,
202609020711,2026-04-18,阪神,11,アンタレスS,ダ,1800,右,曇,良,"2回 阪神 7日目 サラ系４歳以上 オープン       (国際)(指) 別定 16頭 本賞金:3800,1500,950,570,380万円",16,3800.0,13,7,13,メイショウズイウン,牡,4,57.0,太宰,112.4,ハナ,12,51.2,37.0,15-15-10-11,栗東 本田,502,-2,
202609020711,2026-04-18,阪神,11,アンタレスS,ダ,1800,右,曇,良,"2回 阪神 7日目 サラ系４歳以上 オープン       (国際)(指) 別定 16頭 本賞金:3800,1500,950,570,380万円",16,3800.0,14,6,12,サイモンザナドゥ,牡,6,57.0,池添,112.5,1/2,9,23.9,36.8,13-13-15-16,栗東 小林,482,12,
202609020711,2026-04-18,阪神,11,アンタレスS,ダ,1800,右,曇,良,"2回 阪神 7日目 サラ系４歳以上 オープン       (国際)(指) 別定 16頭 本賞金:3800,1500,950,570,380万円",16,3800.0,15,3,6,ルシュヴァルドール,牡,5,57.0,西村淳,113.3,5,3,6.9,38.1,7-8-8-8,栗東 矢作,540,-2,
202609020711,2026-04-18,阪神,11,アンタレスS,ダ,1800,右,曇,良,"2回 阪神 7日目 サラ系４歳以上 オープン       (国際)(指) 別定 16頭 本賞金:3800,1500,950,570,380万円",16,3800.0,16,5,9,ピカピカサンダー,牡,4,57.0,三浦,113.7,2.1/2,11,41.1,38.7,4-5-5-8,美浦 鹿戸,498,-6,
202609020712,2026-04-18,阪神,12,4歳以上1勝クラス,ダ,1200,右,曇,良,"2回 阪神 7日目 サラ系４歳以上 １勝クラス       [指] 定量 15頭 本賞金:820,330,210,120,82万円",15,820.0,1,8,14,インディゴアスール,牡,4,58.0,松山,71.4,,6,12.3,36.3,4-4,栗東 鈴木孝,530,0,
202609020712,2026-04-18,阪神,12,4歳以上1勝クラス,ダ,1200,右,曇,良,"2回 阪神 7日目 サラ系４歳以上 １勝クラス       [指] 定量 15頭 本賞金:820,330,210,120,82万円",15,820.0,2,6,11,ニホンピロカラット,牡,5,58.0,田口,71.6,1,4,6.4,36.3,5-5,栗東 大橋,520,-6,
202609020712,2026-04-18,阪神,12,4歳以上1勝クラス,ダ,1200,右,曇,良,"2回 阪神 7日目 サラ系４歳以上 １勝クラス       [指] 定量 15頭 本賞金:820,330,210,120,82万円",15,820.0,3,6,10,ミヤジマナ,牝,4,56.0,武豊,71.7,1,2,4.7,35.2,14-13,栗東 宮地,520,12,
202609020712,2026-04-18,阪神,12,4歳以上1勝クラス,ダ,1200,右,曇,良,"2回 阪神 7日目 サラ系４歳以上 １勝クラス       [指] 定量 15頭 本賞金:820,330,210,120,82万円",15,820.0,4,4,6,ハウリングウィンド,牡,4,58.0,岡田,71.8,クビ,5,11.6,36.5,5-6,栗東 安田,524,12,
202609020712,2026-04-18,阪神,12,4歳以上1勝クラス,ダ,1200,右,曇,良,"2回 阪神 7日目 サラ系４歳以上 １勝クラス       [指] 定量 15頭 本賞金:820,330,210,120,82万円",15,820.0,5,8,15,カネコメファミリー,牝,5,56.0,鮫島駿,72.3,3,7,19.2,38.1,1-1,栗東 中尾,506,-8,
202609020712,2026-04-18,阪神,12,4歳以上1勝クラス,ダ,1200,右,曇,良,"2回 阪神 7日目 サラ系４歳以上 １勝クラス       [指] 定量 15頭 本賞金:820,330,210,120,82万円",15,820.0,6,2,2,サンライズジュピタ,牡,4,58.0,幸,72.4,クビ,10,71.8,37.8,2-2,栗東 石坂,518,-2,
202609020712,2026-04-18,阪神,12,4歳以上1勝クラス,ダ,1200,右,曇,良,"2回 阪神 7日目 サラ系４歳以上 １勝クラス       [指] 定量 15頭 本賞金:820,330,210,120,82万円",15,820.0,7,1,1,ジョードリウム,牡,4,58.0,高杉,72.5,1/2,12,96.5,36.8,7-9,栗東 清水久,510,-6,
202609020712,2026-04-18,阪神,12,4歳以上1勝クラス,ダ,1200,右,曇,良,"2回 阪神 7日目 サラ系４歳以上 １勝クラス       [指] 定量 15頭 本賞金:820,330,210,120,82万円",15,820.0,8,7,12,ロードヴァルカン,牡,4,58.0,坂井,72.6,1/2,1,2.8,37.8,3-3,栗東 中村,468,0,
202609020712,2026-04-18,阪神,12,4歳以上1勝クラス,ダ,1200,右,曇,良,"2回 阪神 7日目 サラ系４歳以上 １勝クラス       [指] 定量 15頭 本賞金:820,330,210,120,82万円",15,820.0,9,7,13,サンライズブレイク,牡,4,58.0,西村淳,72.7,1/2,3,5.1,37.1,7-7,栗東 浜田,512,-2,
202609020712,2026-04-18,阪神,12,4歳以上1勝クラス,ダ,1200,右,曇,良,"2回 阪神 7日目 サラ系４歳以上 １勝クラス       [指] 定量 15頭 本賞金:820,330,210,120,82万円",15,820.0,10,3,4,フェゲフォイア,牡,6,58.0,菱田,72.8,クビ,13,129.5,36.5,12-12,栗東 岡田,464,0,
202609020712,2026-04-18,阪神,12,4歳以上1勝クラス,ダ,1200,右,曇,良,"2回 阪神 7日目 サラ系４歳以上 １勝クラス       [指] 定量 15頭 本賞金:820,330,210,120,82万円",15,820.0,11,5,9,フェアリーメドウ,牝,4,56.0,古川吉,72.9,1/2,14,140.8,37.0,10-10,栗東 河嶋,470,-2,
202609020712,2026-04-18,阪神,12,4歳以上1勝クラス,ダ,1200,右,曇,良,"2回 阪神 7日目 サラ系４歳以上 １勝クラス       [指] 定量 15頭 本賞金:820,330,210,120,82万円",15,820.0,12,5,8,メイショウハッブル,牡,5,58.0,角田和,72.9,アタマ,9,39.4,36.9,10-10,栗東 石橋,474,-6,
202609020712,2026-04-18,阪神,12,4歳以上1勝クラス,ダ,1200,右,曇,良,"2回 阪神 7日目 サラ系４歳以上 １勝クラス       [指] 定量 15頭 本賞金:820,330,210,120,82万円",15,820.0,13,3,5,デュアルロール,牝,4,54.0,△柴田裕,73.0,1/2,15,173.8,36.5,13-14,栗東 笹田,496,6,
202609020712,2026-04-18,阪神,12,4歳以上1勝クラス,ダ,1200,右,曇,良,"2回 阪神 7日目 サラ系４歳以上 １勝クラス       [指] 定量 15頭 本賞金:820,330,210,120,82万円",15,820.0,14,2,3,リトムテール,牝,4,56.0,吉村,73.0,ハナ,11,78.2,37.3,7-7,栗東 渡辺,480,-16,
202609020712,2026-04-18,阪神,12,4歳以上1勝クラス,ダ,1200,右,曇,良,"2回 阪神 7日目 サラ系４歳以上 １勝クラス       [指] 定量 15頭 本賞金:820,330,210,120,82万円",15,820.0,15,4,7,ジュンライトニング,牡,4,58.0,団野,73.0,アタマ,8,27.9,36.0,15-15,栗東 清水久,454,-4,
202603010401,2026-04-19,福島,1,3歳未勝利,ダ,1150,右,晴,良,"1回 福島 4日目 サラ系３歳 未勝利       (混)[指] 馬齢 16頭 本賞金:590,240,150,89,59万円",16,590.0,1,7,13,ヨドノティアラ,牝,3,52.0,▲小林美,69.0,,1,4.2,38.2,2-2,美浦 矢嶋,440,-8,
202603010401,2026-04-19,福島,1,3歳未勝利,ダ,1150,右,晴,良,"1回 福島 4日目 サラ系３歳 未勝利       (混)[指] 馬齢 16頭 本賞金:590,240,150,89,59万円",16,590.0,2,4,8,フレンズプラス,牝,3,55.0,荻野琢,69.1,1/2,11,39.0,37.3,7-9,栗東 宮本,410,-4,
202603010401,2026-04-19,福島,1,3歳未勝利,ダ,1150,右,晴,良,"1回 福島 4日目 サラ系３歳 未勝利       (混)[指] 馬齢 16頭 本賞金:590,240,150,89,59万円",16,590.0,3,6,12,ダイイズキャスト,牡,3,54.0,▲田山,69.1,アタマ,2,4.6,37.1,9-6,栗東 新谷,518,10,
202603010401,2026-04-19,福島,1,3歳未勝利,ダ,1150,右,晴,良,"1回 福島 4日目 サラ系３歳 未勝利       (混)[指] 馬齢 16頭 本賞金:590,240,150,89,59万円",16,590.0,4,5,10,ゲレイロ,牡,3,54.0,▲和田陽,69.3,1.1/4,7,16.3,36.7,14-12,栗東 今野,470,2,
202603010401,2026-04-19,福島,1,3歳未勝利,ダ,1150,右,晴,良,"1回 福島 4日目 サラ系３歳 未勝利       (混)[指] 馬齢 16頭 本賞金:590,240,150,89,59万円",16,590.0,5,8,16,ヴィビーム,牝,3,55.0,菊沢,69.5,3/4,12,48.2,37.9,5-5,美浦 岩戸,454,8,
202603010401,2026-04-19,福島,1,3歳未勝利,ダ,1150,右,晴,良,"1回 福島 4日目 サラ系３歳 未勝利       (混)[指] 馬齢 16頭 本賞金:590,240,150,89,59万円",16,590.0,6,1,2,スイーヴル,牝,3,55.0,松若,69.5,クビ,4,5.0,38.2,4-4,栗東 小椋,452,4,
202603010401,2026-04-19,福島,1,3歳未勝利,ダ,1150,右,晴,良,"1回 福島 4日目 サラ系３歳 未勝利       (混)[指] 馬齢 16頭 本賞金:590,240,150,89,59万円",16,590.0,7,3,5,オレンジキャンパス,牝,3,55.0,武藤,69.5,アタマ,5,12.1,37.2,12-13,美浦 武藤,470,2,
202603010401,2026-04-19,福島,1,3歳未勝利,ダ,1150,右,晴,良,"1回 福島 4日目 サラ系３歳 未勝利       (混)[指] 馬齢 16頭 本賞金:590,240,150,89,59万円",16,590.0,8,2,3,イングラム,牡,3,57.0,藤懸,69.6,1/2,9,33.2,38.8,2-2,栗東 千田,498,0,
202603010401,2026-04-19,福島,1,3歳未勝利,ダ,1150,右,晴,良,"1回 福島 4日目 サラ系３歳 未勝利       (混)[指] 馬齢 16頭 本賞金:590,240,150,89,59万円",16,590.0,9,1,1,スプリングドリーム,牝,3,52.0,▲上里,69.9,1.3/4,3,4.6,39.2,1-1,美浦 加藤士,444,-2,
202603010401,2026-04-19,福島,1,3歳未勝利,ダ,1150,右,晴,良,"1回 福島 4日目 サラ系３歳 未勝利       (混)[指] 馬齢 16頭 本賞金:590,240,150,89,59万円",16,590.0,10,3,6,チュラヴェール,牝,3,55.0,丹内,70.1,3/4,6,12.6,38.3,7-6,美浦 松山,444,-2,
202603010401,2026-04-19,福島,1,3歳未勝利,ダ,1150,右,晴,良,"1回 福島 4日目 サラ系３歳 未勝利       (混)[指] 馬齢 16頭 本賞金:590,240,150,89,59万円",16,590.0,11,6,11,ジェム,牝,3,55.0,小沢,70.1,クビ,15,240.3,38.0,9-11,栗東 杉山佳,402,-2,
202603010401,2026-04-19,福島,1,3歳未勝利,ダ,1150,右,晴,良,"1回 福島 4日目 サラ系３歳 未勝利       (混)[指] 馬齢 16頭 本賞金:590,240,150,89,59万円",16,590.0,12,8,15,ミュージックレイン,牝,3,55.0,江田照,70.1,ハナ,8,21.5,38.5,5-6,美浦 村田,446,-8,
202603010401,2026-04-19,福島,1,3歳未勝利,ダ,1150,右,晴,良,"1回 福島 4日目 サラ系３歳 未勝利       (混)[指] 馬齢 16頭 本賞金:590,240,150,89,59万円",16,590.0,13,2,4,カンフージョン,牡,3,57.0,川又,70.4,1.3/4,10,38.9,38.3,9-9,栗東 吉村,512,0,
202603010401,2026-04-19,福島,1,3歳未勝利,ダ,1150,右,晴,良,"1回 福島 4日目 サラ系３歳 未勝利       (混)[指] 馬齢 16頭 本賞金:590,240,150,89,59万円",16,590.0,14,7,14,クインズヒマワリ,牝,3,52.0,▲石神道,70.8,2.1/2,16,304.2,38.1,14-14,美浦 和田郎,402,6,
202603010401,2026-04-19,福島,1,3歳未勝利,ダ,1150,右,晴,良,"1回 福島 4日目 サラ系３歳 未勝利       (混)[指] 馬齢 16頭 本賞金:590,240,150,89,59万円",16,590.0,15,4,7,ラインカシウス,牝,3,53.0,◇永島,70.9,1,13,200.0,38.4,13-14,美浦 水野,406,0,
202603010401,2026-04-19,福島,1,3歳未勝利,ダ,1150,右,晴,良,"1回 福島 4日目 サラ系３歳 未勝利       (混)[指] 馬齢 16頭 本賞金:590,240,150,89,59万円",16,590.0,16,5,9,セイウンサクラサケ,牝,3,51.0,★河原田,71.0,クビ,14,226.9,37.8,16-16,美浦 青木,452,-10,
202603010402,2026-04-19,福島,2,3歳未勝利,ダ,1700,右,晴,良,"1回 福島 4日目 サラ系３歳 未勝利       牝[指] 馬齢 15頭 本賞金:590,240,150,89,59万円",15,590.0,1,7,13,ベルソテイラ,牝,3,52.0,▲小林美,106.1,,2,3.3,38.1,1-1-1-1,栗東 西村,488,-10,
202603010402,2026-04-19,福島,2,3歳未勝利,ダ,1700,右,晴,良,"1回 福島 4日目 サラ系３歳 未勝利       牝[指] 馬齢 15頭 本賞金:590,240,150,89,59万円",15,590.0,2,5,9,ダノンプレサージュ,牝,3,55.0,横山典,106.5,2.1/2,1,2.3,38.3,2-2-2-2,美浦 大竹,486,0,
202603010402,2026-04-19,福島,2,3歳未勝利,ダ,1700,右,晴,良,"1回 福島 4日目 サラ系３歳 未勝利       牝[指] 馬齢 15頭 本賞金:590,240,150,89,59万円",15,590.0,3,3,5,ブリスフルイヤー,牝,3,52.0,▲石田,107.4,5,12,154.1,38.9,8-7-5-3,美浦 新開,458,-8,
202603010402,2026-04-19,福島,2,3歳未勝利,ダ,1700,右,晴,良,"1回 福島 4日目 サラ系３歳 未勝利       牝[指] 馬齢 15頭 本賞金:590,240,150,89,59万円",15,590.0,4,3,4,マスカルポーネ,牝,3,55.0,武藤,108.0,3.1/2,8,36.9,39.2,10-10-7-6,美浦 水野,432,-8,
202603010402,2026-04-19,福島,2,3歳未勝利,ダ,1700,右,晴,良,"1回 福島 4日目 サラ系３歳 未勝利       牝[指] 馬齢 15頭 本賞金:590,240,150,89,59万円",15,590.0,5,7,12,ブエノスオプティマ,牝,3,55.0,横山琉,108.3,1.3/4,4,11.8,40.0,2-4-4-3,栗東 高橋忠,464,0,
202603010402,2026-04-19,福島,2,3歳未勝利,ダ,1700,右,晴,良,"1回 福島 4日目 サラ系３歳 未勝利       牝[指] 馬齢 15頭 本賞金:590,240,150,89,59万円",15,590.0,6,5,8,ペールデュクラン,牝,3,55.0,菊沢,108.4,1/2,7,22.0,39.1,13-13-12-8,美浦 菊沢,460,0,
202603010402,2026-04-19,福島,2,3歳未勝利,ダ,1700,右,晴,良,"1回 福島 4日目 サラ系３歳 未勝利       牝[指] 馬齢 15頭 本賞金:590,240,150,89,59万円",15,590.0,7,2,2,アルティソナンテ,牝,3,53.0,△舟山,108.5,3/4,11,56.8,39.6,12-11-10-11,美浦 萩原,434,2,
202603010402,2026-04-19,福島,2,3歳未勝利,ダ,1700,右,晴,良,"1回 福島 4日目 サラ系３歳 未勝利       牝[指] 馬齢 15頭 本賞金:590,240,150,89,59万円",15,590.0,8,6,10,フィーユレアル,牝,3,55.0,斎藤,108.5,ハナ,5,14.5,40.3,2-3-2-3,美浦 斎藤誠,468,-6,
202603010402,2026-04-19,福島,2,3歳未勝利,ダ,1700,右,晴,良,"1回 福島 4日目 サラ系３歳 未勝利       牝[指] 馬齢 15頭 本賞金:590,240,150,89,59万円",15,590.0,9,2,3,ブルームザスマイル,牝,3,51.0,★河原田,108.6,1/2,10,50.6,39.9,5-4-7-8,栗東 鈴木孝,428,4,
202603010402,2026-04-19,福島,2,3歳未勝利,ダ,1700,右,晴,良,"1回 福島 4日目 サラ系３歳 未勝利       牝[指] 馬齢 15頭 本賞金:590,240,150,89,59万円",15,590.0,10,6,11,ノーブルトレジャー,牝,3,52.0,▲田山,108.9,1.3/4,6,21.3,40.4,5-6-5-6,栗東 牧浦,442,0,
202603010402,2026-04-19,福島,2,3歳未勝利,ダ,1700,右,晴,良,"1回 福島 4日目 サラ系３歳 未勝利       牝[指] 馬齢 15頭 本賞金:590,240,150,89,59万円",15,590.0,11,8,14,シューペルブリアン,牝,3,53.0,△長浜,109.8,5,14,362.1,39.5,14-14-14-14,美浦 佐藤吉,446,-12,
202603010402,2026-04-19,福島,2,3歳未勝利,ダ,1700,右,晴,良,"1回 福島 4日目 サラ系３歳 未勝利       牝[指] 馬齢 15頭 本賞金:590,240,150,89,59万円",15,590.0,12,4,7,プラトニックガール,牝,3,55.0,杉原,109.8,クビ,15,364.9,40.5,11-11-12-12,美浦 田村,506,16,
202603010402,2026-04-19,福島,2,3歳未勝利,ダ,1700,右,晴,良,"1回 福島 4日目 サラ系３歳 未勝利       牝[指] 馬齢 15頭 本賞金:590,240,150,89,59万円",15,590.0,13,8,15,メジロピオラ,牝,3,55.0,丹内,110.0,1.1/4,3,6.1,41.2,7-7-7-8,美浦 武井,470,0,
202603010402,2026-04-19,福島,2,3歳未勝利,ダ,1700,右,晴,良,"1回 福島 4日目 サラ系３歳 未勝利       牝[指] 馬齢 15頭 本賞金:590,240,150,89,59万円",15,590.0,14,4,6,スズノボンライミー,牝,3,53.0,◇永島,111.1,7,9,39.3,42.2,9-9-10-12,栗東 平田,442,-4,
202603010402,2026-04-19,福島,2,3歳未勝利,ダ,1700,右,晴,良,"1回 福島 4日目 サラ系３歳 未勝利       牝[指] 馬齢 15頭 本賞金:590,240,150,89,59万円",15,590.0,15,1,1,ビッグノエルルーフ,牝,3,55.0,江田照,116.8,大,13,181.3,40.4,15-15-15-15,美浦 田中剛,476,0,
202603010403,2026-04-19,福島,3,3歳未勝利,芝,2000,右,晴,良,"1回 福島 4日目 サラ系３歳 未勝利       [指] 馬齢 16頭 本賞金:590,240,150,89,59万円",16,590.0,1,4,8,グラスベルグ,牝,3,55.0,亀田,120.2,,3,5.7,36.0,5-4-5-6,栗東 斉藤崇,420,0,
202603010403,2026-04-19,福島,3,3歳未勝利,芝,2000,右,晴,良,"1回 福島 4日目 サラ系３歳 未勝利       [指] 馬齢 16頭 本賞金:590,240,150,89,59万円",16,590.0,2,1,1,マコトアディントン,牡,3,57.0,丹内,120.3,クビ,4,7.1,35.4,16-16-12-9,栗東 前川,432,0,
202603010403,2026-04-19,福島,3,3歳未勝利,芝,2000,右,晴,良,"1回 福島 4日目 サラ系３歳 未勝利       [指] 馬齢 16頭 本賞金:590,240,150,89,59万円",16,590.0,3,8,16,エコロゼット,牡,3,57.0,菊沢,120.4,3/4,13,60.4,36.0,8-6-7-7,美浦 岩戸,442,0,
202603010403,2026-04-19,福島,3,3歳未勝利,芝,2000,右,晴,良,"1回 福島 4日目 サラ系３歳 未勝利       [指] 馬齢 16頭 本賞金:590,240,150,89,59万円",16,590.0,4,6,12,スマートエラン,牡,3,55.0,△舟山,120.4,クビ,2,4.4,36.2,6-6-5-3,栗東 池江,466,14,
202603010403,2026-04-19,福島,3,3歳未勝利,芝,2000,右,晴,良,"1回 福島 4日目 サラ系３歳 未勝利       [指] 馬齢 16頭 本賞金:590,240,150,89,59万円",16,590.0,5,3,6,エクラドット,牡,3,57.0,武藤,120.6,3/4,8,21.4,36.5,3-2-3-5,美浦 西田,518,-4,
202603010403,2026-04-19,福島,3,3歳未勝利,芝,2000,右,晴,良,"1回 福島 4日目 サラ系３歳 未勝利       [指] 馬齢 16頭 本賞金:590,240,150,89,59万円",16,590.0,6,5,10,ウインシャリーフ,牡,3,55.0,△長浜,120.7,1,12,59.7,36.6,3-4-3-2,美浦 金成,464,-18,
202603010403,2026-04-19,福島,3,3歳未勝利,芝,2000,右,晴,良,"1回 福島 4日目 サラ系３歳 未勝利       [指] 馬齢 16頭 本賞金:590,240,150,89,59万円",16,590.0,7,5,9,クラリノ,牝,3,55.0,富田,120.9,1.1/4,9,25.7,36.1,11-11-10-9,栗東 武英,426,0,
202603010403,2026-04-19,福島,3,3歳未勝利,芝,2000,右,晴,良,"1回 福島 4日目 サラ系３歳 未勝利       [指] 馬齢 16頭 本賞金:590,240,150,89,59万円",16,590.0,8,4,7,エグジスタンス,牡,3,57.0,松若,121.0,クビ,1,4.2,37.1,2-2-2-1,栗東 奥村豊,484,4,
202603010403,2026-04-19,福島,3,3歳未勝利,芝,2000,右,晴,良,"1回 福島 4日目 サラ系３歳 未勝利       [指] 馬齢 16頭 本賞金:590,240,150,89,59万円",16,590.0,9,6,11,コスモアミュレット,牡,3,54.0,▲上里,121.2,1,7,15.8,36.6,9-9-8-8,美浦 加藤士,486,-2,
202603010403,2026-04-19,福島,3,3歳未勝利,芝,2000,右,晴,良,"1回 福島 4日目 サラ系３歳 未勝利       [指] 馬齢 16頭 本賞金:590,240,150,89,59万円",16,590.0,10,1,2,サクセスブルー,牡,3,57.0,斎藤,121.3,1/2,6,10.3,36.0,15-15-15-12,美浦 斎藤誠,422,2,
202603010403,2026-04-19,福島,3,3歳未勝利,芝,2000,右,晴,良,"1回 福島 4日目 サラ系３歳 未勝利       [指] 馬齢 16頭 本賞金:590,240,150,89,59万円",16,590.0,11,7,13,クリムゾンバースト,牡,3,57.0,横山琉,121.4,3/4,11,34.1,36.7,13-13-8-11,栗東 長谷川,450,-16,
202603010403,2026-04-19,福島,3,3歳未勝利,芝,2000,右,晴,良,"1回 福島 4日目 サラ系３歳 未勝利       [指] 馬齢 16頭 本賞金:590,240,150,89,59万円",16,590.0,12,2,4,キトゥンズラスター,牝,3,55.0,小沢,122.3,5,10,29.4,37.5,6-6-10-13,栗東 橋口,410,-2,
202603010403,2026-04-19,福島,3,3歳未勝利,芝,2000,右,晴,良,"1回 福島 4日目 サラ系３歳 未勝利       [指] 馬齢 16頭 本賞金:590,240,150,89,59万円",16,590.0,13,8,15,コーディアリティ,牡,3,54.0,▲田山,122.5,1,14,67.8,37.4,10-9-13-16,栗東 牧浦,536,0,
202603010403,2026-04-19,福島,3,3歳未勝利,芝,2000,右,晴,良,"1回 福島 4日目 サラ系３歳 未勝利       [指] 馬齢 16頭 本賞金:590,240,150,89,59万円",16,590.0,14,7,14,サイレントワルツ,牝,3,52.0,▲和田陽,122.5,ハナ,16,327.6,37.2,11-11-15-15,栗東 小椋,398,2,
202603010403,2026-04-19,福島,3,3歳未勝利,芝,2000,右,晴,良,"1回 福島 4日目 サラ系３歳 未勝利       [指] 馬齢 16頭 本賞金:590,240,150,89,59万円",16,590.0,15,3,5,ミズノミヤコ,牝,3,51.0,★河原田,122.6,クビ,5,8.8,38.8,1-1-1-3,美浦 青木,416,-4,
202603010403,2026-04-19,福島,3,3歳未勝利,芝,2000,右,晴,良,"1回 福島 4日目 サラ系３歳 未勝利       [指] 馬齢 16頭 本賞金:590,240,150,89,59万円",16,590.0,16,2,3,ソルプレーザ,牡,3,57.0,黛,122.7,3/4,15,320.5,37.6,14-14-13-13,美浦 菊川,468,-10,
202603010404,2026-04-19,福島,4,3歳未勝利,ダ,1700,右,晴,良,"1回 福島 4日目 サラ系３歳 未勝利       [指] 馬齢 15頭 本賞金:590,240,150,89,59万円",15,590.0,1,6,10,アラクラン,牡,3,54.0,▲小林美,106.3,,2,5.8,38.4,2-2-2-2,美浦 田村,504,-2,
202603010404,2026-04-19,福島,4,3歳未勝利,ダ,1700,右,晴,良,"1回 福島 4日目 サラ系３歳 未勝利       [指] 馬齢 15頭 本賞金:590,240,150,89,59万円",15,590.0,2,6,11,アイビーチーキー,牡,3,54.0,▲上里,106.5,1,4,5.9,38.4,3-3-3-3,美浦 加藤士,482,-2,
202603010404,2026-04-19,福島,4,3歳未勝利,ダ,1700,右,晴,良,"1回 福島 4日目 サラ系３歳 未勝利       [指] 馬齢 15頭 本賞金:590,240,150,89,59万円",15,590.0,3,4,7,マルシュボヌール,牝,3,53.0,△舟山,107.4,5,7,19.0,38.9,5-5-5-5,栗東 柴田,414,2,
202603010404,2026-04-19,福島,4,3歳未勝利,ダ,1700,右,晴,良,"1回 福島 4日目 サラ系３歳 未勝利       [指] 馬齢 15頭 本賞金:590,240,150,89,59万円",15,590.0,4,2,3,サトノワーグナー,牡,3,57.0,斎藤,107.4,ハナ,1,2.8,39.0,3-3-4-3,美浦 斎藤誠,488,2,
202603010404,2026-04-19,福島,4,3歳未勝利,ダ,1700,右,晴,良,"1回 福島 4日目 サラ系３歳 未勝利       [指] 馬齢 15頭 本賞金:590,240,150,89,59万円",15,590.0,5,8,15,ストリートクイーン,牝,3,55.0,藤懸,107.6,1,3,5.8,39.7,1-1-1-1,栗東 高橋一,450,0,
202603010404,2026-04-19,福島,4,3歳未勝利,ダ,1700,右,晴,良,"1回 福島 4日目 サラ系３歳 未勝利       [指] 馬齢 15頭 本賞金:590,240,150,89,59万円",15,590.0,6,3,5,アスクハッピーマン,牡,3,55.0,◇古川奈,107.8,1.1/4,8,22.5,38.8,13-12-6-6,栗東 矢作,496,0,
202603010404,2026-04-19,福島,4,3歳未勝利,ダ,1700,右,晴,良,"1回 福島 4日目 サラ系３歳 未勝利       [指] 馬齢 15頭 本賞金:590,240,150,89,59万円",15,590.0,7,5,8,タイガーゲイト,牡,3,57.0,菊沢,108.8,6,11,85.3,39.8,10-9-6-7,美浦 大和田,476,-6,
202603010404,2026-04-19,福島,4,3歳未勝利,ダ,1700,右,晴,良,"1回 福島 4日目 サラ系３歳 未勝利       [指] 馬齢 15頭 本賞金:590,240,150,89,59万円",15,590.0,8,8,14,エッジランナー,牡,3,57.0,武藤,109.3,3,14,296.7,39.7,10-9-10-9,美浦 戸田,432,-12,
202603010404,2026-04-19,福島,4,3歳未勝利,ダ,1700,右,晴,良,"1回 福島 4日目 サラ系３歳 未勝利       [指] 馬齢 15頭 本賞金:590,240,150,89,59万円",15,590.0,9,5,9,アドフランマム,牡,3,57.0,横山典,109.4,クビ,5,7.1,40.3,7-7-9-9,栗東 本田,520,4,
202603010404,2026-04-19,福島,4,3歳未勝利,ダ,1700,右,晴,良,"1回 福島 4日目 サラ系３歳 未勝利       [指] 馬齢 15頭 本賞金:590,240,150,89,59万円",15,590.0,10,2,2,トゥルージョワ,牡,3,57.0,西塚,109.6,1.1/2,6,12.2,40.6,6-6-6-7,栗東 福永,490,-14,
202603010404,2026-04-19,福島,4,3歳未勝利,ダ,1700,右,晴,良,"1回 福島 4日目 サラ系３歳 未勝利       [指] 馬齢 15頭 本賞金:590,240,150,89,59万円",15,590.0,11,7,12,オーケーグリット,牡,3,57.0,石川,110.0,2.1/2,10,83.6,39.6,14-14-14-14,美浦 相沢,468,6,
202603010404,2026-04-19,福島,4,3歳未勝利,ダ,1700,右,晴,良,"1回 福島 4日目 サラ系３歳 未勝利       [指] 馬齢 15頭 本賞金:590,240,150,89,59万円",15,590.0,12,1,1,ゴールデンボート,セ,3,57.0,江田照,111.2,7,12,137.3,41.2,7-7-11-12,美浦 矢野,450,-4,
202603010404,2026-04-19,福島,4,3歳未勝利,ダ,1700,右,晴,良,"1回 福島 4日目 サラ系３歳 未勝利       [指] 馬齢 15頭 本賞金:590,240,150,89,59万円",15,590.0,13,3,4,ヒケヤイワフネ,牡,3,57.0,木幡育,111.4,1,15,300.7,41.5,10-9-11-11,美浦 高橋文,482,-8,
202603010404,2026-04-19,福島,4,3歳未勝利,ダ,1700,右,晴,良,"1回 福島 4日目 サラ系３歳 未勝利       [指] 馬齢 15頭 本賞金:590,240,150,89,59万円",15,590.0,14,4,6,ジーゲスツーク,牡,3,55.0,△鷲頭,111.5,1/2,9,27.9,41.3,15-15-13-12,栗東 井上,462,0,
202603010404,2026-04-19,福島,4,3歳未勝利,ダ,1700,右,晴,良,"1回 福島 4日目 サラ系３歳 未勝利       [指] 馬齢 15頭 本賞金:590,240,150,89,59万円",15,590.0,15,7,13,グランドタルマエ,牡,3,57.0,横山琉,117.0,大,13,215.1,45.9,7-12-15-15,美浦 相沢,504,-12,
202603010405,2026-04-19,福島,5,3歳未勝利,芝,1200,右,晴,良,"1回 福島 4日目 サラ系３歳 未勝利       [指] 馬齢 16頭 本賞金:590,240,150,89,59万円",16,590.0,1,5,9,リラベガ,牝,3,55.0,丸山,68.4,,3,5.0,34.3,3-3,美浦 岩戸,422,-2,
202603010405,2026-04-19,福島,5,3歳未勝利,芝,1200,右,晴,良,"1回 福島 4日目 サラ系３歳 未勝利       [指] 馬齢 16頭 本賞金:590,240,150,89,59万円",16,590.0,2,8,16,コンフィアンサ,牝,3,53.0,△舟山,68.4,クビ,1,3.2,34.5,1-1,美浦 菊川,432,-6,
202603010405,2026-04-19,福島,5,3歳未勝利,芝,1200,右,晴,良,"1回 福島 4日目 サラ系３歳 未勝利       [指] 馬齢 16頭 本賞金:590,240,150,89,59万円",16,590.0,3,1,1,スイートポメロ,牝,3,55.0,松若,68.7,1.1/2,14,94.8,34.7,2-2,栗東 森田,382,2,
202603010405,2026-04-19,福島,5,3歳未勝利,芝,1200,右,晴,良,"1回 福島 4日目 サラ系３歳 未勝利       [指] 馬齢 16頭 本賞金:590,240,150,89,59万円",16,590.0,4,2,4,アイアムアヒーロー,牡,3,54.0,▲田山,68.8,3/4,2,4.8,34.2,8-8,美浦 奥平,472,-6,
202603010405,2026-04-19,福島,5,3歳未勝利,芝,1200,右,晴,良,"1回 福島 4日目 サラ系３歳 未勝利       [指] 馬齢 16頭 本賞金:590,240,150,89,59万円",16,590.0,5,4,7,スカイプレリュード,牡,3,57.0,横山琉,68.8,クビ,5,9.6,34.5,5-5,美浦 大竹,472,-4,
202603010405,2026-04-19,福島,5,3歳未勝利,芝,1200,右,晴,良,"1回 福島 4日目 サラ系３歳 未勝利       [指] 馬齢 16頭 本賞金:590,240,150,89,59万円",16,590.0,6,3,6,ミスチヴマリアンヌ,牝,3,52.0,▲上里,68.9,クビ,13,76.3,34.6,5-3,美浦 小野,436,-4,
202603010405,2026-04-19,福島,5,3歳未勝利,芝,1200,右,晴,良,"1回 福島 4日目 サラ系３歳 未勝利       [指] 馬齢 16頭 本賞金:590,240,150,89,59万円",16,590.0,7,1,2,ミラクルチケット,牝,3,52.0,▲大久保,69.0,3/4,7,22.1,34.4,8-5,美浦 稲垣,406,-4,
202603010405,2026-04-19,福島,5,3歳未勝利,芝,1200,右,晴,良,"1回 福島 4日目 サラ系３歳 未勝利       [指] 馬齢 16頭 本賞金:590,240,150,89,59万円",16,590.0,8,3,5,メーテルリンク,牝,3,52.0,▲石神道,69.0,ハナ,11,48.8,34.0,11-10,美浦 深山,420,-4,
202603010405,2026-04-19,福島,5,3歳未勝利,芝,1200,右,晴,良,"1回 福島 4日目 サラ系３歳 未勝利       [指] 馬齢 16頭 本賞金:590,240,150,89,59万円",16,590.0,9,7,13,シーズナルワーズ,牝,3,55.0,菊沢,69.2,1.1/4,12,60.9,34.5,8-10,美浦 畠山,446,2,
202603010405,2026-04-19,福島,5,3歳未勝利,芝,1200,右,晴,良,"1回 福島 4日目 サラ系３歳 未勝利       [指] 馬齢 16頭 本賞金:590,240,150,89,59万円",16,590.0,10,5,10,ピョイットハレルヤ,牝,3,55.0,斎藤,69.3,クビ,4,8.1,34.9,5-8,栗東 浜田,456,-4,
202603010405,2026-04-19,福島,5,3歳未勝利,芝,1200,右,晴,良,"1回 福島 4日目 サラ系３歳 未勝利       [指] 馬齢 16頭 本賞金:590,240,150,89,59万円",16,590.0,11,7,14,レレリオーナ,牝,3,52.0,▲遠藤,70.1,5,15,173.8,34.2,15-14,美浦 室井,416,0,
202603010405,2026-04-19,福島,5,3歳未勝利,芝,1200,右,晴,良,"1回 福島 4日目 サラ系３歳 未勝利       [指] 馬齢 16頭 本賞金:590,240,150,89,59万円",16,590.0,12,4,8,エンジェルサン,牡,3,57.0,丹内,70.1,ハナ,9,31.7,34.5,13-12,美浦 矢嶋,488,0,
202603010405,2026-04-19,福島,5,3歳未勝利,芝,1200,右,晴,良,"1回 福島 4日目 サラ系３歳 未勝利       [指] 馬齢 16頭 本賞金:590,240,150,89,59万円",16,590.0,13,2,3,イッツオンリーラブ,牝,3,53.0,◇永島,70.4,1.3/4,16,199.4,34.4,15-14,美浦 中川,382,-6,
202603010405,2026-04-19,福島,5,3歳未勝利,芝,1200,右,晴,良,"1回 福島 4日目 サラ系３歳 未勝利       [指] 馬齢 16頭 本賞金:590,240,150,89,59万円",16,590.0,14,6,11,カフジラクレット,牝,3,55.0,富田,70.7,2,10,39.1,35.4,12-13,栗東 杉山佳,466,0,
202603010405,2026-04-19,福島,5,3歳未勝利,芝,1200,右,晴,良,"1回 福島 4日目 サラ系３歳 未勝利       [指] 馬齢 16頭 本賞金:590,240,150,89,59万円",16,590.0,15,6,12,サカトクフェイス,牡,3,57.0,小沢,70.8,クビ,8,24.4,35.2,13-16,栗東 今野,450,0,
202603010405,2026-04-19,福島,5,3歳未勝利,芝,1200,右,晴,良,"1回 福島 4日目 サラ系３歳 未勝利       [指] 馬齢 16頭 本賞金:590,240,150,89,59万円",16,590.0,16,8,15,クロノレガリス,牝,3,52.0,▲小林美,70.8,クビ,6,10.1,36.6,3-7,美浦 千葉,396,-12,
202603010406,2026-04-19,福島,6,4歳以上1勝クラス,芝,1800,右,晴,良,"1回 福島 4日目 サラ系４歳以上 １勝クラス       [指] 定量 13頭 本賞金:820,330,210,120,82万円",13,820.0,1,5,6,タンテドヴィーヴル,牡,4,58.0,亀田,105.8,,1,4.4,34.9,5-5-5-5,栗東 斉藤崇,498,10,
202603010406,2026-04-19,福島,6,4歳以上1勝クラス,芝,1800,右,晴,良,"1回 福島 4日目 サラ系４歳以上 １勝クラス       [指] 定量 13頭 本賞金:820,330,210,120,82万円",13,820.0,2,4,5,アドミラルシップ,牡,5,58.0,石川,106.0,1,3,6.2,34.3,12-11-11-10,美浦 相沢,476,0,
202603010406,2026-04-19,福島,6,4歳以上1勝クラス,芝,1800,右,晴,良,"1回 福島 4日目 サラ系４歳以上 １勝クラス       [指] 定量 13頭 本賞金:820,330,210,120,82万円",13,820.0,3,2,2,ジャグアール,牡,5,58.0,菊沢,106.0,ハナ,9,22.1,34.6,10-9-9-8,美浦 矢野,460,-10,
202603010406,2026-04-19,福島,6,4歳以上1勝クラス,芝,1800,右,晴,良,"1回 福島 4日目 サラ系４歳以上 １勝クラス       [指] 定量 13頭 本賞金:820,330,210,120,82万円",13,820.0,4,8,13,スピンザブラッド,牡,5,56.0,△舟山,106.0,クビ,6,9.2,34.4,9-10-10-10,美浦 萩原,436,-4,
202603010406,2026-04-19,福島,6,4歳以上1勝クラス,芝,1800,右,晴,良,"1回 福島 4日目 サラ系４歳以上 １勝クラス       [指] 定量 13頭 本賞金:820,330,210,120,82万円",13,820.0,5,5,7,ダノンクロム,牡,6,58.0,斎藤,106.1,クビ,5,6.6,35.7,1-1-1-1,栗東 東田,530,-10,
202603010406,2026-04-19,福島,6,4歳以上1勝クラス,芝,1800,右,晴,良,"1回 福島 4日目 サラ系４歳以上 １勝クラス       [指] 定量 13頭 本賞金:820,330,210,120,82万円",13,820.0,6,6,8,コスモキャバリエ,牡,4,58.0,丹内,106.1,アタマ,2,4.4,35.4,3-3-2-2,美浦 室井,474,0,
202603010406,2026-04-19,福島,6,4歳以上1勝クラス,芝,1800,右,晴,良,"1回 福島 4日目 サラ系４歳以上 １勝クラス       [指] 定量 13頭 本賞金:820,330,210,120,82万円",13,820.0,7,1,1,ストレートブラック,牝,4,53.0,▲石神道,106.3,3/4,4,6.5,35.1,7-7-7-5,美浦 奥平,440,-2,
202603010406,2026-04-19,福島,6,4歳以上1勝クラス,芝,1800,右,晴,良,"1回 福島 4日目 サラ系４歳以上 １勝クラス       [指] 定量 13頭 本賞金:820,330,210,120,82万円",13,820.0,8,4,4,ナムラブーニン,牡,5,58.0,横山琉,106.4,3/4,7,13.3,34.5,12-13-13-13,栗東 高橋一,468,2,
202603010406,2026-04-19,福島,6,4歳以上1勝クラス,芝,1800,右,晴,良,"1回 福島 4日目 サラ系４歳以上 １勝クラス       [指] 定量 13頭 本賞金:820,330,210,120,82万円",13,820.0,9,7,11,デリュージョン,牡,4,58.0,松若,107.2,5,8,19.7,36.5,4-3-2-3,栗東 奥村豊,468,6,
202603010406,2026-04-19,福島,6,4歳以上1勝クラス,芝,1800,右,晴,良,"1回 福島 4日目 サラ系４歳以上 １勝クラス       [指] 定量 13頭 本賞金:820,330,210,120,82万円",13,820.0,10,8,12,マサハヤヴォス,牡,5,55.0,▲田山,107.2,アタマ,12,122.2,36.3,5-5-5-5,栗東 柴田,470,-2,
202603010406,2026-04-19,福島,6,4歳以上1勝クラス,芝,1800,右,晴,良,"1回 福島 4日目 サラ系４歳以上 １勝クラス       [指] 定量 13頭 本賞金:820,330,210,120,82万円",13,820.0,11,6,9,シュードタキライト,牡,4,58.0,西塚,107.5,1.1/2,13,140.6,36.3,7-7-7-9,美浦 秋本,500,-4,
202603010406,2026-04-19,福島,6,4歳以上1勝クラス,芝,1800,右,晴,良,"1回 福島 4日目 サラ系４歳以上 １勝クラス       [指] 定量 13頭 本賞金:820,330,210,120,82万円",13,820.0,12,7,10,テンクウハット,牝,6,52.0,★河原田,107.9,2.1/2,11,54.4,37.3,2-2-2-3,美浦 加藤和,470,-14,
202603010406,2026-04-19,福島,6,4歳以上1勝クラス,芝,1800,右,晴,良,"1回 福島 4日目 サラ系４歳以上 １勝クラス       [指] 定量 13頭 本賞金:820,330,210,120,82万円",13,820.0,13,3,3,サラダ,牝,4,56.0,富田,107.9,ハナ,10,44.3,36.2,10-11-11-10,栗東 武英,468,4,
202603010407,2026-04-19,福島,7,4歳以上1勝クラス,芝,2000,右,晴,良,"1回 福島 4日目 サラ系４歳以上 １勝クラス       (混)[指] 定量 10頭 本賞金:820,330,210,120,82万円",10,820.0,1,5,5,ホウオウタイタン,牝,4,53.0,▲田山,119.3,,1,1.8,34.7,5-5-4-4,栗東 須貝,494,-2,
202603010407,2026-04-19,福島,7,4歳以上1勝クラス,芝,2000,右,晴,良,"1回 福島 4日目 サラ系４歳以上 １勝クラス       (混)[指] 定量 10頭 本賞金:820,330,210,120,82万円",10,820.0,2,6,6,ウインポセイドン,牡,4,58.0,松若,119.5,1.1/4,4,7.5,35.1,3-3-3-2,栗東 奥村豊,484,-2,
202603010407,2026-04-19,福島,7,4歳以上1勝クラス,芝,2000,右,晴,良,"1回 福島 4日目 サラ系４歳以上 １勝クラス       (混)[指] 定量 10頭 本賞金:820,330,210,120,82万円",10,820.0,3,3,3,ディアボリカドンナ,牝,4,54.0,◇今村,119.7,1.1/2,3,5.0,35.9,1-1-1-1,美浦 武井,448,2,
202603010407,2026-04-19,福島,7,4歳以上1勝クラス,芝,2000,右,晴,良,"1回 福島 4日目 サラ系４歳以上 １勝クラス       (混)[指] 定量 10頭 本賞金:820,330,210,120,82万円",10,820.0,4,1,1,マイネルアウルム,牡,4,58.0,丹内,119.8,クビ,2,4.6,35.0,8-8-6-5,美浦 伊藤伸,438,-4,
202603010407,2026-04-19,福島,7,4歳以上1勝クラス,芝,2000,右,晴,良,"1回 福島 4日目 サラ系４歳以上 １勝クラス       (混)[指] 定量 10頭 本賞金:820,330,210,120,82万円",10,820.0,5,8,9,トラストエムシー,牡,6,58.0,亀田,120.0,1.1/4,6,23.6,35.3,3-3-4-5,栗東 北出,434,0,
202603010407,2026-04-19,福島,7,4歳以上1勝クラス,芝,2000,右,晴,良,"1回 福島 4日目 サラ系４歳以上 １勝クラス       (混)[指] 定量 10頭 本賞金:820,330,210,120,82万円",10,820.0,6,4,4,フォーグッド,セ,7,58.0,菊沢,120.0,アタマ,5,18.8,34.9,7-7-7-7,美浦 平岩,510,12,
202603010407,2026-04-19,福島,7,4歳以上1勝クラス,芝,2000,右,晴,良,"1回 福島 4日目 サラ系４歳以上 １勝クラス       (混)[指] 定量 10頭 本賞金:820,330,210,120,82万円",10,820.0,7,8,10,モルビド,牝,4,56.0,小沢,120.4,2.1/2,7,36.7,35.2,10-10-9-7,栗東 中内田,414,-6,
202603010407,2026-04-19,福島,7,4歳以上1勝クラス,芝,2000,右,晴,良,"1回 福島 4日目 サラ系４歳以上 １勝クラス       (混)[指] 定量 10頭 本賞金:820,330,210,120,82万円",10,820.0,8,7,8,キセキノエンジェル,牝,7,52.0,★河原田,121.1,4,9,149.1,37.2,2-2-2-2,美浦 武市,468,-2,
202603010407,2026-04-19,福島,7,4歳以上1勝クラス,芝,2000,右,晴,良,"1回 福島 4日目 サラ系４歳以上 １勝クラス       (混)[指] 定量 10頭 本賞金:820,330,210,120,82万円",10,820.0,9,2,2,アクアリッズ,牡,4,55.0,▲小林美,121.2,クビ,8,66.8,36.2,5-5-7-9,美浦 加藤和,486,2,
202603010407,2026-04-19,福島,7,4歳以上1勝クラス,芝,2000,右,晴,良,"1回 福島 4日目 サラ系４歳以上 １勝クラス       (混)[指] 定量 10頭 本賞金:820,330,210,120,82万円",10,820.0,10,7,7,コウセイケンタロス,牡,4,55.0,▲上里,123.0,大,10,176.5,37.3,9-9-10-10,美浦 和田雄,462,10,
202603010408,2026-04-19,福島,8,4歳以上1勝クラス,ダ,1700,右,晴,良,"1回 福島 4日目 サラ系４歳以上 １勝クラス       (混)[指] 定量 15頭 本賞金:820,330,210,120,82万円",15,820.0,1,6,11,ジェシーテソーロ,牡,4,58.0,富田,105.1,,9,19.9,38.2,3-2-2-2,美浦 牧,488,-8,
202603010408,2026-04-19,福島,8,4歳以上1勝クラス,ダ,1700,右,晴,良,"1回 福島 4日目 サラ系４歳以上 １勝クラス       (混)[指] 定量 15頭 本賞金:820,330,210,120,82万円",15,820.0,2,7,13,オウケンシルヴァー,牡,5,58.0,木幡育,105.1,ハナ,2,5.1,38.3,2-2-1-1,美浦 松永康,500,2,
202603010408,2026-04-19,福島,8,4歳以上1勝クラス,ダ,1700,右,晴,良,"1回 福島 4日目 サラ系４歳以上 １勝クラス       (混)[指] 定量 15頭 本賞金:820,330,210,120,82万円",15,820.0,3,7,12,マテンロウノカゼ,牡,5,58.0,横山典,105.2,1/2,6,9.1,37.0,10-10-7-6,栗東 昆,484,-2,
202603010408,2026-04-19,福島,8,4歳以上1勝クラス,ダ,1700,右,晴,良,"1回 福島 4日目 サラ系４歳以上 １勝クラス       (混)[指] 定量 15頭 本賞金:820,330,210,120,82万円",15,820.0,4,6,10,ブリスフル,牡,5,54.0,★河原田,105.9,4,15,223.5,38.1,6-6-5-6,美浦 武市,510,0,
202603010408,2026-04-19,福島,8,4歳以上1勝クラス,ダ,1700,右,晴,良,"1回 福島 4日目 サラ系４歳以上 １勝クラス       (混)[指] 定量 15頭 本賞金:820,330,210,120,82万円",15,820.0,5,2,3,マーベリックシチー,牡,5,58.0,吉田隼,105.9,ハナ,3,5.5,37.7,7-7-7-6,栗東 岡田,480,0,
202603010408,2026-04-19,福島,8,4歳以上1勝クラス,ダ,1700,右,晴,良,"1回 福島 4日目 サラ系４歳以上 １勝クラス       (混)[指] 定量 15頭 本賞金:820,330,210,120,82万円",15,820.0,6,4,7,ミスティマウンテン,牡,4,58.0,丹内,106.1,1.1/4,4,7.3,37.7,8-8-9-9,美浦 池上,454,8,
202603010408,2026-04-19,福島,8,4歳以上1勝クラス,ダ,1700,右,晴,良,"1回 福島 4日目 サラ系４歳以上 １勝クラス       (混)[指] 定量 15頭 本賞金:820,330,210,120,82万円",15,820.0,7,8,14,サンディエゴ,セ,4,55.0,▲田山,106.3,1.1/4,8,13.8,38.7,4-4-4-4,栗東 清水久,490,-16,
202603010408,2026-04-19,福島,8,4歳以上1勝クラス,ダ,1700,右,晴,良,"1回 福島 4日目 サラ系４歳以上 １勝クラス       (混)[指] 定量 15頭 本賞金:820,330,210,120,82万円",15,820.0,8,4,6,アメリカンチーフ,牡,5,58.0,松若,106.7,2.1/2,1,4.5,37.6,14-13-13-11,栗東 東田,468,-4,
202603010408,2026-04-19,福島,8,4歳以上1勝クラス,ダ,1700,右,晴,良,"1回 福島 4日目 サラ系４歳以上 １勝クラス       (混)[指] 定量 15頭 本賞金:820,330,210,120,82万円",15,820.0,9,2,2,メトロポリターナ,牝,5,56.0,菊沢,107.1,2.1/2,11,60.4,39.3,5-4-5-4,美浦 粕谷,496,-4,
202603010408,2026-04-19,福島,8,4歳以上1勝クラス,ダ,1700,右,晴,良,"1回 福島 4日目 サラ系４歳以上 １勝クラス       (混)[指] 定量 15頭 本賞金:820,330,210,120,82万円",15,820.0,10,1,1,グロリアスヒーロー,セ,7,56.0,◇今村,107.1,ハナ,10,54.4,38.5,8-9-10-10,美浦 高木,478,-8,
202603010408,2026-04-19,福島,8,4歳以上1勝クラス,ダ,1700,右,晴,良,"1回 福島 4日目 サラ系４歳以上 １勝クラス       (混)[指] 定量 15頭 本賞金:820,330,210,120,82万円",15,820.0,11,5,9,リリーアロー,牡,7,58.0,藤懸,107.1,アタマ,12,74.2,38.1,11-11-12-14,栗東 平田,496,-14,
202603010408,2026-04-19,福島,8,4歳以上1勝クラス,ダ,1700,右,晴,良,"1回 福島 4日目 サラ系４歳以上 １勝クラス       (混)[指] 定量 15頭 本賞金:820,330,210,120,82万円",15,820.0,12,8,15,ミツカネヴィーナス,牝,7,53.0,▲遠藤,107.3,1.1/4,14,203.5,37.7,15-15-15-15,美浦 鈴木伸,462,-2,
202603010408,2026-04-19,福島,8,4歳以上1勝クラス,ダ,1700,右,晴,良,"1回 福島 4日目 サラ系４歳以上 １勝クラス       (混)[指] 定量 15頭 本賞金:820,330,210,120,82万円",15,820.0,13,3,4,ブレイジングスター,牡,4,55.0,▲和田陽,107.3,ハナ,7,9.7,38.2,11-11-13-11,栗東 高橋康,484,-6,
202603010408,2026-04-19,福島,8,4歳以上1勝クラス,ダ,1700,右,晴,良,"1回 福島 4日目 サラ系４歳以上 １勝クラス       (混)[指] 定量 15頭 本賞金:820,330,210,120,82万円",15,820.0,14,5,8,リゼレインボー,牡,7,55.0,▲上里,107.6,2,13,182.8,38.7,13-13-11-11,美浦 松山,498,2,
202603010408,2026-04-19,福島,8,4歳以上1勝クラス,ダ,1700,右,晴,良,"1回 福島 4日目 サラ系４歳以上 １勝クラス       (混)[指] 定量 15頭 本賞金:820,330,210,120,82万円",15,820.0,15,3,5,ブラックジジ,牡,4,56.0,△舟山,108.7,7,5,7.8,41.9,1-1-2-3,美浦 菊川,472,10,
202603010409,2026-04-19,福島,9,須賀川特別,芝,1200,右,晴,良,"1回 福島 4日目 サラ系４歳以上 １勝クラス       [指] 定量 16頭 本賞金:1140,460,290,170,114万円",16,1140.0,1,6,11,シャイフ,牡,4,58.0,横山典,67.7,,2,4.9,33.9,3-3,栗東 安田,496,20,
202603010409,2026-04-19,福島,9,須賀川特別,芝,1200,右,晴,良,"1回 福島 4日目 サラ系４歳以上 １勝クラス       [指] 定量 16頭 本賞金:1140,460,290,170,114万円",16,1140.0,2,8,16,ララバニュルス,牡,4,58.0,藤懸,67.9,1,4,11.4,33.9,6-5,美浦 大竹,538,10,
202603010409,2026-04-19,福島,9,須賀川特別,芝,1200,右,晴,良,"1回 福島 4日目 サラ系４歳以上 １勝クラス       [指] 定量 16頭 本賞金:1140,460,290,170,114万円",16,1140.0,3,5,9,レオナルドスター,セ,5,58.0,荻野琢,68.0,1,8,28.2,34.3,2-2,栗東 秋山,454,-6,
202603010409,2026-04-19,福島,9,須賀川特別,芝,1200,右,晴,良,"1回 福島 4日目 サラ系４歳以上 １勝クラス       [指] 定量 16頭 本賞金:1140,460,290,170,114万円",16,1140.0,4,4,8,ジェニファー,牝,5,56.0,斎藤,68.1,クビ,3,8.2,34.5,1-1,栗東 浜田,456,2,
202603010409,2026-04-19,福島,9,須賀川特別,芝,1200,右,晴,良,"1回 福島 4日目 サラ系４歳以上 １勝クラス       [指] 定量 16頭 本賞金:1140,460,290,170,114万円",16,1140.0,5,1,1,セゾンデフィーユ,牝,4,56.0,丹内,68.1,クビ,1,1.9,34.2,4-3,美浦 稲垣,468,-4,
202603010409,2026-04-19,福島,9,須賀川特別,芝,1200,右,晴,良,"1回 福島 4日目 サラ系４歳以上 １勝クラス       [指] 定量 16頭 本賞金:1140,460,290,170,114万円",16,1140.0,6,8,15,ビッグフラワー,牡,5,58.0,丸山,68.2,1/2,5,13.0,33.9,9-9,美浦 加藤征,486,-6,
202603010409,2026-04-19,福島,9,須賀川特別,芝,1200,右,晴,良,"1回 福島 4日目 サラ系４歳以上 １勝クラス       [指] 定量 16頭 本賞金:1140,460,290,170,114万円",16,1140.0,7,3,5,デアリングエア,牝,4,56.0,吉田隼,68.2,クビ,11,48.9,34.1,7-5,美浦 菊沢,462,6,
202603010409,2026-04-19,福島,9,須賀川特別,芝,1200,右,晴,良,"1回 福島 4日目 サラ系４歳以上 １勝クラス       [指] 定量 16頭 本賞金:1140,460,290,170,114万円",16,1140.0,8,1,2,モティスフォント,牡,4,58.0,杉原,68.3,クビ,6,13.5,33.9,11-9,美浦 田村,496,-6,
202603010409,2026-04-19,福島,9,須賀川特別,芝,1200,右,晴,良,"1回 福島 4日目 サラ系４歳以上 １勝クラス       [指] 定量 16頭 本賞金:1140,460,290,170,114万円",16,1140.0,9,3,6,ラブリーガール,牝,4,56.0,武藤,68.3,ハナ,7,26.6,33.6,13-13,美浦 勢司,454,-2,
202603010409,2026-04-19,福島,9,須賀川特別,芝,1200,右,晴,良,"1回 福島 4日目 サラ系４歳以上 １勝クラス       [指] 定量 16頭 本賞金:1140,460,290,170,114万円",16,1140.0,10,6,12,ルージュナリッシュ,牝,4,56.0,石川,68.3,クビ,10,48.5,33.9,11-11,美浦 手塚徳,450,2,
202603010409,2026-04-19,福島,9,須賀川特別,芝,1200,右,晴,良,"1回 福島 4日目 サラ系４歳以上 １勝クラス       [指] 定量 16頭 本賞金:1140,460,290,170,114万円",16,1140.0,11,2,4,ウインラウダ,牡,5,58.0,菊沢,68.4,クビ,9,32.2,34.1,9-11,栗東 梅田,512,-6,
202603010409,2026-04-19,福島,9,須賀川特別,芝,1200,右,晴,良,"1回 福島 4日目 サラ系４歳以上 １勝クラス       [指] 定量 16頭 本賞金:1140,460,290,170,114万円",16,1140.0,12,5,10,アウクソー,牝,6,56.0,富田,68.4,クビ,12,69.4,34.5,4-5,栗東 平田,426,-8,
202603010409,2026-04-19,福島,9,須賀川特別,芝,1200,右,晴,良,"1回 福島 4日目 サラ系４歳以上 １勝クラス       [指] 定量 16頭 本賞金:1140,460,290,170,114万円",16,1140.0,13,4,7,クリノゴッホ,セ,6,58.0,大野,68.6,1.1/4,14,173.8,34.5,7-8,美浦 岩戸,464,0,
202603010409,2026-04-19,福島,9,須賀川特別,芝,1200,右,晴,良,"1回 福島 4日目 サラ系４歳以上 １勝クラス       [指] 定量 16頭 本賞金:1140,460,290,170,114万円",16,1140.0,14,7,13,シャインズオンユー,牡,5,58.0,松若,68.7,クビ,13,79.8,33.4,15-15,栗東 藤野,458,0,
202603010409,2026-04-19,福島,9,須賀川特別,芝,1200,右,晴,良,"1回 福島 4日目 サラ系４歳以上 １勝クラス       [指] 定量 16頭 本賞金:1140,460,290,170,114万円",16,1140.0,15,7,14,ミツカネリブラ,牡,4,58.0,西塚,68.8,1,16,314.4,34.0,13-13,美浦 清水英,482,2,
202603010409,2026-04-19,福島,9,須賀川特別,芝,1200,右,晴,良,"1回 福島 4日目 サラ系４歳以上 １勝クラス       [指] 定量 16頭 本賞金:1140,460,290,170,114万円",16,1140.0,16,2,3,デュアルアップ,牝,5,56.0,今村,69.3,2.1/2,15,199.9,34.0,15-16,美浦 高橋文,482,12,
202603010410,2026-04-19,福島,10,奥の細道特別,芝,2600,右,晴,良,"1回 福島 4日目 サラ系４歳以上 ２勝クラス       (混)(特指) 定量 13頭 本賞金:1580,630,400,240,158万円",13,1580.0,1,8,13,ドーバーブライト,牡,4,58.0,菊沢,157.6,,1,2.9,35.8,2-2-1-1,美浦 西田,524,-2,
202603010410,2026-04-19,福島,10,奥の細道特別,芝,2600,右,晴,良,"1回 福島 4日目 サラ系４歳以上 ２勝クラス       (混)(特指) 定量 13頭 本賞金:1580,630,400,240,158万円",13,1580.0,2,7,11,ラーシャローム,牡,4,58.0,石川,157.9,1.3/4,3,6.8,35.0,7-9-11-10,美浦 奥村武,472,-8,
202603010410,2026-04-19,福島,10,奥の細道特別,芝,2600,右,晴,良,"1回 福島 4日目 サラ系４歳以上 ２勝クラス       (混)(特指) 定量 13頭 本賞金:1580,630,400,240,158万円",13,1580.0,3,3,3,ベイラム,牡,4,58.0,富田,157.9,ハナ,2,5.2,35.8,11-10-4-3,栗東 武英,438,2,
202603010410,2026-04-19,福島,10,奥の細道特別,芝,2600,右,晴,良,"1回 福島 4日目 サラ系４歳以上 ２勝クラス       (混)(特指) 定量 13頭 本賞金:1580,630,400,240,158万円",13,1580.0,4,7,10,リアルファインド,牡,5,58.0,吉田隼,158.0,3/4,9,19.2,35.9,4-4-4-6,美浦 小笠,504,-24,
202603010410,2026-04-19,福島,10,奥の細道特別,芝,2600,右,晴,良,"1回 福島 4日目 サラ系４歳以上 ２勝クラス       (混)(特指) 定量 13頭 本賞金:1580,630,400,240,158万円",13,1580.0,5,4,5,スズカミエール,牝,5,56.0,川又,158.2,3/4,8,18.4,35.8,7-7-8-7,栗東 吉村,478,-2,
202603010410,2026-04-19,福島,10,奥の細道特別,芝,2600,右,晴,良,"1回 福島 4日目 サラ系４歳以上 ２勝クラス       (混)(特指) 定量 13頭 本賞金:1580,630,400,240,158万円",13,1580.0,6,5,7,ヴァイザーバルコ,セ,6,58.0,大野,158.2,アタマ,5,8.3,36.1,3-3-4-4,美浦 水野,470,-6,
202603010410,2026-04-19,福島,10,奥の細道特別,芝,2600,右,晴,良,"1回 福島 4日目 サラ系４歳以上 ２勝クラス       (混)(特指) 定量 13頭 本賞金:1580,630,400,240,158万円",13,1580.0,7,2,2,ビップチェイス,牡,5,58.0,杉原,158.4,1.1/2,6,12.5,36.6,9-7-2-2,美浦 田島,462,4,
202603010410,2026-04-19,福島,10,奥の細道特別,芝,2600,右,晴,良,"1回 福島 4日目 サラ系４歳以上 ２勝クラス       (混)(特指) 定量 13頭 本賞金:1580,630,400,240,158万円",13,1580.0,8,5,6,ウインマイルート,牡,7,58.0,丹内,158.5,クビ,7,14.5,36.1,6-6-8-7,美浦 鈴木慎,456,2,
202603010410,2026-04-19,福島,10,奥の細道特別,芝,2600,右,晴,良,"1回 福島 4日目 サラ系４歳以上 ２勝クラス       (混)(特指) 定量 13頭 本賞金:1580,630,400,240,158万円",13,1580.0,9,6,9,ビッグベルーガ,牡,6,58.0,田山,158.6,3/4,11,46.8,36.5,4-4-4-7,栗東 牧浦,478,0,
202603010410,2026-04-19,福島,10,奥の細道特別,芝,2600,右,晴,良,"1回 福島 4日目 サラ系４歳以上 ２勝クラス       (混)(特指) 定量 13頭 本賞金:1580,630,400,240,158万円",13,1580.0,10,1,1,ハイラント,セ,5,58.0,西塚,158.8,1.1/4,4,8.0,36.3,9-10-10-10,美浦 伊藤大,440,6,
202603010410,2026-04-19,福島,10,奥の細道特別,芝,2600,右,晴,良,"1回 福島 4日目 サラ系４歳以上 ２勝クラス       (混)(特指) 定量 13頭 本賞金:1580,630,400,240,158万円",13,1580.0,11,8,12,コリカンチャ,セ,4,58.0,亀田,159.0,1.1/4,10,42.6,36.0,13-13-12-12,栗東 井上,492,-12,
202603010410,2026-04-19,福島,10,奥の細道特別,芝,2600,右,晴,良,"1回 福島 4日目 サラ系４歳以上 ２勝クラス       (混)(特指) 定量 13頭 本賞金:1580,630,400,240,158万円",13,1580.0,12,4,4,バーケンヘッド,セ,4,58.0,石神道,160.0,6,12,65.6,36.8,11-12-13-13,美浦 武井,416,-16,
202603010410,2026-04-19,福島,10,奥の細道特別,芝,2600,右,晴,良,"1回 福島 4日目 サラ系４歳以上 ２勝クラス       (混)(特指) 定量 13頭 本賞金:1580,630,400,240,158万円",13,1580.0,13,6,8,アンテロース,牡,6,58.0,小沢,160.7,4,13,72.7,38.9,1-1-2-4,栗東 岡田,452,-14,
202603010411,2026-04-19,福島,11,福島牝馬S,芝,1800,右,晴,良,"1回 福島 4日目 サラ系４歳以上 オープン       (国際) 牝(指) 別定 16頭 本賞金:4000,1600,1000,600,400万円",16,4000.0,1,7,13,コガネノソラ,牝,5,55.0,菊沢,105.6,,9,29.2,34.1,10-10-9-7,美浦 菊沢,466,-6,
202603010411,2026-04-19,福島,11,福島牝馬S,芝,1800,右,晴,良,"1回 福島 4日目 サラ系４歳以上 オープン       (国際) 牝(指) 別定 16頭 本賞金:4000,1600,1000,600,400万円",16,4000.0,2,7,14,ジョイフルニュース,牝,4,55.0,大野,105.8,1.1/2,2,3.5,34.7,4-3-3-3,美浦 大竹,454,-6,
202603010411,2026-04-19,福島,11,福島牝馬S,芝,1800,右,晴,良,"1回 福島 4日目 サラ系４歳以上 オープン       (国際) 牝(指) 別定 16頭 本賞金:4000,1600,1000,600,400万円",16,4000.0,3,8,16,カニキュル,牝,5,55.0,杉原,105.8,ハナ,11,52.2,34.1,12-12-11-12,美浦 菊沢,512,-2,
202603010411,2026-04-19,福島,11,福島牝馬S,芝,1800,右,晴,良,"1回 福島 4日目 サラ系４歳以上 オープン       (国際) 牝(指) 別定 16頭 本賞金:4000,1600,1000,600,400万円",16,4000.0,4,6,11,ケリフレッドアスク,牝,4,57.0,西塚,105.9,クビ,10,35.5,34.0,16-16-14-14,栗東 藤原,452,-2,
202603010411,2026-04-19,福島,11,福島牝馬S,芝,1800,右,晴,良,"1回 福島 4日目 サラ系４歳以上 オープン       (国際) 牝(指) 別定 16頭 本賞金:4000,1600,1000,600,400万円",16,4000.0,5,8,15,テレサ,牝,4,55.0,松若,105.9,クビ,5,12.5,35.0,2-2-2-2,栗東 杉山晴,444,-2,
202603010411,2026-04-19,福島,11,福島牝馬S,芝,1800,右,晴,良,"1回 福島 4日目 サラ系４歳以上 オープン       (国際) 牝(指) 別定 16頭 本賞金:4000,1600,1000,600,400万円",16,4000.0,6,6,12,レーゼドラマ,牝,4,55.0,丸山,106.0,クビ,6,14.8,35.8,1-1-1-1,栗東 辻野,470,-6,
202603010411,2026-04-19,福島,11,福島牝馬S,芝,1800,右,晴,良,"1回 福島 4日目 サラ系４歳以上 オープン       (国際) 牝(指) 別定 16頭 本賞金:4000,1600,1000,600,400万円",16,4000.0,7,5,10,カネラフィーナ,牝,4,55.0,石川,106.0,クビ,3,7.5,34.8,6-6-5-4,美浦 手塚久,484,6,
202603010411,2026-04-19,福島,11,福島牝馬S,芝,1800,右,晴,良,"1回 福島 4日目 サラ系４歳以上 オープン       (国際) 牝(指) 別定 16頭 本賞金:4000,1600,1000,600,400万円",16,4000.0,8,2,3,パラディレーヌ,牝,4,55.0,丹内,106.1,クビ,1,2.9,34.4,14-14-11-12,栗東 千田,510,6,
202603010411,2026-04-19,福島,11,福島牝馬S,芝,1800,右,晴,良,"1回 福島 4日目 サラ系４歳以上 オープン       (国際) 牝(指) 別定 16頭 本賞金:4000,1600,1000,600,400万円",16,4000.0,9,3,5,パレハ,牝,5,55.0,田山,106.1,クビ,8,27.0,34.5,10-10-11-10,栗東 新谷,434,-6,
202603010411,2026-04-19,福島,11,福島牝馬S,芝,1800,右,晴,良,"1回 福島 4日目 サラ系４歳以上 オープン       (国際) 牝(指) 別定 16頭 本賞金:4000,1600,1000,600,400万円",16,4000.0,10,2,4,アンリーロード,牝,6,55.0,富田,106.1,クビ,16,177.7,33.9,14-14-16-16,栗東 茶木,482,2,
202603010411,2026-04-19,福島,11,福島牝馬S,芝,1800,右,晴,良,"1回 福島 4日目 サラ系４歳以上 オープン       (国際) 牝(指) 別定 16頭 本賞金:4000,1600,1000,600,400万円",16,4000.0,11,4,8,ブラウンラチェット,牝,4,55.0,武藤,106.6,3,12,70.7,35.4,3-3-5-4,美浦 手塚久,450,-4,
202603010411,2026-04-19,福島,11,福島牝馬S,芝,1800,右,晴,良,"1回 福島 4日目 サラ系４歳以上 オープン       (国際) 牝(指) 別定 16頭 本賞金:4000,1600,1000,600,400万円",16,4000.0,12,1,2,フィールシンパシー,牝,7,55.0,横山琉,106.9,2,13,72.7,35.5,6-6-7-7,美浦 小島,464,-4,
202603010411,2026-04-19,福島,11,福島牝馬S,芝,1800,右,晴,良,"1回 福島 4日目 サラ系４歳以上 オープン       (国際) 牝(指) 別定 16頭 本賞金:4000,1600,1000,600,400万円",16,4000.0,13,1,1,エラトー,牝,5,55.0,斎藤,106.9,ハナ,7,20.0,35.4,6-6-9-10,栗東 上村,496,6,
202603010411,2026-04-19,福島,11,福島牝馬S,芝,1800,右,晴,良,"1回 福島 4日目 サラ系４歳以上 オープン       (国際) 牝(指) 別定 16頭 本賞金:4000,1600,1000,600,400万円",16,4000.0,14,4,7,レディマリオン,牝,5,55.0,小沢,107.0,1/2,15,114.3,35.6,6-6-7-7,栗東 長谷川,452,-10,
202603010411,2026-04-19,福島,11,福島牝馬S,芝,1800,右,晴,良,"1回 福島 4日目 サラ系４歳以上 オープン       (国際) 牝(指) 別定 16頭 本賞金:4000,1600,1000,600,400万円",16,4000.0,15,5,9,コンドゥイア,牝,4,55.0,鷲頭,107.3,2,14,111.8,36.2,4-3-3-4,栗東 井上,484,-4,
202603010411,2026-04-19,福島,11,福島牝馬S,芝,1800,右,晴,良,"1回 福島 4日目 サラ系４歳以上 オープン       (国際) 牝(指) 別定 16頭 本賞金:4000,1600,1000,600,400万円",16,4000.0,16,3,6,ミッキーゴージャス,牝,6,55.0,横山典,107.4,クビ,4,8.1,35.4,12-12-14-15,栗東 安田,450,-6,
202603010412,2026-04-19,福島,12,4歳以上1勝クラス,ダ,1150,右,晴,良,"1回 福島 4日目 サラ系４歳以上 １勝クラス       [指] 定量 15頭 本賞金:820,330,210,120,82万円",15,820.0,1,4,6,キーガッツ,牡,4,58.0,斎藤,68.4,,2,4.3,37.0,2-1,栗東 杉山佳,472,8,
202603010412,2026-04-19,福島,12,4歳以上1勝クラス,ダ,1150,右,晴,良,"1回 福島 4日目 サラ系４歳以上 １勝クラス       [指] 定量 15頭 本賞金:820,330,210,120,82万円",15,820.0,2,2,3,ジーティームッシュ,牡,4,55.0,▲小林美,68.8,2.1/2,5,8.3,37.2,4-4,栗東 西村,428,-4,
202603010412,2026-04-19,福島,12,4歳以上1勝クラス,ダ,1150,右,晴,良,"1回 福島 4日目 サラ系４歳以上 １勝クラス       [指] 定量 15頭 本賞金:820,330,210,120,82万円",15,820.0,3,5,9,ミルミナーヴァ,牝,5,56.0,富田,68.8,クビ,1,2.7,37.4,2-2,栗東 橋田,484,-2,
202603010412,2026-04-19,福島,12,4歳以上1勝クラス,ダ,1150,右,晴,良,"1回 福島 4日目 サラ系４歳以上 １勝クラス       [指] 定量 15頭 本賞金:820,330,210,120,82万円",15,820.0,4,3,4,カツノテンス,牡,6,55.0,▲遠藤,69.0,3/4,8,35.6,37.1,7-6,美浦 伊藤伸,456,2,
202603010412,2026-04-19,福島,12,4歳以上1勝クラス,ダ,1150,右,晴,良,"1回 福島 4日目 サラ系４歳以上 １勝クラス       [指] 定量 15頭 本賞金:820,330,210,120,82万円",15,820.0,5,4,7,レイアポポ,牝,4,56.0,丹内,69.0,ハナ,4,6.7,36.9,9-6,美浦 青木,488,-8,
202603010412,2026-04-19,福島,12,4歳以上1勝クラス,ダ,1150,右,晴,良,"1回 福島 4日目 サラ系４歳以上 １勝クラス       [指] 定量 15頭 本賞金:820,330,210,120,82万円",15,820.0,6,8,15,ブルーリヴァーサル,牡,6,58.0,的場,69.2,1.1/4,15,406.6,36.0,14-14,美浦 的場,462,-2,
202603010412,2026-04-19,福島,12,4歳以上1勝クラス,ダ,1150,右,晴,良,"1回 福島 4日目 サラ系４歳以上 １勝クラス       [指] 定量 15頭 本賞金:820,330,210,120,82万円",15,820.0,7,1,1,グッドヴァイブス,牡,5,58.0,杉原,69.2,クビ,9,36.1,36.6,12-10,美浦 高柳瑞,486,4,
202603010412,2026-04-19,福島,12,4歳以上1勝クラス,ダ,1150,右,晴,良,"1回 福島 4日目 サラ系４歳以上 １勝クラス       [指] 定量 15頭 本賞金:820,330,210,120,82万円",15,820.0,8,6,11,カフジキアッキエレ,牝,6,56.0,松若,69.3,クビ,6,19.5,36.7,12-10,栗東 森田,436,0,
202603010412,2026-04-19,福島,12,4歳以上1勝クラス,ダ,1150,右,晴,良,"1回 福島 4日目 サラ系４歳以上 １勝クラス       [指] 定量 15頭 本賞金:820,330,210,120,82万円",15,820.0,9,8,14,ジャーニーメモリー,牡,6,56.0,△長浜,69.4,1/2,14,192.8,37.4,7-6,美浦 粕谷,472,-6,
202603010412,2026-04-19,福島,12,4歳以上1勝クラス,ダ,1150,右,晴,良,"1回 福島 4日目 サラ系４歳以上 １勝クラス       [指] 定量 15頭 本賞金:820,330,210,120,82万円",15,820.0,10,2,2,クリナッチ,牝,4,56.0,伊藤,69.4,アタマ,11,76.8,37.3,9-10,美浦 金成,458,-8,
202603010412,2026-04-19,福島,12,4歳以上1勝クラス,ダ,1150,右,晴,良,"1回 福島 4日目 サラ系４歳以上 １勝クラス       [指] 定量 15頭 本賞金:820,330,210,120,82万円",15,820.0,11,5,8,ウインドファルクス,セ,5,55.0,▲田山,69.5,3/4,10,59.6,37.3,9-10,美浦 畠山,498,0,
202603010412,2026-04-19,福島,12,4歳以上1勝クラス,ダ,1150,右,晴,良,"1回 福島 4日目 サラ系４歳以上 １勝クラス       [指] 定量 15頭 本賞金:820,330,210,120,82万円",15,820.0,12,3,5,イチトゼロノアイダ,牝,4,54.0,△舟山,69.6,クビ,3,5.3,38.3,1-2,栗東 石坂,482,-6,
202603010412,2026-04-19,福島,12,4歳以上1勝クラス,ダ,1150,右,晴,良,"1回 福島 4日目 サラ系４歳以上 １勝クラス       [指] 定量 15頭 本賞金:820,330,210,120,82万円",15,820.0,13,6,10,オコジュ,牝,6,56.0,江田照,69.8,1.1/4,12,109.0,38.1,4-4,美浦 矢嶋,470,-2,
202603010412,2026-04-19,福島,12,4歳以上1勝クラス,ダ,1150,右,晴,良,"1回 福島 4日目 サラ系４歳以上 １勝クラス       [指] 定量 15頭 本賞金:820,330,210,120,82万円",15,820.0,14,7,13,カルツァクライン,牡,5,56.0,◇永島,70.1,1.3/4,13,177.0,36.9,14-15,美浦 天間,466,2,
202603010412,2026-04-19,福島,12,4歳以上1勝クラス,ダ,1150,右,晴,良,"1回 福島 4日目 サラ系４歳以上 １勝クラス       [指] 定量 15頭 本賞金:820,330,210,120,82万円",15,820.0,15,7,12,ライヴドライバー,牡,4,54.0,★河原田,70.7,4,7,22.8,39.0,4-6,美浦 尾形,520,-16,
202606030801,2026-04-19,中山,1,3歳未勝利,ダ,1800,右,晴,良,"3回 中山 8日目 サラ系３歳 未勝利       牝[指] 馬齢 12頭 本賞金:590,240,150,89,59万円",12,590.0,1,5,6,ナムラハリス,牝,3,55.0,原,114.9,,6,22.7,38.0,2-2-2-2,栗東 宮地,426,4,
202606030801,2026-04-19,中山,1,3歳未勝利,ダ,1800,右,晴,良,"3回 中山 8日目 サラ系３歳 未勝利       牝[指] 馬齢 12頭 本賞金:590,240,150,89,59万円",12,590.0,2,4,4,ギンケイ,牝,3,55.0,荻野極,114.9,アタマ,1,1.5,37.8,3-3-3-3,美浦 中川,468,0,
202606030801,2026-04-19,中山,1,3歳未勝利,ダ,1800,右,晴,良,"3回 中山 8日目 サラ系３歳 未勝利       牝[指] 馬齢 12頭 本賞金:590,240,150,89,59万円",12,590.0,3,8,11,マーゴットガイア,牝,3,55.0,西村淳,115.0,クビ,2,4.2,38.2,1-1-1-1,栗東 石坂,482,6,
202606030801,2026-04-19,中山,1,3歳未勝利,ダ,1800,右,晴,良,"3回 中山 8日目 サラ系３歳 未勝利       牝[指] 馬齢 12頭 本賞金:590,240,150,89,59万円",12,590.0,4,7,10,トランセンコ,牝,3,55.0,小崎,115.8,5,7,44.8,38.6,5-3-3-4,美浦 松永康,442,-2,
202606030801,2026-04-19,中山,1,3歳未勝利,ダ,1800,右,晴,良,"3回 中山 8日目 サラ系３歳 未勝利       牝[指] 馬齢 12頭 本賞金:590,240,150,89,59万円",12,590.0,5,8,12,タートルインメイ,牝,3,55.0,嶋田,116.0,1,9,76.9,38.8,12-12-3-6,美浦 奥平,478,-4,
202606030801,2026-04-19,中山,1,3歳未勝利,ダ,1800,右,晴,良,"3回 中山 8日目 サラ系３歳 未勝利       牝[指] 馬齢 12頭 本賞金:590,240,150,89,59万円",12,590.0,6,1,1,ストーリーオブラブ,牝,3,55.0,小林脩,116.0,クビ,4,11.9,38.7,6-6-7-6,美浦 小野,424,-2,
202606030801,2026-04-19,中山,1,3歳未勝利,ダ,1800,右,晴,良,"3回 中山 8日目 サラ系３歳 未勝利       牝[指] 馬齢 12頭 本賞金:590,240,150,89,59万円",12,590.0,7,7,9,ウォータースパウト,牝,3,55.0,高杉,116.2,1.1/4,5,17.6,38.9,6-6-7-8,美浦 小笠,468,8,
202606030801,2026-04-19,中山,1,3歳未勝利,ダ,1800,右,晴,良,"3回 中山 8日目 サラ系３歳 未勝利       牝[指] 馬齢 12頭 本賞金:590,240,150,89,59万円",12,590.0,8,6,8,フィニステーレ,牝,3,55.0,岩田望,116.9,4,3,8.0,39.8,3-3-3-4,栗東 辻野,458,-4,
202606030801,2026-04-19,中山,1,3歳未勝利,ダ,1800,右,晴,良,"3回 中山 8日目 サラ系３歳 未勝利       牝[指] 馬齢 12頭 本賞金:590,240,150,89,59万円",12,590.0,9,5,5,エナクローム,牝,3,55.0,岩田康,117.9,6,11,199.3,40.2,10-10-10-10,栗東 吉田,446,12,
202606030801,2026-04-19,中山,1,3歳未勝利,ダ,1800,右,晴,良,"3回 中山 8日目 サラ系３歳 未勝利       牝[指] 馬齢 12頭 本賞金:590,240,150,89,59万円",12,590.0,10,2,2,サツキジュエル,牝,3,55.0,丸田,118.8,5,12,226.8,41.3,8-8-9-9,美浦 石栗,428,-8,
202606030801,2026-04-19,中山,1,3歳未勝利,ダ,1800,右,晴,良,"3回 中山 8日目 サラ系３歳 未勝利       牝[指] 馬齢 12頭 本賞金:590,240,150,89,59万円",12,590.0,11,3,3,ノーチェ,牝,3,55.0,木幡巧,119.4,3.1/2,10,85.2,41.7,9-9-10-12,美浦 加藤士,494,-6,
202606030801,2026-04-19,中山,1,3歳未勝利,ダ,1800,右,晴,良,"3回 中山 8日目 サラ系３歳 未勝利       牝[指] 馬齢 12頭 本賞金:590,240,150,89,59万円",12,590.0,12,6,7,ワインレッドハート,牝,3,55.0,松岡,120.1,4,8,51.4,42.5,11-10-10-10,美浦 戸田,488,0,
202606030802,2026-04-19,中山,2,3歳未勝利,ダ,1200,右,晴,良,"3回 中山 8日目 サラ系３歳 未勝利       [指] 馬齢 16頭 本賞金:590,240,150,89,59万円",16,590.0,1,7,13,ソニックブレイカー,牡,3,57.0,横山武,71.0,,3,4.1,37.0,1-1,美浦 稲垣,430,-6,
202606030802,2026-04-19,中山,2,3歳未勝利,ダ,1200,右,晴,良,"3回 中山 8日目 サラ系３歳 未勝利       [指] 馬齢 16頭 本賞金:590,240,150,89,59万円",16,590.0,2,7,14,エリンフレーム,牝,3,55.0,石橋脩,71.9,5,9,57.0,37.5,4-4,美浦 清水英,456,6,
202606030802,2026-04-19,中山,2,3歳未勝利,ダ,1200,右,晴,良,"3回 中山 8日目 サラ系３歳 未勝利       [指] 馬齢 16頭 本賞金:590,240,150,89,59万円",16,590.0,3,5,9,ショコラキュイ,牡,3,57.0,戸崎圭,72.1,1,2,3.3,37.4,5-6,美浦 森一,496,6,
202606030802,2026-04-19,中山,2,3歳未勝利,ダ,1200,右,晴,良,"3回 中山 8日目 サラ系３歳 未勝利       [指] 馬齢 16頭 本賞金:590,240,150,89,59万円",16,590.0,4,6,12,フルールサシェ,牡,3,57.0,ディー,72.3,1.1/4,4,6.9,38.0,2-2,美浦 水野,476,6,
202606030802,2026-04-19,中山,2,3歳未勝利,ダ,1200,右,晴,良,"3回 中山 8日目 サラ系３歳 未勝利       [指] 馬齢 16頭 本賞金:590,240,150,89,59万円",16,590.0,5,3,6,カンノンミッキー,牡,3,57.0,木幡巧,72.3,クビ,1,2.8,37.0,10-8,美浦 手塚徳,470,4,
202606030802,2026-04-19,中山,2,3歳未勝利,ダ,1200,右,晴,良,"3回 中山 8日目 サラ系３歳 未勝利       [指] 馬齢 16頭 本賞金:590,240,150,89,59万円",16,590.0,6,4,8,ピュアクローム,牡,3,57.0,吉田豊,72.5,1.1/4,11,122.2,36.8,13-12,美浦 小手川,422,0,
202606030802,2026-04-19,中山,2,3歳未勝利,ダ,1200,右,晴,良,"3回 中山 8日目 サラ系３歳 未勝利       [指] 馬齢 16頭 本賞金:590,240,150,89,59万円",16,590.0,7,2,3,セイカユウヒ,牡,3,57.0,丸田,73.0,3,7,28.5,37.7,10-8,美浦 石栗,412,0,
202606030802,2026-04-19,中山,2,3歳未勝利,ダ,1200,右,晴,良,"3回 中山 8日目 サラ系３歳 未勝利       [指] 馬齢 16頭 本賞金:590,240,150,89,59万円",16,590.0,8,5,10,ディーズメンフィス,牝,3,55.0,横山和,73.1,1/2,5,14.4,38.4,5-4,美浦 村田,476,0,
202606030802,2026-04-19,中山,2,3歳未勝利,ダ,1200,右,晴,良,"3回 中山 8日目 サラ系３歳 未勝利       [指] 馬齢 16頭 本賞金:590,240,150,89,59万円",16,590.0,9,2,4,カウガールハット,牝,3,51.0,★谷原,73.1,ハナ,12,140.4,37.3,14-14,美浦 小野,458,0,
202606030802,2026-04-19,中山,2,3歳未勝利,ダ,1200,右,晴,良,"3回 中山 8日目 サラ系３歳 未勝利       [指] 馬齢 16頭 本賞金:590,240,150,89,59万円",16,590.0,10,6,11,モロノラピド,牡,3,57.0,三浦,73.2,1/2,13,157.9,37.7,12-13,美浦 田中勝,478,0,
202606030802,2026-04-19,中山,2,3歳未勝利,ダ,1200,右,晴,良,"3回 中山 8日目 サラ系３歳 未勝利       [指] 馬齢 16頭 本賞金:590,240,150,89,59万円",16,590.0,11,1,2,ハタノグランクリュ,セ,3,57.0,柴田大,73.2,アタマ,6,27.8,38.3,8-7,美浦 畠山,462,8,
202606030802,2026-04-19,中山,2,3歳未勝利,ダ,1200,右,晴,良,"3回 中山 8日目 サラ系３歳 未勝利       [指] 馬齢 16頭 本賞金:590,240,150,89,59万円",16,590.0,12,3,5,ステキサプライズ,牡,3,57.0,原,73.3,1/2,8,42.7,38.4,8-8,美浦 粕谷,420,-8,
202606030802,2026-04-19,中山,2,3歳未勝利,ダ,1200,右,晴,良,"3回 中山 8日目 サラ系３歳 未勝利       [指] 馬齢 16頭 本賞金:590,240,150,89,59万円",16,590.0,13,4,7,ダイユウレゾナンス,牝,3,55.0,小崎,73.6,1.3/4,15,468.4,37.4,15-15,美浦 松永康,440,4,
202606030802,2026-04-19,中山,2,3歳未勝利,ダ,1200,右,晴,良,"3回 中山 8日目 サラ系３歳 未勝利       [指] 馬齢 16頭 本賞金:590,240,150,89,59万円",16,590.0,14,8,16,ケイベエ,牡,3,57.0,松岡,73.8,1.1/4,10,106.2,39.5,2-3,美浦 杉浦,456,2,
202606030802,2026-04-19,中山,2,3歳未勝利,ダ,1200,右,晴,良,"3回 中山 8日目 サラ系３歳 未勝利       [指] 馬齢 16頭 本賞金:590,240,150,89,59万円",16,590.0,15,8,15,ベルテオドーラ,牝,3,55.0,嶋田,74.3,2.1/2,16,478.3,39.6,5-8,美浦 尾形,420,2,
202606030802,2026-04-19,中山,2,3歳未勝利,ダ,1200,右,晴,良,"3回 中山 8日目 サラ系３歳 未勝利       [指] 馬齢 16頭 本賞金:590,240,150,89,59万円",16,590.0,16,1,1,ニシノヤングキング,セ,3,57.0,原田和,125.9,大,14,208.3,127.6,16-16,美浦 萱野,488,0,
202606030803,2026-04-19,中山,3,3歳未勝利,ダ,1800,右,晴,良,"3回 中山 8日目 サラ系３歳 未勝利       (混)[指] 馬齢 14頭 本賞金:590,240,150,89,59万円",14,590.0,1,7,12,ジューンセクレタ,牡,3,57.0,横山武,113.5,,1,2.8,39.2,1-1-1-1,栗東 武英,516,2,
202606030803,2026-04-19,中山,3,3歳未勝利,ダ,1800,右,晴,良,"3回 中山 8日目 サラ系３歳 未勝利       (混)[指] 馬齢 14頭 本賞金:590,240,150,89,59万円",14,590.0,2,5,8,アンシュウマト,牡,3,57.0,三浦,114.2,4,4,6.0,39.4,8-7-4-3,美浦 中川,452,8,
202606030803,2026-04-19,中山,3,3歳未勝利,ダ,1800,右,晴,良,"3回 中山 8日目 サラ系３歳 未勝利       (混)[指] 馬齢 14頭 本賞金:590,240,150,89,59万円",14,590.0,3,6,10,アオイミズホ,牡,3,57.0,岩田望,115.5,8,3,6.0,41.1,2-2-2-2,美浦 古賀慎,516,-6,
202606030803,2026-04-19,中山,3,3歳未勝利,ダ,1800,右,晴,良,"3回 中山 8日目 サラ系３歳 未勝利       (混)[指] 馬齢 14頭 本賞金:590,240,150,89,59万円",14,590.0,4,2,2,ガーディアンテイル,牡,3,57.0,岩田康,115.7,1,5,8.6,41.1,3-3-3-3,美浦 小手川,510,-2,
202606030803,2026-04-19,中山,3,3歳未勝利,ダ,1800,右,晴,良,"3回 中山 8日目 サラ系３歳 未勝利       (混)[指] 馬齢 14頭 本賞金:590,240,150,89,59万円",14,590.0,5,4,6,ウインガネーシャ,牡,3,57.0,木幡巧,115.7,アタマ,10,96.9,40.5,10-9-7-5,美浦 高木,470,-2,
202606030803,2026-04-19,中山,3,3歳未勝利,ダ,1800,右,晴,良,"3回 中山 8日目 サラ系３歳 未勝利       (混)[指] 馬齢 14頭 本賞金:590,240,150,89,59万円",14,590.0,6,6,9,トップデュオ,牡,3,57.0,荻野極,115.8,クビ,6,12.2,40.6,7-7-7-7,美浦 尾関,444,-6,
202606030803,2026-04-19,中山,3,3歳未勝利,ダ,1800,右,晴,良,"3回 中山 8日目 サラ系３歳 未勝利       (混)[指] 馬齢 14頭 本賞金:590,240,150,89,59万円",14,590.0,7,4,5,マテンロウアワー,牡,3,57.0,川田,116.0,1.1/4,2,3.3,41.1,5-5-6-6,栗東 福永,524,4,
202606030803,2026-04-19,中山,3,3歳未勝利,ダ,1800,右,晴,良,"3回 中山 8日目 サラ系３歳 未勝利       (混)[指] 馬齢 14頭 本賞金:590,240,150,89,59万円",14,590.0,8,1,1,パワポケグッド,牡,3,57.0,小林凌,116.4,2.1/2,12,170.4,40.5,14-13-13-9,美浦 大和田,434,4,
202606030803,2026-04-19,中山,3,3歳未勝利,ダ,1800,右,晴,良,"3回 中山 8日目 サラ系３歳 未勝利       (混)[指] 馬齢 14頭 本賞金:590,240,150,89,59万円",14,590.0,9,7,11,カミノテイオー,牡,3,57.0,小林脩,116.5,クビ,14,505.6,40.9,11-11-11-12,美浦 奥平,474,-4,
202606030803,2026-04-19,中山,3,3歳未勝利,ダ,1800,右,晴,良,"3回 中山 8日目 サラ系３歳 未勝利       (混)[指] 馬齢 14頭 本賞金:590,240,150,89,59万円",14,590.0,10,8,14,キョウエイシュバル,牡,3,57.0,丸田,116.5,クビ,11,126.3,41.1,9-9-10-9,美浦 萱野,476,-4,
202606030803,2026-04-19,中山,3,3歳未勝利,ダ,1800,右,晴,良,"3回 中山 8日目 サラ系３歳 未勝利       (混)[指] 馬齢 14頭 本賞金:590,240,150,89,59万円",14,590.0,11,3,4,ブルースパーダ,牡,3,57.0,原,117.4,5,9,84.3,41.7,12-12-11-13,美浦 矢野,486,4,
202606030803,2026-04-19,中山,3,3歳未勝利,ダ,1800,右,晴,良,"3回 中山 8日目 サラ系３歳 未勝利       (混)[指] 馬齢 14頭 本賞金:590,240,150,89,59万円",14,590.0,12,3,3,チェストー,牡,3,57.0,団野,117.6,3/4,8,77.2,42.4,5-5-7-9,美浦 高橋文,452,4,
202606030803,2026-04-19,中山,3,3歳未勝利,ダ,1800,右,晴,良,"3回 中山 8日目 サラ系３歳 未勝利       (混)[指] 馬齢 14頭 本賞金:590,240,150,89,59万円",14,590.0,13,5,7,アレステソーロ,牡,3,57.0,柴田大,117.8,1,7,58.8,43.0,3-4-4-7,美浦 田中剛,472,-6,
202606030803,2026-04-19,中山,3,3歳未勝利,ダ,1800,右,晴,良,"3回 中山 8日目 サラ系３歳 未勝利       (混)[指] 馬齢 14頭 本賞金:590,240,150,89,59万円",14,590.0,14,8,13,ニシノカーロ,牡,3,57.0,原田和,118.9,7,13,280.9,43.0,13-13-13-14,美浦 上原博,464,-8,
202606030804,2026-04-19,中山,4,3歳未勝利,芝,2000,右,晴,良,"3回 中山 8日目 サラ系３歳 未勝利       (混)[指] 馬齢 16頭 本賞金:590,240,150,89,59万円",16,590.0,1,4,8,ウェイクフィールド,牡,3,57.0,横山和,120.4,,3,4.5,35.2,2-2-2-1,美浦 嘉藤,486,4,
202606030804,2026-04-19,中山,4,3歳未勝利,芝,2000,右,晴,良,"3回 中山 8日目 サラ系３歳 未勝利       (混)[指] 馬齢 16頭 本賞金:590,240,150,89,59万円",16,590.0,2,2,4,アッシズオブローズ,牝,3,55.0,岩田望,120.5,3/4,5,16.4,35.1,4-4-4-4,美浦 尾関,468,-4,
202606030804,2026-04-19,中山,4,3歳未勝利,芝,2000,右,晴,良,"3回 中山 8日目 サラ系３歳 未勝利       (混)[指] 馬齢 16頭 本賞金:590,240,150,89,59万円",16,590.0,3,5,10,レッドレガリア,牡,3,57.0,ルメー,120.6,1/2,1,2.4,35.1,6-6-5-4,美浦 木村,520,-2,
202606030804,2026-04-19,中山,4,3歳未勝利,芝,2000,右,晴,良,"3回 中山 8日目 サラ系３歳 未勝利       (混)[指] 馬齢 16頭 本賞金:590,240,150,89,59万円",16,590.0,4,5,9,ミナヅキ,牡,3,57.0,石橋脩,120.8,1.1/2,4,7.3,35.5,4-4-3-2,美浦 清水英,454,-8,
202606030804,2026-04-19,中山,4,3歳未勝利,芝,2000,右,晴,良,"3回 中山 8日目 サラ系３歳 未勝利       (混)[指] 馬齢 16頭 本賞金:590,240,150,89,59万円",16,590.0,5,1,2,ケナゲ,牝,3,55.0,柴田大,121.0,1.1/4,13,390.1,34.9,9-9-9-10,美浦 和田雄,440,-14,
202606030804,2026-04-19,中山,4,3歳未勝利,芝,2000,右,晴,良,"3回 中山 8日目 サラ系３歳 未勝利       (混)[指] 馬齢 16頭 本賞金:590,240,150,89,59万円",16,590.0,6,3,5,インドミタビリティ,牡,3,57.0,西村淳,121.1,クビ,2,2.7,35.3,9-9-7-7,栗東 杉山晴,542,-2,
202606030804,2026-04-19,中山,4,3歳未勝利,芝,2000,右,晴,良,"3回 中山 8日目 サラ系３歳 未勝利       (混)[指] 馬齢 16頭 本賞金:590,240,150,89,59万円",16,590.0,7,8,15,ローレルクラウン,牡,3,57.0,小崎,121.4,1.1/2,14,467.8,36.2,2-2-1-2,美浦 松尾,494,-2,
202606030804,2026-04-19,中山,4,3歳未勝利,芝,2000,右,晴,良,"3回 中山 8日目 サラ系３歳 未勝利       (混)[指] 馬齢 16頭 本賞金:590,240,150,89,59万円",16,590.0,8,1,1,アリストクラット,牝,3,55.0,木幡初,121.4,アタマ,15,499.1,35.5,6-6-7-8,美浦 田島,376,0,
202606030804,2026-04-19,中山,4,3歳未勝利,芝,2000,右,晴,良,"3回 中山 8日目 サラ系３歳 未勝利       (混)[指] 馬齢 16頭 本賞金:590,240,150,89,59万円",16,590.0,9,4,7,タケショウカイザー,牡,3,57.0,岩田康,121.4,ハナ,8,164.9,34.6,15-15-13-12,美浦 奥村武,454,-4,
202606030804,2026-04-19,中山,4,3歳未勝利,芝,2000,右,晴,良,"3回 中山 8日目 サラ系３歳 未勝利       (混)[指] 馬齢 16頭 本賞金:590,240,150,89,59万円",16,590.0,10,6,12,デルマノリクラ,牡,3,57.0,木幡巧,121.5,3/4,16,533.6,35.1,12-11-11-11,美浦 勢司,482,-2,
202606030804,2026-04-19,中山,4,3歳未勝利,芝,2000,右,晴,良,"3回 中山 8日目 サラ系３歳 未勝利       (混)[指] 馬齢 16頭 本賞金:590,240,150,89,59万円",16,590.0,11,8,16,レディトゥアタック,牡,3,57.0,高杉,121.5,クビ,10,240.3,34.9,12-13-12-12,栗東 清水久,538,2,
202606030804,2026-04-19,中山,4,3歳未勝利,芝,2000,右,晴,良,"3回 中山 8日目 サラ系３歳 未勝利       (混)[指] 馬齢 16頭 本賞金:590,240,150,89,59万円",16,590.0,12,2,3,ホープフルワールド,牡,3,57.0,原,122.3,5,6,35.5,36.8,1-1-5-4,美浦 伊藤大,448,2,
202606030804,2026-04-19,中山,4,3歳未勝利,芝,2000,右,晴,良,"3回 中山 8日目 サラ系３歳 未勝利       (混)[指] 馬齢 16頭 本賞金:590,240,150,89,59万円",16,590.0,13,7,13,ヒコボシ,牡,3,57.0,ディー,123.0,4,12,310.5,36.9,9-11-9-8,美浦 田村,404,-2,
202606030804,2026-04-19,中山,4,3歳未勝利,芝,2000,右,晴,良,"3回 中山 8日目 サラ系３歳 未勝利       (混)[指] 馬齢 16頭 本賞金:590,240,150,89,59万円",16,590.0,14,3,6,ルールオーヴァー,牡,3,57.0,丸田,123.0,アタマ,7,84.5,35.8,16-16-15-14,美浦 尾関,462,0,
202606030804,2026-04-19,中山,4,3歳未勝利,芝,2000,右,晴,良,"3回 中山 8日目 サラ系３歳 未勝利       (混)[指] 馬齢 16頭 本賞金:590,240,150,89,59万円",16,590.0,15,6,11,モメンタムシフト,牡,3,57.0,菅原隆,124.3,8,9,239.1,36.4,12-14-16-16,美浦 鈴木慎,494,4,
202606030804,2026-04-19,中山,4,3歳未勝利,芝,2000,右,晴,良,"3回 中山 8日目 サラ系３歳 未勝利       (混)[指] 馬齢 16頭 本賞金:590,240,150,89,59万円",16,590.0,16,7,14,ダイビングキャッチ,セ,3,57.0,団野,127.2,大,11,305.0,40.4,6-6-13-15,美浦 田中剛,486,0,
202606030805,2026-04-19,中山,5,3歳1勝クラス,芝,1600,右,晴,良,"3回 中山 8日目 サラ系３歳 １勝クラス       (混)[指] 馬齢 10頭 本賞金:820,330,210,120,82万円",10,820.0,1,7,7,マーゴットブロー,牡,3,57.0,武豊,93.0,,2,2.8,34.2,3-3-2,美浦 伊坂,510,0,
202606030805,2026-04-19,中山,5,3歳1勝クラス,芝,1600,右,晴,良,"3回 中山 8日目 サラ系３歳 １勝クラス       (混)[指] 馬齢 10頭 本賞金:820,330,210,120,82万円",10,820.0,2,2,2,ウィングブルー,牝,3,55.0,三浦,93.3,2,3,6.1,34.8,1-1-1,美浦 斎藤誠,494,-2,
202606030805,2026-04-19,中山,5,3歳1勝クラス,芝,1600,右,晴,良,"3回 中山 8日目 サラ系３歳 １勝クラス       (混)[指] 馬齢 10頭 本賞金:820,330,210,120,82万円",10,820.0,3,4,4,ヘクセンハウス,牝,3,55.0,津村,93.3,アタマ,5,47.2,34.3,4-4-4,栗東 吉田,416,6,
202606030805,2026-04-19,中山,5,3歳1勝クラス,芝,1600,右,晴,良,"3回 中山 8日目 サラ系３歳 １勝クラス       (混)[指] 馬齢 10頭 本賞金:820,330,210,120,82万円",10,820.0,4,7,8,フレンドモナコ,牡,3,53.0,★谷原,93.6,1.3/4,6,109.2,34.5,4-5-5,美浦 加藤和,412,-2,
202606030805,2026-04-19,中山,5,3歳1勝クラス,芝,1600,右,晴,良,"3回 中山 8日目 サラ系３歳 １勝クラス       (混)[指] 馬齢 10頭 本賞金:820,330,210,120,82万円",10,820.0,5,3,3,ルージュブリッツ,牝,3,55.0,横山和,93.9,2,4,18.5,35.2,2-2-2,美浦 古賀慎,424,-14,
202606030805,2026-04-19,中山,5,3歳1勝クラス,芝,1600,右,晴,良,"3回 中山 8日目 サラ系３歳 １勝クラス       (混)[指] 馬齢 10頭 本賞金:820,330,210,120,82万円",10,820.0,6,8,10,ヘイマー,牡,3,57.0,松岡,94.4,2.1/2,7,111.9,34.9,9-8-7,美浦 伊藤伸,508,0,
202606030805,2026-04-19,中山,5,3歳1勝クラス,芝,1600,右,晴,良,"3回 中山 8日目 サラ系３歳 １勝クラス       (混)[指] 馬齢 10頭 本賞金:820,330,210,120,82万円",10,820.0,7,1,1,フクスケ,牡,3,57.0,木幡初,94.6,1.1/4,9,266.2,35.2,4-6-7,美浦 杉浦,444,2,
202606030805,2026-04-19,中山,5,3歳1勝クラス,芝,1600,右,晴,良,"3回 中山 8日目 サラ系３歳 １勝クラス       (混)[指] 馬齢 10頭 本賞金:820,330,210,120,82万円",10,820.0,8,8,9,グリオンヴール,牡,3,57.0,ルメー,94.6,ハナ,1,1.5,35.2,7-6-6,美浦 宮田,482,0,
202606030805,2026-04-19,中山,5,3歳1勝クラス,芝,1600,右,晴,良,"3回 中山 8日目 サラ系３歳 １勝クラス       (混)[指] 馬齢 10頭 本賞金:820,330,210,120,82万円",10,820.0,9,6,6,ブレイブキトゥン,牝,3,55.0,小林凌,94.7,3/4,8,261.2,34.9,9-10-9,美浦 尾形,430,-2,
202606030805,2026-04-19,中山,5,3歳1勝クラス,芝,1600,右,晴,良,"3回 中山 8日目 サラ系３歳 １勝クラス       (混)[指] 馬齢 10頭 本賞金:820,330,210,120,82万円",10,820.0,10,5,5,サマースプラッシュ,牝,3,55.0,丸田,97.1,大,10,281.7,37.5,7-8-9,美浦 石栗,494,10,
202606030806,2026-04-19,中山,6,3歳1勝クラス,ダ,1800,右,晴,良,"3回 中山 8日目 サラ系３歳 １勝クラス       (混)[指] 馬齢 6頭 本賞金:820,330,210,120,82万円",6,820.0,1,4,4,イッテラッシャイ,牡,3,57.0,戸崎圭,110.8,,2,2.2,37.1,1-1-1-1,美浦 斎藤誠,496,-2,
202606030806,2026-04-19,中山,6,3歳1勝クラス,ダ,1800,右,晴,良,"3回 中山 8日目 サラ系３歳 １勝クラス       (混)[指] 馬齢 6頭 本賞金:820,330,210,120,82万円",6,820.0,2,5,5,ルーナディサングエ,牡,3,57.0,菅原隆,112.1,8,6,65.3,38.2,2-2-2-2,美浦 天間,464,-2,
202606030806,2026-04-19,中山,6,3歳1勝クラス,ダ,1800,右,晴,良,"3回 中山 8日目 サラ系３歳 １勝クラス       (混)[指] 馬齢 6頭 本賞金:820,330,210,120,82万円",6,820.0,3,1,1,ショウナンパトス,牡,3,57.0,岩田望,113.3,7,4,10.6,39.1,3-3-3-3,美浦 中舘,452,0,
202606030806,2026-04-19,中山,6,3歳1勝クラス,ダ,1800,右,晴,良,"3回 中山 8日目 サラ系３歳 １勝クラス       (混)[指] 馬齢 6頭 本賞金:820,330,210,120,82万円",6,820.0,4,3,3,イナズマダイモン,牡,3,57.0,ルメー,113.4,3/4,1,1.7,39.3,3-3-3-4,美浦 宮田,510,0,
202606030806,2026-04-19,中山,6,3歳1勝クラス,ダ,1800,右,晴,良,"3回 中山 8日目 サラ系３歳 １勝クラス       (混)[指] 馬齢 6頭 本賞金:820,330,210,120,82万円",6,820.0,5,2,2,ピュアエンブレム,牝,3,55.0,岩田康,113.5,クビ,5,44.3,38.7,6-6-6-6,美浦 小手川,488,-10,
202606030806,2026-04-19,中山,6,3歳1勝クラス,ダ,1800,右,晴,良,"3回 中山 8日目 サラ系３歳 １勝クラス       (混)[指] 馬齢 6頭 本賞金:820,330,210,120,82万円",6,820.0,6,6,6,ファイタージェット,牡,3,57.0,津村,113.5,クビ,3,9.8,39.2,5-5-5-5,美浦 林,508,12,
202606030807,2026-04-19,中山,7,4歳以上1勝クラス,ダ,1200,右,晴,良,"3回 中山 8日目 サラ系４歳以上 １勝クラス       (混)[指] 定量 13頭 本賞金:820,330,210,120,82万円",13,820.0,1,8,13,サヨノジャンボリー,牡,4,58.0,高杉,70.7,,4,11.9,36.7,2-2,美浦 小笠,474,-2,
202606030807,2026-04-19,中山,7,4歳以上1勝クラス,ダ,1200,右,晴,良,"3回 中山 8日目 サラ系４歳以上 １勝クラス       (混)[指] 定量 13頭 本賞金:820,330,210,120,82万円",13,820.0,2,4,4,チェルシー,牝,5,56.0,原,71.2,3,7,20.6,37.6,1-1,美浦 中舘,442,0,
202606030807,2026-04-19,中山,7,4歳以上1勝クラス,ダ,1200,右,晴,良,"3回 中山 8日目 サラ系４歳以上 １勝クラス       (混)[指] 定量 13頭 本賞金:820,330,210,120,82万円",13,820.0,3,3,3,アースミューズ,牝,4,56.0,松岡,71.4,1,6,15.1,37.1,3-3,美浦 粕谷,452,-2,
202606030807,2026-04-19,中山,7,4歳以上1勝クラス,ダ,1200,右,晴,良,"3回 中山 8日目 サラ系４歳以上 １勝クラス       (混)[指] 定量 13頭 本賞金:820,330,210,120,82万円",13,820.0,4,6,9,カサブランカキッド,牡,6,58.0,岩田康,71.5,1,10,57.3,36.6,11-8,美浦 和田勇,524,4,
202606030807,2026-04-19,中山,7,4歳以上1勝クラス,ダ,1200,右,晴,良,"3回 中山 8日目 サラ系４歳以上 １勝クラス       (混)[指] 定量 13頭 本賞金:820,330,210,120,82万円",13,820.0,5,2,2,アツキヤマト,牡,5,58.0,小林凌,71.6,クビ,2,3.9,37.0,7-5,美浦 手塚徳,508,0,
202606030807,2026-04-19,中山,7,4歳以上1勝クラス,ダ,1200,右,晴,良,"3回 中山 8日目 サラ系４歳以上 １勝クラス       (混)[指] 定量 13頭 本賞金:820,330,210,120,82万円",13,820.0,6,8,12,トウタツ,牡,4,58.0,佐々木,71.6,クビ,3,6.2,37.3,3-4,美浦 小手川,510,6,
202606030807,2026-04-19,中山,7,4歳以上1勝クラス,ダ,1200,右,晴,良,"3回 中山 8日目 サラ系４歳以上 １勝クラス       (混)[指] 定量 13頭 本賞金:820,330,210,120,82万円",13,820.0,7,7,11,プルシャプラ,牡,4,58.0,三浦,71.8,3/4,8,23.2,37.3,5-5,美浦 池上,512,-6,
202606030807,2026-04-19,中山,7,4歳以上1勝クラス,ダ,1200,右,晴,良,"3回 中山 8日目 サラ系４歳以上 １勝クラス       (混)[指] 定量 13頭 本賞金:820,330,210,120,82万円",13,820.0,8,5,6,エフエイト,牡,5,58.0,横山武,71.8,アタマ,5,13.1,37.0,9-8,美浦 小野,444,2,
202606030807,2026-04-19,中山,7,4歳以上1勝クラス,ダ,1200,右,晴,良,"3回 中山 8日目 サラ系４歳以上 １勝クラス       (混)[指] 定量 13頭 本賞金:820,330,210,120,82万円",13,820.0,9,7,10,ブリッツアロング,牡,4,58.0,木幡巧,71.8,クビ,11,81.3,37.1,7-8,美浦 上原博,504,-2,
202606030807,2026-04-19,中山,7,4歳以上1勝クラス,ダ,1200,右,晴,良,"3回 中山 8日目 サラ系４歳以上 １勝クラス       (混)[指] 定量 13頭 本賞金:820,330,210,120,82万円",13,820.0,10,5,7,リッキースタイル,牡,4,58.0,荻野極,72.0,3/4,1,2.2,37.2,9-8,美浦 水野,490,-2,
202606030807,2026-04-19,中山,7,4歳以上1勝クラス,ダ,1200,右,晴,良,"3回 中山 8日目 サラ系４歳以上 １勝クラス       (混)[指] 定量 13頭 本賞金:820,330,210,120,82万円",13,820.0,11,1,1,サイモンプレジール,牡,5,58.0,丸田,72.1,1/2,13,266.2,36.6,13-13,美浦 加藤和,482,-6,
202606030807,2026-04-19,中山,7,4歳以上1勝クラス,ダ,1200,右,晴,良,"3回 中山 8日目 サラ系４歳以上 １勝クラス       (混)[指] 定量 13頭 本賞金:820,330,210,120,82万円",13,820.0,12,4,5,リッチハンター,牡,6,58.0,木幡初,72.1,クビ,12,145.0,37.6,5-5,美浦 本間,500,-2,
202606030807,2026-04-19,中山,7,4歳以上1勝クラス,ダ,1200,右,晴,良,"3回 中山 8日目 サラ系４歳以上 １勝クラス       (混)[指] 定量 13頭 本賞金:820,330,210,120,82万円",13,820.0,13,6,8,スマートフランキー,牡,4,58.0,吉田豊,72.1,アタマ,9,37.5,36.7,12-12,美浦 高橋文,508,4,
202606030808,2026-04-19,中山,8,利根川特別,ダ,1800,右,晴,良,"3回 中山 8日目 サラ系４歳以上 ２勝クラス       (混)[指] 定量 12頭 本賞金:1580,630,400,240,158万円",12,1580.0,1,7,9,サノノワンダー,牡,4,58.0,戸崎圭,113.0,,1,2.3,37.9,6-6-2-2,美浦 栗田,520,-8,
202606030808,2026-04-19,中山,8,利根川特別,ダ,1800,右,晴,良,"3回 中山 8日目 サラ系４歳以上 ２勝クラス       (混)[指] 定量 12頭 本賞金:1580,630,400,240,158万円",12,1580.0,2,3,3,ケイアイアルタイル,牡,5,58.0,松山,113.1,クビ,9,34.9,38.1,1-1-1-1,栗東 梅田,532,2,
202606030808,2026-04-19,中山,8,利根川特別,ダ,1800,右,晴,良,"3回 中山 8日目 サラ系４歳以上 ２勝クラス       (混)[指] 定量 12頭 本賞金:1580,630,400,240,158万円",12,1580.0,3,4,4,ドゥマーヴェリック,牡,4,58.0,坂井,113.1,クビ,4,7.1,37.8,2-2-3-2,美浦 萩原,466,-2,
202606030808,2026-04-19,中山,8,利根川特別,ダ,1800,右,晴,良,"3回 中山 8日目 サラ系４歳以上 ２勝クラス       (混)[指] 定量 12頭 本賞金:1580,630,400,240,158万円",12,1580.0,4,8,12,ドゥラエテルノ,牡,4,58.0,武豊,113.4,1.3/4,3,6.5,37.9,10-10-6-6,栗東 武幸,466,-10,
202606030808,2026-04-19,中山,8,利根川特別,ダ,1800,右,晴,良,"3回 中山 8日目 サラ系４歳以上 ２勝クラス       (混)[指] 定量 12頭 本賞金:1580,630,400,240,158万円",12,1580.0,5,6,7,ロードブレイズ,牡,5,58.0,横山和,113.6,1.1/4,8,32.8,38.0,5-5-8-8,美浦 稲垣,506,0,
202606030808,2026-04-19,中山,8,利根川特別,ダ,1800,右,晴,良,"3回 中山 8日目 サラ系４歳以上 ２勝クラス       (混)[指] 定量 12頭 本賞金:1580,630,400,240,158万円",12,1580.0,6,2,2,ピコシー,牡,4,58.0,岩田康,113.8,1.1/4,5,10.9,38.1,6-6-10-9,美浦 奥村武,472,0,
202606030808,2026-04-19,中山,8,利根川特別,ダ,1800,右,晴,良,"3回 中山 8日目 サラ系４歳以上 ２勝クラス       (混)[指] 定量 12頭 本賞金:1580,630,400,240,158万円",12,1580.0,7,1,1,パースウェイド,牝,4,56.0,ルメー,113.9,1/2,2,3.4,38.4,3-3-6-6,美浦 中舘,472,-6,
202606030808,2026-04-19,中山,8,利根川特別,ダ,1800,右,晴,良,"3回 中山 8日目 サラ系４歳以上 ２勝クラス       (混)[指] 定量 12頭 本賞金:1580,630,400,240,158万円",12,1580.0,8,6,8,メイショウジェンマ,牡,6,58.0,団野,113.9,クビ,10,123.0,38.0,8-8-11-11,栗東 飯田,458,-4,
202606030808,2026-04-19,中山,8,利根川特別,ダ,1800,右,晴,良,"3回 中山 8日目 サラ系４歳以上 ２勝クラス       (混)[指] 定量 12頭 本賞金:1580,630,400,240,158万円",12,1580.0,9,5,5,フェスタリア,牡,4,58.0,原,114.1,1.1/4,7,29.4,38.8,11-10-3-4,美浦 矢野,446,-4,
202606030808,2026-04-19,中山,8,利根川特別,ダ,1800,右,晴,良,"3回 中山 8日目 サラ系４歳以上 ２勝クラス       (混)[指] 定量 12頭 本賞金:1580,630,400,240,158万円",12,1580.0,10,8,11,エーオーキング,牡,4,58.0,西村淳,114.5,2.1/2,6,20.7,39.2,3-3-3-4,美浦 久保田,456,-4,
202606030808,2026-04-19,中山,8,利根川特別,ダ,1800,右,晴,良,"3回 中山 8日目 サラ系４歳以上 ２勝クラス       (混)[指] 定量 12頭 本賞金:1580,630,400,240,158万円",12,1580.0,11,5,6,タイヨウフレア,牝,4,56.0,佐々木,114.9,2,11,207.3,39.3,9-8-8-9,美浦 杉浦,506,-2,
202606030808,2026-04-19,中山,8,利根川特別,ダ,1800,右,晴,良,"3回 中山 8日目 サラ系４歳以上 ２勝クラス       (混)[指] 定量 12頭 本賞金:1580,630,400,240,158万円",12,1580.0,,7,10,リラゲイル,牡,4,58.0,荻野極,,,,,,,美浦 矢野,458,-4,除外
202606030809,2026-04-19,中山,9,野島崎特別,芝,2000,右,晴,良,"3回 中山 8日目 サラ系４歳以上 ２勝クラス       牝[指] 定量 12頭 本賞金:1580,630,400,240,158万円",12,1580.0,1,6,8,ラブリージャブリー,牝,4,56.0,レーン,117.4,,2,2.7,33.9,6-6-6-3,美浦 蛯名正,424,0,
202606030809,2026-04-19,中山,9,野島崎特別,芝,2000,右,晴,良,"3回 中山 8日目 サラ系４歳以上 ２勝クラス       牝[指] 定量 12頭 本賞金:1580,630,400,240,158万円",12,1580.0,2,2,2,ボウウィンドウ,牝,4,56.0,ルメー,117.4,ハナ,1,2.3,34.2,3-3-3-3,美浦 武井,474,-4,
202606030809,2026-04-19,中山,9,野島崎特別,芝,2000,右,晴,良,"3回 中山 8日目 サラ系４歳以上 ２勝クラス       牝[指] 定量 12頭 本賞金:1580,630,400,240,158万円",12,1580.0,3,3,3,ホウオウシンデレラ,牝,5,56.0,丸田,117.9,3,7,29.4,34.4,6-6-6-7,美浦 奥村武,472,-2,
202606030809,2026-04-19,中山,9,野島崎特別,芝,2000,右,晴,良,"3回 中山 8日目 サラ系４歳以上 ２勝クラス       牝[指] 定量 12頭 本賞金:1580,630,400,240,158万円",12,1580.0,4,8,11,イトカワサクラ,牝,6,56.0,西村淳,117.9,ハナ,4,10.7,34.2,8-8-8-7,栗東 牧田,446,-10,
202606030809,2026-04-19,中山,9,野島崎特別,芝,2000,右,晴,良,"3回 中山 8日目 サラ系４歳以上 ２勝クラス       牝[指] 定量 12頭 本賞金:1580,630,400,240,158万円",12,1580.0,5,5,5,ヴォワラクテ,牝,4,56.0,荻野極,118.1,1.1/2,5,18.7,34.9,4-4-3-2,栗東 田中克,442,6,
202606030809,2026-04-19,中山,9,野島崎特別,芝,2000,右,晴,良,"3回 中山 8日目 サラ系４歳以上 ２勝クラス       牝[指] 定量 12頭 本賞金:1580,630,400,240,158万円",12,1580.0,6,8,12,エンジェルマーク,牝,4,56.0,岩田望,118.3,1,6,23.3,33.9,11-11-11-10,美浦 宮田,468,6,
202606030809,2026-04-19,中山,9,野島崎特別,芝,2000,右,晴,良,"3回 中山 8日目 サラ系４歳以上 ２勝クラス       牝[指] 定量 12頭 本賞金:1580,630,400,240,158万円",12,1580.0,7,5,6,エリム,牝,6,56.0,原田和,118.4,クビ,12,221.0,34.7,8-8-8-9,美浦 上原博,460,-2,
202606030809,2026-04-19,中山,9,野島崎特別,芝,2000,右,晴,良,"3回 中山 8日目 サラ系４歳以上 ２勝クラス       牝[指] 定量 12頭 本賞金:1580,630,400,240,158万円",12,1580.0,8,1,1,エリーナストーム,牝,4,56.0,三浦,118.4,クビ,3,6.3,35.4,1-1-1-1,美浦 鹿戸,524,2,
202606030809,2026-04-19,中山,9,野島崎特別,芝,2000,右,晴,良,"3回 中山 8日目 サラ系４歳以上 ２勝クラス       牝[指] 定量 12頭 本賞金:1580,630,400,240,158万円",12,1580.0,9,4,4,レッセパッセ,牝,5,56.0,津村,118.4,クビ,10,111.7,35.2,5-4-3-3,美浦 柄崎,388,0,
202606030809,2026-04-19,中山,9,野島崎特別,芝,2000,右,晴,良,"3回 中山 8日目 サラ系４歳以上 ２勝クラス       牝[指] 定量 12頭 本賞金:1580,630,400,240,158万円",12,1580.0,10,7,9,ビターグラッセ,牝,6,56.0,岩田康,118.4,ハナ,8,32.2,34.2,10-10-10-10,美浦 栗田,500,-2,
202606030809,2026-04-19,中山,9,野島崎特別,芝,2000,右,晴,良,"3回 中山 8日目 サラ系４歳以上 ２勝クラス       牝[指] 定量 12頭 本賞金:1580,630,400,240,158万円",12,1580.0,11,6,7,ジャンビ,牝,5,56.0,石橋脩,118.8,2.1/2,11,146.8,34.1,12-12-12-12,美浦 勢司,472,6,
202606030809,2026-04-19,中山,9,野島崎特別,芝,2000,右,晴,良,"3回 中山 8日目 サラ系４歳以上 ２勝クラス       牝[指] 定量 12頭 本賞金:1580,630,400,240,158万円",12,1580.0,12,7,10,ファミリーツリー,牝,5,56.0,坂井,119.0,1.1/4,9,32.8,35.9,2-2-2-3,栗東 河嶋,458,-2,
202606030810,2026-04-19,中山,10,京葉S,ダ,1200,右,晴,良,"3回 中山 8日目 サラ系４歳以上 オープン       (国際)(特指) 別定 15頭 本賞金:2400,960,600,360,240万円",15,2400.0,1,7,12,ナムラフランク,牡,7,58.0,岩田望,69.7,,5,8.5,36.4,2-2,栗東 鈴木孝,496,-6,
202606030810,2026-04-19,中山,10,京葉S,ダ,1200,右,晴,良,"3回 中山 8日目 サラ系４歳以上 オープン       (国際)(特指) 別定 15頭 本賞金:2400,960,600,360,240万円",15,2400.0,2,4,7,コンクイスタ,セ,6,59.0,松山,69.7,アタマ,1,5.3,36.1,3-4,栗東 吉岡,490,-2,
202606030810,2026-04-19,中山,10,京葉S,ダ,1200,右,晴,良,"3回 中山 8日目 サラ系４歳以上 オープン       (国際)(特指) 別定 15頭 本賞金:2400,960,600,360,240万円",15,2400.0,3,7,13,マニバドラ,牡,6,58.0,団野,69.9,1.1/4,3,6.1,36.3,3-3,栗東 森秀,516,-20,
202606030810,2026-04-19,中山,10,京葉S,ダ,1200,右,晴,良,"3回 中山 8日目 サラ系４歳以上 オープン       (国際)(特指) 別定 15頭 本賞金:2400,960,600,360,240万円",15,2400.0,4,1,1,ポッドベイダー,牡,4,59.0,荻野極,69.9,アタマ,2,5.4,36.0,5-5,美浦 上原佑,484,-8,
202606030810,2026-04-19,中山,10,京葉S,ダ,1200,右,晴,良,"3回 中山 8日目 サラ系４歳以上 オープン       (国際)(特指) 別定 15頭 本賞金:2400,960,600,360,240万円",15,2400.0,5,3,5,エスカル,牡,5,57.0,横山和,70.0,1/2,11,24.3,35.0,14-12,栗東 森秀,506,-6,
202606030810,2026-04-19,中山,10,京葉S,ダ,1200,右,晴,良,"3回 中山 8日目 サラ系４歳以上 オープン       (国際)(特指) 別定 15頭 本賞金:2400,960,600,360,240万円",15,2400.0,6,2,3,ムーヴ,牡,7,57.0,坂井,70.0,ハナ,8,15.2,35.5,10-10,美浦 池上,488,0,
202606030810,2026-04-19,中山,10,京葉S,ダ,1200,右,晴,良,"3回 中山 8日目 サラ系４歳以上 オープン       (国際)(特指) 別定 15頭 本賞金:2400,960,600,360,240万円",15,2400.0,7,6,11,モンドプリューム,牡,6,58.0,三浦,70.4,2.1/2,4,6.6,36.3,7-7,美浦 水野,508,-6,
202606030810,2026-04-19,中山,10,京葉S,ダ,1200,右,晴,良,"3回 中山 8日目 サラ系４歳以上 オープン       (国際)(特指) 別定 15頭 本賞金:2400,960,600,360,240万円",15,2400.0,8,5,8,トリリオンボーイ,牡,4,57.0,岩田康,70.6,1.1/4,13,62.3,35.2,15-15,美浦 武井,484,0,
202606030810,2026-04-19,中山,10,京葉S,ダ,1200,右,晴,良,"3回 中山 8日目 サラ系４歳以上 オープン       (国際)(特指) 別定 15頭 本賞金:2400,960,600,360,240万円",15,2400.0,9,2,2,エコロエイト,牡,5,57.0,武豊,70.6,アタマ,6,10.3,36.4,9-7,美浦 田村,506,-4,
202606030810,2026-04-19,中山,10,京葉S,ダ,1200,右,晴,良,"3回 中山 8日目 サラ系４歳以上 オープン       (国際)(特指) 別定 15頭 本賞金:2400,960,600,360,240万円",15,2400.0,10,5,9,スリーピース,セ,4,57.0,高杉,70.7,クビ,9,19.2,36.1,12-14,美浦 武井,460,-2,
202606030810,2026-04-19,中山,10,京葉S,ダ,1200,右,晴,良,"3回 中山 8日目 サラ系４歳以上 オープン       (国際)(特指) 別定 15頭 本賞金:2400,960,600,360,240万円",15,2400.0,11,6,10,エティエンヌ,セ,7,57.0,西村淳,70.7,ハナ,14,99.0,36.2,10-10,栗東 吉田,512,-6,
202606030810,2026-04-19,中山,10,京葉S,ダ,1200,右,晴,良,"3回 中山 8日目 サラ系４歳以上 オープン       (国際)(特指) 別定 15頭 本賞金:2400,960,600,360,240万円",15,2400.0,12,3,4,ジュンウィンダム,牝,6,55.0,原,70.7,アタマ,15,126.3,35.9,13-12,栗東 浜田,502,-12,
202606030810,2026-04-19,中山,10,京葉S,ダ,1200,右,晴,良,"3回 中山 8日目 サラ系４歳以上 オープン       (国際)(特指) 別定 15頭 本賞金:2400,960,600,360,240万円",15,2400.0,13,8,14,スマートフォルス,牡,6,57.0,レーン,70.7,クビ,7,11.3,36.7,7-7,栗東 吉村,478,-12,
202606030810,2026-04-19,中山,10,京葉S,ダ,1200,右,晴,良,"3回 中山 8日目 サラ系４歳以上 オープン       (国際)(特指) 別定 15頭 本賞金:2400,960,600,360,240万円",15,2400.0,14,4,6,ワールズコライド,牡,6,57.0,佐々木,70.8,クビ,12,36.5,36.9,5-5,美浦 堀,544,-6,
202606030810,2026-04-19,中山,10,京葉S,ダ,1200,右,晴,良,"3回 中山 8日目 サラ系４歳以上 オープン       (国際)(特指) 別定 15頭 本賞金:2400,960,600,360,240万円",15,2400.0,15,8,15,カズゴルティス,セ,5,57.0,津村,71.5,4,10,20.9,38.3,1-1,栗東 西園翔,484,0,
202606030811,2026-04-19,中山,11,皐月賞,芝,2000,右,晴,良,"3回 中山 8日目 サラ系３歳 オープン       (国際) 牡・牝(指) 馬齢 18頭 本賞金:20000,8000,5000,3000,2000万円",18,20000.0,1,2,4,ロブチェン,牡,3,57.0,松山,116.5,,1,4.0,34.2,1-1-1-1,栗東 杉山晴,520,2,
202606030811,2026-04-19,中山,11,皐月賞,芝,2000,右,晴,良,"3回 中山 8日目 サラ系３歳 オープン       (国際) 牡・牝(指) 馬齢 18頭 本賞金:20000,8000,5000,3000,2000万円",18,20000.0,2,7,15,リアライズシリウス,牡,3,57.0,津村,116.7,3/4,4,6.2,34.4,2-2-2-2,美浦 手塚久,528,-2,
202606030811,2026-04-19,中山,11,皐月賞,芝,2000,右,晴,良,"3回 中山 8日目 サラ系３歳 オープン       (国際) 牡・牝(指) 馬齢 18頭 本賞金:20000,8000,5000,3000,2000万円",18,20000.0,3,5,9,ライヒスアドラー,牡,3,57.0,佐々木,116.8,3/4,9,23.4,33.8,10-9-9-8,美浦 上原佑,510,-2,
202606030811,2026-04-19,中山,11,皐月賞,芝,2000,右,晴,良,"3回 中山 8日目 サラ系３歳 オープン       (国際) 牡・牝(指) 馬齢 18頭 本賞金:20000,8000,5000,3000,2000万円",18,20000.0,4,3,5,アスクエジンバラ,牡,3,57.0,岩田康,116.8,クビ,12,42.8,34.2,5-5-3-3,栗東 福永,458,0,
202606030811,2026-04-19,中山,11,皐月賞,芝,2000,右,晴,良,"3回 中山 8日目 サラ系３歳 オープン       (国際) 牡・牝(指) 馬齢 18頭 本賞金:20000,8000,5000,3000,2000万円",18,20000.0,5,3,6,フォルテアンジェロ,牡,3,57.0,荻野極,117.0,1.1/4,10,32.8,33.4,17-16-15-13,美浦 上原佑,450,0,
202606030811,2026-04-19,中山,11,皐月賞,芝,2000,右,晴,良,"3回 中山 8日目 サラ系３歳 オープン       (国際) 牡・牝(指) 馬齢 18頭 本賞金:20000,8000,5000,3000,2000万円",18,20000.0,6,1,2,サウンドムーブ,牡,3,57.0,団野,117.0,ハナ,17,86.5,34.1,8-6-7-6,栗東 斉藤崇,446,-8,
202606030811,2026-04-19,中山,11,皐月賞,芝,2000,右,晴,良,"3回 中山 8日目 サラ系３歳 オープン       (国際) 牡・牝(指) 馬齢 18頭 本賞金:20000,8000,5000,3000,2000万円",18,20000.0,7,6,12,グリーンエナジー,牡,3,57.0,戸崎圭,117.0,ハナ,2,4.5,33.6,13-14-13-10,美浦 上原佑,490,0,
202606030811,2026-04-19,中山,11,皐月賞,芝,2000,右,晴,良,"3回 中山 8日目 サラ系３歳 オープン       (国際) 牡・牝(指) 馬齢 18頭 本賞金:20000,8000,5000,3000,2000万円",18,20000.0,8,5,10,ラージアンサンブル,牡,3,57.0,高杉,117.1,1/2,18,193.4,34.2,6-6-7-8,美浦 武井,470,-2,
202606030811,2026-04-19,中山,11,皐月賞,芝,2000,右,晴,良,"3回 中山 8日目 サラ系３歳 オープン       (国際) 牡・牝(指) 馬齢 18頭 本賞金:20000,8000,5000,3000,2000万円",18,20000.0,9,2,3,サノノグレーター,牡,3,57.0,田辺,117.3,1.1/4,14,77.3,33.9,13-13-13-10,美浦 尾形,458,2,
202606030811,2026-04-19,中山,11,皐月賞,芝,2000,右,晴,良,"3回 中山 8日目 サラ系３歳 オープン       (国際) 牡・牝(指) 馬齢 18頭 本賞金:20000,8000,5000,3000,2000万円",18,20000.0,10,4,8,マテンロウゲイル,牡,3,57.0,横山和,117.5,1,5,10.8,33.8,15-17-17-13,栗東 野中,494,-8,
202606030811,2026-04-19,中山,11,皐月賞,芝,2000,右,晴,良,"3回 中山 8日目 サラ系３歳 オープン       (国際) 牡・牝(指) 馬齢 18頭 本賞金:20000,8000,5000,3000,2000万円",18,20000.0,11,8,18,バステール,牡,3,57.0,川田,117.5,アタマ,6,17.0,33.6,18-18-18-17,栗東 斉藤崇,460,4,
202606030811,2026-04-19,中山,11,皐月賞,芝,2000,右,晴,良,"3回 中山 8日目 サラ系３歳 オープン       (国際) 牡・牝(指) 馬齢 18頭 本賞金:20000,8000,5000,3000,2000万円",18,20000.0,12,7,14,ゾロアストロ,牡,3,57.0,岩田望,117.5,クビ,11,35.6,34.0,15-14-15-15,美浦 宮田,468,0,
202606030811,2026-04-19,中山,11,皐月賞,芝,2000,右,晴,良,"3回 中山 8日目 サラ系３歳 オープン       (国際) 牡・牝(指) 馬齢 18頭 本賞金:20000,8000,5000,3000,2000万円",18,20000.0,13,1,1,カヴァレリッツォ,牡,3,57.0,レーン,117.6,クビ,3,6.1,35.0,3-3-3-3,栗東 吉岡,482,0,
202606030811,2026-04-19,中山,11,皐月賞,芝,2000,右,晴,良,"3回 中山 8日目 サラ系３歳 オープン       (国際) 牡・牝(指) 馬齢 18頭 本賞金:20000,8000,5000,3000,2000万円",18,20000.0,14,6,11,パントルナイーフ,牡,3,57.0,ルメー,117.8,1.1/4,8,18.8,34.5,12-12-11-17,美浦 木村,510,-2,
202606030811,2026-04-19,中山,11,皐月賞,芝,2000,右,晴,良,"3回 中山 8日目 サラ系３歳 オープン       (国際) 牡・牝(指) 馬齢 18頭 本賞金:20000,8000,5000,3000,2000万円",18,20000.0,15,8,17,アドマイヤクワッズ,牡,3,57.0,坂井,117.9,1/2,7,17.4,35.4,3-3-3-3,栗東 友道,482,2,
202606030811,2026-04-19,中山,11,皐月賞,芝,2000,右,晴,良,"3回 中山 8日目 サラ系３歳 オープン       (国際) 牡・牝(指) 馬齢 18頭 本賞金:20000,8000,5000,3000,2000万円",18,20000.0,16,7,13,アクロフェイズ,牡,3,57.0,西村淳,118.0,3/4,16,81.7,35.2,6-6-6-6,栗東 奥村豊,476,0,
202606030811,2026-04-19,中山,11,皐月賞,芝,2000,右,晴,良,"3回 中山 8日目 サラ系３歳 オープン       (国際) 牡・牝(指) 馬齢 18頭 本賞金:20000,8000,5000,3000,2000万円",18,20000.0,17,4,7,ロードフィレール,牡,3,57.0,武豊,118.0,ハナ,15,79.6,34.8,8-9-11-10,栗東 吉岡,524,0,
202606030811,2026-04-19,中山,11,皐月賞,芝,2000,右,晴,良,"3回 中山 8日目 サラ系３歳 オープン       (国際) 牡・牝(指) 馬齢 18頭 本賞金:20000,8000,5000,3000,2000万円",18,20000.0,18,8,16,アルトラムス,牡,3,57.0,横山武,118.8,5,13,50.2,35.8,10-9-9-15,栗東 野中,468,-6,
202606030812,2026-04-19,中山,12,サンシャインS,芝,2200,右,晴,良,"3回 中山 8日目 サラ系４歳以上 ３勝クラス       (混)[指] ハンデ 18頭 本賞金:1870,750,470,280,187万円",18,1870.0,1,4,7,パンジャ,牡,5,57.0,戸崎圭,130.7,,1,5.7,33.6,8-8-10-10,美浦 金成,492,-2,
202606030812,2026-04-19,中山,12,サンシャインS,芝,2200,右,晴,良,"3回 中山 8日目 サラ系４歳以上 ３勝クラス       (混)[指] ハンデ 18頭 本賞金:1870,750,470,280,187万円",18,1870.0,2,1,1,ロジシルバー,牝,6,54.0,津村,130.7,アタマ,6,9.8,33.9,5-5-8-7,美浦 宮田,514,0,
202606030812,2026-04-19,中山,12,サンシャインS,芝,2200,右,晴,良,"3回 中山 8日目 サラ系４歳以上 ３勝クラス       (混)[指] ハンデ 18頭 本賞金:1870,750,470,280,187万円",18,1870.0,3,1,2,ディーガレジェンド,牡,5,55.0,ディー,130.7,ハナ,8,14.5,34.4,2-2-2-2,栗東 藤原,468,-2,
202606030812,2026-04-19,中山,12,サンシャインS,芝,2200,右,晴,良,"3回 中山 8日目 サラ系４歳以上 ３勝クラス       (混)[指] ハンデ 18頭 本賞金:1870,750,470,280,187万円",18,1870.0,4,5,10,サクソンジェンヌ,牝,5,54.0,武豊,130.7,クビ,10,18.1,34.0,3-3-6-6,栗東 高橋忠,468,-2,
202606030812,2026-04-19,中山,12,サンシャインS,芝,2200,右,晴,良,"3回 中山 8日目 サラ系４歳以上 ３勝クラス       (混)[指] ハンデ 18頭 本賞金:1870,750,470,280,187万円",18,1870.0,5,2,4,マイネルブリックス,牡,5,54.0,松岡,131.0,1.1/2,17,128.6,33.4,17-17-17-14,美浦 黒岩,470,-4,
202606030812,2026-04-19,中山,12,サンシャインS,芝,2200,右,晴,良,"3回 中山 8日目 サラ系４歳以上 ３勝クラス       (混)[指] ハンデ 18頭 本賞金:1870,750,470,280,187万円",18,1870.0,6,3,5,レッドテリオス,牡,5,56.0,横山武,131.0,ハナ,4,8.2,33.6,11-13-15-12,美浦 古賀慎,486,-4,
202606030812,2026-04-19,中山,12,サンシャインS,芝,2200,右,晴,良,"3回 中山 8日目 サラ系４歳以上 ３勝クラス       (混)[指] ハンデ 18頭 本賞金:1870,750,470,280,187万円",18,1870.0,7,5,9,リーティアコナル,牡,4,56.0,小崎,131.0,クビ,2,6.1,34.8,1-1-1-1,栗東 高橋一,486,6,
202606030812,2026-04-19,中山,12,サンシャインS,芝,2200,右,晴,良,"3回 中山 8日目 サラ系４歳以上 ３勝クラス       (混)[指] ハンデ 18頭 本賞金:1870,750,470,280,187万円",18,1870.0,8,3,6,エコロレイズ,牡,5,56.0,団野,131.2,1,11,29.7,33.9,11-15-15-14,美浦 岩戸,504,2,
202606030812,2026-04-19,中山,12,サンシャインS,芝,2200,右,晴,良,"3回 中山 8日目 サラ系４歳以上 ３勝クラス       (混)[指] ハンデ 18頭 本賞金:1870,750,470,280,187万円",18,1870.0,9,4,8,ガジュノリ,牝,5,54.0,木幡巧,131.2,クビ,12,32.6,34.6,3-3-4-4,美浦 尾形,488,-6,
202606030812,2026-04-19,中山,12,サンシャインS,芝,2200,右,晴,良,"3回 中山 8日目 サラ系４歳以上 ３勝クラス       (混)[指] ハンデ 18頭 本賞金:1870,750,470,280,187万円",18,1870.0,10,8,16,エラン,牡,5,57.0,荻野極,131.2,ハナ,9,15.2,34.0,11-11-13-12,美浦 蛯名正,468,0,
202606030812,2026-04-19,中山,12,サンシャインS,芝,2200,右,晴,良,"3回 中山 8日目 サラ系４歳以上 ３勝クラス       (混)[指] ハンデ 18頭 本賞金:1870,750,470,280,187万円",18,1870.0,11,7,15,ウインオーディン,牡,6,57.0,レーン,131.3,クビ,7,12.2,34.9,15-13-3-2,美浦 鹿戸,492,-4,
202606030812,2026-04-19,中山,12,サンシャインS,芝,2200,右,晴,良,"3回 中山 8日目 サラ系４歳以上 ３勝クラス       (混)[指] ハンデ 18頭 本賞金:1870,750,470,280,187万円",18,1870.0,12,7,13,アスターブジエ,牡,6,56.0,岩田望,131.4,3/4,14,41.9,33.6,18-18-18-18,栗東 中竹,466,-4,
202606030812,2026-04-19,中山,12,サンシャインS,芝,2200,右,晴,良,"3回 中山 8日目 サラ系４歳以上 ３勝クラス       (混)[指] ハンデ 18頭 本賞金:1870,750,470,280,187万円",18,1870.0,13,2,3,ショウナンサムデイ,牝,4,54.0,松山,131.4,クビ,3,6.8,34.4,8-8-10-10,美浦 奥村武,434,-10,
202606030812,2026-04-19,中山,12,サンシャインS,芝,2200,右,晴,良,"3回 中山 8日目 サラ系４歳以上 ３勝クラス       (混)[指] ハンデ 18頭 本賞金:1870,750,470,280,187万円",18,1870.0,14,6,11,ピンクジン,牝,6,53.0,嶋田,131.4,ハナ,15,49.7,34.8,5-5-4-4,美浦 室井,440,2,
202606030812,2026-04-19,中山,12,サンシャインS,芝,2200,右,晴,良,"3回 中山 8日目 サラ系４歳以上 ３勝クラス       (混)[指] ハンデ 18頭 本賞金:1870,750,470,280,187万円",18,1870.0,15,8,17,アロンディ,牡,4,56.0,西村淳,131.7,1.3/4,5,9.3,34.9,11-11-8-9,栗東 武英,454,-4,
202606030812,2026-04-19,中山,12,サンシャインS,芝,2200,右,晴,良,"3回 中山 8日目 サラ系４歳以上 ３勝クラス       (混)[指] ハンデ 18頭 本賞金:1870,750,470,280,187万円",18,1870.0,16,8,18,モズマーヴェリック,牡,5,55.0,高杉,131.7,クビ,13,35.2,35.0,7-7-6-7,栗東 牧浦,486,0,
202606030812,2026-04-19,中山,12,サンシャインS,芝,2200,右,晴,良,"3回 中山 8日目 サラ系４歳以上 ３勝クラス       (混)[指] ハンデ 18頭 本賞金:1870,750,470,280,187万円",18,1870.0,17,7,14,ジオフロント,牡,8,55.0,丸田,131.8,1/2,18,154.3,34.7,8-8-10-14,栗東 清水久,474,-4,
202606030812,2026-04-19,中山,12,サンシャインS,芝,2200,右,晴,良,"3回 中山 8日目 サラ系４歳以上 ３勝クラス       (混)[指] ハンデ 18頭 本賞金:1870,750,470,280,187万円",18,1870.0,18,6,12,ホウオウムサシ,牡,6,55.0,佐々木,131.8,クビ,16,62.2,34.6,15-15-13-14,美浦 蛯名正,452,-2,
202609020801,2026-04-19,阪神,1,3歳未勝利,ダ,1800,右,晴,良,"2回 阪神 8日目 サラ系３歳 未勝利       [指] 馬齢 16頭 本賞金:590,240,150,89,59万円",16,590.0,1,8,15,マーゴットバディ,セ,3,57.0,鮫島駿,113.3,,2,3.9,38.1,1-1-1-1,栗東 石坂,492,-4,
202609020801,2026-04-19,阪神,1,3歳未勝利,ダ,1800,右,晴,良,"2回 阪神 8日目 サラ系３歳 未勝利       [指] 馬齢 16頭 本賞金:590,240,150,89,59万円",16,590.0,2,8,16,サンセバ,牡,3,57.0,幸,113.3,クビ,1,2.0,37.5,5-5-5-3,栗東 吉岡,474,0,
202609020801,2026-04-19,阪神,1,3歳未勝利,ダ,1800,右,晴,良,"2回 阪神 8日目 サラ系３歳 未勝利       [指] 馬齢 16頭 本賞金:590,240,150,89,59万円",16,590.0,3,3,6,クロンヌジャン,牡,3,57.0,田口,114.3,6,15,165.5,38.8,3-3-3-3,栗東 鈴木孝,468,-2,
202609020801,2026-04-19,阪神,1,3歳未勝利,ダ,1800,右,晴,良,"2回 阪神 8日目 サラ系３歳 未勝利       [指] 馬齢 16頭 本賞金:590,240,150,89,59万円",16,590.0,4,5,9,サンライズフリード,牡,3,57.0,城戸,114.4,クビ,10,85.3,39.1,2-2-2-2,栗東 小林,518,6,
202609020801,2026-04-19,阪神,1,3歳未勝利,ダ,1800,右,晴,良,"2回 阪神 8日目 サラ系３歳 未勝利       [指] 馬齢 16頭 本賞金:590,240,150,89,59万円",16,590.0,5,6,11,ミーサーク,牡,3,57.0,浜中,114.4,アタマ,4,11.8,38.4,7-7-6-5,栗東 武幸,464,2,
202609020801,2026-04-19,阪神,1,3歳未勝利,ダ,1800,右,晴,良,"2回 阪神 8日目 サラ系３歳 未勝利       [指] 馬齢 16頭 本賞金:590,240,150,89,59万円",16,590.0,6,2,4,ノリノドラゴン,牡,3,57.0,泉谷,114.5,1/2,5,21.8,38.3,7-8-8-8,栗東 荒川,438,4,
202609020801,2026-04-19,阪神,1,3歳未勝利,ダ,1800,右,晴,良,"2回 阪神 8日目 サラ系３歳 未勝利       [指] 馬齢 16頭 本賞金:590,240,150,89,59万円",16,590.0,7,3,5,メイショウゴッホ,牡,3,57.0,池添,114.7,1,11,101.9,38.2,16-15-13-7,栗東 飯田,464,6,
202609020801,2026-04-19,阪神,1,3歳未勝利,ダ,1800,右,晴,良,"2回 阪神 8日目 サラ系３歳 未勝利       [指] 馬齢 16頭 本賞金:590,240,150,89,59万円",16,590.0,8,7,13,クリコバロー,牡,3,54.0,▲森田,115.2,3.1/2,13,139.9,38.4,15-15-13-12,栗東 渡辺,490,4,
202609020801,2026-04-19,阪神,1,3歳未勝利,ダ,1800,右,晴,良,"2回 阪神 8日目 サラ系３歳 未勝利       [指] 馬齢 16頭 本賞金:590,240,150,89,59万円",16,590.0,9,1,2,ツーエムアスリート,牡,3,57.0,角田和,115.5,1.1/2,14,160.8,39.5,5-5-6-8,栗東 東田,508,-2,
202609020801,2026-04-19,阪神,1,3歳未勝利,ダ,1800,右,晴,良,"2回 阪神 8日目 サラ系３歳 未勝利       [指] 馬齢 16頭 本賞金:590,240,150,89,59万円",16,590.0,10,4,7,スリーケイ,牝,3,55.0,国分恭,115.5,クビ,8,36.6,38.9,11-12-10-11,栗東 高橋一,516,0,
202609020801,2026-04-19,阪神,1,3歳未勝利,ダ,1800,右,晴,良,"2回 阪神 8日目 サラ系３歳 未勝利       [指] 馬齢 16頭 本賞金:590,240,150,89,59万円",16,590.0,11,4,8,コスモブラック,牡,3,57.0,高倉,115.5,ハナ,3,4.6,39.3,11-9-9-6,栗東 武英,464,0,
202609020801,2026-04-19,阪神,1,3歳未勝利,ダ,1800,右,晴,良,"2回 阪神 8日目 サラ系３歳 未勝利       [指] 馬齢 16頭 本賞金:590,240,150,89,59万円",16,590.0,12,6,12,リントゥラウル,牡,3,57.0,酒井,116.0,3,9,65.1,40.3,3-3-3-8,栗東 秋山,458,-6,
202609020801,2026-04-19,阪神,1,3歳未勝利,ダ,1800,右,晴,良,"2回 阪神 8日目 サラ系３歳 未勝利       [指] 馬齢 16頭 本賞金:590,240,150,89,59万円",16,590.0,13,1,1,メイショウゴウケツ,牡,3,57.0,太宰,116.1,1/2,12,136.3,39.2,14-13-16-12,栗東 石橋,506,8,
202609020801,2026-04-19,阪神,1,3歳未勝利,ダ,1800,右,晴,良,"2回 阪神 8日目 サラ系３歳 未勝利       [指] 馬齢 16頭 本賞金:590,240,150,89,59万円",16,590.0,14,2,3,ペプチドアバンス,牡,3,57.0,国分優,116.1,ハナ,16,175.8,39.2,13-13-13-15,栗東 小椋,482,0,
202609020801,2026-04-19,阪神,1,3歳未勝利,ダ,1800,右,晴,良,"2回 阪神 8日目 サラ系３歳 未勝利       [指] 馬齢 16頭 本賞金:590,240,150,89,59万円",16,590.0,15,5,10,アルディメント,牡,3,57.0,北村友,117.9,大,7,33.6,41.1,10-11-10-14,栗東 上村,560,0,
202609020801,2026-04-19,阪神,1,3歳未勝利,ダ,1800,右,晴,良,"2回 阪神 8日目 サラ系３歳 未勝利       [指] 馬齢 16頭 本賞金:590,240,150,89,59万円",16,590.0,16,7,14,ファイナルコマンド,牡,3,57.0,吉村,122.3,大,6,24.6,45.6,9-9-10-16,栗東 東田,516,0,
202609020802,2026-04-19,阪神,2,3歳未勝利,芝,2000,右,晴,良,"2回 阪神 8日目 サラ系３歳 未勝利       牝[指] 馬齢 16頭 本賞金:590,240,150,89,59万円",16,590.0,1,8,15,ベルシュヴァル,牝,3,55.0,鮫島駿,121.1,,6,11.1,34.7,1-1-1-1,栗東 中村,414,0,
202609020802,2026-04-19,阪神,2,3歳未勝利,芝,2000,右,晴,良,"2回 阪神 8日目 サラ系３歳 未勝利       牝[指] 馬齢 16頭 本賞金:590,240,150,89,59万円",16,590.0,2,6,12,プレスバーン,牝,3,55.0,池添,121.2,クビ,5,10.5,34.8,8-8-4-2,栗東 石坂,442,2,
202609020802,2026-04-19,阪神,2,3歳未勝利,芝,2000,右,晴,良,"2回 阪神 8日目 サラ系３歳 未勝利       牝[指] 馬齢 16頭 本賞金:590,240,150,89,59万円",16,590.0,3,3,6,カトマンズゴールド,牝,3,55.0,浜中,121.3,3/4,1,3.9,34.6,3-3-3-3,栗東 宮本,462,-6,
202609020802,2026-04-19,阪神,2,3歳未勝利,芝,2000,右,晴,良,"2回 阪神 8日目 サラ系３歳 未勝利       牝[指] 馬齢 16頭 本賞金:590,240,150,89,59万円",16,590.0,4,2,4,ファルカータ,牝,3,55.0,北村友,121.3,クビ,3,4.6,34.5,3-3-4-4,栗東 友道,448,0,
202609020802,2026-04-19,阪神,2,3歳未勝利,芝,2000,右,晴,良,"2回 阪神 8日目 サラ系３歳 未勝利       牝[指] 馬齢 16頭 本賞金:590,240,150,89,59万円",16,590.0,5,5,9,ヒメヒオウギ,牝,3,52.0,▲森田,121.7,2,11,104.0,34.9,9-9-8-4,栗東 中竹,394,-2,
202609020802,2026-04-19,阪神,2,3歳未勝利,芝,2000,右,晴,良,"2回 阪神 8日目 サラ系３歳 未勝利       牝[指] 馬齢 16頭 本賞金:590,240,150,89,59万円",16,590.0,6,3,5,ルクスキャンディ,牝,3,55.0,吉村,121.7,ハナ,2,4.2,34.8,6-6-6-6,栗東 石橋,448,0,
202609020802,2026-04-19,阪神,2,3歳未勝利,芝,2000,右,晴,良,"2回 阪神 8日目 サラ系３歳 未勝利       牝[指] 馬齢 16頭 本賞金:590,240,150,89,59万円",16,590.0,7,7,13,クランズクラウン,牝,3,55.0,泉谷,121.9,1,4,5.1,35.0,5-5-6-8,栗東 杉山晴,504,0,
202609020802,2026-04-19,阪神,2,3歳未勝利,芝,2000,右,晴,良,"2回 阪神 8日目 サラ系３歳 未勝利       牝[指] 馬齢 16頭 本賞金:590,240,150,89,59万円",16,590.0,8,5,10,リボンインザスカイ,牝,3,55.0,菱田,121.9,ハナ,8,20.9,34.6,13-13-14-11,栗東 安田,480,0,
202609020802,2026-04-19,阪神,2,3歳未勝利,芝,2000,右,晴,良,"2回 阪神 8日目 サラ系３歳 未勝利       牝[指] 馬齢 16頭 本賞金:590,240,150,89,59万円",16,590.0,9,1,1,サンタカリス,牝,3,53.0,△柴田裕,122.0,3/4,14,272.9,34.8,6-6-8-9,栗東 秋山,428,-8,
202609020802,2026-04-19,阪神,2,3歳未勝利,芝,2000,右,晴,良,"2回 阪神 8日目 サラ系３歳 未勝利       牝[指] 馬齢 16頭 本賞金:590,240,150,89,59万円",16,590.0,10,2,3,ドラゴングローリア,牝,3,55.0,幸,122.2,1,7,17.1,34.6,16-16-15-14,栗東 斉藤崇,454,0,
202609020802,2026-04-19,阪神,2,3歳未勝利,芝,2000,右,晴,良,"2回 阪神 8日目 サラ系３歳 未勝利       牝[指] 馬齢 16頭 本賞金:590,240,150,89,59万円",16,590.0,11,7,14,ワイドバヴァール,牝,3,55.0,田口,122.2,ハナ,10,73.6,35.0,10-11-8-9,栗東 奥村豊,458,6,
202609020802,2026-04-19,阪神,2,3歳未勝利,芝,2000,右,晴,良,"2回 阪神 8日目 サラ系３歳 未勝利       牝[指] 馬齢 16頭 本賞金:590,240,150,89,59万円",16,590.0,12,6,11,ヤマヤロード,牝,3,55.0,国分恭,122.3,3/4,13,180.4,35.0,12-12-11-12,栗東 小崎,470,-10,
202609020802,2026-04-19,阪神,2,3歳未勝利,芝,2000,右,晴,良,"2回 阪神 8日目 サラ系３歳 未勝利       牝[指] 馬齢 16頭 本賞金:590,240,150,89,59万円",16,590.0,13,8,16,アンフルラージュ,牝,3,52.0,▲川端,122.8,3,15,275.0,36.1,2-2-2-6,栗東 石坂,426,-6,
202609020802,2026-04-19,阪神,2,3歳未勝利,芝,2000,右,晴,良,"2回 阪神 8日目 サラ系３歳 未勝利       牝[指] 馬齢 16頭 本賞金:590,240,150,89,59万円",16,590.0,14,4,8,カイユレ,牝,3,55.0,角田和,123.3,3,9,59.4,35.9,15-15-11-14,栗東 田中克,422,0,
202609020802,2026-04-19,阪神,2,3歳未勝利,芝,2000,右,晴,良,"2回 阪神 8日目 サラ系３歳 未勝利       牝[指] 馬齢 16頭 本賞金:590,240,150,89,59万円",16,590.0,15,4,7,ティアラティアレ,牝,3,55.0,国分優,123.5,1.1/4,16,312.0,36.1,10-9-11-13,栗東 梅田,422,2,
202609020802,2026-04-19,阪神,2,3歳未勝利,芝,2000,右,晴,良,"2回 阪神 8日目 サラ系３歳 未勝利       牝[指] 馬齢 16頭 本賞金:590,240,150,89,59万円",16,590.0,16,1,2,モズギャクテン,牝,3,55.0,酒井,124.7,7,12,115.3,36.8,14-13-15-16,栗東 飯田,470,-2,
202609020803,2026-04-19,阪神,3,3歳未勝利,ダ,1400,右,晴,良,"2回 阪神 8日目 サラ系３歳 未勝利       [指] 馬齢 16頭 本賞金:590,240,150,89,59万円",16,590.0,1,1,1,バロニアル,牡,3,57.0,酒井,85.0,,9,64.2,38.0,1-1,栗東 柴田,508,0,
202609020803,2026-04-19,阪神,3,3歳未勝利,ダ,1400,右,晴,良,"2回 阪神 8日目 サラ系３歳 未勝利       [指] 馬齢 16頭 本賞金:590,240,150,89,59万円",16,590.0,2,2,4,スターフュージョン,牝,3,55.0,鮫島駿,85.0,アタマ,4,9.0,37.6,4-4,栗東 杉山佳,488,0,
202609020803,2026-04-19,阪神,3,3歳未勝利,ダ,1400,右,晴,良,"2回 阪神 8日目 サラ系３歳 未勝利       [指] 馬齢 16頭 本賞金:590,240,150,89,59万円",16,590.0,3,5,9,ジャカルタバオ,セ,3,57.0,浜中,85.1,1/2,6,11.3,36.7,11-11,栗東 藤野,456,-4,
202609020803,2026-04-19,阪神,3,3歳未勝利,ダ,1400,右,晴,良,"2回 阪神 8日目 サラ系３歳 未勝利       [指] 馬齢 16頭 本賞金:590,240,150,89,59万円",16,590.0,4,1,2,ニホンピロローカス,牡,3,57.0,田口,85.3,1.1/2,2,4.8,38.2,2-2,栗東 中尾,490,0,
202609020803,2026-04-19,阪神,3,3歳未勝利,ダ,1400,右,晴,良,"2回 阪神 8日目 サラ系３歳 未勝利       [指] 馬齢 16頭 本賞金:590,240,150,89,59万円",16,590.0,5,5,10,モズプリフォール,牡,3,57.0,北村友,85.5,1,1,2.0,37.4,9-9,栗東 矢作,504,-4,
202609020803,2026-04-19,阪神,3,3歳未勝利,ダ,1400,右,晴,良,"2回 阪神 8日目 サラ系３歳 未勝利       [指] 馬齢 16頭 本賞金:590,240,150,89,59万円",16,590.0,6,6,12,ナブッコ,牡,3,57.0,幸,85.7,1,3,7.8,38.3,4-4,栗東 橋田,484,2,
202609020803,2026-04-19,阪神,3,3歳未勝利,ダ,1400,右,晴,良,"2回 阪神 8日目 サラ系３歳 未勝利       [指] 馬齢 16頭 本賞金:590,240,150,89,59万円",16,590.0,7,3,5,クロナ,牡,3,57.0,長岡,85.8,3/4,5,11.1,38.6,2-2,栗東 高橋亮,458,2,
202609020803,2026-04-19,阪神,3,3歳未勝利,ダ,1400,右,晴,良,"2回 阪神 8日目 サラ系３歳 未勝利       [指] 馬齢 16頭 本賞金:590,240,150,89,59万円",16,590.0,8,4,8,ロードファイター,牡,3,57.0,角田和,86.6,5,10,71.7,37.9,13-12,栗東 東田,474,14,
202609020803,2026-04-19,阪神,3,3歳未勝利,ダ,1400,右,晴,良,"2回 阪神 8日目 サラ系３歳 未勝利       [指] 馬齢 16頭 本賞金:590,240,150,89,59万円",16,590.0,9,6,11,ムソウテンセイ,牡,3,57.0,秋山稔,86.8,1.1/4,14,177.0,38.9,6-6,栗東 鈴木孝,440,8,
202609020803,2026-04-19,阪神,3,3歳未勝利,ダ,1400,右,晴,良,"2回 阪神 8日目 サラ系３歳 未勝利       [指] 馬齢 16頭 本賞金:590,240,150,89,59万円",16,590.0,10,8,15,テイエムプレミラン,牡,3,57.0,古川吉,86.8,クビ,15,192.1,37.8,15-14,栗東 宮地,488,0,
202609020803,2026-04-19,阪神,3,3歳未勝利,ダ,1400,右,晴,良,"2回 阪神 8日目 サラ系３歳 未勝利       [指] 馬齢 16頭 本賞金:590,240,150,89,59万円",16,590.0,11,4,7,ルクスプロフェシー,牡,3,54.0,▲森田,86.9,クビ,16,299.7,39.0,6-6,栗東 高橋亮,474,-2,
202609020803,2026-04-19,阪神,3,3歳未勝利,ダ,1400,右,晴,良,"2回 阪神 8日目 サラ系３歳 未勝利       [指] 馬齢 16頭 本賞金:590,240,150,89,59万円",16,590.0,12,2,3,マーゴットデイズ,牡,3,57.0,吉村,86.9,アタマ,7,22.0,38.2,13-12,栗東 中村,490,0,
202609020803,2026-04-19,阪神,3,3歳未勝利,ダ,1400,右,晴,良,"2回 阪神 8日目 サラ系３歳 未勝利       [指] 馬齢 16頭 本賞金:590,240,150,89,59万円",16,590.0,13,8,16,ユーコンノオトコ,牡,3,57.0,中井,87.7,5,11,129.3,39.6,9-9,栗東 緒方,524,0,
202609020803,2026-04-19,阪神,3,3歳未勝利,ダ,1400,右,晴,良,"2回 阪神 8日目 サラ系３歳 未勝利       [指] 馬齢 16頭 本賞金:590,240,150,89,59万円",16,590.0,14,3,6,ランスオブラヴ,牝,3,53.0,△柴田裕,88.3,3.1/2,8,51.5,39.5,11-15,栗東 奥村豊,448,2,
202609020803,2026-04-19,阪神,3,3歳未勝利,ダ,1400,右,晴,良,"2回 阪神 8日目 サラ系３歳 未勝利       [指] 馬齢 16頭 本賞金:590,240,150,89,59万円",16,590.0,15,7,13,スペシャルムーヴ,牡,3,57.0,国分優,88.6,2,12,167.5,38.4,16-16,栗東 宮本,508,0,
202609020803,2026-04-19,阪神,3,3歳未勝利,ダ,1400,右,晴,良,"2回 阪神 8日目 サラ系３歳 未勝利       [指] 馬齢 16頭 本賞金:590,240,150,89,59万円",16,590.0,16,7,14,エイシンニンバス,牝,3,55.0,高倉,89.7,7,13,172.0,41.8,6-6,栗東 渡辺,478,0,
202609020804,2026-04-19,阪神,4,4歳以上障害未勝利,障,2970,,晴,良,"2回 阪神 8日目 障害４歳以上 未勝利       (混) 定量 14頭 本賞金:840,340,210,130,84万円",14,840.0,1,4,5,ネイチャーシップ,牡,8,60.0,大江圭,202.8,,2,4.0,13.7,4-4-3-2,美浦 畠山,504,-10,
202609020804,2026-04-19,阪神,4,4歳以上障害未勝利,障,2970,,晴,良,"2回 阪神 8日目 障害４歳以上 未勝利       (混) 定量 14頭 本賞金:840,340,210,130,84万円",14,840.0,2,2,2,モスクロッサー,セ,5,60.0,難波,203.8,6,4,7.3,13.7,4-5-5-5,美浦 萩原,522,-12,
202609020804,2026-04-19,阪神,4,4歳以上障害未勝利,障,2970,,晴,良,"2回 阪神 8日目 障害４歳以上 未勝利       (混) 定量 14頭 本賞金:840,340,210,130,84万円",14,840.0,3,7,11,ドラギニャン,牡,4,57.0,▲井上,204.4,3.1/2,8,37.1,13.8,2-2-3-4,栗東 河嶋,418,0,
202609020804,2026-04-19,阪神,4,4歳以上障害未勝利,障,2970,,晴,良,"2回 阪神 8日目 障害４歳以上 未勝利       (混) 定量 14頭 本賞金:840,340,210,130,84万円",14,840.0,4,6,9,セキテイオー,牡,7,60.0,上野,204.6,1.1/2,1,2.5,13.8,3-3-2-1,美浦 田中剛,482,2,
202609020804,2026-04-19,阪神,4,4歳以上障害未勝利,障,2970,,晴,良,"2回 阪神 8日目 障害４歳以上 未勝利       (混) 定量 14頭 本賞金:840,340,210,130,84万円",14,840.0,5,4,6,アニージョ,セ,7,60.0,森一,204.7,クビ,9,44.1,13.8,6-7-8-7,栗東 吉田,510,-28,
202609020804,2026-04-19,阪神,4,4歳以上障害未勝利,障,2970,,晴,良,"2回 阪神 8日目 障害４歳以上 未勝利       (混) 定量 14頭 本賞金:840,340,210,130,84万円",14,840.0,6,1,1,スティルシャイニン,牡,4,57.0,▲水沼,204.7,アタマ,10,44.3,13.8,6-6-5-5,美浦 天間,460,0,
202609020804,2026-04-19,阪神,4,4歳以上障害未勝利,障,2970,,晴,良,"2回 阪神 8日目 障害４歳以上 未勝利       (混) 定量 14頭 本賞金:840,340,210,130,84万円",14,840.0,7,5,7,グラヴィテ,牝,8,58.0,黒岩,205.0,2,5,11.3,13.8,1-1-1-2,栗東 藤野,488,-2,
202609020804,2026-04-19,阪神,4,4歳以上障害未勝利,障,2970,,晴,良,"2回 阪神 8日目 障害４歳以上 未勝利       (混) 定量 14頭 本賞金:840,340,210,130,84万円",14,840.0,8,5,8,アンノウンウォリア,牡,7,60.0,小坂,205.8,5,11,52.5,13.9,11-11-11-11,栗東 平田,484,0,
202609020804,2026-04-19,阪神,4,4歳以上障害未勝利,障,2970,,晴,良,"2回 阪神 8日目 障害４歳以上 未勝利       (混) 定量 14頭 本賞金:840,340,210,130,84万円",14,840.0,9,7,12,リードアクトレス,牝,5,58.0,小野寺,206.5,4,7,24.5,13.9,8-9-9-9,栗東 安達,490,-4,
202609020804,2026-04-19,阪神,4,4歳以上障害未勝利,障,2970,,晴,良,"2回 阪神 8日目 障害４歳以上 未勝利       (混) 定量 14頭 本賞金:840,340,210,130,84万円",14,840.0,10,8,14,ブライテストドーン,セ,6,60.0,草野,206.8,1.3/4,6,15.0,13.9,8-9-7-7,美浦 田島,508,-10,
202609020804,2026-04-19,阪神,4,4歳以上障害未勝利,障,2970,,晴,良,"2回 阪神 8日目 障害４歳以上 未勝利       (混) 定量 14頭 本賞金:840,340,210,130,84万円",14,840.0,11,6,10,メラーキ,牡,9,57.0,▲坂口,207.5,4,13,133.2,14.0,8-8-10-10,美浦 稲垣,492,-6,
202609020804,2026-04-19,阪神,4,4歳以上障害未勝利,障,2970,,晴,良,"2回 阪神 8日目 障害４歳以上 未勝利       (混) 定量 14頭 本賞金:840,340,210,130,84万円",14,840.0,12,3,3,モズクルードラゴン,牡,7,60.0,田村,208.6,7,14,323.2,14.0,12-12-12-12,美浦 天間,484,-4,
202609020804,2026-04-19,阪神,4,4歳以上障害未勝利,障,2970,,晴,良,"2回 阪神 8日目 障害４歳以上 未勝利       (混) 定量 14頭 本賞金:840,340,210,130,84万円",14,840.0,13,3,4,メイショウフンジン,牡,8,60.0,中村,214.0,大,3,5.8,14.4,13-13-13-13,栗東 秋山,520,-2,
202609020804,2026-04-19,阪神,4,4歳以上障害未勝利,障,2970,,晴,良,"2回 阪神 8日目 障害４歳以上 未勝利       (混) 定量 14頭 本賞金:840,340,210,130,84万円",14,840.0,14,8,13,ゴールドストーム,牡,4,59.0,五十嵐,214.0,ハナ,12,107.3,14.4,13-14-14-14,美浦 粕谷,460,20,
202609020805,2026-04-19,阪神,5,3歳未勝利,芝,2200,右,晴,良,"2回 阪神 8日目 サラ系３歳 未勝利       (混)[指] 馬齢 13頭 本賞金:590,240,150,89,59万円",13,590.0,1,8,13,ダノンシーホーク,牡,3,57.0,松本,133.0,,10,52.8,35.6,4-4-3-3,栗東 大久保,476,-4,
202609020805,2026-04-19,阪神,5,3歳未勝利,芝,2200,右,晴,良,"2回 阪神 8日目 サラ系３歳 未勝利       (混)[指] 馬齢 13頭 本賞金:590,240,150,89,59万円",13,590.0,2,1,1,ミエノクラウン,牡,3,57.0,吉村,133.0,1/2,1,1.9,35.4,8-8-8-7,栗東 高橋亮,492,2,
202609020805,2026-04-19,阪神,5,3歳未勝利,芝,2200,右,晴,良,"2回 阪神 8日目 サラ系３歳 未勝利       (混)[指] 馬齢 13頭 本賞金:590,240,150,89,59万円",13,590.0,3,7,11,オープンザパンドラ,牡,3,57.0,田口,133.1,1/2,3,5.8,35.4,6-6-6-8,栗東 小椋,450,-6,
202609020805,2026-04-19,阪神,5,3歳未勝利,芝,2200,右,晴,良,"2回 阪神 8日目 サラ系３歳 未勝利       (混)[指] 馬齢 13頭 本賞金:590,240,150,89,59万円",13,590.0,4,3,3,ルクスユアン,牡,3,57.0,幸,133.2,クビ,8,34.0,35.9,2-2-2-2,栗東 清水久,448,0,
202609020805,2026-04-19,阪神,5,3歳未勝利,芝,2200,右,晴,良,"2回 阪神 8日目 サラ系３歳 未勝利       (混)[指] 馬齢 13頭 本賞金:590,240,150,89,59万円",13,590.0,5,7,10,シャンドラファール,牡,3,57.0,角田和,133.2,クビ,12,68.5,34.9,12-12-12-12,栗東 井上,504,-16,
202609020805,2026-04-19,阪神,5,3歳未勝利,芝,2200,右,晴,良,"2回 阪神 8日目 サラ系３歳 未勝利       (混)[指] 馬齢 13頭 本賞金:590,240,150,89,59万円",13,590.0,6,6,9,バディ,牡,3,57.0,太宰,133.3,3/4,9,42.6,35.3,11-11-11-10,栗東 四位,386,0,
202609020805,2026-04-19,阪神,5,3歳未勝利,芝,2200,右,晴,良,"2回 阪神 8日目 サラ系３歳 未勝利       (混)[指] 馬齢 13頭 本賞金:590,240,150,89,59万円",13,590.0,7,6,8,アトレッタ,牡,3,57.0,菱田,133.5,1,7,32.5,35.9,6-6-6-3,栗東 斉藤崇,420,0,
202609020805,2026-04-19,阪神,5,3歳未勝利,芝,2200,右,晴,良,"2回 阪神 8日目 サラ系３歳 未勝利       (混)[指] 馬齢 13頭 本賞金:590,240,150,89,59万円",13,590.0,8,4,5,ウインキングリー,牡,3,57.0,北村友,133.6,1/2,6,30.9,35.0,13-13-13-13,栗東 長谷川,462,0,
202609020805,2026-04-19,阪神,5,3歳未勝利,芝,2200,右,晴,良,"2回 阪神 8日目 サラ系３歳 未勝利       (混)[指] 馬齢 13頭 本賞金:590,240,150,89,59万円",13,590.0,9,4,4,ルクスディグニティ,牡,3,57.0,岩部,133.6,ハナ,11,61.1,36.1,5-5-3-3,栗東 昆,450,-6,
202609020805,2026-04-19,阪神,5,3歳未勝利,芝,2200,右,晴,良,"2回 阪神 8日目 サラ系３歳 未勝利       (混)[指] 馬齢 13頭 本賞金:590,240,150,89,59万円",13,590.0,10,8,12,キービート,牡,3,57.0,秋山稔,133.7,3/4,13,182.3,35.6,10-10-10-11,栗東 宮,482,-4,
202609020805,2026-04-19,阪神,5,3歳未勝利,芝,2200,右,晴,良,"2回 阪神 8日目 サラ系３歳 未勝利       (混)[指] 馬齢 13頭 本賞金:590,240,150,89,59万円",13,590.0,11,5,7,スクランプシャス,牡,3,57.0,鮫島駿,133.8,クビ,2,3.7,36.6,1-1-1-1,栗東 橋口,458,0,
202609020805,2026-04-19,阪神,5,3歳未勝利,芝,2200,右,晴,良,"2回 阪神 8日目 サラ系３歳 未勝利       (混)[指] 馬齢 13頭 本賞金:590,240,150,89,59万円",13,590.0,12,2,2,ビースペシフィック,牡,3,57.0,池添,134.7,5,4,11.5,36.8,9-9-9-8,栗東 河嶋,516,0,
202609020805,2026-04-19,阪神,5,3歳未勝利,芝,2200,右,晴,良,"2回 阪神 8日目 サラ系３歳 未勝利       (混)[指] 馬齢 13頭 本賞金:590,240,150,89,59万円",13,590.0,13,5,6,スプーン,牡,3,55.0,△柴田裕,135.2,3,5,20.6,37.8,2-3-3-3,栗東 西村,498,0,
202609020806,2026-04-19,阪神,6,3歳1勝クラス,ダ,1200,右,曇,良,"2回 阪神 8日目 サラ系３歳 １勝クラス       (混)[指] 馬齢 15頭 本賞金:820,330,210,120,82万円",15,820.0,1,5,8,エコロレバン,牝,3,55.0,酒井,71.6,,5,14.4,37.0,1-1,栗東 大久保,466,2,
202609020806,2026-04-19,阪神,6,3歳1勝クラス,ダ,1200,右,曇,良,"2回 阪神 8日目 サラ系３歳 １勝クラス       (混)[指] 馬齢 15頭 本賞金:820,330,210,120,82万円",15,820.0,2,6,11,ランスオブキング,牡,3,57.0,太宰,71.8,1.1/2,4,6.5,37.0,2-3,栗東 本田,470,2,
202609020806,2026-04-19,阪神,6,3歳1勝クラス,ダ,1200,右,曇,良,"2回 阪神 8日目 サラ系３歳 １勝クラス       (混)[指] 馬齢 15頭 本賞金:820,330,210,120,82万円",15,820.0,3,3,4,モンサンゴールデン,牡,3,55.0,△柴田裕,71.9,3/4,3,6.1,36.3,9-8,栗東 中竹,470,-4,
202609020806,2026-04-19,阪神,6,3歳1勝クラス,ダ,1200,右,曇,良,"2回 阪神 8日目 サラ系３歳 １勝クラス       (混)[指] 馬齢 15頭 本賞金:820,330,210,120,82万円",15,820.0,4,4,7,ヴォンドゥ,牝,3,52.0,▲森田,71.9,クビ,8,22.5,36.0,11-11,栗東 小栗,422,4,
202609020806,2026-04-19,阪神,6,3歳1勝クラス,ダ,1200,右,曇,良,"2回 阪神 8日目 サラ系３歳 １勝クラス       (混)[指] 馬齢 15頭 本賞金:820,330,210,120,82万円",15,820.0,5,5,9,ベラジオリン,牝,3,55.0,吉村,72.1,1,9,23.2,37.4,2-2,栗東 小椋,426,4,
202609020806,2026-04-19,阪神,6,3歳1勝クラス,ダ,1200,右,曇,良,"2回 阪神 8日目 サラ系３歳 １勝クラス       (混)[指] 馬齢 15頭 本賞金:820,330,210,120,82万円",15,820.0,6,4,6,テーオーナタリー,牝,3,55.0,古川吉,72.2,クビ,11,31.4,36.4,11-8,栗東 梅田,434,4,
202609020806,2026-04-19,阪神,6,3歳1勝クラス,ダ,1200,右,曇,良,"2回 阪神 8日目 サラ系３歳 １勝クラス       (混)[指] 馬齢 15頭 本賞金:820,330,210,120,82万円",15,820.0,7,3,5,シュピラー,牡,3,57.0,田口,72.2,ハナ,7,18.3,37.1,5-4,美浦 高木,462,-8,
202609020806,2026-04-19,阪神,6,3歳1勝クラス,ダ,1200,右,曇,良,"2回 阪神 8日目 サラ系３歳 １勝クラス       (混)[指] 馬齢 15頭 本賞金:820,330,210,120,82万円",15,820.0,8,7,13,ロードヴィゴラス,牡,3,57.0,高倉,72.2,クビ,10,25.3,35.8,15-14,栗東 四位,432,-2,
202609020806,2026-04-19,阪神,6,3歳1勝クラス,ダ,1200,右,曇,良,"2回 阪神 8日目 サラ系３歳 １勝クラス       (混)[指] 馬齢 15頭 本賞金:820,330,210,120,82万円",15,820.0,9,1,1,ゼンノフォトン,牡,3,57.0,鮫島駿,72.3,クビ,2,4.7,36.7,8-7,栗東 茶木,472,10,
202609020806,2026-04-19,阪神,6,3歳1勝クラス,ダ,1200,右,曇,良,"2回 阪神 8日目 サラ系３歳 １勝クラス       (混)[指] 馬齢 15頭 本賞金:820,330,210,120,82万円",15,820.0,10,6,10,ミヤラティーニ,牝,3,55.0,角田和,72.4,3/4,14,55.5,37.1,6-6,栗東 東田,434,6,
202609020806,2026-04-19,阪神,6,3歳1勝クラス,ダ,1200,右,曇,良,"2回 阪神 8日目 サラ系３歳 １勝クラス       (混)[指] 馬齢 15頭 本賞金:820,330,210,120,82万円",15,820.0,11,7,12,ナムラティアラ,牝,3,55.0,中井,72.8,2.1/2,15,105.3,36.7,14-13,栗東 牧田,470,-10,
202609020806,2026-04-19,阪神,6,3歳1勝クラス,ダ,1200,右,曇,良,"2回 阪神 8日目 サラ系３歳 １勝クラス       (混)[指] 馬齢 15頭 本賞金:820,330,210,120,82万円",15,820.0,12,2,3,カッタッパ,牡,3,57.0,菱田,72.8,ハナ,1,3.2,36.9,10-11,栗東 森秀,476,-6,
202609020806,2026-04-19,阪神,6,3歳1勝クラス,ダ,1200,右,曇,良,"2回 阪神 8日目 サラ系３歳 １勝クラス       (混)[指] 馬齢 15頭 本賞金:820,330,210,120,82万円",15,820.0,13,2,2,スリーコーズ,牡,3,54.0,▲佐藤,72.9,1/2,12,44.3,37.4,6-8,美浦 伊藤圭,476,4,
202609020806,2026-04-19,阪神,6,3歳1勝クラス,ダ,1200,右,曇,良,"2回 阪神 8日目 サラ系３歳 １勝クラス       (混)[指] 馬齢 15頭 本賞金:820,330,210,120,82万円",15,820.0,14,8,15,ロードストラダーレ,牡,3,57.0,池添,73.8,5,13,52.4,38.7,4-4,美浦 本間,498,-4,
202609020806,2026-04-19,阪神,6,3歳1勝クラス,ダ,1200,右,曇,良,"2回 阪神 8日目 サラ系３歳 １勝クラス       (混)[指] 馬齢 15頭 本賞金:820,330,210,120,82万円",15,820.0,15,8,14,モーゲンセン,牡,3,57.0,浜中,74.2,2.1/2,6,14.9,38.0,11-14,美浦 斎藤誠,516,0,
202609020807,2026-04-19,阪神,7,3歳1勝クラス,芝,1600,右,曇,良,"2回 阪神 8日目 サラ系３歳 １勝クラス       (混)(特指) 馬齢 8頭 本賞金:820,330,210,120,82万円",8,820.0,1,2,2,アヴィオン,牝,3,55.0,菱田,93.9,,1,2.1,33.2,3-4,栗東 岡田,462,-14,
202609020807,2026-04-19,阪神,7,3歳1勝クラス,芝,1600,右,曇,良,"2回 阪神 8日目 サラ系３歳 １勝クラス       (混)(特指) 馬齢 8頭 本賞金:820,330,210,120,82万円",8,820.0,2,1,1,ダークマルス,セ,3,57.0,吉村,94.2,1.1/2,6,10.1,33.3,6-7,栗東 杉山晴,460,-12,
202609020807,2026-04-19,阪神,7,3歳1勝クラス,芝,1600,右,曇,良,"2回 阪神 8日目 サラ系３歳 １勝クラス       (混)(特指) 馬齢 8頭 本賞金:820,330,210,120,82万円",8,820.0,3,6,6,ルートサーティーン,牡,3,57.0,田口,94.2,ハナ,7,12.1,33.7,2-2,栗東 辻野,474,-6,
202609020807,2026-04-19,阪神,7,3歳1勝クラス,芝,1600,右,曇,良,"2回 阪神 8日目 サラ系３歳 １勝クラス       (混)(特指) 馬齢 8頭 本賞金:820,330,210,120,82万円",8,820.0,4,4,4,オーライカモン,牡,3,57.0,浜中,94.2,クビ,4,6.9,33.8,1-1,栗東 田中克,506,-14,
202609020807,2026-04-19,阪神,7,3歳1勝クラス,芝,1600,右,曇,良,"2回 阪神 8日目 サラ系３歳 １勝クラス       (混)(特指) 馬齢 8頭 本賞金:820,330,210,120,82万円",8,820.0,5,7,7,ケイアイクウガ,牡,3,57.0,池添,94.2,アタマ,2,4.9,33.6,3-3,栗東 小林,508,-2,
202609020807,2026-04-19,阪神,7,3歳1勝クラス,芝,1600,右,曇,良,"2回 阪神 8日目 サラ系３歳 １勝クラス       (混)(特指) 馬齢 8頭 本賞金:820,330,210,120,82万円",8,820.0,6,8,8,レッドリガーレ,牡,3,57.0,鮫島駿,94.3,クビ,3,6.5,33.4,8-7,栗東 斉藤崇,464,-2,
202609020807,2026-04-19,阪神,7,3歳1勝クラス,芝,1600,右,曇,良,"2回 阪神 8日目 サラ系３歳 １勝クラス       (混)(特指) 馬齢 8頭 本賞金:820,330,210,120,82万円",8,820.0,7,5,5,マイリトルヒーロー,牡,3,57.0,幸,94.6,1.3/4,5,9.3,33.9,3-4,栗東 高橋康,470,6,
202609020807,2026-04-19,阪神,7,3歳1勝クラス,芝,1600,右,曇,良,"2回 阪神 8日目 サラ系３歳 １勝クラス       (混)(特指) 馬齢 8頭 本賞金:820,330,210,120,82万円",8,820.0,8,3,3,グレイイメル,牡,3,57.0,高倉,95.2,4,8,155.6,34.4,6-6,栗東 武英,420,-2,
202609020808,2026-04-19,阪神,8,4歳以上1勝クラス,ダ,1800,右,曇,良,"2回 阪神 8日目 サラ系４歳以上 １勝クラス       [指] 定量 11頭 本賞金:820,330,210,120,82万円",11,820.0,1,8,10,レヴァンテシチー,牡,4,58.0,吉村,112.2,,1,3.3,36.8,7-6-5-2,栗東 柴田,490,-2,
202609020808,2026-04-19,阪神,8,4歳以上1勝クラス,ダ,1800,右,曇,良,"2回 阪神 8日目 サラ系４歳以上 １勝クラス       [指] 定量 11頭 本賞金:820,330,210,120,82万円",11,820.0,2,6,6,レッドイステル,セ,4,58.0,鮫島駿,112.3,1/2,2,3.3,36.7,6-6-7-5,栗東 宮地,486,0,
202609020808,2026-04-19,阪神,8,4歳以上1勝クラス,ダ,1800,右,曇,良,"2回 阪神 8日目 サラ系４歳以上 １勝クラス       [指] 定量 11頭 本賞金:820,330,210,120,82万円",11,820.0,3,4,4,ステイクオール,セ,4,58.0,北村友,112.6,2,6,11.9,36.7,9-9-8-7,栗東 上村,476,-6,
202609020808,2026-04-19,阪神,8,4歳以上1勝クラス,ダ,1800,右,曇,良,"2回 阪神 8日目 サラ系４歳以上 １勝クラス       [指] 定量 11頭 本賞金:820,330,210,120,82万円",11,820.0,4,6,7,ビルンバウム,セ,5,58.0,古川吉,112.7,1/2,3,5.6,38.1,1-1-1-1,栗東 渡辺,554,4,
202609020808,2026-04-19,阪神,8,4歳以上1勝クラス,ダ,1800,右,曇,良,"2回 阪神 8日目 サラ系４歳以上 １勝クラス       [指] 定量 11頭 本賞金:820,330,210,120,82万円",11,820.0,5,2,2,レーンアジリティ,牡,4,58.0,高倉,112.9,1.1/2,8,18.5,37.0,8-8-8-8,栗東 中尾,476,2,
202609020808,2026-04-19,阪神,8,4歳以上1勝クラス,ダ,1800,右,曇,良,"2回 阪神 8日目 サラ系４歳以上 １勝クラス       [指] 定量 11頭 本賞金:820,330,210,120,82万円",11,820.0,6,7,8,メイショウオグマ,セ,7,58.0,国分恭,113.5,3.1/2,4,9.7,38.2,5-5-4-3,栗東 安達,484,-4,
202609020808,2026-04-19,阪神,8,4歳以上1勝クラス,ダ,1800,右,曇,良,"2回 阪神 8日目 サラ系４歳以上 １勝クラス       [指] 定量 11頭 本賞金:820,330,210,120,82万円",11,820.0,7,1,1,ブラックドレス,牝,5,54.0,△柴田裕,114.2,4,11,196.0,39.1,2-2-2-3,栗東 谷,446,2,
202609020808,2026-04-19,阪神,8,4歳以上1勝クラス,ダ,1800,右,曇,良,"2回 阪神 8日目 サラ系４歳以上 １勝クラス       [指] 定量 11頭 本賞金:820,330,210,120,82万円",11,820.0,8,7,9,ルシャリオ,牡,4,58.0,酒井,114.2,ハナ,7,14.4,38.9,2-3-3-5,栗東 森田,500,2,
202609020808,2026-04-19,阪神,8,4歳以上1勝クラス,ダ,1800,右,曇,良,"2回 阪神 8日目 サラ系４歳以上 １勝クラス       [指] 定量 11頭 本賞金:820,330,210,120,82万円",11,820.0,9,5,5,ニシノミチアキ,牡,4,58.0,池添,114.5,2,9,23.3,38.4,11-11-10-10,栗東 吉村,480,-16,
202609020808,2026-04-19,阪神,8,4歳以上1勝クラス,ダ,1800,右,曇,良,"2回 阪神 8日目 サラ系４歳以上 １勝クラス       [指] 定量 11頭 本賞金:820,330,210,120,82万円",11,820.0,10,8,11,オリジナルファイン,牝,4,56.0,田口,115.1,3.1/2,10,35.8,39.0,9-9-10-9,栗東 清水久,498,6,
202609020808,2026-04-19,阪神,8,4歳以上1勝クラス,ダ,1800,右,曇,良,"2回 阪神 8日目 サラ系４歳以上 １勝クラス       [指] 定量 11頭 本賞金:820,330,210,120,82万円",11,820.0,11,3,3,メイショウカスガイ,牡,4,58.0,角田和,125.5,大,5,11.4,49.8,2-3-5-11,栗東 角田,500,0,
202609020809,2026-04-19,阪神,9,蓬莱峡特別,芝,2000,右,曇,良,"2回 阪神 8日目 サラ系４歳以上 ２勝クラス       (混)(特指) 定量 10頭 本賞金:1580,630,400,240,158万円",10,1580.0,1,2,2,ピンキープロミス,牡,6,58.0,国分優,119.6,,8,36.2,34.7,4-4-4-4,美浦 畠山,484,0,
202609020809,2026-04-19,阪神,9,蓬莱峡特別,芝,2000,右,曇,良,"2回 阪神 8日目 サラ系４歳以上 ２勝クラス       (混)(特指) 定量 10頭 本賞金:1580,630,400,240,158万円",10,1580.0,2,8,10,ジョイエッロ,牡,4,58.0,田口,119.8,1,1,2.8,35.1,2-2-2-2,栗東 池江,448,0,
202609020809,2026-04-19,阪神,9,蓬莱峡特別,芝,2000,右,曇,良,"2回 阪神 8日目 サラ系４歳以上 ２勝クラス       (混)(特指) 定量 10頭 本賞金:1580,630,400,240,158万円",10,1580.0,3,4,4,スターリングアップ,牝,5,56.0,池添,119.9,3/4,4,5.6,34.7,8-8-6-6,栗東 松永幹,454,-4,
202609020809,2026-04-19,阪神,9,蓬莱峡特別,芝,2000,右,曇,良,"2回 阪神 8日目 サラ系４歳以上 ２勝クラス       (混)(特指) 定量 10頭 本賞金:1580,630,400,240,158万円",10,1580.0,4,6,6,ヤマニンループ,牡,7,58.0,古川吉,120.0,クビ,5,12.3,34.7,7-7-8-6,栗東 松永幹,450,4,
202609020809,2026-04-19,阪神,9,蓬莱峡特別,芝,2000,右,曇,良,"2回 阪神 8日目 サラ系４歳以上 ２勝クラス       (混)(特指) 定量 10頭 本賞金:1580,630,400,240,158万円",10,1580.0,5,7,7,ヴィスマール,牡,5,58.0,吉村,120.0,クビ,2,3.5,35.0,5-5-5-4,栗東 奥村豊,462,-8,
202609020809,2026-04-19,阪神,9,蓬莱峡特別,芝,2000,右,曇,良,"2回 阪神 8日目 サラ系４歳以上 ２勝クラス       (混)(特指) 定量 10頭 本賞金:1580,630,400,240,158万円",10,1580.0,5,8,9,ズイウンゴサイ,牡,5,58.0,幸,120.0,クビ,7,21.6,34.6,10-10-8-9,美浦 武市,462,-16,
202609020809,2026-04-19,阪神,9,蓬莱峡特別,芝,2000,右,曇,良,"2回 阪神 8日目 サラ系４歳以上 ２勝クラス       (混)(特指) 定量 10頭 本賞金:1580,630,400,240,158万円",10,1580.0,7,7,8,タケトンボ,牝,7,56.0,秋山稔,120.0,クビ,6,13.3,35.4,1-1-1-1,栗東 宮,462,-8,
202609020809,2026-04-19,阪神,9,蓬莱峡特別,芝,2000,右,曇,良,"2回 阪神 8日目 サラ系４歳以上 ２勝クラス       (混)(特指) 定量 10頭 本賞金:1580,630,400,240,158万円",10,1580.0,8,3,3,ラビットアイ,牝,5,56.0,菱田,120.4,2,3,5.3,35.2,5-5-6-6,栗東 鈴木孝,504,12,
202609020809,2026-04-19,阪神,9,蓬莱峡特別,芝,2000,右,曇,良,"2回 阪神 8日目 サラ系４歳以上 ２勝クラス       (混)(特指) 定量 10頭 本賞金:1580,630,400,240,158万円",10,1580.0,9,5,5,ハイディージェン,セ,5,58.0,酒井,121.4,6,9,108.0,36.6,2-3-2-3,栗東 森田,480,0,
202609020809,2026-04-19,阪神,9,蓬莱峡特別,芝,2000,右,曇,良,"2回 阪神 8日目 サラ系４歳以上 ２勝クラス       (混)(特指) 定量 10頭 本賞金:1580,630,400,240,158万円",10,1580.0,10,1,1,ナムアミダブツ,牡,9,58.0,水沼,121.4,ハナ,10,135.0,35.8,9-9-10-10,美浦 加藤和,476,-2,
202609020810,2026-04-19,阪神,10,陽春S,ダ,1200,右,曇,良,"2回 阪神 8日目 サラ系４歳以上 ３勝クラス       (混)[指] ハンデ 13頭 本賞金:1870,750,470,280,187万円",13,1870.0,1,3,3,ゼットエール,牡,4,57.0,松本,70.3,,1,2.3,35.4,2-2,栗東 吉田,506,-4,
202609020810,2026-04-19,阪神,10,陽春S,ダ,1200,右,曇,良,"2回 阪神 8日目 サラ系４歳以上 ３勝クラス       (混)[指] ハンデ 13頭 本賞金:1870,750,470,280,187万円",13,1870.0,2,7,10,アンズアメ,牝,4,55.0,鮫島駿,70.4,3/4,2,4.4,35.0,4-4,栗東 高柳大,478,6,
202609020810,2026-04-19,阪神,10,陽春S,ダ,1200,右,曇,良,"2回 阪神 8日目 サラ系４歳以上 ３勝クラス       (混)[指] ハンデ 13頭 本賞金:1870,750,470,280,187万円",13,1870.0,3,8,13,ノボリショウリュウ,牡,5,56.0,浜中,70.4,アタマ,3,6.2,35.2,3-3,栗東 石橋,472,2,
202609020810,2026-04-19,阪神,10,陽春S,ダ,1200,右,曇,良,"2回 阪神 8日目 サラ系４歳以上 ３勝クラス       (混)[指] ハンデ 13頭 本賞金:1870,750,470,280,187万円",13,1870.0,4,6,9,ライジン,牡,6,55.0,池添,71.0,3.1/2,8,21.8,35.2,8-6,栗東 池添,490,-4,
202609020810,2026-04-19,阪神,10,陽春S,ダ,1200,右,曇,良,"2回 阪神 8日目 サラ系４歳以上 ３勝クラス       (混)[指] ハンデ 13頭 本賞金:1870,750,470,280,187万円",13,1870.0,5,6,8,ナスノカンゲツ,牡,6,54.0,国分恭,71.2,1.1/4,13,137.4,35.0,11-11,美浦 武井,518,0,
202609020810,2026-04-19,阪神,10,陽春S,ダ,1200,右,曇,良,"2回 阪神 8日目 サラ系４歳以上 ３勝クラス       (混)[指] ハンデ 13頭 本賞金:1870,750,470,280,187万円",13,1870.0,6,4,4,ジョディーズマロン,牡,8,56.0,秋山稔,71.3,3/4,6,18.2,35.3,10-10,栗東 北出,470,0,
202609020810,2026-04-19,阪神,10,陽春S,ダ,1200,右,曇,良,"2回 阪神 8日目 サラ系４歳以上 ３勝クラス       (混)[指] ハンデ 13頭 本賞金:1870,750,470,280,187万円",13,1870.0,7,8,12,ボディブロー,牡,5,55.0,幸,71.4,クビ,5,14.1,35.9,5-4,栗東 森秀,532,-4,
202609020810,2026-04-19,阪神,10,陽春S,ダ,1200,右,曇,良,"2回 阪神 8日目 サラ系４歳以上 ３勝クラス       (混)[指] ハンデ 13頭 本賞金:1870,750,470,280,187万円",13,1870.0,8,7,11,タカネノハナコサン,牝,6,53.0,菱田,71.4,クビ,4,6.9,37.0,1-1,栗東 緒方,490,0,
202609020810,2026-04-19,阪神,10,陽春S,ダ,1200,右,曇,良,"2回 阪神 8日目 サラ系４歳以上 ３勝クラス       (混)[指] ハンデ 13頭 本賞金:1870,750,470,280,187万円",13,1870.0,9,1,1,ディニトーソ,牡,4,55.0,長岡,71.5,1/2,11,60.1,35.8,6-6,栗東 辻野,464,0,
202609020810,2026-04-19,阪神,10,陽春S,ダ,1200,右,曇,良,"2回 阪神 8日目 サラ系４歳以上 ３勝クラス       (混)[指] ハンデ 13頭 本賞金:1870,750,470,280,187万円",13,1870.0,10,4,5,ショウナンハクウン,牡,6,55.0,吉村,71.9,2.1/2,10,59.1,36.2,6-6,美浦 大竹,500,-8,
202609020810,2026-04-19,阪神,10,陽春S,ダ,1200,右,曇,良,"2回 阪神 8日目 サラ系４歳以上 ３勝クラス       (混)[指] ハンデ 13頭 本賞金:1870,750,470,280,187万円",13,1870.0,11,2,2,ロサンゼルス,牡,5,56.0,北村友,72.3,2.1/2,7,18.7,35.5,13-13,美浦 伊藤圭,520,-4,
202609020810,2026-04-19,阪神,10,陽春S,ダ,1200,右,曇,良,"2回 阪神 8日目 サラ系４歳以上 ３勝クラス       (混)[指] ハンデ 13頭 本賞金:1870,750,470,280,187万円",13,1870.0,12,5,7,ロードマイライフ,牡,5,54.0,田口,72.5,3/4,12,82.9,36.0,12-12,栗東 佐藤悠,506,-6,
202609020810,2026-04-19,阪神,10,陽春S,ダ,1200,右,曇,良,"2回 阪神 8日目 サラ系４歳以上 ３勝クラス       (混)[指] ハンデ 13頭 本賞金:1870,750,470,280,187万円",13,1870.0,13,5,6,ゴールドサーベル,牡,5,54.0,酒井,72.5,1/2,9,51.0,36.6,8-9,栗東 大久保,474,0,
202609020811,2026-04-19,阪神,11,立雲峡S,芝,1600,右,曇,良,"2回 阪神 8日目 サラ系４歳以上 ３勝クラス       (混)(特指) 定量 10頭 本賞金:1870,750,470,280,187万円",10,1870.0,1,5,5,スイープアワーズ,牡,6,58.0,国分優,91.6,,4,7.1,32.9,9-10,栗東 宮地,460,-2,
202609020811,2026-04-19,阪神,11,立雲峡S,芝,1600,右,曇,良,"2回 阪神 8日目 サラ系４歳以上 ３勝クラス       (混)(特指) 定量 10頭 本賞金:1870,750,470,280,187万円",10,1870.0,2,3,3,アウフヘーベン,牝,6,56.0,鮫島駿,91.8,3/4,8,11.2,33.6,6-5,栗東 高橋亮,462,8,
202609020811,2026-04-19,阪神,11,立雲峡S,芝,1600,右,曇,良,"2回 阪神 8日目 サラ系４歳以上 ３勝クラス       (混)(特指) 定量 10頭 本賞金:1870,750,470,280,187万円",10,1870.0,3,4,4,インヴォーグ,牝,4,56.0,北村友,91.8,ハナ,2,4.3,33.6,4-5,栗東 福永,494,8,
202609020811,2026-04-19,阪神,11,立雲峡S,芝,1600,右,曇,良,"2回 阪神 8日目 サラ系４歳以上 ３勝クラス       (混)(特指) 定量 10頭 本賞金:1870,750,470,280,187万円",10,1870.0,4,1,1,ラーンザロープス,牝,5,56.0,浜中,91.8,クビ,1,3.9,33.8,2-3,栗東 武幸,462,-2,
202609020811,2026-04-19,阪神,11,立雲峡S,芝,1600,右,曇,良,"2回 阪神 8日目 サラ系４歳以上 ３勝クラス       (混)(特指) 定量 10頭 本賞金:1870,750,470,280,187万円",10,1870.0,5,8,9,ゼンダンハヤブサ,牡,4,58.0,酒井,92.2,2.1/2,9,18.6,33.7,9-9,栗東 橋田,450,-2,
202609020811,2026-04-19,阪神,11,立雲峡S,芝,1600,右,曇,良,"2回 阪神 8日目 サラ系４歳以上 ３勝クラス       (混)(特指) 定量 10頭 本賞金:1870,750,470,280,187万円",10,1870.0,6,2,2,ネーヴェフレスカ,牝,4,56.0,吉村,92.3,クビ,3,6.4,33.9,8-7,栗東 石坂,444,-2,
202609020811,2026-04-19,阪神,11,立雲峡S,芝,1600,右,曇,良,"2回 阪神 8日目 サラ系４歳以上 ３勝クラス       (混)(特指) 定量 10頭 本賞金:1870,750,470,280,187万円",10,1870.0,7,7,8,パワーホール,セ,5,58.0,古川吉,92.4,1/2,7,10.8,34.7,1-1,栗東 昆,496,-4,
202609020811,2026-04-19,阪神,11,立雲峡S,芝,1600,右,曇,良,"2回 阪神 8日目 サラ系４歳以上 ３勝クラス       (混)(特指) 定量 10頭 本賞金:1870,750,470,280,187万円",10,1870.0,8,8,10,グーテンベルク,牡,4,58.0,幸,92.4,ハナ,6,8.9,34.3,4-4,美浦 金成,486,0,
202609020811,2026-04-19,阪神,11,立雲峡S,芝,1600,右,曇,良,"2回 阪神 8日目 サラ系４歳以上 ３勝クラス       (混)(特指) 定量 10頭 本賞金:1870,750,470,280,187万円",10,1870.0,9,7,7,ミストレス,牝,4,56.0,田口,92.8,2.1/2,10,96.2,34.5,6-7,栗東 矢作,476,0,
202609020811,2026-04-19,阪神,11,立雲峡S,芝,1600,右,曇,良,"2回 阪神 8日目 サラ系４歳以上 ３勝クラス       (混)(特指) 定量 10頭 本賞金:1870,750,470,280,187万円",10,1870.0,10,6,6,ミッキージュエリー,牝,4,56.0,角田和,93.1,1.1/2,5,8.3,35.2,2-2,栗東 中内田,494,0,
202609020812,2026-04-19,阪神,12,4歳以上2勝クラス,ダ,1800,右,曇,良,"2回 阪神 8日目 サラ系４歳以上 ２勝クラス       牝[指] 定量 10頭 本賞金:1190,480,300,180,119万円",10,1190.0,1,1,1,ウィンターダフネ,牝,6,54.0,△柴田裕,111.9,,3,8.9,37.2,9-9-1-1,栗東 橋田,490,10,
202609020812,2026-04-19,阪神,12,4歳以上2勝クラス,ダ,1800,右,曇,良,"2回 阪神 8日目 サラ系４歳以上 ２勝クラス       牝[指] 定量 10頭 本賞金:1190,480,300,180,119万円",10,1190.0,2,8,10,ヴァンアグレアブル,牝,4,56.0,鮫島駿,113.3,9,1,1.8,37.9,8-8-8-6,栗東 橋口,518,-4,
202609020812,2026-04-19,阪神,12,4歳以上2勝クラス,ダ,1800,右,曇,良,"2回 阪神 8日目 サラ系４歳以上 ２勝クラス       牝[指] 定量 10頭 本賞金:1190,480,300,180,119万円",10,1190.0,3,2,2,プウスカンドゥール,牝,6,56.0,中井,113.3,クビ,9,23.4,37.9,6-6-8-8,栗東 坂口,462,-6,
202609020812,2026-04-19,阪神,12,4歳以上2勝クラス,ダ,1800,右,曇,良,"2回 阪神 8日目 サラ系４歳以上 ２勝クラス       牝[指] 定量 10頭 本賞金:1190,480,300,180,119万円",10,1190.0,4,4,4,フクキタテーラー,牝,4,56.0,菱田,113.3,ハナ,6,15.4,37.6,10-10-10-10,栗東 緒方,444,6,
202609020812,2026-04-19,阪神,12,4歳以上2勝クラス,ダ,1800,右,曇,良,"2回 阪神 8日目 サラ系４歳以上 ２勝クラス       牝[指] 定量 10頭 本賞金:1190,480,300,180,119万円",10,1190.0,5,3,3,サンコンクエスト,牝,4,56.0,幸,113.8,3,2,5.1,39.0,2-1-2-2,栗東 渡辺,556,8,
202609020812,2026-04-19,阪神,12,4歳以上2勝クラス,ダ,1800,右,曇,良,"2回 阪神 8日目 サラ系４歳以上 ２勝クラス       牝[指] 定量 10頭 本賞金:1190,480,300,180,119万円",10,1190.0,6,8,9,ユウェンタース,牝,4,56.0,酒井,113.9,3/4,8,21.7,38.8,5-5-6-3,栗東 宮,484,8,
202609020812,2026-04-19,阪神,12,4歳以上2勝クラス,ダ,1800,右,曇,良,"2回 阪神 8日目 サラ系４歳以上 ２勝クラス       牝[指] 定量 10頭 本賞金:1190,480,300,180,119万円",10,1190.0,7,5,5,ハリウッドパーク,牝,5,56.0,田口,114.4,3,4,11.7,39.1,6-6-6-6,栗東 長谷川,512,4,
202609020812,2026-04-19,阪神,12,4歳以上2勝クラス,ダ,1800,右,曇,良,"2回 阪神 8日目 サラ系４歳以上 ２勝クラス       牝[指] 定量 10頭 本賞金:1190,480,300,180,119万円",10,1190.0,8,7,7,アンドリーナ,牝,4,56.0,国分恭,115.3,5,5,11.9,40.1,4-4-3-8,栗東 牧浦,458,-6,
202609020812,2026-04-19,阪神,12,4歳以上2勝クラス,ダ,1800,右,曇,良,"2回 阪神 8日目 サラ系４歳以上 ２勝クラス       牝[指] 定量 10頭 本賞金:1190,480,300,180,119万円",10,1190.0,9,7,8,ネクストダンサー,牝,4,53.0,▲佐藤,116.1,5,10,33.9,41.2,1-2-3-3,美浦 伊藤圭,494,-2,
202609020812,2026-04-19,阪神,12,4歳以上2勝クラス,ダ,1800,右,曇,良,"2回 阪神 8日目 サラ系４歳以上 ２勝クラス       牝[指] 定量 10頭 本賞金:1190,480,300,180,119万円",10,1190.0,10,6,6,レディゴディヴァ,牝,4,56.0,吉村,116.5,2.1/2,7,19.1,41.6,2-2-3-3,栗東 小崎,442,8,
202603010501,2026-04-25,福島,1,3歳未勝利,ダ,1700,右,晴,良,"1回 福島 5日目 サラ系３歳 未勝利       牝[指] 馬齢 15頭 本賞金:590,240,150,89,59万円",15,590.0,1,3,5,ゴールドドレッサ,牝,3,52.0,▲石田,107.7,,1,3.9,38.2,13-12-8-6,美浦 中川,434,-2,
202603010501,2026-04-25,福島,1,3歳未勝利,ダ,1700,右,晴,良,"1回 福島 5日目 サラ系３歳 未勝利       牝[指] 馬齢 15頭 本賞金:590,240,150,89,59万円",15,590.0,2,8,15,シュヴェスター,牝,3,55.0,長岡,107.8,1/2,7,13.5,38.3,10-9-8-8,栗東 高橋亮,424,2,
202603010501,2026-04-25,福島,1,3歳未勝利,ダ,1700,右,晴,良,"1回 福島 5日目 サラ系３歳 未勝利       牝[指] 馬齢 15頭 本賞金:590,240,150,89,59万円",15,590.0,3,6,10,ホテルストリート,牝,3,55.0,丹内,108.0,3/4,4,5.6,39.4,2-2-2-2,美浦 伊藤大,490,2,
202603010501,2026-04-25,福島,1,3歳未勝利,ダ,1700,右,晴,良,"1回 福島 5日目 サラ系３歳 未勝利       牝[指] 馬齢 15頭 本賞金:590,240,150,89,59万円",15,590.0,4,2,3,サイモンセレーノ,牝,3,52.0,▲石神道,108.0,クビ,8,50.3,38.9,6-6-6-4,美浦 勢司,436,-10,
202603010501,2026-04-25,福島,1,3歳未勝利,ダ,1700,右,晴,良,"1回 福島 5日目 サラ系３歳 未勝利       牝[指] 馬齢 15頭 本賞金:590,240,150,89,59万円",15,590.0,5,2,2,エイユーサクラ,牝,3,55.0,横山琉,108.1,1/2,5,9.4,39.6,1-1-1-1,栗東 高橋忠,478,6,
202603010501,2026-04-25,福島,1,3歳未勝利,ダ,1700,右,晴,良,"1回 福島 5日目 サラ系３歳 未勝利       牝[指] 馬齢 15頭 本賞金:590,240,150,89,59万円",15,590.0,6,6,11,メイショウサザナミ,牝,3,52.0,▲遠藤,108.7,3.1/2,13,153.0,40.0,3-3-3-4,栗東 本田,484,0,
202603010501,2026-04-25,福島,1,3歳未勝利,ダ,1700,右,晴,良,"1回 福島 5日目 サラ系３歳 未勝利       牝[指] 馬齢 15頭 本賞金:590,240,150,89,59万円",15,590.0,7,7,13,ピンクカメリア,牝,3,55.0,川又,109.0,1.3/4,14,158.7,38.9,12-12-13-13,栗東 笹田,402,0,
202603010501,2026-04-25,福島,1,3歳未勝利,ダ,1700,右,晴,良,"1回 福島 5日目 サラ系３歳 未勝利       牝[指] 馬齢 15頭 本賞金:590,240,150,89,59万円",15,590.0,8,4,6,エイシンキーンラン,牝,3,55.0,菊沢,109.2,1.1/4,3,4.7,40.4,4-4-4-3,美浦 田中剛,470,-6,
202603010501,2026-04-25,福島,1,3歳未勝利,ダ,1700,右,晴,良,"1回 福島 5日目 サラ系３歳 未勝利       牝[指] 馬齢 15頭 本賞金:590,240,150,89,59万円",15,590.0,9,7,12,チカマヨルキーナ,牝,3,55.0,松本,109.6,2,6,9.6,40.3,6-6-7-9,栗東 藤岡健,478,0,
202603010501,2026-04-25,福島,1,3歳未勝利,ダ,1700,右,晴,良,"1回 福島 5日目 サラ系３歳 未勝利       牝[指] 馬齢 15頭 本賞金:590,240,150,89,59万円",15,590.0,10,1,1,ヒカ,牝,3,52.0,▲和田陽,109.6,ハナ,15,220.4,39.9,6-6-10-10,栗東 飯田,502,-2,
202603010501,2026-04-25,福島,1,3歳未勝利,ダ,1700,右,晴,良,"1回 福島 5日目 サラ系３歳 未勝利       牝[指] 馬齢 15頭 本賞金:590,240,150,89,59万円",15,590.0,11,8,14,タイセイパフューム,牝,3,53.0,◇古川奈,109.9,2,10,74.6,39.9,6-9-11-11,栗東 牧浦,478,2,
202603010501,2026-04-25,福島,1,3歳未勝利,ダ,1700,右,晴,良,"1回 福島 5日目 サラ系３歳 未勝利       牝[指] 馬齢 15頭 本賞金:590,240,150,89,59万円",15,590.0,12,5,9,ロジマギー,牝,3,55.0,丸山,110.0,3/4,2,4.1,41.1,4-4-4-6,美浦 宮田,460,-8,
202603010501,2026-04-25,福島,1,3歳未勝利,ダ,1700,右,晴,良,"1回 福島 5日目 サラ系３歳 未勝利       牝[指] 馬齢 15頭 本賞金:590,240,150,89,59万円",15,590.0,13,5,8,レインボーワールド,牝,3,55.0,野中,110.8,5,12,131.8,40.6,10-9-13-13,美浦 畠山,438,0,
202603010501,2026-04-25,福島,1,3歳未勝利,ダ,1700,右,晴,良,"1回 福島 5日目 サラ系３歳 未勝利       牝[指] 馬齢 15頭 本賞金:590,240,150,89,59万円",15,590.0,14,3,4,サツキマーメイド,牝,3,55.0,菅原隆,111.1,2,11,115.9,40.5,14-15-15-15,美浦 石栗,404,-6,
202603010501,2026-04-25,福島,1,3歳未勝利,ダ,1700,右,晴,良,"1回 福島 5日目 サラ系３歳 未勝利       牝[指] 馬齢 15頭 本賞金:590,240,150,89,59万円",15,590.0,15,4,7,ノヴェルカフナ,牝,3,52.0,▲小林美,112.7,10,9,60.4,42.8,15-14-11-11,美浦 秋本,472,0,
202603010502,2026-04-25,福島,2,3歳未勝利,芝,1200,右,晴,良,"1回 福島 5日目 サラ系３歳 未勝利       [指] 馬齢 16頭 本賞金:590,240,150,89,59万円",16,590.0,1,6,11,フィラーエ,牝,3,55.0,国分恭,68.7,,4,14.3,34.3,5-3,栗東 高橋康,446,-6,
202603010502,2026-04-25,福島,2,3歳未勝利,芝,1200,右,晴,良,"1回 福島 5日目 サラ系３歳 未勝利       [指] 馬齢 16頭 本賞金:590,240,150,89,59万円",16,590.0,2,8,16,シルバーアックス,牡,3,55.0,△舟山,69.3,3.1/2,3,7.9,35.4,1-1,美浦 村田,460,0,
202603010502,2026-04-25,福島,2,3歳未勝利,芝,1200,右,晴,良,"1回 福島 5日目 サラ系３歳 未勝利       [指] 馬齢 16頭 本賞金:590,240,150,89,59万円",16,590.0,3,6,12,ナデシコザクラ,牝,3,52.0,▲小林美,69.4,1/2,8,29.1,35.4,2-2,栗東 秋山,424,4,
202603010502,2026-04-25,福島,2,3歳未勝利,芝,1200,右,晴,良,"1回 福島 5日目 サラ系３歳 未勝利       [指] 馬齢 16頭 本賞金:590,240,150,89,59万円",16,590.0,4,3,6,セイウンプーパ,牝,3,52.0,▲遠藤,69.5,3/4,14,173.6,35.3,3-3,美浦 奥平,422,0,
202603010502,2026-04-25,福島,2,3歳未勝利,芝,1200,右,晴,良,"1回 福島 5日目 サラ系３歳 未勝利       [指] 馬齢 16頭 本賞金:590,240,150,89,59万円",16,590.0,5,3,5,ブレッティレディ,牝,3,55.0,横山琉,69.7,1.1/4,9,63.2,34.8,10-9,栗東 高橋一,446,4,
202603010502,2026-04-25,福島,2,3歳未勝利,芝,1200,右,晴,良,"1回 福島 5日目 サラ系３歳 未勝利       [指] 馬齢 16頭 本賞金:590,240,150,89,59万円",16,590.0,6,2,4,フクオトコ,牡,3,57.0,菊沢,69.7,クビ,1,1.9,34.2,15-14,美浦 菊沢,450,-8,
202603010502,2026-04-25,福島,2,3歳未勝利,芝,1200,右,晴,良,"1回 福島 5日目 サラ系３歳 未勝利       [指] 馬齢 16頭 本賞金:590,240,150,89,59万円",16,590.0,7,1,2,ブルーハーツ,牡,3,57.0,武藤,69.8,クビ,7,26.5,34.7,12-11,美浦 勢司,480,-4,
202603010502,2026-04-25,福島,2,3歳未勝利,芝,1200,右,晴,良,"1回 福島 5日目 サラ系３歳 未勝利       [指] 馬齢 16頭 本賞金:590,240,150,89,59万円",16,590.0,8,4,8,ウィズアツインクル,牡,3,57.0,富田,70.0,1.1/4,2,3.6,35.6,5-6,美浦 牧,484,-2,
202603010502,2026-04-25,福島,2,3歳未勝利,芝,1200,右,晴,良,"1回 福島 5日目 サラ系３歳 未勝利       [指] 馬齢 16頭 本賞金:590,240,150,89,59万円",16,590.0,9,1,1,フェブリノ,牝,3,55.0,小沢,70.2,1.1/4,5,14.6,35.5,7-7,栗東 加藤公,400,2,
202603010502,2026-04-25,福島,2,3歳未勝利,芝,1200,右,晴,良,"1回 福島 5日目 サラ系３歳 未勝利       [指] 馬齢 16頭 本賞金:590,240,150,89,59万円",16,590.0,10,7,13,エクスペクタント,牡,3,54.0,▲和田陽,70.3,3/4,6,19.5,35.5,9-9,栗東 西園翔,466,0,
202603010502,2026-04-25,福島,2,3歳未勝利,芝,1200,右,晴,良,"1回 福島 5日目 サラ系３歳 未勝利       [指] 馬齢 16頭 本賞金:590,240,150,89,59万円",16,590.0,11,4,7,ケイツースクード,牡,3,54.0,▲上里,70.5,1,16,314.7,35.1,14-14,美浦 萱野,416,-8,
202603010502,2026-04-25,福島,2,3歳未勝利,芝,1200,右,晴,良,"1回 福島 5日目 サラ系３歳 未勝利       [指] 馬齢 16頭 本賞金:590,240,150,89,59万円",16,590.0,12,5,9,ジューンスマッシュ,牡,3,57.0,本田重,70.5,クビ,11,89.2,35.5,10-12,栗東 杉山佳,446,8,
202603010502,2026-04-25,福島,2,3歳未勝利,芝,1200,右,晴,良,"1回 福島 5日目 サラ系３歳 未勝利       [指] 馬齢 16頭 本賞金:590,240,150,89,59万円",16,590.0,13,2,3,ジョーヌミモザ,牝,3,52.0,▲大久保,70.9,2.1/2,12,135.9,35.7,13-12,美浦 小野,422,2,
202603010502,2026-04-25,福島,2,3歳未勝利,芝,1200,右,晴,良,"1回 福島 5日目 サラ系３歳 未勝利       [指] 馬齢 16頭 本賞金:590,240,150,89,59万円",16,590.0,14,7,14,アヴァンフライト,牝,3,52.0,▲石田,71.4,3.1/2,10,79.1,36.7,7-7,美浦 上原佑,440,-2,
202603010502,2026-04-25,福島,2,3歳未勝利,芝,1200,右,晴,良,"1回 福島 5日目 サラ系３歳 未勝利       [指] 馬齢 16頭 本賞金:590,240,150,89,59万円",16,590.0,15,5,10,エンチャンテッド,牝,3,53.0,◇今村,72.3,5,15,198.1,38.1,3-5,美浦 佐藤吉,406,2,
202603010502,2026-04-25,福島,2,3歳未勝利,芝,1200,右,晴,良,"1回 福島 5日目 サラ系３歳 未勝利       [指] 馬齢 16頭 本賞金:590,240,150,89,59万円",16,590.0,16,8,15,バッカス,牡,3,57.0,斎藤,76.0,大,13,156.9,39.2,16-16,栗東 長谷川,470,2,
202603010503,2026-04-25,福島,3,3歳未勝利,芝,2000,右,晴,良,"1回 福島 5日目 サラ系３歳 未勝利       牝[指] 馬齢 16頭 本賞金:590,240,150,89,59万円",16,590.0,1,4,8,サルワールカミーズ,牝,3,55.0,丸山,120.6,,7,8.8,35.7,6-6-6-6,美浦 矢嶋,456,0,
202603010503,2026-04-25,福島,3,3歳未勝利,芝,2000,右,晴,良,"1回 福島 5日目 サラ系３歳 未勝利       牝[指] 馬齢 16頭 本賞金:590,240,150,89,59万円",16,590.0,2,2,4,ナムラオリガミ,牝,3,55.0,小崎,120.7,3/4,5,8.2,36.3,3-3-3-2,栗東 高橋一,436,-6,
202603010503,2026-04-25,福島,3,3歳未勝利,芝,2000,右,晴,良,"1回 福島 5日目 サラ系３歳 未勝利       牝[指] 馬齢 16頭 本賞金:590,240,150,89,59万円",16,590.0,3,5,10,ライツェントライゼ,牝,3,55.0,丹内,120.7,ハナ,4,6.6,36.0,4-4-5-3,栗東 梅田,474,12,
202603010503,2026-04-25,福島,3,3歳未勝利,芝,2000,右,晴,良,"1回 福島 5日目 サラ系３歳 未勝利       牝[指] 馬齢 16頭 本賞金:590,240,150,89,59万円",16,590.0,4,4,7,ダイヤモンドパレス,牝,3,55.0,石川,121.0,1.1/2,6,8.4,35.3,16-16-12-7,美浦 手塚久,424,0,
202603010503,2026-04-25,福島,3,3歳未勝利,芝,2000,右,晴,良,"1回 福島 5日目 サラ系３歳 未勝利       牝[指] 馬齢 16頭 本賞金:590,240,150,89,59万円",16,590.0,5,7,13,グリミスティ,牝,3,55.0,富田,121.2,1.1/4,11,53.7,37.1,1-1-1-1,栗東 森田,440,-8,
202603010503,2026-04-25,福島,3,3歳未勝利,芝,2000,右,晴,良,"1回 福島 5日目 サラ系３歳 未勝利       牝[指] 馬齢 16頭 本賞金:590,240,150,89,59万円",16,590.0,6,8,15,エコロディアン,牝,3,55.0,斎藤,121.3,1/2,1,3.4,36.8,4-4-4-3,栗東 牧浦,446,4,
202603010503,2026-04-25,福島,3,3歳未勝利,芝,2000,右,晴,良,"1回 福島 5日目 サラ系３歳 未勝利       牝[指] 馬齢 16頭 本賞金:590,240,150,89,59万円",16,590.0,7,5,9,ゴコウコイコイ,牝,3,52.0,▲石神道,121.4,クビ,2,6.1,35.8,11-11-11-10,美浦 栗田,410,2,
202603010503,2026-04-25,福島,3,3歳未勝利,芝,2000,右,晴,良,"1回 福島 5日目 サラ系３歳 未勝利       牝[指] 馬齢 16頭 本賞金:590,240,150,89,59万円",16,590.0,8,7,14,クインズロベリア,牝,3,55.0,菊沢,121.6,1.1/4,10,46.8,36.1,9-10-9-10,美浦 田村,498,0,
202603010503,2026-04-25,福島,3,3歳未勝利,芝,2000,右,晴,良,"1回 福島 5日目 サラ系３歳 未勝利       牝[指] 馬齢 16頭 本賞金:590,240,150,89,59万円",16,590.0,9,1,2,イバラヒメ,牝,3,53.0,◇今村,121.7,1/2,14,147.6,36.4,9-8-7-8,美浦 新開,434,-16,
202603010503,2026-04-25,福島,3,3歳未勝利,芝,2000,右,晴,良,"1回 福島 5日目 サラ系３歳 未勝利       牝[指] 馬齢 16頭 本賞金:590,240,150,89,59万円",16,590.0,10,6,11,エリカアズーラ,牝,3,55.0,荻野極,121.7,クビ,3,6.3,35.9,15-14-12-13,栗東 友道,434,0,
202603010503,2026-04-25,福島,3,3歳未勝利,芝,2000,右,晴,良,"1回 福島 5日目 サラ系３歳 未勝利       牝[指] 馬齢 16頭 本賞金:590,240,150,89,59万円",16,590.0,11,2,3,ダイナマイトメロン,牝,3,52.0,▲石田,121.8,クビ,8,28.2,36.0,12-11-12-13,美浦 伊藤大,458,-10,
202603010503,2026-04-25,福島,3,3歳未勝利,芝,2000,右,晴,良,"1回 福島 5日目 サラ系３歳 未勝利       牝[指] 馬齢 16頭 本賞金:590,240,150,89,59万円",16,590.0,12,3,5,オウケンサクラコ,牝,3,52.0,▲上里,121.8,1/2,15,312.6,36.0,13-13-12-13,美浦 田中勝,414,-12,
202603010503,2026-04-25,福島,3,3歳未勝利,芝,2000,右,晴,良,"1回 福島 5日目 サラ系３歳 未勝利       牝[指] 馬齢 16頭 本賞金:590,240,150,89,59万円",16,590.0,13,6,12,ストームアイ,牝,3,55.0,武藤,121.9,1/2,16,362.5,36.7,6-6-7-8,美浦 和田郎,434,14,
202603010503,2026-04-25,福島,3,3歳未勝利,芝,2000,右,晴,良,"1回 福島 5日目 サラ系３歳 未勝利       牝[指] 馬齢 16頭 本賞金:590,240,150,89,59万円",16,590.0,14,8,16,アルファリラエ,牝,3,55.0,本田重,121.9,アタマ,13,143.7,36.4,8-8-9-10,美浦 田島,408,8,
202603010503,2026-04-25,福島,3,3歳未勝利,芝,2000,右,晴,良,"1回 福島 5日目 サラ系３歳 未勝利       牝[指] 馬齢 16頭 本賞金:590,240,150,89,59万円",16,590.0,15,3,6,リリーボレア,牝,3,55.0,小沢,122.1,1.1/4,9,29.7,37.8,2-2-2-3,栗東 高橋一,400,0,
202603010503,2026-04-25,福島,3,3歳未勝利,芝,2000,右,晴,良,"1回 福島 5日目 サラ系３歳 未勝利       牝[指] 馬齢 16頭 本賞金:590,240,150,89,59万円",16,590.0,16,1,1,オーケーグレイス,牝,3,55.0,横山琉,122.9,5,12,131.0,36.5,14-14-16-16,美浦 相沢,434,-10,
202603010504,2026-04-25,福島,4,3歳未勝利,ダ,1150,右,晴,良,"1回 福島 5日目 サラ系３歳 未勝利       [指] 馬齢 16頭 本賞金:590,240,150,89,59万円",16,590.0,1,4,7,ブレイヴソルジャー,牡,3,54.0,▲石田,69.0,,4,8.5,37.0,2-2,美浦 新開,452,-12,
202603010504,2026-04-25,福島,4,3歳未勝利,ダ,1150,右,晴,良,"1回 福島 5日目 サラ系３歳 未勝利       [指] 馬齢 16頭 本賞金:590,240,150,89,59万円",16,590.0,2,1,2,セイウンヤオヨロズ,牡,3,57.0,野中,69.3,1.1/2,5,13.9,37.4,1-1,美浦 上原博,476,4,
202603010504,2026-04-25,福島,4,3歳未勝利,ダ,1150,右,晴,良,"1回 福島 5日目 サラ系３歳 未勝利       [指] 馬齢 16頭 本賞金:590,240,150,89,59万円",16,590.0,3,4,8,ニンジャトットリ,牡,3,57.0,木幡育,69.4,1/2,2,3.1,37.3,3-2,美浦 松永康,458,-6,
202603010504,2026-04-25,福島,4,3歳未勝利,ダ,1150,右,晴,良,"1回 福島 5日目 サラ系３歳 未勝利       [指] 馬齢 16頭 本賞金:590,240,150,89,59万円",16,590.0,4,8,15,ジーティーニッツァ,牡,3,54.0,▲遠藤,69.5,3/4,9,36.5,37.1,5-4,美浦 伊藤伸,450,-8,
202603010504,2026-04-25,福島,4,3歳未勝利,ダ,1150,右,晴,良,"1回 福島 5日目 サラ系３歳 未勝利       [指] 馬齢 16頭 本賞金:590,240,150,89,59万円",16,590.0,5,8,16,フィールマイプラン,牡,3,57.0,荻野極,69.7,1.1/4,3,7.2,37.2,6-6,美浦 岩戸,440,0,
202603010504,2026-04-25,福島,4,3歳未勝利,ダ,1150,右,晴,良,"1回 福島 5日目 サラ系３歳 未勝利       [指] 馬齢 16頭 本賞金:590,240,150,89,59万円",16,590.0,6,2,3,コウソクルリアン,牡,3,57.0,武藤,70.0,1.1/2,1,2.6,37.2,8-7,美浦 武藤,466,-6,
202603010504,2026-04-25,福島,4,3歳未勝利,ダ,1150,右,晴,良,"1回 福島 5日目 サラ系３歳 未勝利       [指] 馬齢 16頭 本賞金:590,240,150,89,59万円",16,590.0,7,5,10,ユナダイヤ,牝,3,55.0,小沢,70.4,2.1/2,12,192.2,37.8,6-7,栗東 岡田,426,-4,
202603010504,2026-04-25,福島,4,3歳未勝利,ダ,1150,右,晴,良,"1回 福島 5日目 サラ系３歳 未勝利       [指] 馬齢 16頭 本賞金:590,240,150,89,59万円",16,590.0,8,7,14,クルビデンス,牡,3,54.0,▲上里,70.6,1.1/2,8,34.7,37.7,9-9,美浦 菊川,458,-6,
202603010504,2026-04-25,福島,4,3歳未勝利,ダ,1150,右,晴,良,"1回 福島 5日目 サラ系３歳 未勝利       [指] 馬齢 16頭 本賞金:590,240,150,89,59万円",16,590.0,9,3,6,カシノユメミヅキ,牡,3,57.0,本田重,71.0,2,16,447.6,37.6,14-14,美浦 和田雄,510,9,
202603010504,2026-04-25,福島,4,3歳未勝利,ダ,1150,右,晴,良,"1回 福島 5日目 サラ系３歳 未勝利       [指] 馬齢 16頭 本賞金:590,240,150,89,59万円",16,590.0,10,3,5,ビースタニング,牝,3,51.0,★河原田,71.6,4,14,296.8,39.4,4-4,美浦 小手川,478,-5,
202603010504,2026-04-25,福島,4,3歳未勝利,ダ,1150,右,晴,良,"1回 福島 5日目 サラ系３歳 未勝利       [指] 馬齢 16頭 本賞金:590,240,150,89,59万円",16,590.0,11,7,13,ブレイシオン,牝,3,53.0,◇古川奈,71.6,ハナ,13,236.9,38.7,9-10,美浦 青木,452,-10,
202603010504,2026-04-25,福島,4,3歳未勝利,ダ,1150,右,晴,良,"1回 福島 5日目 サラ系３歳 未勝利       [指] 馬齢 16頭 本賞金:590,240,150,89,59万円",16,590.0,12,2,4,ヴェントディルーナ,牝,3,55.0,菊沢,72.0,2.1/2,10,84.6,38.3,15-15,美浦 清水英,472,-4,
202603010504,2026-04-25,福島,4,3歳未勝利,ダ,1150,右,晴,良,"1回 福島 5日目 サラ系３歳 未勝利       [指] 馬齢 16頭 本賞金:590,240,150,89,59万円",16,590.0,13,1,1,ガクエンテンゴク,牡,3,57.0,丸田,72.2,1,11,164.8,39.1,11-12,美浦 秋本,512,2,
202603010504,2026-04-25,福島,4,3歳未勝利,ダ,1150,右,晴,良,"1回 福島 5日目 サラ系３歳 未勝利       [指] 馬齢 16頭 本賞金:590,240,150,89,59万円",16,590.0,14,6,12,リスペクトライト,牡,3,54.0,▲石神道,72.8,4,15,314.5,38.9,16-16,美浦 和田郎,434,0,
202603010504,2026-04-25,福島,4,3歳未勝利,ダ,1150,右,晴,良,"1回 福島 5日目 サラ系３歳 未勝利       [指] 馬齢 16頭 本賞金:590,240,150,89,59万円",16,590.0,15,5,9,マロ,牡,3,54.0,▲小林美,73.0,1,6,14.7,39.9,11-11,栗東 藤野,516,2,
202603010504,2026-04-25,福島,4,3歳未勝利,ダ,1150,右,晴,良,"1回 福島 5日目 サラ系３歳 未勝利       [指] 馬齢 16頭 本賞金:590,240,150,89,59万円",16,590.0,16,6,11,ルヴレアール,牡,3,57.0,丹内,73.4,2.1/2,7,15.5,40.3,11-12,栗東 角田,466,-2,
202603010505,2026-04-25,福島,5,3歳未勝利,芝,2000,右,晴,良,"1回 福島 5日目 サラ系３歳 未勝利       (混)[指] 馬齢 16頭 本賞金:590,240,150,89,59万円",16,590.0,1,4,8,ミエノストロング,牡,3,57.0,石川,120.4,,1,2.6,35.7,4-5-4-3,美浦 上原佑,470,-2,
202603010505,2026-04-25,福島,5,3歳未勝利,芝,2000,右,晴,良,"1回 福島 5日目 サラ系３歳 未勝利       (混)[指] 馬齢 16頭 本賞金:590,240,150,89,59万円",16,590.0,2,6,11,ブランニューホーム,牡,3,54.0,▲遠藤,120.8,2.1/2,3,6.9,35.5,14-14-11-10,美浦 深山,442,-4,
202603010505,2026-04-25,福島,5,3歳未勝利,芝,2000,右,晴,良,"1回 福島 5日目 サラ系３歳 未勝利       (混)[指] 馬齢 16頭 本賞金:590,240,150,89,59万円",16,590.0,3,1,1,ヴォンサクレ,牡,3,57.0,武藤,121.0,1.1/2,9,25.4,36.2,16-14-4-3,美浦 勢司,478,-2,
202603010505,2026-04-25,福島,5,3歳未勝利,芝,2000,右,晴,良,"1回 福島 5日目 サラ系３歳 未勝利       (混)[指] 馬齢 16頭 本賞金:590,240,150,89,59万円",16,590.0,4,5,10,タイキアロハ,牡,3,57.0,菊沢,121.1,アタマ,6,16.1,35.8,9-9-11-10,美浦 西田,480,2,
202603010505,2026-04-25,福島,5,3歳未勝利,芝,2000,右,晴,良,"1回 福島 5日目 サラ系３歳 未勝利       (混)[指] 馬齢 16頭 本賞金:590,240,150,89,59万円",16,590.0,5,2,4,ナムラシンジロー,牡,3,57.0,松本,121.2,1,12,121.9,36.1,9-8-7-7,栗東 羽月,444,4,
202603010505,2026-04-25,福島,5,3歳未勝利,芝,2000,右,晴,良,"1回 福島 5日目 サラ系３歳 未勝利       (混)[指] 馬齢 16頭 本賞金:590,240,150,89,59万円",16,590.0,6,6,12,コンフィグシス,牝,3,55.0,丸田,121.3,1/2,7,19.5,35.7,12-13-14-12,美浦 小笠,452,2,
202603010505,2026-04-25,福島,5,3歳未勝利,芝,2000,右,晴,良,"1回 福島 5日目 サラ系３歳 未勝利       (混)[指] 馬齢 16頭 本賞金:590,240,150,89,59万円",16,590.0,7,8,16,レイアン,牝,3,52.0,▲和田陽,121.5,1.1/4,15,209.7,36.5,6-6-7-7,栗東 笹田,426,0,
202603010505,2026-04-25,福島,5,3歳未勝利,芝,2000,右,晴,良,"1回 福島 5日目 サラ系３歳 未勝利       (混)[指] 馬齢 16頭 本賞金:590,240,150,89,59万円",16,590.0,8,1,2,ナディア,牝,3,53.0,△舟山,121.6,1/2,5,15.4,37.2,1-1-1-1,美浦 菊川,436,4,
202603010505,2026-04-25,福島,5,3歳未勝利,芝,2000,右,晴,良,"1回 福島 5日目 サラ系３歳 未勝利       (混)[指] 馬齢 16頭 本賞金:590,240,150,89,59万円",16,590.0,9,7,14,イノセントホープ,牡,3,57.0,横山琉,121.6,ハナ,8,23.9,36.5,9-11-7-7,美浦 小島,482,-8,
202603010505,2026-04-25,福島,5,3歳未勝利,芝,2000,右,晴,良,"1回 福島 5日目 サラ系３歳 未勝利       (混)[指] 馬齢 16頭 本賞金:590,240,150,89,59万円",16,590.0,10,4,7,ピコブロッサム,牝,3,50.0,▲石田,121.7,1/2,11,79.3,35.8,15-14-16-16,美浦 伊藤大,464,-10,
202603010505,2026-04-25,福島,5,3歳未勝利,芝,2000,右,晴,良,"1回 福島 5日目 サラ系３歳 未勝利       (混)[指] 馬齢 16頭 本賞金:590,240,150,89,59万円",16,590.0,11,5,9,ウマナミカイドウ,セ,3,53.0,★河原田,121.8,3/4,16,234.4,36.2,12-11-14-15,美浦 天間,456,0,
202603010505,2026-04-25,福島,5,3歳未勝利,芝,2000,右,晴,良,"1回 福島 5日目 サラ系３歳 未勝利       (混)[指] 馬齢 16頭 本賞金:590,240,150,89,59万円",16,590.0,12,3,5,ブルーブロディ,牡,3,54.0,▲上里,121.9,クビ,13,122.1,36.6,6-6-11-12,美浦 伊坂,498,-2,
202603010505,2026-04-25,福島,5,3歳未勝利,芝,2000,右,晴,良,"1回 福島 5日目 サラ系３歳 未勝利       (混)[指] 馬齢 16頭 本賞金:590,240,150,89,59万円",16,590.0,13,7,13,ヒロイックヴァース,牡,3,57.0,荻野極,122.0,3/4,2,3.2,37.5,2-2-2-2,美浦 浅利,480,0,
202603010505,2026-04-25,福島,5,3歳未勝利,芝,2000,右,晴,良,"1回 福島 5日目 サラ系３歳 未勝利       (混)[指] 馬齢 16頭 本賞金:590,240,150,89,59万円",16,590.0,14,8,15,トレセデオロ,牡,3,57.0,富田,122.1,1/2,4,10.3,37.5,2-3-3-3,栗東 清水久,444,-6,
202603010505,2026-04-25,福島,5,3歳未勝利,芝,2000,右,晴,良,"1回 福島 5日目 サラ系３歳 未勝利       (混)[指] 馬齢 16頭 本賞金:590,240,150,89,59万円",16,590.0,15,2,3,ルミノヴァンクール,牡,3,57.0,丹内,122.4,1.3/4,14,160.3,37.7,4-3-4-3,美浦 金成,552,2,
202603010505,2026-04-25,福島,5,3歳未勝利,芝,2000,右,晴,良,"1回 福島 5日目 サラ系３歳 未勝利       (混)[指] 馬齢 16頭 本賞金:590,240,150,89,59万円",16,590.0,16,3,6,イザショウブ,牡,3,57.0,長岡,123.1,4,10,50.9,37.9,8-9-10-12,栗東 高橋亮,486,-2,
202603010506,2026-04-25,福島,6,3歳未勝利,ダ,1700,右,晴,良,"1回 福島 5日目 サラ系３歳 未勝利       (混)[指] 馬齢 15頭 本賞金:590,240,150,89,59万円",15,590.0,1,6,10,ゴールドバローズ,牡,3,57.0,荻野極,106.7,,2,4.5,38.1,4-4-2-2,栗東 渡辺,512,-2,
202603010506,2026-04-25,福島,6,3歳未勝利,ダ,1700,右,晴,良,"1回 福島 5日目 サラ系３歳 未勝利       (混)[指] 馬齢 15頭 本賞金:590,240,150,89,59万円",15,590.0,2,5,9,アデルフィー,牡,3,57.0,吉田隼,107.1,2.1/2,7,12.0,38.6,3-3-1-1,美浦 金成,448,-8,
202603010506,2026-04-25,福島,6,3歳未勝利,ダ,1700,右,晴,良,"1回 福島 5日目 サラ系３歳 未勝利       (混)[指] 馬齢 15頭 本賞金:590,240,150,89,59万円",15,590.0,3,2,3,ストロングボーイ,牡,3,57.0,西塚,107.2,3/4,6,9.7,37.8,10-8-7-6,栗東 野中,512,-12,
202603010506,2026-04-25,福島,6,3歳未勝利,ダ,1700,右,晴,良,"1回 福島 5日目 サラ系３歳 未勝利       (混)[指] 馬齢 15頭 本賞金:590,240,150,89,59万円",15,590.0,4,2,2,オンザ,牡,3,57.0,富田,107.5,1.3/4,5,7.6,38.6,8-5-4-4,栗東 高橋一,494,0,
202603010506,2026-04-25,福島,6,3歳未勝利,ダ,1700,右,晴,良,"1回 福島 5日目 サラ系３歳 未勝利       (混)[指] 馬齢 15頭 本賞金:590,240,150,89,59万円",15,590.0,5,8,14,シンエンドーツダ,牡,3,57.0,菊沢,107.7,1.1/4,1,4.4,37.8,14-13-12-11,美浦 萱野,468,-2,
202603010506,2026-04-25,福島,6,3歳未勝利,ダ,1700,右,晴,良,"1回 福島 5日目 サラ系３歳 未勝利       (混)[指] 馬齢 15頭 本賞金:590,240,150,89,59万円",15,590.0,6,5,8,セブンワンダーズ,牡,3,57.0,斎藤,107.7,クビ,3,6.3,38.6,4-5-6-5,美浦 斎藤誠,468,0,
202603010506,2026-04-25,福島,6,3歳未勝利,ダ,1700,右,晴,良,"1回 福島 5日目 サラ系３歳 未勝利       (混)[指] 馬齢 15頭 本賞金:590,240,150,89,59万円",15,590.0,7,7,13,ユニゾン,牡,3,57.0,丹内,108.2,3,4,6.5,38.7,6-8-9-8,美浦 菊川,446,-7,
202603010506,2026-04-25,福島,6,3歳未勝利,ダ,1700,右,晴,良,"1回 福島 5日目 サラ系３歳 未勝利       (混)[指] 馬齢 15頭 本賞金:590,240,150,89,59万円",15,590.0,8,3,4,ガビーズメロディ,牡,3,55.0,◇今村,108.7,3,11,56.7,39.0,12-11-10-8,美浦 伊坂,466,-4,
202603010506,2026-04-25,福島,6,3歳未勝利,ダ,1700,右,晴,良,"1回 福島 5日目 サラ系３歳 未勝利       (混)[指] 馬齢 15頭 本賞金:590,240,150,89,59万円",15,590.0,9,4,6,デルマカイモン,牡,3,54.0,▲遠藤,109.0,2,8,13.0,40.5,2-2-2-2,美浦 高柳瑞,494,-8,
202603010506,2026-04-25,福島,6,3歳未勝利,ダ,1700,右,晴,良,"1回 福島 5日目 サラ系３歳 未勝利       (混)[指] 馬齢 15頭 本賞金:590,240,150,89,59万円",15,590.0,10,4,7,ラクシオンデクラ,牡,3,57.0,本田重,109.9,5,13,109.1,39.6,12-13-14-13,美浦 尾関,432,-4,
202603010506,2026-04-25,福島,6,3歳未勝利,ダ,1700,右,晴,良,"1回 福島 5日目 サラ系３歳 未勝利       (混)[指] 馬齢 15頭 本賞金:590,240,150,89,59万円",15,590.0,11,8,15,マイネルカイザー,牡,3,57.0,小崎,110.0,クビ,14,157.0,40.3,9-8-10-12,栗東 宮,450,4,
202603010506,2026-04-25,福島,6,3歳未勝利,ダ,1700,右,晴,良,"1回 福島 5日目 サラ系３歳 未勝利       (混)[指] 馬齢 15頭 本賞金:590,240,150,89,59万円",15,590.0,12,7,12,プレヒティヒ,牝,3,52.0,▲石田,110.1,1/2,12,103.6,40.8,6-7-7-8,美浦 伊藤圭,406,-4,
202603010506,2026-04-25,福島,6,3歳未勝利,ダ,1700,右,晴,良,"1回 福島 5日目 サラ系３歳 未勝利       (混)[指] 馬齢 15頭 本賞金:590,240,150,89,59万円",15,590.0,13,3,5,トップオブザキング,牡,3,54.0,▲上里,110.2,クビ,15,258.1,39.7,15-15-15-15,美浦 蛯名利,474,-10,
202603010506,2026-04-25,福島,6,3歳未勝利,ダ,1700,右,晴,良,"1回 福島 5日目 サラ系３歳 未勝利       (混)[指] 馬齢 15頭 本賞金:590,240,150,89,59万円",15,590.0,14,6,11,アリアベルデ,牝,3,55.0,横山琉,110.8,3.1/2,10,44.1,40.8,10-11-12-13,栗東 清水久,444,-8,
202603010506,2026-04-25,福島,6,3歳未勝利,ダ,1700,右,晴,良,"1回 福島 5日目 サラ系３歳 未勝利       (混)[指] 馬齢 15頭 本賞金:590,240,150,89,59万円",15,590.0,15,1,1,ジェネチェン,牝,3,55.0,松本,111.4,4,9,30.2,42.5,1-1-4-6,栗東 角田,464,2,
202603010507,2026-04-25,福島,7,4歳以上1勝クラス,芝,1200,右,晴,良,"1回 福島 5日目 サラ系４歳以上 １勝クラス       見習騎手 定量 12頭 本賞金:820,330,210,120,82万円",12,820.0,1,5,6,カーヌスティ,牡,4,56.0,△舟山,68.1,,4,5.3,34.0,2-2,美浦 大和田,478,-12,
202603010507,2026-04-25,福島,7,4歳以上1勝クラス,芝,1200,右,晴,良,"1回 福島 5日目 サラ系４歳以上 １勝クラス       見習騎手 定量 12頭 本賞金:820,330,210,120,82万円",12,820.0,2,1,1,グランテレーズ,牝,5,56.0,小沢,68.6,2.1/2,3,5.0,34.3,3-3,栗東 渡辺,456,-2,
202603010507,2026-04-25,福島,7,4歳以上1勝クラス,芝,1200,右,晴,良,"1回 福島 5日目 サラ系４歳以上 １勝クラス       見習騎手 定量 12頭 本賞金:820,330,210,120,82万円",12,820.0,3,8,11,ミエノブラボー,牝,5,53.0,▲石田,68.6,ハナ,5,8.7,33.6,10-9,美浦 田中勝,466,-2,
202603010507,2026-04-25,福島,7,4歳以上1勝クラス,芝,1200,右,晴,良,"1回 福島 5日目 サラ系４歳以上 １勝クラス       見習騎手 定量 12頭 本賞金:820,330,210,120,82万円",12,820.0,4,8,12,セイプリーズ,牝,4,53.0,▲上里,68.6,クビ,2,4.8,33.9,7-3,栗東 宮,428,0,
202603010507,2026-04-25,福島,7,4歳以上1勝クラス,芝,1200,右,晴,良,"1回 福島 5日目 サラ系４歳以上 １勝クラス       見習騎手 定量 12頭 本賞金:820,330,210,120,82万円",12,820.0,5,6,7,アーサーズウェイン,牝,4,56.0,横山琉,68.6,アタマ,8,19.9,33.9,7-9,栗東 高橋一,454,8,
202603010507,2026-04-25,福島,7,4歳以上1勝クラス,芝,1200,右,晴,良,"1回 福島 5日目 サラ系４歳以上 １勝クラス       見習騎手 定量 12頭 本賞金:820,330,210,120,82万円",12,820.0,6,5,5,クリノゴッホ,セ,6,55.0,▲大久保,68.9,1.1/2,11,141.2,34.9,1-1,美浦 岩戸,464,0,
202603010507,2026-04-25,福島,7,4歳以上1勝クラス,芝,1200,右,晴,良,"1回 福島 5日目 サラ系４歳以上 １勝クラス       見習騎手 定量 12頭 本賞金:820,330,210,120,82万円",12,820.0,7,3,3,キョラムン,牝,4,52.0,★河原田,68.9,クビ,1,4.6,34.4,5-7,栗東 石橋,462,-6,
202603010507,2026-04-25,福島,7,4歳以上1勝クラス,芝,1200,右,晴,良,"1回 福島 5日目 サラ系４歳以上 １勝クラス       見習騎手 定量 12頭 本賞金:820,330,210,120,82万円",12,820.0,8,2,2,ホリーアン,牝,4,54.0,△鷲頭,69.2,2,12,202.6,33.6,12-12,美浦 萱野,438,0,
202603010507,2026-04-25,福島,7,4歳以上1勝クラス,芝,1200,右,晴,良,"1回 福島 5日目 サラ系４歳以上 １勝クラス       見習騎手 定量 12頭 本賞金:820,330,210,120,82万円",12,820.0,9,7,9,ハッピーサプライズ,牡,5,58.0,西塚,69.2,ハナ,10,33.9,35.0,3-3,美浦 佐藤吉,480,0,
202603010507,2026-04-25,福島,7,4歳以上1勝クラス,芝,1200,右,晴,良,"1回 福島 5日目 サラ系４歳以上 １勝クラス       見習騎手 定量 12頭 本賞金:820,330,210,120,82万円",12,820.0,10,6,8,クレセントウイング,セ,6,55.0,▲小林美,69.2,ハナ,6,9.6,34.5,7-3,美浦 高橋文,460,-6,
202603010507,2026-04-25,福島,7,4歳以上1勝クラス,芝,1200,右,晴,良,"1回 福島 5日目 サラ系４歳以上 １勝クラス       見習騎手 定量 12頭 本賞金:820,330,210,120,82万円",12,820.0,11,7,10,バーケンティン,牡,5,55.0,▲和田陽,69.2,ハナ,7,11.7,33.9,11-11,栗東 平田,490,-10,
202603010507,2026-04-25,福島,7,4歳以上1勝クラス,芝,1200,右,晴,良,"1回 福島 5日目 サラ系４歳以上 １勝クラス       見習騎手 定量 12頭 本賞金:820,330,210,120,82万円",12,820.0,12,4,4,トリプルバレル,牡,4,58.0,松本,69.5,1.1/2,9,21.3,35.1,5-7,栗東 藤野,474,-4,
202603010508,2026-04-25,福島,8,4歳以上1勝クラス,ダ,1700,右,晴,良,"1回 福島 5日目 サラ系４歳以上 １勝クラス       [指] 定量 15頭 本賞金:820,330,210,120,82万円",15,820.0,1,7,12,オウケンシルヴァー,牡,5,58.0,木幡育,105.3,,2,4.3,37.5,2-2-2-2,美浦 松永康,494,-6,
202603010508,2026-04-25,福島,8,4歳以上1勝クラス,ダ,1700,右,晴,良,"1回 福島 5日目 サラ系４歳以上 １勝クラス       [指] 定量 15頭 本賞金:820,330,210,120,82万円",15,820.0,2,2,3,ウィズマスタング,牡,4,58.0,石川,106.0,4,8,26.7,38.4,1-1-1-1,栗東 西園翔,452,-2,
202603010508,2026-04-25,福島,8,4歳以上1勝クラス,ダ,1700,右,晴,良,"1回 福島 5日目 サラ系４歳以上 １勝クラス       [指] 定量 15頭 本賞金:820,330,210,120,82万円",15,820.0,3,6,10,ココデイック,牡,4,58.0,西塚,106.1,クビ,3,6.9,38.2,3-3-2-3,栗東 藤岡健,484,-6,
202603010508,2026-04-25,福島,8,4歳以上1勝クラス,ダ,1700,右,晴,良,"1回 福島 5日目 サラ系４歳以上 １勝クラス       [指] 定量 15頭 本賞金:820,330,210,120,82万円",15,820.0,4,8,14,チギリ,牝,4,54.0,△舟山,106.1,クビ,6,17.7,37.8,11-14-6-7,美浦 鹿戸,468,0,
202603010508,2026-04-25,福島,8,4歳以上1勝クラス,ダ,1700,右,晴,良,"1回 福島 5日目 サラ系４歳以上 １勝クラス       [指] 定量 15頭 本賞金:820,330,210,120,82万円",15,820.0,5,2,2,ルシャルムール,セ,4,58.0,丹内,106.1,クビ,1,2.2,37.6,11-10-10-7,美浦 萩原,460,-4,
202603010508,2026-04-25,福島,8,4歳以上1勝クラス,ダ,1700,右,晴,良,"1回 福島 5日目 サラ系４歳以上 １勝クラス       [指] 定量 15頭 本賞金:820,330,210,120,82万円",15,820.0,6,4,7,ハヤブサオヒメサマ,牝,4,56.0,吉田隼,106.2,クビ,13,128.1,38.1,4-5-4-3,栗東 渡辺,450,-4,
202603010508,2026-04-25,福島,8,4歳以上1勝クラス,ダ,1700,右,晴,良,"1回 福島 5日目 サラ系４歳以上 １勝クラス       [指] 定量 15頭 本賞金:820,330,210,120,82万円",15,820.0,7,1,1,タキノボリ,牡,4,58.0,菊沢,106.7,3,9,35.8,38.3,6-6-8-9,美浦 勢司,466,-12,
202603010508,2026-04-25,福島,8,4歳以上1勝クラス,ダ,1700,右,晴,良,"1回 福島 5日目 サラ系４歳以上 １勝クラス       [指] 定量 15頭 本賞金:820,330,210,120,82万円",15,820.0,8,4,6,タニセンドリーム,牡,5,58.0,本田重,106.7,ハナ,5,11.5,38.4,9-7-6-5,美浦 加藤士,494,-4,
202603010508,2026-04-25,福島,8,4歳以上1勝クラス,ダ,1700,右,晴,良,"1回 福島 5日目 サラ系４歳以上 １勝クラス       [指] 定量 15頭 本賞金:820,330,210,120,82万円",15,820.0,9,3,4,マテンロウカナロア,牡,4,58.0,松本,107.5,5,4,7.8,39.3,4-3-4-5,栗東 野中,484,-2,
202603010508,2026-04-25,福島,8,4歳以上1勝クラス,ダ,1700,右,晴,良,"1回 福島 5日目 サラ系４歳以上 １勝クラス       [指] 定量 15頭 本賞金:820,330,210,120,82万円",15,820.0,10,7,13,ラッキーヤース,牡,5,55.0,▲小林美,107.5,アタマ,7,23.5,38.9,14-13-10-9,美浦 鈴木伸,466,2,
202603010508,2026-04-25,福島,8,4歳以上1勝クラス,ダ,1700,右,晴,良,"1回 福島 5日目 サラ系４歳以上 １勝クラス       [指] 定量 15頭 本賞金:820,330,210,120,82万円",15,820.0,11,5,9,ヴェラグエリエロ,牡,6,55.0,▲石田,107.6,クビ,12,87.4,39.0,8-7-10-12,美浦 辻,458,-6,
202603010508,2026-04-25,福島,8,4歳以上1勝クラス,ダ,1700,右,晴,良,"1回 福島 5日目 サラ系４歳以上 １勝クラス       [指] 定量 15頭 本賞金:820,330,210,120,82万円",15,820.0,12,3,5,トクシージェネラル,牡,5,58.0,横山琉,108.1,3,10,71.5,39.7,6-7-8-11,美浦 辻,522,-6,
202603010508,2026-04-25,福島,8,4歳以上1勝クラス,ダ,1700,右,晴,良,"1回 福島 5日目 サラ系４歳以上 １勝クラス       [指] 定量 15頭 本賞金:820,330,210,120,82万円",15,820.0,13,6,11,シヴァールバーニ,牡,4,58.0,斎藤,109.4,8,15,215.7,40.1,15-15-15-13,栗東 畑端,458,1,
202603010508,2026-04-25,福島,8,4歳以上1勝クラス,ダ,1700,右,晴,良,"1回 福島 5日目 サラ系４歳以上 １勝クラス       [指] 定量 15頭 本賞金:820,330,210,120,82万円",15,820.0,14,8,15,ヒラボクヒーロー,牡,5,58.0,黛,110.2,5,14,166.1,41.0,9-10-14-15,美浦 平岩,484,0,
202603010508,2026-04-25,福島,8,4歳以上1勝クラス,ダ,1700,右,晴,良,"1回 福島 5日目 サラ系４歳以上 １勝クラス       [指] 定量 15頭 本賞金:820,330,210,120,82万円",15,820.0,15,5,8,ロジルーラー,牡,5,58.0,丸山,111.0,5,11,86.0,42.0,11-10-13-13,美浦 稲垣,518,4,
202603010509,2026-04-25,福島,9,雪うさぎ賞,芝,1200,右,晴,良,"1回 福島 5日目 サラ系３歳 １勝クラス       (混)(特指) 馬齢 16頭 本賞金:1140,460,290,170,114万円",16,1140.0,1,1,2,ロジケープ,牡,3,57.0,丹内,67.8,,1,2.1,34.5,6-5,美浦 尾形,490,-16,
202603010509,2026-04-25,福島,9,雪うさぎ賞,芝,1200,右,晴,良,"1回 福島 5日目 サラ系３歳 １勝クラス       (混)(特指) 馬齢 16頭 本賞金:1140,460,290,170,114万円",16,1140.0,2,1,1,マナボニート,牝,3,55.0,富田,68.0,1.1/4,4,12.0,35.3,1-1,栗東 北出,490,8,
202603010509,2026-04-25,福島,9,雪うさぎ賞,芝,1200,右,晴,良,"1回 福島 5日目 サラ系３歳 １勝クラス       (混)(特指) 馬齢 16頭 本賞金:1140,460,290,170,114万円",16,1140.0,3,4,7,ムーンリットアイル,牝,3,55.0,吉田隼,68.1,1/2,3,5.9,35.1,3-2,栗東 武英,450,4,
202603010509,2026-04-25,福島,9,雪うさぎ賞,芝,1200,右,晴,良,"1回 福島 5日目 サラ系３歳 １勝クラス       (混)(特指) 馬齢 16頭 本賞金:1140,460,290,170,114万円",16,1140.0,4,6,11,ロンドンオービタル,牝,3,55.0,横山琉,68.2,1/2,9,26.8,34.4,9-8,美浦 岩戸,430,-2,
202603010509,2026-04-25,福島,9,雪うさぎ賞,芝,1200,右,晴,良,"1回 福島 5日目 サラ系３歳 １勝クラス       (混)(特指) 馬齢 16頭 本賞金:1140,460,290,170,114万円",16,1140.0,5,7,14,ハッピーラッキー,牡,3,57.0,荻野極,68.3,1/2,2,5.0,34.3,11-10,美浦 武市,448,-10,
202603010509,2026-04-25,福島,9,雪うさぎ賞,芝,1200,右,晴,良,"1回 福島 5日目 サラ系３歳 １勝クラス       (混)(特指) 馬齢 16頭 本賞金:1140,460,290,170,114万円",16,1140.0,6,8,16,メローネ,牝,3,55.0,斎藤,68.4,3/4,7,19.9,35.1,6-5,栗東 西園翔,406,-4,
202603010509,2026-04-25,福島,9,雪うさぎ賞,芝,1200,右,晴,良,"1回 福島 5日目 サラ系３歳 １勝クラス       (混)(特指) 馬齢 16頭 本賞金:1140,460,290,170,114万円",16,1140.0,7,5,9,ディヴァインスカイ,牡,3,57.0,丸山,68.5,アタマ,6,18.7,34.6,11-11,美浦 田島,490,0,
202603010509,2026-04-25,福島,9,雪うさぎ賞,芝,1200,右,晴,良,"1回 福島 5日目 サラ系３歳 １勝クラス       (混)(特指) 馬齢 16頭 本賞金:1140,460,290,170,114万円",16,1140.0,8,6,12,ウォーターデライト,牡,3,57.0,亀田,68.6,3/4,8,21.7,35.6,3-2,栗東 高柳大,458,10,
202603010509,2026-04-25,福島,9,雪うさぎ賞,芝,1200,右,晴,良,"1回 福島 5日目 サラ系３歳 １勝クラス       (混)(特指) 馬齢 16頭 本賞金:1140,460,290,170,114万円",16,1140.0,9,2,4,ニシノセイドウ,牡,3,57.0,菊沢,68.6,クビ,5,17.0,34.5,13-13,美浦 伊藤大,446,-2,
202603010509,2026-04-25,福島,9,雪うさぎ賞,芝,1200,右,晴,良,"1回 福島 5日目 サラ系３歳 １勝クラス       (混)(特指) 馬齢 16頭 本賞金:1140,460,290,170,114万円",16,1140.0,10,5,10,メイショウテリオス,牡,3,57.0,長岡,68.8,1,11,52.2,35.2,8-8,栗東 高橋亮,492,2,
202603010509,2026-04-25,福島,9,雪うさぎ賞,芝,1200,右,晴,良,"1回 福島 5日目 サラ系３歳 １勝クラス       (混)(特指) 馬齢 16頭 本賞金:1140,460,290,170,114万円",16,1140.0,11,7,13,フェーダーローター,牝,3,55.0,石神道,69.0,1.1/2,12,76.7,34.5,15-15,美浦 天間,442,0,
202603010509,2026-04-25,福島,9,雪うさぎ賞,芝,1200,右,晴,良,"1回 福島 5日目 サラ系３歳 １勝クラス       (混)(特指) 馬齢 16頭 本賞金:1140,460,290,170,114万円",16,1140.0,12,2,3,カシノリアーナ,牝,3,55.0,菅原隆,69.2,1,15,188.5,35.1,13-13,美浦 天間,434,-4,
202603010509,2026-04-25,福島,9,雪うさぎ賞,芝,1200,右,晴,良,"1回 福島 5日目 サラ系３歳 １勝クラス       (混)(特指) 馬齢 16頭 本賞金:1140,460,290,170,114万円",16,1140.0,13,3,5,ナクソス,牡,3,57.0,小崎,69.4,1.1/4,13,98.4,35.7,9-11,栗東 井上,450,4,
202603010509,2026-04-25,福島,9,雪うさぎ賞,芝,1200,右,晴,良,"1回 福島 5日目 サラ系３歳 １勝クラス       (混)(特指) 馬齢 16頭 本賞金:1140,460,290,170,114万円",16,1140.0,14,3,6,ジャスパールビー,牝,3,55.0,松本,69.7,2,14,127.2,36.6,3-7,栗東 森秀,440,0,
202603010509,2026-04-25,福島,9,雪うさぎ賞,芝,1200,右,晴,良,"1回 福島 5日目 サラ系３歳 １勝クラス       (混)(特指) 馬齢 16頭 本賞金:1140,460,290,170,114万円",16,1140.0,15,8,15,スルーザミル,牝,3,55.0,本田重,70.1,2.1/2,16,309.2,35.4,16-16,地方 野口寛,444,-9,
202603010509,2026-04-25,福島,9,雪うさぎ賞,芝,1200,右,晴,良,"1回 福島 5日目 サラ系３歳 １勝クラス       (混)(特指) 馬齢 16頭 本賞金:1140,460,290,170,114万円",16,1140.0,16,4,8,クワイエットアイ,牡,3,57.0,石川,70.4,2,10,36.8,37.6,2-2,栗東 中竹,466,0,
202603010510,2026-04-25,福島,10,医王寺特別,芝,1200,右,晴,良,"1回 福島 5日目 サラ系４歳以上 ２勝クラス       (混)[指] 定量 16頭 本賞金:1580,630,400,240,158万円",16,1580.0,1,2,4,ウィンストン,牡,4,58.0,和田陽,67.7,,3,5.3,33.5,8-8,栗東 杉山晴,494,-4,
202603010510,2026-04-25,福島,10,医王寺特別,芝,1200,右,晴,良,"1回 福島 5日目 サラ系４歳以上 ２勝クラス       (混)[指] 定量 16頭 本賞金:1580,630,400,240,158万円",16,1580.0,2,4,7,ヴァンヴィーヴ,牡,5,58.0,舟山,67.7,アタマ,2,4.0,33.7,6-5,栗東 牧浦,514,2,
202603010510,2026-04-25,福島,10,医王寺特別,芝,1200,右,晴,良,"1回 福島 5日目 サラ系４歳以上 ２勝クラス       (混)[指] 定量 16頭 本賞金:1580,630,400,240,158万円",16,1580.0,3,6,11,セントールビースト,牡,4,58.0,長岡,67.7,アタマ,10,41.4,33.9,3-3,栗東 羽月,428,-6,
202603010510,2026-04-25,福島,10,医王寺特別,芝,1200,右,晴,良,"1回 福島 5日目 サラ系４歳以上 ２勝クラス       (混)[指] 定量 16頭 本賞金:1580,630,400,240,158万円",16,1580.0,4,3,6,クイーンズデイ,牝,4,56.0,国分恭,67.7,アタマ,5,13.1,33.9,3-3,栗東 岡田,446,-2,
202603010510,2026-04-25,福島,10,医王寺特別,芝,1200,右,晴,良,"1回 福島 5日目 サラ系４歳以上 ２勝クラス       (混)[指] 定量 16頭 本賞金:1580,630,400,240,158万円",16,1580.0,5,8,16,ヴェントゥーラ,牝,4,56.0,斎藤,67.9,3/4,1,2.8,34.5,1-1,栗東 小栗,484,4,
202603010510,2026-04-25,福島,10,医王寺特別,芝,1200,右,晴,良,"1回 福島 5日目 サラ系４歳以上 ２勝クラス       (混)[指] 定量 16頭 本賞金:1580,630,400,240,158万円",16,1580.0,6,5,10,ソレントフレイバー,牡,7,58.0,野中,67.9,アタマ,14,140.7,33.4,12-11,美浦 久保田,496,0,
202603010510,2026-04-25,福島,10,医王寺特別,芝,1200,右,晴,良,"1回 福島 5日目 サラ系４歳以上 ２勝クラス       (混)[指] 定量 16頭 本賞金:1580,630,400,240,158万円",16,1580.0,7,1,2,セイウンデセオ,牝,5,56.0,菊沢,67.9,クビ,6,15.0,33.6,10-9,美浦 小手川,496,6,
202603010510,2026-04-25,福島,10,医王寺特別,芝,1200,右,晴,良,"1回 福島 5日目 サラ系４歳以上 ２勝クラス       (混)[指] 定量 16頭 本賞金:1580,630,400,240,158万円",16,1580.0,8,2,3,インブロリオ,牝,4,56.0,丹内,68.0,クビ,4,9.4,34.0,6-5,栗東 吉村,480,4,
202603010510,2026-04-25,福島,10,医王寺特別,芝,1200,右,晴,良,"1回 福島 5日目 サラ系４歳以上 ２勝クラス       (混)[指] 定量 16頭 本賞金:1580,630,400,240,158万円",16,1580.0,9,5,9,バシレウスシチー,牡,7,58.0,小崎,68.0,クビ,11,47.2,34.4,2-2,栗東 岡田,460,0,
202603010510,2026-04-25,福島,10,医王寺特別,芝,1200,右,晴,良,"1回 福島 5日目 サラ系４歳以上 ２勝クラス       (混)[指] 定量 16頭 本賞金:1580,630,400,240,158万円",16,1580.0,10,3,5,モズトキキ,牝,5,56.0,亀田,68.0,アタマ,8,21.3,33.8,8-9,栗東 平田,538,-14,
202603010510,2026-04-25,福島,10,医王寺特別,芝,1200,右,晴,良,"1回 福島 5日目 サラ系４歳以上 ２勝クラス       (混)[指] 定量 16頭 本賞金:1580,630,400,240,158万円",16,1580.0,11,7,14,シュブロンレーヴル,牝,5,56.0,小沢,68.1,クビ,7,17.1,34.2,5-5,栗東 杉山佳,422,-4,
202603010510,2026-04-25,福島,10,医王寺特別,芝,1200,右,晴,良,"1回 福島 5日目 サラ系４歳以上 ２勝クラス       (混)[指] 定量 16頭 本賞金:1580,630,400,240,158万円",16,1580.0,12,8,15,マイネルラッシュ,牡,6,58.0,石川,68.1,クビ,13,108.2,33.3,14-14,美浦 水野,464,-4,
202603010510,2026-04-25,福島,10,医王寺特別,芝,1200,右,晴,良,"1回 福島 5日目 サラ系４歳以上 ２勝クラス       (混)[指] 定量 16頭 本賞金:1580,630,400,240,158万円",16,1580.0,13,7,13,スネーフリンガ,牝,4,56.0,丸山,68.1,ハナ,15,141.1,33.7,11-11,栗東 森田,462,2,
202603010510,2026-04-25,福島,10,医王寺特別,芝,1200,右,晴,良,"1回 福島 5日目 サラ系４歳以上 ２勝クラス       (混)[指] 定量 16頭 本賞金:1580,630,400,240,158万円",16,1580.0,14,1,1,フミサウンド,牡,6,58.0,木幡初,68.2,3/4,12,106.7,33.6,12-11,美浦 鹿戸,460,2,
202603010510,2026-04-25,福島,10,医王寺特別,芝,1200,右,晴,良,"1回 福島 5日目 サラ系４歳以上 ２勝クラス       (混)[指] 定量 16頭 本賞金:1580,630,400,240,158万円",16,1580.0,15,6,12,マテンロウボンド,牡,7,58.0,富田,68.3,アタマ,9,40.7,33.4,15-15,栗東 野中,504,-2,
202603010510,2026-04-25,福島,10,医王寺特別,芝,1200,右,晴,良,"1回 福島 5日目 サラ系４歳以上 ２勝クラス       (混)[指] 定量 16頭 本賞金:1580,630,400,240,158万円",16,1580.0,16,4,8,タガノスペルノヴァ,牡,8,58.0,横山琉,69.1,5,16,204.9,34.0,16-16,栗東 中尾,418,-10,
202603010511,2026-04-25,福島,11,福島中央テレビ杯,ダ,1150,右,晴,良,"1回 福島 5日目 サラ系４歳以上 ３勝クラス       (混)(特指) 定量 12頭 本賞金:1870,750,470,280,187万円",12,1870.0,1,6,8,プレゼンティーア,牝,5,56.0,松本,67.6,,7,10.4,37.3,2-2,栗東 田中克,492,-2,
202603010511,2026-04-25,福島,11,福島中央テレビ杯,ダ,1150,右,晴,良,"1回 福島 5日目 サラ系４歳以上 ３勝クラス       (混)(特指) 定量 12頭 本賞金:1870,750,470,280,187万円",12,1870.0,2,8,11,ルージュアズライト,牝,6,56.0,荻野極,67.8,1.1/4,1,5.2,36.6,5-3,美浦 森一,450,-6,
202603010511,2026-04-25,福島,11,福島中央テレビ杯,ダ,1150,右,晴,良,"1回 福島 5日目 サラ系４歳以上 ３勝クラス       (混)(特指) 定量 12頭 本賞金:1870,750,470,280,187万円",12,1870.0,3,5,6,ワークソング,牡,5,58.0,国分恭,68.0,1,2,5.3,36.2,10-10,栗東 牧浦,476,-6,
202603010511,2026-04-25,福島,11,福島中央テレビ杯,ダ,1150,右,晴,良,"1回 福島 5日目 サラ系４歳以上 ３勝クラス       (混)(特指) 定量 12頭 本賞金:1870,750,470,280,187万円",12,1870.0,4,3,3,キタノソワレ,牝,5,56.0,丹内,68.0,アタマ,4,6.6,36.4,7-7,美浦 本間,488,8,
202603010511,2026-04-25,福島,11,福島中央テレビ杯,ダ,1150,右,晴,良,"1回 福島 5日目 サラ系４歳以上 ３勝クラス       (混)(特指) 定量 12頭 本賞金:1870,750,470,280,187万円",12,1870.0,5,8,12,カウスリップ,牝,4,56.0,菊沢,68.1,3/4,9,16.0,36.6,7-7,美浦 中舘,536,-6,
202603010511,2026-04-25,福島,11,福島中央テレビ杯,ダ,1150,右,晴,良,"1回 福島 5日目 サラ系４歳以上 ３勝クラス       (混)(特指) 定量 12頭 本賞金:1870,750,470,280,187万円",12,1870.0,6,5,5,ビルカール,牡,6,58.0,石川,68.2,1/2,8,15.5,37.2,4-5,美浦 水野,476,2,
202603010511,2026-04-25,福島,11,福島中央テレビ杯,ダ,1150,右,晴,良,"1回 福島 5日目 サラ系４歳以上 ３勝クラス       (混)(特指) 定量 12頭 本賞金:1870,750,470,280,187万円",12,1870.0,7,6,7,ゴールドハンマー,牝,4,56.0,舟山,68.4,3/4,5,7.8,36.6,10-10,美浦 村田,490,-2,
202603010511,2026-04-25,福島,11,福島中央テレビ杯,ダ,1150,右,晴,良,"1回 福島 5日目 サラ系４歳以上 ３勝クラス       (混)(特指) 定量 12頭 本賞金:1870,750,470,280,187万円",12,1870.0,8,7,9,サザンエルフ,牝,7,56.0,横山琉,68.7,2,10,20.4,37.2,7-7,美浦 中川,486,-6,
202603010511,2026-04-25,福島,11,福島中央テレビ杯,ダ,1150,右,晴,良,"1回 福島 5日目 サラ系４歳以上 ３勝クラス       (混)(特指) 定量 12頭 本賞金:1870,750,470,280,187万円",12,1870.0,9,2,2,イマージョン,牡,4,58.0,丸山,69.2,3,3,6.3,37.9,5-3,栗東 高野,512,0,
202603010511,2026-04-25,福島,11,福島中央テレビ杯,ダ,1150,右,晴,良,"1回 福島 5日目 サラ系４歳以上 ３勝クラス       (混)(特指) 定量 12頭 本賞金:1870,750,470,280,187万円",12,1870.0,10,1,1,ジェネラーレ,牡,5,58.0,富田,69.3,クビ,6,8.0,39.1,1-1,栗東 野中,492,0,
202603010511,2026-04-25,福島,11,福島中央テレビ杯,ダ,1150,右,晴,良,"1回 福島 5日目 サラ系４歳以上 ３勝クラス       (混)(特指) 定量 12頭 本賞金:1870,750,470,280,187万円",12,1870.0,11,7,10,シャカシャカシー,牡,5,58.0,長岡,69.7,2.1/2,11,24.9,39.0,3-5,栗東 茶木,524,2,
202603010511,2026-04-25,福島,11,福島中央テレビ杯,ダ,1150,右,晴,良,"1回 福島 5日目 サラ系４歳以上 ３勝クラス       (混)(特指) 定量 12頭 本賞金:1870,750,470,280,187万円",12,1870.0,,4,4,スノーサイレンス,牝,4,56.0,斎藤,,,,,,,栗東 小栗,,,取消
202603010512,2026-04-25,福島,12,4歳以上1勝クラス,芝,1800,右,晴,良,"1回 福島 5日目 サラ系４歳以上 １勝クラス       牝[指] 定量 16頭 本賞金:820,330,210,120,82万円",16,820.0,1,2,4,モアニ,牝,5,56.0,丸山,106.9,,7,12.0,34.7,16-16-15-11,栗東 高橋康,464,-10,
202603010512,2026-04-25,福島,12,4歳以上1勝クラス,芝,1800,右,晴,良,"1回 福島 5日目 サラ系４歳以上 １勝クラス       牝[指] 定量 16頭 本賞金:820,330,210,120,82万円",16,820.0,2,1,1,グランセゾン,牝,4,56.0,斎藤,107.1,1,2,5.2,36.0,6-6-6-4,美浦 栗田,468,4,
202603010512,2026-04-25,福島,12,4歳以上1勝クラス,芝,1800,右,晴,良,"1回 福島 5日目 サラ系４歳以上 １勝クラス       牝[指] 定量 16頭 本賞金:820,330,210,120,82万円",16,820.0,3,7,13,クイーンズワーフ,牝,5,52.0,★河原田,107.2,3/4,5,8.6,36.6,2-2-2-2,美浦 青木,442,-10,
202603010512,2026-04-25,福島,12,4歳以上1勝クラス,芝,1800,右,晴,良,"1回 福島 5日目 サラ系４歳以上 １勝クラス       牝[指] 定量 16頭 本賞金:820,330,210,120,82万円",16,820.0,4,8,16,オリーボーレン,牝,5,56.0,西塚,107.5,1.3/4,3,5.6,36.8,3-3-3-3,栗東 藤岡健,486,18,
202603010512,2026-04-25,福島,12,4歳以上1勝クラス,芝,1800,右,晴,良,"1回 福島 5日目 サラ系４歳以上 １勝クラス       牝[指] 定量 16頭 本賞金:820,330,210,120,82万円",16,820.0,5,5,9,キューティリップ,牝,4,56.0,武藤,107.5,クビ,1,4.2,36.0,11-12-9-9,美浦 戸田,448,-2,
202603010512,2026-04-25,福島,12,4歳以上1勝クラス,芝,1800,右,晴,良,"1回 福島 5日目 サラ系４歳以上 １勝クラス       牝[指] 定量 16頭 本賞金:820,330,210,120,82万円",16,820.0,6,5,10,ペプロス,牝,4,56.0,菊沢,107.6,クビ,6,11.0,36.0,15-15-11-10,美浦 矢野,470,0,
202603010512,2026-04-25,福島,12,4歳以上1勝クラス,芝,1800,右,晴,良,"1回 福島 5日目 サラ系４歳以上 １勝クラス       牝[指] 定量 16頭 本賞金:820,330,210,120,82万円",16,820.0,7,6,12,レモンバーム,牝,4,53.0,▲石神道,107.8,1,4,6.0,37.4,1-1-1-1,美浦 嘉藤,452,4,
202603010512,2026-04-25,福島,12,4歳以上1勝クラス,芝,1800,右,晴,良,"1回 福島 5日目 サラ系４歳以上 １勝クラス       牝[指] 定量 16頭 本賞金:820,330,210,120,82万円",16,820.0,8,3,6,カポレイラ,牝,4,56.0,横山琉,107.9,1/2,13,67.4,36.2,11-11-13-13,美浦 中舘,444,-14,
202603010512,2026-04-25,福島,12,4歳以上1勝クラス,芝,1800,右,晴,良,"1回 福島 5日目 サラ系４歳以上 １勝クラス       牝[指] 定量 16頭 本賞金:820,330,210,120,82万円",16,820.0,9,8,15,リアルセンター,牝,5,54.0,△舟山,108.0,1/2,11,51.3,36.9,7-6-6-4,美浦 千葉,510,0,
202603010512,2026-04-25,福島,12,4歳以上1勝クラス,芝,1800,右,晴,良,"1回 福島 5日目 サラ系４歳以上 １勝クラス       牝[指] 定量 16頭 本賞金:820,330,210,120,82万円",16,820.0,10,1,2,ニシノコマチムスメ,牝,5,56.0,小沢,108.0,ハナ,9,22.4,36.9,7-6-6-8,美浦 松山,438,-10,
202603010512,2026-04-25,福島,12,4歳以上1勝クラス,芝,1800,右,晴,良,"1回 福島 5日目 サラ系４歳以上 １勝クラス       牝[指] 定量 16頭 本賞金:820,330,210,120,82万円",16,820.0,11,4,7,ラッキーダンス,牝,4,53.0,▲石田,108.1,3/4,10,41.6,36.5,7-9-11-12,美浦 新開,438,-6,
202603010512,2026-04-25,福島,12,4歳以上1勝クラス,芝,1800,右,晴,良,"1回 福島 5日目 サラ系４歳以上 １勝クラス       牝[指] 定量 16頭 本賞金:820,330,210,120,82万円",16,820.0,12,2,3,アルシャンティ,牝,4,56.0,嶋田,108.3,1.1/2,14,116.3,37.5,3-3-3-4,美浦 室井,426,-2,
202603010512,2026-04-25,福島,12,4歳以上1勝クラス,芝,1800,右,晴,良,"1回 福島 5日目 サラ系４歳以上 １勝クラス       牝[指] 定量 16頭 本賞金:820,330,210,120,82万円",16,820.0,13,6,11,エナジーショット,牝,4,56.0,丹内,108.4,1/2,8,17.7,37.6,5-3-3-4,美浦 矢嶋,420,2,
202603010512,2026-04-25,福島,12,4歳以上1勝クラス,芝,1800,右,晴,良,"1回 福島 5日目 サラ系４歳以上 １勝クラス       牝[指] 定量 16頭 本賞金:820,330,210,120,82万円",16,820.0,14,3,5,ウインアリス,牝,5,56.0,黛,109.1,4,16,236.9,36.9,13-13-15-16,美浦 柄崎,472,-6,
202603010512,2026-04-25,福島,12,4歳以上1勝クラス,芝,1800,右,晴,良,"1回 福島 5日目 サラ系４歳以上 １勝クラス       牝[指] 定量 16頭 本賞金:820,330,210,120,82万円",16,820.0,15,4,8,ビスケットマリー,牝,4,53.0,▲遠藤,109.6,3,15,190.1,37.7,13-13-14-15,美浦 和田雄,414,-18,
202603010512,2026-04-25,福島,12,4歳以上1勝クラス,芝,1800,右,晴,良,"1回 福島 5日目 サラ系４歳以上 １勝クラス       牝[指] 定量 16頭 本賞金:820,330,210,120,82万円",16,820.0,16,7,14,ハレアカラフラ,牝,6,56.0,松本,110.3,4,12,55.0,38.9,10-10-9-13,栗東 吉田,452,-10,
202605020101,2026-04-25,東京,1,3歳未勝利,ダ,1600,左,曇,稍,"2回 東京 1日目 サラ系３歳 未勝利       牝[指] 馬齢 14頭 本賞金:590,240,150,89,59万円",14,590.0,1,8,13,リケアマカロニ,牝,3,55.0,横山和,99.0,,3,5.3,37.4,12-11,美浦 小野,474,2,
202605020101,2026-04-25,東京,1,3歳未勝利,ダ,1600,左,曇,稍,"2回 東京 1日目 サラ系３歳 未勝利       牝[指] 馬齢 14頭 本賞金:590,240,150,89,59万円",14,590.0,2,7,12,エリカビアリッツ,牝,3,55.0,レーン,99.3,2,1,1.8,38.5,10-5,美浦 堀,454,0,
202605020101,2026-04-25,東京,1,3歳未勝利,ダ,1600,左,曇,稍,"2回 東京 1日目 サラ系３歳 未勝利       牝[指] 馬齢 14頭 本賞金:590,240,150,89,59万円",14,590.0,3,5,8,サーロー,牝,3,55.0,佐々木,99.5,1,7,40.7,38.8,3-3,美浦 勢司,474,-4,
202605020101,2026-04-25,東京,1,3歳未勝利,ダ,1600,左,曇,稍,"2回 東京 1日目 サラ系３歳 未勝利       牝[指] 馬齢 14頭 本賞金:590,240,150,89,59万円",14,590.0,4,6,9,ロット,牝,3,55.0,柴田大,100.3,5,11,191.2,38.9,13-10,美浦 本間,424,4,
202605020101,2026-04-25,東京,1,3歳未勝利,ダ,1600,左,曇,稍,"2回 東京 1日目 サラ系３歳 未勝利       牝[指] 馬齢 14頭 本賞金:590,240,150,89,59万円",14,590.0,5,4,6,バターショコラ,牝,3,55.0,岩田康,100.3,クビ,4,7.0,39.5,11-5,美浦 戸田,454,-8,
202605020101,2026-04-25,東京,1,3歳未勝利,ダ,1600,左,曇,稍,"2回 東京 1日目 サラ系３歳 未勝利       牝[指] 馬齢 14頭 本賞金:590,240,150,89,59万円",14,590.0,6,8,14,ダイユウアドバンス,牝,3,52.0,▲佐藤,100.5,1.1/4,10,97.3,39.4,6-8,美浦 松永康,500,4,
202605020101,2026-04-25,東京,1,3歳未勝利,ダ,1600,左,曇,稍,"2回 東京 1日目 サラ系３歳 未勝利       牝[指] 馬齢 14頭 本賞金:590,240,150,89,59万円",14,590.0,7,3,4,ソフィアプルーマ,牝,3,53.0,△長浜,100.9,2.1/2,12,218.6,40.1,5-5,美浦 上原博,440,2,
202605020101,2026-04-25,東京,1,3歳未勝利,ダ,1600,左,曇,稍,"2回 東京 1日目 サラ系３歳 未勝利       牝[指] 馬齢 14頭 本賞金:590,240,150,89,59万円",14,590.0,8,1,1,アルペンローゼ,牝,3,55.0,北村友,101.1,1.1/4,5,15.4,40.8,3-2,美浦 栗田,482,-4,
202605020101,2026-04-25,東京,1,3歳未勝利,ダ,1600,左,曇,稍,"2回 東京 1日目 サラ系３歳 未勝利       牝[指] 馬齢 14頭 本賞金:590,240,150,89,59万円",14,590.0,9,7,11,ローズライズ,牝,3,51.0,★谷原,101.8,4,13,246.2,39.5,14-14,美浦 伊藤圭,442,-2,
202605020101,2026-04-25,東京,1,3歳未勝利,ダ,1600,左,曇,稍,"2回 東京 1日目 サラ系３歳 未勝利       牝[指] 馬齢 14頭 本賞金:590,240,150,89,59万円",14,590.0,10,4,5,アンチェーン,牝,3,55.0,ディー,102.3,3.1/2,2,5.1,41.1,6-9,美浦 嘉藤,512,-6,
202605020101,2026-04-25,東京,1,3歳未勝利,ダ,1600,左,曇,稍,"2回 東京 1日目 サラ系３歳 未勝利       牝[指] 馬齢 14頭 本賞金:590,240,150,89,59万円",14,590.0,11,5,7,ハピネスドリーム,牝,3,55.0,戸崎圭,102.5,1,6,29.9,40.8,6-11,美浦 木村,408,0,
202605020101,2026-04-25,東京,1,3歳未勝利,ダ,1600,左,曇,稍,"2回 東京 1日目 サラ系３歳 未勝利       牝[指] 馬齢 14頭 本賞金:590,240,150,89,59万円",14,590.0,12,2,2,ロンドンプライド,牝,3,55.0,吉田豊,102.8,1.3/4,8,52.0,42.9,1-1,美浦 竹内,466,38,
202605020101,2026-04-25,東京,1,3歳未勝利,ダ,1600,左,曇,稍,"2回 東京 1日目 サラ系３歳 未勝利       牝[指] 馬齢 14頭 本賞金:590,240,150,89,59万円",14,590.0,13,3,3,イサチルニャーニャ,牝,3,55.0,中井,104.2,8,14,407.6,43.6,2-3,美浦 竹内,428,2,
202605020101,2026-04-25,東京,1,3歳未勝利,ダ,1600,左,曇,稍,"2回 東京 1日目 サラ系３歳 未勝利       牝[指] 馬齢 14頭 本賞金:590,240,150,89,59万円",14,590.0,14,6,10,アッシュグレイス,牝,3,53.0,◇永島,104.8,3.1/2,9,87.5,42.9,6-13,美浦 上原博,450,-4,
202605020102,2026-04-25,東京,2,3歳未勝利,ダ,1400,左,曇,稍,"2回 東京 1日目 サラ系３歳 未勝利       (混)[指] 馬齢 16頭 本賞金:590,240,150,89,59万円",16,590.0,1,2,4,カフェシューター,牡,3,57.0,田辺,85.6,,3,5.2,37.1,2-2,美浦 中舘,516,0,
202605020102,2026-04-25,東京,2,3歳未勝利,ダ,1400,左,曇,稍,"2回 東京 1日目 サラ系３歳 未勝利       (混)[指] 馬齢 16頭 本賞金:590,240,150,89,59万円",16,590.0,2,8,16,ライカ,牡,3,57.0,大野,86.0,2,2,5.0,36.8,9-7,美浦 杉浦,444,2,
202605020102,2026-04-25,東京,2,3歳未勝利,ダ,1400,左,曇,稍,"2回 東京 1日目 サラ系３歳 未勝利       (混)[指] 馬齢 16頭 本賞金:590,240,150,89,59万円",16,590.0,3,7,14,ラッキーモア,牡,3,57.0,坂井,86.1,1,7,18.0,36.3,11-11,美浦 尾関,486,0,
202605020102,2026-04-25,東京,2,3歳未勝利,ダ,1400,左,曇,稍,"2回 東京 1日目 サラ系３歳 未勝利       (混)[指] 馬齢 16頭 本賞金:590,240,150,89,59万円",16,590.0,4,7,13,ココラッシー,牡,3,57.0,レーン,86.1,クビ,1,3.4,37.1,5-6,美浦 室井,446,2,
202605020102,2026-04-25,東京,2,3歳未勝利,ダ,1400,左,曇,稍,"2回 東京 1日目 サラ系３歳 未勝利       (混)[指] 馬齢 16頭 本賞金:590,240,150,89,59万円",16,590.0,5,6,12,コパノミラノ,牡,3,57.0,柴田大,86.3,1,10,52.4,37.0,9-8,美浦 上原博,488,2,
202605020102,2026-04-25,東京,2,3歳未勝利,ダ,1400,左,曇,稍,"2回 東京 1日目 サラ系３歳 未勝利       (混)[指] 馬齢 16頭 本賞金:590,240,150,89,59万円",16,590.0,6,8,15,サリーアン,牡,3,57.0,横山武,86.6,2,8,19.7,37.7,6-3,美浦 鈴木伸,456,-8,
202605020102,2026-04-25,東京,2,3歳未勝利,ダ,1400,左,曇,稍,"2回 東京 1日目 サラ系３歳 未勝利       (混)[指] 馬齢 16頭 本賞金:590,240,150,89,59万円",16,590.0,7,1,2,ウェスケンジントン,牡,3,57.0,中井,86.7,1/2,5,9.1,36.9,14-11,美浦 小野,484,8,
202605020102,2026-04-25,東京,2,3歳未勝利,ダ,1400,左,曇,稍,"2回 東京 1日目 サラ系３歳 未勝利       (混)[指] 馬齢 16頭 本賞金:590,240,150,89,59万円",16,590.0,8,4,7,コロッセウム,牡,3,57.0,石橋脩,86.7,クビ,13,143.7,36.4,16-15,美浦 清水英,458,4,
202605020102,2026-04-25,東京,2,3歳未勝利,ダ,1400,左,曇,稍,"2回 東京 1日目 サラ系３歳 未勝利       (混)[指] 馬齢 16頭 本賞金:590,240,150,89,59万円",16,590.0,9,6,11,マカホウ,牡,3,57.0,矢野貴,87.0,1.3/4,9,47.1,38.2,3-3,栗東 田中克,480,-6,
202605020102,2026-04-25,東京,2,3歳未勝利,ダ,1400,左,曇,稍,"2回 東京 1日目 サラ系３歳 未勝利       (混)[指] 馬齢 16頭 本賞金:590,240,150,89,59万円",16,590.0,10,1,1,レッドジェルブロワ,牡,3,57.0,ディー,87.3,2,12,90.3,37.1,14-15,美浦 鹿戸,446,4,
202605020102,2026-04-25,東京,2,3歳未勝利,ダ,1400,左,曇,稍,"2回 東京 1日目 サラ系３歳 未勝利       (混)[指] 馬齢 16頭 本賞金:590,240,150,89,59万円",16,590.0,11,5,9,マスターストーン,牡,3,57.0,横山和,87.4,1/2,6,10.9,37.4,13-13,栗東 前川,566,6,
202605020102,2026-04-25,東京,2,3歳未勝利,ダ,1400,左,曇,稍,"2回 東京 1日目 サラ系３歳 未勝利       (混)[指] 馬齢 16頭 本賞金:590,240,150,89,59万円",16,590.0,12,3,5,ヘイスティハート,牡,3,57.0,津村,87.5,1/2,4,5.5,39.1,1-1,美浦 小笠,470,0,
202605020102,2026-04-25,東京,2,3歳未勝利,ダ,1400,左,曇,稍,"2回 東京 1日目 サラ系３歳 未勝利       (混)[指] 馬齢 16頭 本賞金:590,240,150,89,59万円",16,590.0,13,3,6,カラクリスピリッツ,牝,3,55.0,岩田康,87.5,ハナ,11,79.8,37.6,11-13,美浦 斎藤誠,464,4,
202605020102,2026-04-25,東京,2,3歳未勝利,ダ,1400,左,曇,稍,"2回 東京 1日目 サラ系３歳 未勝利       (混)[指] 馬齢 16頭 本賞金:590,240,150,89,59万円",16,590.0,14,4,8,グリュック,牡,3,55.0,△長浜,88.3,5,15,355.7,39.0,6-8,美浦 和田郎,512,2,
202605020102,2026-04-25,東京,2,3歳未勝利,ダ,1400,左,曇,稍,"2回 東京 1日目 サラ系３歳 未勝利       (混)[指] 馬齢 16頭 本賞金:590,240,150,89,59万円",16,590.0,15,2,3,ミュークトーマス,牡,3,54.0,▲佐藤,88.7,2.1/2,14,314.2,39.1,8-10,美浦 粕谷,384,-2,
202605020102,2026-04-25,東京,2,3歳未勝利,ダ,1400,左,曇,稍,"2回 東京 1日目 サラ系３歳 未勝利       (混)[指] 馬齢 16頭 本賞金:590,240,150,89,59万円",16,590.0,16,5,10,ニシノバリキング,牡,3,57.0,原田和,89.4,4,16,400.4,40.6,3-3,美浦 小手川,520,-6,
202605020103,2026-04-25,東京,3,3歳未勝利,ダ,2100,左,曇,稍,"2回 東京 1日目 サラ系３歳 未勝利       (混)[指] 馬齢 13頭 本賞金:590,240,150,89,59万円",13,590.0,1,5,6,アイアムジャイアン,牡,3,55.0,△長浜,132.8,,1,2.0,38.2,6-3-4-3,美浦 奥平,564,6,
202605020103,2026-04-25,東京,3,3歳未勝利,ダ,2100,左,曇,稍,"2回 東京 1日目 サラ系３歳 未勝利       (混)[指] 馬齢 13頭 本賞金:590,240,150,89,59万円",13,590.0,2,7,11,モデレートゲイル,牡,3,57.0,吉田豊,133.5,4,2,3.0,38.7,6-5-4-5,美浦 戸田,514,6,
202605020103,2026-04-25,東京,3,3歳未勝利,ダ,2100,左,曇,稍,"2回 東京 1日目 サラ系３歳 未勝利       (混)[指] 馬齢 13頭 本賞金:590,240,150,89,59万円",13,590.0,3,4,5,キタイノホシ,牡,3,57.0,石橋脩,134.4,5,9,63.5,39.5,3-3-6-6,美浦 蛯名利,442,-4,
202605020103,2026-04-25,東京,3,3歳未勝利,ダ,2100,左,曇,稍,"2回 東京 1日目 サラ系３歳 未勝利       (混)[指] 馬齢 13頭 本賞金:590,240,150,89,59万円",13,590.0,4,1,1,ウェイヴムーン,牡,3,57.0,池添,134.5,1/2,6,18.9,40.1,1-1-1-1,栗東 石坂,486,-4,
202605020103,2026-04-25,東京,3,3歳未勝利,ダ,2100,左,曇,稍,"2回 東京 1日目 サラ系３歳 未勝利       (混)[指] 馬齢 13頭 本賞金:590,240,150,89,59万円",13,590.0,5,7,10,チャリティチャリス,牡,3,55.0,◇永島,134.5,ハナ,11,143.6,38.8,13-13-11-11,美浦 浅利,466,-4,
202605020103,2026-04-25,東京,3,3歳未勝利,ダ,2100,左,曇,稍,"2回 東京 1日目 サラ系３歳 未勝利       (混)[指] 馬齢 13頭 本賞金:590,240,150,89,59万円",13,590.0,6,2,2,オーキッドワン,牡,3,57.0,柴田大,134.7,3/4,12,181.0,39.8,10-7-6-6,美浦 水野,454,4,
202605020103,2026-04-25,東京,3,3歳未勝利,ダ,2100,左,曇,稍,"2回 東京 1日目 サラ系３歳 未勝利       (混)[指] 馬齢 13頭 本賞金:590,240,150,89,59万円",13,590.0,7,4,4,コスモラムバック,牡,3,57.0,木幡巧,134.7,ハナ,3,7.7,40.2,2-2-2-2,美浦 水野,502,6,
202605020103,2026-04-25,東京,3,3歳未勝利,ダ,2100,左,曇,稍,"2回 東京 1日目 サラ系３歳 未勝利       (混)[指] 馬齢 13頭 本賞金:590,240,150,89,59万円",13,590.0,8,5,7,ネイティヴプライド,牡,3,57.0,ディー,134.8,1/2,4,9.9,39.6,4-5-8-8,美浦 高木,474,-4,
202605020103,2026-04-25,東京,3,3歳未勝利,ダ,2100,左,曇,稍,"2回 東京 1日目 サラ系３歳 未勝利       (混)[指] 馬齢 13頭 本賞金:590,240,150,89,59万円",13,590.0,9,8,12,アーティキュレート,牡,3,57.0,岩田康,135.5,4,5,13.1,40.8,8-9-2-3,美浦 手塚久,496,6,
202605020103,2026-04-25,東京,3,3歳未勝利,ダ,2100,左,曇,稍,"2回 東京 1日目 サラ系３歳 未勝利       (混)[指] 馬齢 13頭 本賞金:590,240,150,89,59万円",13,590.0,10,8,13,グランフィエスタ,牡,3,57.0,矢野貴,135.5,クビ,7,51.5,40.1,11-11-9-9,美浦 稲垣,494,-8,
202605020103,2026-04-25,東京,3,3歳未勝利,ダ,2100,左,曇,稍,"2回 東京 1日目 サラ系３歳 未勝利       (混)[指] 馬齢 13頭 本賞金:590,240,150,89,59万円",13,590.0,11,6,9,テンレディーゴー,牡,3,57.0,佐々木,135.6,クビ,8,54.4,38.9,4-7-12-13,美浦 菊川,482,-2,
202605020103,2026-04-25,東京,3,3歳未勝利,ダ,2100,左,曇,稍,"2回 東京 1日目 サラ系３歳 未勝利       (混)[指] 馬齢 13頭 本賞金:590,240,150,89,59万円",13,590.0,12,3,3,ウインエンブレム,牡,3,54.0,▲佐藤,136.5,5,10,87.2,40.8,11-11-12-11,美浦 小手川,504,-10,
202605020103,2026-04-25,東京,3,3歳未勝利,ダ,2100,左,曇,稍,"2回 東京 1日目 サラ系３歳 未勝利       (混)[指] 馬齢 13頭 本賞金:590,240,150,89,59万円",13,590.0,13,6,8,モメンタムシフト,牡,3,57.0,小林脩,137.0,3,13,410.7,41.6,9-10-9-9,美浦 鈴木慎,496,2,
202605020104,2026-04-25,東京,4,3歳未勝利,芝,1800,左,曇,良,"2回 東京 1日目 サラ系３歳 未勝利       牝[指] 馬齢 15頭 本賞金:590,240,150,89,59万円",15,590.0,1,7,12,シニャンガ,牝,3,55.0,ルメー,107.6,,1,1.5,34.0,5-5-5,美浦 鹿戸,470,-10,
202605020104,2026-04-25,東京,4,3歳未勝利,芝,1800,左,曇,良,"2回 東京 1日目 サラ系３歳 未勝利       牝[指] 馬齢 15頭 本賞金:590,240,150,89,59万円",15,590.0,2,1,1,カンティーナ,牝,3,55.0,大野,107.6,クビ,3,7.4,33.9,5-7-7,美浦 堀内,472,-2,
202605020104,2026-04-25,東京,4,3歳未勝利,芝,1800,左,曇,良,"2回 東京 1日目 サラ系３歳 未勝利       牝[指] 馬齢 15頭 本賞金:590,240,150,89,59万円",15,590.0,3,2,2,ペカリーナ,牝,3,55.0,田辺,107.9,1.3/4,6,25.8,34.8,1-1-1,美浦 竹内,462,6,
202605020104,2026-04-25,東京,4,3歳未勝利,芝,1800,左,曇,良,"2回 東京 1日目 サラ系３歳 未勝利       牝[指] 馬齢 15頭 本賞金:590,240,150,89,59万円",15,590.0,4,6,10,ビップジョワ,牝,3,55.0,横山武,108.1,1.1/4,5,24.9,34.9,4-2-2,美浦 高柳瑞,416,0,
202605020104,2026-04-25,東京,4,3歳未勝利,芝,1800,左,曇,良,"2回 東京 1日目 サラ系３歳 未勝利       牝[指] 馬齢 15頭 本賞金:590,240,150,89,59万円",15,590.0,5,8,15,ルージュラベル,牝,3,55.0,三浦,108.4,1.3/4,4,9.3,35.0,8-3-3,美浦 鹿戸,426,0,
202605020104,2026-04-25,東京,4,3歳未勝利,芝,1800,左,曇,良,"2回 東京 1日目 サラ系３歳 未勝利       牝[指] 馬齢 15頭 本賞金:590,240,150,89,59万円",15,590.0,6,7,13,ピースフルマインド,牝,3,55.0,戸崎圭,108.5,1/2,2,5.1,34.6,8-7-8,美浦 伊坂,448,8,
202605020104,2026-04-25,東京,4,3歳未勝利,芝,1800,左,曇,良,"2回 東京 1日目 サラ系３歳 未勝利       牝[指] 馬齢 15頭 本賞金:590,240,150,89,59万円",15,590.0,7,4,6,ミライヘノティアラ,牝,3,55.0,北村宏,108.7,1.1/2,8,41.2,35.1,2-5-5,美浦 伊藤大,496,-2,
202605020104,2026-04-25,東京,4,3歳未勝利,芝,1800,左,曇,良,"2回 東京 1日目 サラ系３歳 未勝利       牝[指] 馬齢 15頭 本賞金:590,240,150,89,59万円",15,590.0,8,3,5,フレキシブル,牝,3,55.0,岩田康,108.8,クビ,7,31.7,34.5,14-14-12,美浦 斎藤誠,440,8,
202605020104,2026-04-25,東京,4,3歳未勝利,芝,1800,左,曇,良,"2回 東京 1日目 サラ系３歳 未勝利       牝[指] 馬齢 15頭 本賞金:590,240,150,89,59万円",15,590.0,9,5,9,アルケミラモリス,牝,3,55.0,吉田豊,108.8,アタマ,10,99.0,34.9,5-7-8,美浦 粕谷,468,2,
202605020104,2026-04-25,東京,4,3歳未勝利,芝,1800,左,曇,良,"2回 東京 1日目 サラ系３歳 未勝利       牝[指] 馬齢 15頭 本賞金:590,240,150,89,59万円",15,590.0,10,4,7,アンジェラス,牝,3,55.0,横山和,108.9,1,9,76.4,34.2,13-13-15,美浦 上原佑,428,-6,
202605020104,2026-04-25,東京,4,3歳未勝利,芝,1800,左,曇,良,"2回 東京 1日目 サラ系３歳 未勝利       牝[指] 馬齢 15頭 本賞金:590,240,150,89,59万円",15,590.0,11,3,4,カフェオリーブ,牝,3,53.0,△長浜,109.0,クビ,14,327.7,35.5,2-3-3,美浦 古賀慎,438,2,
202605020104,2026-04-25,東京,4,3歳未勝利,芝,1800,左,曇,良,"2回 東京 1日目 サラ系３歳 未勝利       牝[指] 馬齢 15頭 本賞金:590,240,150,89,59万円",15,590.0,12,6,11,シラカワゴウ,牝,3,55.0,原田和,109.3,2,12,281.7,35.2,8-7-10,美浦 上原博,482,-6,
202605020104,2026-04-25,東京,4,3歳未勝利,芝,1800,左,曇,良,"2回 東京 1日目 サラ系３歳 未勝利       牝[指] 馬齢 15頭 本賞金:590,240,150,89,59万円",15,590.0,13,2,3,ビオトープ,牝,3,55.0,矢野貴,109.4,1/2,13,311.2,35.4,8-11-10,美浦 佐藤吉,452,2,
202605020104,2026-04-25,東京,4,3歳未勝利,芝,1800,左,曇,良,"2回 東京 1日目 サラ系３歳 未勝利       牝[指] 馬齢 15頭 本賞金:590,240,150,89,59万円",15,590.0,14,8,14,ミスデルマー,牝,3,53.0,◇永島,109.5,1/2,15,470.0,35.2,8-12-12,美浦 和田郎,436,2,
202605020104,2026-04-25,東京,4,3歳未勝利,芝,1800,左,曇,良,"2回 東京 1日目 サラ系３歳 未勝利       牝[指] 馬齢 15頭 本賞金:590,240,150,89,59万円",15,590.0,15,5,8,インサラータ,牝,3,55.0,池添,110.4,5,11,268.8,35.9,14-14-14,美浦 小笠,430,-10,
202605020105,2026-04-25,東京,5,3歳未勝利,芝,1400,左,晴,良,"2回 東京 1日目 サラ系３歳 未勝利       (混)[指] 馬齢 18頭 本賞金:590,240,150,89,59万円",18,590.0,1,2,3,リラ,牝,3,55.0,佐々木,81.3,,2,5.2,34.0,4-4,美浦 蛯名正,420,-4,
202605020105,2026-04-25,東京,5,3歳未勝利,芝,1400,左,晴,良,"2回 東京 1日目 サラ系３歳 未勝利       (混)[指] 馬齢 18頭 本賞金:590,240,150,89,59万円",18,590.0,2,3,6,グランマエストロ,牡,3,57.0,ルメー,81.6,1.1/2,1,2.2,34.2,7-6,美浦 木村,490,0,
202605020105,2026-04-25,東京,5,3歳未勝利,芝,1400,左,晴,良,"2回 東京 1日目 サラ系３歳 未勝利       (混)[指] 馬齢 18頭 本賞金:590,240,150,89,59万円",18,590.0,3,1,2,カズノダイジョウ,牝,3,55.0,横山典,81.6,ハナ,5,13.5,34.0,9-9,美浦 浅利,528,4,
202605020105,2026-04-25,東京,5,3歳未勝利,芝,1400,左,晴,良,"2回 東京 1日目 サラ系３歳 未勝利       (混)[指] 馬齢 18頭 本賞金:590,240,150,89,59万円",18,590.0,4,6,12,ニシノマーレ,牝,3,52.0,▲佐藤,81.7,1/2,6,18.0,34.6,1-1,美浦 伊藤大,400,0,
202605020105,2026-04-25,東京,5,3歳未勝利,芝,1400,左,晴,良,"2回 東京 1日目 サラ系３歳 未勝利       (混)[指] 馬齢 18頭 本賞金:590,240,150,89,59万円",18,590.0,5,5,9,アリアス,牝,3,55.0,三浦,82.0,1.3/4,8,20.9,34.2,10-10,美浦 高柳瑞,424,-2,
202605020105,2026-04-25,東京,5,3歳未勝利,芝,1400,左,晴,良,"2回 東京 1日目 サラ系３歳 未勝利       (混)[指] 馬齢 18頭 本賞金:590,240,150,89,59万円",18,590.0,6,3,5,ルージュアストレア,牝,3,55.0,戸崎圭,82.0,クビ,4,7.0,34.8,2-2,美浦 栗田,424,8,
202605020105,2026-04-25,東京,5,3歳未勝利,芝,1400,左,晴,良,"2回 東京 1日目 サラ系３歳 未勝利       (混)[指] 馬齢 18頭 本賞金:590,240,150,89,59万円",18,590.0,7,8,17,アドマイヤパープル,牝,3,55.0,津村,82.1,3/4,11,60.7,34.1,13-14,美浦 宮田,434,-2,
202605020105,2026-04-25,東京,5,3歳未勝利,芝,1400,左,晴,良,"2回 東京 1日目 サラ系３歳 未勝利       (混)[指] 馬齢 18頭 本賞金:590,240,150,89,59万円",18,590.0,8,4,8,ハネマン,牝,3,55.0,原田和,82.3,1.1/4,14,257.1,34.4,10-12,美浦 伊坂,422,4,
202605020105,2026-04-25,東京,5,3歳未勝利,芝,1400,左,晴,良,"2回 東京 1日目 サラ系３歳 未勝利       (混)[指] 馬齢 18頭 本賞金:590,240,150,89,59万円",18,590.0,9,6,11,ダノンケリー,牝,3,55.0,横山武,82.4,1/2,3,6.9,34.7,10-10,美浦 尾関,406,2,
202605020105,2026-04-25,東京,5,3歳未勝利,芝,1400,左,晴,良,"2回 東京 1日目 サラ系３歳 未勝利       (混)[指] 馬齢 18頭 本賞金:590,240,150,89,59万円",18,590.0,10,7,15,ジュニートワン,牡,3,57.0,岩田康,82.4,クビ,12,66.1,34.9,4-6,美浦 武井,440,10,
202605020105,2026-04-25,東京,5,3歳未勝利,芝,1400,左,晴,良,"2回 東京 1日目 サラ系３歳 未勝利       (混)[指] 馬齢 18頭 本賞金:590,240,150,89,59万円",18,590.0,11,7,14,ミスティユニバンス,牝,3,55.0,ディー,82.5,3/4,9,26.9,35.0,7-6,美浦 加藤征,436,-6,
202605020105,2026-04-25,東京,5,3歳未勝利,芝,1400,左,晴,良,"2回 東京 1日目 サラ系３歳 未勝利       (混)[指] 馬齢 18頭 本賞金:590,240,150,89,59万円",18,590.0,12,7,13,ジューンレトリバー,牡,3,57.0,横山和,82.5,ハナ,10,48.3,35.3,2-2,栗東 長谷川,482,-4,
202605020105,2026-04-25,東京,5,3歳未勝利,芝,1400,左,晴,良,"2回 東京 1日目 サラ系３歳 未勝利       (混)[指] 馬齢 18頭 本賞金:590,240,150,89,59万円",18,590.0,13,5,10,ノブピースオブラブ,牡,3,57.0,田辺,82.5,アタマ,16,315.5,34.1,17-17,美浦 小島,468,-2,
202605020105,2026-04-25,東京,5,3歳未勝利,芝,1400,左,晴,良,"2回 東京 1日目 サラ系３歳 未勝利       (混)[指] 馬齢 18頭 本賞金:590,240,150,89,59万円",18,590.0,14,4,7,ペリバジャ,牝,3,55.0,矢野貴,82.6,アタマ,15,303.1,34.4,13-15,美浦 和田郎,414,-2,
202605020105,2026-04-25,東京,5,3歳未勝利,芝,1400,左,晴,良,"2回 東京 1日目 サラ系３歳 未勝利       (混)[指] 馬齢 18頭 本賞金:590,240,150,89,59万円",18,590.0,15,8,16,ジーティートゥーリ,牝,3,53.0,◇永島,82.7,1/2,13,145.8,35.4,4-4,美浦 武市,442,8,
202605020105,2026-04-25,東京,5,3歳未勝利,芝,1400,左,晴,良,"2回 東京 1日目 サラ系３歳 未勝利       (混)[指] 馬齢 18頭 本賞金:590,240,150,89,59万円",18,590.0,16,1,1,シエラモレーナ,牝,3,55.0,木幡巧,82.8,1/2,17,448.4,34.9,13-12,美浦 古賀慎,420,-8,
202605020105,2026-04-25,東京,5,3歳未勝利,芝,1400,左,晴,良,"2回 東京 1日目 サラ系３歳 未勝利       (混)[指] 馬齢 18頭 本賞金:590,240,150,89,59万円",18,590.0,17,8,18,アルマサーガ,牝,3,53.0,△長浜,83.0,1.1/2,18,580.9,34.7,13-15,美浦 中舘,388,-6,
202605020105,2026-04-25,東京,5,3歳未勝利,芝,1400,左,晴,良,"2回 東京 1日目 サラ系３歳 未勝利       (混)[指] 馬齢 18頭 本賞金:590,240,150,89,59万円",18,590.0,18,2,4,スターリットフレア,牝,3,55.0,杉原,83.2,1,7,19.7,34.5,18-18,美浦 田中博,480,0,
202605020106,2026-04-25,東京,6,3歳1勝クラス,ダ,1600,左,晴,稍,"2回 東京 1日目 サラ系３歳 １勝クラス       (混)[指] 馬齢 16頭 本賞金:820,330,210,120,82万円",16,820.0,1,5,10,ビービークローサー,牡,3,57.0,坂井,96.8,,1,1.8,36.8,4-4,栗東 野中,458,-6,
202605020106,2026-04-25,東京,6,3歳1勝クラス,ダ,1600,左,晴,稍,"2回 東京 1日目 サラ系３歳 １勝クラス       (混)[指] 馬齢 16頭 本賞金:820,330,210,120,82万円",16,820.0,2,4,8,ザーフィル,牡,3,57.0,レーン,96.9,3/4,2,2.9,36.4,11-12,美浦 林,554,-8,
202605020106,2026-04-25,東京,6,3歳1勝クラス,ダ,1600,左,晴,稍,"2回 東京 1日目 サラ系３歳 １勝クラス       (混)[指] 馬齢 16頭 本賞金:820,330,210,120,82万円",16,820.0,3,6,11,タケルムサシ,牡,3,57.0,佐々木,97.5,3.1/2,10,64.0,36.6,16-15,美浦 斎藤誠,488,4,
202605020106,2026-04-25,東京,6,3歳1勝クラス,ダ,1600,左,晴,稍,"2回 東京 1日目 サラ系３歳 １勝クラス       (混)[指] 馬齢 16頭 本賞金:820,330,210,120,82万円",16,820.0,4,7,14,サマーマッドネス,牡,3,57.0,武豊,97.6,1/2,8,46.0,37.9,2-2,栗東 森秀,526,-4,
202605020106,2026-04-25,東京,6,3歳1勝クラス,ダ,1600,左,晴,稍,"2回 東京 1日目 サラ系３歳 １勝クラス       (混)[指] 馬齢 16頭 本賞金:820,330,210,120,82万円",16,820.0,5,8,16,テイクオンミー,牡,3,57.0,津村,97.8,1.1/2,11,65.2,37.7,9-7,美浦 水野,512,8,
202605020106,2026-04-25,東京,6,3歳1勝クラス,ダ,1600,左,晴,稍,"2回 東京 1日目 サラ系３歳 １勝クラス       (混)[指] 馬齢 16頭 本賞金:820,330,210,120,82万円",16,820.0,6,2,3,ヴォーカライズ,牡,3,57.0,矢野貴,97.8,ハナ,3,10.2,37.6,8-8,栗東 高野,486,-2,
202605020106,2026-04-25,東京,6,3歳1勝クラス,ダ,1600,左,晴,稍,"2回 東京 1日目 サラ系３歳 １勝クラス       (混)[指] 馬齢 16頭 本賞金:820,330,210,120,82万円",16,820.0,7,3,5,ステラデルークス,牡,3,57.0,横山武,97.8,クビ,6,21.3,37.1,13-14,美浦 鈴木伸,506,-4,
202605020106,2026-04-25,東京,6,3歳1勝クラス,ダ,1600,左,晴,稍,"2回 東京 1日目 サラ系３歳 １勝クラス       (混)[指] 馬齢 16頭 本賞金:820,330,210,120,82万円",16,820.0,8,3,6,キーンセンス,牡,3,57.0,北村友,98.4,3.1/2,9,59.7,38.7,1-1,栗東 松永幹,516,0,
202605020106,2026-04-25,東京,6,3歳1勝クラス,ダ,1600,左,晴,稍,"2回 東京 1日目 サラ系３歳 １勝クラス       (混)[指] 馬齢 16頭 本賞金:820,330,210,120,82万円",16,820.0,9,5,9,フクシマブリルハム,牡,3,57.0,田辺,98.6,1,12,123.6,37.8,15-15,美浦 小島,538,-6,
202605020106,2026-04-25,東京,6,3歳1勝クラス,ダ,1600,左,晴,稍,"2回 東京 1日目 サラ系３歳 １勝クラス       (混)[指] 馬齢 16頭 本賞金:820,330,210,120,82万円",16,820.0,10,4,7,ジーティーブラック,牡,3,57.0,三浦,98.8,1.1/2,7,41.9,38.9,4-4,美浦 菊沢,516,2,
202605020106,2026-04-25,東京,6,3歳1勝クラス,ダ,1600,左,晴,稍,"2回 東京 1日目 サラ系３歳 １勝クラス       (混)[指] 馬齢 16頭 本賞金:820,330,210,120,82万円",16,820.0,11,1,1,セントゴーデンス,牡,3,57.0,木幡巧,99.1,1.3/4,14,160.8,39.1,4-4,美浦 黒岩,516,-2,
202605020106,2026-04-25,東京,6,3歳1勝クラス,ダ,1600,左,晴,稍,"2回 東京 1日目 サラ系３歳 １勝クラス       (混)[指] 馬齢 16頭 本賞金:820,330,210,120,82万円",16,820.0,12,8,15,ヴェネチアンキング,牡,3,57.0,大野,99.4,1.3/4,15,162.4,39.0,13-10,美浦 伊藤圭,522,4,
202605020106,2026-04-25,東京,6,3歳1勝クラス,ダ,1600,左,晴,稍,"2回 東京 1日目 サラ系３歳 １勝クラス       (混)[指] 馬齢 16頭 本賞金:820,330,210,120,82万円",16,820.0,13,6,12,シビックアスコット,牡,3,57.0,岩田康,99.4,ハナ,13,155.7,39.2,4-8,栗東 高橋忠,486,-9,
202605020106,2026-04-25,東京,6,3歳1勝クラス,ダ,1600,左,晴,稍,"2回 東京 1日目 サラ系３歳 １勝クラス       (混)[指] 馬齢 16頭 本賞金:820,330,210,120,82万円",16,820.0,14,1,2,ホウオウルクソール,牡,3,57.0,横山和,100.4,6,4,16.9,39.9,11-12,美浦 栗田,480,16,
202605020106,2026-04-25,東京,6,3歳1勝クラス,ダ,1600,左,晴,稍,"2回 東京 1日目 サラ系３歳 １勝クラス       (混)[指] 馬齢 16頭 本賞金:820,330,210,120,82万円",16,820.0,15,7,13,リアライズタキオン,牡,3,57.0,ディー,100.6,1,5,18.3,40.9,2-2,美浦 手塚久,476,-2,
202605020106,2026-04-25,東京,6,3歳1勝クラス,ダ,1600,左,晴,稍,"2回 東京 1日目 サラ系３歳 １勝クラス       (混)[指] 馬齢 16頭 本賞金:820,330,210,120,82万円",16,820.0,16,2,4,タイセイエキサイト,牡,3,55.0,△長浜,100.7,アタマ,16,541.5,40.3,9-10,美浦 青木,502,-10,
202605020107,2026-04-25,東京,7,4歳以上1勝クラス,ダ,1400,左,晴,稍,"2回 東京 1日目 サラ系４歳以上 １勝クラス       牝[指] 定量 16頭 本賞金:820,330,210,120,82万円",16,820.0,1,3,5,メルシージュテーム,牝,4,56.0,横山武,84.9,,5,11.2,37.1,5-5,美浦 西田,464,12,
202605020107,2026-04-25,東京,7,4歳以上1勝クラス,ダ,1400,左,晴,稍,"2回 東京 1日目 サラ系４歳以上 １勝クラス       牝[指] 定量 16頭 本賞金:820,330,210,120,82万円",16,820.0,2,8,16,クラリネットソナタ,牝,4,56.0,レーン,85.0,クビ,1,2.8,36.4,13-13,美浦 柄崎,496,2,
202605020107,2026-04-25,東京,7,4歳以上1勝クラス,ダ,1400,左,晴,稍,"2回 東京 1日目 サラ系４歳以上 １勝クラス       牝[指] 定量 16頭 本賞金:820,330,210,120,82万円",16,820.0,3,2,3,ピラニアキッス,牝,4,56.0,横山和,85.2,1.1/4,7,18.0,35.7,15-15,美浦 嘉藤,450,-2,
202605020107,2026-04-25,東京,7,4歳以上1勝クラス,ダ,1400,左,晴,稍,"2回 東京 1日目 サラ系４歳以上 １勝クラス       牝[指] 定量 16頭 本賞金:820,330,210,120,82万円",16,820.0,4,5,10,ケープウィッカム,牝,5,56.0,三浦,85.3,3/4,3,7.7,37.1,10-9,美浦 中舘,458,2,
202605020107,2026-04-25,東京,7,4歳以上1勝クラス,ダ,1400,左,晴,稍,"2回 東京 1日目 サラ系４歳以上 １勝クラス       牝[指] 定量 16頭 本賞金:820,330,210,120,82万円",16,820.0,5,1,1,ザローズハーツ,牝,4,56.0,矢野貴,85.4,3/4,12,125.6,36.7,13-13,美浦 大竹,450,-4,
202605020107,2026-04-25,東京,7,4歳以上1勝クラス,ダ,1400,左,晴,稍,"2回 東京 1日目 サラ系４歳以上 １勝クラス       牝[指] 定量 16頭 本賞金:820,330,210,120,82万円",16,820.0,6,6,11,ラルガメンテ,牝,4,56.0,坂井,85.6,3/4,9,25.5,37.7,7-5,美浦 尾関,464,-6,
202605020107,2026-04-25,東京,7,4歳以上1勝クラス,ダ,1400,左,晴,稍,"2回 東京 1日目 サラ系４歳以上 １勝クラス       牝[指] 定量 16頭 本賞金:820,330,210,120,82万円",16,820.0,7,2,4,コルヴィル,牝,5,56.0,木幡巧,85.6,アタマ,8,20.4,37.5,7-7,美浦 柄崎,486,-4,
202605020107,2026-04-25,東京,7,4歳以上1勝クラス,ダ,1400,左,晴,稍,"2回 東京 1日目 サラ系４歳以上 １勝クラス       牝[指] 定量 16頭 本賞金:820,330,210,120,82万円",16,820.0,8,4,7,キャットテイル,牝,4,56.0,ルメー,85.9,2,2,3.3,38.3,1-1,栗東 野中,420,-4,
202605020107,2026-04-25,東京,7,4歳以上1勝クラス,ダ,1400,左,晴,稍,"2回 東京 1日目 サラ系４歳以上 １勝クラス       牝[指] 定量 16頭 本賞金:820,330,210,120,82万円",16,820.0,9,1,2,レインボーラッキー,牝,4,56.0,北村友,86.2,2,15,210.3,36.2,16-16,美浦 斎藤誠,430,-2,
202605020107,2026-04-25,東京,7,4歳以上1勝クラス,ダ,1400,左,晴,稍,"2回 東京 1日目 サラ系４歳以上 １勝クラス       牝[指] 定量 16頭 本賞金:820,330,210,120,82万円",16,820.0,10,8,15,ベリーベリーベリー,牝,6,53.0,▲佐藤,86.3,3/4,16,380.4,37.9,9-10,美浦 鈴木伸,474,8,
202605020107,2026-04-25,東京,7,4歳以上1勝クラス,ダ,1400,左,晴,稍,"2回 東京 1日目 サラ系４歳以上 １勝クラス       牝[指] 定量 16頭 本賞金:820,330,210,120,82万円",16,820.0,11,3,6,ブルージュ,牝,4,56.0,岩田康,86.6,1.1/2,4,11.1,38.3,10-10,美浦 浅利,452,2,
202605020107,2026-04-25,東京,7,4歳以上1勝クラス,ダ,1400,左,晴,稍,"2回 東京 1日目 サラ系４歳以上 １勝クラス       牝[指] 定量 16頭 本賞金:820,330,210,120,82万円",16,820.0,12,5,9,エイミームーン,牝,4,56.0,佐々木,86.7,3/4,10,38.8,38.3,12-10,美浦 矢野,468,-4,
202605020107,2026-04-25,東京,7,4歳以上1勝クラス,ダ,1400,左,晴,稍,"2回 東京 1日目 サラ系４歳以上 １勝クラス       牝[指] 定量 16頭 本賞金:820,330,210,120,82万円",16,820.0,13,7,13,ハヌル,牝,5,56.0,江田照,86.7,ハナ,14,163.4,39.0,2-3,美浦 岩戸,492,4,
202605020107,2026-04-25,東京,7,4歳以上1勝クラス,ダ,1400,左,晴,稍,"2回 東京 1日目 サラ系４歳以上 １勝クラス       牝[指] 定量 16頭 本賞金:820,330,210,120,82万円",16,820.0,14,4,8,マオノクラッシュ,牝,4,54.0,△長浜,86.7,ハナ,11,41.5,39.1,2-2,美浦 黒岩,492,4,
202605020107,2026-04-25,東京,7,4歳以上1勝クラス,ダ,1400,左,晴,稍,"2回 東京 1日目 サラ系４歳以上 １勝クラス       牝[指] 定量 16頭 本賞金:820,330,210,120,82万円",16,820.0,15,7,14,パッションディーバ,牝,4,56.0,津村,87.3,3.1/2,13,144.4,39.3,6-7,美浦 武藤,442,-9,
202605020107,2026-04-25,東京,7,4歳以上1勝クラス,ダ,1400,左,晴,稍,"2回 東京 1日目 サラ系４歳以上 １勝クラス       牝[指] 定量 16頭 本賞金:820,330,210,120,82万円",16,820.0,16,6,12,ミサビスケッツ,牝,4,56.0,ディー,88.6,8,6,13.8,40.9,2-3,美浦 村田,454,6,
202605020108,2026-04-25,東京,8,4歳以上1勝クラス,芝,1600,左,晴,良,"2回 東京 1日目 サラ系４歳以上 １勝クラス       [指] 定量 8頭 本賞金:820,330,210,120,82万円",8,820.0,1,3,3,スタニングヴュー,牝,4,53.0,▲佐藤,97.2,,7,40.5,33.3,2-2,美浦 金成,470,6,
202605020108,2026-04-25,東京,8,4歳以上1勝クラス,芝,1600,左,晴,良,"2回 東京 1日目 サラ系４歳以上 １勝クラス       [指] 定量 8頭 本賞金:820,330,210,120,82万円",8,820.0,2,4,4,トロピカルティー,牝,5,56.0,津村,97.2,ハナ,4,6.5,33.2,5-3,美浦 林,452,-2,
202605020108,2026-04-25,東京,8,4歳以上1勝クラス,芝,1600,左,晴,良,"2回 東京 1日目 サラ系４歳以上 １勝クラス       [指] 定量 8頭 本賞金:820,330,210,120,82万円",8,820.0,3,7,7,ソニックライン,セ,5,58.0,岩田康,97.3,1/2,2,4.3,33.3,3-3,美浦 浅利,490,-6,
202605020108,2026-04-25,東京,8,4歳以上1勝クラス,芝,1600,左,晴,良,"2回 東京 1日目 サラ系４歳以上 １勝クラス       [指] 定量 8頭 本賞金:820,330,210,120,82万円",8,820.0,4,5,5,アトリウムチャペル,牝,5,56.0,横山典,97.3,ハナ,5,11.2,33.0,8-6,美浦 浅利,434,2,
202605020108,2026-04-25,東京,8,4歳以上1勝クラス,芝,1600,左,晴,良,"2回 東京 1日目 サラ系４歳以上 １勝クラス       [指] 定量 8頭 本賞金:820,330,210,120,82万円",8,820.0,5,1,1,アセンブリールーム,牡,4,58.0,戸崎圭,97.4,1/2,1,2.0,33.0,5-6,美浦 中川,466,4,
202605020108,2026-04-25,東京,8,4歳以上1勝クラス,芝,1600,左,晴,良,"2回 東京 1日目 サラ系４歳以上 １勝クラス       [指] 定量 8頭 本賞金:820,330,210,120,82万円",8,820.0,6,6,6,ツインピークス,牝,4,56.0,佐々木,97.5,クビ,6,22.1,33.3,4-5,美浦 千葉,496,-2,
202605020108,2026-04-25,東京,8,4歳以上1勝クラス,芝,1600,左,晴,良,"2回 東京 1日目 サラ系４歳以上 １勝クラス       [指] 定量 8頭 本賞金:820,330,210,120,82万円",8,820.0,7,2,2,チャイボーグ,牝,6,54.0,△長浜,97.9,2.1/2,8,150.9,33.4,7-8,美浦 的場,500,4,
202605020108,2026-04-25,東京,8,4歳以上1勝クラス,芝,1600,左,晴,良,"2回 東京 1日目 サラ系４歳以上 １勝クラス       [指] 定量 8頭 本賞金:820,330,210,120,82万円",8,820.0,8,8,8,ナクライト,牡,4,58.0,横山和,98.0,クビ,3,4.6,34.2,1-1,美浦 手塚徳,500,0,
202605020109,2026-04-25,東京,9,石和特別,芝,1800,左,晴,良,"2回 東京 1日目 サラ系４歳以上 ２勝クラス       (混)(特指) 定量 9頭 本賞金:1580,630,400,240,158万円",9,1580.0,1,6,6,ダノンミッション,牡,4,58.0,レーン,105.1,,1,1.7,33.5,3-3-3,美浦 堀,490,2,
202605020109,2026-04-25,東京,9,石和特別,芝,1800,左,晴,良,"2回 東京 1日目 サラ系４歳以上 ２勝クラス       (混)(特指) 定量 9頭 本賞金:1580,630,400,240,158万円",9,1580.0,2,8,9,ノビリシマビジョン,牝,4,56.0,ルメー,105.1,クビ,3,4.8,33.2,5-5-5,美浦 青木,500,0,
202605020109,2026-04-25,東京,9,石和特別,芝,1800,左,晴,良,"2回 東京 1日目 サラ系４歳以上 ２勝クラス       (混)(特指) 定量 9頭 本賞金:1580,630,400,240,158万円",9,1580.0,3,7,7,ビーオンザカバー,牡,4,58.0,戸崎圭,105.3,1.1/4,2,4.5,32.9,9-9-9,美浦 伊藤圭,482,4,
202605020109,2026-04-25,東京,9,石和特別,芝,1800,左,晴,良,"2回 東京 1日目 サラ系４歳以上 ２勝クラス       (混)(特指) 定量 9頭 本賞金:1580,630,400,240,158万円",9,1580.0,4,5,5,オメガインペリアル,牡,5,58.0,坂井,105.5,1.1/4,5,20.8,34.2,1-1-1,栗東 安田,474,0,
202605020109,2026-04-25,東京,9,石和特別,芝,1800,左,晴,良,"2回 東京 1日目 サラ系４歳以上 ２勝クラス       (混)(特指) 定量 9頭 本賞金:1580,630,400,240,158万円",9,1580.0,5,2,2,アルゲンテウス,セ,7,58.0,横山和,105.6,3/4,6,22.3,33.4,7-7-7,美浦 小島,466,-8,
202605020109,2026-04-25,東京,9,石和特別,芝,1800,左,晴,良,"2回 東京 1日目 サラ系４歳以上 ２勝クラス       (混)(特指) 定量 9頭 本賞金:1580,630,400,240,158万円",9,1580.0,6,3,3,マイネルフォルツァ,牡,6,58.0,矢野貴,105.7,1/2,8,110.3,33.8,5-5-5,美浦 金成,520,0,
202605020109,2026-04-25,東京,9,石和特別,芝,1800,左,晴,良,"2回 東京 1日目 サラ系４歳以上 ２勝クラス       (混)(特指) 定量 9頭 本賞金:1580,630,400,240,158万円",9,1580.0,7,4,4,レベルスルール,牡,4,58.0,横山武,105.8,クビ,4,7.5,33.7,7-7-7,栗東 池江,498,-8,
202605020109,2026-04-25,東京,9,石和特別,芝,1800,左,晴,良,"2回 東京 1日目 サラ系４歳以上 ２勝クラス       (混)(特指) 定量 9頭 本賞金:1580,630,400,240,158万円",9,1580.0,8,1,1,ヤコブセン,牡,4,58.0,岩田康,106.2,2.1/2,7,92.0,34.6,3-3-3,美浦 斎藤誠,508,-10,
202605020109,2026-04-25,東京,9,石和特別,芝,1800,左,晴,良,"2回 東京 1日目 サラ系４歳以上 ２勝クラス       (混)(特指) 定量 9頭 本賞金:1580,630,400,240,158万円",9,1580.0,9,8,8,コスモスプモーニ,牡,6,58.0,木幡巧,107.6,8,9,224.1,36.2,2-2-2,美浦 松山,488,4,
202605020110,2026-04-25,東京,10,鎌倉S,ダ,1400,左,晴,稍,"2回 東京 1日目 サラ系４歳以上 ３勝クラス       (混)(特指) 定量 15頭 本賞金:1870,750,470,280,187万円",15,1870.0,1,8,15,ペイシャケイプ,牡,4,58.0,横山典,83.7,,2,3.8,34.3,14-14,栗東 高橋康,542,0,
202605020110,2026-04-25,東京,10,鎌倉S,ダ,1400,左,晴,稍,"2回 東京 1日目 サラ系４歳以上 ３勝クラス       (混)(特指) 定量 15頭 本賞金:1870,750,470,280,187万円",15,1870.0,2,3,4,メイショウハチロー,牡,4,58.0,川田,83.7,ハナ,1,2.3,35.1,4-4,栗東 福永,500,0,
202605020110,2026-04-25,東京,10,鎌倉S,ダ,1400,左,晴,稍,"2回 東京 1日目 サラ系４歳以上 ３勝クラス       (混)(特指) 定量 15頭 本賞金:1870,750,470,280,187万円",15,1870.0,3,7,12,フウセツ,牡,4,58.0,大野,84.3,3.1/2,9,33.8,35.9,2-3,美浦 鈴木慎,496,-2,
202605020110,2026-04-25,東京,10,鎌倉S,ダ,1400,左,晴,稍,"2回 東京 1日目 サラ系４歳以上 ３勝クラス       (混)(特指) 定量 15頭 本賞金:1870,750,470,280,187万円",15,1870.0,4,8,14,ワンダラー,牡,4,58.0,レーン,84.4,1/2,5,11.9,35.7,4-6,美浦 黒岩,540,4,
202605020110,2026-04-25,東京,10,鎌倉S,ダ,1400,左,晴,稍,"2回 東京 1日目 サラ系４歳以上 ３勝クラス       (混)(特指) 定量 15頭 本賞金:1870,750,470,280,187万円",15,1870.0,5,4,6,トクシーカイザー,牡,6,58.0,武豊,84.7,1.3/4,6,13.0,35.6,9-10,美浦 小島,482,-6,
202605020110,2026-04-25,東京,10,鎌倉S,ダ,1400,左,晴,稍,"2回 東京 1日目 サラ系４歳以上 ３勝クラス       (混)(特指) 定量 15頭 本賞金:1870,750,470,280,187万円",15,1870.0,6,6,11,レーウィン,セ,5,58.0,矢野貴,84.7,クビ,14,116.4,35.0,14-15,美浦 平岩,498,-8,
202605020110,2026-04-25,東京,10,鎌倉S,ダ,1400,左,晴,稍,"2回 東京 1日目 サラ系４歳以上 ３勝クラス       (混)(特指) 定量 15頭 本賞金:1870,750,470,280,187万円",15,1870.0,7,7,13,イノセントキャット,牝,5,56.0,田辺,84.8,3/4,13,95.6,35.6,11-11,美浦 久保田,454,0,
202605020110,2026-04-25,東京,10,鎌倉S,ダ,1400,左,晴,稍,"2回 東京 1日目 サラ系４歳以上 ３勝クラス       (混)(特指) 定量 15頭 本賞金:1870,750,470,280,187万円",15,1870.0,8,2,2,クインズデネブ,牝,5,56.0,杉原,84.9,アタマ,7,23.7,35.6,13-13,美浦 小島,422,4,
202605020110,2026-04-25,東京,10,鎌倉S,ダ,1400,左,晴,稍,"2回 東京 1日目 サラ系４歳以上 ３勝クラス       (混)(特指) 定量 15頭 本賞金:1870,750,470,280,187万円",15,1870.0,9,5,8,カネショウレジェン,牡,4,58.0,ルメー,85.1,1.1/4,4,11.2,36.2,9-8,美浦 稲垣,486,-6,
202605020110,2026-04-25,東京,10,鎌倉S,ダ,1400,左,晴,稍,"2回 東京 1日目 サラ系４歳以上 ３勝クラス       (混)(特指) 定量 15頭 本賞金:1870,750,470,280,187万円",15,1870.0,10,6,10,シャパリュ,セ,5,58.0,三浦,85.2,1/2,8,23.9,36.9,2-2,美浦 菊沢,532,0,
202605020110,2026-04-25,東京,10,鎌倉S,ダ,1400,左,晴,稍,"2回 東京 1日目 サラ系４歳以上 ３勝クラス       (混)(特指) 定量 15頭 本賞金:1870,750,470,280,187万円",15,1870.0,11,5,9,エンセリオ,牝,5,56.0,佐々木,85.5,1.3/4,15,164.5,36.3,11-11,美浦 小笠,454,10,
202605020110,2026-04-25,東京,10,鎌倉S,ダ,1400,左,晴,稍,"2回 東京 1日目 サラ系４歳以上 ３勝クラス       (混)(特指) 定量 15頭 本賞金:1870,750,470,280,187万円",15,1870.0,12,4,7,スプランドゥール,牡,5,58.0,柴田大,85.8,2,12,81.4,36.8,7-8,美浦 和田雄,476,2,
202605020110,2026-04-25,東京,10,鎌倉S,ダ,1400,左,晴,稍,"2回 東京 1日目 サラ系４歳以上 ３勝クラス       (混)(特指) 定量 15頭 本賞金:1870,750,470,280,187万円",15,1870.0,13,2,3,ラストシャリナ,牡,4,58.0,戸崎圭,85.9,3/4,10,43.1,37.4,4-4,美浦 矢嶋,496,2,
202605020110,2026-04-25,東京,10,鎌倉S,ダ,1400,左,晴,稍,"2回 東京 1日目 サラ系４歳以上 ３勝クラス       (混)(特指) 定量 15頭 本賞金:1870,750,470,280,187万円",15,1870.0,14,1,1,ピックアップライン,牡,6,58.0,木幡巧,86.1,3/4,11,64.7,37.3,7-7,美浦 田中剛,516,-12,
202605020110,2026-04-25,東京,10,鎌倉S,ダ,1400,左,晴,稍,"2回 東京 1日目 サラ系４歳以上 ３勝クラス       (混)(特指) 定量 15頭 本賞金:1870,750,470,280,187万円",15,1870.0,15,3,5,ベンヌ,牡,4,58.0,横山武,86.2,クビ,3,8.0,38.2,1-1,美浦 久保田,506,-12,
202605020111,2026-04-25,東京,11,青葉賞,芝,2400,左,晴,良,"2回 東京 1日目 サラ系３歳 オープン       (国際)(指) 馬齢 18頭 本賞金:5400,2200,1400,810,540万円",18,5400.0,1,8,16,ゴーイントゥスカイ,牡,3,57.0,武豊,143.0,,4,8.1,33.4,10-8-8-7,美浦 上原佑,504,-8,
202605020111,2026-04-25,東京,11,青葉賞,芝,2400,左,晴,良,"2回 東京 1日目 サラ系３歳 オープン       (国際)(指) 馬齢 18頭 本賞金:5400,2200,1400,810,540万円",18,5400.0,2,4,7,タイダルロック,牡,3,57.0,三浦,143.1,3/4,3,6.1,33.2,15-15-11-10,美浦 武井,514,0,
202605020111,2026-04-25,東京,11,青葉賞,芝,2400,左,晴,良,"2回 東京 1日目 サラ系３歳 オープン       (国際)(指) 馬齢 18頭 本賞金:5400,2200,1400,810,540万円",18,5400.0,3,2,4,ブラックオリンピア,牡,3,57.0,川田,143.5,2.1/2,1,2.4,34.4,3-4-4-4,栗東 友道,530,-4,
202605020111,2026-04-25,東京,11,青葉賞,芝,2400,左,晴,良,"2回 東京 1日目 サラ系３歳 オープン       (国際)(指) 馬齢 18頭 本賞金:5400,2200,1400,810,540万円",18,5400.0,4,6,11,ノチェセラーダ,牡,3,57.0,ディー,143.7,1,8,28.4,33.8,13-11-11-10,栗東 杉山佳,468,2,
202605020111,2026-04-25,東京,11,青葉賞,芝,2400,左,晴,良,"2回 東京 1日目 サラ系３歳 オープン       (国際)(指) 馬齢 18頭 本賞金:5400,2200,1400,810,540万円",18,5400.0,5,3,5,ミッキーファルコン,牡,3,57.0,田辺,144.0,1.3/4,9,32.8,33.1,18-18-18-14,美浦 堀,424,4,
202605020111,2026-04-25,東京,11,青葉賞,芝,2400,左,晴,良,"2回 東京 1日目 サラ系３歳 オープン       (国際)(指) 馬齢 18頭 本賞金:5400,2200,1400,810,540万円",18,5400.0,6,6,12,サガルマータ,牡,3,57.0,横山武,144.1,1.1/4,7,26.0,34.1,9-11-11-10,栗東 福永,452,-8,
202605020111,2026-04-25,東京,11,青葉賞,芝,2400,左,晴,良,"2回 東京 1日目 サラ系３歳 オープン       (国際)(指) 馬齢 18頭 本賞金:5400,2200,1400,810,540万円",18,5400.0,7,5,10,アッカン,牡,3,57.0,池添,144.4,1.1/2,12,65.7,35.0,7-6-6-6,美浦 奥村武,460,-2,
202605020111,2026-04-25,東京,11,青葉賞,芝,2400,左,晴,良,"2回 東京 1日目 サラ系３歳 オープン       (国際)(指) 馬齢 18頭 本賞金:5400,2200,1400,810,540万円",18,5400.0,8,8,17,シャドウマスター,牡,3,57.0,北村友,144.6,1.1/2,10,38.4,34.1,11-11-14-13,栗東 杉山晴,488,0,
202605020111,2026-04-25,東京,11,青葉賞,芝,2400,左,晴,良,"2回 東京 1日目 サラ系３歳 オープン       (国際)(指) 馬齢 18頭 本賞金:5400,2200,1400,810,540万円",18,5400.0,9,1,2,カットソロ,牡,3,57.0,津村,144.6,アタマ,11,49.4,34.8,7-8-8-9,栗東 矢作,506,-8,
202605020111,2026-04-25,東京,11,青葉賞,芝,2400,左,晴,良,"2回 東京 1日目 サラ系３歳 オープン       (国際)(指) 馬齢 18頭 本賞金:5400,2200,1400,810,540万円",18,5400.0,10,8,18,ケントン,牡,3,57.0,木幡巧,144.9,2,15,162.5,36.0,5-4-2-3,美浦 田島,494,2,
202605020111,2026-04-25,東京,11,青葉賞,芝,2400,左,晴,良,"2回 東京 1日目 サラ系３歳 オープン       (国際)(指) 馬齢 18頭 本賞金:5400,2200,1400,810,540万円",18,5400.0,11,4,8,ラストスマイル,牡,3,57.0,杉原,145.0,クビ,5,10.1,35.9,2-2-4-4,美浦 本間,516,4,
202605020111,2026-04-25,東京,11,青葉賞,芝,2400,左,晴,良,"2回 東京 1日目 サラ系３歳 オープン       (国際)(指) 馬齢 18頭 本賞金:5400,2200,1400,810,540万円",18,5400.0,12,2,3,パラディオン,牡,3,57.0,吉田豊,145.2,1,14,159.6,34.3,16-15-15-14,栗東 高柳大,452,4,
202605020111,2026-04-25,東京,11,青葉賞,芝,2400,左,晴,良,"2回 東京 1日目 サラ系３歳 オープン       (国際)(指) 馬齢 18頭 本賞金:5400,2200,1400,810,540万円",18,5400.0,13,5,9,ヒシアムルーズ,牡,3,57.0,佐々木,145.2,クビ,17,259.6,35.6,5-6-7-7,美浦 堀,480,6,
202605020111,2026-04-25,東京,11,青葉賞,芝,2400,左,晴,良,"2回 東京 1日目 サラ系３歳 オープン       (国際)(指) 馬齢 18頭 本賞金:5400,2200,1400,810,540万円",18,5400.0,14,3,6,テルヒコウ,牡,3,57.0,坂井,145.9,4,6,20.8,37.1,1-1-1-1,栗東 矢作,478,-4,
202605020111,2026-04-25,東京,11,青葉賞,芝,2400,左,晴,良,"2回 東京 1日目 サラ系３歳 オープン       (国際)(指) 馬齢 18頭 本賞金:5400,2200,1400,810,540万円",18,5400.0,15,7,14,ヨカオウ,牡,3,57.0,岩田康,145.9,ハナ,16,256.7,37.1,3-2-2-2,栗東 谷,460,-8,
202605020111,2026-04-25,東京,11,青葉賞,芝,2400,左,晴,良,"2回 東京 1日目 サラ系３歳 オープン       (国際)(指) 馬齢 18頭 本賞金:5400,2200,1400,810,540万円",18,5400.0,16,7,13,コスモギガンティア,牡,3,57.0,矢野貴,146.2,1.1/2,13,135.3,35.0,17-17-17-16,地方 河津裕,470,-4,
202605020111,2026-04-25,東京,11,青葉賞,芝,2400,左,晴,良,"2回 東京 1日目 サラ系３歳 オープン       (国際)(指) 馬齢 18頭 本賞金:5400,2200,1400,810,540万円",18,5400.0,17,1,1,トゥーナスタディ,牡,3,57.0,菅原辰,149.4,大,18,545.3,37.9,13-14-15-17,地方 斎藤雄,472,-13,
202605020111,2026-04-25,東京,11,青葉賞,芝,2400,左,晴,良,"2回 東京 1日目 サラ系３歳 オープン       (国際)(指) 馬齢 18頭 本賞金:5400,2200,1400,810,540万円",18,5400.0,,7,15,ノーブルサヴェージ,牡,3,57.0,レーン,,,2,4.8,,11-10-10-18,美浦 森一,546,-6,中止
202605020112,2026-04-25,東京,12,4歳以上2勝クラス,ダ,1600,左,晴,稍,"2回 東京 1日目 サラ系４歳以上 ２勝クラス       (混)[指] 定量 13頭 本賞金:1190,480,300,180,119万円",13,1190.0,1,8,13,コーカサスゴールド,牡,5,58.0,武豊,96.6,,1,2.6,35.9,2-2,美浦 加藤和,576,-2,
202605020112,2026-04-25,東京,12,4歳以上2勝クラス,ダ,1600,左,晴,稍,"2回 東京 1日目 サラ系４歳以上 ２勝クラス       (混)[指] 定量 13頭 本賞金:1190,480,300,180,119万円",13,1190.0,2,4,4,キョウエイフロイデ,牝,5,56.0,川田,96.6,クビ,4,6.7,35.6,3-3,美浦 中川,490,4,
202605020112,2026-04-25,東京,12,4歳以上2勝クラス,ダ,1600,左,晴,稍,"2回 東京 1日目 サラ系４歳以上 ２勝クラス       (混)[指] 定量 13頭 本賞金:1190,480,300,180,119万円",13,1190.0,3,5,7,バロンドール,牡,5,58.0,横山典,97.5,5,8,40.3,36.0,6-6,栗東 松永幹,540,2,
202605020112,2026-04-25,東京,12,4歳以上2勝クラス,ダ,1600,左,晴,稍,"2回 東京 1日目 サラ系４歳以上 ２勝クラス       (混)[指] 定量 13頭 本賞金:1190,480,300,180,119万円",13,1190.0,4,3,3,ディーズゴールド,牡,4,58.0,ルメー,97.6,クビ,3,4.5,36.3,5-5,美浦 田村,484,0,
202605020112,2026-04-25,東京,12,4歳以上2勝クラス,ダ,1600,左,晴,稍,"2回 東京 1日目 サラ系４歳以上 ２勝クラス       (混)[指] 定量 13頭 本賞金:1190,480,300,180,119万円",13,1190.0,5,6,8,バルダンツァ,牡,5,56.0,◇永島,97.6,クビ,5,12.0,35.6,9-10,美浦 天間,484,8,
202605020112,2026-04-25,東京,12,4歳以上2勝クラス,ダ,1600,左,晴,稍,"2回 東京 1日目 サラ系４歳以上 ２勝クラス       (混)[指] 定量 13頭 本賞金:1190,480,300,180,119万円",13,1190.0,6,4,5,タマモカンパネラ,牝,4,56.0,横山武,97.8,1.1/2,6,13.3,36.3,6-6,美浦 伊藤圭,520,10,
202605020112,2026-04-25,東京,12,4歳以上2勝クラス,ダ,1600,左,晴,稍,"2回 東京 1日目 サラ系４歳以上 ２勝クラス       (混)[指] 定量 13頭 本賞金:1190,480,300,180,119万円",13,1190.0,7,7,10,テンクウジョー,牡,5,58.0,佐々木,97.9,1/2,11,127.7,36.2,8-8,美浦 手塚徳,474,6,
202605020112,2026-04-25,東京,12,4歳以上2勝クラス,ダ,1600,左,晴,稍,"2回 東京 1日目 サラ系４歳以上 ２勝クラス       (混)[指] 定量 13頭 本賞金:1190,480,300,180,119万円",13,1190.0,8,6,9,スーパージョック,牡,4,58.0,三浦,98.1,3/4,7,19.8,35.8,12-12,栗東 橋田,500,0,
202605020112,2026-04-25,東京,12,4歳以上2勝クラス,ダ,1600,左,晴,稍,"2回 東京 1日目 サラ系４歳以上 ２勝クラス       (混)[指] 定量 13頭 本賞金:1190,480,300,180,119万円",13,1190.0,9,8,12,クレイヴィンオナー,セ,5,58.0,岩田康,98.2,1/2,12,147.6,36.1,11-11,美浦 嘉藤,530,-4,
202605020112,2026-04-25,東京,12,4歳以上2勝クラス,ダ,1600,左,晴,稍,"2回 東京 1日目 サラ系４歳以上 ２勝クラス       (混)[指] 定量 13頭 本賞金:1190,480,300,180,119万円",13,1190.0,10,1,1,エーデル,牝,5,56.0,北村友,98.2,1/2,10,103.7,36.4,9-9,美浦 金成,468,-12,
202605020112,2026-04-25,東京,12,4歳以上2勝クラス,ダ,1600,左,晴,稍,"2回 東京 1日目 サラ系４歳以上 ２勝クラス       (混)[指] 定量 13頭 本賞金:1190,480,300,180,119万円",13,1190.0,11,5,6,アースイオス,牡,5,58.0,小林凌,98.3,1/2,13,396.0,35.8,12-13,美浦 手塚徳,530,-8,
202605020112,2026-04-25,東京,12,4歳以上2勝クラス,ダ,1600,左,晴,稍,"2回 東京 1日目 サラ系４歳以上 ２勝クラス       (混)[指] 定量 13頭 本賞金:1190,480,300,180,119万円",13,1190.0,12,7,11,ピコニ,牡,5,58.0,木幡巧,99.0,4,9,45.1,38.6,1-1,美浦 牧,500,8,
202605020112,2026-04-25,東京,12,4歳以上2勝クラス,ダ,1600,左,晴,稍,"2回 東京 1日目 サラ系４歳以上 ２勝クラス       (混)[指] 定量 13頭 本賞金:1190,480,300,180,119万円",13,1190.0,13,2,2,ホウキボシ,セ,6,58.0,レーン,99.4,2,2,4.4,38.2,3-4,美浦 堀,512,-4,
202608030101,2026-04-25,京都,1,3歳未勝利,ダ,1800,右,晴,稍,"3回 京都 1日目 サラ系３歳 未勝利       [指] 馬齢 16頭 本賞金:590,240,150,89,59万円",16,590.0,1,6,11,バケラッタ,牡,3,57.0,鮫島駿,114.0,,3,6.7,39.0,9-9-9-8,栗東 河嶋,478,0,
202608030101,2026-04-25,京都,1,3歳未勝利,ダ,1800,右,晴,稍,"3回 京都 1日目 サラ系３歳 未勝利       [指] 馬齢 16頭 本賞金:590,240,150,89,59万円",16,590.0,2,3,5,セスティーナ,セ,3,55.0,△田山,114.1,クビ,2,4.4,40.4,2-2-2-2,栗東 須貝,518,24,
202608030101,2026-04-25,京都,1,3歳未勝利,ダ,1800,右,晴,稍,"3回 京都 1日目 サラ系３歳 未勝利       [指] 馬齢 16頭 本賞金:590,240,150,89,59万円",16,590.0,3,5,9,ガトー,牡,3,57.0,岩田望,114.3,1.1/2,4,10.0,40.4,3-3-3-3,栗東 高橋忠,486,-2,
202608030101,2026-04-25,京都,1,3歳未勝利,ダ,1800,右,晴,稍,"3回 京都 1日目 サラ系３歳 未勝利       [指] 馬齢 16頭 本賞金:590,240,150,89,59万円",16,590.0,4,4,8,カフジマリボー,牡,3,55.0,△柴田裕,115.1,5,15,388.5,39.0,16-16-13-12,栗東 中竹,456,-4,
202608030101,2026-04-25,京都,1,3歳未勝利,ダ,1800,右,晴,稍,"3回 京都 1日目 サラ系３歳 未勝利       [指] 馬齢 16頭 本賞金:590,240,150,89,59万円",16,590.0,5,4,7,サンライズナスカ,牡,3,57.0,藤懸,115.2,クビ,11,181.9,39.7,11-11-10-10,栗東 小林,512,6,
202608030101,2026-04-25,京都,1,3歳未勝利,ダ,1800,右,晴,稍,"3回 京都 1日目 サラ系３歳 未勝利       [指] 馬齢 16頭 本賞金:590,240,150,89,59万円",16,590.0,6,3,6,ガイストライヒ,牡,3,57.0,西村淳,115.3,3/4,1,1.5,41.1,4-4-4-4,栗東 高柳大,478,2,
202608030101,2026-04-25,京都,1,3歳未勝利,ダ,1800,右,晴,稍,"3回 京都 1日目 サラ系３歳 未勝利       [指] 馬齢 16頭 本賞金:590,240,150,89,59万円",16,590.0,7,1,2,グランドフィナーレ,牡,3,57.0,菱田,115.7,2,9,81.3,41.5,7-7-4-5,栗東 橋口,460,0,
202608030101,2026-04-25,京都,1,3歳未勝利,ダ,1800,右,晴,稍,"3回 京都 1日目 サラ系３歳 未勝利       [指] 馬齢 16頭 本賞金:590,240,150,89,59万円",16,590.0,8,8,16,キタノアンドレイ,牡,3,57.0,古川吉,115.9,1.1/2,13,287.5,40.1,13-13-11-11,栗東 秋山,428,0,
202608030101,2026-04-25,京都,1,3歳未勝利,ダ,1800,右,晴,稍,"3回 京都 1日目 サラ系３歳 未勝利       [指] 馬齢 16頭 本賞金:590,240,150,89,59万円",16,590.0,9,2,3,オオアバレ,牡,3,57.0,団野,116.6,4,5,22.1,43.1,1-1-1-1,栗東 奥村豊,484,0,
202608030101,2026-04-25,京都,1,3歳未勝利,ダ,1800,右,晴,稍,"3回 京都 1日目 サラ系３歳 未勝利       [指] 馬齢 16頭 本賞金:590,240,150,89,59万円",16,590.0,10,6,12,ダイナソーコー,牡,3,57.0,高杉,116.8,1,6,40.3,42.1,8-8-7-6,栗東 藤岡健,454,6,
202608030101,2026-04-25,京都,1,3歳未勝利,ダ,1800,右,晴,稍,"3回 京都 1日目 サラ系３歳 未勝利       [指] 馬齢 16頭 本賞金:590,240,150,89,59万円",16,590.0,11,2,4,スージーハルワ,牡,3,54.0,▲川端,116.8,アタマ,16,596.2,42.0,5-5-7-8,栗東 羽月,426,-2,
202608030101,2026-04-25,京都,1,3歳未勝利,ダ,1800,右,晴,稍,"3回 京都 1日目 サラ系３歳 未勝利       [指] 馬齢 16頭 本賞金:590,240,150,89,59万円",16,590.0,12,8,15,ハクサンリング,牡,3,57.0,幸,118.3,9,8,57.9,43.7,5-5-6-6,栗東 緒方,484,-4,
202608030101,2026-04-25,京都,1,3歳未勝利,ダ,1800,右,晴,稍,"3回 京都 1日目 サラ系３歳 未勝利       [指] 馬齢 16頭 本賞金:590,240,150,89,59万円",16,590.0,13,1,1,チュウワヘネシー,牡,3,57.0,加藤,118.3,ハナ,12,281.7,42.2,14-13-13-14,栗東 庄野,474,0,
202608030101,2026-04-25,京都,1,3歳未勝利,ダ,1800,右,晴,稍,"3回 京都 1日目 サラ系３歳 未勝利       [指] 馬齢 16頭 本賞金:590,240,150,89,59万円",16,590.0,14,5,10,リアルフォルツァ,セ,3,57.0,田口,118.5,1.1/2,14,380.8,42.2,11-12-15-15,栗東 大橋,496,8,
202608030101,2026-04-25,京都,1,3歳未勝利,ダ,1800,右,晴,稍,"3回 京都 1日目 サラ系３歳 未勝利       [指] 馬齢 16頭 本賞金:590,240,150,89,59万円",16,590.0,15,7,13,キングオブストーム,牡,3,57.0,角田和,119.0,2.1/2,10,146.6,42.0,14-13-16-16,栗東 田中克,516,0,
202608030101,2026-04-25,京都,1,3歳未勝利,ダ,1800,右,晴,稍,"3回 京都 1日目 サラ系３歳 未勝利       [指] 馬齢 16頭 本賞金:590,240,150,89,59万円",16,590.0,16,7,14,ブーケ,牝,3,55.0,松若,119.0,クビ,7,57.1,43.1,9-10-11-13,栗東 杉山晴,504,-6,
202608030102,2026-04-25,京都,2,3歳未勝利,ダ,1400,右,晴,稍,"3回 京都 1日目 サラ系３歳 未勝利       (混)[指] 馬齢 16頭 本賞金:590,240,150,89,59万円",16,590.0,1,6,12,リアライズブライト,牡,3,57.0,浜中,84.7,,5,11.4,37.6,2-2,栗東 武幸,504,-4,
202608030102,2026-04-25,京都,2,3歳未勝利,ダ,1400,右,晴,稍,"3回 京都 1日目 サラ系３歳 未勝利       (混)[指] 馬齢 16頭 本賞金:590,240,150,89,59万円",16,590.0,2,6,11,モズプリフォール,牡,3,57.0,菱田,84.7,クビ,3,3.8,36.5,11-7,栗東 矢作,504,0,
202608030102,2026-04-25,京都,2,3歳未勝利,ダ,1400,右,晴,稍,"3回 京都 1日目 サラ系３歳 未勝利       (混)[指] 馬齢 16頭 本賞金:590,240,150,89,59万円",16,590.0,3,2,3,ペプチドレオン,牡,3,57.0,岩田望,85.3,3.1/2,1,2.4,37.8,6-6,栗東 武英,444,0,
202608030102,2026-04-25,京都,2,3歳未勝利,ダ,1400,右,晴,稍,"3回 京都 1日目 サラ系３歳 未勝利       (混)[指] 馬齢 16頭 本賞金:590,240,150,89,59万円",16,590.0,4,8,15,ナムラロダン,牡,3,57.0,西村淳,85.7,2.1/2,2,3.8,38.4,4-4,栗東 長谷川,478,0,
202608030102,2026-04-25,京都,2,3歳未勝利,ダ,1400,右,晴,稍,"3回 京都 1日目 サラ系３歳 未勝利       (混)[指] 馬齢 16頭 本賞金:590,240,150,89,59万円",16,590.0,5,2,4,ビーアイジーニー,牡,3,54.0,▲森田,86.3,4,14,380.2,37.8,14-14,栗東 牧田,500,-10,
202608030102,2026-04-25,京都,2,3歳未勝利,ダ,1400,右,晴,稍,"3回 京都 1日目 サラ系３歳 未勝利       (混)[指] 馬齢 16頭 本賞金:590,240,150,89,59万円",16,590.0,6,4,7,センリョウヤクシャ,牡,3,57.0,幸,86.3,アタマ,12,232.4,37.8,13-10,栗東 中尾,452,0,
202608030102,2026-04-25,京都,2,3歳未勝利,ダ,1400,右,晴,稍,"3回 京都 1日目 サラ系３歳 未勝利       (混)[指] 馬齢 16頭 本賞金:590,240,150,89,59万円",16,590.0,7,1,2,ピエナブラック,牡,3,57.0,団野,86.5,1.1/4,7,71.4,38.3,11-13,栗東 荒川,486,8,
202608030102,2026-04-25,京都,2,3歳未勝利,ダ,1400,右,晴,稍,"3回 京都 1日目 サラ系３歳 未勝利       (混)[指] 馬齢 16頭 本賞金:590,240,150,89,59万円",16,590.0,8,5,10,ライフイズカラフル,牡,3,57.0,鮫島駿,86.7,1.1/2,4,9.7,39.7,2-2,栗東 河嶋,480,0,
202608030102,2026-04-25,京都,2,3歳未勝利,ダ,1400,右,晴,稍,"3回 京都 1日目 サラ系３歳 未勝利       (混)[指] 馬齢 16頭 本賞金:590,240,150,89,59万円",16,590.0,9,3,5,クリコイーコ,牝,3,55.0,城戸,86.8,1/2,8,116.1,39.6,4-4,栗東 荒川,446,0,
202608030102,2026-04-25,京都,2,3歳未勝利,ダ,1400,右,晴,稍,"3回 京都 1日目 サラ系３歳 未勝利       (混)[指] 馬齢 16頭 本賞金:590,240,150,89,59万円",16,590.0,10,1,1,スーパーカルメン,牝,3,55.0,田口,87.0,1.1/2,15,473.8,38.9,9-10,栗東 大橋,398,8,
202608030102,2026-04-25,京都,2,3歳未勝利,ダ,1400,右,晴,稍,"3回 京都 1日目 サラ系３歳 未勝利       (混)[指] 馬齢 16頭 本賞金:590,240,150,89,59万円",16,590.0,11,3,6,シティプロスパー,牝,3,55.0,酒井,87.2,1.1/4,13,309.3,39.4,7-7,栗東 小栗,434,2,
202608030102,2026-04-25,京都,2,3歳未勝利,ダ,1400,右,晴,稍,"3回 京都 1日目 サラ系３歳 未勝利       (混)[指] 馬齢 16頭 本賞金:590,240,150,89,59万円",16,590.0,12,4,8,メイショウライガ,牡,3,57.0,松山,87.3,クビ,6,12.2,40.4,1-1,栗東 藤原,438,-4,
202608030102,2026-04-25,京都,2,3歳未勝利,ダ,1400,右,晴,稍,"3回 京都 1日目 サラ系３歳 未勝利       (混)[指] 馬齢 16頭 本賞金:590,240,150,89,59万円",16,590.0,13,5,9,ヴィシュヴァナート,牡,3,57.0,藤懸,87.6,2,11,220.8,39.5,9-10,栗東 森田,492,-8,
202608030102,2026-04-25,京都,2,3歳未勝利,ダ,1400,右,晴,稍,"3回 京都 1日目 サラ系３歳 未勝利       (混)[指] 馬齢 16頭 本賞金:590,240,150,89,59万円",16,590.0,14,7,13,ドンラプス,牡,3,57.0,吉村,87.8,1.1/4,10,187.0,38.7,15-15,栗東 今野,500,10,
202608030102,2026-04-25,京都,2,3歳未勝利,ダ,1400,右,晴,稍,"3回 京都 1日目 サラ系３歳 未勝利       (混)[指] 馬齢 16頭 本賞金:590,240,150,89,59万円",16,590.0,15,7,14,チェカ,牝,3,55.0,松若,87.9,3/4,9,127.0,38.7,16-16,栗東 小崎,428,0,
202608030102,2026-04-25,京都,2,3歳未勝利,ダ,1400,右,晴,稍,"3回 京都 1日目 サラ系３歳 未勝利       (混)[指] 馬齢 16頭 本賞金:590,240,150,89,59万円",16,590.0,16,8,16,マルモズイルバア,牝,3,52.0,▲川端,88.3,2,16,728.6,40.5,7-7,栗東 中尾,402,-4,
202608030103,2026-04-25,京都,3,3歳未勝利,芝,1800,右,晴,良,"3回 京都 1日目 サラ系３歳 未勝利       牝[指] 馬齢 15頭 本賞金:590,240,150,89,59万円",15,590.0,1,8,15,ダイチノナポリ,牝,3,55.0,高倉,105.6,,7,20.5,34.8,2-2,栗東 畑端,432,10,
202608030103,2026-04-25,京都,3,3歳未勝利,芝,1800,右,晴,良,"3回 京都 1日目 サラ系３歳 未勝利       牝[指] 馬齢 15頭 本賞金:590,240,150,89,59万円",15,590.0,2,7,12,ハヤブササキチャン,牝,3,55.0,西村淳,105.7,1.1/4,1,2.0,34.7,4-4,栗東 東田,422,6,
202608030103,2026-04-25,京都,3,3歳未勝利,芝,1800,右,晴,良,"3回 京都 1日目 サラ系３歳 未勝利       牝[指] 馬齢 15頭 本賞金:590,240,150,89,59万円",15,590.0,3,5,9,サンダーバード,牝,3,55.0,浜中,106.1,2,4,12.0,35.2,3-2,栗東 武幸,440,14,
202608030103,2026-04-25,京都,3,3歳未勝利,芝,1800,右,晴,良,"3回 京都 1日目 サラ系３歳 未勝利       牝[指] 馬齢 15頭 本賞金:590,240,150,89,59万円",15,590.0,4,4,6,メイショウプレマ,牝,3,52.0,▲森田,106.2,3/4,11,65.9,34.9,7-7,栗東 石橋,474,0,
202608030103,2026-04-25,京都,3,3歳未勝利,芝,1800,右,晴,良,"3回 京都 1日目 サラ系３歳 未勝利       牝[指] 馬齢 15頭 本賞金:590,240,150,89,59万円",15,590.0,5,4,7,タガノプトゥリ,牝,3,55.0,秋山稔,106.4,1.1/2,15,411.5,34.7,12-12,栗東 鈴木孝,430,-2,
202608030103,2026-04-25,京都,3,3歳未勝利,芝,1800,右,晴,良,"3回 京都 1日目 サラ系３歳 未勝利       牝[指] 馬齢 15頭 本賞金:590,240,150,89,59万円",15,590.0,6,3,4,ロッサコメータ,牝,3,55.0,高杉,106.5,クビ,6,17.9,35.2,7-7,栗東 吉岡,446,0,
202608030103,2026-04-25,京都,3,3歳未勝利,芝,1800,右,晴,良,"3回 京都 1日目 サラ系３歳 未勝利       牝[指] 馬齢 15頭 本賞金:590,240,150,89,59万円",15,590.0,7,7,13,メイショウローゼ,牝,3,55.0,藤懸,106.5,クビ,9,23.6,34.6,12-13,栗東 本田,408,10,
202608030103,2026-04-25,京都,3,3歳未勝利,芝,1800,右,晴,良,"3回 京都 1日目 サラ系３歳 未勝利       牝[指] 馬齢 15頭 本賞金:590,240,150,89,59万円",15,590.0,8,3,5,エトワールブーケ,牝,3,55.0,岩部,106.5,ハナ,13,100.1,34.6,14-13,栗東 昆,434,0,
202608030103,2026-04-25,京都,3,3歳未勝利,芝,1800,右,晴,良,"3回 京都 1日目 サラ系３歳 未勝利       牝[指] 馬齢 15頭 本賞金:590,240,150,89,59万円",15,590.0,9,6,10,グリッタードール,牝,3,55.0,田口,106.6,クビ,14,174.8,35.5,6-4,栗東 大橋,472,4,
202608030103,2026-04-25,京都,3,3歳未勝利,芝,1800,右,晴,良,"3回 京都 1日目 サラ系３歳 未勝利       牝[指] 馬齢 15頭 本賞金:590,240,150,89,59万円",15,590.0,10,1,1,コールラヴ,牝,3,55.0,岩田望,106.6,クビ,3,6.7,35.3,7-7,栗東 友道,418,-2,
202608030103,2026-04-25,京都,3,3歳未勝利,芝,1800,右,晴,良,"3回 京都 1日目 サラ系３歳 未勝利       牝[指] 馬齢 15頭 本賞金:590,240,150,89,59万円",15,590.0,11,2,3,ルージュソムニウム,牝,3,55.0,幸,106.7,3/4,10,26.4,35.2,10-10,栗東 加藤公,444,2,
202608030103,2026-04-25,京都,3,3歳未勝利,芝,1800,右,晴,良,"3回 京都 1日目 サラ系３歳 未勝利       牝[指] 馬齢 15頭 本賞金:590,240,150,89,59万円",15,590.0,12,2,2,ヴィーラー,牝,3,55.0,菱田,106.8,1/2,8,23.6,35.8,4-4,栗東 矢作,426,2,
202608030103,2026-04-25,京都,3,3歳未勝利,芝,1800,右,晴,良,"3回 京都 1日目 サラ系３歳 未勝利       牝[指] 馬齢 15頭 本賞金:590,240,150,89,59万円",15,590.0,13,6,11,ゲフィオン,牝,3,55.0,吉村,106.9,1,5,13.7,35.4,10-10,栗東 辻野,442,14,
202608030103,2026-04-25,京都,3,3歳未勝利,芝,1800,右,晴,良,"3回 京都 1日目 サラ系３歳 未勝利       牝[指] 馬齢 15頭 本賞金:590,240,150,89,59万円",15,590.0,14,8,14,デュードロップ,牝,3,55.0,国分優,109.0,大,12,96.5,38.3,1-1,栗東 平田,408,-2,
202608030103,2026-04-25,京都,3,3歳未勝利,芝,1800,右,晴,良,"3回 京都 1日目 サラ系３歳 未勝利       牝[指] 馬齢 15頭 本賞金:590,240,150,89,59万円",15,590.0,,5,8,ビロングトゥミー,牝,3,55.0,松山,,,2,5.0,,,栗東 前川,436,4,中止
202608030104,2026-04-25,京都,4,4歳以上障害OP,障,3170,,晴,良,"3回 京都 1日目 障害４歳以上 オープン       (混) 別定 11頭 本賞金:1430,570,360,210,143万円",11,1430.0,1,6,7,ホークフィールド,牡,5,61.0,高田,215.5,,1,1.6,13.6,3-3-1-1,栗東 武英,492,0,
202608030104,2026-04-25,京都,4,4歳以上障害OP,障,3170,,晴,良,"3回 京都 1日目 障害４歳以上 オープン       (混) 別定 11頭 本賞金:1430,570,360,210,143万円",11,1430.0,2,5,5,アルマーザアミール,牡,5,60.0,小牧加,216.7,7,5,17.4,13.7,5-6-5-4,栗東 斉藤崇,510,4,
202608030104,2026-04-25,京都,4,4歳以上障害OP,障,3170,,晴,良,"3回 京都 1日目 障害４歳以上 オープン       (混) 別定 11頭 本賞金:1430,570,360,210,143万円",11,1430.0,3,8,11,マテンロウジョイ,牡,6,61.0,森一,217.6,5,2,3.8,13.7,5-6-5-4,栗東 四位,478,10,
202608030104,2026-04-25,京都,4,4歳以上障害OP,障,3170,,晴,良,"3回 京都 1日目 障害４歳以上 オープン       (混) 別定 11頭 本賞金:1430,570,360,210,143万円",11,1430.0,4,1,1,アトラクティーボ,牡,7,57.0,▲坂口,217.7,1/2,3,9.2,13.7,3-3-4-2,美浦 武藤,534,-2,
202608030104,2026-04-25,京都,4,4歳以上障害OP,障,3170,,晴,良,"3回 京都 1日目 障害４歳以上 オープン       (混) 別定 11頭 本賞金:1430,570,360,210,143万円",11,1430.0,5,4,4,フームスムート,牡,9,60.0,上野,219.0,8,7,30.5,13.8,7-3-7-7,美浦 水野,534,-6,
202608030104,2026-04-25,京都,4,4歳以上障害OP,障,3170,,晴,良,"3回 京都 1日目 障害４歳以上 オープン       (混) 別定 11頭 本賞金:1430,570,360,210,143万円",11,1430.0,6,8,10,ヴァレッタカズマ,牡,7,58.0,▲井上,219.5,3.1/2,9,74.9,13.8,9-8-9-9,栗東 藤野,514,2,
202608030104,2026-04-25,京都,4,4歳以上障害OP,障,3170,,晴,良,"3回 京都 1日目 障害４歳以上 オープン       (混) 別定 11頭 本賞金:1430,570,360,210,143万円",11,1430.0,7,2,2,テイエムエメラルド,牝,8,58.0,小野寺,219.7,1,8,42.7,13.9,7-8-8-8,栗東 小椋,462,-2,
202608030104,2026-04-25,京都,4,4歳以上障害OP,障,3170,,晴,良,"3回 京都 1日目 障害４歳以上 オープン       (混) 別定 11頭 本賞金:1430,570,360,210,143万円",11,1430.0,8,7,8,ゴールドブリーズ,牡,8,60.0,石神深,220.3,3.1/2,4,15.4,13.9,2-2-2-3,美浦 深山,512,2,
202608030104,2026-04-25,京都,4,4歳以上障害OP,障,3170,,晴,良,"3回 京都 1日目 障害４歳以上 オープン       (混) 別定 11頭 本賞金:1430,570,360,210,143万円",11,1430.0,9,6,6,ケイテンアイジン,牡,4,59.0,小坂,220.7,2.1/2,6,18.9,13.9,1-1-2-6,栗東 谷,510,2,
202608030104,2026-04-25,京都,4,4歳以上障害OP,障,3170,,晴,良,"3回 京都 1日目 障害４歳以上 オープン       (混) 別定 11頭 本賞金:1430,570,360,210,143万円",11,1430.0,10,7,9,ワールドスケール,牡,9,61.0,黒岩,222.7,大,11,133.7,14.1,11-11-10-10,栗東 加藤公,500,6,
202608030104,2026-04-25,京都,4,4歳以上障害OP,障,3170,,晴,良,"3回 京都 1日目 障害４歳以上 オープン       (混) 別定 11頭 本賞金:1430,570,360,210,143万円",11,1430.0,,3,3,ナックエルドラド,牡,4,59.0,伴,,,10,98.6,,10-8,美浦 小野,504,-8,中止
202608030105,2026-04-25,京都,5,3歳未勝利,芝,2200,右,晴,良,"3回 京都 1日目 サラ系３歳 未勝利       [指] 馬齢 12頭 本賞金:590,240,150,89,59万円",12,590.0,1,5,5,フウセン,牡,3,57.0,鮫島駿,132.5,,1,2.9,34.7,5-5-3-3,栗東 杉山晴,456,6,
202608030105,2026-04-25,京都,5,3歳未勝利,芝,2200,右,晴,良,"3回 京都 1日目 サラ系３歳 未勝利       [指] 馬齢 12頭 本賞金:590,240,150,89,59万円",12,590.0,2,1,1,コスモフィレンツェ,牡,3,57.0,幸,132.7,1.1/2,2,3.3,34.9,3-3-3-4,栗東 北出,490,-4,
202608030105,2026-04-25,京都,5,3歳未勝利,芝,2200,右,晴,良,"3回 京都 1日目 サラ系３歳 未勝利       [指] 馬齢 12頭 本賞金:590,240,150,89,59万円",12,590.0,3,4,4,タガノミトゥンドゥ,牝,3,53.0,△田山,133.1,2,8,83.7,35.0,6-6-6-9,栗東 長谷川,450,-12,
202608030105,2026-04-25,京都,5,3歳未勝利,芝,2200,右,晴,良,"3回 京都 1日目 サラ系３歳 未勝利       [指] 馬齢 12頭 本賞金:590,240,150,89,59万円",12,590.0,4,8,11,スウィーティーベル,牝,3,55.0,団野,133.1,クビ,6,18.4,35.1,8-8-6-8,栗東 田中克,400,2,
202608030105,2026-04-25,京都,5,3歳未勝利,芝,2200,右,晴,良,"3回 京都 1日目 サラ系３歳 未勝利       [指] 馬齢 12頭 本賞金:590,240,150,89,59万円",12,590.0,5,2,2,エルナト,牡,3,54.0,▲森田,133.1,アタマ,4,5.5,35.5,1-1-1-1,栗東 斉藤崇,488,-2,
202608030105,2026-04-25,京都,5,3歳未勝利,芝,2200,右,晴,良,"3回 京都 1日目 サラ系３歳 未勝利       [指] 馬齢 12頭 本賞金:590,240,150,89,59万円",12,590.0,6,7,9,ビップヴォルフ,牡,3,57.0,西村淳,133.3,1.1/2,3,4.4,35.6,3-3-2-2,栗東 小椋,438,-2,
202608030105,2026-04-25,京都,5,3歳未勝利,芝,2200,右,晴,良,"3回 京都 1日目 サラ系３歳 未勝利       [指] 馬齢 12頭 本賞金:590,240,150,89,59万円",12,590.0,7,3,3,サトノトリニティ,牡,3,57.0,高杉,133.5,1,5,14.5,35.5,9-9-9-4,栗東 池江,492,4,
202608030105,2026-04-25,京都,5,3歳未勝利,芝,2200,右,晴,良,"3回 京都 1日目 サラ系３歳 未勝利       [指] 馬齢 12頭 本賞金:590,240,150,89,59万円",12,590.0,8,6,7,レイワノキセキ,牡,3,57.0,太宰,133.8,2,7,20.1,35.8,6-6-6-4,栗東 本田,464,0,
202608030105,2026-04-25,京都,5,3歳未勝利,芝,2200,右,晴,良,"3回 京都 1日目 サラ系３歳 未勝利       [指] 馬齢 12頭 本賞金:590,240,150,89,59万円",12,590.0,9,6,8,チュオンソン,牡,3,57.0,岩部,134.2,2.1/2,11,151.2,36.3,2-2-3-4,栗東 昆,468,0,
202608030105,2026-04-25,京都,5,3歳未勝利,芝,2200,右,晴,良,"3回 京都 1日目 サラ系３歳 未勝利       [指] 馬齢 12頭 本賞金:590,240,150,89,59万円",12,590.0,10,5,6,ロスニーニョス,牡,3,57.0,古川吉,134.4,1.1/4,12,224.8,35.7,11-11-12-12,栗東 大根田,464,0,
202608030105,2026-04-25,京都,5,3歳未勝利,芝,2200,右,晴,良,"3回 京都 1日目 サラ系３歳 未勝利       [指] 馬齢 12頭 本賞金:590,240,150,89,59万円",12,590.0,11,8,12,エアセンチュリー,牡,3,57.0,松若,134.5,3/4,10,125.7,36.1,10-10-10-10,栗東 新谷,424,1,
202608030105,2026-04-25,京都,5,3歳未勝利,芝,2200,右,晴,良,"3回 京都 1日目 サラ系３歳 未勝利       [指] 馬齢 12頭 本賞金:590,240,150,89,59万円",12,590.0,12,7,10,マーゴットショット,牡,3,57.0,荻野琢,134.5,ハナ,9,112.1,36.1,12-12-10-10,栗東 小林,458,0,
202608030106,2026-04-25,京都,6,3歳未勝利,芝,1600,右,晴,良,"3回 京都 1日目 サラ系３歳 未勝利       [指] 馬齢 17頭 本賞金:590,240,150,89,59万円",17,590.0,1,1,1,ランスオブヒーロー,牡,3,57.0,高杉,92.3,,1,3.3,33.6,12-10,栗東 奥村豊,462,-4,
202608030106,2026-04-25,京都,6,3歳未勝利,芝,1600,右,晴,良,"3回 京都 1日目 サラ系３歳 未勝利       [指] 馬齢 17頭 本賞金:590,240,150,89,59万円",17,590.0,2,4,8,チュウワメロディー,牡,3,57.0,松若,92.4,3/4,7,11.1,34.6,2-2,栗東 小崎,464,0,
202608030106,2026-04-25,京都,6,3歳未勝利,芝,1600,右,晴,良,"3回 京都 1日目 サラ系３歳 未勝利       [指] 馬齢 17頭 本賞金:590,240,150,89,59万円",17,590.0,3,8,16,キングケープ,牡,3,57.0,田口,92.5,1/2,10,105.5,34.3,5-5,栗東 大橋,434,-8,
202608030106,2026-04-25,京都,6,3歳未勝利,芝,1600,右,晴,良,"3回 京都 1日目 サラ系３歳 未勝利       [指] 馬齢 17頭 本賞金:590,240,150,89,59万円",17,590.0,4,8,15,クロスボーダー,牝,3,53.0,△田山,92.7,1.1/2,6,8.6,34.3,8-7,栗東 小林,488,0,
202608030106,2026-04-25,京都,6,3歳未勝利,芝,1600,右,晴,良,"3回 京都 1日目 サラ系３歳 未勝利       [指] 馬齢 17頭 本賞金:590,240,150,89,59万円",17,590.0,5,1,2,セルヴァジオ,牝,3,55.0,団野,92.8,クビ,4,6.5,33.8,15-11,栗東 上村,442,-4,
202608030106,2026-04-25,京都,6,3歳未勝利,芝,1600,右,晴,良,"3回 京都 1日目 サラ系３歳 未勝利       [指] 馬齢 17頭 本賞金:590,240,150,89,59万円",17,590.0,6,6,12,ブランチアウト,牡,3,57.0,古川吉,93.0,1.1/4,3,6.2,35.3,1-1,栗東 昆,440,0,
202608030106,2026-04-25,京都,6,3歳未勝利,芝,1600,右,晴,良,"3回 京都 1日目 サラ系３歳 未勝利       [指] 馬齢 17頭 本賞金:590,240,150,89,59万円",17,590.0,7,2,4,レッドパラジウム,牡,3,57.0,吉村,93.0,クビ,5,6.7,34.6,8-7,栗東 清水久,480,2,
202608030106,2026-04-25,京都,6,3歳未勝利,芝,1600,右,晴,良,"3回 京都 1日目 サラ系３歳 未勝利       [指] 馬齢 17頭 本賞金:590,240,150,89,59万円",17,590.0,8,7,14,トウカイジーク,牡,3,57.0,岩田望,93.3,1.3/4,2,5.2,35.3,3-3,栗東 野中,442,-8,
202608030106,2026-04-25,京都,6,3歳未勝利,芝,1600,右,晴,良,"3回 京都 1日目 サラ系３歳 未勝利       [指] 馬齢 17頭 本賞金:590,240,150,89,59万円",17,590.0,9,3,5,ビサイレント,牝,3,52.0,▲森田,93.4,3/4,14,305.8,35.4,3-3,栗東 畑端,450,-2,
202608030106,2026-04-25,京都,6,3歳未勝利,芝,1600,右,晴,良,"3回 京都 1日目 サラ系３歳 未勝利       [指] 馬齢 17頭 本賞金:590,240,150,89,59万円",17,590.0,10,2,3,メイショウマグナ,牝,3,55.0,太宰,93.5,クビ,12,209.0,34.2,16-16,栗東 石橋,426,-6,
202608030106,2026-04-25,京都,6,3歳未勝利,芝,1600,右,晴,良,"3回 京都 1日目 サラ系３歳 未勝利       [指] 馬齢 17頭 本賞金:590,240,150,89,59万円",17,590.0,11,5,10,サンライズレマ,牡,3,57.0,鮫島駿,93.7,1.1/2,9,43.1,35.5,5-5,栗東 石坂,482,-4,
202608030106,2026-04-25,京都,6,3歳未勝利,芝,1600,右,晴,良,"3回 京都 1日目 サラ系３歳 未勝利       [指] 馬齢 17頭 本賞金:590,240,150,89,59万円",17,590.0,12,5,9,クープグラッセ,牝,3,55.0,菱田,93.7,ハナ,8,23.2,35.4,5-7,栗東 岡田,426,0,
202608030106,2026-04-25,京都,6,3歳未勝利,芝,1600,右,晴,良,"3回 京都 1日目 サラ系３歳 未勝利       [指] 馬齢 17頭 本賞金:590,240,150,89,59万円",17,590.0,13,7,13,ニホンピロエール,牡,3,57.0,国分優,93.9,1,15,367.9,35.2,10-11,栗東 安達,434,-2,
202608030106,2026-04-25,京都,6,3歳未勝利,芝,1600,右,晴,良,"3回 京都 1日目 サラ系３歳 未勝利       [指] 馬齢 17頭 本賞金:590,240,150,89,59万円",17,590.0,14,6,11,ヴェロシオン,牝,3,55.0,高倉,93.9,クビ,13,291.0,35.0,11-13,栗東 武英,422,6,
202608030106,2026-04-25,京都,6,3歳未勝利,芝,1600,右,晴,良,"3回 京都 1日目 サラ系３歳 未勝利       [指] 馬齢 17頭 本賞金:590,240,150,89,59万円",17,590.0,15,4,7,ヒデガミティアラ,牝,3,55.0,川須,94.2,1.1/2,16,396.2,35.3,12-13,栗東 浜田,414,0,
202608030106,2026-04-25,京都,6,3歳未勝利,芝,1600,右,晴,良,"3回 京都 1日目 サラ系３歳 未勝利       [指] 馬齢 17頭 本賞金:590,240,150,89,59万円",17,590.0,16,3,6,メイショウゼルク,牝,3,55.0,城戸,94.3,3/4,11,203.4,35.4,12-13,栗東 安達,448,-8,
202608030106,2026-04-25,京都,6,3歳未勝利,芝,1600,右,晴,良,"3回 京都 1日目 サラ系３歳 未勝利       [指] 馬齢 17頭 本賞金:590,240,150,89,59万円",17,590.0,,8,17,ダーコ,牝,3,55.0,松山,,,,,,,栗東 長谷川,454,0,除外
202608030107,2026-04-25,京都,7,3歳1勝クラス,ダ,1800,右,晴,稍,"3回 京都 1日目 サラ系３歳 １勝クラス       (混)[指] 馬齢 14頭 本賞金:820,330,210,120,82万円",14,820.0,1,6,10,ケンタッキーホーム,牡,3,57.0,田口,112.3,,1,3.3,37.5,8-6-4-4,栗東 松下,514,-2,
202608030107,2026-04-25,京都,7,3歳1勝クラス,ダ,1800,右,晴,稍,"3回 京都 1日目 サラ系３歳 １勝クラス       (混)[指] 馬齢 14頭 本賞金:820,330,210,120,82万円",14,820.0,2,4,6,ジュンドラドラ,牡,3,57.0,団野,112.5,1.1/4,2,3.6,38.2,2-2-2-2,栗東 清水久,546,-4,
202608030107,2026-04-25,京都,7,3歳1勝クラス,ダ,1800,右,晴,稍,"3回 京都 1日目 サラ系３歳 １勝クラス       (混)[指] 馬齢 14頭 本賞金:820,330,210,120,82万円",14,820.0,3,3,3,ロードアマルフィ,牡,3,57.0,吉村,112.6,3/4,3,5.9,38.4,1-1-1-1,栗東 中村,520,2,
202608030107,2026-04-25,京都,7,3歳1勝クラス,ダ,1800,右,晴,稍,"3回 京都 1日目 サラ系３歳 １勝クラス       (混)[指] 馬齢 14頭 本賞金:820,330,210,120,82万円",14,820.0,4,1,1,ルファーダ,牡,3,57.0,幸,113.1,3,9,31.9,38.1,6-6-7-7,栗東 大根田,496,-4,
202608030107,2026-04-25,京都,7,3歳1勝クラス,ダ,1800,右,晴,稍,"3回 京都 1日目 サラ系３歳 １勝クラス       (混)[指] 馬齢 14頭 本賞金:820,330,210,120,82万円",14,820.0,5,2,2,ブラックレジェンド,牡,3,57.0,岩田望,113.3,3/4,5,9.4,38.6,4-4-4-4,栗東 寺島,454,-10,
202608030107,2026-04-25,京都,7,3歳1勝クラス,ダ,1800,右,晴,稍,"3回 京都 1日目 サラ系３歳 １勝クラス       (混)[指] 馬齢 14頭 本賞金:820,330,210,120,82万円",14,820.0,6,7,12,アミラル,牡,3,57.0,菱田,113.4,1/2,12,96.9,38.1,14-14-8-7,栗東 渡辺,478,0,
202608030107,2026-04-25,京都,7,3歳1勝クラス,ダ,1800,右,晴,稍,"3回 京都 1日目 サラ系３歳 １勝クラス       (混)[指] 馬齢 14頭 本賞金:820,330,210,120,82万円",14,820.0,7,6,9,ケイアイアマゾン,牡,3,57.0,藤懸,113.7,1.3/4,7,20.1,38.0,13-13-11-9,栗東 秋山,472,2,
202608030107,2026-04-25,京都,7,3歳1勝クラス,ダ,1800,右,晴,稍,"3回 京都 1日目 サラ系３歳 １勝クラス       (混)[指] 馬齢 14頭 本賞金:820,330,210,120,82万円",14,820.0,8,5,8,ダンジョンヒーロー,牡,3,55.0,△田山,113.7,クビ,13,204.5,38.9,4-4-4-4,栗東 石坂,462,0,
202608030107,2026-04-25,京都,7,3歳1勝クラス,ダ,1800,右,晴,稍,"3回 京都 1日目 サラ系３歳 １勝クラス       (混)[指] 馬齢 14頭 本賞金:820,330,210,120,82万円",14,820.0,9,8,14,ドメイン,牡,3,57.0,松若,113.8,3/4,8,25.5,37.8,11-11-13-11,栗東 松下,496,2,
202608030107,2026-04-25,京都,7,3歳1勝クラス,ダ,1800,右,晴,稍,"3回 京都 1日目 サラ系３歳 １勝クラス       (混)[指] 馬齢 14頭 本賞金:820,330,210,120,82万円",14,820.0,10,5,7,キリオス,牡,3,57.0,松山,113.9,1/2,4,8.3,39.3,3-3-3-3,栗東 庄野,506,-8,
202608030107,2026-04-25,京都,7,3歳1勝クラス,ダ,1800,右,晴,稍,"3回 京都 1日目 サラ系３歳 １勝クラス       (混)[指] 馬齢 14頭 本賞金:820,330,210,120,82万円",14,820.0,11,4,5,ロードヴェルテクス,牡,3,57.0,高杉,114.5,3.1/2,11,74.5,38.5,12-12-14-14,栗東 奥村豊,450,3,
202608030107,2026-04-25,京都,7,3歳1勝クラス,ダ,1800,右,晴,稍,"3回 京都 1日目 サラ系３歳 １勝クラス       (混)[指] 馬齢 14頭 本賞金:820,330,210,120,82万円",14,820.0,12,8,13,ロックバンド,牡,3,57.0,鮫島駿,114.7,1.1/4,10,44.4,39.3,9-9-9-10,栗東 茶木,448,8,
202608030107,2026-04-25,京都,7,3歳1勝クラス,ダ,1800,右,晴,稍,"3回 京都 1日目 サラ系３歳 １勝クラス       (混)[指] 馬齢 14頭 本賞金:820,330,210,120,82万円",14,820.0,13,7,11,ワザオギ,牡,3,57.0,西村淳,115.5,5,6,9.7,39.9,9-10-9-11,栗東 坂口,494,0,
202608030107,2026-04-25,京都,7,3歳1勝クラス,ダ,1800,右,晴,稍,"3回 京都 1日目 サラ系３歳 １勝クラス       (混)[指] 馬齢 14頭 本賞金:820,330,210,120,82万円",14,820.0,14,3,4,キタノファーンヒル,牝,3,55.0,酒井,115.5,クビ,14,269.1,39.8,6-6-11-11,栗東 加藤公,458,0,
202608030108,2026-04-25,京都,8,あやめ賞,芝,1800,右,晴,良,"3回 京都 1日目 サラ系３歳 １勝クラス       (混)(特指) 馬齢 6頭 本賞金:1140,460,290,170,114万円",6,1140.0,1,2,2,ブレットパス,牡,3,57.0,西村淳,105.1,,1,1.6,34.1,4-3,栗東 中内田,496,4,
202608030108,2026-04-25,京都,8,あやめ賞,芝,1800,右,晴,良,"3回 京都 1日目 サラ系３歳 １勝クラス       (混)(特指) 馬齢 6頭 本賞金:1140,460,290,170,114万円",6,1140.0,2,4,4,ブラックシャリマー,牡,3,57.0,吉村,105.1,クビ,2,3.7,34.3,3-2,栗東 杉山晴,500,-4,
202608030108,2026-04-25,京都,8,あやめ賞,芝,1800,右,晴,良,"3回 京都 1日目 サラ系３歳 １勝クラス       (混)(特指) 馬齢 6頭 本賞金:1140,460,290,170,114万円",6,1140.0,3,3,3,キシダンチョウ,牡,3,57.0,高杉,105.3,1,3,5.7,34.1,4-6,栗東 吉岡,506,-8,
202608030108,2026-04-25,京都,8,あやめ賞,芝,1800,右,晴,良,"3回 京都 1日目 サラ系３歳 １勝クラス       (混)(特指) 馬齢 6頭 本賞金:1140,460,290,170,114万円",6,1140.0,4,1,1,アイガーリー,牡,3,57.0,菱田,105.3,クビ,5,23.2,34.2,4-3,栗東 秋山,440,0,
202608030108,2026-04-25,京都,8,あやめ賞,芝,1800,右,晴,良,"3回 京都 1日目 サラ系３歳 １勝クラス       (混)(特指) 馬齢 6頭 本賞金:1140,460,290,170,114万円",6,1140.0,5,5,5,ララファキュルテ,牡,3,57.0,岩田望,105.5,1,4,6.6,34.8,2-1,栗東 斉藤崇,480,4,
202608030108,2026-04-25,京都,8,あやめ賞,芝,1800,右,晴,良,"3回 京都 1日目 サラ系３歳 １勝クラス       (混)(特指) 馬齢 6頭 本賞金:1140,460,290,170,114万円",6,1140.0,6,6,6,ジャストビート,牝,3,55.0,鮫島駿,106.5,6,6,99.5,35.6,1-3,栗東 安達,418,-6,
202608030109,2026-04-25,京都,9,4歳以上1勝クラス,芝,1400,右,晴,良,"3回 京都 1日目 サラ系４歳以上 １勝クラス       [指] 定量 16頭 本賞金:820,330,210,120,82万円",16,820.0,1,5,10,ダガーリング,牡,4,58.0,菱田,80.2,,6,15.4,33.9,1-1,栗東 柴田,550,-2,
202608030109,2026-04-25,京都,9,4歳以上1勝クラス,芝,1400,右,晴,良,"3回 京都 1日目 サラ系４歳以上 １勝クラス       [指] 定量 16頭 本賞金:820,330,210,120,82万円",16,820.0,2,4,7,ペールノエル,セ,4,58.0,西村淳,80.6,2.1/2,5,7.7,33.5,12-11,栗東 西村,446,0,
202608030109,2026-04-25,京都,9,4歳以上1勝クラス,芝,1400,右,晴,良,"3回 京都 1日目 サラ系４歳以上 １勝クラス       [指] 定量 16頭 本賞金:820,330,210,120,82万円",16,820.0,3,3,6,コルドンブルー,牝,4,56.0,岩田望,80.7,3/4,1,3.4,33.3,13-13,栗東 松永幹,438,0,
202608030109,2026-04-25,京都,9,4歳以上1勝クラス,芝,1400,右,晴,良,"3回 京都 1日目 サラ系４歳以上 １勝クラス       [指] 定量 16頭 本賞金:820,330,210,120,82万円",16,820.0,4,1,2,モンタルチーノ,牡,4,58.0,吉村,80.8,1/2,3,5.6,34.3,3-4,栗東 庄野,526,16,
202608030109,2026-04-25,京都,9,4歳以上1勝クラス,芝,1400,右,晴,良,"3回 京都 1日目 サラ系４歳以上 １勝クラス       [指] 定量 16頭 本賞金:820,330,210,120,82万円",16,820.0,5,1,1,メイショウサチダケ,牡,5,58.0,松山,80.8,ハナ,2,4.3,34.3,3-4,栗東 鈴木孝,494,-4,
202608030109,2026-04-25,京都,9,4歳以上1勝クラス,芝,1400,右,晴,良,"3回 京都 1日目 サラ系４歳以上 １勝クラス       [指] 定量 16頭 本賞金:820,330,210,120,82万円",16,820.0,6,4,8,スウィートリワード,牝,5,56.0,浜中,80.9,クビ,13,99.6,34.1,10-8,栗東 宮本,466,6,
202608030109,2026-04-25,京都,9,4歳以上1勝クラス,芝,1400,右,晴,良,"3回 京都 1日目 サラ系４歳以上 １勝クラス       [指] 定量 16頭 本賞金:820,330,210,120,82万円",16,820.0,7,3,5,ラガークイン,牝,5,56.0,原,80.9,ハナ,9,31.6,34.1,7-8,栗東 大久保,436,0,
202608030109,2026-04-25,京都,9,4歳以上1勝クラス,芝,1400,右,晴,良,"3回 京都 1日目 サラ系４歳以上 １勝クラス       [指] 定量 16頭 本賞金:820,330,210,120,82万円",16,820.0,8,6,12,ヒットザグラウンド,牝,4,56.0,古川吉,80.9,クビ,14,244.1,33.5,13-13,栗東 四位,450,4,
202608030109,2026-04-25,京都,9,4歳以上1勝クラス,芝,1400,右,晴,良,"3回 京都 1日目 サラ系４歳以上 １勝クラス       [指] 定量 16頭 本賞金:820,330,210,120,82万円",16,820.0,9,8,16,ニシノイツキムスメ,牝,4,56.0,秋山稔,81.0,クビ,10,53.4,34.4,7-4,栗東 北出,414,0,
202608030109,2026-04-25,京都,9,4歳以上1勝クラス,芝,1400,右,晴,良,"3回 京都 1日目 サラ系４歳以上 １勝クラス       [指] 定量 16頭 本賞金:820,330,210,120,82万円",16,820.0,10,2,4,サリュエ,牡,5,58.0,団野,81.0,アタマ,4,6.2,34.2,7-8,栗東 野中,496,-2,
202608030109,2026-04-25,京都,9,4歳以上1勝クラス,芝,1400,右,晴,良,"3回 京都 1日目 サラ系４歳以上 １勝クラス       [指] 定量 16頭 本賞金:820,330,210,120,82万円",16,820.0,11,8,15,ウォーターエアリー,牝,4,56.0,田口,81.0,アタマ,8,30.2,33.3,15-15,栗東 高柳大,408,8,
202608030109,2026-04-25,京都,9,4歳以上1勝クラス,芝,1400,右,晴,良,"3回 京都 1日目 サラ系４歳以上 １勝クラス       [指] 定量 16頭 本賞金:820,330,210,120,82万円",16,820.0,12,2,3,ルクスアドラー,牡,5,58.0,鮫島駿,81.0,ハナ,15,247.8,33.9,10-11,美浦 平岩,464,-4,
202608030109,2026-04-25,京都,9,4歳以上1勝クラス,芝,1400,右,晴,良,"3回 京都 1日目 サラ系４歳以上 １勝クラス       [指] 定量 16頭 本賞金:820,330,210,120,82万円",16,820.0,13,6,11,シャインズオンユー,牡,5,58.0,松若,81.1,アタマ,16,254.8,33.4,15-15,栗東 藤野,456,-2,
202608030109,2026-04-25,京都,9,4歳以上1勝クラス,芝,1400,右,晴,良,"3回 京都 1日目 サラ系４歳以上 １勝クラス       [指] 定量 16頭 本賞金:820,330,210,120,82万円",16,820.0,14,5,9,セクシーマージュ,牝,4,56.0,高杉,81.2,3/4,7,16.4,34.8,3-3,栗東 小椋,432,4,
202608030109,2026-04-25,京都,9,4歳以上1勝クラス,芝,1400,右,晴,良,"3回 京都 1日目 サラ系４歳以上 １勝クラス       [指] 定量 16頭 本賞金:820,330,210,120,82万円",16,820.0,15,7,13,イリスアスール,牝,5,56.0,幸,81.3,1,12,68.0,35.0,2-2,栗東 角田,458,4,
202608030109,2026-04-25,京都,9,4歳以上1勝クラス,芝,1400,右,晴,良,"3回 京都 1日目 サラ系４歳以上 １勝クラス       [指] 定量 16頭 本賞金:820,330,210,120,82万円",16,820.0,16,7,14,レインオンミー,牡,4,56.0,△田山,81.6,1.1/2,11,67.9,35.2,3-4,栗東 福永,482,0,
202608030110,2026-04-25,京都,10,観月橋S,ダ,1800,右,晴,稍,"3回 京都 1日目 サラ系４歳以上 ３勝クラス       (混)(特指) 定量 11頭 本賞金:1870,750,470,280,187万円",11,1870.0,1,2,2,マイノワール,牡,5,58.0,浜中,110.8,,6,13.7,36.5,8-8-7-7,栗東 笹田,478,0,
202608030110,2026-04-25,京都,10,観月橋S,ダ,1800,右,晴,稍,"3回 京都 1日目 サラ系４歳以上 ３勝クラス       (混)(特指) 定量 11頭 本賞金:1870,750,470,280,187万円",11,1870.0,2,7,9,タガノマカシヤ,牡,4,58.0,岩田望,110.9,1,2,3.2,37.1,2-2-2-2,栗東 中村,512,6,
202608030110,2026-04-25,京都,10,観月橋S,ダ,1800,右,晴,稍,"3回 京都 1日目 サラ系４歳以上 ３勝クラス       (混)(特指) 定量 11頭 本賞金:1870,750,470,280,187万円",11,1870.0,3,3,3,ペンナヴェローチェ,牡,5,58.0,団野,111.2,1.3/4,4,8.3,37.2,3-3-3-3,栗東 須貝,502,4,
202608030110,2026-04-25,京都,10,観月橋S,ダ,1800,右,晴,稍,"3回 京都 1日目 サラ系４歳以上 ３勝クラス       (混)(特指) 定量 11頭 本賞金:1870,750,470,280,187万円",11,1870.0,4,5,5,ショウサンジョージ,牡,4,58.0,国分優,111.3,1/2,10,43.8,37.3,6-6-3-3,栗東 松下,494,-6,
202608030110,2026-04-25,京都,10,観月橋S,ダ,1800,右,晴,稍,"3回 京都 1日目 サラ系４歳以上 ３勝クラス       (混)(特指) 定量 11頭 本賞金:1870,750,470,280,187万円",11,1870.0,5,8,10,パシアンジャン,牡,5,58.0,松山,111.4,クビ,1,3.2,37.3,5-5-3-3,栗東 鈴木孝,464,-2,
202608030110,2026-04-25,京都,10,観月橋S,ダ,1800,右,晴,稍,"3回 京都 1日目 サラ系４歳以上 ３勝クラス       (混)(特指) 定量 11頭 本賞金:1870,750,470,280,187万円",11,1870.0,6,1,1,デルアヴァー,牡,4,58.0,西村淳,111.4,クビ,3,5.1,36.7,11-11-10-8,栗東 松永幹,492,4,
202608030110,2026-04-25,京都,10,観月橋S,ダ,1800,右,晴,稍,"3回 京都 1日目 サラ系４歳以上 ３勝クラス       (混)(特指) 定量 11頭 本賞金:1870,750,470,280,187万円",11,1870.0,7,8,11,アラレタバシル,牡,5,58.0,鮫島駿,111.5,3/4,7,16.2,37.5,4-3-3-3,美浦 松尾,464,0,
202608030110,2026-04-25,京都,10,観月橋S,ダ,1800,右,晴,稍,"3回 京都 1日目 サラ系４歳以上 ３勝クラス       (混)(特指) 定量 11頭 本賞金:1870,750,470,280,187万円",11,1870.0,8,4,4,ピエマンソン,牡,4,58.0,幸,111.6,クビ,5,12.8,37.9,1-1-1-1,栗東 平田,486,-2,
202608030110,2026-04-25,京都,10,観月橋S,ダ,1800,右,晴,稍,"3回 京都 1日目 サラ系４歳以上 ３勝クラス       (混)(特指) 定量 11頭 本賞金:1870,750,470,280,187万円",11,1870.0,9,7,8,プロミシングスター,牡,5,58.0,田口,111.8,1.1/4,8,23.1,37.4,6-7-7-10,栗東 高橋忠,454,-4,
202608030110,2026-04-25,京都,10,観月橋S,ダ,1800,右,晴,稍,"3回 京都 1日目 サラ系４歳以上 ３勝クラス       (混)(特指) 定量 11頭 本賞金:1870,750,470,280,187万円",11,1870.0,10,6,7,プルナチャンドラ,牡,5,58.0,酒井,111.8,アタマ,9,35.4,37.2,8-8-9-10,美浦 小野,516,4,
202608030110,2026-04-25,京都,10,観月橋S,ダ,1800,右,晴,稍,"3回 京都 1日目 サラ系４歳以上 ３勝クラス       (混)(特指) 定量 11頭 本賞金:1870,750,470,280,187万円",11,1870.0,11,6,6,ケイアイメキラ,セ,6,58.0,藤懸,111.9,3/4,11,90.3,37.3,10-10-10-8,栗東 秋山,498,4,
202608030111,2026-04-25,京都,11,天王山S,ダ,1200,右,晴,稍,"3回 京都 1日目 サラ系４歳以上 オープン       (国際)(特指) 別定 12頭 本賞金:2200,880,550,330,220万円",12,2200.0,1,2,2,ジュンウィンダム,牝,6,55.0,国分優,70.4,,11,105.7,35.3,11-9,栗東 浜田,506,4,
202608030111,2026-04-25,京都,11,天王山S,ダ,1200,右,晴,稍,"3回 京都 1日目 サラ系４歳以上 オープン       (国際)(特指) 別定 12頭 本賞金:2200,880,550,330,220万円",12,2200.0,2,8,11,ドンアミティエ,牡,6,60.0,松山,70.4,クビ,3,5.5,36.2,4-4,栗東 今野,,,
202608030111,2026-04-25,京都,11,天王山S,ダ,1200,右,晴,稍,"3回 京都 1日目 サラ系４歳以上 オープン       (国際)(特指) 別定 12頭 本賞金:2200,880,550,330,220万円",12,2200.0,3,3,3,ペプチドヤマト,牡,7,58.0,高倉,70.6,1.1/4,8,15.9,35.9,8-7,栗東 武英,502,2,
202608030111,2026-04-25,京都,11,天王山S,ダ,1200,右,晴,稍,"3回 京都 1日目 サラ系４歳以上 オープン       (国際)(特指) 別定 12頭 本賞金:2200,880,550,330,220万円",12,2200.0,4,5,6,ヒルノドゴール,牡,5,57.0,幸,70.7,3/4,5,6.0,35.7,10-11,栗東 北出,526,-8,
202608030111,2026-04-25,京都,11,天王山S,ダ,1200,右,晴,稍,"3回 京都 1日目 サラ系４歳以上 オープン       (国際)(特指) 別定 12頭 本賞金:2200,880,550,330,220万円",12,2200.0,5,5,5,メイショウホウレン,牡,5,58.0,浜中,70.7,ハナ,4,5.6,37.2,2-1,栗東 安達,520,0,
202608030111,2026-04-25,京都,11,天王山S,ダ,1200,右,晴,稍,"3回 京都 1日目 サラ系４歳以上 オープン       (国際)(特指) 別定 12頭 本賞金:2200,880,550,330,220万円",12,2200.0,6,6,8,ケイアイシェルビー,牡,8,57.0,藤懸,71.0,1.1/2,12,122.0,35.2,12-12,栗東 平田,478,-4,
202608030111,2026-04-25,京都,11,天王山S,ダ,1200,右,晴,稍,"3回 京都 1日目 サラ系４歳以上 オープン       (国際)(特指) 別定 12頭 本賞金:2200,880,550,330,220万円",12,2200.0,7,8,12,ファムエレガンテ,牝,4,55.0,岩田望,71.5,3,1,4.8,37.9,1-2,栗東 中村,470,-6,
202608030111,2026-04-25,京都,11,天王山S,ダ,1200,右,晴,稍,"3回 京都 1日目 サラ系４歳以上 オープン       (国際)(特指) 別定 12頭 本賞金:2200,880,550,330,220万円",12,2200.0,8,7,9,カズゴルティス,セ,5,57.0,団野,71.7,3/4,10,48.7,37.3,6-6,栗東 西園翔,488,4,
202608030111,2026-04-25,京都,11,天王山S,ダ,1200,右,晴,稍,"3回 京都 1日目 サラ系４歳以上 オープン       (国際)(特指) 別定 12頭 本賞金:2200,880,550,330,220万円",12,2200.0,9,7,10,ゲッティヴィラ,牡,4,57.0,西村淳,71.7,クビ,2,5.1,36.9,8-9,栗東 小栗,462,2,
202608030111,2026-04-25,京都,11,天王山S,ダ,1200,右,晴,稍,"3回 京都 1日目 サラ系４歳以上 オープン       (国際)(特指) 別定 12頭 本賞金:2200,880,550,330,220万円",12,2200.0,10,6,7,ジョーローリット,牝,5,55.0,角田和,71.9,1.1/4,6,9.3,37.9,3-3,栗東 中竹,494,4,
202608030111,2026-04-25,京都,11,天王山S,ダ,1200,右,晴,稍,"3回 京都 1日目 サラ系４歳以上 オープン       (国際)(特指) 別定 12頭 本賞金:2200,880,550,330,220万円",12,2200.0,11,4,4,オーブルクール,牝,5,55.0,原,72.3,2.1/2,7,14.1,38.1,4-4,美浦 矢野,472,-16,
202608030111,2026-04-25,京都,11,天王山S,ダ,1200,右,晴,稍,"3回 京都 1日目 サラ系４歳以上 オープン       (国際)(特指) 別定 12頭 本賞金:2200,880,550,330,220万円",12,2200.0,12,1,1,ケイアイアニラ,牡,6,57.0,高杉,72.3,アタマ,9,20.6,37.6,7-7,栗東 吉岡,536,-4,
202608030112,2026-04-25,京都,12,4歳以上2勝クラス,芝,1600,右,晴,良,"3回 京都 1日目 サラ系４歳以上 ２勝クラス       (混)(特指) 定量 11頭 本賞金:1190,480,300,180,119万円",11,1190.0,1,2,2,フェアリーライク,牝,4,56.0,岩田望,91.6,,1,2.2,34.0,8-8,栗東 笹田,472,4,
202608030112,2026-04-25,京都,12,4歳以上2勝クラス,芝,1600,右,晴,良,"3回 京都 1日目 サラ系４歳以上 ２勝クラス       (混)(特指) 定量 11頭 本賞金:1190,480,300,180,119万円",11,1190.0,2,7,9,ショウナンバルドル,セ,4,56.0,△田山,91.6,1/2,7,23.8,33.7,11-11,栗東 須貝,498,0,
202608030112,2026-04-25,京都,12,4歳以上2勝クラス,芝,1600,右,晴,良,"3回 京都 1日目 サラ系４歳以上 ２勝クラス       (混)(特指) 定量 11頭 本賞金:1190,480,300,180,119万円",11,1190.0,3,8,11,リカントロポ,牡,4,58.0,田口,92.2,3.1/2,4,7.2,34.8,7-5,栗東 梅田,496,4,
202608030112,2026-04-25,京都,12,4歳以上2勝クラス,芝,1600,右,晴,良,"3回 京都 1日目 サラ系４歳以上 ２勝クラス       (混)(特指) 定量 11頭 本賞金:1190,480,300,180,119万円",11,1190.0,4,1,1,ホウオウトランプ,牡,5,58.0,松山,92.3,クビ,2,3.9,35.3,1-1,栗東 池江,526,-2,
202608030112,2026-04-25,京都,12,4歳以上2勝クラス,芝,1600,右,晴,良,"3回 京都 1日目 サラ系４歳以上 ２勝クラス       (混)(特指) 定量 11頭 本賞金:1190,480,300,180,119万円",11,1190.0,5,6,7,サクラオーラ,牝,7,56.0,西村淳,92.3,クビ,8,24.3,35.0,4-5,栗東 河嶋,450,0,
202608030112,2026-04-25,京都,12,4歳以上2勝クラス,芝,1600,右,晴,良,"3回 京都 1日目 サラ系４歳以上 ２勝クラス       (混)(特指) 定量 11頭 本賞金:1190,480,300,180,119万円",11,1190.0,6,4,4,ユメハハテシナク,牡,6,58.0,幸,92.4,クビ,9,31.7,35.0,4-7,栗東 石坂,486,-4,
202608030112,2026-04-25,京都,12,4歳以上2勝クラス,芝,1600,右,晴,良,"3回 京都 1日目 サラ系４歳以上 ２勝クラス       (混)(特指) 定量 11頭 本賞金:1190,480,300,180,119万円",11,1190.0,7,7,8,アスクエピソード,牡,6,58.0,国分優,92.5,1,10,109.7,34.9,8-8,栗東 坂口,468,-6,
202608030112,2026-04-25,京都,12,4歳以上2勝クラス,芝,1600,右,晴,良,"3回 京都 1日目 サラ系４歳以上 ２勝クラス       (混)(特指) 定量 11頭 本賞金:1190,480,300,180,119万円",11,1190.0,8,5,5,オリバナム,牝,4,56.0,団野,92.6,クビ,3,6.2,35.4,4-2,栗東 斉藤崇,478,-2,
202608030112,2026-04-25,京都,12,4歳以上2勝クラス,芝,1600,右,晴,良,"3回 京都 1日目 サラ系４歳以上 ２勝クラス       (混)(特指) 定量 11頭 本賞金:1190,480,300,180,119万円",11,1190.0,9,8,10,リアライズ,牡,6,58.0,角田和,92.6,クビ,5,14.5,35.4,3-4,栗東 石橋,514,8,
202608030112,2026-04-25,京都,12,4歳以上2勝クラス,芝,1600,右,晴,良,"3回 京都 1日目 サラ系４歳以上 ２勝クラス       (混)(特指) 定量 11頭 本賞金:1190,480,300,180,119万円",11,1190.0,10,3,3,オデット,牝,4,56.0,吉村,93.1,3,11,128.1,35.4,8-8,栗東 緒方,448,-2,
202608030112,2026-04-25,京都,12,4歳以上2勝クラス,芝,1600,右,晴,良,"3回 京都 1日目 サラ系４歳以上 ２勝クラス       (混)(特指) 定量 11頭 本賞金:1190,480,300,180,119万円",11,1190.0,11,6,6,クスクス,牝,5,56.0,酒井,93.6,2.1/2,6,18.3,36.5,2-2,栗東 松下,498,0,
202603010601,2026-04-26,福島,1,3歳未勝利,ダ,1150,右,晴,良,"1回 福島 6日目 サラ系３歳 未勝利       牝[指] 馬齢 16頭 本賞金:590,240,150,89,59万円",16,590.0,1,6,12,モズオウンゴール,牝,3,53.0,◇永島,68.7,,1,2.2,36.5,2-2,栗東 松下,448,10,
202603010601,2026-04-26,福島,1,3歳未勝利,ダ,1150,右,晴,良,"1回 福島 6日目 サラ系３歳 未勝利       牝[指] 馬齢 16頭 本賞金:590,240,150,89,59万円",16,590.0,2,4,7,ドリームガッサン,牝,3,52.0,▲小林美,69.4,4,5,14.1,36.9,4-3,美浦 鈴木伸,434,6,
202603010601,2026-04-26,福島,1,3歳未勝利,ダ,1150,右,晴,良,"1回 福島 6日目 サラ系３歳 未勝利       牝[指] 馬齢 16頭 本賞金:590,240,150,89,59万円",16,590.0,3,7,14,マーゴットオーメン,牝,3,55.0,菊沢,70.5,7,6,16.9,37.5,6-6,美浦 菊沢,512,-14,
202603010601,2026-04-26,福島,1,3歳未勝利,ダ,1150,右,晴,良,"1回 福島 6日目 サラ系３歳 未勝利       牝[指] 馬齢 16頭 本賞金:590,240,150,89,59万円",16,590.0,4,1,1,シェイプオブユー,牝,3,55.0,川又,70.8,1.1/2,2,3.0,38.7,1-1,栗東 吉村,474,6,
202603010601,2026-04-26,福島,1,3歳未勝利,ダ,1150,右,晴,良,"1回 福島 6日目 サラ系３歳 未勝利       牝[指] 馬齢 16頭 本賞金:590,240,150,89,59万円",16,590.0,5,8,15,プティシラー,牝,3,53.0,△長浜,71.3,3,3,8.2,37.8,9-10,美浦 上原博,462,-6,
202603010601,2026-04-26,福島,1,3歳未勝利,ダ,1150,右,晴,良,"1回 福島 6日目 サラ系３歳 未勝利       牝[指] 馬齢 16頭 本賞金:590,240,150,89,59万円",16,590.0,6,3,5,カッサンドラ,牝,3,55.0,横山琉,71.5,1.1/4,4,12.6,38.7,5-5,栗東 高橋忠,430,2,
202603010601,2026-04-26,福島,1,3歳未勝利,ダ,1150,右,晴,良,"1回 福島 6日目 サラ系３歳 未勝利       牝[指] 馬齢 16頭 本賞金:590,240,150,89,59万円",16,590.0,7,3,6,ペイシャクロス,牝,3,55.0,柴田大,71.5,ハナ,10,61.4,38.3,8-8,美浦 粕谷,454,0,
202603010601,2026-04-26,福島,1,3歳未勝利,ダ,1150,右,晴,良,"1回 福島 6日目 サラ系３歳 未勝利       牝[指] 馬齢 16頭 本賞金:590,240,150,89,59万円",16,590.0,8,6,11,トモジャカトゥーラ,牝,3,55.0,幸,71.5,クビ,12,88.1,38.0,9-9,栗東 大根田,476,12,
202603010601,2026-04-26,福島,1,3歳未勝利,ダ,1150,右,晴,良,"1回 福島 6日目 サラ系３歳 未勝利       牝[指] 馬齢 16頭 本賞金:590,240,150,89,59万円",16,590.0,9,7,13,ラブデウザ,牝,3,53.0,△鷲頭,71.6,1/2,9,60.4,37.5,12-10,美浦 加藤和,398,-4,
202603010601,2026-04-26,福島,1,3歳未勝利,ダ,1150,右,晴,良,"1回 福島 6日目 サラ系３歳 未勝利       牝[指] 馬齢 16頭 本賞金:590,240,150,89,59万円",16,590.0,10,2,3,メインテーマ,牝,3,51.0,★河原田,71.7,1/2,7,27.9,39.5,2-3,美浦 小手川,478,-10,
202603010601,2026-04-26,福島,1,3歳未勝利,ダ,1150,右,晴,良,"1回 福島 6日目 サラ系３歳 未勝利       牝[指] 馬齢 16頭 本賞金:590,240,150,89,59万円",16,590.0,11,5,9,ブロンディ,牝,3,53.0,◇古川奈,72.1,2.1/2,15,218.0,38.0,12-12,栗東 牧浦,422,-6,
202603010601,2026-04-26,福島,1,3歳未勝利,ダ,1150,右,晴,良,"1回 福島 6日目 サラ系３歳 未勝利       牝[指] 馬齢 16頭 本賞金:590,240,150,89,59万円",16,590.0,12,4,8,フレンドリーエール,牝,3,52.0,▲上里,72.5,2.1/2,8,30.5,38.6,11-12,美浦 村田,420,-4,
202603010601,2026-04-26,福島,1,3歳未勝利,ダ,1150,右,晴,良,"1回 福島 6日目 サラ系３歳 未勝利       牝[指] 馬齢 16頭 本賞金:590,240,150,89,59万円",16,590.0,13,1,2,ヤスナ,牝,3,52.0,▲和田陽,72.7,1.1/4,16,248.3,38.2,14-14,栗東 飯田,426,-28,
202603010601,2026-04-26,福島,1,3歳未勝利,ダ,1150,右,晴,良,"1回 福島 6日目 サラ系３歳 未勝利       牝[指] 馬齢 16頭 本賞金:590,240,150,89,59万円",16,590.0,14,2,4,ジューンミレニアム,牝,3,52.0,▲石田,73.4,4,13,126.3,38.8,15-15,美浦 鈴木慎,482,0,
202603010601,2026-04-26,福島,1,3歳未勝利,ダ,1150,右,晴,良,"1回 福島 6日目 サラ系３歳 未勝利       牝[指] 馬齢 16頭 本賞金:590,240,150,89,59万円",16,590.0,15,8,16,ハミングディスト,牝,3,52.0,▲遠藤,73.5,1,14,126.6,40.5,6-7,美浦 嘉藤,478,-2,
202603010601,2026-04-26,福島,1,3歳未勝利,ダ,1150,右,晴,良,"1回 福島 6日目 サラ系３歳 未勝利       牝[指] 馬齢 16頭 本賞金:590,240,150,89,59万円",16,590.0,16,5,10,トゥレイス,牝,3,53.0,△舟山,74.1,3.1/2,11,76.1,38.1,16-16,美浦 高柳瑞,420,-4,
202603010602,2026-04-26,福島,2,3歳未勝利,芝,1200,右,晴,良,"1回 福島 6日目 サラ系３歳 未勝利       (混)[指] 馬齢 16頭 本賞金:590,240,150,89,59万円",16,590.0,1,6,12,ララアルカー,牡,3,57.0,藤懸,69.4,,6,11.2,33.8,12-11,美浦 大竹,508,14,
202603010602,2026-04-26,福島,2,3歳未勝利,芝,1200,右,晴,良,"1回 福島 6日目 サラ系３歳 未勝利       (混)[指] 馬齢 16頭 本賞金:590,240,150,89,59万円",16,590.0,2,2,4,ハッピーローヴァー,牝,3,55.0,幸,69.4,ハナ,3,5.0,34.5,4-2,栗東 渡辺,420,-2,
202603010602,2026-04-26,福島,2,3歳未勝利,芝,1200,右,晴,良,"1回 福島 6日目 サラ系３歳 未勝利       (混)[指] 馬齢 16頭 本賞金:590,240,150,89,59万円",16,590.0,3,5,9,スイープセレニティ,牝,3,55.0,丸山,69.7,1.1/2,2,3.9,35.0,2-2,美浦 宮田,476,6,
202603010602,2026-04-26,福島,2,3歳未勝利,芝,1200,右,晴,良,"1回 福島 6日目 サラ系３歳 未勝利       (混)[指] 馬齢 16頭 本賞金:590,240,150,89,59万円",16,590.0,3,7,14,オンナキュヌヴィ,牝,3,53.0,△長浜,69.7,1.1/2,5,10.3,34.5,8-7,美浦 蛯名正,426,-12,
202603010602,2026-04-26,福島,2,3歳未勝利,芝,1200,右,晴,良,"1回 福島 6日目 サラ系３歳 未勝利       (混)[指] 馬齢 16頭 本賞金:590,240,150,89,59万円",16,590.0,5,8,15,ダノンルミエール,牝,3,55.0,菱田,69.9,1,1,3.2,35.0,4-5,美浦 久保田,464,-4,
202603010602,2026-04-26,福島,2,3歳未勝利,芝,1200,右,晴,良,"1回 福島 6日目 サラ系３歳 未勝利       (混)[指] 馬齢 16頭 本賞金:590,240,150,89,59万円",16,590.0,6,6,11,モズヴイ,牡,3,57.0,横山琉,70.0,1,4,5.9,34.7,8-7,栗東 藤岡健,454,-10,
202603010602,2026-04-26,福島,2,3歳未勝利,芝,1200,右,晴,良,"1回 福島 6日目 サラ系３歳 未勝利       (混)[指] 馬齢 16頭 本賞金:590,240,150,89,59万円",16,590.0,7,8,16,タイセイアビオン,牝,3,55.0,斎藤,70.0,アタマ,9,83.6,34.8,8-7,栗東 浜田,434,-6,
202603010602,2026-04-26,福島,2,3歳未勝利,芝,1200,右,晴,良,"1回 福島 6日目 サラ系３歳 未勝利       (混)[指] 馬齢 16頭 本賞金:590,240,150,89,59万円",16,590.0,8,5,10,ラブソング,牝,3,55.0,黛,70.0,アタマ,10,113.5,34.2,14-13,美浦 尾関,412,-20,
202603010602,2026-04-26,福島,2,3歳未勝利,芝,1200,右,晴,良,"1回 福島 6日目 サラ系３歳 未勝利       (混)[指] 馬齢 16頭 本賞金:590,240,150,89,59万円",16,590.0,9,4,7,ルビーブロンド,牝,3,55.0,国分恭,70.1,クビ,8,37.2,35.0,6-5,栗東 笹田,446,6,
202603010602,2026-04-26,福島,2,3歳未勝利,芝,1200,右,晴,良,"1回 福島 6日目 サラ系３歳 未勝利       (混)[指] 馬齢 16頭 本賞金:590,240,150,89,59万円",16,590.0,10,4,8,ホウオウミステリー,牝,3,55.0,丸田,70.2,3/4,14,334.1,34.6,12-13,美浦 池上,474,-8,
202603010602,2026-04-26,福島,2,3歳未勝利,芝,1200,右,晴,良,"1回 福島 6日目 サラ系３歳 未勝利       (混)[指] 馬齢 16頭 本賞金:590,240,150,89,59万円",16,590.0,11,3,5,アンデルストープ,牝,3,55.0,嶋田,70.3,1/2,12,162.9,34.9,11-11,美浦 伊坂,474,6,
202603010602,2026-04-26,福島,2,3歳未勝利,芝,1200,右,晴,良,"1回 福島 6日目 サラ系３歳 未勝利       (混)[指] 馬齢 16頭 本賞金:590,240,150,89,59万円",16,590.0,12,1,1,オスロクィーン,牝,3,52.0,▲上里,70.3,クビ,11,118.7,35.6,2-2,美浦 武井,440,0,
202603010602,2026-04-26,福島,2,3歳未勝利,芝,1200,右,晴,良,"1回 福島 6日目 サラ系３歳 未勝利       (混)[指] 馬齢 16頭 本賞金:590,240,150,89,59万円",16,590.0,13,7,13,ルルマーレ,牝,3,51.0,★谷原,70.4,クビ,7,16.8,35.8,1-1,美浦 伊藤大,498,10,
202603010602,2026-04-26,福島,2,3歳未勝利,芝,1200,右,晴,良,"1回 福島 6日目 サラ系３歳 未勝利       (混)[指] 馬齢 16頭 本賞金:590,240,150,89,59万円",16,590.0,14,3,6,フォークスアップ,牡,3,57.0,武藤,70.4,クビ,13,259.1,34.6,14-13,美浦 勢司,486,-4,
202603010602,2026-04-26,福島,2,3歳未勝利,芝,1200,右,晴,良,"1回 福島 6日目 サラ系３歳 未勝利       (混)[指] 馬齢 16頭 本賞金:590,240,150,89,59万円",16,590.0,15,2,3,ケープティアラ,牝,3,52.0,▲遠藤,71.3,5,16,435.9,36.2,6-7,美浦 栗田,384,4,
202603010602,2026-04-26,福島,2,3歳未勝利,芝,1200,右,晴,良,"1回 福島 6日目 サラ系３歳 未勝利       (混)[指] 馬齢 16頭 本賞金:590,240,150,89,59万円",16,590.0,16,1,2,サツキクローネ,牝,3,55.0,富田,71.4,1/2,15,399.4,35.6,14-16,美浦 牧,430,-4,
202603010603,2026-04-26,福島,3,3歳未勝利,ダ,1700,右,晴,良,"1回 福島 6日目 サラ系３歳 未勝利       見習騎手 馬齢 15頭 本賞金:590,240,150,89,59万円",15,590.0,1,7,13,エリーニック,牝,3,52.0,▲小林美,106.4,,7,25.1,37.4,10-8-6-4,美浦 千葉,442,-4,
202603010603,2026-04-26,福島,3,3歳未勝利,ダ,1700,右,晴,良,"1回 福島 6日目 サラ系３歳 未勝利       見習騎手 馬齢 15頭 本賞金:590,240,150,89,59万円",15,590.0,2,6,10,ジョーカー,牡,3,57.0,西塚,107.2,5,1,1.5,39.0,3-2-3-2,栗東 友道,480,0,
202603010603,2026-04-26,福島,3,3歳未勝利,ダ,1700,右,晴,良,"1回 福島 6日目 サラ系３歳 未勝利       見習騎手 馬齢 15頭 本賞金:590,240,150,89,59万円",15,590.0,3,2,2,マイネルゼーロス,牡,3,54.0,▲石神道,107.4,1.1/4,2,7.0,39.1,3-4-4-4,美浦 相沢,482,-6,
202603010603,2026-04-26,福島,3,3歳未勝利,ダ,1700,右,晴,良,"1回 福島 6日目 サラ系３歳 未勝利       見習騎手 馬齢 15頭 本賞金:590,240,150,89,59万円",15,590.0,4,3,4,エレーデサンライズ,牝,3,53.0,◇永島,107.4,アタマ,4,9.0,37.6,12-12-10-9,栗東 平田,456,-4,
202603010603,2026-04-26,福島,3,3歳未勝利,ダ,1700,右,晴,良,"1回 福島 6日目 サラ系３歳 未勝利       見習騎手 馬齢 15頭 本賞金:590,240,150,89,59万円",15,590.0,5,4,7,セラサイト,牝,3,55.0,小沢,107.7,1.3/4,5,17.6,39.3,5-5-4-4,栗東 茶木,488,0,
202603010603,2026-04-26,福島,3,3歳未勝利,ダ,1700,右,晴,良,"1回 福島 6日目 サラ系３歳 未勝利       見習騎手 馬齢 15頭 本賞金:590,240,150,89,59万円",15,590.0,6,8,14,ツクバアヴァロン,牡,3,54.0,▲大久保,107.8,1/2,11,111.7,38.8,6-7-6-7,美浦 奥平,474,-6,
202603010603,2026-04-26,福島,3,3歳未勝利,ダ,1700,右,晴,良,"1回 福島 6日目 サラ系３歳 未勝利       見習騎手 馬齢 15頭 本賞金:590,240,150,89,59万円",15,590.0,7,8,15,ビサーロ,セ,3,55.0,△鷲頭,108.0,1.1/4,6,18.2,39.9,2-2-2-1,栗東 田中克,462,2,
202603010603,2026-04-26,福島,3,3歳未勝利,ダ,1700,右,晴,良,"1回 福島 6日目 サラ系３歳 未勝利       見習騎手 馬齢 15頭 本賞金:590,240,150,89,59万円",15,590.0,8,1,1,ベネファクター,牡,3,57.0,横山琉,108.7,4,10,73.5,39.5,6-6-8-8,美浦 斎藤誠,466,3,
202603010603,2026-04-26,福島,3,3歳未勝利,ダ,1700,右,晴,良,"1回 福島 6日目 サラ系３歳 未勝利       見習騎手 馬齢 15頭 本賞金:590,240,150,89,59万円",15,590.0,9,2,3,ポンテヴェッキオ,牡,3,54.0,▲上里,108.9,1.1/4,13,319.3,38.7,14-13-13-11,美浦 栗田,460,8,
202603010603,2026-04-26,福島,3,3歳未勝利,ダ,1700,右,晴,良,"1回 福島 6日目 サラ系３歳 未勝利       見習騎手 馬齢 15頭 本賞金:590,240,150,89,59万円",15,590.0,10,5,8,フロムザムーン,牡,3,54.0,▲石田,109.0,1/2,8,42.9,39.4,9-8-9-10,栗東 畑端,458,0,
202603010603,2026-04-26,福島,3,3歳未勝利,ダ,1700,右,晴,良,"1回 福島 6日目 サラ系３歳 未勝利       見習騎手 馬齢 15頭 本賞金:590,240,150,89,59万円",15,590.0,11,3,5,ニューカワイイ,牝,3,51.0,★河原田,109.7,4,12,232.1,39.7,10-11-12-14,美浦 中川,432,-6,
202603010603,2026-04-26,福島,3,3歳未勝利,ダ,1700,右,晴,良,"1回 福島 6日目 サラ系３歳 未勝利       見習騎手 馬齢 15頭 本賞金:590,240,150,89,59万円",15,590.0,12,7,12,モラール,牝,3,53.0,△長浜,110.3,3.1/2,15,338.7,40.5,6-8-10-11,美浦 鈴木慎,374,2,
202603010603,2026-04-26,福島,3,3歳未勝利,ダ,1700,右,晴,良,"1回 福島 6日目 サラ系３歳 未勝利       見習騎手 馬齢 15頭 本賞金:590,240,150,89,59万円",15,590.0,13,4,6,キャッチアシーフ,牡,3,55.0,△舟山,110.4,1/2,3,7.6,42.4,1-1-1-3,栗東 佐藤悠,520,0,
202603010603,2026-04-26,福島,3,3歳未勝利,ダ,1700,右,晴,良,"1回 福島 6日目 サラ系３歳 未勝利       見習騎手 馬齢 15頭 本賞金:590,240,150,89,59万円",15,590.0,14,5,9,カンフーヒーロー,牡,3,55.0,◇古川奈,110.5,3/4,14,334.5,40.3,13-13-13-11,美浦 的場,474,-8,
202603010603,2026-04-26,福島,3,3歳未勝利,ダ,1700,右,晴,良,"1回 福島 6日目 サラ系３歳 未勝利       見習騎手 馬齢 15頭 本賞金:590,240,150,89,59万円",15,590.0,15,6,11,サーバルマインド,牡,3,54.0,▲和田陽,112.2,10,9,49.5,41.2,15-15-15-15,栗東 森田,498,3,
202603010604,2026-04-26,福島,4,3歳未勝利,芝,1200,右,晴,良,"1回 福島 6日目 サラ系３歳 未勝利       牝[指] 馬齢 16頭 本賞金:590,240,150,89,59万円",16,590.0,1,4,7,カレンデュラ,牝,3,55.0,嶋田,69.2,,2,4.4,34.3,1-1,美浦 室井,430,4,
202603010604,2026-04-26,福島,4,3歳未勝利,芝,1200,右,晴,良,"1回 福島 6日目 サラ系３歳 未勝利       牝[指] 馬齢 16頭 本賞金:590,240,150,89,59万円",16,590.0,2,5,10,メイショウピュルテ,牝,3,55.0,西塚,69.3,3/4,14,111.9,34.3,2-2,栗東 笹田,438,2,
202603010604,2026-04-26,福島,4,3歳未勝利,芝,1200,右,晴,良,"1回 福島 6日目 サラ系３歳 未勝利       牝[指] 馬齢 16頭 本賞金:590,240,150,89,59万円",16,590.0,3,2,4,ブルーエ,牝,3,55.0,杉原,69.3,クビ,1,2.5,34.1,5-4,美浦 田村,448,-2,
202603010604,2026-04-26,福島,4,3歳未勝利,芝,1200,右,晴,良,"1回 福島 6日目 サラ系３歳 未勝利       牝[指] 馬齢 16頭 本賞金:590,240,150,89,59万円",16,590.0,4,1,2,ソワンドヴィクター,牝,3,55.0,丸田,69.5,1.1/4,12,84.2,34.1,8-7,美浦 高橋文,406,0,
202603010604,2026-04-26,福島,4,3歳未勝利,芝,1200,右,晴,良,"1回 福島 6日目 サラ系３歳 未勝利       牝[指] 馬齢 16頭 本賞金:590,240,150,89,59万円",16,590.0,5,2,3,ビアーレ,牝,3,53.0,△鷲頭,69.5,アタマ,10,63.6,34.3,5-3,美浦 林,416,10,
202603010604,2026-04-26,福島,4,3歳未勝利,芝,1200,右,晴,良,"1回 福島 6日目 サラ系３歳 未勝利       牝[指] 馬齢 16頭 本賞金:590,240,150,89,59万円",16,590.0,6,1,1,ルーチェコメット,牝,3,55.0,横山琉,69.6,クビ,15,177.5,34.0,11-10,栗東 長谷川,410,-4,
202603010604,2026-04-26,福島,4,3歳未勝利,芝,1200,右,晴,良,"1回 福島 6日目 サラ系３歳 未勝利       牝[指] 馬齢 16頭 本賞金:590,240,150,89,59万円",16,590.0,7,4,8,ロジスカヤ,牝,3,52.0,▲石田,69.6,クビ,7,20.8,34.2,8-7,美浦 新開,414,6,
202603010604,2026-04-26,福島,4,3歳未勝利,芝,1200,右,晴,良,"1回 福島 6日目 サラ系３歳 未勝利       牝[指] 馬齢 16頭 本賞金:590,240,150,89,59万円",16,590.0,8,7,14,バランソワール,牝,3,55.0,吉田隼,69.7,1,3,5.0,34.6,3-4,美浦 矢野,418,-8,
202603010604,2026-04-26,福島,4,3歳未勝利,芝,1200,右,晴,良,"1回 福島 6日目 サラ系３歳 未勝利       牝[指] 馬齢 16頭 本賞金:590,240,150,89,59万円",16,590.0,9,3,5,レオダーム,牝,3,53.0,△舟山,70.0,1.3/4,16,191.3,34.2,14-14,栗東 牧田,390,0,
202603010604,2026-04-26,福島,4,3歳未勝利,芝,1200,右,晴,良,"1回 福島 6日目 サラ系３歳 未勝利       牝[指] 馬齢 16頭 本賞金:590,240,150,89,59万円",16,590.0,10,3,6,アールグレイ,牝,3,53.0,△長浜,70.1,クビ,4,6.9,34.8,7-7,美浦 蛯名正,446,-4,
202603010604,2026-04-26,福島,4,3歳未勝利,芝,1200,右,晴,良,"1回 福島 6日目 サラ系３歳 未勝利       牝[指] 馬齢 16頭 本賞金:590,240,150,89,59万円",16,590.0,11,7,13,カラーオブサクセス,牝,3,52.0,▲遠藤,70.2,1/2,8,28.0,34.8,8-10,美浦 武市,420,-16,
202603010604,2026-04-26,福島,4,3歳未勝利,芝,1200,右,晴,良,"1回 福島 6日目 サラ系３歳 未勝利       牝[指] 馬齢 16頭 本賞金:590,240,150,89,59万円",16,590.0,12,5,9,ミセスヴェルデ,牝,3,51.0,★河原田,70.2,クビ,6,19.8,34.5,11-12,美浦 栗田,430,0,
202603010604,2026-04-26,福島,4,3歳未勝利,芝,1200,右,晴,良,"1回 福島 6日目 サラ系３歳 未勝利       牝[指] 馬齢 16頭 本賞金:590,240,150,89,59万円",16,590.0,13,6,12,ウッケン,牝,3,52.0,▲上里,70.4,1.1/2,11,80.2,35.3,3-4,美浦 松山,420,0,
202603010604,2026-04-26,福島,4,3歳未勝利,芝,1200,右,晴,良,"1回 福島 6日目 サラ系３歳 未勝利       牝[指] 馬齢 16頭 本賞金:590,240,150,89,59万円",16,590.0,14,8,15,ウォーターエクラン,牝,3,55.0,菱田,70.5,1/2,13,92.5,34.1,15-15,栗東 藤野,416,0,
202603010604,2026-04-26,福島,4,3歳未勝利,芝,1200,右,晴,良,"1回 福島 6日目 サラ系３歳 未勝利       牝[指] 馬齢 16頭 本賞金:590,240,150,89,59万円",16,590.0,15,8,16,ケイツーキップ,牝,3,52.0,▲石神道,70.7,1,9,33.1,35.0,11-13,美浦 清水英,400,0,
202603010604,2026-04-26,福島,4,3歳未勝利,芝,1200,右,晴,良,"1回 福島 6日目 サラ系３歳 未勝利       牝[指] 馬齢 16頭 本賞金:590,240,150,89,59万円",16,590.0,16,6,11,サトノアンナ,牝,3,52.0,▲小林美,70.9,1.1/4,5,19.6,33.9,16-16,美浦 萩原,378,0,
202603010605,2026-04-26,福島,5,3歳未勝利,芝,1800,右,晴,良,"1回 福島 6日目 サラ系３歳 未勝利       [指] 馬齢 15頭 本賞金:590,240,150,89,59万円",15,590.0,1,5,8,クシマトゥルー,牝,3,53.0,△長浜,106.8,,2,3.8,35.0,4-4-4-4,美浦 矢嶋,428,2,
202603010605,2026-04-26,福島,5,3歳未勝利,芝,1800,右,晴,良,"1回 福島 6日目 サラ系３歳 未勝利       [指] 馬齢 15頭 本賞金:590,240,150,89,59万円",15,590.0,2,2,2,ギルランダ,牝,3,53.0,△舟山,107.0,1.1/4,7,20.8,35.3,3-3-3-2,美浦 中舘,410,-6,
202603010605,2026-04-26,福島,5,3歳未勝利,芝,1800,右,晴,良,"1回 福島 6日目 サラ系３歳 未勝利       [指] 馬齢 15頭 本賞金:590,240,150,89,59万円",15,590.0,3,8,15,アート,牡,3,54.0,▲和田陽,107.0,ハナ,12,73.3,34.9,5-5-5-5,栗東 杉山晴,444,2,
202603010605,2026-04-26,福島,5,3歳未勝利,芝,1800,右,晴,良,"1回 福島 6日目 サラ系３歳 未勝利       [指] 馬齢 15頭 本賞金:590,240,150,89,59万円",15,590.0,4,6,11,アスコットダンス,牝,3,53.0,◇永島,107.2,1.1/4,8,24.0,35.8,1-1-1-1,栗東 高橋康,422,-2,
202603010605,2026-04-26,福島,5,3歳未勝利,芝,1800,右,晴,良,"1回 福島 6日目 サラ系３歳 未勝利       [指] 馬齢 15頭 本賞金:590,240,150,89,59万円",15,590.0,5,4,6,フォーエバーラブ,牡,3,57.0,柴田大,107.2,アタマ,13,157.8,34.8,7-7-7-9,美浦 金成,450,0,
202603010605,2026-04-26,福島,5,3歳未勝利,芝,1800,右,晴,良,"1回 福島 6日目 サラ系３歳 未勝利       [指] 馬齢 15頭 本賞金:590,240,150,89,59万円",15,590.0,6,1,1,ヤマメホープ,牡,3,57.0,吉田隼,107.3,クビ,1,3.8,34.7,10-10-10-11,美浦 久保田,474,-4,
202603010605,2026-04-26,福島,5,3歳未勝利,芝,1800,右,晴,良,"1回 福島 6日目 サラ系３歳 未勝利       [指] 馬齢 15頭 本賞金:590,240,150,89,59万円",15,590.0,7,3,5,ノブレスラブリエ,牝,3,55.0,斎藤,107.3,クビ,10,45.8,35.2,5-5-5-5,栗東 西園翔,438,2,
202603010605,2026-04-26,福島,5,3歳未勝利,芝,1800,右,晴,良,"1回 福島 6日目 サラ系３歳 未勝利       [指] 馬齢 15頭 本賞金:590,240,150,89,59万円",15,590.0,8,5,9,ベルランコントル,牝,3,55.0,菊沢,107.3,ハナ,4,6.7,34.7,10-10-10-9,美浦 伊藤大,452,8,
202603010605,2026-04-26,福島,5,3歳未勝利,芝,1800,右,晴,良,"1回 福島 6日目 サラ系３歳 未勝利       [指] 馬齢 15頭 本賞金:590,240,150,89,59万円",15,590.0,9,2,3,ユーゲットミー,牝,3,55.0,嶋田,107.5,1.1/4,9,34.8,35.1,7-7-7-7,美浦 西田,440,-4,
202603010605,2026-04-26,福島,5,3歳未勝利,芝,1800,右,晴,良,"1回 福島 6日目 サラ系３歳 未勝利       [指] 馬齢 15頭 本賞金:590,240,150,89,59万円",15,590.0,10,3,4,マーチャンシップ,牡,3,57.0,川又,107.7,1.1/4,5,9.5,34.9,13-13-12-11,栗東 杉山佳,522,0,
202603010605,2026-04-26,福島,5,3歳未勝利,芝,1800,右,晴,良,"1回 福島 6日目 サラ系３歳 未勝利       [指] 馬齢 15頭 本賞金:590,240,150,89,59万円",15,590.0,11,8,14,エコロラヴァー,牝,3,55.0,西塚,107.9,1,3,5.1,35.5,7-7-7-7,栗東 牧浦,458,-2,
202603010605,2026-04-26,福島,5,3歳未勝利,芝,1800,右,晴,良,"1回 福島 6日目 サラ系３歳 未勝利       [指] 馬齢 15頭 本賞金:590,240,150,89,59万円",15,590.0,12,4,7,パノラマステージ,牝,3,55.0,亀田,108.2,1.1/2,6,10.5,36.6,2-2-2-2,栗東 牧浦,458,8,
202603010605,2026-04-26,福島,5,3歳未勝利,芝,1800,右,晴,良,"1回 福島 6日目 サラ系３歳 未勝利       [指] 馬齢 15頭 本賞金:590,240,150,89,59万円",15,590.0,13,6,10,ピアノアコード,牝,3,52.0,▲上里,108.2,クビ,14,185.6,35.1,10-12-13-13,美浦 室井,430,-2,
202603010605,2026-04-26,福島,5,3歳未勝利,芝,1800,右,晴,良,"1回 福島 6日目 サラ系３歳 未勝利       [指] 馬齢 15頭 本賞金:590,240,150,89,59万円",15,590.0,14,7,13,カタカムナ,牝,3,55.0,杉原,108.4,1.1/4,15,250.3,34.7,15-15-15-14,美浦 蛯名利,426,-4,
202603010605,2026-04-26,福島,5,3歳未勝利,芝,1800,右,晴,良,"1回 福島 6日目 サラ系３歳 未勝利       [指] 馬齢 15頭 本賞金:590,240,150,89,59万円",15,590.0,15,7,12,セリーンストーム,牝,3,55.0,国分恭,112.4,大,11,59.6,38.9,14-14-14-15,栗東 小椋,504,0,
202603010606,2026-04-26,福島,6,4歳以上1勝クラス,芝,2600,右,晴,良,"1回 福島 6日目 サラ系４歳以上 １勝クラス       (混)[指] 定量 13頭 本賞金:820,330,210,120,82万円",13,820.0,1,7,10,アスクデッドヒート,牡,4,56.0,◇古川奈,157.9,,2,3.4,35.0,6-5-3-2,栗東 矢作,474,4,
202603010606,2026-04-26,福島,6,4歳以上1勝クラス,芝,2600,右,晴,良,"1回 福島 6日目 サラ系４歳以上 １勝クラス       (混)[指] 定量 13頭 本賞金:820,330,210,120,82万円",13,820.0,2,4,5,キングズトゥルー,牡,4,58.0,丸田,158.3,2,1,3.3,35.2,8-7-6-4,美浦 大竹,462,6,
202603010606,2026-04-26,福島,6,4歳以上1勝クラス,芝,2600,右,晴,良,"1回 福島 6日目 サラ系４歳以上 １勝クラス       (混)[指] 定量 13頭 本賞金:820,330,210,120,82万円",13,820.0,3,8,13,フララナキラ,牡,4,58.0,菱田,158.7,2.1/2,6,16.1,36.0,4-3-1-1,栗東 田中克,444,-4,
202603010606,2026-04-26,福島,6,4歳以上1勝クラス,芝,2600,右,晴,良,"1回 福島 6日目 サラ系４歳以上 １勝クラス       (混)[指] 定量 13頭 本賞金:820,330,210,120,82万円",13,820.0,4,4,4,ペネトレイトゴー,セ,6,58.0,杉原,158.8,1/2,3,6.2,36.1,10-7-2-2,美浦 戸田,436,-4,
202603010606,2026-04-26,福島,6,4歳以上1勝クラス,芝,2600,右,晴,良,"1回 福島 6日目 サラ系４歳以上 １勝クラス       (混)[指] 定量 13頭 本賞金:820,330,210,120,82万円",13,820.0,5,5,6,キロノヴァ,牡,4,56.0,△舟山,158.8,アタマ,5,12.3,35.0,12-11-12-11,美浦 萩原,436,0,
202603010606,2026-04-26,福島,6,4歳以上1勝クラス,芝,2600,右,晴,良,"1回 福島 6日目 サラ系４歳以上 １勝クラス       (混)[指] 定量 13頭 本賞金:820,330,210,120,82万円",13,820.0,6,1,1,テイキットイージー,牡,5,58.0,菊沢,159.0,1,8,22.8,35.6,10-10-9-7,美浦 萱野,444,2,
202603010606,2026-04-26,福島,6,4歳以上1勝クラス,芝,2600,右,晴,良,"1回 福島 6日目 サラ系４歳以上 １勝クラス       (混)[指] 定量 13頭 本賞金:820,330,210,120,82万円",13,820.0,7,6,8,シャインフリーリー,牡,4,58.0,黛,159.3,1.3/4,11,34.5,35.7,7-7-10-11,美浦 矢嶋,470,-2,
202603010606,2026-04-26,福島,6,4歳以上1勝クラス,芝,2600,右,晴,良,"1回 福島 6日目 サラ系４歳以上 １勝クラス       (混)[指] 定量 13頭 本賞金:820,330,210,120,82万円",13,820.0,8,3,3,デリシュー,牡,5,58.0,幸,159.6,1.3/4,4,7.3,36.0,13-13-10-8,美浦 新開,466,2,
202603010606,2026-04-26,福島,6,4歳以上1勝クラス,芝,2600,右,晴,良,"1回 福島 6日目 サラ系４歳以上 １勝クラス       (混)[指] 定量 13頭 本賞金:820,330,210,120,82万円",13,820.0,9,2,2,ドゥラシェーナ,牝,5,53.0,▲大久保,160.1,3,7,19.3,36.8,4-5-7-8,栗東 柴田,474,4,
202603010606,2026-04-26,福島,6,4歳以上1勝クラス,芝,2600,右,晴,良,"1回 福島 6日目 サラ系４歳以上 １勝クラス       (混)[指] 定量 13頭 本賞金:820,330,210,120,82万円",13,820.0,10,6,9,ニシノエピカリ,牝,4,56.0,野中,160.5,2.1/2,10,32.2,37.5,1-1-4-5,美浦 秋本,404,-2,
202603010606,2026-04-26,福島,6,4歳以上1勝クラス,芝,2600,右,晴,良,"1回 福島 6日目 サラ系４歳以上 １勝クラス       (混)[指] 定量 13頭 本賞金:820,330,210,120,82万円",13,820.0,11,7,11,ワイドモヒート,牡,5,58.0,横山琉,160.9,2.1/2,12,47.3,37.9,2-2-4-5,栗東 藤岡健,510,-8,
202603010606,2026-04-26,福島,6,4歳以上1勝クラス,芝,2600,右,晴,良,"1回 福島 6日目 サラ系４歳以上 １勝クラス       (混)[指] 定量 13頭 本賞金:820,330,210,120,82万円",13,820.0,12,5,7,ブルージャイアント,牡,4,56.0,△長浜,161.2,1.3/4,9,24.0,37.2,8-11-13-13,美浦 蛯名正,540,2,
202603010606,2026-04-26,福島,6,4歳以上1勝クラス,芝,2600,右,晴,良,"1回 福島 6日目 サラ系４歳以上 １勝クラス       (混)[指] 定量 13頭 本賞金:820,330,210,120,82万円",13,820.0,13,8,12,スラーヴァ,牡,5,55.0,▲遠藤,161.7,3.1/2,13,325.0,38.5,3-3-7-8,美浦 高橋文,480,0,
202603010607,2026-04-26,福島,7,4歳以上1勝クラス,ダ,1700,右,晴,良,"1回 福島 6日目 サラ系４歳以上 １勝クラス       牝[指] 定量 15頭 本賞金:820,330,210,120,82万円",15,820.0,1,6,10,ユージュアーナ,牝,4,54.0,△舟山,106.0,,2,5.2,38.3,2-2-2-2,栗東 奥村豊,460,-2,
202603010607,2026-04-26,福島,7,4歳以上1勝クラス,ダ,1700,右,晴,良,"1回 福島 6日目 サラ系４歳以上 １勝クラス       牝[指] 定量 15頭 本賞金:820,330,210,120,82万円",15,820.0,2,4,6,アンリーベイビー,牝,5,56.0,斎藤,106.5,2.1/2,8,24.1,38.2,5-5-5-4,栗東 茶木,434,2,
202603010607,2026-04-26,福島,7,4歳以上1勝クラス,ダ,1700,右,晴,良,"1回 福島 6日目 サラ系４歳以上 １勝クラス       牝[指] 定量 15頭 本賞金:820,330,210,120,82万円",15,820.0,3,6,11,マタミカンサン,牝,4,56.0,菱田,106.5,クビ,1,1.9,38.4,5-5-4-4,美浦 加藤士,460,-6,
202603010607,2026-04-26,福島,7,4歳以上1勝クラス,ダ,1700,右,晴,良,"1回 福島 6日目 サラ系４歳以上 １勝クラス       牝[指] 定量 15頭 本賞金:820,330,210,120,82万円",15,820.0,4,3,5,カルミアクラウン,牝,4,56.0,小沢,106.5,ハナ,5,13.8,37.9,8-7-8-8,栗東 吉岡,440,-4,
202603010607,2026-04-26,福島,7,4歳以上1勝クラス,ダ,1700,右,晴,良,"1回 福島 6日目 サラ系４歳以上 １勝クラス       牝[指] 定量 15頭 本賞金:820,330,210,120,82万円",15,820.0,5,7,13,エウテルペ,牝,4,53.0,▲石神道,106.6,クビ,10,28.3,38.1,11-9-8-9,美浦 和田郎,456,-14,
202603010607,2026-04-26,福島,7,4歳以上1勝クラス,ダ,1700,右,晴,良,"1回 福島 6日目 サラ系４歳以上 １勝クラス       牝[指] 定量 15頭 本賞金:820,330,210,120,82万円",15,820.0,6,5,9,アーデルリーベ,牝,4,56.0,亀田,106.6,アタマ,9,27.9,38.4,10-11-5-6,栗東 斉藤崇,454,0,
202603010607,2026-04-26,福島,7,4歳以上1勝クラス,ダ,1700,右,晴,良,"1回 福島 6日目 サラ系４歳以上 １勝クラス       牝[指] 定量 15頭 本賞金:820,330,210,120,82万円",15,820.0,7,8,14,ハイゼンスレイ,牝,4,56.0,幸,106.7,クビ,3,10.4,38.8,3-3-3-3,栗東 畑端,486,6,
202603010607,2026-04-26,福島,7,4歳以上1勝クラス,ダ,1700,右,晴,良,"1回 福島 6日目 サラ系４歳以上 １勝クラス       牝[指] 定量 15頭 本賞金:820,330,210,120,82万円",15,820.0,8,2,3,ザラタン,牝,4,53.0,▲小林美,106.8,3/4,4,10.5,37.6,15-15-13-10,栗東 中竹,434,-8,
202603010607,2026-04-26,福島,7,4歳以上1勝クラス,ダ,1700,右,晴,良,"1回 福島 6日目 サラ系４歳以上 １勝クラス       牝[指] 定量 15頭 本賞金:820,330,210,120,82万円",15,820.0,9,7,12,レイフロレット,牝,5,54.0,△鷲頭,106.8,ハナ,11,35.4,38.4,7-8-7-6,栗東 井上,420,4,
202603010607,2026-04-26,福島,7,4歳以上1勝クラス,ダ,1700,右,晴,良,"1回 福島 6日目 サラ系４歳以上 １勝クラス       牝[指] 定量 15頭 本賞金:820,330,210,120,82万円",15,820.0,10,4,7,バレンシア,牝,4,56.0,富田,107.0,1,7,19.9,38.1,12-11-11-12,栗東 笹田,452,-2,
202603010607,2026-04-26,福島,7,4歳以上1勝クラス,ダ,1700,右,晴,良,"1回 福島 6日目 サラ系４歳以上 １勝クラス       牝[指] 定量 15頭 本賞金:820,330,210,120,82万円",15,820.0,11,5,8,リリーズブルーム,牝,5,53.0,▲石田,107.0,アタマ,13,75.2,38.1,8-9-11-10,美浦 松山,464,5,
202603010607,2026-04-26,福島,7,4歳以上1勝クラス,ダ,1700,右,晴,良,"1回 福島 6日目 サラ系４歳以上 １勝クラス       牝[指] 定量 15頭 本賞金:820,330,210,120,82万円",15,820.0,12,2,2,グランコネクシオン,牝,5,54.0,△長浜,107.2,1.1/4,12,64.3,37.9,14-14-14-15,美浦 畠山,432,-8,
202603010607,2026-04-26,福島,7,4歳以上1勝クラス,ダ,1700,右,晴,良,"1回 福島 6日目 サラ系４歳以上 １勝クラス       牝[指] 定量 15頭 本賞金:820,330,210,120,82万円",15,820.0,13,8,15,ノアチュロス,牝,4,56.0,杉原,107.9,4,15,160.7,38.5,13-13-14-14,美浦 田村,468,-6,
202603010607,2026-04-26,福島,7,4歳以上1勝クラス,ダ,1700,右,晴,良,"1回 福島 6日目 サラ系４歳以上 １勝クラス       牝[指] 定量 15頭 本賞金:820,330,210,120,82万円",15,820.0,14,3,4,ライヴスプーン,牝,4,56.0,小林凌,107.9,クビ,6,18.7,40.2,1-1-1-1,美浦 尾形,418,-4,
202603010607,2026-04-26,福島,7,4歳以上1勝クラス,ダ,1700,右,晴,良,"1回 福島 6日目 サラ系４歳以上 １勝クラス       牝[指] 定量 15頭 本賞金:820,330,210,120,82万円",15,820.0,15,1,1,サラサラヘアー,牝,4,54.0,◇古川奈,108.5,3.1/2,14,108.4,39.8,4-3-10-13,栗東 前川,452,-5,
202603010608,2026-04-26,福島,8,4歳以上1勝クラス,芝,1200,右,晴,良,"1回 福島 6日目 サラ系４歳以上 １勝クラス       (混)[指] 定量 15頭 本賞金:820,330,210,120,82万円",15,820.0,1,3,4,マキシマムドライブ,牡,4,58.0,黛,68.5,,1,3.3,34.0,3-3,美浦 尾関,548,-2,
202603010608,2026-04-26,福島,8,4歳以上1勝クラス,芝,1200,右,晴,良,"1回 福島 6日目 サラ系４歳以上 １勝クラス       (混)[指] 定量 15頭 本賞金:820,330,210,120,82万円",15,820.0,2,8,15,タマモブラウンタイ,牡,4,58.0,幸,68.5,アタマ,2,4.3,34.3,2-2,栗東 角田,478,-2,
202603010608,2026-04-26,福島,8,4歳以上1勝クラス,芝,1200,右,晴,良,"1回 福島 6日目 サラ系４歳以上 １勝クラス       (混)[指] 定量 15頭 本賞金:820,330,210,120,82万円",15,820.0,3,2,2,ピアストイヤーズ,牡,4,58.0,石川,68.6,クビ,3,5.1,33.7,8-8,栗東 小崎,454,0,
202603010608,2026-04-26,福島,8,4歳以上1勝クラス,芝,1200,右,晴,良,"1回 福島 6日目 サラ系４歳以上 １勝クラス       (混)[指] 定量 15頭 本賞金:820,330,210,120,82万円",15,820.0,4,6,10,ペルフェツィオーネ,牡,5,58.0,斎藤,68.8,1.1/2,9,41.2,34.1,6-5,栗東 杉山佳,462,-4,
202603010608,2026-04-26,福島,8,4歳以上1勝クラス,芝,1200,右,晴,良,"1回 福島 6日目 サラ系４歳以上 １勝クラス       (混)[指] 定量 15頭 本賞金:820,330,210,120,82万円",15,820.0,5,1,1,ダノンゴーイチ,牡,6,58.0,菊沢,68.8,ハナ,4,6.0,34.2,6-5,美浦 菊沢,506,-4,
202603010608,2026-04-26,福島,8,4歳以上1勝クラス,芝,1200,右,晴,良,"1回 福島 6日目 サラ系４歳以上 １勝クラス       (混)[指] 定量 15頭 本賞金:820,330,210,120,82万円",15,820.0,6,4,6,ベネメレンティ,牝,5,54.0,△舟山,69.0,1,10,48.0,34.9,1-1,栗東 前川,458,8,
202603010608,2026-04-26,福島,8,4歳以上1勝クラス,芝,1200,右,晴,良,"1回 福島 6日目 サラ系４歳以上 １勝クラス       (混)[指] 定量 15頭 本賞金:820,330,210,120,82万円",15,820.0,7,7,12,ホウオウガイア,牝,4,56.0,丸田,69.1,クビ,6,13.8,33.5,15-15,美浦 大竹,450,4,
202603010608,2026-04-26,福島,8,4歳以上1勝クラス,芝,1200,右,晴,良,"1回 福島 6日目 サラ系４歳以上 １勝クラス       (混)[指] 定量 15頭 本賞金:820,330,210,120,82万円",15,820.0,8,5,9,グランルーチェ,セ,5,58.0,藤懸,69.3,1.1/4,11,61.6,34.4,8-8,栗東 庄野,482,2,
202603010608,2026-04-26,福島,8,4歳以上1勝クラス,芝,1200,右,晴,良,"1回 福島 6日目 サラ系４歳以上 １勝クラス       (混)[指] 定量 15頭 本賞金:820,330,210,120,82万円",15,820.0,9,3,5,フォルトレス,牝,4,56.0,横山琉,69.3,クビ,7,19.1,34.1,10-10,美浦 田中剛,462,-8,
202603010608,2026-04-26,福島,8,4歳以上1勝クラス,芝,1200,右,晴,良,"1回 福島 6日目 サラ系４歳以上 １勝クラス       (混)[指] 定量 15頭 本賞金:820,330,210,120,82万円",15,820.0,10,2,3,ニシノヒミチュ,牝,4,56.0,野中,69.3,クビ,12,77.0,34.9,3-3,美浦 伊藤大,446,0,
202603010608,2026-04-26,福島,8,4歳以上1勝クラス,芝,1200,右,晴,良,"1回 福島 6日目 サラ系４歳以上 １勝クラス       (混)[指] 定量 15頭 本賞金:820,330,210,120,82万円",15,820.0,11,5,8,ナンナンプー,牝,4,53.0,▲石神道,69.5,1.1/4,8,34.9,34.4,10-10,美浦 水野,466,-2,
202603010608,2026-04-26,福島,8,4歳以上1勝クラス,芝,1200,右,晴,良,"1回 福島 6日目 サラ系４歳以上 １勝クラス       (混)[指] 定量 15頭 本賞金:820,330,210,120,82万円",15,820.0,12,7,13,ワールドシリーズ,牡,5,58.0,小沢,69.5,ハナ,14,131.0,35.1,3-5,栗東 秋山,472,10,
202603010608,2026-04-26,福島,8,4歳以上1勝クラス,芝,1200,右,晴,良,"1回 福島 6日目 サラ系４歳以上 １勝クラス       (混)[指] 定量 15頭 本賞金:820,330,210,120,82万円",15,820.0,13,4,7,ブラヴィーノ,牡,7,56.0,△長浜,69.6,アタマ,15,321.0,34.3,12-10,美浦 天間,456,8,
202603010608,2026-04-26,福島,8,4歳以上1勝クラス,芝,1200,右,晴,良,"1回 福島 6日目 サラ系４歳以上 １勝クラス       (混)[指] 定量 15頭 本賞金:820,330,210,120,82万円",15,820.0,14,8,14,モルティフレーバー,牝,4,56.0,亀田,69.6,クビ,5,8.9,34.3,12-13,栗東 清水久,476,4,
202603010608,2026-04-26,福島,8,4歳以上1勝クラス,芝,1200,右,晴,良,"1回 福島 6日目 サラ系４歳以上 １勝クラス       (混)[指] 定量 15頭 本賞金:820,330,210,120,82万円",15,820.0,15,6,11,ヴァリアントマーチ,牝,4,56.0,国分恭,69.8,1.1/4,13,83.2,34.5,12-13,栗東 柴田,468,30,
202603010609,2026-04-26,福島,9,飯盛山特別,芝,2000,右,晴,良,"1回 福島 6日目 サラ系４歳以上 １勝クラス       [指] 定量 13頭 本賞金:1140,460,290,170,114万円",13,1140.0,1,7,10,アリスメティーク,牝,4,56.0,杉原,118.9,,4,6.2,34.9,6-6-5-5,美浦 大竹,444,-4,
202603010609,2026-04-26,福島,9,飯盛山特別,芝,2000,右,晴,良,"1回 福島 6日目 サラ系４歳以上 １勝クラス       [指] 定量 13頭 本賞金:1140,460,290,170,114万円",13,1140.0,2,2,2,ゼンノインヴォーク,セ,7,58.0,小沢,119.0,1/2,6,8.9,34.8,6-8-10-9,栗東 緒方,442,0,
202603010609,2026-04-26,福島,9,飯盛山特別,芝,2000,右,晴,良,"1回 福島 6日目 サラ系４歳以上 １勝クラス       [指] 定量 13頭 本賞金:1140,460,290,170,114万円",13,1140.0,3,8,12,マイネルアズーロ,牡,4,58.0,斎藤,119.0,ハナ,1,4.0,35.2,12-12-4-4,美浦 鹿戸,472,4,
202603010609,2026-04-26,福島,9,飯盛山特別,芝,2000,右,晴,良,"1回 福島 6日目 サラ系４歳以上 １勝クラス       [指] 定量 13頭 本賞金:1140,460,290,170,114万円",13,1140.0,4,8,13,マイネルゼウス,牡,4,58.0,幸,119.3,2,5,6.8,35.6,3-3-2-1,美浦 奥村武,418,-14,
202603010609,2026-04-26,福島,9,飯盛山特別,芝,2000,右,晴,良,"1回 福島 6日目 サラ系４歳以上 １勝クラス       [指] 定量 13頭 本賞金:1140,460,290,170,114万円",13,1140.0,5,4,5,ウインボレロ,牡,5,58.0,武藤,119.4,アタマ,8,25.0,35.5,4-5-5-5,美浦 水野,444,-8,
202603010609,2026-04-26,福島,9,飯盛山特別,芝,2000,右,晴,良,"1回 福島 6日目 サラ系４歳以上 １勝クラス       [指] 定量 13頭 本賞金:1140,460,290,170,114万円",13,1140.0,6,1,1,ピティロディア,牡,4,58.0,上里,119.5,3/4,13,103.4,35.3,6-6-10-9,美浦 西田,450,0,
202603010609,2026-04-26,福島,9,飯盛山特別,芝,2000,右,晴,良,"1回 福島 6日目 サラ系４歳以上 １勝クラス       [指] 定量 13頭 本賞金:1140,460,290,170,114万円",13,1140.0,7,5,6,ゲンジ,牡,4,58.0,吉田隼,119.5,クビ,3,5.6,35.6,12-12-5-5,美浦 尾形,426,4,
202603010609,2026-04-26,福島,9,飯盛山特別,芝,2000,右,晴,良,"1回 福島 6日目 サラ系４歳以上 １勝クラス       [指] 定量 13頭 本賞金:1140,460,290,170,114万円",13,1140.0,8,7,11,ミッドセンチュリー,牡,4,58.0,嶋田,119.6,クビ,7,9.9,35.5,9-9-9-9,美浦 松山,476,-8,
202603010609,2026-04-26,福島,9,飯盛山特別,芝,2000,右,晴,良,"1回 福島 6日目 サラ系４歳以上 １勝クラス       [指] 定量 13頭 本賞金:1140,460,290,170,114万円",13,1140.0,9,5,7,ゴールドジェスター,セ,4,58.0,西塚,119.6,クビ,9,33.9,35.3,9-9-12-12,美浦 中川,436,-2,
202603010609,2026-04-26,福島,9,飯盛山特別,芝,2000,右,晴,良,"1回 福島 6日目 サラ系４歳以上 １勝クラス       [指] 定量 13頭 本賞金:1140,460,290,170,114万円",13,1140.0,10,4,4,ポッポノフェスタ,牡,4,58.0,西村太,120.0,2.1/2,12,95.1,36.1,4-3-5-5,美浦 堀内,452,0,
202603010609,2026-04-26,福島,9,飯盛山特別,芝,2000,右,晴,良,"1回 福島 6日目 サラ系４歳以上 １勝クラス       [指] 定量 13頭 本賞金:1140,460,290,170,114万円",13,1140.0,11,3,3,アドミラルシップ,牡,5,58.0,石川,120.1,クビ,2,5.4,35.6,11-11-13-12,美浦 相沢,470,-6,
202603010609,2026-04-26,福島,9,飯盛山特別,芝,2000,右,晴,良,"1回 福島 6日目 サラ系４歳以上 １勝クラス       [指] 定量 13頭 本賞金:1140,460,290,170,114万円",13,1140.0,12,6,9,ヴォラヴィア,牡,4,58.0,川又,120.4,2,10,41.7,36.7,1-1-1-2,栗東 杉山佳,456,-6,
202603010609,2026-04-26,福島,9,飯盛山特別,芝,2000,右,晴,良,"1回 福島 6日目 サラ系４歳以上 １勝クラス       [指] 定量 13頭 本賞金:1140,460,290,170,114万円",13,1140.0,13,6,8,オールデュスヴラン,セ,5,58.0,亀田,120.6,1.1/4,11,90.7,36.9,2-2-2-2,栗東 西村,476,0,
202603010610,2026-04-26,福島,10,尾瀬特別,ダ,1700,右,晴,良,"1回 福島 6日目 サラ系４歳以上 ２勝クラス       (特指) 定量 15頭 本賞金:1580,630,400,240,158万円",15,1580.0,1,2,2,グランキングオー,牡,4,58.0,斎藤,105.6,,5,10.5,38.5,2-2-2-2,栗東 高橋康,458,2,
202603010610,2026-04-26,福島,10,尾瀬特別,ダ,1700,右,晴,良,"1回 福島 6日目 サラ系４歳以上 ２勝クラス       (特指) 定量 15頭 本賞金:1580,630,400,240,158万円",15,1580.0,2,2,3,セボンサデッセ,牡,4,58.0,菱田,105.7,クビ,1,2.8,37.6,14-14-11-8,栗東 橋口,486,0,
202603010610,2026-04-26,福島,10,尾瀬特別,ダ,1700,右,晴,良,"1回 福島 6日目 サラ系４歳以上 ２勝クラス       (特指) 定量 15頭 本賞金:1580,630,400,240,158万円",15,1580.0,3,8,14,ジュンラトゥール,牡,5,58.0,富田,105.7,ハナ,7,12.1,38.0,10-10-7-4,栗東 浜田,458,-10,
202603010610,2026-04-26,福島,10,尾瀬特別,ダ,1700,右,晴,良,"1回 福島 6日目 サラ系４歳以上 ２勝クラス       (特指) 定量 15頭 本賞金:1580,630,400,240,158万円",15,1580.0,4,1,1,ギマール,牡,5,58.0,国分恭,105.7,クビ,2,6.2,38.2,3-3-3-3,栗東 岡田,452,-4,
202603010610,2026-04-26,福島,10,尾瀬特別,ダ,1700,右,晴,良,"1回 福島 6日目 サラ系４歳以上 ２勝クラス       (特指) 定量 15頭 本賞金:1580,630,400,240,158万円",15,1580.0,5,6,10,トルショー,牡,4,58.0,黛,106.1,2.1/2,11,31.8,38.2,6-6-8-7,美浦 伊藤圭,460,-2,
202603010610,2026-04-26,福島,10,尾瀬特別,ダ,1700,右,晴,良,"1回 福島 6日目 サラ系４歳以上 ２勝クラス       (特指) 定量 15頭 本賞金:1580,630,400,240,158万円",15,1580.0,6,5,8,マーウォルス,牡,4,58.0,亀田,106.3,1.1/4,4,9.5,37.9,12-12-14-11,栗東 茶木,474,-2,
202603010610,2026-04-26,福島,10,尾瀬特別,ダ,1700,右,晴,良,"1回 福島 6日目 サラ系４歳以上 ２勝クラス       (特指) 定量 15頭 本賞金:1580,630,400,240,158万円",15,1580.0,7,3,4,グレイスオブゴッド,牝,6,56.0,小沢,106.3,ハナ,13,100.5,38.0,8-10-13-11,栗東 緒方,482,-13,
202603010610,2026-04-26,福島,10,尾瀬特別,ダ,1700,右,晴,良,"1回 福島 6日目 サラ系４歳以上 ２勝クラス       (特指) 定量 15頭 本賞金:1580,630,400,240,158万円",15,1580.0,8,7,12,コスモマルーン,牝,6,56.0,菊沢,106.3,クビ,12,48.9,38.4,10-8-8-8,美浦 秋本,480,8,
202603010610,2026-04-26,福島,10,尾瀬特別,ダ,1700,右,晴,良,"1回 福島 6日目 サラ系４歳以上 ２勝クラス       (特指) 定量 15頭 本賞金:1580,630,400,240,158万円",15,1580.0,9,8,15,セザンワールド,セ,6,58.0,長浜,106.6,1.3/4,6,10.6,37.7,15-15-15-15,美浦 蛯名利,498,-8,
202603010610,2026-04-26,福島,10,尾瀬特別,ダ,1700,右,晴,良,"1回 福島 6日目 サラ系４歳以上 ２勝クラス       (特指) 定量 15頭 本賞金:1580,630,400,240,158万円",15,1580.0,10,6,11,キングツェッペリン,牡,5,58.0,幸,106.7,3/4,3,6.5,38.8,8-8-8-11,栗東 牧田,468,-4,
202603010610,2026-04-26,福島,10,尾瀬特別,ダ,1700,右,晴,良,"1回 福島 6日目 サラ系４歳以上 ２勝クラス       (特指) 定量 15頭 本賞金:1580,630,400,240,158万円",15,1580.0,11,7,13,カスバートテソーロ,牝,4,56.0,柴田大,106.8,1/2,9,24.2,38.6,12-12-11-11,美浦 畠山,430,-6,
202603010610,2026-04-26,福島,10,尾瀬特別,ダ,1700,右,晴,良,"1回 福島 6日目 サラ系４歳以上 ２勝クラス       (特指) 定量 15頭 本賞金:1580,630,400,240,158万円",15,1580.0,12,5,9,イブニングタイド,牝,4,56.0,西塚,107.5,4,15,108.6,40.0,6-6-3-4,美浦 林,452,-8,
202603010610,2026-04-26,福島,10,尾瀬特別,ダ,1700,右,晴,良,"1回 福島 6日目 サラ系４歳以上 ２勝クラス       (特指) 定量 15頭 本賞金:1580,630,400,240,158万円",15,1580.0,13,4,6,マイレーヌ,牝,6,56.0,横山琉,108.0,3,14,107.8,40.5,3-3-3-8,美浦 大和田,512,-12,
202603010610,2026-04-26,福島,10,尾瀬特別,ダ,1700,右,晴,良,"1回 福島 6日目 サラ系４歳以上 ２勝クラス       (特指) 定量 15頭 本賞金:1580,630,400,240,158万円",15,1580.0,14,3,5,スマートプレシャス,牝,5,56.0,丸田,108.1,1/2,8,19.9,41.6,1-1-1-1,栗東 中村,514,8,
202603010610,2026-04-26,福島,10,尾瀬特別,ダ,1700,右,晴,良,"1回 福島 6日目 サラ系４歳以上 ２勝クラス       (特指) 定量 15頭 本賞金:1580,630,400,240,158万円",15,1580.0,15,4,7,トーレ,牡,5,58.0,丸山,108.2,1/2,10,24.7,40.8,3-3-3-4,栗東 高橋亮,484,4,
202603010611,2026-04-26,福島,11,モルガナイトS,芝,1200,右,晴,良,"1回 福島 6日目 サラ系４歳以上 オープン       (国際)(特指) ハンデ 16頭 本賞金:2300,920,580,350,230万円",16,2300.0,1,3,6,サウンドモリアーナ,牝,4,54.0,吉田隼,67.5,,3,6.4,33.7,2-2,栗東 武英,448,6,
202603010611,2026-04-26,福島,11,モルガナイトS,芝,1200,右,晴,良,"1回 福島 6日目 サラ系４歳以上 オープン       (国際)(特指) ハンデ 16頭 本賞金:2300,920,580,350,230万円",16,2300.0,2,1,1,レッドアヴァンティ,牡,7,55.0,石川,67.6,クビ,11,28.1,33.0,12-12,美浦 尾関,500,-12,
202603010611,2026-04-26,福島,11,モルガナイトS,芝,1200,右,晴,良,"1回 福島 6日目 サラ系４歳以上 オープン       (国際)(特指) ハンデ 16頭 本賞金:2300,920,580,350,230万円",16,2300.0,3,7,13,ジョーメッドヴィン,牡,5,57.0,横山琉,67.6,1/2,7,13.7,33.4,7-8,栗東 清水久,522,0,
202603010611,2026-04-26,福島,11,モルガナイトS,芝,1200,右,晴,良,"1回 福島 6日目 サラ系４歳以上 オープン       (国際)(特指) ハンデ 16頭 本賞金:2300,920,580,350,230万円",16,2300.0,4,1,2,シュタールヴィント,牡,6,55.0,菱田,67.7,クビ,9,22.3,33.6,7-5,栗東 矢作,452,-2,
202603010611,2026-04-26,福島,11,モルガナイトS,芝,1200,右,晴,良,"1回 福島 6日目 サラ系４歳以上 オープン       (国際)(特指) ハンデ 16頭 本賞金:2300,920,580,350,230万円",16,2300.0,5,4,7,ショウナンハクラク,牡,7,56.0,小沢,67.9,1.1/4,14,42.3,33.0,15-13,栗東 松下,480,2,
202603010611,2026-04-26,福島,11,モルガナイトS,芝,1200,右,晴,良,"1回 福島 6日目 サラ系４歳以上 オープン       (国際)(特指) ハンデ 16頭 本賞金:2300,920,580,350,230万円",16,2300.0,6,3,5,カルロヴェローチェ,セ,6,57.0,丸山,68.0,1/2,1,5.2,34.0,5-5,栗東 須貝,500,-2,
202603010611,2026-04-26,福島,11,モルガナイトS,芝,1200,右,晴,良,"1回 福島 6日目 サラ系４歳以上 オープン       (国際)(特指) ハンデ 16頭 本賞金:2300,920,580,350,230万円",16,2300.0,7,5,10,マイネルレノン,牡,7,55.0,泉谷,68.0,クビ,10,26.7,33.6,10-10,栗東 宮,486,4,
202603010611,2026-04-26,福島,11,モルガナイトS,芝,1200,右,晴,良,"1回 福島 6日目 サラ系４歳以上 オープン       (国際)(特指) ハンデ 16頭 本賞金:2300,920,580,350,230万円",16,2300.0,8,5,9,クファシル,牡,6,55.0,亀田,68.0,アタマ,12,30.9,34.0,5-5,栗東 池添,504,4,
202603010611,2026-04-26,福島,11,モルガナイトS,芝,1200,右,晴,良,"1回 福島 6日目 サラ系４歳以上 オープン       (国際)(特指) ハンデ 16頭 本賞金:2300,920,580,350,230万円",16,2300.0,9,6,12,モズナナスター,牝,4,54.0,柴田大,68.1,クビ,8,14.4,33.3,13-13,栗東 矢作,458,-2,
202603010611,2026-04-26,福島,11,モルガナイトS,芝,1200,右,晴,良,"1回 福島 6日目 サラ系４歳以上 オープン       (国際)(特指) ハンデ 16頭 本賞金:2300,920,580,350,230万円",16,2300.0,10,8,15,ムイ,牝,4,53.0,富田,68.1,1/2,13,33.2,33.1,15-15,栗東 笹田,466,8,
202603010611,2026-04-26,福島,11,モルガナイトS,芝,1200,右,晴,良,"1回 福島 6日目 サラ系４歳以上 オープン       (国際)(特指) ハンデ 16頭 本賞金:2300,920,580,350,230万円",16,2300.0,11,7,14,ナムラローズマリー,牝,5,53.0,幸,68.2,クビ,2,5.5,33.8,10-10,栗東 羽月,468,6,
202603010611,2026-04-26,福島,11,モルガナイトS,芝,1200,右,晴,良,"1回 福島 6日目 サラ系４歳以上 オープン       (国際)(特指) ハンデ 16頭 本賞金:2300,920,580,350,230万円",16,2300.0,12,4,8,イツモニコニコ,牝,5,54.0,西塚,68.2,ハナ,5,7.7,34.4,2-2,栗東 浜田,496,-4,
202603010611,2026-04-26,福島,11,モルガナイトS,芝,1200,右,晴,良,"1回 福島 6日目 サラ系４歳以上 オープン       (国際)(特指) ハンデ 16頭 本賞金:2300,920,580,350,230万円",16,2300.0,13,2,4,ナナオ,牝,5,54.0,舟山,68.3,3/4,6,10.8,34.7,1-1,栗東 小栗,448,-6,
202603010611,2026-04-26,福島,11,モルガナイトS,芝,1200,右,晴,良,"1回 福島 6日目 サラ系４歳以上 オープン       (国際)(特指) ハンデ 16頭 本賞金:2300,920,580,350,230万円",16,2300.0,14,2,3,クムシラコ,牡,8,54.0,嶋田,68.3,アタマ,15,87.2,34.0,9-8,美浦 千葉,470,-2,
202603010611,2026-04-26,福島,11,モルガナイトS,芝,1200,右,晴,良,"1回 福島 6日目 サラ系４歳以上 オープン       (国際)(特指) ハンデ 16頭 本賞金:2300,920,580,350,230万円",16,2300.0,15,6,11,テイエムリステット,牡,5,55.0,荻野琢,68.6,1.1/2,4,7.0,34.8,2-2,栗東 秋山,478,2,
202603010611,2026-04-26,福島,11,モルガナイトS,芝,1200,右,晴,良,"1回 福島 6日目 サラ系４歳以上 オープン       (国際)(特指) ハンデ 16頭 本賞金:2300,920,580,350,230万円",16,2300.0,16,8,16,ユキノファラオ,牡,8,53.0,大久保,69.3,4,16,293.3,34.5,13-16,美浦 小野,494,-6,
202603010612,2026-04-26,福島,12,4歳以上1勝クラス,ダ,1150,右,晴,良,"1回 福島 6日目 サラ系４歳以上 １勝クラス       (混)[指] 定量 16頭 本賞金:820,330,210,120,82万円",16,820.0,1,3,5,レイアポポ,牝,4,56.0,菊沢,69.5,,5,8.7,37.1,4-3,美浦 青木,482,-6,
202603010612,2026-04-26,福島,12,4歳以上1勝クラス,ダ,1150,右,晴,良,"1回 福島 6日目 サラ系４歳以上 １勝クラス       (混)[指] 定量 16頭 本賞金:820,330,210,120,82万円",16,820.0,2,2,4,ダイヤモンド,牡,4,58.0,富田,69.5,クビ,3,5.7,37.5,2-1,栗東 清水久,526,-2,
202603010612,2026-04-26,福島,12,4歳以上1勝クラス,ダ,1150,右,晴,良,"1回 福島 6日目 サラ系４歳以上 １勝クラス       (混)[指] 定量 16頭 本賞金:820,330,210,120,82万円",16,820.0,3,7,13,レジェンダリーデイ,セ,6,58.0,菱田,69.6,クビ,8,12.2,37.4,3-3,栗東 森田,546,1,
202603010612,2026-04-26,福島,12,4歳以上1勝クラス,ダ,1150,右,晴,良,"1回 福島 6日目 サラ系４歳以上 １勝クラス       (混)[指] 定量 16頭 本賞金:820,330,210,120,82万円",16,820.0,4,5,10,エコロカディス,セ,4,58.0,杉原,69.7,1/2,4,7.6,36.9,8-8,美浦 森一,450,0,
202603010612,2026-04-26,福島,12,4歳以上1勝クラス,ダ,1150,右,晴,良,"1回 福島 6日目 サラ系４歳以上 １勝クラス       (混)[指] 定量 16頭 本賞金:820,330,210,120,82万円",16,820.0,5,5,9,シャインミラカナ,牡,4,58.0,亀田,69.8,3/4,11,133.3,37.2,6-6,栗東 北出,474,-6,
202603010612,2026-04-26,福島,12,4歳以上1勝クラス,ダ,1150,右,晴,良,"1回 福島 6日目 サラ系４歳以上 １勝クラス       (混)[指] 定量 16頭 本賞金:820,330,210,120,82万円",16,820.0,6,1,2,ケイアイマウンガ,牡,4,58.0,藤懸,69.9,クビ,2,3.9,37.9,1-2,栗東 宮本,478,2,
202603010612,2026-04-26,福島,12,4歳以上1勝クラス,ダ,1150,右,晴,良,"1回 福島 6日目 サラ系４歳以上 １勝クラス       (混)[指] 定量 16頭 本賞金:820,330,210,120,82万円",16,820.0,7,4,8,タッカーバレット,牡,5,55.0,▲小林美,70.2,1.3/4,7,11.9,36.9,11-11,美浦 田島,486,-20,
202603010612,2026-04-26,福島,12,4歳以上1勝クラス,ダ,1150,右,晴,良,"1回 福島 6日目 サラ系４歳以上 １勝クラス       (混)[指] 定量 16頭 本賞金:820,330,210,120,82万円",16,820.0,8,4,7,カツノテンス,牡,6,55.0,▲遠藤,70.2,ハナ,9,36.0,37.4,8-6,美浦 伊藤伸,446,-10,
202603010612,2026-04-26,福島,12,4歳以上1勝クラス,ダ,1150,右,晴,良,"1回 福島 6日目 サラ系４歳以上 １勝クラス       (混)[指] 定量 16頭 本賞金:820,330,210,120,82万円",16,820.0,9,2,3,ナンヨークリスタル,セ,6,58.0,丸山,70.2,クビ,6,11.0,36.5,13-13,栗東 松永幹,498,-2,
202603010612,2026-04-26,福島,12,4歳以上1勝クラス,ダ,1150,右,晴,良,"1回 福島 6日目 サラ系４歳以上 １勝クラス       (混)[指] 定量 16頭 本賞金:820,330,210,120,82万円",16,820.0,10,6,12,ノーブルミステリー,牝,6,54.0,△舟山,70.3,1/2,10,59.2,37.1,11-11,美浦 菊川,456,-2,
202603010612,2026-04-26,福島,12,4歳以上1勝クラス,ダ,1150,右,晴,良,"1回 福島 6日目 サラ系４歳以上 １勝クラス       (混)[指] 定量 16頭 本賞金:820,330,210,120,82万円",16,820.0,11,8,16,ヨドノゴールド,牡,8,58.0,幸,70.6,2,1,3.9,38.3,4-5,栗東 橋田,478,0,
202603010612,2026-04-26,福島,12,4歳以上1勝クラス,ダ,1150,右,晴,良,"1回 福島 6日目 サラ系４歳以上 １勝クラス       (混)[指] 定量 16頭 本賞金:820,330,210,120,82万円",16,820.0,12,6,11,アイランドピーク,牡,5,55.0,▲上里,70.8,3/4,15,303.0,37.7,10-10,美浦 加藤和,488,-4,
202603010612,2026-04-26,福島,12,4歳以上1勝クラス,ダ,1150,右,晴,良,"1回 福島 6日目 サラ系４歳以上 １勝クラス       (混)[指] 定量 16頭 本賞金:820,330,210,120,82万円",16,820.0,13,3,6,オンリーラヴ,牝,6,53.0,▲和田陽,71.1,1.3/4,13,215.8,37.4,13-13,栗東 森田,430,-2,
202603010612,2026-04-26,福島,12,4歳以上1勝クラス,ダ,1150,右,晴,良,"1回 福島 6日目 サラ系４歳以上 １勝クラス       (混)[指] 定量 16頭 本賞金:820,330,210,120,82万円",16,820.0,14,8,15,ピクラリーダ,牝,5,54.0,△鷲頭,71.1,ハナ,14,252.7,36.8,15-15,美浦 清水英,454,-6,
202603010612,2026-04-26,福島,12,4歳以上1勝クラス,ダ,1150,右,晴,良,"1回 福島 6日目 サラ系４歳以上 １勝クラス       (混)[指] 定量 16頭 本賞金:820,330,210,120,82万円",16,820.0,15,7,14,チャージドアップ,牝,5,53.0,▲石神道,72.2,7,12,141.6,39.5,6-8,美浦 和田郎,452,-12,
202603010612,2026-04-26,福島,12,4歳以上1勝クラス,ダ,1150,右,晴,良,"1回 福島 6日目 サラ系４歳以上 １勝クラス       (混)[指] 定量 16頭 本賞金:820,330,210,120,82万円",16,820.0,16,1,1,ブルーデイジー,牝,7,56.0,的場,72.3,クビ,16,347.0,37.6,16-16,美浦 的場,448,-12,
202605020201,2026-04-26,東京,1,3歳未勝利,ダ,1400,左,晴,稍,"2回 東京 2日目 サラ系３歳 未勝利       牝[指] 馬齢 16頭 本賞金:590,240,150,89,59万円",16,590.0,1,3,6,ケイツープラ,牝,3,55.0,原,86.0,,3,6.8,36.8,2-2,美浦 蛯名利,482,0,
202605020201,2026-04-26,東京,1,3歳未勝利,ダ,1400,左,晴,稍,"2回 東京 2日目 サラ系３歳 未勝利       牝[指] 馬齢 16頭 本賞金:590,240,150,89,59万円",16,590.0,2,8,15,ハンナパール,牝,3,55.0,吉田豊,86.5,3,5,8.5,36.3,13-13,美浦 小野,440,8,
202605020201,2026-04-26,東京,1,3歳未勝利,ダ,1400,左,晴,稍,"2回 東京 2日目 サラ系３歳 未勝利       牝[指] 馬齢 16頭 本賞金:590,240,150,89,59万円",16,590.0,3,5,9,オテンバプリンセス,牝,3,55.0,松山,86.6,アタマ,2,3.9,37.0,6-8,美浦 加藤士,488,0,
202605020201,2026-04-26,東京,1,3歳未勝利,ダ,1400,左,晴,稍,"2回 東京 2日目 サラ系３歳 未勝利       牝[指] 馬齢 16頭 本賞金:590,240,150,89,59万円",16,590.0,4,8,16,カーボフリオ,牝,3,52.0,▲佐藤,86.7,3/4,8,19.9,37.0,9-10,美浦 高木,446,0,
202605020201,2026-04-26,東京,1,3歳未勝利,ダ,1400,左,晴,稍,"2回 東京 2日目 サラ系３歳 未勝利       牝[指] 馬齢 16頭 本賞金:590,240,150,89,59万円",16,590.0,5,4,7,ベルオーシャン,牝,3,55.0,横山和,87.2,3,1,3.6,37.8,6-4,美浦 柄崎,420,14,
202605020201,2026-04-26,東京,1,3歳未勝利,ダ,1400,左,晴,稍,"2回 東京 2日目 サラ系３歳 未勝利       牝[指] 馬齢 16頭 本賞金:590,240,150,89,59万円",16,590.0,6,1,2,ルージュリヴィエラ,牝,3,55.0,ディー,87.2,クビ,4,7.4,37.8,4-4,美浦 嘉藤,400,-8,
202605020201,2026-04-26,東京,1,3歳未勝利,ダ,1400,左,晴,稍,"2回 東京 2日目 サラ系３歳 未勝利       牝[指] 馬齢 16頭 本賞金:590,240,150,89,59万円",16,590.0,7,2,3,バーヴァンシー,牝,3,55.0,荻野極,87.3,3/4,12,82.5,37.6,11-10,美浦 村田,482,2,
202605020201,2026-04-26,東京,1,3歳未勝利,ダ,1400,左,晴,稍,"2回 東京 2日目 サラ系３歳 未勝利       牝[指] 馬齢 16頭 本賞金:590,240,150,89,59万円",16,590.0,8,4,8,グランマズドリーム,牝,3,55.0,石橋脩,87.4,クビ,9,24.1,38.3,2-2,美浦 田中勝,450,4,
202605020201,2026-04-26,東京,1,3歳未勝利,ダ,1400,左,晴,稍,"2回 東京 2日目 サラ系３歳 未勝利       牝[指] 馬齢 16頭 本賞金:590,240,150,89,59万円",16,590.0,9,1,1,ハクサンミレイ,牝,3,55.0,大野,87.4,アタマ,7,13.9,37.5,11-12,美浦 松山,460,-10,
202605020201,2026-04-26,東京,1,3歳未勝利,ダ,1400,左,晴,稍,"2回 東京 2日目 サラ系３歳 未勝利       牝[指] 馬齢 16頭 本賞金:590,240,150,89,59万円",16,590.0,10,3,5,マリノレーヴェ,牝,3,55.0,佐々木,87.8,2.1/2,10,33.6,38.7,1-1,美浦 鈴木慎,488,6,
202605020201,2026-04-26,東京,1,3歳未勝利,ダ,1400,左,晴,稍,"2回 東京 2日目 サラ系３歳 未勝利       牝[指] 馬齢 16頭 本賞金:590,240,150,89,59万円",16,590.0,11,7,14,ティアップシャイン,牝,3,55.0,江田照,88.2,2.1/2,11,36.3,38.8,6-4,美浦 奥平,442,-12,
202605020201,2026-04-26,東京,1,3歳未勝利,ダ,1400,左,晴,稍,"2回 東京 2日目 サラ系３歳 未勝利       牝[指] 馬齢 16頭 本賞金:590,240,150,89,59万円",16,590.0,12,5,10,ラヴィプランドール,牝,3,55.0,小林脩,88.3,1/2,6,12.8,38.7,9-8,美浦 浅利,398,-6,
202605020201,2026-04-26,東京,1,3歳未勝利,ダ,1400,左,晴,稍,"2回 東京 2日目 サラ系３歳 未勝利       牝[指] 馬齢 16頭 本賞金:590,240,150,89,59万円",16,590.0,13,2,4,マクシーン,牝,3,55.0,長岡,88.6,1.3/4,13,130.4,39.2,4-4,美浦 平岩,458,2,
202605020201,2026-04-26,東京,1,3歳未勝利,ダ,1400,左,晴,稍,"2回 東京 2日目 サラ系３歳 未勝利       牝[指] 馬齢 16頭 本賞金:590,240,150,89,59万円",16,590.0,14,7,13,キタノトゥシャイン,牝,3,55.0,木幡初,88.7,1,15,363.0,37.6,15-15,美浦 粕谷,474,-2,
202605020201,2026-04-26,東京,1,3歳未勝利,ダ,1400,左,晴,稍,"2回 東京 2日目 サラ系３歳 未勝利       牝[指] 馬齢 16頭 本賞金:590,240,150,89,59万円",16,590.0,15,6,11,レイナデルアイレ,牝,3,55.0,津村,88.8,1/2,14,164.0,37.9,13-14,美浦 矢嶋,434,0,
202605020201,2026-04-26,東京,1,3歳未勝利,ダ,1400,左,晴,稍,"2回 東京 2日目 サラ系３歳 未勝利       牝[指] 馬齢 16頭 本賞金:590,240,150,89,59万円",16,590.0,,6,12,ワイルドミュール,牝,3,55.0,三浦,,,,,,,美浦 鹿戸,,,取消
202605020202,2026-04-26,東京,2,3歳未勝利,ダ,1600,左,晴,稍,"2回 東京 2日目 サラ系３歳 未勝利       [指] 馬齢 14頭 本賞金:590,240,150,89,59万円",14,590.0,1,7,12,サトノフェンサー,牡,3,57.0,三浦,99.5,,2,2.7,36.9,7-7,美浦 高柳瑞,538,2,
202605020202,2026-04-26,東京,2,3歳未勝利,ダ,1600,左,晴,稍,"2回 東京 2日目 サラ系３歳 未勝利       [指] 馬齢 14頭 本賞金:590,240,150,89,59万円",14,590.0,2,4,6,エターナルホープ,牡,3,57.0,原,99.6,3/4,7,41.7,36.7,12-9,美浦 鈴木慎,504,-12,
202605020202,2026-04-26,東京,2,3歳未勝利,ダ,1600,左,晴,稍,"2回 東京 2日目 サラ系３歳 未勝利       [指] 馬齢 14頭 本賞金:590,240,150,89,59万円",14,590.0,3,5,8,ピョイットハレルヤ,牝,3,55.0,松若,99.7,クビ,8,49.1,37.4,3-3,栗東 浜田,458,2,
202605020202,2026-04-26,東京,2,3歳未勝利,ダ,1600,左,晴,稍,"2回 東京 2日目 サラ系３歳 未勝利       [指] 馬齢 14頭 本賞金:590,240,150,89,59万円",14,590.0,4,3,4,モロノカガヤキ,牡,3,57.0,津村,99.8,3/4,1,2.4,37.7,2-2,美浦 林,480,-2,
202605020202,2026-04-26,東京,2,3歳未勝利,ダ,1600,左,晴,稍,"2回 東京 2日目 サラ系３歳 未勝利       [指] 馬齢 14頭 本賞金:590,240,150,89,59万円",14,590.0,5,6,9,マナイアカラニ,牡,3,57.0,北村宏,100.1,1.3/4,4,8.1,37.7,3-4,美浦 田中勝,484,8,
202605020202,2026-04-26,東京,2,3歳未勝利,ダ,1600,左,晴,稍,"2回 東京 2日目 サラ系３歳 未勝利       [指] 馬齢 14頭 本賞金:590,240,150,89,59万円",14,590.0,6,7,11,マテンロウストーム,牡,3,57.0,田辺,100.5,2.1/2,3,7.0,38.1,3-4,美浦 久保田,492,2,
202605020202,2026-04-26,東京,2,3歳未勝利,ダ,1600,左,晴,稍,"2回 東京 2日目 サラ系３歳 未勝利       [指] 馬齢 14頭 本賞金:590,240,150,89,59万円",14,590.0,7,4,5,ロードクローザー,牡,3,57.0,横山和,100.8,2,5,11.2,38.7,1-1,美浦 田村,526,4,
202605020202,2026-04-26,東京,2,3歳未勝利,ダ,1600,左,晴,稍,"2回 東京 2日目 サラ系３歳 未勝利       [指] 馬齢 14頭 本賞金:590,240,150,89,59万円",14,590.0,8,8,13,マクローリン,牡,3,57.0,小崎,100.9,クビ,10,118.4,38.0,9-9,栗東 加藤公,462,-2,
202605020202,2026-04-26,東京,2,3歳未勝利,ダ,1600,左,晴,稍,"2回 東京 2日目 サラ系３歳 未勝利       [指] 馬齢 14頭 本賞金:590,240,150,89,59万円",14,590.0,9,2,2,イーガービーバー,牡,3,57.0,酒井,101.0,1,11,140.3,38.3,7-7,美浦 和田郎,466,-6,
202605020202,2026-04-26,東京,2,3歳未勝利,ダ,1600,左,晴,稍,"2回 東京 2日目 サラ系３歳 未勝利       [指] 馬齢 14頭 本賞金:590,240,150,89,59万円",14,590.0,10,3,3,スピニンググローブ,牡,3,57.0,佐々木,101.1,1/2,9,75.8,38.7,3-4,美浦 黒岩,494,2,
202605020202,2026-04-26,東京,2,3歳未勝利,ダ,1600,左,晴,稍,"2回 東京 2日目 サラ系３歳 未勝利       [指] 馬齢 14頭 本賞金:590,240,150,89,59万円",14,590.0,11,1,1,キチロクゴール,牡,3,54.0,▲佐藤,101.3,1.1/4,13,657.4,37.7,14-14,美浦 松永康,494,0,
202605020202,2026-04-26,東京,2,3歳未勝利,ダ,1600,左,晴,稍,"2回 東京 2日目 サラ系３歳 未勝利       [指] 馬齢 14頭 本賞金:590,240,150,89,59万円",14,590.0,12,8,14,ホグホグナナハン,牡,3,57.0,木幡巧,101.9,3.1/2,12,176.7,38.7,12-13,美浦 小笠,464,0,
202605020202,2026-04-26,東京,2,3歳未勝利,ダ,1600,左,晴,稍,"2回 東京 2日目 サラ系３歳 未勝利       [指] 馬齢 14頭 本賞金:590,240,150,89,59万円",14,590.0,13,6,10,シャトーベスト,牡,3,57.0,原田和,103.3,8,14,736.4,40.3,9-11,美浦 蛯名利,508,2,
202605020202,2026-04-26,東京,2,3歳未勝利,ダ,1600,左,晴,稍,"2回 東京 2日目 サラ系３歳 未勝利       [指] 馬齢 14頭 本賞金:590,240,150,89,59万円",14,590.0,14,5,7,ホウオウパーソンズ,牡,3,57.0,荻野極,106.6,大,6,29.2,43.6,9-11,美浦 蛯名正,464,-12,
202605020203,2026-04-26,東京,3,3歳未勝利,ダ,1300,左,晴,稍,"2回 東京 2日目 サラ系３歳 未勝利       [指] 馬齢 16頭 本賞金:590,240,150,89,59万円",16,590.0,1,1,1,ユイノカタリベ,牡,3,57.0,木幡初,79.0,,6,11.6,36.3,11-11,美浦 竹内,512,-2,
202605020203,2026-04-26,東京,3,3歳未勝利,ダ,1300,左,晴,稍,"2回 東京 2日目 サラ系３歳 未勝利       [指] 馬齢 16頭 本賞金:590,240,150,89,59万円",16,590.0,2,7,14,アヴァランチ,牡,3,57.0,松山,79.0,クビ,5,9.0,37.0,2-2,美浦 加藤士,468,2,
202605020203,2026-04-26,東京,3,3歳未勝利,ダ,1300,左,晴,稍,"2回 東京 2日目 サラ系３歳 未勝利       [指] 馬齢 16頭 本賞金:590,240,150,89,59万円",16,590.0,3,8,16,アニマレイ,牡,3,57.0,レーン,79.4,2,1,2.4,36.9,8-7,栗東 須貝,462,-14,
202605020203,2026-04-26,東京,3,3歳未勝利,ダ,1300,左,晴,稍,"2回 東京 2日目 サラ系３歳 未勝利       [指] 馬齢 16頭 本賞金:590,240,150,89,59万円",16,590.0,4,7,13,ノーブルクロンヌ,牝,3,55.0,佐々木,80.2,5,12,94.9,38.1,3-3,美浦 高柳瑞,446,0,
202605020203,2026-04-26,東京,3,3歳未勝利,ダ,1300,左,晴,稍,"2回 東京 2日目 サラ系３歳 未勝利       [指] 馬齢 16頭 本賞金:590,240,150,89,59万円",16,590.0,5,5,10,マジンタクシー,牝,3,55.0,田辺,80.2,クビ,8,34.4,38.3,1-1,美浦 深山,498,0,
202605020203,2026-04-26,東京,3,3歳未勝利,ダ,1300,左,晴,稍,"2回 東京 2日目 サラ系３歳 未勝利       [指] 馬齢 16頭 本賞金:590,240,150,89,59万円",16,590.0,6,4,8,ジャガーライズ,牡,3,54.0,▲佐藤,80.7,3,4,8.1,38.1,8-9,美浦 伊藤圭,464,-10,
202605020203,2026-04-26,東京,3,3歳未勝利,ダ,1300,左,晴,稍,"2回 東京 2日目 サラ系３歳 未勝利       [指] 馬齢 16頭 本賞金:590,240,150,89,59万円",16,590.0,7,2,4,プリンセスダーコ,牝,3,55.0,原,80.9,1,11,70.5,37.7,13-13,美浦 清水英,456,0,
202605020203,2026-04-26,東京,3,3歳未勝利,ダ,1300,左,晴,稍,"2回 東京 2日目 サラ系３歳 未勝利       [指] 馬齢 16頭 本賞金:590,240,150,89,59万円",16,590.0,8,5,9,ヴィスクレス,牡,3,57.0,津村,80.9,クビ,3,6.1,38.7,4-4,美浦 矢嶋,448,-12,
202605020203,2026-04-26,東京,3,3歳未勝利,ダ,1300,左,晴,稍,"2回 東京 2日目 サラ系３歳 未勝利       [指] 馬齢 16頭 本賞金:590,240,150,89,59万円",16,590.0,9,4,7,タケウチビー,牝,3,55.0,長岡,81.0,クビ,13,135.1,37.8,13-13,美浦 深山,416,18,
202605020203,2026-04-26,東京,3,3歳未勝利,ダ,1300,左,晴,稍,"2回 東京 2日目 サラ系３歳 未勝利       [指] 馬齢 16頭 本賞金:590,240,150,89,59万円",16,590.0,10,1,2,ジャンプストリート,牡,3,57.0,松岡,81.0,クビ,16,414.9,37.9,12-12,美浦 伊藤伸,438,7,
202605020203,2026-04-26,東京,3,3歳未勝利,ダ,1300,左,晴,稍,"2回 東京 2日目 サラ系３歳 未勝利       [指] 馬齢 16頭 本賞金:590,240,150,89,59万円",16,590.0,11,3,5,ジュンサク,牝,3,55.0,木幡巧,81.3,2,15,408.5,38.7,8-9,美浦 伊坂,444,-6,
202605020203,2026-04-26,東京,3,3歳未勝利,ダ,1300,左,晴,稍,"2回 東京 2日目 サラ系３歳 未勝利       [指] 馬齢 16頭 本賞金:590,240,150,89,59万円",16,590.0,12,6,11,トーアシチフクジン,牡,3,57.0,横山和,81.5,3/4,7,19.2,36.5,16-16,美浦 村田,470,12,
202605020203,2026-04-26,東京,3,3歳未勝利,ダ,1300,左,晴,稍,"2回 東京 2日目 サラ系３歳 未勝利       [指] 馬齢 16頭 本賞金:590,240,150,89,59万円",16,590.0,13,2,3,ガヤーズベース,牡,3,57.0,荻野極,81.9,2.1/2,9,43.6,37.9,15-15,美浦 田中勝,470,2,
202605020203,2026-04-26,東京,3,3歳未勝利,ダ,1300,左,晴,稍,"2回 東京 2日目 サラ系３歳 未勝利       [指] 馬齢 16頭 本賞金:590,240,150,89,59万円",16,590.0,14,8,15,シャインフォーミー,牝,3,55.0,横山武,82.3,2.1/2,2,5.0,40.1,4-4,美浦 尾関,430,-10,
202605020203,2026-04-26,東京,3,3歳未勝利,ダ,1300,左,晴,稍,"2回 東京 2日目 サラ系３歳 未勝利       [指] 馬齢 16頭 本賞金:590,240,150,89,59万円",16,590.0,15,6,12,カセノソレイユ,牡,3,57.0,酒井,82.4,1/2,10,64.0,40.0,4-7,美浦 鈴木伸,488,-4,
202605020203,2026-04-26,東京,3,3歳未勝利,ダ,1300,左,晴,稍,"2回 東京 2日目 サラ系３歳 未勝利       [指] 馬齢 16頭 本賞金:590,240,150,89,59万円",16,590.0,16,3,6,ダイバーシティ,牡,3,57.0,伊藤,83.0,3.1/2,14,347.2,40.8,4-4,美浦 金成,578,-6,
202605020204,2026-04-26,東京,4,3歳未勝利,芝,2400,左,晴,良,"2回 東京 2日目 サラ系３歳 未勝利       (混)[指] 馬齢 10頭 本賞金:590,240,150,89,59万円",10,590.0,1,6,6,イブキ,牡,3,57.0,原,145.7,,1,2.1,33.3,10-10-10-9,美浦 矢野,464,10,
202605020204,2026-04-26,東京,4,3歳未勝利,芝,2400,左,晴,良,"2回 東京 2日目 サラ系３歳 未勝利       (混)[指] 馬齢 10頭 本賞金:590,240,150,89,59万円",10,590.0,2,7,8,マーゴットドライ,セ,3,57.0,木幡巧,146.0,2,4,8.9,34.2,5-5-3-3,美浦 伊坂,444,6,
202605020204,2026-04-26,東京,4,3歳未勝利,芝,2400,左,晴,良,"2回 東京 2日目 サラ系３歳 未勝利       (混)[指] 馬齢 10頭 本賞金:590,240,150,89,59万円",10,590.0,3,2,2,ウルフマン,牡,3,57.0,津村,146.1,1/2,3,5.1,34.3,3-3-3-3,美浦 手塚久,440,-8,
202605020204,2026-04-26,東京,4,3歳未勝利,芝,2400,左,晴,良,"2回 東京 2日目 サラ系３歳 未勝利       (混)[指] 馬齢 10頭 本賞金:590,240,150,89,59万円",10,590.0,4,1,1,ガードオブオナー,牡,3,57.0,レーン,146.2,3/4,2,2.9,34.6,2-2-2-2,美浦 林,514,-2,
202605020204,2026-04-26,東京,4,3歳未勝利,芝,2400,左,晴,良,"2回 東京 2日目 サラ系３歳 未勝利       (混)[指] 馬齢 10頭 本賞金:590,240,150,89,59万円",10,590.0,5,7,7,クライングナウ,牡,3,57.0,佐々木,146.5,1.1/2,9,140.1,34.3,7-7-9-7,美浦 斎藤誠,518,-2,
202605020204,2026-04-26,東京,4,3歳未勝利,芝,2400,左,晴,良,"2回 東京 2日目 サラ系３歳 未勝利       (混)[指] 馬齢 10頭 本賞金:590,240,150,89,59万円",10,590.0,6,3,3,アグアフレスカ,牝,3,55.0,荻野極,146.6,3/4,5,17.0,35.1,1-1-1-1,美浦 稲垣,496,-4,
202605020204,2026-04-26,東京,4,3歳未勝利,芝,2400,左,晴,良,"2回 東京 2日目 サラ系３歳 未勝利       (混)[指] 馬齢 10頭 本賞金:590,240,150,89,59万円",10,590.0,7,4,4,レフィノス,牡,3,57.0,大野,146.7,1/2,8,64.8,34.6,6-5-7-5,美浦 和田勇,508,-8,
202605020204,2026-04-26,東京,4,3歳未勝利,芝,2400,左,晴,良,"2回 東京 2日目 サラ系３歳 未勝利       (混)[指] 馬齢 10頭 本賞金:590,240,150,89,59万円",10,590.0,8,8,9,ボンボンベイビー,牡,3,57.0,ディー,147.8,7,6,34.6,35.5,9-9-7-9,栗東 矢作,448,-5,
202605020204,2026-04-26,東京,4,3歳未勝利,芝,2400,左,晴,良,"2回 東京 2日目 サラ系３歳 未勝利       (混)[指] 馬齢 10頭 本賞金:590,240,150,89,59万円",10,590.0,9,5,5,ルージュダズリング,牝,3,55.0,酒井,148.2,2.1/2,10,152.5,36.1,3-4-3-5,美浦 斎藤誠,440,0,
202605020204,2026-04-26,東京,4,3歳未勝利,芝,2400,左,晴,良,"2回 東京 2日目 サラ系３歳 未勝利       (混)[指] 馬齢 10頭 本賞金:590,240,150,89,59万円",10,590.0,10,8,10,カゲムシャ,牡,3,57.0,横山武,148.3,1/2,7,39.4,36.1,7-7-3-7,美浦 萩原,464,4,
202605020205,2026-04-26,東京,5,3歳未勝利,芝,1800,左,晴,良,"2回 東京 2日目 サラ系３歳 未勝利       [指] 馬齢 18頭 本賞金:590,240,150,89,59万円",18,590.0,1,8,16,ダイユウアレグロ,牡,3,57.0,田辺,106.7,,5,10.8,33.1,14-13-13,美浦 松永康,524,-4,
202605020205,2026-04-26,東京,5,3歳未勝利,芝,1800,左,晴,良,"2回 東京 2日目 サラ系３歳 未勝利       [指] 馬齢 18頭 本賞金:590,240,150,89,59万円",18,590.0,2,7,14,クカイリモク,牡,3,57.0,レーン,106.8,1/2,1,2.5,33.5,12-11-10,美浦 堀,502,0,
202605020205,2026-04-26,東京,5,3歳未勝利,芝,1800,左,晴,良,"2回 東京 2日目 サラ系３歳 未勝利       [指] 馬齢 18頭 本賞金:590,240,150,89,59万円",18,590.0,3,4,8,ブラッキッシュ,牡,3,57.0,津村,107.1,1.3/4,2,3.2,34.0,8-8-8,美浦 木村,428,-4,
202605020205,2026-04-26,東京,5,3歳未勝利,芝,1800,左,晴,良,"2回 東京 2日目 サラ系３歳 未勝利       [指] 馬齢 18頭 本賞金:590,240,150,89,59万円",18,590.0,4,8,17,アナザーフェイス,牡,3,57.0,荻野極,107.1,ハナ,3,6.0,33.8,10-10-10,美浦 鹿戸,486,4,
202605020205,2026-04-26,東京,5,3歳未勝利,芝,1800,左,晴,良,"2回 東京 2日目 サラ系３歳 未勝利       [指] 馬齢 18頭 本賞金:590,240,150,89,59万円",18,590.0,5,7,15,ニシノマルガリート,牡,3,57.0,横山武,107.2,1/2,14,136.9,34.3,7-6-7,美浦 鈴木伸,430,-8,
202605020205,2026-04-26,東京,5,3歳未勝利,芝,1800,左,晴,良,"2回 東京 2日目 サラ系３歳 未勝利       [指] 馬齢 18頭 本賞金:590,240,150,89,59万円",18,590.0,6,7,13,セーヌデローヴ,牡,3,57.0,原,107.2,ハナ,9,74.4,35.1,4-3-2,美浦 黒岩,442,2,
202605020205,2026-04-26,東京,5,3歳未勝利,芝,1800,左,晴,良,"2回 東京 2日目 サラ系３歳 未勝利       [指] 馬齢 18頭 本賞金:590,240,150,89,59万円",18,590.0,7,6,11,ウインドオブヘヴン,牡,3,57.0,ディー,107.2,アタマ,10,75.8,35.1,2-2-2,美浦 戸田,454,-2,
202605020205,2026-04-26,東京,5,3歳未勝利,芝,1800,左,晴,良,"2回 東京 2日目 サラ系３歳 未勝利       [指] 馬齢 18頭 本賞金:590,240,150,89,59万円",18,590.0,8,6,12,ハルノアメ,牡,3,57.0,原田和,107.2,アタマ,13,121.0,34.1,8-8-8,美浦 上原博,430,-4,
202605020205,2026-04-26,東京,5,3歳未勝利,芝,1800,左,晴,良,"2回 東京 2日目 サラ系３歳 未勝利       [指] 馬齢 18頭 本賞金:590,240,150,89,59万円",18,590.0,9,3,6,ムーングレイル,セ,3,57.0,松山,107.2,アタマ,4,7.2,34.8,2-3-4,美浦 森一,490,4,
202605020205,2026-04-26,東京,5,3歳未勝利,芝,1800,左,晴,良,"2回 東京 2日目 サラ系３歳 未勝利       [指] 馬齢 18頭 本賞金:590,240,150,89,59万円",18,590.0,10,4,7,ファンシーシェイプ,牝,3,55.0,酒井,107.5,1.1/2,12,80.1,33.9,12-13-13,美浦 矢野,446,6,
202605020205,2026-04-26,東京,5,3歳未勝利,芝,1800,左,晴,良,"2回 東京 2日目 サラ系３歳 未勝利       [指] 馬齢 18頭 本賞金:590,240,150,89,59万円",18,590.0,11,8,18,カリドーラ,牝,3,55.0,三浦,107.6,1,6,32.8,35.6,1-1-1,美浦 田村,488,-4,
202605020205,2026-04-26,東京,5,3歳未勝利,芝,1800,左,晴,良,"2回 東京 2日目 サラ系３歳 未勝利       [指] 馬齢 18頭 本賞金:590,240,150,89,59万円",18,590.0,12,2,4,クラックミーアップ,牡,3,57.0,松岡,107.7,アタマ,11,80.0,34.9,4-6-6,美浦 深山,478,2,
202605020205,2026-04-26,東京,5,3歳未勝利,芝,1800,左,晴,良,"2回 東京 2日目 サラ系３歳 未勝利       [指] 馬齢 18頭 本賞金:590,240,150,89,59万円",18,590.0,13,1,1,アレステリオス,牡,3,57.0,吉田豊,108.2,3,16,266.7,34.5,14-15-15,美浦 辻,456,2,
202605020205,2026-04-26,東京,5,3歳未勝利,芝,1800,左,晴,良,"2回 東京 2日目 サラ系３歳 未勝利       [指] 馬齢 18頭 本賞金:590,240,150,89,59万円",18,590.0,14,3,5,マーゴットライズ,牡,3,57.0,木幡巧,108.3,1,7,40.9,34.5,16-15-15,美浦 伊坂,484,8,
202605020205,2026-04-26,東京,5,3歳未勝利,芝,1800,左,晴,良,"2回 東京 2日目 サラ系３歳 未勝利       [指] 馬齢 18頭 本賞金:590,240,150,89,59万円",18,590.0,15,1,2,ジーナグレイス,牝,3,55.0,木幡初,108.7,2.1/2,15,220.0,34.7,17-17-17,美浦 田中勝,420,-8,
202605020205,2026-04-26,東京,5,3歳未勝利,芝,1800,左,晴,良,"2回 東京 2日目 サラ系３歳 未勝利       [指] 馬齢 18頭 本賞金:590,240,150,89,59万円",18,590.0,16,2,3,ヴレクール,牡,3,57.0,江田照,108.9,1.1/4,17,462.5,35.5,10-11-10,美浦 武市,462,4,
202605020205,2026-04-26,東京,5,3歳未勝利,芝,1800,左,晴,良,"2回 東京 2日目 サラ系３歳 未勝利       [指] 馬齢 18頭 本賞金:590,240,150,89,59万円",18,590.0,17,5,9,マランドロ,牡,3,57.0,小林脩,109.2,1.3/4,18,600.1,35.2,17-17-17,美浦 奥平,452,-4,
202605020205,2026-04-26,東京,5,3歳未勝利,芝,1800,左,晴,良,"2回 東京 2日目 サラ系３歳 未勝利       [指] 馬齢 18頭 本賞金:590,240,150,89,59万円",18,590.0,18,5,10,サクラモンストール,牡,3,57.0,佐々木,111.9,大,8,61.2,39.5,6-3-4,美浦 伊藤圭,518,0,
202605020206,2026-04-26,東京,6,3歳1勝クラス,芝,1600,左,晴,良,"2回 東京 2日目 サラ系３歳 １勝クラス       (混)(特指) 馬齢 8頭 本賞金:820,330,210,120,82万円",8,820.0,1,2,2,フジガイフウ,牡,3,57.0,横山武,92.7,,2,2.6,32.6,3-3,美浦 岩戸,502,8,
202605020206,2026-04-26,東京,6,3歳1勝クラス,芝,1600,左,晴,良,"2回 東京 2日目 サラ系３歳 １勝クラス       (混)(特指) 馬齢 8頭 本賞金:820,330,210,120,82万円",8,820.0,2,5,5,エルハーベン,牡,3,57.0,大野,92.9,1.1/2,5,19.3,36.0,1-1,栗東 藤岡健,498,4,
202605020206,2026-04-26,東京,6,3歳1勝クラス,芝,1600,左,晴,良,"2回 東京 2日目 サラ系３歳 １勝クラス       (混)(特指) 馬齢 8頭 本賞金:820,330,210,120,82万円",8,820.0,3,1,1,サレジオ,牡,3,57.0,レーン,93.0,1/2,1,2.0,32.6,5-4,美浦 田中博,504,0,
202605020206,2026-04-26,東京,6,3歳1勝クラス,芝,1600,左,晴,良,"2回 東京 2日目 サラ系３歳 １勝クラス       (混)(特指) 馬齢 8頭 本賞金:820,330,210,120,82万円",8,820.0,4,4,4,マツリダイコ,牝,3,55.0,津村,93.3,1.3/4,3,5.2,32.7,6-6,美浦 黒岩,430,0,
202605020206,2026-04-26,東京,6,3歳1勝クラス,芝,1600,左,晴,良,"2回 東京 2日目 サラ系３歳 １勝クラス       (混)(特指) 馬齢 8頭 本賞金:820,330,210,120,82万円",8,820.0,5,7,7,ブルースカイブルー,牡,3,57.0,松山,93.5,1,4,10.6,32.5,7-7,栗東 平田,532,0,
202605020206,2026-04-26,東京,6,3歳1勝クラス,芝,1600,左,晴,良,"2回 東京 2日目 サラ系３歳 １勝クラス       (混)(特指) 馬齢 8頭 本賞金:820,330,210,120,82万円",8,820.0,6,6,6,アルデキングダム,牡,3,57.0,横山和,93.8,2,7,55.5,33.4,3-4,美浦 村田,472,-2,
202605020206,2026-04-26,東京,6,3歳1勝クラス,芝,1600,左,晴,良,"2回 東京 2日目 サラ系３歳 １勝クラス       (混)(特指) 馬齢 8頭 本賞金:820,330,210,120,82万円",8,820.0,7,3,3,グランセレスト,牡,3,57.0,三浦,95.0,7,6,25.1,35.1,2-2,美浦 竹内,518,-2,
202605020206,2026-04-26,東京,6,3歳1勝クラス,芝,1600,左,晴,良,"2回 東京 2日目 サラ系３歳 １勝クラス       (混)(特指) 馬齢 8頭 本賞金:820,330,210,120,82万円",8,820.0,8,8,8,シュテルン,牝,3,55.0,原田和,96.2,7,8,328.3,34.4,8-8,美浦 和田雄,484,4,
202605020207,2026-04-26,東京,7,4歳以上1勝クラス,ダ,1600,左,晴,稍,"2回 東京 2日目 サラ系４歳以上 １勝クラス       (混)[指] 定量 16頭 本賞金:820,330,210,120,82万円",16,820.0,1,7,14,セブンマイスター,牡,5,58.0,佐々木,96.9,,1,1.9,36.7,3-3,美浦 千葉,536,-4,
202605020207,2026-04-26,東京,7,4歳以上1勝クラス,ダ,1600,左,晴,稍,"2回 東京 2日目 サラ系４歳以上 １勝クラス       (混)[指] 定量 16頭 本賞金:820,330,210,120,82万円",16,820.0,2,6,12,ノアヴィヴァーチェ,牡,4,58.0,木幡巧,96.9,アタマ,4,9.0,36.4,6-6,美浦 鈴木慎,496,0,
202605020207,2026-04-26,東京,7,4歳以上1勝クラス,ダ,1600,左,晴,稍,"2回 東京 2日目 サラ系４歳以上 １勝クラス       (混)[指] 定量 16頭 本賞金:820,330,210,120,82万円",16,820.0,3,8,15,ハクシンブライアン,牡,4,58.0,大野,97.0,クビ,2,4.3,36.3,7-7,美浦 松山,522,-2,
202605020207,2026-04-26,東京,7,4歳以上1勝クラス,ダ,1600,左,晴,稍,"2回 東京 2日目 サラ系４歳以上 １勝クラス       (混)[指] 定量 16頭 本賞金:820,330,210,120,82万円",16,820.0,4,5,9,ウフドゥウフ,牡,4,58.0,田辺,97.8,5,3,4.9,36.3,13-11,美浦 上原博,492,4,
202605020207,2026-04-26,東京,7,4歳以上1勝クラス,ダ,1600,左,晴,稍,"2回 東京 2日目 サラ系４歳以上 １勝クラス       (混)[指] 定量 16頭 本賞金:820,330,210,120,82万円",16,820.0,5,8,16,ヴェーヌドール,牡,4,58.0,ディー,98.0,1,8,33.4,37.0,10-8,美浦 平岩,522,4,
202605020207,2026-04-26,東京,7,4歳以上1勝クラス,ダ,1600,左,晴,稍,"2回 東京 2日目 サラ系４歳以上 １勝クラス       (混)[指] 定量 16頭 本賞金:820,330,210,120,82万円",16,820.0,6,6,11,アイファーシャドー,牡,4,58.0,松岡,98.1,3/4,13,248.0,36.3,13-14,美浦 蛯名利,432,-37,
202605020207,2026-04-26,東京,7,4歳以上1勝クラス,ダ,1600,左,晴,稍,"2回 東京 2日目 サラ系４歳以上 １勝クラス       (混)[指] 定量 16頭 本賞金:820,330,210,120,82万円",16,820.0,7,4,8,ヴァイオパイシーズ,牝,4,56.0,横山和,98.5,2.1/2,6,23.4,37.0,12-11,美浦 和田勇,462,2,
202605020207,2026-04-26,東京,7,4歳以上1勝クラス,ダ,1600,左,晴,稍,"2回 東京 2日目 サラ系４歳以上 １勝クラス       (混)[指] 定量 16頭 本賞金:820,330,210,120,82万円",16,820.0,8,2,3,サトノシャムロック,セ,4,58.0,原,98.6,1/2,5,18.4,37.5,10-10,美浦 田中博,500,-2,
202605020207,2026-04-26,東京,7,4歳以上1勝クラス,ダ,1600,左,晴,稍,"2回 東京 2日目 サラ系４歳以上 １勝クラス       (混)[指] 定量 16頭 本賞金:820,330,210,120,82万円",16,820.0,9,1,2,ベルメサイア,牝,5,56.0,酒井,98.8,1.1/4,7,33.3,38.8,1-1,栗東 西村,510,-8,
202605020207,2026-04-26,東京,7,4歳以上1勝クラス,ダ,1600,左,晴,稍,"2回 東京 2日目 サラ系４歳以上 １勝クラス       (混)[指] 定量 16頭 本賞金:820,330,210,120,82万円",16,820.0,10,3,6,カーマンライン,セ,5,58.0,江田照,99.2,2.1/2,10,109.1,39.1,2-2,美浦 小島,496,-12,
202605020207,2026-04-26,東京,7,4歳以上1勝クラス,ダ,1600,左,晴,稍,"2回 東京 2日目 サラ系４歳以上 １勝クラス       (混)[指] 定量 16頭 本賞金:820,330,210,120,82万円",16,820.0,11,5,10,ユーウェイン,セ,4,58.0,小林脩,99.3,アタマ,11,123.4,39.0,4-3,美浦 本間,466,0,
202605020207,2026-04-26,東京,7,4歳以上1勝クラス,ダ,1600,左,晴,稍,"2回 東京 2日目 サラ系４歳以上 １勝クラス       (混)[指] 定量 16頭 本賞金:820,330,210,120,82万円",16,820.0,12,2,4,ツインクルステージ,牝,5,53.0,▲佐藤,99.8,3,16,361.3,38.8,7-8,美浦 高木,490,6,
202605020207,2026-04-26,東京,7,4歳以上1勝クラス,ダ,1600,左,晴,稍,"2回 東京 2日目 サラ系４歳以上 １勝クラス       (混)[指] 定量 16頭 本賞金:820,330,210,120,82万円",16,820.0,13,1,1,サムワンライクユー,牡,6,58.0,長岡,99.9,クビ,9,75.8,39.6,4-3,美浦 佐藤吉,490,-2,
202605020207,2026-04-26,東京,7,4歳以上1勝クラス,ダ,1600,左,晴,稍,"2回 東京 2日目 サラ系４歳以上 １勝クラス       (混)[指] 定量 16頭 本賞金:820,330,210,120,82万円",16,820.0,14,4,7,ライヴドライバー,牡,4,58.0,小崎,100.5,3.1/2,15,323.0,37.8,16-16,美浦 尾形,532,12,
202605020207,2026-04-26,東京,7,4歳以上1勝クラス,ダ,1600,左,晴,稍,"2回 東京 2日目 サラ系４歳以上 １勝クラス       (混)[指] 定量 16頭 本賞金:820,330,210,120,82万円",16,820.0,15,7,13,フォートポータル,セ,5,58.0,木幡初,100.7,1.1/2,12,241.0,38.5,15-15,美浦 粕谷,456,-4,
202605020207,2026-04-26,東京,7,4歳以上1勝クラス,ダ,1600,左,晴,稍,"2回 東京 2日目 サラ系４歳以上 １勝クラス       (混)[指] 定量 16頭 本賞金:820,330,210,120,82万円",16,820.0,16,3,5,ワンダービジブル,牡,5,58.0,松若,103.3,大,14,253.8,41.8,7-11,栗東 吉村,478,-16,
202605020208,2026-04-26,東京,8,4歳以上2勝クラス,芝,1400,左,晴,良,"2回 東京 2日目 サラ系４歳以上 ２勝クラス       牝[指] 定量 11頭 本賞金:1190,480,300,180,119万円",11,1190.0,1,3,3,ボンヌソワレ,牝,4,56.0,津村,80.7,,1,3.1,33.5,5-3,美浦 宮田,460,4,
202605020208,2026-04-26,東京,8,4歳以上2勝クラス,芝,1400,左,晴,良,"2回 東京 2日目 サラ系４歳以上 ２勝クラス       牝[指] 定量 11頭 本賞金:1190,480,300,180,119万円",11,1190.0,2,8,11,ホウオウシェリー,牝,5,56.0,荻野極,80.7,アタマ,5,6.4,33.5,3-3,美浦 池上,458,12,
202605020208,2026-04-26,東京,8,4歳以上2勝クラス,芝,1400,左,晴,良,"2回 東京 2日目 サラ系４歳以上 ２勝クラス       牝[指] 定量 11頭 本賞金:1190,480,300,180,119万円",11,1190.0,3,8,10,サクセスカラー,牝,5,56.0,田辺,80.7,アタマ,3,5.3,32.7,11-10,美浦 久保田,490,16,
202605020208,2026-04-26,東京,8,4歳以上2勝クラス,芝,1400,左,晴,良,"2回 東京 2日目 サラ系４歳以上 ２勝クラス       牝[指] 定量 11頭 本賞金:1190,480,300,180,119万円",11,1190.0,4,6,7,エイヨーアメジスト,牝,4,56.0,酒井,80.7,ハナ,9,109.1,33.0,8-9,栗東 高橋康,450,0,
202605020208,2026-04-26,東京,8,4歳以上2勝クラス,芝,1400,左,晴,良,"2回 東京 2日目 サラ系４歳以上 ２勝クラス       牝[指] 定量 11頭 本賞金:1190,480,300,180,119万円",11,1190.0,5,1,1,キャッスルレイク,牝,4,56.0,松山,80.7,アタマ,4,5.4,33.8,1-1,栗東 松下,480,0,
202605020208,2026-04-26,東京,8,4歳以上2勝クラス,芝,1400,左,晴,良,"2回 東京 2日目 サラ系４歳以上 ２勝クラス       牝[指] 定量 11頭 本賞金:1190,480,300,180,119万円",11,1190.0,6,2,2,レイククレセント,牝,5,56.0,レーン,80.9,1,2,4.7,33.7,3-3,美浦 大竹,424,0,
202605020208,2026-04-26,東京,8,4歳以上2勝クラス,芝,1400,左,晴,良,"2回 東京 2日目 サラ系４歳以上 ２勝クラス       牝[指] 定量 11頭 本賞金:1190,480,300,180,119万円",11,1190.0,7,7,9,ルージュスエルテ,牝,5,56.0,横山和,80.9,クビ,6,11.8,33.0,10-10,美浦 手塚徳,480,-2,
202605020208,2026-04-26,東京,8,4歳以上2勝クラス,芝,1400,左,晴,良,"2回 東京 2日目 サラ系４歳以上 ２勝クラス       牝[指] 定量 11頭 本賞金:1190,480,300,180,119万円",11,1190.0,8,6,6,リュウノタブーク,牝,5,56.0,原田和,80.9,ハナ,11,189.9,33.5,8-6,美浦 伊坂,450,2,
202605020208,2026-04-26,東京,8,4歳以上2勝クラス,芝,1400,左,晴,良,"2回 東京 2日目 サラ系４歳以上 ２勝クラス       牝[指] 定量 11頭 本賞金:1190,480,300,180,119万円",11,1190.0,9,7,8,ライツユーアップ,牝,4,56.0,ディー,81.2,1.1/2,7,15.5,33.8,6-6,栗東 角田,446,-6,
202605020208,2026-04-26,東京,8,4歳以上2勝クラス,芝,1400,左,晴,良,"2回 東京 2日目 サラ系４歳以上 ２勝クラス       牝[指] 定量 11頭 本賞金:1190,480,300,180,119万円",11,1190.0,10,4,4,スカイビート,牝,4,56.0,佐々木,81.5,2,8,38.9,34.1,6-6,栗東 野中,456,-2,
202605020208,2026-04-26,東京,8,4歳以上2勝クラス,芝,1400,左,晴,良,"2回 東京 2日目 サラ系４歳以上 ２勝クラス       牝[指] 定量 11頭 本賞金:1190,480,300,180,119万円",11,1190.0,11,5,5,フェデルミエール,牝,4,56.0,木幡巧,81.5,1/2,10,152.9,34.5,2-2,美浦 中川,502,11,
202605020209,2026-04-26,東京,9,湘南S,芝,1400,左,晴,良,"2回 東京 2日目 サラ系４歳以上 ３勝クラス       (混)[指] ハンデ 16頭 本賞金:1870,750,470,280,187万円",16,1870.0,1,4,7,カンシン,牡,4,58.0,佐々木,80.1,,4,9.0,32.3,8-8,栗東 西園翔,474,2,
202605020209,2026-04-26,東京,9,湘南S,芝,1400,左,晴,良,"2回 東京 2日目 サラ系４歳以上 ３勝クラス       (混)[指] ハンデ 16頭 本賞金:1870,750,470,280,187万円",16,1870.0,2,7,13,モンドデラモーレ,牡,4,58.0,大野,80.1,アタマ,3,8.2,32.6,6-5,美浦 千葉,480,-8,
202605020209,2026-04-26,東京,9,湘南S,芝,1400,左,晴,良,"2回 東京 2日目 サラ系４歳以上 ３勝クラス       (混)[指] ハンデ 16頭 本賞金:1870,750,470,280,187万円",16,1870.0,3,1,1,コートアリシアン,牝,4,56.0,津村,80.4,2,1,2.7,32.4,9-9,美浦 伊藤大,446,2,
202605020209,2026-04-26,東京,9,湘南S,芝,1400,左,晴,良,"2回 東京 2日目 サラ系４歳以上 ３勝クラス       (混)[指] ハンデ 16頭 本賞金:1870,750,470,280,187万円",16,1870.0,4,2,3,モンシュマン,牡,5,56.0,荻野極,80.5,クビ,9,20.7,33.0,4-5,美浦 辻,476,4,
202605020209,2026-04-26,東京,9,湘南S,芝,1400,左,晴,良,"2回 東京 2日目 サラ系４歳以上 ３勝クラス       (混)[指] ハンデ 16頭 本賞金:1870,750,470,280,187万円",16,1870.0,5,6,12,フォルテム,牡,4,54.0,木幡巧,80.6,1,10,21.5,33.4,3-2,美浦 千葉,492,10,
202605020209,2026-04-26,東京,9,湘南S,芝,1400,左,晴,良,"2回 東京 2日目 サラ系４歳以上 ３勝クラス       (混)[指] ハンデ 16頭 本賞金:1870,750,470,280,187万円",16,1870.0,6,5,9,セシリエプラージュ,牝,5,53.0,酒井,80.8,1,15,132.7,32.5,12-11,栗東 中村,420,-2,
202605020209,2026-04-26,東京,9,湘南S,芝,1400,左,晴,良,"2回 東京 2日目 サラ系４歳以上 ３勝クラス       (混)[指] ハンデ 16頭 本賞金:1870,750,470,280,187万円",16,1870.0,7,3,6,モンテシート,牡,4,57.0,ディー,80.8,ハナ,8,18.0,33.7,2-2,栗東 牧田,510,4,
202605020209,2026-04-26,東京,9,湘南S,芝,1400,左,晴,良,"2回 東京 2日目 サラ系４歳以上 ３勝クラス       (混)[指] ハンデ 16頭 本賞金:1870,750,470,280,187万円",16,1870.0,8,4,8,サトミノキラリ,牡,5,56.0,田辺,80.9,1/2,5,9.7,32.3,15-15,美浦 鈴木伸,468,4,
202605020209,2026-04-26,東京,9,湘南S,芝,1400,左,晴,良,"2回 東京 2日目 サラ系４歳以上 ３勝クラス       (混)[指] ハンデ 16頭 本賞金:1870,750,470,280,187万円",16,1870.0,9,3,5,ヨウシタンレイ,牝,6,54.0,松山,80.9,クビ,6,10.7,32.6,11-11,栗東 藤野,472,-2,
202605020209,2026-04-26,東京,9,湘南S,芝,1400,左,晴,良,"2回 東京 2日目 サラ系４歳以上 ３勝クラス       (混)[指] ハンデ 16頭 本賞金:1870,750,470,280,187万円",16,1870.0,10,5,10,コスモアディラート,牡,8,54.0,松岡,80.9,アタマ,14,104.4,33.9,1-1,美浦 和田郎,524,6,
202605020209,2026-04-26,東京,9,湘南S,芝,1400,左,晴,良,"2回 東京 2日目 サラ系４歳以上 ３勝クラス       (混)[指] ハンデ 16頭 本賞金:1870,750,470,280,187万円",16,1870.0,11,1,2,アームテイル,牝,6,52.0,吉田豊,81.0,クビ,13,95.6,33.7,4-4,美浦 和田勇,462,0,
202605020209,2026-04-26,東京,9,湘南S,芝,1400,左,晴,良,"2回 東京 2日目 サラ系４歳以上 ３勝クラス       (混)[指] ハンデ 16頭 本賞金:1870,750,470,280,187万円",16,1870.0,12,8,15,チューラワンサ,牝,4,54.0,原,81.1,1/2,7,11.4,33.5,6-7,栗東 高野,432,-6,
202605020209,2026-04-26,東京,9,湘南S,芝,1400,左,晴,良,"2回 東京 2日目 サラ系４歳以上 ３勝クラス       (混)[指] ハンデ 16頭 本賞金:1870,750,470,280,187万円",16,1870.0,13,8,16,リチャードバローズ,牡,5,55.0,横山武,81.1,アタマ,11,27.1,33.2,9-9,栗東 上村,520,6,
202605020209,2026-04-26,東京,9,湘南S,芝,1400,左,晴,良,"2回 東京 2日目 サラ系４歳以上 ３勝クラス       (混)[指] ハンデ 16頭 本賞金:1870,750,470,280,187万円",16,1870.0,14,2,4,ウナギノボリ,牡,7,54.0,松若,81.2,3/4,12,48.0,32.8,12-13,美浦 本間,490,8,
202605020209,2026-04-26,東京,9,湘南S,芝,1400,左,晴,良,"2回 東京 2日目 サラ系４歳以上 ３勝クラス       (混)[指] ハンデ 16頭 本賞金:1870,750,470,280,187万円",16,1870.0,15,6,11,レッドアトレーヴ,牡,5,56.0,横山和,81.4,3/4,2,7.3,32.5,16-16,美浦 手塚久,494,2,
202605020209,2026-04-26,東京,9,湘南S,芝,1400,左,晴,良,"2回 東京 2日目 サラ系４歳以上 ３勝クラス       (混)[指] ハンデ 16頭 本賞金:1870,750,470,280,187万円",16,1870.0,16,7,14,ハピネスアゲン,牝,7,52.0,原田和,81.4,1/2,16,338.7,32.9,12-14,美浦 萱野,468,12,
202605020210,2026-04-26,東京,10,オアシスS,ダ,1600,左,晴,稍,"2回 東京 2日目 サラ系４歳以上 オープン       (国際)(特指) ハンデ 16頭 本賞金:2400,960,600,360,240万円",16,2400.0,1,2,3,ドンインザムード,牡,4,57.5,荻野極,95.6,,2,2.9,35.4,6-6,栗東 今野,536,6,
202605020210,2026-04-26,東京,10,オアシスS,ダ,1600,左,晴,稍,"2回 東京 2日目 サラ系４歳以上 オープン       (国際)(特指) ハンデ 16頭 本賞金:2400,960,600,360,240万円",16,2400.0,2,8,16,テーオーパスワード,牡,5,57.5,松山,95.7,3/4,1,2.9,35.6,3-4,栗東 高柳大,492,4,
202605020210,2026-04-26,東京,10,オアシスS,ダ,1600,左,晴,稍,"2回 東京 2日目 サラ系４歳以上 オープン       (国際)(特指) ハンデ 16頭 本賞金:2400,960,600,360,240万円",16,2400.0,3,7,14,ナイトアクアリウム,牡,6,55.0,長岡,96.0,1.3/4,4,9.1,34.8,13-13,栗東 杉山佳,496,-2,
202605020210,2026-04-26,東京,10,オアシスS,ダ,1600,左,晴,稍,"2回 東京 2日目 サラ系４歳以上 オープン       (国際)(特指) ハンデ 16頭 本賞金:2400,960,600,360,240万円",16,2400.0,4,6,12,ペリエール,牡,6,59.0,佐々木,96.1,1/2,3,6.7,36.2,2-2,美浦 黒岩,492,0,
202605020210,2026-04-26,東京,10,オアシスS,ダ,1600,左,晴,稍,"2回 東京 2日目 サラ系４歳以上 オープン       (国際)(特指) ハンデ 16頭 本賞金:2400,960,600,360,240万円",16,2400.0,5,8,15,バトルクライ,牡,7,58.5,原,96.2,3/4,5,17.5,35.4,11-11,美浦 高木,508,-4,
202605020210,2026-04-26,東京,10,オアシスS,ダ,1600,左,晴,稍,"2回 東京 2日目 サラ系４歳以上 オープン       (国際)(特指) ハンデ 16頭 本賞金:2400,960,600,360,240万円",16,2400.0,6,2,4,ミッキーヌチバナ,牡,8,58.0,ディー,96.3,1/2,8,28.0,35.9,8-8,栗東 高橋亮,514,2,
202605020210,2026-04-26,東京,10,オアシスS,ダ,1600,左,晴,稍,"2回 東京 2日目 サラ系４歳以上 オープン       (国際)(特指) ハンデ 16頭 本賞金:2400,960,600,360,240万円",16,2400.0,7,6,11,アッチャゴーラ,牡,6,56.0,小崎,96.5,1.1/2,12,56.0,36.0,8-8,美浦 浅利,520,-2,
202605020210,2026-04-26,東京,10,オアシスS,ダ,1600,左,晴,稍,"2回 東京 2日目 サラ系４歳以上 オープン       (国際)(特指) ハンデ 16頭 本賞金:2400,960,600,360,240万円",16,2400.0,8,7,13,アルムラトゥール,牡,6,54.0,木幡巧,96.5,アタマ,10,45.6,36.4,3-4,栗東 西園翔,500,0,
202605020210,2026-04-26,東京,10,オアシスS,ダ,1600,左,晴,稍,"2回 東京 2日目 サラ系４歳以上 オープン       (国際)(特指) ハンデ 16頭 本賞金:2400,960,600,360,240万円",16,2400.0,9,4,7,オウギノカナメ,牡,6,55.0,田辺,96.7,3/4,7,20.1,36.5,6-6,美浦 高木,484,0,
202605020210,2026-04-26,東京,10,オアシスS,ダ,1600,左,晴,稍,"2回 東京 2日目 サラ系４歳以上 オープン       (国際)(特指) ハンデ 16頭 本賞金:2400,960,600,360,240万円",16,2400.0,10,3,5,ヴィヴァン,牡,8,54.0,横山和,96.7,クビ,6,17.8,36.2,8-8,栗東 池江,500,0,
202605020210,2026-04-26,東京,10,オアシスS,ダ,1600,左,晴,稍,"2回 東京 2日目 サラ系４歳以上 オープン       (国際)(特指) ハンデ 16頭 本賞金:2400,960,600,360,240万円",16,2400.0,11,1,1,アンシール,セ,5,54.0,石橋脩,97.1,2.1/2,15,193.0,36.0,13-13,栗東 小崎,482,0,
202605020210,2026-04-26,東京,10,オアシスS,ダ,1600,左,晴,稍,"2回 東京 2日目 サラ系４歳以上 オープン       (国際)(特指) ハンデ 16頭 本賞金:2400,960,600,360,240万円",16,2400.0,12,5,9,トリリオンボーイ,牡,4,54.0,吉田豊,97.2,3/4,14,107.5,36.5,11-11,美浦 武井,488,4,
202605020210,2026-04-26,東京,10,オアシスS,ダ,1600,左,晴,稍,"2回 東京 2日目 サラ系４歳以上 オープン       (国際)(特指) ハンデ 16頭 本賞金:2400,960,600,360,240万円",16,2400.0,13,3,6,アドマイヤデイトナ,牡,4,57.5,横山武,97.2,アタマ,9,33.5,37.3,3-2,美浦 加藤征,520,6,
202605020210,2026-04-26,東京,10,オアシスS,ダ,1600,左,晴,稍,"2回 東京 2日目 サラ系４歳以上 オープン       (国際)(特指) ハンデ 16頭 本賞金:2400,960,600,360,240万円",16,2400.0,14,1,2,ジャスティンスカイ,牡,7,57.5,松若,97.8,3.1/2,13,78.0,36.4,15-15,栗東 友道,536,4,
202605020210,2026-04-26,東京,10,オアシスS,ダ,1600,左,晴,稍,"2回 東京 2日目 サラ系４歳以上 オープン       (国際)(特指) ハンデ 16頭 本賞金:2400,960,600,360,240万円",16,2400.0,15,4,8,プロトポロス,牡,6,54.0,松岡,98.9,7,11,51.2,40.7,1-1,栗東 西村,492,0,
202605020210,2026-04-26,東京,10,オアシスS,ダ,1600,左,晴,稍,"2回 東京 2日目 サラ系４歳以上 オープン       (国際)(特指) ハンデ 16頭 本賞金:2400,960,600,360,240万円",16,2400.0,,5,10,ウェイワードアクト,牡,6,58.0,レーン,,,,,,,美浦 田中博,,,取消
202605020211,2026-04-26,東京,11,フローラS,芝,2000,左,晴,良,"2回 東京 2日目 サラ系３歳 オープン       (国際) 牝(指) 馬齢 13頭 本賞金:5200,2100,1300,780,520万円",13,5200.0,1,4,5,ラフターラインズ,牝,3,55.0,レーン,119.3,,1,2.2,32.8,9-8-6,美浦 小笠,460,2,
202605020211,2026-04-26,東京,11,フローラS,芝,2000,左,晴,良,"2回 東京 2日目 サラ系３歳 オープン       (国際) 牝(指) 馬齢 13頭 本賞金:5200,2100,1300,780,520万円",13,5200.0,2,8,13,エンネ,牝,3,55.0,ディー,119.5,1.1/4,3,6.7,32.8,9-10-9,栗東 吉岡,516,-8,
202605020211,2026-04-26,東京,11,フローラS,芝,2000,左,晴,良,"2回 東京 2日目 サラ系３歳 オープン       (国際) 牝(指) 馬齢 13頭 本賞金:5200,2100,1300,780,520万円",13,5200.0,3,5,7,リアライズルミナス,牝,3,55.0,松山,119.6,1/2,4,7.0,33.4,1-4-4,栗東 橋口,490,4,
202605020211,2026-04-26,東京,11,フローラS,芝,2000,左,晴,良,"2回 東京 2日目 サラ系３歳 オープン       (国際) 牝(指) 馬齢 13頭 本賞金:5200,2100,1300,780,520万円",13,5200.0,4,7,10,エイシンウィスパー,牝,3,55.0,松若,119.9,2,9,39.8,34.1,2-2-2,栗東 今野,472,-4,
202605020211,2026-04-26,東京,11,フローラS,芝,2000,左,晴,良,"2回 東京 2日目 サラ系３歳 オープン       (国際) 牝(指) 馬齢 13頭 本賞金:5200,2100,1300,780,520万円",13,5200.0,5,2,2,ラベルセーヌ,牝,3,55.0,荻野極,119.9,ハナ,2,4.6,33.4,4-6-6,美浦 鹿戸,430,0,
202605020211,2026-04-26,東京,11,フローラS,芝,2000,左,晴,良,"2回 東京 2日目 サラ系３歳 オープン       (国際) 牝(指) 馬齢 13頭 本賞金:5200,2100,1300,780,520万円",13,5200.0,6,1,1,リスレジャンデール,牝,3,55.0,津村,119.9,アタマ,6,15.9,33.2,8-8-9,美浦 栗田,470,4,
202605020211,2026-04-26,東京,11,フローラS,芝,2000,左,晴,良,"2回 東京 2日目 サラ系３歳 オープン       (国際) 牝(指) 馬齢 13頭 本賞金:5200,2100,1300,780,520万円",13,5200.0,7,6,8,ゴバド,牝,3,55.0,原,120.0,クビ,7,29.8,33.0,12-12-11,美浦 加藤征,430,0,
202605020211,2026-04-26,東京,11,フローラS,芝,2000,左,晴,良,"2回 東京 2日目 サラ系３歳 オープン       (国際) 牝(指) 馬齢 13頭 本賞金:5200,2100,1300,780,520万円",13,5200.0,8,4,4,ペイシャシス,牝,3,55.0,北村宏,120.0,クビ,12,165.0,33.8,4-4-4,栗東 加藤公,396,-2,
202605020211,2026-04-26,東京,11,フローラS,芝,2000,左,晴,良,"2回 東京 2日目 サラ系３歳 オープン       (国際) 牝(指) 馬齢 13頭 本賞金:5200,2100,1300,780,520万円",13,5200.0,9,8,12,スタニングレディ,牝,3,55.0,三浦,120.3,1.1/2,10,52.1,34.6,2-1-1,美浦 高木,456,4,
202605020211,2026-04-26,東京,11,フローラS,芝,2000,左,晴,良,"2回 東京 2日目 サラ系３歳 オープン       (国際) 牝(指) 馬齢 13頭 本賞金:5200,2100,1300,780,520万円",13,5200.0,10,7,11,ファムクラジューズ,牝,3,55.0,横山武,120.3,クビ,5,9.1,34.4,4-2-2,美浦 黒岩,402,-8,
202605020211,2026-04-26,東京,11,フローラS,芝,2000,左,晴,良,"2回 東京 2日目 サラ系３歳 オープン       (国際) 牝(指) 馬齢 13頭 本賞金:5200,2100,1300,780,520万円",13,5200.0,11,5,6,ペンダント,牝,3,55.0,佐々木,120.5,1.1/4,8,32.4,33.5,9-10-11,栗東 池江,460,0,
202605020211,2026-04-26,東京,11,フローラS,芝,2000,左,晴,良,"2回 東京 2日目 サラ系３歳 オープン       (国際) 牝(指) 馬齢 13頭 本賞金:5200,2100,1300,780,520万円",13,5200.0,12,6,9,コウギョク,牝,3,55.0,横山和,120.8,1.1/2,11,74.3,34.3,7-6-6,栗東 昆,438,0,
202605020211,2026-04-26,東京,11,フローラS,芝,2000,左,晴,良,"2回 東京 2日目 サラ系３歳 オープン       (国際) 牝(指) 馬齢 13頭 本賞金:5200,2100,1300,780,520万円",13,5200.0,,3,3,サムシングスイート,牝,3,55.0,酒井,,,,,,,美浦 伊藤大,,,取消
202605020212,2026-04-26,東京,12,4歳以上2勝クラス,ダ,1400,左,晴,稍,"2回 東京 2日目 サラ系４歳以上 ２勝クラス       (混)[指] 定量 16頭 本賞金:1190,480,300,180,119万円",16,1190.0,1,8,15,スナッピードレッサ,牡,4,58.0,レーン,83.7,,1,1.2,35.5,3-3,美浦 大竹,510,0,
202605020212,2026-04-26,東京,12,4歳以上2勝クラス,ダ,1400,左,晴,稍,"2回 東京 2日目 サラ系４歳以上 ２勝クラス       (混)[指] 定量 16頭 本賞金:1190,480,300,180,119万円",16,1190.0,2,7,14,レーティッシュ,牡,4,58.0,松山,84.0,1.1/2,4,19.4,35.9,2-2,栗東 高橋一,530,16,
202605020212,2026-04-26,東京,12,4歳以上2勝クラス,ダ,1400,左,晴,稍,"2回 東京 2日目 サラ系４歳以上 ２勝クラス       (混)[指] 定量 16頭 本賞金:1190,480,300,180,119万円",16,1190.0,3,5,10,ポッドベル,牡,4,58.0,横山武,84.0,クビ,3,17.4,35.4,7-7,美浦 和田勇,480,2,
202605020212,2026-04-26,東京,12,4歳以上2勝クラス,ダ,1400,左,晴,稍,"2回 東京 2日目 サラ系４歳以上 ２勝クラス       (混)[指] 定量 16頭 本賞金:1190,480,300,180,119万円",16,1190.0,4,6,11,ベラジオワールド,牡,4,57.0,横山和,84.1,クビ,2,6.4,35.7,6-6,美浦 伊藤大,496,-8,
202605020212,2026-04-26,東京,12,4歳以上2勝クラス,ダ,1400,左,晴,稍,"2回 東京 2日目 サラ系４歳以上 ２勝クラス       (混)[指] 定量 16頭 本賞金:1190,480,300,180,119万円",16,1190.0,5,8,16,プライベートアイズ,牡,4,58.0,ディー,84.2,1,6,32.6,35.9,3-4,美浦 萩原,492,-2,
202605020212,2026-04-26,東京,12,4歳以上2勝クラス,ダ,1400,左,晴,稍,"2回 東京 2日目 サラ系４歳以上 ２勝クラス       (混)[指] 定量 16頭 本賞金:1190,480,300,180,119万円",16,1190.0,6,6,12,キョウエイカンセ,牡,5,58.0,原,84.8,3.1/2,7,35.1,36.0,9-9,美浦 萱野,502,-4,
202605020212,2026-04-26,東京,12,4歳以上2勝クラス,ダ,1400,左,晴,稍,"2回 東京 2日目 サラ系４歳以上 ２勝クラス       (混)[指] 定量 16頭 本賞金:1190,480,300,180,119万円",16,1190.0,7,5,9,マサノユニコーン,牡,4,58.0,荻野極,85.0,1.1/2,5,19.4,36.7,3-4,美浦 小島,472,0,
202605020212,2026-04-26,東京,12,4歳以上2勝クラス,ダ,1400,左,晴,稍,"2回 東京 2日目 サラ系４歳以上 ２勝クラス       (混)[指] 定量 16頭 本賞金:1190,480,300,180,119万円",16,1190.0,8,2,3,リメンバーヒム,牡,4,58.0,石橋脩,85.0,クビ,11,101.2,36.2,9-9,栗東 浜田,460,8,
202605020212,2026-04-26,東京,12,4歳以上2勝クラス,ダ,1400,左,晴,稍,"2回 東京 2日目 サラ系４歳以上 ２勝クラス       (混)[指] 定量 16頭 本賞金:1190,480,300,180,119万円",16,1190.0,9,4,7,ボルセーナ,牝,4,56.0,松若,85.3,1.3/4,12,239.2,36.0,13-14,栗東 奥村豊,462,2,
202605020212,2026-04-26,東京,12,4歳以上2勝クラス,ダ,1400,左,晴,稍,"2回 東京 2日目 サラ系４歳以上 ２勝クラス       (混)[指] 定量 16頭 本賞金:1190,480,300,180,119万円",16,1190.0,10,3,6,ケンキョ,牡,6,58.0,酒井,85.5,1.1/4,9,79.8,36.3,13-13,美浦 高橋文,470,-8,
202605020212,2026-04-26,東京,12,4歳以上2勝クラス,ダ,1400,左,晴,稍,"2回 東京 2日目 サラ系４歳以上 ２勝クラス       (混)[指] 定量 16頭 本賞金:1190,480,300,180,119万円",16,1190.0,11,4,8,ジーベック,牡,5,58.0,松岡,85.7,1,14,249.7,37.1,7-7,栗東 矢作,458,0,
202605020212,2026-04-26,東京,12,4歳以上2勝クラス,ダ,1400,左,晴,稍,"2回 東京 2日目 サラ系４歳以上 ２勝クラス       (混)[指] 定量 16頭 本賞金:1190,480,300,180,119万円",16,1190.0,12,7,13,ラピダリア,牝,5,56.0,三浦,86.2,3,10,88.7,37.2,11-11,栗東 吉田,468,0,
202605020212,2026-04-26,東京,12,4歳以上2勝クラス,ダ,1400,左,晴,稍,"2回 東京 2日目 サラ系４歳以上 ２勝クラス       (混)[指] 定量 16頭 本賞金:1190,480,300,180,119万円",16,1190.0,13,1,1,フィリップ,牡,5,58.0,佐々木,86.3,1/2,8,43.1,38.3,1-1,美浦 岩戸,504,4,
202605020212,2026-04-26,東京,12,4歳以上2勝クラス,ダ,1400,左,晴,稍,"2回 東京 2日目 サラ系４歳以上 ２勝クラス       (混)[指] 定量 16頭 本賞金:1190,480,300,180,119万円",16,1190.0,14,2,4,フレッシュラン,牝,4,53.0,▲佐藤,86.9,3.1/2,13,243.8,37.4,15-15,美浦 尾形,472,6,
202605020212,2026-04-26,東京,12,4歳以上2勝クラス,ダ,1400,左,晴,稍,"2回 東京 2日目 サラ系４歳以上 ２勝クラス       (混)[指] 定量 16頭 本賞金:1190,480,300,180,119万円",16,1190.0,15,1,2,トロピカルヒーロー,牡,6,58.0,小林脩,87.2,2,16,397.7,37.3,16-16,美浦 石栗,540,2,
202605020212,2026-04-26,東京,12,4歳以上2勝クラス,ダ,1400,左,晴,稍,"2回 東京 2日目 サラ系４歳以上 ２勝クラス       (混)[指] 定量 16頭 本賞金:1190,480,300,180,119万円",16,1190.0,16,3,5,ゴールデンエール,牡,6,58.0,木幡巧,87.3,クビ,15,374.0,38.3,12-11,美浦 杉浦,486,-2,
202608030201,2026-04-26,京都,1,3歳未勝利,ダ,1200,右,晴,良,"3回 京都 2日目 サラ系３歳 未勝利       牝[指] 馬齢 16頭 本賞金:590,240,150,89,59万円",16,590.0,1,8,16,ツァレヴナ,牝,3,55.0,戸崎圭,71.9,,5,7.8,36.0,7-6,栗東 野中,454,6,
202608030201,2026-04-26,京都,1,3歳未勝利,ダ,1200,右,晴,良,"3回 京都 2日目 サラ系３歳 未勝利       牝[指] 馬齢 16頭 本賞金:590,240,150,89,59万円",16,590.0,2,4,7,アルムアポジェ,牝,3,55.0,秋山稔,72.0,クビ,3,4.9,36.9,2-2,栗東 北出,476,2,
202608030201,2026-04-26,京都,1,3歳未勝利,ダ,1200,右,晴,良,"3回 京都 2日目 サラ系３歳 未勝利       牝[指] 馬齢 16頭 本賞金:590,240,150,89,59万円",16,590.0,3,1,2,サトノロザリー,牝,3,55.0,団野,72.3,1.1/2,2,4.0,37.0,3-3,栗東 斉藤崇,482,16,
202608030201,2026-04-26,京都,1,3歳未勝利,ダ,1200,右,晴,良,"3回 京都 2日目 サラ系３歳 未勝利       牝[指] 馬齢 16頭 本賞金:590,240,150,89,59万円",16,590.0,4,7,13,ガルディエンヌ,牝,3,55.0,北村友,72.4,1,1,3.8,36.8,5-5,栗東 高橋亮,476,2,
202608030201,2026-04-26,京都,1,3歳未勝利,ダ,1200,右,晴,良,"3回 京都 2日目 サラ系３歳 未勝利       牝[指] 馬齢 16頭 本賞金:590,240,150,89,59万円",16,590.0,5,2,3,グラマラス,牝,3,55.0,鮫島駿,72.6,1.1/4,9,28.7,37.3,3-3,栗東 安田,468,0,
202608030201,2026-04-26,京都,1,3歳未勝利,ダ,1200,右,晴,良,"3回 京都 2日目 サラ系３歳 未勝利       牝[指] 馬齢 16頭 本賞金:590,240,150,89,59万円",16,590.0,6,6,12,ゼンノトヨタマヒメ,牝,3,55.0,古川吉,73.5,5,8,26.1,37.6,7-7,栗東 中村,462,23,
202608030201,2026-04-26,京都,1,3歳未勝利,ダ,1200,右,晴,良,"3回 京都 2日目 サラ系３歳 未勝利       牝[指] 馬齢 16頭 本賞金:590,240,150,89,59万円",16,590.0,7,3,6,グランフィエルテ,牝,3,53.0,△柴田裕,74.0,3,4,6.0,38.3,6-7,栗東 吉田,438,0,
202608030201,2026-04-26,京都,1,3歳未勝利,ダ,1200,右,晴,良,"3回 京都 2日目 サラ系３歳 未勝利       牝[指] 馬齢 16頭 本賞金:590,240,150,89,59万円",16,590.0,8,2,4,サウンドジュテ,牝,3,55.0,田口,74.1,1/2,6,14.6,39.1,1-1,栗東 鈴木孝,416,6,
202608030201,2026-04-26,京都,1,3歳未勝利,ダ,1200,右,晴,良,"3回 京都 2日目 サラ系３歳 未勝利       牝[指] 馬齢 16頭 本賞金:590,240,150,89,59万円",16,590.0,9,3,5,ショルタメンテ,牝,3,53.0,△田山,74.1,クビ,10,78.6,36.9,12-11,栗東 田中克,406,0,
202608030201,2026-04-26,京都,1,3歳未勝利,ダ,1200,右,晴,良,"3回 京都 2日目 サラ系３歳 未勝利       牝[指] 馬齢 16頭 本賞金:590,240,150,89,59万円",16,590.0,10,5,9,ファーヴニル,牝,3,53.0,◇今村,74.3,3/4,11,95.4,37.9,9-9,栗東 千田,432,-4,
202608030201,2026-04-26,京都,1,3歳未勝利,ダ,1200,右,晴,良,"3回 京都 2日目 サラ系３歳 未勝利       牝[指] 馬齢 16頭 本賞金:590,240,150,89,59万円",16,590.0,11,1,1,パッションマーレ,牝,3,55.0,岩田望,75.0,4,7,16.6,38.0,11-11,栗東 四位,400,2,
202608030201,2026-04-26,京都,1,3歳未勝利,ダ,1200,右,晴,良,"3回 京都 2日目 サラ系３歳 未勝利       牝[指] 馬齢 16頭 本賞金:590,240,150,89,59万円",16,590.0,12,4,8,ファントムグレース,牝,3,55.0,太宰,75.0,1/2,12,148.8,36.6,13-13,栗東 本田,484,0,
202608030201,2026-04-26,京都,1,3歳未勝利,ダ,1200,右,晴,良,"3回 京都 2日目 サラ系３歳 未勝利       牝[指] 馬齢 16頭 本賞金:590,240,150,89,59万円",16,590.0,13,6,11,ニホンピロジニー,牝,3,52.0,▲川端,75.2,3/4,13,178.6,38.6,9-10,栗東 大橋,392,0,
202608030201,2026-04-26,京都,1,3歳未勝利,ダ,1200,右,晴,良,"3回 京都 2日目 サラ系３歳 未勝利       牝[指] 馬齢 16頭 本賞金:590,240,150,89,59万円",16,590.0,14,8,15,テイケイウェリナ,牝,3,55.0,高倉,76.4,7,16,279.9,37.9,14-14,栗東 荒川,408,0,
202608030201,2026-04-26,京都,1,3歳未勝利,ダ,1200,右,晴,良,"3回 京都 2日目 サラ系３歳 未勝利       牝[指] 馬齢 16頭 本賞金:590,240,150,89,59万円",16,590.0,15,5,10,メイショウホシゾラ,牝,3,55.0,城戸,77.2,5,14,216.1,38.4,15-14,栗東 安達,392,0,
202608030201,2026-04-26,京都,1,3歳未勝利,ダ,1200,右,晴,良,"3回 京都 2日目 サラ系３歳 未勝利       牝[指] 馬齢 16頭 本賞金:590,240,150,89,59万円",16,590.0,16,7,14,ワイドセシル,牝,3,55.0,吉村,81.2,大,15,223.5,41.3,16-16,栗東 藤岡健,408,0,
202608030202,2026-04-26,京都,2,3歳未勝利,ダ,1800,右,晴,良,"3回 京都 2日目 サラ系３歳 未勝利       [指] 馬齢 15頭 本賞金:590,240,150,89,59万円",15,590.0,1,8,14,テイエムスターラン,牡,3,57.0,高倉,114.5,,2,3.2,38.4,2-2-2-2,栗東 小椋,522,0,
202608030202,2026-04-26,京都,2,3歳未勝利,ダ,1800,右,晴,良,"3回 京都 2日目 サラ系３歳 未勝利       [指] 馬齢 15頭 本賞金:590,240,150,89,59万円",15,590.0,2,7,12,グリーンゴー,牡,3,57.0,岩田望,114.6,1/2,1,1.9,38.3,4-4-4-3,栗東 福永,482,-2,
202608030202,2026-04-26,京都,2,3歳未勝利,ダ,1800,右,晴,良,"3回 京都 2日目 サラ系３歳 未勝利       [指] 馬齢 15頭 本賞金:590,240,150,89,59万円",15,590.0,3,4,6,レッドフロイデ,牡,3,57.0,高杉,114.7,1/2,3,5.0,38.7,1-1-1-1,栗東 大久保,444,4,
202608030202,2026-04-26,京都,2,3歳未勝利,ダ,1800,右,晴,良,"3回 京都 2日目 サラ系３歳 未勝利       [指] 馬齢 15頭 本賞金:590,240,150,89,59万円",15,590.0,4,8,15,ゼランテ,牡,3,57.0,武豊,115.3,3.1/2,4,14.2,38.8,7-6-4-3,栗東 松永幹,488,2,
202608030202,2026-04-26,京都,2,3歳未勝利,ダ,1800,右,晴,良,"3回 京都 2日目 サラ系３歳 未勝利       [指] 馬齢 15頭 本賞金:590,240,150,89,59万円",15,590.0,5,2,3,エトワールブルー,牡,3,57.0,太宰,115.3,ハナ,6,26.2,38.6,12-12-9-6,栗東 本田,524,0,
202608030202,2026-04-26,京都,2,3歳未勝利,ダ,1800,右,晴,良,"3回 京都 2日目 サラ系３歳 未勝利       [指] 馬齢 15頭 本賞金:590,240,150,89,59万円",15,590.0,6,7,13,ゼンノスタニング,牡,3,54.0,▲森田,115.9,4,13,212.1,39.2,9-10-9-6,栗東 武幸,448,0,
202608030202,2026-04-26,京都,2,3歳未勝利,ダ,1800,右,晴,良,"3回 京都 2日目 サラ系３歳 未勝利       [指] 馬齢 15頭 本賞金:590,240,150,89,59万円",15,590.0,7,2,2,ミニュイ,牡,3,55.0,△田山,116.2,1.1/2,12,182.4,39.7,10-9-4-5,栗東 秋山,486,2,
202608030202,2026-04-26,京都,2,3歳未勝利,ダ,1800,右,晴,良,"3回 京都 2日目 サラ系３歳 未勝利       [指] 馬齢 15頭 本賞金:590,240,150,89,59万円",15,590.0,8,4,7,フォーオール,セ,3,57.0,横山典,116.5,1.3/4,5,16.7,40.3,2-2-2-8,栗東 昆,494,-10,
202608030202,2026-04-26,京都,2,3歳未勝利,ダ,1800,右,晴,良,"3回 京都 2日目 サラ系３歳 未勝利       [指] 馬齢 15頭 本賞金:590,240,150,89,59万円",15,590.0,9,5,9,ウィスピア,牡,3,57.0,秋山稔,116.5,アタマ,7,53.8,40.0,5-6-4-8,栗東 小林,484,-10,
202608030202,2026-04-26,京都,2,3歳未勝利,ダ,1800,右,晴,良,"3回 京都 2日目 サラ系３歳 未勝利       [指] 馬齢 15頭 本賞金:590,240,150,89,59万円",15,590.0,10,6,11,ヤマニンエラマ,牡,3,54.0,▲川端,116.8,1.3/4,9,120.2,40.1,13-13-9-8,栗東 四位,490,12,
202608030202,2026-04-26,京都,2,3歳未勝利,ダ,1800,右,晴,良,"3回 京都 2日目 サラ系３歳 未勝利       [指] 馬齢 15頭 本賞金:590,240,150,89,59万円",15,590.0,11,1,1,ゴールドコット,牡,3,57.0,角田和,116.8,クビ,11,135.3,39.8,10-10-13-14,栗東 田中克,460,0,
202608030202,2026-04-26,京都,2,3歳未勝利,ダ,1800,右,晴,良,"3回 京都 2日目 サラ系３歳 未勝利       [指] 馬齢 15頭 本賞金:590,240,150,89,59万円",15,590.0,12,3,4,ラヴィレット,牡,3,57.0,吉村,117.1,1.1/2,8,62.2,40.8,5-5-4-11,栗東 池江,564,-10,
202608030202,2026-04-26,京都,2,3歳未勝利,ダ,1800,右,晴,良,"3回 京都 2日目 サラ系３歳 未勝利       [指] 馬齢 15頭 本賞金:590,240,150,89,59万円",15,590.0,13,6,10,アンウェイバリング,牝,3,53.0,△柴田裕,117.1,クビ,15,694.7,39.9,14-14-14-11,栗東 羽月,408,6,
202608030202,2026-04-26,京都,2,3歳未勝利,ダ,1800,右,晴,良,"3回 京都 2日目 サラ系３歳 未勝利       [指] 馬齢 15頭 本賞金:590,240,150,89,59万円",15,590.0,14,5,8,オグナ,牡,3,57.0,丹内,117.7,3.1/2,10,129.1,41.1,8-6-9-11,栗東 鈴木孝,452,-14,
202608030202,2026-04-26,京都,2,3歳未勝利,ダ,1800,右,晴,良,"3回 京都 2日目 サラ系３歳 未勝利       [指] 馬齢 15頭 本賞金:590,240,150,89,59万円",15,590.0,,3,5,アタカミーム,牝,3,55.0,古川吉,,,14,261.7,,15-15,栗東 緒方,522,0,中止
202608030203,2026-04-26,京都,3,3歳未勝利,芝,1200,右,晴,良,"3回 京都 2日目 サラ系３歳 未勝利       (混)[指] 馬齢 18頭 本賞金:590,240,150,89,59万円",18,590.0,1,4,7,タナスーペルノーバ,牡,3,57.0,坂井,67.5,,5,10.5,33.9,2-2,栗東 寺島,460,-2,
202608030203,2026-04-26,京都,3,3歳未勝利,芝,1200,右,晴,良,"3回 京都 2日目 サラ系３歳 未勝利       (混)[指] 馬齢 18頭 本賞金:590,240,150,89,59万円",18,590.0,2,2,4,フルムーン,牡,3,57.0,高杉,67.7,1.1/2,3,4.5,33.8,5-5,栗東 藤岡健,468,2,
202608030203,2026-04-26,京都,3,3歳未勝利,芝,1200,右,晴,良,"3回 京都 2日目 サラ系３歳 未勝利       (混)[指] 馬齢 18頭 本賞金:590,240,150,89,59万円",18,590.0,3,7,13,コスモファーブロス,牝,3,55.0,戸崎圭,67.9,1,7,20.8,34.0,7-5,栗東 吉田,412,0,
202608030203,2026-04-26,京都,3,3歳未勝利,芝,1200,右,晴,良,"3回 京都 2日目 サラ系３歳 未勝利       (混)[指] 馬齢 18頭 本賞金:590,240,150,89,59万円",18,590.0,4,7,15,グレンセロース,牝,3,55.0,池添,68.0,1,6,14.7,33.4,12-12,栗東 池添,444,10,
202608030203,2026-04-26,京都,3,3歳未勝利,芝,1200,右,晴,良,"3回 京都 2日目 サラ系３歳 未勝利       (混)[指] 馬齢 18頭 本賞金:590,240,150,89,59万円",18,590.0,5,8,16,ヤマニンフェイエル,牡,3,57.0,岩田望,68.0,ハナ,1,3.6,33.9,8-8,栗東 中村,456,0,
202608030203,2026-04-26,京都,3,3歳未勝利,芝,1200,右,晴,良,"3回 京都 2日目 サラ系３歳 未勝利       (混)[指] 馬齢 18頭 本賞金:590,240,150,89,59万円",18,590.0,6,6,11,リネアベルタ,牝,3,55.0,岩田康,68.1,クビ,8,34.6,33.9,8-8,栗東 宮地,418,2,
202608030203,2026-04-26,京都,3,3歳未勝利,芝,1200,右,晴,良,"3回 京都 2日目 サラ系３歳 未勝利       (混)[指] 馬齢 18頭 本賞金:590,240,150,89,59万円",18,590.0,7,5,9,ミルトメテオ,牡,3,57.0,角田和,68.1,クビ,9,36.5,34.4,3-3,栗東 中竹,496,6,
202608030203,2026-04-26,京都,3,3歳未勝利,芝,1200,右,晴,良,"3回 京都 2日目 サラ系３歳 未勝利       (混)[指] 馬齢 18頭 本賞金:590,240,150,89,59万円",18,590.0,8,3,6,アンジュラフィーユ,牝,3,55.0,西村淳,68.1,ハナ,2,3.8,34.4,3-3,栗東 藤野,420,-6,
202608030203,2026-04-26,京都,3,3歳未勝利,芝,1200,右,晴,良,"3回 京都 2日目 サラ系３歳 未勝利       (混)[指] 馬齢 18頭 本賞金:590,240,150,89,59万円",18,590.0,9,4,8,アイク,牝,3,55.0,秋山稔,68.2,1/2,18,557.7,33.6,12-14,栗東 佐藤悠,426,-2,
202608030203,2026-04-26,京都,3,3歳未勝利,芝,1200,右,晴,良,"3回 京都 2日目 サラ系３歳 未勝利       (混)[指] 馬齢 18頭 本賞金:590,240,150,89,59万円",18,590.0,10,7,14,ディアーモルタル,牝,3,55.0,団野,68.3,1/2,15,151.4,33.8,11-10,栗東 宮本,422,0,
202608030203,2026-04-26,京都,3,3歳未勝利,芝,1200,右,晴,良,"3回 京都 2日目 サラ系３歳 未勝利       (混)[指] 馬齢 18頭 本賞金:590,240,150,89,59万円",18,590.0,11,1,2,サンアイディール,牝,3,53.0,△柴田裕,68.6,1.1/2,10,68.1,34.7,5-5,栗東 宮本,382,-2,
202608030203,2026-04-26,京都,3,3歳未勝利,芝,1200,右,晴,良,"3回 京都 2日目 サラ系３歳 未勝利       (混)[指] 馬齢 18頭 本賞金:590,240,150,89,59万円",18,590.0,12,1,1,ドラムメジャー,牝,3,55.0,鮫島駿,68.7,1/2,4,6.2,35.1,1-1,栗東 東田,486,4,
202608030203,2026-04-26,京都,3,3歳未勝利,芝,1200,右,晴,良,"3回 京都 2日目 サラ系３歳 未勝利       (混)[指] 馬齢 18頭 本賞金:590,240,150,89,59万円",18,590.0,13,3,5,マサハヤルージュ,牝,3,55.0,吉村,69.1,2.1/2,13,122.3,34.8,8-10,栗東 千田,424,6,
202608030203,2026-04-26,京都,3,3歳未勝利,芝,1200,右,晴,良,"3回 京都 2日目 サラ系３歳 未勝利       (混)[指] 馬齢 18頭 本賞金:590,240,150,89,59万円",18,590.0,14,2,3,キャンディーズ,牝,3,55.0,田口,69.3,1,12,99.0,34.8,12-12,栗東 四位,396,0,
202608030203,2026-04-26,京都,3,3歳未勝利,芝,1200,右,晴,良,"3回 京都 2日目 サラ系３歳 未勝利       (混)[指] 馬齢 18頭 本賞金:590,240,150,89,59万円",18,590.0,15,5,10,ペイシャプレイ,牝,3,55.0,北村友,69.3,クビ,11,77.2,34.1,17-17,栗東 加藤公,424,-4,
202608030203,2026-04-26,京都,3,3歳未勝利,芝,1200,右,晴,良,"3回 京都 2日目 サラ系３歳 未勝利       (混)[指] 馬齢 18頭 本賞金:590,240,150,89,59万円",18,590.0,16,8,17,アッセクシー,牝,3,53.0,◇今村,69.4,クビ,14,148.7,34.0,18-17,栗東 庄野,400,0,
202608030203,2026-04-26,京都,3,3歳未勝利,芝,1200,右,晴,良,"3回 京都 2日目 サラ系３歳 未勝利       (混)[指] 馬齢 18頭 本賞金:590,240,150,89,59万円",18,590.0,17,8,18,クレスコフェーヴ,牝,3,55.0,中井,69.5,3/4,17,510.9,34.6,15-15,栗東 羽月,406,10,
202608030203,2026-04-26,京都,3,3歳未勝利,芝,1200,右,晴,良,"3回 京都 2日目 サラ系３歳 未勝利       (混)[指] 馬齢 18頭 本賞金:590,240,150,89,59万円",18,590.0,18,6,12,ハンターワディー,牝,3,52.0,▲森田,69.7,1.1/2,16,357.8,34.7,15-16,栗東 野中,420,-6,
202608030204,2026-04-26,京都,4,4歳以上障害未勝利,障,2910,,晴,良,"3回 京都 2日目 障害４歳以上 未勝利       (混) 定量 14頭 本賞金:840,340,210,130,84万円",14,840.0,1,4,5,スノーディーヴァ,牝,5,57.0,▲水沼,200.0,,4,6.5,13.7,1-1-1-1,美浦 深山,460,0,
202608030204,2026-04-26,京都,4,4歳以上障害未勝利,障,2910,,晴,良,"3回 京都 2日目 障害４歳以上 未勝利       (混) 定量 14頭 本賞金:840,340,210,130,84万円",14,840.0,2,7,12,アバットゥータ,牡,4,59.0,小牧加,200.3,1.1/2,3,6.4,13.8,2-2-3-2,栗東 中竹,466,2,
202608030204,2026-04-26,京都,4,4歳以上障害未勝利,障,2910,,晴,良,"3回 京都 2日目 障害４歳以上 未勝利       (混) 定量 14頭 本賞金:840,340,210,130,84万円",14,840.0,3,5,8,クラウングスタフ,牡,5,57.0,▲ 坂口智,201.1,5,9,53.7,13.8,3-3-2-2,美浦 水野,520,2,
202608030204,2026-04-26,京都,4,4歳以上障害未勝利,障,2910,,晴,良,"3回 京都 2日目 障害４歳以上 未勝利       (混) 定量 14頭 本賞金:840,340,210,130,84万円",14,840.0,4,8,14,ライツフォル,牡,6,60.0,難波,201.4,2,5,7.4,13.8,8-8-5-5,栗東 高橋忠,500,4,
202608030204,2026-04-26,京都,4,4歳以上障害未勝利,障,2910,,晴,良,"3回 京都 2日目 障害４歳以上 未勝利       (混) 定量 14頭 本賞金:840,340,210,130,84万円",14,840.0,5,7,11,アルヴィア,牡,5,60.0,上野,201.6,1.1/4,10,109.3,13.9,11-11-8-6,美浦 和田雄,478,0,
202608030204,2026-04-26,京都,4,4歳以上障害未勝利,障,2910,,晴,良,"3回 京都 2日目 障害４歳以上 未勝利       (混) 定量 14頭 本賞金:840,340,210,130,84万円",14,840.0,6,1,1,アウスヴァール,セ,8,60.0,森一,201.9,1.1/2,6,9.2,13.9,9-9-8-10,栗東 昆,496,0,
202608030204,2026-04-26,京都,4,4歳以上障害未勝利,障,2910,,晴,良,"3回 京都 2日目 障害４歳以上 未勝利       (混) 定量 14頭 本賞金:840,340,210,130,84万円",14,840.0,7,3,3,フジフォンテ,セ,7,60.0,石神深,202.2,2,1,3.4,13.9,4-3-4-4,美浦 粕谷,468,-14,
202608030204,2026-04-26,京都,4,4歳以上障害未勝利,障,2910,,晴,良,"3回 京都 2日目 障害４歳以上 未勝利       (混) 定量 14頭 本賞金:840,340,210,130,84万円",14,840.0,8,3,4,アナザーエース,牡,6,57.0,▲井上,202.5,1.3/4,2,3.6,13.9,7-7-6-6,栗東 宮,528,2,
202608030204,2026-04-26,京都,4,4歳以上障害未勝利,障,2910,,晴,良,"3回 京都 2日目 障害４歳以上 未勝利       (混) 定量 14頭 本賞金:840,340,210,130,84万円",14,840.0,9,6,9,インターステラ,牡,4,59.0,江田勇,202.8,1.3/4,7,12.7,13.9,9-9-8-8,美浦 天間,474,-4,
202608030204,2026-04-26,京都,4,4歳以上障害未勝利,障,2910,,晴,良,"3回 京都 2日目 障害４歳以上 未勝利       (混) 定量 14頭 本賞金:840,340,210,130,84万円",14,840.0,10,5,7,ボールドハーテッド,牡,4,59.0,五十嵐,203.7,5,11,231.5,14.0,6-6-6-8,美浦 平岩,470,18,
202608030204,2026-04-26,京都,4,4歳以上障害未勝利,障,2910,,晴,良,"3回 京都 2日目 障害４歳以上 未勝利       (混) 定量 14頭 本賞金:840,340,210,130,84万円",14,840.0,11,8,13,スノーリン,セ,4,57.0,▲土田,209.9,大,14,331.1,14.4,13-13-12-11,美浦 和田雄,472,0,
202608030204,2026-04-26,京都,4,4歳以上障害未勝利,障,2910,,晴,良,"3回 京都 2日目 障害４歳以上 未勝利       (混) 定量 14頭 本賞金:840,340,210,130,84万円",14,840.0,12,2,2,ブライトライツ,セ,4,59.0,草野,210.5,3.1/2,13,247.5,14.5,12-12-11-11,美浦 秋本,436,0,
202608030204,2026-04-26,京都,4,4歳以上障害未勝利,障,2910,,晴,良,"3回 京都 2日目 障害４歳以上 未勝利       (混) 定量 14頭 本賞金:840,340,210,130,84万円",14,840.0,,4,6,ホウオウサンデー,牡,8,60.0,小野寺,,,8,45.1,,5-5,栗東 井上,478,8,中止
202608030204,2026-04-26,京都,4,4歳以上障害未勝利,障,2910,,晴,良,"3回 京都 2日目 障害４歳以上 未勝利       (混) 定量 14頭 本賞金:840,340,210,130,84万円",14,840.0,,6,10,ルーンファクター,牡,6,60.0,大江圭,,,12,239.8,,14,美浦 的場,464,2,中止
202608030205,2026-04-26,京都,5,3歳未勝利,芝,2000,右,晴,良,"3回 京都 2日目 サラ系３歳 未勝利       (混)[指] 馬齢 12頭 本賞金:590,240,150,89,59万円",12,590.0,1,6,8,ロングホリデー,牡,3,57.0,武豊,120.4,,3,4.3,35.7,7-7-6-8,栗東 茶木,464,4,
202608030205,2026-04-26,京都,5,3歳未勝利,芝,2000,右,晴,良,"3回 京都 2日目 サラ系３歳 未勝利       (混)[指] 馬齢 12頭 本賞金:590,240,150,89,59万円",12,590.0,2,7,9,フレアオブセンス,牡,3,57.0,西村淳,120.6,1.1/4,2,3.4,36.4,4-3-3-3,栗東 高野,472,-2,
202608030205,2026-04-26,京都,5,3歳未勝利,芝,2000,右,晴,良,"3回 京都 2日目 サラ系３歳 未勝利       (混)[指] 馬齢 12頭 本賞金:590,240,150,89,59万円",12,590.0,3,8,11,オンザムービー,牡,3,57.0,鮫島駿,120.6,ハナ,4,8.4,36.7,1-1-2-1,栗東 牧田,488,-10,
202608030205,2026-04-26,京都,5,3歳未勝利,芝,2000,右,晴,良,"3回 京都 2日目 サラ系３歳 未勝利       (混)[指] 馬齢 12頭 本賞金:590,240,150,89,59万円",12,590.0,4,3,3,ショウナンアワード,牡,3,57.0,田口,120.6,ハナ,6,14.5,35.7,7-9-9-9,栗東 東田,442,4,
202608030205,2026-04-26,京都,5,3歳未勝利,芝,2000,右,晴,良,"3回 京都 2日目 サラ系３歳 未勝利       (混)[指] 馬齢 12頭 本賞金:590,240,150,89,59万円",12,590.0,5,2,2,ブルーザー,牡,3,57.0,池添,120.8,1,5,9.5,36.2,5-5-6-5,栗東 池添,496,2,
202608030205,2026-04-26,京都,5,3歳未勝利,芝,2000,右,晴,良,"3回 京都 2日目 サラ系３歳 未勝利       (混)[指] 馬齢 12頭 本賞金:590,240,150,89,59万円",12,590.0,6,5,6,オーマイラッキーン,牝,3,55.0,丹内,120.9,クビ,9,58.6,36.7,3-3-4-3,栗東 高橋康,488,6,
202608030205,2026-04-26,京都,5,3歳未勝利,芝,2000,右,晴,良,"3回 京都 2日目 サラ系３歳 未勝利       (混)[指] 馬齢 12頭 本賞金:590,240,150,89,59万円",12,590.0,7,6,7,バックドラフト,牡,3,57.0,坂井,121.2,1.3/4,1,3.0,37.2,7-7-1-2,栗東 友道,460,0,
202608030205,2026-04-26,京都,5,3歳未勝利,芝,2000,右,晴,良,"3回 京都 2日目 サラ系３歳 未勝利       (混)[指] 馬齢 12頭 本賞金:590,240,150,89,59万円",12,590.0,8,5,5,チヨ,牝,3,51.0,△田山,121.3,3/4,11,154.6,36.4,10-10-9-9,栗東 鈴木孝,456,-4,
202608030205,2026-04-26,京都,5,3歳未勝利,芝,2000,右,晴,良,"3回 京都 2日目 サラ系３歳 未勝利       (混)[指] 馬齢 12頭 本賞金:590,240,150,89,59万円",12,590.0,9,8,12,バチラ,牡,3,55.0,◇今村,121.4,3/4,10,77.0,36.9,2-2-4-5,栗東 須貝,470,-2,
202608030205,2026-04-26,京都,5,3歳未勝利,芝,2000,右,晴,良,"3回 京都 2日目 サラ系３歳 未勝利       (混)[指] 馬齢 12頭 本賞金:590,240,150,89,59万円",12,590.0,10,1,1,ストラドーネ,牡,3,55.0,△柴田裕,121.5,アタマ,12,323.5,36.3,12-12-11-11,栗東 中竹,416,2,
202608030205,2026-04-26,京都,5,3歳未勝利,芝,2000,右,晴,良,"3回 京都 2日目 サラ系３歳 未勝利       (混)[指] 馬齢 12頭 本賞金:590,240,150,89,59万円",12,590.0,11,4,4,アングランパ,セ,3,57.0,角田和,121.6,3/4,8,54.1,36.3,11-11-11-12,栗東 田中克,488,-16,
202608030205,2026-04-26,京都,5,3歳未勝利,芝,2000,右,晴,良,"3回 京都 2日目 サラ系３歳 未勝利       (混)[指] 馬齢 12頭 本賞金:590,240,150,89,59万円",12,590.0,12,7,10,カヴァティーナ,牝,3,55.0,古川吉,121.6,クビ,7,21.3,37.0,5-5-6-5,栗東 大根田,432,-4,
202608030206,2026-04-26,京都,6,3歳1勝クラス,ダ,1400,右,晴,良,"3回 京都 2日目 サラ系３歳 １勝クラス       (混)(特指) 馬齢 11頭 本賞金:820,330,210,120,82万円",11,820.0,1,5,5,カナタコナタ,牡,3,57.0,高杉,84.2,,5,7.9,37.6,1-1,栗東 高橋一,490,6,
202608030206,2026-04-26,京都,6,3歳1勝クラス,ダ,1400,右,晴,良,"3回 京都 2日目 サラ系３歳 １勝クラス       (混)(特指) 馬齢 11頭 本賞金:820,330,210,120,82万円",11,820.0,2,7,8,ムテキシャチョウ,牡,3,57.0,団野,84.5,2,6,21.5,37.6,3-2,栗東 森秀,494,-6,
202608030206,2026-04-26,京都,6,3歳1勝クラス,ダ,1400,右,晴,良,"3回 京都 2日目 サラ系３歳 １勝クラス       (混)(特指) 馬齢 11頭 本賞金:820,330,210,120,82万円",11,820.0,3,6,7,タイセイジェイド,牡,3,57.0,戸崎圭,84.5,ハナ,3,5.5,37.4,4-4,栗東 矢作,484,-10,
202608030206,2026-04-26,京都,6,3歳1勝クラス,ダ,1400,右,晴,良,"3回 京都 2日目 サラ系３歳 １勝クラス       (混)(特指) 馬齢 11頭 本賞金:820,330,210,120,82万円",11,820.0,4,7,9,ワイズギャング,牝,3,55.0,古川吉,84.6,クビ,4,6.4,37.3,7-6,栗東 河嶋,446,2,
202608030206,2026-04-26,京都,6,3歳1勝クラス,ダ,1400,右,晴,良,"3回 京都 2日目 サラ系３歳 １勝クラス       (混)(特指) 馬齢 11頭 本賞金:820,330,210,120,82万円",11,820.0,5,2,2,フェスティヴドレス,牝,3,55.0,岩田望,84.9,1.3/4,1,2.7,37.3,11-9,栗東 岡田,464,2,
202608030206,2026-04-26,京都,6,3歳1勝クラス,ダ,1400,右,晴,良,"3回 京都 2日目 サラ系３歳 １勝クラス       (混)(特指) 馬齢 11頭 本賞金:820,330,210,120,82万円",11,820.0,6,8,10,ステライヴ,牝,3,55.0,西村淳,85.2,2,2,3.4,37.9,7-6,栗東 杉山晴,482,8,
202608030206,2026-04-26,京都,6,3歳1勝クラス,ダ,1400,右,晴,良,"3回 京都 2日目 サラ系３歳 １勝クラス       (混)(特指) 馬齢 11頭 本賞金:820,330,210,120,82万円",11,820.0,7,8,11,ナムラティアラ,牝,3,55.0,丹内,85.5,2,10,129.9,38.0,9-9,栗東 牧田,474,4,
202608030206,2026-04-26,京都,6,3歳1勝クラス,ダ,1400,右,晴,良,"3回 京都 2日目 サラ系３歳 １勝クラス       (混)(特指) 馬齢 11頭 本賞金:820,330,210,120,82万円",11,820.0,8,3,3,クリノセーラーマン,牡,3,57.0,田口,85.8,1.1/2,11,194.7,38.4,9-9,栗東 大橋,476,-9,
202608030206,2026-04-26,京都,6,3歳1勝クラス,ダ,1400,右,晴,良,"3回 京都 2日目 サラ系３歳 １勝クラス       (混)(特指) 馬齢 11頭 本賞金:820,330,210,120,82万円",11,820.0,9,4,4,ディープスリー,牡,3,57.0,吉村,87.2,9,9,67.1,40.2,4-4,栗東 小栗,512,0,
202608030206,2026-04-26,京都,6,3歳1勝クラス,ダ,1400,右,晴,良,"3回 京都 2日目 サラ系３歳 １勝クラス       (混)(特指) 馬齢 11頭 本賞金:820,330,210,120,82万円",11,820.0,10,1,1,セイウンバジリスク,牡,3,57.0,秋山稔,87.5,1.3/4,7,32.6,40.4,4-6,栗東 北出,512,6,
202608030206,2026-04-26,京都,6,3歳1勝クラス,ダ,1400,右,晴,良,"3回 京都 2日目 サラ系３歳 １勝クラス       (混)(特指) 馬齢 11頭 本賞金:820,330,210,120,82万円",11,820.0,11,6,6,イダテンシャチョウ,牡,3,57.0,松本,88.0,3.1/2,8,39.1,41.3,2-2,栗東 森秀,484,-4,
202608030207,2026-04-26,京都,7,4歳以上1勝クラス,芝,1800,右,晴,良,"3回 京都 2日目 サラ系４歳以上 １勝クラス       (混)[指] 定量 14頭 本賞金:820,330,210,120,82万円",14,820.0,1,7,12,エリカアンディーヴ,牝,4,56.0,北村友,104.9,,1,2.8,34.6,5-5,栗東 吉岡,500,2,
202608030207,2026-04-26,京都,7,4歳以上1勝クラス,芝,1800,右,晴,良,"3回 京都 2日目 サラ系４歳以上 １勝クラス       (混)[指] 定量 14頭 本賞金:820,330,210,120,82万円",14,820.0,2,7,11,デリュージョン,牡,4,58.0,浜中,105.0,クビ,5,12.6,34.7,5-5,栗東 奥村豊,464,-4,
202608030207,2026-04-26,京都,7,4歳以上1勝クラス,芝,1800,右,晴,良,"3回 京都 2日目 サラ系４歳以上 １勝クラス       (混)[指] 定量 14頭 本賞金:820,330,210,120,82万円",14,820.0,3,5,8,ハルフロンティア,牡,4,56.0,△田山,105.2,1.1/2,4,7.2,35.1,3-3,栗東 池添,510,2,
202608030207,2026-04-26,京都,7,4歳以上1勝クラス,芝,1800,右,晴,良,"3回 京都 2日目 サラ系４歳以上 １勝クラス       (混)[指] 定量 14頭 本賞金:820,330,210,120,82万円",14,820.0,4,3,3,サミダレナイツ,牡,4,58.0,岩田康,105.2,ハナ,2,4.5,35.3,1-1,栗東 谷,494,4,
202608030207,2026-04-26,京都,7,4歳以上1勝クラス,芝,1800,右,晴,良,"3回 京都 2日目 サラ系４歳以上 １勝クラス       (混)[指] 定量 14頭 本賞金:820,330,210,120,82万円",14,820.0,5,4,5,カーメルタザイト,牡,5,58.0,岩田望,105.3,クビ,3,6.4,34.7,10-10,栗東 安田,488,-2,
202608030207,2026-04-26,京都,7,4歳以上1勝クラス,芝,1800,右,晴,良,"3回 京都 2日目 サラ系４歳以上 １勝クラス       (混)[指] 定量 14頭 本賞金:820,330,210,120,82万円",14,820.0,6,5,7,ドーギッド,牝,4,56.0,坂井,105.3,クビ,6,13.3,34.4,13-12,栗東 矢作,472,12,
202608030207,2026-04-26,京都,7,4歳以上1勝クラス,芝,1800,右,晴,良,"3回 京都 2日目 サラ系４歳以上 １勝クラス       (混)[指] 定量 14頭 本賞金:820,330,210,120,82万円",14,820.0,7,8,13,メイショウヒュウガ,牡,6,58.0,国分優,105.6,1.1/2,14,223.0,35.1,7-7,栗東 安達,486,4,
202608030207,2026-04-26,京都,7,4歳以上1勝クラス,芝,1800,右,晴,良,"3回 京都 2日目 サラ系４歳以上 １勝クラス       (混)[指] 定量 14頭 本賞金:820,330,210,120,82万円",14,820.0,8,3,4,ビヨンドザドリーム,牡,6,58.0,加藤,105.6,クビ,11,44.8,35.0,10-10,栗東 小椋,450,6,
202608030207,2026-04-26,京都,7,4歳以上1勝クラス,芝,1800,右,晴,良,"3回 京都 2日目 サラ系４歳以上 １勝クラス       (混)[指] 定量 14頭 本賞金:820,330,210,120,82万円",14,820.0,9,2,2,エイトスターズ,牝,6,56.0,丹内,105.7,クビ,10,42.1,35.2,7-7,栗東 坂口,490,2,
202608030207,2026-04-26,京都,7,4歳以上1勝クラス,芝,1800,右,晴,良,"3回 京都 2日目 サラ系４歳以上 １勝クラス       (混)[指] 定量 14頭 本賞金:820,330,210,120,82万円",14,820.0,10,6,9,ダイシンラー,牡,4,58.0,古川吉,106.1,2.1/2,8,20.5,35.0,14-14,栗東 梅田,512,6,
202608030207,2026-04-26,京都,7,4歳以上1勝クラス,芝,1800,右,晴,良,"3回 京都 2日目 サラ系４歳以上 １勝クラス       (混)[指] 定量 14頭 本賞金:820,330,210,120,82万円",14,820.0,11,8,14,ルージュスティーズ,牝,4,56.0,団野,106.3,1.1/2,7,13.9,35.9,7-7,栗東 斉藤崇,484,-6,
202608030207,2026-04-26,京都,7,4歳以上1勝クラス,芝,1800,右,晴,良,"3回 京都 2日目 サラ系４歳以上 １勝クラス       (混)[指] 定量 14頭 本賞金:820,330,210,120,82万円",14,820.0,12,6,10,マサハヤヴォス,牡,5,58.0,田口,106.5,1.1/4,13,127.5,35.7,12-12,栗東 柴田,464,-6,
202608030207,2026-04-26,京都,7,4歳以上1勝クラス,芝,1800,右,晴,良,"3回 京都 2日目 サラ系４歳以上 １勝クラス       (混)[指] 定量 14頭 本賞金:820,330,210,120,82万円",14,820.0,13,4,6,フラワームーン,牝,4,56.0,角田和,106.7,1.1/4,12,101.9,36.7,4-3,栗東 小林,458,0,
202608030207,2026-04-26,京都,7,4歳以上1勝クラス,芝,1800,右,晴,良,"3回 京都 2日目 サラ系４歳以上 １勝クラス       (混)[指] 定量 14頭 本賞金:820,330,210,120,82万円",14,820.0,14,1,1,ギザキズラヴ,牝,4,56.0,鮫島駿,107.6,5,9,21.3,37.7,2-2,栗東 加藤公,464,0,
202608030208,2026-04-26,京都,8,4歳以上1勝クラス,ダ,1800,右,晴,良,"3回 京都 2日目 サラ系４歳以上 １勝クラス       (混)[指] 定量 15頭 本賞金:820,330,210,120,82万円",15,820.0,1,5,9,ニホンピロデヴィン,牡,4,58.0,田口,111.7,,8,23.2,37.5,2-2-2-2,栗東 緒方,454,-4,
202608030208,2026-04-26,京都,8,4歳以上1勝クラス,ダ,1800,右,晴,良,"3回 京都 2日目 サラ系４歳以上 １勝クラス       (混)[指] 定量 15頭 本賞金:820,330,210,120,82万円",15,820.0,2,2,2,メイショウクモイ,牡,6,56.0,△田山,112.4,4,5,11.9,37.9,4-4-4-3,栗東 飯田,476,-2,
202608030208,2026-04-26,京都,8,4歳以上1勝クラス,ダ,1800,右,晴,良,"3回 京都 2日目 サラ系４歳以上 １勝クラス       (混)[指] 定量 15頭 本賞金:820,330,210,120,82万円",15,820.0,3,8,15,メイショウコナン,牡,5,58.0,団野,112.8,2.1/2,7,22.2,37.9,8-7-6-5,栗東 荒川,526,24,
202608030208,2026-04-26,京都,8,4歳以上1勝クラス,ダ,1800,右,晴,良,"3回 京都 2日目 サラ系４歳以上 １勝クラス       (混)[指] 定量 15頭 本賞金:820,330,210,120,82万円",15,820.0,4,7,13,ジーティーアメリカ,牡,4,58.0,北村友,113.0,1.1/2,3,5.3,37.9,6-7-8-8,栗東 吉岡,546,-4,
202608030208,2026-04-26,京都,8,4歳以上1勝クラス,ダ,1800,右,晴,良,"3回 京都 2日目 サラ系４歳以上 １勝クラス       (混)[指] 定量 15頭 本賞金:820,330,210,120,82万円",15,820.0,5,2,3,エイユーファイヤー,牡,4,58.0,岩田望,113.1,1/2,2,4.5,38.4,4-4-4-5,栗東 森田,492,-2,
202608030208,2026-04-26,京都,8,4歳以上1勝クラス,ダ,1800,右,晴,良,"3回 京都 2日目 サラ系４歳以上 １勝クラス       (混)[指] 定量 15頭 本賞金:820,330,210,120,82万円",15,820.0,6,5,8,チャチャピンク,牡,4,58.0,秋山稔,113.2,クビ,11,53.5,37.9,12-12-13-11,栗東 北出,472,0,
202608030208,2026-04-26,京都,8,4歳以上1勝クラス,ダ,1800,右,晴,良,"3回 京都 2日目 サラ系４歳以上 １勝クラス       (混)[指] 定量 15頭 本賞金:820,330,210,120,82万円",15,820.0,7,3,4,サマーナイト,牡,4,58.0,高杉,113.2,クビ,4,6.7,38.3,6-6-6-5,栗東 寺島,490,-2,
202608030208,2026-04-26,京都,8,4歳以上1勝クラス,ダ,1800,右,晴,良,"3回 京都 2日目 サラ系４歳以上 １勝クラス       (混)[指] 定量 15頭 本賞金:820,330,210,120,82万円",15,820.0,8,6,10,ホウオウバローロ,牡,5,58.0,戸崎圭,113.5,1.3/4,6,12.3,39.1,3-3-3-3,栗東 前川,474,2,
202608030208,2026-04-26,京都,8,4歳以上1勝クラス,ダ,1800,右,晴,良,"3回 京都 2日目 サラ系４歳以上 １勝クラス       (混)[指] 定量 15頭 本賞金:820,330,210,120,82万円",15,820.0,9,7,12,ブラックタロー,牡,4,58.0,浜中,113.7,3/4,13,57.6,38.4,11-11-11-11,栗東 鈴木孝,494,-2,
202608030208,2026-04-26,京都,8,4歳以上1勝クラス,ダ,1800,右,晴,良,"3回 京都 2日目 サラ系４歳以上 １勝クラス       (混)[指] 定量 15頭 本賞金:820,330,210,120,82万円",15,820.0,10,4,7,ガーデンカメリア,牝,5,56.0,丹内,113.9,1.1/4,10,27.3,38.0,14-15-14-14,栗東 佐藤悠,470,4,
202608030208,2026-04-26,京都,8,4歳以上1勝クラス,ダ,1800,右,晴,良,"3回 京都 2日目 サラ系４歳以上 １勝クラス       (混)[指] 定量 15頭 本賞金:820,330,210,120,82万円",15,820.0,11,3,5,ミラクルブルー,牡,4,58.0,角田和,113.9,クビ,14,114.8,38.8,10-10-9-8,栗東 小林,496,12,
202608030208,2026-04-26,京都,8,4歳以上1勝クラス,ダ,1800,右,晴,良,"3回 京都 2日目 サラ系４歳以上 １勝クラス       (混)[指] 定量 15頭 本賞金:820,330,210,120,82万円",15,820.0,12,4,6,サントモナルカ,牡,4,58.0,吉村,113.9,クビ,12,56.7,38.8,9-9-11-8,栗東 平田,462,3,
202608030208,2026-04-26,京都,8,4歳以上1勝クラス,ダ,1800,右,晴,良,"3回 京都 2日目 サラ系４歳以上 １勝クラス       (混)[指] 定量 15頭 本賞金:820,330,210,120,82万円",15,820.0,13,8,14,クレスコドルフィン,牡,4,58.0,中井,114.3,2.1/2,15,128.9,39.0,12-13-9-13,栗東 羽月,530,8,
202608030208,2026-04-26,京都,8,4歳以上1勝クラス,ダ,1800,右,晴,良,"3回 京都 2日目 サラ系４歳以上 １勝クラス       (混)[指] 定量 15頭 本賞金:820,330,210,120,82万円",15,820.0,14,1,1,ソングコレクター,牝,4,56.0,鮫島駿,115.1,5,9,26.5,41.0,1-1-1-1,栗東 加藤公,494,6,
202608030208,2026-04-26,京都,8,4歳以上1勝クラス,ダ,1800,右,晴,良,"3回 京都 2日目 サラ系４歳以上 １勝クラス       (混)[指] 定量 15頭 本賞金:820,330,210,120,82万円",15,820.0,15,6,11,カンピドリオ,牡,4,58.0,西村淳,115.6,2.1/2,1,3.3,39.6,14-13-14-15,栗東 中内田,488,10,
202608030209,2026-04-26,京都,9,比良山特別,芝,2200,右,晴,良,"3回 京都 2日目 サラ系４歳以上 ２勝クラス       (混)[指] ハンデ 11頭 本賞金:1580,630,400,240,158万円",11,1580.0,1,1,1,オメガナビゲーター,セ,5,56.0,鮫島駿,131.4,,5,8.6,34.8,2-2-2-2,栗東 安田,496,-6,
202608030209,2026-04-26,京都,9,比良山特別,芝,2200,右,晴,良,"3回 京都 2日目 サラ系４歳以上 ２勝クラス       (混)[指] ハンデ 11頭 本賞金:1580,630,400,240,158万円",11,1580.0,2,7,8,アスクコモンタレヴ,牡,4,56.0,武豊,131.5,1,2,3.1,33.8,9-9-9-8,栗東 梅田,472,-2,
202608030209,2026-04-26,京都,9,比良山特別,芝,2200,右,晴,良,"3回 京都 2日目 サラ系４歳以上 ２勝クラス       (混)[指] ハンデ 11頭 本賞金:1580,630,400,240,158万円",11,1580.0,3,6,6,エルディアブロ,牡,8,54.0,団野,131.6,1/2,8,46.1,34.7,4-4-5-5,栗東 宮地,456,0,
202608030209,2026-04-26,京都,9,比良山特別,芝,2200,右,晴,良,"3回 京都 2日目 サラ系４歳以上 ２勝クラス       (混)[指] ハンデ 11頭 本賞金:1580,630,400,240,158万円",11,1580.0,4,2,2,ピックデムッシュ,牡,4,58.0,戸崎圭,131.8,1.1/4,1,2.9,35.2,4-5-3-4,美浦 鹿戸,458,-2,
202608030209,2026-04-26,京都,9,比良山特別,芝,2200,右,晴,良,"3回 京都 2日目 サラ系４歳以上 ２勝クラス       (混)[指] ハンデ 11頭 本賞金:1580,630,400,240,158万円",11,1580.0,5,8,11,ニュークレド,牡,4,55.0,西村淳,131.8,ハナ,4,6.1,34.4,7-7-7-7,栗東 石坂,440,0,
202608030209,2026-04-26,京都,9,比良山特別,芝,2200,右,晴,良,"3回 京都 2日目 サラ系４歳以上 ２勝クラス       (混)[指] ハンデ 11頭 本賞金:1580,630,400,240,158万円",11,1580.0,6,3,3,アルベリック,牡,5,54.0,柴田裕,132.2,2.1/2,9,94.0,34.5,8-8-8-8,栗東 中竹,484,-2,
202608030209,2026-04-26,京都,9,比良山特別,芝,2200,右,晴,良,"3回 京都 2日目 サラ系４歳以上 ２勝クラス       (混)[指] ハンデ 11頭 本賞金:1580,630,400,240,158万円",11,1580.0,7,8,10,リッチブラック,牡,7,53.0,吉村,132.4,1,10,132.2,37.4,1-1-1-1,栗東 西村,458,-8,
202608030209,2026-04-26,京都,9,比良山特別,芝,2200,右,晴,良,"3回 京都 2日目 サラ系４歳以上 ２勝クラス       (混)[指] ハンデ 11頭 本賞金:1580,630,400,240,158万円",11,1580.0,8,7,9,フォーキャンドルズ,牡,4,55.0,太宰,132.4,クビ,7,39.5,34.5,10-10-11-10,栗東 本田,502,-4,
202608030209,2026-04-26,京都,9,比良山特別,芝,2200,右,晴,良,"3回 京都 2日目 サラ系４歳以上 ２勝クラス       (混)[指] ハンデ 11頭 本賞金:1580,630,400,240,158万円",11,1580.0,9,6,7,プレイリードリーム,牡,10,53.0,田山,132.5,クビ,11,198.1,34.6,10-10-10-10,栗東 安達,466,-2,
202608030209,2026-04-26,京都,9,比良山特別,芝,2200,右,晴,良,"3回 京都 2日目 サラ系４歳以上 ２勝クラス       (混)[指] ハンデ 11頭 本賞金:1580,630,400,240,158万円",11,1580.0,10,4,4,ジェットブレード,牡,4,55.0,岩田康,132.6,1,6,13.8,36.1,3-3-3-2,美浦 青木,500,-2,
202608030209,2026-04-26,京都,9,比良山特別,芝,2200,右,晴,良,"3回 京都 2日目 サラ系４歳以上 ２勝クラス       (混)[指] ハンデ 11頭 本賞金:1580,630,400,240,158万円",11,1580.0,11,5,5,ロールザダイス,セ,4,55.0,岩田望,133.3,4,3,5.7,36.1,6-6-6-6,栗東 池江,468,8,
202608030210,2026-04-26,京都,10,センテニアルパークS,芝,1800,右,曇,良,"3回 京都 2日目 サラ系４歳以上 ３勝クラス       (混)[指] ハンデ 18頭 本賞金:1870,750,470,280,187万円",18,1870.0,1,3,5,イガッチ,牡,4,55.0,浜中,103.7,,5,18.5,34.1,3-4,栗東 笹田,478,2,
202608030210,2026-04-26,京都,10,センテニアルパークS,芝,1800,右,曇,良,"3回 京都 2日目 サラ系４歳以上 ３勝クラス       (混)[指] ハンデ 18頭 本賞金:1870,750,470,280,187万円",18,1870.0,2,8,17,ネブラディスク,牡,4,57.0,岩田望,103.8,3/4,1,2.0,34.0,12-8,栗東 福永,452,4,
202608030210,2026-04-26,京都,10,センテニアルパークS,芝,1800,右,曇,良,"3回 京都 2日目 サラ系４歳以上 ３勝クラス       (混)[指] ハンデ 18頭 本賞金:1870,750,470,280,187万円",18,1870.0,3,1,2,ミスタージーティー,牡,5,57.0,坂井,104.1,1.1/2,11,34.4,34.3,6-8,栗東 矢作,476,-4,
202608030210,2026-04-26,京都,10,センテニアルパークS,芝,1800,右,曇,良,"3回 京都 2日目 サラ系４歳以上 ３勝クラス       (混)[指] ハンデ 18頭 本賞金:1870,750,470,280,187万円",18,1870.0,4,5,10,マトラコーニッシュ,牝,4,53.0,池添,104.1,アタマ,8,31.9,34.1,10-11,栗東 池添,434,6,
202608030210,2026-04-26,京都,10,センテニアルパークS,芝,1800,右,曇,良,"3回 京都 2日目 サラ系４歳以上 ３勝クラス       (混)[指] ハンデ 18頭 本賞金:1870,750,470,280,187万円",18,1870.0,5,2,4,レディーミコノス,牝,4,54.0,高杉,104.1,クビ,4,11.1,34.4,3-6,栗東 寺島,468,-2,
202608030210,2026-04-26,京都,10,センテニアルパークS,芝,1800,右,曇,良,"3回 京都 2日目 サラ系４歳以上 ３勝クラス       (混)[指] ハンデ 18頭 本賞金:1870,750,470,280,187万円",18,1870.0,6,2,3,キングメーカー,牡,4,55.0,武豊,104.2,クビ,9,32.8,33.6,18-17,栗東 須貝,486,10,
202608030210,2026-04-26,京都,10,センテニアルパークS,芝,1800,右,曇,良,"3回 京都 2日目 サラ系４歳以上 ３勝クラス       (混)[指] ハンデ 18頭 本賞金:1870,750,470,280,187万円",18,1870.0,7,7,13,チェルノボーグ,セ,7,57.0,西村淳,104.2,ハナ,7,23.8,34.7,3-2,栗東 藤原,480,-8,
202608030210,2026-04-26,京都,10,センテニアルパークS,芝,1800,右,曇,良,"3回 京都 2日目 サラ系４歳以上 ３勝クラス       (混)[指] ハンデ 18頭 本賞金:1870,750,470,280,187万円",18,1870.0,8,4,7,ハギノアルデバラン,牡,6,55.0,丹内,104.2,ハナ,12,49.9,33.7,15-17,栗東 佐藤悠,504,-4,
202608030210,2026-04-26,京都,10,センテニアルパークS,芝,1800,右,曇,良,"3回 京都 2日目 サラ系４歳以上 ３勝クラス       (混)[指] ハンデ 18頭 本賞金:1870,750,470,280,187万円",18,1870.0,9,8,16,プッシュオン,牡,6,56.0,団野,104.3,クビ,14,57.1,34.2,14-11,栗東 西村,460,0,
202608030210,2026-04-26,京都,10,センテニアルパークS,芝,1800,右,曇,良,"3回 京都 2日目 サラ系４歳以上 ３勝クラス       (混)[指] ハンデ 18頭 本賞金:1870,750,470,280,187万円",18,1870.0,10,1,1,ミッキーツインクル,牝,6,55.0,中井,104.3,ハナ,13,52.1,34.3,9-8,栗東 中内田,480,6,
202608030210,2026-04-26,京都,10,センテニアルパークS,芝,1800,右,曇,良,"3回 京都 2日目 サラ系４歳以上 ３勝クラス       (混)[指] ハンデ 18頭 本賞金:1870,750,470,280,187万円",18,1870.0,11,6,11,レイニング,牡,4,57.0,戸崎圭,104.3,ハナ,2,5.0,34.0,15-15,美浦 森一,466,-6,
202608030210,2026-04-26,京都,10,センテニアルパークS,芝,1800,右,曇,良,"3回 京都 2日目 サラ系４歳以上 ３勝クラス       (混)[指] ハンデ 18頭 本賞金:1870,750,470,280,187万円",18,1870.0,12,5,9,テーオーダグラス,牡,5,55.0,田山,104.4,1/2,17,133.1,34.2,10-13,栗東 須貝,488,-8,
202608030210,2026-04-26,京都,10,センテニアルパークS,芝,1800,右,曇,良,"3回 京都 2日目 サラ系４歳以上 ３勝クラス       (混)[指] ハンデ 18頭 本賞金:1870,750,470,280,187万円",18,1870.0,13,7,14,ミナデオロ,牡,5,57.0,松本,104.4,アタマ,6,23.7,34.7,6-6,栗東 藤原,520,-4,
202608030210,2026-04-26,京都,10,センテニアルパークS,芝,1800,右,曇,良,"3回 京都 2日目 サラ系４歳以上 ３勝クラス       (混)[指] ハンデ 18頭 本賞金:1870,750,470,280,187万円",18,1870.0,14,4,8,ジェットマグナム,牡,4,54.0,鮫島駿,104.4,ハナ,16,127.4,35.0,1-1,栗東 安達,496,-6,
202608030210,2026-04-26,京都,10,センテニアルパークS,芝,1800,右,曇,良,"3回 京都 2日目 サラ系４歳以上 ３勝クラス       (混)[指] ハンデ 18頭 本賞金:1870,750,470,280,187万円",18,1870.0,15,3,6,ルクスビッグスター,牡,6,55.0,古川吉,104.5,1/2,18,242.5,34.2,12-13,栗東 清水久,482,0,
202608030210,2026-04-26,京都,10,センテニアルパークS,芝,1800,右,曇,良,"3回 京都 2日目 サラ系４歳以上 ３勝クラス       (混)[指] ハンデ 18頭 本賞金:1870,750,470,280,187万円",18,1870.0,16,8,18,ショウナンラピダス,牡,5,57.0,岩田康,104.7,1.1/4,10,33.7,35.2,6-4,美浦 加藤士,502,0,
202608030210,2026-04-26,京都,10,センテニアルパークS,芝,1800,右,曇,良,"3回 京都 2日目 サラ系４歳以上 ３勝クラス       (混)[指] ハンデ 18頭 本賞金:1870,750,470,280,187万円",18,1870.0,17,6,12,アラベラ,牝,4,54.0,北村友,104.9,1.1/4,3,8.4,34.6,17-15,栗東 上村,450,2,
202608030210,2026-04-26,京都,10,センテニアルパークS,芝,1800,右,曇,良,"3回 京都 2日目 サラ系４歳以上 ３勝クラス       (混)[指] ハンデ 18頭 本賞金:1870,750,470,280,187万円",18,1870.0,18,7,15,スズカダブル,牡,6,56.0,吉村,104.9,クビ,15,75.0,35.5,2-2,栗東 西村,508,0,
202608030211,2026-04-26,京都,11,マイラーズC,芝,1600,右,曇,良,"3回 京都 2日目 サラ系４歳以上 オープン       (国際)(指) 別定 18頭 本賞金:5900,2400,1500,890,590万円",18,5900.0,1,5,9,アドマイヤズーム,牡,4,57.0,武豊,91.7,,1,4.1,33.3,2-2,栗東 友道,482,8,
202608030211,2026-04-26,京都,11,マイラーズC,芝,1600,右,曇,良,"3回 京都 2日目 サラ系４歳以上 オープン       (国際)(指) 別定 18頭 本賞金:5900,2400,1500,890,590万円",18,5900.0,2,1,1,ドラゴンブースト,牡,4,57.0,丹内,91.8,1/2,9,20.4,33.0,6-8,栗東 藤野,474,-6,
202608030211,2026-04-26,京都,11,マイラーズC,芝,1600,右,曇,良,"3回 京都 2日目 サラ系４歳以上 オープン       (国際)(指) 別定 18頭 本賞金:5900,2400,1500,890,590万円",18,5900.0,3,4,7,ベラジオボンド,牡,5,57.0,北村友,91.8,ハナ,5,8.3,33.2,3-3,栗東 上村,498,4,
202608030211,2026-04-26,京都,11,マイラーズC,芝,1600,右,曇,良,"3回 京都 2日目 サラ系４歳以上 オープン       (国際)(指) 別定 18頭 本賞金:5900,2400,1500,890,590万円",18,5900.0,4,3,5,ショウナンアデイブ,牡,7,57.0,池添,91.9,1/2,13,84.5,33.6,1-1,栗東 高野,530,12,
202608030211,2026-04-26,京都,11,マイラーズC,芝,1600,右,曇,良,"3回 京都 2日目 サラ系４歳以上 オープン       (国際)(指) 別定 18頭 本賞金:5900,2400,1500,890,590万円",18,5900.0,5,1,2,オフトレイル,牡,5,58.0,岩田望,91.9,ハナ,2,4.2,32.9,12-10,栗東 吉村,466,0,
202608030211,2026-04-26,京都,11,マイラーズC,芝,1600,右,曇,良,"3回 京都 2日目 サラ系４歳以上 オープン       (国際)(指) 別定 18頭 本賞金:5900,2400,1500,890,590万円",18,5900.0,6,6,12,ファーヴェント,牡,5,57.0,坂井,92.0,1/2,7,17.9,33.5,3-3,栗東 藤原,514,0,
202608030211,2026-04-26,京都,11,マイラーズC,芝,1600,右,曇,良,"3回 京都 2日目 サラ系４歳以上 オープン       (国際)(指) 別定 18頭 本賞金:5900,2400,1500,890,590万円",18,5900.0,7,8,16,シックスペンス,牡,5,57.0,戸崎圭,92.1,1/2,4,7.8,33.3,9-8,美浦 田中博,500,-14,
202608030211,2026-04-26,京都,11,マイラーズC,芝,1600,右,曇,良,"3回 京都 2日目 サラ系４歳以上 オープン       (国際)(指) 別定 18頭 本賞金:5900,2400,1500,890,590万円",18,5900.0,8,8,17,エルトンバローズ,牡,6,57.0,西村淳,92.1,ハナ,6,12.1,33.6,3-3,栗東 杉山晴,522,4,
202608030211,2026-04-26,京都,11,マイラーズC,芝,1600,右,曇,良,"3回 京都 2日目 サラ系４歳以上 オープン       (国際)(指) 別定 18頭 本賞金:5900,2400,1500,890,590万円",18,5900.0,9,4,8,シャンパンカラー,牡,6,58.0,岩田康,92.1,クビ,11,38.9,33.4,6-6,美浦 田中剛,516,0,
202608030211,2026-04-26,京都,11,マイラーズC,芝,1600,右,曇,良,"3回 京都 2日目 サラ系４歳以上 オープン       (国際)(指) 別定 18頭 本賞金:5900,2400,1500,890,590万円",18,5900.0,10,6,11,キョウエイブリッサ,牡,6,57.0,田山,92.1,アタマ,17,287.9,32.8,17-16,美浦 武市,486,6,
202608030211,2026-04-26,京都,11,マイラーズC,芝,1600,右,曇,良,"3回 京都 2日目 サラ系４歳以上 オープン       (国際)(指) 別定 18頭 本賞金:5900,2400,1500,890,590万円",18,5900.0,11,8,18,ランスオブカオス,牡,4,57.0,吉村,92.1,アタマ,8,18.4,33.4,6-6,栗東 奥村豊,494,-6,
202608030211,2026-04-26,京都,11,マイラーズC,芝,1600,右,曇,良,"3回 京都 2日目 サラ系４歳以上 オープン       (国際)(指) 別定 18頭 本賞金:5900,2400,1500,890,590万円",18,5900.0,12,3,6,ブエナオンダ,牡,5,57.0,田口,92.2,クビ,10,38.3,33.0,15-15,栗東 須貝,458,-2,
202608030211,2026-04-26,京都,11,マイラーズC,芝,1600,右,曇,良,"3回 京都 2日目 サラ系４歳以上 オープン       (国際)(指) 別定 18頭 本賞金:5900,2400,1500,890,590万円",18,5900.0,13,5,10,ウォーターリヒト,牡,5,57.0,高杉,92.2,クビ,3,5.4,33.2,12-14,栗東 石橋,478,4,
202608030211,2026-04-26,京都,11,マイラーズC,芝,1600,右,曇,良,"3回 京都 2日目 サラ系４歳以上 オープン       (国際)(指) 別定 18頭 本賞金:5900,2400,1500,890,590万円",18,5900.0,14,2,4,クルゼイロドスル,牡,6,57.0,太宰,92.2,ハナ,12,70.6,32.9,15-16,栗東 高橋忠,502,-2,
202608030211,2026-04-26,京都,11,マイラーズC,芝,1600,右,曇,良,"3回 京都 2日目 サラ系４歳以上 オープン       (国際)(指) 別定 18頭 本賞金:5900,2400,1500,890,590万円",18,5900.0,15,2,3,ファインライン,牡,5,57.0,鮫島駿,92.3,1/2,15,143.9,33.3,10-10,栗東 松永幹,486,-8,
202608030211,2026-04-26,京都,11,マイラーズC,芝,1600,右,曇,良,"3回 京都 2日目 サラ系４歳以上 オープン       (国際)(指) 別定 18頭 本賞金:5900,2400,1500,890,590万円",18,5900.0,16,7,13,アサヒ,牡,7,57.0,松本,92.5,1.1/2,18,294.5,33.0,18-18,美浦 金成,512,8,
202608030211,2026-04-26,京都,11,マイラーズC,芝,1600,右,曇,良,"3回 京都 2日目 サラ系４歳以上 オープン       (国際)(指) 別定 18頭 本賞金:5900,2400,1500,890,590万円",18,5900.0,17,7,15,マテンロウスカイ,セ,7,57.0,横山典,92.6,クビ,14,140.5,33.7,10-10,栗東 松永幹,488,4,
202608030211,2026-04-26,京都,11,マイラーズC,芝,1600,右,曇,良,"3回 京都 2日目 サラ系４歳以上 オープン       (国際)(指) 別定 18頭 本賞金:5900,2400,1500,890,590万円",18,5900.0,18,7,14,ロングラン,セ,8,58.0,団野,92.6,クビ,16,153.6,33.7,12-10,美浦 和田勇,474,-8,
202608030212,2026-04-26,京都,12,4歳以上2勝クラス,ダ,1800,右,曇,良,"3回 京都 2日目 サラ系４歳以上 ２勝クラス       (混)[指] 定量 14頭 本賞金:1190,480,300,180,119万円",14,1190.0,1,4,6,ストップヤーニング,牡,4,58.0,高杉,111.0,,4,6.0,37.4,6-4-6-3,栗東 羽月,440,-4,
202608030212,2026-04-26,京都,12,4歳以上2勝クラス,ダ,1800,右,曇,良,"3回 京都 2日目 サラ系４歳以上 ２勝クラス       (混)[指] 定量 14頭 本賞金:1190,480,300,180,119万円",14,1190.0,2,7,12,ゼンエスポワール,牡,4,58.0,横山典,111.7,4,2,4.7,37.7,6-7-8-7,栗東 飯田,510,-6,
202608030212,2026-04-26,京都,12,4歳以上2勝クラス,ダ,1800,右,曇,良,"3回 京都 2日目 サラ系４歳以上 ２勝クラス       (混)[指] 定量 14頭 本賞金:1190,480,300,180,119万円",14,1190.0,3,3,3,アークドール,牡,5,58.0,武豊,112.0,1.3/4,3,5.9,37.4,12-13-13-10,栗東 松永幹,446,-6,
202608030212,2026-04-26,京都,12,4歳以上2勝クラス,ダ,1800,右,曇,良,"3回 京都 2日目 サラ系４歳以上 ２勝クラス       (混)[指] 定量 14頭 本賞金:1190,480,300,180,119万円",14,1190.0,4,6,9,ライノ,セ,4,58.0,西村淳,112.2,1.1/4,1,3.5,38.7,4-4-5-5,栗東 高野,520,-2,
202608030212,2026-04-26,京都,12,4歳以上2勝クラス,ダ,1800,右,曇,良,"3回 京都 2日目 サラ系４歳以上 ２勝クラス       (混)[指] 定量 14頭 本賞金:1190,480,300,180,119万円",14,1190.0,5,5,8,タガノヘラクレス,牡,5,58.0,岩田望,112.2,ハナ,6,11.5,39.2,2-2-2-2,栗東 千田,508,-12,
202608030212,2026-04-26,京都,12,4歳以上2勝クラス,ダ,1800,右,曇,良,"3回 京都 2日目 サラ系４歳以上 ２勝クラス       (混)[指] 定量 14頭 本賞金:1190,480,300,180,119万円",14,1190.0,6,4,5,メイショウオオコ,牡,5,58.0,丹内,112.2,ハナ,13,92.2,37.3,14-14-14-14,栗東 荒川,474,-2,
202608030212,2026-04-26,京都,12,4歳以上2勝クラス,ダ,1800,右,曇,良,"3回 京都 2日目 サラ系４歳以上 ２勝クラス       (混)[指] 定量 14頭 本賞金:1190,480,300,180,119万円",14,1190.0,7,1,1,キングオブフジ,牡,5,58.0,中井,112.3,3/4,12,88.1,37.9,12-12-12-12,栗東 角田,502,-20,
202608030212,2026-04-26,京都,12,4歳以上2勝クラス,ダ,1800,右,曇,良,"3回 京都 2日目 サラ系４歳以上 ２勝クラス       (混)[指] 定量 14頭 本賞金:1190,480,300,180,119万円",14,1190.0,8,2,2,テイエムパイロット,牡,4,56.0,△柴田裕,112.3,ハナ,5,9.9,38.2,10-9-9-10,栗東 秋山,500,-4,
202608030212,2026-04-26,京都,12,4歳以上2勝クラス,ダ,1800,右,曇,良,"3回 京都 2日目 サラ系４歳以上 ２勝クラス       (混)[指] 定量 14頭 本賞金:1190,480,300,180,119万円",14,1190.0,9,6,10,ショーダンサー,牡,4,58.0,古川吉,112.5,1.1/4,7,12.1,38.9,8-8-6-7,栗東 大根田,440,0,
202608030212,2026-04-26,京都,12,4歳以上2勝クラス,ダ,1800,右,曇,良,"3回 京都 2日目 サラ系４歳以上 ２勝クラス       (混)[指] 定量 14頭 本賞金:1190,480,300,180,119万円",14,1190.0,10,7,11,クリノフィガロ,牡,5,58.0,田口,112.6,1/2,9,43.1,38.4,9-9-9-9,栗東 荒川,504,-10,
202608030212,2026-04-26,京都,12,4歳以上2勝クラス,ダ,1800,右,曇,良,"3回 京都 2日目 サラ系４歳以上 ２勝クラス       (混)[指] 定量 14頭 本賞金:1190,480,300,180,119万円",14,1190.0,11,3,4,スマートシーカー,牡,4,58.0,吉村,112.6,ハナ,10,44.4,38.3,10-9-11-12,栗東 吉村,476,2,
202608030212,2026-04-26,京都,12,4歳以上2勝クラス,ダ,1800,右,曇,良,"3回 京都 2日目 サラ系４歳以上 ２勝クラス       (混)[指] 定量 14頭 本賞金:1190,480,300,180,119万円",14,1190.0,12,8,14,グレイルクエスト,牡,4,58.0,鮫島駿,112.9,1.1/2,8,16.3,39.7,2-3-2-3,栗東 小栗,496,-2,
202608030212,2026-04-26,京都,12,4歳以上2勝クラス,ダ,1800,右,曇,良,"3回 京都 2日目 サラ系４歳以上 ２勝クラス       (混)[指] 定量 14頭 本賞金:1190,480,300,180,119万円",14,1190.0,13,8,13,トラヴェリンバンド,牡,4,58.0,団野,113.0,3/4,11,49.5,39.6,4-4-4-5,栗東 西村,478,4,
202608030212,2026-04-26,京都,12,4歳以上2勝クラス,ダ,1800,右,曇,良,"3回 京都 2日目 サラ系４歳以上 ２勝クラス       (混)[指] 定量 14頭 本賞金:1190,480,300,180,119万円",14,1190.0,14,5,7,シホノペルフェット,牡,4,56.0,◇今村,113.9,5,14,163.8,41.0,1-1-1-1,栗東 寺島,516,4,
